#ifndef _51055_S2_FIRMWARE_
#define _51055_S2_FIRMWARE_
#define NVT_51055_SRAM_ADDR               0xF07C00000
#define NVT_51055_S2_FIRMWARE_LEN         0xa000
unsigned int s2_51055_firmware[] = {
0x00000000,
0x00000000,
0x00000000,
0x00010001,
0x00000000,
0x00000000,
0x00000000,
0x00000000,
0x00000000,
0x00000000,
0x00000000,
0x00000000,
0x00000000,
0x00000000,
0x00000000,
0x00000000,
0x00000000,
0x00000000,
0x00000000,
0x00000000,
0x00000000,
0x00000000,
0x00000000,
0x00000000,
0x00000000,
0x00000000,
0x00000000,
0x00000000,
0x00000000,
0xe59f3014,
0xe583e000,
0xe59fd010,
0xeb0000ec,
0xe59f1004,
0xe5912000,
0xe12fff12,
0xf07c0004,
0xf07ca000,
0xe92d4800,
0xe28db004,
0xe24dd070,
0xe50b0060,
0xe3a03000,
0xe50b3008,
0xe3a03000,
0xe50b300c,
0xe3a03000,
0xe50b3010,
0xe3a03000,
0xe50b3014,
0xe3a03000,
0xe50b3018,
0xe3a0300c,
0xe50b301c,
0xe3a03000,
0xe50b3020,
0xe3a03000,
0xe50b3024,
0xe59f3340,
0xe50b3028,
0xe51b3060,
0xe3530000,
0x0a00005d,
0xe51b3060,
0xe3530005,
0x8a00005a,
0xe3a0004c,
0xeb001b7b,
0xe3a0004c,
0xeb001b79,
0xe24b3054,
0xe1a00003,
0xeb00012e,
0xe1a0c00d,
0xe24b3044,
0xe893000f,
0xe88c000f,
0xe24b3054,
0xe893000f,
0xeb000187,
0xe3a03010,
0xe34f3002,
0xe5933000,
0xe50b302c,
0xe51b302c,
0xe3833401,
0xe50b302c,
0xe3a03010,
0xe34f3002,
0xe51b202c,
0xe5832000,
0xe3a03078,
0xe34f3002,
0xe5933000,
0xe50b302c,
0xe51b302c,
0xe3833201,
0xe50b302c,
0xe3a03078,
0xe34f3002,
0xe51b202c,
0xe5832000,
0xe3a0307c,
0xe34f3002,
0xe5933000,
0xe50b302c,
0xe51b302c,
0xe3833201,
0xe50b302c,
0xe3a0307c,
0xe34f3002,
0xe51b202c,
0xe5832000,
0xe3a03c01,
0xe34f3002,
0xe5933000,
0xe50b302c,
0xe51b302c,
0xe3833001,
0xe50b302c,
0xe3a03c01,
0xe34f3002,
0xe51b202c,
0xe5832000,
0xe3a03c01,
0xe34f3002,
0xe5933000,
0xe50b302c,
0xe51b302c,
0xe2033001,
0xe3530000,
0x0a000000,
0xeafffff6,
0xe320f000,
0xe3a03f41,
0xe34f3002,
0xe5933000,
0xe50b302c,
0xe51b101c,
0xe3a00c03,
0xfa0020d1,
0xe1a03000,
0xe50b3020,
0xe51b302c,
0xe2833020,
0xe51b1020,
0xe1a00003,
0xfa0020ca,
0xe1a03000,
0xe2433001,
0xe50b3024,
0xe3a03064,
0xe34f3002,
0xe51b2024,
0xe5832000,
0xe3a0005a,
0xeb0000be,
0xe51b3060,
0xe3530006,
0x9a000001,
0xe3a03000,
0xea000066,
0xe3a03004,
0xe34f3fd0,
0xe5933000,
0xe2033003,
0xe3530000,
0x0a00000a,
0xe3a030fc,
0xe34f30e4,
0xe5933000,
0xe50b3030,
0xe51b3030,
0xe3833002,
0xe50b3030,
0xe3a030fc,
0xe34f30e4,
0xe51b2030,
0xe5832000,
0xe3a03000,
0xe50b3058,
0xe51b3060,
0xe2033003,
0xe6ef2073,
0xe55b3058,
0xe7c13012,
0xe54b3058,
0xe55b3058,
0xe3833008,
0xe54b3058,
0xe55b3058,
0xe3833010,
0xe54b3058,
0xe3a030a0,
0xe34f3002,
0xe51b2058,
0xe5832000,
0xe55b3058,
0xe7c3319f,
0xe54b3058,
0xe55b3058,
0xe3833004,
0xe54b3058,
0xe3a030a0,
0xe34f3002,
0xe51b2058,
0xe5832000,
0xe3a03010,
0xe34f3002,
0xe5933000,
0xe50b302c,
0xe3a0307c,
0xe34f3002,
0xe5933000,
0xe50b302c,
0xe51b3060,
0xe3530000,
0x0a000022,
0xee1c3f10,
0xe50b3034,
0xe51b3028,
0xee0c3f10,
0xee1c3f10,
0xe50b3028,
0xe51b3060,
0xe3530004,
0x0a000019,
0xe51b3060,
0xe3530005,
0x0a000016,
0xe51b3060,
0xe3530006,
0x1a000001,
0xeb0011f3,
0xea000011,
0xe59f0080,
0xeb00205f,
0xe3a030f0,
0xe34f3001,
0xe5932000,
0xe3a03000,
0xe3443821,
0xe1520003,
0x1a000001,
0xeb000184,
0xea000000,
0xeb000ec8,
0xe51b3034,
0xee0c3f10,
0xee1c3f10,
0xe50b3028,
0xf57ff06f,
0xf57ff04f,
0xe51b3060,
0xe3530000,
0x0a000006,
0xe1a0c00d,
0xe24b3044,
0xe893000f,
0xe88c000f,
0xe24b3054,
0xe893000f,
0xeb000093,
0xeb001c3c,
0xe3a03001,
0xe1a00003,
0xe24bd004,
0xe8bd8800,
0xf07c8634,
0xf07c8d8c,
0xe92d4800,
0xe28db004,
0xe24dd010,
0xe50b0008,
0xe50b100c,
0xe50b2010,
0xee110f10,
0xe3c00005,
0xe3c00a01,
0xee010f10,
0xf57ff04f,
0xf57ff06f,
0xe51b300c,
0xe3530000,
0x1a000003,
0xe51b3008,
0xe1a00003,
0xebffff05,
0xea000001,
0xe51b0010,
0xeb001a4d,
0xee110f10,
0xe3800005,
0xe3800a01,
0xee010f10,
0xe320f000,
0xe24bd004,
0xe8bd8800,
0xe52db004,
0xe28db000,
0xe24dd014,
0xe50b0010,
0xe50b1014,
0xe51b3014,
0xe6ef3073,
0xe50b3014,
0xe51b3010,
0xe1a03123,
0xe50b3008,
0xe51b3010,
0xe2033003,
0xe50b3010,
0xe51b3010,
0xe1a03183,
0xe50b3010,
0xe51b2014,
0xe51b3010,
0xe1a03312,
0xe50b3014,
0xe51b3008,
0xe1a03103,
0xe24339bf,
0xe2433b0a,
0xe5933000,
0xe50b300c,
0xe3a020ff,
0xe51b3010,
0xe1a03312,
0xe1e03003,
0xe1a02003,
0xe51b300c,
0xe0033002,
0xe50b300c,
0xe51b200c,
0xe51b3014,
0xe1823003,
0xe50b300c,
0xe51b3008,
0xe1a03103,
0xe24339bf,
0xe2433b0a,
0xe1a02003,
0xe51b300c,
0xe5823000,
0xe320f000,
0xe28bd000,
0xe49db004,
0xe12fff1e,
0xe92d4800,
0xe28db004,
0xe24dd010,
0xe50b0010,
0xe51b3010,
0xe3a01001,
0xe1a00003,
0xebffffc5,
0xe51b3010,
0xe1a032c3,
0xe50b3008,
0xe51b3010,
0xe203301f,
0xe50b3010,
0xe3a02001,
0xe51b3010,
0xe1a03312,
0xe50b3010,
0xe51b3008,
0xe1a03103,
0xe24339bf,
0xe2433c2f,
0xe1a02003,
0xe51b3010,
0xe5823000,
0xe320f000,
0xe24bd004,
0xe8bd8800,
0xe52db004,
0xe28db000,
0xe24dd01c,
0xe50b0018,
0xe3a03008,
0xe50b300c,
0xe51b3018,
0xe50b3010,
0xe3a03000,
0xe50b3008,
0xea00000e,
0xe51b3008,
0xe1a03103,
0xe24339bf,
0xe2433c2f,
0xe1a01003,
0xe51b3008,
0xe1a02103,
0xe51b3010,
0xe0823003,
0xe1a02003,
0xe5913000,
0xe5823000,
0xe51b3008,
0xe2833001,
0xe50b3008,
0xe51b2008,
0xe51b300c,
0xe1520003,
0x3affffec,
0xe320f000,
0xe320f000,
0xe28bd000,
0xe49db004,
0xe12fff1e,
0xe24dd010,
0xe52db004,
0xe28db000,
0xe24dd014,
0xe28bc004,
0xe88c000f,
0xe3a03008,
0xe50b300c,
0xe28b3004,
0xe50b3010,
0xe3a03000,
0xe50b3008,
0xea00000f,
0xe51b3008,
0xe1a03103,
0xe24339bf,
0xe2433c2e,
0xe5933000,
0xe50b3014,
0xe51b3008,
0xe1a03103,
0xe24339bf,
0xe2433db6,
0xe1a02003,
0xe51b3014,
0xe5823000,
0xe51b3008,
0xe2833001,
0xe50b3008,
0xe51b2008,
0xe51b300c,
0xe1520003,
0x3affffeb,
0xe3a03000,
0xe50b3008,
0xea00000e,
0xe51b3008,
0xe1a02103,
0xe51b3010,
0xe0823003,
0xe1a01003,
0xe51b3008,
0xe1a03103,
0xe24339bf,
0xe2433c2f,
0xe1a02003,
0xe5913000,
0xe5823000,
0xe51b3008,
0xe2833001,
0xe50b3008,
0xe51b2008,
0xe51b300c,
0xe1520003,
0x3affffec,
0xe320f000,
0xe320f000,
0xe28bd000,
0xe49db004,
0xe28dd010,
0xe12fff1e,
0xe24dd010,
0xe52db004,
0xe28db000,
0xe24dd014,
0xe28bc004,
0xe88c000f,
0xe3a03008,
0xe50b300c,
0xe28b3004,
0xe50b3010,
0xe3a03000,
0xe50b3008,
0xea00000e,
0xe51b3008,
0xe1a02103,
0xe51b3010,
0xe0823003,
0xe1a01003,
0xe51b3008,
0xe1a03103,
0xe24339bf,
0xe2433dba,
0xe1a02003,
0xe5913000,
0xe5823000,
0xe51b3008,
0xe2833001,
0xe50b3008,
0xe51b2008,
0xe51b300c,
0xe1520003,
0x3affffec,
0xe320f000,
0xe320f000,
0xe28bd000,
0xe49db004,
0xe28dd010,
0xe12fff1e,
0xe52db004,
0xe28db000,
0xe24dd00c,
0xe50b0008,
0xe51b3008,
0xee013f10,
0xf57ff06f,
0xe320f000,
0xe28bd000,
0xe49db004,
0xe12fff1e,
0xe52db004,
0xe28db000,
0xe24dd00c,
0xe1a03000,
0xe54b3005,
0xe320f000,
0xe3a03014,
0xe34f3029,
0xe5933000,
0xe2033020,
0xe3530000,
0x0afffff9,
0xe3a03000,
0xe34f3029,
0xe55b2005,
0xe5c32000,
0xe320f000,
0xe28bd000,
0xe49db004,
0xe12fff1e,
0xe92d4800,
0xe28db004,
0xe24dd008,
0xe3a00044,
0xebffffe6,
0xe3a03f43,
0xe34f3fd0,
0xe5933000,
0xe50b3008,
0xe51b3008,
0xe30023ff,
0xe1530002,
0x1a000010,
0xe3a00044,
0xebffffdc,
0xe3a0006d,
0xebffffda,
0xe3a00079,
0xebffffd8,
0xe3a00049,
0xebffffd6,
0xe3a0006e,
0xebffffd4,
0xe3a00074,
0xebffffd2,
0xe3a0000a,
0xebffffd0,
0xe3a0000d,
0xebffffce,
0xea00003c,
0xe51b3008,
0xe353005a,
0x1a000031,
0xe3a00043,
0xebffffc8,
0xe3a0004b,
0xebffffc6,
0xe3a00047,
0xebffffc4,
0xe3a0005f,
0xebffffc2,
0xe3a00049,
0xebffffc0,
0xe3a0006e,
0xebffffbe,
0xe3a00074,
0xebffffbc,
0xe3a0000a,
0xebffffba,
0xe3a0000d,
0xebffffb8,
0xe3a030a0,
0xe34f3002,
0xe5933000,
0xe50b300c,
0xe51b300c,
0xe2033008,
0xe3530000,
0x0a000015,
0xe3a0004d,
0xebffffae,
0xe51b300c,
0xe3c33004,
0xe50b300c,
0xe3a030a0,
0xe34f3002,
0xe51b200c,
0xe5832000,
0xe3a030a0,
0xe34f3002,
0xe5933000,
0xe2033008,
0xe3530000,
0x0a000002,
0xe3a00078,
0xebffff9f,
0xeafffff6,
0xe320f000,
0xe3a00054,
0xebffff9b,
0xea000001,
0xe3a0004e,
0xebffff98,
0xe3a03e11,
0xe34f3fd0,
0xe51b2008,
0xe5832000,
0xe3a03e11,
0xe34f3fd0,
0xe5933000,
0xe320f000,
0xe24bd004,
0xe8bd8800,
0xe92d4800,
0xe28db004,
0xe24dd010,
0xf1020012,
0xe1a0300d,
0xe59f2f94,
0xe5823000,
0xe1a0300b,
0xe59f2f8c,
0xe5823000,
0xe59f3f88,
0xe2833a0e,
0xe1a0d003,
0xe59f3f7c,
0xe2833b39,
0xe1a0b003,
0xf1020011,
0xe1a0300d,
0xe59f2f6c,
0xe5823000,
0xe1a0300b,
0xe59f2f64,
0xe5823000,
0xe59f3f54,
0xe2833b3a,
0xe1a0d003,
0xe59f3f48,
0xe2833b3b,
0xe1a0b003,
0xf1020013,
0xe3a03004,
0xe34f3010,
0xe5933000,
0xe2033020,
0xe3530000,
0x0a000002,
0xe3a03001,
0xe50b300c,
0xea000001,
0xe3a03000,
0xe50b300c,
0xe3a03000,
0xe50b3008,
0xea000008,
0xe3a03014,
0xe34f3029,
0xe5933000,
0xe2033040,
0xe3530000,
0x1a000006,
0xe51b3008,
0xe2833001,
0xe50b3008,
0xe51b3008,
0xe3530ffa,
0x3afffff3,
0xea000000,
0xe320f000,
0xe320f000,
0xe320f000,
0xf57ff06f,
0xe3a03902,
0xe34f3000,
0xe5932000,
0xe3a03902,
0xe34f3000,
0xe3c22001,
0xe5832000,
0xe3a03902,
0xe34f3000,
0xe5933000,
0xe2033002,
0xe3530000,
0x1a000000,
0xeafffff8,
0xe320f000,
0xe51b300c,
0xe3530000,
0x0a00000e,
0xe3a03902,
0xe34f3010,
0xe5932000,
0xe3a03902,
0xe34f3010,
0xe3c22001,
0xe5832000,
0xe3a03902,
0xe34f3010,
0xe5933000,
0xe2033002,
0xe3530000,
0x1a000000,
0xeafffff8,
0xe320f000,
0xe3a0324f,
0xe5933000,
0xe3a0224f,
0xe3c33020,
0xe5823000,
0xe51b300c,
0xe3530000,
0x0a000006,
0xe3a03004,
0xe34f3010,
0xe5932000,
0xe3a03004,
0xe34f3010,
0xe3c22020,
0xe5832000,
0xe3a03032,
0xe50b3008,
0xea000004,
0xe3a0324f,
0xe5933000,
0xe51b3008,
0xe2433001,
0xe50b3008,
0xe51b3008,
0xe3530000,
0x1afffff7,
0xe3a0324f,
0xe5933000,
0xe3a0224f,
0xe3833002,
0xe5823000,
0xe3a0324f,
0xe5933000,
0xe3a0224f,
0xe3833010,
0xe5823000,
0xe51b300c,
0xe3530000,
0x0a000010,
0xe3a03004,
0xe34f3010,
0xe5932000,
0xe3a03004,
0xe34f3010,
0xe3822002,
0xe5832000,
0xe3a03004,
0xe34f3010,
0xe5932000,
0xe3a03004,
0xe34f3010,
0xe3822010,
0xe5832000,
0xea000001,
0xe3a00070,
0xebfffef8,
0xe3a0324f,
0xe5933000,
0xe2033080,
0xe3530080,
0x1afffff8,
0xe51b300c,
0xe3530000,
0x0a000008,
0xea000001,
0xe3a00050,
0xebfffeed,
0xe3a03004,
0xe34f3010,
0xe5933000,
0xe2033080,
0xe3530080,
0x1afffff7,
0xe3a03020,
0xe34f3000,
0xe5933000,
0xe2033010,
0xe3530000,
0x0a000006,
0xe3a03034,
0xe34f3000,
0xe5932000,
0xe3a03034,
0xe34f3000,
0xe3822080,
0xe5832000,
0xe3013144,
0xe34f3000,
0xe5932000,
0xe3013144,
0xe34f3000,
0xe3822002,
0xe5832000,
0xe3a03030,
0xe34f3000,
0xe5932000,
0xe3a03030,
0xe34f3000,
0xe3822020,
0xe5832000,
0xe51b300c,
0xe3530000,
0x0a00001a,
0xe3a03020,
0xe34f3010,
0xe5933000,
0xe2033010,
0xe3530000,
0x0a000006,
0xe3a03034,
0xe34f3010,
0xe5932000,
0xe3a03034,
0xe34f3010,
0xe3822080,
0xe5832000,
0xe3013144,
0xe34f3010,
0xe5932000,
0xe3013144,
0xe34f3010,
0xe3822002,
0xe5832000,
0xe3a03030,
0xe34f3010,
0xe5932000,
0xe3a03030,
0xe34f3010,
0xe3822020,
0xe5832000,
0xe3a03070,
0xe34f3002,
0xe5932000,
0xe3a03070,
0xe34f3002,
0xe3c22002,
0xe5832000,
0xe51b300c,
0xe3530000,
0x0a000006,
0xe3a03070,
0xe34f3002,
0xe5932000,
0xe3a03070,
0xe34f3002,
0xe3c22001,
0xe5832000,
0xe30130cc,
0xe34f3000,
0xe3a02072,
0xe5832000,
0xe30130d4,
0xe34f3000,
0xe3a02072,
0xe5832000,
0xe3013154,
0xe34f3000,
0xe3a02000,
0xe5832000,
0xe3013158,
0xe34f3000,
0xe3a02000,
0xe5832000,
0xe301316c,
0xe34f3000,
0xe3a02000,
0xe5832000,
0xe3a03d46,
0xe34f3000,
0xe3a02020,
0xe5832000,
0xe3013214,
0xe34f3000,
0xe5933000,
0xe59f2b8c,
0xe5823000,
0xe3013214,
0xe34f3000,
0xe3a02000,
0xe5832000,
0xe3013218,
0xe34f3000,
0xe5933000,
0xe59f2b6c,
0xe5823000,
0xe3013218,
0xe34f3000,
0xe3a02000,
0xe5832000,
0xe301321c,
0xe34f3000,
0xe5933000,
0xe59f2b4c,
0xe5823000,
0xe301321c,
0xe34f3000,
0xe3a02000,
0xe5832000,
0xe3013220,
0xe34f3000,
0xe5933000,
0xe59f2b2c,
0xe5823000,
0xe3013220,
0xe34f3000,
0xe3a02000,
0xe5832000,
0xe3013278,
0xe34f3000,
0xe3a02000,
0xe5832000,
0xe301330c,
0xe34f3000,
0xe3a02000,
0xe5832000,
0xe3013350,
0xe34f3000,
0xe5933000,
0xe59f2aec,
0xe5823000,
0xe3013350,
0xe34f3000,
0xe3a02010,
0xe5832000,
0xe3013024,
0xe34f3000,
0xe5933000,
0xe59f2acc,
0xe5823000,
0xe3013024,
0xe34f3000,
0xe3a02000,
0xe5832000,
0xe3013054,
0xe34f3000,
0xe3a02003,
0xe5832000,
0xe301324c,
0xe34f3000,
0xe3a02000,
0xe5832000,
0xe3a03d4b,
0xe34f3000,
0xe5933000,
0xe59f2a8c,
0xe5823000,
0xe3a03d4b,
0xe34f3000,
0xe3a02000,
0xe5832000,
0xe30132a0,
0xe34f3000,
0xe3a020d2,
0xe5832000,
0xe3013260,
0xe34f3000,
0xe3a02010,
0xe5832000,
0xe51b300c,
0xe3530000,
0x0a00006e,
0xe30130cc,
0xe34f3010,
0xe3a02072,
0xe5832000,
0xe30130d4,
0xe34f3010,
0xe3a02072,
0xe5832000,
0xe3013154,
0xe34f3010,
0xe3a02000,
0xe5832000,
0xe3013158,
0xe34f3010,
0xe3a02000,
0xe5832000,
0xe301316c,
0xe34f3010,
0xe3a02000,
0xe5832000,
0xe3a03d46,
0xe34f3010,
0xe3a02020,
0xe5832000,
0xe3013214,
0xe34f3010,
0xe5933000,
0xe59f29e0,
0xe5823000,
0xe3013214,
0xe34f3010,
0xe3a02000,
0xe5832000,
0xe3013218,
0xe34f3010,
0xe5933000,
0xe59f29c0,
0xe5823000,
0xe3013218,
0xe34f3010,
0xe3a02000,
0xe5832000,
0xe301321c,
0xe34f3010,
0xe5933000,
0xe59f29a0,
0xe5823000,
0xe301321c,
0xe34f3010,
0xe3a02000,
0xe5832000,
0xe3013220,
0xe34f3010,
0xe5933000,
0xe59f2980,
0xe5823000,
0xe3013220,
0xe34f3010,
0xe3a02000,
0xe5832000,
0xe3013278,
0xe34f3010,
0xe3a02000,
0xe5832000,
0xe301330c,
0xe34f3010,
0xe3a02000,
0xe5832000,
0xe3013350,
0xe34f3010,
0xe5933000,
0xe59f2940,
0xe5823000,
0xe3013350,
0xe34f3010,
0xe3a02010,
0xe5832000,
0xe3013024,
0xe34f3010,
0xe5933000,
0xe59f2920,
0xe5823000,
0xe3013024,
0xe34f3010,
0xe3a02000,
0xe5832000,
0xe3013054,
0xe34f3010,
0xe3a02003,
0xe5832000,
0xe301324c,
0xe34f3010,
0xe3a02000,
0xe5832000,
0xe3a03d4b,
0xe34f3010,
0xe5933000,
0xe59f28e0,
0xe5823000,
0xe3a03d4b,
0xe34f3010,
0xe3a02000,
0xe5832000,
0xe30132a0,
0xe34f3010,
0xe3a020d2,
0xe5832000,
0xe3013260,
0xe34f3010,
0xe3a02010,
0xe5832000,
0xe3a00033,
0xebfffdba,
0xe3a03000,
0xe50b3008,
0xea000008,
0xe3a03014,
0xe34f3029,
0xe5933000,
0xe2033040,
0xe3530000,
0x1a000006,
0xe51b3008,
0xe2833001,
0xe50b3008,
0xe51b3008,
0xe3530ffa,
0x3afffff3,
0xea000000,
0xe320f000,
0xf57ff06f,
0xe320f003,
0xe320f000,
0xe320f000,
0xe3a030a0,
0xe34f3002,
0xe5933000,
0xe50b3010,
0xe51b3010,
0xe2033008,
0xe3530000,
0x0afffff7,
0xe51b3010,
0xe3c33004,
0xe50b3010,
0xe3a030a0,
0xe34f3002,
0xe51b2010,
0xe5832000,
0xe3a030a0,
0xe34f3002,
0xe5933000,
0xe2033008,
0xe3530000,
0x0a000000,
0xeafffff8,
0xe320f000,
0xe320f000,
0xe3a0004f,
0xebfffd8b,
0xe3013070,
0xe34f3000,
0xe3a02013,
0xe5832000,
0xe3a03f42,
0xe34f3004,
0xe5933000,
0xe50b3008,
0xe3a03f42,
0xe34f3004,
0xe5932000,
0xe51b3008,
0xe0423003,
0xe3530064,
0x8a000000,
0xeafffff7,
0xe320f000,
0xe3013260,
0xe34f3000,
0xe3a0201c,
0xe5832000,
0xe30132a0,
0xe34f3000,
0xe3a020f6,
0xe5832000,
0xe3a03f42,
0xe34f3004,
0xe5933000,
0xe50b3008,
0xe3a03f42,
0xe34f3004,
0xe5932000,
0xe51b3008,
0xe0423003,
0xe35300c8,
0x8a000000,
0xeafffff7,
0xe320f000,
0xe30133b8,
0xe34f3000,
0xe3a02003,
0xe5832000,
0xe30133b8,
0xe34f3000,
0xe3a02000,
0xe5832000,
0xe30133b8,
0xe34f3000,
0xe3a02003,
0xe5832000,
0xe301324c,
0xe34f3000,
0xe3a02018,
0xe5832000,
0xe3013028,
0xe34f3000,
0xe3a02000,
0xe5832000,
0xe3a03f42,
0xe34f3004,
0xe5933000,
0xe50b3008,
0xe3a03f42,
0xe34f3004,
0xe5932000,
0xe51b3008,
0xe0423003,
0xe3530002,
0x8a000000,
0xeafffff7,
0xe320f000,
0xe3013028,
0xe34f3000,
0xe3a02001,
0xe5832000,
0xe3013064,
0xe34f3000,
0xe3a02010,
0xe5832000,
0xe30130cc,
0xe34f3000,
0xe3a02050,
0xe5832000,
0xe30130d4,
0xe34f3000,
0xe3a02050,
0xe5832000,
0xe3a03d46,
0xe34f3000,
0xe3a0200e,
0xe5832000,
0xe3013214,
0xe34f3000,
0xe59f263c,
0xe5922000,
0xe5832000,
0xe3013218,
0xe34f3000,
0xe59f262c,
0xe5922000,
0xe5832000,
0xe301321c,
0xe34f3000,
0xe59f261c,
0xe5922000,
0xe5832000,
0xe3013220,
0xe34f3000,
0xe59f260c,
0xe5922000,
0xe5832000,
0xe3013278,
0xe34f3000,
0xe3a02003,
0xe5832000,
0xe3013350,
0xe34f3000,
0xe59f25ec,
0xe5922000,
0xe5832000,
0xe3013024,
0xe34f3000,
0xe59f25dc,
0xe5922000,
0xe5832000,
0xe3013054,
0xe34f3000,
0xe3a02023,
0xe5832000,
0xe3a03d4b,
0xe34f3000,
0xe59f25bc,
0xe5922000,
0xe5832000,
0xe51b300c,
0xe3530000,
0x0a000085,
0xe3a03080,
0xe34f3003,
0xe3a02013,
0xe5832000,
0xe3a03f42,
0xe34f3004,
0xe5933000,
0xe50b3008,
0xe3a03f42,
0xe34f3004,
0xe5932000,
0xe51b3008,
0xe0423003,
0xe3530064,
0x8a000000,
0xeafffff7,
0xe320f000,
0xe3013260,
0xe34f3010,
0xe3a0201c,
0xe5832000,
0xe30132a0,
0xe34f3010,
0xe3a020f6,
0xe5832000,
0xe3a03f42,
0xe34f3004,
0xe5933000,
0xe50b3008,
0xe3a03f42,
0xe34f3004,
0xe5932000,
0xe51b3008,
0xe0423003,
0xe35300c8,
0x8a000000,
0xeafffff7,
0xe320f000,
0xe30133b8,
0xe34f3010,
0xe3a02003,
0xe5832000,
0xe30133b8,
0xe34f3010,
0xe3a02000,
0xe5832000,
0xe30133b8,
0xe34f3010,
0xe3a02003,
0xe5832000,
0xe301324c,
0xe34f3010,
0xe3a02018,
0xe5832000,
0xe3013028,
0xe34f3010,
0xe3a02000,
0xe5832000,
0xe3a03f42,
0xe34f3004,
0xe5933000,
0xe50b3008,
0xe3a03f42,
0xe34f3004,
0xe5932000,
0xe51b3008,
0xe0423003,
0xe3530002,
0x8a000000,
0xeafffff7,
0xe320f000,
0xe3013028,
0xe34f3010,
0xe3a02001,
0xe5832000,
0xe3013064,
0xe34f3010,
0xe3a02010,
0xe5832000,
0xe30130cc,
0xe34f3010,
0xe3a02050,
0xe5832000,
0xe30130d4,
0xe34f3010,
0xe3a02050,
0xe5832000,
0xe3a03d46,
0xe34f3010,
0xe3a0200e,
0xe5832000,
0xe3013214,
0xe34f3010,
0xe59f2434,
0xe5922000,
0xe5832000,
0xe3013218,
0xe34f3010,
0xe59f2424,
0xe5922000,
0xe5832000,
0xe301321c,
0xe34f3010,
0xe59f2414,
0xe5922000,
0xe5832000,
0xe3013220,
0xe34f3010,
0xe59f2404,
0xe5922000,
0xe5832000,
0xe3013278,
0xe34f3010,
0xe3a02003,
0xe5832000,
0xe3013350,
0xe34f3010,
0xe59f23e4,
0xe5922000,
0xe5832000,
0xe3013024,
0xe34f3010,
0xe59f23d4,
0xe5922000,
0xe5832000,
0xe3013054,
0xe34f3010,
0xe3a02023,
0xe5832000,
0xe3a03d4b,
0xe34f3010,
0xe59f23b4,
0xe5922000,
0xe5832000,
0xe30133b8,
0xe34f3000,
0xe5933000,
0xe50b3008,
0xe30133b8,
0xe34f3000,
0xe51b2008,
0xe3c22001,
0xe5832000,
0xe30133b8,
0xe34f3000,
0xe51b2008,
0xe5832000,
0xe51b300c,
0xe3530000,
0x0a00000c,
0xe30133b8,
0xe34f3010,
0xe5933000,
0xe50b3008,
0xe30133b8,
0xe34f3010,
0xe51b2008,
0xe3c22001,
0xe5832000,
0xe30133b8,
0xe34f3010,
0xe51b2008,
0xe5832000,
0xe3a03070,
0xe34f3002,
0xe5932000,
0xe3a03070,
0xe34f3002,
0xe3822002,
0xe5832000,
0xe51b300c,
0xe3530000,
0x0a000006,
0xe3a03070,
0xe34f3002,
0xe5932000,
0xe3a03070,
0xe34f3002,
0xe3822001,
0xe5832000,
0xe3a03f42,
0xe34f3004,
0xe5933000,
0xe50b3008,
0xe3a03f42,
0xe34f3004,
0xe5932000,
0xe51b3008,
0xe0423003,
0xe353006e,
0x9afffff8,
0xe3a0324f,
0xe5933000,
0xe2033b01,
0xe3530000,
0x1a000000,
0xeafffff9,
0xe320f000,
0xe51b300c,
0xe3530000,
0x0a000007,
0xe3a03004,
0xe34f3010,
0xe5933000,
0xe2033b01,
0xe3530000,
0x1a000000,
0xeafffff8,
0xe320f000,
0xe3a03030,
0xe34f3000,
0xe5932000,
0xe3a03030,
0xe34f3000,
0xe3c22020,
0xe5832000,
0xe3013144,
0xe34f3000,
0xe5932000,
0xe3013144,
0xe34f3000,
0xe3c22002,
0xe5832000,
0xe51b300c,
0xe3530000,
0x0a00000d,
0xe3a03030,
0xe34f3010,
0xe5932000,
0xe3a03030,
0xe34f3010,
0xe3c22020,
0xe5832000,
0xe3013144,
0xe34f3010,
0xe5932000,
0xe3013144,
0xe34f3010,
0xe3c22002,
0xe5832000,
0xe3a0324f,
0xe5933000,
0xe3a0224f,
0xe3c33010,
0xe5823000,
0xe51b300c,
0xe3530000,
0x0a000009,
0xe3a03004,
0xe34f3010,
0xe5932000,
0xe3a03004,
0xe34f3010,
0xe3c22010,
0xe5832000,
0xea000001,
0xe3a00070,
0xebfffc00,
0xe3a0324f,
0xe5933000,
0xe2033080,
0xe3530080,
0x0afffff8,
0xe51b300c,
0xe3530000,
0x0a000008,
0xea000001,
0xe3a00050,
0xebfffbf5,
0xe3a03004,
0xe34f3010,
0xe5933000,
0xe2033080,
0xe3530080,
0x0afffff7,
0xe30133cc,
0xe34f3000,
0xe3a02001,
0xe5832000,
0xe51b300c,
0xe3530000,
0x0a000003,
0xe30133cc,
0xe34f3010,
0xe3a02001,
0xe5832000,
0xe3a0324f,
0xe5933000,
0xe3a0224f,
0xe3833020,
0xe5823000,
0xe51b300c,
0xe3530000,
0x0a000006,
0xe3a03004,
0xe34f3010,
0xe5932000,
0xe3a03004,
0xe34f3010,
0xe3822020,
0xe5832000,
0xe3a03902,
0xe34f3000,
0xe5932000,
0xe3a03902,
0xe34f3000,
0xe3822001,
0xe5832000,
0xe51b300c,
0xe3530000,
0x0a000006,
0xe3a03902,
0xe34f3010,
0xe5932000,
0xe3a03902,
0xe34f3010,
0xe3822001,
0xe5832000,
0xf57ff05f,
0xf57ff04f,
0xf57ff06f,
0xf57ff04f,
0xe320f000,
0xe320f000,
0xe320f000,
0xe320f000,
0xe320f000,
0xf1020012,
0xe59f3058,
0xe5933000,
0xe1a0d003,
0xe59f3050,
0xe5933000,
0xe1a0b003,
0xf1020011,
0xe59f3048,
0xe5933000,
0xe1a0d003,
0xe59f3040,
0xe5933000,
0xe1a0b003,
0xf1020013,
0xf57ff06f,
0xf57ff04f,
0xe320f000,
0xe320f000,
0xe320f000,
0xe320f000,
0xe320f000,
0xe320f000,
0xe24bd004,
0xe8bd8800,
0xf07c8874,
0xf07c8878,
0xf07c0074,
0xf07c887c,
0xf07c8880,
0xf07c8840,
0xf07c8844,
0xf07c8848,
0xf07c884c,
0xf07c8854,
0xf07c883c,
0xf07c8850,
0xf07c885c,
0xf07c8860,
0xf07c8864,
0xf07c8868,
0xf07c8870,
0xf07c8858,
0xf07c886c,
0xe52db004,
0xe28db000,
0xe24dd014,
0xe50b0010,
0xe3a03f42,
0xe34f3004,
0xe5933000,
0xe50b3008,
0xe3a03f42,
0xe34f3004,
0xe5932000,
0xe51b3008,
0xe0422003,
0xe51b3010,
0xe1520003,
0x8a000000,
0xeafffff6,
0xe320f000,
0xe320f000,
0xe28bd000,
0xe49db004,
0xe12fff1e,
0xe52db004,
0xe28db000,
0xe24dd01c,
0xe50b0018,
0xe50b101c,
0xe59f2078,
0xe24b3014,
0xe8920003,
0xe8830003,
0xe51b301c,
0xe1a03423,
0xe50b3008,
0xe51b301c,
0xe6ef3073,
0xe50b300c,
0xe51b3018,
0xe1a03103,
0xe2433004,
0xe083300b,
0xe5133010,
0xe2833ffe,
0xe1a02003,
0xe51b3008,
0xe5823000,
0xe51b3018,
0xe1a03103,
0xe2433004,
0xe083300b,
0xe5132010,
0xe51b300c,
0xe1a03103,
0xe0823003,
0xe5933000,
0xe1a00003,
0xe28bd000,
0xe49db004,
0xe12fff1e,
0xf07c8d90,
0xe52db004,
0xe28db000,
0xe24dd024,
0xe50b0018,
0xe50b101c,
0xe50b2020,
0xe59f2080,
0xe24b3014,
0xe8920003,
0xe8830003,
0xe51b301c,
0xe1a03423,
0xe50b3008,
0xe51b301c,
0xe6ef3073,
0xe50b300c,
0xe51b3018,
0xe1a03103,
0xe2433004,
0xe083300b,
0xe5133010,
0xe2833ffe,
0xe1a02003,
0xe51b3008,
0xe5823000,
0xe51b3018,
0xe1a03103,
0xe2433004,
0xe083300b,
0xe5132010,
0xe51b300c,
0xe1a03103,
0xe0823003,
0xe1a02003,
0xe51b3020,
0xe5823000,
0xe320f000,
0xe28bd000,
0xe49db004,
0xe12fff1e,
0xf07c8d90,
0xe92d4800,
0xe28db004,
0xe24dd010,
0xe50b0008,
0xe50b100c,
0xe50b2010,
0xe50b3014,
0xe51b100c,
0xe51b0008,
0xebffffa6,
0xe1a02000,
0xe51b3010,
0xe1e03003,
0xe0022003,
0xe51b1014,
0xe51b3010,
0xe0033001,
0xe1823003,
0xe1a02003,
0xe51b100c,
0xe51b0008,
0xebffffc0,
0xe320f000,
0xe24bd004,
0xe8bd8800,
0xe92d4800,
0xe28db004,
0xe24dd018,
0xe50b0010,
0xe50b1014,
0xe50b2018,
0xe50b301c,
0xe3a03000,
0xe50b3008,
0xea000011,
0xe3a00064,
0xebffff75,
0xe51b1014,
0xe51b0010,
0xebffff88,
0xe1a02000,
0xe51b3018,
0xe0033002,
0xe50b300c,
0xe51b200c,
0xe51b301c,
0xe1520003,
0x1a000001,
0xe3a03001,
0xea000006,
0xe51b3008,
0xe2833001,
0xe50b3008,
0xe51b3008,
0xe3530013,
0xdaffffea,
0xe3a03000,
0xe1a00003,
0xe24bd004,
0xe8bd8800,
0xe92d4800,
0xe28db004,
0xe24dd018,
0xe50b0010,
0xe50b1014,
0xe50b2018,
0xe50b301c,
0xe51b301c,
0xe51b2018,
0xe51b1014,
0xe51b0010,
0xebffffd0,
0xe50b0008,
0xe51b3008,
0xe3530000,
0x1a000009,
0xe3a00063,
0xebfffadc,
0xe3a00070,
0xebfffada,
0xe3a00065,
0xebfffad8,
0xe3a00072,
0xebfffad6,
0xe3a00072,
0xebfffad4,
0xe51b3008,
0xe1a00003,
0xe24bd004,
0xe8bd8800,
0xe92d4800,
0xe28db004,
0xe24dd008,
0xe50b0008,
0xe3a0308f,
0xe3a0208f,
0xe30012ce,
0xe51b0008,
0xebffff9c,
0xe3a00001,
0xebffff35,
0xe3a03080,
0xe3a0208f,
0xe30012ce,
0xe51b0008,
0xebffff95,
0xe3a00001,
0xebffff2e,
0xe3a0308f,
0xe3a0208f,
0xe30012ce,
0xe51b0008,
0xebffff8e,
0xe3a00001,
0xebffff27,
0xe3a0308f,
0xe3a0208f,
0xe30012cd,
0xe51b0008,
0xebffff87,
0xe3a00001,
0xebffff20,
0xe3a03080,
0xe3a0208f,
0xe30012cd,
0xe51b0008,
0xebffff80,
0xe3a00001,
0xebffff19,
0xe3a0308f,
0xe3a0208f,
0xe30012cd,
0xe51b0008,
0xebffff79,
0xe3a00001,
0xebffff12,
0xe3a0300f,
0xe3a0208f,
0xe30012cd,
0xe51b0008,
0xebffff72,
0xe3a0300f,
0xe3a0208f,
0xe30012ce,
0xe51b0008,
0xebffff6d,
0xe3a03000,
0xe3a02080,
0xe3a0105a,
0xe51b0008,
0xebffff68,
0xe3a00001,
0xebffff01,
0xe3a03080,
0xe3a02080,
0xe3a0105a,
0xe51b0008,
0xebffff61,
0xe320f000,
0xe24bd004,
0xe8bd8800,
0xe92d4800,
0xe28db004,
0xe24dd008,
0xe50b0008,
0xe51b3008,
0xe3530000,
0x0a0003bc,
0xe3a01000,
0xe51b0008,
0xebffff05,
0xe1a03000,
0xe59f2ed4,
0xe58231bc,
0xe3a01001,
0xe51b0008,
0xebfffeff,
0xe1a03000,
0xe59f2ebc,
0xe5823214,
0xe3a01002,
0xe51b0008,
0xebfffef9,
0xe1a03000,
0xe59f2ea4,
0xe5823218,
0xe3a01004,
0xe51b0008,
0xebfffef3,
0xe1a03000,
0xe59f2e8c,
0xe582321c,
0xe3a01005,
0xe51b0008,
0xebfffeed,
0xe1a03000,
0xe59f2e74,
0xe5823220,
0xe3a01006,
0xe51b0008,
0xebfffee7,
0xe1a03000,
0xe59f2e5c,
0xe5823224,
0xe3a01007,
0xe51b0008,
0xebfffee1,
0xe1a03000,
0xe59f2e44,
0xe5823228,
0xe3a01009,
0xe51b0008,
0xebfffedb,
0xe1a03000,
0xe59f2e2c,
0xe582322c,
0xe3a0100a,
0xe51b0008,
0xebfffed5,
0xe1a03000,
0xe59f2e14,
0xe5823230,
0xe3a0100b,
0xe51b0008,
0xebfffecf,
0xe1a03000,
0xe59f2dfc,
0xe5823234,
0xe3a0100d,
0xe51b0008,
0xebfffec9,
0xe1a03000,
0xe59f2de4,
0xe58231c0,
0xe3a0100e,
0xe51b0008,
0xebfffec3,
0xe1a03000,
0xe59f2dcc,
0xe58231c4,
0xe3a0100f,
0xe51b0008,
0xebfffebd,
0xe1a03000,
0xe59f2db4,
0xe58231c8,
0xe3a01010,
0xe51b0008,
0xebfffeb7,
0xe1a03000,
0xe59f2d9c,
0xe58231cc,
0xe3a01011,
0xe51b0008,
0xebfffeb1,
0xe1a03000,
0xe59f2d84,
0xe58231d0,
0xe3a01012,
0xe51b0008,
0xebfffeab,
0xe1a03000,
0xe59f2d6c,
0xe58231d4,
0xe3a01013,
0xe51b0008,
0xebfffea5,
0xe1a03000,
0xe59f2d54,
0xe58231d8,
0xe3a01015,
0xe51b0008,
0xebfffe9f,
0xe1a03000,
0xe59f2d3c,
0xe58231dc,
0xe3a01016,
0xe51b0008,
0xebfffe99,
0xe1a03000,
0xe59f2d24,
0xe58231e0,
0xe3a01017,
0xe51b0008,
0xebfffe93,
0xe1a03000,
0xe59f2d0c,
0xe58231e4,
0xe3a01018,
0xe51b0008,
0xebfffe8d,
0xe1a03000,
0xe59f2cf4,
0xe58231e8,
0xe3a01019,
0xe51b0008,
0xebfffe87,
0xe1a03000,
0xe59f2cdc,
0xe58231ec,
0xe3a0101a,
0xe51b0008,
0xebfffe81,
0xe1a03000,
0xe59f2cc4,
0xe58231f0,
0xe3a0101b,
0xe51b0008,
0xebfffe7b,
0xe1a03000,
0xe59f2cac,
0xe58231f4,
0xe3a0101c,
0xe51b0008,
0xebfffe75,
0xe1a03000,
0xe59f2c94,
0xe58231f8,
0xe3a01020,
0xe51b0008,
0xebfffe6f,
0xe1a03000,
0xe59f2c7c,
0xe5823238,
0xe3a01021,
0xe51b0008,
0xebfffe69,
0xe1a03000,
0xe59f2c64,
0xe582323c,
0xe3a01022,
0xe51b0008,
0xebfffe63,
0xe1a03000,
0xe59f2c4c,
0xe5823240,
0xe3a01023,
0xe51b0008,
0xebfffe5d,
0xe1a03000,
0xe59f2c34,
0xe5823244,
0xe3a01027,
0xe51b0008,
0xebfffe57,
0xe1a03000,
0xe59f2c1c,
0xe5823248,
0xe3a01028,
0xe51b0008,
0xebfffe51,
0xe1a03000,
0xe59f2c04,
0xe582324c,
0xe3a0102d,
0xe51b0008,
0xebfffe4b,
0xe1a03000,
0xe59f2bec,
0xe5823250,
0xe3a01060,
0xe51b0008,
0xebfffe45,
0xe1a03000,
0xe59f2bd4,
0xe58231fc,
0xe3a01061,
0xe51b0008,
0xebfffe3f,
0xe1a03000,
0xe59f2bbc,
0xe5823200,
0xe3a01062,
0xe51b0008,
0xebfffe39,
0xe1a03000,
0xe59f2ba4,
0xe5823204,
0xe3a01063,
0xe51b0008,
0xebfffe33,
0xe1a03000,
0xe59f2b8c,
0xe5823208,
0xe3a01064,
0xe51b0008,
0xebfffe2d,
0xe1a03000,
0xe59f2b74,
0xe582320c,
0xe3a01065,
0xe51b0008,
0xebfffe27,
0xe1a03000,
0xe59f2b5c,
0xe5823210,
0xe3a01092,
0xe51b0008,
0xebfffe21,
0xe1a03000,
0xe59f2b44,
0xe58231b0,
0xe3a01093,
0xe51b0008,
0xebfffe1b,
0xe1a03000,
0xe59f2b2c,
0xe58231b4,
0xe3a010bc,
0xe51b0008,
0xebfffe15,
0xe1a03000,
0xe59f2b14,
0xe5823124,
0xe3a010bf,
0xe51b0008,
0xebfffe0f,
0xe1a03000,
0xe59f2afc,
0xe5823120,
0xe3a010c1,
0xe51b0008,
0xebfffe09,
0xe1a03000,
0xe59f2ae4,
0xe58231a8,
0xe3a010c2,
0xe51b0008,
0xebfffe03,
0xe1a03000,
0xe59f2acc,
0xe58231ac,
0xe3a010c4,
0xe51b0008,
0xebfffdfd,
0xe1a03000,
0xe59f2ab4,
0xe58230e0,
0xe3a010c5,
0xe51b0008,
0xebfffdf7,
0xe1a03000,
0xe59f2a9c,
0xe58230e4,
0xe3a010c6,
0xe51b0008,
0xebfffdf1,
0xe1a03000,
0xe59f2a84,
0xe58230f0,
0xe3a010c7,
0xe51b0008,
0xebfffdeb,
0xe1a03000,
0xe59f2a6c,
0xe58230f4,
0xe3a010c8,
0xe51b0008,
0xebfffde5,
0xe1a03000,
0xe59f2a54,
0xe58230f8,
0xe3a010c9,
0xe51b0008,
0xebfffddf,
0xe1a03000,
0xe59f2a3c,
0xe58230fc,
0xe3a010ca,
0xe51b0008,
0xebfffdd9,
0xe1a03000,
0xe59f2a24,
0xe5823100,
0xe3a010cb,
0xe51b0008,
0xebfffdd3,
0xe1a03000,
0xe59f2a0c,
0xe5823104,
0xe3a010cc,
0xe51b0008,
0xebfffdcd,
0xe1a03000,
0xe59f29f4,
0xe5823108,
0xe3a010cd,
0xe51b0008,
0xebfffdc7,
0xe1a03000,
0xe59f29dc,
0xe582310c,
0xe3a010ce,
0xe51b0008,
0xebfffdc1,
0xe1a03000,
0xe59f29c4,
0xe5823110,
0xe3a010cf,
0xe51b0008,
0xebfffdbb,
0xe1a03000,
0xe59f29ac,
0xe5823114,
0xe3a010d0,
0xe51b0008,
0xebfffdb5,
0xe1a03000,
0xe59f2994,
0xe5823118,
0xe3a010d1,
0xe51b0008,
0xebfffdaf,
0xe1a03000,
0xe59f297c,
0xe582311c,
0xe3a010d2,
0xe51b0008,
0xebfffda9,
0xe1a03000,
0xe59f2964,
0xe5823088,
0xe3a010d3,
0xe51b0008,
0xebfffda3,
0xe1a03000,
0xe59f294c,
0xe582308c,
0xe3a010d8,
0xe51b0008,
0xebfffd9d,
0xe1a03000,
0xe59f2934,
0xe5823278,
0xe3a010d9,
0xe51b0008,
0xebfffd97,
0xe1a03000,
0xe59f291c,
0xe582327c,
0xe3a010e7,
0xe51b0008,
0xebfffd91,
0xe1a03000,
0xe59f2904,
0xe582314c,
0xe3a010e8,
0xe51b0008,
0xebfffd8b,
0xe1a03000,
0xe59f28ec,
0xe5823168,
0xe3a010ea,
0xe51b0008,
0xebfffd85,
0xe1a03000,
0xe59f28d4,
0xe582325c,
0xe3a010ec,
0xe51b0008,
0xebfffd7f,
0xe1a03000,
0xe59f28bc,
0xe5823150,
0xe3a010ee,
0xe51b0008,
0xebfffd79,
0xe1a03000,
0xe59f28a4,
0xe5823140,
0xe3a010ef,
0xe51b0008,
0xebfffd73,
0xe1a03000,
0xe59f288c,
0xe58230d8,
0xe3a010f0,
0xe51b0008,
0xebfffd6d,
0xe1a03000,
0xe59f2874,
0xe582317c,
0xe3a010f1,
0xe51b0008,
0xebfffd67,
0xe1a03000,
0xe59f285c,
0xe5823194,
0xe3a010f2,
0xe51b0008,
0xebfffd61,
0xe1a03000,
0xe59f2844,
0xe5823160,
0xe3a010f3,
0xe51b0008,
0xebfffd5b,
0xe1a03000,
0xe59f282c,
0xe582315c,
0xe3a010f4,
0xe51b0008,
0xebfffd55,
0xe1a03000,
0xe59f2814,
0xe58230cc,
0xe3a010f5,
0xe51b0008,
0xebfffd4f,
0xe1a03000,
0xe59f27fc,
0xe58230dc,
0xe3a01c01,
0xe51b0008,
0xebfffd49,
0xe1a03000,
0xe59f27e4,
0xe5823184,
0xe3001102,
0xe51b0008,
0xebfffd43,
0xe1a03000,
0xe59f27cc,
0xe5823134,
0xe3001103,
0xe51b0008,
0xebfffd3d,
0xe1a03000,
0xe59f27b4,
0xe5823154,
0xe3a01f41,
0xe51b0008,
0xebfffd37,
0xe1a03000,
0xe59f279c,
0xe5823188,
0xe3001105,
0xe51b0008,
0xebfffd31,
0xe1a03000,
0xe59f2784,
0xe582326c,
0xe3001106,
0xe51b0008,
0xebfffd2b,
0xe1a03000,
0xe59f276c,
0xe5823138,
0xe3001107,
0xe51b0008,
0xebfffd25,
0xe1a03000,
0xe59f2754,
0xe5823274,
0xe3a01f42,
0xe51b0008,
0xebfffd1f,
0xe1a03000,
0xe59f273c,
0xe5823148,
0xe300110a,
0xe51b0008,
0xebfffd19,
0xe1a03000,
0xe59f2724,
0xe5823270,
0xe300110f,
0xe51b0008,
0xebfffd13,
0xe1a03000,
0xe59f270c,
0xe5823130,
0xe3001112,
0xe51b0008,
0xebfffd0d,
0xe1a03000,
0xe59f26f4,
0xe5823170,
0xe3001115,
0xe51b0008,
0xebfffd07,
0xe1a03000,
0xe59f26dc,
0xe5823180,
0xe3a01f46,
0xe51b0008,
0xebfffd01,
0xe1a03000,
0xe59f26c4,
0xe582319c,
0xe300111a,
0xe51b0008,
0xebfffcfb,
0xe1a03000,
0xe59f26ac,
0xe582316c,
0xe300111b,
0xe51b0008,
0xebfffcf5,
0xe1a03000,
0xe59f2694,
0xe5823164,
0xe3a01f47,
0xe51b0008,
0xebfffcef,
0xe1a03000,
0xe59f267c,
0xe5823258,
0xe3a01e12,
0xe51b0008,
0xebfffce9,
0xe1a03000,
0xe59f2664,
0xe5823264,
0xe3001121,
0xe51b0008,
0xebfffce3,
0xe1a03000,
0xe59f264c,
0xe582313c,
0xe3001122,
0xe51b0008,
0xebfffcdd,
0xe1a03000,
0xe59f2634,
0xe5823158,
0xe3a01f4e,
0xe51b0008,
0xebfffcd7,
0xe1a03000,
0xe59f261c,
0xe5823198,
0xe3001139,
0xe51b0008,
0xebfffcd1,
0xe1a03000,
0xe59f2604,
0xe58231a0,
0xe300113a,
0xe51b0008,
0xebfffccb,
0xe1a03000,
0xe59f25ec,
0xe5823144,
0xe300113b,
0xe51b0008,
0xebfffcc5,
0xe1a03000,
0xe59f25d4,
0xe5823260,
0xe3001141,
0xe51b0008,
0xebfffcbf,
0xe1a03000,
0xe59f25bc,
0xe582318c,
0xe3001142,
0xe51b0008,
0xebfffcb9,
0xe1a03000,
0xe59f25a4,
0xe5823190,
0xe3001143,
0xe51b0008,
0xebfffcb3,
0xe1a03000,
0xe59f258c,
0xe5823254,
0xe3a01f51,
0xe51b0008,
0xebfffcad,
0xe1a03000,
0xe59f2574,
0xe5823268,
0xe3a01f52,
0xe51b0008,
0xebfffca7,
0xe1a03000,
0xe59f255c,
0xe58231a4,
0xe300114a,
0xe51b0008,
0xebfffca1,
0xe1a03000,
0xe59f2544,
0xe5823128,
0xe3a01f53,
0xe51b0008,
0xebfffc9b,
0xe1a03000,
0xe59f252c,
0xe582312c,
0xe300114d,
0xe51b0008,
0xebfffc95,
0xe1a03000,
0xe59f2514,
0xe5823174,
0xe300114e,
0xe51b0008,
0xebfffc8f,
0xe1a03000,
0xe59f24fc,
0xe5823178,
0xe3a0108e,
0xe51b0008,
0xebfffc89,
0xe1a03000,
0xe59f24e4,
0xe58230e8,
0xe3a0108f,
0xe51b0008,
0xebfffc83,
0xe1a03000,
0xe59f24cc,
0xe58230ec,
0xe3a01091,
0xe51b0008,
0xebfffc7d,
0xe1a03000,
0xe59f24b4,
0xe5823084,
0xe3a01096,
0xe51b0008,
0xebfffc77,
0xe1a03000,
0xe59f249c,
0xe5823090,
0xe3a01097,
0xe51b0008,
0xebfffc71,
0xe1a03000,
0xe59f2484,
0xe5823094,
0xe3a01098,
0xe51b0008,
0xebfffc6b,
0xe1a03000,
0xe59f246c,
0xe5823098,
0xe3a01099,
0xe51b0008,
0xebfffc65,
0xe1a03000,
0xe59f2454,
0xe582309c,
0xe3a0109a,
0xe51b0008,
0xebfffc5f,
0xe1a03000,
0xe59f243c,
0xe58230a0,
0xe3a0109b,
0xe51b0008,
0xebfffc59,
0xe1a03000,
0xe59f2424,
0xe58230ac,
0xe3a0109c,
0xe51b0008,
0xebfffc53,
0xe1a03000,
0xe59f240c,
0xe58230a4,
0xe3a0109d,
0xe51b0008,
0xebfffc4d,
0xe1a03000,
0xe59f23f4,
0xe58230a8,
0xe3001101,
0xe51b0008,
0xebfffc47,
0xe1a03000,
0xe59f23dc,
0xe58230d0,
0xe3001113,
0xe51b0008,
0xebfffc41,
0xe1a03000,
0xe59f23c4,
0xe58230c8,
0xe3001117,
0xe51b0008,
0xebfffc3b,
0xe1a03000,
0xe59f23ac,
0xe58230c0,
0xe3001145,
0xe51b0008,
0xebfffc35,
0xe1a03000,
0xe59f2394,
0xe58230d4,
0xe3001146,
0xe51b0008,
0xebfffc2f,
0xe1a03000,
0xe59f237c,
0xe58230c4,
0xe3001161,
0xe51b0008,
0xebfffc29,
0xe1a03000,
0xe59f2364,
0xe58230b0,
0xe3001162,
0xe51b0008,
0xebfffc23,
0xe1a03000,
0xe59f234c,
0xe58230b4,
0xe3001163,
0xe51b0008,
0xebfffc1d,
0xe1a03000,
0xe59f2334,
0xe58230b8,
0xe3a01f59,
0xe51b0008,
0xebfffc17,
0xe1a03000,
0xe59f231c,
0xe58230bc,
0xe3a01e1d,
0xe51b0008,
0xebfffc11,
0xe1a03000,
0xe59f2304,
0xe5823018,
0xe30011d1,
0xe51b0008,
0xebfffc0b,
0xe1a03000,
0xe59f22ec,
0xe582301c,
0xe30011d6,
0xe51b0008,
0xebfffc05,
0xe1a03000,
0xe59f22d4,
0xe5823020,
0xe30011d7,
0xe51b0008,
0xebfffbff,
0xe1a03000,
0xe59f22bc,
0xe5823024,
0xe3a01f76,
0xe51b0008,
0xebfffbf9,
0xe1a03000,
0xe59f22a4,
0xe5823028,
0xe3001203,
0xe51b0008,
0xebfffbf3,
0xe1a03000,
0xe59f228c,
0xe582302c,
0xe3a01f81,
0xe51b0008,
0xebfffbed,
0xe1a03000,
0xe59f2274,
0xe5823030,
0xe3001207,
0xe51b0008,
0xebfffbe7,
0xe1a03000,
0xe59f225c,
0xe582303c,
0xe3a01f82,
0xe51b0008,
0xebfffbe1,
0xe1a03000,
0xe59f2244,
0xe5823040,
0xe3001209,
0xe51b0008,
0xebfffbdb,
0xe1a03000,
0xe59f222c,
0xe5823034,
0xe300120a,
0xe51b0008,
0xebfffbd5,
0xe1a03000,
0xe59f2214,
0xe5823038,
0xe3a01f8a,
0xe51b0008,
0xebfffbcf,
0xe1a03000,
0xe59f21fc,
0xe5823044,
0xe3001229,
0xe51b0008,
0xebfffbc9,
0xe1a03000,
0xe59f21e4,
0xe5823048,
0xe3a01f8b,
0xe51b0008,
0xebfffbc3,
0xe1a03000,
0xe59f21cc,
0xe582304c,
0xe3a01e23,
0xe51b0008,
0xebfffbbd,
0xe1a03000,
0xe59f21b4,
0xe5823050,
0xe3001231,
0xe51b0008,
0xebfffbb7,
0xe1a03000,
0xe59f219c,
0xe5823054,
0xe3001232,
0xe51b0008,
0xebfffbb1,
0xe1a03000,
0xe59f2184,
0xe5823058,
0xe3001241,
0xe51b0008,
0xebfffbab,
0xe1a03000,
0xe59f216c,
0xe5823000,
0xe3001242,
0xe51b0008,
0xebfffba5,
0xe1a03000,
0xe59f2154,
0xe5823004,
0xe3a01e27,
0xe51b0008,
0xebfffb9f,
0xe1a03000,
0xe59f213c,
0xe5823008,
0xe3001271,
0xe51b0008,
0xebfffb99,
0xe1a03000,
0xe59f2124,
0xe582300c,
0xe3a01f9d,
0xe51b0008,
0xebfffb93,
0xe1a03000,
0xe59f210c,
0xe5823010,
0xe3001275,
0xe51b0008,
0xebfffb8d,
0xe1a03000,
0xe59f20f4,
0xe5823014,
0xe30012bb,
0xe51b0008,
0xebfffb87,
0xe1a03000,
0xe59f20dc,
0xe582307c,
0xe3a01faf,
0xe51b0008,
0xebfffb81,
0xe1a03000,
0xe59f20c4,
0xe5823080,
0xe3a01e31,
0xe51b0008,
0xebfffb7b,
0xe1a03000,
0xe59f20ac,
0xe582305c,
0xe3001312,
0xe51b0008,
0xebfffb75,
0xe1a03000,
0xe59f2094,
0xe5823060,
0xe300131d,
0xe51b0008,
0xebfffb6f,
0xe1a03000,
0xe59f207c,
0xe5823064,
0xe300131f,
0xe51b0008,
0xebfffb69,
0xe1a03000,
0xe59f2064,
0xe5823068,
0xe300132a,
0xe51b0008,
0xebfffb63,
0xe1a03000,
0xe59f204c,
0xe582306c,
0xe3a01fcb,
0xe51b0008,
0xebfffb5d,
0xe1a03000,
0xe59f2034,
0xe5823070,
0xe3001337,
0xe51b0008,
0xebfffb57,
0xe1a03000,
0xe59f201c,
0xe5823074,
0xe3001339,
0xe51b0008,
0xebfffb51,
0xe1a03000,
0xe59f2004,
0xe5823078,
0xea0003bb,
0xf07c8b0c,
0xf07c888c,
0xe3a01000,
0xe51b0008,
0xebfffb48,
0xe1a03000,
0xe51f201c,
0xe58231bc,
0xe3a01001,
0xe51b0008,
0xebfffb42,
0xe1a03000,
0xe51f2034,
0xe5823214,
0xe3a01002,
0xe51b0008,
0xebfffb3c,
0xe1a03000,
0xe51f204c,
0xe5823218,
0xe3a01004,
0xe51b0008,
0xebfffb36,
0xe1a03000,
0xe51f2064,
0xe582321c,
0xe3a01005,
0xe51b0008,
0xebfffb30,
0xe1a03000,
0xe51f207c,
0xe5823220,
0xe3a01006,
0xe51b0008,
0xebfffb2a,
0xe1a03000,
0xe51f2094,
0xe5823224,
0xe3a01007,
0xe51b0008,
0xebfffb24,
0xe1a03000,
0xe51f20ac,
0xe5823228,
0xe3a01009,
0xe51b0008,
0xebfffb1e,
0xe1a03000,
0xe51f20c4,
0xe582322c,
0xe3a0100a,
0xe51b0008,
0xebfffb18,
0xe1a03000,
0xe51f20dc,
0xe5823230,
0xe3a0100b,
0xe51b0008,
0xebfffb12,
0xe1a03000,
0xe51f20f4,
0xe5823234,
0xe3a0100d,
0xe51b0008,
0xebfffb0c,
0xe1a03000,
0xe51f210c,
0xe58231c0,
0xe3a0100e,
0xe51b0008,
0xebfffb06,
0xe1a03000,
0xe51f2124,
0xe58231c4,
0xe3a0100f,
0xe51b0008,
0xebfffb00,
0xe1a03000,
0xe51f213c,
0xe58231c8,
0xe3a01010,
0xe51b0008,
0xebfffafa,
0xe1a03000,
0xe51f2154,
0xe58231cc,
0xe3a01011,
0xe51b0008,
0xebfffaf4,
0xe1a03000,
0xe51f216c,
0xe58231d0,
0xe3a01012,
0xe51b0008,
0xebfffaee,
0xe1a03000,
0xe51f2184,
0xe58231d4,
0xe3a01013,
0xe51b0008,
0xebfffae8,
0xe1a03000,
0xe51f219c,
0xe58231d8,
0xe3a01015,
0xe51b0008,
0xebfffae2,
0xe1a03000,
0xe51f21b4,
0xe58231dc,
0xe3a01016,
0xe51b0008,
0xebfffadc,
0xe1a03000,
0xe51f21cc,
0xe58231e0,
0xe3a01017,
0xe51b0008,
0xebfffad6,
0xe1a03000,
0xe51f21e4,
0xe58231e4,
0xe3a01018,
0xe51b0008,
0xebfffad0,
0xe1a03000,
0xe51f21fc,
0xe58231e8,
0xe3a01019,
0xe51b0008,
0xebfffaca,
0xe1a03000,
0xe51f2214,
0xe58231ec,
0xe3a0101a,
0xe51b0008,
0xebfffac4,
0xe1a03000,
0xe51f222c,
0xe58231f0,
0xe3a0101b,
0xe51b0008,
0xebfffabe,
0xe1a03000,
0xe51f2244,
0xe58231f4,
0xe3a0101c,
0xe51b0008,
0xebfffab8,
0xe1a03000,
0xe51f225c,
0xe58231f8,
0xe3a01020,
0xe51b0008,
0xebfffab2,
0xe1a03000,
0xe51f2274,
0xe5823238,
0xe3a01021,
0xe51b0008,
0xebfffaac,
0xe1a03000,
0xe51f228c,
0xe582323c,
0xe3a01022,
0xe51b0008,
0xebfffaa6,
0xe1a03000,
0xe51f22a4,
0xe5823240,
0xe3a01023,
0xe51b0008,
0xebfffaa0,
0xe1a03000,
0xe51f22bc,
0xe5823244,
0xe3a01027,
0xe51b0008,
0xebfffa9a,
0xe1a03000,
0xe51f22d4,
0xe5823248,
0xe3a01028,
0xe51b0008,
0xebfffa94,
0xe1a03000,
0xe51f22ec,
0xe582324c,
0xe3a0102d,
0xe51b0008,
0xebfffa8e,
0xe1a03000,
0xe51f2304,
0xe5823250,
0xe3a01060,
0xe51b0008,
0xebfffa88,
0xe1a03000,
0xe51f231c,
0xe58231fc,
0xe3a01061,
0xe51b0008,
0xebfffa82,
0xe1a03000,
0xe51f2334,
0xe5823200,
0xe3a01062,
0xe51b0008,
0xebfffa7c,
0xe1a03000,
0xe51f234c,
0xe5823204,
0xe3a01063,
0xe51b0008,
0xebfffa76,
0xe1a03000,
0xe51f2364,
0xe5823208,
0xe3a01064,
0xe51b0008,
0xebfffa70,
0xe1a03000,
0xe51f237c,
0xe582320c,
0xe3a01065,
0xe51b0008,
0xebfffa6a,
0xe1a03000,
0xe51f2394,
0xe5823210,
0xe3a01092,
0xe51b0008,
0xebfffa64,
0xe1a03000,
0xe51f23ac,
0xe58231b0,
0xe3a01093,
0xe51b0008,
0xebfffa5e,
0xe1a03000,
0xe51f23c4,
0xe58231b4,
0xe3a010bc,
0xe51b0008,
0xebfffa58,
0xe1a03000,
0xe51f23dc,
0xe5823124,
0xe3a010bf,
0xe51b0008,
0xebfffa52,
0xe1a03000,
0xe51f23f4,
0xe5823120,
0xe3a010c1,
0xe51b0008,
0xebfffa4c,
0xe1a03000,
0xe51f240c,
0xe58231a8,
0xe3a010c2,
0xe51b0008,
0xebfffa46,
0xe1a03000,
0xe51f2424,
0xe58231ac,
0xe3a010c4,
0xe51b0008,
0xebfffa40,
0xe1a03000,
0xe51f243c,
0xe58230e0,
0xe3a010c5,
0xe51b0008,
0xebfffa3a,
0xe1a03000,
0xe51f2454,
0xe58230e4,
0xe3a010c6,
0xe51b0008,
0xebfffa34,
0xe1a03000,
0xe51f246c,
0xe58230f0,
0xe3a010c7,
0xe51b0008,
0xebfffa2e,
0xe1a03000,
0xe51f2484,
0xe58230f4,
0xe3a010c8,
0xe51b0008,
0xebfffa28,
0xe1a03000,
0xe51f249c,
0xe58230f8,
0xe3a010c9,
0xe51b0008,
0xebfffa22,
0xe1a03000,
0xe51f24b4,
0xe58230fc,
0xe3a010ca,
0xe51b0008,
0xebfffa1c,
0xe1a03000,
0xe51f24cc,
0xe5823100,
0xe3a010cb,
0xe51b0008,
0xebfffa16,
0xe1a03000,
0xe51f24e4,
0xe5823104,
0xe3a010cc,
0xe51b0008,
0xebfffa10,
0xe1a03000,
0xe51f24fc,
0xe5823108,
0xe3a010cd,
0xe51b0008,
0xebfffa0a,
0xe1a03000,
0xe51f2514,
0xe582310c,
0xe3a010ce,
0xe51b0008,
0xebfffa04,
0xe1a03000,
0xe51f252c,
0xe5823110,
0xe3a010cf,
0xe51b0008,
0xebfff9fe,
0xe1a03000,
0xe51f2544,
0xe5823114,
0xe3a010d0,
0xe51b0008,
0xebfff9f8,
0xe1a03000,
0xe51f255c,
0xe5823118,
0xe3a010d1,
0xe51b0008,
0xebfff9f2,
0xe1a03000,
0xe51f2574,
0xe582311c,
0xe3a010d2,
0xe51b0008,
0xebfff9ec,
0xe1a03000,
0xe51f258c,
0xe5823088,
0xe3a010d3,
0xe51b0008,
0xebfff9e6,
0xe1a03000,
0xe51f25a4,
0xe582308c,
0xe3a010d8,
0xe51b0008,
0xebfff9e0,
0xe1a03000,
0xe51f25bc,
0xe5823278,
0xe3a010d9,
0xe51b0008,
0xebfff9da,
0xe1a03000,
0xe51f25d4,
0xe582327c,
0xe3a010e7,
0xe51b0008,
0xebfff9d4,
0xe1a03000,
0xe51f25ec,
0xe582314c,
0xe3a010e8,
0xe51b0008,
0xebfff9ce,
0xe1a03000,
0xe51f2604,
0xe5823168,
0xe3a010ea,
0xe51b0008,
0xebfff9c8,
0xe1a03000,
0xe51f261c,
0xe582325c,
0xe3a010ec,
0xe51b0008,
0xebfff9c2,
0xe1a03000,
0xe51f2634,
0xe5823150,
0xe3a010ee,
0xe51b0008,
0xebfff9bc,
0xe1a03000,
0xe51f264c,
0xe5823140,
0xe3a010ef,
0xe51b0008,
0xebfff9b6,
0xe1a03000,
0xe51f2664,
0xe58230d8,
0xe3a010f0,
0xe51b0008,
0xebfff9b0,
0xe1a03000,
0xe51f267c,
0xe582317c,
0xe3a010f1,
0xe51b0008,
0xebfff9aa,
0xe1a03000,
0xe51f2694,
0xe5823194,
0xe3a010f2,
0xe51b0008,
0xebfff9a4,
0xe1a03000,
0xe51f26ac,
0xe5823160,
0xe3a010f3,
0xe51b0008,
0xebfff99e,
0xe1a03000,
0xe51f26c4,
0xe582315c,
0xe3a010f4,
0xe51b0008,
0xebfff998,
0xe1a03000,
0xe51f26dc,
0xe58230cc,
0xe3a010f5,
0xe51b0008,
0xebfff992,
0xe1a03000,
0xe51f26f4,
0xe58230dc,
0xe3a01c01,
0xe51b0008,
0xebfff98c,
0xe1a03000,
0xe51f270c,
0xe5823184,
0xe3001102,
0xe51b0008,
0xebfff986,
0xe1a03000,
0xe51f2724,
0xe5823134,
0xe3001103,
0xe51b0008,
0xebfff980,
0xe1a03000,
0xe51f273c,
0xe5823154,
0xe3a01f41,
0xe51b0008,
0xebfff97a,
0xe1a03000,
0xe51f2754,
0xe5823188,
0xe3001105,
0xe51b0008,
0xebfff974,
0xe1a03000,
0xe51f276c,
0xe582326c,
0xe3001106,
0xe51b0008,
0xebfff96e,
0xe1a03000,
0xe51f2784,
0xe5823138,
0xe3001107,
0xe51b0008,
0xebfff968,
0xe1a03000,
0xe51f279c,
0xe5823274,
0xe3a01f42,
0xe51b0008,
0xebfff962,
0xe1a03000,
0xe51f27b4,
0xe5823148,
0xe300110a,
0xe51b0008,
0xebfff95c,
0xe1a03000,
0xe51f27cc,
0xe5823270,
0xe300110f,
0xe51b0008,
0xebfff956,
0xe1a03000,
0xe51f27e4,
0xe5823130,
0xe3001112,
0xe51b0008,
0xebfff950,
0xe1a03000,
0xe51f27fc,
0xe5823170,
0xe3001115,
0xe51b0008,
0xebfff94a,
0xe1a03000,
0xe51f2814,
0xe5823180,
0xe3a01f46,
0xe51b0008,
0xebfff944,
0xe1a03000,
0xe51f282c,
0xe582319c,
0xe300111a,
0xe51b0008,
0xebfff93e,
0xe1a03000,
0xe51f2844,
0xe582316c,
0xe300111b,
0xe51b0008,
0xebfff938,
0xe1a03000,
0xe51f285c,
0xe5823164,
0xe3a01f47,
0xe51b0008,
0xebfff932,
0xe1a03000,
0xe51f2874,
0xe5823258,
0xe3a01e12,
0xe51b0008,
0xebfff92c,
0xe1a03000,
0xe51f288c,
0xe5823264,
0xe3001121,
0xe51b0008,
0xebfff926,
0xe1a03000,
0xe51f28a4,
0xe582313c,
0xe3001122,
0xe51b0008,
0xebfff920,
0xe1a03000,
0xe51f28bc,
0xe5823158,
0xe3a01f4e,
0xe51b0008,
0xebfff91a,
0xe1a03000,
0xe51f28d4,
0xe5823198,
0xe3001139,
0xe51b0008,
0xebfff914,
0xe1a03000,
0xe51f28ec,
0xe58231a0,
0xe300113a,
0xe51b0008,
0xebfff90e,
0xe1a03000,
0xe51f2904,
0xe5823144,
0xe300113b,
0xe51b0008,
0xebfff908,
0xe1a03000,
0xe51f291c,
0xe5823260,
0xe3001141,
0xe51b0008,
0xebfff902,
0xe1a03000,
0xe51f2934,
0xe582318c,
0xe3001142,
0xe51b0008,
0xebfff8fc,
0xe1a03000,
0xe51f294c,
0xe5823190,
0xe3001143,
0xe51b0008,
0xebfff8f6,
0xe1a03000,
0xe51f2964,
0xe5823254,
0xe3a01f51,
0xe51b0008,
0xebfff8f0,
0xe1a03000,
0xe51f297c,
0xe5823268,
0xe3a01f52,
0xe51b0008,
0xebfff8ea,
0xe1a03000,
0xe51f2994,
0xe58231a4,
0xe300114a,
0xe51b0008,
0xebfff8e4,
0xe1a03000,
0xe51f29ac,
0xe5823128,
0xe3a01f53,
0xe51b0008,
0xebfff8de,
0xe1a03000,
0xe51f29c4,
0xe582312c,
0xe300114d,
0xe51b0008,
0xebfff8d8,
0xe1a03000,
0xe51f29dc,
0xe5823174,
0xe300114e,
0xe51b0008,
0xebfff8d2,
0xe1a03000,
0xe51f29f4,
0xe5823178,
0xe3a0108e,
0xe51b0008,
0xebfff8cc,
0xe1a03000,
0xe51f2a0c,
0xe58230e8,
0xe3a0108f,
0xe51b0008,
0xebfff8c6,
0xe1a03000,
0xe51f2a24,
0xe58230ec,
0xe3a01091,
0xe51b0008,
0xebfff8c0,
0xe1a03000,
0xe51f2a3c,
0xe5823084,
0xe3a01096,
0xe51b0008,
0xebfff8ba,
0xe1a03000,
0xe51f2a54,
0xe5823090,
0xe3a01097,
0xe51b0008,
0xebfff8b4,
0xe1a03000,
0xe51f2a6c,
0xe5823094,
0xe3a01098,
0xe51b0008,
0xebfff8ae,
0xe1a03000,
0xe51f2a84,
0xe5823098,
0xe3a01099,
0xe51b0008,
0xebfff8a8,
0xe1a03000,
0xe51f2a9c,
0xe582309c,
0xe3a0109a,
0xe51b0008,
0xebfff8a2,
0xe1a03000,
0xe51f2ab4,
0xe58230a0,
0xe3a0109b,
0xe51b0008,
0xebfff89c,
0xe1a03000,
0xe51f2acc,
0xe58230ac,
0xe3a0109c,
0xe51b0008,
0xebfff896,
0xe1a03000,
0xe51f2ae4,
0xe58230a4,
0xe3a0109d,
0xe51b0008,
0xebfff890,
0xe1a03000,
0xe51f2afc,
0xe58230a8,
0xe3001101,
0xe51b0008,
0xebfff88a,
0xe1a03000,
0xe51f2b14,
0xe58230d0,
0xe3001113,
0xe51b0008,
0xebfff884,
0xe1a03000,
0xe51f2b2c,
0xe58230c8,
0xe3001117,
0xe51b0008,
0xebfff87e,
0xe1a03000,
0xe51f2b44,
0xe58230c0,
0xe3001145,
0xe51b0008,
0xebfff878,
0xe1a03000,
0xe51f2b5c,
0xe58230d4,
0xe3001146,
0xe51b0008,
0xebfff872,
0xe1a03000,
0xe51f2b74,
0xe58230c4,
0xe3001161,
0xe51b0008,
0xebfff86c,
0xe1a03000,
0xe51f2b8c,
0xe58230b0,
0xe3001162,
0xe51b0008,
0xebfff866,
0xe1a03000,
0xe51f2ba4,
0xe58230b4,
0xe3001163,
0xe51b0008,
0xebfff860,
0xe1a03000,
0xe51f2bbc,
0xe58230b8,
0xe3a01f59,
0xe51b0008,
0xebfff85a,
0xe1a03000,
0xe51f2bd4,
0xe58230bc,
0xe3a01e1d,
0xe51b0008,
0xebfff854,
0xe1a03000,
0xe51f2bec,
0xe5823018,
0xe30011d1,
0xe51b0008,
0xebfff84e,
0xe1a03000,
0xe51f2c04,
0xe582301c,
0xe30011d6,
0xe51b0008,
0xebfff848,
0xe1a03000,
0xe51f2c1c,
0xe5823020,
0xe30011d7,
0xe51b0008,
0xebfff842,
0xe1a03000,
0xe51f2c34,
0xe5823024,
0xe3a01f76,
0xe51b0008,
0xebfff83c,
0xe1a03000,
0xe51f2c4c,
0xe5823028,
0xe3001203,
0xe51b0008,
0xebfff836,
0xe1a03000,
0xe51f2c64,
0xe582302c,
0xe3a01f81,
0xe51b0008,
0xebfff830,
0xe1a03000,
0xe51f2c7c,
0xe5823030,
0xe3001207,
0xe51b0008,
0xebfff82a,
0xe1a03000,
0xe51f2c94,
0xe582303c,
0xe3a01f82,
0xe51b0008,
0xebfff824,
0xe1a03000,
0xe51f2cac,
0xe5823040,
0xe3001209,
0xe51b0008,
0xebfff81e,
0xe1a03000,
0xe51f2cc4,
0xe5823034,
0xe300120a,
0xe51b0008,
0xebfff818,
0xe1a03000,
0xe51f2cdc,
0xe5823038,
0xe3a01f8a,
0xe51b0008,
0xebfff812,
0xe1a03000,
0xe51f2cf4,
0xe5823044,
0xe3001229,
0xe51b0008,
0xebfff80c,
0xe1a03000,
0xe51f2d0c,
0xe5823048,
0xe3a01f8b,
0xe51b0008,
0xebfff806,
0xe1a03000,
0xe51f2d24,
0xe582304c,
0xe3a01e23,
0xe51b0008,
0xebfff800,
0xe1a03000,
0xe51f2d3c,
0xe5823050,
0xe3001231,
0xe51b0008,
0xebfff7fa,
0xe1a03000,
0xe51f2d54,
0xe5823054,
0xe3001232,
0xe51b0008,
0xebfff7f4,
0xe1a03000,
0xe51f2d6c,
0xe5823058,
0xe3001241,
0xe51b0008,
0xebfff7ee,
0xe1a03000,
0xe51f2d84,
0xe5823000,
0xe3001242,
0xe51b0008,
0xebfff7e8,
0xe1a03000,
0xe51f2d9c,
0xe5823004,
0xe3a01e27,
0xe51b0008,
0xebfff7e2,
0xe1a03000,
0xe51f2db4,
0xe5823008,
0xe3001271,
0xe51b0008,
0xebfff7dc,
0xe1a03000,
0xe51f2dcc,
0xe582300c,
0xe3a01f9d,
0xe51b0008,
0xebfff7d6,
0xe1a03000,
0xe51f2de4,
0xe5823010,
0xe3001275,
0xe51b0008,
0xebfff7d0,
0xe1a03000,
0xe51f2dfc,
0xe5823014,
0xe30012bb,
0xe51b0008,
0xebfff7ca,
0xe1a03000,
0xe51f2e14,
0xe582307c,
0xe3a01faf,
0xe51b0008,
0xebfff7c4,
0xe1a03000,
0xe51f2e2c,
0xe5823080,
0xe3a01e31,
0xe51b0008,
0xebfff7be,
0xe1a03000,
0xe51f2e44,
0xe582305c,
0xe3001312,
0xe51b0008,
0xebfff7b8,
0xe1a03000,
0xe51f2e5c,
0xe5823060,
0xe300131d,
0xe51b0008,
0xebfff7b2,
0xe1a03000,
0xe51f2e74,
0xe5823064,
0xe300131f,
0xe51b0008,
0xebfff7ac,
0xe1a03000,
0xe51f2e8c,
0xe5823068,
0xe300132a,
0xe51b0008,
0xebfff7a6,
0xe1a03000,
0xe51f2ea4,
0xe582306c,
0xe3a01fcb,
0xe51b0008,
0xebfff7a0,
0xe1a03000,
0xe51f2ebc,
0xe5823070,
0xe3001337,
0xe51b0008,
0xebfff79a,
0xe1a03000,
0xe51f2ed4,
0xe5823074,
0xe3001339,
0xe51b0008,
0xebfff794,
0xe1a03000,
0xe51f2eec,
0xe5823078,
0xe320f000,
0xe24bd004,
0xe8bd8800,
0xe92d4800,
0xe28db004,
0xe24dd010,
0xe50b0010,
0xe50b1014,
0xe3a03002,
0xe3a02002,
0xe3a010d7,
0xe51b0010,
0xebfff7d3,
0xe3a03f42,
0xe34f3004,
0xe5933000,
0xe50b3008,
0xe3a03f42,
0xe34f3004,
0xe5932000,
0xe51b3008,
0xe0423003,
0xe353000a,
0x8a000000,
0xeafffff7,
0xe320f000,
0xe3a03002,
0xe3a02002,
0xe3a010d8,
0xe51b0010,
0xebfff7c1,
0xe3a03001,
0xe3a02001,
0xe3a010d8,
0xe51b0010,
0xebfff7bc,
0xe3a03080,
0xe3a02080,
0xe3a010d7,
0xe51b0010,
0xebfff7b7,
0xe3a03040,
0xe3a02040,
0xe3a010d7,
0xe51b0010,
0xebfff7b2,
0xe3a03020,
0xe3a02020,
0xe3a010d7,
0xe51b0010,
0xebfff7ad,
0xe3a03080,
0xe3a02080,
0xe3a010be,
0xe51b0010,
0xebfff7a8,
0xe3a03f42,
0xe34f3004,
0xe5933000,
0xe50b3008,
0xe3a03f42,
0xe34f3004,
0xe5932000,
0xe51b3008,
0xe0423003,
0xe3530014,
0x8a000000,
0xeafffff7,
0xe320f000,
0xe3a02088,
0xe3a01067,
0xe51b0010,
0xebfff76e,
0xe3a0204a,
0xe3a01068,
0xe51b0010,
0xebfff76a,
0xe3a03001,
0xe3a02001,
0xe3a010bd,
0xe51b0010,
0xebfff78e,
0xe3a03f42,
0xe34f3004,
0xe5933000,
0xe50b3008,
0xe3a03f42,
0xe34f3004,
0xe5932000,
0xe51b3008,
0xe0423003,
0xe353001e,
0x8a000000,
0xeafffff7,
0xe320f000,
0xe3a03002,
0xe3a02002,
0xe3a010e1,
0xe51b0010,
0xebfff77c,
0xe3a03001,
0xe3a02001,
0xe3a010e1,
0xe51b0010,
0xebfff777,
0xe3a03002,
0xe3a02002,
0xe3a010e3,
0xe51b0010,
0xebfff772,
0xe3a03001,
0xe3a02001,
0xe3a010e3,
0xe51b0010,
0xebfff76d,
0xe3a03040,
0xe3a02040,
0xe3a010e5,
0xe51b0010,
0xebfff768,
0xe3a03020,
0xe3a02020,
0xe3a010e5,
0xe51b0010,
0xebfff763,
0xe3a03f42,
0xe34f3004,
0xe5933000,
0xe50b3008,
0xe3a03f42,
0xe34f3004,
0xe5932000,
0xe51b3008,
0xe0423003,
0xe353000a,
0x8a000000,
0xeafffff7,
0xe320f000,
0xe3a03080,
0xe3a02080,
0xe3a0103d,
0xe51b0010,
0xebfff78d,
0xe3a020ff,
0xe3001149,
0xe51b0010,
0xebfff724,
0xe51b3014,
0xe5933128,
0xe1a02003,
0xe300114a,
0xe51b0010,
0xebfff71e,
0xe3a020ff,
0xe300114b,
0xe51b0010,
0xebfff71a,
0xe51b3014,
0xe593312c,
0xe1a02003,
0xe3a01f53,
0xe51b0010,
0xebfff714,
0xe3a03000,
0xe3a0200f,
0xe3a0106c,
0xe51b0010,
0xebfff738,
0xe3a00001,
0xebfff6d1,
0xe3a0300f,
0xe3a0200f,
0xe3a0106c,
0xe51b0010,
0xebfff731,
0xe3a00001,
0xebfff6ca,
0xe51b0010,
0xebfff787,
0xe3a03f42,
0xe34f3004,
0xe5933000,
0xe50b3008,
0xe3a03f42,
0xe34f3004,
0xe5932000,
0xe51b3008,
0xe0423003,
0xe3530064,
0x8a000000,
0xeafffff7,
0xe320f000,
0xe320f000,
0xe24bd004,
0xe8bd8800,
0xe92d4800,
0xe28db004,
0xe24dd010,
0xf1020012,
0xe1a0300d,
0xe59f2bec,
0xe5823000,
0xe1a0300b,
0xe59f2be4,
0xe5823000,
0xe59f3be0,
0xe2833a0e,
0xe1a0d003,
0xe59f3bd4,
0xe2833b39,
0xe1a0b003,
0xf1020011,
0xe1a0300d,
0xe59f2bc4,
0xe5823000,
0xe1a0300b,
0xe59f2bbc,
0xe5823000,
0xe59f3bac,
0xe2833b3a,
0xe1a0d003,
0xe59f3ba0,
0xe2833b3b,
0xe1a0b003,
0xf1020013,
0xe3a00000,
0xebfff79e,
0xe3a00001,
0xebfff79c,
0xe3a03004,
0xe34f3010,
0xe5933000,
0xe2033020,
0xe3530000,
0x0a000002,
0xe3a03001,
0xe50b300c,
0xea000001,
0xe3a03000,
0xe50b300c,
0xe3a03000,
0xe50b3008,
0xea000008,
0xe3a03014,
0xe34f3029,
0xe5933000,
0xe2033040,
0xe3530000,
0x1a000006,
0xe51b3008,
0xe2833001,
0xe50b3008,
0xe51b3008,
0xe3530ffa,
0x3afffff3,
0xea000000,
0xe320f000,
0xe320f000,
0xe320f000,
0xf57ff06f,
0xe3a03902,
0xe34f3000,
0xe5932000,
0xe3a03902,
0xe34f3000,
0xe3c22001,
0xe5832000,
0xe3a03902,
0xe34f3000,
0xe5933000,
0xe2033002,
0xe3530000,
0x1a000000,
0xeafffff8,
0xe320f000,
0xe51b300c,
0xe3530000,
0x0a00000e,
0xe3a03902,
0xe34f3010,
0xe5932000,
0xe3a03902,
0xe34f3010,
0xe3c22001,
0xe5832000,
0xe3a03902,
0xe34f3010,
0xe5933000,
0xe2033002,
0xe3530000,
0x1a000000,
0xeafffff8,
0xe320f000,
0xe3a0324f,
0xe5933000,
0xe3a0224f,
0xe3c33020,
0xe5823000,
0xe51b300c,
0xe3530000,
0x0a000006,
0xe3a03004,
0xe34f3010,
0xe5932000,
0xe3a03004,
0xe34f3010,
0xe3c22020,
0xe5832000,
0xe3a03032,
0xe50b3008,
0xea000004,
0xe3a0324f,
0xe5933000,
0xe51b3008,
0xe2433001,
0xe50b3008,
0xe51b3008,
0xe3530000,
0x1afffff7,
0xe3a0324f,
0xe5933000,
0xe3a0224f,
0xe3833002,
0xe5823000,
0xe3a0324f,
0xe5933000,
0xe3a0224f,
0xe3833010,
0xe5823000,
0xe51b300c,
0xe3530000,
0x0a000010,
0xe3a03004,
0xe34f3010,
0xe5932000,
0xe3a03004,
0xe34f3010,
0xe3822002,
0xe5832000,
0xe3a03004,
0xe34f3010,
0xe5932000,
0xe3a03004,
0xe34f3010,
0xe3822010,
0xe5832000,
0xea000001,
0xe3a00070,
0xebfff1ae,
0xe3a0324f,
0xe5933000,
0xe2033080,
0xe3530080,
0x1afffff8,
0xe51b300c,
0xe3530000,
0x0a000008,
0xea000001,
0xe3a00050,
0xebfff1a3,
0xe3a03004,
0xe34f3010,
0xe5933000,
0xe2033080,
0xe3530080,
0x1afffff7,
0xe3a03020,
0xe34f3000,
0xe5933000,
0xe2033010,
0xe3530000,
0x0a000006,
0xe3a03034,
0xe34f3000,
0xe5932000,
0xe3a03034,
0xe34f3000,
0xe3822080,
0xe5832000,
0xe3a03030,
0xe34f3000,
0xe5932000,
0xe3a03030,
0xe34f3000,
0xe3822001,
0xe5832000,
0xe51b300c,
0xe3530000,
0x0a000013,
0xe3a03020,
0xe34f3010,
0xe5933000,
0xe2033010,
0xe3530000,
0x0a000006,
0xe3a03034,
0xe34f3010,
0xe5932000,
0xe3a03034,
0xe34f3010,
0xe3822080,
0xe5832000,
0xe3a03030,
0xe34f3010,
0xe5932000,
0xe3a03030,
0xe34f3010,
0xe3822001,
0xe5832000,
0xe3a02000,
0xe3a01032,
0xe3a00000,
0xebfff61a,
0xe3a02000,
0xe3a01033,
0xe3a00000,
0xebfff616,
0xe3a02002,
0xe3a01034,
0xe3a00000,
0xebfff612,
0xe3a03000,
0xe3a0201f,
0xe3a01035,
0xe3a00000,
0xebfff636,
0xe3a03080,
0xe3a02080,
0xe3a01031,
0xe3a00000,
0xebfff631,
0xe51b300c,
0xe3530000,
0x0a000015,
0xe3a02000,
0xe3a01032,
0xe3a00001,
0xebfff601,
0xe3a02000,
0xe3a01033,
0xe3a00001,
0xebfff5fd,
0xe3a02002,
0xe3a01034,
0xe3a00001,
0xebfff5f9,
0xe3a03000,
0xe3a0201f,
0xe3a01035,
0xe3a00001,
0xebfff61d,
0xe3a03080,
0xe3a02080,
0xe3a01031,
0xe3a00001,
0xebfff618,
0xe3a03070,
0xe34f3002,
0xe5932000,
0xe3a03070,
0xe34f3002,
0xe3c22002,
0xe5832000,
0xe51b300c,
0xe3530000,
0x0a000006,
0xe3a03070,
0xe34f3002,
0xe5932000,
0xe3a03070,
0xe34f3002,
0xe3c22001,
0xe5832000,
0xe3a030f0,
0xe3a020ff,
0xe3001149,
0xe3a00000,
0xebfff602,
0xe3a030f0,
0xe3a020ff,
0xe300114a,
0xe3a00000,
0xebfff5fd,
0xe3a030f0,
0xe3a020ff,
0xe300114b,
0xe3a00000,
0xebfff5f8,
0xe3a030f0,
0xe3a020ff,
0xe3a01f53,
0xe3a00000,
0xebfff5f3,
0xe3a03000,
0xe3a020ff,
0xe3001129,
0xe3a00000,
0xebfff5ee,
0xe3a03000,
0xe3a020ff,
0xe300112a,
0xe3a00000,
0xebfff5e9,
0xe3a03000,
0xe3a020ff,
0xe300112b,
0xe3a00000,
0xebfff5e4,
0xe3a03000,
0xe3a0201f,
0xe3a01f4b,
0xe3a00000,
0xebfff5df,
0xe3a03000,
0xe3a02002,
0xe3a010e1,
0xe3a00000,
0xebfff5da,
0xe3a03000,
0xe3a02001,
0xe3a010e1,
0xe3a00000,
0xebfff5d5,
0xe3a03000,
0xe3a02002,
0xe3a010e3,
0xe3a00000,
0xebfff5d0,
0xe3a03000,
0xe3a02001,
0xe3a010e3,
0xe3a00000,
0xebfff5cb,
0xe3a03000,
0xe3a02020,
0xe3a010e5,
0xe3a00000,
0xebfff5c6,
0xe3a03000,
0xe3a02001,
0xe3a010bd,
0xe3a00000,
0xebfff5c1,
0xe3a03000,
0xe3a02002,
0xe3a010d8,
0xe3a00000,
0xebfff5bc,
0xe3a03000,
0xe3a02001,
0xe3a010d8,
0xe3a00000,
0xebfff5b7,
0xe3a03000,
0xe3a02080,
0xe3a010d7,
0xe3a00000,
0xebfff5b2,
0xe3a03000,
0xe3a02040,
0xe3a010d7,
0xe3a00000,
0xebfff5ad,
0xe3a03000,
0xe3a02020,
0xe3a010d7,
0xe3a00000,
0xebfff5a8,
0xe3a03000,
0xe3a02080,
0xe3a010be,
0xe3a00000,
0xebfff5a3,
0xe3a03000,
0xe3a02002,
0xe3a010d7,
0xe3a00000,
0xebfff59e,
0xe51b300c,
0xe3530000,
0x0a000068,
0xe3a030f0,
0xe3a020ff,
0xe3001149,
0xe3a00001,
0xebfff596,
0xe3a030f0,
0xe3a020ff,
0xe300114a,
0xe3a00001,
0xebfff591,
0xe3a030f0,
0xe3a020ff,
0xe300114b,
0xe3a00001,
0xebfff58c,
0xe3a030f0,
0xe3a020ff,
0xe3a01f53,
0xe3a00001,
0xebfff587,
0xe3a03000,
0xe3a020ff,
0xe3001129,
0xe3a00001,
0xebfff582,
0xe3a03000,
0xe3a020ff,
0xe300112a,
0xe3a00001,
0xebfff57d,
0xe3a03000,
0xe3a020ff,
0xe300112b,
0xe3a00001,
0xebfff578,
0xe3a03000,
0xe3a0201f,
0xe3a01f4b,
0xe3a00001,
0xebfff573,
0xe3a03000,
0xe3a02002,
0xe3a010e1,
0xe3a00001,
0xebfff56e,
0xe3a03000,
0xe3a02001,
0xe3a010e1,
0xe3a00001,
0xebfff569,
0xe3a03000,
0xe3a02002,
0xe3a010e3,
0xe3a00001,
0xebfff564,
0xe3a03000,
0xe3a02001,
0xe3a010e3,
0xe3a00001,
0xebfff55f,
0xe3a03000,
0xe3a02020,
0xe3a010e5,
0xe3a00001,
0xebfff55a,
0xe3a03000,
0xe3a02001,
0xe3a010bd,
0xe3a00001,
0xebfff555,
0xe3a03000,
0xe3a02002,
0xe3a010d8,
0xe3a00001,
0xebfff550,
0xe3a03000,
0xe3a02001,
0xe3a010d8,
0xe3a00001,
0xebfff54b,
0xe3a03000,
0xe3a02080,
0xe3a010d7,
0xe3a00001,
0xebfff546,
0xe3a03000,
0xe3a02040,
0xe3a010d7,
0xe3a00001,
0xebfff541,
0xe3a03000,
0xe3a02020,
0xe3a010d7,
0xe3a00001,
0xebfff53c,
0xe3a03000,
0xe3a02080,
0xe3a010be,
0xe3a00001,
0xebfff537,
0xe3a03000,
0xe3a02002,
0xe3a010d7,
0xe3a00001,
0xebfff532,
0xe3a00033,
0xebfff05b,
0xe3a03000,
0xe50b3008,
0xea000008,
0xe3a03014,
0xe34f3029,
0xe5933000,
0xe2033040,
0xe3530000,
0x1a000006,
0xe51b3008,
0xe2833001,
0xe50b3008,
0xe51b3008,
0xe3530ffa,
0x3afffff3,
0xea000000,
0xe320f000,
0xf57ff06f,
0xe320f003,
0xe320f000,
0xe320f000,
0xe3a030a0,
0xe34f3002,
0xe5933000,
0xe50b3010,
0xe51b3010,
0xe2033008,
0xe3530000,
0x0afffff7,
0xe51b3010,
0xe3c33004,
0xe50b3010,
0xe3a030a0,
0xe34f3002,
0xe51b2010,
0xe5832000,
0xe3a030a0,
0xe34f3002,
0xe5933000,
0xe2033008,
0xe3530000,
0x0a000000,
0xeafffff8,
0xe320f000,
0xe320f000,
0xe3a0004f,
0xebfff02c,
0xe59f13a4,
0xe3a00000,
0xebfffd20,
0xe51b300c,
0xe3530000,
0x0a000002,
0xe59f1390,
0xe3a00001,
0xebfffd1a,
0xe3a03070,
0xe34f3002,
0xe5932000,
0xe3a03070,
0xe34f3002,
0xe3822002,
0xe5832000,
0xe3a03050,
0xe34f3000,
0xe5932000,
0xe3a03050,
0xe34f3000,
0xe3822302,
0xe5832000,
0xe3a03f42,
0xe34f3004,
0xe5933000,
0xe50b3008,
0xe3a03f42,
0xe34f3004,
0xe5932000,
0xe51b3008,
0xe0423003,
0xe353000a,
0x8a000000,
0xeafffff7,
0xe320f000,
0xe3a03050,
0xe34f3000,
0xe5932000,
0xe3a03050,
0xe34f3000,
0xe3c22302,
0xe5832000,
0xe51b300c,
0xe3530000,
0x0a000021,
0xe3a03070,
0xe34f3002,
0xe5932000,
0xe3a03070,
0xe34f3002,
0xe3822001,
0xe5832000,
0xe3a03050,
0xe34f3010,
0xe5932000,
0xe3a03050,
0xe34f3010,
0xe3822302,
0xe5832000,
0xe3a03f42,
0xe34f3004,
0xe5933000,
0xe50b3008,
0xe3a03f42,
0xe34f3004,
0xe5932000,
0xe51b3008,
0xe0423003,
0xe353000a,
0x8a000000,
0xeafffff7,
0xe320f000,
0xe3a03050,
0xe34f3010,
0xe5932000,
0xe3a03050,
0xe34f3010,
0xe3c22302,
0xe5832000,
0xe3a03000,
0xe3a02080,
0xe3a01031,
0xe3a00000,
0xebfff4ac,
0xe3a03000,
0xe3a02010,
0xe3a01032,
0xe3a00000,
0xebfff4a7,
0xe3a03000,
0xe3a02002,
0xe3a01034,
0xe3a00000,
0xebfff4a2,
0xe51b300c,
0xe3530000,
0x0a00000e,
0xe3a03000,
0xe3a02080,
0xe3a01031,
0xe3a00001,
0xebfff49a,
0xe3a03000,
0xe3a02010,
0xe3a01032,
0xe3a00001,
0xebfff495,
0xe3a03000,
0xe3a02002,
0xe3a01034,
0xe3a00001,
0xebfff490,
0xe3a03030,
0xe34f3000,
0xe5932000,
0xe3a03030,
0xe34f3000,
0xe3c22001,
0xe5832000,
0xe51b300c,
0xe3530000,
0x0a000006,
0xe3a03030,
0xe34f3010,
0xe5932000,
0xe3a03030,
0xe34f3010,
0xe3c22001,
0xe5832000,
0xe3a0324f,
0xe5933000,
0xe3a0224f,
0xe3c33010,
0xe5823000,
0xe51b300c,
0xe3530000,
0x0a000009,
0xe3a03004,
0xe34f3010,
0xe5932000,
0xe3a03004,
0xe34f3010,
0xe3c22010,
0xe5832000,
0xea000001,
0xe3a00070,
0xebffef98,
0xe3a0324f,
0xe5933000,
0xe2033080,
0xe3530080,
0x0afffff8,
0xe51b300c,
0xe3530000,
0x0a000008,
0xea000001,
0xe3a00050,
0xebffef8d,
0xe3a03004,
0xe34f3010,
0xe5933000,
0xe2033080,
0xe3530080,
0x0afffff7,
0xe3a0324f,
0xe5933000,
0xe3a0224f,
0xe3833020,
0xe5823000,
0xe51b300c,
0xe3530000,
0x0a000006,
0xe3a03004,
0xe34f3010,
0xe5932000,
0xe3a03004,
0xe34f3010,
0xe3822020,
0xe5832000,
0xe3a03902,
0xe34f3000,
0xe5932000,
0xe3a03902,
0xe34f3000,
0xe3822001,
0xe5832000,
0xe51b300c,
0xe3530000,
0x0a000006,
0xe3a03902,
0xe34f3010,
0xe5932000,
0xe3a03902,
0xe34f3010,
0xe3822001,
0xe5832000,
0xf57ff05f,
0xf57ff04f,
0xf57ff06f,
0xf57ff04f,
0xe320f000,
0xe320f000,
0xe320f000,
0xe320f000,
0xe320f000,
0xf1020012,
0xe59f3054,
0xe5933000,
0xe1a0d003,
0xe59f304c,
0xe5933000,
0xe1a0b003,
0xf1020011,
0xe59f3044,
0xe5933000,
0xe1a0d003,
0xe59f303c,
0xe5933000,
0xe1a0b003,
0xf1020013,
0xf57ff06f,
0xf57ff04f,
0xe320f000,
0xe320f000,
0xe320f000,
0xe320f000,
0xe320f000,
0xe24bd004,
0xe8bd8800,
0xf07c8874,
0xf07c8878,
0xf07c0074,
0xf07c887c,
0xf07c8880,
0xf07c888c,
0xf07c8b0c,
0xe52db004,
0xe28db000,
0xe24dd00c,
0xe1a03000,
0xe54b3005,
0xe320f000,
0xe3a03014,
0xe34f3029,
0xe5d33000,
0xe6ef3073,
0xe2033020,
0xe3530000,
0x0afffff8,
0xe3a03000,
0xe34f3029,
0xe55b2005,
0xe5c32000,
0xe320f000,
0xe28bd000,
0xe49db004,
0xe12fff1e,
0xe92d4800,
0xe28db004,
0xe24dd018,
0xe3a03000,
0xe50b3008,
0xe3a03000,
0xe50b300c,
0xe3a03000,
0xe50b3010,
0xe3a03000,
0xe50b3014,
0xeb000a89,
0xe50b000c,
0xe51b300c,
0xe3530000,
0x0a000000,
0xeb000ab5,
0xe3a03c01,
0xe34f3fe0,
0xe5933000,
0xe2033001,
0xe3530000,
0x0a000000,
0xeb000aff,
0xeb000a59,
0xeb000a70,
0xe50b0008,
0xe51b3008,
0xe3530000,
0x0a000001,
0xeb000aa1,
0xeb000a46,
0xe51b3010,
0xe3530000,
0x0a000003,
0xe51b3018,
0xe3c33001,
0xe1a00003,
0xebffeef8,
0xe3a03000,
0xe34f307c,
0xe5933000,
0xe50b3014,
0xe51b3014,
0xe12fff33,
0xe3a0004f,
0xebffffbb,
0xe320f000,
0xe320f000,
0xe320f000,
0xe320f000,
0xe320f000,
0xe320f000,
0xe24bd004,
0xe8bd8800,
0xe52db004,
0xe28db000,
0xe24dd00c,
0xe50b0008,
0xe50b100c,
0xe51b3008,
0xe3530000,
0x0a000003,
0xe51b300c,
0xe24336ff,
0xe5933000,
0xea000002,
0xe51b300c,
0xe283320f,
0xe5933000,
0xe1a00003,
0xe28bd000,
0xe49db004,
0xe12fff1e,
0xe52db004,
0xe28db000,
0xe24dd014,
0xe50b0008,
0xe50b100c,
0xe50b2010,
0xe51b3008,
0xe3530000,
0x0a000005,
0xe51b300c,
0xe24336ff,
0xe1a02003,
0xe51b3010,
0xe5823000,
0xea000004,
0xe51b300c,
0xe283320f,
0xe1a02003,
0xe51b3010,
0xe5823000,
0xe320f000,
0xe28bd000,
0xe49db004,
0xe12fff1e,
0xe92d4800,
0xe28db004,
0xe24dd008,
0xe50b0008,
0xe50b100c,
0xe51b300c,
0xe1a03603,
0xe3833005,
0xe1a02003,
0xe3a01004,
0xe51b0008,
0xebffffdb,
0xe320f000,
0xe3a01004,
0xe51b0008,
0xebffffc4,
0xe1a03000,
0xe2033004,
0xe3530000,
0x1afffff8,
0xe320f000,
0xe320f000,
0xe24bd004,
0xe8bd8800,
0xe92d4800,
0xe28db004,
0xe24dd030,
0xe50b0030,
0xe3a03000,
0xe50b3008,
0xe3a03000,
0xe50b300c,
0xe3a03000,
0xe50b3020,
0xe3a03000,
0xe50b301c,
0xe3a0320f,
0xe5933000,
0xe2033007,
0xe50b3020,
0xe51b3020,
0xe3530006,
0x979ff103,
0xea000021,
0xf07c4dcc,
0xf07c4dcc,
0xf07c4dcc,
0xf07c4e08,
0xf07c4e14,
0xf07c4e20,
0xf07c4e2c,
0xe3a0006e,
0xebffee93,
0xe3a0006f,
0xebffee91,
0xe3a00073,
0xebffee8f,
0xe3a00070,
0xebffee8d,
0xe3a00074,
0xebffee8b,
0xe3a0000d,
0xebffee89,
0xe3a0000a,
0xebffee87,
0xea00000b,
0xe3a03000,
0xe50b301c,
0xea000008,
0xe3a03001,
0xe50b301c,
0xea000005,
0xe3a03002,
0xe50b301c,
0xea000002,
0xe3a03003,
0xe50b301c,
0xe320f000,
0xe51b3030,
0xe3002319,
0xe1530002,
0x1a000002,
0xe3a03000,
0xe50b300c,
0xea000008,
0xe51b3030,
0xe30023a5,
0xe1530002,
0x1a000002,
0xe3a03001,
0xe50b300c,
0xea000001,
0xe3a03002,
0xe50b300c,
0xe3a0000d,
0xebffee68,
0xe3a0000a,
0xebffee66,
0xe3a03004,
0xe34f3010,
0xe5933000,
0xe2033020,
0xe3530000,
0x0a000002,
0xe3a03001,
0xe50b3008,
0xea000001,
0xe3a03000,
0xe50b3008,
0xe3a03902,
0xe34f3000,
0xe5932000,
0xe3a03902,
0xe34f3000,
0xe3c22001,
0xe5832000,
0xe3a03902,
0xe34f3000,
0xe5933000,
0xe2033002,
0xe3530000,
0x1a000000,
0xeafffff8,
0xe320f000,
0xe51b3008,
0xe3530000,
0x0a00000e,
0xe3a03902,
0xe34f3010,
0xe5932000,
0xe3a03902,
0xe34f3010,
0xe3c22001,
0xe5832000,
0xe3a03902,
0xe34f3010,
0xe5933000,
0xe2033002,
0xe3530000,
0x1a000000,
0xeafffff8,
0xe320f000,
0xe3a0324f,
0xe5933000,
0xe3a0224f,
0xe3c33020,
0xe5823000,
0xe51b3008,
0xe3530000,
0x0a000006,
0xe3a03004,
0xe34f3010,
0xe5932000,
0xe3a03004,
0xe34f3010,
0xe3c22020,
0xe5832000,
0xe3a03032,
0xe50b3010,
0xea000004,
0xe3a0324f,
0xe5933000,
0xe51b3010,
0xe2433001,
0xe50b3010,
0xe51b3010,
0xe3530000,
0x1afffff7,
0xe3a0324f,
0xe5933000,
0xe3a0224f,
0xe3833002,
0xe5823000,
0xe3a0324f,
0xe5933000,
0xe3a0224f,
0xe3833010,
0xe5823000,
0xe51b3008,
0xe3530000,
0x0a000010,
0xe3a03004,
0xe34f3010,
0xe5932000,
0xe3a03004,
0xe34f3010,
0xe3822002,
0xe5832000,
0xe3a03004,
0xe34f3010,
0xe5932000,
0xe3a03004,
0xe34f3010,
0xe3822010,
0xe5832000,
0xea000001,
0xe3a00070,
0xebffee02,
0xe3a0324f,
0xe5933000,
0xe2033080,
0xe3530080,
0x1afffff8,
0xe51b3008,
0xe3530000,
0x0a000008,
0xea000001,
0xe3a00050,
0xebffedf7,
0xe3a03004,
0xe34f3010,
0xe5933000,
0xe2033080,
0xe3530080,
0x1afffff7,
0xe3a02000,
0xe3a01032,
0xe3a00000,
0xebfff299,
0xe3a02000,
0xe3a01033,
0xe3a00000,
0xebfff295,
0xe3a02002,
0xe3a01034,
0xe3a00000,
0xebfff291,
0xe3a03000,
0xe3a0201f,
0xe3a01035,
0xe3a00000,
0xebfff2b5,
0xe3a03080,
0xe3a02080,
0xe3a01031,
0xe3a00000,
0xebfff2b0,
0xe51b3008,
0xe3530000,
0x0a000015,
0xe3a02000,
0xe3a01032,
0xe3a00001,
0xebfff280,
0xe3a02000,
0xe3a01033,
0xe3a00001,
0xebfff27c,
0xe3a02002,
0xe3a01034,
0xe3a00001,
0xebfff278,
0xe3a03000,
0xe3a0201f,
0xe3a01035,
0xe3a00001,
0xebfff29c,
0xe3a03080,
0xe3a02080,
0xe3a01031,
0xe3a00001,
0xebfff297,
0xe3a03070,
0xe34f3002,
0xe5932000,
0xe3a03070,
0xe34f3002,
0xe3c22002,
0xe5832000,
0xe51b3008,
0xe3530000,
0x0a000006,
0xe3a03070,
0xe34f3002,
0xe5932000,
0xe3a03070,
0xe34f3002,
0xe3c22001,
0xe5832000,
0xe3a03000,
0xe3a02001,
0xe3a010bd,
0xe3a00000,
0xebfff281,
0xe51b3008,
0xe3530000,
0x0a000004,
0xe3a03000,
0xe3a02001,
0xe3a010bd,
0xe3a00001,
0xebfff279,
0xe59f1198,
0xe51b200c,
0xe51b301c,
0xe3a000a0,
0xe0020290,
0xe3a00e1e,
0xe0030390,
0xe0823003,
0xe0813003,
0xe2833004,
0xe5932000,
0xe3043420,
0xe34f3002,
0xe6ef2072,
0xe5832000,
0xe59f115c,
0xe51b200c,
0xe51b301c,
0xe3a000a0,
0xe0020290,
0xe3a00e1e,
0xe0030390,
0xe0823003,
0xe0813003,
0xe2833004,
0xe5933000,
0xe1a02423,
0xe3043424,
0xe34f3002,
0xe6ef2072,
0xe5832000,
0xe59f111c,
0xe51b200c,
0xe51b301c,
0xe3a000a0,
0xe0020290,
0xe3a00e1e,
0xe0030390,
0xe0823003,
0xe0813003,
0xe2833004,
0xe5933000,
0xe1a02823,
0xe3043428,
0xe34f3002,
0xe6ef2072,
0xe5832000,
0xe51b3008,
0xe3530000,
0x0a000033,
0xe51b300c,
0xe3530002,
0x0a000023,
0xe51b300c,
0xe3530002,
0x8a000030,
0xe51b300c,
0xe3530000,
0x0a000003,
0xe51b300c,
0xe3530001,
0x0a00000d,
0xea000029,
0xe3043460,
0xe34f3002,
0xe3a02000,
0xe5832000,
0xe3043464,
0xe34f3002,
0xe3a02090,
0xe5832000,
0xe3043468,
0xe34f3002,
0xe3a02020,
0xe5832000,
0xea00001d,
0xe3043460,
0xe34f3002,
0xe3a020aa,
0xe5832000,
0xe3043464,
0xe34f3002,
0xe3a0205a,
0xe5832000,
0xe3043468,
0xe34f3002,
0xe3a02026,
0xe5832000,
0xea000010,
0xe3043460,
0xe34f3002,
0xe3a02055,
0xe5832000,
0xe3043464,
0xe34f3002,
0xe3a020e5,
0xe5832000,
0xe3043468,
0xe34f3002,
0xe3a0202b,
0xe5832000,
0xea000003,
0xe320f000,
0xea000001,
0xf07c8d98,
0xe320f000,
0xe51f1010,
0xe51b200c,
0xe51b301c,
0xe3a000a0,
0xe0020290,
0xe3a00e1e,
0xe0030390,
0xe0823003,
0xe0813003,
0xe283309b,
0xe5d33000,
0xe203300f,
0xe3a0200f,
0xe3a010d4,
0xe3a00000,
0xebfff1ff,
0xe51f1050,
0xe51b200c,
0xe51b301c,
0xe3a000a0,
0xe0020290,
0xe3a00e1e,
0xe0030390,
0xe0823003,
0xe0813003,
0xe283309c,
0xe5d33000,
0xe1a02003,
0xe3a010d5,
0xe3a00000,
0xebfff1c7,
0xe51f108c,
0xe51b200c,
0xe51b301c,
0xe3a000a0,
0xe0020290,
0xe3a00e1e,
0xe0030390,
0xe0823003,
0xe0813003,
0xe283309d,
0xe5d33000,
0xe1a02003,
0xe3a010d6,
0xe3a00000,
0xebfff1b8,
0xe51b3008,
0xe3530000,
0x0a00002d,
0xe51f10d4,
0xe51b200c,
0xe51b301c,
0xe3a000a0,
0xe0020290,
0xe3a00e1e,
0xe0030390,
0xe0823003,
0xe0813003,
0xe283309b,
0xe5d33000,
0xe203300f,
0xe3a0200f,
0xe3a010d4,
0xe3a00001,
0xebfff1ce,
0xe51f1114,
0xe51b200c,
0xe51b301c,
0xe3a000a0,
0xe0020290,
0xe3a00e1e,
0xe0030390,
0xe0823003,
0xe0813003,
0xe283309c,
0xe5d33000,
0xe1a02003,
0xe3a010d5,
0xe3a00001,
0xebfff196,
0xe51f1150,
0xe51b200c,
0xe51b301c,
0xe3a000a0,
0xe0020290,
0xe3a00e1e,
0xe0030390,
0xe0823003,
0xe0813003,
0xe283309d,
0xe5d33000,
0xe1a02003,
0xe3a010d6,
0xe3a00001,
0xebfff187,
0xe51f118c,
0xe51b200c,
0xe51b301c,
0xe3a000a0,
0xe0020290,
0xe3a00e1e,
0xe0030390,
0xe0823003,
0xe0813003,
0xe283302c,
0xe5d33000,
0xe3a0200c,
0xe3a010bc,
0xe3a00000,
0xebfff1a1,
0xe51b3008,
0xe3530000,
0x0a00000e,
0xe51f11d4,
0xe51b200c,
0xe51b301c,
0xe3a000a0,
0xe0020290,
0xe3a00e1e,
0xe0030390,
0xe0823003,
0xe0813003,
0xe283302c,
0xe5d33000,
0xe3a0200c,
0xe3a010bc,
0xe3a00001,
0xebfff18f,
0xe51f1210,
0xe51b200c,
0xe51b301c,
0xe3a000a0,
0xe0020290,
0xe3a00e1e,
0xe0030390,
0xe0823003,
0xe0813003,
0xe283302d,
0xe5d33000,
0xe1a02003,
0xe300114a,
0xe3a00000,
0xebfff157,
0xe51b3008,
0xe3530000,
0x0a00000e,
0xe51f1258,
0xe51b200c,
0xe51b301c,
0xe3a000a0,
0xe0020290,
0xe3a00e1e,
0xe0030390,
0xe0823003,
0xe0813003,
0xe283302d,
0xe5d33000,
0xe1a02003,
0xe300114a,
0xe3a00001,
0xebfff145,
0xe51f1294,
0xe51b200c,
0xe51b301c,
0xe3a000a0,
0xe0020290,
0xe3a00e1e,
0xe0030390,
0xe0823003,
0xe0813003,
0xe283302e,
0xe5d33000,
0xe1a02003,
0xe3a01f53,
0xe3a00000,
0xebfff136,
0xe51b3008,
0xe3530000,
0x0a00000e,
0xe51f12dc,
0xe51b200c,
0xe51b301c,
0xe3a000a0,
0xe0020290,
0xe3a00e1e,
0xe0030390,
0xe0823003,
0xe0813003,
0xe283302e,
0xe5d33000,
0xe1a02003,
0xe3a01f53,
0xe3a00001,
0xebfff124,
0xe51f1318,
0xe51b200c,
0xe51b301c,
0xe3a000a0,
0xe0020290,
0xe3a00e1e,
0xe0030390,
0xe0823003,
0xe0813003,
0xe283306d,
0xe5d33000,
0xe1a02003,
0xe3a01010,
0xe3a00000,
0xebfff115,
0xe51b3008,
0xe3530000,
0x0a00000e,
0xe51f1360,
0xe51b200c,
0xe51b301c,
0xe3a000a0,
0xe0020290,
0xe3a00e1e,
0xe0030390,
0xe0823003,
0xe0813003,
0xe283306d,
0xe5d33000,
0xe1a02003,
0xe3a01010,
0xe3a00001,
0xebfff103,
0xe51f139c,
0xe51b200c,
0xe51b301c,
0xe3a000a0,
0xe0020290,
0xe3a00e1e,
0xe0030390,
0xe0823003,
0xe0813003,
0xe283306e,
0xe5d33000,
0xe1a02003,
0xe3a01011,
0xe3a00000,
0xebfff0f4,
0xe51b3008,
0xe3530000,
0x0a00000e,
0xe51f13e4,
0xe51b200c,
0xe51b301c,
0xe3a000a0,
0xe0020290,
0xe3a00e1e,
0xe0030390,
0xe0823003,
0xe0813003,
0xe283306e,
0xe5d33000,
0xe1a02003,
0xe3a01011,
0xe3a00001,
0xebfff0e2,
0xe51f1420,
0xe51b200c,
0xe51b301c,
0xe3a000a0,
0xe0020290,
0xe3a00e1e,
0xe0030390,
0xe0823003,
0xe0813003,
0xe283306f,
0xe5d33000,
0xe2033007,
0xe3a02007,
0xe3a01012,
0xe3a00000,
0xebfff0fb,
0xe51b3008,
0xe3530000,
0x0a00000f,
0xe51f146c,
0xe51b200c,
0xe51b301c,
0xe3a000a0,
0xe0020290,
0xe3a00e1e,
0xe0030390,
0xe0823003,
0xe0813003,
0xe283306f,
0xe5d33000,
0xe2033007,
0xe3a02007,
0xe3a01012,
0xe3a00001,
0xebfff0e8,
0xe51b301c,
0xe3530000,
0x1a000045,
0xe51f14b8,
0xe51b200c,
0xe51b301c,
0xe3a000a0,
0xe0020290,
0xe3a00e1e,
0xe0030390,
0xe0823003,
0xe0813003,
0xe283306f,
0xe5d33000,
0xe20330f0,
0xe3a020f0,
0xe3a01012,
0xe3a00000,
0xebfff0d5,
0xe51b3008,
0xe3530000,
0x0a00000f,
0xe51f1504,
0xe51b200c,
0xe51b301c,
0xe3a000a0,
0xe0020290,
0xe3a00e1e,
0xe0030390,
0xe0823003,
0xe0813003,
0xe283306f,
0xe5d33000,
0xe20330f0,
0xe3a020f0,
0xe3a01012,
0xe3a00001,
0xebfff0c2,
0xe51f1544,
0xe51b200c,
0xe51b301c,
0xe3a000a0,
0xe0020290,
0xe3a00e1e,
0xe0030390,
0xe0823003,
0xe0813003,
0xe2833070,
0xe5d33000,
0xe203301f,
0xe3a0201f,
0xe3a01013,
0xe3a00000,
0xebfff0b2,
0xe51b3008,
0xe3530000,
0x0a00000f,
0xe51f1590,
0xe51b200c,
0xe51b301c,
0xe3a000a0,
0xe0020290,
0xe3a00e1e,
0xe0030390,
0xe0823003,
0xe0813003,
0xe2833070,
0xe5d33000,
0xe203301f,
0xe3a0201f,
0xe3a01013,
0xe3a00001,
0xebfff09f,
0xe51f15d0,
0xe51b200c,
0xe51b301c,
0xe3a000a0,
0xe0020290,
0xe3a00e1e,
0xe0030390,
0xe0823003,
0xe0813003,
0xe283306f,
0xe5d33000,
0xe20330f0,
0xe3a020f0,
0xe3a01012,
0xe3a00000,
0xebfff08f,
0xe51b3008,
0xe3530000,
0x0a00000f,
0xe51f161c,
0xe51b200c,
0xe51b301c,
0xe3a000a0,
0xe0020290,
0xe3a00e1e,
0xe0030390,
0xe0823003,
0xe0813003,
0xe283306f,
0xe5d33000,
0xe20330f0,
0xe3a020f0,
0xe3a01012,
0xe3a00001,
0xebfff07c,
0xe51f165c,
0xe51b200c,
0xe51b301c,
0xe3a000a0,
0xe0020290,
0xe3a00e1e,
0xe0030390,
0xe0823003,
0xe0813003,
0xe2833070,
0xe5d33000,
0xe203301f,
0xe3a0201f,
0xe3a01013,
0xe3a00000,
0xebfff06c,
0xe51b3008,
0xe3530000,
0x0a00000f,
0xe51f16a8,
0xe51b200c,
0xe51b301c,
0xe3a000a0,
0xe0020290,
0xe3a00e1e,
0xe0030390,
0xe0823003,
0xe0813003,
0xe2833070,
0xe5d33000,
0xe203301f,
0xe3a0201f,
0xe3a01013,
0xe3a00001,
0xebfff059,
0xe51f16e8,
0xe51b200c,
0xe51b301c,
0xe3a000a0,
0xe0020290,
0xe3a00e1e,
0xe0030390,
0xe0823003,
0xe0813003,
0xe2833071,
0xe5d33000,
0xe1a02003,
0xe3a01015,
0xe3a00000,
0xebfff021,
0xe51b3008,
0xe3530000,
0x0a00000e,
0xe51f1730,
0xe51b200c,
0xe51b301c,
0xe3a000a0,
0xe0020290,
0xe3a00e1e,
0xe0030390,
0xe0823003,
0xe0813003,
0xe2833071,
0xe5d33000,
0xe1a02003,
0xe3a01015,
0xe3a00001,
0xebfff00f,
0xe51f176c,
0xe51b200c,
0xe51b301c,
0xe3a000a0,
0xe0020290,
0xe3a00e1e,
0xe0030390,
0xe0823003,
0xe0813003,
0xe2833072,
0xe5d33000,
0xe1a02003,
0xe3a01016,
0xe3a00000,
0xebfff000,
0xe51b3008,
0xe3530000,
0x0a00000e,
0xe51f17b4,
0xe51b200c,
0xe51b301c,
0xe3a000a0,
0xe0020290,
0xe3a00e1e,
0xe0030390,
0xe0823003,
0xe0813003,
0xe2833072,
0xe5d33000,
0xe1a02003,
0xe3a01016,
0xe3a00001,
0xebffefee,
0xe51f17f0,
0xe51b200c,
0xe51b301c,
0xe3a000a0,
0xe0020290,
0xe3a00e1e,
0xe0030390,
0xe0823003,
0xe0813003,
0xe2833075,
0xe5d33000,
0xe1a02003,
0xe3a01019,
0xe3a00000,
0xebffefdf,
0xe51b3008,
0xe3530000,
0x0a00000e,
0xe51f1838,
0xe51b200c,
0xe51b301c,
0xe3a000a0,
0xe0020290,
0xe3a00e1e,
0xe0030390,
0xe0823003,
0xe0813003,
0xe2833075,
0xe5d33000,
0xe1a02003,
0xe3a01019,
0xe3a00001,
0xebffefcd,
0xe51f1874,
0xe51b200c,
0xe51b301c,
0xe3a000a0,
0xe0020290,
0xe3a00e1e,
0xe0030390,
0xe0823003,
0xe0813003,
0xe2833076,
0xe5d33000,
0xe1a02003,
0xe3a0101a,
0xe3a00000,
0xebffefbe,
0xe51b3008,
0xe3530000,
0x0a00000e,
0xe51f18bc,
0xe51b200c,
0xe51b301c,
0xe3a000a0,
0xe0020290,
0xe3a00e1e,
0xe0030390,
0xe0823003,
0xe0813003,
0xe2833076,
0xe5d33000,
0xe1a02003,
0xe3a0101a,
0xe3a00001,
0xebffefac,
0xe51f18f8,
0xe51b200c,
0xe51b301c,
0xe3a000a0,
0xe0020290,
0xe3a00e1e,
0xe0030390,
0xe0823003,
0xe0813003,
0xe2833080,
0xe5d33000,
0xe203300f,
0xe3a0200f,
0xe3a01002,
0xe3a00000,
0xebffefc5,
0xe51b3008,
0xe3530000,
0x0a00000f,
0xe51f1944,
0xe51b200c,
0xe51b301c,
0xe3a000a0,
0xe0020290,
0xe3a00e1e,
0xe0030390,
0xe0823003,
0xe0813003,
0xe2833080,
0xe5d33000,
0xe203300f,
0xe3a0200f,
0xe3a01002,
0xe3a00001,
0xebffefb2,
0xe51f1984,
0xe51b200c,
0xe51b301c,
0xe3a000a0,
0xe0020290,
0xe3a00e1e,
0xe0030390,
0xe0823003,
0xe0813003,
0xe2833081,
0xe5d33000,
0xe203300f,
0xe3a0200f,
0xe3a01004,
0xe3a00000,
0xebffefa2,
0xe51b3008,
0xe3530000,
0x0a00000f,
0xe51f19d0,
0xe51b200c,
0xe51b301c,
0xe3a000a0,
0xe0020290,
0xe3a00e1e,
0xe0030390,
0xe0823003,
0xe0813003,
0xe2833081,
0xe5d33000,
0xe203300f,
0xe3a0200f,
0xe3a01004,
0xe3a00001,
0xebffef8f,
0xe51f1a10,
0xe51b200c,
0xe51b301c,
0xe3a000a0,
0xe0020290,
0xe3a00e1e,
0xe0030390,
0xe0823003,
0xe0813003,
0xe2833082,
0xe5d33000,
0xe203300f,
0xe3a0200f,
0xe3a01005,
0xe3a00000,
0xebffef7f,
0xe51b3008,
0xe3530000,
0x0a00000f,
0xe51f1a5c,
0xe51b200c,
0xe51b301c,
0xe3a000a0,
0xe0020290,
0xe3a00e1e,
0xe0030390,
0xe0823003,
0xe0813003,
0xe2833082,
0xe5d33000,
0xe203300f,
0xe3a0200f,
0xe3a01005,
0xe3a00001,
0xebffef6c,
0xe51f1a9c,
0xe51b200c,
0xe51b301c,
0xe3a000a0,
0xe0020290,
0xe3a00e1e,
0xe0030390,
0xe0823003,
0xe0813003,
0xe2833083,
0xe5d33000,
0xe203301f,
0xe3a0201f,
0xe3a01006,
0xe3a00000,
0xebffef5c,
0xe51b3008,
0xe3530000,
0x0a00000f,
0xe51f1ae8,
0xe51b200c,
0xe51b301c,
0xe3a000a0,
0xe0020290,
0xe3a00e1e,
0xe0030390,
0xe0823003,
0xe0813003,
0xe2833083,
0xe5d33000,
0xe203301f,
0xe3a0201f,
0xe3a01006,
0xe3a00001,
0xebffef49,
0xe51f1b28,
0xe51b200c,
0xe51b301c,
0xe3a000a0,
0xe0020290,
0xe3a00e1e,
0xe0030390,
0xe0823003,
0xe0813003,
0xe2833084,
0xe5d33000,
0xe203300f,
0xe3a0200f,
0xe3a01007,
0xe3a00000,
0xebffef39,
0xe51b3008,
0xe3530000,
0x0a00000f,
0xe51f1b74,
0xe51b200c,
0xe51b301c,
0xe3a000a0,
0xe0020290,
0xe3a00e1e,
0xe0030390,
0xe0823003,
0xe0813003,
0xe2833084,
0xe5d33000,
0xe203300f,
0xe3a0200f,
0xe3a01007,
0xe3a00001,
0xebffef26,
0xe51f1bb4,
0xe51b200c,
0xe51b301c,
0xe3a000a0,
0xe0020290,
0xe3a00e1e,
0xe0030390,
0xe0823003,
0xe0813003,
0xe2833085,
0xe5d33000,
0xe203303f,
0xe3a0203f,
0xe3a01009,
0xe3a00000,
0xebffef16,
0xe51b3008,
0xe3530000,
0x0a00000f,
0xe51f1c00,
0xe51b200c,
0xe51b301c,
0xe3a000a0,
0xe0020290,
0xe3a00e1e,
0xe0030390,
0xe0823003,
0xe0813003,
0xe2833085,
0xe5d33000,
0xe203303f,
0xe3a0203f,
0xe3a01009,
0xe3a00001,
0xebffef03,
0xe51f1c40,
0xe51b200c,
0xe51b301c,
0xe3a000a0,
0xe0020290,
0xe3a00e1e,
0xe0030390,
0xe0823003,
0xe0813003,
0xe2833086,
0xe5d33000,
0xe203303f,
0xe3a0203f,
0xe3a0100a,
0xe3a00000,
0xebffeef3,
0xe51b3008,
0xe3530000,
0x0a00000f,
0xe51f1c8c,
0xe51b200c,
0xe51b301c,
0xe3a000a0,
0xe0020290,
0xe3a00e1e,
0xe0030390,
0xe0823003,
0xe0813003,
0xe2833086,
0xe5d33000,
0xe203303f,
0xe3a0203f,
0xe3a0100a,
0xe3a00001,
0xebffeee0,
0xe51f1ccc,
0xe51b200c,
0xe51b301c,
0xe3a000a0,
0xe0020290,
0xe3a00e1e,
0xe0030390,
0xe0823003,
0xe0813003,
0xe2833087,
0xe5d33000,
0xe203301f,
0xe3a0201f,
0xe3a0100b,
0xe3a00000,
0xebffeed0,
0xe51b3008,
0xe3530000,
0x0a00000f,
0xe51f1d18,
0xe51b200c,
0xe51b301c,
0xe3a000a0,
0xe0020290,
0xe3a00e1e,
0xe0030390,
0xe0823003,
0xe0813003,
0xe2833087,
0xe5d33000,
0xe203301f,
0xe3a0201f,
0xe3a0100b,
0xe3a00001,
0xebffeebd,
0xe51f1d58,
0xe51b200c,
0xe51b301c,
0xe3a000a0,
0xe0020290,
0xe3a00e1e,
0xe0030390,
0xe0823003,
0xe0813003,
0xe2833088,
0xe5d33000,
0xe1a02003,
0xe3a01020,
0xe3a00000,
0xebffee85,
0xe51b3008,
0xe3530000,
0x0a00000e,
0xe51f1da0,
0xe51b200c,
0xe51b301c,
0xe3a000a0,
0xe0020290,
0xe3a00e1e,
0xe0030390,
0xe0823003,
0xe0813003,
0xe2833088,
0xe5d33000,
0xe1a02003,
0xe3a01020,
0xe3a00001,
0xebffee73,
0xe51f1ddc,
0xe51b200c,
0xe51b301c,
0xe3a000a0,
0xe0020290,
0xe3a00e1e,
0xe0030390,
0xe0823003,
0xe0813003,
0xe2833089,
0xe5d33000,
0xe203300f,
0xe3a0200f,
0xe3a01021,
0xe3a00000,
0xebffee8c,
0xe51b3008,
0xe3530000,
0x0a00000f,
0xe51f1e28,
0xe51b200c,
0xe51b301c,
0xe3a000a0,
0xe0020290,
0xe3a00e1e,
0xe0030390,
0xe0823003,
0xe0813003,
0xe2833089,
0xe5d33000,
0xe203300f,
0xe3a0200f,
0xe3a01021,
0xe3a00001,
0xebffee79,
0xe51f1e68,
0xe51b200c,
0xe51b301c,
0xe3a000a0,
0xe0020290,
0xe3a00e1e,
0xe0030390,
0xe0823003,
0xe0813003,
0xe283308a,
0xe5d33000,
0xe1a02003,
0xe3a01022,
0xe3a00000,
0xebffee41,
0xe51b3008,
0xe3530000,
0x0a00000e,
0xe51f1eb0,
0xe51b200c,
0xe51b301c,
0xe3a000a0,
0xe0020290,
0xe3a00e1e,
0xe0030390,
0xe0823003,
0xe0813003,
0xe283308a,
0xe5d33000,
0xe1a02003,
0xe3a01022,
0xe3a00001,
0xebffee2f,
0xe51f1eec,
0xe51b200c,
0xe51b301c,
0xe3a000a0,
0xe0020290,
0xe3a00e1e,
0xe0030390,
0xe0823003,
0xe0813003,
0xe283308b,
0xe5d33000,
0xe203303f,
0xe3a0203f,
0xe3a01023,
0xe3a00000,
0xebffee48,
0xe51b3008,
0xe3530000,
0x0a00000f,
0xe51f1f38,
0xe51b200c,
0xe51b301c,
0xe3a000a0,
0xe0020290,
0xe3a00e1e,
0xe0030390,
0xe0823003,
0xe0813003,
0xe283308b,
0xe5d33000,
0xe203303f,
0xe3a0203f,
0xe3a01023,
0xe3a00001,
0xebffee35,
0xe51f1f78,
0xe51b200c,
0xe51b301c,
0xe3a000a0,
0xe0020290,
0xe3a00e1e,
0xe0030390,
0xe0823003,
0xe0813003,
0xe283308c,
0xe5d33000,
0xe1a02003,
0xe3a01027,
0xe3a00000,
0xebffedfd,
0xe51b3008,
0xe3530000,
0x0a00000e,
0xe51f1fc0,
0xe51b200c,
0xe51b301c,
0xe3a000a0,
0xe0020290,
0xe3a00e1e,
0xe0030390,
0xe0823003,
0xe0813003,
0xe283308c,
0xe5d33000,
0xe1a02003,
0xe3a01027,
0xe3a00001,
0xebffedeb,
0xe51f1ffc,
0xe51b200c,
0xe51b301c,
0xe3a000a0,
0xe0020290,
0xe3a00e1e,
0xe0030390,
0xe0823003,
0xe0813003,
0xe283308d,
0xe5d33000,
0xe2033007,
0xe3a02007,
0xe3a01028,
0xe3a00000,
0xebffee04,
0xe51b3008,
0xe3530000,
0x0a00000f,
0xe59f1a48,
0xe51b200c,
0xe51b301c,
0xe3a000a0,
0xe0020290,
0xe3a00e1e,
0xe0030390,
0xe0823003,
0xe0813003,
0xe283308d,
0xe5d33000,
0xe2033007,
0xe3a02007,
0xe3a01028,
0xe3a00001,
0xebffedf1,
0xe59f1a08,
0xe51b200c,
0xe51b301c,
0xe3a000a0,
0xe0020290,
0xe3a00e1e,
0xe0030390,
0xe0823003,
0xe0813003,
0xe283308e,
0xe5d33000,
0xe203300f,
0xe3a0200f,
0xe3a0102d,
0xe3a00000,
0xebffede1,
0xe51b3008,
0xe3530000,
0x0a00000f,
0xe59f19bc,
0xe51b200c,
0xe51b301c,
0xe3a000a0,
0xe0020290,
0xe3a00e1e,
0xe0030390,
0xe0823003,
0xe0813003,
0xe283308e,
0xe5d33000,
0xe203300f,
0xe3a0200f,
0xe3a0102d,
0xe3a00001,
0xebffedce,
0xe59f197c,
0xe51b200c,
0xe51b301c,
0xe3a000a0,
0xe0020290,
0xe3a00e1e,
0xe0030390,
0xe0823003,
0xe0813003,
0xe283308e,
0xe5d33000,
0xe2033070,
0xe3a02070,
0xe3a0102d,
0xe3a00000,
0xebffedbe,
0xe51b3008,
0xe3530000,
0x0a00000f,
0xe59f1930,
0xe51b200c,
0xe51b301c,
0xe3a000a0,
0xe0020290,
0xe3a00e1e,
0xe0030390,
0xe0823003,
0xe0813003,
0xe283308e,
0xe5d33000,
0xe2033070,
0xe3a02070,
0xe3a0102d,
0xe3a00001,
0xebffedab,
0xe3a02008,
0xe3a01067,
0xe3a00000,
0xebffed7e,
0xe3a02000,
0xe3a01068,
0xe3a00000,
0xebffed7a,
0xe3a03001,
0xe3a02001,
0xe3a010bd,
0xe3a00000,
0xebffed9e,
0xe3a03000,
0xe3a02080,
0xe3a01031,
0xe3a00000,
0xebffed99,
0xe51b3008,
0xe3530000,
0x0a000011,
0xe3a02008,
0xe3a01067,
0xe3a00001,
0xebffed69,
0xe3a02000,
0xe3a01068,
0xe3a00001,
0xebffed65,
0xe3a03001,
0xe3a02001,
0xe3a010bd,
0xe3a00001,
0xebffed89,
0xe3a03000,
0xe3a02080,
0xe3a01031,
0xe3a00001,
0xebffed84,
0xe3a03070,
0xe34f3002,
0xe5932000,
0xe3a03070,
0xe34f3002,
0xe3822002,
0xe5832000,
0xe51b3008,
0xe3530000,
0x0a000006,
0xe3a03070,
0xe34f3002,
0xe5932000,
0xe3a03070,
0xe34f3002,
0xe3822001,
0xe5832000,
0xe3a0120f,
0xe59f080c,
0xe51b200c,
0xe51b301c,
0xe3a0c0a0,
0xe002029c,
0xe3a0ce1e,
0xe003039c,
0xe0823003,
0xe0803003,
0xe2833008,
0xe5933000,
0xe5813000,
0xe3a0128f,
0xe59f07d8,
0xe51b200c,
0xe51b301c,
0xe3a0c0a0,
0xe002029c,
0xe3a0ce1e,
0xe003039c,
0xe0823003,
0xe0803003,
0xe283300c,
0xe5933000,
0xe5813000,
0xe3a012cf,
0xe59f07a4,
0xe51b200c,
0xe51b301c,
0xe3a0c0a0,
0xe002029c,
0xe3a0ce1e,
0xe003039c,
0xe0823003,
0xe0803003,
0xe2833010,
0xe5933000,
0xe5813000,
0xe3a03010,
0xe34f3000,
0xe59f076c,
0xe51b100c,
0xe51b201c,
0xe3a0c0a0,
0xe001019c,
0xe3a0ce1e,
0xe002029c,
0xe0812002,
0xe0802002,
0xe2822014,
0xe5922000,
0xe5832000,
0xe3a03014,
0xe34f3000,
0xe59f0734,
0xe51b100c,
0xe51b201c,
0xe3a0c0a0,
0xe001019c,
0xe3a0ce1e,
0xe002029c,
0xe0812002,
0xe0802002,
0xe2822018,
0xe5922000,
0xe5832000,
0xe3a03040,
0xe34f3000,
0xe59f06fc,
0xe51b100c,
0xe51b201c,
0xe3a0c0a0,
0xe001019c,
0xe3a0ce1e,
0xe002029c,
0xe0812002,
0xe0802002,
0xe282201c,
0xe5922000,
0xe5832000,
0xe3a03c07,
0xe34f3000,
0xe59f06c4,
0xe51b100c,
0xe51b201c,
0xe3a0c0a0,
0xe001019c,
0xe3a0ce1e,
0xe002029c,
0xe0812002,
0xe0802002,
0xe2822020,
0xe5922000,
0xe5832000,
0xe3a03024,
0xe34f3000,
0xe59f068c,
0xe51b100c,
0xe51b201c,
0xe3a0c0a0,
0xe001019c,
0xe3a0ce1e,
0xe002029c,
0xe0812002,
0xe0802002,
0xe2822028,
0xe5922000,
0xe5832000,
0xe59f165c,
0xe51b200c,
0xe51b301c,
0xe3a000a0,
0xe0020290,
0xe3a00e1e,
0xe0030390,
0xe0823003,
0xe0813003,
0xe2833008,
0xe5932000,
0xe3a03000,
0xe34f3010,
0xe3822601,
0xe5832000,
0xe3a03008,
0xe34f3010,
0xe59f0618,
0xe51b100c,
0xe51b201c,
0xe3a0c0a0,
0xe001019c,
0xe3a0ce1e,
0xe002029c,
0xe0812002,
0xe0802002,
0xe282200c,
0xe5922000,
0xe5832000,
0xe3a0300c,
0xe34f3010,
0xe59f05e0,
0xe51b100c,
0xe51b201c,
0xe3a0c0a0,
0xe001019c,
0xe3a0ce1e,
0xe002029c,
0xe0812002,
0xe0802002,
0xe2822010,
0xe5922000,
0xe5832000,
0xe51b300c,
0xe3530002,
0x0a000029,
0xe51b300c,
0xe3530002,
0x8a000036,
0xe51b300c,
0xe3530000,
0x0a000003,
0xe51b300c,
0xe3530001,
0x0a000010,
0xea00002f,
0xe3a0300c,
0xe34f3010,
0xe5932000,
0xe3a0300c,
0xe34f3010,
0xe6ff2072,
0xe5832000,
0xe3a0300c,
0xe34f3010,
0xe5933000,
0xe3a0200c,
0xe34f2010,
0xe383355e,
0xe3833822,
0xe5823000,
0xea000020,
0xe3a0300c,
0xe34f3010,
0xe5932000,
0xe3a0300c,
0xe34f3010,
0xe6ff2072,
0xe5832000,
0xe3a0300c,
0xe34f3010,
0xe5933000,
0xe3a0200c,
0xe34f2010,
0xe383356f,
0xe383381a,
0xe5823000,
0xea000010,
0xe3a0300c,
0xe34f3010,
0xe5932000,
0xe3a0300c,
0xe34f3010,
0xe6ff2072,
0xe5832000,
0xe3a0300c,
0xe34f3010,
0xe5933000,
0xe3a0200c,
0xe34f2010,
0xe383357f,
0xe3833602,
0xe5823000,
0xea000000,
0xe320f000,
0xe3a03010,
0xe34f3010,
0xe59f04b0,
0xe51b100c,
0xe51b201c,
0xe3a0c0a0,
0xe001019c,
0xe3a0ce1e,
0xe002029c,
0xe0812002,
0xe0802002,
0xe2822014,
0xe5922000,
0xe5832000,
0xe3a03014,
0xe34f3010,
0xe59f0478,
0xe51b100c,
0xe51b201c,
0xe3a0c0a0,
0xe001019c,
0xe3a0ce1e,
0xe002029c,
0xe0812002,
0xe0802002,
0xe2822018,
0xe5922000,
0xe5832000,
0xe3a03040,
0xe34f3010,
0xe59f0440,
0xe51b100c,
0xe51b201c,
0xe3a0c0a0,
0xe001019c,
0xe3a0ce1e,
0xe002029c,
0xe0812002,
0xe0802002,
0xe282201c,
0xe5922000,
0xe5832000,
0xe3a03c07,
0xe34f3010,
0xe59f0408,
0xe51b100c,
0xe51b201c,
0xe3a0c0a0,
0xe001019c,
0xe3a0ce1e,
0xe002029c,
0xe0812002,
0xe0802002,
0xe2822020,
0xe5922000,
0xe5832000,
0xe3a03024,
0xe34f3010,
0xe59f03d0,
0xe51b100c,
0xe51b201c,
0xe3a0c0a0,
0xe001019c,
0xe3a0ce1e,
0xe002029c,
0xe0812002,
0xe0802002,
0xe2822028,
0xe5922000,
0xe5832000,
0xe3a0324f,
0xe5933000,
0xe3a0224f,
0xe3c33010,
0xe5823000,
0xe51b3008,
0xe3530000,
0x0a000009,
0xe3a03004,
0xe34f3010,
0xe5932000,
0xe3a03004,
0xe34f3010,
0xe3c22010,
0xe5832000,
0xea000001,
0xe3a00070,
0xebffe770,
0xe3a0324f,
0xe5933000,
0xe2033080,
0xe3530080,
0x0afffff8,
0xe51b3008,
0xe3530000,
0x0a000008,
0xea000001,
0xe3a00050,
0xebffe765,
0xe3a03004,
0xe34f3010,
0xe5933000,
0xe2033080,
0xe3530080,
0x0afffff7,
0xe3a01c01,
0xe3a00000,
0xebfff893,
0xe51b3008,
0xe3530000,
0x0a000002,
0xe3a01c01,
0xe3a00001,
0xebfff88d,
0xe59f12f0,
0xe51b200c,
0xe51b301c,
0xe3a000a0,
0xe0020290,
0xe3a00e1e,
0xe0030390,
0xe0823003,
0xe0813003,
0xe2833008,
0xe5933000,
0xe1a03223,
0xe203300f,
0xe50b3024,
0xe59f12b8,
0xe51b200c,
0xe51b301c,
0xe3a000a0,
0xe0020290,
0xe3a00e1e,
0xe0030390,
0xe0823003,
0xe0813003,
0xe283300c,
0xe5933000,
0xe1a03a23,
0xe203301f,
0xe2833001,
0xe50b3028,
0xe59f127c,
0xe51b200c,
0xe51b301c,
0xe3a000a0,
0xe0020290,
0xe3a00e1e,
0xe0030390,
0xe0823003,
0xe0813003,
0xe2833008,
0xe5933000,
0xe1a03623,
0xe203300f,
0xe50b3014,
0xe51b3014,
0xe3530004,
0x8a000001,
0xe3a03005,
0xe50b3014,
0xe51b3014,
0xe2433005,
0xe1a03183,
0xe3833802,
0xe50b3018,
0xe59f121c,
0xe51b200c,
0xe51b301c,
0xe3a000a0,
0xe0020290,
0xe3a00e1e,
0xe0030390,
0xe0823003,
0xe0813003,
0xe2833028,
0xe5933000,
0xe2033003,
0xe3530000,
0x0a000002,
0xe51b3018,
0xe3833b01,
0xe50b3018,
0xe51b3018,
0xe3833802,
0xe3833040,
0xe1a01003,
0xe3a00000,
0xebfff841,
0xe3a01803,
0xe3a00000,
0xebfff83e,
0xe3a01801,
0xe3a00000,
0xebfff83b,
0xe51b3008,
0xe3530000,
0x0a00000b,
0xe51b3018,
0xe3833802,
0xe3833040,
0xe1a01003,
0xe3a00001,
0xebfff832,
0xe3a01803,
0xe3a00001,
0xebfff82f,
0xe3a01801,
0xe3a00001,
0xebfff82c,
0xe51b3024,
0xe353000b,
0x8a000005,
0xe51b3024,
0xe2433004,
0xe1a03203,
0xe3833c11,
0xe50b3018,
0xea000005,
0xe51b3024,
0xe243300c,
0xe1a03203,
0xe3833c11,
0xe3833004,
0xe50b3018,
0xe51b3028,
0xe3530008,
0x8a000006,
0xe51b3028,
0xe2433004,
0xe1a03483,
0xe51b2018,
0xe1823003,
0xe50b3018,
0xea000013,
0xe51b3028,
0xe353000a,
0x8a000003,
0xe51b3018,
0xe3833c0a,
0xe50b3018,
0xea00000c,
0xe51b3028,
0xe353000c,
0x8a000003,
0xe51b3018,
0xe3833b03,
0xe50b3018,
0xea000005,
0xe51b3028,
0xe353000e,
0x8a000002,
0xe51b3018,
0xe3833c0e,
0xe50b3018,
0xe51b3018,
0xe3833c11,
0xe1a01003,
0xe3a00000,
0xebfff7fa,
0xe51b3008,
0xe3530000,
0x0a000004,
0xe51b3018,
0xe3833c11,
0xe1a01003,
0xe3a00001,
0xebfff7f2,
0xe3a0324f,
0xe5933000,
0xe3a0224f,
0xe3833020,
0xe5823000,
0xe51b3008,
0xe3530000,
0x0a000006,
0xe3a03004,
0xe34f3010,
0xe5932000,
0xe3a03004,
0xe34f3010,
0xe3822020,
0xe5832000,
0xe3a03902,
0xe34f3000,
0xe5932000,
0xe3a03902,
0xe34f3000,
0xe3822001,
0xe5832000,
0xe51b3008,
0xe3530000,
0x0a000006,
0xe3a03902,
0xe34f3010,
0xe5932000,
0xe3a03902,
0xe34f3010,
0xe3822001,
0xe5832000,
0xe320f000,
0xe24bd004,
0xe8bd8800,
0xf07c8d98,
0xe92d4800,
0xe28db004,
0xe24dd008,
0xe50b0008,
0xe51b3008,
0xe300242a,
0xe1530002,
0x1a00000b,
0xe3a030f0,
0xe34f3001,
0xe5932000,
0xe3a03000,
0xe3443821,
0xe1520003,
0x0a000031,
0xe300042a,
0xebfff7d5,
0xe3a00038,
0xebffe684,
0xea000031,
0xe51b3008,
0xe30023a5,
0xe1530002,
0x1a000004,
0xe30003a5,
0xebfff7cc,
0xe3a00037,
0xebffe67b,
0xea000028,
0xe51b3008,
0xe3002319,
0xe1530002,
0x1a000004,
0xe3000319,
0xebfff7c3,
0xe3a00036,
0xebffe672,
0xea00001f,
0xe51b3008,
0xe3530faf,
0x1a000009,
0xe3a030f0,
0xe34f3001,
0xe5932000,
0xe3a03000,
0xe3443821,
0xe1520003,
0x1a000012,
0xe3a00035,
0xebffe665,
0xea000012,
0xe51b3008,
0xe30021fb,
0xe1530002,
0x1a00000e,
0xe3a030f0,
0xe34f3001,
0xe5932000,
0xe3a03000,
0xe3443821,
0xe1520003,
0x1a000006,
0xe3a00034,
0xebffe657,
0xea000004,
0xe320f000,
0xea000002,
0xe320f000,
0xea000000,
0xe320f000,
0xe24bd004,
0xe8bd8800,
0xe52db004,
0xe28db000,
0xe3a03000,
0xe1a00003,
0xe28bd000,
0xe49db004,
0xe12fff1e,
0xe52db004,
0xe28db000,
0xe24dd01c,
0xe50b0018,
0xe3a03000,
0xe50b3008,
0xe51b3018,
0xe3530045,
0x9a000021,
0xe51b3018,
0xe3530081,
0x8a00001e,
0xe51b3018,
0xe2433045,
0xe50b3018,
0xe51b3018,
0xe1a032a3,
0xe1a03103,
0xe50b300c,
0xe51b3018,
0xe203301f,
0xe3a02001,
0xe1a03312,
0xe50b3010,
0xe51b200c,
0xe3a030b0,
0xe34f3002,
0xe0823003,
0xe5933000,
0xe50b3014,
0xe51b2014,
0xe51b3010,
0xe1e03003,
0xe0033002,
0xe50b3014,
0xe51b200c,
0xe3a030b0,
0xe34f3002,
0xe0823003,
0xe1a02003,
0xe51b3014,
0xe5823000,
0xea000000,
0xe320f000,
0xe28bd000,
0xe49db004,
0xe12fff1e,
0xe52db004,
0xe28db000,
0xe24dd00c,
0xee113f10,
0xe50b3008,
0xe51b3008,
0xe1a00003,
0xe28bd000,
0xe49db004,
0xe12fff1e,
0xe52db004,
0xe28db000,
0xe24dd00c,
0xe50b0008,
0xe51b3008,
0xee013f10,
0xf57ff06f,
0xe320f000,
0xe28bd000,
0xe49db004,
0xe12fff1e,
0xe52db004,
0xe28db000,
0xe24dd00c,
0xe3a03e73,
0xe34f3fe0,
0xe5933000,
0xe50b3008,
0xea000003,
0xe3a03e73,
0xe34f3fe0,
0xe5933000,
0xe50b3008,
0xe51b3008,
0xe2033001,
0xe3530000,
0x1afffff7,
0xe320f000,
0xe320f000,
0xe28bd000,
0xe49db004,
0xe12fff1e,
0xe92d4800,
0xe28db004,
0xe24dd028,
0xe50b0028,
0xe50b102c,
0xe3a03000,
0xe50b3014,
0xe3a03000,
0xe50b3018,
0xe3a03000,
0xe50b301c,
0xe3a03000,
0xe50b3020,
0xe3a03000,
0xe50b3024,
0xe51b3028,
0xe3530000,
0x0a000004,
0xe51b3028,
0xe3530002,
0x0a000001,
0xe3e03004,
0xea000046,
0xe51b3028,
0xe3530000,
0x1a00002d,
0xe59f3114,
0xe5933000,
0xe50b3014,
0xe3a03002,
0xe50b3018,
0xe59f3104,
0xe5933000,
0xe50b301c,
0xe59f30fc,
0xe5933000,
0xe50b3020,
0xe3a03000,
0xe50b3008,
0xea00001a,
0xe51b3018,
0xe2633020,
0xe51b2008,
0xe1a03312,
0xe1a02003,
0xe51b3028,
0xe0823003,
0xe50b3010,
0xe3a03000,
0xe50b300c,
0xea000008,
0xe51b2010,
0xe51b3020,
0xe0823003,
0xe50b3010,
0xe51b3010,
0xee073f56,
0xe51b300c,
0xe2833001,
0xe50b300c,
0xe51b200c,
0xe51b301c,
0xe1520003,
0xbafffff2,
0xe51b3008,
0xe2833001,
0xe50b3008,
0xe51b2008,
0xe51b3014,
0xe1520003,
0xbaffffe0,
0xea000010,
0xebffffa1,
0xe300377c,
0xe34f3fe0,
0xe30f2fff,
0xe5832000,
0xe320f000,
0xe300377c,
0xe34f3fe0,
0xe5933000,
0xe6ff3073,
0xe3530000,
0x1afffff9,
0xe3a03e73,
0xe34f3fe0,
0xe3a02001,
0xe5832000,
0xebffff91,
0xe51b302c,
0xe3530000,
0x0a000000,
0xf57ff04f,
0xe3a03000,
0xe1a00003,
0xe24bd004,
0xe8bd8800,
0xf07c8838,
0xf07c8830,
0xf07c8834,
0xe92d4800,
0xe28db004,
0xe24dd028,
0xe50b0028,
0xe50b102c,
0xe3a03000,
0xe50b3014,
0xe3a03000,
0xe50b3018,
0xe3a03000,
0xe50b301c,
0xe3a03000,
0xe50b3020,
0xe3a03000,
0xe50b3024,
0xe51b3028,
0xe3530000,
0x0a000004,
0xe51b3028,
0xe3530002,
0x0a000001,
0xe3e03004,
0xea000046,
0xe51b3028,
0xe3530000,
0x1a00002d,
0xe59f3114,
0xe5933000,
0xe50b3014,
0xe3a03002,
0xe50b3018,
0xe59f3104,
0xe5933000,
0xe50b301c,
0xe59f30fc,
0xe5933000,
0xe50b3020,
0xe3a03000,
0xe50b3008,
0xea00001a,
0xe51b3018,
0xe2633020,
0xe51b2008,
0xe1a03312,
0xe1a02003,
0xe51b3028,
0xe0823003,
0xe50b3010,
0xe3a03000,
0xe50b300c,
0xea000008,
0xe51b2010,
0xe51b3020,
0xe0823003,
0xe50b3010,
0xe51b3010,
0xee073f5a,
0xe51b300c,
0xe2833001,
0xe50b300c,
0xe51b200c,
0xe51b301c,
0xe1520003,
0xbafffff2,
0xe51b3008,
0xe2833001,
0xe50b3008,
0xe51b2008,
0xe51b3014,
0xe1520003,
0xbaffffe0,
0xea000010,
0xebffff3d,
0xe30037bc,
0xe34f3fe0,
0xe30f2fff,
0xe5832000,
0xe320f000,
0xe30037bc,
0xe34f3fe0,
0xe5933000,
0xe6ff3073,
0xe3530000,
0x1afffff9,
0xe3a03e73,
0xe34f3fe0,
0xe3a02001,
0xe5832000,
0xebffff2d,
0xe51b302c,
0xe3530000,
0x0a000000,
0xf57ff04f,
0xe3a03000,
0xe1a00003,
0xe24bd004,
0xe8bd8800,
0xf07c8838,
0xf07c8830,
0xf07c8834,
0xe92d4800,
0xe28db004,
0xe24dd028,
0xe50b0028,
0xe50b102c,
0xe3a03000,
0xe50b3014,
0xe3a03000,
0xe50b3018,
0xe3a03000,
0xe50b301c,
0xe3a03000,
0xe50b3020,
0xe3a03000,
0xe50b3024,
0xe51b3028,
0xe3530000,
0x0a000004,
0xe51b3028,
0xe3530002,
0x0a000001,
0xe3e03004,
0xea000046,
0xe51b3028,
0xe3530000,
0x1a00002d,
0xe59f3114,
0xe5933000,
0xe50b3014,
0xe3a03002,
0xe50b3018,
0xe59f3104,
0xe5933000,
0xe50b301c,
0xe59f30fc,
0xe5933000,
0xe50b3020,
0xe3a03000,
0xe50b3008,
0xea00001a,
0xe51b3018,
0xe2633020,
0xe51b2008,
0xe1a03312,
0xe1a02003,
0xe51b3028,
0xe0823003,
0xe50b3010,
0xe3a03000,
0xe50b300c,
0xea000008,
0xe51b2010,
0xe51b3020,
0xe0823003,
0xe50b3010,
0xe51b3010,
0xee073f5e,
0xe51b300c,
0xe2833001,
0xe50b300c,
0xe51b200c,
0xe51b301c,
0xe1520003,
0xbafffff2,
0xe51b3008,
0xe2833001,
0xe50b3008,
0xe51b2008,
0xe51b3014,
0xe1520003,
0xbaffffe0,
0xea000010,
0xebfffed9,
0xe30037fc,
0xe34f3fe0,
0xe30f2fff,
0xe5832000,
0xe320f000,
0xe30037fc,
0xe34f3fe0,
0xe5933000,
0xe6ff3073,
0xe3530000,
0x1afffff9,
0xe3a03e73,
0xe34f3fe0,
0xe3a02001,
0xe5832000,
0xebfffec9,
0xe51b302c,
0xe3530000,
0x0a000000,
0xf57ff04f,
0xe3a03000,
0xe1a00003,
0xe24bd004,
0xe8bd8800,
0xf07c8838,
0xf07c8830,
0xf07c8834,
0xe52db004,
0xe28db000,
0xe3a03000,
0xee073f15,
0xe3a03000,
0xee073fd5,
0xf57ff04f,
0xf57ff06f,
0xe320f000,
0xe28bd000,
0xe49db004,
0xe12fff1e,
0xe92d4800,
0xe28db004,
0xe3a01001,
0xe3a00000,
0xebfffec2,
0xe3a01000,
0xe3a00002,
0xebfffebf,
0xf57ff04f,
0xe320f000,
0xe8bd8800,
0xe92d4800,
0xe28db004,
0xe3a01001,
0xe3a00000,
0xebffff1b,
0xe3a01001,
0xe3a00002,
0xebffff7c,
0xe3a01001,
0xe3a00000,
0xebffff79,
0xe320f000,
0xe8bd8800,
0xe92d4800,
0xe28db004,
0xebfffe82,
0xe1a03000,
0xe2033a01,
0xe3530000,
0x13a03001,
0x03a03000,
0xe6ef3073,
0xe1a00003,
0xe8bd8800,
0xe92d4800,
0xe28db004,
0xebfffe77,
0xe1a03000,
0xe2033004,
0xe3530000,
0x13a03001,
0x03a03000,
0xe6ef3073,
0xe1a00003,
0xe8bd8800,
0xe92d4800,
0xe28db004,
0xe24dd010,
0xe50b0010,
0xebfffe6a,
0xe50b0008,
0xe51b3010,
0xe3530004,
0x1a000006,
0xe51b3008,
0xe2033004,
0xe3530000,
0x0a00000f,
0xe51b3010,
0xe3833001,
0xe50b3010,
0xebfffe5e,
0xe50b0008,
0xe51b3010,
0xe3530005,
0x1a000000,
0xebffffc6,
0xe51b3010,
0xe1e02003,
0xe51b3008,
0xe0033002,
0xe1a00003,
0xebfffe5d,
0xea000000,
0xe320f000,
0xe24bd004,
0xe8bd8800,
0xe92d4800,
0xe28db004,
0xe3a00a01,
0xebffffdb,
0xe320f000,
0xe8bd8800,
0xe92d4800,
0xe28db004,
0xe3a00004,
0xebffffd5,
0xe320f000,
0xe8bd8800,
0xe52db004,
0xe28db000,
0xe24dd00c,
0xe3a03000,
0xe34f3fe0,
0xe50b3008,
0xe3a03000,
0xe50b300c,
0xe51b3008,
0xe2833e73,
0xe51b200c,
0xe5832000,
0xe320f000,
0xe28bd000,
0xe49db004,
0xe12fff1e,
0xe92d4800,
0xe28db004,
0xe24dd028,
0xe50b0028,
0xe3a03000,
0xe34f3fe0,
0xe50b300c,
0xe51b300c,
0xe5933104,
0xe50b3010,
0xe51b3010,
0xe2033801,
0xe50b3014,
0xe51b3014,
0xe3530000,
0x0a000002,
0xe3a03010,
0xe50b3008,
0xea000001,
0xe3a03008,
0xe50b3008,
0xe3a02001,
0xe51b3008,
0xe1a03312,
0xe2433001,
0xe50b3018,
0xe51b3018,
0xe50b301c,
0xe51b3028,
0xe51b201c,
0xe5832000,
0xe320f000,
0xe51b3028,
0xe5933000,
0xe50b3020,
0xe51b3020,
0xe3530000,
0x0a000002,
0xe51b3018,
0xe3530000,
0x1afffff6,
0xebffffc5,
0xe320f000,
0xe24bd004,
0xe8bd8800,
0xe92d4800,
0xe28db004,
0xe24dd008,
0xe3a03000,
0xe34f3fe0,
0xe50b3008,
0xe51b3008,
0xe2833e77,
0xe283300c,
0xe1a00003,
0xebffffc7,
0xe320f000,
0xe24bd004,
0xe8bd8800,
0xe92d4800,
0xe28db004,
0xe3a03c01,
0xe34f3fe0,
0xe3a02000,
0xe5832000,
0xebffffea,
0xe320f000,
0xe8bd8800,
0xe52db004,
0xe28db000,
0xe24dd00c,
0xe1a03000,
0xe54b3005,
0xe320f000,
0xe3a03014,
0xe34f3029,
0xe5d33000,
0xe6ef3073,
0xe2033020,
0xe3530000,
0x0afffff8,
0xe3a03000,
0xe34f3029,
0xe55b2005,
0xe5c32000,
0xe320f000,
0xe28bd000,
0xe49db004,
0xe12fff1e,
0xe92d4800,
0xe28db004,
0xe24dd030,
0xe50b0028,
0xe50b102c,
0xe50b2030,
0xe50b3034,
0xe3a03000,
0xe50b301c,
0xe51b3030,
0xe3530000,
0x1a000001,
0xe51b3034,
0xea0000a9,
0xe51b3028,
0xe50b3014,
0xe51b302c,
0xe51b1030,
0xe1a00003,
0xfa00035a,
0xe1a03001,
0xe54b301d,
0xe55b301d,
0xe3530009,
0x8a000007,
0xe51b3014,
0xe2832001,
0xe50b2014,
0xe55b201d,
0xe2822030,
0xe6ef2072,
0xe5c32000,
0xea000012,
0xe5db3004,
0xe2033004,
0xe3530000,
0x0a000007,
0xe51b3014,
0xe2832001,
0xe50b2014,
0xe55b201d,
0xe2822037,
0xe6ef2072,
0xe5c32000,
0xea000006,
0xe51b3014,
0xe2832001,
0xe50b2014,
0xe55b201d,
0xe2822057,
0xe6ef2072,
0xe5c32000,
0xe51b1030,
0xe51b002c,
0xfa000313,
0xe1a03000,
0xe50b302c,
0xe51b302c,
0xe3530000,
0x1affffd3,
0xe5db3004,
0xe2033002,
0xe3530000,
0x0a000004,
0xe51b3014,
0xe2832001,
0xe50b2014,
0xe3a0202d,
0xe5c32000,
0xe51b2014,
0xe51b3028,
0xe0423003,
0xe50b301c,
0xe51b2034,
0xe51b301c,
0xe1520003,
0x2a000001,
0xe51b301c,
0xe50b3034,
0xe3a03020,
0xe54b3015,
0xe5db3004,
0xe2033001,
0xe3530000,
0x1a000005,
0xe5db3004,
0xe2033008,
0xe3530000,
0x0a000001,
0xe3a03030,
0xe54b3015,
0xe5db3004,
0xe2033002,
0xe3530000,
0x0a00001e,
0xe5db3004,
0xe2033001,
0xe3530000,
0x1a00001a,
0xe55b3015,
0xe3530030,
0x1a000017,
0xe51b301c,
0xe2433001,
0xe50b3008,
0xea000007,
0xe51b2028,
0xe51b3008,
0xe0823003,
0xe55b2015,
0xe5c32000,
0xe51b3008,
0xe2833001,
0xe50b3008,
0xe51b3034,
0xe2433001,
0xe51b2008,
0xe1520003,
0x3afffff2,
0xe51b3034,
0xe2433001,
0xe51b2028,
0xe0823003,
0xe3a0202d,
0xe5c32000,
0xea00000e,
0xe51b301c,
0xe50b3008,
0xea000007,
0xe51b2028,
0xe51b3008,
0xe0823003,
0xe55b2015,
0xe5c32000,
0xe51b3008,
0xe2833001,
0xe50b3008,
0xe51b2008,
0xe51b3034,
0xe1520003,
0x3afffff3,
0xe3a03000,
0xe50b300c,
0xe5db3004,
0xe2033001,
0xe3530000,
0x0a000003,
0xe51b301c,
0xe2433001,
0xe50b3010,
0xea00001b,
0xe51b3034,
0xe2433001,
0xe50b3010,
0xea000017,
0xe51b2028,
0xe51b300c,
0xe0823003,
0xe5d33000,
0xe54b301d,
0xe51b2028,
0xe51b3010,
0xe0822003,
0xe51b1028,
0xe51b300c,
0xe0813003,
0xe5d22000,
0xe5c32000,
0xe51b2028,
0xe51b3010,
0xe0823003,
0xe55b201d,
0xe5c32000,
0xe51b300c,
0xe2833001,
0xe50b300c,
0xe51b3010,
0xe2433001,
0xe50b3010,
0xe51b2010,
0xe51b300c,
0xe1520003,
0x8affffe3,
0xe51b3034,
0xe1a00003,
0xe24bd004,
0xe8bd8800,
0xe52db004,
0xe28db000,
0xe24dd024,
0xe50b0018,
0xe50b101c,
0xe50b2020,
0xe54b3021,
0xe51b301c,
0xe50b3010,
0xe3a03000,
0xe50b300c,
0xea000002,
0xe51b300c,
0xe2833001,
0xe50b300c,
0xe51b3010,
0xe2832001,
0xe50b2010,
0xe5d33000,
0xe3530000,
0x1afffff6,
0xe51b2020,
0xe51b300c,
0xe1520003,
0x2a000001,
0xe51b300c,
0xe50b3020,
0xe55b3021,
0xe2033001,
0xe3530000,
0x0a000021,
0xe3a03000,
0xe50b3008,
0xea00000a,
0xe51b201c,
0xe51b3008,
0xe0822003,
0xe51b1018,
0xe51b3008,
0xe0813003,
0xe5d22000,
0xe5c32000,
0xe51b3008,
0xe2833001,
0xe50b3008,
0xe51b2008,
0xe51b300c,
0xe1520003,
0x3afffff0,
0xe51b300c,
0xe50b3008,
0xea000007,
0xe51b2018,
0xe51b3008,
0xe0823003,
0xe3a02020,
0xe5c32000,
0xe51b3008,
0xe2833001,
0xe50b3008,
0xe51b2008,
0xe51b3020,
0xe1520003,
0x3afffff3,
0xea000028,
0xe3a03000,
0xe50b3008,
0xea000007,
0xe51b2018,
0xe51b3008,
0xe0823003,
0xe3a02020,
0xe5c32000,
0xe51b3008,
0xe2833001,
0xe50b3008,
0xe51b2020,
0xe51b300c,
0xe0423003,
0xe51b2008,
0xe1520003,
0x3afffff1,
0xe51b2020,
0xe51b300c,
0xe0423003,
0xe50b3008,
0xea00000e,
0xe51b2008,
0xe51b3020,
0xe0422003,
0xe51b300c,
0xe0823003,
0xe51b201c,
0xe0822003,
0xe51b1018,
0xe51b3008,
0xe0813003,
0xe5d22000,
0xe5c32000,
0xe51b3008,
0xe2833001,
0xe50b3008,
0xe51b2008,
0xe51b3020,
0xe1520003,
0x3affffec,
0xe51b3020,
0xe1a00003,
0xe28bd000,
0xe49db004,
0xe12fff1e,
0xe52db004,
0xe28db000,
0xe24dd01c,
0xe50b0010,
0xe50b2018,
0xe1a02003,
0xe1a03001,
0xe54b3011,
0xe1a03002,
0xe54b3012,
0xe51b3018,
0xe3530000,
0x1a000001,
0xe3a03001,
0xe50b3018,
0xe55b3012,
0xe2033001,
0xe3530000,
0x0a000012,
0xe51b3010,
0xe55b2011,
0xe5c32000,
0xe3a03001,
0xe50b3008,
0xea000007,
0xe51b2010,
0xe51b3008,
0xe0823003,
0xe3a02020,
0xe5c32000,
0xe51b3008,
0xe2833001,
0xe50b3008,
0xe51b2008,
0xe51b3018,
0xe1520003,
0x3afffff3,
0xea000015,
0xe3a03000,
0xe50b3008,
0xea000007,
0xe51b2010,
0xe51b3008,
0xe0823003,
0xe3a02020,
0xe5c32000,
0xe51b3008,
0xe2833001,
0xe50b3008,
0xe51b3018,
0xe2433001,
0xe51b2008,
0xe1520003,
0x3afffff2,
0xe51b3018,
0xe2433001,
0xe51b2010,
0xe0823003,
0xe55b2011,
0xe5c32000,
0xe51b3018,
0xe1a00003,
0xe28bd000,
0xe49db004,
0xe12fff1e,
0xe92d4800,
0xe28db004,
0xe24dd010,
0xe50b0010,
0xe50b1014,
0xe51b3010,
0xe3530000,
0x0a00001f,
0xe51b3014,
0xe3530001,
0x1a000003,
0xe51b3010,
0xe5d33000,
0xe3530000,
0x0a00001a,
0xe3a03000,
0xe50b3008,
0xea000010,
0xe51b2010,
0xe51b3008,
0xe0823003,
0xe5d33000,
0xe1a00003,
0xebfffe67,
0xe51b2010,
0xe51b3008,
0xe0823003,
0xe5d33000,
0xe353000a,
0x1a000001,
0xe3a0000d,
0xebfffe5f,
0xe51b3008,
0xe2833001,
0xe50b3008,
0xe51b2008,
0xe51b3014,
0xe1520003,
0x3affffea,
0xea000002,
0xe320f000,
0xea000000,
0xe320f000,
0xe24bd004,
0xe8bd8800,
0xe92d4800,
0xe28db004,
0xe24dd0b0,
0xe50b00a8,
0xe50b10ac,
0xe51b30a8,
0xe50b3018,
0xea000002,
0xe51b30a8,
0xe2833001,
0xe50b30a8,
0xe51b30a8,
0xe5d33000,
0xe3530000,
0x0a000003,
0xe51b30a8,
0xe5d33000,
0xe3530025,
0x1afffff4,
0xe51b20a8,
0xe51b3018,
0xe0423003,
0xe1a01003,
0xe51b0018,
0xebffffb9,
0xe51b30a8,
0xe5d33000,
0xe3530000,
0x0a00017a,
0xe51b30a8,
0xe2833001,
0xe50b30a8,
0xe3a03000,
0xe50b3008,
0xe3e03000,
0xe50b300c,
0xe3a03000,
0xe54b300e,
0xe51b30a8,
0xe5d33000,
0xe353002d,
0x1a000005,
0xe55b300e,
0xe3833001,
0xe54b300e,
0xe51b30a8,
0xe2833001,
0xe50b30a8,
0xe51b30a8,
0xe5d33000,
0xe3530030,
0x1a000005,
0xe55b300e,
0xe3833008,
0xe54b300e,
0xe51b30a8,
0xe2833001,
0xe50b30a8,
0xe51b30a8,
0xe5d33000,
0xe353002f,
0x9a000016,
0xe51b30a8,
0xe5d33000,
0xe3530039,
0x8a000012,
0xea000009,
0xe51b3008,
0xe3a0200a,
0xe0020392,
0xe51b30a8,
0xe2831001,
0xe50b10a8,
0xe5d33000,
0xe0823003,
0xe2433030,
0xe50b3008,
0xe51b30a8,
0xe5d33000,
0xe353002f,
0x9a000003,
0xe51b30a8,
0xe5d33000,
0xe3530039,
0x9affffed,
0xe51b30a8,
0xe5d33000,
0xe353002e,
0x1a00001f,
0xe51b30a8,
0xe2833001,
0xe50b30a8,
0xe51b30a8,
0xe5d33000,
0xe353002f,
0x9a000018,
0xe51b30a8,
0xe5d33000,
0xe3530039,
0x8a000014,
0xe3a03000,
0xe50b300c,
0xea000009,
0xe51b300c,
0xe3a0200a,
0xe0020392,
0xe51b30a8,
0xe2831001,
0xe50b10a8,
0xe5d33000,
0xe0823003,
0xe2433030,
0xe50b300c,
0xe51b30a8,
0xe5d33000,
0xe353002f,
0x9a000003,
0xe51b30a8,
0xe5d33000,
0xe3530039,
0x9affffed,
0xe51b30a8,
0xe5d33000,
0xe353006c,
0x1a000005,
0xe3a03001,
0xe54b300d,
0xe51b30a8,
0xe2833001,
0xe50b30a8,
0xea000001,
0xe3a03000,
0xe54b300d,
0xe51b30a8,
0xe5d33000,
0xe3530000,
0x0a000103,
0xe3530000,
0xba000105,
0xe3530078,
0xca000103,
0xe3530044,
0xba000101,
0xe2433044,
0xe3530034,
0x979ff103,
0xea0000fd,
0xf07c823c,
0xf07c84f4,
0xf07c84f4,
0xf07c84f4,
0xf07c84f4,
0xf07c84f4,
0xf07c84f4,
0xf07c84f4,
0xf07c84f4,
0xf07c84f4,
0xf07c84f4,
0xf07c82a8,
0xf07c84f4,
0xf07c84f4,
0xf07c84f4,
0xf07c84f4,
0xf07c84f4,
0xf07c8314,
0xf07c84f4,
0xf07c84f4,
0xf07c83ec,
0xf07c84f4,
0xf07c84f4,
0xf07c84f4,
0xf07c84f4,
0xf07c84f4,
0xf07c84f4,
0xf07c84f4,
0xf07c84f4,
0xf07c84f4,
0xf07c81d0,
0xf07c8464,
0xf07c823c,
0xf07c84f4,
0xf07c84f4,
0xf07c84f4,
0xf07c84f4,
0xf07c84f4,
0xf07c84f4,
0xf07c84f4,
0xf07c84f4,
0xf07c84f4,
0xf07c84f4,
0xf07c82a8,
0xf07c84f4,
0xf07c84f4,
0xf07c84f4,
0xf07c84a4,
0xf07c84f4,
0xf07c8314,
0xf07c84f4,
0xf07c84f4,
0xf07c8380,
0xe55b300d,
0xe3530000,
0x0a000005,
0xe51b30ac,
0xe2832004,
0xe50b20ac,
0xe5933000,
0xe50b3014,
0xea000004,
0xe51b30ac,
0xe2832004,
0xe50b20ac,
0xe5933000,
0xe50b3014,
0xe24b00a4,
0xe55b300e,
0xe58d3000,
0xe51b3008,
0xe3a02002,
0xe51b1014,
0xebfffd8a,
0xe50b001c,
0xe24b30a4,
0xe51b101c,
0xe1a00003,
0xebfffef0,
0xea0000b0,
0xe55b300d,
0xe3530000,
0x0a000005,
0xe51b30ac,
0xe2832004,
0xe50b20ac,
0xe5933000,
0xe50b3014,
0xea000004,
0xe51b30ac,
0xe2832004,
0xe50b20ac,
0xe5933000,
0xe50b3014,
0xe24b00a4,
0xe55b300e,
0xe58d3000,
0xe51b3008,
0xe3a0200a,
0xe51b1014,
0xebfffd6f,
0xe50b001c,
0xe24b30a4,
0xe51b101c,
0xe1a00003,
0xebfffed5,
0xea000095,
0xe55b300d,
0xe3530000,
0x0a000005,
0xe51b30ac,
0xe2832004,
0xe50b20ac,
0xe5933000,
0xe50b3014,
0xea000004,
0xe51b30ac,
0xe2832004,
0xe50b20ac,
0xe5933000,
0xe50b3014,
0xe24b00a4,
0xe55b300e,
0xe58d3000,
0xe51b3008,
0xe3a02008,
0xe51b1014,
0xebfffd54,
0xe50b001c,
0xe24b30a4,
0xe51b101c,
0xe1a00003,
0xebfffeba,
0xea00007a,
0xe55b300d,
0xe3530000,
0x0a000005,
0xe51b30ac,
0xe2832004,
0xe50b20ac,
0xe5933000,
0xe50b3014,
0xea000004,
0xe51b30ac,
0xe2832004,
0xe50b20ac,
0xe5933000,
0xe50b3014,
0xe24b00a4,
0xe55b300e,
0xe58d3000,
0xe51b3008,
0xe3a0200a,
0xe51b1014,
0xebfffd39,
0xe50b001c,
0xe24b30a4,
0xe51b101c,
0xe1a00003,
0xebfffe9f,
0xea00005f,
0xe55b300d,
0xe3530000,
0x0a000005,
0xe51b30ac,
0xe2832004,
0xe50b20ac,
0xe5933000,
0xe50b3014,
0xea000004,
0xe51b30ac,
0xe2832004,
0xe50b20ac,
0xe5933000,
0xe50b3014,
0xe24b00a4,
0xe55b300e,
0xe58d3000,
0xe51b3008,
0xe3a02010,
0xe51b1014,
0xebfffd1e,
0xe50b001c,
0xe24b30a4,
0xe51b101c,
0xe1a00003,
0xebfffe84,
0xea000044,
0xe55b300d,
0xe3530000,
0x0a000005,
0xe51b30ac,
0xe2832004,
0xe50b20ac,
0xe5933000,
0xe50b3014,
0xea000004,
0xe51b30ac,
0xe2832004,
0xe50b20ac,
0xe5933000,
0xe50b3014,
0xe55b300e,
0xe3833004,
0xe54b300e,
0xe24b00a4,
0xe55b300e,
0xe58d3000,
0xe51b3008,
0xe3a02010,
0xe51b1014,
0xebfffd00,
0xe50b001c,
0xe24b30a4,
0xe51b101c,
0xe1a00003,
0xebfffe66,
0xea000026,
0xe51b30ac,
0xe2832004,
0xe50b20ac,
0xe5933000,
0xe54b3021,
0xe55b300e,
0xe55b1021,
0xe24b00a4,
0xe51b2008,
0xebfffe1a,
0xe50b001c,
0xe24b30a4,
0xe51b101c,
0xe1a00003,
0xebfffe56,
0xea000016,
0xe51b30ac,
0xe2832004,
0xe50b20ac,
0xe5933000,
0xe50b3020,
0xe55b300e,
0xe24b00a4,
0xe51b2008,
0xe51b1020,
0xebfffd9b,
0xe50b001c,
0xe24b30a4,
0xe51b101c,
0xe1a00003,
0xebfffe46,
0xea000006,
0xe51b30a8,
0xe2433001,
0xe50b30a8,
0xea000002,
0xe3a01001,
0xe51b00a8,
0xebfffe3e,
0xe51b30a8,
0xe2833001,
0xe50b30a8,
0xeafffe6c,
0xe320f000,
0xe3a01001,
0xe59f0010,
0xebfffe36,
0xe3a03000,
0xe1a00003,
0xe24bd004,
0xe8bd8800,
0xf07c9518,
0xe92d000f,
0xe92d4800,
0xe28db004,
0xe24dd008,
0xe3a03000,
0xe50b3008,
0xe28b3008,
0xe50b300c,
0xe51b100c,
0xe59b0004,
0xebfffe53,
0xe50b0008,
0xe51b3008,
0xe1a00003,
0xe24bd004,
0xe8bd4800,
0xe28dd010,
0xe12fff1e,
0xbf081e4a,
0xd33d4770,
0xd9304288,
0xd0324211,
0xf381fab1,
0xf280fab0,
0x0202eba3,
0x0301f04f,
0xf102fa01,
0xf302fa03,
0x0200f04f,
0xbf244288,
0x431a1a40,
0x0f51ebb0,
0xeba0bf24,
0xea420051,
0xebb00253,
0xbf240f91,
0x0091eba0,
0x0293ea42,
0x0fd1ebb0,
0xeba0bf24,
0xea4200d1,
0x280002d3,
0xea5fbf1c,
0x09091313,
0x4610d1e0,
0xbf0c4770,
0x20002001,
0xfab14770,
0xf1c2f281,
0xfa20021f,
0x4770f002,
0xf04fb108,
0xf00030ff,
0xbf00b80f,
0xd0f72900,
0x4003e92d,
0xffb2f7ff,
0x4006e8bd,
0xf300fb02,
0x0103eba1,
0xbf004770,
0xf04fb502,
0xf7fe0008,
0xbd02ec5a,
0xe59ff018,
0xe59ff018,
0xe59ff018,
0xe59ff018,
0xe59ff018,
0xe59ff018,
0xe59ff018,
0xe59ff018,
0xf07c8674,
0xf07c8698,
0xf07c86bc,
0xf07c86e0,
0xf07c8704,
0xf07c8730,
0xf07c8754,
0xf07c87d4,
0xe59f01b0,
0xe3a01052,
0xe5801000,
0xe3a01053,
0xe5801000,
0xe3a01054,
0xe5801000,
0xeafffffe,
0xe320f000,
0xe59f018c,
0xe3a01055,
0xe5801000,
0xe3a01044,
0xe5801000,
0xe3a01046,
0xe5801000,
0xe25ef004,
0xe320f000,
0xe59f0168,
0xe3a01053,
0xe5801000,
0xe3a01057,
0xe5801000,
0xe3a01049,
0xe5801000,
0xeafffffe,
0xe320f000,
0xe59f0144,
0xe3a01050,
0xe5801000,
0xe3a01052,
0xe5801000,
0xe3a01046,
0xe5801000,
0xe25ef004,
0xe320f000,
0xe59f0120,
0xe3a01041,
0xe5801000,
0xe3a01042,
0xe5801000,
0xe3a01054,
0xe5801000,
0xe3a01054,
0xe5801000,
0xe25ef004,
0xe320f000,
0xe59f00f4,
0xe3a01052,
0xe5801000,
0xe3a01053,
0xe5801000,
0xe3a01056,
0xe5801000,
0xeafffffe,
0xe320f000,
0xe59f00d0,
0xe3a01024,
0xe5801000,
0xe24dd048,
0xe88d1fff,
0xe28d803c,
0xe5801000,
0xe9486000,
0xe5801000,
0xe588e000,
0xe5801000,
0xe14f6000,
0xe5801000,
0xe5886004,
0xe5801000,
0xe5880008,
0xe5801000,
0xe59f008c,
0xe3a01049,
0xe5801000,
0xe3a01052,
0xe5801000,
0xe3a01051,
0xe5801000,
0xe1a0000d,
0xebffe02d,
0xe8dd7fff,
0xe1a00000,
0xe59de03c,
0xe28dd048,
0xe25ef004,
0xe320f000,
0xe24dd034,
0xe88d00ff,
0xe28d8028,
0xe9486000,
0xe588e000,
0xe14f6000,
0xe5886004,
0xe5880008,
0xe1a0000d,
0xebffe01d,
0xe59f0028,
0xe3a01046,
0xe5801000,
0xe3a01049,
0xe5801000,
0xe3a01051,
0xe5801000,
0xe8dd00ff,
0xe59de028,
0xe28dd034,
0xe25ef004,
0xe320f000,
0xf0290000,
0x00000100,
0x00000020,
0x00000004,
0x00000000,
0x00000000,
0x00000000,
0x00000000,
0x00000000,
0x00000000,
0x00000000,
0x00000000,
0x00000000,
0x00000000,
0x00000000,
0x00000000,
0x00000000,
0x00000000,
0x00000000,
0x00000000,
0x00000000,
0x00000000,
0x00000000,
0x00000000,
0xffffffff,
0xffffffff,
0xffffffff,
0xffffffff,
0xffffffff,
0xffffffff,
0xffffffff,
0xffffffff,
0xffffffff,
0xffffffff,
0xffffffff,
0xffffffff,
0xffffffff,
0xffffffff,
0xffffffff,
0xffffffff,
0xffffffff,
0xffffffff,
0xffffffff,
0xffffffff,
0xffffffff,
0xffffffff,
0xffffffff,
0xffffffff,
0xffffffff,
0xffffffff,
0xffffffff,
0xffffffff,
0xffffffff,
0xffffffff,
0xffffffff,
0xffffffff,
0xffffffff,
0xffffffff,
0xffffffff,
0xffffffff,
0xffffffff,
0xffffffff,
0xffffffff,
0xffffffff,
0xffffffff,
0xffffffff,
0xffffffff,
0xffffffff,
0xffffffff,
0xffffffff,
0xffffffff,
0xffffffff,
0xffffffff,
0xffffffff,
0xffffffff,
0xffffffff,
0xffffffff,
0xffffffff,
0xffffffff,
0xffffffff,
0xffffffff,
0xffffffff,
0xffffffff,
0xffffffff,
0xffffffff,
0xffffffff,
0xffffffff,
0xffffffff,
0xffffffff,
0xffffffff,
0xffffffff,
0xffffffff,
0xffffffff,
0xffffffff,
0xffffffff,
0xffffffff,
0xffffffff,
0xffffffff,
0xffffffff,
0xffffffff,
0xffffffff,
0xffffffff,
0xffffffff,
0xffffffff,
0xffffffff,
0xffffffff,
0xffffffff,
0xffffffff,
0xffffffff,
0xffffffff,
0xffffffff,
0xffffffff,
0xffffffff,
0xffffffff,
0xffffffff,
0xffffffff,
0xffffffff,
0xffffffff,
0xffffffff,
0xffffffff,
0xffffffff,
0xffffffff,
0xffffffff,
0xffffffff,
0xffffffff,
0xffffffff,
0xffffffff,
0xffffffff,
0xffffffff,
0xffffffff,
0xffffffff,
0xffffffff,
0xffffffff,
0xffffffff,
0xffffffff,
0xffffffff,
0xffffffff,
0xffffffff,
0xffffffff,
0xffffffff,
0xffffffff,
0xffffffff,
0xffffffff,
0xffffffff,
0xffffffff,
0xffffffff,
0xffffffff,
0xffffffff,
0xffffffff,
0xffffffff,
0xffffffff,
0xffffffff,
0xffffffff,
0xffffffff,
0xffffffff,
0xffffffff,
0xffffffff,
0xffffffff,
0xffffffff,
0xffffffff,
0xffffffff,
0xffffffff,
0xffffffff,
0xffffffff,
0xffffffff,
0xffffffff,
0xffffffff,
0xffffffff,
0xffffffff,
0xffffffff,
0xffffffff,
0xffffffff,
0xffffffff,
0xffffffff,
0xffffffff,
0xffffffff,
0xffffffff,
0xffffffff,
0xffffffff,
0xffffffff,
0xffffffff,
0xffffffff,
0xffffffff,
0xffffffff,
0xffffffff,
0xffffffff,
0xffffffff,
0xffffffff,
0xffffffff,
0xffffffff,
0xffffffff,
0xffffffff,
0xffffffff,
0xffffffff,
0xffffffff,
0xffffffff,
0xffffffff,
0xffffffff,
0xffffffff,
0xffffffff,
0xffffffff,
0xffffffff,
0xffffffff,
0xffffffff,
0xffffffff,
0xffffffff,
0xffffffff,
0xffffffff,
0xffffffff,
0xffffffff,
0xffffffff,
0xffffffff,
0xffffffff,
0xffffffff,
0xffffffff,
0xffffffff,
0xffffffff,
0xffffffff,
0xffffffff,
0xffffffff,
0xffffffff,
0xffffffff,
0xffffffff,
0xffffffff,
0xffffffff,
0xffffffff,
0xffffffff,
0xffffffff,
0xffffffff,
0xffffffff,
0xffffffff,
0xffffffff,
0xffffffff,
0xffffffff,
0xffffffff,
0xffffffff,
0xffffffff,
0xffffffff,
0xffffffff,
0xffffffff,
0xffffffff,
0xffffffff,
0xffffffff,
0xffffffff,
0xffffffff,
0xffffffff,
0xffffffff,
0xffffffff,
0xffffffff,
0xffffffff,
0xffffffff,
0xffffffff,
0xffffffff,
0xffffffff,
0xffffffff,
0xffffffff,
0xffffffff,
0xffffffff,
0xffffffff,
0xffffffff,
0xffffffff,
0xffffffff,
0xffffffff,
0xffffffff,
0xffffffff,
0xffffffff,
0xffffffff,
0xffffffff,
0xffffffff,
0xffffffff,
0xffffffff,
0xffffffff,
0xffffffff,
0xffffffff,
0xffffffff,
0xffffffff,
0xffffffff,
0xffffffff,
0xffffffff,
0xffffffff,
0xffffffff,
0xffffffff,
0xffffffff,
0xffffffff,
0xffffffff,
0xffffffff,
0xffffffff,
0xffffffff,
0xffffffff,
0xffffffff,
0xffffffff,
0xffffffff,
0xffffffff,
0xffffffff,
0xffffffff,
0xffffffff,
0xffffffff,
0xffffffff,
0xffffffff,
0xffffffff,
0xffffffff,
0xffffffff,
0xffffffff,
0xffffffff,
0xffffffff,
0xffffffff,
0xffffffff,
0xffffffff,
0xffffffff,
0xffffffff,
0xffffffff,
0xffffffff,
0xffffffff,
0xffffffff,
0xffffffff,
0xffffffff,
0xffffffff,
0xffffffff,
0xffffffff,
0xffffffff,
0xffffffff,
0xffffffff,
0xffffffff,
0xffffffff,
0xffffffff,
0xffffffff,
0xffffffff,
0xffffffff,
0xffffffff,
0xffffffff,
0xffffffff,
0xffffffff,
0xffffffff,
0xffffffff,
0xffffffff,
0xffffffff,
0xffffffff,
0xffffffff,
0xffffffff,
0xffffffff,
0xffffffff,
0xffffffff,
0xffffffff,
0xffffffff,
0x00000044,
0xf0001000,
0xf0101000,
0x40211104,
0x00210aaa,
0x000180b3,
0x20b0a50a,
0x17fc0055,
0x00181f26,
0x00000504,
0x02000000,
0x00000106,
0x00280d21,
0x00000000,
0x0ff0f000,
0x0f0f0f0f,
0x030f0f0f,
0x03313613,
0x0330033f,
0x0803f360,
0x08180c08,
0x08088080,
0x01f8c080,
0x11012001,
0xdd26d110,
0xdd0111dd,
0x403030cd,
0x22444446,
0x11550622,
0x002000dd,
0x13067000,
0x000d7003,
0x00001800,
0x00000000,
0x02000000,
0x07050707,
0x0c050803,
0x062d0c15,
0x004f0101,
0xf00f3000,
0xfff00f00,
0xc8f0f0f0,
0x0000182a,
0x40211104,
0x0026e000,
0x000190d3,
0x40d0c50c,
0x1c390064,
0x001c202c,
0x00000605,
0x02000000,
0x00000106,
0x00280d21,
0x01111113,
0x0f000000,
0x0f0f0f0f,
0x030f0f0f,
0x03313613,
0x0330033f,
0x0803f360,
0x08180c08,
0x08088080,
0x01f8c080,
0x11012001,
0xdd26d110,
0xdd0111dd,
0x403030cd,
0x22444446,
0x11550622,
0x002000dd,
0x938f2200,
0x000f1403,
0x00022000,
0x00000000,
0x02000000,
0x08060808,
0x0e070903,
0x06350e37,
0x004f012c,
0xf00f3000,
0xfff00f00,
0xc8f0f0f0,
0x00001729,
0x40211104,
0x002c7000,
0x0001a0e3,
0x40f0d60d,
0x203f0073,
0x00202531,
0x00000706,
0x02000000,
0x00000106,
0x00280d21,
0x01111113,
0x0f000004,
0x0f0f0f0f,
0x030f0f0f,
0x03313613,
0x0330033f,
0x0803f360,
0x08180c08,
0x08088080,
0x01f8c080,
0x11012001,
0xdd26d110,
0xdd0111dd,
0x403030cd,
0x22444446,
0x11550622,
0x002000dd,
0x14118f00,
0x00012404,
0x00022800,
0x00000000,
0x02000000,
0x09060808,
0x10080a03,
0x063c0fff,
0x005f0157,
0xf00f3000,
0xfff00f00,
0xc8f0f0f0,
0x00001628,
0x30210205,
0x00210aaa,
0x000180b4,
0x20b0a50a,
0x17fc007d,
0x00181f26,
0x00000504,
0x02000000,
0x00000106,
0x00280d21,
0x00000000,
0x0ff0f000,
0x0f0f0f0f,
0x030f0f0f,
0x03313613,
0x0330033f,
0x0803f360,
0x08180c08,
0x08088080,
0x01f8c080,
0x11012001,
0xdd26d110,
0xdd0111dd,
0x403030cd,
0x22444446,
0x11550622,
0x002000dd,
0xd3067000,
0x000d7006,
0x00001800,
0x00000000,
0x02000000,
0x07050707,
0x0c050803,
0x06410c15,
0x004f0101,
0xf00f3000,
0xfff00f00,
0xc8f0f0f0,
0x0000182a,
0x30210205,
0x0026e000,
0x000190d4,
0x40d0c50c,
0x1c390093,
0x001c202c,
0x00000605,
0x02000000,
0x00000106,
0x00280d21,
0x01111113,
0x0f000000,
0x0f0f0f0f,
0x030f0f0f,
0x03313613,
0x0330033f,
0x0803f360,
0x08180c08,
0x08088080,
0x01f8c080,
0x11012001,
0xdd26d110,
0xdd0111dd,
0x403030cd,
0x22444446,
0x11550622,
0x002000dd,
0xf38f2200,
0x000f1407,
0x00022000,
0x00000000,
0x02000000,
0x08060808,
0x0e070903,
0x064c0e37,
0x004f012c,
0xf00f3000,
0xfff00f00,
0xc8f0f0f0,
0x00001729,
0x30210205,
0x002c7000,
0x0001a0e4,
0x40f0d60d,
0x203f00a8,
0x00202531,
0x00000706,
0x02000000,
0x00000106,
0x00280d21,
0x01111113,
0x0f000004,
0x0f0f0f0f,
0x030f0f0f,
0x03313613,
0x0330033f,
0x0803f360,
0x08180c08,
0x08088080,
0x01f8c080,
0x11012001,
0xdd26d110,
0xdd0111dd,
0x403030cd,
0x22444446,
0x11550622,
0x002000dd,
0x14118f00,
0x00012409,
0x00022800,
0x00000000,
0x02000000,
0x09060808,
0x10080a03,
0x06570fff,
0x005f0157,
0xf00f3000,
0xfff00f00,
0xc8f0f0f0,
0x00001628,
0x50210205,
0x00210aaa,
0x000180b5,
0x20b0a50a,
0x17fc00cd,
0x00181f26,
0x00000504,
0x02000000,
0x00000106,
0x00280d21,
0x00000000,
0x0ff0f000,
0x0f0f0f0f,
0x030f0f0f,
0x03313613,
0x0330033f,
0x0803f360,
0x08180c08,
0x08088080,
0x01f8c080,
0x11012001,
0xdd26d110,
0xdd0111dd,
0x403030cd,
0x22444446,
0x11550622,
0x002000dd,
0xd3067000,
0x000d7006,
0x00001800,
0x00000000,
0x02000000,
0x07050707,
0x0c050803,
0x06690c15,
0x004f0101,
0xf00f3000,
0xfff00f00,
0xc8f0f0f0,
0x0000182a,
0x50210205,
0x0026e000,
0x000190d5,
0x40d0c50c,
0x1c3900f0,
0x001c202c,
0x00000605,
0x02000000,
0x00000106,
0x00280d21,
0x01111113,
0x0f000000,
0x0f0f0f0f,
0x030f0f0f,
0x03313613,
0x0330033f,
0x0803f360,
0x08180c08,
0x08088080,
0x01f8c080,
0x11012001,
0xdd26d110,
0xdd0111dd,
0x403030cd,
0x22444446,
0x11550622,
0x002000dd,
0xf38f2200,
0x000f1407,
0x00022000,
0x00000000,
0x02000000,
0x08060808,
0x0e070903,
0x067b0e37,
0x004f012c,
0xf00f3000,
0xfff00f00,
0xc8f0f0f0,
0x00001729,
0x60210205,
0x002c7000,
0x0001a0e5,
0x40f0d60d,
0x203f0113,
0x00202531,
0x00000706,
0x02000000,
0x00000106,
0x00280d21,
0x01111113,
0x0f000004,
0x0f0f0f0f,
0x030f0f0f,
0x03313613,
0x0330033f,
0x0803f360,
0x08180c08,
0x08088080,
0x01f8c080,
0x11012001,
0xdd26d110,
0xdd0111dd,
0x403030cd,
0x22444446,
0x11550622,
0x002000dd,
0x14118f00,
0x00012409,
0x00022800,
0x00000000,
0x02000000,
0x09060808,
0x10080a03,
0x068c0fff,
0x005f0157,
0xf00f3000,
0xfff00f00,
0xc8f0f0f0,
0x00001628,
0x60210205,
0x00210aaa,
0x000180b6,
0x20b0a50a,
0x17fc00cd,
0x00181f26,
0x00000504,
0x02000000,
0x00000106,
0x00280d21,
0x00000000,
0x0ff0f000,
0x0f0f0f0f,
0x030f0f0f,
0x03313613,
0x0330033f,
0x0803f360,
0x08180c08,
0x08088080,
0x01f8c080,
0x11012001,
0xdd26d110,
0xdd0111dd,
0x403030cd,
0x22444446,
0x11550622,
0x002000dd,
0x03067000,
0x000d7009,
0x00001800,
0x00000000,
0x02000000,
0x07050707,
0x0c050803,
0x068c0c15,
0x004f0101,
0xf00f3000,
0xfff00f00,
0xc8f0f0f0,
0x0000182a,
0x20210205,
0x0026e000,
0x000190d6,
0x40d0c50c,
0x1c3900f0,
0x001c202c,
0x00000605,
0x02000000,
0x00000106,
0x00280d21,
0x01111113,
0x0f000000,
0x0f0f0f0f,
0x030f0f0f,
0x03313613,
0x0330033f,
0x0803f360,
0x08180c08,
0x08088080,
0x01f8c080,
0x11012001,
0xdd26d110,
0xdd0111dd,
0x403030cd,
0x22444446,
0x11550622,
0x002000dd,
0x938f2200,
0x000f140a,
0x00022000,
0x00000000,
0x02000000,
0x08060808,
0x0e070903,
0x06a50e37,
0x004f012c,
0xf00f3000,
0xfff00f00,
0xc8f0f0f0,
0x00001729,
0x20210205,
0x002c7000,
0x0001a0e6,
0x40f0d60d,
0x203f0113,
0x00202531,
0x00000706,
0x02000000,
0x00000106,
0x00280d21,
0x01111113,
0x0f000004,
0x0f0f0f0f,
0x030f0f0f,
0x03313613,
0x0330033f,
0x0803f360,
0x08180c08,
0x08088080,
0x01f8c080,
0x11012001,
0xdd26d110,
0xdd0111dd,
0x403030cd,
0x22444446,
0x11550622,
0x002000dd,
0x14118f00,
0x0001240c,
0x00022800,
0x00000000,
0x02000000,
0x09060808,
0x10080a03,
0x06bc0fff,
0x005f0157,
0xf00f3000,
0xfff00f00,
0xc8f0f0f0,
0x00001628,
0x00000000,
0x00000000,
0x00000000,
0x00000000,
0x00000000,
0x00000000,
0x00000000,
0x00000000,
0x00000000,
0x00000000,
0x00000000,
0x00000000,
0x00000000,
0x00000000,
0x00000000,
0x00000000,
0x00000000,
0x00000000,
0x00000000,
0x00000000,
0x00000000,
0x00000000,
0x00000000,
0x00000000,
0x00000000,
0x00000000,
0x00000000,
0x00000000,
0x00000000,
0x00000000,
0x00000000,
0x00000000,
0x00000000,
0x00000000,
0x00000000,
0x00000000,
0x00000000,
0x00000000,
0x00000000,
0x00000000,
0x00000000,
0x00000000,
0x00000000,
0x00000000,
0x00000000,
0x00000000,
0x00000000,
0x00000000,
0x00000000,
0x00000000,
0x00000000,
0x00000000,
0x00000000,
0x00000000,
0x00000000,
0x00000000,
0x00000000,
0x00000000,
0x00000000,
0x00000000,
0x00000000,
0x00000000,
0x00000000,
0x00000000,
0x00000000,
0x00000000,
0x00000000,
0x00000000,
0x00000000,
0x00000000,
0x00000000,
0x00000000,
0x00000000,
0x00000000,
0x00000000,
0x00000000,
0x00000000,
0x00000000,
0x00000000,
0x00000000,
0x00000000,
0x00000000,
0x00000000,
0x00000000,
0x00000000,
0x00000000,
0x00000000,
0x00000000,
0x00000000,
0x00000000,
0x00000000,
0x00000000,
0x00000000,
0x00000000,
0x00000000,
0x00000000,
0x00000000,
0x00000000,
0x00000000,
0x00000000,
0x00000000,
0x00000000,
0x00000000,
0x00000000,
0x00000000,
0x00000000,
0x00000000,
0x00000000,
0x00000000,
0x00000000,
0x00000000,
0x00000000,
0x00000000,
0x00000000,
0x00000000,
0x00000000,
0x00000000,
0x00000000,
0x00000000,
0x00000000,
0x00000000,
0x00000000,
0x00000000,
0x00000000,
0x00000000,
0x00000000,
0x00000000,
0x00000000,
0x00000000,
0x00000000,
0x00000000,
0x00000000,
0x00000000,
0x00000000,
0x00000000,
0x00000000,
0x00000000,
0x00000000,
0x00000000,
0x00000000,
0x00000000,
0x00000000,
0x00000000,
0x00000000,
0x00000000,
0x00000000,
0x00000000,
0x00000000,
0x00000000,
0x00000000,
0x00000000,
0x00000000,
0x00000000,
0x00000000,
0x00000000,
0x00000000,
0x00000000,
0x00000000,
0x00000000,
0x00000000,
0x00000000,
0x00000000,
0x00000000,
0x00000000,
0x00000000,
0x00000000,
0x00000000,
0x00000000,
0x00000000,
0x00000000,
0x00000000,
0x00000000,
0x00000000,
0x00000000,
0x00000000,
0x00000000,
0x00000000,
0x00000000,
0x00000000,
0x00000000,
0x00000000,
0x00000000,
0x00000000,
0x00000000,
0x00000000,
0x00000000,
0x00000000,
0x00000000,
0x00000000,
0x00000000,
0x00000000,
0x00000000,
0x00000000,
0x00000000,
0x00000000,
0x00000000,
0x00000000,
0x00000000,
0x00000000,
0x00000000,
0x00000000,
0x00000000,
0x00000000,
0x00000000,
0x00000000,
0x00000000,
0x00000000,
0x00000000,
0x00000000,
0x00000000,
0x00000000,
0x00000000,
0x00000000,
0x00000000,
0x00000000,
0x00000000,
0x00000000,
0x00000000,
0x00000000,
0x00000000,
0x00000000,
0x00000000,
0x00000000,
0x00000000,
0x00000000,
0x00000000,
0x00000000,
0x00000000,
0x00000000,
0x00000000,
0x00000000,
0x00000000,
0x00000000,
0x00000000,
0x00000000,
0x00000000,
0x00000000,
0x00000000,
0x00000000,
0x00000000,
0x00000000,
0x00000000,
0x00000000,
0x00000000,
0x00000000,
0x00000000,
0x00000000,
0x00000000,
0x00000000,
0x00000000,
0x00000000,
0x00000000,
0x00000000,
0x00000000,
0x00000000,
0x00000000,
0x00000000,
0x00000000,
0x00000000,
0x00000000,
0x00000000,
0x00000000,
0x00000000,
0x00000000,
0x00000000,
0x00000000,
0x00000000,
0x00000000,
0x00000000,
0x00000000,
0x00000000,
0x00000000,
0x00000000,
0x00000000,
0x00000000,
0x00000000,
0x00000000,
0x00000000,
0x00000000,
0x00000000,
0x00000000,
0x00000000,
0x00000000,
0x00000000,
0x00000000,
0x00000000,
0x00000000,
0x00000000,
0x00000000,
0x00000000,
0x00000000,
0x00000000,
0x00000000,
0x00000000,
0x00000000,
0x00000000,
0x00000000,
0x00000000,
0x00000000,
0x00000000,
0x00000000,
0x00000000,
0x00000000,
0x00000000,
0x00000000,
0x00000000,
0x00000000,
0x00000000,
0x00000000,
0x00000000,
0x00000000,
0x00000000,
0x00000000,
0x00000000,
0x00000000,
0x00000000,
0x00000000,
0x00000000,
0x00000000,
0x00000000,
0x00000000,
0x00000000,
0x00000000,
0x00000000,
0x00000000,
0x00000000,
0x00000000,
0x00000000,
0x00000000,
0x00000000,
0x00000000,
0x00000000,
0x00000000,
0x00000000,
0x00000000,
0x00000000,
0x00000000,
0x00000000,
0x00000000,
0x00000000,
0x00000000,
0x00000000,
0x00000000,
0x00000000,
0x00000000,
0x00000000,
0x00000000,
0x00000000,
0x00000000,
0x00000000,
0x00000000,
0x00000000,
0x00000000,
0x00000000,
0x00000000,
0x00000000,
0x00000000,
0x00000000,
0x00000000,
0x00000000,
0x00000000,
0x00000000,
0x00000000,
0x00000000,
0x00000000,
0x00000000,
0x00000000,
0x00000000,
0x00000000,
0x00000000,
0x00000000,
0x00000000,
0x00000000,
0x00000000,
0x00000000,
0x00000000,
0x00000000,
0x00000000,
0x00000000,
0x00000000,
0x00000000,
0x00000000,
0x00000000,
0x00000000,
0x00000000,
0x00000000,
0x00000000,
0x00000000,
0x00000000,
0x00000000,
0x00000000,
0x00000000,
0x00000000,
0x00000000,
0x00000000,
0x00000000,
0x00000000,
0x00000000,
0x00000000,
0x00000000,
0x00000000,
0x00000000,
0x00000000,
0x00000000,
0x00000000,
0x00000000,
0x00000000,
0x00000000,
0x00000000,
0x00000000,
0x00000000,
0x00000000,
0x00000000,
0x00000000,
0x00000000,
0x00000000,
0x00000000,
0x00000000,
0x00000000,
0x00000000,
0x00000000,
0x00000000,
0x00000000,
0x00000000,
0x00000000,
0x00000000,
0x00000000,
0x00000000,
0x00000000,
0x00000000,
0x00000000,
0x00000000,
0x00000000,
0x00000000,
0x00000000,
0x00000000,
0x00000000,
0x00000000,
0x00000000,
0x00000000,
0x00000000,
0x00000000,
0x00000000,
0x00000000,
0x00000000,
0x00000000,
0x00000000,
0x00000000,
0x00000000,
0x00000000,
0x00000000,
0x00000000,
0x00000000,
0x00000000,
0x00000000,
0x00000000,
0x00000000,
0x00000000,
0x00000000,
0x00000000,
0x00000000,
0x00000000,
0x00000000,
0x00000000,
0x00000000,
0x00000000,
0x00000000,
0x00000000,
0x00000000,
0x00000000,
0x00000000,
0x00000000,
0x00000000,
0x00000000,
0x00000000,
0x00000000,
0x00000000,
0x00000000,
0x00000000,
0x00000000,
0x00000000,
0x00000000,
0x00000000,
0x00000000,
0x00000000,
0x00000000,
0x00000000,
0x00000000,
0x00000000,
0x00000000,
0x00000000,
0x00000000,
0x00000000,
0x00000000,
0x00000000,
0x00000000,
0x00000000,
0x00000000,
0x00000000,
0x00000000,
0x00000000,
0x00000000,
0x00000000,
0x00000000,
0x00000000,
0x00000000,
0x00000000,
0x00000000,
0x00000000,
0x00000000,
0x00000000,
0x00000000,
0x00000000,
0x00000000,
0x00000000,
0x00000000,
0x00000000,
0x00000000,
0x00000000,
0x00000000,
0x00000000,
0x00000000,
0x00000000,
0x00000000,
0x00000000,
0x00000000,
0x00000000,
0x00000000,
0x00000000,
0x00000000,
0x00000000,
0x00000000,
0x00000000,
0x00000000,
0x00000000,
0x00000000,
0x00000000,
0x00000000,
0x00000000,
0x00000000,
0x00000000,
0x00000000,
0x00000000,
0x00000000,
0x00000000,
0x00000000,
0x00000000,
0x00000000,
0x00000000,
0x00000000,
0x00000000,
0x00000000,
0x00000000,
0x00000000,
0x00000000,
0x00000000,
0x00000000,
0x00000000,
0x00000000,
0x00000000,
0x00000000,
0x00000000,
0x00000000,
0x00000000,
0x00000000,
0x00000000,
0x00000000,
0x00000000,
0x00000000,
0x00000000,
0x00000000,
0x00000000,
0x00000000,
0x00000000,
0x00000000,
0x00000000,
0x00000000,
0x00000000,
0x00000000,
0x00000000,
0x00000000,
0x00000000,
0x00000000,
0x00000000,
0x00000000,
0x00000000,
0x00000000,
0x00000000,
0x00000000,
0x00000000,
0x00000000,
0x00000000,
0x00000000,
0x00000000,
0x00000000,
0x00000000,
0x00000000,
0x00000000,
0x00000000,
0x00000000,
0x00000000,
0x00000000,
0x00000000,
0x00000000,
0x00000000,
0x00000000,
0x00000000,
0x00000000,
0x00000000,
0x00000000,
0x00000000,
0x00000000,
0x00000000,
0x00000000,
0x00000000,
0x00000000,
0x00000000,
0x00000000,
0x00000000,
0x00000000,
0x00000000,
0x00000000,
0x00000000,
0x00000000,
0x00000000,
0x00000000,
0x00000000,
0x00000000,
0x00000000,
0x00000000,
0x00000000,
0x00000000,
0x00000000,
0x00000000,
0x00000000,
0x00000000,
0x00000000,
0x00000000,
0x00000000,
0x00000000,
0x00000000,
0x00000000,
0x00000000,
0x00000000,
0x00000000,
0x00000000,
0x00000000,
0x00000000,
0x00000000,
0x00000000,
0x00000000,
0x00000000,
0x00000000,
0x00000000,
0x00000000,
0x00000000,
0x00000000,
0x00000000,
0x00000000,
0x00000000,
0x00000000,
0x00000000,
0x00000000,
0x00000000,
0x00000000,
0x00000000,
0x00000000,
0x00000000,
0x00000000,
0x00000000,
0x00000000,
0x00000000,
0x00000000,
0x00000000,
0x00000000,
0x00000000,
0x00000000,
0x00000000,
0x00000000,
0x00000000,
0x00000000,
0x00000000,
0x00000000,
0x00000000,
0x00000000,
0x00000000,
0x00000000,
0x00000000,
0x00000000,
0x00000000,
0x00000000,
0x00000000,
0x00000000,
0x00000000,
0x00000000,
0x00000000,
0x00000000,
0x00000000,
};
#endif
