//Out type = 1
#ifndef _RANGESCAN_LPDDR4_
#define _RANGESCAN_LPDDR4_
//bin2byte_linux version : 2022-0629-1.0007
//Reading '../output/LD98538A.bin'...
//file size = 86016
//../output/LD98538A.bin to function = ddr_scan data width[4] total size[86016]
//DR[2024-4-25-2]:LD[2.8.10]
unsigned int ddr_scan[] = {
0xf0d40028,
0xf0d40000,
0x00007468,
0xe0800500,
0xf0d40070,
0x00003a1f,
0x0000a518,
0x0000a7e4,
0x00000000,
0x00015000,
0xea000282,
0xffffffff,
0x3667aa55,
0x021a0000,
0x13040005,
0x00000000,
0xf12300b0,
0x00000028,
0xf1020010,
0x00000002,
0xf12300b0,
0x00000034,
0xf02300b0,
0x01100003,
0xf1110000,
0x0000003e,
0x00000000,
0x00000000,
0x48210000,
0x280a4db4,
0x00002ca4,
0x00020000,
0x00000000,
0x00000000,
0x40000000,
0xffffffff,
0xffffffff,
0xffffffff,
0xffffffff,
0xffffffff,
0xffffffff,
0xffffffff,
0xffffffff,
0xffffffff,
0xffffffff,
0xffffffff,
0xffffffff,
0xffffffff,
0xffffffff,
0xffffffff,
0xffffffff,
0xffffffff,
0xffffffff,
0xffffffff,
0xffffffff,
0xffffffff,
0xffffffff,
0xffffffff,
0xffffffff,
0xffffffff,
0xffffffff,
0xffffffff,
0xffffffff,
0xffffffff,
0xffffffff,
0xffffffff,
0xffffffff,
0xffffffff,
0xffffffff,
0xffffffff,
0xffffffff,
0xffffffff,
0xffffffff,
0xffffffff,
0xffffffff,
0xffffffff,
0xffffffff,
0xffffffff,
0xffffffff,
0xffffffff,
0xffffffff,
0xffffffff,
0xffffffff,
0xffffffff,
0xffffffff,
0xffffffff,
0xffffffff,
0xffffffff,
0xffffffff,
0xffffffff,
0xffffffff,
0xffffffff,
0xffffffff,
0xffffffff,
0xffffffff,
0xffffffff,
0xffffffff,
0xffffffff,
0xffffffff,
0xffffffff,
0xffffffff,
0xffffffff,
0xffffffff,
0xffffffff,
0xffffffff,
0xffffffff,
0xffffffff,
0xffffffff,
0xffffffff,
0xffffffff,
0xffffffff,
0xffffffff,
0xffffffff,
0xffffffff,
0xffffffff,
0xffffffff,
0xffffffff,
0xffffffff,
0xffffffff,
0xffffffff,
0xffffffff,
0xffffffff,
0xffffffff,
0xffffffff,
0xffffffff,
0xffffffff,
0xffffffff,
0xffffffff,
0xffffffff,
0xffffffff,
0xffffffff,
0xffffffff,
0xffffffff,
0xffffffff,
0xffffffff,
0xffffffff,
0xffffffff,
0xffffffff,
0xffffffff,
0xffffffff,
0xffffffff,
0xffffffff,
0xffffffff,
0xffffffff,
0xffffffff,
0xffffffff,
0xffffffff,
0xffffffff,
0xffffffff,
0xffffffff,
0xffffffff,
0xffffffff,
0xffffffff,
0xffffffff,
0xffffffff,
0xffffffff,
0xffffffff,
0xffffffff,
0xffffffff,
0xffffffff,
0xffffffff,
0xffffffff,
0xffffffff,
0xffffffff,
0xffffffff,
0xffffffff,
0xffffffff,
0xffffffff,
0xffffffff,
0xffffffff,
0xffffffff,
0xffffffff,
0xffffffff,
0xffffffff,
0xffffffff,
0xffffffff,
0xffffffff,
0xffffffff,
0xffffffff,
0xffffffff,
0xffffffff,
0xffffffff,
0xffffffff,
0xffffffff,
0xffffffff,
0xffffffff,
0xffffffff,
0xffffffff,
0xffffffff,
0xffffffff,
0xffffffff,
0xffffffff,
0x30240322,
0x00378aaa,
0x4ca27f10,
0x0b34e6c6,
0x4552a674,
0x013347ce,
0xd0000000,
0x00000702,
0x0a0f0e16,
0x03f80000,
0x00000144,
0x00000438,
0x00040000,
0x0000f000,
0x011000f0,
0x00000001,
0x000b0003,
0x020000f0,
0x02000100,
0x000a0007,
0x00ea0007,
0x00040a27,
0x00000b50,
0x00000001,
0x00000220,
0x00000000,
0x00000800,
0x00001400,
0x00000ccc,
0x144e01d3,
0x00000004,
0x3e142b13,
0x13130e16,
0x09280e09,
0x0001070a,
0x00000003,
0x00000000,
0x00000800,
0x00000001,
0x00001010,
0x1c000008,
0x1c1c1c1c,
0x041c1c1c,
0x04424624,
0x0000004f,
0x0900b000,
0x09290909,
0x09099090,
0x02b99090,
0x22024002,
0x0655ff20,
0x43000fcc,
0x38380fcc,
0x55553c30,
0x55073333,
0x2080dddd,
0x00a80000,
0x0b500790,
0x02200001,
0x08000000,
0x0ccc1400,
0x85060601,
0x0e0e0307,
0x76051514,
0x4f010105,
0x0f7002cc,
0xb00b00f0,
0xf0b0b0bb,
0x00000000,
0x00000000,
0x00000000,
0x00000000,
0x00000000,
0x00000000,
0x00000000,
0x00000000,
0x00000000,
0x00030707,
0x0409020d,
0x0a0b140c,
0x14000c0b,
0x03010b11,
0x08000505,
0x000c070d,
0x05020407,
0x09040b0f,
0xffffffff,
0x00000000,
0xffffffff,
0xffffffff,
0xffffffff,
0xffffffff,
0xffffffff,
0xffffffff,
0xffffffff,
0xffffffff,
0xffffffff,
0xffffffff,
0xffffffff,
0xffffffff,
0xffffffff,
0xffffffff,
0xffffffff,
0xffffffff,
0xffffffff,
0xffffffff,
0xffffffff,
0xffffffff,
0xffffffff,
0xffffffff,
0xffffffff,
0xffffffff,
0xffffffff,
0xffffffff,
0xffffffff,
0xffffffff,
0xffffffff,
0xffffffff,
0xffffffff,
0xffffffff,
0xffffffff,
0xffffffff,
0xffffffff,
0xffffffff,
0xffffffff,
0xffffffff,
0xffffffff,
0xffffffff,
0xffffffff,
0xffffffff,
0xffffffff,
0xffffffff,
0xffffffff,
0xffffffff,
0xffffffff,
0xffffffff,
0xffffffff,
0xffffffff,
0xffffffff,
0xffffffff,
0xffffffff,
0xffffffff,
0xffffffff,
0xffffffff,
0xffffffff,
0xffffffff,
0xffffffff,
0xffffffff,
0xffffffff,
0xffffffff,
0xffffffff,
0xffffffff,
0xffffffff,
0xffffffff,
0xffffffff,
0xffffffff,
0xffffffff,
0xffffffff,
0xffffffff,
0xffffffff,
0xffffffff,
0xffffffff,
0xffffffff,
0xffffffff,
0xffffffff,
0xffffffff,
0xffffffff,
0xffffffff,
0xffffffff,
0xffffffff,
0xffffffff,
0xffffffff,
0xffffffff,
0xffffffff,
0xffffffff,
0xffffffff,
0xffffffff,
0xffffffff,
0xffffffff,
0xffffffff,
0xffffffff,
0xffffffff,
0xffffffff,
0xffffffff,
0xffffffff,
0xffffffff,
0xffffffff,
0xffffffff,
0xffffffff,
0xffffffff,
0xffffffff,
0xffffffff,
0xffffffff,
0xffffffff,
0xffffffff,
0xffffffff,
0xffffffff,
0xffffffff,
0xffffffff,
0xffffffff,
0xffffffff,
0xffffffff,
0xffffffff,
0xffffffff,
0xffffffff,
0xffffffff,
0xffffffff,
0xffffffff,
0xffffffff,
0xffffffff,
0xffffffff,
0xffffffff,
0xffffffff,
0xffffffff,
0xffffffff,
0xffffffff,
0xffffffff,
0xffffffff,
0xffffffff,
0xffffffff,
0xffffffff,
0xffffffff,
0xffffffff,
0xffffffff,
0xffffffff,
0xffffffff,
0xffffffff,
0xffffffff,
0xffffffff,
0xffffffff,
0xffffffff,
0xffffffff,
0xffffffff,
0xffffffff,
0xffffffff,
0xffffffff,
0xffffffff,
0xffffffff,
0xffffffff,
0xffffffff,
0xffffffff,
0xffffffff,
0xffffffff,
0xffffffff,
0xffffffff,
0xffffffff,
0xffffffff,
0xffffffff,
0xffffffff,
0xffffffff,
0xffffffff,
0xffffffff,
0xffffffff,
0xffffffff,
0xffffffff,
0xffffffff,
0xffffffff,
0xffffffff,
0xffffffff,
0xffffffff,
0xffffffff,
0xffffffff,
0xffffffff,
0xffffffff,
0xffffffff,
0xffffffff,
0xffffffff,
0xffffffff,
0xffffffff,
0xffffffff,
0xffffffff,
0xffffffff,
0xffffffff,
0xffffffff,
0xffffffff,
0xffffffff,
0xffffffff,
0xffffffff,
0xffffffff,
0xffffffff,
0xffffffff,
0xffffffff,
0xffffffff,
0xffffffff,
0xffffffff,
0xffffffff,
0xffffffff,
0xffffffff,
0xffffffff,
0xffffffff,
0xffffffff,
0xffffffff,
0xffffffff,
0xffffffff,
0xffffffff,
0xffffffff,
0xffffffff,
0xffffffff,
0xffffffff,
0xffffffff,
0xffffffff,
0xffffffff,
0xffffffff,
0xffffffff,
0xffffffff,
0xffffffff,
0xffffffff,
0xffffffff,
0xffffffff,
0xffffffff,
0xffffffff,
0xffffffff,
0xffffffff,
0xffffffff,
0xffffffff,
0xffffffff,
0xffffffff,
0xffffffff,
0xffffffff,
0xffffffff,
0xe59f1004,
0xe5911000,
0xe1a0f001,
0xf0210104,
0xf1020016,
0xee111f11,
0xf57ff06f,
0xe3810001,
0xee010f11,
0xf57ff06f,
0xe3a00000,
0xec400f4e,
0xf57ff06f,
0xee011f11,
0xf57ff06f,
0xf1020013,
0xe59f0130,
0xe3a01024,
0xe5801000,
0xe59f1128,
0xe5910000,
0xe3500000,
0x0a000021,
0xe59f0114,
0xe3a01036,
0xe5801000,
0xe3a01034,
0xe5801000,
0xe3a01077,
0xe5801000,
0xe3a01066,
0xe5801000,
0xe3a01069,
0xe5801000,
0xe59f10ec,
0xe5910000,
0xe3500001,
0x0afffffb,
0xe59f00d8,
0xe3a01077,
0xe5801000,
0xe3a01061,
0xe5801000,
0xe3a01072,
0xe5801000,
0xe3a0106d,
0xe5801000,
0xe3a01072,
0xe5801000,
0xe3a01073,
0xe5801000,
0xe3a01074,
0xe5801000,
0xe3a02003,
0xee0c2f50,
0xf57ff06f,
0xe320f003,
0xe59f0094,
0xe5901000,
0xe3811001,
0xe5801000,
0xe59f0088,
0xe3a010f0,
0xe5801000,
0xe320f003,
0xe10f0000,
0xe38000c0,
0xe129f000,
0xe59f0070,
0xe3a01001,
0xe5801000,
0xe59f005c,
0xe5901000,
0xe3c11001,
0xe5801000,
0xe59f4058,
0xee0e4f10,
0xe59f0054,
0xe5901000,
0xe3811001,
0xe5801000,
0xee114f10,
0xe3c44005,
0xe3c44a01,
0xee014f10,
0xec554f1f,
0xe3c44040,
0xec454f1f,
0xe3844040,
0xec454f1f,
0xe59f1024,
0xe5910000,
0xe1a0f000,
0xe320f000,
0xf0110000,
0xf0210108,
0xfff02000,
0xfff02004,
0xfff01280,
0x00b71b00,
0xffe60000,
0xf0210104,
0xffffffff,
0xffffffff,
0xffffffff,
0xffffffff,
0xffffffff,
0xffffffff,
0xffffffff,
0xffffffff,
0xffffffff,
0xffffffff,
0xffffffff,
0xffffffff,
0xffffffff,
0xffffffff,
0xffffffff,
0xffffffff,
0xffffffff,
0xffffffff,
0xffffffff,
0xffffffff,
0xffffffff,
0xffffffff,
0xffffffff,
0xffffffff,
0xffffffff,
0xffffffff,
0xea000102,
0xe59ff014,
0xe59ff014,
0xe59ff014,
0xe59ff014,
0xe320f000,
0xe59ff010,
0xe59ff010,
0xf0d40e54,
0xf0d40e98,
0xf0d40edc,
0xf0d40f20,
0xf0d40f64,
0xf0d40f68,
0xf1080100,
0xf10c00c0,
0xf1020013,
0xee110f10,
0xe3c00a01,
0xe3c00b02,
0xe3c00004,
0xe3c00002,
0xe3c00001,
0xee010f10,
0xe59f051c,
0xee0c0f10,
0xee100fb0,
0xe2000003,
0xe3500000,
0x1a000006,
0xe59f0508,
0xe3a01901,
0xe0811000,
0xe3a02000,
0xe4802004,
0xe1500001,
0x3afffffc,
0xee100fb0,
0xe2000003,
0xe3500000,
0x1a000001,
0xe59fd4e0,
0xea000000,
0xe59fd4dc,
0xee110f10,
0xe3800a01,
0xee070f15,
0xee010f10,
0xe59f04cc,
0xe5901074,
0xe3a02001,
0xe1811902,
0xe5801074,
0xe59f04bc,
0xe5901030,
0xe1811802,
0xe5801030,
0xe3a02003,
0xe5802100,
0xe3a01000,
0xee081f13,
0xee081f17,
0xee071fd5,
0xee081f16,
0xee081f15,
0xee071f15,
0xf57ff04f,
0xf57ff06f,
0xee300f10,
0xe2006007,
0xe2866004,
0xe7e931d0,
0xe16f5f13,
0xe2833001,
0xe1a04003,
0xe59f2468,
0xe5823000,
0xe59f3464,
0xe00306a0,
0xe59f2460,
0xe2801001,
0xe5821000,
0xe3a01000,
0xe3a03000,
0xe1a02511,
0xe1822613,
0xee072f56,
0xe2833001,
0xe1500003,
0xaafffff9,
0xe2811001,
0xe1510004,
0x1afffff5,
0xe3a00001,
0xee400f10,
0xee300f10,
0xe7e931d0,
0xe2833001,
0xe59f2418,
0xe5823000,
0xe59f3408,
0xe00306a0,
0xe59f240c,
0xe2801001,
0xe5821000,
0xe3a00002,
0xee400f10,
0xee300f10,
0xe2006007,
0xe2866004,
0xe7e931d0,
0xe16f5f13,
0xe2833001,
0xe1a04003,
0xe59f23e0,
0xe5823000,
0xe59f33c8,
0xe00306a0,
0xe59f23d4,
0xe2801001,
0xe5821000,
0xe3a01000,
0xe3a03000,
0xe1a02511,
0xe2822002,
0xe1822613,
0xee072f56,
0xe2833001,
0xe1500003,
0xaafffff8,
0xe2811001,
0xe1510004,
0x1afffff4,
0xe59f036c,
0xe59f9398,
0xe5991094,
0xe2511001,
0xe59f2390,
0xe0823a01,
0xe7803101,
0xe2511001,
0x5afffffb,
0xe59f0348,
0xe3800b0f,
0xe3a010ff,
0xe59f2374,
0xe0823a01,
0xe7803101,
0xe2511001,
0x5afffffb,
0xe59f0328,
0xe59f1360,
0xe1800001,
0xe59f235c,
0xe5802000,
0xe59f0314,
0xe3a01df1,
0xe1800001,
0xe59f234c,
0xe5802000,
0xe59f0300,
0xe59f1344,
0xe1800001,
0xe59f2340,
0xe5802000,
0xe3a00000,
0xee020f50,
0xe59f02e4,
0xe3a01008,
0xe3811040,
0xe1800001,
0xee020f10,
0xe3e00000,
0xee030f10,
0xf57ff04f,
0xf57ff06f,
0xee110f10,
0xe3800001,
0xee010f10,
0xf57ff04f,
0xf57ff06f,
0xee110f10,
0xe3800a01,
0xe3800004,
0xee010f10,
0xf57ff04f,
0xf57ff06f,
0xee110f30,
0xe3800040,
0xee010f30,
0xe59f0294,
0xe590107c,
0xe3811a01,
0xe580107c,
0xe590109c,
0xe3c11008,
0xe580109c,
0xe3811008,
0xe580109c,
0xe59f02b4,
0xe59f1270,
0xe5912108,
0xe5802024,
0xe3a02007,
0xe5802008,
0xfa000fdf,
0xfa0000ab,
0xe59f0298,
0xe5902038,
0xe7ef1052,
0xe3510000,
0x0a000025,
0xe7e037d1,
0xe3a04045,
0xe3530001,
0x1a000014,
0xe7e03751,
0xe3530001,
0x1a000005,
0xe3a04055,
0xe2800001,
0xe3500002,
0x0a00000d,
0xe1a02822,
0xeaffffef,
0xe7e45052,
0xe7e462d2,
0xe2854030,
0xe3550001,
0x0a000002,
0xe3550002,
0x0a000000,
0xea000003,
0xe0253006,
0xe223301f,
0xe3530000,
0x0a00000c,
0xe59f0224,
0xe3a01039,
0xe5801000,
0xe3a01038,
0xe5801000,
0xe3a01035,
0xe5801000,
0xe3a01033,
0xe5801000,
0xe3a01038,
0xe5801000,
0xe5804000,
0xeafffffe,
0xfa000f7f,
0xe59f01f0,
0xe59f11f0,
0xe3a02000,
0xe4802004,
0xe1500001,
0x3afffffc,
0xfa0018bd,
0xe1a0f000,
0xe320f000,
0xe59f01c8,
0xe3a01052,
0xe5801000,
0xe3a01053,
0xe5801000,
0xe3a01054,
0xe5801000,
0xe590101c,
0xe201100f,
0xe2811030,
0xe5801000,
0xe590101c,
0xe1a01221,
0xe201100f,
0xe2811030,
0xe5801000,
0xeafffffe,
0xe59f0184,
0xe3a01055,
0xe5801000,
0xe3a01044,
0xe5801000,
0xe3a01046,
0xe5801000,
0xe590101c,
0xe201100f,
0xe2811030,
0xe5801000,
0xe590101c,
0xe1a01221,
0xe201100f,
0xe2811030,
0xe5801000,
0xeaffffed,
0xe59f0140,
0xe3a01053,
0xe5801000,
0xe3a01057,
0xe5801000,
0xe3a01049,
0xe5801000,
0xe590101c,
0xe201100f,
0xe2811030,
0xe5801000,
0xe590101c,
0xe1a01221,
0xe201100f,
0xe2811030,
0xe5801000,
0xeaffffdc,
0xe59f00fc,
0xe3a01050,
0xe5801000,
0xe3a01041,
0xe5801000,
0xe3a01042,
0xe5801000,
0xe590101c,
0xe201100f,
0xe2811030,
0xe5801000,
0xe590101c,
0xe1a01221,
0xe201100f,
0xe2811030,
0xe5801000,
0xeaffffcb,
0xe59f00b8,
0xe3a01041,
0xe5801000,
0xe3a01042,
0xe5801000,
0xe3a01054,
0xe5801000,
0xe590101c,
0xe201100f,
0xe2811030,
0xe5801000,
0xe590101c,
0xe1a01221,
0xe201100f,
0xe2811030,
0xe5801000,
0xeaffffba,
0xeafffffe,
0xeafffffe,
0x00000100,
0x00000010,
0x00000100,
0x00000010,
0x00000100,
0x00000010,
0xf0d40000,
0xf0d58000,
0xf0d5d000,
0xf0d5e000,
0xf0020000,
0xf0100000,
0xf0d40f78,
0x00007fff,
0xf0d40f74,
0xf0d40f80,
0xf0d40f7c,
0xf0d40f70,
0xf0d40f6c,
0xf0d40300,
0x00015de6,
0xf0000de6,
0x00003c34,
0xf0d15de6,
0xf1015de6,
0x00003c44,
0xf1115de6,
0xf0101000,
0xf0160000,
0xf0110000,
0x010002cc,
0x01008400,
0x22004b05,
0xaf00b580,
0xf003601a,
0x4803fe55,
0xfa16f006,
0xbf00bd80,
0xf0210100,
0xf0d41084,
0x2000b580,
0xbd80af00,
0x2000b580,
0xbd80af00,
0x2000b580,
0xbd80af00,
0x2000b580,
0xbd80af00,
0xb5804b02,
0x6018af00,
0xbf00bd80,
0xf0210100,
0x4b06b580,
0xee0eaf00,
0xee0e3f10,
0x4a043f10,
0xf0436813,
0x60130301,
0xbf00bd80,
0x002dc6c0,
0xffe60000,
0xaf00b580,
0xffeaf7ff,
0x68134a03,
0xd0fc2b00,
0xe83ef006,
0xbf00bd80,
0xf0210100,
0x2000b580,
0xbd80af00,
0x6c5f6c62,
0x656c776f,
0x5f6c6576,
0x74696e69,
0x6e6f6420,
0x000a0d65,
0x00000001,
0x00000001,
0x00000000,
0x00000000,
0x00000000,
0x00000000,
0x00000000,
0x00000000,
0x00000000,
0x00000000,
0x00000000,
0x00000000,
0x4b144a13,
0x2800b580,
0x4613bf18,
0x0208f043,
0x6811af00,
0xd50c0109,
0xf3c06810,
0xb1a87000,
0x63d4f443,
0x681b2002,
0x7f00f413,
0x2001bf08,
0x6812bd80,
0xd50800d2,
0x63d4f443,
0x681b2005,
0x7f00f413,
0x2004bf08,
0x2003bd80,
0xbf00bd80,
0xf0210000,
0xf0180000,
0x47f0e92d,
0x4b414688,
0xaf004c41,
0x28004605,
0x461cbf18,
0xffa1f2c1,
0x79a6f444,
0x23002208,
0x46484611,
0xf910f2c2,
0x0f04f1b8,
0x2300d106,
0x210f220c,
0x7061f444,
0xf906f2c2,
0x0a06f04f,
0xf444200a,
0xf8c476f8,
0xf006a000,
0x220df83d,
0x46112300,
0xf2c24630,
0xf44ff8f7,
0xf0067096,
0x2307f833,
0x60232064,
0xf82ef006,
0x2301220d,
0x46304611,
0xf8e8f2c2,
0x7016f44f,
0xf824f006,
0xf8c42064,
0xf006a000,
0x230ef81f,
0x60232064,
0xf81af006,
0x23012208,
0x46484611,
0xf8d4f2c2,
0x0f04f1b8,
0x230fd12f,
0x4619220c,
0x7061f444,
0xf8caf2c2,
0x22032301,
0x1125f240,
0xf2c24628,
0x227ff821,
0x218ef240,
0xf2c22000,
0x4601f811,
0xf2bf4628,
0x2302fac9,
0xf2402203,
0x46281125,
0xf810f2c2,
0xf44f227f,
0x20007127,
0xf800f2c2,
0x46284601,
0xfab8f2bf,
0xf2402303,
0x461a1125,
0xf2c14628,
0xe8bdffff,
0xbf0087f0,
0xf0210000,
0xf0180000,
0xaf00b580,
0xf101b928,
0xf5014170,
0x600a11b8,
0x2801bd80,
0xf1a1d104,
0xf5a1617e,
0xe7f6210f,
0x4170f101,
0x11b9f501,
0x0000e7f1,
0x460eb5f8,
0xaf004615,
0x21904a0a,
0xffe2f7ff,
0x21d04632,
0xffdef7ff,
0x21d4462a,
0xffdaf7ff,
0x461a21d8,
0xffd6f7ff,
0x21dc69ba,
0xffd2f7ff,
0xbf00bdf8,
0x12345678,
0x2109b5f8,
0xaf002000,
0xf2c14d31,
0x1e42ffa4,
0x2109b2d2,
0xf2c12000,
0x210affa6,
0xf2c12000,
0x1e42ff9a,
0x210ab2d2,
0xf2c12000,
0x2000ff9c,
0xfedff2c1,
0x4b284827,
0x721ff641,
0x6801682e,
0x681b4032,
0x4c80f013,
0x731ff641,
0x0301ea03,
0xf46fd010,
0x44737e80,
0xf46f404b,
0x44627c80,
0x741ff641,
0x40234072,
0x40594022,
0x602a4072,
0xe0216001,
0xe068f8df,
0x1201f2a2,
0xf8de4072,
0x2c014000,
0x741ff641,
0x0204ea02,
0x0206ea82,
0xd116602a,
0x7380f5a3,
0x401c404b,
0x490f404c,
0x0201ea04,
0x7280f102,
0x3280f502,
0x40114062,
0x60014061,
0xc000f8ce,
0xf2c12000,
0x2000fe92,
0xf46fbdf8,
0x44137280,
0x401c404b,
0xe7cf4061,
0xf0180648,
0xf0180148,
0xf0180008,
0x1f1f0000,
0xf0d410a4,
0x2109b5f8,
0xaf002000,
0xf2c14e4e,
0x1c42ff32,
0x2109b2d2,
0xf2c12000,
0x210aff34,
0xf2c12000,
0x1c42ff28,
0x210ab2d2,
0xf2c12000,
0x2000ff2a,
0xfe6df2c1,
0xc128f8df,
0xf8dc4b43,
0x68345000,
0xf013681b,
0xf0054f80,
0xd02c031f,
0xd00d2b1f,
0x53f8f405,
0x5ff8f5b3,
0xf404d008,
0xf5b353f8,
0xd0035ff8,
0x031ff004,
0xd10a2b1f,
0xf2c24837,
0x4837f8d9,
0x46294622,
0xf8d4f2c2,
0x30fff04f,
0xf641bdf8,
0xea05731f,
0xf2010103,
0xea041101,
0x40690203,
0x1201f202,
0x40624019,
0xf8cc4069,
0x401a1000,
0x2b1fe03c,
0xf405d00d,
0xf5b353f8,
0xd0085ff8,
0x53f8f404,
0x5ff8f5b3,
0xf004d003,
0x2b1f031f,
0x4821d106,
0xf8acf2c2,
0x46294622,
0xe7d14820,
0x721ff641,
0x46102b19,
0xea004613,
0xea030005,
0xd1220304,
0xf200491b,
0xf5031001,
0xf04f7380,
0x40630e01,
0xe000f8c1,
0x0105ea80,
0x0002ea01,
0x4062401a,
0x40684c14,
0x0000f8cc,
0x0104ea02,
0x417ef101,
0x017ff501,
0x400c4051,
0x20004054,
0xf2c16034,
0x2000fdea,
0xf200bdf8,
0xf2031001,
0x40681301,
0x40104063,
0xf8cc4068,
0xe7ae0000,
0xf0180148,
0xf0180008,
0xf0d46224,
0xf0d46254,
0xf0d46274,
0xf0d410a4,
0x1f1f0000,
0xf0180648,
0x460db5b0,
0xaf004604,
0xd1342800,
0x681b4b1e,
0xd50607d9,
0x0301f023,
0x461a2160,
0xf7ff4620,
0x075afe99,
0xf023d505,
0x21600204,
0xf7ff4620,
0x686afe91,
0x011368a9,
0x2301ea43,
0xf043bb0a,
0x682a03c1,
0x49114620,
0x4302ea43,
0x60114a10,
0x68ea2164,
0x0203f022,
0xfe7cf7ff,
0x4620692a,
0xf0222168,
0xf7ff0203,
0x2160fe75,
0x4620461a,
0xfe70f7ff,
0x2801bdb0,
0x4b06d101,
0x4b06e7c7,
0xf043e7c5,
0xe7dc0301,
0xf0170060,
0x00100030,
0xf0170054,
0xf0171060,
0xf0172060,
0x2401b598,
0xf202fa04,
0x408b3a01,
0xb2dbaf00,
0xb281408a,
0x2000b2d2,
0xfe46f2c1,
0xb598bd98,
0xfa032301,
0x3a01f202,
0xaf00460c,
0xb281408a,
0x2000b2d2,
0xfe2ef2c1,
0xbd9840e0,
0x4604b5f0,
0xb0834d1c,
0x2200af00,
0x603a682e,
0xb95e607a,
0x4b19b9f4,
0x21a0681a,
0xf0124620,
0xd01d0501,
0xfe2af7ff,
0xe0102001,
0xf44f683b,
0x33017048,
0x682e603b,
0xfdfaf005,
0x3301687b,
0x687b607b,
0xd9e42b64,
0x20022300,
0x370c607b,
0xbdf046bd,
0xd1012c01,
0xe7dd4b09,
0xe7db4b09,
0x0302f012,
0xf7ffd003,
0x4628fe09,
0xf7ffe7ef,
0x4618fe05,
0xbf00e7eb,
0xf017005c,
0xf01700a0,
0xf01710a0,
0xf01720a0,
0xe92d4ba4,
0xb0ad4ff0,
0xaf02685a,
0xf102689b,
0xf5026284,
0xf8c75200,
0x2b002088,
0x8271f000,
0x24014b9d,
0xa30cf8df,
0x4d9c2000,
0x9308f8df,
0x4b9b601c,
0x8304f8df,
0xf8df4e9a,
0x681bb304,
0x3084f8c7,
0x681b4b98,
0x308cf8c7,
0x681b4b97,
0x4b9767bb,
0x677b681b,
0x681b4b96,
0x4b96673b,
0x66fb681b,
0x681b4b95,
0x4b9566bb,
0x667b681b,
0x681b4b94,
0x4b94663b,
0x65fb681b,
0x681b4b93,
0x4b9365bb,
0x657b681b,
0x681b4b92,
0x4b92653b,
0x64fb681b,
0x681b4b91,
0x4b9164bb,
0x647b681b,
0x681b4b90,
0x4b90643b,
0x63fb681b,
0x681b4b8f,
0x4b8f63bb,
0x637b681b,
0x681b4b8e,
0x4b8e633b,
0x62fb681b,
0x681b4b8d,
0x4b8d62bb,
0x627b681b,
0x681b4b8c,
0x4b8c623b,
0x61fb681b,
0x681b4b8b,
0x3080f8c7,
0x3000f8da,
0x682b61bb,
0xf8d967fb,
0x617b3000,
0x3000f8d8,
0x6833613b,
0x4b8460fb,
0x60bb681b,
0x681b4b83,
0x4b83607b,
0x603b681b,
0xfc9bf2c1,
0x46222300,
0x48804621,
0xfe04f2c1,
0x46222300,
0x487e4621,
0xfdfef2c1,
0xf0052032,
0x4623fd3b,
0x46214622,
0xf2c14878,
0x4623fdf5,
0x46214622,
0xf2c14876,
0x2032fdef,
0xfd2cf005,
0x73fff64f,
0x3000f8cb,
0xf8d72200,
0x21033084,
0xf003484f,
0xf2c1030f,
0x2303fddf,
0x211e221c,
0xf2c1486c,
0x4b4cfdd9,
0x208cf8d7,
0x6efa601a,
0xf503619a,
0x4a6873a2,
0xf44f62da,
0x601a5273,
0xf8436eba,
0x4a452cfc,
0x308cf8d7,
0x320c3204,
0x7296f502,
0x7380f3c3,
0x72f2f502,
0x322c32c8,
0x32043204,
0x32043204,
0x32043204,
0x32043a38,
0x32043204,
0x32043204,
0xf2a23204,
0xf2024204,
0x3250623c,
0x66fa3204,
0x42a4f2a2,
0xf0002b00,
0x2310823b,
0x46236013,
0x482d2208,
0xf2c14611,
0x4b4efd9b,
0xf5a34a4e,
0xf8c3739a,
0x461a2134,
0x60136fbb,
0x461a4b2a,
0x60136f7b,
0x461a4b29,
0x60136f3b,
0x461a4b2a,
0x60136e7b,
0x461a4b29,
0x60136e3b,
0x602b6ffb,
0x461a4b27,
0x60136dfb,
0x461a4b26,
0x60136dbb,
0x461a4b25,
0x60136d7b,
0x461a4b24,
0x60136d3b,
0x461a4b23,
0x60136cfb,
0x461a4b22,
0x60136cbb,
0x461a4b21,
0x60136c7b,
0x461a4b20,
0x60136c3b,
0xf8ca69bb,
0x6ffb3000,
0x697b602b,
0x3000f8c9,
0xf8c8693b,
0x68fb3000,
0x4b236033,
0x68bb461a,
0x4b226013,
0x687b461a,
0xe0576013,
0xf0d410a4,
0xf0d4109c,
0xf0180640,
0xf0180384,
0xf018064c,
0xf0180008,
0xf018000c,
0xf0180010,
0xf018001c,
0xf0180020,
0xf0180050,
0xf0180148,
0xf018032c,
0xf01803f4,
0xf0180420,
0xf0180424,
0xf0180428,
0xf018042c,
0xf0180430,
0xf0180434,
0xf0180438,
0xf0180400,
0xf0180404,
0xf0180408,
0xf018040c,
0xf0180410,
0xf0180414,
0xf0180418,
0xf0180014,
0xf0180018,
0xf0180324,
0xf0180650,
0xf01806a0,
0xf01806a4,
0xf0020094,
0xf002009c,
0xf0180024,
0x03e00042,
0xf0180140,
0xde3c78ee,
0xf018063c,
0xf0180644,
0xf0180648,
0xf018062c,
0x461a4bcd,
0x6013683b,
0x308cf8d7,
0xd508011b,
0x4acb4bca,
0x4acb601a,
0x4acb605a,
0x4acb609a,
0x4bcb60da,
0x461a4ccb,
0x48cb6bfb,
0x4bcb6013,
0x6bbb461a,
0x4bca6013,
0x6b7b461a,
0x4bc96013,
0x6b3b461a,
0x4bc86013,
0x6afb461a,
0x4bc76013,
0x6abb461a,
0x4bc66013,
0x6a7b461a,
0x4bc56013,
0x6a3b461a,
0x4bc46013,
0x601a69fa,
0x23012200,
0xf2c14611,
0x2064fcb7,
0xfbf4f005,
0x48b62300,
0x4619461a,
0xfcaef2c1,
0xb34b6823,
0x23014dbb,
0x461a2100,
0xf2c14608,
0x220dfc03,
0x46112300,
0xf2c148b7,
0xf44ffc9f,
0xf0057096,
0x2307fbdb,
0x602b2064,
0xfbd6f005,
0x2301220d,
0x48b04611,
0xfc90f2c1,
0x7016f44f,
0xfbccf005,
0x20642306,
0xf005602b,
0x230efbc7,
0x602b2064,
0xfbc2f005,
0x22082301,
0x461148a7,
0xfc7cf2c1,
0x308cf8d7,
0x65c0f3c3,
0xf8d7b145,
0x220c3084,
0x48a2210f,
0x3303f3c3,
0xfc6ef2c1,
0x2300221e,
0x489f4611,
0xfc68f2c1,
0x3080f8d7,
0x489d2212,
0xf3c34611,
0xf2c14380,
0xf8d7fc5f,
0x220f3080,
0x46114898,
0x33c0f3c3,
0xfc56f2c1,
0x2301b345,
0xf2402203,
0x20001125,
0xfbacf2c1,
0xf240227f,
0x2000218e,
0xfb9cf2c1,
0x20004601,
0xfe54f2be,
0x22032302,
0x1125f240,
0xf2c12000,
0x227ffb9b,
0x7127f44f,
0xf2c12000,
0x4601fb8b,
0xf2be2000,
0x2303fe43,
0x1125f240,
0x2000461a,
0xfb8af2c1,
0xb99c6824,
0x2301220d,
0x487a4611,
0xfc24f2c1,
0x22064b77,
0x601a20c8,
0x601a220e,
0xfb5cf005,
0x46212301,
0x4620461a,
0xfb74f2c1,
0xf8cb2300,
0x4b753000,
0x4d752400,
0x7228f44f,
0x60ec681b,
0x5f80f013,
0x408cf8c7,
0x73e0f44f,
0x4613bf08,
0x3084f8c7,
0x2202232e,
0x486d2108,
0xfbfcf2c1,
0xf0052032,
0x237ffb39,
0x21082202,
0xf2c14868,
0x2032fbf3,
0xfb30f005,
0x68184b63,
0x5080f010,
0x8084f000,
0x20004b63,
0x208cf8d7,
0x441358d6,
0x0804f103,
0xe8984631,
0xf8cd0700,
0x464ba000,
0xf7ff4642,
0x464bfb55,
0x46314642,
0xa000f8cd,
0xf7ff2001,
0x4631fb4d,
0x06a8f107,
0x464b4642,
0xa000f8cd,
0xf04f2002,
0xf7ff0901,
0xf846fb41,
0xf04f9d14,
0x4b500800,
0x46404631,
0x0b3ff04f,
0x3a80f44f,
0xb09cf8c7,
0xa0a4f8c7,
0x30a0f8c7,
0x8098f8c7,
0xfc6cf7ff,
0x46314b48,
0xf8c74648,
0xf8c7b09c,
0xf8c7a0a4,
0xf8c730a0,
0xf7ff9098,
0xf8c7fc5f,
0x4631b09c,
0xb108f8df,
0x686b2002,
0xa0a4f8c7,
0x7340f103,
0x8098f8c7,
0xf8c7330c,
0x231030a0,
0x3094f8c7,
0xfc4af7ff,
0x46402307,
0x3000f8cb,
0xfcb0f7ff,
0xfa00fa09,
0xf7ff4648,
0xfa09fcab,
0xea40f000,
0x20020a0a,
0xfca4f7ff,
0xf000fa09,
0x0a0aea40,
0xb080f8c7,
0x0302f02a,
0xf000454b,
0xf1ba8085,
0xf0000f02,
0x20028086,
0x46bd37ac,
0x8ff0e8bd,
0xe5c56013,
0xf8d74b24,
0x58d6208c,
0xf1034413,
0x46310804,
0x0700e898,
0xa000f8cd,
0x4642464b,
0xbf00e77b,
0xf01806a4,
0xf0180660,
0x32876510,
0xfdcba9f4,
0x32987651,
0xfedcbaf4,
0xf0180400,
0xf0d4109c,
0xf0180050,
0xf0180404,
0xf0180408,
0xf018040c,
0xf0180410,
0xf0180414,
0xf0180418,
0xf0180014,
0xf0180018,
0xf0180000,
0xf01801f0,
0xf018014c,
0xf0180384,
0xf0180140,
0xf0180324,
0xf0180008,
0xf0d410a4,
0xf00200a0,
0xf0d45604,
0x01000400,
0x02000004,
0xf0d457c4,
0xf017005c,
0x3088f8d7,
0xf1034a73,
0xf8df0810,
0x4b72c1f8,
0x49734872,
0xe1f0f8df,
0x33104c72,
0x4c10f848,
0xf8423210,
0xf1084c20,
0xf8430810,
0xf8484c20,
0xf842cc1c,
0xf843cc1c,
0xf848cc1c,
0xf8420c18,
0xf8430c18,
0xf8480c18,
0xf8421c14,
0xf8431c14,
0x45731c14,
0xe031d1e0,
0xe77d4640,
0x30fff04f,
0x696be77a,
0xf0002b00,
0x68eb80a2,
0x692bbb53,
0xd1c52b00,
0xf243485c,
0xf8df0e39,
0x495bc190,
0x818cf8df,
0xf8df6842,
0xf8dfb18c,
0xfb08918c,
0xf8d7e302,
0xfb084088,
0xf3c3e203,
0xea02430e,
0xea430a0b,
0xf844030a,
0xf8c73b04,
0xf8414088,
0xf84c3f04,
0x45493f04,
0x6042d1e9,
0x60eb2301,
0xfa90f005,
0x0900f04f,
0x464a464b,
0x0b05f04f,
0x20006869,
0x2088f8c7,
0x0a01f04f,
0x6884f101,
0x6180f04f,
0x10a0f8c7,
0x1180f44f,
0x10a4f8c7,
0x67fb4631,
0xf8c72302,
0xf508a09c,
0xf8c75800,
0xf8c73098,
0xf7ffa094,
0x4b39fb4f,
0x68194650,
0x0104f041,
0x49376019,
0x10a0f8c7,
0xf8c7213f,
0x4631109c,
0xfb40f7ff,
0x20024b33,
0xf0416819,
0x60190104,
0xf8c74631,
0xf7ff80a0,
0x4b2ffb35,
0x68192000,
0x0104f041,
0xf8d76019,
0x21073080,
0xf7ff6019,
0x4650fb95,
0xfb92f7ff,
0xf7ff2002,
0x4927fb8f,
0x2088f8d7,
0xf8d16ffb,
0xf501c000,
0x68085180,
0x5180f501,
0x4c1cea4f,
0x0c006809,
0xb1120c09,
0xf47f4594,
0xb113af69,
0xf47f4298,
0xf1b9af65,
0xd0020f00,
0xf47f4549,
0x4662af5f,
0x46894603,
0x0b01f1bb,
0xf8c7d192,
0xf8d78088,
0x3310308c,
0x308cf8c7,
0x208cf8d7,
0x3084f8d7,
0xf47f4293,
0x68abae33,
0x2000b113,
0xf8c1f2c1,
0xe6c12001,
0x04101010,
0x04000010,
0xad5cb2ac,
0xa11c51b3,
0x84cf9b55,
0xf0d4109c,
0x04100ffc,
0xf0170060,
0x04101000,
0xf0171060,
0xf0172060,
0xf017006c,
0x02b4e26d,
0x04100010,
0x03fffffc,
0x41c64e6d,
0x7fff0000,
0x04200ffc,
0x4ff0e92d,
0xb0a14812,
0xf2c1af0a,
0x4b11fb1f,
0x609a2201,
0x2300615a,
0x64bb469b,
0xf7ff2000,
0x2801f8a9,
0xf1bbd11a,
0xd9260f01,
0x23004c09,
0x616360a3,
0x33016cbb,
0x8293f040,
0xf2c14806,
0x6cbbfb05,
0x375c61a3,
0xe8bd46bd,
0xbf008ff0,
0xf0d46294,
0xf0d410a4,
0xf0d463a4,
0xf7ff2000,
0x2804f889,
0x2000d0df,
0xf884f7ff,
0xf0402802,
0x230281e9,
0xbf38459b,
0x4bbd469b,
0x188beb03,
0x3460f8d8,
0xf8d8643b,
0x657b3464,
0x3468f8d8,
0x461a6d79,
0x63fb6c38,
0xfad5f7ff,
0x6484f8d8,
0xa480f8d8,
0x3488f8d8,
0x63b84631,
0x461a4650,
0xf7ff653b,
0xf8d8fac8,
0xf8d85494,
0xf8d83490,
0x46299498,
0x46186338,
0x64fb464a,
0xfabbf7ff,
0x4474f8d8,
0x3470f8d8,
0x8478f8d8,
0x647b4621,
0x0208eb04,
0x1e5362f8,
0x46426c78,
0xf7ff637b,
0x6d3bfaaa,
0x46519008,
0x6b7b18f2,
0x3a019306,
0x93056c7b,
0x93046afb,
0x0309eb05,
0x93023b01,
0x93016cfb,
0x94076b3b,
0x93009503,
0x48954633,
0xfa94f2c1,
0x46316d3a,
0xf7ff4650,
0x4629fa8c,
0x464a60f8,
0xf7ff6cf8,
0x6bfafa86,
0x46596d7b,
0x441361b8,
0x92036b7a,
0x6c7a3b01,
0x6bba9202,
0x6d7a9201,
0x24009404,
0x48879200,
0xf2c16c3a,
0x4886fa75,
0xfa72f2c1,
0xfa032301,
0x4d84f808,
0x38fff108,
0x0104ea08,
0x34104628,
0xfa66f2c1,
0xd1f72ca0,
0xf2c1487f,
0x6bbbfa61,
0x653b005b,
0x623b2300,
0xeb034b76,
0xf50a1a8b,
0x60bb638f,
0x3478f8da,
0x687a607b,
0x1474f8da,
0x0470f8da,
0xfa49f7ff,
0x5488f8da,
0xf8da6a3a,
0xf8da348c,
0x44136484,
0x40aa2201,
0x3a016578,
0x0480f8da,
0x46314013,
0x4680462a,
0xf7ff61fb,
0xf8dafa25,
0xf8da4494,
0xf8da2498,
0x46210490,
0x469169fb,
0xf7ff64f8,
0x462afa19,
0x46404631,
0xfa23f7ff,
0x19aa6cfb,
0x444c9402,
0x3c019003,
0x94019300,
0x46414633,
0x485c3a01,
0xf2c12500,
0x68bbfa17,
0x46a8462c,
0x681b64fd,
0x62bd627d,
0x643d637d,
0x6c3b647b,
0x011b2201,
0x6c7b633b,
0xf303fa02,
0x3b016b3a,
0xea0362fb,
0xf8da0602,
0x63fb3470,
0x3474f8da,
0x463363bb,
0x6bb96c7a,
0xf7ff6bf8,
0x2000f9e3,
0xff6ff2c0,
0x69ba69fb,
0x2b001a9b,
0x425bbfb8,
0x6d7b613b,
0x2e001af6,
0x4276bfb8,
0xf7ff617e,
0x2801fa33,
0x8111f040,
0x3ffff1b8,
0x483ed128,
0xf2c12600,
0x6b3bf9d9,
0x62bb3b10,
0x6c7a6abb,
0x0903eb06,
0x6bb96afb,
0x0903ea09,
0x464b6bf8,
0xf9b8f7ff,
0xf2c02000,
0xf7ffff44,
0x2801fa15,
0x80c7f040,
0xf0002e00,
0xf1c680c2,
0x46310611,
0x4434482e,
0xf9b8f2c1,
0x904cf8c7,
0x62bb2301,
0x2b096c3b,
0x80cdf040,
0x2b006b7b,
0x80c9f040,
0x2b006abb,
0x80c5f000,
0x6b3b6b7e,
0xeb066c7a,
0x6afb0903,
0xea096bb9,
0x6bf80903,
0xf7ff464b,
0x2000f989,
0xff15f2c0,
0xf9e6f7ff,
0xf0002801,
0xb10680a4,
0x46313e01,
0xf2c14818,
0x4434f98d,
0xf0002e00,
0xf109810a,
0x6c3b35ff,
0x643b3301,
0xf47f2b0a,
0x2664af74,
0x48116d3b,
0xfbb44374,
0x4621f4f3,
0xf978f2c1,
0x2b006a7b,
0x6d7bd045,
0x42936cfa,
0x80f3f080,
0xbf00e014,
0xf0d45604,
0xf0d462ae,
0xf0d462e5,
0xf0d46324,
0xf0d4633e,
0xf0d46344,
0xf0d4634a,
0xf0d4636e,
0xf0d46372,
0xf0d46392,
0x44136d3a,
0x48736cfa,
0x435e1a9b,
0xfbb66d3b,
0x4631f6f3,
0xf94ef2c1,
0x42ab6d7b,
0x0364f04f,
0x80cdf240,
0x6d796d3a,
0x44151a52,
0x6d3b435d,
0xfbb54869,
0x4629f5f3,
0xf93cf2c1,
0xf2402c1e,
0x2e0b80c1,
0x80bef240,
0x6cbb2d0b,
0x32fff04f,
0x4613bf98,
0x486164bb,
0xf92cf2c1,
0x6c7a6d7b,
0x6bf86bb9,
0xf914f7ff,
0xf2c02000,
0x6a3bfea0,
0x623b3b04,
0xf47f3354,
0x4c59aeca,
0xeb0468fb,
0xf10b148b,
0xf5040b01,
0xc8076090,
0xf900f7ff,
0x6092f504,
0xc80769bb,
0xf8faf7ff,
0xf2c02000,
0xf1bbfe86,
0xf47f0f04,
0xe5f3aded,
0xf7fe2000,
0x2805fe95,
0xae15f47f,
0x2610e60f,
0x2e0fe73d,
0x4848d104,
0xf8f6f2c1,
0x64fb6b3b,
0x2e103601,
0xaf1af47f,
0x2e0fe738,
0x3410d104,
0x4842464d,
0xf8e8f2c1,
0x2e103601,
0xaf3df47f,
0x693be75b,
0xdc0b2b02,
0x2b08697b,
0x483cdc08,
0xf2c13410,
0x2301f8d9,
0xf04f627b,
0xe74c0801,
0x34104838,
0xf8d0f2c1,
0xf1b8e7f7,
0xd1240f01,
0x3c104835,
0xf8c8f2c1,
0x26006b3b,
0x0810f1a3,
0xeb066afb,
0x6c7a0908,
0x0903ea09,
0x464b6bb9,
0xf7ff6bf8,
0x2000f8a7,
0xfe33f2c0,
0xf904f7ff,
0xd0232801,
0x3e01b106,
0xf1094434,
0x463135ff,
0xf2c14826,
0x2301f8a9,
0x6c3b637b,
0xd1072b09,
0xb92b6abb,
0x2b016b7b,
0xbf086cfb,
0x64fb2300,
0x2b02693b,
0x697bdc15,
0xdc122b08,
0xf2c1481c,
0x2301f893,
0xf04f627b,
0xe70638ff,
0xd1042e0f,
0x464d3410,
0xf2c14811,
0x3601f887,
0xd1bf2e10,
0x4814e7d9,
0xf880f2c1,
0x464de7ed,
0x6d7be6f5,
0x6d7ae722,
0xe7331aad,
0x33fff04f,
0x480ee744,
0xf872f2c1,
0xbf00e56d,
0xf0d46390,
0xf0d4639a,
0xf0d469ed,
0xf0d45604,
0xf0d46378,
0xf0d4637c,
0xf0d46380,
0xf0d46384,
0xf0d4636e,
0xf0d46372,
0xf0d46388,
0xf0d4638c,
0xf0d463ba,
0x4ff0e92d,
0x4b932000,
0xaf04b09d,
0x609a2201,
0xfdc1f2c0,
0xf2c14890,
0x2300f849,
0x647b461c,
0xf7fe2000,
0x2801fdd7,
0x80d9f040,
0xf0402c01,
0x2402828f,
0x22032300,
0x488821c3,
0xf836f2c1,
0x01a54b87,
0xf8d6195e,
0x643b3580,
0x3584f8d6,
0xf8d663fb,
0x6bf93588,
0x6c38461a,
0xf7ff63bb,
0xf8d6f822,
0x637b3590,
0x3594f8d6,
0xf8d6633b,
0x65b83598,
0x6b39461a,
0x61fb6b78,
0xf813f7ff,
0x65f82c02,
0x2801d103,
0x4b72d101,
0x4b7461d8,
0xf8d5441d,
0x62fb3560,
0x3564f8d5,
0xf8d5653b,
0x6d393568,
0x6af8461a,
0xf7fe64fb,
0xf8d5fffc,
0x46833570,
0xf8d562bb,
0x627b3574,
0x3578f8d5,
0x6a792500,
0x6ab8461a,
0xf7fe613b,
0x22c0ffec,
0xf24060f8,
0x20002152,
0xfe20f2c0,
0x48616078,
0xffe4f2c0,
0x23016cfa,
0x623b4093,
0x4b5c1e5e,
0x1884eb03,
0x429d6a3b,
0x80a1f2c0,
0xf2c0485a,
0x2c01ffd5,
0x80a4f240,
0xf0402c02,
0x230881bd,
0x250164bb,
0x93016a7b,
0x95026abb,
0x23009300,
0x6ab96a7a,
0xf2c04851,
0x6bbbffc1,
0xf303fa05,
0x230060bb,
0x461d657b,
0xeb034b49,
0x617b1384,
0x429d68bb,
0x809ef2c0,
0xeb034b45,
0x465b1584,
0x60acf505,
0xf7fec807,
0xf505ff97,
0x68fb60ae,
0xf7fec807,
0xf505ff91,
0x6dbb60b0,
0xf7fec807,
0xf505ff8b,
0x6dfb60b2,
0xf7fec807,
0x687bff85,
0xf24022c0,
0x20002152,
0x03c0f003,
0xfdd0f2c0,
0xf2c04835,
0x2000ff8b,
0xfd05f2c0,
0xf7fe2000,
0x2805fd19,
0x81c2f040,
0x20002103,
0xf7fe3401,
0x2c03fd3d,
0xaf34f67f,
0x4c266c7b,
0xf0002b00,
0x482b81c3,
0xff72f2c0,
0x61a36c7b,
0xf2c02000,
0x2300fcda,
0x60a33764,
0xe8bd46bd,
0x20008ff0,
0xfcf8f7fe,
0xf43f2804,
0x2000af21,
0xfcf2f7fe,
0xd10d2802,
0x2c01b1dc,
0x2c02d019,
0xaf19f43f,
0xf47f2c03,
0x21c1af1d,
0xf2c0481a,
0xe717ff4f,
0xf7fe2000,
0x2805fcdf,
0x2c00d0ec,
0x2300d1eb,
0x21c22203,
0xf2c04814,
0x2400ff41,
0x2304e708,
0x21c22207,
0xf2c04811,
0x2401ff39,
0xf8d8e700,
0x480f156c,
0x35014429,
0xf2c04031,
0xe751ff2f,
0xe75d2304,
0xf0d410a4,
0xf0d463d0,
0xf0d463e8,
0xf0d45604,
0xf0d46455,
0xf0d469ed,
0xf0d4645f,
0xf0d464bf,
0xf0d4643f,
0xf0d46422,
0xf0d46405,
0xf0d4633e,
0x6bba697b,
0xf8d36bf9,
0x6c38358c,
0xf7fe442b,
0x697bfef9,
0x6b3969fa,
0x359cf8d3,
0x442b6b78,
0xfef0f7fe,
0xd15e2c02,
0xf04f2d00,
0xf04f03c0,
0xf24002c0,
0xbf082152,
0x20002300,
0xfd36f2c0,
0xd1472d00,
0x69db4ba3,
0xf7feb90b,
0xf10bfddb,
0xf009090c,
0xf1a9090f,
0x2b030302,
0x6dbbd854,
0x6dfb1c5e,
0xbfb82e00,
0xf1034276,
0xea8a0a01,
0xeba373ea,
0x469a73ea,
0x6bf96bba,
0xf7fe6c38,
0x69fafed0,
0x6b394680,
0xf7fe6b78,
0x6b3bfeca,
0x6b7b9301,
0x46439300,
0x0806f04f,
0x6bfa9002,
0x488d6c39,
0xfec0f2c0,
0x0306f1a8,
0x69ba61bb,
0x42936a3b,
0x2c02dc2c,
0x2d00d107,
0x8097f040,
0x69db4b84,
0xf7feb90b,
0x4884fd2b,
0xf2c03501,
0xe6f3feab,
0xd1ba2d01,
0x69db4b7e,
0xd1b62b01,
0xfd1ef7fe,
0xf10be7b3,
0xf009090e,
0xf1a9090f,
0x2b010304,
0x6dbbd808,
0x6dfb1e5e,
0xbfb82e00,
0xf1034276,
0xe7b23aff,
0xf8d76dbe,
0xe7b3a05c,
0x69ba697b,
0xf8d36d39,
0x6af8356c,
0x6cfa4413,
0xfe70f7fe,
0x693a69bb,
0x6a792b05,
0xbfd86ab8,
0xbfc82300,
0xf7fe2301,
0x2000fe65,
0xfbf1f2c0,
0xd12a2c02,
0xf385fab5,
0x42b3095b,
0x4556d108,
0x6d7ad106,
0x030ff008,
0xbf084599,
0x657a2201,
0xfeb2f7fe,
0xd1212801,
0xd11c2c02,
0xf385fab5,
0x095b6dfa,
0xd1144293,
0x030ff008,
0xd110455b,
0xf2c04857,
0x6d7bfe51,
0xd1242b01,
0x2b006cbb,
0x6cbbdb21,
0x64bb3b01,
0x42b5e01d,
0x4555d1e0,
0x4850e7d6,
0x6dbbe7ed,
0xe7e4429d,
0xd1172c02,
0xf385fab5,
0x095b6dfa,
0xd10f4293,
0x030ff008,
0xd10b455b,
0xf2c04848,
0x6d7bfe2f,
0xd1022b01,
0x2b006cbb,
0xf108da07,
0xe7650801,
0xe7f24843,
0x429d6dbb,
0xf04fe7e9,
0x647b33ff,
0x2d01e7d1,
0xaf6bf47f,
0x69db4b37,
0xf47f2b01,
0xf7feaf66,
0xe762fd01,
0x26006d3b,
0x46356cfa,
0xf04f6af9,
0x189a0804,
0x3a014836,
0xfe06f2c0,
0x030ef10b,
0x030ff003,
0x4b33657b,
0x1a84eb03,
0x42ab6a3b,
0xae48f77f,
0x356cf8da,
0xeb056cfa,
0x6d390903,
0x6af8464b,
0xfddef7fe,
0xf2c02000,
0x6d7bfb6a,
0xbf08454b,
0xf7fe2601,
0xf105fe37,
0x28010308,
0x030ff003,
0x455bd10e,
0x481dd10a,
0xfddcf2c0,
0xd1112e01,
0x0f00f1b8,
0xf108db0e,
0xe00b38ff,
0xe7f34818,
0xd109455b,
0xf2c04817,
0x2e01fdcd,
0xf1b8d102,
0xda030f00,
0xe7c73501,
0xe7f44813,
0x33fff04f,
0xe7e8647b,
0xf7fe2000,
0x2804fb51,
0xae38f43f,
0xf7fe2000,
0x2803fb4b,
0xae32f43f,
0xe6302104,
0xf2c0480c,
0xe63dfdaf,
0xf47f2c00,
0xe662ae52,
0xf0d410a4,
0xf0d46487,
0xf0d469ed,
0xf0d46380,
0xf0d46384,
0xf0d46388,
0xf0d4638c,
0xf0d464a5,
0xf0d45604,
0xf0d464d3,
0x4ff0e92d,
0x4c3223b8,
0x4683b089,
0xaf022202,
0x46202108,
0xf2c04d2f,
0x2032fc6d,
0xfbaaf004,
0x0618f107,
0x13fff240,
0x21082202,
0xf2c04620,
0x2032fc61,
0xfb9ef004,
0x80a0f8df,
0x462b462a,
0x95004629,
0x24002000,
0xfbd0f7fe,
0x4d14f846,
0xf04f4620,
0x46310901,
0x0a03f04f,
0x230f613c,
0xa008f8c7,
0x231060fb,
0xf7fe617b,
0xf8c8fcff,
0x46209000,
0xfd66f7fe,
0x93004b17,
0x461a4620,
0xf7fe4619,
0x4631fbb3,
0xf8c74620,
0xf8c7a008,
0xf7feb010,
0xf8c8fceb,
0x46209000,
0xfd52f7fe,
0x462b462a,
0x46204629,
0xf7fe9500,
0x4631fb9f,
0x23024620,
0x60bb613c,
0xfcd8f7fe,
0x9000f8c8,
0xf7fe4620,
0x371cfd3f,
0xe8bd46bd,
0xbf008ff0,
0xf00200a0,
0x55aa55aa,
0x12345678,
0xf017005c,
0xe92d4bc2,
0xb0c34ff0,
0xaf0a681d,
0xd51a05e9,
0xf2c048bf,
0x05aafd1b,
0x48bed502,
0xfd16f2c0,
0x6f80f415,
0x0407f005,
0x8149f000,
0xf2c048ba,
0x2c01fd0d,
0x8117f040,
0xf2c048b8,
0xf04ffd07,
0x4bb76200,
0x4db7605a,
0x4eb7240a,
0xfd4ef7fe,
0xbf082801,
0xbf184630,
0xf2c04628,
0x3c01fcf7,
0x4db2d1f4,
0x04a0f107,
0xf2c048b1,
0xcd0ffcef,
0xcd0fc40f,
0xcd0fc40f,
0xe895c40f,
0xe884000f,
0x4bac000f,
0x681c4aac,
0x607b6815,
0x7400f3c4,
0x0580f3c5,
0xf0002c00,
0x4ca881b6,
0x02e0f107,
0x68232001,
0x6303f3c3,
0x0383eb02,
0x3c40f853,
0xf7ff4098,
0x2801ff35,
0x8123f000,
0x48a14ba0,
0x685a6819,
0xfcc2f2c0,
0xb1ad4e9f,
0xf1076833,
0x200102e0,
0x1303f3c3,
0x0383eb02,
0x3c40f853,
0xf7ff4098,
0x2801ff1d,
0x815cf000,
0x48974b94,
0x685a6819,
0xfcaaf2c0,
0xf1076823,
0x200102e0,
0xeb020f1b,
0xf8530383,
0x40983c40,
0xff08f7ff,
0xf0002801,
0x4b8a814b,
0x6819488d,
0xf2c0685a,
0x6833fc95,
0x02e0f107,
0xf0032001,
0xeb02030f,
0xf8530383,
0x40983c40,
0xfef2f7ff,
0xf0002801,
0x4b7f8139,
0x68194883,
0xf2c0685a,
0xf8dffc7f,
0x240081f0,
0xa244f8df,
0x9244f8df,
0xf3002c04,
0x6833812d,
0x00921ca2,
0x40d32001,
0x02e0f107,
0x030ff003,
0x0383eb02,
0x3c40f853,
0xf7ff4098,
0x2801fecf,
0x8132f000,
0xf0402c0f,
0x4b728121,
0x48724621,
0xf8d9681a,
0xf2c03000,
0x3401fc57,
0xd1db2c11,
0xf2c0486e,
0x227ffc51,
0x218ef240,
0xf2c02000,
0x4601fa83,
0xf2c0486a,
0x2300fc47,
0x3094f8c7,
0x3084f8c7,
0xf7fe2000,
0x2801f9d3,
0x81f6f040,
0x3084f8d7,
0xf2402b01,
0xf8d78204,
0x33013094,
0x87fcf040,
0xf2c0485f,
0x4b4cfc2f,
0x2094f8d7,
0xf7ff619a,
0x687bf903,
0x011b681b,
0x87fef100,
0x20004b46,
0x609a2201,
0xf993f2c0,
0xf2c04856,
0x2300fc1b,
0x667b469a,
0xf7fe2000,
0x2801f9a9,
0x856af041,
0x0f01f1ba,
0x8576f241,
0x20004c3b,
0xf2c060a0,
0x6e7bf976,
0xf0012b00,
0x484b871d,
0xfc02f2c0,
0x61a36e7b,
0xfba8f7ff,
0x330169a3,
0x8717f041,
0xf2c04846,
0x37e4fbf7,
0xe8bd46bd,
0x2c028ff0,
0x4843d105,
0xfbeef2c0,
0x5280f04f,
0x2c03e6e5,
0x4840d105,
0xfbe6f2c0,
0x5200f04f,
0x2c04e6dd,
0x483dd105,
0xfbdef2c0,
0x52c0f04f,
0x2c05e6d5,
0x483ad105,
0xfbd6f2c0,
0x42c0f04f,
0x2c06e6cd,
0x4837d105,
0xfbcef2c0,
0x4280f04f,
0x4835e6c5,
0xfbc8f2c0,
0x2c01e7fe,
0x2c04d001,
0x4629d104,
0xf2c04831,
0xe7cffbbf,
0xd0012c03,
0xd1042c05,
0x482e4629,
0xfbb6f2c0,
0x2c02e7e6,
0x4824d101,
0x2c06e7c8,
0x4826d105,
0xfbacf2c0,
0x4200f04f,
0x4824e6a3,
0xfba6f2c0,
0x4825e7fe,
0xfba2f2c0,
0xbf00e6de,
0xf01806a0,
0xf0d464e7,
0xf0d464fc,
0xf0d46506,
0xf0d4652d,
0xf0d410a4,
0xf0d4658b,
0xf0d46385,
0xf0d45c64,
0xf0d469ed,
0xf0180008,
0xf0180670,
0xf0180660,
0xf01700a4,
0xf0d4658e,
0xf0180664,
0xf0d465be,
0xf0d465ee,
0xf0d4661e,
0xf00a80a4,
0xf0d4664e,
0xf0d467b2,
0xf0d467ca,
0xf0d468b3,
0xf0d468db,
0xf0d469bc,
0xf0d469e6,
0xf0d46533,
0xf0d46539,
0xf0d4653f,
0xf0d46545,
0xf0d4654c,
0xf0d46553,
0xf0d46568,
0xf0d46579,
0xf0d465b3,
0xf01700a8,
0xf00a80a8,
0xf2c04872,
0xe6a5fb51,
0xf2c04871,
0xe6b6fb4d,
0xf2c04870,
0xe6c8fb49,
0xb1252301,
0x000ff104,
0xf000fa03,
0xf104e6d9,
0xe7f9000e,
0x2000f8d8,
0xd1042c10,
0x3000f8d9,
0x48674621,
0xf8dae6db,
0x46213000,
0xe6d64865,
0x2c0f4621,
0x4864d103,
0xfb2af2c0,
0x2c10e6d1,
0x4862d101,
0x4862e7f8,
0x4e62e7f6,
0x02e0f107,
0x46b02001,
0xf3c36833,
0xeb026303,
0xf8530383,
0x40983c40,
0xfd7ef7ff,
0xd06e2801,
0x485b4b5a,
0x685a6819,
0xfb0cf2c0,
0xb1a54e59,
0xf1076833,
0x200102e0,
0x1303f3c3,
0x0383eb02,
0x3c40f853,
0xf7ff4098,
0x2801fd67,
0x4b4fd05b,
0x68194851,
0xf2c0685a,
0xf8d8faf5,
0xf1073000,
0x200102e0,
0xeb020f1b,
0xf8530383,
0x40983c40,
0xfd52f7ff,
0xd04a2801,
0x48484b44,
0x685a6819,
0xfae0f2c0,
0xf1076833,
0x200102e0,
0x030ff003,
0x0383eb02,
0x3c40f853,
0xf7ff4098,
0x2801fd3d,
0x4b3ad039,
0x6819483e,
0xf2c0685a,
0xf8dffacb,
0xf8df80dc,
0xf8dfa0fc,
0x2c0490fc,
0x6833dc2f,
0x00921ca2,
0x40d32001,
0x02e0f107,
0x030ff003,
0x0383eb02,
0x3c40f853,
0xf7ff4098,
0x2801fd1d,
0x2c0fd035,
0x4b2fd125,
0x482f4621,
0xf8d9681a,
0xf2c03000,
0x3401faa7,
0xd1de2c11,
0x482be64e,
0xfaa0f2c0,
0x4818e792,
0xfa9cf2c0,
0x4817e7a5,
0xfa98f2c0,
0x4816e7b6,
0xfa94f2c0,
0x2301e7c7,
0xf104b125,
0xfa030010,
0xe7d6f000,
0x000ff104,
0xf8d8e7f9,
0x2c102000,
0xf8d9d104,
0x46213000,
0xe7d6480c,
0x3000f8da,
0x480b4621,
0x4621e7d1,
0xd1032c0f,
0xf2c04809,
0xe7ccfa75,
0xd1012c10,
0xe7f84807,
0xe7f64807,
0xf0d465e3,
0xf0d46613,
0xf0d46643,
0xf0d466b5,
0xf0d46702,
0xf0d46727,
0xf0d46774,
0xf0d467a7,
0xf0180668,
0xf01700a4,
0xf0d4658e,
0xf018066c,
0xf0d465be,
0xf0d465ee,
0xf0d4661e,
0xf00a80a4,
0xf0d4664e,
0xf0d465b3,
0xf01700a8,
0xf00a80a8,
0xf7fd2000,
0x2804ffd7,
0xae04f43f,
0xf7fd2000,
0x2802ffd1,
0x8143f040,
0x3084f8d7,
0xbf382b02,
0xf8c72302,
0xf8d73084,
0x25a03084,
0x4ba9461a,
0x3402fb05,
0x36a4f8d4,
0xb6a0f8d4,
0x86a8f8d4,
0x46584619,
0x3098f8c7,
0xf7fe4642,
0xf8d4fa1c,
0xf8c76718,
0x4632009c,
0x1714f8d4,
0x0710f8d4,
0xfa11f7fe,
0xf5046778,
0xc80760e4,
0xfa0bf7fe,
0xf50461b8,
0xc80760e6,
0xfa05f7fe,
0x36f0f8d4,
0x3090f8c7,
0x96f8f8d4,
0x36f4f8d4,
0x464a6178,
0xf8d74619,
0xf8c70090,
0xf7fe308c,
0xf8d4f9f4,
0xf8c73700,
0xf8d43088,
0xf8c73704,
0xf8d43080,
0x62783708,
0xf8d7461a,
0xf8d71080,
0x67fb0088,
0xf9e1f7fe,
0x1084f8d7,
0x48836138,
0xf9def2c0,
0x16b4f8d4,
0xa6b8f8d4,
0x3098f8d7,
0x44519103,
0x91023901,
0x16b0f8d4,
0x0208eb03,
0x3a019101,
0x109cf8d7,
0x0800f04f,
0x46599100,
0xf2c04877,
0x2301f9c5,
0xfa0afa03,
0xb1e4f8df,
0xf606fa03,
0x3afff10a,
0xf2c045b0,
0xf8d780c9,
0xf04f3084,
0x486f08a0,
0x4b6b461a,
0xb1c4f8df,
0x3502fb05,
0x36c4f8d5,
0x46c8f8d5,
0x16c0f8d5,
0x191a2500,
0xf2c03a01,
0x2301f9a3,
0xf404fa03,
0x3084f8d7,
0x461a3c01,
0xfb084b5f,
0x42ae3a02,
0x80b1f300,
0xf2c04860,
0xf8d7f993,
0x20003084,
0x4b59461a,
0x3302fb08,
0xf8c722ff,
0xf8d33098,
0xb2a146d0,
0xffbcf2bf,
0x3098f8d7,
0x46204605,
0x26d8f8d3,
0x16d4f8d3,
0xf977f7fe,
0x4606464a,
0x108cf8d7,
0x0090f8d7,
0xf96ff7fe,
0x462a4633,
0x90004621,
0xf2c0484d,
0xf8d7f96b,
0x22ff3098,
0xf8d32000,
0xb2a146e0,
0xff9af2bf,
0x3098f8d7,
0x46204605,
0x26e8f8d3,
0x16e4f8d3,
0xf955f7fe,
0x46066ffa,
0x1080f8d7,
0x0088f8d7,
0xf94df7fe,
0x90004633,
0x4621462a,
0xf2c0483d,
0xf8d7f949,
0xf8d7309c,
0xf8d7209c,
0x00db4098,
0xf8d7647b,
0x011b309c,
0x1a9b62bb,
0x4613643b,
0x44136c3a,
0x230060bb,
0x3088f8c7,
0x3718f8d4,
0x6d3a653b,
0x40932301,
0x2088f8d7,
0xdb5d429a,
0x1098f8d7,
0x0098f8d7,
0x6d3a6f7b,
0x1714f8d1,
0x0710f8d0,
0xf90cf7fe,
0x2098f8d7,
0x1098f8d7,
0x0098f8d7,
0xf8d269bb,
0xf8d12728,
0xf8d01724,
0xf7fe0720,
0xf8d7f8fd,
0xf8d72098,
0xf8d71098,
0x697b0098,
0x2738f8d2,
0x1734f8d1,
0x0730f8d0,
0xf8eef7fe,
0x3084f8d7,
0xf8c73301,
0x2b043084,
0xacb6f47f,
0x2000e4bf,
0xfe88f7fd,
0xf47f2805,
0xe6b5aebe,
0x16bcf8d4,
0x44414658,
0x0801f108,
0x010aea01,
0xf8e6f2c0,
0xf8dae728,
0x465816cc,
0x35014429,
0xf2c04021,
0xe742f8dd,
0xf0d45604,
0xf0d467d7,
0xf0d467f0,
0xf0d4682c,
0xf0d46344,
0xf0d46848,
0xf0d46847,
0xf0d46828,
0x3088f8d7,
0x60d6f504,
0xc8072b05,
0x2300bfd8,
0x2301bfc8,
0xf7fe4698,
0x6378f8bc,
0x60d8f504,
0xf7fec807,
0x60f8f8b6,
0x60daf504,
0xf7fec807,
0x6638f8b0,
0x60dcf504,
0xf7fec807,
0xf8d4f8aa,
0xf8d45714,
0xf8d76710,
0x46292088,
0x371cf8d4,
0x46306578,
0x6d3a4413,
0xf88cf7fe,
0x1724f8d4,
0x0720f8d4,
0xf8d44643,
0x46892728,
0x0090f8c7,
0xf880f7fe,
0x0730f8d4,
0xf8d44643,
0xf8d41734,
0x46822738,
0xf7fe468b,
0x6d3af875,
0x46304629,
0xf87ff7fe,
0xf8cd6d3b,
0x46319008,
0xf8d718ea,
0x93073088,
0xf8d73a01,
0xf04f3090,
0xe88d0900,
0x462b0009,
0x8018f8cd,
0xb014f8cd,
0xa010f8cd,
0x800cf8cd,
0xf2c0487e,
0xf8d7f867,
0xf8c73088,
0x1d9a9038,
0x9078f8c7,
0xf0024253,
0xf003020f,
0xf8c7030f,
0xbf58906c,
0x6a7b425a,
0x6e3a63fa,
0x9064f8c7,
0x9068f8c7,
0x03c2eb03,
0xf8d761fb,
0xf8c7309c,
0x425b9080,
0xf8d4673b,
0xf8c736b8,
0xf8c79048,
0xf8c79058,
0xf8c7905c,
0x64fb907c,
0x23016cfa,
0x6ffa4093,
0xdb70429a,
0x309cf8d7,
0x0864f04f,
0x2080f8d7,
0x48626fb9,
0x1603fb02,
0xfb086c7b,
0xfbb6f606,
0x4631f6f3,
0xf824f2c0,
0x6efa6e7b,
0xf2404293,
0x461383ae,
0x189d6aba,
0x1aed6e7b,
0xfb086c7b,
0xfbb8f805,
0x6efbf1f3,
0x0964f04f,
0x42936eba,
0x83a6f240,
0x6aba4613,
0x461d4413,
0x1aed6efb,
0xfb096c7b,
0xf8d7f905,
0xfbb92088,
0x6f7bf9f3,
0xf0033318,
0x429a030f,
0x8396f040,
0xf8d72e1e,
0xf04f3094,
0xbf9832ff,
0xf8c74613,
0x6bbb3094,
0x4843b133,
0xffecf2bf,
0x48424649,
0xffe8f2bf,
0xf2bf4841,
0x6b7bffe5,
0xf8d46cfa,
0xf8d416b4,
0xf7fd06b0,
0xf504ffcb,
0x68fb60d8,
0xf7fdc807,
0xf504ffc5,
0x6a7b60de,
0xf7fdc807,
0xf504ffbf,
0x693b60e0,
0xf7fdc807,
0xf8d7ffb9,
0x33013088,
0x3088f8c7,
0x6ffbe693,
0x66bcf8d4,
0xa6b0f8d4,
0xb6b4f8d4,
0x4633441e,
0x46596cfa,
0xf7fd4650,
0xf8d4ffa5,
0x633b36c0,
0x36c8f8d4,
0xf8d462fb,
0x6ffb56cc,
0x86c4f8d4,
0x6afa441d,
0x4641462b,
0xf7fd6b38,
0xf8d4ff93,
0xf8c736d0,
0x22ff3090,
0x46182300,
0x1090f8b7,
0xfddcf2bf,
0x36e0f8d4,
0x308cf8c7,
0x230022ff,
0xf8b74618,
0xf2bf108c,
0xf7fdfdd1,
0x6dfbffdd,
0xf0402801,
0x3301819c,
0x813ff040,
0xf2bf4811,
0x1e73ff83,
0x6cfa4650,
0x26004659,
0xff6af7fd,
0x6afa1e6b,
0x6b384641,
0xf7fd4635,
0xf8d4ff63,
0x2301a6d8,
0xf20afa03,
0xdb0d4295,
0xe08965bb,
0xf0d4687b,
0xf0d46392,
0xf0d46390,
0xf0d4639a,
0xf0d469ed,
0xf0d4636f,
0x36d4f8d4,
0x65bb4652,
0x36dcf8d4,
0x18eb6db9,
0x0090f8d7,
0xf7fd62fb,
0xf8d4ff41,
0x633b36e8,
0x36ecf8d4,
0xb6e4f8d4,
0x0803eb05,
0x46436b3a,
0xf8d74659,
0xf7fd008c,
0xf7fdff31,
0x2801ff91,
0x80ecf040,
0xd1303601,
0x46526afb,
0x26006db9,
0xf8d73b01,
0xf7fd0090,
0xf108ff21,
0x6b3a33ff,
0xf8d74659,
0xf7fd008c,
0xf8d4ff19,
0x230186f8,
0xf308fa03,
0xda18429e,
0x36fcf8d4,
0xf8d44642,
0x443316f4,
0x06f0f8d4,
0xff08f7fd,
0x60e0f504,
0x370cf8d4,
0x4433c807,
0xff00f7fd,
0xff60f7fd,
0xf0402801,
0xf1c680b7,
0xb10d0908,
0x00ed3d01,
0x309cf8d7,
0x489d444d,
0xbfb8429d,
0xbfa81b5d,
0x46292500,
0xfefcf2bf,
0x46526e3b,
0xf8d76db9,
0xf7fd0090,
0x6d7bfee3,
0x46596b3a,
0x008cf8d7,
0xfedcf7fd,
0x6f3a6fbb,
0x67bb442b,
0x309cf8d7,
0x1b4b1899,
0x2301667b,
0x65bb461e,
0x2b0f6ffb,
0x80c4f040,
0x2b006cbb,
0x80c0f040,
0x2b006dbb,
0x80bcf000,
0xf8d46cbd,
0x230186d8,
0xf308fa03,
0xda5c429d,
0x36d4f8d4,
0x633b4642,
0x36dcf8d4,
0x18eb6b39,
0x0090f8d7,
0xf7fd62fb,
0xf8d4feaf,
0xf8d4a6e4,
0xf8d4b6e8,
0x465136ec,
0xf8d7465a,
0x18eb008c,
0xf7fd623b,
0xf7fdfea1,
0x2801ff01,
0x8083f000,
0xd1192e01,
0x46426afb,
0x3b016b39,
0x0090f8d7,
0xfe92f7fd,
0x465a6a3b,
0x3b014651,
0x008cf8d7,
0xfe8af7fd,
0x66f8f8d4,
0xf04f464a,
0x23010900,
0x459940b3,
0x4691db4d,
0x3d01b10d,
0xf8d700ed,
0x444d309c,
0x429d4860,
0x461dbfa8,
0xf2bf4629,
0x6e3bfe85,
0x6b394642,
0x0090f8d7,
0xfe6cf7fd,
0x465a6d7b,
0xf8d74651,
0xf7fd008c,
0x6fbbfe65,
0x67bb442b,
0x18eb6c3b,
0x6e3b66bb,
0x26d8f8d4,
0x16d4f8d4,
0x0090f8d7,
0xfe56f7fd,
0xf8d46d7b,
0xf8d426e8,
0xf8d716e4,
0xf7fd008c,
0x6ffbfe4d,
0x209cf8d7,
0x67fb3301,
0x44136f3b,
0xe619673b,
0xf04f3601,
0xe7280900,
0xd1042d0f,
0xf2bf4843,
0x6f3bfe4d,
0x3501667b,
0x36fff04f,
0x2600e6d3,
0xf8d4e762,
0x463236fc,
0x16f4f8d4,
0xf8d4444b,
0xf7fd06f0,
0xf504fe29,
0xf8d460e0,
0xc807370c,
0xf7fd444b,
0xf7fdfe21,
0x2801fe81,
0xf109d19c,
0x22080901,
0x2d0fe793,
0xf8d7d10b,
0x482e109c,
0xfe24f2bf,
0x3080f8d7,
0xf8c73301,
0x6c3b3080,
0x350166bb,
0xe7462601,
0x6f7a6bfb,
0xd11e4293,
0x33066ffb,
0xf003425a,
0xf002030f,
0xbf58020f,
0x6b7a4253,
0xd1124293,
0xf2bf4821,
0xf8d7fe07,
0x69fa3080,
0xf8c73301,
0xf8d73080,
0x189d309c,
0x18eb6f3b,
0x230166fb,
0x65fb63bb,
0x4819e785,
0xfdf4f2bf,
0x3080f8d7,
0xf8c73301,
0x23013080,
0x2b01e7f3,
0x8145f040,
0x3080f8d7,
0x3b014812,
0x3080f8c7,
0xfde2f2bf,
0x6cfa1e73,
0x46504659,
0xf7fd2600,
0x1e6bfdc9,
0x6afa4641,
0x46356b38,
0xfdc2f7fd,
0x86d8f8d4,
0xfa032301,
0x4295f208,
0x64bbdb0c,
0xbf00e06c,
0xf0d46373,
0xf0d46379,
0xf0d46381,
0xf0d46385,
0xf0d4636f,
0x36d4f8d4,
0x64bb4642,
0x36dcf8d4,
0x18eb6cb9,
0x0090f8d7,
0xf7fd633b,
0xf8d4fda1,
0xf8d4a6e4,
0xf8d4b6e8,
0x465136ec,
0xf8d7465a,
0x18eb008c,
0xf7fd62fb,
0xf7fdfd93,
0x2801fdf3,
0x80eaf000,
0xd11a2e01,
0x46426b3b,
0x3b016cb9,
0x0090f8d7,
0xfd84f7fd,
0x465a6afb,
0x3b014651,
0x008cf8d7,
0xfd7cf7fd,
0x66f8f8d4,
0xf04f464a,
0x23010900,
0x459940b3,
0x80b3f2c0,
0xb10d4691,
0x00ed3d01,
0x309cf8d7,
0x48a6444d,
0x36fff04f,
0xbfa8429d,
0x4629461d,
0xfd74f2bf,
0x46426e3b,
0xf8d76cb9,
0xf7fd0090,
0x6d7bfd5b,
0x4651465a,
0x008cf8d7,
0xfd54f7fd,
0x442b6fbb,
0x6f3b67bb,
0x66bb18eb,
0x64bb2301,
0x2b0f6ffb,
0x80c6f040,
0x2b006dbb,
0x80c2f040,
0x2b006cbb,
0x80bef000,
0xf8d46dbd,
0x2301a6d8,
0xf30afa03,
0xf6bf429d,
0xf8d4aed8,
0x465236d4,
0xf8d4633b,
0x6b3936dc,
0xf8d718eb,
0x623b0090,
0xfd2af7fd,
0x36e8f8d4,
0xf8d462fb,
0xf8d436ec,
0xeb05b6e4,
0x6afa0803,
0x46594643,
0x008cf8d7,
0xfd1af7fd,
0xfd7af7fd,
0xf0402801,
0x36018088,
0x6a3bd12f,
0x6b394652,
0x3b012600,
0x0090f8d7,
0xfd0af7fd,
0x33fff108,
0x46596afa,
0x008cf8d7,
0xfd02f7fd,
0x86f8f8d4,
0xfa032301,
0x429ef308,
0xf8d4da17,
0x464236fc,
0x16f4f8d4,
0xf8d44433,
0xf7fd06f0,
0xf504fcf1,
0xf8d460e0,
0xc807370c,
0xf7fd4433,
0xf7fdfce9,
0x2801fd49,
0xf1c6d153,
0xb10d0908,
0x00ed3d01,
0x309cf8d7,
0x485f444d,
0xbfb8429d,
0xbfa81b5d,
0x46292500,
0xfce6f2bf,
0x46526e3b,
0xf8d76b39,
0xf7fd0090,
0x6d7bfccd,
0x46596afa,
0x008cf8d7,
0xfcc6f7fd,
0x442b6fbb,
0x68bb67bb,
0x667b1b5b,
0xf8d4e65f,
0x463236fc,
0x16f4f8d4,
0xf8d4444b,
0xf7fd06f0,
0xf504fcb5,
0xf8d460e0,
0xc807370c,
0xf7fd444b,
0xf7fdfcad,
0x2801fd0d,
0xaf37f47f,
0x0901f109,
0xe72c2208,
0xd10b2d0f,
0x109cf8d7,
0xf2bf4840,
0xf8d7fcaf,
0x33013080,
0x3080f8c7,
0x66bb6f3b,
0x26013501,
0x2600e6d2,
0x3601e744,
0x0900f04f,
0x2d0fe78c,
0x4837d104,
0xfc9af2bf,
0x667b6c3b,
0xf04f3501,
0xe74436ff,
0x6f7a6bfb,
0xd11a4293,
0x33066ffb,
0xf003425a,
0xf002030f,
0xbf58020f,
0x6b7a4253,
0xd10e4293,
0xf2bf482b,
0xf8d7fc81,
0x69fa309c,
0x6f3b189d,
0x66fb18eb,
0x63bb2301,
0x33fff04f,
0x4825e67b,
0xfc72f2bf,
0x6efbe7f8,
0x1a9d6e7a,
0xfb086c7b,
0xfbb5f505,
0xe452f1f3,
0x6efa6ebb,
0xe45b1a9d,
0xf8d76f7b,
0x331c2088,
0x030ff003,
0xf43f429a,
0x6f7bac61,
0x2088f8d7,
0xf0033319,
0x429a030f,
0xac58f43f,
0xf8d76f7b,
0x331b2088,
0x030ff003,
0xf43f429a,
0x6f7bac4f,
0x2088f8d7,
0xf003330a,
0x429a030f,
0xac4ff47f,
0xd9042e1e,
0xd902290b,
0x0f0bf1b9,
0xf04fe43f,
0xe44233ff,
0xf2bf4806,
0xf7fffc33,
0xbf00b806,
0xf0d46373,
0xf0d46379,
0xf0d46389,
0xf0d4638d,
0xf0d468c7,
0xf04f48d0,
0xf2bf0a00,
0xf8c7fc21,
0x2000a09c,
0xf9b0f7fd,
0xf0402801,
0xf8d781ad,
0x2b01309c,
0xaff0f63e,
0x209cf8d7,
0xeb034bc7,
0xf8d414c2,
0xf8d43920,
0xf8d48924,
0x46186928,
0xf8c74641,
0x46323098,
0xfbfff7fd,
0xf5044683,
0xc8076017,
0xfbf9f7fd,
0xf5046338,
0xc8076018,
0xfbf3f7fd,
0x309cf8d7,
0x627822ff,
0xf2002b01,
0xf240819d,
0x2000218e,
0xfa22f2bf,
0x109cf8d7,
0x037ff000,
0x62fb48b2,
0xfbe2f2bf,
0x309cf8d7,
0x0206eb08,
0xb000f8cd,
0xf8d73a01,
0x26001098,
0x4baa01dd,
0x195c48ab,
0x3934f8d4,
0x9938f8d4,
0x444b9303,
0x93023b01,
0x3930f8d4,
0x46439301,
0xfbc6f2bf,
0xfa032301,
0xf8dff909,
0xf8d48290,
0xf109393c,
0x18f139ff,
0xea014640,
0x36010109,
0x3098f8c7,
0xfbb4f2bf,
0xf8d72e10,
0xd1f23098,
0x3944f8d4,
0x6948f8d4,
0x1940f8d4,
0x199a2400,
0x3a014895,
0xfba4f2bf,
0xfa032301,
0x4b8ff606,
0x441d3e01,
0x894cf8d5,
0xeb044d90,
0x46280108,
0x34014031,
0xfb94f2bf,
0xd1f62c10,
0xf2bf488c,
0xea4ffb8f,
0x65bb03cb,
0x130bea4f,
0xeba363bb,
0xf8d7030b,
0x657b209c,
0x61fb445b,
0x67fb2300,
0xeb034b7e,
0xf60414c2,
0x61bb1338,
0x3938f8d4,
0x697a617b,
0x1934f8d4,
0x0930f8d4,
0xfb6df7fd,
0xf50464f8,
0xc8076014,
0xfb67f7fd,
0xf5046238,
0xc8076015,
0xfb61f7fd,
0xf5046738,
0xc8076016,
0xfb5bf7fd,
0x66786ffb,
0xf3402b0c,
0x009e810a,
0x7684f5c6,
0x057ff006,
0x46292000,
0x0900f04f,
0xfc42f2bc,
0x3994f8d4,
0x2998f8d4,
0x441a6ff9,
0x3a019101,
0xf8d49600,
0x48661990,
0xfb40f2bf,
0x6f3a6afb,
0x6b3b1b5d,
0xf8c72d00,
0xbfb89050,
0xf8c7426d,
0xeb039088,
0x637b03c2,
0x0300f1cb,
0x3084f8c7,
0x62bd69bb,
0x9080f8c7,
0xf8c7681b,
0xf8c79074,
0xf8c79078,
0xf8c79098,
0xf8c7905c,
0xf8c79068,
0xf8c7906c,
0x663b908c,
0x23016e3a,
0xf8d74093,
0x429a208c,
0x80c9f2c0,
0x3098f8d7,
0xf8d72664,
0x484c2088,
0x210bfb03,
0x43716dbb,
0xf1f3fbb1,
0xfb04f2bf,
0xb3336d3b,
0xf8d76f7b,
0x42932080,
0x8444f0c0,
0x6bba4613,
0x6f7b189d,
0x6dbb1aed,
0xfbb6436e,
0x4840f1f3,
0xfaf0f2bf,
0x3080f8d7,
0x21646fba,
0xf0c04293,
0x4613843b,
0x44136bba,
0xf8d7461d,
0x1aed3080,
0x6dbb4369,
0xfbb14837,
0xf2bff1f3,
0x4836fadb,
0xfad8f2bf,
0x6e3a6cfb,
0x1934f8d4,
0x0930f8d4,
0xfabef7fd,
0x6014f504,
0xc8076a3b,
0xfab8f7fd,
0x6017f504,
0xc8076b3b,
0xfab2f7fd,
0x6018f504,
0xc8076a7b,
0xfaacf7fd,
0x33016ffb,
0x2b1367fb,
0xaf41f47f,
0x22032301,
0x1125f240,
0xf2bf2000,
0x227ff8f3,
0x218ef240,
0xf2bf2000,
0x4601f8e3,
0xf2bc2000,
0x2302fb9b,
0xf2402203,
0x20001125,
0xf8e2f2bf,
0xf44f227f,
0x20007127,
0xf8d2f2bf,
0x20004601,
0xfb8af2bc,
0xf2402303,
0x461a1125,
0xf2bf2000,
0xf8d7f8d1,
0x3301309c,
0x309cf8c7,
0xf47f2b04,
0xf7feae68,
0xbf00be61,
0xf0d468f4,
0xf0d45604,
0xf0d467d7,
0xf0d467f0,
0xf0d4682c,
0xf0d46828,
0xf0d46344,
0xf0d4690e,
0xf0d46392,
0xf0d46390,
0xf0d4639a,
0xf0d469ed,
0xf7fc2000,
0x2804fffd,
0xae4df43f,
0xf7fc2000,
0x2802fff7,
0xf8d7d107,
0x2b02309c,
0x2302bf38,
0x309cf8c7,
0x2000e644,
0xffeaf7fc,
0xf47f2805,
0xe7f0ae3f,
0x7127f44f,
0xf8d4e661,
0x6ffb699c,
0x0683eba6,
0xf8d4e6f2,
0x64bb3930,
0x3934f8d4,
0xf8d4647b,
0xf8d7693c,
0x6e3a308c,
0x6c79441e,
0x6cb84633,
0xfa26f7fd,
0x3940f8d4,
0xf8d4643b,
0x63fb3948,
0x594cf8d4,
0x308cf8d7,
0x8944f8d4,
0x6bfa441d,
0x4641462b,
0xf7fd6c38,
0xf8d4fa13,
0xf8c73950,
0x22ff3094,
0x46182300,
0x1094f8b7,
0xf85cf2bf,
0x3960f8d4,
0x3090f8c7,
0x230022ff,
0xf8b74618,
0xf2bf1090,
0xf7fdf851,
0x6efbfa5d,
0xf0402801,
0x330181b7,
0x80a2f040,
0xf2bf48cf,
0x1e73fa03,
0x6c796e3a,
0xf7fd6cb8,
0x1e6bf9eb,
0x46416bfa,
0x25006c38,
0xf9e4f7fd,
0x3958f8d4,
0x6eba66bb,
0xfa032301,
0x4295f202,
0x66bbdb01,
0xf8d4e086,
0x64bb3954,
0x395cf8d4,
0x442b6eba,
0xf8d76cb9,
0xf7fd0094,
0xf8d4f9cd,
0x647b3964,
0x3968f8d4,
0xf8d4643b,
0x6c3a396c,
0x6c79442b,
0x0090f8d7,
0xf9bef7fd,
0xfa1ef7fd,
0xf0402801,
0xf1ba810a,
0xd13a3fff,
0x309cf8d7,
0xf04f26a0,
0x461a0800,
0xfb064bae,
0xf5063602,
0xf8d660da,
0xc80736dc,
0x3b01442b,
0xf9a4f7fd,
0x36ecf8d6,
0x60dcf506,
0x3b01442b,
0xf7fdc807,
0xf8d6f99b,
0x2301a6f8,
0xf30afa03,
0xda184598,
0x36fcf8d6,
0xf8d64652,
0x444316f4,
0x06f0f8d6,
0xf98af7fd,
0x60e0f506,
0x370cf8d6,
0x4443c807,
0xf982f7fd,
0xf9e2f7fd,
0xf0402801,
0xf1c880c7,
0xb10d0908,
0x00ed3d01,
0x455d444d,
0x80c3f280,
0x0505ebab,
0x48904629,
0xf980f2bf,
0x6eba6f3b,
0xf8d76cb9,
0xf7fd0094,
0x6e7bf967,
0x6c3a6c79,
0x0090f8d7,
0xf960f7fd,
0x3088f8d7,
0xf8c7442b,
0xf8d73088,
0xeb033084,
0x1b4b010b,
0x2301677b,
0x66bb469a,
0x308cf8d7,
0xf0402b0f,
0x6dfb80d5,
0xf0402b00,
0x6ebb80d1,
0xf0002b00,
0x6dfd80cd,
0x8958f8d4,
0xfa032301,
0x429df308,
0xf8d4da69,
0x46423954,
0xf8d464bb,
0x6cb9395c,
0xf8d7442b,
0xf7fd0094,
0xf8d4f931,
0x647b3964,
0x3968f8d4,
0xf8d4643b,
0x6c3a396c,
0x6c79442b,
0x0090f8d7,
0xf922f7fd,
0xf982f7fd,
0xf0002801,
0xf1ba8094,
0xd1230f01,
0x309cf8d7,
0x461a26a0,
0xfb064b61,
0xf5063602,
0xf8d660da,
0xc80736dc,
0x3b01442b,
0xf90af7fd,
0x36ecf8d6,
0x60dcf506,
0x3b01442b,
0xf7fdc807,
0xf8d6f901,
0x464aa6f8,
0x0900f04f,
0xfa032301,
0x4599f30a,
0x4691db53,
0x3d01b10d,
0x444d00ed,
0x455d4850,
0x3afff04f,
0x465dbfa8,
0xf2bf4629,
0x6f3bf8fb,
0x6cb94642,
0x0094f8d7,
0xf8e2f7fd,
0x6c3a6e7b,
0xf8d76c79,
0xf7fd0090,
0xf8d7f8db,
0x442b3088,
0x3088f8c7,
0x18eb6d7b,
0x6f3b67bb,
0x2958f8d4,
0x1954f8d4,
0x0094f8d7,
0xf8caf7fd,
0xf8d46e7b,
0xf8d42968,
0xf8d71964,
0xf7fd0090,
0xf8d7f8c1,
0x3301308c,
0x308cf8c7,
0x3084f8d7,
0xf8c7445b,
0xe5ad3084,
0x0801f108,
0x0900f04f,
0x2500e717,
0x2d0fe73c,
0x482fd105,
0xf8bcf2bf,
0x3084f8d7,
0x3501677b,
0x3afff04f,
0xf8d6e6c1,
0x465236fc,
0x16f4f8d6,
0xf8d6444b,
0xf7fd06f0,
0xf506f899,
0xf8d660e0,
0xc807370c,
0xf7fd444b,
0xf7fdf891,
0x2801f8f1,
0xf109d196,
0x22080901,
0x2d0fe78c,
0x4659d10a,
0xf2bf481a,
0xf8d7f895,
0x33013098,
0x3098f8c7,
0x67bb6d7b,
0xf04f3501,
0xe7350a01,
0x2b026abb,
0xf8d7dc2a,
0x3306308c,
0xf003425a,
0xf002030f,
0xbf58020f,
0x6cfa4253,
0xd11d4293,
0xf2bf480d,
0xf8d7f877,
0x33013098,
0x3098f8c7,
0xeb036b7b,
0xf8d7050b,
0x18eb3084,
0x3080f8c7,
0x653b2301,
0xe78066fb,
0xf0d4636f,
0xf0d45604,
0xf0d46373,
0xf0d46379,
0xf0d46381,
0xf2bf48ca,
0xf8d7f859,
0x33013098,
0x3098f8c7,
0xe7e92301,
0xf0402b01,
0xf8d7808c,
0x48c43098,
0xf8c73b01,
0xf2bf3098,
0x1e73f847,
0x6c796e3a,
0xf7fd6cb8,
0x1e6bf82f,
0x6bfa4641,
0x25006c38,
0xf828f7fd,
0x8958f8d4,
0xfa032301,
0x4295f208,
0x65fbdb01,
0xf8d4e06d,
0x46423954,
0xf8d465fb,
0x6df9395c,
0xf8d7442b,
0xf7fd0094,
0xf8d4f813,
0x64bb3964,
0x3968f8d4,
0xf8d4647b,
0x6c7a396c,
0x6cb9442b,
0x0090f8d7,
0xf804f7fd,
0xf864f7fd,
0xf0002801,
0xf1ba8102,
0xd1240f01,
0x309cf8d7,
0x461a26a0,
0xfb064ba3,
0xf5063602,
0xf8d660da,
0xc80736dc,
0x3b01442b,
0xffecf7fc,
0x36ecf8d6,
0x60dcf506,
0x3b01442b,
0xf7fcc807,
0xf8d6ffe3,
0x464aa6f8,
0x0900f04f,
0xfa032301,
0x4599f30a,
0x80c0f2c0,
0xb10d4691,
0x00ed3d01,
0x4892444d,
0xf04f455d,
0xbfa83aff,
0x4629465d,
0xffdcf2be,
0x46426f3b,
0xf8d76df9,
0xf7fc0094,
0x6e7bffc3,
0x6cb96c7a,
0x0090f8d7,
0xffbcf7fc,
0x3088f8d7,
0xf8c7442b,
0xf8d73088,
0x442b3084,
0x230167bb,
0xf8d765fb,
0x2b0f308c,
0x80d3f040,
0x2b006ebb,
0x80cff040,
0x2b006dfb,
0x80cbf000,
0xf8d46ebd,
0x64bb3958,
0x23016cba,
0x429d4093,
0xaec7f6bf,
0x3954f8d4,
0xf8d4647b,
0x6cba395c,
0x6c79442b,
0x0094f8d7,
0xff8ef7fc,
0x3964f8d4,
0xf8d4643b,
0x63fb3968,
0x396cf8d4,
0x442b6bfa,
0xf8d76c39,
0xf7fc0090,
0xf7fcff7f,
0x2801ffdf,
0x8096f040,
0x3ffff1ba,
0xf8d7d139,
0x26a0309c,
0x0800f04f,
0x4b60461a,
0x3602fb06,
0x60daf506,
0x36dcf8d6,
0x442bc807,
0xf7fc3b01,
0xf8d6ff65,
0xf50636ec,
0x442b60dc,
0xc8073b01,
0xff5cf7fc,
0xa6f8f8d6,
0xfa032301,
0x4598f30a,
0xf8d6da17,
0x465236fc,
0x16f4f8d6,
0xf8d64443,
0xf7fc06f0,
0xf506ff4b,
0xf8d660e0,
0xc807370c,
0xf7fc4443,
0xf7fcff43,
0x2801ffa3,
0xf1c8d153,
0xb10d0908,
0x00ed3d01,
0x455d444d,
0xebabda50,
0x46290505,
0xf2be4842,
0x6f3bff43,
0xf04f6cba,
0x6c790a01,
0x0094f8d7,
0xff28f7fc,
0x6bfa6e7b,
0xf8d76c39,
0xf7fc0090,
0xf8d7ff21,
0x442b3088,
0x3088f8c7,
0x1b5b69fb,
0xe644677b,
0x36fcf8d6,
0xf8d64652,
0x444b16f4,
0x06f0f8d6,
0xff0ef7fc,
0x60e0f506,
0x370cf8d6,
0x444bc807,
0xff06f7fc,
0xff66f7fc,
0xf47f2801,
0xf109af2a,
0x22080901,
0x2d0fe71e,
0x4659d10b,
0xf2be4825,
0xf8d7ff09,
0x33013098,
0x3098f8c7,
0x3084f8d7,
0x350167bb,
0x0a01f04f,
0xf108e6c4,
0xf04f0801,
0xe78b0900,
0xe7ae2500,
0xd1042d0f,
0xf2be481a,
0x6d7bfef1,
0x3501677b,
0x3afff04f,
0x6abbe738,
0xdc1c2b02,
0x308cf8d7,
0x425a3306,
0x030ff003,
0x020ff002,
0x4253bf58,
0x42936cfa,
0x480fd10f,
0xfed8f2be,
0xeb036b7b,
0xf8d7050b,
0x18eb3084,
0x3080f8c7,
0x653b2301,
0x33fff04f,
0x4808e662,
0xfec8f2be,
0xbf00e7f8,
0xf0d46385,
0xf0d4636f,
0xf0d45604,
0xf0d46373,
0xf0d46379,
0xf0d46389,
0xf0d4638d,
0x3080f8d7,
0x1a9d6f7a,
0x43756dbb,
0xf1f3fbb5,
0xbbbbf7ff,
0xf8d76fbb,
0x1a9d2080,
0xbbc6f7ff,
0xf7fc2000,
0x2804fc39,
0xaa90f43e,
0xf7fc2000,
0x2802fc33,
0x80abf040,
0x459a2302,
0x469abf38,
0xeb034bca,
0xf8d5158a,
0xf8d54b44,
0xf8d5bb40,
0x46213b48,
0x309cf8c7,
0xf8d74658,
0x18e3209c,
0x65bb3b01,
0xfe81f7fc,
0x3b50f8d5,
0x3084f8c7,
0xf8d54680,
0xf8c73b54,
0xf8d53094,
0xf8d73b58,
0x461a1094,
0x0084f8d7,
0x3090f8c7,
0xfe6df7fc,
0x3b20f8d5,
0xf8c74681,
0xf8d5308c,
0xf8c73b24,
0xf8d53098,
0xf8c73b28,
0xf8d73088,
0xf8d73098,
0x46192088,
0x008cf8d7,
0xf7fc189e,
0xf8d7fe56,
0x3e013098,
0x46599307,
0x308cf8d7,
0x2090f8d7,
0xf8d79305,
0x93033094,
0x90084413,
0x93023b01,
0x3084f8d7,
0x93019606,
0xf8cd4623,
0x6dba8000,
0x9010f8cd,
0xf2be489e,
0xf8d7fe3b,
0x4621209c,
0xf7fc4658,
0x4651fe32,
0x0080f8c7,
0xf2be4899,
0x4632fe2f,
0x3098f8d7,
0xf8d72600,
0x4896108c,
0xfe26f2be,
0x2088f8d7,
0x40932301,
0xf10367bb,
0x6fbb38ff,
0xdb31429e,
0xf2be4890,
0xf8d7fe19,
0x2301209c,
0x6fba4093,
0x2302647b,
0xf3f3fb92,
0x2308657b,
0x230066bb,
0x461d67fb,
0xeb034b83,
0x6c7b168a,
0xdb23429d,
0x3080f8d7,
0xf8d74621,
0x4658209c,
0xfdeaf7fc,
0x0a01f10a,
0xf2be2000,
0xf1bafb74,
0xf47e0f04,
0xf7fea9db,
0x2000b9e3,
0xfb82f7fc,
0xf47f2805,
0xe74daf53,
0x1b2cf8d5,
0x44314877,
0xea083601,
0xf2be0101,
0xe7c0fde1,
0x2090f8d7,
0x0900f04f,
0x1094f8d7,
0x0084f8d7,
0xfdd3f7fc,
0x3b4cf8d6,
0x46216638,
0xf8d7442b,
0x4658209c,
0xfdbaf7fc,
0x209cf8d7,
0x46584621,
0xfdc3f7fc,
0x90004623,
0x6dba4659,
0xf2be4865,
0xf8d7fdbf,
0x454b3090,
0x2000d113,
0xf2be3501,
0x485efb34,
0xfdb4f2be,
0xf8d76e3b,
0xf8d72090,
0xf8d71094,
0xf7fc0084,
0x2000fd99,
0xfb25f2be,
0xf8d7e79f,
0xf8d72088,
0xf8d71098,
0xf7fc008c,
0xf8d6fd9c,
0x67783b5c,
0x2090f8d7,
0x0349eb03,
0x1094f8d7,
0x0084f8d7,
0xf7fc673b,
0x6f7bfd7f,
0xf003330c,
0x65fb030f,
0x2b033b09,
0xf8d7d820,
0x3b013080,
0xbfb82b00,
0x653b425b,
0x64fb2303,
0x0f00f1b9,
0xbf086d7b,
0x64bb2300,
0x66fb2300,
0x6d7b6efa,
0xdc174293,
0xf1096f7b,
0xf8d70901,
0xf8d72088,
0xf8d71098,
0xf7fc008c,
0xe7a8fd57,
0x3b056dfb,
0xf04f2b07,
0xbf980301,
0x64fb2303,
0x3080f8d7,
0xe7db653b,
0xf8d66efa,
0xf8d73b2c,
0x44131098,
0xf8d76cba,
0x4413008c,
0xf1026fba,
0xf8d738ff,
0xea082088,
0x46430803,
0xfd36f7fc,
0xf2be2000,
0x6d3bfac2,
0xd109429d,
0x6cfa6f3b,
0xd1054293,
0x6dfa6ffb,
0xbf084542,
0x67fb2301,
0xfd86f7fc,
0x3080f8d7,
0xd1172801,
0xd113429d,
0x6f3a6e3b,
0xd10f4293,
0x45436f7b,
0x481ad10c,
0xfd26f2be,
0x2b016ffb,
0x6ebbd11a,
0xdb172b00,
0x3b016ebb,
0xe01366bb,
0xe7f14814,
0xd112429d,
0x6f3a6e3b,
0xd10e4293,
0x45436f7b,
0x4810d10b,
0xfd0ef2be,
0x2b016ffb,
0x6ebbd102,
0xda1b2b00,
0x33016efb,
0x480be78b,
0xbf00e7f2,
0xf0d45604,
0xf0d4692c,
0xf0d46962,
0xf0d4698f,
0xf0d469ed,
0xf0d469a2,
0xf0d469a6,
0xf0d46381,
0xf0d46385,
0xf0d46389,
0xf0d4638d,
0x33fff04f,
0xe7c7667b,
0xf2be4803,
0xf7fefce5,
0x4802b8e3,
0xb8e7f7fe,
0xf0d469d1,
0xf0d469f0,
0xb5804b0d,
0x681baf00,
0xd50f0658,
0x490c4b0b,
0xf042681a,
0x601a0201,
0x60114a07,
0x07c96811,
0x681ad4fc,
0x0201f022,
0xbd80601a,
0xfaccf002,
0xd1eb2800,
0xbf00bd80,
0xf0240000,
0xf0230070,
0x5a960f00,
0x22014b03,
0xaf00b580,
0x2211601a,
0xbd80611a,
0xf0b70000,
0xf0004b14,
0xb580003f,
0x33302200,
0x50c0f440,
0xf843af00,
0x21012c30,
0x0c2cf843,
0x601a681a,
0x60114a0d,
0x07c96819,
0x6811d5fc,
0x0110f041,
0x06c86011,
0x6819d40c,
0xd5fc0789,
0x68084907,
0x60112100,
0x07d2681a,
0x681ad4fc,
0xbd80601a,
0xe7ee6811,
0xf0160000,
0xf0160020,
0xf0160008,
0x4a03b580,
0x6a13af00,
0xd0fc2b00,
0xbf00bd80,
0xf0d410a4,
0x4ff0e92d,
0xaf02b085,
0xfa0ff002,
0xf0024604,
0x4b56fa05,
0x681b1c45,
0xbf082b0c,
0xbf182001,
0xf0012000,
0xf002eff4,
0x4b51f81f,
0x2d01b14b,
0xb934d907,
0xf0022002,
0x370cf9d5,
0xe8bd46bd,
0x484c8ff0,
0x603b2300,
0x4171f04f,
0x3010607b,
0x3c03f810,
0x2c04f810,
0xeb03041b,
0xf8106302,
0x44132c01,
0x2c02f810,
0x2202eb03,
0xfb0af002,
0x4371f04f,
0x4604603b,
0x46384b3f,
0x607a69da,
0xf0028a9d,
0xb280fb4e,
0xd1024285,
0x429c687b,
0x483ad002,
0xfb6ef002,
0xf6454b39,
0x68193221,
0x4f11ebb2,
0x0200f04f,
0x4936d155,
0x604a600a,
0x4a352150,
0x48356011,
0xf2be681c,
0xf645fc17,
0xebb33321,
0xf04f4f14,
0xd14a03aa,
0x60134a30,
0x4b3022ea,
0x2216601a,
0x4a2f605a,
0x6813482f,
0x7380f443,
0x4b2e6013,
0xf2be681c,
0x482dfbff,
0x0107f004,
0x71e4f201,
0xfbf8f2be,
0xf2be482a,
0xf3c4fbf5,
0x482701c3,
0xfbf0f2be,
0xf2be4826,
0xf3c4fbed,
0x482311c4,
0xfbe8f2be,
0xf2be4822,
0xf3c4fbe5,
0x481f310f,
0xfbe0f2be,
0xf2be481f,
0x481ffbdd,
0xfbdaf2be,
0x22004b1e,
0x4b1e611a,
0x681a469b,
0x1f40f412,
0x481cd03e,
0xfbcef2be,
0xfea6f7fd,
0x490ee7fe,
0x604a600a,
0x4a182150,
0x4a08e7a8,
0x22ea6013,
0xe7b34b16,
0xf0d5c000,
0x00000000,
0xf0d47468,
0xf0d40000,
0xf0d469fa,
0xf00100f0,
0xf02347e0,
0xf02347e8,
0xf0d46a05,
0xf02346a0,
0xf02346a4,
0xf0230000,
0xf0d46a0e,
0xf0d40078,
0xf0d46a1f,
0xf0d46a22,
0xf0d46401,
0xf0d46a24,
0xf0d410a4,
0xf0020010,
0xf0d46a34,
0xf02346a8,
0xf02347e4,
0x46994bbd,
0xf412699a,
0xf0001f80,
0xf3c28322,
0xf3c23302,
0xf10332c4,
0x4cb85370,
0x3380f503,
0x6819009b,
0xfa032301,
0x4bb5f202,
0xbf18420a,
0x6863461c,
0x0860f04f,
0xfb082009,
0x4bb1f803,
0xea4f4598,
0xbf984a58,
0xbf882300,
0x46982301,
0x681b4bad,
0xfeb6f7ff,
0x236af640,
0x4f00f410,
0x8370f040,
0xd902459a,
0xf2be48a8,
0x2002fb5b,
0xfea8f7ff,
0xf1400405,
0xf000836c,
0x06c1051f,
0x82e9f140,
0x0520f1c5,
0x236af640,
0x1643f3c0,
0xd903459a,
0xf2002d17,
0x350882e0,
0x46294632,
0xf2be489b,
0x489bfb3f,
0xfb3cf2be,
0x011a68a3,
0x82d7f140,
0xf140005b,
0x489782d2,
0xfb32f2be,
0x21606863,
0x43594895,
0xf2be0c49,
0x68a3fb2b,
0xf14000d8,
0x489282c8,
0xfb24f2be,
0x309cf8d4,
0x030ff003,
0xf0402b01,
0x488e830d,
0xfb1af2be,
0x488d6821,
0xfb16f2be,
0x681b4b8c,
0xd5030119,
0xf44f4a8b,
0x60112170,
0xd50300da,
0xf44f4a88,
0x60110170,
0xd5030098,
0xf04f4a85,
0x60116170,
0xd5030059,
0xf04f4a82,
0x60114170,
0xda032b00,
0xf44f4a7f,
0x60114170,
0xd503025a,
0xf44f4a7d,
0x60112170,
0xd5030218,
0xf44f4a7a,
0x60110170,
0xd50301d9,
0xf04f4a77,
0x60116170,
0xd503019a,
0xf04f4a74,
0x60114170,
0xd5030158,
0xf44f4b71,
0x601a4270,
0x3000f8db,
0x1f40f413,
0x82ccf040,
0x68134a6d,
0xd5fc05d9,
0x22104b6c,
0x70faf44f,
0xf002601a,
0x4b6af8eb,
0x486a2203,
0x4a6a601a,
0xf0436813,
0x60130340,
0xfabcf2be,
0x3000f8db,
0x0303f023,
0x0301f043,
0x3000f8cb,
0x469b4b63,
0xf022681a,
0x601a0213,
0xf042681a,
0x601a0220,
0xf042681a,
0x601a0214,
0x3000f8db,
0xd5fb071b,
0xf002485b,
0xf8dbf9e3,
0x22143000,
0xf0432115,
0x48580308,
0x3000f8cb,
0xf2be2300,
0x4b56f977,
0x601a7922,
0x605a7962,
0x609a79a2,
0x4a534b3e,
0xf8d9601a,
0xf0133018,
0xd0140f70,
0xf3c34a50,
0x21801302,
0xf1a22b05,
0x484e0204,
0x2305bf88,
0x60136051,
0x4b4c2215,
0xf8d9601a,
0xf3c11018,
0xf2be1102,
0x221cfa6f,
0x46112300,
0xf2be4847,
0x221cf94d,
0x46112301,
0xf2be4844,
0x2301f947,
0x461a4843,
0xf2be4619,
0x462bf941,
0x46322000,
0xe88d4621,
0xf2bb0500,
0x68a3fc13,
0x21152214,
0x00584d3c,
0xbf484833,
0xbf582301,
0xf2be2302,
0x2213f92d,
0x46112301,
0xf2be4837,
0x4b37f927,
0x32fff04f,
0x601a4832,
0x461a2301,
0xf2be4619,
0x237ff91d,
0x21082202,
0xf2be4831,
0xf64ff917,
0x602b73ff,
0x21032200,
0x6b63482e,
0x030ff003,
0xf90cf2be,
0x221c2303,
0x482b211e,
0xf906f2be,
0x215422c0,
0xf2be2000,
0x68a3f855,
0x4a272840,
0xf043d14e,
0xe04b5380,
0xf0d40070,
0xf0d40300,
0xf0d40458,
0x10abffff,
0xf0230000,
0xf0d46a59,
0xf0d46a6d,
0xf0d46a8d,
0xf0d46a94,
0xf0d46aaa,
0xf0d46aae,
0xf0d46ab8,
0xf0d46acd,
0xf0160034,
0xf0160048,
0xf0160050,
0xf0230004,
0xf0234344,
0xf0234340,
0xf0d46adf,
0xf0234100,
0xf02300b0,
0xf0d46ae6,
0xf0020010,
0xf0234420,
0x0007ef9f,
0xf0234414,
0xf0d46ae8,
0xf023440c,
0xf0020098,
0xf0020094,
0xf018062c,
0xf0020074,
0xf002009c,
0xf00200a0,
0xf0180384,
0xf0180024,
0xf0180008,
0x4bb66013,
0x601a69a2,
0x7396f503,
0x62da4ab4,
0x5273f44f,
0x69e2601a,
0x2cfcf843,
0x68a34ab1,
0x7380f3c3,
0xf0002b00,
0x231081b5,
0x23016013,
0x48ad2208,
0xf2be4611,
0x4bacf891,
0xf5a34aac,
0xf8c3739a,
0x68e22134,
0x6922601a,
0x6962605a,
0x6a22611a,
0x213cf8c3,
0xf8c36a62,
0x6f622320,
0x2634f8c3,
0x737af503,
0x601a6ba2,
0x62da6be2,
0x631a6c22,
0x635a6c62,
0x639a6ca2,
0x63da6ce2,
0x641a6d22,
0x645a6d62,
0x07596fa3,
0x4a99d50d,
0x4b996013,
0x601a6fe2,
0x2080f8d4,
0xf8d4605a,
0x609a2084,
0x2088f8d4,
0x4b9460da,
0xf5a36da2,
0xf8c3737b,
0x6de223ec,
0x23f0f8c3,
0xf8c36e22,
0x6e6223f4,
0x23f8f8c3,
0xf8c36ea2,
0x6ee223fc,
0x2400f8c3,
0xf8c36f22,
0x6aa22404,
0x6ae2601a,
0x68a3605a,
0xd50b011a,
0x4a864b85,
0x4a86601a,
0x4a86605a,
0x4a86609a,
0xf46f60da,
0x615a428a,
0xf8d44b84,
0x4e84208c,
0xf8d4601a,
0xf4133090,
0xf0007f80,
0xf8d98141,
0x055b3018,
0x813cf140,
0xf2be487e,
0xf8d4f937,
0xf4433090,
0x60336380,
0x497c4b7b,
0x601a4a7c,
0x600b4b7c,
0x4a7c60ca,
0x68a36013,
0xd50600d8,
0xf04f4b7a,
0x601a3210,
0x0208f602,
0x68a3605a,
0x4390f003,
0x4f90f1b3,
0xf8d4d106,
0x05d93090,
0x4b73d502,
0x601a2206,
0x23012200,
0x48714611,
0xfff0f2bd,
0xf001200a,
0x4e6fff2d,
0x486d2300,
0x4619461a,
0xffe6f2bd,
0x21002301,
0x4608461a,
0xff3ef2bd,
0x2300220d,
0x48684611,
0xffdaf2bd,
0x7096f44f,
0xff16f001,
0x20642307,
0xf0016033,
0x220dff11,
0x46112301,
0xf2bd4860,
0xf44fffcb,
0xf0017016,
0x2306ff07,
0x60332064,
0xff02f001,
0x2064230e,
0xf0016033,
0x2208fefd,
0x46112301,
0xf2bd4857,
0x68a3ffb7,
0xd507011a,
0x220c6b63,
0x483b210f,
0x3303f3c3,
0xffacf2bd,
0x2300221e,
0x48384611,
0xffa6f2bd,
0x22126b23,
0x4611484d,
0x4380f3c3,
0xff9ef2bd,
0x220f6b23,
0x46114849,
0x33c0f3c3,
0xff96f2bd,
0x011b68a3,
0x2301d528,
0xf2402203,
0x20001125,
0xfeeaf2bd,
0xf240227f,
0x2000218e,
0xfedaf2bd,
0x20004601,
0xf992f2bb,
0x22032302,
0x1125f240,
0xf2bd2000,
0x227ffed9,
0x7127f44f,
0xf2bd2000,
0x4601fec9,
0xf2bb2000,
0x2303f981,
0x1125f240,
0x2000461a,
0xfec8f2bd,
0x23004a31,
0x602b4831,
0x60132301,
0x46112215,
0xff60f2bd,
0x22092303,
0x482d210a,
0xff5af2bd,
0xfb98f7ff,
0x681b4b2b,
0x1f40f413,
0x482ad004,
0xf86cf2be,
0xfb44f7fd,
0x4c28e7fe,
0x3510e4ed,
0x251fe516,
0x4826e51e,
0x4826e52c,
0x4826e52a,
0xbf00e536,
0xf0180020,
0x03e00042,
0xf0180200,
0xf0180384,
0xf0180140,
0xde3c78ee,
0xf018063c,
0xf0180644,
0xf0180400,
0xf0180660,
0x42876310,
0x8dcba9f5,
0x42987631,
0x8edcbaf5,
0xf0180670,
0xf01806a0,
0xf0d46af5,
0xf0180544,
0xf0180548,
0xcc00ffff,
0xffff0000,
0xf0180558,
0xf0180680,
0xf01806a4,
0xf0180050,
0xf0180000,
0xf01801f0,
0xf018014c,
0xf0180324,
0xf0010020,
0xf0020074,
0xf0020080,
0xf0020010,
0xf0d46a34,
0xf0d40300,
0xf0d46a9c,
0xf0d46aa4,
0xf0d46ab3,
0xd1012b02,
0xe4ef4816,
0xd1012b03,
0xe4eb4815,
0xe4e94815,
0xf2be4815,
0xf7fdf803,
0xe7fefadb,
0xe64b6013,
0x1149f240,
0xf2bd2000,
0x28fcfe20,
0x6833d103,
0x7300f443,
0xf8d4e6bf,
0xe6bc3090,
0xf67f459a,
0x480aac92,
0xffeaf2bd,
0xf640e7fe,
0x2606236a,
0x459a2510,
0xac9df63f,
0xbf00e49c,
0xf0d46abc,
0xf0d46ac1,
0xf0d46ac9,
0xf0d46a34,
0xf0d46a41,
0xe92d4800,
0xe28db004,
0xe8bd8800,
0x0000ffff,
0x0000ffff,
0xffff0000,
0xffff0000,
0xfffe0001,
0xfffd0002,
0xfffb0004,
0xfff70008,
0xffef0010,
0xffdf0020,
0xffbf0040,
0xff7f0080,
0xfeff0100,
0xfdff0200,
0xfbff0400,
0xf7ff0800,
0xefff1000,
0xdfff2000,
0xbfff4000,
0x7fff8000,
0x0001fffe,
0x0002fffd,
0x0004fffb,
0x0008fff7,
0x0010ffef,
0x0020ffdf,
0x0040ffbf,
0x0080ff7f,
0x0100feff,
0x0200fdff,
0x0400fbff,
0x0800f7ff,
0x1000efff,
0x2000dfff,
0x4000bfff,
0x80007fff,
0xffff0001,
0xffff0002,
0xffff0004,
0xffff0008,
0xffff0010,
0xffff0020,
0xffff0040,
0xffff0080,
0xffff0100,
0xffff0200,
0xffff0400,
0xffff0800,
0xffff1000,
0xffff2000,
0xffff4000,
0xffff8000,
0x0001ffff,
0x0002ffff,
0x0004ffff,
0x0008ffff,
0x0010ffff,
0x0020ffff,
0x0040ffff,
0x0080ffff,
0x0100ffff,
0x0200ffff,
0x0400ffff,
0x0800ffff,
0x1000ffff,
0x2000ffff,
0x4000ffff,
0x8000ffff,
0x0000ffff,
0x0000ffff,
0xffff0000,
0xffff0000,
0xffffefff,
0xffffdfff,
0xffffbfff,
0xffff7fff,
0xfffffeff,
0xfffffdff,
0xfffffbff,
0xfffff7ff,
0xffffffef,
0xffffffdf,
0xffffffbf,
0xffffff7f,
0xfffffffe,
0xfffffffd,
0xfffffffb,
0xfffffff7,
0x00008000,
0x00004000,
0x00002000,
0x00001000,
0x00000800,
0x00000400,
0x00000200,
0x00000100,
0x00000080,
0x00000040,
0x00000020,
0x00000010,
0x00000008,
0x00000004,
0x00000002,
0x00000001,
0x6e51598f,
0xee49baec,
0x97613961,
0x8420f7d1,
0x55c64a08,
0x7c4a78a6,
0xd4949946,
0xdcb753a2,
0xffffffff,
0x00000000,
0xffffffff,
0x00000000,
0x00000000,
0xffffffff,
0x00000000,
0xffffffff,
0xfffefffe,
0x00010001,
0xfffdfffd,
0x00020002,
0xfffbfffb,
0x00040004,
0xfff7fff7,
0x00080008,
0xffefffef,
0x00100010,
0xffdfffdf,
0x00200020,
0xffbfffbf,
0x00400040,
0xff7fff7f,
0x00800080,
0xfefffeff,
0x01000100,
0xfdfffdff,
0x02000200,
0xfbfffbff,
0x04000400,
0xf7fff7ff,
0x08000800,
0xefffefff,
0x10001000,
0xdfffdfff,
0x20002000,
0xbfffbfff,
0x40004000,
0x7fff7fff,
0x80008000,
0x00010001,
0xfffefffe,
0x00020002,
0xfffdfffd,
0x00040004,
0xfffbfffb,
0x00080008,
0xfff7fff7,
0x00100010,
0xffefffef,
0x00200020,
0xffdfffdf,
0x00400040,
0xffbfffbf,
0x00800080,
0xff7fff7f,
0x01000100,
0xfefffeff,
0x02000200,
0xfdfffdff,
0x04000400,
0xfbfffbff,
0x08000800,
0xf7fff7ff,
0x10001000,
0xefffefff,
0x20002000,
0xdfffdfff,
0x40004000,
0xbfffbfff,
0x80008000,
0x7fff7fff,
0xffffffff,
0x00010001,
0xffffffff,
0x00020002,
0xffffffff,
0x00040004,
0xffffffff,
0x00080008,
0xffffffff,
0x00100010,
0xffffffff,
0x00200020,
0xffffffff,
0x00400040,
0xffffffff,
0x00800080,
0xffffffff,
0x01000100,
0xffffffff,
0x02000200,
0xffffffff,
0x04000400,
0xffffffff,
0x08000800,
0x00010001,
0xffffffff,
0x00020002,
0xffffffff,
0x00040004,
0xffffffff,
0x00080008,
0xffffffff,
0x00100010,
0xffffffff,
0x00200020,
0xffffffff,
0x00400040,
0xffffffff,
0x00800080,
0xffffffff,
0x01000100,
0xffffffff,
0x02000200,
0xffffffff,
0x04000400,
0xffffffff,
0x08000800,
0xffffffff,
0x10001000,
0xffffffff,
0x20002000,
0xffffffff,
0x40004000,
0xffffffff,
0x80008000,
0xffffffff,
0xffffefff,
0xffffdfff,
0xffffbfff,
0xffff7fff,
0xfffffeff,
0xfffffdff,
0xfffffbff,
0xfffff7ff,
0xffffffef,
0xffffffdf,
0xffffffbf,
0xffffff7f,
0xfffffffe,
0xfffffffd,
0xfffffffb,
0xfffffff7,
0x00008000,
0x00004000,
0x00002000,
0x00001000,
0x00000800,
0x00000400,
0x00000200,
0x00000100,
0x00000080,
0x00000040,
0x00000020,
0x00000010,
0x00000008,
0x00000004,
0x00000002,
0x00000001,
0x6e51598f,
0xee49baec,
0x97613961,
0x8420f7d1,
0x55c64a08,
0x7c4a78a6,
0xd4949946,
0xdcb753a2,
0x00000310,
0x00000000,
0x00000008,
0xffffffff,
0x00000161,
0x00000000,
0x00000008,
0x00000000,
0x00000146,
0x00000000,
0x00000008,
0x00000050,
0x00000117,
0x00000000,
0x00000008,
0x00000050,
0x0000031d,
0x00000000,
0x00000008,
0xffffffff,
0x00000162,
0x00000000,
0x00000008,
0x00000000,
0x00000113,
0x00000000,
0x00000008,
0x00000050,
0x000000f4,
0x00000000,
0x00000008,
0x00000050,
0x0000032a,
0x00000000,
0x00000008,
0xffffffff,
0x00000163,
0x00000000,
0x00000008,
0x00000000,
0x00000101,
0x00000000,
0x00000008,
0x00000050,
0x00000145,
0x00000000,
0x00000008,
0x00000050,
0x00000337,
0x00000000,
0x00000008,
0xffffffff,
0x00000164,
0x00000000,
0x00000008,
0x00000000,
0x000000ef,
0x00000000,
0x00000008,
0x00000050,
0x000000f5,
0x00000000,
0x00000008,
0x00000050,
0x000000c2,
0x00000000,
0x00000004,
0x00000006,
0x00000071,
0x00000006,
0x00000001,
0x00000000,
0x00000066,
0x00000002,
0x00000001,
0x00000000,
0x00000252,
0x00000007,
0x00000001,
0x00000000,
0x000000c2,
0x00000004,
0x00000004,
0x00000006,
0x00000071,
0x00000007,
0x00000001,
0x00000000,
0x00000251,
0x00000007,
0x00000001,
0x00000000,
0x00000252,
0x00000006,
0x00000001,
0x00000000,
0x000000c3,
0x00000000,
0x00000004,
0x00000006,
0x00000070,
0x00000006,
0x00000001,
0x00000000,
0x00000251,
0x00000007,
0x00000001,
0x00000001,
0x00000066,
0x00000002,
0x00000001,
0x00000001,
0x000000c1,
0x00000000,
0x00000004,
0x00000008,
0x000000c1,
0x00000004,
0x00000004,
0x00000008,
0x000000c1,
0x00000000,
0x00000004,
0x00000008,
0x000000c1,
0x00000004,
0x00000004,
0x00000008,
0x00000005,
0x00000006,
0x00000007,
0x00000008,
0x00000009,
0x0000000a,
0x0000000b,
0x0000000c,
0x0000000d,
0x0000000e,
0x0000000f,
0x00000010,
0x00000011,
0x00000012,
0x00000013,
0x00000014,
0x00000312,
0x00000000,
0x00000008,
0xffffffff,
0x000000c6,
0x00000000,
0x00000004,
0x00000006,
0x000000c8,
0x00000000,
0x00000004,
0x00000002,
0x000000ca,
0x00000003,
0x00000004,
0x00000000,
0x000000ce,
0x00000003,
0x00000004,
0x00000000,
0x000000ca,
0x00000000,
0x00000003,
0x00000000,
0x000000ce,
0x00000000,
0x00000003,
0x00000000,
0x000000c4,
0x00000000,
0x00000004,
0x00000006,
0x0000008e,
0x00000004,
0x00000001,
0x00000000,
0x0000008f,
0x00000000,
0x00000001,
0x00000000,
0x0000031f,
0x00000000,
0x00000008,
0xffffffff,
0x000000c6,
0x00000004,
0x00000004,
0x00000006,
0x000000c8,
0x00000004,
0x00000004,
0x00000002,
0x000000cc,
0x00000003,
0x00000004,
0x00000000,
0x000000d0,
0x00000003,
0x00000004,
0x00000000,
0x000000cc,
0x00000000,
0x00000003,
0x00000000,
0x000000d0,
0x00000000,
0x00000003,
0x00000000,
0x000000c4,
0x00000004,
0x00000004,
0x00000006,
0x0000008e,
0x00000005,
0x00000001,
0x00000000,
0x0000008f,
0x00000001,
0x00000001,
0x00000000,
0x0000032c,
0x00000000,
0x00000008,
0xffffffff,
0x000000c7,
0x00000000,
0x00000004,
0x00000006,
0x000000c9,
0x00000000,
0x00000004,
0x00000002,
0x000000cb,
0x00000003,
0x00000004,
0x00000000,
0x000000cf,
0x00000003,
0x00000004,
0x00000000,
0x000000cb,
0x00000000,
0x00000003,
0x00000000,
0x000000cf,
0x00000000,
0x00000003,
0x00000000,
0x000000c5,
0x00000000,
0x00000004,
0x00000006,
0x0000008e,
0x00000006,
0x00000001,
0x00000000,
0x0000008f,
0x00000002,
0x00000001,
0x00000000,
0x00000339,
0x00000000,
0x00000008,
0xffffffff,
0x000000c7,
0x00000004,
0x00000004,
0x00000006,
0x000000c9,
0x00000004,
0x00000004,
0x00000002,
0x000000cd,
0x00000003,
0x00000004,
0x00000000,
0x000000d1,
0x00000003,
0x00000004,
0x00000000,
0x000000cd,
0x00000000,
0x00000003,
0x00000000,
0x000000d1,
0x00000000,
0x00000003,
0x00000000,
0x000000c5,
0x00000004,
0x00000004,
0x00000006,
0x0000008e,
0x00000007,
0x00000001,
0x00000000,
0x0000008f,
0x00000003,
0x00000001,
0x00000000,
0x00000312,
0x00000000,
0x00000008,
0xffffffff,
0x000000c6,
0x00000000,
0x00000004,
0x00000006,
0x000000c8,
0x00000000,
0x00000004,
0x00000002,
0x000000ca,
0x00000003,
0x00000004,
0x00000000,
0x000000ce,
0x00000003,
0x00000004,
0x00000000,
0x000000ca,
0x00000000,
0x00000003,
0x00000000,
0x000000ce,
0x00000000,
0x00000003,
0x00000000,
0x00000029,
0x00000000,
0x00000008,
0x000000b1,
0x0000031f,
0x00000000,
0x00000008,
0xffffffff,
0x000000c6,
0x00000004,
0x00000004,
0x00000006,
0x000000c8,
0x00000004,
0x00000004,
0x00000002,
0x000000cc,
0x00000003,
0x00000004,
0x00000000,
0x000000d0,
0x00000003,
0x00000004,
0x00000000,
0x000000cc,
0x00000000,
0x00000003,
0x00000000,
0x000000d0,
0x00000000,
0x00000003,
0x00000000,
0x00000029,
0x00000000,
0x00000008,
0x000000b1,
0x0000032c,
0x00000000,
0x00000008,
0xffffffff,
0x000000c7,
0x00000000,
0x00000004,
0x00000006,
0x000000c9,
0x00000000,
0x00000004,
0x00000002,
0x000000cb,
0x00000003,
0x00000004,
0x00000000,
0x000000cf,
0x00000003,
0x00000004,
0x00000000,
0x000000cb,
0x00000000,
0x00000003,
0x00000000,
0x000000cf,
0x00000000,
0x00000003,
0x00000000,
0x00000029,
0x00000000,
0x00000008,
0x000000b1,
0x00000339,
0x00000000,
0x00000008,
0xffffffff,
0x000000c7,
0x00000004,
0x00000004,
0x00000006,
0x000000c9,
0x00000004,
0x00000004,
0x00000002,
0x000000cd,
0x00000003,
0x00000004,
0x00000000,
0x000000d1,
0x00000003,
0x00000004,
0x00000000,
0x000000cd,
0x00000000,
0x00000003,
0x00000000,
0x000000d1,
0x00000000,
0x00000003,
0x00000000,
0x00000029,
0x00000000,
0x00000008,
0x000000b1,
0x000000d2,
0x00000000,
0x00000004,
0x0000000d,
0x0000009a,
0x00000000,
0x00000003,
0x00000000,
0x000002bb,
0x00000000,
0x00000004,
0x00000000,
0x00000091,
0x00000000,
0x00000002,
0x00000001,
0x000000d2,
0x00000004,
0x00000004,
0x0000000d,
0x0000009a,
0x00000004,
0x00000003,
0x00000000,
0x000002bb,
0x00000004,
0x00000004,
0x00000000,
0x00000091,
0x00000002,
0x00000002,
0x00000001,
0x000000d3,
0x00000000,
0x00000004,
0x0000000d,
0x0000009b,
0x00000000,
0x00000003,
0x00000000,
0x000002bc,
0x00000000,
0x00000004,
0x00000000,
0x00000091,
0x00000004,
0x00000002,
0x00000001,
0x000000d3,
0x00000004,
0x00000004,
0x0000000d,
0x0000009b,
0x00000004,
0x00000003,
0x00000000,
0x000002bc,
0x00000004,
0x00000004,
0x00000000,
0x00000091,
0x00000006,
0x00000002,
0x00000001,
0x6f727245,
0x203a2072,
0x2055414d,
0x74697257,
0x65522f65,
0x6c206461,
0x6e657461,
0x312b7963,
0x6c697720,
0x766f206c,
0x6c667265,
0x000a776f,
0x30307830,
0x303d6330,
0x38302578,
0x202c786c,
0x31307830,
0x303d3834,
0x38302578,
0x000a786c,
0x36307830,
0x303d3834,
0x38302578,
0x202c786c,
0x31307830,
0x303d3834,
0x38302578,
0x000a786c,
0x203e2d2d,
0x45525652,
0x63732046,
0x53206e61,
0x74726174,
0x0d2e2e2e,
0x0a0d000a,
0x78257830,
0x3a64255b,
0x3d5d6425,
0x78257830,
0x25783020,
0x64255b78,
0x5d64253a,
0x2578303d,
0x78302078,
0x255b7825,
0x64253a64,
0x78303d5d,
0x0a0d7825,
0x74796200,
0x64252065,
0x4453500a,
0x322f3120,
0x61685020,
0x64206573,
0x79616c65,
0x25783020,
0x5b783330,
0x253a6425,
0x253d5d64,
0x09090964,
0x30257830,
0x255b7833,
0x64253a64,
0x000a0d5d,
0x65725609,
0x64412066,
0x73657264,
0x56090973,
0x09514444,
0x76322e31,
0x25200009,
0x00583230,
0x0d495520,
0x7830000a,
0x78333025,
0x3a64255b,
0x3d5d6425,
0x30257830,
0x255b7833,
0x64253a64,
0x78303d5d,
0x09097825,
0x08080009,
0x25200008,
0x00643230,
0x00303020,
0x00363120,
0x00232020,
0x004f2020,
0x005f2020,
0x002e2020,
0x25204c20,
0x25643230,
0x52200025,
0x32302520,
0x00252564,
0x203e2d2d,
0x45525652,
0x63732046,
0x46206e61,
0x0d4c4941,
0x2d2d000a,
0x5652203e,
0x20464552,
0x6e616373,
0x53415020,
0x000a0d53,
0x203e2d2d,
0x20444d43,
0x6e616373,
0x61745320,
0x2e2e7472,
0x000a0d2e,
0x43205432,
0x2020444d,
0x09202020,
0x25783009,
0x5b583330,
0x253a6425,
0x0a0d5d64,
0x5f534300,
0x54312031,
0x444d4320,
0x78300909,
0x58333025,
0x3a64255b,
0x0d5d6425,
0x5343000a,
0x3120305f,
0x4d432054,
0x30090944,
0x33302578,
0x64255b58,
0x5d64253a,
0x43000a0d,
0x20204b4c,
0x20202020,
0x09092020,
0x30257830,
0x0a0d5833,
0x20090900,
0x20202020,
0x09002020,
0x78300909,
0x58333025,
0x5d64255b,
0x2064253d,
0x20202020,
0x30202020,
0x33302578,
0x64255b58,
0x64253d5d,
0x20000a0d,
0x30257830,
0x255b5833,
0x253d5d64,
0x78302064,
0x58333025,
0x5d64255b,
0x2064253d,
0x20202000,
0x09202020,
0x30257830,
0x255b5833,
0x64253a64,
0x2020205d,
0x2d002020,
0x43203e2d,
0x7320444d,
0x206e6163,
0x4c494146,
0x2d000a0d,
0x43203e2d,
0x7320444d,
0x206e6163,
0x53534150,
0x48000a0d,
0x72657465,
0x6e65676f,
0x73756f65,
0x61726420,
0x000a0d6d,
0x53204c48,
0x0d504157,
0x7953000a,
0x6d657473,
0x64646120,
0x73736572,
0x30783020,
0x61747320,
0x31207472,
0x69622036,
0x72612074,
0x0a0d6165,
0x312b3200,
0x34000a0d,
0x0a0d322b,
0x342b3800,
0x34000a0d,
0x0a0d312b,
0x2b363100,
0x000a0d34,
0x382b3631,
0x63000a0d,
0x69666e6f,
0x6f6e2067,
0x75732074,
0x726f7070,
0x000a0d74,
0x20312b32,
0x3420726f,
0x202c312b,
0x0a0d7825,
0x342b3800,
0x20726f20,
0x342b3631,
0x7825202c,
0x20000a0d,
0x47420058,
0x72652030,
0x20726f72,
0x61746164,
0x2c782520,
0x726f6320,
0x74636572,
0x74616420,
0x78252061,
0x42000a0d,
0x70203047,
0x0d737361,
0x4742000a,
0x72652031,
0x20726f72,
0x61746164,
0x2c782520,
0x726f6320,
0x74636572,
0x74616420,
0x78252061,
0x42000a0d,
0x70203147,
0x0d737361,
0x4142000a,
0x72652030,
0x20726f72,
0x61746164,
0x2c782520,
0x726f6320,
0x74636572,
0x74616420,
0x78252061,
0x42000a0d,
0x70203041,
0x0d737361,
0x4142000a,
0x72652031,
0x20726f72,
0x61746164,
0x2c782520,
0x726f6320,
0x74636572,
0x74616420,
0x78252061,
0x42000a0d,
0x70203141,
0x0d737361,
0x2541000a,
0x72652064,
0x20726f72,
0x61746164,
0x2c782520,
0x726f6320,
0x74636572,
0x74616420,
0x78252061,
0x726f6628,
0x66657220,
0x6e657265,
0x77206563,
0x206e6568,
0x34726464,
0x62473820,
0x382c3878,
0x31786247,
0x6e612036,
0x64642064,
0x38203372,
0x38786247,
0x6247382c,
0x2c363178,
0x78624734,
0x0a0d2938,
0x64254100,
0x72726520,
0x6420726f,
0x20617461,
0x202c7825,
0x72726f63,
0x20746365,
0x61746164,
0x28782520,
0x20726f66,
0x65666572,
0x636e6572,
0x68772065,
0x64206e65,
0x20347264,
0x62473631,
0x312c3878,
0x78624736,
0x0d293631,
0x2541000a,
0x72652064,
0x20726f72,
0x61746164,
0x2c782520,
0x726f6320,
0x74636572,
0x74616420,
0x78252061,
0x41000a0d,
0x70206425,
0x28737361,
0x20726f66,
0x65666572,
0x636e6572,
0x68772065,
0x64206e65,
0x20347264,
0x78624738,
0x47382c38,
0x36317862,
0x646e6120,
0x72646420,
0x47382033,
0x2c387862,
0x78624738,
0x342c3631,
0x38786247,
0x000a0d29,
0x20642541,
0x73736170,
0x726f6628,
0x66657220,
0x6e657265,
0x77206563,
0x206e6568,
0x34726464,
0x47363120,
0x2c387862,
0x62473631,
0x29363178,
0x41000a0d,
0x70206425,
0x0d737361,
0x2d2d000a,
0x5144203e,
0x63732046,
0x53206e61,
0x74726174,
0x0d2e2e2e,
0x7677000a,
0x20666572,
0x78257830,
0x62000a0d,
0x20657479,
0x09096425,
0x09090909,
0x20514409,
0x73616850,
0x000a0d65,
0x20445350,
0x20382f31,
0x73616850,
0x65642065,
0x2079616c,
0x33257830,
0x64255b78,
0x5d64253a,
0x0964253d,
0x28205144,
0x33257830,
0x64255b78,
0x5d64253a,
0x00090929,
0x00782520,
0x09090a0d,
0x50090909,
0x28205144,
0x33257830,
0x64255b78,
0x5d64253a,
0x50000929,
0x44205144,
0x3020594c,
0x33302578,
0x78303d58,
0x58323025,
0x43200920,
0x20594c44,
0x30257830,
0x09205832,
0x4c444620,
0x78302059,
0x58323025,
0x20000a0d,
0x25783020,
0x5b783330,
0x253a6425,
0x303d5d64,
0x20782578,
0x30257830,
0x255b7833,
0x253d5d64,
0x78302064,
0x78333025,
0x5d64255b,
0x0964253d,
0x09643225,
0x2d000909,
0x44203e2d,
0x73204651,
0x206e6163,
0x4c494146,
0x2d000a0d,
0x44203e2d,
0x73204651,
0x206e6163,
0x53534150,
0x2d000a0d,
0x51203e2d,
0x204e4553,
0x6e616373,
0x61745320,
0x2e2e7472,
0x000a0d2e,
0x203e2d2d,
0x45525657,
0x63732046,
0x53206e61,
0x74726174,
0x0d2e2e2e,
0x2020000a,
0x30257830,
0x255b7833,
0x64253a64,
0x78303d5d,
0x25097825,
0x09096432,
0x00090909,
0x25783009,
0x5b783330,
0x253a6425,
0x253d5d64,
0x78302064,
0x78333025,
0x3a64255b,
0x3d5d6425,
0x30206425,
0x33302578,
0x64255b78,
0x5d64253a,
0x0964253d,
0x79620009,
0x25206574,
0x09090964,
0x09090909,
0x656e6946,
0x6e755420,
0x68502065,
0x28657361,
0x352e3232,
0x67656420,
0x29656572,
0x09000a0d,
0x30090909,
0x33302578,
0x64255b78,
0x5d64253a,
0x25200009,
0x30090058,
0x33302578,
0x64255b78,
0x5d64253a,
0x0964253d,
0x00090909,
0x203e2d2d,
0x4e455351,
0x61637320,
0x4146206e,
0x0a0d4c49,
0x3e2d2d00,
0x45535120,
0x6373204e,
0x50206e61,
0x0d535341,
0x4146000a,
0x21214c49,
0x000a0d21,
0x53534150,
0x0d212121,
0x0a0d000a,
0x465a4e55,
0x216c6961,
0x55504300,
0x30303131,
0x520a0020,
0x65676e61,
0x6e616353,
0x72657620,
0x25005b3a,
0x002d0064,
0x646e6152,
0x61506d6f,
0x72657474,
0x000a0d6e,
0x4d415244,
0x43532031,
0x0a0d4e41,
0x746f4e00,
0x70757320,
0x74726f70,
0x65766f20,
0x6f6c6372,
0x0a0d6b63,
0x65766f00,
0x6f6c6372,
0x74206b63,
0x3233206f,
0x0a0d3030,
0x5f717a00,
0x6d697274,
0x2578305b,
0x202c5d78,
0x5f6f646c,
0x6d697274,
0x2578305b,
0x0a0d5d78,
0x41524400,
0x005f314d,
0x34524444,
0x005f3278,
0x34524444,
0x005f3178,
0x33524444,
0x6425005f,
0x3631005f,
0x33005f62,
0x005f6232,
0x00204254,
0x20544255,
0x5f424600,
0x204e494d,
0x20424600,
0x696e6900,
0x7265765f,
0x7830203a,
0x78383025,
0x44000a0d,
0x0d454e4f,
0x003e000a,
0x20616d64,
0x20637373,
0x0a0d6425,
0x20617300,
0x2070616d,
0x31206f74,
0x74696236,
0x00000a0d,
0xf0d46b3d,
0xf0d46b21,
0xf0d46b7d,
0xf0d46bf5,
0xf0d46b61,
0xf0d46b45,
0x4a04b580,
0x6813af00,
0xd5fc069b,
0x60184b02,
0xbf00bd80,
0xf0110014,
0xf0110000,
0xaf00b580,
0x0000bd80,
0x4a04b580,
0x6813af00,
0xd5fc07db,
0x68184b02,
0xbd80b2c0,
0xf0111014,
0xf0111000,
0x4a04b580,
0x6813af00,
0xd5fc069b,
0x60184b02,
0xbf00bd80,
0xf0111014,
0xf0111000,
0x4a04b580,
0x6813af00,
0xd5fc07db,
0x68184b02,
0xbd80b2c0,
0xf0110014,
0xf0110000,
0x211a4a13,
0xaf00b580,
0xf0436813,
0x60130310,
0xf4236f53,
0x675323c0,
0x3280f502,
0x68133240,
0x6300f443,
0x4b0b6013,
0xf042781a,
0x701a0280,
0x70114a09,
0x71112100,
0xf002781a,
0x701a027f,
0xf042781a,
0x701a0203,
0xf8032207,
0xbd802c04,
0xf0010034,
0xf011100c,
0xf0111000,
0xaf00b580,
0xffcef7ff,
0x0000bd80,
0x22004b08,
0xaf00b580,
0x615a6959,
0x4906545a,
0x07d2780a,
0x4a05d5fc,
0xb2d27812,
0x69597002,
0xbd80545a,
0x010002d8,
0xf0110014,
0xf0110000,
0xb5804b05,
0x781baf00,
0x0301f013,
0x4b03d001,
0x7003781b,
0xbf00bd80,
0xf0110014,
0xf0110000,
0x22004b13,
0x4d13b5f0,
0xaf004e13,
0x615a6959,
0x695a545a,
0xd9002a13,
0x7829bdf0,
0xd5f907c9,
0x46047831,
0xf804b2c9,
0x29081b01,
0x5499695a,
0xb10ad104,
0x615a3a01,
0xe7ea4620,
0xd102290a,
0x70432300,
0x290dbdf0,
0x3201d0fa,
0xbf00e7f3,
0x010002d8,
0xf0110014,
0xf0110000,
0x4604b5b0,
0xaf001845,
0xd10042ac,
0x4620bdb0,
0xf7ff3401,
0xe7f7ff9f,
0xe92d4800,
0xe3500000,
0xe28db004,
0x0a000003,
0xe3500001,
0xe59f000c,
0x13a00000,
0xe8bd8800,
0xe59f0004,
0xe8bd8800,
0xf0d46b14,
0xf0d46b08,
0x00000000,
0xb5b04b07,
0xb933af00,
0x682a4d06,
0x1e44b11a,
0x0f01f814,
0xbdb0b900,
0x685b682b,
0xe7f74798,
0x00000000,
0xf0d46cf4,
0xb5804b03,
0x6018af00,
0x6803b108,
0xbd804798,
0xf0d46cf4,
0xb5804b02,
0x6818af00,
0xbf00bd80,
0xf0d46cf4,
0x4604b598,
0xaf004803,
0xffd4f7ff,
0xf7ff4620,
0xbd98ffd1,
0x01000087,
0x4605b5b0,
0xaf004809,
0xf7ff460c,
0x4628ffc7,
0xffc4f7ff,
0xf7ff4806,
0x4620ffc1,
0xe9bef000,
0xffbcf7ff,
0xf7ff4803,
0xbdb0ffb9,
0x01000087,
0x01000080,
0x01000084,
0x4ff8e92d,
0xf8df4606,
0xf8dfa05c,
0xaf00b05c,
0x46044688,
0x0308eb06,
0xd301429c,
0x8ff8e8bd,
0x1f25480e,
0xff9ef7ff,
0x090cf104,
0xf0004620,
0xf7ffe99a,
0x4650ff97,
0xff94f7ff,
0x0f04f855,
0xe990f000,
0xff8ef7ff,
0xf7ff4658,
0x454dff8b,
0x4803d1f4,
0xf7ff3410,
0xe7dbff85,
0x01000081,
0x01000084,
0x0100008a,
0x0100008d,
0x00f00000,
0xe92d4800,
0xe28db004,
0xeb000091,
0xe8bd8800,
0xe59f300c,
0xe92d4800,
0xe28db004,
0xe5830000,
0xe8bd8800,
0xf0d46e00,
0xe59f300c,
0xe92d4800,
0xe28db004,
0xe5930000,
0xe8bd8800,
0xf0d46e00,
0xe59f3020,
0xe92d4800,
0xe28db004,
0xe5932080,
0xe3520000,
0x05930084,
0x016f0f10,
0x01a002a0,
0x13a00000,
0xe8bd8800,
0xf0050000,
0xe92d4800,
0xe30a3a55,
0xe1d003b0,
0xe28db004,
0xe0400003,
0xe16f0f10,
0xe1a002a0,
0xe8bd8800,
0xf022b580,
0x38040203,
0x440aaf00,
0xd1004291,
0xf851bd80,
0xf8403b04,
0xe7f73f04,
0x4604b5b0,
0xaf00460d,
0xfa34f000,
0xf6474b1a,
0x601a7224,
0x60144a19,
0x681a6055,
0x0201f042,
0x681a601a,
0x07d2681a,
0x086bd4fc,
0x1e594a14,
0x68124359,
0xeb010849,
0xb2894112,
0x4811b1b9,
0xfaa3f000,
0x48104621,
0xfa9ff000,
0x480f4629,
0xfa9bf000,
0x68134a0e,
0x0301f043,
0x4b0d6013,
0x601a4a0d,
0x68193a01,
0x601a430a,
0x4b0be7fe,
0x601a2203,
0xbf00bdb0,
0xf0188060,
0xf0188064,
0xf018806c,
0xf0d46fe0,
0xf0d46ff2,
0xf0d46ffb,
0xf0230070,
0xf0240000,
0x5a960002,
0xf01880a0,
0xf06f4b09,
0xb5800203,
0xaf004401,
0xf04f601a,
0x4a0633ff,
0x60536013,
0x22016093,
0x60184b04,
0xf8436059,
0xbd802c10,
0xf0180090,
0xf0180094,
0xf0180070,
0x22014b04,
0xaf00b580,
0x2200601a,
0x2c08f843,
0xbf00bd80,
0xf0180068,
0xb5804b06,
0x6818af00,
0x0001f010,
0x6859d005,
0xb2c94803,
0xfa43f000,
0xbd802001,
0xf0180068,
0xf0d47004,
0xe59f3018,
0xe92d4800,
0xe28db004,
0xe5933000,
0xe3130d06,
0x03a00001,
0x13a00000,
0xe8bd8800,
0xf0010000,
0x63656863,
0x6d75736b,
0x766e6920,
0x64696c61,
0x7766003d,
0x64646120,
0x66003d72,
0x69732077,
0x003d657a,
0x4d415244,
0x6f727020,
0x74636574,
0x74206465,
0x67676972,
0x2c647265,
0x00484320,
0xe2523020,
0xe262c020,
0x41a00230,
0x51a00331,
0x41800c11,
0xe1a01231,
0xe12fff1e,
0xe2523020,
0xe262c020,
0x41a01211,
0x51a01310,
0x41811c30,
0xe1a00210,
0xe12fff1e,
0xe59f3030,
0xe59f2030,
0xe00330a0,
0xe0400003,
0xe0003002,
0xe0020120,
0xe0833000,
0xe59f001c,
0xe0833223,
0xe0000003,
0xe0800400,
0xe0800800,
0xe1a00c20,
0xe12fff1e,
0x55555555,
0x33333333,
0x0f0f0f0f,
0x07824b0c,
0xaf00b580,
0xd503681b,
0x6380f443,
0x0304f043,
0xd5030741,
0x5380f443,
0x0310f043,
0xd5030702,
0x4380f443,
0x0340f043,
0x20004a01,
0xbd806013,
0xffe41004,
0xaf00b580,
0x0f50ee39,
0x6001f3c0,
0xb580bd80,
0xee10af00,
0xf0000fb0,
0xbd800003,
0xe51ff004,
0x01000001,
0xe51ff004,
0x01000021,
0xb5804b09,
0xaf004909,
0x69da4809,
0xf1011a52,
0xf7ff4171,
0xf000febd,
0xf000f875,
0x4805f901,
0xf984f000,
0xbd802000,
0xf0d40000,
0x0000a518,
0x01000000,
0x01000090,
0xb5904913,
0x680baf00,
0xf0130c1b,
0xd11d0001,
0x0207f003,
0xd11a2a02,
0x69a24c0e,
0x0001f012,
0xf013d015,
0xd0120008,
0xf4424b0b,
0x68187280,
0x0020f040,
0x68086018,
0x2000f420,
0x20016008,
0xf0416819,
0x60190104,
0xbd9061a2,
0xbd902000,
0xf0a50004,
0xf0d40070,
0xf0a50010,
0xb5804b05,
0x699baf00,
0xd50305da,
0x68134a03,
0xd4fc075b,
0xbf00bd80,
0xf0d40070,
0xf0a50010,
0xb5804b0b,
0x681baf00,
0xf0130c1b,
0xd10c0001,
0x0307f003,
0xd1092b02,
0x20014b06,
0xf240699a,
0x43931301,
0x2000bf18,
0x2000bd80,
0xbf00bd80,
0xf0a50004,
0xf0d40070,
0xb5804b04,
0x6819af00,
0x1a52681a,
0xd3fb4282,
0xbf00bd80,
0xf0100108,
0x2300b580,
0xee07af00,
0xee073f15,
0xf3bf3fd5,
0xf3bf8f4f,
0xbd808f6f,
0xaf00b5f0,
0x2802b158,
0x4b16d11f,
0x2300681a,
0x08524614,
0x2a013301,
0x4a13d8fb,
0x4b13e008,
0x4603681a,
0x08524614,
0x2a013301,
0x4a10d8fb,
0x0320f1c3,
0xc000f8d2,
0xfa022201,
0x2200f303,
0xdb0342a2,
0xf3bfb109,
0xbdf08f4f,
0x25004606,
0xdb024565,
0x44183201,
0x3640e7f2,
0x6f56ee07,
0xe7f53501,
0xf0d40f70,
0xf0d40f6c,
0xf0d40f78,
0xf0d40f74,
0x2100b580,
0xaf004608,
0xffc0f7ff,
0x20022100,
0xffbcf7ff,
0x8f4ff3bf,
0xb5f0bd80,
0xb158af00,
0xd11f2802,
0x681a4b16,
0x46142300,
0x33010852,
0xd8fb2a01,
0xe0084a13,
0x681a4b13,
0x46144603,
0x33010852,
0xd8fb2a01,
0xf1c34a10,
0xf8d20320,
0x2201c000,
0xf303fa02,
0x42a22200,
0xb109db03,
0x8f4ff3bf,
0x4606bdf0,
0x45652500,
0x3201db02,
0xe7f24418,
0xee073640,
0x35016f5e,
0xbf00e7f5,
0xf0d40f70,
0xf0d40f6c,
0xf0d40f78,
0xf0d40f74,
0x2100b580,
0xaf004608,
0xffbff7ff,
0x20022100,
0xffbbf7ff,
0x8f4ff3bf,
0xbf00bd80,
0x47f0e92d,
0x2a00af00,
0xf890d046,
0x2600e000,
0x5cc52301,
0x45ae1c5c,
0x5d05d13a,
0x0904eb00,
0xf801b945,
0x3302e006,
0x42933601,
0x4630d3f1,
0x87f0e8bd,
0xf04f464d,
0xf8150c00,
0xf0088b01,
0xf018037f,
0xea430f80,
0xeba51ccc,
0xd1f40309,
0x24004423,
0x0903eb00,
0xf815464d,
0xf0088b01,
0xf0180a7f,
0xea4a0f80,
0xeba514c4,
0xd1f40a09,
0x0806eb01,
0x46454453,
0xeba54264,
0x45cc0908,
0x4466d801,
0xf815e7d1,
0xf8059004,
0xe7f49b01,
0x4623558d,
0xe7c83601,
0xe8bd4610,
0xb59087f0,
0xaf006842,
0x20006804,
0x08524603,
0xd1014293,
0xbd90b280,
0x1013f834,
0x33014419,
0xe7f54408,
0x4a04b580,
0x7813af00,
0xd5fc069b,
0x70184b02,
0xbf00bd80,
0xf0110014,
0xf0110000,
0x1e41b580,
0xf811af00,
0xb9000f01,
0xf7ffbd80,
0xe7f8ffe9,
0xaf00b580,
0xfc62f7ff,
0xb598bd80,
0xaf00460c,
0xfc5cf7ff,
0xf7ff4805,
0x4620fc59,
0xe80af000,
0xfc54f7ff,
0xf7ff4802,
0xbd98fc51,
0x01000080,
0x01000084,
0xe51ff004,
0x01000021,
0x314c4342,
0x09000000,
0x4c1c0100,
0x86740000,
0xf8e92d86,
0x0d460443,
0x2caf0046,
0x6a469021,
0x03461e22,
0x80f8f6f0,
0x20212b22,
0xf1f00346,
0x2c22eaf8,
0xec0a0586,
0x07866af8,
0x00f8e70a,
0xe20a0786,
0x078600f8,
0x69f8dd28,
0xd8140786,
0xd33c0986,
0x0786e9f8,
0x0986ce14,
0x0986c93c,
0x0986c43c,
0xc8f8bf3c,
0xb1f54720,
0xdef895f8,
0x00228030,
0xc8140586,
0x422101f8,
0x0a048622,
0x68abf8b0,
0xd5060119,
0x081e0486,
0xb91e0786,
0x212380f8,
0x86461a21,
0xf8b30c04,
0xf2402380,
0x0e078653,
0x2300f8ac,
0x86692280,
0xf8a62605,
0x86692380,
0xf8a01807,
0x20dff895,
0x1805860d,
0xf895f887,
0x860e20e0,
0xf8810c05,
0x30e1f895,
0x860f2207,
0xf88d0e05,
0x20e2f895,
0x0c058610,
0xf895f874,
0x861120e3,
0xf86e0c05,
0x30e4f895,
0x86122207,
0x867a0e05,
0x86f00e05,
0xf8730e07,
0x30e5f895,
0x4620221f,
0xf0032113,
0xf8b5f86c,
0x4aad00e6,
0xf4202300,
0xf0206078,
0x4691000b,
0x0cc004c0,
0x1033f852,
0x0cc3ea4f,
0xf0404288,
0x4462812c,
0x3a036852,
0xeb092300,
0x684901c3,
0xf040428a,
0xf859812b,
0xf8959033,
0x211520e6,
0xf0224620,
0xea420274,
0xb2d20209,
0xf830f003,
0x20e7f895,
0x16058616,
0xea420210,
0x04862219,
0x95f82516,
0x1720e8f8,
0x02810586,
0xf895f81f,
0x861820e9,
0xf8190c05,
0x20eaf895,
0x0c058619,
0xf895f813,
0x861a20eb,
0xf80d0c05,
0x20ecf895,
0x0c05861b,
0xf895f807,
0x861c20ed,
0xf8010c05,
0x011a68ab,
0xf895d524,
0x216020ee,
0xf0024620,
0xf895fff8,
0x866120ef,
0xfff20c05,
0x20f0f895,
0x0c058662,
0xf895ffec,
0x866320f1,
0x02ef0c05,
0xffe4f002,
0x86644632,
0xffdf0e05,
0x20f3f895,
0x0c058665,
0xf895ffd9,
0x223f30f4,
0x0e058601,
0xf895ffe5,
0x220f30f5,
0x0e058602,
0xf895ffde,
0x220f30f6,
0x0e058604,
0xf895ffd7,
0x220f30f7,
0x0e058605,
0xf895ffd0,
0x221f30f8,
0x0e058606,
0xf895ffc9,
0x220f30f9,
0x0e058607,
0xf895ffc2,
0x223f30fa,
0x0e058609,
0xf640ffbb,
0x4598236a,
0x809bf300,
0x30fbf895,
0xb2db3b03,
0x860a223f,
0xffad1c05,
0xfe760586,
0x30fcf895,
0x860b221f,
0xffa31405,
0x20fdf895,
0x0c058620,
0xf895ff8a,
0x220f30fe,
0x0e058621,
0xf895ff96,
0x862220ff,
0xff7d0c05,
0x3100f895,
0x2123223f,
0x46203b01,
0xf002b2db,
0xf895ff87,
0x86272101,
0xff6e1e05,
0x3102f895,
0x86282207,
0xff7a0e05,
0x3103f895,
0x862d220f,
0x86730e05,
0x86700e05,
0xff6c0e07,
0x22402300,
0x04864619,
0x40ff660c,
0x05860023,
0xf0020085,
0xf44fff60,
0xf546707a,
0x2340ff3e,
0x1407863d,
0x0686ffa2,
0xf0020286,
0x860bff3e,
0x02168605,
0x8bff39f0,
0x340a0786,
0x860686ff,
0x2ff0022a,
0x46200aff,
0xabff21f5,
0x0b011b68,
0x404632d5,
0x05868ef2,
0x32ff2318,
0x27f44f46,
0x0c048671,
0xe8bdff1d,
0x330183f8,
0xf47f2b17,
0x480eaec9,
0xf8e5f003,
0xe6cc2200,
0xcb120686,
0x4f480bae,
0x030900f0,
0xccf8daf0,
0x75f640e6,
0x03459833,
0xfbf895dc,
0x5f3b0530,
0x48f5b8e7,
0x62f73f6f,
0x80e757af,
0x38f1002e,
0x46f1002f,
0xf8f1002f,
0x880886b5,
0x6a461616,
0xecf00222,
0x870686fe,
0xe7f00258,
0x880686fe,
0xe2f00214,
0x870686fe,
0xddf00258,
0x810886fe,
0x86fed82e,
0xd3568108,
0x880686fe,
0xcef00214,
0xc93c0986,
0x880686fe,
0xc4f00214,
0xbf3c0986,
0xba3c0986,
0xb53c0986,
0x4620c8fe,
0x86fea7f5,
0x0214880a,
0x20febef0,
0x01224246,
0xa6f00221,
0x1868abfe,
0x14880d86,
0xfeaff002,
0x14880886,
0xfea9f002,
0x14880a86,
0xfea2f002,
0x14880886,
0xfe9cf002,
0x14880886,
0xfe96f002,
0x14880886,
0xfe7df002,
0x14880886,
0xfe77f002,
0x14880a86,
0xfe83f002,
0x14880886,
0xfe6af002,
0x14880886,
0xfe64f002,
0x14880a86,
0x8670f002,
0x06860e05,
0xf0021488,
0x0686fe69,
0x86131488,
0xfe620e05,
0x58870886,
0xfe49f002,
0x4e870886,
0xfe43f002,
0x44870886,
0xfe3df002,
0x44870886,
0xfe37f002,
0x44870886,
0xfe31f002,
0x44870886,
0xfe2bf002,
0x44870886,
0xfe25f002,
0xf895211c,
0x048620ed,
0xabfe1f0c,
0x22011968,
0x44870b86,
0x0a86fe16,
0xfe104487,
0x44870a86,
0x0a86fe0a,
0xfe044487,
0x40870886,
0x0a86fdff,
0xfdf94087,
0x40870c86,
0x0c86fe05,
0xfdfe4087,
0x40870c86,
0x0c86fdf7,
0xfdf04087,
0x40870c86,
0x0c86fde9,
0xfde24087,
0x40870c86,
0xf895fddb,
0x088630fb,
0xfdd43287,
0x0c060486,
0x870c86fd,
0x86fdca32,
0xb132870a,
0x870c86fd,
0x86fdbd32,
0xa432870a,
0x870886fd,
0x0e048632,
0x0a86fdb0,
0xfd972e87,
0x2e870c86,
0x0c86fda3,
0x869c2e87,
0x08860e05,
0xfd952e87,
0x2e870a86,
0x0a86fd8f,
0xfd892e87,
0x2e870686,
0x0a86fd67,
0xfdcb2e87,
0x1c850886,
0x0886fd67,
0xfd622e87,
0x2e870886,
0x0886fd5d,
0xfd584485,
0xf546200a,
0x68abfd4a,
0x870d861a,
0x86fd4c2e,
0x462e870a,
0x1b68abfd,
0x40850586,
0x22023105,
0x20058666,
0xbdf8fd4f,
0x41f0e92d,
0x4604460e,
0xbba0af00,
0x4a1c4b1b,
0x681b491c,
0x68086812,
0xea400400,
0x43182002,
0x43582360,
0x3300f44f,
0xf0f3fb90,
0xfdeef006,
0x02ad4605,
0xf0454620,
0xf0020880,
0x4643fc62,
0x46202206,
0xf0044611,
0x2001f9d6,
0xfd08f546,
0x0306ea48,
0xcc140886,
0x0a0486f9,
0x0306ea45,
0xc50e0486,
0x740486f9,
0xe8bdfc40,
0x200081f0,
0xbf00e7d2,
0xf0234420,
0xf0234424,
0xf0234428,
0x22f0b580,
0x1149f240,
0x2001af00,
0xfceff002,
0x4b0e0486,
0x0c048611,
0x22f0fce9,
0x71a5f44f,
0xe30c0486,
0xa60c0586,
0xdd0c0586,
0x402200fc,
0x058629f2,
0x00fcd724,
0x95f44f22,
0xd1180586,
0x2b180586,
0xcb180586,
0x250c0586,
0xc50c0586,
0x022300fc,
0x8621e122,
0xfcd20c04,
0x23002201,
0x21e14610,
0x86ccf002,
0x86e31805,
0x86c61805,
0x21e31807,
0xfcc0f002,
0x22402300,
0x180586e5,
0x2300fcba,
0x0c078620,
0x300586b4,
0x0c0586d8,
0x300786ae,
0xf00221d8,
0x2300fca8,
0x86d72280,
0x86a21805,
0x06863c05,
0x05869c0c,
0x0c06863c,
0x24058696,
0x0c0586be,
0x48058690,
0x8a180686,
0x004b01fc,
0x80601a22,
0x030100bd,
0xf0e92df0,
0x0d46044f,
0x06b08f46,
0xf2f891af,
0xfa60ba80,
0x40607b6c,
0x9a236af6,
0x2df04f42,
0x32bfd803,
0x0060fb23,
0x3b613b23,
0x3b330169,
0x90f8d561,
0x40f3c330,
0x9ab2de23,
0x1368ab46,
0x015380f0,
0x4f856ff0,
0x000b02f0,
0x6ef0412e,
0x7b230185,
0xe1230361,
0x56840786,
0x2303fc54,
0x0c0786e3,
0x2360fc4e,
0x461a4620,
0xf00221e5,
0x68abfc48,
0xf14000d8,
0x2e008084,
0x8557f001,
0xf0024879,
0x86fcfdfc,
0x86168305,
0xfc008805,
0x4b0c0486,
0x1f0c0586,
0x058630fc,
0x04861483,
0x0586190c,
0x0586a60c,
0x0786130c,
0x04861483,
0x07860d0c,
0x04861483,
0x0786070c,
0x04861483,
0x0586010c,
0x05869618,
0x02fbfb18,
0x18810986,
0x8601fc08,
0xfc020c09,
0x81098602,
0x01fbfc24,
0xf60c0986,
0xe52340fb,
0xf00c0786,
0x098620fb,
0x02fbea0c,
0x0786d823,
0x01fbe40c,
0xde0c0986,
0xd72380fb,
0xd80c0786,
0x058640fb,
0x04861483,
0x20fbd20c,
0xcc180986,
0xbe2380fb,
0xc60c0786,
0x098602fb,
0x80fbc018,
0x07863123,
0x00fbba0c,
0x31224f23,
0xb43c0586,
0xff2300fb,
0x05863222,
0x0586ae0c,
0x0586330c,
0x0586a80c,
0x0586340c,
0x00fba20c,
0x35221f23,
0x00880686,
0x36180586,
0x00900686,
0x370c0586,
0x900c0586,
0x380c0586,
0x26900686,
0x390c0586,
0x840c0586,
0x0f2300fb,
0x05863a22,
0x00fb7e0c,
0xd5223f23,
0x780c0586,
0x3f2310fb,
0x0586d622,
0x0afb720c,
0x51f54620,
0x072306fb,
0x14f44f22,
0x4c820586,
0x2300fb68,
0x88078610,
0x40fb625a,
0x07860123,
0xfb5c3c81,
0x06866cfa,
0x68bb3c84,
0x030ff003,
0x84e1f341,
0xf3012b01,
0x230084d2,
0x2f5ae001,
0x2230f100,
0x560586bf,
0x2300fb47,
0x86bd2201,
0x86410c05,
0x3b16820b,
0xa0f895fb,
0xbc220c30,
0x26900686,
0x672288fb,
0x1c0a0586,
0x68224afb,
0x170a0586,
0x10810586,
0x2301fb09,
0x340786bd,
0xf44ffb21,
0xf54670fa,
0x8680faff,
0x63508909,
0x04210cfb,
0x0a048622,
0x68abfe27,
0x4620687a,
0xbf480119,
0xbf582104,
0xf0022103,
0x8f098682,
0x86faf032,
0xeb6e8908,
0x890886fa,
0x86fae66e,
0xe10c8a08,
0x890886fa,
0x95fadc78,
0x8030f7f8,
0x108c0786,
0x86fffae8,
0xcf2c8509,
0x860c0586,
0xc92c8506,
0xa1f895fa,
0x85088620,
0x95fac22e,
0x8620a2f8,
0xbb308508,
0x062380fa,
0x1e810786,
0xf895fac8,
0x227f30a3,
0x86a3f44f,
0xfac01c05,
0x30a4f895,
0xf240227f,
0x48058617,
0xf895fab8,
0x100586a5,
0x10058613,
0xf895fab0,
0x227f30a6,
0x7e0586f4,
0xf895faa9,
0x1e0586a7,
0x1e058601,
0xf895faa1,
0x100586a8,
0x10058645,
0xf895fa99,
0x227f30a9,
0x2e0586ef,
0xf895fa92,
0x227f30aa,
0x0e0586f5,
0xf895fa8b,
0x220730ab,
0x860ff240,
0xfa832c05,
0x30acf895,
0xf44f2207,
0x81058681,
0x95fa7b0a,
0x7030adf8,
0x83f44f22,
0x73100586,
0xaef895fa,
0x40227030,
0x058621f2,
0x95fa6b30,
0x0730aff8,
0x0686ee22,
0x95fa2690,
0x0586b0f8,
0x05869d2e,
0x00fa5c2e,
0x5c048623,
0x2c058611,
0x0e058655,
0x8682f44f,
0x864e1c05,
0x86850e07,
0xfa470e05,
0x04862300,
0x05861956,
0x0586402a,
0x84f44f0e,
0x391c0586,
0xb1f895fa,
0x14810586,
0x31100686,
0xb2f895fa,
0xe7227030,
0x2a740586,
0xb3f895fa,
0xec220730,
0x26940686,
0xb4f895fa,
0x4022e030,
0x058603f2,
0x95fa1b4a,
0x0586b5f8,
0x0686913c,
0x95fa2688,
0x0730b6f8,
0x0586f322,
0x00fa0c2e,
0xed22e023,
0x060c0586,
0xf7740586,
0x000c0586,
0x00810786,
0x34058687,
0x0686f9f9,
0x86922a81,
0xf9f20e05,
0x2a810686,
0x60058647,
0xf895f9eb,
0x220f310a,
0x863bf240,
0xf9e31005,
0x310bf895,
0xf44f22f0,
0x2e058690,
0xf895f9db,
0x048630b5,
0x81068610,
0x95f9d300,
0x05860cf8,
0x0586a220,
0x95f9cb10,
0x058608f8,
0x05868e10,
0x95f9c310,
0x0f30b0f8,
0x42820986,
0xf895f9bb,
0x220f30b7,
0x880686f2,
0xf895f900,
0x048630b8,
0x05861b6e,
0x95f9ac6e,
0x0f30b9f8,
0x0586e822,
0x95f9a51e,
0x0586baf8,
0x05868d3c,
0x95f99d3c,
0x0586bbf8,
0x05868910,
0x95f99510,
0xf030bcf8,
0x4df24022,
0x8d3e0586,
0xbdf895f9,
0x1c810586,
0x200586a7,
0xf895f985,
0x0486310d,
0x05860520,
0x95f97d20,
0x05860ef8,
0x06861c81,
0xf9752483,
0x86c2f895,
0x86414005,
0x866d2005,
0x864c8105,
0x06866004,
0xf9654c81,
0x8607f895,
0x430c8205,
0x5d200586,
0x0ff895f9,
0x07500586,
0x00840686,
0xbef895f9,
0xf0220f30,
0x2e810586,
0xf895f94e,
0x810586bf,
0x0586154c,
0x95f9461e,
0x0586c0f8,
0x86800e81,
0xf93e4e05,
0x86c1f895,
0x06861005,
0x86363084,
0x04867e05,
0x7e068630,
0x6e05862e,
0x865e0486,
0x86266e06,
0x861c8205,
0x06861004,
0xf91e1c82,
0x86abf895,
0x06861005,
0x86165a85,
0x0f6a8205,
0x6a820986,
0x8205860e,
0x6004861e,
0x1e820686,
0xf895f906,
0x22f03109,
0x940686ea,
0xf895f826,
0x840586c3,
0x0586a138,
0x95f8f71e,
0x0586baf8,
0x06865a85,
0xf8ef5c82,
0x86aef895,
0x86388605,
0xe7088606,
0xacf895f8,
0x86200586,
0xdf388606,
0xc4f895f8,
0xf1220730,
0x26980686,
0xc5f895f8,
0x4f22e030,
0x05869cf4,
0x95f8d01e,
0x0586c6f8,
0x05868c5e,
0x95f8c810,
0x0586c7f8,
0x0586394e,
0x0586c04e,
0x09867010,
0x95f8b810,
0x0586c8f8,
0x0586a45e,
0x86f8b030,
0x867e8a06,
0xa9208506,
0x058660f8,
0x86091285,
0x86a22c05,
0x86e00e05,
0x86008c06,
0x06862805,
0x0786960c,
0x05860b26,
0x07868f26,
0x87068642,
0x11f88856,
0x0686db22,
0x11f85a97,
0x0586dc22,
0x86f86b0a,
0x263c8b10,
0x012b0182,
0x008204f3,
0xd822fc23,
0x009c0686,
0x0f2300f8,
0x0586d922,
0x95f8660c,
0xc120c9f8,
0x4d0c0586,
0xdb682bf8,
0x04d51a01,
0x07866623,
0x86576289,
0x5238a105,
0x500e0786,
0x510e0586,
0x490e0786,
0x0b8640f8,
0x95f8421c,
0xc220caf8,
0x29480586,
0x300c0486,
0x21712240,
0x030ff003,
0x3b064620,
0xbf882b05,
0xbf982340,
0xf0022300,
0x1e05862d,
0x21712280,
0x091b4620,
0x801c0686,
0x1f1c0786,
0xcbf895f8,
0xc3220f30,
0x18480586,
0x400e0586,
0x15867022,
0x60f80948,
0x07860723,
0x95f8037e,
0xc420ccf8,
0x01462021,
0x95ffeaf0,
0xc520cdf8,
0xe40c0586,
0xccf895ff,
0x3e048630,
0x413c0486,
0x1081a4f2,
0x05868e23,
0xe9f00134,
0x012301ff,
0x05868f22,
0x0586e328,
0x81068628,
0x9af2410e,
0x09862081,
0x02ffd626,
0x07860223,
0x0486d026,
0x4e0b865a,
0x8640818f,
0xffc22809,
0x86042304,
0x86bc2807,
0x08862805,
0x8081854e,
0xaf260986,
0x082308ff,
0xa9260786,
0xcef895ff,
0x0586c620,
0x95ff900c,
0xc720cff8,
0x8a0c0586,
0xd0f895ff,
0x0586c820,
0x95ff840c,
0xc920d1f8,
0x7e0c0586,
0xca2200ff,
0x790a0586,
0xcb2200ff,
0x740a0586,
0xcc2200ff,
0x6f0a0586,
0xcd2200ff,
0x6a0a0586,
0xce2200ff,
0x650a0586,
0xcf2200ff,
0x600a0586,
0xd02200ff,
0x5b0a0586,
0xd12200ff,
0x560a0586,
0x40230fff,
0x86115ff2,
0x621a8106,
0x650e0586,
0x5b0e0786,
0xd2f895ff,
0x61f24020,
0x0e048611,
0xf895ff41,
0xf44f20d3,
0x048671b1,
0x95ff3a0e,
0x4020d4f8,
0x058663f2,
0x95ff331c,
0x4f20d5f8,
0x0586b2f4,
0xf0ff2c1c,
0x05869e22,
0x95ff275e,
0x9220d6f8,
0x210c0586,
0xd7f895ff,
0x05869320,
0x95ff1b0c,
0x4020d8f8,
0x0586bbf2,
0x95ff140e,
0x4f20d9f8,
0x05862ff4,
0x60ff0d3e,
0x07869423,
0xff1a2a82,
0x86d423c0,
0x04860c07,
0x9120db26,
0xfb320586,
0xdcf895fe,
0x0586d220,
0x95fef50c,
0xd320ddf8,
0xef0c0586,
0x810586fe,
0x9e05861c,
0x05863146,
0x0afef912,
0xd8f54520,
0xe62308fe,
0xf0480786,
0xcf120586,
0x1368abfe,
0x016300f0,
0x0080c1f0,
0x0c220423,
0x74860686,
0x098601ff,
0x02ff960c,
0x900c0986,
0x930886ff,
0xd0f00154,
0xaf400586,
0x082300fe,
0x0586e622,
0x0586c764,
0xaefea612,
0x00f01668,
0x01d17566,
0x14f44f23,
0x2e068671,
0x1c0586b9,
0x8606fe98,
0xfeaf140b,
0x46312310,
0xa90c0686,
0xa30c0b86,
0x920886fe,
0x9df0017e,
0x864633fe,
0x01549206,
0x86fe97f0,
0x01549208,
0x86fe91f0,
0x0154920a,
0x86fe8af0,
0x01549206,
0x86fe72f0,
0x01549206,
0x05866df0,
0x86fe5f72,
0x01549208,
0x4ffe77f0,
0x4570faf4,
0x33fe55f5,
0x05861046,
0x0886229e,
0x10fe4c26,
0x07860223,
0x05866426,
0xfd9c3c82,
0x78920886,
0xfea7f001,
0x82078603,
0x31f96b00,
0x62860586,
0x0686feac,
0xfea86e9e,
0x689e0686,
0x820b86a4,
0x0586446a,
0x0b862352,
0x863b6a82,
0xfe1a1205,
0x3106f895,
0xf44f2240,
0x83058622,
0x05863060,
0x09861010,
0x05862810,
0x09862010,
0xd5fe2010,
0x40309cf8,
0x8af24022,
0x03f00321,
0x01462003,
0x40bf082b,
0x00bf1823,
0x11f00123,
0x0c2e0586,
0x092e0986,
0x1e68abfe,
0x86d40f01,
0xfdfe540e,
0x86daf895,
0x26148b05,
0x10048641,
0x0486fdf6,
0x0ff00354,
0x402b0103,
0xfb87d7f0,
0xaaf00148,
0x4f2208ff,
0x866184f4,
0xfdd32004,
0xf2402220,
0x2c058621,
0x0486fdcd,
0x0586227c,
0x02fdc70c,
0x23f24022,
0xc10c0586,
0x402253fd,
0x058624f2,
0x16fdbb0c,
0x25f24022,
0xb50c0586,
0x1968abfd,
0x24f14101,
0xfa464380,
0x2046296c,
0xaaf7fe46,
0x98f8d5fc,
0x4007da30,
0xe1832ef1,
0x74f00148,
0x34f895ff,
0x40227f31,
0x058675f2,
0xfdae3086,
0x3135f895,
0xf44f227f,
0x810586bb,
0x95fda630,
0x058636f8,
0x05867720,
0x95fd9e20,
0x058637f8,
0x0586bc20,
0x95fd9620,
0x058638f8,
0x05867920,
0x95fd8e20,
0x058639f8,
0x0586bd20,
0xfd008620,
0x863af895,
0x867b2005,
0xfd7e2005,
0x863bf895,
0x86be2005,
0xfd762005,
0x863cf895,
0x867d2005,
0xfd6e2005,
0x863df895,
0x86871005,
0xfd661005,
0x863ef895,
0x86c43005,
0xfd5e3005,
0x863ff895,
0x86892005,
0xfd562005,
0x8640f895,
0x86c52005,
0xfd4e2005,
0x8641f895,
0x868b2005,
0xfd462005,
0x8642f895,
0x86c62005,
0xfd3e2005,
0x8643f895,
0x868d2005,
0xfd362005,
0x8644f895,
0x86c72005,
0xfd2e2005,
0x8645f895,
0x868f2005,
0xfd262005,
0x8646f895,
0x86991005,
0xfd1e1005,
0x8647f895,
0x86cd3005,
0xfd163005,
0x8648f895,
0x869b2005,
0xfd0e2005,
0x8649f895,
0x86ce2005,
0xfd062005,
0x864af895,
0x869d2005,
0xfcfe2005,
0x864bf895,
0x86cf2005,
0xfcf62005,
0x864cf895,
0x869f2005,
0xfcee2005,
0x864df895,
0x86d02005,
0xfce62005,
0x864ef895,
0x86a12005,
0xfcde2005,
0x864ff895,
0x86ab1005,
0xfcd61005,
0x8650f895,
0x86d63005,
0xfcce3005,
0x8651f895,
0x86ad2005,
0xfcc62005,
0x8652f895,
0x86d72005,
0xfcbe2005,
0x8653f895,
0x86af2005,
0xfcb62005,
0x8654f895,
0x86d82005,
0xfcae2005,
0x8655f895,
0x86b12005,
0xfca62005,
0x8656f895,
0x86d92005,
0xfc9e2005,
0x8657f895,
0x86b32005,
0xfc962005,
0xf24023f0,
0x8b07865d,
0xf0fc8f18,
0xdaf44f23,
0x4e880786,
0x2310fc88,
0x86dbf44f,
0xfc810e07,
0x22102300,
0x86100486,
0xfc7a0e04,
0x1c0b8620,
0xa0058673,
0x1c088652,
0x8640fc6c,
0x86651c0b,
0x867aa005,
0xfc5e1c08,
0x1c0b8680,
0xa0058657,
0x1c08867e,
0x2301fc50,
0x86b7f240,
0x490c8107,
0x012300fc,
0x10048622,
0x420e0486,
0x0b8602fc,
0x05863b1c,
0x08862aa1,
0x04fc341c,
0x2d1c0b86,
0x042300fc,
0x261c0986,
0x0b8608fc,
0x00fc1f1c,
0x09860823,
0x10fc181c,
0x111c0b86,
0x60810586,
0x0a1c0886,
0xb91c0586,
0x031c0786,
0xb91c0786,
0xfc1c0586,
0x058620fb,
0x77e0031c,
0x87f1002f,
0x86f1002f,
0xfb008c07,
0x86202300,
0xfbe92609,
0x420b8640,
0x2300fbe2,
0x1c098640,
0x8680fbdb,
0xfbd41c0b,
0x86802300,
0xfbcd1c09,
0xf44f2301,
0x820786dd,
0x0586c622,
0x0486029e,
0x0e048610,
0x8602fbbf,
0xfbb81c0b,
0x86022300,
0xfbb11c09,
0x1c0b8604,
0x2300fbaa,
0x1c098604,
0x8608fba3,
0xfb9c1c0b,
0x86082300,
0xfb951c09,
0x1c0b8610,
0x9f05868e,
0x1c088634,
0x1c058687,
0x1c0786de,
0x1c078680,
0x1c0586de,
0x8620fb79,
0x86721c0b,
0x867c8105,
0xfb6b1c08,
0x1c0b8640,
0x81058664,
0x1c08867c,
0x8680fb5d,
0x86561c0b,
0x867c8105,
0xfb4f1c08,
0xf2402301,
0x820786bd,
0x05864818,
0x04867c81,
0x90058610,
0x8602fb26,
0x863a1c0b,
0x867c8105,
0xfb331c08,
0x1c0b8604,
0x8105862c,
0x1c08867c,
0x8608fb25,
0x861e1c0b,
0x867c8105,
0xfb171c08,
0x1c0b8610,
0x81058610,
0x1c088660,
0x70058609,
0x1c0786bf,
0x70078602,
0x1c0586bf,
0x0486fafb,
0x1c088670,
0x0686faf4,
0x1c068670,
0x0486faed,
0x1c088670,
0x0686fae6,
0x1c068670,
0x0486fadf,
0x1c088670,
0x0686fad8,
0x1c068670,
0x8620fad1,
0xfaca1c0b,
0x4c840686,
0xc31c0686,
0x0b8640fa,
0x86fabc1c,
0x864c8406,
0xfab51c06,
0x1c0b8680,
0x0686faae,
0x06864c84,
0x0586a71c,
0x81088638,
0x0786a060,
0x81068638,
0x05869960,
0x1c088638,
0x38078692,
0x8b1c0686,
0x98f8d5fa,
0x4006db30,
0xfd832df1,
0x41f00148,
0x10f895fc,
0x46880586,
0x830586b6,
0x95fa7b28,
0x058611f8,
0x866d4688,
0xfa733005,
0x8612f895,
0x86b72005,
0xfa008406,
0x8613f895,
0x866f2005,
0xfa632005,
0x8614f895,
0x86b82005,
0xfa5b2005,
0x8615f895,
0x86712005,
0xfa532005,
0x8616f895,
0x86b92005,
0xfa4b2005,
0x8617f895,
0x86732005,
0xfa432005,
0x8618f895,
0x86ba2005,
0xfa3b2005,
0x8619f895,
0x86bf1005,
0xfa331005,
0x861af895,
0x867f3005,
0xfa2b3005,
0x861bf895,
0x86c02005,
0xfa232005,
0x861cf895,
0x86812005,
0xfa1b2005,
0x861df895,
0x86c12005,
0xfa132005,
0x861ef895,
0x86832005,
0xfa0b2005,
0x861ff895,
0x86c22005,
0xfa032005,
0x8620f895,
0x86852005,
0xf9008406,
0x8621f895,
0x86c32005,
0xf9f32005,
0x8622f895,
0x86c81005,
0xf9eb1005,
0x8623f895,
0x86913005,
0xf9e33005,
0x8624f895,
0x86c92005,
0xf9db2005,
0x8625f895,
0x86932005,
0xf9d32005,
0x8626f895,
0x86ca2005,
0xf9cb2005,
0x8627f895,
0x86952005,
0xf9008406,
0x8628f895,
0x86cb2005,
0xf9bb2005,
0x8629f895,
0x86972005,
0xf9b32005,
0x862af895,
0x86cc2005,
0xf9ab2005,
0x862bf895,
0x86d11005,
0xf9008806,
0x862cf895,
0x86a33005,
0xf99b3005,
0x862df895,
0x86d22005,
0xf9932005,
0x862ef895,
0x86a52005,
0xf9008406,
0x862ff895,
0x86d32005,
0xf9832005,
0x8630f895,
0x86a72005,
0xf97b2005,
0x8631f895,
0x86d42005,
0xf9732005,
0x8632f895,
0x86a92005,
0xf96b2005,
0x8633f895,
0x86d52005,
0xf9632005,
0x8c0b860f,
0xf0f95c58,
0x0c980b86,
0x2301f955,
0x86b5f240,
0xf94e0e07,
0x74870686,
0x480586b5,
0x8602f947,
0xf9401c0b,
0x04870686,
0x391c0686,
0x0b8604f9,
0x86f9321c,
0x86048706,
0xf92b1c06,
0x1c0b8608,
0x0686f924,
0x06860487,
0x10f91d1c,
0x161c0b86,
0x870686f9,
0x1c068604,
0x8620f90f,
0xf9081c0b,
0x04870686,
0x011c0686,
0x0b8640f9,
0x86f8fa1c,
0x864c8606,
0x86f31c06,
0x863a9d05,
0x86ec1c08,
0x8600bf05,
0xf8e51c08,
0x8d0b8601,
0x86f8de72,
0x86508b06,
0xd7728d06,
0xdc1c0586,
0xd01c0786,
0xdc1c0786,
0xc91c0586,
0x0b8602f8,
0x86f8c21c,
0x866c8b06,
0xf8bb1c06,
0x1c0b8604,
0x0686f8b4,
0x06866c8b,
0x08f8ad1c,
0xa61c0b86,
0x8b0686f8,
0x1c06866c,
0x8610f89f,
0xf8981c0b,
0x508b0686,
0x911c0686,
0x098620f8,
0x00e0021c,
0x002f91bf,
0x86f001f1,
0x0686f800,
0x0686588b,
0x40f87f24,
0x78400b86,
0x04820586,
0x711c0886,
0x0b8680f8,
0x05866a1c,
0x08860482,
0x01f8631c,
0x708d0b86,
0x8105865c,
0x8d088668,
0x05865570,
0x0886bb1c,
0x07860084,
0x0686bb1c,
0x02f80084,
0x401c0b86,
0x04820586,
0x391c0886,
0x0b8604f8,
0x0586321c,
0x08860482,
0x08f82b1c,
0x241c0b86,
0x04820586,
0x1d1c0886,
0x0b8610f8,
0x0586161c,
0x08860482,
0x20f80f1c,
0x081c0b86,
0x7c810586,
0x011c0886,
0x10a10586,
0x001c0686,
0x0586faf0,
0x068664bd,
0xf3f0001c,
0x0b8680ff,
0x86ffec1c,
0x86008406,
0xffe51c06,
0x8d098601,
0xdef00070,
0x830686ff,
0x8671de64,
0x86d70e04,
0x86df1c05,
0x86d01c07,
0x86df1c07,
0xffc91c05,
0x1c0b8602,
0x0686ffc2,
0x06860084,
0x04ffbb1c,
0xb41c0b86,
0x840686ff,
0x1c068600,
0x8608ffad,
0xffa61c0b,
0x00840686,
0x9f1c0686,
0x0b8610ff,
0x86ff981c,
0x86008406,
0xff911c06,
0x1c0b8620,
0x0686ff8a,
0x06867883,
0x40ff831c,
0x7c1c0b86,
0x7c810586,
0x751c0886,
0x0b8680ff,
0x05866e1c,
0x08867c81,
0x01ff671c,
0x1c8d0986,
0x8660f000,
0x86608105,
0x001c8d06,
0xe0ff59f0,
0xaeb3734b,
0x80f01668,
0x42d12a56,
0x99068646,
0x33f84660,
0x5422c046,
0x22048621,
0x4633ff48,
0x06864632,
0xfd89289c,
0x28004681,
0x81aef040,
0xf04f48d3,
0xf0010b04,
0xf8c7f8f7,
0x08869014,
0xf7fd1a9a,
0x9b05861d,
0x00d50530,
0xb8068623,
0x28f0004e,
0x00f1baff,
0x4f4ec80f,
0x180304f0,
0x4f469bbf,
0x860900f0,
0xd0031204,
0x45992302,
0x4699bfb8,
0x8614464a,
0xfd5ec206,
0xda022800,
0xf0014630,
0xf109f8cc,
0x45cb0901,
0x0486dcea,
0x3a08862a,
0x04862600,
0xa2f0000e,
0xb82e0282,
0x022602bf,
0xcdf8952e,
0xcff89520,
0xe3f04030,
0x0ff00382,
0x4fe29b03,
0xfe0b04f0,
0xc7ba93f7,
0xfeb014f8,
0xabba90f7,
0xa5f00148,
0x0786f3f8,
0xf00002b0,
0x0486fece,
0x05864b0c,
0xc0fec80c,
0x2eb50786,
0x86c2f000,
0x86a60c05,
0xfebc0c05,
0x06864632,
0xf0002eb5,
0x4632feb6,
0x2eb50686,
0x86b0f000,
0x862b1805,
0x86aa1805,
0x86961805,
0xfea41805,
0x2eb50886,
0xfeb1f000,
0x2eb50886,
0xfeabf000,
0x22024633,
0x820586e3,
0x0586a506,
0x0686709f,
0x86fe9f0c,
0x002eb508,
0x86fe99f0,
0x002eb508,
0x86fe93f0,
0x002eb508,
0x86fe8df0,
0x002eb508,
0x86fe87f0,
0x002eb508,
0x33fe81f0,
0xa7f7fe46,
0x022b06ba,
0xfe2310dc,
0x0bbb2df7,
0x20bfd82b,
0x30bfc823,
0x26f7fe23,
0xf32b04bb,
0xf52b09dd,
0x082b06e7,
0x078654dc,
0xf0000ca8,
0x2305fe66,
0xbdf8f7fe,
0xdc082b0b,
0x160986a8,
0x230afe5b,
0xbdedf7fe,
0x6a0986fc,
0x230ffe52,
0xbde4f7fe,
0xdde02b04,
0xe7e82b09,
0x22102300,
0x2c05868e,
0x2300fe45,
0xbe5af7fe,
0x86202300,
0x863c1207,
0xbe641205,
0x86402300,
0x86331207,
0xbe6f1205,
0x86802300,
0x862a1207,
0xbe791205,
0x68a00686,
0xfedcf001,
0x08862301,
0x02fed60c,
0xfe220323,
0x02bf3ef7,
0x10d1202b,
0x2c9f0786,
0xfdfdf000,
0x9f078680,
0xf7f0002c,
0x389f0586,
0x0c058622,
0x8600fdf1,
0x002c9f07,
0x74fdebf0,
0x2c9f0786,
0xfde5f000,
0xf7ff2285,
0x2b03b828,
0x8602d120,
0xfdda4609,
0x46098608,
0x8610fdd4,
0x86ce4609,
0x06865e05,
0x31fdc846,
0xc2460986,
0xff2274fd,
0x00b805f7,
0xb9420986,
0x864620fd,
0xf0002c06,
0x68abfdb3,
0xd50d0118,
0xaa540a86,
0xa4540b86,
0xda2238fd,
0x100486e7,
0x9c1c0686,
0x56a00586,
0x961c0686,
0x098648fd,
0x71fd9064,
0xd3f7fe22,
0x860686bf,
0x93f7fd66,
0xdbf7fefe,
0x00bf00bf,
0x9b000000,
0xc7f1002f,
0x69f1002f,
0x86f1002f,
0x005cba08,
0x058677f0,
0x068668ba,
0xfd712e85,
0x5cba0886,
0x866bf000,
0x06860c05,
0xfd652e85,
0x2e850a86,
0xbf05865f,
0x8506865a,
0x0586592e,
0x85068618,
0x0586532e,
0x85068618,
0x86fd4d2e,
0x5a2e850a,
0x850a86fd,
0x86fd542e,
0x005cba08,
0x86fd4ef0,
0x005cba08,
0x86fd48f0,
0x422e850a,
0x850a86fd,
0x86fd3c2e,
0x362e850a,
0x850a86fd,
0x86fd302e,
0x2a2e850a,
0x098640fd,
0x86fd240c,
0x005cba08,
0x86fd1ef0,
0x0072a508,
0x86fd18f0,
0x005cba08,
0x40fd12f0,
0x88088623,
0x10fd0c78,
0x07863023,
0x02fd060c,
0x89088623,
0x38fb4704,
0x4f48ccb9,
0x000a01f0,
0x02feb8f0,
0xbf617b23,
0x870a86e5,
0x86fcde60,
0xd860870a,
0x870a86fc,
0x0586d260,
0x8206860c,
0x86fccc32,
0xc632820a,
0x820a86fc,
0x0586c032,
0x82068618,
0x0586ba32,
0x82068618,
0x86fcb432,
0xc132820a,
0x0ebd0986,
0xfcbbf000,
0x60870a86,
0x0a86fcb5,
0xfcaf6087,
0x32820a86,
0x0a86fca9,
0xfca33282,
0x32820a86,
0x0a86fc9d,
0xfc973282,
0x32820a86,
0x4633fc91,
0x0ebd0686,
0xfc8bf000,
0x32820a86,
0x0a86fc85,
0xfc7f3282,
0x32820a86,
0x0a86fc79,
0xfc733282,
0x08864633,
0xfc6d3282,
0x82098601,
0x00faae32,
0x75f04028,
0x86487f82,
0xf07cbf05,
0x2301fe1d,
0xb94ee763,
0x30cef895,
0x20ccf895,
0x030ff003,
0x020ff002,
0xe00c1a9b,
0xf47f2e01,
0x0a86ad53,
0x0203f01a,
0x9b02f0f0,
0xaa111b1a,
0x6ab00586,
0x6200f012,
0x2200d035,
0x92039301,
0x9202230a,
0x9300210c,
0x46332204,
0xf0064620,
0x2800fce1,
0x4867d037,
0xfdecf000,
0x20b10886,
0x693bdd1e,
0xf10007da,
0xf895812b,
0x221c80f2,
0x46112300,
0xf000485f,
0x221cfcbf,
0x46112301,
0xf000485c,
0x0486fcb9,
0xfdfdd206,
0x86bfa3f7,
0x2603720a,
0xe7c4111b,
0x9203e7fe,
0x9202210c,
0x93014620,
0x230a2203,
0x46339300,
0xfcacf006,
0x484db118,
0xfdb8f000,
0x3601e7fe,
0xf73f45b3,
0x68abacf2,
0x8c0d8618,
0x86fbec78,
0x863c8c0e,
0x1a10ac06,
0x160486d0,
0x0686d002,
0x2300428c,
0x93032204,
0x9302210c,
0x86600486,
0xf0055c04,
0xb1b8fd56,
0xf0004839,
0x8109868a,
0xfedc9d44,
0x039303e7,
0x0c930222,
0x20930121,
0x28068646,
0xb118fd42,
0xf000482f,
0x81078676,
0xabdcce04,
0x04011968,
0x870886d5,
0x28fca45e,
0x3a2b004b,
0xc20686d1,
0x86d0317a,
0x9f28830a,
0x1a810586,
0xf04fd007,
0x0a860b04,
0xfb946485,
0x608d0686,
0x1c810886,
0x30810586,
0x01697b6f,
0xfbd03093,
0x00220468,
0x33210c93,
0x26ab0586,
0x2800ffe3,
0x4812d039,
0x8638f000,
0x3f248109,
0xfeaf4bf7,
0x620886e7,
0x810d866e,
0x00e7d27c,
0x002fa9bf,
0x002fb8f1,
0x002fd2f1,
0x020098f1,
0x002fe8f0,
0x002feff1,
0x000000f1,
0x002ffc00,
0x0c2303f1,
0x21960022,
0x18f10746,
0x20f00200,
0xbb69fafc,
0x04320169,
0xaf4631d1,
0x04f00048,
0x01e7fefd,
0x01d0f833,
0xac45b336,
0x148f1386,
0x34810886,
0xfa5f4ba5,
0x4aa4f984,
0x49a44648,
0x3026f813,
0x2026f812,
0x1026f831,
0xfb45f000,
0x4aa14ba1,
0x49a14680,
0x0e864648,
0x86fb381a,
0x1b6a8108,
0x009304d0,
0x04930323,
0x6a820586,
0x462068fb,
0x6cfb9301,
0x46339300,
0xfdddf004,
0x8693b328,
0x86388405,
0xd272810a,
0x4fe7feae,
0xd3089df0,
0x00eba8e6,
0x00930200,
0x03000ff0,
0x86900123,
0x034a810a,
0x86f9c7f0,
0x844a810a,
0x9ff00048,
0x810a86fc,
0x86dca14a,
0x003aad0c,
0x86fad3f0,
0x0066ac0c,
0x0586cbf0,
0xad088610,
0xc3f0003a,
0xad1a86fa,
0xb4f0003a,
0x862e0586,
0x003aad08,
0xaefaacf0,
0xc0f3c668,
0x86b97666,
0xfaa0560e,
0x08864633,
0xf0003aad,
0x54058699,
0x3aad0686,
0x0886d12b,
0xf00032ad,
0x0886fa7a,
0xf00032ad,
0x0886fa74,
0xf00032ad,
0x0886fa6e,
0xf00032ad,
0x0886fa68,
0xf00032ad,
0x0886fa62,
0xf00032ad,
0xf242fa5c,
0xf5447010,
0x3724fa4d,
0xe8bd46bd,
0x2b028ff0,
0x8e0b861f,
0x86fa4c62,
0x46628e0a,
0x86680586,
0xfa405c06,
0x628e0a86,
0x0a86fa3a,
0xfa34628e,
0xe7d02285,
0xd1222b03,
0xf0004835,
0x0a86fbfe,
0xfa27668e,
0x128e0a86,
0x0a86fa21,
0x861b128e,
0x06866205,
0x86fa154a,
0x0f668e0a,
0xab2274fa,
0x8e0a86e7,
0x0b860764,
0xabfa0128,
0x0d861b68,
0xf9f8648e,
0xf2520a86,
0xdb2238f9,
0x648e0b86,
0x0a86f9ea,
0xf9e4648e,
0x648e0a86,
0x2271f9de,
0x480ce77a,
0xfbaaf000,
0xbab3f7ff,
0xf1003013,
0xf100a288,
0xf100a298,
0xf100a2a8,
0xf100a2b8,
0xf100a2c8,
0xf100a2d8,
0xf100302c,
0xf1003049,
0xf1003063,
0x0686306d,
0x00090c86,
0x00040000,
0x000a0000,
0x00100000,
0x000b0000,
0x00140000,
0x000c0000,
0x00200000,
0x000d0000,
0x00240000,
0x000e0000,
0x00300000,
0x000f0000,
0x86340000,
0x00402c07,
0x00120000,
0x86440000,
0x00503407,
0x00160000,
0x00540000,
0x00180000,
0x00600000,
0x00170000,
0x00640000,
0x00110000,
0x00700000,
0x00130000,
0x00740000,
0x86150000,
0x00107d04,
0x00001900,
0x00100400,
0x04861a00,
0x00001044,
0x7804861c,
0x1d000010,
0x10780486,
0x861e0000,
0x00107804,
0x04861f00,
0x06861078,
0x65671481,
0x6c632074,
0x69616620,
0x860a0d6c,
0x726d0e05,
0x616c7620,
0x08866575,
0x67694814,
0x36312068,
0x73746962,
0x000a0d20,
0x86776f4c,
0x6e690e0b,
0x20425420,
0x6d6e6970,
0x04867875,
0x65707210,
0x74696272,
0x77000a0d,
0x330a0986,
0x2e058632,
0x65646f6d,
0x864f0486,
0x07863d07,
0x0e864c0f,
0x6473700f,
0x7905866b,
0x7277000a,
0x20657469,
0x6576656c,
0x676e696c,
0x0e810886,
0x4b204552,
0x71000a0d,
0x866e6573,
0x05862906,
0x5f444114,
0x46455256,
0x5459425f,
0x41462045,
0x21214c49,
0x2542000a,
0x05862064,
0x4559451b,
0x07864b5f,
0x19048617,
0x54495257,
0x310a8645,
0x5349425f,
0x360d8654,
0x86210686,
0x42463710,
0x4e494d20,
0x000a0d20,
0x63656863,
0x5144206b,
0x01810886,
0x01b58000,
0x00210023,
0x00461aaf,
0x80f8cef0,
0x00b580bd,
0x00220123,
0x004619af,
0x80f8c6f0,
0x40b598bd,
0x8f21cef2,
0x22048623,
0xf0004604,
0x2001f8bc,
0xf89bf544,
0x228f2380,
0x201a0486,
0xb2f00046,
0x91140586,
0x86238ff8,
0x06861204,
0x86a8228f,
0x86871405,
0x86cd1405,
0x869e1407,
0x867d1405,
0x86cd3c07,
0x86008c06,
0x86731405,
0x868a280d,
0x86691405,
0x5a469f05,
0x81260586,
0x60120586,
0x5a2380f8,
0x78240786,
0x00bd98f8,
0x86000100,
0x06860404,
0x0ab5b008,
0x00b0824b,
0x074c09af,
0x050508f1,
0x870080eb,
0x080018e8,
0x08f85037,
0xf8f8c55c,
0x22f85513,
0xbdb2c000,
0x00bdb046,
0x188000bf,
0x0f8000f0,
0xfeb5f0f0,
0x834d0d2a,
0x0daf00b0,
0x06360486,
0x0080eb06,
0x607c603d,
0x6c08f850,
0xf8c6d104,
0x370c33f8,
0xbdf046bd,
0x0c140786,
0x13f8f8c0,
0x3022f846,
0x0a86e7f3,
0x00b58044,
0x806800af,
0x01b580bd,
0x80af0060,
0x70f100bd,
0x00b58040,
0x863000f5,
0xf3c01808,
0x04862003,
0xc0b5801a,
0x080686b2,
0xf3c1b2ca,
0xaf002103,
0xffa4f7ff,
0x13100486,
0x00b2ca46,
0x140486af,
0xffb5f7ff,
0xb598bd80,
0x120b8614,
0x4020ff92,
0xe92dbd98,
0x86cc43f8,
0x99263804,
0x31461546,
0x00462246,
0xff4680af,
0x20ff83f7,
0x050005ea,
0x220509ea,
0x31430546,
0x40b2eb46,
0x34048646,
0x83f8e8bd,
0x865a0486,
0x86e16604,
0x861c5405,
0xffd10c05,
0xb2c04120,
0xb598bd98,
0x7c3caf00,
0xf303fa04,
0xf7ffb2db,
0x0686ffd0,
0x0e460562,
0x90af0046,
0x0a469946,
0x43200224,
0x31ffa6f5,
0xff462846,
0x00ffa5f7,
0x480008ea,
0x01d00445,
0x20d1f23c,
0xdd058646,
0x0486206e,
0xf0e92d06,
0x05868041,
0x461e2add,
0xffddf7ff,
0xb9484604,
0x46404629,
0xff8bf7ff,
0x46034632,
0x48034629,
0xf95ef000,
0xf0340486,
0x8cbf0081,
0x2df10033,
0x0043b0e9,
0x05861625,
0x4a153083,
0x0800f04f,
0x0900f04f,
0x4021f853,
0x0108f107,
0x86014b12,
0x0c3e8305,
0xa4220300,
0x08f85000,
0x7ff4041c,
0xc1440c74,
0x2a23f8f8,
0x04f85446,
0x0821000b,
0x80f54335,
0x482d40ee,
0x490800ea,
0xf20901ea,
0x494640d1,
0x05860846,
0x83b07a8b,
0xf1009de8,
0x20830a86,
0x400a4042,
0x4050af00,
0x3101bd80,
0x6805b5b0,
0xaf002401,
0xf101fa04,
0xfa034094,
0x1b09f202,
0x4011406a,
0x60014069,
0x0586bdb0,
0x68701f86,
0x305b2079,
0x33302578,
0x253d5d78,
0x20783230,
0x6f727265,
0x86203a72,
0x000a0c04,
0xffffffff,
0x00000000,
0x86040486,
0xb5900404,
0x0403f020,
0x0003f000,
0x22ff00c0,
0xb2c96823,
0xaf004082,
0x0302ea23,
0xf000fa01,
0x60204318,
0xe92dbd90,
0x460e47f0,
0xb0944691,
0x469aaf00,
0xb998463d,
0x21301c7c,
0xf7ff4638,
0x46a0ffe0,
0x45a846b1,
0xeba4d121,
0x21000408,
0xf7ff1930,
0x4620ffd6,
0x8d068650,
0x463c8744,
0xf8f9fbb0,
0x0018fb09,
0xf0204450,
0x04860303,
0x2000c168,
0x1b340146,
0x01fa2368,
0xffb2c9f1,
0x40ffbef7,
0xea280046,
0x08e7d9d1,
0x4838fff1,
0x03f02846,
0x01f10903,
0x08681909,
0xdb0303f0,
0x8640d900,
0xffab2604,
0xb580e7cb,
0x7082f44f,
0xf7ffaf00,
0xb2c0feac,
0xb5b0bd80,
0xaf004c0b,
0x33016823,
0xf44fd10e,
0xf7ff7080,
0x4605fea0,
0xad0a0486,
0x9af7ffb2,
0x000a00fe,
0x282070f4,
0x20602043,
0x00bdb068,
0x0033b0bf,
0x86b580f1,
0xffe24004,
0x20e4f5a0,
0x63cef46f,
0x28044418,
0x2301d809,
0xf000fa03,
0x0f15f010,
0x30fff04f,
0x2002bf18,
0x0486bd80,
0x98bd800a,
0x058604b5,
0x86c97884,
0x6f233204,
0x1362cef4,
0x0a2b0444,
0x982001d8,
0x15f01040,
0x02d00600,
0x00bf882c,
0x01bf9820,
0x00bd9820,
0x09869820,
0x03ffca32,
0x5842581b,
0x120a8641,
0x440d86a7,
0x4409860b,
0x1ee0d007,
0x0e862801,
0x0db5b046,
0x05861446,
0x08ffbe36,
0xb02000b9,
0xa1f7ffbd,
0xf94285ff,
0xff4620d1,
0x00ffd6f7,
0x01bf1830,
0x03bdb020,
0x00b5804b,
0x597018af,
0x80609a60,
0xb4bf00bd,
0x02f10033,
0x78140686,
0x0f100886,
0xf0e92db4,
0x8b4e7d4f,
0x00af00b0,
0xeef0402e,
0x50f10780,
0x59463409,
0x152b04f8,
0x01f10278,
0x002d0008,
0x2580e3f0,
0xcef0402d,
0x2d785380,
0x02d02a2b,
0x000802f1,
0x30607a22,
0x98d1292b,
0x083000f8,
0x4f0801f1,
0x000b01f0,
0xa3200a25,
0xd10230f1,
0x1f2909b2,
0x092b2ed9,
0x0b1e0586,
0x860b01f1,
0x04862204,
0x182a091a,
0x1d2b64d9,
0x58d818d0,
0x63d01a2b,
0x18d05a2b,
0x4346ca46,
0x52fee8f5,
0x03f102e0,
0x01789308,
0x4fe7d222,
0xd80b00f0,
0x05fb00e7,
0x01f81825,
0x86e7d53b,
0xe7df0604,
0xd0382b73,
0xd1e62b78,
0x0a04f109,
0x0000f8d9,
0xd0052b64,
0xd0242b78,
0xd1292b58,
0xe0214b4e,
0xda1b2800,
0xf04f4240,
0x4b4b092d,
0xf107220a,
0xf1070108,
0xf7ff0408,
0x4606feae,
0xf1b91bad,
0xd02a0f00,
0xf1bb3d01,
0xd0750f00,
0xf5434648,
0x687bfeae,
0xf04fb34b,
0xe0370b30,
0x0900f04f,
0x4b3ee7e3,
0x38058610,
0xfe94f7ff,
0x04864606,
0xd9e0073e,
0x864000f8,
0x46207204,
0xe800f006,
0xa5058606,
0x99e7d76e,
0x860000f8,
0xf5431604,
0xe04bfe8b,
0xd8540486,
0x3b687bd1,
0x20f04fb3,
0xd7e0100b,
0x869004f8,
0x462b5804,
0xdc202b00,
0xea251e6b,
0x865d75e5,
0x02028105,
0x717a0586,
0xa646a1fe,
0x230309eb,
0x172b0044,
0xe6ea26dc,
0x1c3e0173,
0x7b1af644,
0x00b32b68,
0x58dd232d,
0x433d0146,
0xf8fe5ef5,
0x500486e7,
0x4658e7db,
0xf543603b,
0x683bfe56,
0xe7d53b01,
0xbb01f819,
0xf5434658,
0xf1bbfe4e,
0xd1da0f0a,
0xf543200d,
0xe7d6fe48,
0xf5434628,
0x2d0afe44,
0x12058602,
0x46cafe3f,
0x464246d1,
0x687be71c,
0xd0da2b00,
0xc04a0486,
0x2c2000e7,
0x7e860686,
0x70b0044f,
0x00000047,
0x0037d200,
0x0037b6f1,
0x8637c1f1,
0xfe008606,
0x323130e7,
0x36353433,
0x00393837,
0x610b0a86,
0x65646362,
0x110b8666,
0x44434241,
0x00004645,
0x43f8e92d,
0x4616460c,
0x2210af00,
0x46052100,
0xfd0ef7ff,
0x46812c04,
0x2c03d025,
0x7e890686,
0xbf08043f,
0xb2e4241f,
0x862221d5,
0xfe708a05,
0xdb1983fc,
0xd54622b2,
0x0e048621,
0xf1b9fd01,
0xd10c0f00,
0x0686221f,
0x00fcef10,
0xdb0310f1,
0xd64642b2,
0xf1100586,
0xf8e8bdfc,
0x1ff04f83,
0xdc243f08,
0xf8e92de7,
0x4f2a034f,
0x4f0308f0,
0x180400f0,
0x002310bf,
0x164605af,
0xa1469a46,
0x0146a046,
0xbbf54320,
0x3e2280fc,
0xca3a0586,
0x832240fc,
0x0c068646,
0xf1bbfcc4,
0xd0140f80,
0xd0122840,
0x46314652,
0xf1084628,
0xf7ff0801,
0xf1b8ffa0,
0xdc040f3f,
0x0f40f1b9,
0x2c00d001,
0xf04fd0dd,
0xe8bd30ff,
0x04868ff8,
0x40d11330,
0x40d02128,
0xfff04f24,
0x8c068632,
0x86ff882c,
0xfc9b5e08,
0xd1192880,
0xd1f03c01,
0xe7dc2440,
0x22012440,
0x77220686,
0x078640ff,
0x40fc8a22,
0x01d10828,
0xedd1f13c,
0x092001e7,
0x430901f1,
0xc6fc6cf5,
0x862000e7,
0x08866004,
0x2a0004ea,
0x809ff000,
0x2801b110,
0x2210bf18,
0x4620b2d3,
0xf44f221f,
0xf7ff7188,
0x2001fc74,
0xfc53f543,
0x64c80886,
0xfc6bf7ff,
0xe4078602,
0x65f7ff48,
0x402d03fc,
0x008089f0,
0x05861023,
0xf7ff26a1,
0x2302fc5c,
0xf24022ff,
0x0e05864d,
0x23fcfc55,
0xf44f22ff,
0x04867113,
0x10fc4e0e,
0x40221f23,
0x058643f2,
0x0786471c,
0x861020c0,
0xfc401c05,
0xe0058620,
0x1004861c,
0xfc39f7ff,
0xf5432002,
0xf240fc18,
0x2c05864a,
0x0683fc16,
0x0486d5f8,
0x0586473c,
0x1ffc1f10,
0x4f460622,
0x058612f4,
0x33fc183c,
0x1f460546,
0x40462022,
0xff2141f2,
0x2bfc1af7,
0x86462046,
0x21422e04,
0xfc13f7ff,
0x0e058633,
0x711df44f,
0x860cf7ff,
0xf44f1c07,
0xf7ff711c,
0x1c078605,
0x2175f240,
0xfbfef7ff,
0x71380886,
0xf7f7ff21,
0x0b8680fb,
0xfbf01281,
0x0e0586c0,
0x2177f240,
0xfbe9f7ff,
0x06864620,
0x048644ae,
0x00fbe21c,
0x10bdf820,
0x82088623,
0x67fbda34,
0x7f2d04e7,
0x10af7af4,
0x72461a23,
0x970686e7,
0x8601c77c,
0x09508d06,
0xcc000000,
0x860c0786,
0x86c30404,
0x00050c07,
0x86c80000,
0x04860c07,
0x0786c407,
0x0000060c,
0x0786c900,
0x0000070c,
0x0786ca00,
0x0000080c,
0x0786cb00,
0x6060860c,
0xec0c0486,
0xe4540b86,
0xed6c0b86,
0xe5540b86,
0xea540b86,
0x020c0786,
0xe6000000,
0xeb600b86,
0x030c0786,
0xe7000000,
0x40810b86,
0x810b86e8,
0x7886e928,
0x780b8678,
0x41048623,
0x18780786,
0x860c0786,
0x86247804,
0x04860c07,
0x0786192b,
0x7804860c,
0x0c078621,
0x1a070486,
0x860c0786,
0x86227804,
0x04860c07,
0x07861b78,
0x7804860c,
0x0c07861c,
0x20780486,
0x860c0786,
0x0c867878,
0x08867092,
0x01b5b008,
0xc1f24023,
0x1aaf0011,
0xff460546,
0x00fa6ff7,
0x4f220124,
0x2871f0f4,
0x5ef7ff46,
0xf62800fa,
0x033401d1,
0x40d1f42c,
0x8611cff2,
0xfa431404,
0x71e7f44f,
0x89058604,
0x40fa3d02,
0xb02004ea,
0x0786b0bd,
0x04867099,
0x4604864a,
0x460d864c,
0x4613863b,
0x460b8620,
0x4609861a,
0xf44f2301,
0x088671f1,
0x86290c81,
0xf2404605,
0x89058613,
0x0d861864,
0x05860246,
0x40f9fd14,
0x862101f2,
0xf9f74606,
0x0c810e86,
0x864a0486,
0x86064604,
0xf9f5460d,
0xda461286,
0xd4460b86,
0x01460986,
0x16f24023,
0x549b0586,
0xe3460486,
0x460686f9,
0x3205863b,
0x460d86d2,
0x14058627,
0xf240f9b7,
0x46078626,
0x810f86b1,
0x4a04860c,
0xc0460486,
0xaf460d86,
0x94461386,
0x8e460b86,
0x09460986,
0x02b08229,
0x09d813af,
0xc5d8112a,
0x04b2ccb2,
0x4f22f023,
0x2871e0f4,
0xff940046,
0x00f9bdf7,
0x0f230094,
0xf8f44f22,
0x70820586,
0x46bdf9b5,
0x40361886,
0x8611e1f2,
0xf9a23606,
0x06869400,
0x0586ef12,
0x869a1283,
0x2115361d,
0x87360686,
0x866c0786,
0x867f3608,
0x00003605,
0x2909b5f0,
0xb083460c,
0xaf02461e,
0x2a09d82c,
0x4b17d82a,
0x4a17b2c5,
0x7f38b2f6,
0x3021f813,
0x2021f812,
0xf8314914,
0x90001024,
0x63380486,
0x124b12f9,
0x1246284a,
0x24f81349,
0x24f81230,
0x1c058620,
0x56f7ff96,
0x0f4b0ef9,
0x38490f4a,
0x1a0d867e,
0x48360586,
0x058604f9,
0xbf004a9c,
0xf1009b60,
0xf1009b88,
0xf1009bb0,
0xf1009ae8,
0xf1009b10,
0xf1009b38,
0xf100a3c0,
0xf1009a98,
0xf1009ac0,
0x14813086,
0x81198619,
0x1b860c14,
0xf8fe1481,
0x14810886,
0xf1009a20,
0xf1009a48,
0xf1009a70,
0xf10099a8,
0xf10099d0,
0xf10099f8,
0xf100a398,
0xf1009958,
0x32869980,
0xf8cf1481,
0x14811886,
0x1a86f8c2,
0x86b41481,
0xe0148109,
0x08f10098,
0x30f10099,
0x68f10099,
0x90f10098,
0xb8f10098,
0x70f10098,
0x18f100a3,
0x40f10098,
0x2df10098,
0x004ff0e9,
0x94f8df25,
0x02b08db1,
0x884604af,
0xda46a946,
0xfd61bd46,
0xfd613d61,
0x3d617d60,
0xdb627d62,
0x003000f8,
0x20464122,
0x3b479846,
0x0046416a,
0x20930122,
0xcd6a7b46,
0xdb9000f8,
0xb06004f8,
0x08f8db47,
0x1e048630,
0x200cf8db,
0x462060b8,
0x12048690,
0x05867820,
0x8668bb0a,
0x44031604,
0x60bb4620,
0x68794790,
0x011a0486,
0x79462044,
0x1c108660,
0x68796a7b,
0x0209ea43,
0x44086a3b,
0x68bb4313,
0x4283d104,
0x1ac5bf38,
0x1a1dbf28,
0x2010f8da,
0x4283b9da,
0xd85ed31d,
0x5c940786,
0x4a6a3b8f,
0x01627b46,
0x0361b921,
0x4a6a7be0,
0x0161bb46,
0xf96a3923,
0xc76a7960,
0x919010f8,
0x01617946,
0x3a627b22,
0x01e79e62,
0x83d1e42a,
0x7ad93c42,
0x192a016a,
0xc0560586,
0x18bf281a,
0x8369fb1a,
0xdad2d742,
0x60810b86,
0x930168fb,
0x9300693b,
0xf8da697b,
0x06865004,
0xc547a816,
0x340486e7,
0xbf281ac3,
0xf1b91a1b,
0x61fb0f13,
0x69fbd90e,
0xd9b942ab,
0x003c0c86,
0x00930123,
0x38048693,
0x6a3be7e2,
0xd0ae2b00,
0xf10961bb,
0x6a7b0201,
0xd2a4e7b3,
0x1ac069ba,
0xe0022a01,
0x1a1869ba,
0xd0c12a01,
0x61f86a7b,
0xd1a22b01,
0x03500486,
0x9d69fbd9,
0xd7d29242,
0x300686e7,
0xe7942100,
0x3d24bf00,
0xb5f8f100,
0xf605860a,
0x1e29014e,
0x372902d0,
0x4e2900d0,
0x2eb90586,
0xf7fe71e0,
0x2360ffb1,
0x43634e24,
0x336018f5,
0x682a441e,
0x350c4620,
0xf7ff4611,
0xf815fde5,
0xf8352c04,
0x46201c08,
0xff71f7fe,
0xd1f042b5,
0x8602bdf8,
0xfe008805,
0x78ff96f7,
0x05861823,
0x1b867836,
0x07865636,
0x15f24036,
0xfe4e0d21,
0x78ff7bf7,
0x34128623,
0x340d86e6,
0x3407863c,
0xf1003a84,
0xf1003b44,
0x06863c34,
0x2b026084,
0xb0854604,
0x4698af02,
0xf200607a,
0x2b018376,
0x4ed6b2c5,
0x81b7f000,
0x0901f04f,
0xf8cd2b02,
0x464b9000,
0x0206f04f,
0x828bf000,
0x11c1f240,
0xf7fe4628,
0x0486ff50,
0x89068618,
0x12068602,
0x12058647,
0x22c02306,
0x71eef44f,
0x3e120486,
0x04c20586,
0x11f1f240,
0xf8df4620,
0xf7fea318,
0xc107860d,
0x8671f842,
0xb3081204,
0x8604f7fe,
0x4044c205,
0x2011dff2,
0xfdf7fe46,
0x1e0886fe,
0xff11f7fe,
0x0b180a86,
0x76db0586,
0x180586e0,
0x0686ff05,
0x04866282,
0x04feff0c,
0xf90c0986,
0x7af44ffe,
0xbdf54270,
0x64df0586,
0xd4160886,
0x098680fe,
0x40fee846,
0xe20c0986,
0x9e2260fe,
0x62230049,
0x01613343,
0x600902eb,
0x02eb0132,
0x204b9a08,
0xd94a9a46,
0x861000f8,
0x0408e800,
0xb00cf8c6,
0xf7ff60b2,
0x687bfe3c,
0xd1062b03,
0x1004f8b9,
0x8f3c0486,
0x08f8c9fe,
0x0cf10900,
0xe545c109,
0x70830786,
0xb8180486,
0xf02300fe,
0x86930022,
0x23041004,
0xf7fe4628,
0x2310febd,
0x86f1f240,
0xfe24c305,
0x02fe8ef7,
0x0986f223,
0x82fe872e,
0x800e0b86,
0x0b8692fe,
0x12fe790e,
0x720e0b86,
0x0b8652fe,
0x72fe6b0e,
0x640e0b86,
0x0b8662fe,
0x42fe5d0e,
0x560e0b86,
0x4f700d86,
0x0b8600fe,
0x0586480e,
0xe1f2401c,
0x0e820586,
0x38058641,
0x3a0e0886,
0x86700586,
0x86330e08,
0x08867005,
0x05862c0e,
0x0e088670,
0x8622fe25,
0xfe1e0e0b,
0x0e0b8632,
0x81058617,
0x0e088644,
0x700d8610,
0x81058609,
0x0e08867c,
0x81058602,
0x0e08867c,
0x0c86fdfb,
0x00fdf42a,
0xed0e0b86,
0x151c0786,
0x0e048621,
0x0686fde6,
0x06863681,
0x86fddf0e,
0x86368106,
0xfdd80e06,
0x36810686,
0xd10e0686,
0x810686fd,
0x0e068636,
0x0686fdca,
0x06863681,
0x86fdc30e,
0x86368106,
0xfdbc0e06,
0x36810686,
0xb50e0686,
0xae700d86,
0x810686fd,
0x0e068636,
0x0686fda7,
0x06863681,
0x0d86a00e,
0x20fd992a,
0x81068646,
0xfe211538,
0x00fd92f7,
0x07860c20,
0x0686168a,
0x3a843888,
0x3eddf100,
0x3d39f100,
0x3f81f100,
0x3d7ff100,
0x9300f100,
0xf44f2206,
0x860586f1,
0xcdfda13a,
0x868000f8,
0x864c9006,
0x86981206,
0x23061205,
0xf24022c0,
0x860586f3,
0x86fd8f70,
0x4f5e860a,
0xfe0978f0,
0x86fd5ef7,
0x4c5e860c,
0x55f7feb3,
0x860c86fd,
0x86fd4e5e,
0x625e860a,
0x4ac20586,
0x5c180686,
0x860c0586,
0x56628206,
0x66c10586,
0x500c0686,
0x098604fd,
0x86fd4a0c,
0x0e5e8606,
0x86520786,
0x86008407,
0x86f12e05,
0xfd390c05,
0x08864642,
0xabfd330c,
0x9823004a,
0x09613346,
0x282904fb,
0xba0a06f0,
0x060f01f1,
0x0b8640d1,
0xfd070e86,
0x46204ba3,
0x4ba26033,
0xf8d96073,
0x4ba11000,
0xb00cf8c6,
0xf7ff60b3,
0x0686fc84,
0xcc06862e,
0x52068606,
0x0e86fcf0,
0xfccd0487,
0x0008f8c9,
0x0801f108,
0x090cf109,
0x0f0af1b8,
0xf44fd1cb,
0x810586f5,
0x4ffcbf5c,
0x0271f3f4,
0xc1660586,
0xebf240fc,
0x02462011,
0xb3f7fe26,
0xe7f240fc,
0x18068611,
0x0b86fcb5,
0xfe967492,
0x03fce8f7,
0x3c870586,
0x86120486,
0xdf3c8706,
0xd7220f86,
0x48c00586,
0x78810686,
0x0686fcc3,
0x06866a87,
0x40e6092e,
0x862116f2,
0xfcc53404,
0x168a0a86,
0xbc120686,
0x86120586,
0x37388306,
0xb3120586,
0x70dd0786,
0x38830a86,
0x9f078682,
0x8306860a,
0xfeb19838,
0x078679f7,
0x06864cde,
0xfc722083,
0x38830a86,
0x86fc0086,
0x8680180a,
0x06860c05,
0xfc7a7284,
0x08864642,
0x04fc740c,
0x6e180986,
0x830686fc,
0x07863238,
0x16068652,
0x2220fc49,
0x863af240,
0xfc5d0c05,
0x0c098610,
0x8641fc57,
0x2b388321,
0x058639fc,
0x86383883,
0x37388307,
0x38830986,
0x1286fba8,
0x86143883,
0xf138830f,
0x831286fb,
0x21f24038,
0xe37e0586,
0x1af240fb,
0x83068621,
0x40fbe520,
0x862122f2,
0xd7388306,
0x1bf240fb,
0xd9180786,
0x950b86fb,
0xf7fe9676,
0x8309860c,
0x86211538,
0x03388306,
0x38830786,
0xfb220886,
0x098632fb,
0xfbe71a82,
0x38830886,
0x2d2e0486,
0xfff04fe5,
0x00e63130,
0x003b44bf,
0x003f13f1,
0x004015f1,
0x863dc5f1,
0x491c8e06,
0xa9f1003f,
0x51f10040,
0x0bf1003e,
0x97f1003e,
0x8e05863e,
0xb2c64130,
0xb082461d,
0x46144688,
0xf3c1af02,
0x46300343,
0x220f9300,
0x212c2300,
0xfbc5f7fe,
0xf00300e3,
0xf3c50378,
0x43234402,
0xea434630,
0x22ff13c8,
0x212bb2db,
0x23009300,
0xfbb5f7fe,
0x2307f3c5,
0xff320486,
0x2a230022,
0xfeb2ed21,
0x00fbabf7,
0xff230095,
0x30212922,
0xa4f7fe46,
0x880586fb,
0xb5b08128,
0x2300b2c4,
0x22ffaf00,
0x81058618,
0x00fb903a,
0xff460523,
0x05861722,
0x40fb890e,
0x058605ea,
0x08860099,
0x05861c26,
0x07867d18,
0x05861b26,
0x0786760e,
0xf0e92d26,
0x0d460441,
0x16b08246,
0x02469846,
0x2c2360af,
0xfe461a21,
0x43fb46f7,
0x29463246,
0x20b2e646,
0x91f7ff46,
0x014630ff,
0x00228023,
0x07212c93,
0xfe250023,
0x30fb5ef7,
0x07950046,
0x2c228023,
0x57f7fe21,
0x060e0586,
0x05864023,
0x2bfb500e,
0x05862a46,
0xf7ff14c2,
0x0886ff74,
0x23203481,
0x461a4604,
0x460daf00,
0xf7fe2140,
0x2203fb16,
0x81058641,
0x3cfafe0a,
0x05865b22,
0x00faf90a,
0x05865c22,
0x28faf40a,
0x05864222,
0x00faef0a,
0x43220323,
0xfc0c0586,
0x07bb4dfa,
0x16b60586,
0xfae3f7fe,
0x06864620,
0xf7fe4ab6,
0x0686fadd,
0x048638cb,
0x0b86d70c,
0x86fad118,
0x6c0aa406,
0xdef7fe21,
0xa50686fa,
0x0c048644,
0x2380fad8,
0xa6058640,
0xd2f7fe26,
0x01bdb0fa,
0x81d1062d,
0x07868723,
0xd1fac95a,
0xcf2d0ce7,
0xf8e7f5d1,
0x40460db5,
0x7eb70586,
0x46042143,
0xfaedf7fe,
0x2207bb40,
0x2605863e,
0x2301faac,
0x46062207,
0xaf0e0686,
0x95f240fa,
0x90058631,
0x0486fa00,
0x33460522,
0xa35e0586,
0x0786e0fa,
0xfa943c81,
0xb335b910,
0xbdf82001,
0x8b120886,
0xf62880fa,
0x01e7f4d1,
0x02d0182d,
0x00d0132d,
0x80d1ef2d,
0x7d1c0786,
0xe82800fa,
0x078620d1,
0x00fa760e,
0x02f04f28,
0x00bf0800,
0x40bdf820,
0xec214122,
0xfb2280e7,
0x862003e7,
0x368b8106,
0x28a80686,
0x46984616,
0xd0632e00,
0x864422aa,
0xfa523605,
0x864522aa,
0xfa4d0a05,
0x86462255,
0xfa480a05,
0x86472255,
0xfa430a05,
0x864822aa,
0xfa3e0a05,
0x864922aa,
0xfa390a05,
0x864a2255,
0xfa340a05,
0x864b2255,
0xfa2f0a05,
0x864c22aa,
0xfa2a0a05,
0x864d22aa,
0xfa250a05,
0x864e2255,
0xfa200a05,
0x864f2255,
0xfa1b0a05,
0x865022aa,
0xfa160a05,
0x865122aa,
0xfa110a05,
0x86522255,
0xfa0c0a05,
0x86532255,
0xfa070a05,
0x22872300,
0x0c058640,
0x0686fa14,
0xfef12484,
0x08058641,
0x2801ff47,
0x2803d001,
0xe8bdd09b,
0x865581f0,
0xee488107,
0x078655f9,
0xf9e94881,
0x810786aa,
0xaaf9e448,
0x48810786,
0x8655f9df,
0xda488107,
0x078655f9,
0xf9d54881,
0x810786aa,
0xaaf9d048,
0x48810786,
0x8655f9cb,
0xc6488107,
0x078655f9,
0xf9c14881,
0x810786aa,
0xaaf9bc48,
0x48810786,
0x8655f9b7,
0xb2488107,
0x078655f9,
0xf9ad4881,
0x810786aa,
0xaaf9a848,
0x86e79a22,
0x1e1aab08,
0x0786ff46,
0xf99c2481,
0x810786f0,
0xfff99724,
0x24810786,
0x86fff992,
0x8d248107,
0x078600f9,
0xf9882481,
0x81078600,
0x00f98324,
0x24810786,
0x8600f97e,
0x79248107,
0x0786fff9,
0xf9742481,
0x810786ff,
0xfff96f24,
0x24810786,
0x8600f96a,
0x65248107,
0x0786fff9,
0xf9602481,
0x810786ff,
0xfff95b24,
0x24810786,
0x860ff956,
0x516c8207,
0x098602f9,
0xf95e6c82,
0x6c820686,
0x8631fe3b,
0xfe910805,
0x6c820686,
0xbdf8d09d,
0x34ae0686,
0xaf004604,
0xf2004615,
0x23808217,
0x2d0222f0,
0x80c8f000,
0xf0002d03,
0x2d0180ce,
0x80a2f000,
0x310ef240,
0xf93af7fe,
0xa005860c,
0x05860e48,
0xf9336e85,
0xf2402313,
0x06863113,
0xf92c4c86,
0xf0402d02,
0x048680a2,
0x07862d14,
0x01f92214,
0xae230026,
0xf6224040,
0x058601b2,
0xf9190a81,
0x46324633,
0x8665f240,
0x12048c05,
0x862300f9,
0x865f0e04,
0x864c9706,
0xf44f0e05,
0x8d0586ad,
0x05860450,
0x06866a0e,
0x86f82688,
0x06863604,
0x0586f80c,
0x2d0268fd,
0x868cf000,
0x8c228105,
0x22810586,
0xf2408083,
0x46203106,
0x0805f04f,
0xf8e6f7fe,
0x22032302,
0x8640f44f,
0xf8df4a05,
0x04862303,
0x8106860c,
0x14f8d814,
0xb7f54220,
0x38de0586,
0xff140886,
0x6a2800f8,
0x01f1b8d1,
0x4fd1f308,
0xff38fff0,
0x94600586,
0xc0600586,
0x5f2d0180,
0x42f44fd0,
0xaf4c0586,
0x4022fff8,
0x83313af2,
0xa8380586,
0x82227ff8,
0x09f24046,
0x10820586,
0x2d02f8a1,
0xf0004681,
0x04868145,
0x01814738,
0xd0f0402d,
0x00f04f80,
0xcb46ca09,
0x40e05146,
0xfe311bf2,
0x86f898f7,
0x1b448206,
0x91340586,
0x402313f8,
0x078606f2,
0xf88a3082,
0xf47f2d01,
0x2313af54,
0x8648f44f,
0x801c8107,
0x3f2d03f8,
0x52af5bf4,
0x4af44fe7,
0x78f7fe71,
0x86400586,
0xe7de0c04,
0x3135f240,
0x866ff7fe,
0x31355207,
0xf240e7d5,
0xe77b3113,
0x783e0486,
0x2df240e7,
0x4fe77531,
0x960800f0,
0x15f240e7,
0x4f700586,
0x40810586,
0x8107863b,
0x07864840,
0x86164081,
0xf8411c05,
0xfa5f4681,
0x0486f38b,
0x05861d22,
0x5ff84212,
0xfff38afa,
0x47f44f22,
0x7e810586,
0xf240f83a,
0xfa5f311f,
0x227ff389,
0x32100486,
0xb1f44ff8,
0x40e07471,
0x058622f2,
0x86f82030,
0x714f2c04,
0x195e0686,
0x235e0786,
0x121c0586,
0x2a5e0b86,
0x13120586,
0x405e0786,
0x058629f2,
0x4ff80b10,
0x86714bf4,
0xf8035e0a,
0x1163f240,
0xf240e045,
0x4620312f,
0xfff1f7fd,
0x3d2c0486,
0x3c810586,
0xffeaf7fd,
0x4f5e0486,
0x86714cf4,
0xffe30e04,
0x375e0a86,
0xe42e0586,
0x5e0886ff,
0x10058636,
0xf240ffdc,
0x81098639,
0xd4f7fd3c,
0xb2f44fff,
0x5be01671,
0x4f22ff46,
0x058644f4,
0x53ffca46,
0x32048646,
0x3205860f,
0xf240ffc3,
0x464b3112,
0xbc300686,
0x61f240ff,
0xfd200011,
0x00ff9cf7,
0x5e840986,
0xffb0f7fd,
0x02b30886,
0x86aaf7fd,
0x863cde05,
0xfd508506,
0x0586a3f7,
0x8506860e,
0xfd260150,
0x86ff9bf7,
0xfed31604,
0xf00300ab,
0x860c03fc,
0xff8f4209,
0xb3058678,
0x2031011a,
0xfd360146,
0x00ffb8f7,
0xfff04f28,
0x98bf0833,
0x272e0746,
0x412d00d1,
0x132300d1,
0x13f24022,
0x18810586,
0x2d02ff77,
0x0486d008,
0x48f44f12,
0x6e420586,
0x062d03ff,
0x40120586,
0x05862df2,
0x40ff6524,
0xf8e8bd46,
0x8408868f,
0x86e7417e,
0xe76b0a08,
0x2b031ef3,
0xe8dfd814,
0x0702f003,
0x04860f0b,
0x0031037a,
0xffe7c023,
0x41f44f22,
0x86e7f971,
0x31051204,
0x2280e7f5,
0x3106f240,
0x100586f1,
0xe7ed3102,
0x06600686,
0x35600586,
0xbd2d01ff,
0x4fe7b3d0,
0xc938fff0,
0x2d0000e7,
0x0d4ff0e9,
0x02b08f46,
0xb86dbcaf,
0xfab2e860,
0xbb1c6161,
0xb24ab261,
0x1949b34b,
0xd2b2dbd1,
0xfdb289b2,
0x78ff3af7,
0xfd462860,
0xfbfe51f7,
0x2869ba6d,
0xff69f946,
0x80fd57f7,
0x4f68bab1,
0x1333fff0,
0xb8605360,
0x07863468,
0x0c86109a,
0xe7e122a6,
0x00a64ba2,
0x928cf8df,
0x62bb18f3,
0xf8df4ba0,
0xfa5f8280,
0x18f3fa89,
0x4b9e627b,
0x623b18f3,
0xf0401c62,
0x49998126,
0xfa5f4653,
0xb289f288,
0xf7fdb2e8,
0xf858ff03,
0xf8592024,
0xfa223024,
0x4558fb03,
0xf100d00f,
0x1c630b01,
0x812af040,
0xfa5f498e,
0x0486f38b,
0x5393002c,
0x30068646,
0x4628fef3,
0x8603f7fd,
0x091c810b,
0xb02802fd,
0x402801d0,
0x848131f0,
0x401c604b,
0x818117f0,
0x7fb2db4a,
0x86b2d249,
0xfed13406,
0xf1001c61,
0xf0403bff,
0x04868113,
0x004a7952,
0x79497793,
0x2004864b,
0x220586db,
0x560586c8,
0x4b75fdd8,
0x91d8f8df,
0x617b18f3,
0xfa5f4b73,
0x18f3f889,
0x4b72613b,
0x4e7018f3,
0x1c6260fb,
0x8109f040,
0x4643496c,
0x580786f2,
0xf859fea5,
0xf8562024,
0x62f83024,
0x6afa40d3,
0xf000429a,
0x461380ff,
0x62fb3301,
0xf0401c63,
0x49618135,
0xf897b2f2,
0x9300302c,
0x81078643,
0x05869340,
0x86fda36a,
0xa940810a,
0x3f2802fc,
0x01af50f4,
0x63d1cd28,
0x4f4a4e1c,
0x38494f4b,
0x20f04079,
0x83068681,
0x86900012,
0x86773804,
0x86873805,
0xfc8d380b,
0xf47f2800,
0x4b45af34,
0xf983fa1f,
0xfa5f1c66,
0xf040f885,
0x4b42810d,
0x46404649,
0x607bb2db,
0x687a4b40,
0xfa83fa5f,
0xf7fd4653,
0x2800fe4f,
0x8209f040,
0x04862600,
0x0b866348,
0x05866948,
0xaf100081,
0xf0402801,
0xf8df816a,
0xfa5f90d8,
0x607bf389,
0xa0ccf8df,
0xf0401c60,
0x492f80fd,
0xf28afa5f,
0x0686687b,
0xfe2a4281,
0x3024f85a,
0x2024f859,
0x429840d3,
0x80fef000,
0x0801f100,
0xf0401c61,
0x492580ef,
0xf388fa5f,
0x0c869300,
0x05861a30,
0x862a3a81,
0x8630720b,
0xaed77205,
0xf0002800,
0x0b868164,
0xd1c6454e,
0x18720486,
0x104b1281,
0x86490f4a,
0x86008206,
0xfdf04404,
0x4a0d4b0c,
0xf8534606,
0x86523024,
0xd1ae7a07,
0x6a3be6b5,
0x6ab96a7a,
0x7812781b,
0xe6d78809,
0xf100a1e8,
0xf100a4f8,
0xf100a1f8,
0xf100a1d8,
0xf100a1c8,
0xf100a1b8,
0xf100a1a8,
0xf100a198,
0xf100a4e8,
0xfa5f6a3b,
0x0a86f08b,
0xd3900036,
0x744a73e6,
0x06ac0d86,
0x4b71e6e4,
0x6d260486,
0x0e866e4a,
0xe8901eac,
0x098658e6,
0x459b2e81,
0xae96f47f,
0x68fbe6e5,
0x6979693a,
0xf34e0686,
0x241c60e6,
0x5f4b61d1,
0x0b865f4a,
0xfd913e81,
0x4b5c4a5b,
0xf8524683,
0xf8531024,
0x40c10024,
0xf43f458b,
0xf10baf09,
0x1c610b01,
0xfa5fd113,
0x9100f18b,
0x32058653,
0x870586e8,
0x00fd8004,
0xdf62fb23,
0x60810d86,
0x1286e7d9,
0x04863c81,
0x05866a5e,
0x8106862c,
0x2cf89706,
0x1c088600,
0x0e86e6c7,
0xe6db3c81,
0x46406a3b,
0xfd3e0a86,
0x00fd45f7,
0xf6f43f28,
0x466a3bae,
0xf06a7a1e,
0x580a86b2,
0xf7fd4640,
0x86e9fd3e,
0x005c810d,
0x5f68fbe7,
0x86f088fa,
0x0e90120b,
0xee1c62e7,
0x26d124b2,
0x5f230049,
0x00f28afa,
0x7b463093,
0xfdb28968,
0x20fd1ff7,
0x1e4a1d4b,
0x06820786,
0xf7fd4630,
0x1c63fd0e,
0x0601f100,
0xb2f3d11f,
0x93004a17,
0x86174917,
0x4f028709,
0xfd0800f0,
0x058605f7,
0x86200072,
0x0486620c,
0x86fcf93a,
0xd808820c,
0xf06a3be7,
0x820c86b2,
0x86e7de06,
0xe6e6200c,
0x840786c8,
0x83088600,
0x7f2e007c,
0x49ae6ff4,
0x5b1c614b,
0xdb4a48d1,
0x078648b2,
0xf8df1a88,
0xf7fd9114,
0x4b42fcc2,
0xfa5f4606,
0x2e00f883,
0x3e01d05d,
0xd1511c62,
0xb2f34940,
0xf289fa5f,
0x38870a86,
0x4628fcb7,
0xfbc7f7fd,
0x46850a86,
0x2802facd,
0xad74f43f,
0xd0e22800,
0x260046b0,
0xeb0b6afb,
0xfa5f0906,
0x4443fa85,
0x09c9eb03,
0xf3c91c63,
0xf3c91007,
0xd1340942,
0x4a2d4b2d,
0x9000492e,
0xb2d2b2db,
0xb2894650,
0xfc8ff7fd,
0x4a254b25,
0xb2db4926,
0x9000f8cd,
0xb289b2d2,
0xea484650,
0xf7fd06c6,
0x6a058682,
0x6afbfb92,
0x00cbea43,
0x601868bb,
0xe545605e,
0x861b4a1a,
0x9f0c850d,
0xf068fbe7,
0x820c86b2,
0xb0e7ab2a,
0x12e7bc46,
0x134a134b,
0x36850f86,
0xf7fd4650,
0x4b09fc57,
0x860a4a09,
0x04861a0d,
0x46e7c37a,
0xf3687a1e,
0x004649b2,
0x02465393,
0x86a4e8e7,
0xa82c8606,
0x40820786,
0x4c820886,
0x4ff0e92d,
0x46924689,
0xaf02b083,
0xb2ce469b,
0x4a2c4680,
0x492c6afc,
0x4b2c1c63,
0xf897d12c,
0xb2db0030,
0x48810686,
0xf7fd4630,
0x4b27fc20,
0x46304a28,
0xf8974928,
0xb2db5028,
0x9500b2d2,
0xf7fdb289,
0x4b24fc14,
0x49254a25,
0x9500b2db,
0x0a2c0886,
0x016b7bfc,
0x00464093,
0x52465b94,
0xff464946,
0x40fcabf7,
0x07860446,
0x0486628c,
0x810e865a,
0x3404864e,
0x4b0ffbf0,
0x46304a10,
0x60058610,
0x95200d86,
0xfbe1f7fd,
0x4a0b4b0b,
0x820e860c,
0xe7c89506,
0x20880586,
0x24880786,
0xf100a448,
0xf1009ce8,
0xf1009d08,
0xf100a438,
0xf1009cd8,
0x06869cf8,
0x461c6881,
0xb08f4680,
0x6d3daf04,
0xf1a56139,
0x60fa0314,
0xd9052b3c,
0x30fff04f,
0x1eb20886,
0x4b801c66,
0x49814a81,
0x808df040,
0x62850686,
0xfa5f006d,
0xf7fdf088,
0x2364fb9b,
0xf688fa5f,
0x43684a7b,
0x1c65497b,
0xf3f3fbb0,
0x4b7a60bb,
0x8e07867f,
0xfd463060,
0x77fb89f7,
0x784a774b,
0x78b2db49,
0x14088661,
0x6d7bfb7f,
0x46059303,
0x4641697b,
0x90009302,
0x0020f107,
0x940168fb,
0xf7ff693a,
0x6a7bff41,
0xd1023301,
0x33016a3b,
0x46abd0bb,
0xf04f2304,
0x61fb0a00,
0x0f01f1ba,
0xbf0869fb,
0x61fb2301,
0x61bb2300,
0x69bb4699,
0xd1632b00,
0x048669fb,
0x41693a3e,
0x7b18eb46,
0x58048660,
0x9302697b,
0x9300687b,
0x68fb9401,
0xff19f7ff,
0x6a3b6a7a,
0xd1011c50,
0xd04a1c59,
0x68ba1a9b,
0xdb434293,
0x2d4b687d,
0xf1b9dc43,
0x86db0f00,
0xebab420b,
0x08860903,
0x3e048642,
0x9000f8cd,
0xfef8f7ff,
0x61420a86,
0x5d420786,
0x04f1b9db,
0xc846cb0f,
0xd82300bf,
0xb72301bf,
0x830c86e7,
0x05866e00,
0x8646300e,
0xf7fd1008,
0x4b35fb06,
0x49364a36,
0x0c866178,
0x01e77828,
0xbb61bb23,
0xb9060586,
0xb90f00f1,
0x01f10ad0,
0x02f1ba0a,
0x5dd1870f,
0x291c6344,
0xc54b284a,
0x290547f3,
0x058628d1,
0x95005c88,
0x86058630,
0x86fae750,
0x86508608,
0xdd5a840a,
0x016d7bfa,
0x82068693,
0x0046414a,
0x4c820586,
0x6a7bfb7d,
0x33016a38,
0xaf17f43f,
0x06863001,
0x20000ed0,
0xf04fe712,
0xe75f0901,
0x46304913,
0x4e841086,
0x0686faba,
0x0e8610b8,
0x00e7ce18,
0x00a458bf,
0x009d18f1,
0x009d28f1,
0x842786f1,
0x4680475c,
0xb0824689,
0x4692af02,
0x2400461d,
0x6a3b6a7e,
0xdb02429c,
0x4ed20686,
0xe88d4623,
0x46520060,
0x46404649,
0xf7ff3401,
0xe7effeb9,
0x4cd30e86,
0x4b142a08,
0x4a14b083,
0xaf024c15,
0xdd15b2c0,
0x3ffff1b1,
0x2103d109,
0xb2db9100,
0xb2a1b2d2,
0xfa63f7fd,
0x46bd3704,
0x0886bd90,
0xf83474b9,
0x24031021,
0xe7f19400,
0x012c0486,
0xe82100d1,
0x1c0c86e7,
0xe7f02400,
0xf100a2e8,
0xf100a2f8,
0x0686a308,
0x460c2481,
0xb0824690,
0x46811c4a,
0xb2c5af02,
0x4a624b62,
0xd1624963,
0xa1c8f8df,
0x44850686,
0xf688fa5f,
0x0000f89a,
0x05869000,
0xdafa5a8f,
0x5b3000f8,
0x3346284a,
0xdb495b44,
0x5a9300b2,
0x588b0786,
0x861cf7fd,
0x4a571c05,
0x49573b04,
0x4b57441e,
0xb2f6b2d2,
0x9600b289,
0x4628b2db,
0xa17cf8df,
0xfa0bf7fd,
0x46214642,
0xf7ff4648,
0xf8dfff90,
0x1c63916c,
0x4b4f4a4f,
0xf8df4950,
0xd1598164,
0x06862400,
0x00462872,
0xf5f7fd94,
0x8afa5ff9,
0x89fa5ff3,
0x88fa1ff2,
0x140686f1,
0x4b46f9eb,
0x46284a46,
0x7a048646,
0x95068694,
0x44f9e142,
0x454a444b,
0x28120986,
0xd7f7fd46,
0x820686f9,
0x00f8df64,
0x88fa5fa1,
0x830c86f6,
0x810a864e,
0x2bf9c44c,
0x294a294b,
0x00f8da49,
0x76880586,
0x08864430,
0x86b2c024,
0xf9b32206,
0x251c0486,
0x044a224b,
0x06492238,
0x86b2f644,
0x9240bc0e,
0x862600e7,
0x46281208,
0xfd140686,
0x1af998f7,
0x193024f8,
0x38140586,
0x8e140786,
0x184b17f9,
0x1846284a,
0x02bd0f86,
0xf981f7fd,
0x4a144b14,
0x180f8615,
0x0c86e79b,
0x088628e2,
0xa2883ce2,
0xa268f100,
0xa278f100,
0xa258f100,
0xa118f100,
0xa4d8f100,
0xa128f100,
0xa138f100,
0xa148f100,
0xa158f100,
0xa0e8f100,
0xa0f8f100,
0xa108f100,
0x5d80f100,
0xa4c8f100,
0xa0c8f100,
0xa0d8f100,
0x74890686,
0xb2cc468b,
0xaf02b093,
0xf8d7498a,
0x63faa068,
0xf1ba63bb,
0x62f83fff,
0x4a884b87,
0x8907865b,
0xfd46203c,
0x85f92bf7,
0x204a854b,
0x07868546,
0xf7fd5a8f,
0x4b83f922,
0x86844a84,
0x4d831007,
0x18260486,
0x864b82f9,
0x4a824004,
0x60284982,
0x400b865a,
0x0486f90b,
0x7d606818,
0x7e4a7e4b,
0x0b865449,
0xfaf8fe1a,
0x5160a86e,
0xff465846,
0x3bfebcf7,
0x586bba6f,
0xfe6bf946,
0x00ff19f7,
0x4fd04728,
0xfa33fff0,
0x1e04866e,
0xf7ff637b,
0x200b86ac,
0x2800ff09,
0x838ff000,
0x06866afa,
0x6af82099,
0x60533744,
0x20990886,
0x4620302a,
0x202af812,
0x102af831,
0xf8ccf7fd,
0x4a564b55,
0x49564620,
0x861a0486,
0xf8c0180a,
0x4a534b52,
0x160d8653,
0x0c86e799,
0x0d86a00e,
0x4ce7a60e,
0x8aea4f4b,
0x7b18e304,
0xe34b4962,
0x46623b18,
0xfb44234b,
0xe34b4a61,
0x4761bb18,
0x7b18e34b,
0x04864561,
0x6efb6118,
0x4b41637b,
0x62bbb29b,
0x2b0c6b7b,
0x8338f000,
0xf1ba3301,
0x633b3fff,
0xf58bfa5f,
0x4b39d13d,
0x6ab94628,
0x4b36b2de,
0x91058632,
0xfd464304,
0x01f879f7,
0xc0464330,
0x004632b2,
0x286ab990,
0x78f7fd46,
0x334b32f8,
0x2004864e,
0xb2b64b2f,
0xf983fa5f,
0x8642464b,
0xfd04d205,
0x01f862f7,
0xc0464b30,
0x004642b2,
0x12068690,
0x6b3af861,
0x48820686,
0x0a86fde6,
0xfe752882,
0xd0452801,
0xf47f2800,
0x6b3baf59,
0xe7b6637b,
0x46286a7b,
0x6a3b881e,
0xf8934631,
0x69fb8000,
0x08048642,
0xfd464b90,
0x118638f7,
0xbbf83754,
0x7b881e69,
0x2a048669,
0x0604863b,
0x28e7bd90,
0x6c840786,
0x840f8618,
0x850c866c,
0x865d8028,
0x586ce70e,
0x30850b86,
0x2b006b3b,
0xf1badd3a,
0xfa5f3fff,
0xf040f58b,
0x4b718099,
0x86714628,
0x70688105,
0x42b2b64b,
0x86463146,
0xfc6c8106,
0x01ffeff7,
0x810c8638,
0xeef7fc12,
0x694b68ff,
0x682c0586,
0x14820f86,
0x86d8f7fc,
0xffd72e11,
0x8207867a,
0x7bfd5c14,
0x5c633b6b,
0x7b18e34b,
0xbb060586,
0x04865b62,
0x0605860c,
0x865a61fb,
0x86428305,
0x617b0604,
0xb29b4b53,
0x0886623b,
0xd16b2081,
0x46284b50,
0xb2de6a39,
0x8309864f,
0xa3f7fc2c,
0x830a86ff,
0x866a392c,
0xffa26a04,
0x86484b49,
0x48188105,
0x18811186,
0x3001ff8c,
0x464bb2c0,
0x08869000,
0x86ff8b12,
0xa422830a,
0x782801fd,
0x22830586,
0x0486ae88,
0x35d15276,
0x394a334b,
0xd2b2db6a,
0x8bfa5fb2,
0x6cf7fcf0,
0x0ff1a0ff,
0x68426805,
0x26048641,
0xe7b0ae75,
0x46284b25,
0x602af833,
0x46314b22,
0x802af813,
0x86424b22,
0x4b900804,
0x55f7fc46,
0x06821186,
0x4b1cff54,
0x1a2e0486,
0x2c04864b,
0x90060586,
0x6b7be763,
0x881e4628,
0x840786bb,
0x866a7b08,
0xfc088408,
0x86ff34f7,
0xfc08840e,
0xfbff33f7,
0xbb881e69,
0x08840586,
0x0e840586,
0x7be78f90,
0x796aba6a,
0x9506866b,
0x00e7aa08,
0x891886bf,
0x0786581c,
0xa1382484,
0x08890686,
0x0686a0f8,
0x0a861889,
0x80c10284,
0x46284ba9,
0x820586a9,
0x0f86a93e,
0xfeee0284,
0x4e811086,
0x4ba1feed,
0x2c0586a1,
0x821186a1,
0x1186d76a,
0x98fed62e,
0x2a870586,
0x61060586,
0x18e34b97,
0x048660fb,
0x9660bb06,
0x7b18e34b,
0x3b060586,
0x05868f60,
0x07864e9e,
0x40f41281,
0x8c809af0,
0x8c46494b,
0xdd46204e,
0x2ab2f6b2,
0xfc463346,
0x01fea9f7,
0xc0463330,
0x00462ab2,
0x20464990,
0xa8f7fc46,
0x854d84fe,
0xad4b854e,
0x86b2f6b2,
0x321a8406,
0x5eb20586,
0xfe93f7fc,
0xb2c03001,
0x90004643,
0x92120886,
0x3c890b86,
0x2801fcab,
0x80abf000,
0xf47f2800,
0x0486ad8e,
0x71d17f76,
0x6f46494b,
0x830a864a,
0xc1fe7274,
0x4842481f,
0xb3280041,
0x810886d0,
0x61d17318,
0x5f46204b,
0x05865e4d,
0xb2ad7e81,
0xb2f64643,
0x46324629,
0xfe5bf7fc,
0x10850a86,
0x5a700686,
0x574d58fe,
0x1386584e,
0x86451c81,
0x441c8111,
0x4ae781fe,
0x52840786,
0x84078647,
0x0b864752,
0x862c5284,
0x2b568211,
0x058641fe,
0x863e5284,
0x3f528405,
0x52840586,
0x6a3be73b,
0x881d4620,
0x4629693b,
0x68fb781e,
0x84058632,
0xfc464358,
0x11860cf7,
0xfe0b1e81,
0x881d68bb,
0x781e687b,
0x0486683b,
0xfbe76126,
0x39693a68,
0x4c9b0786,
0x6b7be77d,
0xbb4a0486,
0x4a04866a,
0x0a866a7b,
0x86fde74a,
0xfde64a10,
0x881d69fb,
0x781e69bb,
0x26890686,
0xf1bae78a,
0xd14e3fff,
0x46204b21,
0x86214a21,
0xfc208d07,
0x1ffdcaf7,
0x204a204b,
0x09862046,
0x0efdc112,
0x204a0b4b,
0x09860b46,
0x0ffdb812,
0x054a0e4b,
0x07860c46,
0x60048612,
0x6b3bfdae,
0x2003ea40,
0x03c5ea40,
0x0886e4b9,
0x86386c89,
0x08488507,
0x648e0786,
0x0a86a128,
0xa0d8048f,
0x648e0686,
0x1a86a4c8,
0x4b58048a,
0xf48bfa5f,
0x46204a58,
0x8c0d8658,
0x76f7fc7e,
0x554b54fd,
0x5546204a,
0x6a180f86,
0x524b51fd,
0x5246204a,
0x5e180f86,
0x4f4b4efd,
0x4f46054a,
0xa1180d86,
0x40f44fe7,
0x40e46163,
0x308d0786,
0x863d62bb,
0x3a6e8905,
0x0c860586,
0x8905863e,
0x05863b74,
0x86397489,
0x36748905,
0x3bb29b4b,
0x006efb63,
0x4df0002b,
0xba3b0182,
0xfb3ffff1,
0x8bfa5f66,
0x2ed13bf5,
0x3946284b,
0x2bb2de6b,
0x008a0b86,
0x3801fd23,
0x008a0986,
0xfc46286b,
0x27fd22f7,
0x0586284b,
0x86241885,
0x0c168711,
0x841086fd,
0x86fd0b40,
0xff568f06,
0x86fa90f7,
0x1f18860a,
0x3b2801fb,
0x0a8a0586,
0xe7b8ac14,
0x8d0586bb,
0x07867b28,
0x863b2089,
0xe420890b,
0x501086fc,
0x1086fce3,
0xe7bf2089,
0x7c821886,
0x348d0c86,
0x488d0886,
0xf100a128,
0x18e34bb9,
0x0486633b,
0xb862bb06,
0x2e820586,
0xfb060486,
0x0586b761,
0x04862882,
0xb0617b06,
0x1c8c0d86,
0x80d8f040,
0x8c0786ad,
0x0b86ac1e,
0xfc941e82,
0x1e8c1086,
0x4ba6fc93,
0x820586a4,
0x1186a51e,
0xfc7d1e82,
0x1e8c1086,
0x0a86fc7c,
0xfa951482,
0xf0402801,
0x048680cb,
0xc0f04074,
0x904b9280,
0x1c8c0d86,
0xf1a0fc5e,
0x4250020f,
0x28004150,
0x4b8ed0b2,
0x623a18e2,
0xfa1f4a8e,
0x18a2f983,
0x4a8c613a,
0x60fa18a2,
0xba060486,
0xa24a8b60,
0x05867a18,
0x86603a06,
0x106a890a,
0x494b8281,
0x0d868246,
0xfc346a89,
0x6a891086,
0x4d7bfc33,
0x867c4e7b,
0x1e4e8813,
0x3e810586,
0x4e880c86,
0x810b861d,
0x0586363e,
0x81213e81,
0x3e810686,
0x4b6880f8,
0x86664649,
0xff66890b,
0x581fc3fb,
0x00415842,
0x0986b528,
0xf0406689,
0x4b5880eb,
0x4d554620,
0x89118656,
0x86fbe768,
0xfb008811,
0x4e4f4d4e,
0x8113864f,
0x86fbd11a,
0xd01a8110,
0x3be782fb,
0x768d1986,
0x1086fbb9,
0xfbb8768d,
0x56841086,
0x8d058623,
0x07863976,
0xe73d768d,
0xf47f2800,
0x0886aabe,
0xd12e1084,
0x46284b29,
0x81058627,
0x0f862836,
0xfb8a488d,
0x34851086,
0x4b21fb89,
0x2c05861f,
0x84118620,
0x01fb7314,
0x840e8638,
0x10fb7214,
0x078611e7,
0x8610248b,
0x0f248b07,
0x248b0b86,
0x6011865a,
0x8608fb59,
0x07248b05,
0x248b0586,
0x90060586,
0xbf00e7cd,
0x108f1886,
0x44891886,
0x568b1886,
0x83118621,
0x86fb200c,
0xeb568b0e,
0x4aa80586,
0x568b0886,
0x863be705,
0xfc568b17,
0x4a1086fa,
0x0e86fafb,
0x8613568b,
0x096a8205,
0x0586a9aa,
0x06866098,
0x80c42684,
0xb2db4aa7,
0x462049a7,
0x3e8b0686,
0x4ba5fad9,
0x46204aa5,
0x8b0986a5,
0xa3fad050,
0x204aa44b,
0x0986a446,
0xa2fac712,
0x054aa24b,
0x0b86a246,
0xfabd628b,
0x08866efb,
0x63fb628b,
0x33016b7b,
0xa9d4f43f,
0x080586fb,
0x0486a9d0,
0x984b9870,
0x4049994a,
0x0786b9f0,
0xfa5f76a3,
0xfa5ff08b,
0xf7fcf48b,
0x6b7bfa9f,
0x04866bfa,
0x34f89724,
0x13ea4f50,
0x03499023,
0x972312eb,
0x05203cf8,
0x5535fff1,
0x8cf582fa,
0x03fb004a,
0x53ea4f53,
0xf0fbb303,
0x19fb00f9,
0x4f4b8935,
0x0506d5ea,
0x400507f0,
0x078696f0,
0xfc462054,
0x71fa78f7,
0x484a724b,
0x5f497244,
0xdbf880fa,
0xd24620b2,
0x00f8cdb2,
0xfcb28980,
0x6dfa72f7,
0xa84a6e4b,
0x6d0004f1,
0x86b2c049,
0x2076a608,
0xe8f8df46,
0x63f7fc81,
0x51464afa,
0xfe465846,
0xdfffe8f7,
0xba91d8f8,
0x643ffff1,
0xf64a654b,
0xed4965b2,
0xccf8dfb2,
0x89f040b1,
0x006a0986,
0x4af7fc96,
0x5f4a68fa,
0x1ff38bfa,
0x86f189fa,
0xb2d21204,
0xfa40f7fc,
0x4a5b4b5a,
0x05864620,
0x0586509f,
0xf7fc50a2,
0x4b5ffa36,
0xfa1f4a60,
0x9500f188,
0x20400486,
0x2cf7fc46,
0x1a6afbfa,
0x136bfb46,
0xff6b7b60,
0x45b942f7,
0x4546204a,
0x188d0f86,
0x4b41fa12,
0x46204a42,
0x180f8642,
0x4b3efa06,
0x46204a3f,
0x180f863f,
0x4b3bf9fa,
0x46054a3c,
0x180d863c,
0x9b0d862e,
0x05864200,
0x9b0a860e,
0xdff7fc5a,
0x254b25f9,
0x2544484a,
0x32820586,
0x0c864620,
0x00f8cd2e,
0xd6f7fc80,
0x204b1ff9,
0x38820586,
0xb2c0491f,
0x00200c86,
0x0f865f90,
0xfc960050,
0x22f9bef7,
0x05861b4a,
0x2af83916,
0x1a048610,
0xb3160486,
0x1c9f0586,
0x86144620,
0x001e810d,
0xa6f7fc95,
0x509f0586,
0x102af838,
0x001a0886,
0x31866c95,
0xa4287c8c,
0x9cb8f100,
0x9cc8f100,
0x409a0686,
0x810786c8,
0x86f82082,
0x86048707,
0x86349f08,
0xff709008,
0x86000000,
0x8671f70d,
0xb5800707,
0x53bbf5a0,
0xf6403b10,
0xaf0042b2,
0xd8034293,
0xfb932041,
0xbd80f0f0,
0x508cf5a0,
0x42903814,
0x2341d805,
0xf0f3fb90,
0x0040f040,
0x20ffbd80,
0xe92dbd80,
0x46984ff0,
0xb08d4683,
0x460daf04,
0x607a6cfb,
0xeb034a9d,
0x6d3c0343,
0x9003f812,
0x033ff009,
0xd90a2b32,
0x33fff04f,
0x3000f8cb,
0x3004f8cb,
0x08864658,
0x014e8581,
0x03f04f2c,
0x25f24002,
0xd8462811,
0xc82301bf,
0xfc2302bf,
0xbef8f4f7,
0x2822066c,
0xb6461146,
0x80f04602,
0xfd463306,
0x01fd97f7,
0xc9f54020,
0x06ea49f8,
0x1c068603,
0xf7fdb2ee,
0x2303fd8c,
0x1a3e0486,
0x409b0686,
0x7f1c61f8,
0x804a7f4b,
0xb0f04049,
0x2e850786,
0xf7fc4630,
0x4b7cf8ec,
0x497d4a7d,
0x04866178,
0x89463014,
0xe2f7fcb2,
0x7b4b7af8,
0x38497b4a,
0xd8140b86,
0x794b78f8,
0xf849794a,
0x140a8660,
0x4b76f8ce,
0x49774a77,
0x140b86b8,
0x4b74f8c4,
0x46824a75,
0xb1098675,
0x8afa5f28,
0xb8f7fcfa,
0x026dbbf8,
0xfb462993,
0x0146816d,
0x18f10793,
0x7a464300,
0xed940068,
0x68f7feb2,
0x387c3bff,
0x7b1c627d,
0x89fa5f61,
0x3b7b3bf9,
0xd77a3b61,
0xfe8018f8,
0x48f8df69,
0x534a52c1,
0x4060fb49,
0x5f80c3f0,
0x86f38cfa,
0x281c8706,
0x97f7fc46,
0x00697bf8,
0x4c462893,
0x4d4a4d4b,
0x06890986,
0x863bf88c,
0x4b4a1605,
0x864b4a4a,
0xf8811609,
0x048668fb,
0x484b4716,
0x0986484a,
0x46f87616,
0x284a474b,
0x06864746,
0x86a034b0,
0xf86b1606,
0x6ca50886,
0x48b00886,
0x606e0486,
0x031c73f8,
0xfff1b8d1,
0x27f43f3f,
0x4f6d7aaf,
0x5f2328ea,
0x02f888fa,
0xcb8303fb,
0x333000f8,
0x02b2f612,
0xcb6603fb,
0x1c6004f8,
0x1aab0f86,
0xf839f7fc,
0x4a234b23,
0x61784924,
0x0eaa0e86,
0xf82cf7fc,
0x3c960586,
0x11863849,
0x1cf81f1a,
0x1d4a1c4b,
0x8660f849,
0xf8121a10,
0x4a194b18,
0x86b84919,
0xf8051a11,
0x4a154b15,
0x0e864682,
0xe73c6aa5,
0x1a8679bc,
0x18863096,
0x0c863886,
0x0c8660a5,
0x861c2886,
0xfb44e30f,
0x21ffd2f7,
0x224a224b,
0x86697849,
0xfb60e310,
0x1dffc4f7,
0x1e4a1e4b,
0x13863849,
0x19ffb61c,
0x1a4a1a4b,
0x8668f849,
0xffa81c12,
0x4a164b15,
0x86164628,
0xa060b210,
0xff9af7fb,
0x4a124b11,
0x68e40e86,
0x9000f8cd,
0x3c86e72a,
0xb5805881,
0x5335f240,
0xaf004298,
0xf240dd11,
0x4298734a,
0xf5b0dd0f,
0xdd0e6f16,
0x236bf640,
0xdd0c4298,
0x6f48f5b0,
0x30fff04f,
0x2004bfd8,
0x2000bd80,
0x2001bd80,
0x2002bd80,
0x8603bd80,
0x056c8707,
0x91461e46,
0xdfaf06b0,
0x7d820cf8,
0xba60f94c,
0x02f03360,
0x0d497c02,
0x434b7cd1,
0xff2020f8,
0x05867b22,
0x26f81808,
0x07861430,
0x051c9081,
0xf61c5ae0,
0x88fa5fd1,
0x0586e2f3,
0xf7fb44b6,
0x6dfbff22,
0x435800c0,
0xfb902364,
0x6db8f3f3,
0xf7ff607b,
0x1e03ffb0,
0xda05617b,
0x34b20c86,
0x49651c73,
0x3a0d8617,
0x61b8ff05,
0x218ef240,
0x7a820586,
0x004b61fe,
0x44eb0424,
0x825cd202,
0x01d07142,
0xf72c4a34,
0x86e7ded1,
0xb2e87c04,
0xfb7e0886,
0x01feebf7,
0xe361b82e,
0x27f44fdd,
0x82058671,
0x8653fe7a,
0x8655380b,
0xe7c23807,
0x18e369fb,
0x2b49613b,
0x6d7bd846,
0x0020f107,
0x46299305,
0x93046d3b,
0x930369bb,
0x9301693b,
0x9300697b,
0x68bb68fa,
0xf7ff9602,
0x6a7bfd83,
0x1c586a3a,
0x1a9bd030,
0x429a687a,
0x693cdc2c,
0x0f00f1b9,
0x69fbd154,
0x0903eba8,
0x0f49f1b9,
0x6d7bd825,
0x86054629,
0x864eb005,
0x0a864808,
0x04f8cd44,
0x5ff7ff90,
0x59480586,
0x07860f1c,
0x05860b48,
0x86c84eb2,
0x9912b209,
0x4fe02b46,
0xd00a01f0,
0x6eb00586,
0x1686e025,
0xbb960252,
0xfa940168,
0x37f7ff68,
0x016a7bfd,
0x05860333,
0xf43f78b3,
0x86a0af59,
0x0b7ab306,
0x86bb61fb,
0x4f7ab305,
0xd10a00f0,
0xb4068646,
0x00f1ba00,
0x86d0840f,
0xd0a47004,
0x0b01f10b,
0x0f02f1bb,
0x4b0bd1eb,
0x2025f853,
0xd90142a2,
0x4025f843,
0x0e058606,
0xd2014542,
0x8025f843,
0xe7312000,
0x0886bf00,
0x6fa86c8c,
0x6fa0f100,
0x79bcf100,
0x048d0686,
0xd9810686,
0x89469358,
0xf8af04b0,
0x1960796b,
0x38f8d746,
0xc3f7ff80,
0x056c7efe,
0x8306861e,
0x0786145a,
0x4b635a83,
0xf8534864,
0x4b632024,
0x0c42eb02,
0x3024f853,
0x0343eb03,
0x44604403,
0x9001f893,
0xe002f893,
0xf8902364,
0x7880c001,
0xe909fb13,
0x030cfb13,
0x443001b0,
0x6c3b4499,
0x0969ea4f,
0x4448b173,
0xfca7f7ff,
0x28ff4606,
0x22ffd10e,
0xdc082901,
0xde810686,
0xc1f7fb16,
0xa9e7cafd,
0xee0000eb,
0x27f44fe7,
0x48e7f571,
0x92f7ff46,
0xeb28fffc,
0x662901d0,
0x46097ff0,
0x068603dc,
0x2334dc81,
0xbd2e0486,
0x89fa5ffd,
0x3c0486f2,
0xdd810786,
0xf7fb0978,
0x2206fda0,
0x8611464b,
0x5a7ac705,
0x3f2001fa,
0x06fd8cf5,
0x09ea4622,
0x14068603,
0x14058650,
0x14058682,
0x14078605,
0x14058646,
0x8d098678,
0x5c048612,
0xf1b8fd8f,
0xd01a0f00,
0x0f01f1b8,
0x0302f04f,
0x0500f04f,
0x2304bf18,
0xbf18469a,
0x45aa2502,
0x2000d111,
0x0686e776,
0x86020e81,
0x760e8105,
0x0e810586,
0x7127f44f,
0x4645e7b7,
0x0a04f04f,
0x4b1ce7eb,
0xf984fa5f,
0x46484a1b,
0xf813491b,
0xf8123025,
0xf8312025,
0xf7fb1025,
0x4b18fd7f,
0x46064a18,
0x46484918,
0x721a0e86,
0x001a30fd,
0x5b000ff0,
0x21900146,
0x08f8cd46,
0x08f10780,
0x7a950000,
0x22f7fe68,
0x0168fbfc,
0x38f43f33,
0x0586bbaf,
0x01af3408,
0xa8e7b835,
0x48830786,
0x1a866fa0,
0x2d689281,
0x884ff0e9,
0x8b469146,
0x5aaf06b0,
0x06461d1c,
0x80fa5f46,
0xbc4b66fb,
0x664a666c,
0x07862d49,
0x465818af,
0xfd32f7fb,
0x4a644b63,
0x86644682,
0x860a8d07,
0xfd281404,
0x0a00ebaa,
0x030ff00a,
0x607b4a5f,
0x495f1c6b,
0x86274b5f,
0xb2f03407,
0xfd18f7fb,
0x6bb84683,
0xfdacf7ff,
0x603b1e03,
0xf04fda21,
0x462034ff,
0x30840886,
0x3025f813,
0x0a864658,
0xfd016281,
0x4a4b4b4b,
0x864b4682,
0xca14820d,
0x0e0c86e7,
0xf04fe7d3,
0x4b470a00,
0x2003f81a,
0x48462300,
0x0143eb03,
0x42915c09,
0x3301d022,
0xd1f62b4a,
0x1a9be7cd,
0xf44fe035,
0xe0457127,
0xd1132c01,
0xd1132d01,
0x93036c7b,
0x93026c3b,
0x93016bbb,
0x94004623,
0x4641464a,
0xd2058630,
0x8106865a,
0x42445e86,
0x2d03e7b4,
0x2400d047,
0x687ae7b0,
0x8f058631,
0x3b00086a,
0x42920568,
0x4b930046,
0xcd940446,
0x02b00cf8,
0x72f7ff95,
0xba68fbfb,
0x4f1c5968,
0xca018aea,
0xc81c50d1,
0x262300d1,
0xb908864a,
0xb250531a,
0x9a4b23d1,
0x9a68db68,
0x1dbfa842,
0x05bfb822,
0xb82d0122,
0x46850586,
0xf7fb4630,
0x6bfbfc5e,
0x464a9303,
0x46416bbb,
0xc2058602,
0x2b930122,
0x76f30586,
0x2800fd3c,
0xaf70f6ff,
0xd1a42c00,
0x0302f025,
0xf47f2b01,
0x0c86af6b,
0x04863881,
0x00e7a228,
0x831886bf,
0x87088648,
0x00a42840,
0x867a9af1,
0xb0788306,
0x8706866f,
0x002d4050,
0x42412d41,
0x2e431e2e,
0x3c2f445f,
0x46193045,
0x31475a30,
0x14324837,
0x4a553249,
0x344b3233,
0x50344c0f,
0x4e2d354d,
0x364f0a36,
0x2837504b,
0x52053851,
0x39534638,
0x003a5423,
0x56413a55,
0x3c001e3b,
0x413c0100,
0x031e3d02,
0x3e045f3d,
0x193f053c,
0x075a3f06,
0x41083740,
0x55410914,
0x0b32420a,
0x430c0f43,
0x2d440d50,
0x0f0a450e,
0x46104b45,
0x05471128,
0x13464712,
0x49142348,
0x41491500,
0x171e4a16,
0x4b185f4a,
0x194c193c,
0x1b5a4c1a,
0x4e1c374d,
0x554e1d14,
0x1f324f1e,
0x50200f50,
0x2d512150,
0x230a5222,
0x53244b52,
0x05542528,
0x27465426,
0x56282355,
0x41562900,
0x2b1e572a,
0x582c5f57,
0x19592d3c,
0x2f5a592e,
0x5b30375a,
0x555b3114,
0x1d325c32,
0x8600aa05,
0x4754cd05,
0xde058614,
0xdf1c4a1e,
0x02a07cf8,
0x7cf8dfaf,
0x7cf8df90,
0x12b2c680,
0xb80c86d1,
0xfb463030,
0x00fbccf7,
0x0dd01f2c,
0x0ff1c0dd,
0x0b429c03,
0xfff04fdd,
0x1ae01734,
0x193021f8,
0x382021f8,
0xeb1021f8,
0xf342e0e7,
0x6b4420d4,
0x0eb2c01c,
0x00400d86,
0x86240090,
0xfbb24404,
0x06864620,
0xf81a4cb8,
0xf8193025,
0xf8382025,
0x90001025,
0xa098e7ef,
0xa0a8f100,
0x86b8f100,
0x0454b607,
0x83460529,
0x004614b0,
0x11d157af,
0xbf058646,
0xfbd1f734,
0xe9c74b79,
0xf04f0100,
0x22000b00,
0x68192001,
0xf302fa00,
0x0607f1c2,
0x40d3400b,
0x2a083201,
0xf306fa03,
0x0a03ea4a,
0x0886d1f2,
0x007a9081,
0x50463226,
0x3f465946,
0x00ea48f5,
0x000001f0,
0x01ea5021,
0xf2d00803,
0x0020ff00,
0x4cf53f21,
0x810886ea,
0x36016890,
0xd1e82e08,
0x2300e9d7,
0xbf08454b,
0xd1194542,
0x4b5e1c62,
0xb2e84a5e,
0x860c495e,
0xfb208707,
0x10fb49f7,
0x0586fff1,
0x08860286,
0x0c8658e9,
0xe7ee1c91,
0xe7f22000,
0xf8df1c53,
0xb2c5b140,
0x4a524b51,
0x864c4952,
0x46283c07,
0xfb2af7fb,
0x4a504b4f,
0xf980fab0,
0x4628494f,
0xea4fb2db,
0x06861959,
0xa0fb1d58,
0x4e01fff1,
0x4e4b4a42,
0x4b4a4a41,
0x861e0586,
0xfb101a06,
0x86494b48,
0x48f83404,
0x58340786,
0x1a068618,
0x4a37fb03,
0x493738ff,
0x41434243,
0x469ab2d2,
0x549e0586,
0x680486f3,
0x0886faf6,
0xf1b92681,
0xd0520f00,
0xf1b8b146,
0xd0500f00,
0x0f00f1ba,
0x4656bf08,
0x4606bf18,
0x869d4630,
0x283e9505,
0x3e950986,
0xfadaf7fb,
0x86284b27,
0x27208105,
0x4f462849,
0x861959ea,
0xfb5e810c,
0xa0facaf7,
0x5e03fff1,
0x5e4a2242,
0x1f492241,
0x3c0a864b,
0xfb280486,
0x1dfabaf7,
0x05861e4b,
0x861d2c81,
0x18584005,
0xaa400e86,
0x02400486,
0x490a4253,
0x4a084153,
0xf81b469a,
0x04863024,
0x2204861a,
0x464ee7a2,
0x4646e7b4,
0x7a9ce7b2,
0x9df8f100,
0x9e08f100,
0x9e18f100,
0xa498f100,
0x9d98f100,
0x86a8f100,
0x00a40404,
0x009db8f1,
0x009dc8f1,
0x00a488f1,
0x048678f1,
0xf1009d08,
0xf100a478,
0xf1009d58,
0x06869d68,
0x1c4e4084,
0xb0834605,
0x4693460c,
0xf8dfaf02,
0xf8dfa0ec,
0xb2c690ec,
0x80ecf8df,
0x85118618,
0x01fa5f5a,
0xbbd13c28,
0x220f01f1,
0x0f1c60d1,
0x002303d1,
0x20048693,
0x86280486,
0x860e2404,
0xe566850d,
0x24f81ae7,
0x19200330,
0x862024f8,
0x9010bd05,
0x04862500,
0x28fa4446,
0x7ac60986,
0xf04f4628,
0x462132ff,
0xfe4df7ff,
0x28004605,
0x1c61d1f1,
0x1086d0d3,
0x36048638,
0xe7e3fa29,
0x86212803,
0xd1147e05,
0x465a4628,
0x32360486,
0xd6360586,
0x011c62d1,
0xb72301d1,
0x86720586,
0xf8cd3808,
0xe7e1b000,
0x86f21c63,
0x86015005,
0xe7ba5009,
0x35fff04f,
0xbf00e7bc,
0xf100a068,
0xf100a078,
0x86078688,
0x062a084c,
0x0db08346,
0x02461046,
0x14dd35af,
0x29220846,
0x4c8b0586,
0x2800fff1,
0x3c08d15f,
0xdcf52c08,
0xf8df1c6a,
0xf8dfb0e4,
0xfa5fa0e4,
0x35f80086,
0x078634d1,
0xf28a40d4,
0x4640b289,
0xf9cdf7fb,
0x46811f42,
0xd8382a07,
0xdd2e2c00,
0x020cf1c0,
0xdb3a42a2,
0x1c6b444c,
0xd149b2e4,
0x2e098629,
0x06869400,
0x00f9bd30,
0x12e03120,
0x0c0f08f1,
0x6f4614da,
0x860207f0,
0xffb77406,
0x3408bb30,
0x0f08f114,
0xe7c4dbf4,
0x4614b302,
0x4919e7c1,
0x3025f81b,
0x8d07861a,
0xd3e7c72e,
0x611f02d0,
0xcf428a42,
0xfff04fdc,
0x00e00832,
0xc2dd102c,
0x0ff0021c,
0x07f1c202,
0x01e7c202,
0x40810786,
0x2800ff0b,
0x0886d0bd,
0xd0b87482,
0x42611cc2,
0x8a260486,
0xe1dab242,
0x0d8604e7,
0xb3940056,
0x00a058e7,
0x00a038f1,
0x00a048f1,
0x4fb5b0f1,
0x0d6380f4,
0x00af0046,
0x04210222,
0xe9f7fc46,
0x222d03fd,
0x20462ad1,
0x06230446,
0xe1f7fc21,
0x4af10586,
0xdf810686,
0x2df7fb16,
0x0e0486f9,
0xdf810686,
0x26f7fb14,
0x860e0586,
0x12df8106,
0xf91ff7fb,
0x811a0686,
0xfb462071,
0xb0f918f7,
0x0b2d04bd,
0xfc4620d1,
0x00fdacf7,
0x4363fff4,
0x030304f0,
0x86210622,
0xfdb61204,
0x16e90586,
0x8346144f,
0x02b08946,
0x9ab2c5af,
0x794b9a4e,
0x9a1c5161,
0xc4f0404a,
0x86fa1f80,
0xfa5ffa00,
0xfa5ff982,
0x464af883,
0x46514643,
0xf7fb4628,
0xf040f90e,
0x06860002,
0x864a08ab,
0xf90c1407,
0x4a8e2301,
0x498e9300,
0xc407868e,
0x16048634,
0x4658f901,
0xf811f7fb,
0x3b03697b,
0xd8062b01,
0x5380f44f,
0x21052200,
0xf7fc4658,
0x1c62fd78,
0x9224f8df,
0xa21cf8df,
0x8214f8df,
0x80aef040,
0x8689fa5f,
0x86388305,
0xfb16c406,
0x10f8d9f7,
0x7b0302f0,
0x00f04061,
0x751c6381,
0x404b734a,
0xb680a2f0,
0x82fa5fb2,
0x83fa5ffa,
0x4b4652f9,
0x4caa0586,
0xf8c4f7fb,
0xf000464b,
0x865200fd,
0xfb2caa07,
0x0586c3f7,
0x4a69289f,
0x49694b6a,
0x86dbb2d2,
0x68748905,
0xb7f7fb4e,
0xa34a68f8,
0x8bfa5f00,
0x02eb03f5,
0x034a660a,
0xf60906eb,
0x02eb03b2,
0x9a4a6408,
0x63613a18,
0xfa189a4a,
0x134a6360,
0x6060bb44,
0x8bf0401c,
0x334a5d80,
0x05865b46,
0x04866ad0,
0x01f88f58,
0xc01c6130,
0x85f040b2,
0x334a5680,
0x86495446,
0xfb2e9f08,
0x58f889f7,
0x99f7fa46,
0x4f2200ff,
0x865380f4,
0x04688106,
0x771c62fd,
0x284b4fd1,
0x09864d46,
0xf7fb1aa0,
0x4a47f86c,
0x46334946,
0x38cc0686,
0x633c0486,
0x9b697bf8,
0x5df14007,
0xc2280781,
0xfff04fd1,
0x1c462835,
0x4e840786,
0xa024f836,
0x5e890586,
0x24f81390,
0x4a465180,
0xfb464346,
0x86f84af7,
0x48088312,
0x2c4b2ef8,
0x2c20014a,
0x3ad00f86,
0xf819e737,
0x861a3024,
0x501e8707,
0x24f836e7,
0x52098660,
0x4a4631a0,
0xfb465346,
0x53f821f7,
0x46820586,
0x8209864a,
0x1af82046,
0x184a184b,
0x649e1186,
0xf899e758,
0xf8983000,
0xf8ba2000,
0x86721000,
0x90000e0d,
0x68bbe778,
0x68fa4628,
0xd1078639,
0xf4f7fa54,
0x220486ff,
0x08866178,
0xf8e78524,
0xd8f1009f,
0xe8f1009f,
0x88f1009f,
0x98f1009f,
0x78f1009f,
0xb8f1009f,
0xd8f1009e,
0xc8f1009e,
0x28f1009e,
0x18f100a0,
0x08f100a0,
0x90f100a0,
0x0800a54b,
0x5f0205eb,
0xebf88bfa,
0x8d617b18,
0x0a60fa4b,
0xeb0205eb,
0x8b613b18,
0x0960ba4b,
0xee0205eb,
0x5f607a18,
0x61f983fa,
0x85d17f1c,
0x83464b4a,
0x36830586,
0xf7fa4640,
0x3001ffb4,
0xb2c01c62,
0x4a7fd179,
0x867d464b,
0x86348307,
0xffaf1a04,
0xf7fa4658,
0x0c86febf,
0xfc2a1c85,
0xd16b1c63,
0x46404b77,
0x86774a77,
0xfa348307,
0x70ff92f7,
0x82496f4a,
0x05864b46,
0x04861ead,
0x1aff893c,
0x000f02f0,
0x078083f0,
0x6ed1c428,
0x8bfa5f4b,
0x03eb05f6,
0x054b6c0a,
0x6c0903eb,
0x5f441d4b,
0x60f883fa,
0x68d1551c,
0x6646434a,
0x0e810586,
0xf7fa4630,
0x0686ff6d,
0xd14f4484,
0x46434a62,
0x81078660,
0x1a04860e,
0x81058668,
0x86fe780e,
0xe342840c,
0x411c62fb,
0x304b53d1,
0x544a5346,
0x0e810986,
0x4a53ff4b,
0x86434951,
0x86428407,
0xff423c04,
0x079b697b,
0x2807d53c,
0xe6ded1c5,
0x6979693a,
0x82058633,
0x86e77e7e,
0x90000c0a,
0x687be784,
0x68ba4640,
0x088668f9,
0xff261c83,
0x82200486,
0x22068646,
0x782be792,
0x83078699,
0x0b86a826,
0xae90000c,
0x30687be7,
0x093a0d86,
0x78782bff,
0x22088661,
0x2204e7bc,
0xb8058621,
0x05fd0b02,
0x7f280046,
0x58ae9ef4,
0x8bfa5f46,
0x0ff7faf6,
0x082303fe,
0x30216122,
0xeef7fa46,
0x014b26fe,
0x274a2628,
0xb4d12149,
0x163ffff1,
0x14910786,
0x04869000,
0x6ffee71e,
0x860207f0,
0xfce74806,
0x4658bb10,
0xfdf0f7fa,
0x21542200,
0x9d0a0486,
0x0f8673fe,
0xe7e40eda,
0x86071c60,
0x86954208,
0xfec64204,
0xd10d86e7,
0xf3950032,
0x574605e7,
0x86bf00e6,
0xb8588408,
0x8406869e,
0x86a01854,
0xa8648406,
0x98f1009e,
0x88f1009e,
0xa8f1009e,
0xb8f1009f,
0xc8f1009f,
0x8d06869f,
0x04215430,
0x02b09b46,
0x93461daf,
0x88f8d746,
0x53f7fa60,
0x49f240fe,
0x20633811,
0x4df7fa46,
0x4bf240fe,
0x8662f811,
0xfe470c04,
0x71a5f44f,
0x0c0586b8,
0xf44ffe41,
0x867871a6,
0xfe3b0c05,
0x71a1f44f,
0x0c058638,
0xf44ffe35,
0x61f8718d,
0x2f0c0486,
0x21f240fe,
0x0586b811,
0x4ffe290c,
0x787181f4,
0x230c0586,
0x382d03fe,
0x4fd90361,
0x0032fff0,
0x00bd89f0,
0xc9f0002e,
0xe64bb281,
0x4f4ab2b2,
0xb20800f0,
0x4f463049,
0xc20985ea,
0x609c0d86,
0x8000f8cd,
0xfe48f7fa,
0x4aac4bab,
0x86ac2002,
0x86029b0d,
0x3a5a8206,
0xa84ba7fe,
0xa846304a,
0x861c0d86,
0xfe2c3806,
0x4aa44ba3,
0x86a44630,
0xfe1e1c13,
0x4aa0499f,
0x0301eb09,
0xeb0965fb,
0x65bb0302,
0x04864b9d,
0x03eb0922,
0x26048600,
0x86306578,
0x860a8105,
0xfe072e06,
0x86974997,
0x863b2e05,
0x64fb2e05,
0x2e0d8695,
0x200164b8,
0x862e0486,
0xf0148106,
0x8f498efd,
0x7b2e0586,
0x2e048664,
0x868c643b,
0x63f82e0d,
0x2e0b860d,
0x23fffdd9,
0x8649f240,
0xfa4a9f05,
0xfffdaaf7,
0xa5f44f23,
0x3aeb0586,
0xfda3f7fa,
0x86de23c0,
0xfa1ae805,
0xc0fd9df7,
0xbc810786,
0x97f7fa48,
0x4b4b79fd,
0x7863bb44,
0x7b444b4b,
0x994b7863,
0x87088644,
0xfc46206a,
0xbbfa35f7,
0x306b7a6b,
0x00f8b946,
0x01f10a10,
0x12781b0a,
0x40048678,
0xd04d2800,
0x0801f108,
0x0f03f1bb,
0xf1b8d139,
0xd9460f05,
0x0f0ff1ba,
0x6d7bd956,
0x101aea4f,
0x38016dba,
0xb2c06df9,
0x5edd0a86,
0xfd8af7fa,
0x6c3a6bfb,
0x000df10a,
0xf0006c79,
0xdf09860f,
0x1c048640,
0x6cbbfd7c,
0xea4f6cfa,
0x6d39009a,
0x0002f000,
0xf040781b,
0x0a860001,
0xd7fd6c20,
0x00308cf8,
0xb9f0002b,
0x00f04f80,
0xbbe00f0b,
0x0c0f04f1,
0x09f1b8d1,
0x7bd9090f,
0x07f3ca6d,
0xf96dba10,
0x5406866d,
0x4680e7c6,
0x46306bfb,
0x6c796c3a,
0x0c870886,
0x280cfd43,
0x8082f000,
0x06862201,
0xfb497ef0,
0xd0892800,
0x21546b3a,
0xf7fa4620,
0x6afafd01,
0xbf810686,
0xfbf7fa46,
0x866abafc,
0x46bf8106,
0xfcf5f7fa,
0x06866a7a,
0xfa46bf81,
0x3afceff7,
0x8106866a,
0xf7fa46bf,
0x69fafce9,
0xf0810686,
0xe3f7fa02,
0x8669bafc,
0x7eef8106,
0xfcddf7fa,
0x0686697a,
0xfa7aef81,
0x3afcd7f7,
0x90068669,
0xd1f7fa68,
0x94f8d7fc,
0x40810586,
0xf8d78515,
0xf04f3090,
0x462932ff,
0x2b004620,
0x08180486,
0x5a2201bf,
0xfff7ff43,
0x004602fa,
0x78bc20f0,
0x748b0b86,
0xf1009f48,
0xf1009f58,
0xf1009f68,
0xf1009f18,
0xf1009f28,
0xf1009f38,
0xf1009ee8,
0xf1009ef8,
0x06869f08,
0xa0a8089b,
0x8698f100,
0x78489407,
0x68f100a0,
0x58f100a0,
0x40920786,
0xf100a038,
0xf1009e28,
0xf1009e38,
0xf1009e48,
0x46306cbb,
0x86396cfa,
0xfa2e8207,
0x03fcb5f7,
0x72f47f28,
0x306d7baf,
0x820a8646,
0xa9f7fa46,
0x7f280ffc,
0xffaf66f4,
0x9d810786,
0xfa114954,
0x86fc7ff7,
0xf44f0e06,
0xf7fa71a5,
0x0686fc78,
0xde709d81,
0x72f7fa21,
0x840a86fc,
0x51fc6c56,
0x058659e7,
0xfb216882,
0x0f03f1bb,
0x0a86d151,
0x865e7e84,
0xfc58280b,
0xfa810886,
0x3ff7fa20,
0x058632fc,
0x0c048656,
0x0c058639,
0x6c820686,
0x221ffc33,
0x8641f240,
0x36288305,
0x78221ffc,
0x42f24063,
0x2f0e0586,
0xb82380fc,
0x81068664,
0x04867c9e,
0x1ffc3110,
0x2a048623,
0x2a5c0686,
0x420e0586,
0x230e0786,
0x5d2d02fc,
0x672d03d0,
0x292d01d0,
0x862350d1,
0x34fa8108,
0xfc16f7fa,
0xf40e0486,
0x05862921,
0xd1065484,
0x46324bdd,
0x4620210b,
0xf7fc781b,
0x0686f8b5,
0xfabe4681,
0x860b2300,
0xf7fc4a05,
0x0c86f8ab,
0xf8a42286,
0x64bb2300,
0xe053637b,
0x86460486,
0x28fb8106,
0xfbecf7fa,
0x17620686,
0xe5620586,
0x862103fb,
0xfa9b4604,
0x873a0c86,
0x002d02f8,
0x0586aff0,
0x81bc20f3,
0xd1242d01,
0x810b860f,
0x86fbcb16,
0x86f40e04,
0xc5688105,
0x2c22a4fb,
0x86600586,
0x4afb8106,
0x86bcf7fa,
0x11456007,
0x0486e7ce,
0x0586ef0a,
0x0586b128,
0xc421f516,
0x3c0486e7,
0x0c810886,
0x4a0586a6,
0x0c810886,
0x0486fb9f,
0x05868276,
0x01818d76,
0x84d0d12d,
0x86068622,
0x05867f04,
0xd10d2a83,
0x20004b9e,
0x869e4a9e,
0xe0228a0f,
0xa9f7fab2,
0xe64b9afb,
0x4f4a9ab2,
0x990900f0,
0x668a0686,
0x8a0f8608,
0xf7fa9010,
0x4b93fb96,
0x46304a94,
0x8a108694,
0xf7fa902c,
0x498ffb88,
0x86084a90,
0x082c8a05,
0x2c8a0586,
0x8905868d,
0x12860850,
0xfa902c8a,
0x87fb71f7,
0x06868749,
0x0586602e,
0x8685602e,
0x05862e0e,
0x06866ab2,
0x01f04f2e,
0x58f7fa09,
0x7e497dfb,
0x8646304a,
0x863b3404,
0x64fb6205,
0x3405867b,
0x08300486,
0x860a03eb,
0xfb425e0a,
0x86764975,
0x647b5e05,
0x3b2a0486,
0x0d867364,
0x8a0e865e,
0x86fb2b5c,
0xfa2c8d05,
0x9038f8c7,
0x9150f8df,
0x0f04f1bb,
0xf8d9d10a,
0x22003000,
0x4620210b,
0xb2db43db,
0x3000f8c9,
0xff9bf7fb,
0x62830686,
0x5380f44f,
0xff94f7fb,
0x8659462a,
0x6a02f505,
0x40d70586,
0x6bbb82c6,
0xf0002b00,
0x890786d1,
0x12f7fe0a,
0x004602ff,
0x24f04028,
0x86653882,
0xfa096404,
0x0a866d3a,
0x09867440,
0x86ff4a40,
0x80b52604,
0x3c880886,
0xfef5f7fe,
0x073a0686,
0x38048682,
0xf1bbf9ed,
0xd14d0f03,
0x22c02300,
0x830586de,
0x86faa952,
0x86e10c04,
0xfaa30c05,
0x86098600,
0x00fa8a6a,
0xc9810786,
0x84f7fa1c,
0x860c0586,
0x7e6a8606,
0x078601fa,
0x0686449a,
0x07861026,
0x0486449a,
0x0586830e,
0x8908861c,
0x07867c5c,
0x8906861c,
0x97fa755e,
0x863034f8,
0x6d26870a,
0x974620fa,
0x058648f8,
0xfa214212,
0x4ffa65f7,
0x3e707af4,
0x20fa43f5,
0xf8f7fb46,
0xf8f641fe,
0x03220373,
0x05860640,
0xff037cad,
0xbf00e53b,
0x06867a9c,
0x08866095,
0x86b87889,
0xd80c9107,
0x78900786,
0x06869e98,
0x9e780891,
0x9e68f100,
0x9e58f100,
0x78892686,
0x7c850686,
0x36860686,
0x0686fa21,
0x0586450e,
0x94fa1a0e,
0x86e68122,
0x06861204,
0x86123e86,
0x86f51e05,
0xfa0c0c05,
0xe67322b4,
0xf8df4620,
0xf7faa334,
0x49c8f940,
0x840986c8,
0x084bc756,
0x310902eb,
0x981025f8,
0x25f81244,
0x24840586,
0xfa13f7fa,
0xd52207c1,
0x5e8c0886,
0x0686f81a,
0x813a1a83,
0x204e0486,
0x04f1bbf9,
0xe7f0400f,
0x81068680,
0x08866a97,
0x86ca3084,
0x83308405,
0x5c960986,
0xf7fb4620,
0xe0d7fe7c,
0x62830a86,
0x840786f6,
0x0586161c,
0x86f8fc48,
0xd1124804,
0x60461486,
0x59460d86,
0xbbe002fe,
0xf40f03f1,
0x840886d0,
0x28fe2b3e,
0x840886b9,
0xd3fdd972,
0x306d39e7,
0x00f89946,
0x00f89820,
0xfa880930,
0xc2f9b3f7,
0x86d5c207,
0xd1696004,
0xc5280886,
0x7e0686fd,
0x048680d7,
0x0586bd7e,
0x88d1637e,
0x7a04864a,
0x04866813,
0x0060137c,
0x22f7fb22,
0x850c86fe,
0x86fe1b72,
0xfdf17408,
0x0a86b948,
0x869e4c81,
0x80b04e07,
0x688c1086,
0x6d7bf975,
0x30016dba,
0x32901086,
0x0486f971,
0x0b868178,
0xf7fb708a,
0x6d39fdec,
0x3000f898,
0x3e810686,
0x563e0486,
0x823e0586,
0x306df946,
0x52088646,
0xf01af94c,
0xf0000f01,
0x280780fb,
0xf7ffd1c7,
0xf1bbbae9,
0xd19b0f03,
0x8107860c,
0x91ff4a5a,
0x120486e7,
0x0c86d1b9,
0x52fdbe5c,
0x304a524b,
0x72d00586,
0x3a890a86,
0xf925f7fa,
0xd1062801,
0x020bf06f,
0x2b3e0686,
0x04e799ff,
0x0586f822,
0x20f43f42,
0x810886af,
0x86fd7970,
0x2764820a,
0x39e6fdfd,
0x9846306d,
0x863000f8,
0x012a8108,
0x3f07c3f9,
0xbbaeedf5,
0x310f04f1,
0x66820986,
0x4602fd12,
0x0586bb28,
0x05867684,
0xd1376282,
0x8211862f,
0x86fd7162,
0x6a62820c,
0x720886fd,
0xb1b0fd40,
0x62820a86,
0x880586df,
0x10d04710,
0x07866446,
0xf1bb1a9e,
0x86d10f03,
0xcf768109,
0x86e7c9fe,
0xfcd62e0a,
0xdf2e0486,
0x0586e7d0,
0x86db4881,
0x390a820d,
0xec0886fd,
0x820e8678,
0x86f8a00a,
0xa60a820e,
0x0586dcfe,
0xbf000a82,
0x0c9d0c86,
0x0e867a9c,
0x10867090,
0xf87d7083,
0x70831686,
0x4620f879,
0xff89f7f9,
0x0a810c86,
0x1086fcf4,
0x865e7083,
0x0e863e05,
0xf8547083,
0x0f01f01a,
0x2807d003,
0xf7ffd1c8,
0xf06fb9f2,
0x81078603,
0x05865522,
0xf47f1482,
0x83098675,
0x05861626,
0xf47f5486,
0xe566af6c,
0x46306cfa,
0xf89a6d39,
0x06863000,
0x03f83048,
0x86d13028,
0x25489b10,
0x3f280ff8,
0x86a9c7f4,
0x39328308,
0x3a820586,
0xaf4bf47f,
0x20016cfa,
0x86400a86,
0x16468106,
0x3a6bfbf8,
0x86200d6c,
0x867c9408,
0x860b1606,
0x1b5c8105,
0xbb2300ff,
0xfae4e063,
0x0f86036c,
0xfaf7f938,
0x380486ff,
0x38098605,
0xf8d7e7e2,
0xe7182094,
0xe92dbf00,
0x1c4d47f0,
0xb082460c,
0x060ff002,
0xaf024b2d,
0x492d4a2d,
0x8628b2c5,
0x96589b08,
0x46283e06,
0xffd9f7f9,
0x90b4f8df,
0x4b272e05,
0x49284a28,
0x80acf8df,
0xd8344e28,
0x861c1c60,
0x0060e809,
0x28048694,
0x0686ffc5,
0xf2884aa4,
0x120786b1,
0x2000ffbc,
0x6caf0686,
0x0ce70e86,
0x9c0586d2,
0x00f04f2a,
0xbf0c860a,
0x3204866c,
0xf836ffa3,
0xf8191024,
0xf8183024,
0x04862024,
0x60e7da16,
0x01d1011c,
0x0786c924,
0x09860134,
0x00e7e434,
0xb30c86bf,
0x00a1684c,
0x00a178f1,
0x00a188f1,
0x00a228f1,
0x00a208f1,
0x078618f1,
0xf2402cb7,
0x461c1149,
0xaf02b08b,
0x46162300,
0x613b4680,
0x61bb617b,
0xf7f961fb,
0x1c63ff27,
0x4bb96078,
0x49ba4aba,
0x5ccb0a86,
0x90002001,
0xf088fa5f,
0xfb88fa5f,
0xff58f7f9,
0x46212206,
0xf7ff4640,
0x2501ff65,
0x22802307,
0x2181f240,
0x95004658,
0xff4af7f9,
0x1e9a0886,
0x83068640,
0x462b950a,
0x218e2202,
0xf7f94658,
0x2e04ff3c,
0x4640d168,
0xfb96f7fb,
0xd56a07c6,
0x00a64640,
0xfb90f7fb,
0xf0402201,
0x21060380,
0x25074640,
0xfbaef7fb,
0x18f34b9d,
0x4b9c60fb,
0x0a03eb06,
0x441e4b9c,
0x60bbb2db,
0x0901f04f,
0x464a2300,
0xcd4a0486,
0xf99000f8,
0x86ff15f7,
0x93001004,
0x0e5c0686,
0x20f107ff,
0x84eb0303,
0x10f85303,
0x472b003c,
0x3f1c60d1,
0x8a4a8bd1,
0x8668bb49,
0xf968b806,
0xb0fef4f7,
0x40f080fa,
0x86b13009,
0x22012c04,
0x432e0486,
0x2a2c10f8,
0x81068646,
0x01fefe4e,
0x17b2ed35,
0x86d1c82d,
0x2b014c0c,
0x0886dc32,
0xfeed7081,
0x8613e02c,
0x8664ac05,
0x727c9f0a,
0x992e03e7,
0x56810586,
0x07c5fb2b,
0xf04fd594,
0x088630ff,
0x68f948c9,
0x869a7833,
0xbe528605,
0xcf2b01e7,
0x631c61d1,
0x654a66d1,
0x14810b86,
0xb80786aa,
0xbb28003e,
0xdf6d7bd0,
0xdfa1a8f8,
0x0091a0f8,
0x62d1552b,
0x5e4d5e1c,
0x5ed1744e,
0x89fa5f4b,
0x58495ef2,
0xf6b2ad46,
0x5fb2dcb2,
0x89f38afa,
0x8df7f9b2,
0x326cfbfe,
0x18462946,
0xc0462344,
0x869000b2,
0xfe8b4e04,
0xd5058623,
0x0c048628,
0x4b52fe7d,
0x38044a52,
0xcf0b8652,
0x00465858,
0x78f7f924,
0xfb4640fe,
0x4dfad4f7,
0x0622014b,
0x86400321,
0x86f30e04,
0x403a9107,
0x2df7f946,
0x862301fe,
0x00348306,
0x61f7f994,
0x140486fe,
0x4640fd71,
0x0486687a,
0x1df7f922,
0x8d4620fe,
0x810a86e7,
0x3be79a5c,
0xfff04f6d,
0x00493535,
0x086d7b2b,
0x5d2501bf,
0x101c6343,
0x56b00986,
0x6a810686,
0x1942fe35,
0x0686b2d2,
0xfe494882,
0xd08e2800,
0xaf09866b,
0x24f83146,
0x35e7ec10,
0x583024f8,
0x2260fb46,
0x224a274b,
0x07861649,
0x4b2518a8,
0x52b20c86,
0xfe11f7f9,
0x464a6cfb,
0x441868f9,
0x81098653,
0x19fe0f78,
0x24f8164b,
0x35465820,
0x331024f8,
0x149024f8,
0x3c04864b,
0x06048611,
0x0d60fb30,
0xf9080586,
0x04fdf3f7,
0xfbb2c038,
0x52900068,
0x77464946,
0x00a318e7,
0x00a328f1,
0x00a338f1,
0x00a248f1,
0x00a238f1,
0x86a508f1,
0x9818ba06,
0x74e40786,
0xc80f86d8,
0x0fff7f34,
0xce088600,
0x1ff00448,
0x000059e5,
0x07860f01,
0x8628d081,
0x10860808,
0x08088610,
0x00000203,
0x00000204,
0x00000205,
0x00000206,
0x00000207,
0x00000208,
0x00000209,
0x0000020a,
0x0000020b,
0x2004860c,
0xb4810786,
0x08088614,
0x86101086,
0x86200808,
0x34d18107,
0x86080886,
0x08861010,
0x78288608,
0x81078604,
0x088618b5,
0x10108608,
0x10080886,
0xd2810786,
0x08088610,
0x86101086,
0x28860808,
0x86003f78,
0x08860404,
0x10108608,
0x180c0a86,
0x81068602,
0x021a70b6,
0xb6810686,
0x86021c48,
0x38b68106,
0x06860221,
0x2364b681,
0x81068602,
0x86071cb7,
0x78b68107,
0x86080886,
0x08861010,
0x04868008,
0x08088604,
0x86101086,
0x28860c0b,
0x07860678,
0x8608b881,
0x10860808,
0x08088610,
0x81078640,
0x08864cd4,
0x10108608,
0x86080886,
0x28867828,
0x01e44082,
0xbb810686,
0x8601e620,
0x78ba8106,
0x068601e8,
0xea68ba81,
0x81068601,
0x01ec14bb,
0xbb810686,
0x8250864c,
0x78288640,
0x40825086,
0x86782886,
0xc3408228,
0x81068601,
0x01c52cbf,
0x01c60000,
0xbf810686,
0x8601c868,
0x34bf8106,
0x068601ca,
0xcc24bf81,
0x40825386,
0x86782886,
0x86408250,
0x0c867828,
0x861cd581,
0x01b60404,
0x01b90000,
0x01bc0000,
0x01bf0000,
0x007f0000,
0x86040486,
0x00000808,
0x0000016c,
0x0000017e,
0x00000190,
0x068601a2,
0x088674d8,
0x04867cd8,
0x00039004,
0x00039100,
0x00039200,
0x86039300,
0x01754012,
0x01870000,
0x01990000,
0x01ab0000,
0x14890686,
0x81078605,
0x0786075c,
0x86207c88,
0x80448107,
0x5d000000,
0x04048601,
0x86080886,
0x01b43022,
0x86040486,
0x12860808,
0x03120081,
0x031f0000,
0x032c0000,
0x86390000,
0x86208113,
0x01171010,
0x00f40000,
0x01450000,
0x00f50000,
0x01460000,
0x01130000,
0x01010000,
0x86ef0000,
0x867c810f,
0x03100404,
0x031d0000,
0x032a0000,
0x03370000,
0x08201286,
0x15000003,
0x22000003,
0x2f000003,
0x73201386,
0x7b000003,
0x83000003,
0x8b000003,
0x72201386,
0x7a000003,
0x82000003,
0x8a000003,
0x70201386,
0x78000003,
0x80000003,
0x88000003,
0x71201386,
0x79000003,
0x81000003,
0x89000003,
0x86402386,
0xb5708220,
0x86040486,
0x07860808,
0x860174dc,
0x48c28107,
0x0c0b8603,
0x08480486,
0x86301786,
0x08861c04,
0x64048608,
0x08088670,
0x9a000000,
0x00040486,
0x869b0000,
0x23860404,
0x04869830,
0x00000004,
0x04048699,
0x96302386,
0x00040486,
0x86970000,
0x23860404,
0x869e4081,
0x08860404,
0x18078608,
0x20821c86,
0x86301086,
0x64c48108,
0x86380486,
0x04863404,
0x07860c64,
0xc030e181,
0x95000000,
0x86040486,
0x23860808,
0x869c1081,
0x08860404,
0x81238608,
0x30108610,
0x10812086,
0x0404869d,
0x86080886,
0x86b63023,
0x08860404,
0x83138608,
0x00000f00,
0x0886f000,
0x00000008,
0x040486d2,
0xd3000000,
0x86040486,
0x86916023,
0x08860404,
0x60238608,
0x048602bb,
0xbc000004,
0x86040486,
0xce609013,
0xd0000000,
0xcf000000,
0xd1000000,
0x86700786,
0x08860404,
0x04867808,
0x08088604,
0x86301386,
0x00ca5010,
0x00cc0000,
0x00cb0000,
0x86cd0000,
0x10865023,
0x83208630,
0x04868e40,
0x08088604,
0x00811386,
0x00000161,
0x00000162,
0x00000163,
0x12860164,
0x86f80081,
0x08860404,
0x30138608,
0x10881086,
0x86201086,
0x8f108520,
0x86040486,
0x13860808,
0x0350208a,
0x03580000,
0x03600000,
0x86680000,
0x1f864104,
0x86c84083,
0x00000404,
0x0486c900,
0x83238604,
0x0486c670,
0x00000004,
0x040486c7,
0xc4302386,
0x00040486,
0x86c50000,
0x23860404,
0x86900085,
0x08860404,
0x87238608,
0x86028020,
0x08860404,
0x811a8608,
0x1a8628cc,
0x3434861a,
0x86686886,
0x50815081,
0x80323286,
0x002303b5,
0x50ee0caf,
0x6ff3bf3f,
0x30f0008f,
0x32f000e8,
0x4ff3bfe8,
0x80bf308f,
0x900000bd,
0x0b211cb5,
0x4faf004a,
0x004470f0,
0x010304ea,
0x0440cb32,
0x24b2db39,
0x022b0909,
0x883c01f8,
0x983337bf,
0x863330bf,
0x1d0b0c04,
0x4800d1ed,
0x02ccbd90,
0xb5800100,
0xaf004603,
0x1c59781a,
0x1a18b90a,
0x460bbd80,
0x0586e7f8,
0x1ff04485,
0xd47321e5,
0x080486f0,
0xf0d47205,
0x00783020,
0x45000a0d,
0x203a003a,
0x00202000,
0x4e550a0d,
0x214b4f5a,
0x034fff00,
0x3e1001d5,
0x7ff821d5,
0x7ef82192,
0x7df82192,
0x7cf82192,
0x73f82192,
0x1e100192,
0x033fdfd5,
0x000ea0d5,
0x40000158,
0x1b1021b9,
0x00802453,
0x00010111,
0x000e4334,
0x04006158,
0x0080608b,
0x00c3e291,
0x00440232,
0x00003fb8,
0xffffc1eb,
0x000da054,
0x80000258,
0x00000212,
0x000d80b9,
0x05860158,
0x0d860124,
0x0b860024,
0x000ce024,
0x00001f58,
0x3800b3b9,
0x401e73d5,
0x00027fd3,
0x000540f1,
0x00096054,
0x78058618,
0x01320000,
0x00b90000,
0x86100486,
0xb9001405,
0x180008e1,
0x52800542,
0xb9000022,
0x180008a4,
0xb9400084,
0x7100009f,
0x54ffffa0,
0xf100067f,
0x54000100,
0xf1000a7f,
0x08048680,
0x00f1000e,
0x62540002,
0x30068604,
0x17fffffe,
0x18000723,
0x52800022,
0xb9000062,
0x06860642,
0x1f008018,
0x860683d6,
0x8662180a,
0x05e3180b,
0x82180a86,
0x41180b86,
0x42180005,
0x10068600,
0x18000441,
0x06860822,
0x860a420c,
0x86620806,
0x86c21007,
0x08863407,
0x8603243c,
0xc434810e,
0x100e8602,
0x100f8664,
0x38078622,
0x068601e1,
0x01c40881,
0xf9200586,
0x08810886,
0xfff02000,
0xfff02004,
0x840586f0,
0x0cf0116f,
0x14f02101,
0x18f02101,
0x1cf02101,
0x08f02101,
0x10100486,
0x0100ffe4,
0x23058621,
0x86f01004,
0x1808f006,
0x80080686,
0x10078611,
0x10078614,
0x86200886,
0x0a861808,
0x00004c85,
0x00000000,
0x00000000,
0x00000000,
0x00000000,
0x00000000,
0x00000000,
0x00000000,
0x00000000,
0x00000000,
0x00000000,
0x00000000,
0x00000000,
0x00000000,
0x00000000,
0x00000000,
0x00000000,
0x00000000,
0x00000000,
0x00000000,
0x00000000,
0x00000000,
0x00000000,
0x00000000,
0x00000000,
0x00000000,
0x00000000,
0x00000000,
0x00000000,
0x00000000,
0x00000000,
0x00000000,
0x00000000,
0x00000000,
0x00000000,
0x00000000,
0x00000000,
0x00000000,
0x00000000,
0x00000000,
0x00000000,
0x00000000,
0x00000000,
0x00000000,
0x00000000,
0x00000000,
0x00000000,
0x00000000,
0x00000000,
0x00000000,
0x00000000,
0x00000000,
0x00000000,
0x00000000,
0x00000000,
0x00000000,
0x00000000,
0x00000000,
0x00000000,
0x00000000,
0x00000000,
0x00000000,
0x00000000,
0x00000000,
0x00000000,
0x00000000,
0x00000000,
0x00000000,
0x00000000,
0x00000000,
0x00000000,
0x00000000,
0x00000000,
0x00000000,
0x00000000,
0x00000000,
0x00000000,
0x00000000,
0x00000000,
0x00000000,
0x00000000,
0x00000000,
0x00000000,
0x00000000,
0x00000000,
0x00000000,
0x00000000,
0x00000000,
0x00000000,
0x00000000,
0x00000000,
0x00000000,
0x00000000,
0x00000000,
0x00000000,
0x00000000,
0x00000000,
0x00000000,
0x00000000,
0x00000000,
0x00000000,
0x00000000,
0x00000000,
0x00000000,
0x00000000,
0x00000000,
0x00000000,
0x00000000,
0x00000000,
0x00000000,
0x00000000,
0x00000000,
0x00000000,
0x00000000,
0x00000000,
0x00000000,
0x00000000,
0x00000000,
0x00000000,
0x00000000,
0x00000000,
0x00000000,
0x00000000,
0x00000000,
0x00000000,
0x00000000,
0x00000000,
0x00000000,
0x00000000,
0x00000000,
0x00000000,
0x00000000,
0x00000000,
0x00000000,
0x00000000,
0x00000000,
0x00000000,
0x00000000,
0x00000000,
0x00000000,
0x00000000,
0x00000000,
0x00000000,
0x00000000,
0x00000000,
0x00000000,
0x00000000,
0x00000000,
0x00000000,
0x00000000,
0x00000000,
0x00000000,
0x00000000,
0x00000000,
0x00000000,
0x00000000,
0x00000000,
0x00000000,
0x00000000,
0x00000000,
0x00000000,
0x00000000,
0x00000000,
0x00000000,
0x00000000,
0x00000000,
0x00000000,
0x00000000,
0x00000000,
0x00000000,
0x00000000,
0x00000000,
0x00000000,
0x00000000,
0x00000000,
0x00000000,
0x00000000,
0x00000000,
0x00000000,
0x00000000,
0x00000000,
0x00000000,
0x00000000,
0x00000000,
0x00000000,
0x00000000,
0x00000000,
0x00000000,
0x00000000,
0x00000000,
0x00000000,
0x00000000,
0x00000000,
0x00000000,
0x00000000,
0x00000000,
0x00000000,
0x00000000,
0x00000000,
0x00000000,
0x00000000,
0x00000000,
0x00000000,
0x00000000,
0x00000000,
0x00000000,
0x00000000,
0x00000000,
0x00000000,
0x00000000,
0x00000000,
0x00000000,
0x00000000,
0x00000000,
0x00000000,
0x00000000,
0x00000000,
0x00000000,
0x00000000,
0x00000000,
0x00000000,
0x00000000,
0x00000000,
0x00000000,
0x00000000,
0x00000000,
0x00000000,
0x00000000,
0x00000000,
0x00000000,
0x00000000,
0x00000000,
0x00000000,
0x00000000,
0x00000000,
0x00000000,
0x00000000,
0x00000000,
0x00000000,
0x00000000,
0x00000000,
0x00000000,
0x00000000,
0x00000000,
0x00000000,
0x00000000,
0x00000000,
0x00000000,
0x00000000,
0x00000000,
0x00000000,
0x00000000,
0x00000000,
0x00000000,
0x00000000,
0x00000000,
0x00000000,
0x00000000,
0x00000000,
0x00000000,
0x00000000,
0x00000000,
0x00000000,
0x00000000,
0x00000000,
0x00000000,
0x00000000,
0x00000000,
0x00000000,
0x00000000,
0x00000000,
0x00000000,
0x00000000,
0x00000000,
0x00000000,
0x00000000,
0x00000000,
0x00000000,
0x00000000,
0x00000000,
0x00000000,
0x00000000,
0x00000000,
0x00000000,
0x00000000,
0x00000000,
0x00000000,
0x00000000,
0x00000000,
0x00000000,
0x00000000,
0x00000000,
0x00000000,
0x00000000,
0x00000000,
0x00000000,
0x00000000,
0x00000000,
0x00000000,
0x00000000,
0x00000000,
0x00000000,
0x00000000,
0x00000000,
0x00000000,
0x00000000,
0x00000000,
0x00000000,
0x00000000,
0x00000000,
0x00000000,
0x00000000,
0x00000000,
0x00000000,
0x00000000,
0x00000000,
0x00000000,
0x00000000,
0x00000000,
0x00000000,
0x00000000,
0x00000000,
0x00000000,
0x00000000,
0x00000000,
0x00000000,
0x00000000,
0x00000000,
0x00000000,
0x00000000,
0x00000000,
0x00000000,
0x00000000,
0x00000000,
0x00000000,
0x00000000,
0x00000000,
0x00000000,
0x00000000,
0x00000000,
0x00000000,
0x00000000,
0x00000000,
0x00000000,
0x00000000,
0x00000000,
0x00000000,
0x00000000,
0x00000000,
0x00000000,
0x00000000,
0x00000000,
0x00000000,
0x00000000,
0x00000000,
0x00000000,
0x00000000,
0x00000000,
0x00000000,
0x00000000,
0x00000000,
0x00000000,
0x00000000,
0x00000000,
0x00000000,
0x00000000,
0x00000000,
0x00000000,
0x00000000,
0x00000000,
0x00000000,
0x00000000,
0x00000000,
0x00000000,
0x00000000,
0x00000000,
0x00000000,
0x00000000,
0x00000000,
0x00000000,
0x00000000,
0x00000000,
0x00000000,
0x00000000,
0x00000000,
0x00000000,
0x00000000,
0x00000000,
0x00000000,
0x00000000,
0x00000000,
0x00000000,
0x00000000,
0x00000000,
0x00000000,
0x00000000,
0x00000000,
0x00000000,
0x00000000,
0x00000000,
0x00000000,
0x00000000,
0x00000000,
0x00000000,
0x00000000,
0x00000000,
0x00000000,
0x00000000,
0x00000000,
0x00000000,
0x00000000,
0x00000000,
0x00000000,
0x00000000,
0x00000000,
0x00000000,
0x00000000,
0x00000000,
0x00000000,
0x00000000,
0x00000000,
0x00000000,
0x00000000,
0x00000000,
0x00000000,
0x00000000,
0x00000000,
0x00000000,
0x00000000,
0x00000000,
0x00000000,
0x00000000,
0x00000000,
0x00000000,
0x00000000,
0x00000000,
0x00000000,
0x00000000,
0x00000000,
0x00000000,
0x00000000,
0x00000000,
0x00000000,
0x00000000,
0x00000000,
0x00000000,
0x00000000,
0x00000000,
0x00000000,
0x00000000,
0x00000000,
0x00000000,
0x00000000,
0x00000000,
0x00000000,
0x00000000,
0x00000000,
0x00000000,
0x00000000,
0x00000000,
0x00000000,
0x00000000,
0x00000000,
0x00000000,
0x00000000,
0x00000000,
0x00000000,
0x00000000,
0x00000000,
0x00000000,
0x00000000,
0x00000000,
0x00000000,
0x00000000,
0x00000000,
0x00000000,
0x00000000,
0x00000000,
0x00000000,
0x00000000,
0x00000000,
0x00000000,
0x00000000,
0x00000000,
0x00000000,
0x00000000,
0x00000000,
0x00000000,
0x00000000,
0x00000000,
0x00000000,
0x00000000,
0x00000000,
0x00000000,
0x00000000,
0x00000000,
0x00000000,
0x00000000,
0x00000000,
0x00000000,
0x00000000,
0x00000000,
0x00000000,
0x00000000,
0x00000000,
0x00000000,
0x00000000,
0x00000000,
0x00000000,
0x00000000,
0x00000000,
0x00000000,
0x00000000,
0x00000000,
0x00000000,
0x00000000,
0x00000000,
0x00000000,
0x00000000,
0x00000000,
0x00000000,
0x00000000,
0x00000000,
0x00000000,
0x00000000,
0x00000000,
0x00000000,
0x00000000,
0x00000000,
0x00000000,
0x00000000,
0x00000000,
0x00000000,
0x00000000,
0x00000000,
0x00000000,
0x00000000,
0x00000000,
0x00000000,
0x00000000,
0x00000000,
0x00000000,
0x00000000,
0x00000000,
0x00000000,
0x00000000,
0x00000000,
0x00000000,
0x00000000,
0x00000000,
0x00000000,
0x00000000,
0x00000000,
0x00000000,
0x00000000,
0x00000000,
0x00000000,
0x00000000,
0x00000000,
0x00000000,
0x00000000,
0x00000000,
0x00000000,
0x00000000,
0x00000000,
0x00000000,
0x00000000,
0x00000000,
0x00000000,
0x00000000,
0x00000000,
0x00000000,
0x00000000,
0x00000000,
0x00000000,
0x00000000,
0x00000000,
0x00000000,
0x00000000,
0x00000000,
0x00000000,
0x00000000,
0x00000000,
0x00000000,
0x00000000,
0x00000000,
0x00000000,
0x00000000,
0x00000000,
0x00000000,
0x00000000,
0x00000000,
0x00000000,
0x00000000,
0x00000000,
0x00000000,
0x00000000,
0x00000000,
0x00000000,
0x00000000,
0x00000000,
0x00000000,
0x00000000,
0x00000000,
0x00000000,
0x00000000,
0x00000000,
0x00000000,
0x00000000,
0x00000000,
0x00000000,
0x00000000,
0x00000000,
0x00000000,
0x00000000,
0x00000000,
0x00000000,
0x00000000,
0x00000000,
0x00000000,
0x00000000,
0x00000000,
0x00000000,
0x00000000,
0x00000000,
0x00000000,
0x00000000,
0x00000000,
0x00000000,
0x00000000,
0x00000000,
0x00000000,
0x00000000,
0x00000000,
0x00000000,
0x00000000,
0x00000000,
0x00000000,
0x00000000,
0x00000000,
0x00000000,
0x00000000,
0x00000000,
0x00000000,
0x00000000,
0x00000000,
0x00000000,
0x00000000,
0x00000000,
0x00000000,
0x00000000,
0x00000000,
0x00000000,
0x00000000,
0x00000000,
0x00000000,
0x00000000,
0x00000000,
0x00000000,
0x00000000,
0x00000000,
0x00000000,
0x00000000,
0x00000000,
0x00000000,
0x00000000,
0x00000000,
0x00000000,
0x00000000,
0x00000000,
0x00000000,
0x00000000,
0x00000000,
0x00000000,
0x00000000,
0x00000000,
0x00000000,
0x00000000,
0x00000000,
0x00000000,
0x00000000,
0x00000000,
0x00000000,
0x00000000,
0x00000000,
0x00000000,
0x00000000,
0x00000000,
0x00000000,
0x00000000,
0x00000000,
0x00000000,
0x00000000,
0x00000000,
0x00000000,
0x00000000,
0x00000000,
0x00000000,
0x00000000,
0x00000000,
0x00000000,
0x00000000,
0x00000000,
0x00000000,
0x00000000,
0x00000000,
0x00000000,
0x00000000,
0x00000000,
0x00000000,
0x00000000,
0x00000000,
0x00000000,
0x00000000,
0x00000000,
0x00000000,
0x00000000,
0x00000000,
0x00000000,
0x00000000,
0x00000000,
0x00000000,
0x00000000,
0x00000000,
0x00000000,
0x00000000,
0x00000000,
0x00000000,
0x00000000,
0x00000000,
0x00000000,
0x00000000,
0x00000000,
0x00000000,
0x00000000,
0x00000000,
0x00000000,
0x00000000,
0x00000000,
0x00000000,
0x00000000,
0x00000000,
0x00000000,
0x00000000,
0x00000000,
0x00000000,
0x00000000,
0x00000000,
0x00000000,
0x00000000,
0x00000000,
0x00000000,
0x00000000,
0x00000000,
0x00000000,
0x00000000,
0x00000000,
0x00000000,
0x00000000,
0x00000000,
0x00000000,
0x00000000,
0x00000000,
0x00000000,
0x00000000,
0x00000000,
0x00000000,
0x00000000,
0x00000000,
0x00000000,
0x00000000,
0x00000000,
0x00000000,
0x00000000,
0x00000000,
0x00000000,
0x00000000,
0x00000000,
0x00000000,
0x00000000,
0x00000000,
0x00000000,
0x00000000,
0x00000000,
0x00000000,
0x00000000,
0x00000000,
0x00000000,
0x00000000,
0x00000000,
0x00000000,
0x00000000,
0x00000000,
0x00000000,
0x00000000,
0x00000000,
0x00000000,
0x00000000,
0x00000000,
0x00000000,
0x00000000,
0x00000000,
0x00000000,
0x00000000,
0x00000000,
0x00000000,
0x00000000,
0x00000000,
0x00000000,
0x00000000,
0x00000000,
0x00000000,
0x00000000,
0x00000000,
0x00000000,
0x00000000,
0x00000000,
0x00000000,
0x00000000,
0x00000000,
0x00000000,
0x00000000,
0x00000000,
0x00000000,
0x00000000,
0x00000000,
0x00000000,
0x00000000,
0x00000000,
0x00000000,
0x00000000,
0x00000000,
0x00000000,
0x00000000,
0x00000000,
0x00000000,
0x00000000,
0x00000000,
0x00000000,
0x00000000,
0x00000000,
0x00000000,
0x00000000,
0x00000000,
0x00000000,
0x00000000,
0x00000000,
0x00000000,
0x00000000,
0x00000000,
0x00000000,
0x00000000,
0x00000000,
0x00000000,
0x00000000,
0x00000000,
0x00000000,
0x00000000,
0x00000000,
0x00000000,
0x00000000,
0x00000000,
0x00000000,
0x00000000,
0x00000000,
0x00000000,
0x00000000,
0x00000000,
0x00000000,
0x00000000,
0x00000000,
0x00000000,
0x00000000,
0x00000000,
0x00000000,
0x00000000,
0x00000000,
0x00000000,
0x00000000,
0x00000000,
0x00000000,
0x00000000,
0x00000000,
0x00000000,
0x00000000,
0x00000000,
0x00000000,
0x00000000,
0x00000000,
0x00000000,
0x00000000,
0x00000000,
0x00000000,
0x00000000,
0x00000000,
0x00000000,
0x00000000,
0x00000000,
0x00000000,
0x00000000,
0x00000000,
0x00000000,
0x00000000,
0x00000000,
0x00000000,
0x00000000,
0x00000000,
0x00000000,
0x00000000,
0x00000000,
0x00000000,
0x00000000,
0x00000000,
0x00000000,
0x00000000,
0x00000000,
0x00000000,
0x00000000,
0x00000000,
0x00000000,
0x00000000,
0x00000000,
0x00000000,
0x00000000,
0x00000000,
0x00000000,
0x00000000,
0x00000000,
0x00000000,
0x00000000,
0x00000000,
0x00000000,
0x00000000,
0x00000000,
0x00000000,
0x00000000,
0x00000000,
0x00000000,
0x00000000,
0x00000000,
0x00000000,
0x00000000,
0x00000000,
0x00000000,
0x00000000,
0x00000000,
0x00000000,
0x00000000,
0x00000000,
0x00000000,
0x00000000,
0x00000000,
0x00000000,
0x00000000,
0x00000000,
0x00000000,
0x00000000,
0x00000000,
0x00000000,
0x00000000,
0x00000000,
0x00000000,
0x00000000,
0x00000000,
0x00000000,
0x00000000,
0x00000000,
0x00000000,
0x00000000,
0x00000000,
0x00000000,
0x00000000,
0x00000000,
0x00000000,
0x00000000,
0x00000000,
0x00000000,
0x00000000,
0x00000000,
0x00000000,
0x00000000,
0x00000000,
0x00000000,
0x00000000,
0x00000000,
0x00000000,
0x00000000,
0x00000000,
0x00000000,
0x00000000,
0x00000000,
0x00000000,
0x00000000,
0x00000000,
0x00000000,
0x00000000,
0x00000000,
0x00000000,
0x00000000,
0x00000000,
0x00000000,
0x00000000,
0x00000000,
0x00000000,
0x00000000,
0x00000000,
0x00000000,
0x00000000,
0x00000000,
0x00000000,
0x00000000,
0x00000000,
0x00000000,
0x00000000,
0x00000000,
0x00000000,
0x00000000,
0x00000000,
0x00000000,
0x00000000,
0x00000000,
0x00000000,
0x00000000,
0x00000000,
0x00000000,
0x00000000,
0x00000000,
0x00000000,
0x00000000,
0x00000000,
0x00000000,
0x00000000,
0x00000000,
0x00000000,
0x00000000,
0x00000000,
0x00000000,
0x00000000,
0x00000000,
0x00000000,
0x00000000,
0x00000000,
0x00000000,
0x00000000,
0x00000000,
0x00000000,
0x00000000,
0x00000000,
0x00000000,
0x00000000,
0x00000000,
0x00000000,
0x00000000,
0x00000000,
0x00000000,
0x00000000,
0x00000000,
0x00000000,
0x00000000,
0x00000000,
0x00000000,
0x00000000,
0x00000000,
0x00000000,
0x00000000,
0x00000000,
0x00000000,
0x00000000,
0x00000000,
0x00000000,
0x00000000,
0x00000000,
0x00000000,
0x00000000,
0x00000000,
0x00000000,
0x00000000,
0x00000000,
0x00000000,
0x00000000,
0x00000000,
0x00000000,
0x00000000,
0x00000000,
0x00000000,
0x00000000,
0x00000000,
0x00000000,
0x00000000,
0x00000000,
0x00000000,
0x00000000,
0x00000000,
0x00000000,
0x00000000,
0x00000000,
0x00000000,
0x00000000,
0x00000000,
0x00000000,
0x00000000,
0x00000000,
0x00000000,
0x00000000,
0x00000000,
0x00000000,
0x00000000,
0x00000000,
0x00000000,
0x00000000,
0x00000000,
0x00000000,
0x00000000,
0x00000000,
0x00000000,
0x00000000,
0x00000000,
0x00000000,
0x00000000,
0x00000000,
0x00000000,
0x00000000,
0x00000000,
0x00000000,
0x00000000,
0x00000000,
0x00000000,
0x00000000,
0x00000000,
0x00000000,
0x00000000,
0x00000000,
0x00000000,
0x00000000,
0x00000000,
0x00000000,
0x00000000,
0x00000000,
0x00000000,
0x00000000,
0x00000000,
0x00000000,
0x00000000,
0x00000000,
0x00000000,
0x00000000,
0x00000000,
0x00000000,
0x00000000,
0x00000000,
0x00000000,
0x00000000,
0x00000000,
0x00000000,
0x00000000,
0x00000000,
0x00000000,
0x00000000,
0x00000000,
0x00000000,
0x00000000,
0x00000000,
0x00000000,
0x00000000,
0x00000000,
0x00000000,
0x00000000,
0x00000000,
0x00000000,
0x00000000,
0x00000000,
0x00000000,
0x00000000,
0x00000000,
0x00000000,
0x00000000,
0x00000000,
0x00000000,
0x00000000,
0x00000000,
0x00000000,
0x00000000,
0x00000000,
0x00000000,
0x00000000,
0x00000000,
0x00000000,
0x00000000,
0x00000000,
0x00000000,
0x00000000,
0x00000000,
0x00000000,
0x00000000,
0x00000000,
0x00000000,
0x00000000,
0x00000000,
0x00000000,
0x00000000,
0x00000000,
0x00000000,
0x00000000,
0x00000000,
0x00000000,
0x00000000,
0x00000000,
0x00000000,
0x00000000,
0x00000000,
0x00000000,
0x00000000,
0x00000000,
0x00000000,
0x00000000,
0x00000000,
0x00000000,
0x00000000,
0x00000000,
0x00000000,
0x00000000,
0x00000000,
0x00000000,
0x00000000,
0x00000000,
0x00000000,
0x00000000,
0x00000000,
0x00000000,
0x00000000,
0x00000000,
0x00000000,
0x00000000,
0x00000000,
0x00000000,
0x00000000,
0x00000000,
0x00000000,
0x00000000,
0x00000000,
0x00000000,
0x00000000,
0x00000000,
0x00000000,
0x00000000,
0x00000000,
0x00000000,
0x00000000,
0x00000000,
0x00000000,
0x00000000,
0x00000000,
0x00000000,
0x00000000,
0x00000000,
0x00000000,
0x00000000,
0x00000000,
0x00000000,
0x00000000,
0x00000000,
0x00000000,
0x00000000,
0x00000000,
0x00000000,
0x00000000,
0x00000000,
0x00000000,
0x00000000,
0x00000000,
0x00000000,
0x00000000,
0x00000000,
0x00000000,
0x00000000,
0x00000000,
0x00000000,
0x00000000,
0x00000000,
0x00000000,
0x00000000,
0x00000000,
0x00000000,
0x00000000,
0x00000000,
0x00000000,
0x00000000,
0x00000000,
0x00000000,
0x00000000,
0x00000000,
0x00000000,
0x00000000,
0x00000000,
0x00000000,
0x00000000,
0x00000000,
0x00000000,
0x00000000,
0x00000000,
0x00000000,
0x00000000,
0x00000000,
0x00000000,
0x00000000,
0x00000000,
0x00000000,
0x00000000,
0x00000000,
0x00000000,
0x00000000,
0x00000000,
0x00000000,
0x00000000,
0x00000000,
0x00000000,
0x00000000,
0x00000000,
0x00000000,
0x00000000,
0x00000000,
0x00000000,
0x00000000,
0x00000000,
0x00000000,
0x00000000,
0x00000000,
0x00000000,
0x00000000,
0x00000000,
0x00000000,
0x00000000,
0x00000000,
0x00000000,
0x00000000,
0x00000000,
0x00000000,
0x00000000,
0x00000000,
0x00000000,
0x00000000,
0x00000000,
0x00000000,
0x00000000,
0x00000000,
0x00000000,
0x00000000,
0x00000000,
0x00000000,
0x00000000,
0x00000000,
0x00000000,
0x00000000,
0x00000000,
0x00000000,
0x00000000,
0x00000000,
0x00000000,
0x00000000,
0x00000000,
0x00000000,
0x00000000,
0x00000000,
0x00000000,
0x00000000,
0x00000000,
0x00000000,
0x00000000,
0x00000000,
0x00000000,
0x00000000,
0x00000000,
0x00000000,
0x00000000,
0x00000000,
0x00000000,
0x00000000,
0x00000000,
0x00000000,
0x00000000,
0x00000000,
0x00000000,
0x00000000,
0x00000000,
0x00000000,
0x00000000,
0x00000000,
0x00000000,
0x00000000,
0x00000000,
0x00000000,
0x00000000,
0x00000000,
0x00000000,
0x00000000,
0x00000000,
0x00000000,
0x00000000,
0x00000000,
0x00000000,
0x00000000,
0x00000000,
0x00000000,
0x00000000,
0x00000000,
0x00000000,
0x00000000,
0x00000000,
0x00000000,
0x00000000,
0x00000000,
0x00000000,
0x00000000,
0x00000000,
0x00000000,
0x00000000,
0x00000000,
0x00000000,
0x00000000,
0x00000000,
0x00000000,
0x00000000,
0x00000000,
0x00000000,
0x00000000,
0x00000000,
0x00000000,
0x00000000,
0x00000000,
0x00000000,
0x00000000,
0x00000000,
0x00000000,
0x00000000,
0x00000000,
0x00000000,
0x00000000,
0x00000000,
0x00000000,
0x00000000,
0x00000000,
0x00000000,
0x00000000,
0x00000000,
0x00000000,
0x00000000,
0x00000000,
0x00000000,
0x00000000,
0x00000000,
0x00000000,
0x00000000,
0x00000000,
0x00000000,
0x00000000,
0x00000000,
0x00000000,
0x00000000,
0x00000000,
0x00000000,
0x00000000,
0x00000000,
0x00000000,
0x00000000,
0x00000000,
0x00000000,
0x00000000,
0x00000000,
0x00000000,
0x00000000,
0x00000000,
0x00000000,
0x00000000,
0x00000000,
0x00000000,
0x00000000,
0x00000000,
0x00000000,
0x00000000,
0x00000000,
0x00000000,
0x00000000,
0x00000000,
0x00000000,
0x00000000,
0x00000000,
0x00000000,
0x00000000,
0x00000000,
0x00000000,
0x00000000,
0x00000000,
0x00000000,
0x00000000,
0x00000000,
0x00000000,
0x00000000,
0x00000000,
0x00000000,
0x00000000,
0x00000000,
0x00000000,
0x00000000,
0x00000000,
0x00000000,
0x00000000,
0x00000000,
0x00000000,
0x00000000,
0x00000000,
0x00000000,
0x00000000,
0x00000000,
0x00000000,
0x00000000,
0x00000000,
0x00000000,
0x00000000,
0x00000000,
0x00000000,
0x00000000,
0x00000000,
0x00000000,
0x00000000,
0x00000000,
0x00000000,
0x00000000,
0x00000000,
0x00000000,
0x00000000,
0x00000000,
0x00000000,
0x00000000,
0x00000000,
0x00000000,
0x00000000,
0x00000000,
0x00000000,
0x00000000,
0x00000000,
0x00000000,
0x00000000,
0x00000000,
0x00000000,
0x00000000,
0x00000000,
0x00000000,
0x00000000,
0x00000000,
0x00000000,
0x00000000,
0x00000000,
0x00000000,
0x00000000,
0x00000000,
0x00000000,
0x00000000,
0x00000000,
0x00000000,
0x00000000,
0x00000000,
0x00000000,
0x00000000,
0x00000000,
0x00000000,
0x00000000,
0x00000000,
0x00000000,
0x00000000,
0x00000000,
0x00000000,
0x00000000,
0x00000000,
0x00000000,
0x00000000,
0x00000000,
0x00000000,
0x00000000,
0x00000000,
0x00000000,
0x00000000,
0x00000000,
0x00000000,
0x00000000,
0x00000000,
0x00000000,
0x00000000,
0x00000000,
0x00000000,
0x00000000,
0x00000000,
0x00000000,
0x00000000,
0x00000000,
0x00000000,
0x00000000,
0x00000000,
0x00000000,
0x00000000,
0x00000000,
0x00000000,
0x00000000,
0x00000000,
0x00000000,
0x00000000,
0x00000000,
0x00000000,
0x00000000,
0x00000000,
0x00000000,
0x00000000,
0x00000000,
0x00000000,
0x00000000,
0x00000000,
0x00000000,
0x00000000,
0x00000000,
0x00000000,
0x00000000,
0x00000000,
0x00000000,
0x00000000,
0x00000000,
0x00000000,
0x00000000,
0x00000000,
0x00000000,
0x00000000,
0x00000000,
0x00000000,
0x00000000,
0x00000000,
0x00000000,
0x00000000,
0x00000000,
0x00000000,
0x00000000,
0x00000000,
0x00000000,
0x00000000,
0x00000000,
0x00000000,
0x00000000,
0x00000000,
0x00000000,
0x00000000,
0x00000000,
0x00000000,
0x00000000,
0x00000000,
0x00000000,
0x00000000,
0x00000000,
0x00000000,
0x00000000,
0x00000000,
0x00000000,
0x00000000,
0x00000000,
0x00000000,
0x00000000,
0x00000000,
0x00000000,
0x00000000,
0x00000000,
0x00000000,
0x00000000,
0x00000000,
0x00000000,
0x00000000,
0x00000000,
0x00000000,
0x00000000,
0x00000000,
0x00000000,
0x00000000,
0x00000000,
0x00000000,
0x00000000,
0x00000000,
0x00000000,
0x00000000,
0x00000000,
0x00000000,
0x00000000,
0x00000000,
0x00000000,
0x00000000,
0x00000000,
0x00000000,
0x00000000,
0x00000000,
0x00000000,
0x00000000,
0x00000000,
0x00000000,
0x00000000,
0x00000000,
0x00000000,
0x00000000,
0x00000000,
0x00000000,
0x00000000,
0x00000000,
0x00000000,
0x00000000,
0x00000000,
0x00000000,
0x00000000,
0x00000000,
0x00000000,
0x00000000,
0x00000000,
0x00000000,
0x00000000,
0x00000000,
0x00000000,
0x00000000,
0x00000000,
0x00000000,
0x00000000,
0x00000000,
0x00000000,
0x00000000,
0x00000000,
0x00000000,
0x00000000,
0x00000000,
0x00000000,
0x00000000,
0x00000000,
0x00000000,
0x00000000,
0x00000000,
0x00000000,
0x00000000,
0x00000000,
0x00000000,
0x00000000,
0x00000000,
0x00000000,
0x00000000,
0x00000000,
0x00000000,
0x00000000,
0x00000000,
0x00000000,
0x00000000,
0x00000000,
0x00000000,
0x00000000,
0x00000000,
0x00000000,
0x00000000,
0x00000000,
0x00000000,
0x00000000,
0x00000000,
0x00000000,
0x00000000,
0x00000000,
0x00000000,
0x00000000,
0x00000000,
0x00000000,
0x00000000,
0x00000000,
0x00000000,
0x00000000,
0x00000000,
0x00000000,
0x00000000,
0x00000000,
0x00000000,
0x00000000,
0x00000000,
0x00000000,
0x00000000,
0x00000000,
0x00000000,
0x00000000,
0x00000000,
0x00000000,
0x00000000,
0x00000000,
0x00000000,
0x00000000,
0x00000000,
0x00000000,
0x00000000,
0x00000000,
0x00000000,
0x00000000,
0x00000000,
0x00000000,
0x00000000,
0x00000000,
0x00000000,
0x00000000,
0x00000000,
0x00000000,
0x00000000,
0x00000000,
0x00000000,
0x00000000,
0x00000000,
0x00000000,
0x00000000,
0x00000000,
0x00000000,
0x00000000,
0x00000000,
0x00000000,
0x00000000,
0x00000000,
0x00000000,
0x00000000,
0x00000000,
0x00000000,
0x00000000,
0x00000000,
0x00000000,
0x00000000,
0x00000000,
0x00000000,
0x00000000,
0x00000000,
0x00000000,
0x00000000,
0x00000000,
0x00000000,
0x00000000,
0x00000000,
0x00000000,
0x00000000,
0x00000000,
0x00000000,
0x00000000,
0x00000000,
0x00000000,
0x00000000,
0x00000000,
0x00000000,
0x00000000,
0x00000000,
0x00000000,
0x00000000,
0x00000000,
0x00000000,
0x00000000,
0x00000000,
0x00000000,
0x00000000,
0x00000000,
0x00000000,
0x00000000,
0x00000000,
0x00000000,
0x00000000,
0x00000000,
0x00000000,
0x00000000,
0x00000000,
0x00000000,
0x00000000,
0x00000000,
0x00000000,
0x00000000,
0x00000000,
0x00000000,
0x00000000,
0x00000000,
0x00000000,
0x00000000,
0x00000000,
0x00000000,
0x00000000,
0x00000000,
0x00000000,
0x00000000,
0x00000000,
0x00000000,
0x00000000,
0x00000000,
0x00000000,
0x00000000,
0x00000000,
0x00000000,
0x00000000,
0x00000000,
0x00000000,
0x00000000,
0x00000000,
0x00000000,
0x00000000,
0x00000000,
0x00000000,
0x00000000,
0x00000000,
0x00000000,
0x00000000,
0x00000000,
0x00000000,
0x00000000,
0x00000000,
0x00000000,
0x00000000,
0x00000000,
0x00000000,
0x00000000,
0x00000000,
0x00000000,
0x00000000,
0x00000000,
0x00000000,
0x00000000,
0x00000000,
0x00000000,
0x00000000,
0x00000000,
0x00000000,
0x00000000,
0x00000000,
0x00000000,
0x00000000,
0x00000000,
0x00000000,
0x00000000,
0x00000000,
0x00000000,
0x00000000,
0x00000000,
0x00000000,
0x00000000,
0x00000000,
0x00000000,
0x00000000,
0x00000000,
0x00000000,
0x00000000,
0x00000000,
0x00000000,
0x00000000,
0x00000000,
0x00000000,
0x00000000,
0x00000000,
0x00000000,
0x00000000,
0x00000000,
0x00000000,
0x00000000,
0x00000000,
0x00000000,
0x00000000,
0x00000000,
0x00000000,
0x00000000,
0x00000000,
0x00000000,
0x00000000,
0x00000000,
0x00000000,
0x00000000,
0x00000000,
0x00000000,
0x00000000,
0x00000000,
0x00000000,
0x00000000,
0x00000000,
0x00000000,
0x00000000,
0x00000000,
0x00000000,
0x00000000,
0x00000000,
0x00000000,
0x00000000,
0x00000000,
0x00000000,
0x00000000,
0x00000000,
0x00000000,
0x00000000,
0x00000000,
0x00000000,
0x00000000,
0x00000000,
0x00000000,
0x00000000,
0x00000000,
0x00000000,
0x00000000,
0x00000000,
0x00000000,
0x00000000,
0x00000000,
0x00000000,
0x00000000,
0x00000000,
0x00000000,
0x00000000,
0x00000000,
0x00000000,
0x00000000,
0x00000000,
0x00000000,
0x00000000,
0x00000000,
0x00000000,
0x00000000,
0x00000000,
0x00000000,
0x00000000,
0x00000000,
0x00000000,
0x00000000,
0x00000000,
0x00000000,
0x00000000,
0x00000000,
0x00000000,
0x00000000,
0x00000000,
0x00000000,
0x00000000,
0x00000000,
0x00000000,
0x00000000,
0x00000000,
0x00000000,
0x00000000,
0x00000000,
0x00000000,
0x00000000,
0x00000000,
0x00000000,
0x00000000,
0x00000000,
0x00000000,
0x00000000,
0x00000000,
0x00000000,
0x00000000,
0x00000000,
0x00000000,
0x00000000,
0x00000000,
0x00000000,
0x00000000,
0x00000000,
0x00000000,
0x00000000,
0x00000000,
0x00000000,
0x00000000,
0x00000000,
0x00000000,
0x00000000,
0x00000000,
0x00000000,
0x00000000,
0x00000000,
0x00000000,
0x00000000,
0x00000000,
0x00000000,
0x00000000,
0x00000000,
0x00000000,
0x00000000,
0x00000000,
0x00000000,
0x00000000,
0x00000000,
0x00000000,
0x00000000,
0x00000000,
0x00000000,
0x00000000,
0x00000000,
0x00000000,
0x00000000,
0x00000000,
0x00000000,
0x00000000,
0x00000000,
0x00000000,
0x00000000,
0x00000000,
0x00000000,
0x00000000,
0x00000000,
0x00000000,
0x00000000,
0x00000000,
0x00000000,
0x00000000,
0x00000000,
0x00000000,
0x00000000,
0x00000000,
0x00000000,
0x00000000,
0x00000000,
0x00000000,
0x00000000,
0x00000000,
0x00000000,
0x00000000,
0x00000000,
0x00000000,
0x00000000,
0x00000000,
0x00000000,
0x00000000,
0x00000000,
0x00000000,
0x00000000,
0x00000000,
0x00000000,
0x00000000,
0x00000000,
0x00000000,
0x00000000,
0x00000000,
0x00000000,
0x00000000,
0x00000000,
0x00000000,
0x00000000,
0x00000000,
0x00000000,
0x00000000,
0x00000000,
0x00000000,
0x00000000,
0x00000000,
0x00000000,
0x00000000,
0x00000000,
0x00000000,
0x00000000,
0x00000000,
0x00000000,
0x00000000,
0x00000000,
0x00000000,
0x00000000,
0x00000000,
0x00000000,
0x00000000,
0x00000000,
0x00000000,
0x00000000,
0x00000000,
0x00000000,
0x00000000,
0x00000000,
0x00000000,
0x00000000,
0x00000000,
0x00000000,
0x00000000,
0x00000000,
0x00000000,
0x00000000,
0x00000000,
0x00000000,
0x00000000,
0x00000000,
0x00000000,
0x00000000,
0x00000000,
0x00000000,
0x00000000,
0x00000000,
0x00000000,
0x00000000,
0x00000000,
0x00000000,
0x00000000,
0x00000000,
0x00000000,
0x00000000,
0x00000000,
0x00000000,
0x00000000,
0x00000000,
0x00000000,
0x00000000,
0x00000000,
0x00000000,
0x00000000,
0x00000000,
0x00000000,
0x00000000,
0x00000000,
0x00000000,
0x00000000,
0x00000000,
0x00000000,
0x00000000,
0x00000000,
0x00000000,
0x00000000,
0x00000000,
0x00000000,
0x00000000,
0x00000000,
0x00000000,
0x00000000,
0x00000000,
0x00000000,
0x00000000,
0x00000000,
0x00000000,
0x00000000,
0x00000000,
0x00000000,
0x00000000,
0x00000000,
0x00000000,
0x00000000,
0x00000000,
0x00000000,
0x00000000,
0x00000000,
0x00000000,
0x00000000,
0x00000000,
0x00000000,
0x00000000,
0x00000000,
0x00000000,
0x00000000,
0x00000000,
0x00000000,
0x00000000,
0x00000000,
0x00000000,
0x00000000,
0x00000000,
0x00000000,
0x00000000,
0x00000000,
0x00000000,
0x00000000,
0x00000000,
0x00000000,
0x00000000,
0x00000000,
0x00000000,
0x00000000,
0x00000000,
0x00000000,
0x00000000,
0x00000000,
0x00000000,
0x00000000,
0x00000000,
0x00000000,
0x00000000,
0x00000000,
0x00000000,
0x00000000,
0x00000000,
0x00000000,
0x00000000,
0x00000000,
0x00000000,
0x00000000,
0x00000000,
0x00000000,
0x00000000,
0x00000000,
0x00000000,
0x00000000,
0x00000000,
0x00000000,
0x00000000,
0x00000000,
0x00000000,
0x00000000,
0x00000000,
0x00000000,
0x00000000,
0x00000000,
0x00000000,
0x00000000,
0x00000000,
0x00000000,
0x00000000,
0x00000000,
0x00000000,
0x00000000,
0x00000000,
0x00000000,
0x00000000,
0x00000000,
0x00000000,
0x00000000,
0x00000000,
0x00000000,
0x00000000,
0x00000000,
0x00000000,
0x00000000,
0x00000000,
0x00000000,
0x00000000,
0x00000000,
0x00000000,
0x00000000,
0x00000000,
0x00000000,
0x00000000,
0x00000000,
0x00000000,
0x00000000,
0x00000000,
0x00000000,
0x00000000,
0x00000000,
0x00000000,
0x00000000,
0x00000000,
0x00000000,
0x00000000,
0x00000000,
0x00000000,
0x00000000,
0x00000000,
0x00000000,
0x00000000,
0x00000000,
0x00000000,
0x00000000,
0x00000000,
0x00000000,
0x00000000,
0x00000000,
0x00000000,
0x00000000,
0x00000000,
0x00000000,
0x00000000,
0x00000000,
0x00000000,
0x00000000,
0x00000000,
0x00000000,
0x00000000,
0x00000000,
0x00000000,
0x00000000,
0x00000000,
0x00000000,
0x00000000,
0x00000000,
0x00000000,
0x00000000,
0x00000000,
0x00000000,
0x00000000,
0x00000000,
0x00000000,
0x00000000,
0x00000000,
0x00000000,
0x00000000,
0x00000000,
0x00000000,
0x00000000,
0x00000000,
0x00000000,
0x00000000,
0x00000000,
0x00000000,
0x00000000,
0x00000000,
0x00000000,
0x00000000,
0x00000000,
0x00000000,
0x00000000,
0x00000000,
0x00000000,
0x00000000,
0x00000000,
0x00000000,
0x00000000,
0x00000000,
0x00000000,
0x00000000,
0x00000000,
0x00000000,
0x00000000,
0x00000000,
0x00000000,
0x00000000,
0x00000000,
0x00000000,
0x00000000,
0x00000000,
0x00000000,
0x00000000,
0x00000000,
0x00000000,
0x00000000,
0x00000000,
0x00000000,
0x00000000,
0x00000000,
0x00000000,
0x00000000,
0x00000000,
0x00000000,
0x00000000,
0x00000000,
0x00000000,
0x00000000,
0x00000000,
0x00000000,
0x00000000,
0x00000000,
0x00000000,
0x00000000,
0x00000000,
0x00000000,
0x00000000,
0x00000000,
0x00000000,
0x00000000,
0x00000000,
0x00000000,
0x00000000,
0x00000000,
0x00000000,
0x00000000,
0x00000000,
0x00000000,
0x00000000,
0x00000000,
0x00000000,
0x00000000,
0x00000000,
0x00000000,
0x00000000,
0x00000000,
0x00000000,
0x00000000,
0x00000000,
0x00000000,
0x00000000,
0x00000000,
0x00000000,
0x00000000,
0x00000000,
0x00000000,
0x00000000,
0x00000000,
0x00000000,
0x00000000,
0x00000000,
0x00000000,
0x00000000,
0x00000000,
0x00000000,
0x00000000,
0x00000000,
0x00000000,
0x00000000,
0x00000000,
0x00000000,
0x00000000,
0x00000000,
0x00000000,
0x00000000,
0x00000000,
0x00000000,
0x00000000,
0x00000000,
0x00000000,
0x00000000,
0x00000000,
0x00000000,
0x00000000,
0x00000000,
0x00000000,
0x00000000,
0x00000000,
0x00000000,
0x00000000,
0x00000000,
0x00000000,
0x00000000,
0x00000000,
0x00000000,
0x00000000,
0x00000000,
0x00000000,
0x00000000,
0x00000000,
0x00000000,
0x00000000,
0x00000000,
0x00000000,
0x00000000,
0x00000000,
0x00000000,
0x00000000,
0x00000000,
0x00000000,
0x00000000,
0x00000000,
0x00000000,
0x00000000,
0x00000000,
0x00000000,
0x00000000,
0x00000000,
0x00000000,
0x00000000,
0x00000000,
0x00000000,
0x00000000,
0x00000000,
0x00000000,
0x00000000,
0x00000000,
0x00000000,
0x00000000,
0x00000000,
0x00000000,
0x00000000,
0x00000000,
0x00000000,
0x00000000,
0x00000000,
0x00000000,
0x00000000,
0x00000000,
0x00000000,
0x00000000,
0x00000000,
0x00000000,
0x00000000,
0x00000000,
0x00000000,
0x00000000,
0x00000000,
0x00000000,
0x00000000,
0x00000000,
0x00000000,
0x00000000,
0x00000000,
0x00000000,
0x00000000,
0x00000000,
0x00000000,
0x00000000,
0x00000000,
0x00000000,
0x00000000,
0x00000000,
0x00000000,
0x00000000,
0x00000000,
0x00000000,
0x00000000,
0x00000000,
0x00000000,
0x00000000,
0x00000000,
0x00000000,
0x00000000,
0x00000000,
0x00000000,
0x00000000,
0x00000000,
0x00000000,
0x00000000,
0x00000000,
0x00000000,
0x00000000,
0x00000000,
0x00000000,
0x00000000,
0x00000000,
0x00000000,
0x00000000,
0x00000000,
0x00000000,
0x00000000,
0x00000000,
0x00000000,
0x00000000,
0x00000000,
0x00000000,
0x00000000,
0x00000000,
0x00000000,
0x00000000,
0x00000000,
0x00000000,
0x00000000,
0x00000000,
0x00000000,
0x00000000,
0x00000000,
0x00000000,
0x00000000,
0x00000000,
0x00000000,
0x00000000,
0x00000000,
0x00000000,
0x00000000,
0x00000000,
0x00000000,
0x00000000,
0x00000000,
0x00000000,
0x00000000,
0x00000000,
0x00000000,
0x00000000,
0x00000000,
0x00000000,
0x00000000,
0x00000000,
0x00000000,
0x00000000,
0x00000000,
0x00000000,
0x00000000,
0x00000000,
0x00000000,
0x00000000,
0x00000000,
0x00000000,
0x00000000,
0x00000000,
0x00000000,
0x00000000,
0x00000000,
0x00000000,
0x00000000,
0x00000000,
0x00000000,
0x00000000,
0x00000000,
0x00000000,
0x00000000,
0x00000000,
0x00000000,
0x00000000,
0x00000000,
0x00000000,
0x00000000,
0x00000000,
0x00000000,
0x00000000,
0x00000000,
0x00000000,
0x00000000,
0x00000000,
0x00000000,
0x00000000,
0x00000000,
0x00000000,
0x00000000,
0x00000000,
0x00000000,
0x00000000,
0x00000000,
0x00000000,
0x00000000,
0x00000000,
0x00000000,
0x00000000,
0x00000000,
0x00000000,
0x00000000,
0x00000000,
0x00000000,
0x00000000,
0x00000000,
0x00000000,
0x00000000,
0x00000000,
0x00000000,
0x00000000,
0x00000000,
0x00000000,
0x00000000,
0x00000000,
0x00000000,
0x00000000,
0x00000000,
0x00000000,
0x00000000,
0x00000000,
0x00000000,
0x00000000,
0x00000000,
0x00000000,
0x00000000,
0x00000000,
0x00000000,
0x00000000,
0x00000000,
0x00000000,
0x00000000,
0x00000000,
0x00000000,
0x00000000,
0x00000000,
0x00000000,
0x00000000,
0x00000000,
0x00000000,
0x00000000,
0x00000000,
0x00000000,
0x00000000,
0x00000000,
0x00000000,
0x00000000,
0x00000000,
0x00000000,
0x00000000,
0x00000000,
0x00000000,
0x00000000,
0x00000000,
0x00000000,
0x00000000,
0x00000000,
0x00000000,
0x00000000,
0x00000000,
0x00000000,
0x00000000,
0x00000000,
0x00000000,
0x00000000,
0x00000000,
0x00000000,
0x00000000,
0x00000000,
0x00000000,
0x00000000,
0x00000000,
0x00000000,
0x00000000,
0x00000000,
0x00000000,
0x00000000,
0x00000000,
0x00000000,
0x00000000,
0x00000000,
0x00000000,
0x00000000,
0x00000000,
0x00000000,
0x00000000,
0x00000000,
0x00000000,
0x00000000,
0x00000000,
0x00000000,
0x00000000,
0x00000000,
0x00000000,
0x00000000,
0x00000000,
0x00000000,
0x00000000,
0x00000000,
0x00000000,
0x00000000,
0x00000000,
0x00000000,
0x00000000,
0x00000000,
0x00000000,
0x00000000,
0x00000000,
0x00000000,
0x00000000,
0x00000000,
0x00000000,
0x00000000,
0x00000000,
0x00000000,
0x00000000,
0x00000000,
0x00000000,
0x00000000,
0x00000000,
0x00000000,
0x00000000,
0x00000000,
0x00000000,
0x00000000,
0x00000000,
0x00000000,
0x00000000,
0x00000000,
0x00000000,
0x00000000,
0x00000000,
0x00000000,
0x00000000,
0x00000000,
0x00000000,
0x00000000,
0x00000000,
0x00000000,
0x00000000,
0x00000000,
0x00000000,
0x00000000,
0x00000000,
0x00000000,
0x00000000,
0x00000000,
0x00000000,
0x00000000,
0x00000000,
0x00000000,
0x00000000,
0x00000000,
0x00000000,
0x00000000,
0x00000000,
0x00000000,
0x00000000,
0x00000000,
0x00000000,
0x00000000,
0x00000000,
0x00000000,
0x00000000,
0x00000000,
0x00000000,
0x00000000,
0x00000000,
0x00000000,
0x00000000,
0x00000000,
0x00000000,
0x00000000,
0x00000000,
0x00000000,
0x00000000,
0x00000000,
0x00000000,
0x00000000,
0x00000000,
0x00000000,
0x00000000,
0x00000000,
0x00000000,
0x00000000,
0x00000000,
0x00000000,
0x00000000,
0x00000000,
0x00000000,
0x00000000,
0x00000000,
0x00000000,
0x00000000,
0x00000000,
0x00000000,
0x00000000,
0x00000000,
0x00000000,
0x00000000,
0x00000000,
0x00000000,
0x00000000,
0x00000000,
0x00000000,
0x00000000,
0x00000000,
0x00000000,
0x00000000,
0x00000000,
0x00000000,
0x00000000,
0x00000000,
0x00000000,
0x00000000,
0x00000000,
0x00000000,
0x00000000,
0x00000000,
0x00000000,
0x00000000,
0x00000000,
0x00000000,
0x00000000,
0x00000000,
0x00000000,
0x00000000,
0x00000000,
0x00000000,
0x00000000,
0x00000000,
0x00000000,
0x00000000,
0x00000000,
0x00000000,
0x00000000,
0x00000000,
0x00000000,
0x00000000,
0x00000000,
0x00000000,
0x00000000,
0x00000000,
0x00000000,
0x00000000,
0x00000000,
0x00000000,
0x00000000,
0x00000000,
0x00000000,
0x00000000,
0x00000000,
0x00000000,
0x00000000,
0x00000000,
0x00000000,
0x00000000,
0x00000000,
0x00000000,
0x00000000,
0x00000000,
0x00000000,
0x00000000,
0x00000000,
0x00000000,
0x00000000,
0x00000000,
0x00000000,
0x00000000,
0x00000000,
0x00000000,
0x00000000,
0x00000000,
0x00000000,
0x00000000,
0x00000000,
0x00000000,
0x00000000,
0x00000000,
0x00000000,
0x00000000,
0x00000000,
0x00000000,
0x00000000,
0x00000000,
0x00000000,
0x00000000,
0x00000000,
0x00000000,
0x00000000,
0x00000000,
0x00000000,
0x00000000,
0x00000000,
0x00000000,
0x00000000,
0x00000000,
0x00000000,
0x00000000,
0x00000000,
0x00000000,
0x00000000,
0x00000000,
0x00000000,
0x00000000,
0x00000000,
0x00000000,
0x00000000,
0x00000000,
0x00000000,
0x00000000,
0x00000000,
0x00000000,
0x00000000,
0x00000000,
0x00000000,
0x00000000,
0x00000000,
0x00000000,
0x00000000,
0x00000000,
0x00000000,
0x00000000,
0x00000000,
0x00000000,
0x00000000,
0x00000000,
0x00000000,
0x00000000,
0x00000000,
0x00000000,
0x00000000,
0x00000000,
0x00000000,
0x00000000,
0x00000000,
0x00000000,
0x00000000,
0x00000000,
0x00000000,
0x00000000,
0x00000000,
0x00000000,
0x00000000,
0x00000000,
0x00000000,
0x00000000,
0x00000000,
0x00000000,
0x00000000,
0x00000000,
0x00000000,
0x00000000,
0x00000000,
0x00000000,
0x00000000,
0x00000000,
0x00000000,
0x00000000,
0x00000000,
0x00000000,
0x00000000,
0x00000000,
0x00000000,
0x00000000,
0x00000000,
0x00000000,
0x00000000,
0x00000000,
0x00000000,
0x00000000,
0x00000000,
0x00000000,
0x00000000,
0x00000000,
0x00000000,
0x00000000,
0x00000000,
0x00000000,
0x00000000,
0x00000000,
0x00000000,
0x00000000,
0x00000000,
0x00000000,
0x00000000,
0x00000000,
0x00000000,
0x00000000,
0x00000000,
0x00000000,
0x00000000,
0x00000000,
0x00000000,
0x00000000,
0x00000000,
0x00000000,
0x00000000,
0x00000000,
0x00000000,
0x00000000,
0x00000000,
0x00000000,
0x00000000,
0x00000000,
0x00000000,
0x00000000,
0x00000000,
0x00000000,
0x00000000,
0x00000000,
0x00000000,
0x00000000,
0x00000000,
0x00000000,
0x00000000,
0x00000000,
0x00000000,
0x00000000,
0x00000000,
0x00000000,
0x00000000,
0x00000000,
0x00000000,
0x00000000,
0x00000000,
0x00000000,
0x00000000,
0x00000000,
0x00000000,
0x00000000,
0x00000000,
0x00000000,
0x00000000,
0x00000000,
0x00000000,
0x00000000,
0x00000000,
0x00000000,
0x00000000,
0x00000000,
0x00000000,
0x00000000,
0x00000000,
0x00000000,
0x00000000,
0x00000000,
0x00000000,
0x00000000,
0x00000000,
0x00000000,
0x00000000,
0x00000000,
0x00000000,
0x00000000,
0x00000000,
0x00000000,
0x00000000,
0x00000000,
0x00000000,
0x00000000,
0x00000000,
0x00000000,
0x00000000,
0x00000000,
0x00000000,
0x00000000,
0x00000000,
0x00000000,
0x00000000,
0x00000000,
0x00000000,
0x00000000,
0x00000000,
0x00000000,
0x00000000,
0x00000000,
0x00000000,
0x00000000,
0x00000000,
0x00000000,
0x00000000,
0x00000000,
0x00000000,
0x00000000,
0x00000000,
0x00000000,
0x00000000,
0x00000000,
0x00000000,
0x00000000,
0x00000000,
0x00000000,
0x00000000,
0x00000000,
0x00000000,
0x00000000,
0x00000000,
0x00000000,
0x00000000,
0x00000000,
0x00000000,
0x00000000,
0x00000000,
0x00000000,
0x00000000,
0x00000000,
0x00000000,
0x00000000,
0x00000000,
0x00000000,
0x00000000,
0x00000000,
0x00000000,
0x00000000,
0x00000000,
0x00000000,
0x00000000,
0x00000000,
0x00000000,
0x00000000,
0x00000000,
0x00000000,
0x00000000,
0x00000000,
0x00000000,
0x00000000,
0x00000000,
0x00000000,
0x00000000,
0x00000000,
0x00000000,
0x00000000,
0x00000000,
0x00000000,
0x00000000,
0x00000000,
0x00000000,
0x00000000,
0x00000000,
0x00000000,
0x00000000,
0x00000000,
0x00000000,
0x00000000,
0x00000000,
0x00000000,
0x00000000,
0x00000000,
0x00000000,
0x00000000,
0x00000000,
0x00000000,
0x00000000,
0x00000000,
0x00000000,
0x00000000,
0x00000000,
0x00000000,
0x00000000,
0x00000000,
0x00000000,
0x00000000,
0x00000000,
0x00000000,
0x00000000,
0x00000000,
0x00000000,
0x00000000,
0x00000000,
0x00000000,
0x00000000,
0x00000000,
0x00000000,
0x00000000,
0x00000000,
0x00000000,
0x00000000,
0x00000000,
0x00000000,
0x00000000,
0x00000000,
0x00000000,
0x00000000,
0x00000000,
0x00000000,
0x00000000,
0x00000000,
0x00000000,
0x00000000,
0x00000000,
0x00000000,
0x00000000,
0x00000000,
0x00000000,
0x00000000,
0x00000000,
0x00000000,
0x00000000,
0x00000000,
0x00000000,
0x00000000,
0x00000000,
0x00000000,
0x00000000,
0x00000000,
0x00000000,
0x00000000,
0x00000000,
0x00000000,
0x00000000,
0x00000000,
0x00000000,
0x00000000,
0x00000000,
0x00000000,
0x00000000,
0x00000000,
0x00000000,
0x00000000,
0x00000000,
0x00000000,
0x00000000,
0x00000000,
0x00000000,
0x00000000,
0x00000000,
0x00000000,
0x00000000,
0x00000000,
0x00000000,
0x00000000,
0x00000000,
0x00000000,
0x00000000,
0x00000000,
0x00000000,
0x00000000,
0x00000000,
0x00000000,
0x00000000,
0x00000000,
0x00000000,
0x00000000,
0x00000000,
0x00000000,
0x00000000,
0x00000000,
0x00000000,
0x00000000,
0x00000000,
0x00000000,
0x00000000,
0x00000000,
0x00000000,
0x00000000,
0x00000000,
0x00000000,
0x00000000,
0x00000000,
0x00000000,
0x00000000,
0x00000000,
0x00000000,
0x00000000,
0x00000000,
0x00000000,
0x00000000,
0x00000000,
0x00000000,
0x00000000,
0x00000000,
0x00000000,
0x00000000,
0x00000000,
0x00000000,
0x00000000,
0x00000000,
0x00000000,
0x00000000,
0x00000000,
0x00000000,
0x00000000,
0x00000000,
0x00000000,
0x00000000,
0x00000000,
0x00000000,
0x00000000,
0x00000000,
0x00000000,
0x00000000,
0x00000000,
0x00000000,
0x00000000,
0x00000000,
0x00000000,
0x00000000,
0x00000000,
0x00000000,
0x00000000,
0x00000000,
0x00000000,
0x00000000,
0x00000000,
0x00000000,
0x00000000,
0x00000000,
0x00000000,
0x00000000,
0x00000000,
0x00000000,
0x00000000,
0x00000000,
0x00000000,
0x00000000,
0x00000000,
0x00000000,
0x00000000,
0x00000000,
0x00000000,
0x00000000,
0x00000000,
0x00000000,
0x00000000,
0x00000000,
0x00000000,
0x00000000,
0x00000000,
0x00000000,
0x00000000,
0x00000000,
0x00000000,
0x00000000,
0x00000000,
0x00000000,
0x00000000,
0x00000000,
0x00000000,
0x00000000,
0x00000000,
0x00000000,
0x00000000,
0x00000000,
0x00000000,
0x00000000,
0x00000000,
0x00000000,
0x00000000,
0x00000000,
0x00000000,
0x00000000,
0x00000000,
0x00000000,
0x00000000,
0x00000000,
0x00000000,
0x00000000,
0x00000000,
0x00000000,
0x00000000,
0x00000000,
0x00000000,
0x00000000,
0x00000000,
0x00000000,
0x00000000,
0x00000000,
0x00000000,
0x00000000,
0x00000000,
0x00000000,
0x00000000,
0x00000000,
0x00000000,
0x00000000,
0x00000000,
0x00000000,
0x00000000,
0x00000000,
0x00000000,
0x00000000,
0x00000000,
0x00000000,
0x00000000,
0x00000000,
0x00000000,
0x00000000,
0x00000000,
0x00000000,
0x00000000,
0x00000000,
0x00000000,
0x00000000,
0x00000000,
0x00000000,
0x00000000,
0x00000000,
0x00000000,
0x00000000,
0x00000000,
0x00000000,
0x00000000,
0x00000000,
0x00000000,
0x00000000,
0x00000000,
0x00000000,
0x00000000,
0x00000000,
0x00000000,
0x00000000,
0x00000000,
0x00000000,
0x00000000,
0x00000000,
0x00000000,
0x00000000,
0x00000000,
0x00000000,
0x00000000,
0x00000000,
0x00000000,
0x00000000,
0x00000000,
0x00000000,
0x00000000,
0x00000000,
0x00000000,
0x00000000,
0x00000000,
0x00000000,
0x00000000,
0x00000000,
0x00000000,
0x00000000,
0x00000000,
0x00000000,
0x00000000,
0x00000000,
0x00000000,
0x00000000,
0x00000000,
0x00000000,
0x00000000,
0x00000000,
0x00000000,
0x00000000,
0x00000000,
0x00000000,
0x00000000,
0x00000000,
0x00000000,
0x00000000,
0x00000000,
0x00000000,
0x00000000,
0x00000000,
0x00000000,
0x00000000,
0x00000000,
0x00000000,
0x00000000,
0x00000000,
0x00000000,
0x00000000,
0x00000000,
0x00000000,
0x00000000,
0x00000000,
0x00000000,
0x00000000,
0x00000000,
0x00000000,
0x00000000,
0x00000000,
0x00000000,
0x00000000,
0x00000000,
0x00000000,
0x00000000,
0x00000000,
0x00000000,
0x00000000,
0x00000000,
0x00000000,
0x00000000,
0x00000000,
0x00000000,
0x00000000,
0x00000000,
0x00000000,
0x00000000,
0x00000000,
0x00000000,
0x00000000,
0x00000000,
0x00000000,
0x00000000,
0x00000000,
0x00000000,
0x00000000,
0x00000000,
0x00000000,
0x00000000,
0x00000000,
0x00000000,
0x00000000,
0x00000000,
0x00000000,
0x00000000,
0x00000000,
0x00000000,
0x00000000,
0x00000000,
0x00000000,
0x00000000,
0x00000000,
0x00000000,
0x00000000,
0x00000000,
0x00000000,
0x00000000,
0x00000000,
0x00000000,
0x00000000,
0x00000000,
0x00000000,
0x00000000,
0x00000000,
0x00000000,
0x00000000,
0x00000000,
0x00000000,
0x00000000,
0x00000000,
0x00000000,
0x00000000,
0x00000000,
0x00000000,
0x00000000,
0x00000000,
0x00000000,
0x00000000,
0x00000000,
0x00000000,
0x00000000,
0x00000000,
0x00000000,
0x00000000,
0x00000000,
0x00000000,
0x00000000,
0x00000000,
0x00000000,
0x00000000,
0x00000000,
0x00000000,
0x00000000,
0x00000000,
0x00000000,
0x00000000,
0x00000000,
0x00000000,
0x00000000,
0x00000000,
0x00000000,
0x00000000,
0x00000000,
0x00000000,
0x00000000,
0x00000000,
0x00000000,
0x00000000,
0x00000000,
0x00000000,
0x00000000,
0x00000000,
0x00000000,
0x00000000,
0x00000000,
0x00000000,
0x00000000,
0x00000000,
0x00000000,
0x00000000,
0x00000000,
0x00000000,
0x00000000,
0x00000000,
0x00000000,
0x00000000,
0x00000000,
0x00000000,
0x00000000,
0x00000000,
0x00000000,
0x00000000,
0x00000000,
0x00000000,
0x00000000,
0x00000000,
0x00000000,
0x00000000,
0x00000000,
0x00000000,
0x00000000,
0x00000000,
0x00000000,
0x00000000,
0x00000000,
0x00000000,
0x00000000,
0x00000000,
0x00000000,
0x00000000,
0x00000000,
0x00000000,
0x00000000,
0x00000000,
0x00000000,
0x00000000,
0x00000000,
0x00000000,
0x00000000,
0x00000000,
0x00000000,
0x00000000,
0x00000000,
0x00000000,
0x00000000,
0x00000000,
0x00000000,
0x00000000,
0x00000000,
0x00000000,
0x00000000,
0x00000000,
0x00000000,
0x00000000,
0x00000000,
0x00000000,
0x00000000,
0x00000000,
0x00000000,
0x00000000,
0x00000000,
0x00000000,
0x00000000,
0x00000000,
0x00000000,
0x00000000,
0x00000000,
0x00000000,
0x00000000,
0x00000000,
0x00000000,
0x00000000,
0x00000000,
0x00000000,
0x00000000,
0x00000000,
0x00000000,
0x00000000,
0x00000000,
0x00000000,
0x00000000,
0x00000000,
0x00000000,
0x00000000,
0x00000000,
0x00000000,
0x00000000,
0x00000000,
0x00000000,
0x00000000,
0x00000000,
0x00000000,
0x00000000,
0x00000000,
0x00000000,
0x00000000,
0x00000000,
0x00000000,
0x00000000,
0x00000000,
0x00000000,
0x00000000,
0x00000000,
0x00000000,
0x00000000,
0x00000000,
0x00000000,
0x00000000,
0x00000000,
0x00000000,
0x00000000,
0x00000000,
0x00000000,
0x00000000,
0x00000000,
0x00000000,
0x00000000,
0x00000000,
0x00000000,
0x00000000,
0x00000000,
0x00000000,
0x00000000,
0x00000000,
0x00000000,
0x00000000,
0x00000000,
0x00000000,
0x00000000,
0x00000000,
0x00000000,
0x00000000,
0x00000000,
0x00000000,
0x00000000,
0x00000000,
0x00000000,
0x00000000,
0x00000000,
0x00000000,
0x00000000,
0x00000000,
0x00000000,
0x00000000,
0x00000000,
0x00000000,
0x00000000,
0x00000000,
0x00000000,
0x00000000,
0x00000000,
0x00000000,
0x00000000,
0x00000000,
0x00000000,
0x00000000,
0x00000000,
0x00000000,
0x00000000,
0x00000000,
0x00000000,
0x00000000,
0x00000000,
0x00000000,
0x00000000,
0x00000000,
0x00000000,
0x00000000,
0x00000000,
0x00000000,
0x00000000,
0x00000000,
0x00000000,
0x00000000,
0x00000000,
0x00000000,
0x00000000,
0x00000000,
0x00000000,
0x00000000,
0x00000000,
0x00000000,
0x00000000,
0x00000000,
0x00000000,
0x00000000,
0x00000000,
0x00000000,
0x00000000,
0x00000000,
0x00000000,
0x00000000,
0x00000000,
0x00000000,
0x00000000,
0x00000000,
0x00000000,
0x00000000,
0x00000000,
0x00000000,
0x00000000,
0x00000000,
0x00000000,
0x00000000,
0x00000000,
0x00000000,
0x00000000,
0x00000000,
0x00000000,
0x00000000,
0x00000000,
0x00000000,
0x00000000,
0x00000000,
0x00000000,
0x00000000,
0x00000000,
0x00000000,
0x00000000,
0x00000000,
0x00000000,
0x00000000,
0x00000000,
0x00000000,
0x00000000,
0x00000000,
0x00000000,
0x00000000,
0x00000000,
0x00000000,
0x00000000,
0x00000000,
0x00000000,
0x00000000,
0x00000000,
0x00000000,
0x00000000,
0x00000000,
0x00000000,
0x00000000,
0x00000000,
0x00000000,
0x00000000,
0x00000000,
0x00000000,
0x00000000,
0x00000000,
0x00000000,
0x00000000,
0x00000000,
0x00000000,
0x00000000,
0x00000000,
0x00000000,
0x00000000,
0x00000000,
0x00000000,
0x00000000,
0x00000000,
0x00000000,
0x00000000,
0x00000000,
0x00000000,
0x00000000,
0x00000000,
0x00000000,
0x00000000,
0x00000000,
0x00000000,
0x00000000,
0x00000000,
0x00000000,
0x00000000,
0x00000000,
0x00000000,
0x00000000,
0x00000000,
0x00000000,
0x00000000,
0x00000000,
0x00000000,
0x00000000,
0x00000000,
0x00000000,
0x00000000,
0x00000000,
0x00000000,
0x00000000,
0x00000000,
0x00000000,
0x00000000,
0x00000000,
0x00000000,
0x00000000,
0x00000000,
0x00000000,
0x00000000,
0x00000000,
0x00000000,
0x00000000,
0x00000000,
0x00000000,
0x00000000,
0x00000000,
0x00000000,
0x00000000,
0x00000000,
0x00000000,
0x00000000,
0x00000000,
0x00000000,
0x00000000,
0x00000000,
0x00000000,
0x00000000,
0x00000000,
0x00000000,
0x00000000,
0x00000000,
0x00000000,
0x00000000,
0x00000000,
0x00000000,
0x00000000,
0x00000000,
0x00000000,
0x00000000,
0x00000000,
0x00000000,
0x00000000,
0x00000000,
0x00000000,
0x00000000,
0x00000000,
0x00000000,
0x00000000,
0x00000000,
0x00000000,
0x00000000,
0x00000000,
0x00000000,
0x00000000,
0x00000000,
0x00000000,
0x00000000,
0x00000000,
0x00000000,
0x00000000,
0x00000000,
0x00000000,
0x00000000,
0x00000000,
0x00000000,
0x00000000,
0x00000000,
0x00000000,
0x00000000,
0x00000000,
0x00000000,
0x00000000,
0x00000000,
0x00000000,
0x00000000,
0x00000000,
0x00000000,
0x00000000,
0x00000000,
0x00000000,
0x00000000,
0x00000000,
0x00000000,
0x00000000,
0x00000000,
0x00000000,
0x00000000,
0x00000000,
0x00000000,
0x00000000,
0x00000000,
0x00000000,
0x00000000,
0x00000000,
0x00000000,
0x00000000,
0x00000000,
0x00000000,
0x00000000,
0x00000000,
0x00000000,
0x00000000,
0x00000000,
0x00000000,
0x00000000,
0x00000000,
0x00000000,
0x00000000,
0x00000000,
0x00000000,
0x00000000,
0x00000000,
0x00000000,
0x00000000,
0x00000000,
0x00000000,
0x00000000,
0x00000000,
0x00000000,
0x00000000,
0x00000000,
0x00000000,
0x00000000,
0x00000000,
0x00000000,
0x00000000,
0x00000000,
0x00000000,
0x00000000,
0x00000000,
0x00000000,
0x00000000,
0x00000000,
0x00000000,
0x00000000,
0x00000000,
0x00000000,
0x00000000,
0x00000000,
0x00000000,
0x00000000,
0x00000000,
0x00000000,
0x00000000,
0x00000000,
0x00000000,
0x00000000,
0x00000000,
0x00000000,
0x00000000,
0x00000000,
0x00000000,
0x00000000,
0x00000000,
0x00000000,
0x00000000,
0x00000000,
0x00000000,
0x00000000,
0x00000000,
0x00000000,
0x00000000,
0x00000000,
0x00000000,
0x00000000,
0x00000000,
0x00000000,
0x00000000,
0x00000000,
0x00000000,
0x00000000,
0x00000000,
0x00000000,
0x00000000,
0x00000000,
0x00000000,
0x00000000,
0x00000000,
0x00000000,
0x00000000,
0x00000000,
0x00000000,
0x00000000,
0x00000000,
0x00000000,
0x00000000,
0x00000000,
0x00000000,
0x00000000,
0x00000000,
0x00000000,
0x00000000,
0x00000000,
0x00000000,
0x00000000,
0x00000000,
0x00000000,
0x00000000,
0x00000000,
0x00000000,
0x00000000,
0x00000000,
0x00000000,
0x00000000,
0x00000000,
0x00000000,
0x00000000,
0x00000000,
0x00000000,
0x00000000,
0x00000000,
0x00000000,
0x00000000,
0x00000000,
0x00000000,
0x00000000,
0x00000000,
0x00000000,
0x00000000,
0x00000000,
0x00000000,
0x00000000,
0x00000000,
0x00000000,
0x00000000,
0x00000000,
0x00000000,
0x00000000,
0x00000000,
0x00000000,
0x00000000,
0x00000000,
0x00000000,
0x00000000,
0x00000000,
0x00000000,
0x00000000,
0x00000000,
0x00000000,
0x00000000,
0x00000000,
0x00000000,
0x00000000,
0x00000000,
0x00000000,
0x00000000,
0x00000000,
0x00000000,
0x00000000,
0x00000000,
0x00000000,
0x00000000,
0x00000000,
0x00000000,
0x00000000,
0x00000000,
0x00000000,
0x00000000,
0x00000000,
0x00000000,
0x00000000,
0x00000000,
0x00000000,
0x00000000,
0x00000000,
0x00000000,
0x00000000,
0x00000000,
0x00000000,
0x00000000,
0x00000000,
0x00000000,
0x00000000,
0x00000000,
0x00000000,
0x00000000,
0x00000000,
0x00000000,
0x00000000,
0x00000000,
0x00000000,
0x00000000,
0x00000000,
0x00000000,
0x00000000,
0x00000000,
0x00000000,
0x00000000,
0x00000000,
0x00000000,
0x00000000,
0x00000000,
0x00000000,
0x00000000,
0x00000000,
0x00000000,
0x00000000,
0x00000000,
0x00000000,
0x00000000,
0x00000000,
0x00000000,
0x00000000,
0x00000000,
0x00000000,
0x00000000,
0x00000000,
0x00000000,
0x00000000,
0x00000000,
0x00000000,
0x00000000,
0x00000000,
0x00000000,
0x00000000,
0x00000000,
0x00000000,
0x00000000,
0x00000000,
0x00000000,
0x00000000,
0x00000000,
0x00000000,
0x00000000,
0x00000000,
0x00000000,
0x00000000,
0x00000000,
0x00000000,
0x00000000,
0x00000000,
0x00000000,
0x00000000,
0x00000000,
0x00000000,
0x00000000,
0x00000000,
0x00000000,
0x00000000,
0x00000000,
0x00000000,
0x00000000,
0x00000000,
0x00000000,
0x00000000,
0x00000000,
0x00000000,
0x00000000,
0x00000000,
0x00000000,
0x00000000,
0x00000000,
0x00000000,
0x00000000,
0x00000000,
0x00000000,
0x00000000,
0x00000000,
0x00000000,
0x00000000,
0x00000000,
0x00000000,
0x00000000,
0x00000000,
0x00000000,
0x00000000,
0x00000000,
0x00000000,
0x00000000,
0x00000000,
0x00000000,
0x00000000,
0x00000000,
0x00000000,
0x00000000,
0x00000000,
0x00000000,
0x00000000,
0x00000000,
0x00000000,
0x00000000,
0x00000000,
0x00000000,
0x00000000,
0x00000000,
0x00000000,
0x00000000,
0x00000000,
0x00000000,
0x00000000,
0x00000000,
0x00000000,
0x00000000,
0x00000000,
0x00000000,
0x00000000,
0x00000000,
0x00000000,
0x00000000,
0x00000000,
0x00000000,
0x00000000,
0x00000000,
0x00000000,
0x00000000,
0x00000000,
0x00000000,
0x00000000,
0x00000000,
0x00000000,
0x00000000,
0x00000000,
0x00000000,
0x00000000,
0x00000000,
0x00000000,
0x00000000,
0x00000000,
0x00000000,
0x00000000,
0x00000000,
0x00000000,
0x00000000,
0x00000000,
0x00000000,
0x00000000,
0x00000000,
0x00000000,
0x00000000,
0x00000000,
0x00000000,
0x00000000,
0x00000000,
0x00000000,
0x00000000,
0x00000000,
0x00000000,
0x00000000,
0x00000000,
0x00000000,
0x00000000,
0x00000000,
0x00000000,
0x00000000,
0x00000000,
0x00000000,
0x00000000,
0x00000000,
0x00000000,
0x00000000,
0x00000000,
0x00000000,
0x00000000,
0x00000000,
0x00000000,
0x00000000,
0x00000000,
0x00000000,
0x00000000,
0x00000000,
0x00000000,
0x00000000,
0x00000000,
0x00000000,
0x00000000,
0x00000000,
0x00000000,
0x00000000,
0x00000000,
0x00000000,
0x00000000,
0x00000000,
0x00000000,
0x00000000,
0x00000000,
0x00000000,
0x00000000,
0x00000000,
0x00000000,
0x00000000,
0x00000000,
0x00000000,
0x00000000,
0x00000000,
0x00000000,
0x00000000,
0x00000000,
0x00000000,
0x00000000,
0x00000000,
0x00000000,
0x00000000,
0x00000000,
0x00000000,
0x00000000,
0x00000000,
0x00000000,
0x00000000,
0x00000000,
0x00000000,
0x00000000,
0x00000000,
0x00000000,
0x00000000,
0x00000000,
0x00000000,
0x00000000,
0x00000000,
0x00000000,
0x00000000,
0x00000000,
0x00000000,
0x00000000,
0x00000000,
0x00000000,
0x00000000,
0x00000000,
0x00000000,
0x00000000,
0x00000000,
0x00000000,
0x00000000,
0x00000000,
0x00000000,
0x00000000,
0x00000000,
0x00000000,
0x00000000,
0x00000000,
0x00000000,
0x00000000,
0x00000000,
0x00000000,
0x00000000,
0x00000000,
0x00000000,
0x00000000,
0x00000000,
0x00000000,
0x00000000,
0x00000000,
0x00000000,
0x00000000,
0x00000000,
0x00000000,
0x00000000,
0x00000000,
0x00000000,
0x00000000,
0x00000000,
0x00000000,
0x00000000,
0x00000000,
0x00000000,
0x00000000,
0x00000000,
0x00000000,
0x00000000,
0x00000000,
0x00000000,
0x00000000,
0x00000000,
0x00000000,
0x00000000,
0x00000000,
0x00000000,
0x00000000,
0x00000000,
0x00000000,
0x00000000,
0x00000000,
0x00000000,
0x00000000,
0x00000000,
0x00000000,
0x00000000,
0x00000000,
0x00000000,
0x00000000,
0x00000000,
0x00000000,
0x00000000,
0x00000000,
0x00000000,
0x00000000,
0x00000000,
0x00000000,
0x00000000,
0x00000000,
0x00000000,
0x00000000,
0x00000000,
0x00000000,
0x00000000,
0x00000000,
0x00000000,
0x00000000,
0x00000000,
0x00000000,
0x00000000,
0x00000000,
0x00000000,
0x00000000,
0x00000000,
0x00000000,
0x00000000,
0x00000000,
0x00000000,
0x00000000,
0x00000000,
0x00000000,
0x00000000,
0x00000000,
0x00000000,
0x00000000,
0x00000000,
0x00000000,
0x00000000,
0x00000000,
0x00000000,
0x00000000,
0x00000000,
0x00000000,
0x00000000,
0x00000000,
0x00000000,
0x00000000,
0x00000000,
0x00000000,
0x00000000,
0x00000000,
0x00000000,
0x00000000,
0x00000000,
0x00000000,
0x00000000,
0x00000000,
0x00000000,
0x00000000,
0x00000000,
0x00000000,
0x00000000,
0x00000000,
0x00000000,
0x00000000,
0x00000000,
0x00000000,
0x00000000,
0x00000000,
0x00000000,
0x00000000,
0x00000000,
0x00000000,
0x00000000,
0x00000000,
0x00000000,
0x00000000,
0x00000000,
0x00000000,
0x00000000,
0x00000000,
0x00000000,
0x00000000,
0x00000000,
0x00000000,
0x00000000,
0x00000000,
0x00000000,
0x00000000,
0x00000000,
0x00000000,
0x00000000,
0x00000000,
0x00000000,
0x00000000,
0x00000000,
0x00000000,
0x00000000,
0x00000000,
0x00000000,
0x00000000,
0x00000000,
0x00000000,
0x00000000,
0x00000000,
0x00000000,
0x00000000,
0x00000000,
0x00000000,
0x00000000,
0x00000000,
0x00000000,
0x00000000,
0x00000000,
0x00000000,
0x00000000,
0x00000000,
0x00000000,
0x00000000,
0x00000000,
0x00000000,
0x00000000,
0x00000000,
0x00000000,
0x00000000,
0x00000000,
0x00000000,
0x00000000,
0x00000000,
0x00000000,
0x00000000,
0x00000000,
0x00000000,
0x00000000,
0x00000000,
0x00000000,
0x00000000,
0x00000000,
0x00000000,
0x00000000,
0x00000000,
0x00000000,
0x00000000,
0x00000000,
0x00000000,
0x00000000,
0x00000000,
0x00000000,
0x00000000,
0x00000000,
0x00000000,
0x00000000,
0x00000000,
0x00000000,
0x00000000,
0x00000000,
0x00000000,
0x00000000,
0x00000000,
0x00000000,
0x00000000,
0x00000000,
0x00000000,
0x00000000,
0x00000000,
0x00000000,
0x00000000,
0x00000000,
0x00000000,
0x00000000,
0x00000000,
0x00000000,
0x00000000,
0x00000000,
0x00000000,
0x00000000,
0x00000000,
0x00000000,
0x00000000,
0x00000000,
0x00000000,
0x00000000,
0x00000000,
0x00000000,
0x00000000,
0x00000000,
0x00000000,
0x00000000,
0x00000000,
0x00000000,
0x00000000,
0x00000000,
0x00000000,
0x00000000,
0x00000000,
0x00000000,
0x00000000,
0x00000000,
0x00000000,
0x00000000,
0x00000000,
0x00000000,
0x00000000,
0x00000000,
0x00000000,
0x00000000,
0x00000000,
0x00000000,
0x00000000,
0x00000000,
0x00000000,
0x00000000,
0x00000000,
0x00000000,
0x00000000,
0x00000000,
0x00000000,
0x00000000,
0x00000000,
0x00000000,
0x00000000,
0x00000000,
0x00000000,
0x00000000,
0x00000000,
0x00000000,
0x00000000,
0x00000000,
0x00000000,
0x00000000,
0x00000000,
0x00000000,
0x00000000,
0x00000000,
0x00000000,
0x00000000,
0x00000000,
0x00000000,
0x00000000,
0x00000000,
0x00000000,
0x00000000,
0x00000000,
0x00000000,
0x00000000,
0x00000000,
0x00000000,
0x00000000,
0x00000000,
0x00000000,
0x00000000,
0x00000000,
0x00000000,
0x00000000,
0x00000000,
0x00000000,
0x00000000,
0x00000000,
0x00000000,
0x00000000,
0x00000000,
0x00000000,
0x00000000,
0x00000000,
0x00000000,
0x00000000,
0x00000000,
0x00000000,
0x00000000,
0x00000000,
0x00000000,
0x00000000,
0x00000000,
0x00000000,
0x00000000,
0x00000000,
0x00000000,
0x00000000,
0x00000000,
0x00000000,
0x00000000,
0x00000000,
0x00000000,
0x00000000,
0x00000000,
0x00000000,
0x00000000,
0x00000000,
0x00000000,
0x00000000,
0x00000000,
0x00000000,
0x00000000,
0x00000000,
0x00000000,
0x00000000,
0x00000000,
0x00000000,
0x00000000,
0x00000000,
0x00000000,
0x00000000,
0x00000000,
0x00000000,
0x00000000,
0x00000000,
0x00000000,
0x00000000,
0x00000000,
0x00000000,
0x00000000,
0x00000000,
0x00000000,
0x00000000,
0x00000000,
0x00000000,
0x00000000,
0x00000000,
0x00000000,
0x00000000,
0x00000000,
0x00000000,
0x00000000,
0x00000000,
0x00000000,
0x00000000,
0x00000000,
0x00000000,
0x00000000,
0x00000000,
0x00000000,
0x00000000,
0x00000000,
0x00000000,
0x00000000,
0x00000000,
0x00000000,
0x00000000,
0x00000000,
0x00000000,
0x00000000,
0x00000000,
0x00000000,
0x00000000,
0x00000000,
0x00000000,
0x00000000,
0x00000000,
0x00000000,
0x00000000,
0x00000000,
0x00000000,
0x00000000,
0x00000000,
0x00000000,
0x00000000,
0x00000000,
0x00000000,
0x00000000,
0x00000000,
0x00000000,
0x00000000,
0x00000000,
0x00000000,
0x00000000,
0x00000000,
0x00000000,
0x00000000,
0x00000000,
0x00000000,
0x00000000,
0x00000000,
0x00000000,
0x00000000,
0x00000000,
0x00000000,
0x00000000,
0x00000000,
0x00000000,
0x00000000,
0x00000000,
0x00000000,
0x00000000,
0x00000000,
0x00000000,
0x00000000,
0x00000000,
0x00000000,
0x00000000,
0x00000000,
0x00000000,
0x00000000,
0x00000000,
0x00000000,
0x00000000,
0x00000000,
0x00000000,
0x00000000,
0x00000000,
0x00000000,
0x00000000,
0x00000000,
0x00000000,
0x00000000,
0x00000000,
0x00000000,
0x00000000,
0x00000000,
0x00000000,
0x00000000,
0x00000000,
0x00000000,
0x00000000,
0x00000000,
0x00000000,
0x00000000,
0x00000000,
0x00000000,
0x00000000,
0x00000000,
0x00000000,
0x00000000,
0x00000000,
0x00000000,
0x00000000,
0x00000000,
0x00000000,
0x00000000,
0x00000000,
0x00000000,
0x00000000,
0x00000000,
0x00000000,
0x00000000,
0x00000000,
0x00000000,
0x00000000,
0x00000000,
0x00000000,
0x00000000,
0x00000000,
0x00000000,
0x00000000,
0x00000000,
0x00000000,
0x00000000,
0x00000000,
0x00000000,
0x00000000,
0x00000000,
0x00000000,
0x00000000,
0x00000000,
0x00000000,
0x00000000,
0x00000000,
0x00000000,
0x00000000,
0x00000000,
0x00000000,
0x00000000,
0x00000000,
0x00000000,
0x00000000,
0x00000000,
0x00000000,
0x00000000,
0x00000000,
0x00000000,
0x00000000,
0x00000000,
0x00000000,
0x00000000,
0x00000000,
0x00000000,
0x00000000,
0x00000000,
0x00000000,
0x00000000,
0x00000000,
0x00000000,
0x00000000,
0x00000000,
0x00000000,
0x00000000,
0x00000000,
0x00000000,
0x00000000,
0x00000000,
0x00000000,
0x00000000,
0x00000000,
0x00000000,
0x00000000,
0x00000000,
0x00000000,
0x00000000,
0x00000000,
0x00000000,
0x00000000,
0x00000000,
0x00000000,
0x00000000,
0x00000000,
0x00000000,
0x00000000,
0x00000000,
0x00000000,
0x00000000,
0x00000000,
0x00000000,
0x00000000,
0x00000000,
0x00000000,
0x00000000,
0x00000000,
0x00000000,
0x00000000,
0x00000000,
0x00000000,
0x00000000,
0x00000000,
0x00000000,
0x00000000,
0x00000000,
0x00000000,
0x00000000,
0x00000000,
0x00000000,
0x00000000,
0x00000000,
0x00000000,
0x00000000,
0x00000000,
0x00000000,
0x00000000,
0x00000000,
0x00000000,
0x00000000,
0x00000000,
0x00000000,
0x00000000,
0x00000000,
0x00000000,
0x00000000,
0x00000000,
0x00000000,
0x00000000,
0x00000000,
0x00000000,
0x00000000,
0x00000000,
0x00000000,
0x00000000,
0x00000000,
0x00000000,
0x00000000,
0x00000000,
0x00000000,
0x00000000,
0x00000000,
0x00000000,
0x00000000,
0x00000000,
0x00000000,
0x00000000,
0x00000000,
0x00000000,
0x00000000,
0x00000000,
0x00000000,
0x00000000,
0x00000000,
0x00000000,
0x00000000,
0x00000000,
0x00000000,
0x00000000,
0x00000000,
0x00000000,
0x00000000,
0x00000000,
0x00000000,
0x00000000,
0x00000000,
0x00000000,
0x00000000,
0x00000000,
0x00000000,
0x00000000,
0x00000000,
0x00000000,
0x00000000,
0x00000000,
0x00000000,
0x00000000,
0x00000000,
0x00000000,
0x00000000,
0x00000000,
0x00000000,
0x00000000,
0x00000000,
0x00000000,
0x00000000,
0x00000000,
0x00000000,
0x00000000,
0x00000000,
0x00000000,
0x00000000,
0x00000000,
0x00000000,
0x00000000,
0x00000000,
0x00000000,
0x00000000,
0x00000000,
0x00000000,
0x00000000,
0x00000000,
0x00000000,
0x00000000,
0x00000000,
0x00000000,
0x00000000,
0x00000000,
0x00000000,
0x00000000,
0x00000000,
0x00000000,
0x00000000,
0x00000000,
0x00000000,
0x00000000,
0x00000000,
0x00000000,
0x00000000,
0x00000000,
0x00000000,
0x00000000,
0x00000000,
0x00000000,
0x00000000,
0x00000000,
0x00000000,
0x00000000,
0x00000000,
0x00000000,
0x00000000,
0x00000000,
0x00000000,
0x00000000,
0x00000000,
0x00000000,
0x00000000,
0x00000000,
0x00000000,
0x00000000,
0x00000000,
0x00000000,
0x00000000,
0x00000000,
0x00000000,
0x00000000,
0x00000000,
0x00000000,
0x00000000,
0x00000000,
0x00000000,
0x00000000,
0x00000000,
0x00000000,
0x00000000,
0x00000000,
0x00000000,
0x00000000,
0x00000000,
0x00000000,
0x00000000,
0x00000000,
0x00000000,
0x00000000,
0x00000000,
0x00000000,
0x00000000,
0x00000000,
0x00000000,
0x00000000,
0x00000000,
0x00000000,
0x00000000,
0x00000000,
0x00000000,
0x00000000,
0x00000000,
0x00000000,
0x00000000,
0x00000000,
0x00000000,
0x00000000,
0x00000000,
0x00000000,
0x00000000,
0x00000000,
0x00000000,
0x00000000,
0x00000000,
0x00000000,
0x00000000,
0x00000000,
0x00000000,
0x00000000,
0x00000000,
0x00000000,
0x00000000,
0x00000000,
0x00000000,
0x00000000,
0x00000000,
0x00000000,
0x00000000,
0x00000000,
0x00000000,
0x00000000,
0x00000000,
0x00000000,
0x00000000,
0x00000000,
0x00000000,
0x00000000,
0x00000000,
0x00000000,
0x00000000,
0x00000000,
0x00000000,
0x00000000,
0x00000000,
0x00000000,
0x00000000,
0x00000000,
0x00000000,
0x00000000,
0x00000000,
0x00000000,
0x00000000,
0x00000000,
0x00000000,
0x00000000,
0x00000000,
0x00000000,
0x00000000,
0x00000000,
0x00000000,
0x00000000,
0x00000000,
0x00000000,
0x00000000,
0x00000000,
0x00000000,
0x00000000,
0x00000000,
0x00000000,
0x00000000,
0x00000000,
0x00000000,
0x00000000,
0x00000000,
0x00000000,
0x00000000,
0x00000000,
0x00000000,
0x00000000,
0x00000000,
0x00000000,
0x00000000,
0x00000000,
0x00000000,
0x00000000,
0x00000000,
0x00000000,
0x00000000,
0x00000000,
0x00000000,
0x00000000,
0x00000000,
0x00000000,
0x00000000,
0x00000000,
0x00000000,
0x00000000,
0x00000000,
0x00000000,
0x00000000,
0x00000000,
0x00000000,
0x00000000,
0x00000000,
0x00000000,
0x00000000,
0x00000000,
0x00000000,
0x00000000,
0x00000000,
0x00000000,
0x00000000,
0x00000000,
0x00000000,
0x00000000,
0x00000000,
0x00000000,
0x00000000,
0x00000000,
0x00000000,
0x00000000,
0x00000000,
0x00000000,
0x00000000,
0x00000000,
0x00000000,
0x00000000,
0x00000000,
0x00000000,
0x00000000,
0x00000000,
0x00000000,
0x00000000,
0x00000000,
0x00000000,
0x00000000,
0x00000000,
0x00000000,
0x00000000,
0x00000000,
0x00000000,
0x00000000,
0x00000000,
0x00000000,
0x00000000,
0x00000000,
0x00000000,
0x00000000,
0x00000000,
0x00000000,
0x00000000,
0x00000000,
0x00000000,
0x00000000,
0x00000000,
0x00000000,
0x00000000,
0x00000000,
0x00000000,
0x00000000,
0x00000000,
0x00000000,
0x00000000,
0x00000000,
0x00000000,
0x00000000,
0x00000000,
0x00000000,
0x00000000,
0x00000000,
0x00000000,
0x00000000,
0x00000000,
0x00000000,
0x00000000,
0x00000000,
0x00000000,
0x00000000,
0x00000000,
0x00000000,
0x00000000,
0x00000000,
0x00000000,
0x00000000,
0x00000000,
0x00000000,
0x00000000,
0x00000000,
0x00000000,
0x00000000,
0x00000000,
0x00000000,
0x00000000,
0x00000000,
0x00000000,
0x00000000,
0x00000000,
0x00000000,
0x00000000,
0x00000000,
0x00000000,
0x00000000,
0x00000000,
0x00000000,
0x00000000,
0x00000000,
0x00000000,
0x00000000,
0x00000000,
0x00000000,
0x00000000,
0x00000000,
0x00000000,
0x00000000,
0x00000000,
0x00000000,
0x00000000,
0x00000000,
0x00000000,
0x00000000,
0x00000000,
0x00000000,
0x00000000,
0x00000000,
0x00000000,
0x00000000,
0x00000000,
0x00000000,
0x00000000,
0x00000000,
0x00000000,
0x00000000,
0x00000000,
0x00000000,
0x00000000,
0x00000000,
0x00000000,
0x00000000,
0x00000000,
0x00000000,
0x00000000,
0x00000000,
0x00000000,
0x00000000,
0x00000000,
0x00000000,
0x00000000,
0x00000000,
0x00000000,
0x00000000,
0x00000000,
0x00000000,
0x00000000,
0x00000000,
0x00000000,
0x00000000,
0x00000000,
0x00000000,
0x00000000,
0x00000000,
0x00000000,
0x00000000,
0x00000000,
0x00000000,
0x00000000,
0x00000000,
0x00000000,
0x00000000,
0x00000000,
0x00000000,
0x00000000,
0x00000000,
0x00000000,
0x00000000,
0x00000000,
0x00000000,
0x00000000,
0x00000000,
0x00000000,
0x00000000,
0x00000000,
0x00000000,
0x00000000,
0x00000000,
0x00000000,
0x00000000,
0x00000000,
0x00000000,
0x00000000,
0x00000000,
0x00000000,
0x00000000,
0x00000000,
0x00000000,
0x00000000,
0x00000000,
0x00000000,
0x00000000,
0x00000000,
0x00000000,
0x00000000,
0x00000000,
0x00000000,
0x00000000,
0x00000000,
0x00000000,
0x00000000,
0x00000000,
0x00000000,
0x00000000,
0x00000000,
0x00000000,
0x00000000,
0x00000000,
0x00000000,
0x00000000,
0x00000000,
0x00000000,
0x00000000,
0x00000000,
0x00000000,
0x00000000,
0x00000000,
0x00000000,
0x00000000,
0x00000000,
0x00000000,
0x00000000,
0x00000000,
0x00000000,
0x00000000,
0x00000000,
0x00000000,
0x00000000,
0x00000000,
0x00000000,
0x00000000,
0x00000000,
0x00000000,
0x00000000,
0x00000000,
0x00000000,
0x00000000,
0x00000000,
0x00000000,
0x00000000,
0x00000000,
0x00000000,
0x00000000,
0x00000000,
0x00000000,
0x00000000,
0x00000000,
0x00000000,
0x00000000,
0x00000000,
0x00000000,
0x00000000,
0x00000000,
0x00000000,
0x00000000,
0x00000000,
0x00000000,
0x00000000,
0x00000000,
0x00000000,
0x00000000,
0x00000000,
0x00000000,
0x00000000,
0x00000000,
0x00000000,
0x00000000,
0x00000000,
0x00000000,
0x00000000,
0x00000000,
0x00000000,
0x00000000,
0x00000000,
0x00000000,
0x00000000,
0x00000000,
0x00000000,
0x00000000,
0x00000000,
0x00000000,
0x00000000,
0x00000000,
0x00000000,
0x00000000,
0x00000000,
0x00000000,
0x00000000,
0x00000000,
0x00000000,
0x00000000,
0x00000000,
0x00000000,
0x00000000,
0x00000000,
0x00000000,
0x00000000,
0x00000000,
0x00000000,
0x00000000,
0x00000000,
0x00000000,
0x00000000,
0x00000000,
0x00000000,
0x00000000,
0x00000000,
0x00000000,
0x00000000,
0x00000000,
0x00000000,
0x00000000,
0x00000000,
0x00000000,
0x00000000,
0x00000000,
0x00000000,
0x00000000,
0x00000000,
0x00000000,
0x00000000,
0x00000000,
0x00000000,
0x00000000,
0x00000000,
0x00000000,
0x00000000,
0x00000000,
0x00000000,
0x00000000,
0x00000000,
0x00000000,
0x00000000,
0x00000000,
0x00000000,
0x00000000,
0x00000000,
0x00000000,
0x00000000,
0x00000000,
0x00000000,
0x00000000,
0x00000000,
0x00000000,
0x00000000,
0x00000000,
0x00000000,
0x00000000,
0x00000000,
0x00000000,
0x00000000,
0x00000000,
0x00000000,
0x00000000,
0x00000000,
0x00000000,
0x00000000,
0x00000000,
0x00000000,
0x00000000,
0x00000000,
0x00000000,
0x00000000,
0x00000000,
0x00000000,
0x00000000,
0x00000000,
0x00000000,
0x00000000,
0x00000000,
0x00000000,
0x00000000,
0x00000000,
0x00000000,
0x00000000,
0x00000000,
0x00000000,
0x00000000,
0x00000000,
0x00000000,
0x00000000,
0x00000000,
0x00000000,
0x00000000,
0x00000000,
0x00000000,
0x00000000,
0x00000000,
0x00000000,
0x00000000,
0x00000000,
0x00000000,
0x00000000,
0x00000000,
0x00000000,
0x00000000,
0x00000000,
0x00000000,
0x00000000,
0x00000000,
0x00000000,
0x00000000,
0x00000000,
0x00000000,
0x00000000,
0x00000000,
0x00000000,
0x00000000,
0x00000000,
0x00000000,
0x00000000,
0x00000000,
0x00000000,
0x00000000,
0x00000000,
0x00000000,
0x00000000,
0x00000000,
0x00000000,
0x00000000,
0x00000000,
0x00000000,
0x00000000,
0x00000000,
0x00000000,
0x00000000,
0x00000000,
0x00000000,
0x00000000,
0x00000000,
0x00000000,
0x00000000,
0x00000000,
0x00000000,
0x00000000,
0x00000000,
0x00000000,
0x00000000,
0x00000000,
0x00000000,
0x00000000,
0x00000000,
0x00000000,
0x00000000,
0x00000000,
0x00000000,
0x00000000,
0x00000000,
0x00000000,
0x00000000,
0x00000000,
0x00000000,
0x00000000,
0x00000000,
0x00000000,
0x00000000,
0x00000000,
0x00000000,
0x00000000,
0x00000000,
0x00000000,
0x00000000,
0x00000000,
0x00000000,
0x00000000,
0x00000000,
0x00000000,
0x00000000,
0x00000000,
0x00000000,
0x00000000,
0x00000000,
0x00000000,
0x00000000,
0x00000000,
0x00000000,
0x00000000,
0x00000000,
0x00000000,
0x00000000,
0x00000000,
0x00000000,
0x00000000,
0x00000000,
0x00000000,
0x00000000,
0x00000000,
0x00000000,
0x00000000,
0x00000000,
0x00000000,
0x00000000,
0x00000000,
0x00000000,
0x00000000,
0x00000000,
0x00000000,
0x00000000,
0x00000000,
0x00000000,
0x00000000,
0x00000000,
0x00000000,
0x00000000,
0x00000000,
0x00000000,
0x00000000,
0x00000000,
0x00000000,
0x00000000,
0x00000000,
0x00000000,
0x00000000,
0x00000000,
0x00000000,
0x00000000,
0x00000000,
0x00000000,
0x00000000,
0x00000000,
0x00000000,
0x00000000,
0x00000000,
0x00000000,
0x00000000,
0x00000000,
0x00000000,
0x00000000,
0x00000000,
0x00000000,
0x00000000,
0x00000000,
0x00000000,
0x00000000,
0x00000000,
0x00000000,
0x00000000,
0x00000000,
0x00000000,
0x00000000,
0x00000000,
0x00000000,
0x00000000,
0x00000000,
0x00000000,
0x00000000,
0x00000000,
0x00000000,
0x00000000,
0x00000000,
0x00000000,
0x00000000,
0x00000000,
0x00000000,
0x00000000,
0x00000000,
0x00000000,
0x00000000,
0x00000000,
0x00000000,
0x00000000,
0x00000000,
0x00000000,
0x00000000,
0x00000000,
0x00000000,
0x00000000,
0x00000000,
0x00000000,
0x00000000,
0x00000000,
0x00000000,
0x00000000,
0x00000000,
0x00000000,
0x00000000,
0x00000000,
0x00000000,
0x00000000,
0x00000000,
0x00000000,
0x00000000,
0x00000000,
0x00000000,
0x00000000,
0x00000000,
0x00000000,
0x00000000,
0x00000000,
0x00000000,
0x00000000,
0x00000000,
0x00000000,
0x00000000,
0x00000000,
0x00000000,
0x00000000,
0x00000000,
0x00000000,
0x00000000,
0x00000000,
0x00000000,
0x00000000,
0x00000000,
0x00000000,
0x00000000,
0x00000000,
0x00000000,
0x00000000,
0x00000000,
0x00000000,
0x00000000,
0x00000000,
0x00000000,
0x00000000,
0x00000000,
0x00000000,
0x00000000,
0x00000000,
0x00000000,
0x00000000,
0x00000000,
0x00000000,
0x00000000,
0x00000000,
0x00000000,
0x00000000,
0x00000000,
0x00000000,
0x00000000,
0x00000000,
0x00000000,
0x00000000,
0x00000000,
0x00000000,
0x00000000,
0x00000000,
0x00000000,
0x00000000,
0x00000000,
0x00000000,
0x00000000,
0x00000000,
0x00000000,
0x00000000,
0x00000000,
0x00000000,
0x00000000,
0x00000000,
0x00000000,
0x00000000,
0x00000000,
0x00000000,
0x00000000,
0x00000000,
0x00000000,
0x00000000,
0x00000000,
0x00000000,
0x00000000,
0x00000000,
0x00000000,
0x00000000,
0x00000000,
0x00000000,
0x00000000,
0x00000000,
0x00000000,
0x00000000,
0x00000000,
0x00000000,
0x00000000,
0x00000000,
0x00000000,
0x00000000,
0x00000000,
0x00000000,
0x00000000,
0x00000000,
0x00000000,
0x00000000,
0x00000000,
0x00000000,
0x00000000,
0x00000000,
0x00000000,
0x00000000,
0x00000000,
0x00000000,
0x00000000,
0x00000000,
0x00000000,
0x00000000,
0x00000000,
0x00000000,
0x00000000,
0x00000000,
0x00000000,
0x00000000,
0x00000000,
0x00000000,
0x00000000,
0x00000000,
0x00000000,
0x00000000,
0x00000000,
0x00000000,
0x00000000,
0x00000000,
0x00000000,
0x00000000,
0x00000000,
0x00000000,
0x00000000,
0x00000000,
0x00000000,
0x00000000,
0x00000000,
0x00000000,
0x00000000,
0x00000000,
0x00000000,
0x00000000,
0x00000000,
0x00000000,
0x00000000,
0x00000000,
0x00000000,
0x00000000,
0x00000000,
0x00000000,
0x00000000,
0x00000000,
0x00000000,
0x00000000,
0x00000000,
0x00000000,
0x00000000,
0x00000000,
0x00000000,
0x00000000,
0x00000000,
0x00000000,
0x00000000,
0x00000000,
0x00000000,
0x00000000,
0x00000000,
0x00000000,
0x00000000,
0x00000000,
0x00000000,
0x00000000,
0x00000000,
0x00000000,
0x00000000,
0x00000000,
0x00000000,
0x00000000,
0x00000000,
0x00000000,
0x00000000,
0x00000000,
0x00000000,
0x00000000,
0x00000000,
0x00000000,
0x00000000,
0x00000000,
0x00000000,
0x00000000,
0x00000000,
0x00000000,
0x00000000,
0x00000000,
0x00000000,
0x00000000,
0x00000000,
0x00000000,
0x00000000,
0x00000000,
0x00000000,
0x00000000,
0x00000000,
0x00000000,
0x00000000,
0x00000000,
0x00000000,
0x00000000,
0x00000000,
0x00000000,
0x00000000,
0x00000000,
0x00000000,
0x00000000,
0x00000000,
0x00000000,
0x00000000,
0x00000000,
0x00000000,
0x00000000,
0x00000000,
0x00000000,
0x00000000,
0x00000000,
0x00000000,
0x00000000,
0x00000000,
0x00000000,
0x00000000,
0x00000000,
0x00000000,
0x00000000,
0x00000000,
0x00000000,
0x00000000,
0x00000000,
0x00000000,
0x00000000,
0x00000000,
0x00000000,
0x00000000,
0x00000000,
0x00000000,
0x00000000,
0x00000000,
0x00000000,
0x00000000,
0x00000000,
0x00000000,
0x00000000,
0x00000000,
0x00000000,
0x00000000,
0x00000000,
0x00000000,
0x00000000,
0x00000000,
0x00000000,
0x00000000,
0x00000000,
0x00000000,
0x00000000,
0x00000000,
0x00000000,
0x00000000,
0x00000000,
0x00000000,
0x00000000,
0x00000000,
0x00000000,
0x00000000,
0x00000000,
0x00000000,
0x00000000,
0x00000000,
0x00000000,
0x00000000,
0x00000000,
0x00000000,
0x00000000,
0x00000000,
0x00000000,
0x00000000,
0x00000000,
0x00000000,
0x00000000,
0x00000000,
0x00000000,
0x00000000,
0x00000000,
0x00000000,
0x00000000,
0x00000000,
0x00000000,
0x00000000,
0x00000000,
0x00000000,
0x00000000,
0x00000000,
0x00000000,
0x00000000,
0x00000000,
0x00000000,
0x00000000,
0x00000000,
0x00000000,
0x00000000,
0x00000000,
0x00000000,
0x00000000,
0x00000000,
0x00000000,
0x00000000,
0x00000000,
0x00000000,
0x00000000,
0x00000000,
0x00000000,
0x00000000,
0x00000000,
0x00000000,
0x00000000,
0x00000000,
0x00000000,
0x00000000,
0x00000000,
0x00000000,
0x00000000,
0x00000000,
0x00000000,
0x00000000,
0x00000000,
0x00000000,
0x00000000,
0x00000000,
0x00000000,
0x00000000,
0x00000000,
0x00000000,
0x00000000,
0x00000000,
0x00000000,
0x00000000,
0x00000000,
0x00000000,
0x00000000,
0x00000000,
0x00000000,
0x00000000,
0x00000000,
0x00000000,
0x00000000,
0x00000000,
0x00000000,
0x00000000,
0x00000000,
0x00000000,
0x00000000,
0x00000000,
0x00000000,
0x00000000,
0x00000000,
0x00000000,
0x00000000,
0x00000000,
0x00000000,
0x00000000,
0x00000000,
0x00000000,
0x00000000,
0x00000000,
0x00000000,
0x00000000,
0x00000000,
0x00000000,
0x00000000,
0x00000000,
0x00000000,
0x00000000,
0x00000000,
0x00000000,
0x00000000,
0x00000000,
0x00000000,
0x00000000,
0x00000000,
0x00000000,
0x00000000,
0x00000000,
0x00000000,
0x00000000,
0x00000000,
0x00000000,
0x00000000,
0x00000000,
0x00000000,
0x00000000,
0x00000000,
0x00000000,
0x00000000,
0x00000000,
0x00000000,
0x00000000,
0x00000000,
0x00000000,
0x00000000,
0x00000000,
0x00000000,
0x00000000,
0x00000000,
0x00000000,
0x00000000,
0x00000000,
0x00000000,
0x00000000,
0x00000000,
0x00000000,
0x00000000,
0x00000000,
0x00000000,
0x00000000,
0x00000000,
0x00000000,
0x00000000,
0x00000000,
0x00000000,
0x00000000,
0x00000000,
0x00000000,
0x00000000,
0x00000000,
0x00000000,
0x00000000,
0x00000000,
0x00000000,
0x00000000,
0x00000000,
0x00000000,
0x00000000,
0x00000000,
0x00000000,
0x00000000,
0x00000000,
0x00000000,
0x00000000,
0x00000000,
0x00000000,
0x00000000,
0x00000000,
0x00000000,
0x00000000,
0x00000000,
0x00000000,
0x00000000,
0x00000000,
0x00000000,
0x00000000,
0x00000000,
0x00000000,
0x00000000,
0x00000000,
0x00000000,
0x00000000,
0x00000000,
0x00000000,
0x00000000,
0x00000000,
0x00000000,
0x00000000,
0x00000000,
0x00000000,
0x00000000,
0x00000000,
0x00000000,
0x00000000,
0x00000000,
0x00000000,
0x00000000,
0x00000000,
0x00000000,
0x00000000,
0x00000000,
0x00000000,
0x00000000,
0x00000000,
0x00000000,
0x00000000,
0x00000000,
0x00000000,
0x00000000,
0x00000000,
0x00000000,
0x00000000,
0x00000000,
0x00000000,
0x00000000,
0x00000000,
0x00000000,
0x00000000,
0x00000000,
0x00000000,
0x00000000,
0x00000000,
0x00000000,
0x00000000,
0x00000000,
0x00000000,
0x00000000,
0x00000000,
0x00000000,
0x00000000,
0x00000000,
0x00000000,
0x00000000,
0x00000000,
0x00000000,
0x00000000,
0x00000000,
0x00000000,
0x00000000,
0x00000000,
0x00000000,
0x00000000,
0x00000000,
0x00000000,
0x00000000,
0x00000000,
0x00000000,
0x00000000,
0x00000000,
0x00000000,
0x00000000,
0x00000000,
0x00000000,
0x00000000,
0x00000000,
0x00000000,
0x00000000,
0x00000000,
0x00000000,
0x00000000,
0x00000000,
0x00000000,
0x00000000,
0x00000000,
0x00000000,
0x00000000,
0x00000000,
0x00000000,
0x00000000,
0x00000000,
0x00000000,
0x00000000,
0x00000000,
0x00000000,
0x00000000,
0x00000000,
0x00000000,
0x00000000,
0x00000000,
0x00000000,
0x00000000,
0x00000000,
0x00000000,
0x00000000,
0x00000000,
0x00000000,
0x00000000,
0x00000000,
0x00000000,
0x00000000,
0x00000000,
0x00000000,
0x00000000,
0x00000000,
0x00000000,
0x00000000,
0x00000000,
0x00000000,
0x00000000,
0x00000000,
0x00000000,
0x00000000,
0x00000000,
0x00000000,
0x00000000,
0x00000000,
0x00000000,
0x00000000,
0x00000000,
0x00000000,
0x00000000,
0x00000000,
0x00000000,
0x00000000,
0x00000000,
0x00000000,
0x00000000,
0x00000000,
0x00000000,
0x00000000,
0x00000000,
0x00000000,
0x00000000,
0x00000000,
0x00000000,
0x00000000,
0x00000000,
0x00000000,
0x00000000,
0x00000000,
0x00000000,
0x00000000,
0x00000000,
0x00000000,
0x00000000,
0x00000000,
0x00000000,
0x00000000,
0x00000000,
0x00000000,
0x00000000,
0x00000000,
0x00000000,
0x00000000,
0x00000000,
0x00000000,
0x00000000,
0x00000000,
0x00000000,
0x00000000,
0x00000000,
0x00000000,
0x00000000,
0x00000000,
0x00000000,
0x00000000,
0x00000000,
0x00000000,
0x00000000,
0x00000000,
0x00000000,
0x00000000,
0x00000000,
0x00000000,
0x00000000,
0x00000000,
0x00000000,
0x00000000,
0x00000000,
0x00000000,
0x00000000,
0x00000000,
0x00000000,
0x00000000,
0x00000000,
0x00000000,
0x00000000,
0x00000000,
0x00000000,
0x00000000,
0x00000000,
0x00000000,
0x00000000,
0x00000000,
0x00000000,
0x00000000,
0x00000000,
0x00000000,
0x00000000,
0x00000000,
0x00000000,
};


unsigned int ddr_scan_quick[] = {
0xf0d40028,
0xf0d40000,
0x00007470,
0xe0800500,
0xf0d40070,
0x00003b05,
0x0000a518,
0x0000a7e4,
0x00000000,
0x00015000,
0xea000282,
0xffffffff,
0xed11aa55,
0x021a0000,
0x13040005,
0x00000000,
0xf12300b0,
0x00000028,
0xf1020010,
0x00000002,
0xf12300b0,
0x00000034,
0xf02300b0,
0x01100003,
0xf1110000,
0x0000003e,
0x00000000,
0x00000000,
0x48210000,
0x280a4dbd,
0x00002ca4,
0x00020000,
0x00000000,
0x00000000,
0x40000000,
0xffffffff,
0xffffffff,
0xffffffff,
0xffffffff,
0xffffffff,
0xffffffff,
0xffffffff,
0xffffffff,
0xffffffff,
0xffffffff,
0xffffffff,
0xffffffff,
0xffffffff,
0xffffffff,
0xffffffff,
0xffffffff,
0xffffffff,
0xffffffff,
0xffffffff,
0xffffffff,
0xffffffff,
0xffffffff,
0xffffffff,
0xffffffff,
0xffffffff,
0xffffffff,
0xffffffff,
0xffffffff,
0xffffffff,
0xffffffff,
0xffffffff,
0xffffffff,
0xffffffff,
0xffffffff,
0xffffffff,
0xffffffff,
0xffffffff,
0xffffffff,
0xffffffff,
0xffffffff,
0xffffffff,
0xffffffff,
0xffffffff,
0xffffffff,
0xffffffff,
0xffffffff,
0xffffffff,
0xffffffff,
0xffffffff,
0xffffffff,
0xffffffff,
0xffffffff,
0xffffffff,
0xffffffff,
0xffffffff,
0xffffffff,
0xffffffff,
0xffffffff,
0xffffffff,
0xffffffff,
0xffffffff,
0xffffffff,
0xffffffff,
0xffffffff,
0xffffffff,
0xffffffff,
0xffffffff,
0xffffffff,
0xffffffff,
0xffffffff,
0xffffffff,
0xffffffff,
0xffffffff,
0xffffffff,
0xffffffff,
0xffffffff,
0xffffffff,
0xffffffff,
0xffffffff,
0xffffffff,
0xffffffff,
0xffffffff,
0xffffffff,
0xffffffff,
0xffffffff,
0xffffffff,
0xffffffff,
0xffffffff,
0xffffffff,
0xffffffff,
0xffffffff,
0xffffffff,
0xffffffff,
0xffffffff,
0xffffffff,
0xffffffff,
0xffffffff,
0xffffffff,
0xffffffff,
0xffffffff,
0xffffffff,
0xffffffff,
0xffffffff,
0xffffffff,
0xffffffff,
0xffffffff,
0xffffffff,
0xffffffff,
0xffffffff,
0xffffffff,
0xffffffff,
0xffffffff,
0xffffffff,
0xffffffff,
0xffffffff,
0xffffffff,
0xffffffff,
0xffffffff,
0xffffffff,
0xffffffff,
0xffffffff,
0xffffffff,
0xffffffff,
0xffffffff,
0xffffffff,
0xffffffff,
0xffffffff,
0xffffffff,
0xffffffff,
0xffffffff,
0xffffffff,
0xffffffff,
0xffffffff,
0xffffffff,
0xffffffff,
0xffffffff,
0xffffffff,
0xffffffff,
0xffffffff,
0xffffffff,
0xffffffff,
0xffffffff,
0xffffffff,
0xffffffff,
0xffffffff,
0xffffffff,
0xffffffff,
0xffffffff,
0xffffffff,
0xffffffff,
0xffffffff,
0xffffffff,
0xffffffff,
0xffffffff,
0xffffffff,
0xffffffff,
0xffffffff,
0x30240322,
0x00378aaa,
0x4ca27f10,
0x0b34e6c6,
0x4552a674,
0x013347ce,
0xd0000000,
0x00000702,
0x0a0f0e16,
0x03f80000,
0x00000144,
0x00000438,
0x00040000,
0x0000f000,
0x011000f0,
0x00000001,
0x000b0003,
0x020000f0,
0x02000100,
0x000a0007,
0x00ea0007,
0x00040a27,
0x00000b50,
0x00000001,
0x00000220,
0x00000000,
0x00000800,
0x00001400,
0x00000ccc,
0x144e01d3,
0x00000004,
0x3e142b13,
0x13130e16,
0x09280e09,
0x0001070a,
0x00000003,
0x00000000,
0x00000800,
0x00000001,
0x00001010,
0x1c000008,
0x1c1c1c1c,
0x041c1c1c,
0x04424624,
0x0000004f,
0x0900b000,
0x09290909,
0x09099090,
0x02b99090,
0x22024002,
0x0655ff20,
0x43000fcc,
0x38380fcc,
0x55553c30,
0x55073333,
0x2080dddd,
0x00a80000,
0x0b500790,
0x02200001,
0x08000000,
0x0ccc1400,
0x85060601,
0x0e0e0307,
0x76051514,
0x4f010105,
0x0f7002cc,
0xb00b00f0,
0xf0b0b0bb,
0x00000000,
0x00000000,
0x00000000,
0x00000000,
0x00000000,
0x00000000,
0x00000000,
0x00000000,
0x00000000,
0x00030707,
0x0409020d,
0x0a0b140c,
0x14000c0b,
0x03010b11,
0x08000505,
0x000c070d,
0x05020407,
0x09040b0f,
0xffffffff,
0x00000000,
0xffffffff,
0xffffffff,
0xffffffff,
0xffffffff,
0xffffffff,
0xffffffff,
0xffffffff,
0xffffffff,
0xffffffff,
0xffffffff,
0xffffffff,
0xffffffff,
0xffffffff,
0xffffffff,
0xffffffff,
0xffffffff,
0xffffffff,
0xffffffff,
0xffffffff,
0xffffffff,
0xffffffff,
0xffffffff,
0xffffffff,
0xffffffff,
0xffffffff,
0xffffffff,
0xffffffff,
0xffffffff,
0xffffffff,
0xffffffff,
0xffffffff,
0xffffffff,
0xffffffff,
0xffffffff,
0xffffffff,
0xffffffff,
0xffffffff,
0xffffffff,
0xffffffff,
0xffffffff,
0xffffffff,
0xffffffff,
0xffffffff,
0xffffffff,
0xffffffff,
0xffffffff,
0xffffffff,
0xffffffff,
0xffffffff,
0xffffffff,
0xffffffff,
0xffffffff,
0xffffffff,
0xffffffff,
0xffffffff,
0xffffffff,
0xffffffff,
0xffffffff,
0xffffffff,
0xffffffff,
0xffffffff,
0xffffffff,
0xffffffff,
0xffffffff,
0xffffffff,
0xffffffff,
0xffffffff,
0xffffffff,
0xffffffff,
0xffffffff,
0xffffffff,
0xffffffff,
0xffffffff,
0xffffffff,
0xffffffff,
0xffffffff,
0xffffffff,
0xffffffff,
0xffffffff,
0xffffffff,
0xffffffff,
0xffffffff,
0xffffffff,
0xffffffff,
0xffffffff,
0xffffffff,
0xffffffff,
0xffffffff,
0xffffffff,
0xffffffff,
0xffffffff,
0xffffffff,
0xffffffff,
0xffffffff,
0xffffffff,
0xffffffff,
0xffffffff,
0xffffffff,
0xffffffff,
0xffffffff,
0xffffffff,
0xffffffff,
0xffffffff,
0xffffffff,
0xffffffff,
0xffffffff,
0xffffffff,
0xffffffff,
0xffffffff,
0xffffffff,
0xffffffff,
0xffffffff,
0xffffffff,
0xffffffff,
0xffffffff,
0xffffffff,
0xffffffff,
0xffffffff,
0xffffffff,
0xffffffff,
0xffffffff,
0xffffffff,
0xffffffff,
0xffffffff,
0xffffffff,
0xffffffff,
0xffffffff,
0xffffffff,
0xffffffff,
0xffffffff,
0xffffffff,
0xffffffff,
0xffffffff,
0xffffffff,
0xffffffff,
0xffffffff,
0xffffffff,
0xffffffff,
0xffffffff,
0xffffffff,
0xffffffff,
0xffffffff,
0xffffffff,
0xffffffff,
0xffffffff,
0xffffffff,
0xffffffff,
0xffffffff,
0xffffffff,
0xffffffff,
0xffffffff,
0xffffffff,
0xffffffff,
0xffffffff,
0xffffffff,
0xffffffff,
0xffffffff,
0xffffffff,
0xffffffff,
0xffffffff,
0xffffffff,
0xffffffff,
0xffffffff,
0xffffffff,
0xffffffff,
0xffffffff,
0xffffffff,
0xffffffff,
0xffffffff,
0xffffffff,
0xffffffff,
0xffffffff,
0xffffffff,
0xffffffff,
0xffffffff,
0xffffffff,
0xffffffff,
0xffffffff,
0xffffffff,
0xffffffff,
0xffffffff,
0xffffffff,
0xffffffff,
0xffffffff,
0xffffffff,
0xffffffff,
0xffffffff,
0xffffffff,
0xffffffff,
0xffffffff,
0xffffffff,
0xffffffff,
0xffffffff,
0xffffffff,
0xffffffff,
0xffffffff,
0xffffffff,
0xffffffff,
0xffffffff,
0xffffffff,
0xffffffff,
0xffffffff,
0xffffffff,
0xffffffff,
0xffffffff,
0xffffffff,
0xffffffff,
0xffffffff,
0xffffffff,
0xffffffff,
0xffffffff,
0xffffffff,
0xffffffff,
0xffffffff,
0xffffffff,
0xffffffff,
0xffffffff,
0xffffffff,
0xffffffff,
0xffffffff,
0xffffffff,
0xffffffff,
0xffffffff,
0xffffffff,
0xffffffff,
0xffffffff,
0xffffffff,
0xffffffff,
0xffffffff,
0xffffffff,
0xffffffff,
0xffffffff,
0xe59f1004,
0xe5911000,
0xe1a0f001,
0xf0210104,
0xf1020016,
0xee111f11,
0xf57ff06f,
0xe3810001,
0xee010f11,
0xf57ff06f,
0xe3a00000,
0xec400f4e,
0xf57ff06f,
0xee011f11,
0xf57ff06f,
0xf1020013,
0xe59f0130,
0xe3a01024,
0xe5801000,
0xe59f1128,
0xe5910000,
0xe3500000,
0x0a000021,
0xe59f0114,
0xe3a01036,
0xe5801000,
0xe3a01034,
0xe5801000,
0xe3a01077,
0xe5801000,
0xe3a01066,
0xe5801000,
0xe3a01069,
0xe5801000,
0xe59f10ec,
0xe5910000,
0xe3500001,
0x0afffffb,
0xe59f00d8,
0xe3a01077,
0xe5801000,
0xe3a01061,
0xe5801000,
0xe3a01072,
0xe5801000,
0xe3a0106d,
0xe5801000,
0xe3a01072,
0xe5801000,
0xe3a01073,
0xe5801000,
0xe3a01074,
0xe5801000,
0xe3a02003,
0xee0c2f50,
0xf57ff06f,
0xe320f003,
0xe59f0094,
0xe5901000,
0xe3811001,
0xe5801000,
0xe59f0088,
0xe3a010f0,
0xe5801000,
0xe320f003,
0xe10f0000,
0xe38000c0,
0xe129f000,
0xe59f0070,
0xe3a01001,
0xe5801000,
0xe59f005c,
0xe5901000,
0xe3c11001,
0xe5801000,
0xe59f4058,
0xee0e4f10,
0xe59f0054,
0xe5901000,
0xe3811001,
0xe5801000,
0xee114f10,
0xe3c44005,
0xe3c44a01,
0xee014f10,
0xec554f1f,
0xe3c44040,
0xec454f1f,
0xe3844040,
0xec454f1f,
0xe59f1024,
0xe5910000,
0xe1a0f000,
0xe320f000,
0xf0110000,
0xf0210108,
0xfff02000,
0xfff02004,
0xfff01280,
0x00b71b00,
0xffe60000,
0xf0210104,
0xffffffff,
0xffffffff,
0xffffffff,
0xffffffff,
0xffffffff,
0xffffffff,
0xffffffff,
0xffffffff,
0xffffffff,
0xffffffff,
0xffffffff,
0xffffffff,
0xffffffff,
0xffffffff,
0xffffffff,
0xffffffff,
0xffffffff,
0xffffffff,
0xffffffff,
0xffffffff,
0xffffffff,
0xffffffff,
0xffffffff,
0xffffffff,
0xffffffff,
0xffffffff,
0xea000102,
0xe59ff014,
0xe59ff014,
0xe59ff014,
0xe59ff014,
0xe320f000,
0xe59ff010,
0xe59ff010,
0xf0d40e54,
0xf0d40e98,
0xf0d40edc,
0xf0d40f20,
0xf0d40f64,
0xf0d40f68,
0xf1080100,
0xf10c00c0,
0xf1020013,
0xee110f10,
0xe3c00a01,
0xe3c00b02,
0xe3c00004,
0xe3c00002,
0xe3c00001,
0xee010f10,
0xe59f051c,
0xee0c0f10,
0xee100fb0,
0xe2000003,
0xe3500000,
0x1a000006,
0xe59f0508,
0xe3a01901,
0xe0811000,
0xe3a02000,
0xe4802004,
0xe1500001,
0x3afffffc,
0xee100fb0,
0xe2000003,
0xe3500000,
0x1a000001,
0xe59fd4e0,
0xea000000,
0xe59fd4dc,
0xee110f10,
0xe3800a01,
0xee070f15,
0xee010f10,
0xe59f04cc,
0xe5901074,
0xe3a02001,
0xe1811902,
0xe5801074,
0xe59f04bc,
0xe5901030,
0xe1811802,
0xe5801030,
0xe3a02003,
0xe5802100,
0xe3a01000,
0xee081f13,
0xee081f17,
0xee071fd5,
0xee081f16,
0xee081f15,
0xee071f15,
0xf57ff04f,
0xf57ff06f,
0xee300f10,
0xe2006007,
0xe2866004,
0xe7e931d0,
0xe16f5f13,
0xe2833001,
0xe1a04003,
0xe59f2468,
0xe5823000,
0xe59f3464,
0xe00306a0,
0xe59f2460,
0xe2801001,
0xe5821000,
0xe3a01000,
0xe3a03000,
0xe1a02511,
0xe1822613,
0xee072f56,
0xe2833001,
0xe1500003,
0xaafffff9,
0xe2811001,
0xe1510004,
0x1afffff5,
0xe3a00001,
0xee400f10,
0xee300f10,
0xe7e931d0,
0xe2833001,
0xe59f2418,
0xe5823000,
0xe59f3408,
0xe00306a0,
0xe59f240c,
0xe2801001,
0xe5821000,
0xe3a00002,
0xee400f10,
0xee300f10,
0xe2006007,
0xe2866004,
0xe7e931d0,
0xe16f5f13,
0xe2833001,
0xe1a04003,
0xe59f23e0,
0xe5823000,
0xe59f33c8,
0xe00306a0,
0xe59f23d4,
0xe2801001,
0xe5821000,
0xe3a01000,
0xe3a03000,
0xe1a02511,
0xe2822002,
0xe1822613,
0xee072f56,
0xe2833001,
0xe1500003,
0xaafffff8,
0xe2811001,
0xe1510004,
0x1afffff4,
0xe59f036c,
0xe59f9398,
0xe5991094,
0xe2511001,
0xe59f2390,
0xe0823a01,
0xe7803101,
0xe2511001,
0x5afffffb,
0xe59f0348,
0xe3800b0f,
0xe3a010ff,
0xe59f2374,
0xe0823a01,
0xe7803101,
0xe2511001,
0x5afffffb,
0xe59f0328,
0xe59f1360,
0xe1800001,
0xe59f235c,
0xe5802000,
0xe59f0314,
0xe3a01df1,
0xe1800001,
0xe59f234c,
0xe5802000,
0xe59f0300,
0xe59f1344,
0xe1800001,
0xe59f2340,
0xe5802000,
0xe3a00000,
0xee020f50,
0xe59f02e4,
0xe3a01008,
0xe3811040,
0xe1800001,
0xee020f10,
0xe3e00000,
0xee030f10,
0xf57ff04f,
0xf57ff06f,
0xee110f10,
0xe3800001,
0xee010f10,
0xf57ff04f,
0xf57ff06f,
0xee110f10,
0xe3800a01,
0xe3800004,
0xee010f10,
0xf57ff04f,
0xf57ff06f,
0xee110f30,
0xe3800040,
0xee010f30,
0xe59f0294,
0xe590107c,
0xe3811a01,
0xe580107c,
0xe590109c,
0xe3c11008,
0xe580109c,
0xe3811008,
0xe580109c,
0xe59f02b4,
0xe59f1270,
0xe5912108,
0xe5802024,
0xe3a02007,
0xe5802008,
0xfa000fe0,
0xfa0000ab,
0xe59f0298,
0xe5902038,
0xe7ef1052,
0xe3510000,
0x0a000025,
0xe7e037d1,
0xe3a04045,
0xe3530001,
0x1a000014,
0xe7e03751,
0xe3530001,
0x1a000005,
0xe3a04055,
0xe2800001,
0xe3500002,
0x0a00000d,
0xe1a02822,
0xeaffffef,
0xe7e45052,
0xe7e462d2,
0xe2854030,
0xe3550001,
0x0a000002,
0xe3550002,
0x0a000000,
0xea000003,
0xe0253006,
0xe223301f,
0xe3530000,
0x0a00000c,
0xe59f0224,
0xe3a01039,
0xe5801000,
0xe3a01038,
0xe5801000,
0xe3a01035,
0xe5801000,
0xe3a01033,
0xe5801000,
0xe3a01038,
0xe5801000,
0xe5804000,
0xeafffffe,
0xfa000f80,
0xe59f01f0,
0xe59f11f0,
0xe3a02000,
0xe4802004,
0xe1500001,
0x3afffffc,
0xfa0018bf,
0xe1a0f000,
0xe320f000,
0xe59f01c8,
0xe3a01052,
0xe5801000,
0xe3a01053,
0xe5801000,
0xe3a01054,
0xe5801000,
0xe590101c,
0xe201100f,
0xe2811030,
0xe5801000,
0xe590101c,
0xe1a01221,
0xe201100f,
0xe2811030,
0xe5801000,
0xeafffffe,
0xe59f0184,
0xe3a01055,
0xe5801000,
0xe3a01044,
0xe5801000,
0xe3a01046,
0xe5801000,
0xe590101c,
0xe201100f,
0xe2811030,
0xe5801000,
0xe590101c,
0xe1a01221,
0xe201100f,
0xe2811030,
0xe5801000,
0xeaffffed,
0xe59f0140,
0xe3a01053,
0xe5801000,
0xe3a01057,
0xe5801000,
0xe3a01049,
0xe5801000,
0xe590101c,
0xe201100f,
0xe2811030,
0xe5801000,
0xe590101c,
0xe1a01221,
0xe201100f,
0xe2811030,
0xe5801000,
0xeaffffdc,
0xe59f00fc,
0xe3a01050,
0xe5801000,
0xe3a01041,
0xe5801000,
0xe3a01042,
0xe5801000,
0xe590101c,
0xe201100f,
0xe2811030,
0xe5801000,
0xe590101c,
0xe1a01221,
0xe201100f,
0xe2811030,
0xe5801000,
0xeaffffcb,
0xe59f00b8,
0xe3a01041,
0xe5801000,
0xe3a01042,
0xe5801000,
0xe3a01054,
0xe5801000,
0xe590101c,
0xe201100f,
0xe2811030,
0xe5801000,
0xe590101c,
0xe1a01221,
0xe201100f,
0xe2811030,
0xe5801000,
0xeaffffba,
0xeafffffe,
0xeafffffe,
0x00000100,
0x00000010,
0x00000100,
0x00000010,
0x00000100,
0x00000010,
0xf0d40000,
0xf0d58000,
0xf0d5d000,
0xf0d5e000,
0xf0020000,
0xf0100000,
0xf0d40f78,
0x00007fff,
0xf0d40f74,
0xf0d40f80,
0xf0d40f7c,
0xf0d40f70,
0xf0d40f6c,
0xf0d40300,
0x00015de6,
0xf0000de6,
0x00003c34,
0xf0d15de6,
0xf1015de6,
0x00003c44,
0xf1115de6,
0xf0101000,
0xf0160000,
0xf0110000,
0x010002cc,
0x01008400,
0x22004b05,
0xaf00b580,
0xf003601a,
0x4803fe57,
0xfa1af006,
0xbf00bd80,
0xf0210100,
0xf0d41084,
0x2000b580,
0xbd80af00,
0x2000b580,
0xbd80af00,
0x2000b580,
0xbd80af00,
0x2000b580,
0xbd80af00,
0xb5804b02,
0x6018af00,
0xbf00bd80,
0xf0210100,
0x4b06b580,
0xee0eaf00,
0xee0e3f10,
0x4a043f10,
0xf0436813,
0x60130301,
0xbf00bd80,
0x002dc6c0,
0xffe60000,
0xaf00b580,
0xffeaf7ff,
0x68134a03,
0xd0fc2b00,
0xe842f006,
0xbf00bd80,
0xf0210100,
0x2000b580,
0xbd80af00,
0x6c5f6c62,
0x656c776f,
0x5f6c6576,
0x74696e69,
0x6e6f6420,
0x000a0d65,
0x00000001,
0x00000001,
0x00000000,
0x00000000,
0x00000000,
0x00000000,
0x00000000,
0x00000000,
0x00000000,
0x00000000,
0x00000000,
0x00000000,
0x4b144a13,
0x2800b580,
0x4613bf18,
0x0208f043,
0x6811af00,
0xd50c0109,
0xf3c06810,
0xb1a87000,
0x63d4f443,
0x681b2002,
0x7f00f413,
0x2001bf08,
0x6812bd80,
0xd50800d2,
0x63d4f443,
0x681b2005,
0x7f00f413,
0x2004bf08,
0x2003bd80,
0xbf00bd80,
0xf0210000,
0xf0180000,
0x47f0e92d,
0x4b414688,
0xaf004c41,
0x28004605,
0x461cbf18,
0xffa1f2c1,
0x79a6f444,
0x23002208,
0x46484611,
0xf910f2c2,
0x0f04f1b8,
0x2300d106,
0x210f220c,
0x7061f444,
0xf906f2c2,
0x0a06f04f,
0xf444200a,
0xf8c476f8,
0xf006a000,
0x220df841,
0x46112300,
0xf2c24630,
0xf44ff8f7,
0xf0067096,
0x2307f837,
0x60232064,
0xf832f006,
0x2301220d,
0x46304611,
0xf8e8f2c2,
0x7016f44f,
0xf828f006,
0xf8c42064,
0xf006a000,
0x230ef823,
0x60232064,
0xf81ef006,
0x23012208,
0x46484611,
0xf8d4f2c2,
0x0f04f1b8,
0x230fd12f,
0x4619220c,
0x7061f444,
0xf8caf2c2,
0x22032301,
0x1125f240,
0xf2c24628,
0x227ff821,
0x218ef240,
0xf2c22000,
0x4601f811,
0xf2bf4628,
0x2302fac9,
0xf2402203,
0x46281125,
0xf810f2c2,
0xf44f227f,
0x20007127,
0xf800f2c2,
0x46284601,
0xfab8f2bf,
0xf2402303,
0x461a1125,
0xf2c14628,
0xe8bdffff,
0xbf0087f0,
0xf0210000,
0xf0180000,
0xaf00b580,
0xf101b928,
0xf5014170,
0x600a11b8,
0x2801bd80,
0xf1a1d104,
0xf5a1617e,
0xe7f6210f,
0x4170f101,
0x11b9f501,
0x0000e7f1,
0x460eb5f8,
0xaf004615,
0x21904a0a,
0xffe2f7ff,
0x21d04632,
0xffdef7ff,
0x21d4462a,
0xffdaf7ff,
0x461a21d8,
0xffd6f7ff,
0x21dc69ba,
0xffd2f7ff,
0xbf00bdf8,
0x12345678,
0x2109b5f8,
0xaf002000,
0xf2c14d31,
0x1e42ffa4,
0x2109b2d2,
0xf2c12000,
0x210affa6,
0xf2c12000,
0x1e42ff9a,
0x210ab2d2,
0xf2c12000,
0x2000ff9c,
0xfedff2c1,
0x4b284827,
0x721ff641,
0x6801682e,
0x681b4032,
0x4c80f013,
0x731ff641,
0x0301ea03,
0xf46fd010,
0x44737e80,
0xf46f404b,
0x44627c80,
0x741ff641,
0x40234072,
0x40594022,
0x602a4072,
0xe0216001,
0xe068f8df,
0x1201f2a2,
0xf8de4072,
0x2c014000,
0x741ff641,
0x0204ea02,
0x0206ea82,
0xd116602a,
0x7380f5a3,
0x401c404b,
0x490f404c,
0x0201ea04,
0x7280f102,
0x3280f502,
0x40114062,
0x60014061,
0xc000f8ce,
0xf2c12000,
0x2000fe92,
0xf46fbdf8,
0x44137280,
0x401c404b,
0xe7cf4061,
0xf0180648,
0xf0180148,
0xf0180008,
0x1f1f0000,
0xf0d410a4,
0x2109b5f8,
0xaf002000,
0xf2c14e4e,
0x1c42ff32,
0x2109b2d2,
0xf2c12000,
0x210aff34,
0xf2c12000,
0x1c42ff28,
0x210ab2d2,
0xf2c12000,
0x2000ff2a,
0xfe6df2c1,
0xc128f8df,
0xf8dc4b43,
0x68345000,
0xf013681b,
0xf0054f80,
0xd02c031f,
0xd00d2b1f,
0x53f8f405,
0x5ff8f5b3,
0xf404d008,
0xf5b353f8,
0xd0035ff8,
0x031ff004,
0xd10a2b1f,
0xf2c24837,
0x4837f8d9,
0x46294622,
0xf8d4f2c2,
0x30fff04f,
0xf641bdf8,
0xea05731f,
0xf2010103,
0xea041101,
0x40690203,
0x1201f202,
0x40624019,
0xf8cc4069,
0x401a1000,
0x2b1fe03c,
0xf405d00d,
0xf5b353f8,
0xd0085ff8,
0x53f8f404,
0x5ff8f5b3,
0xf004d003,
0x2b1f031f,
0x4821d106,
0xf8acf2c2,
0x46294622,
0xe7d14820,
0x721ff641,
0x46102b19,
0xea004613,
0xea030005,
0xd1220304,
0xf200491b,
0xf5031001,
0xf04f7380,
0x40630e01,
0xe000f8c1,
0x0105ea80,
0x0002ea01,
0x4062401a,
0x40684c14,
0x0000f8cc,
0x0104ea02,
0x417ef101,
0x017ff501,
0x400c4051,
0x20004054,
0xf2c16034,
0x2000fdea,
0xf200bdf8,
0xf2031001,
0x40681301,
0x40104063,
0xf8cc4068,
0xe7ae0000,
0xf0180148,
0xf0180008,
0xf0d46228,
0xf0d46258,
0xf0d46278,
0xf0d410a4,
0x1f1f0000,
0xf0180648,
0x460db5b0,
0xaf004604,
0xd1342800,
0x681b4b1e,
0xd50607d9,
0x0301f023,
0x461a2160,
0xf7ff4620,
0x075afe99,
0xf023d505,
0x21600204,
0xf7ff4620,
0x686afe91,
0x011368a9,
0x2301ea43,
0xf043bb0a,
0x682a03c1,
0x49114620,
0x4302ea43,
0x60114a10,
0x68ea2164,
0x0203f022,
0xfe7cf7ff,
0x4620692a,
0xf0222168,
0xf7ff0203,
0x2160fe75,
0x4620461a,
0xfe70f7ff,
0x2801bdb0,
0x4b06d101,
0x4b06e7c7,
0xf043e7c5,
0xe7dc0301,
0xf0170060,
0x00100030,
0xf0170054,
0xf0171060,
0xf0172060,
0x2401b598,
0xf202fa04,
0x408b3a01,
0xb2dbaf00,
0xb281408a,
0x2000b2d2,
0xfe46f2c1,
0xb598bd98,
0xfa032301,
0x3a01f202,
0xaf00460c,
0xb281408a,
0x2000b2d2,
0xfe2ef2c1,
0xbd9840e0,
0x41f0e92d,
0x4d1d4604,
0xaf00b082,
0xf2412200,
0x682e3888,
0x607a603a,
0xb9f4b95e,
0x681a4b18,
0x462021a0,
0x0501f012,
0xf7ffd01d,
0x2001fe27,
0x683be00f,
0x33012019,
0x682e603b,
0xfdfcf005,
0x3301687b,
0x687b607b,
0xd9e54543,
0x20022300,
0x3708607b,
0xe8bd46bd,
0x2c0181f0,
0x4b09d101,
0x4b09e7dd,
0xf012e7db,
0xd0030302,
0xfe06f7ff,
0xe7ee4628,
0xfe02f7ff,
0xe7ea4618,
0xf017005c,
0xf01700a0,
0xf01710a0,
0xf01720a0,
0xe92d4ba4,
0xb0ad4ff0,
0xaf02685a,
0xf102689b,
0xf5026280,
0xf8c73290,
0x2b002088,
0x8271f000,
0x24014b9d,
0xa30cf8df,
0x4d9c2000,
0x9308f8df,
0x4b9b601c,
0x8304f8df,
0xf8df4e9a,
0x681bb304,
0x3084f8c7,
0x681b4b98,
0x308cf8c7,
0x681b4b97,
0x4b9767bb,
0x677b681b,
0x681b4b96,
0x4b96673b,
0x66fb681b,
0x681b4b95,
0x4b9566bb,
0x667b681b,
0x681b4b94,
0x4b94663b,
0x65fb681b,
0x681b4b93,
0x4b9365bb,
0x657b681b,
0x681b4b92,
0x4b92653b,
0x64fb681b,
0x681b4b91,
0x4b9164bb,
0x647b681b,
0x681b4b90,
0x4b90643b,
0x63fb681b,
0x681b4b8f,
0x4b8f63bb,
0x637b681b,
0x681b4b8e,
0x4b8e633b,
0x62fb681b,
0x681b4b8d,
0x4b8d62bb,
0x627b681b,
0x681b4b8c,
0x4b8c623b,
0x61fb681b,
0x681b4b8b,
0x3080f8c7,
0x3000f8da,
0x682b61bb,
0xf8d967fb,
0x617b3000,
0x3000f8d8,
0x6833613b,
0x4b8460fb,
0x60bb681b,
0x681b4b83,
0x4b83607b,
0x603b681b,
0xfc99f2c1,
0x46222300,
0x48804621,
0xfe02f2c1,
0x46222300,
0x487e4621,
0xfdfcf2c1,
0xf0052032,
0x4623fd3d,
0x46214622,
0xf2c14878,
0x4623fdf3,
0x46214622,
0xf2c14876,
0x2032fded,
0xfd2ef005,
0x73fff64f,
0x3000f8cb,
0xf8d72200,
0x21033084,
0xf003484f,
0xf2c1030f,
0x2303fddd,
0x211e221c,
0xf2c1486c,
0x4b4cfdd7,
0x208cf8d7,
0x6efa601a,
0xf503619a,
0x4a6873a2,
0xf44f62da,
0x601a5273,
0xf8436eba,
0x4a452cfc,
0x308cf8d7,
0x320c3204,
0x7296f502,
0x7380f3c3,
0x72f2f502,
0x322c32c8,
0x32043204,
0x32043204,
0x32043204,
0x32043a38,
0x32043204,
0x32043204,
0xf2a23204,
0xf2024204,
0x3250623c,
0x66fa3204,
0x42a4f2a2,
0xf0002b00,
0x2310823b,
0x46236013,
0x482d2208,
0xf2c14611,
0x4b4efd99,
0xf5a34a4e,
0xf8c3739a,
0x461a2134,
0x60136fbb,
0x461a4b2a,
0x60136f7b,
0x461a4b29,
0x60136f3b,
0x461a4b2a,
0x60136e7b,
0x461a4b29,
0x60136e3b,
0x602b6ffb,
0x461a4b27,
0x60136dfb,
0x461a4b26,
0x60136dbb,
0x461a4b25,
0x60136d7b,
0x461a4b24,
0x60136d3b,
0x461a4b23,
0x60136cfb,
0x461a4b22,
0x60136cbb,
0x461a4b21,
0x60136c7b,
0x461a4b20,
0x60136c3b,
0xf8ca69bb,
0x6ffb3000,
0x697b602b,
0x3000f8c9,
0xf8c8693b,
0x68fb3000,
0x4b236033,
0x68bb461a,
0x4b226013,
0x687b461a,
0xe0576013,
0xf0d410a4,
0xf0d4109c,
0xf0180640,
0xf0180384,
0xf018064c,
0xf0180008,
0xf018000c,
0xf0180010,
0xf018001c,
0xf0180020,
0xf0180050,
0xf0180148,
0xf018032c,
0xf01803f4,
0xf0180420,
0xf0180424,
0xf0180428,
0xf018042c,
0xf0180430,
0xf0180434,
0xf0180438,
0xf0180400,
0xf0180404,
0xf0180408,
0xf018040c,
0xf0180410,
0xf0180414,
0xf0180418,
0xf0180014,
0xf0180018,
0xf0180324,
0xf0180650,
0xf01806a0,
0xf01806a4,
0xf0020094,
0xf002009c,
0xf0180024,
0x03e00042,
0xf0180140,
0xde3c78ee,
0xf018063c,
0xf0180644,
0xf0180648,
0xf018062c,
0x461a4bcd,
0x6013683b,
0x308cf8d7,
0xd508011b,
0x4acb4bca,
0x4acb601a,
0x4acb605a,
0x4acb609a,
0x4bcb60da,
0x461a4ccb,
0x48cb6bfb,
0x4bcb6013,
0x6bbb461a,
0x4bca6013,
0x6b7b461a,
0x4bc96013,
0x6b3b461a,
0x4bc86013,
0x6afb461a,
0x4bc76013,
0x6abb461a,
0x4bc66013,
0x6a7b461a,
0x4bc56013,
0x6a3b461a,
0x4bc46013,
0x601a69fa,
0x23012200,
0xf2c14611,
0x2064fcb5,
0xfbf6f005,
0x48b62300,
0x4619461a,
0xfcacf2c1,
0xb34b6823,
0x23014dbb,
0x461a2100,
0xf2c14608,
0x220dfc01,
0x46112300,
0xf2c148b7,
0xf44ffc9d,
0xf0057096,
0x2307fbdd,
0x602b2064,
0xfbd8f005,
0x2301220d,
0x48b04611,
0xfc8ef2c1,
0x7016f44f,
0xfbcef005,
0x20642306,
0xf005602b,
0x230efbc9,
0x602b2064,
0xfbc4f005,
0x22082301,
0x461148a7,
0xfc7af2c1,
0x308cf8d7,
0x65c0f3c3,
0xf8d7b145,
0x220c3084,
0x48a2210f,
0x3303f3c3,
0xfc6cf2c1,
0x2300221e,
0x489f4611,
0xfc66f2c1,
0x3080f8d7,
0x489d2212,
0xf3c34611,
0xf2c14380,
0xf8d7fc5d,
0x220f3080,
0x46114898,
0x33c0f3c3,
0xfc54f2c1,
0x2301b345,
0xf2402203,
0x20001125,
0xfbaaf2c1,
0xf240227f,
0x2000218e,
0xfb9af2c1,
0x20004601,
0xfe52f2be,
0x22032302,
0x1125f240,
0xf2c12000,
0x227ffb99,
0x7127f44f,
0xf2c12000,
0x4601fb89,
0xf2be2000,
0x2303fe41,
0x1125f240,
0x2000461a,
0xfb88f2c1,
0xb99c6824,
0x2301220d,
0x487a4611,
0xfc22f2c1,
0x22064b77,
0x601a20c8,
0x601a220e,
0xfb5ef005,
0x46212301,
0x4620461a,
0xfb72f2c1,
0xf8cb2300,
0x4b753000,
0x4d752400,
0x7228f44f,
0x60ec681b,
0x5f80f013,
0x408cf8c7,
0x73e0f44f,
0x4613bf08,
0x3084f8c7,
0x2202232e,
0x486d2108,
0xfbfaf2c1,
0xf0052032,
0x237ffb3b,
0x21082202,
0xf2c14868,
0x2032fbf1,
0xfb32f005,
0x68184b63,
0x5080f010,
0x8084f000,
0x20004b63,
0x208cf8d7,
0x441358d6,
0x0804f103,
0xe8984631,
0xf8cd0700,
0x464ba000,
0xf7ff4642,
0x464bfb53,
0x46314642,
0xa000f8cd,
0xf7ff2001,
0x4631fb4b,
0x06a8f107,
0x464b4642,
0xa000f8cd,
0xf04f2002,
0xf7ff0901,
0xf846fb3f,
0xf04f9d14,
0x4b500800,
0x46404631,
0x0b3ff04f,
0x6a00f44f,
0xb09cf8c7,
0xa0a4f8c7,
0x30a0f8c7,
0x8098f8c7,
0xfc6af7ff,
0x46314b48,
0xf8c74648,
0xf8c7b09c,
0xf8c7a0a4,
0xf8c730a0,
0xf7ff9098,
0xf8c7fc5d,
0x4631b09c,
0xb108f8df,
0x686b2002,
0xa0a4f8c7,
0x7340f103,
0x8098f8c7,
0xf8c7330c,
0x231030a0,
0x3094f8c7,
0xfc48f7ff,
0x46402307,
0x3000f8cb,
0xfcaef7ff,
0xfa00fa09,
0xf7ff4648,
0xfa09fca9,
0xea40f000,
0x20020a0a,
0xfca2f7ff,
0xf000fa09,
0x0a0aea40,
0xb080f8c7,
0x0302f02a,
0xf000454b,
0xf1ba8085,
0xf0000f02,
0x20028086,
0x46bd37ac,
0x8ff0e8bd,
0xe5c56013,
0xf8d74b24,
0x58d6208c,
0xf1034413,
0x46310804,
0x0700e898,
0xa000f8cd,
0x4642464b,
0xbf00e77b,
0xf01806a4,
0xf0180660,
0x32876510,
0xfdcba9f4,
0x32987651,
0xfedcbaf4,
0xf0180400,
0xf0d4109c,
0xf0180050,
0xf0180404,
0xf0180408,
0xf018040c,
0xf0180410,
0xf0180414,
0xf0180418,
0xf0180014,
0xf0180018,
0xf0180000,
0xf01801f0,
0xf018014c,
0xf0180384,
0xf0180140,
0xf0180324,
0xf0180008,
0xf0d410a4,
0xf00200a0,
0xf0d45608,
0x01000400,
0x02000004,
0xf0d457c8,
0xf017005c,
0x3088f8d7,
0xf1034a73,
0xf8df0810,
0x4b72c1f8,
0x49734872,
0xe1f0f8df,
0x33104c72,
0x4c10f848,
0xf8423210,
0xf1084c20,
0xf8430810,
0xf8484c20,
0xf842cc1c,
0xf843cc1c,
0xf848cc1c,
0xf8420c18,
0xf8430c18,
0xf8480c18,
0xf8421c14,
0xf8431c14,
0x45731c14,
0xe031d1e0,
0xe77d4640,
0x30fff04f,
0x696be77a,
0xf0002b00,
0x68eb80a2,
0x692bbb53,
0xd1c52b00,
0xf243485c,
0xf8df0e39,
0x495bc190,
0x818cf8df,
0xf8df6842,
0xf8dfb18c,
0xfb08918c,
0xf8d7e302,
0xfb084088,
0xf3c3e203,
0xea02430e,
0xea430a0b,
0xf844030a,
0xf8c73b04,
0xf8414088,
0xf84c3f04,
0x45493f04,
0x6042d1e9,
0x60eb2301,
0xfa92f005,
0x0900f04f,
0x464a464b,
0x0b05f04f,
0x20006869,
0x2088f8c7,
0x0a01f04f,
0x6880f101,
0x6180f04f,
0x10a0f8c7,
0x4100f44f,
0x10a4f8c7,
0x67fb4631,
0xf8c72302,
0xf508a09c,
0xf8c73890,
0xf8c73098,
0xf7ffa094,
0x4b39fb4d,
0x68194650,
0x0104f041,
0x49376019,
0x10a0f8c7,
0xf8c7213f,
0x4631109c,
0xfb3ef7ff,
0x20024b33,
0xf0416819,
0x60190104,
0xf8c74631,
0xf7ff80a0,
0x4b2ffb33,
0x68192000,
0x0104f041,
0xf8d76019,
0x21073080,
0xf7ff6019,
0x4650fb93,
0xfb90f7ff,
0xf7ff2002,
0x4927fb8d,
0x2088f8d7,
0xf8d16ffb,
0xf501c000,
0x68085180,
0x5180f501,
0x4c1cea4f,
0x0c006809,
0xb1120c09,
0xf47f4594,
0xb113af69,
0xf47f4298,
0xf1b9af65,
0xd0020f00,
0xf47f4549,
0x4662af5f,
0x46894603,
0x0b01f1bb,
0xf8c7d192,
0xf8d78088,
0x3310308c,
0x308cf8c7,
0x208cf8d7,
0x3084f8d7,
0xf47f4293,
0x68abae33,
0x2000b113,
0xf8bff2c1,
0xe6c12001,
0x04009010,
0x04000010,
0xad5cb2ac,
0xa11c51b3,
0x84cf9b55,
0xf0d4109c,
0x04008ffc,
0xf0170060,
0x04009000,
0xf0171060,
0xf0172060,
0xf017006c,
0x02b4e26d,
0x04008010,
0x03fffffc,
0x41c64e6d,
0x7fff0000,
0x04010ffc,
0x4ff0e92d,
0xb0a14812,
0xf2c1af0a,
0x4b11fb1d,
0x609a2201,
0x2300615a,
0x64bb469b,
0xf7ff2000,
0x2801f8a7,
0xf1bbd11a,
0xd9260f01,
0x23004c09,
0x616360a3,
0x33016cbb,
0x8293f040,
0xf2c14806,
0x6cbbfb03,
0x375c61a3,
0xe8bd46bd,
0xbf008ff0,
0xf0d46298,
0xf0d410a4,
0xf0d463a8,
0xf7ff2000,
0x2804f887,
0x2000d0df,
0xf882f7ff,
0xf0402802,
0x230281e9,
0xbf38459b,
0x4bbd469b,
0x188beb03,
0x3460f8d8,
0xf8d8643b,
0x657b3464,
0x3468f8d8,
0x461a6d79,
0x63fb6c38,
0xfad3f7ff,
0x6484f8d8,
0xa480f8d8,
0x3488f8d8,
0x63b84631,
0x461a4650,
0xf7ff653b,
0xf8d8fac6,
0xf8d85494,
0xf8d83490,
0x46299498,
0x46186338,
0x64fb464a,
0xfab9f7ff,
0x4474f8d8,
0x3470f8d8,
0x8478f8d8,
0x647b4621,
0x0208eb04,
0x1e5362f8,
0x46426c78,
0xf7ff637b,
0x6d3bfaa8,
0x46519008,
0x6b7b18f2,
0x3a019306,
0x93056c7b,
0x93046afb,
0x0309eb05,
0x93023b01,
0x93016cfb,
0x94076b3b,
0x93009503,
0x48954633,
0xfa92f2c1,
0x46316d3a,
0xf7ff4650,
0x4629fa8a,
0x464a60f8,
0xf7ff6cf8,
0x6bfafa84,
0x46596d7b,
0x441361b8,
0x92036b7a,
0x6c7a3b01,
0x6bba9202,
0x6d7a9201,
0x24009404,
0x48879200,
0xf2c16c3a,
0x4886fa73,
0xfa70f2c1,
0xfa032301,
0x4d84f808,
0x38fff108,
0x0104ea08,
0x34104628,
0xfa64f2c1,
0xd1f72ca0,
0xf2c1487f,
0x6bbbfa5f,
0x653b005b,
0x623b2300,
0xeb034b76,
0xf50a1a8b,
0x60bb638f,
0x3478f8da,
0x687a607b,
0x1474f8da,
0x0470f8da,
0xfa47f7ff,
0x5488f8da,
0xf8da6a3a,
0xf8da348c,
0x44136484,
0x40aa2201,
0x3a016578,
0x0480f8da,
0x46314013,
0x4680462a,
0xf7ff61fb,
0xf8dafa23,
0xf8da4494,
0xf8da2498,
0x46210490,
0x469169fb,
0xf7ff64f8,
0x462afa17,
0x46404631,
0xfa21f7ff,
0x19aa6cfb,
0x444c9402,
0x3c019003,
0x94019300,
0x46414633,
0x485c3a01,
0xf2c12500,
0x68bbfa15,
0x46a8462c,
0x681b64fd,
0x62bd627d,
0x643d637d,
0x6c3b647b,
0x011b2201,
0x6c7b633b,
0xf303fa02,
0x3b016b3a,
0xea0362fb,
0xf8da0602,
0x63fb3470,
0x3474f8da,
0x463363bb,
0x6bb96c7a,
0xf7ff6bf8,
0x2000f9e1,
0xff6df2c0,
0x69ba69fb,
0x2b001a9b,
0x425bbfb8,
0x6d7b613b,
0x2e001af6,
0x4276bfb8,
0xf7ff617e,
0x2801fa33,
0x8111f040,
0x3ffff1b8,
0x483ed128,
0xf2c12600,
0x6b3bf9d7,
0x62bb3b10,
0x6c7a6abb,
0x0903eb06,
0x6bb96afb,
0x0903ea09,
0x464b6bf8,
0xf9b6f7ff,
0xf2c02000,
0xf7ffff42,
0x2801fa15,
0x80c7f040,
0xf0002e00,
0xf1c680c2,
0x46310611,
0x4434482e,
0xf9b6f2c1,
0x904cf8c7,
0x62bb2301,
0x2b096c3b,
0x80cdf040,
0x2b006b7b,
0x80c9f040,
0x2b006abb,
0x80c5f000,
0x6b3b6b7e,
0xeb066c7a,
0x6afb0903,
0xea096bb9,
0x6bf80903,
0xf7ff464b,
0x2000f987,
0xff13f2c0,
0xf9e6f7ff,
0xf0002801,
0xb10680a4,
0x46313e01,
0xf2c14818,
0x4434f98b,
0xf0002e00,
0xf109810a,
0x6c3b35ff,
0x643b3301,
0xf47f2b0a,
0x2664af74,
0x48116d3b,
0xfbb44374,
0x4621f4f3,
0xf976f2c1,
0x2b006a7b,
0x6d7bd045,
0x42936cfa,
0x80f3f080,
0xbf00e014,
0xf0d45608,
0xf0d462b2,
0xf0d462e9,
0xf0d46328,
0xf0d46342,
0xf0d46348,
0xf0d4634e,
0xf0d46372,
0xf0d46376,
0xf0d46396,
0x44136d3a,
0x48736cfa,
0x435e1a9b,
0xfbb66d3b,
0x4631f6f3,
0xf94cf2c1,
0x42ab6d7b,
0x0364f04f,
0x80cdf240,
0x6d796d3a,
0x44151a52,
0x6d3b435d,
0xfbb54869,
0x4629f5f3,
0xf93af2c1,
0xf2402c1e,
0x2e0b80c1,
0x80bef240,
0x6cbb2d0b,
0x32fff04f,
0x4613bf98,
0x486164bb,
0xf92af2c1,
0x6c7a6d7b,
0x6bf86bb9,
0xf912f7ff,
0xf2c02000,
0x6a3bfe9e,
0x623b3b04,
0xf47f3354,
0x4c59aeca,
0xeb0468fb,
0xf10b148b,
0xf5040b01,
0xc8076090,
0xf8fef7ff,
0x6092f504,
0xc80769bb,
0xf8f8f7ff,
0xf2c02000,
0xf1bbfe84,
0xf47f0f04,
0xe5f3aded,
0xf7fe2000,
0x2805fe93,
0xae15f47f,
0x2610e60f,
0x2e0fe73d,
0x4848d104,
0xf8f4f2c1,
0x64fb6b3b,
0x2e103601,
0xaf1af47f,
0x2e0fe738,
0x3410d104,
0x4842464d,
0xf8e6f2c1,
0x2e103601,
0xaf3df47f,
0x693be75b,
0xdc0b2b02,
0x2b08697b,
0x483cdc08,
0xf2c13410,
0x2301f8d7,
0xf04f627b,
0xe74c0801,
0x34104838,
0xf8cef2c1,
0xf1b8e7f7,
0xd1240f01,
0x3c104835,
0xf8c6f2c1,
0x26006b3b,
0x0810f1a3,
0xeb066afb,
0x6c7a0908,
0x0903ea09,
0x464b6bb9,
0xf7ff6bf8,
0x2000f8a5,
0xfe31f2c0,
0xf904f7ff,
0xd0232801,
0x3e01b106,
0xf1094434,
0x463135ff,
0xf2c14826,
0x2301f8a7,
0x6c3b637b,
0xd1072b09,
0xb92b6abb,
0x2b016b7b,
0xbf086cfb,
0x64fb2300,
0x2b02693b,
0x697bdc15,
0xdc122b08,
0xf2c1481c,
0x2301f891,
0xf04f627b,
0xe70638ff,
0xd1042e0f,
0x464d3410,
0xf2c14811,
0x3601f885,
0xd1bf2e10,
0x4814e7d9,
0xf87ef2c1,
0x464de7ed,
0x6d7be6f5,
0x6d7ae722,
0xe7331aad,
0x33fff04f,
0x480ee744,
0xf870f2c1,
0xbf00e56d,
0xf0d46394,
0xf0d4639e,
0xf0d469f1,
0xf0d45608,
0xf0d4637c,
0xf0d46380,
0xf0d46384,
0xf0d46388,
0xf0d46372,
0xf0d46376,
0xf0d4638c,
0xf0d46390,
0xf0d463be,
0x4ff0e92d,
0x4b932000,
0xaf04b09d,
0x609a2201,
0xfdbff2c0,
0xf2c14890,
0x2300f847,
0x647b461c,
0xf7fe2000,
0x2801fdd5,
0x80d9f040,
0xf0402c01,
0x2402828f,
0x22032300,
0x488821c3,
0xf834f2c1,
0x01a54b87,
0xf8d6195e,
0x643b3580,
0x3584f8d6,
0xf8d663fb,
0x6bf93588,
0x6c38461a,
0xf7ff63bb,
0xf8d6f820,
0x637b3590,
0x3594f8d6,
0xf8d6633b,
0x65b83598,
0x6b39461a,
0x61fb6b78,
0xf811f7ff,
0x65f82c02,
0x2801d103,
0x4b72d101,
0x4b7461d8,
0xf8d5441d,
0x62fb3560,
0x3564f8d5,
0xf8d5653b,
0x6d393568,
0x6af8461a,
0xf7fe64fb,
0xf8d5fffa,
0x46833570,
0xf8d562bb,
0x627b3574,
0x3578f8d5,
0x6a792500,
0x6ab8461a,
0xf7fe613b,
0x22c0ffea,
0xf24060f8,
0x20002152,
0xfe1ef2c0,
0x48616078,
0xffe2f2c0,
0x23016cfa,
0x623b4093,
0x4b5c1e5e,
0x1884eb03,
0x429d6a3b,
0x80a1f2c0,
0xf2c0485a,
0x2c01ffd3,
0x80a4f240,
0xf0402c02,
0x230881bd,
0x250164bb,
0x93016a7b,
0x95026abb,
0x23009300,
0x6ab96a7a,
0xf2c04851,
0x6bbbffbf,
0xf303fa05,
0x230060bb,
0x461d657b,
0xeb034b49,
0x617b1384,
0x429d68bb,
0x809ef2c0,
0xeb034b45,
0x465b1584,
0x60acf505,
0xf7fec807,
0xf505ff95,
0x68fb60ae,
0xf7fec807,
0xf505ff8f,
0x6dbb60b0,
0xf7fec807,
0xf505ff89,
0x6dfb60b2,
0xf7fec807,
0x687bff83,
0xf24022c0,
0x20002152,
0x03c0f003,
0xfdcef2c0,
0xf2c04835,
0x2000ff89,
0xfd03f2c0,
0xf7fe2000,
0x2805fd17,
0x81c2f040,
0x20002103,
0xf7fe3401,
0x2c03fd3b,
0xaf34f67f,
0x4c266c7b,
0xf0002b00,
0x482b81c3,
0xff70f2c0,
0x61a36c7b,
0xf2c02000,
0x2300fcd8,
0x60a33764,
0xe8bd46bd,
0x20008ff0,
0xfcf6f7fe,
0xf43f2804,
0x2000af21,
0xfcf0f7fe,
0xd10d2802,
0x2c01b1dc,
0x2c02d019,
0xaf19f43f,
0xf47f2c03,
0x21c1af1d,
0xf2c0481a,
0xe717ff4d,
0xf7fe2000,
0x2805fcdd,
0x2c00d0ec,
0x2300d1eb,
0x21c22203,
0xf2c04814,
0x2400ff3f,
0x2304e708,
0x21c22207,
0xf2c04811,
0x2401ff37,
0xf8d8e700,
0x480f156c,
0x35014429,
0xf2c04031,
0xe751ff2d,
0xe75d2304,
0xf0d410a4,
0xf0d463d4,
0xf0d463ec,
0xf0d45608,
0xf0d46459,
0xf0d469f1,
0xf0d46463,
0xf0d464c3,
0xf0d46443,
0xf0d46426,
0xf0d46409,
0xf0d46342,
0x6bba697b,
0xf8d36bf9,
0x6c38358c,
0xf7fe442b,
0x697bfef7,
0x6b3969fa,
0x359cf8d3,
0x442b6b78,
0xfeeef7fe,
0xd15e2c02,
0xf04f2d00,
0xf04f03c0,
0xf24002c0,
0xbf082152,
0x20002300,
0xfd34f2c0,
0xd1472d00,
0x69db4ba3,
0xf7feb90b,
0xf10bfdd9,
0xf009090c,
0xf1a9090f,
0x2b030302,
0x6dbbd854,
0x6dfb1c5e,
0xbfb82e00,
0xf1034276,
0xea8a0a01,
0xeba373ea,
0x469a73ea,
0x6bf96bba,
0xf7fe6c38,
0x69fafece,
0x6b394680,
0xf7fe6b78,
0x6b3bfec8,
0x6b7b9301,
0x46439300,
0x0806f04f,
0x6bfa9002,
0x488d6c39,
0xfebef2c0,
0x0306f1a8,
0x69ba61bb,
0x42936a3b,
0x2c02dc2c,
0x2d00d107,
0x8097f040,
0x69db4b84,
0xf7feb90b,
0x4884fd29,
0xf2c03501,
0xe6f3fea9,
0xd1ba2d01,
0x69db4b7e,
0xd1b62b01,
0xfd1cf7fe,
0xf10be7b3,
0xf009090e,
0xf1a9090f,
0x2b010304,
0x6dbbd808,
0x6dfb1e5e,
0xbfb82e00,
0xf1034276,
0xe7b23aff,
0xf8d76dbe,
0xe7b3a05c,
0x69ba697b,
0xf8d36d39,
0x6af8356c,
0x6cfa4413,
0xfe6ef7fe,
0x693a69bb,
0x6a792b05,
0xbfd86ab8,
0xbfc82300,
0xf7fe2301,
0x2000fe63,
0xfbeff2c0,
0xd12a2c02,
0xf385fab5,
0x42b3095b,
0x4556d108,
0x6d7ad106,
0x030ff008,
0xbf084599,
0x657a2201,
0xfeb2f7fe,
0xd1212801,
0xd11c2c02,
0xf385fab5,
0x095b6dfa,
0xd1144293,
0x030ff008,
0xd110455b,
0xf2c04857,
0x6d7bfe4f,
0xd1242b01,
0x2b006cbb,
0x6cbbdb21,
0x64bb3b01,
0x42b5e01d,
0x4555d1e0,
0x4850e7d6,
0x6dbbe7ed,
0xe7e4429d,
0xd1172c02,
0xf385fab5,
0x095b6dfa,
0xd10f4293,
0x030ff008,
0xd10b455b,
0xf2c04848,
0x6d7bfe2d,
0xd1022b01,
0x2b006cbb,
0xf108da07,
0xe7650801,
0xe7f24843,
0x429d6dbb,
0xf04fe7e9,
0x647b33ff,
0x2d01e7d1,
0xaf6bf47f,
0x69db4b37,
0xf47f2b01,
0xf7feaf66,
0xe762fcff,
0x26006d3b,
0x46356cfa,
0xf04f6af9,
0x189a0804,
0x3a014836,
0xfe04f2c0,
0x030ef10b,
0x030ff003,
0x4b33657b,
0x1a84eb03,
0x42ab6a3b,
0xae48f77f,
0x356cf8da,
0xeb056cfa,
0x6d390903,
0x6af8464b,
0xfddcf7fe,
0xf2c02000,
0x6d7bfb68,
0xbf08454b,
0xf7fe2601,
0xf105fe37,
0x28010308,
0x030ff003,
0x455bd10e,
0x481dd10a,
0xfddaf2c0,
0xd1112e01,
0x0f00f1b8,
0xf108db0e,
0xe00b38ff,
0xe7f34818,
0xd109455b,
0xf2c04817,
0x2e01fdcb,
0xf1b8d102,
0xda030f00,
0xe7c73501,
0xe7f44813,
0x33fff04f,
0xe7e8647b,
0xf7fe2000,
0x2804fb4f,
0xae38f43f,
0xf7fe2000,
0x2803fb49,
0xae32f43f,
0xe6302104,
0xf2c0480c,
0xe63dfdad,
0xf47f2c00,
0xe662ae52,
0xf0d410a4,
0xf0d4648b,
0xf0d469f1,
0xf0d46384,
0xf0d46388,
0xf0d4638c,
0xf0d46390,
0xf0d464a9,
0xf0d45608,
0xf0d464d7,
0x4ff0e92d,
0x4c3223b8,
0x4683b089,
0xaf022202,
0x46202108,
0xf2c04d2f,
0x2032fc6b,
0xfbacf004,
0x0618f107,
0x13fff240,
0x21082202,
0xf2c04620,
0x2032fc5f,
0xfba0f004,
0x80a0f8df,
0x462b462a,
0x95004629,
0x24002000,
0xfbcef7fe,
0x4d14f846,
0xf04f4620,
0x46310901,
0x0a03f04f,
0x230f613c,
0xa008f8c7,
0x231060fb,
0xf7fe617b,
0xf8c8fcfd,
0x46209000,
0xfd64f7fe,
0x93004b17,
0x461a4620,
0xf7fe4619,
0x4631fbb1,
0xf8c74620,
0xf8c7a008,
0xf7feb010,
0xf8c8fce9,
0x46209000,
0xfd50f7fe,
0x462b462a,
0x46204629,
0xf7fe9500,
0x4631fb9d,
0x23024620,
0x60bb613c,
0xfcd6f7fe,
0x9000f8c8,
0xf7fe4620,
0x371cfd3d,
0xe8bd46bd,
0xbf008ff0,
0xf00200a0,
0x55aa55aa,
0x12345678,
0xf017005c,
0xe92d4bc2,
0xb0c34ff0,
0xaf0a681d,
0xd51a05e9,
0xf2c048bf,
0x05aafd19,
0x48bed502,
0xfd14f2c0,
0x6f80f415,
0x0407f005,
0x8149f000,
0xf2c048ba,
0x2c01fd0b,
0x8117f040,
0xf2c048b8,
0xf04ffd05,
0x4bb76200,
0x4db7605a,
0x4eb7240a,
0xfd4ef7fe,
0xbf082801,
0xbf184630,
0xf2c04628,
0x3c01fcf5,
0x4db2d1f4,
0x04a0f107,
0xf2c048b1,
0xcd0ffced,
0xcd0fc40f,
0xcd0fc40f,
0xe895c40f,
0xe884000f,
0x4bac000f,
0x681c4aac,
0x607b6815,
0x7400f3c4,
0x0580f3c5,
0xf0002c00,
0x4ca881b6,
0x02e0f107,
0x68232001,
0x6303f3c3,
0x0383eb02,
0x3c40f853,
0xf7ff4098,
0x2801ff35,
0x8123f000,
0x48a14ba0,
0x685a6819,
0xfcc0f2c0,
0xb1ad4e9f,
0xf1076833,
0x200102e0,
0x1303f3c3,
0x0383eb02,
0x3c40f853,
0xf7ff4098,
0x2801ff1d,
0x815cf000,
0x48974b94,
0x685a6819,
0xfca8f2c0,
0xf1076823,
0x200102e0,
0xeb020f1b,
0xf8530383,
0x40983c40,
0xff08f7ff,
0xf0002801,
0x4b8a814b,
0x6819488d,
0xf2c0685a,
0x6833fc93,
0x02e0f107,
0xf0032001,
0xeb02030f,
0xf8530383,
0x40983c40,
0xfef2f7ff,
0xf0002801,
0x4b7f8139,
0x68194883,
0xf2c0685a,
0xf8dffc7d,
0x240081f0,
0xa244f8df,
0x9244f8df,
0xf3002c04,
0x6833812d,
0x00921ca2,
0x40d32001,
0x02e0f107,
0x030ff003,
0x0383eb02,
0x3c40f853,
0xf7ff4098,
0x2801fecf,
0x8132f000,
0xf0402c0f,
0x4b728121,
0x48724621,
0xf8d9681a,
0xf2c03000,
0x3401fc55,
0xd1db2c11,
0xf2c0486e,
0x227ffc4f,
0x218ef240,
0xf2c02000,
0x4601fa81,
0xf2c0486a,
0x2300fc45,
0x3094f8c7,
0x3084f8c7,
0xf7fe2000,
0x2801f9d1,
0x81f6f040,
0x3084f8d7,
0xf2402b01,
0xf8d78204,
0x33013094,
0x87fcf040,
0xf2c0485f,
0x4b4cfc2d,
0x2094f8d7,
0xf7ff619a,
0x687bf903,
0x011b681b,
0x87fef100,
0x20004b46,
0x609a2201,
0xf991f2c0,
0xf2c04856,
0x2300fc19,
0x667b469a,
0xf7fe2000,
0x2801f9a7,
0x856af041,
0x0f01f1ba,
0x8576f241,
0x20004c3b,
0xf2c060a0,
0x6e7bf974,
0xf0012b00,
0x484b871d,
0xfc00f2c0,
0x61a36e7b,
0xfba8f7ff,
0x330169a3,
0x8717f041,
0xf2c04846,
0x37e4fbf5,
0xe8bd46bd,
0x2c028ff0,
0x4843d105,
0xfbecf2c0,
0x5280f04f,
0x2c03e6e5,
0x4840d105,
0xfbe4f2c0,
0x5200f04f,
0x2c04e6dd,
0x483dd105,
0xfbdcf2c0,
0x52c0f04f,
0x2c05e6d5,
0x483ad105,
0xfbd4f2c0,
0x42c0f04f,
0x2c06e6cd,
0x4837d105,
0xfbccf2c0,
0x4280f04f,
0x4835e6c5,
0xfbc6f2c0,
0x2c01e7fe,
0x2c04d001,
0x4629d104,
0xf2c04831,
0xe7cffbbd,
0xd0012c03,
0xd1042c05,
0x482e4629,
0xfbb4f2c0,
0x2c02e7e6,
0x4824d101,
0x2c06e7c8,
0x4826d105,
0xfbaaf2c0,
0x4200f04f,
0x4824e6a3,
0xfba4f2c0,
0x4825e7fe,
0xfba0f2c0,
0xbf00e6de,
0xf01806a0,
0xf0d464eb,
0xf0d46500,
0xf0d4650a,
0xf0d46531,
0xf0d410a4,
0xf0d4658f,
0xf0d46389,
0xf0d45c68,
0xf0d469f1,
0xf0180008,
0xf0180670,
0xf0180660,
0xf01700a4,
0xf0d46592,
0xf0180664,
0xf0d465c2,
0xf0d465f2,
0xf0d46622,
0xf00a80a4,
0xf0d46652,
0xf0d467b6,
0xf0d467ce,
0xf0d468b7,
0xf0d468df,
0xf0d469c0,
0xf0d469ea,
0xf0d46537,
0xf0d4653d,
0xf0d46543,
0xf0d46549,
0xf0d46550,
0xf0d46557,
0xf0d4656c,
0xf0d4657d,
0xf0d465b7,
0xf01700a8,
0xf00a80a8,
0xf2c04872,
0xe6a5fb4f,
0xf2c04871,
0xe6b6fb4b,
0xf2c04870,
0xe6c8fb47,
0xb1252301,
0x000ff104,
0xf000fa03,
0xf104e6d9,
0xe7f9000e,
0x2000f8d8,
0xd1042c10,
0x3000f8d9,
0x48674621,
0xf8dae6db,
0x46213000,
0xe6d64865,
0x2c0f4621,
0x4864d103,
0xfb28f2c0,
0x2c10e6d1,
0x4862d101,
0x4862e7f8,
0x4e62e7f6,
0x02e0f107,
0x46b02001,
0xf3c36833,
0xeb026303,
0xf8530383,
0x40983c40,
0xfd7ef7ff,
0xd06e2801,
0x485b4b5a,
0x685a6819,
0xfb0af2c0,
0xb1a54e59,
0xf1076833,
0x200102e0,
0x1303f3c3,
0x0383eb02,
0x3c40f853,
0xf7ff4098,
0x2801fd67,
0x4b4fd05b,
0x68194851,
0xf2c0685a,
0xf8d8faf3,
0xf1073000,
0x200102e0,
0xeb020f1b,
0xf8530383,
0x40983c40,
0xfd52f7ff,
0xd04a2801,
0x48484b44,
0x685a6819,
0xfadef2c0,
0xf1076833,
0x200102e0,
0x030ff003,
0x0383eb02,
0x3c40f853,
0xf7ff4098,
0x2801fd3d,
0x4b3ad039,
0x6819483e,
0xf2c0685a,
0xf8dffac9,
0xf8df80dc,
0xf8dfa0fc,
0x2c0490fc,
0x6833dc2f,
0x00921ca2,
0x40d32001,
0x02e0f107,
0x030ff003,
0x0383eb02,
0x3c40f853,
0xf7ff4098,
0x2801fd1d,
0x2c0fd035,
0x4b2fd125,
0x482f4621,
0xf8d9681a,
0xf2c03000,
0x3401faa5,
0xd1de2c11,
0x482be64e,
0xfa9ef2c0,
0x4818e792,
0xfa9af2c0,
0x4817e7a5,
0xfa96f2c0,
0x4816e7b6,
0xfa92f2c0,
0x2301e7c7,
0xf104b125,
0xfa030010,
0xe7d6f000,
0x000ff104,
0xf8d8e7f9,
0x2c102000,
0xf8d9d104,
0x46213000,
0xe7d6480c,
0x3000f8da,
0x480b4621,
0x4621e7d1,
0xd1032c0f,
0xf2c04809,
0xe7ccfa73,
0xd1012c10,
0xe7f84807,
0xe7f64807,
0xf0d465e7,
0xf0d46617,
0xf0d46647,
0xf0d466b9,
0xf0d46706,
0xf0d4672b,
0xf0d46778,
0xf0d467ab,
0xf0180668,
0xf01700a4,
0xf0d46592,
0xf018066c,
0xf0d465c2,
0xf0d465f2,
0xf0d46622,
0xf00a80a4,
0xf0d46652,
0xf0d465b7,
0xf01700a8,
0xf00a80a8,
0xf7fd2000,
0x2804ffd5,
0xae04f43f,
0xf7fd2000,
0x2802ffcf,
0x8143f040,
0x3084f8d7,
0xbf382b02,
0xf8c72302,
0xf8d73084,
0x25a03084,
0x4ba9461a,
0x3402fb05,
0x36a4f8d4,
0xb6a0f8d4,
0x86a8f8d4,
0x46584619,
0x3098f8c7,
0xf7fe4642,
0xf8d4fa1a,
0xf8c76718,
0x4632009c,
0x1714f8d4,
0x0710f8d4,
0xfa0ff7fe,
0xf5046778,
0xc80760e4,
0xfa09f7fe,
0xf50461b8,
0xc80760e6,
0xfa03f7fe,
0x36f0f8d4,
0x3090f8c7,
0x96f8f8d4,
0x36f4f8d4,
0x464a6178,
0xf8d74619,
0xf8c70090,
0xf7fe308c,
0xf8d4f9f2,
0xf8c73700,
0xf8d43088,
0xf8c73704,
0xf8d43080,
0x62783708,
0xf8d7461a,
0xf8d71080,
0x67fb0088,
0xf9dff7fe,
0x1084f8d7,
0x48836138,
0xf9dcf2c0,
0x16b4f8d4,
0xa6b8f8d4,
0x3098f8d7,
0x44519103,
0x91023901,
0x16b0f8d4,
0x0208eb03,
0x3a019101,
0x109cf8d7,
0x0800f04f,
0x46599100,
0xf2c04877,
0x2301f9c3,
0xfa0afa03,
0xb1e4f8df,
0xf606fa03,
0x3afff10a,
0xf2c045b0,
0xf8d780c9,
0xf04f3084,
0x486f08a0,
0x4b6b461a,
0xb1c4f8df,
0x3502fb05,
0x36c4f8d5,
0x46c8f8d5,
0x16c0f8d5,
0x191a2500,
0xf2c03a01,
0x2301f9a1,
0xf404fa03,
0x3084f8d7,
0x461a3c01,
0xfb084b5f,
0x42ae3a02,
0x80b1f300,
0xf2c04860,
0xf8d7f991,
0x20003084,
0x4b59461a,
0x3302fb08,
0xf8c722ff,
0xf8d33098,
0xb2a146d0,
0xffbaf2bf,
0x3098f8d7,
0x46204605,
0x26d8f8d3,
0x16d4f8d3,
0xf975f7fe,
0x4606464a,
0x108cf8d7,
0x0090f8d7,
0xf96df7fe,
0x462a4633,
0x90004621,
0xf2c0484d,
0xf8d7f969,
0x22ff3098,
0xf8d32000,
0xb2a146e0,
0xff98f2bf,
0x3098f8d7,
0x46204605,
0x26e8f8d3,
0x16e4f8d3,
0xf953f7fe,
0x46066ffa,
0x1080f8d7,
0x0088f8d7,
0xf94bf7fe,
0x90004633,
0x4621462a,
0xf2c0483d,
0xf8d7f947,
0xf8d7309c,
0xf8d7209c,
0x00db4098,
0xf8d7647b,
0x011b309c,
0x1a9b62bb,
0x4613643b,
0x44136c3a,
0x230060bb,
0x3088f8c7,
0x3718f8d4,
0x6d3a653b,
0x40932301,
0x2088f8d7,
0xdb5d429a,
0x1098f8d7,
0x0098f8d7,
0x6d3a6f7b,
0x1714f8d1,
0x0710f8d0,
0xf90af7fe,
0x2098f8d7,
0x1098f8d7,
0x0098f8d7,
0xf8d269bb,
0xf8d12728,
0xf8d01724,
0xf7fe0720,
0xf8d7f8fb,
0xf8d72098,
0xf8d71098,
0x697b0098,
0x2738f8d2,
0x1734f8d1,
0x0730f8d0,
0xf8ecf7fe,
0x3084f8d7,
0xf8c73301,
0x2b043084,
0xacb6f47f,
0x2000e4bf,
0xfe86f7fd,
0xf47f2805,
0xe6b5aebe,
0x16bcf8d4,
0x44414658,
0x0801f108,
0x010aea01,
0xf8e4f2c0,
0xf8dae728,
0x465816cc,
0x35014429,
0xf2c04021,
0xe742f8db,
0xf0d45608,
0xf0d467db,
0xf0d467f4,
0xf0d46830,
0xf0d46348,
0xf0d4684c,
0xf0d4684b,
0xf0d4682c,
0x3088f8d7,
0x60d6f504,
0xc8072b05,
0x2300bfd8,
0x2301bfc8,
0xf7fe4698,
0x6378f8ba,
0x60d8f504,
0xf7fec807,
0x60f8f8b4,
0x60daf504,
0xf7fec807,
0x6638f8ae,
0x60dcf504,
0xf7fec807,
0xf8d4f8a8,
0xf8d45714,
0xf8d76710,
0x46292088,
0x371cf8d4,
0x46306578,
0x6d3a4413,
0xf88af7fe,
0x1724f8d4,
0x0720f8d4,
0xf8d44643,
0x46892728,
0x0090f8c7,
0xf87ef7fe,
0x0730f8d4,
0xf8d44643,
0xf8d41734,
0x46822738,
0xf7fe468b,
0x6d3af873,
0x46304629,
0xf87df7fe,
0xf8cd6d3b,
0x46319008,
0xf8d718ea,
0x93073088,
0xf8d73a01,
0xf04f3090,
0xe88d0900,
0x462b0009,
0x8018f8cd,
0xb014f8cd,
0xa010f8cd,
0x800cf8cd,
0xf2c0487e,
0xf8d7f865,
0xf8c73088,
0x1d9a9038,
0x9078f8c7,
0xf0024253,
0xf003020f,
0xf8c7030f,
0xbf58906c,
0x6a7b425a,
0x6e3a63fa,
0x9064f8c7,
0x9068f8c7,
0x03c2eb03,
0xf8d761fb,
0xf8c7309c,
0x425b9080,
0xf8d4673b,
0xf8c736b8,
0xf8c79048,
0xf8c79058,
0xf8c7905c,
0x64fb907c,
0x23016cfa,
0x6ffa4093,
0xdb70429a,
0x309cf8d7,
0x0864f04f,
0x2080f8d7,
0x48626fb9,
0x1603fb02,
0xfb086c7b,
0xfbb6f606,
0x4631f6f3,
0xf822f2c0,
0x6efa6e7b,
0xf2404293,
0x461383ae,
0x189d6aba,
0x1aed6e7b,
0xfb086c7b,
0xfbb8f805,
0x6efbf1f3,
0x0964f04f,
0x42936eba,
0x83a6f240,
0x6aba4613,
0x461d4413,
0x1aed6efb,
0xfb096c7b,
0xf8d7f905,
0xfbb92088,
0x6f7bf9f3,
0xf0033318,
0x429a030f,
0x8396f040,
0xf8d72e1e,
0xf04f3094,
0xbf9832ff,
0xf8c74613,
0x6bbb3094,
0x4843b133,
0xffeaf2bf,
0x48424649,
0xffe6f2bf,
0xf2bf4841,
0x6b7bffe3,
0xf8d46cfa,
0xf8d416b4,
0xf7fd06b0,
0xf504ffc9,
0x68fb60d8,
0xf7fdc807,
0xf504ffc3,
0x6a7b60de,
0xf7fdc807,
0xf504ffbd,
0x693b60e0,
0xf7fdc807,
0xf8d7ffb7,
0x33013088,
0x3088f8c7,
0x6ffbe693,
0x66bcf8d4,
0xa6b0f8d4,
0xb6b4f8d4,
0x4633441e,
0x46596cfa,
0xf7fd4650,
0xf8d4ffa3,
0x633b36c0,
0x36c8f8d4,
0xf8d462fb,
0x6ffb56cc,
0x86c4f8d4,
0x6afa441d,
0x4641462b,
0xf7fd6b38,
0xf8d4ff91,
0xf8c736d0,
0x22ff3090,
0x46182300,
0x1090f8b7,
0xfddaf2bf,
0x36e0f8d4,
0x308cf8c7,
0x230022ff,
0xf8b74618,
0xf2bf108c,
0xf7fdfdcf,
0x6dfbffdd,
0xf0402801,
0x3301819c,
0x813ff040,
0xf2bf4811,
0x1e73ff81,
0x6cfa4650,
0x26004659,
0xff68f7fd,
0x6afa1e6b,
0x6b384641,
0xf7fd4635,
0xf8d4ff61,
0x2301a6d8,
0xf20afa03,
0xdb0d4295,
0xe08965bb,
0xf0d4687f,
0xf0d46396,
0xf0d46394,
0xf0d4639e,
0xf0d469f1,
0xf0d46373,
0x36d4f8d4,
0x65bb4652,
0x36dcf8d4,
0x18eb6db9,
0x0090f8d7,
0xf7fd62fb,
0xf8d4ff3f,
0x633b36e8,
0x36ecf8d4,
0xb6e4f8d4,
0x0803eb05,
0x46436b3a,
0xf8d74659,
0xf7fd008c,
0xf7fdff2f,
0x2801ff91,
0x80ecf040,
0xd1303601,
0x46526afb,
0x26006db9,
0xf8d73b01,
0xf7fd0090,
0xf108ff1f,
0x6b3a33ff,
0xf8d74659,
0xf7fd008c,
0xf8d4ff17,
0x230186f8,
0xf308fa03,
0xda18429e,
0x36fcf8d4,
0xf8d44642,
0x443316f4,
0x06f0f8d4,
0xff06f7fd,
0x60e0f504,
0x370cf8d4,
0x4433c807,
0xfefef7fd,
0xff60f7fd,
0xf0402801,
0xf1c680b7,
0xb10d0908,
0x00ed3d01,
0x309cf8d7,
0x489d444d,
0xbfb8429d,
0xbfa81b5d,
0x46292500,
0xfefaf2bf,
0x46526e3b,
0xf8d76db9,
0xf7fd0090,
0x6d7bfee1,
0x46596b3a,
0x008cf8d7,
0xfedaf7fd,
0x6f3a6fbb,
0x67bb442b,
0x309cf8d7,
0x1b4b1899,
0x2301667b,
0x65bb461e,
0x2b0f6ffb,
0x80c4f040,
0x2b006cbb,
0x80c0f040,
0x2b006dbb,
0x80bcf000,
0xf8d46cbd,
0x230186d8,
0xf308fa03,
0xda5c429d,
0x36d4f8d4,
0x633b4642,
0x36dcf8d4,
0x18eb6b39,
0x0090f8d7,
0xf7fd62fb,
0xf8d4fead,
0xf8d4a6e4,
0xf8d4b6e8,
0x465136ec,
0xf8d7465a,
0x18eb008c,
0xf7fd623b,
0xf7fdfe9f,
0x2801ff01,
0x8083f000,
0xd1192e01,
0x46426afb,
0x3b016b39,
0x0090f8d7,
0xfe90f7fd,
0x465a6a3b,
0x3b014651,
0x008cf8d7,
0xfe88f7fd,
0x66f8f8d4,
0xf04f464a,
0x23010900,
0x459940b3,
0x4691db4d,
0x3d01b10d,
0xf8d700ed,
0x444d309c,
0x429d4860,
0x461dbfa8,
0xf2bf4629,
0x6e3bfe83,
0x6b394642,
0x0090f8d7,
0xfe6af7fd,
0x465a6d7b,
0xf8d74651,
0xf7fd008c,
0x6fbbfe63,
0x67bb442b,
0x18eb6c3b,
0x6e3b66bb,
0x26d8f8d4,
0x16d4f8d4,
0x0090f8d7,
0xfe54f7fd,
0xf8d46d7b,
0xf8d426e8,
0xf8d716e4,
0xf7fd008c,
0x6ffbfe4b,
0x209cf8d7,
0x67fb3301,
0x44136f3b,
0xe619673b,
0xf04f3601,
0xe7280900,
0xd1042d0f,
0xf2bf4843,
0x6f3bfe4b,
0x3501667b,
0x36fff04f,
0x2600e6d3,
0xf8d4e762,
0x463236fc,
0x16f4f8d4,
0xf8d4444b,
0xf7fd06f0,
0xf504fe27,
0xf8d460e0,
0xc807370c,
0xf7fd444b,
0xf7fdfe1f,
0x2801fe81,
0xf109d19c,
0x22080901,
0x2d0fe793,
0xf8d7d10b,
0x482e109c,
0xfe22f2bf,
0x3080f8d7,
0xf8c73301,
0x6c3b3080,
0x350166bb,
0xe7462601,
0x6f7a6bfb,
0xd11e4293,
0x33066ffb,
0xf003425a,
0xf002030f,
0xbf58020f,
0x6b7a4253,
0xd1124293,
0xf2bf4821,
0xf8d7fe05,
0x69fa3080,
0xf8c73301,
0xf8d73080,
0x189d309c,
0x18eb6f3b,
0x230166fb,
0x65fb63bb,
0x4819e785,
0xfdf2f2bf,
0x3080f8d7,
0xf8c73301,
0x23013080,
0x2b01e7f3,
0x8145f040,
0x3080f8d7,
0x3b014812,
0x3080f8c7,
0xfde0f2bf,
0x6cfa1e73,
0x46504659,
0xf7fd2600,
0x1e6bfdc7,
0x6afa4641,
0x46356b38,
0xfdc0f7fd,
0x86d8f8d4,
0xfa032301,
0x4295f208,
0x64bbdb0c,
0xbf00e06c,
0xf0d46377,
0xf0d4637d,
0xf0d46385,
0xf0d46389,
0xf0d46373,
0x36d4f8d4,
0x64bb4642,
0x36dcf8d4,
0x18eb6cb9,
0x0090f8d7,
0xf7fd633b,
0xf8d4fd9f,
0xf8d4a6e4,
0xf8d4b6e8,
0x465136ec,
0xf8d7465a,
0x18eb008c,
0xf7fd62fb,
0xf7fdfd91,
0x2801fdf3,
0x80eaf000,
0xd11a2e01,
0x46426b3b,
0x3b016cb9,
0x0090f8d7,
0xfd82f7fd,
0x465a6afb,
0x3b014651,
0x008cf8d7,
0xfd7af7fd,
0x66f8f8d4,
0xf04f464a,
0x23010900,
0x459940b3,
0x80b3f2c0,
0xb10d4691,
0x00ed3d01,
0x309cf8d7,
0x48a6444d,
0x36fff04f,
0xbfa8429d,
0x4629461d,
0xfd72f2bf,
0x46426e3b,
0xf8d76cb9,
0xf7fd0090,
0x6d7bfd59,
0x4651465a,
0x008cf8d7,
0xfd52f7fd,
0x442b6fbb,
0x6f3b67bb,
0x66bb18eb,
0x64bb2301,
0x2b0f6ffb,
0x80c6f040,
0x2b006dbb,
0x80c2f040,
0x2b006cbb,
0x80bef000,
0xf8d46dbd,
0x2301a6d8,
0xf30afa03,
0xf6bf429d,
0xf8d4aed8,
0x465236d4,
0xf8d4633b,
0x6b3936dc,
0xf8d718eb,
0x623b0090,
0xfd28f7fd,
0x36e8f8d4,
0xf8d462fb,
0xf8d436ec,
0xeb05b6e4,
0x6afa0803,
0x46594643,
0x008cf8d7,
0xfd18f7fd,
0xfd7af7fd,
0xf0402801,
0x36018088,
0x6a3bd12f,
0x6b394652,
0x3b012600,
0x0090f8d7,
0xfd08f7fd,
0x33fff108,
0x46596afa,
0x008cf8d7,
0xfd00f7fd,
0x86f8f8d4,
0xfa032301,
0x429ef308,
0xf8d4da17,
0x464236fc,
0x16f4f8d4,
0xf8d44433,
0xf7fd06f0,
0xf504fcef,
0xf8d460e0,
0xc807370c,
0xf7fd4433,
0xf7fdfce7,
0x2801fd49,
0xf1c6d153,
0xb10d0908,
0x00ed3d01,
0x309cf8d7,
0x485f444d,
0xbfb8429d,
0xbfa81b5d,
0x46292500,
0xfce4f2bf,
0x46526e3b,
0xf8d76b39,
0xf7fd0090,
0x6d7bfccb,
0x46596afa,
0x008cf8d7,
0xfcc4f7fd,
0x442b6fbb,
0x68bb67bb,
0x667b1b5b,
0xf8d4e65f,
0x463236fc,
0x16f4f8d4,
0xf8d4444b,
0xf7fd06f0,
0xf504fcb3,
0xf8d460e0,
0xc807370c,
0xf7fd444b,
0xf7fdfcab,
0x2801fd0d,
0xaf37f47f,
0x0901f109,
0xe72c2208,
0xd10b2d0f,
0x109cf8d7,
0xf2bf4840,
0xf8d7fcad,
0x33013080,
0x3080f8c7,
0x66bb6f3b,
0x26013501,
0x2600e6d2,
0x3601e744,
0x0900f04f,
0x2d0fe78c,
0x4837d104,
0xfc98f2bf,
0x667b6c3b,
0xf04f3501,
0xe74436ff,
0x6f7a6bfb,
0xd11a4293,
0x33066ffb,
0xf003425a,
0xf002030f,
0xbf58020f,
0x6b7a4253,
0xd10e4293,
0xf2bf482b,
0xf8d7fc7f,
0x69fa309c,
0x6f3b189d,
0x66fb18eb,
0x63bb2301,
0x33fff04f,
0x4825e67b,
0xfc70f2bf,
0x6efbe7f8,
0x1a9d6e7a,
0xfb086c7b,
0xfbb5f505,
0xe452f1f3,
0x6efa6ebb,
0xe45b1a9d,
0xf8d76f7b,
0x331c2088,
0x030ff003,
0xf43f429a,
0x6f7bac61,
0x2088f8d7,
0xf0033319,
0x429a030f,
0xac58f43f,
0xf8d76f7b,
0x331b2088,
0x030ff003,
0xf43f429a,
0x6f7bac4f,
0x2088f8d7,
0xf003330a,
0x429a030f,
0xac4ff47f,
0xd9042e1e,
0xd902290b,
0x0f0bf1b9,
0xf04fe43f,
0xe44233ff,
0xf2bf4806,
0xf7fffc31,
0xbf00b806,
0xf0d46377,
0xf0d4637d,
0xf0d4638d,
0xf0d46391,
0xf0d468cb,
0xf04f48d0,
0xf2bf0a00,
0xf8c7fc1f,
0x2000a09c,
0xf9aef7fd,
0xf0402801,
0xf8d781ad,
0x2b01309c,
0xaff0f63e,
0x209cf8d7,
0xeb034bc7,
0xf8d414c2,
0xf8d43920,
0xf8d48924,
0x46186928,
0xf8c74641,
0x46323098,
0xfbfdf7fd,
0xf5044683,
0xc8076017,
0xfbf7f7fd,
0xf5046338,
0xc8076018,
0xfbf1f7fd,
0x309cf8d7,
0x627822ff,
0xf2002b01,
0xf240819d,
0x2000218e,
0xfa20f2bf,
0x109cf8d7,
0x037ff000,
0x62fb48b2,
0xfbe0f2bf,
0x309cf8d7,
0x0206eb08,
0xb000f8cd,
0xf8d73a01,
0x26001098,
0x4baa01dd,
0x195c48ab,
0x3934f8d4,
0x9938f8d4,
0x444b9303,
0x93023b01,
0x3930f8d4,
0x46439301,
0xfbc4f2bf,
0xfa032301,
0xf8dff909,
0xf8d48290,
0xf109393c,
0x18f139ff,
0xea014640,
0x36010109,
0x3098f8c7,
0xfbb2f2bf,
0xf8d72e10,
0xd1f23098,
0x3944f8d4,
0x6948f8d4,
0x1940f8d4,
0x199a2400,
0x3a014895,
0xfba2f2bf,
0xfa032301,
0x4b8ff606,
0x441d3e01,
0x894cf8d5,
0xeb044d90,
0x46280108,
0x34014031,
0xfb92f2bf,
0xd1f62c10,
0xf2bf488c,
0xea4ffb8d,
0x65bb03cb,
0x130bea4f,
0xeba363bb,
0xf8d7030b,
0x657b209c,
0x61fb445b,
0x67fb2300,
0xeb034b7e,
0xf60414c2,
0x61bb1338,
0x3938f8d4,
0x697a617b,
0x1934f8d4,
0x0930f8d4,
0xfb6bf7fd,
0xf50464f8,
0xc8076014,
0xfb65f7fd,
0xf5046238,
0xc8076015,
0xfb5ff7fd,
0xf5046738,
0xc8076016,
0xfb59f7fd,
0x66786ffb,
0xf3402b0c,
0x009e810a,
0x7684f5c6,
0x057ff006,
0x46292000,
0x0900f04f,
0xfc40f2bc,
0x3994f8d4,
0x2998f8d4,
0x441a6ff9,
0x3a019101,
0xf8d49600,
0x48661990,
0xfb3ef2bf,
0x6f3a6afb,
0x6b3b1b5d,
0xf8c72d00,
0xbfb89050,
0xf8c7426d,
0xeb039088,
0x637b03c2,
0x0300f1cb,
0x3084f8c7,
0x62bd69bb,
0x9080f8c7,
0xf8c7681b,
0xf8c79074,
0xf8c79078,
0xf8c79098,
0xf8c7905c,
0xf8c79068,
0xf8c7906c,
0x663b908c,
0x23016e3a,
0xf8d74093,
0x429a208c,
0x80c9f2c0,
0x3098f8d7,
0xf8d72664,
0x484c2088,
0x210bfb03,
0x43716dbb,
0xf1f3fbb1,
0xfb02f2bf,
0xb3336d3b,
0xf8d76f7b,
0x42932080,
0x8444f0c0,
0x6bba4613,
0x6f7b189d,
0x6dbb1aed,
0xfbb6436e,
0x4840f1f3,
0xfaeef2bf,
0x3080f8d7,
0x21646fba,
0xf0c04293,
0x4613843b,
0x44136bba,
0xf8d7461d,
0x1aed3080,
0x6dbb4369,
0xfbb14837,
0xf2bff1f3,
0x4836fad9,
0xfad6f2bf,
0x6e3a6cfb,
0x1934f8d4,
0x0930f8d4,
0xfabcf7fd,
0x6014f504,
0xc8076a3b,
0xfab6f7fd,
0x6017f504,
0xc8076b3b,
0xfab0f7fd,
0x6018f504,
0xc8076a7b,
0xfaaaf7fd,
0x33016ffb,
0x2b1367fb,
0xaf41f47f,
0x22032301,
0x1125f240,
0xf2bf2000,
0x227ff8f1,
0x218ef240,
0xf2bf2000,
0x4601f8e1,
0xf2bc2000,
0x2302fb99,
0xf2402203,
0x20001125,
0xf8e0f2bf,
0xf44f227f,
0x20007127,
0xf8d0f2bf,
0x20004601,
0xfb88f2bc,
0xf2402303,
0x461a1125,
0xf2bf2000,
0xf8d7f8cf,
0x3301309c,
0x309cf8c7,
0xf47f2b04,
0xf7feae68,
0xbf00be61,
0xf0d468f8,
0xf0d45608,
0xf0d467db,
0xf0d467f4,
0xf0d46830,
0xf0d4682c,
0xf0d46348,
0xf0d46912,
0xf0d46396,
0xf0d46394,
0xf0d4639e,
0xf0d469f1,
0xf7fc2000,
0x2804fffb,
0xae4df43f,
0xf7fc2000,
0x2802fff5,
0xf8d7d107,
0x2b02309c,
0x2302bf38,
0x309cf8c7,
0x2000e644,
0xffe8f7fc,
0xf47f2805,
0xe7f0ae3f,
0x7127f44f,
0xf8d4e661,
0x6ffb699c,
0x0683eba6,
0xf8d4e6f2,
0x64bb3930,
0x3934f8d4,
0xf8d4647b,
0xf8d7693c,
0x6e3a308c,
0x6c79441e,
0x6cb84633,
0xfa24f7fd,
0x3940f8d4,
0xf8d4643b,
0x63fb3948,
0x594cf8d4,
0x308cf8d7,
0x8944f8d4,
0x6bfa441d,
0x4641462b,
0xf7fd6c38,
0xf8d4fa11,
0xf8c73950,
0x22ff3094,
0x46182300,
0x1094f8b7,
0xf85af2bf,
0x3960f8d4,
0x3090f8c7,
0x230022ff,
0xf8b74618,
0xf2bf1090,
0xf7fdf84f,
0x6efbfa5d,
0xf0402801,
0x330181b7,
0x80a2f040,
0xf2bf48cf,
0x1e73fa01,
0x6c796e3a,
0xf7fd6cb8,
0x1e6bf9e9,
0x46416bfa,
0x25006c38,
0xf9e2f7fd,
0x3958f8d4,
0x6eba66bb,
0xfa032301,
0x4295f202,
0x66bbdb01,
0xf8d4e086,
0x64bb3954,
0x395cf8d4,
0x442b6eba,
0xf8d76cb9,
0xf7fd0094,
0xf8d4f9cb,
0x647b3964,
0x3968f8d4,
0xf8d4643b,
0x6c3a396c,
0x6c79442b,
0x0090f8d7,
0xf9bcf7fd,
0xfa1ef7fd,
0xf0402801,
0xf1ba810a,
0xd13a3fff,
0x309cf8d7,
0xf04f26a0,
0x461a0800,
0xfb064bae,
0xf5063602,
0xf8d660da,
0xc80736dc,
0x3b01442b,
0xf9a2f7fd,
0x36ecf8d6,
0x60dcf506,
0x3b01442b,
0xf7fdc807,
0xf8d6f999,
0x2301a6f8,
0xf30afa03,
0xda184598,
0x36fcf8d6,
0xf8d64652,
0x444316f4,
0x06f0f8d6,
0xf988f7fd,
0x60e0f506,
0x370cf8d6,
0x4443c807,
0xf980f7fd,
0xf9e2f7fd,
0xf0402801,
0xf1c880c7,
0xb10d0908,
0x00ed3d01,
0x455d444d,
0x80c3f280,
0x0505ebab,
0x48904629,
0xf97ef2bf,
0x6eba6f3b,
0xf8d76cb9,
0xf7fd0094,
0x6e7bf965,
0x6c3a6c79,
0x0090f8d7,
0xf95ef7fd,
0x3088f8d7,
0xf8c7442b,
0xf8d73088,
0xeb033084,
0x1b4b010b,
0x2301677b,
0x66bb469a,
0x308cf8d7,
0xf0402b0f,
0x6dfb80d5,
0xf0402b00,
0x6ebb80d1,
0xf0002b00,
0x6dfd80cd,
0x8958f8d4,
0xfa032301,
0x429df308,
0xf8d4da69,
0x46423954,
0xf8d464bb,
0x6cb9395c,
0xf8d7442b,
0xf7fd0094,
0xf8d4f92f,
0x647b3964,
0x3968f8d4,
0xf8d4643b,
0x6c3a396c,
0x6c79442b,
0x0090f8d7,
0xf920f7fd,
0xf982f7fd,
0xf0002801,
0xf1ba8094,
0xd1230f01,
0x309cf8d7,
0x461a26a0,
0xfb064b61,
0xf5063602,
0xf8d660da,
0xc80736dc,
0x3b01442b,
0xf908f7fd,
0x36ecf8d6,
0x60dcf506,
0x3b01442b,
0xf7fdc807,
0xf8d6f8ff,
0x464aa6f8,
0x0900f04f,
0xfa032301,
0x4599f30a,
0x4691db53,
0x3d01b10d,
0x444d00ed,
0x455d4850,
0x3afff04f,
0x465dbfa8,
0xf2bf4629,
0x6f3bf8f9,
0x6cb94642,
0x0094f8d7,
0xf8e0f7fd,
0x6c3a6e7b,
0xf8d76c79,
0xf7fd0090,
0xf8d7f8d9,
0x442b3088,
0x3088f8c7,
0x18eb6d7b,
0x6f3b67bb,
0x2958f8d4,
0x1954f8d4,
0x0094f8d7,
0xf8c8f7fd,
0xf8d46e7b,
0xf8d42968,
0xf8d71964,
0xf7fd0090,
0xf8d7f8bf,
0x3301308c,
0x308cf8c7,
0x3084f8d7,
0xf8c7445b,
0xe5ad3084,
0x0801f108,
0x0900f04f,
0x2500e717,
0x2d0fe73c,
0x482fd105,
0xf8baf2bf,
0x3084f8d7,
0x3501677b,
0x3afff04f,
0xf8d6e6c1,
0x465236fc,
0x16f4f8d6,
0xf8d6444b,
0xf7fd06f0,
0xf506f897,
0xf8d660e0,
0xc807370c,
0xf7fd444b,
0xf7fdf88f,
0x2801f8f1,
0xf109d196,
0x22080901,
0x2d0fe78c,
0x4659d10a,
0xf2bf481a,
0xf8d7f893,
0x33013098,
0x3098f8c7,
0x67bb6d7b,
0xf04f3501,
0xe7350a01,
0x2b026abb,
0xf8d7dc2a,
0x3306308c,
0xf003425a,
0xf002030f,
0xbf58020f,
0x6cfa4253,
0xd11d4293,
0xf2bf480d,
0xf8d7f875,
0x33013098,
0x3098f8c7,
0xeb036b7b,
0xf8d7050b,
0x18eb3084,
0x3080f8c7,
0x653b2301,
0xe78066fb,
0xf0d46373,
0xf0d45608,
0xf0d46377,
0xf0d4637d,
0xf0d46385,
0xf2bf48ca,
0xf8d7f857,
0x33013098,
0x3098f8c7,
0xe7e92301,
0xf0402b01,
0xf8d7808c,
0x48c43098,
0xf8c73b01,
0xf2bf3098,
0x1e73f845,
0x6c796e3a,
0xf7fd6cb8,
0x1e6bf82d,
0x6bfa4641,
0x25006c38,
0xf826f7fd,
0x8958f8d4,
0xfa032301,
0x4295f208,
0x65fbdb01,
0xf8d4e06d,
0x46423954,
0xf8d465fb,
0x6df9395c,
0xf8d7442b,
0xf7fd0094,
0xf8d4f811,
0x64bb3964,
0x3968f8d4,
0xf8d4647b,
0x6c7a396c,
0x6cb9442b,
0x0090f8d7,
0xf802f7fd,
0xf864f7fd,
0xf0002801,
0xf1ba8102,
0xd1240f01,
0x309cf8d7,
0x461a26a0,
0xfb064ba3,
0xf5063602,
0xf8d660da,
0xc80736dc,
0x3b01442b,
0xffeaf7fc,
0x36ecf8d6,
0x60dcf506,
0x3b01442b,
0xf7fcc807,
0xf8d6ffe1,
0x464aa6f8,
0x0900f04f,
0xfa032301,
0x4599f30a,
0x80c0f2c0,
0xb10d4691,
0x00ed3d01,
0x4892444d,
0xf04f455d,
0xbfa83aff,
0x4629465d,
0xffdaf2be,
0x46426f3b,
0xf8d76df9,
0xf7fc0094,
0x6e7bffc1,
0x6cb96c7a,
0x0090f8d7,
0xffbaf7fc,
0x3088f8d7,
0xf8c7442b,
0xf8d73088,
0x442b3084,
0x230167bb,
0xf8d765fb,
0x2b0f308c,
0x80d3f040,
0x2b006ebb,
0x80cff040,
0x2b006dfb,
0x80cbf000,
0xf8d46ebd,
0x64bb3958,
0x23016cba,
0x429d4093,
0xaec7f6bf,
0x3954f8d4,
0xf8d4647b,
0x6cba395c,
0x6c79442b,
0x0094f8d7,
0xff8cf7fc,
0x3964f8d4,
0xf8d4643b,
0x63fb3968,
0x396cf8d4,
0x442b6bfa,
0xf8d76c39,
0xf7fc0090,
0xf7fcff7d,
0x2801ffdf,
0x8096f040,
0x3ffff1ba,
0xf8d7d139,
0x26a0309c,
0x0800f04f,
0x4b60461a,
0x3602fb06,
0x60daf506,
0x36dcf8d6,
0x442bc807,
0xf7fc3b01,
0xf8d6ff63,
0xf50636ec,
0x442b60dc,
0xc8073b01,
0xff5af7fc,
0xa6f8f8d6,
0xfa032301,
0x4598f30a,
0xf8d6da17,
0x465236fc,
0x16f4f8d6,
0xf8d64443,
0xf7fc06f0,
0xf506ff49,
0xf8d660e0,
0xc807370c,
0xf7fc4443,
0xf7fcff41,
0x2801ffa3,
0xf1c8d153,
0xb10d0908,
0x00ed3d01,
0x455d444d,
0xebabda50,
0x46290505,
0xf2be4842,
0x6f3bff41,
0xf04f6cba,
0x6c790a01,
0x0094f8d7,
0xff26f7fc,
0x6bfa6e7b,
0xf8d76c39,
0xf7fc0090,
0xf8d7ff1f,
0x442b3088,
0x3088f8c7,
0x1b5b69fb,
0xe644677b,
0x36fcf8d6,
0xf8d64652,
0x444b16f4,
0x06f0f8d6,
0xff0cf7fc,
0x60e0f506,
0x370cf8d6,
0x444bc807,
0xff04f7fc,
0xff66f7fc,
0xf47f2801,
0xf109af2a,
0x22080901,
0x2d0fe71e,
0x4659d10b,
0xf2be4825,
0xf8d7ff07,
0x33013098,
0x3098f8c7,
0x3084f8d7,
0x350167bb,
0x0a01f04f,
0xf108e6c4,
0xf04f0801,
0xe78b0900,
0xe7ae2500,
0xd1042d0f,
0xf2be481a,
0x6d7bfeef,
0x3501677b,
0x3afff04f,
0x6abbe738,
0xdc1c2b02,
0x308cf8d7,
0x425a3306,
0x030ff003,
0x020ff002,
0x4253bf58,
0x42936cfa,
0x480fd10f,
0xfed6f2be,
0xeb036b7b,
0xf8d7050b,
0x18eb3084,
0x3080f8c7,
0x653b2301,
0x33fff04f,
0x4808e662,
0xfec6f2be,
0xbf00e7f8,
0xf0d46389,
0xf0d46373,
0xf0d45608,
0xf0d46377,
0xf0d4637d,
0xf0d4638d,
0xf0d46391,
0x3080f8d7,
0x1a9d6f7a,
0x43756dbb,
0xf1f3fbb5,
0xbbbbf7ff,
0xf8d76fbb,
0x1a9d2080,
0xbbc6f7ff,
0xf7fc2000,
0x2804fc37,
0xaa90f43e,
0xf7fc2000,
0x2802fc31,
0x80abf040,
0x459a2302,
0x469abf38,
0xeb034bca,
0xf8d5158a,
0xf8d54b44,
0xf8d5bb40,
0x46213b48,
0x309cf8c7,
0xf8d74658,
0x18e3209c,
0x65bb3b01,
0xfe7ff7fc,
0x3b50f8d5,
0x3084f8c7,
0xf8d54680,
0xf8c73b54,
0xf8d53094,
0xf8d73b58,
0x461a1094,
0x0084f8d7,
0x3090f8c7,
0xfe6bf7fc,
0x3b20f8d5,
0xf8c74681,
0xf8d5308c,
0xf8c73b24,
0xf8d53098,
0xf8c73b28,
0xf8d73088,
0xf8d73098,
0x46192088,
0x008cf8d7,
0xf7fc189e,
0xf8d7fe54,
0x3e013098,
0x46599307,
0x308cf8d7,
0x2090f8d7,
0xf8d79305,
0x93033094,
0x90084413,
0x93023b01,
0x3084f8d7,
0x93019606,
0xf8cd4623,
0x6dba8000,
0x9010f8cd,
0xf2be489e,
0xf8d7fe39,
0x4621209c,
0xf7fc4658,
0x4651fe30,
0x0080f8c7,
0xf2be4899,
0x4632fe2d,
0x3098f8d7,
0xf8d72600,
0x4896108c,
0xfe24f2be,
0x2088f8d7,
0x40932301,
0xf10367bb,
0x6fbb38ff,
0xdb31429e,
0xf2be4890,
0xf8d7fe17,
0x2301209c,
0x6fba4093,
0x2302647b,
0xf3f3fb92,
0x2308657b,
0x230066bb,
0x461d67fb,
0xeb034b83,
0x6c7b168a,
0xdb23429d,
0x3080f8d7,
0xf8d74621,
0x4658209c,
0xfde8f7fc,
0x0a01f10a,
0xf2be2000,
0xf1bafb72,
0xf47e0f04,
0xf7fea9db,
0x2000b9e3,
0xfb80f7fc,
0xf47f2805,
0xe74daf53,
0x1b2cf8d5,
0x44314877,
0xea083601,
0xf2be0101,
0xe7c0fddf,
0x2090f8d7,
0x0900f04f,
0x1094f8d7,
0x0084f8d7,
0xfdd1f7fc,
0x3b4cf8d6,
0x46216638,
0xf8d7442b,
0x4658209c,
0xfdb8f7fc,
0x209cf8d7,
0x46584621,
0xfdc1f7fc,
0x90004623,
0x6dba4659,
0xf2be4865,
0xf8d7fdbd,
0x454b3090,
0x2000d113,
0xf2be3501,
0x485efb32,
0xfdb2f2be,
0xf8d76e3b,
0xf8d72090,
0xf8d71094,
0xf7fc0084,
0x2000fd97,
0xfb23f2be,
0xf8d7e79f,
0xf8d72088,
0xf8d71098,
0xf7fc008c,
0xf8d6fd9a,
0x67783b5c,
0x2090f8d7,
0x0349eb03,
0x1094f8d7,
0x0084f8d7,
0xf7fc673b,
0x6f7bfd7d,
0xf003330c,
0x65fb030f,
0x2b033b09,
0xf8d7d820,
0x3b013080,
0xbfb82b00,
0x653b425b,
0x64fb2303,
0x0f00f1b9,
0xbf086d7b,
0x64bb2300,
0x66fb2300,
0x6d7b6efa,
0xdc174293,
0xf1096f7b,
0xf8d70901,
0xf8d72088,
0xf8d71098,
0xf7fc008c,
0xe7a8fd55,
0x3b056dfb,
0xf04f2b07,
0xbf980301,
0x64fb2303,
0x3080f8d7,
0xe7db653b,
0xf8d66efa,
0xf8d73b2c,
0x44131098,
0xf8d76cba,
0x4413008c,
0xf1026fba,
0xf8d738ff,
0xea082088,
0x46430803,
0xfd34f7fc,
0xf2be2000,
0x6d3bfac0,
0xd109429d,
0x6cfa6f3b,
0xd1054293,
0x6dfa6ffb,
0xbf084542,
0x67fb2301,
0xfd86f7fc,
0x3080f8d7,
0xd1172801,
0xd113429d,
0x6f3a6e3b,
0xd10f4293,
0x45436f7b,
0x481ad10c,
0xfd24f2be,
0x2b016ffb,
0x6ebbd11a,
0xdb172b00,
0x3b016ebb,
0xe01366bb,
0xe7f14814,
0xd112429d,
0x6f3a6e3b,
0xd10e4293,
0x45436f7b,
0x4810d10b,
0xfd0cf2be,
0x2b016ffb,
0x6ebbd102,
0xda1b2b00,
0x33016efb,
0x480be78b,
0xbf00e7f2,
0xf0d45608,
0xf0d46930,
0xf0d46966,
0xf0d46993,
0xf0d469f1,
0xf0d469a6,
0xf0d469aa,
0xf0d46385,
0xf0d46389,
0xf0d4638d,
0xf0d46391,
0x33fff04f,
0xe7c7667b,
0xf2be4803,
0xf7fefce3,
0x4802b8e3,
0xb8e7f7fe,
0xf0d469d5,
0xf0d469f4,
0xb5804b0d,
0x681baf00,
0xd50f0658,
0x490c4b0b,
0xf042681a,
0x601a0201,
0x60114a07,
0x07c96811,
0x681ad4fc,
0x0201f022,
0xbd80601a,
0xfacef002,
0xd1eb2800,
0xbf00bd80,
0xf0240000,
0xf0230070,
0x5a960f00,
0x22014b03,
0xaf00b580,
0x2211601a,
0xbd80611a,
0xf0b70000,
0xf0004b14,
0xb580003f,
0x33302200,
0x50c0f440,
0xf843af00,
0x21012c30,
0x0c2cf843,
0x601a681a,
0x60114a0d,
0x07c96819,
0x6811d5fc,
0x0110f041,
0x06c86011,
0x6819d40c,
0xd5fc0789,
0x68084907,
0x60112100,
0x07d2681a,
0x681ad4fc,
0xbd80601a,
0xe7ee6811,
0xf0160000,
0xf0160020,
0xf0160008,
0x4a03b580,
0x6a13af00,
0xd0fc2b00,
0xbf00bd80,
0xf0d410a4,
0x4ff0e92d,
0xaf02b085,
0xfa0ff002,
0xf0024604,
0x4b56fa05,
0x681b1c45,
0xbf082b0c,
0xbf182001,
0xf0012000,
0xf002eff4,
0x4b51f81f,
0x2d01b14b,
0xb934d907,
0xf0022002,
0x370cf9d5,
0xe8bd46bd,
0x484c8ff0,
0x603b2300,
0x4171f04f,
0x3010607b,
0x3c03f810,
0x2c04f810,
0xeb03041b,
0xf8106302,
0x44132c01,
0x2c02f810,
0x2202eb03,
0xfb0cf002,
0x4371f04f,
0x4604603b,
0x46384b3f,
0x607a69da,
0xf0028a9d,
0xb280fb50,
0xd1024285,
0x429c687b,
0x483ad002,
0xfb70f002,
0xf6454b39,
0x68193221,
0x4f11ebb2,
0x0200f04f,
0x4936d155,
0x604a600a,
0x4a352150,
0x48356011,
0xf2be681c,
0xf645fc15,
0xebb33321,
0xf04f4f14,
0xd14a03aa,
0x60134a30,
0x4b3022ea,
0x2216601a,
0x4a2f605a,
0x6813482f,
0x7380f443,
0x4b2e6013,
0xf2be681c,
0x482dfbfd,
0x0107f004,
0x71e4f201,
0xfbf6f2be,
0xf2be482a,
0xf3c4fbf3,
0x482701c3,
0xfbeef2be,
0xf2be4826,
0xf3c4fbeb,
0x482311c4,
0xfbe6f2be,
0xf2be4822,
0xf3c4fbe3,
0x481f310f,
0xfbdef2be,
0xf2be481f,
0x481ffbdb,
0xfbd8f2be,
0x22004b1e,
0x4b1e611a,
0x681a469b,
0x1f40f412,
0x481cd03e,
0xfbccf2be,
0xfea6f7fd,
0x490ee7fe,
0x604a600a,
0x4a182150,
0x4a08e7a8,
0x22ea6013,
0xe7b34b16,
0xf0d5c000,
0x00000000,
0xf0d47470,
0xf0d40000,
0xf0d469fe,
0xf00100f0,
0xf02347e0,
0xf02347e8,
0xf0d46a09,
0xf02346a0,
0xf02346a4,
0xf0230000,
0xf0d46a12,
0xf0d40078,
0xf0d46a23,
0xf0d46a26,
0xf0d46405,
0xf0d46a28,
0xf0d410a4,
0xf0020010,
0xf0d46a38,
0xf02346a8,
0xf02347e4,
0x46994bbd,
0xf412699a,
0xf0001f80,
0xf3c28322,
0xf3c23302,
0xf10332c4,
0x4cb85370,
0x3380f503,
0x6819009b,
0xfa032301,
0x4bb5f202,
0xbf18420a,
0x6863461c,
0x0860f04f,
0xfb082009,
0x4bb1f803,
0xea4f4598,
0xbf984a58,
0xbf882300,
0x46982301,
0x681b4bad,
0xfeb6f7ff,
0x236af640,
0x4f00f410,
0x8370f040,
0xd902459a,
0xf2be48a8,
0x2002fb59,
0xfea8f7ff,
0xf1400405,
0xf000836c,
0x06c1051f,
0x82e9f140,
0x0520f1c5,
0x236af640,
0x1643f3c0,
0xd903459a,
0xf2002d17,
0x350882e0,
0x46294632,
0xf2be489b,
0x489bfb3d,
0xfb3af2be,
0x011a68a3,
0x82d7f140,
0xf140005b,
0x489782d2,
0xfb30f2be,
0x21606863,
0x43594895,
0xf2be0c49,
0x68a3fb29,
0xf14000d8,
0x489282c8,
0xfb22f2be,
0x309cf8d4,
0x030ff003,
0xf0402b01,
0x488e830d,
0xfb18f2be,
0x488d6821,
0xfb14f2be,
0x681b4b8c,
0xd5030119,
0xf44f4a8b,
0x60112170,
0xd50300da,
0xf44f4a88,
0x60110170,
0xd5030098,
0xf04f4a85,
0x60116170,
0xd5030059,
0xf04f4a82,
0x60114170,
0xda032b00,
0xf44f4a7f,
0x60114170,
0xd503025a,
0xf44f4a7d,
0x60112170,
0xd5030218,
0xf44f4a7a,
0x60110170,
0xd50301d9,
0xf04f4a77,
0x60116170,
0xd503019a,
0xf04f4a74,
0x60114170,
0xd5030158,
0xf44f4b71,
0x601a4270,
0x3000f8db,
0x1f40f413,
0x82ccf040,
0x68134a6d,
0xd5fc05d9,
0x22104b6c,
0x70faf44f,
0xf002601a,
0x4b6af8ed,
0x486a2203,
0x4a6a601a,
0xf0436813,
0x60130340,
0xfabaf2be,
0x3000f8db,
0x0303f023,
0x0301f043,
0x3000f8cb,
0x469b4b63,
0xf022681a,
0x601a0213,
0xf042681a,
0x601a0220,
0xf042681a,
0x601a0214,
0x3000f8db,
0xd5fb071b,
0xf002485b,
0xf8dbf9e5,
0x22143000,
0xf0432115,
0x48580308,
0x3000f8cb,
0xf2be2300,
0x4b56f975,
0x601a7922,
0x605a7962,
0x609a79a2,
0x4a534b3e,
0xf8d9601a,
0xf0133018,
0xd0140f70,
0xf3c34a50,
0x21801302,
0xf1a22b05,
0x484e0204,
0x2305bf88,
0x60136051,
0x4b4c2215,
0xf8d9601a,
0xf3c11018,
0xf2be1102,
0x221cfa6d,
0x46112300,
0xf2be4847,
0x221cf94b,
0x46112301,
0xf2be4844,
0x2301f945,
0x461a4843,
0xf2be4619,
0x462bf93f,
0x46322000,
0xe88d4621,
0xf2bb0500,
0x68a3fc11,
0x21152214,
0x00584d3c,
0xbf484833,
0xbf582301,
0xf2be2302,
0x2213f92b,
0x46112301,
0xf2be4837,
0x4b37f925,
0x32fff04f,
0x601a4832,
0x461a2301,
0xf2be4619,
0x237ff91b,
0x21082202,
0xf2be4831,
0xf64ff915,
0x602b73ff,
0x21032200,
0x6b63482e,
0x030ff003,
0xf90af2be,
0x221c2303,
0x482b211e,
0xf904f2be,
0x215422c0,
0xf2be2000,
0x68a3f853,
0x4a272840,
0xf043d14e,
0xe04b5380,
0xf0d40070,
0xf0d40300,
0xf0d40458,
0x10abffff,
0xf0230000,
0xf0d46a5d,
0xf0d46a71,
0xf0d46a91,
0xf0d46a98,
0xf0d46aae,
0xf0d46ab2,
0xf0d46abc,
0xf0d46ad1,
0xf0160034,
0xf0160048,
0xf0160050,
0xf0230004,
0xf0234344,
0xf0234340,
0xf0d46ae3,
0xf0234100,
0xf02300b0,
0xf0d46aea,
0xf0020010,
0xf0234420,
0x0007ef9f,
0xf0234414,
0xf0d46aec,
0xf023440c,
0xf0020098,
0xf0020094,
0xf018062c,
0xf0020074,
0xf002009c,
0xf00200a0,
0xf0180384,
0xf0180024,
0xf0180008,
0x4bb66013,
0x601a69a2,
0x7396f503,
0x62da4ab4,
0x5273f44f,
0x69e2601a,
0x2cfcf843,
0x68a34ab1,
0x7380f3c3,
0xf0002b00,
0x231081b5,
0x23016013,
0x48ad2208,
0xf2be4611,
0x4bacf88f,
0xf5a34aac,
0xf8c3739a,
0x68e22134,
0x6922601a,
0x6962605a,
0x6a22611a,
0x213cf8c3,
0xf8c36a62,
0x6f622320,
0x2634f8c3,
0x737af503,
0x601a6ba2,
0x62da6be2,
0x631a6c22,
0x635a6c62,
0x639a6ca2,
0x63da6ce2,
0x641a6d22,
0x645a6d62,
0x07596fa3,
0x4a99d50d,
0x4b996013,
0x601a6fe2,
0x2080f8d4,
0xf8d4605a,
0x609a2084,
0x2088f8d4,
0x4b9460da,
0xf5a36da2,
0xf8c3737b,
0x6de223ec,
0x23f0f8c3,
0xf8c36e22,
0x6e6223f4,
0x23f8f8c3,
0xf8c36ea2,
0x6ee223fc,
0x2400f8c3,
0xf8c36f22,
0x6aa22404,
0x6ae2601a,
0x68a3605a,
0xd50b011a,
0x4a864b85,
0x4a86601a,
0x4a86605a,
0x4a86609a,
0xf46f60da,
0x615a428a,
0xf8d44b84,
0x4e84208c,
0xf8d4601a,
0xf4133090,
0xf0007f80,
0xf8d98141,
0x055b3018,
0x813cf140,
0xf2be487e,
0xf8d4f935,
0xf4433090,
0x60336380,
0x497c4b7b,
0x601a4a7c,
0x600b4b7c,
0x4a7c60ca,
0x68a36013,
0xd50600d8,
0xf04f4b7a,
0x601a3210,
0x0208f602,
0x68a3605a,
0x4390f003,
0x4f90f1b3,
0xf8d4d106,
0x05d93090,
0x4b73d502,
0x601a2206,
0x23012200,
0x48714611,
0xffeef2bd,
0xf001200a,
0x4e6fff2f,
0x486d2300,
0x4619461a,
0xffe4f2bd,
0x21002301,
0x4608461a,
0xff3cf2bd,
0x2300220d,
0x48684611,
0xffd8f2bd,
0x7096f44f,
0xff18f001,
0x20642307,
0xf0016033,
0x220dff13,
0x46112301,
0xf2bd4860,
0xf44fffc9,
0xf0017016,
0x2306ff09,
0x60332064,
0xff04f001,
0x2064230e,
0xf0016033,
0x2208feff,
0x46112301,
0xf2bd4857,
0x68a3ffb5,
0xd507011a,
0x220c6b63,
0x483b210f,
0x3303f3c3,
0xffaaf2bd,
0x2300221e,
0x48384611,
0xffa4f2bd,
0x22126b23,
0x4611484d,
0x4380f3c3,
0xff9cf2bd,
0x220f6b23,
0x46114849,
0x33c0f3c3,
0xff94f2bd,
0x011b68a3,
0x2301d528,
0xf2402203,
0x20001125,
0xfee8f2bd,
0xf240227f,
0x2000218e,
0xfed8f2bd,
0x20004601,
0xf990f2bb,
0x22032302,
0x1125f240,
0xf2bd2000,
0x227ffed7,
0x7127f44f,
0xf2bd2000,
0x4601fec7,
0xf2bb2000,
0x2303f97f,
0x1125f240,
0x2000461a,
0xfec6f2bd,
0x23004a31,
0x602b4831,
0x60132301,
0x46112215,
0xff5ef2bd,
0x22092303,
0x482d210a,
0xff58f2bd,
0xfb98f7ff,
0x681b4b2b,
0x1f40f413,
0x482ad004,
0xf86af2be,
0xfb44f7fd,
0x4c28e7fe,
0x3510e4ed,
0x251fe516,
0x4826e51e,
0x4826e52c,
0x4826e52a,
0xbf00e536,
0xf0180020,
0x03e00042,
0xf0180200,
0xf0180384,
0xf0180140,
0xde3c78ee,
0xf018063c,
0xf0180644,
0xf0180400,
0xf0180660,
0x42876310,
0x8dcba9f5,
0x42987631,
0x8edcbaf5,
0xf0180670,
0xf01806a0,
0xf0d46af9,
0xf0180544,
0xf0180548,
0xcc00ffff,
0xffff0000,
0xf0180558,
0xf0180680,
0xf01806a4,
0xf0180050,
0xf0180000,
0xf01801f0,
0xf018014c,
0xf0180324,
0xf0010020,
0xf0020074,
0xf0020080,
0xf0020010,
0xf0d46a38,
0xf0d40300,
0xf0d46aa0,
0xf0d46aa8,
0xf0d46ab7,
0xd1012b02,
0xe4ef4816,
0xd1012b03,
0xe4eb4815,
0xe4e94815,
0xf2be4815,
0xf7fdf801,
0xe7fefadb,
0xe64b6013,
0x1149f240,
0xf2bd2000,
0x28fcfe1e,
0x6833d103,
0x7300f443,
0xf8d4e6bf,
0xe6bc3090,
0xf67f459a,
0x480aac92,
0xffe8f2bd,
0xf640e7fe,
0x2606236a,
0x459a2510,
0xac9df63f,
0xbf00e49c,
0xf0d46ac0,
0xf0d46ac5,
0xf0d46acd,
0xf0d46a38,
0xf0d46a45,
0xe92d4800,
0xe28db004,
0xe8bd8800,
0x0000ffff,
0x0000ffff,
0xffff0000,
0xffff0000,
0xfffe0001,
0xfffd0002,
0xfffb0004,
0xfff70008,
0xffef0010,
0xffdf0020,
0xffbf0040,
0xff7f0080,
0xfeff0100,
0xfdff0200,
0xfbff0400,
0xf7ff0800,
0xefff1000,
0xdfff2000,
0xbfff4000,
0x7fff8000,
0x0001fffe,
0x0002fffd,
0x0004fffb,
0x0008fff7,
0x0010ffef,
0x0020ffdf,
0x0040ffbf,
0x0080ff7f,
0x0100feff,
0x0200fdff,
0x0400fbff,
0x0800f7ff,
0x1000efff,
0x2000dfff,
0x4000bfff,
0x80007fff,
0xffff0001,
0xffff0002,
0xffff0004,
0xffff0008,
0xffff0010,
0xffff0020,
0xffff0040,
0xffff0080,
0xffff0100,
0xffff0200,
0xffff0400,
0xffff0800,
0xffff1000,
0xffff2000,
0xffff4000,
0xffff8000,
0x0001ffff,
0x0002ffff,
0x0004ffff,
0x0008ffff,
0x0010ffff,
0x0020ffff,
0x0040ffff,
0x0080ffff,
0x0100ffff,
0x0200ffff,
0x0400ffff,
0x0800ffff,
0x1000ffff,
0x2000ffff,
0x4000ffff,
0x8000ffff,
0x0000ffff,
0x0000ffff,
0xffff0000,
0xffff0000,
0xffffefff,
0xffffdfff,
0xffffbfff,
0xffff7fff,
0xfffffeff,
0xfffffdff,
0xfffffbff,
0xfffff7ff,
0xffffffef,
0xffffffdf,
0xffffffbf,
0xffffff7f,
0xfffffffe,
0xfffffffd,
0xfffffffb,
0xfffffff7,
0x00008000,
0x00004000,
0x00002000,
0x00001000,
0x00000800,
0x00000400,
0x00000200,
0x00000100,
0x00000080,
0x00000040,
0x00000020,
0x00000010,
0x00000008,
0x00000004,
0x00000002,
0x00000001,
0x6e51598f,
0xee49baec,
0x97613961,
0x8420f7d1,
0x55c64a08,
0x7c4a78a6,
0xd4949946,
0xdcb753a2,
0xffffffff,
0x00000000,
0xffffffff,
0x00000000,
0x00000000,
0xffffffff,
0x00000000,
0xffffffff,
0xfffefffe,
0x00010001,
0xfffdfffd,
0x00020002,
0xfffbfffb,
0x00040004,
0xfff7fff7,
0x00080008,
0xffefffef,
0x00100010,
0xffdfffdf,
0x00200020,
0xffbfffbf,
0x00400040,
0xff7fff7f,
0x00800080,
0xfefffeff,
0x01000100,
0xfdfffdff,
0x02000200,
0xfbfffbff,
0x04000400,
0xf7fff7ff,
0x08000800,
0xefffefff,
0x10001000,
0xdfffdfff,
0x20002000,
0xbfffbfff,
0x40004000,
0x7fff7fff,
0x80008000,
0x00010001,
0xfffefffe,
0x00020002,
0xfffdfffd,
0x00040004,
0xfffbfffb,
0x00080008,
0xfff7fff7,
0x00100010,
0xffefffef,
0x00200020,
0xffdfffdf,
0x00400040,
0xffbfffbf,
0x00800080,
0xff7fff7f,
0x01000100,
0xfefffeff,
0x02000200,
0xfdfffdff,
0x04000400,
0xfbfffbff,
0x08000800,
0xf7fff7ff,
0x10001000,
0xefffefff,
0x20002000,
0xdfffdfff,
0x40004000,
0xbfffbfff,
0x80008000,
0x7fff7fff,
0xffffffff,
0x00010001,
0xffffffff,
0x00020002,
0xffffffff,
0x00040004,
0xffffffff,
0x00080008,
0xffffffff,
0x00100010,
0xffffffff,
0x00200020,
0xffffffff,
0x00400040,
0xffffffff,
0x00800080,
0xffffffff,
0x01000100,
0xffffffff,
0x02000200,
0xffffffff,
0x04000400,
0xffffffff,
0x08000800,
0x00010001,
0xffffffff,
0x00020002,
0xffffffff,
0x00040004,
0xffffffff,
0x00080008,
0xffffffff,
0x00100010,
0xffffffff,
0x00200020,
0xffffffff,
0x00400040,
0xffffffff,
0x00800080,
0xffffffff,
0x01000100,
0xffffffff,
0x02000200,
0xffffffff,
0x04000400,
0xffffffff,
0x08000800,
0xffffffff,
0x10001000,
0xffffffff,
0x20002000,
0xffffffff,
0x40004000,
0xffffffff,
0x80008000,
0xffffffff,
0xffffefff,
0xffffdfff,
0xffffbfff,
0xffff7fff,
0xfffffeff,
0xfffffdff,
0xfffffbff,
0xfffff7ff,
0xffffffef,
0xffffffdf,
0xffffffbf,
0xffffff7f,
0xfffffffe,
0xfffffffd,
0xfffffffb,
0xfffffff7,
0x00008000,
0x00004000,
0x00002000,
0x00001000,
0x00000800,
0x00000400,
0x00000200,
0x00000100,
0x00000080,
0x00000040,
0x00000020,
0x00000010,
0x00000008,
0x00000004,
0x00000002,
0x00000001,
0x6e51598f,
0xee49baec,
0x97613961,
0x8420f7d1,
0x55c64a08,
0x7c4a78a6,
0xd4949946,
0xdcb753a2,
0x00000310,
0x00000000,
0x00000008,
0xffffffff,
0x00000161,
0x00000000,
0x00000008,
0x00000000,
0x00000146,
0x00000000,
0x00000008,
0x00000050,
0x00000117,
0x00000000,
0x00000008,
0x00000050,
0x0000031d,
0x00000000,
0x00000008,
0xffffffff,
0x00000162,
0x00000000,
0x00000008,
0x00000000,
0x00000113,
0x00000000,
0x00000008,
0x00000050,
0x000000f4,
0x00000000,
0x00000008,
0x00000050,
0x0000032a,
0x00000000,
0x00000008,
0xffffffff,
0x00000163,
0x00000000,
0x00000008,
0x00000000,
0x00000101,
0x00000000,
0x00000008,
0x00000050,
0x00000145,
0x00000000,
0x00000008,
0x00000050,
0x00000337,
0x00000000,
0x00000008,
0xffffffff,
0x00000164,
0x00000000,
0x00000008,
0x00000000,
0x000000ef,
0x00000000,
0x00000008,
0x00000050,
0x000000f5,
0x00000000,
0x00000008,
0x00000050,
0x000000c2,
0x00000000,
0x00000004,
0x00000006,
0x00000071,
0x00000006,
0x00000001,
0x00000000,
0x00000066,
0x00000002,
0x00000001,
0x00000000,
0x00000252,
0x00000007,
0x00000001,
0x00000000,
0x000000c2,
0x00000004,
0x00000004,
0x00000006,
0x00000071,
0x00000007,
0x00000001,
0x00000000,
0x00000251,
0x00000007,
0x00000001,
0x00000000,
0x00000252,
0x00000006,
0x00000001,
0x00000000,
0x000000c3,
0x00000000,
0x00000004,
0x00000006,
0x00000070,
0x00000006,
0x00000001,
0x00000000,
0x00000251,
0x00000007,
0x00000001,
0x00000001,
0x00000066,
0x00000002,
0x00000001,
0x00000001,
0x000000c1,
0x00000000,
0x00000004,
0x00000008,
0x000000c1,
0x00000004,
0x00000004,
0x00000008,
0x000000c1,
0x00000000,
0x00000004,
0x00000008,
0x000000c1,
0x00000004,
0x00000004,
0x00000008,
0x00000005,
0x00000006,
0x00000007,
0x00000008,
0x00000009,
0x0000000a,
0x0000000b,
0x0000000c,
0x0000000d,
0x0000000e,
0x0000000f,
0x00000010,
0x00000011,
0x00000012,
0x00000013,
0x00000014,
0x00000312,
0x00000000,
0x00000008,
0xffffffff,
0x000000c6,
0x00000000,
0x00000004,
0x00000006,
0x000000c8,
0x00000000,
0x00000004,
0x00000002,
0x000000ca,
0x00000003,
0x00000004,
0x00000000,
0x000000ce,
0x00000003,
0x00000004,
0x00000000,
0x000000ca,
0x00000000,
0x00000003,
0x00000000,
0x000000ce,
0x00000000,
0x00000003,
0x00000000,
0x000000c4,
0x00000000,
0x00000004,
0x00000006,
0x0000008e,
0x00000004,
0x00000001,
0x00000000,
0x0000008f,
0x00000000,
0x00000001,
0x00000000,
0x0000031f,
0x00000000,
0x00000008,
0xffffffff,
0x000000c6,
0x00000004,
0x00000004,
0x00000006,
0x000000c8,
0x00000004,
0x00000004,
0x00000002,
0x000000cc,
0x00000003,
0x00000004,
0x00000000,
0x000000d0,
0x00000003,
0x00000004,
0x00000000,
0x000000cc,
0x00000000,
0x00000003,
0x00000000,
0x000000d0,
0x00000000,
0x00000003,
0x00000000,
0x000000c4,
0x00000004,
0x00000004,
0x00000006,
0x0000008e,
0x00000005,
0x00000001,
0x00000000,
0x0000008f,
0x00000001,
0x00000001,
0x00000000,
0x0000032c,
0x00000000,
0x00000008,
0xffffffff,
0x000000c7,
0x00000000,
0x00000004,
0x00000006,
0x000000c9,
0x00000000,
0x00000004,
0x00000002,
0x000000cb,
0x00000003,
0x00000004,
0x00000000,
0x000000cf,
0x00000003,
0x00000004,
0x00000000,
0x000000cb,
0x00000000,
0x00000003,
0x00000000,
0x000000cf,
0x00000000,
0x00000003,
0x00000000,
0x000000c5,
0x00000000,
0x00000004,
0x00000006,
0x0000008e,
0x00000006,
0x00000001,
0x00000000,
0x0000008f,
0x00000002,
0x00000001,
0x00000000,
0x00000339,
0x00000000,
0x00000008,
0xffffffff,
0x000000c7,
0x00000004,
0x00000004,
0x00000006,
0x000000c9,
0x00000004,
0x00000004,
0x00000002,
0x000000cd,
0x00000003,
0x00000004,
0x00000000,
0x000000d1,
0x00000003,
0x00000004,
0x00000000,
0x000000cd,
0x00000000,
0x00000003,
0x00000000,
0x000000d1,
0x00000000,
0x00000003,
0x00000000,
0x000000c5,
0x00000004,
0x00000004,
0x00000006,
0x0000008e,
0x00000007,
0x00000001,
0x00000000,
0x0000008f,
0x00000003,
0x00000001,
0x00000000,
0x00000312,
0x00000000,
0x00000008,
0xffffffff,
0x000000c6,
0x00000000,
0x00000004,
0x00000006,
0x000000c8,
0x00000000,
0x00000004,
0x00000002,
0x000000ca,
0x00000003,
0x00000004,
0x00000000,
0x000000ce,
0x00000003,
0x00000004,
0x00000000,
0x000000ca,
0x00000000,
0x00000003,
0x00000000,
0x000000ce,
0x00000000,
0x00000003,
0x00000000,
0x00000029,
0x00000000,
0x00000008,
0x000000b1,
0x0000031f,
0x00000000,
0x00000008,
0xffffffff,
0x000000c6,
0x00000004,
0x00000004,
0x00000006,
0x000000c8,
0x00000004,
0x00000004,
0x00000002,
0x000000cc,
0x00000003,
0x00000004,
0x00000000,
0x000000d0,
0x00000003,
0x00000004,
0x00000000,
0x000000cc,
0x00000000,
0x00000003,
0x00000000,
0x000000d0,
0x00000000,
0x00000003,
0x00000000,
0x00000029,
0x00000000,
0x00000008,
0x000000b1,
0x0000032c,
0x00000000,
0x00000008,
0xffffffff,
0x000000c7,
0x00000000,
0x00000004,
0x00000006,
0x000000c9,
0x00000000,
0x00000004,
0x00000002,
0x000000cb,
0x00000003,
0x00000004,
0x00000000,
0x000000cf,
0x00000003,
0x00000004,
0x00000000,
0x000000cb,
0x00000000,
0x00000003,
0x00000000,
0x000000cf,
0x00000000,
0x00000003,
0x00000000,
0x00000029,
0x00000000,
0x00000008,
0x000000b1,
0x00000339,
0x00000000,
0x00000008,
0xffffffff,
0x000000c7,
0x00000004,
0x00000004,
0x00000006,
0x000000c9,
0x00000004,
0x00000004,
0x00000002,
0x000000cd,
0x00000003,
0x00000004,
0x00000000,
0x000000d1,
0x00000003,
0x00000004,
0x00000000,
0x000000cd,
0x00000000,
0x00000003,
0x00000000,
0x000000d1,
0x00000000,
0x00000003,
0x00000000,
0x00000029,
0x00000000,
0x00000008,
0x000000b1,
0x000000d2,
0x00000000,
0x00000004,
0x0000000d,
0x0000009a,
0x00000000,
0x00000003,
0x00000000,
0x000002bb,
0x00000000,
0x00000004,
0x00000000,
0x00000091,
0x00000000,
0x00000002,
0x00000001,
0x000000d2,
0x00000004,
0x00000004,
0x0000000d,
0x0000009a,
0x00000004,
0x00000003,
0x00000000,
0x000002bb,
0x00000004,
0x00000004,
0x00000000,
0x00000091,
0x00000002,
0x00000002,
0x00000001,
0x000000d3,
0x00000000,
0x00000004,
0x0000000d,
0x0000009b,
0x00000000,
0x00000003,
0x00000000,
0x000002bc,
0x00000000,
0x00000004,
0x00000000,
0x00000091,
0x00000004,
0x00000002,
0x00000001,
0x000000d3,
0x00000004,
0x00000004,
0x0000000d,
0x0000009b,
0x00000004,
0x00000003,
0x00000000,
0x000002bc,
0x00000004,
0x00000004,
0x00000000,
0x00000091,
0x00000006,
0x00000002,
0x00000001,
0x6f727245,
0x203a2072,
0x2055414d,
0x74697257,
0x65522f65,
0x6c206461,
0x6e657461,
0x312b7963,
0x6c697720,
0x766f206c,
0x6c667265,
0x000a776f,
0x30307830,
0x303d6330,
0x38302578,
0x202c786c,
0x31307830,
0x303d3834,
0x38302578,
0x000a786c,
0x36307830,
0x303d3834,
0x38302578,
0x202c786c,
0x31307830,
0x303d3834,
0x38302578,
0x000a786c,
0x203e2d2d,
0x45525652,
0x63732046,
0x53206e61,
0x74726174,
0x0d2e2e2e,
0x0a0d000a,
0x78257830,
0x3a64255b,
0x3d5d6425,
0x78257830,
0x25783020,
0x64255b78,
0x5d64253a,
0x2578303d,
0x78302078,
0x255b7825,
0x64253a64,
0x78303d5d,
0x0a0d7825,
0x74796200,
0x64252065,
0x4453500a,
0x322f3120,
0x61685020,
0x64206573,
0x79616c65,
0x25783020,
0x5b783330,
0x253a6425,
0x253d5d64,
0x09090964,
0x30257830,
0x255b7833,
0x64253a64,
0x000a0d5d,
0x65725609,
0x64412066,
0x73657264,
0x56090973,
0x09514444,
0x76322e31,
0x25200009,
0x00583230,
0x0d495520,
0x7830000a,
0x78333025,
0x3a64255b,
0x3d5d6425,
0x30257830,
0x255b7833,
0x64253a64,
0x78303d5d,
0x09097825,
0x08080009,
0x25200008,
0x00643230,
0x00303020,
0x00363120,
0x00232020,
0x004f2020,
0x005f2020,
0x002e2020,
0x25204c20,
0x25643230,
0x52200025,
0x32302520,
0x00252564,
0x203e2d2d,
0x45525652,
0x63732046,
0x46206e61,
0x0d4c4941,
0x2d2d000a,
0x5652203e,
0x20464552,
0x6e616373,
0x53415020,
0x000a0d53,
0x203e2d2d,
0x20444d43,
0x6e616373,
0x61745320,
0x2e2e7472,
0x000a0d2e,
0x43205432,
0x2020444d,
0x09202020,
0x25783009,
0x5b583330,
0x253a6425,
0x0a0d5d64,
0x5f534300,
0x54312031,
0x444d4320,
0x78300909,
0x58333025,
0x3a64255b,
0x0d5d6425,
0x5343000a,
0x3120305f,
0x4d432054,
0x30090944,
0x33302578,
0x64255b58,
0x5d64253a,
0x43000a0d,
0x20204b4c,
0x20202020,
0x09092020,
0x30257830,
0x0a0d5833,
0x20090900,
0x20202020,
0x09002020,
0x78300909,
0x58333025,
0x5d64255b,
0x2064253d,
0x20202020,
0x30202020,
0x33302578,
0x64255b58,
0x64253d5d,
0x20000a0d,
0x30257830,
0x255b5833,
0x253d5d64,
0x78302064,
0x58333025,
0x5d64255b,
0x2064253d,
0x20202000,
0x09202020,
0x30257830,
0x255b5833,
0x64253a64,
0x2020205d,
0x2d002020,
0x43203e2d,
0x7320444d,
0x206e6163,
0x4c494146,
0x2d000a0d,
0x43203e2d,
0x7320444d,
0x206e6163,
0x53534150,
0x48000a0d,
0x72657465,
0x6e65676f,
0x73756f65,
0x61726420,
0x000a0d6d,
0x53204c48,
0x0d504157,
0x7953000a,
0x6d657473,
0x64646120,
0x73736572,
0x30783020,
0x61747320,
0x31207472,
0x69622036,
0x72612074,
0x0a0d6165,
0x312b3200,
0x34000a0d,
0x0a0d322b,
0x342b3800,
0x34000a0d,
0x0a0d312b,
0x2b363100,
0x000a0d34,
0x382b3631,
0x63000a0d,
0x69666e6f,
0x6f6e2067,
0x75732074,
0x726f7070,
0x000a0d74,
0x20312b32,
0x3420726f,
0x202c312b,
0x0a0d7825,
0x342b3800,
0x20726f20,
0x342b3631,
0x7825202c,
0x20000a0d,
0x47420058,
0x72652030,
0x20726f72,
0x61746164,
0x2c782520,
0x726f6320,
0x74636572,
0x74616420,
0x78252061,
0x42000a0d,
0x70203047,
0x0d737361,
0x4742000a,
0x72652031,
0x20726f72,
0x61746164,
0x2c782520,
0x726f6320,
0x74636572,
0x74616420,
0x78252061,
0x42000a0d,
0x70203147,
0x0d737361,
0x4142000a,
0x72652030,
0x20726f72,
0x61746164,
0x2c782520,
0x726f6320,
0x74636572,
0x74616420,
0x78252061,
0x42000a0d,
0x70203041,
0x0d737361,
0x4142000a,
0x72652031,
0x20726f72,
0x61746164,
0x2c782520,
0x726f6320,
0x74636572,
0x74616420,
0x78252061,
0x42000a0d,
0x70203141,
0x0d737361,
0x2541000a,
0x72652064,
0x20726f72,
0x61746164,
0x2c782520,
0x726f6320,
0x74636572,
0x74616420,
0x78252061,
0x726f6628,
0x66657220,
0x6e657265,
0x77206563,
0x206e6568,
0x34726464,
0x62473820,
0x382c3878,
0x31786247,
0x6e612036,
0x64642064,
0x38203372,
0x38786247,
0x6247382c,
0x2c363178,
0x78624734,
0x0a0d2938,
0x64254100,
0x72726520,
0x6420726f,
0x20617461,
0x202c7825,
0x72726f63,
0x20746365,
0x61746164,
0x28782520,
0x20726f66,
0x65666572,
0x636e6572,
0x68772065,
0x64206e65,
0x20347264,
0x62473631,
0x312c3878,
0x78624736,
0x0d293631,
0x2541000a,
0x72652064,
0x20726f72,
0x61746164,
0x2c782520,
0x726f6320,
0x74636572,
0x74616420,
0x78252061,
0x41000a0d,
0x70206425,
0x28737361,
0x20726f66,
0x65666572,
0x636e6572,
0x68772065,
0x64206e65,
0x20347264,
0x78624738,
0x47382c38,
0x36317862,
0x646e6120,
0x72646420,
0x47382033,
0x2c387862,
0x78624738,
0x342c3631,
0x38786247,
0x000a0d29,
0x20642541,
0x73736170,
0x726f6628,
0x66657220,
0x6e657265,
0x77206563,
0x206e6568,
0x34726464,
0x47363120,
0x2c387862,
0x62473631,
0x29363178,
0x41000a0d,
0x70206425,
0x0d737361,
0x2d2d000a,
0x5144203e,
0x63732046,
0x53206e61,
0x74726174,
0x0d2e2e2e,
0x7677000a,
0x20666572,
0x78257830,
0x62000a0d,
0x20657479,
0x09096425,
0x09090909,
0x20514409,
0x73616850,
0x000a0d65,
0x20445350,
0x20382f31,
0x73616850,
0x65642065,
0x2079616c,
0x33257830,
0x64255b78,
0x5d64253a,
0x0964253d,
0x28205144,
0x33257830,
0x64255b78,
0x5d64253a,
0x00090929,
0x00782520,
0x09090a0d,
0x50090909,
0x28205144,
0x33257830,
0x64255b78,
0x5d64253a,
0x50000929,
0x44205144,
0x3020594c,
0x33302578,
0x78303d58,
0x58323025,
0x43200920,
0x20594c44,
0x30257830,
0x09205832,
0x4c444620,
0x78302059,
0x58323025,
0x20000a0d,
0x25783020,
0x5b783330,
0x253a6425,
0x303d5d64,
0x20782578,
0x30257830,
0x255b7833,
0x253d5d64,
0x78302064,
0x78333025,
0x5d64255b,
0x0964253d,
0x09643225,
0x2d000909,
0x44203e2d,
0x73204651,
0x206e6163,
0x4c494146,
0x2d000a0d,
0x44203e2d,
0x73204651,
0x206e6163,
0x53534150,
0x2d000a0d,
0x51203e2d,
0x204e4553,
0x6e616373,
0x61745320,
0x2e2e7472,
0x000a0d2e,
0x203e2d2d,
0x45525657,
0x63732046,
0x53206e61,
0x74726174,
0x0d2e2e2e,
0x2020000a,
0x30257830,
0x255b7833,
0x64253a64,
0x78303d5d,
0x25097825,
0x09096432,
0x00090909,
0x25783009,
0x5b783330,
0x253a6425,
0x253d5d64,
0x78302064,
0x78333025,
0x3a64255b,
0x3d5d6425,
0x30206425,
0x33302578,
0x64255b78,
0x5d64253a,
0x0964253d,
0x79620009,
0x25206574,
0x09090964,
0x09090909,
0x656e6946,
0x6e755420,
0x68502065,
0x28657361,
0x352e3232,
0x67656420,
0x29656572,
0x09000a0d,
0x30090909,
0x33302578,
0x64255b78,
0x5d64253a,
0x25200009,
0x30090058,
0x33302578,
0x64255b78,
0x5d64253a,
0x0964253d,
0x00090909,
0x203e2d2d,
0x4e455351,
0x61637320,
0x4146206e,
0x0a0d4c49,
0x3e2d2d00,
0x45535120,
0x6373204e,
0x50206e61,
0x0d535341,
0x4146000a,
0x21214c49,
0x000a0d21,
0x53534150,
0x0d212121,
0x0a0d000a,
0x465a4e55,
0x216c6961,
0x55504300,
0x30303131,
0x520a0020,
0x65676e61,
0x6e616353,
0x72657620,
0x25005b3a,
0x002d0064,
0x646e6152,
0x61506d6f,
0x72657474,
0x000a0d6e,
0x4d415244,
0x43532031,
0x0a0d4e41,
0x746f4e00,
0x70757320,
0x74726f70,
0x65766f20,
0x6f6c6372,
0x0a0d6b63,
0x65766f00,
0x6f6c6372,
0x74206b63,
0x3233206f,
0x0a0d3030,
0x5f717a00,
0x6d697274,
0x2578305b,
0x202c5d78,
0x5f6f646c,
0x6d697274,
0x2578305b,
0x0a0d5d78,
0x41524400,
0x005f314d,
0x34524444,
0x005f3278,
0x34524444,
0x005f3178,
0x33524444,
0x6425005f,
0x3631005f,
0x33005f62,
0x005f6232,
0x00204254,
0x20544255,
0x5f424600,
0x204e494d,
0x20424600,
0x696e6900,
0x7265765f,
0x7830203a,
0x78383025,
0x44000a0d,
0x0d454e4f,
0x003e000a,
0x20616d64,
0x20637373,
0x0a0d6425,
0x20617300,
0x2070616d,
0x31206f74,
0x74696236,
0x00000a0d,
0xf0d46b41,
0xf0d46b25,
0xf0d46b81,
0xf0d46bf9,
0xf0d46b65,
0xf0d46b49,
0x4a04b580,
0x6813af00,
0xd5fc069b,
0x60184b02,
0xbf00bd80,
0xf0110014,
0xf0110000,
0xaf00b580,
0x0000bd80,
0x4a04b580,
0x6813af00,
0xd5fc07db,
0x68184b02,
0xbd80b2c0,
0xf0111014,
0xf0111000,
0x4a04b580,
0x6813af00,
0xd5fc069b,
0x60184b02,
0xbf00bd80,
0xf0111014,
0xf0111000,
0x4a04b580,
0x6813af00,
0xd5fc07db,
0x68184b02,
0xbd80b2c0,
0xf0110014,
0xf0110000,
0x211a4a13,
0xaf00b580,
0xf0436813,
0x60130310,
0xf4236f53,
0x675323c0,
0x3280f502,
0x68133240,
0x6300f443,
0x4b0b6013,
0xf042781a,
0x701a0280,
0x70114a09,
0x71112100,
0xf002781a,
0x701a027f,
0xf042781a,
0x701a0203,
0xf8032207,
0xbd802c04,
0xf0010034,
0xf011100c,
0xf0111000,
0xaf00b580,
0xffcef7ff,
0x0000bd80,
0x22004b08,
0xaf00b580,
0x615a6959,
0x4906545a,
0x07d2780a,
0x4a05d5fc,
0xb2d27812,
0x69597002,
0xbd80545a,
0x010002d8,
0xf0110014,
0xf0110000,
0xb5804b05,
0x781baf00,
0x0301f013,
0x4b03d001,
0x7003781b,
0xbf00bd80,
0xf0110014,
0xf0110000,
0x22004b13,
0x4d13b5f0,
0xaf004e13,
0x615a6959,
0x695a545a,
0xd9002a13,
0x7829bdf0,
0xd5f907c9,
0x46047831,
0xf804b2c9,
0x29081b01,
0x5499695a,
0xb10ad104,
0x615a3a01,
0xe7ea4620,
0xd102290a,
0x70432300,
0x290dbdf0,
0x3201d0fa,
0xbf00e7f3,
0x010002d8,
0xf0110014,
0xf0110000,
0x4604b5b0,
0xaf001845,
0xd10042ac,
0x4620bdb0,
0xf7ff3401,
0xe7f7ff9f,
0xe92d4800,
0xe3500000,
0xe28db004,
0x0a000003,
0xe3500001,
0xe59f000c,
0x13a00000,
0xe8bd8800,
0xe59f0004,
0xe8bd8800,
0xf0d46b18,
0xf0d46b0c,
0x00000000,
0xb5b04b07,
0xb933af00,
0x682a4d06,
0x1e44b11a,
0x0f01f814,
0xbdb0b900,
0x685b682b,
0xe7f74798,
0x00000000,
0xf0d46cf8,
0xb5804b03,
0x6018af00,
0x6803b108,
0xbd804798,
0xf0d46cf8,
0xb5804b02,
0x6818af00,
0xbf00bd80,
0xf0d46cf8,
0x4604b598,
0xaf004803,
0xffd4f7ff,
0xf7ff4620,
0xbd98ffd1,
0x01000087,
0x4605b5b0,
0xaf004809,
0xf7ff460c,
0x4628ffc7,
0xffc4f7ff,
0xf7ff4806,
0x4620ffc1,
0xe9c0f000,
0xffbcf7ff,
0xf7ff4803,
0xbdb0ffb9,
0x01000087,
0x01000080,
0x01000084,
0x4ff8e92d,
0xf8df4606,
0xf8dfa05c,
0xaf00b05c,
0x46044688,
0x0308eb06,
0xd301429c,
0x8ff8e8bd,
0x1f25480e,
0xff9ef7ff,
0x090cf104,
0xf0004620,
0xf7ffe99c,
0x4650ff97,
0xff94f7ff,
0x0f04f855,
0xe992f000,
0xff8ef7ff,
0xf7ff4658,
0x454dff8b,
0x4803d1f4,
0xf7ff3410,
0xe7dbff85,
0x01000081,
0x01000084,
0x0100008a,
0x0100008d,
0x00f00000,
0xe92d4800,
0xe28db004,
0xeb000091,
0xe8bd8800,
0xe59f300c,
0xe92d4800,
0xe28db004,
0xe5830000,
0xe8bd8800,
0xf0d46e04,
0xe59f300c,
0xe92d4800,
0xe28db004,
0xe5930000,
0xe8bd8800,
0xf0d46e04,
0xe59f3020,
0xe92d4800,
0xe28db004,
0xe5932080,
0xe3520000,
0x05930084,
0x016f0f10,
0x01a002a0,
0x13a00000,
0xe8bd8800,
0xf0050000,
0xe92d4800,
0xe30a3a55,
0xe1d003b0,
0xe28db004,
0xe0400003,
0xe16f0f10,
0xe1a002a0,
0xe8bd8800,
0xf022b580,
0x38040203,
0x440aaf00,
0xd1004291,
0xf851bd80,
0xf8403b04,
0xe7f73f04,
0x4604b5b0,
0xaf00460d,
0xfa36f000,
0xf6474b1a,
0x601a7224,
0x60144a19,
0x681a6055,
0x0201f042,
0x681a601a,
0x07d2681a,
0x086bd4fc,
0x1e594a14,
0x68124359,
0xeb010849,
0xb2894112,
0x4811b1b9,
0xfaa5f000,
0x48104621,
0xfaa1f000,
0x480f4629,
0xfa9df000,
0x68134a0e,
0x0301f043,
0x4b0d6013,
0x601a4a0d,
0x68193a01,
0x601a430a,
0x4b0be7fe,
0x601a2203,
0xbf00bdb0,
0xf0188060,
0xf0188064,
0xf018806c,
0xf0d46fe4,
0xf0d46ff6,
0xf0d46fff,
0xf0230070,
0xf0240000,
0x5a960002,
0xf01880a0,
0xf06f4b09,
0xb5800203,
0xaf004401,
0xf04f601a,
0x4a0633ff,
0x60536013,
0x22016093,
0x60184b04,
0xf8436059,
0xbd802c10,
0xf0180090,
0xf0180094,
0xf0180070,
0x22014b04,
0xaf00b580,
0x2200601a,
0x2c08f843,
0xbf00bd80,
0xf0180068,
0xb5804b06,
0x6818af00,
0x0001f010,
0x6859d005,
0xb2c94803,
0xfa45f000,
0xbd802001,
0xf0180068,
0xf0d47008,
0xe59f3018,
0xe92d4800,
0xe28db004,
0xe5933000,
0xe3130d06,
0x03a00001,
0x13a00000,
0xe8bd8800,
0xf0010000,
0x63656863,
0x6d75736b,
0x766e6920,
0x64696c61,
0x7766003d,
0x64646120,
0x66003d72,
0x69732077,
0x003d657a,
0x4d415244,
0x6f727020,
0x74636574,
0x74206465,
0x67676972,
0x2c647265,
0x00484320,
0xe2523020,
0xe262c020,
0x41a00230,
0x51a00331,
0x41800c11,
0xe1a01231,
0xe12fff1e,
0xe2523020,
0xe262c020,
0x41a01211,
0x51a01310,
0x41811c30,
0xe1a00210,
0xe12fff1e,
0xe59f3030,
0xe59f2030,
0xe00330a0,
0xe0400003,
0xe0003002,
0xe0020120,
0xe0833000,
0xe59f001c,
0xe0833223,
0xe0000003,
0xe0800400,
0xe0800800,
0xe1a00c20,
0xe12fff1e,
0x55555555,
0x33333333,
0x0f0f0f0f,
0x07824b0c,
0xaf00b580,
0xd503681b,
0x6380f443,
0x0304f043,
0xd5030741,
0x5380f443,
0x0310f043,
0xd5030702,
0x4380f443,
0x0340f043,
0x20004a01,
0xbd806013,
0xffe41004,
0xaf00b580,
0x0f50ee39,
0x6001f3c0,
0xb580bd80,
0xee10af00,
0xf0000fb0,
0xbd800003,
0x00000000,
0xe51ff004,
0x01000001,
0xe51ff004,
0x01000021,
0xb5804b09,
0xaf004909,
0x69da4809,
0xf1011a52,
0xf7ff4171,
0xf000febb,
0xf000f875,
0x4805f901,
0xf984f000,
0xbd802000,
0xf0d40000,
0x0000a518,
0x01000000,
0x01000090,
0xb5904913,
0x680baf00,
0xf0130c1b,
0xd11d0001,
0x0207f003,
0xd11a2a02,
0x69a24c0e,
0x0001f012,
0xf013d015,
0xd0120008,
0xf4424b0b,
0x68187280,
0x0020f040,
0x68086018,
0x2000f420,
0x20016008,
0xf0416819,
0x60190104,
0xbd9061a2,
0xbd902000,
0xf0a50004,
0xf0d40070,
0xf0a50010,
0xb5804b05,
0x699baf00,
0xd50305da,
0x68134a03,
0xd4fc075b,
0xbf00bd80,
0xf0d40070,
0xf0a50010,
0xb5804b0b,
0x681baf00,
0xf0130c1b,
0xd10c0001,
0x0307f003,
0xd1092b02,
0x20014b06,
0xf240699a,
0x43931301,
0x2000bf18,
0x2000bd80,
0xbf00bd80,
0xf0a50004,
0xf0d40070,
0xb5804b04,
0x6819af00,
0x1a52681a,
0xd3fb4282,
0xbf00bd80,
0xf0100108,
0x2300b580,
0xee07af00,
0xee073f15,
0xf3bf3fd5,
0xf3bf8f4f,
0xbd808f6f,
0xaf00b5f0,
0x2802b158,
0x4b16d11f,
0x2300681a,
0x08524614,
0x2a013301,
0x4a13d8fb,
0x4b13e008,
0x4603681a,
0x08524614,
0x2a013301,
0x4a10d8fb,
0x0320f1c3,
0xc000f8d2,
0xfa022201,
0x2200f303,
0xdb0342a2,
0xf3bfb109,
0xbdf08f4f,
0x25004606,
0xdb024565,
0x44183201,
0x3640e7f2,
0x6f56ee07,
0xe7f53501,
0xf0d40f70,
0xf0d40f6c,
0xf0d40f78,
0xf0d40f74,
0x2100b580,
0xaf004608,
0xffc0f7ff,
0x20022100,
0xffbcf7ff,
0x8f4ff3bf,
0xb5f0bd80,
0xb158af00,
0xd11f2802,
0x681a4b16,
0x46142300,
0x33010852,
0xd8fb2a01,
0xe0084a13,
0x681a4b13,
0x46144603,
0x33010852,
0xd8fb2a01,
0xf1c34a10,
0xf8d20320,
0x2201c000,
0xf303fa02,
0x42a22200,
0xb109db03,
0x8f4ff3bf,
0x4606bdf0,
0x45652500,
0x3201db02,
0xe7f24418,
0xee073640,
0x35016f5e,
0xbf00e7f5,
0xf0d40f70,
0xf0d40f6c,
0xf0d40f78,
0xf0d40f74,
0x2100b580,
0xaf004608,
0xffbff7ff,
0x20022100,
0xffbbf7ff,
0x8f4ff3bf,
0xbf00bd80,
0x47f0e92d,
0x2a00af00,
0xf890d046,
0x2600e000,
0x5cc52301,
0x45ae1c5c,
0x5d05d13a,
0x0904eb00,
0xf801b945,
0x3302e006,
0x42933601,
0x4630d3f1,
0x87f0e8bd,
0xf04f464d,
0xf8150c00,
0xf0088b01,
0xf018037f,
0xea430f80,
0xeba51ccc,
0xd1f40309,
0x24004423,
0x0903eb00,
0xf815464d,
0xf0088b01,
0xf0180a7f,
0xea4a0f80,
0xeba514c4,
0xd1f40a09,
0x0806eb01,
0x46454453,
0xeba54264,
0x45cc0908,
0x4466d801,
0xf815e7d1,
0xf8059004,
0xe7f49b01,
0x4623558d,
0xe7c83601,
0xe8bd4610,
0xb59087f0,
0xaf006842,
0x20006804,
0x08524603,
0xd1014293,
0xbd90b280,
0x1013f834,
0x33014419,
0xe7f54408,
0x4a04b580,
0x7813af00,
0xd5fc069b,
0x70184b02,
0xbf00bd80,
0xf0110014,
0xf0110000,
0x1e41b580,
0xf811af00,
0xb9000f01,
0xf7ffbd80,
0xe7f8ffe9,
0xaf00b580,
0xfc60f7ff,
0xb598bd80,
0xaf00460c,
0xfc5af7ff,
0xf7ff4805,
0x4620fc57,
0xe80af000,
0xfc52f7ff,
0xf7ff4802,
0xbd98fc4f,
0x01000080,
0x01000084,
0xe51ff004,
0x01000021,
0x314c4342,
0x09000000,
0x541c0100,
0x87740000,
0xf8e92d86,
0x0d460443,
0x2caf0046,
0x6a469021,
0x03461e22,
0x80f8f6f0,
0x20212b22,
0xf1f00346,
0x2c22eaf8,
0xec0a0586,
0x07866af8,
0x00f8e70a,
0xe20a0786,
0x078600f8,
0x69f8dd28,
0xd8140786,
0xd33c0986,
0x0786e9f8,
0x0986ce14,
0x0986c93c,
0x0986c43c,
0xc8f8bf3c,
0xb5f54720,
0xdef895f8,
0x00228030,
0xc8140586,
0x422101f8,
0x0a048622,
0x68abf8b0,
0xd5060119,
0x081e0486,
0xb91e0786,
0x212380f8,
0x86461a21,
0xf8b30c04,
0xf2402380,
0x0e078653,
0x2300f8ac,
0x86692280,
0xf8a62605,
0x86692380,
0xf8a01807,
0x20dff895,
0x1805860d,
0xf895f887,
0x860e20e0,
0xf8810c05,
0x30e1f895,
0x860f2207,
0xf88d0e05,
0x20e2f895,
0x0c058610,
0xf895f874,
0x861120e3,
0xf86e0c05,
0x30e4f895,
0x86122207,
0x867a0e05,
0x86f00e05,
0xf8730e07,
0x30e5f895,
0x4620221f,
0xf0032113,
0xf8b5f86c,
0x4aad00e6,
0xf4202300,
0xf0206078,
0x4691000b,
0x0cc004c0,
0x1033f852,
0x0cc3ea4f,
0xf0404288,
0x4462812c,
0x3a036852,
0xeb092300,
0x684901c3,
0xf040428a,
0xf859812b,
0xf8959033,
0x211520e6,
0xf0224620,
0xea420274,
0xb2d20209,
0xf830f003,
0x20e7f895,
0x16058616,
0xea420210,
0x04862219,
0x95f82516,
0x1720e8f8,
0x02810586,
0xf895f81f,
0x861820e9,
0xf8190c05,
0x20eaf895,
0x0c058619,
0xf895f813,
0x861a20eb,
0xf80d0c05,
0x20ecf895,
0x0c05861b,
0xf895f807,
0x861c20ed,
0xf8010c05,
0x011a68ab,
0xf895d524,
0x216020ee,
0xf0024620,
0xf895fff8,
0x866120ef,
0xfff20c05,
0x20f0f895,
0x0c058662,
0xf895ffec,
0x866320f1,
0x02ef0c05,
0xffe4f002,
0x86644632,
0xffdf0e05,
0x20f3f895,
0x0c058665,
0xf895ffd9,
0x223f30f4,
0x0e058601,
0xf895ffe5,
0x220f30f5,
0x0e058602,
0xf895ffde,
0x220f30f6,
0x0e058604,
0xf895ffd7,
0x220f30f7,
0x0e058605,
0xf895ffd0,
0x221f30f8,
0x0e058606,
0xf895ffc9,
0x220f30f9,
0x0e058607,
0xf895ffc2,
0x223f30fa,
0x0e058609,
0xf640ffbb,
0x4598236a,
0x809bf300,
0x30fbf895,
0xb2db3b03,
0x860a223f,
0xffad1c05,
0xfe760586,
0x30fcf895,
0x860b221f,
0xffa31405,
0x20fdf895,
0x0c058620,
0xf895ff8a,
0x220f30fe,
0x0e058621,
0xf895ff96,
0x862220ff,
0xff7d0c05,
0x3100f895,
0x2123223f,
0x46203b01,
0xf002b2db,
0xf895ff87,
0x86272101,
0xff6e1e05,
0x3102f895,
0x86282207,
0xff7a0e05,
0x3103f895,
0x862d220f,
0x86730e05,
0x86700e05,
0xff6c0e07,
0x22402300,
0x04864619,
0x40ff660c,
0x05860023,
0xf0020085,
0xf44fff60,
0xf546707a,
0x2340ff42,
0x1407863d,
0x0686ffa2,
0xf0020286,
0x860bff3e,
0x02168605,
0x8bff39f0,
0x340a0786,
0x860686ff,
0x2ff0022a,
0x46200aff,
0xabff25f5,
0x0b011b68,
0x404632d5,
0x05868ef2,
0x32ff2318,
0x27f44f46,
0x0c048671,
0xe8bdff1d,
0x330183f8,
0xf47f2b17,
0x480eaec9,
0xf8e5f003,
0xe6cc2200,
0xcb120686,
0x4f480bae,
0x030900f0,
0xccf8daf0,
0x75f640e6,
0x03459833,
0xfbf895dc,
0x5f3b0530,
0x48f5b8e7,
0x62f73f6f,
0x80e757af,
0x38f1002e,
0x46f1002f,
0xf8f1002f,
0x880886b5,
0x6a461616,
0xecf00222,
0x870686fe,
0xe7f00258,
0x880686fe,
0xe2f00214,
0x870686fe,
0xddf00258,
0x810886fe,
0x86fed82e,
0xd3568108,
0x880686fe,
0xcef00214,
0xc93c0986,
0x880686fe,
0xc4f00214,
0xbf3c0986,
0xba3c0986,
0xb53c0986,
0x4620c8fe,
0x86feabf5,
0x0214880a,
0x20febef0,
0x01224246,
0xa6f00221,
0x1868abfe,
0x14880d86,
0xfeaff002,
0x14880886,
0xfea9f002,
0x14880a86,
0xfea2f002,
0x14880886,
0xfe9cf002,
0x14880886,
0xfe96f002,
0x14880886,
0xfe7df002,
0x14880886,
0xfe77f002,
0x14880a86,
0xfe83f002,
0x14880886,
0xfe6af002,
0x14880886,
0xfe64f002,
0x14880a86,
0x8670f002,
0x06860e05,
0xf0021488,
0x0686fe69,
0x86131488,
0xfe620e05,
0x58870886,
0xfe49f002,
0x4e870886,
0xfe43f002,
0x44870886,
0xfe3df002,
0x44870886,
0xfe37f002,
0x44870886,
0xfe31f002,
0x44870886,
0xfe2bf002,
0x44870886,
0xfe25f002,
0xf895211c,
0x048620ed,
0xabfe1f0c,
0x22011968,
0x44870b86,
0x0a86fe16,
0xfe104487,
0x44870a86,
0x0a86fe0a,
0xfe044487,
0x40870886,
0x0a86fdff,
0xfdf94087,
0x40870c86,
0x0c86fe05,
0xfdfe4087,
0x40870c86,
0x0c86fdf7,
0xfdf04087,
0x40870c86,
0x0c86fde9,
0xfde24087,
0x40870c86,
0xf895fddb,
0x088630fb,
0xfdd43287,
0x0c060486,
0x870c86fd,
0x86fdca32,
0xb132870a,
0x870c86fd,
0x86fdbd32,
0xa432870a,
0x870886fd,
0x0e048632,
0x0a86fdb0,
0xfd972e87,
0x2e870c86,
0x0c86fda3,
0x869c2e87,
0x08860e05,
0xfd952e87,
0x2e870a86,
0x0a86fd8f,
0xfd892e87,
0x2e870686,
0x0a86fd6b,
0xfdcb2e87,
0x1c850886,
0x0886fd67,
0xfd622e87,
0x2e870886,
0x0886fd5d,
0xfd584485,
0xf546200a,
0x68abfd4e,
0x870d861a,
0x86fd4c2e,
0x462e870a,
0x1b68abfd,
0x40850586,
0x22023105,
0x20058666,
0xbdf8fd4f,
0x41f0e92d,
0x4604460e,
0xbba0af00,
0x4a1c4b1b,
0x681b491c,
0x68086812,
0xea400400,
0x43182002,
0x43582360,
0x3300f44f,
0xf0f3fb90,
0xfdeef006,
0x02ad4605,
0xf0454620,
0xf0020880,
0x4643fc62,
0x46202206,
0xf0044611,
0x2001f9d6,
0xfd0cf546,
0x0306ea48,
0xcc140886,
0x0a0486f9,
0x0306ea45,
0xc50e0486,
0x740486f9,
0xe8bdfc40,
0x200081f0,
0xbf00e7d2,
0xf0234420,
0xf0234424,
0xf0234428,
0x22f0b580,
0x1149f240,
0x2001af00,
0xfceff002,
0x4b0e0486,
0x0c048611,
0x22f0fce9,
0x71a5f44f,
0xe30c0486,
0xa60c0586,
0xdd0c0586,
0x402200fc,
0x058629f2,
0x00fcd724,
0x95f44f22,
0xd1180586,
0x2b180586,
0xcb180586,
0x250c0586,
0xc50c0586,
0x022300fc,
0x8621e122,
0xfcd20c04,
0x23002201,
0x21e14610,
0x86ccf002,
0x86e31805,
0x86c61805,
0x21e31807,
0xfcc0f002,
0x22402300,
0x180586e5,
0x2300fcba,
0x0c078620,
0x300586b4,
0x0c0586d8,
0x300786ae,
0xf00221d8,
0x2300fca8,
0x86d72280,
0x86a21805,
0x06863c05,
0x05869c0c,
0x0c06863c,
0x24058696,
0x0c0586be,
0x48058690,
0x8a180686,
0x004b01fc,
0x80601a22,
0x030100bd,
0xf0e92df0,
0x0d46044f,
0x06b08f46,
0xf2f891af,
0xfa60ba80,
0x40607b6c,
0x9a236af6,
0x2df04f42,
0x32bfd803,
0x0060fb23,
0x3b613b23,
0x3b330169,
0x90f8d561,
0x40f3c330,
0x9ab2de23,
0x1368ab46,
0x015380f0,
0x4f856ff0,
0x000b02f0,
0x6ef0412e,
0x7b230185,
0xe1230361,
0x56840786,
0x2303fc54,
0x0c0786e3,
0x2360fc4e,
0x461a4620,
0xf00221e5,
0x68abfc48,
0xf14000d8,
0x2e008084,
0x8557f001,
0xf0024879,
0x86fcfdfc,
0x86168305,
0xfc008805,
0x4b0c0486,
0x1f0c0586,
0x058630fc,
0x04861483,
0x0586190c,
0x0586a60c,
0x0786130c,
0x04861483,
0x07860d0c,
0x04861483,
0x0786070c,
0x04861483,
0x0586010c,
0x05869618,
0x02fbfb18,
0x18810986,
0x8601fc08,
0xfc020c09,
0x81098602,
0x01fbfc24,
0xf60c0986,
0xe52340fb,
0xf00c0786,
0x098620fb,
0x02fbea0c,
0x0786d823,
0x01fbe40c,
0xde0c0986,
0xd72380fb,
0xd80c0786,
0x058640fb,
0x04861483,
0x20fbd20c,
0xcc180986,
0xbe2380fb,
0xc60c0786,
0x098602fb,
0x80fbc018,
0x07863123,
0x00fbba0c,
0x31224f23,
0xb43c0586,
0xff2300fb,
0x05863222,
0x0586ae0c,
0x0586330c,
0x0586a80c,
0x0586340c,
0x00fba20c,
0x35221f23,
0x00880686,
0x36180586,
0x00900686,
0x370c0586,
0x900c0586,
0x380c0586,
0x26900686,
0x390c0586,
0x840c0586,
0x0f2300fb,
0x05863a22,
0x00fb7e0c,
0xd5223f23,
0x780c0586,
0x3f2310fb,
0x0586d622,
0x0afb720c,
0x55f54620,
0x072306fb,
0x14f44f22,
0x4c820586,
0x2300fb68,
0x88078610,
0x40fb625a,
0x07860123,
0xfb5c3c81,
0x06866cfa,
0x68bb3c84,
0x030ff003,
0x84e1f341,
0xf3012b01,
0x230084d2,
0x2f5ae001,
0x2230f100,
0x560586bf,
0x2300fb47,
0x86bd2201,
0x86410c05,
0x3b16820b,
0xa0f895fb,
0xbc220c30,
0x26900686,
0x672288fb,
0x1c0a0586,
0x68224afb,
0x170a0586,
0x10810586,
0x2301fb0d,
0x340786bd,
0xf44ffb21,
0xf54670fa,
0x8680fb03,
0x63508909,
0x04210cfb,
0x0a048622,
0x68abfe27,
0x4620687a,
0xbf480119,
0xbf582104,
0xf0022103,
0x8f098682,
0x86faf032,
0xeb6e8908,
0x890886fa,
0x86fae66e,
0xe10c8a08,
0x890886fa,
0x95fadc78,
0x8030f7f8,
0x108c0786,
0x86fffae8,
0xcf2c8509,
0x860c0586,
0xc92c8506,
0xa1f895fa,
0x85088620,
0x95fac22e,
0x8620a2f8,
0xbb308508,
0x062380fa,
0x1e810786,
0xf895fac8,
0x227f30a3,
0x86a3f44f,
0xfac01c05,
0x30a4f895,
0xf240227f,
0x48058617,
0xf895fab8,
0x100586a5,
0x10058613,
0xf895fab0,
0x227f30a6,
0x7e0586f4,
0xf895faa9,
0x1e0586a7,
0x1e058601,
0xf895faa1,
0x100586a8,
0x10058645,
0xf895fa99,
0x227f30a9,
0x2e0586ef,
0xf895fa92,
0x227f30aa,
0x0e0586f5,
0xf895fa8b,
0x220730ab,
0x860ff240,
0xfa832c05,
0x30acf895,
0xf44f2207,
0x81058681,
0x95fa7b0a,
0x7030adf8,
0x83f44f22,
0x73100586,
0xaef895fa,
0x40227030,
0x058621f2,
0x95fa6b30,
0x0730aff8,
0x0686ee22,
0x95fa2690,
0x0586b0f8,
0x05869d2e,
0x00fa5c2e,
0x5c048623,
0x2c058611,
0x0e058655,
0x8682f44f,
0x864e1c05,
0x86850e07,
0xfa470e05,
0x04862300,
0x05861956,
0x0586402a,
0x84f44f0e,
0x391c0586,
0xb1f895fa,
0x14810586,
0x31100686,
0xb2f895fa,
0xe7227030,
0x2a740586,
0xb3f895fa,
0xec220730,
0x26940686,
0xb4f895fa,
0x4022e030,
0x058603f2,
0x95fa1b4a,
0x0586b5f8,
0x0686913c,
0x95fa2688,
0x0730b6f8,
0x0586f322,
0x00fa0c2e,
0xed22e023,
0x060c0586,
0xf7740586,
0x000c0586,
0x00810786,
0x34058687,
0x0686f9f9,
0x86922a81,
0xf9f20e05,
0x2a810686,
0x60058647,
0xf895f9eb,
0x220f310a,
0x863bf240,
0xf9e31005,
0x310bf895,
0xf44f22f0,
0x2e058690,
0xf895f9db,
0x048630b5,
0x81068610,
0x95f9d300,
0x05860cf8,
0x0586a220,
0x95f9cb10,
0x058608f8,
0x05868e10,
0x95f9c310,
0x0f30b0f8,
0x42820986,
0xf895f9bb,
0x220f30b7,
0x880686f2,
0xf895f900,
0x048630b8,
0x05861b6e,
0x95f9ac6e,
0x0f30b9f8,
0x0586e822,
0x95f9a51e,
0x0586baf8,
0x05868d3c,
0x95f99d3c,
0x0586bbf8,
0x05868910,
0x95f99510,
0xf030bcf8,
0x4df24022,
0x8d3e0586,
0xbdf895f9,
0x1c810586,
0x200586a7,
0xf895f985,
0x0486310d,
0x05860520,
0x95f97d20,
0x05860ef8,
0x06861c81,
0xf9752483,
0x86c2f895,
0x86414005,
0x866d2005,
0x864c8105,
0x06866004,
0xf9654c81,
0x8607f895,
0x430c8205,
0x5d200586,
0x0ff895f9,
0x07500586,
0x00840686,
0xbef895f9,
0xf0220f30,
0x2e810586,
0xf895f94e,
0x810586bf,
0x0586154c,
0x95f9461e,
0x0586c0f8,
0x86800e81,
0xf93e4e05,
0x86c1f895,
0x06861005,
0x86363084,
0x04867e05,
0x7e068630,
0x6e05862e,
0x865e0486,
0x86266e06,
0x861c8205,
0x06861004,
0xf91e1c82,
0x86abf895,
0x06861005,
0x86165a85,
0x0f6a8205,
0x6a820986,
0x8205860e,
0x6004861e,
0x1e820686,
0xf895f906,
0x22f03109,
0x940686ea,
0xf895f826,
0x840586c3,
0x0586a138,
0x95f8f71e,
0x0586baf8,
0x06865a85,
0xf8ef5c82,
0x86aef895,
0x86388605,
0xe7088606,
0xacf895f8,
0x86200586,
0xdf388606,
0xc4f895f8,
0xf1220730,
0x26980686,
0xc5f895f8,
0x4f22e030,
0x05869cf4,
0x95f8d01e,
0x0586c6f8,
0x05868c5e,
0x95f8c810,
0x0586c7f8,
0x0586394e,
0x0586c04e,
0x09867010,
0x95f8b810,
0x0586c8f8,
0x0586a45e,
0x86f8b030,
0x867e8a06,
0xa9208506,
0x058660f8,
0x86091285,
0x86a22c05,
0x86e00e05,
0x86008c06,
0x06862805,
0x0786960c,
0x05860b26,
0x07868f26,
0x87068642,
0x11f88856,
0x0686db22,
0x11f85a97,
0x0586dc22,
0x86f86b0a,
0x263c8b10,
0x012b0182,
0x008204f3,
0xd822fc23,
0x009c0686,
0x0f2300f8,
0x0586d922,
0x95f8660c,
0xc120c9f8,
0x4d0c0586,
0xdb682bf8,
0x04d51a01,
0x07866623,
0x86576289,
0x5238a105,
0x500e0786,
0x510e0586,
0x490e0786,
0x0b8640f8,
0x95f8421c,
0xc220caf8,
0x29480586,
0x300c0486,
0x21712240,
0x030ff003,
0x3b064620,
0xbf882b05,
0xbf982340,
0xf0022300,
0x1e05862d,
0x21712280,
0x091b4620,
0x801c0686,
0x1f1c0786,
0xcbf895f8,
0xc3220f30,
0x18480586,
0x400e0586,
0x15867022,
0x60f80948,
0x07860723,
0x95f8037e,
0xc420ccf8,
0x01462021,
0x95ffeaf0,
0xc520cdf8,
0xe40c0586,
0xccf895ff,
0x3e048630,
0x413c0486,
0x1081a4f2,
0x05868e23,
0xe9f00134,
0x012301ff,
0x05868f22,
0x0586e328,
0x81068628,
0x9af2410e,
0x09862081,
0x02ffd626,
0x07860223,
0x0486d026,
0x4e0b865a,
0x8640818f,
0xffc22809,
0x86042304,
0x86bc2807,
0x08862805,
0x8081854e,
0xaf260986,
0x082308ff,
0xa9260786,
0xcef895ff,
0x0586c620,
0x95ff900c,
0xc720cff8,
0x8a0c0586,
0xd0f895ff,
0x0586c820,
0x95ff840c,
0xc920d1f8,
0x7e0c0586,
0xca2200ff,
0x790a0586,
0xcb2200ff,
0x740a0586,
0xcc2200ff,
0x6f0a0586,
0xcd2200ff,
0x6a0a0586,
0xce2200ff,
0x650a0586,
0xcf2200ff,
0x600a0586,
0xd02200ff,
0x5b0a0586,
0xd12200ff,
0x560a0586,
0x40230fff,
0x86115ff2,
0x621a8106,
0x650e0586,
0x5b0e0786,
0xd2f895ff,
0x61f24020,
0x0e048611,
0xf895ff41,
0xf44f20d3,
0x048671b1,
0x95ff3a0e,
0x4020d4f8,
0x058663f2,
0x95ff331c,
0x4f20d5f8,
0x0586b2f4,
0xf0ff2c1c,
0x05869e22,
0x95ff275e,
0x9220d6f8,
0x210c0586,
0xd7f895ff,
0x05869320,
0x95ff1b0c,
0x4020d8f8,
0x0586bbf2,
0x95ff140e,
0x4f20d9f8,
0x05862ff4,
0x60ff0d3e,
0x07869423,
0xff1a2a82,
0x86d423c0,
0x04860c07,
0x9120db26,
0xfb320586,
0xdcf895fe,
0x0586d220,
0x95fef50c,
0xd320ddf8,
0xef0c0586,
0x810586fe,
0x9e05861c,
0x05863146,
0x0afef912,
0xdcf54520,
0xe62308fe,
0xf0480786,
0xd3120586,
0x1368abfe,
0x016300f0,
0x0080c1f0,
0x0c220423,
0x74860686,
0x098601ff,
0x02ff960c,
0x900c0986,
0x930886ff,
0xd0f00154,
0xb3400586,
0x082300fe,
0x0586e622,
0x0586c764,
0xaefeaa12,
0x00f01668,
0x01d17566,
0x14f44f23,
0x2e068671,
0x1c0586b9,
0x8606fe9c,
0xfeaf140b,
0x46312310,
0xa90c0686,
0xa30c0b86,
0x920886fe,
0x9df0017e,
0x864633fe,
0x01549206,
0x86fe97f0,
0x01549208,
0x86fe91f0,
0x0154920a,
0x86fe8af0,
0x01549206,
0x86fe72f0,
0x01549206,
0x05866df0,
0x86fe6372,
0x01549208,
0x4ffe77f0,
0x4570faf4,
0x33fe59f5,
0x05861046,
0x0886229e,
0x10fe5026,
0x07860223,
0x05866426,
0xfd9c3c82,
0x78920886,
0xfea7f001,
0x82078603,
0x31f96b00,
0x62860586,
0x0686feac,
0xfea86e9e,
0x689e0686,
0x820b86a4,
0x0586446a,
0x0b862752,
0x863b6a82,
0xfe1e1205,
0x3106f895,
0xf44f2240,
0x83058622,
0x05863060,
0x09861010,
0x05862810,
0x09862010,
0xd5fe2010,
0x40309cf8,
0x8af24022,
0x03f00321,
0x01462003,
0x40bf082b,
0x00bf1823,
0x11f00123,
0x0c2e0586,
0x092e0986,
0x1e68abfe,
0x86d40f01,
0xfdfe540e,
0x86daf895,
0x26148b05,
0x10048641,
0x0486fdf6,
0x0ff00354,
0x402b0103,
0xfb87d7f0,
0xaaf00148,
0x4f2208ff,
0x866184f4,
0xfdd32004,
0xf2402220,
0x2c058621,
0x0486fdcd,
0x0586227c,
0x02fdc70c,
0x23f24022,
0xc10c0586,
0x402253fd,
0x058624f2,
0x16fdbb0c,
0x25f24022,
0xb50c0586,
0x1968abfd,
0x24f14101,
0xfa464380,
0x2046296c,
0xaaf7fe46,
0x98f8d5fc,
0x4007da30,
0xe1832ef1,
0x74f00148,
0x34f895ff,
0x40227f31,
0x058675f2,
0xfdae3086,
0x3135f895,
0xf44f227f,
0x810586bb,
0x95fda630,
0x058636f8,
0x05867720,
0x95fd9e20,
0x058637f8,
0x0586bc20,
0x95fd9620,
0x058638f8,
0x05867920,
0x95fd8e20,
0x058639f8,
0x0586bd20,
0xfd008620,
0x863af895,
0x867b2005,
0xfd7e2005,
0x863bf895,
0x86be2005,
0xfd762005,
0x863cf895,
0x867d2005,
0xfd6e2005,
0x863df895,
0x86871005,
0xfd661005,
0x863ef895,
0x86c43005,
0xfd5e3005,
0x863ff895,
0x86892005,
0xfd562005,
0x8640f895,
0x86c52005,
0xfd4e2005,
0x8641f895,
0x868b2005,
0xfd462005,
0x8642f895,
0x86c62005,
0xfd3e2005,
0x8643f895,
0x868d2005,
0xfd362005,
0x8644f895,
0x86c72005,
0xfd2e2005,
0x8645f895,
0x868f2005,
0xfd262005,
0x8646f895,
0x86991005,
0xfd1e1005,
0x8647f895,
0x86cd3005,
0xfd163005,
0x8648f895,
0x869b2005,
0xfd0e2005,
0x8649f895,
0x86ce2005,
0xfd062005,
0x864af895,
0x869d2005,
0xfcfe2005,
0x864bf895,
0x86cf2005,
0xfcf62005,
0x864cf895,
0x869f2005,
0xfcee2005,
0x864df895,
0x86d02005,
0xfce62005,
0x864ef895,
0x86a12005,
0xfcde2005,
0x864ff895,
0x86ab1005,
0xfcd61005,
0x8650f895,
0x86d63005,
0xfcce3005,
0x8651f895,
0x86ad2005,
0xfcc62005,
0x8652f895,
0x86d72005,
0xfcbe2005,
0x8653f895,
0x86af2005,
0xfcb62005,
0x8654f895,
0x86d82005,
0xfcae2005,
0x8655f895,
0x86b12005,
0xfca62005,
0x8656f895,
0x86d92005,
0xfc9e2005,
0x8657f895,
0x86b32005,
0xfc962005,
0xf24023f0,
0x8b07865d,
0xf0fc8f18,
0xdaf44f23,
0x4e880786,
0x2310fc88,
0x86dbf44f,
0xfc810e07,
0x22102300,
0x86100486,
0xfc7a0e04,
0x1c0b8620,
0xa0058673,
0x1c088652,
0x8640fc6c,
0x86651c0b,
0x867aa005,
0xfc5e1c08,
0x1c0b8680,
0xa0058657,
0x1c08867e,
0x2301fc50,
0x86b7f240,
0x490c8107,
0x012300fc,
0x10048622,
0x420e0486,
0x0b8602fc,
0x05863b1c,
0x08862aa1,
0x04fc341c,
0x2d1c0b86,
0x042300fc,
0x261c0986,
0x0b8608fc,
0x00fc1f1c,
0x09860823,
0x10fc181c,
0x111c0b86,
0x60810586,
0x0a1c0886,
0xb91c0586,
0x031c0786,
0xb91c0786,
0xfc1c0586,
0x058620fb,
0x77e0031c,
0x87f1002f,
0x86f1002f,
0xfb008c07,
0x86202300,
0xfbe92609,
0x420b8640,
0x2300fbe2,
0x1c098640,
0x8680fbdb,
0xfbd41c0b,
0x86802300,
0xfbcd1c09,
0xf44f2301,
0x820786dd,
0x0586c622,
0x0486029e,
0x0e048610,
0x8602fbbf,
0xfbb81c0b,
0x86022300,
0xfbb11c09,
0x1c0b8604,
0x2300fbaa,
0x1c098604,
0x8608fba3,
0xfb9c1c0b,
0x86082300,
0xfb951c09,
0x1c0b8610,
0x9f05868e,
0x1c088634,
0x1c058687,
0x1c0786de,
0x1c078680,
0x1c0586de,
0x8620fb79,
0x86721c0b,
0x867c8105,
0xfb6b1c08,
0x1c0b8640,
0x81058664,
0x1c08867c,
0x8680fb5d,
0x86561c0b,
0x867c8105,
0xfb4f1c08,
0xf2402301,
0x820786bd,
0x05864818,
0x04867c81,
0x90058610,
0x8602fb26,
0x863a1c0b,
0x867c8105,
0xfb331c08,
0x1c0b8604,
0x8105862c,
0x1c08867c,
0x8608fb25,
0x861e1c0b,
0x867c8105,
0xfb171c08,
0x1c0b8610,
0x81058610,
0x1c088660,
0x70058609,
0x1c0786bf,
0x70078602,
0x1c0586bf,
0x0486fafb,
0x1c088670,
0x0686faf4,
0x1c068670,
0x0486faed,
0x1c088670,
0x0686fae6,
0x1c068670,
0x0486fadf,
0x1c088670,
0x0686fad8,
0x1c068670,
0x8620fad1,
0xfaca1c0b,
0x4c840686,
0xc31c0686,
0x0b8640fa,
0x86fabc1c,
0x864c8406,
0xfab51c06,
0x1c0b8680,
0x0686faae,
0x06864c84,
0x0586a71c,
0x81088638,
0x0786a060,
0x81068638,
0x05869960,
0x1c088638,
0x38078692,
0x8b1c0686,
0x98f8d5fa,
0x4006db30,
0xfd832df1,
0x41f00148,
0x10f895fc,
0x46880586,
0x830586b6,
0x95fa7b28,
0x058611f8,
0x866d4688,
0xfa733005,
0x8612f895,
0x86b72005,
0xfa008406,
0x8613f895,
0x866f2005,
0xfa632005,
0x8614f895,
0x86b82005,
0xfa5b2005,
0x8615f895,
0x86712005,
0xfa532005,
0x8616f895,
0x86b92005,
0xfa4b2005,
0x8617f895,
0x86732005,
0xfa432005,
0x8618f895,
0x86ba2005,
0xfa3b2005,
0x8619f895,
0x86bf1005,
0xfa331005,
0x861af895,
0x867f3005,
0xfa2b3005,
0x861bf895,
0x86c02005,
0xfa232005,
0x861cf895,
0x86812005,
0xfa1b2005,
0x861df895,
0x86c12005,
0xfa132005,
0x861ef895,
0x86832005,
0xfa0b2005,
0x861ff895,
0x86c22005,
0xfa032005,
0x8620f895,
0x86852005,
0xf9008406,
0x8621f895,
0x86c32005,
0xf9f32005,
0x8622f895,
0x86c81005,
0xf9eb1005,
0x8623f895,
0x86913005,
0xf9e33005,
0x8624f895,
0x86c92005,
0xf9db2005,
0x8625f895,
0x86932005,
0xf9d32005,
0x8626f895,
0x86ca2005,
0xf9cb2005,
0x8627f895,
0x86952005,
0xf9008406,
0x8628f895,
0x86cb2005,
0xf9bb2005,
0x8629f895,
0x86972005,
0xf9b32005,
0x862af895,
0x86cc2005,
0xf9ab2005,
0x862bf895,
0x86d11005,
0xf9008806,
0x862cf895,
0x86a33005,
0xf99b3005,
0x862df895,
0x86d22005,
0xf9932005,
0x862ef895,
0x86a52005,
0xf9008406,
0x862ff895,
0x86d32005,
0xf9832005,
0x8630f895,
0x86a72005,
0xf97b2005,
0x8631f895,
0x86d42005,
0xf9732005,
0x8632f895,
0x86a92005,
0xf96b2005,
0x8633f895,
0x86d52005,
0xf9632005,
0x8c0b860f,
0xf0f95c58,
0x0c980b86,
0x2301f955,
0x86b5f240,
0xf94e0e07,
0x74870686,
0x480586b5,
0x8602f947,
0xf9401c0b,
0x04870686,
0x391c0686,
0x0b8604f9,
0x86f9321c,
0x86048706,
0xf92b1c06,
0x1c0b8608,
0x0686f924,
0x06860487,
0x10f91d1c,
0x161c0b86,
0x870686f9,
0x1c068604,
0x8620f90f,
0xf9081c0b,
0x04870686,
0x011c0686,
0x0b8640f9,
0x86f8fa1c,
0x864c8606,
0x86f31c06,
0x863a9d05,
0x86ec1c08,
0x8600bf05,
0xf8e51c08,
0x8d0b8601,
0x86f8de72,
0x86508b06,
0xd7728d06,
0xdc1c0586,
0xd01c0786,
0xdc1c0786,
0xc91c0586,
0x0b8602f8,
0x86f8c21c,
0x866c8b06,
0xf8bb1c06,
0x1c0b8604,
0x0686f8b4,
0x06866c8b,
0x08f8ad1c,
0xa61c0b86,
0x8b0686f8,
0x1c06866c,
0x8610f89f,
0xf8981c0b,
0x508b0686,
0x911c0686,
0x098620f8,
0x00e0021c,
0x002f91bf,
0x86f001f1,
0x0686f800,
0x0686588b,
0x40f87f24,
0x78400b86,
0x04820586,
0x711c0886,
0x0b8680f8,
0x05866a1c,
0x08860482,
0x01f8631c,
0x708d0b86,
0x8105865c,
0x8d088668,
0x05865570,
0x0886bb1c,
0x07860084,
0x0686bb1c,
0x02f80084,
0x401c0b86,
0x04820586,
0x391c0886,
0x0b8604f8,
0x0586321c,
0x08860482,
0x08f82b1c,
0x241c0b86,
0x04820586,
0x1d1c0886,
0x0b8610f8,
0x0586161c,
0x08860482,
0x20f80f1c,
0x081c0b86,
0x7c810586,
0x011c0886,
0x10a10586,
0x001c0686,
0x0586faf0,
0x068664bd,
0xf3f0001c,
0x0b8680ff,
0x86ffec1c,
0x86008406,
0xffe51c06,
0x8d098601,
0xdef00070,
0x830686ff,
0x8671de64,
0x86d70e04,
0x86df1c05,
0x86d01c07,
0x86df1c07,
0xffc91c05,
0x1c0b8602,
0x0686ffc2,
0x06860084,
0x04ffbb1c,
0xb41c0b86,
0x840686ff,
0x1c068600,
0x8608ffad,
0xffa61c0b,
0x00840686,
0x9f1c0686,
0x0b8610ff,
0x86ff981c,
0x86008406,
0xff911c06,
0x1c0b8620,
0x0686ff8a,
0x06867883,
0x40ff831c,
0x7c1c0b86,
0x7c810586,
0x751c0886,
0x0b8680ff,
0x05866e1c,
0x08867c81,
0x01ff671c,
0x1c8d0986,
0x8660f000,
0x86608105,
0x001c8d06,
0xe0ff59f0,
0xaeb3734b,
0x80f01668,
0x42d12a56,
0x99068646,
0x33f84660,
0x5422c046,
0x22048621,
0x4633ff48,
0x06864632,
0xfd89289c,
0x28004681,
0x81aef040,
0xf04f48d3,
0xf0010b04,
0xf8c7f8f7,
0x08869014,
0xf7fd1a9a,
0x9b05861d,
0x00d50530,
0xb8068623,
0x28f0004e,
0x00f1baff,
0x4f4ec80f,
0x180304f0,
0x4f469bbf,
0x860900f0,
0xd0031204,
0x45992302,
0x4699bfb8,
0x8614464a,
0xfd5ec206,
0xda022800,
0xf0014630,
0xf109f8cc,
0x45cb0901,
0x0486dcea,
0x3a08862a,
0x04862600,
0xa2f0000e,
0xb82e0282,
0x022602bf,
0xcdf8952e,
0xcff89520,
0xe3f04030,
0x0ff00382,
0x4fe29b03,
0xfe0b04f0,
0xc7ba93f7,
0xfeb014f8,
0xabba90f7,
0xa5f00148,
0x0786f3f8,
0xf00002b0,
0x0486fece,
0x05864b0c,
0xc0fec80c,
0x2eb50786,
0x86c2f000,
0x86a60c05,
0xfebc0c05,
0x06864632,
0xf0002eb5,
0x4632feb6,
0x2eb50686,
0x86b0f000,
0x862b1805,
0x86aa1805,
0x86961805,
0xfea41805,
0x2eb50886,
0xfeb1f000,
0x2eb50886,
0xfeabf000,
0x22024633,
0x820586e3,
0x0586a506,
0x0686709f,
0x86fe9f0c,
0x002eb508,
0x86fe99f0,
0x002eb508,
0x86fe93f0,
0x002eb508,
0x86fe8df0,
0x002eb508,
0x86fe87f0,
0x002eb508,
0x33fe81f0,
0xa7f7fe46,
0x022b06ba,
0xfe2310dc,
0x0bbb2df7,
0x20bfd82b,
0x30bfc823,
0x26f7fe23,
0xf32b04bb,
0xf52b09dd,
0x082b06e7,
0x078654dc,
0xf0000ca8,
0x2305fe66,
0xbdf8f7fe,
0xdc082b0b,
0x160986a8,
0x230afe5b,
0xbdedf7fe,
0x6a0986fc,
0x230ffe52,
0xbde4f7fe,
0xdde02b04,
0xe7e82b09,
0x22102300,
0x2c05868e,
0x2300fe45,
0xbe5af7fe,
0x86202300,
0x863c1207,
0xbe641205,
0x86402300,
0x86331207,
0xbe6f1205,
0x86802300,
0x862a1207,
0xbe791205,
0x68a00686,
0xfedcf001,
0x08862301,
0x02fed60c,
0xfe220323,
0x02bf3ef7,
0x10d1202b,
0x2c9f0786,
0xfdfdf000,
0x9f078680,
0xf7f0002c,
0x389f0586,
0x0c058622,
0x8600fdf1,
0x002c9f07,
0x74fdebf0,
0x2c9f0786,
0xfde5f000,
0xf7ff2285,
0x2b03b828,
0x8602d120,
0xfdda4609,
0x46098608,
0x8610fdd4,
0x86ce4609,
0x06865e05,
0x31fdc846,
0xc2460986,
0xff2274fd,
0x00b805f7,
0xb9420986,
0x864620fd,
0xf0002c06,
0x68abfdb3,
0xd50d0118,
0xaa540a86,
0xa4540b86,
0xda2238fd,
0x100486e7,
0x9c1c0686,
0x56a00586,
0x961c0686,
0x098648fd,
0x71fd9064,
0xd3f7fe22,
0x860686bf,
0x93f7fd66,
0xdbf7fefe,
0x00bf00bf,
0x9b000000,
0xc7f1002f,
0x69f1002f,
0x86f1002f,
0x005cba08,
0x058677f0,
0x068668ba,
0xfd712e85,
0x5cba0886,
0x866bf000,
0x06860c05,
0xfd652e85,
0x2e850a86,
0xbf05865f,
0x8506865a,
0x0586592e,
0x85068618,
0x0586532e,
0x85068618,
0x86fd4d2e,
0x5a2e850a,
0x850a86fd,
0x86fd542e,
0x005cba08,
0x86fd4ef0,
0x005cba08,
0x86fd48f0,
0x422e850a,
0x850a86fd,
0x86fd3c2e,
0x362e850a,
0x850a86fd,
0x86fd302e,
0x2a2e850a,
0x098640fd,
0x86fd240c,
0x005cba08,
0x86fd1ef0,
0x0072a508,
0x86fd18f0,
0x005cba08,
0x40fd12f0,
0x88088623,
0x10fd0c78,
0x07863023,
0x02fd060c,
0x89088623,
0x38fb4704,
0x4f48ccb9,
0x000a01f0,
0x02feb8f0,
0xbf617b23,
0x870a86e5,
0x86fcde60,
0xd860870a,
0x870a86fc,
0x0586d260,
0x8206860c,
0x86fccc32,
0xc632820a,
0x820a86fc,
0x0586c032,
0x82068618,
0x0586ba32,
0x82068618,
0x86fcb432,
0xc132820a,
0x0ebd0986,
0xfcbbf000,
0x60870a86,
0x0a86fcb5,
0xfcaf6087,
0x32820a86,
0x0a86fca9,
0xfca33282,
0x32820a86,
0x0a86fc9d,
0xfc973282,
0x32820a86,
0x4633fc91,
0x0ebd0686,
0xfc8bf000,
0x32820a86,
0x0a86fc85,
0xfc7f3282,
0x32820a86,
0x0a86fc79,
0xfc733282,
0x08864633,
0xfc6d3282,
0x82098601,
0x00faae32,
0x75f04028,
0x86487f82,
0xf07cbf05,
0x2301fe1d,
0xb94ee763,
0x30cef895,
0x20ccf895,
0x030ff003,
0x020ff002,
0xe00c1a9b,
0xf47f2e01,
0x0a86ad53,
0x0203f01a,
0x9b02f0f0,
0xaa111b1a,
0x6ab00586,
0x6200f012,
0x2200d035,
0x92039301,
0x9202230a,
0x9300210c,
0x46332204,
0xf0064620,
0x2800fce1,
0x4867d037,
0xfdecf000,
0x20b10886,
0x693bdd1e,
0xf10007da,
0xf895812b,
0x221c80f2,
0x46112300,
0xf000485f,
0x221cfcbf,
0x46112301,
0xf000485c,
0x0486fcb9,
0xfdfdd206,
0x86bfa3f7,
0x2603720a,
0xe7c4111b,
0x9203e7fe,
0x9202210c,
0x93014620,
0x230a2203,
0x46339300,
0xfcacf006,
0x484db118,
0xfdb8f000,
0x3601e7fe,
0xf73f45b3,
0x68abacf2,
0x8c0d8618,
0x86fbec78,
0x863c8c0e,
0x1a10ac06,
0x160486d0,
0x0686d002,
0x2300428c,
0x93032204,
0x9302210c,
0x86600486,
0xf0055c04,
0xb1b8fd56,
0xf0004839,
0x8109868a,
0xfedc9d44,
0x039303e7,
0x0c930222,
0x20930121,
0x28068646,
0xb118fd42,
0xf000482f,
0x81078676,
0xabdcce04,
0x04011968,
0x870886d5,
0x28fca45e,
0x3a2b004b,
0xc20686d1,
0x86d0317a,
0x9f28830a,
0x1a810586,
0xf04fd007,
0x0a860b04,
0xfb946485,
0x608d0686,
0x1c810886,
0x30810586,
0x01697b6f,
0xfbd03093,
0x00220468,
0x33210c93,
0x26ab0586,
0x2800ffe3,
0x4812d039,
0x8638f000,
0x3f248109,
0xfeaf4bf7,
0x620886e7,
0x810d866e,
0x00e7d27c,
0x002fa9bf,
0x002fb8f1,
0x002fd2f1,
0x020098f1,
0x002fe8f0,
0x002feff1,
0x000000f1,
0x002ffc00,
0x0c2303f1,
0x21960022,
0x18f10746,
0x20f00200,
0xbb69fafc,
0x04320169,
0xaf4631d1,
0x04f00048,
0x01e7fefd,
0x01d0f833,
0xac45b336,
0x148f1386,
0x34810886,
0xfa5f4ba5,
0x4aa4f984,
0x49a44648,
0x3026f813,
0x2026f812,
0x1026f831,
0xfb45f000,
0x4aa14ba1,
0x49a14680,
0x0e864648,
0x86fb381a,
0x1b6a8108,
0x009304d0,
0x04930323,
0x6a820586,
0x462068fb,
0x6cfb9301,
0x46339300,
0xfdddf004,
0x8693b328,
0x86388405,
0xd272810a,
0x4fe7feae,
0xd3089df0,
0x00eba8e6,
0x00930200,
0x03000ff0,
0x86900123,
0x034a810a,
0x86f9c7f0,
0x844a810a,
0x9ff00048,
0x810a86fc,
0x86dca14a,
0x003aad0c,
0x86fad3f0,
0x0066ac0c,
0x0586cbf0,
0xad088610,
0xc3f0003a,
0xad1a86fa,
0xb4f0003a,
0x862e0586,
0x003aad08,
0xaefaacf0,
0xc0f3c668,
0x86b97666,
0xfaa0560e,
0x08864633,
0xf0003aad,
0x54058699,
0x3aad0686,
0x0886d12b,
0xf00032ad,
0x0886fa7a,
0xf00032ad,
0x0886fa74,
0xf00032ad,
0x0886fa6e,
0xf00032ad,
0x0886fa68,
0xf00032ad,
0x0886fa62,
0xf00032ad,
0xf242fa5c,
0xf5447010,
0x3724fa51,
0xe8bd46bd,
0x2b028ff0,
0x8e0b861f,
0x86fa4c62,
0x46628e0a,
0x86680586,
0xfa405c06,
0x628e0a86,
0x0a86fa3a,
0xfa34628e,
0xe7d02285,
0xd1222b03,
0xf0004835,
0x0a86fbfe,
0xfa27668e,
0x128e0a86,
0x0a86fa21,
0x861b128e,
0x06866205,
0x86fa154a,
0x0f668e0a,
0xab2274fa,
0x8e0a86e7,
0x0b860764,
0xabfa0128,
0x0d861b68,
0xf9f8648e,
0xf2520a86,
0xdb2238f9,
0x648e0b86,
0x0a86f9ea,
0xf9e4648e,
0x648e0a86,
0x2271f9de,
0x480ce77a,
0xfbaaf000,
0xbab3f7ff,
0xf1003013,
0xf100a288,
0xf100a298,
0xf100a2a8,
0xf100a2b8,
0xf100a2c8,
0xf100a2d8,
0xf100302c,
0xf1003049,
0xf1003063,
0x0686306d,
0x00090c86,
0x00040000,
0x000a0000,
0x00100000,
0x000b0000,
0x00140000,
0x000c0000,
0x00200000,
0x000d0000,
0x00240000,
0x000e0000,
0x00300000,
0x000f0000,
0x86340000,
0x00402c07,
0x00120000,
0x86440000,
0x00503407,
0x00160000,
0x00540000,
0x00180000,
0x00600000,
0x00170000,
0x00640000,
0x00110000,
0x00700000,
0x00130000,
0x00740000,
0x86150000,
0x00107d04,
0x00001900,
0x00100400,
0x04861a00,
0x00001044,
0x7804861c,
0x1d000010,
0x10780486,
0x861e0000,
0x00107804,
0x04861f00,
0x06861078,
0x65671481,
0x6c632074,
0x69616620,
0x860a0d6c,
0x726d0e05,
0x616c7620,
0x08866575,
0x67694814,
0x36312068,
0x73746962,
0x000a0d20,
0x86776f4c,
0x6e690e0b,
0x20425420,
0x6d6e6970,
0x04867875,
0x65707210,
0x74696272,
0x77000a0d,
0x330a0986,
0x2e058632,
0x65646f6d,
0x864f0486,
0x07863d07,
0x0e864c0f,
0x6473700f,
0x7905866b,
0x7277000a,
0x20657469,
0x6576656c,
0x676e696c,
0x0e810886,
0x4b204552,
0x71000a0d,
0x866e6573,
0x05862906,
0x5f444114,
0x46455256,
0x5459425f,
0x41462045,
0x21214c49,
0x2542000a,
0x05862064,
0x4559451b,
0x07864b5f,
0x19048617,
0x54495257,
0x310a8645,
0x5349425f,
0x360d8654,
0x86210686,
0x42463710,
0x4e494d20,
0x000a0d20,
0x63656863,
0x5144206b,
0x01810886,
0x01b58000,
0x00210023,
0x00461aaf,
0x80f8cef0,
0x00b580bd,
0x00220123,
0x004619af,
0x80f8c6f0,
0x40b598bd,
0x8f21cef2,
0x22048623,
0xf0004604,
0x2001f8bc,
0xf89ff544,
0x228f2380,
0x201a0486,
0xb2f00046,
0x95140586,
0x86238ff8,
0x06861204,
0x86a8228f,
0x868b1405,
0x86cd1405,
0x869e1407,
0x86811405,
0x86cd3c07,
0x86008c06,
0x86771405,
0x868a280d,
0x866d1405,
0x5a469f05,
0x81260586,
0x64120586,
0x5a2380f8,
0x78240786,
0x00bd98f8,
0x86000100,
0x06860404,
0x0ab5b008,
0x00b0824b,
0x074c09af,
0x050508f1,
0x870080eb,
0x080018e8,
0x08f85037,
0xf8f8c55c,
0x22f85513,
0xbdb2c000,
0x00bdb046,
0x188000bf,
0x0f8000f0,
0xfeb5f0f0,
0x834d0d2a,
0x0daf00b0,
0x06360486,
0x0080eb06,
0x607c603d,
0x6c08f850,
0xf8c6d104,
0x370c33f8,
0xbdf046bd,
0x0c140786,
0x13f8f8c0,
0x3022f846,
0x0a86e7f3,
0x00b58044,
0x806800af,
0x01b580bd,
0x80af0060,
0x70f100bd,
0x00b58040,
0x863000f5,
0xf3c01808,
0x04862003,
0xc0b5801a,
0x080686b2,
0xf3c1b2ca,
0xaf002103,
0xffa4f7ff,
0x13100486,
0x00b2ca46,
0x140486af,
0xffb5f7ff,
0xb598bd80,
0x120b8614,
0x4020ff92,
0xe92dbd98,
0x86cc43f8,
0x99263804,
0x31461546,
0x00462246,
0xff4680af,
0x20ff83f7,
0x050005ea,
0x220509ea,
0x31430546,
0x40b2eb46,
0x34048646,
0x83f8e8bd,
0x865a0486,
0x86e16604,
0x861c5405,
0xffd10c05,
0xb2c04120,
0xb598bd98,
0x7c3caf00,
0xf303fa04,
0xf7ffb2db,
0x0686ffd0,
0x0e460562,
0x90af0046,
0x0a469946,
0x43200224,
0x31ffaaf5,
0xff462846,
0x00ffa5f7,
0x480008ea,
0x01d00445,
0x20d1f23c,
0xdd058646,
0x0486206e,
0xf0e92d06,
0x05868041,
0x461e2add,
0xffddf7ff,
0xb9484604,
0x46404629,
0xff8bf7ff,
0x46034632,
0x48034629,
0xf95ef000,
0xf0340486,
0x8cbf0081,
0x2df10033,
0x0043b0e9,
0x05861625,
0x4a153083,
0x0800f04f,
0x0900f04f,
0x4021f853,
0x0108f107,
0x86014b12,
0x0c3e8305,
0xa4220300,
0x08f85000,
0x7ff4041c,
0xc1440c74,
0x2a23f8f8,
0x04f85446,
0x0821000b,
0x82f54335,
0x482d40ee,
0x490800ea,
0xf20901ea,
0x494640d1,
0x05860846,
0x83b07a8b,
0xf1009de8,
0x20830a86,
0x400a4042,
0x4050af00,
0x3101bd80,
0x6805b5b0,
0xaf002401,
0xf101fa04,
0xfa034094,
0x1b09f202,
0x4011406a,
0x60014069,
0x0586bdb0,
0x68701f86,
0x305b2079,
0x33302578,
0x253d5d78,
0x20783230,
0x6f727265,
0x86203a72,
0x000a0c04,
0xffffffff,
0x00000000,
0x86040486,
0xb5900404,
0x0403f020,
0x0003f000,
0x22ff00c0,
0xb2c96823,
0xaf004082,
0x0302ea23,
0xf000fa01,
0x60204318,
0xe92dbd90,
0x460e47f0,
0xb0944691,
0x469aaf00,
0xb998463d,
0x21301c7c,
0xf7ff4638,
0x46a0ffe0,
0x45a846b1,
0xeba4d121,
0x21000408,
0xf7ff1930,
0x4620ffd6,
0x8d068650,
0x463c8744,
0xf8f9fbb0,
0x0018fb09,
0xf0204450,
0x04860303,
0x2000c168,
0x1b340146,
0x01fa2368,
0xffb2c9f1,
0x40ffbef7,
0xea280046,
0x08e7d9d1,
0x4838fff1,
0x03f02846,
0x01f10903,
0x08681909,
0xdb0303f0,
0x8640d900,
0xffab2604,
0xb580e7cb,
0x7082f44f,
0xf7ffaf00,
0xb2c0feac,
0xb5b0bd80,
0xaf004c0b,
0x33016823,
0xf44fd10e,
0xf7ff7080,
0x4605fea0,
0xad0a0486,
0x9af7ffb2,
0x000a00fe,
0x282070f4,
0x20602043,
0x00bdb068,
0x0033b0bf,
0x86b580f1,
0xffe24004,
0x20e4f5a0,
0x63cef46f,
0x28044418,
0x2301d809,
0xf000fa03,
0x0f15f010,
0x30fff04f,
0x2002bf18,
0x0486bd80,
0x98bd800a,
0x058604b5,
0x86c97884,
0x6f233204,
0x1362cef4,
0x0a2b0444,
0x982001d8,
0x15f01040,
0x02d00600,
0x00bf882c,
0x01bf9820,
0x00bd9820,
0x09869820,
0x03ffca32,
0x5842581b,
0x120a8641,
0x440d86a7,
0x4409860b,
0x1ee0d007,
0x0e862801,
0x0db5b046,
0x05861446,
0x08ffbe36,
0xb02000b9,
0xa1f7ffbd,
0xf94285ff,
0xff4620d1,
0x00ffd6f7,
0x01bf1830,
0x03bdb020,
0x00b5804b,
0x597018af,
0x80609a60,
0xb4bf00bd,
0x02f10033,
0x78140686,
0x0f100886,
0xf0e92db4,
0x8b4e7d4f,
0x00af00b0,
0xeef0402e,
0x50f10780,
0x59463409,
0x152b04f8,
0x01f10278,
0x002d0008,
0x2580e3f0,
0xcef0402d,
0x2d785380,
0x02d02a2b,
0x000802f1,
0x30607a22,
0x98d1292b,
0x083000f8,
0x4f0801f1,
0x000b01f0,
0xa3200a25,
0xd10230f1,
0x1f2909b2,
0x092b2ed9,
0x0b1e0586,
0x860b01f1,
0x04862204,
0x182a091a,
0x1d2b64d9,
0x58d818d0,
0x63d01a2b,
0x18d05a2b,
0x4346ca46,
0x52feecf5,
0x03f102e0,
0x01789308,
0x4fe7d222,
0xd80b00f0,
0x05fb00e7,
0x01f81825,
0x86e7d53b,
0xe7df0604,
0xd0382b73,
0xd1e62b78,
0x0a04f109,
0x0000f8d9,
0xd0052b64,
0xd0242b78,
0xd1292b58,
0xe0214b4e,
0xda1b2800,
0xf04f4240,
0x4b4b092d,
0xf107220a,
0xf1070108,
0xf7ff0408,
0x4606feae,
0xf1b91bad,
0xd02a0f00,
0xf1bb3d01,
0xd0750f00,
0xf5434648,
0x687bfeb2,
0xf04fb34b,
0xe0370b30,
0x0900f04f,
0x4b3ee7e3,
0x38058610,
0xfe94f7ff,
0x04864606,
0xd9e0073e,
0x864000f8,
0x46207204,
0xe800f006,
0xa5058606,
0x99e7d76e,
0x860000f8,
0xf5431604,
0xe04bfe8f,
0xd8540486,
0x3b687bd1,
0x20f04fb3,
0xd7e0100b,
0x869004f8,
0x462b5804,
0xdc202b00,
0xea251e6b,
0x865d75e5,
0x02028105,
0x757a0586,
0xa646a1fe,
0x230309eb,
0x172b0044,
0xe6ea26dc,
0x1c3e0173,
0x7b1af644,
0x00b32b68,
0x58dd232d,
0x433d0146,
0xf8fe62f5,
0x500486e7,
0x4658e7db,
0xf543603b,
0x683bfe5a,
0xe7d53b01,
0xbb01f819,
0xf5434658,
0xf1bbfe52,
0xd1da0f0a,
0xf543200d,
0xe7d6fe4c,
0xf5434628,
0x2d0afe48,
0x12058602,
0x46cafe43,
0x464246d1,
0x687be71c,
0xd0da2b00,
0xc04a0486,
0x2c2000e7,
0x7e860686,
0x70b0044f,
0x00000047,
0x0037d200,
0x0037b6f1,
0x8637c1f1,
0xfe008606,
0x323130e7,
0x36353433,
0x00393837,
0x610b0a86,
0x65646362,
0x110b8666,
0x44434241,
0x00004645,
0x43f8e92d,
0x4616460c,
0x2210af00,
0x46052100,
0xfd0ef7ff,
0x46812c04,
0x2c03d025,
0x7e890686,
0xbf08043f,
0xb2e4241f,
0x862221d5,
0xfe708a05,
0xdb1983fc,
0xd54622b2,
0x0e048621,
0xf1b9fd01,
0xd10c0f00,
0x0686221f,
0x00fcef10,
0xdb0310f1,
0xd64642b2,
0xf1100586,
0xf8e8bdfc,
0x1ff04f83,
0xdc243f08,
0xf8e92de7,
0x4f2a034f,
0x4f0308f0,
0x180400f0,
0x002310bf,
0x164605af,
0xa1469a46,
0x0146a046,
0xbff54320,
0x3e2280fc,
0xca3a0586,
0x832240fc,
0x0c068646,
0xf1bbfcc4,
0xd0140f80,
0xd0122840,
0x46314652,
0xf1084628,
0xf7ff0801,
0xf1b8ffa0,
0xdc040f3f,
0x0f40f1b9,
0x2c00d001,
0xf04fd0dd,
0xe8bd30ff,
0x04868ff8,
0x40d11330,
0x40d02128,
0xfff04f24,
0x8c068632,
0x86ff882c,
0xfc9b5e08,
0xd1192880,
0xd1f03c01,
0xe7dc2440,
0x22012440,
0x77220686,
0x078640ff,
0x40fc8a22,
0x01d10828,
0xedd1f13c,
0x092001e7,
0x430901f1,
0xc6fc70f5,
0x862000e7,
0x08866004,
0x2a0004ea,
0x809ff000,
0x2801b110,
0x2210bf18,
0x4620b2d3,
0xf44f221f,
0xf7ff7188,
0x2001fc74,
0xfc57f543,
0x64c80886,
0xfc6bf7ff,
0xe4078602,
0x65f7ff48,
0x402d03fc,
0x008089f0,
0x05861023,
0xf7ff26a1,
0x2302fc5c,
0xf24022ff,
0x0e05864d,
0x23fcfc55,
0xf44f22ff,
0x04867113,
0x10fc4e0e,
0x40221f23,
0x058643f2,
0x0786471c,
0x861020c0,
0xfc401c05,
0xe0058620,
0x1004861c,
0xfc39f7ff,
0xf5432002,
0xf240fc1c,
0x2c05864a,
0x0683fc16,
0x0486d5f8,
0x0586473c,
0x1ffc1f10,
0x4f460622,
0x058612f4,
0x33fc183c,
0x1f460546,
0x40462022,
0xff2141f2,
0x2bfc1af7,
0x86462046,
0x21422e04,
0xfc13f7ff,
0x0e058633,
0x711df44f,
0x860cf7ff,
0xf44f1c07,
0xf7ff711c,
0x1c078605,
0x2175f240,
0xfbfef7ff,
0x71380886,
0xf7f7ff21,
0x0b8680fb,
0xfbf01281,
0x0e0586c0,
0x2177f240,
0xfbe9f7ff,
0x06864620,
0x048644ae,
0x00fbe21c,
0x10bdf820,
0x82088623,
0x67fbda34,
0x7f2d04e7,
0x10af7af4,
0x72461a23,
0x970686e7,
0x8601c77c,
0x09508d06,
0xcc000000,
0x860c0786,
0x86c30404,
0x00050c07,
0x86c80000,
0x04860c07,
0x0786c407,
0x0000060c,
0x0786c900,
0x0000070c,
0x0786ca00,
0x0000080c,
0x0786cb00,
0x6060860c,
0xec0c0486,
0xe4540b86,
0xed6c0b86,
0xe5540b86,
0xea540b86,
0x020c0786,
0xe6000000,
0xeb600b86,
0x030c0786,
0xe7000000,
0x40810b86,
0x810b86e8,
0x7886e928,
0x780b8678,
0x41048623,
0x18780786,
0x860c0786,
0x86247804,
0x04860c07,
0x0786192b,
0x7804860c,
0x0c078621,
0x1a070486,
0x860c0786,
0x86227804,
0x04860c07,
0x07861b78,
0x7804860c,
0x0c07861c,
0x20780486,
0x860c0786,
0x0c867878,
0x08867092,
0x01b5b008,
0xc1f24023,
0x1aaf0011,
0xff460546,
0x00fa6ff7,
0x4f220124,
0x2871f0f4,
0x5ef7ff46,
0xf62800fa,
0x033401d1,
0x40d1f42c,
0x8611cff2,
0xfa431404,
0x71e7f44f,
0x89058604,
0x40fa3d02,
0xb02004ea,
0x0786b0bd,
0x04867099,
0x4604864a,
0x460d864c,
0x4613863b,
0x460b8620,
0x4609861a,
0xf44f2301,
0x088671f1,
0x86290c81,
0xf2404605,
0x89058613,
0x0d861864,
0x05860246,
0x40f9fd14,
0x862101f2,
0xf9f74606,
0x0c810e86,
0x864a0486,
0x86064604,
0xf9f5460d,
0xda461286,
0xd4460b86,
0x01460986,
0x16f24023,
0x549b0586,
0xe3460486,
0x460686f9,
0x3205863b,
0x460d86d2,
0x14058627,
0xf240f9b7,
0x46078626,
0x810f86b1,
0x4a04860c,
0xc0460486,
0xaf460d86,
0x94461386,
0x8e460b86,
0x09460986,
0x02b08229,
0x09d813af,
0xc5d8112a,
0x04b2ccb2,
0x4f22f023,
0x2871e0f4,
0xff940046,
0x00f9bdf7,
0x0f230094,
0xf8f44f22,
0x70820586,
0x46bdf9b5,
0x40361886,
0x8611e1f2,
0xf9a23606,
0x06869400,
0x0586ef12,
0x869a1283,
0x2115361d,
0x87360686,
0x866c0786,
0x867f3608,
0x00003605,
0x2909b5f0,
0xb083460c,
0xaf02461e,
0x2a09d82c,
0x4b17d82a,
0x4a17b2c5,
0x7f38b2f6,
0x3021f813,
0x2021f812,
0xf8314914,
0x90001024,
0x63380486,
0x124b12f9,
0x1246284a,
0x24f81349,
0x24f81230,
0x1c058620,
0x56f7ff96,
0x0f4b0ef9,
0x38490f4a,
0x1a0d867e,
0x48360586,
0x058604f9,
0xbf004a9c,
0xf1009b60,
0xf1009b88,
0xf1009bb0,
0xf1009ae8,
0xf1009b10,
0xf1009b38,
0xf100a3c0,
0xf1009a98,
0xf1009ac0,
0x14813086,
0x81198619,
0x1b860c14,
0xf8fe1481,
0x14810886,
0xf1009a20,
0xf1009a48,
0xf1009a70,
0xf10099a8,
0xf10099d0,
0xf10099f8,
0xf100a398,
0xf1009958,
0x32869980,
0xf8cf1481,
0x14811886,
0x1a86f8c2,
0x86b41481,
0xe0148109,
0x08f10098,
0x30f10099,
0x68f10099,
0x90f10098,
0xb8f10098,
0x70f10098,
0x18f100a3,
0x40f10098,
0x2df10098,
0x004ff0e9,
0x94f8df25,
0x02b08db1,
0x884604af,
0xda46a946,
0xfd61bd46,
0xfd613d61,
0x3d617d60,
0xdb627d62,
0x003000f8,
0x20464122,
0x3b479846,
0x0046416a,
0x20930122,
0xcd6a7b46,
0xdb9000f8,
0xb06004f8,
0x08f8db47,
0x1e048630,
0x200cf8db,
0x462060b8,
0x12048690,
0x05867820,
0x8668bb0a,
0x44031604,
0x60bb4620,
0x68794790,
0x011a0486,
0x79462044,
0x1c108660,
0x68796a7b,
0x0209ea43,
0x44086a3b,
0x68bb4313,
0x4283d104,
0x1ac5bf38,
0x1a1dbf28,
0x2010f8da,
0x4283b9da,
0xd85ed31d,
0x5c940786,
0x4a6a3b8f,
0x01627b46,
0x0361b921,
0x4a6a7be0,
0x0161bb46,
0xf96a3923,
0xc76a7960,
0x919010f8,
0x01617946,
0x3a627b22,
0x01e79e62,
0x83d1e42a,
0x7ad93c42,
0x192a016a,
0xc0560586,
0x18bf281a,
0x8369fb1a,
0xdad2d742,
0x60810b86,
0x930168fb,
0x9300693b,
0xf8da697b,
0x06865004,
0xc547a816,
0x340486e7,
0xbf281ac3,
0xf1b91a1b,
0x61fb0f13,
0x69fbd90e,
0xd9b942ab,
0x003c0c86,
0x00930123,
0x38048693,
0x6a3be7e2,
0xd0ae2b00,
0xf10961bb,
0x6a7b0201,
0xd2a4e7b3,
0x1ac069ba,
0xe0022a01,
0x1a1869ba,
0xd0c12a01,
0x61f86a7b,
0xd1a22b01,
0x03500486,
0x9d69fbd9,
0xd7d29242,
0x300686e7,
0xe7942100,
0x3d24bf00,
0xb5f8f100,
0xf605860a,
0x1e29014e,
0x372902d0,
0x4e2900d0,
0x2eb90586,
0xf7fe71e0,
0x2360ffb1,
0x43634e24,
0x336018f5,
0x682a441e,
0x350c4620,
0xf7ff4611,
0xf815fde5,
0xf8352c04,
0x46201c08,
0xff71f7fe,
0xd1f042b5,
0x8602bdf8,
0xfe008805,
0x78ff96f7,
0x05861823,
0x1b867836,
0x07865636,
0x15f24036,
0xfe4e0d21,
0x78ff7bf7,
0x34128623,
0x340d86e6,
0x3407863c,
0xf1003a84,
0xf1003b44,
0x06863c34,
0x2b026084,
0xb0854604,
0x4698af02,
0xf200607a,
0x2b018376,
0x4ed6b2c5,
0x81b7f000,
0x0901f04f,
0xf8cd2b02,
0x464b9000,
0x0206f04f,
0x828bf000,
0x11c1f240,
0xf7fe4628,
0x0486ff50,
0x89068618,
0x12068602,
0x12058647,
0x22c02306,
0x71eef44f,
0x3e120486,
0x04c20586,
0x11f1f240,
0xf8df4620,
0xf7fea318,
0xc107860d,
0x8671f842,
0xb3081204,
0x8604f7fe,
0x4044c205,
0x2011dff2,
0xfdf7fe46,
0x1e0886fe,
0xff11f7fe,
0x0b180a86,
0x76db0586,
0x180586e0,
0x0686ff05,
0x04866282,
0x04feff0c,
0xf90c0986,
0x7af44ffe,
0xc1f54270,
0x64df0586,
0xd4160886,
0x098680fe,
0x40fee846,
0xe20c0986,
0x9e2260fe,
0x62230049,
0x01613343,
0x600902eb,
0x02eb0132,
0x204b9a08,
0xd94a9a46,
0x861000f8,
0x0408e800,
0xb00cf8c6,
0xf7ff60b2,
0x687bfe3c,
0xd1062b03,
0x1004f8b9,
0x8f3c0486,
0x08f8c9fe,
0x0cf10900,
0xe545c109,
0x70830786,
0xb8180486,
0xf02300fe,
0x86930022,
0x23041004,
0xf7fe4628,
0x2310febd,
0x86f1f240,
0xfe24c305,
0x02fe8ef7,
0x0986f223,
0x82fe872e,
0x800e0b86,
0x0b8692fe,
0x12fe790e,
0x720e0b86,
0x0b8652fe,
0x72fe6b0e,
0x640e0b86,
0x0b8662fe,
0x42fe5d0e,
0x560e0b86,
0x4f700d86,
0x0b8600fe,
0x0586480e,
0xe1f2401c,
0x0e820586,
0x38058641,
0x3a0e0886,
0x86700586,
0x86330e08,
0x08867005,
0x05862c0e,
0x0e088670,
0x8622fe25,
0xfe1e0e0b,
0x0e0b8632,
0x81058617,
0x0e088644,
0x700d8610,
0x81058609,
0x0e08867c,
0x81058602,
0x0e08867c,
0x0c86fdfb,
0x00fdf42a,
0xed0e0b86,
0x151c0786,
0x0e048621,
0x0686fde6,
0x06863681,
0x86fddf0e,
0x86368106,
0xfdd80e06,
0x36810686,
0xd10e0686,
0x810686fd,
0x0e068636,
0x0686fdca,
0x06863681,
0x86fdc30e,
0x86368106,
0xfdbc0e06,
0x36810686,
0xb50e0686,
0xae700d86,
0x810686fd,
0x0e068636,
0x0686fda7,
0x06863681,
0x0d86a00e,
0x20fd992a,
0x81068646,
0xfe211538,
0x00fd92f7,
0x07860c20,
0x0686168a,
0x3a843888,
0x3eddf100,
0x3d39f100,
0x3f81f100,
0x3d7ff100,
0x9300f100,
0xf44f2206,
0x860586f1,
0xcdfda13a,
0x868000f8,
0x864c9006,
0x86981206,
0x23061205,
0xf24022c0,
0x860586f3,
0x86fd8f70,
0x4f5e860a,
0xfe0978f0,
0x86fd5ef7,
0x4c5e860c,
0x55f7feb3,
0x860c86fd,
0x86fd4e5e,
0x625e860a,
0x4ac20586,
0x5c180686,
0x860c0586,
0x56628206,
0x66c10586,
0x500c0686,
0x098604fd,
0x86fd4a0c,
0x125e8606,
0x86520786,
0x86008407,
0x86f12e05,
0xfd390c05,
0x08864642,
0xabfd330c,
0x9823004a,
0x09613346,
0x282904fb,
0xba0a06f0,
0x060f01f1,
0x0b8640d1,
0xfd070e86,
0x46204ba3,
0x4ba26033,
0xf8d96073,
0x4ba11000,
0xb00cf8c6,
0xf7ff60b3,
0x0686fc84,
0xcc06862e,
0x52068606,
0x0e86fcf0,
0xfccd0487,
0x0008f8c9,
0x0801f108,
0x090cf109,
0x0f0af1b8,
0xf44fd1cb,
0x810586f5,
0x4ffcbf5c,
0x0271f3f4,
0xc1660586,
0xebf240fc,
0x02462011,
0xb3f7fe26,
0xe7f240fc,
0x18068611,
0x0b86fcb5,
0xfe967492,
0x03fce8f7,
0x3c870586,
0x86120486,
0xdf3c8706,
0xd7220f86,
0x48c00586,
0x78810686,
0x0686fcc3,
0x06866a87,
0x40e6092e,
0x862116f2,
0xfcc53404,
0x168a0a86,
0xbc120686,
0x86120586,
0x37388306,
0xb3120586,
0x70dd0786,
0x38830a86,
0x9f078682,
0x8306860a,
0xfeb19838,
0x078679f7,
0x06864cde,
0xfc722083,
0x38830a86,
0x86fc0086,
0x8680180a,
0x06860c05,
0xfc7a7284,
0x08864642,
0x04fc740c,
0x6e180986,
0x830686fc,
0x07863638,
0x16068652,
0x2220fc49,
0x863af240,
0xfc5d0c05,
0x0c098610,
0x8641fc57,
0x2b388321,
0x058639fc,
0x86383883,
0x37388307,
0x38830986,
0x1286fba8,
0x86143883,
0xf138830f,
0x831286fb,
0x21f24038,
0xe37e0586,
0x1af240fb,
0x83068621,
0x40fbe520,
0x862122f2,
0xd7388306,
0x1bf240fb,
0xd9180786,
0x950b86fb,
0xf7fe9676,
0x8309860c,
0x86211538,
0x03388306,
0x38830786,
0xfb220886,
0x098632fb,
0xfbe71a82,
0x38830886,
0x2d2e0486,
0xfff04fe5,
0x00e63130,
0x003b44bf,
0x003f13f1,
0x004015f1,
0x863dc5f1,
0x491c8e06,
0xa9f1003f,
0x51f10040,
0x0bf1003e,
0x97f1003e,
0x8e05863e,
0xb2c64130,
0xb082461d,
0x46144688,
0xf3c1af02,
0x46300343,
0x220f9300,
0x212c2300,
0xfbc5f7fe,
0xf00300e3,
0xf3c50378,
0x43234402,
0xea434630,
0x22ff13c8,
0x212bb2db,
0x23009300,
0xfbb5f7fe,
0x2307f3c5,
0xff320486,
0x2a230022,
0xfeb2ed21,
0x00fbabf7,
0xff230095,
0x30212922,
0xa4f7fe46,
0x880586fb,
0xb5b08128,
0x2300b2c4,
0x22ffaf00,
0x81058618,
0x00fb903a,
0xff460523,
0x05861722,
0x40fb890e,
0x058605ea,
0x08860099,
0x05861c26,
0x07867d18,
0x05861b26,
0x0786760e,
0xf0e92d26,
0x0d460441,
0x16b08246,
0x02469846,
0x2c2360af,
0xfe461a21,
0x43fb46f7,
0x29463246,
0x20b2e646,
0x91f7ff46,
0x014630ff,
0x00228023,
0x07212c93,
0xfe250023,
0x30fb5ef7,
0x07950046,
0x2c228023,
0x57f7fe21,
0x060e0586,
0x05864023,
0x2bfb500e,
0x05862a46,
0xf7ff14c2,
0x0886ff74,
0x23203481,
0x461a4604,
0x460daf00,
0xf7fe2140,
0x2203fb16,
0x81058641,
0x3cfafe0a,
0x05865b22,
0x00faf90a,
0x05865c22,
0x28faf40a,
0x05864222,
0x00faef0a,
0x43220323,
0xfc0c0586,
0x07bb4dfa,
0x16b60586,
0xfae3f7fe,
0x06864620,
0xf7fe4ab6,
0x0686fadd,
0x048638cb,
0x0b86d70c,
0x86fad118,
0x6c0aa406,
0xdef7fe21,
0xa50686fa,
0x0c048644,
0x2380fad8,
0xa6058640,
0xd2f7fe26,
0x01bdb0fa,
0x81d1062d,
0x07868723,
0xd1fac95a,
0xcf2d0ce7,
0xf8e7f5d1,
0x40460db5,
0x7eb70586,
0x46042143,
0xfaedf7fe,
0x2207bb40,
0x2605863e,
0x2301faac,
0x46062207,
0xaf0e0686,
0x95f240fa,
0x90058631,
0x0486fa00,
0x33460522,
0xa35e0586,
0x0786e0fa,
0xfa943c81,
0xb335b910,
0xbdf82001,
0x8b120886,
0xf62880fa,
0x01e7f4d1,
0x02d0182d,
0x00d0132d,
0x80d1ef2d,
0x7d1c0786,
0xe82800fa,
0x078620d1,
0x00fa760e,
0x02f04f28,
0x00bf0800,
0x40bdf820,
0xec214122,
0xfb2280e7,
0x862003e7,
0x368b8106,
0x28a80686,
0x46984616,
0xd0632e00,
0x864422aa,
0xfa523605,
0x864522aa,
0xfa4d0a05,
0x86462255,
0xfa480a05,
0x86472255,
0xfa430a05,
0x864822aa,
0xfa3e0a05,
0x864922aa,
0xfa390a05,
0x864a2255,
0xfa340a05,
0x864b2255,
0xfa2f0a05,
0x864c22aa,
0xfa2a0a05,
0x864d22aa,
0xfa250a05,
0x864e2255,
0xfa200a05,
0x864f2255,
0xfa1b0a05,
0x865022aa,
0xfa160a05,
0x865122aa,
0xfa110a05,
0x86522255,
0xfa0c0a05,
0x86532255,
0xfa070a05,
0x22872300,
0x0c058640,
0x0686fa14,
0xfef12484,
0x08058641,
0x2801ff47,
0x2803d001,
0xe8bdd09b,
0x865581f0,
0xee488107,
0x078655f9,
0xf9e94881,
0x810786aa,
0xaaf9e448,
0x48810786,
0x8655f9df,
0xda488107,
0x078655f9,
0xf9d54881,
0x810786aa,
0xaaf9d048,
0x48810786,
0x8655f9cb,
0xc6488107,
0x078655f9,
0xf9c14881,
0x810786aa,
0xaaf9bc48,
0x48810786,
0x8655f9b7,
0xb2488107,
0x078655f9,
0xf9ad4881,
0x810786aa,
0xaaf9a848,
0x86e79a22,
0x1e1aab08,
0x0786ff46,
0xf99c2481,
0x810786f0,
0xfff99724,
0x24810786,
0x86fff992,
0x8d248107,
0x078600f9,
0xf9882481,
0x81078600,
0x00f98324,
0x24810786,
0x8600f97e,
0x79248107,
0x0786fff9,
0xf9742481,
0x810786ff,
0xfff96f24,
0x24810786,
0x8600f96a,
0x65248107,
0x0786fff9,
0xf9602481,
0x810786ff,
0xfff95b24,
0x24810786,
0x860ff956,
0x516c8207,
0x098602f9,
0xf95e6c82,
0x6c820686,
0x8631fe3b,
0xfe910805,
0x6c820686,
0xbdf8d09d,
0x34ae0686,
0xaf004604,
0xf2004615,
0x23808217,
0x2d0222f0,
0x80c8f000,
0xf0002d03,
0x2d0180ce,
0x80a2f000,
0x310ef240,
0xf93af7fe,
0xa005860c,
0x05860e48,
0xf9336e85,
0xf2402313,
0x06863113,
0xf92c4c86,
0xf0402d02,
0x048680a2,
0x07862d14,
0x01f92214,
0xae230026,
0xf6224040,
0x058601b2,
0xf9190a81,
0x46324633,
0x8665f240,
0x12048c05,
0x862300f9,
0x865f0e04,
0x864c9706,
0xf44f0e05,
0x8d0586ad,
0x05860450,
0x06866a0e,
0x86f82688,
0x06863604,
0x0586f80c,
0x2d0268fd,
0x868cf000,
0x8c228105,
0x22810586,
0xf2408083,
0x46203106,
0x0805f04f,
0xf8e6f7fe,
0x22032302,
0x8640f44f,
0xf8df4a05,
0x04862303,
0x8106860c,
0x14f8d814,
0xbbf54220,
0x38de0586,
0xff140886,
0x6a2800f8,
0x01f1b8d1,
0x4fd1f308,
0xff38fff0,
0x94600586,
0xc0600586,
0x5f2d0180,
0x42f44fd0,
0xaf4c0586,
0x4022fff8,
0x83313af2,
0xa8380586,
0x82227ff8,
0x09f24046,
0x10820586,
0x2d02f8a1,
0xf0004681,
0x04868145,
0x01814738,
0xd0f0402d,
0x00f04f80,
0xcb46ca09,
0x40e05146,
0xfe311bf2,
0x86f898f7,
0x1b448206,
0x91340586,
0x402313f8,
0x078606f2,
0xf88a3082,
0xf47f2d01,
0x2313af54,
0x8648f44f,
0x801c8107,
0x3f2d03f8,
0x52af5bf4,
0x4af44fe7,
0x78f7fe71,
0x86400586,
0xe7de0c04,
0x3135f240,
0x866ff7fe,
0x31355207,
0xf240e7d5,
0xe77b3113,
0x783e0486,
0x2df240e7,
0x4fe77531,
0x960800f0,
0x15f240e7,
0x4f700586,
0x40810586,
0x8107863b,
0x07864840,
0x86164081,
0xf8411c05,
0xfa5f4681,
0x0486f38b,
0x05861d22,
0x5ff84212,
0xfff38afa,
0x47f44f22,
0x7e810586,
0xf240f83a,
0xfa5f311f,
0x227ff389,
0x32100486,
0xb1f44ff8,
0x40e07471,
0x058622f2,
0x86f82030,
0x714f2c04,
0x195e0686,
0x235e0786,
0x121c0586,
0x2a5e0b86,
0x13120586,
0x405e0786,
0x058629f2,
0x4ff80b10,
0x86714bf4,
0xf8035e0a,
0x1163f240,
0xf240e045,
0x4620312f,
0xfff1f7fd,
0x3d2c0486,
0x3c810586,
0xffeaf7fd,
0x4f5e0486,
0x86714cf4,
0xffe30e04,
0x375e0a86,
0xe42e0586,
0x5e0886ff,
0x10058636,
0xf240ffdc,
0x81098639,
0xd4f7fd3c,
0xb2f44fff,
0x5be01671,
0x4f22ff46,
0x058644f4,
0x53ffca46,
0x32048646,
0x3205860f,
0xf240ffc3,
0x464b3112,
0xbc300686,
0x61f240ff,
0xfd200011,
0x00ff9cf7,
0x5e840986,
0xffb0f7fd,
0x02b30886,
0x86aaf7fd,
0x863cde05,
0xfd508506,
0x0586a3f7,
0x8506860e,
0xfd260150,
0x86ff9bf7,
0xfed31604,
0xf00300ab,
0x860c03fc,
0xff8f4209,
0xb3058678,
0x2031011a,
0xfd360146,
0x00ffb8f7,
0xfff04f28,
0x98bf0833,
0x272e0746,
0x412d00d1,
0x132300d1,
0x13f24022,
0x18810586,
0x2d02ff77,
0x0486d008,
0x48f44f12,
0x6e420586,
0x062d03ff,
0x40120586,
0x05862df2,
0x40ff6524,
0xf8e8bd46,
0x8408868f,
0x86e7417e,
0xe76b0a08,
0x2b031ef3,
0xe8dfd814,
0x0702f003,
0x04860f0b,
0x0031037a,
0xffe7c023,
0x41f44f22,
0x86e7f971,
0x31051204,
0x2280e7f5,
0x3106f240,
0x100586f1,
0xe7ed3102,
0x06600686,
0x35600586,
0xbd2d01ff,
0x4fe7b3d0,
0xc938fff0,
0x2d0000e7,
0x0d4ff0e9,
0x02b08f46,
0xb86dbcaf,
0xfab2e860,
0xbb1c6161,
0xb24ab261,
0x1949b34b,
0xd2b2dbd1,
0xfdb289b2,
0x78ff3af7,
0xfd462860,
0xfbfe51f7,
0x2869ba6d,
0xff69f946,
0x80fd57f7,
0x4f68bab1,
0x1333fff0,
0xb8605360,
0x07863468,
0x0c86109a,
0xe7e122a6,
0x00a64ba2,
0x928cf8df,
0x62bb18f3,
0xf8df4ba0,
0xfa5f8280,
0x18f3fa89,
0x4b9e627b,
0x623b18f3,
0xf0401c62,
0x49998126,
0xfa5f4653,
0xb289f288,
0xf7fdb2e8,
0xf858ff03,
0xf8592024,
0xfa223024,
0x4558fb03,
0xf100d00f,
0x1c630b01,
0x812af040,
0xfa5f498e,
0x0486f38b,
0x5393002c,
0x30068646,
0x4628fef3,
0x8603f7fd,
0x091c810b,
0xb02802fd,
0x402801d0,
0x848131f0,
0x401c604b,
0x818117f0,
0x7fb2db4a,
0x86b2d249,
0xfed13406,
0xf1001c61,
0xf0403bff,
0x04868113,
0x004a7952,
0x79497793,
0x2004864b,
0x220586db,
0x560586c8,
0x4b75fdd8,
0x91d8f8df,
0x617b18f3,
0xfa5f4b73,
0x18f3f889,
0x4b72613b,
0x4e7018f3,
0x1c6260fb,
0x8109f040,
0x4643496c,
0x580786f2,
0xf859fea5,
0xf8562024,
0x62f83024,
0x6afa40d3,
0xf000429a,
0x461380ff,
0x62fb3301,
0xf0401c63,
0x49618135,
0xf897b2f2,
0x9300302c,
0x81078643,
0x05869340,
0x86fda36a,
0xa940810a,
0x3f2802fc,
0x01af50f4,
0x63d1cd28,
0x4f4a4e1c,
0x38494f4b,
0x20f04079,
0x83068681,
0x86900012,
0x86773804,
0x86873805,
0xfc8d380b,
0xf47f2800,
0x4b45af34,
0xf983fa1f,
0xfa5f1c66,
0xf040f885,
0x4b42810d,
0x46404649,
0x607bb2db,
0x687a4b40,
0xfa83fa5f,
0xf7fd4653,
0x2800fe4f,
0x8209f040,
0x04862600,
0x0b866348,
0x05866948,
0xaf100081,
0xf0402801,
0xf8df816a,
0xfa5f90d8,
0x607bf389,
0xa0ccf8df,
0xf0401c60,
0x492f80fd,
0xf28afa5f,
0x0686687b,
0xfe2a4281,
0x3024f85a,
0x2024f859,
0x429840d3,
0x80fef000,
0x0801f100,
0xf0401c61,
0x492580ef,
0xf388fa5f,
0x0c869300,
0x05861a30,
0x862a3a81,
0x8630720b,
0xaed77205,
0xf0002800,
0x0b868164,
0xd1c6454e,
0x18720486,
0x104b1281,
0x86490f4a,
0x86008206,
0xfdf04404,
0x4a0d4b0c,
0xf8534606,
0x86523024,
0xd1ae7a07,
0x6a3be6b5,
0x6ab96a7a,
0x7812781b,
0xe6d78809,
0xf100a1e8,
0xf100a4f8,
0xf100a1f8,
0xf100a1d8,
0xf100a1c8,
0xf100a1b8,
0xf100a1a8,
0xf100a198,
0xf100a4e8,
0xfa5f6a3b,
0x0a86f08b,
0xd3900036,
0x744a73e6,
0x06ac0d86,
0x4b71e6e4,
0x6d260486,
0x0e866e4a,
0xe8901eac,
0x098658e6,
0x459b2e81,
0xae96f47f,
0x68fbe6e5,
0x6979693a,
0xf34e0686,
0x241c60e6,
0x5f4b61d1,
0x0b865f4a,
0xfd913e81,
0x4b5c4a5b,
0xf8524683,
0xf8531024,
0x40c10024,
0xf43f458b,
0xf10baf09,
0x1c610b01,
0xfa5fd113,
0x9100f18b,
0x32058653,
0x870586e8,
0x00fd8004,
0xdf62fb23,
0x60810d86,
0x1286e7d9,
0x04863c81,
0x05866a5e,
0x8106862c,
0x2cf89706,
0x1c088600,
0x0e86e6c7,
0xe6db3c81,
0x46406a3b,
0xfd3e0a86,
0x00fd45f7,
0xf6f43f28,
0x466a3bae,
0xf06a7a1e,
0x580a86b2,
0xf7fd4640,
0x86e9fd3e,
0x005c810d,
0x5f68fbe7,
0x86f088fa,
0x0e90120b,
0xee1c62e7,
0x26d124b2,
0x5f230049,
0x00f28afa,
0x7b463093,
0xfdb28968,
0x20fd1ff7,
0x1e4a1d4b,
0x06820786,
0xf7fd4630,
0x1c63fd0e,
0x0601f100,
0xb2f3d11f,
0x93004a17,
0x86174917,
0x4f028709,
0xfd0800f0,
0x058605f7,
0x86200072,
0x0486620c,
0x86fcf93a,
0xd808820c,
0xf06a3be7,
0x820c86b2,
0x86e7de06,
0xe6e6200c,
0x840786c8,
0x83088600,
0x7f2e007c,
0x49ae6ff4,
0x5b1c614b,
0xdb4a48d1,
0x078648b2,
0xf8df1a88,
0xf7fd9114,
0x4b42fcc2,
0xfa5f4606,
0x2e00f883,
0x3e01d05d,
0xd1511c62,
0xb2f34940,
0xf289fa5f,
0x38870a86,
0x4628fcb7,
0xfbc7f7fd,
0x46850a86,
0x2802facd,
0xad74f43f,
0xd0e22800,
0x260046b0,
0xeb0b6afb,
0xfa5f0906,
0x4443fa85,
0x09c9eb03,
0xf3c91c63,
0xf3c91007,
0xd1340942,
0x4a2d4b2d,
0x9000492e,
0xb2d2b2db,
0xb2894650,
0xfc8ff7fd,
0x4a254b25,
0xb2db4926,
0x9000f8cd,
0xb289b2d2,
0xea484650,
0xf7fd06c6,
0x6a058682,
0x6afbfb92,
0x00cbea43,
0x601868bb,
0xe545605e,
0x861b4a1a,
0x9f0c850d,
0xf068fbe7,
0x820c86b2,
0xb0e7ab2a,
0x12e7bc46,
0x134a134b,
0x36850f86,
0xf7fd4650,
0x4b09fc57,
0x860a4a09,
0x04861a0d,
0x46e7c37a,
0xf3687a1e,
0x004649b2,
0x02465393,
0x86a4e8e7,
0xa82c8606,
0x40820786,
0x4c820886,
0x4ff0e92d,
0x46924689,
0xaf02b083,
0xb2ce469b,
0x4a2c4680,
0x492c6afc,
0x4b2c1c63,
0xf897d12c,
0xb2db0030,
0x48810686,
0xf7fd4630,
0x4b27fc20,
0x46304a28,
0xf8974928,
0xb2db5028,
0x9500b2d2,
0xf7fdb289,
0x4b24fc14,
0x49254a25,
0x9500b2db,
0x0a2c0886,
0x016b7bfc,
0x00464093,
0x52465b94,
0xff464946,
0x40fcabf7,
0x07860446,
0x0486628c,
0x810e865a,
0x3404864e,
0x4b0ffbf0,
0x46304a10,
0x60058610,
0x95200d86,
0xfbe1f7fd,
0x4a0b4b0b,
0x820e860c,
0xe7c89506,
0x20880586,
0x24880786,
0xf100a448,
0xf1009ce8,
0xf1009d08,
0xf100a438,
0xf1009cd8,
0x06869cf8,
0x461c6881,
0xb08f4680,
0x6d3daf04,
0xf1a56139,
0x60fa0314,
0xd9052b3c,
0x30fff04f,
0x1eb20886,
0x4b801c66,
0x49814a81,
0x808df040,
0x62850686,
0xfa5f006d,
0xf7fdf088,
0x2364fb9b,
0xf688fa5f,
0x43684a7b,
0x1c65497b,
0xf3f3fbb0,
0x4b7a60bb,
0x8e07867f,
0xfd463060,
0x77fb89f7,
0x784a774b,
0x78b2db49,
0x14088661,
0x6d7bfb7f,
0x46059303,
0x4641697b,
0x90009302,
0x0020f107,
0x940168fb,
0xf7ff693a,
0x6a7bff41,
0xd1023301,
0x33016a3b,
0x46abd0bb,
0xf04f2304,
0x61fb0a00,
0x0f01f1ba,
0xbf0869fb,
0x61fb2301,
0x61bb2300,
0x69bb4699,
0xd1632b00,
0x048669fb,
0x41693a3e,
0x7b18eb46,
0x58048660,
0x9302697b,
0x9300687b,
0x68fb9401,
0xff19f7ff,
0x6a3b6a7a,
0xd1011c50,
0xd04a1c59,
0x68ba1a9b,
0xdb434293,
0x2d4b687d,
0xf1b9dc43,
0x86db0f00,
0xebab420b,
0x08860903,
0x3e048642,
0x9000f8cd,
0xfef8f7ff,
0x61420a86,
0x5d420786,
0x04f1b9db,
0xc846cb0f,
0xd82300bf,
0xb72301bf,
0x830c86e7,
0x05866e00,
0x8646300e,
0xf7fd1008,
0x4b35fb06,
0x49364a36,
0x0c866178,
0x01e77828,
0xbb61bb23,
0xb9060586,
0xb90f00f1,
0x01f10ad0,
0x02f1ba0a,
0x5dd1870f,
0x291c6344,
0xc54b284a,
0x290547f3,
0x058628d1,
0x95005c88,
0x86058630,
0x86fae750,
0x86508608,
0xdd5a840a,
0x016d7bfa,
0x82068693,
0x0046414a,
0x4c820586,
0x6a7bfb7d,
0x33016a38,
0xaf17f43f,
0x06863001,
0x20000ed0,
0xf04fe712,
0xe75f0901,
0x46304913,
0x4e841086,
0x0686faba,
0x0e8610b8,
0x00e7ce18,
0x00a458bf,
0x009d18f1,
0x009d28f1,
0x842786f1,
0x4680475c,
0xb0824689,
0x4692af02,
0x2400461d,
0x6a3b6a7e,
0xdb02429c,
0x4ed20686,
0xe88d4623,
0x46520060,
0x46404649,
0xf7ff3401,
0xe7effeb9,
0x4cd30e86,
0x4b142a08,
0x4a14b083,
0xaf024c15,
0xdd15b2c0,
0x3ffff1b1,
0x2103d109,
0xb2db9100,
0xb2a1b2d2,
0xfa63f7fd,
0x46bd3704,
0x0886bd90,
0xf83474b9,
0x24031021,
0xe7f19400,
0x012c0486,
0xe82100d1,
0x1c0c86e7,
0xe7f02400,
0xf100a2e8,
0xf100a2f8,
0x0686a308,
0x460c2481,
0xb0824690,
0x46811c4a,
0xb2c5af02,
0x4a624b62,
0xd1624963,
0xa1c8f8df,
0x44850686,
0xf688fa5f,
0x0000f89a,
0x05869000,
0xdafa5a8f,
0x5b3000f8,
0x3346284a,
0xdb495b44,
0x5a9300b2,
0x588b0786,
0x861cf7fd,
0x4a571c05,
0x49573b04,
0x4b57441e,
0xb2f6b2d2,
0x9600b289,
0x4628b2db,
0xa17cf8df,
0xfa0bf7fd,
0x46214642,
0xf7ff4648,
0xf8dfff90,
0x1c63916c,
0x4b4f4a4f,
0xf8df4950,
0xd1598164,
0x06862400,
0x00462872,
0xf5f7fd94,
0x8afa5ff9,
0x89fa5ff3,
0x88fa1ff2,
0x140686f1,
0x4b46f9eb,
0x46284a46,
0x7a048646,
0x95068694,
0x44f9e142,
0x454a444b,
0x28120986,
0xd7f7fd46,
0x820686f9,
0x00f8df64,
0x88fa5fa1,
0x830c86f6,
0x810a864e,
0x2bf9c44c,
0x294a294b,
0x00f8da49,
0x76880586,
0x08864430,
0x86b2c024,
0xf9b32206,
0x251c0486,
0x044a224b,
0x06492238,
0x86b2f644,
0x9240bc0e,
0x862600e7,
0x46281208,
0xfd140686,
0x1af998f7,
0x193024f8,
0x38140586,
0x8e140786,
0x184b17f9,
0x1846284a,
0x02bd0f86,
0xf981f7fd,
0x4a144b14,
0x180f8615,
0x0c86e79b,
0x088628e2,
0xa2883ce2,
0xa268f100,
0xa278f100,
0xa258f100,
0xa118f100,
0xa4d8f100,
0xa128f100,
0xa138f100,
0xa148f100,
0xa158f100,
0xa0e8f100,
0xa0f8f100,
0xa108f100,
0x5d80f100,
0xa4c8f100,
0xa0c8f100,
0xa0d8f100,
0x74890686,
0xb2cc468b,
0xaf02b093,
0xf8d7498a,
0x63faa068,
0xf1ba63bb,
0x62f83fff,
0x4a884b87,
0x8907865b,
0xfd46203c,
0x85f92bf7,
0x204a854b,
0x07868546,
0xf7fd5a8f,
0x4b83f922,
0x86844a84,
0x4d831007,
0x18260486,
0x864b82f9,
0x4a824004,
0x60284982,
0x400b865a,
0x0486f90b,
0x7d606818,
0x7e4a7e4b,
0x0b865449,
0xfaf8fe1a,
0x5160a86e,
0xff465846,
0x3bfebcf7,
0x586bba6f,
0xfe6bf946,
0x00ff19f7,
0x4fd04728,
0xfa33fff0,
0x1e04866e,
0xf7ff637b,
0x200b86ac,
0x2800ff09,
0x838ff000,
0x06866afa,
0x6af82099,
0x60533744,
0x20990886,
0x4620302a,
0x202af812,
0x102af831,
0xf8ccf7fd,
0x4a564b55,
0x49564620,
0x861a0486,
0xf8c0180a,
0x4a534b52,
0x160d8653,
0x0c86e799,
0x0d86a00e,
0x4ce7a60e,
0x8aea4f4b,
0x7b18e304,
0xe34b4962,
0x46623b18,
0xfb44234b,
0xe34b4a61,
0x4761bb18,
0x7b18e34b,
0x04864561,
0x6efb6118,
0x4b41637b,
0x62bbb29b,
0x2b0c6b7b,
0x8338f000,
0xf1ba3301,
0x633b3fff,
0xf58bfa5f,
0x4b39d13d,
0x6ab94628,
0x4b36b2de,
0x91058632,
0xfd464304,
0x01f879f7,
0xc0464330,
0x004632b2,
0x286ab990,
0x78f7fd46,
0x334b32f8,
0x2004864e,
0xb2b64b2f,
0xf983fa5f,
0x8642464b,
0xfd04d205,
0x01f862f7,
0xc0464b30,
0x004642b2,
0x12068690,
0x6b3af861,
0x48820686,
0x0a86fde6,
0xfe752882,
0xd0452801,
0xf47f2800,
0x6b3baf59,
0xe7b6637b,
0x46286a7b,
0x6a3b881e,
0xf8934631,
0x69fb8000,
0x08048642,
0xfd464b90,
0x118638f7,
0xbbf83754,
0x7b881e69,
0x2a048669,
0x0604863b,
0x28e7bd90,
0x6c840786,
0x840f8618,
0x850c866c,
0x865d8028,
0x586ce70e,
0x30850b86,
0x2b006b3b,
0xf1badd3a,
0xfa5f3fff,
0xf040f58b,
0x4b718099,
0x86714628,
0x70688105,
0x42b2b64b,
0x86463146,
0xfc6c8106,
0x01ffeff7,
0x810c8638,
0xeef7fc12,
0x694b68ff,
0x682c0586,
0x14820f86,
0x86d8f7fc,
0xffd72e11,
0x8207867a,
0x7bfd5c14,
0x5c633b6b,
0x7b18e34b,
0xbb060586,
0x04865b62,
0x0605860c,
0x865a61fb,
0x86428305,
0x617b0604,
0xb29b4b53,
0x0886623b,
0xd16b2081,
0x46284b50,
0xb2de6a39,
0x8309864f,
0xa3f7fc2c,
0x830a86ff,
0x866a392c,
0xffa26a04,
0x86484b49,
0x48188105,
0x18811186,
0x3001ff8c,
0x464bb2c0,
0x08869000,
0x86ff8b12,
0xa422830a,
0x782801fd,
0x22830586,
0x0486ae88,
0x35d15276,
0x394a334b,
0xd2b2db6a,
0x8bfa5fb2,
0x6cf7fcf0,
0x0ff1a0ff,
0x68426805,
0x26048641,
0xe7b0ae75,
0x46284b25,
0x602af833,
0x46314b22,
0x802af813,
0x86424b22,
0x4b900804,
0x55f7fc46,
0x06821186,
0x4b1cff54,
0x1a2e0486,
0x2c04864b,
0x90060586,
0x6b7be763,
0x881e4628,
0x840786bb,
0x866a7b08,
0xfc088408,
0x86ff34f7,
0xfc08840e,
0xfbff33f7,
0xbb881e69,
0x08840586,
0x0e840586,
0x7be78f90,
0x796aba6a,
0x9506866b,
0x00e7aa08,
0x891886bf,
0x0786581c,
0xa1382484,
0x08890686,
0x0686a0f8,
0x0a861889,
0x80c10284,
0x46284ba9,
0x820586a9,
0x0f86a93e,
0xfeee0284,
0x4e811086,
0x4ba1feed,
0x2c0586a1,
0x821186a1,
0x1186d76a,
0x98fed62e,
0x2a870586,
0x61060586,
0x18e34b97,
0x048660fb,
0x9660bb06,
0x7b18e34b,
0x3b060586,
0x05868f60,
0x07864e9e,
0x40f41281,
0x8c809af0,
0x8c46494b,
0xdd46204e,
0x2ab2f6b2,
0xfc463346,
0x01fea9f7,
0xc0463330,
0x00462ab2,
0x20464990,
0xa8f7fc46,
0x854d84fe,
0xad4b854e,
0x86b2f6b2,
0x321a8406,
0x5eb20586,
0xfe93f7fc,
0xb2c03001,
0x90004643,
0x92120886,
0x3c890b86,
0x2801fcab,
0x80abf000,
0xf47f2800,
0x0486ad8e,
0x71d17f76,
0x6f46494b,
0x830a864a,
0xc1fe7274,
0x4842481f,
0xb3280041,
0x810886d0,
0x61d17318,
0x5f46204b,
0x05865e4d,
0xb2ad7e81,
0xb2f64643,
0x46324629,
0xfe5bf7fc,
0x10850a86,
0x5a700686,
0x574d58fe,
0x1386584e,
0x86451c81,
0x441c8111,
0x4ae781fe,
0x52840786,
0x84078647,
0x0b864752,
0x862c5284,
0x2b568211,
0x058641fe,
0x863e5284,
0x3f528405,
0x52840586,
0x6a3be73b,
0x881d4620,
0x4629693b,
0x68fb781e,
0x84058632,
0xfc464358,
0x11860cf7,
0xfe0b1e81,
0x881d68bb,
0x781e687b,
0x0486683b,
0xfbe76126,
0x39693a68,
0x4c9b0786,
0x6b7be77d,
0xbb4a0486,
0x4a04866a,
0x0a866a7b,
0x86fde74a,
0xfde64a10,
0x881d69fb,
0x781e69bb,
0x26890686,
0xf1bae78a,
0xd14e3fff,
0x46204b21,
0x86214a21,
0xfc208d07,
0x1ffdcaf7,
0x204a204b,
0x09862046,
0x0efdc112,
0x204a0b4b,
0x09860b46,
0x0ffdb812,
0x054a0e4b,
0x07860c46,
0x60048612,
0x6b3bfdae,
0x2003ea40,
0x03c5ea40,
0x0886e4b9,
0x86386c89,
0x08488507,
0x648e0786,
0x0a86a128,
0xa0d8048f,
0x648e0686,
0x1a86a4c8,
0x4b58048a,
0xf48bfa5f,
0x46204a58,
0x8c0d8658,
0x76f7fc7e,
0x554b54fd,
0x5546204a,
0x6a180f86,
0x524b51fd,
0x5246204a,
0x5e180f86,
0x4f4b4efd,
0x4f46054a,
0xa1180d86,
0x40f44fe7,
0x40e46163,
0x308d0786,
0x863d62bb,
0x3a6e8905,
0x0c860586,
0x8905863e,
0x05863b74,
0x86397489,
0x36748905,
0x3bb29b4b,
0x006efb63,
0x4df0002b,
0xba3b0182,
0xfb3ffff1,
0x8bfa5f66,
0x2ed13bf5,
0x3946284b,
0x2bb2de6b,
0x008a0b86,
0x3801fd23,
0x008a0986,
0xfc46286b,
0x27fd22f7,
0x0586284b,
0x86241885,
0x0c168711,
0x841086fd,
0x86fd0b40,
0xff568f06,
0x86fa90f7,
0x1f18860a,
0x3b2801fb,
0x0a8a0586,
0xe7b8ac14,
0x8d0586bb,
0x07867b28,
0x863b2089,
0xe420890b,
0x501086fc,
0x1086fce3,
0xe7bf2089,
0x7c821886,
0x348d0c86,
0x488d0886,
0xf100a128,
0x18e34bb9,
0x0486633b,
0xb862bb06,
0x2e820586,
0xfb060486,
0x0586b761,
0x04862882,
0xb0617b06,
0x1c8c0d86,
0x80d8f040,
0x8c0786ad,
0x0b86ac1e,
0xfc941e82,
0x1e8c1086,
0x4ba6fc93,
0x820586a4,
0x1186a51e,
0xfc7d1e82,
0x1e8c1086,
0x0a86fc7c,
0xfa951482,
0xf0402801,
0x048680cb,
0xc0f04074,
0x904b9280,
0x1c8c0d86,
0xf1a0fc5e,
0x4250020f,
0x28004150,
0x4b8ed0b2,
0x623a18e2,
0xfa1f4a8e,
0x18a2f983,
0x4a8c613a,
0x60fa18a2,
0xba060486,
0xa24a8b60,
0x05867a18,
0x86603a06,
0x106a890a,
0x494b8281,
0x0d868246,
0xfc346a89,
0x6a891086,
0x4d7bfc33,
0x867c4e7b,
0x1e4e8813,
0x3e810586,
0x4e880c86,
0x810b861d,
0x0586363e,
0x81213e81,
0x3e810686,
0x4b6880f8,
0x86664649,
0xff66890b,
0x581fc3fb,
0x00415842,
0x0986b528,
0xf0406689,
0x4b5880eb,
0x4d554620,
0x89118656,
0x86fbe768,
0xfb008811,
0x4e4f4d4e,
0x8113864f,
0x86fbd11a,
0xd01a8110,
0x3be782fb,
0x768d1986,
0x1086fbb9,
0xfbb8768d,
0x56841086,
0x8d058623,
0x07863976,
0xe73d768d,
0xf47f2800,
0x0886aabe,
0xd12e1084,
0x46284b29,
0x81058627,
0x0f862836,
0xfb8a488d,
0x34851086,
0x4b21fb89,
0x2c05861f,
0x84118620,
0x01fb7314,
0x840e8638,
0x10fb7214,
0x078611e7,
0x8610248b,
0x0f248b07,
0x248b0b86,
0x6011865a,
0x8608fb59,
0x07248b05,
0x248b0586,
0x90060586,
0xbf00e7cd,
0x108f1886,
0x44891886,
0x568b1886,
0x83118621,
0x86fb200c,
0xeb568b0e,
0x4aa80586,
0x568b0886,
0x863be705,
0xfc568b17,
0x4a1086fa,
0x0e86fafb,
0x8613568b,
0x096a8205,
0x0586a9aa,
0x06866098,
0x80c42684,
0xb2db4aa7,
0x462049a7,
0x3e8b0686,
0x4ba5fad9,
0x46204aa5,
0x8b0986a5,
0xa3fad050,
0x204aa44b,
0x0986a446,
0xa2fac712,
0x054aa24b,
0x0b86a246,
0xfabd628b,
0x08866efb,
0x63fb628b,
0x33016b7b,
0xa9d4f43f,
0x080586fb,
0x0486a9d0,
0x984b9870,
0x4049994a,
0x0786b9f0,
0xfa5f76a3,
0xfa5ff08b,
0xf7fcf48b,
0x6b7bfa9f,
0x04866bfa,
0x34f89724,
0x13ea4f50,
0x03499023,
0x972312eb,
0x05203cf8,
0x5535fff1,
0x8cf582fa,
0x03fb004a,
0x53ea4f53,
0xf0fbb303,
0x19fb00f9,
0x4f4b8935,
0x0506d5ea,
0x400507f0,
0x078696f0,
0xfc462054,
0x71fa78f7,
0x484a724b,
0x5f497244,
0xdbf880fa,
0xd24620b2,
0x00f8cdb2,
0xfcb28980,
0x6dfa72f7,
0xa84a6e4b,
0x6d0004f1,
0x86b2c049,
0x2076a608,
0xe8f8df46,
0x63f7fc81,
0x51464afa,
0xfe465846,
0xdfffe8f7,
0xba91d8f8,
0x643ffff1,
0xf64a654b,
0xed4965b2,
0xccf8dfb2,
0x89f040b1,
0x006a0986,
0x4af7fc96,
0x5f4a68fa,
0x1ff38bfa,
0x86f189fa,
0xb2d21204,
0xfa40f7fc,
0x4a5b4b5a,
0x05864620,
0x0586509f,
0xf7fc50a2,
0x4b5ffa36,
0xfa1f4a60,
0x9500f188,
0x20400486,
0x2cf7fc46,
0x1a6afbfa,
0x136bfb46,
0xff6b7b60,
0x45b942f7,
0x4546204a,
0x188d0f86,
0x4b41fa12,
0x46204a42,
0x180f8642,
0x4b3efa06,
0x46204a3f,
0x180f863f,
0x4b3bf9fa,
0x46054a3c,
0x180d863c,
0x9b0d862e,
0x05864200,
0x9b0a860e,
0xdff7fc5a,
0x254b25f9,
0x2544484a,
0x32820586,
0x0c864620,
0x00f8cd2e,
0xd6f7fc80,
0x204b1ff9,
0x38820586,
0xb2c0491f,
0x00200c86,
0x0f865f90,
0xfc960050,
0x22f9bef7,
0x05861b4a,
0x2af83916,
0x1a048610,
0xb3160486,
0x1c9f0586,
0x86144620,
0x001e810d,
0xa6f7fc95,
0x509f0586,
0x102af838,
0x001a0886,
0x31866c95,
0xa4287c8c,
0x9cb8f100,
0x9cc8f100,
0x409a0686,
0x810786c8,
0x86f82082,
0x86048707,
0x86349f08,
0xff709008,
0x86000000,
0x8671f70d,
0xb5800707,
0x53bbf5a0,
0xf6403b10,
0xaf0042b2,
0xd8034293,
0xfb932041,
0xbd80f0f0,
0x508cf5a0,
0x42903814,
0x2341d805,
0xf0f3fb90,
0x0040f040,
0x20ffbd80,
0xe92dbd80,
0x46984ff0,
0xb08d4683,
0x460daf04,
0x607a6cfb,
0xeb034a9d,
0x6d3c0343,
0x9003f812,
0x033ff009,
0xd90a2b32,
0x33fff04f,
0x3000f8cb,
0x3004f8cb,
0x08864658,
0x014e8581,
0x03f04f2c,
0x25f24002,
0xd8462811,
0xc82301bf,
0xfc2302bf,
0xbef8f4f7,
0x2822066c,
0xb6461146,
0x80f04602,
0xfd463306,
0x01fd97f7,
0xcdf54020,
0x06ea49f8,
0x1c068603,
0xf7fdb2ee,
0x2303fd8c,
0x1a3e0486,
0x409b0686,
0x7f1c61f8,
0x804a7f4b,
0xb0f04049,
0x2e850786,
0xf7fc4630,
0x4b7cf8ec,
0x497d4a7d,
0x04866178,
0x89463014,
0xe2f7fcb2,
0x7b4b7af8,
0x38497b4a,
0xd8140b86,
0x794b78f8,
0xf849794a,
0x140a8660,
0x4b76f8ce,
0x49774a77,
0x140b86b8,
0x4b74f8c4,
0x46824a75,
0xb1098675,
0x8afa5f28,
0xb8f7fcfa,
0x026dbbf8,
0xfb462993,
0x0146816d,
0x18f10793,
0x7a464300,
0xed940068,
0x68f7feb2,
0x387c3bff,
0x7b1c627d,
0x89fa5f61,
0x3b7b3bf9,
0xd77a3b61,
0xfe8018f8,
0x48f8df69,
0x534a52c1,
0x4060fb49,
0x5f80c3f0,
0x86f38cfa,
0x281c8706,
0x97f7fc46,
0x00697bf8,
0x4c462893,
0x4d4a4d4b,
0x06890986,
0x863bf88c,
0x4b4a1605,
0x864b4a4a,
0xf8811609,
0x048668fb,
0x484b4716,
0x0986484a,
0x46f87616,
0x284a474b,
0x06864746,
0x86a034b0,
0xf86b1606,
0x6ca50886,
0x48b00886,
0x606e0486,
0x031c73f8,
0xfff1b8d1,
0x27f43f3f,
0x4f6d7aaf,
0x5f2328ea,
0x02f888fa,
0xcb8303fb,
0x333000f8,
0x02b2f612,
0xcb6603fb,
0x1c6004f8,
0x1aab0f86,
0xf839f7fc,
0x4a234b23,
0x61784924,
0x0eaa0e86,
0xf82cf7fc,
0x3c960586,
0x11863849,
0x1cf81f1a,
0x1d4a1c4b,
0x8660f849,
0xf8121a10,
0x4a194b18,
0x86b84919,
0xf8051a11,
0x4a154b15,
0x0e864682,
0xe73c6aa5,
0x1a8679bc,
0x18863096,
0x0c863886,
0x0c8660a5,
0x861c2886,
0xfb44e30f,
0x21ffd2f7,
0x224a224b,
0x86697849,
0xfb60e310,
0x1dffc4f7,
0x1e4a1e4b,
0x13863849,
0x19ffb61c,
0x1a4a1a4b,
0x8668f849,
0xffa81c12,
0x4a164b15,
0x86164628,
0xa060b210,
0xff9af7fb,
0x4a124b11,
0x68e40e86,
0x9000f8cd,
0x3c86e72a,
0xb5805881,
0x5335f240,
0xaf004298,
0xf240dd11,
0x4298734a,
0xf5b0dd0f,
0xdd0e6f16,
0x236bf640,
0xdd0c4298,
0x6f48f5b0,
0x30fff04f,
0x2004bfd8,
0x2000bd80,
0x2001bd80,
0x2002bd80,
0x8603bd80,
0x056c8707,
0x91461e46,
0xdfaf06b0,
0x7d820cf8,
0xba60f94c,
0x02f03360,
0x0d497c02,
0x434b7cd1,
0xff2020f8,
0x05867b22,
0x26f81808,
0x07861430,
0x051c9081,
0xf61c5ae0,
0x88fa5fd1,
0x0586e2f3,
0xf7fb44b6,
0x6dfbff22,
0x435800c0,
0xfb902364,
0x6db8f3f3,
0xf7ff607b,
0x1e03ffb0,
0xda05617b,
0x34b20c86,
0x49651c73,
0x3a0d8617,
0x61b8ff05,
0x218ef240,
0x7a820586,
0x004b61fe,
0x44eb0424,
0x825cd202,
0x01d07142,
0xf72c4a34,
0x86e7ded1,
0xb2e87c04,
0xfb7e0886,
0x01feebf7,
0xe361b82e,
0x27f44fdd,
0x82058671,
0x8653fe7a,
0x8655380b,
0xe7c23807,
0x18e369fb,
0x2b49613b,
0x6d7bd846,
0x0020f107,
0x46299305,
0x93046d3b,
0x930369bb,
0x9301693b,
0x9300697b,
0x68bb68fa,
0xf7ff9602,
0x6a7bfd83,
0x1c586a3a,
0x1a9bd030,
0x429a687a,
0x693cdc2c,
0x0f00f1b9,
0x69fbd154,
0x0903eba8,
0x0f49f1b9,
0x6d7bd825,
0x86054629,
0x864eb005,
0x0a864808,
0x04f8cd44,
0x5ff7ff90,
0x59480586,
0x07860f1c,
0x05860b48,
0x86c84eb2,
0x9912b209,
0x4fe02b46,
0xd00a01f0,
0x6eb00586,
0x1686e025,
0xbb960252,
0xfa940168,
0x37f7ff68,
0x016a7bfd,
0x05860333,
0xf43f78b3,
0x86a0af59,
0x0b7ab306,
0x86bb61fb,
0x4f7ab305,
0xd10a00f0,
0xb4068646,
0x00f1ba00,
0x86d0840f,
0xd0a47004,
0x0b01f10b,
0x0f02f1bb,
0x4b0bd1eb,
0x2025f853,
0xd90142a2,
0x4025f843,
0x0e058606,
0xd2014542,
0x8025f843,
0xe7312000,
0x0886bf00,
0x6fa86c8c,
0x6fa0f100,
0x79bcf100,
0x048d0686,
0xd9810686,
0x89469358,
0xf8af04b0,
0x1960796b,
0x38f8d746,
0xc3f7ff80,
0x056c7efe,
0x8306861e,
0x0786145a,
0x4b635a83,
0xf8534864,
0x4b632024,
0x0c42eb02,
0x3024f853,
0x0343eb03,
0x44604403,
0x9001f893,
0xe002f893,
0xf8902364,
0x7880c001,
0xe909fb13,
0x030cfb13,
0x443001b0,
0x6c3b4499,
0x0969ea4f,
0x4448b173,
0xfca7f7ff,
0x28ff4606,
0x22ffd10e,
0xdc082901,
0xde810686,
0xc1f7fb16,
0xa9e7cafd,
0xee0000eb,
0x27f44fe7,
0x48e7f571,
0x92f7ff46,
0xeb28fffc,
0x662901d0,
0x46097ff0,
0x068603dc,
0x2334dc81,
0xbd2e0486,
0x89fa5ffd,
0x3c0486f2,
0xdd810786,
0xf7fb0978,
0x2206fda0,
0x8611464b,
0x5a7ac705,
0x3f2001fa,
0x06fd90f5,
0x09ea4622,
0x14068603,
0x14058650,
0x05860086,
0x07860514,
0x05864614,
0x09867c14,
0x0486128d,
0xb8fd8f5c,
0x1a0f00f1,
0x01f1b8d0,
0x02f04f0f,
0x00f04f03,
0x04bf1805,
0x18469a23,
0xaa2502bf,
0x00d11145,
0x86e77620,
0x020e8106,
0x0e810586,
0x81058676,
0x27f44f0e,
0x45e7b771,
0x04f04f46,
0x1ce7eb0a,
0x84fa5f4b,
0x484a1bf9,
0x13491b46,
0x123025f8,
0x312025f8,
0xfb1025f8,
0x18fd7ff7,
0x064a184b,
0x48491846,
0x1a0e8646,
0x1a30fd72,
0x000ff000,
0x9001465b,
0xf8cd4621,
0xf1078008,
0x95000008,
0xf7fe687a,
0x68fbfc22,
0xf43f3301,
0x86bbaf38,
0xaf340805,
0xe7b83501,
0x830786a8,
0x866fa048,
0x6892811a,
0x4ff0e92d,
0x46914688,
0xaf06b08b,
0x461d1c5a,
0xfa5f4606,
0x4b66fb80,
0x4a666cbc,
0x862d4966,
0x5818af07,
0x32f7fb46,
0x644b63fd,
0x6446824a,
0x0a8d0786,
0x28140486,
0x00ebaafd,
0x0ff00a0a,
0x7b4a5f03,
0x5f1c6b60,
0x274b5f49,
0xf0340786,
0x18f7fbb2,
0xb84683fd,
0xacf7ff6b,
0x3b1e03fd,
0x4fda2160,
0x2034fff0,
0x84088646,
0x25f81330,
0x86465830,
0x0162810a,
0x4b4b4bfd,
0x4b46824a,
0x14820d86,
0x0c86e7ca,
0x4fe7d30e,
0x470a00f0,
0x03f81a4b,
0x46230020,
0x43eb0348,
0x915c0901,
0x01d02242,
0xf62b4a33,
0x9be7cdd1,
0x4fe0351a,
0x457127f4,
0x132c01e0,
0x132d01d1,
0x036c7bd1,
0x026c3b93,
0x016bbb93,
0x00462393,
0x41464a94,
0x05863046,
0x06865ad2,
0x445e8681,
0x03e7b442,
0x00d0472d,
0x7ae7b024,
0x05863168,
0x00086a8f,
0x9205683b,
0x93004642,
0x9404464b,
0xb00cf8cd,
0xf7ff9502,
0x68fbfb72,
0x1c5968ba,
0x018aea4f,
0x1c50d1ca,
0x2300d1c8,
0x08864a26,
0x50531ab9,
0x4b23d1b2,
0x68db689a,
0xbfa8429a,
0xbfb8221d,
0x2d012205,
0x850586b8,
0xfb463046,
0xfbfc5ef7,
0x4a93036b,
0x416bbb46,
0x05860246,
0x930122c2,
0xf305862b,
0x00fd3c76,
0x70f6ff28,
0xa42c00af,
0x02f025d1,
0x7f2b0103,
0x86af6bf4,
0x8638810c,
0xe7a22804,
0x1886bf00,
0x08864883,
0xa4284087,
0x7a9af100,
0x78830686,
0x06866fb0,
0x2d405087,
0x412d4100,
0x431e2e42,
0x2f445f2e,
0x1930453c,
0x475a3046,
0x32483731,
0x55324914,
0x4b32334a,
0x344c0f34,
0x2d354d50,
0x4f0a364e,
0x37504b36,
0x05385128,
0x53463852,
0x3a542339,
0x413a5500,
0x001e3b56,
0x3c01003c,
0x1e3d0241,
0x045f3d03,
0x3f053c3e,
0x5a3f0619,
0x08374007,
0x41091441,
0x32420a55,
0x0c0f430b,
0x440d5043,
0x0a450e2d,
0x104b450f,
0x47112846,
0x46471205,
0x14234813,
0x49150049,
0x1e4a1641,
0x185f4a17,
0x4c193c4b,
0x5a4c1a19,
0x1c374d1b,
0x4e1d144e,
0x324f1e55,
0x200f501f,
0x51215050,
0x0a52222d,
0x244b5223,
0x54252853,
0x46542605,
0x28235527,
0x56290056,
0x1e572a41,
0x2c5f572b,
0x592d3c58,
0x5a592e19,
0x30375a2f,
0x5b31145b,
0x325c3255,
0x00aa051d,
0x54cd0586,
0x05861447,
0x1c4a1ede,
0xa07cf8df,
0xf8dfaf02,
0xf8df907c,
0xb2c6807c,
0x0c86d112,
0x463030b8,
0xfbccf7fb,
0xd01f2c00,
0xf1c0dd0d,
0x429c030f,
0xf04fdd0b,
0xe01734ff,
0x3021f81a,
0x2021f819,
0x1021f838,
0x42e0e7eb,
0x4420d4f3,
0xb2c01c6b,
0x400d860e,
0x24009000,
0xb2440486,
0x864620fb,
0x1a4cb806,
0x193025f8,
0x382025f8,
0x001025f8,
0x98e7ef90,
0xa8f100a0,
0xb8f100a0,
0x54b60786,
0x46052904,
0x4614b083,
0xd157af00,
0x05864611,
0xd1f734bf,
0xc74b79fb,
0x4f0100e9,
0x000b00f0,
0x19200122,
0x02fa0068,
0x07f1c2f3,
0xd3400b06,
0x08320140,
0x06fa032a,
0x03ea4af3,
0x86d1f20a,
0x7a908108,
0x46322600,
0x46594650,
0xea4af53f,
0x0001f000,
0xea502100,
0xd0080301,
0x20ff00f2,
0xf53f2100,
0x0886ea4e,
0x01689081,
0xe82e0836,
0x00e9d7d1,
0x08454b23,
0x194542bf,
0x5e1c62d1,
0xe84a5e4b,
0x0c495eb2,
0x20870786,
0xfb49f7fb,
0x86fff110,
0x86028605,
0x8658e908,
0xee1c910c,
0xf22000e7,
0xdf1c53e7,
0xc5b140f8,
0x524b51b2,
0x4c49524a,
0x283c0786,
0x2af7fb46,
0x504b4ffb,
0x80fab04a,
0x28494ff9,
0x4fb2db46,
0x861959ea,
0xfb1d5806,
0x01fff1a0,
0x4b4a424e,
0x4a4a414e,
0x1e05864b,
0x101a0686,
0x494b48fb,
0xf8340486,
0x34078648,
0x06861858,
0x37fb031a,
0x3738ff4a,
0x43424349,
0x9ab2d241,
0x9e058646,
0x0486f354,
0x86faf668,
0xb9268108,
0x520f00f1,
0xb8b146d0,
0x500f00f1,
0x00f1bad0,
0x56bf080f,
0x06bf1846,
0x9d463046,
0x3e950586,
0x95098628,
0xdaf7fb3e,
0x284b27fa,
0x20810586,
0x46284927,
0x1959ea4f,
0x5e810c86,
0xfacaf7fb,
0x03fff1a0,
0x4a22425e,
0x4922415e,
0x0a864b1f,
0x2804863c,
0xfabaf7fb,
0x861e4b1d,
0x1d2c8105,
0x58400586,
0x400e8618,
0x400486aa,
0x0a425302,
0x08415349,
0x1b469a4a,
0x863024f8,
0x04861a04,
0x4ee7a222,
0x46e7b446,
0x9ce7b246,
0xf8f1007a,
0x08f1009d,
0x18f1009e,
0x98f1009e,
0x98f100a4,
0xa8f1009d,
0xa4040486,
0x9db8f100,
0x9dc8f100,
0xa488f100,
0x8678f100,
0x009d0804,
0x00a478f1,
0x009d58f1,
0x869d68f1,
0x4e408406,
0x8346051c,
0x93460cb0,
0xdfaf0246,
0xdfa0ecf8,
0xc690ecf8,
0xecf8dfb2,
0x11861880,
0xfa5f5a85,
0xd13c2801,
0x0f01f1bb,
0x1c60d122,
0x2303d10f,
0x04869300,
0x28048620,
0x0e240486,
0x66850d86,
0xf81ae7e5,
0x20033024,
0x2024f819,
0x10bd0586,
0x86250090,
0xfa444604,
0xc6098628,
0x4f46287a,
0x2132fff0,
0x4df7ff46,
0x004605fe,
0x61d1f128,
0x86d0d31c,
0x04863810,
0xe3fa2936,
0x212803e7,
0x147e0586,
0x5a4628d1,
0x36048646,
0x36058632,
0x1c62d1d6,
0x2301d101,
0x720586b7,
0xcd380886,
0xe1b000f8,
0xf21c63e7,
0x01500586,
0xba500986,
0xfff04fe7,
0x00e7bc35,
0x00a068bf,
0x00a078f1,
0x078688f1,
0x2a084c86,
0xb0834606,
0x4610460d,
0xdd35af02,
0x22084614,
0x8b058629,
0x00fff14c,
0x08d15f28,
0xf52c083c,
0xdf1c6adc,
0xdfb0e4f8,
0x5fa0e4f8,
0xf80086fa,
0x8634d135,
0x8a40d407,
0x40b289f2,
0xcdf7fb46,
0x811f42f9,
0x382a0746,
0x2e2c00d8,
0x0cf1c0dd,
0x3a42a202,
0x6b444cdb,
0x49b2e41c,
0x098629d1,
0x8694002e,
0xf9bd3006,
0xe0312000,
0x0f08f112,
0x4614da0c,
0x0207f06f,
0xb7740686,
0x08bb30ff,
0x08f11434,
0xc4dbf40f,
0x14b302e7,
0x19e7c146,
0x25f81b49,
0x07861a30,
0xe7c72e8d,
0x1f02d0d3,
0x428a4261,
0xf04fdccf,
0xe00832ff,
0xdd102c00,
0xf0021cc2,
0xf1c2020f,
0xe7c20207,
0x81078601,
0x00ff0b40,
0x86d0bd28,
0xb8748208,
0x611cc2d0,
0x26048642,
0xdab2428a,
0x8604e7e1,
0x9400560d,
0xa058e7b3,
0xa038f100,
0xa048f100,
0xb5b0f100,
0x6380f44f,
0xaf00460d,
0x21022200,
0xf7fc4604,
0x2d03fde9,
0x462ad122,
0x23044620,
0xf7fc2106,
0xf10586e1,
0x8106864a,
0xf7fb16df,
0x0486f92d,
0x8106860e,
0xf7fb14df,
0x0e058626,
0xdf810686,
0x1ff7fb12,
0x1a0686f9,
0x46207181,
0xf918f7fb,
0x2d04bdb0,
0x4620d10b,
0xfdacf7fc,
0x63fff400,
0x0304f043,
0x21062203,
0xb6120486,
0xe90586fd,
0x46144f16,
0xb0894683,
0xb2c5af02,
0x4b9a4e9a,
0x1c516179,
0xf0404a9a,
0xfa1f80c4,
0x5ffa0086,
0x5ff982fa,
0x4af883fa,
0x51464346,
0xfb462846,
0x40f90ef7,
0x860002f0,
0x4a08ab06,
0x0c140786,
0x8e2301f9,
0x8e93004a,
0x07868e49,
0x048634c4,
0x58f90116,
0x11f7fb46,
0x03697bf8,
0x062b013b,
0x80f44fd8,
0x05220053,
0xfc465821,
0x62fd78f7,
0x24f8df1c,
0x1cf8df92,
0x14f8dfa2,
0xaef04082,
0x89fa5f80,
0x38830586,
0x16c40686,
0xf8d9f7fb,
0x0302f010,
0xf040617b,
0x1c638100,
0x4b734a75,
0x80a2f040,
0xfa5fb2b6,
0xfa5ffa82,
0x4652f983,
0xaa05864b,
0xc4f7fb4c,
0x00464bf8,
0x5200fdf0,
0x2caa0786,
0x86c3f7fb,
0x69289f05,
0x694b6a4a,
0xdbb2d249,
0x74890586,
0xf7fb4e68,
0x4a68f8b7,
0xfa5f00a3,
0xeb03f58b,
0x4a660a02,
0x0906eb03,
0xeb03b2f6,
0x4a640802,
0x613a189a,
0x189a4a63,
0x4a6360fa,
0x60bb4413,
0xf0401c60,
0x4a5d808b,
0x865b4633,
0x866ad005,
0xf88f5804,
0x1c613001,
0xf040b2c0,
0x4a568085,
0x49544633,
0x2e9f0886,
0xf889f7fb,
0xf7fa4658,
0x2200ff99,
0x5380f44f,
0x68810686,
0x1c62fd04,
0x4b4fd177,
0x864d4628,
0xfb1aa009,
0x47f86cf7,
0x3349464a,
0xcc068646,
0x3c048638,
0x697bf863,
0xf140079b,
0x2807815d,
0xf04fd1c2,
0x462835ff,
0x8407861c,
0x24f8364e,
0x890586a0,
0xf813905e,
0x46518024,
0x4643464a,
0xf84af7fb,
0x08831286,
0x4b2ef848,
0x20014a2c,
0xd00f862c,
0x19e7373a,
0x1a3024f8,
0x1e870786,
0xf836e750,
0x09866024,
0x4631a052,
0x4653464a,
0xf821f7fb,
0x82058653,
0x09864a46,
0xf8204682,
0x4a184b1a,
0x9e118618,
0x99e75864,
0x983000f8,
0xba2000f8,
0x721000f8,
0x000e0d86,
0xbbe77890,
0xfa462868,
0x07863968,
0xf7fa54d1,
0x0486fff4,
0x86617822,
0xe7852408,
0xf1009ff8,
0xf1009fd8,
0xf1009fe8,
0xf1009f88,
0xf1009f98,
0xf1009f78,
0xf1009eb8,
0xf1009ed8,
0xf1009ec8,
0xf100a028,
0xf100a018,
0xf100a008,
0x00a54b90,
0x0205eb08,
0xf88bfa5f,
0x617b18eb,
0x60fa4b8d,
0x0205eb0a,
0x613b18eb,
0x60ba4b8b,
0x0205eb09,
0x607a18ee,
0xf983fa5f,
0xd17f1c61,
0x464b4a85,
0x83058683,
0xfa464036,
0x01ffb4f7,
0xc01c6230,
0x7fd179b2,
0x7d464b4a,
0x34830786,
0xaf1a0486,
0xfa4658ff,
0x86febff7,
0x2a1c850c,
0x6b1c63fc,
0x404b77d1,
0x774a7746,
0x34830786,
0xff92f7fa,
0x496f4a70,
0x864b4682,
0x861ead05,
0xff893c04,
0x0f02f01a,
0x8083f000,
0xd1c42807,
0xfa5f4b6e,
0xeb05f68b,
0x4b6c0a03,
0x0903eb05,
0x441d4b6c,
0xf883fa5f,
0xd1551c60,
0x46434a68,
0x81058666,
0xfa46300e,
0x86ff6df7,
0x4f448406,
0x434a62d1,
0x07866046,
0x04860e81,
0x0586681a,
0xfe780e81,
0x42840c86,
0x1c62fbe3,
0x4b53d141,
0x4a534630,
0x81098654,
0x53ff4b0e,
0x4349514a,
0x42840786,
0x423c0486,
0x9b697bff,
0x07d53c07,
0xded1c528,
0x79693ae6,
0x05863369,
0xe77e7e82,
0x000c0a86,
0x7be78490,
0xba464068,
0x8668f968,
0x261c8308,
0x200486ff,
0x06864682,
0x2be79222,
0x07869978,
0x86a82683,
0x90000c0b,
0x687be7ae,
0x3a0d8630,
0x782bff09,
0x08866178,
0x04e7bc22,
0x05862122,
0xfd0b02b8,
0x28004605,
0xae9ef47f,
0xfa5f4658,
0xf7faf68b,
0x2303fe0f,
0x21612208,
0xf7fa4630,
0x4b26feee,
0x4a262801,
0xd1214927,
0x3ffff1b4,
0x91078616,
0x86900014,
0xfee71e04,
0x0207f06f,
0xe7480686,
0x58bb10fc,
0xf0f7fa46,
0x542200fd,
0x0a048621,
0x8673fe9d,
0xe40eda0f,
0x071c60e7,
0x95420886,
0xc6420486,
0x0d86e7fe,
0x950032d1,
0x4605e7f3,
0xbf00e657,
0x58840886,
0x06869eb8,
0xa0185484,
0x64840686,
0xf1009ea8,
0xf1009e98,
0xf1009e88,
0xf1009fa8,
0xf1009fb8,
0x06869fc8,
0x2154308d,
0xb09b4604,
0x461daf02,
0xf8d74693,
0xf7fa6088,
0xf240fe53,
0x63381149,
0xf7fa4620,
0xf240fe4d,
0x62f8114b,
0x470c0486,
0xa5f44ffe,
0x0586b871,
0x4ffe410c,
0x7871a6f4,
0x3b0c0586,
0xa1f44ffe,
0x05863871,
0x4ffe350c,
0xf8718df4,
0x0c048661,
0xf240fe2f,
0x86b81121,
0xfe290c05,
0x7181f44f,
0x0c058678,
0x2d03fe23,
0xd9036138,
0x32fff04f,
0xbd89f000,
0xf0002e00,
0x4bb281c9,
0x4ab2b2e6,
0x0800f04f,
0x463049b2,
0x0985ea4f,
0x9c0d86c2,
0x00f8cd60,
0x48f7fa80,
0xac4babfe,
0xac20024a,
0x029b0d86,
0x5a820686,
0x4ba7fe3a,
0x46304aa8,
0x1c0d86a8,
0x2c380686,
0xa44ba3fe,
0xa446304a,
0x1e1c1386,
0xa0499ffe,
0x01eb094a,
0x0965fb03,
0xbb0302eb,
0x864b9d65,
0xeb092204,
0x04860003,
0x30657826,
0x0a810586,
0x072e0686,
0x974997fe,
0x3b2e0586,
0xfb2e0586,
0x0d869564,
0x0164b82e,
0x2e048620,
0x14810686,
0x498efdf0,
0x2e05868f,
0x0486647b,
0x8c643b2e,
0xf82e0d86,
0x0b860d63,
0xfffdd92e,
0x49f24023,
0x4a9f0586,
0xfdaaf7fa,
0xf44f23ff,
0xeb0586a5,
0xa3f7fa3a,
0xde23c0fd,
0x1ae80586,
0xfd9df7fa,
0x810786c0,
0xf7fa48bc,
0x4b79fd97,
0x63bb444b,
0x444b4b78,
0x4b78637b,
0x08864499,
0x46206a87,
0xfa35f7fc,
0x6b7a6bbb,
0xf8b94630,
0xf10a1000,
0x781b0a01,
0x04867812,
0x4d280040,
0x01f108d0,
0x03f1bb08,
0xb8d1390f,
0x460f05f1,
0x0ff1bad9,
0x7bd9560f,
0x1aea4f6d,
0x016dba10,
0xc06df938,
0xdd0a86b2,
0x8af7fa5e,
0x3a6bfbfd,
0x0df10a6c,
0x006c7900,
0x09860ff0,
0x048640df,
0xbbfd7c1c,
0x4f6cfa6c,
0x39009aea,
0x02f0006d,
0x40781b00,
0x860001f0,
0xfd6c200a,
0x308cf8d7,
0xf0002b00,
0xf04f80b9,
0xe00f0b00,
0x0f04f1bb,
0xf1b8d10c,
0xd9090f09,
0xf3ca6d7b,
0x6dba1007,
0x06866df9,
0x80e7c654,
0x306bfb46,
0x796c3a46,
0x8708866c,
0x0cfd430c,
0x82f00028,
0x86220180,
0x497ef006,
0x892800fb,
0x546b3ad0,
0xfa462021,
0xfafd01f7,
0x8106866a,
0xf7fa46bf,
0x6abafcfb,
0xbf810686,
0xf5f7fa46,
0x866a7afc,
0x46bf8106,
0xfceff7fa,
0x06866a3a,
0xfa46bf81,
0xfafce9f7,
0x81068669,
0xf7fa02f0,
0x69bafce3,
0xef810686,
0xddf7fa7e,
0x86697afc,
0x7aef8106,
0xfcd7f7fa,
0x0686693a,
0xf7fa6890,
0xf8d7fcd1,
0x81058694,
0xd7851540,
0x4f3090f8,
0x2932fff0,
0x00462046,
0x1804862b,
0x2201bf08,
0xf7ff435a,
0x4602faff,
0xbc20f000,
0x8b0b8678,
0x009f4874,
0x009f58f1,
0x009f68f1,
0x009f18f1,
0x009f28f1,
0x009f38f1,
0x009ee8f1,
0x009ef8f1,
0x869f08f1,
0xa8089b06,
0x98f100a0,
0x48940786,
0xf100a078,
0xf100a068,
0x92078658,
0x00a03840,
0x009e28f1,
0x009e38f1,
0x009e48f1,
0x306cbbf1,
0x396cfa46,
0x2e820786,
0xfcb5f7fa,
0xf47f2803,
0x6d7baf72,
0x0a864630,
0xf7fa4682,
0x280ffca9,
0xaf66f47f,
0x810786ff,
0x1149549d,
0xfc7ff7fa,
0x4f0e0686,
0xfa71a5f4,
0x86fc78f7,
0x709d8106,
0xf7fa21de,
0x0a86fc72,
0xfc6c5684,
0x8659e751,
0x21688205,
0x03f1bbfb,
0x86d1510f,
0x5e7e840a,
0x58280b86,
0x810886fc,
0xf7fa20fa,
0x8632fc3f,
0x04865605,
0x0586390c,
0x8206860c,
0x1ffc336c,
0x41f24022,
0x28830586,
0x221ffc36,
0xf2406378,
0x0e058642,
0x2380fc2f,
0x068664b8,
0x867c9e81,
0xfc311004,
0x0486231f,
0x5c06862a,
0x0e05862a,
0x0e078642,
0x2d02fc23,
0x2d03d05d,
0x2d01d067,
0x2350d129,
0xfa810886,
0x16f7fa34,
0x0e0486fc,
0x862921f4,
0x06548405,
0x324bddd1,
0x20210b46,
0xfc781b46,
0x86f8b5f7,
0xbe468106,
0x0b2300fa,
0xfc4a0586,
0x86f8abf7,
0xa422860c,
0xbb2300f8,
0x53637b64,
0x460486e0,
0xfb810686,
0xecf7fa28,
0x620686fb,
0x62058617,
0x2103fbe5,
0x9b460486,
0x3a0c86fa,
0x2d02f887,
0x86aff000,
0xbc20f305,
0x242d0181,
0x0b860fd1,
0xfbcb1681,
0xf40e0486,
0x68810586,
0x22a4fbc5,
0x6005862c,
0xfb810686,
0xbcf7fa4a,
0x45600786,
0x86e7ce11,
0x86ef0a04,
0x86b12805,
0x21f51605,
0x0486e7c4,
0x8108863c,
0x0586a60c,
0x8108864a,
0x86fb9f0c,
0x86827604,
0x818d7605,
0xd0d12d01,
0x06862284,
0x867f0486,
0x0d2a8305,
0x004b9ed1,
0x9e4a9e20,
0x228a0f86,
0xf7fab2e0,
0x4b9afba9,
0x4a9ab2e6,
0x0900f04f,
0x8a068699,
0x0f860866,
0xfa90108a,
0x93fb96f7,
0x304a944b,
0x10869446,
0xfa902c8a,
0x8ffb88f7,
0x084a9049,
0x2c8a0586,
0x8a058608,
0x05868d2c,
0x86085089,
0x902c8a12,
0xfb71f7fa,
0x86874987,
0x86602e06,
0x85602e05,
0x862e0e86,
0x866ab205,
0xf04f2e06,
0xf7fa0901,
0x497dfb58,
0x46304a7e,
0x3b340486,
0xfb620586,
0x05867b64,
0x30048634,
0x0a03eb08,
0x425e0a86,
0x764975fb,
0x7b5e0586,
0x2a048664,
0x8673643b,
0x0e865e0d,
0xfb2b5c8a,
0x2c8d0586,
0x38f8c7fa,
0x50f8df90,
0x04f1bb91,
0xd9d10a0f,
0x003000f8,
0x20210b22,
0xdb43db46,
0x00f8c9b2,
0x9bf7fb30,
0x830686ff,
0x80f44f62,
0x94f7fb53,
0x59462aff,
0x02f50586,
0xd705866a,
0xbb82c640,
0x002b006b,
0x0786d1f0,
0xf7fe0a89,
0x4602ff12,
0xf0402800,
0x65388224,
0x09640486,
0x866d3afa,
0x8674400a,
0xff4a4009,
0xb5260486,
0x88088680,
0xf5f7fe3c,
0x3a0686fe,
0x04868207,
0xbbf9ed38,
0x4d0f03f1,
0xc02300d1,
0x0586de22,
0xfaa95283,
0xe10c0486,
0xa30c0586,
0x098600fa,
0xfa8a6a86,
0x81078600,
0xf7fa1cc9,
0x0c058684,
0x6a860686,
0x8601fa7e,
0x86449a07,
0x86102606,
0x86449a07,
0x86830e04,
0x08861c05,
0x867c5c89,
0x06861c07,
0xfa755e89,
0x3034f897,
0x26870a86,
0x4620fa6d,
0x8648f897,
0x21421205,
0xfa65f7fa,
0x707af44f,
0xfa47f53e,
0xf7fb4620,
0xf641fef8,
0x220373f8,
0x86064003,
0x037cad05,
0x00e53bff,
0x867a9cbf,
0x86609506,
0xb8788908,
0x0c910786,
0x900786d8,
0x869e9878,
0x78089106,
0x68f1009e,
0x58f1009e,
0x8926869e,
0x85068678,
0x8606867c,
0x86fa2136,
0x86450e06,
0xfa1a0e05,
0xe6812294,
0x86120486,
0x123e8606,
0xf51e0586,
0x0c0c0586,
0x7322b4fa,
0xdf4620e6,
0xfaa334f8,
0xc8f940f7,
0x0986c849,
0x4bc75684,
0x0902eb08,
0x1025f831,
0xf8124498,
0x84058625,
0x13f7fa24,
0x2207c1fa,
0x8c0886d5,
0x86f81a5e,
0x3a1a8306,
0x4e048681,
0xf1bbf920,
0xf0400f04,
0x068680e7,
0x866a9781,
0xca308408,
0x30840586,
0x96098683,
0xfb46205c,
0xd7fe7cf7,
0x830a86e0,
0x0786f662,
0x86161c84,
0xf8fc4805,
0x12480486,
0x461486d1,
0x460d8660,
0xe002fe59,
0x0f03f1bb,
0x0886d0f4,
0xfe2b3e84,
0x0886b928,
0xfdd97284,
0x6d39e7d3,
0xf8994630,
0xf8982000,
0x88093000,
0xf9b3f7fa,
0xd5c207c2,
0x69600486,
0x280886d1,
0x0686fdc5,
0x8680d77e,
0x86bd7e04,
0xd1637e05,
0x04864a88,
0x8668137a,
0x60137c04,
0xf7fb2200,
0x0c86fe22,
0xfe1b7285,
0xf1740886,
0x86b948fd,
0x9e4c810a,
0xb04e0786,
0x8c108680,
0x7bf97568,
0x016dba6d,
0x90108630,
0x86f97132,
0x86817804,
0xfb708a0b,
0x39fdecf7,
0x00f8986d,
0x81068630,
0x3e04863e,
0x3e058656,
0x6df94682,
0x08864630,
0x1af94c52,
0x000f01f0,
0x0780fbf0,
0xffd1c728,
0xbbbae9f7,
0x9b0f03f1,
0x07860cd1,
0xff4a5a81,
0x0486e791,
0x86d1b912,
0xfdbe5c0c,
0x4a524b52,
0xd0058630,
0x890a8672,
0x25f7fa3a,
0x062801f9,
0x0bf06fd1,
0x3e068602,
0xe799ff2b,
0x86f82204,
0xf43f4205,
0x0886af20,
0xfd797081,
0x64820a86,
0xe6fdfd27,
0x46306d39,
0x3000f898,
0x2a810886,
0x07c3f901,
0xaeedf53f,
0x0f04f1bb,
0x82098631,
0x02fd1266,
0x86bb2846,
0x86768405,
0x37628205,
0x11862fd1,
0xfd716282,
0x62820c86,
0x0886fd6a,
0xb0fd4072,
0x820a86b1,
0x0586df62,
0xd0471088,
0x86644610,
0xbb1a9e07,
0xd10f03f1,
0x76810986,
0xe7c9fecf,
0xd62e0a86,
0x2e0486fc,
0x86e7d0df,
0xdb488105,
0x0a820d86,
0x0886fd39,
0x0e8678ec,
0xf8a00a82,
0x0a820e86,
0x86dcfea6,
0x000a8205,
0x9d0c86bf,
0x867a9c0c,
0x8670900e,
0x7d708310,
0x831686f8,
0x20f87970,
0x89f7f946,
0x810c86ff,
0x86fcf40a,
0x5e708310,
0x863e0586,
0x5470830e,
0x01f01af8,
0x07d0030f,
0xffd1c828,
0x6fb9f2f7,
0x078603f0,
0x86552281,
0x7f148205,
0x098675f4,
0x86162683,
0x7f548605,
0x66af6cf4,
0x306cfae5,
0x9a6d3946,
0x863000f8,
0xf8304806,
0xd1302803,
0x489b1086,
0x280ff825,
0xa9c7f43f,
0x32830886,
0x82058639,
0x4bf47f3a,
0x016cfaaf,
0x400a8620,
0x46810686,
0x6bfbf816,
0x200d6c3a,
0x7c940886,
0x0b160686,
0x5c810586,
0x2300ff1b,
0xe4e063bb,
0x86036cfa,
0xf7f9380f,
0x0486fffa,
0x09860538,
0xd7e7e238,
0x182094f8,
0x2dbf00e7,
0x4d47f0e9,
0x82460c1c,
0x0ff002b0,
0x024b2d06,
0x2d4a2daf,
0x28b2c549,
0x589b0886,
0x283e0696,
0xd9f7f946,
0xb4f8dfff,
0x272e0590,
0x284a284b,
0xacf8df49,
0x344e2880,
0x1c1c60d8,
0x60e80986,
0x04869400,
0x86ffc528,
0x884aa406,
0x0786b1f2,
0x00ffbc12,
0xaf068620,
0xe70e866c,
0x0586d20c,
0xf04f2a9c,
0x0c860a00,
0x04866cbf,
0x36ffa332,
0x191024f8,
0x183024f8,
0x862024f8,
0xe7da1604,
0xd1011c60,
0x86c92401,
0x86013407,
0xe7e43409,
0x0c86bf00,
0xa1684cb3,
0xa178f100,
0xa188f100,
0xa228f100,
0xa208f100,
0x8618f100,
0x402cb707,
0x1c1149f2,
0x02b08b46,
0x162300af,
0x3b468046,
0xbb617b61,
0xf961fb61,
0x63ff27f7,
0xb960781c,
0xba4aba4b,
0xcb0a8649,
0x0020015c,
0x88fa5f90,
0x88fa5ff0,
0x58f7f9fb,
0x212206ff,
0xff464046,
0x01ff65f7,
0x80230725,
0x81f24022,
0x00465821,
0x4af7f995,
0x9a0886ff,
0x0686401e,
0x2b950a83,
0x8e220246,
0xf9465821,
0x04ff3cf7,
0x40d1682e,
0x96f7fb46,
0x6a07c6fb,
0xa64640d5,
0x90f7fb00,
0x402201fb,
0x060380f0,
0x07464021,
0xaef7fb25,
0xf34b9dfb,
0x9c60fb18,
0x03eb064b,
0x1e4b9c0a,
0xbbb2db44,
0x01f04f60,
0x4a230009,
0x4a048646,
0x9000f8cd,
0xff15f7f9,
0x00100486,
0x5c068693,
0xf107ff0e,
0xeb030320,
0xf8530384,
0x2b003c10,
0x1c60d147,
0x4a8bd13f,
0x68bb498a,
0x68b80686,
0xfef4f7f9,
0xf080fab0,
0xb1300940,
0x012c0486,
0x2e048622,
0x2c10f843,
0x0686462a,
0xfefe4e81,
0xb2ed3501,
0xd1c82d17,
0x014c0c86,
0x86dc322b,
0xed708108,
0x13e02cfe,
0x64ac0586,
0x7c9f0a86,
0x2e03e772,
0x81058699,
0xc5fb2b56,
0x4fd59407,
0x8630fff0,
0xf948c908,
0x9a783368,
0x52860586,
0x2b01e7be,
0x1c61d1cf,
0x4a66d163,
0x810b8665,
0x0786aa14,
0x28003eb8,
0x6d7bd0bb,
0xa1a8f8df,
0x91a0f8df,
0xd1552b00,
0x4d5e1c62,
0xd1744e5e,
0xfa5f4b5e,
0x495ef289,
0xb2ad4658,
0xb2dcb2f6,
0xf38afa5f,
0xf7f9b289,
0x6cfbfe8d,
0x46294632,
0x46234418,
0x9000b2c0,
0x8b4e0486,
0x058623fe,
0x048628d5,
0x52fe7d0c,
0x044a524b,
0x0b865238,
0x465858cf,
0xf7f92400,
0x4640fe78,
0xfad4f7fb,
0x22014b4d,
0x40032106,
0xf30e0486,
0x3a910786,
0xf7f94640,
0x2301fe2d,
0x34830686,
0xf7f99400,
0x0486fe61,
0x40fd7114,
0x86687a46,
0xf7f92204,
0x4620fe1d,
0x0a86e78d,
0xe79a5c81,
0xf04f6d3b,
0x493535ff,
0x6d7b2b00,
0x2501bf08,
0x1c63435d,
0xb0098610,
0x81068656,
0x42fe356a,
0x86b2d219,
0x49488206,
0x8e2800fe,
0x09866bd0,
0xf83146af,
0xe7ec1024,
0x3024f835,
0x60fb4658,
0x4a274b22,
0x86164922,
0x2518a807,
0xb20c864b,
0x11f7f952,
0x4a6cfbfe,
0x1868f946,
0x09865344,
0xfe0f7881,
0xf8164b19,
0x46582024,
0x1024f835,
0x9024f833,
0x04864b14,
0x0486113c,
0x60fb3006,
0x0805860d,
0xfdf3f7f9,
0xb2c03804,
0x900068fb,
0x46494652,
0xa318e777,
0xa328f100,
0xa338f100,
0xa248f100,
0xa238f100,
0xa508f100,
0x18ba0686,
0xe4078698,
0x0f86d874,
0xff7f34c8,
0x0886000f,
0xf00448ce,
0x0059e51f,
0x860f0100,
0x28d08107,
0x86080886,
0x08861010,
0x00020308,
0x00020400,
0x00020500,
0x00020600,
0x00020700,
0x00020800,
0x00020900,
0x00020a00,
0x00020b00,
0x04860c00,
0x81078620,
0x088614b4,
0x10108608,
0x20080886,
0xd1810786,
0x08088634,
0x86101086,
0x28860808,
0x07860478,
0x8618b581,
0x10860808,
0x08088610,
0x81078610,
0x088610d2,
0x10108608,
0x86080886,
0x003f7828,
0x86040486,
0x10860808,
0x0c0a8610,
0x06860218,
0x1a70b681,
0x81068602,
0x021c48b6,
0xb6810686,
0x86022138,
0x64b68106,
0x06860223,
0x071cb781,
0xb6810786,
0x08088678,
0x86101086,
0x86800808,
0x08860404,
0x10108608,
0x860c0b86,
0x86067828,
0x08b88107,
0x86080886,
0x08861010,
0x07864008,
0x864cd481,
0x10860808,
0x08088610,
0x86782886,
0xe4408228,
0x81068601,
0x01e620bb,
0xba810686,
0x8601e878,
0x68ba8106,
0x068601ea,
0xec14bb81,
0x81068601,
0x50864cbb,
0x28864082,
0x82508678,
0x78288640,
0x40822886,
0x068601c3,
0xc52cbf81,
0xc6000001,
0x81068601,
0x01c868bf,
0xbf810686,
0x8601ca34,
0x24bf8106,
0x825386cc,
0x78288640,
0x40825086,
0x86782886,
0x1cd5810c,
0xb6040486,
0xb9000001,
0xbc000001,
0xbf000001,
0x7f000001,
0x04048600,
0x00080886,
0x00016c00,
0x00017e00,
0x00019000,
0x8601a200,
0x8674d806,
0x867cd808,
0x03900404,
0x03910000,
0x03920000,
0x03930000,
0x75401286,
0x87000001,
0x99000001,
0xab000001,
0x89068601,
0x07860514,
0x86075c81,
0x207c8807,
0x44810786,
0x00000080,
0x0486015d,
0x08088604,
0xb4302286,
0x04048601,
0x86080886,
0x12008112,
0x1f000003,
0x2c000003,
0x39000003,
0x20811386,
0x17101086,
0xf4000001,
0x45000000,
0xf5000001,
0x46000000,
0x13000001,
0x01000001,
0xef000001,
0x7c810f86,
0x10040486,
0x1d000003,
0x2a000003,
0x37000003,
0x20128603,
0x00000308,
0x00000315,
0x00000322,
0x2013862f,
0x00000373,
0x0000037b,
0x00000383,
0x2013868b,
0x00000372,
0x0000037a,
0x00000382,
0x2013868a,
0x00000370,
0x00000378,
0x00000380,
0x20138688,
0x00000371,
0x00000379,
0x00000381,
0x40238689,
0x70822086,
0x040486b5,
0x86080886,
0x0174dc07,
0xc2810786,
0x0b860348,
0x4804860c,
0x30178608,
0x861c0486,
0x04860808,
0x08867064,
0x00000008,
0x0404869a,
0x9b000000,
0x86040486,
0x86983023,
0x00000404,
0x04869900,
0x30238604,
0x04048696,
0x97000000,
0x86040486,
0x9e408123,
0x86040486,
0x07860808,
0x821c8618,
0x30108620,
0xc4810886,
0x38048664,
0x86340486,
0x860c6404,
0x30e18107,
0x000000c0,
0x04048695,
0x86080886,
0x9c108123,
0x86040486,
0x23860808,
0x10861081,
0x81208630,
0x04869d10,
0x08088604,
0xb6302386,
0x86040486,
0x13860808,
0x000f0083,
0x86f00000,
0x00000808,
0x0486d200,
0x00000004,
0x040486d3,
0x91602386,
0x86040486,
0x23860808,
0x8602bb60,
0x00000404,
0x040486bc,
0x60901386,
0x000000ce,
0x000000d0,
0x000000cf,
0x700786d1,
0x86040486,
0x86780808,
0x08860404,
0x30138608,
0xca501086,
0xcc000000,
0xcb000000,
0xcd000000,
0x86502386,
0x20863010,
0x868e4083,
0x08860404,
0x81138608,
0x00016100,
0x00016200,
0x00016300,
0x86016400,
0xf8008112,
0x86040486,
0x13860808,
0x88108630,
0x20108610,
0x10852086,
0x0404868f,
0x86080886,
0x50208a13,
0x58000003,
0x60000003,
0x68000003,
0x86410486,
0xc840831f,
0x00040486,
0x86c90000,
0x23860404,
0x86c67083,
0x00000404,
0x0486c700,
0x30238604,
0x040486c4,
0xc5000000,
0x86040486,
0x90008523,
0x86040486,
0x23860808,
0x02802087,
0x86040486,
0x1a860808,
0x8628cc81,
0x34861a1a,
0x68688634,
0x81508186,
0x32328650,
0x2303b580,
0xee0caf00,
0xf3bf3f50,
0xf0008f6f,
0xf000e830,
0xf3bfe832,
0xbf308f4f,
0x0000bd80,
0x211cb590,
0xaf004a0b,
0x4470f04f,
0x0304ea00,
0x40cb3201,
0xb2db3904,
0x2b090924,
0x3c01f802,
0x3337bf88,
0x3330bf98,
0x0b0c0486,
0x00d1ed1d,
0xccbd9048,
0x80010002,
0x004603b5,
0x59781aaf,
0x18b90a1c,
0x0bbd801a,
0x86e7f846,
0xf0448505,
0x7329e51f,
0x0486f0d4,
0xd4720d08,
0x783020f0,
0x000a0d00,
0x3a003a45,
0x20200020,
0x550a0d00,
0x4b4f5a4e,
0x4fff0021,
0x1001d503,
0xf821d53e,
0xf821927f,
0xf821927e,
0xf821927d,
0xf821927c,
0x10019273,
0x3fdfd51e,
0x0ea0d503,
0x00015800,
0x1021b940,
0x8024531b,
0x01011100,
0x0e433400,
0x00615800,
0x80608b04,
0xc3e29100,
0x44023200,
0x003fb800,
0xffc1eb00,
0x0da054ff,
0x00025800,
0x00021280,
0x0d80b900,
0x86015800,
0x86012405,
0x8600240d,
0x0ce0240b,
0x001f5800,
0x00b3b900,
0x1e73d538,
0x027fd340,
0x0540f100,
0x09605400,
0x05861800,
0x32000078,
0xb9000001,
0x10048600,
0x00140586,
0x0008e1b9,
0x80054218,
0x00002252,
0x0008a4b9,
0x40008418,
0x00009fb9,
0xffffa071,
0x00067f54,
0x000100f1,
0x000a7f54,
0x048680f1,
0xf1000e08,
0x54000200,
0x06860462,
0xfffffe30,
0x00072317,
0x80002218,
0x00006252,
0x860642b9,
0x00801806,
0x0683d61f,
0x62180a86,
0xe3180b86,
0x180a8605,
0x180b8682,
0x18000541,
0x06860042,
0x00044110,
0x86082218,
0x0a420c06,
0x62080686,
0xc2100786,
0x86340786,
0x03243c08,
0x34810e86,
0x0e8602c4,
0x0f866410,
0x07862210,
0x8601e138,
0xc4088106,
0x20058601,
0x810886f9,
0xf0200008,
0xf02004ff,
0x0586f0ff,
0xf0116f84,
0xf021010c,
0xf0210114,
0xf0210118,
0xf021011c,
0x10048608,
0x00ffe410,
0x05862101,
0xf0100423,
0x08f00686,
0x08068618,
0x07861180,
0x07861410,
0x20088610,
0x86180886,
0x004c850a,
0x00000000,
0x00000000,
0x00000000,
0x00000000,
0x00000000,
0x00000000,
0x00000000,
0x00000000,
0x00000000,
0x00000000,
0x00000000,
0x00000000,
0x00000000,
0x00000000,
0x00000000,
0x00000000,
0x00000000,
0x00000000,
0x00000000,
0x00000000,
0x00000000,
0x00000000,
0x00000000,
0x00000000,
0x00000000,
0x00000000,
0x00000000,
0x00000000,
0x00000000,
0x00000000,
0x00000000,
0x00000000,
0x00000000,
0x00000000,
0x00000000,
0x00000000,
0x00000000,
0x00000000,
0x00000000,
0x00000000,
0x00000000,
0x00000000,
0x00000000,
0x00000000,
0x00000000,
0x00000000,
0x00000000,
0x00000000,
0x00000000,
0x00000000,
0x00000000,
0x00000000,
0x00000000,
0x00000000,
0x00000000,
0x00000000,
0x00000000,
0x00000000,
0x00000000,
0x00000000,
0x00000000,
0x00000000,
0x00000000,
0x00000000,
0x00000000,
0x00000000,
0x00000000,
0x00000000,
0x00000000,
0x00000000,
0x00000000,
0x00000000,
0x00000000,
0x00000000,
0x00000000,
0x00000000,
0x00000000,
0x00000000,
0x00000000,
0x00000000,
0x00000000,
0x00000000,
0x00000000,
0x00000000,
0x00000000,
0x00000000,
0x00000000,
0x00000000,
0x00000000,
0x00000000,
0x00000000,
0x00000000,
0x00000000,
0x00000000,
0x00000000,
0x00000000,
0x00000000,
0x00000000,
0x00000000,
0x00000000,
0x00000000,
0x00000000,
0x00000000,
0x00000000,
0x00000000,
0x00000000,
0x00000000,
0x00000000,
0x00000000,
0x00000000,
0x00000000,
0x00000000,
0x00000000,
0x00000000,
0x00000000,
0x00000000,
0x00000000,
0x00000000,
0x00000000,
0x00000000,
0x00000000,
0x00000000,
0x00000000,
0x00000000,
0x00000000,
0x00000000,
0x00000000,
0x00000000,
0x00000000,
0x00000000,
0x00000000,
0x00000000,
0x00000000,
0x00000000,
0x00000000,
0x00000000,
0x00000000,
0x00000000,
0x00000000,
0x00000000,
0x00000000,
0x00000000,
0x00000000,
0x00000000,
0x00000000,
0x00000000,
0x00000000,
0x00000000,
0x00000000,
0x00000000,
0x00000000,
0x00000000,
0x00000000,
0x00000000,
0x00000000,
0x00000000,
0x00000000,
0x00000000,
0x00000000,
0x00000000,
0x00000000,
0x00000000,
0x00000000,
0x00000000,
0x00000000,
0x00000000,
0x00000000,
0x00000000,
0x00000000,
0x00000000,
0x00000000,
0x00000000,
0x00000000,
0x00000000,
0x00000000,
0x00000000,
0x00000000,
0x00000000,
0x00000000,
0x00000000,
0x00000000,
0x00000000,
0x00000000,
0x00000000,
0x00000000,
0x00000000,
0x00000000,
0x00000000,
0x00000000,
0x00000000,
0x00000000,
0x00000000,
0x00000000,
0x00000000,
0x00000000,
0x00000000,
0x00000000,
0x00000000,
0x00000000,
0x00000000,
0x00000000,
0x00000000,
0x00000000,
0x00000000,
0x00000000,
0x00000000,
0x00000000,
0x00000000,
0x00000000,
0x00000000,
0x00000000,
0x00000000,
0x00000000,
0x00000000,
0x00000000,
0x00000000,
0x00000000,
0x00000000,
0x00000000,
0x00000000,
0x00000000,
0x00000000,
0x00000000,
0x00000000,
0x00000000,
0x00000000,
0x00000000,
0x00000000,
0x00000000,
0x00000000,
0x00000000,
0x00000000,
0x00000000,
0x00000000,
0x00000000,
0x00000000,
0x00000000,
0x00000000,
0x00000000,
0x00000000,
0x00000000,
0x00000000,
0x00000000,
0x00000000,
0x00000000,
0x00000000,
0x00000000,
0x00000000,
0x00000000,
0x00000000,
0x00000000,
0x00000000,
0x00000000,
0x00000000,
0x00000000,
0x00000000,
0x00000000,
0x00000000,
0x00000000,
0x00000000,
0x00000000,
0x00000000,
0x00000000,
0x00000000,
0x00000000,
0x00000000,
0x00000000,
0x00000000,
0x00000000,
0x00000000,
0x00000000,
0x00000000,
0x00000000,
0x00000000,
0x00000000,
0x00000000,
0x00000000,
0x00000000,
0x00000000,
0x00000000,
0x00000000,
0x00000000,
0x00000000,
0x00000000,
0x00000000,
0x00000000,
0x00000000,
0x00000000,
0x00000000,
0x00000000,
0x00000000,
0x00000000,
0x00000000,
0x00000000,
0x00000000,
0x00000000,
0x00000000,
0x00000000,
0x00000000,
0x00000000,
0x00000000,
0x00000000,
0x00000000,
0x00000000,
0x00000000,
0x00000000,
0x00000000,
0x00000000,
0x00000000,
0x00000000,
0x00000000,
0x00000000,
0x00000000,
0x00000000,
0x00000000,
0x00000000,
0x00000000,
0x00000000,
0x00000000,
0x00000000,
0x00000000,
0x00000000,
0x00000000,
0x00000000,
0x00000000,
0x00000000,
0x00000000,
0x00000000,
0x00000000,
0x00000000,
0x00000000,
0x00000000,
0x00000000,
0x00000000,
0x00000000,
0x00000000,
0x00000000,
0x00000000,
0x00000000,
0x00000000,
0x00000000,
0x00000000,
0x00000000,
0x00000000,
0x00000000,
0x00000000,
0x00000000,
0x00000000,
0x00000000,
0x00000000,
0x00000000,
0x00000000,
0x00000000,
0x00000000,
0x00000000,
0x00000000,
0x00000000,
0x00000000,
0x00000000,
0x00000000,
0x00000000,
0x00000000,
0x00000000,
0x00000000,
0x00000000,
0x00000000,
0x00000000,
0x00000000,
0x00000000,
0x00000000,
0x00000000,
0x00000000,
0x00000000,
0x00000000,
0x00000000,
0x00000000,
0x00000000,
0x00000000,
0x00000000,
0x00000000,
0x00000000,
0x00000000,
0x00000000,
0x00000000,
0x00000000,
0x00000000,
0x00000000,
0x00000000,
0x00000000,
0x00000000,
0x00000000,
0x00000000,
0x00000000,
0x00000000,
0x00000000,
0x00000000,
0x00000000,
0x00000000,
0x00000000,
0x00000000,
0x00000000,
0x00000000,
0x00000000,
0x00000000,
0x00000000,
0x00000000,
0x00000000,
0x00000000,
0x00000000,
0x00000000,
0x00000000,
0x00000000,
0x00000000,
0x00000000,
0x00000000,
0x00000000,
0x00000000,
0x00000000,
0x00000000,
0x00000000,
0x00000000,
0x00000000,
0x00000000,
0x00000000,
0x00000000,
0x00000000,
0x00000000,
0x00000000,
0x00000000,
0x00000000,
0x00000000,
0x00000000,
0x00000000,
0x00000000,
0x00000000,
0x00000000,
0x00000000,
0x00000000,
0x00000000,
0x00000000,
0x00000000,
0x00000000,
0x00000000,
0x00000000,
0x00000000,
0x00000000,
0x00000000,
0x00000000,
0x00000000,
0x00000000,
0x00000000,
0x00000000,
0x00000000,
0x00000000,
0x00000000,
0x00000000,
0x00000000,
0x00000000,
0x00000000,
0x00000000,
0x00000000,
0x00000000,
0x00000000,
0x00000000,
0x00000000,
0x00000000,
0x00000000,
0x00000000,
0x00000000,
0x00000000,
0x00000000,
0x00000000,
0x00000000,
0x00000000,
0x00000000,
0x00000000,
0x00000000,
0x00000000,
0x00000000,
0x00000000,
0x00000000,
0x00000000,
0x00000000,
0x00000000,
0x00000000,
0x00000000,
0x00000000,
0x00000000,
0x00000000,
0x00000000,
0x00000000,
0x00000000,
0x00000000,
0x00000000,
0x00000000,
0x00000000,
0x00000000,
0x00000000,
0x00000000,
0x00000000,
0x00000000,
0x00000000,
0x00000000,
0x00000000,
0x00000000,
0x00000000,
0x00000000,
0x00000000,
0x00000000,
0x00000000,
0x00000000,
0x00000000,
0x00000000,
0x00000000,
0x00000000,
0x00000000,
0x00000000,
0x00000000,
0x00000000,
0x00000000,
0x00000000,
0x00000000,
0x00000000,
0x00000000,
0x00000000,
0x00000000,
0x00000000,
0x00000000,
0x00000000,
0x00000000,
0x00000000,
0x00000000,
0x00000000,
0x00000000,
0x00000000,
0x00000000,
0x00000000,
0x00000000,
0x00000000,
0x00000000,
0x00000000,
0x00000000,
0x00000000,
0x00000000,
0x00000000,
0x00000000,
0x00000000,
0x00000000,
0x00000000,
0x00000000,
0x00000000,
0x00000000,
0x00000000,
0x00000000,
0x00000000,
0x00000000,
0x00000000,
0x00000000,
0x00000000,
0x00000000,
0x00000000,
0x00000000,
0x00000000,
0x00000000,
0x00000000,
0x00000000,
0x00000000,
0x00000000,
0x00000000,
0x00000000,
0x00000000,
0x00000000,
0x00000000,
0x00000000,
0x00000000,
0x00000000,
0x00000000,
0x00000000,
0x00000000,
0x00000000,
0x00000000,
0x00000000,
0x00000000,
0x00000000,
0x00000000,
0x00000000,
0x00000000,
0x00000000,
0x00000000,
0x00000000,
0x00000000,
0x00000000,
0x00000000,
0x00000000,
0x00000000,
0x00000000,
0x00000000,
0x00000000,
0x00000000,
0x00000000,
0x00000000,
0x00000000,
0x00000000,
0x00000000,
0x00000000,
0x00000000,
0x00000000,
0x00000000,
0x00000000,
0x00000000,
0x00000000,
0x00000000,
0x00000000,
0x00000000,
0x00000000,
0x00000000,
0x00000000,
0x00000000,
0x00000000,
0x00000000,
0x00000000,
0x00000000,
0x00000000,
0x00000000,
0x00000000,
0x00000000,
0x00000000,
0x00000000,
0x00000000,
0x00000000,
0x00000000,
0x00000000,
0x00000000,
0x00000000,
0x00000000,
0x00000000,
0x00000000,
0x00000000,
0x00000000,
0x00000000,
0x00000000,
0x00000000,
0x00000000,
0x00000000,
0x00000000,
0x00000000,
0x00000000,
0x00000000,
0x00000000,
0x00000000,
0x00000000,
0x00000000,
0x00000000,
0x00000000,
0x00000000,
0x00000000,
0x00000000,
0x00000000,
0x00000000,
0x00000000,
0x00000000,
0x00000000,
0x00000000,
0x00000000,
0x00000000,
0x00000000,
0x00000000,
0x00000000,
0x00000000,
0x00000000,
0x00000000,
0x00000000,
0x00000000,
0x00000000,
0x00000000,
0x00000000,
0x00000000,
0x00000000,
0x00000000,
0x00000000,
0x00000000,
0x00000000,
0x00000000,
0x00000000,
0x00000000,
0x00000000,
0x00000000,
0x00000000,
0x00000000,
0x00000000,
0x00000000,
0x00000000,
0x00000000,
0x00000000,
0x00000000,
0x00000000,
0x00000000,
0x00000000,
0x00000000,
0x00000000,
0x00000000,
0x00000000,
0x00000000,
0x00000000,
0x00000000,
0x00000000,
0x00000000,
0x00000000,
0x00000000,
0x00000000,
0x00000000,
0x00000000,
0x00000000,
0x00000000,
0x00000000,
0x00000000,
0x00000000,
0x00000000,
0x00000000,
0x00000000,
0x00000000,
0x00000000,
0x00000000,
0x00000000,
0x00000000,
0x00000000,
0x00000000,
0x00000000,
0x00000000,
0x00000000,
0x00000000,
0x00000000,
0x00000000,
0x00000000,
0x00000000,
0x00000000,
0x00000000,
0x00000000,
0x00000000,
0x00000000,
0x00000000,
0x00000000,
0x00000000,
0x00000000,
0x00000000,
0x00000000,
0x00000000,
0x00000000,
0x00000000,
0x00000000,
0x00000000,
0x00000000,
0x00000000,
0x00000000,
0x00000000,
0x00000000,
0x00000000,
0x00000000,
0x00000000,
0x00000000,
0x00000000,
0x00000000,
0x00000000,
0x00000000,
0x00000000,
0x00000000,
0x00000000,
0x00000000,
0x00000000,
0x00000000,
0x00000000,
0x00000000,
0x00000000,
0x00000000,
0x00000000,
0x00000000,
0x00000000,
0x00000000,
0x00000000,
0x00000000,
0x00000000,
0x00000000,
0x00000000,
0x00000000,
0x00000000,
0x00000000,
0x00000000,
0x00000000,
0x00000000,
0x00000000,
0x00000000,
0x00000000,
0x00000000,
0x00000000,
0x00000000,
0x00000000,
0x00000000,
0x00000000,
0x00000000,
0x00000000,
0x00000000,
0x00000000,
0x00000000,
0x00000000,
0x00000000,
0x00000000,
0x00000000,
0x00000000,
0x00000000,
0x00000000,
0x00000000,
0x00000000,
0x00000000,
0x00000000,
0x00000000,
0x00000000,
0x00000000,
0x00000000,
0x00000000,
0x00000000,
0x00000000,
0x00000000,
0x00000000,
0x00000000,
0x00000000,
0x00000000,
0x00000000,
0x00000000,
0x00000000,
0x00000000,
0x00000000,
0x00000000,
0x00000000,
0x00000000,
0x00000000,
0x00000000,
0x00000000,
0x00000000,
0x00000000,
0x00000000,
0x00000000,
0x00000000,
0x00000000,
0x00000000,
0x00000000,
0x00000000,
0x00000000,
0x00000000,
0x00000000,
0x00000000,
0x00000000,
0x00000000,
0x00000000,
0x00000000,
0x00000000,
0x00000000,
0x00000000,
0x00000000,
0x00000000,
0x00000000,
0x00000000,
0x00000000,
0x00000000,
0x00000000,
0x00000000,
0x00000000,
0x00000000,
0x00000000,
0x00000000,
0x00000000,
0x00000000,
0x00000000,
0x00000000,
0x00000000,
0x00000000,
0x00000000,
0x00000000,
0x00000000,
0x00000000,
0x00000000,
0x00000000,
0x00000000,
0x00000000,
0x00000000,
0x00000000,
0x00000000,
0x00000000,
0x00000000,
0x00000000,
0x00000000,
0x00000000,
0x00000000,
0x00000000,
0x00000000,
0x00000000,
0x00000000,
0x00000000,
0x00000000,
0x00000000,
0x00000000,
0x00000000,
0x00000000,
0x00000000,
0x00000000,
0x00000000,
0x00000000,
0x00000000,
0x00000000,
0x00000000,
0x00000000,
0x00000000,
0x00000000,
0x00000000,
0x00000000,
0x00000000,
0x00000000,
0x00000000,
0x00000000,
0x00000000,
0x00000000,
0x00000000,
0x00000000,
0x00000000,
0x00000000,
0x00000000,
0x00000000,
0x00000000,
0x00000000,
0x00000000,
0x00000000,
0x00000000,
0x00000000,
0x00000000,
0x00000000,
0x00000000,
0x00000000,
0x00000000,
0x00000000,
0x00000000,
0x00000000,
0x00000000,
0x00000000,
0x00000000,
0x00000000,
0x00000000,
0x00000000,
0x00000000,
0x00000000,
0x00000000,
0x00000000,
0x00000000,
0x00000000,
0x00000000,
0x00000000,
0x00000000,
0x00000000,
0x00000000,
0x00000000,
0x00000000,
0x00000000,
0x00000000,
0x00000000,
0x00000000,
0x00000000,
0x00000000,
0x00000000,
0x00000000,
0x00000000,
0x00000000,
0x00000000,
0x00000000,
0x00000000,
0x00000000,
0x00000000,
0x00000000,
0x00000000,
0x00000000,
0x00000000,
0x00000000,
0x00000000,
0x00000000,
0x00000000,
0x00000000,
0x00000000,
0x00000000,
0x00000000,
0x00000000,
0x00000000,
0x00000000,
0x00000000,
0x00000000,
0x00000000,
0x00000000,
0x00000000,
0x00000000,
0x00000000,
0x00000000,
0x00000000,
0x00000000,
0x00000000,
0x00000000,
0x00000000,
0x00000000,
0x00000000,
0x00000000,
0x00000000,
0x00000000,
0x00000000,
0x00000000,
0x00000000,
0x00000000,
0x00000000,
0x00000000,
0x00000000,
0x00000000,
0x00000000,
0x00000000,
0x00000000,
0x00000000,
0x00000000,
0x00000000,
0x00000000,
0x00000000,
0x00000000,
0x00000000,
0x00000000,
0x00000000,
0x00000000,
0x00000000,
0x00000000,
0x00000000,
0x00000000,
0x00000000,
0x00000000,
0x00000000,
0x00000000,
0x00000000,
0x00000000,
0x00000000,
0x00000000,
0x00000000,
0x00000000,
0x00000000,
0x00000000,
0x00000000,
0x00000000,
0x00000000,
0x00000000,
0x00000000,
0x00000000,
0x00000000,
0x00000000,
0x00000000,
0x00000000,
0x00000000,
0x00000000,
0x00000000,
0x00000000,
0x00000000,
0x00000000,
0x00000000,
0x00000000,
0x00000000,
0x00000000,
0x00000000,
0x00000000,
0x00000000,
0x00000000,
0x00000000,
0x00000000,
0x00000000,
0x00000000,
0x00000000,
0x00000000,
0x00000000,
0x00000000,
0x00000000,
0x00000000,
0x00000000,
0x00000000,
0x00000000,
0x00000000,
0x00000000,
0x00000000,
0x00000000,
0x00000000,
0x00000000,
0x00000000,
0x00000000,
0x00000000,
0x00000000,
0x00000000,
0x00000000,
0x00000000,
0x00000000,
0x00000000,
0x00000000,
0x00000000,
0x00000000,
0x00000000,
0x00000000,
0x00000000,
0x00000000,
0x00000000,
0x00000000,
0x00000000,
0x00000000,
0x00000000,
0x00000000,
0x00000000,
0x00000000,
0x00000000,
0x00000000,
0x00000000,
0x00000000,
0x00000000,
0x00000000,
0x00000000,
0x00000000,
0x00000000,
0x00000000,
0x00000000,
0x00000000,
0x00000000,
0x00000000,
0x00000000,
0x00000000,
0x00000000,
0x00000000,
0x00000000,
0x00000000,
0x00000000,
0x00000000,
0x00000000,
0x00000000,
0x00000000,
0x00000000,
0x00000000,
0x00000000,
0x00000000,
0x00000000,
0x00000000,
0x00000000,
0x00000000,
0x00000000,
0x00000000,
0x00000000,
0x00000000,
0x00000000,
0x00000000,
0x00000000,
0x00000000,
0x00000000,
0x00000000,
0x00000000,
0x00000000,
0x00000000,
0x00000000,
0x00000000,
0x00000000,
0x00000000,
0x00000000,
0x00000000,
0x00000000,
0x00000000,
0x00000000,
0x00000000,
0x00000000,
0x00000000,
0x00000000,
0x00000000,
0x00000000,
0x00000000,
0x00000000,
0x00000000,
0x00000000,
0x00000000,
0x00000000,
0x00000000,
0x00000000,
0x00000000,
0x00000000,
0x00000000,
0x00000000,
0x00000000,
0x00000000,
0x00000000,
0x00000000,
0x00000000,
0x00000000,
0x00000000,
0x00000000,
0x00000000,
0x00000000,
0x00000000,
0x00000000,
0x00000000,
0x00000000,
0x00000000,
0x00000000,
0x00000000,
0x00000000,
0x00000000,
0x00000000,
0x00000000,
0x00000000,
0x00000000,
0x00000000,
0x00000000,
0x00000000,
0x00000000,
0x00000000,
0x00000000,
0x00000000,
0x00000000,
0x00000000,
0x00000000,
0x00000000,
0x00000000,
0x00000000,
0x00000000,
0x00000000,
0x00000000,
0x00000000,
0x00000000,
0x00000000,
0x00000000,
0x00000000,
0x00000000,
0x00000000,
0x00000000,
0x00000000,
0x00000000,
0x00000000,
0x00000000,
0x00000000,
0x00000000,
0x00000000,
0x00000000,
0x00000000,
0x00000000,
0x00000000,
0x00000000,
0x00000000,
0x00000000,
0x00000000,
0x00000000,
0x00000000,
0x00000000,
0x00000000,
0x00000000,
0x00000000,
0x00000000,
0x00000000,
0x00000000,
0x00000000,
0x00000000,
0x00000000,
0x00000000,
0x00000000,
0x00000000,
0x00000000,
0x00000000,
0x00000000,
0x00000000,
0x00000000,
0x00000000,
0x00000000,
0x00000000,
0x00000000,
0x00000000,
0x00000000,
0x00000000,
0x00000000,
0x00000000,
0x00000000,
0x00000000,
0x00000000,
0x00000000,
0x00000000,
0x00000000,
0x00000000,
0x00000000,
0x00000000,
0x00000000,
0x00000000,
0x00000000,
0x00000000,
0x00000000,
0x00000000,
0x00000000,
0x00000000,
0x00000000,
0x00000000,
0x00000000,
0x00000000,
0x00000000,
0x00000000,
0x00000000,
0x00000000,
0x00000000,
0x00000000,
0x00000000,
0x00000000,
0x00000000,
0x00000000,
0x00000000,
0x00000000,
0x00000000,
0x00000000,
0x00000000,
0x00000000,
0x00000000,
0x00000000,
0x00000000,
0x00000000,
0x00000000,
0x00000000,
0x00000000,
0x00000000,
0x00000000,
0x00000000,
0x00000000,
0x00000000,
0x00000000,
0x00000000,
0x00000000,
0x00000000,
0x00000000,
0x00000000,
0x00000000,
0x00000000,
0x00000000,
0x00000000,
0x00000000,
0x00000000,
0x00000000,
0x00000000,
0x00000000,
0x00000000,
0x00000000,
0x00000000,
0x00000000,
0x00000000,
0x00000000,
0x00000000,
0x00000000,
0x00000000,
0x00000000,
0x00000000,
0x00000000,
0x00000000,
0x00000000,
0x00000000,
0x00000000,
0x00000000,
0x00000000,
0x00000000,
0x00000000,
0x00000000,
0x00000000,
0x00000000,
0x00000000,
0x00000000,
0x00000000,
0x00000000,
0x00000000,
0x00000000,
0x00000000,
0x00000000,
0x00000000,
0x00000000,
0x00000000,
0x00000000,
0x00000000,
0x00000000,
0x00000000,
0x00000000,
0x00000000,
0x00000000,
0x00000000,
0x00000000,
0x00000000,
0x00000000,
0x00000000,
0x00000000,
0x00000000,
0x00000000,
0x00000000,
0x00000000,
0x00000000,
0x00000000,
0x00000000,
0x00000000,
0x00000000,
0x00000000,
0x00000000,
0x00000000,
0x00000000,
0x00000000,
0x00000000,
0x00000000,
0x00000000,
0x00000000,
0x00000000,
0x00000000,
0x00000000,
0x00000000,
0x00000000,
0x00000000,
0x00000000,
0x00000000,
0x00000000,
0x00000000,
0x00000000,
0x00000000,
0x00000000,
0x00000000,
0x00000000,
0x00000000,
0x00000000,
0x00000000,
0x00000000,
0x00000000,
0x00000000,
0x00000000,
0x00000000,
0x00000000,
0x00000000,
0x00000000,
0x00000000,
0x00000000,
0x00000000,
0x00000000,
0x00000000,
0x00000000,
0x00000000,
0x00000000,
0x00000000,
0x00000000,
0x00000000,
0x00000000,
0x00000000,
0x00000000,
0x00000000,
0x00000000,
0x00000000,
0x00000000,
0x00000000,
0x00000000,
0x00000000,
0x00000000,
0x00000000,
0x00000000,
0x00000000,
0x00000000,
0x00000000,
0x00000000,
0x00000000,
0x00000000,
0x00000000,
0x00000000,
0x00000000,
0x00000000,
0x00000000,
0x00000000,
0x00000000,
0x00000000,
0x00000000,
0x00000000,
0x00000000,
0x00000000,
0x00000000,
0x00000000,
0x00000000,
0x00000000,
0x00000000,
0x00000000,
0x00000000,
0x00000000,
0x00000000,
0x00000000,
0x00000000,
0x00000000,
0x00000000,
0x00000000,
0x00000000,
0x00000000,
0x00000000,
0x00000000,
0x00000000,
0x00000000,
0x00000000,
0x00000000,
0x00000000,
0x00000000,
0x00000000,
0x00000000,
0x00000000,
0x00000000,
0x00000000,
0x00000000,
0x00000000,
0x00000000,
0x00000000,
0x00000000,
0x00000000,
0x00000000,
0x00000000,
0x00000000,
0x00000000,
0x00000000,
0x00000000,
0x00000000,
0x00000000,
0x00000000,
0x00000000,
0x00000000,
0x00000000,
0x00000000,
0x00000000,
0x00000000,
0x00000000,
0x00000000,
0x00000000,
0x00000000,
0x00000000,
0x00000000,
0x00000000,
0x00000000,
0x00000000,
0x00000000,
0x00000000,
0x00000000,
0x00000000,
0x00000000,
0x00000000,
0x00000000,
0x00000000,
0x00000000,
0x00000000,
0x00000000,
0x00000000,
0x00000000,
0x00000000,
0x00000000,
0x00000000,
0x00000000,
0x00000000,
0x00000000,
0x00000000,
0x00000000,
0x00000000,
0x00000000,
0x00000000,
0x00000000,
0x00000000,
0x00000000,
0x00000000,
0x00000000,
0x00000000,
0x00000000,
0x00000000,
0x00000000,
0x00000000,
0x00000000,
0x00000000,
0x00000000,
0x00000000,
0x00000000,
0x00000000,
0x00000000,
0x00000000,
0x00000000,
0x00000000,
0x00000000,
0x00000000,
0x00000000,
0x00000000,
0x00000000,
0x00000000,
0x00000000,
0x00000000,
0x00000000,
0x00000000,
0x00000000,
0x00000000,
0x00000000,
0x00000000,
0x00000000,
0x00000000,
0x00000000,
0x00000000,
0x00000000,
0x00000000,
0x00000000,
0x00000000,
0x00000000,
0x00000000,
0x00000000,
0x00000000,
0x00000000,
0x00000000,
0x00000000,
0x00000000,
0x00000000,
0x00000000,
0x00000000,
0x00000000,
0x00000000,
0x00000000,
0x00000000,
0x00000000,
0x00000000,
0x00000000,
0x00000000,
0x00000000,
0x00000000,
0x00000000,
0x00000000,
0x00000000,
0x00000000,
0x00000000,
0x00000000,
0x00000000,
0x00000000,
0x00000000,
0x00000000,
0x00000000,
0x00000000,
0x00000000,
0x00000000,
0x00000000,
0x00000000,
0x00000000,
0x00000000,
0x00000000,
0x00000000,
0x00000000,
0x00000000,
0x00000000,
0x00000000,
0x00000000,
0x00000000,
0x00000000,
0x00000000,
0x00000000,
0x00000000,
0x00000000,
0x00000000,
0x00000000,
0x00000000,
0x00000000,
0x00000000,
0x00000000,
0x00000000,
0x00000000,
0x00000000,
0x00000000,
0x00000000,
0x00000000,
0x00000000,
0x00000000,
0x00000000,
0x00000000,
0x00000000,
0x00000000,
0x00000000,
0x00000000,
0x00000000,
0x00000000,
0x00000000,
0x00000000,
0x00000000,
0x00000000,
0x00000000,
0x00000000,
0x00000000,
0x00000000,
0x00000000,
0x00000000,
0x00000000,
0x00000000,
0x00000000,
0x00000000,
0x00000000,
0x00000000,
0x00000000,
0x00000000,
0x00000000,
0x00000000,
0x00000000,
0x00000000,
0x00000000,
0x00000000,
0x00000000,
0x00000000,
0x00000000,
0x00000000,
0x00000000,
0x00000000,
0x00000000,
0x00000000,
0x00000000,
0x00000000,
0x00000000,
0x00000000,
0x00000000,
0x00000000,
0x00000000,
0x00000000,
0x00000000,
0x00000000,
0x00000000,
0x00000000,
0x00000000,
0x00000000,
0x00000000,
0x00000000,
0x00000000,
0x00000000,
0x00000000,
0x00000000,
0x00000000,
0x00000000,
0x00000000,
0x00000000,
0x00000000,
0x00000000,
0x00000000,
0x00000000,
0x00000000,
0x00000000,
0x00000000,
0x00000000,
0x00000000,
0x00000000,
0x00000000,
0x00000000,
0x00000000,
0x00000000,
0x00000000,
0x00000000,
0x00000000,
0x00000000,
0x00000000,
0x00000000,
0x00000000,
0x00000000,
0x00000000,
0x00000000,
0x00000000,
0x00000000,
0x00000000,
0x00000000,
0x00000000,
0x00000000,
0x00000000,
0x00000000,
0x00000000,
0x00000000,
0x00000000,
0x00000000,
0x00000000,
0x00000000,
0x00000000,
0x00000000,
0x00000000,
0x00000000,
0x00000000,
0x00000000,
0x00000000,
0x00000000,
0x00000000,
0x00000000,
0x00000000,
0x00000000,
0x00000000,
0x00000000,
0x00000000,
0x00000000,
0x00000000,
0x00000000,
0x00000000,
0x00000000,
0x00000000,
0x00000000,
0x00000000,
0x00000000,
0x00000000,
0x00000000,
0x00000000,
0x00000000,
0x00000000,
0x00000000,
0x00000000,
0x00000000,
0x00000000,
0x00000000,
0x00000000,
0x00000000,
0x00000000,
0x00000000,
0x00000000,
0x00000000,
0x00000000,
0x00000000,
0x00000000,
0x00000000,
0x00000000,
0x00000000,
0x00000000,
0x00000000,
0x00000000,
0x00000000,
0x00000000,
0x00000000,
0x00000000,
0x00000000,
0x00000000,
0x00000000,
0x00000000,
0x00000000,
0x00000000,
0x00000000,
0x00000000,
0x00000000,
0x00000000,
0x00000000,
0x00000000,
0x00000000,
0x00000000,
0x00000000,
0x00000000,
0x00000000,
0x00000000,
0x00000000,
0x00000000,
0x00000000,
0x00000000,
0x00000000,
0x00000000,
0x00000000,
0x00000000,
0x00000000,
0x00000000,
0x00000000,
0x00000000,
0x00000000,
0x00000000,
0x00000000,
0x00000000,
0x00000000,
0x00000000,
0x00000000,
0x00000000,
0x00000000,
0x00000000,
0x00000000,
0x00000000,
0x00000000,
0x00000000,
0x00000000,
0x00000000,
0x00000000,
0x00000000,
0x00000000,
0x00000000,
0x00000000,
0x00000000,
0x00000000,
0x00000000,
0x00000000,
0x00000000,
0x00000000,
0x00000000,
0x00000000,
0x00000000,
0x00000000,
0x00000000,
0x00000000,
0x00000000,
0x00000000,
0x00000000,
0x00000000,
0x00000000,
0x00000000,
0x00000000,
0x00000000,
0x00000000,
0x00000000,
0x00000000,
0x00000000,
0x00000000,
0x00000000,
0x00000000,
0x00000000,
0x00000000,
0x00000000,
0x00000000,
0x00000000,
0x00000000,
0x00000000,
0x00000000,
0x00000000,
0x00000000,
0x00000000,
0x00000000,
0x00000000,
0x00000000,
0x00000000,
0x00000000,
0x00000000,
0x00000000,
0x00000000,
0x00000000,
0x00000000,
0x00000000,
0x00000000,
0x00000000,
0x00000000,
0x00000000,
0x00000000,
0x00000000,
0x00000000,
0x00000000,
0x00000000,
0x00000000,
0x00000000,
0x00000000,
0x00000000,
0x00000000,
0x00000000,
0x00000000,
0x00000000,
0x00000000,
0x00000000,
0x00000000,
0x00000000,
0x00000000,
0x00000000,
0x00000000,
0x00000000,
0x00000000,
0x00000000,
0x00000000,
0x00000000,
0x00000000,
0x00000000,
0x00000000,
0x00000000,
0x00000000,
0x00000000,
0x00000000,
0x00000000,
0x00000000,
0x00000000,
0x00000000,
0x00000000,
0x00000000,
0x00000000,
0x00000000,
0x00000000,
0x00000000,
0x00000000,
0x00000000,
0x00000000,
0x00000000,
0x00000000,
0x00000000,
0x00000000,
0x00000000,
0x00000000,
0x00000000,
0x00000000,
0x00000000,
0x00000000,
0x00000000,
0x00000000,
0x00000000,
0x00000000,
0x00000000,
0x00000000,
0x00000000,
0x00000000,
0x00000000,
0x00000000,
0x00000000,
0x00000000,
0x00000000,
0x00000000,
0x00000000,
0x00000000,
0x00000000,
0x00000000,
0x00000000,
0x00000000,
0x00000000,
0x00000000,
0x00000000,
0x00000000,
0x00000000,
0x00000000,
0x00000000,
0x00000000,
0x00000000,
0x00000000,
0x00000000,
0x00000000,
0x00000000,
0x00000000,
0x00000000,
0x00000000,
0x00000000,
0x00000000,
0x00000000,
0x00000000,
0x00000000,
0x00000000,
0x00000000,
0x00000000,
0x00000000,
0x00000000,
0x00000000,
0x00000000,
0x00000000,
0x00000000,
0x00000000,
0x00000000,
0x00000000,
0x00000000,
0x00000000,
0x00000000,
0x00000000,
0x00000000,
0x00000000,
0x00000000,
0x00000000,
0x00000000,
0x00000000,
0x00000000,
0x00000000,
0x00000000,
0x00000000,
0x00000000,
0x00000000,
0x00000000,
0x00000000,
0x00000000,
0x00000000,
0x00000000,
0x00000000,
0x00000000,
0x00000000,
0x00000000,
0x00000000,
0x00000000,
0x00000000,
0x00000000,
0x00000000,
0x00000000,
0x00000000,
0x00000000,
0x00000000,
0x00000000,
0x00000000,
0x00000000,
0x00000000,
0x00000000,
0x00000000,
0x00000000,
0x00000000,
0x00000000,
0x00000000,
0x00000000,
0x00000000,
0x00000000,
0x00000000,
0x00000000,
0x00000000,
0x00000000,
0x00000000,
0x00000000,
0x00000000,
0x00000000,
0x00000000,
0x00000000,
0x00000000,
0x00000000,
0x00000000,
0x00000000,
0x00000000,
0x00000000,
0x00000000,
0x00000000,
0x00000000,
0x00000000,
0x00000000,
0x00000000,
0x00000000,
0x00000000,
0x00000000,
0x00000000,
0x00000000,
0x00000000,
0x00000000,
0x00000000,
0x00000000,
0x00000000,
0x00000000,
0x00000000,
0x00000000,
0x00000000,
0x00000000,
0x00000000,
0x00000000,
0x00000000,
0x00000000,
0x00000000,
0x00000000,
0x00000000,
0x00000000,
0x00000000,
0x00000000,
0x00000000,
0x00000000,
0x00000000,
0x00000000,
0x00000000,
0x00000000,
0x00000000,
0x00000000,
0x00000000,
0x00000000,
0x00000000,
0x00000000,
0x00000000,
0x00000000,
0x00000000,
0x00000000,
0x00000000,
0x00000000,
0x00000000,
0x00000000,
0x00000000,
0x00000000,
0x00000000,
0x00000000,
0x00000000,
0x00000000,
0x00000000,
0x00000000,
0x00000000,
0x00000000,
0x00000000,
0x00000000,
0x00000000,
0x00000000,
0x00000000,
0x00000000,
0x00000000,
0x00000000,
0x00000000,
0x00000000,
0x00000000,
0x00000000,
0x00000000,
0x00000000,
0x00000000,
0x00000000,
0x00000000,
0x00000000,
0x00000000,
0x00000000,
0x00000000,
0x00000000,
0x00000000,
0x00000000,
0x00000000,
0x00000000,
0x00000000,
0x00000000,
0x00000000,
0x00000000,
0x00000000,
0x00000000,
0x00000000,
0x00000000,
0x00000000,
0x00000000,
0x00000000,
0x00000000,
0x00000000,
0x00000000,
0x00000000,
0x00000000,
0x00000000,
0x00000000,
0x00000000,
0x00000000,
0x00000000,
0x00000000,
0x00000000,
0x00000000,
0x00000000,
0x00000000,
0x00000000,
0x00000000,
0x00000000,
0x00000000,
0x00000000,
0x00000000,
0x00000000,
0x00000000,
0x00000000,
0x00000000,
0x00000000,
0x00000000,
0x00000000,
0x00000000,
0x00000000,
0x00000000,
0x00000000,
0x00000000,
0x00000000,
0x00000000,
0x00000000,
0x00000000,
0x00000000,
0x00000000,
0x00000000,
0x00000000,
0x00000000,
0x00000000,
0x00000000,
0x00000000,
0x00000000,
0x00000000,
0x00000000,
0x00000000,
0x00000000,
0x00000000,
0x00000000,
0x00000000,
0x00000000,
0x00000000,
0x00000000,
0x00000000,
0x00000000,
0x00000000,
0x00000000,
0x00000000,
0x00000000,
0x00000000,
0x00000000,
0x00000000,
0x00000000,
0x00000000,
0x00000000,
0x00000000,
0x00000000,
0x00000000,
0x00000000,
0x00000000,
0x00000000,
0x00000000,
0x00000000,
0x00000000,
0x00000000,
0x00000000,
0x00000000,
0x00000000,
0x00000000,
0x00000000,
0x00000000,
0x00000000,
0x00000000,
0x00000000,
0x00000000,
0x00000000,
0x00000000,
0x00000000,
0x00000000,
0x00000000,
0x00000000,
0x00000000,
0x00000000,
0x00000000,
0x00000000,
0x00000000,
0x00000000,
0x00000000,
0x00000000,
0x00000000,
0x00000000,
0x00000000,
0x00000000,
0x00000000,
0x00000000,
0x00000000,
0x00000000,
0x00000000,
0x00000000,
0x00000000,
0x00000000,
0x00000000,
0x00000000,
0x00000000,
0x00000000,
0x00000000,
0x00000000,
0x00000000,
0x00000000,
0x00000000,
0x00000000,
0x00000000,
0x00000000,
0x00000000,
0x00000000,
0x00000000,
0x00000000,
0x00000000,
0x00000000,
0x00000000,
0x00000000,
0x00000000,
0x00000000,
0x00000000,
0x00000000,
0x00000000,
0x00000000,
0x00000000,
0x00000000,
0x00000000,
0x00000000,
0x00000000,
0x00000000,
0x00000000,
0x00000000,
0x00000000,
0x00000000,
0x00000000,
0x00000000,
0x00000000,
0x00000000,
0x00000000,
0x00000000,
0x00000000,
0x00000000,
0x00000000,
0x00000000,
0x00000000,
0x00000000,
0x00000000,
0x00000000,
0x00000000,
0x00000000,
0x00000000,
0x00000000,
0x00000000,
0x00000000,
0x00000000,
0x00000000,
0x00000000,
0x00000000,
0x00000000,
0x00000000,
0x00000000,
0x00000000,
0x00000000,
0x00000000,
0x00000000,
0x00000000,
0x00000000,
0x00000000,
0x00000000,
0x00000000,
0x00000000,
0x00000000,
0x00000000,
0x00000000,
0x00000000,
0x00000000,
0x00000000,
0x00000000,
0x00000000,
0x00000000,
0x00000000,
0x00000000,
0x00000000,
0x00000000,
0x00000000,
0x00000000,
0x00000000,
0x00000000,
0x00000000,
0x00000000,
0x00000000,
0x00000000,
0x00000000,
0x00000000,
0x00000000,
0x00000000,
0x00000000,
0x00000000,
0x00000000,
0x00000000,
0x00000000,
0x00000000,
0x00000000,
0x00000000,
0x00000000,
0x00000000,
0x00000000,
0x00000000,
0x00000000,
0x00000000,
0x00000000,
0x00000000,
0x00000000,
0x00000000,
0x00000000,
0x00000000,
0x00000000,
0x00000000,
0x00000000,
0x00000000,
0x00000000,
0x00000000,
0x00000000,
0x00000000,
0x00000000,
0x00000000,
0x00000000,
0x00000000,
0x00000000,
0x00000000,
0x00000000,
0x00000000,
0x00000000,
0x00000000,
0x00000000,
0x00000000,
0x00000000,
0x00000000,
0x00000000,
0x00000000,
0x00000000,
0x00000000,
0x00000000,
0x00000000,
0x00000000,
0x00000000,
0x00000000,
0x00000000,
0x00000000,
0x00000000,
0x00000000,
0x00000000,
0x00000000,
0x00000000,
0x00000000,
0x00000000,
0x00000000,
0x00000000,
0x00000000,
0x00000000,
0x00000000,
0x00000000,
0x00000000,
0x00000000,
0x00000000,
0x00000000,
0x00000000,
0x00000000,
0x00000000,
0x00000000,
0x00000000,
0x00000000,
0x00000000,
0x00000000,
0x00000000,
0x00000000,
0x00000000,
0x00000000,
0x00000000,
0x00000000,
0x00000000,
0x00000000,
0x00000000,
0x00000000,
0x00000000,
0x00000000,
0x00000000,
0x00000000,
0x00000000,
0x00000000,
0x00000000,
0x00000000,
0x00000000,
0x00000000,
0x00000000,
0x00000000,
0x00000000,
0x00000000,
0x00000000,
0x00000000,
0x00000000,
0x00000000,
0x00000000,
0x00000000,
0x00000000,
0x00000000,
0x00000000,
0x00000000,
0x00000000,
0x00000000,
0x00000000,
0x00000000,
0x00000000,
0x00000000,
0x00000000,
0x00000000,
0x00000000,
0x00000000,
0x00000000,
0x00000000,
0x00000000,
0x00000000,
0x00000000,
0x00000000,
0x00000000,
0x00000000,
0x00000000,
0x00000000,
0x00000000,
0x00000000,
0x00000000,
0x00000000,
0x00000000,
0x00000000,
0x00000000,
0x00000000,
0x00000000,
0x00000000,
0x00000000,
0x00000000,
0x00000000,
0x00000000,
0x00000000,
0x00000000,
0x00000000,
0x00000000,
0x00000000,
0x00000000,
0x00000000,
0x00000000,
0x00000000,
0x00000000,
0x00000000,
0x00000000,
0x00000000,
0x00000000,
0x00000000,
0x00000000,
0x00000000,
0x00000000,
0x00000000,
0x00000000,
0x00000000,
0x00000000,
0x00000000,
0x00000000,
0x00000000,
0x00000000,
0x00000000,
0x00000000,
0x00000000,
0x00000000,
0x00000000,
0x00000000,
0x00000000,
0x00000000,
0x00000000,
0x00000000,
0x00000000,
0x00000000,
0x00000000,
0x00000000,
0x00000000,
0x00000000,
0x00000000,
0x00000000,
0x00000000,
0x00000000,
0x00000000,
0x00000000,
0x00000000,
0x00000000,
0x00000000,
0x00000000,
0x00000000,
0x00000000,
0x00000000,
0x00000000,
0x00000000,
0x00000000,
0x00000000,
0x00000000,
0x00000000,
0x00000000,
0x00000000,
0x00000000,
0x00000000,
0x00000000,
0x00000000,
0x00000000,
0x00000000,
0x00000000,
0x00000000,
0x00000000,
0x00000000,
0x00000000,
0x00000000,
0x00000000,
0x00000000,
0x00000000,
0x00000000,
0x00000000,
0x00000000,
0x00000000,
0x00000000,
0x00000000,
0x00000000,
0x00000000,
0x00000000,
0x00000000,
0x00000000,
0x00000000,
0x00000000,
0x00000000,
0x00000000,
0x00000000,
0x00000000,
0x00000000,
0x00000000,
0x00000000,
0x00000000,
0x00000000,
0x00000000,
0x00000000,
0x00000000,
0x00000000,
0x00000000,
0x00000000,
0x00000000,
0x00000000,
0x00000000,
0x00000000,
0x00000000,
0x00000000,
0x00000000,
0x00000000,
0x00000000,
0x00000000,
0x00000000,
0x00000000,
0x00000000,
0x00000000,
0x00000000,
0x00000000,
0x00000000,
0x00000000,
0x00000000,
0x00000000,
0x00000000,
0x00000000,
0x00000000,
0x00000000,
0x00000000,
0x00000000,
0x00000000,
0x00000000,
0x00000000,
0x00000000,
0x00000000,
0x00000000,
0x00000000,
0x00000000,
0x00000000,
0x00000000,
0x00000000,
0x00000000,
0x00000000,
0x00000000,
0x00000000,
0x00000000,
0x00000000,
0x00000000,
0x00000000,
0x00000000,
0x00000000,
0x00000000,
0x00000000,
0x00000000,
0x00000000,
0x00000000,
0x00000000,
0x00000000,
0x00000000,
0x00000000,
0x00000000,
0x00000000,
0x00000000,
0x00000000,
0x00000000,
0x00000000,
0x00000000,
0x00000000,
0x00000000,
0x00000000,
0x00000000,
0x00000000,
0x00000000,
0x00000000,
0x00000000,
0x00000000,
0x00000000,
0x00000000,
0x00000000,
0x00000000,
0x00000000,
0x00000000,
0x00000000,
0x00000000,
0x00000000,
0x00000000,
0x00000000,
0x00000000,
0x00000000,
0x00000000,
0x00000000,
0x00000000,
0x00000000,
0x00000000,
0x00000000,
0x00000000,
0x00000000,
0x00000000,
0x00000000,
0x00000000,
0x00000000,
0x00000000,
0x00000000,
0x00000000,
0x00000000,
0x00000000,
0x00000000,
0x00000000,
0x00000000,
0x00000000,
0x00000000,
0x00000000,
0x00000000,
0x00000000,
0x00000000,
0x00000000,
0x00000000,
0x00000000,
0x00000000,
0x00000000,
0x00000000,
0x00000000,
0x00000000,
0x00000000,
0x00000000,
0x00000000,
0x00000000,
0x00000000,
0x00000000,
0x00000000,
0x00000000,
0x00000000,
0x00000000,
0x00000000,
0x00000000,
0x00000000,
0x00000000,
0x00000000,
0x00000000,
0x00000000,
0x00000000,
0x00000000,
0x00000000,
0x00000000,
0x00000000,
0x00000000,
0x00000000,
0x00000000,
0x00000000,
0x00000000,
0x00000000,
0x00000000,
0x00000000,
0x00000000,
0x00000000,
0x00000000,
0x00000000,
0x00000000,
0x00000000,
0x00000000,
0x00000000,
0x00000000,
0x00000000,
0x00000000,
0x00000000,
0x00000000,
0x00000000,
0x00000000,
0x00000000,
0x00000000,
0x00000000,
0x00000000,
0x00000000,
0x00000000,
0x00000000,
0x00000000,
0x00000000,
0x00000000,
0x00000000,
0x00000000,
0x00000000,
0x00000000,
0x00000000,
0x00000000,
0x00000000,
0x00000000,
0x00000000,
0x00000000,
0x00000000,
0x00000000,
0x00000000,
0x00000000,
0x00000000,
0x00000000,
0x00000000,
0x00000000,
0x00000000,
0x00000000,
0x00000000,
0x00000000,
0x00000000,
0x00000000,
0x00000000,
0x00000000,
0x00000000,
0x00000000,
0x00000000,
0x00000000,
0x00000000,
0x00000000,
0x00000000,
0x00000000,
0x00000000,
0x00000000,
0x00000000,
0x00000000,
0x00000000,
0x00000000,
0x00000000,
0x00000000,
0x00000000,
0x00000000,
0x00000000,
0x00000000,
0x00000000,
0x00000000,
0x00000000,
0x00000000,
0x00000000,
0x00000000,
0x00000000,
0x00000000,
0x00000000,
0x00000000,
0x00000000,
0x00000000,
0x00000000,
0x00000000,
0x00000000,
0x00000000,
0x00000000,
0x00000000,
0x00000000,
0x00000000,
0x00000000,
0x00000000,
0x00000000,
0x00000000,
0x00000000,
0x00000000,
0x00000000,
0x00000000,
0x00000000,
0x00000000,
0x00000000,
0x00000000,
0x00000000,
0x00000000,
0x00000000,
0x00000000,
0x00000000,
0x00000000,
0x00000000,
0x00000000,
0x00000000,
0x00000000,
0x00000000,
0x00000000,
0x00000000,
0x00000000,
0x00000000,
0x00000000,
0x00000000,
0x00000000,
0x00000000,
0x00000000,
0x00000000,
0x00000000,
0x00000000,
0x00000000,
0x00000000,
0x00000000,
0x00000000,
0x00000000,
0x00000000,
0x00000000,
0x00000000,
0x00000000,
0x00000000,
0x00000000,
0x00000000,
0x00000000,
0x00000000,
0x00000000,
0x00000000,
0x00000000,
0x00000000,
0x00000000,
0x00000000,
0x00000000,
0x00000000,
0x00000000,
0x00000000,
0x00000000,
0x00000000,
0x00000000,
0x00000000,
0x00000000,
0x00000000,
0x00000000,
0x00000000,
0x00000000,
0x00000000,
0x00000000,
0x00000000,
0x00000000,
0x00000000,
0x00000000,
0x00000000,
0x00000000,
0x00000000,
0x00000000,
0x00000000,
0x00000000,
0x00000000,
0x00000000,
0x00000000,
0x00000000,
0x00000000,
0x00000000,
0x00000000,
0x00000000,
0x00000000,
0x00000000,
0x00000000,
0x00000000,
0x00000000,
0x00000000,
0x00000000,
0x00000000,
0x00000000,
0x00000000,
0x00000000,
0x00000000,
0x00000000,
0x00000000,
0x00000000,
0x00000000,
0x00000000,
0x00000000,
0x00000000,
0x00000000,
0x00000000,
0x00000000,
0x00000000,
0x00000000,
0x00000000,
0x00000000,
0x00000000,
0x00000000,
0x00000000,
0x00000000,
0x00000000,
0x00000000,
0x00000000,
0x00000000,
0x00000000,
0x00000000,
0x00000000,
0x00000000,
0x00000000,
0x00000000,
0x00000000,
0x00000000,
0x00000000,
0x00000000,
0x00000000,
0x00000000,
0x00000000,
0x00000000,
0x00000000,
0x00000000,
0x00000000,
0x00000000,
0x00000000,
0x00000000,
0x00000000,
0x00000000,
0x00000000,
0x00000000,
0x00000000,
0x00000000,
0x00000000,
0x00000000,
0x00000000,
0x00000000,
0x00000000,
0x00000000,
0x00000000,
0x00000000,
0x00000000,
0x00000000,
0x00000000,
0x00000000,
0x00000000,
0x00000000,
0x00000000,
0x00000000,
0x00000000,
0x00000000,
0x00000000,
0x00000000,
0x00000000,
0x00000000,
0x00000000,
0x00000000,
0x00000000,
0x00000000,
0x00000000,
0x00000000,
0x00000000,
0x00000000,
0x00000000,
0x00000000,
0x00000000,
0x00000000,
0x00000000,
0x00000000,
0x00000000,
0x00000000,
0x00000000,
0x00000000,
0x00000000,
0x00000000,
0x00000000,
0x00000000,
0x00000000,
0x00000000,
0x00000000,
0x00000000,
0x00000000,
0x00000000,
0x00000000,
0x00000000,
0x00000000,
0x00000000,
0x00000000,
0x00000000,
0x00000000,
0x00000000,
0x00000000,
0x00000000,
0x00000000,
0x00000000,
0x00000000,
0x00000000,
0x00000000,
0x00000000,
0x00000000,
0x00000000,
0x00000000,
0x00000000,
0x00000000,
0x00000000,
0x00000000,
0x00000000,
0x00000000,
0x00000000,
0x00000000,
0x00000000,
0x00000000,
0x00000000,
0x00000000,
0x00000000,
0x00000000,
0x00000000,
0x00000000,
0x00000000,
0x00000000,
0x00000000,
0x00000000,
0x00000000,
0x00000000,
0x00000000,
0x00000000,
0x00000000,
0x00000000,
0x00000000,
0x00000000,
0x00000000,
0x00000000,
0x00000000,
0x00000000,
0x00000000,
0x00000000,
0x00000000,
0x00000000,
0x00000000,
0x00000000,
0x00000000,
0x00000000,
0x00000000,
0x00000000,
0x00000000,
0x00000000,
0x00000000,
0x00000000,
0x00000000,
0x00000000,
0x00000000,
0x00000000,
0x00000000,
0x00000000,
0x00000000,
0x00000000,
0x00000000,
0x00000000,
0x00000000,
0x00000000,
0x00000000,
0x00000000,
0x00000000,
0x00000000,
0x00000000,
0x00000000,
0x00000000,
0x00000000,
0x00000000,
0x00000000,
0x00000000,
0x00000000,
0x00000000,
0x00000000,
0x00000000,
0x00000000,
0x00000000,
0x00000000,
0x00000000,
0x00000000,
0x00000000,
0x00000000,
0x00000000,
0x00000000,
0x00000000,
0x00000000,
0x00000000,
0x00000000,
0x00000000,
0x00000000,
0x00000000,
0x00000000,
0x00000000,
0x00000000,
0x00000000,
0x00000000,
0x00000000,
0x00000000,
0x00000000,
0x00000000,
0x00000000,
0x00000000,
0x00000000,
0x00000000,
0x00000000,
0x00000000,
0x00000000,
0x00000000,
0x00000000,
0x00000000,
0x00000000,
0x00000000,
0x00000000,
0x00000000,
0x00000000,
0x00000000,
0x00000000,
0x00000000,
0x00000000,
0x00000000,
0x00000000,
0x00000000,
0x00000000,
0x00000000,
0x00000000,
0x00000000,
0x00000000,
0x00000000,
0x00000000,
0x00000000,
0x00000000,
0x00000000,
0x00000000,
0x00000000,
0x00000000,
0x00000000,
0x00000000,
0x00000000,
0x00000000,
0x00000000,
0x00000000,
0x00000000,
0x00000000,
0x00000000,
0x00000000,
0x00000000,
0x00000000,
0x00000000,
0x00000000,
0x00000000,
0x00000000,
0x00000000,
0x00000000,
0x00000000,
0x00000000,
0x00000000,
0x00000000,
0x00000000,
0x00000000,
0x00000000,
0x00000000,
0x00000000,
0x00000000,
0x00000000,
0x00000000,
0x00000000,
0x00000000,
0x00000000,
0x00000000,
0x00000000,
0x00000000,
0x00000000,
0x00000000,
0x00000000,
0x00000000,
0x00000000,
0x00000000,
0x00000000,
0x00000000,
0x00000000,
0x00000000,
0x00000000,
0x00000000,
0x00000000,
0x00000000,
0x00000000,
0x00000000,
0x00000000,
0x00000000,
0x00000000,
0x00000000,
0x00000000,
0x00000000,
0x00000000,
0x00000000,
0x00000000,
0x00000000,
0x00000000,
0x00000000,
0x00000000,
0x00000000,
0x00000000,
0x00000000,
0x00000000,
0x00000000,
0x00000000,
0x00000000,
0x00000000,
0x00000000,
0x00000000,
0x00000000,
0x00000000,
0x00000000,
0x00000000,
0x00000000,
0x00000000,
0x00000000,
0x00000000,
0x00000000,
0x00000000,
0x00000000,
0x00000000,
0x00000000,
0x00000000,
0x00000000,
0x00000000,
0x00000000,
0x00000000,
0x00000000,
0x00000000,
0x00000000,
0x00000000,
0x00000000,
0x00000000,
0x00000000,
0x00000000,
0x00000000,
0x00000000,
0x00000000,
0x00000000,
0x00000000,
0x00000000,
0x00000000,
0x00000000,
0x00000000,
0x00000000,
0x00000000,
0x00000000,
0x00000000,
0x00000000,
0x00000000,
0x00000000,
0x00000000,
0x00000000,
0x00000000,
0x00000000,
0x00000000,
0x00000000,
0x00000000,
0x00000000,
0x00000000,
0x00000000,
0x00000000,
0x00000000,
0x00000000,
0x00000000,
0x00000000,
0x00000000,
0x00000000,
0x00000000,
0x00000000,
0x00000000,
0x00000000,
0x00000000,
0x00000000,
0x00000000,
0x00000000,
0x00000000,
0x00000000,
0x00000000,
0x00000000,
0x00000000,
0x00000000,
0x00000000,
0x00000000,
0x00000000,
0x00000000,
0x00000000,
0x00000000,
0x00000000,
0x00000000,
0x00000000,
0x00000000,
0x00000000,
0x00000000,
0x00000000,
0x00000000,
0x00000000,
0x00000000,
0x00000000,
0x00000000,
0x00000000,
0x00000000,
0x00000000,
0x00000000,
0x00000000,
0x00000000,
0x00000000,
0x00000000,
0x00000000,
0x00000000,
0x00000000,
0x00000000,
0x00000000,
0x00000000,
0x00000000,
0x00000000,
0x00000000,
0x00000000,
0x00000000,
0x00000000,
0x00000000,
0x00000000,
0x00000000,
0x00000000,
0x00000000,
0x00000000,
0x00000000,
0x00000000,
0x00000000,
0x00000000,
0x00000000,
0x00000000,
0x00000000,
0x00000000,
0x00000000,
0x00000000,
0x00000000,
0x00000000,
0x00000000,
0x00000000,
0x00000000,
0x00000000,
0x00000000,
0x00000000,
0x00000000,
0x00000000,
0x00000000,
0x00000000,
0x00000000,
0x00000000,
0x00000000,
0x00000000,
0x00000000,
0x00000000,
0x00000000,
0x00000000,
0x00000000,
0x00000000,
0x00000000,
0x00000000,
0x00000000,
0x00000000,
0x00000000,
0x00000000,
0x00000000,
0x00000000,
0x00000000,
0x00000000,
0x00000000,
0x00000000,
0x00000000,
0x00000000,
0x00000000,
0x00000000,
0x00000000,
0x00000000,
0x00000000,
0x00000000,
0x00000000,
0x00000000,
0x00000000,
0x00000000,
0x00000000,
0x00000000,
0x00000000,
0x00000000,
0x00000000,
0x00000000,
0x00000000,
0x00000000,
0x00000000,
0x00000000,
0x00000000,
0x00000000,
0x00000000,
0x00000000,
0x00000000,
0x00000000,
0x00000000,
0x00000000,
0x00000000,
0x00000000,
0x00000000,
0x00000000,
0x00000000,
0x00000000,
0x00000000,
0x00000000,
0x00000000,
0x00000000,
0x00000000,
0x00000000,
0x00000000,
0x00000000,
0x00000000,
0x00000000,
0x00000000,
0x00000000,
0x00000000,
0x00000000,
0x00000000,
0x00000000,
0x00000000,
0x00000000,
0x00000000,
0x00000000,
0x00000000,
0x00000000,
0x00000000,
0x00000000,
0x00000000,
0x00000000,
0x00000000,
0x00000000,
0x00000000,
0x00000000,
0x00000000,
0x00000000,
0x00000000,
0x00000000,
0x00000000,
0x00000000,
0x00000000,
0x00000000,
0x00000000,
0x00000000,
0x00000000,
0x00000000,
0x00000000,
0x00000000,
0x00000000,
0x00000000,
0x00000000,
0x00000000,
0x00000000,
0x00000000,
0x00000000,
0x00000000,
0x00000000,
0x00000000,
0x00000000,
0x00000000,
0x00000000,
0x00000000,
0x00000000,
0x00000000,
0x00000000,
0x00000000,
0x00000000,
0x00000000,
0x00000000,
0x00000000,
0x00000000,
0x00000000,
0x00000000,
0x00000000,
0x00000000,
0x00000000,
0x00000000,
0x00000000,
0x00000000,
0x00000000,
0x00000000,
0x00000000,
0x00000000,
0x00000000,
0x00000000,
0x00000000,
0x00000000,
0x00000000,
0x00000000,
0x00000000,
0x00000000,
0x00000000,
0x00000000,
0x00000000,
0x00000000,
0x00000000,
0x00000000,
0x00000000,
0x00000000,
0x00000000,
0x00000000,
0x00000000,
0x00000000,
0x00000000,
0x00000000,
0x00000000,
0x00000000,
0x00000000,
0x00000000,
0x00000000,
0x00000000,
0x00000000,
0x00000000,
0x00000000,
0x00000000,
0x00000000,
0x00000000,
0x00000000,
0x00000000,
0x00000000,
0x00000000,
0x00000000,
0x00000000,
0x00000000,
0x00000000,
0x00000000,
0x00000000,
0x00000000,
0x00000000,
0x00000000,
0x00000000,
0x00000000,
0x00000000,
0x00000000,
0x00000000,
0x00000000,
0x00000000,
0x00000000,
0x00000000,
0x00000000,
0x00000000,
0x00000000,
0x00000000,
0x00000000,
0x00000000,
0x00000000,
0x00000000,
0x00000000,
0x00000000,
0x00000000,
0x00000000,
0x00000000,
0x00000000,
0x00000000,
0x00000000,
0x00000000,
0x00000000,
0x00000000,
0x00000000,
0x00000000,
0x00000000,
0x00000000,
0x00000000,
0x00000000,
0x00000000,
0x00000000,
0x00000000,
0x00000000,
0x00000000,
0x00000000,
0x00000000,
0x00000000,
0x00000000,
0x00000000,
0x00000000,
0x00000000,
0x00000000,
0x00000000,
0x00000000,
0x00000000,
0x00000000,
0x00000000,
0x00000000,
0x00000000,
0x00000000,
0x00000000,
0x00000000,
0x00000000,
0x00000000,
0x00000000,
0x00000000,
0x00000000,
0x00000000,
0x00000000,
0x00000000,
0x00000000,
0x00000000,
0x00000000,
0x00000000,
0x00000000,
0x00000000,
0x00000000,
0x00000000,
0x00000000,
0x00000000,
0x00000000,
0x00000000,
0x00000000,
0x00000000,
0x00000000,
0x00000000,
0x00000000,
0x00000000,
0x00000000,
0x00000000,
0x00000000,
0x00000000,
0x00000000,
0x00000000,
0x00000000,
0x00000000,
0x00000000,
0x00000000,
0x00000000,
0x00000000,
0x00000000,
0x00000000,
0x00000000,
0x00000000,
0x00000000,
0x00000000,
0x00000000,
0x00000000,
0x00000000,
0x00000000,
0x00000000,
0x00000000,
0x00000000,
0x00000000,
0x00000000,
0x00000000,
0x00000000,
0x00000000,
0x00000000,
0x00000000,
0x00000000,
0x00000000,
0x00000000,
0x00000000,
0x00000000,
0x00000000,
0x00000000,
0x00000000,
0x00000000,
0x00000000,
0x00000000,
0x00000000,
0x00000000,
0x00000000,
0x00000000,
0x00000000,
0x00000000,
0x00000000,
0x00000000,
0x00000000,
0x00000000,
0x00000000,
0x00000000,
0x00000000,
0x00000000,
0x00000000,
0x00000000,
0x00000000,
0x00000000,
0x00000000,
0x00000000,
0x00000000,
0x00000000,
0x00000000,
0x00000000,
0x00000000,
0x00000000,
0x00000000,
0x00000000,
0x00000000,
0x00000000,
0x00000000,
0x00000000,
0x00000000,
0x00000000,
0x00000000,
0x00000000,
0x00000000,
0x00000000,
0x00000000,
0x00000000,
0x00000000,
0x00000000,
0x00000000,
0x00000000,
0x00000000,
0x00000000,
0x00000000,
0x00000000,
0x00000000,
0x00000000,
0x00000000,
0x00000000,
0x00000000,
0x00000000,
0x00000000,
0x00000000,
0x00000000,
0x00000000,
0x00000000,
0x00000000,
0x00000000,
0x00000000,
0x00000000,
0x00000000,
0x00000000,
0x00000000,
0x00000000,
0x00000000,
0x00000000,
0x00000000,
0x00000000,
0x00000000,
0x00000000,
0x00000000,
0x00000000,
0x00000000,
0x00000000,
0x00000000,
0x00000000,
0x00000000,
0x00000000,
0x00000000,
0x00000000,
0x00000000,
0x00000000,
0x00000000,
0x00000000,
0x00000000,
0x00000000,
0x00000000,
0x00000000,
0x00000000,
0x00000000,
0x00000000,
0x00000000,
0x00000000,
0x00000000,
0x00000000,
0x00000000,
0x00000000,
0x00000000,
0x00000000,
0x00000000,
0x00000000,
0x00000000,
0x00000000,
0x00000000,
0x00000000,
0x00000000,
0x00000000,
0x00000000,
0x00000000,
0x00000000,
0x00000000,
0x00000000,
0x00000000,
0x00000000,
0x00000000,
0x00000000,
0x00000000,
0x00000000,
0x00000000,
0x00000000,
0x00000000,
0x00000000,
0x00000000,
0x00000000,
0x00000000,
0x00000000,
0x00000000,
0x00000000,
0x00000000,
0x00000000,
0x00000000,
0x00000000,
0x00000000,
0x00000000,
0x00000000,
0x00000000,
0x00000000,
0x00000000,
0x00000000,
0x00000000,
0x00000000,
0x00000000,
0x00000000,
0x00000000,
0x00000000,
0x00000000,
0x00000000,
0x00000000,
0x00000000,
0x00000000,
0x00000000,
0x00000000,
0x00000000,
0x00000000,
0x00000000,
0x00000000,
0x00000000,
0x00000000,
0x00000000,
0x00000000,
0x00000000,
0x00000000,
0x00000000,
0x00000000,
0x00000000,
0x00000000,
0x00000000,
0x00000000,
0x00000000,
0x00000000,
0x00000000,
0x00000000,
0x00000000,
0x00000000,
0x00000000,
0x00000000,
0x00000000,
0x00000000,
0x00000000,
0x00000000,
0x00000000,
0x00000000,
0x00000000,
0x00000000,
0x00000000,
0x00000000,
0x00000000,
0x00000000,
0x00000000,
0x00000000,
0x00000000,
0x00000000,
0x00000000,
0x00000000,
0x00000000,
0x00000000,
0x00000000,
0x00000000,
0x00000000,
0x00000000,
0x00000000,
0x00000000,
0x00000000,
0x00000000,
0x00000000,
0x00000000,
0x00000000,
0x00000000,
0x00000000,
0x00000000,
0x00000000,
0x00000000,
0x00000000,
0x00000000,
0x00000000,
0x00000000,
0x00000000,
0x00000000,
0x00000000,
0x00000000,
0x00000000,
0x00000000,
0x00000000,
0x00000000,
0x00000000,
0x00000000,
0x00000000,
0x00000000,
0x00000000,
0x00000000,
0x00000000,
0x00000000,
0x00000000,
0x00000000,
0x00000000,
0x00000000,
0x00000000,
0x00000000,
0x00000000,
0x00000000,
0x00000000,
0x00000000,
0x00000000,
0x00000000,
0x00000000,
0x00000000,
0x00000000,
0x00000000,
0x00000000,
0x00000000,
0x00000000,
0x00000000,
0x00000000,
0x00000000,
0x00000000,
0x00000000,
0x00000000,
0x00000000,
0x00000000,
0x00000000,
0x00000000,
0x00000000,
0x00000000,
0x00000000,
0x00000000,
0x00000000,
0x00000000,
0x00000000,
0x00000000,
0x00000000,
0x00000000,
0x00000000,
0x00000000,
0x00000000,
0x00000000,
0x00000000,
0x00000000,
0x00000000,
0x00000000,
0x00000000,
0x00000000,
0x00000000,
0x00000000,
0x00000000,
0x00000000,
0x00000000,
0x00000000,
0x00000000,
0x00000000,
0x00000000,
0x00000000,
0x00000000,
0x00000000,
0x00000000,
0x00000000,
0x00000000,
0x00000000,
0x00000000,
0x00000000,
0x00000000,
0x00000000,
0x00000000,
0x00000000,
0x00000000,
0x00000000,
0x00000000,
0x00000000,
0x00000000,
0x00000000,
0x00000000,
0x00000000,
0x00000000,
0x00000000,
0x00000000,
0x00000000,
0x00000000,
0x00000000,
0x00000000,
0x00000000,
0x00000000,
0x00000000,
0x00000000,
0x00000000,
0x00000000,
0x00000000,
0x00000000,
0x00000000,
0x00000000,
0x00000000,
0x00000000,
0x00000000,
0x00000000,
0x00000000,
0x00000000,
0x00000000,
0x00000000,
0x00000000,
0x00000000,
0x00000000,
0x00000000,
0x00000000,
0x00000000,
0x00000000,
0x00000000,
0x00000000,
0x00000000,
0x00000000,
0x00000000,
0x00000000,
0x00000000,
0x00000000,
0x00000000,
0x00000000,
0x00000000,
0x00000000,
0x00000000,
0x00000000,
0x00000000,
0x00000000,
0x00000000,
0x00000000,
0x00000000,
0x00000000,
0x00000000,
0x00000000,
0x00000000,
0x00000000,
0x00000000,
0x00000000,
0x00000000,
0x00000000,
0x00000000,
0x00000000,
0x00000000,
0x00000000,
0x00000000,
0x00000000,
0x00000000,
0x00000000,
0x00000000,
0x00000000,
0x00000000,
0x00000000,
0x00000000,
0x00000000,
0x00000000,
0x00000000,
0x00000000,
0x00000000,
0x00000000,
0x00000000,
0x00000000,
0x00000000,
0x00000000,
0x00000000,
0x00000000,
0x00000000,
0x00000000,
0x00000000,
0x00000000,
0x00000000,
0x00000000,
0x00000000,
0x00000000,
0x00000000,
0x00000000,
0x00000000,
0x00000000,
0x00000000,
0x00000000,
0x00000000,
0x00000000,
0x00000000,
0x00000000,
0x00000000,
0x00000000,
0x00000000,
0x00000000,
0x00000000,
0x00000000,
0x00000000,
0x00000000,
0x00000000,
0x00000000,
0x00000000,
0x00000000,
0x00000000,
0x00000000,
0x00000000,
0x00000000,
0x00000000,
0x00000000,
0x00000000,
0x00000000,
0x00000000,
0x00000000,
0x00000000,
0x00000000,
0x00000000,
0x00000000,
0x00000000,
0x00000000,
0x00000000,
0x00000000,
0x00000000,
0x00000000,
0x00000000,
0x00000000,
0x00000000,
0x00000000,
0x00000000,
0x00000000,
0x00000000,
0x00000000,
0x00000000,
0x00000000,
0x00000000,
0x00000000,
0x00000000,
0x00000000,
0x00000000,
0x00000000,
0x00000000,
0x00000000,
0x00000000,
0x00000000,
0x00000000,
0x00000000,
0x00000000,
0x00000000,
0x00000000,
0x00000000,
0x00000000,
0x00000000,
0x00000000,
0x00000000,
0x00000000,
0x00000000,
0x00000000,
0x00000000,
0x00000000,
0x00000000,
0x00000000,
0x00000000,
0x00000000,
0x00000000,
0x00000000,
0x00000000,
0x00000000,
0x00000000,
0x00000000,
0x00000000,
0x00000000,
0x00000000,
0x00000000,
0x00000000,
0x00000000,
0x00000000,
0x00000000,
0x00000000,
0x00000000,
0x00000000,
0x00000000,
0x00000000,
0x00000000,
0x00000000,
0x00000000,
0x00000000,
0x00000000,
0x00000000,
0x00000000,
0x00000000,
0x00000000,
0x00000000,
0x00000000,
0x00000000,
0x00000000,
0x00000000,
0x00000000,
0x00000000,
0x00000000,
0x00000000,
0x00000000,
0x00000000,
0x00000000,
0x00000000,
0x00000000,
0x00000000,
0x00000000,
0x00000000,
0x00000000,
0x00000000,
0x00000000,
0x00000000,
0x00000000,
0x00000000,
0x00000000,
0x00000000,
0x00000000,
0x00000000,
0x00000000,
0x00000000,
0x00000000,
0x00000000,
0x00000000,
0x00000000,
0x00000000,
0x00000000,
0x00000000,
0x00000000,
0x00000000,
0x00000000,
0x00000000,
0x00000000,
0x00000000,
0x00000000,
0x00000000,
0x00000000,
0x00000000,
0x00000000,
0x00000000,
0x00000000,
0x00000000,
0x00000000,
0x00000000,
0x00000000,
0x00000000,
0x00000000,
0x00000000,
0x00000000,
0x00000000,
0x00000000,
0x00000000,
0x00000000,
0x00000000,
0x00000000,
0x00000000,
0x00000000,
0x00000000,
0x00000000,
0x00000000,
0x00000000,
0x00000000,
0x00000000,
0x00000000,
0x00000000,
0x00000000,
0x00000000,
0x00000000,
0x00000000,
0x00000000,
0x00000000,
0x00000000,
0x00000000,
0x00000000,
0x00000000,
0x00000000,
0x00000000,
0x00000000,
0x00000000,
0x00000000,
0x00000000,
0x00000000,
0x00000000,
0x00000000,
0x00000000,
0x00000000,
0x00000000,
0x00000000,
0x00000000,
0x00000000,
0x00000000,
0x00000000,
0x00000000,
0x00000000,
0x00000000,
0x00000000,
0x00000000,
0x00000000,
0x00000000,
0x00000000,
0x00000000,
0x00000000,
0x00000000,
0x00000000,
0x00000000,
0x00000000,
0x00000000,
0x00000000,
0x00000000,
0x00000000,
0x00000000,
0x00000000,
0x00000000,
0x00000000,
0x00000000,
0x00000000,
0x00000000,
0x00000000,
0x00000000,
0x00000000,
0x00000000,
0x00000000,
0x00000000,
0x00000000,
0x00000000,
0x00000000,
0x00000000,
0x00000000,
0x00000000,
0x00000000,
0x00000000,
0x00000000,
0x00000000,
0x00000000,
0x00000000,
0x00000000,
0x00000000,
0x00000000,
0x00000000,
0x00000000,
0x00000000,
0x00000000,
0x00000000,
0x00000000,
0x00000000,
0x00000000,
0x00000000,
0x00000000,
0x00000000,
0x00000000,
0x00000000,
0x00000000,
0x00000000,
0x00000000,
0x00000000,
0x00000000,
0x00000000,
0x00000000,
0x00000000,
0x00000000,
0x00000000,
0x00000000,
0x00000000,
0x00000000,
0x00000000,
0x00000000,
0x00000000,
0x00000000,
0x00000000,
0x00000000,
0x00000000,
0x00000000,
0x00000000,
0x00000000,
0x00000000,
0x00000000,
0x00000000,
0x00000000,
0x00000000,
0x00000000,
0x00000000,
0x00000000,
0x00000000,
0x00000000,
0x00000000,
0x00000000,
0x00000000,
0x00000000,
0x00000000,
0x00000000,
0x00000000,
0x00000000,
0x00000000,
0x00000000,
0x00000000,
0x00000000,
0x00000000,
0x00000000,
0x00000000,
0x00000000,
0x00000000,
0x00000000,
0x00000000,
0x00000000,
0x00000000,
0x00000000,
0x00000000,
0x00000000,
0x00000000,
0x00000000,
0x00000000,
0x00000000,
0x00000000,
0x00000000,
0x00000000,
0x00000000,
0x00000000,
0x00000000,
0x00000000,
0x00000000,
0x00000000,
0x00000000,
0x00000000,
0x00000000,
0x00000000,
0x00000000,
0x00000000,
0x00000000,
0x00000000,
0x00000000,
0x00000000,
0x00000000,
0x00000000,
0x00000000,
0x00000000,
0x00000000,
0x00000000,
0x00000000,
0x00000000,
0x00000000,
0x00000000,
0x00000000,
0x00000000,
0x00000000,
0x00000000,
0x00000000,
0x00000000,
0x00000000,
0x00000000,
0x00000000,
0x00000000,
0x00000000,
0x00000000,
0x00000000,
0x00000000,
0x00000000,
0x00000000,
0x00000000,
0x00000000,
0x00000000,
0x00000000,
0x00000000,
0x00000000,
0x00000000,
0x00000000,
0x00000000,
0x00000000,
0x00000000,
0x00000000,
0x00000000,
0x00000000,
0x00000000,
0x00000000,
0x00000000,
0x00000000,
0x00000000,
0x00000000,
0x00000000,
0x00000000,
0x00000000,
0x00000000,
0x00000000,
0x00000000,
0x00000000,
0x00000000,
0x00000000,
0x00000000,
0x00000000,
0x00000000,
0x00000000,
0x00000000,
0x00000000,
0x00000000,
0x00000000,
0x00000000,
0x00000000,
0x00000000,
0x00000000,
0x00000000,
0x00000000,
0x00000000,
0x00000000,
0x00000000,
0x00000000,
0x00000000,
0x00000000,
0x00000000,
0x00000000,
0x00000000,
0x00000000,
0x00000000,
0x00000000,
0x00000000,
0x00000000,
0x00000000,
0x00000000,
0x00000000,
0x00000000,
0x00000000,
0x00000000,
0x00000000,
0x00000000,
0x00000000,
0x00000000,
0x00000000,
0x00000000,
0x00000000,
0x00000000,
0x00000000,
0x00000000,
0x00000000,
0x00000000,
0x00000000,
0x00000000,
0x00000000,
0x00000000,
0x00000000,
0x00000000,
0x00000000,
0x00000000,
0x00000000,
0x00000000,
0x00000000,
0x00000000,
0x00000000,
0x00000000,
0x00000000,
0x00000000,
0x00000000,
0x00000000,
0x00000000,
0x00000000,
0x00000000,
0x00000000,
0x00000000,
0x00000000,
0x00000000,
0x00000000,
0x00000000,
0x00000000,
0x00000000,
0x00000000,
0x00000000,
0x00000000,
0x00000000,
0x00000000,
0x00000000,
0x00000000,
0x00000000,
0x00000000,
0x00000000,
0x00000000,
0x00000000,
0x00000000,
0x00000000,
0x00000000,
0x00000000,
0x00000000,
0x00000000,
0x00000000,
0x00000000,
0x00000000,
0x00000000,
0x00000000,
0x00000000,
0x00000000,
0x00000000,
0x00000000,
0x00000000,
0x00000000,
0x00000000,
0x00000000,
0x00000000,
0x00000000,
0x00000000,
0x00000000,
0x00000000,
0x00000000,
0x00000000,
0x00000000,
0x00000000,
0x00000000,
0x00000000,
0x00000000,
0x00000000,
0x00000000,
0x00000000,
0x00000000,
0x00000000,
0x00000000,
0x00000000,
0x00000000,
0x00000000,
0x00000000,
0x00000000,
0x00000000,
0x00000000,
0x00000000,
0x00000000,
0x00000000,
0x00000000,
0x00000000,
0x00000000,
0x00000000,
0x00000000,
0x00000000,
0x00000000,
0x00000000,
0x00000000,
0x00000000,
0x00000000,
0x00000000,
0x00000000,
0x00000000,
0x00000000,
0x00000000,
0x00000000,
0x00000000,
0x00000000,
0x00000000,
0x00000000,
0x00000000,
0x00000000,
0x00000000,
0x00000000,
0x00000000,
0x00000000,
0x00000000,
0x00000000,
0x00000000,
0x00000000,
0x00000000,
0x00000000,
0x00000000,
0x00000000,
0x00000000,
0x00000000,
0x00000000,
0x00000000,
0x00000000,
0x00000000,
0x00000000,
0x00000000,
0x00000000,
0x00000000,
0x00000000,
0x00000000,
0x00000000,
0x00000000,
0x00000000,
0x00000000,
0x00000000,
0x00000000,
0x00000000,
0x00000000,
0x00000000,
0x00000000,
0x00000000,
0x00000000,
0x00000000,
0x00000000,
0x00000000,
0x00000000,
0x00000000,
0x00000000,
0x00000000,
0x00000000,
0x00000000,
0x00000000,
0x00000000,
0x00000000,
0x00000000,
0x00000000,
0x00000000,
0x00000000,
0x00000000,
0x00000000,
0x00000000,
0x00000000,
0x00000000,
0x00000000,
0x00000000,
0x00000000,
0x00000000,
0x00000000,
0x00000000,
0x00000000,
0x00000000,
0x00000000,
0x00000000,
0x00000000,
0x00000000,
0x00000000,
0x00000000,
0x00000000,
0x00000000,
0x00000000,
0x00000000,
0x00000000,
0x00000000,
0x00000000,
0x00000000,
0x00000000,
0x00000000,
0x00000000,
0x00000000,
0x00000000,
0x00000000,
0x00000000,
0x00000000,
0x00000000,
0x00000000,
0x00000000,
0x00000000,
0x00000000,
0x00000000,
0x00000000,
0x00000000,
0x00000000,
0x00000000,
0x00000000,
0x00000000,
0x00000000,
0x00000000,
0x00000000,
0x00000000,
0x00000000,
0x00000000,
0x00000000,
0x00000000,
0x00000000,
0x00000000,
0x00000000,
0x00000000,
0x00000000,
0x00000000,
0x00000000,
0x00000000,
0x00000000,
0x00000000,
0x00000000,
0x00000000,
0x00000000,
0x00000000,
0x00000000,
0x00000000,
0x00000000,
0x00000000,
0x00000000,
0x00000000,
0x00000000,
0x00000000,
0x00000000,
0x00000000,
0x00000000,
0x00000000,
0x00000000,
0x00000000,
0x00000000,
0x00000000,
0x00000000,
0x00000000,
0x00000000,
0x00000000,
0x00000000,
0x00000000,
0x00000000,
0x00000000,
0x00000000,
0x00000000,
0x00000000,
0x00000000,
0x00000000,
0x00000000,
0x00000000,
0x00000000,
0x00000000,
0x00000000,
0x00000000,
0x00000000,
0x00000000,
0x00000000,
0x00000000,
0x00000000,
0x00000000,
0x00000000,
0x00000000,
0x00000000,
0x00000000,
0x00000000,
0x00000000,
0x00000000,
0x00000000,
0x00000000,
0x00000000,
0x00000000,
0x00000000,
0x00000000,
0x00000000,
0x00000000,
0x00000000,
0x00000000,
0x00000000,
0x00000000,
0x00000000,
0x00000000,
0x00000000,
0x00000000,
0x00000000,
0x00000000,
0x00000000,
0x00000000,
0x00000000,
0x00000000,
0x00000000,
0x00000000,
0x00000000,
0x00000000,
0x00000000,
0x00000000,
0x00000000,
0x00000000,
0x00000000,
0x00000000,
0x00000000,
0x00000000,
0x00000000,
0x00000000,
0x00000000,
0x00000000,
0x00000000,
0x00000000,
0x00000000,
0x00000000,
0x00000000,
0x00000000,
0x00000000,
0x00000000,
0x00000000,
0x00000000,
0x00000000,
0x00000000,
0x00000000,
0x00000000,
0x00000000,
0x00000000,
0x00000000,
0x00000000,
0x00000000,
0x00000000,
0x00000000,
0x00000000,
0x00000000,
0x00000000,
0x00000000,
0x00000000,
0x00000000,
0x00000000,
0x00000000,
0x00000000,
0x00000000,
0x00000000,
0x00000000,
0x00000000,
0x00000000,
0x00000000,
0x00000000,
0x00000000,
0x00000000,
0x00000000,
0x00000000,
0x00000000,
0x00000000,
0x00000000,
0x00000000,
0x00000000,
0x00000000,
0x00000000,
0x00000000,
0x00000000,
0x00000000,
0x00000000,
0x00000000,
0x00000000,
0x00000000,
0x00000000,
0x00000000,
0x00000000,
0x00000000,
0x00000000,
0x00000000,
0x00000000,
0x00000000,
0x00000000,
0x00000000,
0x00000000,
0x00000000,
0x00000000,
0x00000000,
0x00000000,
0x00000000,
0x00000000,
0x00000000,
0x00000000,
0x00000000,
0x00000000,
0x00000000,
0x00000000,
0x00000000,
0x00000000,
0x00000000,
0x00000000,
0x00000000,
0x00000000,
0x00000000,
0x00000000,
0x00000000,
0x00000000,
0x00000000,
0x00000000,
0x00000000,
0x00000000,
0x00000000,
0x00000000,
0x00000000,
0x00000000,
0x00000000,
0x00000000,
0x00000000,
0x00000000,
0x00000000,
0x00000000,
0x00000000,
0x00000000,
0x00000000,
0x00000000,
0x00000000,
0x00000000,
0x00000000,
0x00000000,
0x00000000,
0x00000000,
0x00000000,
0x00000000,
0x00000000,
0x00000000,
0x00000000,
0x00000000,
0x00000000,
0x00000000,
0x00000000,
0x00000000,
0x00000000,
0x00000000,
0x00000000,
0x00000000,
0x00000000,
0x00000000,
0x00000000,
0x00000000,
0x00000000,
0x00000000,
0x00000000,
0x00000000,
0x00000000,
0x00000000,
0x00000000,
0x00000000,
0x00000000,
0x00000000,
0x00000000,
0x00000000,
0x00000000,
0x00000000,
0x00000000,
0x00000000,
0x00000000,
0x00000000,
0x00000000,
0x00000000,
0x00000000,
0x00000000,
0x00000000,
0x00000000,
0x00000000,
0x00000000,
0x00000000,
0x00000000,
0x00000000,
0x00000000,
0x00000000,
0x00000000,
0x00000000,
0x00000000,
0x00000000,
0x00000000,
0x00000000,
0x00000000,
0x00000000,
0x00000000,
0x00000000,
0x00000000,
0x00000000,
0x00000000,
0x00000000,
0x00000000,
0x00000000,
0x00000000,
0x00000000,
0x00000000,
0x00000000,
0x00000000,
0x00000000,
0x00000000,
0x00000000,
0x00000000,
0x00000000,
0x00000000,
0x00000000,
0x00000000,
0x00000000,
0x00000000,
0x00000000,
0x00000000,
0x00000000,
0x00000000,
0x00000000,
0x00000000,
0x00000000,
0x00000000,
0x00000000,
0x00000000,
0x00000000,
0x00000000,
0x00000000,
0x00000000,
0x00000000,
0x00000000,
0x00000000,
0x00000000,
0x00000000,
0x00000000,
0x00000000,
0x00000000,
0x00000000,
0x00000000,
0x00000000,
0x00000000,
0x00000000,
0x00000000,
0x00000000,
0x00000000,
0x00000000,
0x00000000,
0x00000000,
0x00000000,
0x00000000,
0x00000000,
0x00000000,
0x00000000,
0x00000000,
0x00000000,
0x00000000,
0x00000000,
0x00000000,
0x00000000,
0x00000000,
0x00000000,
0x00000000,
0x00000000,
0x00000000,
0x00000000,
0x00000000,
0x00000000,
0x00000000,
0x00000000,
0x00000000,
0x00000000,
0x00000000,
0x00000000,
0x00000000,
0x00000000,
0x00000000,
0x00000000,
0x00000000,
0x00000000,
0x00000000,
0x00000000,
0x00000000,
0x00000000,
0x00000000,
0x00000000,
0x00000000,
0x00000000,
0x00000000,
0x00000000,
0x00000000,
0x00000000,
0x00000000,
0x00000000,
0x00000000,
0x00000000,
0x00000000,
0x00000000,
0x00000000,
0x00000000,
0x00000000,
0x00000000,
0x00000000,
0x00000000,
0x00000000,
0x00000000,
0x00000000,
0x00000000,
0x00000000,
0x00000000,
0x00000000,
0x00000000,
0x00000000,
0x00000000,
0x00000000,
0x00000000,
0x00000000,
0x00000000,
0x00000000,
0x00000000,
0x00000000,
0x00000000,
0x00000000,
0x00000000,
0x00000000,
0x00000000,
0x00000000,
0x00000000,
0x00000000,
0x00000000,
0x00000000,
0x00000000,
0x00000000,
0x00000000,
0x00000000,
0x00000000,
0x00000000,
0x00000000,
0x00000000,
0x00000000,
0x00000000,
0x00000000,
0x00000000,
0x00000000,
0x00000000,
0x00000000,
0x00000000,
0x00000000,
0x00000000,
0x00000000,
0x00000000,
0x00000000,
0x00000000,
0x00000000,
0x00000000,
0x00000000,
0x00000000,
0x00000000,
0x00000000,
0x00000000,
0x00000000,
0x00000000,
0x00000000,
0x00000000,
0x00000000,
0x00000000,
0x00000000,
0x00000000,
0x00000000,
0x00000000,
0x00000000,
0x00000000,
0x00000000,
0x00000000,
0x00000000,
0x00000000,
0x00000000,
0x00000000,
0x00000000,
0x00000000,
0x00000000,
0x00000000,
0x00000000,
0x00000000,
0x00000000,
0x00000000,
0x00000000,
0x00000000,
0x00000000,
0x00000000,
0x00000000,
0x00000000,
0x00000000,
0x00000000,
0x00000000,
0x00000000,
0x00000000,
0x00000000,
0x00000000,
0x00000000,
0x00000000,
0x00000000,
0x00000000,
0x00000000,
0x00000000,
0x00000000,
0x00000000,
0x00000000,
0x00000000,
0x00000000,
0x00000000,
0x00000000,
0x00000000,
0x00000000,
0x00000000,
0x00000000,
0x00000000,
0x00000000,
0x00000000,
0x00000000,
0x00000000,
0x00000000,
0x00000000,
0x00000000,
0x00000000,
0x00000000,
0x00000000,
0x00000000,
0x00000000,
0x00000000,
0x00000000,
0x00000000,
0x00000000,
0x00000000,
0x00000000,
0x00000000,
0x00000000,
0x00000000,
0x00000000,
0x00000000,
0x00000000,
0x00000000,
0x00000000,
0x00000000,
0x00000000,
0x00000000,
0x00000000,
0x00000000,
0x00000000,
0x00000000,
0x00000000,
0x00000000,
0x00000000,
0x00000000,
0x00000000,
0x00000000,
0x00000000,
0x00000000,
0x00000000,
0x00000000,
0x00000000,
0x00000000,
0x00000000,
0x00000000,
0x00000000,
0x00000000,
0x00000000,
0x00000000,
0x00000000,
0x00000000,
0x00000000,
0x00000000,
0x00000000,
0x00000000,
0x00000000,
0x00000000,
0x00000000,
0x00000000,
0x00000000,
0x00000000,
0x00000000,
0x00000000,
0x00000000,
0x00000000,
0x00000000,
0x00000000,
0x00000000,
0x00000000,
0x00000000,
0x00000000,
0x00000000,
0x00000000,
0x00000000,
0x00000000,
0x00000000,
0x00000000,
0x00000000,
0x00000000,
0x00000000,
0x00000000,
0x00000000,
0x00000000,
0x00000000,
0x00000000,
0x00000000,
0x00000000,
0x00000000,
0x00000000,
0x00000000,
0x00000000,
0x00000000,
0x00000000,
0x00000000,
0x00000000,
0x00000000,
0x00000000,
0x00000000,
0x00000000,
0x00000000,
0x00000000,
0x00000000,
0x00000000,
0x00000000,
0x00000000,
0x00000000,
0x00000000,
0x00000000,
0x00000000,
0x00000000,
0x00000000,
0x00000000,
0x00000000,
0x00000000,
0x00000000,
0x00000000,
0x00000000,
0x00000000,
0x00000000,
0x00000000,
0x00000000,
0x00000000,
0x00000000,
0x00000000,
0x00000000,
0x00000000,
0x00000000,
0x00000000,
0x00000000,
0x00000000,
0x00000000,
0x00000000,
0x00000000,
0x00000000,
0x00000000,
0x00000000,
0x00000000,
0x00000000,
0x00000000,
0x00000000,
0x00000000,
0x00000000,
0x00000000,
0x00000000,
0x00000000,
0x00000000,
0x00000000,
0x00000000,
0x00000000,
0x00000000,
0x00000000,
0x00000000,
0x00000000,
0x00000000,
0x00000000,
0x00000000,
0x00000000,
0x00000000,
0x00000000,
0x00000000,
0x00000000,
0x00000000,
0x00000000,
0x00000000,
0x00000000,
0x00000000,
0x00000000,
0x00000000,
0x00000000,
0x00000000,
0x00000000,
0x00000000,
0x00000000,
0x00000000,
0x00000000,
0x00000000,
0x00000000,
0x00000000,
0x00000000,
0x00000000,
0x00000000,
0x00000000,
0x00000000,
0x00000000,
0x00000000,
0x00000000,
0x00000000,
0x00000000,
0x00000000,
0x00000000,
0x00000000,
0x00000000,
0x00000000,
0x00000000,
0x00000000,
0x00000000,
0x00000000,
0x00000000,
0x00000000,
0x00000000,
0x00000000,
0x00000000,
0x00000000,
0x00000000,
0x00000000,
0x00000000,
0x00000000,
0x00000000,
0x00000000,
0x00000000,
0x00000000,
0x00000000,
0x00000000,
0x00000000,
0x00000000,
0x00000000,
0x00000000,
0x00000000,
0x00000000,
0x00000000,
0x00000000,
0x00000000,
0x00000000,
0x00000000,
0x00000000,
0x00000000,
0x00000000,
0x00000000,
0x00000000,
0x00000000,
0x00000000,
0x00000000,
0x00000000,
0x00000000,
0x00000000,
0x00000000,
0x00000000,
0x00000000,
0x00000000,
0x00000000,
0x00000000,
0x00000000,
0x00000000,
0x00000000,
0x00000000,
0x00000000,
0x00000000,
0x00000000,
0x00000000,
0x00000000,
0x00000000,
0x00000000,
0x00000000,
0x00000000,
0x00000000,
0x00000000,
0x00000000,
0x00000000,
0x00000000,
0x00000000,
0x00000000,
0x00000000,
0x00000000,
0x00000000,
0x00000000,
0x00000000,
0x00000000,
0x00000000,
0x00000000,
0x00000000,
0x00000000,
0x00000000,
0x00000000,
0x00000000,
0x00000000,
0x00000000,
0x00000000,
0x00000000,
0x00000000,
0x00000000,
0x00000000,
0x00000000,
0x00000000,
0x00000000,
0x00000000,
0x00000000,
0x00000000,
0x00000000,
0x00000000,
0x00000000,
0x00000000,
0x00000000,
0x00000000,
0x00000000,
0x00000000,
0x00000000,
0x00000000,
0x00000000,
0x00000000,
0x00000000,
0x00000000,
0x00000000,
0x00000000,
0x00000000,
0x00000000,
0x00000000,
0x00000000,
0x00000000,
0x00000000,
0x00000000,
0x00000000,
0x00000000,
0x00000000,
0x00000000,
0x00000000,
0x00000000,
0x00000000,
0x00000000,
0x00000000,
0x00000000,
0x00000000,
0x00000000,
0x00000000,
0x00000000,
0x00000000,
0x00000000,
0x00000000,
0x00000000,
0x00000000,
0x00000000,
0x00000000,
0x00000000,
0x00000000,
0x00000000,
0x00000000,
0x00000000,
0x00000000,
0x00000000,
0x00000000,
0x00000000,
0x00000000,
0x00000000,
0x00000000,
0x00000000,
0x00000000,
0x00000000,
0x00000000,
0x00000000,
0x00000000,
0x00000000,
0x00000000,
0x00000000,
0x00000000,
0x00000000,
0x00000000,
0x00000000,
0x00000000,
0x00000000,
0x00000000,
0x00000000,
0x00000000,
0x00000000,
0x00000000,
0x00000000,
0x00000000,
0x00000000,
0x00000000,
0x00000000,
0x00000000,
0x00000000,
0x00000000,
0x00000000,
0x00000000,
0x00000000,
0x00000000,
0x00000000,
0x00000000,
0x00000000,
0x00000000,
0x00000000,
0x00000000,
0x00000000,
0x00000000,
0x00000000,
0x00000000,
0x00000000,
0x00000000,
0x00000000,
0x00000000,
0x00000000,
0x00000000,
0x00000000,
0x00000000,
0x00000000,
0x00000000,
0x00000000,
0x00000000,
0x00000000,
0x00000000,
0x00000000,
0x00000000,
0x00000000,
0x00000000,
0x00000000,
0x00000000,
0x00000000,
0x00000000,
0x00000000,
0x00000000,
0x00000000,
0x00000000,
0x00000000,
0x00000000,
0x00000000,
0x00000000,
0x00000000,
0x00000000,
0x00000000,
0x00000000,
0x00000000,
0x00000000,
0x00000000,
0x00000000,
0x00000000,
0x00000000,
0x00000000,
0x00000000,
0x00000000,
0x00000000,
0x00000000,
0x00000000,
0x00000000,
0x00000000,
0x00000000,
0x00000000,
0x00000000,
0x00000000,
0x00000000,
0x00000000,
0x00000000,
0x00000000,
0x00000000,
0x00000000,
0x00000000,
0x00000000,
0x00000000,
0x00000000,
0x00000000,
0x00000000,
0x00000000,
0x00000000,
0x00000000,
0x00000000,
0x00000000,
0x00000000,
0x00000000,
0x00000000,
0x00000000,
0x00000000,
0x00000000,
0x00000000,
0x00000000,
0x00000000,
0x00000000,
0x00000000,
0x00000000,
0x00000000,
0x00000000,
0x00000000,
0x00000000,
0x00000000,
0x00000000,
0x00000000,
0x00000000,
0x00000000,
0x00000000,
0x00000000,
0x00000000,
0x00000000,
0x00000000,
0x00000000,
0x00000000,
0x00000000,
0x00000000,
0x00000000,
0x00000000,
0x00000000,
0x00000000,
0x00000000,
0x00000000,
0x00000000,
0x00000000,
0x00000000,
0x00000000,
0x00000000,
0x00000000,
0x00000000,
0x00000000,
0x00000000,
0x00000000,
0x00000000,
0x00000000,
0x00000000,
0x00000000,
0x00000000,
0x00000000,
0x00000000,
0x00000000,
0x00000000,
0x00000000,
0x00000000,
0x00000000,
0x00000000,
0x00000000,
0x00000000,
0x00000000,
0x00000000,
0x00000000,
0x00000000,
0x00000000,
0x00000000,
0x00000000,
0x00000000,
0x00000000,
0x00000000,
0x00000000,
0x00000000,
0x00000000,
0x00000000,
0x00000000,
0x00000000,
0x00000000,
0x00000000,
0x00000000,
0x00000000,
0x00000000,
0x00000000,
0x00000000,
0x00000000,
0x00000000,
0x00000000,
0x00000000,
0x00000000,
0x00000000,
0x00000000,
0x00000000,
0x00000000,
0x00000000,
0x00000000,
0x00000000,
0x00000000,
0x00000000,
0x00000000,
0x00000000,
0x00000000,
0x00000000,
0x00000000,
0x00000000,
0x00000000,
0x00000000,
0x00000000,
0x00000000,
0x00000000,
0x00000000,
0x00000000,
0x00000000,
0x00000000,
0x00000000,
0x00000000,
0x00000000,
0x00000000,
0x00000000,
0x00000000,
0x00000000,
0x00000000,
0x00000000,
0x00000000,
0x00000000,
0x00000000,
0x00000000,
0x00000000,
0x00000000,
0x00000000,
0x00000000,
0x00000000,
0x00000000,
0x00000000,
0x00000000,
0x00000000,
0x00000000,
0x00000000,
0x00000000,
0x00000000,
0x00000000,
0x00000000,
0x00000000,
0x00000000,
0x00000000,
0x00000000,
0x00000000,
0x00000000,
0x00000000,
0x00000000,
0x00000000,
0x00000000,
0x00000000,
0x00000000,
0x00000000,
0x00000000,
0x00000000,
0x00000000,
0x00000000,
0x00000000,
0x00000000,
0x00000000,
0x00000000,
0x00000000,
0x00000000,
0x00000000,
0x00000000,
0x00000000,
0x00000000,
0x00000000,
0x00000000,
0x00000000,
0x00000000,
0x00000000,
0x00000000,
0x00000000,
0x00000000,
0x00000000,
0x00000000,
0x00000000,
0x00000000,
0x00000000,
0x00000000,
0x00000000,
0x00000000,
0x00000000,
0x00000000,
0x00000000,
0x00000000,
0x00000000,
0x00000000,
0x00000000,
0x00000000,
0x00000000,
0x00000000,
0x00000000,
0x00000000,
0x00000000,
0x00000000,
0x00000000,
0x00000000,
0x00000000,
0x00000000,
0x00000000,
0x00000000,
0x00000000,
0x00000000,
0x00000000,
0x00000000,
0x00000000,
0x00000000,
0x00000000,
0x00000000,
0x00000000,
0x00000000,
0x00000000,
0x00000000,
0x00000000,
0x00000000,
0x00000000,
0x00000000,
0x00000000,
0x00000000,
0x00000000,
0x00000000,
0x00000000,
0x00000000,
0x00000000,
0x00000000,
0x00000000,
0x00000000,
0x00000000,
0x00000000,
0x00000000,
0x00000000,
0x00000000,
0x00000000,
0x00000000,
0x00000000,
0x00000000,
0x00000000,
0x00000000,
0x00000000,
0x00000000,
0x00000000,
0x00000000,
0x00000000,
0x00000000,
0x00000000,
0x00000000,
0x00000000,
0x00000000,
0x00000000,
0x00000000,
0x00000000,
0x00000000,
0x00000000,
0x00000000,
0x00000000,
0x00000000,
0x00000000,
0x00000000,
0x00000000,
0x00000000,
0x00000000,
0x00000000,
0x00000000,
0x00000000,
0x00000000,
0x00000000,
0x00000000,
0x00000000,
0x00000000,
0x00000000,
0x00000000,
0x00000000,
0x00000000,
0x00000000,
0x00000000,
0x00000000,
0x00000000,
0x00000000,
0x00000000,
0x00000000,
0x00000000,
0x00000000,
0x00000000,
0x00000000,
0x00000000,
0x00000000,
0x00000000,
0x00000000,
0x00000000,
0x00000000,
0x00000000,
0x00000000,
0x00000000,
0x00000000,
0x00000000,
0x00000000,
0x00000000,
0x00000000,
0x00000000,
0x00000000,
0x00000000,
0x00000000,
0x00000000,
0x00000000,
0x00000000,
0x00000000,
0x00000000,
0x00000000,
0x00000000,
0x00000000,
0x00000000,
0x00000000,
0x00000000,
0x00000000,
0x00000000,
0x00000000,
0x00000000,
0x00000000,
0x00000000,
0x00000000,
0x00000000,
0x00000000,
0x00000000,
0x00000000,
0x00000000,
0x00000000,
0x00000000,
0x00000000,
0x00000000,
0x00000000,
0x00000000,
0x00000000,
0x00000000,
0x00000000,
0x00000000,
0x00000000,
0x00000000,
0x00000000,
0x00000000,
0x00000000,
0x00000000,
0x00000000,
0x00000000,
0x00000000,
0x00000000,
0x00000000,
0x00000000,
0x00000000,
0x00000000,
0x00000000,
0x00000000,
0x00000000,
0x00000000,
0x00000000,
0x00000000,
0x00000000,
0x00000000,
0x00000000,
0x00000000,
0x00000000,
0x00000000,
0x00000000,
0x00000000,
0x00000000,
0x00000000,
0x00000000,
0x00000000,
0x00000000,
0x00000000,
0x00000000,
0x00000000,
0x00000000,
0x00000000,
0x00000000,
0x00000000,
0x00000000,
0x00000000,
0x00000000,
0x00000000,
0x00000000,
0x00000000,
0x00000000,
0x00000000,
0x00000000,
0x00000000,
0x00000000,
0x00000000,
0x00000000,
0x00000000,
0x00000000,
0x00000000,
0x00000000,
0x00000000,
0x00000000,
0x00000000,
0x00000000,
0x00000000,
0x00000000,
0x00000000,
0x00000000,
0x00000000,
0x00000000,
0x00000000,
0x00000000,
0x00000000,
0x00000000,
0x00000000,
0x00000000,
0x00000000,
0x00000000,
0x00000000,
0x00000000,
0x00000000,
0x00000000,
0x00000000,
0x00000000,
0x00000000,
0x00000000,
0x00000000,
0x00000000,
0x00000000,
0x00000000,
0x00000000,
0x00000000,
0x00000000,
0x00000000,
0x00000000,
0x00000000,
0x00000000,
0x00000000,
0x00000000,
0x00000000,
0x00000000,
0x00000000,
0x00000000,
0x00000000,
0x00000000,
0x00000000,
0x00000000,
0x00000000,
0x00000000,
0x00000000,
0x00000000,
0x00000000,
0x00000000,
0x00000000,
0x00000000,
0x00000000,
0x00000000,
0x00000000,
0x00000000,
0x00000000,
0x00000000,
0x00000000,
0x00000000,
0x00000000,
0x00000000,
0x00000000,
0x00000000,
0x00000000,
0x00000000,
0x00000000,
0x00000000,
0x00000000,
0x00000000,
0x00000000,
0x00000000,
0x00000000,
0x00000000,
0x00000000,
0x00000000,
0x00000000,
0x00000000,
0x00000000,
0x00000000,
0x00000000,
0x00000000,
0x00000000,
0x00000000,
0x00000000,
0x00000000,
0x00000000,
0x00000000,
0x00000000,
0x00000000,
0x00000000,
0x00000000,
0x00000000,
0x00000000,
0x00000000,
0x00000000,
0x00000000,
0x00000000,
0x00000000,
0x00000000,
0x00000000,
0x00000000,
0x00000000,
0x00000000,
0x00000000,
0x00000000,
0x00000000,
0x00000000,
0x00000000,
0x00000000,
0x00000000,
0x00000000,
0x00000000,
0x00000000,
0x00000000,
0x00000000,
0x00000000,
0x00000000,
0x00000000,
0x00000000,
0x00000000,
0x00000000,
0x00000000,
0x00000000,
0x00000000,
0x00000000,
0x00000000,
0x00000000,
0x00000000,
0x00000000,
0x00000000,
0x00000000,
0x00000000,
0x00000000,
0x00000000,
0x00000000,
0x00000000,
0x00000000,
0x00000000,
0x00000000,
0x00000000,
0x00000000,
0x00000000,
0x00000000,
0x00000000,
0x00000000,
0x00000000,
0x00000000,
0x00000000,
0x00000000,
0x00000000,
0x00000000,
0x00000000,
0x00000000,
0x00000000,
0x00000000,
0x00000000,
0x00000000,
0x00000000,
0x00000000,
0x00000000,
0x00000000,
0x00000000,
0x00000000,
0x00000000,
0x00000000,
0x00000000,
0x00000000,
0x00000000,
0x00000000,
0x00000000,
0x00000000,
0x00000000,
0x00000000,
0x00000000,
0x00000000,
0x00000000,
0x00000000,
0x00000000,
0x00000000,
0x00000000,
0x00000000,
0x00000000,
0x00000000,
0x00000000,
0x00000000,
0x00000000,
0x00000000,
0x00000000,
0x00000000,
0x00000000,
0x00000000,
0x00000000,
0x00000000,
0x00000000,
0x00000000,
0x00000000,
0x00000000,
0x00000000,
0x00000000,
0x00000000,
0x00000000,
0x00000000,
0x00000000,
0x00000000,
0x00000000,
0x00000000,
0x00000000,
0x00000000,
0x00000000,
0x00000000,
0x00000000,
0x00000000,
0x00000000,
0x00000000,
0x00000000,
0x00000000,
0x00000000,
0x00000000,
0x00000000,
0x00000000,
0x00000000,
0x00000000,
0x00000000,
0x00000000,
0x00000000,
0x00000000,
0x00000000,
0x00000000,
0x00000000,
0x00000000,
0x00000000,
0x00000000,
0x00000000,
0x00000000,
0x00000000,
0x00000000,
0x00000000,
0x00000000,
0x00000000,
0x00000000,
0x00000000,
0x00000000,
0x00000000,
0x00000000,
0x00000000,
0x00000000,
0x00000000,
0x00000000,
0x00000000,
0x00000000,
0x00000000,
0x00000000,
0x00000000,
0x00000000,
0x00000000,
0x00000000,
0x00000000,
0x00000000,
0x00000000,
0x00000000,
0x00000000,
0x00000000,
0x00000000,
0x00000000,
0x00000000,
0x00000000,
0x00000000,
0x00000000,
0x00000000,
0x00000000,
0x00000000,
0x00000000,
0x00000000,
0x00000000,
0x00000000,
0x00000000,
0x00000000,
0x00000000,
0x00000000,
0x00000000,
0x00000000,
0x00000000,
0x00000000,
0x00000000,
0x00000000,
0x00000000,
0x00000000,
0x00000000,
0x00000000,
0x00000000,
0x00000000,
0x00000000,
0x00000000,
0x00000000,
0x00000000,
0x00000000,
0x00000000,
0x00000000,
0x00000000,
0x00000000,
0x00000000,
0x00000000,
0x00000000,
0x00000000,
0x00000000,
0x00000000,
0x00000000,
0x00000000,
0x00000000,
0x00000000,
0x00000000,
0x00000000,
0x00000000,
0x00000000,
0x00000000,
0x00000000,
0x00000000,
0x00000000,
0x00000000,
0x00000000,
0x00000000,
0x00000000,
0x00000000,
0x00000000,
0x00000000,
0x00000000,
0x00000000,
0x00000000,
0x00000000,
0x00000000,
0x00000000,
0x00000000,
0x00000000,
0x00000000,
0x00000000,
0x00000000,
0x00000000,
0x00000000,
0x00000000,
0x00000000,
0x00000000,
0x00000000,
0x00000000,
0x00000000,
0x00000000,
0x00000000,
0x00000000,
0x00000000,
0x00000000,
0x00000000,
0x00000000,
0x00000000,
0x00000000,
0x00000000,
0x00000000,
0x00000000,
0x00000000,
0x00000000,
0x00000000,
0x00000000,
0x00000000,
0x00000000,
0x00000000,
0x00000000,
0x00000000,
0x00000000,
0x00000000,
0x00000000,
0x00000000,
0x00000000,
0x00000000,
0x00000000,
0x00000000,
0x00000000,
0x00000000,
0x00000000,
0x00000000,
0x00000000,
0x00000000,
0x00000000,
0x00000000,
0x00000000,
0x00000000,
0x00000000,
0x00000000,
0x00000000,
0x00000000,
0x00000000,
0x00000000,
0x00000000,
0x00000000,
0x00000000,
0x00000000,
0x00000000,
0x00000000,
0x00000000,
0x00000000,
0x00000000,
0x00000000,
};




unsigned int ddr_scan_phy[] = {
0xf0d40028,
0xf0d40000,
0x00005d50,
0xe0800500,
0xf0d40070,
0x0000d08d,
0x0000a518,
0x0000a7e4,
0x00000000,
0x00015000,
0xea000282,
0xffffffff,
0x30dcaa55,
0x021a0000,
0x13040005,
0x00000000,
0xf12300b0,
0x00000028,
0xf1020010,
0x00000002,
0xf12300b0,
0x00000034,
0xf02300b0,
0x01100003,
0xf1110000,
0x0000003e,
0x00000000,
0x00000000,
0x48210000,
0x280a4dd5,
0x00002ca4,
0x00020000,
0x00000000,
0x00000000,
0x40000000,
0xffffffff,
0xffffffff,
0xffffffff,
0xffffffff,
0xffffffff,
0xffffffff,
0xffffffff,
0xffffffff,
0xffffffff,
0xffffffff,
0xffffffff,
0xffffffff,
0xffffffff,
0xffffffff,
0xffffffff,
0xffffffff,
0xffffffff,
0xffffffff,
0xffffffff,
0xffffffff,
0xffffffff,
0xffffffff,
0xffffffff,
0xffffffff,
0xffffffff,
0xffffffff,
0xffffffff,
0xffffffff,
0xffffffff,
0xffffffff,
0xffffffff,
0xffffffff,
0xffffffff,
0xffffffff,
0xffffffff,
0xffffffff,
0xffffffff,
0xffffffff,
0xffffffff,
0xffffffff,
0xffffffff,
0xffffffff,
0xffffffff,
0xffffffff,
0xffffffff,
0xffffffff,
0xffffffff,
0xffffffff,
0xffffffff,
0xffffffff,
0xffffffff,
0xffffffff,
0xffffffff,
0xffffffff,
0xffffffff,
0xffffffff,
0xffffffff,
0xffffffff,
0xffffffff,
0xffffffff,
0xffffffff,
0xffffffff,
0xffffffff,
0xffffffff,
0xffffffff,
0xffffffff,
0xffffffff,
0xffffffff,
0xffffffff,
0xffffffff,
0xffffffff,
0xffffffff,
0xffffffff,
0xffffffff,
0xffffffff,
0xffffffff,
0xffffffff,
0xffffffff,
0xffffffff,
0xffffffff,
0xffffffff,
0xffffffff,
0xffffffff,
0xffffffff,
0xffffffff,
0xffffffff,
0xffffffff,
0xffffffff,
0xffffffff,
0xffffffff,
0xffffffff,
0xffffffff,
0xffffffff,
0xffffffff,
0xffffffff,
0xffffffff,
0xffffffff,
0xffffffff,
0xffffffff,
0xffffffff,
0xffffffff,
0xffffffff,
0xffffffff,
0xffffffff,
0xffffffff,
0xffffffff,
0xffffffff,
0xffffffff,
0xffffffff,
0xffffffff,
0xffffffff,
0xffffffff,
0xffffffff,
0xffffffff,
0xffffffff,
0xffffffff,
0xffffffff,
0xffffffff,
0xffffffff,
0xffffffff,
0xffffffff,
0xffffffff,
0xffffffff,
0xffffffff,
0xffffffff,
0xffffffff,
0xffffffff,
0xffffffff,
0xffffffff,
0xffffffff,
0xffffffff,
0xffffffff,
0xffffffff,
0xffffffff,
0xffffffff,
0xffffffff,
0xffffffff,
0xffffffff,
0xffffffff,
0xffffffff,
0xffffffff,
0xffffffff,
0xffffffff,
0xffffffff,
0xffffffff,
0xffffffff,
0xffffffff,
0xffffffff,
0xffffffff,
0xffffffff,
0xffffffff,
0xffffffff,
0xffffffff,
0xffffffff,
0xffffffff,
0xffffffff,
0xffffffff,
0x30240322,
0x00378aaa,
0x4ca27f10,
0x0b34e6c6,
0x4552a674,
0x013347ce,
0xd0000000,
0x00000702,
0x0a0f0e16,
0x03f80000,
0x00000144,
0x00000438,
0x00040000,
0x0000f000,
0x011000f0,
0x00000001,
0x000b0003,
0x020000f0,
0x02000100,
0x000a0007,
0x00ea0007,
0x00040a27,
0x00000b50,
0x00000001,
0x00000220,
0x00000000,
0x00000800,
0x00001400,
0x00000ccc,
0x144e01d3,
0x00000004,
0x3e142b13,
0x13130e16,
0x09280e09,
0x0001070a,
0x00000003,
0x00000000,
0x00000800,
0x00000001,
0x00001010,
0x1c000008,
0x1c1c1c1c,
0x041c1c1c,
0x04424624,
0x0000004f,
0x0900b000,
0x09290909,
0x09099090,
0x02b99090,
0x22024002,
0x0655ff20,
0x43000fcc,
0x38380fcc,
0x55553c30,
0x55073333,
0x2080dddd,
0x00a80000,
0x0b500790,
0x02200001,
0x08000000,
0x0ccc1400,
0x85060601,
0x0e0e0307,
0x76051514,
0x4f010105,
0x0f7002cc,
0xb00b00f0,
0xf0b0b0bb,
0x00000000,
0x00000000,
0x00000000,
0x00000000,
0x00000000,
0x00000000,
0x00000000,
0x00000000,
0x00000000,
0x00030707,
0x0409020d,
0x0a0b140c,
0x14000c0b,
0x03010b11,
0x08000505,
0x000c070d,
0x05020407,
0x09040b0f,
0xffffffff,
0x00000000,
0xffffffff,
0xffffffff,
0xffffffff,
0xffffffff,
0xffffffff,
0xffffffff,
0xffffffff,
0xffffffff,
0xffffffff,
0xffffffff,
0xffffffff,
0xffffffff,
0xffffffff,
0xffffffff,
0xffffffff,
0xffffffff,
0xffffffff,
0xffffffff,
0xffffffff,
0xffffffff,
0xffffffff,
0xffffffff,
0xffffffff,
0xffffffff,
0xffffffff,
0xffffffff,
0xffffffff,
0xffffffff,
0xffffffff,
0xffffffff,
0xffffffff,
0xffffffff,
0xffffffff,
0xffffffff,
0xffffffff,
0xffffffff,
0xffffffff,
0xffffffff,
0xffffffff,
0xffffffff,
0xffffffff,
0xffffffff,
0xffffffff,
0xffffffff,
0xffffffff,
0xffffffff,
0xffffffff,
0xffffffff,
0xffffffff,
0xffffffff,
0xffffffff,
0xffffffff,
0xffffffff,
0xffffffff,
0xffffffff,
0xffffffff,
0xffffffff,
0xffffffff,
0xffffffff,
0xffffffff,
0xffffffff,
0xffffffff,
0xffffffff,
0xffffffff,
0xffffffff,
0xffffffff,
0xffffffff,
0xffffffff,
0xffffffff,
0xffffffff,
0xffffffff,
0xffffffff,
0xffffffff,
0xffffffff,
0xffffffff,
0xffffffff,
0xffffffff,
0xffffffff,
0xffffffff,
0xffffffff,
0xffffffff,
0xffffffff,
0xffffffff,
0xffffffff,
0xffffffff,
0xffffffff,
0xffffffff,
0xffffffff,
0xffffffff,
0xffffffff,
0xffffffff,
0xffffffff,
0xffffffff,
0xffffffff,
0xffffffff,
0xffffffff,
0xffffffff,
0xffffffff,
0xffffffff,
0xffffffff,
0xffffffff,
0xffffffff,
0xffffffff,
0xffffffff,
0xffffffff,
0xffffffff,
0xffffffff,
0xffffffff,
0xffffffff,
0xffffffff,
0xffffffff,
0xffffffff,
0xffffffff,
0xffffffff,
0xffffffff,
0xffffffff,
0xffffffff,
0xffffffff,
0xffffffff,
0xffffffff,
0xffffffff,
0xffffffff,
0xffffffff,
0xffffffff,
0xffffffff,
0xffffffff,
0xffffffff,
0xffffffff,
0xffffffff,
0xffffffff,
0xffffffff,
0xffffffff,
0xffffffff,
0xffffffff,
0xffffffff,
0xffffffff,
0xffffffff,
0xffffffff,
0xffffffff,
0xffffffff,
0xffffffff,
0xffffffff,
0xffffffff,
0xffffffff,
0xffffffff,
0xffffffff,
0xffffffff,
0xffffffff,
0xffffffff,
0xffffffff,
0xffffffff,
0xffffffff,
0xffffffff,
0xffffffff,
0xffffffff,
0xffffffff,
0xffffffff,
0xffffffff,
0xffffffff,
0xffffffff,
0xffffffff,
0xffffffff,
0xffffffff,
0xffffffff,
0xffffffff,
0xffffffff,
0xffffffff,
0xffffffff,
0xffffffff,
0xffffffff,
0xffffffff,
0xffffffff,
0xffffffff,
0xffffffff,
0xffffffff,
0xffffffff,
0xffffffff,
0xffffffff,
0xffffffff,
0xffffffff,
0xffffffff,
0xffffffff,
0xffffffff,
0xffffffff,
0xffffffff,
0xffffffff,
0xffffffff,
0xffffffff,
0xffffffff,
0xffffffff,
0xffffffff,
0xffffffff,
0xffffffff,
0xffffffff,
0xffffffff,
0xffffffff,
0xffffffff,
0xffffffff,
0xffffffff,
0xffffffff,
0xffffffff,
0xffffffff,
0xffffffff,
0xffffffff,
0xffffffff,
0xffffffff,
0xffffffff,
0xffffffff,
0xffffffff,
0xffffffff,
0xffffffff,
0xffffffff,
0xffffffff,
0xffffffff,
0xffffffff,
0xffffffff,
0xffffffff,
0xffffffff,
0xffffffff,
0xffffffff,
0xffffffff,
0xffffffff,
0xffffffff,
0xffffffff,
0xffffffff,
0xffffffff,
0xffffffff,
0xffffffff,
0xffffffff,
0xffffffff,
0xffffffff,
0xffffffff,
0xe59f1004,
0xe5911000,
0xe1a0f001,
0xf0210104,
0xf1020016,
0xee111f11,
0xf57ff06f,
0xe3810001,
0xee010f11,
0xf57ff06f,
0xe3a00000,
0xec400f4e,
0xf57ff06f,
0xee011f11,
0xf57ff06f,
0xf1020013,
0xe59f0130,
0xe3a01024,
0xe5801000,
0xe59f1128,
0xe5910000,
0xe3500000,
0x0a000021,
0xe59f0114,
0xe3a01036,
0xe5801000,
0xe3a01034,
0xe5801000,
0xe3a01077,
0xe5801000,
0xe3a01066,
0xe5801000,
0xe3a01069,
0xe5801000,
0xe59f10ec,
0xe5910000,
0xe3500001,
0x0afffffb,
0xe59f00d8,
0xe3a01077,
0xe5801000,
0xe3a01061,
0xe5801000,
0xe3a01072,
0xe5801000,
0xe3a0106d,
0xe5801000,
0xe3a01072,
0xe5801000,
0xe3a01073,
0xe5801000,
0xe3a01074,
0xe5801000,
0xe3a02003,
0xee0c2f50,
0xf57ff06f,
0xe320f003,
0xe59f0094,
0xe5901000,
0xe3811001,
0xe5801000,
0xe59f0088,
0xe3a010f0,
0xe5801000,
0xe320f003,
0xe10f0000,
0xe38000c0,
0xe129f000,
0xe59f0070,
0xe3a01001,
0xe5801000,
0xe59f005c,
0xe5901000,
0xe3c11001,
0xe5801000,
0xe59f4058,
0xee0e4f10,
0xe59f0054,
0xe5901000,
0xe3811001,
0xe5801000,
0xee114f10,
0xe3c44005,
0xe3c44a01,
0xee014f10,
0xec554f1f,
0xe3c44040,
0xec454f1f,
0xe3844040,
0xec454f1f,
0xe59f1024,
0xe5910000,
0xe1a0f000,
0xe320f000,
0xf0110000,
0xf0210108,
0xfff02000,
0xfff02004,
0xfff01280,
0x00b71b00,
0xffe60000,
0xf0210104,
0xffffffff,
0xffffffff,
0xffffffff,
0xffffffff,
0xffffffff,
0xffffffff,
0xffffffff,
0xffffffff,
0xffffffff,
0xffffffff,
0xffffffff,
0xffffffff,
0xffffffff,
0xffffffff,
0xffffffff,
0xffffffff,
0xffffffff,
0xffffffff,
0xffffffff,
0xffffffff,
0xffffffff,
0xffffffff,
0xffffffff,
0xffffffff,
0xffffffff,
0xffffffff,
0xea000102,
0xe59ff014,
0xe59ff014,
0xe59ff014,
0xe59ff014,
0xe320f000,
0xe59ff010,
0xe59ff010,
0xf0d40e54,
0xf0d40e98,
0xf0d40edc,
0xf0d40f20,
0xf0d40f64,
0xf0d40f68,
0xf1080100,
0xf10c00c0,
0xf1020013,
0xee110f10,
0xe3c00a01,
0xe3c00b02,
0xe3c00004,
0xe3c00002,
0xe3c00001,
0xee010f10,
0xe59f051c,
0xee0c0f10,
0xee100fb0,
0xe2000003,
0xe3500000,
0x1a000006,
0xe59f0508,
0xe3a01901,
0xe0811000,
0xe3a02000,
0xe4802004,
0xe1500001,
0x3afffffc,
0xee100fb0,
0xe2000003,
0xe3500000,
0x1a000001,
0xe59fd4e0,
0xea000000,
0xe59fd4dc,
0xee110f10,
0xe3800a01,
0xee070f15,
0xee010f10,
0xe59f04cc,
0xe5901074,
0xe3a02001,
0xe1811902,
0xe5801074,
0xe59f04bc,
0xe5901030,
0xe1811802,
0xe5801030,
0xe3a02003,
0xe5802100,
0xe3a01000,
0xee081f13,
0xee081f17,
0xee071fd5,
0xee081f16,
0xee081f15,
0xee071f15,
0xf57ff04f,
0xf57ff06f,
0xee300f10,
0xe2006007,
0xe2866004,
0xe7e931d0,
0xe16f5f13,
0xe2833001,
0xe1a04003,
0xe59f2468,
0xe5823000,
0xe59f3464,
0xe00306a0,
0xe59f2460,
0xe2801001,
0xe5821000,
0xe3a01000,
0xe3a03000,
0xe1a02511,
0xe1822613,
0xee072f56,
0xe2833001,
0xe1500003,
0xaafffff9,
0xe2811001,
0xe1510004,
0x1afffff5,
0xe3a00001,
0xee400f10,
0xee300f10,
0xe7e931d0,
0xe2833001,
0xe59f2418,
0xe5823000,
0xe59f3408,
0xe00306a0,
0xe59f240c,
0xe2801001,
0xe5821000,
0xe3a00002,
0xee400f10,
0xee300f10,
0xe2006007,
0xe2866004,
0xe7e931d0,
0xe16f5f13,
0xe2833001,
0xe1a04003,
0xe59f23e0,
0xe5823000,
0xe59f33c8,
0xe00306a0,
0xe59f23d4,
0xe2801001,
0xe5821000,
0xe3a01000,
0xe3a03000,
0xe1a02511,
0xe2822002,
0xe1822613,
0xee072f56,
0xe2833001,
0xe1500003,
0xaafffff8,
0xe2811001,
0xe1510004,
0x1afffff4,
0xe59f036c,
0xe59f9398,
0xe5991094,
0xe2511001,
0xe59f2390,
0xe0823a01,
0xe7803101,
0xe2511001,
0x5afffffb,
0xe59f0348,
0xe3800b0f,
0xe3a010ff,
0xe59f2374,
0xe0823a01,
0xe7803101,
0xe2511001,
0x5afffffb,
0xe59f0328,
0xe59f1360,
0xe1800001,
0xe59f235c,
0xe5802000,
0xe59f0314,
0xe3a01df1,
0xe1800001,
0xe59f234c,
0xe5802000,
0xe59f0300,
0xe59f1344,
0xe1800001,
0xe59f2340,
0xe5802000,
0xe3a00000,
0xee020f50,
0xe59f02e4,
0xe3a01008,
0xe3811040,
0xe1800001,
0xee020f10,
0xe3e00000,
0xee030f10,
0xf57ff04f,
0xf57ff06f,
0xee110f10,
0xe3800001,
0xee010f10,
0xf57ff04f,
0xf57ff06f,
0xee110f10,
0xe3800a01,
0xe3800004,
0xee010f10,
0xf57ff04f,
0xf57ff06f,
0xee110f30,
0xe3800040,
0xee010f30,
0xe59f0294,
0xe590107c,
0xe3811a01,
0xe580107c,
0xe590109c,
0xe3c11008,
0xe580109c,
0xe3811008,
0xe580109c,
0xe59f02b4,
0xe59f1270,
0xe5912108,
0xe5802024,
0xe3a02007,
0xe5802008,
0xfa000bf4,
0xfa0000ab,
0xe59f0298,
0xe5902038,
0xe7ef1052,
0xe3510000,
0x0a000025,
0xe7e037d1,
0xe3a04045,
0xe3530001,
0x1a000014,
0xe7e03751,
0xe3530001,
0x1a000005,
0xe3a04055,
0xe2800001,
0xe3500002,
0x0a00000d,
0xe1a02822,
0xeaffffef,
0xe7e45052,
0xe7e462d2,
0xe2854030,
0xe3550001,
0x0a000002,
0xe3550002,
0x0a000000,
0xea000003,
0xe0253006,
0xe223301f,
0xe3530000,
0x0a00000c,
0xe59f0224,
0xe3a01039,
0xe5801000,
0xe3a01038,
0xe5801000,
0xe3a01035,
0xe5801000,
0xe3a01033,
0xe5801000,
0xe3a01038,
0xe5801000,
0xe5804000,
0xeafffffe,
0xfa000b94,
0xe59f01f0,
0xe59f11f0,
0xe3a02000,
0xe4802004,
0xe1500001,
0x3afffffc,
0xfa0012f7,
0xe1a0f000,
0xe320f000,
0xe59f01c8,
0xe3a01052,
0xe5801000,
0xe3a01053,
0xe5801000,
0xe3a01054,
0xe5801000,
0xe590101c,
0xe201100f,
0xe2811030,
0xe5801000,
0xe590101c,
0xe1a01221,
0xe201100f,
0xe2811030,
0xe5801000,
0xeafffffe,
0xe59f0184,
0xe3a01055,
0xe5801000,
0xe3a01044,
0xe5801000,
0xe3a01046,
0xe5801000,
0xe590101c,
0xe201100f,
0xe2811030,
0xe5801000,
0xe590101c,
0xe1a01221,
0xe201100f,
0xe2811030,
0xe5801000,
0xeaffffed,
0xe59f0140,
0xe3a01053,
0xe5801000,
0xe3a01057,
0xe5801000,
0xe3a01049,
0xe5801000,
0xe590101c,
0xe201100f,
0xe2811030,
0xe5801000,
0xe590101c,
0xe1a01221,
0xe201100f,
0xe2811030,
0xe5801000,
0xeaffffdc,
0xe59f00fc,
0xe3a01050,
0xe5801000,
0xe3a01041,
0xe5801000,
0xe3a01042,
0xe5801000,
0xe590101c,
0xe201100f,
0xe2811030,
0xe5801000,
0xe590101c,
0xe1a01221,
0xe201100f,
0xe2811030,
0xe5801000,
0xeaffffcb,
0xe59f00b8,
0xe3a01041,
0xe5801000,
0xe3a01042,
0xe5801000,
0xe3a01054,
0xe5801000,
0xe590101c,
0xe201100f,
0xe2811030,
0xe5801000,
0xe590101c,
0xe1a01221,
0xe201100f,
0xe2811030,
0xe5801000,
0xeaffffba,
0xeafffffe,
0xeafffffe,
0x00000100,
0x00000010,
0x00000100,
0x00000010,
0x00000100,
0x00000010,
0xf0d40000,
0xf0d58000,
0xf0d5d000,
0xf0d5e000,
0xf0020000,
0xf0100000,
0xf0d40f78,
0x00007fff,
0xf0d40f74,
0xf0d40f80,
0xf0d40f7c,
0xf0d40f70,
0xf0d40f6c,
0xf0d40300,
0x00015de6,
0xf0000de6,
0x00003c34,
0xf0d15de6,
0xf1015de6,
0x00003c44,
0xf1115de6,
0xf0101000,
0xf0160000,
0xf0110000,
0x010002cc,
0x01008400,
0x22004b05,
0xaf00b580,
0xf002601a,
0x4803fe7f,
0xfe8af004,
0xbf00bd80,
0xf0210100,
0xf0d41084,
0x2000b580,
0xbd80af00,
0x2000b580,
0xbd80af00,
0x2000b580,
0xbd80af00,
0x2000b580,
0xbd80af00,
0xb5804b02,
0x6018af00,
0xbf00bd80,
0xf0210100,
0x4b06b580,
0xee0eaf00,
0xee0e3f10,
0x4a043f10,
0xf0436813,
0x60130301,
0xbf00bd80,
0x002dc6c0,
0xffe60000,
0xaf00b580,
0xffeaf7ff,
0x68134a03,
0xd0fc2b00,
0xecb2f004,
0xbf00bd80,
0xf0210100,
0x2000b580,
0xbd80af00,
0x6c5f6c62,
0x656c776f,
0x5f6c6576,
0x74696e69,
0x6e6f6420,
0x000a0d65,
0x00000000,
0x00000000,
0x00000000,
0x00000000,
0x00000000,
0x00000000,
0x4b144a13,
0x2800b580,
0x4613bf18,
0x0208f043,
0x6811af00,
0xd50c0109,
0xf3c06810,
0xb1a87000,
0x63d4f443,
0x681b2002,
0x7f00f413,
0x2001bf08,
0x6812bd80,
0xd50800d2,
0x63d4f443,
0x681b2005,
0x7f00f413,
0x2004bf08,
0x2003bd80,
0xbf00bd80,
0xf0210000,
0xf0180000,
0x47f0e92d,
0x4b414688,
0xaf004c41,
0x28004605,
0x461cbf18,
0xffadf2c1,
0x79a6f444,
0x23002208,
0x46484611,
0xf91cf2c2,
0x0f04f1b8,
0x2300d106,
0x210f220c,
0x7061f444,
0xf912f2c2,
0x0a06f04f,
0xf444200a,
0xf8c476f8,
0xf004a000,
0x220dfcbd,
0x46112300,
0xf2c24630,
0xf44ff903,
0xf0047096,
0x2307fcb3,
0x60232064,
0xfcaef004,
0x2301220d,
0x46304611,
0xf8f4f2c2,
0x7016f44f,
0xfca4f004,
0xf8c42064,
0xf004a000,
0x230efc9f,
0x60232064,
0xfc9af004,
0x23012208,
0x46484611,
0xf8e0f2c2,
0x0f04f1b8,
0x230fd12f,
0x4619220c,
0x7061f444,
0xf8d6f2c2,
0x22032301,
0x1125f240,
0xf2c24628,
0x227ff82d,
0x218ef240,
0xf2c22000,
0x4601f81d,
0xf2bf4628,
0x2302fad5,
0xf2402203,
0x46281125,
0xf81cf2c2,
0xf44f227f,
0x20007127,
0xf80cf2c2,
0x46284601,
0xfac4f2bf,
0xf2402303,
0x461a1125,
0xf2c24628,
0xe8bdf80b,
0xbf0087f0,
0xf0210000,
0xf0180000,
0x2109b5f8,
0xaf002000,
0xf2c14d31,
0x1e42ffe2,
0x2109b2d2,
0xf2c12000,
0x210affe4,
0xf2c12000,
0x1e42ffd8,
0x210ab2d2,
0xf2c12000,
0x2000ffda,
0xff1df2c1,
0x4b284827,
0x721ff641,
0x6801682e,
0x681b4032,
0x4c80f013,
0x731ff641,
0x0301ea03,
0xf46fd010,
0x44737e80,
0xf46f404b,
0x44627c80,
0x741ff641,
0x40234072,
0x40594022,
0x602a4072,
0xe0216001,
0xe068f8df,
0x1201f2a2,
0xf8de4072,
0x2c014000,
0x741ff641,
0x0204ea02,
0x0206ea82,
0xd116602a,
0x7380f5a3,
0x401c404b,
0x490f404c,
0x0201ea04,
0x7280f102,
0x3280f502,
0x40114062,
0x60014061,
0xc000f8ce,
0xf2c12000,
0x2000fed0,
0xf46fbdf8,
0x44137280,
0x401c404b,
0xe7cf4061,
0xf0180648,
0xf0180148,
0xf0180008,
0x1f1f0000,
0xf0d4109c,
0x2109b5f8,
0xaf002000,
0xf2c14e4e,
0x1c42ff70,
0x2109b2d2,
0xf2c12000,
0x210aff72,
0xf2c12000,
0x1c42ff66,
0x210ab2d2,
0xf2c12000,
0x2000ff68,
0xfeabf2c1,
0xc128f8df,
0xf8dc4b43,
0x68345000,
0xf013681b,
0xf0054f80,
0xd02c031f,
0xd00d2b1f,
0x53f8f405,
0x5ff8f5b3,
0xf404d008,
0xf5b353f8,
0xd0035ff8,
0x031ff004,
0xd10a2b1f,
0xf2c24837,
0x4837f917,
0x46294622,
0xf912f2c2,
0x30fff04f,
0xf641bdf8,
0xea05731f,
0xf2010103,
0xea041101,
0x40690203,
0x1201f202,
0x40624019,
0xf8cc4069,
0x401a1000,
0x2b1fe03c,
0xf405d00d,
0xf5b353f8,
0xd0085ff8,
0x53f8f404,
0x5ff8f5b3,
0xf004d003,
0x2b1f031f,
0x4821d106,
0xf8eaf2c2,
0x46294622,
0xe7d14820,
0x721ff641,
0x46102b19,
0xea004613,
0xea030005,
0xd1220304,
0xf200491b,
0xf5031001,
0xf04f7380,
0x40630e01,
0xe000f8c1,
0x0105ea80,
0x0002ea01,
0x4062401a,
0x40684c14,
0x0000f8cc,
0x0104ea02,
0x417ef101,
0x017ff501,
0x400c4051,
0x20004054,
0xf2c16034,
0x2000fe28,
0xf200bdf8,
0xf2031001,
0x40681301,
0x40104063,
0xf8cc4068,
0xe7ae0000,
0xf0180148,
0xf0180008,
0xf0d44dd0,
0xf0d44e00,
0xf0d44e20,
0xf0d4109c,
0x1f1f0000,
0xf0180648,
0xb5b04b29,
0x685baf00,
0x2000b143,
0xfe1ef7ff,
0xd13d2805,
0x20002103,
0xfe44f7ff,
0x20004d23,
0xfe01f2c1,
0xf3c4682c,
0xb1347400,
0x24024b20,
0xf413681b,
0xbf087f00,
0x68282401,
0x60c0f3c0,
0x4b1cb960,
0x4126f240,
0xf003681b,
0x2b0a030f,
0x2207bf08,
0x2206bf18,
0xfe9ff2c1,
0x22044623,
0x2000210c,
0xfcf3f2c3,
0x20004604,
0xfde3f2c1,
0xf3c2682a,
0xb92262c0,
0x4126f240,
0xf2c14610,
0x2000fe8c,
0xfdc7f2c1,
0xf084fab4,
0xbdb00940,
0xf7ff2000,
0x2804fddb,
0x2000d0bc,
0xfdd6f7ff,
0xd0b72803,
0xe7b62104,
0xf0d4109c,
0xf0180008,
0xf01806a0,
0xf0180384,
0x2401b598,
0xf202fa04,
0x408b3a01,
0xb2dbaf00,
0xb281408a,
0x2000b2d2,
0xfe76f2c1,
0xb598bd98,
0xfa032301,
0x3a01f202,
0xaf00460c,
0xb281408a,
0x2000b2d2,
0xfe5ef2c1,
0xbd9840e0,
0x4ff0e92d,
0x4b8e2000,
0xaf04b09d,
0x605a2201,
0xfd8ff2c1,
0xf2c2488b,
0x2300f817,
0x647b461c,
0xf7ff2000,
0x2801fd99,
0x80cef040,
0xf0402c01,
0x24028282,
0x22032300,
0x488321c3,
0xf804f2c2,
0x01a64b82,
0x6a2b199d,
0x6a6b643b,
0x6aab63fb,
0x461a6bf9,
0x63bb6c38,
0xffc3f7ff,
0x637b6b2b,
0x633b6b6b,
0x65b86bab,
0x6b39461a,
0x61fb6b78,
0xffb7f7ff,
0x65f82c02,
0x2801d103,
0x4b70d101,
0x4b726098,
0x599b199d,
0x686b62fb,
0x68ab653b,
0x461a6d39,
0x64fb6af8,
0xffa3f7ff,
0x4683692b,
0x696b62bb,
0x69ab627b,
0x6a792500,
0x6ab8461a,
0xf7ff613b,
0x22c0ff96,
0xf24060f8,
0x20002152,
0xfdfaf2c1,
0x48626078,
0xffbef2c1,
0x23016cfa,
0x623b4093,
0x4b5d1e5e,
0x1884eb03,
0x429d6a3b,
0x80a2f2c0,
0xf2c1485b,
0x2c01ffaf,
0x80a5f240,
0xf0402c02,
0x230881bc,
0x250164bb,
0x93016a7b,
0x95026abb,
0x23009300,
0x6ab96a7a,
0xf2c14852,
0x6bbbff9b,
0xf303fa05,
0x230060bb,
0x461d657b,
0xeb034b4a,
0x617b1384,
0x429d68bb,
0x80a0f2c0,
0x01a04b46,
0x181d4e45,
0x68aa465b,
0x58306869,
0xff40f7ff,
0x0010f105,
0xc80768fb,
0xff3af7ff,
0x0020f105,
0xc8076dbb,
0xff34f7ff,
0x0030f105,
0xc8076dfb,
0xff2ef7ff,
0x22c0687b,
0x2152f240,
0xf0032000,
0xf2c103c0,
0x4836fda9,
0xff64f2c1,
0xf2c12000,
0x2000fcde,
0xfce6f7ff,
0xf0402805,
0x210381c0,
0x34012000,
0xfd0af7ff,
0xf67f2c03,
0x6c7baf3f,
0x2b004c26,
0x81c1f000,
0xf2c1482b,
0x6c7bff4b,
0x200060e3,
0xfcb3f2c1,
0x37642300,
0x46bd6063,
0x8ff0e8bd,
0xf7ff2000,
0x2804fcc5,
0xaf2cf43f,
0xf7ff2000,
0x2802fcbf,
0xb1dcd10d,
0xd0192c01,
0xf43f2c02,
0x2c03af24,
0xaf28f47f,
0x481b21c1,
0xff28f2c1,
0x2000e722,
0xfcacf7ff,
0xd0ec2805,
0xd1eb2c00,
0x22032300,
0x481521c2,
0xff1af2c1,
0xe7132400,
0x22072304,
0x481221c2,
0xff12f2c1,
0xe70b2401,
0x100cf8d8,
0x4429480f,
0x40313501,
0xff08f2c1,
0x2304e750,
0xbf00e75c,
0xf0d4109c,
0xf0d44e40,
0xf0d44e58,
0xf0d44650,
0xf0d44ec5,
0xf0d452d1,
0xf0d44ed5,
0xf0d44f45,
0xf0d44eaf,
0xf0d44e92,
0xf0d44e75,
0xf0d44ecf,
0x6bba697b,
0x6adb6bf9,
0x442b6c38,
0xfea2f7ff,
0x69fa697b,
0x6bdb6b39,
0x442b6b78,
0xfe9af7ff,
0xd15e2c02,
0xf04f2d00,
0xf04f03c0,
0xf24002c0,
0xbf082152,
0x20002300,
0xfd10f2c1,
0xd1472d00,
0x689b4ba3,
0xf7ffb90b,
0xf10bfd77,
0xf009090c,
0xf1a9090f,
0x2b030302,
0x6dbbd854,
0x6dfb1c5e,
0xbfb82e00,
0xf1034276,
0xea8a0a01,
0xeba373ea,
0x469a73ea,
0x6bf96bba,
0xf7ff6c38,
0x69fafe7a,
0x6b394680,
0xf7ff6b78,
0x6b3bfe74,
0x6b7b9301,
0x46439300,
0x0806f04f,
0x6bfa9002,
0x488d6c39,
0xfe9af2c1,
0x0306f1a8,
0x69ba61bb,
0x42936a3b,
0x2c02dc2c,
0x2d00d107,
0x8096f040,
0x689b4b84,
0xf7ffb90b,
0x4884fcc7,
0xf2c13501,
0xe6f3fe85,
0xd1ba2d01,
0x689b4b7e,
0xd1b62b01,
0xfcbaf7ff,
0xf10be7b3,
0xf009090e,
0xf1a9090f,
0x2b010304,
0x6dbbd808,
0x6dfb1e5e,
0xbfb82e00,
0xf1034276,
0xe7b23aff,
0xf8d76dbe,
0xe7b3a05c,
0x69ba697b,
0x68db6d39,
0x44136af8,
0xf7ff6cfa,
0x69bbfe1b,
0x2b05693a,
0x6ab86a79,
0x2300bfd8,
0x2301bfc8,
0xfe10f7ff,
0xf2c12000,
0x2c02fbcc,
0xfab5d12a,
0x095bf385,
0xd10842b3,
0xd1064556,
0xf0086d7a,
0x4599030f,
0x2201bf08,
0xf7ff657a,
0x2801fd9f,
0x2c02d121,
0xfab5d11c,
0x6dfaf385,
0x4293095b,
0xf008d114,
0x455b030f,
0x4858d110,
0xfe2cf2c1,
0x2b016d7b,
0x6cbbd124,
0xdb212b00,
0x3b016cbb,
0xe01d64bb,
0xd1e042b5,
0xe7d64555,
0xe7ed4850,
0x429d6dbb,
0x2c02e7e4,
0xfab5d117,
0x6dfaf385,
0x4293095b,
0xf008d10f,
0x455b030f,
0x4849d10b,
0xfe0af2c1,
0x2b016d7b,
0x6cbbd102,
0xda072b00,
0x0801f108,
0x4844e766,
0x6dbbe7f2,
0xe7e9429d,
0x33fff04f,
0xe7d1647b,
0xf47f2d01,
0x4b38af6c,
0x2b01689b,
0xaf67f47f,
0xfc9ef7ff,
0x6d3be763,
0x6cfa2600,
0x6af94635,
0x0804f04f,
0x4837189a,
0xf2c13a01,
0xf10bfde1,
0xf003030e,
0x657b030f,
0xeb034b33,
0x6a3b1a84,
0xf77f42ab,
0xf8daae49,
0x6cfa300c,
0x0903eb05,
0x464b6d39,
0xf7ff6af8,
0x2000fd89,
0xfb45f2c1,
0x454b6d7b,
0x2601bf08,
0xfd24f7ff,
0x0308f105,
0xf0032801,
0xd10e030f,
0xd10a455b,
0xf2c1481d,
0x2e01fdb7,
0xf1b8d111,
0xdb0e0f00,
0x38fff108,
0x4819e00b,
0x455be7f3,
0x4818d109,
0xfda8f2c1,
0xd1022e01,
0x0f00f1b8,
0x3501da03,
0x4814e7c7,
0xf04fe7f4,
0x647b33ff,
0x2000e7e8,
0xfb20f7ff,
0xf43f2804,
0x2000ae3a,
0xfb1af7ff,
0xf43f2803,
0x2104ae34,
0x480de632,
0xfd8af2c1,
0x2c00e63f,
0xae54f47f,
0xbf00e664,
0xf0d4109c,
0xf0d44efd,
0xf0d452d1,
0xf0d44f1b,
0xf0d44f1f,
0xf0d44f23,
0xf0d44f27,
0xf0d44f2b,
0xf0d44650,
0xf0d44f59,
0x4ff0e92d,
0x4d47240a,
0x4e47b0b1,
0xf7ffaf0a,
0x2801fcc9,
0x4630bf08,
0x4628bf18,
0xfd60f2c1,
0xd1f43c01,
0xf2c14841,
0x4841fd5b,
0xfd58f2c1,
0xf240227f,
0x4620218e,
0xfb8af2c1,
0x483d4601,
0xfd4ef2c1,
0x408cf8c7,
0x200067fc,
0xfad0f7ff,
0xf0402801,
0x6ffb8081,
0xf2402b01,
0xf8d7808e,
0x4c35308c,
0xf0403301,
0x48348671,
0xfd38f2c1,
0x308cf8d7,
0x483260e3,
0xfd32f2c1,
0x60632301,
0x469b2300,
0x3088f8c7,
0xf7ff2000,
0x2801fab1,
0x866cf040,
0x0f01f1bb,
0x8678f240,
0x23004c26,
0xf8d76063,
0x33013088,
0x811af041,
0xf2c14825,
0xf8d7fd17,
0x60e33088,
0x681b4b23,
0xf101011b,
0x4b1d812f,
0x22012000,
0xf2c1605a,
0x481ffa7e,
0xfd06f2c1,
0x469a2300,
0x200065fb,
0xfa88f7ff,
0xf0412801,
0xf1ba868b,
0xf2410f01,
0x4c128697,
0x60602000,
0xfa61f2c1,
0x2b006dfb,
0x8032f002,
0xf2c14813,
0x6dfbfced,
0xf7ff60e3,
0x68e3fcc5,
0xf0423301,
0x480f802c,
0xfce2f2c1,
0x46bd379c,
0x8ff0e8bd,
0xf0d44f6d,
0xf0d44f20,
0xf0d452d1,
0xf0d44f70,
0xf0d44f88,
0xf0d4109c,
0xf0d4508b,
0xf0d450b3,
0xf0d45193,
0xf0180008,
0xf0d451bf,
0xf0d452a0,
0xf0d452ca,
0xf7ff2000,
0x2804fa49,
0xaf79f43f,
0xf7ff2000,
0x2802fa43,
0x8137f040,
0x2b026ffb,
0x2302bf38,
0x6ffb67fb,
0x461a25a0,
0xfb054ba4,
0xf8d43402,
0xf8d43104,
0xf8d4b100,
0x46198108,
0xf8c74658,
0x46423090,
0xfc6df7ff,
0x6178f8d4,
0x0094f8c7,
0xf8d44632,
0xf8d41174,
0xf7ff0170,
0x66f8fc62,
0x70c0f504,
0xf7ffc807,
0x6138fc5c,
0x70c8f504,
0xf7ffc807,
0xf8d4fc56,
0xf8c73150,
0xf8d43088,
0xf8d49158,
0x60f83154,
0x4619464a,
0x0088f8d7,
0x3084f8c7,
0xfc45f7ff,
0x3160f8d4,
0x3080f8c7,
0x3164f8d4,
0xf8d467bb,
0x61f83168,
0x6fb9461a,
0x0080f8d7,
0xf7ff677b,
0x6ff9fc34,
0x488060b8,
0xfc62f2c1,
0x1114f8d4,
0xa118f8d4,
0x3090f8d7,
0x44519103,
0x91023901,
0x1110f8d4,
0x0208eb03,
0x3a019101,
0x1094f8d7,
0x0800f04f,
0x46599100,
0xf2c14874,
0x2301fc49,
0xfa0afa03,
0xb1d8f8df,
0xf606fa03,
0x3afff10a,
0xf2c045b0,
0x6ffb80c3,
0x08a0f04f,
0x461a486c,
0xf8df4b68,
0xfb05b1bc,
0xf8d53502,
0xf8d53124,
0xf8d54128,
0x25001120,
0x3a01191a,
0xfc28f2c1,
0xfa032301,
0x6ffbf404,
0x461a3c01,
0xfb084b5d,
0x42ae3a02,
0x80adf300,
0xf2c1485e,
0x6ffbfc19,
0x461a2000,
0xfb084b57,
0x22ff3302,
0x3090f8c7,
0x4130f8d3,
0xf2c1b2a1,
0xf8d7fa43,
0x46053090,
0xf8d34620,
0xf8d32138,
0xf7ff1134,
0x464afbce,
0xf8d74606,
0xf8d71084,
0xf7ff0088,
0x4633fbc6,
0x4621462a,
0x484c9000,
0xfbf2f2c1,
0x3090f8d7,
0x200022ff,
0x4140f8d3,
0xf2c1b2a1,
0xf8d7fa21,
0x46053090,
0xf8d34620,
0xf8d32148,
0xf7ff1144,
0x6f7afbac,
0x6fb94606,
0x0080f8d7,
0xfba5f7ff,
0x90004633,
0x4621462a,
0xf2c1483c,
0xf8d7fbd1,
0xf8d73094,
0xf8d72094,
0x00db4090,
0xf8d763fb,
0x011b3094,
0x1a9b623b,
0x461363bb,
0x44136bba,
0x2300603b,
0x3080f8c7,
0x3178f8d4,
0x6cba64bb,
0x40932301,
0x2080f8d7,
0xdb5b429a,
0x1090f8d7,
0x0090f8d7,
0x6cba6efb,
0x1174f8d1,
0x0170f8d0,
0xfb64f7ff,
0x2090f8d7,
0x1090f8d7,
0x0090f8d7,
0xf8d2693b,
0xf8d12188,
0xf8d01184,
0xf7ff0180,
0xf8d7fb55,
0xf8d72090,
0xf8d71090,
0x68fb0090,
0x2198f8d2,
0x1194f8d1,
0x0190f8d0,
0xfb46f7ff,
0x33016ffb,
0x2b0467fb,
0xae37f47f,
0x2000e63f,
0xf906f7ff,
0xf47f2805,
0xe6c1aec8,
0x111cf8d4,
0x44414658,
0x0801f108,
0x010aea01,
0xfb70f2c1,
0xf8dae72e,
0x4658112c,
0x35014429,
0xf2c14021,
0xe746fb67,
0xf0d44650,
0xf0d44f95,
0xf0d44fae,
0xf0d44fea,
0xf0d45005,
0xf0d4500c,
0xf0d4500b,
0xf0d44fe6,
0x3080f8d7,
0x7088f504,
0xc8072b05,
0x2300bfd8,
0x2301bfc8,
0xf7ff4698,
0x62f8fb16,
0x7090f504,
0xf7ffc807,
0x6078fb10,
0x7098f504,
0xf7ffc807,
0x65b8fb0a,
0x70a0f504,
0xf7ffc807,
0xf8d4fb04,
0xf8d45174,
0xf8d76170,
0x46292080,
0x317cf8d4,
0x463064f8,
0x6cba4413,
0xfae6f7ff,
0x1184f8d4,
0x0180f8d4,
0xf8d44643,
0x46892188,
0x0088f8c7,
0xfadaf7ff,
0x0190f8d4,
0xf8d44643,
0xf8d41194,
0x46822198,
0xf7ff468b,
0x6cbafacf,
0x46304629,
0xfad9f7ff,
0xf8cd6cbb,
0x46319008,
0xf8d718ea,
0x93073080,
0xf8d73a01,
0xf04f3088,
0xe88d0900,
0x462b0009,
0x8018f8cd,
0xb014f8cd,
0xa010f8cd,
0x800cf8cd,
0xf2c1487e,
0xf8d7faf1,
0xf8c73080,
0x1d9a9030,
0x9070f8c7,
0xf0024253,
0xf003020f,
0xf8c7030f,
0xbf589064,
0x69fb425a,
0x6dba637a,
0x905cf8c7,
0x9060f8c7,
0x03c2eb03,
0xf8d7617b,
0xf8c73094,
0x425b9078,
0xf8d466bb,
0xf8c73118,
0xf8c79040,
0xf8c79050,
0xf8c79054,
0x647b9074,
0x23016c7a,
0x6f7a4093,
0xdb6f429a,
0x3094f8d7,
0x0864f04f,
0x6f396fba,
0xfb024862,
0x6bfb1603,
0xf606fb08,
0xf6f3fbb6,
0xf2c14631,
0x6dfbfaaf,
0x42936e7a,
0x83a5f240,
0x6a3a4613,
0x6dfb189d,
0x6bfb1aed,
0xf805fb08,
0xf1f3fbb8,
0xf04f6e7b,
0x6e3a0964,
0xf2404293,
0x4613839d,
0x44136a3a,
0x6e7b461d,
0x6bfb1aed,
0xf905fb09,
0x2080f8d7,
0xf9f3fbb9,
0x33186efb,
0x030ff003,
0xf040429a,
0x2e1e838d,
0x308cf8d7,
0x32fff04f,
0x4613bf98,
0x308cf8c7,
0xb1336b3b,
0xf2c14843,
0x4649fa77,
0xf2c14842,
0x4842fa73,
0xfa70f2c1,
0x6c7a6afb,
0x1114f8d4,
0x0110f8d4,
0xfa26f7ff,
0x7090f504,
0xc807687b,
0xfa20f7ff,
0x70a8f504,
0xc80769fb,
0xfa1af7ff,
0x70b0f504,
0xc80768bb,
0xfa14f7ff,
0x3080f8d7,
0xf8c73301,
0xe6963080,
0xf8d46f7b,
0xf8d4611c,
0xf8d4a110,
0x441eb114,
0x6c7a4633,
0x46504659,
0xfa00f7ff,
0x3120f8d4,
0xf8d462bb,
0x627b3128,
0x512cf8d4,
0xf8d46f7b,
0x441d8124,
0x462b6a7a,
0x6ab84641,
0xf9eef7ff,
0x3130f8d4,
0x3088f8c7,
0x230022ff,
0xf8b74618,
0xf2c11088,
0xf8d4f867,
0xf8c73140,
0x22ff3084,
0x46182300,
0x1084f8b7,
0xf85cf2c1,
0xf97af7ff,
0x28016d7b,
0x8197f040,
0xf0403301,
0x48128140,
0xfa0ef2c1,
0x46501e73,
0x46596c7a,
0xf7ff2600,
0x1e6bf9c5,
0x46416a7a,
0x46356ab8,
0xf9bef7ff,
0xa138f8d4,
0xfa032301,
0x4295f20a,
0x653bdb0e,
0xbf00e08a,
0xf0d4503f,
0xf0d45079,
0xf0d45077,
0xf0d45081,
0xf0d452d1,
0xf0d45182,
0x3134f8d4,
0x653b4652,
0x313cf8d4,
0x18eb6d39,
0x0088f8d7,
0xf7ff627b,
0xf8d4f99b,
0x62bb3148,
0x314cf8d4,
0xb144f8d4,
0x0803eb05,
0x46436aba,
0xf8d74659,
0xf7ff0084,
0xf7fff98b,
0x2801f92d,
0x80ecf040,
0xd1303601,
0x46526a7b,
0x26006d39,
0xf8d73b01,
0xf7ff0088,
0xf108f97b,
0x6aba33ff,
0xf8d74659,
0xf7ff0084,
0xf8d4f973,
0x23018158,
0xf308fa03,
0xda18429e,
0x315cf8d4,
0xf8d44642,
0x44331154,
0x0150f8d4,
0xf962f7ff,
0x70b0f504,
0x316cf8d4,
0x4433c807,
0xf95af7ff,
0xf8fcf7ff,
0xf0402801,
0xf1c680b7,
0xb10d0908,
0x00ed3d01,
0x3094f8d7,
0x4899444d,
0xbfb8429d,
0xbfa81b5d,
0x46292500,
0xf986f2c1,
0x46526dbb,
0xf8d76d39,
0xf7ff0088,
0x6cfbf93d,
0x46596aba,
0x0084f8d7,
0xf936f7ff,
0x6eba6f3b,
0x673b442b,
0x3094f8d7,
0x1b4b1899,
0x230165fb,
0x653b461e,
0x2b0f6f7b,
0x80c2f040,
0x2b006c3b,
0x80bef040,
0x2b006d3b,
0x80baf000,
0xf8d46c3d,
0x23018138,
0xf308fa03,
0xda5c429d,
0x3134f8d4,
0x62bb4642,
0x313cf8d4,
0x18eb6ab9,
0x0088f8d7,
0xf7ff627b,
0xf8d4f909,
0xf8d4a144,
0xf8d4b148,
0x4651314c,
0xf8d7465a,
0x18eb0084,
0xf7ff61bb,
0xf7fff8fb,
0x2801f89d,
0x8083f000,
0xd1192e01,
0x46426a7b,
0x3b016ab9,
0x0088f8d7,
0xf8ecf7ff,
0x465a69bb,
0x3b014651,
0x0084f8d7,
0xf8e4f7ff,
0x6158f8d4,
0xf04f464a,
0x23010900,
0x459940b3,
0x4691db4d,
0x3d01b10d,
0xf8d700ed,
0x444d3094,
0x429d485c,
0x461dbfa8,
0xf2c14629,
0x6dbbf90f,
0x6ab94642,
0x0088f8d7,
0xf8c6f7ff,
0x465a6cfb,
0xf8d74651,
0xf7ff0084,
0x6f3bf8bf,
0x673b442b,
0x18eb6bbb,
0x6dbb663b,
0x2138f8d4,
0x1134f8d4,
0x0088f8d7,
0xf8b0f7ff,
0xf8d46cfb,
0xf8d42148,
0xf8d71144,
0xf7ff0084,
0x6f7bf8a7,
0x2094f8d7,
0x677b3301,
0x44136ebb,
0xe61966bb,
0xf04f3601,
0xe7280900,
0xd1042d0f,
0xf2c1483f,
0x6ebbf8d7,
0x350165fb,
0x36fff04f,
0x2600e6d2,
0xf8d4e762,
0x4632315c,
0x1154f8d4,
0xf8d4444b,
0xf7ff0150,
0xf504f883,
0xf8d470b0,
0xc807316c,
0xf7ff444b,
0xf7fff87b,
0x2801f81d,
0xf109d19c,
0x22080901,
0x2d0fe793,
0xf8d7d109,
0x482a1094,
0xf8aef2c1,
0x33016fbb,
0x6bbb67bb,
0x3501663b,
0xe7482601,
0x6efa6b7b,
0xd11c4293,
0x33066f7b,
0xf003425a,
0xf002030f,
0xbf58020f,
0x6afa4253,
0xd1104293,
0xf2c1481e,
0x6fbbf893,
0x3301697a,
0xf8d767bb,
0x189d3094,
0x18eb6ebb,
0x2301667b,
0x657b633b,
0x4817e789,
0xf882f2c1,
0x33016fbb,
0x230167bb,
0x2b01e7f5,
0x8141f040,
0x48126fbb,
0x67bb3b01,
0xf874f2c1,
0x6c7a1e73,
0x46504659,
0xf7ff2600,
0x1e6bf82b,
0x6a7a4641,
0x46356ab8,
0xf824f7ff,
0x8138f8d4,
0xfa032301,
0x4295f208,
0x643bdb0c,
0xbf00e06c,
0xf0d45186,
0xf0d4518c,
0xf0d44f1c,
0xf0d44f20,
0xf0d45182,
0x3134f8d4,
0x643b4642,
0x313cf8d4,
0x18eb6c39,
0x0088f8d7,
0xf7ff62bb,
0xf8d4f803,
0xf8d4a144,
0xf8d4b148,
0x4651314c,
0xf8d7465a,
0x18eb0084,
0xf7fe627b,
0xf7fefff5,
0x2801ff97,
0x80eaf000,
0xd11a2e01,
0x46426abb,
0x3b016c39,
0x0088f8d7,
0xffe6f7fe,
0x465a6a7b,
0x3b014651,
0x0084f8d7,
0xffdef7fe,
0x6158f8d4,
0xf04f464a,
0x23010900,
0x459940b3,
0x80b3f2c0,
0xb10d4691,
0x00ed3d01,
0x3094f8d7,
0x48a5444d,
0x36fff04f,
0xbfa8429d,
0x4629461d,
0xf806f2c1,
0x46426dbb,
0xf8d76c39,
0xf7fe0088,
0x6cfbffbd,
0x4651465a,
0x0084f8d7,
0xffb6f7fe,
0x442b6f3b,
0x6ebb673b,
0x663b18eb,
0x643b2301,
0x2b0f6f7b,
0x80c4f040,
0x2b006d3b,
0x80c0f040,
0x2b006c3b,
0x80bcf000,
0xf8d46d3d,
0x2301a138,
0xf30afa03,
0xf6bf429d,
0xf8d4aee0,
0x46523134,
0xf8d462bb,
0x6ab9313c,
0xf8d718eb,
0x61bb0088,
0xff8cf7fe,
0x3148f8d4,
0xf8d4627b,
0xf8d4314c,
0xeb05b144,
0x6a7a0803,
0x46594643,
0x0084f8d7,
0xff7cf7fe,
0xff1ef7fe,
0xf0402801,
0x36018086,
0x69bbd12f,
0x6ab94652,
0x3b012600,
0x0088f8d7,
0xff6cf7fe,
0x33fff108,
0x46596a7a,
0x0084f8d7,
0xff64f7fe,
0x8158f8d4,
0xfa032301,
0x429ef308,
0xf8d4da17,
0x4642315c,
0x1154f8d4,
0xf8d44433,
0xf7fe0150,
0xf504ff53,
0xf8d470b0,
0xc807316c,
0xf7fe4433,
0xf7feff4b,
0x2801feed,
0xf1c6d151,
0xb10d0908,
0x00ed3d01,
0x3094f8d7,
0x485e444d,
0xbfb8429d,
0xbfa81b5d,
0x46292500,
0xff78f2c0,
0x46526dbb,
0xf8d76ab9,
0xf7fe0088,
0x6cfbff2f,
0x46596a7a,
0x0084f8d7,
0xff28f7fe,
0x442b6f3b,
0x683b673b,
0x65fb1b5b,
0xf8d4e667,
0x4632315c,
0x1154f8d4,
0xf8d4444b,
0xf7fe0150,
0xf504ff17,
0xf8d470b0,
0xc807316c,
0xf7fe444b,
0xf7feff0f,
0x2801feb1,
0xaf37f47f,
0x0901f109,
0xe72c2208,
0xd1092d0f,
0x1094f8d7,
0xf2c0483f,
0x6fbbff41,
0x67bb3301,
0x663b6ebb,
0x26013501,
0x2600e6d4,
0x3601e746,
0x0900f04f,
0x2d0fe78e,
0x4837d104,
0xff2ef2c0,
0x65fb6bbb,
0xf04f3501,
0xe74636ff,
0x6efa6b7b,
0xd11a4293,
0x33066f7b,
0xf003425a,
0xf002030f,
0xbf58020f,
0x6afa4253,
0xd10e4293,
0xf2c0482b,
0xf8d7ff15,
0x697a3094,
0x6ebb189d,
0x667b18eb,
0x633b2301,
0x33fff04f,
0x4825e681,
0xff06f2c0,
0x6e7be7f8,
0x1a9d6dfa,
0xfb086bfb,
0xfbb5f505,
0xe45bf1f3,
0x6e7a6e3b,
0xe4641a9d,
0xf8d76efb,
0x331c2080,
0x030ff003,
0xf43f429a,
0x6efbac6a,
0x2080f8d7,
0xf0033319,
0x429a030f,
0xac61f43f,
0xf8d76efb,
0x331b2080,
0x030ff003,
0xf43f429a,
0x6efbac58,
0x2080f8d7,
0xf003330a,
0x429a030f,
0xac58f47f,
0xd9042e1e,
0xd902290b,
0x0f0bf1b9,
0xf04fe448,
0xe44b33ff,
0xf2c04806,
0xf7fffec7,
0xbf00b990,
0xf0d45186,
0xf0d4518c,
0xf0d44f24,
0xf0d44f28,
0xf0d4509f,
0xf7fe2000,
0x2804fc3f,
0xa98ef43f,
0xf7fe2000,
0x2802fc39,
0x8218f040,
0x459b2302,
0x469bbf38,
0xeb034bce,
0xf8d8188b,
0xf8c73380,
0xf8d83080,
0xf8c73384,
0xf8d83094,
0xf8d73388,
0x461a1094,
0x0080f8d7,
0xf7fe67fb,
0xf8d8fe62,
0xf8d863a4,
0xf8d8a3a0,
0x463133a8,
0x465067b8,
0xf8c7461a,
0xf7fe3090,
0xf8d8fe54,
0xf8d853b4,
0xf8d833b0,
0x462993b8,
0x46186738,
0xf8c7464a,
0xf7fe308c,
0xf8d8fe46,
0xf8d84394,
0xf8d83390,
0x46218398,
0x3084f8c7,
0x0208eb04,
0x1e5366f8,
0x0084f8d7,
0x677b4642,
0xfe33f7fe,
0x3090f8d7,
0x46519008,
0x6f7b18f2,
0x3a019306,
0x3084f8d7,
0x6efb9305,
0xeb059304,
0x3b010309,
0xf8d79302,
0x9301308c,
0x94076f3b,
0x93009503,
0x48a14633,
0xfe4af2c0,
0x2090f8d7,
0x46504631,
0xfe11f7fe,
0x64f84629,
0xf8d7464a,
0xf7fe008c,
0x6ffafe0a,
0x3094f8d7,
0x65b84659,
0x6f7a4413,
0x3b019203,
0x2084f8d7,
0x6fba9202,
0xf8d79201,
0x94042094,
0x92002400,
0xf8d74890,
0xf2c02080,
0x488ffe25,
0xfe22f2c0,
0xfa032301,
0x4d8df808,
0x38fff108,
0x0104ea08,
0x34104628,
0xfe16f2c0,
0xd1f72ca0,
0xf2c04888,
0x6fbbfe11,
0xf8c7005b,
0x23003090,
0x4b7f663b,
0x1a8beb03,
0x7366f50a,
0xf8da64bb,
0x647b3398,
0xf8da6c7a,
0xf8da1394,
0xf7fe0390,
0xf8dafdc8,
0x6e3a53a8,
0x33acf8da,
0x63a4f8da,
0x22014413,
0xf8c740aa,
0x3a010094,
0x03a0f8da,
0x46314013,
0x4680462a,
0xf7fe65fb,
0xf8dafda3,
0xf8da43b4,
0xf8da23b8,
0x462103b0,
0x46916dfb,
0x008cf8c7,
0xfd96f7fe,
0x4631462a,
0xf7fe4640,
0xf8d7fda0,
0x19aa308c,
0x444c9402,
0x3c019003,
0x94019300,
0x46414633,
0x48633a01,
0xf2c02500,
0x6cbbfdc3,
0x46a8462c,
0x508cf8c7,
0x667d681b,
0x677d66bd,
0x5080f8c7,
0x3084f8c7,
0x3080f8d7,
0x011b2201,
0xf8d7673b,
0xfa023084,
0x6f3af303,
0x66fb3b01,
0x0602ea03,
0x3390f8da,
0xf8da67fb,
0x67bb3394,
0xf8d74633,
0x6fb92084,
0xf7fe6ff8,
0x2000fd59,
0xfb15f2c0,
0x6dba6dfb,
0x2b001a9b,
0x425bbfb8,
0xf8d7653b,
0x1af63094,
0xbfb82e00,
0x657e4276,
0xfceaf7fe,
0xf0402801,
0xf1b88125,
0xd1293fff,
0x26004841,
0xfd7ef2c0,
0x3b106f3b,
0x6ebb66bb,
0x2084f8d7,
0x0903eb06,
0x6fb96efb,
0x0903ea09,
0x464b6ff8,
0xfd2cf7fe,
0xf2c02000,
0xf7fefae8,
0x2801fccb,
0x80d9f040,
0xf0002e00,
0xf1c680d4,
0x46310611,
0x44344831,
0xfd5cf2c0,
0x908cf8c7,
0x66bb2301,
0x3080f8d7,
0xf0402b09,
0x6f7b80df,
0xf0402b00,
0x6ebb80db,
0xf0002b00,
0x6f7e80d7,
0xf8d76f3b,
0xeb062084,
0x6efb0903,
0xea096fb9,
0x6ff80903,
0xf7fe464b,
0x2000fcfb,
0xfab7f2c0,
0xfc9af7fe,
0xf0002801,
0xb10680b5,
0x46313e01,
0xf2c0481a,
0x4434fd2f,
0xf0002e00,
0xf109811f,
0xf8d735ff,
0x33013080,
0x3080f8c7,
0xf47f2b0a,
0x2664af6b,
0x3090f8d7,
0x43744811,
0xf4f3fbb4,
0xf2c04621,
0x6e7bfd17,
0xd04f2b00,
0x3094f8d7,
0x208cf8d7,
0xf0804293,
0xe0138103,
0xf0d44650,
0xf0d450cd,
0xf0d45104,
0xf0d45143,
0xf0d44ecf,
0xf0d45005,
0xf0d4515d,
0xf0d45181,
0xf0d45185,
0xf0d45079,
0x2090f8d7,
0xf8d74413,
0x487c208c,
0x435e1a9b,
0x3090f8d7,
0xf6f3fbb6,
0xf2c04631,
0xf8d7fce9,
0x42ab3094,
0x0364f04f,
0x80dbf240,
0x2090f8d7,
0x1094f8d7,
0x44151a52,
0xf8d7435d,
0x48703090,
0xf5f3fbb5,
0xf2c04629,
0x2c1efcd3,
0x80cdf240,
0xf2402e0b,
0x2d0b80ca,
0x3088f8d7,
0x32fff04f,
0x4613bf98,
0x3088f8c7,
0xf2c04866,
0xf8d7fcc1,
0xf8d73094,
0x6fb92084,
0xf7fe6ff8,
0x2000fc77,
0xfa33f2c0,
0x3b046e3b,
0x3354663b,
0xaeaef47f,
0x6cfb4c5d,
0x148beb04,
0x0b01f10b,
0x7068f504,
0xf7fec807,
0xf504fc63,
0x6dbb706c,
0xf7fec807,
0x2000fc5d,
0xfa19f2c0,
0x0f04f1bb,
0xaf6cf47e,
0xbf74f7fe,
0xf7fe2000,
0x2805fa1b,
0xade6f47f,
0x2610e5e0,
0x2e0fe72b,
0x484cd105,
0xfc88f2c0,
0xf8c76f3b,
0x3601308c,
0xf47f2e10,
0xe725af06,
0xd1042e0f,
0x464d3410,
0xf2c04845,
0x3601fc79,
0xf47f2e10,
0xe74aaf2b,
0x2b026d3b,
0x6d7bdc0b,
0xdc082b08,
0x3410483f,
0xfc6af2c0,
0x667b2301,
0x0801f04f,
0x483ce73b,
0xf2c03410,
0xe7f7fc61,
0x0f01f1b8,
0x4839d125,
0xf2c03c10,
0x6f3bfc59,
0xf1a32600,
0x6efb0810,
0x0908eb06,
0x2084f8d7,
0x0903ea09,
0x464b6fb9,
0xf7fe6ff8,
0x2000fc07,
0xf9c3f2c0,
0xfba6f7fe,
0xd0262801,
0x3e01b106,
0xf1094434,
0x463135ff,
0xf2c04829,
0x2301fc39,
0xf8d7677b,
0x2b093080,
0x6ebbd109,
0x6f7bb93b,
0xf8d72b01,
0xbf08308c,
0xf8c72300,
0x6d3b308c,
0xdc152b02,
0x2b086d7b,
0x481edc12,
0xfc20f2c0,
0x667b2301,
0x38fff04f,
0x2e0fe6f1,
0x3410d104,
0x4813464d,
0xfc14f2c0,
0x2e103601,
0xe7d6d1bb,
0xf2c04815,
0xe7edfc0d,
0xe6e0464d,
0x3094f8d7,
0xf8d7e711,
0x1aad2094,
0xf04fe726,
0xe73933ff,
0xf2c0480e,
0xf7fefbfd,
0xbf00bee7,
0xf0d45077,
0xf0d45081,
0xf0d452d1,
0xf0d44650,
0xf0d4518b,
0xf0d4518f,
0xf0d44f1b,
0xf0d44f1f,
0xf0d45181,
0xf0d45185,
0xf0d44f23,
0xf0d44f27,
0xf0d451a9,
0xf04f48ce,
0xf2c00a00,
0xf8c7fbdb,
0x2000a094,
0xf95ef7fe,
0xf0402801,
0xf8d781a9,
0x2b013094,
0xaebff63e,
0x2094f8d7,
0xeb034bc5,
0xf8d414c2,
0xf8d43480,
0xf8d48484,
0x46186488,
0xf8c74641,
0x46323090,
0xfb89f7fe,
0xf5044683,
0xc807609a,
0xfb83f7fe,
0xf50462f8,
0xc807609c,
0xfb7df7fe,
0x3094f8d7,
0x61b822ff,
0xf2002b01,
0xf2408199,
0x2000218e,
0xf9dcf2c0,
0x1094f8d7,
0x037ff000,
0x62bb48b0,
0xfb9cf2c0,
0x3094f8d7,
0x0206eb08,
0xb000f8cd,
0xf8d73a01,
0x26001090,
0x4ba801dd,
0x195c48a9,
0x3494f8d4,
0x9498f8d4,
0x444b9303,
0x93023b01,
0x3490f8d4,
0x46439301,
0xfb80f2c0,
0xfa032301,
0xf8dff909,
0xf8d48288,
0xf109349c,
0x18f139ff,
0xea014640,
0x36010109,
0x3090f8c7,
0xfb6ef2c0,
0xf8d72e10,
0xd1f23090,
0x34a4f8d4,
0x64a8f8d4,
0x14a0f8d4,
0x199a2400,
0x3a014893,
0xfb5ef2c0,
0xfa032301,
0x4b8df606,
0x441d3e01,
0x84acf8d5,
0xeb044d8e,
0x46280108,
0x34014031,
0xfb4ef2c0,
0xd1f62c10,
0xf2c0488a,
0xea4ffb49,
0x653b03cb,
0x130bea4f,
0xeba3633b,
0xf8d7030b,
0x64fb2094,
0x61fb445b,
0x677b2300,
0xeb034b7c,
0xf50414c2,
0x613b6393,
0x3498f8d4,
0x68fa60fb,
0x1494f8d4,
0x0490f8d4,
0xfaf7f7fe,
0xf5046478,
0xc8076094,
0xfaf1f7fe,
0xf5046178,
0xc8076096,
0xfaebf7fe,
0xf50466b8,
0xc8076098,
0xfae5f7fe,
0x65f86f7b,
0xf3402b0c,
0x009e8106,
0x7684f5c6,
0x057ff006,
0x46292000,
0x0900f04f,
0xfbfcf2bd,
0x34f4f8d4,
0x24f8f8d4,
0x441a6f79,
0x3a019101,
0xf8d49600,
0x486414f0,
0xfafaf2c0,
0x6eba6abb,
0x6afb1b5d,
0xf8c72d00,
0xbfb89048,
0xf8c7426d,
0xeb039080,
0x627b03c2,
0x0300f1cb,
0x693b67fb,
0xf8c7623d,
0x681b9078,
0x906cf8c7,
0x9070f8c7,
0x9090f8c7,
0x9054f8c7,
0x9060f8c7,
0x9064f8c7,
0x9084f8c7,
0x6dba65bb,
0x40932301,
0x2084f8d7,
0xf2c0429a,
0xf8d780c6,
0x26643090,
0x2080f8d7,
0xfb03484a,
0x6d3b210b,
0xfbb14371,
0xf2c0f1f3,
0x6cbbfabf,
0x6efbb31b,
0x42936fba,
0x8438f0c0,
0x6b3a4613,
0x6efb189d,
0x6d3b1aed,
0xfbb6436e,
0x483ff1f3,
0xfaacf2c0,
0x6f3a6fbb,
0x42932164,
0x842ff0c0,
0x6b3a4613,
0x461d4413,
0x1aed6fbb,
0x6d3b4369,
0xfbb14837,
0xf2c0f1f3,
0x4836fa99,
0xfa96f2c0,
0x6dba6c7b,
0x1494f8d4,
0x0490f8d4,
0xfa4cf7fe,
0x6094f504,
0xc807697b,
0xfa46f7fe,
0x609af504,
0xc8076afb,
0xfa40f7fe,
0x609cf504,
0xc80769bb,
0xfa3af7fe,
0x33016f7b,
0x2b13677b,
0xaf45f47f,
0x22032301,
0x1125f240,
0xf2c02000,
0x227ff8b1,
0x218ef240,
0xf2c02000,
0x4601f8a1,
0xf2bd2000,
0x2302fb59,
0xf2402203,
0x20001125,
0xf8a0f2c0,
0xf44f227f,
0x20007127,
0xf890f2c0,
0x20004601,
0xfb48f2bd,
0xf2402303,
0x461a1125,
0xf2c02000,
0xf8d7f88f,
0x33013094,
0x3094f8c7,
0xf47f2b04,
0xf7feae6c,
0xbf00bd34,
0xf0d451d8,
0xf0d44650,
0xf0d44f95,
0xf0d44fae,
0xf0d44fea,
0xf0d44fe6,
0xf0d45005,
0xf0d451f2,
0xf0d45079,
0xf0d45077,
0xf0d45081,
0xf0d452d1,
0xf7fd2000,
0x2804ffaf,
0xae51f43f,
0xf7fd2000,
0x2802ffa9,
0xf8d7d107,
0x2b023094,
0x2302bf38,
0x3094f8c7,
0x2000e648,
0xff9cf7fd,
0xf47f2805,
0xe7f0ae43,
0x7127f44f,
0xf8d4e665,
0x6f7b64fc,
0x0683eba6,
0xf8d4e6f6,
0x643b3490,
0x3494f8d4,
0xf8d463fb,
0xf8d7649c,
0x6dba3084,
0x6bf9441e,
0x6c384633,
0xf9b4f7fe,
0x34a0f8d4,
0xf8d463bb,
0x637b34a8,
0x54acf8d4,
0x3084f8d7,
0x84a4f8d4,
0x6b7a441d,
0x4641462b,
0xf7fe6bb8,
0xf8d4f9a1,
0xf8c734b0,
0x22ff308c,
0x46182300,
0x108cf8b7,
0xf81af2c0,
0x34c0f8d4,
0x3088f8c7,
0x230022ff,
0xf8b74618,
0xf2c01088,
0xf7fef80f,
0x6e7bf92d,
0xf0402801,
0x330181b1,
0x80a1f040,
0xf2c048cc,
0x1e73f9c1,
0x6bf96dba,
0xf7fe6c38,
0x1e6bf979,
0x46416b7a,
0x25006bb8,
0xf972f7fe,
0x34b8f8d4,
0x6e3a663b,
0xfa032301,
0x4295f202,
0x663bdb01,
0xf8d4e085,
0x643b34b4,
0x34bcf8d4,
0x442b6e3a,
0xf8d76c39,
0xf7fe008c,
0xf8d4f95b,
0x63fb34c4,
0x34c8f8d4,
0xf8d463bb,
0x6bba34cc,
0x6bf9442b,
0x0088f8d7,
0xf94cf7fe,
0xf8eef7fe,
0xf0402801,
0xf1ba8107,
0xd13a3fff,
0x3094f8d7,
0xf04f26a0,
0x461a0800,
0xfb064bab,
0xf5063602,
0xf8d67098,
0xc807313c,
0x3b01442b,
0xf932f7fe,
0x314cf8d6,
0x70a0f506,
0x3b01442b,
0xf7fec807,
0xf8d6f929,
0x2301a158,
0xf30afa03,
0xda184598,
0x315cf8d6,
0xf8d64652,
0x44431154,
0x0150f8d6,
0xf918f7fe,
0x70b0f506,
0x316cf8d6,
0x4443c807,
0xf910f7fe,
0xf8b2f7fe,
0xf0402801,
0xf1c880c4,
0xb10d0908,
0x00ed3d01,
0x455d444d,
0x80c0f280,
0x0505ebab,
0x488d4629,
0xf93ef2c0,
0x6e3a6ebb,
0xf8d76c39,
0xf7fe008c,
0x6dfbf8f5,
0x6bba6bf9,
0x0088f8d7,
0xf8eef7fe,
0x3080f8d7,
0xf8c7442b,
0x6ffb3080,
0x0103eb0b,
0x66fb1b4b,
0x469a2301,
0xf8d7663b,
0x2b0f3084,
0x80d2f040,
0x2b006d7b,
0x80cef040,
0x2b006e3b,
0x80caf000,
0xf8d46d7d,
0x230184b8,
0xf308fa03,
0xda69429d,
0x34b4f8d4,
0x643b4642,
0x34bcf8d4,
0x442b6c39,
0x008cf8d7,
0xf8c0f7fe,
0x34c4f8d4,
0xf8d463fb,
0x63bb34c8,
0x34ccf8d4,
0x442b6bba,
0xf8d76bf9,
0xf7fe0088,
0xf7fef8b1,
0x2801f853,
0x8091f000,
0x0f01f1ba,
0xf8d7d123,
0x26a03094,
0x4b5f461a,
0x3602fb06,
0x7098f506,
0x313cf8d6,
0x442bc807,
0xf7fe3b01,
0xf8d6f899,
0xf506314c,
0x442b70a0,
0xc8073b01,
0xf890f7fe,
0xa158f8d6,
0xf04f464a,
0x23010900,
0xf30afa03,
0xdb504599,
0xb10d4691,
0x00ed3d01,
0x484e444d,
0xf04f455d,
0xbfa83aff,
0x4629465d,
0xf8baf2c0,
0x46426ebb,
0xf8d76c39,
0xf7fe008c,
0x6dfbf871,
0x6bf96bba,
0x0088f8d7,
0xf86af7fe,
0x3080f8d7,
0xf8c7442b,
0x6cfb3080,
0x673b18eb,
0xf8d46ebb,
0xf8d424b8,
0xf8d714b4,
0xf7fe008c,
0x6dfbf859,
0x24c8f8d4,
0x14c4f8d4,
0x0088f8d7,
0xf850f7fe,
0x3084f8d7,
0xf8c73301,
0x6ffb3084,
0x67fb445b,
0xf108e5b3,
0xf04f0801,
0xe71a0900,
0xe73f2500,
0xd1042d0f,
0xf2c0482d,
0x6ffbf87d,
0x350166fb,
0x3afff04f,
0xf8d6e6c5,
0x4652315c,
0x1154f8d6,
0xf8d6444b,
0xf7fe0150,
0xf506f82b,
0xf8d670b0,
0xc807316c,
0xf7fe444b,
0xf7fdf823,
0x2801ffc5,
0xf109d199,
0x22080901,
0x2d0fe78f,
0x4659d10a,
0xf2c04819,
0xf8d7f857,
0x33013090,
0x3090f8c7,
0x673b6cfb,
0xf04f3501,
0xe7380a01,
0x2b026a3b,
0xf8d7dc28,
0x33063084,
0xf003425a,
0xf002030f,
0xbf58020f,
0x6c7a4253,
0xd11b4293,
0xf2c0480c,
0xf8d7f839,
0x33013090,
0x3090f8c7,
0xeb0b6a7b,
0x6ffb0503,
0x67bb18eb,
0x64bb2301,
0xe785667b,
0xf0d45182,
0xf0d44650,
0xf0d45186,
0xf0d4518c,
0xf0d44f1c,
0xf2c048c8,
0xf8d7f81d,
0x33013090,
0x3090f8c7,
0xe7e92301,
0xf0402b01,
0xf8d7808b,
0x48c23090,
0xf8c73b01,
0xf2c03090,
0x1e73f80b,
0x6bf96dba,
0xf7fd6c38,
0x1e6bffc3,
0x6b7a4641,
0x25006bb8,
0xffbcf7fd,
0x84b8f8d4,
0xfa032301,
0x4295f208,
0x657bdb01,
0xf8d4e06c,
0x464234b4,
0xf8d4657b,
0x6d7934bc,
0xf8d7442b,
0xf7fd008c,
0xf8d4ffa7,
0x643b34c4,
0x34c8f8d4,
0xf8d463fb,
0x6bfa34cc,
0x6c39442b,
0x0088f8d7,
0xff98f7fd,
0xff3af7fd,
0xf0002801,
0xf1ba8101,
0xd1240f01,
0x3094f8d7,
0x461a26a0,
0xfb064ba1,
0xf5063602,
0xf8d67098,
0xc807313c,
0x3b01442b,
0xff80f7fd,
0x314cf8d6,
0x70a0f506,
0x3b01442b,
0xf7fdc807,
0xf8d6ff77,
0x464aa158,
0x0900f04f,
0xfa032301,
0x4599f30a,
0x80bff2c0,
0xb10d4691,
0x00ed3d01,
0x4890444d,
0xf04f455d,
0xbfa83aff,
0x4629465d,
0xffa0f2bf,
0x46426ebb,
0xf8d76d79,
0xf7fd008c,
0x6dfbff57,
0x6c396bfa,
0x0088f8d7,
0xff50f7fd,
0x3080f8d7,
0xf8c7442b,
0x6ffb3080,
0x673b18eb,
0x657b2301,
0x3084f8d7,
0xf0402b0f,
0x6e3b80d2,
0xf0402b00,
0x6d7b80ce,
0xf0002b00,
0x6e3d80ca,
0x34b8f8d4,
0x6c3a643b,
0x40932301,
0xf6bf429d,
0xf8d4aecd,
0x63fb34b4,
0x34bcf8d4,
0x442b6c3a,
0xf8d76bf9,
0xf7fd008c,
0xf8d4ff23,
0x63bb34c4,
0x34c8f8d4,
0xf8d4637b,
0x6b7a34cc,
0x6bb9442b,
0x0088f8d7,
0xff14f7fd,
0xfeb6f7fd,
0xf0402801,
0xf1ba8095,
0xd1393fff,
0x3094f8d7,
0xf04f26a0,
0x461a0800,
0xfb064b5e,
0xf5063602,
0xf8d67098,
0xc807313c,
0x3b01442b,
0xfefaf7fd,
0x314cf8d6,
0x70a0f506,
0x3b01442b,
0xf7fdc807,
0xf8d6fef1,
0x2301a158,
0xf30afa03,
0xda174598,
0x315cf8d6,
0xf8d64652,
0x44431154,
0x0150f8d6,
0xfee0f7fd,
0x70b0f506,
0x316cf8d6,
0x4443c807,
0xfed8f7fd,
0xfe7af7fd,
0xd1522801,
0x0908f1c8,
0x3d01b10d,
0x444d00ed,
0xda4f455d,
0x0505ebab,
0x48414629,
0xff08f2bf,
0x6c3a6ebb,
0x0a01f04f,
0xf8d76bf9,
0xf7fd008c,
0x6dfbfebd,
0x6bb96b7a,
0x0088f8d7,
0xfeb6f7fd,
0x3080f8d7,
0xf8c7442b,
0x69fb3080,
0x66fb1b5b,
0xf8d6e64a,
0x4652315c,
0x1154f8d6,
0xf8d6444b,
0xf7fd0150,
0xf506fea3,
0xf8d670b0,
0xc807316c,
0xf7fd444b,
0xf7fdfe9b,
0x2801fe3d,
0xaf2bf47f,
0x0901f109,
0xe71f2208,
0xd10a2d0f,
0x48244659,
0xfecef2bf,
0x3090f8d7,
0xf8c73301,
0x6ffb3090,
0x3501673b,
0x0a01f04f,
0xf108e6c6,
0xf04f0801,
0xe78c0900,
0xe7af2500,
0xd1042d0f,
0xf2bf4819,
0x6cfbfeb7,
0x350166fb,
0x3afff04f,
0x6a3be739,
0xdc1a2b02,
0x3084f8d7,
0x425a3306,
0x030ff003,
0x020ff002,
0x4253bf58,
0x42936c7a,
0x480ed10d,
0xfe9ef2bf,
0xeb0b6a7b,
0x6ffb0503,
0x67bb18eb,
0x64bb2301,
0x33fff04f,
0x4808e666,
0xfe90f2bf,
0xbf00e7f8,
0xf0d44f20,
0xf0d45182,
0xf0d44650,
0xf0d45186,
0xf0d4518c,
0xf0d44f24,
0xf0d44f28,
0x6efa6fbb,
0x6d3b1a9d,
0xfbb54375,
0xf7fff1f3,
0x6f3bbbc8,
0x1a9d6fba,
0xbbd2f7ff,
0xf7fd2000,
0x2804fbf7,
0xa96ff43e,
0xf7fd2000,
0x2802fbf1,
0x80a6f040,
0x459a2302,
0x469abf38,
0xeb034bc4,
0xf8d5158a,
0xf8d546a4,
0xf8d5b6a0,
0x462136a8,
0x3094f8c7,
0xf8d74658,
0x18e32094,
0x653b3b01,
0xfe1bf7fd,
0x36b0f8d5,
0x468067fb,
0x36b4f8d5,
0x308cf8c7,
0x36b8f8d5,
0x108cf8d7,
0x6ff8461a,
0x3088f8c7,
0xfe09f7fd,
0x3680f8d5,
0xf8c74681,
0xf8d53084,
0xf8c73684,
0xf8d53090,
0xf8c73688,
0xf8d73080,
0xf8d73090,
0x46192080,
0x0084f8d7,
0xf7fd189e,
0xf8d7fdf2,
0x3e013090,
0x46599307,
0x3084f8d7,
0x2088f8d7,
0xf8d79305,
0x9303308c,
0x90084413,
0x93023b01,
0x96066ffb,
0x46239301,
0x8000f8cd,
0xf8cd6d3a,
0x489a9010,
0xfe08f2bf,
0x2094f8d7,
0x46584621,
0xfdcff7fd,
0x67b84651,
0xf2bf4895,
0x4632fdfd,
0x3090f8d7,
0xf8d72600,
0x48921084,
0xfdf4f2bf,
0x2080f8d7,
0x40932301,
0xf103673b,
0x6f3b38ff,
0xdb30429e,
0xf2bf488c,
0xf8d7fde7,
0x23012094,
0x6f3a4093,
0x2302643b,
0xf3f3fb92,
0x230864fb,
0x2300663b,
0x461d677b,
0xeb034b7f,
0x6c3b168a,
0xdb22429d,
0x46216fbb,
0x2094f8d7,
0xf7fd4658,
0xf10afd89,
0x20000a01,
0xfb43f2bf,
0x0f04f1ba,
0xa8bff47e,
0xb8c7f7fe,
0xf7fd2000,
0x2805fb45,
0xaf58f47f,
0xf8d5e752,
0x4874168c,
0x36014431,
0x0108ea01,
0xfdb0f2bf,
0xf8d7e7c1,
0xf04f2088,
0xf8d70900,
0x6ff8108c,
0xfd73f7fd,
0x36acf8d6,
0x462165b8,
0xf8d7442b,
0x46582094,
0xfd5af7fd,
0x2094f8d7,
0x46584621,
0xfd63f7fd,
0x90004623,
0x6d3a4659,
0xf2bf4862,
0xf8d7fd8f,
0x454b3088,
0x2000d112,
0xf2bf3501,
0x485bfb04,
0xfd84f2bf,
0xf8d76dbb,
0xf8d72088,
0x6ff8108c,
0xfd3af7fd,
0xf2bf2000,
0xe7a2faf6,
0x2080f8d7,
0x1090f8d7,
0x0084f8d7,
0xfd3df7fd,
0x36bcf8d6,
0xf8d766f8,
0xeb032088,
0xf8d70349,
0x6ff8108c,
0xf7fd66bb,
0x6efbfd21,
0xf003330c,
0x657b030f,
0x2b033b09,
0x6fbbd81f,
0x2b003b01,
0x425bbfb8,
0x230364bb,
0xf1b9647b,
0x6cfb0f00,
0x2300bf08,
0x230063fb,
0x6e7a667b,
0x42936cfb,
0x6efbdc16,
0x0901f109,
0x2080f8d7,
0x1090f8d7,
0x0084f8d7,
0xfcfaf7fd,
0x6d7be7ab,
0x2b073b05,
0x0301f04f,
0x2303bf98,
0x6fbb647b,
0xe7dc64bb,
0xf8d66e7a,
0xf8d7368c,
0x44131090,
0xf8d76bfa,
0x44130084,
0xf1026f3a,
0xf8d738ff,
0xea082080,
0x46430803,
0xfcdaf7fd,
0xf2bf2000,
0x6cbbfa96,
0xd109429d,
0x6c7a6ebb,
0xd1054293,
0x6d7a6f7b,
0xbf084542,
0x677b2301,
0xfc6cf7fd,
0x28016fbb,
0x429dd117,
0x6dbbd113,
0x42936eba,
0x6efbd10f,
0xd10c4543,
0xf2bf4819,
0x6f7bfcfb,
0xd11a2b01,
0x2b006e3b,
0x6e3bdb17,
0x663b3b01,
0x4814e013,
0x429de7f1,
0x6dbbd112,
0x42936eba,
0x6efbd10e,
0xd10b4543,
0xf2bf480f,
0x6f7bfce3,
0xd1022b01,
0x2b006e3b,
0x6e7bda1a,
0xe78d3301,
0xe7f2480a,
0xf0d44650,
0xf0d45210,
0xf0d45246,
0xf0d45273,
0xf0d452d1,
0xf0d45286,
0xf0d4528a,
0xf0d44f1c,
0xf0d44f20,
0xf0d44f24,
0xf0d44f28,
0x33fff04f,
0xe7c865fb,
0xf2bf4803,
0xf7fdfcbb,
0x4802bfce,
0xbfd2f7fd,
0xf0d452b5,
0xf0d452d4,
0xb5804b0d,
0x681baf00,
0xd50f0658,
0x490c4b0b,
0xf042681a,
0x601a0201,
0x60114a07,
0x07c96811,
0x681ad4fc,
0x0201f022,
0xbd80601a,
0xff16f001,
0xd1eb2800,
0xbf00bd80,
0xf0240000,
0xf0230070,
0x5a960f00,
0x22014b03,
0xaf00b580,
0x2211601a,
0xbd80611a,
0xf0b70000,
0xf0004b14,
0xb580003f,
0x33302200,
0x50c0f440,
0xf843af00,
0x21012c30,
0x0c2cf843,
0x601a681a,
0x60114a0d,
0x07c96819,
0x6811d5fc,
0x0110f041,
0x06c86011,
0x6819d40c,
0xd5fc0789,
0x68084907,
0x60112100,
0x07d2681a,
0x681ad4fc,
0xbd80601a,
0xe7ee6811,
0xf0160000,
0xf0160020,
0xf0160008,
0x4a03b580,
0x6913af00,
0xd0fc2b00,
0xbf00bd80,
0xf0d4109c,
0x4ff0e92d,
0xaf02b085,
0xfe57f001,
0xf0014604,
0x4b55fe4d,
0x681b1c45,
0xbf082b0c,
0xbf182001,
0xf0012000,
0xf001ec3c,
0x4b50fc67,
0x2d01b14b,
0xb934d907,
0xf0012002,
0x370cfe1d,
0xe8bd46bd,
0x484b8ff0,
0x603b2300,
0x4171f04f,
0x3010607b,
0x3c03f810,
0x2c04f810,
0xeb03041b,
0xf8106302,
0x44132c01,
0x2c02f810,
0x2202eb03,
0xff54f001,
0x4371f04f,
0x4604603b,
0x46384b3e,
0x607a69da,
0xf0018a9d,
0xb280ff98,
0xd1024285,
0x429c687b,
0x4839d002,
0xffb8f001,
0xf6454b38,
0x68193221,
0x4f11ebb2,
0x0200f04f,
0x4935d152,
0x604a600a,
0x4a342150,
0x48346011,
0xf2bf681c,
0xf645fbed,
0xebb33321,
0xf04f4f14,
0xd14703aa,
0x60134a2f,
0x4b2f22ea,
0x2216601a,
0x4a2e605a,
0x6813482e,
0x7380f443,
0x4b2d6013,
0xf2bf681c,
0x482cfbd5,
0x0107f004,
0x71e4f201,
0xfbcef2bf,
0xf2bf4829,
0xf3c4fbcb,
0x482601c3,
0xfbc6f2bf,
0xf2bf4825,
0xf3c4fbc3,
0x482211c4,
0xfbbef2bf,
0xf2bf4821,
0xf3c4fbbb,
0x481e310f,
0xfbb6f2bf,
0xf2bf481e,
0x481efbb3,
0xfbb0f2bf,
0x469b4b1d,
0xf412681a,
0xd03d1f40,
0xf2bf481b,
0xf7fdfba7,
0xe7fefe35,
0x600a490e,
0x2150604a,
0xe7ab4a17,
0x60134a08,
0x4b1622ea,
0xbf00e7b6,
0xf0d5c000,
0x00000000,
0xf0d45d50,
0xf0d40000,
0xf0d452de,
0xf00100f0,
0xf02347e0,
0xf02347e8,
0xf0d452e9,
0xf02346a0,
0xf02346a4,
0xf0230000,
0xf0d452f2,
0xf0d40078,
0xf0d45303,
0xf0d45306,
0xf0d44e71,
0xf0d45308,
0xf0020010,
0xf0d45318,
0xf02346a8,
0xf02347e4,
0x46994bbd,
0xf412699a,
0xf0001f80,
0xf3c28322,
0xf3c23302,
0xf10332c4,
0x4cb85370,
0x3380f503,
0x6819009b,
0xfa032301,
0x4bb5f202,
0xbf18420a,
0x6863461c,
0x0860f04f,
0xfb082009,
0x4bb1f803,
0xea4f4598,
0xbf984a58,
0xbf882300,
0x46982301,
0x681b4bad,
0xfebaf7ff,
0x236af640,
0x4f00f410,
0x8370f040,
0xd902459a,
0xf2bf48a8,
0x2002fb35,
0xfeacf7ff,
0xf1400405,
0xf000836c,
0x06c1051f,
0x82e9f140,
0x0520f1c5,
0x236af640,
0x1643f3c0,
0xd903459a,
0xf2002d17,
0x350882e0,
0x46294632,
0xf2bf489b,
0x489bfb19,
0xfb16f2bf,
0x011a68a3,
0x82d7f140,
0xf140005b,
0x489782d2,
0xfb0cf2bf,
0x21606863,
0x43594895,
0xf2bf0c49,
0x68a3fb05,
0xf14000d8,
0x489282c8,
0xfafef2bf,
0x309cf8d4,
0x030ff003,
0xf0402b01,
0x488e830d,
0xfaf4f2bf,
0x488d6821,
0xfaf0f2bf,
0x681b4b8c,
0xd5030119,
0xf44f4a8b,
0x60112170,
0xd50300da,
0xf44f4a88,
0x60110170,
0xd5030098,
0xf04f4a85,
0x60116170,
0xd5030059,
0xf04f4a82,
0x60114170,
0xda032b00,
0xf44f4a7f,
0x60114170,
0xd503025a,
0xf44f4a7d,
0x60112170,
0xd5030218,
0xf44f4a7a,
0x60110170,
0xd50301d9,
0xf04f4a77,
0x60116170,
0xd503019a,
0xf04f4a74,
0x60114170,
0xd5030158,
0xf44f4b71,
0x601a4270,
0x3000f8db,
0x1f40f413,
0x82ccf040,
0x68134a6d,
0xd5fc05d9,
0x22104b6c,
0x70faf44f,
0xf001601a,
0x4b6afd39,
0x486a2203,
0x4a6a601a,
0xf0436813,
0x60130340,
0xfa96f2bf,
0x3000f8db,
0x0303f023,
0x0301f043,
0x3000f8cb,
0x469b4b63,
0xf022681a,
0x601a0213,
0xf042681a,
0x601a0220,
0xf042681a,
0x601a0214,
0x3000f8db,
0xd5fb071b,
0xf001485b,
0xf8dbfe31,
0x22143000,
0xf0432115,
0x48580308,
0x3000f8cb,
0xf2bf2300,
0x4b56f951,
0x601a7922,
0x605a7962,
0x609a79a2,
0x4a534b3e,
0xf8d9601a,
0xf0133018,
0xd0140f70,
0xf3c34a50,
0x21801302,
0xf1a22b05,
0x484e0204,
0x2305bf88,
0x60136051,
0x4b4c2215,
0xf8d9601a,
0xf3c11018,
0xf2bf1102,
0x221cfa49,
0x46112300,
0xf2bf4847,
0x221cf927,
0x46112301,
0xf2bf4844,
0x2301f921,
0x461a4843,
0xf2bf4619,
0x462bf91b,
0x46322000,
0xe88d4621,
0xf2bc0500,
0x68a3fbed,
0x21152214,
0x00584d3c,
0xbf484833,
0xbf582301,
0xf2bf2302,
0x2213f907,
0x46112301,
0xf2bf4837,
0x4b37f901,
0x32fff04f,
0x601a4832,
0x461a2301,
0xf2bf4619,
0x237ff8f7,
0x21082202,
0xf2bf4831,
0xf64ff8f1,
0x602b73ff,
0x21032200,
0x6b63482e,
0x030ff003,
0xf8e6f2bf,
0x221c2303,
0x482b211e,
0xf8e0f2bf,
0x215422c0,
0xf2bf2000,
0x68a3f82f,
0x4a272840,
0xf043d14e,
0xe04b5380,
0xf0d40070,
0xf0d40300,
0xf0d40458,
0x10abffff,
0xf0230000,
0xf0d4533d,
0xf0d45351,
0xf0d45371,
0xf0d45378,
0xf0d4538e,
0xf0d45392,
0xf0d4539c,
0xf0d453b1,
0xf0160034,
0xf0160048,
0xf0160050,
0xf0230004,
0xf0234344,
0xf0234340,
0xf0d453c3,
0xf0234100,
0xf02300b0,
0xf0d453ca,
0xf0020010,
0xf0234420,
0x0007ef9f,
0xf0234414,
0xf0d453cc,
0xf023440c,
0xf0020098,
0xf0020094,
0xf018062c,
0xf0020074,
0xf002009c,
0xf00200a0,
0xf0180384,
0xf0180024,
0xf0180008,
0x4bb66013,
0x601a69a2,
0x7396f503,
0x62da4ab4,
0x5273f44f,
0x69e2601a,
0x2cfcf843,
0x68a34ab1,
0x7380f3c3,
0xf0002b00,
0x231081b5,
0x23016013,
0x48ad2208,
0xf2bf4611,
0x4bacf86b,
0xf5a34aac,
0xf8c3739a,
0x68e22134,
0x6922601a,
0x6962605a,
0x6a22611a,
0x213cf8c3,
0xf8c36a62,
0x6f622320,
0x2634f8c3,
0x737af503,
0x601a6ba2,
0x62da6be2,
0x631a6c22,
0x635a6c62,
0x639a6ca2,
0x63da6ce2,
0x641a6d22,
0x645a6d62,
0x07596fa3,
0x4a99d50d,
0x4b996013,
0x601a6fe2,
0x2080f8d4,
0xf8d4605a,
0x609a2084,
0x2088f8d4,
0x4b9460da,
0xf5a36da2,
0xf8c3737b,
0x6de223ec,
0x23f0f8c3,
0xf8c36e22,
0x6e6223f4,
0x23f8f8c3,
0xf8c36ea2,
0x6ee223fc,
0x2400f8c3,
0xf8c36f22,
0x6aa22404,
0x6ae2601a,
0x68a3605a,
0xd50b011a,
0x4a864b85,
0x4a86601a,
0x4a86605a,
0x4a86609a,
0xf46f60da,
0x615a428a,
0xf8d44b84,
0x4e84208c,
0xf8d4601a,
0xf4133090,
0xf0007f80,
0xf8d98141,
0x055b3018,
0x813cf140,
0xf2bf487e,
0xf8d4f911,
0xf4433090,
0x60336380,
0x497c4b7b,
0x601a4a7c,
0x600b4b7c,
0x4a7c60ca,
0x68a36013,
0xd50600d8,
0xf04f4b7a,
0x601a3210,
0x0208f602,
0x68a3605a,
0x4390f003,
0x4f90f1b3,
0xf8d4d106,
0x05d93090,
0x4b73d502,
0x601a2206,
0x23012200,
0x48714611,
0xffcaf2be,
0xf001200a,
0x4e6ffb7b,
0x486d2300,
0x4619461a,
0xffc0f2be,
0x21002301,
0x4608461a,
0xff18f2be,
0x2300220d,
0x48684611,
0xffb4f2be,
0x7096f44f,
0xfb64f001,
0x20642307,
0xf0016033,
0x220dfb5f,
0x46112301,
0xf2be4860,
0xf44fffa5,
0xf0017016,
0x2306fb55,
0x60332064,
0xfb50f001,
0x2064230e,
0xf0016033,
0x2208fb4b,
0x46112301,
0xf2be4857,
0x68a3ff91,
0xd507011a,
0x220c6b63,
0x483b210f,
0x3303f3c3,
0xff86f2be,
0x2300221e,
0x48384611,
0xff80f2be,
0x22126b23,
0x4611484d,
0x4380f3c3,
0xff78f2be,
0x220f6b23,
0x46114849,
0x33c0f3c3,
0xff70f2be,
0x011b68a3,
0x2301d528,
0xf2402203,
0x20001125,
0xfec4f2be,
0xf240227f,
0x2000218e,
0xfeb4f2be,
0x20004601,
0xf96cf2bc,
0x22032302,
0x1125f240,
0xf2be2000,
0x227ffeb3,
0x7127f44f,
0xf2be2000,
0x4601fea3,
0xf2bc2000,
0x2303f95b,
0x1125f240,
0x2000461a,
0xfea2f2be,
0x23004a31,
0x602b4831,
0x60132301,
0x46112215,
0xff3af2be,
0x22092303,
0x482d210a,
0xff34f2be,
0xfb9cf7ff,
0x681b4b2b,
0x1f40f413,
0x482ad004,
0xf846f2bf,
0xfad4f7fd,
0x4c28e7fe,
0x3510e4ed,
0x251fe516,
0x4826e51e,
0x4826e52c,
0x4826e52a,
0xbf00e536,
0xf0180020,
0x03e00042,
0xf0180200,
0xf0180384,
0xf0180140,
0xde3c78ee,
0xf018063c,
0xf0180644,
0xf0180400,
0xf0180660,
0x42876310,
0x8dcba9f5,
0x42987631,
0x8edcbaf5,
0xf0180670,
0xf01806a0,
0xf0d453d9,
0xf0180544,
0xf0180548,
0xcc00ffff,
0xffff0000,
0xf0180558,
0xf0180680,
0xf01806a4,
0xf0180050,
0xf0180000,
0xf01801f0,
0xf018014c,
0xf0180324,
0xf0010020,
0xf0020074,
0xf0020080,
0xf0020010,
0xf0d45318,
0xf0d40300,
0xf0d45380,
0xf0d45388,
0xf0d45397,
0xd1012b02,
0xe4ef4816,
0xd1012b03,
0xe4eb4815,
0xe4e94815,
0xf2be4815,
0xf7fdffdd,
0xe7fefa6b,
0xe64b6013,
0x1149f240,
0xf2be2000,
0x28fcfdfa,
0x6833d103,
0x7300f443,
0xf8d4e6bf,
0xe6bc3090,
0xf67f459a,
0x480aac92,
0xffc4f2be,
0xf640e7fe,
0x2606236a,
0x459a2510,
0xac9df63f,
0xbf00e49c,
0xf0d453a0,
0xf0d453a5,
0xf0d453ad,
0xf0d45318,
0xf0d45325,
0xe92d4800,
0xe28db004,
0xe8bd8800,
0x000000c2,
0x00000000,
0x00000004,
0x00000006,
0x00000071,
0x00000006,
0x00000001,
0x00000000,
0x00000066,
0x00000002,
0x00000001,
0x00000000,
0x00000252,
0x00000007,
0x00000001,
0x00000000,
0x000000c2,
0x00000004,
0x00000004,
0x00000006,
0x00000071,
0x00000007,
0x00000001,
0x00000000,
0x00000251,
0x00000007,
0x00000001,
0x00000000,
0x00000252,
0x00000006,
0x00000001,
0x00000000,
0x000000c3,
0x00000000,
0x00000004,
0x00000006,
0x00000070,
0x00000006,
0x00000001,
0x00000000,
0x00000251,
0x00000007,
0x00000001,
0x00000001,
0x00000066,
0x00000002,
0x00000001,
0x00000001,
0x000000c1,
0x00000000,
0x00000004,
0x00000008,
0x000000c1,
0x00000004,
0x00000004,
0x00000008,
0x000000c1,
0x00000000,
0x00000004,
0x00000008,
0x000000c1,
0x00000004,
0x00000004,
0x00000008,
0x00000312,
0x00000000,
0x00000008,
0xffffffff,
0x000000c6,
0x00000000,
0x00000004,
0x00000006,
0x000000c8,
0x00000000,
0x00000004,
0x00000002,
0x000000ca,
0x00000003,
0x00000004,
0x00000000,
0x000000ce,
0x00000003,
0x00000004,
0x00000000,
0x000000ca,
0x00000000,
0x00000003,
0x00000000,
0x000000ce,
0x00000000,
0x00000003,
0x00000000,
0x000000c4,
0x00000000,
0x00000004,
0x00000006,
0x0000008e,
0x00000004,
0x00000001,
0x00000000,
0x0000008f,
0x00000000,
0x00000001,
0x00000000,
0x0000031f,
0x00000000,
0x00000008,
0xffffffff,
0x000000c6,
0x00000004,
0x00000004,
0x00000006,
0x000000c8,
0x00000004,
0x00000004,
0x00000002,
0x000000cc,
0x00000003,
0x00000004,
0x00000000,
0x000000d0,
0x00000003,
0x00000004,
0x00000000,
0x000000cc,
0x00000000,
0x00000003,
0x00000000,
0x000000d0,
0x00000000,
0x00000003,
0x00000000,
0x000000c4,
0x00000004,
0x00000004,
0x00000006,
0x0000008e,
0x00000005,
0x00000001,
0x00000000,
0x0000008f,
0x00000001,
0x00000001,
0x00000000,
0x0000032c,
0x00000000,
0x00000008,
0xffffffff,
0x000000c7,
0x00000000,
0x00000004,
0x00000006,
0x000000c9,
0x00000000,
0x00000004,
0x00000002,
0x000000cb,
0x00000003,
0x00000004,
0x00000000,
0x000000cf,
0x00000003,
0x00000004,
0x00000000,
0x000000cb,
0x00000000,
0x00000003,
0x00000000,
0x000000cf,
0x00000000,
0x00000003,
0x00000000,
0x000000c5,
0x00000000,
0x00000004,
0x00000006,
0x0000008e,
0x00000006,
0x00000001,
0x00000000,
0x0000008f,
0x00000002,
0x00000001,
0x00000000,
0x00000339,
0x00000000,
0x00000008,
0xffffffff,
0x000000c7,
0x00000004,
0x00000004,
0x00000006,
0x000000c9,
0x00000004,
0x00000004,
0x00000002,
0x000000cd,
0x00000003,
0x00000004,
0x00000000,
0x000000d1,
0x00000003,
0x00000004,
0x00000000,
0x000000cd,
0x00000000,
0x00000003,
0x00000000,
0x000000d1,
0x00000000,
0x00000003,
0x00000000,
0x000000c5,
0x00000004,
0x00000004,
0x00000006,
0x0000008e,
0x00000007,
0x00000001,
0x00000000,
0x0000008f,
0x00000003,
0x00000001,
0x00000000,
0x00000310,
0x00000000,
0x00000008,
0xffffffff,
0x00000161,
0x00000000,
0x00000008,
0x00000000,
0x00000146,
0x00000000,
0x00000008,
0x00000050,
0x00000117,
0x00000000,
0x00000008,
0x00000050,
0x0000031d,
0x00000000,
0x00000008,
0xffffffff,
0x00000162,
0x00000000,
0x00000008,
0x00000000,
0x00000113,
0x00000000,
0x00000008,
0x00000050,
0x000000f4,
0x00000000,
0x00000008,
0x00000050,
0x0000032a,
0x00000000,
0x00000008,
0xffffffff,
0x00000163,
0x00000000,
0x00000008,
0x00000000,
0x00000101,
0x00000000,
0x00000008,
0x00000050,
0x00000145,
0x00000000,
0x00000008,
0x00000050,
0x00000337,
0x00000000,
0x00000008,
0xffffffff,
0x00000164,
0x00000000,
0x00000008,
0x00000000,
0x000000ef,
0x00000000,
0x00000008,
0x00000050,
0x000000f5,
0x00000000,
0x00000008,
0x00000050,
0x00000312,
0x00000000,
0x00000008,
0xffffffff,
0x000000c6,
0x00000000,
0x00000004,
0x00000006,
0x000000c8,
0x00000000,
0x00000004,
0x00000002,
0x000000ca,
0x00000003,
0x00000004,
0x00000000,
0x000000ce,
0x00000003,
0x00000004,
0x00000000,
0x000000ca,
0x00000000,
0x00000003,
0x00000000,
0x000000ce,
0x00000000,
0x00000003,
0x00000000,
0x00000029,
0x00000000,
0x00000008,
0x000000b1,
0x0000031f,
0x00000000,
0x00000008,
0xffffffff,
0x000000c6,
0x00000004,
0x00000004,
0x00000006,
0x000000c8,
0x00000004,
0x00000004,
0x00000002,
0x000000cc,
0x00000003,
0x00000004,
0x00000000,
0x000000d0,
0x00000003,
0x00000004,
0x00000000,
0x000000cc,
0x00000000,
0x00000003,
0x00000000,
0x000000d0,
0x00000000,
0x00000003,
0x00000000,
0x00000029,
0x00000000,
0x00000008,
0x000000b1,
0x0000032c,
0x00000000,
0x00000008,
0xffffffff,
0x000000c7,
0x00000000,
0x00000004,
0x00000006,
0x000000c9,
0x00000000,
0x00000004,
0x00000002,
0x000000cb,
0x00000003,
0x00000004,
0x00000000,
0x000000cf,
0x00000003,
0x00000004,
0x00000000,
0x000000cb,
0x00000000,
0x00000003,
0x00000000,
0x000000cf,
0x00000000,
0x00000003,
0x00000000,
0x00000029,
0x00000000,
0x00000008,
0x000000b1,
0x00000339,
0x00000000,
0x00000008,
0xffffffff,
0x000000c7,
0x00000004,
0x00000004,
0x00000006,
0x000000c9,
0x00000004,
0x00000004,
0x00000002,
0x000000cd,
0x00000003,
0x00000004,
0x00000000,
0x000000d1,
0x00000003,
0x00000004,
0x00000000,
0x000000cd,
0x00000000,
0x00000003,
0x00000000,
0x000000d1,
0x00000000,
0x00000003,
0x00000000,
0x00000029,
0x00000000,
0x00000008,
0x000000b1,
0x000000d2,
0x00000000,
0x00000004,
0x0000000d,
0x0000009a,
0x00000000,
0x00000003,
0x00000000,
0x000002bb,
0x00000000,
0x00000004,
0x00000000,
0x00000091,
0x00000000,
0x00000002,
0x00000001,
0x000000d2,
0x00000004,
0x00000004,
0x0000000d,
0x0000009a,
0x00000004,
0x00000003,
0x00000000,
0x000002bb,
0x00000004,
0x00000004,
0x00000000,
0x00000091,
0x00000002,
0x00000002,
0x00000001,
0x000000d3,
0x00000000,
0x00000004,
0x0000000d,
0x0000009b,
0x00000000,
0x00000003,
0x00000000,
0x000002bc,
0x00000000,
0x00000004,
0x00000000,
0x00000091,
0x00000004,
0x00000002,
0x00000001,
0x000000d3,
0x00000004,
0x00000004,
0x0000000d,
0x0000009b,
0x00000004,
0x00000003,
0x00000000,
0x000002bc,
0x00000004,
0x00000004,
0x00000000,
0x00000091,
0x00000006,
0x00000002,
0x00000001,
0x6f727245,
0x203a2072,
0x2055414d,
0x74697257,
0x65522f65,
0x6c206461,
0x6e657461,
0x312b7963,
0x6c697720,
0x766f206c,
0x6c667265,
0x000a776f,
0x30307830,
0x303d6330,
0x38302578,
0x202c786c,
0x31307830,
0x303d3834,
0x38302578,
0x000a786c,
0x36307830,
0x303d3834,
0x38302578,
0x202c786c,
0x31307830,
0x303d3834,
0x38302578,
0x000a786c,
0x203e2d2d,
0x20444d43,
0x6e616373,
0x61745320,
0x2e2e7472,
0x000a0d2e,
0x43205432,
0x2020444d,
0x09202020,
0x25783009,
0x5b583330,
0x253a6425,
0x0a0d5d64,
0x5f534300,
0x54312031,
0x444d4320,
0x78300909,
0x58333025,
0x3a64255b,
0x0d5d6425,
0x5343000a,
0x3120305f,
0x4d432054,
0x30090944,
0x33302578,
0x64255b58,
0x5d64253a,
0x43000a0d,
0x20204b4c,
0x20202020,
0x09092020,
0x30257830,
0x0a0d5833,
0x20090900,
0x20202020,
0x20002020,
0x58323025,
0x09090900,
0x30257830,
0x255b5833,
0x253d5d64,
0x20202064,
0x20202020,
0x25783020,
0x5b583330,
0x3d5d6425,
0x0a0d6425,
0x78302000,
0x58333025,
0x5d64255b,
0x2064253d,
0x30257830,
0x255b5833,
0x253d5d64,
0x20002064,
0x20002320,
0x20004f20,
0x20005f20,
0x20002e20,
0x20202020,
0x78300920,
0x58333025,
0x3a64255b,
0x205d6425,
0x20202020,
0x3e2d2d00,
0x444d4320,
0x61637320,
0x4146206e,
0x0a0d4c49,
0x3e2d2d00,
0x444d4320,
0x61637320,
0x4150206e,
0x0a0d5353,
0x00582000,
0x203e2d2d,
0x20465144,
0x6e616373,
0x61745320,
0x2e2e7472,
0x000a0d2e,
0x65727677,
0x78302066,
0x0a0d7825,
0x74796200,
0x64252065,
0x09090909,
0x44090909,
0x68502051,
0x0d657361,
0x5350000a,
0x2f312044,
0x68502038,
0x20657361,
0x616c6564,
0x78302079,
0x5b783325,
0x253a6425,
0x253d5d64,
0x51440964,
0x78302820,
0x5b783325,
0x253a6425,
0x09295d64,
0x25200009,
0x0a0d0078,
0x09090909,
0x51445009,
0x78302820,
0x5b783325,
0x253a6425,
0x09295d64,
0x49552000,
0x50000a0d,
0x44205144,
0x3020594c,
0x33302578,
0x78303d58,
0x58323025,
0x43200920,
0x20594c44,
0x30257830,
0x09205832,
0x4c444620,
0x78302059,
0x58323025,
0x20000a0d,
0x25783020,
0x5b783330,
0x253a6425,
0x303d5d64,
0x20782578,
0x30257830,
0x255b7833,
0x253d5d64,
0x78302064,
0x78333025,
0x5d64255b,
0x0964253d,
0x09643225,
0x20000909,
0x3025204c,
0x25256432,
0x20522000,
0x64323025,
0x2d002525,
0x44203e2d,
0x73204651,
0x206e6163,
0x4c494146,
0x2d000a0d,
0x44203e2d,
0x73204651,
0x206e6163,
0x53534150,
0x2d000a0d,
0x52203e2d,
0x46455256,
0x61637320,
0x7453206e,
0x2e747261,
0x0a0d2e2e,
0x300a0d00,
0x5b782578,
0x253a6425,
0x303d5d64,
0x20782578,
0x78257830,
0x3a64255b,
0x3d5d6425,
0x78257830,
0x25783020,
0x64255b78,
0x5d64253a,
0x2578303d,
0x000a0d78,
0x65747962,
0x0a642520,
0x20445350,
0x20322f31,
0x73616850,
0x65642065,
0x2079616c,
0x30257830,
0x255b7833,
0x64253a64,
0x64253d5d,
0x30090909,
0x33302578,
0x64255b78,
0x5d64253a,
0x09000a0d,
0x66657256,
0x64644120,
0x73736572,
0x44560909,
0x31095144,
0x0976322e,
0x25783000,
0x5b783330,
0x253a6425,
0x303d5d64,
0x33302578,
0x64255b78,
0x5d64253a,
0x2578303d,
0x09090978,
0x08080800,
0x30252000,
0x20006432,
0x20003030,
0x2d003631,
0x52203e2d,
0x46455256,
0x61637320,
0x4146206e,
0x0a0d4c49,
0x3e2d2d00,
0x52565220,
0x73204645,
0x206e6163,
0x53534150,
0x2d000a0d,
0x51203e2d,
0x204e4553,
0x6e616373,
0x61745320,
0x2e2e7472,
0x000a0d2e,
0x203e2d2d,
0x45525657,
0x63732046,
0x53206e61,
0x74726174,
0x0d2e2e2e,
0x2020000a,
0x30257830,
0x255b7833,
0x64253a64,
0x78303d5d,
0x25097825,
0x09096432,
0x00090909,
0x25783009,
0x5b783330,
0x253a6425,
0x253d5d64,
0x78302064,
0x78333025,
0x3a64255b,
0x3d5d6425,
0x30206425,
0x33302578,
0x64255b78,
0x5d64253a,
0x0964253d,
0x79620009,
0x25206574,
0x09090964,
0x09090909,
0x656e6946,
0x6e755420,
0x68502065,
0x28657361,
0x352e3232,
0x67656420,
0x29656572,
0x09000a0d,
0x30090909,
0x33302578,
0x64255b78,
0x5d64253a,
0x25200009,
0x30090058,
0x33302578,
0x64255b78,
0x5d64253a,
0x0964253d,
0x00090909,
0x203e2d2d,
0x4e455351,
0x61637320,
0x4146206e,
0x0a0d4c49,
0x3e2d2d00,
0x45535120,
0x6373204e,
0x50206e61,
0x0d535341,
0x4146000a,
0x21214c49,
0x000a0d21,
0x53534150,
0x0d212121,
0x0a0d000a,
0x465a4e55,
0x216c6961,
0x55504300,
0x30303131,
0x520a0020,
0x65676e61,
0x6e616353,
0x72657620,
0x25005b3a,
0x002d0064,
0x646e6152,
0x61506d6f,
0x72657474,
0x000a0d6e,
0x4d415244,
0x43532031,
0x0a0d4e41,
0x746f4e00,
0x70757320,
0x74726f70,
0x65766f20,
0x6f6c6372,
0x0a0d6b63,
0x65766f00,
0x6f6c6372,
0x74206b63,
0x3233206f,
0x0a0d3030,
0x5f717a00,
0x6d697274,
0x2578305b,
0x202c5d78,
0x5f6f646c,
0x6d697274,
0x2578305b,
0x0a0d5d78,
0x41524400,
0x005f314d,
0x34524444,
0x005f3278,
0x34524444,
0x005f3178,
0x33524444,
0x6425005f,
0x3631005f,
0x33005f62,
0x005f6232,
0x00204254,
0x20544255,
0x5f424600,
0x204e494d,
0x20424600,
0x696e6900,
0x7265765f,
0x7830203a,
0x78383025,
0x44000a0d,
0x0d454e4f,
0x003e000a,
0x20616d64,
0x20637373,
0x0a0d6425,
0x20617300,
0x2070616d,
0x31206f74,
0x74696236,
0x00000a0d,
0xf0d45421,
0xf0d45405,
0xf0d45461,
0xf0d454d9,
0xf0d45445,
0xf0d45429,
0x4a04b580,
0x6813af00,
0xd5fc069b,
0x60184b02,
0xbf00bd80,
0xf0110014,
0xf0110000,
0xaf00b580,
0x0000bd80,
0x4a04b580,
0x6813af00,
0xd5fc07db,
0x68184b02,
0xbd80b2c0,
0xf0111014,
0xf0111000,
0x4a04b580,
0x6813af00,
0xd5fc069b,
0x60184b02,
0xbf00bd80,
0xf0111014,
0xf0111000,
0x4a04b580,
0x6813af00,
0xd5fc07db,
0x68184b02,
0xbd80b2c0,
0xf0110014,
0xf0110000,
0x211a4a13,
0xaf00b580,
0xf0436813,
0x60130310,
0xf4236f53,
0x675323c0,
0x3280f502,
0x68133240,
0x6300f443,
0x4b0b6013,
0xf042781a,
0x701a0280,
0x70114a09,
0x71112100,
0xf002781a,
0x701a027f,
0xf042781a,
0x701a0203,
0xf8032207,
0xbd802c04,
0xf0010034,
0xf011100c,
0xf0111000,
0xaf00b580,
0xffcef7ff,
0x0000bd80,
0x22004b08,
0xaf00b580,
0x615a6959,
0x4906545a,
0x07d2780a,
0x4a05d5fc,
0xb2d27812,
0x69597002,
0xbd80545a,
0x010002d8,
0xf0110014,
0xf0110000,
0xb5804b05,
0x781baf00,
0x0301f013,
0x4b03d001,
0x7003781b,
0xbf00bd80,
0xf0110014,
0xf0110000,
0x22004b13,
0x4d13b5f0,
0xaf004e13,
0x615a6959,
0x695a545a,
0xd9002a13,
0x7829bdf0,
0xd5f907c9,
0x46047831,
0xf804b2c9,
0x29081b01,
0x5499695a,
0xb10ad104,
0x615a3a01,
0xe7ea4620,
0xd102290a,
0x70432300,
0x290dbdf0,
0x3201d0fa,
0xbf00e7f3,
0x010002d8,
0xf0110014,
0xf0110000,
0x4604b5b0,
0xaf001845,
0xd10042ac,
0x4620bdb0,
0xf7ff3401,
0xe7f7ff9f,
0xe92d4800,
0xe3500000,
0xe28db004,
0x0a000003,
0xe3500001,
0xe59f000c,
0x13a00000,
0xe8bd8800,
0xe59f0004,
0xe8bd8800,
0xf0d453f8,
0xf0d453ec,
0x00000000,
0xb5b04b07,
0xb933af00,
0x682a4d06,
0x1e44b11a,
0x0f01f814,
0xbdb0b900,
0x685b682b,
0xe7f74798,
0x00000000,
0xf0d455d8,
0xb5804b03,
0x6018af00,
0x6803b108,
0xbd804798,
0xf0d455d8,
0xb5804b02,
0x6818af00,
0xbf00bd80,
0xf0d455d8,
0x4604b598,
0xaf004803,
0xffd4f7ff,
0xf7ff4620,
0xbd98ffd1,
0x01000087,
0x4605b5b0,
0xaf004809,
0xf7ff460c,
0x4628ffc7,
0xffc4f7ff,
0xf7ff4806,
0x4620ffc1,
0xe9c0f000,
0xffbcf7ff,
0xf7ff4803,
0xbdb0ffb9,
0x01000087,
0x01000080,
0x01000084,
0x4ff8e92d,
0xf8df4606,
0xf8dfa05c,
0xaf00b05c,
0x46044688,
0x0308eb06,
0xd301429c,
0x8ff8e8bd,
0x1f25480e,
0xff9ef7ff,
0x090cf104,
0xf0004620,
0xf7ffe99c,
0x4650ff97,
0xff94f7ff,
0x0f04f855,
0xe992f000,
0xff8ef7ff,
0xf7ff4658,
0x454dff8b,
0x4803d1f4,
0xf7ff3410,
0xe7dbff85,
0x01000081,
0x01000084,
0x0100008a,
0x0100008d,
0x00f00000,
0xe92d4800,
0xe28db004,
0xeb000091,
0xe8bd8800,
0xe59f300c,
0xe92d4800,
0xe28db004,
0xe5830000,
0xe8bd8800,
0xf0d456e4,
0xe59f300c,
0xe92d4800,
0xe28db004,
0xe5930000,
0xe8bd8800,
0xf0d456e4,
0xe59f3020,
0xe92d4800,
0xe28db004,
0xe5932080,
0xe3520000,
0x05930084,
0x016f0f10,
0x01a002a0,
0x13a00000,
0xe8bd8800,
0xf0050000,
0xe92d4800,
0xe30a3a55,
0xe1d003b0,
0xe28db004,
0xe0400003,
0xe16f0f10,
0xe1a002a0,
0xe8bd8800,
0xf022b580,
0x38040203,
0x440aaf00,
0xd1004291,
0xf851bd80,
0xf8403b04,
0xe7f73f04,
0x4604b5b0,
0xaf00460d,
0xfa36f000,
0xf6474b1a,
0x601a7224,
0x60144a19,
0x681a6055,
0x0201f042,
0x681a601a,
0x07d2681a,
0x086bd4fc,
0x1e594a14,
0x68124359,
0xeb010849,
0xb2894112,
0x4811b1b9,
0xfaa5f000,
0x48104621,
0xfaa1f000,
0x480f4629,
0xfa9df000,
0x68134a0e,
0x0301f043,
0x4b0d6013,
0x601a4a0d,
0x68193a01,
0x601a430a,
0x4b0be7fe,
0x601a2203,
0xbf00bdb0,
0xf0188060,
0xf0188064,
0xf018806c,
0xf0d458c4,
0xf0d458d6,
0xf0d458df,
0xf0230070,
0xf0240000,
0x5a960002,
0xf01880a0,
0xf06f4b09,
0xb5800203,
0xaf004401,
0xf04f601a,
0x4a0633ff,
0x60536013,
0x22016093,
0x60184b04,
0xf8436059,
0xbd802c10,
0xf0180090,
0xf0180094,
0xf0180070,
0x22014b04,
0xaf00b580,
0x2200601a,
0x2c08f843,
0xbf00bd80,
0xf0180068,
0xb5804b06,
0x6818af00,
0x0001f010,
0x6859d005,
0xb2c94803,
0xfa45f000,
0xbd802001,
0xf0180068,
0xf0d458e8,
0xe59f3018,
0xe92d4800,
0xe28db004,
0xe5933000,
0xe3130d06,
0x03a00001,
0x13a00000,
0xe8bd8800,
0xf0010000,
0x63656863,
0x6d75736b,
0x766e6920,
0x64696c61,
0x7766003d,
0x64646120,
0x66003d72,
0x69732077,
0x003d657a,
0x4d415244,
0x6f727020,
0x74636574,
0x74206465,
0x67676972,
0x2c647265,
0x00484320,
0xe2523020,
0xe262c020,
0x41a00230,
0x51a00331,
0x41800c11,
0xe1a01231,
0xe12fff1e,
0xe2523020,
0xe262c020,
0x41a01211,
0x51a01310,
0x41811c30,
0xe1a00210,
0xe12fff1e,
0xe59f3030,
0xe59f2030,
0xe00330a0,
0xe0400003,
0xe0003002,
0xe0020120,
0xe0833000,
0xe59f001c,
0xe0833223,
0xe0000003,
0xe0800400,
0xe0800800,
0xe1a00c20,
0xe12fff1e,
0x55555555,
0x33333333,
0x0f0f0f0f,
0x07824b0c,
0xaf00b580,
0xd503681b,
0x6380f443,
0x0304f043,
0xd5030741,
0x5380f443,
0x0310f043,
0xd5030702,
0x4380f443,
0x0340f043,
0x20004a01,
0xbd806013,
0xffe41004,
0xaf00b580,
0x0f50ee39,
0x6001f3c0,
0xb580bd80,
0xee10af00,
0xf0000fb0,
0xbd800003,
0x00000000,
0xe51ff004,
0x01000001,
0xe51ff004,
0x01000021,
0xb5804b09,
0xaf004909,
0x69da4809,
0xf1011a52,
0xf7ff4171,
0xf000febb,
0xf000f875,
0x4805f901,
0xf984f000,
0xbd802000,
0xf0d40000,
0x0000a518,
0x01000000,
0x01000090,
0xb5904913,
0x680baf00,
0xf0130c1b,
0xd11d0001,
0x0207f003,
0xd11a2a02,
0x69a24c0e,
0x0001f012,
0xf013d015,
0xd0120008,
0xf4424b0b,
0x68187280,
0x0020f040,
0x68086018,
0x2000f420,
0x20016008,
0xf0416819,
0x60190104,
0xbd9061a2,
0xbd902000,
0xf0a50004,
0xf0d40070,
0xf0a50010,
0xb5804b05,
0x699baf00,
0xd50305da,
0x68134a03,
0xd4fc075b,
0xbf00bd80,
0xf0d40070,
0xf0a50010,
0xb5804b0b,
0x681baf00,
0xf0130c1b,
0xd10c0001,
0x0307f003,
0xd1092b02,
0x20014b06,
0xf240699a,
0x43931301,
0x2000bf18,
0x2000bd80,
0xbf00bd80,
0xf0a50004,
0xf0d40070,
0xb5804b04,
0x6819af00,
0x1a52681a,
0xd3fb4282,
0xbf00bd80,
0xf0100108,
0x2300b580,
0xee07af00,
0xee073f15,
0xf3bf3fd5,
0xf3bf8f4f,
0xbd808f6f,
0xaf00b5f0,
0x2802b158,
0x4b16d11f,
0x2300681a,
0x08524614,
0x2a013301,
0x4a13d8fb,
0x4b13e008,
0x4603681a,
0x08524614,
0x2a013301,
0x4a10d8fb,
0x0320f1c3,
0xc000f8d2,
0xfa022201,
0x2200f303,
0xdb0342a2,
0xf3bfb109,
0xbdf08f4f,
0x25004606,
0xdb024565,
0x44183201,
0x3640e7f2,
0x6f56ee07,
0xe7f53501,
0xf0d40f70,
0xf0d40f6c,
0xf0d40f78,
0xf0d40f74,
0x2100b580,
0xaf004608,
0xffc0f7ff,
0x20022100,
0xffbcf7ff,
0x8f4ff3bf,
0xb5f0bd80,
0xb158af00,
0xd11f2802,
0x681a4b16,
0x46142300,
0x33010852,
0xd8fb2a01,
0xe0084a13,
0x681a4b13,
0x46144603,
0x33010852,
0xd8fb2a01,
0xf1c34a10,
0xf8d20320,
0x2201c000,
0xf303fa02,
0x42a22200,
0xb109db03,
0x8f4ff3bf,
0x4606bdf0,
0x45652500,
0x3201db02,
0xe7f24418,
0xee073640,
0x35016f5e,
0xbf00e7f5,
0xf0d40f70,
0xf0d40f6c,
0xf0d40f78,
0xf0d40f74,
0x2100b580,
0xaf004608,
0xffbff7ff,
0x20022100,
0xffbbf7ff,
0x8f4ff3bf,
0xbf00bd80,
0x47f0e92d,
0x2a00af00,
0xf890d046,
0x2600e000,
0x5cc52301,
0x45ae1c5c,
0x5d05d13a,
0x0904eb00,
0xf801b945,
0x3302e006,
0x42933601,
0x4630d3f1,
0x87f0e8bd,
0xf04f464d,
0xf8150c00,
0xf0088b01,
0xf018037f,
0xea430f80,
0xeba51ccc,
0xd1f40309,
0x24004423,
0x0903eb00,
0xf815464d,
0xf0088b01,
0xf0180a7f,
0xea4a0f80,
0xeba514c4,
0xd1f40a09,
0x0806eb01,
0x46454453,
0xeba54264,
0x45cc0908,
0x4466d801,
0xf815e7d1,
0xf8059004,
0xe7f49b01,
0x4623558d,
0xe7c83601,
0xe8bd4610,
0xb59087f0,
0xaf006842,
0x20006804,
0x08524603,
0xd1014293,
0xbd90b280,
0x1013f834,
0x33014419,
0xe7f54408,
0x4a04b580,
0x7813af00,
0xd5fc069b,
0x70184b02,
0xbf00bd80,
0xf0110014,
0xf0110000,
0x1e41b580,
0xf811af00,
0xb9000f01,
0xf7ffbd80,
0xe7f8ffe9,
0xaf00b580,
0xfc60f7ff,
0xb598bd80,
0xaf00460c,
0xfc5af7ff,
0xf7ff4805,
0x4620fc57,
0xe80af000,
0xfc52f7ff,
0xf7ff4802,
0xbd98fc4f,
0x01000080,
0x01000084,
0xe51ff004,
0x01000021,
0x314c4342,
0x09000000,
0x34050100,
0x8e740000,
0xf8e92d86,
0x0d460443,
0x2caf0046,
0x6a469021,
0x03461e22,
0x80f8f6f0,
0x20212b22,
0xf1f00346,
0x2c22eaf8,
0xec0a0586,
0x07866af8,
0x00f8e70a,
0xe20a0786,
0x078600f8,
0x69f8dd28,
0xd8140786,
0xd33c0986,
0x0786e9f8,
0x0986ce14,
0x0986c93c,
0x0986c43c,
0xc8f8bf3c,
0x25f54520,
0xdef895fd,
0x00228030,
0xc8140586,
0x422101f8,
0x0a048622,
0x68abf8b0,
0xd5060119,
0x081e0486,
0xb91e0786,
0x212380f8,
0x86461a21,
0xf8b30c04,
0xf2402380,
0x0e078653,
0x2300f8ac,
0x86692280,
0xf8a62605,
0x86692380,
0xf8a01807,
0x20dff895,
0x1805860d,
0xf895f887,
0x860e20e0,
0xf8810c05,
0x30e1f895,
0x860f2207,
0xf88d0e05,
0x20e2f895,
0x0c058610,
0xf895f874,
0x861120e3,
0xf86e0c05,
0x30e4f895,
0x86122207,
0x867a0e05,
0x86f00e05,
0xf8730e07,
0x30e5f895,
0x4620221f,
0xf0032113,
0xf8b5f86c,
0x4aad00e6,
0xf4202300,
0xf0206078,
0x4691000b,
0x0cc004c0,
0x1033f852,
0x0cc3ea4f,
0xf0404288,
0x4462812c,
0x3a036852,
0xeb092300,
0x684901c3,
0xf040428a,
0xf859812b,
0xf8959033,
0x211520e6,
0xf0224620,
0xea420274,
0xb2d20209,
0xf830f003,
0x20e7f895,
0x16058616,
0xea420210,
0x04862219,
0x95f82516,
0x1720e8f8,
0x02810586,
0xf895f81f,
0x861820e9,
0xf8190c05,
0x20eaf895,
0x0c058619,
0xf895f813,
0x861a20eb,
0xf80d0c05,
0x20ecf895,
0x0c05861b,
0xf895f807,
0x861c20ed,
0xf8010c05,
0x011a68ab,
0xf895d524,
0x216020ee,
0xf0024620,
0xf895fff8,
0x866120ef,
0xfff20c05,
0x20f0f895,
0x0c058662,
0xf895ffec,
0x866320f1,
0x02ef0c05,
0xffe4f002,
0x86644632,
0xffdf0e05,
0x20f3f895,
0x0c058665,
0xf895ffd9,
0x223f30f4,
0x0e058601,
0xf895ffe5,
0x220f30f5,
0x0e058602,
0xf895ffde,
0x220f30f6,
0x0e058604,
0xf895ffd7,
0x220f30f7,
0x0e058605,
0xf895ffd0,
0x221f30f8,
0x0e058606,
0xf895ffc9,
0x220f30f9,
0x0e058607,
0xf895ffc2,
0x223f30fa,
0x0e058609,
0xf640ffbb,
0x4598236a,
0x809bf300,
0x30fbf895,
0xb2db3b03,
0x860a223f,
0xffad1c05,
0xfe760586,
0x30fcf895,
0x860b221f,
0xffa31405,
0x20fdf895,
0x0c058620,
0xf895ff8a,
0x220f30fe,
0x0e058621,
0xf895ff96,
0x862220ff,
0xff7d0c05,
0x3100f895,
0x2123223f,
0x46203b01,
0xf002b2db,
0xf895ff87,
0x86272101,
0xff6e1e05,
0x3102f895,
0x86282207,
0xff7a0e05,
0x3103f895,
0x862d220f,
0x86730e05,
0x86700e05,
0xff6c0e07,
0x22402300,
0x04864619,
0x40ff660c,
0x05860023,
0xf0020085,
0xf44fff60,
0xf545707a,
0x2340fbb2,
0x1407863d,
0x0686ffa2,
0xf0020286,
0x860bff3e,
0x02168605,
0x8bff39f0,
0x340a0786,
0x860686ff,
0x2ff0022a,
0x45200aff,
0xabfb95f5,
0x0b011b68,
0x404632d5,
0x05868ef2,
0x32ff2318,
0x27f44f46,
0x0c048671,
0xe8bdff1d,
0x330183f8,
0xf47f2b17,
0x480eaec9,
0xf8e5f003,
0xe6cc2200,
0xcb120686,
0x4f480bae,
0x030900f0,
0xccf8daf0,
0x75f640e6,
0x03459833,
0xfbf895dc,
0x5f3b0530,
0x48f5b8e7,
0x62f73f6f,
0x80e757af,
0x38f1002e,
0x46f1002f,
0xf8f1002f,
0x880886b5,
0x6a461616,
0xecf00222,
0x870686fe,
0xe7f00258,
0x880686fe,
0xe2f00214,
0x870686fe,
0xddf00258,
0x810886fe,
0x86fed82e,
0xd3568108,
0x880686fe,
0xcef00214,
0xc93c0986,
0x880686fe,
0xc4f00214,
0xbf3c0986,
0xba3c0986,
0xb53c0986,
0x4520c8fe,
0x86fb1bf5,
0x0214880a,
0x20febef0,
0x01224246,
0xa6f00221,
0x1868abfe,
0x14880d86,
0xfeaff002,
0x14880886,
0xfea9f002,
0x14880a86,
0xfea2f002,
0x14880886,
0xfe9cf002,
0x14880886,
0xfe96f002,
0x14880886,
0xfe7df002,
0x14880886,
0xfe77f002,
0x14880a86,
0xfe83f002,
0x14880886,
0xfe6af002,
0x14880886,
0xfe64f002,
0x14880a86,
0x8670f002,
0x06860e05,
0xf0021488,
0x0686fe69,
0x86131488,
0xfe620e05,
0x58870886,
0xfe49f002,
0x4e870886,
0xfe43f002,
0x44870886,
0xfe3df002,
0x44870886,
0xfe37f002,
0x44870886,
0xfe31f002,
0x44870886,
0xfe2bf002,
0x44870886,
0xfe25f002,
0xf895211c,
0x048620ed,
0xabfe1f0c,
0x22011968,
0x44870b86,
0x0a86fe16,
0xfe104487,
0x44870a86,
0x0a86fe0a,
0xfe044487,
0x40870886,
0x0a86fdff,
0xfdf94087,
0x40870c86,
0x0c86fe05,
0xfdfe4087,
0x40870c86,
0x0c86fdf7,
0xfdf04087,
0x40870c86,
0x0c86fde9,
0xfde24087,
0x40870c86,
0xf895fddb,
0x088630fb,
0xfdd43287,
0x0c060486,
0x870c86fd,
0x86fdca32,
0xb132870a,
0x870c86fd,
0x86fdbd32,
0xa432870a,
0x870886fd,
0x0e048632,
0x0a86fdb0,
0xfd972e87,
0x2e870c86,
0x0c86fda3,
0x869c2e87,
0x08860e05,
0xfd952e87,
0x2e870a86,
0x0a86fd8f,
0xfd892e87,
0x2e870686,
0x0a86f9db,
0xfdcb2e87,
0x1c850886,
0x0886fd67,
0xfd622e87,
0x2e870886,
0x0886fd5d,
0xfd584485,
0xf545200a,
0x68abf9be,
0x870d861a,
0x86fd4c2e,
0x462e870a,
0x1b68abfd,
0x40850586,
0x22023105,
0x20058666,
0xbdf8fd4f,
0x41f0e92d,
0x4604460e,
0xbba0af00,
0x4a1c4b1b,
0x681b491c,
0x68086812,
0xea400400,
0x43182002,
0x43582360,
0x3300f44f,
0xf0f3fb90,
0xfdeef006,
0x02ad4605,
0xf0454620,
0xf0020880,
0x4643fc62,
0x46202206,
0xf0044611,
0x2001f9d6,
0xf97cf545,
0x0306ea48,
0xcc140886,
0x0a0486f9,
0x0306ea45,
0xc50e0486,
0x740486f9,
0xe8bdfc40,
0x200081f0,
0xbf00e7d2,
0xf0234420,
0xf0234424,
0xf0234428,
0x22f0b580,
0x1149f240,
0x2001af00,
0xfceff002,
0x4b0e0486,
0x0c048611,
0x22f0fce9,
0x71a5f44f,
0xe30c0486,
0xa60c0586,
0xdd0c0586,
0x402200fc,
0x058629f2,
0x00fcd724,
0x95f44f22,
0xd1180586,
0x2b180586,
0xcb180586,
0x250c0586,
0xc50c0586,
0x022300fc,
0x8621e122,
0xfcd20c04,
0x23002201,
0x21e14610,
0x86ccf002,
0x86e31805,
0x86c61805,
0x21e31807,
0xfcc0f002,
0x22402300,
0x180586e5,
0x2300fcba,
0x0c078620,
0x300586b4,
0x0c0586d8,
0x300786ae,
0xf00221d8,
0x2300fca8,
0x86d72280,
0x86a21805,
0x06863c05,
0x05869c0c,
0x0c06863c,
0x24058696,
0x0c0586be,
0x48058690,
0x8a180686,
0x004b01fc,
0x80601a22,
0x030100bd,
0xf0e92df0,
0x0d46044f,
0x06b08f46,
0xf2f891af,
0xfa60ba80,
0x40607b6c,
0x9a236af6,
0x2df04f42,
0x32bfd803,
0x0060fb23,
0x3b613b23,
0x3b330169,
0x90f8d561,
0x40f3c330,
0x9ab2de23,
0x1368ab46,
0x015380f0,
0x4f856ff0,
0x000b02f0,
0x6ef0412e,
0x7b230185,
0xe1230361,
0x56840786,
0x2303fc54,
0x0c0786e3,
0x2360fc4e,
0x461a4620,
0xf00221e5,
0x68abfc48,
0xf14000d8,
0x2e008084,
0x8557f001,
0xf0024879,
0x86fcfdfc,
0x86168305,
0xfc008805,
0x4b0c0486,
0x1f0c0586,
0x058630fc,
0x04861483,
0x0586190c,
0x0586a60c,
0x0786130c,
0x04861483,
0x07860d0c,
0x04861483,
0x0786070c,
0x04861483,
0x0586010c,
0x05869618,
0x02fbfb18,
0x18810986,
0x8601fc08,
0xfc020c09,
0x81098602,
0x01fbfc24,
0xf60c0986,
0xe52340fb,
0xf00c0786,
0x098620fb,
0x02fbea0c,
0x0786d823,
0x01fbe40c,
0xde0c0986,
0xd72380fb,
0xd80c0786,
0x058640fb,
0x04861483,
0x20fbd20c,
0xcc180986,
0xbe2380fb,
0xc60c0786,
0x098602fb,
0x80fbc018,
0x07863123,
0x00fbba0c,
0x31224f23,
0xb43c0586,
0xff2300fb,
0x05863222,
0x0586ae0c,
0x0586330c,
0x0586a80c,
0x0586340c,
0x00fba20c,
0x35221f23,
0x00880686,
0x36180586,
0x00900686,
0x370c0586,
0x900c0586,
0x380c0586,
0x26900686,
0x390c0586,
0x840c0586,
0x0f2300fb,
0x05863a22,
0x00fb7e0c,
0xd5223f23,
0x780c0586,
0x3f2310fb,
0x0586d622,
0x0afb720c,
0xc5f54420,
0x072306ff,
0x14f44f22,
0x4c820586,
0x2300fb68,
0x88078610,
0x40fb625a,
0x07860123,
0xfb5c3c81,
0x06866cfa,
0x68bb3c84,
0x030ff003,
0x84e1f341,
0xf3012b01,
0x230084d2,
0x2f5ae001,
0x2230f100,
0x560586bf,
0x2300fb47,
0x86bd2201,
0x86410c05,
0x3b16820b,
0xa0f895fb,
0xbc220c30,
0x26900686,
0x672288fb,
0x1c0a0586,
0x68224afb,
0x170a0586,
0x10810586,
0x2301ff7d,
0x340786bd,
0xf44ffb21,
0xf54470fa,
0x8680ff73,
0x63508909,
0x04210cfb,
0x0a048622,
0x68abfe27,
0x4620687a,
0xbf480119,
0xbf582104,
0xf0022103,
0x8f098682,
0x86faf032,
0xeb6e8908,
0x890886fa,
0x86fae66e,
0xe10c8a08,
0x890886fa,
0x95fadc78,
0x8030f7f8,
0x108c0786,
0x86fffae8,
0xcf2c8509,
0x860c0586,
0xc92c8506,
0xa1f895fa,
0x85088620,
0x95fac22e,
0x8620a2f8,
0xbb308508,
0x062380fa,
0x1e810786,
0xf895fac8,
0x227f30a3,
0x86a3f44f,
0xfac01c05,
0x30a4f895,
0xf240227f,
0x48058617,
0xf895fab8,
0x100586a5,
0x10058613,
0xf895fab0,
0x227f30a6,
0x7e0586f4,
0xf895faa9,
0x1e0586a7,
0x1e058601,
0xf895faa1,
0x100586a8,
0x10058645,
0xf895fa99,
0x227f30a9,
0x2e0586ef,
0xf895fa92,
0x227f30aa,
0x0e0586f5,
0xf895fa8b,
0x220730ab,
0x860ff240,
0xfa832c05,
0x30acf895,
0xf44f2207,
0x81058681,
0x95fa7b0a,
0x7030adf8,
0x83f44f22,
0x73100586,
0xaef895fa,
0x40227030,
0x058621f2,
0x95fa6b30,
0x0730aff8,
0x0686ee22,
0x95fa2690,
0x0586b0f8,
0x05869d2e,
0x00fa5c2e,
0x5c048623,
0x2c058611,
0x0e058655,
0x8682f44f,
0x864e1c05,
0x86850e07,
0xfa470e05,
0x04862300,
0x05861956,
0x0586402a,
0x84f44f0e,
0x391c0586,
0xb1f895fa,
0x14810586,
0x31100686,
0xb2f895fa,
0xe7227030,
0x2a740586,
0xb3f895fa,
0xec220730,
0x26940686,
0xb4f895fa,
0x4022e030,
0x058603f2,
0x95fa1b4a,
0x0586b5f8,
0x0686913c,
0x95fa2688,
0x0730b6f8,
0x0586f322,
0x00fa0c2e,
0xed22e023,
0x060c0586,
0xf7740586,
0x000c0586,
0x00810786,
0x34058687,
0x0686f9f9,
0x86922a81,
0xf9f20e05,
0x2a810686,
0x60058647,
0xf895f9eb,
0x220f310a,
0x863bf240,
0xf9e31005,
0x310bf895,
0xf44f22f0,
0x2e058690,
0xf895f9db,
0x048630b5,
0x81068610,
0x95f9d300,
0x05860cf8,
0x0586a220,
0x95f9cb10,
0x058608f8,
0x05868e10,
0x95f9c310,
0x0f30b0f8,
0x42820986,
0xf895f9bb,
0x220f30b7,
0x880686f2,
0xf895f900,
0x048630b8,
0x05861b6e,
0x95f9ac6e,
0x0f30b9f8,
0x0586e822,
0x95f9a51e,
0x0586baf8,
0x05868d3c,
0x95f99d3c,
0x0586bbf8,
0x05868910,
0x95f99510,
0xf030bcf8,
0x4df24022,
0x8d3e0586,
0xbdf895f9,
0x1c810586,
0x200586a7,
0xf895f985,
0x0486310d,
0x05860520,
0x95f97d20,
0x05860ef8,
0x06861c81,
0xf9752483,
0x86c2f895,
0x86414005,
0x866d2005,
0x864c8105,
0x06866004,
0xf9654c81,
0x8607f895,
0x430c8205,
0x5d200586,
0x0ff895f9,
0x07500586,
0x00840686,
0xbef895f9,
0xf0220f30,
0x2e810586,
0xf895f94e,
0x810586bf,
0x0586154c,
0x95f9461e,
0x0586c0f8,
0x86800e81,
0xf93e4e05,
0x86c1f895,
0x06861005,
0x86363084,
0x04867e05,
0x7e068630,
0x6e05862e,
0x865e0486,
0x86266e06,
0x861c8205,
0x06861004,
0xf91e1c82,
0x86abf895,
0x06861005,
0x86165a85,
0x0f6a8205,
0x6a820986,
0x8205860e,
0x6004861e,
0x1e820686,
0xf895f906,
0x22f03109,
0x940686ea,
0xf895f826,
0x840586c3,
0x0586a138,
0x95f8f71e,
0x0586baf8,
0x06865a85,
0xf8ef5c82,
0x86aef895,
0x86388605,
0xe7088606,
0xacf895f8,
0x86200586,
0xdf388606,
0xc4f895f8,
0xf1220730,
0x26980686,
0xc5f895f8,
0x4f22e030,
0x05869cf4,
0x95f8d01e,
0x0586c6f8,
0x05868c5e,
0x95f8c810,
0x0586c7f8,
0x0586394e,
0x0586c04e,
0x09867010,
0x95f8b810,
0x0586c8f8,
0x0586a45e,
0x86f8b030,
0x867e8a06,
0xa9208506,
0x058660f8,
0x86091285,
0x86a22c05,
0x86e00e05,
0x86008c06,
0x06862805,
0x0786960c,
0x05860b26,
0x07868f26,
0x87068642,
0x11f88856,
0x0686db22,
0x11f85a97,
0x0586dc22,
0x86f86b0a,
0x263c8b10,
0x012b0182,
0x008204f3,
0xd822fc23,
0x009c0686,
0x0f2300f8,
0x0586d922,
0x95f8660c,
0xc120c9f8,
0x4d0c0586,
0xdb682bf8,
0x04d51a01,
0x07866623,
0x86576289,
0x5238a105,
0x500e0786,
0x510e0586,
0x490e0786,
0x0b8640f8,
0x95f8421c,
0xc220caf8,
0x29480586,
0x300c0486,
0x21712240,
0x030ff003,
0x3b064620,
0xbf882b05,
0xbf982340,
0xf0022300,
0x1e05862d,
0x21712280,
0x091b4620,
0x801c0686,
0x1f1c0786,
0xcbf895f8,
0xc3220f30,
0x18480586,
0x400e0586,
0x15867022,
0x60f80948,
0x07860723,
0x95f8037e,
0xc420ccf8,
0x01462021,
0x95ffeaf0,
0xc520cdf8,
0xe40c0586,
0xccf895ff,
0x3e048630,
0x413c0486,
0x1081a4f2,
0x05868e23,
0xe9f00134,
0x012301ff,
0x05868f22,
0x0586e328,
0x81068628,
0x9af2410e,
0x09862081,
0x02ffd626,
0x07860223,
0x0486d026,
0x4e0b865a,
0x8640818f,
0xffc22809,
0x86042304,
0x86bc2807,
0x08862805,
0x8081854e,
0xaf260986,
0x082308ff,
0xa9260786,
0xcef895ff,
0x0586c620,
0x95ff900c,
0xc720cff8,
0x8a0c0586,
0xd0f895ff,
0x0586c820,
0x95ff840c,
0xc920d1f8,
0x7e0c0586,
0xca2200ff,
0x790a0586,
0xcb2200ff,
0x740a0586,
0xcc2200ff,
0x6f0a0586,
0xcd2200ff,
0x6a0a0586,
0xce2200ff,
0x650a0586,
0xcf2200ff,
0x600a0586,
0xd02200ff,
0x5b0a0586,
0xd12200ff,
0x560a0586,
0x40230fff,
0x86115ff2,
0x621a8106,
0x650e0586,
0x5b0e0786,
0xd2f895ff,
0x61f24020,
0x0e048611,
0xf895ff41,
0xf44f20d3,
0x048671b1,
0x95ff3a0e,
0x4020d4f8,
0x058663f2,
0x95ff331c,
0x4f20d5f8,
0x0586b2f4,
0xf0ff2c1c,
0x05869e22,
0x95ff275e,
0x9220d6f8,
0x210c0586,
0xd7f895ff,
0x05869320,
0x95ff1b0c,
0x4020d8f8,
0x0586bbf2,
0x95ff140e,
0x4f20d9f8,
0x05862ff4,
0x60ff0d3e,
0x07869423,
0xff1a2a82,
0x86d423c0,
0x04860c07,
0x9120db26,
0xfb320586,
0xdcf895fe,
0x0586d220,
0x95fef50c,
0xd320ddf8,
0xef0c0586,
0x810586fe,
0x9e05861c,
0x05863146,
0x0afef912,
0x4cf54420,
0xe62308fb,
0xf0480786,
0x43120586,
0x1368abfb,
0x016300f0,
0x0080c1f0,
0x0c220423,
0x74860686,
0x098601ff,
0x02ff960c,
0x900c0986,
0x930886ff,
0xd0f00154,
0x23400586,
0x082300fb,
0x0586e622,
0x0586c764,
0xaefb1a12,
0x00f01668,
0x01d17566,
0x14f44f23,
0x2e068671,
0x1c0586b9,
0x8606fb0c,
0xfeaf140b,
0x46312310,
0xa90c0686,
0xa30c0b86,
0x920886fe,
0x9df0017e,
0x864633fe,
0x01549206,
0x86fe97f0,
0x01549208,
0x86fe91f0,
0x0154920a,
0x86fe8af0,
0x01549206,
0x86fe72f0,
0x01549206,
0x05866df0,
0x86fad372,
0x01549208,
0x86fe77f0,
0xc9549206,
0x104633fa,
0x229e0586,
0xc0260886,
0x022310fa,
0x64260786,
0x3c820586,
0x0886fd9c,
0xf0017892,
0x8603fea7,
0x6b008207,
0x058631f9,
0xfeac6286,
0x6e9e0686,
0x0686fea8,
0x86a4689e,
0x446a820b,
0x97520586,
0x820a86fa,
0x05863b6a,
0x95fa8e12,
0x403106f8,
0x22f44f22,
0x60830586,
0x0486fe30,
0x09861010,
0x05862810,
0x09862010,
0xd5fe2010,
0x40309cf8,
0x8af24022,
0x03f00321,
0x01462003,
0x40bf082b,
0x00bf1823,
0x11f00123,
0x0c2e0586,
0x092e0986,
0x1e68abfe,
0x86d40f01,
0xfdfe540e,
0x86daf895,
0x26148b05,
0x10048641,
0x0486fdf6,
0x0ff00354,
0x402b0103,
0xfb87d7f0,
0xaaf00148,
0x4f2208ff,
0x866184f4,
0xfdd32004,
0xf2402220,
0x2c058621,
0x0486fdcd,
0x0586227c,
0x02fdc70c,
0x23f24022,
0xc10c0586,
0x402253fd,
0x058624f2,
0x16fdbb0c,
0x25f24022,
0xb50c0586,
0x1968abfd,
0x24f14101,
0xfa464380,
0x2046296c,
0xaaf7fe46,
0x98f8d5fc,
0x4007da30,
0xe1832ef1,
0x74f00148,
0x34f895ff,
0x40227f31,
0x058675f2,
0xfdae3086,
0x3135f895,
0xf44f227f,
0x810586bb,
0x95fda630,
0x058636f8,
0x05867720,
0x95fd9e20,
0x058637f8,
0x0586bc20,
0x95fd9620,
0x058638f8,
0x05867920,
0x95fd8e20,
0x058639f8,
0x0586bd20,
0xfd008620,
0x863af895,
0x867b2005,
0xfd7e2005,
0x863bf895,
0x86be2005,
0xfd762005,
0x863cf895,
0x867d2005,
0xfd6e2005,
0x863df895,
0x86871005,
0xfd661005,
0x863ef895,
0x86c43005,
0xfd5e3005,
0x863ff895,
0x86892005,
0xfd562005,
0x8640f895,
0x86c52005,
0xfd4e2005,
0x8641f895,
0x868b2005,
0xfd462005,
0x8642f895,
0x86c62005,
0xfd3e2005,
0x8643f895,
0x868d2005,
0xfd362005,
0x8644f895,
0x86c72005,
0xfd2e2005,
0x8645f895,
0x868f2005,
0xfd262005,
0x8646f895,
0x86991005,
0xfd1e1005,
0x8647f895,
0x86cd3005,
0xfd163005,
0x8648f895,
0x869b2005,
0xfd0e2005,
0x8649f895,
0x86ce2005,
0xfd062005,
0x864af895,
0x869d2005,
0xfcfe2005,
0x864bf895,
0x86cf2005,
0xfcf62005,
0x864cf895,
0x869f2005,
0xfcee2005,
0x864df895,
0x86d02005,
0xfce62005,
0x864ef895,
0x86a12005,
0xfcde2005,
0x864ff895,
0x86ab1005,
0xfcd61005,
0x8650f895,
0x86d63005,
0xfcce3005,
0x8651f895,
0x86ad2005,
0xfcc62005,
0x8652f895,
0x86d72005,
0xfcbe2005,
0x8653f895,
0x86af2005,
0xfcb62005,
0x8654f895,
0x86d82005,
0xfcae2005,
0x8655f895,
0x86b12005,
0xfca62005,
0x8656f895,
0x86d92005,
0xfc9e2005,
0x8657f895,
0x86b32005,
0xfc962005,
0xf24023f0,
0x8b07865d,
0xf0fc8f18,
0xdaf44f23,
0x4e880786,
0x2310fc88,
0x86dbf44f,
0xfc810e07,
0x22102300,
0x86100486,
0xfc7a0e04,
0x1c0b8620,
0xa0058673,
0x1c088652,
0x8640fc6c,
0x86651c0b,
0x867aa005,
0xfc5e1c08,
0x1c0b8680,
0xa0058657,
0x1c08867e,
0x2301fc50,
0x86b7f240,
0x490c8107,
0x012300fc,
0x10048622,
0x420e0486,
0x0b8602fc,
0x05863b1c,
0x08862aa1,
0x04fc341c,
0x2d1c0b86,
0x042300fc,
0x261c0986,
0x0b8608fc,
0x00fc1f1c,
0x09860823,
0x10fc181c,
0x111c0b86,
0x60810586,
0x0a1c0886,
0xb91c0586,
0x031c0786,
0xb91c0786,
0xfc1c0586,
0x058620fb,
0x77e0031c,
0x87f1002f,
0x86f1002f,
0xfb008c07,
0x86202300,
0xfbe92609,
0x420b8640,
0x2300fbe2,
0x1c098640,
0x8680fbdb,
0xfbd41c0b,
0x86802300,
0xfbcd1c09,
0xf44f2301,
0x820786dd,
0x0586c622,
0x0486029e,
0x0e048610,
0x8602fbbf,
0xfbb81c0b,
0x86022300,
0xfbb11c09,
0x1c0b8604,
0x2300fbaa,
0x1c098604,
0x8608fba3,
0x869c1c0b,
0x86628c05,
0xfb951c08,
0x1c0b8610,
0x9f05868e,
0x1c088634,
0x1c058687,
0x1c0786de,
0x1c078680,
0x1c0586de,
0x8620fb79,
0x86721c0b,
0x867c8105,
0xfb6b1c08,
0x1c0b8640,
0x81058664,
0x1c08867c,
0x8680fb5d,
0x86561c0b,
0x867c8105,
0xfb4f1c08,
0xf2402301,
0x820786bd,
0x05864818,
0x04867c81,
0x90058610,
0x8602fb26,
0x863a1c0b,
0x867c8105,
0xfb331c08,
0x1c0b8604,
0x8105862c,
0x1c08867c,
0x8608fb25,
0x861e1c0b,
0x867c8105,
0xfb171c08,
0x1c0b8610,
0x81058610,
0x1c088660,
0x70058609,
0x1c0786bf,
0x70078602,
0x1c0586bf,
0x0486fafb,
0x1c088670,
0x0686faf4,
0x1c068670,
0x0486faed,
0x1c088670,
0x0686fae6,
0x1c068670,
0x0486fadf,
0x1c088670,
0x0686fad8,
0x1c068670,
0x8620fad1,
0xfaca1c0b,
0x4c840686,
0xc31c0686,
0x0b8640fa,
0x86fabc1c,
0x864c8406,
0xfab51c06,
0x1c0b8680,
0x0686faae,
0x06864c84,
0x0586a71c,
0x81088638,
0x0786a060,
0x81068638,
0x05869960,
0x1c088638,
0x38078692,
0x8b1c0686,
0x98f8d5fa,
0x4006db30,
0xfd832df1,
0x41f00148,
0x10f895fc,
0x46880586,
0x830586b6,
0x95fa7b28,
0x058611f8,
0x866d4688,
0xfa733005,
0x8612f895,
0x86b72005,
0xfa008406,
0x8613f895,
0x866f2005,
0xfa632005,
0x8614f895,
0x86b82005,
0xfa5b2005,
0x8615f895,
0x86712005,
0xfa532005,
0x8616f895,
0x86b92005,
0xfa4b2005,
0x8617f895,
0x86732005,
0xfa432005,
0x8618f895,
0x86ba2005,
0xfa3b2005,
0x8619f895,
0x86bf1005,
0xfa331005,
0x861af895,
0x867f3005,
0xfa2b3005,
0x861bf895,
0x86c02005,
0xfa232005,
0x861cf895,
0x86812005,
0xfa1b2005,
0x861df895,
0x86c12005,
0xfa132005,
0x861ef895,
0x86832005,
0xfa0b2005,
0x861ff895,
0x86c22005,
0xfa032005,
0x8620f895,
0x86852005,
0xf9008406,
0x8621f895,
0x86c32005,
0xf9f32005,
0x8622f895,
0x86c81005,
0xf9eb1005,
0x8623f895,
0x86913005,
0xf9e33005,
0x8624f895,
0x86c92005,
0xf9db2005,
0x8625f895,
0x86932005,
0xf9d32005,
0x8626f895,
0x86ca2005,
0xf9cb2005,
0x8627f895,
0x86952005,
0xf9008406,
0x8628f895,
0x86cb2005,
0xf9bb2005,
0x8629f895,
0x86972005,
0xf9b32005,
0x862af895,
0x86cc2005,
0xf9ab2005,
0x862bf895,
0x86d11005,
0xf9008806,
0x862cf895,
0x86a33005,
0xf99b3005,
0x862df895,
0x86d22005,
0xf9932005,
0x862ef895,
0x86a52005,
0xf9008406,
0x862ff895,
0x86d32005,
0xf9832005,
0x8630f895,
0x86a72005,
0xf97b2005,
0x8631f895,
0x86d42005,
0xf9732005,
0x8632f895,
0x86a92005,
0xf96b2005,
0x8633f895,
0x86d52005,
0xf9632005,
0x8c0b860f,
0xf0f95c58,
0x0c980b86,
0x2301f955,
0x86b5f240,
0xf94e0e07,
0x74870686,
0x480586b5,
0x8602f947,
0xf9401c0b,
0x04870686,
0x391c0686,
0x0b8604f9,
0x86f9321c,
0x86048706,
0xf92b1c06,
0x1c0b8608,
0x0686f924,
0x06860487,
0x10f91d1c,
0x161c0b86,
0x870686f9,
0x1c068604,
0x8620f90f,
0xf9081c0b,
0x04870686,
0x011c0686,
0x0b8640f9,
0x86f8fa1c,
0x864c8606,
0x86f31c06,
0x863a9d05,
0x86ec1c08,
0x8600bf05,
0xf8e51c08,
0x8d0b8601,
0x86f8de72,
0x86508b06,
0xd7728d06,
0xdc1c0586,
0xd01c0786,
0xdc1c0786,
0xc91c0586,
0x0b8602f8,
0x86f8c21c,
0x866c8b06,
0xf8bb1c06,
0x1c0b8604,
0x0686f8b4,
0x06866c8b,
0x08f8ad1c,
0xa61c0b86,
0x8b0686f8,
0x1c06866c,
0x8610f89f,
0xf8981c0b,
0x508b0686,
0x911c0686,
0x098620f8,
0x00e0021c,
0x002f91bf,
0x86f001f1,
0x0686f800,
0x0686588b,
0x40f87f24,
0x78400b86,
0x04820586,
0x711c0886,
0x0b8680f8,
0x05866a1c,
0x08860482,
0x01f8631c,
0x708d0b86,
0x8105865c,
0x8d088668,
0x05865570,
0x0886bb1c,
0x07860084,
0x0686bb1c,
0x02f80084,
0x401c0b86,
0x04820586,
0x391c0886,
0x0b8604f8,
0x0586321c,
0x08860482,
0x08f82b1c,
0x241c0b86,
0x04820586,
0x1d1c0886,
0x0b8610f8,
0x0586161c,
0x08860482,
0x20f80f1c,
0x081c0b86,
0x7c810586,
0x011c0886,
0x10a10586,
0x001c0686,
0x0586faf0,
0x068664bd,
0xf3f0001c,
0x0b8680ff,
0x86ffec1c,
0x86008406,
0xffe51c06,
0x8d098601,
0xdef00070,
0x830686ff,
0x8671de64,
0x86d70e04,
0x86df1c05,
0x86d01c07,
0x86df1c07,
0xffc91c05,
0x1c0b8602,
0x0686ffc2,
0x06860084,
0x04ffbb1c,
0xb41c0b86,
0x840686ff,
0x1c068600,
0x8608ffad,
0xffa61c0b,
0x00840686,
0x9f1c0686,
0x0b8610ff,
0x86ff981c,
0x86008406,
0xff911c06,
0x1c0b8620,
0x0686ff8a,
0x06867883,
0x40ff831c,
0x7c1c0b86,
0x7c810586,
0x751c0886,
0x0b8680ff,
0x05866e1c,
0x08867c81,
0x01ff671c,
0x1c8d0986,
0x8660f000,
0x86608105,
0x001c8d06,
0xe0ff59f0,
0xaeb3734b,
0x80f01668,
0x42d12a56,
0x99068646,
0x33f84660,
0x5422c046,
0x22048621,
0x4633ff48,
0x06864632,
0xfd89289c,
0x28004681,
0x81aef040,
0xf04f48d3,
0xf0010b04,
0xf8c7f8f7,
0x08869014,
0xf7fd1a9a,
0x9b05861d,
0x00d50530,
0xb8068623,
0x28f0004e,
0x00f1baff,
0x4f4ec80f,
0x180304f0,
0x4f469bbf,
0x860900f0,
0xd0031204,
0x45992302,
0x4699bfb8,
0x8614464a,
0xfd5ec206,
0xda022800,
0xf0014630,
0xf109f8cc,
0x45cb0901,
0x0486dcea,
0x3a08862a,
0x04862600,
0xa2f0000e,
0xb82e0282,
0x022602bf,
0xcdf8952e,
0xcff89520,
0xe3f04030,
0x0ff00382,
0x4fe29b03,
0xfe0b04f0,
0xc7ba93f7,
0xfeb014f8,
0xabba90f7,
0xa5f00148,
0x0786f3f8,
0xf00002b0,
0x0486fece,
0x05864b0c,
0xc0fec80c,
0x2eb50786,
0x86c2f000,
0x86a60c05,
0xfebc0c05,
0x06864632,
0xf0002eb5,
0x4632feb6,
0x2eb50686,
0x86b0f000,
0x862b1805,
0x86aa1805,
0x86961805,
0xfea41805,
0x2eb50886,
0xfeb1f000,
0x2eb50886,
0xfeabf000,
0x22024633,
0x820586e3,
0x0586a506,
0x0686709f,
0x86fe9f0c,
0x002eb508,
0x86fe99f0,
0x002eb508,
0x86fe93f0,
0x002eb508,
0x86fe8df0,
0x002eb508,
0x86fe87f0,
0x002eb508,
0x33fe81f0,
0xa7f7fe46,
0x022b06ba,
0xfe2310dc,
0x0bbb2df7,
0x20bfd82b,
0x30bfc823,
0x26f7fe23,
0xf32b04bb,
0xf52b09dd,
0x082b06e7,
0x078654dc,
0xf0000ca8,
0x2305fe66,
0xbdf8f7fe,
0xdc082b0b,
0x160986a8,
0x230afe5b,
0xbdedf7fe,
0x6a0986fc,
0x230ffe52,
0xbde4f7fe,
0xdde02b04,
0xe7e82b09,
0x22102300,
0x2c05868e,
0x2300fe45,
0xbe5af7fe,
0x86202300,
0x863c1207,
0xbe641205,
0x86402300,
0x86331207,
0xbe6f1205,
0x86802300,
0x862a1207,
0xbe791205,
0x68a00686,
0xfedcf001,
0x08862301,
0x02fed60c,
0xfe220323,
0x02bf3ef7,
0x10d1202b,
0x2c9f0786,
0xfdfdf000,
0x9f078680,
0xf7f0002c,
0x389f0586,
0x0c058622,
0x8600fdf1,
0x002c9f07,
0x74fdebf0,
0x2c9f0786,
0xfde5f000,
0xf7ff2285,
0x2b03b828,
0x8602d120,
0xfdda4609,
0x46098608,
0x8610fdd4,
0x86ce4609,
0x06865e05,
0x31fdc846,
0xc2460986,
0xff2274fd,
0x00b805f7,
0xb9420986,
0x864620fd,
0xf0002c06,
0x68abfdb3,
0xd50d0118,
0xaa540a86,
0xa4540b86,
0xda2238fd,
0x100486e7,
0x9c1c0686,
0x56a00586,
0x961c0686,
0x098648fd,
0x71fd9064,
0xd3f7fe22,
0x860686bf,
0x93f7fd66,
0xdbf7fefe,
0x00bf00bf,
0x9b000000,
0xc7f1002f,
0x69f1002f,
0x86f1002f,
0x005cba08,
0x058677f0,
0x068668ba,
0xfd712e85,
0x5cba0886,
0x866bf000,
0x06860c05,
0xfd652e85,
0x2e850a86,
0xbf05865f,
0x8506865a,
0x0586592e,
0x85068618,
0x0586532e,
0x85068618,
0x86fd4d2e,
0x5a2e850a,
0x850a86fd,
0x86fd542e,
0x005cba08,
0x86fd4ef0,
0x005cba08,
0x86fd48f0,
0x422e850a,
0x850a86fd,
0x86fd3c2e,
0x362e850a,
0x850a86fd,
0x86fd302e,
0x2a2e850a,
0x098640fd,
0x86fd240c,
0x005cba08,
0x86fd1ef0,
0x0072a508,
0x86fd18f0,
0x005cba08,
0x40fd12f0,
0x88088623,
0x10fd0c78,
0x07863023,
0x02fd060c,
0x89088623,
0x38fb4704,
0x4f48ccb9,
0x000a01f0,
0x02feb8f0,
0xbf617b23,
0x870a86e5,
0x86fcde60,
0xd860870a,
0x870a86fc,
0x0586d260,
0x8206860c,
0x86fccc32,
0xc632820a,
0x820a86fc,
0x0586c032,
0x82068618,
0x0586ba32,
0x82068618,
0x86fcb432,
0xc132820a,
0x0ebd0986,
0xfcbbf000,
0x60870a86,
0x0a86fcb5,
0xfcaf6087,
0x32820a86,
0x0a86fca9,
0xfca33282,
0x32820a86,
0x0a86fc9d,
0xfc973282,
0x32820a86,
0x4633fc91,
0x0ebd0686,
0xfc8bf000,
0x32820a86,
0x0a86fc85,
0xfc7f3282,
0x32820a86,
0x0a86fc79,
0xfc733282,
0x08864633,
0xfc6d3282,
0x82098601,
0x00faae32,
0x75f04028,
0x86487f82,
0xf07cbf05,
0x2301fe1d,
0xb94ee763,
0x30cef895,
0x20ccf895,
0x030ff003,
0x020ff002,
0xe00c1a9b,
0xf47f2e01,
0x0a86ad53,
0x0203f01a,
0x9b02f0f0,
0xaa111b1a,
0x6ab00586,
0x6200f012,
0x2200d035,
0x92039301,
0x9202230a,
0x9300210c,
0x46332204,
0xf0064620,
0x2800fce1,
0x4867d037,
0xfdecf000,
0x20b10886,
0x693bdd1e,
0xf10007da,
0xf895812b,
0x221c80f2,
0x46112300,
0xf000485f,
0x221cfcbf,
0x46112301,
0xf000485c,
0x0486fcb9,
0xfdfdd206,
0x86bfa3f7,
0x2603720a,
0xe7c4111b,
0x9203e7fe,
0x9202210c,
0x93014620,
0x230a2203,
0x46339300,
0xfcacf006,
0x484db118,
0xfdb8f000,
0x3601e7fe,
0xf73f45b3,
0x68abacf2,
0x8c0d8618,
0x86fbec78,
0x863c8c0e,
0x1a10ac06,
0x160486d0,
0x0686d002,
0x2300428c,
0x93032204,
0x9302210c,
0x86600486,
0xf0055c04,
0xb1b8fd56,
0xf0004839,
0x8109868a,
0xfedc9d44,
0x039303e7,
0x0c930222,
0x20930121,
0x28068646,
0xb118fd42,
0xf000482f,
0x81078676,
0xabdcce04,
0x04011968,
0x870886d5,
0x28fca45e,
0x3a2b004b,
0xc20686d1,
0x86d0317a,
0x9f28830a,
0x1a810586,
0xf04fd007,
0x0a860b04,
0xfb946485,
0x608d0686,
0x1c810886,
0x30810586,
0x01697b6f,
0xfbd03093,
0x00220468,
0x33210c93,
0x26ab0586,
0x2800ffe3,
0x4812d039,
0x8638f000,
0x3f248109,
0xfeaf4bf7,
0x620886e7,
0x810d866e,
0x00e7d27c,
0x002fa9bf,
0x002fb8f1,
0x002fd2f1,
0x020098f1,
0x002fe8f0,
0x002feff1,
0x000000f1,
0x002ffc00,
0x0c2303f1,
0x21960022,
0x18f10746,
0x20f00200,
0xbb69fafc,
0x04320169,
0xaf4631d1,
0x04f00048,
0x01e7fefd,
0x01d0f833,
0xac45b336,
0x148f1386,
0x34810886,
0xfa5f4ba5,
0x4aa4f984,
0x49a44648,
0x3026f813,
0x2026f812,
0x1026f831,
0xfb45f000,
0x4aa14ba1,
0x49a14680,
0x0e864648,
0x0686381a,
0x7b6f2aaf,
0x04d01b69,
0x03230093,
0x05860493,
0x68fb6a82,
0x93014620,
0x93006cfb,
0xf0044633,
0xb328fddd,
0x84058693,
0x810a8638,
0xfeaed272,
0x9df04fe7,
0xa8e6d308,
0x020000eb,
0x0ff00093,
0x01230300,
0x810a8690,
0xc7f0034a,
0x810a86f9,
0x0048844a,
0x86fc9ff0,
0xa14a810a,
0xad0c86dc,
0xd3f0003a,
0x4aad0586,
0x66ac0886,
0x86cbf000,
0x08861005,
0xf0003aad,
0x1a86fac3,
0xf0003aad,
0x2e0586b4,
0x3aad0886,
0xfaacf000,
0xf3c668ae,
0xb97666c0,
0xa0560e86,
0x864633fa,
0x003aad08,
0x058699f0,
0xad068654,
0x86d12b3a,
0x0032ad08,
0x86fa7af0,
0x0032ad08,
0x86fa74f0,
0x0032ad08,
0x86fa6ef0,
0x0032ad08,
0x86fa68f0,
0x0032ad08,
0x86fa62f0,
0x0032ad08,
0x42fa5cf0,
0x427010f2,
0x24fec1f5,
0xbd46bd37,
0x028ff0e8,
0x0b861f2b,
0xfa4c628e,
0x628e0a86,
0x68058646,
0x405c0686,
0x8e0a86fa,
0x86fa3a62,
0x34628e0a,
0xd02285fa,
0x222b03e7,
0x004835d1,
0x86fbfef0,
0x27668e0a,
0x8e0a86fa,
0x86fa2112,
0x1b128e0a,
0x86620586,
0xfa154a06,
0x668e0a86,
0x2274fa0f,
0x0a86e7ab,
0x8607648e,
0xfa01280b,
0x861b68ab,
0xf8648e0d,
0x520a86f9,
0x2238f9f2,
0x8e0b86db,
0x86f9ea64,
0xe4648e0a,
0x8e0a86f9,
0x71f9de64,
0x0ce77a22,
0xaaf00048,
0xb3f7fffb,
0x003013ba,
0x00a288f1,
0x00a298f1,
0x00a2a8f1,
0x00a2b8f1,
0x00a2c8f1,
0x00a2d8f1,
0x00302cf1,
0x003049f1,
0x003063f1,
0x86306df1,
0x090c8606,
0x04000000,
0x0a000000,
0x10000000,
0x0b000000,
0x14000000,
0x0c000000,
0x20000000,
0x0d000000,
0x24000000,
0x0e000000,
0x30000000,
0x0f000000,
0x34000000,
0x402c0786,
0x12000000,
0x44000000,
0x50340786,
0x16000000,
0x54000000,
0x18000000,
0x60000000,
0x17000000,
0x64000000,
0x11000000,
0x70000000,
0x13000000,
0x74000000,
0x15000000,
0x107d0486,
0x00190000,
0x10040000,
0x861a0000,
0x00104404,
0x04861c00,
0x00001078,
0x7804861d,
0x1e000010,
0x10780486,
0x861f0000,
0x86107804,
0x67148106,
0x63207465,
0x6166206c,
0x0a0d6c69,
0x6d0e0586,
0x6c762072,
0x86657561,
0x69481408,
0x31206867,
0x74696236,
0x0a0d2073,
0x776f4c00,
0x690e0b86,
0x4254206e,
0x6e697020,
0x8678756d,
0x70721004,
0x69627265,
0x000a0d74,
0x0a098677,
0x05863233,
0x646f6d2e,
0x4f048665,
0x863d0786,
0x864c0f07,
0x73700f0e,
0x05866b64,
0x77000a79,
0x65746972,
0x76656c20,
0x6e696c65,
0x81088667,
0x2045520e,
0x000a0d4b,
0x6e657371,
0x86290686,
0x44411405,
0x4552565f,
0x59425f46,
0x46204554,
0x214c4941,
0x42000a21,
0x86206425,
0x59451b05,
0x864b5f45,
0x04861707,
0x49525719,
0x0a864554,
0x49425f31,
0x0d865453,
0x21068636,
0x46371086,
0x494d2042,
0x0a0d204e,
0x65686300,
0x44206b63,
0x81088651,
0xb5800001,
0x21002301,
0x461aaf00,
0xf8cef000,
0xb580bd80,
0x22012300,
0x4619af00,
0xf8c6f000,
0xb598bd80,
0x21cef240,
0x0486238f,
0x00460422,
0x01f8bcf0,
0x0ff54220,
0x8f2380fd,
0x1a048622,
0xf0004620,
0x140586b2,
0x238ffd05,
0x86120486,
0xa8228f06,
0xfb140586,
0x140486fc,
0x140786cd,
0x1405869e,
0x0686fcf1,
0x0686cd3c,
0x0586008c,
0x0d86e714,
0x05868a28,
0x0586dd14,
0x865a20af,
0x86812605,
0xfcd41205,
0x865a2380,
0xf8782407,
0x0000bd98,
0x04860001,
0x08068604,
0x4b0ab5b0,
0xaf00b082,
0xf1074c09,
0xeb050508,
0xe8870080,
0x37080018,
0x5c08f850,
0x13f8f8c5,
0x0022f855,
0x46bdb2c0,
0xbf00bdb0,
0xf0188000,
0xf00f8000,
0x2afeb5f0,
0xb0834d0d,
0x860daf00,
0x06063604,
0x3d0080eb,
0x50607c60,
0x046c08f8,
0xf8f8c6d1,
0xbd370c33,
0x86bdf046,
0xc00c1407,
0x4613f8f8,
0xf33022f8,
0x440a86e7,
0xaf00b580,
0xbd806800,
0x6001b580,
0xbd80af00,
0x4070f100,
0xf500b580,
0x08863000,
0x03f3c018,
0x1a048620,
0xb2c0b580,
0xca080686,
0x03f3c1b2,
0xffaf0021,
0x86ffa4f7,
0x46131004,
0xaf00b2ca,
0xff140486,
0x80ffb5f7,
0x14b598bd,
0x92120b86,
0x984020ff,
0xf8e92dbd,
0x0486cc43,
0x46992638,
0x46314615,
0xaf004622,
0xf7ff4680,
0xea20ff83,
0xea050005,
0x46220509,
0x46314305,
0x4640b2eb,
0xbd340486,
0x8683f8e8,
0x04865a04,
0x0586e166,
0x05861c54,
0x20ffd10c,
0x98b2c041,
0x00b598bd,
0x047c3caf,
0xdbf303fa,
0xd0f7ffb2,
0x620686ff,
0x460e4605,
0x4690af00,
0x240a4699,
0xf5422002,
0x4631fc1a,
0xf7ff4628,
0xea00ffa5,
0x45480008,
0x3c01d004,
0x4620d1f2,
0x6edd0586,
0x06048620,
0x41f0e92d,
0xdd058680,
0xff461e2a,
0x04ffddf7,
0x29b94846,
0xff464046,
0x32ff8bf7,
0x29460346,
0x00480346,
0x86f95ef0,
0x81f03404,
0x338cbf00,
0xe92df100,
0x250043b0,
0x83058616,
0x4f4a1530,
0x4f0800f0,
0x530900f0,
0x074021f8,
0x120108f1,
0x0586014b,
0x000c3e83,
0x00a42203,
0x1c08f850,
0x747ff404,
0xf8c1440c,
0x462a23f8,
0x0b04f854,
0x35082100,
0xeaf2f542,
0xea482d40,
0xea490800,
0xd1f20901,
0x46494640,
0x8b058608,
0xe883b07a,
0x86f1009d,
0x4220830a,
0x00400a40,
0x804050af,
0xb03101bd,
0x016805b5,
0x04af0024,
0x94f101fa,
0x02fa0340,
0x6a1b09f2,
0x69401140,
0xb0600140,
0x860586bd,
0x7968701f,
0x78305b20,
0x78333025,
0x30253d5d,
0x65207832,
0x726f7272,
0x0486203a,
0xff000a0c,
0x00ffffff,
0x86000000,
0x04860404,
0x20b59004,
0x000403f0,
0xc00003f0,
0x2322ff00,
0x82b2c968,
0x23af0040,
0x010302ea,
0x18f000fa,
0x90602043,
0xf0e92dbd,
0x91460e47,
0x00b09446,
0x3d469aaf,
0x7cb99846,
0x3821301c,
0xe0f7ff46,
0xb146a0ff,
0x2145a846,
0x08eba4d1,
0x30210004,
0xd6f7ff19,
0x504620ff,
0x448d0686,
0xb0463c87,
0x09f8f9fb,
0x500018fb,
0x03f02044,
0x68048603,
0x462000c1,
0x681b3401,
0xf101fa23,
0xf7ffb2c9,
0x4640ffbe,
0xd1ea2800,
0xf108e7d9,
0x464838ff,
0x0303f028,
0x0901f109,
0xf0086819,
0x00db0303,
0x048640d9,
0xcbffab26,
0x4fb580e7,
0x007082f4,
0xacf7ffaf,
0x80b2c0fe,
0x0bb5b0bd,
0x23af004c,
0x0e330168,
0x80f44fd1,
0xa0f7ff70,
0x864605fe,
0xb2ad0a04,
0xfe9af7ff,
0xf4000a00,
0x43282070,
0x68206020,
0xbf00bdb0,
0xf10033b0,
0x0486b580,
0xa0ffe240,
0x6f20e4f5,
0x1863cef4,
0x09280444,
0x032301d8,
0x10f000fa,
0x4f0f15f0,
0x1830fff0,
0x802002bf,
0x0a0486bd,
0xb598bd80,
0x84058604,
0x0486c978,
0xf46f2332,
0x441362ce,
0xd80a2b04,
0x40982001,
0x0015f010,
0x2c02d006,
0x2000bf88,
0x2001bf98,
0x2000bd98,
0x32098698,
0x1b03ffca,
0x41584258,
0xa7120a86,
0x0b440d86,
0x07440986,
0x011ee0d0,
0x460e8628,
0x460db5b0,
0x36058614,
0xb908ffbe,
0xbdb02000,
0xffa1f7ff,
0xd1f94285,
0xf7ff4620,
0x3000ffd6,
0x2001bf18,
0x4b03bdb0,
0xaf00b580,
0x60597018,
0xbd80609a,
0x33b4bf00,
0x8602f100,
0x86781406,
0xb40f1008,
0x4ff0e92d,
0xb08b4e7d,
0x2e00af00,
0x80eef040,
0x0950f107,
0xf8594634,
0x78152b04,
0x0801f102,
0xf0002d00,
0x2d2580e3,
0x80cef040,
0x2b2d7853,
0xf102d02a,
0x22000802,
0x2b30607a,
0xf898d129,
0xf1083000,
0xf04f0801,
0x25000b01,
0xf1a3200a,
0xb2d10230,
0xd91f2909,
0x86092b2e,
0xf10b1e05,
0x04860b01,
0x1a048622,
0xd9182a09,
0xd01d2b64,
0x2b58d818,
0x2b63d01a,
0x4618d05a,
0xf54246ca,
0xe052fb5c,
0x0803f102,
0x22017893,
0xf04fe7d2,
0xe7d80b00,
0x2505fb00,
0x3b01f818,
0x0486e7d5,
0x73e7df06,
0x78d0382b,
0x09d1e62b,
0xd90a04f1,
0x640000f8,
0x78d0052b,
0x58d0242b,
0x4ed1292b,
0x00e0214b,
0x40da1b28,
0x2df04f42,
0x0a4b4b09,
0x08f10722,
0x08f10701,
0xaef7ff04,
0xad4606fe,
0x00f1b91b,
0x01d02a0f,
0x00f1bb3d,
0x48d0750f,
0x22f54246,
0x4b687bfb,
0x30f04fb3,
0x4fe0370b,
0xe30900f0,
0x104b3ee7,
0xff380586,
0x06fe94f7,
0x3e048646,
0xf8d9e007,
0x04864000,
0x06462072,
0x06e800f0,
0x6ea50586,
0xf899e7d7,
0x04860000,
0xfff54216,
0x86e04bfa,
0xd1d85404,
0xb33b687b,
0x0b20f04f,
0xf8d7e010,
0x04869004,
0x00462b58,
0x6bdc202b,
0xe5ea251e,
0x05865d75,
0x86020281,
0xfae57a05,
0xeba646a1,
0x44230309,
0xdc172b00,
0x73e6ea26,
0x441c3e01,
0x687b1af6,
0x2d00b32b,
0x4658dd23,
0xf5423d01,
0xe7f8fad2,
0xdb500486,
0x3b4658e7,
0xcaf54260,
0x01683bfa,
0x19e7d53b,
0x58bb01f8,
0xc2f54246,
0x0af1bbfa,
0x0dd1da0f,
0xbcf54220,
0x28e7d6fa,
0xb8f54246,
0x022d0afa,
0xb3120586,
0xd146cafa,
0x1c464246,
0x00687be7,
0x86d0da2b,
0xe7c04a04,
0x862c2000,
0x4f7e8606,
0x4770b004,
0x00000000,
0xf10037d2,
0xf10037b6,
0x068637c1,
0xe7fe0086,
0x33323130,
0x37363534,
0x86003938,
0x62610b0a,
0x66656463,
0x41110b86,
0x45444342,
0x2d000046,
0x0c43f8e9,
0x00461646,
0x002210af,
0xff460521,
0x04fd0ef7,
0x2546812c,
0x862c03d0,
0x3f7e8906,
0x1fbf0804,
0xd5b2e424,
0x05862221,
0xfcfe708a,
0xb2db1983,
0x21d54622,
0x010e0486,
0x00f1b9fd,
0x1fd10c0f,
0x10068622,
0xf100fcef,
0xb2db0310,
0x86d64642,
0xfcf11005,
0x83f8e8bd,
0x081ff04f,
0xe7dc243f,
0x4ff8e92d,
0xf04f2a03,
0xf04f0308,
0xbf180400,
0xaf002310,
0x46164605,
0x46a1469a,
0x200146a0,
0xf92ff542,
0x863e2280,
0xfcca3a05,
0x46832240,
0xc40c0686,
0x80f1bbfc,
0x40d0140f,
0x52d01228,
0x28463146,
0x01f10846,
0xa0f7ff08,
0x3ff1b8ff,
0xb9dc040f,
0x010f40f1,
0xdd2c00d0,
0xfff04fd0,
0xf8e8bd30,
0x3004868f,
0x2840d113,
0x2440d021,
0x32fff04f,
0x2c8c0686,
0x0886ff88,
0x80fc9b5e,
0x01d11928,
0x40d1f03c,
0x40e7dc24,
0x86220124,
0xff772206,
0x22078640,
0x2840fc8a,
0x3c01d108,
0xe7edd1f1,
0xf1092001,
0xf5420901,
0xe7c6f8e0,
0x04862000,
0xea088660,
0x002a0004,
0x10809ff0,
0x182801b1,
0xd32210bf,
0x1f4620b2,
0x88f44f22,
0x74f7ff71,
0x422001fc,
0x86f8c7f5,
0xff64c808,
0x02fc6bf7,
0x48e40786,
0xfc65f7ff,
0xf0402d03,
0x23008089,
0xa1058610,
0x5cf7ff26,
0xff2302fc,
0x4df24022,
0x550e0586,
0xff23fcfc,
0x13f44f22,
0x0e048671,
0x2310fc4e,
0xf240221f,
0x1c058643,
0xc0078647,
0x05861020,
0x20fc401c,
0x1ce00586,
0xff100486,
0x02fc39f7,
0x8cf54220,
0x4af240f8,
0x162c0586,
0xf80683fc,
0x3c0486d5,
0x10058647,
0x221ffc1f,
0xf44f4606,
0x3c058612,
0x4633fc18,
0x221f4605,
0xf2404620,
0xf7ff2141,
0x462bfc1a,
0x04864620,
0xff21422e,
0x33fc13f7,
0x4f0e0586,
0xff711df4,
0x07860cf7,
0x1cf44f1c,
0x05f7ff71,
0x401c0786,
0xff2175f2,
0x86fbfef7,
0x21713808,
0xfbf7f7ff,
0x810b8680,
0xc0fbf012,
0x400e0586,
0xff2177f2,
0x20fbe9f7,
0xae068646,
0x1c048644,
0x2000fbe2,
0x2310bdf8,
0x34820886,
0xe767fbda,
0xf47f2d04,
0x2310af7a,
0xe772461a,
0x7c970686,
0x068601c7,
0x0009508d,
0x86cc0000,
0x04860c07,
0x0786c304,
0x0000050c,
0x0786c800,
0x0704860c,
0x0c0786c4,
0x00000006,
0x0c0786c9,
0x00000007,
0x0c0786ca,
0x00000008,
0x0c0786cb,
0x86606086,
0x86ec0c04,
0x86e4540b,
0x86ed6c0b,
0x86e5540b,
0x86ea540b,
0x00020c07,
0x86e60000,
0x86eb600b,
0x00030c07,
0x86e70000,
0xe840810b,
0x28810b86,
0x787886e9,
0x23780b86,
0x86410486,
0x86187807,
0x04860c07,
0x07862478,
0x2b04860c,
0x0c078619,
0x21780486,
0x860c0786,
0x861a0704,
0x04860c07,
0x07862278,
0x7804860c,
0x0c07861b,
0x1c780486,
0x860c0786,
0x86207804,
0x78860c07,
0x920c8678,
0x08088670,
0x2301b5b0,
0x11c1f240,
0x461aaf00,
0xf7ff4605,
0x2400fa6f,
0xf44f2201,
0x462871f0,
0xfa5ef7ff,
0xd1f62800,
0x2c033401,
0xf240d1f4,
0x048611cf,
0x4ffa4314,
0x0471e7f4,
0x02890586,
0xea40fa3d,
0xbdb02004,
0x990786b0,
0x4a048670,
0x4c460486,
0x3b460d86,
0x20461386,
0x1a460b86,
0x01460986,
0xf1f44f23,
0x81088671,
0x0586290c,
0x13f24046,
0x64890586,
0x460d8618,
0x14058602,
0xf240f9fd,
0x06862101,
0x86f9f746,
0x860c810e,
0x04864a04,
0x0d860646,
0x86f9f546,
0x86da4612,
0x86d4460b,
0x23014609,
0x8616f240,
0x86549b05,
0xf9e34604,
0x3b460686,
0xd2320586,
0x27460d86,
0xb7140586,
0x26f240f9,
0xb1460786,
0x0c810f86,
0x864a0486,
0x86c04604,
0x86af460d,
0x86944613,
0x868e460b,
0x29094609,
0xaf02b082,
0x2a09d813,
0xb2c5d811,
0x2304b2cc,
0xf44f22f0,
0x462871e0,
0xf7ff9400,
0x9400f9bd,
0x220f2300,
0x86f8f44f,
0xb5708205,
0x8646bdf9,
0xf2403618,
0x068611e1,
0x00f9a236,
0x12068694,
0x830586ef,
0x1d869a12,
0x86211536,
0x86873606,
0x08866c07,
0x05867f36,
0xf0000036,
0x0c2909b5,
0x1eb08346,
0x2caf0246,
0x2a2a09d8,
0xc54b17d8,
0xf64a17b2,
0x137f38b2,
0x123021f8,
0x142021f8,
0x24f83149,
0x86900010,
0xf9633804,
0x4a124b12,
0x49124628,
0x3024f813,
0x2024f812,
0x961c0586,
0xf956f7ff,
0x4a0f4b0e,
0x7e38490f,
0x861a0d86,
0xf9483605,
0x9c058604,
0x60bf004a,
0x88f1009b,
0xb0f1009b,
0xe8f1009b,
0x10f1009a,
0x38f1009b,
0xc0f1009b,
0x98f100a3,
0xc0f1009a,
0x86f1009a,
0x19148130,
0x14811986,
0x811b860c,
0x86f8fe14,
0x20148108,
0x48f1009a,
0x70f1009a,
0xa8f1009a,
0xd0f10099,
0xf8f10099,
0x98f10099,
0x58f100a3,
0x80f10099,
0x81328699,
0x86f8cf14,
0xc2148118,
0x811a86f8,
0x0986b414,
0x98e01481,
0x9908f100,
0x9930f100,
0x9868f100,
0x9890f100,
0x98b8f100,
0xa370f100,
0x9818f100,
0x9840f100,
0xe92df100,
0x25004ff0,
0xb194f8df,
0xaf02b08d,
0x46884604,
0x46da46a9,
0x61fd61bd,
0x60fd613d,
0x623d617d,
0xf8db627d,
0x22003000,
0x46204641,
0x6a3b4798,
0x22004641,
0x46209301,
0xf8cd6a7b,
0xf8db9000,
0x47b06004,
0x3008f8db,
0xdb1e0486,
0xb8200cf8,
0x90462060,
0x20120486,
0x0a058678,
0x048668bb,
0x20440316,
0x9060bb46,
0x86687947,
0x44011a04,
0x60794620,
0x7b1c1086,
0x4368796a,
0x3b0209ea,
0x1344086a,
0x0468bb43,
0x384283d1,
0x281ac5bf,
0xda1a1dbf,
0xda2010f8,
0x1d4283b9,
0x86d85ed3,
0x8f5c9407,
0x464a6a3b,
0x2101627b,
0xe00361b9,
0x464a6a7b,
0x230161bb,
0x60f96a39,
0xf8c76a79,
0x46919010,
0x22016179,
0x623a627b,
0x2a01e79e,
0x4283d1e4,
0x6a7ad93c,
0x86192a01,
0x1ac05605,
0x1a18bf28,
0x428369fb,
0x86dad2d7,
0xfb60810b,
0x3b930168,
0x7b930069,
0x04f8da69,
0x16068650,
0xe7c547a8,
0xc3340486,
0x1bbf281a,
0x13f1b91a,
0x0e61fb0f,
0xab69fbd9,
0x86d9b942,
0x23003c0c,
0x93009301,
0xe2380486,
0x006a3be7,
0xbbd0ae2b,
0x01f10961,
0xb36a7b02,
0xbad2a4e7,
0x011ac069,
0xbae0022a,
0x011a1869,
0x7bd0c12a,
0x0161f86a,
0x86d1a22b,
0xd9035004,
0x429d69fb,
0xe7d7d292,
0x00300686,
0x00e79421,
0x003d24bf,
0x0ab5f8f1,
0x4ef60586,
0xd01e2901,
0xd0372902,
0x864e2900,
0xe02eb905,
0xb1f7fe71,
0x242360ff,
0xf543634e,
0x1e336018,
0x20682a44,
0x11350c46,
0xe5f7ff46,
0x04f815fd,
0x08f8352c,
0xfe46201c,
0xb5ff71f7,
0xf8d1f042,
0x058602bd,
0xf7fe0088,
0x2378ff96,
0x36058618,
0x361b8678,
0x36078656,
0x2115f240,
0xf7fe4e0d,
0x2378ff7b,
0xe6341286,
0x3c340d86,
0x84340786,
0x44f1003a,
0x34f1003b,
0x8406863c,
0x042b0260,
0x02b08546,
0x7a4698af,
0x76f20060,
0xc52b0183,
0x004ed6b2,
0x4f81b7f0,
0x020901f0,
0x00f8cd2b,
0x4f464b90,
0x000206f0,
0x40828bf0,
0x2811c1f2,
0x50f7fe46,
0x180486ff,
0x02890686,
0x47120686,
0x06120586,
0x4f22c023,
0x8671eef4,
0x863e1204,
0x4004c205,
0x2011f1f2,
0x18f8df46,
0x0df7fea3,
0x42c10786,
0x048671f8,
0xfeb30812,
0x058604f7,
0xf24044c2,
0x462011df,
0xfefdf7fe,
0xfe1e0886,
0x86ff11f7,
0x860b180a,
0xe076db05,
0x05180586,
0x820686ff,
0x0c048662,
0x8604feff,
0xfef90c09,
0x707af44f,
0x8631f541,
0x8602d307,
0xfed41606,
0x46098680,
0x8640fee8,
0xfee20c09,
0x499e2260,
0x43622300,
0xeb016133,
0x32600902,
0x0802eb01,
0x46204b9a,
0xf8d94a9a,
0x00861000,
0xc60408e8,
0xb2b00cf8,
0x3cf7ff60,
0x03687bfe,
0xb9d1062b,
0x861004f8,
0xfe8f3c04,
0x0008f8c9,
0x090cf109,
0x86e545c1,
0x86708307,
0xfeb81804,
0x22f02300,
0x04869300,
0x28230410,
0xbdf7fe46,
0x402310fe,
0x0586f1f2,
0xf7fe24c3,
0x2302fe8e,
0x2e0986f2,
0x8682fe87,
0xfe800e0b,
0x0e0b8692,
0x8612fe79,
0xfe720e0b,
0x0e0b8652,
0x8672fe6b,
0xfe640e0b,
0x0e0b8662,
0x8642fe5d,
0x86560e0b,
0xfe4f700d,
0x0e0b8600,
0x1c058648,
0x86e1f240,
0x410e8205,
0x86380586,
0x863a0e08,
0x08867005,
0x0586330e,
0x0e088670,
0x7005862c,
0x250e0886,
0x0b8622fe,
0x32fe1e0e,
0x170e0b86,
0x44810586,
0x100e0886,
0x09700d86,
0x7c810586,
0x020e0886,
0x7c810586,
0xfb0e0886,
0x2a0c86fd,
0x8600fdf4,
0x86ed0e0b,
0x21151c07,
0xe60e0486,
0x810686fd,
0x0e068636,
0x0686fddf,
0x06863681,
0x86fdd80e,
0x86368106,
0xfdd10e06,
0x36810686,
0xca0e0686,
0x810686fd,
0x0e068636,
0x0686fdc3,
0x06863681,
0x86fdbc0e,
0x86368106,
0x86b50e06,
0xfdae700d,
0x36810686,
0xa70e0686,
0x810686fd,
0x0e068636,
0x2a0d86a0,
0x4620fd99,
0x38810686,
0xf7fe2115,
0x2000fd92,
0x8a07860c,
0x88068616,
0x003a8438,
0x003eddf1,
0x003d39f1,
0x003f81f1,
0x003d7ff1,
0x069300f1,
0xf1f44f22,
0x3a860586,
0xf8cdfda1,
0x06868000,
0x06864c90,
0x05869812,
0xc0230612,
0xf3f24022,
0x70860586,
0x0a86fd8f,
0xf04f5e86,
0xf7fe0978,
0x0c86fd5e,
0xb34c5e86,
0xfd55f7fe,
0x5e860c86,
0x0a86fd4e,
0x86625e86,
0x864ac205,
0x865c1806,
0x06860c05,
0x86566282,
0x8666c105,
0xfd500c06,
0x0c098604,
0x0686fd4a,
0x86825e86,
0x8670cf07,
0x86008407,
0x86f12e05,
0xfd390c05,
0x08864642,
0xabfd330c,
0x9823004a,
0x09613346,
0x282904fb,
0xba0a06f0,
0x060f01f1,
0x0b8640d1,
0xfd070e86,
0x46204ba3,
0x4ba26033,
0xf8d96073,
0x4ba11000,
0xb00cf8c6,
0xf7ff60b3,
0x0686fc84,
0xcc06862e,
0x52068606,
0x0e86fcf0,
0xfccd0487,
0x0008f8c9,
0x0801f108,
0x090cf109,
0x0f0af1b8,
0xf44fd1cb,
0x810586f5,
0x4ffcbf5c,
0x0271f3f4,
0xc1660586,
0xebf240fc,
0x02462011,
0xb3f7fe26,
0xe7f240fc,
0x18068611,
0x0b86fcb5,
0xfe967492,
0x03fce8f7,
0x3c870586,
0x86120486,
0xdf3c8706,
0xd7220f86,
0x48c00586,
0x78810686,
0x0686fcc3,
0x06866a87,
0x40e6092e,
0x862116f2,
0xfcc53404,
0x168a0a86,
0xbc120686,
0x86120586,
0x37388306,
0xb3120586,
0x70dd0786,
0x38830a86,
0x9f078682,
0x8306860a,
0xfeb19838,
0x078679f7,
0x06864cde,
0xfc722083,
0x38830a86,
0x86fc0086,
0x8680180a,
0x06860c05,
0xfc7a7284,
0x08864642,
0x04fc740c,
0x6e180986,
0x830686fc,
0xd1068638,
0x1608862c,
0x2220fc49,
0x863af240,
0xfc5d0c05,
0x0c098610,
0x8641fc57,
0x2b388321,
0x058639fc,
0x86383883,
0x37388307,
0x38830986,
0x1286fba8,
0x86143883,
0xf138830f,
0x831286fb,
0x21f24038,
0xe37e0586,
0x1af240fb,
0x83068621,
0x40fbe520,
0x862122f2,
0xd7388306,
0x1bf240fb,
0xd9180786,
0x950b86fb,
0xf7fe9676,
0x8309860c,
0x86211538,
0x03388306,
0x38830786,
0xfb220886,
0x098632fb,
0xfbe71a82,
0x38830886,
0x2d2e0486,
0xfff04fe5,
0x00e63130,
0x003b44bf,
0x003f13f1,
0x004015f1,
0x863dc5f1,
0x491c8e06,
0xa9f1003f,
0x51f10040,
0x0bf1003e,
0x97f1003e,
0x8e05863e,
0xb2c64130,
0xb082461d,
0x46144688,
0xf3c1af02,
0x46300343,
0x220f9300,
0x212c2300,
0xfbc5f7fe,
0xf00300e3,
0xf3c50378,
0x43234402,
0xea434630,
0x22ff13c8,
0x212bb2db,
0x23009300,
0xfbb5f7fe,
0x2307f3c5,
0xff320486,
0x2a230022,
0xfeb2ed21,
0x00fbabf7,
0xff230095,
0x30212922,
0xa4f7fe46,
0x880586fb,
0xb5b08128,
0x2300b2c4,
0x22ffaf00,
0x81058618,
0x00fb903a,
0xff460523,
0x05861722,
0x40fb890e,
0x058605ea,
0x08860099,
0x05861c26,
0x07867d18,
0x05861b26,
0x0786760e,
0xf0e92d26,
0x0d460441,
0x16b08246,
0x02469846,
0x2c2360af,
0xfe461a21,
0x43fb46f7,
0x29463246,
0x20b2e646,
0x91f7ff46,
0x014630ff,
0x00228023,
0x07212c93,
0xfe250023,
0x30fb5ef7,
0x07950046,
0x2c228023,
0x57f7fe21,
0x060e0586,
0x05864023,
0x2bfb500e,
0x05862a46,
0xf7ff14c2,
0x0886ff74,
0x23203481,
0x461a4604,
0x460daf00,
0xf7fe2140,
0x2203fb16,
0x81058641,
0x3cfafe0a,
0x05865b22,
0x00faf90a,
0x05865c22,
0x28faf40a,
0x05864222,
0x00faef0a,
0x43220323,
0xfc0c0586,
0x07bb4dfa,
0x16b60586,
0xfae3f7fe,
0x06864620,
0xf7fe4ab6,
0x0686fadd,
0x048638cb,
0x0b86d70c,
0x86fad118,
0x6c0aa406,
0xdef7fe21,
0xa50686fa,
0x0c048644,
0x2380fad8,
0xa6058640,
0xd2f7fe26,
0x01bdb0fa,
0x81d1062d,
0x07868723,
0xd1fac95a,
0xcf2d0ce7,
0xf8e7f5d1,
0x40460db5,
0x7eb70586,
0x46042143,
0xfaedf7fe,
0x2207bb40,
0x2605863e,
0x2301faac,
0x46062207,
0xaf0e0686,
0x95f240fa,
0x90058631,
0x0486fa00,
0x33460522,
0xa35e0586,
0x0786e0fa,
0xfa943c81,
0xb335b910,
0xbdf82001,
0x8b120886,
0xf62880fa,
0x01e7f4d1,
0x02d0182d,
0x00d0132d,
0x80d1ef2d,
0x7d1c0786,
0xe82800fa,
0x078620d1,
0x00fa760e,
0x02f04f28,
0x00bf0800,
0x40bdf820,
0xec214122,
0xfb2280e7,
0x862003e7,
0x368b8106,
0x28a80686,
0x46984616,
0xd0632e00,
0x864422aa,
0xfa523605,
0x864522aa,
0xfa4d0a05,
0x86462255,
0xfa480a05,
0x86472255,
0xfa430a05,
0x864822aa,
0xfa3e0a05,
0x864922aa,
0xfa390a05,
0x864a2255,
0xfa340a05,
0x864b2255,
0xfa2f0a05,
0x864c22aa,
0xfa2a0a05,
0x864d22aa,
0xfa250a05,
0x864e2255,
0xfa200a05,
0x864f2255,
0xfa1b0a05,
0x865022aa,
0xfa160a05,
0x865122aa,
0xfa110a05,
0x86522255,
0xfa0c0a05,
0x86532255,
0xfa070a05,
0x22872300,
0x0c058640,
0x0686fa14,
0xfef12484,
0x08058641,
0x2801ff47,
0x2803d001,
0xe8bdd09b,
0x865581f0,
0xee488107,
0x078655f9,
0xf9e94881,
0x810786aa,
0xaaf9e448,
0x48810786,
0x8655f9df,
0xda488107,
0x078655f9,
0xf9d54881,
0x810786aa,
0xaaf9d048,
0x48810786,
0x8655f9cb,
0xc6488107,
0x078655f9,
0xf9c14881,
0x810786aa,
0xaaf9bc48,
0x48810786,
0x8655f9b7,
0xb2488107,
0x078655f9,
0xf9ad4881,
0x810786aa,
0xaaf9a848,
0x86e79a22,
0x1e1aab08,
0x0786ff46,
0xf99c2481,
0x810786f0,
0xfff99724,
0x24810786,
0x86fff992,
0x8d248107,
0x078600f9,
0xf9882481,
0x81078600,
0x00f98324,
0x24810786,
0x8600f97e,
0x79248107,
0x0786fff9,
0xf9742481,
0x810786ff,
0xfff96f24,
0x24810786,
0x8600f96a,
0x65248107,
0x0786fff9,
0xf9602481,
0x810786ff,
0xfff95b24,
0x24810786,
0x860ff956,
0x516c8207,
0x098602f9,
0xf95e6c82,
0x6c820686,
0x8631fe3b,
0xfe910805,
0x6c820686,
0xbdf8d09d,
0x34ae0686,
0xaf004604,
0xf2004615,
0x23808217,
0x2d0222f0,
0x80c8f000,
0xf0002d03,
0x2d0180ce,
0x80a2f000,
0x310ef240,
0xf93af7fe,
0xa005860c,
0x05860e48,
0xf9336e85,
0xf2402313,
0x06863113,
0xf92c4c86,
0xf0402d02,
0x048680a2,
0x07862d14,
0x01f92214,
0xae230026,
0xf6224040,
0x058601b2,
0xf9190a81,
0x46324633,
0x8665f240,
0x12048c05,
0x862300f9,
0x865f0e04,
0x864c9706,
0xf44f0e05,
0x8d0586ad,
0x05860450,
0x06866a0e,
0x86f82688,
0x06863604,
0x0586f80c,
0x2d0268fd,
0x868cf000,
0x8c228105,
0x22810586,
0xf2408083,
0x46203106,
0x0805f04f,
0xf8e6f7fe,
0x22032302,
0x8640f44f,
0xf8df4a05,
0x04862303,
0x8106860c,
0x14f8d814,
0x2bf54020,
0x0b8680fd,
0x00f8ff14,
0xb8d16a28,
0xf30801f1,
0xfff04fd1,
0x0586ff38,
0x05869460,
0x0180c060,
0x4fd05f2d,
0x058642f4,
0xfff8af4c,
0x3af24022,
0x05868331,
0x7ff8a838,
0x40468222,
0x058609f2,
0xf8a11082,
0x46812d02,
0x8145f000,
0x47380486,
0x402d0181,
0x4f80d0f0,
0xca0900f0,
0x5146cb46,
0x1bf240e0,
0x98f7fe31,
0x820686f8,
0x05861b44,
0x13f89134,
0x06f24023,
0x30820786,
0x2d01f88a,
0xaf54f47f,
0xf44f2313,
0x81078648,
0x03f8801c,
0x5bf43f2d,
0x4fe752af,
0xfe714af4,
0x058678f7,
0x0c048640,
0xf240e7de,
0xf7fe3135,
0x5207866f,
0xe7d53135,
0x3113f240,
0x0486e77b,
0x40e7783e,
0x75312df2,
0x00f04fe7,
0x40e79608,
0x058615f2,
0x05864f70,
0x863b4081,
0x48408107,
0x40810786,
0x1c058616,
0x4681f841,
0xf38bfa5f,
0x1d220486,
0x42120586,
0x8afa5ff8,
0x4f22fff3,
0x058647f4,
0xf83a7e81,
0x311ff240,
0xf389fa5f,
0x0486227f,
0x4ff83210,
0x7471b1f4,
0x22f240e0,
0x20300586,
0x2c0486f8,
0x0686714f,
0x0786195e,
0x0586235e,
0x0b86121c,
0x05862a5e,
0x07861312,
0x29f2405e,
0x0b100586,
0x4bf44ff8,
0x5e0a8671,
0xf240f803,
0xe0451163,
0x312ff240,
0xf7fd4620,
0x0486fff1,
0x05863d2c,
0xf7fd3c81,
0x0486ffea,
0x4cf44f5e,
0x0e048671,
0x0a86ffe3,
0x0586375e,
0x86ffe42e,
0x86365e08,
0xffdc1005,
0x8639f240,
0xfd3c8109,
0x4fffd4f7,
0x1671b2f4,
0xff465be0,
0x44f44f22,
0xca460586,
0x864653ff,
0x860f3204,
0xffc33205,
0x3112f240,
0x0686464b,
0x40ffbc30,
0x001161f2,
0x9cf7fd20,
0x098600ff,
0xf7fd5e84,
0x0886ffb0,
0xf7fd02b3,
0xde0586aa,
0x8506863c,
0xa3f7fd50,
0x860e0586,
0x01508506,
0x9bf7fd26,
0x160486ff,
0x00abfed3,
0x03fcf003,
0x4209860c,
0x8678ff8f,
0x011ab305,
0x01462031,
0xb8f7fd36,
0x4f2800ff,
0x0833fff0,
0x074698bf,
0x00d1272e,
0x00d1412d,
0x40221323,
0x058613f2,
0xff771881,
0xd0082d02,
0x4f120486,
0x058648f4,
0x03ff6e42,
0x0586062d,
0x2df24012,
0x65240586,
0xbd4640ff,
0x868ff8e8,
0x417e8408,
0x0a0886e7,
0x1ef3e76b,
0xd8142b03,
0xf003e8df,
0x0f0b0702,
0x037a0486,
0xc0230031,
0x4f22ffe7,
0xf97141f4,
0x120486e7,
0xe7f53105,
0xf2402280,
0x86f13106,
0x31021005,
0x0686e7ed,
0x05860660,
0x01ff3560,
0xb3d0bd2d,
0xfff04fe7,
0x00e7c938,
0xf0e92d00,
0x8f460d4f,
0xbcaf02b0,
0xe860b86d,
0x6161fab2,
0xb261bb1c,
0xb34bb24a,
0xdbd11949,
0x89b2d2b2,
0x3af7fdb2,
0x286078ff,
0x51f7fd46,
0xba6dfbfe,
0xf9462869,
0x57f7ff69,
0xbab180fd,
0xfff04f68,
0x53601333,
0x3468b860,
0x109a0786,
0x22a60c86,
0x4ba2e7e1,
0xf8df00a6,
0x18f3928c,
0x4ba062bb,
0x8280f8df,
0xfa89fa5f,
0x627b18f3,
0x18f34b9e,
0x1c62623b,
0x8126f040,
0x46534999,
0xf288fa5f,
0xb2e8b289,
0xff03f7fd,
0x2024f858,
0x3024f859,
0xfb03fa22,
0xd00f4558,
0x0b01f100,
0xf0401c63,
0x498e812a,
0xf38bfa5f,
0x002c0486,
0x86465393,
0xfef33006,
0xf7fd4628,
0x810b8603,
0x02fd091c,
0x01d0b028,
0x31f04028,
0x604b8481,
0x17f0401c,
0xdb4a8181,
0xd2497fb2,
0x340686b2,
0x1c61fed1,
0x3bfff100,
0x8113f040,
0x79520486,
0x7793004a,
0x864b7949,
0x86db2004,
0x86c82205,
0xfdd85605,
0xf8df4b75,
0x18f391d8,
0x4b73617b,
0xf889fa5f,
0x613b18f3,
0x18f34b72,
0x60fb4e70,
0xf0401c62,
0x496c8109,
0x86f24643,
0xfea55807,
0x2024f859,
0x3024f856,
0x40d362f8,
0x429a6afa,
0x80fff000,
0x33014613,
0x1c6362fb,
0x8135f040,
0xb2f24961,
0x302cf897,
0x86439300,
0x93408107,
0xa36a0586,
0x810a86fd,
0x02fca940,
0x50f43f28,
0xcd2801af,
0x4e1c63d1,
0x4f4b4f4a,
0x40793849,
0x868120f0,
0x00128306,
0x38048690,
0x38058677,
0x380b8687,
0x2800fc8d,
0xaf34f47f,
0xfa1f4b45,
0x1c66f983,
0xf885fa5f,
0x810df040,
0x46494b42,
0xb2db4640,
0x4b40607b,
0xfa5f687a,
0x4653fa83,
0xfe4ff7fd,
0xf0402800,
0x26008209,
0x63480486,
0x69480b86,
0x00810586,
0x2801af10,
0x816af040,
0x90d8f8df,
0xf389fa5f,
0xf8df607b,
0x1c60a0cc,
0x80fdf040,
0xfa5f492f,
0x687bf28a,
0x42810686,
0xf85afe2a,
0xf8593024,
0x40d32024,
0xf0004298,
0xf10080fe,
0x1c610801,
0x80eff040,
0xfa5f4925,
0x9300f388,
0x1a300c86,
0x3a810586,
0x720b862a,
0x72058630,
0x2800aed7,
0x8164f000,
0x454e0b86,
0x0486d1c6,
0x12811872,
0x0f4a104b,
0x82068649,
0x44048600,
0x4b0cfdf0,
0x46064a0d,
0x3024f853,
0x7a078652,
0xe6b5d1ae,
0x6a7a6a3b,
0x781b6ab9,
0x88097812,
0xa1e8e6d7,
0xa4f8f100,
0xa1f8f100,
0xa1d8f100,
0xa1c8f100,
0xa1b8f100,
0xa1a8f100,
0xa198f100,
0xa4e8f100,
0x6a3bf100,
0xf08bfa5f,
0x00360a86,
0x73e6d390,
0x0d86744a,
0xe6e406ac,
0x04864b71,
0x6e4a6d26,
0x1eac0e86,
0x58e6e890,
0x2e810986,
0xf47f459b,
0xe6e5ae96,
0x693a68fb,
0x06866979,
0x60e6f34e,
0x61d1241c,
0x5f4a5f4b,
0x3e810b86,
0x4a5bfd91,
0x46834b5c,
0x1024f852,
0x0024f853,
0x458b40c1,
0xaf09f43f,
0x0b01f10b,
0xd1131c61,
0xf18bfa5f,
0x86539100,
0x86e83205,
0x80048705,
0xfb2300fd,
0x0d86df62,
0xe7d96081,
0x3c811286,
0x6a5e0486,
0x862c0586,
0x97068106,
0x86002cf8,
0xe6c71c08,
0x3c810e86,
0x6a3be6db,
0x0a864640,
0x45f7fd3e,
0x3f2800fd,
0x3baef6f4,
0x7a1e466a,
0x86b2f06a,
0x4640580a,
0xfd3ef7fd,
0x810d86e9,
0xfbe7005c,
0x88fa5f68,
0x120b86f0,
0x62e70e90,
0x24b2ee1c,
0x004926d1,
0x8afa5f23,
0x309300f2,
0x89687b46,
0x1ff7fdb2,
0x1d4b20fd,
0x07861e4a,
0x46300682,
0xfd0ef7fd,
0xf1001c63,
0xd11f0601,
0x4a17b2f3,
0x49179300,
0x87098617,
0x00f04f02,
0x05f7fd08,
0x00720586,
0x620c8620,
0xf93a0486,
0x820c86fc,
0x3be7d808,
0x86b2f06a,
0xde06820c,
0x200c86e7,
0x86c8e6e6,
0x86008407,
0x007c8308,
0x6ff47f2e,
0x614b49ae,
0x48d15b1c,
0x48b2db4a,
0x1a880786,
0x9114f8df,
0xfcc2f7fd,
0x46064b42,
0xf883fa5f,
0xd05d2e00,
0x1c623e01,
0x4940d151,
0xfa5fb2f3,
0x0a86f289,
0xfcb73887,
0xf7fd4628,
0x0a86fbc7,
0xfacd4685,
0xf43f2802,
0x2800ad74,
0x46b0d0e2,
0x6afb2600,
0x0906eb0b,
0xfa85fa5f,
0xeb034443,
0x1c6309c9,
0x1007f3c9,
0x0942f3c9,
0x4b2dd134,
0x492e4a2d,
0xb2db9000,
0x4650b2d2,
0xf7fdb289,
0x4b25fc8f,
0x49264a25,
0xf8cdb2db,
0xb2d29000,
0x4650b289,
0x06c6ea48,
0x8682f7fd,
0xfb926a05,
0xea436afb,
0x68bb00cb,
0x605e6018,
0x4a1ae545,
0x850d861b,
0xfbe79f0c,
0x86b2f068,
0xab2a820c,
0xbc46b0e7,
0x134b12e7,
0x0f86134a,
0x46503685,
0xfc57f7fd,
0x4a094b09,
0x1a0d860a,
0xc37a0486,
0x7a1e46e7,
0x49b2f368,
0x53930046,
0xe8e70246,
0x860686a4,
0x0786a82c,
0x08864082,
0xe92d4c82,
0x46894ff0,
0xb0834692,
0x469baf02,
0x4680b2ce,
0x6afc4a2c,
0x1c63492c,
0xd12c4b2c,
0x0030f897,
0x0686b2db,
0x46304881,
0xfc20f7fd,
0x4a284b27,
0x49284630,
0x5028f897,
0xb2d2b2db,
0xb2899500,
0xfc14f7fd,
0x4a254b24,
0xb2db4925,
0x08869500,
0x7bfc0a2c,
0x4093016b,
0x5b940046,
0x49465246,
0xabf7ff46,
0x044640fc,
0x628c0786,
0x865a0486,
0x864e810e,
0xfbf03404,
0x4a104b0f,
0x86104630,
0x0d866005,
0xf7fd9520,
0x4b0bfbe1,
0x860c4a0b,
0x9506820e,
0x0586e7c8,
0x07862088,
0xa4482488,
0x9ce8f100,
0x9d08f100,
0xa438f100,
0x9cd8f100,
0x9cf8f100,
0x68810686,
0x4680461c,
0xaf04b08f,
0x61396d3d,
0x0314f1a5,
0x2b3c60fa,
0xf04fd905,
0x088630ff,
0x1c661eb2,
0x4a814b80,
0xf0404981,
0x0686808d,
0x006d6285,
0xf088fa5f,
0xfb9bf7fd,
0xfa5f2364,
0x4a7bf688,
0x497b4368,
0xfbb01c65,
0x60bbf3f3,
0x867f4b7a,
0x30608e07,
0x89f7fd46,
0x774b77fb,
0xdb49784a,
0x866178b2,
0xfb7f1408,
0x93036d7b,
0x697b4605,
0x93024641,
0xf1079000,
0x68fb0020,
0x693a9401,
0xff41f7ff,
0x33016a7b,
0x6a3bd102,
0xd0bb3301,
0x230446ab,
0x0a00f04f,
0xf1ba61fb,
0x69fb0f01,
0x2301bf08,
0x230061fb,
0x469961bb,
0x2b0069bb,
0x69fbd163,
0x3a3e0486,
0xeb464169,
0x86607b18,
0x697b5804,
0x687b9302,
0x94019300,
0xf7ff68fb,
0x6a7aff19,
0x1c506a3b,
0x1c59d101,
0x1a9bd04a,
0x429368ba,
0x687ddb43,
0xdc432d4b,
0x0f00f1b9,
0x420b86db,
0x0903ebab,
0x86420886,
0xf8cd3e04,
0xf7ff9000,
0x0a86fef8,
0x07866142,
0xb9db5d42,
0xcb0f04f1,
0x00bfc846,
0x01bfd823,
0x86e7b723,
0x6e00830c,
0x300e0586,
0x10088646,
0xfb06f7fd,
0x4a364b35,
0x61784936,
0x78280c86,
0xbb2301e7,
0x0586bb61,
0x00f1b906,
0x0ad0b90f,
0xba0a01f1,
0x870f02f1,
0x63445dd1,
0x284a291c,
0x47f3c54b,
0x28d12905,
0x5c880586,
0x86309500,
0xe7508605,
0x860886fa,
0x840a8650,
0x7bfadd5a,
0x8693016d,
0x414a8206,
0x05860046,
0xfb7d4c82,
0x6a386a7b,
0xf43f3301,
0x3001af17,
0x0ed00686,
0xe7122000,
0x0901f04f,
0x4913e75f,
0x10864630,
0xfaba4e84,
0x10b80686,
0xce180e86,
0x58bf00e7,
0x18f100a4,
0x28f1009d,
0x86f1009d,
0x475c8427,
0x46894680,
0xaf02b082,
0x461d4692,
0x6a7e2400,
0x429c6a3b,
0x0686db02,
0x46234ed2,
0x0060e88d,
0x46494652,
0x34014640,
0xfeb9f7ff,
0x0e86e7ef,
0x2a084cd3,
0xb0834b14,
0x4c154a14,
0xb2c0af02,
0xf1b1dd15,
0xd1093fff,
0x91002103,
0xb2d2b2db,
0xf7fdb2a1,
0x3704fa63,
0xbd9046bd,
0x74b90886,
0x1021f834,
0x94002403,
0x0486e7f1,
0x00d1012c,
0x86e7e821,
0x24001c0c,
0xa2e8e7f0,
0xa2f8f100,
0xa308f100,
0x24810686,
0x4690460c,
0x1c4ab082,
0xaf024681,
0x4b62b2c5,
0x49634a62,
0xf8dfd162,
0x0686a1c8,
0xfa5f4485,
0xf89af688,
0x90000000,
0x5a8f0586,
0x00f8dafa,
0x284a5b30,
0x5b443346,
0x00b2db49,
0x07865a93,
0xf7fd588b,
0x1c05861c,
0x3b044a57,
0x441e4957,
0xb2d24b57,
0xb289b2f6,
0xb2db9600,
0xf8df4628,
0xf7fda17c,
0x4642fa0b,
0x46484621,
0xff90f7ff,
0x916cf8df,
0x4a4f1c63,
0x49504b4f,
0x8164f8df,
0x2400d159,
0x28720686,
0xfd940046,
0x5ff9f5f7,
0x5ff38afa,
0x1ff289fa,
0x86f188fa,
0xf9eb1406,
0x4a464b46,
0x86464628,
0x86947a04,
0xe1429506,
0x444b44f9,
0x0986454a,
0xfd462812,
0x86f9d7f7,
0xdf648206,
0x5fa100f8,
0x86f688fa,
0x864e830c,
0xc44c810a,
0x294b2bf9,
0xda49294a,
0x058600f8,
0x44307688,
0xc0240886,
0x220686b2,
0x0486f9b3,
0x224b251c,
0x2238044a,
0xf6440649,
0xbc0e86b2,
0x00e79240,
0x12088626,
0x06864628,
0x98f7fd14,
0x24f81af9,
0x05861930,
0x07863814,
0x17f98e14,
0x284a184b,
0x0f861846,
0xf7fd02bd,
0x4b14f981,
0x86154a14,
0xe79b180f,
0x28e20c86,
0x3ce20886,
0xf100a288,
0xf100a268,
0xf100a278,
0xf100a258,
0xf100a118,
0xf100a4d8,
0xf100a128,
0xf100a138,
0xf100a148,
0xf100a158,
0xf100a0e8,
0xf100a0f8,
0xf100a108,
0xf1005d80,
0xf100a4c8,
0xf100a0c8,
0x0686a0d8,
0x468b7489,
0xb093b2cc,
0x498aaf02,
0xa068f8d7,
0x63bb63fa,
0x3ffff1ba,
0x4b8762f8,
0x865b4a88,
0x203c8907,
0x2bf7fd46,
0x854b85f9,
0x8546204a,
0x5a8f0786,
0xf922f7fd,
0x4a844b83,
0x10078684,
0x04864d83,
0x82f91826,
0x4004864b,
0x49824a82,
0x865a6028,
0xf90b400b,
0x68180486,
0x7e4b7d60,
0x54497e4a,
0xfe1a0b86,
0xa86efaf8,
0x58465160,
0xbcf7ff46,
0xba6f3bfe,
0xf946586b,
0x19f7fe6b,
0x472800ff,
0xfff04fd0,
0x866efa33,
0x637b1e04,
0x86acf7ff,
0xff09200b,
0xf0002800,
0x6afa838f,
0x20990686,
0x37446af8,
0x08866053,
0x302a2099,
0xf8124620,
0xf831202a,
0xf7fd102a,
0x4b55f8cc,
0x46204a56,
0x04864956,
0x180a861a,
0x4b52f8c0,
0x86534a53,
0xe799160d,
0xa00e0c86,
0xa60e0d86,
0x4f4b4ce7,
0xe3048aea,
0x49627b18,
0x3b18e34b,
0x234b4662,
0x4a61fb44,
0xbb18e34b,
0xe34b4761,
0x45617b18,
0x61180486,
0x637b6efb,
0xb29b4b41,
0x6b7b62bb,
0xf0002b0c,
0x33018338,
0x3ffff1ba,
0xfa5f633b,
0xd13df58b,
0x46284b39,
0xb2de6ab9,
0x86324b36,
0x43049105,
0x79f7fd46,
0x433001f8,
0x32b2c046,
0xb9900046,
0xfd46286a,
0x32f878f7,
0x864e334b,
0x4b2f2004,
0xfa5fb2b6,
0x464bf983,
0xd2058642,
0x62f7fd04,
0x4b3001f8,
0x42b2c046,
0x86900046,
0xf8611206,
0x06866b3a,
0xfde64882,
0x28820a86,
0x2801fe75,
0x2800d045,
0xaf59f47f,
0x637b6b3b,
0x6a7be7b6,
0x881e4628,
0x46316a3b,
0x8000f893,
0x864269fb,
0x4b900804,
0x38f7fd46,
0x37541186,
0x1e69bbf8,
0x86697b88,
0x863b2a04,
0xbd900604,
0x078628e7,
0x86186c84,
0x866c840f,
0x8028850c,
0xe70e865d,
0x0b86586c,
0x6b3b3085,
0xdd3a2b00,
0x3ffff1ba,
0xf58bfa5f,
0x8099f040,
0x46284b71,
0x81058671,
0xb64b7068,
0x314642b2,
0x81068646,
0xeff7fc6c,
0x863801ff,
0xfc12810c,
0x68ffeef7,
0x0586694b,
0x0f86682c,
0xf7fc1482,
0x2e1186d8,
0x867affd7,
0x5c148207,
0x3b6b7bfd,
0xe34b5c63,
0x05867b18,
0x5b62bb06,
0x860c0486,
0x61fb0605,
0x8305865a,
0x06048642,
0x4b53617b,
0x623bb29b,
0x20810886,
0x4b50d16b,
0x6a394628,
0x864fb2de,
0xfc2c8309,
0x86ffa3f7,
0x392c830a,
0x6a04866a,
0x4b49ffa2,
0x81058648,
0x11864818,
0xff8c1881,
0xb2c03001,
0x9000464b,
0x8b120886,
0x830a86ff,
0x01fda422,
0x05867828,
0xae882283,
0x52760486,
0x334b35d1,
0xdb6a394a,
0x5fb2d2b2,
0xfcf08bfa,
0xa0ff6cf7,
0x68050ff1,
0x86416842,
0xae752604,
0x4b25e7b0,
0xf8334628,
0x4b22602a,
0xf8134631,
0x4b22802a,
0x08048642,
0xfc464b90,
0x118655f7,
0xff540682,
0x04864b1c,
0x864b1a2e,
0x05862c04,
0xe7639006,
0x46286b7b,
0x86bb881e,
0x7b088407,
0x8408866a,
0x34f7fc08,
0x840e86ff,
0x33f7fc08,
0x1e69fbff,
0x0586bb88,
0x05860884,
0x8f900e84,
0xba6a7be7,
0x866b796a,
0xaa089506,
0x86bf00e7,
0x581c8918,
0x24840786,
0x0686a138,
0xa0f80889,
0x18890686,
0x02840a86,
0x4ba980c1,
0x86a94628,
0xa93e8205,
0x02840f86,
0x1086feee,
0xfeed4e81,
0x86a14ba1,
0x86a12c05,
0xd76a8211,
0xd62e1186,
0x058698fe,
0x05862a87,
0x4b976106,
0x60fb18e3,
0xbb060486,
0xe34b9660,
0x05867b18,
0x8f603b06,
0x4e9e0586,
0x12810786,
0x9af040f4,
0x494b8c80,
0x204e8c46,
0xf6b2dd46,
0x33462ab2,
0xa9f7fc46,
0x333001fe,
0x2ab2c046,
0x49900046,
0xfc462046,
0x84fea8f7,
0x854e854d,
0xf6b2ad4b,
0x840686b2,
0x0586321a,
0xf7fc5eb2,
0x3001fe93,
0x4643b2c0,
0x08869000,
0x0b869212,
0xfcab3c89,
0xf0002801,
0x280080ab,
0xad8ef47f,
0x7f760486,
0x494b71d1,
0x864a6f46,
0x7274830a,
0x481fc1fe,
0x00414842,
0x86d0b328,
0x73188108,
0x204b61d1,
0x5e4d5f46,
0x7e810586,
0x4643b2ad,
0x4629b2f6,
0xf7fc4632,
0x0a86fe5b,
0x06861085,
0x58fe5a70,
0x584e574d,
0x1c811386,
0x81118645,
0x81fe441c,
0x07864ae7,
0x86475284,
0x47528407,
0x52840b86,
0x8211862c,
0x41fe2b56,
0x52840586,
0x8405863e,
0x05863f52,
0xe73b5284,
0x46206a3b,
0x693b881d,
0x781e4629,
0x863268fb,
0x43588405,
0x0cf7fc46,
0x1e811186,
0x68bbfe0b,
0x687b881d,
0x683b781e,
0x61260486,
0x3a68fbe7,
0x07863969,
0xe77d4c9b,
0x04866b7b,
0x866abb4a,
0x6a7b4a04,
0xe74a0a86,
0x4a1086fd,
0x69fbfde6,
0x69bb881d,
0x0686781e,
0xe78a2689,
0x3ffff1ba,
0x4b21d14e,
0x4a214620,
0x8d078621,
0xcaf7fc20,
0x204b1ffd,
0x2046204a,
0xc1120986,
0x0b4b0efd,
0x0b46204a,
0xb8120986,
0x0e4b0ffd,
0x0c46054a,
0x86120786,
0xfdae6004,
0xea406b3b,
0xea402003,
0xe4b903c5,
0x6c890886,
0x85078638,
0x07860848,
0xa128648e,
0x048f0a86,
0x0686a0d8,
0xa4c8648e,
0x048a1a86,
0xfa5f4b58,
0x4a58f48b,
0x86584620,
0xfc7e8c0d,
0x54fd76f7,
0x204a554b,
0x0f865546,
0x51fd6a18,
0x204a524b,
0x0f865246,
0x4efd5e18,
0x054a4f4b,
0x0d864f46,
0x4fe7a118,
0x616340f4,
0x078640e4,
0x62bb308d,
0x8905863d,
0x05863a6e,
0x863e0c86,
0x3b748905,
0x74890586,
0x89058639,
0x9b4b3674,
0xfb633bb2,
0x002b006e,
0x01824df0,
0xfff1ba3b,
0x5f66fb3f,
0x3bf58bfa,
0x284b2ed1,
0xde6b3946,
0x0b862bb2,
0xfd23008a,
0x09863801,
0x286b008a,
0x22f7fc46,
0x284b27fd,
0x18850586,
0x87118624,
0x86fd0c16,
0x0b408410,
0x8f0686fd,
0x90f7ff56,
0x860a86fa,
0x01fb1f18,
0x05863b28,
0xac140a8a,
0x86bbe7b8,
0x7b288d05,
0x20890786,
0x890b863b,
0x86fce420,
0xfce35010,
0x20891086,
0x1886e7bf,
0x0c867c82,
0x0886348d,
0xa128488d,
0x4bb9f100,
0x633b18e3,
0xbb060486,
0x0586b862,
0x04862e82,
0xb761fb06,
0x28820586,
0x7b060486,
0x0d86b061,
0xf0401c8c,
0x86ad80d8,
0xac1e8c07,
0x1e820b86,
0x1086fc94,
0xfc931e8c,
0x86a44ba6,
0xa51e8205,
0x1e821186,
0x1086fc7d,
0xfc7c1e8c,
0x14820a86,
0x2801fa95,
0x80cbf040,
0x40740486,
0x9280c0f0,
0x0d86904b,
0xfc5e1c8c,
0x020ff1a0,
0x41504250,
0xd0b22800,
0x18e24b8e,
0x4a8e623a,
0xf983fa1f,
0x613a18a2,
0x18a24a8c,
0x048660fa,
0x8b60ba06,
0x7a18a24a,
0x3a060586,
0x890a8660,
0x8281106a,
0x8246494b,
0x6a890d86,
0x1086fc34,
0xfc336a89,
0x4e7b4d7b,
0x8813867c,
0x05861e4e,
0x0c863e81,
0x861d4e88,
0x363e810b,
0x3e810586,
0x06868121,
0x80f83e81,
0x46494b68,
0x890b8666,
0xc3fbff66,
0x5842581f,
0xb5280041,
0x66890986,
0x80ebf040,
0x46204b58,
0x86564d55,
0xe7688911,
0x881186fb,
0x4d4efb00,
0x864f4e4f,
0xd11a8113,
0x811086fb,
0x82fbd01a,
0x19863be7,
0xfbb9768d,
0x768d1086,
0x1086fbb8,
0x86235684,
0x39768d05,
0x768d0786,
0x2800e73d,
0xaabef47f,
0x10840886,
0x4b29d12e,
0x86274628,
0x28368105,
0x488d0f86,
0x1086fb8a,
0xfb893485,
0x861f4b21,
0x86202c05,
0x73148411,
0x863801fb,
0x7214840e,
0x11e710fb,
0x248b0786,
0x8b078610,
0x0b860f24,
0x865a248b,
0xfb596011,
0x8b058608,
0x05860724,
0x0586248b,
0xe7cd9006,
0x1886bf00,
0x1886108f,
0x18864489,
0x8621568b,
0x200c8311,
0x8b0e86fb,
0x0586eb56,
0x08864aa8,
0xe705568b,
0x8b17863b,
0x86fafc56,
0xfafb4a10,
0x568b0e86,
0x82058613,
0xa9aa096a,
0x60980586,
0x26840686,
0x4aa780c4,
0x49a7b2db,
0x06864620,
0xfad93e8b,
0x4aa54ba5,
0x86a54620,
0xd0508b09,
0xa44ba3fa,
0xa446204a,
0xc7120986,
0xa24ba2fa,
0xa246054a,
0x628b0b86,
0x6efbfabd,
0x628b0886,
0x6b7b63fb,
0xf43f3301,
0x86fba9d4,
0xa9d00805,
0x98700486,
0x994a984b,
0xb9f04049,
0x76a30786,
0xf08bfa5f,
0xf48bfa5f,
0xfa9ff7fc,
0x6bfa6b7b,
0x97240486,
0x4f5034f8,
0x902313ea,
0x12eb0349,
0x3cf89723,
0xfff10520,
0x82fa5535,
0x004a8cf5,
0x4f5303fb,
0xb30353ea,
0x00f9f0fb,
0x893519fb,
0xd5ea4f4b,
0x07f00506,
0x96f04005,
0x20540786,
0x78f7fc46,
0x724b71fa,
0x7244484a,
0x80fa5f49,
0x20b2dbf8,
0xcdb2d246,
0x898000f8,
0x72f7fcb2,
0x6e4b6dfa,
0x04f1a84a,
0xc0496d00,
0xa60886b2,
0xdf462076,
0xfc81e8f8,
0x4afa63f7,
0x58465146,
0xe8f7fe46,
0xd8f8dfff,
0xfff1ba91,
0x654b643f,
0x65b2f64a,
0xdfb2ed49,
0x40b1ccf8,
0x098689f0,
0xfc96006a,
0x68fa4af7,
0x8bfa5f4a,
0x89fa1ff3,
0x120486f1,
0xf7fcb2d2,
0x4b5afa40,
0x46204a5b,
0x509f0586,
0x50a20586,
0xfa36f7fc,
0x4a604b5f,
0xf188fa1f,
0x04869500,
0xfc462040,
0xfbfa2cf7,
0xfb461a6a,
0x7b60136b,
0x42f7ff6b,
0x204a45b9,
0x0f864546,
0xfa12188d,
0x4a424b41,
0x86424620,
0xfa06180f,
0x4a3f4b3e,
0x863f4620,
0xf9fa180f,
0x4a3c4b3b,
0x863c4605,
0x862e180d,
0x42009b0d,
0x860e0586,
0xfc5a9b0a,
0x25f9dff7,
0x484a254b,
0x05862544,
0x46203282,
0xcd2e0c86,
0xfc8000f8,
0x1ff9d6f7,
0x0586204b,
0x491f3882,
0x0c86b2c0,
0x5f900020,
0x00500f86,
0xbef7fc96,
0x1b4a22f9,
0x39160586,
0x86102af8,
0x04861a04,
0x0586b316,
0x46201c9f,
0x810d8614,
0xfc95001e,
0x0586a6f7,
0xf838509f,
0x0886102a,
0x6c95001a,
0x7c8c3186,
0xf100a428,
0xf1009cb8,
0x06869cc8,
0x86c8409a,
0x20828107,
0x870786f8,
0x9f088604,
0x90088634,
0x0000ff70,
0xf70d8600,
0x07078671,
0xf5a0b580,
0x3b1053bb,
0x42b2f640,
0x4293af00,
0x2041d803,
0xf0f0fb93,
0xf5a0bd80,
0x3814508c,
0xd8054290,
0xfb902341,
0xf040f0f3,
0xbd800040,
0xbd8020ff,
0x4ff0e92d,
0x46834698,
0xaf04b08d,
0x6cfb460d,
0x4a9d607a,
0x0343eb03,
0xf8126d3c,
0xf0099003,
0x2b32033f,
0xf04fd90a,
0xf8cb33ff,
0xf8cb3000,
0x46583004,
0x85810886,
0x4f2c014e,
0x400203f0,
0x281125f2,
0x01bfd846,
0x02bfc823,
0xf4f7fc23,
0x066cbef8,
0x11462822,
0x4602b646,
0x330680f0,
0x97f7fd46,
0x3e2001fd,
0x49fd3df5,
0x860306ea,
0xb2ee1c06,
0xfd8cf7fd,
0x04862303,
0x06861a3e,
0x61f8409b,
0x7f4b7f1c,
0x4049804a,
0x0786b0f0,
0x46302e85,
0xf8ecf7fc,
0x4a7d4b7c,
0x6178497d,
0x30140486,
0xfcb28946,
0x7af8e2f7,
0x7b4a7b4b,
0x0b863849,
0x78f8d814,
0x794a794b,
0x8660f849,
0xf8ce140a,
0x4a774b76,
0x86b84977,
0xf8c4140b,
0x4a754b74,
0x86754682,
0x5f28b109,
0xfcfa8afa,
0xbbf8b8f7,
0x2993026d,
0x816dfb46,
0x07930146,
0x430018f1,
0x00687a46,
0xfeb2ed94,
0x3bff68f7,
0x627d387c,
0x5f617b1c,
0x3bf989fa,
0x3b613b7b,
0x18f8d77a,
0xdf69fe80,
0x52c148f8,
0xfb49534a,
0xc3f04060,
0x8cfa5f80,
0x870686f3,
0xfc46281c,
0x7bf897f7,
0x28930069,
0x4d4b4c46,
0x09864d4a,
0xf88c0689,
0x1605863b,
0x4a4a4b4a,
0x1609864b,
0x68fbf881,
0x47160486,
0x484a484b,
0x76160986,
0x474b46f8,
0x4746284a,
0x34b00686,
0x160686a0,
0x0886f86b,
0x08866ca5,
0x048648b0,
0x73f8606e,
0xb8d1031c,
0x3f3ffff1,
0x7aaf27f4,
0x28ea4f6d,
0x88fa5f23,
0x03fb02f8,
0x00f8cb83,
0xf6123330,
0x03fb02b2,
0x04f8cb66,
0x0f861c60,
0xf7fc1aab,
0x4b23f839,
0x49244a23,
0x0e866178,
0xf7fc0eaa,
0x0586f82c,
0x38493c96,
0x1f1a1186,
0x1c4b1cf8,
0xf8491d4a,
0x1a108660,
0x4b18f812,
0x49194a19,
0x1a1186b8,
0x4b15f805,
0x46824a15,
0x6aa50e86,
0x79bce73c,
0x30961a86,
0x38861886,
0x60a50c86,
0x28860c86,
0xe30f861c,
0xd2f7fb44,
0x224b21ff,
0x7849224a,
0xe3108669,
0xc4f7fb60,
0x1e4b1dff,
0x38491e4a,
0xb61c1386,
0x1a4b19ff,
0xf8491a4a,
0x1c128668,
0x4b15ffa8,
0x46284a16,
0xb2108616,
0xf7fba060,
0x4b11ff9a,
0x0e864a12,
0xf8cd68e4,
0xe72a9000,
0x58813c86,
0xf240b580,
0x42985335,
0xdd11af00,
0x734af240,
0xdd0f4298,
0x6f16f5b0,
0xf640dd0e,
0x4298236b,
0xf5b0dd0c,
0xf04f6f48,
0xbfd830ff,
0xbd802004,
0xbd802000,
0xbd802001,
0xbd802002,
0x87078603,
0x1e46056c,
0x06b09146,
0x0cf8dfaf,
0xf94c7d82,
0x3360ba60,
0x7c0202f0,
0x7cd10d49,
0x20f8434b,
0x7b22ff20,
0x18080586,
0x143026f8,
0x90810786,
0x5ae0051c,
0x5fd1f61c,
0xe2f388fa,
0x44b60586,
0xff22f7fb,
0x00c06dfb,
0x23644358,
0xf3f3fb90,
0x607b6db8,
0xffb0f7ff,
0x617b1e03,
0x0c86da05,
0x1c7334b2,
0x86174965,
0xff053a0d,
0xf24061b8,
0x0586218e,
0x61fe7a82,
0x0424004b,
0xd20244eb,
0x7142825c,
0x4a3401d0,
0xded1f72c,
0x7c0486e7,
0x0886b2e8,
0xebf7fb7e,
0xb82e01fe,
0x4fdde361,
0x867127f4,
0xfe7a8205,
0x380b8653,
0x38078655,
0x69fbe7c2,
0x613b18e3,
0xd8462b49,
0xf1076d7b,
0x93050020,
0x6d3b4629,
0x69bb9304,
0x693b9303,
0x697b9301,
0x68fa9300,
0x960268bb,
0xfd83f7ff,
0x6a3a6a7b,
0xd0301c58,
0x687a1a9b,
0xdc2c429a,
0xf1b9693c,
0xd1540f00,
0xeba869fb,
0xf1b90903,
0xd8250f49,
0x46296d7b,
0xb0058605,
0x4808864e,
0xcd440a86,
0xff9004f8,
0x05865ff7,
0x0f1c5948,
0x0b480786,
0x4eb20586,
0xb20986c8,
0x2b469912,
0x01f04fe0,
0x0586d00a,
0xe0256eb0,
0x02521686,
0x0168bb96,
0xff68fa94,
0x7bfd37f7,
0x0333016a,
0x78b30586,
0xaf59f43f,
0xb30686a0,
0x61fb0b7a,
0xb30586bb,
0x00f04f7a,
0x8646d10a,
0xba00b406,
0x840f00f1,
0x700486d0,
0xf10bd0a4,
0xf1bb0b01,
0xd1eb0f02,
0xf8534b0b,
0x42a22025,
0xf843d901,
0x86064025,
0x45420e05,
0xf843d201,
0x20008025,
0xbf00e731,
0x6c8c0886,
0xf1006fa8,
0xf1006fa0,
0x068679bc,
0x0686048d,
0x9358d981,
0x04b08946,
0x796bf8af,
0xd7461960,
0xff8038f8,
0x7efec3f7,
0x861e056c,
0x145a8306,
0x5a830786,
0x48644b63,
0x2024f853,
0xeb024b63,
0xf8530c42,
0xeb033024,
0x44030343,
0xf8934460,
0xf8939001,
0x2364e002,
0xc001f890,
0xfb137880,
0xfb13e909,
0x01b0030c,
0x44994430,
0xea4f6c3b,
0xb1730969,
0xf7ff4448,
0x4606fca7,
0xd10e28ff,
0x290122ff,
0x0686dc08,
0xfb16de81,
0xcafdc1f7,
0x00eba9e7,
0x4fe7ee00,
0xf57127f4,
0xff4648e7,
0xfffc92f7,
0x01d0eb28,
0x7ff06629,
0x03dc4609,
0xdc810686,
0x04862334,
0x5ffdbd2e,
0x86f289fa,
0x07863c04,
0x0978dd81,
0xfda0f7fb,
0x464b2206,
0xc7058611,
0x01fa5a7a,
0x00f53e20,
0x462206fa,
0x860309ea,
0x86501406,
0xf9f61405,
0x05140486,
0x46140786,
0xec140586,
0x8d0886f9,
0x5c048612,
0xf1b8fd8f,
0xd01a0f00,
0x0f01f1b8,
0x0302f04f,
0x0500f04f,
0x2304bf18,
0xbf18469a,
0x45aa2502,
0x2000d111,
0x0686e776,
0x86020e81,
0x760e8105,
0x0e810586,
0x7127f44f,
0x4645e7b7,
0x0a04f04f,
0x4b1ce7eb,
0xf984fa5f,
0x46484a1b,
0xf813491b,
0xf8123025,
0xf8312025,
0xf7fb1025,
0x4b18fd7f,
0x46064a18,
0x46484918,
0x721a0e86,
0x001a30fd,
0x5b000ff0,
0x21900146,
0x08f8cd46,
0x08f10780,
0x7a950000,
0x22f7fe68,
0x0168fbfc,
0x38f43f33,
0x0586bbaf,
0x01af3408,
0xa8e7b835,
0x48830786,
0x1a866fa0,
0x2d689281,
0x884ff0e9,
0x8b469146,
0x5aaf06b0,
0x06461d1c,
0x80fa5f46,
0xbc4b66fb,
0x664a666c,
0x07862d49,
0x465818af,
0xfd32f7fb,
0x4a644b63,
0x86644682,
0x860a8d07,
0xfd281404,
0x0a00ebaa,
0x030ff00a,
0x607b4a5f,
0x495f1c6b,
0x86274b5f,
0xb2f03407,
0xfd18f7fb,
0x6bb84683,
0xfdacf7ff,
0x603b1e03,
0xf04fda21,
0x462034ff,
0x30840886,
0x3025f813,
0x0a864658,
0xfd016281,
0x4a4b4b4b,
0x864b4682,
0xca14820d,
0x0e0c86e7,
0xf04fe7d3,
0x4b470a00,
0x2003f81a,
0x48462300,
0x0143eb03,
0x42915c09,
0x3301d022,
0xd1f62b4a,
0x1a9be7cd,
0xf44fe035,
0xe0457127,
0xd1132c01,
0xd1132d01,
0x93036c7b,
0x93026c3b,
0x93016bbb,
0x94004623,
0x4641464a,
0xd2058630,
0x8106865a,
0x42445e86,
0x2d03e7b4,
0x2400d047,
0x687ae7b0,
0x8f058631,
0x3b00086a,
0x42920568,
0x4b930046,
0xcd940446,
0x02b00cf8,
0x72f7ff95,
0xba68fbfb,
0x4f1c5968,
0xca018aea,
0xc81c50d1,
0x262300d1,
0xb908864a,
0xb250531a,
0x9a4b23d1,
0x9a68db68,
0x1dbfa842,
0x05bfb822,
0xb82d0122,
0x46850586,
0xf7fb4630,
0x6bfbfc5e,
0x464a9303,
0x46416bbb,
0xc2058602,
0x2b930122,
0x76f30586,
0x2800fd3c,
0xaf70f6ff,
0xd1a42c00,
0x0302f025,
0xf47f2b01,
0x0c86af6b,
0x04863881,
0x00e7a228,
0x831886bf,
0x87088648,
0x00a42840,
0x867a9af1,
0xb0788306,
0x8706866f,
0x002d4050,
0x42412d41,
0x2e431e2e,
0x3c2f445f,
0x46193045,
0x31475a30,
0x14324837,
0x4a553249,
0x344b3233,
0x50344c0f,
0x4e2d354d,
0x364f0a36,
0x2837504b,
0x52053851,
0x39534638,
0x003a5423,
0x56413a55,
0x3c001e3b,
0x413c0100,
0x031e3d02,
0x3e045f3d,
0x193f053c,
0x075a3f06,
0x41083740,
0x55410914,
0x0b32420a,
0x430c0f43,
0x2d440d50,
0x0f0a450e,
0x46104b45,
0x05471128,
0x13464712,
0x49142348,
0x41491500,
0x171e4a16,
0x4b185f4a,
0x194c193c,
0x1b5a4c1a,
0x4e1c374d,
0x554e1d14,
0x1f324f1e,
0x50200f50,
0x2d512150,
0x230a5222,
0x53244b52,
0x05542528,
0x27465426,
0x56282355,
0x41562900,
0x2b1e572a,
0x582c5f57,
0x19592d3c,
0x2f5a592e,
0x5b30375a,
0x555b3114,
0x1d325c32,
0x8600aa05,
0x4754cd05,
0xde058614,
0xdf1c4a1e,
0x02a07cf8,
0x7cf8dfaf,
0x7cf8df90,
0x12b2c680,
0xb80c86d1,
0xfb463030,
0x00fbccf7,
0x0dd01f2c,
0x0ff1c0dd,
0x0b429c03,
0xfff04fdd,
0x1ae01734,
0x193021f8,
0x382021f8,
0xeb1021f8,
0xf342e0e7,
0x6b4420d4,
0x0eb2c01c,
0x00400d86,
0x86240090,
0xfbb24404,
0x06864620,
0xf81a4cb8,
0xf8193025,
0xf8382025,
0x90001025,
0xa098e7ef,
0xa0a8f100,
0x86b8f100,
0x0454b607,
0x83460529,
0x004614b0,
0x11d157af,
0xbf058646,
0xfbd1f734,
0xe9c74b79,
0xf04f0100,
0x22000b00,
0x68192001,
0xf302fa00,
0x0607f1c2,
0x40d3400b,
0x2a083201,
0xf306fa03,
0x0a03ea4a,
0x0886d1f2,
0x007a9081,
0x50463226,
0x3d465946,
0x00eebaf5,
0x000001f0,
0x01ea5021,
0xf2d00803,
0x0020ff00,
0xbef53d21,
0x810886ee,
0x36016890,
0xd1e82e08,
0x2300e9d7,
0xbf08454b,
0xd1194542,
0x4b5e1c62,
0xb2e84a5e,
0x860c495e,
0xfb208707,
0x10fb49f7,
0x0586fff1,
0x08860286,
0x0c8658e9,
0xe7ee1c91,
0xe7f22000,
0xf8df1c53,
0xb2c5b140,
0x4a524b51,
0x864c4952,
0x46283c07,
0xfb2af7fb,
0x4a504b4f,
0xf980fab0,
0x4628494f,
0xea4fb2db,
0x06861959,
0xa0fb1d58,
0x4e01fff1,
0x4e4b4a42,
0x4b4a4a41,
0x861e0586,
0xfb101a06,
0x86494b48,
0x48f83404,
0x58340786,
0x1a068618,
0x4a37fb03,
0x493738ff,
0x41434243,
0x469ab2d2,
0x549e0586,
0x680486f3,
0x0886faf6,
0xf1b92681,
0xd0520f00,
0xf1b8b146,
0xd0500f00,
0x0f00f1ba,
0x4656bf08,
0x4606bf18,
0x869d4630,
0x283e9505,
0x3e950986,
0xfadaf7fb,
0x86284b27,
0x27208105,
0x4f462849,
0x861959ea,
0xfb5e810c,
0xa0facaf7,
0x5e03fff1,
0x5e4a2242,
0x1f492241,
0x3c0a864b,
0xfb280486,
0x1dfabaf7,
0x05861e4b,
0x861d2c81,
0x18584005,
0xaa400e86,
0x02400486,
0x490a4253,
0x4a084153,
0xf81b469a,
0x04863024,
0x2204861a,
0x464ee7a2,
0x4646e7b4,
0x7a9ce7b2,
0x9df8f100,
0x9e08f100,
0x9e18f100,
0xa498f100,
0x9d98f100,
0x86a8f100,
0x00a40404,
0x009db8f1,
0x009dc8f1,
0x00a488f1,
0x048678f1,
0xf1009d08,
0xf100a478,
0xf1009d58,
0x06869d68,
0x1c4e4084,
0xb0834605,
0x4693460c,
0xf8dfaf02,
0xf8dfa0ec,
0xb2c690ec,
0x80ecf8df,
0x85118618,
0x01fa5f5a,
0xbbd13c28,
0x220f01f1,
0x0f1c60d1,
0x002303d1,
0x20048693,
0x86280486,
0x860e2404,
0xe566850d,
0x24f81ae7,
0x19200330,
0x862024f8,
0x9010bd05,
0x04862500,
0x28fa4446,
0x7ac60986,
0xf04f4628,
0x462132ff,
0xfe4df7ff,
0x28004605,
0x1c61d1f1,
0x1086d0d3,
0x36048638,
0xe7e3fa29,
0x86212803,
0xd1147e05,
0x465a4628,
0x32360486,
0xd6360586,
0x011c62d1,
0xb72301d1,
0x86720586,
0xf8cd3808,
0xe7e1b000,
0x86f21c63,
0x86015005,
0xe7ba5009,
0x35fff04f,
0xbf00e7bc,
0xf100a068,
0xf100a078,
0x86078688,
0x062a084c,
0x0db08346,
0x02461046,
0x14dd35af,
0x29220846,
0x4c8b0586,
0x2800fff1,
0x3c08d15f,
0xdcf52c08,
0xf8df1c6a,
0xf8dfb0e4,
0xfa5fa0e4,
0x35f80086,
0x078634d1,
0xf28a40d4,
0x4640b289,
0xf9cdf7fb,
0x46811f42,
0xd8382a07,
0xdd2e2c00,
0x020cf1c0,
0xdb3a42a2,
0x1c6b444c,
0xd149b2e4,
0x2e098629,
0x06869400,
0x00f9bd30,
0x12e03120,
0x0c0f08f1,
0x6f4614da,
0x860207f0,
0xffb77406,
0x3408bb30,
0x0f08f114,
0xe7c4dbf4,
0x4614b302,
0x4919e7c1,
0x3025f81b,
0x8d07861a,
0xd3e7c72e,
0x611f02d0,
0xcf428a42,
0xfff04fdc,
0x00e00832,
0xc2dd102c,
0x0ff0021c,
0x07f1c202,
0x01e7c202,
0x40810786,
0x2800ff0b,
0x0886d0bd,
0xd0b87482,
0x42611cc2,
0x8a260486,
0xe1dab242,
0x0d8604e7,
0xb3940056,
0x00a058e7,
0x00a038f1,
0x00a048f1,
0x4fb5b0f1,
0x0d6380f4,
0x00af0046,
0x04210222,
0xe9f7fc46,
0x222d03fd,
0x20462ad1,
0x06230446,
0xe1f7fc21,
0x4af10586,
0xdf810686,
0x2df7fb16,
0x0e0486f9,
0xdf810686,
0x26f7fb14,
0x860e0586,
0x12df8106,
0xf91ff7fb,
0x811a0686,
0xfb462071,
0xb0f918f7,
0x0b2d04bd,
0xfc4620d1,
0x00fdacf7,
0x4363fff4,
0x030304f0,
0x86210622,
0xfdb61204,
0x16e90586,
0x8346144f,
0x02b08946,
0x9ab2c5af,
0x794b9a4e,
0x9a1c5161,
0xc4f0404a,
0x86fa1f80,
0xfa5ffa00,
0xfa5ff982,
0x464af883,
0x46514643,
0xf7fb4628,
0xf040f90e,
0x06860002,
0x864a08ab,
0xf90c1407,
0x4a8e2301,
0x498e9300,
0xc407868e,
0x16048634,
0x4658f901,
0xf811f7fb,
0x3b03697b,
0xd8062b01,
0x5380f44f,
0x21052200,
0xf7fc4658,
0x1c62fd78,
0x9224f8df,
0xa21cf8df,
0x8214f8df,
0x80aef040,
0x8689fa5f,
0x86388305,
0xfb16c406,
0x10f8d9f7,
0x7b0302f0,
0x00f04061,
0x751c6381,
0x404b734a,
0xb680a2f0,
0x82fa5fb2,
0x83fa5ffa,
0x4b4652f9,
0x4caa0586,
0xf8c4f7fb,
0xf000464b,
0x865200fd,
0xfb2caa07,
0x0586c3f7,
0x4a69289f,
0x49694b6a,
0x86dbb2d2,
0x68748905,
0xb7f7fb4e,
0xa34a68f8,
0x8bfa5f00,
0x02eb03f5,
0x034a660a,
0xf60906eb,
0x02eb03b2,
0x9a4a6408,
0x63613a18,
0xfa189a4a,
0x134a6360,
0x6060bb44,
0x8bf0401c,
0x334a5d80,
0x05865b46,
0x04866ad0,
0x01f88f58,
0xc01c6130,
0x85f040b2,
0x334a5680,
0x86495446,
0xfb2e9f08,
0x58f889f7,
0x99f7fa46,
0x4f2200ff,
0x865380f4,
0x04688106,
0x771c62fd,
0x284b4fd1,
0x09864d46,
0xf7fb1aa0,
0x4a47f86c,
0x46334946,
0x38cc0686,
0x633c0486,
0x9b697bf8,
0x5df14007,
0xc2280781,
0xfff04fd1,
0x1c462835,
0x4e840786,
0xa024f836,
0x5e890586,
0x24f81390,
0x4a465180,
0xfb464346,
0x86f84af7,
0x48088312,
0x2c4b2ef8,
0x2c20014a,
0x3ad00f86,
0xf819e737,
0x861a3024,
0x501e8707,
0x24f836e7,
0x52098660,
0x4a4631a0,
0xfb465346,
0x53f821f7,
0x46820586,
0x8209864a,
0x1af82046,
0x184a184b,
0x649e1186,
0xf899e758,
0xf8983000,
0xf8ba2000,
0x86721000,
0x90000e0d,
0x68bbe778,
0x68fa4628,
0xd1078639,
0xf4f7fa54,
0x220486ff,
0x08866178,
0xf8e78524,
0xd8f1009f,
0xe8f1009f,
0x88f1009f,
0x98f1009f,
0x78f1009f,
0xb8f1009f,
0xd8f1009e,
0xc8f1009e,
0x28f1009e,
0x18f100a0,
0x08f100a0,
0x90f100a0,
0x0800a54b,
0x5f0205eb,
0xebf88bfa,
0x8d617b18,
0x0a60fa4b,
0xeb0205eb,
0x8b613b18,
0x0960ba4b,
0xee0205eb,
0x5f607a18,
0x61f983fa,
0x85d17f1c,
0x83464b4a,
0x36830586,
0xf7fa4640,
0x3001ffb4,
0xb2c01c62,
0x4a7fd179,
0x867d464b,
0x86348307,
0xffaf1a04,
0xf7fa4658,
0x0c86febf,
0xfc2a1c85,
0xd16b1c63,
0x46404b77,
0x86774a77,
0xfa348307,
0x70ff92f7,
0x82496f4a,
0x05864b46,
0x04861ead,
0x1aff893c,
0x000f02f0,
0x078083f0,
0x6ed1c428,
0x8bfa5f4b,
0x03eb05f6,
0x054b6c0a,
0x6c0903eb,
0x5f441d4b,
0x60f883fa,
0x68d1551c,
0x6646434a,
0x0e810586,
0xf7fa4630,
0x0686ff6d,
0xd14f4484,
0x46434a62,
0x81078660,
0x1a04860e,
0x81058668,
0x86fe780e,
0xe342840c,
0x411c62fb,
0x304b53d1,
0x544a5346,
0x0e810986,
0x4a53ff4b,
0x86434951,
0x86428407,
0xff423c04,
0x079b697b,
0x2807d53c,
0xe6ded1c5,
0x6979693a,
0x82058633,
0x86e77e7e,
0x90000c0a,
0x687be784,
0x68ba4640,
0x088668f9,
0xff261c83,
0x82200486,
0x22068646,
0x782be792,
0x83078699,
0x0b86a826,
0xae90000c,
0x30687be7,
0x093a0d86,
0x78782bff,
0x22088661,
0x2204e7bc,
0xb8058621,
0x05fd0b02,
0x7f280046,
0x58ae9ef4,
0x8bfa5f46,
0x0ff7faf6,
0x082303fe,
0x30216122,
0xeef7fa46,
0x014b26fe,
0x274a2628,
0xb4d12149,
0x163ffff1,
0x14910786,
0x04869000,
0x6ffee71e,
0x860207f0,
0xfce74806,
0x4658bb10,
0xfdf0f7fa,
0x21542200,
0x9d0a0486,
0x0f8673fe,
0xe7e40eda,
0x86071c60,
0x86954208,
0xfec64204,
0xd10d86e7,
0xf3950032,
0x574605e7,
0x86bf00e6,
0xb8588408,
0x8406869e,
0x86a01854,
0xa8648406,
0x98f1009e,
0x88f1009e,
0xa8f1009e,
0xb8f1009f,
0xc8f1009f,
0x8d06869f,
0x04215430,
0x02b09b46,
0x93461daf,
0x88f8d746,
0x53f7fa60,
0x49f240fe,
0x20633811,
0x4df7fa46,
0x4bf240fe,
0x8662f811,
0xfe470c04,
0x71a5f44f,
0x0c0586b8,
0xf44ffe41,
0x867871a6,
0xfe3b0c05,
0x71a1f44f,
0x0c058638,
0xf44ffe35,
0x61f8718d,
0x2f0c0486,
0x21f240fe,
0x0586b811,
0x4ffe290c,
0x787181f4,
0x230c0586,
0x382d03fe,
0x4fd90361,
0x0032fff0,
0x00bd89f0,
0xc9f0002e,
0xe64bb281,
0x4f4ab2b2,
0xb20800f0,
0x4f463049,
0xc20985ea,
0x609c0d86,
0x8000f8cd,
0xfe48f7fa,
0x4aac4bab,
0x86ac2002,
0x86029b0d,
0x3a5a8206,
0xa84ba7fe,
0xa846304a,
0x861c0d86,
0xfe2c3806,
0x4aa44ba3,
0x86a44630,
0xfe1e1c13,
0x4aa0499f,
0x0301eb09,
0xeb0965fb,
0x65bb0302,
0x04864b9d,
0x03eb0922,
0x26048600,
0x86306578,
0x860a8105,
0xfe072e06,
0x86974997,
0x863b2e05,
0x64fb2e05,
0x2e0d8695,
0x200164b8,
0x862e0486,
0xf0148106,
0x8f498efd,
0x7b2e0586,
0x2e048664,
0x868c643b,
0x63f82e0d,
0x2e0b860d,
0x23fffdd9,
0x8649f240,
0xfa4a9f05,
0xfffdaaf7,
0xa5f44f23,
0x3aeb0586,
0xfda3f7fa,
0x86de23c0,
0xfa1ae805,
0xc0fd9df7,
0xbc810786,
0x97f7fa48,
0x4b4b79fd,
0x7863bb44,
0x7b444b4b,
0x994b7863,
0x87088644,
0xfc46206a,
0xbbfa35f7,
0x306b7a6b,
0x00f8b946,
0x01f10a10,
0x12781b0a,
0x40048678,
0xd04d2800,
0x0801f108,
0x0f03f1bb,
0xf1b8d139,
0xd9460f05,
0x0f0ff1ba,
0x6d7bd956,
0x101aea4f,
0x38016dba,
0xb2c06df9,
0x5edd0a86,
0xfd8af7fa,
0x6c3a6bfb,
0x000df10a,
0xf0006c79,
0xdf09860f,
0x1c048640,
0x6cbbfd7c,
0xea4f6cfa,
0x6d39009a,
0x0002f000,
0xf040781b,
0x0a860001,
0xd7fd6c20,
0x00308cf8,
0xb9f0002b,
0x00f04f80,
0xbbe00f0b,
0x0c0f04f1,
0x09f1b8d1,
0x7bd9090f,
0x07f3ca6d,
0xf96dba10,
0x5406866d,
0x4680e7c6,
0x46306bfb,
0x6c796c3a,
0x0c870886,
0x280cfd43,
0x8082f000,
0x06862201,
0xfb497ef0,
0xd0892800,
0x21546b3a,
0xf7fa4620,
0x6afafd01,
0xbf810686,
0xfbf7fa46,
0x866abafc,
0x46bf8106,
0xfcf5f7fa,
0x06866a7a,
0xfa46bf81,
0x3afceff7,
0x8106866a,
0xf7fa46bf,
0x69fafce9,
0xf0810686,
0xe3f7fa02,
0x8669bafc,
0x7eef8106,
0xfcddf7fa,
0x0686697a,
0xfa7aef81,
0x3afcd7f7,
0x90068669,
0xd1f7fa68,
0x94f8d7fc,
0x40810586,
0xf8d78515,
0xf04f3090,
0x462932ff,
0x2b004620,
0x08180486,
0x5a2201bf,
0xfff7ff43,
0x004602fa,
0x78bc20f0,
0x748b0b86,
0xf1009f48,
0xf1009f58,
0xf1009f68,
0xf1009f18,
0xf1009f28,
0xf1009f38,
0xf1009ee8,
0xf1009ef8,
0x06869f08,
0xa0a8089b,
0x8698f100,
0x78489407,
0x68f100a0,
0x58f100a0,
0x40920786,
0xf100a038,
0xf1009e28,
0xf1009e38,
0xf1009e48,
0x46306cbb,
0x86396cfa,
0xfa2e8207,
0x03fcb5f7,
0x72f47f28,
0x306d7baf,
0x820a8646,
0xa9f7fa46,
0x7f280ffc,
0xffaf66f4,
0x9d810786,
0xfa114954,
0x86fc7ff7,
0xf44f0e06,
0xf7fa71a5,
0x0686fc78,
0xde709d81,
0x72f7fa21,
0x840a86fc,
0x51fc6c56,
0x058659e7,
0xfb216882,
0x0f03f1bb,
0x0a86d151,
0x865e7e84,
0xfc58280b,
0xfa810886,
0x3ff7fa20,
0x058632fc,
0x0c048656,
0x0c058639,
0x6c820686,
0x221ffc33,
0x8641f240,
0x36288305,
0x78221ffc,
0x42f24063,
0x2f0e0586,
0xb82380fc,
0x81068664,
0x04867c9e,
0x1ffc3110,
0x2a048623,
0x2a5c0686,
0x420e0586,
0x230e0786,
0x5d2d02fc,
0x672d03d0,
0x292d01d0,
0x862350d1,
0x34fa8108,
0xfc16f7fa,
0xf40e0486,
0x05862921,
0xd1065484,
0x46324bdd,
0x4620210b,
0xf7fc781b,
0x0686f8b5,
0xfabe4681,
0x860b2300,
0xf7fc4a05,
0x0c86f8ab,
0xf8a42286,
0x64bb2300,
0xe053637b,
0x86460486,
0x28fb8106,
0xfbecf7fa,
0x17620686,
0xe5620586,
0x862103fb,
0xfa9b4604,
0x873a0c86,
0x002d02f8,
0x0586aff0,
0x81bc20f3,
0xd1242d01,
0x810b860f,
0x86fbcb16,
0x86f40e04,
0xc5688105,
0x2c22a4fb,
0x86600586,
0x4afb8106,
0x86bcf7fa,
0x11456007,
0x0486e7ce,
0x0586ef0a,
0x0586b128,
0xc421f516,
0x3c0486e7,
0x0c810886,
0x4a0586a6,
0x0c810886,
0x0486fb9f,
0x05868276,
0x01818d76,
0x84d0d12d,
0x86068622,
0x05867f04,
0xd10d2a83,
0x20004b9e,
0x869e4a9e,
0xe0228a0f,
0xa9f7fab2,
0xe64b9afb,
0x4f4a9ab2,
0x990900f0,
0x668a0686,
0x8a0f8608,
0xf7fa9010,
0x4b93fb96,
0x46304a94,
0x8a108694,
0xf7fa902c,
0x498ffb88,
0x86084a90,
0x082c8a05,
0x2c8a0586,
0x8905868d,
0x12860850,
0xfa902c8a,
0x87fb71f7,
0x06868749,
0x0586602e,
0x8685602e,
0x05862e0e,
0x06866ab2,
0x01f04f2e,
0x58f7fa09,
0x7e497dfb,
0x8646304a,
0x863b3404,
0x64fb6205,
0x3405867b,
0x08300486,
0x860a03eb,
0xfb425e0a,
0x86764975,
0x647b5e05,
0x3b2a0486,
0x0d867364,
0x8a0e865e,
0x86fb2b5c,
0xfa2c8d05,
0x9038f8c7,
0x9150f8df,
0x0f04f1bb,
0xf8d9d10a,
0x22003000,
0x4620210b,
0xb2db43db,
0x3000f8c9,
0xff9bf7fb,
0x62830686,
0x5380f44f,
0xff94f7fb,
0x8659462a,
0x6a02f505,
0x40d70586,
0x6bbb82c6,
0xf0002b00,
0x890786d1,
0x12f7fe0a,
0x004602ff,
0x24f04028,
0x86653882,
0xfa096404,
0x0a866d3a,
0x09867440,
0x86ff4a40,
0x80b52604,
0x3c880886,
0xfef5f7fe,
0x073a0686,
0x38048682,
0xf1bbf9ed,
0xd14d0f03,
0x22c02300,
0x830586de,
0x86faa952,
0x86e10c04,
0xfaa30c05,
0x86098600,
0x00fa8a6a,
0xc9810786,
0x84f7fa1c,
0x860c0586,
0x7e6a8606,
0x078601fa,
0x0686449a,
0x07861026,
0x0486449a,
0x0586830e,
0x8908861c,
0x07867c5c,
0x8906861c,
0x97fa755e,
0x863034f8,
0x6d26870a,
0x974620fa,
0x058648f8,
0xfa214212,
0x4ffa65f7,
0x3c707af4,
0x20feb7f5,
0xf8f7fb46,
0xf8f641fe,
0x03220373,
0x05860640,
0xff037cad,
0xbf00e53b,
0x06867a9c,
0x08866095,
0x86b87889,
0xd80c9107,
0x78900786,
0x06869e98,
0x9e780891,
0x9e68f100,
0x9e58f100,
0x78892686,
0x7c850686,
0x36860686,
0x0686fa21,
0x0586450e,
0x94fa1a0e,
0x86e68122,
0x06861204,
0x86123e86,
0x86f51e05,
0xfa0c0c05,
0xe67322b4,
0xf8df4620,
0xf7faa334,
0x49c8f940,
0x840986c8,
0x084bc756,
0x310902eb,
0x981025f8,
0x25f81244,
0x24840586,
0xfa13f7fa,
0xd52207c1,
0x5e8c0886,
0x0686f81a,
0x813a1a83,
0x204e0486,
0x04f1bbf9,
0xe7f0400f,
0x81068680,
0x08866a97,
0x86ca3084,
0x83308405,
0x5c960986,
0xf7fb4620,
0xe0d7fe7c,
0x62830a86,
0x840786f6,
0x0586161c,
0x86f8fc48,
0xd1124804,
0x60461486,
0x59460d86,
0xbbe002fe,
0xf40f03f1,
0x840886d0,
0x28fe2b3e,
0x840886b9,
0xd3fdd972,
0x306d39e7,
0x00f89946,
0x00f89820,
0xfa880930,
0xc2f9b3f7,
0x86d5c207,
0xd1696004,
0xc5280886,
0x7e0686fd,
0x048680d7,
0x0586bd7e,
0x88d1637e,
0x7a04864a,
0x04866813,
0x0060137c,
0x22f7fb22,
0x850c86fe,
0x86fe1b72,
0xfdf17408,
0x0a86b948,
0x869e4c81,
0x80b04e07,
0x688c1086,
0x6d7bf975,
0x30016dba,
0x32901086,
0x0486f971,
0x0b868178,
0xf7fb708a,
0x6d39fdec,
0x3000f898,
0x3e810686,
0x563e0486,
0x823e0586,
0x306df946,
0x52088646,
0xf01af94c,
0xf0000f01,
0x280780fb,
0xf7ffd1c7,
0xf1bbbae9,
0xd19b0f03,
0x8107860c,
0x91ff4a5a,
0x120486e7,
0x0c86d1b9,
0x52fdbe5c,
0x304a524b,
0x72d00586,
0x3a890a86,
0xf925f7fa,
0xd1062801,
0x020bf06f,
0x2b3e0686,
0x04e799ff,
0x0586f822,
0x20f43f42,
0x810886af,
0x86fd7970,
0x2764820a,
0x39e6fdfd,
0x9846306d,
0x863000f8,
0x012a8108,
0x3f07c3f9,
0xbbaeedf5,
0x310f04f1,
0x66820986,
0x4602fd12,
0x0586bb28,
0x05867684,
0xd1376282,
0x8211862f,
0x86fd7162,
0x6a62820c,
0x720886fd,
0xb1b0fd40,
0x62820a86,
0x880586df,
0x10d04710,
0x07866446,
0xf1bb1a9e,
0x86d10f03,
0xcf768109,
0x86e7c9fe,
0xfcd62e0a,
0xdf2e0486,
0x0586e7d0,
0x86db4881,
0x390a820d,
0xec0886fd,
0x820e8678,
0x86f8a00a,
0xa60a820e,
0x0586dcfe,
0xbf000a82,
0x0c9d0c86,
0x0e867a9c,
0x10867090,
0xf87d7083,
0x70831686,
0x4620f879,
0xff89f7f9,
0x0a810c86,
0x1086fcf4,
0x865e7083,
0x0e863e05,
0xf8547083,
0x0f01f01a,
0x2807d003,
0xf7ffd1c8,
0xf06fb9f2,
0x81078603,
0x05865522,
0xf47f1482,
0x83098675,
0x05861626,
0xf47f5486,
0xe566af6c,
0x46306cfa,
0xf89a6d39,
0x06863000,
0x03f83048,
0x86d13028,
0x25489b10,
0x3f280ff8,
0x86a9c7f4,
0x39328308,
0x3a820586,
0xaf4bf47f,
0x20016cfa,
0x86400a86,
0x16468106,
0x3a6bfbf8,
0x86200d6c,
0x867c9408,
0x860b1606,
0x1b5c8105,
0xbb2300ff,
0xfae4e063,
0x0f86036c,
0xfaf7f938,
0x380486ff,
0x38098605,
0xf8d7e7e2,
0xe7182094,
0xe92dbf00,
0x1c4d47f0,
0xb082460c,
0x060ff002,
0xaf024b2d,
0x492d4a2d,
0x8628b2c5,
0x96589b08,
0x46283e06,
0xffd9f7f9,
0x90b4f8df,
0x4b272e05,
0x49284a28,
0x80acf8df,
0xd8344e28,
0x861c1c60,
0x0060e809,
0x28048694,
0x0686ffc5,
0xf2884aa4,
0x120786b1,
0x2000ffbc,
0x6caf0686,
0x0ce70e86,
0x9c0586d2,
0x00f04f2a,
0xbf0c860a,
0x3204866c,
0xf836ffa3,
0xf8191024,
0xf8183024,
0x04862024,
0x60e7da16,
0x01d1011c,
0x0786c924,
0x09860134,
0x00e7e434,
0xb30c86bf,
0x00a1684c,
0x00a178f1,
0x00a188f1,
0x00a228f1,
0x00a208f1,
0x078618f1,
0xf2402cb7,
0x461c1149,
0xaf02b08b,
0x46162300,
0x613b4680,
0x61bb617b,
0xf7f961fb,
0x1c63ff27,
0x4bb96078,
0x49ba4aba,
0x5ccb0a86,
0x90002001,
0xf088fa5f,
0xfb88fa5f,
0xff58f7f9,
0x46212206,
0xf7ff4640,
0x2501ff65,
0x22802307,
0x2181f240,
0x95004658,
0xff4af7f9,
0x1e9a0886,
0x83068640,
0x462b950a,
0x218e2202,
0xf7f94658,
0x2e04ff3c,
0x4640d168,
0xfb96f7fb,
0xd56a07c6,
0x00a64640,
0xfb90f7fb,
0xf0402201,
0x21060380,
0x25074640,
0xfbaef7fb,
0x18f34b9d,
0x4b9c60fb,
0x0a03eb06,
0x441e4b9c,
0x60bbb2db,
0x0901f04f,
0x464a2300,
0xcd4a0486,
0xf99000f8,
0x86ff15f7,
0x93001004,
0x0e5c0686,
0x20f107ff,
0x84eb0303,
0x10f85303,
0x472b003c,
0x3f1c60d1,
0x8a4a8bd1,
0x8668bb49,
0xf968b806,
0xb0fef4f7,
0x40f080fa,
0x86b13009,
0x22012c04,
0x432e0486,
0x2a2c10f8,
0x81068646,
0x01fefe4e,
0x17b2ed35,
0x86d1c82d,
0x2b014c0c,
0x0886dc32,
0xfeed7081,
0x8613e02c,
0x8664ac05,
0x727c9f0a,
0x992e03e7,
0x56810586,
0x07c5fb2b,
0xf04fd594,
0x088630ff,
0x68f948c9,
0x869a7833,
0xbe528605,
0xcf2b01e7,
0x631c61d1,
0x654a66d1,
0x14810b86,
0xb80786aa,
0xbb28003e,
0xdf6d7bd0,
0xdfa1a8f8,
0x0091a0f8,
0x62d1552b,
0x5e4d5e1c,
0x5ed1744e,
0x89fa5f4b,
0x58495ef2,
0xf6b2ad46,
0x5fb2dcb2,
0x89f38afa,
0x8df7f9b2,
0x326cfbfe,
0x18462946,
0xc0462344,
0x869000b2,
0xfe8b4e04,
0xd5058623,
0x0c048628,
0x4b52fe7d,
0x38044a52,
0xcf0b8652,
0x00465858,
0x78f7f924,
0xfb4640fe,
0x4dfad4f7,
0x0622014b,
0x86400321,
0x86f30e04,
0x403a9107,
0x2df7f946,
0x862301fe,
0x00348306,
0x61f7f994,
0x140486fe,
0x4640fd71,
0x0486687a,
0x1df7f922,
0x8d4620fe,
0x810a86e7,
0x3be79a5c,
0xfff04f6d,
0x00493535,
0x086d7b2b,
0x5d2501bf,
0x101c6343,
0x56b00986,
0x6a810686,
0x1942fe35,
0x0686b2d2,
0xfe494882,
0xd08e2800,
0xaf09866b,
0x24f83146,
0x35e7ec10,
0x583024f8,
0x2260fb46,
0x224a274b,
0x07861649,
0x4b2518a8,
0x52b20c86,
0xfe11f7f9,
0x464a6cfb,
0x441868f9,
0x81098653,
0x19fe0f78,
0x24f8164b,
0x35465820,
0x331024f8,
0x149024f8,
0x3c04864b,
0x06048611,
0x0d60fb30,
0xf9080586,
0x04fdf3f7,
0xfbb2c038,
0x52900068,
0x77464946,
0x00a318e7,
0x00a328f1,
0x00a338f1,
0x00a248f1,
0x00a238f1,
0x86a508f1,
0x9818ba06,
0x74e40786,
0xc80f86d8,
0x0fff7f34,
0xce088600,
0x1ff00448,
0x000059e5,
0x07860f01,
0x8628d081,
0x10860808,
0x08088610,
0x00000203,
0x00000204,
0x00000205,
0x00000206,
0x00000207,
0x00000208,
0x00000209,
0x0000020a,
0x0000020b,
0x2004860c,
0xb4810786,
0x08088614,
0x86101086,
0x86200808,
0x34d18107,
0x86080886,
0x08861010,
0x78288608,
0x81078604,
0x088618b5,
0x10108608,
0x10080886,
0xd2810786,
0x08088610,
0x86101086,
0x28860808,
0x86003f78,
0x08860404,
0x10108608,
0x180c0a86,
0x81068602,
0x021a70b6,
0xb6810686,
0x86021c48,
0x38b68106,
0x06860221,
0x2364b681,
0x81068602,
0x86071cb7,
0x78b68107,
0x86080886,
0x08861010,
0x04868008,
0x08088604,
0x86101086,
0x28860c0b,
0x07860678,
0x8608b881,
0x10860808,
0x08088610,
0x81078640,
0x08864cd4,
0x10108608,
0x86080886,
0x28867828,
0x01e44082,
0xbb810686,
0x8601e620,
0x78ba8106,
0x068601e8,
0xea68ba81,
0x81068601,
0x01ec14bb,
0xbb810686,
0x8250864c,
0x78288640,
0x40825086,
0x86782886,
0xc3408228,
0x81068601,
0x01c52cbf,
0x01c60000,
0xbf810686,
0x8601c868,
0x34bf8106,
0x068601ca,
0xcc24bf81,
0x40825386,
0x86782886,
0x86408250,
0x0c867828,
0x861cd581,
0x01b60404,
0x01b90000,
0x01bc0000,
0x01bf0000,
0x007f0000,
0x86040486,
0x00000808,
0x0000016c,
0x0000017e,
0x00000190,
0x068601a2,
0x088674d8,
0x04867cd8,
0x00039004,
0x00039100,
0x00039200,
0x86039300,
0x01754012,
0x01870000,
0x01990000,
0x01ab0000,
0x14890686,
0x81078605,
0x0786075c,
0x86207c88,
0x80448107,
0x5d000000,
0x04048601,
0x86080886,
0x01b43022,
0x86040486,
0x12860808,
0x03120081,
0x031f0000,
0x032c0000,
0x86390000,
0x86208113,
0x01171010,
0x00f40000,
0x01450000,
0x00f50000,
0x01460000,
0x01130000,
0x01010000,
0x86ef0000,
0x867c810f,
0x03100404,
0x031d0000,
0x032a0000,
0x03370000,
0x08201286,
0x15000003,
0x22000003,
0x2f000003,
0x73201386,
0x7b000003,
0x83000003,
0x8b000003,
0x72201386,
0x7a000003,
0x82000003,
0x8a000003,
0x70201386,
0x78000003,
0x80000003,
0x88000003,
0x71201386,
0x79000003,
0x81000003,
0x89000003,
0x86402386,
0xb5708220,
0x86040486,
0x07860808,
0x860174dc,
0x48c28107,
0x0c0b8603,
0x08480486,
0x86301786,
0x08861c04,
0x64048608,
0x08088670,
0x9a000000,
0x00040486,
0x869b0000,
0x23860404,
0x04869830,
0x00000004,
0x04048699,
0x96302386,
0x00040486,
0x86970000,
0x23860404,
0x869e4081,
0x08860404,
0x18078608,
0x20821c86,
0x86301086,
0x64c48108,
0x86380486,
0x04863404,
0x07860c64,
0xc030e181,
0x95000000,
0x86040486,
0x23860808,
0x869c1081,
0x08860404,
0x81238608,
0x30108610,
0x10812086,
0x0404869d,
0x86080886,
0x86b63023,
0x08860404,
0x83138608,
0x00000f00,
0x0886f000,
0x00000008,
0x040486d2,
0xd3000000,
0x86040486,
0x86916023,
0x08860404,
0x60238608,
0x048602bb,
0xbc000004,
0x86040486,
0xce609013,
0xd0000000,
0xcf000000,
0xd1000000,
0x86700786,
0x08860404,
0x04867808,
0x08088604,
0x86301386,
0x00ca5010,
0x00cc0000,
0x00cb0000,
0x86cd0000,
0x10865023,
0x83208630,
0x04868e40,
0x08088604,
0x00811386,
0x00000161,
0x00000162,
0x00000163,
0x12860164,
0x86f80081,
0x08860404,
0x30138608,
0x10881086,
0x86201086,
0x8f108520,
0x86040486,
0x13860808,
0x0350208a,
0x03580000,
0x03600000,
0x86680000,
0x1f864104,
0x86c84083,
0x00000404,
0x0486c900,
0x83238604,
0x0486c670,
0x00000004,
0x040486c7,
0xc4302386,
0x00040486,
0x86c50000,
0x23860404,
0x86900085,
0x08860404,
0x87238608,
0x86028020,
0x08860404,
0x811a8608,
0x1a8628cc,
0x3434861a,
0x86686886,
0x50815081,
0x80323286,
0x002303b5,
0x50ee0caf,
0x6ff3bf3f,
0x30f0008f,
0x32f000e8,
0x4ff3bfe8,
0x80bf308f,
0x900000bd,
0x0b211cb5,
0x4faf004a,
0x004470f0,
0x010304ea,
0x0440cb32,
0x24b2db39,
0x022b0909,
0x883c01f8,
0x983337bf,
0x863330bf,
0x1d0b0c04,
0x4800d1ed,
0x02ccbd90,
0xb5800100,
0xaf004603,
0x1c59781a,
0x1a18b90a,
0x460bbd80,
0x0586e7f8,
0x1ff04485,
0xd45c09e5,
0x080486f0,
0xf0d45aed,
0x00783020,
0x45000a0d,
0x203a003a,
0x00202000,
0x4e550a0d,
0x214b4f5a,
0x034fff00,
0x3e1001d5,
0x7ff821d5,
0x7ef82192,
0x7df82192,
0x7cf82192,
0x73f82192,
0x1e100192,
0x033fdfd5,
0x000ea0d5,
0x40000158,
0x1b1021b9,
0x00802453,
0x00010111,
0x000e4334,
0x04006158,
0x0080608b,
0x00c3e291,
0x00440232,
0x00003fb8,
0xffffc1eb,
0x000da054,
0x80000258,
0x00000212,
0x000d80b9,
0x05860158,
0x0d860124,
0x0b860024,
0x000ce024,
0x00001f58,
0x3800b3b9,
0x401e73d5,
0x00027fd3,
0x000540f1,
0x00096054,
0x78058618,
0x01320000,
0x00b90000,
0x86100486,
0xb9001405,
0x180008e1,
0x52800542,
0xb9000022,
0x180008a4,
0xb9400084,
0x7100009f,
0x54ffffa0,
0xf100067f,
0x54000100,
0xf1000a7f,
0x08048680,
0x00f1000e,
0x62540002,
0x30068604,
0x17fffffe,
0x18000723,
0x52800022,
0xb9000062,
0x06860642,
0x1f008018,
0x860683d6,
0x8662180a,
0x05e3180b,
0x82180a86,
0x41180b86,
0x42180005,
0x10068600,
0x18000441,
0x06860822,
0x860a420c,
0x86620806,
0x86c21007,
0x08863407,
0x8603243c,
0xc434810e,
0x100e8602,
0x100f8664,
0x38078622,
0x068601e1,
0x01c40881,
0xf9200586,
0x08810886,
0xfff02000,
0xfff02004,
0x840586f0,
0x0cf0116f,
0x14f02101,
0x18f02101,
0x1cf02101,
0x08f02101,
0x10100486,
0x0100ffe4,
0x23058621,
0x86f01004,
0x1808f006,
0x80080686,
0x10078611,
0x10078614,
0x86200886,
0x0a861808,
0x00004c85,
0x00000000,
0x00000000,
0x00000000,
0x00000000,
0x00000000,
0x00000000,
0x00000000,
0x00000000,
0x00000000,
0x00000000,
0x00000000,
0x00000000,
0x00000000,
0x00000000,
0x00000000,
0x00000000,
0x00000000,
0x00000000,
0x00000000,
0x00000000,
0x00000000,
0x00000000,
0x00000000,
0x00000000,
0x00000000,
0x00000000,
0x00000000,
0x00000000,
0x00000000,
0x00000000,
0x00000000,
0x00000000,
0x00000000,
0x00000000,
0x00000000,
0x00000000,
0x00000000,
0x00000000,
0x00000000,
0x00000000,
0x00000000,
0x00000000,
0x00000000,
0x00000000,
0x00000000,
0x00000000,
0x00000000,
0x00000000,
0x00000000,
0x00000000,
0x00000000,
0x00000000,
0x00000000,
0x00000000,
0x00000000,
0x00000000,
0x00000000,
0x00000000,
0x00000000,
0x00000000,
0x00000000,
0x00000000,
0x00000000,
0x00000000,
0x00000000,
0x00000000,
0x00000000,
0x00000000,
0x00000000,
0x00000000,
0x00000000,
0x00000000,
0x00000000,
0x00000000,
0x00000000,
0x00000000,
0x00000000,
0x00000000,
0x00000000,
0x00000000,
0x00000000,
0x00000000,
0x00000000,
0x00000000,
0x00000000,
0x00000000,
0x00000000,
0x00000000,
0x00000000,
0x00000000,
0x00000000,
0x00000000,
0x00000000,
0x00000000,
0x00000000,
0x00000000,
0x00000000,
0x00000000,
0x00000000,
0x00000000,
0x00000000,
0x00000000,
0x00000000,
0x00000000,
0x00000000,
0x00000000,
0x00000000,
0x00000000,
0x00000000,
0x00000000,
0x00000000,
0x00000000,
0x00000000,
0x00000000,
0x00000000,
0x00000000,
0x00000000,
0x00000000,
0x00000000,
0x00000000,
0x00000000,
0x00000000,
0x00000000,
0x00000000,
0x00000000,
0x00000000,
0x00000000,
0x00000000,
0x00000000,
0x00000000,
0x00000000,
0x00000000,
0x00000000,
0x00000000,
0x00000000,
0x00000000,
0x00000000,
0x00000000,
0x00000000,
0x00000000,
0x00000000,
0x00000000,
0x00000000,
0x00000000,
0x00000000,
0x00000000,
0x00000000,
0x00000000,
0x00000000,
0x00000000,
0x00000000,
0x00000000,
0x00000000,
0x00000000,
0x00000000,
0x00000000,
0x00000000,
0x00000000,
0x00000000,
0x00000000,
0x00000000,
0x00000000,
0x00000000,
0x00000000,
0x00000000,
0x00000000,
0x00000000,
0x00000000,
0x00000000,
0x00000000,
0x00000000,
0x00000000,
0x00000000,
0x00000000,
0x00000000,
0x00000000,
0x00000000,
0x00000000,
0x00000000,
0x00000000,
0x00000000,
0x00000000,
0x00000000,
0x00000000,
0x00000000,
0x00000000,
0x00000000,
0x00000000,
0x00000000,
0x00000000,
0x00000000,
0x00000000,
0x00000000,
0x00000000,
0x00000000,
0x00000000,
0x00000000,
0x00000000,
0x00000000,
0x00000000,
0x00000000,
0x00000000,
0x00000000,
0x00000000,
0x00000000,
0x00000000,
0x00000000,
0x00000000,
0x00000000,
0x00000000,
0x00000000,
0x00000000,
0x00000000,
0x00000000,
0x00000000,
0x00000000,
0x00000000,
0x00000000,
0x00000000,
0x00000000,
0x00000000,
0x00000000,
0x00000000,
0x00000000,
0x00000000,
0x00000000,
0x00000000,
0x00000000,
0x00000000,
0x00000000,
0x00000000,
0x00000000,
0x00000000,
0x00000000,
0x00000000,
0x00000000,
0x00000000,
0x00000000,
0x00000000,
0x00000000,
0x00000000,
0x00000000,
0x00000000,
0x00000000,
0x00000000,
0x00000000,
0x00000000,
0x00000000,
0x00000000,
0x00000000,
0x00000000,
0x00000000,
0x00000000,
0x00000000,
0x00000000,
0x00000000,
0x00000000,
0x00000000,
0x00000000,
0x00000000,
0x00000000,
0x00000000,
0x00000000,
0x00000000,
0x00000000,
0x00000000,
0x00000000,
0x00000000,
0x00000000,
0x00000000,
0x00000000,
0x00000000,
0x00000000,
0x00000000,
0x00000000,
0x00000000,
0x00000000,
0x00000000,
0x00000000,
0x00000000,
0x00000000,
0x00000000,
0x00000000,
0x00000000,
0x00000000,
0x00000000,
0x00000000,
0x00000000,
0x00000000,
0x00000000,
0x00000000,
0x00000000,
0x00000000,
0x00000000,
0x00000000,
0x00000000,
0x00000000,
0x00000000,
0x00000000,
0x00000000,
0x00000000,
0x00000000,
0x00000000,
0x00000000,
0x00000000,
0x00000000,
0x00000000,
0x00000000,
0x00000000,
0x00000000,
0x00000000,
0x00000000,
0x00000000,
0x00000000,
0x00000000,
0x00000000,
0x00000000,
0x00000000,
0x00000000,
0x00000000,
0x00000000,
0x00000000,
0x00000000,
0x00000000,
0x00000000,
0x00000000,
0x00000000,
0x00000000,
0x00000000,
0x00000000,
0x00000000,
0x00000000,
0x00000000,
0x00000000,
0x00000000,
0x00000000,
0x00000000,
0x00000000,
0x00000000,
0x00000000,
0x00000000,
0x00000000,
0x00000000,
0x00000000,
0x00000000,
0x00000000,
0x00000000,
0x00000000,
0x00000000,
0x00000000,
0x00000000,
0x00000000,
0x00000000,
0x00000000,
0x00000000,
0x00000000,
0x00000000,
0x00000000,
0x00000000,
0x00000000,
0x00000000,
0x00000000,
0x00000000,
0x00000000,
0x00000000,
0x00000000,
0x00000000,
0x00000000,
0x00000000,
0x00000000,
0x00000000,
0x00000000,
0x00000000,
0x00000000,
0x00000000,
0x00000000,
0x00000000,
0x00000000,
0x00000000,
0x00000000,
0x00000000,
0x00000000,
0x00000000,
0x00000000,
0x00000000,
0x00000000,
0x00000000,
0x00000000,
0x00000000,
0x00000000,
0x00000000,
0x00000000,
0x00000000,
0x00000000,
0x00000000,
0x00000000,
0x00000000,
0x00000000,
0x00000000,
0x00000000,
0x00000000,
0x00000000,
0x00000000,
0x00000000,
0x00000000,
0x00000000,
0x00000000,
0x00000000,
0x00000000,
0x00000000,
0x00000000,
0x00000000,
0x00000000,
0x00000000,
0x00000000,
0x00000000,
0x00000000,
0x00000000,
0x00000000,
0x00000000,
0x00000000,
0x00000000,
0x00000000,
0x00000000,
0x00000000,
0x00000000,
0x00000000,
0x00000000,
0x00000000,
0x00000000,
0x00000000,
0x00000000,
0x00000000,
0x00000000,
0x00000000,
0x00000000,
0x00000000,
0x00000000,
0x00000000,
0x00000000,
0x00000000,
0x00000000,
0x00000000,
0x00000000,
0x00000000,
0x00000000,
0x00000000,
0x00000000,
0x00000000,
0x00000000,
0x00000000,
0x00000000,
0x00000000,
0x00000000,
0x00000000,
0x00000000,
0x00000000,
0x00000000,
0x00000000,
0x00000000,
0x00000000,
0x00000000,
0x00000000,
0x00000000,
0x00000000,
0x00000000,
0x00000000,
0x00000000,
0x00000000,
0x00000000,
0x00000000,
0x00000000,
0x00000000,
0x00000000,
0x00000000,
0x00000000,
0x00000000,
0x00000000,
0x00000000,
0x00000000,
0x00000000,
0x00000000,
0x00000000,
0x00000000,
0x00000000,
0x00000000,
0x00000000,
0x00000000,
0x00000000,
0x00000000,
0x00000000,
0x00000000,
0x00000000,
0x00000000,
0x00000000,
0x00000000,
0x00000000,
0x00000000,
0x00000000,
0x00000000,
0x00000000,
0x00000000,
0x00000000,
0x00000000,
0x00000000,
0x00000000,
0x00000000,
0x00000000,
0x00000000,
0x00000000,
0x00000000,
0x00000000,
0x00000000,
0x00000000,
0x00000000,
0x00000000,
0x00000000,
0x00000000,
0x00000000,
0x00000000,
0x00000000,
0x00000000,
0x00000000,
0x00000000,
0x00000000,
0x00000000,
0x00000000,
0x00000000,
0x00000000,
0x00000000,
0x00000000,
0x00000000,
0x00000000,
0x00000000,
0x00000000,
0x00000000,
0x00000000,
0x00000000,
0x00000000,
0x00000000,
0x00000000,
0x00000000,
0x00000000,
0x00000000,
0x00000000,
0x00000000,
0x00000000,
0x00000000,
0x00000000,
0x00000000,
0x00000000,
0x00000000,
0x00000000,
0x00000000,
0x00000000,
0x00000000,
0x00000000,
0x00000000,
0x00000000,
0x00000000,
0x00000000,
0x00000000,
0x00000000,
0x00000000,
0x00000000,
0x00000000,
0x00000000,
0x00000000,
0x00000000,
0x00000000,
0x00000000,
0x00000000,
0x00000000,
0x00000000,
0x00000000,
0x00000000,
0x00000000,
0x00000000,
0x00000000,
0x00000000,
0x00000000,
0x00000000,
0x00000000,
0x00000000,
0x00000000,
0x00000000,
0x00000000,
0x00000000,
0x00000000,
0x00000000,
0x00000000,
0x00000000,
0x00000000,
0x00000000,
0x00000000,
0x00000000,
0x00000000,
0x00000000,
0x00000000,
0x00000000,
0x00000000,
0x00000000,
0x00000000,
0x00000000,
0x00000000,
0x00000000,
0x00000000,
0x00000000,
0x00000000,
0x00000000,
0x00000000,
0x00000000,
0x00000000,
0x00000000,
0x00000000,
0x00000000,
0x00000000,
0x00000000,
0x00000000,
0x00000000,
0x00000000,
0x00000000,
0x00000000,
0x00000000,
0x00000000,
0x00000000,
0x00000000,
0x00000000,
0x00000000,
0x00000000,
0x00000000,
0x00000000,
0x00000000,
0x00000000,
0x00000000,
0x00000000,
0x00000000,
0x00000000,
0x00000000,
0x00000000,
0x00000000,
0x00000000,
0x00000000,
0x00000000,
0x00000000,
0x00000000,
0x00000000,
0x00000000,
0x00000000,
0x00000000,
0x00000000,
0x00000000,
0x00000000,
0x00000000,
0x00000000,
0x00000000,
0x00000000,
0x00000000,
0x00000000,
0x00000000,
0x00000000,
0x00000000,
0x00000000,
0x00000000,
0x00000000,
0x00000000,
0x00000000,
0x00000000,
0x00000000,
0x00000000,
0x00000000,
0x00000000,
0x00000000,
0x00000000,
0x00000000,
0x00000000,
0x00000000,
0x00000000,
0x00000000,
0x00000000,
0x00000000,
0x00000000,
0x00000000,
0x00000000,
0x00000000,
0x00000000,
0x00000000,
0x00000000,
0x00000000,
0x00000000,
0x00000000,
0x00000000,
0x00000000,
0x00000000,
0x00000000,
0x00000000,
0x00000000,
0x00000000,
0x00000000,
0x00000000,
0x00000000,
0x00000000,
0x00000000,
0x00000000,
0x00000000,
0x00000000,
0x00000000,
0x00000000,
0x00000000,
0x00000000,
0x00000000,
0x00000000,
0x00000000,
0x00000000,
0x00000000,
0x00000000,
0x00000000,
0x00000000,
0x00000000,
0x00000000,
0x00000000,
0x00000000,
0x00000000,
0x00000000,
0x00000000,
0x00000000,
0x00000000,
0x00000000,
0x00000000,
0x00000000,
0x00000000,
0x00000000,
0x00000000,
0x00000000,
0x00000000,
0x00000000,
0x00000000,
0x00000000,
0x00000000,
0x00000000,
0x00000000,
0x00000000,
0x00000000,
0x00000000,
0x00000000,
0x00000000,
0x00000000,
0x00000000,
0x00000000,
0x00000000,
0x00000000,
0x00000000,
0x00000000,
0x00000000,
0x00000000,
0x00000000,
0x00000000,
0x00000000,
0x00000000,
0x00000000,
0x00000000,
0x00000000,
0x00000000,
0x00000000,
0x00000000,
0x00000000,
0x00000000,
0x00000000,
0x00000000,
0x00000000,
0x00000000,
0x00000000,
0x00000000,
0x00000000,
0x00000000,
0x00000000,
0x00000000,
0x00000000,
0x00000000,
0x00000000,
0x00000000,
0x00000000,
0x00000000,
0x00000000,
0x00000000,
0x00000000,
0x00000000,
0x00000000,
0x00000000,
0x00000000,
0x00000000,
0x00000000,
0x00000000,
0x00000000,
0x00000000,
0x00000000,
0x00000000,
0x00000000,
0x00000000,
0x00000000,
0x00000000,
0x00000000,
0x00000000,
0x00000000,
0x00000000,
0x00000000,
0x00000000,
0x00000000,
0x00000000,
0x00000000,
0x00000000,
0x00000000,
0x00000000,
0x00000000,
0x00000000,
0x00000000,
0x00000000,
0x00000000,
0x00000000,
0x00000000,
0x00000000,
0x00000000,
0x00000000,
0x00000000,
0x00000000,
0x00000000,
0x00000000,
0x00000000,
0x00000000,
0x00000000,
0x00000000,
0x00000000,
0x00000000,
0x00000000,
0x00000000,
0x00000000,
0x00000000,
0x00000000,
0x00000000,
0x00000000,
0x00000000,
0x00000000,
0x00000000,
0x00000000,
0x00000000,
0x00000000,
0x00000000,
0x00000000,
0x00000000,
0x00000000,
0x00000000,
0x00000000,
0x00000000,
0x00000000,
0x00000000,
0x00000000,
0x00000000,
0x00000000,
0x00000000,
0x00000000,
0x00000000,
0x00000000,
0x00000000,
0x00000000,
0x00000000,
0x00000000,
0x00000000,
0x00000000,
0x00000000,
0x00000000,
0x00000000,
0x00000000,
0x00000000,
0x00000000,
0x00000000,
0x00000000,
0x00000000,
0x00000000,
0x00000000,
0x00000000,
0x00000000,
0x00000000,
0x00000000,
0x00000000,
0x00000000,
0x00000000,
0x00000000,
0x00000000,
0x00000000,
0x00000000,
0x00000000,
0x00000000,
0x00000000,
0x00000000,
0x00000000,
0x00000000,
0x00000000,
0x00000000,
0x00000000,
0x00000000,
0x00000000,
0x00000000,
0x00000000,
0x00000000,
0x00000000,
0x00000000,
0x00000000,
0x00000000,
0x00000000,
0x00000000,
0x00000000,
0x00000000,
0x00000000,
0x00000000,
0x00000000,
0x00000000,
0x00000000,
0x00000000,
0x00000000,
0x00000000,
0x00000000,
0x00000000,
0x00000000,
0x00000000,
0x00000000,
0x00000000,
0x00000000,
0x00000000,
0x00000000,
0x00000000,
0x00000000,
0x00000000,
0x00000000,
0x00000000,
0x00000000,
0x00000000,
0x00000000,
0x00000000,
0x00000000,
0x00000000,
0x00000000,
0x00000000,
0x00000000,
0x00000000,
0x00000000,
0x00000000,
0x00000000,
0x00000000,
0x00000000,
0x00000000,
0x00000000,
0x00000000,
0x00000000,
0x00000000,
0x00000000,
0x00000000,
0x00000000,
0x00000000,
0x00000000,
0x00000000,
0x00000000,
0x00000000,
0x00000000,
0x00000000,
0x00000000,
0x00000000,
0x00000000,
0x00000000,
0x00000000,
0x00000000,
0x00000000,
0x00000000,
0x00000000,
0x00000000,
0x00000000,
0x00000000,
0x00000000,
0x00000000,
0x00000000,
0x00000000,
0x00000000,
0x00000000,
0x00000000,
0x00000000,
0x00000000,
0x00000000,
0x00000000,
0x00000000,
0x00000000,
0x00000000,
0x00000000,
0x00000000,
0x00000000,
0x00000000,
0x00000000,
0x00000000,
0x00000000,
0x00000000,
0x00000000,
0x00000000,
0x00000000,
0x00000000,
0x00000000,
0x00000000,
0x00000000,
0x00000000,
0x00000000,
0x00000000,
0x00000000,
0x00000000,
0x00000000,
0x00000000,
0x00000000,
0x00000000,
0x00000000,
0x00000000,
0x00000000,
0x00000000,
0x00000000,
0x00000000,
0x00000000,
0x00000000,
0x00000000,
0x00000000,
0x00000000,
0x00000000,
0x00000000,
0x00000000,
0x00000000,
0x00000000,
0x00000000,
0x00000000,
0x00000000,
0x00000000,
0x00000000,
0x00000000,
0x00000000,
0x00000000,
0x00000000,
0x00000000,
0x00000000,
0x00000000,
0x00000000,
0x00000000,
0x00000000,
0x00000000,
0x00000000,
0x00000000,
0x00000000,
0x00000000,
0x00000000,
0x00000000,
0x00000000,
0x00000000,
0x00000000,
0x00000000,
0x00000000,
0x00000000,
0x00000000,
0x00000000,
0x00000000,
0x00000000,
0x00000000,
0x00000000,
0x00000000,
0x00000000,
0x00000000,
0x00000000,
0x00000000,
0x00000000,
0x00000000,
0x00000000,
0x00000000,
0x00000000,
0x00000000,
0x00000000,
0x00000000,
0x00000000,
0x00000000,
0x00000000,
0x00000000,
0x00000000,
0x00000000,
0x00000000,
0x00000000,
0x00000000,
0x00000000,
0x00000000,
0x00000000,
0x00000000,
0x00000000,
0x00000000,
0x00000000,
0x00000000,
0x00000000,
0x00000000,
0x00000000,
0x00000000,
0x00000000,
0x00000000,
0x00000000,
0x00000000,
0x00000000,
0x00000000,
0x00000000,
0x00000000,
0x00000000,
0x00000000,
0x00000000,
0x00000000,
0x00000000,
0x00000000,
0x00000000,
0x00000000,
0x00000000,
0x00000000,
0x00000000,
0x00000000,
0x00000000,
0x00000000,
0x00000000,
0x00000000,
0x00000000,
0x00000000,
0x00000000,
0x00000000,
0x00000000,
0x00000000,
0x00000000,
0x00000000,
0x00000000,
0x00000000,
0x00000000,
0x00000000,
0x00000000,
0x00000000,
0x00000000,
0x00000000,
0x00000000,
0x00000000,
0x00000000,
0x00000000,
0x00000000,
0x00000000,
0x00000000,
0x00000000,
0x00000000,
0x00000000,
0x00000000,
0x00000000,
0x00000000,
0x00000000,
0x00000000,
0x00000000,
0x00000000,
0x00000000,
0x00000000,
0x00000000,
0x00000000,
0x00000000,
0x00000000,
0x00000000,
0x00000000,
0x00000000,
0x00000000,
0x00000000,
0x00000000,
0x00000000,
0x00000000,
0x00000000,
0x00000000,
0x00000000,
0x00000000,
0x00000000,
0x00000000,
0x00000000,
0x00000000,
0x00000000,
0x00000000,
0x00000000,
0x00000000,
0x00000000,
0x00000000,
0x00000000,
0x00000000,
0x00000000,
0x00000000,
0x00000000,
0x00000000,
0x00000000,
0x00000000,
0x00000000,
0x00000000,
0x00000000,
0x00000000,
0x00000000,
0x00000000,
0x00000000,
0x00000000,
0x00000000,
0x00000000,
0x00000000,
0x00000000,
0x00000000,
0x00000000,
0x00000000,
0x00000000,
0x00000000,
0x00000000,
0x00000000,
0x00000000,
0x00000000,
0x00000000,
0x00000000,
0x00000000,
0x00000000,
0x00000000,
0x00000000,
0x00000000,
0x00000000,
0x00000000,
0x00000000,
0x00000000,
0x00000000,
0x00000000,
0x00000000,
0x00000000,
0x00000000,
0x00000000,
0x00000000,
0x00000000,
0x00000000,
0x00000000,
0x00000000,
0x00000000,
0x00000000,
0x00000000,
0x00000000,
0x00000000,
0x00000000,
0x00000000,
0x00000000,
0x00000000,
0x00000000,
0x00000000,
0x00000000,
0x00000000,
0x00000000,
0x00000000,
0x00000000,
0x00000000,
0x00000000,
0x00000000,
0x00000000,
0x00000000,
0x00000000,
0x00000000,
0x00000000,
0x00000000,
0x00000000,
0x00000000,
0x00000000,
0x00000000,
0x00000000,
0x00000000,
0x00000000,
0x00000000,
0x00000000,
0x00000000,
0x00000000,
0x00000000,
0x00000000,
0x00000000,
0x00000000,
0x00000000,
0x00000000,
0x00000000,
0x00000000,
0x00000000,
0x00000000,
0x00000000,
0x00000000,
0x00000000,
0x00000000,
0x00000000,
0x00000000,
0x00000000,
0x00000000,
0x00000000,
0x00000000,
0x00000000,
0x00000000,
0x00000000,
0x00000000,
0x00000000,
0x00000000,
0x00000000,
0x00000000,
0x00000000,
0x00000000,
0x00000000,
0x00000000,
0x00000000,
0x00000000,
0x00000000,
0x00000000,
0x00000000,
0x00000000,
0x00000000,
0x00000000,
0x00000000,
0x00000000,
0x00000000,
0x00000000,
0x00000000,
0x00000000,
0x00000000,
0x00000000,
0x00000000,
0x00000000,
0x00000000,
0x00000000,
0x00000000,
0x00000000,
0x00000000,
0x00000000,
0x00000000,
0x00000000,
0x00000000,
0x00000000,
0x00000000,
0x00000000,
0x00000000,
0x00000000,
0x00000000,
0x00000000,
0x00000000,
0x00000000,
0x00000000,
0x00000000,
0x00000000,
0x00000000,
0x00000000,
0x00000000,
0x00000000,
0x00000000,
0x00000000,
0x00000000,
0x00000000,
0x00000000,
0x00000000,
0x00000000,
0x00000000,
0x00000000,
0x00000000,
0x00000000,
0x00000000,
0x00000000,
0x00000000,
0x00000000,
0x00000000,
0x00000000,
0x00000000,
0x00000000,
0x00000000,
0x00000000,
0x00000000,
0x00000000,
0x00000000,
0x00000000,
0x00000000,
0x00000000,
0x00000000,
0x00000000,
0x00000000,
0x00000000,
0x00000000,
0x00000000,
0x00000000,
0x00000000,
0x00000000,
0x00000000,
0x00000000,
0x00000000,
0x00000000,
0x00000000,
0x00000000,
0x00000000,
0x00000000,
0x00000000,
0x00000000,
0x00000000,
0x00000000,
0x00000000,
0x00000000,
0x00000000,
0x00000000,
0x00000000,
0x00000000,
0x00000000,
0x00000000,
0x00000000,
0x00000000,
0x00000000,
0x00000000,
0x00000000,
0x00000000,
0x00000000,
0x00000000,
0x00000000,
0x00000000,
0x00000000,
0x00000000,
0x00000000,
0x00000000,
0x00000000,
0x00000000,
0x00000000,
0x00000000,
0x00000000,
0x00000000,
0x00000000,
0x00000000,
0x00000000,
0x00000000,
0x00000000,
0x00000000,
0x00000000,
0x00000000,
0x00000000,
0x00000000,
0x00000000,
0x00000000,
0x00000000,
0x00000000,
0x00000000,
0x00000000,
0x00000000,
0x00000000,
0x00000000,
0x00000000,
0x00000000,
0x00000000,
0x00000000,
0x00000000,
0x00000000,
0x00000000,
0x00000000,
0x00000000,
0x00000000,
0x00000000,
0x00000000,
0x00000000,
0x00000000,
0x00000000,
0x00000000,
0x00000000,
0x00000000,
0x00000000,
0x00000000,
0x00000000,
0x00000000,
0x00000000,
0x00000000,
0x00000000,
0x00000000,
0x00000000,
0x00000000,
0x00000000,
0x00000000,
0x00000000,
0x00000000,
0x00000000,
0x00000000,
0x00000000,
0x00000000,
0x00000000,
0x00000000,
0x00000000,
0x00000000,
0x00000000,
0x00000000,
0x00000000,
0x00000000,
0x00000000,
0x00000000,
0x00000000,
0x00000000,
0x00000000,
0x00000000,
0x00000000,
0x00000000,
0x00000000,
0x00000000,
0x00000000,
0x00000000,
0x00000000,
0x00000000,
0x00000000,
0x00000000,
0x00000000,
0x00000000,
0x00000000,
0x00000000,
0x00000000,
0x00000000,
0x00000000,
0x00000000,
0x00000000,
0x00000000,
0x00000000,
0x00000000,
0x00000000,
0x00000000,
0x00000000,
0x00000000,
0x00000000,
0x00000000,
0x00000000,
0x00000000,
0x00000000,
0x00000000,
0x00000000,
0x00000000,
0x00000000,
0x00000000,
0x00000000,
0x00000000,
0x00000000,
0x00000000,
0x00000000,
0x00000000,
0x00000000,
0x00000000,
0x00000000,
0x00000000,
0x00000000,
0x00000000,
0x00000000,
0x00000000,
0x00000000,
0x00000000,
0x00000000,
0x00000000,
0x00000000,
0x00000000,
0x00000000,
0x00000000,
0x00000000,
0x00000000,
0x00000000,
0x00000000,
0x00000000,
0x00000000,
0x00000000,
0x00000000,
0x00000000,
0x00000000,
0x00000000,
0x00000000,
0x00000000,
0x00000000,
0x00000000,
0x00000000,
0x00000000,
0x00000000,
0x00000000,
0x00000000,
0x00000000,
0x00000000,
0x00000000,
0x00000000,
0x00000000,
0x00000000,
0x00000000,
0x00000000,
0x00000000,
0x00000000,
0x00000000,
0x00000000,
0x00000000,
0x00000000,
0x00000000,
0x00000000,
0x00000000,
0x00000000,
0x00000000,
0x00000000,
0x00000000,
0x00000000,
0x00000000,
0x00000000,
0x00000000,
0x00000000,
0x00000000,
0x00000000,
0x00000000,
0x00000000,
0x00000000,
0x00000000,
0x00000000,
0x00000000,
0x00000000,
0x00000000,
0x00000000,
0x00000000,
0x00000000,
0x00000000,
0x00000000,
0x00000000,
0x00000000,
0x00000000,
0x00000000,
0x00000000,
0x00000000,
0x00000000,
0x00000000,
0x00000000,
0x00000000,
0x00000000,
0x00000000,
0x00000000,
0x00000000,
0x00000000,
0x00000000,
0x00000000,
0x00000000,
0x00000000,
0x00000000,
0x00000000,
0x00000000,
0x00000000,
0x00000000,
0x00000000,
0x00000000,
0x00000000,
0x00000000,
0x00000000,
0x00000000,
0x00000000,
0x00000000,
0x00000000,
0x00000000,
0x00000000,
0x00000000,
0x00000000,
0x00000000,
0x00000000,
0x00000000,
0x00000000,
0x00000000,
0x00000000,
0x00000000,
0x00000000,
0x00000000,
0x00000000,
0x00000000,
0x00000000,
0x00000000,
0x00000000,
0x00000000,
0x00000000,
0x00000000,
0x00000000,
0x00000000,
0x00000000,
0x00000000,
0x00000000,
0x00000000,
0x00000000,
0x00000000,
0x00000000,
0x00000000,
0x00000000,
0x00000000,
0x00000000,
0x00000000,
0x00000000,
0x00000000,
0x00000000,
0x00000000,
0x00000000,
0x00000000,
0x00000000,
0x00000000,
0x00000000,
0x00000000,
0x00000000,
0x00000000,
0x00000000,
0x00000000,
0x00000000,
0x00000000,
0x00000000,
0x00000000,
0x00000000,
0x00000000,
0x00000000,
0x00000000,
0x00000000,
0x00000000,
0x00000000,
0x00000000,
0x00000000,
0x00000000,
0x00000000,
0x00000000,
0x00000000,
0x00000000,
0x00000000,
0x00000000,
0x00000000,
0x00000000,
0x00000000,
0x00000000,
0x00000000,
0x00000000,
0x00000000,
0x00000000,
0x00000000,
0x00000000,
0x00000000,
0x00000000,
0x00000000,
0x00000000,
0x00000000,
0x00000000,
0x00000000,
0x00000000,
0x00000000,
0x00000000,
0x00000000,
0x00000000,
0x00000000,
0x00000000,
0x00000000,
0x00000000,
0x00000000,
0x00000000,
0x00000000,
0x00000000,
0x00000000,
0x00000000,
0x00000000,
0x00000000,
0x00000000,
0x00000000,
0x00000000,
0x00000000,
0x00000000,
0x00000000,
0x00000000,
0x00000000,
0x00000000,
0x00000000,
0x00000000,
0x00000000,
0x00000000,
0x00000000,
0x00000000,
0x00000000,
0x00000000,
0x00000000,
0x00000000,
0x00000000,
0x00000000,
0x00000000,
0x00000000,
0x00000000,
0x00000000,
0x00000000,
0x00000000,
0x00000000,
0x00000000,
0x00000000,
0x00000000,
0x00000000,
0x00000000,
0x00000000,
0x00000000,
0x00000000,
0x00000000,
0x00000000,
0x00000000,
0x00000000,
0x00000000,
0x00000000,
0x00000000,
0x00000000,
0x00000000,
0x00000000,
0x00000000,
0x00000000,
0x00000000,
0x00000000,
0x00000000,
0x00000000,
0x00000000,
0x00000000,
0x00000000,
0x00000000,
0x00000000,
0x00000000,
0x00000000,
0x00000000,
0x00000000,
0x00000000,
0x00000000,
0x00000000,
0x00000000,
0x00000000,
0x00000000,
0x00000000,
0x00000000,
0x00000000,
0x00000000,
0x00000000,
0x00000000,
0x00000000,
0x00000000,
0x00000000,
0x00000000,
0x00000000,
0x00000000,
0x00000000,
0x00000000,
0x00000000,
0x00000000,
0x00000000,
0x00000000,
0x00000000,
0x00000000,
0x00000000,
0x00000000,
0x00000000,
0x00000000,
0x00000000,
0x00000000,
0x00000000,
0x00000000,
0x00000000,
0x00000000,
0x00000000,
0x00000000,
0x00000000,
0x00000000,
0x00000000,
0x00000000,
0x00000000,
0x00000000,
0x00000000,
0x00000000,
0x00000000,
0x00000000,
0x00000000,
0x00000000,
0x00000000,
0x00000000,
0x00000000,
0x00000000,
0x00000000,
0x00000000,
0x00000000,
0x00000000,
0x00000000,
0x00000000,
0x00000000,
0x00000000,
0x00000000,
0x00000000,
0x00000000,
0x00000000,
0x00000000,
0x00000000,
0x00000000,
0x00000000,
0x00000000,
0x00000000,
0x00000000,
0x00000000,
0x00000000,
0x00000000,
0x00000000,
0x00000000,
0x00000000,
0x00000000,
0x00000000,
0x00000000,
0x00000000,
0x00000000,
0x00000000,
0x00000000,
0x00000000,
0x00000000,
0x00000000,
0x00000000,
0x00000000,
0x00000000,
0x00000000,
0x00000000,
0x00000000,
0x00000000,
0x00000000,
0x00000000,
0x00000000,
0x00000000,
0x00000000,
0x00000000,
0x00000000,
0x00000000,
0x00000000,
0x00000000,
0x00000000,
0x00000000,
0x00000000,
0x00000000,
0x00000000,
0x00000000,
0x00000000,
0x00000000,
0x00000000,
0x00000000,
0x00000000,
0x00000000,
0x00000000,
0x00000000,
0x00000000,
0x00000000,
0x00000000,
0x00000000,
0x00000000,
0x00000000,
0x00000000,
0x00000000,
0x00000000,
0x00000000,
0x00000000,
0x00000000,
0x00000000,
0x00000000,
0x00000000,
0x00000000,
0x00000000,
0x00000000,
0x00000000,
0x00000000,
0x00000000,
0x00000000,
0x00000000,
0x00000000,
0x00000000,
0x00000000,
0x00000000,
0x00000000,
0x00000000,
0x00000000,
0x00000000,
0x00000000,
0x00000000,
0x00000000,
0x00000000,
0x00000000,
0x00000000,
0x00000000,
0x00000000,
0x00000000,
0x00000000,
0x00000000,
0x00000000,
0x00000000,
0x00000000,
0x00000000,
0x00000000,
0x00000000,
0x00000000,
0x00000000,
0x00000000,
0x00000000,
0x00000000,
0x00000000,
0x00000000,
0x00000000,
0x00000000,
0x00000000,
0x00000000,
0x00000000,
0x00000000,
0x00000000,
0x00000000,
0x00000000,
0x00000000,
0x00000000,
0x00000000,
0x00000000,
0x00000000,
0x00000000,
0x00000000,
0x00000000,
0x00000000,
0x00000000,
0x00000000,
0x00000000,
0x00000000,
0x00000000,
0x00000000,
0x00000000,
0x00000000,
0x00000000,
0x00000000,
0x00000000,
0x00000000,
0x00000000,
0x00000000,
0x00000000,
0x00000000,
0x00000000,
0x00000000,
0x00000000,
0x00000000,
0x00000000,
0x00000000,
0x00000000,
0x00000000,
0x00000000,
0x00000000,
0x00000000,
0x00000000,
0x00000000,
0x00000000,
0x00000000,
0x00000000,
0x00000000,
0x00000000,
0x00000000,
0x00000000,
0x00000000,
0x00000000,
0x00000000,
0x00000000,
0x00000000,
0x00000000,
0x00000000,
0x00000000,
0x00000000,
0x00000000,
0x00000000,
0x00000000,
0x00000000,
0x00000000,
0x00000000,
0x00000000,
0x00000000,
0x00000000,
0x00000000,
0x00000000,
0x00000000,
0x00000000,
0x00000000,
0x00000000,
0x00000000,
0x00000000,
0x00000000,
0x00000000,
0x00000000,
0x00000000,
0x00000000,
0x00000000,
0x00000000,
0x00000000,
0x00000000,
0x00000000,
0x00000000,
0x00000000,
0x00000000,
0x00000000,
0x00000000,
0x00000000,
0x00000000,
0x00000000,
0x00000000,
0x00000000,
0x00000000,
0x00000000,
0x00000000,
0x00000000,
0x00000000,
0x00000000,
0x00000000,
0x00000000,
0x00000000,
0x00000000,
0x00000000,
0x00000000,
0x00000000,
0x00000000,
0x00000000,
0x00000000,
0x00000000,
0x00000000,
0x00000000,
0x00000000,
0x00000000,
0x00000000,
0x00000000,
0x00000000,
0x00000000,
0x00000000,
0x00000000,
0x00000000,
0x00000000,
0x00000000,
0x00000000,
0x00000000,
0x00000000,
0x00000000,
0x00000000,
0x00000000,
0x00000000,
0x00000000,
0x00000000,
0x00000000,
0x00000000,
0x00000000,
0x00000000,
0x00000000,
0x00000000,
0x00000000,
0x00000000,
0x00000000,
0x00000000,
0x00000000,
0x00000000,
0x00000000,
0x00000000,
0x00000000,
0x00000000,
0x00000000,
0x00000000,
0x00000000,
0x00000000,
0x00000000,
0x00000000,
0x00000000,
0x00000000,
0x00000000,
0x00000000,
0x00000000,
0x00000000,
0x00000000,
0x00000000,
0x00000000,
0x00000000,
0x00000000,
0x00000000,
0x00000000,
0x00000000,
0x00000000,
0x00000000,
0x00000000,
0x00000000,
0x00000000,
0x00000000,
0x00000000,
0x00000000,
0x00000000,
0x00000000,
0x00000000,
0x00000000,
0x00000000,
0x00000000,
0x00000000,
0x00000000,
0x00000000,
0x00000000,
0x00000000,
0x00000000,
0x00000000,
0x00000000,
0x00000000,
0x00000000,
0x00000000,
0x00000000,
0x00000000,
0x00000000,
0x00000000,
0x00000000,
0x00000000,
0x00000000,
0x00000000,
0x00000000,
0x00000000,
0x00000000,
0x00000000,
0x00000000,
0x00000000,
0x00000000,
0x00000000,
0x00000000,
0x00000000,
0x00000000,
0x00000000,
0x00000000,
0x00000000,
0x00000000,
0x00000000,
0x00000000,
0x00000000,
0x00000000,
0x00000000,
0x00000000,
0x00000000,
0x00000000,
0x00000000,
0x00000000,
0x00000000,
0x00000000,
0x00000000,
0x00000000,
0x00000000,
0x00000000,
0x00000000,
0x00000000,
0x00000000,
0x00000000,
0x00000000,
0x00000000,
0x00000000,
0x00000000,
0x00000000,
0x00000000,
0x00000000,
0x00000000,
0x00000000,
0x00000000,
0x00000000,
0x00000000,
0x00000000,
0x00000000,
0x00000000,
0x00000000,
0x00000000,
0x00000000,
0x00000000,
0x00000000,
0x00000000,
0x00000000,
0x00000000,
0x00000000,
0x00000000,
0x00000000,
0x00000000,
0x00000000,
0x00000000,
0x00000000,
0x00000000,
0x00000000,
0x00000000,
0x00000000,
0x00000000,
0x00000000,
0x00000000,
0x00000000,
0x00000000,
0x00000000,
0x00000000,
0x00000000,
0x00000000,
0x00000000,
0x00000000,
0x00000000,
0x00000000,
0x00000000,
0x00000000,
0x00000000,
0x00000000,
0x00000000,
0x00000000,
0x00000000,
0x00000000,
0x00000000,
0x00000000,
0x00000000,
0x00000000,
0x00000000,
0x00000000,
0x00000000,
0x00000000,
0x00000000,
0x00000000,
0x00000000,
0x00000000,
0x00000000,
0x00000000,
0x00000000,
0x00000000,
0x00000000,
0x00000000,
0x00000000,
0x00000000,
0x00000000,
0x00000000,
0x00000000,
0x00000000,
0x00000000,
0x00000000,
0x00000000,
0x00000000,
0x00000000,
0x00000000,
0x00000000,
0x00000000,
0x00000000,
0x00000000,
0x00000000,
0x00000000,
0x00000000,
0x00000000,
0x00000000,
0x00000000,
0x00000000,
0x00000000,
0x00000000,
0x00000000,
0x00000000,
0x00000000,
0x00000000,
0x00000000,
0x00000000,
0x00000000,
0x00000000,
0x00000000,
0x00000000,
0x00000000,
0x00000000,
0x00000000,
0x00000000,
0x00000000,
0x00000000,
0x00000000,
0x00000000,
0x00000000,
0x00000000,
0x00000000,
0x00000000,
0x00000000,
0x00000000,
0x00000000,
0x00000000,
0x00000000,
0x00000000,
0x00000000,
0x00000000,
0x00000000,
0x00000000,
0x00000000,
0x00000000,
0x00000000,
0x00000000,
0x00000000,
0x00000000,
0x00000000,
0x00000000,
0x00000000,
0x00000000,
0x00000000,
0x00000000,
0x00000000,
0x00000000,
0x00000000,
0x00000000,
0x00000000,
0x00000000,
0x00000000,
0x00000000,
0x00000000,
0x00000000,
0x00000000,
0x00000000,
0x00000000,
0x00000000,
0x00000000,
0x00000000,
0x00000000,
0x00000000,
0x00000000,
0x00000000,
0x00000000,
0x00000000,
0x00000000,
0x00000000,
0x00000000,
0x00000000,
0x00000000,
0x00000000,
0x00000000,
0x00000000,
0x00000000,
0x00000000,
0x00000000,
0x00000000,
0x00000000,
0x00000000,
0x00000000,
0x00000000,
0x00000000,
0x00000000,
0x00000000,
0x00000000,
0x00000000,
0x00000000,
0x00000000,
0x00000000,
0x00000000,
0x00000000,
0x00000000,
0x00000000,
0x00000000,
0x00000000,
0x00000000,
0x00000000,
0x00000000,
0x00000000,
0x00000000,
0x00000000,
0x00000000,
0x00000000,
0x00000000,
0x00000000,
0x00000000,
0x00000000,
0x00000000,
0x00000000,
0x00000000,
0x00000000,
0x00000000,
0x00000000,
0x00000000,
0x00000000,
0x00000000,
0x00000000,
0x00000000,
0x00000000,
0x00000000,
0x00000000,
0x00000000,
0x00000000,
0x00000000,
0x00000000,
0x00000000,
0x00000000,
0x00000000,
0x00000000,
0x00000000,
0x00000000,
0x00000000,
0x00000000,
0x00000000,
0x00000000,
0x00000000,
0x00000000,
0x00000000,
0x00000000,
0x00000000,
0x00000000,
0x00000000,
0x00000000,
0x00000000,
0x00000000,
0x00000000,
0x00000000,
0x00000000,
0x00000000,
0x00000000,
0x00000000,
0x00000000,
0x00000000,
0x00000000,
0x00000000,
0x00000000,
0x00000000,
0x00000000,
0x00000000,
0x00000000,
0x00000000,
0x00000000,
0x00000000,
0x00000000,
0x00000000,
0x00000000,
0x00000000,
0x00000000,
0x00000000,
0x00000000,
0x00000000,
0x00000000,
0x00000000,
0x00000000,
0x00000000,
0x00000000,
0x00000000,
0x00000000,
0x00000000,
0x00000000,
0x00000000,
0x00000000,
0x00000000,
0x00000000,
0x00000000,
0x00000000,
0x00000000,
0x00000000,
0x00000000,
0x00000000,
0x00000000,
0x00000000,
0x00000000,
0x00000000,
0x00000000,
0x00000000,
0x00000000,
0x00000000,
0x00000000,
0x00000000,
0x00000000,
0x00000000,
0x00000000,
0x00000000,
0x00000000,
0x00000000,
0x00000000,
0x00000000,
0x00000000,
0x00000000,
0x00000000,
0x00000000,
0x00000000,
0x00000000,
0x00000000,
0x00000000,
0x00000000,
0x00000000,
0x00000000,
0x00000000,
0x00000000,
0x00000000,
0x00000000,
0x00000000,
0x00000000,
0x00000000,
0x00000000,
0x00000000,
0x00000000,
0x00000000,
0x00000000,
0x00000000,
0x00000000,
0x00000000,
0x00000000,
0x00000000,
0x00000000,
0x00000000,
0x00000000,
0x00000000,
0x00000000,
0x00000000,
0x00000000,
0x00000000,
0x00000000,
0x00000000,
0x00000000,
0x00000000,
0x00000000,
0x00000000,
0x00000000,
0x00000000,
0x00000000,
0x00000000,
0x00000000,
0x00000000,
0x00000000,
0x00000000,
0x00000000,
0x00000000,
0x00000000,
0x00000000,
0x00000000,
0x00000000,
0x00000000,
0x00000000,
0x00000000,
0x00000000,
0x00000000,
0x00000000,
0x00000000,
0x00000000,
0x00000000,
0x00000000,
0x00000000,
0x00000000,
0x00000000,
0x00000000,
0x00000000,
0x00000000,
0x00000000,
0x00000000,
0x00000000,
0x00000000,
0x00000000,
0x00000000,
0x00000000,
0x00000000,
0x00000000,
0x00000000,
0x00000000,
0x00000000,
0x00000000,
0x00000000,
0x00000000,
0x00000000,
0x00000000,
0x00000000,
0x00000000,
0x00000000,
0x00000000,
0x00000000,
0x00000000,
0x00000000,
0x00000000,
0x00000000,
0x00000000,
0x00000000,
0x00000000,
0x00000000,
0x00000000,
0x00000000,
0x00000000,
0x00000000,
0x00000000,
0x00000000,
0x00000000,
0x00000000,
0x00000000,
0x00000000,
0x00000000,
0x00000000,
0x00000000,
0x00000000,
0x00000000,
0x00000000,
0x00000000,
0x00000000,
0x00000000,
0x00000000,
0x00000000,
0x00000000,
0x00000000,
0x00000000,
0x00000000,
0x00000000,
0x00000000,
0x00000000,
0x00000000,
0x00000000,
0x00000000,
0x00000000,
0x00000000,
0x00000000,
0x00000000,
0x00000000,
0x00000000,
0x00000000,
0x00000000,
0x00000000,
0x00000000,
0x00000000,
0x00000000,
0x00000000,
0x00000000,
0x00000000,
0x00000000,
0x00000000,
0x00000000,
0x00000000,
0x00000000,
0x00000000,
0x00000000,
0x00000000,
0x00000000,
0x00000000,
0x00000000,
0x00000000,
0x00000000,
0x00000000,
0x00000000,
0x00000000,
0x00000000,
0x00000000,
0x00000000,
0x00000000,
0x00000000,
0x00000000,
0x00000000,
0x00000000,
0x00000000,
0x00000000,
0x00000000,
0x00000000,
0x00000000,
0x00000000,
0x00000000,
0x00000000,
0x00000000,
0x00000000,
0x00000000,
0x00000000,
0x00000000,
0x00000000,
0x00000000,
0x00000000,
0x00000000,
0x00000000,
0x00000000,
0x00000000,
0x00000000,
0x00000000,
0x00000000,
0x00000000,
0x00000000,
0x00000000,
0x00000000,
0x00000000,
0x00000000,
0x00000000,
0x00000000,
0x00000000,
0x00000000,
0x00000000,
0x00000000,
0x00000000,
0x00000000,
0x00000000,
0x00000000,
0x00000000,
0x00000000,
0x00000000,
0x00000000,
0x00000000,
0x00000000,
0x00000000,
0x00000000,
0x00000000,
0x00000000,
0x00000000,
0x00000000,
0x00000000,
0x00000000,
0x00000000,
0x00000000,
0x00000000,
0x00000000,
0x00000000,
0x00000000,
0x00000000,
0x00000000,
0x00000000,
0x00000000,
0x00000000,
0x00000000,
0x00000000,
0x00000000,
0x00000000,
0x00000000,
0x00000000,
0x00000000,
0x00000000,
0x00000000,
0x00000000,
0x00000000,
0x00000000,
0x00000000,
0x00000000,
0x00000000,
0x00000000,
0x00000000,
0x00000000,
0x00000000,
0x00000000,
0x00000000,
0x00000000,
0x00000000,
0x00000000,
0x00000000,
0x00000000,
0x00000000,
0x00000000,
0x00000000,
0x00000000,
0x00000000,
0x00000000,
0x00000000,
0x00000000,
0x00000000,
0x00000000,
0x00000000,
0x00000000,
0x00000000,
0x00000000,
0x00000000,
0x00000000,
0x00000000,
0x00000000,
0x00000000,
0x00000000,
0x00000000,
0x00000000,
0x00000000,
0x00000000,
0x00000000,
0x00000000,
0x00000000,
0x00000000,
0x00000000,
0x00000000,
0x00000000,
0x00000000,
0x00000000,
0x00000000,
0x00000000,
0x00000000,
0x00000000,
0x00000000,
0x00000000,
0x00000000,
0x00000000,
0x00000000,
0x00000000,
0x00000000,
0x00000000,
0x00000000,
0x00000000,
0x00000000,
0x00000000,
0x00000000,
0x00000000,
0x00000000,
0x00000000,
0x00000000,
0x00000000,
0x00000000,
0x00000000,
0x00000000,
0x00000000,
0x00000000,
0x00000000,
0x00000000,
0x00000000,
0x00000000,
0x00000000,
0x00000000,
0x00000000,
0x00000000,
0x00000000,
0x00000000,
0x00000000,
0x00000000,
0x00000000,
0x00000000,
0x00000000,
0x00000000,
0x00000000,
0x00000000,
0x00000000,
0x00000000,
0x00000000,
0x00000000,
0x00000000,
0x00000000,
0x00000000,
0x00000000,
0x00000000,
0x00000000,
0x00000000,
0x00000000,
0x00000000,
0x00000000,
0x00000000,
0x00000000,
0x00000000,
0x00000000,
0x00000000,
0x00000000,
0x00000000,
0x00000000,
0x00000000,
0x00000000,
0x00000000,
0x00000000,
0x00000000,
0x00000000,
0x00000000,
0x00000000,
0x00000000,
0x00000000,
0x00000000,
0x00000000,
0x00000000,
0x00000000,
0x00000000,
0x00000000,
0x00000000,
0x00000000,
0x00000000,
0x00000000,
0x00000000,
0x00000000,
0x00000000,
0x00000000,
0x00000000,
0x00000000,
0x00000000,
0x00000000,
0x00000000,
0x00000000,
0x00000000,
0x00000000,
0x00000000,
0x00000000,
0x00000000,
0x00000000,
0x00000000,
0x00000000,
0x00000000,
0x00000000,
0x00000000,
0x00000000,
0x00000000,
0x00000000,
0x00000000,
0x00000000,
0x00000000,
0x00000000,
0x00000000,
0x00000000,
0x00000000,
0x00000000,
0x00000000,
0x00000000,
0x00000000,
0x00000000,
0x00000000,
0x00000000,
0x00000000,
0x00000000,
0x00000000,
0x00000000,
0x00000000,
0x00000000,
0x00000000,
0x00000000,
0x00000000,
0x00000000,
0x00000000,
0x00000000,
0x00000000,
0x00000000,
0x00000000,
0x00000000,
0x00000000,
0x00000000,
0x00000000,
0x00000000,
0x00000000,
0x00000000,
0x00000000,
0x00000000,
0x00000000,
0x00000000,
0x00000000,
0x00000000,
0x00000000,
0x00000000,
0x00000000,
0x00000000,
0x00000000,
0x00000000,
0x00000000,
0x00000000,
0x00000000,
0x00000000,
0x00000000,
0x00000000,
0x00000000,
0x00000000,
0x00000000,
0x00000000,
0x00000000,
0x00000000,
0x00000000,
0x00000000,
0x00000000,
0x00000000,
0x00000000,
0x00000000,
0x00000000,
0x00000000,
0x00000000,
0x00000000,
0x00000000,
0x00000000,
0x00000000,
0x00000000,
0x00000000,
0x00000000,
0x00000000,
0x00000000,
0x00000000,
0x00000000,
0x00000000,
0x00000000,
0x00000000,
0x00000000,
0x00000000,
0x00000000,
0x00000000,
0x00000000,
0x00000000,
0x00000000,
0x00000000,
0x00000000,
0x00000000,
0x00000000,
0x00000000,
0x00000000,
0x00000000,
0x00000000,
0x00000000,
0x00000000,
0x00000000,
0x00000000,
0x00000000,
0x00000000,
0x00000000,
0x00000000,
0x00000000,
0x00000000,
0x00000000,
0x00000000,
0x00000000,
0x00000000,
0x00000000,
0x00000000,
0x00000000,
0x00000000,
0x00000000,
0x00000000,
0x00000000,
0x00000000,
0x00000000,
0x00000000,
0x00000000,
0x00000000,
0x00000000,
0x00000000,
0x00000000,
0x00000000,
0x00000000,
0x00000000,
0x00000000,
0x00000000,
0x00000000,
0x00000000,
0x00000000,
0x00000000,
0x00000000,
0x00000000,
0x00000000,
0x00000000,
0x00000000,
0x00000000,
0x00000000,
0x00000000,
0x00000000,
0x00000000,
0x00000000,
0x00000000,
0x00000000,
0x00000000,
0x00000000,
0x00000000,
0x00000000,
0x00000000,
0x00000000,
0x00000000,
0x00000000,
0x00000000,
0x00000000,
0x00000000,
0x00000000,
0x00000000,
0x00000000,
0x00000000,
0x00000000,
0x00000000,
0x00000000,
0x00000000,
0x00000000,
0x00000000,
0x00000000,
0x00000000,
0x00000000,
0x00000000,
0x00000000,
0x00000000,
0x00000000,
0x00000000,
0x00000000,
0x00000000,
0x00000000,
0x00000000,
0x00000000,
0x00000000,
0x00000000,
0x00000000,
0x00000000,
0x00000000,
0x00000000,
0x00000000,
0x00000000,
0x00000000,
0x00000000,
0x00000000,
0x00000000,
0x00000000,
0x00000000,
0x00000000,
0x00000000,
0x00000000,
0x00000000,
0x00000000,
0x00000000,
0x00000000,
0x00000000,
0x00000000,
0x00000000,
0x00000000,
0x00000000,
0x00000000,
0x00000000,
0x00000000,
0x00000000,
0x00000000,
0x00000000,
0x00000000,
0x00000000,
0x00000000,
0x00000000,
0x00000000,
0x00000000,
0x00000000,
0x00000000,
0x00000000,
0x00000000,
0x00000000,
0x00000000,
0x00000000,
0x00000000,
0x00000000,
0x00000000,
0x00000000,
0x00000000,
0x00000000,
0x00000000,
0x00000000,
0x00000000,
0x00000000,
0x00000000,
0x00000000,
0x00000000,
0x00000000,
0x00000000,
0x00000000,
0x00000000,
0x00000000,
0x00000000,
0x00000000,
0x00000000,
0x00000000,
0x00000000,
0x00000000,
0x00000000,
0x00000000,
0x00000000,
0x00000000,
0x00000000,
0x00000000,
0x00000000,
0x00000000,
0x00000000,
0x00000000,
0x00000000,
0x00000000,
0x00000000,
0x00000000,
0x00000000,
0x00000000,
0x00000000,
0x00000000,
0x00000000,
0x00000000,
0x00000000,
0x00000000,
0x00000000,
0x00000000,
0x00000000,
0x00000000,
0x00000000,
0x00000000,
0x00000000,
0x00000000,
0x00000000,
0x00000000,
0x00000000,
0x00000000,
0x00000000,
0x00000000,
0x00000000,
0x00000000,
0x00000000,
0x00000000,
0x00000000,
0x00000000,
0x00000000,
0x00000000,
0x00000000,
0x00000000,
0x00000000,
0x00000000,
0x00000000,
0x00000000,
0x00000000,
0x00000000,
0x00000000,
0x00000000,
0x00000000,
0x00000000,
0x00000000,
0x00000000,
0x00000000,
0x00000000,
0x00000000,
0x00000000,
0x00000000,
0x00000000,
0x00000000,
0x00000000,
0x00000000,
0x00000000,
0x00000000,
0x00000000,
0x00000000,
0x00000000,
0x00000000,
0x00000000,
0x00000000,
0x00000000,
0x00000000,
0x00000000,
0x00000000,
0x00000000,
0x00000000,
0x00000000,
0x00000000,
0x00000000,
0x00000000,
0x00000000,
0x00000000,
0x00000000,
0x00000000,
0x00000000,
0x00000000,
0x00000000,
0x00000000,
0x00000000,
0x00000000,
0x00000000,
0x00000000,
0x00000000,
0x00000000,
0x00000000,
0x00000000,
0x00000000,
0x00000000,
0x00000000,
0x00000000,
0x00000000,
0x00000000,
0x00000000,
0x00000000,
0x00000000,
0x00000000,
0x00000000,
0x00000000,
0x00000000,
0x00000000,
0x00000000,
0x00000000,
0x00000000,
0x00000000,
0x00000000,
0x00000000,
0x00000000,
0x00000000,
0x00000000,
0x00000000,
0x00000000,
0x00000000,
0x00000000,
0x00000000,
0x00000000,
0x00000000,
0x00000000,
0x00000000,
0x00000000,
0x00000000,
0x00000000,
0x00000000,
0x00000000,
0x00000000,
0x00000000,
0x00000000,
0x00000000,
0x00000000,
0x00000000,
0x00000000,
0x00000000,
0x00000000,
0x00000000,
0x00000000,
0x00000000,
0x00000000,
0x00000000,
0x00000000,
0x00000000,
0x00000000,
0x00000000,
0x00000000,
0x00000000,
0x00000000,
0x00000000,
0x00000000,
0x00000000,
0x00000000,
0x00000000,
0x00000000,
0x00000000,
0x00000000,
0x00000000,
0x00000000,
0x00000000,
0x00000000,
0x00000000,
0x00000000,
0x00000000,
0x00000000,
0x00000000,
0x00000000,
0x00000000,
0x00000000,
0x00000000,
0x00000000,
0x00000000,
0x00000000,
0x00000000,
0x00000000,
0x00000000,
0x00000000,
0x00000000,
0x00000000,
0x00000000,
0x00000000,
0x00000000,
0x00000000,
0x00000000,
0x00000000,
0x00000000,
0x00000000,
0x00000000,
0x00000000,
0x00000000,
0x00000000,
0x00000000,
0x00000000,
0x00000000,
0x00000000,
0x00000000,
0x00000000,
0x00000000,
0x00000000,
0x00000000,
0x00000000,
0x00000000,
0x00000000,
0x00000000,
0x00000000,
0x00000000,
0x00000000,
0x00000000,
0x00000000,
0x00000000,
0x00000000,
0x00000000,
0x00000000,
0x00000000,
0x00000000,
0x00000000,
0x00000000,
0x00000000,
0x00000000,
0x00000000,
0x00000000,
0x00000000,
0x00000000,
0x00000000,
0x00000000,
0x00000000,
0x00000000,
0x00000000,
0x00000000,
0x00000000,
0x00000000,
0x00000000,
0x00000000,
0x00000000,
0x00000000,
0x00000000,
0x00000000,
0x00000000,
0x00000000,
0x00000000,
0x00000000,
0x00000000,
0x00000000,
0x00000000,
0x00000000,
0x00000000,
0x00000000,
0x00000000,
0x00000000,
0x00000000,
0x00000000,
0x00000000,
0x00000000,
0x00000000,
0x00000000,
0x00000000,
0x00000000,
0x00000000,
0x00000000,
0x00000000,
0x00000000,
0x00000000,
0x00000000,
0x00000000,
0x00000000,
0x00000000,
0x00000000,
0x00000000,
0x00000000,
0x00000000,
0x00000000,
0x00000000,
0x00000000,
0x00000000,
0x00000000,
0x00000000,
0x00000000,
0x00000000,
0x00000000,
0x00000000,
0x00000000,
0x00000000,
0x00000000,
0x00000000,
0x00000000,
0x00000000,
0x00000000,
0x00000000,
0x00000000,
0x00000000,
0x00000000,
0x00000000,
0x00000000,
0x00000000,
0x00000000,
0x00000000,
0x00000000,
0x00000000,
0x00000000,
0x00000000,
0x00000000,
0x00000000,
0x00000000,
0x00000000,
0x00000000,
0x00000000,
0x00000000,
0x00000000,
0x00000000,
0x00000000,
0x00000000,
0x00000000,
0x00000000,
0x00000000,
0x00000000,
0x00000000,
0x00000000,
0x00000000,
0x00000000,
0x00000000,
0x00000000,
0x00000000,
0x00000000,
0x00000000,
0x00000000,
0x00000000,
0x00000000,
0x00000000,
0x00000000,
0x00000000,
0x00000000,
0x00000000,
0x00000000,
0x00000000,
0x00000000,
0x00000000,
0x00000000,
0x00000000,
0x00000000,
0x00000000,
0x00000000,
0x00000000,
0x00000000,
0x00000000,
0x00000000,
0x00000000,
0x00000000,
0x00000000,
0x00000000,
0x00000000,
0x00000000,
0x00000000,
0x00000000,
0x00000000,
0x00000000,
0x00000000,
0x00000000,
0x00000000,
0x00000000,
0x00000000,
0x00000000,
0x00000000,
0x00000000,
0x00000000,
0x00000000,
0x00000000,
0x00000000,
0x00000000,
0x00000000,
0x00000000,
0x00000000,
0x00000000,
0x00000000,
0x00000000,
0x00000000,
0x00000000,
0x00000000,
0x00000000,
0x00000000,
0x00000000,
0x00000000,
0x00000000,
0x00000000,
0x00000000,
0x00000000,
0x00000000,
0x00000000,
0x00000000,
0x00000000,
0x00000000,
0x00000000,
0x00000000,
0x00000000,
0x00000000,
0x00000000,
0x00000000,
0x00000000,
0x00000000,
0x00000000,
0x00000000,
0x00000000,
0x00000000,
0x00000000,
0x00000000,
0x00000000,
0x00000000,
0x00000000,
0x00000000,
0x00000000,
0x00000000,
0x00000000,
0x00000000,
0x00000000,
0x00000000,
0x00000000,
0x00000000,
0x00000000,
0x00000000,
0x00000000,
0x00000000,
0x00000000,
0x00000000,
0x00000000,
0x00000000,
0x00000000,
0x00000000,
0x00000000,
0x00000000,
0x00000000,
0x00000000,
0x00000000,
0x00000000,
0x00000000,
0x00000000,
0x00000000,
0x00000000,
0x00000000,
0x00000000,
0x00000000,
0x00000000,
0x00000000,
0x00000000,
0x00000000,
0x00000000,
0x00000000,
0x00000000,
0x00000000,
0x00000000,
0x00000000,
0x00000000,
0x00000000,
0x00000000,
0x00000000,
0x00000000,
0x00000000,
0x00000000,
0x00000000,
0x00000000,
0x00000000,
0x00000000,
0x00000000,
0x00000000,
0x00000000,
0x00000000,
0x00000000,
0x00000000,
0x00000000,
0x00000000,
0x00000000,
0x00000000,
0x00000000,
0x00000000,
0x00000000,
0x00000000,
0x00000000,
0x00000000,
0x00000000,
0x00000000,
0x00000000,
0x00000000,
0x00000000,
0x00000000,
0x00000000,
0x00000000,
0x00000000,
0x00000000,
0x00000000,
0x00000000,
0x00000000,
0x00000000,
0x00000000,
0x00000000,
0x00000000,
0x00000000,
0x00000000,
0x00000000,
0x00000000,
0x00000000,
0x00000000,
0x00000000,
0x00000000,
0x00000000,
0x00000000,
0x00000000,
0x00000000,
0x00000000,
0x00000000,
0x00000000,
0x00000000,
0x00000000,
0x00000000,
0x00000000,
0x00000000,
0x00000000,
0x00000000,
0x00000000,
0x00000000,
0x00000000,
0x00000000,
0x00000000,
0x00000000,
0x00000000,
0x00000000,
0x00000000,
0x00000000,
0x00000000,
0x00000000,
0x00000000,
0x00000000,
0x00000000,
0x00000000,
0x00000000,
0x00000000,
0x00000000,
0x00000000,
0x00000000,
0x00000000,
0x00000000,
0x00000000,
0x00000000,
0x00000000,
0x00000000,
0x00000000,
0x00000000,
0x00000000,
0x00000000,
0x00000000,
0x00000000,
0x00000000,
0x00000000,
0x00000000,
0x00000000,
0x00000000,
0x00000000,
0x00000000,
0x00000000,
0x00000000,
0x00000000,
0x00000000,
0x00000000,
0x00000000,
0x00000000,
0x00000000,
0x00000000,
0x00000000,
0x00000000,
0x00000000,
0x00000000,
0x00000000,
0x00000000,
0x00000000,
0x00000000,
0x00000000,
0x00000000,
0x00000000,
0x00000000,
0x00000000,
0x00000000,
0x00000000,
0x00000000,
0x00000000,
0x00000000,
0x00000000,
0x00000000,
0x00000000,
0x00000000,
0x00000000,
0x00000000,
0x00000000,
0x00000000,
0x00000000,
0x00000000,
0x00000000,
0x00000000,
0x00000000,
0x00000000,
0x00000000,
0x00000000,
0x00000000,
0x00000000,
0x00000000,
0x00000000,
0x00000000,
0x00000000,
0x00000000,
0x00000000,
0x00000000,
0x00000000,
0x00000000,
0x00000000,
0x00000000,
0x00000000,
0x00000000,
0x00000000,
0x00000000,
0x00000000,
0x00000000,
0x00000000,
0x00000000,
0x00000000,
0x00000000,
0x00000000,
0x00000000,
0x00000000,
0x00000000,
0x00000000,
0x00000000,
0x00000000,
0x00000000,
0x00000000,
0x00000000,
0x00000000,
0x00000000,
0x00000000,
0x00000000,
0x00000000,
0x00000000,
0x00000000,
0x00000000,
0x00000000,
0x00000000,
0x00000000,
0x00000000,
0x00000000,
0x00000000,
0x00000000,
0x00000000,
0x00000000,
0x00000000,
0x00000000,
0x00000000,
0x00000000,
0x00000000,
0x00000000,
0x00000000,
0x00000000,
0x00000000,
0x00000000,
0x00000000,
0x00000000,
0x00000000,
0x00000000,
0x00000000,
0x00000000,
0x00000000,
0x00000000,
0x00000000,
0x00000000,
0x00000000,
0x00000000,
0x00000000,
0x00000000,
0x00000000,
0x00000000,
0x00000000,
0x00000000,
0x00000000,
0x00000000,
0x00000000,
0x00000000,
0x00000000,
0x00000000,
0x00000000,
0x00000000,
0x00000000,
0x00000000,
0x00000000,
0x00000000,
0x00000000,
0x00000000,
0x00000000,
0x00000000,
0x00000000,
0x00000000,
0x00000000,
0x00000000,
0x00000000,
0x00000000,
0x00000000,
0x00000000,
0x00000000,
0x00000000,
0x00000000,
0x00000000,
0x00000000,
0x00000000,
0x00000000,
0x00000000,
0x00000000,
0x00000000,
0x00000000,
0x00000000,
0x00000000,
0x00000000,
0x00000000,
0x00000000,
0x00000000,
0x00000000,
0x00000000,
0x00000000,
0x00000000,
0x00000000,
0x00000000,
0x00000000,
0x00000000,
0x00000000,
0x00000000,
0x00000000,
0x00000000,
0x00000000,
0x00000000,
0x00000000,
0x00000000,
0x00000000,
0x00000000,
0x00000000,
0x00000000,
0x00000000,
0x00000000,
0x00000000,
0x00000000,
0x00000000,
0x00000000,
0x00000000,
0x00000000,
0x00000000,
0x00000000,
0x00000000,
0x00000000,
0x00000000,
0x00000000,
0x00000000,
0x00000000,
0x00000000,
0x00000000,
0x00000000,
0x00000000,
0x00000000,
0x00000000,
0x00000000,
0x00000000,
0x00000000,
0x00000000,
0x00000000,
0x00000000,
0x00000000,
0x00000000,
0x00000000,
0x00000000,
0x00000000,
0x00000000,
0x00000000,
0x00000000,
0x00000000,
0x00000000,
0x00000000,
0x00000000,
0x00000000,
0x00000000,
0x00000000,
0x00000000,
0x00000000,
0x00000000,
0x00000000,
0x00000000,
0x00000000,
0x00000000,
0x00000000,
0x00000000,
0x00000000,
0x00000000,
0x00000000,
0x00000000,
0x00000000,
0x00000000,
0x00000000,
0x00000000,
0x00000000,
0x00000000,
0x00000000,
0x00000000,
0x00000000,
0x00000000,
0x00000000,
0x00000000,
0x00000000,
0x00000000,
0x00000000,
0x00000000,
0x00000000,
0x00000000,
0x00000000,
0x00000000,
0x00000000,
0x00000000,
0x00000000,
0x00000000,
0x00000000,
0x00000000,
0x00000000,
0x00000000,
0x00000000,
0x00000000,
0x00000000,
0x00000000,
0x00000000,
0x00000000,
0x00000000,
0x00000000,
0x00000000,
0x00000000,
0x00000000,
0x00000000,
0x00000000,
0x00000000,
0x00000000,
0x00000000,
0x00000000,
0x00000000,
0x00000000,
0x00000000,
0x00000000,
0x00000000,
0x00000000,
0x00000000,
0x00000000,
0x00000000,
0x00000000,
0x00000000,
0x00000000,
0x00000000,
0x00000000,
0x00000000,
0x00000000,
0x00000000,
0x00000000,
0x00000000,
0x00000000,
0x00000000,
0x00000000,
0x00000000,
0x00000000,
0x00000000,
0x00000000,
0x00000000,
0x00000000,
0x00000000,
0x00000000,
0x00000000,
0x00000000,
0x00000000,
0x00000000,
0x00000000,
0x00000000,
0x00000000,
0x00000000,
0x00000000,
0x00000000,
0x00000000,
0x00000000,
0x00000000,
0x00000000,
0x00000000,
0x00000000,
0x00000000,
0x00000000,
0x00000000,
0x00000000,
0x00000000,
0x00000000,
0x00000000,
0x00000000,
0x00000000,
0x00000000,
0x00000000,
0x00000000,
0x00000000,
0x00000000,
0x00000000,
0x00000000,
0x00000000,
0x00000000,
0x00000000,
0x00000000,
0x00000000,
0x00000000,
0x00000000,
0x00000000,
0x00000000,
0x00000000,
0x00000000,
0x00000000,
0x00000000,
0x00000000,
0x00000000,
0x00000000,
0x00000000,
0x00000000,
0x00000000,
0x00000000,
0x00000000,
0x00000000,
0x00000000,
0x00000000,
0x00000000,
0x00000000,
0x00000000,
0x00000000,
0x00000000,
0x00000000,
0x00000000,
0x00000000,
0x00000000,
0x00000000,
0x00000000,
0x00000000,
0x00000000,
0x00000000,
0x00000000,
0x00000000,
0x00000000,
0x00000000,
0x00000000,
0x00000000,
0x00000000,
0x00000000,
0x00000000,
0x00000000,
0x00000000,
0x00000000,
0x00000000,
0x00000000,
0x00000000,
0x00000000,
0x00000000,
0x00000000,
0x00000000,
0x00000000,
0x00000000,
0x00000000,
0x00000000,
0x00000000,
0x00000000,
0x00000000,
0x00000000,
0x00000000,
0x00000000,
0x00000000,
0x00000000,
0x00000000,
0x00000000,
0x00000000,
0x00000000,
0x00000000,
0x00000000,
0x00000000,
0x00000000,
0x00000000,
0x00000000,
0x00000000,
0x00000000,
0x00000000,
0x00000000,
0x00000000,
0x00000000,
0x00000000,
0x00000000,
0x00000000,
0x00000000,
0x00000000,
0x00000000,
0x00000000,
0x00000000,
0x00000000,
0x00000000,
0x00000000,
0x00000000,
0x00000000,
0x00000000,
0x00000000,
0x00000000,
0x00000000,
0x00000000,
0x00000000,
0x00000000,
0x00000000,
0x00000000,
0x00000000,
0x00000000,
0x00000000,
0x00000000,
0x00000000,
0x00000000,
0x00000000,
0x00000000,
0x00000000,
0x00000000,
0x00000000,
0x00000000,
0x00000000,
0x00000000,
0x00000000,
0x00000000,
0x00000000,
0x00000000,
0x00000000,
0x00000000,
0x00000000,
0x00000000,
0x00000000,
0x00000000,
0x00000000,
0x00000000,
0x00000000,
0x00000000,
0x00000000,
0x00000000,
0x00000000,
0x00000000,
0x00000000,
0x00000000,
0x00000000,
0x00000000,
0x00000000,
0x00000000,
0x00000000,
0x00000000,
0x00000000,
0x00000000,
0x00000000,
0x00000000,
0x00000000,
0x00000000,
0x00000000,
0x00000000,
0x00000000,
0x00000000,
0x00000000,
0x00000000,
0x00000000,
0x00000000,
0x00000000,
0x00000000,
0x00000000,
0x00000000,
0x00000000,
0x00000000,
0x00000000,
0x00000000,
0x00000000,
0x00000000,
0x00000000,
0x00000000,
0x00000000,
0x00000000,
0x00000000,
0x00000000,
0x00000000,
0x00000000,
0x00000000,
0x00000000,
0x00000000,
0x00000000,
0x00000000,
0x00000000,
0x00000000,
0x00000000,
0x00000000,
0x00000000,
0x00000000,
0x00000000,
0x00000000,
0x00000000,
0x00000000,
0x00000000,
0x00000000,
0x00000000,
0x00000000,
0x00000000,
0x00000000,
0x00000000,
0x00000000,
0x00000000,
0x00000000,
0x00000000,
0x00000000,
0x00000000,
0x00000000,
0x00000000,
0x00000000,
0x00000000,
0x00000000,
0x00000000,
0x00000000,
0x00000000,
0x00000000,
0x00000000,
0x00000000,
0x00000000,
0x00000000,
0x00000000,
0x00000000,
0x00000000,
0x00000000,
0x00000000,
0x00000000,
0x00000000,
0x00000000,
0x00000000,
0x00000000,
0x00000000,
0x00000000,
0x00000000,
0x00000000,
0x00000000,
0x00000000,
0x00000000,
0x00000000,
0x00000000,
0x00000000,
0x00000000,
0x00000000,
0x00000000,
0x00000000,
0x00000000,
0x00000000,
0x00000000,
0x00000000,
0x00000000,
0x00000000,
0x00000000,
0x00000000,
0x00000000,
0x00000000,
0x00000000,
0x00000000,
0x00000000,
0x00000000,
0x00000000,
0x00000000,
0x00000000,
0x00000000,
0x00000000,
0x00000000,
0x00000000,
0x00000000,
0x00000000,
0x00000000,
0x00000000,
0x00000000,
0x00000000,
0x00000000,
0x00000000,
0x00000000,
0x00000000,
0x00000000,
0x00000000,
0x00000000,
0x00000000,
0x00000000,
0x00000000,
0x00000000,
0x00000000,
0x00000000,
0x00000000,
0x00000000,
0x00000000,
0x00000000,
0x00000000,
0x00000000,
0x00000000,
0x00000000,
0x00000000,
0x00000000,
0x00000000,
0x00000000,
0x00000000,
0x00000000,
0x00000000,
0x00000000,
0x00000000,
0x00000000,
0x00000000,
0x00000000,
0x00000000,
0x00000000,
0x00000000,
0x00000000,
0x00000000,
0x00000000,
0x00000000,
0x00000000,
0x00000000,
0x00000000,
0x00000000,
0x00000000,
0x00000000,
0x00000000,
0x00000000,
0x00000000,
0x00000000,
0x00000000,
0x00000000,
0x00000000,
0x00000000,
0x00000000,
0x00000000,
0x00000000,
0x00000000,
0x00000000,
0x00000000,
0x00000000,
0x00000000,
0x00000000,
0x00000000,
0x00000000,
0x00000000,
0x00000000,
0x00000000,
0x00000000,
0x00000000,
0x00000000,
0x00000000,
0x00000000,
0x00000000,
0x00000000,
0x00000000,
0x00000000,
0x00000000,
0x00000000,
0x00000000,
0x00000000,
0x00000000,
0x00000000,
0x00000000,
0x00000000,
0x00000000,
0x00000000,
0x00000000,
0x00000000,
0x00000000,
0x00000000,
0x00000000,
0x00000000,
0x00000000,
0x00000000,
0x00000000,
0x00000000,
0x00000000,
0x00000000,
0x00000000,
0x00000000,
0x00000000,
0x00000000,
0x00000000,
0x00000000,
0x00000000,
0x00000000,
0x00000000,
0x00000000,
0x00000000,
0x00000000,
0x00000000,
0x00000000,
0x00000000,
0x00000000,
0x00000000,
0x00000000,
0x00000000,
0x00000000,
0x00000000,
0x00000000,
0x00000000,
0x00000000,
0x00000000,
0x00000000,
0x00000000,
0x00000000,
0x00000000,
0x00000000,
0x00000000,
0x00000000,
0x00000000,
0x00000000,
0x00000000,
0x00000000,
0x00000000,
0x00000000,
0x00000000,
0x00000000,
0x00000000,
0x00000000,
0x00000000,
0x00000000,
0x00000000,
0x00000000,
0x00000000,
0x00000000,
0x00000000,
0x00000000,
0x00000000,
0x00000000,
0x00000000,
0x00000000,
0x00000000,
0x00000000,
0x00000000,
0x00000000,
0x00000000,
0x00000000,
0x00000000,
0x00000000,
0x00000000,
0x00000000,
0x00000000,
0x00000000,
0x00000000,
0x00000000,
0x00000000,
0x00000000,
0x00000000,
0x00000000,
0x00000000,
0x00000000,
0x00000000,
0x00000000,
0x00000000,
0x00000000,
0x00000000,
0x00000000,
0x00000000,
0x00000000,
0x00000000,
0x00000000,
0x00000000,
0x00000000,
0x00000000,
0x00000000,
0x00000000,
0x00000000,
0x00000000,
0x00000000,
0x00000000,
0x00000000,
0x00000000,
0x00000000,
0x00000000,
0x00000000,
0x00000000,
0x00000000,
0x00000000,
0x00000000,
0x00000000,
0x00000000,
0x00000000,
0x00000000,
0x00000000,
0x00000000,
0x00000000,
0x00000000,
0x00000000,
0x00000000,
0x00000000,
0x00000000,
0x00000000,
0x00000000,
0x00000000,
0x00000000,
0x00000000,
0x00000000,
0x00000000,
0x00000000,
0x00000000,
0x00000000,
0x00000000,
0x00000000,
0x00000000,
0x00000000,
0x00000000,
0x00000000,
0x00000000,
0x00000000,
0x00000000,
0x00000000,
0x00000000,
0x00000000,
0x00000000,
0x00000000,
0x00000000,
0x00000000,
0x00000000,
0x00000000,
0x00000000,
0x00000000,
0x00000000,
0x00000000,
0x00000000,
0x00000000,
0x00000000,
0x00000000,
0x00000000,
0x00000000,
0x00000000,
0x00000000,
0x00000000,
0x00000000,
0x00000000,
0x00000000,
0x00000000,
0x00000000,
0x00000000,
0x00000000,
0x00000000,
0x00000000,
0x00000000,
0x00000000,
0x00000000,
0x00000000,
0x00000000,
0x00000000,
0x00000000,
0x00000000,
0x00000000,
0x00000000,
0x00000000,
0x00000000,
0x00000000,
0x00000000,
0x00000000,
0x00000000,
0x00000000,
0x00000000,
0x00000000,
0x00000000,
0x00000000,
0x00000000,
0x00000000,
0x00000000,
0x00000000,
0x00000000,
0x00000000,
0x00000000,
0x00000000,
0x00000000,
0x00000000,
0x00000000,
0x00000000,
0x00000000,
0x00000000,
0x00000000,
0x00000000,
0x00000000,
0x00000000,
0x00000000,
0x00000000,
0x00000000,
0x00000000,
0x00000000,
0x00000000,
0x00000000,
0x00000000,
0x00000000,
0x00000000,
0x00000000,
0x00000000,
0x00000000,
0x00000000,
0x00000000,
0x00000000,
0x00000000,
0x00000000,
0x00000000,
0x00000000,
0x00000000,
0x00000000,
0x00000000,
0x00000000,
0x00000000,
0x00000000,
0x00000000,
0x00000000,
0x00000000,
0x00000000,
0x00000000,
0x00000000,
0x00000000,
0x00000000,
0x00000000,
0x00000000,
0x00000000,
0x00000000,
0x00000000,
0x00000000,
0x00000000,
0x00000000,
0x00000000,
0x00000000,
0x00000000,
0x00000000,
0x00000000,
0x00000000,
0x00000000,
0x00000000,
0x00000000,
0x00000000,
0x00000000,
0x00000000,
0x00000000,
0x00000000,
0x00000000,
0x00000000,
0x00000000,
0x00000000,
0x00000000,
0x00000000,
0x00000000,
0x00000000,
0x00000000,
0x00000000,
0x00000000,
0x00000000,
0x00000000,
0x00000000,
0x00000000,
0x00000000,
0x00000000,
0x00000000,
0x00000000,
0x00000000,
0x00000000,
0x00000000,
0x00000000,
0x00000000,
0x00000000,
0x00000000,
0x00000000,
0x00000000,
0x00000000,
0x00000000,
0x00000000,
0x00000000,
0x00000000,
0x00000000,
0x00000000,
0x00000000,
0x00000000,
0x00000000,
0x00000000,
0x00000000,
0x00000000,
0x00000000,
0x00000000,
0x00000000,
0x00000000,
0x00000000,
0x00000000,
0x00000000,
0x00000000,
0x00000000,
0x00000000,
0x00000000,
0x00000000,
0x00000000,
0x00000000,
0x00000000,
0x00000000,
0x00000000,
0x00000000,
0x00000000,
0x00000000,
0x00000000,
0x00000000,
0x00000000,
0x00000000,
0x00000000,
0x00000000,
0x00000000,
0x00000000,
0x00000000,
0x00000000,
0x00000000,
0x00000000,
0x00000000,
0x00000000,
0x00000000,
0x00000000,
0x00000000,
0x00000000,
0x00000000,
0x00000000,
0x00000000,
0x00000000,
0x00000000,
0x00000000,
0x00000000,
0x00000000,
0x00000000,
0x00000000,
0x00000000,
0x00000000,
0x00000000,
0x00000000,
0x00000000,
0x00000000,
0x00000000,
0x00000000,
0x00000000,
0x00000000,
0x00000000,
0x00000000,
0x00000000,
0x00000000,
0x00000000,
0x00000000,
0x00000000,
0x00000000,
0x00000000,
0x00000000,
0x00000000,
0x00000000,
0x00000000,
0x00000000,
0x00000000,
0x00000000,
0x00000000,
0x00000000,
0x00000000,
0x00000000,
0x00000000,
0x00000000,
0x00000000,
0x00000000,
0x00000000,
0x00000000,
0x00000000,
0x00000000,
0x00000000,
0x00000000,
0x00000000,
0x00000000,
0x00000000,
0x00000000,
0x00000000,
0x00000000,
0x00000000,
0x00000000,
0x00000000,
0x00000000,
0x00000000,
0x00000000,
0x00000000,
0x00000000,
0x00000000,
0x00000000,
0x00000000,
0x00000000,
0x00000000,
0x00000000,
0x00000000,
0x00000000,
0x00000000,
0x00000000,
0x00000000,
0x00000000,
0x00000000,
0x00000000,
0x00000000,
0x00000000,
0x00000000,
0x00000000,
0x00000000,
0x00000000,
0x00000000,
0x00000000,
0x00000000,
0x00000000,
0x00000000,
0x00000000,
0x00000000,
0x00000000,
0x00000000,
0x00000000,
0x00000000,
0x00000000,
0x00000000,
0x00000000,
0x00000000,
0x00000000,
0x00000000,
0x00000000,
0x00000000,
0x00000000,
0x00000000,
0x00000000,
0x00000000,
0x00000000,
0x00000000,
0x00000000,
0x00000000,
0x00000000,
0x00000000,
0x00000000,
0x00000000,
0x00000000,
0x00000000,
0x00000000,
0x00000000,
0x00000000,
0x00000000,
0x00000000,
0x00000000,
0x00000000,
0x00000000,
0x00000000,
0x00000000,
0x00000000,
0x00000000,
0x00000000,
0x00000000,
0x00000000,
0x00000000,
0x00000000,
0x00000000,
0x00000000,
0x00000000,
0x00000000,
0x00000000,
0x00000000,
0x00000000,
0x00000000,
0x00000000,
0x00000000,
0x00000000,
0x00000000,
0x00000000,
0x00000000,
0x00000000,
0x00000000,
0x00000000,
0x00000000,
0x00000000,
0x00000000,
0x00000000,
0x00000000,
0x00000000,
0x00000000,
0x00000000,
0x00000000,
0x00000000,
0x00000000,
0x00000000,
0x00000000,
0x00000000,
0x00000000,
0x00000000,
0x00000000,
0x00000000,
0x00000000,
0x00000000,
0x00000000,
0x00000000,
0x00000000,
0x00000000,
0x00000000,
0x00000000,
0x00000000,
0x00000000,
0x00000000,
0x00000000,
0x00000000,
0x00000000,
0x00000000,
0x00000000,
0x00000000,
0x00000000,
0x00000000,
0x00000000,
0x00000000,
0x00000000,
0x00000000,
0x00000000,
0x00000000,
0x00000000,
0x00000000,
0x00000000,
0x00000000,
0x00000000,
0x00000000,
0x00000000,
0x00000000,
0x00000000,
0x00000000,
0x00000000,
0x00000000,
0x00000000,
0x00000000,
0x00000000,
0x00000000,
0x00000000,
0x00000000,
0x00000000,
0x00000000,
0x00000000,
0x00000000,
0x00000000,
0x00000000,
0x00000000,
0x00000000,
0x00000000,
0x00000000,
0x00000000,
0x00000000,
0x00000000,
0x00000000,
0x00000000,
0x00000000,
0x00000000,
0x00000000,
0x00000000,
0x00000000,
0x00000000,
0x00000000,
0x00000000,
0x00000000,
0x00000000,
0x00000000,
0x00000000,
0x00000000,
0x00000000,
0x00000000,
0x00000000,
0x00000000,
0x00000000,
0x00000000,
0x00000000,
0x00000000,
0x00000000,
0x00000000,
0x00000000,
0x00000000,
0x00000000,
0x00000000,
0x00000000,
0x00000000,
0x00000000,
0x00000000,
0x00000000,
0x00000000,
0x00000000,
0x00000000,
0x00000000,
0x00000000,
0x00000000,
0x00000000,
0x00000000,
0x00000000,
0x00000000,
0x00000000,
0x00000000,
0x00000000,
0x00000000,
0x00000000,
0x00000000,
0x00000000,
0x00000000,
0x00000000,
0x00000000,
0x00000000,
0x00000000,
0x00000000,
0x00000000,
0x00000000,
0x00000000,
0x00000000,
0x00000000,
0x00000000,
0x00000000,
0x00000000,
0x00000000,
0x00000000,
0x00000000,
0x00000000,
0x00000000,
0x00000000,
0x00000000,
0x00000000,
0x00000000,
0x00000000,
0x00000000,
0x00000000,
0x00000000,
0x00000000,
0x00000000,
0x00000000,
0x00000000,
0x00000000,
0x00000000,
0x00000000,
0x00000000,
0x00000000,
0x00000000,
0x00000000,
0x00000000,
0x00000000,
0x00000000,
0x00000000,
0x00000000,
0x00000000,
0x00000000,
0x00000000,
0x00000000,
0x00000000,
0x00000000,
0x00000000,
0x00000000,
0x00000000,
0x00000000,
0x00000000,
0x00000000,
0x00000000,
0x00000000,
0x00000000,
0x00000000,
0x00000000,
0x00000000,
0x00000000,
0x00000000,
0x00000000,
0x00000000,
0x00000000,
0x00000000,
0x00000000,
0x00000000,
0x00000000,
0x00000000,
0x00000000,
0x00000000,
0x00000000,
0x00000000,
0x00000000,
0x00000000,
0x00000000,
0x00000000,
0x00000000,
0x00000000,
0x00000000,
0x00000000,
0x00000000,
0x00000000,
0x00000000,
0x00000000,
0x00000000,
0x00000000,
0x00000000,
0x00000000,
0x00000000,
0x00000000,
0x00000000,
0x00000000,
0x00000000,
0x00000000,
0x00000000,
0x00000000,
0x00000000,
0x00000000,
0x00000000,
0x00000000,
0x00000000,
0x00000000,
0x00000000,
0x00000000,
0x00000000,
0x00000000,
0x00000000,
0x00000000,
0x00000000,
0x00000000,
0x00000000,
0x00000000,
0x00000000,
0x00000000,
0x00000000,
0x00000000,
0x00000000,
0x00000000,
0x00000000,
0x00000000,
0x00000000,
0x00000000,
0x00000000,
0x00000000,
0x00000000,
0x00000000,
0x00000000,
0x00000000,
0x00000000,
0x00000000,
0x00000000,
0x00000000,
0x00000000,
0x00000000,
0x00000000,
0x00000000,
0x00000000,
0x00000000,
0x00000000,
0x00000000,
0x00000000,
0x00000000,
0x00000000,
0x00000000,
0x00000000,
0x00000000,
0x00000000,
0x00000000,
0x00000000,
0x00000000,
0x00000000,
0x00000000,
0x00000000,
0x00000000,
0x00000000,
0x00000000,
0x00000000,
0x00000000,
0x00000000,
0x00000000,
0x00000000,
0x00000000,
0x00000000,
0x00000000,
0x00000000,
0x00000000,
0x00000000,
0x00000000,
0x00000000,
0x00000000,
0x00000000,
0x00000000,
0x00000000,
0x00000000,
0x00000000,
0x00000000,
0x00000000,
0x00000000,
0x00000000,
0x00000000,
0x00000000,
0x00000000,
0x00000000,
0x00000000,
0x00000000,
0x00000000,
0x00000000,
0x00000000,
0x00000000,
0x00000000,
0x00000000,
0x00000000,
0x00000000,
0x00000000,
0x00000000,
0x00000000,
0x00000000,
0x00000000,
0x00000000,
0x00000000,
0x00000000,
0x00000000,
0x00000000,
0x00000000,
0x00000000,
0x00000000,
0x00000000,
0x00000000,
0x00000000,
0x00000000,
0x00000000,
0x00000000,
0x00000000,
0x00000000,
0x00000000,
0x00000000,
0x00000000,
0x00000000,
0x00000000,
0x00000000,
0x00000000,
0x00000000,
0x00000000,
0x00000000,
0x00000000,
0x00000000,
0x00000000,
0x00000000,
0x00000000,
0x00000000,
0x00000000,
0x00000000,
0x00000000,
0x00000000,
0x00000000,
0x00000000,
0x00000000,
0x00000000,
0x00000000,
0x00000000,
0x00000000,
0x00000000,
0x00000000,
0x00000000,
0x00000000,
0x00000000,
0x00000000,
0x00000000,
0x00000000,
0x00000000,
0x00000000,
0x00000000,
0x00000000,
0x00000000,
0x00000000,
0x00000000,
0x00000000,
0x00000000,
0x00000000,
0x00000000,
0x00000000,
0x00000000,
0x00000000,
0x00000000,
0x00000000,
0x00000000,
0x00000000,
0x00000000,
0x00000000,
0x00000000,
0x00000000,
0x00000000,
0x00000000,
0x00000000,
0x00000000,
0x00000000,
0x00000000,
0x00000000,
0x00000000,
0x00000000,
0x00000000,
0x00000000,
0x00000000,
0x00000000,
0x00000000,
0x00000000,
0x00000000,
0x00000000,
0x00000000,
0x00000000,
0x00000000,
0x00000000,
0x00000000,
0x00000000,
0x00000000,
0x00000000,
0x00000000,
0x00000000,
0x00000000,
0x00000000,
0x00000000,
0x00000000,
0x00000000,
0x00000000,
0x00000000,
0x00000000,
0x00000000,
0x00000000,
0x00000000,
0x00000000,
0x00000000,
0x00000000,
0x00000000,
0x00000000,
0x00000000,
0x00000000,
0x00000000,
0x00000000,
0x00000000,
0x00000000,
0x00000000,
0x00000000,
0x00000000,
0x00000000,
0x00000000,
0x00000000,
0x00000000,
0x00000000,
0x00000000,
0x00000000,
0x00000000,
0x00000000,
0x00000000,
0x00000000,
0x00000000,
0x00000000,
0x00000000,
0x00000000,
0x00000000,
0x00000000,
0x00000000,
0x00000000,
0x00000000,
0x00000000,
0x00000000,
0x00000000,
0x00000000,
0x00000000,
0x00000000,
0x00000000,
0x00000000,
0x00000000,
0x00000000,
0x00000000,
0x00000000,
0x00000000,
0x00000000,
0x00000000,
0x00000000,
0x00000000,
0x00000000,
0x00000000,
0x00000000,
0x00000000,
0x00000000,
0x00000000,
0x00000000,
0x00000000,
0x00000000,
0x00000000,
0x00000000,
0x00000000,
0x00000000,
0x00000000,
0x00000000,
0x00000000,
0x00000000,
0x00000000,
0x00000000,
0x00000000,
0x00000000,
0x00000000,
0x00000000,
0x00000000,
0x00000000,
0x00000000,
0x00000000,
0x00000000,
0x00000000,
0x00000000,
0x00000000,
0x00000000,
0x00000000,
0x00000000,
0x00000000,
0x00000000,
0x00000000,
0x00000000,
0x00000000,
0x00000000,
0x00000000,
0x00000000,
0x00000000,
0x00000000,
0x00000000,
0x00000000,
0x00000000,
0x00000000,
0x00000000,
0x00000000,
0x00000000,
0x00000000,
0x00000000,
0x00000000,
0x00000000,
0x00000000,
0x00000000,
0x00000000,
0x00000000,
0x00000000,
0x00000000,
0x00000000,
0x00000000,
0x00000000,
0x00000000,
0x00000000,
0x00000000,
0x00000000,
0x00000000,
0x00000000,
0x00000000,
0x00000000,
0x00000000,
0x00000000,
0x00000000,
0x00000000,
0x00000000,
0x00000000,
0x00000000,
0x00000000,
0x00000000,
0x00000000,
0x00000000,
0x00000000,
0x00000000,
0x00000000,
0x00000000,
0x00000000,
0x00000000,
0x00000000,
0x00000000,
0x00000000,
0x00000000,
0x00000000,
0x00000000,
0x00000000,
0x00000000,
0x00000000,
0x00000000,
0x00000000,
0x00000000,
0x00000000,
0x00000000,
0x00000000,
0x00000000,
0x00000000,
0x00000000,
0x00000000,
0x00000000,
0x00000000,
0x00000000,
0x00000000,
0x00000000,
0x00000000,
0x00000000,
0x00000000,
0x00000000,
0x00000000,
0x00000000,
0x00000000,
0x00000000,
0x00000000,
0x00000000,
0x00000000,
0x00000000,
0x00000000,
0x00000000,
0x00000000,
0x00000000,
0x00000000,
0x00000000,
0x00000000,
0x00000000,
0x00000000,
0x00000000,
0x00000000,
0x00000000,
0x00000000,
0x00000000,
0x00000000,
0x00000000,
0x00000000,
0x00000000,
0x00000000,
0x00000000,
0x00000000,
0x00000000,
0x00000000,
0x00000000,
0x00000000,
0x00000000,
0x00000000,
0x00000000,
0x00000000,
0x00000000,
0x00000000,
0x00000000,
0x00000000,
0x00000000,
0x00000000,
0x00000000,
0x00000000,
0x00000000,
0x00000000,
0x00000000,
0x00000000,
0x00000000,
0x00000000,
0x00000000,
0x00000000,
0x00000000,
0x00000000,
0x00000000,
0x00000000,
0x00000000,
0x00000000,
0x00000000,
0x00000000,
0x00000000,
0x00000000,
0x00000000,
0x00000000,
0x00000000,
0x00000000,
0x00000000,
0x00000000,
0x00000000,
0x00000000,
0x00000000,
0x00000000,
0x00000000,
0x00000000,
0x00000000,
0x00000000,
0x00000000,
0x00000000,
0x00000000,
0x00000000,
0x00000000,
0x00000000,
0x00000000,
0x00000000,
0x00000000,
0x00000000,
0x00000000,
0x00000000,
0x00000000,
0x00000000,
0x00000000,
0x00000000,
0x00000000,
0x00000000,
0x00000000,
0x00000000,
0x00000000,
0x00000000,
0x00000000,
0x00000000,
0x00000000,
0x00000000,
0x00000000,
0x00000000,
0x00000000,
0x00000000,
0x00000000,
0x00000000,
0x00000000,
0x00000000,
0x00000000,
0x00000000,
0x00000000,
0x00000000,
0x00000000,
0x00000000,
0x00000000,
0x00000000,
0x00000000,
0x00000000,
0x00000000,
0x00000000,
0x00000000,
0x00000000,
0x00000000,
0x00000000,
0x00000000,
0x00000000,
0x00000000,
0x00000000,
0x00000000,
0x00000000,
0x00000000,
0x00000000,
0x00000000,
0x00000000,
0x00000000,
0x00000000,
0x00000000,
0x00000000,
0x00000000,
0x00000000,
0x00000000,
0x00000000,
0x00000000,
0x00000000,
0x00000000,
0x00000000,
0x00000000,
0x00000000,
0x00000000,
0x00000000,
0x00000000,
0x00000000,
0x00000000,
0x00000000,
0x00000000,
0x00000000,
0x00000000,
0x00000000,
0x00000000,
0x00000000,
0x00000000,
0x00000000,
0x00000000,
0x00000000,
0x00000000,
0x00000000,
0x00000000,
0x00000000,
0x00000000,
0x00000000,
0x00000000,
0x00000000,
0x00000000,
0x00000000,
0x00000000,
0x00000000,
0x00000000,
0x00000000,
0x00000000,
0x00000000,
0x00000000,
0x00000000,
0x00000000,
0x00000000,
0x00000000,
0x00000000,
0x00000000,
0x00000000,
0x00000000,
0x00000000,
0x00000000,
0x00000000,
0x00000000,
0x00000000,
0x00000000,
0x00000000,
0x00000000,
0x00000000,
0x00000000,
0x00000000,
0x00000000,
0x00000000,
0x00000000,
0x00000000,
0x00000000,
0x00000000,
0x00000000,
0x00000000,
0x00000000,
0x00000000,
0x00000000,
0x00000000,
0x00000000,
0x00000000,
0x00000000,
0x00000000,
0x00000000,
0x00000000,
0x00000000,
0x00000000,
0x00000000,
0x00000000,
0x00000000,
0x00000000,
0x00000000,
0x00000000,
0x00000000,
0x00000000,
0x00000000,
0x00000000,
0x00000000,
0x00000000,
0x00000000,
0x00000000,
0x00000000,
0x00000000,
0x00000000,
0x00000000,
0x00000000,
0x00000000,
0x00000000,
0x00000000,
0x00000000,
0x00000000,
0x00000000,
0x00000000,
0x00000000,
0x00000000,
0x00000000,
0x00000000,
0x00000000,
0x00000000,
0x00000000,
0x00000000,
0x00000000,
0x00000000,
0x00000000,
0x00000000,
0x00000000,
0x00000000,
0x00000000,
0x00000000,
0x00000000,
0x00000000,
0x00000000,
0x00000000,
0x00000000,
0x00000000,
0x00000000,
0x00000000,
0x00000000,
0x00000000,
0x00000000,
0x00000000,
0x00000000,
0x00000000,
0x00000000,
0x00000000,
0x00000000,
0x00000000,
0x00000000,
0x00000000,
0x00000000,
0x00000000,
0x00000000,
0x00000000,
0x00000000,
0x00000000,
0x00000000,
0x00000000,
0x00000000,
0x00000000,
0x00000000,
0x00000000,
0x00000000,
0x00000000,
0x00000000,
0x00000000,
0x00000000,
0x00000000,
0x00000000,
0x00000000,
0x00000000,
0x00000000,
0x00000000,
0x00000000,
0x00000000,
0x00000000,
0x00000000,
0x00000000,
0x00000000,
0x00000000,
0x00000000,
0x00000000,
0x00000000,
0x00000000,
0x00000000,
0x00000000,
0x00000000,
0x00000000,
0x00000000,
0x00000000,
0x00000000,
0x00000000,
0x00000000,
0x00000000,
0x00000000,
0x00000000,
0x00000000,
0x00000000,
0x00000000,
0x00000000,
0x00000000,
0x00000000,
0x00000000,
0x00000000,
0x00000000,
0x00000000,
0x00000000,
0x00000000,
0x00000000,
0x00000000,
0x00000000,
0x00000000,
0x00000000,
0x00000000,
0x00000000,
0x00000000,
0x00000000,
0x00000000,
0x00000000,
0x00000000,
0x00000000,
0x00000000,
0x00000000,
0x00000000,
0x00000000,
0x00000000,
0x00000000,
0x00000000,
0x00000000,
0x00000000,
0x00000000,
0x00000000,
0x00000000,
0x00000000,
0x00000000,
0x00000000,
0x00000000,
0x00000000,
0x00000000,
0x00000000,
0x00000000,
0x00000000,
0x00000000,
0x00000000,
0x00000000,
0x00000000,
0x00000000,
0x00000000,
0x00000000,
0x00000000,
0x00000000,
0x00000000,
0x00000000,
0x00000000,
0x00000000,
0x00000000,
0x00000000,
0x00000000,
0x00000000,
0x00000000,
0x00000000,
0x00000000,
0x00000000,
0x00000000,
0x00000000,
0x00000000,
0x00000000,
0x00000000,
0x00000000,
0x00000000,
0x00000000,
0x00000000,
0x00000000,
0x00000000,
0x00000000,
0x00000000,
0x00000000,
0x00000000,
0x00000000,
0x00000000,
0x00000000,
0x00000000,
0x00000000,
0x00000000,
0x00000000,
0x00000000,
0x00000000,
0x00000000,
0x00000000,
0x00000000,
0x00000000,
0x00000000,
0x00000000,
0x00000000,
0x00000000,
0x00000000,
0x00000000,
0x00000000,
0x00000000,
0x00000000,
0x00000000,
0x00000000,
0x00000000,
0x00000000,
0x00000000,
0x00000000,
0x00000000,
0x00000000,
0x00000000,
0x00000000,
0x00000000,
0x00000000,
0x00000000,
0x00000000,
0x00000000,
0x00000000,
0x00000000,
0x00000000,
0x00000000,
0x00000000,
0x00000000,
0x00000000,
0x00000000,
0x00000000,
0x00000000,
0x00000000,
0x00000000,
0x00000000,
0x00000000,
0x00000000,
0x00000000,
0x00000000,
0x00000000,
0x00000000,
0x00000000,
0x00000000,
0x00000000,
0x00000000,
0x00000000,
0x00000000,
0x00000000,
0x00000000,
0x00000000,
0x00000000,
0x00000000,
0x00000000,
0x00000000,
0x00000000,
0x00000000,
0x00000000,
0x00000000,
0x00000000,
0x00000000,
0x00000000,
0x00000000,
0x00000000,
0x00000000,
0x00000000,
0x00000000,
0x00000000,
0x00000000,
0x00000000,
0x00000000,
0x00000000,
0x00000000,
0x00000000,
0x00000000,
0x00000000,
0x00000000,
0x00000000,
0x00000000,
0x00000000,
0x00000000,
0x00000000,
0x00000000,
0x00000000,
0x00000000,
0x00000000,
0x00000000,
0x00000000,
0x00000000,
0x00000000,
0x00000000,
0x00000000,
0x00000000,
0x00000000,
0x00000000,
0x00000000,
0x00000000,
0x00000000,
0x00000000,
0x00000000,
0x00000000,
0x00000000,
0x00000000,
0x00000000,
0x00000000,
0x00000000,
0x00000000,
0x00000000,
0x00000000,
0x00000000,
0x00000000,
0x00000000,
0x00000000,
0x00000000,
0x00000000,
0x00000000,
0x00000000,
0x00000000,
0x00000000,
0x00000000,
0x00000000,
0x00000000,
0x00000000,
0x00000000,
0x00000000,
0x00000000,
0x00000000,
0x00000000,
0x00000000,
0x00000000,
0x00000000,
0x00000000,
0x00000000,
0x00000000,
0x00000000,
0x00000000,
0x00000000,
0x00000000,
0x00000000,
0x00000000,
0x00000000,
0x00000000,
0x00000000,
0x00000000,
0x00000000,
0x00000000,
0x00000000,
0x00000000,
0x00000000,
0x00000000,
0x00000000,
0x00000000,
0x00000000,
0x00000000,
0x00000000,
0x00000000,
0x00000000,
0x00000000,
0x00000000,
0x00000000,
0x00000000,
0x00000000,
0x00000000,
0x00000000,
0x00000000,
0x00000000,
0x00000000,
0x00000000,
0x00000000,
0x00000000,
0x00000000,
0x00000000,
0x00000000,
0x00000000,
0x00000000,
0x00000000,
0x00000000,
0x00000000,
0x00000000,
0x00000000,
0x00000000,
0x00000000,
0x00000000,
0x00000000,
0x00000000,
0x00000000,
0x00000000,
0x00000000,
0x00000000,
0x00000000,
0x00000000,
0x00000000,
0x00000000,
0x00000000,
0x00000000,
0x00000000,
0x00000000,
0x00000000,
0x00000000,
0x00000000,
0x00000000,
0x00000000,
0x00000000,
0x00000000,
0x00000000,
0x00000000,
0x00000000,
0x00000000,
0x00000000,
0x00000000,
0x00000000,
0x00000000,
0x00000000,
0x00000000,
0x00000000,
0x00000000,
0x00000000,
0x00000000,
0x00000000,
0x00000000,
0x00000000,
0x00000000,
0x00000000,
0x00000000,
0x00000000,
0x00000000,
0x00000000,
0x00000000,
0x00000000,
0x00000000,
0x00000000,
0x00000000,
0x00000000,
0x00000000,
0x00000000,
0x00000000,
0x00000000,
0x00000000,
0x00000000,
0x00000000,
0x00000000,
0x00000000,
0x00000000,
0x00000000,
0x00000000,
0x00000000,
0x00000000,
0x00000000,
0x00000000,
0x00000000,
0x00000000,
0x00000000,
0x00000000,
0x00000000,
0x00000000,
0x00000000,
0x00000000,
0x00000000,
0x00000000,
0x00000000,
0x00000000,
0x00000000,
0x00000000,
0x00000000,
0x00000000,
0x00000000,
0x00000000,
0x00000000,
0x00000000,
0x00000000,
0x00000000,
0x00000000,
0x00000000,
0x00000000,
0x00000000,
0x00000000,
0x00000000,
0x00000000,
0x00000000,
0x00000000,
0x00000000,
0x00000000,
0x00000000,
0x00000000,
0x00000000,
0x00000000,
0x00000000,
0x00000000,
0x00000000,
0x00000000,
0x00000000,
0x00000000,
0x00000000,
0x00000000,
0x00000000,
0x00000000,
0x00000000,
0x00000000,
0x00000000,
0x00000000,
0x00000000,
0x00000000,
0x00000000,
0x00000000,
0x00000000,
0x00000000,
0x00000000,
0x00000000,
0x00000000,
0x00000000,
0x00000000,
0x00000000,
0x00000000,
0x00000000,
0x00000000,
0x00000000,
0x00000000,
0x00000000,
0x00000000,
0x00000000,
0x00000000,
0x00000000,
0x00000000,
0x00000000,
0x00000000,
0x00000000,
0x00000000,
0x00000000,
0x00000000,
0x00000000,
0x00000000,
0x00000000,
0x00000000,
0x00000000,
0x00000000,
0x00000000,
0x00000000,
0x00000000,
0x00000000,
0x00000000,
0x00000000,
0x00000000,
0x00000000,
0x00000000,
0x00000000,
0x00000000,
0x00000000,
0x00000000,
0x00000000,
0x00000000,
0x00000000,
0x00000000,
0x00000000,
0x00000000,
0x00000000,
0x00000000,
0x00000000,
0x00000000,
0x00000000,
0x00000000,
0x00000000,
0x00000000,
0x00000000,
0x00000000,
0x00000000,
0x00000000,
0x00000000,
0x00000000,
0x00000000,
0x00000000,
0x00000000,
0x00000000,
0x00000000,
0x00000000,
0x00000000,
0x00000000,
0x00000000,
0x00000000,
0x00000000,
0x00000000,
0x00000000,
0x00000000,
0x00000000,
0x00000000,
0x00000000,
0x00000000,
0x00000000,
0x00000000,
0x00000000,
0x00000000,
0x00000000,
0x00000000,
0x00000000,
0x00000000,
0x00000000,
0x00000000,
0x00000000,
0x00000000,
0x00000000,
0x00000000,
0x00000000,
0x00000000,
0x00000000,
0x00000000,
0x00000000,
0x00000000,
0x00000000,
0x00000000,
0x00000000,
0x00000000,
0x00000000,
0x00000000,
0x00000000,
0x00000000,
0x00000000,
0x00000000,
0x00000000,
0x00000000,
0x00000000,
0x00000000,
0x00000000,
0x00000000,
0x00000000,
0x00000000,
0x00000000,
0x00000000,
0x00000000,
0x00000000,
0x00000000,
0x00000000,
0x00000000,
0x00000000,
0x00000000,
0x00000000,
0x00000000,
0x00000000,
0x00000000,
0x00000000,
0x00000000,
0x00000000,
0x00000000,
0x00000000,
0x00000000,
0x00000000,
0x00000000,
0x00000000,
0x00000000,
0x00000000,
0x00000000,
0x00000000,
0x00000000,
0x00000000,
0x00000000,
0x00000000,
0x00000000,
0x00000000,
0x00000000,
0x00000000,
0x00000000,
0x00000000,
0x00000000,
0x00000000,
0x00000000,
0x00000000,
0x00000000,
0x00000000,
0x00000000,
0x00000000,
0x00000000,
0x00000000,
0x00000000,
0x00000000,
0x00000000,
0x00000000,
0x00000000,
0x00000000,
0x00000000,
0x00000000,
0x00000000,
0x00000000,
0x00000000,
0x00000000,
0x00000000,
0x00000000,
0x00000000,
0x00000000,
0x00000000,
0x00000000,
0x00000000,
0x00000000,
0x00000000,
0x00000000,
0x00000000,
0x00000000,
0x00000000,
0x00000000,
0x00000000,
0x00000000,
0x00000000,
0x00000000,
0x00000000,
0x00000000,
0x00000000,
0x00000000,
0x00000000,
0x00000000,
0x00000000,
0x00000000,
0x00000000,
0x00000000,
0x00000000,
0x00000000,
0x00000000,
0x00000000,
0x00000000,
0x00000000,
0x00000000,
0x00000000,
0x00000000,
0x00000000,
0x00000000,
0x00000000,
0x00000000,
0x00000000,
0x00000000,
0x00000000,
0x00000000,
0x00000000,
0x00000000,
0x00000000,
0x00000000,
0x00000000,
0x00000000,
0x00000000,
0x00000000,
0x00000000,
0x00000000,
0x00000000,
0x00000000,
0x00000000,
0x00000000,
0x00000000,
0x00000000,
0x00000000,
0x00000000,
0x00000000,
0x00000000,
0x00000000,
0x00000000,
0x00000000,
0x00000000,
0x00000000,
0x00000000,
0x00000000,
0x00000000,
0x00000000,
0x00000000,
0x00000000,
0x00000000,
0x00000000,
0x00000000,
0x00000000,
0x00000000,
0x00000000,
0x00000000,
0x00000000,
0x00000000,
0x00000000,
0x00000000,
0x00000000,
0x00000000,
0x00000000,
0x00000000,
0x00000000,
0x00000000,
0x00000000,
0x00000000,
0x00000000,
0x00000000,
0x00000000,
0x00000000,
0x00000000,
0x00000000,
0x00000000,
0x00000000,
0x00000000,
0x00000000,
0x00000000,
0x00000000,
0x00000000,
0x00000000,
0x00000000,
0x00000000,
0x00000000,
0x00000000,
0x00000000,
0x00000000,
0x00000000,
0x00000000,
0x00000000,
0x00000000,
0x00000000,
0x00000000,
0x00000000,
0x00000000,
0x00000000,
0x00000000,
0x00000000,
0x00000000,
0x00000000,
0x00000000,
0x00000000,
0x00000000,
0x00000000,
0x00000000,
0x00000000,
0x00000000,
0x00000000,
0x00000000,
0x00000000,
0x00000000,
0x00000000,
0x00000000,
0x00000000,
0x00000000,
0x00000000,
0x00000000,
0x00000000,
0x00000000,
0x00000000,
0x00000000,
0x00000000,
0x00000000,
0x00000000,
0x00000000,
0x00000000,
0x00000000,
0x00000000,
0x00000000,
0x00000000,
0x00000000,
0x00000000,
0x00000000,
0x00000000,
0x00000000,
0x00000000,
0x00000000,
0x00000000,
0x00000000,
0x00000000,
0x00000000,
0x00000000,
0x00000000,
0x00000000,
0x00000000,
0x00000000,
0x00000000,
0x00000000,
0x00000000,
0x00000000,
0x00000000,
0x00000000,
0x00000000,
0x00000000,
0x00000000,
0x00000000,
0x00000000,
0x00000000,
0x00000000,
0x00000000,
0x00000000,
0x00000000,
0x00000000,
0x00000000,
0x00000000,
0x00000000,
0x00000000,
0x00000000,
0x00000000,
0x00000000,
0x00000000,
0x00000000,
0x00000000,
0x00000000,
0x00000000,
0x00000000,
0x00000000,
0x00000000,
0x00000000,
0x00000000,
0x00000000,
0x00000000,
0x00000000,
0x00000000,
0x00000000,
0x00000000,
0x00000000,
0x00000000,
0x00000000,
0x00000000,
0x00000000,
0x00000000,
0x00000000,
0x00000000,
0x00000000,
0x00000000,
0x00000000,
0x00000000,
0x00000000,
0x00000000,
0x00000000,
0x00000000,
0x00000000,
0x00000000,
0x00000000,
0x00000000,
0x00000000,
0x00000000,
0x00000000,
0x00000000,
0x00000000,
0x00000000,
0x00000000,
0x00000000,
0x00000000,
0x00000000,
0x00000000,
0x00000000,
0x00000000,
0x00000000,
0x00000000,
0x00000000,
0x00000000,
0x00000000,
0x00000000,
0x00000000,
0x00000000,
0x00000000,
0x00000000,
0x00000000,
0x00000000,
0x00000000,
0x00000000,
0x00000000,
0x00000000,
0x00000000,
0x00000000,
0x00000000,
0x00000000,
0x00000000,
0x00000000,
0x00000000,
0x00000000,
0x00000000,
0x00000000,
0x00000000,
0x00000000,
0x00000000,
0x00000000,
0x00000000,
0x00000000,
0x00000000,
0x00000000,
0x00000000,
0x00000000,
0x00000000,
0x00000000,
0x00000000,
0x00000000,
0x00000000,
0x00000000,
0x00000000,
0x00000000,
0x00000000,
0x00000000,
0x00000000,
0x00000000,
0x00000000,
0x00000000,
0x00000000,
0x00000000,
0x00000000,
0x00000000,
0x00000000,
0x00000000,
0x00000000,
0x00000000,
0x00000000,
0x00000000,
0x00000000,
0x00000000,
0x00000000,
0x00000000,
0x00000000,
0x00000000,
0x00000000,
0x00000000,
0x00000000,
0x00000000,
0x00000000,
0x00000000,
0x00000000,
0x00000000,
0x00000000,
0x00000000,
0x00000000,
0x00000000,
0x00000000,
0x00000000,
0x00000000,
0x00000000,
0x00000000,
0x00000000,
0x00000000,
0x00000000,
0x00000000,
0x00000000,
0x00000000,
0x00000000,
0x00000000,
0x00000000,
0x00000000,
0x00000000,
0x00000000,
0x00000000,
0x00000000,
0x00000000,
0x00000000,
0x00000000,
0x00000000,
0x00000000,
0x00000000,
0x00000000,
0x00000000,
0x00000000,
0x00000000,
0x00000000,
0x00000000,
0x00000000,
0x00000000,
0x00000000,
0x00000000,
0x00000000,
0x00000000,
0x00000000,
0x00000000,
0x00000000,
0x00000000,
0x00000000,
0x00000000,
0x00000000,
0x00000000,
0x00000000,
0x00000000,
0x00000000,
0x00000000,
0x00000000,
0x00000000,
0x00000000,
0x00000000,
0x00000000,
0x00000000,
0x00000000,
0x00000000,
0x00000000,
0x00000000,
0x00000000,
0x00000000,
0x00000000,
0x00000000,
0x00000000,
0x00000000,
0x00000000,
0x00000000,
0x00000000,
0x00000000,
0x00000000,
0x00000000,
0x00000000,
0x00000000,
0x00000000,
0x00000000,
0x00000000,
0x00000000,
0x00000000,
0x00000000,
0x00000000,
0x00000000,
0x00000000,
0x00000000,
0x00000000,
0x00000000,
0x00000000,
0x00000000,
0x00000000,
0x00000000,
0x00000000,
0x00000000,
0x00000000,
0x00000000,
0x00000000,
0x00000000,
0x00000000,
0x00000000,
0x00000000,
0x00000000,
0x00000000,
0x00000000,
0x00000000,
0x00000000,
0x00000000,
0x00000000,
0x00000000,
0x00000000,
0x00000000,
0x00000000,
0x00000000,
0x00000000,
0x00000000,
0x00000000,
0x00000000,
0x00000000,
0x00000000,
0x00000000,
0x00000000,
0x00000000,
0x00000000,
0x00000000,
0x00000000,
0x00000000,
0x00000000,
0x00000000,
0x00000000,
0x00000000,
0x00000000,
0x00000000,
0x00000000,
0x00000000,
0x00000000,
0x00000000,
0x00000000,
0x00000000,
0x00000000,
0x00000000,
0x00000000,
0x00000000,
0x00000000,
0x00000000,
0x00000000,
0x00000000,
0x00000000,
0x00000000,
0x00000000,
0x00000000,
0x00000000,
0x00000000,
0x00000000,
0x00000000,
0x00000000,
0x00000000,
0x00000000,
0x00000000,
0x00000000,
0x00000000,
0x00000000,
0x00000000,
0x00000000,
0x00000000,
0x00000000,
0x00000000,
0x00000000,
0x00000000,
0x00000000,
0x00000000,
0x00000000,
0x00000000,
0x00000000,
0x00000000,
0x00000000,
0x00000000,
0x00000000,
0x00000000,
0x00000000,
0x00000000,
0x00000000,
0x00000000,
0x00000000,
0x00000000,
0x00000000,
0x00000000,
0x00000000,
0x00000000,
0x00000000,
0x00000000,
0x00000000,
0x00000000,
0x00000000,
0x00000000,
0x00000000,
0x00000000,
0x00000000,
0x00000000,
0x00000000,
0x00000000,
0x00000000,
0x00000000,
0x00000000,
0x00000000,
0x00000000,
0x00000000,
0x00000000,
0x00000000,
0x00000000,
0x00000000,
0x00000000,
0x00000000,
0x00000000,
0x00000000,
0x00000000,
0x00000000,
0x00000000,
0x00000000,
0x00000000,
0x00000000,
0x00000000,
0x00000000,
0x00000000,
0x00000000,
0x00000000,
0x00000000,
0x00000000,
0x00000000,
0x00000000,
0x00000000,
0x00000000,
0x00000000,
0x00000000,
0x00000000,
0x00000000,
0x00000000,
0x00000000,
0x00000000,
0x00000000,
0x00000000,
0x00000000,
0x00000000,
0x00000000,
0x00000000,
0x00000000,
0x00000000,
0x00000000,
0x00000000,
0x00000000,
0x00000000,
0x00000000,
0x00000000,
0x00000000,
0x00000000,
0x00000000,
0x00000000,
0x00000000,
0x00000000,
0x00000000,
0x00000000,
0x00000000,
0x00000000,
0x00000000,
0x00000000,
0x00000000,
0x00000000,
0x00000000,
0x00000000,
0x00000000,
0x00000000,
0x00000000,
0x00000000,
0x00000000,
0x00000000,
0x00000000,
0x00000000,
0x00000000,
0x00000000,
0x00000000,
0x00000000,
0x00000000,
0x00000000,
0x00000000,
0x00000000,
0x00000000,
0x00000000,
0x00000000,
0x00000000,
0x00000000,
0x00000000,
0x00000000,
0x00000000,
0x00000000,
0x00000000,
0x00000000,
0x00000000,
0x00000000,
0x00000000,
0x00000000,
0x00000000,
0x00000000,
0x00000000,
0x00000000,
0x00000000,
0x00000000,
0x00000000,
0x00000000,
0x00000000,
0x00000000,
0x00000000,
0x00000000,
0x00000000,
0x00000000,
0x00000000,
0x00000000,
0x00000000,
0x00000000,
0x00000000,
0x00000000,
0x00000000,
0x00000000,
0x00000000,
0x00000000,
0x00000000,
0x00000000,
0x00000000,
0x00000000,
0x00000000,
0x00000000,
0x00000000,
0x00000000,
0x00000000,
0x00000000,
0x00000000,
0x00000000,
0x00000000,
0x00000000,
0x00000000,
0x00000000,
0x00000000,
0x00000000,
0x00000000,
0x00000000,
0x00000000,
0x00000000,
0x00000000,
0x00000000,
0x00000000,
0x00000000,
0x00000000,
0x00000000,
0x00000000,
0x00000000,
0x00000000,
0x00000000,
0x00000000,
0x00000000,
0x00000000,
0x00000000,
0x00000000,
0x00000000,
0x00000000,
0x00000000,
0x00000000,
0x00000000,
0x00000000,
0x00000000,
0x00000000,
0x00000000,
0x00000000,
0x00000000,
0x00000000,
0x00000000,
0x00000000,
0x00000000,
0x00000000,
0x00000000,
0x00000000,
0x00000000,
0x00000000,
0x00000000,
0x00000000,
0x00000000,
0x00000000,
0x00000000,
0x00000000,
0x00000000,
0x00000000,
0x00000000,
0x00000000,
0x00000000,
0x00000000,
0x00000000,
0x00000000,
0x00000000,
0x00000000,
0x00000000,
0x00000000,
0x00000000,
0x00000000,
0x00000000,
0x00000000,
0x00000000,
0x00000000,
0x00000000,
0x00000000,
0x00000000,
0x00000000,
0x00000000,
0x00000000,
0x00000000,
0x00000000,
0x00000000,
0x00000000,
0x00000000,
0x00000000,
0x00000000,
0x00000000,
0x00000000,
0x00000000,
0x00000000,
0x00000000,
0x00000000,
0x00000000,
0x00000000,
0x00000000,
0x00000000,
0x00000000,
0x00000000,
0x00000000,
0x00000000,
0x00000000,
0x00000000,
0x00000000,
0x00000000,
0x00000000,
0x00000000,
0x00000000,
0x00000000,
0x00000000,
0x00000000,
0x00000000,
0x00000000,
0x00000000,
0x00000000,
0x00000000,
0x00000000,
0x00000000,
0x00000000,
0x00000000,
0x00000000,
0x00000000,
0x00000000,
0x00000000,
0x00000000,
0x00000000,
0x00000000,
0x00000000,
0x00000000,
0x00000000,
0x00000000,
0x00000000,
0x00000000,
0x00000000,
0x00000000,
0x00000000,
0x00000000,
0x00000000,
0x00000000,
0x00000000,
0x00000000,
0x00000000,
0x00000000,
0x00000000,
0x00000000,
0x00000000,
0x00000000,
0x00000000,
0x00000000,
0x00000000,
0x00000000,
0x00000000,
0x00000000,
0x00000000,
0x00000000,
0x00000000,
0x00000000,
0x00000000,
0x00000000,
0x00000000,
0x00000000,
0x00000000,
0x00000000,
0x00000000,
0x00000000,
0x00000000,
0x00000000,
0x00000000,
0x00000000,
0x00000000,
0x00000000,
0x00000000,
0x00000000,
0x00000000,
0x00000000,
0x00000000,
0x00000000,
0x00000000,
0x00000000,
0x00000000,
0x00000000,
0x00000000,
0x00000000,
0x00000000,
0x00000000,
0x00000000,
0x00000000,
0x00000000,
0x00000000,
0x00000000,
0x00000000,
0x00000000,
0x00000000,
0x00000000,
0x00000000,
0x00000000,
0x00000000,
0x00000000,
0x00000000,
0x00000000,
0x00000000,
0x00000000,
0x00000000,
0x00000000,
0x00000000,
0x00000000,
0x00000000,
0x00000000,
0x00000000,
0x00000000,
0x00000000,
0x00000000,
0x00000000,
0x00000000,
0x00000000,
0x00000000,
0x00000000,
0x00000000,
0x00000000,
0x00000000,
0x00000000,
0x00000000,
0x00000000,
0x00000000,
0x00000000,
0x00000000,
0x00000000,
0x00000000,
0x00000000,
0x00000000,
0x00000000,
0x00000000,
0x00000000,
0x00000000,
0x00000000,
0x00000000,
0x00000000,
0x00000000,
0x00000000,
0x00000000,
0x00000000,
0x00000000,
0x00000000,
0x00000000,
0x00000000,
0x00000000,
0x00000000,
0x00000000,
0x00000000,
0x00000000,
0x00000000,
0x00000000,
0x00000000,
0x00000000,
0x00000000,
0x00000000,
0x00000000,
0x00000000,
0x00000000,
0x00000000,
0x00000000,
0x00000000,
0x00000000,
0x00000000,
0x00000000,
0x00000000,
0x00000000,
0x00000000,
0x00000000,
0x00000000,
0x00000000,
0x00000000,
0x00000000,
0x00000000,
0x00000000,
0x00000000,
0x00000000,
0x00000000,
0x00000000,
0x00000000,
0x00000000,
0x00000000,
0x00000000,
0x00000000,
0x00000000,
0x00000000,
0x00000000,
0x00000000,
0x00000000,
0x00000000,
0x00000000,
0x00000000,
0x00000000,
0x00000000,
0x00000000,
0x00000000,
0x00000000,
0x00000000,
0x00000000,
0x00000000,
0x00000000,
0x00000000,
0x00000000,
0x00000000,
0x00000000,
0x00000000,
0x00000000,
0x00000000,
0x00000000,
0x00000000,
0x00000000,
0x00000000,
0x00000000,
0x00000000,
0x00000000,
0x00000000,
0x00000000,
0x00000000,
0x00000000,
0x00000000,
0x00000000,
0x00000000,
0x00000000,
0x00000000,
0x00000000,
0x00000000,
0x00000000,
0x00000000,
0x00000000,
0x00000000,
0x00000000,
0x00000000,
0x00000000,
0x00000000,
0x00000000,
0x00000000,
0x00000000,
0x00000000,
0x00000000,
0x00000000,
0x00000000,
0x00000000,
0x00000000,
0x00000000,
0x00000000,
0x00000000,
0x00000000,
0x00000000,
0x00000000,
0x00000000,
0x00000000,
0x00000000,
0x00000000,
0x00000000,
0x00000000,
0x00000000,
0x00000000,
0x00000000,
0x00000000,
0x00000000,
0x00000000,
0x00000000,
0x00000000,
0x00000000,
0x00000000,
0x00000000,
0x00000000,
0x00000000,
0x00000000,
0x00000000,
0x00000000,
0x00000000,
0x00000000,
0x00000000,
0x00000000,
0x00000000,
0x00000000,
0x00000000,
0x00000000,
0x00000000,
0x00000000,
0x00000000,
0x00000000,
0x00000000,
0x00000000,
0x00000000,
0x00000000,
0x00000000,
0x00000000,
0x00000000,
0x00000000,
0x00000000,
0x00000000,
0x00000000,
0x00000000,
0x00000000,
0x00000000,
0x00000000,
0x00000000,
0x00000000,
0x00000000,
0x00000000,
0x00000000,
0x00000000,
0x00000000,
0x00000000,
0x00000000,
0x00000000,
0x00000000,
0x00000000,
0x00000000,
0x00000000,
0x00000000,
0x00000000,
0x00000000,
0x00000000,
0x00000000,
0x00000000,
0x00000000,
0x00000000,
0x00000000,
0x00000000,
0x00000000,
0x00000000,
0x00000000,
0x00000000,
0x00000000,
0x00000000,
0x00000000,
0x00000000,
0x00000000,
0x00000000,
0x00000000,
0x00000000,
0x00000000,
0x00000000,
0x00000000,
0x00000000,
0x00000000,
0x00000000,
0x00000000,
0x00000000,
0x00000000,
0x00000000,
0x00000000,
0x00000000,
0x00000000,
0x00000000,
0x00000000,
0x00000000,
0x00000000,
0x00000000,
0x00000000,
0x00000000,
0x00000000,
0x00000000,
0x00000000,
0x00000000,
0x00000000,
0x00000000,
0x00000000,
0x00000000,
0x00000000,
0x00000000,
0x00000000,
0x00000000,
0x00000000,
0x00000000,
0x00000000,
0x00000000,
0x00000000,
0x00000000,
0x00000000,
0x00000000,
0x00000000,
0x00000000,
0x00000000,
0x00000000,
0x00000000,
0x00000000,
0x00000000,
0x00000000,
0x00000000,
0x00000000,
0x00000000,
0x00000000,
0x00000000,
0x00000000,
0x00000000,
0x00000000,
0x00000000,
0x00000000,
0x00000000,
0x00000000,
0x00000000,
0x00000000,
0x00000000,
0x00000000,
0x00000000,
0x00000000,
0x00000000,
0x00000000,
0x00000000,
0x00000000,
0x00000000,
0x00000000,
0x00000000,
0x00000000,
0x00000000,
0x00000000,
0x00000000,
0x00000000,
0x00000000,
0x00000000,
0x00000000,
0x00000000,
0x00000000,
0x00000000,
0x00000000,
0x00000000,
0x00000000,
0x00000000,
0x00000000,
0x00000000,
0x00000000,
0x00000000,
0x00000000,
0x00000000,
0x00000000,
0x00000000,
0x00000000,
0x00000000,
0x00000000,
0x00000000,
0x00000000,
0x00000000,
0x00000000,
0x00000000,
0x00000000,
0x00000000,
0x00000000,
0x00000000,
0x00000000,
0x00000000,
0x00000000,
0x00000000,
0x00000000,
0x00000000,
0x00000000,
0x00000000,
0x00000000,
0x00000000,
0x00000000,
0x00000000,
0x00000000,
0x00000000,
0x00000000,
0x00000000,
0x00000000,
0x00000000,
0x00000000,
0x00000000,
0x00000000,
0x00000000,
0x00000000,
0x00000000,
0x00000000,
0x00000000,
0x00000000,
0x00000000,
0x00000000,
0x00000000,
0x00000000,
0x00000000,
0x00000000,
0x00000000,
0x00000000,
0x00000000,
0x00000000,
0x00000000,
0x00000000,
0x00000000,
0x00000000,
0x00000000,
0x00000000,
0x00000000,
0x00000000,
0x00000000,
0x00000000,
0x00000000,
0x00000000,
0x00000000,
0x00000000,
0x00000000,
0x00000000,
0x00000000,
0x00000000,
0x00000000,
0x00000000,
0x00000000,
0x00000000,
0x00000000,
0x00000000,
0x00000000,
0x00000000,
0x00000000,
0x00000000,
0x00000000,
0x00000000,
0x00000000,
0x00000000,
0x00000000,
0x00000000,
0x00000000,
0x00000000,
0x00000000,
0x00000000,
0x00000000,
0x00000000,
0x00000000,
0x00000000,
0x00000000,
0x00000000,
0x00000000,
0x00000000,
0x00000000,
0x00000000,
0x00000000,
0x00000000,
0x00000000,
0x00000000,
0x00000000,
0x00000000,
0x00000000,
0x00000000,
0x00000000,
0x00000000,
0x00000000,
0x00000000,
0x00000000,
0x00000000,
0x00000000,
0x00000000,
0x00000000,
0x00000000,
0x00000000,
0x00000000,
0x00000000,
0x00000000,
0x00000000,
0x00000000,
0x00000000,
0x00000000,
0x00000000,
0x00000000,
0x00000000,
0x00000000,
0x00000000,
0x00000000,
0x00000000,
0x00000000,
0x00000000,
0x00000000,
0x00000000,
0x00000000,
0x00000000,
0x00000000,
0x00000000,
0x00000000,
0x00000000,
0x00000000,
0x00000000,
0x00000000,
0x00000000,
0x00000000,
0x00000000,
0x00000000,
0x00000000,
0x00000000,
0x00000000,
0x00000000,
0x00000000,
0x00000000,
0x00000000,
0x00000000,
0x00000000,
0x00000000,
0x00000000,
0x00000000,
0x00000000,
0x00000000,
0x00000000,
0x00000000,
0x00000000,
0x00000000,
0x00000000,
0x00000000,
0x00000000,
0x00000000,
0x00000000,
0x00000000,
0x00000000,
0x00000000,
0x00000000,
0x00000000,
0x00000000,
0x00000000,
0x00000000,
0x00000000,
0x00000000,
0x00000000,
0x00000000,
0x00000000,
0x00000000,
0x00000000,
0x00000000,
0x00000000,
0x00000000,
0x00000000,
0x00000000,
0x00000000,
0x00000000,
0x00000000,
0x00000000,
0x00000000,
0x00000000,
0x00000000,
0x00000000,
0x00000000,
0x00000000,
0x00000000,
0x00000000,
0x00000000,
0x00000000,
0x00000000,
0x00000000,
0x00000000,
0x00000000,
0x00000000,
0x00000000,
0x00000000,
0x00000000,
0x00000000,
0x00000000,
0x00000000,
0x00000000,
0x00000000,
0x00000000,
0x00000000,
0x00000000,
0x00000000,
0x00000000,
0x00000000,
0x00000000,
0x00000000,
0x00000000,
0x00000000,
0x00000000,
0x00000000,
0x00000000,
0x00000000,
0x00000000,
0x00000000,
0x00000000,
0x00000000,
0x00000000,
0x00000000,
0x00000000,
0x00000000,
0x00000000,
0x00000000,
0x00000000,
0x00000000,
0x00000000,
0x00000000,
0x00000000,
0x00000000,
0x00000000,
0x00000000,
0x00000000,
0x00000000,
0x00000000,
0x00000000,
0x00000000,
0x00000000,
0x00000000,
0x00000000,
0x00000000,
0x00000000,
0x00000000,
0x00000000,
0x00000000,
0x00000000,
0x00000000,
0x00000000,
0x00000000,
0x00000000,
0x00000000,
0x00000000,
0x00000000,
0x00000000,
0x00000000,
0x00000000,
0x00000000,
0x00000000,
0x00000000,
0x00000000,
0x00000000,
0x00000000,
0x00000000,
0x00000000,
0x00000000,
0x00000000,
0x00000000,
0x00000000,
0x00000000,
0x00000000,
0x00000000,
0x00000000,
0x00000000,
0x00000000,
0x00000000,
0x00000000,
0x00000000,
0x00000000,
0x00000000,
0x00000000,
0x00000000,
0x00000000,
0x00000000,
0x00000000,
0x00000000,
0x00000000,
0x00000000,
0x00000000,
0x00000000,
0x00000000,
0x00000000,
0x00000000,
0x00000000,
0x00000000,
0x00000000,
0x00000000,
0x00000000,
0x00000000,
0x00000000,
0x00000000,
0x00000000,
0x00000000,
0x00000000,
0x00000000,
0x00000000,
0x00000000,
0x00000000,
0x00000000,
0x00000000,
0x00000000,
0x00000000,
0x00000000,
0x00000000,
0x00000000,
0x00000000,
0x00000000,
0x00000000,
0x00000000,
0x00000000,
0x00000000,
0x00000000,
0x00000000,
0x00000000,
0x00000000,
0x00000000,
0x00000000,
0x00000000,
0x00000000,
0x00000000,
0x00000000,
0x00000000,
0x00000000,
0x00000000,
0x00000000,
0x00000000,
0x00000000,
0x00000000,
0x00000000,
0x00000000,
0x00000000,
0x00000000,
0x00000000,
0x00000000,
0x00000000,
0x00000000,
0x00000000,
0x00000000,
0x00000000,
0x00000000,
0x00000000,
0x00000000,
0x00000000,
0x00000000,
0x00000000,
0x00000000,
0x00000000,
0x00000000,
0x00000000,
0x00000000,
0x00000000,
0x00000000,
0x00000000,
0x00000000,
0x00000000,
0x00000000,
0x00000000,
0x00000000,
0x00000000,
0x00000000,
0x00000000,
0x00000000,
0x00000000,
0x00000000,
0x00000000,
0x00000000,
0x00000000,
0x00000000,
0x00000000,
0x00000000,
0x00000000,
0x00000000,
0x00000000,
0x00000000,
0x00000000,
0x00000000,
0x00000000,
0x00000000,
0x00000000,
0x00000000,
0x00000000,
0x00000000,
0x00000000,
0x00000000,
0x00000000,
0x00000000,
0x00000000,
0x00000000,
};

#endif