#if defined(__KERNEL__)
#include <linux/kernel.h>
#include <linux/module.h>
#include <linux/moduleparam.h>
#include <linux/slab.h>
#include <kdrv_builtin/kdrv_builtin.h>
#include "isp_builtin.h"
#else
#include "plat/gpio.h"
#endif
#include "kwrap/error_no.h"
#include "kwrap/type.h"
#include "kwrap/util.h"
#include <kwrap/verinfo.h>
#include "kflow_videocapture/ctl_sen.h"
#include "isp_api.h"

#include "sen_cfg.h"
#include "sen_common.h"
#include "sen_inc.h"

//=============================================================================
//Module parameter : Set module parameters when insert the module
//=============================================================================
#if defined(__KERNEL__)
char *sen_cfg_path = "null";
module_param_named(sen_cfg_path, sen_cfg_path, charp, S_IRUGO | S_IWUSR);
MODULE_PARM_DESC(sen_cfg_path, "Path of cfg file");

#ifdef DEBUG
unsigned int sen_debug_level = THIS_DBGLVL;
module_param_named(sen_debug_level, sen_debug_level, int, S_IRUGO | S_IWUSR);
MODULE_PARM_DESC(sen_debug_level, "Debug message level");
#endif
#endif

//=============================================================================
// version
//=============================================================================
VOS_MODULE_VERSION(nvt_sen_hi5011q, 1, 01, 000, 00);

//=============================================================================
// information
//=============================================================================
#define SEN_HI5011Q_MODULE_NAME     "sen_hi5011q"
#define SEN_MAX_MODE               2
#define MAX_VD_PERIOD              0xFFFF
#define MAX_EXPOSURE_LINE          0xFFFFFFFF
#define MIN_EXPOSURE_LINE          8
#define NON_EXPOSURE_LINE          8

#define SEN_I2C_ADDR 0x40>>1
#define SEN_I2C_COMPATIBLE "nvt,sen_hi5011q"

#include "sen_i2c.c"

//=============================================================================
// function declaration
//=============================================================================
static CTL_SEN_DRV_TAB *sen_get_drv_tab_hi5011q(void);
static void sen_pwr_ctrl_hi5011q(CTL_SEN_ID id, CTL_SEN_PWR_CTRL_FLAG flag, CTL_SEN_CLK_CB clk_cb);
static ER sen_open_hi5011q(CTL_SEN_ID id);
static ER sen_close_hi5011q(CTL_SEN_ID id);
static ER sen_sleep_hi5011q(CTL_SEN_ID id);
static ER sen_wakeup_hi5011q(CTL_SEN_ID id);
static ER sen_write_reg_hi5011q(CTL_SEN_ID id, CTL_SEN_CMD *cmd);
static ER sen_read_reg_hi5011q(CTL_SEN_ID id, CTL_SEN_CMD *cmd);
static ER sen_chg_mode_hi5011q(CTL_SEN_ID id, CTL_SENDRV_CHGMODE_OBJ chgmode_obj);
static ER sen_chg_fps_hi5011q(CTL_SEN_ID id, UINT32 fps);
static ER sen_set_info_hi5011q(CTL_SEN_ID id, CTL_SENDRV_CFGID drv_cfg_id, void *data);
static ER sen_get_info_hi5011q(CTL_SEN_ID id, CTL_SENDRV_CFGID drv_cfg_id, void *data);
static UINT32 sen_calc_chgmode_vd_hi5011q(CTL_SEN_ID id, UINT32 fps);
static UINT32 sen_calc_exp_vd_hi5011q(CTL_SEN_ID id, UINT32 fps);
static void sen_set_gain_hi5011q(CTL_SEN_ID id, void *param);
static void sen_set_expt_hi5011q(CTL_SEN_ID id, void *param);
static void sen_set_preset_hi5011q(CTL_SEN_ID id, ISP_SENSOR_PRESET_CTRL *ctrl);
static void sen_set_flip_hi5011q(CTL_SEN_ID id, CTL_SEN_FLIP *flip);
static ER sen_get_flip_hi5011q(CTL_SEN_ID id, CTL_SEN_FLIP *flip);
#if defined(__FREERTOS)
void sen_get_gain_hi5011q(CTL_SEN_ID id, void *param);
void sen_get_expt_hi5011q(CTL_SEN_ID id, void *param);
#else
static void sen_get_gain_hi5011q(CTL_SEN_ID id, void *param);
static void sen_get_expt_hi5011q(CTL_SEN_ID id, void *param);
#endif
static void sen_get_min_expt_hi5011q(CTL_SEN_ID id, void *param);
static void sen_get_mode_basic_hi5011q(CTL_SENDRV_GET_MODE_BASIC_PARAM *mode_basic);
static void sen_get_attr_basic_hi5011q(CTL_SEN_ID id, CTL_SENDRV_GET_ATTR_BASIC_PARAM *data);
static void sen_get_attr_signal_hi5011q(CTL_SENDRV_GET_ATTR_SIGNAL_PARAM *data);
static ER sen_get_attr_cmdif_hi5011q(CTL_SEN_ID id, CTL_SENDRV_GET_ATTR_CMDIF_PARAM *data);
static ER sen_get_attr_if_hi5011q(CTL_SENDRV_GET_ATTR_IF_PARAM *data);
static void sen_get_fps_hi5011q(CTL_SEN_ID id, CTL_SENDRV_GET_FPS_PARAM *data);
static void sen_get_speed_hi5011q(CTL_SEN_ID id, CTL_SENDRV_GET_SPEED_PARAM *data);
static void sen_get_mode_mipi_hi5011q(CTL_SENDRV_GET_MODE_MIPI_PARAM *data);
static void sen_get_modesel_hi5011q(CTL_SENDRV_GET_MODESEL_PARAM *data);
static UINT32 sen_calc_rowtime_hi5011q(CTL_SEN_ID id, CTL_SEN_MODE mode);
static UINT32 sen_calc_rowtime_step_hi5011q(CTL_SEN_ID id, CTL_SEN_MODE mode);
static void sen_get_rowtime_hi5011q(CTL_SEN_ID id, CTL_SENDRV_GET_MODE_ROWTIME_PARAM *data);
static void sen_set_cur_fps_hi5011q(CTL_SEN_ID id, UINT32 fps);
static UINT32 sen_get_cur_fps_hi5011q(CTL_SEN_ID id);
static void sen_set_chgmode_fps_hi5011q(CTL_SEN_ID id, UINT32 fps);
static UINT32 sen_get_chgmode_fps_hi5011q(CTL_SEN_ID id);
static void sen_get_mipi_mfr_outsel_hi5011q(CTL_SEN_ID id, CTL_SENDRV_MIPI_MFR_OUTSEL_PARAM *data);
static void sen_get_modesel2_hi5011q(CTL_SENDRV_GET_MODESEL2_PARAM *data);
static void	sen_get_mfr_ver_hi5011q(UINT32 *data);
static void sen_get_hs_dly_hi5011q(CTL_SEN_ID id, CTL_SENDRV_GET_MODE_MIPI_HSDATAOUT_DLY *data);
//=============================================================================
// global variable
//=============================================================================
static UINT32 sen_map = SEN_PATH_1;

static SEN_PRESET sen_preset[CTL_SEN_ID_MAX] = {
	{10000, 1000},
	{10000, 1000},
	{10000, 1000},
	{10000, 1000},
	{10000, 1000},
	{10000, 1000},
	{10000, 1000},
	{10000, 1000}
};

static SEN_DIRECTION sen_direction[CTL_SEN_ID_MAX] = {
	{FALSE, FALSE},
	{FALSE, FALSE},
	{FALSE, FALSE},
	{FALSE, FALSE},
	{FALSE, FALSE},
	{FALSE, FALSE},
	{FALSE, FALSE},
	{FALSE, FALSE}
};

static SEN_POWER sen_power[CTL_SEN_ID_MAX] = {
	//C_GPIO:+0x0; P_GPIO:+0x20; S_GPIO:+0x40; L_GPIO:+0x60; D_GPIO:0x80; H_GPIO:+0xA0; A_GPIO:0xC0; D_GPIO:0xE0;
	{CTL_SEN_CLK_SEL_SIEMCLK, CTL_SEN_IGNORE, 0x4C, 1, 1},
	{CTL_SEN_CLK_SEL_SIEMCLK2, CTL_SEN_IGNORE, 0x4D, 1, 1},
	{CTL_SEN_CLK_SEL_SIEMCLK2, CTL_SEN_IGNORE, 0x4D, 1, 1},
	{CTL_SEN_CLK_SEL_SIEMCLK2, CTL_SEN_IGNORE, 0x4D, 1, 1},
	{CTL_SEN_CLK_SEL_SIEMCLK2, CTL_SEN_IGNORE, 0x4D, 1, 1},
	{CTL_SEN_CLK_SEL_SIEMCLK2, CTL_SEN_IGNORE, 0x4D, 1, 1},
	{CTL_SEN_CLK_SEL_SIEMCLK2, CTL_SEN_IGNORE, 0x4D, 1, 1},
	{CTL_SEN_CLK_SEL_SIEMCLK2, CTL_SEN_IGNORE, 0x4D, 1, 1}
};
	
static SEN_I2C sen_i2c[CTL_SEN_ID_MAX] = {
	{SEN_I2C_ID_1, SEN_I2C_ADDR},
	{SEN_I2C_ID_2, SEN_I2C_ADDR},
	{SEN_I2C_ID_2, SEN_I2C_ADDR},
	{SEN_I2C_ID_2, SEN_I2C_ADDR},
	{SEN_I2C_ID_2, SEN_I2C_ADDR},
	{SEN_I2C_ID_2, SEN_I2C_ADDR},
	{SEN_I2C_ID_2, SEN_I2C_ADDR},
	{SEN_I2C_ID_2, SEN_I2C_ADDR}
};

static CTL_SENDRV_GET_ATTR_BASIC_PARAM basic_param = {
	SEN_HI5011Q_MODULE_NAME,
	CTL_SEN_VENDOR_OTHERS,
	SEN_MAX_MODE,
	CTL_SEN_SUPPORT_PROPERTY_MIRROR|CTL_SEN_SUPPORT_PROPERTY_FLIP|CTL_SEN_SUPPORT_PROPERTY_CHGFPS,
	0
};

static CTL_SENDRV_GET_ATTR_SIGNAL_PARAM signal_param = {
	CTL_SEN_SIGNAL_MASTER,
	{CTL_SEN_ACTIVE_HIGH, CTL_SEN_ACTIVE_HIGH, CTL_SEN_PHASE_RISING, CTL_SEN_PHASE_RISING, CTL_SEN_PHASE_RISING}
};

static CTL_SENDRV_I2C i2c = {
	{
		{CTL_SEN_I2C_W_ADDR_DFT,     0x40},
		{CTL_SEN_I2C_W_ADDR_OPTION1, 0xFF},
		{CTL_SEN_I2C_W_ADDR_OPTION2, 0xFF},
		{CTL_SEN_I2C_W_ADDR_OPTION3, 0xFF},
		{CTL_SEN_I2C_W_ADDR_OPTION4, 0xFF},
		{CTL_SEN_I2C_W_ADDR_OPTION5, 0xFF}
	}
};

static CTL_SENDRV_GET_SPEED_PARAM speed_param[SEN_MAX_MODE] = {
	{
		CTL_SEN_MODE_1,
		CTL_SEN_SIEMCLK_SRC_DFT,
		24000000,
		124000000,
		489600000
	},
	{
		CTL_SEN_MODE_2,
		CTL_SEN_SIEMCLK_SRC_DFT,
		24000000,
		124000000,
		489600000
	}
};

static CTL_SENDRV_GET_MODE_MIPI_PARAM mipi_param[SEN_MAX_MODE] = {
	{
		CTL_SEN_MODE_1,
		CTL_SEN_CLKLANE_1,
		CTL_SEN_DATALANE_4,
		{ {CTL_SEN_MIPI_MANUAL_NONE, 0}, {CTL_SEN_MIPI_MANUAL_NONE, 0}, {CTL_SEN_MIPI_MANUAL_NONE, 0} },
		0,
		{0, 1, 0, 0},
		SEN_BIT_OFS_0|SEN_BIT_OFS_1
	},
	{
		CTL_SEN_MODE_2,
		CTL_SEN_CLKLANE_1,
		CTL_SEN_DATALANE_4,
		{ {CTL_SEN_MIPI_MANUAL_NONE, 0}, {CTL_SEN_MIPI_MANUAL_NONE, 0}, {CTL_SEN_MIPI_MANUAL_NONE, 0} },
		0,
		{0, 0, 0, 0},
		SEN_BIT_OFS_NONE
	}	
};

static CTL_SENDRV_GET_MODE_BASIC_PARAM mode_basic_param[SEN_MAX_MODE] = {
	{
		CTL_SEN_MODE_1,
		CTL_SEN_IF_TYPE_MIPI,
		CTL_SEN_DATA_FMT_RGB,
		CTL_SEN_MODE_PDAF,
		3010,
		2,
		CTL_SEN_STPIX_R,
		CTL_SEN_PIXDEPTH_10BIT,
		CTL_SEN_FMT_POGRESSIVE,
		{4100, 3076},
		{{3, 2, 4096, 3072}, {0, 0, 4096, 768}, {0, 0, 0, 0}, {0, 0, 0, 0}},
		{4096, 3072},
		{0, 828, 0, 4975},
		CTL_SEN_RATIO(4, 3),
		{1000, 1023360},
		100
	},
	{
		CTL_SEN_MODE_2,
		CTL_SEN_IF_TYPE_MIPI,
		CTL_SEN_DATA_FMT_RGB,
		CTL_SEN_MODE_LINEAR,
		3010,
		1,
		CTL_SEN_STPIX_R,
		CTL_SEN_PIXDEPTH_10BIT,
		CTL_SEN_FMT_POGRESSIVE,
		{4100, 3076},
		{{3, 2, 4096, 3072}, {0, 0, 0, 0}, {0, 0, 0, 0}, {0, 0, 0, 0}},
		{4096, 3072},
		{0, 828, 0, 4975},
		CTL_SEN_RATIO(4, 3),
		{1000, 1023360},
		100
	}	
};

static CTL_SEN_CMD hi5011q_mode_1[] = {	
	////////////////////////////////////////////////////////////
	//-------------------Firmware-------------------//
	///////////////////////////////////////////////////////////
	{0x0790, 2, {0x01, 0x00}},       
	{0xC000, 2, {0x67, 0xBD}},
	{0xC002, 2, {0x87, 0x93}},
	{0xC004, 2, {0x24, 0x47}},
	{0xC006, 2, {0x82, 0x93}},
	{0xC008, 2, {0x04, 0x07}},
	{0xC00A, 2, {0x8F, 0x93}},
	{0xC00C, 2, {0x04, 0x87}},
	{0xC00E, 2, {0x8F, 0x13}},
	{0xC010, 2, {0x0F, 0x07}},
	{0xC012, 2, {0x8E, 0x93}},
	{0xC014, 2, {0x13, 0x87}},
	{0xC016, 2, {0x8E, 0x13}},
	{0xC018, 2, {0x14, 0x07}},
	{0xC01A, 2, {0x83, 0x13}},
	{0xC01C, 2, {0x14, 0x87}},
	{0xC01E, 2, {0x88, 0x93}},
	{0xC020, 2, {0x1F, 0x07}},
	{0xC022, 2, {0x88, 0x13}},
	{0xC024, 2, {0x20, 0x87}},
	{0xC026, 2, {0x85, 0x93}},
	{0xC028, 2, {0x25, 0xC7}},
	{0xC02A, 2, {0x86, 0x13}},
	{0xC02C, 2, {0x45, 0x47}},
	{0xC02E, 2, {0x87, 0x93}},
	{0xC030, 2, {0x46, 0xC7}},
	{0xC032, 2, {0x2A, 0x23}},
	{0xC034, 2, {0x36, 0xF5}},
	{0xC036, 2, {0xC7, 0xB7}},
	{0xC038, 2, {0x00, 0x00}},
	{0xC03A, 2, {0x87, 0x93}},
	{0xC03C, 2, {0x20, 0x47}},
	{0xC03E, 2, {0x22, 0x23}},
	{0xC040, 2, {0x18, 0xF5}},
	{0xC042, 2, {0xD7, 0xB7}},
	{0xC044, 2, {0x00, 0x00}},
	{0xC046, 2, {0x87, 0x93}},
	{0xC048, 2, {0x79, 0x07}},
	{0xC04A, 2, {0xD9, 0x3C}},
	{0xC04C, 2, {0xD7, 0xB7}},
	{0xC04E, 2, {0x00, 0x00}},
	{0xC050, 2, {0x87, 0x93}},
	{0xC052, 2, {0x24, 0x67}},
	{0xC054, 2, {0x2E, 0x23}},
	{0xC056, 2, {0x24, 0xF5}},
	{0xC058, 2, {0xC7, 0xB7}},
	{0xC05A, 2, {0x00, 0x00}},
	{0xC05C, 2, {0x87, 0x93}},
	{0xC05E, 2, {0x25, 0xC7}},
	{0xC060, 2, {0x2E, 0x23}},
	{0xC062, 2, {0x20, 0xF5}},
	{0xC064, 2, {0xC7, 0xB7}},
	{0xC066, 2, {0x00, 0x00}},
	{0xC068, 2, {0x87, 0x93}},
	{0xC06A, 2, {0x2F, 0x27}},
	{0xC06C, 2, {0xD1, 0x3C}},
	{0xC06E, 2, {0xC7, 0xB7}},
	{0xC070, 2, {0x00, 0x00}},
	{0xC072, 2, {0x87, 0x93}},
	{0xC074, 2, {0x34, 0x47}},
	{0xC076, 2, {0x26, 0x23}},
	{0xC078, 2, {0x14, 0xF5}},
	{0xC07A, 2, {0xC7, 0xB7}},
	{0xC07C, 2, {0x00, 0x00}},
	{0xC07E, 2, {0x87, 0x93}},
	{0xC080, 2, {0x39, 0x47}},
	{0xC082, 2, {0xCD, 0x3C}},
	{0xC084, 2, {0xD7, 0xB7}},
	{0xC086, 2, {0x00, 0x00}},
	{0xC088, 2, {0x87, 0x93}},
	{0xC08A, 2, {0x29, 0x27}},
	{0xC08C, 2, {0x20, 0x23}},
	{0xC08E, 2, {0x32, 0xF5}},
	{0xC090, 2, {0xD7, 0xB7}},
	{0xC092, 2, {0x00, 0x00}},
	{0xC094, 2, {0x87, 0x93}},
	{0xC096, 2, {0x1B, 0xC7}},
	{0xC098, 2, {0x20, 0x23}},
	{0xC09A, 2, {0x22, 0xF5}},
	{0xC09C, 2, {0xC7, 0xB7}},
	{0xC09E, 2, {0x00, 0x00}},
	{0xC0A0, 2, {0x87, 0x93}},
	{0xC0A2, 2, {0x3C, 0x27}},
	{0xC0A4, 2, {0xC9, 0x3C}},
	{0xC0A6, 2, {0xC7, 0xB7}},
	{0xC0A8, 2, {0x00, 0x00}},
	{0xC0AA, 2, {0x87, 0x93}},
	{0xC0AC, 2, {0x55, 0xE7}},
	{0xC0AE, 2, {0x26, 0x23}},
	{0xC0B0, 2, {0x0E, 0xF5}},
	{0xC0B2, 2, {0x67, 0x21}},
	{0xC0B4, 2, {0xC7, 0xB7}},
	{0xC0B6, 2, {0x00, 0x00}},
	{0xC0B8, 2, {0x11, 0x41}},
	{0xC0BA, 2, {0x07, 0x13}},
	{0xC0BC, 2, {0x15, 0x07}},
	{0xC0BE, 2, {0x87, 0x93}},
	{0xC0C0, 2, {0x65, 0xE7}},
	{0xC0C2, 2, {0xC6, 0x22}},
	{0xC0C4, 2, {0x06, 0x93}},
	{0xC0C6, 2, {0x10, 0x07}},
	{0xC0C8, 2, {0x04, 0x13}},
	{0xC0CA, 2, {0x2B, 0x87}},
	{0xC0CC, 2, {0x03, 0x93}},
	{0xC0CE, 2, {0x43, 0x87}},
	{0xC0D0, 2, {0xD9, 0x7C}},
	{0xC0D2, 2, {0x07, 0x13}},
	{0xC0D4, 2, {0x5B, 0x87}},
	{0xC0D6, 2, {0xC7, 0xB7}},
	{0xC0D8, 2, {0x00, 0x00}},
	{0xC0DA, 2, {0x20, 0x23}},
	{0xC0DC, 2, {0x40, 0xD5}},
	{0xC0DE, 2, {0x2C, 0x23}},
	{0xC0E0, 2, {0x3E, 0xE5}},
	{0xC0E2, 2, {0x87, 0x93}},
	{0xC0E4, 2, {0x48, 0xE7}},
	{0xC0E6, 2, {0x66, 0xA9}},
	{0xC0E8, 2, {0x67, 0x2D}},
	{0xC0EA, 2, {0x86, 0x93}},
	{0xC0EC, 2, {0x6C, 0x46}},
	{0xC0EE, 2, {0x07, 0x13}},
	{0xC0F0, 2, {0x00, 0x07}},
	{0xC0F2, 2, {0xC9, 0x7C}},
	{0xC0F4, 2, {0xD7, 0xB7}},
	{0xC0F6, 2, {0x00, 0x00}},
	{0xC0F8, 2, {0x2A, 0x23}},
	{0xC0FA, 2, {0x3E, 0xD5}},
	{0xC0FC, 2, {0x2C, 0x23}},
	{0xC0FE, 2, {0x3C, 0xE5}},
	{0xC100, 2, {0x87, 0x93}},
	{0xC102, 2, {0x31, 0x47}},
	{0xC104, 2, {0x67, 0x05}},
	{0xC106, 2, {0xC6, 0xB7}},
	{0xC108, 2, {0x00, 0x00}},
	{0xC10A, 2, {0x26, 0x23}},
	{0xC10C, 2, {0x3C, 0x85}},
	{0xC10E, 2, {0x22, 0x23}},
	{0xC110, 2, {0x1C, 0xF5}},
	{0xC112, 2, {0x97, 0x2A}},
	{0xC114, 2, {0x28, 0x23}},
	{0xC116, 2, {0x3C, 0x75}},
	{0xC118, 2, {0x2A, 0x23}},
	{0xC11A, 2, {0x34, 0x55}},
	{0xC11C, 2, {0x2C, 0x23}},
	{0xC11E, 2, {0x35, 0xF5}},
	{0xC120, 2, {0x26, 0x23}},
	{0xC122, 2, {0x39, 0xE5}},
	{0xC124, 2, {0x24, 0x23}},
	{0xC126, 2, {0x39, 0xD5}},
	{0xC128, 2, {0x20, 0x23}},
	{0xC12A, 2, {0x39, 0xC5}},
	{0xC12C, 2, {0x22, 0x23}},
	{0xC12E, 2, {0x38, 0x65}},
	{0xC130, 2, {0x26, 0x23}},
	{0xC132, 2, {0x37, 0x15}},
	{0xC134, 2, {0x24, 0x23}},
	{0xC136, 2, {0x37, 0x05}},
	{0xC138, 2, {0x20, 0x23}},
	{0xC13A, 2, {0x36, 0xB5}},
	{0xC13C, 2, {0x2C, 0x23}},
	{0xC13E, 2, {0x36, 0xC5}},
	{0xC140, 2, {0x86, 0x93}},
	{0xC142, 2, {0x6D, 0x66}},
	{0xC144, 2, {0x24, 0x23}},
	{0xC146, 2, {0xAA, 0xD7}},
	{0xC148, 2, {0xC7, 0x37}},
	{0xC14A, 2, {0x00, 0x00}},
	{0xC14C, 2, {0x07, 0x13}},
	{0xC14E, 2, {0x73, 0x47}},
	{0xC150, 2, {0x2C, 0x23}},
	{0xC152, 2, {0x2C, 0xE5}},
	{0xC154, 2, {0xD7, 0x37}},
	{0xC156, 2, {0x00, 0x00}},
	{0xC158, 2, {0x07, 0x13}},
	{0xC15A, 2, {0x82, 0xE7}},
	{0xC15C, 2, {0x2E, 0x23}},
	{0xC15E, 2, {0x2C, 0xE5}},
	{0xC160, 2, {0xD7, 0x37}},
	{0xC162, 2, {0x00, 0x00}},
	{0xC164, 2, {0x07, 0x13}},
	{0xC166, 2, {0x3D, 0x67}},
	{0xC168, 2, {0x2A, 0x23}},
	{0xC16A, 2, {0x26, 0xE5}},
	{0xC16C, 2, {0xD7, 0x37}},
	{0xC16E, 2, {0x00, 0x00}},
	{0xC170, 2, {0x07, 0x13}},
	{0xC172, 2, {0x8C, 0xE7}},
	{0xC174, 2, {0x26, 0x23}},
	{0xC176, 2, {0x26, 0xE5}},
	{0xC178, 2, {0xD7, 0x37}},
	{0xC17A, 2, {0x00, 0x00}},
	{0xC17C, 2, {0x07, 0x13}},
	{0xC17E, 2, {0x95, 0xA7}},
	{0xC180, 2, {0x22, 0x23}},
	{0xC182, 2, {0x26, 0xE5}},
	{0xC184, 2, {0xD7, 0x37}},
	{0xC186, 2, {0x00, 0x00}},
	{0xC188, 2, {0x07, 0x13}},
	{0xC18A, 2, {0xBD, 0x87}},
	{0xC18C, 2, {0x2A, 0x23}},
	{0xC18E, 2, {0x08, 0xE5}},
	{0xC190, 2, {0xE7, 0x37}},
	{0xC192, 2, {0x00, 0x00}},
	{0xC194, 2, {0x07, 0x13}},
	{0xC196, 2, {0xB2, 0x07}},
	{0xC198, 2, {0x2A, 0x23}},
	{0xC19A, 2, {0x1E, 0xE5}},
	{0xC19C, 2, {0xD7, 0x37}},
	{0xC19E, 2, {0x00, 0x00}},
	{0xC1A0, 2, {0x07, 0x13}},
	{0xC1A2, 2, {0xC3, 0xA7}},
	{0xC1A4, 2, {0x2C, 0x23}},
	{0xC1A6, 2, {0x28, 0xE5}},
	{0xC1A8, 2, {0xD7, 0x37}},
	{0xC1AA, 2, {0x00, 0x00}},
	{0xC1AC, 2, {0x07, 0x13}},
	{0xC1AE, 2, {0xD7, 0x47}},
	{0xC1B0, 2, {0x20, 0x23}},
	{0xC1B2, 2, {0x24, 0xE5}},
	{0xC1B4, 2, {0xD7, 0x37}},
	{0xC1B6, 2, {0x00, 0x00}},
	{0xC1B8, 2, {0x07, 0x13}},
	{0xC1BA, 2, {0x38, 0x67}},
	{0xC1BC, 2, {0x2C, 0x23}},
	{0xC1BE, 2, {0x0A, 0xE5}},
	{0xC1C0, 2, {0xD7, 0x37}},
	{0xC1C2, 2, {0x00, 0x00}},
	{0xC1C4, 2, {0x07, 0x13}},
	{0xC1C6, 2, {0xF6, 0x47}},
	{0xC1C8, 2, {0x2A, 0x23}},
	{0xC1CA, 2, {0x20, 0xE5}},
	{0xC1CC, 2, {0xD7, 0x37}},
	{0xC1CE, 2, {0x00, 0x00}},
	{0xC1D0, 2, {0x07, 0x13}},
	{0xC1D2, 2, {0xFC, 0x87}},
	{0xC1D4, 2, {0x28, 0x23}},
	{0xC1D6, 2, {0x0A, 0xE5}},
	{0xC1D8, 2, {0x44, 0x32}},
	{0xC1DA, 2, {0xC7, 0xB7}},
	{0xC1DC, 2, {0x00, 0x00}},
	{0xC1DE, 2, {0xD7, 0x37}},
	{0xC1E0, 2, {0x00, 0x00}},
	{0xC1E2, 2, {0x87, 0x93}},
	{0xC1E4, 2, {0x20, 0x27}},
	{0xC1E6, 2, {0x07, 0x13}},
	{0xC1E8, 2, {0x0B, 0x27}},
	{0xC1EA, 2, {0x2E, 0x23}},
	{0xC1EC, 2, {0x0C, 0xE5}},
	{0xC1EE, 2, {0x28, 0x23}},
	{0xC1F0, 2, {0x14, 0xF5}},
	{0xC1F2, 2, {0x2C, 0x23}},
	{0xC1F4, 2, {0x14, 0xF5}},
	{0xC1F6, 2, {0x22, 0x23}},
	{0xC1F8, 2, {0x2C, 0xF5}},
	{0xC1FA, 2, {0x2E, 0x23}},
	{0xC1FC, 2, {0x2A, 0xF5}},
	{0xC1FE, 2, {0x01, 0x41}},
	{0xC200, 2, {0x80, 0x82}},
	{0xC202, 2, {0x80, 0x82}},
	{0xC204, 2, {0x11, 0x41}},
	{0xC206, 2, {0xC2, 0x26}},
	{0xC208, 2, {0x84, 0xB7}},
	{0xC20A, 2, {0x20, 0x00}},
	{0xC20C, 2, {0xC4, 0x22}},
	{0xC20E, 2, {0xC7, 0x83}},
	{0xC210, 2, {0x00, 0x04}},
	{0xC212, 2, {0x64, 0x39}},
	{0xC214, 2, {0x04, 0x13}},
	{0xC216, 2, {0x00, 0x04}},
	{0xC218, 2, {0xC0, 0x4A}},
	{0xC21A, 2, {0x27, 0x03}},
	{0xC21C, 2, {0x17, 0x84}},
	{0xC21E, 2, {0x89, 0x2A}},
	{0xC220, 2, {0x25, 0x03}},
	{0xC222, 2, {0x3A, 0x84}},
	{0xC224, 2, {0xC6, 0x06}},
	{0xC226, 2, {0xE7, 0x93}},
	{0xC228, 2, {0x00, 0x17}},
	{0xC22A, 2, {0x80, 0x23}},
	{0xC22C, 2, {0x00, 0xF4}},
	{0xC22E, 2, {0x97, 0x02}},
	{0xC230, 2, {0x94, 0x23}},
	{0xC232, 2, {0x01, 0x24}},
	{0xC234, 2, {0x50, 0x88}},
	{0xC236, 2, {0x05, 0x42}},
	{0xC238, 2, {0x81, 0x41}},
	{0xC23A, 2, {0xC9, 0x19}},
	{0xC23C, 2, {0x27, 0x83}},
	{0xC23E, 2, {0x33, 0x84}},
	{0xC240, 2, {0x44, 0x22}},
	{0xC242, 2, {0x40, 0xB2}},
	{0xC244, 2, {0x44, 0x92}},
	{0xC246, 2, {0x49, 0x02}},
	{0xC248, 2, {0xA3, 0x03}},
	{0xC24A, 2, {0x1B, 0x07}},
	{0xC24C, 2, {0x01, 0x41}},
	{0xC24E, 2, {0x83, 0x02}},
	{0xC250, 2, {0x40, 0xB2}},
	{0xC252, 2, {0x44, 0x22}},
	{0xC254, 2, {0x44, 0x92}},
	{0xC256, 2, {0x49, 0x02}},
	{0xC258, 2, {0x01, 0x41}},
	{0xC25A, 2, {0x80, 0x82}},
	{0xC25C, 2, {0x11, 0x41}},
	{0xC25E, 2, {0xC4, 0x22}},
	{0xC260, 2, {0x64, 0x39}},
	{0xC262, 2, {0x04, 0x13}},
	{0xC264, 2, {0x00, 0x04}},
	{0xC266, 2, {0x27, 0x83}},
	{0xC268, 2, {0x33, 0x84}},
	{0xC26A, 2, {0xC6, 0x06}},
	{0xC26C, 2, {0xA7, 0x83}},
	{0xC26E, 2, {0x24, 0x87}},
	{0xC270, 2, {0x97, 0x82}},
	{0xC272, 2, {0x06, 0xB7}},
	{0xC274, 2, {0x10, 0x02}},
	{0xC276, 2, {0xA7, 0x03}},
	{0xC278, 2, {0x41, 0x46}},
	{0xC27A, 2, {0x16, 0x37}},
	{0xC27C, 2, {0x10, 0x00}},
	{0xC27E, 2, {0x47, 0x83}},
	{0xC280, 2, {0xA1, 0xE6}},
	{0xC282, 2, {0x83, 0x5D}},
	{0xC284, 2, {0x77, 0x13}},
	{0xC286, 2, {0x04, 0x07}},
	{0xC288, 2, {0xF7, 0x93}},
	{0xC28A, 2, {0xFB, 0xF7}},
	{0xC28C, 2, {0x8F, 0xD9}},
	{0xC28E, 2, {0x0F, 0x23}},
	{0xC290, 2, {0xA0, 0xF6}},
	{0xC292, 2, {0xA7, 0x03}},
	{0xC294, 2, {0x41, 0x46}},
	{0xC296, 2, {0x47, 0x81}},
	{0xC298, 2, {0x16, 0x13}},
	{0xC29A, 2, {0x00, 0x27}},
	{0xC29C, 2, {0x59, 0x63}},
	{0xC29E, 2, {0x00, 0x06}},
	{0xC2A0, 2, {0x86, 0x93}},
	{0xC2A2, 2, {0x40, 0x06}},
	{0xC2A4, 2, {0x4A, 0xDC}},
	{0xC2A6, 2, {0x83, 0xF9}},
	{0xC2A8, 2, {0x8B, 0x85}},
	{0xC2AA, 2, {0xC7, 0x93}},
	{0xC2AC, 2, {0x00, 0x17}},
	{0xC2AE, 2, {0x16, 0x37}},
	{0xC2B0, 2, {0x10, 0x00}},
	{0xC2B2, 2, {0x47, 0x03}},
	{0xC2B4, 2, {0xA1, 0xE6}},
	{0xC2B6, 2, {0x07, 0x9E}},
	{0xC2B8, 2, {0x16, 0xB7}},
	{0xC2BA, 2, {0x10, 0x02}},
	{0xC2BC, 2, {0x77, 0x13}},
	{0xC2BE, 2, {0x07, 0xF7}},
	{0xC2C0, 2, {0x8F, 0xD9}},
	{0xC2C2, 2, {0x0F, 0x23}},
	{0xC2C4, 2, {0xA0, 0xF6}},
	{0xC2C6, 2, {0xD7, 0x83}},
	{0xC2C8, 2, {0xA1, 0xE6}},
	{0xC2CA, 2, {0x67, 0x05}},
	{0xC2CC, 2, {0x94, 0x3A}},
	{0xC2CE, 2, {0x27, 0x03}},
	{0xC2D0, 2, {0xA7, 0xC4}},
	{0xC2D2, 2, {0x07, 0xC2}},
	{0xC2D4, 2, {0x83, 0xC1}},
	{0xC2D6, 2, {0x9F, 0x23}},
	{0xC2D8, 2, {0xA0, 0xF6}},
	{0xC2DA, 2, {0x47, 0x83}},
	{0xC2DC, 2, {0x00, 0x57}},
	{0xC2DE, 2, {0x8B, 0x89}},
	{0xC2E0, 2, {0xE7, 0x89}},
	{0xC2E2, 2, {0x27, 0xB7}},
	{0xC2E4, 2, {0x10, 0x00}},
	{0xC2E6, 2, {0x93, 0x23}},
	{0xC2E8, 2, {0xC0, 0x07}},
	{0xC2EA, 2, {0x40, 0xB2}},
	{0xC2EC, 2, {0x44, 0x22}},
	{0xC2EE, 2, {0x01, 0x41}},
	{0xC2F0, 2, {0x80, 0x82}},
	{0xC2F2, 2, {0x67, 0xB9}},
	{0xC2F4, 2, {0xA7, 0x83}},
	{0xC2F6, 2, {0x33, 0x87}},
	{0xC2F8, 2, {0x11, 0x41}},
	{0xC2FA, 2, {0xC6, 0x06}},
	{0xC2FC, 2, {0xA7, 0x83}},
	{0xC2FE, 2, {0x08, 0xC7}},
	{0xC300, 2, {0x97, 0x82}},
	{0xC302, 2, {0x27, 0xB7}},
	{0xC304, 2, {0x20, 0x00}},
	{0xC306, 2, {0x43, 0xD8}},
	{0xC308, 2, {0x86, 0x93}},
	{0xC30A, 2, {0x00, 0x47}},
	{0xC30C, 2, {0x43, 0xD8}},
	{0xC30E, 2, {0x47, 0x9C}},
	{0xC310, 2, {0xE3, 0x63}},
	{0xC312, 2, {0x00, 0xE7}},
	{0xC314, 2, {0x42, 0xD8}},
	{0xC316, 2, {0x27, 0xB7}},
	{0xC318, 2, {0x20, 0x00}},
	{0xC31A, 2, {0x47, 0xD4}},
	{0xC31C, 2, {0x07, 0x91}},
	{0xC31E, 2, {0xF1, 0x63}},
	{0xC320, 2, {0x02, 0xE6}},
	{0xC322, 2, {0x07, 0xB7}},
	{0xC324, 2, {0x10, 0x02}},
	{0xC326, 2, {0xA7, 0x83}},
	{0xC328, 2, {0x50, 0x07}},
	{0xC32A, 2, {0x83, 0xA5}},
	{0xC32C, 2, {0x8B, 0x85}},
	{0xC32E, 2, {0xC7, 0x91}},
	{0xC330, 2, {0x46, 0xB7}},
	{0xC332, 2, {0x20, 0x00}},
	{0xC334, 2, {0x52, 0x9C}},
	{0xC336, 2, {0x97, 0x3E}},
	{0xC338, 2, {0xD2, 0x98}},
	{0xC33A, 2, {0x40, 0xB2}},
	{0xC33C, 2, {0x01, 0x41}},
	{0xC33E, 2, {0x80, 0x82}},
	{0xC340, 2, {0x47, 0x98}},
	{0xC342, 2, {0xB7, 0xC5}},
	{0xC344, 2, {0x11, 0x41}},
	{0xC346, 2, {0xC4, 0x22}},
	{0xC348, 2, {0x14, 0x37}},
	{0xC34A, 2, {0x10, 0x02}},
	{0xC34C, 2, {0x27, 0x83}},
	{0xC34E, 2, {0xB0, 0x44}},
	{0xC350, 2, {0xC6, 0x06}},
	{0xC352, 2, {0x83, 0x8D}},
	{0xC354, 2, {0x8B, 0x85}},
	{0xC356, 2, {0xCB, 0x9D}},
	{0xC358, 2, {0x67, 0xB9}},
	{0xC35A, 2, {0x87, 0x93}},
	{0xC35C, 2, {0x00, 0x07}},
	{0xC35E, 2, {0xA7, 0x03}},
	{0xC360, 2, {0x33, 0x87}},
	{0xC362, 2, {0xA5, 0x03}},
	{0xC364, 2, {0x3F, 0x47}},
	{0xC366, 2, {0x05, 0x93}},
	{0xC368, 2, {0x20, 0x00}},
	{0xC36A, 2, {0x27, 0x83}},
	{0xC36C, 2, {0x17, 0x87}},
	{0xC36E, 2, {0x97, 0x82}},
	{0xC370, 2, {0x27, 0x83}},
	{0xC372, 2, {0xD0, 0x44}},
	{0xC374, 2, {0x26, 0xB7}},
	{0xC376, 2, {0x10, 0x01}},
	{0xC378, 2, {0xA7, 0x03}},
	{0xC37A, 2, {0x24, 0x86}},
	{0xC37C, 2, {0x83, 0xE1}},
	{0xC37E, 2, {0x8B, 0x85}},
	{0xC380, 2, {0xC7, 0x93}},
	{0xC382, 2, {0x00, 0x17}},
	{0xC384, 2, {0x9B, 0x79}},
	{0xC386, 2, {0x8F, 0xD9}},
	{0xC388, 2, {0xA4, 0x23}},
	{0xC38A, 2, {0x24, 0xF6}},
	{0xC38C, 2, {0x40, 0xB2}},
	{0xC38E, 2, {0x44, 0x22}},
	{0xC390, 2, {0x01, 0x41}},
	{0xC392, 2, {0x80, 0x82}},
	{0xC394, 2, {0x67, 0xB9}},
	{0xC396, 2, {0xA7, 0x83}},
	{0xC398, 2, {0x33, 0x87}},
	{0xC39A, 2, {0x11, 0x41}},
	{0xC39C, 2, {0xC6, 0x06}},
	{0xC39E, 2, {0xA7, 0x83}},
	{0xC3A0, 2, {0x08, 0x47}},
	{0xC3A2, 2, {0x97, 0x82}},
	{0xC3A4, 2, {0x07, 0xB7}},
	{0xC3A6, 2, {0x10, 0x02}},
	{0xC3A8, 2, {0x87, 0x93}},
	{0xC3AA, 2, {0x20, 0x07}},
	{0xC3AC, 2, {0xA7, 0x83}},
	{0xC3AE, 2, {0x08, 0x07}},
	{0xC3B0, 2, {0x8B, 0xFD}},
	{0xC3B2, 2, {0xE7, 0x89}},
	{0xC3B4, 2, {0x67, 0xB7}},
	{0xC3B6, 2, {0x20, 0x00}},
	{0xC3B8, 2, {0x95, 0x23}},
	{0xC3BA, 2, {0x1C, 0x07}},
	{0xC3BC, 2, {0x40, 0xB2}},
	{0xC3BE, 2, {0x01, 0x41}},
	{0xC3C0, 2, {0x80, 0x82}},
	{0xC3C2, 2, {0x11, 0x01}},
	{0xC3C4, 2, {0xCC, 0x22}},
	{0xC3C6, 2, {0x64, 0x39}},
	{0xC3C8, 2, {0x04, 0x13}},
	{0xC3CA, 2, {0x00, 0x04}},
	{0xC3CC, 2, {0x27, 0x83}},
	{0xC3CE, 2, {0x33, 0x84}},
	{0xC3D0, 2, {0xCE, 0x06}},
	{0xC3D2, 2, {0x5F, 0xFC}},
	{0xC3D4, 2, {0x97, 0x82}},
	{0xC3D6, 2, {0x07, 0xB7}},
	{0xC3D8, 2, {0x10, 0x01}},
	{0xC3DA, 2, {0xA6, 0x83}},
	{0xC3DC, 2, {0x28, 0x07}},
	{0xC3DE, 2, {0xA7, 0x03}},
	{0xC3E0, 2, {0x28, 0x07}},
	{0xC3E2, 2, {0x07, 0xB7}},
	{0xC3E4, 2, {0x10, 0x02}},
	{0xC3E6, 2, {0xA7, 0x83}},
	{0xC3E8, 2, {0x50, 0x07}},
	{0xC3EA, 2, {0x83, 0xA5}},
	{0xC3EC, 2, {0x8B, 0x85}},
	{0xC3EE, 2, {0xEB, 0xA1}},
	{0xC3F0, 2, {0x27, 0x83}},
	{0xC3F2, 2, {0x37, 0x44}},
	{0xC3F4, 2, {0x8A, 0xFD}},
	{0xC3F6, 2, {0x26, 0x03}},
	{0xC3F8, 2, {0x36, 0xC4}},
	{0xC3FA, 2, {0x96, 0xBE}},
	{0xC3FC, 2, {0x87, 0x83}},
	{0xC3FE, 2, {0x00, 0x06}},
	{0xC400, 2, {0x45, 0x83}},
	{0xC402, 2, {0x3B, 0x14}},
	{0xC404, 2, {0x8B, 0x7D}},
	{0xC406, 2, {0x97, 0x32}},
	{0xC408, 2, {0x07, 0x03}},
	{0xC40A, 2, {0x00, 0x07}},
	{0xC40C, 2, {0x07, 0xA2}},
	{0xC40E, 2, {0xED, 0xB9}},
	{0xC410, 2, {0xC0, 0x02}},
	{0xC412, 2, {0x07, 0x13}},
	{0xC414, 2, {0x04, 0x10}},
	{0xC416, 2, {0x00, 0x23}},
	{0xC418, 2, {0x00, 0xE1}},
	{0xC41A, 2, {0x07, 0x13}},
	{0xC41C, 2, {0x2F, 0xF0}},
	{0xC41E, 2, {0x15, 0x23}},
	{0xC420, 2, {0x00, 0xE1}},
	{0xC422, 2, {0x47, 0x02}},
	{0xC424, 2, {0xC6, 0x3E}},
	{0xC426, 2, {0xC2, 0x02}},
	{0xC428, 2, {0x14, 0x23}},
	{0xC42A, 2, {0x00, 0x01}},
	{0xC42C, 2, {0x67, 0xB7}},
	{0xC42E, 2, {0x20, 0x00}},
	{0xC430, 2, {0xC7, 0x98}},
	{0xC432, 2, {0x47, 0x12}},
	{0xC434, 2, {0xC7, 0xD8}},
	{0xC436, 2, {0x47, 0x22}},
	{0xC438, 2, {0xCB, 0x98}},
	{0xC43A, 2, {0x47, 0x32}},
	{0xC43C, 2, {0xCB, 0xD8}},
	{0xC43E, 2, {0x07, 0xB7}},
	{0xC440, 2, {0x10, 0x01}},
	{0xC442, 2, {0xA7, 0x83}},
	{0xC444, 2, {0x50, 0x07}},
	{0xC446, 2, {0x83, 0xA5}},
	{0xC448, 2, {0x8B, 0x85}},
	{0xC44A, 2, {0xE3, 0x9D}},
	{0xC44C, 2, {0x67, 0xB7}},
	{0xC44E, 2, {0x20, 0x00}},
	{0xC450, 2, {0x82, 0x23}},
	{0xC452, 2, {0x00, 0x07}},
	{0xC454, 2, {0x47, 0x41}},
	{0xC456, 2, {0x87, 0xA3}},
	{0xC458, 2, {0x00, 0xE7}},
	{0xC45A, 2, {0x07, 0xB7}},
	{0xC45C, 2, {0x00, 0x10}},
	{0xC45E, 2, {0x07, 0xC1}},
	{0xC460, 2, {0x21, 0x23}},
	{0xC462, 2, {0x34, 0xF4}},
	{0xC464, 2, {0x40, 0xF2}},
	{0xC466, 2, {0x44, 0x62}},
	{0xC468, 2, {0x61, 0x05}},
	{0xC46A, 2, {0x80, 0x82}},
	{0xC46C, 2, {0x97, 0xBA}},
	{0xC46E, 2, {0xB7, 0x4D}},
	{0xC470, 2, {0x67, 0xB7}},
	{0xC472, 2, {0x20, 0x00}},
	{0xC474, 2, {0x47, 0x05}},
	{0xC476, 2, {0x82, 0x23}},
	{0xC478, 2, {0x00, 0xE7}},
	{0xC47A, 2, {0x87, 0xA3}},
	{0xC47C, 2, {0x00, 0xE7}},
	{0xC47E, 2, {0x67, 0xC1}},
	{0xC480, 2, {0x07, 0x85}},
	{0xC482, 2, {0x21, 0x23}},
	{0xC484, 2, {0x34, 0xF4}},
	{0xC486, 2, {0x40, 0xF2}},
	{0xC488, 2, {0x44, 0x62}},
	{0xC48A, 2, {0x61, 0x05}},
	{0xC48C, 2, {0x80, 0x82}},
	{0xC48E, 2, {0x11, 0x41}},
	{0xC490, 2, {0xC4, 0x22}},
	{0xC492, 2, {0x64, 0x39}},
	{0xC494, 2, {0x04, 0x13}},
	{0xC496, 2, {0x00, 0x04}},
	{0xC498, 2, {0x27, 0x83}},
	{0xC49A, 2, {0x33, 0x84}},
	{0xC49C, 2, {0xC6, 0x06}},
	{0xC49E, 2, {0xA7, 0x83}},
	{0xC4A0, 2, {0x08, 0x07}},
	{0xC4A2, 2, {0x97, 0x82}},
	{0xC4A4, 2, {0x67, 0x85}},
	{0xC4A6, 2, {0x97, 0xA2}},
	{0xC4A8, 2, {0x48, 0x58}},
	{0xC4AA, 2, {0xA5, 0x03}},
	{0xC4AC, 2, {0xA7, 0x07}},
	{0xC4AE, 2, {0x45, 0x81}},
	{0xC4B0, 2, {0x97, 0x02}},
	{0xC4B2, 2, {0x07, 0xB7}},
	{0xC4B4, 2, {0x10, 0x02}},
	{0xC4B6, 2, {0xA7, 0x03}},
	{0xC4B8, 2, {0x34, 0x87}},
	{0xC4BA, 2, {0x16, 0x93}},
	{0xC4BC, 2, {0x01, 0x37}},
	{0xC4BE, 2, {0xD8, 0x63}},
	{0xC4C0, 2, {0x04, 0x06}},
	{0xC4C2, 2, {0x87, 0x93}},
	{0xC4C4, 2, {0x20, 0x07}},
	{0xC4C6, 2, {0x43, 0xDC}},
	{0xC4C8, 2, {0x41, 0x18}},
	{0xC4CA, 2, {0x96, 0x93}},
	{0xC4CC, 2, {0x01, 0x47}},
	{0xC4CE, 2, {0xDE, 0x63}},
	{0xC4D0, 2, {0x00, 0x06}},
	{0xC4D2, 2, {0x56, 0x83}},
	{0xC4D4, 2, {0x00, 0x27}},
	{0xC4D6, 2, {0x07, 0x93}},
	{0xC4D8, 2, {0x02, 0xF0}},
	{0xC4DA, 2, {0xFB, 0x63}},
	{0xC4DC, 2, {0x04, 0xD7}},
	{0xC4DE, 2, {0x47, 0x83}},
	{0xC4E0, 2, {0x00, 0x07}},
	{0xC4E2, 2, {0xF7, 0x93}},
	{0xC4E4, 2, {0x07, 0xF7}},
	{0xC4E6, 2, {0x00, 0x23}},
	{0xC4E8, 2, {0x00, 0xF7}},
	{0xC4EA, 2, {0x07, 0xB7}},
	{0xC4EC, 2, {0x10, 0x02}},
	{0xC4EE, 2, {0x87, 0x93}},
	{0xC4F0, 2, {0x20, 0x07}},
	{0xC4F2, 2, {0x43, 0xDC}},
	{0xC4F4, 2, {0x83, 0xA9}},
	{0xC4F6, 2, {0x8B, 0x85}},
	{0xC4F8, 2, {0xEF, 0x99}},
	{0xC4FA, 2, {0x46, 0x83}},
	{0xC4FC, 2, {0x00, 0x07}},
	{0xC4FE, 2, {0x82, 0x9D}},
	{0xC500, 2, {0x47, 0x03}},
	{0xC502, 2, {0x00, 0x17}},
	{0xC504, 2, {0xC7, 0xB7}},
	{0xC506, 2, {0x20, 0x00}},
	{0xC508, 2, {0x97, 0xBA}},
	{0xC50A, 2, {0x8A, 0x23}},
	{0xC50C, 2, {0x02, 0xD7}},
	{0xC50E, 2, {0x40, 0xB2}},
	{0xC510, 2, {0x44, 0x22}},
	{0xC512, 2, {0x01, 0x41}},
	{0xC514, 2, {0x80, 0x82}},
	{0xC516, 2, {0x56, 0x83}},
	{0xC518, 2, {0x00, 0x27}},
	{0xC51A, 2, {0x47, 0xBD}},
	{0xC51C, 2, {0xF9, 0x63}},
	{0xC51E, 2, {0x02, 0xD7}},
	{0xC520, 2, {0x47, 0x83}},
	{0xC522, 2, {0x00, 0x07}},
	{0xC524, 2, {0x46, 0x81}},
	{0xC526, 2, {0xF7, 0x93}},
	{0xC528, 2, {0x07, 0xF7}},
	{0xC52A, 2, {0x00, 0x23}},
	{0xC52C, 2, {0x00, 0xF7}},
	{0xC52E, 2, {0xBF, 0xC9}},
	{0xC530, 2, {0x47, 0x83}},
	{0xC532, 2, {0x00, 0x07}},
	{0xC534, 2, {0xE7, 0x93}},
	{0xC536, 2, {0xF8, 0x07}},
	{0xC538, 2, {0x00, 0x23}},
	{0xC53A, 2, {0x00, 0xF7}},
	{0xC53C, 2, {0x07, 0xB7}},
	{0xC53E, 2, {0x10, 0x02}},
	{0xC540, 2, {0x87, 0x93}},
	{0xC542, 2, {0x20, 0x07}},
	{0xC544, 2, {0x43, 0xDC}},
	{0xC546, 2, {0x83, 0xA9}},
	{0xC548, 2, {0x8B, 0x85}},
	{0xC54A, 2, {0xF7, 0xF1}},
	{0xC54C, 2, {0xB7, 0x7D}},
	{0xC54E, 2, {0x47, 0x83}},
	{0xC550, 2, {0x00, 0x07}},
	{0xC552, 2, {0x46, 0x85}},
	{0xC554, 2, {0xE7, 0x93}},
	{0xC556, 2, {0xF8, 0x07}},
	{0xC558, 2, {0x00, 0x23}},
	{0xC55A, 2, {0x00, 0xF7}},
	{0xC55C, 2, {0xB7, 0x55}},
	{0xC55E, 2, {0x11, 0x41}},
	{0xC560, 2, {0x67, 0xB9}},
	{0xC562, 2, {0xC4, 0x22}},
	{0xC564, 2, {0x87, 0x93}},
	{0xC566, 2, {0x00, 0x07}},
	{0xC568, 2, {0x64, 0x05}},
	{0xC56A, 2, {0x94, 0x3E}},
	{0xC56C, 2, {0x27, 0x03}},
	{0xC56E, 2, {0xA6, 0x84}},
	{0xC570, 2, {0xC0, 0x4A}},
	{0xC572, 2, {0xC2, 0x26}},
	{0xC574, 2, {0x29, 0x03}},
	{0xC576, 2, {0x00, 0x07}},
	{0xC578, 2, {0x27, 0x37}},
	{0xC57A, 2, {0x10, 0x00}},
	{0xC57C, 2, {0x07, 0x13}},
	{0xC57E, 2, {0x70, 0x07}},
	{0xC580, 2, {0x56, 0x03}},
	{0xC582, 2, {0x00, 0x29}},
	{0xC584, 2, {0xC6, 0x06}},
	{0xC586, 2, {0x16, 0xB7}},
	{0xC588, 2, {0x10, 0x02}},
	{0xC58A, 2, {0x15, 0x23}},
	{0xC58C, 2, {0x10, 0xC7}},
	{0xC58E, 2, {0x07, 0x37}},
	{0xC590, 2, {0x10, 0x01}},
	{0xC592, 2, {0x07, 0x13}},
	{0xC594, 2, {0x20, 0x07}},
	{0xC596, 2, {0xD4, 0x83}},
	{0xC598, 2, {0xA1, 0x06}},
	{0xC59A, 2, {0x05, 0xB7}},
	{0xC59C, 2, {0x10, 0x02}},
	{0xC59E, 2, {0x26, 0x83}},
	{0xC5A0, 2, {0x08, 0x07}},
	{0xC5A2, 2, {0xA6, 0x83}},
	{0xC5A4, 2, {0x34, 0x85}},
	{0xC5A6, 2, {0x95, 0x13}},
	{0xC5A8, 2, {0x01, 0x36}},
	{0xC5AA, 2, {0x58, 0x63}},
	{0xC5AC, 2, {0x04, 0x05}},
	{0xC5AE, 2, {0x85, 0x13}},
	{0xC5B0, 2, {0x20, 0x05}},
	{0xC5B2, 2, {0x41, 0x54}},
	{0xC5B4, 2, {0x82, 0xA9}},
	{0xC5B6, 2, {0x8A, 0x85}},
	{0xC5B8, 2, {0xC6, 0xB9}},
	{0xC5BA, 2, {0x47, 0xBD}},
	{0xC5BC, 2, {0xF1, 0x63}},
	{0xC5BE, 2, {0x08, 0xC7}},
	{0xC5C0, 2, {0x82, 0x05}},
	{0xC5C2, 2, {0x16, 0x61}},
	{0xC5C4, 2, {0x11, 0x23}},
	{0xC5C6, 2, {0x00, 0xC9}},
	{0xC5C8, 2, {0xD4, 0x83}},
	{0xC5CA, 2, {0x3B, 0x85}},
	{0xC5CC, 2, {0x27, 0x83}},
	{0xC5CE, 2, {0xA6, 0xC4}},
	{0xC5D0, 2, {0xC3, 0x8D}},
	{0xC5D2, 2, {0x56, 0x83}},
	{0xC5D4, 2, {0x00, 0x29}},
	{0xC5D6, 2, {0xC7, 0x37}},
	{0xC5D8, 2, {0x20, 0x00}},
	{0xC5DA, 2, {0x46, 0x05}},
	{0xC5DC, 2, {0x12, 0x23}},
	{0xC5DE, 2, {0x00, 0xD7}},
	{0xC5E0, 2, {0x79, 0x63}},
	{0xC5E2, 2, {0x00, 0xF6}},
	{0xC5E4, 2, {0x16, 0x23}},
	{0xC5E6, 2, {0x00, 0xD7}},
	{0xC5E8, 2, {0x46, 0x09}},
	{0xC5EA, 2, {0x84, 0x63}},
	{0xC5EC, 2, {0x00, 0xC7}},
	{0xC5EE, 2, {0x1A, 0x23}},
	{0xC5F0, 2, {0x00, 0xD7}},
	{0xC5F2, 2, {0x17, 0xB7}},
	{0xC5F4, 2, {0x10, 0x02}},
	{0xC5F6, 2, {0x98, 0x23}},
	{0xC5F8, 2, {0xA0, 0x97}},
	{0xC5FA, 2, {0x40, 0xB2}},
	{0xC5FC, 2, {0x44, 0x22}},
	{0xC5FE, 2, {0x44, 0x92}},
	{0xC600, 2, {0x49, 0x02}},
	{0xC602, 2, {0x01, 0x41}},
	{0xC604, 2, {0x80, 0x82}},
	{0xC606, 2, {0x41, 0x54}},
	{0xC608, 2, {0x95, 0x13}},
	{0xC60A, 2, {0x01, 0x46}},
	{0xC60C, 2, {0x50, 0xE3}},
	{0xC60E, 2, {0xFC, 0x05}},
	{0xC610, 2, {0x05, 0x13}},
	{0xC612, 2, {0x02, 0xF0}},
	{0xC614, 2, {0xC6, 0x83}},
	{0xC616, 2, {0x3B, 0x17}},
	{0xC618, 2, {0x76, 0x63}},
	{0xC61A, 2, {0x02, 0xC5}},
	{0xC61C, 2, {0x82, 0x09}},
	{0xC61E, 2, {0x67, 0x3D}},
	{0xC620, 2, {0x16, 0x51}},
	{0xC622, 2, {0x06, 0x8A}},
	{0xC624, 2, {0x07, 0x13}},
	{0xC626, 2, {0x24, 0x47}},
	{0xC628, 2, {0x11, 0x23}},
	{0xC62A, 2, {0x00, 0xC9}},
	{0xC62C, 2, {0x96, 0xBA}},
	{0xC62E, 2, {0xD4, 0x83}},
	{0xC630, 2, {0x3B, 0x85}},
	{0xC632, 2, {0x42, 0x88}},
	{0xC634, 2, {0xA7, 0x83}},
	{0xC636, 2, {0x16, 0x87}},
	{0xC638, 2, {0x45, 0x85}},
	{0xC63A, 2, {0x97, 0x82}},
	{0xC63C, 2, {0xBF, 0x41}},
	{0xC63E, 2, {0xD4, 0x83}},
	{0xC640, 2, {0x3B, 0xA5}},
	{0xC642, 2, {0xB7, 0x69}},
	{0xC644, 2, {0xD4, 0x83}},
	{0xC646, 2, {0x3B, 0xA5}},
	{0xC648, 2, {0x27, 0x03}},
	{0xC64A, 2, {0x08, 0x07}},
	{0xC64C, 2, {0xA6, 0x03}},
	{0xC64E, 2, {0x35, 0x87}},
	{0xC650, 2, {0x06, 0x8A}},
	{0xC652, 2, {0x8B, 0x7D}},
	{0xC654, 2, {0x07, 0x0E}},
	{0xC656, 2, {0x97, 0x32}},
	{0xC658, 2, {0x96, 0xBA}},
	{0xC65A, 2, {0x42, 0x88}},
	{0xC65C, 2, {0xBF, 0xE1}},
	{0xC65E, 2, {0x11, 0x41}},
	{0xC660, 2, {0xC4, 0x22}},
	{0xC662, 2, {0x64, 0x39}},
	{0xC664, 2, {0x04, 0x13}},
	{0xC666, 2, {0x00, 0x04}},
	{0xC668, 2, {0x27, 0x83}},
	{0xC66A, 2, {0x33, 0x84}},
	{0xC66C, 2, {0xC6, 0x06}},
	{0xC66E, 2, {0xA7, 0x83}},
	{0xC670, 2, {0x0A, 0x07}},
	{0xC672, 2, {0x97, 0x82}},
	{0xC674, 2, {0x07, 0xB7}},
	{0xC676, 2, {0x10, 0x01}},
	{0xC678, 2, {0x87, 0x93}},
	{0xC67A, 2, {0x20, 0x07}},
	{0xC67C, 2, {0x46, 0x03}},
	{0xC67E, 2, {0x3B, 0x14}},
	{0xC680, 2, {0xA6, 0x83}},
	{0xC682, 2, {0x08, 0x07}},
	{0xC684, 2, {0xA7, 0x03}},
	{0xC686, 2, {0x08, 0x07}},
	{0xC688, 2, {0xCE, 0x05}},
	{0xC68A, 2, {0xA7, 0x83}},
	{0xC68C, 2, {0x08, 0x07}},
	{0xC68E, 2, {0x26, 0x03}},
	{0xC690, 2, {0x36, 0xC4}},
	{0xC692, 2, {0x66, 0xBD}},
	{0xC694, 2, {0x8B, 0x7D}},
	{0xC696, 2, {0x86, 0x93}},
	{0xC698, 2, {0x24, 0x46}},
	{0xC69A, 2, {0x97, 0x36}},
	{0xC69C, 2, {0x8B, 0xFD}},
	{0xC69E, 2, {0x07, 0x03}},
	{0xC6A0, 2, {0x00, 0x87}},
	{0xC6A2, 2, {0x97, 0xB2}},
	{0xC6A4, 2, {0x87, 0x83}},
	{0xC6A6, 2, {0x00, 0x07}},
	{0xC6A8, 2, {0x07, 0x22}},
	{0xC6AA, 2, {0x97, 0xBA}},
	{0xC6AC, 2, {0x27, 0x37}},
	{0xC6AE, 2, {0x20, 0x00}},
	{0xC6B0, 2, {0xDB, 0x5C}},
	{0xC6B2, 2, {0xDF, 0x1C}},
	{0xC6B4, 2, {0x40, 0xB2}},
	{0xC6B6, 2, {0x44, 0x22}},
	{0xC6B8, 2, {0xDF, 0x5C}},
	{0xC6BA, 2, {0xD7, 0x1C}},
	{0xC6BC, 2, {0x01, 0x41}},
	{0xC6BE, 2, {0x80, 0x82}},
	{0xC6C0, 2, {0x27, 0x03}},
	{0xC6C2, 2, {0x37, 0x84}},
	{0xC6C4, 2, {0x8A, 0xFD}},
	{0xC6C6, 2, {0x96, 0xBA}},
	{0xC6C8, 2, {0x87, 0x03}},
	{0xC6CA, 2, {0x00, 0x06}},
	{0xC6CC, 2, {0xA7, 0x83}},
	{0xC6CE, 2, {0x08, 0x07}},
	{0xC6D0, 2, {0x07, 0x22}},
	{0xC6D2, 2, {0x47, 0x81}},
	{0xC6D4, 2, {0xBF, 0xD9}},
	{0xC6D6, 2, {0x11, 0x41}},
	{0xC6D8, 2, {0xC4, 0x22}},
	{0xC6DA, 2, {0x64, 0x39}},
	{0xC6DC, 2, {0x04, 0x13}},
	{0xC6DE, 2, {0x00, 0x04}},
	{0xC6E0, 2, {0x27, 0x83}},
	{0xC6E2, 2, {0x33, 0x84}},
	{0xC6E4, 2, {0xC6, 0x06}},
	{0xC6E6, 2, {0xA7, 0x83}},
	{0xC6E8, 2, {0x36, 0x47}},
	{0xC6EA, 2, {0x97, 0x82}},
	{0xC6EC, 2, {0x67, 0x85}},
	{0xC6EE, 2, {0x94, 0x3E}},
	{0xC6F0, 2, {0x27, 0x83}},
	{0xC6F2, 2, {0xA7, 0xC4}},
	{0xC6F4, 2, {0xC7, 0x83}},
	{0xC6F6, 2, {0x00, 0x57}},
	{0xC6F8, 2, {0x8B, 0x89}},
	{0xC6FA, 2, {0xEB, 0x99}},
	{0xC6FC, 2, {0x07, 0xB7}},
	{0xC6FE, 2, {0x10, 0x02}},
	{0xC700, 2, {0xD7, 0x03}},
	{0xC702, 2, {0x3B, 0x47}},
	{0xC704, 2, {0x27, 0xB7}},
	{0xC706, 2, {0x10, 0x00}},
	{0xC708, 2, {0x07, 0x42}},
	{0xC70A, 2, {0x83, 0x41}},
	{0xC70C, 2, {0x93, 0x23}},
	{0xC70E, 2, {0xC0, 0xE7}},
	{0xC710, 2, {0x47, 0x37}},
	{0xC712, 2, {0x10, 0x00}},
	{0xC714, 2, {0x47, 0x83}},
	{0xC716, 2, {0x00, 0x67}},
	{0xC718, 2, {0x40, 0xB2}},
	{0xC71A, 2, {0x44, 0x22}},
	{0xC71C, 2, {0x9B, 0xE1}},
	{0xC71E, 2, {0xE7, 0x93}},
	{0xC720, 2, {0x00, 0x17}},
	{0xC722, 2, {0x03, 0x23}},
	{0xC724, 2, {0x00, 0xF7}},
	{0xC726, 2, {0x47, 0x83}},
	{0xC728, 2, {0x00, 0x67}},
	{0xC72A, 2, {0x9B, 0xE1}},
	{0xC72C, 2, {0x03, 0x23}},
	{0xC72E, 2, {0x00, 0xF7}},
	{0xC730, 2, {0x01, 0x41}},
	{0xC732, 2, {0x80, 0x82}},
	{0xC734, 2, {0x66, 0x39}},
	{0xC736, 2, {0x06, 0x13}},
	{0xC738, 2, {0x00, 0x06}},
	{0xC73A, 2, {0x67, 0x85}},
	{0xC73C, 2, {0x97, 0xB2}},
	{0xC73E, 2, {0xA7, 0x03}},
	{0xC740, 2, {0xA6, 0x87}},
	{0xC742, 2, {0x47, 0xB7}},
	{0xC744, 2, {0x10, 0x02}},
	{0xC746, 2, {0xD6, 0x83}},
	{0xC748, 2, {0x5A, 0x47}},
	{0xC74A, 2, {0x43, 0x18}},
	{0xC74C, 2, {0xD8, 0x03}},
	{0xC74E, 2, {0x5A, 0x67}},
	{0xC750, 2, {0x06, 0xC2}},
	{0xC752, 2, {0x57, 0x83}},
	{0xC754, 2, {0x00, 0x27}},
	{0xC756, 2, {0x13, 0x13}},
	{0xC758, 2, {0x01, 0x08}},
	{0xC75A, 2, {0x85, 0xB7}},
	{0xC75C, 2, {0x00, 0x07}},
	{0xC75E, 2, {0x97, 0x13}},
	{0xC760, 2, {0x00, 0xB7}},
	{0xC762, 2, {0x8F, 0x1D}},
	{0xC764, 2, {0x82, 0xC1}},
	{0xC766, 2, {0x53, 0x13}},
	{0xC768, 2, {0x01, 0x03}},
	{0xC76A, 2, {0x07, 0x93}},
	{0xC76C, 2, {0x7F, 0xF0}},
	{0xC76E, 2, {0x58, 0x63}},
	{0xC770, 2, {0x00, 0xB7}},
	{0xC772, 2, {0x07, 0x93}},
	{0xC774, 2, {0x0F, 0x00}},
	{0xC776, 2, {0x47, 0xB3}},
	{0xC778, 2, {0x02, 0xF7}},
	{0xC77A, 2, {0x07, 0xC2}},
	{0xC77C, 2, {0x83, 0xC1}},
	{0xC77E, 2, {0x48, 0x37}},
	{0xC780, 2, {0x10, 0x02}},
	{0xC782, 2, {0x07, 0x37}},
	{0xC784, 2, {0x10, 0x02}},
	{0xC786, 2, {0x55, 0x83}},
	{0xC788, 2, {0x3B, 0x47}},
	{0xC78A, 2, {0x08, 0x93}},
	{0xC78C, 2, {0x50, 0x08}},
	{0xC78E, 2, {0x57, 0x03}},
	{0xC790, 2, {0x5A, 0xE8}},
	{0xC792, 2, {0x28, 0x03}},
	{0xC794, 2, {0x50, 0x08}},
	{0xC796, 2, {0x05, 0xC2}},
	{0xC798, 2, {0x07, 0x42}},
	{0xC79A, 2, {0x1E, 0x13}},
	{0xC79C, 2, {0x00, 0xF8}},
	{0xC79E, 2, {0x81, 0xC1}},
	{0xC7A0, 2, {0x83, 0x41}},
	{0xC7A2, 2, {0x4F, 0x63}},
	{0xC7A4, 2, {0x06, 0x0E}},
	{0xC7A6, 2, {0x81, 0x39}},
	{0xC7A8, 2, {0x08, 0x13}},
	{0xC7AA, 2, {0x40, 0x00}},
	{0xC7AC, 2, {0x6F, 0x63}},
	{0xC7AE, 2, {0x04, 0xA8}},
	{0xC7B0, 2, {0x48, 0x37}},
	{0xC7B2, 2, {0x10, 0x02}},
	{0xC7B4, 2, {0x08, 0x13}},
	{0xC7B6, 2, {0x50, 0x08}},
	{0xC7B8, 2, {0x58, 0x83}},
	{0xC7BA, 2, {0x0A, 0x88}},
	{0xC7BC, 2, {0x60, 0x63}},
	{0xC7BE, 2, {0x03, 0x15}},
	{0xC7C0, 2, {0x86, 0xB3}},
	{0xC7C2, 2, {0x02, 0xA6}},
	{0xC7C4, 2, {0x07, 0x93}},
	{0xC7C6, 2, {0x7F, 0xF0}},
	{0xC7C8, 2, {0xD5, 0x13}},
	{0xC7CA, 2, {0x00, 0x96}},
	{0xC7CC, 2, {0x95, 0x1A}},
	{0xC7CE, 2, {0xF4, 0x63}},
	{0xC7D0, 2, {0x00, 0xA7}},
	{0xC7D2, 2, {0x05, 0x13}},
	{0xC7D4, 2, {0x7F, 0xF0}},
	{0xC7D6, 2, {0x05, 0x42}},
	{0xC7D8, 2, {0x81, 0x41}},
	{0xC7DA, 2, {0x80, 0x82}},
	{0xC7DC, 2, {0x56, 0x03}},
	{0xC7DE, 2, {0x3D, 0xC6}},
	{0xC7E0, 2, {0x05, 0xB3}},
	{0xC7E2, 2, {0x40, 0xB6}},
	{0xC7E4, 2, {0x05, 0xC2}},
	{0xC7E6, 2, {0x85, 0xC1}},
	{0xC7E8, 2, {0xDC, 0xE3}},
	{0xC7EA, 2, {0xFC, 0xE5}},
	{0xC7EC, 2, {0x07, 0x37}},
	{0xC7EE, 2, {0x10, 0x02}},
	{0xC7F0, 2, {0x07, 0x13}},
	{0xC7F2, 2, {0x30, 0x07}},
	{0xC7F4, 2, {0x47, 0x38}},
	{0xC7F6, 2, {0x85, 0x3E}},
	{0xC7F8, 2, {0x16, 0x93}},
	{0xC7FA, 2, {0x00, 0x77}},
	{0xC7FC, 2, {0xCD, 0xE3}},
	{0xC7FE, 2, {0xFC, 0x06}},
	{0xC800, 2, {0x55, 0x03}},
	{0xC802, 2, {0x0C, 0x28}},
	{0xC804, 2, {0x05, 0x42}},
	{0xC806, 2, {0x81, 0x41}},
	{0xC808, 2, {0xB7, 0xF9}},
	{0xC80A, 2, {0x48, 0x37}},
	{0xC80C, 2, {0x10, 0x02}},
	{0xC80E, 2, {0x08, 0x13}},
	{0xC810, 2, {0x50, 0x08}},
	{0xC812, 2, {0x58, 0x83}},
	{0xC814, 2, {0x0A, 0x88}},
	{0xC816, 2, {0x05, 0x13}},
	{0xC818, 2, {0x40, 0x00}},
	{0xC81A, 2, {0x73, 0xE3}},
	{0xC81C, 2, {0xFB, 0x15}},
	{0xC81E, 2, {0xBF, 0x7D}},
	{0xC820, 2, {0xD5, 0x03}},
	{0xC822, 2, {0x0C, 0x08}},
	{0xC824, 2, {0x05, 0x42}},
	{0xC826, 2, {0x81, 0x41}},
	{0xC828, 2, {0x05, 0x42}},
	{0xC82A, 2, {0x81, 0x41}},
	{0xC82C, 2, {0x80, 0x82}},
	{0xC82E, 2, {0x67, 0xC1}},
	{0xC830, 2, {0x71, 0x39}},
	{0xC832, 2, {0x87, 0x93}},
	{0xC834, 2, {0x70, 0x67}},
	{0xC836, 2, {0xC2, 0x3E}},
	{0xC838, 2, {0x17, 0xB7}},
	{0xC83A, 2, {0x02, 0x03}},
	{0xC83C, 2, {0x87, 0x93}},
	{0xC83E, 2, {0x90, 0x87}},
	{0xC840, 2, {0xC4, 0x3E}},
	{0xC842, 2, {0x17, 0xB7}},
	{0xC844, 2, {0x04, 0x05}},
	{0xC846, 2, {0x87, 0x93}},
	{0xC848, 2, {0xB0, 0xA7}},
	{0xC84A, 2, {0xDA, 0x26}},
	{0xC84C, 2, {0xCC, 0x62}},
	{0xC84E, 2, {0x04, 0x93}},
	{0xC850, 2, {0x1E, 0x85}},
	{0xC852, 2, {0x6C, 0x39}},
	{0xC854, 2, {0xD8, 0x4A}},
	{0xC856, 2, {0xD6, 0x4E}},
	{0xC858, 2, {0x19, 0x13}},
	{0xC85A, 2, {0x00, 0x25}},
	{0xC85C, 2, {0x0C, 0x13}},
	{0xC85E, 2, {0x00, 0x0C}},
	{0xC860, 2, {0x04, 0x86}},
	{0xC862, 2, {0xC6, 0x3E}},
	{0xC864, 2, {0x49, 0xB7}},
	{0xC866, 2, {0x10, 0x01}},
	{0xC868, 2, {0x00, 0x5C}},
	{0xC86A, 2, {0xD4, 0x52}},
	{0xC86C, 2, {0xD2, 0x56}},
	{0xC86E, 2, {0xD0, 0x5A}},
	{0xC870, 2, {0xCE, 0x5E}},
	{0xC872, 2, {0xDE, 0x06}},
	{0xC874, 2, {0xDC, 0x22}},
	{0xC876, 2, {0x8B, 0xB3}},
	{0xC878, 2, {0x01, 0x27}},
	{0xC87A, 2, {0x4B, 0x01}},
	{0xC87C, 2, {0x4A, 0xB7}},
	{0xC87E, 2, {0x10, 0x02}},
	{0xC880, 2, {0x94, 0xE2}},
	{0xC882, 2, {0x89, 0x93}},
	{0xC884, 2, {0x50, 0x09}},
	{0xC886, 2, {0x4A, 0x11}},
	{0xC888, 2, {0x07, 0xB3}},
	{0xC88A, 2, {0x01, 0x69}},
	{0xC88C, 2, {0x07, 0xB1}},
	{0xC88E, 2, {0xC4, 0x03}},
	{0xC890, 2, {0x00, 0x0B}},
	{0xC892, 2, {0x07, 0x8A}},
	{0xC894, 2, {0x97, 0xD6}},
	{0xC896, 2, {0x47, 0xC8}},
	{0xC898, 2, {0xD5, 0x83}},
	{0xC89A, 2, {0x01, 0x44}},
	{0xC89C, 2, {0x27, 0x83}},
	{0xC89E, 2, {0x2D, 0x8C}},
	{0xC8A0, 2, {0x04, 0x13}},
	{0xC8A2, 2, {0x03, 0x84}},
	{0xC8A4, 2, {0x04, 0x06}},
	{0xC8A6, 2, {0x97, 0x82}},
	{0xC8A8, 2, {0x94, 0x4E}},
	{0xC8AA, 2, {0x0B, 0x05}},
	{0xC8AC, 2, {0x13, 0x23}},
	{0xC8AE, 2, {0x00, 0xA4}},
	{0xC8B0, 2, {0x0B, 0x85}},
	{0xC8B2, 2, {0x1B, 0xE3}},
	{0xC8B4, 2, {0xFD, 0x4B}},
	{0xC8B6, 2, {0x50, 0xF2}},
	{0xC8B8, 2, {0x54, 0x62}},
	{0xC8BA, 2, {0x54, 0xD2}},
	{0xC8BC, 2, {0x59, 0x42}},
	{0xC8BE, 2, {0x59, 0xB2}},
	{0xC8C0, 2, {0x5A, 0x22}},
	{0xC8C2, 2, {0x5A, 0x92}},
	{0xC8C4, 2, {0x5B, 0x02}},
	{0xC8C6, 2, {0x4B, 0xF2}},
	{0xC8C8, 2, {0x4C, 0x62}},
	{0xC8CA, 2, {0x61, 0x21}},
	{0xC8CC, 2, {0x80, 0x82}},
	{0xC8CE, 2, {0x37, 0xB7}},
	{0xC8D0, 2, {0x10, 0x01}},
	{0xC8D2, 2, {0x46, 0x37}},
	{0xC8D4, 2, {0x10, 0x01}},
	{0xC8D6, 2, {0x28, 0x83}},
	{0xC8D8, 2, {0x09, 0x06}},
	{0xC8DA, 2, {0xD5, 0x83}},
	{0xC8DC, 2, {0x62, 0x07}},
	{0xC8DE, 2, {0xD5, 0x03}},
	{0xC8E0, 2, {0x62, 0x27}},
	{0xC8E2, 2, {0x17, 0xB7}},
	{0xC8E4, 2, {0x10, 0x02}},
	{0xC8E6, 2, {0x87, 0x93}},
	{0xC8E8, 2, {0xB0, 0x07}},
	{0xC8EA, 2, {0x43, 0xDC}},
	{0xC8EC, 2, {0x05, 0xC2}},
	{0xC8EE, 2, {0x05, 0x42}},
	{0xC8F0, 2, {0x97, 0x13}},
	{0xC8F2, 2, {0x00, 0x57}},
	{0xC8F4, 2, {0x81, 0xC1}},
	{0xC8F6, 2, {0x81, 0x41}},
	{0xC8F8, 2, {0x50, 0x63}},
	{0xC8FA, 2, {0x06, 0x07}},
	{0xC8FC, 2, {0x63, 0x15}},
	{0xC8FE, 2, {0x07, 0x13}},
	{0xC900, 2, {0x06, 0xC6}},
	{0xC902, 2, {0xD8, 0x93}},
	{0xC904, 2, {0x00, 0x18}},
	{0xC906, 2, {0x48, 0x01}},
	{0xC908, 2, {0x03, 0x13}},
	{0xC90A, 2, {0x55, 0x63}},
	{0xC90C, 2, {0x0E, 0x33}},
	{0xC90E, 2, {0x40, 0xB5}},
	{0xC910, 2, {0x06, 0x13}},
	{0xC912, 2, {0x09, 0x06}},
	{0xC914, 2, {0xA0, 0x39}},
	{0xC916, 2, {0x73, 0x63}},
	{0xC918, 2, {0x00, 0x68}},
	{0xC91A, 2, {0x88, 0x1A}},
	{0xC91C, 2, {0x07, 0x11}},
	{0xC91E, 2, {0x06, 0x63}},
	{0xC920, 2, {0x02, 0xC7}},
	{0xC922, 2, {0x43, 0x1C}},
	{0xC924, 2, {0xD7, 0xB3}},
	{0xC926, 2, {0x03, 0x17}},
	{0xC928, 2, {0xC3, 0x1C}},
	{0xC92A, 2, {0xF6, 0xE3}},
	{0xC92C, 2, {0xFE, 0xA7}},
	{0xC92E, 2, {0x86, 0xB3}},
	{0xC930, 2, {0x40, 0xB7}},
	{0xC932, 2, {0xF5, 0xE3}},
	{0xC934, 2, {0xFE, 0xF5}},
	{0xC936, 2, {0x86, 0xB3}},
	{0xC938, 2, {0x02, 0x66}},
	{0xC93A, 2, {0xD6, 0xB3}},
	{0xC93C, 2, {0x03, 0xC6}},
	{0xC93E, 2, {0x7F, 0xE3}},
	{0xC940, 2, {0xFC, 0xD8}},
	{0xC942, 2, {0x07, 0x11}},
	{0xC944, 2, {0x88, 0x36}},
	{0xC946, 2, {0x1E, 0xE3}},
	{0xC948, 2, {0xFC, 0xC7}},
	{0xC94A, 2, {0x08, 0x42}},
	{0xC94C, 2, {0x58, 0x13}},
	{0xC94E, 2, {0x01, 0x08}},
	{0xC950, 2, {0x37, 0xB7}},
	{0xC952, 2, {0x10, 0x00}},
	{0xC954, 2, {0x9E, 0x23}},
	{0xC956, 2, {0x61, 0x07}},
	{0xC958, 2, {0x80, 0x82}},
	{0xC95A, 2, {0x71, 0x1D}},
	{0xC95C, 2, {0xCC, 0xA2}},
	{0xC95E, 2, {0x64, 0x39}},
	{0xC960, 2, {0xC8, 0xCA}},
	{0xC962, 2, {0x04, 0x13}},
	{0xC964, 2, {0x00, 0x04}},
	{0xC966, 2, {0x69, 0x05}},
	{0xC968, 2, {0x99, 0x22}},
	{0xC96A, 2, {0x26, 0x03}},
	{0xC96C, 2, {0xA6, 0x89}},
	{0xC96E, 2, {0x07, 0x37}},
	{0xC970, 2, {0x10, 0x02}},
	{0xC972, 2, {0x26, 0x83}},
	{0xC974, 2, {0x34, 0x87}},
	{0xC976, 2, {0x17, 0xB7}},
	{0xC978, 2, {0x10, 0x01}},
	{0xC97A, 2, {0xCA, 0xA6}},
	{0xC97C, 2, {0x42, 0x04}},
	{0xC97E, 2, {0x85, 0x93}},
	{0xC980, 2, {0xE0, 0x87}},
	{0xC982, 2, {0x86, 0x13}},
	{0xC984, 2, {0xE3, 0x07}},
	{0xC986, 2, {0x87, 0x93}},
	{0xC988, 2, {0xE3, 0x87}},
	{0xC98A, 2, {0xCE, 0x3E}},
	{0xC98C, 2, {0xCE, 0x86}},
	{0xC98E, 2, {0xC6, 0xCE}},
	{0xC990, 2, {0xC4, 0xD2}},
	{0xC992, 2, {0xC2, 0xD6}},
	{0xC994, 2, {0xC0, 0xDA}},
	{0xC996, 2, {0xDE, 0x5E}},
	{0xC998, 2, {0xCA, 0x2E}},
	{0xC99A, 2, {0xCC, 0x32}},
	{0xC99C, 2, {0x97, 0x93}},
	{0xC99E, 2, {0x01, 0x36}},
	{0xC9A0, 2, {0xDF, 0x03}},
	{0xC9A2, 2, {0x00, 0x24}},
	{0xC9A4, 2, {0x03, 0x13}},
	{0xC9A6, 2, {0x20, 0x00}},
	{0xC9A8, 2, {0xD2, 0x63}},
	{0xC9AA, 2, {0x04, 0x07}},
	{0xC9AC, 2, {0x06, 0x93}},
	{0xC9AE, 2, {0x02, 0xF0}},
	{0xC9B0, 2, {0x07, 0x93}},
	{0xC9B2, 2, {0x01, 0x0F}},
	{0xC9B4, 2, {0xF4, 0x63}},
	{0xC9B6, 2, {0x21, 0xE6}},
	{0xC9B8, 2, {0x07, 0x13}},
	{0xC9BA, 2, {0x20, 0x07}},
	{0xC9BC, 2, {0x43, 0x58}},
	{0xC9BE, 2, {0x19, 0x93}},
	{0xC9C0, 2, {0x01, 0x47}},
	{0xC9C2, 2, {0xC1, 0x63}},
	{0xC9C4, 2, {0x20, 0x09}},
	{0xC9C6, 2, {0x07, 0x37}},
	{0xC9C8, 2, {0x10, 0x02}},
	{0xC9CA, 2, {0x07, 0x13}},
	{0xC9CC, 2, {0x20, 0x07}},
	{0xC9CE, 2, {0x43, 0x58}},
	{0xC9D0, 2, {0x03, 0x13}},
	{0xC9D2, 2, {0x20, 0x00}},
	{0xC9D4, 2, {0x83, 0x29}},
	{0xC9D6, 2, {0x8B, 0x05}},
	{0xC9D8, 2, {0xCB, 0x11}},
	{0xC9DA, 2, {0xF7, 0x13}},
	{0xC9DC, 2, {0xFF, 0xE7}},
	{0xC9DE, 2, {0x83, 0x33}},
	{0xC9E0, 2, {0x40, 0xE7}},
	{0xC9E2, 2, {0x03, 0x26}},
	{0xC9E4, 2, {0x53, 0x33}},
	{0xC9E6, 2, {0x02, 0xE3}},
	{0xC9E8, 2, {0x03, 0x13}},
	{0xC9EA, 2, {0x20, 0x03}},
	{0xC9EC, 2, {0x15, 0x93}},
	{0xC9EE, 2, {0x01, 0x0F}},
	{0xC9F0, 2, {0x85, 0xC1}},
	{0xC9F2, 2, {0x8E, 0x93}},
	{0xC9F4, 2, {0xFF, 0xF5}},
	{0xC9F6, 2, {0x08, 0xB7}},
	{0xC9F8, 2, {0x10, 0x02}},
	{0xC9FA, 2, {0x16, 0x37}},
	{0xC9FC, 2, {0x10, 0x02}},
	{0xC9FE, 2, {0x1F, 0xB7}},
	{0xCA00, 2, {0x10, 0x00}},
	{0xCA02, 2, {0x68, 0x21}},
	{0xCA04, 2, {0x85, 0x8D}},
	{0xCA06, 2, {0xDE, 0x93}},
	{0xCA08, 2, {0x40, 0x5E}},
	{0xCA0A, 2, {0x10, 0x14}},
	{0xCA0C, 2, {0x47, 0x01}},
	{0xCA0E, 2, {0x85, 0x13}},
	{0xCA10, 2, {0x30, 0x08}},
	{0xCA12, 2, {0x06, 0x13}},
	{0xCA14, 2, {0x40, 0x06}},
	{0xCA16, 2, {0x40, 0xBD}},
	{0xCA18, 2, {0x8F, 0x93}},
	{0xCA1A, 2, {0x40, 0x0F}},
	{0xCA1C, 2, {0x03, 0x93}},
	{0xCA1E, 2, {0x02, 0xF0}},
	{0xCA20, 2, {0x08, 0x13}},
	{0xCA22, 2, {0x15, 0x08}},
	{0xCA24, 2, {0x42, 0xFD}},
	{0xCA26, 2, {0x4E, 0x11}},
	{0xCA28, 2, {0x45, 0x3C}},
	{0xCA2A, 2, {0x99, 0x93}},
	{0xCA2C, 2, {0x01, 0x37}},
	{0xCA2E, 2, {0xD1, 0x63}},
	{0xCA30, 2, {0x14, 0x09}},
	{0xCA32, 2, {0xA7, 0x83}},
	{0xCA34, 2, {0x20, 0x48}},
	{0xCA36, 2, {0x99, 0x93}},
	{0xCA38, 2, {0x01, 0x47}},
	{0xCA3A, 2, {0xD7, 0x63}},
	{0xCA3C, 2, {0x14, 0x09}},
	{0xCA3E, 2, {0xE5, 0x63}},
	{0xCA40, 2, {0x15, 0xE3}},
	{0xCA42, 2, {0x17, 0x93}},
	{0xCA44, 2, {0x00, 0x17}},
	{0xCA46, 2, {0x89, 0xB3}},
	{0xCA48, 2, {0x00, 0xA7}},
	{0xCA4A, 2, {0xD9, 0x83}},
	{0xCA4C, 2, {0x0A, 0xC9}},
	{0xCA4E, 2, {0x09, 0xC2}},
	{0xCA50, 2, {0x8A, 0x33}},
	{0xCA52, 2, {0x01, 0xF7}},
	{0xCA54, 2, {0xD9, 0x93}},
	{0xCA56, 2, {0x01, 0x09}},
	{0xCA58, 2, {0x19, 0x23}},
	{0xCA5A, 2, {0x01, 0x3A}},
	{0xCA5C, 2, {0x97, 0xB2}},
	{0xCA5E, 2, {0xD9, 0x83}},
	{0xCA60, 2, {0x01, 0x27}},
	{0xCA62, 2, {0xD7, 0x83}},
	{0xCA64, 2, {0x01, 0xA7}},
	{0xCA66, 2, {0x8A, 0x76}},
	{0xCA68, 2, {0x87, 0xB3}},
	{0xCA6A, 2, {0x03, 0x37}},
	{0xCA6C, 2, {0x87, 0xA5}},
	{0xCA6E, 2, {0x07, 0xC2}},
	{0xCA70, 2, {0x83, 0xC1}},
	{0xCA72, 2, {0x90, 0x23}},
	{0xCA74, 2, {0x00, 0xF6}},
	{0xCA76, 2, {0x09, 0x93}},
	{0xCA78, 2, {0x20, 0x00}},
	{0xCA7A, 2, {0x41, 0x63}},
	{0xCA7C, 2, {0x02, 0x0A}},
	{0xCA7E, 2, {0x89, 0xD2}},
	{0xCA80, 2, {0xD3, 0x63}},
	{0xCA82, 2, {0x01, 0x42}},
	{0xCA84, 2, {0x49, 0xFD}},
	{0xCA86, 2, {0x9A, 0x13}},
	{0xCA88, 2, {0x01, 0x09}},
	{0xCA8A, 2, {0x5A, 0x13}},
	{0xCA8C, 2, {0x41, 0x0A}},
	{0xCA8E, 2, {0x19, 0x93}},
	{0xCA90, 2, {0x00, 0x57}},
	{0xCA92, 2, {0x99, 0xD2}},
	{0xCA94, 2, {0x09, 0x86}},
	{0xCA96, 2, {0x99, 0xC2}},
	{0xCA98, 2, {0xD9, 0x83}},
	{0xCA9A, 2, {0x00, 0x09}},
	{0xCA9C, 2, {0x87, 0xB3}},
	{0xCA9E, 2, {0x03, 0x37}},
	{0xCAA0, 2, {0x06, 0x89}},
	{0xCAA2, 2, {0x07, 0x05}},
	{0xCAA4, 2, {0x87, 0xA5}},
	{0xCAA6, 2, {0x87, 0xB3}},
	{0xCAA8, 2, {0x02, 0x67}},
	{0xCAAA, 2, {0x83, 0xA5}},
	{0xCAAC, 2, {0x9F, 0x23}},
	{0xCAAE, 2, {0xFE, 0xF6}},
	{0xCAB0, 2, {0x1C, 0xE3}},
	{0xCAB2, 2, {0xF7, 0xC7}},
	{0xCAB4, 2, {0x27, 0x83}},
	{0xCAB6, 2, {0x27, 0x44}},
	{0xCAB8, 2, {0x10, 0x2C}},
	{0xCABA, 2, {0x10, 0x08}},
	{0xCABC, 2, {0x97, 0x82}},
	{0xCABE, 2, {0x56, 0x82}},
	{0xCAC0, 2, {0x17, 0xB7}},
	{0xCAC2, 2, {0x10, 0x01}},
	{0xCAC4, 2, {0x87, 0x13}},
	{0xCAC6, 2, {0x40, 0x47}},
	{0xCAC8, 2, {0xA0, 0x23}},
	{0xCACA, 2, {0x40, 0xD7}},
	{0xCACC, 2, {0x56, 0x12}},
	{0xCACE, 2, {0x26, 0x83}},
	{0xCAD0, 2, {0xA6, 0xC9}},
	{0xCAD2, 2, {0xA2, 0x23}},
	{0xCAD4, 2, {0x40, 0xC7}},
	{0xCAD6, 2, {0x57, 0xA2}},
	{0xCAD8, 2, {0xC3, 0x5C}},
	{0xCADA, 2, {0x57, 0xB2}},
	{0xCADC, 2, {0xC7, 0x1C}},
	{0xCADE, 2, {0xCE, 0xB5}},
	{0xCAE0, 2, {0x6A, 0x11}},
	{0xCAE2, 2, {0x0B, 0x13}},
	{0xCAE4, 2, {0x01, 0x41}},
	{0xCAE6, 2, {0x49, 0x81}},
	{0xCAE8, 2, {0x1A, 0x7D}},
	{0xCAEA, 2, {0xCA, 0xB7}},
	{0xCAEC, 2, {0x20, 0x00}},
	{0xCAEE, 2, {0x27, 0x83}},
	{0xCAF0, 2, {0xA6, 0x89}},
	{0xCAF2, 2, {0x96, 0x93}},
	{0xCAF4, 2, {0x00, 0x29}},
	{0xCAF6, 2, {0x27, 0x03}},
	{0xCAF8, 2, {0x00, 0x0B}},
	{0xCAFA, 2, {0x97, 0xB6}},
	{0xCAFC, 2, {0x43, 0x9C}},
	{0xCAFE, 2, {0x26, 0x83}},
	{0xCB00, 2, {0x10, 0x44}},
	{0xCB02, 2, {0x0B, 0x11}},
	{0xCB04, 2, {0x47, 0xD0}},
	{0xCB06, 2, {0xDB, 0x83}},
	{0xCB08, 2, {0x00, 0x27}},
	{0xCB0A, 2, {0xC3, 0x10}},
	{0xCB0C, 2, {0x4B, 0x9C}},
	{0xCB0E, 2, {0x85, 0x5E}},
	{0xCB10, 2, {0xC3, 0x5C}},
	{0xCB12, 2, {0x96, 0x82}},
	{0xCB14, 2, {0xC7, 0x83}},
	{0xCB16, 2, {0x00, 0x04}},
	{0xCB18, 2, {0x75, 0x33}},
	{0xCB1A, 2, {0x01, 0x45}},
	{0xCB1C, 2, {0x27, 0x23}},
	{0xCB1E, 2, {0x00, 0x01}},
	{0xCB20, 2, {0x57, 0x13}},
	{0xCB22, 2, {0x00, 0x85}},
	{0xCB24, 2, {0x17, 0x23}},
	{0xCB26, 2, {0x00, 0xA1}},
	{0xCB28, 2, {0x67, 0x13}},
	{0xCB2A, 2, {0x04, 0x07}},
	{0xCB2C, 2, {0x83, 0x9D}},
	{0xCB2E, 2, {0x07, 0xA3}},
	{0xCB30, 2, {0x00, 0xE1}},
	{0xCB32, 2, {0x16, 0x23}},
	{0xCB34, 2, {0x01, 0x71}},
	{0xCB36, 2, {0x97, 0x13}},
	{0xCB38, 2, {0x00, 0x39}},
	{0xCB3A, 2, {0x07, 0x8A}},
	{0xCB3C, 2, {0x08, 0x23}},
	{0xCB3E, 2, {0x00, 0xF1}},
	{0xCB40, 2, {0x87, 0xB3}},
	{0xCB42, 2, {0x00, 0xEA}},
	{0xCB44, 2, {0x47, 0x32}},
	{0xCB46, 2, {0x19, 0x23}},
	{0xCB48, 2, {0x00, 0x01}},
	{0xCB4A, 2, {0x09, 0x85}},
	{0xCB4C, 2, {0xC3, 0xD8}},
	{0xCB4E, 2, {0x46, 0xC2}},
	{0xCB50, 2, {0x27, 0x03}},
	{0xCB52, 2, {0xA6, 0xC9}},
	{0xCB54, 2, {0xC7, 0x94}},
	{0xCB56, 2, {0xEC, 0xE3}},
	{0xCB58, 2, {0xF8, 0xE9}},
	{0xCB5A, 2, {0x40, 0xF6}},
	{0xCB5C, 2, {0x44, 0x66}},
	{0xCB5E, 2, {0x44, 0xD6}},
	{0xCB60, 2, {0x49, 0x46}},
	{0xCB62, 2, {0x49, 0xB6}},
	{0xCB64, 2, {0x4A, 0x26}},
	{0xCB66, 2, {0x4A, 0x96}},
	{0xCB68, 2, {0x4B, 0x06}},
	{0xCB6A, 2, {0x5B, 0xF2}},
	{0xCB6C, 2, {0x61, 0x25}},
	{0xCB6E, 2, {0x80, 0x82}},
	{0xCB70, 2, {0x07, 0x93}},
	{0xCB72, 2, {0x00, 0x87}},
	{0xCB74, 2, {0x07, 0x86}},
	{0xCB76, 2, {0x97, 0xB2}},
	{0xCB78, 2, {0xD7, 0x83}},
	{0xCB7A, 2, {0x00, 0xA7}},
	{0xCB7C, 2, {0x8A, 0x2E}},
	{0xCB7E, 2, {0x07, 0xC2}},
	{0xCB80, 2, {0x83, 0xC1}},
	{0xCB82, 2, {0x90, 0x23}},
	{0xCB84, 2, {0x00, 0xF6}},
	{0xCB86, 2, {0xBD, 0xC5}},
	{0xCB88, 2, {0xA7, 0x83}},
	{0xCB8A, 2, {0x20, 0x48}},
	{0xCB8C, 2, {0x83, 0xA9}},
	{0xCB8E, 2, {0x8B, 0x85}},
	{0xCB90, 2, {0xCB, 0x91}},
	{0xCB92, 2, {0xE9, 0x63}},
	{0xCB94, 2, {0x01, 0xE0}},
	{0xCB96, 2, {0x17, 0x93}},
	{0xCB98, 2, {0x00, 0x17}},
	{0xCB9A, 2, {0x89, 0xB3}},
	{0xCB9C, 2, {0x00, 0xA7}},
	{0xCB9E, 2, {0xD9, 0x83}},
	{0xCBA0, 2, {0x0A, 0x49}},
	{0xCBA2, 2, {0xB5, 0x75}},
	{0xCBA4, 2, {0x07, 0x93}},
	{0xCBA6, 2, {0x00, 0x87}},
	{0xCBA8, 2, {0x07, 0x86}},
	{0xCBAA, 2, {0x97, 0xB2}},
	{0xCBAC, 2, {0xD7, 0x83}},
	{0xCBAE, 2, {0x00, 0xA7}},
	{0xCBB0, 2, {0x8A, 0x76}},
	{0xCBB2, 2, {0x07, 0xC2}},
	{0xCBB4, 2, {0x83, 0xC1}},
	{0xCBB6, 2, {0x90, 0x23}},
	{0xCBB8, 2, {0x00, 0xF6}},
	{0xCBBA, 2, {0xBD, 0x75}},
	{0xCBBC, 2, {0x47, 0x3D}},
	{0xCBBE, 2, {0x77, 0xE3}},
	{0xCBC0, 2, {0xE3, 0xE7}},
	{0xCBC2, 2, {0xB5, 0x11}},
	{0xCBC4, 2, {0xF7, 0x13}},
	{0xCBC6, 2, {0xFF, 0xC7}},
	{0xCBC8, 2, {0x83, 0x33}},
	{0xCBCA, 2, {0x40, 0xE7}},
	{0xCBCC, 2, {0x03, 0x26}},
	{0xCBCE, 2, {0x53, 0x33}},
	{0xCBD0, 2, {0x02, 0xE3}},
	{0xCBD2, 2, {0x03, 0x13}},
	{0xCBD4, 2, {0x20, 0x03}},
	{0xCBD6, 2, {0xBD, 0x19}},
	{0xCBD8, 2, {0x67, 0xB9}},
	{0xCBDA, 2, {0x87, 0x93}},
	{0xCBDC, 2, {0x00, 0x07}},
	{0xCBDE, 2, {0x67, 0x05}},
	{0xCBE0, 2, {0x97, 0x3E}},
	{0xCBE2, 2, {0x25, 0x03}},
	{0xCBE4, 2, {0xA6, 0x07}},
	{0xCBE6, 2, {0x47, 0xDC}},
	{0xCBE8, 2, {0x11, 0x41}},
	{0xCBEA, 2, {0xC6, 0x06}},
	{0xCBEC, 2, {0x97, 0x82}},
	{0xCBEE, 2, {0x47, 0x03}},
	{0xCBF0, 2, {0x00, 0x85}},
	{0xCBF2, 2, {0x07, 0xB7}},
	{0xCBF4, 2, {0x10, 0x01}},
	{0xCBF6, 2, {0x77, 0x13}},
	{0xCBF8, 2, {0xF8, 0x07}},
	{0xCBFA, 2, {0x04, 0x23}},
	{0xCBFC, 2, {0x00, 0xE5}},
	{0xCBFE, 2, {0x47, 0x05}},
	{0xCC00, 2, {0xC1, 0x18}},
	{0xCC02, 2, {0xA6, 0x83}},
	{0xCC04, 2, {0x54, 0x47}},
	{0xCC06, 2, {0x04, 0xA3}},
	{0xCC08, 2, {0x00, 0x05}},
	{0xCC0A, 2, {0x87, 0x13}},
	{0xCC0C, 2, {0x20, 0x07}},
	{0xCC0E, 2, {0xF6, 0x93}},
	{0xCC10, 2, {0x08, 0x06}},
	{0xCC12, 2, {0x04, 0x23}},
	{0xCC14, 2, {0x00, 0xD5}},
	{0xCC16, 2, {0xD6, 0x03}},
	{0xCC18, 2, {0x20, 0xA7}},
	{0xCC1A, 2, {0xA6, 0x83}},
	{0xCC1C, 2, {0x21, 0x07}},
	{0xCC1E, 2, {0x40, 0xB2}},
	{0xCC20, 2, {0x15, 0x23}},
	{0xCC22, 2, {0x00, 0xC5}},
	{0xCC24, 2, {0xC5, 0x54}},
	{0xCC26, 2, {0xA6, 0x83}},
	{0xCC28, 2, {0x21, 0x47}},
	{0xCC2A, 2, {0xC9, 0x54}},
	{0xCC2C, 2, {0xA7, 0x83}},
	{0xCC2E, 2, {0x21, 0x87}},
	{0xCC30, 2, {0xCD, 0x1C}},
	{0xCC32, 2, {0x47, 0x5C}},
	{0xCC34, 2, {0xC9, 0x1C}},
	{0xCC36, 2, {0x01, 0x41}},
	{0xCC38, 2, {0x80, 0x82}},
	{0xCC3A, 2, {0x07, 0xB7}},
	{0xCC3C, 2, {0x01, 0x00}},
	{0xCC3E, 2, {0x71, 0x5D}},
	{0xCC40, 2, {0x87, 0x93}},
	{0xCC42, 2, {0x10, 0x07}},
	{0xCC44, 2, {0xC6, 0x3E}},
	{0xCC46, 2, {0x07, 0xB7}},
	{0xCC48, 2, {0x03, 0x02}},
	{0xCC4A, 2, {0x87, 0x93}},
	{0xCC4C, 2, {0x30, 0x27}},
	{0xCC4E, 2, {0x07, 0x37}},
	{0xCC50, 2, {0x10, 0x02}},
	{0xCC52, 2, {0xC8, 0x3E}},
	{0xCC54, 2, {0x26, 0x83}},
	{0xCC56, 2, {0x20, 0x47}},
	{0xCC58, 2, {0x27, 0x83}},
	{0xCC5A, 2, {0x20, 0x47}},
	{0xCC5C, 2, {0xC4, 0xA2}},
	{0xCC5E, 2, {0xD7, 0x13}},
	{0xCC60, 2, {0x00, 0xB6}},
	{0xCC62, 2, {0x83, 0xA9}},
	{0xCC64, 2, {0x8F, 0xD9}},
	{0xCC66, 2, {0x64, 0x39}},
	{0xCC68, 2, {0xC0, 0xCA}},
	{0xCC6A, 2, {0xDE, 0x4E}},
	{0xCC6C, 2, {0xDA, 0x56}},
	{0xCC6E, 2, {0x04, 0x13}},
	{0xCC70, 2, {0x00, 0x04}},
	{0xCC72, 2, {0xC6, 0x86}},
	{0xCC74, 2, {0xC2, 0xA6}},
	{0xCC76, 2, {0xDC, 0x52}},
	{0xCC78, 2, {0xD8, 0x5A}},
	{0xCC7A, 2, {0xD6, 0x5E}},
	{0xCC7C, 2, {0x8B, 0x85}},
	{0xCC7E, 2, {0x89, 0x2A}},
	{0xCC80, 2, {0x29, 0x83}},
	{0xCC82, 2, {0x40, 0x04}},
	{0xCC84, 2, {0x4A, 0x81}},
	{0xCC86, 2, {0xC7, 0x91}},
	{0xCC88, 2, {0x89, 0x9D}},
	{0xCC8A, 2, {0x10, 0x18}},
	{0xCC8C, 2, {0x95, 0xBA}},
	{0xCC8E, 2, {0xCA, 0x83}},
	{0xCC90, 2, {0xFE, 0xC5}},
	{0xCC92, 2, {0x07, 0xB7}},
	{0xCC94, 2, {0x10, 0x02}},
	{0xCC96, 2, {0x87, 0x93}},
	{0xCC98, 2, {0x60, 0x07}},
	{0xCC9A, 2, {0xD7, 0x83}},
	{0xCC9C, 2, {0x02, 0x87}},
	{0xCC9E, 2, {0x07, 0xC2}},
	{0xCCA0, 2, {0x83, 0xC1}},
	{0xCCA2, 2, {0x97, 0x13}},
	{0xCCA4, 2, {0x01, 0x47}},
	{0xCCA6, 2, {0x52, 0x63}},
	{0xCCA8, 2, {0x0C, 0x07}},
	{0xCCAA, 2, {0xF7, 0x93}},
	{0xCCAC, 2, {0x7F, 0xF7}},
	{0xCCAE, 2, {0x07, 0xB3}},
	{0xCCB0, 2, {0x40, 0xF0}},
	{0xCCB2, 2, {0x9B, 0x13}},
	{0xCCB4, 2, {0x01, 0x07}},
	{0xCCB6, 2, {0x5B, 0x13}},
	{0xCCB8, 2, {0x41, 0x0B}},
	{0xCCBA, 2, {0x27, 0x83}},
	{0xCCBC, 2, {0x0D, 0x44}},
	{0xCCBE, 2, {0x97, 0x82}},
	{0xCCC0, 2, {0x41, 0x18}},
	{0xCCC2, 2, {0x67, 0xC1}},
	{0xCCC4, 2, {0x64, 0x63}},
	{0xCCC6, 2, {0x00, 0xF7}},
	{0xCCC8, 2, {0x87, 0x13}},
	{0xCCCA, 2, {0xFF, 0xF7}},
	{0xCCCC, 2, {0x07, 0xB7}},
	{0xCCCE, 2, {0x10, 0x02}},
	{0xCCD0, 2, {0xD5, 0x83}},
	{0xCCD2, 2, {0x78, 0x47}},
	{0xCCD4, 2, {0x36, 0xB7}},
	{0xCCD6, 2, {0x10, 0x02}},
	{0xCCD8, 2, {0xD6, 0x83}},
	{0xCCDA, 2, {0x80, 0xA6}},
	{0xCCDC, 2, {0x05, 0xC2}},
	{0xCCDE, 2, {0x81, 0xC1}},
	{0xCCE0, 2, {0xCC, 0x3A}},
	{0xCCE2, 2, {0xCA, 0x2E}},
	{0xCCE4, 2, {0xCE, 0x36}},
	{0xCCE6, 2, {0x87, 0x93}},
	{0xCCE8, 2, {0x30, 0x07}},
	{0xCCEA, 2, {0x47, 0xBC}},
	{0xCCEC, 2, {0x85, 0x4A}},
	{0xCCEE, 2, {0x97, 0x13}},
	{0xCCF0, 2, {0x00, 0x67}},
	{0xCCF2, 2, {0x51, 0x63}},
	{0xCCF4, 2, {0x06, 0x07}},
	{0xCCF6, 2, {0x07, 0x93}},
	{0xCCF8, 2, {0x06, 0xC0}},
	{0xCCFA, 2, {0x87, 0xB3}},
	{0xCCFC, 2, {0x02, 0xFA}},
	{0xCCFE, 2, {0x0B, 0x2E}},
	{0xCD00, 2, {0x09, 0x33}},
	{0xCD02, 2, {0x41, 0x69}},
	{0xCD04, 2, {0x8A, 0x93}},
	{0xCD06, 2, {0x06, 0xC9}},
	{0xCD08, 2, {0x5B, 0x93}},
	{0xCD0A, 2, {0x41, 0xF9}},
	{0xCD0C, 2, {0x0A, 0x13}},
	{0xCD0E, 2, {0x01, 0x41}},
	{0xCD10, 2, {0x84, 0xB3}},
	{0xCD12, 2, {0x00, 0xF9}},
	{0xCD14, 2, {0x9A, 0xBE}},
	{0xCD16, 2, {0x27, 0x83}},
	{0xCD18, 2, {0x29, 0x44}},
	{0xCD1A, 2, {0x85, 0x26}},
	{0xCD1C, 2, {0x84, 0x93}},
	{0xCD1E, 2, {0x02, 0x44}},
	{0xCD20, 2, {0x97, 0x82}},
	{0xCD22, 2, {0x27, 0x83}},
	{0xCD24, 2, {0x32, 0x44}},
	{0xCD26, 2, {0x86, 0xAE}},
	{0xCD28, 2, {0x86, 0x2A}},
	{0xCD2A, 2, {0x85, 0xDE}},
	{0xCD2C, 2, {0x85, 0x4A}},
	{0xCD2E, 2, {0x47, 0x2D}},
	{0xCD30, 2, {0x97, 0x82}},
	{0xCD32, 2, {0x89, 0x2A}},
	{0xCD34, 2, {0x8B, 0xAE}},
	{0xCD36, 2, {0x0A, 0x11}},
	{0xCD38, 2, {0x85, 0x63}},
	{0xCD3A, 2, {0x01, 0x54}},
	{0xCD3C, 2, {0x25, 0x83}},
	{0xCD3E, 2, {0x00, 0x0A}},
	{0xCD40, 2, {0xBF, 0xD9}},
	{0xCD42, 2, {0x27, 0x83}},
	{0xCD44, 2, {0x32, 0x44}},
	{0xCD46, 2, {0xA6, 0x83}},
	{0xCD48, 2, {0x1B, 0x49}},
	{0xCD4A, 2, {0xA6, 0x03}},
	{0xCD4C, 2, {0x1B, 0x09}},
	{0xCD4E, 2, {0x47, 0x2D}},
	{0xCD50, 2, {0x97, 0x82}},
	{0xCD52, 2, {0x95, 0x5A}},
	{0xCD54, 2, {0x40, 0xB6}},
	{0xCD56, 2, {0x44, 0x26}},
	{0xCD58, 2, {0x44, 0x96}},
	{0xCD5A, 2, {0x49, 0x06}},
	{0xCD5C, 2, {0x59, 0xF2}},
	{0xCD5E, 2, {0x5A, 0x62}},
	{0xCD60, 2, {0x5A, 0xD2}},
	{0xCD62, 2, {0x5B, 0x42}},
	{0xCD64, 2, {0x5B, 0xB2}},
	{0xCD66, 2, {0x61, 0x61}},
	{0xCD68, 2, {0x80, 0x82}},
	{0xCD6A, 2, {0x9B, 0x13}},
	{0xCD6C, 2, {0x01, 0x07}},
	{0xCD6E, 2, {0x5B, 0x13}},
	{0xCD70, 2, {0x41, 0x0B}},
	{0xCD72, 2, {0xB7, 0xA1}},
	{0xCD74, 2, {0x11, 0x41}},
	{0xCD76, 2, {0xC4, 0x22}},
	{0xCD78, 2, {0x27, 0xB7}},
	{0xCD7A, 2, {0x10, 0x02}},
	{0xCD7C, 2, {0x64, 0x39}},
	{0xCD7E, 2, {0x04, 0x13}},
	{0xCD80, 2, {0x00, 0x04}},
	{0xCD82, 2, {0x87, 0x93}},
	{0xCD84, 2, {0x70, 0x07}},
	{0xCD86, 2, {0xC2, 0x26}},
	{0xCD88, 2, {0xD4, 0x83}},
	{0xCD8A, 2, {0x10, 0xA7}},
	{0xCD8C, 2, {0x27, 0x83}},
	{0xCD8E, 2, {0x2E, 0x44}},
	{0xCD90, 2, {0xC6, 0x06}},
	{0xCD92, 2, {0x04, 0xC2}},
	{0xCD94, 2, {0x97, 0x82}},
	{0xCD96, 2, {0x27, 0x83}},
	{0xCD98, 2, {0x27, 0x04}},
	{0xCD9A, 2, {0x80, 0xC1}},
	{0xCD9C, 2, {0x85, 0x26}},
	{0xCD9E, 2, {0x97, 0x82}},
	{0xCDA0, 2, {0x27, 0x83}},
	{0xCDA2, 2, {0x2A, 0x84}},
	{0xCDA4, 2, {0x97, 0x82}},
	{0xCDA6, 2, {0x47, 0x83}},
	{0xCDA8, 2, {0x34, 0xE4}},
	{0xCDAA, 2, {0xCB, 0x8D}},
	{0xCDAC, 2, {0x07, 0xB7}},
	{0xCDAE, 2, {0x10, 0x01}},
	{0xCDB0, 2, {0xD7, 0x03}},
	{0xCDB2, 2, {0x47, 0x07}},
	{0xCDB4, 2, {0x67, 0x13}},
	{0xCDB6, 2, {0x00, 0x17}},
	{0xCDB8, 2, {0x98, 0x23}},
	{0xCDBA, 2, {0x46, 0xE7}},
	{0xCDBC, 2, {0xD7, 0x03}},
	{0xCDBE, 2, {0x47, 0x07}},
	{0xCDC0, 2, {0x67, 0x13}},
	{0xCDC2, 2, {0x01, 0x07}},
	{0xCDC4, 2, {0x98, 0x23}},
	{0xCDC6, 2, {0x46, 0xE7}},
	{0xCDC8, 2, {0xD7, 0x03}},
	{0xCDCA, 2, {0x47, 0x07}},
	{0xCDCC, 2, {0x9B, 0x79}},
	{0xCDCE, 2, {0x98, 0x23}},
	{0xCDD0, 2, {0x46, 0xE7}},
	{0xCDD2, 2, {0xD7, 0x03}},
	{0xCDD4, 2, {0x47, 0x07}},
	{0xCDD6, 2, {0x9B, 0x3D}},
	{0xCDD8, 2, {0x98, 0x23}},
	{0xCDDA, 2, {0x46, 0xE7}},
	{0xCDDC, 2, {0x07, 0x37}},
	{0xCDDE, 2, {0x10, 0x01}},
	{0xCDE0, 2, {0x27, 0x83}},
	{0xCDE2, 2, {0x20, 0x07}},
	{0xCDE4, 2, {0x15, 0xB7}},
	{0xCDE6, 2, {0x10, 0x00}},
	{0xCDE8, 2, {0x27, 0x03}},
	{0xCDEA, 2, {0x20, 0x07}},
	{0xCDEC, 2, {0xD6, 0x83}},
	{0xCDEE, 2, {0x04, 0xA5}},
	{0xCDF0, 2, {0x83, 0xE1}},
	{0xCDF2, 2, {0x66, 0x21}},
	{0xCDF4, 2, {0x8B, 0x85}},
	{0xCDF6, 2, {0x16, 0x7D}},
	{0xCDF8, 2, {0x95, 0x13}},
	{0xCDFA, 2, {0x00, 0xF7}},
	{0xCDFC, 2, {0x8E, 0xF1}},
	{0xCDFE, 2, {0x8E, 0xC9}},
	{0xCE00, 2, {0x95, 0x23}},
	{0xCE02, 2, {0x04, 0xD5}},
	{0xCE04, 2, {0x06, 0xB7}},
	{0xCE06, 2, {0x10, 0x02}},
	{0xCE08, 2, {0xA6, 0x03}},
	{0xCE0A, 2, {0x34, 0x86}},
	{0xCE0C, 2, {0x83, 0x65}},
	{0xCE0E, 2, {0x8B, 0x05}},
	{0xCE10, 2, {0x08, 0x23}},
	{0xCE12, 2, {0x3A, 0xF4}},
	{0xCE14, 2, {0x08, 0xA3}},
	{0xCE16, 2, {0x3A, 0xE4}},
	{0xCE18, 2, {0x17, 0x93}},
	{0xCE1A, 2, {0x00, 0xE6}},
	{0xCE1C, 2, {0x86, 0x93}},
	{0xCE1E, 2, {0x30, 0x06}},
	{0xCE20, 2, {0xDB, 0x63}},
	{0xCE22, 2, {0x04, 0x07}},
	{0xCE24, 2, {0x17, 0xB7}},
	{0xCE26, 2, {0x10, 0x02}},
	{0xCE28, 2, {0xA7, 0x03}},
	{0xCE2A, 2, {0xB0, 0x47}},
	{0xCE2C, 2, {0x87, 0x93}},
	{0xCE2E, 2, {0xB0, 0x07}},
	{0xCE30, 2, {0x16, 0x13}},
	{0xCE32, 2, {0x01, 0x17}},
	{0xCE34, 2, {0x52, 0x63}},
	{0xCE36, 2, {0x10, 0x06}},
	{0xCE38, 2, {0x46, 0xB8}},
	{0xCE3A, 2, {0x16, 0x93}},
	{0xCE3C, 2, {0x00, 0xE7}},
	{0xCE3E, 2, {0xDD, 0x63}},
	{0xCE40, 2, {0x0E, 0x06}},
	{0xCE42, 2, {0xD6, 0x83}},
	{0xCE44, 2, {0x05, 0x27}},
	{0xCE46, 2, {0x07, 0x13}},
	{0xCE48, 2, {0x40, 0x00}},
	{0xCE4A, 2, {0x66, 0x63}},
	{0xCE4C, 2, {0x00, 0xD7}},
	{0xCE4E, 2, {0xD7, 0x83}},
	{0xCE50, 2, {0x05, 0x47}},
	{0xCE52, 2, {0x71, 0x63}},
	{0xCE54, 2, {0x10, 0xF7}},
	{0xCE56, 2, {0x47, 0xB7}},
	{0xCE58, 2, {0x10, 0x00}},
	{0xCE5A, 2, {0xC7, 0x03}},
	{0xCE5C, 2, {0x52, 0x67}},
	{0xCE5E, 2, {0x67, 0x13}},
	{0xCE60, 2, {0x00, 0x47}},
	{0xCE62, 2, {0x83, 0x23}},
	{0xCE64, 2, {0x52, 0xE7}},
	{0xCE66, 2, {0x07, 0x93}},
	{0xCE68, 2, {0x06, 0xF0}},
	{0xCE6A, 2, {0xEF, 0x63}},
	{0xCE6C, 2, {0x0C, 0x97}},
	{0xCE6E, 2, {0x47, 0xB7}},
	{0xCE70, 2, {0x10, 0x00}},
	{0xCE72, 2, {0x8A, 0x23}},
	{0xCE74, 2, {0x5E, 0x07}},
	{0xCE76, 2, {0x57, 0x83}},
	{0xCE78, 2, {0x35, 0x04}},
	{0xCE7A, 2, {0x8B, 0x8D}},
	{0xCE7C, 2, {0xC7, 0xD5}},
	{0xCE7E, 2, {0x07, 0x93}},
	{0xCE80, 2, {0x08, 0x00}},
	{0xCE82, 2, {0x07, 0x37}},
	{0xCE84, 2, {0x10, 0x00}},
	{0xCE86, 2, {0xE6, 0x63}},
	{0xCE88, 2, {0x0A, 0x97}},
	{0xCE8A, 2, {0x07, 0x13}},
	{0xCE8C, 2, {0x3E, 0xC7}},
	{0xCE8E, 2, {0x47, 0xB7}},
	{0xCE90, 2, {0x10, 0x00}},
	{0xCE92, 2, {0x45, 0x83}},
	{0xCE94, 2, {0x00, 0x27}},
	{0xCE96, 2, {0xC6, 0x83}},
	{0xCE98, 2, {0x72, 0x17}},
	{0xCE9A, 2, {0x84, 0x93}},
	{0xCE9C, 2, {0xF9, 0xF4}},
	{0xCE9E, 2, {0x86, 0x2E}},
	{0xCEA0, 2, {0x81, 0x89}},
	{0xCEA2, 2, {0x89, 0xF1}},
	{0xCEA4, 2, {0x9A, 0x8D}},
	{0xCEA6, 2, {0x8E, 0xCD}},
	{0xCEA8, 2, {0x80, 0xA3}},
	{0xCEAA, 2, {0x72, 0xD7}},
	{0xCEAC, 2, {0xD6, 0x83}},
	{0xCEAE, 2, {0x72, 0x27}},
	{0xCEB0, 2, {0x82, 0x05}},
	{0xCEB2, 2, {0x8A, 0x1D}},
	{0xCEB4, 2, {0x9A, 0xE1}},
	{0xCEB6, 2, {0x8E, 0xD1}},
	{0xCEB8, 2, {0x91, 0x23}},
	{0xCEBA, 2, {0x72, 0xD7}},
	{0xCEBC, 2, {0x43, 0x14}},
	{0xCEBE, 2, {0xD6, 0x03}},
	{0xCEC0, 2, {0x72, 0x27}},
	{0xCEC2, 2, {0x75, 0xF9}},
	{0xCEC4, 2, {0x82, 0xA9}},
	{0xCEC6, 2, {0x85, 0x93}},
	{0xCEC8, 2, {0x03, 0xF5}},
	{0xCECA, 2, {0xF6, 0x93}},
	{0xCECC, 2, {0x07, 0xF6}},
	{0xCECE, 2, {0x8E, 0x6D}},
	{0xCED0, 2, {0x06, 0x9A}},
	{0xCED2, 2, {0x8E, 0xD1}},
	{0xCED4, 2, {0x91, 0x23}},
	{0xCED6, 2, {0x72, 0xD7}},
	{0xCED8, 2, {0x56, 0x03}},
	{0xCEDA, 2, {0x00, 0x07}},
	{0xCEDC, 2, {0xD6, 0x83}},
	{0xCEDE, 2, {0x72, 0x47}},
	{0xCEE0, 2, {0x04, 0xC2}},
	{0xCEE2, 2, {0x82, 0x1D}},
	{0xCEE4, 2, {0x8A, 0x1D}},
	{0xCEE6, 2, {0x9A, 0xE1}},
	{0xCEE8, 2, {0x8E, 0xD1}},
	{0xCEEA, 2, {0x92, 0x23}},
	{0xCEEC, 2, {0x72, 0xD7}},
	{0xCEEE, 2, {0x46, 0x83}},
	{0xCEF0, 2, {0x00, 0x07}},
	{0xCEF2, 2, {0xD7, 0x03}},
	{0xCEF4, 2, {0x72, 0x47}},
	{0xCEF6, 2, {0x80, 0xC1}},
	{0xCEF8, 2, {0xF6, 0x93}},
	{0xCEFA, 2, {0x07, 0xF6}},
	{0xCEFC, 2, {0x06, 0x9A}},
	{0xCEFE, 2, {0x8F, 0x6D}},
	{0xCF00, 2, {0x8F, 0x55}},
	{0xCF02, 2, {0x92, 0x23}},
	{0xCF04, 2, {0x72, 0xE7}},
	{0xCF06, 2, {0x47, 0x7D}},
	{0xCF08, 2, {0x87, 0x93}},
	{0xCF0A, 2, {0x70, 0x07}},
	{0xCF0C, 2, {0x6E, 0x63}},
	{0xCF0E, 2, {0x00, 0x97}},
	{0xCF10, 2, {0x07, 0x37}},
	{0xCF12, 2, {0x10, 0x02}},
	{0xCF14, 2, {0x26, 0x83}},
	{0xCF16, 2, {0x3F, 0x07}},
	{0xCF18, 2, {0xC7, 0x03}},
	{0xCF1A, 2, {0x02, 0x17}},
	{0xCF1C, 2, {0x82, 0xD5}},
	{0xCF1E, 2, {0x8A, 0xF1}},
	{0xCF20, 2, {0x9B, 0x0D}},
	{0xCF22, 2, {0x8F, 0x55}},
	{0xCF24, 2, {0x80, 0xA3}},
	{0xCF26, 2, {0x02, 0xE7}},
	{0xCF28, 2, {0x40, 0xB2}},
	{0xCF2A, 2, {0x44, 0x22}},
	{0xCF2C, 2, {0x44, 0x92}},
	{0xCF2E, 2, {0x01, 0x41}},
	{0xCF30, 2, {0x80, 0x82}},
	{0xCF32, 2, {0x07, 0x13}},
	{0xCF34, 2, {0x3F, 0x07}},
	{0xCF36, 2, {0xBF, 0xA1}},
	{0xCF38, 2, {0x47, 0xB7}},
	{0xCF3A, 2, {0x10, 0x00}},
	{0xCF3C, 2, {0xC7, 0x03}},
	{0xCF3E, 2, {0x52, 0x67}},
	{0xCF40, 2, {0x9B, 0x6D}},
	{0xCF42, 2, {0x83, 0x23}},
	{0xCF44, 2, {0x52, 0xE7}},
	{0xCF46, 2, {0xBF, 0x05}},
	{0xCF48, 2, {0x47, 0xB7}},
	{0xCF4A, 2, {0x10, 0x00}},
	{0xCF4C, 2, {0x47, 0x05}},
	{0xCF4E, 2, {0x8A, 0x23}},
	{0xCF50, 2, {0x5E, 0xE7}},
	{0xCF52, 2, {0xB7, 0x15}},
	{0xCF54, 2, {0x47, 0xB7}},
	{0xCF56, 2, {0x10, 0x00}},
	{0xCF58, 2, {0xC7, 0x03}},
	{0xCF5A, 2, {0x52, 0x67}},
	{0xCF5C, 2, {0x9B, 0x6D}},
	{0xCF5E, 2, {0x83, 0x23}},
	{0xCF60, 2, {0x52, 0xE7}},
	{0xCF62, 2, {0xB7, 0x11}},
	{0xCF64, 2, {0x07, 0xB7}},
	{0xCF66, 2, {0x10, 0x02}},
	{0xCF68, 2, {0x87, 0x93}},
	{0xCF6A, 2, {0x30, 0x07}},
	{0xCF6C, 2, {0x47, 0xB8}},
	{0xCF6E, 2, {0x11, 0x41}},
	{0xCF70, 2, {0xC4, 0x22}},
	{0xCF72, 2, {0xC6, 0x06}},
	{0xCF74, 2, {0x64, 0x39}},
	{0xCF76, 2, {0x16, 0x93}},
	{0xCF78, 2, {0x00, 0x87}},
	{0xCF7A, 2, {0x04, 0x13}},
	{0xCF7C, 2, {0x00, 0x04}},
	{0xCF7E, 2, {0xDA, 0x63}},
	{0xCF80, 2, {0x00, 0x06}},
	{0xCF82, 2, {0x47, 0x03}},
	{0xCF84, 2, {0x34, 0xE4}},
	{0xCF86, 2, {0xE7, 0x11}},
	{0xCF88, 2, {0xD5, 0x03}},
	{0xCF8A, 2, {0x02, 0xA7}},
	{0xCF8C, 2, {0x27, 0x83}},
	{0xCF8E, 2, {0x31, 0x44}},
	{0xCF90, 2, {0x97, 0x82}},
	{0xCF92, 2, {0x47, 0xB7}},
	{0xCF94, 2, {0x20, 0x00}},
	{0xCF96, 2, {0x47, 0x05}},
	{0xCF98, 2, {0x84, 0x23}},
	{0xCF9A, 2, {0x06, 0xE7}},
	{0xCF9C, 2, {0x07, 0x37}},
	{0xCF9E, 2, {0x20, 0x00}},
	{0xCFA0, 2, {0x24, 0x23}},
	{0xCFA2, 2, {0x02, 0x07}},
	{0xCFA4, 2, {0x86, 0x93}},
	{0xCFA6, 2, {0x01, 0x47}},
	{0xCFA8, 2, {0xC3, 0x14}},
	{0xCFAA, 2, {0x26, 0x23}},
	{0xCFAC, 2, {0x00, 0x07}},
	{0xCFAE, 2, {0x87, 0xBE}},
	{0xCFB0, 2, {0x87, 0xBE}},
	{0xCFB2, 2, {0x87, 0xBE}},
	{0xCFB4, 2, {0x87, 0xBE}},
	{0xCFB6, 2, {0x87, 0xBE}},
	{0xCFB8, 2, {0x84, 0x23}},
	{0xCFBA, 2, {0x06, 0x07}},
	{0xCFBC, 2, {0x23, 0x03}},
	{0xCFBE, 2, {0x32, 0x04}},
	{0xCFC0, 2, {0x44, 0x22}},
	{0xCFC2, 2, {0x40, 0xB2}},
	{0xCFC4, 2, {0x01, 0x41}},
	{0xCFC6, 2, {0x83, 0x02}},
	{0xCFC8, 2, {0x11, 0x01}},
	{0xCFCA, 2, {0xC4, 0x52}},
	{0xCFCC, 2, {0x07, 0xB7}},
	{0xCFCE, 2, {0x10, 0x02}},
	{0xCFD0, 2, {0x6A, 0x39}},
	{0xCFD2, 2, {0xC2, 0x56}},
	{0xCFD4, 2, {0x0A, 0x13}},
	{0xCFD6, 2, {0x00, 0x0A}},
	{0xCFD8, 2, {0xAA, 0x83}},
	{0xCFDA, 2, {0x43, 0x07}},
	{0xCFDC, 2, {0x67, 0x05}},
	{0xCFDE, 2, {0x87, 0x93}},
	{0xCFE0, 2, {0x40, 0x07}},
	{0xCFE2, 2, {0x97, 0x52}},
	{0xCFE4, 2, {0x5B, 0x9C}},
	{0xCFE6, 2, {0xCC, 0x22}},
	{0xCFE8, 2, {0x26, 0x83}},
	{0xCFEA, 2, {0x00, 0xCA}},
	{0xCFEC, 2, {0x84, 0x2A}},
	{0xCFEE, 2, {0x25, 0x03}},
	{0xCFF0, 2, {0xA6, 0x07}},
	{0xCFF2, 2, {0x83, 0xA1}},
	{0xCFF4, 2, {0xC6, 0x4E}},
	{0xCFF6, 2, {0xC0, 0x5A}},
	{0xCFF8, 2, {0xDA, 0x93}},
	{0xCFFA, 2, {0x00, 0xCA}},
	{0xCFFC, 2, {0xCE, 0x06}},
	{0xCFFE, 2, {0xCA, 0x26}},
	{0xD000, 2, {0xC8, 0x4A}},
	{0xD002, 2, {0xFB, 0x13}},
	{0xD004, 2, {0x00, 0xFA}},
	{0xD006, 2, {0xFA, 0x93}},
	{0xD008, 2, {0x00, 0xF7}},
	{0xD00A, 2, {0x96, 0x82}},
	{0xD00C, 2, {0x47, 0x83}},
	{0xD00E, 2, {0x00, 0x04}},
	{0xD010, 2, {0x00, 0xA3}},
	{0xD012, 2, {0x00, 0x05}},
	{0xD014, 2, {0x89, 0xAA}},
	{0xD016, 2, {0x00, 0x23}},
	{0xD018, 2, {0x00, 0xF5}},
	{0xD01A, 2, {0x47, 0x03}},
	{0xD01C, 2, {0x00, 0x34}},
	{0xD01E, 2, {0x01, 0xA3}},
	{0xD020, 2, {0x00, 0x05}},
	{0xD022, 2, {0x01, 0x23}},
	{0xD024, 2, {0x00, 0xE5}},
	{0xD026, 2, {0x57, 0x03}},
	{0xD028, 2, {0x00, 0x04}},
	{0xD02A, 2, {0x12, 0x23}},
	{0xD02C, 2, {0x00, 0xE5}},
	{0xD02E, 2, {0xC3, 0x8D}},
	{0xD030, 2, {0x09, 0x13}},
	{0xD032, 2, {0x00, 0x85}},
	{0xD034, 2, {0x04, 0x21}},
	{0xD036, 2, {0x44, 0x81}},
	{0xD038, 2, {0x27, 0x83}},
	{0xD03A, 2, {0x0A, 0xCA}},
	{0xD03C, 2, {0x85, 0xA2}},
	{0xD03E, 2, {0x85, 0x4A}},
	{0xD040, 2, {0x97, 0x82}},
	{0xD042, 2, {0xC7, 0x83}},
	{0xD044, 2, {0x00, 0x09}},
	{0xD046, 2, {0x04, 0x85}},
	{0xD048, 2, {0x09, 0x51}},
	{0xD04A, 2, {0x04, 0x51}},
	{0xD04C, 2, {0xC6, 0xE3}},
	{0xD04E, 2, {0xFE, 0xF4}},
	{0xD050, 2, {0x07, 0xB7}},
	{0xD052, 2, {0x10, 0x02}},
	{0xD054, 2, {0x87, 0x93}},
	{0xD056, 2, {0x30, 0x07}},
	{0xD058, 2, {0x47, 0xBC}},
	{0xD05A, 2, {0x83, 0xA5}},
	{0xD05C, 2, {0x8B, 0x85}},
	{0xD05E, 2, {0xC3, 0xA1}},
	{0xD060, 2, {0x46, 0xB7}},
	{0xD062, 2, {0x20, 0x00}},
	{0xD064, 2, {0xD6, 0x83}},
	{0xD066, 2, {0x02, 0x86}},
	{0xD068, 2, {0xA7, 0x03}},
	{0xD06A, 2, {0x01, 0x09}},
	{0xD06C, 2, {0xA7, 0x83}},
	{0xD06E, 2, {0x00, 0xC9}},
	{0xD070, 2, {0x87, 0x33}},
	{0xD072, 2, {0x02, 0xEA}},
	{0xD074, 2, {0x87, 0xB3}},
	{0xD076, 2, {0x02, 0xFA}},
	{0xD078, 2, {0x8A, 0xB3}},
	{0xD07A, 2, {0x02, 0xDA}},
	{0xD07C, 2, {0xCA, 0xB3}},
	{0xD07E, 2, {0x03, 0x6A}},
	{0xD080, 2, {0xD7, 0xB3}},
	{0xD082, 2, {0x03, 0x67}},
	{0xD084, 2, {0x0A, 0xC2}},
	{0xD086, 2, {0xDA, 0x93}},
	{0xD088, 2, {0x01, 0x0A}},
	{0xD08A, 2, {0x57, 0x33}},
	{0xD08C, 2, {0x03, 0x67}},
	{0xD08E, 2, {0xA6, 0x23}},
	{0xD090, 2, {0x00, 0xF9}},
	{0xD092, 2, {0x07, 0xB7}},
	{0xD094, 2, {0x10, 0x00}},
	{0xD096, 2, {0xA8, 0x23}},
	{0xD098, 2, {0x00, 0xE9}},
	{0xD09A, 2, {0x90, 0x23}},
	{0xD09C, 2, {0x3B, 0x57}},
	{0xD09E, 2, {0x40, 0xF2}},
	{0xD0A0, 2, {0x44, 0x62}},
	{0xD0A2, 2, {0x44, 0xD2}},
	{0xD0A4, 2, {0x49, 0x42}},
	{0xD0A6, 2, {0x49, 0xB2}},
	{0xD0A8, 2, {0x4A, 0x22}},
	{0xD0AA, 2, {0x4A, 0x92}},
	{0xD0AC, 2, {0x4B, 0x02}},
	{0xD0AE, 2, {0x61, 0x05}},
	{0xD0B0, 2, {0x80, 0x82}},
	{0xD0B2, 2, {0x11, 0x41}},
	{0xD0B4, 2, {0xC4, 0x22}},
	{0xD0B6, 2, {0x64, 0x39}},
	{0xD0B8, 2, {0x04, 0x13}},
	{0xD0BA, 2, {0x00, 0x04}},
	{0xD0BC, 2, {0x27, 0x83}},
	{0xD0BE, 2, {0x33, 0x84}},
	{0xD0C0, 2, {0xC6, 0x06}},
	{0xD0C2, 2, {0xA7, 0x83}},
	{0xD0C4, 2, {0x10, 0x87}},
	{0xD0C6, 2, {0x97, 0x82}},
	{0xD0C8, 2, {0x05, 0x37}},
	{0xD0CA, 2, {0x10, 0x01}},
	{0xD0CC, 2, {0x27, 0x83}},
	{0xD0CE, 2, {0x28, 0x05}},
	{0xD0D0, 2, {0x27, 0x03}},
	{0xD0D2, 2, {0x3A, 0x04}},
	{0xD0D4, 2, {0x56, 0x83}},
	{0xD0D6, 2, {0x22, 0x45}},
	{0xD0D8, 2, {0x8B, 0xFD}},
	{0xD0DA, 2, {0x97, 0xBA}},
	{0xD0DC, 2, {0xC8, 0x03}},
	{0xD0DE, 2, {0x00, 0x07}},
	{0xD0E0, 2, {0x27, 0x03}},
	{0xD0E2, 2, {0x39, 0x84}},
	{0xD0E4, 2, {0x27, 0x83}},
	{0xD0E6, 2, {0x39, 0xC4}},
	{0xD0E8, 2, {0x06, 0x8A}},
	{0xD0EA, 2, {0x18, 0x93}},
	{0xD0EC, 2, {0x00, 0x28}},
	{0xD0EE, 2, {0x06, 0xC2}},
	{0xD0F0, 2, {0x82, 0xC1}},
	{0xD0F2, 2, {0x97, 0x46}},
	{0xD0F4, 2, {0x97, 0xC2}},
	{0xD0F6, 2, {0xC7, 0x83}},
	{0xD0F8, 2, {0x00, 0x07}},
	{0xD0FA, 2, {0x43, 0x18}},
	{0xD0FC, 2, {0x16, 0x23}},
	{0xD0FE, 2, {0x44, 0xD5}},
	{0xD100, 2, {0x56, 0x83}},
	{0xD102, 2, {0x24, 0xC5}},
	{0xD104, 2, {0x07, 0xC2}},
	{0xD106, 2, {0x83, 0xC1}},
	{0xD108, 2, {0x06, 0x8A}},
	{0xD10A, 2, {0x06, 0xC2}},
	{0xD10C, 2, {0x82, 0xC1}},
	{0xD10E, 2, {0x1A, 0x23}},
	{0xD110, 2, {0x44, 0xD5}},
	{0xD112, 2, {0x56, 0x83}},
	{0xD114, 2, {0x22, 0x65}},
	{0xD116, 2, {0x06, 0x13}},
	{0xD118, 2, {0x20, 0x05}},
	{0xD11A, 2, {0x05, 0x93}},
	{0xD11C, 2, {0x40, 0x05}},
	{0xD11E, 2, {0x06, 0x8A}},
	{0xD120, 2, {0x96, 0xBE}},
	{0xD122, 2, {0x06, 0xC2}},
	{0xD124, 2, {0x82, 0xC1}},
	{0xD126, 2, {0x17, 0x23}},
	{0xD128, 2, {0x44, 0xD5}},
	{0xD12A, 2, {0x56, 0x83}},
	{0xD12C, 2, {0x24, 0xE5}},
	{0xD12E, 2, {0x06, 0x8A}},
	{0xD130, 2, {0x96, 0xBE}},
	{0xD132, 2, {0x06, 0xC2}},
	{0xD134, 2, {0x82, 0xC1}},
	{0xD136, 2, {0x1B, 0x23}},
	{0xD138, 2, {0x44, 0xD5}},
	{0xD13A, 2, {0x26, 0x83}},
	{0xD13C, 2, {0x20, 0x05}},
	{0xD13E, 2, {0x95, 0x13}},
	{0xD140, 2, {0x00, 0x66}},
	{0xD142, 2, {0x58, 0x63}},
	{0xD144, 2, {0x00, 0x05}},
	{0xD146, 2, {0x26, 0x83}},
	{0xD148, 2, {0x08, 0x06}},
	{0xD14A, 2, {0x46, 0x15}},
	{0xD14C, 2, {0x8A, 0xFD}},
	{0xD14E, 2, {0x8F, 0x63}},
	{0xD150, 2, {0x04, 0xC6}},
	{0xD152, 2, {0x06, 0xB7}},
	{0xD154, 2, {0x10, 0x01}},
	{0xD156, 2, {0xA8, 0x23}},
	{0xD158, 2, {0x44, 0xE6}},
	{0xD15A, 2, {0xAC, 0x23}},
	{0xD15C, 2, {0x44, 0xE6}},
	{0xD15E, 2, {0xD6, 0x03}},
	{0xD160, 2, {0x24, 0xE6}},
	{0xD162, 2, {0xD5, 0x83}},
	{0xD164, 2, {0x24, 0xC6}},
	{0xD166, 2, {0x83, 0x21}},
	{0xD168, 2, {0x77, 0x13}},
	{0xD16A, 2, {0x0F, 0xF7}},
	{0xD16C, 2, {0x8E, 0x0D}},
	{0xD16E, 2, {0x06, 0x0A}},
	{0xD170, 2, {0x97, 0xB2}},
	{0xD172, 2, {0x97, 0xBA}},
	{0xD174, 2, {0x46, 0x03}},
	{0xD176, 2, {0x3B, 0x74}},
	{0xD178, 2, {0x07, 0xC2}},
	{0xD17A, 2, {0x83, 0xC1}},
	{0xD17C, 2, {0xC7, 0xB3}},
	{0xD17E, 2, {0x02, 0xC7}},
	{0xD180, 2, {0x86, 0x93}},
	{0xD182, 2, {0x40, 0x06}},
	{0xD184, 2, {0xD6, 0x83}},
	{0xD186, 2, {0x06, 0x86}},
	{0xD188, 2, {0x67, 0x41}},
	{0xD18A, 2, {0x17, 0x7D}},
	{0xD18C, 2, {0x1E, 0x23}},
	{0xD18E, 2, {0x3A, 0xF4}},
	{0xD190, 2, {0x0A, 0x63}},
	{0xD192, 2, {0x00, 0xD7}},
	{0xD194, 2, {0x07, 0xB7}},
	{0xD196, 2, {0x10, 0x02}},
	{0xD198, 2, {0x87, 0x93}},
	{0xD19A, 2, {0x40, 0x07}},
	{0xD19C, 2, {0xD7, 0x83}},
	{0xD19E, 2, {0x06, 0x87}},
	{0xD1A0, 2, {0x1E, 0x23}},
	{0xD1A2, 2, {0x3A, 0xF4}},
	{0xD1A4, 2, {0x40, 0xB2}},
	{0xD1A6, 2, {0x44, 0x22}},
	{0xD1A8, 2, {0x01, 0x41}},
	{0xD1AA, 2, {0x80, 0x82}},
	{0xD1AC, 2, {0xD6, 0x83}},
	{0xD1AE, 2, {0x05, 0x65}},
	{0xD1B0, 2, {0x06, 0x91}},
	{0xD1B2, 2, {0x06, 0xC2}},
	{0xD1B4, 2, {0x82, 0xC1}},
	{0xD1B6, 2, {0x9B, 0x23}},
	{0xD1B8, 2, {0x04, 0xD5}},
	{0xD1BA, 2, {0xBF, 0x61}},
	{0xD1BC, 2, {0x11, 0x41}},
	{0xD1BE, 2, {0xC4, 0x22}},
	{0xD1C0, 2, {0x64, 0x39}},
	{0xD1C2, 2, {0x04, 0x13}},
	{0xD1C4, 2, {0x00, 0x04}},
	{0xD1C6, 2, {0x27, 0x83}},
	{0xD1C8, 2, {0x0F, 0x84}},
	{0xD1CA, 2, {0xC6, 0x06}},
	{0xD1CC, 2, {0x97, 0x82}},
	{0xD1CE, 2, {0x80, 0xEF}},
	{0xD1D0, 2, {0x6E, 0x4F}},
	{0xD1D2, 2, {0x07, 0xB7}},
	{0xD1D4, 2, {0x10, 0x02}},
	{0xD1D6, 2, {0x86, 0x93}},
	{0xD1D8, 2, {0x20, 0x07}},
	{0xD1DA, 2, {0x06, 0x37}},
	{0xD1DC, 2, {0x10, 0x00}},
	{0xD1DE, 2, {0x27, 0x03}},
	{0xD1E0, 2, {0x20, 0x06}},
	{0xD1E2, 2, {0xA7, 0x83}},
	{0xD1E4, 2, {0x20, 0x07}},
	{0xD1E6, 2, {0xC6, 0x83}},
	{0xD1E8, 2, {0x00, 0x96}},
	{0xD1EA, 2, {0x45, 0x01}},
	{0xD1EC, 2, {0xF6, 0x93}},
	{0xD1EE, 2, {0x0F, 0xF6}},
	{0xD1F0, 2, {0xE6, 0x9D}},
	{0xD1F2, 2, {0x06, 0x13}},
	{0xD1F4, 2, {0x30, 0x06}},
	{0xD1F6, 2, {0x56, 0x03}},
	{0xD1F8, 2, {0x0F, 0x46}},
	{0xD1FA, 2, {0x66, 0xC1}},
	{0xD1FC, 2, {0x16, 0xFD}},
	{0xD1FE, 2, {0x84, 0x63}},
	{0xD200, 2, {0x02, 0xC6}},
	{0xD202, 2, {0x83, 0x65}},
	{0xD204, 2, {0x83, 0xE5}},
	{0xD206, 2, {0x8B, 0x05}},
	{0xD208, 2, {0x8B, 0x85}},
	{0xD20A, 2, {0x46, 0xB3}},
	{0xD20C, 2, {0x00, 0xF7}},
	{0xD20E, 2, {0x1D, 0x63}},
	{0xD210, 2, {0x00, 0xF7}},
	{0xD212, 2, {0x47, 0x83}},
	{0xD214, 2, {0x34, 0xF4}},
	{0xD216, 2, {0xE3, 0x85}},
	{0xD218, 2, {0x07, 0xA3}},
	{0xD21A, 2, {0x34, 0xD4}},
	{0xD21C, 2, {0x45, 0x01}},
	{0xD21E, 2, {0x40, 0xB2}},
	{0xD220, 2, {0x44, 0x22}},
	{0xD222, 2, {0x01, 0x41}},
	{0xD224, 2, {0x80, 0x82}},
	{0xD226, 2, {0x46, 0x85}},
	{0xD228, 2, {0x07, 0xB7}},
	{0xD22A, 2, {0x10, 0x02}},
	{0xD22C, 2, {0x87, 0x93}},
	{0xD22E, 2, {0x30, 0x07}},
	{0xD230, 2, {0x47, 0xBC}},
	{0xD232, 2, {0xC0, 0xE3}},
	{0xD234, 2, {0xFE, 0x07}},
	{0xD236, 2, {0x67, 0xC1}},
	{0xD238, 2, {0x26, 0x23}},
	{0xD23A, 2, {0x34, 0xF4}},
	{0xD23C, 2, {0x40, 0xB2}},
	{0xD23E, 2, {0x44, 0x22}},
	{0xD240, 2, {0x45, 0x05}},
	{0xD242, 2, {0x01, 0x41}},
	{0xD244, 2, {0x80, 0x82}},
	{0xD246, 2, {0x07, 0xB7}},
	{0xD248, 2, {0x10, 0x02}},
	{0xD24A, 2, {0x87, 0x93}},
	{0xD24C, 2, {0x20, 0x07}},
	{0xD24E, 2, {0x43, 0xDC}},
	{0xD250, 2, {0x83, 0xA1}},
	{0xD252, 2, {0x8B, 0x8D}},
	{0xD254, 2, {0xCF, 0x95}},
	{0xD256, 2, {0x16, 0x37}},
	{0xD258, 2, {0x10, 0x02}},
	{0xD25A, 2, {0x55, 0x83}},
	{0xD25C, 2, {0xB2, 0x06}},
	{0xD25E, 2, {0x26, 0x83}},
	{0xD260, 2, {0xB0, 0x46}},
	{0xD262, 2, {0x27, 0x83}},
	{0xD264, 2, {0xB0, 0x46}},
	{0xD266, 2, {0x67, 0x39}},
	{0xD268, 2, {0x57, 0x03}},
	{0xD26A, 2, {0x3B, 0xA7}},
	{0xD26C, 2, {0x83, 0xE9}},
	{0xD26E, 2, {0x82, 0x8D}},
	{0xD270, 2, {0x8B, 0x85}},
	{0xD272, 2, {0x8A, 0x85}},
	{0xD274, 2, {0xC7, 0x93}},
	{0xD276, 2, {0x00, 0x17}},
	{0xD278, 2, {0x97, 0xB6}},
	{0xD27A, 2, {0x07, 0x8E}},
	{0xD27C, 2, {0x8F, 0x0D}},
	{0xD27E, 2, {0x87, 0x05}},
	{0xD280, 2, {0x8B, 0xA1}},
	{0xD282, 2, {0x97, 0xBA}},
	{0xD284, 2, {0x07, 0xC2}},
	{0xD286, 2, {0x83, 0xC1}},
	{0xD288, 2, {0x17, 0x37}},
	{0xD28A, 2, {0x10, 0x00}},
	{0xD28C, 2, {0x15, 0x23}},
	{0xD28E, 2, {0x60, 0xF7}},
	{0xD290, 2, {0x80, 0x82}},
	{0xD292, 2, {0x67, 0xB9}},
	{0xD294, 2, {0xC7, 0x83}},
	{0xD296, 2, {0x34, 0xE7}},
	{0xD298, 2, {0xCB, 0x99}},
	{0xD29A, 2, {0x07, 0xB7}},
	{0xD29C, 2, {0x10, 0x02}},
	{0xD29E, 2, {0xD7, 0x03}},
	{0xD2A0, 2, {0x74, 0x67}},
	{0xD2A2, 2, {0x07, 0xB7}},
	{0xD2A4, 2, {0x10, 0x00}},
	{0xD2A6, 2, {0x07, 0x42}},
	{0xD2A8, 2, {0x83, 0x41}},
	{0xD2AA, 2, {0x91, 0x23}},
	{0xD2AC, 2, {0x3C, 0xE7}},
	{0xD2AE, 2, {0x07, 0x37}},
	{0xD2B0, 2, {0x10, 0x02}},
	{0xD2B2, 2, {0x07, 0x13}},
	{0xD2B4, 2, {0x30, 0x07}},
	{0xD2B6, 2, {0x27, 0x83}},
	{0xD2B8, 2, {0x0C, 0x07}},
	{0xD2BA, 2, {0x83, 0x89}},
	{0xD2BC, 2, {0x8B, 0x85}},
	{0xD2BE, 2, {0xC7, 0x95}},
	{0xD2C0, 2, {0x27, 0x83}},
	{0xD2C2, 2, {0x0C, 0x07}},
	{0xD2C4, 2, {0x8B, 0x85}},
	{0xD2C6, 2, {0xC3, 0x95}},
	{0xD2C8, 2, {0x27, 0x83}},
	{0xD2CA, 2, {0x0C, 0x07}},
	{0xD2CC, 2, {0x83, 0x91}},
	{0xD2CE, 2, {0x8B, 0x85}},
	{0xD2D0, 2, {0xE7, 0x95}},
	{0xD2D2, 2, {0x57, 0x83}},
	{0xD2D4, 2, {0x0C, 0x27}},
	{0xD2D6, 2, {0x47, 0x03}},
	{0xD2D8, 2, {0x0A, 0x27}},
	{0xD2DA, 2, {0x8F, 0x99}},
	{0xD2DC, 2, {0x07, 0xC2}},
	{0xD2DE, 2, {0x83, 0xC1}},
	{0xD2E0, 2, {0x07, 0x37}},
	{0xD2E2, 2, {0x10, 0x00}},
	{0xD2E4, 2, {0x1C, 0x23}},
	{0xD2E6, 2, {0x78, 0xF7}},
	{0xD2E8, 2, {0x80, 0x82}},
	{0xD2EA, 2, {0x07, 0xB7}},
	{0xD2EC, 2, {0x10, 0x00}},
	{0xD2EE, 2, {0xD7, 0x03}},
	{0xD2F0, 2, {0x3C, 0x27}},
	{0xD2F2, 2, {0x07, 0x42}},
	{0xD2F4, 2, {0x83, 0x41}},
	{0xD2F6, 2, {0x9C, 0x23}},
	{0xD2F8, 2, {0x78, 0xE7}},
	{0xD2FA, 2, {0x80, 0x82}},
	{0xD2FC, 2, {0x56, 0x83}},
	{0xD2FE, 2, {0x0C, 0x27}},
	{0xD300, 2, {0x47, 0x83}},
	{0xD302, 2, {0x0A, 0x27}},
	{0xD304, 2, {0x07, 0x37}},
	{0xD306, 2, {0x10, 0x00}},
	{0xD308, 2, {0x97, 0xB6}},
	{0xD30A, 2, {0x07, 0xC2}},
	{0xD30C, 2, {0x83, 0xC1}},
	{0xD30E, 2, {0x1C, 0x23}},
	{0xD310, 2, {0x78, 0xF7}},
	{0xD312, 2, {0x80, 0x82}},
	{0xD314, 2, {0x71, 0x79}},
	{0xD316, 2, {0xD4, 0x22}},
	{0xD318, 2, {0x64, 0x39}},
	{0xD31A, 2, {0x04, 0x13}},
	{0xD31C, 2, {0x00, 0x04}},
	{0xD31E, 2, {0x27, 0x83}},
	{0xD320, 2, {0x33, 0x84}},
	{0xD322, 2, {0xD2, 0x26}},
	{0xD324, 2, {0xD0, 0x4A}},
	{0xD326, 2, {0xA7, 0x83}},
	{0xD328, 2, {0x1F, 0x07}},
	{0xD32A, 2, {0xCE, 0x4E}},
	{0xD32C, 2, {0xCC, 0x52}},
	{0xD32E, 2, {0xCA, 0x56}},
	{0xD330, 2, {0xD6, 0x06}},
	{0xD332, 2, {0x84, 0xB6}},
	{0xD334, 2, {0x89, 0xAE}},
	{0xD336, 2, {0x8A, 0x3A}},
	{0xD338, 2, {0x8A, 0xAA}},
	{0xD33A, 2, {0x97, 0x82}},
	{0xD33C, 2, {0x27, 0x83}},
	{0xD33E, 2, {0x19, 0x84}},
	{0xD340, 2, {0x46, 0x81}},
	{0xD342, 2, {0x47, 0x01}},
	{0xD344, 2, {0x89, 0x2A}},
	{0xD346, 2, {0xC4, 0x36}},
	{0xD348, 2, {0xC6, 0x3A}},
	{0xD34A, 2, {0x86, 0x26}},
	{0xD34C, 2, {0x85, 0xCE}},
	{0xD34E, 2, {0x00, 0x28}},
	{0xD350, 2, {0x97, 0x82}},
	{0xD352, 2, {0xC4, 0x81}},
	{0xD354, 2, {0x47, 0xA2}},
	{0xD356, 2, {0xCF, 0x81}},
	{0xD358, 2, {0x9A, 0x02}},
	{0xD35A, 2, {0x50, 0xB2}},
	{0xD35C, 2, {0x54, 0x22}},
	{0xD35E, 2, {0x85, 0x4A}},
	{0xD360, 2, {0x54, 0x92}},
	{0xD362, 2, {0x59, 0x02}},
	{0xD364, 2, {0x49, 0xF2}},
	{0xD366, 2, {0x4A, 0x62}},
	{0xD368, 2, {0x4A, 0xD2}},
	{0xD36A, 2, {0x61, 0x45}},
	{0xD36C, 2, {0x80, 0x82}},
	{0xD36E, 2, {0x07, 0xB7}},
	{0xD370, 2, {0x40, 0x38}},
	{0xD372, 2, {0x94, 0xE3}},
	{0xD374, 2, {0xFE, 0xFA}},
	{0xD376, 2, {0x17, 0x37}},
	{0xD378, 2, {0x10, 0x00}},
	{0xD37A, 2, {0x57, 0x83}},
	{0xD37C, 2, {0x50, 0x07}},
	{0xD37E, 2, {0x9B, 0xF9}},
	{0xD380, 2, {0x10, 0x23}},
	{0xD382, 2, {0x50, 0xF7}},
	{0xD384, 2, {0xBF, 0xD9}},
	{0xD386, 2, {0x11, 0x41}},
	{0xD388, 2, {0xC4, 0x22}},
	{0xD38A, 2, {0x64, 0x39}},
	{0xD38C, 2, {0x04, 0x13}},
	{0xD38E, 2, {0x00, 0x04}},
	{0xD390, 2, {0xC2, 0x26}},
	{0xD392, 2, {0x64, 0x85}},
	{0xD394, 2, {0x94, 0xA2}},
	{0xD396, 2, {0x27, 0x83}},
	{0xD398, 2, {0x0B, 0xC4}},
	{0xD39A, 2, {0xA5, 0x83}},
	{0xD39C, 2, {0xA8, 0x04}},
	{0xD39E, 2, {0xA5, 0x03}},
	{0xD3A0, 2, {0xA7, 0xC4}},
	{0xD3A2, 2, {0xC6, 0x06}},
	{0xD3A4, 2, {0x97, 0x82}},
	{0xD3A6, 2, {0x47, 0x83}},
	{0xD3A8, 2, {0x34, 0xE4}},
	{0xD3AA, 2, {0x16, 0x23}},
	{0xD3AC, 2, {0x34, 0xA4}},
	{0xD3AE, 2, {0xCF, 0x99}},
	{0xD3B0, 2, {0xA7, 0x03}},
	{0xD3B2, 2, {0xA7, 0xC4}},
	{0xD3B4, 2, {0x47, 0x83}},
	{0xD3B6, 2, {0x00, 0x57}},
	{0xD3B8, 2, {0x8B, 0x89}},
	{0xD3BA, 2, {0xCB, 0x89}},
	{0xD3BC, 2, {0x47, 0x03}},
	{0xD3BE, 2, {0x00, 0x07}},
	{0xD3C0, 2, {0x47, 0x85}},
	{0xD3C2, 2, {0x97, 0xB3}},
	{0xD3C4, 2, {0x00, 0xE7}},
	{0xD3C6, 2, {0x17, 0xFD}},
	{0xD3C8, 2, {0x07, 0x23}},
	{0xD3CA, 2, {0x34, 0xF4}},
	{0xD3CC, 2, {0x40, 0xB2}},
	{0xD3CE, 2, {0x44, 0x22}},
	{0xD3D0, 2, {0x44, 0x92}},
	{0xD3D2, 2, {0x01, 0x41}},
	{0xD3D4, 2, {0x80, 0x82}},
	{0xD3D6, 2, {0x17, 0xB7}},
	{0xD3D8, 2, {0x10, 0x02}},
	{0xD3DA, 2, {0x87, 0x93}},
	{0xD3DC, 2, {0x40, 0x07}},
	{0xD3DE, 2, {0x4B, 0x9C}},
	{0xD3E0, 2, {0x11, 0x41}},
	{0xD3E2, 2, {0xC6, 0x22}},
	{0xD3E4, 2, {0xC4, 0x26}},
	{0xD3E6, 2, {0xC2, 0x4A}},
	{0xD3E8, 2, {0x8B, 0x85}},
	{0xD3EA, 2, {0xC3, 0xF9}},
	{0xD3EC, 2, {0x62, 0xBD}},
	{0xD3EE, 2, {0x26, 0x37}},
	{0xD3F0, 2, {0x10, 0x00}},
	{0xD3F2, 2, {0x6E, 0x89}},
	{0xD3F4, 2, {0x0E, 0x37}},
	{0xD3F6, 2, {0x00, 0x02}},
	{0xD3F8, 2, {0x03, 0x37}},
	{0xD3FA, 2, {0x00, 0x10}},
	{0xD3FC, 2, {0x82, 0x93}},
	{0xD3FE, 2, {0x26, 0x42}},
	{0xD400, 2, {0x03, 0x93}},
	{0xD402, 2, {0x00, 0x85}},
	{0xD404, 2, {0x06, 0x13}},
	{0xD406, 2, {0x90, 0x06}},
	{0xD408, 2, {0x1E, 0xFD}},
	{0xD40A, 2, {0x1E, 0x7D}},
	{0xD40C, 2, {0x6F, 0x89}},
	{0xD40E, 2, {0x13, 0x7D}},
	{0xD410, 2, {0x4F, 0x2D}},
	{0xD412, 2, {0x58, 0x83}},
	{0xD414, 2, {0x00, 0x05}},
	{0xD416, 2, {0x08, 0x13}},
	{0xD418, 2, {0x05, 0x86}},
	{0xD41A, 2, {0x46, 0x81}},
	{0xD41C, 2, {0xA8, 0x91}},
	{0xD41E, 2, {0x17, 0x93}},
	{0xD420, 2, {0x01, 0x09}},
	{0xD422, 2, {0x87, 0xC1}},
	{0xD424, 2, {0x97, 0xFE}},
	{0xD426, 2, {0x07, 0xC2}},
	{0xD428, 2, {0x83, 0xC1}},
	{0xD42A, 2, {0x87, 0xB3}},
	{0xD42C, 2, {0x03, 0x17}},
	{0xD42E, 2, {0x04, 0x0A}},
	{0xD430, 2, {0x08, 0x11}},
	{0xD432, 2, {0x04, 0xB3}},
	{0xD434, 2, {0x00, 0x86}},
	{0xD436, 2, {0x84, 0x13}},
	{0xD438, 2, {0x02, 0x06}},
	{0xD43A, 2, {0x04, 0x0A}},
	{0xD43C, 2, {0x94, 0x32}},
	{0xD43E, 2, {0x06, 0x85}},
	{0xD440, 2, {0x07, 0x33}},
	{0xD442, 2, {0x03, 0x17}},
	{0xD444, 2, {0x83, 0xA5}},
	{0xD446, 2, {0x2E, 0x23}},
	{0xD448, 2, {0xFE, 0xF8}},
	{0xD44A, 2, {0xC7, 0x83}},
	{0xD44C, 2, {0x00, 0xE4}},
	{0xD44E, 2, {0x07, 0x8E}},
	{0xD450, 2, {0xF4, 0x93}},
	{0xD452, 2, {0x01, 0x07}},
	{0xD454, 2, {0x57, 0x93}},
	{0xD456, 2, {0x40, 0x97}},
	{0xD458, 2, {0xF7, 0xB3}},
	{0xD45A, 2, {0x00, 0x67}},
	{0xD45C, 2, {0xD7, 0x13}},
	{0xD45E, 2, {0x01, 0x07}},
	{0xD460, 2, {0x9B, 0x3D}},
	{0xD462, 2, {0xC4, 0x1C}},
	{0xD464, 2, {0x67, 0xB3}},
	{0xD466, 2, {0x00, 0x97}},
	{0xD468, 2, {0x05, 0x23}},
	{0xD46A, 2, {0x00, 0xF4}},
	{0xD46C, 2, {0x8B, 0x63}},
	{0xD46E, 2, {0x03, 0xE6}},
	{0xD470, 2, {0x97, 0x93}},
	{0xD472, 2, {0x00, 0x26}},
	{0xD474, 2, {0x97, 0xB2}},
	{0xD476, 2, {0x84, 0x13}},
	{0xD478, 2, {0x00, 0x86}},
	{0xD47A, 2, {0xC4, 0x83}},
	{0xD47C, 2, {0x00, 0x17}},
	{0xD47E, 2, {0x17, 0x13}},
	{0xD480, 2, {0x00, 0x24}},
	{0xD482, 2, {0xD7, 0x83}},
	{0xD484, 2, {0x00, 0x07}},
	{0xD486, 2, {0x97, 0x32}},
	{0xD488, 2, {0x47, 0x58}},
	{0xD48A, 2, {0x80, 0x95}},
	{0xD48C, 2, {0xF9, 0x33}},
	{0xD48E, 2, {0x00, 0xFE}},
	{0xD490, 2, {0x88, 0x85}},
	{0xD492, 2, {0x07, 0xB3}},
	{0xD494, 2, {0x41, 0x20}},
	{0xD496, 2, {0x77, 0x33}},
	{0xD498, 2, {0x01, 0xC7}},
	{0xD49A, 2, {0xD0, 0xD1}},
	{0xD49C, 2, {0x07, 0xC2}},
	{0xD49E, 2, {0x87, 0xC1}},
	{0xD4A0, 2, {0xB7, 0x51}},
	{0xD4A2, 2, {0x05, 0x09}},
	{0xD4A4, 2, {0x02, 0x91}},
	{0xD4A6, 2, {0x85, 0x63}},
	{0xD4A8, 2, {0x00, 0xA3}},
	{0xD4AA, 2, {0xA6, 0x03}},
	{0xD4AC, 2, {0x00, 0x02}},
	{0xD4AE, 2, {0xB7, 0x95}},
	{0xD4B0, 2, {0x47, 0xB7}},
	{0xD4B2, 2, {0x10, 0x02}},
	{0xD4B4, 2, {0x87, 0x93}},
	{0xD4B6, 2, {0x50, 0x07}},
	{0xD4B8, 2, {0x53, 0xDC}},
	{0xD4BA, 2, {0x97, 0x13}},
	{0xD4BC, 2, {0x00, 0xC7}},
	{0xD4BE, 2, {0x55, 0x63}},
	{0xD4C0, 2, {0x0C, 0x07}},
	{0xD4C2, 2, {0x6F, 0xBD}},
	{0xD4C4, 2, {0x36, 0x37}},
	{0xD4C6, 2, {0x10, 0x00}},
	{0xD4C8, 2, {0x6E, 0x09}},
	{0xD4CA, 2, {0x03, 0x37}},
	{0xD4CC, 2, {0x00, 0x02}},
	{0xD4CE, 2, {0x08, 0xB7}},
	{0xD4D0, 2, {0x00, 0x10}},
	{0xD4D2, 2, {0x8F, 0x93}},
	{0xD4D4, 2, {0x26, 0x4F}},
	{0xD4D6, 2, {0x82, 0x93}},
	{0xD4D8, 2, {0x00, 0x85}},
	{0xD4DA, 2, {0x06, 0x13}},
	{0xD4DC, 2, {0xC0, 0x06}},
	{0xD4DE, 2, {0x1E, 0x7D}},
	{0xD4E0, 2, {0x13, 0x7D}},
	{0xD4E2, 2, {0x6F, 0x09}},
	{0xD4E4, 2, {0x18, 0xFD}},
	{0xD4E6, 2, {0x4E, 0xAD}},
	{0xD4E8, 2, {0xD8, 0x03}},
	{0xD4EA, 2, {0x00, 0x05}},
	{0xD4EC, 2, {0x05, 0x13}},
	{0xD4EE, 2, {0x05, 0x86}},
	{0xD4F0, 2, {0x46, 0x81}},
	{0xD4F2, 2, {0xA8, 0x99}},
	{0xD4F4, 2, {0x97, 0x93}},
	{0xD4F6, 2, {0x01, 0x04}},
	{0xD4F8, 2, {0x87, 0xC1}},
	{0xD4FA, 2, {0x97, 0xFA}},
	{0xD4FC, 2, {0x07, 0xC2}},
	{0xD4FE, 2, {0x83, 0xC1}},
	{0xD500, 2, {0x87, 0xB3}},
	{0xD502, 2, {0x03, 0x07}},
	{0xD504, 2, {0x03, 0x8A}},
	{0xD506, 2, {0x05, 0x11}},
	{0xD508, 2, {0x04, 0x33}},
	{0xD50A, 2, {0x00, 0x76}},
	{0xD50C, 2, {0x83, 0x93}},
	{0xD50E, 2, {0x02, 0x06}},
	{0xD510, 2, {0x03, 0x8A}},
	{0xD512, 2, {0x93, 0xB2}},
	{0xD514, 2, {0x06, 0x85}},
	{0xD516, 2, {0x07, 0x33}},
	{0xD518, 2, {0x03, 0x07}},
	{0xD51A, 2, {0x83, 0xA5}},
	{0xD51C, 2, {0x2E, 0x23}},
	{0xD51E, 2, {0xFE, 0xF5}},
	{0xD520, 2, {0x47, 0x83}},
	{0xD522, 2, {0x00, 0xE4}},
	{0xD524, 2, {0x07, 0x8E}},
	{0xD526, 2, {0xF4, 0x13}},
	{0xD528, 2, {0x01, 0x07}},
	{0xD52A, 2, {0x57, 0x93}},
	{0xD52C, 2, {0x40, 0x97}},
	{0xD52E, 2, {0xF7, 0xB3}},
	{0xD530, 2, {0x01, 0x17}},
	{0xD532, 2, {0xD7, 0x13}},
	{0xD534, 2, {0x01, 0x07}},
	{0xD536, 2, {0x9B, 0x3D}},
	{0xD538, 2, {0xA4, 0x23}},
	{0xD53A, 2, {0x00, 0xF3}},
	{0xD53C, 2, {0x67, 0xB3}},
	{0xD53E, 2, {0x00, 0x87}},
	{0xD540, 2, {0x85, 0x23}},
	{0xD542, 2, {0x00, 0xF3}},
	{0xD544, 2, {0x8B, 0x63}},
	{0xD546, 2, {0x03, 0xD6}},
	{0xD548, 2, {0x97, 0x93}},
	{0xD54A, 2, {0x00, 0x26}},
	{0xD54C, 2, {0x97, 0xB2}},
	{0xD54E, 2, {0x83, 0x93}},
	{0xD550, 2, {0x00, 0x86}},
	{0xD552, 2, {0xC4, 0x03}},
	{0xD554, 2, {0x00, 0x17}},
	{0xD556, 2, {0x97, 0x13}},
	{0xD558, 2, {0x00, 0x23}},
	{0xD55A, 2, {0xD7, 0x83}},
	{0xD55C, 2, {0x00, 0x07}},
	{0xD55E, 2, {0x97, 0x32}},
	{0xD560, 2, {0x47, 0x58}},
	{0xD562, 2, {0x80, 0x15}},
	{0xD564, 2, {0x74, 0xB3}},
	{0xD566, 2, {0x00, 0xFE}},
	{0xD568, 2, {0x88, 0x05}},
	{0xD56A, 2, {0x07, 0xB3}},
	{0xD56C, 2, {0x40, 0x90}},
	{0xD56E, 2, {0x77, 0x33}},
	{0xD570, 2, {0x00, 0x67}},
	{0xD572, 2, {0xD0, 0x49}},
	{0xD574, 2, {0x07, 0xC2}},
	{0xD576, 2, {0x87, 0xC1}},
	{0xD578, 2, {0xB7, 0x49}},
	{0xD57A, 2, {0x05, 0x89}},
	{0xD57C, 2, {0x0F, 0x91}},
	{0xD57E, 2, {0x85, 0x63}},
	{0xD580, 2, {0x00, 0xB2}},
	{0xD582, 2, {0xA6, 0x03}},
	{0xD584, 2, {0x01, 0x0F}},
	{0xD586, 2, {0xB7, 0x8D}},
	{0xD588, 2, {0x44, 0x32}},
	{0xD58A, 2, {0x44, 0xA2}},
	{0xD58C, 2, {0x49, 0x12}},
	{0xD58E, 2, {0x01, 0x41}},
	{0xD590, 2, {0x80, 0x82}},
	{0xD592, 2, {0x06, 0xB7}},
	{0xD594, 2, {0x10, 0x02}},
	{0xD596, 2, {0xA7, 0x03}},
	{0xD598, 2, {0x41, 0x46}},
	{0xD59A, 2, {0x16, 0x37}},
	{0xD59C, 2, {0x10, 0x00}},
	{0xD59E, 2, {0x47, 0x83}},
	{0xD5A0, 2, {0xA1, 0xE6}},
	{0xD5A2, 2, {0x83, 0x5D}},
	{0xD5A4, 2, {0x77, 0x13}},
	{0xD5A6, 2, {0x04, 0x07}},
	{0xD5A8, 2, {0xF7, 0x93}},
	{0xD5AA, 2, {0xFB, 0xF7}},
	{0xD5AC, 2, {0x8F, 0xD9}},
	{0xD5AE, 2, {0x0F, 0x23}},
	{0xD5B0, 2, {0xA0, 0xF6}},
	{0xD5B2, 2, {0xA7, 0x03}},
	{0xD5B4, 2, {0x41, 0x46}},
	{0xD5B6, 2, {0x47, 0x81}},
	{0xD5B8, 2, {0x86, 0x93}},
	{0xD5BA, 2, {0x40, 0x06}},
	{0xD5BC, 2, {0x16, 0x13}},
	{0xD5BE, 2, {0x00, 0x27}},
	{0xD5C0, 2, {0x57, 0x63}},
	{0xD5C2, 2, {0x00, 0x06}},
	{0xD5C4, 2, {0x4A, 0xDC}},
	{0xD5C6, 2, {0x83, 0xF9}},
	{0xD5C8, 2, {0x8B, 0x85}},
	{0xD5CA, 2, {0xC7, 0x93}},
	{0xD5CC, 2, {0x00, 0x17}},
	{0xD5CE, 2, {0x16, 0x37}},
	{0xD5D0, 2, {0x10, 0x00}},
	{0xD5D2, 2, {0x47, 0x03}},
	{0xD5D4, 2, {0xA1, 0xE6}},
	{0xD5D6, 2, {0x07, 0x9E}},
	{0xD5D8, 2, {0x16, 0xB7}},
	{0xD5DA, 2, {0x10, 0x02}},
	{0xD5DC, 2, {0x77, 0x13}},
	{0xD5DE, 2, {0x07, 0xF7}},
	{0xD5E0, 2, {0x8F, 0xD9}},
	{0xD5E2, 2, {0x0F, 0x23}},
	{0xD5E4, 2, {0xA0, 0xF6}},
	{0xD5E6, 2, {0xD7, 0x83}},
	{0xD5E8, 2, {0xA1, 0xE6}},
	{0xD5EA, 2, {0x07, 0xC2}},
	{0xD5EC, 2, {0x83, 0xC1}},
	{0xD5EE, 2, {0x9F, 0x23}},
	{0xD5F0, 2, {0xA0, 0xF6}},
	{0xD5F2, 2, {0x80, 0x82}},
	{0xD5F4, 2, {0x6E, 0x09}},
	{0xD5F6, 2, {0x03, 0x37}},
	{0xD5F8, 2, {0x00, 0x02}},
	{0xD5FA, 2, {0x08, 0xB7}},
	{0xD5FC, 2, {0x00, 0x10}},
	{0xD5FE, 2, {0x88, 0x13}},
	{0xD600, 2, {0x05, 0x85}},
	{0xD602, 2, {0x46, 0x01}},
	{0xD604, 2, {0x1E, 0x7D}},
	{0xD606, 2, {0x13, 0x7D}},
	{0xD608, 2, {0x6F, 0x09}},
	{0xD60A, 2, {0x18, 0xFD}},
	{0xD60C, 2, {0x4E, 0xAD}},
	{0xD60E, 2, {0xA8, 0x91}},
	{0xD610, 2, {0x97, 0x93}},
	{0xD612, 2, {0x01, 0x02}},
	{0xD614, 2, {0x87, 0xC1}},
	{0xD616, 2, {0x97, 0xFA}},
	{0xD618, 2, {0x07, 0xC2}},
	{0xD61A, 2, {0x83, 0xC1}},
	{0xD61C, 2, {0x87, 0xB3}},
	{0xD61E, 2, {0x02, 0xA7}},
	{0xD620, 2, {0x06, 0x8A}},
	{0xD622, 2, {0x08, 0x11}},
	{0xD624, 2, {0x8F, 0xB3}},
	{0xD626, 2, {0x00, 0xD5}},
	{0xD628, 2, {0x06, 0x93}},
	{0xD62A, 2, {0x02, 0x06}},
	{0xD62C, 2, {0x06, 0x8A}},
	{0xD62E, 2, {0x96, 0xAE}},
	{0xD630, 2, {0x06, 0x05}},
	{0xD632, 2, {0x07, 0x33}},
	{0xD634, 2, {0x02, 0xA7}},
	{0xD636, 2, {0x83, 0xA5}},
	{0xD638, 2, {0x2E, 0x23}},
	{0xD63A, 2, {0xFE, 0xF8}},
	{0xD63C, 2, {0xC7, 0x83}},
	{0xD63E, 2, {0x00, 0xEF}},
	{0xD640, 2, {0x07, 0x8E}},
	{0xD642, 2, {0xFF, 0x93}},
	{0xD644, 2, {0x01, 0x07}},
	{0xD646, 2, {0x57, 0x93}},
	{0xD648, 2, {0x40, 0x97}},
	{0xD64A, 2, {0xF7, 0xB3}},
	{0xD64C, 2, {0x01, 0x17}},
	{0xD64E, 2, {0xD7, 0x13}},
	{0xD650, 2, {0x01, 0x07}},
	{0xD652, 2, {0x9B, 0x3D}},
	{0xD654, 2, {0xC6, 0x9C}},
	{0xD656, 2, {0x67, 0xB3}},
	{0xD658, 2, {0x01, 0xF7}},
	{0xD65A, 2, {0x85, 0x23}},
	{0xD65C, 2, {0x00, 0xF6}},
	{0xD65E, 2, {0x0E, 0x63}},
	{0xD660, 2, {0x03, 0xD6}},
	{0xD662, 2, {0x17, 0x93}},
	{0xD664, 2, {0x00, 0x26}},
	{0xD666, 2, {0x97, 0xAE}},
	{0xD668, 2, {0x06, 0x93}},
	{0xD66A, 2, {0x00, 0x86}},
	{0xD66C, 2, {0xCF, 0x83}},
	{0xD66E, 2, {0x00, 0x17}},
	{0xD670, 2, {0x97, 0x13}},
	{0xD672, 2, {0x00, 0x26}},
	{0xD674, 2, {0xD7, 0x83}},
	{0xD676, 2, {0x00, 0x07}},
	{0xD678, 2, {0x97, 0x2E}},
	{0xD67A, 2, {0x47, 0x58}},
	{0xD67C, 2, {0xDF, 0x93}},
	{0xD67E, 2, {0x00, 0x5F}},
	{0xD680, 2, {0x72, 0xB3}},
	{0xD682, 2, {0x00, 0xFE}},
	{0xD684, 2, {0xFF, 0x93}},
	{0xD686, 2, {0x00, 0x1F}},
	{0xD688, 2, {0x07, 0xB3}},
	{0xD68A, 2, {0x40, 0x50}},
	{0xD68C, 2, {0x77, 0x33}},
	{0xD68E, 2, {0x00, 0x67}},
	{0xD690, 2, {0x80, 0xE3}},
	{0xD692, 2, {0xF8, 0x0F}},
	{0xD694, 2, {0x07, 0xC2}},
	{0xD696, 2, {0x87, 0xC1}},
	{0xD698, 2, {0xBF, 0xBD}},
	{0xD69A, 2, {0x80, 0x82}},
	{0xD69C, 2, {0x11, 0x41}},
	{0xD69E, 2, {0xC0, 0x4A}},
	{0xD6A0, 2, {0x69, 0x39}},
	{0xD6A2, 2, {0x09, 0x13}},
	{0xD6A4, 2, {0x00, 0x09}},
	{0xD6A6, 2, {0x27, 0x83}},
	{0xD6A8, 2, {0x30, 0x09}},
	{0xD6AA, 2, {0x65, 0x21}},
	{0xD6AC, 2, {0xC6, 0x06}},
	{0xD6AE, 2, {0xC2, 0x26}},
	{0xD6B0, 2, {0x06, 0x13}},
	{0xD6B2, 2, {0x1F, 0x80}},
	{0xD6B4, 2, {0x05, 0xB7}},
	{0xD6B6, 2, {0x40, 0x38}},
	{0xD6B8, 2, {0x05, 0x13}},
	{0xD6BA, 2, {0x74, 0x45}},
	{0xD6BC, 2, {0xC4, 0x22}},
	{0xD6BE, 2, {0x97, 0x82}},
	{0xD6C0, 2, {0x27, 0x83}},
	{0xD6C2, 2, {0x30, 0x09}},
	{0xD6C4, 2, {0x64, 0xA5}},
	{0xD6C6, 2, {0x06, 0x13}},
	{0xD6C8, 2, {0x1F, 0x80}},
	{0xD6CA, 2, {0x05, 0xB7}},
	{0xD6CC, 2, {0x40, 0x39}},
	{0xD6CE, 2, {0x85, 0x13}},
	{0xD6D0, 2, {0xF2, 0x44}},
	{0xD6D2, 2, {0x97, 0x82}},
	{0xD6D4, 2, {0x68, 0x09}},
	{0xD6D6, 2, {0x65, 0x41}},
	{0xD6D8, 2, {0x15, 0xB7}},
	{0xD6DA, 2, {0x40, 0x39}},
	{0xD6DC, 2, {0x86, 0x13}},
	{0xD6DE, 2, {0xF2, 0x44}},
	{0xD6E0, 2, {0x06, 0xB7}},
	{0xD6E2, 2, {0x40, 0x39}},
	{0xD6E4, 2, {0x18, 0x01}},
	{0xD6E6, 2, {0x78, 0xC1}},
	{0xD6E8, 2, {0x15, 0x7D}},
	{0xD6EA, 2, {0x85, 0x93}},
	{0xD6EC, 2, {0xFC, 0x05}},
	{0xD6EE, 2, {0x57, 0x83}},
	{0xD6F0, 2, {0x00, 0x06}},
	{0xD6F2, 2, {0x74, 0x33}},
	{0xD6F4, 2, {0x01, 0x14}},
	{0xD6F6, 2, {0x06, 0x91}},
	{0xD6F8, 2, {0x97, 0x13}},
	{0xD6FA, 2, {0x00, 0x57}},
	{0xD6FC, 2, {0x77, 0x33}},
	{0xD6FE, 2, {0x01, 0x07}},
	{0xD700, 2, {0x07, 0x42}},
	{0xD702, 2, {0x83, 0x41}},
	{0xD704, 2, {0x8C, 0x59}},
	{0xD706, 2, {0x83, 0xA1}},
	{0xD708, 2, {0x07, 0xD6}},
	{0xD70A, 2, {0x8C, 0x69}},
	{0xD70C, 2, {0x8C, 0x5D}},
	{0xD70E, 2, {0xAE, 0x23}},
	{0xD710, 2, {0xFE, 0x86}},
	{0xD712, 2, {0x06, 0x09}},
	{0xD714, 2, {0x9D, 0xE3}},
	{0xD716, 2, {0xFC, 0xB6}},
	{0xD718, 2, {0x27, 0x83}},
	{0xD71A, 2, {0x30, 0x09}},
	{0xD71C, 2, {0x65, 0x25}},
	{0xD71E, 2, {0x06, 0x13}},
	{0xD720, 2, {0x1F, 0x80}},
	{0xD722, 2, {0x05, 0xB7}},
	{0xD724, 2, {0x40, 0x3A}},
	{0xD726, 2, {0x05, 0x13}},
	{0xD728, 2, {0x70, 0x45}},
	{0xD72A, 2, {0x97, 0x82}},
	{0xD72C, 2, {0x27, 0x83}},
	{0xD72E, 2, {0x30, 0x09}},
	{0xD730, 2, {0x64, 0xA9}},
	{0xD732, 2, {0x06, 0x13}},
	{0xD734, 2, {0x1F, 0x80}},
	{0xD736, 2, {0x05, 0xB7}},
	{0xD738, 2, {0x40, 0x3B}},
	{0xD73A, 2, {0x85, 0x13}},
	{0xD73C, 2, {0xEE, 0x44}},
	{0xD73E, 2, {0x97, 0x82}},
	{0xD740, 2, {0x68, 0x09}},
	{0xD742, 2, {0x65, 0x41}},
	{0xD744, 2, {0x15, 0xB7}},
	{0xD746, 2, {0x40, 0x3B}},
	{0xD748, 2, {0x86, 0x13}},
	{0xD74A, 2, {0xEE, 0x44}},
	{0xD74C, 2, {0x06, 0xB7}},
	{0xD74E, 2, {0x40, 0x3B}},
	{0xD750, 2, {0x18, 0x01}},
	{0xD752, 2, {0x78, 0xC1}},
	{0xD754, 2, {0x15, 0x7D}},
	{0xD756, 2, {0x85, 0x93}},
	{0xD758, 2, {0xFC, 0x05}},
	{0xD75A, 2, {0x57, 0x83}},
	{0xD75C, 2, {0x00, 0x06}},
	{0xD75E, 2, {0x74, 0x33}},
	{0xD760, 2, {0x01, 0x14}},
	{0xD762, 2, {0x06, 0x91}},
	{0xD764, 2, {0x97, 0x13}},
	{0xD766, 2, {0x00, 0x57}},
	{0xD768, 2, {0x77, 0x33}},
	{0xD76A, 2, {0x01, 0x07}},
	{0xD76C, 2, {0x07, 0x42}},
	{0xD76E, 2, {0x83, 0x41}},
	{0xD770, 2, {0x8C, 0x59}},
	{0xD772, 2, {0x83, 0xA1}},
	{0xD774, 2, {0x07, 0xD6}},
	{0xD776, 2, {0x8C, 0x69}},
	{0xD778, 2, {0x8C, 0x5D}},
	{0xD77A, 2, {0xAE, 0x23}},
	{0xD77C, 2, {0xFE, 0x86}},
	{0xD77E, 2, {0x06, 0x09}},
	{0xD780, 2, {0x9D, 0xE3}},
	{0xD782, 2, {0xFC, 0xB6}},
	{0xD784, 2, {0x40, 0xB2}},
	{0xD786, 2, {0x44, 0x22}},
	{0xD788, 2, {0x44, 0x92}},
	{0xD78A, 2, {0x49, 0x02}},
	{0xD78C, 2, {0x01, 0x41}},
	{0xD78E, 2, {0x80, 0x82}},
	{0xD790, 2, {0x11, 0x01}},
	{0xD792, 2, {0xCC, 0x22}},
	{0xD794, 2, {0xCA, 0x26}},
	{0xD796, 2, {0xC8, 0x4A}},
	{0xD798, 2, {0xC6, 0x4E}},
	{0xD79A, 2, {0xC4, 0x52}},
	{0xD79C, 2, {0xC2, 0x56}},
	{0xD79E, 2, {0xC0, 0x5A}},
	{0xD7A0, 2, {0xCE, 0x06}},
	{0xD7A2, 2, {0x57, 0xB7}},
	{0xD7A4, 2, {0x10, 0x01}},
	{0xD7A6, 2, {0x57, 0x7D}},
	{0xD7A8, 2, {0xC7, 0xD8}},
	{0xD7AA, 2, {0x47, 0x0D}},
	{0xD7AC, 2, {0x8A, 0x23}},
	{0xD7AE, 2, {0x3A, 0xE7}},
	{0xD7B0, 2, {0x26, 0xB7}},
	{0xD7B2, 2, {0x10, 0x00}},
	{0xD7B4, 2, {0x46, 0x41}},
	{0xD7B6, 2, {0x82, 0x23}},
	{0xD7B8, 2, {0x10, 0xC6}},
	{0xD7BA, 2, {0x46, 0x45}},
	{0xD7BC, 2, {0x82, 0xA3}},
	{0xD7BE, 2, {0x10, 0xC6}},
	{0xD7C0, 2, {0x80, 0xA3}},
	{0xD7C2, 2, {0x10, 0x06}},
	{0xD7C4, 2, {0x80, 0x23}},
	{0xD7C6, 2, {0x10, 0xE6}},
	{0xD7C8, 2, {0x27, 0xB7}},
	{0xD7CA, 2, {0x20, 0x00}},
	{0xD7CC, 2, {0x8B, 0x23}},
	{0xD7CE, 2, {0x0C, 0x07}},
	{0xD7D0, 2, {0x46, 0x85}},
	{0xD7D2, 2, {0x8B, 0xA3}},
	{0xD7D4, 2, {0x0C, 0xD7}},
	{0xD7D6, 2, {0x46, 0x89}},
	{0xD7D8, 2, {0x8C, 0x23}},
	{0xD7DA, 2, {0x0C, 0xD7}},
	{0xD7DC, 2, {0x69, 0x39}},
	{0xD7DE, 2, {0x2B, 0x37}},
	{0xD7E0, 2, {0x10, 0x02}},
	{0xD7E2, 2, {0x4A, 0xB7}},
	{0xD7E4, 2, {0x00, 0x06}},
	{0xD7E6, 2, {0x8C, 0xA3}},
	{0xD7E8, 2, {0x0C, 0xE7}},
	{0xD7EA, 2, {0x44, 0x01}},
	{0xD7EC, 2, {0x09, 0x13}},
	{0xD7EE, 2, {0x00, 0x09}},
	{0xD7F0, 2, {0x2A, 0x37}},
	{0xD7F2, 2, {0x20, 0x00}},
	{0xD7F4, 2, {0x29, 0xB7}},
	{0xD7F6, 2, {0x10, 0x01}},
	{0xD7F8, 2, {0x04, 0xB7}},
	{0xD7FA, 2, {0x20, 0x00}},
	{0xD7FC, 2, {0x0B, 0x13}},
	{0xD7FE, 2, {0x02, 0x0B}},
	{0xD800, 2, {0x8A, 0x93}},
	{0xD802, 2, {0xC0, 0x0A}},
	{0xD804, 2, {0x27, 0x03}},
	{0xD806, 2, {0x33, 0x89}},
	{0xD808, 2, {0x27, 0x83}},
	{0xD80A, 2, {0x16, 0x49}},
	{0xD80C, 2, {0x45, 0x81}},
	{0xD80E, 2, {0x25, 0x03}},
	{0xD810, 2, {0x3F, 0x07}},
	{0xD812, 2, {0x2A, 0x23}},
	{0xD814, 2, {0x02, 0x8A}},
	{0xD816, 2, {0x97, 0x82}},
	{0xD818, 2, {0xC7, 0x83}},
	{0xD81A, 2, {0x00, 0x49}},
	{0xD81C, 2, {0xE7, 0x93}},
	{0xD81E, 2, {0x00, 0x17}},
	{0xD820, 2, {0x82, 0x23}},
	{0xD822, 2, {0x00, 0xF9}},
	{0xD824, 2, {0xA4, 0x23}},
	{0xD826, 2, {0x02, 0x04}},
	{0xD828, 2, {0xA0, 0x23}},
	{0xD82A, 2, {0x01, 0x64}},
	{0xD82C, 2, {0xA4, 0x23}},
	{0xD82E, 2, {0x00, 0x04}},
	{0xD830, 2, {0x87, 0xBE}},
	{0xD832, 2, {0x04, 0x13}},
	{0xD834, 2, {0x40, 0x04}},
	{0xD836, 2, {0x17, 0xE3}},
	{0xD838, 2, {0xFD, 0x54}},
	{0xD83A, 2, {0x0B, 0x23}},
	{0xD83C, 2, {0x0C, 0x0A}},
	{0xD83E, 2, {0x0B, 0xA3}},
	{0xD840, 2, {0x0C, 0x0A}},
	{0xD842, 2, {0x0C, 0x23}},
	{0xD844, 2, {0x0C, 0x0A}},
	{0xD846, 2, {0x0C, 0xA3}},
	{0xD848, 2, {0x0C, 0x0A}},
	{0xD84A, 2, {0x24, 0x37}},
	{0xD84C, 2, {0x10, 0x00}},
	{0xD84E, 2, {0x00, 0x23}},
	{0xD850, 2, {0x10, 0x04}},
	{0xD852, 2, {0x57, 0x7D}},
	{0xD854, 2, {0x02, 0x23}},
	{0xD856, 2, {0x10, 0xE4}},
	{0xD858, 2, {0x17, 0xB7}},
	{0xD85A, 2, {0x10, 0x00}},
	{0xD85C, 2, {0x02, 0xA3}},
	{0xD85E, 2, {0x10, 0xE4}},
	{0xD860, 2, {0x87, 0x93}},
	{0xD862, 2, {0xB0, 0x07}},
	{0xD864, 2, {0x5F, 0x9C}},
	{0xD866, 2, {0x97, 0x13}},
	{0xD868, 2, {0x00, 0xE7}},
	{0xD86A, 2, {0x5C, 0x63}},
	{0xD86C, 2, {0x00, 0x07}},
	{0xD86E, 2, {0x35, 0x3D}},
	{0xD870, 2, {0x17, 0xB7}},
	{0xD872, 2, {0x10, 0x02}},
	{0xD874, 2, {0xA7, 0x83}},
	{0xD876, 2, {0x50, 0x07}},
	{0xD878, 2, {0x04, 0x13}},
	{0xD87A, 2, {0x70, 0x04}},
	{0xD87C, 2, {0x8B, 0x85}},
	{0xD87E, 2, {0x13, 0x23}},
	{0xD880, 2, {0x10, 0xF4}},
	{0xD882, 2, {0x17, 0xB7}},
	{0xD884, 2, {0x10, 0x00}},
	{0xD886, 2, {0xD7, 0x03}},
	{0xD888, 2, {0xB3, 0xA7}},
	{0xD88A, 2, {0x9B, 0x75}},
	{0xD88C, 2, {0x9D, 0x23}},
	{0xD88E, 2, {0xB2, 0xE7}},
	{0xD890, 2, {0x40, 0xF2}},
	{0xD892, 2, {0x44, 0x62}},
	{0xD894, 2, {0x44, 0xD2}},
	{0xD896, 2, {0x49, 0x42}},
	{0xD898, 2, {0x49, 0xB2}},
	{0xD89A, 2, {0x4A, 0x22}},
	{0xD89C, 2, {0x4A, 0x92}},
	{0xD89E, 2, {0x4B, 0x02}},
	{0xD8A0, 2, {0x61, 0x05}},
	{0xD8A2, 2, {0x80, 0x82}},
	{0xD8A4, 2, {0x26, 0xB7}},
	{0xD8A6, 2, {0x10, 0x02}},
	{0xD8A8, 2, {0x15, 0xB7}},
	{0xD8AA, 2, {0x10, 0x00}},
	{0xD8AC, 2, {0x86, 0x93}},
	{0xD8AE, 2, {0x70, 0x06}},
	{0xD8B0, 2, {0xD6, 0x03}},
	{0xD8B2, 2, {0x10, 0x66}},
	{0xD8B4, 2, {0xD6, 0x83}},
	{0xD8B6, 2, {0x50, 0x05}},
	{0xD8B8, 2, {0x65, 0x21}},
	{0xD8BA, 2, {0x8A, 0x05}},
	{0xD8BC, 2, {0x9A, 0xF9}},
	{0xD8BE, 2, {0x8E, 0xD1}},
	{0xD8C0, 2, {0x63, 0x09}},
	{0xD8C2, 2, {0x68, 0xC1}},
	{0xD8C4, 2, {0x18, 0x37}},
	{0xD8C6, 2, {0x40, 0x38}},
	{0xD8C8, 2, {0x90, 0x23}},
	{0xD8CA, 2, {0x50, 0xD5}},
	{0xD8CC, 2, {0x05, 0x13}},
	{0xD8CE, 2, {0x74, 0x45}},
	{0xD8D0, 2, {0x05, 0xB7}},
	{0xD8D2, 2, {0x40, 0x38}},
	{0xD8D4, 2, {0x13, 0x01}},
	{0xD8D6, 2, {0x7E, 0x41}},
	{0xD8D8, 2, {0x18, 0xFD}},
	{0xD8DA, 2, {0x08, 0x13}},
	{0xD8DC, 2, {0xFC, 0x08}},
	{0xD8DE, 2, {0x56, 0x83}},
	{0xD8E0, 2, {0x00, 0x05}},
	{0xD8E2, 2, {0xF7, 0xB3}},
	{0xD8E4, 2, {0x01, 0xC7}},
	{0xD8E6, 2, {0x05, 0x91}},
	{0xD8E8, 2, {0x96, 0x13}},
	{0xD8EA, 2, {0x00, 0x56}},
	{0xD8EC, 2, {0x76, 0x33}},
	{0xD8EE, 2, {0x00, 0x66}},
	{0xD8F0, 2, {0x06, 0x42}},
	{0xD8F2, 2, {0x82, 0x41}},
	{0xD8F4, 2, {0x8F, 0xD1}},
	{0xD8F6, 2, {0x82, 0xA1}},
	{0xD8F8, 2, {0x06, 0xD6}},
	{0xD8FA, 2, {0xF7, 0xB3}},
	{0xD8FC, 2, {0x01, 0x17}},
	{0xD8FE, 2, {0x8F, 0xD5}},
	{0xD900, 2, {0xAE, 0x23}},
	{0xD902, 2, {0xFE, 0xF5}},
	{0xD904, 2, {0x05, 0x09}},
	{0xD906, 2, {0x9C, 0xE3}},
	{0xD908, 2, {0xFD, 0x05}},
	{0xD90A, 2, {0x65, 0x25}},
	{0xD90C, 2, {0x63, 0x09}},
	{0xD90E, 2, {0x68, 0xC1}},
	{0xD910, 2, {0x18, 0x37}},
	{0xD912, 2, {0x40, 0x3A}},
	{0xD914, 2, {0x05, 0x13}},
	{0xD916, 2, {0x70, 0x45}},
	{0xD918, 2, {0x05, 0xB7}},
	{0xD91A, 2, {0x40, 0x3A}},
	{0xD91C, 2, {0x13, 0x01}},
	{0xD91E, 2, {0x7E, 0x41}},
	{0xD920, 2, {0x18, 0xFD}},
	{0xD922, 2, {0x08, 0x13}},
	{0xD924, 2, {0xFC, 0x08}},
	{0xD926, 2, {0x56, 0x83}},
	{0xD928, 2, {0x00, 0x05}},
	{0xD92A, 2, {0xF7, 0xB3}},
	{0xD92C, 2, {0x01, 0xC7}},
	{0xD92E, 2, {0x05, 0x91}},
	{0xD930, 2, {0x96, 0x13}},
	{0xD932, 2, {0x00, 0x56}},
	{0xD934, 2, {0x76, 0x33}},
	{0xD936, 2, {0x00, 0x66}},
	{0xD938, 2, {0x06, 0x42}},
	{0xD93A, 2, {0x82, 0x41}},
	{0xD93C, 2, {0x8F, 0xD1}},
	{0xD93E, 2, {0x82, 0xA1}},
	{0xD940, 2, {0x06, 0xD6}},
	{0xD942, 2, {0xF7, 0xB3}},
	{0xD944, 2, {0x01, 0x17}},
	{0xD946, 2, {0x8F, 0xD5}},
	{0xD948, 2, {0xAE, 0x23}},
	{0xD94A, 2, {0xFE, 0xF5}},
	{0xD94C, 2, {0x05, 0x09}},
	{0xD94E, 2, {0x9C, 0xE3}},
	{0xD950, 2, {0xFD, 0x05}},
	{0xD952, 2, {0x17, 0xB7}},
	{0xD954, 2, {0x10, 0x02}},
	{0xD956, 2, {0x87, 0x93}},
	{0xD958, 2, {0xB0, 0x07}},
	{0xD95A, 2, {0x43, 0xDC}},
	{0xD95C, 2, {0x96, 0x93}},
	{0xD95E, 2, {0x01, 0x37}},
	{0xD960, 2, {0xDF, 0x63}},
	{0xD962, 2, {0x1A, 0x06}},
	{0xD964, 2, {0x07, 0xB7}},
	{0xD966, 2, {0x10, 0x02}},
	{0xD968, 2, {0x87, 0x93}},
	{0xD96A, 2, {0x30, 0x07}},
	{0xD96C, 2, {0x47, 0xBC}},
	{0xD96E, 2, {0x83, 0x9D}},
	{0xD970, 2, {0x8B, 0x85}},
	{0xD972, 2, {0x86, 0x63}},
	{0xD974, 2, {0x1A, 0x07}},
	{0xD976, 2, {0x06, 0x37}},
	{0xD978, 2, {0x40, 0x38}},
	{0xD97A, 2, {0x63, 0x41}},
	{0xD97C, 2, {0x13, 0x7D}},
	{0xD97E, 2, {0x08, 0x37}},
	{0xD980, 2, {0x01, 0x00}},
	{0xD982, 2, {0x0F, 0x37}},
	{0xD984, 2, {0x04, 0x00}},
	{0xD986, 2, {0x7E, 0xC1}},
	{0xD988, 2, {0x0E, 0x13}},
	{0xD98A, 2, {0x3F, 0x06}},
	{0xD98C, 2, {0x42, 0x14}},
	{0xD98E, 2, {0x25, 0x83}},
	{0xD990, 2, {0x3F, 0x06}},
	{0xD992, 2, {0x77, 0x33}},
	{0xD994, 2, {0x01, 0xD7}},
	{0xD996, 2, {0xD5, 0x13}},
	{0xD998, 2, {0x01, 0x06}},
	{0xD99A, 2, {0xF7, 0xB3}},
	{0xD99C, 2, {0x00, 0x66}},
	{0xD99E, 2, {0x46, 0xB3}},
	{0xD9A0, 2, {0x02, 0xF8}},
	{0xD9A2, 2, {0xD8, 0x93}},
	{0xD9A4, 2, {0x01, 0x05}},
	{0xD9A6, 2, {0xF5, 0xB3}},
	{0xD9A8, 2, {0x00, 0x65}},
	{0xD9AA, 2, {0x06, 0x11}},
	{0xD9AC, 2, {0x47, 0xB3}},
	{0xD9AE, 2, {0x02, 0xA8}},
	{0xD9B0, 2, {0x45, 0x33}},
	{0xD9B2, 2, {0x03, 0x18}},
	{0xD9B4, 2, {0x97, 0xB6}},
	{0xD9B6, 2, {0x45, 0xB3}},
	{0xD9B8, 2, {0x02, 0xB8}},
	{0xD9BA, 2, {0x97, 0xAA}},
	{0xD9BC, 2, {0x97, 0xAE}},
	{0xD9BE, 2, {0x47, 0xB3}},
	{0xD9C0, 2, {0x02, 0xFF}},
	{0xD9C2, 2, {0x07, 0xC2}},
	{0xD9C4, 2, {0x83, 0xC1}},
	{0xD9C6, 2, {0x8F, 0x5D}},
	{0xD9C8, 2, {0x77, 0x33}},
	{0xD9CA, 2, {0x00, 0x67}},
	{0xD9CC, 2, {0x07, 0xC2}},
	{0xD9CE, 2, {0x8F, 0x5D}},
	{0xD9D0, 2, {0x2E, 0x23}},
	{0xD9D2, 2, {0xFE, 0xE6}},
	{0xD9D4, 2, {0x26, 0x23}},
	{0xD9D6, 2, {0x3E, 0xE6}},
	{0xD9D8, 2, {0x1A, 0xE3}},
	{0xD9DA, 2, {0xFB, 0xC6}},
	{0xD9DC, 2, {0x06, 0x37}},
	{0xD9DE, 2, {0x40, 0x38}},
	{0xD9E0, 2, {0x63, 0x41}},
	{0xD9E2, 2, {0x1E, 0x37}},
	{0xD9E4, 2, {0x40, 0x38}},
	{0xD9E6, 2, {0x06, 0x13}},
	{0xD9E8, 2, {0x7E, 0x06}},
	{0xD9EA, 2, {0x13, 0x7D}},
	{0xD9EC, 2, {0x08, 0x37}},
	{0xD9EE, 2, {0x01, 0x00}},
	{0xD9F0, 2, {0x0F, 0x37}},
	{0xD9F2, 2, {0x04, 0x00}},
	{0xD9F4, 2, {0x7E, 0xC1}},
	{0xD9F6, 2, {0x0E, 0x13}},
	{0xD9F8, 2, {0xBD, 0x0E}},
	{0xD9FA, 2, {0x42, 0x14}},
	{0xD9FC, 2, {0x25, 0x83}},
	{0xD9FE, 2, {0x3F, 0x06}},
	{0xDA00, 2, {0x77, 0x33}},
	{0xDA02, 2, {0x01, 0xD7}},
	{0xDA04, 2, {0xD5, 0x13}},
	{0xDA06, 2, {0x01, 0x06}},
	{0xDA08, 2, {0xF7, 0xB3}},
	{0xDA0A, 2, {0x00, 0x66}},
	{0xDA0C, 2, {0x46, 0xB3}},
	{0xDA0E, 2, {0x02, 0xF8}},
	{0xDA10, 2, {0xD8, 0x93}},
	{0xDA12, 2, {0x01, 0x05}},
	{0xDA14, 2, {0xF5, 0xB3}},
	{0xDA16, 2, {0x00, 0x65}},
	{0xDA18, 2, {0x06, 0x11}},
	{0xDA1A, 2, {0x47, 0xB3}},
	{0xDA1C, 2, {0x02, 0xA8}},
	{0xDA1E, 2, {0x45, 0x33}},
	{0xDA20, 2, {0x03, 0x18}},
	{0xDA22, 2, {0x97, 0xB6}},
	{0xDA24, 2, {0x45, 0xB3}},
	{0xDA26, 2, {0x02, 0xB8}},
	{0xDA28, 2, {0x97, 0xAA}},
	{0xDA2A, 2, {0x97, 0xAE}},
	{0xDA2C, 2, {0x47, 0xB3}},
	{0xDA2E, 2, {0x02, 0xFF}},
	{0xDA30, 2, {0x07, 0xC2}},
	{0xDA32, 2, {0x83, 0xC1}},
	{0xDA34, 2, {0x8F, 0x5D}},
	{0xDA36, 2, {0x77, 0x33}},
	{0xDA38, 2, {0x00, 0x67}},
	{0xDA3A, 2, {0x07, 0xC2}},
	{0xDA3C, 2, {0x8F, 0x5D}},
	{0xDA3E, 2, {0x2E, 0x23}},
	{0xDA40, 2, {0xFE, 0xE6}},
	{0xDA42, 2, {0x26, 0x23}},
	{0xDA44, 2, {0x3E, 0xE6}},
	{0xDA46, 2, {0x1A, 0xE3}},
	{0xDA48, 2, {0xFB, 0xC6}},
	{0xDA4A, 2, {0x06, 0x37}},
	{0xDA4C, 2, {0x40, 0x3A}},
	{0xDA4E, 2, {0x63, 0x41}},
	{0xDA50, 2, {0x13, 0x7D}},
	{0xDA52, 2, {0x08, 0x37}},
	{0xDA54, 2, {0x01, 0x00}},
	{0xDA56, 2, {0x0F, 0x37}},
	{0xDA58, 2, {0x04, 0x00}},
	{0xDA5A, 2, {0x7E, 0xC1}},
	{0xDA5C, 2, {0x0E, 0x13}},
	{0xDA5E, 2, {0x3F, 0x06}},
	{0xDA60, 2, {0x42, 0x14}},
	{0xDA62, 2, {0x25, 0x83}},
	{0xDA64, 2, {0x3F, 0x06}},
	{0xDA66, 2, {0x77, 0x33}},
	{0xDA68, 2, {0x01, 0xD7}},
	{0xDA6A, 2, {0xD5, 0x13}},
	{0xDA6C, 2, {0x01, 0x06}},
	{0xDA6E, 2, {0xF7, 0xB3}},
	{0xDA70, 2, {0x00, 0x66}},
	{0xDA72, 2, {0x46, 0xB3}},
	{0xDA74, 2, {0x02, 0xF8}},
	{0xDA76, 2, {0xD8, 0x93}},
	{0xDA78, 2, {0x01, 0x05}},
	{0xDA7A, 2, {0xF5, 0xB3}},
	{0xDA7C, 2, {0x00, 0x65}},
	{0xDA7E, 2, {0x06, 0x11}},
	{0xDA80, 2, {0x47, 0xB3}},
	{0xDA82, 2, {0x02, 0xA8}},
	{0xDA84, 2, {0x45, 0x33}},
	{0xDA86, 2, {0x03, 0x18}},
	{0xDA88, 2, {0x97, 0xB6}},
	{0xDA8A, 2, {0x45, 0xB3}},
	{0xDA8C, 2, {0x02, 0xB8}},
	{0xDA8E, 2, {0x97, 0xAA}},
	{0xDA90, 2, {0x97, 0xAE}},
	{0xDA92, 2, {0x47, 0xB3}},
	{0xDA94, 2, {0x02, 0xFF}},
	{0xDA96, 2, {0x07, 0xC2}},
	{0xDA98, 2, {0x83, 0xC1}},
	{0xDA9A, 2, {0x8F, 0x5D}},
	{0xDA9C, 2, {0x77, 0x33}},
	{0xDA9E, 2, {0x00, 0x67}},
	{0xDAA0, 2, {0x07, 0xC2}},
	{0xDAA2, 2, {0x8F, 0x5D}},
	{0xDAA4, 2, {0x2E, 0x23}},
	{0xDAA6, 2, {0xFE, 0xE6}},
	{0xDAA8, 2, {0x26, 0x23}},
	{0xDAAA, 2, {0x3E, 0xE6}},
	{0xDAAC, 2, {0x1A, 0xE3}},
	{0xDAAE, 2, {0xFB, 0xC6}},
	{0xDAB0, 2, {0x06, 0x37}},
	{0xDAB2, 2, {0x40, 0x3A}},
	{0xDAB4, 2, {0x63, 0x41}},
	{0xDAB6, 2, {0x1E, 0x37}},
	{0xDAB8, 2, {0x40, 0x3A}},
	{0xDABA, 2, {0x06, 0x13}},
	{0xDABC, 2, {0x7E, 0x06}},
	{0xDABE, 2, {0x13, 0x7D}},
	{0xDAC0, 2, {0x08, 0x37}},
	{0xDAC2, 2, {0x01, 0x00}},
	{0xDAC4, 2, {0x0F, 0x37}},
	{0xDAC6, 2, {0x04, 0x00}},
	{0xDAC8, 2, {0x7E, 0xC1}},
	{0xDACA, 2, {0x0E, 0x13}},
	{0xDACC, 2, {0xBD, 0x0E}},
	{0xDACE, 2, {0x42, 0x14}},
	{0xDAD0, 2, {0x25, 0x83}},
	{0xDAD2, 2, {0x3F, 0x06}},
	{0xDAD4, 2, {0x77, 0x33}},
	{0xDAD6, 2, {0x01, 0xD7}},
	{0xDAD8, 2, {0xD5, 0x13}},
	{0xDADA, 2, {0x01, 0x06}},
	{0xDADC, 2, {0xF7, 0xB3}},
	{0xDADE, 2, {0x00, 0x66}},
	{0xDAE0, 2, {0x46, 0xB3}},
	{0xDAE2, 2, {0x02, 0xF8}},
	{0xDAE4, 2, {0xD8, 0x93}},
	{0xDAE6, 2, {0x01, 0x05}},
	{0xDAE8, 2, {0xF5, 0xB3}},
	{0xDAEA, 2, {0x00, 0x65}},
	{0xDAEC, 2, {0x06, 0x11}},
	{0xDAEE, 2, {0x47, 0xB3}},
	{0xDAF0, 2, {0x02, 0xA8}},
	{0xDAF2, 2, {0x45, 0x33}},
	{0xDAF4, 2, {0x03, 0x18}},
	{0xDAF6, 2, {0x97, 0xB6}},
	{0xDAF8, 2, {0x45, 0xB3}},
	{0xDAFA, 2, {0x02, 0xB8}},
	{0xDAFC, 2, {0x97, 0xAA}},
	{0xDAFE, 2, {0x97, 0xAE}},
	{0xDB00, 2, {0x47, 0xB3}},
	{0xDB02, 2, {0x02, 0xFF}},
	{0xDB04, 2, {0x07, 0xC2}},
	{0xDB06, 2, {0x83, 0xC1}},
	{0xDB08, 2, {0x8F, 0x5D}},
	{0xDB0A, 2, {0x77, 0x33}},
	{0xDB0C, 2, {0x00, 0x67}},
	{0xDB0E, 2, {0x07, 0xC2}},
	{0xDB10, 2, {0x8F, 0x5D}},
	{0xDB12, 2, {0x2E, 0x23}},
	{0xDB14, 2, {0xFE, 0xE6}},
	{0xDB16, 2, {0x26, 0x23}},
	{0xDB18, 2, {0x3E, 0xE6}},
	{0xDB1A, 2, {0x1A, 0xE3}},
	{0xDB1C, 2, {0xFB, 0xC6}},
	{0xDB1E, 2, {0x80, 0x82}},
	{0xDB20, 2, {0x11, 0x41}},
	{0xDB22, 2, {0xC6, 0x06}},
	{0xDB24, 2, {0x33, 0x41}},
	{0xDB26, 2, {0x67, 0xB9}},
	{0xDB28, 2, {0xA7, 0x83}},
	{0xDB2A, 2, {0x33, 0x87}},
	{0xDB2C, 2, {0x40, 0xB2}},
	{0xDB2E, 2, {0xA3, 0x03}},
	{0xDB30, 2, {0x22, 0x07}},
	{0xDB32, 2, {0x01, 0x41}},
	{0xDB34, 2, {0x83, 0x02}},
	{0xDB38, 2, {0xFF, 0xFF}},
	{0xDB3A, 2, {0x00, 0x00}},
	{0xDB3C, 2, {0x00, 0x07}},
	{0xDB3E, 2, {0x00, 0x09}},
	{0xDB40, 2, {0x00, 0x08}},
	{0xDB42, 2, {0x50, 0x00}},
	{0xDB44, 2, {0x6E, 0x16}},
	{0xDB46, 2, {0x80, 0x88}},
	{0xDB48, 2, {0x03, 0xD1}},
	{0xDB4A, 2, {0x01, 0x8B}},
	{0xDB4C, 2, {0x70, 0x01}},
	{0xDB4E, 2, {0x87, 0x00}},
	{0xDB50, 2, {0x88, 0x6A}},
	{0xDB52, 2, {0x0E, 0x80}},
	{0xDB54, 2, {0x00, 0xFC}},
	{0xDB56, 2, {0x00, 0x00}},
	{0xDB58, 2, {0x00, 0x14}},
	{0xDB5A, 2, {0x70, 0x00}},
	{0xDB5C, 2, {0x87, 0x00}},
	{0xDB5E, 2, {0x8C, 0x5A}},
	{0xDB60, 2, {0x1E, 0x80}},
	{0xDB62, 2, {0x00, 0xFC}},
	{0xDB64, 2, {0x00, 0x00}},
	{0xDB66, 2, {0x50, 0x00}},
	{0xDB68, 2, {0x5A, 0x0E}},
	{0xDB6A, 2, {0x83, 0xBC}},
	{0xDB6C, 2, {0x04, 0x7E}},
	{0xDB6E, 2, {0x00, 0x3E}},
	{0xDB70, 2, {0x70, 0x1F}},
	{0xDB72, 2, {0x87, 0x00}},
	{0xDB74, 2, {0xBC, 0x5A}},
	{0xDB76, 2, {0x1E, 0x83}},
	{0xDB78, 2, {0x00, 0xE0}},
	{0xDB7A, 2, {0x00, 0x00}},
	{0xDB7C, 2, {0x05, 0x4E}},
	{0xDB7E, 2, {0x70, 0x00}},
	{0xDB80, 2, {0x17, 0xDB}},
	{0xDB82, 2, {0x70, 0x00}},
	{0xDB84, 2, {0x18, 0x1C}},
	{0xDB86, 2, {0x70, 0x00}},
	{0xDB88, 2, {0xC7, 0x10}},
	{0xDB8A, 2, {0x8C, 0x5A}},
	{0xDB8C, 2, {0x0E, 0x80}},
	{0xDB8E, 2, {0x18, 0xE0}},
	{0xDB90, 2, {0x00, 0x00}},
	{0xDB92, 2, {0x00, 0x40}},
	{0xDB94, 2, {0xC7, 0x01}},
	{0xDB96, 2, {0x8C, 0x5A}},
	{0xDB98, 2, {0x0E, 0x80}},
	{0xDB9A, 2, {0x00, 0xE0}},
	{0xDB9C, 2, {0x00, 0x00}},
	{0xDB9E, 2, {0x70, 0x2A}},
	{0xDBA0, 2, {0x18, 0x5D}},
	{0xDBA2, 2, {0x07, 0x62}},
	{0xDBA4, 2, {0x00, 0xE2}},
	{0xDBA6, 2, {0x70, 0x02}},
	{0xDBA8, 2, {0xC7, 0x01}},
	{0xDBAA, 2, {0xCC, 0x5A}},
	{0xDBAC, 2, {0x2E, 0xE4}},
	{0xDBAE, 2, {0x00, 0xE0}},
	{0xDBB0, 2, {0x00, 0x00}},
	{0xDBB2, 2, {0x23, 0xE4}},
	{0xDBB4, 2, {0x00, 0xE4}},
	{0xDBB6, 2, {0x00, 0x68}},
	{0xDBB8, 2, {0x70, 0x00}},
	{0xDBBA, 2, {0xC7, 0x03}},
	{0xDBBC, 2, {0xCC, 0x5A}},
	{0xDBBE, 2, {0x20, 0x64}},
	{0xDBC0, 2, {0x00, 0xE0}},
	{0xDBC2, 2, {0x00, 0x00}},
	{0xDBC4, 2, {0x70, 0x49}},
	{0xDBC6, 2, {0x1A, 0xA9}},
	{0xDBC8, 2, {0x00, 0x64}},
	{0xDBCA, 2, {0x14, 0xC0}},
	{0xDBCC, 2, {0x70, 0x00}},
	{0xDBCE, 2, {0xC7, 0x02}},
	{0xDBD0, 2, {0xCC, 0x6A}},
	{0xDBD2, 2, {0x2E, 0x04}},
	{0xDBD4, 2, {0x00, 0xE0}},
	{0xDBD6, 2, {0x00, 0x00}},
	{0xDBD8, 2, {0x00, 0x0A}},
	{0xDBDA, 2, {0x70, 0x00}},
	{0xDBDC, 2, {0x13, 0xCC}},
	{0xDBDE, 2, {0x01, 0x7F}},
	{0xDBE0, 2, {0x00, 0x85}},
	{0xDBE2, 2, {0x00, 0xC5}},
	{0xDBE4, 2, {0x00, 0xBF}},
	{0xDBE6, 2, {0x00, 0x85}},
	{0xDBE8, 2, {0x00, 0xC5}},
	{0xDBEA, 2, {0x00, 0xBF}},
	{0xDBEC, 2, {0x00, 0x85}},
	{0xDBEE, 2, {0x00, 0xC5}},
	{0xDBF0, 2, {0x00, 0xBF}},
	{0xDBF2, 2, {0x00, 0x7E}},
	{0xDBF4, 2, {0x1F, 0x85}},
	{0xDBF6, 2, {0x00, 0x88}},
	{0xDBF8, 2, {0x00, 0x05}},
	{0xDBFA, 2, {0x70, 0x01}},
	{0xDBFC, 2, {0xD2, 0x02}},
	{0xDBFE, 2, {0xCC, 0x6B}},
	{0xDC00, 2, {0x2E, 0x04}},
	{0xDC02, 2, {0x00, 0xE0}},
	{0xDC04, 2, {0x00, 0x02}},
	{0xDC06, 2, {0x00, 0x4C}},
	{0xDC08, 2, {0x00, 0x3C}},
	{0xDC0A, 2, {0x00, 0x0F}},
	{0xDC0C, 2, {0x70, 0x01}},
	{0xDC0E, 2, {0x1F, 0x0A}},
	{0xDC10, 2, {0x00, 0x14}},
	{0xDC12, 2, {0x70, 0x00}},
	{0xDC14, 2, {0xC6, 0x02}},
	{0xDC16, 2, {0xCC, 0x4A}},
	{0xDC18, 2, {0x2E, 0x04}},
	{0xDC1A, 2, {0x00, 0xE0}},
	{0xDC1C, 2, {0x00, 0x00}},
	{0xDC1E, 2, {0x00, 0xBC}},
	{0xDC20, 2, {0x00, 0xFC}},
	{0xDC22, 2, {0x70, 0x01}},
	{0xDC24, 2, {0xC6, 0x02}},
	{0xDC26, 2, {0xCC, 0x4A}},
	{0xDC28, 2, {0x2E, 0x04}},
	{0xDC2A, 2, {0x00, 0xE0}},
	{0xDC2C, 2, {0x00, 0x02}},
	{0xDC2E, 2, {0x00, 0xBC}},
	{0xDC30, 2, {0x00, 0xFC}},
	{0xDC32, 2, {0x70, 0x01}},
	{0xDC34, 2, {0xC6, 0x02}},
	{0xDC36, 2, {0xCC, 0x4A}},
	{0xDC38, 2, {0x2E, 0x04}},
	{0xDC3A, 2, {0x00, 0xE0}},
	{0xDC3C, 2, {0x00, 0x00}},
	{0xDC3E, 2, {0x00, 0xBC}},
	{0xDC40, 2, {0x00, 0xFC}},
	{0xDC42, 2, {0x70, 0x01}},
	{0xDC44, 2, {0xC6, 0x02}},
	{0xDC46, 2, {0xCC, 0x4A}},
	{0xDC48, 2, {0x2E, 0x04}},
	{0xDC4A, 2, {0x00, 0xE0}},
	{0xDC4C, 2, {0x00, 0x04}},
	{0xDC4E, 2, {0x00, 0xBD}},
	{0xDC50, 2, {0x00, 0xFD}},
	{0xDC52, 2, {0x70, 0x01}},
	{0xDC54, 2, {0xC6, 0x02}},
	{0xDC56, 2, {0xCC, 0x4A}},
	{0xDC58, 2, {0x2E, 0x04}},
	{0xDC5A, 2, {0x00, 0xE0}},
	{0xDC5C, 2, {0x00, 0x00}},
	{0xDC5E, 2, {0x00, 0xBD}},
	{0xDC60, 2, {0x00, 0xFD}},
	{0xDC62, 2, {0x70, 0x01}},
	{0xDC64, 2, {0xC6, 0x02}},
	{0xDC66, 2, {0xCC, 0x4A}},
	{0xDC68, 2, {0x2E, 0x04}},
	{0xDC6A, 2, {0x00, 0xE0}},
	{0xDC6C, 2, {0x00, 0x04}},
	{0xDC6E, 2, {0x00, 0xBD}},
	{0xDC70, 2, {0x00, 0xFD}},
	{0xDC72, 2, {0x70, 0x01}},
	{0xDC74, 2, {0xC6, 0x02}},
	{0xDC76, 2, {0xCC, 0x4A}},
	{0xDC78, 2, {0x2E, 0x04}},
	{0xDC7A, 2, {0x00, 0xE0}},
	{0xDC7C, 2, {0x00, 0x00}},
	{0xDC7E, 2, {0x00, 0xBD}},
	{0xDC80, 2, {0x00, 0xFD}},
	{0xDC82, 2, {0x04, 0xE2}},
	{0xDC84, 2, {0x00, 0xE2}},
	{0xDC86, 2, {0x23, 0xE6}},
	{0xDC88, 2, {0x23, 0xEC}},
	{0xDC8A, 2, {0x00, 0xE4}},
	{0xDC8C, 2, {0x00, 0x68}},
	{0xDC8E, 2, {0x70, 0x00}},
	{0xDC90, 2, {0xC6, 0x04}},
	{0xDC92, 2, {0xCC, 0x4A}},
	{0xDC94, 2, {0x20, 0xE4}},
	{0xDC96, 2, {0x00, 0xE0}},
	{0xDC98, 2, {0x00, 0x00}},
	{0xDC9A, 2, {0x70, 0x9E}},
	{0xDC9C, 2, {0x1A, 0xA9}},
	{0xDC9E, 2, {0xCA, 0x04}},
	{0xDCA0, 2, {0xC8, 0x6A}},
	{0xDCA2, 2, {0x2C, 0xE4}},
	{0xDCA4, 2, {0x00, 0x1C}},
	{0xDCA6, 2, {0x00, 0x00}},
	{0xDCA8, 2, {0x00, 0x24}},
	{0xDCAA, 2, {0x8A, 0x00}},
	{0xDCAC, 2, {0xC8, 0x68}},
	{0xDCAE, 2, {0x0C, 0xC4}},
	{0xDCB0, 2, {0x00, 0x1C}},
	{0xDCB2, 2, {0x00, 0x00}},
	{0xDCB4, 2, {0x18, 0x5D}},
	{0xDCB6, 2, {0x88, 0x40}},
	{0xDCB8, 2, {0x88, 0x68}},
	{0xDCBA, 2, {0x0E, 0x80}},
	{0xDCBC, 2, {0x00, 0x1C}},
	{0xDCBE, 2, {0x00, 0x00}},
	{0xDCC0, 2, {0x00, 0x86}},
	{0xDCC2, 2, {0x00, 0x00}},
	{0xDCC4, 2, {0x08, 0x00}},
	{0xDCC6, 2, {0x44, 0x34}},
	{0xDCC8, 2, {0x07, 0x40}},
	{0xDCCA, 2, {0x00, 0x0E}},
	{0xDCCC, 2, {0x00, 0x00}},
	{0xDCCE, 2, {0x00, 0x00}},
	{0xDCD0, 2, {0xDC, 0xDC}},
	{0xDCD2, 2, {0x00, 0x00}},
	{0xDCD4, 2, {0xDC, 0xC4}},
	{0xDCD6, 2, {0x00, 0x00}},
	{0xDCD8, 2, {0x00, 0x01}},
	{0xDCDA, 2, {0x00, 0x00}},
	{0xDCDC, 2, {0x00, 0x01}},
	{0xDCDE, 2, {0x00, 0xC3}},
	{0xDCE0, 2, {0xDB, 0x3C}},
	{0xDCE2, 2, {0x00, 0x00}},
	{0xDCE4, 2, {0x00, 0x07}},
	{0xDCE6, 2, {0x00, 0x09}},
	{0xDCE8, 2, {0x00, 0x08}},
	{0xDCEA, 2, {0x50, 0x00}},
	{0xDCEC, 2, {0x6E, 0x16}},
	{0xDCEE, 2, {0x80, 0x88}},
	{0xDCF0, 2, {0x03, 0xD1}},
	{0xDCF2, 2, {0x01, 0x8B}},
	{0xDCF4, 2, {0x70, 0x01}},
	{0xDCF6, 2, {0x87, 0x00}},
	{0xDCF8, 2, {0x88, 0x6A}},
	{0xDCFA, 2, {0x0E, 0x80}},
	{0xDCFC, 2, {0x00, 0xFC}},
	{0xDCFE, 2, {0x00, 0x00}},
	{0xDD00, 2, {0x00, 0x14}},
	{0xDD02, 2, {0x70, 0x00}},
	{0xDD04, 2, {0x87, 0x00}},
	{0xDD06, 2, {0x8C, 0x5A}},
	{0xDD08, 2, {0x1E, 0x80}},
	{0xDD0A, 2, {0x00, 0xFC}},
	{0xDD0C, 2, {0x00, 0x00}},
	{0xDD0E, 2, {0x50, 0x00}},
	{0xDD10, 2, {0x5A, 0x0E}},
	{0xDD12, 2, {0x83, 0xBC}},
	{0xDD14, 2, {0x05, 0xBE}},
	{0xDD16, 2, {0x00, 0x3E}},
	{0xDD18, 2, {0x0C, 0x4E}},
	{0xDD1A, 2, {0x70, 0x04}},
	{0xDD1C, 2, {0xC7, 0x10}},
	{0xDD1E, 2, {0xBC, 0x5A}},
	{0xDD20, 2, {0x1E, 0x83}},
	{0xDD22, 2, {0x18, 0xFC}},
	{0xDD24, 2, {0x00, 0x00}},
	{0xDD26, 2, {0x70, 0x01}},
	{0xDD28, 2, {0xC7, 0x00}},
	{0xDD2A, 2, {0xBC, 0x5A}},
	{0xDD2C, 2, {0x1E, 0x83}},
	{0xDD2E, 2, {0x00, 0xFC}},
	{0xDD30, 2, {0x00, 0x00}},
	{0xDD32, 2, {0x70, 0x07}},
	{0xDD34, 2, {0xC7, 0x00}},
	{0xDD36, 2, {0xBC, 0x5A}},
	{0xDD38, 2, {0x1E, 0x83}},
	{0xDD3A, 2, {0x00, 0xE0}},
	{0xDD3C, 2, {0x00, 0x00}},
	{0xDD3E, 2, {0x70, 0x1E}},
	{0xDD40, 2, {0x17, 0xDB}},
	{0xDD42, 2, {0x70, 0x00}},
	{0xDD44, 2, {0x18, 0x1C}},
	{0xDD46, 2, {0x00, 0x6B}},
	{0xDD48, 2, {0x00, 0x40}},
	{0xDD4A, 2, {0x70, 0x48}},
	{0xDD4C, 2, {0x18, 0x5D}},
	{0xDD4E, 2, {0x07, 0x62}},
	{0xDD50, 2, {0x00, 0xE2}},
	{0xDD52, 2, {0x70, 0x02}},
	{0xDD54, 2, {0xC7, 0x01}},
	{0xDD56, 2, {0xCC, 0x5A}},
	{0xDD58, 2, {0x2E, 0xE4}},
	{0xDD5A, 2, {0x00, 0xE0}},
	{0xDD5C, 2, {0x00, 0x00}},
	{0xDD5E, 2, {0x23, 0xE4}},
	{0xDD60, 2, {0x00, 0xE4}},
	{0xDD62, 2, {0x00, 0x68}},
	{0xDD64, 2, {0x70, 0x00}},
	{0xDD66, 2, {0xC7, 0x03}},
	{0xDD68, 2, {0xCC, 0x5A}},
	{0xDD6A, 2, {0x20, 0x64}},
	{0xDD6C, 2, {0x00, 0xE0}},
	{0xDD6E, 2, {0x00, 0x00}},
	{0xDD70, 2, {0x0C, 0x3E}},
	{0xDD72, 2, {0x00, 0x3E}},
	{0xDD74, 2, {0x70, 0x17}},
	{0xDD76, 2, {0x1A, 0xA9}},
	{0xDD78, 2, {0x00, 0x64}},
	{0xDD7A, 2, {0x14, 0xC0}},
	{0xDD7C, 2, {0x70, 0x00}},
	{0xDD7E, 2, {0xC7, 0x02}},
	{0xDD80, 2, {0xCC, 0x6A}},
	{0xDD82, 2, {0x2E, 0x04}},
	{0xDD84, 2, {0x00, 0xE0}},
	{0xDD86, 2, {0x00, 0x00}},
	{0xDD88, 2, {0x00, 0x0A}},
	{0xDD8A, 2, {0x70, 0x00}},
	{0xDD8C, 2, {0x13, 0xCC}},
	{0xDD8E, 2, {0x09, 0x48}},
	{0xDD90, 2, {0x01, 0x4C}},
	{0xDD92, 2, {0x00, 0x4F}},
	{0xDD94, 2, {0x70, 0x01}},
	{0xDD96, 2, {0x1F, 0xCA}},
	{0xDD98, 2, {0x00, 0x14}},
	{0xDD9A, 2, {0x00, 0x45}},
	{0xDD9C, 2, {0x00, 0xC5}},
	{0xDD9E, 2, {0x00, 0xBF}},
	{0xDDA0, 2, {0x00, 0x85}},
	{0xDDA2, 2, {0x00, 0xC5}},
	{0xDDA4, 2, {0x00, 0xBF}},
	{0xDDA6, 2, {0x00, 0x85}},
	{0xDDA8, 2, {0x00, 0xC5}},
	{0xDDAA, 2, {0x00, 0xBF}},
	{0xDDAC, 2, {0x00, 0x85}},
	{0xDDAE, 2, {0x00, 0xC5}},
	{0xDDB0, 2, {0x70, 0x01}},
	{0xDDB2, 2, {0xC6, 0x02}},
	{0xDDB4, 2, {0xCC, 0x4A}},
	{0xDDB6, 2, {0x2E, 0x04}},
	{0xDDB8, 2, {0x00, 0xE0}},
	{0xDDBA, 2, {0x00, 0x02}},
	{0xDDBC, 2, {0x00, 0xBC}},
	{0xDDBE, 2, {0x00, 0xFC}},
	{0xDDC0, 2, {0x70, 0x01}},
	{0xDDC2, 2, {0xC6, 0x02}},
	{0xDDC4, 2, {0xCC, 0x4A}},
	{0xDDC6, 2, {0x2E, 0x04}},
	{0xDDC8, 2, {0x00, 0xE0}},
	{0xDDCA, 2, {0x00, 0x00}},
	{0xDDCC, 2, {0x00, 0xBC}},
	{0xDDCE, 2, {0x00, 0xFC}},
	{0xDDD0, 2, {0x70, 0x01}},
	{0xDDD2, 2, {0xC6, 0x02}},
	{0xDDD4, 2, {0xCC, 0x4A}},
	{0xDDD6, 2, {0x2E, 0x04}},
	{0xDDD8, 2, {0x00, 0xE0}},
	{0xDDDA, 2, {0x00, 0x02}},
	{0xDDDC, 2, {0x00, 0xBC}},
	{0xDDDE, 2, {0x00, 0xFC}},
	{0xDDE0, 2, {0x70, 0x01}},
	{0xDDE2, 2, {0xC6, 0x02}},
	{0xDDE4, 2, {0xCC, 0x4A}},
	{0xDDE6, 2, {0x2E, 0x04}},
	{0xDDE8, 2, {0x00, 0xE0}},
	{0xDDEA, 2, {0x00, 0x00}},
	{0xDDEC, 2, {0x00, 0xBC}},
	{0xDDEE, 2, {0x00, 0xFC}},
	{0xDDF0, 2, {0x70, 0x01}},
	{0xDDF2, 2, {0xC6, 0x02}},
	{0xDDF4, 2, {0xCC, 0x4A}},
	{0xDDF6, 2, {0x2E, 0x04}},
	{0xDDF8, 2, {0x00, 0xE0}},
	{0xDDFA, 2, {0x00, 0x04}},
	{0xDDFC, 2, {0x00, 0xBD}},
	{0xDDFE, 2, {0x00, 0xFD}},
	{0xDE00, 2, {0x70, 0x01}},
	{0xDE02, 2, {0xC6, 0x02}},
	{0xDE04, 2, {0xCC, 0x4A}},
	{0xDE06, 2, {0x2E, 0x04}},
	{0xDE08, 2, {0x00, 0xE0}},
	{0xDE0A, 2, {0x00, 0x00}},
	{0xDE0C, 2, {0x00, 0xBD}},
	{0xDE0E, 2, {0x00, 0xFD}},
	{0xDE10, 2, {0x70, 0x01}},
	{0xDE12, 2, {0xC6, 0x02}},
	{0xDE14, 2, {0xCC, 0x4A}},
	{0xDE16, 2, {0x2E, 0x04}},
	{0xDE18, 2, {0x00, 0xE0}},
	{0xDE1A, 2, {0x00, 0x04}},
	{0xDE1C, 2, {0x00, 0xBD}},
	{0xDE1E, 2, {0x00, 0xFD}},
	{0xDE20, 2, {0x70, 0x01}},
	{0xDE22, 2, {0xC6, 0x02}},
	{0xDE24, 2, {0xCC, 0x4A}},
	{0xDE26, 2, {0x2E, 0x04}},
	{0xDE28, 2, {0x00, 0xE0}},
	{0xDE2A, 2, {0x00, 0x00}},
	{0xDE2C, 2, {0x00, 0xBD}},
	{0xDE2E, 2, {0x00, 0xFD}},
	{0xDE30, 2, {0x0F, 0x62}},
	{0xDE32, 2, {0x00, 0xE2}},
	{0xDE34, 2, {0x23, 0xE6}},
	{0xDE36, 2, {0x23, 0xEC}},
	{0xDE38, 2, {0x00, 0xE4}},
	{0xDE3A, 2, {0x00, 0x68}},
	{0xDE3C, 2, {0x70, 0x00}},
	{0xDE3E, 2, {0xC6, 0x04}},
	{0xDE40, 2, {0xCC, 0x4A}},
	{0xDE42, 2, {0x20, 0xE4}},
	{0xDE44, 2, {0x00, 0xE0}},
	{0xDE46, 2, {0x00, 0x00}},
	{0xDE48, 2, {0x70, 0xA8}},
	{0xDE4A, 2, {0x1A, 0xA9}},
	{0xDE4C, 2, {0xC2, 0x04}},
	{0xDE4E, 2, {0xC8, 0x6A}},
	{0xDE50, 2, {0x2C, 0xE4}},
	{0xDE52, 2, {0x00, 0x1C}},
	{0xDE54, 2, {0x00, 0x00}},
	{0xDE56, 2, {0x50, 0x80}},
	{0xDE58, 2, {0x68, 0x14}},
	{0xDE5A, 2, {0xC4, 0xC8}},
	{0xDE5C, 2, {0x88, 0x40}},
	{0xDE5E, 2, {0xC8, 0x68}},
	{0xDE60, 2, {0x0C, 0xC4}},
	{0xDE62, 2, {0x00, 0x1C}},
	{0xDE64, 2, {0x00, 0x00}},
	{0xDE66, 2, {0x18, 0x5D}},
	{0xDE68, 2, {0x1A, 0x25}},
	{0xDE6A, 2, {0x00, 0x06}},
	{0xDE6C, 2, {0x08, 0x00}},
	{0xDE6E, 2, {0x44, 0x34}},
	{0xDE70, 2, {0x07, 0x40}},
	{0xDE72, 2, {0x00, 0x0E}},
	{0xDE74, 2, {0x00, 0x00}},
	{0xDE76, 2, {0x00, 0x00}},
	{0xDE78, 2, {0xDE, 0x84}},
	{0xDE7A, 2, {0x00, 0x00}},
	{0xDE7C, 2, {0xDE, 0x6C}},
	{0xDE7E, 2, {0x00, 0x00}},
	{0xDE80, 2, {0x00, 0x01}},
	{0xDE82, 2, {0x00, 0x00}},
	{0xDE84, 2, {0x00, 0x01}},
	{0xDE86, 2, {0x00, 0xC4}},
	{0xDE88, 2, {0xDC, 0xE4}},
	{0xDE8A, 2, {0x00, 0x00}},
	{0xDE8C, 2, {0x00, 0x3F}},
	{0xDE8E, 2, {0x00, 0x00}},
	{0xDE90, 2, {0x00, 0x01}},
	{0xDE92, 2, {0x00, 0x00}},
	{0xDE94, 2, {0x00, 0x00}},
	{0xDE96, 2, {0x00, 0x00}},
	{0xDE98, 2, {0xDE, 0xA0}},
	{0xDE9A, 2, {0x00, 0x00}},
	{0xDE9C, 2, {0x00, 0x02}},
	{0xDE9E, 2, {0x00, 0x00}},
	{0xDEA0, 2, {0x3D, 0x3D}},
	{0xF000, 2, {0xF0, 0x20}},
	{0xF002, 2, {0x00, 0x00}},
	{0xF004, 2, {0xD1, 0x42}},
	{0xF006, 2, {0xD2, 0x89}},
	{0xF008, 2, {0xD4, 0x4E}},
	{0xF00A, 2, {0x0F, 0xFF}},
	{0xF00C, 2, {0x0F, 0xFF}},
	{0xF00E, 2, {0x0F, 0xFF}},
	{0xF010, 2, {0xF0, 0x4C}},
	{0xF012, 2, {0x00, 0x00}},
	{0xF014, 2, {0xD1, 0x42}},
	{0xF016, 2, {0xD2, 0x89}},
	{0xF018, 2, {0xD4, 0x4E}},
	{0xF01A, 2, {0x0F, 0xFF}},
	{0xF01C, 2, {0x0F, 0xFF}},
	{0xF01E, 2, {0x0F, 0xFF}},
	{0xF020, 2, {0x00, 0xF8}},
	{0xF022, 2, {0x00, 0x78}},
	{0xF024, 2, {0x00, 0x79}},
	{0xF026, 2, {0x00, 0x7D}},
	{0xF028, 2, {0x00, 0x7E}},
	{0xF02A, 2, {0x00, 0x7A}},
	{0xF02C, 2, {0x00, 0x78}},
	{0xF02E, 2, {0x00, 0x40}},
	{0xF030, 2, {0x00, 0x40}},
	{0xF032, 2, {0x00, 0x42}},
	{0xF034, 2, {0x00, 0x42}},
	{0xF036, 2, {0x00, 0x40}},
	{0xF038, 2, {0x34, 0x08}},
	{0xF03A, 2, {0x00, 0x48}},
	{0xF03C, 2, {0x00, 0x49}},
	{0xF03E, 2, {0x00, 0x4D}},
	{0xF040, 2, {0x00, 0x4E}},
	{0xF042, 2, {0x00, 0x4A}},
	{0xF044, 2, {0x00, 0x48}},
	{0xF046, 2, {0x00, 0x80}},
	{0xF048, 2, {0xFF, 0xFF}},
	{0xF04A, 2, {0x00, 0x00}},
	{0xF04C, 2, {0x00, 0xF8}},
	{0xF04E, 2, {0x00, 0x78}},
	{0xF050, 2, {0x00, 0x79}},
	{0xF052, 2, {0x00, 0x7D}},
	{0xF054, 2, {0x00, 0x7E}},
	{0xF056, 2, {0x00, 0x7A}},
	{0xF058, 2, {0x00, 0x78}},
	{0xF05A, 2, {0x00, 0x40}},
	{0xF05C, 2, {0x00, 0x40}},
	{0xF05E, 2, {0x00, 0x42}},
	{0xF060, 2, {0x00, 0x42}},
	{0xF062, 2, {0x00, 0x40}},
	{0xF064, 2, {0x4B, 0x08}},
	{0xF066, 2, {0x00, 0x48}},
	{0xF068, 2, {0x00, 0x49}},
	{0xF06A, 2, {0x00, 0x4D}},
	{0xF06C, 2, {0x00, 0x4E}},
	{0xF06E, 2, {0x00, 0x4A}},
	{0xF070, 2, {0x00, 0x48}},
	{0xF072, 2, {0x00, 0x80}},
	{0xF074, 2, {0xFF, 0xFF}},
	{0xF076, 2, {0x00, 0x00}},
	{0xF078, 2, {0xF0, 0xB0}},
	{0xF07A, 2, {0x00, 0x00}},
	{0xF07C, 2, {0xF0, 0x8C}},
	{0xF07E, 2, {0x00, 0x00}},
	{0xF080, 2, {0x00, 0x00}},
	{0xF082, 2, {0x00, 0x00}},
	{0xF084, 2, {0x00, 0x00}},
	{0xF086, 2, {0x00, 0x00}},
	{0xF088, 2, {0xF0, 0xD4}},
	{0xF08A, 2, {0x00, 0x00}},
	{0xF08C, 2, {0xFF, 0xFF}},
	{0xF08E, 2, {0x00, 0x03}},
	{0xF090, 2, {0x07, 0x06}},
	{0xF092, 2, {0x00, 0x00}},
	{0xF094, 2, {0x00, 0x00}},
	{0xF096, 2, {0x00, 0x00}},
	{0xF098, 2, {0xF0, 0xA0}},
	{0xF09A, 2, {0x00, 0x00}},
	{0xF09C, 2, {0x00, 0x04}},
	{0xF09E, 2, {0x00, 0x00}},
	{0xF0A0, 2, {0x0F, 0x00}},
	{0xF0A2, 2, {0x00, 0x03}},
	{0xF0A4, 2, {0xF0, 0x00}},
	{0xF0A6, 2, {0x00, 0x03}},
	{0xF0A8, 2, {0x00, 0x0F}},
	{0xF0AA, 2, {0x00, 0x03}},
	{0xF0AC, 2, {0x00, 0xF0}},
	{0xF0AE, 2, {0x00, 0x03}},
	{0xF0B0, 2, {0xFF, 0xFF}},
	{0xF0B2, 2, {0x00, 0x03}},
	{0xF0B4, 2, {0x07, 0x06}},
	{0xF0B6, 2, {0x00, 0x00}},
	{0xF0B8, 2, {0x00, 0x00}},
	{0xF0BA, 2, {0x00, 0x00}},
	{0xF0BC, 2, {0xF0, 0xC4}},
	{0xF0BE, 2, {0x00, 0x00}},
	{0xF0C0, 2, {0x00, 0x04}},
	{0xF0C2, 2, {0x00, 0x00}},
	{0xF0C4, 2, {0x0F, 0x00}},
	{0xF0C6, 2, {0x00, 0x03}},
	{0xF0C8, 2, {0xF0, 0x00}},
	{0xF0CA, 2, {0x00, 0x03}},
	{0xF0CC, 2, {0x00, 0x0F}},
	{0xF0CE, 2, {0x00, 0x03}},
	{0xF0D0, 2, {0x00, 0xF0}},
	{0xF0D2, 2, {0x00, 0x03}},
	{0xF0D4, 2, {0x04, 0x06}},
	{0xF0D6, 2, {0x00, 0x00}},
	{0xF0D8, 2, {0x02, 0x37}},
	{0xF0DA, 2, {0x00, 0x00}},
	{0xF0DC, 2, {0x03, 0xBF}},
	{0xF0DE, 2, {0x00, 0x00}},
	{0xF0E0, 2, {0x25, 0xB7}},
	{0xF0E2, 2, {0x00, 0x00}},
	{0xF0E4, 2, {0x1F, 0xB3}},
	{0xF0E6, 2, {0x00, 0x00}},
	{0xF0E8, 2, {0x0D, 0xFB}},
	{0xF0EA, 2, {0x00, 0x00}},
	{0xF0EC, 2, {0x63, 0xFA}},
	{0xF0EE, 2, {0x00, 0x00}},
	{0xF0F0, 2, {0x0D, 0xF2}},
	{0xF0F2, 2, {0x00, 0x00}},
	{0xF0F4, 2, {0x05, 0xB6}},
	{0xF0F6, 2, {0x00, 0x00}},
	{0xF0F8, 2, {0x04, 0x06}},
	{0xF0FA, 2, {0x00, 0x00}},
	{0xF0FC, 2, {0x68, 0x04}},
	{0xF0FE, 2, {0x00, 0x00}},
	{0xF100, 2, {0xFF, 0xFF}},
	{0xF102, 2, {0xFF, 0xFF}},
	{0xF104, 2, {0x00, 0x00}},
	{0xF106, 2, {0x00, 0x00}},
	{0xF108, 2, {0xDB, 0x38}},
	{0xF10A, 2, {0x00, 0x00}},
	{0xF10C, 2, {0x00, 0x00}},
	{0xF10E, 2, {0x00, 0x00}},
	{0xF110, 2, {0xF1, 0x68}},
	{0xF112, 2, {0x00, 0x00}},
	{0xF114, 2, {0xDE, 0x8C}},
	{0xF116, 2, {0x00, 0x00}},
	{0xF118, 2, {0x00, 0x00}},
	{0xF11A, 2, {0x00, 0x00}},
	{0xF11C, 2, {0xDB, 0x38}},
	{0xF11E, 2, {0x00, 0x00}},
	{0xF120, 2, {0x00, 0x00}},
	{0xF122, 2, {0x00, 0x00}},
	{0xF124, 2, {0xF1, 0x8C}},
	{0xF126, 2, {0x00, 0x00}},
	{0xF128, 2, {0xDE, 0x8C}},
	{0xF12A, 2, {0x00, 0x00}},
	{0xF12C, 2, {0x00, 0x00}},
	{0xF12E, 2, {0x00, 0x00}},
	{0xF130, 2, {0xDB, 0x38}},
	{0xF132, 2, {0x00, 0x00}},
	{0xF134, 2, {0x00, 0x00}},
	{0xF136, 2, {0x00, 0x00}},
	{0xF138, 2, {0xF1, 0xB0}},
	{0xF13A, 2, {0x00, 0x00}},
	{0xF13C, 2, {0xDE, 0x8C}},
	{0xF13E, 2, {0x00, 0x00}},
	{0xF140, 2, {0x00, 0x00}},
	{0xF142, 2, {0x00, 0x00}},
	{0xF144, 2, {0xDB, 0x38}},
	{0xF146, 2, {0x00, 0x00}},
	{0xF148, 2, {0x00, 0x00}},
	{0xF14A, 2, {0x00, 0x00}},
	{0xF14C, 2, {0xF1, 0xD4}},
	{0xF14E, 2, {0x00, 0x00}},
	{0xF150, 2, {0xDE, 0x8C}},
	{0xF152, 2, {0x00, 0x00}},
	{0xF154, 2, {0x00, 0x00}},
	{0xF156, 2, {0x00, 0x00}},
	{0xF158, 2, {0xDB, 0x38}},
	{0xF15A, 2, {0x00, 0x00}},
	{0xF15C, 2, {0x00, 0x00}},
	{0xF15E, 2, {0x00, 0x00}},
	{0xF160, 2, {0xF1, 0xF8}},
	{0xF162, 2, {0x00, 0x00}},
	{0xF164, 2, {0xDE, 0x8C}},
	{0xF166, 2, {0x00, 0x00}},
	{0xF168, 2, {0xFF, 0xFF}},
	{0xF16A, 2, {0x00, 0x3F}},
	{0xF16C, 2, {0x06, 0x05}},
	{0xF16E, 2, {0x00, 0x00}},
	{0xF170, 2, {0x00, 0x00}},
	{0xF172, 2, {0x00, 0x00}},
	{0xF174, 2, {0xF1, 0x7C}},
	{0xF176, 2, {0x00, 0x00}},
	{0xF178, 2, {0x00, 0x04}},
	{0xF17A, 2, {0x00, 0x00}},
	{0xF17C, 2, {0x0F, 0x00}},
	{0xF17E, 2, {0x00, 0x0E}},
	{0xF180, 2, {0xF0, 0x00}},
	{0xF182, 2, {0x00, 0x0E}},
	{0xF184, 2, {0x00, 0x0F}},
	{0xF186, 2, {0x00, 0x3D}},
	{0xF188, 2, {0x00, 0xF0}},
	{0xF18A, 2, {0x00, 0x0D}},
	{0xF18C, 2, {0xFF, 0xFF}},
	{0xF18E, 2, {0x00, 0x3F}},
	{0xF190, 2, {0x06, 0x05}},
	{0xF192, 2, {0x00, 0x00}},
	{0xF194, 2, {0x00, 0x00}},
	{0xF196, 2, {0x00, 0x00}},
	{0xF198, 2, {0xF1, 0xA0}},
	{0xF19A, 2, {0x00, 0x00}},
	{0xF19C, 2, {0x00, 0x04}},
	{0xF19E, 2, {0x00, 0x00}},
	{0xF1A0, 2, {0x0F, 0x00}},
	{0xF1A2, 2, {0x00, 0x0E}},
	{0xF1A4, 2, {0xF0, 0x00}},
	{0xF1A6, 2, {0x00, 0x3E}},
	{0xF1A8, 2, {0x00, 0x0F}},
	{0xF1AA, 2, {0x00, 0x0D}},
	{0xF1AC, 2, {0x00, 0xF0}},
	{0xF1AE, 2, {0x00, 0x0D}},
	{0xF1B0, 2, {0xFF, 0xFF}},
	{0xF1B2, 2, {0x00, 0x3F}},
	{0xF1B4, 2, {0x06, 0x05}},
	{0xF1B6, 2, {0x00, 0x00}},
	{0xF1B8, 2, {0x00, 0x00}},
	{0xF1BA, 2, {0x00, 0x00}},
	{0xF1BC, 2, {0xF1, 0xC4}},
	{0xF1BE, 2, {0x00, 0x00}},
	{0xF1C0, 2, {0x00, 0x04}},
	{0xF1C2, 2, {0x00, 0x00}},
	{0xF1C4, 2, {0x0F, 0x00}},
	{0xF1C6, 2, {0x00, 0x0F}},
	{0xF1C8, 2, {0xF0, 0x00}},
	{0xF1CA, 2, {0x00, 0x0F}},
	{0xF1CC, 2, {0x00, 0x0F}},
	{0xF1CE, 2, {0x00, 0x3F}},
	{0xF1D0, 2, {0x00, 0xF0}},
	{0xF1D2, 2, {0x00, 0x0F}},
	{0xF1D4, 2, {0xFF, 0xFF}},
	{0xF1D6, 2, {0x00, 0x3F}},
	{0xF1D8, 2, {0x06, 0x05}},
	{0xF1DA, 2, {0x00, 0x00}},
	{0xF1DC, 2, {0x00, 0x00}},
	{0xF1DE, 2, {0x00, 0x00}},
	{0xF1E0, 2, {0xF1, 0xE8}},
	{0xF1E2, 2, {0x00, 0x00}},
	{0xF1E4, 2, {0x00, 0x04}},
	{0xF1E6, 2, {0x00, 0x00}},
	{0xF1E8, 2, {0x0F, 0x00}},
	{0xF1EA, 2, {0x00, 0x0F}},
	{0xF1EC, 2, {0xF0, 0x00}},
	{0xF1EE, 2, {0x00, 0x3F}},
	{0xF1F0, 2, {0x00, 0x0F}},
	{0xF1F2, 2, {0x00, 0x0F}},
	{0xF1F4, 2, {0x00, 0xF0}},
	{0xF1F6, 2, {0x00, 0x0F}},
	{0xF1F8, 2, {0xFF, 0xFF}},
	{0xF1FA, 2, {0x00, 0x3F}},
	{0xF1FC, 2, {0x02, 0x01}},
	{0xF1FE, 2, {0x06, 0x05}},
	{0xF200, 2, {0x00, 0x00}},
	{0xF202, 2, {0x00, 0x00}},
	{0xF204, 2, {0xF2, 0x0C}},
	{0xF206, 2, {0x00, 0x00}},
	{0xF208, 2, {0x00, 0x0E}},
	{0xF20A, 2, {0x00, 0x00}},
	{0xF20C, 2, {0x02, 0x02}},
	{0xF20E, 2, {0x00, 0x33}},
	{0xF210, 2, {0x01, 0x01}},
	{0xF212, 2, {0x00, 0x03}},
	{0xF214, 2, {0x00, 0x00}},
	{0xF216, 2, {0x00, 0x00}},
	{0xF218, 2, {0x00, 0x00}},
	{0xF21A, 2, {0x00, 0x00}},
	{0xF21C, 2, {0x08, 0x08}},
	{0xF21E, 2, {0x00, 0x03}},
	{0xF220, 2, {0x04, 0x04}},
	{0xF222, 2, {0x00, 0x03}},
	{0xF224, 2, {0x00, 0x00}},
	{0xF226, 2, {0x00, 0x00}},
	{0xF228, 2, {0x00, 0x00}},
	{0xF22A, 2, {0x00, 0x00}},
	{0xF22C, 2, {0x20, 0x20}},
	{0xF22E, 2, {0x00, 0x03}},
	{0xF230, 2, {0x10, 0x10}},
	{0xF232, 2, {0x00, 0x03}},
	{0xF234, 2, {0x00, 0x00}},
	{0xF236, 2, {0x00, 0x00}},
	{0xF238, 2, {0x00, 0x00}},
	{0xF23A, 2, {0x00, 0x00}},
	{0xF23C, 2, {0x80, 0x80}},
	{0xF23E, 2, {0x00, 0x03}},
	{0xF240, 2, {0x40, 0x40}},
	{0xF242, 2, {0x00, 0x03}},
	{0xF244, 2, {0xF1, 0x18}},
	{0xF246, 2, {0x00, 0x00}},
	{0xF248, 2, {0xF1, 0x04}},
	{0xF24A, 2, {0x00, 0x00}},
	{0xF24C, 2, {0x01, 0x02}},
	{0xF24E, 2, {0x01, 0x01}},
	{0xF250, 2, {0x01, 0x01}},
	{0xF252, 2, {0x01, 0x01}},
	{0xF254, 2, {0x01, 0x01}},
	{0xF256, 2, {0x00, 0x00}},
	{0xF258, 2, {0x00, 0x00}},
	{0xF25A, 2, {0x00, 0x00}},
	{0xF25C, 2, {0x00, 0x00}},
	{0xF25E, 2, {0x00, 0x00}},
	{0xF260, 2, {0x00, 0x01}},
	{0xF262, 2, {0x00, 0x00}},
	{0xF264, 2, {0x19, 0x00}},
	{0xF266, 2, {0x10, 0x00}},
	{0xF268, 2, {0x1A, 0x00}},
	{0xF26A, 2, {0x10, 0x00}},
	{0xF26C, 2, {0x29, 0x00}},
	{0xF26E, 2, {0x10, 0x00}},
	{0xF270, 2, {0x2A, 0x00}},
	{0xF272, 2, {0x10, 0x00}},
	{0xF274, 2, {0x2C, 0x00}},
	{0xF276, 2, {0x10, 0x00}},
	{0xF278, 2, {0x2D, 0x00}},
	{0xF27A, 2, {0x10, 0x00}},
	{0xF27C, 2, {0x2E, 0x00}},
	{0xF27E, 2, {0x10, 0x00}},
	{0xF280, 2, {0x2F, 0x00}},
	{0xF282, 2, {0x10, 0x00}},
	{0xF284, 2, {0xDE, 0x78}},
	{0xF286, 2, {0x00, 0x00}},
	{0xF288, 2, {0xDC, 0xD0}},
	{0xF28A, 2, {0x00, 0x00}},
	{0xF28C, 2, {0x8C, 0xC0}},
	{0xF28E, 2, {0x00, 0x10}},
	{0xF290, 2, {0xF1, 0x54}},
	{0xF292, 2, {0x00, 0x00}},
	{0xF294, 2, {0x89, 0x70}},
	{0xF296, 2, {0x00, 0x10}},
	{0xF298, 2, {0x8A, 0x14}},
	{0xF29A, 2, {0x00, 0x10}},
	{0xF29C, 2, {0x83, 0x38}},
	{0xF29E, 2, {0x00, 0x10}},
	{0xF2A0, 2, {0x83, 0xDC}},
	{0xF2A2, 2, {0x00, 0x10}},
	{0xF2A4, 2, {0x84, 0x80}},
	{0xF2A6, 2, {0x00, 0x10}},
	{0xF2A8, 2, {0x85, 0x30}},
	{0xF2AA, 2, {0x00, 0x10}},
	{0xF2AC, 2, {0x8B, 0x48}},
	{0xF2AE, 2, {0x00, 0x10}},
	{0xF2B0, 2, {0x8B, 0x70}},
	{0xF2B2, 2, {0x00, 0x10}},
	{0xF2B4, 2, {0xF1, 0x40}},
	{0xF2B6, 2, {0x00, 0x00}},
	{0xF2B8, 2, {0xF1, 0x2C}},
	{0xF2BA, 2, {0x00, 0x00}},
	{0xF2BC, 2, {0x88, 0xA8}},
	{0xF2BE, 2, {0x00, 0x10}},
	{0xF2C0, 2, {0x89, 0x0C}},
	{0xF2C2, 2, {0x00, 0x10}},
	{0xF2C4, 2, {0x87, 0x18}},
	{0xF2C6, 2, {0x00, 0x10}},
	{0xF2C8, 2, {0x87, 0x7C}},
	{0xF2CA, 2, {0x00, 0x10}},
	{0xF2CC, 2, {0x87, 0xE0}},
	{0xF2CE, 2, {0x00, 0x10}},
	{0xF2D0, 2, {0x88, 0x44}},
	{0xF2D2, 2, {0x00, 0x10}},
	{0xF2D4, 2, {0x8A, 0xB8}},
	{0xF2D6, 2, {0x00, 0x10}},
	{0xF2D8, 2, {0x8B, 0x00}},
	{0xF2DA, 2, {0x00, 0x10}},
	{0xF2DC, 2, {0x00, 0x00}},
	{0xF2DE, 2, {0x00, 0x00}},
	{0xF2E0, 2, {0x00, 0x00}},
	{0xF2E2, 2, {0x00, 0x00}},
	{0xF2E4, 2, {0x00, 0x00}},
	{0xF2E6, 2, {0x00, 0x00}},
	{0xF2E8, 2, {0x00, 0x00}},
	{0xF2EA, 2, {0x00, 0x00}},
	{0xF2EC, 2, {0x00, 0x00}},
	{0xF2EE, 2, {0x00, 0x00}},
	{0xF2F0, 2, {0x00, 0x00}},
	{0xF2F2, 2, {0x00, 0x00}},
	{0xF2F4, 2, {0x00, 0x00}},
	{0xF2F6, 2, {0x00, 0x00}},
	{0xF2F8, 2, {0x00, 0x00}},
	{0xF2FA, 2, {0x00, 0x00}},
	{0xF2FC, 2, {0x00, 0x00}},
	{0xF2FE, 2, {0x00, 0x00}},
	{0xF300, 2, {0x00, 0x00}},
	{0xF302, 2, {0x00, 0x00}},
	{0xF304, 2, {0x00, 0x00}},
	{0xF306, 2, {0x00, 0x00}},
	{0xF308, 2, {0x00, 0x00}},
	{0xF30A, 2, {0x00, 0x00}},
	{0xF30C, 2, {0x00, 0x00}},
	{0xF30E, 2, {0x00, 0x00}},
	{0xF310, 2, {0x00, 0x00}},
	{0xF312, 2, {0x00, 0x00}},
	{0xF314, 2, {0x00, 0x00}},
	{0xF316, 2, {0x00, 0x00}},
	{0xF318, 2, {0x00, 0x00}},
	{0xF31A, 2, {0x00, 0x00}},
	{0xF31C, 2, {0x00, 0x00}},
	{0xF31E, 2, {0x00, 0x00}},
	{0xF320, 2, {0x00, 0x00}},
	{0xF322, 2, {0x00, 0x00}},
	{0xF324, 2, {0x00, 0x00}},
	{0xF326, 2, {0x00, 0x00}},
	{0xF328, 2, {0x00, 0x00}},
	{0xF32A, 2, {0x00, 0x00}},
	{0xF32C, 2, {0x85, 0xCC}},
	{0xF32E, 2, {0x00, 0x10}},
	{0xF330, 2, {0x86, 0x68}},
	{0xF332, 2, {0x00, 0x10}},
	{0xF334, 2, {0x64, 0x70}},
	{0xF336, 2, {0x00, 0x10}},
	{0xF338, 2, {0x64, 0x60}},
	{0xF33A, 2, {0x00, 0x10}},
	{0xF33C, 2, {0x63, 0xF0}},
	{0xF33E, 2, {0x00, 0x10}},
	{0xF340, 2, {0x64, 0x08}},
	{0xF342, 2, {0x00, 0x10}},
	{0xF344, 2, {0x64, 0x38}},
	{0xF346, 2, {0x00, 0x10}},
	{0xF348, 2, {0x64, 0x48}},
	{0xF34A, 2, {0x00, 0x10}},
	{0xF34C, 2, {0x63, 0xC8}},
	{0xF34E, 2, {0x00, 0x10}},
	{0xF350, 2, {0x63, 0xD8}},
	{0xF352, 2, {0x00, 0x10}},
	{0xF354, 2, {0x64, 0x10}},
	{0xF356, 2, {0x00, 0x10}},
	{0xF358, 2, {0x64, 0x20}},
	{0xF35A, 2, {0x00, 0x10}},
	{0xF35C, 2, {0x64, 0x58}},
	{0xF35E, 2, {0x00, 0x10}},
	{0xF360, 2, {0x64, 0x58}},
	{0xF362, 2, {0x00, 0x10}},
	{0xF364, 2, {0x63, 0xE8}},
	{0xF366, 2, {0x00, 0x10}},
	{0xF368, 2, {0x63, 0xE8}},
	{0xF36A, 2, {0x00, 0x10}},
	{0xF36C, 2, {0x64, 0x30}},
	{0xF36E, 2, {0x00, 0x10}},
	{0xF370, 2, {0x64, 0x30}},
	{0xF372, 2, {0x00, 0x10}},
	{0xF374, 2, {0xF6, 0xC8}},
	{0xF376, 2, {0x00, 0x00}},
	{0xF378, 2, {0xF6, 0xC8}},
	{0xF37A, 2, {0x00, 0x00}},
	{0xF37C, 2, {0xF0, 0x10}},
	{0xF37E, 2, {0x00, 0x00}},
	{0xF380, 2, {0xF0, 0x00}},
	{0xF382, 2, {0x00, 0x00}},
	{0xF384, 2, {0xF0, 0x80}},
	{0xF386, 2, {0x00, 0x00}},
	{0xF388, 2, {0xF0, 0x80}},
	{0xF38A, 2, {0x00, 0x00}},
	{0xF38C, 2, {0x79, 0xC8}},
	{0xF38E, 2, {0x00, 0x10}},
	{0xF390, 2, {0x7A, 0x68}},
	{0xF392, 2, {0x00, 0x10}},
	{0xF394, 2, {0x77, 0x10}},
	{0xF396, 2, {0x00, 0x10}},
	{0xF398, 2, {0x78, 0x10}},
	{0xF39A, 2, {0x00, 0x10}},
	{0xF39C, 2, {0x6D, 0xB0}},
	{0xF39E, 2, {0x00, 0x10}},
	{0xF3A0, 2, {0x6E, 0xB0}},
	{0xF3A2, 2, {0x00, 0x10}},
	{0xF3A4, 2, {0x6F, 0xC8}},
	{0xF3A6, 2, {0x00, 0x10}},
	{0xF3A8, 2, {0x70, 0xE0}},
	{0xF3AA, 2, {0x00, 0x10}},
	{0xF3AC, 2, {0x78, 0x60}},
	{0xF3AE, 2, {0x00, 0x10}},
	{0xF3B0, 2, {0x78, 0x60}},
	{0xF3B2, 2, {0x00, 0x10}},
	{0xF3B4, 2, {0xF0, 0x78}},
	{0xF3B6, 2, {0x00, 0x00}},
	{0xF3B8, 2, {0xF0, 0x78}},
	{0xF3BA, 2, {0x00, 0x00}},
	{0xF3BC, 2, {0x75, 0x90}},
	{0xF3BE, 2, {0x00, 0x10}},
	{0xF3C0, 2, {0x76, 0x10}},
	{0xF3C2, 2, {0x00, 0x10}},
	{0xF3C4, 2, {0x73, 0x90}},
	{0xF3C6, 2, {0x00, 0x10}},
	{0xF3C8, 2, {0x74, 0x10}},
	{0xF3CA, 2, {0x00, 0x10}},
	{0xF3CC, 2, {0x74, 0x90}},
	{0xF3CE, 2, {0x00, 0x10}},
	{0xF3D0, 2, {0x75, 0x10}},
	{0xF3D2, 2, {0x00, 0x10}},
	{0xF3D4, 2, {0x78, 0x58}},
	{0xF3D6, 2, {0x00, 0x10}},
	{0xF3D8, 2, {0x78, 0x58}},
	{0xF3DA, 2, {0x00, 0x10}},
	{0xF3DC, 2, {0x00, 0x00}},
	{0xF3DE, 2, {0x00, 0x00}},
	{0xF3E0, 2, {0x00, 0x00}},
	{0xF3E2, 2, {0x00, 0x00}},
	{0xF3E4, 2, {0x00, 0x00}},
	{0xF3E6, 2, {0x00, 0x00}},
	{0xF3E8, 2, {0x00, 0x00}},
	{0xF3EA, 2, {0x00, 0x00}},
	{0xF3EC, 2, {0x00, 0x00}},
	{0xF3EE, 2, {0x00, 0x00}},
	{0xF3F0, 2, {0x00, 0x00}},
	{0xF3F2, 2, {0x00, 0x00}},
	{0xF3F4, 2, {0x00, 0x00}},
	{0xF3F6, 2, {0x00, 0x00}},
	{0xF3F8, 2, {0x00, 0x00}},
	{0xF3FA, 2, {0x00, 0x00}},
	{0xF3FC, 2, {0x00, 0x00}},
	{0xF3FE, 2, {0x00, 0x00}},
	{0xF400, 2, {0x00, 0x00}},
	{0xF402, 2, {0x00, 0x00}},
	{0xF404, 2, {0x00, 0x00}},
	{0xF406, 2, {0x00, 0x00}},
	{0xF408, 2, {0x00, 0x00}},
	{0xF40A, 2, {0x00, 0x00}},
	{0xF40C, 2, {0x00, 0x00}},
	{0xF40E, 2, {0x00, 0x00}},
	{0xF410, 2, {0x00, 0x00}},
	{0xF412, 2, {0x00, 0x00}},
	{0xF414, 2, {0x00, 0x00}},
	{0xF416, 2, {0x00, 0x00}},
	{0xF418, 2, {0x00, 0x00}},
	{0xF41A, 2, {0x00, 0x00}},
	{0xF41C, 2, {0x00, 0x00}},
	{0xF41E, 2, {0x00, 0x00}},
	{0xF420, 2, {0x00, 0x00}},
	{0xF422, 2, {0x00, 0x00}},
	{0xF424, 2, {0x00, 0x00}},
	{0xF426, 2, {0x00, 0x00}},
	{0xF428, 2, {0x00, 0x00}},
	{0xF42A, 2, {0x00, 0x00}},
	{0xF42C, 2, {0x71, 0xF8}},
	{0xF42E, 2, {0x00, 0x10}},
	{0xF430, 2, {0x73, 0x10}},
	{0xF432, 2, {0x00, 0x10}},
	{0xF434, 2, {0x21, 0x31}},
	{0xF436, 2, {0x30, 0x30}},
	{0xF438, 2, {0x31, 0x21}},
	{0xF43A, 2, {0x21, 0x21}},
	{0xF43C, 2, {0x21, 0x21}},
	{0xF43E, 2, {0x00, 0x00}},
	{0xF440, 2, {0x00, 0x00}},
	{0xF442, 2, {0x00, 0x00}},
	{0xF444, 2, {0x00, 0x00}},
	{0xF446, 2, {0x00, 0x00}},
	{0xF448, 2, {0x00, 0x30}},
	{0xF44A, 2, {0x00, 0x00}},
	{0xF44C, 2, {0x01, 0x00}},
	{0xF44E, 2, {0x00, 0x00}},
	{0xF450, 2, {0x02, 0x00}},
	{0xF452, 2, {0x00, 0x00}},
	{0xF454, 2, {0x02, 0x00}},
	{0xF456, 2, {0x00, 0x00}},
	{0xF458, 2, {0x02, 0x00}},
	{0xF45A, 2, {0x00, 0x00}},
	{0xF45C, 2, {0x02, 0x00}},
	{0xF45E, 2, {0x00, 0x00}},
	{0xF460, 2, {0x01, 0x00}},
	{0xF462, 2, {0x03, 0x02}},
	{0xF464, 2, {0x01, 0x00}},
	{0xF466, 2, {0x03, 0x02}},
	{0xF468, 2, {0x01, 0x00}},
	{0xF46A, 2, {0x03, 0x02}},
	{0xF46C, 2, {0x01, 0x00}},
	{0xF46E, 2, {0x03, 0x02}},
	{0xF470, 2, {0x01, 0x00}},
	{0xF472, 2, {0x03, 0x02}},
	{0xF474, 2, {0x00, 0x00}},
	{0xF476, 2, {0x00, 0x00}},
	{0xF478, 2, {0x00, 0x00}},
	{0xF47A, 2, {0x00, 0x00}},
	{0xF47C, 2, {0x00, 0x00}},
	{0xF47E, 2, {0x00, 0x00}},
	{0xF480, 2, {0x00, 0x00}},
	{0xF482, 2, {0x00, 0x00}},
	{0xF484, 2, {0x00, 0x00}},
	{0xF486, 2, {0x00, 0x00}},
	{0xF488, 2, {0x00, 0x00}},
	{0xF48A, 2, {0x00, 0x00}},
	{0xF48C, 2, {0x00, 0x00}},
	{0xF48E, 2, {0x00, 0x00}},
	{0xF490, 2, {0x00, 0x00}},
	{0xF492, 2, {0x00, 0x00}},
	{0xF494, 2, {0x00, 0x00}},
	{0xF496, 2, {0x00, 0x00}},
	{0xF498, 2, {0x00, 0x00}},
	{0xF49A, 2, {0x00, 0x00}},
	{0xF49C, 2, {0x02, 0x00}},
	{0xF49E, 2, {0x00, 0x00}},
	{0xF4A0, 2, {0x00, 0x01}},
	{0xF4A2, 2, {0x00, 0x0F}},
	{0xF4A4, 2, {0x00, 0x01}},
	{0xF4A6, 2, {0x00, 0x0F}},
	{0xF4A8, 2, {0x00, 0x01}},
	{0xF4AA, 2, {0x00, 0x0F}},
	{0xF4AC, 2, {0x00, 0x01}},
	{0xF4AE, 2, {0x01, 0xCF}},
	{0xF4B0, 2, {0x80, 0x80}},
	{0xF4B2, 2, {0x00, 0x00}},
	{0xF4B4, 2, {0x00, 0x00}},
	{0xF4B6, 2, {0x00, 0x00}},
	{0xF4B8, 2, {0x00, 0x01}},
	{0xF4BA, 2, {0x00, 0x1F}},
	{0xF4BC, 2, {0x00, 0x01}},
	{0xF4BE, 2, {0x00, 0xDF}},
	{0xF4C0, 2, {0x00, 0x01}},
	{0xF4C2, 2, {0x00, 0x1F}},
	{0xF4C4, 2, {0x00, 0x01}},
	{0xF4C6, 2, {0x02, 0xDF}},
	{0xF4C8, 2, {0x80, 0x80}},
	{0xF4CA, 2, {0x00, 0x00}},
	{0xF4CC, 2, {0x00, 0x00}},
	{0xF4CE, 2, {0x00, 0x00}},
	{0xF4D0, 2, {0x00, 0x01}},
	{0xF4D2, 2, {0x00, 0x1F}},
	{0xF4D4, 2, {0x00, 0x01}},
	{0xF4D6, 2, {0x00, 0xDF}},
	{0xF4D8, 2, {0x00, 0x10}},
	{0xF4DA, 2, {0x00, 0x10}},
	{0xF4DC, 2, {0x00, 0x10}},
	{0xF4DE, 2, {0x02, 0xD0}},
	{0xF4E0, 2, {0x80, 0x80}},
	{0xF4E2, 2, {0x00, 0x00}},
	{0xF4E4, 2, {0x00, 0x00}},
	{0xF4E6, 2, {0x00, 0x00}},
	{0xF4E8, 2, {0x00, 0x01}},
	{0xF4EA, 2, {0x00, 0x1F}},
	{0xF4EC, 2, {0x00, 0x10}},
	{0xF4EE, 2, {0x00, 0xD0}},
	{0xF4F0, 2, {0x00, 0x01}},
	{0xF4F2, 2, {0x00, 0x1F}},
	{0xF4F4, 2, {0x00, 0x10}},
	{0xF4F6, 2, {0x02, 0xD0}},
	{0xF4F8, 2, {0x80, 0x80}},
	{0xF4FA, 2, {0x00, 0x00}},
	{0xF4FC, 2, {0x00, 0x00}},
	{0xF4FE, 2, {0x00, 0x00}},
	{0xF500, 2, {0x00, 0x20}},
	{0xF502, 2, {0x00, 0xE0}},
	{0xF504, 2, {0x00, 0x20}},
	{0xF506, 2, {0x02, 0xE0}},
	{0xF508, 2, {0x80, 0x80}},
	{0xF50A, 2, {0x00, 0x00}},
	{0xF50C, 2, {0x00, 0x00}},
	{0xF50E, 2, {0x00, 0x00}},
	{0xF510, 2, {0x00, 0x00}},
	{0xF512, 2, {0x00, 0x00}},
	{0xF514, 2, {0x00, 0x00}},
	{0xF516, 2, {0x00, 0x00}},
	{0xF518, 2, {0x00, 0x10}},
	{0xF51A, 2, {0x00, 0x10}},
	{0xF51C, 2, {0x00, 0x10}},
	{0xF51E, 2, {0x03, 0xD0}},
	{0xF520, 2, {0x80, 0x80}},
	{0xF522, 2, {0x00, 0x00}},
	{0xF524, 2, {0x00, 0x00}},
	{0xF526, 2, {0x00, 0x00}},
	{0xF528, 2, {0x00, 0x00}},
	{0xF52A, 2, {0x00, 0x00}},
	{0xF52C, 2, {0x00, 0x00}},
	{0xF52E, 2, {0x00, 0x00}},
	{0xF530, 2, {0x00, 0x01}},
	{0xF532, 2, {0x00, 0x1F}},
	{0xF534, 2, {0x00, 0x01}},
	{0xF536, 2, {0x03, 0xDF}},
	{0xF538, 2, {0x80, 0x80}},
	{0xF53A, 2, {0x00, 0x00}},
	{0xF53C, 2, {0x00, 0x00}},
	{0xF53E, 2, {0x00, 0x00}},
	{0xF540, 2, {0x00, 0x00}},
	{0xF542, 2, {0x00, 0x00}},
	{0xF544, 2, {0x00, 0x00}},
	{0xF546, 2, {0x00, 0x00}},
	{0xF548, 2, {0x00, 0x01}},
	{0xF54A, 2, {0x00, 0x1F}},
	{0xF54C, 2, {0x00, 0x01}},
	{0xF54E, 2, {0x03, 0xDF}},
	{0xF550, 2, {0x80, 0x80}},
	{0xF552, 2, {0x00, 0x00}},
	{0xF554, 2, {0x00, 0x00}},
	{0xF556, 2, {0x00, 0x00}},
	{0xF558, 2, {0x00, 0x00}},
	{0xF55A, 2, {0x00, 0x00}},
	{0xF55C, 2, {0x00, 0x00}},
	{0xF55E, 2, {0x00, 0x00}},
	{0xF560, 2, {0x00, 0x01}},
	{0xF562, 2, {0x00, 0x1F}},
	{0xF564, 2, {0x00, 0x01}},
	{0xF566, 2, {0x03, 0xDF}},
	{0xF568, 2, {0x80, 0x80}},
	{0xF56A, 2, {0x00, 0x00}},
	{0xF56C, 2, {0x00, 0x00}},
	{0xF56E, 2, {0x00, 0x00}},
	{0xF570, 2, {0x00, 0x00}},
	{0xF572, 2, {0x00, 0x00}},
	{0xF574, 2, {0x00, 0x00}},
	{0xF576, 2, {0x00, 0x00}},
	{0xF578, 2, {0x00, 0x20}},
	{0xF57A, 2, {0x03, 0xE0}},
	{0xF57C, 2, {0x80, 0x80}},
	{0xF57E, 2, {0x00, 0x00}},
	{0xF580, 2, {0x00, 0x00}},
	{0xF582, 2, {0x00, 0x00}},
	{0xF584, 2, {0x00, 0x00}},
	{0xF586, 2, {0x00, 0x00}},
	{0xF588, 2, {0x00, 0x00}},
	{0xF58A, 2, {0x00, 0x00}},
	{0xF58C, 2, {0x00, 0x00}},
	{0xF58E, 2, {0x00, 0x00}},
	{0xF590, 2, {0x00, 0x00}},
	{0xF592, 2, {0x00, 0x00}},
	{0xF594, 2, {0x00, 0x00}},
	{0xF596, 2, {0x00, 0x00}},
	{0xF598, 2, {0x00, 0x00}},
	{0xF59A, 2, {0x00, 0x00}},
	{0xF59C, 2, {0x00, 0x00}},
	{0xF59E, 2, {0x00, 0x00}},
	{0xF5A0, 2, {0x00, 0x00}},
	{0xF5A2, 2, {0x00, 0x00}},
	{0xF5A4, 2, {0x00, 0x00}},
	{0xF5A6, 2, {0x00, 0x00}},
	{0xF5A8, 2, {0x00, 0x00}},
	{0xF5AA, 2, {0x00, 0x00}},
	{0xF5AC, 2, {0x00, 0x00}},
	{0xF5AE, 2, {0x00, 0x00}},
	{0xF5B0, 2, {0x00, 0x00}},
	{0xF5B2, 2, {0x00, 0x00}},
	{0xF5B4, 2, {0x00, 0x00}},
	{0xF5B6, 2, {0x00, 0x00}},
	{0xF5B8, 2, {0x00, 0x00}},
	{0xF5BA, 2, {0x00, 0x00}},
	{0xF5BC, 2, {0x00, 0x00}},
	{0xF5BE, 2, {0x00, 0x00}},
	{0xF5C0, 2, {0x00, 0x00}},
	{0xF5C2, 2, {0x00, 0x00}},
	{0xF5C4, 2, {0x00, 0x00}},
	{0xF5C6, 2, {0x00, 0x00}},
	{0xF5C8, 2, {0x00, 0x00}},
	{0xF5CA, 2, {0x00, 0x00}},
	{0xF5CC, 2, {0x00, 0x00}},
	{0xF5CE, 2, {0x00, 0x00}},
	{0xF5D0, 2, {0x00, 0x00}},
	{0xF5D2, 2, {0x00, 0x00}},
	{0xF5D4, 2, {0x00, 0x00}},
	{0xF5D6, 2, {0x00, 0x00}},
	{0xF5D8, 2, {0x00, 0x00}},
	{0xF5DA, 2, {0x00, 0x00}},
	{0xF5DC, 2, {0x00, 0x00}},
	{0xF5DE, 2, {0x00, 0x00}},
	{0xF5E0, 2, {0x00, 0x00}},
	{0xF5E2, 2, {0x00, 0x00}},
	{0xF5E4, 2, {0x00, 0x00}},
	{0xF5E6, 2, {0x00, 0x00}},
	{0xF5E8, 2, {0x00, 0x00}},
	{0xF5EA, 2, {0x00, 0x00}},
	{0xF5EC, 2, {0x00, 0x00}},
	{0xF5EE, 2, {0x00, 0x00}},
	{0xF5F0, 2, {0x00, 0x00}},
	{0xF5F2, 2, {0x00, 0x00}},
	{0xF5F4, 2, {0x00, 0x00}},
	{0xF5F6, 2, {0x00, 0x00}},
	{0xF5F8, 2, {0x00, 0x00}},
	{0xF5FA, 2, {0x00, 0x00}},
	{0xF5FC, 2, {0x00, 0x00}},
	{0xF5FE, 2, {0x00, 0x00}},
	{0xF600, 2, {0x00, 0x00}},
	{0xF602, 2, {0x00, 0x00}},
	{0xF604, 2, {0x00, 0x00}},
	{0xF606, 2, {0x00, 0x00}},
	{0xF608, 2, {0x00, 0x00}},
	{0xF60A, 2, {0x00, 0x00}},
	{0xF60C, 2, {0x00, 0x00}},
	{0xF60E, 2, {0x00, 0x00}},
	{0xF610, 2, {0x00, 0x00}},
	{0xF612, 2, {0x00, 0x00}},
	{0xF614, 2, {0x00, 0x00}},
	{0xF616, 2, {0x00, 0x00}},
	{0xF618, 2, {0x00, 0x00}},
	{0xF61A, 2, {0x00, 0x00}},
	{0xF61C, 2, {0x00, 0x00}},
	{0xF61E, 2, {0x00, 0x00}},
	{0xF620, 2, {0x00, 0x00}},
	{0xF622, 2, {0x00, 0x00}},
	{0xF624, 2, {0x00, 0x00}},
	{0xF626, 2, {0x00, 0x00}},
	{0xF628, 2, {0x00, 0x00}},
	{0xF62A, 2, {0x00, 0x00}},
	{0xF62C, 2, {0x00, 0x00}},
	{0xF62E, 2, {0x00, 0x00}},
	{0xF630, 2, {0x00, 0x00}},
	{0xF632, 2, {0x00, 0x00}},
	{0xF634, 2, {0x00, 0x00}},
	{0xF636, 2, {0x00, 0x00}},
	{0xF638, 2, {0x00, 0x00}},
	{0xF63A, 2, {0x00, 0x00}},
	{0xF63C, 2, {0x00, 0x00}},
	{0xF63E, 2, {0x00, 0x00}},
	{0xF640, 2, {0x00, 0x00}},
	{0xF642, 2, {0x00, 0x00}},
	{0xF644, 2, {0x00, 0x00}},
	{0xF646, 2, {0x00, 0x00}},
	{0xF648, 2, {0x00, 0x00}},
	{0xF64A, 2, {0x00, 0x00}},
	{0xF64C, 2, {0x00, 0x00}},
	{0xF64E, 2, {0x00, 0x00}},
	{0xF650, 2, {0x00, 0x00}},
	{0xF652, 2, {0x00, 0x00}},
	{0xF654, 2, {0x00, 0x00}},
	{0xF656, 2, {0x00, 0x00}},
	{0xF658, 2, {0x00, 0x00}},
	{0xF65A, 2, {0x00, 0x00}},
	{0xF65C, 2, {0x00, 0x00}},
	{0xF65E, 2, {0x00, 0x00}},
	{0xF660, 2, {0x00, 0x00}},
	{0xF662, 2, {0x00, 0x00}},
	{0xF664, 2, {0x00, 0x00}},
	{0xF666, 2, {0x00, 0x00}},
	{0xF668, 2, {0x00, 0x00}},
	{0xF66A, 2, {0x00, 0x00}},
	{0xF66C, 2, {0x00, 0x00}},
	{0xF66E, 2, {0x00, 0x00}},
	{0xF670, 2, {0x00, 0x00}},
	{0xF672, 2, {0x00, 0x00}},
	{0xF674, 2, {0x00, 0x00}},
	{0xF676, 2, {0x00, 0x00}},
	{0xF678, 2, {0x00, 0x00}},
	{0xF67A, 2, {0x00, 0x00}},
	{0xF67C, 2, {0x00, 0x00}},
	{0xF67E, 2, {0x00, 0x00}},
	{0xF680, 2, {0x00, 0x01}},
	{0xF682, 2, {0x00, 0x1F}},
	{0xF684, 2, {0x00, 0x10}},
	{0xF686, 2, {0x00, 0xD0}},
	{0xF688, 2, {0x00, 0x01}},
	{0xF68A, 2, {0x00, 0x1F}},
	{0xF68C, 2, {0x00, 0x10}},
	{0xF68E, 2, {0x02, 0xD0}},
	{0xF690, 2, {0x80, 0x80}},
	{0xF692, 2, {0x00, 0x00}},
	{0xF694, 2, {0x00, 0x00}},
	{0xF696, 2, {0x00, 0x00}},
	{0xF698, 2, {0x15, 0x14}},
	{0xF69A, 2, {0x15, 0x15}},
	{0xF69C, 2, {0x15, 0x15}},
	{0xF69E, 2, {0x15, 0x15}},
	{0xF6A0, 2, {0x15, 0x15}},
	{0xF6A2, 2, {0x00, 0x00}},
	{0xF6A4, 2, {0x00, 0x00}},
	{0xF6A6, 2, {0x00, 0x00}},
	{0xF6A8, 2, {0x00, 0x00}},
	{0xF6AA, 2, {0x00, 0x00}},
	{0xF6AC, 2, {0x00, 0x15}},
	{0xF6AE, 2, {0x00, 0x00}},
	{0xF6B0, 2, {0x19, 0x1A}},
	{0xF6B2, 2, {0x19, 0x19}},
	{0xF6B4, 2, {0x19, 0x19}},
	{0xF6B6, 2, {0x19, 0x19}},
	{0xF6B8, 2, {0x19, 0x19}},
	{0xF6BA, 2, {0x00, 0x00}},
	{0xF6BC, 2, {0x00, 0x00}},
	{0xF6BE, 2, {0x00, 0x00}},
	{0xF6C0, 2, {0x00, 0x00}},
	{0xF6C2, 2, {0x00, 0x00}},
	{0xF6C4, 2, {0x00, 0x19}},
	{0xF6C6, 2, {0x00, 0x00}},
	{0xF6C8, 2, {0x00, 0x30}},
	{0xF6CA, 2, {0x00, 0x00}},
	{0xF6CC, 2, {0xF6, 0xD0}},
	{0xF6CE, 2, {0x00, 0x00}},
	{0xF6D0, 2, {0x00, 0x03}},
	{0xF6D2, 2, {0x00, 0x10}},
	{0xF6D4, 2, {0x00, 0x03}},
	{0xF6D6, 2, {0x11, 0x10}},
	{0xF6D8, 2, {0x00, 0x0C}},
	{0xF6DA, 2, {0x00, 0x10}},
	{0xF6DC, 2, {0x00, 0x0C}},
	{0xF6DE, 2, {0x11, 0x10}},
	{0xF6E0, 2, {0x00, 0x30}},
	{0xF6E2, 2, {0x00, 0x10}},
	{0xF6E4, 2, {0x00, 0x30}},
	{0xF6E6, 2, {0x11, 0x10}},
	{0xF6E8, 2, {0x00, 0xC0}},
	{0xF6EA, 2, {0x00, 0x10}},
	{0xF6EC, 2, {0x00, 0xC0}},
	{0xF6EE, 2, {0x11, 0x10}},
	{0xF6F0, 2, {0x00, 0x05}},
	{0xF6F2, 2, {0x00, 0x10}},
	{0xF6F4, 2, {0x00, 0x05}},
	{0xF6F6, 2, {0x11, 0x10}},
	{0xF6F8, 2, {0x00, 0x50}},
	{0xF6FA, 2, {0x00, 0x10}},
	{0xF6FC, 2, {0x00, 0x50}},
	{0xF6FE, 2, {0x11, 0x10}},
	{0xF700, 2, {0x00, 0x0A}},
	{0xF702, 2, {0x00, 0x10}},
	{0xF704, 2, {0x00, 0x0A}},
	{0xF706, 2, {0x11, 0x10}},
	{0xF708, 2, {0x00, 0xA0}},
	{0xF70A, 2, {0x00, 0x10}},
	{0xF70C, 2, {0x00, 0xA0}},
	{0xF70E, 2, {0x11, 0x10}},
	{0xF710, 2, {0x00, 0x11}},
	{0xF712, 2, {0x00, 0x10}},
	{0xF714, 2, {0x00, 0x11}},
	{0xF716, 2, {0x11, 0x10}},
	{0xF718, 2, {0x00, 0x22}},
	{0xF71A, 2, {0x00, 0x10}},
	{0xF71C, 2, {0x00, 0x22}},
	{0xF71E, 2, {0x11, 0x10}},
	{0xF720, 2, {0x00, 0x44}},
	{0xF722, 2, {0x00, 0x10}},
	{0xF724, 2, {0x00, 0x44}},
	{0xF726, 2, {0x11, 0x10}},
	{0xF728, 2, {0x00, 0x88}},
	{0xF72A, 2, {0x00, 0x10}},
	{0xF72C, 2, {0x00, 0x88}},
	{0xF72E, 2, {0x11, 0x10}},
	{0xF730, 2, {0x00, 0x03}},
	{0xF732, 2, {0x00, 0x10}},
	{0xF734, 2, {0x00, 0x03}},
	{0xF736, 2, {0x11, 0x10}},
	{0xF738, 2, {0x00, 0x0C}},
	{0xF73A, 2, {0x00, 0x10}},
	{0xF73C, 2, {0x00, 0x0C}},
	{0xF73E, 2, {0x11, 0x10}},
	{0xF740, 2, {0x00, 0x30}},
	{0xF742, 2, {0x00, 0x10}},
	{0xF744, 2, {0x00, 0x30}},
	{0xF746, 2, {0x11, 0x10}},
	{0xF748, 2, {0x00, 0xC0}},
	{0xF74A, 2, {0x00, 0x10}},
	{0xF74C, 2, {0x00, 0xC0}},
	{0xF74E, 2, {0x11, 0x10}},
	{0xF750, 2, {0x00, 0x05}},
	{0xF752, 2, {0x00, 0x10}},
	{0xF754, 2, {0x00, 0x05}},
	{0xF756, 2, {0x11, 0x10}},
	{0xF758, 2, {0x00, 0x50}},
	{0xF75A, 2, {0x00, 0x10}},
	{0xF75C, 2, {0x00, 0x50}},
	{0xF75E, 2, {0x11, 0x10}},
	{0xF760, 2, {0x00, 0x0A}},
	{0xF762, 2, {0x00, 0x10}},
	{0xF764, 2, {0x00, 0x0A}},
	{0xF766, 2, {0x11, 0x10}},
	{0xF768, 2, {0x00, 0xA0}},
	{0xF76A, 2, {0x00, 0x10}},
	{0xF76C, 2, {0x00, 0xA0}},
	{0xF76E, 2, {0x11, 0x10}},
	{0xF770, 2, {0x00, 0x11}},
	{0xF772, 2, {0x00, 0x10}},
	{0xF774, 2, {0x00, 0x11}},
	{0xF776, 2, {0x11, 0x10}},
	{0xF778, 2, {0x00, 0x22}},
	{0xF77A, 2, {0x00, 0x10}},
	{0xF77C, 2, {0x00, 0x22}},
	{0xF77E, 2, {0x11, 0x10}},
	{0xF780, 2, {0x00, 0x44}},
	{0xF782, 2, {0x00, 0x10}},
	{0xF784, 2, {0x00, 0x44}},
	{0xF786, 2, {0x11, 0x10}},
	{0xF788, 2, {0x00, 0x88}},
	{0xF78A, 2, {0x00, 0x10}},
	{0xF78C, 2, {0x00, 0x88}},
	{0xF78E, 2, {0x11, 0x10}},
	{0x0206, 2, {0x03, 0x3C}},	
	{0x020C, 2, {0x13, 0x5F}},	
	{0x0210, 2, {0x13, 0x6F}},	
	{0x0224, 2, {0x00, 0x05}},	
	{0x0226, 2, {0x00, 0x12}},	
	{0x0238, 2, {0x00, 0x19}},	
	{0x023A, 2, {0x00, 0x29}},	
	{0x0318, 2, {0x00, 0x4D}},	
	{0x0348, 2, {0x12, 0xC6}},	
	{0x034A, 2, {0x03, 0x23}},	
	{0x035A, 2, {0x00, 0x20}},	
	{0x0376, 2, {0x08, 0x40}},	
	{0x03A0, 2, {0x03, 0x3C}},	
	{0x03A4, 2, {0x02, 0x00}},	
	{0x03A6, 2, {0x02, 0x00}},	
	{0x03A8, 2, {0x02, 0x00}},	
	{0x03AA, 2, {0x02, 0x00}},	
	{0x03AC, 2, {0x02, 0x00}},	
	{0x03AE, 2, {0x02, 0x00}},	
	{0x03B0, 2, {0x02, 0x00}},	
	{0x03B2, 2, {0x02, 0x00}},	
	{0x03B4, 2, {0x00, 0x40}},	
	{0x03B8, 2, {0xB8, 0x60}},	
	{0x03BA, 2, {0xA0, 0x40}},	
	{0x03EC, 2, {0x82, 0xA0}},	
	{0x03EE, 2, {0x00, 0x4A}},	
	{0x03F0, 2, {0x03, 0x40}},	
	{0x03F2, 2, {0x02, 0xED}},	
	{0x0402, 2, {0x50, 0x86}},	
	{0x0404, 2, {0x10, 0x00}},	
	{0x0406, 2, {0x01, 0x01}},	
	{0x0408, 2, {0x01, 0x01}},	
	{0x0414, 2, {0xB1, 0xE4}},	
	{0x0426, 2, {0x00, 0x22}},	
	{0x0428, 2, {0x00, 0x0C}},	
	{0x042A, 2, {0x02, 0x10}},	
	{0x0448, 2, {0x0E, 0x77}},	
	{0x044C, 2, {0x00, 0x1C}},	
	{0x044E, 2, {0x00, 0x52}},	
	{0x046A, 2, {0x00, 0x04}},	
	{0x0472, 2, {0x01, 0x00}},	
	{0x0D00, 2, {0x00, 0x00}},	
	{0x0D2C, 2, {0x60, 0x08}},	
	{0x0D2E, 2, {0x00, 0x01}},	
	{0x0D30, 2, {0x00, 0x02}},	
	{0x0500, 2, {0x99, 0x01}},	
	{0x050C, 2, {0x13, 0x6F}},	
	{0x0510, 2, {0x13, 0x5F}},	
	{0x062C, 2, {0x00, 0xFF}},	
	{0x3618, 2, {0x00, 0x90}},	
	{0x3620, 2, {0x00, 0x4A}},	
	{0x3622, 2, {0x00, 0x72}},	
	{0x3500, 2, {0x55, 0x58}},	
	{0x350C, 2, {0x0A, 0x0A}},	
	{0x350E, 2, {0x0A, 0x0A}},	
	{0x5394, 2, {0xE8, 0x00}},	
	{0x5396, 2, {0xD8, 0xE8}},	
	{0x5398, 2, {0x00, 0xD8}},	
	{0x53B0, 2, {0x01, 0x1D}},	
	{0x53C8, 2, {0x03, 0x96}},	
	{0x1410, 2, {0x00, 0x01}},	
	{0x0B04, 2, {0x1B, 0x38}},	
	{0x0B06, 2, {0x05, 0x3D}},	
	{0x0B0E, 2, {0x02, 0x02}},	
	{0x0B1C, 2, {0x20, 0x40}},	
	{0x0B20, 2, {0x10, 0x04}},//0x1000	
	{0x0B32, 2, {0xFF, 0xFF}},	
	{0x0B3C, 2, {0x00, 0x01}},	
	{0x1E2E, 2, {0x02, 0x02}},	
	{0x1702, 2, {0x61, 0x1C}},	
	{0x150C, 2, {0x41, 0x00}},	
	{0x1510, 2, {0x04, 0x70}},	
	{0x1512, 2, {0x00, 0x54}},	
	{0x1520, 2, {0x01, 0x00}},	
	{0x101A, 2, {0x00, 0x49}},	
	{0x101C, 2, {0x8A, 0xCF}},	
	{0x1030, 2, {0x1F, 0x01}},	
	{0x1042, 2, {0x10, 0x0C}},	
	{0x104E, 2, {0x00, 0x06}},	
	{0x105A, 2, {0x01, 0x88}},	
	{0x105C, 2, {0x33, 0xFA}},	
	{0x105E, 2, {0x10, 0x00}},	
	{0x1062, 2, {0x01, 0x00}},	
	{0x107A, 2, {0x00, 0x80}},	
	{0x1084, 2, {0x00, 0x80}},	
	{0x10C4, 2, {0x60, 0x00}},	
	{0x10C6, 2, {0x06, 0x79}},	
	{0x10D4, 2, {0x82, 0x40}},	
	{0x10D6, 2, {0x00, 0x49}},	
	{0x10D8, 2, {0x01, 0x16}},	
	{0x0A08, 2, {0xA8, 0x89}},	
	{0x0A0A, 2, {0x8A, 0xAA}},	
	{0x0A0C, 2, {0xF0, 0x5D}},	
	{0x0A10, 2, {0x60, 0x70}},	
	{0x0A18, 2, {0x03, 0x50}},	
	{0x0A24, 2, {0x00, 0xE4}},	
	{0x0A28, 2, {0xC5, 0x07}},	
	{0x0A2A, 2, {0xC5, 0x07}},	
	{0x0726, 2, {0x08, 0x00}},	
	{0x0736, 2, {0x00, 0xBA}},	
	{0x073C, 2, {0x05, 0x01}},	
	{0x0742, 2, {0x01, 0x00}},	
	{0x0746, 2, {0x01, 0x32}},	
	{0x074E, 2, {0x03, 0x03}},	
	{0x0766, 2, {0x00, 0x7D}},	
	{0x076C, 2, {0x01, 0x00}},	
	{0x0792, 2, {0x00, 0xBA}},	
	{0x0796, 2, {0x05, 0x01}},	
	{0x0798, 2, {0x01, 0x32}},	
	{0x079E, 2, {0x03, 0x03}},	
	{0x07A0, 2, {0x00, 0x7D}},	
	{0x07A6, 2, {0x01, 0x00}},	
	{0x07A8, 2, {0x00, 0x01}},	
	{0x1320, 2, {0x46, 0x17}},	
	{0x1326, 2, {0x01, 0xF5}},	
	{0x132C, 2, {0xD8, 0x96}},	
	{0x1330, 2, {0x00, 0x02}},	
	{0x136C, 2, {0x01, 0x5E}},	
	{0x1374, 2, {0x0D, 0x81}},	
	{0x1376, 2, {0x00, 0x14}},	
	{0x1200, 2, {0x01, 0x40}},	
	{0x1206, 2, {0x08, 0x50}},	
	{0x120C, 2, {0x00, 0x20}},	
	{0x120E, 2, {0x18, 0xB4}},	
	{0x1210, 2, {0x00, 0x50}},	
	{0x1212, 2, {0xD2, 0x00}},	
	{0x122A, 2, {0x00, 0x78}},	
	{0x3B16, 2, {0x40, 0x0A}},	
	{0x3B18, 2, {0x02, 0x60}},	
	{0x4700, 2, {0x3F, 0x74}},	
	{0x4718, 2, {0x23, 0xBF}},	
	{0x471A, 2, {0x40, 0x0F}},	
	{0x4002, 2, {0x00, 0x00}},	
	{0x4010, 2, {0x08, 0x00}},	
	{0x4016, 2, {0x05, 0x56}},	
	{0x1C00, 2, {0x07, 0x11}},	
	{0x1600, 2, {0x00, 0x02}},	
	{0x160A, 2, {0x00, 0x10}},	
	{0x160C, 2, {0x10, 0x00}},	
	{0x160E, 2, {0x00, 0x04}},	
	{0x1614, 2, {0x00, 0x01}},	
	{0x1616, 2, {0x00, 0x00}},	
	{0x1618, 2, {0x00, 0x00}},	
	{0x4502, 2, {0x00, 0x06}},	
	{0x4504, 2, {0x00, 0x47}},	
	{0x450C, 2, {0x00, 0x00}},	
	{0x455A, 2, {0x00, 0x46}},	
	{0x45A4, 2, {0x01, 0xC0}},	
	{0x45A6, 2, {0x03, 0x80}},	
	{0x45A8, 2, {0x00, 0x41}},	
	{0x45F2, 2, {0x00, 0x46}},	
	{0x2700, 2, {0x06, 0xBD}},	
	{0x2702, 2, {0x01, 0x00}},	
	{0x2710, 2, {0x00, 0x54}},	
	{0x2712, 2, {0x00, 0xB8}},	
	{0x2800, 2, {0x66, 0x66}},	
	{0x0286, 2, {0x00, 0x02}},	
	{0x027E, 2, {0x01, 0x00}},                                                                                                                                                                    
	//[SENSOR_RES_MOD]
	//DISP_WIDTH = 4096
	//DISP_HEIGHT = 3072
	//DISP_NOTE = "Q2SUM_12P5M_PD2_LR_VC_DYN_DCG"
	//MIPI_SPEED = 2448.00
	//MIPI_LANE = 4
	//DISP_DATAORDER = GR
	//SENSOR_FPS = 30.10
	//AG_MAX = 64.0
	////////////////////////////////////////////
	// VT CLK: 124.00MHz
	// Line length: 828
	// Frame length: 4975
	// Frame rate: 30.10
	// ISP CLK: 125.00MHz
	// V-Blank: 12707.13us
	// Output bitwidth: 10 bits
	// PD output bitwidth: 10 bits
	////////////////////////////////////////////
	//BEGIN
	//I2C_BYTE = 0x22
	{0x0204, 2, {0x44, 0x28}},	
	{0x024C, 2, {0x00, 0x21}},	
	{0x024E, 2, {0x06, 0x2E}},	
	{0x0280, 2, {0x01, 0x21}},	
	{0x0282, 2, {0x01, 0x01}},	
	{0x03C0, 2, {0x00, 0x00}},	
	{0x03C2, 2, {0x00, 0x00}},	
	{0x0476, 2, {0x00, 0xFF}},	
	{0x0478, 2, {0x00, 0x00}},	
	{0x0486, 2, {0x00, 0x01}},	
	{0x0508, 2, {0x01, 0x8A}},	
	{0x051C, 2, {0x02, 0x0B}},	
	{0x0530, 2, {0x03, 0x0C}},	
	{0x0544, 2, {0x04, 0x0D}},	
	{0x3600, 2, {0x04, 0x22}},	
	{0x0F00, 2, {0x00, 0x00}},	
	{0x0F04, 2, {0x00, 0x10}},	
	{0x0F06, 2, {0x00, 0x10}},	
	{0x0F08, 2, {0x00, 0x11}},	
	{0x0F0A, 2, {0x22, 0x33}},	
	{0x0F0C, 2, {0x44, 0x55}},	
	{0x0F0E, 2, {0x66, 0x77}},	
	{0x0F10, 2, {0x88, 0x99}},	
	{0x0F12, 2, {0xAA, 0xBB}},	
	{0x0F14, 2, {0xCC, 0xDD}},	
	{0x0F16, 2, {0xEE, 0xFF}},	
	{0x0B1E, 2, {0x18, 0x40}},	
	{0x0B22, 2, {0x0C, 0x04}},//C00	
	{0x1E0A, 2, {0x81, 0x20}},	
	{0x1E10, 2, {0x00, 0x00}},	
	{0x1500, 2, {0x22, 0x20}},	
	{0x1502, 2, {0x00, 0x3D}},	
	{0x1506, 2, {0x00, 0x00}},	
	{0x1508, 2, {0x00, 0xE0}},	
	{0x150A, 2, {0x00, 0xE0}},	
	{0x1000, 2, {0x03, 0xC0}},	
	{0x1002, 2, {0xC3, 0x11}},	
	{0x1004, 2, {0x2B, 0xAB}},	
	{0x1020, 2, {0xC1, 0x09}},	
	{0x1022, 2, {0x0A, 0x2A}},	
	{0x1024, 2, {0x02, 0x0A}},	
	{0x1026, 2, {0x10, 0x0F}},	
	{0x1028, 2, {0x12, 0x0E}},	
	{0x102A, 2, {0x11, 0x04}},	
	{0x102C, 2, {0x00, 0x1A}},	
	{0x102E, 2, {0x08, 0x08}},	
	{0x1086, 2, {0x00, 0x41}},	
	{0x1088, 2, {0x10, 0x82}},	
	{0x10B8, 2, {0x18, 0xC0}},	
	{0x10BC, 2, {0x2B, 0x2B}},	
	{0x10CA, 2, {0x20, 0x42}},	
	{0x10CE, 2, {0x0C, 0x00}},	
	{0x10E0, 2, {0x84, 0x11}},	
	{0x10E2, 2, {0x00, 0x00}},	
	{0x10E4, 2, {0x1C, 0x00}},	
	{0x10E6, 2, {0x03, 0x00}},	
	{0x10E8, 2, {0x00, 0x00}},	
	{0x10EA, 2, {0x05, 0x29}},	
	{0x10EC, 2, {0x55, 0x18}},	
	{0x10EE, 2, {0x55, 0x00}},	
	{0x10F0, 2, {0x01, 0x00}},	
	{0x10F2, 2, {0x00, 0x00}},	
	{0x10F4, 2, {0x05, 0x55}},	
	{0x10F6, 2, {0x55, 0xB4}},	
	{0x10F8, 2, {0xB0, 0x00}},	
	{0x10FA, 2, {0x00, 0x00}},	
	{0x0A12, 2, {0x00, 0x02}},	
	{0x121A, 2, {0x04, 0x00}},	
	{0x12A0, 2, {0x00, 0x00}},	
	{0x4012, 2, {0x06, 0x1D}},	
	{0x401A, 2, {0x08, 0x1E}},	
	{0x1610, 2, {0x03, 0x00}},	
	{0x1D02, 2, {0x03, 0x07}},	
	{0x0A10, 2, {0xA4, 0x60}},	
	{0x0628, 2, {0x02, 0x00}},	
	{0x8250, 2, {0x01, 0x86}},	
	{0x8252, 2, {0x01, 0x9B}},	
	{0x8254, 2, {0x01, 0xB1}},	
	{0x8256, 2, {0x01, 0xC8}},	
	{0x8258, 2, {0x01, 0xE1}},	
	{0x825A, 2, {0x01, 0xFC}},	
	{0x825C, 2, {0x03, 0x00}},	
	{0x825E, 2, {0x03, 0xC8}},	
	{0x8260, 2, {0x03, 0xD0}},	
	{0x8262, 2, {0x02, 0x80}},	
	{0x8264, 2, {0x06, 0x80}},	
	{0x8266, 2, {0x06, 0x80}},	
	{0x8268, 2, {0x00, 0x00}},	
	{0x826A, 2, {0x00, 0x0D}},	
	{0x826C, 2, {0x00, 0x13}},	
	{0x826E, 2, {0xFF, 0xEB}},	
	{0x8270, 2, {0x00, 0x00}},	
	{0x8272, 2, {0x00, 0x00}},	
	{0x8274, 2, {0x00, 0x10}},	
	{0x8276, 2, {0x17, 0x34}},	
	{0x8278, 2, {0x36, 0x24}},	
	{0x827A, 2, {0x60, 0xAE}},	
	{0x827C, 2, {0x74, 0x04}},	
	{0x827E, 2, {0x9A, 0xB0}},	
	{0x8280, 2, {0x0E, 0x00}},	
	{0x8282, 2, {0x08, 0x00}},	
	{0x8284, 2, {0x08, 0x00}},	
	{0x8286, 2, {0x08, 0x00}},	
	{0x8288, 2, {0x08, 0x00}},	
	{0x828A, 2, {0x08, 0x00}},	
	{0x828C, 2, {0x00, 0x00}},	
	{0x828E, 2, {0x00, 0x00}},	
	{0x8290, 2, {0x00, 0x00}},	
	{0x8292, 2, {0x00, 0x00}},	
	{0x8294, 2, {0x00, 0x00}},	
	{0x8296, 2, {0x00, 0x00}},	
	{0x8298, 2, {0x00, 0x00}},	
	{0x829A, 2, {0x00, 0x70}},	
	{0x829C, 2, {0x00, 0xF0}},	
	{0x829E, 2, {0x01, 0xF0}},	
	{0x82A0, 2, {0x02, 0xF0}},	
	{0x82A2, 2, {0x03, 0xF0}},	
	{0x82A4, 2, {0x08, 0x00}},	
	{0x82A6, 2, {0x08, 0x00}},	
	{0x82A8, 2, {0x08, 0x00}},	
	{0x82AA, 2, {0x08, 0x00}},	
	{0x82AC, 2, {0x08, 0x00}},	
	{0x82AE, 2, {0x08, 0x00}},	
	{0x82B0, 2, {0xFF, 0xC9}},	
	{0x82B2, 2, {0xFF, 0x81}},	
	{0x82B4, 2, {0xFF, 0x2C}},	
	{0x82B6, 2, {0xFE, 0x96}},	
	{0x82B8, 2, {0xFD, 0x96}},	
	{0x82BA, 2, {0xFC, 0xC4}},	
	{0x82BC, 2, {0x01, 0x86}},	
	{0x82BE, 2, {0x01, 0x9B}},	
	{0x82C0, 2, {0x01, 0xB1}},	
	{0x82C2, 2, {0x01, 0xC8}},	
	{0x82C4, 2, {0x01, 0xE1}},	
	{0x82C6, 2, {0x01, 0xFC}},	
	{0x82C8, 2, {0x03, 0x00}},	
	{0x82CA, 2, {0x03, 0xB0}},	
	{0x82CC, 2, {0x03, 0xB0}},	
	{0x82CE, 2, {0x02, 0x80}},	
	{0x82D0, 2, {0x06, 0x80}},	
	{0x82D2, 2, {0x06, 0x80}},	
	{0x82D4, 2, {0x00, 0x00}},	
	{0x82D6, 2, {0x00, 0x3A}},	
	{0x82D8, 2, {0x00, 0x21}},	
	{0x82DA, 2, {0xFF, 0xC8}},	
	{0x82DC, 2, {0x00, 0x00}},	
	{0x82DE, 2, {0x00, 0x00}},	
	{0x82E0, 2, {0x00, 0x10}},	
	{0x82E2, 2, {0x17, 0x34}},	
	{0x82E4, 2, {0x36, 0x24}},	
	{0x82E6, 2, {0x60, 0xAE}},	
	{0x82E8, 2, {0x74, 0x04}},	
	{0x82EA, 2, {0x9A, 0xB0}},	
	{0x82EC, 2, {0x0E, 0x00}},	
	{0x82EE, 2, {0x08, 0x00}},	
	{0x82F0, 2, {0x08, 0x00}},	
	{0x82F2, 2, {0x08, 0x00}},	
	{0x82F4, 2, {0x08, 0x00}},	
	{0x82F6, 2, {0x08, 0x00}},	
	{0x82F8, 2, {0x00, 0x00}},	
	{0x82FA, 2, {0x00, 0x00}},	
	{0x82FC, 2, {0x00, 0x00}},	
	{0x82FE, 2, {0x00, 0x00}},	
	{0x8300, 2, {0x00, 0x00}},	
	{0x8302, 2, {0x00, 0x00}},	
	{0x8304, 2, {0x00, 0x00}},	
	{0x8306, 2, {0x00, 0x70}},	
	{0x8308, 2, {0x00, 0xF0}},	
	{0x830A, 2, {0x01, 0xF0}},	
	{0x830C, 2, {0x02, 0xF0}},	
	{0x830E, 2, {0x03, 0xF0}},	
	{0x8310, 2, {0x08, 0x00}},	
	{0x8312, 2, {0x08, 0x00}},	
	{0x8314, 2, {0x08, 0x00}},	
	{0x8316, 2, {0x08, 0x00}},	
	{0x8318, 2, {0x08, 0x00}},	
	{0x831A, 2, {0x08, 0x00}},	
	{0x831C, 2, {0xFF, 0xC9}},	
	{0x831E, 2, {0xFF, 0x89}},	
	{0x8320, 2, {0xFF, 0x3A}},	
	{0x8322, 2, {0xFE, 0x90}},	
	{0x8324, 2, {0xFD, 0xB5}},	
	{0x8326, 2, {0xFC, 0xC6}},	
	{0x8328, 2, {0x01, 0x86}},	
	{0x832A, 2, {0x01, 0x9B}},	
	{0x832C, 2, {0x01, 0xB1}},	
	{0x832E, 2, {0x01, 0xC8}},	
	{0x8330, 2, {0x01, 0xE1}},	
	{0x8332, 2, {0x01, 0xFC}},	
	{0x8334, 2, {0x03, 0x00}},	
	{0x8336, 2, {0x03, 0xC8}},	
	{0x8338, 2, {0x03, 0xE0}},	
	{0x833A, 2, {0x03, 0x00}},	
	{0x833C, 2, {0x07, 0x80}},	
	{0x833E, 2, {0x07, 0x80}},	
	{0x8340, 2, {0x00, 0x00}},	
	{0x8342, 2, {0x00, 0x36}},	
	{0x8344, 2, {0x00, 0x17}},	
	{0x8346, 2, {0xFF, 0xD7}},	
	{0x8348, 2, {0x00, 0x00}},	
	{0x834A, 2, {0x00, 0x00}},	
	{0x834C, 2, {0x00, 0x10}},	
	{0x834E, 2, {0x17, 0x34}},	
	{0x8350, 2, {0x36, 0x24}},	
	{0x8352, 2, {0x60, 0xAE}},	
	{0x8354, 2, {0x74, 0x04}},	
	{0x8356, 2, {0x9A, 0xB0}},	
	{0x8358, 2, {0x0C, 0x00}},	
	{0x835A, 2, {0x08, 0x00}},	
	{0x835C, 2, {0x08, 0x00}},	
	{0x835E, 2, {0x08, 0x00}},	
	{0x8360, 2, {0x08, 0x00}},	
	{0x8362, 2, {0x08, 0x00}},	
	{0x8364, 2, {0x00, 0x00}},	
	{0x8366, 2, {0x00, 0x00}},	
	{0x8368, 2, {0x00, 0x00}},	
	{0x836A, 2, {0x00, 0x00}},	
	{0x836C, 2, {0x00, 0x00}},	
	{0x836E, 2, {0x00, 0x00}},	
	{0x8370, 2, {0x00, 0x00}},	
	{0x8372, 2, {0x00, 0x70}},	
	{0x8374, 2, {0x00, 0xF0}},	
	{0x8376, 2, {0x01, 0xF0}},	
	{0x8378, 2, {0x02, 0xF0}},	
	{0x837A, 2, {0x03, 0xF0}},	
	{0x837C, 2, {0x08, 0x00}},	
	{0x837E, 2, {0x08, 0x00}},	
	{0x8380, 2, {0x08, 0x00}},	
	{0x8382, 2, {0x08, 0x00}},	
	{0x8384, 2, {0x08, 0x00}},	
	{0x8386, 2, {0x08, 0x00}},	
	{0x8388, 2, {0xFF, 0xBF}},	
	{0x838A, 2, {0xFF, 0x7F}},	
	{0x838C, 2, {0xFE, 0xEF}},	
	{0x838E, 2, {0xFE, 0x1A}},	
	{0x8390, 2, {0xFD, 0x3E}},	
	{0x8392, 2, {0xFC, 0x92}},	
	{0x8394, 2, {0x01, 0x86}},	
	{0x8396, 2, {0x01, 0x9B}},	
	{0x8398, 2, {0x01, 0xB1}},	
	{0x839A, 2, {0x01, 0xC8}},	
	{0x839C, 2, {0x01, 0xE1}},	
	{0x839E, 2, {0x01, 0xFC}},	
	{0x83A0, 2, {0x03, 0x00}},	
	{0x83A2, 2, {0x03, 0xC0}},	
	{0x83A4, 2, {0x03, 0xE0}},	
	{0x83A6, 2, {0x03, 0x00}},	
	{0x83A8, 2, {0x07, 0x80}},	
	{0x83AA, 2, {0x07, 0x80}},	
	{0x83AC, 2, {0x00, 0x00}},	
	{0x83AE, 2, {0x00, 0x53}},	
	{0x83B0, 2, {0xFF, 0xF6}},	
	{0x83B2, 2, {0xFF, 0xDF}},	
	{0x83B4, 2, {0xFF, 0x49}},	
	{0x83B6, 2, {0x00, 0x00}},	
	{0x83B8, 2, {0x00, 0x10}},	
	{0x83BA, 2, {0x17, 0x34}},	
	{0x83BC, 2, {0x36, 0x24}},	
	{0x83BE, 2, {0x60, 0xAE}},	
	{0x83C0, 2, {0x74, 0x04}},	
	{0x83C2, 2, {0x9A, 0xB0}},	
	{0x83C4, 2, {0x0C, 0x00}},	
	{0x83C6, 2, {0x08, 0x00}},	
	{0x83C8, 2, {0x08, 0x00}},	
	{0x83CA, 2, {0x08, 0x00}},	
	{0x83CC, 2, {0x08, 0x00}},	
	{0x83CE, 2, {0x08, 0x00}},	
	{0x83D0, 2, {0x00, 0x00}},	
	{0x83D2, 2, {0x00, 0x00}},	
	{0x83D4, 2, {0x00, 0x00}},	
	{0x83D6, 2, {0x00, 0x00}},	
	{0x83D8, 2, {0x00, 0x00}},	
	{0x83DA, 2, {0x00, 0x00}},	
	{0x83DC, 2, {0x00, 0x00}},	
	{0x83DE, 2, {0x00, 0x70}},	
	{0x83E0, 2, {0x00, 0xF0}},	
	{0x83E2, 2, {0x01, 0xF0}},	
	{0x83E4, 2, {0x02, 0xF0}},	
	{0x83E6, 2, {0x03, 0xF0}},	
	{0x83E8, 2, {0x08, 0x00}},	
	{0x83EA, 2, {0x08, 0x00}},	
	{0x83EC, 2, {0x08, 0x00}},	
	{0x83EE, 2, {0x08, 0x00}},	
	{0x83F0, 2, {0x08, 0x00}},	
	{0x83F2, 2, {0x08, 0x00}},	
	{0x83F4, 2, {0xFF, 0xC0}},	
	{0x83F6, 2, {0xFF, 0x7C}},	
	{0x83F8, 2, {0xFE, 0xD2}},	
	{0x83FA, 2, {0xFE, 0x02}},	
	{0x83FC, 2, {0xFD, 0x30}},	
	{0x83FE, 2, {0xFC, 0x6E}},	
	{0x8400, 2, {0x08, 0x00}},	
	{0x8402, 2, {0x00, 0x00}},	
	{0x8404, 2, {0x00, 0x00}},	
	{0x8406, 2, {0x00, 0x00}},	
	{0x2B00, 2, {0x00, 0x43}},	
	{0x2B02, 2, {0x00, 0x45}},	
	{0x2B04, 2, {0x00, 0x4E}},	
	{0x2B06, 2, {0x00, 0x59}},	
	{0x2B08, 2, {0x00, 0x94}},	
	{0x2B0A, 2, {0x01, 0x0E}},	
	{0x2B0C, 2, {0x02, 0x5A}},	
	{0x2B0E, 2, {0x07, 0xFF}},	
	{0x2B18, 2, {0x00, 0x43}},	
	{0x2B1A, 2, {0x00, 0x45}},	
	{0x2B1C, 2, {0x00, 0x4E}},	
	{0x2B1E, 2, {0x00, 0x59}},	
	{0x2B20, 2, {0x00, 0x94}},	
	{0x2B22, 2, {0x01, 0x0E}},	
	{0x2B24, 2, {0x02, 0x5A}},	
	{0x2B26, 2, {0x07, 0xFF}},	
	{0x2B30, 2, {0x00, 0x43}},	
	{0x2B32, 2, {0x00, 0x48}},	
	{0x2B34, 2, {0x00, 0x51}},	
	{0x2B36, 2, {0x00, 0x52}},	
	{0x2B38, 2, {0x00, 0x92}},	
	{0x2B3A, 2, {0x00, 0xBA}},	
	{0x2B3C, 2, {0x02, 0x50}},	
	{0x2B3E, 2, {0x07, 0xFF}},	
	{0x2B48, 2, {0x00, 0x43}},	
	{0x2B4A, 2, {0x00, 0x44}},	
	{0x2B4C, 2, {0x00, 0x46}},	
	{0x2B4E, 2, {0x00, 0x5D}},	
	{0x2B50, 2, {0x00, 0xA0}},	
	{0x2B52, 2, {0x01, 0x1A}},	
	{0x2B54, 2, {0x02, 0x31}},	
	{0x2B56, 2, {0x07, 0xFF}},	
	{0x1900, 2, {0x00, 0x26}},	
	{0x1902, 2, {0x00, 0x00}},	
	{0x1904, 2, {0x00, 0x98}},	
	{0x1906, 2, {0x00, 0x00}},	
	{0x1908, 2, {0x00, 0x09}},	
	{0x190A, 2, {0x00, 0x00}},	
	{0x190C, 2, {0x20, 0x41}},	
	{0x190E, 2, {0x00, 0x00}},	
	{0x1910, 2, {0x00, 0x1F}},	
	{0x1912, 2, {0x00, 0x00}},	
	{0x1914, 2, {0x00, 0x3D}},	
	{0x1916, 2, {0x00, 0x00}},	
	{0x1918, 2, {0x00, 0x87}},	
	{0x191A, 2, {0x00, 0x00}},	
	{0x1A00, 2, {0x00, 0x26}},	
	{0x1A02, 2, {0x00, 0x00}},	
	{0x1A04, 2, {0x00, 0x98}},	
	{0x1A06, 2, {0x00, 0x00}},	
	{0x1A08, 2, {0x00, 0x09}},	
	{0x1A0A, 2, {0x00, 0x00}},	
	{0x1A0C, 2, {0x20, 0x41}},	
	{0x1A0E, 2, {0x00, 0x00}},	
	{0x1A10, 2, {0x00, 0x1F}},	
	{0x1A12, 2, {0x00, 0x00}},	
	{0x1A14, 2, {0x00, 0x3D}},	
	{0x1A16, 2, {0x00, 0x00}},	
	{0x1A18, 2, {0x00, 0x87}},	
	{0x1A1A, 2, {0x00, 0x00}},	
	{0x2900, 2, {0x20, 0x22}},	
	{0x2902, 2, {0x00, 0x00}},	
	{0x2904, 2, {0x00, 0x2B}},	
	{0x2906, 2, {0x00, 0x00}},	
	{0x2908, 2, {0x20, 0x40}},	
	{0x290A, 2, {0x00, 0x00}},	
	{0x290C, 2, {0x20, 0x06}},	
	{0x290E, 2, {0x00, 0x00}},	
	{0x2910, 2, {0x00, 0x0B}},	
	{0x2912, 2, {0x00, 0x00}},	
	{0x2914, 2, {0x00, 0x48}},	
	{0x2916, 2, {0x00, 0x00}},	
	{0x2918, 2, {0x00, 0x7C}},	
	{0x291A, 2, {0x00, 0x00}},	
	{0x2A00, 2, {0x20, 0x74}},	
	{0x2A02, 2, {0x00, 0x00}},	
	{0x2A04, 2, {0x00, 0x09}},	
	{0x2A06, 2, {0x00, 0x00}},	
	{0x2A08, 2, {0x00, 0x48}},	
	{0x2A0A, 2, {0x00, 0x00}},	
	{0x2A0C, 2, {0x20, 0x14}},	
	{0x2A0E, 2, {0x00, 0x00}},	
	{0x2A10, 2, {0x00, 0x25}},	
	{0x2A12, 2, {0x00, 0x00}},	
	{0x2A14, 2, {0x00, 0x2F}},	
	{0x2A16, 2, {0x00, 0x00}},	
	{0x2A18, 2, {0x00, 0x46}},	
	{0x2A1A, 2, {0x00, 0x00}},	
	{0x192C, 2, {0x01, 0xBC}},	
	{0x192E, 2, {0x00, 0x02}},	
	{0x1930, 2, {0x03, 0xFD}},	
	{0x1932, 2, {0x00, 0x02}},	
	{0x1934, 2, {0x03, 0xC8}},	
	{0x1936, 2, {0x00, 0x00}},	
	{0x1938, 2, {0x0B, 0x14}},	
	{0x193A, 2, {0x00, 0x00}},	
	{0x193C, 2, {0x14, 0x9E}},	
	{0x193E, 2, {0x00, 0x02}},	
	{0x1940, 2, {0x2C, 0x95}},	
	{0x1942, 2, {0x00, 0x02}},	
	{0x1944, 2, {0xC7, 0x15}},	
	{0x1946, 2, {0x00, 0x02}},	
	{0x1A2C, 2, {0x01, 0xBC}},	
	{0x1A2E, 2, {0x00, 0x02}},	
	{0x1A30, 2, {0x03, 0xFD}},	
	{0x1A32, 2, {0x00, 0x02}},	
	{0x1A34, 2, {0x03, 0xC8}},	
	{0x1A36, 2, {0x00, 0x00}},	
	{0x1A38, 2, {0x0B, 0x14}},	
	{0x1A3A, 2, {0x00, 0x00}},	
	{0x1A3C, 2, {0x14, 0x9E}},	
	{0x1A3E, 2, {0x00, 0x02}},	
	{0x1A40, 2, {0x2C, 0x95}},	
	{0x1A42, 2, {0x00, 0x02}},	
	{0x1A44, 2, {0xC7, 0x15}},	
	{0x1A46, 2, {0x00, 0x02}},	
	{0x292C, 2, {0x00, 0x5B}},	
	{0x292E, 2, {0x00, 0x02}},	
	{0x2930, 2, {0x02, 0xC6}},	
	{0x2932, 2, {0x00, 0x02}},	
	{0x2934, 2, {0x04, 0x64}},	
	{0x2936, 2, {0x00, 0x00}},	
	{0x2938, 2, {0x00, 0x3F}},	
	{0x293A, 2, {0x00, 0x00}},	
	{0x293C, 2, {0x05, 0x42}},	
	{0x293E, 2, {0x00, 0x02}},	
	{0x2940, 2, {0x22, 0x70}},	
	{0x2942, 2, {0x00, 0x02}},	
	{0x2944, 2, {0x8D, 0xC9}},	
	{0x2946, 2, {0x00, 0x02}},	
	{0x2A2C, 2, {0x00, 0xA2}},	
	{0x2A2E, 2, {0x00, 0x00}},	
	{0x2A30, 2, {0x01, 0x3F}},	
	{0x2A32, 2, {0x00, 0x02}},	
	{0x2A34, 2, {0x02, 0xCA}},	
	{0x2A36, 2, {0x00, 0x02}},	
	{0x2A38, 2, {0x07, 0xBD}},	
	{0x2A3A, 2, {0x00, 0x00}},	
	{0x2A3C, 2, {0x0D, 0xE2}},	
	{0x2A3E, 2, {0x00, 0x02}},	
	{0x2A40, 2, {0x16, 0x52}},	
	{0x2A42, 2, {0x00, 0x02}},	
	{0x2A44, 2, {0x44, 0x21}},	
	{0x2A46, 2, {0x00, 0x02}},	
	{0x8150, 2, {0x01, 0xFD}},	
	{0x8152, 2, {0x01, 0xFC}},	
	{0x8154, 2, {0x01, 0xFC}},	
	{0x8156, 2, {0x01, 0xFC}},	
	{0x8158, 2, {0x01, 0xFB}},	
	{0x815A, 2, {0x01, 0xFB}},	
	{0x815C, 2, {0x01, 0xFB}},	
	{0x815E, 2, {0x01, 0xFA}},	
	{0x8160, 2, {0x01, 0xFB}},	
	{0x8162, 2, {0x01, 0xFB}},	
	{0x8164, 2, {0x01, 0xFA}},	
	{0x8166, 2, {0x01, 0xFA}},	
	{0x8168, 2, {0x01, 0xFA}},	
	{0x816A, 2, {0x01, 0xFA}},	
	{0x816C, 2, {0x01, 0xFA}},	
	{0x816E, 2, {0x01, 0xFA}},	
	{0x8170, 2, {0x01, 0xFA}},	
	{0x8172, 2, {0x01, 0xFA}},	
	{0x8174, 2, {0x01, 0xFA}},	
	{0x8176, 2, {0x01, 0xFA}},	
	{0x8178, 2, {0x01, 0xFA}},	
	{0x817A, 2, {0x01, 0xFA}},	
	{0x817C, 2, {0x01, 0xFA}},	
	{0x817E, 2, {0x01, 0xF9}},	
	{0x8180, 2, {0x01, 0xFA}},	
	{0x8182, 2, {0x01, 0xFA}},	
	{0x8184, 2, {0x01, 0xFA}},	
	{0x8186, 2, {0x01, 0xF9}},	
	{0x8188, 2, {0x01, 0xF9}},	
	{0x818A, 2, {0x01, 0xF9}},	
	{0x818C, 2, {0x01, 0xF9}},	
	{0x818E, 2, {0x01, 0xF9}},	
	{0x8190, 2, {0x01, 0xFD}},	
	{0x8192, 2, {0x01, 0xFC}},	
	{0x8194, 2, {0x01, 0xFC}},	
	{0x8196, 2, {0x01, 0xFC}},	
	{0x8198, 2, {0x01, 0xFB}},	
	{0x819A, 2, {0x01, 0xFB}},	
	{0x819C, 2, {0x01, 0xFB}},	
	{0x819E, 2, {0x01, 0xFA}},	
	{0x81A0, 2, {0x01, 0xFB}},	
	{0x81A2, 2, {0x01, 0xFB}},	
	{0x81A4, 2, {0x01, 0xFA}},	
	{0x81A6, 2, {0x01, 0xFA}},	
	{0x81A8, 2, {0x01, 0xFA}},	
	{0x81AA, 2, {0x01, 0xFA}},	
	{0x81AC, 2, {0x01, 0xFA}},	
	{0x81AE, 2, {0x01, 0xFA}},	
	{0x81B0, 2, {0x01, 0xFA}},	
	{0x81B2, 2, {0x01, 0xFA}},	
	{0x81B4, 2, {0x01, 0xFA}},	
	{0x81B6, 2, {0x01, 0xFA}},	
	{0x81B8, 2, {0x01, 0xFA}},	
	{0x81BA, 2, {0x01, 0xFA}},	
	{0x81BC, 2, {0x01, 0xFA}},	
	{0x81BE, 2, {0x01, 0xF9}},	
	{0x81C0, 2, {0x01, 0xFA}},	
	{0x81C2, 2, {0x01, 0xFA}},	
	{0x81C4, 2, {0x01, 0xFA}},	
	{0x81C6, 2, {0x01, 0xF9}},	
	{0x81C8, 2, {0x01, 0xF9}},	
	{0x81CA, 2, {0x01, 0xF9}},	
	{0x81CC, 2, {0x01, 0xF9}},	
	{0x81CE, 2, {0x01, 0xF9}},	
	{0x81D0, 2, {0x02, 0x00}},	
	{0x81D2, 2, {0x01, 0xFE}},	
	{0x81D4, 2, {0x01, 0xFE}},	
	{0x81D6, 2, {0x01, 0xFE}},	
	{0x81D8, 2, {0x01, 0xFE}},	
	{0x81DA, 2, {0x01, 0xFE}},	
	{0x81DC, 2, {0x01, 0xFE}},	
	{0x81DE, 2, {0x01, 0xFF}},	
	{0x81E0, 2, {0x01, 0xFF}},	
	{0x81E2, 2, {0x01, 0xFE}},	
	{0x81E4, 2, {0x01, 0xFE}},	
	{0x81E6, 2, {0x01, 0xFE}},	
	{0x81E8, 2, {0x01, 0xFE}},	
	{0x81EA, 2, {0x01, 0xFE}},	
	{0x81EC, 2, {0x01, 0xFE}},	
	{0x81EE, 2, {0x01, 0xFE}},	
	{0x81F0, 2, {0x01, 0xFD}},	
	{0x81F2, 2, {0x01, 0xFD}},	
	{0x81F4, 2, {0x01, 0xFD}},	
	{0x81F6, 2, {0x01, 0xFE}},	
	{0x81F8, 2, {0x01, 0xFE}},	
	{0x81FA, 2, {0x01, 0xFE}},	
	{0x81FC, 2, {0x01, 0xFE}},	
	{0x81FE, 2, {0x01, 0xFE}},	
	{0x8200, 2, {0x01, 0xFE}},	
	{0x8202, 2, {0x01, 0xFE}},	
	{0x8204, 2, {0x01, 0xFE}},	
	{0x8206, 2, {0x01, 0xFE}},	
	{0x8208, 2, {0x01, 0xFE}},	
	{0x820A, 2, {0x01, 0xFF}},	
	{0x820C, 2, {0x01, 0xFF}},	
	{0x820E, 2, {0x01, 0xFF}},	
	{0x8210, 2, {0x02, 0x04}},	
	{0x8212, 2, {0x02, 0x06}},	
	{0x8214, 2, {0x02, 0x06}},	
	{0x8216, 2, {0x02, 0x08}},	
	{0x8218, 2, {0x02, 0x09}},	
	{0x821A, 2, {0x02, 0x09}},	
	{0x821C, 2, {0x02, 0x0B}},	
	{0x821E, 2, {0x02, 0x0B}},	
	{0x8220, 2, {0x02, 0x0B}},	
	{0x8222, 2, {0x02, 0x0B}},	
	{0x8224, 2, {0x02, 0x0C}},	
	{0x8226, 2, {0x02, 0x0C}},	
	{0x8228, 2, {0x02, 0x0C}},	
	{0x822A, 2, {0x02, 0x0C}},	
	{0x822C, 2, {0x02, 0x0C}},	
	{0x822E, 2, {0x02, 0x0C}},	
	{0x8230, 2, {0x02, 0x0C}},	
	{0x8232, 2, {0x02, 0x0C}},	
	{0x8234, 2, {0x02, 0x0C}},	
	{0x8236, 2, {0x02, 0x0D}},	
	{0x8238, 2, {0x02, 0x0D}},	
	{0x823A, 2, {0x02, 0x0D}},	
	{0x823C, 2, {0x02, 0x0D}},	
	{0x823E, 2, {0x02, 0x0D}},	
	{0x8240, 2, {0x02, 0x0D}},	
	{0x8242, 2, {0x02, 0x0D}},	
	{0x8244, 2, {0x02, 0x0D}},	
	{0x8246, 2, {0x02, 0x0D}},	
	{0x8248, 2, {0x02, 0x0E}},	
	{0x824A, 2, {0x02, 0x0E}},	
	{0x824C, 2, {0x02, 0x0E}},	
	{0x824E, 2, {0x02, 0x0E}},	
	{0x2700, 2, {0x06, 0xBD}},	
	{0x2702, 2, {0x01, 0x00}},	
	{0x2714, 2, {0x00, 0x14}},	
	{0x2716, 2, {0x01, 0xF4}},	
	{0x2718, 2, {0x04, 0x4C}},	
	{0x271A, 2, {0x05, 0x78}},	
	{0x2800, 2, {0x66, 0x66}},	
	{0x2804, 2, {0x60, 0x87}},
	{SEN_CMD_SETVD, 2, {0x00, 0x0}},
	{SEN_CMD_PRESET, 2, {0x00, 0x0}},
	{SEN_CMD_DIRECTION, 2, {0x00, 0x0}},	
	{0x0B00, 2, {0x01, 0x00}},                                                                                                                                                                                                           
};

static CTL_SEN_CMD hi5011q_mode_2[] = {	
	////////////////////////////////////////////////////////////
	//-------------------Firmware-------------------//
	///////////////////////////////////////////////////////////
	{0x0790, 2, {0x01, 0x00}},       
	{0xC000, 2, {0x67, 0xBD}},
	{0xC002, 2, {0x87, 0x93}},
	{0xC004, 2, {0x24, 0x47}},
	{0xC006, 2, {0x82, 0x93}},
	{0xC008, 2, {0x04, 0x07}},
	{0xC00A, 2, {0x8F, 0x93}},
	{0xC00C, 2, {0x04, 0x87}},
	{0xC00E, 2, {0x8F, 0x13}},
	{0xC010, 2, {0x0F, 0x07}},
	{0xC012, 2, {0x8E, 0x93}},
	{0xC014, 2, {0x13, 0x87}},
	{0xC016, 2, {0x8E, 0x13}},
	{0xC018, 2, {0x14, 0x07}},
	{0xC01A, 2, {0x83, 0x13}},
	{0xC01C, 2, {0x14, 0x87}},
	{0xC01E, 2, {0x88, 0x93}},
	{0xC020, 2, {0x1F, 0x07}},
	{0xC022, 2, {0x88, 0x13}},
	{0xC024, 2, {0x20, 0x87}},
	{0xC026, 2, {0x85, 0x93}},
	{0xC028, 2, {0x25, 0xC7}},
	{0xC02A, 2, {0x86, 0x13}},
	{0xC02C, 2, {0x45, 0x47}},
	{0xC02E, 2, {0x87, 0x93}},
	{0xC030, 2, {0x46, 0xC7}},
	{0xC032, 2, {0x2A, 0x23}},
	{0xC034, 2, {0x36, 0xF5}},
	{0xC036, 2, {0xC7, 0xB7}},
	{0xC038, 2, {0x00, 0x00}},
	{0xC03A, 2, {0x87, 0x93}},
	{0xC03C, 2, {0x20, 0x47}},
	{0xC03E, 2, {0x22, 0x23}},
	{0xC040, 2, {0x18, 0xF5}},
	{0xC042, 2, {0xD7, 0xB7}},
	{0xC044, 2, {0x00, 0x00}},
	{0xC046, 2, {0x87, 0x93}},
	{0xC048, 2, {0x79, 0x07}},
	{0xC04A, 2, {0xD9, 0x3C}},
	{0xC04C, 2, {0xD7, 0xB7}},
	{0xC04E, 2, {0x00, 0x00}},
	{0xC050, 2, {0x87, 0x93}},
	{0xC052, 2, {0x24, 0x67}},
	{0xC054, 2, {0x2E, 0x23}},
	{0xC056, 2, {0x24, 0xF5}},
	{0xC058, 2, {0xC7, 0xB7}},
	{0xC05A, 2, {0x00, 0x00}},
	{0xC05C, 2, {0x87, 0x93}},
	{0xC05E, 2, {0x25, 0xC7}},
	{0xC060, 2, {0x2E, 0x23}},
	{0xC062, 2, {0x20, 0xF5}},
	{0xC064, 2, {0xC7, 0xB7}},
	{0xC066, 2, {0x00, 0x00}},
	{0xC068, 2, {0x87, 0x93}},
	{0xC06A, 2, {0x2F, 0x27}},
	{0xC06C, 2, {0xD1, 0x3C}},
	{0xC06E, 2, {0xC7, 0xB7}},
	{0xC070, 2, {0x00, 0x00}},
	{0xC072, 2, {0x87, 0x93}},
	{0xC074, 2, {0x34, 0x47}},
	{0xC076, 2, {0x26, 0x23}},
	{0xC078, 2, {0x14, 0xF5}},
	{0xC07A, 2, {0xC7, 0xB7}},
	{0xC07C, 2, {0x00, 0x00}},
	{0xC07E, 2, {0x87, 0x93}},
	{0xC080, 2, {0x39, 0x47}},
	{0xC082, 2, {0xCD, 0x3C}},
	{0xC084, 2, {0xD7, 0xB7}},
	{0xC086, 2, {0x00, 0x00}},
	{0xC088, 2, {0x87, 0x93}},
	{0xC08A, 2, {0x29, 0x27}},
	{0xC08C, 2, {0x20, 0x23}},
	{0xC08E, 2, {0x32, 0xF5}},
	{0xC090, 2, {0xD7, 0xB7}},
	{0xC092, 2, {0x00, 0x00}},
	{0xC094, 2, {0x87, 0x93}},
	{0xC096, 2, {0x1B, 0xC7}},
	{0xC098, 2, {0x20, 0x23}},
	{0xC09A, 2, {0x22, 0xF5}},
	{0xC09C, 2, {0xC7, 0xB7}},
	{0xC09E, 2, {0x00, 0x00}},
	{0xC0A0, 2, {0x87, 0x93}},
	{0xC0A2, 2, {0x3C, 0x27}},
	{0xC0A4, 2, {0xC9, 0x3C}},
	{0xC0A6, 2, {0xC7, 0xB7}},
	{0xC0A8, 2, {0x00, 0x00}},
	{0xC0AA, 2, {0x87, 0x93}},
	{0xC0AC, 2, {0x55, 0xE7}},
	{0xC0AE, 2, {0x26, 0x23}},
	{0xC0B0, 2, {0x0E, 0xF5}},
	{0xC0B2, 2, {0x67, 0x21}},
	{0xC0B4, 2, {0xC7, 0xB7}},
	{0xC0B6, 2, {0x00, 0x00}},
	{0xC0B8, 2, {0x11, 0x41}},
	{0xC0BA, 2, {0x07, 0x13}},
	{0xC0BC, 2, {0x15, 0x07}},
	{0xC0BE, 2, {0x87, 0x93}},
	{0xC0C0, 2, {0x65, 0xE7}},
	{0xC0C2, 2, {0xC6, 0x22}},
	{0xC0C4, 2, {0x06, 0x93}},
	{0xC0C6, 2, {0x10, 0x07}},
	{0xC0C8, 2, {0x04, 0x13}},
	{0xC0CA, 2, {0x2B, 0x87}},
	{0xC0CC, 2, {0x03, 0x93}},
	{0xC0CE, 2, {0x43, 0x87}},
	{0xC0D0, 2, {0xD9, 0x7C}},
	{0xC0D2, 2, {0x07, 0x13}},
	{0xC0D4, 2, {0x5B, 0x87}},
	{0xC0D6, 2, {0xC7, 0xB7}},
	{0xC0D8, 2, {0x00, 0x00}},
	{0xC0DA, 2, {0x20, 0x23}},
	{0xC0DC, 2, {0x40, 0xD5}},
	{0xC0DE, 2, {0x2C, 0x23}},
	{0xC0E0, 2, {0x3E, 0xE5}},
	{0xC0E2, 2, {0x87, 0x93}},
	{0xC0E4, 2, {0x48, 0xE7}},
	{0xC0E6, 2, {0x66, 0xA9}},
	{0xC0E8, 2, {0x67, 0x2D}},
	{0xC0EA, 2, {0x86, 0x93}},
	{0xC0EC, 2, {0x6C, 0x46}},
	{0xC0EE, 2, {0x07, 0x13}},
	{0xC0F0, 2, {0x00, 0x07}},
	{0xC0F2, 2, {0xC9, 0x7C}},
	{0xC0F4, 2, {0xD7, 0xB7}},
	{0xC0F6, 2, {0x00, 0x00}},
	{0xC0F8, 2, {0x2A, 0x23}},
	{0xC0FA, 2, {0x3E, 0xD5}},
	{0xC0FC, 2, {0x2C, 0x23}},
	{0xC0FE, 2, {0x3C, 0xE5}},
	{0xC100, 2, {0x87, 0x93}},
	{0xC102, 2, {0x31, 0x47}},
	{0xC104, 2, {0x67, 0x05}},
	{0xC106, 2, {0xC6, 0xB7}},
	{0xC108, 2, {0x00, 0x00}},
	{0xC10A, 2, {0x26, 0x23}},
	{0xC10C, 2, {0x3C, 0x85}},
	{0xC10E, 2, {0x22, 0x23}},
	{0xC110, 2, {0x1C, 0xF5}},
	{0xC112, 2, {0x97, 0x2A}},
	{0xC114, 2, {0x28, 0x23}},
	{0xC116, 2, {0x3C, 0x75}},
	{0xC118, 2, {0x2A, 0x23}},
	{0xC11A, 2, {0x34, 0x55}},
	{0xC11C, 2, {0x2C, 0x23}},
	{0xC11E, 2, {0x35, 0xF5}},
	{0xC120, 2, {0x26, 0x23}},
	{0xC122, 2, {0x39, 0xE5}},
	{0xC124, 2, {0x24, 0x23}},
	{0xC126, 2, {0x39, 0xD5}},
	{0xC128, 2, {0x20, 0x23}},
	{0xC12A, 2, {0x39, 0xC5}},
	{0xC12C, 2, {0x22, 0x23}},
	{0xC12E, 2, {0x38, 0x65}},
	{0xC130, 2, {0x26, 0x23}},
	{0xC132, 2, {0x37, 0x15}},
	{0xC134, 2, {0x24, 0x23}},
	{0xC136, 2, {0x37, 0x05}},
	{0xC138, 2, {0x20, 0x23}},
	{0xC13A, 2, {0x36, 0xB5}},
	{0xC13C, 2, {0x2C, 0x23}},
	{0xC13E, 2, {0x36, 0xC5}},
	{0xC140, 2, {0x86, 0x93}},
	{0xC142, 2, {0x6D, 0x66}},
	{0xC144, 2, {0x24, 0x23}},
	{0xC146, 2, {0xAA, 0xD7}},
	{0xC148, 2, {0xC7, 0x37}},
	{0xC14A, 2, {0x00, 0x00}},
	{0xC14C, 2, {0x07, 0x13}},
	{0xC14E, 2, {0x73, 0x47}},
	{0xC150, 2, {0x2C, 0x23}},
	{0xC152, 2, {0x2C, 0xE5}},
	{0xC154, 2, {0xD7, 0x37}},
	{0xC156, 2, {0x00, 0x00}},
	{0xC158, 2, {0x07, 0x13}},
	{0xC15A, 2, {0x82, 0xE7}},
	{0xC15C, 2, {0x2E, 0x23}},
	{0xC15E, 2, {0x2C, 0xE5}},
	{0xC160, 2, {0xD7, 0x37}},
	{0xC162, 2, {0x00, 0x00}},
	{0xC164, 2, {0x07, 0x13}},
	{0xC166, 2, {0x3D, 0x67}},
	{0xC168, 2, {0x2A, 0x23}},
	{0xC16A, 2, {0x26, 0xE5}},
	{0xC16C, 2, {0xD7, 0x37}},
	{0xC16E, 2, {0x00, 0x00}},
	{0xC170, 2, {0x07, 0x13}},
	{0xC172, 2, {0x8C, 0xE7}},
	{0xC174, 2, {0x26, 0x23}},
	{0xC176, 2, {0x26, 0xE5}},
	{0xC178, 2, {0xD7, 0x37}},
	{0xC17A, 2, {0x00, 0x00}},
	{0xC17C, 2, {0x07, 0x13}},
	{0xC17E, 2, {0x95, 0xA7}},
	{0xC180, 2, {0x22, 0x23}},
	{0xC182, 2, {0x26, 0xE5}},
	{0xC184, 2, {0xD7, 0x37}},
	{0xC186, 2, {0x00, 0x00}},
	{0xC188, 2, {0x07, 0x13}},
	{0xC18A, 2, {0xBD, 0x87}},
	{0xC18C, 2, {0x2A, 0x23}},
	{0xC18E, 2, {0x08, 0xE5}},
	{0xC190, 2, {0xE7, 0x37}},
	{0xC192, 2, {0x00, 0x00}},
	{0xC194, 2, {0x07, 0x13}},
	{0xC196, 2, {0xB2, 0x07}},
	{0xC198, 2, {0x2A, 0x23}},
	{0xC19A, 2, {0x1E, 0xE5}},
	{0xC19C, 2, {0xD7, 0x37}},
	{0xC19E, 2, {0x00, 0x00}},
	{0xC1A0, 2, {0x07, 0x13}},
	{0xC1A2, 2, {0xC3, 0xA7}},
	{0xC1A4, 2, {0x2C, 0x23}},
	{0xC1A6, 2, {0x28, 0xE5}},
	{0xC1A8, 2, {0xD7, 0x37}},
	{0xC1AA, 2, {0x00, 0x00}},
	{0xC1AC, 2, {0x07, 0x13}},
	{0xC1AE, 2, {0xD7, 0x47}},
	{0xC1B0, 2, {0x20, 0x23}},
	{0xC1B2, 2, {0x24, 0xE5}},
	{0xC1B4, 2, {0xD7, 0x37}},
	{0xC1B6, 2, {0x00, 0x00}},
	{0xC1B8, 2, {0x07, 0x13}},
	{0xC1BA, 2, {0x38, 0x67}},
	{0xC1BC, 2, {0x2C, 0x23}},
	{0xC1BE, 2, {0x0A, 0xE5}},
	{0xC1C0, 2, {0xD7, 0x37}},
	{0xC1C2, 2, {0x00, 0x00}},
	{0xC1C4, 2, {0x07, 0x13}},
	{0xC1C6, 2, {0xF6, 0x47}},
	{0xC1C8, 2, {0x2A, 0x23}},
	{0xC1CA, 2, {0x20, 0xE5}},
	{0xC1CC, 2, {0xD7, 0x37}},
	{0xC1CE, 2, {0x00, 0x00}},
	{0xC1D0, 2, {0x07, 0x13}},
	{0xC1D2, 2, {0xFC, 0x87}},
	{0xC1D4, 2, {0x28, 0x23}},
	{0xC1D6, 2, {0x0A, 0xE5}},
	{0xC1D8, 2, {0x44, 0x32}},
	{0xC1DA, 2, {0xC7, 0xB7}},
	{0xC1DC, 2, {0x00, 0x00}},
	{0xC1DE, 2, {0xD7, 0x37}},
	{0xC1E0, 2, {0x00, 0x00}},
	{0xC1E2, 2, {0x87, 0x93}},
	{0xC1E4, 2, {0x20, 0x27}},
	{0xC1E6, 2, {0x07, 0x13}},
	{0xC1E8, 2, {0x0B, 0x27}},
	{0xC1EA, 2, {0x2E, 0x23}},
	{0xC1EC, 2, {0x0C, 0xE5}},
	{0xC1EE, 2, {0x28, 0x23}},
	{0xC1F0, 2, {0x14, 0xF5}},
	{0xC1F2, 2, {0x2C, 0x23}},
	{0xC1F4, 2, {0x14, 0xF5}},
	{0xC1F6, 2, {0x22, 0x23}},
	{0xC1F8, 2, {0x2C, 0xF5}},
	{0xC1FA, 2, {0x2E, 0x23}},
	{0xC1FC, 2, {0x2A, 0xF5}},
	{0xC1FE, 2, {0x01, 0x41}},
	{0xC200, 2, {0x80, 0x82}},
	{0xC202, 2, {0x80, 0x82}},
	{0xC204, 2, {0x11, 0x41}},
	{0xC206, 2, {0xC2, 0x26}},
	{0xC208, 2, {0x84, 0xB7}},
	{0xC20A, 2, {0x20, 0x00}},
	{0xC20C, 2, {0xC4, 0x22}},
	{0xC20E, 2, {0xC7, 0x83}},
	{0xC210, 2, {0x00, 0x04}},
	{0xC212, 2, {0x64, 0x39}},
	{0xC214, 2, {0x04, 0x13}},
	{0xC216, 2, {0x00, 0x04}},
	{0xC218, 2, {0xC0, 0x4A}},
	{0xC21A, 2, {0x27, 0x03}},
	{0xC21C, 2, {0x17, 0x84}},
	{0xC21E, 2, {0x89, 0x2A}},
	{0xC220, 2, {0x25, 0x03}},
	{0xC222, 2, {0x3A, 0x84}},
	{0xC224, 2, {0xC6, 0x06}},
	{0xC226, 2, {0xE7, 0x93}},
	{0xC228, 2, {0x00, 0x17}},
	{0xC22A, 2, {0x80, 0x23}},
	{0xC22C, 2, {0x00, 0xF4}},
	{0xC22E, 2, {0x97, 0x02}},
	{0xC230, 2, {0x94, 0x23}},
	{0xC232, 2, {0x01, 0x24}},
	{0xC234, 2, {0x50, 0x88}},
	{0xC236, 2, {0x05, 0x42}},
	{0xC238, 2, {0x81, 0x41}},
	{0xC23A, 2, {0xC9, 0x19}},
	{0xC23C, 2, {0x27, 0x83}},
	{0xC23E, 2, {0x33, 0x84}},
	{0xC240, 2, {0x44, 0x22}},
	{0xC242, 2, {0x40, 0xB2}},
	{0xC244, 2, {0x44, 0x92}},
	{0xC246, 2, {0x49, 0x02}},
	{0xC248, 2, {0xA3, 0x03}},
	{0xC24A, 2, {0x1B, 0x07}},
	{0xC24C, 2, {0x01, 0x41}},
	{0xC24E, 2, {0x83, 0x02}},
	{0xC250, 2, {0x40, 0xB2}},
	{0xC252, 2, {0x44, 0x22}},
	{0xC254, 2, {0x44, 0x92}},
	{0xC256, 2, {0x49, 0x02}},
	{0xC258, 2, {0x01, 0x41}},
	{0xC25A, 2, {0x80, 0x82}},
	{0xC25C, 2, {0x11, 0x41}},
	{0xC25E, 2, {0xC4, 0x22}},
	{0xC260, 2, {0x64, 0x39}},
	{0xC262, 2, {0x04, 0x13}},
	{0xC264, 2, {0x00, 0x04}},
	{0xC266, 2, {0x27, 0x83}},
	{0xC268, 2, {0x33, 0x84}},
	{0xC26A, 2, {0xC6, 0x06}},
	{0xC26C, 2, {0xA7, 0x83}},
	{0xC26E, 2, {0x24, 0x87}},
	{0xC270, 2, {0x97, 0x82}},
	{0xC272, 2, {0x06, 0xB7}},
	{0xC274, 2, {0x10, 0x02}},
	{0xC276, 2, {0xA7, 0x03}},
	{0xC278, 2, {0x41, 0x46}},
	{0xC27A, 2, {0x16, 0x37}},
	{0xC27C, 2, {0x10, 0x00}},
	{0xC27E, 2, {0x47, 0x83}},
	{0xC280, 2, {0xA1, 0xE6}},
	{0xC282, 2, {0x83, 0x5D}},
	{0xC284, 2, {0x77, 0x13}},
	{0xC286, 2, {0x04, 0x07}},
	{0xC288, 2, {0xF7, 0x93}},
	{0xC28A, 2, {0xFB, 0xF7}},
	{0xC28C, 2, {0x8F, 0xD9}},
	{0xC28E, 2, {0x0F, 0x23}},
	{0xC290, 2, {0xA0, 0xF6}},
	{0xC292, 2, {0xA7, 0x03}},
	{0xC294, 2, {0x41, 0x46}},
	{0xC296, 2, {0x47, 0x81}},
	{0xC298, 2, {0x16, 0x13}},
	{0xC29A, 2, {0x00, 0x27}},
	{0xC29C, 2, {0x59, 0x63}},
	{0xC29E, 2, {0x00, 0x06}},
	{0xC2A0, 2, {0x86, 0x93}},
	{0xC2A2, 2, {0x40, 0x06}},
	{0xC2A4, 2, {0x4A, 0xDC}},
	{0xC2A6, 2, {0x83, 0xF9}},
	{0xC2A8, 2, {0x8B, 0x85}},
	{0xC2AA, 2, {0xC7, 0x93}},
	{0xC2AC, 2, {0x00, 0x17}},
	{0xC2AE, 2, {0x16, 0x37}},
	{0xC2B0, 2, {0x10, 0x00}},
	{0xC2B2, 2, {0x47, 0x03}},
	{0xC2B4, 2, {0xA1, 0xE6}},
	{0xC2B6, 2, {0x07, 0x9E}},
	{0xC2B8, 2, {0x16, 0xB7}},
	{0xC2BA, 2, {0x10, 0x02}},
	{0xC2BC, 2, {0x77, 0x13}},
	{0xC2BE, 2, {0x07, 0xF7}},
	{0xC2C0, 2, {0x8F, 0xD9}},
	{0xC2C2, 2, {0x0F, 0x23}},
	{0xC2C4, 2, {0xA0, 0xF6}},
	{0xC2C6, 2, {0xD7, 0x83}},
	{0xC2C8, 2, {0xA1, 0xE6}},
	{0xC2CA, 2, {0x67, 0x05}},
	{0xC2CC, 2, {0x94, 0x3A}},
	{0xC2CE, 2, {0x27, 0x03}},
	{0xC2D0, 2, {0xA7, 0xC4}},
	{0xC2D2, 2, {0x07, 0xC2}},
	{0xC2D4, 2, {0x83, 0xC1}},
	{0xC2D6, 2, {0x9F, 0x23}},
	{0xC2D8, 2, {0xA0, 0xF6}},
	{0xC2DA, 2, {0x47, 0x83}},
	{0xC2DC, 2, {0x00, 0x57}},
	{0xC2DE, 2, {0x8B, 0x89}},
	{0xC2E0, 2, {0xE7, 0x89}},
	{0xC2E2, 2, {0x27, 0xB7}},
	{0xC2E4, 2, {0x10, 0x00}},
	{0xC2E6, 2, {0x93, 0x23}},
	{0xC2E8, 2, {0xC0, 0x07}},
	{0xC2EA, 2, {0x40, 0xB2}},
	{0xC2EC, 2, {0x44, 0x22}},
	{0xC2EE, 2, {0x01, 0x41}},
	{0xC2F0, 2, {0x80, 0x82}},
	{0xC2F2, 2, {0x67, 0xB9}},
	{0xC2F4, 2, {0xA7, 0x83}},
	{0xC2F6, 2, {0x33, 0x87}},
	{0xC2F8, 2, {0x11, 0x41}},
	{0xC2FA, 2, {0xC6, 0x06}},
	{0xC2FC, 2, {0xA7, 0x83}},
	{0xC2FE, 2, {0x08, 0xC7}},
	{0xC300, 2, {0x97, 0x82}},
	{0xC302, 2, {0x27, 0xB7}},
	{0xC304, 2, {0x20, 0x00}},
	{0xC306, 2, {0x43, 0xD8}},
	{0xC308, 2, {0x86, 0x93}},
	{0xC30A, 2, {0x00, 0x47}},
	{0xC30C, 2, {0x43, 0xD8}},
	{0xC30E, 2, {0x47, 0x9C}},
	{0xC310, 2, {0xE3, 0x63}},
	{0xC312, 2, {0x00, 0xE7}},
	{0xC314, 2, {0x42, 0xD8}},
	{0xC316, 2, {0x27, 0xB7}},
	{0xC318, 2, {0x20, 0x00}},
	{0xC31A, 2, {0x47, 0xD4}},
	{0xC31C, 2, {0x07, 0x91}},
	{0xC31E, 2, {0xF1, 0x63}},
	{0xC320, 2, {0x02, 0xE6}},
	{0xC322, 2, {0x07, 0xB7}},
	{0xC324, 2, {0x10, 0x02}},
	{0xC326, 2, {0xA7, 0x83}},
	{0xC328, 2, {0x50, 0x07}},
	{0xC32A, 2, {0x83, 0xA5}},
	{0xC32C, 2, {0x8B, 0x85}},
	{0xC32E, 2, {0xC7, 0x91}},
	{0xC330, 2, {0x46, 0xB7}},
	{0xC332, 2, {0x20, 0x00}},
	{0xC334, 2, {0x52, 0x9C}},
	{0xC336, 2, {0x97, 0x3E}},
	{0xC338, 2, {0xD2, 0x98}},
	{0xC33A, 2, {0x40, 0xB2}},
	{0xC33C, 2, {0x01, 0x41}},
	{0xC33E, 2, {0x80, 0x82}},
	{0xC340, 2, {0x47, 0x98}},
	{0xC342, 2, {0xB7, 0xC5}},
	{0xC344, 2, {0x11, 0x41}},
	{0xC346, 2, {0xC4, 0x22}},
	{0xC348, 2, {0x14, 0x37}},
	{0xC34A, 2, {0x10, 0x02}},
	{0xC34C, 2, {0x27, 0x83}},
	{0xC34E, 2, {0xB0, 0x44}},
	{0xC350, 2, {0xC6, 0x06}},
	{0xC352, 2, {0x83, 0x8D}},
	{0xC354, 2, {0x8B, 0x85}},
	{0xC356, 2, {0xCB, 0x9D}},
	{0xC358, 2, {0x67, 0xB9}},
	{0xC35A, 2, {0x87, 0x93}},
	{0xC35C, 2, {0x00, 0x07}},
	{0xC35E, 2, {0xA7, 0x03}},
	{0xC360, 2, {0x33, 0x87}},
	{0xC362, 2, {0xA5, 0x03}},
	{0xC364, 2, {0x3F, 0x47}},
	{0xC366, 2, {0x05, 0x93}},
	{0xC368, 2, {0x20, 0x00}},
	{0xC36A, 2, {0x27, 0x83}},
	{0xC36C, 2, {0x17, 0x87}},
	{0xC36E, 2, {0x97, 0x82}},
	{0xC370, 2, {0x27, 0x83}},
	{0xC372, 2, {0xD0, 0x44}},
	{0xC374, 2, {0x26, 0xB7}},
	{0xC376, 2, {0x10, 0x01}},
	{0xC378, 2, {0xA7, 0x03}},
	{0xC37A, 2, {0x24, 0x86}},
	{0xC37C, 2, {0x83, 0xE1}},
	{0xC37E, 2, {0x8B, 0x85}},
	{0xC380, 2, {0xC7, 0x93}},
	{0xC382, 2, {0x00, 0x17}},
	{0xC384, 2, {0x9B, 0x79}},
	{0xC386, 2, {0x8F, 0xD9}},
	{0xC388, 2, {0xA4, 0x23}},
	{0xC38A, 2, {0x24, 0xF6}},
	{0xC38C, 2, {0x40, 0xB2}},
	{0xC38E, 2, {0x44, 0x22}},
	{0xC390, 2, {0x01, 0x41}},
	{0xC392, 2, {0x80, 0x82}},
	{0xC394, 2, {0x67, 0xB9}},
	{0xC396, 2, {0xA7, 0x83}},
	{0xC398, 2, {0x33, 0x87}},
	{0xC39A, 2, {0x11, 0x41}},
	{0xC39C, 2, {0xC6, 0x06}},
	{0xC39E, 2, {0xA7, 0x83}},
	{0xC3A0, 2, {0x08, 0x47}},
	{0xC3A2, 2, {0x97, 0x82}},
	{0xC3A4, 2, {0x07, 0xB7}},
	{0xC3A6, 2, {0x10, 0x02}},
	{0xC3A8, 2, {0x87, 0x93}},
	{0xC3AA, 2, {0x20, 0x07}},
	{0xC3AC, 2, {0xA7, 0x83}},
	{0xC3AE, 2, {0x08, 0x07}},
	{0xC3B0, 2, {0x8B, 0xFD}},
	{0xC3B2, 2, {0xE7, 0x89}},
	{0xC3B4, 2, {0x67, 0xB7}},
	{0xC3B6, 2, {0x20, 0x00}},
	{0xC3B8, 2, {0x95, 0x23}},
	{0xC3BA, 2, {0x1C, 0x07}},
	{0xC3BC, 2, {0x40, 0xB2}},
	{0xC3BE, 2, {0x01, 0x41}},
	{0xC3C0, 2, {0x80, 0x82}},
	{0xC3C2, 2, {0x11, 0x01}},
	{0xC3C4, 2, {0xCC, 0x22}},
	{0xC3C6, 2, {0x64, 0x39}},
	{0xC3C8, 2, {0x04, 0x13}},
	{0xC3CA, 2, {0x00, 0x04}},
	{0xC3CC, 2, {0x27, 0x83}},
	{0xC3CE, 2, {0x33, 0x84}},
	{0xC3D0, 2, {0xCE, 0x06}},
	{0xC3D2, 2, {0x5F, 0xFC}},
	{0xC3D4, 2, {0x97, 0x82}},
	{0xC3D6, 2, {0x07, 0xB7}},
	{0xC3D8, 2, {0x10, 0x01}},
	{0xC3DA, 2, {0xA6, 0x83}},
	{0xC3DC, 2, {0x28, 0x07}},
	{0xC3DE, 2, {0xA7, 0x03}},
	{0xC3E0, 2, {0x28, 0x07}},
	{0xC3E2, 2, {0x07, 0xB7}},
	{0xC3E4, 2, {0x10, 0x02}},
	{0xC3E6, 2, {0xA7, 0x83}},
	{0xC3E8, 2, {0x50, 0x07}},
	{0xC3EA, 2, {0x83, 0xA5}},
	{0xC3EC, 2, {0x8B, 0x85}},
	{0xC3EE, 2, {0xEB, 0xA1}},
	{0xC3F0, 2, {0x27, 0x83}},
	{0xC3F2, 2, {0x37, 0x44}},
	{0xC3F4, 2, {0x8A, 0xFD}},
	{0xC3F6, 2, {0x26, 0x03}},
	{0xC3F8, 2, {0x36, 0xC4}},
	{0xC3FA, 2, {0x96, 0xBE}},
	{0xC3FC, 2, {0x87, 0x83}},
	{0xC3FE, 2, {0x00, 0x06}},
	{0xC400, 2, {0x45, 0x83}},
	{0xC402, 2, {0x3B, 0x14}},
	{0xC404, 2, {0x8B, 0x7D}},
	{0xC406, 2, {0x97, 0x32}},
	{0xC408, 2, {0x07, 0x03}},
	{0xC40A, 2, {0x00, 0x07}},
	{0xC40C, 2, {0x07, 0xA2}},
	{0xC40E, 2, {0xED, 0xB9}},
	{0xC410, 2, {0xC0, 0x02}},
	{0xC412, 2, {0x07, 0x13}},
	{0xC414, 2, {0x04, 0x10}},
	{0xC416, 2, {0x00, 0x23}},
	{0xC418, 2, {0x00, 0xE1}},
	{0xC41A, 2, {0x07, 0x13}},
	{0xC41C, 2, {0x2F, 0xF0}},
	{0xC41E, 2, {0x15, 0x23}},
	{0xC420, 2, {0x00, 0xE1}},
	{0xC422, 2, {0x47, 0x02}},
	{0xC424, 2, {0xC6, 0x3E}},
	{0xC426, 2, {0xC2, 0x02}},
	{0xC428, 2, {0x14, 0x23}},
	{0xC42A, 2, {0x00, 0x01}},
	{0xC42C, 2, {0x67, 0xB7}},
	{0xC42E, 2, {0x20, 0x00}},
	{0xC430, 2, {0xC7, 0x98}},
	{0xC432, 2, {0x47, 0x12}},
	{0xC434, 2, {0xC7, 0xD8}},
	{0xC436, 2, {0x47, 0x22}},
	{0xC438, 2, {0xCB, 0x98}},
	{0xC43A, 2, {0x47, 0x32}},
	{0xC43C, 2, {0xCB, 0xD8}},
	{0xC43E, 2, {0x07, 0xB7}},
	{0xC440, 2, {0x10, 0x01}},
	{0xC442, 2, {0xA7, 0x83}},
	{0xC444, 2, {0x50, 0x07}},
	{0xC446, 2, {0x83, 0xA5}},
	{0xC448, 2, {0x8B, 0x85}},
	{0xC44A, 2, {0xE3, 0x9D}},
	{0xC44C, 2, {0x67, 0xB7}},
	{0xC44E, 2, {0x20, 0x00}},
	{0xC450, 2, {0x82, 0x23}},
	{0xC452, 2, {0x00, 0x07}},
	{0xC454, 2, {0x47, 0x41}},
	{0xC456, 2, {0x87, 0xA3}},
	{0xC458, 2, {0x00, 0xE7}},
	{0xC45A, 2, {0x07, 0xB7}},
	{0xC45C, 2, {0x00, 0x10}},
	{0xC45E, 2, {0x07, 0xC1}},
	{0xC460, 2, {0x21, 0x23}},
	{0xC462, 2, {0x34, 0xF4}},
	{0xC464, 2, {0x40, 0xF2}},
	{0xC466, 2, {0x44, 0x62}},
	{0xC468, 2, {0x61, 0x05}},
	{0xC46A, 2, {0x80, 0x82}},
	{0xC46C, 2, {0x97, 0xBA}},
	{0xC46E, 2, {0xB7, 0x4D}},
	{0xC470, 2, {0x67, 0xB7}},
	{0xC472, 2, {0x20, 0x00}},
	{0xC474, 2, {0x47, 0x05}},
	{0xC476, 2, {0x82, 0x23}},
	{0xC478, 2, {0x00, 0xE7}},
	{0xC47A, 2, {0x87, 0xA3}},
	{0xC47C, 2, {0x00, 0xE7}},
	{0xC47E, 2, {0x67, 0xC1}},
	{0xC480, 2, {0x07, 0x85}},
	{0xC482, 2, {0x21, 0x23}},
	{0xC484, 2, {0x34, 0xF4}},
	{0xC486, 2, {0x40, 0xF2}},
	{0xC488, 2, {0x44, 0x62}},
	{0xC48A, 2, {0x61, 0x05}},
	{0xC48C, 2, {0x80, 0x82}},
	{0xC48E, 2, {0x11, 0x41}},
	{0xC490, 2, {0xC4, 0x22}},
	{0xC492, 2, {0x64, 0x39}},
	{0xC494, 2, {0x04, 0x13}},
	{0xC496, 2, {0x00, 0x04}},
	{0xC498, 2, {0x27, 0x83}},
	{0xC49A, 2, {0x33, 0x84}},
	{0xC49C, 2, {0xC6, 0x06}},
	{0xC49E, 2, {0xA7, 0x83}},
	{0xC4A0, 2, {0x08, 0x07}},
	{0xC4A2, 2, {0x97, 0x82}},
	{0xC4A4, 2, {0x67, 0x85}},
	{0xC4A6, 2, {0x97, 0xA2}},
	{0xC4A8, 2, {0x48, 0x58}},
	{0xC4AA, 2, {0xA5, 0x03}},
	{0xC4AC, 2, {0xA7, 0x07}},
	{0xC4AE, 2, {0x45, 0x81}},
	{0xC4B0, 2, {0x97, 0x02}},
	{0xC4B2, 2, {0x07, 0xB7}},
	{0xC4B4, 2, {0x10, 0x02}},
	{0xC4B6, 2, {0xA7, 0x03}},
	{0xC4B8, 2, {0x34, 0x87}},
	{0xC4BA, 2, {0x16, 0x93}},
	{0xC4BC, 2, {0x01, 0x37}},
	{0xC4BE, 2, {0xD8, 0x63}},
	{0xC4C0, 2, {0x04, 0x06}},
	{0xC4C2, 2, {0x87, 0x93}},
	{0xC4C4, 2, {0x20, 0x07}},
	{0xC4C6, 2, {0x43, 0xDC}},
	{0xC4C8, 2, {0x41, 0x18}},
	{0xC4CA, 2, {0x96, 0x93}},
	{0xC4CC, 2, {0x01, 0x47}},
	{0xC4CE, 2, {0xDE, 0x63}},
	{0xC4D0, 2, {0x00, 0x06}},
	{0xC4D2, 2, {0x56, 0x83}},
	{0xC4D4, 2, {0x00, 0x27}},
	{0xC4D6, 2, {0x07, 0x93}},
	{0xC4D8, 2, {0x02, 0xF0}},
	{0xC4DA, 2, {0xFB, 0x63}},
	{0xC4DC, 2, {0x04, 0xD7}},
	{0xC4DE, 2, {0x47, 0x83}},
	{0xC4E0, 2, {0x00, 0x07}},
	{0xC4E2, 2, {0xF7, 0x93}},
	{0xC4E4, 2, {0x07, 0xF7}},
	{0xC4E6, 2, {0x00, 0x23}},
	{0xC4E8, 2, {0x00, 0xF7}},
	{0xC4EA, 2, {0x07, 0xB7}},
	{0xC4EC, 2, {0x10, 0x02}},
	{0xC4EE, 2, {0x87, 0x93}},
	{0xC4F0, 2, {0x20, 0x07}},
	{0xC4F2, 2, {0x43, 0xDC}},
	{0xC4F4, 2, {0x83, 0xA9}},
	{0xC4F6, 2, {0x8B, 0x85}},
	{0xC4F8, 2, {0xEF, 0x99}},
	{0xC4FA, 2, {0x46, 0x83}},
	{0xC4FC, 2, {0x00, 0x07}},
	{0xC4FE, 2, {0x82, 0x9D}},
	{0xC500, 2, {0x47, 0x03}},
	{0xC502, 2, {0x00, 0x17}},
	{0xC504, 2, {0xC7, 0xB7}},
	{0xC506, 2, {0x20, 0x00}},
	{0xC508, 2, {0x97, 0xBA}},
	{0xC50A, 2, {0x8A, 0x23}},
	{0xC50C, 2, {0x02, 0xD7}},
	{0xC50E, 2, {0x40, 0xB2}},
	{0xC510, 2, {0x44, 0x22}},
	{0xC512, 2, {0x01, 0x41}},
	{0xC514, 2, {0x80, 0x82}},
	{0xC516, 2, {0x56, 0x83}},
	{0xC518, 2, {0x00, 0x27}},
	{0xC51A, 2, {0x47, 0xBD}},
	{0xC51C, 2, {0xF9, 0x63}},
	{0xC51E, 2, {0x02, 0xD7}},
	{0xC520, 2, {0x47, 0x83}},
	{0xC522, 2, {0x00, 0x07}},
	{0xC524, 2, {0x46, 0x81}},
	{0xC526, 2, {0xF7, 0x93}},
	{0xC528, 2, {0x07, 0xF7}},
	{0xC52A, 2, {0x00, 0x23}},
	{0xC52C, 2, {0x00, 0xF7}},
	{0xC52E, 2, {0xBF, 0xC9}},
	{0xC530, 2, {0x47, 0x83}},
	{0xC532, 2, {0x00, 0x07}},
	{0xC534, 2, {0xE7, 0x93}},
	{0xC536, 2, {0xF8, 0x07}},
	{0xC538, 2, {0x00, 0x23}},
	{0xC53A, 2, {0x00, 0xF7}},
	{0xC53C, 2, {0x07, 0xB7}},
	{0xC53E, 2, {0x10, 0x02}},
	{0xC540, 2, {0x87, 0x93}},
	{0xC542, 2, {0x20, 0x07}},
	{0xC544, 2, {0x43, 0xDC}},
	{0xC546, 2, {0x83, 0xA9}},
	{0xC548, 2, {0x8B, 0x85}},
	{0xC54A, 2, {0xF7, 0xF1}},
	{0xC54C, 2, {0xB7, 0x7D}},
	{0xC54E, 2, {0x47, 0x83}},
	{0xC550, 2, {0x00, 0x07}},
	{0xC552, 2, {0x46, 0x85}},
	{0xC554, 2, {0xE7, 0x93}},
	{0xC556, 2, {0xF8, 0x07}},
	{0xC558, 2, {0x00, 0x23}},
	{0xC55A, 2, {0x00, 0xF7}},
	{0xC55C, 2, {0xB7, 0x55}},
	{0xC55E, 2, {0x11, 0x41}},
	{0xC560, 2, {0x67, 0xB9}},
	{0xC562, 2, {0xC4, 0x22}},
	{0xC564, 2, {0x87, 0x93}},
	{0xC566, 2, {0x00, 0x07}},
	{0xC568, 2, {0x64, 0x05}},
	{0xC56A, 2, {0x94, 0x3E}},
	{0xC56C, 2, {0x27, 0x03}},
	{0xC56E, 2, {0xA6, 0x84}},
	{0xC570, 2, {0xC0, 0x4A}},
	{0xC572, 2, {0xC2, 0x26}},
	{0xC574, 2, {0x29, 0x03}},
	{0xC576, 2, {0x00, 0x07}},
	{0xC578, 2, {0x27, 0x37}},
	{0xC57A, 2, {0x10, 0x00}},
	{0xC57C, 2, {0x07, 0x13}},
	{0xC57E, 2, {0x70, 0x07}},
	{0xC580, 2, {0x56, 0x03}},
	{0xC582, 2, {0x00, 0x29}},
	{0xC584, 2, {0xC6, 0x06}},
	{0xC586, 2, {0x16, 0xB7}},
	{0xC588, 2, {0x10, 0x02}},
	{0xC58A, 2, {0x15, 0x23}},
	{0xC58C, 2, {0x10, 0xC7}},
	{0xC58E, 2, {0x07, 0x37}},
	{0xC590, 2, {0x10, 0x01}},
	{0xC592, 2, {0x07, 0x13}},
	{0xC594, 2, {0x20, 0x07}},
	{0xC596, 2, {0xD4, 0x83}},
	{0xC598, 2, {0xA1, 0x06}},
	{0xC59A, 2, {0x05, 0xB7}},
	{0xC59C, 2, {0x10, 0x02}},
	{0xC59E, 2, {0x26, 0x83}},
	{0xC5A0, 2, {0x08, 0x07}},
	{0xC5A2, 2, {0xA6, 0x83}},
	{0xC5A4, 2, {0x34, 0x85}},
	{0xC5A6, 2, {0x95, 0x13}},
	{0xC5A8, 2, {0x01, 0x36}},
	{0xC5AA, 2, {0x58, 0x63}},
	{0xC5AC, 2, {0x04, 0x05}},
	{0xC5AE, 2, {0x85, 0x13}},
	{0xC5B0, 2, {0x20, 0x05}},
	{0xC5B2, 2, {0x41, 0x54}},
	{0xC5B4, 2, {0x82, 0xA9}},
	{0xC5B6, 2, {0x8A, 0x85}},
	{0xC5B8, 2, {0xC6, 0xB9}},
	{0xC5BA, 2, {0x47, 0xBD}},
	{0xC5BC, 2, {0xF1, 0x63}},
	{0xC5BE, 2, {0x08, 0xC7}},
	{0xC5C0, 2, {0x82, 0x05}},
	{0xC5C2, 2, {0x16, 0x61}},
	{0xC5C4, 2, {0x11, 0x23}},
	{0xC5C6, 2, {0x00, 0xC9}},
	{0xC5C8, 2, {0xD4, 0x83}},
	{0xC5CA, 2, {0x3B, 0x85}},
	{0xC5CC, 2, {0x27, 0x83}},
	{0xC5CE, 2, {0xA6, 0xC4}},
	{0xC5D0, 2, {0xC3, 0x8D}},
	{0xC5D2, 2, {0x56, 0x83}},
	{0xC5D4, 2, {0x00, 0x29}},
	{0xC5D6, 2, {0xC7, 0x37}},
	{0xC5D8, 2, {0x20, 0x00}},
	{0xC5DA, 2, {0x46, 0x05}},
	{0xC5DC, 2, {0x12, 0x23}},
	{0xC5DE, 2, {0x00, 0xD7}},
	{0xC5E0, 2, {0x79, 0x63}},
	{0xC5E2, 2, {0x00, 0xF6}},
	{0xC5E4, 2, {0x16, 0x23}},
	{0xC5E6, 2, {0x00, 0xD7}},
	{0xC5E8, 2, {0x46, 0x09}},
	{0xC5EA, 2, {0x84, 0x63}},
	{0xC5EC, 2, {0x00, 0xC7}},
	{0xC5EE, 2, {0x1A, 0x23}},
	{0xC5F0, 2, {0x00, 0xD7}},
	{0xC5F2, 2, {0x17, 0xB7}},
	{0xC5F4, 2, {0x10, 0x02}},
	{0xC5F6, 2, {0x98, 0x23}},
	{0xC5F8, 2, {0xA0, 0x97}},
	{0xC5FA, 2, {0x40, 0xB2}},
	{0xC5FC, 2, {0x44, 0x22}},
	{0xC5FE, 2, {0x44, 0x92}},
	{0xC600, 2, {0x49, 0x02}},
	{0xC602, 2, {0x01, 0x41}},
	{0xC604, 2, {0x80, 0x82}},
	{0xC606, 2, {0x41, 0x54}},
	{0xC608, 2, {0x95, 0x13}},
	{0xC60A, 2, {0x01, 0x46}},
	{0xC60C, 2, {0x50, 0xE3}},
	{0xC60E, 2, {0xFC, 0x05}},
	{0xC610, 2, {0x05, 0x13}},
	{0xC612, 2, {0x02, 0xF0}},
	{0xC614, 2, {0xC6, 0x83}},
	{0xC616, 2, {0x3B, 0x17}},
	{0xC618, 2, {0x76, 0x63}},
	{0xC61A, 2, {0x02, 0xC5}},
	{0xC61C, 2, {0x82, 0x09}},
	{0xC61E, 2, {0x67, 0x3D}},
	{0xC620, 2, {0x16, 0x51}},
	{0xC622, 2, {0x06, 0x8A}},
	{0xC624, 2, {0x07, 0x13}},
	{0xC626, 2, {0x24, 0x47}},
	{0xC628, 2, {0x11, 0x23}},
	{0xC62A, 2, {0x00, 0xC9}},
	{0xC62C, 2, {0x96, 0xBA}},
	{0xC62E, 2, {0xD4, 0x83}},
	{0xC630, 2, {0x3B, 0x85}},
	{0xC632, 2, {0x42, 0x88}},
	{0xC634, 2, {0xA7, 0x83}},
	{0xC636, 2, {0x16, 0x87}},
	{0xC638, 2, {0x45, 0x85}},
	{0xC63A, 2, {0x97, 0x82}},
	{0xC63C, 2, {0xBF, 0x41}},
	{0xC63E, 2, {0xD4, 0x83}},
	{0xC640, 2, {0x3B, 0xA5}},
	{0xC642, 2, {0xB7, 0x69}},
	{0xC644, 2, {0xD4, 0x83}},
	{0xC646, 2, {0x3B, 0xA5}},
	{0xC648, 2, {0x27, 0x03}},
	{0xC64A, 2, {0x08, 0x07}},
	{0xC64C, 2, {0xA6, 0x03}},
	{0xC64E, 2, {0x35, 0x87}},
	{0xC650, 2, {0x06, 0x8A}},
	{0xC652, 2, {0x8B, 0x7D}},
	{0xC654, 2, {0x07, 0x0E}},
	{0xC656, 2, {0x97, 0x32}},
	{0xC658, 2, {0x96, 0xBA}},
	{0xC65A, 2, {0x42, 0x88}},
	{0xC65C, 2, {0xBF, 0xE1}},
	{0xC65E, 2, {0x11, 0x41}},
	{0xC660, 2, {0xC4, 0x22}},
	{0xC662, 2, {0x64, 0x39}},
	{0xC664, 2, {0x04, 0x13}},
	{0xC666, 2, {0x00, 0x04}},
	{0xC668, 2, {0x27, 0x83}},
	{0xC66A, 2, {0x33, 0x84}},
	{0xC66C, 2, {0xC6, 0x06}},
	{0xC66E, 2, {0xA7, 0x83}},
	{0xC670, 2, {0x0A, 0x07}},
	{0xC672, 2, {0x97, 0x82}},
	{0xC674, 2, {0x07, 0xB7}},
	{0xC676, 2, {0x10, 0x01}},
	{0xC678, 2, {0x87, 0x93}},
	{0xC67A, 2, {0x20, 0x07}},
	{0xC67C, 2, {0x46, 0x03}},
	{0xC67E, 2, {0x3B, 0x14}},
	{0xC680, 2, {0xA6, 0x83}},
	{0xC682, 2, {0x08, 0x07}},
	{0xC684, 2, {0xA7, 0x03}},
	{0xC686, 2, {0x08, 0x07}},
	{0xC688, 2, {0xCE, 0x05}},
	{0xC68A, 2, {0xA7, 0x83}},
	{0xC68C, 2, {0x08, 0x07}},
	{0xC68E, 2, {0x26, 0x03}},
	{0xC690, 2, {0x36, 0xC4}},
	{0xC692, 2, {0x66, 0xBD}},
	{0xC694, 2, {0x8B, 0x7D}},
	{0xC696, 2, {0x86, 0x93}},
	{0xC698, 2, {0x24, 0x46}},
	{0xC69A, 2, {0x97, 0x36}},
	{0xC69C, 2, {0x8B, 0xFD}},
	{0xC69E, 2, {0x07, 0x03}},
	{0xC6A0, 2, {0x00, 0x87}},
	{0xC6A2, 2, {0x97, 0xB2}},
	{0xC6A4, 2, {0x87, 0x83}},
	{0xC6A6, 2, {0x00, 0x07}},
	{0xC6A8, 2, {0x07, 0x22}},
	{0xC6AA, 2, {0x97, 0xBA}},
	{0xC6AC, 2, {0x27, 0x37}},
	{0xC6AE, 2, {0x20, 0x00}},
	{0xC6B0, 2, {0xDB, 0x5C}},
	{0xC6B2, 2, {0xDF, 0x1C}},
	{0xC6B4, 2, {0x40, 0xB2}},
	{0xC6B6, 2, {0x44, 0x22}},
	{0xC6B8, 2, {0xDF, 0x5C}},
	{0xC6BA, 2, {0xD7, 0x1C}},
	{0xC6BC, 2, {0x01, 0x41}},
	{0xC6BE, 2, {0x80, 0x82}},
	{0xC6C0, 2, {0x27, 0x03}},
	{0xC6C2, 2, {0x37, 0x84}},
	{0xC6C4, 2, {0x8A, 0xFD}},
	{0xC6C6, 2, {0x96, 0xBA}},
	{0xC6C8, 2, {0x87, 0x03}},
	{0xC6CA, 2, {0x00, 0x06}},
	{0xC6CC, 2, {0xA7, 0x83}},
	{0xC6CE, 2, {0x08, 0x07}},
	{0xC6D0, 2, {0x07, 0x22}},
	{0xC6D2, 2, {0x47, 0x81}},
	{0xC6D4, 2, {0xBF, 0xD9}},
	{0xC6D6, 2, {0x11, 0x41}},
	{0xC6D8, 2, {0xC4, 0x22}},
	{0xC6DA, 2, {0x64, 0x39}},
	{0xC6DC, 2, {0x04, 0x13}},
	{0xC6DE, 2, {0x00, 0x04}},
	{0xC6E0, 2, {0x27, 0x83}},
	{0xC6E2, 2, {0x33, 0x84}},
	{0xC6E4, 2, {0xC6, 0x06}},
	{0xC6E6, 2, {0xA7, 0x83}},
	{0xC6E8, 2, {0x36, 0x47}},
	{0xC6EA, 2, {0x97, 0x82}},
	{0xC6EC, 2, {0x67, 0x85}},
	{0xC6EE, 2, {0x94, 0x3E}},
	{0xC6F0, 2, {0x27, 0x83}},
	{0xC6F2, 2, {0xA7, 0xC4}},
	{0xC6F4, 2, {0xC7, 0x83}},
	{0xC6F6, 2, {0x00, 0x57}},
	{0xC6F8, 2, {0x8B, 0x89}},
	{0xC6FA, 2, {0xEB, 0x99}},
	{0xC6FC, 2, {0x07, 0xB7}},
	{0xC6FE, 2, {0x10, 0x02}},
	{0xC700, 2, {0xD7, 0x03}},
	{0xC702, 2, {0x3B, 0x47}},
	{0xC704, 2, {0x27, 0xB7}},
	{0xC706, 2, {0x10, 0x00}},
	{0xC708, 2, {0x07, 0x42}},
	{0xC70A, 2, {0x83, 0x41}},
	{0xC70C, 2, {0x93, 0x23}},
	{0xC70E, 2, {0xC0, 0xE7}},
	{0xC710, 2, {0x47, 0x37}},
	{0xC712, 2, {0x10, 0x00}},
	{0xC714, 2, {0x47, 0x83}},
	{0xC716, 2, {0x00, 0x67}},
	{0xC718, 2, {0x40, 0xB2}},
	{0xC71A, 2, {0x44, 0x22}},
	{0xC71C, 2, {0x9B, 0xE1}},
	{0xC71E, 2, {0xE7, 0x93}},
	{0xC720, 2, {0x00, 0x17}},
	{0xC722, 2, {0x03, 0x23}},
	{0xC724, 2, {0x00, 0xF7}},
	{0xC726, 2, {0x47, 0x83}},
	{0xC728, 2, {0x00, 0x67}},
	{0xC72A, 2, {0x9B, 0xE1}},
	{0xC72C, 2, {0x03, 0x23}},
	{0xC72E, 2, {0x00, 0xF7}},
	{0xC730, 2, {0x01, 0x41}},
	{0xC732, 2, {0x80, 0x82}},
	{0xC734, 2, {0x66, 0x39}},
	{0xC736, 2, {0x06, 0x13}},
	{0xC738, 2, {0x00, 0x06}},
	{0xC73A, 2, {0x67, 0x85}},
	{0xC73C, 2, {0x97, 0xB2}},
	{0xC73E, 2, {0xA7, 0x03}},
	{0xC740, 2, {0xA6, 0x87}},
	{0xC742, 2, {0x47, 0xB7}},
	{0xC744, 2, {0x10, 0x02}},
	{0xC746, 2, {0xD6, 0x83}},
	{0xC748, 2, {0x5A, 0x47}},
	{0xC74A, 2, {0x43, 0x18}},
	{0xC74C, 2, {0xD8, 0x03}},
	{0xC74E, 2, {0x5A, 0x67}},
	{0xC750, 2, {0x06, 0xC2}},
	{0xC752, 2, {0x57, 0x83}},
	{0xC754, 2, {0x00, 0x27}},
	{0xC756, 2, {0x13, 0x13}},
	{0xC758, 2, {0x01, 0x08}},
	{0xC75A, 2, {0x85, 0xB7}},
	{0xC75C, 2, {0x00, 0x07}},
	{0xC75E, 2, {0x97, 0x13}},
	{0xC760, 2, {0x00, 0xB7}},
	{0xC762, 2, {0x8F, 0x1D}},
	{0xC764, 2, {0x82, 0xC1}},
	{0xC766, 2, {0x53, 0x13}},
	{0xC768, 2, {0x01, 0x03}},
	{0xC76A, 2, {0x07, 0x93}},
	{0xC76C, 2, {0x7F, 0xF0}},
	{0xC76E, 2, {0x58, 0x63}},
	{0xC770, 2, {0x00, 0xB7}},
	{0xC772, 2, {0x07, 0x93}},
	{0xC774, 2, {0x0F, 0x00}},
	{0xC776, 2, {0x47, 0xB3}},
	{0xC778, 2, {0x02, 0xF7}},
	{0xC77A, 2, {0x07, 0xC2}},
	{0xC77C, 2, {0x83, 0xC1}},
	{0xC77E, 2, {0x48, 0x37}},
	{0xC780, 2, {0x10, 0x02}},
	{0xC782, 2, {0x07, 0x37}},
	{0xC784, 2, {0x10, 0x02}},
	{0xC786, 2, {0x55, 0x83}},
	{0xC788, 2, {0x3B, 0x47}},
	{0xC78A, 2, {0x08, 0x93}},
	{0xC78C, 2, {0x50, 0x08}},
	{0xC78E, 2, {0x57, 0x03}},
	{0xC790, 2, {0x5A, 0xE8}},
	{0xC792, 2, {0x28, 0x03}},
	{0xC794, 2, {0x50, 0x08}},
	{0xC796, 2, {0x05, 0xC2}},
	{0xC798, 2, {0x07, 0x42}},
	{0xC79A, 2, {0x1E, 0x13}},
	{0xC79C, 2, {0x00, 0xF8}},
	{0xC79E, 2, {0x81, 0xC1}},
	{0xC7A0, 2, {0x83, 0x41}},
	{0xC7A2, 2, {0x4F, 0x63}},
	{0xC7A4, 2, {0x06, 0x0E}},
	{0xC7A6, 2, {0x81, 0x39}},
	{0xC7A8, 2, {0x08, 0x13}},
	{0xC7AA, 2, {0x40, 0x00}},
	{0xC7AC, 2, {0x6F, 0x63}},
	{0xC7AE, 2, {0x04, 0xA8}},
	{0xC7B0, 2, {0x48, 0x37}},
	{0xC7B2, 2, {0x10, 0x02}},
	{0xC7B4, 2, {0x08, 0x13}},
	{0xC7B6, 2, {0x50, 0x08}},
	{0xC7B8, 2, {0x58, 0x83}},
	{0xC7BA, 2, {0x0A, 0x88}},
	{0xC7BC, 2, {0x60, 0x63}},
	{0xC7BE, 2, {0x03, 0x15}},
	{0xC7C0, 2, {0x86, 0xB3}},
	{0xC7C2, 2, {0x02, 0xA6}},
	{0xC7C4, 2, {0x07, 0x93}},
	{0xC7C6, 2, {0x7F, 0xF0}},
	{0xC7C8, 2, {0xD5, 0x13}},
	{0xC7CA, 2, {0x00, 0x96}},
	{0xC7CC, 2, {0x95, 0x1A}},
	{0xC7CE, 2, {0xF4, 0x63}},
	{0xC7D0, 2, {0x00, 0xA7}},
	{0xC7D2, 2, {0x05, 0x13}},
	{0xC7D4, 2, {0x7F, 0xF0}},
	{0xC7D6, 2, {0x05, 0x42}},
	{0xC7D8, 2, {0x81, 0x41}},
	{0xC7DA, 2, {0x80, 0x82}},
	{0xC7DC, 2, {0x56, 0x03}},
	{0xC7DE, 2, {0x3D, 0xC6}},
	{0xC7E0, 2, {0x05, 0xB3}},
	{0xC7E2, 2, {0x40, 0xB6}},
	{0xC7E4, 2, {0x05, 0xC2}},
	{0xC7E6, 2, {0x85, 0xC1}},
	{0xC7E8, 2, {0xDC, 0xE3}},
	{0xC7EA, 2, {0xFC, 0xE5}},
	{0xC7EC, 2, {0x07, 0x37}},
	{0xC7EE, 2, {0x10, 0x02}},
	{0xC7F0, 2, {0x07, 0x13}},
	{0xC7F2, 2, {0x30, 0x07}},
	{0xC7F4, 2, {0x47, 0x38}},
	{0xC7F6, 2, {0x85, 0x3E}},
	{0xC7F8, 2, {0x16, 0x93}},
	{0xC7FA, 2, {0x00, 0x77}},
	{0xC7FC, 2, {0xCD, 0xE3}},
	{0xC7FE, 2, {0xFC, 0x06}},
	{0xC800, 2, {0x55, 0x03}},
	{0xC802, 2, {0x0C, 0x28}},
	{0xC804, 2, {0x05, 0x42}},
	{0xC806, 2, {0x81, 0x41}},
	{0xC808, 2, {0xB7, 0xF9}},
	{0xC80A, 2, {0x48, 0x37}},
	{0xC80C, 2, {0x10, 0x02}},
	{0xC80E, 2, {0x08, 0x13}},
	{0xC810, 2, {0x50, 0x08}},
	{0xC812, 2, {0x58, 0x83}},
	{0xC814, 2, {0x0A, 0x88}},
	{0xC816, 2, {0x05, 0x13}},
	{0xC818, 2, {0x40, 0x00}},
	{0xC81A, 2, {0x73, 0xE3}},
	{0xC81C, 2, {0xFB, 0x15}},
	{0xC81E, 2, {0xBF, 0x7D}},
	{0xC820, 2, {0xD5, 0x03}},
	{0xC822, 2, {0x0C, 0x08}},
	{0xC824, 2, {0x05, 0x42}},
	{0xC826, 2, {0x81, 0x41}},
	{0xC828, 2, {0x05, 0x42}},
	{0xC82A, 2, {0x81, 0x41}},
	{0xC82C, 2, {0x80, 0x82}},
	{0xC82E, 2, {0x67, 0xC1}},
	{0xC830, 2, {0x71, 0x39}},
	{0xC832, 2, {0x87, 0x93}},
	{0xC834, 2, {0x70, 0x67}},
	{0xC836, 2, {0xC2, 0x3E}},
	{0xC838, 2, {0x17, 0xB7}},
	{0xC83A, 2, {0x02, 0x03}},
	{0xC83C, 2, {0x87, 0x93}},
	{0xC83E, 2, {0x90, 0x87}},
	{0xC840, 2, {0xC4, 0x3E}},
	{0xC842, 2, {0x17, 0xB7}},
	{0xC844, 2, {0x04, 0x05}},
	{0xC846, 2, {0x87, 0x93}},
	{0xC848, 2, {0xB0, 0xA7}},
	{0xC84A, 2, {0xDA, 0x26}},
	{0xC84C, 2, {0xCC, 0x62}},
	{0xC84E, 2, {0x04, 0x93}},
	{0xC850, 2, {0x1E, 0x85}},
	{0xC852, 2, {0x6C, 0x39}},
	{0xC854, 2, {0xD8, 0x4A}},
	{0xC856, 2, {0xD6, 0x4E}},
	{0xC858, 2, {0x19, 0x13}},
	{0xC85A, 2, {0x00, 0x25}},
	{0xC85C, 2, {0x0C, 0x13}},
	{0xC85E, 2, {0x00, 0x0C}},
	{0xC860, 2, {0x04, 0x86}},
	{0xC862, 2, {0xC6, 0x3E}},
	{0xC864, 2, {0x49, 0xB7}},
	{0xC866, 2, {0x10, 0x01}},
	{0xC868, 2, {0x00, 0x5C}},
	{0xC86A, 2, {0xD4, 0x52}},
	{0xC86C, 2, {0xD2, 0x56}},
	{0xC86E, 2, {0xD0, 0x5A}},
	{0xC870, 2, {0xCE, 0x5E}},
	{0xC872, 2, {0xDE, 0x06}},
	{0xC874, 2, {0xDC, 0x22}},
	{0xC876, 2, {0x8B, 0xB3}},
	{0xC878, 2, {0x01, 0x27}},
	{0xC87A, 2, {0x4B, 0x01}},
	{0xC87C, 2, {0x4A, 0xB7}},
	{0xC87E, 2, {0x10, 0x02}},
	{0xC880, 2, {0x94, 0xE2}},
	{0xC882, 2, {0x89, 0x93}},
	{0xC884, 2, {0x50, 0x09}},
	{0xC886, 2, {0x4A, 0x11}},
	{0xC888, 2, {0x07, 0xB3}},
	{0xC88A, 2, {0x01, 0x69}},
	{0xC88C, 2, {0x07, 0xB1}},
	{0xC88E, 2, {0xC4, 0x03}},
	{0xC890, 2, {0x00, 0x0B}},
	{0xC892, 2, {0x07, 0x8A}},
	{0xC894, 2, {0x97, 0xD6}},
	{0xC896, 2, {0x47, 0xC8}},
	{0xC898, 2, {0xD5, 0x83}},
	{0xC89A, 2, {0x01, 0x44}},
	{0xC89C, 2, {0x27, 0x83}},
	{0xC89E, 2, {0x2D, 0x8C}},
	{0xC8A0, 2, {0x04, 0x13}},
	{0xC8A2, 2, {0x03, 0x84}},
	{0xC8A4, 2, {0x04, 0x06}},
	{0xC8A6, 2, {0x97, 0x82}},
	{0xC8A8, 2, {0x94, 0x4E}},
	{0xC8AA, 2, {0x0B, 0x05}},
	{0xC8AC, 2, {0x13, 0x23}},
	{0xC8AE, 2, {0x00, 0xA4}},
	{0xC8B0, 2, {0x0B, 0x85}},
	{0xC8B2, 2, {0x1B, 0xE3}},
	{0xC8B4, 2, {0xFD, 0x4B}},
	{0xC8B6, 2, {0x50, 0xF2}},
	{0xC8B8, 2, {0x54, 0x62}},
	{0xC8BA, 2, {0x54, 0xD2}},
	{0xC8BC, 2, {0x59, 0x42}},
	{0xC8BE, 2, {0x59, 0xB2}},
	{0xC8C0, 2, {0x5A, 0x22}},
	{0xC8C2, 2, {0x5A, 0x92}},
	{0xC8C4, 2, {0x5B, 0x02}},
	{0xC8C6, 2, {0x4B, 0xF2}},
	{0xC8C8, 2, {0x4C, 0x62}},
	{0xC8CA, 2, {0x61, 0x21}},
	{0xC8CC, 2, {0x80, 0x82}},
	{0xC8CE, 2, {0x37, 0xB7}},
	{0xC8D0, 2, {0x10, 0x01}},
	{0xC8D2, 2, {0x46, 0x37}},
	{0xC8D4, 2, {0x10, 0x01}},
	{0xC8D6, 2, {0x28, 0x83}},
	{0xC8D8, 2, {0x09, 0x06}},
	{0xC8DA, 2, {0xD5, 0x83}},
	{0xC8DC, 2, {0x62, 0x07}},
	{0xC8DE, 2, {0xD5, 0x03}},
	{0xC8E0, 2, {0x62, 0x27}},
	{0xC8E2, 2, {0x17, 0xB7}},
	{0xC8E4, 2, {0x10, 0x02}},
	{0xC8E6, 2, {0x87, 0x93}},
	{0xC8E8, 2, {0xB0, 0x07}},
	{0xC8EA, 2, {0x43, 0xDC}},
	{0xC8EC, 2, {0x05, 0xC2}},
	{0xC8EE, 2, {0x05, 0x42}},
	{0xC8F0, 2, {0x97, 0x13}},
	{0xC8F2, 2, {0x00, 0x57}},
	{0xC8F4, 2, {0x81, 0xC1}},
	{0xC8F6, 2, {0x81, 0x41}},
	{0xC8F8, 2, {0x50, 0x63}},
	{0xC8FA, 2, {0x06, 0x07}},
	{0xC8FC, 2, {0x63, 0x15}},
	{0xC8FE, 2, {0x07, 0x13}},
	{0xC900, 2, {0x06, 0xC6}},
	{0xC902, 2, {0xD8, 0x93}},
	{0xC904, 2, {0x00, 0x18}},
	{0xC906, 2, {0x48, 0x01}},
	{0xC908, 2, {0x03, 0x13}},
	{0xC90A, 2, {0x55, 0x63}},
	{0xC90C, 2, {0x0E, 0x33}},
	{0xC90E, 2, {0x40, 0xB5}},
	{0xC910, 2, {0x06, 0x13}},
	{0xC912, 2, {0x09, 0x06}},
	{0xC914, 2, {0xA0, 0x39}},
	{0xC916, 2, {0x73, 0x63}},
	{0xC918, 2, {0x00, 0x68}},
	{0xC91A, 2, {0x88, 0x1A}},
	{0xC91C, 2, {0x07, 0x11}},
	{0xC91E, 2, {0x06, 0x63}},
	{0xC920, 2, {0x02, 0xC7}},
	{0xC922, 2, {0x43, 0x1C}},
	{0xC924, 2, {0xD7, 0xB3}},
	{0xC926, 2, {0x03, 0x17}},
	{0xC928, 2, {0xC3, 0x1C}},
	{0xC92A, 2, {0xF6, 0xE3}},
	{0xC92C, 2, {0xFE, 0xA7}},
	{0xC92E, 2, {0x86, 0xB3}},
	{0xC930, 2, {0x40, 0xB7}},
	{0xC932, 2, {0xF5, 0xE3}},
	{0xC934, 2, {0xFE, 0xF5}},
	{0xC936, 2, {0x86, 0xB3}},
	{0xC938, 2, {0x02, 0x66}},
	{0xC93A, 2, {0xD6, 0xB3}},
	{0xC93C, 2, {0x03, 0xC6}},
	{0xC93E, 2, {0x7F, 0xE3}},
	{0xC940, 2, {0xFC, 0xD8}},
	{0xC942, 2, {0x07, 0x11}},
	{0xC944, 2, {0x88, 0x36}},
	{0xC946, 2, {0x1E, 0xE3}},
	{0xC948, 2, {0xFC, 0xC7}},
	{0xC94A, 2, {0x08, 0x42}},
	{0xC94C, 2, {0x58, 0x13}},
	{0xC94E, 2, {0x01, 0x08}},
	{0xC950, 2, {0x37, 0xB7}},
	{0xC952, 2, {0x10, 0x00}},
	{0xC954, 2, {0x9E, 0x23}},
	{0xC956, 2, {0x61, 0x07}},
	{0xC958, 2, {0x80, 0x82}},
	{0xC95A, 2, {0x71, 0x1D}},
	{0xC95C, 2, {0xCC, 0xA2}},
	{0xC95E, 2, {0x64, 0x39}},
	{0xC960, 2, {0xC8, 0xCA}},
	{0xC962, 2, {0x04, 0x13}},
	{0xC964, 2, {0x00, 0x04}},
	{0xC966, 2, {0x69, 0x05}},
	{0xC968, 2, {0x99, 0x22}},
	{0xC96A, 2, {0x26, 0x03}},
	{0xC96C, 2, {0xA6, 0x89}},
	{0xC96E, 2, {0x07, 0x37}},
	{0xC970, 2, {0x10, 0x02}},
	{0xC972, 2, {0x26, 0x83}},
	{0xC974, 2, {0x34, 0x87}},
	{0xC976, 2, {0x17, 0xB7}},
	{0xC978, 2, {0x10, 0x01}},
	{0xC97A, 2, {0xCA, 0xA6}},
	{0xC97C, 2, {0x42, 0x04}},
	{0xC97E, 2, {0x85, 0x93}},
	{0xC980, 2, {0xE0, 0x87}},
	{0xC982, 2, {0x86, 0x13}},
	{0xC984, 2, {0xE3, 0x07}},
	{0xC986, 2, {0x87, 0x93}},
	{0xC988, 2, {0xE3, 0x87}},
	{0xC98A, 2, {0xCE, 0x3E}},
	{0xC98C, 2, {0xCE, 0x86}},
	{0xC98E, 2, {0xC6, 0xCE}},
	{0xC990, 2, {0xC4, 0xD2}},
	{0xC992, 2, {0xC2, 0xD6}},
	{0xC994, 2, {0xC0, 0xDA}},
	{0xC996, 2, {0xDE, 0x5E}},
	{0xC998, 2, {0xCA, 0x2E}},
	{0xC99A, 2, {0xCC, 0x32}},
	{0xC99C, 2, {0x97, 0x93}},
	{0xC99E, 2, {0x01, 0x36}},
	{0xC9A0, 2, {0xDF, 0x03}},
	{0xC9A2, 2, {0x00, 0x24}},
	{0xC9A4, 2, {0x03, 0x13}},
	{0xC9A6, 2, {0x20, 0x00}},
	{0xC9A8, 2, {0xD2, 0x63}},
	{0xC9AA, 2, {0x04, 0x07}},
	{0xC9AC, 2, {0x06, 0x93}},
	{0xC9AE, 2, {0x02, 0xF0}},
	{0xC9B0, 2, {0x07, 0x93}},
	{0xC9B2, 2, {0x01, 0x0F}},
	{0xC9B4, 2, {0xF4, 0x63}},
	{0xC9B6, 2, {0x21, 0xE6}},
	{0xC9B8, 2, {0x07, 0x13}},
	{0xC9BA, 2, {0x20, 0x07}},
	{0xC9BC, 2, {0x43, 0x58}},
	{0xC9BE, 2, {0x19, 0x93}},
	{0xC9C0, 2, {0x01, 0x47}},
	{0xC9C2, 2, {0xC1, 0x63}},
	{0xC9C4, 2, {0x20, 0x09}},
	{0xC9C6, 2, {0x07, 0x37}},
	{0xC9C8, 2, {0x10, 0x02}},
	{0xC9CA, 2, {0x07, 0x13}},
	{0xC9CC, 2, {0x20, 0x07}},
	{0xC9CE, 2, {0x43, 0x58}},
	{0xC9D0, 2, {0x03, 0x13}},
	{0xC9D2, 2, {0x20, 0x00}},
	{0xC9D4, 2, {0x83, 0x29}},
	{0xC9D6, 2, {0x8B, 0x05}},
	{0xC9D8, 2, {0xCB, 0x11}},
	{0xC9DA, 2, {0xF7, 0x13}},
	{0xC9DC, 2, {0xFF, 0xE7}},
	{0xC9DE, 2, {0x83, 0x33}},
	{0xC9E0, 2, {0x40, 0xE7}},
	{0xC9E2, 2, {0x03, 0x26}},
	{0xC9E4, 2, {0x53, 0x33}},
	{0xC9E6, 2, {0x02, 0xE3}},
	{0xC9E8, 2, {0x03, 0x13}},
	{0xC9EA, 2, {0x20, 0x03}},
	{0xC9EC, 2, {0x15, 0x93}},
	{0xC9EE, 2, {0x01, 0x0F}},
	{0xC9F0, 2, {0x85, 0xC1}},
	{0xC9F2, 2, {0x8E, 0x93}},
	{0xC9F4, 2, {0xFF, 0xF5}},
	{0xC9F6, 2, {0x08, 0xB7}},
	{0xC9F8, 2, {0x10, 0x02}},
	{0xC9FA, 2, {0x16, 0x37}},
	{0xC9FC, 2, {0x10, 0x02}},
	{0xC9FE, 2, {0x1F, 0xB7}},
	{0xCA00, 2, {0x10, 0x00}},
	{0xCA02, 2, {0x68, 0x21}},
	{0xCA04, 2, {0x85, 0x8D}},
	{0xCA06, 2, {0xDE, 0x93}},
	{0xCA08, 2, {0x40, 0x5E}},
	{0xCA0A, 2, {0x10, 0x14}},
	{0xCA0C, 2, {0x47, 0x01}},
	{0xCA0E, 2, {0x85, 0x13}},
	{0xCA10, 2, {0x30, 0x08}},
	{0xCA12, 2, {0x06, 0x13}},
	{0xCA14, 2, {0x40, 0x06}},
	{0xCA16, 2, {0x40, 0xBD}},
	{0xCA18, 2, {0x8F, 0x93}},
	{0xCA1A, 2, {0x40, 0x0F}},
	{0xCA1C, 2, {0x03, 0x93}},
	{0xCA1E, 2, {0x02, 0xF0}},
	{0xCA20, 2, {0x08, 0x13}},
	{0xCA22, 2, {0x15, 0x08}},
	{0xCA24, 2, {0x42, 0xFD}},
	{0xCA26, 2, {0x4E, 0x11}},
	{0xCA28, 2, {0x45, 0x3C}},
	{0xCA2A, 2, {0x99, 0x93}},
	{0xCA2C, 2, {0x01, 0x37}},
	{0xCA2E, 2, {0xD1, 0x63}},
	{0xCA30, 2, {0x14, 0x09}},
	{0xCA32, 2, {0xA7, 0x83}},
	{0xCA34, 2, {0x20, 0x48}},
	{0xCA36, 2, {0x99, 0x93}},
	{0xCA38, 2, {0x01, 0x47}},
	{0xCA3A, 2, {0xD7, 0x63}},
	{0xCA3C, 2, {0x14, 0x09}},
	{0xCA3E, 2, {0xE5, 0x63}},
	{0xCA40, 2, {0x15, 0xE3}},
	{0xCA42, 2, {0x17, 0x93}},
	{0xCA44, 2, {0x00, 0x17}},
	{0xCA46, 2, {0x89, 0xB3}},
	{0xCA48, 2, {0x00, 0xA7}},
	{0xCA4A, 2, {0xD9, 0x83}},
	{0xCA4C, 2, {0x0A, 0xC9}},
	{0xCA4E, 2, {0x09, 0xC2}},
	{0xCA50, 2, {0x8A, 0x33}},
	{0xCA52, 2, {0x01, 0xF7}},
	{0xCA54, 2, {0xD9, 0x93}},
	{0xCA56, 2, {0x01, 0x09}},
	{0xCA58, 2, {0x19, 0x23}},
	{0xCA5A, 2, {0x01, 0x3A}},
	{0xCA5C, 2, {0x97, 0xB2}},
	{0xCA5E, 2, {0xD9, 0x83}},
	{0xCA60, 2, {0x01, 0x27}},
	{0xCA62, 2, {0xD7, 0x83}},
	{0xCA64, 2, {0x01, 0xA7}},
	{0xCA66, 2, {0x8A, 0x76}},
	{0xCA68, 2, {0x87, 0xB3}},
	{0xCA6A, 2, {0x03, 0x37}},
	{0xCA6C, 2, {0x87, 0xA5}},
	{0xCA6E, 2, {0x07, 0xC2}},
	{0xCA70, 2, {0x83, 0xC1}},
	{0xCA72, 2, {0x90, 0x23}},
	{0xCA74, 2, {0x00, 0xF6}},
	{0xCA76, 2, {0x09, 0x93}},
	{0xCA78, 2, {0x20, 0x00}},
	{0xCA7A, 2, {0x41, 0x63}},
	{0xCA7C, 2, {0x02, 0x0A}},
	{0xCA7E, 2, {0x89, 0xD2}},
	{0xCA80, 2, {0xD3, 0x63}},
	{0xCA82, 2, {0x01, 0x42}},
	{0xCA84, 2, {0x49, 0xFD}},
	{0xCA86, 2, {0x9A, 0x13}},
	{0xCA88, 2, {0x01, 0x09}},
	{0xCA8A, 2, {0x5A, 0x13}},
	{0xCA8C, 2, {0x41, 0x0A}},
	{0xCA8E, 2, {0x19, 0x93}},
	{0xCA90, 2, {0x00, 0x57}},
	{0xCA92, 2, {0x99, 0xD2}},
	{0xCA94, 2, {0x09, 0x86}},
	{0xCA96, 2, {0x99, 0xC2}},
	{0xCA98, 2, {0xD9, 0x83}},
	{0xCA9A, 2, {0x00, 0x09}},
	{0xCA9C, 2, {0x87, 0xB3}},
	{0xCA9E, 2, {0x03, 0x37}},
	{0xCAA0, 2, {0x06, 0x89}},
	{0xCAA2, 2, {0x07, 0x05}},
	{0xCAA4, 2, {0x87, 0xA5}},
	{0xCAA6, 2, {0x87, 0xB3}},
	{0xCAA8, 2, {0x02, 0x67}},
	{0xCAAA, 2, {0x83, 0xA5}},
	{0xCAAC, 2, {0x9F, 0x23}},
	{0xCAAE, 2, {0xFE, 0xF6}},
	{0xCAB0, 2, {0x1C, 0xE3}},
	{0xCAB2, 2, {0xF7, 0xC7}},
	{0xCAB4, 2, {0x27, 0x83}},
	{0xCAB6, 2, {0x27, 0x44}},
	{0xCAB8, 2, {0x10, 0x2C}},
	{0xCABA, 2, {0x10, 0x08}},
	{0xCABC, 2, {0x97, 0x82}},
	{0xCABE, 2, {0x56, 0x82}},
	{0xCAC0, 2, {0x17, 0xB7}},
	{0xCAC2, 2, {0x10, 0x01}},
	{0xCAC4, 2, {0x87, 0x13}},
	{0xCAC6, 2, {0x40, 0x47}},
	{0xCAC8, 2, {0xA0, 0x23}},
	{0xCACA, 2, {0x40, 0xD7}},
	{0xCACC, 2, {0x56, 0x12}},
	{0xCACE, 2, {0x26, 0x83}},
	{0xCAD0, 2, {0xA6, 0xC9}},
	{0xCAD2, 2, {0xA2, 0x23}},
	{0xCAD4, 2, {0x40, 0xC7}},
	{0xCAD6, 2, {0x57, 0xA2}},
	{0xCAD8, 2, {0xC3, 0x5C}},
	{0xCADA, 2, {0x57, 0xB2}},
	{0xCADC, 2, {0xC7, 0x1C}},
	{0xCADE, 2, {0xCE, 0xB5}},
	{0xCAE0, 2, {0x6A, 0x11}},
	{0xCAE2, 2, {0x0B, 0x13}},
	{0xCAE4, 2, {0x01, 0x41}},
	{0xCAE6, 2, {0x49, 0x81}},
	{0xCAE8, 2, {0x1A, 0x7D}},
	{0xCAEA, 2, {0xCA, 0xB7}},
	{0xCAEC, 2, {0x20, 0x00}},
	{0xCAEE, 2, {0x27, 0x83}},
	{0xCAF0, 2, {0xA6, 0x89}},
	{0xCAF2, 2, {0x96, 0x93}},
	{0xCAF4, 2, {0x00, 0x29}},
	{0xCAF6, 2, {0x27, 0x03}},
	{0xCAF8, 2, {0x00, 0x0B}},
	{0xCAFA, 2, {0x97, 0xB6}},
	{0xCAFC, 2, {0x43, 0x9C}},
	{0xCAFE, 2, {0x26, 0x83}},
	{0xCB00, 2, {0x10, 0x44}},
	{0xCB02, 2, {0x0B, 0x11}},
	{0xCB04, 2, {0x47, 0xD0}},
	{0xCB06, 2, {0xDB, 0x83}},
	{0xCB08, 2, {0x00, 0x27}},
	{0xCB0A, 2, {0xC3, 0x10}},
	{0xCB0C, 2, {0x4B, 0x9C}},
	{0xCB0E, 2, {0x85, 0x5E}},
	{0xCB10, 2, {0xC3, 0x5C}},
	{0xCB12, 2, {0x96, 0x82}},
	{0xCB14, 2, {0xC7, 0x83}},
	{0xCB16, 2, {0x00, 0x04}},
	{0xCB18, 2, {0x75, 0x33}},
	{0xCB1A, 2, {0x01, 0x45}},
	{0xCB1C, 2, {0x27, 0x23}},
	{0xCB1E, 2, {0x00, 0x01}},
	{0xCB20, 2, {0x57, 0x13}},
	{0xCB22, 2, {0x00, 0x85}},
	{0xCB24, 2, {0x17, 0x23}},
	{0xCB26, 2, {0x00, 0xA1}},
	{0xCB28, 2, {0x67, 0x13}},
	{0xCB2A, 2, {0x04, 0x07}},
	{0xCB2C, 2, {0x83, 0x9D}},
	{0xCB2E, 2, {0x07, 0xA3}},
	{0xCB30, 2, {0x00, 0xE1}},
	{0xCB32, 2, {0x16, 0x23}},
	{0xCB34, 2, {0x01, 0x71}},
	{0xCB36, 2, {0x97, 0x13}},
	{0xCB38, 2, {0x00, 0x39}},
	{0xCB3A, 2, {0x07, 0x8A}},
	{0xCB3C, 2, {0x08, 0x23}},
	{0xCB3E, 2, {0x00, 0xF1}},
	{0xCB40, 2, {0x87, 0xB3}},
	{0xCB42, 2, {0x00, 0xEA}},
	{0xCB44, 2, {0x47, 0x32}},
	{0xCB46, 2, {0x19, 0x23}},
	{0xCB48, 2, {0x00, 0x01}},
	{0xCB4A, 2, {0x09, 0x85}},
	{0xCB4C, 2, {0xC3, 0xD8}},
	{0xCB4E, 2, {0x46, 0xC2}},
	{0xCB50, 2, {0x27, 0x03}},
	{0xCB52, 2, {0xA6, 0xC9}},
	{0xCB54, 2, {0xC7, 0x94}},
	{0xCB56, 2, {0xEC, 0xE3}},
	{0xCB58, 2, {0xF8, 0xE9}},
	{0xCB5A, 2, {0x40, 0xF6}},
	{0xCB5C, 2, {0x44, 0x66}},
	{0xCB5E, 2, {0x44, 0xD6}},
	{0xCB60, 2, {0x49, 0x46}},
	{0xCB62, 2, {0x49, 0xB6}},
	{0xCB64, 2, {0x4A, 0x26}},
	{0xCB66, 2, {0x4A, 0x96}},
	{0xCB68, 2, {0x4B, 0x06}},
	{0xCB6A, 2, {0x5B, 0xF2}},
	{0xCB6C, 2, {0x61, 0x25}},
	{0xCB6E, 2, {0x80, 0x82}},
	{0xCB70, 2, {0x07, 0x93}},
	{0xCB72, 2, {0x00, 0x87}},
	{0xCB74, 2, {0x07, 0x86}},
	{0xCB76, 2, {0x97, 0xB2}},
	{0xCB78, 2, {0xD7, 0x83}},
	{0xCB7A, 2, {0x00, 0xA7}},
	{0xCB7C, 2, {0x8A, 0x2E}},
	{0xCB7E, 2, {0x07, 0xC2}},
	{0xCB80, 2, {0x83, 0xC1}},
	{0xCB82, 2, {0x90, 0x23}},
	{0xCB84, 2, {0x00, 0xF6}},
	{0xCB86, 2, {0xBD, 0xC5}},
	{0xCB88, 2, {0xA7, 0x83}},
	{0xCB8A, 2, {0x20, 0x48}},
	{0xCB8C, 2, {0x83, 0xA9}},
	{0xCB8E, 2, {0x8B, 0x85}},
	{0xCB90, 2, {0xCB, 0x91}},
	{0xCB92, 2, {0xE9, 0x63}},
	{0xCB94, 2, {0x01, 0xE0}},
	{0xCB96, 2, {0x17, 0x93}},
	{0xCB98, 2, {0x00, 0x17}},
	{0xCB9A, 2, {0x89, 0xB3}},
	{0xCB9C, 2, {0x00, 0xA7}},
	{0xCB9E, 2, {0xD9, 0x83}},
	{0xCBA0, 2, {0x0A, 0x49}},
	{0xCBA2, 2, {0xB5, 0x75}},
	{0xCBA4, 2, {0x07, 0x93}},
	{0xCBA6, 2, {0x00, 0x87}},
	{0xCBA8, 2, {0x07, 0x86}},
	{0xCBAA, 2, {0x97, 0xB2}},
	{0xCBAC, 2, {0xD7, 0x83}},
	{0xCBAE, 2, {0x00, 0xA7}},
	{0xCBB0, 2, {0x8A, 0x76}},
	{0xCBB2, 2, {0x07, 0xC2}},
	{0xCBB4, 2, {0x83, 0xC1}},
	{0xCBB6, 2, {0x90, 0x23}},
	{0xCBB8, 2, {0x00, 0xF6}},
	{0xCBBA, 2, {0xBD, 0x75}},
	{0xCBBC, 2, {0x47, 0x3D}},
	{0xCBBE, 2, {0x77, 0xE3}},
	{0xCBC0, 2, {0xE3, 0xE7}},
	{0xCBC2, 2, {0xB5, 0x11}},
	{0xCBC4, 2, {0xF7, 0x13}},
	{0xCBC6, 2, {0xFF, 0xC7}},
	{0xCBC8, 2, {0x83, 0x33}},
	{0xCBCA, 2, {0x40, 0xE7}},
	{0xCBCC, 2, {0x03, 0x26}},
	{0xCBCE, 2, {0x53, 0x33}},
	{0xCBD0, 2, {0x02, 0xE3}},
	{0xCBD2, 2, {0x03, 0x13}},
	{0xCBD4, 2, {0x20, 0x03}},
	{0xCBD6, 2, {0xBD, 0x19}},
	{0xCBD8, 2, {0x67, 0xB9}},
	{0xCBDA, 2, {0x87, 0x93}},
	{0xCBDC, 2, {0x00, 0x07}},
	{0xCBDE, 2, {0x67, 0x05}},
	{0xCBE0, 2, {0x97, 0x3E}},
	{0xCBE2, 2, {0x25, 0x03}},
	{0xCBE4, 2, {0xA6, 0x07}},
	{0xCBE6, 2, {0x47, 0xDC}},
	{0xCBE8, 2, {0x11, 0x41}},
	{0xCBEA, 2, {0xC6, 0x06}},
	{0xCBEC, 2, {0x97, 0x82}},
	{0xCBEE, 2, {0x47, 0x03}},
	{0xCBF0, 2, {0x00, 0x85}},
	{0xCBF2, 2, {0x07, 0xB7}},
	{0xCBF4, 2, {0x10, 0x01}},
	{0xCBF6, 2, {0x77, 0x13}},
	{0xCBF8, 2, {0xF8, 0x07}},
	{0xCBFA, 2, {0x04, 0x23}},
	{0xCBFC, 2, {0x00, 0xE5}},
	{0xCBFE, 2, {0x47, 0x05}},
	{0xCC00, 2, {0xC1, 0x18}},
	{0xCC02, 2, {0xA6, 0x83}},
	{0xCC04, 2, {0x54, 0x47}},
	{0xCC06, 2, {0x04, 0xA3}},
	{0xCC08, 2, {0x00, 0x05}},
	{0xCC0A, 2, {0x87, 0x13}},
	{0xCC0C, 2, {0x20, 0x07}},
	{0xCC0E, 2, {0xF6, 0x93}},
	{0xCC10, 2, {0x08, 0x06}},
	{0xCC12, 2, {0x04, 0x23}},
	{0xCC14, 2, {0x00, 0xD5}},
	{0xCC16, 2, {0xD6, 0x03}},
	{0xCC18, 2, {0x20, 0xA7}},
	{0xCC1A, 2, {0xA6, 0x83}},
	{0xCC1C, 2, {0x21, 0x07}},
	{0xCC1E, 2, {0x40, 0xB2}},
	{0xCC20, 2, {0x15, 0x23}},
	{0xCC22, 2, {0x00, 0xC5}},
	{0xCC24, 2, {0xC5, 0x54}},
	{0xCC26, 2, {0xA6, 0x83}},
	{0xCC28, 2, {0x21, 0x47}},
	{0xCC2A, 2, {0xC9, 0x54}},
	{0xCC2C, 2, {0xA7, 0x83}},
	{0xCC2E, 2, {0x21, 0x87}},
	{0xCC30, 2, {0xCD, 0x1C}},
	{0xCC32, 2, {0x47, 0x5C}},
	{0xCC34, 2, {0xC9, 0x1C}},
	{0xCC36, 2, {0x01, 0x41}},
	{0xCC38, 2, {0x80, 0x82}},
	{0xCC3A, 2, {0x07, 0xB7}},
	{0xCC3C, 2, {0x01, 0x00}},
	{0xCC3E, 2, {0x71, 0x5D}},
	{0xCC40, 2, {0x87, 0x93}},
	{0xCC42, 2, {0x10, 0x07}},
	{0xCC44, 2, {0xC6, 0x3E}},
	{0xCC46, 2, {0x07, 0xB7}},
	{0xCC48, 2, {0x03, 0x02}},
	{0xCC4A, 2, {0x87, 0x93}},
	{0xCC4C, 2, {0x30, 0x27}},
	{0xCC4E, 2, {0x07, 0x37}},
	{0xCC50, 2, {0x10, 0x02}},
	{0xCC52, 2, {0xC8, 0x3E}},
	{0xCC54, 2, {0x26, 0x83}},
	{0xCC56, 2, {0x20, 0x47}},
	{0xCC58, 2, {0x27, 0x83}},
	{0xCC5A, 2, {0x20, 0x47}},
	{0xCC5C, 2, {0xC4, 0xA2}},
	{0xCC5E, 2, {0xD7, 0x13}},
	{0xCC60, 2, {0x00, 0xB6}},
	{0xCC62, 2, {0x83, 0xA9}},
	{0xCC64, 2, {0x8F, 0xD9}},
	{0xCC66, 2, {0x64, 0x39}},
	{0xCC68, 2, {0xC0, 0xCA}},
	{0xCC6A, 2, {0xDE, 0x4E}},
	{0xCC6C, 2, {0xDA, 0x56}},
	{0xCC6E, 2, {0x04, 0x13}},
	{0xCC70, 2, {0x00, 0x04}},
	{0xCC72, 2, {0xC6, 0x86}},
	{0xCC74, 2, {0xC2, 0xA6}},
	{0xCC76, 2, {0xDC, 0x52}},
	{0xCC78, 2, {0xD8, 0x5A}},
	{0xCC7A, 2, {0xD6, 0x5E}},
	{0xCC7C, 2, {0x8B, 0x85}},
	{0xCC7E, 2, {0x89, 0x2A}},
	{0xCC80, 2, {0x29, 0x83}},
	{0xCC82, 2, {0x40, 0x04}},
	{0xCC84, 2, {0x4A, 0x81}},
	{0xCC86, 2, {0xC7, 0x91}},
	{0xCC88, 2, {0x89, 0x9D}},
	{0xCC8A, 2, {0x10, 0x18}},
	{0xCC8C, 2, {0x95, 0xBA}},
	{0xCC8E, 2, {0xCA, 0x83}},
	{0xCC90, 2, {0xFE, 0xC5}},
	{0xCC92, 2, {0x07, 0xB7}},
	{0xCC94, 2, {0x10, 0x02}},
	{0xCC96, 2, {0x87, 0x93}},
	{0xCC98, 2, {0x60, 0x07}},
	{0xCC9A, 2, {0xD7, 0x83}},
	{0xCC9C, 2, {0x02, 0x87}},
	{0xCC9E, 2, {0x07, 0xC2}},
	{0xCCA0, 2, {0x83, 0xC1}},
	{0xCCA2, 2, {0x97, 0x13}},
	{0xCCA4, 2, {0x01, 0x47}},
	{0xCCA6, 2, {0x52, 0x63}},
	{0xCCA8, 2, {0x0C, 0x07}},
	{0xCCAA, 2, {0xF7, 0x93}},
	{0xCCAC, 2, {0x7F, 0xF7}},
	{0xCCAE, 2, {0x07, 0xB3}},
	{0xCCB0, 2, {0x40, 0xF0}},
	{0xCCB2, 2, {0x9B, 0x13}},
	{0xCCB4, 2, {0x01, 0x07}},
	{0xCCB6, 2, {0x5B, 0x13}},
	{0xCCB8, 2, {0x41, 0x0B}},
	{0xCCBA, 2, {0x27, 0x83}},
	{0xCCBC, 2, {0x0D, 0x44}},
	{0xCCBE, 2, {0x97, 0x82}},
	{0xCCC0, 2, {0x41, 0x18}},
	{0xCCC2, 2, {0x67, 0xC1}},
	{0xCCC4, 2, {0x64, 0x63}},
	{0xCCC6, 2, {0x00, 0xF7}},
	{0xCCC8, 2, {0x87, 0x13}},
	{0xCCCA, 2, {0xFF, 0xF7}},
	{0xCCCC, 2, {0x07, 0xB7}},
	{0xCCCE, 2, {0x10, 0x02}},
	{0xCCD0, 2, {0xD5, 0x83}},
	{0xCCD2, 2, {0x78, 0x47}},
	{0xCCD4, 2, {0x36, 0xB7}},
	{0xCCD6, 2, {0x10, 0x02}},
	{0xCCD8, 2, {0xD6, 0x83}},
	{0xCCDA, 2, {0x80, 0xA6}},
	{0xCCDC, 2, {0x05, 0xC2}},
	{0xCCDE, 2, {0x81, 0xC1}},
	{0xCCE0, 2, {0xCC, 0x3A}},
	{0xCCE2, 2, {0xCA, 0x2E}},
	{0xCCE4, 2, {0xCE, 0x36}},
	{0xCCE6, 2, {0x87, 0x93}},
	{0xCCE8, 2, {0x30, 0x07}},
	{0xCCEA, 2, {0x47, 0xBC}},
	{0xCCEC, 2, {0x85, 0x4A}},
	{0xCCEE, 2, {0x97, 0x13}},
	{0xCCF0, 2, {0x00, 0x67}},
	{0xCCF2, 2, {0x51, 0x63}},
	{0xCCF4, 2, {0x06, 0x07}},
	{0xCCF6, 2, {0x07, 0x93}},
	{0xCCF8, 2, {0x06, 0xC0}},
	{0xCCFA, 2, {0x87, 0xB3}},
	{0xCCFC, 2, {0x02, 0xFA}},
	{0xCCFE, 2, {0x0B, 0x2E}},
	{0xCD00, 2, {0x09, 0x33}},
	{0xCD02, 2, {0x41, 0x69}},
	{0xCD04, 2, {0x8A, 0x93}},
	{0xCD06, 2, {0x06, 0xC9}},
	{0xCD08, 2, {0x5B, 0x93}},
	{0xCD0A, 2, {0x41, 0xF9}},
	{0xCD0C, 2, {0x0A, 0x13}},
	{0xCD0E, 2, {0x01, 0x41}},
	{0xCD10, 2, {0x84, 0xB3}},
	{0xCD12, 2, {0x00, 0xF9}},
	{0xCD14, 2, {0x9A, 0xBE}},
	{0xCD16, 2, {0x27, 0x83}},
	{0xCD18, 2, {0x29, 0x44}},
	{0xCD1A, 2, {0x85, 0x26}},
	{0xCD1C, 2, {0x84, 0x93}},
	{0xCD1E, 2, {0x02, 0x44}},
	{0xCD20, 2, {0x97, 0x82}},
	{0xCD22, 2, {0x27, 0x83}},
	{0xCD24, 2, {0x32, 0x44}},
	{0xCD26, 2, {0x86, 0xAE}},
	{0xCD28, 2, {0x86, 0x2A}},
	{0xCD2A, 2, {0x85, 0xDE}},
	{0xCD2C, 2, {0x85, 0x4A}},
	{0xCD2E, 2, {0x47, 0x2D}},
	{0xCD30, 2, {0x97, 0x82}},
	{0xCD32, 2, {0x89, 0x2A}},
	{0xCD34, 2, {0x8B, 0xAE}},
	{0xCD36, 2, {0x0A, 0x11}},
	{0xCD38, 2, {0x85, 0x63}},
	{0xCD3A, 2, {0x01, 0x54}},
	{0xCD3C, 2, {0x25, 0x83}},
	{0xCD3E, 2, {0x00, 0x0A}},
	{0xCD40, 2, {0xBF, 0xD9}},
	{0xCD42, 2, {0x27, 0x83}},
	{0xCD44, 2, {0x32, 0x44}},
	{0xCD46, 2, {0xA6, 0x83}},
	{0xCD48, 2, {0x1B, 0x49}},
	{0xCD4A, 2, {0xA6, 0x03}},
	{0xCD4C, 2, {0x1B, 0x09}},
	{0xCD4E, 2, {0x47, 0x2D}},
	{0xCD50, 2, {0x97, 0x82}},
	{0xCD52, 2, {0x95, 0x5A}},
	{0xCD54, 2, {0x40, 0xB6}},
	{0xCD56, 2, {0x44, 0x26}},
	{0xCD58, 2, {0x44, 0x96}},
	{0xCD5A, 2, {0x49, 0x06}},
	{0xCD5C, 2, {0x59, 0xF2}},
	{0xCD5E, 2, {0x5A, 0x62}},
	{0xCD60, 2, {0x5A, 0xD2}},
	{0xCD62, 2, {0x5B, 0x42}},
	{0xCD64, 2, {0x5B, 0xB2}},
	{0xCD66, 2, {0x61, 0x61}},
	{0xCD68, 2, {0x80, 0x82}},
	{0xCD6A, 2, {0x9B, 0x13}},
	{0xCD6C, 2, {0x01, 0x07}},
	{0xCD6E, 2, {0x5B, 0x13}},
	{0xCD70, 2, {0x41, 0x0B}},
	{0xCD72, 2, {0xB7, 0xA1}},
	{0xCD74, 2, {0x11, 0x41}},
	{0xCD76, 2, {0xC4, 0x22}},
	{0xCD78, 2, {0x27, 0xB7}},
	{0xCD7A, 2, {0x10, 0x02}},
	{0xCD7C, 2, {0x64, 0x39}},
	{0xCD7E, 2, {0x04, 0x13}},
	{0xCD80, 2, {0x00, 0x04}},
	{0xCD82, 2, {0x87, 0x93}},
	{0xCD84, 2, {0x70, 0x07}},
	{0xCD86, 2, {0xC2, 0x26}},
	{0xCD88, 2, {0xD4, 0x83}},
	{0xCD8A, 2, {0x10, 0xA7}},
	{0xCD8C, 2, {0x27, 0x83}},
	{0xCD8E, 2, {0x2E, 0x44}},
	{0xCD90, 2, {0xC6, 0x06}},
	{0xCD92, 2, {0x04, 0xC2}},
	{0xCD94, 2, {0x97, 0x82}},
	{0xCD96, 2, {0x27, 0x83}},
	{0xCD98, 2, {0x27, 0x04}},
	{0xCD9A, 2, {0x80, 0xC1}},
	{0xCD9C, 2, {0x85, 0x26}},
	{0xCD9E, 2, {0x97, 0x82}},
	{0xCDA0, 2, {0x27, 0x83}},
	{0xCDA2, 2, {0x2A, 0x84}},
	{0xCDA4, 2, {0x97, 0x82}},
	{0xCDA6, 2, {0x47, 0x83}},
	{0xCDA8, 2, {0x34, 0xE4}},
	{0xCDAA, 2, {0xCB, 0x8D}},
	{0xCDAC, 2, {0x07, 0xB7}},
	{0xCDAE, 2, {0x10, 0x01}},
	{0xCDB0, 2, {0xD7, 0x03}},
	{0xCDB2, 2, {0x47, 0x07}},
	{0xCDB4, 2, {0x67, 0x13}},
	{0xCDB6, 2, {0x00, 0x17}},
	{0xCDB8, 2, {0x98, 0x23}},
	{0xCDBA, 2, {0x46, 0xE7}},
	{0xCDBC, 2, {0xD7, 0x03}},
	{0xCDBE, 2, {0x47, 0x07}},
	{0xCDC0, 2, {0x67, 0x13}},
	{0xCDC2, 2, {0x01, 0x07}},
	{0xCDC4, 2, {0x98, 0x23}},
	{0xCDC6, 2, {0x46, 0xE7}},
	{0xCDC8, 2, {0xD7, 0x03}},
	{0xCDCA, 2, {0x47, 0x07}},
	{0xCDCC, 2, {0x9B, 0x79}},
	{0xCDCE, 2, {0x98, 0x23}},
	{0xCDD0, 2, {0x46, 0xE7}},
	{0xCDD2, 2, {0xD7, 0x03}},
	{0xCDD4, 2, {0x47, 0x07}},
	{0xCDD6, 2, {0x9B, 0x3D}},
	{0xCDD8, 2, {0x98, 0x23}},
	{0xCDDA, 2, {0x46, 0xE7}},
	{0xCDDC, 2, {0x07, 0x37}},
	{0xCDDE, 2, {0x10, 0x01}},
	{0xCDE0, 2, {0x27, 0x83}},
	{0xCDE2, 2, {0x20, 0x07}},
	{0xCDE4, 2, {0x15, 0xB7}},
	{0xCDE6, 2, {0x10, 0x00}},
	{0xCDE8, 2, {0x27, 0x03}},
	{0xCDEA, 2, {0x20, 0x07}},
	{0xCDEC, 2, {0xD6, 0x83}},
	{0xCDEE, 2, {0x04, 0xA5}},
	{0xCDF0, 2, {0x83, 0xE1}},
	{0xCDF2, 2, {0x66, 0x21}},
	{0xCDF4, 2, {0x8B, 0x85}},
	{0xCDF6, 2, {0x16, 0x7D}},
	{0xCDF8, 2, {0x95, 0x13}},
	{0xCDFA, 2, {0x00, 0xF7}},
	{0xCDFC, 2, {0x8E, 0xF1}},
	{0xCDFE, 2, {0x8E, 0xC9}},
	{0xCE00, 2, {0x95, 0x23}},
	{0xCE02, 2, {0x04, 0xD5}},
	{0xCE04, 2, {0x06, 0xB7}},
	{0xCE06, 2, {0x10, 0x02}},
	{0xCE08, 2, {0xA6, 0x03}},
	{0xCE0A, 2, {0x34, 0x86}},
	{0xCE0C, 2, {0x83, 0x65}},
	{0xCE0E, 2, {0x8B, 0x05}},
	{0xCE10, 2, {0x08, 0x23}},
	{0xCE12, 2, {0x3A, 0xF4}},
	{0xCE14, 2, {0x08, 0xA3}},
	{0xCE16, 2, {0x3A, 0xE4}},
	{0xCE18, 2, {0x17, 0x93}},
	{0xCE1A, 2, {0x00, 0xE6}},
	{0xCE1C, 2, {0x86, 0x93}},
	{0xCE1E, 2, {0x30, 0x06}},
	{0xCE20, 2, {0xDB, 0x63}},
	{0xCE22, 2, {0x04, 0x07}},
	{0xCE24, 2, {0x17, 0xB7}},
	{0xCE26, 2, {0x10, 0x02}},
	{0xCE28, 2, {0xA7, 0x03}},
	{0xCE2A, 2, {0xB0, 0x47}},
	{0xCE2C, 2, {0x87, 0x93}},
	{0xCE2E, 2, {0xB0, 0x07}},
	{0xCE30, 2, {0x16, 0x13}},
	{0xCE32, 2, {0x01, 0x17}},
	{0xCE34, 2, {0x52, 0x63}},
	{0xCE36, 2, {0x10, 0x06}},
	{0xCE38, 2, {0x46, 0xB8}},
	{0xCE3A, 2, {0x16, 0x93}},
	{0xCE3C, 2, {0x00, 0xE7}},
	{0xCE3E, 2, {0xDD, 0x63}},
	{0xCE40, 2, {0x0E, 0x06}},
	{0xCE42, 2, {0xD6, 0x83}},
	{0xCE44, 2, {0x05, 0x27}},
	{0xCE46, 2, {0x07, 0x13}},
	{0xCE48, 2, {0x40, 0x00}},
	{0xCE4A, 2, {0x66, 0x63}},
	{0xCE4C, 2, {0x00, 0xD7}},
	{0xCE4E, 2, {0xD7, 0x83}},
	{0xCE50, 2, {0x05, 0x47}},
	{0xCE52, 2, {0x71, 0x63}},
	{0xCE54, 2, {0x10, 0xF7}},
	{0xCE56, 2, {0x47, 0xB7}},
	{0xCE58, 2, {0x10, 0x00}},
	{0xCE5A, 2, {0xC7, 0x03}},
	{0xCE5C, 2, {0x52, 0x67}},
	{0xCE5E, 2, {0x67, 0x13}},
	{0xCE60, 2, {0x00, 0x47}},
	{0xCE62, 2, {0x83, 0x23}},
	{0xCE64, 2, {0x52, 0xE7}},
	{0xCE66, 2, {0x07, 0x93}},
	{0xCE68, 2, {0x06, 0xF0}},
	{0xCE6A, 2, {0xEF, 0x63}},
	{0xCE6C, 2, {0x0C, 0x97}},
	{0xCE6E, 2, {0x47, 0xB7}},
	{0xCE70, 2, {0x10, 0x00}},
	{0xCE72, 2, {0x8A, 0x23}},
	{0xCE74, 2, {0x5E, 0x07}},
	{0xCE76, 2, {0x57, 0x83}},
	{0xCE78, 2, {0x35, 0x04}},
	{0xCE7A, 2, {0x8B, 0x8D}},
	{0xCE7C, 2, {0xC7, 0xD5}},
	{0xCE7E, 2, {0x07, 0x93}},
	{0xCE80, 2, {0x08, 0x00}},
	{0xCE82, 2, {0x07, 0x37}},
	{0xCE84, 2, {0x10, 0x00}},
	{0xCE86, 2, {0xE6, 0x63}},
	{0xCE88, 2, {0x0A, 0x97}},
	{0xCE8A, 2, {0x07, 0x13}},
	{0xCE8C, 2, {0x3E, 0xC7}},
	{0xCE8E, 2, {0x47, 0xB7}},
	{0xCE90, 2, {0x10, 0x00}},
	{0xCE92, 2, {0x45, 0x83}},
	{0xCE94, 2, {0x00, 0x27}},
	{0xCE96, 2, {0xC6, 0x83}},
	{0xCE98, 2, {0x72, 0x17}},
	{0xCE9A, 2, {0x84, 0x93}},
	{0xCE9C, 2, {0xF9, 0xF4}},
	{0xCE9E, 2, {0x86, 0x2E}},
	{0xCEA0, 2, {0x81, 0x89}},
	{0xCEA2, 2, {0x89, 0xF1}},
	{0xCEA4, 2, {0x9A, 0x8D}},
	{0xCEA6, 2, {0x8E, 0xCD}},
	{0xCEA8, 2, {0x80, 0xA3}},
	{0xCEAA, 2, {0x72, 0xD7}},
	{0xCEAC, 2, {0xD6, 0x83}},
	{0xCEAE, 2, {0x72, 0x27}},
	{0xCEB0, 2, {0x82, 0x05}},
	{0xCEB2, 2, {0x8A, 0x1D}},
	{0xCEB4, 2, {0x9A, 0xE1}},
	{0xCEB6, 2, {0x8E, 0xD1}},
	{0xCEB8, 2, {0x91, 0x23}},
	{0xCEBA, 2, {0x72, 0xD7}},
	{0xCEBC, 2, {0x43, 0x14}},
	{0xCEBE, 2, {0xD6, 0x03}},
	{0xCEC0, 2, {0x72, 0x27}},
	{0xCEC2, 2, {0x75, 0xF9}},
	{0xCEC4, 2, {0x82, 0xA9}},
	{0xCEC6, 2, {0x85, 0x93}},
	{0xCEC8, 2, {0x03, 0xF5}},
	{0xCECA, 2, {0xF6, 0x93}},
	{0xCECC, 2, {0x07, 0xF6}},
	{0xCECE, 2, {0x8E, 0x6D}},
	{0xCED0, 2, {0x06, 0x9A}},
	{0xCED2, 2, {0x8E, 0xD1}},
	{0xCED4, 2, {0x91, 0x23}},
	{0xCED6, 2, {0x72, 0xD7}},
	{0xCED8, 2, {0x56, 0x03}},
	{0xCEDA, 2, {0x00, 0x07}},
	{0xCEDC, 2, {0xD6, 0x83}},
	{0xCEDE, 2, {0x72, 0x47}},
	{0xCEE0, 2, {0x04, 0xC2}},
	{0xCEE2, 2, {0x82, 0x1D}},
	{0xCEE4, 2, {0x8A, 0x1D}},
	{0xCEE6, 2, {0x9A, 0xE1}},
	{0xCEE8, 2, {0x8E, 0xD1}},
	{0xCEEA, 2, {0x92, 0x23}},
	{0xCEEC, 2, {0x72, 0xD7}},
	{0xCEEE, 2, {0x46, 0x83}},
	{0xCEF0, 2, {0x00, 0x07}},
	{0xCEF2, 2, {0xD7, 0x03}},
	{0xCEF4, 2, {0x72, 0x47}},
	{0xCEF6, 2, {0x80, 0xC1}},
	{0xCEF8, 2, {0xF6, 0x93}},
	{0xCEFA, 2, {0x07, 0xF6}},
	{0xCEFC, 2, {0x06, 0x9A}},
	{0xCEFE, 2, {0x8F, 0x6D}},
	{0xCF00, 2, {0x8F, 0x55}},
	{0xCF02, 2, {0x92, 0x23}},
	{0xCF04, 2, {0x72, 0xE7}},
	{0xCF06, 2, {0x47, 0x7D}},
	{0xCF08, 2, {0x87, 0x93}},
	{0xCF0A, 2, {0x70, 0x07}},
	{0xCF0C, 2, {0x6E, 0x63}},
	{0xCF0E, 2, {0x00, 0x97}},
	{0xCF10, 2, {0x07, 0x37}},
	{0xCF12, 2, {0x10, 0x02}},
	{0xCF14, 2, {0x26, 0x83}},
	{0xCF16, 2, {0x3F, 0x07}},
	{0xCF18, 2, {0xC7, 0x03}},
	{0xCF1A, 2, {0x02, 0x17}},
	{0xCF1C, 2, {0x82, 0xD5}},
	{0xCF1E, 2, {0x8A, 0xF1}},
	{0xCF20, 2, {0x9B, 0x0D}},
	{0xCF22, 2, {0x8F, 0x55}},
	{0xCF24, 2, {0x80, 0xA3}},
	{0xCF26, 2, {0x02, 0xE7}},
	{0xCF28, 2, {0x40, 0xB2}},
	{0xCF2A, 2, {0x44, 0x22}},
	{0xCF2C, 2, {0x44, 0x92}},
	{0xCF2E, 2, {0x01, 0x41}},
	{0xCF30, 2, {0x80, 0x82}},
	{0xCF32, 2, {0x07, 0x13}},
	{0xCF34, 2, {0x3F, 0x07}},
	{0xCF36, 2, {0xBF, 0xA1}},
	{0xCF38, 2, {0x47, 0xB7}},
	{0xCF3A, 2, {0x10, 0x00}},
	{0xCF3C, 2, {0xC7, 0x03}},
	{0xCF3E, 2, {0x52, 0x67}},
	{0xCF40, 2, {0x9B, 0x6D}},
	{0xCF42, 2, {0x83, 0x23}},
	{0xCF44, 2, {0x52, 0xE7}},
	{0xCF46, 2, {0xBF, 0x05}},
	{0xCF48, 2, {0x47, 0xB7}},
	{0xCF4A, 2, {0x10, 0x00}},
	{0xCF4C, 2, {0x47, 0x05}},
	{0xCF4E, 2, {0x8A, 0x23}},
	{0xCF50, 2, {0x5E, 0xE7}},
	{0xCF52, 2, {0xB7, 0x15}},
	{0xCF54, 2, {0x47, 0xB7}},
	{0xCF56, 2, {0x10, 0x00}},
	{0xCF58, 2, {0xC7, 0x03}},
	{0xCF5A, 2, {0x52, 0x67}},
	{0xCF5C, 2, {0x9B, 0x6D}},
	{0xCF5E, 2, {0x83, 0x23}},
	{0xCF60, 2, {0x52, 0xE7}},
	{0xCF62, 2, {0xB7, 0x11}},
	{0xCF64, 2, {0x07, 0xB7}},
	{0xCF66, 2, {0x10, 0x02}},
	{0xCF68, 2, {0x87, 0x93}},
	{0xCF6A, 2, {0x30, 0x07}},
	{0xCF6C, 2, {0x47, 0xB8}},
	{0xCF6E, 2, {0x11, 0x41}},
	{0xCF70, 2, {0xC4, 0x22}},
	{0xCF72, 2, {0xC6, 0x06}},
	{0xCF74, 2, {0x64, 0x39}},
	{0xCF76, 2, {0x16, 0x93}},
	{0xCF78, 2, {0x00, 0x87}},
	{0xCF7A, 2, {0x04, 0x13}},
	{0xCF7C, 2, {0x00, 0x04}},
	{0xCF7E, 2, {0xDA, 0x63}},
	{0xCF80, 2, {0x00, 0x06}},
	{0xCF82, 2, {0x47, 0x03}},
	{0xCF84, 2, {0x34, 0xE4}},
	{0xCF86, 2, {0xE7, 0x11}},
	{0xCF88, 2, {0xD5, 0x03}},
	{0xCF8A, 2, {0x02, 0xA7}},
	{0xCF8C, 2, {0x27, 0x83}},
	{0xCF8E, 2, {0x31, 0x44}},
	{0xCF90, 2, {0x97, 0x82}},
	{0xCF92, 2, {0x47, 0xB7}},
	{0xCF94, 2, {0x20, 0x00}},
	{0xCF96, 2, {0x47, 0x05}},
	{0xCF98, 2, {0x84, 0x23}},
	{0xCF9A, 2, {0x06, 0xE7}},
	{0xCF9C, 2, {0x07, 0x37}},
	{0xCF9E, 2, {0x20, 0x00}},
	{0xCFA0, 2, {0x24, 0x23}},
	{0xCFA2, 2, {0x02, 0x07}},
	{0xCFA4, 2, {0x86, 0x93}},
	{0xCFA6, 2, {0x01, 0x47}},
	{0xCFA8, 2, {0xC3, 0x14}},
	{0xCFAA, 2, {0x26, 0x23}},
	{0xCFAC, 2, {0x00, 0x07}},
	{0xCFAE, 2, {0x87, 0xBE}},
	{0xCFB0, 2, {0x87, 0xBE}},
	{0xCFB2, 2, {0x87, 0xBE}},
	{0xCFB4, 2, {0x87, 0xBE}},
	{0xCFB6, 2, {0x87, 0xBE}},
	{0xCFB8, 2, {0x84, 0x23}},
	{0xCFBA, 2, {0x06, 0x07}},
	{0xCFBC, 2, {0x23, 0x03}},
	{0xCFBE, 2, {0x32, 0x04}},
	{0xCFC0, 2, {0x44, 0x22}},
	{0xCFC2, 2, {0x40, 0xB2}},
	{0xCFC4, 2, {0x01, 0x41}},
	{0xCFC6, 2, {0x83, 0x02}},
	{0xCFC8, 2, {0x11, 0x01}},
	{0xCFCA, 2, {0xC4, 0x52}},
	{0xCFCC, 2, {0x07, 0xB7}},
	{0xCFCE, 2, {0x10, 0x02}},
	{0xCFD0, 2, {0x6A, 0x39}},
	{0xCFD2, 2, {0xC2, 0x56}},
	{0xCFD4, 2, {0x0A, 0x13}},
	{0xCFD6, 2, {0x00, 0x0A}},
	{0xCFD8, 2, {0xAA, 0x83}},
	{0xCFDA, 2, {0x43, 0x07}},
	{0xCFDC, 2, {0x67, 0x05}},
	{0xCFDE, 2, {0x87, 0x93}},
	{0xCFE0, 2, {0x40, 0x07}},
	{0xCFE2, 2, {0x97, 0x52}},
	{0xCFE4, 2, {0x5B, 0x9C}},
	{0xCFE6, 2, {0xCC, 0x22}},
	{0xCFE8, 2, {0x26, 0x83}},
	{0xCFEA, 2, {0x00, 0xCA}},
	{0xCFEC, 2, {0x84, 0x2A}},
	{0xCFEE, 2, {0x25, 0x03}},
	{0xCFF0, 2, {0xA6, 0x07}},
	{0xCFF2, 2, {0x83, 0xA1}},
	{0xCFF4, 2, {0xC6, 0x4E}},
	{0xCFF6, 2, {0xC0, 0x5A}},
	{0xCFF8, 2, {0xDA, 0x93}},
	{0xCFFA, 2, {0x00, 0xCA}},
	{0xCFFC, 2, {0xCE, 0x06}},
	{0xCFFE, 2, {0xCA, 0x26}},
	{0xD000, 2, {0xC8, 0x4A}},
	{0xD002, 2, {0xFB, 0x13}},
	{0xD004, 2, {0x00, 0xFA}},
	{0xD006, 2, {0xFA, 0x93}},
	{0xD008, 2, {0x00, 0xF7}},
	{0xD00A, 2, {0x96, 0x82}},
	{0xD00C, 2, {0x47, 0x83}},
	{0xD00E, 2, {0x00, 0x04}},
	{0xD010, 2, {0x00, 0xA3}},
	{0xD012, 2, {0x00, 0x05}},
	{0xD014, 2, {0x89, 0xAA}},
	{0xD016, 2, {0x00, 0x23}},
	{0xD018, 2, {0x00, 0xF5}},
	{0xD01A, 2, {0x47, 0x03}},
	{0xD01C, 2, {0x00, 0x34}},
	{0xD01E, 2, {0x01, 0xA3}},
	{0xD020, 2, {0x00, 0x05}},
	{0xD022, 2, {0x01, 0x23}},
	{0xD024, 2, {0x00, 0xE5}},
	{0xD026, 2, {0x57, 0x03}},
	{0xD028, 2, {0x00, 0x04}},
	{0xD02A, 2, {0x12, 0x23}},
	{0xD02C, 2, {0x00, 0xE5}},
	{0xD02E, 2, {0xC3, 0x8D}},
	{0xD030, 2, {0x09, 0x13}},
	{0xD032, 2, {0x00, 0x85}},
	{0xD034, 2, {0x04, 0x21}},
	{0xD036, 2, {0x44, 0x81}},
	{0xD038, 2, {0x27, 0x83}},
	{0xD03A, 2, {0x0A, 0xCA}},
	{0xD03C, 2, {0x85, 0xA2}},
	{0xD03E, 2, {0x85, 0x4A}},
	{0xD040, 2, {0x97, 0x82}},
	{0xD042, 2, {0xC7, 0x83}},
	{0xD044, 2, {0x00, 0x09}},
	{0xD046, 2, {0x04, 0x85}},
	{0xD048, 2, {0x09, 0x51}},
	{0xD04A, 2, {0x04, 0x51}},
	{0xD04C, 2, {0xC6, 0xE3}},
	{0xD04E, 2, {0xFE, 0xF4}},
	{0xD050, 2, {0x07, 0xB7}},
	{0xD052, 2, {0x10, 0x02}},
	{0xD054, 2, {0x87, 0x93}},
	{0xD056, 2, {0x30, 0x07}},
	{0xD058, 2, {0x47, 0xBC}},
	{0xD05A, 2, {0x83, 0xA5}},
	{0xD05C, 2, {0x8B, 0x85}},
	{0xD05E, 2, {0xC3, 0xA1}},
	{0xD060, 2, {0x46, 0xB7}},
	{0xD062, 2, {0x20, 0x00}},
	{0xD064, 2, {0xD6, 0x83}},
	{0xD066, 2, {0x02, 0x86}},
	{0xD068, 2, {0xA7, 0x03}},
	{0xD06A, 2, {0x01, 0x09}},
	{0xD06C, 2, {0xA7, 0x83}},
	{0xD06E, 2, {0x00, 0xC9}},
	{0xD070, 2, {0x87, 0x33}},
	{0xD072, 2, {0x02, 0xEA}},
	{0xD074, 2, {0x87, 0xB3}},
	{0xD076, 2, {0x02, 0xFA}},
	{0xD078, 2, {0x8A, 0xB3}},
	{0xD07A, 2, {0x02, 0xDA}},
	{0xD07C, 2, {0xCA, 0xB3}},
	{0xD07E, 2, {0x03, 0x6A}},
	{0xD080, 2, {0xD7, 0xB3}},
	{0xD082, 2, {0x03, 0x67}},
	{0xD084, 2, {0x0A, 0xC2}},
	{0xD086, 2, {0xDA, 0x93}},
	{0xD088, 2, {0x01, 0x0A}},
	{0xD08A, 2, {0x57, 0x33}},
	{0xD08C, 2, {0x03, 0x67}},
	{0xD08E, 2, {0xA6, 0x23}},
	{0xD090, 2, {0x00, 0xF9}},
	{0xD092, 2, {0x07, 0xB7}},
	{0xD094, 2, {0x10, 0x00}},
	{0xD096, 2, {0xA8, 0x23}},
	{0xD098, 2, {0x00, 0xE9}},
	{0xD09A, 2, {0x90, 0x23}},
	{0xD09C, 2, {0x3B, 0x57}},
	{0xD09E, 2, {0x40, 0xF2}},
	{0xD0A0, 2, {0x44, 0x62}},
	{0xD0A2, 2, {0x44, 0xD2}},
	{0xD0A4, 2, {0x49, 0x42}},
	{0xD0A6, 2, {0x49, 0xB2}},
	{0xD0A8, 2, {0x4A, 0x22}},
	{0xD0AA, 2, {0x4A, 0x92}},
	{0xD0AC, 2, {0x4B, 0x02}},
	{0xD0AE, 2, {0x61, 0x05}},
	{0xD0B0, 2, {0x80, 0x82}},
	{0xD0B2, 2, {0x11, 0x41}},
	{0xD0B4, 2, {0xC4, 0x22}},
	{0xD0B6, 2, {0x64, 0x39}},
	{0xD0B8, 2, {0x04, 0x13}},
	{0xD0BA, 2, {0x00, 0x04}},
	{0xD0BC, 2, {0x27, 0x83}},
	{0xD0BE, 2, {0x33, 0x84}},
	{0xD0C0, 2, {0xC6, 0x06}},
	{0xD0C2, 2, {0xA7, 0x83}},
	{0xD0C4, 2, {0x10, 0x87}},
	{0xD0C6, 2, {0x97, 0x82}},
	{0xD0C8, 2, {0x05, 0x37}},
	{0xD0CA, 2, {0x10, 0x01}},
	{0xD0CC, 2, {0x27, 0x83}},
	{0xD0CE, 2, {0x28, 0x05}},
	{0xD0D0, 2, {0x27, 0x03}},
	{0xD0D2, 2, {0x3A, 0x04}},
	{0xD0D4, 2, {0x56, 0x83}},
	{0xD0D6, 2, {0x22, 0x45}},
	{0xD0D8, 2, {0x8B, 0xFD}},
	{0xD0DA, 2, {0x97, 0xBA}},
	{0xD0DC, 2, {0xC8, 0x03}},
	{0xD0DE, 2, {0x00, 0x07}},
	{0xD0E0, 2, {0x27, 0x03}},
	{0xD0E2, 2, {0x39, 0x84}},
	{0xD0E4, 2, {0x27, 0x83}},
	{0xD0E6, 2, {0x39, 0xC4}},
	{0xD0E8, 2, {0x06, 0x8A}},
	{0xD0EA, 2, {0x18, 0x93}},
	{0xD0EC, 2, {0x00, 0x28}},
	{0xD0EE, 2, {0x06, 0xC2}},
	{0xD0F0, 2, {0x82, 0xC1}},
	{0xD0F2, 2, {0x97, 0x46}},
	{0xD0F4, 2, {0x97, 0xC2}},
	{0xD0F6, 2, {0xC7, 0x83}},
	{0xD0F8, 2, {0x00, 0x07}},
	{0xD0FA, 2, {0x43, 0x18}},
	{0xD0FC, 2, {0x16, 0x23}},
	{0xD0FE, 2, {0x44, 0xD5}},
	{0xD100, 2, {0x56, 0x83}},
	{0xD102, 2, {0x24, 0xC5}},
	{0xD104, 2, {0x07, 0xC2}},
	{0xD106, 2, {0x83, 0xC1}},
	{0xD108, 2, {0x06, 0x8A}},
	{0xD10A, 2, {0x06, 0xC2}},
	{0xD10C, 2, {0x82, 0xC1}},
	{0xD10E, 2, {0x1A, 0x23}},
	{0xD110, 2, {0x44, 0xD5}},
	{0xD112, 2, {0x56, 0x83}},
	{0xD114, 2, {0x22, 0x65}},
	{0xD116, 2, {0x06, 0x13}},
	{0xD118, 2, {0x20, 0x05}},
	{0xD11A, 2, {0x05, 0x93}},
	{0xD11C, 2, {0x40, 0x05}},
	{0xD11E, 2, {0x06, 0x8A}},
	{0xD120, 2, {0x96, 0xBE}},
	{0xD122, 2, {0x06, 0xC2}},
	{0xD124, 2, {0x82, 0xC1}},
	{0xD126, 2, {0x17, 0x23}},
	{0xD128, 2, {0x44, 0xD5}},
	{0xD12A, 2, {0x56, 0x83}},
	{0xD12C, 2, {0x24, 0xE5}},
	{0xD12E, 2, {0x06, 0x8A}},
	{0xD130, 2, {0x96, 0xBE}},
	{0xD132, 2, {0x06, 0xC2}},
	{0xD134, 2, {0x82, 0xC1}},
	{0xD136, 2, {0x1B, 0x23}},
	{0xD138, 2, {0x44, 0xD5}},
	{0xD13A, 2, {0x26, 0x83}},
	{0xD13C, 2, {0x20, 0x05}},
	{0xD13E, 2, {0x95, 0x13}},
	{0xD140, 2, {0x00, 0x66}},
	{0xD142, 2, {0x58, 0x63}},
	{0xD144, 2, {0x00, 0x05}},
	{0xD146, 2, {0x26, 0x83}},
	{0xD148, 2, {0x08, 0x06}},
	{0xD14A, 2, {0x46, 0x15}},
	{0xD14C, 2, {0x8A, 0xFD}},
	{0xD14E, 2, {0x8F, 0x63}},
	{0xD150, 2, {0x04, 0xC6}},
	{0xD152, 2, {0x06, 0xB7}},
	{0xD154, 2, {0x10, 0x01}},
	{0xD156, 2, {0xA8, 0x23}},
	{0xD158, 2, {0x44, 0xE6}},
	{0xD15A, 2, {0xAC, 0x23}},
	{0xD15C, 2, {0x44, 0xE6}},
	{0xD15E, 2, {0xD6, 0x03}},
	{0xD160, 2, {0x24, 0xE6}},
	{0xD162, 2, {0xD5, 0x83}},
	{0xD164, 2, {0x24, 0xC6}},
	{0xD166, 2, {0x83, 0x21}},
	{0xD168, 2, {0x77, 0x13}},
	{0xD16A, 2, {0x0F, 0xF7}},
	{0xD16C, 2, {0x8E, 0x0D}},
	{0xD16E, 2, {0x06, 0x0A}},
	{0xD170, 2, {0x97, 0xB2}},
	{0xD172, 2, {0x97, 0xBA}},
	{0xD174, 2, {0x46, 0x03}},
	{0xD176, 2, {0x3B, 0x74}},
	{0xD178, 2, {0x07, 0xC2}},
	{0xD17A, 2, {0x83, 0xC1}},
	{0xD17C, 2, {0xC7, 0xB3}},
	{0xD17E, 2, {0x02, 0xC7}},
	{0xD180, 2, {0x86, 0x93}},
	{0xD182, 2, {0x40, 0x06}},
	{0xD184, 2, {0xD6, 0x83}},
	{0xD186, 2, {0x06, 0x86}},
	{0xD188, 2, {0x67, 0x41}},
	{0xD18A, 2, {0x17, 0x7D}},
	{0xD18C, 2, {0x1E, 0x23}},
	{0xD18E, 2, {0x3A, 0xF4}},
	{0xD190, 2, {0x0A, 0x63}},
	{0xD192, 2, {0x00, 0xD7}},
	{0xD194, 2, {0x07, 0xB7}},
	{0xD196, 2, {0x10, 0x02}},
	{0xD198, 2, {0x87, 0x93}},
	{0xD19A, 2, {0x40, 0x07}},
	{0xD19C, 2, {0xD7, 0x83}},
	{0xD19E, 2, {0x06, 0x87}},
	{0xD1A0, 2, {0x1E, 0x23}},
	{0xD1A2, 2, {0x3A, 0xF4}},
	{0xD1A4, 2, {0x40, 0xB2}},
	{0xD1A6, 2, {0x44, 0x22}},
	{0xD1A8, 2, {0x01, 0x41}},
	{0xD1AA, 2, {0x80, 0x82}},
	{0xD1AC, 2, {0xD6, 0x83}},
	{0xD1AE, 2, {0x05, 0x65}},
	{0xD1B0, 2, {0x06, 0x91}},
	{0xD1B2, 2, {0x06, 0xC2}},
	{0xD1B4, 2, {0x82, 0xC1}},
	{0xD1B6, 2, {0x9B, 0x23}},
	{0xD1B8, 2, {0x04, 0xD5}},
	{0xD1BA, 2, {0xBF, 0x61}},
	{0xD1BC, 2, {0x11, 0x41}},
	{0xD1BE, 2, {0xC4, 0x22}},
	{0xD1C0, 2, {0x64, 0x39}},
	{0xD1C2, 2, {0x04, 0x13}},
	{0xD1C4, 2, {0x00, 0x04}},
	{0xD1C6, 2, {0x27, 0x83}},
	{0xD1C8, 2, {0x0F, 0x84}},
	{0xD1CA, 2, {0xC6, 0x06}},
	{0xD1CC, 2, {0x97, 0x82}},
	{0xD1CE, 2, {0x80, 0xEF}},
	{0xD1D0, 2, {0x6E, 0x4F}},
	{0xD1D2, 2, {0x07, 0xB7}},
	{0xD1D4, 2, {0x10, 0x02}},
	{0xD1D6, 2, {0x86, 0x93}},
	{0xD1D8, 2, {0x20, 0x07}},
	{0xD1DA, 2, {0x06, 0x37}},
	{0xD1DC, 2, {0x10, 0x00}},
	{0xD1DE, 2, {0x27, 0x03}},
	{0xD1E0, 2, {0x20, 0x06}},
	{0xD1E2, 2, {0xA7, 0x83}},
	{0xD1E4, 2, {0x20, 0x07}},
	{0xD1E6, 2, {0xC6, 0x83}},
	{0xD1E8, 2, {0x00, 0x96}},
	{0xD1EA, 2, {0x45, 0x01}},
	{0xD1EC, 2, {0xF6, 0x93}},
	{0xD1EE, 2, {0x0F, 0xF6}},
	{0xD1F0, 2, {0xE6, 0x9D}},
	{0xD1F2, 2, {0x06, 0x13}},
	{0xD1F4, 2, {0x30, 0x06}},
	{0xD1F6, 2, {0x56, 0x03}},
	{0xD1F8, 2, {0x0F, 0x46}},
	{0xD1FA, 2, {0x66, 0xC1}},
	{0xD1FC, 2, {0x16, 0xFD}},
	{0xD1FE, 2, {0x84, 0x63}},
	{0xD200, 2, {0x02, 0xC6}},
	{0xD202, 2, {0x83, 0x65}},
	{0xD204, 2, {0x83, 0xE5}},
	{0xD206, 2, {0x8B, 0x05}},
	{0xD208, 2, {0x8B, 0x85}},
	{0xD20A, 2, {0x46, 0xB3}},
	{0xD20C, 2, {0x00, 0xF7}},
	{0xD20E, 2, {0x1D, 0x63}},
	{0xD210, 2, {0x00, 0xF7}},
	{0xD212, 2, {0x47, 0x83}},
	{0xD214, 2, {0x34, 0xF4}},
	{0xD216, 2, {0xE3, 0x85}},
	{0xD218, 2, {0x07, 0xA3}},
	{0xD21A, 2, {0x34, 0xD4}},
	{0xD21C, 2, {0x45, 0x01}},
	{0xD21E, 2, {0x40, 0xB2}},
	{0xD220, 2, {0x44, 0x22}},
	{0xD222, 2, {0x01, 0x41}},
	{0xD224, 2, {0x80, 0x82}},
	{0xD226, 2, {0x46, 0x85}},
	{0xD228, 2, {0x07, 0xB7}},
	{0xD22A, 2, {0x10, 0x02}},
	{0xD22C, 2, {0x87, 0x93}},
	{0xD22E, 2, {0x30, 0x07}},
	{0xD230, 2, {0x47, 0xBC}},
	{0xD232, 2, {0xC0, 0xE3}},
	{0xD234, 2, {0xFE, 0x07}},
	{0xD236, 2, {0x67, 0xC1}},
	{0xD238, 2, {0x26, 0x23}},
	{0xD23A, 2, {0x34, 0xF4}},
	{0xD23C, 2, {0x40, 0xB2}},
	{0xD23E, 2, {0x44, 0x22}},
	{0xD240, 2, {0x45, 0x05}},
	{0xD242, 2, {0x01, 0x41}},
	{0xD244, 2, {0x80, 0x82}},
	{0xD246, 2, {0x07, 0xB7}},
	{0xD248, 2, {0x10, 0x02}},
	{0xD24A, 2, {0x87, 0x93}},
	{0xD24C, 2, {0x20, 0x07}},
	{0xD24E, 2, {0x43, 0xDC}},
	{0xD250, 2, {0x83, 0xA1}},
	{0xD252, 2, {0x8B, 0x8D}},
	{0xD254, 2, {0xCF, 0x95}},
	{0xD256, 2, {0x16, 0x37}},
	{0xD258, 2, {0x10, 0x02}},
	{0xD25A, 2, {0x55, 0x83}},
	{0xD25C, 2, {0xB2, 0x06}},
	{0xD25E, 2, {0x26, 0x83}},
	{0xD260, 2, {0xB0, 0x46}},
	{0xD262, 2, {0x27, 0x83}},
	{0xD264, 2, {0xB0, 0x46}},
	{0xD266, 2, {0x67, 0x39}},
	{0xD268, 2, {0x57, 0x03}},
	{0xD26A, 2, {0x3B, 0xA7}},
	{0xD26C, 2, {0x83, 0xE9}},
	{0xD26E, 2, {0x82, 0x8D}},
	{0xD270, 2, {0x8B, 0x85}},
	{0xD272, 2, {0x8A, 0x85}},
	{0xD274, 2, {0xC7, 0x93}},
	{0xD276, 2, {0x00, 0x17}},
	{0xD278, 2, {0x97, 0xB6}},
	{0xD27A, 2, {0x07, 0x8E}},
	{0xD27C, 2, {0x8F, 0x0D}},
	{0xD27E, 2, {0x87, 0x05}},
	{0xD280, 2, {0x8B, 0xA1}},
	{0xD282, 2, {0x97, 0xBA}},
	{0xD284, 2, {0x07, 0xC2}},
	{0xD286, 2, {0x83, 0xC1}},
	{0xD288, 2, {0x17, 0x37}},
	{0xD28A, 2, {0x10, 0x00}},
	{0xD28C, 2, {0x15, 0x23}},
	{0xD28E, 2, {0x60, 0xF7}},
	{0xD290, 2, {0x80, 0x82}},
	{0xD292, 2, {0x67, 0xB9}},
	{0xD294, 2, {0xC7, 0x83}},
	{0xD296, 2, {0x34, 0xE7}},
	{0xD298, 2, {0xCB, 0x99}},
	{0xD29A, 2, {0x07, 0xB7}},
	{0xD29C, 2, {0x10, 0x02}},
	{0xD29E, 2, {0xD7, 0x03}},
	{0xD2A0, 2, {0x74, 0x67}},
	{0xD2A2, 2, {0x07, 0xB7}},
	{0xD2A4, 2, {0x10, 0x00}},
	{0xD2A6, 2, {0x07, 0x42}},
	{0xD2A8, 2, {0x83, 0x41}},
	{0xD2AA, 2, {0x91, 0x23}},
	{0xD2AC, 2, {0x3C, 0xE7}},
	{0xD2AE, 2, {0x07, 0x37}},
	{0xD2B0, 2, {0x10, 0x02}},
	{0xD2B2, 2, {0x07, 0x13}},
	{0xD2B4, 2, {0x30, 0x07}},
	{0xD2B6, 2, {0x27, 0x83}},
	{0xD2B8, 2, {0x0C, 0x07}},
	{0xD2BA, 2, {0x83, 0x89}},
	{0xD2BC, 2, {0x8B, 0x85}},
	{0xD2BE, 2, {0xC7, 0x95}},
	{0xD2C0, 2, {0x27, 0x83}},
	{0xD2C2, 2, {0x0C, 0x07}},
	{0xD2C4, 2, {0x8B, 0x85}},
	{0xD2C6, 2, {0xC3, 0x95}},
	{0xD2C8, 2, {0x27, 0x83}},
	{0xD2CA, 2, {0x0C, 0x07}},
	{0xD2CC, 2, {0x83, 0x91}},
	{0xD2CE, 2, {0x8B, 0x85}},
	{0xD2D0, 2, {0xE7, 0x95}},
	{0xD2D2, 2, {0x57, 0x83}},
	{0xD2D4, 2, {0x0C, 0x27}},
	{0xD2D6, 2, {0x47, 0x03}},
	{0xD2D8, 2, {0x0A, 0x27}},
	{0xD2DA, 2, {0x8F, 0x99}},
	{0xD2DC, 2, {0x07, 0xC2}},
	{0xD2DE, 2, {0x83, 0xC1}},
	{0xD2E0, 2, {0x07, 0x37}},
	{0xD2E2, 2, {0x10, 0x00}},
	{0xD2E4, 2, {0x1C, 0x23}},
	{0xD2E6, 2, {0x78, 0xF7}},
	{0xD2E8, 2, {0x80, 0x82}},
	{0xD2EA, 2, {0x07, 0xB7}},
	{0xD2EC, 2, {0x10, 0x00}},
	{0xD2EE, 2, {0xD7, 0x03}},
	{0xD2F0, 2, {0x3C, 0x27}},
	{0xD2F2, 2, {0x07, 0x42}},
	{0xD2F4, 2, {0x83, 0x41}},
	{0xD2F6, 2, {0x9C, 0x23}},
	{0xD2F8, 2, {0x78, 0xE7}},
	{0xD2FA, 2, {0x80, 0x82}},
	{0xD2FC, 2, {0x56, 0x83}},
	{0xD2FE, 2, {0x0C, 0x27}},
	{0xD300, 2, {0x47, 0x83}},
	{0xD302, 2, {0x0A, 0x27}},
	{0xD304, 2, {0x07, 0x37}},
	{0xD306, 2, {0x10, 0x00}},
	{0xD308, 2, {0x97, 0xB6}},
	{0xD30A, 2, {0x07, 0xC2}},
	{0xD30C, 2, {0x83, 0xC1}},
	{0xD30E, 2, {0x1C, 0x23}},
	{0xD310, 2, {0x78, 0xF7}},
	{0xD312, 2, {0x80, 0x82}},
	{0xD314, 2, {0x71, 0x79}},
	{0xD316, 2, {0xD4, 0x22}},
	{0xD318, 2, {0x64, 0x39}},
	{0xD31A, 2, {0x04, 0x13}},
	{0xD31C, 2, {0x00, 0x04}},
	{0xD31E, 2, {0x27, 0x83}},
	{0xD320, 2, {0x33, 0x84}},
	{0xD322, 2, {0xD2, 0x26}},
	{0xD324, 2, {0xD0, 0x4A}},
	{0xD326, 2, {0xA7, 0x83}},
	{0xD328, 2, {0x1F, 0x07}},
	{0xD32A, 2, {0xCE, 0x4E}},
	{0xD32C, 2, {0xCC, 0x52}},
	{0xD32E, 2, {0xCA, 0x56}},
	{0xD330, 2, {0xD6, 0x06}},
	{0xD332, 2, {0x84, 0xB6}},
	{0xD334, 2, {0x89, 0xAE}},
	{0xD336, 2, {0x8A, 0x3A}},
	{0xD338, 2, {0x8A, 0xAA}},
	{0xD33A, 2, {0x97, 0x82}},
	{0xD33C, 2, {0x27, 0x83}},
	{0xD33E, 2, {0x19, 0x84}},
	{0xD340, 2, {0x46, 0x81}},
	{0xD342, 2, {0x47, 0x01}},
	{0xD344, 2, {0x89, 0x2A}},
	{0xD346, 2, {0xC4, 0x36}},
	{0xD348, 2, {0xC6, 0x3A}},
	{0xD34A, 2, {0x86, 0x26}},
	{0xD34C, 2, {0x85, 0xCE}},
	{0xD34E, 2, {0x00, 0x28}},
	{0xD350, 2, {0x97, 0x82}},
	{0xD352, 2, {0xC4, 0x81}},
	{0xD354, 2, {0x47, 0xA2}},
	{0xD356, 2, {0xCF, 0x81}},
	{0xD358, 2, {0x9A, 0x02}},
	{0xD35A, 2, {0x50, 0xB2}},
	{0xD35C, 2, {0x54, 0x22}},
	{0xD35E, 2, {0x85, 0x4A}},
	{0xD360, 2, {0x54, 0x92}},
	{0xD362, 2, {0x59, 0x02}},
	{0xD364, 2, {0x49, 0xF2}},
	{0xD366, 2, {0x4A, 0x62}},
	{0xD368, 2, {0x4A, 0xD2}},
	{0xD36A, 2, {0x61, 0x45}},
	{0xD36C, 2, {0x80, 0x82}},
	{0xD36E, 2, {0x07, 0xB7}},
	{0xD370, 2, {0x40, 0x38}},
	{0xD372, 2, {0x94, 0xE3}},
	{0xD374, 2, {0xFE, 0xFA}},
	{0xD376, 2, {0x17, 0x37}},
	{0xD378, 2, {0x10, 0x00}},
	{0xD37A, 2, {0x57, 0x83}},
	{0xD37C, 2, {0x50, 0x07}},
	{0xD37E, 2, {0x9B, 0xF9}},
	{0xD380, 2, {0x10, 0x23}},
	{0xD382, 2, {0x50, 0xF7}},
	{0xD384, 2, {0xBF, 0xD9}},
	{0xD386, 2, {0x11, 0x41}},
	{0xD388, 2, {0xC4, 0x22}},
	{0xD38A, 2, {0x64, 0x39}},
	{0xD38C, 2, {0x04, 0x13}},
	{0xD38E, 2, {0x00, 0x04}},
	{0xD390, 2, {0xC2, 0x26}},
	{0xD392, 2, {0x64, 0x85}},
	{0xD394, 2, {0x94, 0xA2}},
	{0xD396, 2, {0x27, 0x83}},
	{0xD398, 2, {0x0B, 0xC4}},
	{0xD39A, 2, {0xA5, 0x83}},
	{0xD39C, 2, {0xA8, 0x04}},
	{0xD39E, 2, {0xA5, 0x03}},
	{0xD3A0, 2, {0xA7, 0xC4}},
	{0xD3A2, 2, {0xC6, 0x06}},
	{0xD3A4, 2, {0x97, 0x82}},
	{0xD3A6, 2, {0x47, 0x83}},
	{0xD3A8, 2, {0x34, 0xE4}},
	{0xD3AA, 2, {0x16, 0x23}},
	{0xD3AC, 2, {0x34, 0xA4}},
	{0xD3AE, 2, {0xCF, 0x99}},
	{0xD3B0, 2, {0xA7, 0x03}},
	{0xD3B2, 2, {0xA7, 0xC4}},
	{0xD3B4, 2, {0x47, 0x83}},
	{0xD3B6, 2, {0x00, 0x57}},
	{0xD3B8, 2, {0x8B, 0x89}},
	{0xD3BA, 2, {0xCB, 0x89}},
	{0xD3BC, 2, {0x47, 0x03}},
	{0xD3BE, 2, {0x00, 0x07}},
	{0xD3C0, 2, {0x47, 0x85}},
	{0xD3C2, 2, {0x97, 0xB3}},
	{0xD3C4, 2, {0x00, 0xE7}},
	{0xD3C6, 2, {0x17, 0xFD}},
	{0xD3C8, 2, {0x07, 0x23}},
	{0xD3CA, 2, {0x34, 0xF4}},
	{0xD3CC, 2, {0x40, 0xB2}},
	{0xD3CE, 2, {0x44, 0x22}},
	{0xD3D0, 2, {0x44, 0x92}},
	{0xD3D2, 2, {0x01, 0x41}},
	{0xD3D4, 2, {0x80, 0x82}},
	{0xD3D6, 2, {0x17, 0xB7}},
	{0xD3D8, 2, {0x10, 0x02}},
	{0xD3DA, 2, {0x87, 0x93}},
	{0xD3DC, 2, {0x40, 0x07}},
	{0xD3DE, 2, {0x4B, 0x9C}},
	{0xD3E0, 2, {0x11, 0x41}},
	{0xD3E2, 2, {0xC6, 0x22}},
	{0xD3E4, 2, {0xC4, 0x26}},
	{0xD3E6, 2, {0xC2, 0x4A}},
	{0xD3E8, 2, {0x8B, 0x85}},
	{0xD3EA, 2, {0xC3, 0xF9}},
	{0xD3EC, 2, {0x62, 0xBD}},
	{0xD3EE, 2, {0x26, 0x37}},
	{0xD3F0, 2, {0x10, 0x00}},
	{0xD3F2, 2, {0x6E, 0x89}},
	{0xD3F4, 2, {0x0E, 0x37}},
	{0xD3F6, 2, {0x00, 0x02}},
	{0xD3F8, 2, {0x03, 0x37}},
	{0xD3FA, 2, {0x00, 0x10}},
	{0xD3FC, 2, {0x82, 0x93}},
	{0xD3FE, 2, {0x26, 0x42}},
	{0xD400, 2, {0x03, 0x93}},
	{0xD402, 2, {0x00, 0x85}},
	{0xD404, 2, {0x06, 0x13}},
	{0xD406, 2, {0x90, 0x06}},
	{0xD408, 2, {0x1E, 0xFD}},
	{0xD40A, 2, {0x1E, 0x7D}},
	{0xD40C, 2, {0x6F, 0x89}},
	{0xD40E, 2, {0x13, 0x7D}},
	{0xD410, 2, {0x4F, 0x2D}},
	{0xD412, 2, {0x58, 0x83}},
	{0xD414, 2, {0x00, 0x05}},
	{0xD416, 2, {0x08, 0x13}},
	{0xD418, 2, {0x05, 0x86}},
	{0xD41A, 2, {0x46, 0x81}},
	{0xD41C, 2, {0xA8, 0x91}},
	{0xD41E, 2, {0x17, 0x93}},
	{0xD420, 2, {0x01, 0x09}},
	{0xD422, 2, {0x87, 0xC1}},
	{0xD424, 2, {0x97, 0xFE}},
	{0xD426, 2, {0x07, 0xC2}},
	{0xD428, 2, {0x83, 0xC1}},
	{0xD42A, 2, {0x87, 0xB3}},
	{0xD42C, 2, {0x03, 0x17}},
	{0xD42E, 2, {0x04, 0x0A}},
	{0xD430, 2, {0x08, 0x11}},
	{0xD432, 2, {0x04, 0xB3}},
	{0xD434, 2, {0x00, 0x86}},
	{0xD436, 2, {0x84, 0x13}},
	{0xD438, 2, {0x02, 0x06}},
	{0xD43A, 2, {0x04, 0x0A}},
	{0xD43C, 2, {0x94, 0x32}},
	{0xD43E, 2, {0x06, 0x85}},
	{0xD440, 2, {0x07, 0x33}},
	{0xD442, 2, {0x03, 0x17}},
	{0xD444, 2, {0x83, 0xA5}},
	{0xD446, 2, {0x2E, 0x23}},
	{0xD448, 2, {0xFE, 0xF8}},
	{0xD44A, 2, {0xC7, 0x83}},
	{0xD44C, 2, {0x00, 0xE4}},
	{0xD44E, 2, {0x07, 0x8E}},
	{0xD450, 2, {0xF4, 0x93}},
	{0xD452, 2, {0x01, 0x07}},
	{0xD454, 2, {0x57, 0x93}},
	{0xD456, 2, {0x40, 0x97}},
	{0xD458, 2, {0xF7, 0xB3}},
	{0xD45A, 2, {0x00, 0x67}},
	{0xD45C, 2, {0xD7, 0x13}},
	{0xD45E, 2, {0x01, 0x07}},
	{0xD460, 2, {0x9B, 0x3D}},
	{0xD462, 2, {0xC4, 0x1C}},
	{0xD464, 2, {0x67, 0xB3}},
	{0xD466, 2, {0x00, 0x97}},
	{0xD468, 2, {0x05, 0x23}},
	{0xD46A, 2, {0x00, 0xF4}},
	{0xD46C, 2, {0x8B, 0x63}},
	{0xD46E, 2, {0x03, 0xE6}},
	{0xD470, 2, {0x97, 0x93}},
	{0xD472, 2, {0x00, 0x26}},
	{0xD474, 2, {0x97, 0xB2}},
	{0xD476, 2, {0x84, 0x13}},
	{0xD478, 2, {0x00, 0x86}},
	{0xD47A, 2, {0xC4, 0x83}},
	{0xD47C, 2, {0x00, 0x17}},
	{0xD47E, 2, {0x17, 0x13}},
	{0xD480, 2, {0x00, 0x24}},
	{0xD482, 2, {0xD7, 0x83}},
	{0xD484, 2, {0x00, 0x07}},
	{0xD486, 2, {0x97, 0x32}},
	{0xD488, 2, {0x47, 0x58}},
	{0xD48A, 2, {0x80, 0x95}},
	{0xD48C, 2, {0xF9, 0x33}},
	{0xD48E, 2, {0x00, 0xFE}},
	{0xD490, 2, {0x88, 0x85}},
	{0xD492, 2, {0x07, 0xB3}},
	{0xD494, 2, {0x41, 0x20}},
	{0xD496, 2, {0x77, 0x33}},
	{0xD498, 2, {0x01, 0xC7}},
	{0xD49A, 2, {0xD0, 0xD1}},
	{0xD49C, 2, {0x07, 0xC2}},
	{0xD49E, 2, {0x87, 0xC1}},
	{0xD4A0, 2, {0xB7, 0x51}},
	{0xD4A2, 2, {0x05, 0x09}},
	{0xD4A4, 2, {0x02, 0x91}},
	{0xD4A6, 2, {0x85, 0x63}},
	{0xD4A8, 2, {0x00, 0xA3}},
	{0xD4AA, 2, {0xA6, 0x03}},
	{0xD4AC, 2, {0x00, 0x02}},
	{0xD4AE, 2, {0xB7, 0x95}},
	{0xD4B0, 2, {0x47, 0xB7}},
	{0xD4B2, 2, {0x10, 0x02}},
	{0xD4B4, 2, {0x87, 0x93}},
	{0xD4B6, 2, {0x50, 0x07}},
	{0xD4B8, 2, {0x53, 0xDC}},
	{0xD4BA, 2, {0x97, 0x13}},
	{0xD4BC, 2, {0x00, 0xC7}},
	{0xD4BE, 2, {0x55, 0x63}},
	{0xD4C0, 2, {0x0C, 0x07}},
	{0xD4C2, 2, {0x6F, 0xBD}},
	{0xD4C4, 2, {0x36, 0x37}},
	{0xD4C6, 2, {0x10, 0x00}},
	{0xD4C8, 2, {0x6E, 0x09}},
	{0xD4CA, 2, {0x03, 0x37}},
	{0xD4CC, 2, {0x00, 0x02}},
	{0xD4CE, 2, {0x08, 0xB7}},
	{0xD4D0, 2, {0x00, 0x10}},
	{0xD4D2, 2, {0x8F, 0x93}},
	{0xD4D4, 2, {0x26, 0x4F}},
	{0xD4D6, 2, {0x82, 0x93}},
	{0xD4D8, 2, {0x00, 0x85}},
	{0xD4DA, 2, {0x06, 0x13}},
	{0xD4DC, 2, {0xC0, 0x06}},
	{0xD4DE, 2, {0x1E, 0x7D}},
	{0xD4E0, 2, {0x13, 0x7D}},
	{0xD4E2, 2, {0x6F, 0x09}},
	{0xD4E4, 2, {0x18, 0xFD}},
	{0xD4E6, 2, {0x4E, 0xAD}},
	{0xD4E8, 2, {0xD8, 0x03}},
	{0xD4EA, 2, {0x00, 0x05}},
	{0xD4EC, 2, {0x05, 0x13}},
	{0xD4EE, 2, {0x05, 0x86}},
	{0xD4F0, 2, {0x46, 0x81}},
	{0xD4F2, 2, {0xA8, 0x99}},
	{0xD4F4, 2, {0x97, 0x93}},
	{0xD4F6, 2, {0x01, 0x04}},
	{0xD4F8, 2, {0x87, 0xC1}},
	{0xD4FA, 2, {0x97, 0xFA}},
	{0xD4FC, 2, {0x07, 0xC2}},
	{0xD4FE, 2, {0x83, 0xC1}},
	{0xD500, 2, {0x87, 0xB3}},
	{0xD502, 2, {0x03, 0x07}},
	{0xD504, 2, {0x03, 0x8A}},
	{0xD506, 2, {0x05, 0x11}},
	{0xD508, 2, {0x04, 0x33}},
	{0xD50A, 2, {0x00, 0x76}},
	{0xD50C, 2, {0x83, 0x93}},
	{0xD50E, 2, {0x02, 0x06}},
	{0xD510, 2, {0x03, 0x8A}},
	{0xD512, 2, {0x93, 0xB2}},
	{0xD514, 2, {0x06, 0x85}},
	{0xD516, 2, {0x07, 0x33}},
	{0xD518, 2, {0x03, 0x07}},
	{0xD51A, 2, {0x83, 0xA5}},
	{0xD51C, 2, {0x2E, 0x23}},
	{0xD51E, 2, {0xFE, 0xF5}},
	{0xD520, 2, {0x47, 0x83}},
	{0xD522, 2, {0x00, 0xE4}},
	{0xD524, 2, {0x07, 0x8E}},
	{0xD526, 2, {0xF4, 0x13}},
	{0xD528, 2, {0x01, 0x07}},
	{0xD52A, 2, {0x57, 0x93}},
	{0xD52C, 2, {0x40, 0x97}},
	{0xD52E, 2, {0xF7, 0xB3}},
	{0xD530, 2, {0x01, 0x17}},
	{0xD532, 2, {0xD7, 0x13}},
	{0xD534, 2, {0x01, 0x07}},
	{0xD536, 2, {0x9B, 0x3D}},
	{0xD538, 2, {0xA4, 0x23}},
	{0xD53A, 2, {0x00, 0xF3}},
	{0xD53C, 2, {0x67, 0xB3}},
	{0xD53E, 2, {0x00, 0x87}},
	{0xD540, 2, {0x85, 0x23}},
	{0xD542, 2, {0x00, 0xF3}},
	{0xD544, 2, {0x8B, 0x63}},
	{0xD546, 2, {0x03, 0xD6}},
	{0xD548, 2, {0x97, 0x93}},
	{0xD54A, 2, {0x00, 0x26}},
	{0xD54C, 2, {0x97, 0xB2}},
	{0xD54E, 2, {0x83, 0x93}},
	{0xD550, 2, {0x00, 0x86}},
	{0xD552, 2, {0xC4, 0x03}},
	{0xD554, 2, {0x00, 0x17}},
	{0xD556, 2, {0x97, 0x13}},
	{0xD558, 2, {0x00, 0x23}},
	{0xD55A, 2, {0xD7, 0x83}},
	{0xD55C, 2, {0x00, 0x07}},
	{0xD55E, 2, {0x97, 0x32}},
	{0xD560, 2, {0x47, 0x58}},
	{0xD562, 2, {0x80, 0x15}},
	{0xD564, 2, {0x74, 0xB3}},
	{0xD566, 2, {0x00, 0xFE}},
	{0xD568, 2, {0x88, 0x05}},
	{0xD56A, 2, {0x07, 0xB3}},
	{0xD56C, 2, {0x40, 0x90}},
	{0xD56E, 2, {0x77, 0x33}},
	{0xD570, 2, {0x00, 0x67}},
	{0xD572, 2, {0xD0, 0x49}},
	{0xD574, 2, {0x07, 0xC2}},
	{0xD576, 2, {0x87, 0xC1}},
	{0xD578, 2, {0xB7, 0x49}},
	{0xD57A, 2, {0x05, 0x89}},
	{0xD57C, 2, {0x0F, 0x91}},
	{0xD57E, 2, {0x85, 0x63}},
	{0xD580, 2, {0x00, 0xB2}},
	{0xD582, 2, {0xA6, 0x03}},
	{0xD584, 2, {0x01, 0x0F}},
	{0xD586, 2, {0xB7, 0x8D}},
	{0xD588, 2, {0x44, 0x32}},
	{0xD58A, 2, {0x44, 0xA2}},
	{0xD58C, 2, {0x49, 0x12}},
	{0xD58E, 2, {0x01, 0x41}},
	{0xD590, 2, {0x80, 0x82}},
	{0xD592, 2, {0x06, 0xB7}},
	{0xD594, 2, {0x10, 0x02}},
	{0xD596, 2, {0xA7, 0x03}},
	{0xD598, 2, {0x41, 0x46}},
	{0xD59A, 2, {0x16, 0x37}},
	{0xD59C, 2, {0x10, 0x00}},
	{0xD59E, 2, {0x47, 0x83}},
	{0xD5A0, 2, {0xA1, 0xE6}},
	{0xD5A2, 2, {0x83, 0x5D}},
	{0xD5A4, 2, {0x77, 0x13}},
	{0xD5A6, 2, {0x04, 0x07}},
	{0xD5A8, 2, {0xF7, 0x93}},
	{0xD5AA, 2, {0xFB, 0xF7}},
	{0xD5AC, 2, {0x8F, 0xD9}},
	{0xD5AE, 2, {0x0F, 0x23}},
	{0xD5B0, 2, {0xA0, 0xF6}},
	{0xD5B2, 2, {0xA7, 0x03}},
	{0xD5B4, 2, {0x41, 0x46}},
	{0xD5B6, 2, {0x47, 0x81}},
	{0xD5B8, 2, {0x86, 0x93}},
	{0xD5BA, 2, {0x40, 0x06}},
	{0xD5BC, 2, {0x16, 0x13}},
	{0xD5BE, 2, {0x00, 0x27}},
	{0xD5C0, 2, {0x57, 0x63}},
	{0xD5C2, 2, {0x00, 0x06}},
	{0xD5C4, 2, {0x4A, 0xDC}},
	{0xD5C6, 2, {0x83, 0xF9}},
	{0xD5C8, 2, {0x8B, 0x85}},
	{0xD5CA, 2, {0xC7, 0x93}},
	{0xD5CC, 2, {0x00, 0x17}},
	{0xD5CE, 2, {0x16, 0x37}},
	{0xD5D0, 2, {0x10, 0x00}},
	{0xD5D2, 2, {0x47, 0x03}},
	{0xD5D4, 2, {0xA1, 0xE6}},
	{0xD5D6, 2, {0x07, 0x9E}},
	{0xD5D8, 2, {0x16, 0xB7}},
	{0xD5DA, 2, {0x10, 0x02}},
	{0xD5DC, 2, {0x77, 0x13}},
	{0xD5DE, 2, {0x07, 0xF7}},
	{0xD5E0, 2, {0x8F, 0xD9}},
	{0xD5E2, 2, {0x0F, 0x23}},
	{0xD5E4, 2, {0xA0, 0xF6}},
	{0xD5E6, 2, {0xD7, 0x83}},
	{0xD5E8, 2, {0xA1, 0xE6}},
	{0xD5EA, 2, {0x07, 0xC2}},
	{0xD5EC, 2, {0x83, 0xC1}},
	{0xD5EE, 2, {0x9F, 0x23}},
	{0xD5F0, 2, {0xA0, 0xF6}},
	{0xD5F2, 2, {0x80, 0x82}},
	{0xD5F4, 2, {0x6E, 0x09}},
	{0xD5F6, 2, {0x03, 0x37}},
	{0xD5F8, 2, {0x00, 0x02}},
	{0xD5FA, 2, {0x08, 0xB7}},
	{0xD5FC, 2, {0x00, 0x10}},
	{0xD5FE, 2, {0x88, 0x13}},
	{0xD600, 2, {0x05, 0x85}},
	{0xD602, 2, {0x46, 0x01}},
	{0xD604, 2, {0x1E, 0x7D}},
	{0xD606, 2, {0x13, 0x7D}},
	{0xD608, 2, {0x6F, 0x09}},
	{0xD60A, 2, {0x18, 0xFD}},
	{0xD60C, 2, {0x4E, 0xAD}},
	{0xD60E, 2, {0xA8, 0x91}},
	{0xD610, 2, {0x97, 0x93}},
	{0xD612, 2, {0x01, 0x02}},
	{0xD614, 2, {0x87, 0xC1}},
	{0xD616, 2, {0x97, 0xFA}},
	{0xD618, 2, {0x07, 0xC2}},
	{0xD61A, 2, {0x83, 0xC1}},
	{0xD61C, 2, {0x87, 0xB3}},
	{0xD61E, 2, {0x02, 0xA7}},
	{0xD620, 2, {0x06, 0x8A}},
	{0xD622, 2, {0x08, 0x11}},
	{0xD624, 2, {0x8F, 0xB3}},
	{0xD626, 2, {0x00, 0xD5}},
	{0xD628, 2, {0x06, 0x93}},
	{0xD62A, 2, {0x02, 0x06}},
	{0xD62C, 2, {0x06, 0x8A}},
	{0xD62E, 2, {0x96, 0xAE}},
	{0xD630, 2, {0x06, 0x05}},
	{0xD632, 2, {0x07, 0x33}},
	{0xD634, 2, {0x02, 0xA7}},
	{0xD636, 2, {0x83, 0xA5}},
	{0xD638, 2, {0x2E, 0x23}},
	{0xD63A, 2, {0xFE, 0xF8}},
	{0xD63C, 2, {0xC7, 0x83}},
	{0xD63E, 2, {0x00, 0xEF}},
	{0xD640, 2, {0x07, 0x8E}},
	{0xD642, 2, {0xFF, 0x93}},
	{0xD644, 2, {0x01, 0x07}},
	{0xD646, 2, {0x57, 0x93}},
	{0xD648, 2, {0x40, 0x97}},
	{0xD64A, 2, {0xF7, 0xB3}},
	{0xD64C, 2, {0x01, 0x17}},
	{0xD64E, 2, {0xD7, 0x13}},
	{0xD650, 2, {0x01, 0x07}},
	{0xD652, 2, {0x9B, 0x3D}},
	{0xD654, 2, {0xC6, 0x9C}},
	{0xD656, 2, {0x67, 0xB3}},
	{0xD658, 2, {0x01, 0xF7}},
	{0xD65A, 2, {0x85, 0x23}},
	{0xD65C, 2, {0x00, 0xF6}},
	{0xD65E, 2, {0x0E, 0x63}},
	{0xD660, 2, {0x03, 0xD6}},
	{0xD662, 2, {0x17, 0x93}},
	{0xD664, 2, {0x00, 0x26}},
	{0xD666, 2, {0x97, 0xAE}},
	{0xD668, 2, {0x06, 0x93}},
	{0xD66A, 2, {0x00, 0x86}},
	{0xD66C, 2, {0xCF, 0x83}},
	{0xD66E, 2, {0x00, 0x17}},
	{0xD670, 2, {0x97, 0x13}},
	{0xD672, 2, {0x00, 0x26}},
	{0xD674, 2, {0xD7, 0x83}},
	{0xD676, 2, {0x00, 0x07}},
	{0xD678, 2, {0x97, 0x2E}},
	{0xD67A, 2, {0x47, 0x58}},
	{0xD67C, 2, {0xDF, 0x93}},
	{0xD67E, 2, {0x00, 0x5F}},
	{0xD680, 2, {0x72, 0xB3}},
	{0xD682, 2, {0x00, 0xFE}},
	{0xD684, 2, {0xFF, 0x93}},
	{0xD686, 2, {0x00, 0x1F}},
	{0xD688, 2, {0x07, 0xB3}},
	{0xD68A, 2, {0x40, 0x50}},
	{0xD68C, 2, {0x77, 0x33}},
	{0xD68E, 2, {0x00, 0x67}},
	{0xD690, 2, {0x80, 0xE3}},
	{0xD692, 2, {0xF8, 0x0F}},
	{0xD694, 2, {0x07, 0xC2}},
	{0xD696, 2, {0x87, 0xC1}},
	{0xD698, 2, {0xBF, 0xBD}},
	{0xD69A, 2, {0x80, 0x82}},
	{0xD69C, 2, {0x11, 0x41}},
	{0xD69E, 2, {0xC0, 0x4A}},
	{0xD6A0, 2, {0x69, 0x39}},
	{0xD6A2, 2, {0x09, 0x13}},
	{0xD6A4, 2, {0x00, 0x09}},
	{0xD6A6, 2, {0x27, 0x83}},
	{0xD6A8, 2, {0x30, 0x09}},
	{0xD6AA, 2, {0x65, 0x21}},
	{0xD6AC, 2, {0xC6, 0x06}},
	{0xD6AE, 2, {0xC2, 0x26}},
	{0xD6B0, 2, {0x06, 0x13}},
	{0xD6B2, 2, {0x1F, 0x80}},
	{0xD6B4, 2, {0x05, 0xB7}},
	{0xD6B6, 2, {0x40, 0x38}},
	{0xD6B8, 2, {0x05, 0x13}},
	{0xD6BA, 2, {0x74, 0x45}},
	{0xD6BC, 2, {0xC4, 0x22}},
	{0xD6BE, 2, {0x97, 0x82}},
	{0xD6C0, 2, {0x27, 0x83}},
	{0xD6C2, 2, {0x30, 0x09}},
	{0xD6C4, 2, {0x64, 0xA5}},
	{0xD6C6, 2, {0x06, 0x13}},
	{0xD6C8, 2, {0x1F, 0x80}},
	{0xD6CA, 2, {0x05, 0xB7}},
	{0xD6CC, 2, {0x40, 0x39}},
	{0xD6CE, 2, {0x85, 0x13}},
	{0xD6D0, 2, {0xF2, 0x44}},
	{0xD6D2, 2, {0x97, 0x82}},
	{0xD6D4, 2, {0x68, 0x09}},
	{0xD6D6, 2, {0x65, 0x41}},
	{0xD6D8, 2, {0x15, 0xB7}},
	{0xD6DA, 2, {0x40, 0x39}},
	{0xD6DC, 2, {0x86, 0x13}},
	{0xD6DE, 2, {0xF2, 0x44}},
	{0xD6E0, 2, {0x06, 0xB7}},
	{0xD6E2, 2, {0x40, 0x39}},
	{0xD6E4, 2, {0x18, 0x01}},
	{0xD6E6, 2, {0x78, 0xC1}},
	{0xD6E8, 2, {0x15, 0x7D}},
	{0xD6EA, 2, {0x85, 0x93}},
	{0xD6EC, 2, {0xFC, 0x05}},
	{0xD6EE, 2, {0x57, 0x83}},
	{0xD6F0, 2, {0x00, 0x06}},
	{0xD6F2, 2, {0x74, 0x33}},
	{0xD6F4, 2, {0x01, 0x14}},
	{0xD6F6, 2, {0x06, 0x91}},
	{0xD6F8, 2, {0x97, 0x13}},
	{0xD6FA, 2, {0x00, 0x57}},
	{0xD6FC, 2, {0x77, 0x33}},
	{0xD6FE, 2, {0x01, 0x07}},
	{0xD700, 2, {0x07, 0x42}},
	{0xD702, 2, {0x83, 0x41}},
	{0xD704, 2, {0x8C, 0x59}},
	{0xD706, 2, {0x83, 0xA1}},
	{0xD708, 2, {0x07, 0xD6}},
	{0xD70A, 2, {0x8C, 0x69}},
	{0xD70C, 2, {0x8C, 0x5D}},
	{0xD70E, 2, {0xAE, 0x23}},
	{0xD710, 2, {0xFE, 0x86}},
	{0xD712, 2, {0x06, 0x09}},
	{0xD714, 2, {0x9D, 0xE3}},
	{0xD716, 2, {0xFC, 0xB6}},
	{0xD718, 2, {0x27, 0x83}},
	{0xD71A, 2, {0x30, 0x09}},
	{0xD71C, 2, {0x65, 0x25}},
	{0xD71E, 2, {0x06, 0x13}},
	{0xD720, 2, {0x1F, 0x80}},
	{0xD722, 2, {0x05, 0xB7}},
	{0xD724, 2, {0x40, 0x3A}},
	{0xD726, 2, {0x05, 0x13}},
	{0xD728, 2, {0x70, 0x45}},
	{0xD72A, 2, {0x97, 0x82}},
	{0xD72C, 2, {0x27, 0x83}},
	{0xD72E, 2, {0x30, 0x09}},
	{0xD730, 2, {0x64, 0xA9}},
	{0xD732, 2, {0x06, 0x13}},
	{0xD734, 2, {0x1F, 0x80}},
	{0xD736, 2, {0x05, 0xB7}},
	{0xD738, 2, {0x40, 0x3B}},
	{0xD73A, 2, {0x85, 0x13}},
	{0xD73C, 2, {0xEE, 0x44}},
	{0xD73E, 2, {0x97, 0x82}},
	{0xD740, 2, {0x68, 0x09}},
	{0xD742, 2, {0x65, 0x41}},
	{0xD744, 2, {0x15, 0xB7}},
	{0xD746, 2, {0x40, 0x3B}},
	{0xD748, 2, {0x86, 0x13}},
	{0xD74A, 2, {0xEE, 0x44}},
	{0xD74C, 2, {0x06, 0xB7}},
	{0xD74E, 2, {0x40, 0x3B}},
	{0xD750, 2, {0x18, 0x01}},
	{0xD752, 2, {0x78, 0xC1}},
	{0xD754, 2, {0x15, 0x7D}},
	{0xD756, 2, {0x85, 0x93}},
	{0xD758, 2, {0xFC, 0x05}},
	{0xD75A, 2, {0x57, 0x83}},
	{0xD75C, 2, {0x00, 0x06}},
	{0xD75E, 2, {0x74, 0x33}},
	{0xD760, 2, {0x01, 0x14}},
	{0xD762, 2, {0x06, 0x91}},
	{0xD764, 2, {0x97, 0x13}},
	{0xD766, 2, {0x00, 0x57}},
	{0xD768, 2, {0x77, 0x33}},
	{0xD76A, 2, {0x01, 0x07}},
	{0xD76C, 2, {0x07, 0x42}},
	{0xD76E, 2, {0x83, 0x41}},
	{0xD770, 2, {0x8C, 0x59}},
	{0xD772, 2, {0x83, 0xA1}},
	{0xD774, 2, {0x07, 0xD6}},
	{0xD776, 2, {0x8C, 0x69}},
	{0xD778, 2, {0x8C, 0x5D}},
	{0xD77A, 2, {0xAE, 0x23}},
	{0xD77C, 2, {0xFE, 0x86}},
	{0xD77E, 2, {0x06, 0x09}},
	{0xD780, 2, {0x9D, 0xE3}},
	{0xD782, 2, {0xFC, 0xB6}},
	{0xD784, 2, {0x40, 0xB2}},
	{0xD786, 2, {0x44, 0x22}},
	{0xD788, 2, {0x44, 0x92}},
	{0xD78A, 2, {0x49, 0x02}},
	{0xD78C, 2, {0x01, 0x41}},
	{0xD78E, 2, {0x80, 0x82}},
	{0xD790, 2, {0x11, 0x01}},
	{0xD792, 2, {0xCC, 0x22}},
	{0xD794, 2, {0xCA, 0x26}},
	{0xD796, 2, {0xC8, 0x4A}},
	{0xD798, 2, {0xC6, 0x4E}},
	{0xD79A, 2, {0xC4, 0x52}},
	{0xD79C, 2, {0xC2, 0x56}},
	{0xD79E, 2, {0xC0, 0x5A}},
	{0xD7A0, 2, {0xCE, 0x06}},
	{0xD7A2, 2, {0x57, 0xB7}},
	{0xD7A4, 2, {0x10, 0x01}},
	{0xD7A6, 2, {0x57, 0x7D}},
	{0xD7A8, 2, {0xC7, 0xD8}},
	{0xD7AA, 2, {0x47, 0x0D}},
	{0xD7AC, 2, {0x8A, 0x23}},
	{0xD7AE, 2, {0x3A, 0xE7}},
	{0xD7B0, 2, {0x26, 0xB7}},
	{0xD7B2, 2, {0x10, 0x00}},
	{0xD7B4, 2, {0x46, 0x41}},
	{0xD7B6, 2, {0x82, 0x23}},
	{0xD7B8, 2, {0x10, 0xC6}},
	{0xD7BA, 2, {0x46, 0x45}},
	{0xD7BC, 2, {0x82, 0xA3}},
	{0xD7BE, 2, {0x10, 0xC6}},
	{0xD7C0, 2, {0x80, 0xA3}},
	{0xD7C2, 2, {0x10, 0x06}},
	{0xD7C4, 2, {0x80, 0x23}},
	{0xD7C6, 2, {0x10, 0xE6}},
	{0xD7C8, 2, {0x27, 0xB7}},
	{0xD7CA, 2, {0x20, 0x00}},
	{0xD7CC, 2, {0x8B, 0x23}},
	{0xD7CE, 2, {0x0C, 0x07}},
	{0xD7D0, 2, {0x46, 0x85}},
	{0xD7D2, 2, {0x8B, 0xA3}},
	{0xD7D4, 2, {0x0C, 0xD7}},
	{0xD7D6, 2, {0x46, 0x89}},
	{0xD7D8, 2, {0x8C, 0x23}},
	{0xD7DA, 2, {0x0C, 0xD7}},
	{0xD7DC, 2, {0x69, 0x39}},
	{0xD7DE, 2, {0x2B, 0x37}},
	{0xD7E0, 2, {0x10, 0x02}},
	{0xD7E2, 2, {0x4A, 0xB7}},
	{0xD7E4, 2, {0x00, 0x06}},
	{0xD7E6, 2, {0x8C, 0xA3}},
	{0xD7E8, 2, {0x0C, 0xE7}},
	{0xD7EA, 2, {0x44, 0x01}},
	{0xD7EC, 2, {0x09, 0x13}},
	{0xD7EE, 2, {0x00, 0x09}},
	{0xD7F0, 2, {0x2A, 0x37}},
	{0xD7F2, 2, {0x20, 0x00}},
	{0xD7F4, 2, {0x29, 0xB7}},
	{0xD7F6, 2, {0x10, 0x01}},
	{0xD7F8, 2, {0x04, 0xB7}},
	{0xD7FA, 2, {0x20, 0x00}},
	{0xD7FC, 2, {0x0B, 0x13}},
	{0xD7FE, 2, {0x02, 0x0B}},
	{0xD800, 2, {0x8A, 0x93}},
	{0xD802, 2, {0xC0, 0x0A}},
	{0xD804, 2, {0x27, 0x03}},
	{0xD806, 2, {0x33, 0x89}},
	{0xD808, 2, {0x27, 0x83}},
	{0xD80A, 2, {0x16, 0x49}},
	{0xD80C, 2, {0x45, 0x81}},
	{0xD80E, 2, {0x25, 0x03}},
	{0xD810, 2, {0x3F, 0x07}},
	{0xD812, 2, {0x2A, 0x23}},
	{0xD814, 2, {0x02, 0x8A}},
	{0xD816, 2, {0x97, 0x82}},
	{0xD818, 2, {0xC7, 0x83}},
	{0xD81A, 2, {0x00, 0x49}},
	{0xD81C, 2, {0xE7, 0x93}},
	{0xD81E, 2, {0x00, 0x17}},
	{0xD820, 2, {0x82, 0x23}},
	{0xD822, 2, {0x00, 0xF9}},
	{0xD824, 2, {0xA4, 0x23}},
	{0xD826, 2, {0x02, 0x04}},
	{0xD828, 2, {0xA0, 0x23}},
	{0xD82A, 2, {0x01, 0x64}},
	{0xD82C, 2, {0xA4, 0x23}},
	{0xD82E, 2, {0x00, 0x04}},
	{0xD830, 2, {0x87, 0xBE}},
	{0xD832, 2, {0x04, 0x13}},
	{0xD834, 2, {0x40, 0x04}},
	{0xD836, 2, {0x17, 0xE3}},
	{0xD838, 2, {0xFD, 0x54}},
	{0xD83A, 2, {0x0B, 0x23}},
	{0xD83C, 2, {0x0C, 0x0A}},
	{0xD83E, 2, {0x0B, 0xA3}},
	{0xD840, 2, {0x0C, 0x0A}},
	{0xD842, 2, {0x0C, 0x23}},
	{0xD844, 2, {0x0C, 0x0A}},
	{0xD846, 2, {0x0C, 0xA3}},
	{0xD848, 2, {0x0C, 0x0A}},
	{0xD84A, 2, {0x24, 0x37}},
	{0xD84C, 2, {0x10, 0x00}},
	{0xD84E, 2, {0x00, 0x23}},
	{0xD850, 2, {0x10, 0x04}},
	{0xD852, 2, {0x57, 0x7D}},
	{0xD854, 2, {0x02, 0x23}},
	{0xD856, 2, {0x10, 0xE4}},
	{0xD858, 2, {0x17, 0xB7}},
	{0xD85A, 2, {0x10, 0x00}},
	{0xD85C, 2, {0x02, 0xA3}},
	{0xD85E, 2, {0x10, 0xE4}},
	{0xD860, 2, {0x87, 0x93}},
	{0xD862, 2, {0xB0, 0x07}},
	{0xD864, 2, {0x5F, 0x9C}},
	{0xD866, 2, {0x97, 0x13}},
	{0xD868, 2, {0x00, 0xE7}},
	{0xD86A, 2, {0x5C, 0x63}},
	{0xD86C, 2, {0x00, 0x07}},
	{0xD86E, 2, {0x35, 0x3D}},
	{0xD870, 2, {0x17, 0xB7}},
	{0xD872, 2, {0x10, 0x02}},
	{0xD874, 2, {0xA7, 0x83}},
	{0xD876, 2, {0x50, 0x07}},
	{0xD878, 2, {0x04, 0x13}},
	{0xD87A, 2, {0x70, 0x04}},
	{0xD87C, 2, {0x8B, 0x85}},
	{0xD87E, 2, {0x13, 0x23}},
	{0xD880, 2, {0x10, 0xF4}},
	{0xD882, 2, {0x17, 0xB7}},
	{0xD884, 2, {0x10, 0x00}},
	{0xD886, 2, {0xD7, 0x03}},
	{0xD888, 2, {0xB3, 0xA7}},
	{0xD88A, 2, {0x9B, 0x75}},
	{0xD88C, 2, {0x9D, 0x23}},
	{0xD88E, 2, {0xB2, 0xE7}},
	{0xD890, 2, {0x40, 0xF2}},
	{0xD892, 2, {0x44, 0x62}},
	{0xD894, 2, {0x44, 0xD2}},
	{0xD896, 2, {0x49, 0x42}},
	{0xD898, 2, {0x49, 0xB2}},
	{0xD89A, 2, {0x4A, 0x22}},
	{0xD89C, 2, {0x4A, 0x92}},
	{0xD89E, 2, {0x4B, 0x02}},
	{0xD8A0, 2, {0x61, 0x05}},
	{0xD8A2, 2, {0x80, 0x82}},
	{0xD8A4, 2, {0x26, 0xB7}},
	{0xD8A6, 2, {0x10, 0x02}},
	{0xD8A8, 2, {0x15, 0xB7}},
	{0xD8AA, 2, {0x10, 0x00}},
	{0xD8AC, 2, {0x86, 0x93}},
	{0xD8AE, 2, {0x70, 0x06}},
	{0xD8B0, 2, {0xD6, 0x03}},
	{0xD8B2, 2, {0x10, 0x66}},
	{0xD8B4, 2, {0xD6, 0x83}},
	{0xD8B6, 2, {0x50, 0x05}},
	{0xD8B8, 2, {0x65, 0x21}},
	{0xD8BA, 2, {0x8A, 0x05}},
	{0xD8BC, 2, {0x9A, 0xF9}},
	{0xD8BE, 2, {0x8E, 0xD1}},
	{0xD8C0, 2, {0x63, 0x09}},
	{0xD8C2, 2, {0x68, 0xC1}},
	{0xD8C4, 2, {0x18, 0x37}},
	{0xD8C6, 2, {0x40, 0x38}},
	{0xD8C8, 2, {0x90, 0x23}},
	{0xD8CA, 2, {0x50, 0xD5}},
	{0xD8CC, 2, {0x05, 0x13}},
	{0xD8CE, 2, {0x74, 0x45}},
	{0xD8D0, 2, {0x05, 0xB7}},
	{0xD8D2, 2, {0x40, 0x38}},
	{0xD8D4, 2, {0x13, 0x01}},
	{0xD8D6, 2, {0x7E, 0x41}},
	{0xD8D8, 2, {0x18, 0xFD}},
	{0xD8DA, 2, {0x08, 0x13}},
	{0xD8DC, 2, {0xFC, 0x08}},
	{0xD8DE, 2, {0x56, 0x83}},
	{0xD8E0, 2, {0x00, 0x05}},
	{0xD8E2, 2, {0xF7, 0xB3}},
	{0xD8E4, 2, {0x01, 0xC7}},
	{0xD8E6, 2, {0x05, 0x91}},
	{0xD8E8, 2, {0x96, 0x13}},
	{0xD8EA, 2, {0x00, 0x56}},
	{0xD8EC, 2, {0x76, 0x33}},
	{0xD8EE, 2, {0x00, 0x66}},
	{0xD8F0, 2, {0x06, 0x42}},
	{0xD8F2, 2, {0x82, 0x41}},
	{0xD8F4, 2, {0x8F, 0xD1}},
	{0xD8F6, 2, {0x82, 0xA1}},
	{0xD8F8, 2, {0x06, 0xD6}},
	{0xD8FA, 2, {0xF7, 0xB3}},
	{0xD8FC, 2, {0x01, 0x17}},
	{0xD8FE, 2, {0x8F, 0xD5}},
	{0xD900, 2, {0xAE, 0x23}},
	{0xD902, 2, {0xFE, 0xF5}},
	{0xD904, 2, {0x05, 0x09}},
	{0xD906, 2, {0x9C, 0xE3}},
	{0xD908, 2, {0xFD, 0x05}},
	{0xD90A, 2, {0x65, 0x25}},
	{0xD90C, 2, {0x63, 0x09}},
	{0xD90E, 2, {0x68, 0xC1}},
	{0xD910, 2, {0x18, 0x37}},
	{0xD912, 2, {0x40, 0x3A}},
	{0xD914, 2, {0x05, 0x13}},
	{0xD916, 2, {0x70, 0x45}},
	{0xD918, 2, {0x05, 0xB7}},
	{0xD91A, 2, {0x40, 0x3A}},
	{0xD91C, 2, {0x13, 0x01}},
	{0xD91E, 2, {0x7E, 0x41}},
	{0xD920, 2, {0x18, 0xFD}},
	{0xD922, 2, {0x08, 0x13}},
	{0xD924, 2, {0xFC, 0x08}},
	{0xD926, 2, {0x56, 0x83}},
	{0xD928, 2, {0x00, 0x05}},
	{0xD92A, 2, {0xF7, 0xB3}},
	{0xD92C, 2, {0x01, 0xC7}},
	{0xD92E, 2, {0x05, 0x91}},
	{0xD930, 2, {0x96, 0x13}},
	{0xD932, 2, {0x00, 0x56}},
	{0xD934, 2, {0x76, 0x33}},
	{0xD936, 2, {0x00, 0x66}},
	{0xD938, 2, {0x06, 0x42}},
	{0xD93A, 2, {0x82, 0x41}},
	{0xD93C, 2, {0x8F, 0xD1}},
	{0xD93E, 2, {0x82, 0xA1}},
	{0xD940, 2, {0x06, 0xD6}},
	{0xD942, 2, {0xF7, 0xB3}},
	{0xD944, 2, {0x01, 0x17}},
	{0xD946, 2, {0x8F, 0xD5}},
	{0xD948, 2, {0xAE, 0x23}},
	{0xD94A, 2, {0xFE, 0xF5}},
	{0xD94C, 2, {0x05, 0x09}},
	{0xD94E, 2, {0x9C, 0xE3}},
	{0xD950, 2, {0xFD, 0x05}},
	{0xD952, 2, {0x17, 0xB7}},
	{0xD954, 2, {0x10, 0x02}},
	{0xD956, 2, {0x87, 0x93}},
	{0xD958, 2, {0xB0, 0x07}},
	{0xD95A, 2, {0x43, 0xDC}},
	{0xD95C, 2, {0x96, 0x93}},
	{0xD95E, 2, {0x01, 0x37}},
	{0xD960, 2, {0xDF, 0x63}},
	{0xD962, 2, {0x1A, 0x06}},
	{0xD964, 2, {0x07, 0xB7}},
	{0xD966, 2, {0x10, 0x02}},
	{0xD968, 2, {0x87, 0x93}},
	{0xD96A, 2, {0x30, 0x07}},
	{0xD96C, 2, {0x47, 0xBC}},
	{0xD96E, 2, {0x83, 0x9D}},
	{0xD970, 2, {0x8B, 0x85}},
	{0xD972, 2, {0x86, 0x63}},
	{0xD974, 2, {0x1A, 0x07}},
	{0xD976, 2, {0x06, 0x37}},
	{0xD978, 2, {0x40, 0x38}},
	{0xD97A, 2, {0x63, 0x41}},
	{0xD97C, 2, {0x13, 0x7D}},
	{0xD97E, 2, {0x08, 0x37}},
	{0xD980, 2, {0x01, 0x00}},
	{0xD982, 2, {0x0F, 0x37}},
	{0xD984, 2, {0x04, 0x00}},
	{0xD986, 2, {0x7E, 0xC1}},
	{0xD988, 2, {0x0E, 0x13}},
	{0xD98A, 2, {0x3F, 0x06}},
	{0xD98C, 2, {0x42, 0x14}},
	{0xD98E, 2, {0x25, 0x83}},
	{0xD990, 2, {0x3F, 0x06}},
	{0xD992, 2, {0x77, 0x33}},
	{0xD994, 2, {0x01, 0xD7}},
	{0xD996, 2, {0xD5, 0x13}},
	{0xD998, 2, {0x01, 0x06}},
	{0xD99A, 2, {0xF7, 0xB3}},
	{0xD99C, 2, {0x00, 0x66}},
	{0xD99E, 2, {0x46, 0xB3}},
	{0xD9A0, 2, {0x02, 0xF8}},
	{0xD9A2, 2, {0xD8, 0x93}},
	{0xD9A4, 2, {0x01, 0x05}},
	{0xD9A6, 2, {0xF5, 0xB3}},
	{0xD9A8, 2, {0x00, 0x65}},
	{0xD9AA, 2, {0x06, 0x11}},
	{0xD9AC, 2, {0x47, 0xB3}},
	{0xD9AE, 2, {0x02, 0xA8}},
	{0xD9B0, 2, {0x45, 0x33}},
	{0xD9B2, 2, {0x03, 0x18}},
	{0xD9B4, 2, {0x97, 0xB6}},
	{0xD9B6, 2, {0x45, 0xB3}},
	{0xD9B8, 2, {0x02, 0xB8}},
	{0xD9BA, 2, {0x97, 0xAA}},
	{0xD9BC, 2, {0x97, 0xAE}},
	{0xD9BE, 2, {0x47, 0xB3}},
	{0xD9C0, 2, {0x02, 0xFF}},
	{0xD9C2, 2, {0x07, 0xC2}},
	{0xD9C4, 2, {0x83, 0xC1}},
	{0xD9C6, 2, {0x8F, 0x5D}},
	{0xD9C8, 2, {0x77, 0x33}},
	{0xD9CA, 2, {0x00, 0x67}},
	{0xD9CC, 2, {0x07, 0xC2}},
	{0xD9CE, 2, {0x8F, 0x5D}},
	{0xD9D0, 2, {0x2E, 0x23}},
	{0xD9D2, 2, {0xFE, 0xE6}},
	{0xD9D4, 2, {0x26, 0x23}},
	{0xD9D6, 2, {0x3E, 0xE6}},
	{0xD9D8, 2, {0x1A, 0xE3}},
	{0xD9DA, 2, {0xFB, 0xC6}},
	{0xD9DC, 2, {0x06, 0x37}},
	{0xD9DE, 2, {0x40, 0x38}},
	{0xD9E0, 2, {0x63, 0x41}},
	{0xD9E2, 2, {0x1E, 0x37}},
	{0xD9E4, 2, {0x40, 0x38}},
	{0xD9E6, 2, {0x06, 0x13}},
	{0xD9E8, 2, {0x7E, 0x06}},
	{0xD9EA, 2, {0x13, 0x7D}},
	{0xD9EC, 2, {0x08, 0x37}},
	{0xD9EE, 2, {0x01, 0x00}},
	{0xD9F0, 2, {0x0F, 0x37}},
	{0xD9F2, 2, {0x04, 0x00}},
	{0xD9F4, 2, {0x7E, 0xC1}},
	{0xD9F6, 2, {0x0E, 0x13}},
	{0xD9F8, 2, {0xBD, 0x0E}},
	{0xD9FA, 2, {0x42, 0x14}},
	{0xD9FC, 2, {0x25, 0x83}},
	{0xD9FE, 2, {0x3F, 0x06}},
	{0xDA00, 2, {0x77, 0x33}},
	{0xDA02, 2, {0x01, 0xD7}},
	{0xDA04, 2, {0xD5, 0x13}},
	{0xDA06, 2, {0x01, 0x06}},
	{0xDA08, 2, {0xF7, 0xB3}},
	{0xDA0A, 2, {0x00, 0x66}},
	{0xDA0C, 2, {0x46, 0xB3}},
	{0xDA0E, 2, {0x02, 0xF8}},
	{0xDA10, 2, {0xD8, 0x93}},
	{0xDA12, 2, {0x01, 0x05}},
	{0xDA14, 2, {0xF5, 0xB3}},
	{0xDA16, 2, {0x00, 0x65}},
	{0xDA18, 2, {0x06, 0x11}},
	{0xDA1A, 2, {0x47, 0xB3}},
	{0xDA1C, 2, {0x02, 0xA8}},
	{0xDA1E, 2, {0x45, 0x33}},
	{0xDA20, 2, {0x03, 0x18}},
	{0xDA22, 2, {0x97, 0xB6}},
	{0xDA24, 2, {0x45, 0xB3}},
	{0xDA26, 2, {0x02, 0xB8}},
	{0xDA28, 2, {0x97, 0xAA}},
	{0xDA2A, 2, {0x97, 0xAE}},
	{0xDA2C, 2, {0x47, 0xB3}},
	{0xDA2E, 2, {0x02, 0xFF}},
	{0xDA30, 2, {0x07, 0xC2}},
	{0xDA32, 2, {0x83, 0xC1}},
	{0xDA34, 2, {0x8F, 0x5D}},
	{0xDA36, 2, {0x77, 0x33}},
	{0xDA38, 2, {0x00, 0x67}},
	{0xDA3A, 2, {0x07, 0xC2}},
	{0xDA3C, 2, {0x8F, 0x5D}},
	{0xDA3E, 2, {0x2E, 0x23}},
	{0xDA40, 2, {0xFE, 0xE6}},
	{0xDA42, 2, {0x26, 0x23}},
	{0xDA44, 2, {0x3E, 0xE6}},
	{0xDA46, 2, {0x1A, 0xE3}},
	{0xDA48, 2, {0xFB, 0xC6}},
	{0xDA4A, 2, {0x06, 0x37}},
	{0xDA4C, 2, {0x40, 0x3A}},
	{0xDA4E, 2, {0x63, 0x41}},
	{0xDA50, 2, {0x13, 0x7D}},
	{0xDA52, 2, {0x08, 0x37}},
	{0xDA54, 2, {0x01, 0x00}},
	{0xDA56, 2, {0x0F, 0x37}},
	{0xDA58, 2, {0x04, 0x00}},
	{0xDA5A, 2, {0x7E, 0xC1}},
	{0xDA5C, 2, {0x0E, 0x13}},
	{0xDA5E, 2, {0x3F, 0x06}},
	{0xDA60, 2, {0x42, 0x14}},
	{0xDA62, 2, {0x25, 0x83}},
	{0xDA64, 2, {0x3F, 0x06}},
	{0xDA66, 2, {0x77, 0x33}},
	{0xDA68, 2, {0x01, 0xD7}},
	{0xDA6A, 2, {0xD5, 0x13}},
	{0xDA6C, 2, {0x01, 0x06}},
	{0xDA6E, 2, {0xF7, 0xB3}},
	{0xDA70, 2, {0x00, 0x66}},
	{0xDA72, 2, {0x46, 0xB3}},
	{0xDA74, 2, {0x02, 0xF8}},
	{0xDA76, 2, {0xD8, 0x93}},
	{0xDA78, 2, {0x01, 0x05}},
	{0xDA7A, 2, {0xF5, 0xB3}},
	{0xDA7C, 2, {0x00, 0x65}},
	{0xDA7E, 2, {0x06, 0x11}},
	{0xDA80, 2, {0x47, 0xB3}},
	{0xDA82, 2, {0x02, 0xA8}},
	{0xDA84, 2, {0x45, 0x33}},
	{0xDA86, 2, {0x03, 0x18}},
	{0xDA88, 2, {0x97, 0xB6}},
	{0xDA8A, 2, {0x45, 0xB3}},
	{0xDA8C, 2, {0x02, 0xB8}},
	{0xDA8E, 2, {0x97, 0xAA}},
	{0xDA90, 2, {0x97, 0xAE}},
	{0xDA92, 2, {0x47, 0xB3}},
	{0xDA94, 2, {0x02, 0xFF}},
	{0xDA96, 2, {0x07, 0xC2}},
	{0xDA98, 2, {0x83, 0xC1}},
	{0xDA9A, 2, {0x8F, 0x5D}},
	{0xDA9C, 2, {0x77, 0x33}},
	{0xDA9E, 2, {0x00, 0x67}},
	{0xDAA0, 2, {0x07, 0xC2}},
	{0xDAA2, 2, {0x8F, 0x5D}},
	{0xDAA4, 2, {0x2E, 0x23}},
	{0xDAA6, 2, {0xFE, 0xE6}},
	{0xDAA8, 2, {0x26, 0x23}},
	{0xDAAA, 2, {0x3E, 0xE6}},
	{0xDAAC, 2, {0x1A, 0xE3}},
	{0xDAAE, 2, {0xFB, 0xC6}},
	{0xDAB0, 2, {0x06, 0x37}},
	{0xDAB2, 2, {0x40, 0x3A}},
	{0xDAB4, 2, {0x63, 0x41}},
	{0xDAB6, 2, {0x1E, 0x37}},
	{0xDAB8, 2, {0x40, 0x3A}},
	{0xDABA, 2, {0x06, 0x13}},
	{0xDABC, 2, {0x7E, 0x06}},
	{0xDABE, 2, {0x13, 0x7D}},
	{0xDAC0, 2, {0x08, 0x37}},
	{0xDAC2, 2, {0x01, 0x00}},
	{0xDAC4, 2, {0x0F, 0x37}},
	{0xDAC6, 2, {0x04, 0x00}},
	{0xDAC8, 2, {0x7E, 0xC1}},
	{0xDACA, 2, {0x0E, 0x13}},
	{0xDACC, 2, {0xBD, 0x0E}},
	{0xDACE, 2, {0x42, 0x14}},
	{0xDAD0, 2, {0x25, 0x83}},
	{0xDAD2, 2, {0x3F, 0x06}},
	{0xDAD4, 2, {0x77, 0x33}},
	{0xDAD6, 2, {0x01, 0xD7}},
	{0xDAD8, 2, {0xD5, 0x13}},
	{0xDADA, 2, {0x01, 0x06}},
	{0xDADC, 2, {0xF7, 0xB3}},
	{0xDADE, 2, {0x00, 0x66}},
	{0xDAE0, 2, {0x46, 0xB3}},
	{0xDAE2, 2, {0x02, 0xF8}},
	{0xDAE4, 2, {0xD8, 0x93}},
	{0xDAE6, 2, {0x01, 0x05}},
	{0xDAE8, 2, {0xF5, 0xB3}},
	{0xDAEA, 2, {0x00, 0x65}},
	{0xDAEC, 2, {0x06, 0x11}},
	{0xDAEE, 2, {0x47, 0xB3}},
	{0xDAF0, 2, {0x02, 0xA8}},
	{0xDAF2, 2, {0x45, 0x33}},
	{0xDAF4, 2, {0x03, 0x18}},
	{0xDAF6, 2, {0x97, 0xB6}},
	{0xDAF8, 2, {0x45, 0xB3}},
	{0xDAFA, 2, {0x02, 0xB8}},
	{0xDAFC, 2, {0x97, 0xAA}},
	{0xDAFE, 2, {0x97, 0xAE}},
	{0xDB00, 2, {0x47, 0xB3}},
	{0xDB02, 2, {0x02, 0xFF}},
	{0xDB04, 2, {0x07, 0xC2}},
	{0xDB06, 2, {0x83, 0xC1}},
	{0xDB08, 2, {0x8F, 0x5D}},
	{0xDB0A, 2, {0x77, 0x33}},
	{0xDB0C, 2, {0x00, 0x67}},
	{0xDB0E, 2, {0x07, 0xC2}},
	{0xDB10, 2, {0x8F, 0x5D}},
	{0xDB12, 2, {0x2E, 0x23}},
	{0xDB14, 2, {0xFE, 0xE6}},
	{0xDB16, 2, {0x26, 0x23}},
	{0xDB18, 2, {0x3E, 0xE6}},
	{0xDB1A, 2, {0x1A, 0xE3}},
	{0xDB1C, 2, {0xFB, 0xC6}},
	{0xDB1E, 2, {0x80, 0x82}},
	{0xDB20, 2, {0x11, 0x41}},
	{0xDB22, 2, {0xC6, 0x06}},
	{0xDB24, 2, {0x33, 0x41}},
	{0xDB26, 2, {0x67, 0xB9}},
	{0xDB28, 2, {0xA7, 0x83}},
	{0xDB2A, 2, {0x33, 0x87}},
	{0xDB2C, 2, {0x40, 0xB2}},
	{0xDB2E, 2, {0xA3, 0x03}},
	{0xDB30, 2, {0x22, 0x07}},
	{0xDB32, 2, {0x01, 0x41}},
	{0xDB34, 2, {0x83, 0x02}},
	{0xDB38, 2, {0xFF, 0xFF}},
	{0xDB3A, 2, {0x00, 0x00}},
	{0xDB3C, 2, {0x00, 0x07}},
	{0xDB3E, 2, {0x00, 0x09}},
	{0xDB40, 2, {0x00, 0x08}},
	{0xDB42, 2, {0x50, 0x00}},
	{0xDB44, 2, {0x6E, 0x16}},
	{0xDB46, 2, {0x80, 0x88}},
	{0xDB48, 2, {0x03, 0xD1}},
	{0xDB4A, 2, {0x01, 0x8B}},
	{0xDB4C, 2, {0x70, 0x01}},
	{0xDB4E, 2, {0x87, 0x00}},
	{0xDB50, 2, {0x88, 0x6A}},
	{0xDB52, 2, {0x0E, 0x80}},
	{0xDB54, 2, {0x00, 0xFC}},
	{0xDB56, 2, {0x00, 0x00}},
	{0xDB58, 2, {0x00, 0x14}},
	{0xDB5A, 2, {0x70, 0x00}},
	{0xDB5C, 2, {0x87, 0x00}},
	{0xDB5E, 2, {0x8C, 0x5A}},
	{0xDB60, 2, {0x1E, 0x80}},
	{0xDB62, 2, {0x00, 0xFC}},
	{0xDB64, 2, {0x00, 0x00}},
	{0xDB66, 2, {0x50, 0x00}},
	{0xDB68, 2, {0x5A, 0x0E}},
	{0xDB6A, 2, {0x83, 0xBC}},
	{0xDB6C, 2, {0x04, 0x7E}},
	{0xDB6E, 2, {0x00, 0x3E}},
	{0xDB70, 2, {0x70, 0x1F}},
	{0xDB72, 2, {0x87, 0x00}},
	{0xDB74, 2, {0xBC, 0x5A}},
	{0xDB76, 2, {0x1E, 0x83}},
	{0xDB78, 2, {0x00, 0xE0}},
	{0xDB7A, 2, {0x00, 0x00}},
	{0xDB7C, 2, {0x05, 0x4E}},
	{0xDB7E, 2, {0x70, 0x00}},
	{0xDB80, 2, {0x17, 0xDB}},
	{0xDB82, 2, {0x70, 0x00}},
	{0xDB84, 2, {0x18, 0x1C}},
	{0xDB86, 2, {0x70, 0x00}},
	{0xDB88, 2, {0xC7, 0x10}},
	{0xDB8A, 2, {0x8C, 0x5A}},
	{0xDB8C, 2, {0x0E, 0x80}},
	{0xDB8E, 2, {0x18, 0xE0}},
	{0xDB90, 2, {0x00, 0x00}},
	{0xDB92, 2, {0x00, 0x40}},
	{0xDB94, 2, {0xC7, 0x01}},
	{0xDB96, 2, {0x8C, 0x5A}},
	{0xDB98, 2, {0x0E, 0x80}},
	{0xDB9A, 2, {0x00, 0xE0}},
	{0xDB9C, 2, {0x00, 0x00}},
	{0xDB9E, 2, {0x70, 0x2A}},
	{0xDBA0, 2, {0x18, 0x5D}},
	{0xDBA2, 2, {0x07, 0x62}},
	{0xDBA4, 2, {0x00, 0xE2}},
	{0xDBA6, 2, {0x70, 0x02}},
	{0xDBA8, 2, {0xC7, 0x01}},
	{0xDBAA, 2, {0xCC, 0x5A}},
	{0xDBAC, 2, {0x2E, 0xE4}},
	{0xDBAE, 2, {0x00, 0xE0}},
	{0xDBB0, 2, {0x00, 0x00}},
	{0xDBB2, 2, {0x23, 0xE4}},
	{0xDBB4, 2, {0x00, 0xE4}},
	{0xDBB6, 2, {0x00, 0x68}},
	{0xDBB8, 2, {0x70, 0x00}},
	{0xDBBA, 2, {0xC7, 0x03}},
	{0xDBBC, 2, {0xCC, 0x5A}},
	{0xDBBE, 2, {0x20, 0x64}},
	{0xDBC0, 2, {0x00, 0xE0}},
	{0xDBC2, 2, {0x00, 0x00}},
	{0xDBC4, 2, {0x70, 0x49}},
	{0xDBC6, 2, {0x1A, 0xA9}},
	{0xDBC8, 2, {0x00, 0x64}},
	{0xDBCA, 2, {0x14, 0xC0}},
	{0xDBCC, 2, {0x70, 0x00}},
	{0xDBCE, 2, {0xC7, 0x02}},
	{0xDBD0, 2, {0xCC, 0x6A}},
	{0xDBD2, 2, {0x2E, 0x04}},
	{0xDBD4, 2, {0x00, 0xE0}},
	{0xDBD6, 2, {0x00, 0x00}},
	{0xDBD8, 2, {0x00, 0x0A}},
	{0xDBDA, 2, {0x70, 0x00}},
	{0xDBDC, 2, {0x13, 0xCC}},
	{0xDBDE, 2, {0x01, 0x7F}},
	{0xDBE0, 2, {0x00, 0x85}},
	{0xDBE2, 2, {0x00, 0xC5}},
	{0xDBE4, 2, {0x00, 0xBF}},
	{0xDBE6, 2, {0x00, 0x85}},
	{0xDBE8, 2, {0x00, 0xC5}},
	{0xDBEA, 2, {0x00, 0xBF}},
	{0xDBEC, 2, {0x00, 0x85}},
	{0xDBEE, 2, {0x00, 0xC5}},
	{0xDBF0, 2, {0x00, 0xBF}},
	{0xDBF2, 2, {0x00, 0x7E}},
	{0xDBF4, 2, {0x1F, 0x85}},
	{0xDBF6, 2, {0x00, 0x88}},
	{0xDBF8, 2, {0x00, 0x05}},
	{0xDBFA, 2, {0x70, 0x01}},
	{0xDBFC, 2, {0xD2, 0x02}},
	{0xDBFE, 2, {0xCC, 0x6B}},
	{0xDC00, 2, {0x2E, 0x04}},
	{0xDC02, 2, {0x00, 0xE0}},
	{0xDC04, 2, {0x00, 0x02}},
	{0xDC06, 2, {0x00, 0x4C}},
	{0xDC08, 2, {0x00, 0x3C}},
	{0xDC0A, 2, {0x00, 0x0F}},
	{0xDC0C, 2, {0x70, 0x01}},
	{0xDC0E, 2, {0x1F, 0x0A}},
	{0xDC10, 2, {0x00, 0x14}},
	{0xDC12, 2, {0x70, 0x00}},
	{0xDC14, 2, {0xC6, 0x02}},
	{0xDC16, 2, {0xCC, 0x4A}},
	{0xDC18, 2, {0x2E, 0x04}},
	{0xDC1A, 2, {0x00, 0xE0}},
	{0xDC1C, 2, {0x00, 0x00}},
	{0xDC1E, 2, {0x00, 0xBC}},
	{0xDC20, 2, {0x00, 0xFC}},
	{0xDC22, 2, {0x70, 0x01}},
	{0xDC24, 2, {0xC6, 0x02}},
	{0xDC26, 2, {0xCC, 0x4A}},
	{0xDC28, 2, {0x2E, 0x04}},
	{0xDC2A, 2, {0x00, 0xE0}},
	{0xDC2C, 2, {0x00, 0x02}},
	{0xDC2E, 2, {0x00, 0xBC}},
	{0xDC30, 2, {0x00, 0xFC}},
	{0xDC32, 2, {0x70, 0x01}},
	{0xDC34, 2, {0xC6, 0x02}},
	{0xDC36, 2, {0xCC, 0x4A}},
	{0xDC38, 2, {0x2E, 0x04}},
	{0xDC3A, 2, {0x00, 0xE0}},
	{0xDC3C, 2, {0x00, 0x00}},
	{0xDC3E, 2, {0x00, 0xBC}},
	{0xDC40, 2, {0x00, 0xFC}},
	{0xDC42, 2, {0x70, 0x01}},
	{0xDC44, 2, {0xC6, 0x02}},
	{0xDC46, 2, {0xCC, 0x4A}},
	{0xDC48, 2, {0x2E, 0x04}},
	{0xDC4A, 2, {0x00, 0xE0}},
	{0xDC4C, 2, {0x00, 0x04}},
	{0xDC4E, 2, {0x00, 0xBD}},
	{0xDC50, 2, {0x00, 0xFD}},
	{0xDC52, 2, {0x70, 0x01}},
	{0xDC54, 2, {0xC6, 0x02}},
	{0xDC56, 2, {0xCC, 0x4A}},
	{0xDC58, 2, {0x2E, 0x04}},
	{0xDC5A, 2, {0x00, 0xE0}},
	{0xDC5C, 2, {0x00, 0x00}},
	{0xDC5E, 2, {0x00, 0xBD}},
	{0xDC60, 2, {0x00, 0xFD}},
	{0xDC62, 2, {0x70, 0x01}},
	{0xDC64, 2, {0xC6, 0x02}},
	{0xDC66, 2, {0xCC, 0x4A}},
	{0xDC68, 2, {0x2E, 0x04}},
	{0xDC6A, 2, {0x00, 0xE0}},
	{0xDC6C, 2, {0x00, 0x04}},
	{0xDC6E, 2, {0x00, 0xBD}},
	{0xDC70, 2, {0x00, 0xFD}},
	{0xDC72, 2, {0x70, 0x01}},
	{0xDC74, 2, {0xC6, 0x02}},
	{0xDC76, 2, {0xCC, 0x4A}},
	{0xDC78, 2, {0x2E, 0x04}},
	{0xDC7A, 2, {0x00, 0xE0}},
	{0xDC7C, 2, {0x00, 0x00}},
	{0xDC7E, 2, {0x00, 0xBD}},
	{0xDC80, 2, {0x00, 0xFD}},
	{0xDC82, 2, {0x04, 0xE2}},
	{0xDC84, 2, {0x00, 0xE2}},
	{0xDC86, 2, {0x23, 0xE6}},
	{0xDC88, 2, {0x23, 0xEC}},
	{0xDC8A, 2, {0x00, 0xE4}},
	{0xDC8C, 2, {0x00, 0x68}},
	{0xDC8E, 2, {0x70, 0x00}},
	{0xDC90, 2, {0xC6, 0x04}},
	{0xDC92, 2, {0xCC, 0x4A}},
	{0xDC94, 2, {0x20, 0xE4}},
	{0xDC96, 2, {0x00, 0xE0}},
	{0xDC98, 2, {0x00, 0x00}},
	{0xDC9A, 2, {0x70, 0x9E}},
	{0xDC9C, 2, {0x1A, 0xA9}},
	{0xDC9E, 2, {0xCA, 0x04}},
	{0xDCA0, 2, {0xC8, 0x6A}},
	{0xDCA2, 2, {0x2C, 0xE4}},
	{0xDCA4, 2, {0x00, 0x1C}},
	{0xDCA6, 2, {0x00, 0x00}},
	{0xDCA8, 2, {0x00, 0x24}},
	{0xDCAA, 2, {0x8A, 0x00}},
	{0xDCAC, 2, {0xC8, 0x68}},
	{0xDCAE, 2, {0x0C, 0xC4}},
	{0xDCB0, 2, {0x00, 0x1C}},
	{0xDCB2, 2, {0x00, 0x00}},
	{0xDCB4, 2, {0x18, 0x5D}},
	{0xDCB6, 2, {0x88, 0x40}},
	{0xDCB8, 2, {0x88, 0x68}},
	{0xDCBA, 2, {0x0E, 0x80}},
	{0xDCBC, 2, {0x00, 0x1C}},
	{0xDCBE, 2, {0x00, 0x00}},
	{0xDCC0, 2, {0x00, 0x86}},
	{0xDCC2, 2, {0x00, 0x00}},
	{0xDCC4, 2, {0x08, 0x00}},
	{0xDCC6, 2, {0x44, 0x34}},
	{0xDCC8, 2, {0x07, 0x40}},
	{0xDCCA, 2, {0x00, 0x0E}},
	{0xDCCC, 2, {0x00, 0x00}},
	{0xDCCE, 2, {0x00, 0x00}},
	{0xDCD0, 2, {0xDC, 0xDC}},
	{0xDCD2, 2, {0x00, 0x00}},
	{0xDCD4, 2, {0xDC, 0xC4}},
	{0xDCD6, 2, {0x00, 0x00}},
	{0xDCD8, 2, {0x00, 0x01}},
	{0xDCDA, 2, {0x00, 0x00}},
	{0xDCDC, 2, {0x00, 0x01}},
	{0xDCDE, 2, {0x00, 0xC3}},
	{0xDCE0, 2, {0xDB, 0x3C}},
	{0xDCE2, 2, {0x00, 0x00}},
	{0xDCE4, 2, {0x00, 0x07}},
	{0xDCE6, 2, {0x00, 0x09}},
	{0xDCE8, 2, {0x00, 0x08}},
	{0xDCEA, 2, {0x50, 0x00}},
	{0xDCEC, 2, {0x6E, 0x16}},
	{0xDCEE, 2, {0x80, 0x88}},
	{0xDCF0, 2, {0x03, 0xD1}},
	{0xDCF2, 2, {0x01, 0x8B}},
	{0xDCF4, 2, {0x70, 0x01}},
	{0xDCF6, 2, {0x87, 0x00}},
	{0xDCF8, 2, {0x88, 0x6A}},
	{0xDCFA, 2, {0x0E, 0x80}},
	{0xDCFC, 2, {0x00, 0xFC}},
	{0xDCFE, 2, {0x00, 0x00}},
	{0xDD00, 2, {0x00, 0x14}},
	{0xDD02, 2, {0x70, 0x00}},
	{0xDD04, 2, {0x87, 0x00}},
	{0xDD06, 2, {0x8C, 0x5A}},
	{0xDD08, 2, {0x1E, 0x80}},
	{0xDD0A, 2, {0x00, 0xFC}},
	{0xDD0C, 2, {0x00, 0x00}},
	{0xDD0E, 2, {0x50, 0x00}},
	{0xDD10, 2, {0x5A, 0x0E}},
	{0xDD12, 2, {0x83, 0xBC}},
	{0xDD14, 2, {0x05, 0xBE}},
	{0xDD16, 2, {0x00, 0x3E}},
	{0xDD18, 2, {0x0C, 0x4E}},
	{0xDD1A, 2, {0x70, 0x04}},
	{0xDD1C, 2, {0xC7, 0x10}},
	{0xDD1E, 2, {0xBC, 0x5A}},
	{0xDD20, 2, {0x1E, 0x83}},
	{0xDD22, 2, {0x18, 0xFC}},
	{0xDD24, 2, {0x00, 0x00}},
	{0xDD26, 2, {0x70, 0x01}},
	{0xDD28, 2, {0xC7, 0x00}},
	{0xDD2A, 2, {0xBC, 0x5A}},
	{0xDD2C, 2, {0x1E, 0x83}},
	{0xDD2E, 2, {0x00, 0xFC}},
	{0xDD30, 2, {0x00, 0x00}},
	{0xDD32, 2, {0x70, 0x07}},
	{0xDD34, 2, {0xC7, 0x00}},
	{0xDD36, 2, {0xBC, 0x5A}},
	{0xDD38, 2, {0x1E, 0x83}},
	{0xDD3A, 2, {0x00, 0xE0}},
	{0xDD3C, 2, {0x00, 0x00}},
	{0xDD3E, 2, {0x70, 0x1E}},
	{0xDD40, 2, {0x17, 0xDB}},
	{0xDD42, 2, {0x70, 0x00}},
	{0xDD44, 2, {0x18, 0x1C}},
	{0xDD46, 2, {0x00, 0x6B}},
	{0xDD48, 2, {0x00, 0x40}},
	{0xDD4A, 2, {0x70, 0x48}},
	{0xDD4C, 2, {0x18, 0x5D}},
	{0xDD4E, 2, {0x07, 0x62}},
	{0xDD50, 2, {0x00, 0xE2}},
	{0xDD52, 2, {0x70, 0x02}},
	{0xDD54, 2, {0xC7, 0x01}},
	{0xDD56, 2, {0xCC, 0x5A}},
	{0xDD58, 2, {0x2E, 0xE4}},
	{0xDD5A, 2, {0x00, 0xE0}},
	{0xDD5C, 2, {0x00, 0x00}},
	{0xDD5E, 2, {0x23, 0xE4}},
	{0xDD60, 2, {0x00, 0xE4}},
	{0xDD62, 2, {0x00, 0x68}},
	{0xDD64, 2, {0x70, 0x00}},
	{0xDD66, 2, {0xC7, 0x03}},
	{0xDD68, 2, {0xCC, 0x5A}},
	{0xDD6A, 2, {0x20, 0x64}},
	{0xDD6C, 2, {0x00, 0xE0}},
	{0xDD6E, 2, {0x00, 0x00}},
	{0xDD70, 2, {0x0C, 0x3E}},
	{0xDD72, 2, {0x00, 0x3E}},
	{0xDD74, 2, {0x70, 0x17}},
	{0xDD76, 2, {0x1A, 0xA9}},
	{0xDD78, 2, {0x00, 0x64}},
	{0xDD7A, 2, {0x14, 0xC0}},
	{0xDD7C, 2, {0x70, 0x00}},
	{0xDD7E, 2, {0xC7, 0x02}},
	{0xDD80, 2, {0xCC, 0x6A}},
	{0xDD82, 2, {0x2E, 0x04}},
	{0xDD84, 2, {0x00, 0xE0}},
	{0xDD86, 2, {0x00, 0x00}},
	{0xDD88, 2, {0x00, 0x0A}},
	{0xDD8A, 2, {0x70, 0x00}},
	{0xDD8C, 2, {0x13, 0xCC}},
	{0xDD8E, 2, {0x09, 0x48}},
	{0xDD90, 2, {0x01, 0x4C}},
	{0xDD92, 2, {0x00, 0x4F}},
	{0xDD94, 2, {0x70, 0x01}},
	{0xDD96, 2, {0x1F, 0xCA}},
	{0xDD98, 2, {0x00, 0x14}},
	{0xDD9A, 2, {0x00, 0x45}},
	{0xDD9C, 2, {0x00, 0xC5}},
	{0xDD9E, 2, {0x00, 0xBF}},
	{0xDDA0, 2, {0x00, 0x85}},
	{0xDDA2, 2, {0x00, 0xC5}},
	{0xDDA4, 2, {0x00, 0xBF}},
	{0xDDA6, 2, {0x00, 0x85}},
	{0xDDA8, 2, {0x00, 0xC5}},
	{0xDDAA, 2, {0x00, 0xBF}},
	{0xDDAC, 2, {0x00, 0x85}},
	{0xDDAE, 2, {0x00, 0xC5}},
	{0xDDB0, 2, {0x70, 0x01}},
	{0xDDB2, 2, {0xC6, 0x02}},
	{0xDDB4, 2, {0xCC, 0x4A}},
	{0xDDB6, 2, {0x2E, 0x04}},
	{0xDDB8, 2, {0x00, 0xE0}},
	{0xDDBA, 2, {0x00, 0x02}},
	{0xDDBC, 2, {0x00, 0xBC}},
	{0xDDBE, 2, {0x00, 0xFC}},
	{0xDDC0, 2, {0x70, 0x01}},
	{0xDDC2, 2, {0xC6, 0x02}},
	{0xDDC4, 2, {0xCC, 0x4A}},
	{0xDDC6, 2, {0x2E, 0x04}},
	{0xDDC8, 2, {0x00, 0xE0}},
	{0xDDCA, 2, {0x00, 0x00}},
	{0xDDCC, 2, {0x00, 0xBC}},
	{0xDDCE, 2, {0x00, 0xFC}},
	{0xDDD0, 2, {0x70, 0x01}},
	{0xDDD2, 2, {0xC6, 0x02}},
	{0xDDD4, 2, {0xCC, 0x4A}},
	{0xDDD6, 2, {0x2E, 0x04}},
	{0xDDD8, 2, {0x00, 0xE0}},
	{0xDDDA, 2, {0x00, 0x02}},
	{0xDDDC, 2, {0x00, 0xBC}},
	{0xDDDE, 2, {0x00, 0xFC}},
	{0xDDE0, 2, {0x70, 0x01}},
	{0xDDE2, 2, {0xC6, 0x02}},
	{0xDDE4, 2, {0xCC, 0x4A}},
	{0xDDE6, 2, {0x2E, 0x04}},
	{0xDDE8, 2, {0x00, 0xE0}},
	{0xDDEA, 2, {0x00, 0x00}},
	{0xDDEC, 2, {0x00, 0xBC}},
	{0xDDEE, 2, {0x00, 0xFC}},
	{0xDDF0, 2, {0x70, 0x01}},
	{0xDDF2, 2, {0xC6, 0x02}},
	{0xDDF4, 2, {0xCC, 0x4A}},
	{0xDDF6, 2, {0x2E, 0x04}},
	{0xDDF8, 2, {0x00, 0xE0}},
	{0xDDFA, 2, {0x00, 0x04}},
	{0xDDFC, 2, {0x00, 0xBD}},
	{0xDDFE, 2, {0x00, 0xFD}},
	{0xDE00, 2, {0x70, 0x01}},
	{0xDE02, 2, {0xC6, 0x02}},
	{0xDE04, 2, {0xCC, 0x4A}},
	{0xDE06, 2, {0x2E, 0x04}},
	{0xDE08, 2, {0x00, 0xE0}},
	{0xDE0A, 2, {0x00, 0x00}},
	{0xDE0C, 2, {0x00, 0xBD}},
	{0xDE0E, 2, {0x00, 0xFD}},
	{0xDE10, 2, {0x70, 0x01}},
	{0xDE12, 2, {0xC6, 0x02}},
	{0xDE14, 2, {0xCC, 0x4A}},
	{0xDE16, 2, {0x2E, 0x04}},
	{0xDE18, 2, {0x00, 0xE0}},
	{0xDE1A, 2, {0x00, 0x04}},
	{0xDE1C, 2, {0x00, 0xBD}},
	{0xDE1E, 2, {0x00, 0xFD}},
	{0xDE20, 2, {0x70, 0x01}},
	{0xDE22, 2, {0xC6, 0x02}},
	{0xDE24, 2, {0xCC, 0x4A}},
	{0xDE26, 2, {0x2E, 0x04}},
	{0xDE28, 2, {0x00, 0xE0}},
	{0xDE2A, 2, {0x00, 0x00}},
	{0xDE2C, 2, {0x00, 0xBD}},
	{0xDE2E, 2, {0x00, 0xFD}},
	{0xDE30, 2, {0x0F, 0x62}},
	{0xDE32, 2, {0x00, 0xE2}},
	{0xDE34, 2, {0x23, 0xE6}},
	{0xDE36, 2, {0x23, 0xEC}},
	{0xDE38, 2, {0x00, 0xE4}},
	{0xDE3A, 2, {0x00, 0x68}},
	{0xDE3C, 2, {0x70, 0x00}},
	{0xDE3E, 2, {0xC6, 0x04}},
	{0xDE40, 2, {0xCC, 0x4A}},
	{0xDE42, 2, {0x20, 0xE4}},
	{0xDE44, 2, {0x00, 0xE0}},
	{0xDE46, 2, {0x00, 0x00}},
	{0xDE48, 2, {0x70, 0xA8}},
	{0xDE4A, 2, {0x1A, 0xA9}},
	{0xDE4C, 2, {0xC2, 0x04}},
	{0xDE4E, 2, {0xC8, 0x6A}},
	{0xDE50, 2, {0x2C, 0xE4}},
	{0xDE52, 2, {0x00, 0x1C}},
	{0xDE54, 2, {0x00, 0x00}},
	{0xDE56, 2, {0x50, 0x80}},
	{0xDE58, 2, {0x68, 0x14}},
	{0xDE5A, 2, {0xC4, 0xC8}},
	{0xDE5C, 2, {0x88, 0x40}},
	{0xDE5E, 2, {0xC8, 0x68}},
	{0xDE60, 2, {0x0C, 0xC4}},
	{0xDE62, 2, {0x00, 0x1C}},
	{0xDE64, 2, {0x00, 0x00}},
	{0xDE66, 2, {0x18, 0x5D}},
	{0xDE68, 2, {0x1A, 0x25}},
	{0xDE6A, 2, {0x00, 0x06}},
	{0xDE6C, 2, {0x08, 0x00}},
	{0xDE6E, 2, {0x44, 0x34}},
	{0xDE70, 2, {0x07, 0x40}},
	{0xDE72, 2, {0x00, 0x0E}},
	{0xDE74, 2, {0x00, 0x00}},
	{0xDE76, 2, {0x00, 0x00}},
	{0xDE78, 2, {0xDE, 0x84}},
	{0xDE7A, 2, {0x00, 0x00}},
	{0xDE7C, 2, {0xDE, 0x6C}},
	{0xDE7E, 2, {0x00, 0x00}},
	{0xDE80, 2, {0x00, 0x01}},
	{0xDE82, 2, {0x00, 0x00}},
	{0xDE84, 2, {0x00, 0x01}},
	{0xDE86, 2, {0x00, 0xC4}},
	{0xDE88, 2, {0xDC, 0xE4}},
	{0xDE8A, 2, {0x00, 0x00}},
	{0xDE8C, 2, {0x00, 0x3F}},
	{0xDE8E, 2, {0x00, 0x00}},
	{0xDE90, 2, {0x00, 0x01}},
	{0xDE92, 2, {0x00, 0x00}},
	{0xDE94, 2, {0x00, 0x00}},
	{0xDE96, 2, {0x00, 0x00}},
	{0xDE98, 2, {0xDE, 0xA0}},
	{0xDE9A, 2, {0x00, 0x00}},
	{0xDE9C, 2, {0x00, 0x02}},
	{0xDE9E, 2, {0x00, 0x00}},
	{0xDEA0, 2, {0x3D, 0x3D}},
	{0xF000, 2, {0xF0, 0x20}},
	{0xF002, 2, {0x00, 0x00}},
	{0xF004, 2, {0xD1, 0x42}},
	{0xF006, 2, {0xD2, 0x89}},
	{0xF008, 2, {0xD4, 0x4E}},
	{0xF00A, 2, {0x0F, 0xFF}},
	{0xF00C, 2, {0x0F, 0xFF}},
	{0xF00E, 2, {0x0F, 0xFF}},
	{0xF010, 2, {0xF0, 0x4C}},
	{0xF012, 2, {0x00, 0x00}},
	{0xF014, 2, {0xD1, 0x42}},
	{0xF016, 2, {0xD2, 0x89}},
	{0xF018, 2, {0xD4, 0x4E}},
	{0xF01A, 2, {0x0F, 0xFF}},
	{0xF01C, 2, {0x0F, 0xFF}},
	{0xF01E, 2, {0x0F, 0xFF}},
	{0xF020, 2, {0x00, 0xF8}},
	{0xF022, 2, {0x00, 0x78}},
	{0xF024, 2, {0x00, 0x79}},
	{0xF026, 2, {0x00, 0x7D}},
	{0xF028, 2, {0x00, 0x7E}},
	{0xF02A, 2, {0x00, 0x7A}},
	{0xF02C, 2, {0x00, 0x78}},
	{0xF02E, 2, {0x00, 0x40}},
	{0xF030, 2, {0x00, 0x40}},
	{0xF032, 2, {0x00, 0x42}},
	{0xF034, 2, {0x00, 0x42}},
	{0xF036, 2, {0x00, 0x40}},
	{0xF038, 2, {0x34, 0x08}},
	{0xF03A, 2, {0x00, 0x48}},
	{0xF03C, 2, {0x00, 0x49}},
	{0xF03E, 2, {0x00, 0x4D}},
	{0xF040, 2, {0x00, 0x4E}},
	{0xF042, 2, {0x00, 0x4A}},
	{0xF044, 2, {0x00, 0x48}},
	{0xF046, 2, {0x00, 0x80}},
	{0xF048, 2, {0xFF, 0xFF}},
	{0xF04A, 2, {0x00, 0x00}},
	{0xF04C, 2, {0x00, 0xF8}},
	{0xF04E, 2, {0x00, 0x78}},
	{0xF050, 2, {0x00, 0x79}},
	{0xF052, 2, {0x00, 0x7D}},
	{0xF054, 2, {0x00, 0x7E}},
	{0xF056, 2, {0x00, 0x7A}},
	{0xF058, 2, {0x00, 0x78}},
	{0xF05A, 2, {0x00, 0x40}},
	{0xF05C, 2, {0x00, 0x40}},
	{0xF05E, 2, {0x00, 0x42}},
	{0xF060, 2, {0x00, 0x42}},
	{0xF062, 2, {0x00, 0x40}},
	{0xF064, 2, {0x4B, 0x08}},
	{0xF066, 2, {0x00, 0x48}},
	{0xF068, 2, {0x00, 0x49}},
	{0xF06A, 2, {0x00, 0x4D}},
	{0xF06C, 2, {0x00, 0x4E}},
	{0xF06E, 2, {0x00, 0x4A}},
	{0xF070, 2, {0x00, 0x48}},
	{0xF072, 2, {0x00, 0x80}},
	{0xF074, 2, {0xFF, 0xFF}},
	{0xF076, 2, {0x00, 0x00}},
	{0xF078, 2, {0xF0, 0xB0}},
	{0xF07A, 2, {0x00, 0x00}},
	{0xF07C, 2, {0xF0, 0x8C}},
	{0xF07E, 2, {0x00, 0x00}},
	{0xF080, 2, {0x00, 0x00}},
	{0xF082, 2, {0x00, 0x00}},
	{0xF084, 2, {0x00, 0x00}},
	{0xF086, 2, {0x00, 0x00}},
	{0xF088, 2, {0xF0, 0xD4}},
	{0xF08A, 2, {0x00, 0x00}},
	{0xF08C, 2, {0xFF, 0xFF}},
	{0xF08E, 2, {0x00, 0x03}},
	{0xF090, 2, {0x07, 0x06}},
	{0xF092, 2, {0x00, 0x00}},
	{0xF094, 2, {0x00, 0x00}},
	{0xF096, 2, {0x00, 0x00}},
	{0xF098, 2, {0xF0, 0xA0}},
	{0xF09A, 2, {0x00, 0x00}},
	{0xF09C, 2, {0x00, 0x04}},
	{0xF09E, 2, {0x00, 0x00}},
	{0xF0A0, 2, {0x0F, 0x00}},
	{0xF0A2, 2, {0x00, 0x03}},
	{0xF0A4, 2, {0xF0, 0x00}},
	{0xF0A6, 2, {0x00, 0x03}},
	{0xF0A8, 2, {0x00, 0x0F}},
	{0xF0AA, 2, {0x00, 0x03}},
	{0xF0AC, 2, {0x00, 0xF0}},
	{0xF0AE, 2, {0x00, 0x03}},
	{0xF0B0, 2, {0xFF, 0xFF}},
	{0xF0B2, 2, {0x00, 0x03}},
	{0xF0B4, 2, {0x07, 0x06}},
	{0xF0B6, 2, {0x00, 0x00}},
	{0xF0B8, 2, {0x00, 0x00}},
	{0xF0BA, 2, {0x00, 0x00}},
	{0xF0BC, 2, {0xF0, 0xC4}},
	{0xF0BE, 2, {0x00, 0x00}},
	{0xF0C0, 2, {0x00, 0x04}},
	{0xF0C2, 2, {0x00, 0x00}},
	{0xF0C4, 2, {0x0F, 0x00}},
	{0xF0C6, 2, {0x00, 0x03}},
	{0xF0C8, 2, {0xF0, 0x00}},
	{0xF0CA, 2, {0x00, 0x03}},
	{0xF0CC, 2, {0x00, 0x0F}},
	{0xF0CE, 2, {0x00, 0x03}},
	{0xF0D0, 2, {0x00, 0xF0}},
	{0xF0D2, 2, {0x00, 0x03}},
	{0xF0D4, 2, {0x04, 0x06}},
	{0xF0D6, 2, {0x00, 0x00}},
	{0xF0D8, 2, {0x02, 0x37}},
	{0xF0DA, 2, {0x00, 0x00}},
	{0xF0DC, 2, {0x03, 0xBF}},
	{0xF0DE, 2, {0x00, 0x00}},
	{0xF0E0, 2, {0x25, 0xB7}},
	{0xF0E2, 2, {0x00, 0x00}},
	{0xF0E4, 2, {0x1F, 0xB3}},
	{0xF0E6, 2, {0x00, 0x00}},
	{0xF0E8, 2, {0x0D, 0xFB}},
	{0xF0EA, 2, {0x00, 0x00}},
	{0xF0EC, 2, {0x63, 0xFA}},
	{0xF0EE, 2, {0x00, 0x00}},
	{0xF0F0, 2, {0x0D, 0xF2}},
	{0xF0F2, 2, {0x00, 0x00}},
	{0xF0F4, 2, {0x05, 0xB6}},
	{0xF0F6, 2, {0x00, 0x00}},
	{0xF0F8, 2, {0x04, 0x06}},
	{0xF0FA, 2, {0x00, 0x00}},
	{0xF0FC, 2, {0x68, 0x04}},
	{0xF0FE, 2, {0x00, 0x00}},
	{0xF100, 2, {0xFF, 0xFF}},
	{0xF102, 2, {0xFF, 0xFF}},
	{0xF104, 2, {0x00, 0x00}},
	{0xF106, 2, {0x00, 0x00}},
	{0xF108, 2, {0xDB, 0x38}},
	{0xF10A, 2, {0x00, 0x00}},
	{0xF10C, 2, {0x00, 0x00}},
	{0xF10E, 2, {0x00, 0x00}},
	{0xF110, 2, {0xF1, 0x68}},
	{0xF112, 2, {0x00, 0x00}},
	{0xF114, 2, {0xDE, 0x8C}},
	{0xF116, 2, {0x00, 0x00}},
	{0xF118, 2, {0x00, 0x00}},
	{0xF11A, 2, {0x00, 0x00}},
	{0xF11C, 2, {0xDB, 0x38}},
	{0xF11E, 2, {0x00, 0x00}},
	{0xF120, 2, {0x00, 0x00}},
	{0xF122, 2, {0x00, 0x00}},
	{0xF124, 2, {0xF1, 0x8C}},
	{0xF126, 2, {0x00, 0x00}},
	{0xF128, 2, {0xDE, 0x8C}},
	{0xF12A, 2, {0x00, 0x00}},
	{0xF12C, 2, {0x00, 0x00}},
	{0xF12E, 2, {0x00, 0x00}},
	{0xF130, 2, {0xDB, 0x38}},
	{0xF132, 2, {0x00, 0x00}},
	{0xF134, 2, {0x00, 0x00}},
	{0xF136, 2, {0x00, 0x00}},
	{0xF138, 2, {0xF1, 0xB0}},
	{0xF13A, 2, {0x00, 0x00}},
	{0xF13C, 2, {0xDE, 0x8C}},
	{0xF13E, 2, {0x00, 0x00}},
	{0xF140, 2, {0x00, 0x00}},
	{0xF142, 2, {0x00, 0x00}},
	{0xF144, 2, {0xDB, 0x38}},
	{0xF146, 2, {0x00, 0x00}},
	{0xF148, 2, {0x00, 0x00}},
	{0xF14A, 2, {0x00, 0x00}},
	{0xF14C, 2, {0xF1, 0xD4}},
	{0xF14E, 2, {0x00, 0x00}},
	{0xF150, 2, {0xDE, 0x8C}},
	{0xF152, 2, {0x00, 0x00}},
	{0xF154, 2, {0x00, 0x00}},
	{0xF156, 2, {0x00, 0x00}},
	{0xF158, 2, {0xDB, 0x38}},
	{0xF15A, 2, {0x00, 0x00}},
	{0xF15C, 2, {0x00, 0x00}},
	{0xF15E, 2, {0x00, 0x00}},
	{0xF160, 2, {0xF1, 0xF8}},
	{0xF162, 2, {0x00, 0x00}},
	{0xF164, 2, {0xDE, 0x8C}},
	{0xF166, 2, {0x00, 0x00}},
	{0xF168, 2, {0xFF, 0xFF}},
	{0xF16A, 2, {0x00, 0x3F}},
	{0xF16C, 2, {0x06, 0x05}},
	{0xF16E, 2, {0x00, 0x00}},
	{0xF170, 2, {0x00, 0x00}},
	{0xF172, 2, {0x00, 0x00}},
	{0xF174, 2, {0xF1, 0x7C}},
	{0xF176, 2, {0x00, 0x00}},
	{0xF178, 2, {0x00, 0x04}},
	{0xF17A, 2, {0x00, 0x00}},
	{0xF17C, 2, {0x0F, 0x00}},
	{0xF17E, 2, {0x00, 0x0E}},
	{0xF180, 2, {0xF0, 0x00}},
	{0xF182, 2, {0x00, 0x0E}},
	{0xF184, 2, {0x00, 0x0F}},
	{0xF186, 2, {0x00, 0x3D}},
	{0xF188, 2, {0x00, 0xF0}},
	{0xF18A, 2, {0x00, 0x0D}},
	{0xF18C, 2, {0xFF, 0xFF}},
	{0xF18E, 2, {0x00, 0x3F}},
	{0xF190, 2, {0x06, 0x05}},
	{0xF192, 2, {0x00, 0x00}},
	{0xF194, 2, {0x00, 0x00}},
	{0xF196, 2, {0x00, 0x00}},
	{0xF198, 2, {0xF1, 0xA0}},
	{0xF19A, 2, {0x00, 0x00}},
	{0xF19C, 2, {0x00, 0x04}},
	{0xF19E, 2, {0x00, 0x00}},
	{0xF1A0, 2, {0x0F, 0x00}},
	{0xF1A2, 2, {0x00, 0x0E}},
	{0xF1A4, 2, {0xF0, 0x00}},
	{0xF1A6, 2, {0x00, 0x3E}},
	{0xF1A8, 2, {0x00, 0x0F}},
	{0xF1AA, 2, {0x00, 0x0D}},
	{0xF1AC, 2, {0x00, 0xF0}},
	{0xF1AE, 2, {0x00, 0x0D}},
	{0xF1B0, 2, {0xFF, 0xFF}},
	{0xF1B2, 2, {0x00, 0x3F}},
	{0xF1B4, 2, {0x06, 0x05}},
	{0xF1B6, 2, {0x00, 0x00}},
	{0xF1B8, 2, {0x00, 0x00}},
	{0xF1BA, 2, {0x00, 0x00}},
	{0xF1BC, 2, {0xF1, 0xC4}},
	{0xF1BE, 2, {0x00, 0x00}},
	{0xF1C0, 2, {0x00, 0x04}},
	{0xF1C2, 2, {0x00, 0x00}},
	{0xF1C4, 2, {0x0F, 0x00}},
	{0xF1C6, 2, {0x00, 0x0F}},
	{0xF1C8, 2, {0xF0, 0x00}},
	{0xF1CA, 2, {0x00, 0x0F}},
	{0xF1CC, 2, {0x00, 0x0F}},
	{0xF1CE, 2, {0x00, 0x3F}},
	{0xF1D0, 2, {0x00, 0xF0}},
	{0xF1D2, 2, {0x00, 0x0F}},
	{0xF1D4, 2, {0xFF, 0xFF}},
	{0xF1D6, 2, {0x00, 0x3F}},
	{0xF1D8, 2, {0x06, 0x05}},
	{0xF1DA, 2, {0x00, 0x00}},
	{0xF1DC, 2, {0x00, 0x00}},
	{0xF1DE, 2, {0x00, 0x00}},
	{0xF1E0, 2, {0xF1, 0xE8}},
	{0xF1E2, 2, {0x00, 0x00}},
	{0xF1E4, 2, {0x00, 0x04}},
	{0xF1E6, 2, {0x00, 0x00}},
	{0xF1E8, 2, {0x0F, 0x00}},
	{0xF1EA, 2, {0x00, 0x0F}},
	{0xF1EC, 2, {0xF0, 0x00}},
	{0xF1EE, 2, {0x00, 0x3F}},
	{0xF1F0, 2, {0x00, 0x0F}},
	{0xF1F2, 2, {0x00, 0x0F}},
	{0xF1F4, 2, {0x00, 0xF0}},
	{0xF1F6, 2, {0x00, 0x0F}},
	{0xF1F8, 2, {0xFF, 0xFF}},
	{0xF1FA, 2, {0x00, 0x3F}},
	{0xF1FC, 2, {0x02, 0x01}},
	{0xF1FE, 2, {0x06, 0x05}},
	{0xF200, 2, {0x00, 0x00}},
	{0xF202, 2, {0x00, 0x00}},
	{0xF204, 2, {0xF2, 0x0C}},
	{0xF206, 2, {0x00, 0x00}},
	{0xF208, 2, {0x00, 0x0E}},
	{0xF20A, 2, {0x00, 0x00}},
	{0xF20C, 2, {0x02, 0x02}},
	{0xF20E, 2, {0x00, 0x33}},
	{0xF210, 2, {0x01, 0x01}},
	{0xF212, 2, {0x00, 0x03}},
	{0xF214, 2, {0x00, 0x00}},
	{0xF216, 2, {0x00, 0x00}},
	{0xF218, 2, {0x00, 0x00}},
	{0xF21A, 2, {0x00, 0x00}},
	{0xF21C, 2, {0x08, 0x08}},
	{0xF21E, 2, {0x00, 0x03}},
	{0xF220, 2, {0x04, 0x04}},
	{0xF222, 2, {0x00, 0x03}},
	{0xF224, 2, {0x00, 0x00}},
	{0xF226, 2, {0x00, 0x00}},
	{0xF228, 2, {0x00, 0x00}},
	{0xF22A, 2, {0x00, 0x00}},
	{0xF22C, 2, {0x20, 0x20}},
	{0xF22E, 2, {0x00, 0x03}},
	{0xF230, 2, {0x10, 0x10}},
	{0xF232, 2, {0x00, 0x03}},
	{0xF234, 2, {0x00, 0x00}},
	{0xF236, 2, {0x00, 0x00}},
	{0xF238, 2, {0x00, 0x00}},
	{0xF23A, 2, {0x00, 0x00}},
	{0xF23C, 2, {0x80, 0x80}},
	{0xF23E, 2, {0x00, 0x03}},
	{0xF240, 2, {0x40, 0x40}},
	{0xF242, 2, {0x00, 0x03}},
	{0xF244, 2, {0xF1, 0x18}},
	{0xF246, 2, {0x00, 0x00}},
	{0xF248, 2, {0xF1, 0x04}},
	{0xF24A, 2, {0x00, 0x00}},
	{0xF24C, 2, {0x01, 0x02}},
	{0xF24E, 2, {0x01, 0x01}},
	{0xF250, 2, {0x01, 0x01}},
	{0xF252, 2, {0x01, 0x01}},
	{0xF254, 2, {0x01, 0x01}},
	{0xF256, 2, {0x00, 0x00}},
	{0xF258, 2, {0x00, 0x00}},
	{0xF25A, 2, {0x00, 0x00}},
	{0xF25C, 2, {0x00, 0x00}},
	{0xF25E, 2, {0x00, 0x00}},
	{0xF260, 2, {0x00, 0x01}},
	{0xF262, 2, {0x00, 0x00}},
	{0xF264, 2, {0x19, 0x00}},
	{0xF266, 2, {0x10, 0x00}},
	{0xF268, 2, {0x1A, 0x00}},
	{0xF26A, 2, {0x10, 0x00}},
	{0xF26C, 2, {0x29, 0x00}},
	{0xF26E, 2, {0x10, 0x00}},
	{0xF270, 2, {0x2A, 0x00}},
	{0xF272, 2, {0x10, 0x00}},
	{0xF274, 2, {0x2C, 0x00}},
	{0xF276, 2, {0x10, 0x00}},
	{0xF278, 2, {0x2D, 0x00}},
	{0xF27A, 2, {0x10, 0x00}},
	{0xF27C, 2, {0x2E, 0x00}},
	{0xF27E, 2, {0x10, 0x00}},
	{0xF280, 2, {0x2F, 0x00}},
	{0xF282, 2, {0x10, 0x00}},
	{0xF284, 2, {0xDE, 0x78}},
	{0xF286, 2, {0x00, 0x00}},
	{0xF288, 2, {0xDC, 0xD0}},
	{0xF28A, 2, {0x00, 0x00}},
	{0xF28C, 2, {0x8C, 0xC0}},
	{0xF28E, 2, {0x00, 0x10}},
	{0xF290, 2, {0xF1, 0x54}},
	{0xF292, 2, {0x00, 0x00}},
	{0xF294, 2, {0x89, 0x70}},
	{0xF296, 2, {0x00, 0x10}},
	{0xF298, 2, {0x8A, 0x14}},
	{0xF29A, 2, {0x00, 0x10}},
	{0xF29C, 2, {0x83, 0x38}},
	{0xF29E, 2, {0x00, 0x10}},
	{0xF2A0, 2, {0x83, 0xDC}},
	{0xF2A2, 2, {0x00, 0x10}},
	{0xF2A4, 2, {0x84, 0x80}},
	{0xF2A6, 2, {0x00, 0x10}},
	{0xF2A8, 2, {0x85, 0x30}},
	{0xF2AA, 2, {0x00, 0x10}},
	{0xF2AC, 2, {0x8B, 0x48}},
	{0xF2AE, 2, {0x00, 0x10}},
	{0xF2B0, 2, {0x8B, 0x70}},
	{0xF2B2, 2, {0x00, 0x10}},
	{0xF2B4, 2, {0xF1, 0x40}},
	{0xF2B6, 2, {0x00, 0x00}},
	{0xF2B8, 2, {0xF1, 0x2C}},
	{0xF2BA, 2, {0x00, 0x00}},
	{0xF2BC, 2, {0x88, 0xA8}},
	{0xF2BE, 2, {0x00, 0x10}},
	{0xF2C0, 2, {0x89, 0x0C}},
	{0xF2C2, 2, {0x00, 0x10}},
	{0xF2C4, 2, {0x87, 0x18}},
	{0xF2C6, 2, {0x00, 0x10}},
	{0xF2C8, 2, {0x87, 0x7C}},
	{0xF2CA, 2, {0x00, 0x10}},
	{0xF2CC, 2, {0x87, 0xE0}},
	{0xF2CE, 2, {0x00, 0x10}},
	{0xF2D0, 2, {0x88, 0x44}},
	{0xF2D2, 2, {0x00, 0x10}},
	{0xF2D4, 2, {0x8A, 0xB8}},
	{0xF2D6, 2, {0x00, 0x10}},
	{0xF2D8, 2, {0x8B, 0x00}},
	{0xF2DA, 2, {0x00, 0x10}},
	{0xF2DC, 2, {0x00, 0x00}},
	{0xF2DE, 2, {0x00, 0x00}},
	{0xF2E0, 2, {0x00, 0x00}},
	{0xF2E2, 2, {0x00, 0x00}},
	{0xF2E4, 2, {0x00, 0x00}},
	{0xF2E6, 2, {0x00, 0x00}},
	{0xF2E8, 2, {0x00, 0x00}},
	{0xF2EA, 2, {0x00, 0x00}},
	{0xF2EC, 2, {0x00, 0x00}},
	{0xF2EE, 2, {0x00, 0x00}},
	{0xF2F0, 2, {0x00, 0x00}},
	{0xF2F2, 2, {0x00, 0x00}},
	{0xF2F4, 2, {0x00, 0x00}},
	{0xF2F6, 2, {0x00, 0x00}},
	{0xF2F8, 2, {0x00, 0x00}},
	{0xF2FA, 2, {0x00, 0x00}},
	{0xF2FC, 2, {0x00, 0x00}},
	{0xF2FE, 2, {0x00, 0x00}},
	{0xF300, 2, {0x00, 0x00}},
	{0xF302, 2, {0x00, 0x00}},
	{0xF304, 2, {0x00, 0x00}},
	{0xF306, 2, {0x00, 0x00}},
	{0xF308, 2, {0x00, 0x00}},
	{0xF30A, 2, {0x00, 0x00}},
	{0xF30C, 2, {0x00, 0x00}},
	{0xF30E, 2, {0x00, 0x00}},
	{0xF310, 2, {0x00, 0x00}},
	{0xF312, 2, {0x00, 0x00}},
	{0xF314, 2, {0x00, 0x00}},
	{0xF316, 2, {0x00, 0x00}},
	{0xF318, 2, {0x00, 0x00}},
	{0xF31A, 2, {0x00, 0x00}},
	{0xF31C, 2, {0x00, 0x00}},
	{0xF31E, 2, {0x00, 0x00}},
	{0xF320, 2, {0x00, 0x00}},
	{0xF322, 2, {0x00, 0x00}},
	{0xF324, 2, {0x00, 0x00}},
	{0xF326, 2, {0x00, 0x00}},
	{0xF328, 2, {0x00, 0x00}},
	{0xF32A, 2, {0x00, 0x00}},
	{0xF32C, 2, {0x85, 0xCC}},
	{0xF32E, 2, {0x00, 0x10}},
	{0xF330, 2, {0x86, 0x68}},
	{0xF332, 2, {0x00, 0x10}},
	{0xF334, 2, {0x64, 0x70}},
	{0xF336, 2, {0x00, 0x10}},
	{0xF338, 2, {0x64, 0x60}},
	{0xF33A, 2, {0x00, 0x10}},
	{0xF33C, 2, {0x63, 0xF0}},
	{0xF33E, 2, {0x00, 0x10}},
	{0xF340, 2, {0x64, 0x08}},
	{0xF342, 2, {0x00, 0x10}},
	{0xF344, 2, {0x64, 0x38}},
	{0xF346, 2, {0x00, 0x10}},
	{0xF348, 2, {0x64, 0x48}},
	{0xF34A, 2, {0x00, 0x10}},
	{0xF34C, 2, {0x63, 0xC8}},
	{0xF34E, 2, {0x00, 0x10}},
	{0xF350, 2, {0x63, 0xD8}},
	{0xF352, 2, {0x00, 0x10}},
	{0xF354, 2, {0x64, 0x10}},
	{0xF356, 2, {0x00, 0x10}},
	{0xF358, 2, {0x64, 0x20}},
	{0xF35A, 2, {0x00, 0x10}},
	{0xF35C, 2, {0x64, 0x58}},
	{0xF35E, 2, {0x00, 0x10}},
	{0xF360, 2, {0x64, 0x58}},
	{0xF362, 2, {0x00, 0x10}},
	{0xF364, 2, {0x63, 0xE8}},
	{0xF366, 2, {0x00, 0x10}},
	{0xF368, 2, {0x63, 0xE8}},
	{0xF36A, 2, {0x00, 0x10}},
	{0xF36C, 2, {0x64, 0x30}},
	{0xF36E, 2, {0x00, 0x10}},
	{0xF370, 2, {0x64, 0x30}},
	{0xF372, 2, {0x00, 0x10}},
	{0xF374, 2, {0xF6, 0xC8}},
	{0xF376, 2, {0x00, 0x00}},
	{0xF378, 2, {0xF6, 0xC8}},
	{0xF37A, 2, {0x00, 0x00}},
	{0xF37C, 2, {0xF0, 0x10}},
	{0xF37E, 2, {0x00, 0x00}},
	{0xF380, 2, {0xF0, 0x00}},
	{0xF382, 2, {0x00, 0x00}},
	{0xF384, 2, {0xF0, 0x80}},
	{0xF386, 2, {0x00, 0x00}},
	{0xF388, 2, {0xF0, 0x80}},
	{0xF38A, 2, {0x00, 0x00}},
	{0xF38C, 2, {0x79, 0xC8}},
	{0xF38E, 2, {0x00, 0x10}},
	{0xF390, 2, {0x7A, 0x68}},
	{0xF392, 2, {0x00, 0x10}},
	{0xF394, 2, {0x77, 0x10}},
	{0xF396, 2, {0x00, 0x10}},
	{0xF398, 2, {0x78, 0x10}},
	{0xF39A, 2, {0x00, 0x10}},
	{0xF39C, 2, {0x6D, 0xB0}},
	{0xF39E, 2, {0x00, 0x10}},
	{0xF3A0, 2, {0x6E, 0xB0}},
	{0xF3A2, 2, {0x00, 0x10}},
	{0xF3A4, 2, {0x6F, 0xC8}},
	{0xF3A6, 2, {0x00, 0x10}},
	{0xF3A8, 2, {0x70, 0xE0}},
	{0xF3AA, 2, {0x00, 0x10}},
	{0xF3AC, 2, {0x78, 0x60}},
	{0xF3AE, 2, {0x00, 0x10}},
	{0xF3B0, 2, {0x78, 0x60}},
	{0xF3B2, 2, {0x00, 0x10}},
	{0xF3B4, 2, {0xF0, 0x78}},
	{0xF3B6, 2, {0x00, 0x00}},
	{0xF3B8, 2, {0xF0, 0x78}},
	{0xF3BA, 2, {0x00, 0x00}},
	{0xF3BC, 2, {0x75, 0x90}},
	{0xF3BE, 2, {0x00, 0x10}},
	{0xF3C0, 2, {0x76, 0x10}},
	{0xF3C2, 2, {0x00, 0x10}},
	{0xF3C4, 2, {0x73, 0x90}},
	{0xF3C6, 2, {0x00, 0x10}},
	{0xF3C8, 2, {0x74, 0x10}},
	{0xF3CA, 2, {0x00, 0x10}},
	{0xF3CC, 2, {0x74, 0x90}},
	{0xF3CE, 2, {0x00, 0x10}},
	{0xF3D0, 2, {0x75, 0x10}},
	{0xF3D2, 2, {0x00, 0x10}},
	{0xF3D4, 2, {0x78, 0x58}},
	{0xF3D6, 2, {0x00, 0x10}},
	{0xF3D8, 2, {0x78, 0x58}},
	{0xF3DA, 2, {0x00, 0x10}},
	{0xF3DC, 2, {0x00, 0x00}},
	{0xF3DE, 2, {0x00, 0x00}},
	{0xF3E0, 2, {0x00, 0x00}},
	{0xF3E2, 2, {0x00, 0x00}},
	{0xF3E4, 2, {0x00, 0x00}},
	{0xF3E6, 2, {0x00, 0x00}},
	{0xF3E8, 2, {0x00, 0x00}},
	{0xF3EA, 2, {0x00, 0x00}},
	{0xF3EC, 2, {0x00, 0x00}},
	{0xF3EE, 2, {0x00, 0x00}},
	{0xF3F0, 2, {0x00, 0x00}},
	{0xF3F2, 2, {0x00, 0x00}},
	{0xF3F4, 2, {0x00, 0x00}},
	{0xF3F6, 2, {0x00, 0x00}},
	{0xF3F8, 2, {0x00, 0x00}},
	{0xF3FA, 2, {0x00, 0x00}},
	{0xF3FC, 2, {0x00, 0x00}},
	{0xF3FE, 2, {0x00, 0x00}},
	{0xF400, 2, {0x00, 0x00}},
	{0xF402, 2, {0x00, 0x00}},
	{0xF404, 2, {0x00, 0x00}},
	{0xF406, 2, {0x00, 0x00}},
	{0xF408, 2, {0x00, 0x00}},
	{0xF40A, 2, {0x00, 0x00}},
	{0xF40C, 2, {0x00, 0x00}},
	{0xF40E, 2, {0x00, 0x00}},
	{0xF410, 2, {0x00, 0x00}},
	{0xF412, 2, {0x00, 0x00}},
	{0xF414, 2, {0x00, 0x00}},
	{0xF416, 2, {0x00, 0x00}},
	{0xF418, 2, {0x00, 0x00}},
	{0xF41A, 2, {0x00, 0x00}},
	{0xF41C, 2, {0x00, 0x00}},
	{0xF41E, 2, {0x00, 0x00}},
	{0xF420, 2, {0x00, 0x00}},
	{0xF422, 2, {0x00, 0x00}},
	{0xF424, 2, {0x00, 0x00}},
	{0xF426, 2, {0x00, 0x00}},
	{0xF428, 2, {0x00, 0x00}},
	{0xF42A, 2, {0x00, 0x00}},
	{0xF42C, 2, {0x71, 0xF8}},
	{0xF42E, 2, {0x00, 0x10}},
	{0xF430, 2, {0x73, 0x10}},
	{0xF432, 2, {0x00, 0x10}},
	{0xF434, 2, {0x21, 0x31}},
	{0xF436, 2, {0x30, 0x30}},
	{0xF438, 2, {0x31, 0x21}},
	{0xF43A, 2, {0x21, 0x21}},
	{0xF43C, 2, {0x21, 0x21}},
	{0xF43E, 2, {0x00, 0x00}},
	{0xF440, 2, {0x00, 0x00}},
	{0xF442, 2, {0x00, 0x00}},
	{0xF444, 2, {0x00, 0x00}},
	{0xF446, 2, {0x00, 0x00}},
	{0xF448, 2, {0x00, 0x30}},
	{0xF44A, 2, {0x00, 0x00}},
	{0xF44C, 2, {0x01, 0x00}},
	{0xF44E, 2, {0x00, 0x00}},
	{0xF450, 2, {0x02, 0x00}},
	{0xF452, 2, {0x00, 0x00}},
	{0xF454, 2, {0x02, 0x00}},
	{0xF456, 2, {0x00, 0x00}},
	{0xF458, 2, {0x02, 0x00}},
	{0xF45A, 2, {0x00, 0x00}},
	{0xF45C, 2, {0x02, 0x00}},
	{0xF45E, 2, {0x00, 0x00}},
	{0xF460, 2, {0x01, 0x00}},
	{0xF462, 2, {0x03, 0x02}},
	{0xF464, 2, {0x01, 0x00}},
	{0xF466, 2, {0x03, 0x02}},
	{0xF468, 2, {0x01, 0x00}},
	{0xF46A, 2, {0x03, 0x02}},
	{0xF46C, 2, {0x01, 0x00}},
	{0xF46E, 2, {0x03, 0x02}},
	{0xF470, 2, {0x01, 0x00}},
	{0xF472, 2, {0x03, 0x02}},
	{0xF474, 2, {0x00, 0x00}},
	{0xF476, 2, {0x00, 0x00}},
	{0xF478, 2, {0x00, 0x00}},
	{0xF47A, 2, {0x00, 0x00}},
	{0xF47C, 2, {0x00, 0x00}},
	{0xF47E, 2, {0x00, 0x00}},
	{0xF480, 2, {0x00, 0x00}},
	{0xF482, 2, {0x00, 0x00}},
	{0xF484, 2, {0x00, 0x00}},
	{0xF486, 2, {0x00, 0x00}},
	{0xF488, 2, {0x00, 0x00}},
	{0xF48A, 2, {0x00, 0x00}},
	{0xF48C, 2, {0x00, 0x00}},
	{0xF48E, 2, {0x00, 0x00}},
	{0xF490, 2, {0x00, 0x00}},
	{0xF492, 2, {0x00, 0x00}},
	{0xF494, 2, {0x00, 0x00}},
	{0xF496, 2, {0x00, 0x00}},
	{0xF498, 2, {0x00, 0x00}},
	{0xF49A, 2, {0x00, 0x00}},
	{0xF49C, 2, {0x02, 0x00}},
	{0xF49E, 2, {0x00, 0x00}},
	{0xF4A0, 2, {0x00, 0x01}},
	{0xF4A2, 2, {0x00, 0x0F}},
	{0xF4A4, 2, {0x00, 0x01}},
	{0xF4A6, 2, {0x00, 0x0F}},
	{0xF4A8, 2, {0x00, 0x01}},
	{0xF4AA, 2, {0x00, 0x0F}},
	{0xF4AC, 2, {0x00, 0x01}},
	{0xF4AE, 2, {0x01, 0xCF}},
	{0xF4B0, 2, {0x80, 0x80}},
	{0xF4B2, 2, {0x00, 0x00}},
	{0xF4B4, 2, {0x00, 0x00}},
	{0xF4B6, 2, {0x00, 0x00}},
	{0xF4B8, 2, {0x00, 0x01}},
	{0xF4BA, 2, {0x00, 0x1F}},
	{0xF4BC, 2, {0x00, 0x01}},
	{0xF4BE, 2, {0x00, 0xDF}},
	{0xF4C0, 2, {0x00, 0x01}},
	{0xF4C2, 2, {0x00, 0x1F}},
	{0xF4C4, 2, {0x00, 0x01}},
	{0xF4C6, 2, {0x02, 0xDF}},
	{0xF4C8, 2, {0x80, 0x80}},
	{0xF4CA, 2, {0x00, 0x00}},
	{0xF4CC, 2, {0x00, 0x00}},
	{0xF4CE, 2, {0x00, 0x00}},
	{0xF4D0, 2, {0x00, 0x01}},
	{0xF4D2, 2, {0x00, 0x1F}},
	{0xF4D4, 2, {0x00, 0x01}},
	{0xF4D6, 2, {0x00, 0xDF}},
	{0xF4D8, 2, {0x00, 0x10}},
	{0xF4DA, 2, {0x00, 0x10}},
	{0xF4DC, 2, {0x00, 0x10}},
	{0xF4DE, 2, {0x02, 0xD0}},
	{0xF4E0, 2, {0x80, 0x80}},
	{0xF4E2, 2, {0x00, 0x00}},
	{0xF4E4, 2, {0x00, 0x00}},
	{0xF4E6, 2, {0x00, 0x00}},
	{0xF4E8, 2, {0x00, 0x01}},
	{0xF4EA, 2, {0x00, 0x1F}},
	{0xF4EC, 2, {0x00, 0x10}},
	{0xF4EE, 2, {0x00, 0xD0}},
	{0xF4F0, 2, {0x00, 0x01}},
	{0xF4F2, 2, {0x00, 0x1F}},
	{0xF4F4, 2, {0x00, 0x10}},
	{0xF4F6, 2, {0x02, 0xD0}},
	{0xF4F8, 2, {0x80, 0x80}},
	{0xF4FA, 2, {0x00, 0x00}},
	{0xF4FC, 2, {0x00, 0x00}},
	{0xF4FE, 2, {0x00, 0x00}},
	{0xF500, 2, {0x00, 0x20}},
	{0xF502, 2, {0x00, 0xE0}},
	{0xF504, 2, {0x00, 0x20}},
	{0xF506, 2, {0x02, 0xE0}},
	{0xF508, 2, {0x80, 0x80}},
	{0xF50A, 2, {0x00, 0x00}},
	{0xF50C, 2, {0x00, 0x00}},
	{0xF50E, 2, {0x00, 0x00}},
	{0xF510, 2, {0x00, 0x00}},
	{0xF512, 2, {0x00, 0x00}},
	{0xF514, 2, {0x00, 0x00}},
	{0xF516, 2, {0x00, 0x00}},
	{0xF518, 2, {0x00, 0x10}},
	{0xF51A, 2, {0x00, 0x10}},
	{0xF51C, 2, {0x00, 0x10}},
	{0xF51E, 2, {0x03, 0xD0}},
	{0xF520, 2, {0x80, 0x80}},
	{0xF522, 2, {0x00, 0x00}},
	{0xF524, 2, {0x00, 0x00}},
	{0xF526, 2, {0x00, 0x00}},
	{0xF528, 2, {0x00, 0x00}},
	{0xF52A, 2, {0x00, 0x00}},
	{0xF52C, 2, {0x00, 0x00}},
	{0xF52E, 2, {0x00, 0x00}},
	{0xF530, 2, {0x00, 0x01}},
	{0xF532, 2, {0x00, 0x1F}},
	{0xF534, 2, {0x00, 0x01}},
	{0xF536, 2, {0x03, 0xDF}},
	{0xF538, 2, {0x80, 0x80}},
	{0xF53A, 2, {0x00, 0x00}},
	{0xF53C, 2, {0x00, 0x00}},
	{0xF53E, 2, {0x00, 0x00}},
	{0xF540, 2, {0x00, 0x00}},
	{0xF542, 2, {0x00, 0x00}},
	{0xF544, 2, {0x00, 0x00}},
	{0xF546, 2, {0x00, 0x00}},
	{0xF548, 2, {0x00, 0x01}},
	{0xF54A, 2, {0x00, 0x1F}},
	{0xF54C, 2, {0x00, 0x01}},
	{0xF54E, 2, {0x03, 0xDF}},
	{0xF550, 2, {0x80, 0x80}},
	{0xF552, 2, {0x00, 0x00}},
	{0xF554, 2, {0x00, 0x00}},
	{0xF556, 2, {0x00, 0x00}},
	{0xF558, 2, {0x00, 0x00}},
	{0xF55A, 2, {0x00, 0x00}},
	{0xF55C, 2, {0x00, 0x00}},
	{0xF55E, 2, {0x00, 0x00}},
	{0xF560, 2, {0x00, 0x01}},
	{0xF562, 2, {0x00, 0x1F}},
	{0xF564, 2, {0x00, 0x01}},
	{0xF566, 2, {0x03, 0xDF}},
	{0xF568, 2, {0x80, 0x80}},
	{0xF56A, 2, {0x00, 0x00}},
	{0xF56C, 2, {0x00, 0x00}},
	{0xF56E, 2, {0x00, 0x00}},
	{0xF570, 2, {0x00, 0x00}},
	{0xF572, 2, {0x00, 0x00}},
	{0xF574, 2, {0x00, 0x00}},
	{0xF576, 2, {0x00, 0x00}},
	{0xF578, 2, {0x00, 0x20}},
	{0xF57A, 2, {0x03, 0xE0}},
	{0xF57C, 2, {0x80, 0x80}},
	{0xF57E, 2, {0x00, 0x00}},
	{0xF580, 2, {0x00, 0x00}},
	{0xF582, 2, {0x00, 0x00}},
	{0xF584, 2, {0x00, 0x00}},
	{0xF586, 2, {0x00, 0x00}},
	{0xF588, 2, {0x00, 0x00}},
	{0xF58A, 2, {0x00, 0x00}},
	{0xF58C, 2, {0x00, 0x00}},
	{0xF58E, 2, {0x00, 0x00}},
	{0xF590, 2, {0x00, 0x00}},
	{0xF592, 2, {0x00, 0x00}},
	{0xF594, 2, {0x00, 0x00}},
	{0xF596, 2, {0x00, 0x00}},
	{0xF598, 2, {0x00, 0x00}},
	{0xF59A, 2, {0x00, 0x00}},
	{0xF59C, 2, {0x00, 0x00}},
	{0xF59E, 2, {0x00, 0x00}},
	{0xF5A0, 2, {0x00, 0x00}},
	{0xF5A2, 2, {0x00, 0x00}},
	{0xF5A4, 2, {0x00, 0x00}},
	{0xF5A6, 2, {0x00, 0x00}},
	{0xF5A8, 2, {0x00, 0x00}},
	{0xF5AA, 2, {0x00, 0x00}},
	{0xF5AC, 2, {0x00, 0x00}},
	{0xF5AE, 2, {0x00, 0x00}},
	{0xF5B0, 2, {0x00, 0x00}},
	{0xF5B2, 2, {0x00, 0x00}},
	{0xF5B4, 2, {0x00, 0x00}},
	{0xF5B6, 2, {0x00, 0x00}},
	{0xF5B8, 2, {0x00, 0x00}},
	{0xF5BA, 2, {0x00, 0x00}},
	{0xF5BC, 2, {0x00, 0x00}},
	{0xF5BE, 2, {0x00, 0x00}},
	{0xF5C0, 2, {0x00, 0x00}},
	{0xF5C2, 2, {0x00, 0x00}},
	{0xF5C4, 2, {0x00, 0x00}},
	{0xF5C6, 2, {0x00, 0x00}},
	{0xF5C8, 2, {0x00, 0x00}},
	{0xF5CA, 2, {0x00, 0x00}},
	{0xF5CC, 2, {0x00, 0x00}},
	{0xF5CE, 2, {0x00, 0x00}},
	{0xF5D0, 2, {0x00, 0x00}},
	{0xF5D2, 2, {0x00, 0x00}},
	{0xF5D4, 2, {0x00, 0x00}},
	{0xF5D6, 2, {0x00, 0x00}},
	{0xF5D8, 2, {0x00, 0x00}},
	{0xF5DA, 2, {0x00, 0x00}},
	{0xF5DC, 2, {0x00, 0x00}},
	{0xF5DE, 2, {0x00, 0x00}},
	{0xF5E0, 2, {0x00, 0x00}},
	{0xF5E2, 2, {0x00, 0x00}},
	{0xF5E4, 2, {0x00, 0x00}},
	{0xF5E6, 2, {0x00, 0x00}},
	{0xF5E8, 2, {0x00, 0x00}},
	{0xF5EA, 2, {0x00, 0x00}},
	{0xF5EC, 2, {0x00, 0x00}},
	{0xF5EE, 2, {0x00, 0x00}},
	{0xF5F0, 2, {0x00, 0x00}},
	{0xF5F2, 2, {0x00, 0x00}},
	{0xF5F4, 2, {0x00, 0x00}},
	{0xF5F6, 2, {0x00, 0x00}},
	{0xF5F8, 2, {0x00, 0x00}},
	{0xF5FA, 2, {0x00, 0x00}},
	{0xF5FC, 2, {0x00, 0x00}},
	{0xF5FE, 2, {0x00, 0x00}},
	{0xF600, 2, {0x00, 0x00}},
	{0xF602, 2, {0x00, 0x00}},
	{0xF604, 2, {0x00, 0x00}},
	{0xF606, 2, {0x00, 0x00}},
	{0xF608, 2, {0x00, 0x00}},
	{0xF60A, 2, {0x00, 0x00}},
	{0xF60C, 2, {0x00, 0x00}},
	{0xF60E, 2, {0x00, 0x00}},
	{0xF610, 2, {0x00, 0x00}},
	{0xF612, 2, {0x00, 0x00}},
	{0xF614, 2, {0x00, 0x00}},
	{0xF616, 2, {0x00, 0x00}},
	{0xF618, 2, {0x00, 0x00}},
	{0xF61A, 2, {0x00, 0x00}},
	{0xF61C, 2, {0x00, 0x00}},
	{0xF61E, 2, {0x00, 0x00}},
	{0xF620, 2, {0x00, 0x00}},
	{0xF622, 2, {0x00, 0x00}},
	{0xF624, 2, {0x00, 0x00}},
	{0xF626, 2, {0x00, 0x00}},
	{0xF628, 2, {0x00, 0x00}},
	{0xF62A, 2, {0x00, 0x00}},
	{0xF62C, 2, {0x00, 0x00}},
	{0xF62E, 2, {0x00, 0x00}},
	{0xF630, 2, {0x00, 0x00}},
	{0xF632, 2, {0x00, 0x00}},
	{0xF634, 2, {0x00, 0x00}},
	{0xF636, 2, {0x00, 0x00}},
	{0xF638, 2, {0x00, 0x00}},
	{0xF63A, 2, {0x00, 0x00}},
	{0xF63C, 2, {0x00, 0x00}},
	{0xF63E, 2, {0x00, 0x00}},
	{0xF640, 2, {0x00, 0x00}},
	{0xF642, 2, {0x00, 0x00}},
	{0xF644, 2, {0x00, 0x00}},
	{0xF646, 2, {0x00, 0x00}},
	{0xF648, 2, {0x00, 0x00}},
	{0xF64A, 2, {0x00, 0x00}},
	{0xF64C, 2, {0x00, 0x00}},
	{0xF64E, 2, {0x00, 0x00}},
	{0xF650, 2, {0x00, 0x00}},
	{0xF652, 2, {0x00, 0x00}},
	{0xF654, 2, {0x00, 0x00}},
	{0xF656, 2, {0x00, 0x00}},
	{0xF658, 2, {0x00, 0x00}},
	{0xF65A, 2, {0x00, 0x00}},
	{0xF65C, 2, {0x00, 0x00}},
	{0xF65E, 2, {0x00, 0x00}},
	{0xF660, 2, {0x00, 0x00}},
	{0xF662, 2, {0x00, 0x00}},
	{0xF664, 2, {0x00, 0x00}},
	{0xF666, 2, {0x00, 0x00}},
	{0xF668, 2, {0x00, 0x00}},
	{0xF66A, 2, {0x00, 0x00}},
	{0xF66C, 2, {0x00, 0x00}},
	{0xF66E, 2, {0x00, 0x00}},
	{0xF670, 2, {0x00, 0x00}},
	{0xF672, 2, {0x00, 0x00}},
	{0xF674, 2, {0x00, 0x00}},
	{0xF676, 2, {0x00, 0x00}},
	{0xF678, 2, {0x00, 0x00}},
	{0xF67A, 2, {0x00, 0x00}},
	{0xF67C, 2, {0x00, 0x00}},
	{0xF67E, 2, {0x00, 0x00}},
	{0xF680, 2, {0x00, 0x01}},
	{0xF682, 2, {0x00, 0x1F}},
	{0xF684, 2, {0x00, 0x10}},
	{0xF686, 2, {0x00, 0xD0}},
	{0xF688, 2, {0x00, 0x01}},
	{0xF68A, 2, {0x00, 0x1F}},
	{0xF68C, 2, {0x00, 0x10}},
	{0xF68E, 2, {0x02, 0xD0}},
	{0xF690, 2, {0x80, 0x80}},
	{0xF692, 2, {0x00, 0x00}},
	{0xF694, 2, {0x00, 0x00}},
	{0xF696, 2, {0x00, 0x00}},
	{0xF698, 2, {0x15, 0x14}},
	{0xF69A, 2, {0x15, 0x15}},
	{0xF69C, 2, {0x15, 0x15}},
	{0xF69E, 2, {0x15, 0x15}},
	{0xF6A0, 2, {0x15, 0x15}},
	{0xF6A2, 2, {0x00, 0x00}},
	{0xF6A4, 2, {0x00, 0x00}},
	{0xF6A6, 2, {0x00, 0x00}},
	{0xF6A8, 2, {0x00, 0x00}},
	{0xF6AA, 2, {0x00, 0x00}},
	{0xF6AC, 2, {0x00, 0x15}},
	{0xF6AE, 2, {0x00, 0x00}},
	{0xF6B0, 2, {0x19, 0x1A}},
	{0xF6B2, 2, {0x19, 0x19}},
	{0xF6B4, 2, {0x19, 0x19}},
	{0xF6B6, 2, {0x19, 0x19}},
	{0xF6B8, 2, {0x19, 0x19}},
	{0xF6BA, 2, {0x00, 0x00}},
	{0xF6BC, 2, {0x00, 0x00}},
	{0xF6BE, 2, {0x00, 0x00}},
	{0xF6C0, 2, {0x00, 0x00}},
	{0xF6C2, 2, {0x00, 0x00}},
	{0xF6C4, 2, {0x00, 0x19}},
	{0xF6C6, 2, {0x00, 0x00}},
	{0xF6C8, 2, {0x00, 0x30}},
	{0xF6CA, 2, {0x00, 0x00}},
	{0xF6CC, 2, {0xF6, 0xD0}},
	{0xF6CE, 2, {0x00, 0x00}},
	{0xF6D0, 2, {0x00, 0x03}},
	{0xF6D2, 2, {0x00, 0x10}},
	{0xF6D4, 2, {0x00, 0x03}},
	{0xF6D6, 2, {0x11, 0x10}},
	{0xF6D8, 2, {0x00, 0x0C}},
	{0xF6DA, 2, {0x00, 0x10}},
	{0xF6DC, 2, {0x00, 0x0C}},
	{0xF6DE, 2, {0x11, 0x10}},
	{0xF6E0, 2, {0x00, 0x30}},
	{0xF6E2, 2, {0x00, 0x10}},
	{0xF6E4, 2, {0x00, 0x30}},
	{0xF6E6, 2, {0x11, 0x10}},
	{0xF6E8, 2, {0x00, 0xC0}},
	{0xF6EA, 2, {0x00, 0x10}},
	{0xF6EC, 2, {0x00, 0xC0}},
	{0xF6EE, 2, {0x11, 0x10}},
	{0xF6F0, 2, {0x00, 0x05}},
	{0xF6F2, 2, {0x00, 0x10}},
	{0xF6F4, 2, {0x00, 0x05}},
	{0xF6F6, 2, {0x11, 0x10}},
	{0xF6F8, 2, {0x00, 0x50}},
	{0xF6FA, 2, {0x00, 0x10}},
	{0xF6FC, 2, {0x00, 0x50}},
	{0xF6FE, 2, {0x11, 0x10}},
	{0xF700, 2, {0x00, 0x0A}},
	{0xF702, 2, {0x00, 0x10}},
	{0xF704, 2, {0x00, 0x0A}},
	{0xF706, 2, {0x11, 0x10}},
	{0xF708, 2, {0x00, 0xA0}},
	{0xF70A, 2, {0x00, 0x10}},
	{0xF70C, 2, {0x00, 0xA0}},
	{0xF70E, 2, {0x11, 0x10}},
	{0xF710, 2, {0x00, 0x11}},
	{0xF712, 2, {0x00, 0x10}},
	{0xF714, 2, {0x00, 0x11}},
	{0xF716, 2, {0x11, 0x10}},
	{0xF718, 2, {0x00, 0x22}},
	{0xF71A, 2, {0x00, 0x10}},
	{0xF71C, 2, {0x00, 0x22}},
	{0xF71E, 2, {0x11, 0x10}},
	{0xF720, 2, {0x00, 0x44}},
	{0xF722, 2, {0x00, 0x10}},
	{0xF724, 2, {0x00, 0x44}},
	{0xF726, 2, {0x11, 0x10}},
	{0xF728, 2, {0x00, 0x88}},
	{0xF72A, 2, {0x00, 0x10}},
	{0xF72C, 2, {0x00, 0x88}},
	{0xF72E, 2, {0x11, 0x10}},
	{0xF730, 2, {0x00, 0x03}},
	{0xF732, 2, {0x00, 0x10}},
	{0xF734, 2, {0x00, 0x03}},
	{0xF736, 2, {0x11, 0x10}},
	{0xF738, 2, {0x00, 0x0C}},
	{0xF73A, 2, {0x00, 0x10}},
	{0xF73C, 2, {0x00, 0x0C}},
	{0xF73E, 2, {0x11, 0x10}},
	{0xF740, 2, {0x00, 0x30}},
	{0xF742, 2, {0x00, 0x10}},
	{0xF744, 2, {0x00, 0x30}},
	{0xF746, 2, {0x11, 0x10}},
	{0xF748, 2, {0x00, 0xC0}},
	{0xF74A, 2, {0x00, 0x10}},
	{0xF74C, 2, {0x00, 0xC0}},
	{0xF74E, 2, {0x11, 0x10}},
	{0xF750, 2, {0x00, 0x05}},
	{0xF752, 2, {0x00, 0x10}},
	{0xF754, 2, {0x00, 0x05}},
	{0xF756, 2, {0x11, 0x10}},
	{0xF758, 2, {0x00, 0x50}},
	{0xF75A, 2, {0x00, 0x10}},
	{0xF75C, 2, {0x00, 0x50}},
	{0xF75E, 2, {0x11, 0x10}},
	{0xF760, 2, {0x00, 0x0A}},
	{0xF762, 2, {0x00, 0x10}},
	{0xF764, 2, {0x00, 0x0A}},
	{0xF766, 2, {0x11, 0x10}},
	{0xF768, 2, {0x00, 0xA0}},
	{0xF76A, 2, {0x00, 0x10}},
	{0xF76C, 2, {0x00, 0xA0}},
	{0xF76E, 2, {0x11, 0x10}},
	{0xF770, 2, {0x00, 0x11}},
	{0xF772, 2, {0x00, 0x10}},
	{0xF774, 2, {0x00, 0x11}},
	{0xF776, 2, {0x11, 0x10}},
	{0xF778, 2, {0x00, 0x22}},
	{0xF77A, 2, {0x00, 0x10}},
	{0xF77C, 2, {0x00, 0x22}},
	{0xF77E, 2, {0x11, 0x10}},
	{0xF780, 2, {0x00, 0x44}},
	{0xF782, 2, {0x00, 0x10}},
	{0xF784, 2, {0x00, 0x44}},
	{0xF786, 2, {0x11, 0x10}},
	{0xF788, 2, {0x00, 0x88}},
	{0xF78A, 2, {0x00, 0x10}},
	{0xF78C, 2, {0x00, 0x88}},
	{0xF78E, 2, {0x11, 0x10}},
	{0x0206, 2, {0x03, 0x3C}},	
	{0x020C, 2, {0x13, 0x5F}},	
	{0x0210, 2, {0x13, 0x6F}},	
	{0x0224, 2, {0x00, 0x05}},	
	{0x0226, 2, {0x00, 0x12}},	
	{0x0238, 2, {0x00, 0x19}},	
	{0x023A, 2, {0x00, 0x29}},	
	{0x0318, 2, {0x00, 0x4D}},	
	{0x0348, 2, {0x12, 0xC6}},	
	{0x034A, 2, {0x03, 0x23}},	
	{0x035A, 2, {0x00, 0x20}},	
	{0x0376, 2, {0x08, 0x40}},	
	{0x03A0, 2, {0x03, 0x3C}},	
	{0x03A4, 2, {0x02, 0x00}},	
	{0x03A6, 2, {0x02, 0x00}},	
	{0x03A8, 2, {0x02, 0x00}},	
	{0x03AA, 2, {0x02, 0x00}},	
	{0x03AC, 2, {0x02, 0x00}},	
	{0x03AE, 2, {0x02, 0x00}},	
	{0x03B0, 2, {0x02, 0x00}},	
	{0x03B2, 2, {0x02, 0x00}},	
	{0x03B4, 2, {0x00, 0x40}},	
	{0x03B8, 2, {0xB8, 0x60}},	
	{0x03BA, 2, {0xA0, 0x40}},	
	{0x03EC, 2, {0x82, 0xA0}},	
	{0x03EE, 2, {0x00, 0x4A}},	
	{0x03F0, 2, {0x03, 0x40}},	
	{0x03F2, 2, {0x02, 0xED}},	
	{0x0402, 2, {0x50, 0x86}},	
	{0x0404, 2, {0x10, 0x00}},	
	{0x0406, 2, {0x01, 0x01}},	
	{0x0408, 2, {0x01, 0x01}},	
	{0x0414, 2, {0xB1, 0xE4}},	
	{0x0426, 2, {0x00, 0x22}},	
	{0x0428, 2, {0x00, 0x0C}},	
	{0x042A, 2, {0x02, 0x10}},	
	{0x0448, 2, {0x0E, 0x77}},	
	{0x044C, 2, {0x00, 0x1C}},	
	{0x044E, 2, {0x00, 0x52}},	
	{0x046A, 2, {0x00, 0x04}},	
	{0x0472, 2, {0x01, 0x00}},	
	{0x0D00, 2, {0x00, 0x00}},	
	{0x0D2C, 2, {0x60, 0x08}},	
	{0x0D2E, 2, {0x00, 0x01}},	
	{0x0D30, 2, {0x00, 0x02}},	
	{0x0500, 2, {0x99, 0x01}},	
	{0x050C, 2, {0x13, 0x6F}},	
	{0x0510, 2, {0x13, 0x5F}},	
	{0x062C, 2, {0x00, 0xFF}},	
	{0x3618, 2, {0x00, 0x90}},	
	{0x3620, 2, {0x00, 0x4A}},	
	{0x3622, 2, {0x00, 0x72}},	
	{0x3500, 2, {0x55, 0x58}},	
	{0x350C, 2, {0x0A, 0x0A}},	
	{0x350E, 2, {0x0A, 0x0A}},	
	{0x5394, 2, {0xE8, 0x00}},	
	{0x5396, 2, {0xD8, 0xE8}},	
	{0x5398, 2, {0x00, 0xD8}},	
	{0x53B0, 2, {0x01, 0x1D}},	
	{0x53C8, 2, {0x03, 0x96}},	
	{0x1410, 2, {0x00, 0x01}},	
	{0x0B04, 2, {0x1B, 0x38}},
	{0x0B06, 2, {0x05, 0x3D}},	
	{0x0B0E, 2, {0x02, 0x02}},	
	{0x0B1C, 2, {0x20, 0x40}},	
	{0x0B20, 2, {0x10, 0x04}},//0x1000	
	{0x0B32, 2, {0xFF, 0xFF}},	
	{0x0B3C, 2, {0x00, 0x01}},	
	{0x1E2E, 2, {0x02, 0x02}},	
	{0x1702, 2, {0x61, 0x1C}},	
	{0x150C, 2, {0x41, 0x00}},	
	{0x1510, 2, {0x04, 0x70}},	
	{0x1512, 2, {0x00, 0x54}},	
	{0x1520, 2, {0x01, 0x00}},	
	{0x101A, 2, {0x00, 0x49}},	
	{0x101C, 2, {0x8A, 0xCF}},	
	{0x1030, 2, {0x1F, 0x01}},	
	{0x1042, 2, {0x10, 0x0C}},	
	{0x104E, 2, {0x00, 0x06}},	
	{0x105A, 2, {0x01, 0x88}},	
	{0x105C, 2, {0x33, 0xFA}},	
	{0x105E, 2, {0x10, 0x00}},	
	{0x1062, 2, {0x01, 0x00}},	
	{0x107A, 2, {0x00, 0x80}},	
	{0x1084, 2, {0x00, 0x80}},	
	{0x10C4, 2, {0x60, 0x00}},	
	{0x10C6, 2, {0x06, 0x79}},	
	{0x10D4, 2, {0x82, 0x40}},	
	{0x10D6, 2, {0x00, 0x49}},	
	{0x10D8, 2, {0x01, 0x16}},	
	{0x0A08, 2, {0xA8, 0x89}},	
	{0x0A0A, 2, {0x8A, 0xAA}},	
	{0x0A0C, 2, {0xF0, 0x5D}},	
	{0x0A10, 2, {0x60, 0x70}},	
	{0x0A18, 2, {0x03, 0x50}},	
	{0x0A24, 2, {0x00, 0xE4}},	
	{0x0A28, 2, {0xC5, 0x07}},	
	{0x0A2A, 2, {0xC5, 0x07}},	
	{0x0726, 2, {0x08, 0x00}},	
	{0x0736, 2, {0x00, 0xBA}},	
	{0x073C, 2, {0x05, 0x01}},	
	{0x0742, 2, {0x01, 0x00}},	
	{0x0746, 2, {0x01, 0x32}},	
	{0x074E, 2, {0x03, 0x03}},	
	{0x0766, 2, {0x00, 0x7D}},	
	{0x076C, 2, {0x01, 0x00}},	
	{0x0792, 2, {0x00, 0xBA}},	
	{0x0796, 2, {0x05, 0x01}},	
	{0x0798, 2, {0x01, 0x32}},	
	{0x079E, 2, {0x03, 0x03}},	
	{0x07A0, 2, {0x00, 0x7D}},	
	{0x07A6, 2, {0x01, 0x00}},	
	{0x07A8, 2, {0x00, 0x01}},	
	{0x1320, 2, {0x46, 0x17}},	
	{0x1326, 2, {0x01, 0xF5}},	
	{0x132C, 2, {0xD8, 0x96}},	
	{0x1330, 2, {0x00, 0x02}},	
	{0x136C, 2, {0x01, 0x5E}},	
	{0x1374, 2, {0x0D, 0x81}},	
	{0x1376, 2, {0x00, 0x14}},	
	{0x1200, 2, {0x01, 0x40}},	
	{0x1206, 2, {0x08, 0x50}},	
	{0x120C, 2, {0x00, 0x20}},	
	{0x120E, 2, {0x18, 0xB4}},	
	{0x1210, 2, {0x00, 0x50}},	
	{0x1212, 2, {0xD2, 0x00}},	
	{0x122A, 2, {0x00, 0x78}},	
	{0x3B16, 2, {0x40, 0x0A}},	
	{0x3B18, 2, {0x02, 0x60}},	
	{0x4700, 2, {0x3F, 0x74}},	
	{0x4718, 2, {0x23, 0xBF}},	
	{0x471A, 2, {0x40, 0x0F}},	
	{0x4002, 2, {0x00, 0x00}},	
	{0x4010, 2, {0x08, 0x00}},	
	{0x4016, 2, {0x05, 0x56}},	
	{0x1C00, 2, {0x07, 0x11}},	
	{0x1600, 2, {0x00, 0x02}},	
	{0x160A, 2, {0x00, 0x10}},	
	{0x160C, 2, {0x10, 0x00}},	
	{0x160E, 2, {0x00, 0x04}},	
	{0x1614, 2, {0x00, 0x01}},	
	{0x1616, 2, {0x00, 0x00}},	
	{0x1618, 2, {0x00, 0x00}},	
	{0x4502, 2, {0x00, 0x06}},	
	{0x4504, 2, {0x00, 0x47}},	
	{0x450C, 2, {0x00, 0x00}},	
	{0x455A, 2, {0x00, 0x46}},	
	{0x45A4, 2, {0x01, 0xC0}},	
	{0x45A6, 2, {0x03, 0x80}},	
	{0x45A8, 2, {0x00, 0x41}},	
	{0x45F2, 2, {0x00, 0x46}},	
	{0x2700, 2, {0x06, 0xBD}},	
	{0x2702, 2, {0x01, 0x00}},	
	{0x2710, 2, {0x00, 0x54}},	
	{0x2712, 2, {0x00, 0xB8}},	
	{0x2800, 2, {0x66, 0x66}},	
	{0x0286, 2, {0x00, 0x02}},	
	{0x027E, 2, {0x01, 0x00}},                                                                                                                                                                    
	//[SENSOR_RES_MOD]
	//DISP_WIDTH = 4096
	//DISP_HEIGHT = 3072
	//DISP_NOTE = "Q2SUM_12P5M_PD2_LR_VC_DYN_DCG"
	//MIPI_SPEED = 2448.00
	//MIPI_LANE = 4
	//DISP_DATAORDER = GR
	//SENSOR_FPS = 30.10
	//AG_MAX = 64.0
	////////////////////////////////////////////
	// VT CLK: 124.00MHz
	// Line length: 828
	// Frame length: 4975
	// Frame rate: 30.10
	// ISP CLK: 125.00MHz
	// V-Blank: 12707.13us
	// Output bitwidth: 10 bits
	// PD output bitwidth: 10 bits
	////////////////////////////////////////////
	//BEGIN
	//I2C_BYTE = 0x22
	{0x0204, 2, {0x44, 0x28}},	
	{0x024C, 2, {0x00, 0x21}},	
	{0x024E, 2, {0x06, 0x2E}},	
	{0x0280, 2, {0x01, 0x21}},	
	{0x0282, 2, {0x01, 0x01}},	
	{0x03C0, 2, {0x00, 0x00}},	
	{0x03C2, 2, {0x00, 0x00}},	
	{0x0476, 2, {0x00, 0xFF}},	
	{0x0478, 2, {0x00, 0x00}},	
	{0x0486, 2, {0x00, 0x01}},	
	{0x0508, 2, {0x01, 0x8A}},	
	{0x051C, 2, {0x02, 0x0B}},	
	{0x0530, 2, {0x03, 0x0C}},	
	{0x0544, 2, {0x04, 0x0D}},	
	{0x3600, 2, {0x04, 0x22}},	
	{0x0F00, 2, {0x00, 0x00}},	
	{0x0F04, 2, {0x00, 0x10}},	
	{0x0F06, 2, {0x00, 0x10}},	
	{0x0F08, 2, {0x00, 0x11}},	
	{0x0F0A, 2, {0x22, 0x33}},	
	{0x0F0C, 2, {0x44, 0x55}},	
	{0x0F0E, 2, {0x66, 0x77}},	
	{0x0F10, 2, {0x88, 0x99}},	
	{0x0F12, 2, {0xAA, 0xBB}},	
	{0x0F14, 2, {0xCC, 0xDD}},	
	{0x0F16, 2, {0xEE, 0xFF}},	
	{0x0B1E, 2, {0x18, 0x40}},	
	{0x0B22, 2, {0x0C, 0x04}},//C00	
	{0x1E0A, 2, {0x81, 0x20}},	
	{0x1E10, 2, {0x00, 0x00}},	
	{0x1500, 2, {0x22, 0x20}},	
	{0x1502, 2, {0x00, 0x3D}},	
	{0x1506, 2, {0x00, 0x00}},	
	{0x1508, 2, {0x00, 0xE0}},	
	{0x150A, 2, {0x00, 0xE0}},	
	{0x1000, 2, {0x03, 0xC0}},	
	{0x1002, 2, {0xC3, 0x11}},	
	{0x1004, 2, {0x2B, 0xAB}},	
	{0x1020, 2, {0xC1, 0x09}},	
	{0x1022, 2, {0x0A, 0x2A}},	
	{0x1024, 2, {0x02, 0x0A}},	
	{0x1026, 2, {0x10, 0x0F}},	
	{0x1028, 2, {0x12, 0x0E}},	
	{0x102A, 2, {0x11, 0x04}},	
	{0x102C, 2, {0x00, 0x1A}},	
	{0x102E, 2, {0x08, 0x08}},	
	{0x1086, 2, {0x00, 0x41}},	
	{0x1088, 2, {0x10, 0x82}},	
	{0x10B8, 2, {0x18, 0xC0}},	
	{0x10BC, 2, {0x2B, 0x2B}},	
	{0x10CA, 2, {0x20, 0x42}},	
	{0x10CE, 2, {0x0C, 0x00}},	
	{0x10E0, 2, {0x84, 0x11}},	
	{0x10E2, 2, {0x00, 0x00}},	
	{0x10E4, 2, {0x1C, 0x00}},	
	{0x10E6, 2, {0x03, 0x00}},	
	{0x10E8, 2, {0x00, 0x00}},	
	{0x10EA, 2, {0x05, 0x29}},	
	{0x10EC, 2, {0x55, 0x18}},	
	{0x10EE, 2, {0x55, 0x00}},	
	{0x10F0, 2, {0x01, 0x00}},	
	{0x10F2, 2, {0x00, 0x00}},	
	{0x10F4, 2, {0x05, 0x55}},	
	{0x10F6, 2, {0x55, 0xB4}},	
	{0x10F8, 2, {0xB0, 0x00}},	
	{0x10FA, 2, {0x00, 0x00}},	
	{0x0A12, 2, {0x00, 0x02}},	
	{0x121A, 2, {0x04, 0x00}},	
	{0x12A0, 2, {0x00, 0x00}},	
	{0x4012, 2, {0x06, 0x1D}},	
	{0x401A, 2, {0x08, 0x1E}},	
	{0x1610, 2, {0x03, 0x00}},	
	{0x1D02, 2, {0x03, 0x07}},	
	{0x0A10, 2, {0xA4, 0x60}},	
	{0x0628, 2, {0x02, 0x00}},	
	{0x8250, 2, {0x01, 0x86}},	
	{0x8252, 2, {0x01, 0x9B}},	
	{0x8254, 2, {0x01, 0xB1}},	
	{0x8256, 2, {0x01, 0xC8}},	
	{0x8258, 2, {0x01, 0xE1}},	
	{0x825A, 2, {0x01, 0xFC}},	
	{0x825C, 2, {0x03, 0x00}},	
	{0x825E, 2, {0x03, 0xC8}},	
	{0x8260, 2, {0x03, 0xD0}},	
	{0x8262, 2, {0x02, 0x80}},	
	{0x8264, 2, {0x06, 0x80}},	
	{0x8266, 2, {0x06, 0x80}},	
	{0x8268, 2, {0x00, 0x00}},	
	{0x826A, 2, {0x00, 0x0D}},	
	{0x826C, 2, {0x00, 0x13}},	
	{0x826E, 2, {0xFF, 0xEB}},	
	{0x8270, 2, {0x00, 0x00}},	
	{0x8272, 2, {0x00, 0x00}},	
	{0x8274, 2, {0x00, 0x10}},	
	{0x8276, 2, {0x17, 0x34}},	
	{0x8278, 2, {0x36, 0x24}},	
	{0x827A, 2, {0x60, 0xAE}},	
	{0x827C, 2, {0x74, 0x04}},	
	{0x827E, 2, {0x9A, 0xB0}},	
	{0x8280, 2, {0x0E, 0x00}},	
	{0x8282, 2, {0x08, 0x00}},	
	{0x8284, 2, {0x08, 0x00}},	
	{0x8286, 2, {0x08, 0x00}},	
	{0x8288, 2, {0x08, 0x00}},	
	{0x828A, 2, {0x08, 0x00}},	
	{0x828C, 2, {0x00, 0x00}},	
	{0x828E, 2, {0x00, 0x00}},	
	{0x8290, 2, {0x00, 0x00}},	
	{0x8292, 2, {0x00, 0x00}},	
	{0x8294, 2, {0x00, 0x00}},	
	{0x8296, 2, {0x00, 0x00}},	
	{0x8298, 2, {0x00, 0x00}},	
	{0x829A, 2, {0x00, 0x70}},	
	{0x829C, 2, {0x00, 0xF0}},	
	{0x829E, 2, {0x01, 0xF0}},	
	{0x82A0, 2, {0x02, 0xF0}},	
	{0x82A2, 2, {0x03, 0xF0}},	
	{0x82A4, 2, {0x08, 0x00}},	
	{0x82A6, 2, {0x08, 0x00}},	
	{0x82A8, 2, {0x08, 0x00}},	
	{0x82AA, 2, {0x08, 0x00}},	
	{0x82AC, 2, {0x08, 0x00}},	
	{0x82AE, 2, {0x08, 0x00}},	
	{0x82B0, 2, {0xFF, 0xC9}},	
	{0x82B2, 2, {0xFF, 0x81}},	
	{0x82B4, 2, {0xFF, 0x2C}},	
	{0x82B6, 2, {0xFE, 0x96}},	
	{0x82B8, 2, {0xFD, 0x96}},	
	{0x82BA, 2, {0xFC, 0xC4}},	
	{0x82BC, 2, {0x01, 0x86}},	
	{0x82BE, 2, {0x01, 0x9B}},	
	{0x82C0, 2, {0x01, 0xB1}},	
	{0x82C2, 2, {0x01, 0xC8}},	
	{0x82C4, 2, {0x01, 0xE1}},	
	{0x82C6, 2, {0x01, 0xFC}},	
	{0x82C8, 2, {0x03, 0x00}},	
	{0x82CA, 2, {0x03, 0xB0}},	
	{0x82CC, 2, {0x03, 0xB0}},	
	{0x82CE, 2, {0x02, 0x80}},	
	{0x82D0, 2, {0x06, 0x80}},	
	{0x82D2, 2, {0x06, 0x80}},	
	{0x82D4, 2, {0x00, 0x00}},	
	{0x82D6, 2, {0x00, 0x3A}},	
	{0x82D8, 2, {0x00, 0x21}},	
	{0x82DA, 2, {0xFF, 0xC8}},	
	{0x82DC, 2, {0x00, 0x00}},	
	{0x82DE, 2, {0x00, 0x00}},	
	{0x82E0, 2, {0x00, 0x10}},	
	{0x82E2, 2, {0x17, 0x34}},	
	{0x82E4, 2, {0x36, 0x24}},	
	{0x82E6, 2, {0x60, 0xAE}},	
	{0x82E8, 2, {0x74, 0x04}},	
	{0x82EA, 2, {0x9A, 0xB0}},	
	{0x82EC, 2, {0x0E, 0x00}},	
	{0x82EE, 2, {0x08, 0x00}},	
	{0x82F0, 2, {0x08, 0x00}},	
	{0x82F2, 2, {0x08, 0x00}},	
	{0x82F4, 2, {0x08, 0x00}},	
	{0x82F6, 2, {0x08, 0x00}},	
	{0x82F8, 2, {0x00, 0x00}},	
	{0x82FA, 2, {0x00, 0x00}},	
	{0x82FC, 2, {0x00, 0x00}},	
	{0x82FE, 2, {0x00, 0x00}},	
	{0x8300, 2, {0x00, 0x00}},	
	{0x8302, 2, {0x00, 0x00}},	
	{0x8304, 2, {0x00, 0x00}},	
	{0x8306, 2, {0x00, 0x70}},	
	{0x8308, 2, {0x00, 0xF0}},	
	{0x830A, 2, {0x01, 0xF0}},	
	{0x830C, 2, {0x02, 0xF0}},	
	{0x830E, 2, {0x03, 0xF0}},	
	{0x8310, 2, {0x08, 0x00}},	
	{0x8312, 2, {0x08, 0x00}},	
	{0x8314, 2, {0x08, 0x00}},	
	{0x8316, 2, {0x08, 0x00}},	
	{0x8318, 2, {0x08, 0x00}},	
	{0x831A, 2, {0x08, 0x00}},	
	{0x831C, 2, {0xFF, 0xC9}},	
	{0x831E, 2, {0xFF, 0x89}},	
	{0x8320, 2, {0xFF, 0x3A}},	
	{0x8322, 2, {0xFE, 0x90}},	
	{0x8324, 2, {0xFD, 0xB5}},	
	{0x8326, 2, {0xFC, 0xC6}},	
	{0x8328, 2, {0x01, 0x86}},	
	{0x832A, 2, {0x01, 0x9B}},	
	{0x832C, 2, {0x01, 0xB1}},	
	{0x832E, 2, {0x01, 0xC8}},	
	{0x8330, 2, {0x01, 0xE1}},	
	{0x8332, 2, {0x01, 0xFC}},	
	{0x8334, 2, {0x03, 0x00}},	
	{0x8336, 2, {0x03, 0xC8}},	
	{0x8338, 2, {0x03, 0xE0}},	
	{0x833A, 2, {0x03, 0x00}},	
	{0x833C, 2, {0x07, 0x80}},	
	{0x833E, 2, {0x07, 0x80}},	
	{0x8340, 2, {0x00, 0x00}},	
	{0x8342, 2, {0x00, 0x36}},	
	{0x8344, 2, {0x00, 0x17}},	
	{0x8346, 2, {0xFF, 0xD7}},	
	{0x8348, 2, {0x00, 0x00}},	
	{0x834A, 2, {0x00, 0x00}},	
	{0x834C, 2, {0x00, 0x10}},	
	{0x834E, 2, {0x17, 0x34}},	
	{0x8350, 2, {0x36, 0x24}},	
	{0x8352, 2, {0x60, 0xAE}},	
	{0x8354, 2, {0x74, 0x04}},	
	{0x8356, 2, {0x9A, 0xB0}},	
	{0x8358, 2, {0x0C, 0x00}},	
	{0x835A, 2, {0x08, 0x00}},	
	{0x835C, 2, {0x08, 0x00}},	
	{0x835E, 2, {0x08, 0x00}},	
	{0x8360, 2, {0x08, 0x00}},	
	{0x8362, 2, {0x08, 0x00}},	
	{0x8364, 2, {0x00, 0x00}},	
	{0x8366, 2, {0x00, 0x00}},	
	{0x8368, 2, {0x00, 0x00}},	
	{0x836A, 2, {0x00, 0x00}},	
	{0x836C, 2, {0x00, 0x00}},	
	{0x836E, 2, {0x00, 0x00}},	
	{0x8370, 2, {0x00, 0x00}},	
	{0x8372, 2, {0x00, 0x70}},	
	{0x8374, 2, {0x00, 0xF0}},	
	{0x8376, 2, {0x01, 0xF0}},	
	{0x8378, 2, {0x02, 0xF0}},	
	{0x837A, 2, {0x03, 0xF0}},	
	{0x837C, 2, {0x08, 0x00}},	
	{0x837E, 2, {0x08, 0x00}},	
	{0x8380, 2, {0x08, 0x00}},	
	{0x8382, 2, {0x08, 0x00}},	
	{0x8384, 2, {0x08, 0x00}},	
	{0x8386, 2, {0x08, 0x00}},	
	{0x8388, 2, {0xFF, 0xBF}},	
	{0x838A, 2, {0xFF, 0x7F}},	
	{0x838C, 2, {0xFE, 0xEF}},	
	{0x838E, 2, {0xFE, 0x1A}},	
	{0x8390, 2, {0xFD, 0x3E}},	
	{0x8392, 2, {0xFC, 0x92}},	
	{0x8394, 2, {0x01, 0x86}},	
	{0x8396, 2, {0x01, 0x9B}},	
	{0x8398, 2, {0x01, 0xB1}},	
	{0x839A, 2, {0x01, 0xC8}},	
	{0x839C, 2, {0x01, 0xE1}},	
	{0x839E, 2, {0x01, 0xFC}},	
	{0x83A0, 2, {0x03, 0x00}},	
	{0x83A2, 2, {0x03, 0xC0}},	
	{0x83A4, 2, {0x03, 0xE0}},	
	{0x83A6, 2, {0x03, 0x00}},	
	{0x83A8, 2, {0x07, 0x80}},	
	{0x83AA, 2, {0x07, 0x80}},	
	{0x83AC, 2, {0x00, 0x00}},	
	{0x83AE, 2, {0x00, 0x53}},	
	{0x83B0, 2, {0xFF, 0xF6}},	
	{0x83B2, 2, {0xFF, 0xDF}},	
	{0x83B4, 2, {0xFF, 0x49}},	
	{0x83B6, 2, {0x00, 0x00}},	
	{0x83B8, 2, {0x00, 0x10}},	
	{0x83BA, 2, {0x17, 0x34}},	
	{0x83BC, 2, {0x36, 0x24}},	
	{0x83BE, 2, {0x60, 0xAE}},	
	{0x83C0, 2, {0x74, 0x04}},	
	{0x83C2, 2, {0x9A, 0xB0}},	
	{0x83C4, 2, {0x0C, 0x00}},	
	{0x83C6, 2, {0x08, 0x00}},	
	{0x83C8, 2, {0x08, 0x00}},	
	{0x83CA, 2, {0x08, 0x00}},	
	{0x83CC, 2, {0x08, 0x00}},	
	{0x83CE, 2, {0x08, 0x00}},	
	{0x83D0, 2, {0x00, 0x00}},	
	{0x83D2, 2, {0x00, 0x00}},	
	{0x83D4, 2, {0x00, 0x00}},	
	{0x83D6, 2, {0x00, 0x00}},	
	{0x83D8, 2, {0x00, 0x00}},	
	{0x83DA, 2, {0x00, 0x00}},	
	{0x83DC, 2, {0x00, 0x00}},	
	{0x83DE, 2, {0x00, 0x70}},	
	{0x83E0, 2, {0x00, 0xF0}},	
	{0x83E2, 2, {0x01, 0xF0}},	
	{0x83E4, 2, {0x02, 0xF0}},	
	{0x83E6, 2, {0x03, 0xF0}},	
	{0x83E8, 2, {0x08, 0x00}},	
	{0x83EA, 2, {0x08, 0x00}},	
	{0x83EC, 2, {0x08, 0x00}},	
	{0x83EE, 2, {0x08, 0x00}},	
	{0x83F0, 2, {0x08, 0x00}},	
	{0x83F2, 2, {0x08, 0x00}},	
	{0x83F4, 2, {0xFF, 0xC0}},	
	{0x83F6, 2, {0xFF, 0x7C}},	
	{0x83F8, 2, {0xFE, 0xD2}},	
	{0x83FA, 2, {0xFE, 0x02}},	
	{0x83FC, 2, {0xFD, 0x30}},	
	{0x83FE, 2, {0xFC, 0x6E}},	
	{0x8400, 2, {0x08, 0x00}},	
	{0x8402, 2, {0x00, 0x00}},	
	{0x8404, 2, {0x00, 0x00}},	
	{0x8406, 2, {0x00, 0x00}},	
	{0x2B00, 2, {0x00, 0x43}},	
	{0x2B02, 2, {0x00, 0x45}},	
	{0x2B04, 2, {0x00, 0x4E}},	
	{0x2B06, 2, {0x00, 0x59}},	
	{0x2B08, 2, {0x00, 0x94}},	
	{0x2B0A, 2, {0x01, 0x0E}},	
	{0x2B0C, 2, {0x02, 0x5A}},	
	{0x2B0E, 2, {0x07, 0xFF}},	
	{0x2B18, 2, {0x00, 0x43}},	
	{0x2B1A, 2, {0x00, 0x45}},	
	{0x2B1C, 2, {0x00, 0x4E}},	
	{0x2B1E, 2, {0x00, 0x59}},	
	{0x2B20, 2, {0x00, 0x94}},	
	{0x2B22, 2, {0x01, 0x0E}},	
	{0x2B24, 2, {0x02, 0x5A}},	
	{0x2B26, 2, {0x07, 0xFF}},	
	{0x2B30, 2, {0x00, 0x43}},	
	{0x2B32, 2, {0x00, 0x48}},	
	{0x2B34, 2, {0x00, 0x51}},	
	{0x2B36, 2, {0x00, 0x52}},	
	{0x2B38, 2, {0x00, 0x92}},	
	{0x2B3A, 2, {0x00, 0xBA}},	
	{0x2B3C, 2, {0x02, 0x50}},	
	{0x2B3E, 2, {0x07, 0xFF}},	
	{0x2B48, 2, {0x00, 0x43}},	
	{0x2B4A, 2, {0x00, 0x44}},	
	{0x2B4C, 2, {0x00, 0x46}},	
	{0x2B4E, 2, {0x00, 0x5D}},	
	{0x2B50, 2, {0x00, 0xA0}},	
	{0x2B52, 2, {0x01, 0x1A}},	
	{0x2B54, 2, {0x02, 0x31}},	
	{0x2B56, 2, {0x07, 0xFF}},	
	{0x1900, 2, {0x00, 0x26}},	
	{0x1902, 2, {0x00, 0x00}},	
	{0x1904, 2, {0x00, 0x98}},	
	{0x1906, 2, {0x00, 0x00}},	
	{0x1908, 2, {0x00, 0x09}},	
	{0x190A, 2, {0x00, 0x00}},	
	{0x190C, 2, {0x20, 0x41}},	
	{0x190E, 2, {0x00, 0x00}},	
	{0x1910, 2, {0x00, 0x1F}},	
	{0x1912, 2, {0x00, 0x00}},	
	{0x1914, 2, {0x00, 0x3D}},	
	{0x1916, 2, {0x00, 0x00}},	
	{0x1918, 2, {0x00, 0x87}},	
	{0x191A, 2, {0x00, 0x00}},	
	{0x1A00, 2, {0x00, 0x26}},	
	{0x1A02, 2, {0x00, 0x00}},	
	{0x1A04, 2, {0x00, 0x98}},	
	{0x1A06, 2, {0x00, 0x00}},	
	{0x1A08, 2, {0x00, 0x09}},	
	{0x1A0A, 2, {0x00, 0x00}},	
	{0x1A0C, 2, {0x20, 0x41}},	
	{0x1A0E, 2, {0x00, 0x00}},	
	{0x1A10, 2, {0x00, 0x1F}},	
	{0x1A12, 2, {0x00, 0x00}},	
	{0x1A14, 2, {0x00, 0x3D}},	
	{0x1A16, 2, {0x00, 0x00}},	
	{0x1A18, 2, {0x00, 0x87}},	
	{0x1A1A, 2, {0x00, 0x00}},	
	{0x2900, 2, {0x20, 0x22}},	
	{0x2902, 2, {0x00, 0x00}},	
	{0x2904, 2, {0x00, 0x2B}},	
	{0x2906, 2, {0x00, 0x00}},	
	{0x2908, 2, {0x20, 0x40}},	
	{0x290A, 2, {0x00, 0x00}},	
	{0x290C, 2, {0x20, 0x06}},	
	{0x290E, 2, {0x00, 0x00}},	
	{0x2910, 2, {0x00, 0x0B}},	
	{0x2912, 2, {0x00, 0x00}},	
	{0x2914, 2, {0x00, 0x48}},	
	{0x2916, 2, {0x00, 0x00}},	
	{0x2918, 2, {0x00, 0x7C}},	
	{0x291A, 2, {0x00, 0x00}},	
	{0x2A00, 2, {0x20, 0x74}},	
	{0x2A02, 2, {0x00, 0x00}},	
	{0x2A04, 2, {0x00, 0x09}},	
	{0x2A06, 2, {0x00, 0x00}},	
	{0x2A08, 2, {0x00, 0x48}},	
	{0x2A0A, 2, {0x00, 0x00}},	
	{0x2A0C, 2, {0x20, 0x14}},	
	{0x2A0E, 2, {0x00, 0x00}},	
	{0x2A10, 2, {0x00, 0x25}},	
	{0x2A12, 2, {0x00, 0x00}},	
	{0x2A14, 2, {0x00, 0x2F}},	
	{0x2A16, 2, {0x00, 0x00}},	
	{0x2A18, 2, {0x00, 0x46}},	
	{0x2A1A, 2, {0x00, 0x00}},	
	{0x192C, 2, {0x01, 0xBC}},	
	{0x192E, 2, {0x00, 0x02}},	
	{0x1930, 2, {0x03, 0xFD}},	
	{0x1932, 2, {0x00, 0x02}},	
	{0x1934, 2, {0x03, 0xC8}},	
	{0x1936, 2, {0x00, 0x00}},	
	{0x1938, 2, {0x0B, 0x14}},	
	{0x193A, 2, {0x00, 0x00}},	
	{0x193C, 2, {0x14, 0x9E}},	
	{0x193E, 2, {0x00, 0x02}},	
	{0x1940, 2, {0x2C, 0x95}},	
	{0x1942, 2, {0x00, 0x02}},	
	{0x1944, 2, {0xC7, 0x15}},	
	{0x1946, 2, {0x00, 0x02}},	
	{0x1A2C, 2, {0x01, 0xBC}},	
	{0x1A2E, 2, {0x00, 0x02}},	
	{0x1A30, 2, {0x03, 0xFD}},	
	{0x1A32, 2, {0x00, 0x02}},	
	{0x1A34, 2, {0x03, 0xC8}},	
	{0x1A36, 2, {0x00, 0x00}},	
	{0x1A38, 2, {0x0B, 0x14}},	
	{0x1A3A, 2, {0x00, 0x00}},	
	{0x1A3C, 2, {0x14, 0x9E}},	
	{0x1A3E, 2, {0x00, 0x02}},	
	{0x1A40, 2, {0x2C, 0x95}},	
	{0x1A42, 2, {0x00, 0x02}},	
	{0x1A44, 2, {0xC7, 0x15}},	
	{0x1A46, 2, {0x00, 0x02}},	
	{0x292C, 2, {0x00, 0x5B}},	
	{0x292E, 2, {0x00, 0x02}},	
	{0x2930, 2, {0x02, 0xC6}},	
	{0x2932, 2, {0x00, 0x02}},	
	{0x2934, 2, {0x04, 0x64}},	
	{0x2936, 2, {0x00, 0x00}},	
	{0x2938, 2, {0x00, 0x3F}},	
	{0x293A, 2, {0x00, 0x00}},	
	{0x293C, 2, {0x05, 0x42}},	
	{0x293E, 2, {0x00, 0x02}},	
	{0x2940, 2, {0x22, 0x70}},	
	{0x2942, 2, {0x00, 0x02}},	
	{0x2944, 2, {0x8D, 0xC9}},	
	{0x2946, 2, {0x00, 0x02}},	
	{0x2A2C, 2, {0x00, 0xA2}},	
	{0x2A2E, 2, {0x00, 0x00}},	
	{0x2A30, 2, {0x01, 0x3F}},	
	{0x2A32, 2, {0x00, 0x02}},	
	{0x2A34, 2, {0x02, 0xCA}},	
	{0x2A36, 2, {0x00, 0x02}},	
	{0x2A38, 2, {0x07, 0xBD}},	
	{0x2A3A, 2, {0x00, 0x00}},	
	{0x2A3C, 2, {0x0D, 0xE2}},	
	{0x2A3E, 2, {0x00, 0x02}},	
	{0x2A40, 2, {0x16, 0x52}},	
	{0x2A42, 2, {0x00, 0x02}},	
	{0x2A44, 2, {0x44, 0x21}},	
	{0x2A46, 2, {0x00, 0x02}},	
	{0x8150, 2, {0x01, 0xFD}},	
	{0x8152, 2, {0x01, 0xFC}},	
	{0x8154, 2, {0x01, 0xFC}},	
	{0x8156, 2, {0x01, 0xFC}},	
	{0x8158, 2, {0x01, 0xFB}},	
	{0x815A, 2, {0x01, 0xFB}},	
	{0x815C, 2, {0x01, 0xFB}},	
	{0x815E, 2, {0x01, 0xFA}},	
	{0x8160, 2, {0x01, 0xFB}},	
	{0x8162, 2, {0x01, 0xFB}},	
	{0x8164, 2, {0x01, 0xFA}},	
	{0x8166, 2, {0x01, 0xFA}},	
	{0x8168, 2, {0x01, 0xFA}},	
	{0x816A, 2, {0x01, 0xFA}},	
	{0x816C, 2, {0x01, 0xFA}},	
	{0x816E, 2, {0x01, 0xFA}},	
	{0x8170, 2, {0x01, 0xFA}},	
	{0x8172, 2, {0x01, 0xFA}},	
	{0x8174, 2, {0x01, 0xFA}},	
	{0x8176, 2, {0x01, 0xFA}},	
	{0x8178, 2, {0x01, 0xFA}},	
	{0x817A, 2, {0x01, 0xFA}},	
	{0x817C, 2, {0x01, 0xFA}},	
	{0x817E, 2, {0x01, 0xF9}},	
	{0x8180, 2, {0x01, 0xFA}},	
	{0x8182, 2, {0x01, 0xFA}},	
	{0x8184, 2, {0x01, 0xFA}},	
	{0x8186, 2, {0x01, 0xF9}},	
	{0x8188, 2, {0x01, 0xF9}},	
	{0x818A, 2, {0x01, 0xF9}},	
	{0x818C, 2, {0x01, 0xF9}},	
	{0x818E, 2, {0x01, 0xF9}},	
	{0x8190, 2, {0x01, 0xFD}},	
	{0x8192, 2, {0x01, 0xFC}},	
	{0x8194, 2, {0x01, 0xFC}},	
	{0x8196, 2, {0x01, 0xFC}},	
	{0x8198, 2, {0x01, 0xFB}},	
	{0x819A, 2, {0x01, 0xFB}},	
	{0x819C, 2, {0x01, 0xFB}},	
	{0x819E, 2, {0x01, 0xFA}},	
	{0x81A0, 2, {0x01, 0xFB}},	
	{0x81A2, 2, {0x01, 0xFB}},	
	{0x81A4, 2, {0x01, 0xFA}},	
	{0x81A6, 2, {0x01, 0xFA}},	
	{0x81A8, 2, {0x01, 0xFA}},	
	{0x81AA, 2, {0x01, 0xFA}},	
	{0x81AC, 2, {0x01, 0xFA}},	
	{0x81AE, 2, {0x01, 0xFA}},	
	{0x81B0, 2, {0x01, 0xFA}},	
	{0x81B2, 2, {0x01, 0xFA}},	
	{0x81B4, 2, {0x01, 0xFA}},	
	{0x81B6, 2, {0x01, 0xFA}},	
	{0x81B8, 2, {0x01, 0xFA}},	
	{0x81BA, 2, {0x01, 0xFA}},	
	{0x81BC, 2, {0x01, 0xFA}},	
	{0x81BE, 2, {0x01, 0xF9}},	
	{0x81C0, 2, {0x01, 0xFA}},	
	{0x81C2, 2, {0x01, 0xFA}},	
	{0x81C4, 2, {0x01, 0xFA}},	
	{0x81C6, 2, {0x01, 0xF9}},	
	{0x81C8, 2, {0x01, 0xF9}},	
	{0x81CA, 2, {0x01, 0xF9}},	
	{0x81CC, 2, {0x01, 0xF9}},	
	{0x81CE, 2, {0x01, 0xF9}},	
	{0x81D0, 2, {0x02, 0x00}},	
	{0x81D2, 2, {0x01, 0xFE}},	
	{0x81D4, 2, {0x01, 0xFE}},	
	{0x81D6, 2, {0x01, 0xFE}},	
	{0x81D8, 2, {0x01, 0xFE}},	
	{0x81DA, 2, {0x01, 0xFE}},	
	{0x81DC, 2, {0x01, 0xFE}},	
	{0x81DE, 2, {0x01, 0xFF}},	
	{0x81E0, 2, {0x01, 0xFF}},	
	{0x81E2, 2, {0x01, 0xFE}},	
	{0x81E4, 2, {0x01, 0xFE}},	
	{0x81E6, 2, {0x01, 0xFE}},	
	{0x81E8, 2, {0x01, 0xFE}},	
	{0x81EA, 2, {0x01, 0xFE}},	
	{0x81EC, 2, {0x01, 0xFE}},	
	{0x81EE, 2, {0x01, 0xFE}},	
	{0x81F0, 2, {0x01, 0xFD}},	
	{0x81F2, 2, {0x01, 0xFD}},	
	{0x81F4, 2, {0x01, 0xFD}},	
	{0x81F6, 2, {0x01, 0xFE}},	
	{0x81F8, 2, {0x01, 0xFE}},	
	{0x81FA, 2, {0x01, 0xFE}},	
	{0x81FC, 2, {0x01, 0xFE}},	
	{0x81FE, 2, {0x01, 0xFE}},	
	{0x8200, 2, {0x01, 0xFE}},	
	{0x8202, 2, {0x01, 0xFE}},	
	{0x8204, 2, {0x01, 0xFE}},	
	{0x8206, 2, {0x01, 0xFE}},	
	{0x8208, 2, {0x01, 0xFE}},	
	{0x820A, 2, {0x01, 0xFF}},	
	{0x820C, 2, {0x01, 0xFF}},	
	{0x820E, 2, {0x01, 0xFF}},	
	{0x8210, 2, {0x02, 0x04}},	
	{0x8212, 2, {0x02, 0x06}},	
	{0x8214, 2, {0x02, 0x06}},	
	{0x8216, 2, {0x02, 0x08}},	
	{0x8218, 2, {0x02, 0x09}},	
	{0x821A, 2, {0x02, 0x09}},	
	{0x821C, 2, {0x02, 0x0B}},	
	{0x821E, 2, {0x02, 0x0B}},	
	{0x8220, 2, {0x02, 0x0B}},	
	{0x8222, 2, {0x02, 0x0B}},	
	{0x8224, 2, {0x02, 0x0C}},	
	{0x8226, 2, {0x02, 0x0C}},	
	{0x8228, 2, {0x02, 0x0C}},	
	{0x822A, 2, {0x02, 0x0C}},	
	{0x822C, 2, {0x02, 0x0C}},	
	{0x822E, 2, {0x02, 0x0C}},	
	{0x8230, 2, {0x02, 0x0C}},	
	{0x8232, 2, {0x02, 0x0C}},	
	{0x8234, 2, {0x02, 0x0C}},	
	{0x8236, 2, {0x02, 0x0D}},	
	{0x8238, 2, {0x02, 0x0D}},	
	{0x823A, 2, {0x02, 0x0D}},	
	{0x823C, 2, {0x02, 0x0D}},	
	{0x823E, 2, {0x02, 0x0D}},	
	{0x8240, 2, {0x02, 0x0D}},	
	{0x8242, 2, {0x02, 0x0D}},	
	{0x8244, 2, {0x02, 0x0D}},	
	{0x8246, 2, {0x02, 0x0D}},	
	{0x8248, 2, {0x02, 0x0E}},	
	{0x824A, 2, {0x02, 0x0E}},	
	{0x824C, 2, {0x02, 0x0E}},	
	{0x824E, 2, {0x02, 0x0E}},	
	{0x2700, 2, {0x06, 0xBD}},	
	{0x2702, 2, {0x01, 0x00}},	
	{0x2714, 2, {0x00, 0x14}},	
	{0x2716, 2, {0x01, 0xF4}},	
	{0x2718, 2, {0x04, 0x4C}},	
	{0x271A, 2, {0x05, 0x78}},	
	{0x2800, 2, {0x66, 0x66}},	
	{0x2804, 2, {0x60, 0x87}},
	{SEN_CMD_SETVD, 2, {0x00, 0x0}},
	{SEN_CMD_PRESET, 2, {0x00, 0x0}},
	{SEN_CMD_DIRECTION, 2, {0x00, 0x0}},	
	{0x0B00, 2, {0x01, 0x00}},                                                                                                                                                                                                           
};

static UINT32 cur_sen_mode[CTL_SEN_ID_MAX] = {CTL_SEN_MODE_1, CTL_SEN_MODE_1, CTL_SEN_MODE_1, CTL_SEN_MODE_1, CTL_SEN_MODE_1, CTL_SEN_MODE_1, CTL_SEN_MODE_1, CTL_SEN_MODE_1};
static UINT32 cur_fps[CTL_SEN_ID_MAX] = {0};
static UINT32 chgmode_fps[CTL_SEN_ID_MAX] = {0};
static UINT32 power_ctrl_mclk[CTL_SEN_CLK_SEL_MAX] = {0};
static UINT32 reset_ctrl_count[CTL_SEN_ID_MAX] = {0};
static UINT32 pwdn_ctrl_count[CTL_SEN_ID_MAX] = {0};
static ISP_SENSOR_CTRL sensor_ctrl_last[CTL_SEN_ID_MAX] = {0};
static ISP_SENSOR_PRESET_CTRL preset_ctrl[CTL_SEN_ID_MAX] = {0};
static UINT32 compensation_ratio[CTL_SEN_ID_MAX][ISP_SEN_MFRAME_MAX_NUM] = {0};
static UINT32 first_rote_flag[CTL_SEN_ID_MAX] = {0};
static UINT32 start_x_ori[CTL_SEN_ID_MAX] = {0};
static UINT32 start_y_ori[CTL_SEN_ID_MAX] = {0};
static INT32 is_fastboot[CTL_SEN_ID_MAX];
static UINT32 fastboot_i2c_id[CTL_SEN_ID_MAX];
static UINT32 fastboot_i2c_addr[CTL_SEN_ID_MAX];
static BOOL i2c_valid[CTL_SEN_ID_MAX];

static CTL_SEN_DRV_TAB hi5011q_sen_drv_tab = {
	sen_open_hi5011q,
	sen_close_hi5011q,
	sen_sleep_hi5011q,
	sen_wakeup_hi5011q,
	sen_write_reg_hi5011q,
	sen_read_reg_hi5011q,
	sen_chg_mode_hi5011q,
	sen_chg_fps_hi5011q,
	sen_set_info_hi5011q,
	sen_get_info_hi5011q,
};

static CTL_SEN_DRV_TAB *sen_get_drv_tab_hi5011q(void)
{
	return &hi5011q_sen_drv_tab;
}

static void sen_pwr_ctrl_hi5011q(CTL_SEN_ID id, CTL_SEN_PWR_CTRL_FLAG flag, CTL_SEN_CLK_CB clk_cb)
{
	UINT32 i = 0;
	UINT32 reset_count = 0, pwdn_count = 0;
	DBG_IND("enter flag %d \r\n", flag);

	if ((flag == CTL_SEN_PWR_CTRL_TURN_ON) && ((!is_fastboot[id]) || (fastboot_i2c_id[id] != sen_i2c[id].id) || (fastboot_i2c_addr[id] != sen_i2c[id].addr))) {

		if (clk_cb != NULL) {
			if (sen_power[id].mclk != CTL_SEN_IGNORE) {
				if (sen_power[id].mclk == CTL_SEN_CLK_SEL_SIEMCLK) {
					power_ctrl_mclk[CTL_SEN_CLK_SEL_SIEMCLK] += 1;
				} else if (sen_power[id].mclk == CTL_SEN_CLK_SEL_SIEMCLK2) {
					power_ctrl_mclk[CTL_SEN_CLK_SEL_SIEMCLK2] += 1;
				} else if (sen_power[id].mclk == CTL_SEN_CLK_SEL_SIEMCLK3) {
					power_ctrl_mclk[CTL_SEN_CLK_SEL_SIEMCLK3] += 1;
				} else {
					power_ctrl_mclk[CTL_SEN_CLK_SEL_SIEMCLK4] += 1;
				}
				if (1 == (power_ctrl_mclk[sen_power[id].mclk])) {
					clk_cb(sen_power[id].mclk, TRUE);
				}
			}
		}

		if (sen_power[id].rst_pin != CTL_SEN_IGNORE) {
			vos_util_delay_ms(sen_power[id].stable_time);
			for ( i = 0; i < CTL_SEN_ID_MAX ; i++ ) {
				if ( reset_ctrl_count[i] == (sen_power[id].rst_pin)) {
					reset_count++;
				}
			}
			reset_ctrl_count[id] = (sen_power[id].rst_pin);

			if (!reset_count) {
				gpio_direction_output((sen_power[id].rst_pin), 0);
				gpio_set_value((sen_power[id].rst_pin), 0);
				vos_util_delay_ms(sen_power[id].rst_time);
				gpio_set_value((sen_power[id].rst_pin), 1);
				vos_util_delay_ms(sen_power[id].stable_time);
			}
		}
		
		if (sen_power[id].pwdn_pin != CTL_SEN_IGNORE) {
			for ( i = 0; i < CTL_SEN_ID_MAX ; i++ ) {
				if ( pwdn_ctrl_count[i] == (sen_power[id].pwdn_pin)) {
					pwdn_count++;
				}
			}
			pwdn_ctrl_count[id] = (sen_power[id].pwdn_pin);

			if (!pwdn_count) {
				gpio_direction_output((sen_power[id].pwdn_pin), 0);
				gpio_set_value((sen_power[id].pwdn_pin), 0);
				gpio_set_value((sen_power[id].pwdn_pin), 1);
			}
		}
	}

	if (flag == CTL_SEN_PWR_CTRL_TURN_OFF) {
		if (sen_power[id].rst_pin != CTL_SEN_IGNORE) {
			reset_ctrl_count[id] = 0;

			for ( i = 0; i < CTL_SEN_ID_MAX ; i++ ) {
				if ( reset_ctrl_count[i] == (sen_power[id].rst_pin)) {
					reset_count++;
				}
			}

			if (!reset_count) {
				gpio_direction_output((sen_power[id].rst_pin), 0);
				gpio_set_value((sen_power[id].rst_pin), 0);
				vos_util_delay_ms(sen_power[id].stable_time);
			}
		}
		
		if (clk_cb != NULL) {
			if (sen_power[id].mclk != CTL_SEN_IGNORE) {			
				if (sen_power[id].mclk == CTL_SEN_CLK_SEL_SIEMCLK) {
					power_ctrl_mclk[CTL_SEN_CLK_SEL_SIEMCLK] -= 1;
				} else if (sen_power[id].mclk == CTL_SEN_CLK_SEL_SIEMCLK2) {
					power_ctrl_mclk[CTL_SEN_CLK_SEL_SIEMCLK2] -= 1;
				} else if (sen_power[id].mclk == CTL_SEN_CLK_SEL_SIEMCLK3) {
					power_ctrl_mclk[CTL_SEN_CLK_SEL_SIEMCLK3] -= 1;
				} else {
					power_ctrl_mclk[CTL_SEN_CLK_SEL_SIEMCLK4] -= 1;
				}
				if (!power_ctrl_mclk[sen_power[id].mclk]) {
					clk_cb(sen_power[id].mclk, FALSE);
				}
			}
		}

		if (sen_power[id].pwdn_pin != CTL_SEN_IGNORE) {
			pwdn_ctrl_count[id] = 0;

			for ( i = 0; i < CTL_SEN_ID_MAX ; i++ ) {
				if ( pwdn_ctrl_count[i] == (sen_power[id].pwdn_pin)) {
					pwdn_count++;
				}
			}

			if (!pwdn_count) {
				gpio_direction_output((sen_power[id].pwdn_pin), 0);
				gpio_set_value((sen_power[id].pwdn_pin), 0);
			}
		}		
	}
}

static CTL_SEN_CMD sen_set_cmd_info_hi5011q(UINT32 addr, UINT32 data_length, UINT32 data0, UINT32 data1)
{
	CTL_SEN_CMD cmd;

	cmd.addr = addr;
	cmd.data_len = data_length;
	cmd.data[0] = data0;
	cmd.data[1] = data1;
	return cmd;
}

#if defined(__KERNEL__)
static void sen_load_cfg_from_compatible_hi5011q(struct device_node *of_node)
{
	DBG_DUMP("compatible valid, using peri-dev.dtsi \r\n");
	sen_common_load_cfg_preset_compatible(of_node, &sen_preset);
	sen_common_load_cfg_direction_compatible(of_node, &sen_direction);
	sen_common_load_cfg_power_compatible(of_node, &sen_power);
	sen_common_load_cfg_i2c_compatible(of_node, &sen_i2c);
}
#endif

static ER sen_open_hi5011q(CTL_SEN_ID id)
{
	ER rt = E_OK;

	#if defined(__KERNEL__)
	sen_i2c_reg_cb(sen_load_cfg_from_compatible_hi5011q);
	#endif

	preset_ctrl[id].mode = ISP_SENSOR_PRESET_DEFAULT;
	i2c_valid[id] = TRUE;
	if ((!is_fastboot[id]) || (fastboot_i2c_id[id] != sen_i2c[id].id) || (fastboot_i2c_addr[id] != sen_i2c[id].addr)) {
		rt = sen_i2c_init_driver(id, &sen_i2c[id]);

		if (rt != E_OK) {
			i2c_valid[id] = FALSE;

			DBG_ERR("init. i2c driver fail (%d) \r\n", id);
		}
	}

	return rt;
}

static ER sen_close_hi5011q(CTL_SEN_ID id)
{
	if ((!is_fastboot[id]) || (fastboot_i2c_id[id] != sen_i2c[id].id) || (fastboot_i2c_addr[id] != sen_i2c[id].addr)) {
		if (i2c_valid[id]) {
			sen_i2c_remove_driver(id);
		}
	} else {
		is_fastboot[id] = 0;
		#if defined(__KERNEL__)
		isp_builtin_uninit_i2c(id);
		#endif
	}

	i2c_valid[id] = FALSE;

	return E_OK;
}

static ER sen_sleep_hi5011q(CTL_SEN_ID id)
{
	DBG_IND("enter \r\n");
	return E_OK;
}

static ER sen_wakeup_hi5011q(CTL_SEN_ID id)
{
	DBG_IND("enter \r\n");
	return E_OK;
}

static ER sen_write_reg_hi5011q(CTL_SEN_ID id, CTL_SEN_CMD *cmd)
{
	struct i2c_msg msgs;
	unsigned char buf[4];
	int i;

	if (!i2c_valid[id]) {
		return E_NOSPT;
	}

	buf[0]     = (cmd->addr >> 8) & 0xFF;
	buf[1]     = cmd->addr & 0xFF;
	buf[2]     = cmd->data[0] & 0xFF;
	buf[3]     = cmd->data[1] & 0xFF;
	msgs.len   = 4;

	msgs.addr  = sen_i2c[id].addr;
	msgs.flags = 0;
	msgs.buf   = buf;

	if ((!is_fastboot[id]) || (fastboot_i2c_id[id] != sen_i2c[id].id) || (fastboot_i2c_addr[id] != sen_i2c[id].addr)) {
		i = 0;
		while(1){
			if (sen_i2c_transfer(id, &msgs, 1) == 0)
				break;
			i++;
			if (i == 5)
				return E_SYS;
		}
	} else {
		#if defined(__KERNEL__)
		isp_builtin_set_transfer_i2c(id, &msgs, 1);
		#endif
	}

	return E_OK;
}

static ER sen_read_reg_hi5011q(CTL_SEN_ID id, CTL_SEN_CMD *cmd)
{
	struct i2c_msg  msgs[2];
	unsigned char   tmp[2], tmp2[2];
	int i;

	if (!i2c_valid[id]) {
		return E_NOSPT;
	}

	tmp[0]        = (cmd->addr >> 8) & 0xFF;
	tmp[1]        = cmd->addr & 0xFF;
	msgs[0].addr  = sen_i2c[id].addr;
	msgs[0].flags = 0;
	msgs[0].len   = 2;
	msgs[0].buf   = tmp;

	tmp2[0]       = 0;
	tmp2[1]       = 0;
	msgs[1].addr  = sen_i2c[id].addr;
	msgs[1].flags = 1;
	msgs[1].len   = 2;
	msgs[1].buf   = tmp2;

	if ((!is_fastboot[id]) || (fastboot_i2c_id[id] != sen_i2c[id].id) || (fastboot_i2c_addr[id] != sen_i2c[id].addr)) {
		i = 0;
		while(1){
			if (sen_i2c_transfer(id, msgs, 2) == 0)
				break;
			i++;
			if (i == 5)
				return E_SYS;
		}
	} else {
		#if defined(__KERNEL__)
		isp_builtin_set_transfer_i2c(id, msgs, 2);
		#endif
	}

	cmd->data[0] =(tmp2[0] << 8);
	cmd->data[1] = tmp2[1];
	return E_OK;
}

static UINT32 sen_get_cmd_tab_hi5011q(CTL_SEN_MODE mode, CTL_SEN_CMD **cmd_tab)
{
	switch (mode) {
	case CTL_SEN_MODE_1:
		*cmd_tab = hi5011q_mode_1;
		return sizeof(hi5011q_mode_1) / sizeof(CTL_SEN_CMD);

	case CTL_SEN_MODE_2:
		*cmd_tab = hi5011q_mode_2;
		return sizeof(hi5011q_mode_2) / sizeof(CTL_SEN_CMD);
		
	default:
		DBG_ERR("sensor mode %d no cmd table\r\n", mode);
		*cmd_tab = NULL;
		return 0;
	}
}

static ER sen_chg_mode_hi5011q(CTL_SEN_ID id, CTL_SENDRV_CHGMODE_OBJ chgmode_obj)
{
	ISP_SENSOR_CTRL sensor_ctrl = {0};
	CTL_SEN_CMD *p_cmd_list = NULL, cmd;
	CTL_SEN_FLIP flip = CTL_SEN_FLIP_NONE;
	UINT32 sensor_vd;
	UINT32 idx, cmd_num = 0;
	ER rt = E_OK;
	
	if (cur_sen_mode[id] != chgmode_obj.mode) {
		gpio_direction_output((sen_power[id].rst_pin), 0);
		gpio_set_value((sen_power[id].rst_pin), 0);
		vos_util_delay_ms(sen_power[id].rst_time);
		gpio_set_value((sen_power[id].rst_pin), 1);
		vos_util_delay_ms(sen_power[id].stable_time);
	}

	cur_sen_mode[id] = chgmode_obj.mode;

	if (is_fastboot[id]) {
		#if defined(__KERNEL__)
		ISP_BUILTIN_SENSOR_CTRL *p_sensor_ctrl_temp;

		p_sensor_ctrl_temp = isp_builtin_get_sensor_gain(id);
		sensor_ctrl.gain_ratio[0] = p_sensor_ctrl_temp->gain_ratio[0];
		sensor_ctrl.gain_ratio[1] = p_sensor_ctrl_temp->gain_ratio[1];
		sensor_ctrl.gain_ratio[2] = p_sensor_ctrl_temp->gain_ratio[2];		
		p_sensor_ctrl_temp = isp_builtin_get_sensor_expt(id);
		sensor_ctrl.exp_time[0] = p_sensor_ctrl_temp->exp_time[0];
		sensor_ctrl.exp_time[1] = p_sensor_ctrl_temp->exp_time[1];
		sensor_ctrl.exp_time[2] = p_sensor_ctrl_temp->exp_time[2];		
		sen_set_chgmode_fps_hi5011q(id, isp_builtin_get_chgmode_fps(id));
		sen_set_cur_fps_hi5011q(id, isp_builtin_get_chgmode_fps(id));
		sen_set_gain_hi5011q(id, &sensor_ctrl);
		sen_set_expt_hi5011q(id, &sensor_ctrl);
		#endif
		preset_ctrl[id].mode = ISP_SENSOR_PRESET_CHGMODE;

		return E_OK;
	}

	// get & set sensor cmd table
	cmd_num = sen_get_cmd_tab_hi5011q(chgmode_obj.mode, &p_cmd_list);
	if (p_cmd_list == NULL) {
		DBG_ERR("%s: SenMode(%d) out of range!!! \r\n", __func__, chgmode_obj.mode);
		return E_SYS;
	}

	if (basic_param.property & CTL_SEN_SUPPORT_PROPERTY_CHGFPS) {
		sensor_vd = sen_calc_chgmode_vd_hi5011q(id, chgmode_obj.frame_rate);
	} else {
		DBG_WRN(" not support fps adjust \r\n");
		sen_set_cur_fps_hi5011q(id, mode_basic_param[cur_sen_mode[id]].dft_fps);
		sen_set_chgmode_fps_hi5011q(id, mode_basic_param[cur_sen_mode[id]].dft_fps);
		sensor_vd = mode_basic_param[cur_sen_mode[id]].signal_info.vd_period;
	}

	for (idx = 0; idx < cmd_num; idx++) {
		if (p_cmd_list[idx].addr == SEN_CMD_DELAY) {
			vos_util_delay_ms((p_cmd_list[idx].data[0] & 0xFF) | ((p_cmd_list[idx].data[1] & 0xFF) << 8));
		} else if (p_cmd_list[idx].addr == SEN_CMD_SETVD) {
			cmd = sen_set_cmd_info_hi5011q(0x050C, 2, ((sensor_vd >> 8) & 0xFF), sensor_vd & 0xFF);
			rt |= sen_write_reg_hi5011q(id, &cmd);
		} else if (p_cmd_list[idx].addr == SEN_CMD_PRESET) {
			switch (preset_ctrl[id].mode) {
				default:
				case ISP_SENSOR_PRESET_DEFAULT:
					sensor_ctrl.gain_ratio[0] = sen_preset[id].gain_ratio;
					sensor_ctrl.exp_time[0] = sen_preset[id].expt_time;
					if (mode_basic_param[cur_sen_mode[id]].mode_type == CTL_SEN_MODE_STAGGER_HDR) {
						if (mode_basic_param[cur_sen_mode[id]].frame_num == 2) {
							sensor_ctrl.exp_time[1] = sen_preset[id].expt_time >> 4;
							sensor_ctrl.gain_ratio[1] = sensor_ctrl.gain_ratio[0];
						}
					}
					break;

				case ISP_SENSOR_PRESET_CHGMODE:
					memcpy(&sensor_ctrl, &sensor_ctrl_last[id], sizeof(ISP_SENSOR_CTRL));
					break;

				case ISP_SENSOR_PRESET_AE:
					sensor_ctrl.exp_time[0] = preset_ctrl[id].exp_time[0];
					sensor_ctrl.exp_time[1] = preset_ctrl[id].exp_time[1];
					sensor_ctrl.gain_ratio[0] = preset_ctrl[id].gain_ratio[0];
					sensor_ctrl.gain_ratio[1] = preset_ctrl[id].gain_ratio[1];
				break;
			}

			sen_set_gain_hi5011q(id, &sensor_ctrl);
			sen_set_expt_hi5011q(id, &sensor_ctrl);
		} else if (p_cmd_list[idx].addr == SEN_CMD_DIRECTION) {
			first_rote_flag[id] = 0;			
			if (sen_direction[id].mirror) {
				flip |= CTL_SEN_FLIP_H;
			}
			if (sen_direction[id].flip) {
				flip |= CTL_SEN_FLIP_V;
			}
			sen_set_flip_hi5011q(id, &flip);
		} else {
			cmd = sen_set_cmd_info_hi5011q(p_cmd_list[idx].addr, p_cmd_list[idx].data_len, p_cmd_list[idx].data[0], p_cmd_list[idx].data[1]);
			rt |= sen_write_reg_hi5011q(id, &cmd);
		}
	}

	preset_ctrl[id].mode = ISP_SENSOR_PRESET_CHGMODE;

	if (rt != E_OK) {
		DBG_ERR("write register error %d \r\n", (INT)rt);
		return rt;
	}

	return E_OK;
}

static ER sen_chg_fps_hi5011q(CTL_SEN_ID id, UINT32 fps)
{
	CTL_SEN_CMD cmd;
	UINT32 sensor_vd;
	ER rt = E_OK;

	if (basic_param.property & CTL_SEN_SUPPORT_PROPERTY_CHGFPS) {
		sensor_vd = sen_calc_chgmode_vd_hi5011q(id, fps);
	} else {
		DBG_WRN(" not support fps adjust \r\n");
		sen_set_cur_fps_hi5011q(id, mode_basic_param[cur_sen_mode[id]].dft_fps);
		sen_set_chgmode_fps_hi5011q(id, mode_basic_param[cur_sen_mode[id]].dft_fps);
		sensor_vd = mode_basic_param[cur_sen_mode[id]].signal_info.vd_period;
	}

	cmd = sen_set_cmd_info_hi5011q(0x050C, 2, ((sensor_vd >> 8) & 0xFF), sensor_vd & 0xFF);
	rt |= sen_write_reg_hi5011q(id, &cmd);

	return rt;
}

static ER sen_set_info_hi5011q(CTL_SEN_ID id, CTL_SENDRV_CFGID drv_cfg_id, void *data)
{
	switch (drv_cfg_id) {
	case CTL_SENDRV_CFGID_SET_EXPT:
		sen_set_expt_hi5011q(id, data);
		break;
	case CTL_SENDRV_CFGID_SET_GAIN:
		sen_set_gain_hi5011q(id, data);
		break;
	case CTL_SENDRV_CFGID_FLIP_TYPE:
		sen_set_flip_hi5011q(id, (CTL_SEN_FLIP *)(data));
		break;
	case CTL_SENDRV_CFGID_USER_DEFINE1:
		sen_set_preset_hi5011q(id, (ISP_SENSOR_PRESET_CTRL *)(data));
		break;
	default:
		return E_NOSPT;
	}
	return E_OK;
}

static ER sen_get_info_hi5011q(CTL_SEN_ID id, CTL_SENDRV_CFGID drv_cfg_id, void *data)
{
	ER rt = E_OK;

	switch (drv_cfg_id) {
	case CTL_SENDRV_CFGID_GET_EXPT:
		sen_get_expt_hi5011q(id, data);
		break;
	case CTL_SENDRV_CFGID_GET_GAIN:
		sen_get_gain_hi5011q(id, data);
		break;
	case CTL_SENDRV_CFGID_GET_ATTR_BASIC:
		sen_get_attr_basic_hi5011q(id, (CTL_SENDRV_GET_ATTR_BASIC_PARAM *)(data));
		break;
	case CTL_SENDRV_CFGID_GET_ATTR_SIGNAL:
		sen_get_attr_signal_hi5011q((CTL_SENDRV_GET_ATTR_SIGNAL_PARAM *)(data));
		break;
	case CTL_SENDRV_CFGID_GET_ATTR_CMDIF:
		rt = sen_get_attr_cmdif_hi5011q(id, (CTL_SENDRV_GET_ATTR_CMDIF_PARAM *)(data));
		break;
	case CTL_SENDRV_CFGID_GET_ATTR_IF:
		rt = sen_get_attr_if_hi5011q((CTL_SENDRV_GET_ATTR_IF_PARAM *)(data));
		break;
	case CTL_SENDRV_CFGID_GET_FPS:
		sen_get_fps_hi5011q(id, (CTL_SENDRV_GET_FPS_PARAM *)(data));
		break;
	case CTL_SENDRV_CFGID_GET_SPEED:
		sen_get_speed_hi5011q(id, (CTL_SENDRV_GET_SPEED_PARAM *)(data));
		break;
	case CTL_SENDRV_CFGID_GET_MODE_BASIC:
		sen_get_mode_basic_hi5011q((CTL_SENDRV_GET_MODE_BASIC_PARAM *)(data));
		break;
	case CTL_SENDRV_CFGID_GET_MODE_MIPI:
		sen_get_mode_mipi_hi5011q((CTL_SENDRV_GET_MODE_MIPI_PARAM *)(data));
		break;
	case CTL_SENDRV_CFGID_GET_MODESEL:
		sen_get_modesel_hi5011q((CTL_SENDRV_GET_MODESEL_PARAM *)(data));
		break;
	case CTL_SENDRV_CFGID_GET_MODE_ROWTIME:
		sen_get_rowtime_hi5011q(id, (CTL_SENDRV_GET_MODE_ROWTIME_PARAM *)(data));
		break;
	case CTL_SENDRV_CFGID_FLIP_TYPE:
		rt = sen_get_flip_hi5011q(id, (CTL_SEN_FLIP *)(data));
		break;
	case CTL_SENDRV_CFGID_GET_MODE_MIPI_MFR_OUTSEL:
		sen_get_mipi_mfr_outsel_hi5011q(id, (CTL_SENDRV_MIPI_MFR_OUTSEL_PARAM *)(data));
		break;		
	case CTL_SENDRV_CFGID_GET_MODESEL2:
		sen_get_modesel2_hi5011q((CTL_SENDRV_GET_MODESEL2_PARAM *)(data));
		break;
	case CTL_SENDRV_CFGID_GET_MFR_VER:
		sen_get_mfr_ver_hi5011q((UINT32 *) (data));
		break;
	case CTL_SENDRV_CFGID_GET_MODE_MIPI_HSDATAOUT_DLY:
		sen_get_hs_dly_hi5011q(id, (CTL_SENDRV_GET_MODE_MIPI_HSDATAOUT_DLY *)(data));
		break;		
	case CTL_SENDRV_CFGID_USER_DEFINE2:
		sen_get_min_expt_hi5011q(id, data);
		break;
	default:
		rt = E_NOSPT;
	}
	return rt;
}

static UINT32 sen_calc_chgmode_vd_hi5011q(CTL_SEN_ID id, UINT32 fps)
{
	UINT32 sensor_vd;

	if (1 > fps) {
		DBG_ERR("sensor fps can not small than (%d),change to dft sensor fps (%d) \r\n", fps, mode_basic_param[cur_sen_mode[id]].dft_fps);	
		fps = mode_basic_param[cur_sen_mode[id]].dft_fps;
	}
	sensor_vd = (mode_basic_param[cur_sen_mode[id]].signal_info.vd_period) * (mode_basic_param[cur_sen_mode[id]].dft_fps) / fps;

	sen_set_chgmode_fps_hi5011q(id, fps);
	sen_set_cur_fps_hi5011q(id, fps);

	if (sensor_vd > MAX_VD_PERIOD) {
		DBG_ERR("sensor vd out of sensor driver range (%d) \r\n", sensor_vd);
		sensor_vd = MAX_VD_PERIOD;
		fps = (mode_basic_param[cur_sen_mode[id]].signal_info.vd_period) * (mode_basic_param[cur_sen_mode[id]].dft_fps) / sensor_vd;
		sen_set_chgmode_fps_hi5011q(id, fps);
		sen_set_cur_fps_hi5011q(id, fps);
	}

	if(sensor_vd < (mode_basic_param[cur_sen_mode[id]].signal_info.vd_period)) {
		DBG_ERR("sensor vd out of sensor driver range (%d) \r\n", sensor_vd);
		sensor_vd = mode_basic_param[cur_sen_mode[id]].signal_info.vd_period;
		sen_set_chgmode_fps_hi5011q(id, mode_basic_param[cur_sen_mode[id]].dft_fps);
		sen_set_cur_fps_hi5011q(id, mode_basic_param[cur_sen_mode[id]].dft_fps);
	}

	return sensor_vd;
}

static UINT32 sen_calc_exp_vd_hi5011q(CTL_SEN_ID id, UINT32 fps)
{
	UINT32 sensor_vd;

	if (1 > fps) {
		DBG_ERR("sensor fps can not small than (%d),change to dft sensor fps (%d) \r\n", fps, mode_basic_param[cur_sen_mode[id]].dft_fps);	
		fps = mode_basic_param[cur_sen_mode[id]].dft_fps;
	}
	sensor_vd = (mode_basic_param[cur_sen_mode[id]].signal_info.vd_period) * (mode_basic_param[cur_sen_mode[id]].dft_fps) / fps;

	if (sensor_vd > MAX_VD_PERIOD) {
		DBG_ERR("sensor vd out of sensor driver range (%d) \r\n", sensor_vd);
		sensor_vd = MAX_VD_PERIOD;
	
	}

	if(sensor_vd < (mode_basic_param[cur_sen_mode[id]].signal_info.vd_period)) {
		DBG_ERR("sensor vd out of sensor driver range (%d) \r\n", sensor_vd);
		sensor_vd = mode_basic_param[cur_sen_mode[id]].signal_info.vd_period;
	}

	return sensor_vd;
}

static void sen_set_gain_hi5011q(CTL_SEN_ID id, void *param)
{
	ISP_SENSOR_CTRL *sensor_ctrl = (ISP_SENSOR_CTRL *)param;
	UINT32 data1[ISP_SEN_MFRAME_MAX_NUM] = {0};
	UINT32 data2[ISP_SEN_MFRAME_MAX_NUM] = {0};
	UINT32 frame_cnt, total_frame;
	UINT32 temp_gain = 0, again_reg = 0, dgain_reg_h = 0, dgain_reg_l = 0;
	CTL_SEN_CMD cmd;
	ER rt = E_OK;

	sensor_ctrl_last[id].gain_ratio[0] = sensor_ctrl->gain_ratio[0];
	sensor_ctrl_last[id].gain_ratio[1] = sensor_ctrl->gain_ratio[1];

	// Calculate sensor gain
	if (mode_basic_param[cur_sen_mode[id]].frame_num == 0) {
		DBG_WRN("total_frame = 0, force to 1 \r\n");
		total_frame = 1;
	} else {
		total_frame = mode_basic_param[cur_sen_mode[id]].frame_num;
	}

	for (frame_cnt = 0; frame_cnt < total_frame; frame_cnt++) {
		if (100 <= (compensation_ratio[id][frame_cnt])) {
			sensor_ctrl->gain_ratio[frame_cnt] = (sensor_ctrl->gain_ratio[frame_cnt]) * (compensation_ratio[id][frame_cnt]) / 100;
		}
		if (sensor_ctrl->gain_ratio[frame_cnt] < (mode_basic_param[cur_sen_mode[id]].gain.min)) {
			sensor_ctrl->gain_ratio[frame_cnt] = (mode_basic_param[cur_sen_mode[id]].gain.min);
		} else if (sensor_ctrl->gain_ratio[frame_cnt] > (mode_basic_param[cur_sen_mode[id]].gain.max)) {
			sensor_ctrl->gain_ratio[frame_cnt] = (mode_basic_param[cur_sen_mode[id]].gain.max);			
		}
		
		temp_gain = sensor_ctrl->gain_ratio[frame_cnt];

		if (64000 >= temp_gain ) {
			again_reg = (temp_gain * 16 - 16000) / 1000;
			dgain_reg_h = 0x01;
			dgain_reg_l = 0x00;
		} else {
			again_reg = 0x3F0;
			dgain_reg_h = temp_gain * 1000 / 64000 / 1000;
			dgain_reg_l = ((temp_gain * 1000 / 64000) - (dgain_reg_h * 1000)) * 512 / 1000; 
		}
		
		data1[frame_cnt] = again_reg;	
		data2[frame_cnt] = (dgain_reg_h << 9) | dgain_reg_l;
	}

	// Write sensor gain					
	cmd = sen_set_cmd_info_hi5011q(0x050A, 2, ((data1[0] >> 8) & 0xFF), data1[0] & 0xFF);
	rt |= sen_write_reg_hi5011q(id, &cmd);

	cmd = sen_set_cmd_info_hi5011q(0x0514, 2, ((data2[0] >> 8) & 0xFF), data2[0] & 0xFF);
	rt |= sen_write_reg_hi5011q(id, &cmd);

	cmd = sen_set_cmd_info_hi5011q(0x0516, 2, ((data2[0] >> 8) & 0xFF), data2[0] & 0xFF);
	rt |= sen_write_reg_hi5011q(id, &cmd);

	cmd = sen_set_cmd_info_hi5011q(0x0518, 2, ((data2[0] >> 8) & 0xFF), data2[0] & 0xFF);
	rt |= sen_write_reg_hi5011q(id, &cmd);

	cmd = sen_set_cmd_info_hi5011q(0x051A, 2, ((data2[0] >> 8) & 0xFF), data2[0] & 0xFF);
	rt |= sen_write_reg_hi5011q(id, &cmd);

	if (rt != E_OK) {
		DBG_ERR("write register error %d \r\n", (INT)rt);
	}
}

static void sen_set_expt_hi5011q(CTL_SEN_ID id, void *param)
{
	ISP_SENSOR_CTRL *sensor_ctrl = (ISP_SENSOR_CTRL *)param;
	UINT32 line[ISP_SEN_MFRAME_MAX_NUM];
	UINT32 frame_cnt, total_frame;
	CTL_SEN_CMD cmd;
	UINT32 expt_time = 0, sensor_vd = 0, chgmode_fps = 0, cur_fps = 0, clac_fps = 0, t_row = 0;
	UINT32 temp_line[ISP_SEN_MFRAME_MAX_NUM] = {0};		
	ER rt = E_OK;

	sensor_ctrl_last[id].exp_time[0] = sensor_ctrl->exp_time[0];
	sensor_ctrl_last[id].exp_time[1] = sensor_ctrl->exp_time[1];

	if (mode_basic_param[cur_sen_mode[id]].frame_num == 0) {
		DBG_WRN("total_frame = 0, force to 1 \r\n");
		total_frame = 1;
	} else {
		total_frame = mode_basic_param[cur_sen_mode[id]].frame_num;
	}

	// Calculate exposure line
	for (frame_cnt = 0; frame_cnt < total_frame; frame_cnt++) {
		// Calculates the exposure setting
		t_row = sen_calc_rowtime_hi5011q(id, cur_sen_mode[id]);
		if (0 == t_row) {
			DBG_WRN("t_row  = 0, must >= 1 \r\n");
			t_row = 1;
		}
		line[frame_cnt] = (sensor_ctrl->exp_time[frame_cnt]) * 10 / t_row;

		// Limit minimun exposure line
		if (line[frame_cnt] < MIN_EXPOSURE_LINE) {
			line[frame_cnt] = MIN_EXPOSURE_LINE;
		}
	}

	// Write exposure line
	// Get fps
	chgmode_fps = sen_get_chgmode_fps_hi5011q(id);

	// Calculate exposure time
	t_row = sen_calc_rowtime_hi5011q(id, cur_sen_mode[id]);
	expt_time = (line[0]) * t_row / 10;
	temp_line[0] = line[0];

	// Calculate fps
	if (0 == expt_time) {
		DBG_WRN("expt_time  = 0, must >= 1 \r\n");
		expt_time = 1;
	}
	clac_fps = 100000000 / expt_time;

	cur_fps = (clac_fps < chgmode_fps) ? clac_fps : chgmode_fps;
	sen_set_cur_fps_hi5011q(id, cur_fps);

	// Calculate new vd
	sensor_vd = sen_calc_exp_vd_hi5011q(id, cur_fps);

	//Check max vts
	if (sensor_vd > MAX_VD_PERIOD) {
		DBG_ERR("max vts overflow\r\n");
		sensor_vd = MAX_VD_PERIOD;
	}

	// Set Vmax to sensor 
	cmd = sen_set_cmd_info_hi5011q(0x050C, 2, ((sensor_vd >> 8) & 0xFF), sensor_vd & 0xFF);
	rt |= sen_write_reg_hi5011q(id, &cmd);

	//Check max exp line reg
	if (line[0] > MAX_EXPOSURE_LINE) {
		DBG_ERR("max line overflow \r\n");
		line[0] = MAX_EXPOSURE_LINE;
	}
	
	if (line[0] > (sensor_vd - NON_EXPOSURE_LINE)) {
		line[0] = sensor_vd - NON_EXPOSURE_LINE;
	}
	compensation_ratio[id][0] = 100 * temp_line[0] / line[0];	

	// set exposure line to sensor
	cmd = sen_set_cmd_info_hi5011q(0x0512, 2, ((line[0] >> 24) & 0xFF), (line[0] >> 16) & 0xFF);	
	rt |= sen_write_reg_hi5011q(id, &cmd);
	cmd = sen_set_cmd_info_hi5011q(0x0510, 2, ((line[0] >> 8) & 0xFF), line[0] & 0xFF);
	rt |= sen_write_reg_hi5011q(id, &cmd);
	
	if (rt != E_OK) {
		DBG_ERR("write register error %d \r\n", (INT)rt);
	}
}

static void sen_set_preset_hi5011q(CTL_SEN_ID id, ISP_SENSOR_PRESET_CTRL *ctrl)
{
	memcpy(&preset_ctrl[id], ctrl, sizeof(ISP_SENSOR_PRESET_CTRL));
}

static void sen_set_flip_hi5011q(CTL_SEN_ID id, CTL_SEN_FLIP *flip)
{
	CTL_SEN_CMD cmd;
	UINT32 start_x = 0, start_y = 0, temp = 0;
	ER rt = E_OK;

	cmd = sen_set_cmd_info_hi5011q(0x0202, 2, 0x0, 0x0);
	rt |= sen_read_reg_hi5011q(id, &cmd);

	if (!first_rote_flag[id]) {
		cmd = sen_set_cmd_info_hi5011q(0x0F04, 2, 0x0, 0x0);
		rt |= sen_read_reg_hi5011q(id, &cmd);
		start_x_ori[id] = cmd.data[0] | cmd.data[1];
		cmd = sen_set_cmd_info_hi5011q(0x0F06, 2, 0x0, 0x0);
		rt |= sen_read_reg_hi5011q(id, &cmd);
		start_y_ori[id] =  cmd.data[0] | cmd.data[1];
		first_rote_flag[id] = 1;
	}

	if (basic_param.property & CTL_SEN_SUPPORT_PROPERTY_MIRROR) {
		if (*flip & CTL_SEN_FLIP_H) {
				cmd.data[0] |= 0x01;
				temp |= cmd.data[0];				
				start_x = start_x_ori[id] - 1;				
		} else {
				cmd.data[0] &= (~0x01);
				temp |= cmd.data[0];				
				start_x = start_x_ori[id];				
		}
	} else {
		DBG_WRN("no support mirror \r\n");
	}

	if (basic_param.property & CTL_SEN_SUPPORT_PROPERTY_FLIP) {
		if (*flip & CTL_SEN_FLIP_V) {
			cmd.data[0] |= 0x02;
			temp |= cmd.data[0];
			start_y = start_y_ori[id] - 1;			
		} else {
			cmd.data[0] &= (~0x02);
			temp |= cmd.data[0];
			start_y = start_y_ori[id];			
		}
	} else {
		DBG_WRN("no support flip \r\n");
	}
	
	cmd = sen_set_cmd_info_hi5011q(0x0F04, 2, (start_x >> 8) & 0xFF, start_x);
	rt |= sen_write_reg_hi5011q(id, &cmd);

	cmd = sen_set_cmd_info_hi5011q(0x0F06, 2, (start_y >> 8) & 0xFF, start_y);
	rt |= sen_write_reg_hi5011q(id, &cmd);

	cmd = sen_set_cmd_info_hi5011q(0x0202, 2, temp, 0x0);
	rt |= sen_write_reg_hi5011q(id, &cmd);	
	

	if (rt != E_OK) {
		DBG_ERR("write register error %d \r\n", (INT)rt);
	}
}

static ER sen_get_flip_hi5011q(CTL_SEN_ID id, CTL_SEN_FLIP *flip)
{
	CTL_SEN_CMD cmd;
	ER rt = E_OK;

	*flip = CTL_SEN_FLIP_NONE;
	cmd = sen_set_cmd_info_hi5011q(0x0202, 2, 0x0, 0x0);
	rt |= sen_read_reg_hi5011q(id, &cmd);
		
	if (basic_param.property & CTL_SEN_SUPPORT_PROPERTY_MIRROR) {
		if (cmd.data[0] & 0x01) {
			*flip |= CTL_SEN_FLIP_H;
		}
	} else {
		DBG_WRN("no support mirror \r\n");
	}

	if (basic_param.property & CTL_SEN_SUPPORT_PROPERTY_FLIP) {
		if (cmd.data[0] & 0x02) {
			*flip |= CTL_SEN_FLIP_V;
		}
	} else {
		DBG_WRN("no support flip \r\n");
	}

	return rt;
}

#if defined(__FREERTOS)
void sen_get_gain_hi5011q(CTL_SEN_ID id, void *param)
#else
static void sen_get_gain_hi5011q(CTL_SEN_ID id, void *param)
#endif
{
	ISP_SENSOR_CTRL *sensor_ctrl = (ISP_SENSOR_CTRL *)param;

	sensor_ctrl->gain_ratio[0] = sensor_ctrl_last[id].gain_ratio[0];
	sensor_ctrl->gain_ratio[1] = sensor_ctrl_last[id].gain_ratio[1];
}

#if defined(__FREERTOS)
void sen_get_expt_hi5011q(CTL_SEN_ID id, void *param)
#else
static void sen_get_expt_hi5011q(CTL_SEN_ID id, void *param)
#endif
{
	ISP_SENSOR_CTRL *sensor_ctrl = (ISP_SENSOR_CTRL *)param;

	sensor_ctrl->exp_time[0] = sensor_ctrl_last[id].exp_time[0];
	sensor_ctrl->exp_time[1] = sensor_ctrl_last[id].exp_time[1];
}

static void sen_get_min_expt_hi5011q(CTL_SEN_ID id, void *param)
{
	UINT32 *min_exp_time = (UINT32 *)param;
	UINT32 t_row = 0;

	t_row = sen_calc_rowtime_hi5011q(id, cur_sen_mode[id]);
	*min_exp_time = t_row * MIN_EXPOSURE_LINE / 10 + 1;
}

static void sen_get_mode_basic_hi5011q(CTL_SENDRV_GET_MODE_BASIC_PARAM *mode_basic)
{
	UINT32 mode = mode_basic->mode;
	
	if (1 == (mode >> 12)) {
		mode = mode & 0xF;
		if (mode >= SEN_MAX_MODE) {
			mode = 0;
		}
		memcpy(mode_basic, &mode_basic_param[mode], sizeof(CTL_SENDRV_GET_MODE_BASIC_PARAM));
		mode_basic->valid_size.w =  mode_basic->act_size[1].w;
		mode_basic->valid_size.h =  mode_basic->act_size[1].h;
	} else {
		mode = mode & 0xF;
		if (mode >= SEN_MAX_MODE) {
			mode = 0;
		}
		memcpy(mode_basic, &mode_basic_param[mode], sizeof(CTL_SENDRV_GET_MODE_BASIC_PARAM));
	}
}

static void sen_get_attr_basic_hi5011q(CTL_SEN_ID id, CTL_SENDRV_GET_ATTR_BASIC_PARAM *data)
{
	memcpy(data, &basic_param, sizeof(CTL_SENDRV_GET_ATTR_BASIC_PARAM));
}

static void sen_get_attr_signal_hi5011q(CTL_SENDRV_GET_ATTR_SIGNAL_PARAM *data)
{
	memcpy(data, &signal_param, sizeof(CTL_SENDRV_GET_ATTR_SIGNAL_PARAM));
}

static ER sen_get_attr_cmdif_hi5011q(CTL_SEN_ID id, CTL_SENDRV_GET_ATTR_CMDIF_PARAM *data)
{
	data->type = CTL_SEN_CMDIF_TYPE_I2C;
	memcpy(&data->info, &i2c, sizeof(CTL_SENDRV_I2C));
	data->info.i2c.ch = sen_i2c[id].id;
	data->info.i2c.w_addr_info[0].w_addr = sen_i2c[id].addr;
	data->info.i2c.cur_w_addr_info.w_addr_sel = data->info.i2c.w_addr_info[0].w_addr_sel;
	data->info.i2c.cur_w_addr_info.w_addr = data->info.i2c.w_addr_info[0].w_addr;
	return E_OK;
}

static ER sen_get_attr_if_hi5011q(CTL_SENDRV_GET_ATTR_IF_PARAM *data)
{
	#if 1
	if (data->type == CTL_SEN_IF_TYPE_MIPI) {
		return E_OK;
	}
	return E_NOSPT;
	#else
	if (data->type == CTL_SEN_IF_TYPE_MIPI) {
		memcpy(&data->info.mipi, &mipi, sizeof(CTL_SENDRV_MIPI));
		return E_OK;
	}
	return E_NOSPT;
	#endif
}

static void sen_get_fps_hi5011q(CTL_SEN_ID id, CTL_SENDRV_GET_FPS_PARAM *data)
{
	data->cur_fps = sen_get_cur_fps_hi5011q(id);
	data->chg_fps = sen_get_chgmode_fps_hi5011q(id);
}

static void	sen_get_mfr_ver_hi5011q(UINT32 *data)
{
	*data = 1;
}

static void sen_get_speed_hi5011q(CTL_SEN_ID id, CTL_SENDRV_GET_SPEED_PARAM *data)
{
	UINT32 mode = data->mode;

	mode = mode & 0xF;

	if (mode >= SEN_MAX_MODE) {
		mode = 0;
	}
	memcpy(data, &speed_param[mode], sizeof(CTL_SENDRV_GET_SPEED_PARAM));

	if (sen_power[id].mclk == CTL_SEN_CLK_SEL_SIEMCLK) {
		data->mclk_src = CTL_SEN_SIEMCLK_SRC_MCLK;
	} else if (sen_power[id].mclk == CTL_SEN_CLK_SEL_SIEMCLK2) {
		data->mclk_src = CTL_SEN_SIEMCLK_SRC_MCLK2;
	} else if (sen_power[id].mclk == CTL_SEN_CLK_SEL_SIEMCLK3) {
		data->mclk_src = CTL_SEN_SIEMCLK_SRC_MCLK3;
	} else if (sen_power[id].mclk == CTL_SEN_CLK_SEL_SIEMCLK4) {
		data->mclk_src = CTL_SEN_SIEMCLK_SRC_MCLK4;
	} else if (sen_power[id].mclk == CTL_SEN_IGNORE) {
		data->mclk_src = CTL_SEN_SIEMCLK_SRC_IGNORE;
	} else {
		DBG_ERR("mclk source is fail \r\n");
	}
}

static void sen_get_mode_mipi_hi5011q(CTL_SENDRV_GET_MODE_MIPI_PARAM *data)
{
	UINT32 mode = data->mode;

	mode = mode & 0xF;
	
	if (mode >= SEN_MAX_MODE) {
		mode = 0;
	}
	memcpy(data, &mipi_param[mode], sizeof(CTL_SENDRV_GET_MODE_MIPI_PARAM));
}

static void sen_get_modesel2_hi5011q(CTL_SENDRV_GET_MODESEL2_PARAM *data)
{
	if (data->info[0].if_type != CTL_SEN_IF_TYPE_MIPI) {
		DBG_ERR("if_type %d N.S. \r\n", data->info[0].if_type);
		return;
	}

	if (data->info[0].data_fmt != CTL_SEN_DATA_FMT_RGB) {
		DBG_ERR("data_fmt %d N.S. \r\n", data->info[0].data_fmt);
		return;
	}

	if (data->frame_num == 1) {
		if ((data->info[0].size.w <= 4096) && (data->info[0].size.h <= 3072)) {
			if (data->info[0].frame_rate <= 3010) {
				data->mode = CTL_SEN_MODE_2;
				return;
			}				
		}		
	} else if (data->frame_num == 2) {
		if (data->info[0].vendor_param[CTL_SEN_EXT_MODESEL_VENDOR_TYPE_PD] == CTL_SEN_EXT_MODESEL_VENDOR_PARAM_PD_VIRTUAL_CHANNEL) {
			if ((data->info[0].size.w <= 4096) && (data->info[0].size.h <= 3072)) {
				if ((data->info[1].size.w <= 4096) && (data->info[1].size.h <= 768)) {					
					if (data->info[0].frame_rate <= 3010) {
						data->mode = CTL_SEN_MODE_1;
						return;
					}
				}
			}
		}
	}

	DBG_ERR("index 0 => (frame_rate%d,size%d*%d,if_type%d,data_fmt%d,frame_num%d) \r\n"
			, data->info[0].frame_rate, data->info[0].size.w, data->info[0].size.h, data->info[0].if_type, data->info[0].data_fmt, data->frame_num);
	DBG_ERR("index 1 => fail (frame_rate%d,size%d*%d,if_type%d,data_fmt%d,frame_num%d) \r\n"
			, data->info[1].frame_rate, data->info[1].size.w, data->info[1].size.h, data->info[1].if_type, data->info[1].data_fmt, data->frame_num);	
	data->mode = CTL_SEN_MODE_1;
}

static void sen_get_modesel_hi5011q(CTL_SENDRV_GET_MODESEL_PARAM *data)
{

}

static UINT32 sen_calc_rowtime_step_hi5011q(CTL_SEN_ID id, CTL_SEN_MODE mode)
{
	UINT32 div_step = 1;

	if (mode >= SEN_MAX_MODE) {
		mode = cur_sen_mode[id];
	}

	if ((mode_basic_param[mode].mode_type == CTL_SEN_MODE_LINEAR) || (mode_basic_param[mode].mode_type == CTL_SEN_MODE_PDAF)) {
		div_step = 1;
	}

	return div_step;
}

static UINT32 sen_calc_rowtime_hi5011q(CTL_SEN_ID id, CTL_SEN_MODE mode)
{
	UINT32 row_time = 0;

	if (mode >= SEN_MAX_MODE) {
		mode = cur_sen_mode[id];
	}

	//Precision * 10
	row_time = 10 * (mode_basic_param[mode].signal_info.hd_period) / ((speed_param[mode].pclk) / 1000000);

	return row_time;
}

static void sen_get_rowtime_hi5011q(CTL_SEN_ID id, CTL_SENDRV_GET_MODE_ROWTIME_PARAM *data)
{
	UINT32 mode = data->mode;

	mode = mode & 0xF;

	if (mode >= SEN_MAX_MODE) {
		mode = cur_sen_mode[id];
	}
	
	data->row_time_step = sen_calc_rowtime_step_hi5011q(id, mode);	
	data->row_time = sen_calc_rowtime_hi5011q(id, mode) * (data->row_time_step);
}

static void sen_get_mipi_mfr_outsel_hi5011q(CTL_SEN_ID id, CTL_SENDRV_MIPI_MFR_OUTSEL_PARAM *data)
{
	UINT32 mode = data->mode;

	mode = mode & 0xF;

	if (mode >= SEN_MAX_MODE) {
		mode = cur_sen_mode[id];
	}

	if (mode == CTL_SEN_MODE_1) {
		data->outsel = CTL_SEN_MIPI_MFR_OUTSEL_VC;
	}
}

static void sen_set_cur_fps_hi5011q(CTL_SEN_ID id, UINT32 fps)
{
	cur_fps[id] = fps;
}

static UINT32 sen_get_cur_fps_hi5011q(CTL_SEN_ID id)
{
	return cur_fps[id];
}

static void sen_set_chgmode_fps_hi5011q(CTL_SEN_ID id, UINT32 fps)
{
	chgmode_fps[id] = fps;
}

static UINT32 sen_get_chgmode_fps_hi5011q(CTL_SEN_ID id)
{
	return chgmode_fps[id];
}

static void sen_get_hs_dly_hi5011q(CTL_SEN_ID id, CTL_SENDRV_GET_MODE_MIPI_HSDATAOUT_DLY *data)
{
 	data->delay = 0x4;
}

#if defined(__FREERTOS)
void sen_get_i2c_id_hi5011q(CTL_SEN_ID id, UINT32 *i2c_id)
{
	*i2c_id = sen_i2c[id].id;
}

void sen_get_i2c_addr_hi5011q(CTL_SEN_ID id, UINT32 *i2c_addr)
{
	*i2c_addr = sen_i2c[id].addr;
}
int sen_init_hi5011q(SENSOR_DTSI_INFO *info)
{
	CTL_SEN_REG_OBJ reg_obj;
	CHAR node_path[64];
	CHAR compatible[64];
	UINT32 id;
	ER rt = E_OK;

	for (id = 0; id < CTL_SEN_ID_MAX; id++ ) {
		is_fastboot[id] = 0;
		fastboot_i2c_id[id] = 0xFFFFFFFF;
		fastboot_i2c_addr[id] = 0x0;
	}

	sprintf(compatible, "nvt,sen_hi5011q");
	if (sen_common_check_compatible(compatible)) {
		DBG_DUMP("compatible valid, using peri-dev.dtsi \r\n");
		sen_common_load_cfg_preset_compatible(compatible, &sen_preset);
		sen_common_load_cfg_direction_compatible(compatible, &sen_direction);
		sen_common_load_cfg_power_compatible(compatible, &sen_power);
		sen_common_load_cfg_i2c_compatible(compatible, &sen_i2c);
	} else if (info->addr != NULL) {
		DBG_DUMP("compatible not valid, using sensor.dtsi \r\n");
		sprintf(node_path, "/sensor/sen_cfg/sen_hi5011q");
		sen_common_load_cfg_map(info->addr, node_path, &sen_map);
		sen_common_load_cfg_preset(info->addr, node_path, &sen_preset);
		sen_common_load_cfg_direction(info->addr, node_path, &sen_direction);
		sen_common_load_cfg_power(info->addr, node_path, &sen_power);
		sen_common_load_cfg_i2c(info->addr, node_path, &sen_i2c);
	} else {
		DBG_WRN("DTSI addr is NULL \r\n");
	}

	memset((void *)(&reg_obj), 0, sizeof(CTL_SEN_REG_OBJ));
	reg_obj.pwr_ctrl = sen_pwr_ctrl_hi5011q;
	reg_obj.det_plug_in = NULL;
	reg_obj.drv_tab = sen_get_drv_tab_hi5011q();
	rt = ctl_sen_reg_sendrv("nvt_sen_hi5011q", &reg_obj);
	if (rt != E_OK) {
		DBG_WRN("register sensor driver fail \r\n");
	}

	return rt;
}

void sen_exit_hi5011q(void)
{
	ctl_sen_unreg_sendrv("nvt_sen_hi5011q");
}

#else
static int __init sen_init_hi5011q(void)
{
	INT8 cfg_path[MAX_PATH_NAME_LENGTH+1] = { '\0' };
	CFG_FILE_FMT *pcfg_file;
	CTL_SEN_REG_OBJ reg_obj;
	UINT32 id;
	ER rt = E_OK;

	for (id = 0; id < ISP_BUILTIN_ID_MAX_NUM; id++ ) {
		is_fastboot[id] = kdrv_builtin_is_fastboot();
		fastboot_i2c_id[id] = isp_builtin_get_i2c_id(id);
		fastboot_i2c_addr[id] = isp_builtin_get_i2c_addr(id);
	}

	// Parsing cfc file if exist
	if ((strstr(sen_cfg_path, "null")) || (strstr(sen_cfg_path, "NULL"))) {
		DBG_WRN("cfg file no exist \r\n");
		cfg_path[0] = '\0';
	} else {
		if ((sen_cfg_path != NULL) && (strlen(sen_cfg_path) <= MAX_PATH_NAME_LENGTH)) {
			strncpy((char *)cfg_path, sen_cfg_path, MAX_PATH_NAME_LENGTH);
		}

		if ((pcfg_file = sen_common_open_cfg(cfg_path)) != NULL) {
			DBG_MSG("load %s success \r\n", sen_cfg_path);
			sen_common_load_cfg_map(pcfg_file, &sen_map);
			sen_common_load_cfg_preset(pcfg_file, &sen_preset);
			sen_common_load_cfg_direction(pcfg_file, &sen_direction);
			sen_common_load_cfg_power(pcfg_file, &sen_power);
			sen_common_load_cfg_i2c(pcfg_file, &sen_i2c);
			sen_common_close_cfg(pcfg_file);
		} else {
			DBG_WRN("load cfg fail \r\n");
		}
	}

	memset((void *)(&reg_obj), 0, sizeof(CTL_SEN_REG_OBJ));
	reg_obj.pwr_ctrl = sen_pwr_ctrl_hi5011q;
	reg_obj.det_plug_in = NULL;
	reg_obj.drv_tab = sen_get_drv_tab_hi5011q();
	rt = ctl_sen_reg_sendrv("nvt_sen_hi5011q", &reg_obj);
	if (rt != E_OK) {
		DBG_WRN("register sensor driver fail \r\n");
	}

	return rt;
}

static void __exit sen_exit_hi5011q(void)
{
	ctl_sen_unreg_sendrv("nvt_sen_hi5011q");
}

module_init(sen_init_hi5011q);
module_exit(sen_exit_hi5011q);

MODULE_AUTHOR("Novatek Corp.");
MODULE_DESCRIPTION(SEN_HI5011Q_MODULE_NAME);
MODULE_LICENSE("GPL");
#endif

