#ifndef __CLOCK_RAW__
#define __CLOCK_RAW__
//bin2byte_linux version : 2021-0106-1.0004
//Out type = 0
//Reading '../output/LD98530A.bin'...
//file size = 65536
//../output/LD98530A.bin to function = v_resume_ldr data width[4] total size[65536]
//DR[2022-5-16-1]:LD[2.0.0]
const static UINT32 v_resume_ldr[] = {
0xf0e00028,
0xf0e00000,
0x00003278,
0xe0800500,
0xf0e00070,
0x0000285e,
0x00008480,
0x0000e440,
0x00000000,
0x00010000,
0xea000282,
0xffffffff,
0xeff6aa55,
0xf0000004,
0x13040006,
0xf0001000,
0xf15800b0,
0x00000028,
0xf1020010,
0x00000002,
0xf15800b0,
0x00000034,
0xf05800b0,
0x01100003,
0xf1290000,
0x0000003e,
0x0000a0b0,
0x00000000,
0x48210000,
0x20004d8e,
0x0000182a,
0x00020000,
0x00000000,
0x00000000,
0xc0000000,
0x00000001,
0xffffffff,
0xffffffff,
0xffffffff,
0xffffffff,
0xffffffff,
0xffffffff,
0xffffffff,
0xffffffff,
0xffffffff,
0xffffffff,
0xffffffff,
0xffffffff,
0xffffffff,
0xffffffff,
0xffffffff,
0xffffffff,
0xffffffff,
0xffffffff,
0xffffffff,
0xffffffff,
0xffffffff,
0xffffffff,
0xffffffff,
0xffffffff,
0xffffffff,
0xffffffff,
0xffffffff,
0xffffffff,
0xffffffff,
0xffffffff,
0xffffffff,
0xffffffff,
0xffffffff,
0xffffffff,
0xffffffff,
0xffffffff,
0xffffffff,
0xffffffff,
0xffffffff,
0xffffffff,
0xffffffff,
0xffffffff,
0xffffffff,
0xffffffff,
0xffffffff,
0xffffffff,
0xffffffff,
0xffffffff,
0xffffffff,
0xffffffff,
0xffffffff,
0xffffffff,
0xffffffff,
0xffffffff,
0xffffffff,
0xffffffff,
0xffffffff,
0xffffffff,
0xffffffff,
0xffffffff,
0xffffffff,
0xffffffff,
0xffffffff,
0xffffffff,
0xffffffff,
0xffffffff,
0xffffffff,
0xffffffff,
0xffffffff,
0xffffffff,
0xffffffff,
0xffffffff,
0xffffffff,
0xffffffff,
0xffffffff,
0xffffffff,
0xffffffff,
0xffffffff,
0xffffffff,
0xffffffff,
0xffffffff,
0xffffffff,
0xffffffff,
0xffffffff,
0xffffffff,
0xffffffff,
0xffffffff,
0xffffffff,
0xffffffff,
0xffffffff,
0xffffffff,
0xffffffff,
0xffffffff,
0xffffffff,
0xffffffff,
0xffffffff,
0xffffffff,
0xffffffff,
0xffffffff,
0xffffffff,
0xffffffff,
0xffffffff,
0xffffffff,
0xffffffff,
0xffffffff,
0xffffffff,
0xffffffff,
0xffffffff,
0xffffffff,
0xffffffff,
0xffffffff,
0xffffffff,
0xffffffff,
0xffffffff,
0xffffffff,
0xffffffff,
0xffffffff,
0xffffffff,
0xffffffff,
0xffffffff,
0xffffffff,
0xffffffff,
0xffffffff,
0xffffffff,
0xffffffff,
0xffffffff,
0xffffffff,
0xffffffff,
0xffffffff,
0xffffffff,
0xffffffff,
0xffffffff,
0xffffffff,
0xffffffff,
0xffffffff,
0xffffffff,
0xffffffff,
0xffffffff,
0xffffffff,
0xffffffff,
0xffffffff,
0xffffffff,
0xffffffff,
0xffffffff,
0xffffffff,
0xffffffff,
0xffffffff,
0xffffffff,
0xffffffff,
0xffffffff,
0xffffffff,
0xffffffff,
0xffffffff,
0xffffffff,
0xffffffff,
0xffffffff,
0x10220511,
0x0042aaaa,
0xc1088020,
0x00001010,
0x00000040,
0x00610130,
0x4002061b,
0x00b4000e,
0x00009505,
0x0054002d,
0x00710008,
0x00040009,
0x00640046,
0x001e004d,
0x1a201a22,
0x00060631,
0x07101414,
0x00c0c000,
0x0f04080f,
0x02040c0c,
0x04020007,
0x00000402,
0x00000000,
0x00000000,
0x1a020010,
0x0c100002,
0x00000096,
0xd3200018,
0x02800100,
0x0392820d,
0x00000404,
0x06000604,
0x00000800,
0x00343400,
0x00343400,
0x40400000,
0x40400828,
0x40401030,
0x40400828,
0x18003818,
0x0d085044,
0x120e0000,
0x0000001e,
0x01540000,
0x0371022d,
0x4e4a0b64,
0x10008000,
0x08000010,
0x0000161e,
0x00020000,
0x2020241c,
0x1c202020,
0x1c241424,
0x00000000,
0x00000000,
0x00000000,
0x00000000,
0x00000000,
0x00000000,
0x00000000,
0x00000000,
0x00000000,
0x1b0a8000,
0x22010500,
0x80100f00,
0x0f979708,
0xb50b92d0,
0x0b92090d,
0x92090db5,
0x090db50b,
0x0db50b92,
0xb50b9209,
0x0db50b92,
0xb50b9209,
0x0b92090d,
0x92090db5,
0x090db50b,
0x01b50b92,
0x01010101,
0x00010101,
0x00000000,
0x00b50b92,
0x20090d80,
0x00b50b92,
0x20090d80,
0x00b50b92,
0x0b922080,
0x208000b5,
0x00b50b92,
0x20090d80,
0x00b50b92,
0x20090d80,
0x00b50b92,
0x0b922080,
0x208000b5,
0x02020202,
0x02020202,
0x03030203,
0x03030203,
0x03030303,
0x03030303,
0x02020203,
0x02020202,
0x03030202,
0x03030303,
0x03030303,
0x03030303,
0x03030303,
0x24240f80,
0x24242424,
0x24242424,
0x24242424,
0x00002424,
0x0007ff00,
0xff000000,
0x02200007,
0x22204c22,
0x80102280,
0x00083810,
0xffffffff,
0x00000000,
0xffffffff,
0xffffffff,
0xffffffff,
0xffffffff,
0xffffffff,
0xffffffff,
0xffffffff,
0xffffffff,
0xffffffff,
0xffffffff,
0xffffffff,
0xffffffff,
0xffffffff,
0xffffffff,
0xffffffff,
0xffffffff,
0xffffffff,
0xffffffff,
0xffffffff,
0xffffffff,
0xffffffff,
0xffffffff,
0xffffffff,
0xffffffff,
0xffffffff,
0xffffffff,
0xffffffff,
0xffffffff,
0xffffffff,
0xffffffff,
0xffffffff,
0xffffffff,
0xffffffff,
0xffffffff,
0xffffffff,
0xffffffff,
0xffffffff,
0xffffffff,
0xffffffff,
0xffffffff,
0xffffffff,
0xffffffff,
0xffffffff,
0xffffffff,
0xffffffff,
0xffffffff,
0xffffffff,
0xffffffff,
0xffffffff,
0xffffffff,
0xffffffff,
0xffffffff,
0xffffffff,
0xffffffff,
0xffffffff,
0xffffffff,
0xffffffff,
0xffffffff,
0xffffffff,
0xffffffff,
0xffffffff,
0xffffffff,
0xffffffff,
0xffffffff,
0xffffffff,
0xffffffff,
0xffffffff,
0xffffffff,
0xffffffff,
0xffffffff,
0xffffffff,
0xffffffff,
0xffffffff,
0xffffffff,
0xffffffff,
0xffffffff,
0xffffffff,
0xffffffff,
0xffffffff,
0xffffffff,
0xffffffff,
0xffffffff,
0xffffffff,
0xffffffff,
0xffffffff,
0xffffffff,
0xffffffff,
0xffffffff,
0xffffffff,
0xffffffff,
0xffffffff,
0xffffffff,
0xffffffff,
0xffffffff,
0xffffffff,
0xffffffff,
0xffffffff,
0xffffffff,
0xffffffff,
0xffffffff,
0xffffffff,
0xffffffff,
0xffffffff,
0xffffffff,
0xffffffff,
0xffffffff,
0xffffffff,
0xffffffff,
0xffffffff,
0xffffffff,
0xffffffff,
0xffffffff,
0xffffffff,
0xffffffff,
0xffffffff,
0xffffffff,
0xffffffff,
0xffffffff,
0xffffffff,
0xffffffff,
0xffffffff,
0xffffffff,
0xffffffff,
0xffffffff,
0xffffffff,
0xffffffff,
0xffffffff,
0xffffffff,
0xffffffff,
0xffffffff,
0xffffffff,
0xffffffff,
0xffffffff,
0xffffffff,
0xffffffff,
0xffffffff,
0xffffffff,
0xffffffff,
0xffffffff,
0xffffffff,
0xffffffff,
0xffffffff,
0xffffffff,
0xffffffff,
0xffffffff,
0xffffffff,
0xffffffff,
0xffffffff,
0xffffffff,
0xffffffff,
0xffffffff,
0xffffffff,
0xffffffff,
0xffffffff,
0xffffffff,
0xffffffff,
0xffffffff,
0xffffffff,
0xffffffff,
0xffffffff,
0xffffffff,
0xffffffff,
0xffffffff,
0xffffffff,
0xffffffff,
0xffffffff,
0xffffffff,
0xffffffff,
0xffffffff,
0xffffffff,
0xffffffff,
0xffffffff,
0xffffffff,
0xffffffff,
0xffffffff,
0xffffffff,
0xffffffff,
0xffffffff,
0xffffffff,
0xffffffff,
0xffffffff,
0xffffffff,
0xffffffff,
0xffffffff,
0xffffffff,
0xffffffff,
0xffffffff,
0xffffffff,
0xffffffff,
0xffffffff,
0xffffffff,
0xffffffff,
0xffffffff,
0xffffffff,
0xffffffff,
0xffffffff,
0xffffffff,
0xffffffff,
0xffffffff,
0xe59f1004,
0xe5911000,
0xe1a0f001,
0xf0090104,
0xf1020016,
0xee111f11,
0xf57ff06f,
0xe3810001,
0xee010f11,
0xf57ff06f,
0xe3a00000,
0xec400f4e,
0xf57ff06f,
0xee011f11,
0xf57ff06f,
0xf1020013,
0xe59f0130,
0xe3a01024,
0xe5801000,
0xe59f1128,
0xe5910000,
0xe3500000,
0x0a000021,
0xe59f0114,
0xe3a01036,
0xe5801000,
0xe3a01034,
0xe5801000,
0xe3a01077,
0xe5801000,
0xe3a01066,
0xe5801000,
0xe3a01069,
0xe5801000,
0xe59f10ec,
0xe5910000,
0xe3500001,
0x0afffffb,
0xe59f00d8,
0xe3a01077,
0xe5801000,
0xe3a01061,
0xe5801000,
0xe3a01072,
0xe5801000,
0xe3a0106d,
0xe5801000,
0xe3a01072,
0xe5801000,
0xe3a01073,
0xe5801000,
0xe3a01074,
0xe5801000,
0xe3a02003,
0xee0c2f50,
0xf57ff06f,
0xe320f003,
0xe59f0094,
0xe5901000,
0xe3811001,
0xe5801000,
0xe59f0088,
0xe3a010f0,
0xe5801000,
0xe320f003,
0xe10f0000,
0xe38000c0,
0xe129f000,
0xe59f0070,
0xe3a01001,
0xe5801000,
0xe59f005c,
0xe5901000,
0xe3c11001,
0xe5801000,
0xe59f4058,
0xee0e4f10,
0xe59f0054,
0xe5901000,
0xe3811001,
0xe5801000,
0xee114f10,
0xe3c44005,
0xe3c44a01,
0xee014f10,
0xec554f1f,
0xe3c44040,
0xec454f1f,
0xe3844040,
0xec454f1f,
0xe59f1024,
0xe5910000,
0xe1a0f000,
0xe320f000,
0xf0280000,
0xf0090108,
0xfff02000,
0xfff02004,
0xfff01280,
0x00b71b00,
0xffe60000,
0xf0090104,
0xffffffff,
0xffffffff,
0xffffffff,
0xffffffff,
0xffffffff,
0xffffffff,
0xffffffff,
0xffffffff,
0xffffffff,
0xffffffff,
0xffffffff,
0xffffffff,
0xffffffff,
0xffffffff,
0xffffffff,
0xffffffff,
0xffffffff,
0xffffffff,
0xffffffff,
0xffffffff,
0xffffffff,
0xffffffff,
0xffffffff,
0xffffffff,
0xffffffff,
0xffffffff,
0xea00012e,
0xe59ff014,
0xe59ff014,
0xe59ff014,
0xe59ff014,
0xe320f000,
0xe59ff010,
0xe59ff010,
0xf0e00f04,
0xf0e00f48,
0xf0e00f8c,
0xf0e00fd0,
0xf0e01014,
0xf0e01018,
0xf1080100,
0xf10c00c0,
0xf1020013,
0xee110f10,
0xe3c00a01,
0xe3c00b02,
0xe3c00004,
0xe3c00002,
0xe3c00001,
0xee010f10,
0xe59f05bc,
0xee0c0f10,
0xe59f05b8,
0xe3a01901,
0xe0811000,
0xe4802004,
0xe1500001,
0x3afffffc,
0xf1020012,
0xe59fd5a0,
0xf1020013,
0xe59fd59c,
0xee110f10,
0xe3800a01,
0xee070f15,
0xee010f10,
0xe3a00000,
0xeb000403,
0xf57ff04f,
0xf57ff06f,
0xe3a00001,
0xeb0004d3,
0xf57ff04f,
0xf57ff06f,
0xeb0005b2,
0xf57ff04f,
0xf57ff06f,
0xe59f0560,
0xe3a03050,
0xe5803000,
0xe3a03044,
0xe5803000,
0xe3a0304e,
0xe5803000,
0xe590301c,
0xe7e33053,
0xe3530001,
0x0a000008,
0xe3530002,
0x0a00000d,
0xe2833030,
0xe5803000,
0xe59f0528,
0xe59010b0,
0xe3a02017,
0xe58020b0,
0xea00000c,
0xe2833030,
0xe5803000,
0xe59f050c,
0xe59010b0,
0xe3a02015,
0xe58020b0,
0xea000005,
0xe2833030,
0xe5803000,
0xe59f04f0,
0xe59010b0,
0xe3a02016,
0xe58020b0,
0xeb0005d5,
0xe59f04d8,
0xe3a02053,
0xe5802000,
0xe59f04cc,
0xe5901014,
0xe7e01351,
0xe3510001,
0x1afffffb,
0xf57ff04f,
0xf57ff06f,
0xe320f003,
0xe320f000,
0xe59f04a8,
0xe3a02057,
0xe5802000,
0xe59f04a0,
0xe3a01008,
0xe58010b0,
0xe59f0490,
0xe3a0204b,
0xe5802000,
0xe3a00001,
0xeb0003c1,
0xf57ff04f,
0xf57ff06f,
0xe3a00000,
0xeb000491,
0xec510f1f,
0xe3c00040,
0xec410f1f,
0xf57ff06f,
0xe3a01000,
0xee081f13,
0xee081f17,
0xee071fd5,
0xee081f16,
0xee081f15,
0xee071f15,
0xf57ff04f,
0xf57ff06f,
0xee300f10,
0xe59f343c,
0xe00306a0,
0xe3a01000,
0xe3a03000,
0xe1a02f01,
0xe1822303,
0xee072f56,
0xe2833001,
0xe1500003,
0xcafffff9,
0xe2811001,
0xe3510004,
0x1afffff5,
0xe3a00002,
0xee400f10,
0xee300f10,
0xe7e931d0,
0xe2833001,
0xe59f23f8,
0xe5823000,
0xe59f33ec,
0xe00306a0,
0xe59f23ec,
0xe2801001,
0xe5821000,
0xe3a01000,
0xe3a03000,
0xe1a02e01,
0xe2822002,
0xe1822303,
0xee072f56,
0xe2833001,
0xe1500003,
0xcafffff8,
0xe2811001,
0xe3510004,
0x1afffff4,
0xee111f30,
0xe3811004,
0xee011f30,
0xe59f0388,
0xe59f93a4,
0xe5991080,
0xe2511001,
0xe59f239c,
0xe0823a01,
0xe7803101,
0xe2511001,
0x5afffffb,
0xe59f0364,
0xe3800b0f,
0xe3a010fe,
0xe59f2380,
0xe0823a01,
0xe7803101,
0xe2511001,
0x5afffffb,
0xe59f0344,
0xe59f136c,
0xe1800001,
0xe59f2368,
0xe5802000,
0xe59f0330,
0xe3a01df2,
0xe1800001,
0xe59f2358,
0xe5802000,
0xe3a00000,
0xee020f50,
0xe59f0314,
0xe3a01008,
0xe3811040,
0xe1800001,
0xee020f10,
0xe3e00000,
0xee030f10,
0xf57ff04f,
0xf57ff06f,
0xee110f10,
0xe3800001,
0xee010f10,
0xf57ff04f,
0xf57ff06f,
0xec510f1f,
0xe3800040,
0xec410f1f,
0xf57ff06f,
0xee110f10,
0xe3800a01,
0xe3800004,
0xee010f10,
0xf57ff04f,
0xf57ff06f,
0xee110f10,
0xe3800b02,
0xee010f10,
0xee110f30,
0xe3800004,
0xe3800040,
0xee010f30,
0xfa000112,
0xe59f02cc,
0xe5902038,
0xe7ef1052,
0xe3510000,
0x0a000023,
0xe7e037d1,
0xe3a04045,
0xe3530001,
0x1a000012,
0xe7e03751,
0xe3530001,
0x1a000005,
0xe3a04055,
0xe2800001,
0xe3500002,
0x0a00000b,
0xe1a02822,
0xeaffffef,
0xe7e45052,
0xe7e462d2,
0xe2854030,
0xe3550001,
0x0a000000,
0xea000003,
0xe0253006,
0xe223301f,
0xe3530000,
0x0a00000c,
0xe59f0230,
0xe3a01039,
0xe5801000,
0xe3a01038,
0xe5801000,
0xe3a01035,
0xe5801000,
0xe3a01033,
0xe5801000,
0xe3a01030,
0xe5801000,
0xe5804000,
0xeafffffe,
0xfa0000c0,
0xe59f0228,
0xe59f1228,
0xe3a02000,
0xe4802004,
0xe1500001,
0x3afffffc,
0xe59fd1d4,
0xfa000832,
0xe1a0f000,
0xe320f000,
0xe92d4020,
0xe59f5204,
0xe5955000,
0xe12fff35,
0xe8bd8020,
0xe92d4020,
0xe59f51f4,
0xe5955000,
0xe12fff35,
0xe8bd8020,
0xe92d4020,
0xe59f51e4,
0xe5955000,
0xe12fff35,
0xe8bd8020,
0xe92d4020,
0xe59f51d4,
0xe5955000,
0xe12fff35,
0xe8bd8020,
0xe92d4020,
0xe59f51c4,
0xe5955000,
0xe12fff35,
0xe8bd8020,
0xe59f016c,
0xe3a01052,
0xe5801000,
0xe3a01053,
0xe5801000,
0xe3a01054,
0xe5801000,
0xe590101c,
0xe201100f,
0xe2811030,
0xe5801000,
0xe590101c,
0xe1a01221,
0xe201100f,
0xe2811030,
0xe5801000,
0xeafffffe,
0xe59f0128,
0xe3a01055,
0xe5801000,
0xe3a01044,
0xe5801000,
0xe3a01046,
0xe5801000,
0xe590101c,
0xe201100f,
0xe2811030,
0xe5801000,
0xe590101c,
0xe1a01221,
0xe201100f,
0xe2811030,
0xe5801000,
0xeaffffed,
0xe59f00e4,
0xe3a01053,
0xe5801000,
0xe3a01057,
0xe5801000,
0xe3a01049,
0xe5801000,
0xe590101c,
0xe201100f,
0xe2811030,
0xe5801000,
0xe590101c,
0xe1a01221,
0xe201100f,
0xe2811030,
0xe5801000,
0xeaffffdc,
0xe59f00a0,
0xe3a01050,
0xe5801000,
0xe3a01041,
0xe5801000,
0xe3a01042,
0xe5801000,
0xe590101c,
0xe201100f,
0xe2811030,
0xe5801000,
0xe590101c,
0xe1a01221,
0xe201100f,
0xe2811030,
0xe5801000,
0xeaffffcb,
0xe59f005c,
0xe3a01041,
0xe5801000,
0xe3a01042,
0xe5801000,
0xe3a01054,
0xe5801000,
0xe590101c,
0xe201100f,
0xe2811030,
0xe5801000,
0xe590101c,
0xe1a01221,
0xe201100f,
0xe2811030,
0xe5801000,
0xeaffffba,
0xeafffffe,
0xeafffffe,
0x00000100,
0x00000010,
0xf0e00000,
0xf0e18000,
0xf0e31ffc,
0xf0e30ffc,
0xf0290000,
0xf0580000,
0x00007fff,
0xf0e01020,
0xf0e0101c,
0xf0e00300,
0x00015de6,
0xf0000de6,
0x00003c38,
0xf0e15de6,
0xfe015de6,
0xf0660000,
0x01005fc0,
0x0101c400,
0x00007fd8,
0x00007fdc,
0x00007fe0,
0x00007fd4,
0x00007fec,
0x01010000,
0x00030102,
0x01050004,
0x01090108,
0x010b010a,
0x010d010c,
0x010f010e,
0x01110110,
0x01130112,
0x01150114,
0x01170116,
0x01190118,
0x011b011a,
0x011d011c,
0x011f011e,
0x01210120,
0x01230122,
0x01250124,
0x01300126,
0x01320131,
0x01340133,
0x01360135,
0x01380137,
0x013a0139,
0x013c013b,
0x013e013d,
0x0140013f,
0x01420141,
0x01490148,
0x014b014a,
0x0150014c,
0x01600151,
0x01620161,
0x01640163,
0x01710170,
0x01800172,
0x01820181,
0x01910190,
0x01930192,
0x01950194,
0x01970196,
0x01990198,
0x019b019a,
0x019d019c,
0x00000000,
0x00000000,
0xb5804b0d,
0x681baf00,
0xd50f0658,
0x490c4b0b,
0xf042681a,
0x601a0210,
0x60114a07,
0x07c96811,
0x681ad4fc,
0x0210f022,
0xbd80601a,
0xff8af001,
0xd1eb2800,
0xbf00bd80,
0xf0050000,
0xf002007c,
0x5a960f00,
0xf0004b13,
0xb580003f,
0xf4402200,
0x332050c0,
0xf843af00,
0x22012c20,
0x0c1cf843,
0x4a0d601a,
0x68104611,
0xd5fc07c0,
0xf042681a,
0x601a0210,
0xd40a06d0,
0x0792680a,
0x4a07d5fc,
0x22006810,
0x680b601a,
0xd4fc07db,
0x681abd80,
0xbf00e7f0,
0xf0660000,
0xf0660030,
0xf0660008,
0xe92d4bbd,
0x4cbd4ff0,
0x681bb089,
0xf8dfaf02,
0x2b0c9348,
0x8344f8df,
0x2001bf08,
0x2000bf18,
0xece6f001,
0xfd12f001,
0x613b2300,
0x48b4617b,
0x7a237a66,
0x04367b65,
0xeb067b21,
0x7ae36603,
0x441e042d,
0xeb057aa3,
0x7be16501,
0x2603eb06,
0xf647440d,
0x7ba173d0,
0xeb05681b,
0xf8c92501,
0xf0013000,
0xf44ffff1,
0xf04f3c80,
0xe88d437e,
0x46291008,
0x46424633,
0x0010f104,
0x9000f8d9,
0x4ba047c8,
0x8010f8c7,
0xf1074604,
0x69da0010,
0x8a9d617a,
0xff2ef001,
0x4285b280,
0x83c0f040,
0x429c697b,
0x83bcf040,
0x4d984897,
0xffccf001,
0x23284a97,
0x6813602b,
0x3380f443,
0x4b956013,
0x0294699a,
0x83aef140,
0x3303f3c2,
0x4204f3c2,
0x5370f103,
0xf5034c90,
0x009b33e0,
0x23016819,
0xf202fa03,
0x420a4b8d,
0x461cbf18,
0xf00368a3,
0x60fa0220,
0x1940f3c3,
0x681b4b89,
0xd5030118,
0xf44f4a88,
0x60112170,
0xd50300d9,
0xf44f4a85,
0x60110170,
0xd503009a,
0xf04f4a82,
0x60116170,
0xd503005e,
0xf04f4a7f,
0x60114170,
0xda032b00,
0xf44f4a7c,
0x60114170,
0xd5030258,
0xf44f4a7a,
0x60112170,
0xd5030219,
0xf44f4a77,
0x60110170,
0xd50301da,
0xf04f4a74,
0x60116170,
0xd503019e,
0xf04f4a71,
0x60114170,
0xd5030158,
0xf44f4b6e,
0x601a4270,
0xf04f6863,
0x486c0860,
0xf803fb08,
0x4658ea4f,
0xf0234631,
0x4a69f911,
0x03d96813,
0x4868d5fc,
0xff58f001,
0xf8df4b67,
0x22aaa1c4,
0x7096f44f,
0xb1bcf8df,
0x224a601a,
0x2207605a,
0xf001609a,
0xf8dafe93,
0x20323000,
0x0302f043,
0x3000f8ca,
0xfe8af001,
0xf8cb2302,
0x22483000,
0x70faf44f,
0x3000f8da,
0x0301f023,
0x3000f8ca,
0x601a4b56,
0xf8ca2343,
0xf0013000,
0x2303fe77,
0xf8cb4853,
0xf0013000,
0x4a52ff27,
0xf0236813,
0xf0430303,
0x60130301,
0xf023682b,
0x602b0313,
0xf043682b,
0x602b0320,
0xf043682b,
0x602b0314,
0x071b682b,
0x4848d5fc,
0xff0ef001,
0x220c682b,
0x46114846,
0x0308f043,
0x2300602b,
0xf0232500,
0x220cff63,
0x4611462b,
0x48409500,
0xff6ef023,
0x2301220c,
0x483d4611,
0xff56f023,
0x2301220c,
0x95004611,
0xf0234839,
0x2218ff61,
0x4611462b,
0xf0234837,
0x2218ff49,
0x46112301,
0xf0234834,
0x2001ff43,
0xfe2af001,
0x79224b32,
0xf8df4820,
0x601aa0d8,
0x80d4f8df,
0x605a7962,
0x609a79a2,
0x23012203,
0xf0234611,
0x2001ff2f,
0xfe16f001,
0x462b2209,
0x48254611,
0xff26f023,
0x462b2209,
0x95004611,
0xf0234821,
0x2001ff31,
0xfe06f001,
0x23012209,
0x481d4611,
0xff16f023,
0x23012209,
0x95004611,
0xf0234819,
0x2001ff21,
0xfdf6f001,
0x462b2208,
0xe03b4611,
0xf0e1c000,
0xf0e03278,
0xf0e0252c,
0xf0e00000,
0xf0e02533,
0xf05800b0,
0xf0580000,
0xf0e00070,
0xf0e00300,
0xf0e004dc,
0xf0660034,
0xf0660048,
0xf0660050,
0xf0e02547,
0xf0580004,
0xf0e02556,
0xf0024820,
0xf0028014,
0xf0e0255f,
0xf0020010,
0xf0e02566,
0xf0020090,
0xf0020094,
0xf00244e0,
0xf0e01130,
0xf0e20000,
0xf0028010,
0xf0028000,
0xf00d0200,
0xf00d0208,
0xf02348c5,
0x2208fec9,
0x4611462b,
0x48c29500,
0xfed4f023,
0xf0012001,
0x2208fda9,
0x46112301,
0xf02348bd,
0x2208feb9,
0x46112301,
0x48ba9500,
0xfec4f023,
0xf0012001,
0x4649fd99,
0x0060e88d,
0x46222307,
0xf01e4628,
0x462bfd37,
0x4629462a,
0xf02348b2,
0x462bfea1,
0x4629462a,
0x48af9500,
0xfeacf023,
0x462b221f,
0x48ad4611,
0xfe94f023,
0x2301220c,
0x48ab4611,
0xfe8ef023,
0x4bab49aa,
0x468b48ab,
0x92f8f8df,
0xf8413168,
0x30e05c68,
0xe2f0f8df,
0x601a6f62,
0xc2ecf8df,
0x605a6fa2,
0x62e0f04f,
0x4aa3609a,
0xf04f611a,
0x615a1201,
0x619d4aa1,
0x60132301,
0x601d4ba0,
0xf84068a6,
0x69a66ce0,
0x6c10f840,
0xf84069e6,
0x6a266c0c,
0x6c08f840,
0xf8406a66,
0x6aa66c04,
0x6ae66006,
0x6b266046,
0x6b666086,
0x6ba660c6,
0x6be66206,
0x6c266246,
0x6c666286,
0x6ca662c6,
0x6ce66306,
0x6d666346,
0x6da663c6,
0x6de66406,
0x6e266446,
0x6e666506,
0x6ea66546,
0xf5006586,
0x607b709a,
0x4e8768fb,
0x3ae860ba,
0x6000f8ca,
0xf0002b00,
0x4e8481c3,
0x6000f8c9,
0x5000f8c8,
0x5000f8ce,
0x751ff641,
0x5000f8cc,
0x3507f04f,
0x600d6005,
0x7107f640,
0xf6436011,
0x4b7b723f,
0xf8df2500,
0x2601822c,
0xf8df4979,
0x601ac228,
0x68e24b78,
0x601a4878,
0x655a6962,
0x641a6922,
0xf8c34a76,
0x4a76224c,
0x60134b76,
0x4b766093,
0xf5a36ee2,
0xf8c373a4,
0x6f222148,
0x214cf8c3,
0x6fe2601d,
0x2208f8c3,
0xf8c32205,
0xf8c3520c,
0xf50352d4,
0x601a73c4,
0x4200f102,
0x52c0f502,
0x2090f8c3,
0x0210f242,
0x2094f8c3,
0xf8c34a67,
0x4a6720b0,
0x20b4f8c3,
0xf8c32210,
0xf44f2240,
0xf8c842c0,
0xf8c35000,
0xf8c32244,
0xf8c32248,
0xf8c362d0,
0x4b5f02d4,
0x495f600b,
0x1000f8cc,
0x3004f8cc,
0x2018f8cc,
0x201cf8cc,
0x7cb0f50c,
0x6cbcf84c,
0x0cb8f84c,
0x3cb4f84c,
0x1cb0f84c,
0x3cacf84c,
0x2c98f84c,
0x2c94f84c,
0x6c0cf84c,
0x0c08f84c,
0x3c04f84c,
0x1000f8cc,
0x3004f8cc,
0x2018f8cc,
0x201cf8cc,
0x60a4f8cc,
0x00a8f8cc,
0x30acf8cc,
0x10b0f8cc,
0x30b4f8cc,
0x20c8f8cc,
0x20ccf8cc,
0x6154f8cc,
0x0158f8cc,
0x315cf8cc,
0x1160f8cc,
0x3164f8cc,
0x7cbcf50c,
0x2000f8cc,
0x2004f8cc,
0x608cf8cc,
0x0090f8cc,
0x3094f8cc,
0x1098f8cc,
0x309cf8cc,
0x20b0f8cc,
0x20b4f8cc,
0x613cf8cc,
0x0140f8cc,
0x3144f8cc,
0x1148f8cc,
0x314cf8cc,
0x2160f8cc,
0x2164f8cc,
0x60164a2f,
0x60936050,
0x60d14816,
0x61134629,
0x462a4633,
0x6000f8c8,
0xfd62f023,
0x462a4633,
0x48284629,
0xfd5cf023,
0x4632462b,
0x48154631,
0xfd56f023,
0x462b2203,
0x48124611,
0xfd50f023,
0x462a462b,
0x480f4629,
0xfd4af023,
0x462a462b,
0x46404629,
0xfd44f023,
0x462a462b,
0xe03d4629,
0xf0020090,
0xf00d4000,
0xf00200a0,
0xf0020070,
0xf00d01b0,
0xf00d0190,
0xf00d0000,
0x80400003,
0xf00d0304,
0xf00d0030,
0x001f1f19,
0x00080808,
0xf00d0220,
0xf00d0498,
0xf00d0010,
0x02100b03,
0x20000001,
0xf00d0264,
0x10000200,
0xf00d0180,
0x04040208,
0x08400810,
0x02000400,
0x01100b03,
0xf00d0960,
0xf00d0060,
0xf00d0204,
0xf00d020c,
0xf00d0210,
0xf00d0320,
0xf00d049c,
0xf023485b,
0x4633fcff,
0x4629462a,
0xf0234640,
0x4633fcf9,
0x4629462a,
0x48569500,
0xfd04f023,
0x4633221f,
0x48544611,
0xfcecf023,
0xf0014630,
0xf8c8fbd3,
0x462a5000,
0x23204629,
0xf8cb484d,
0x46333000,
0x6000f8c8,
0xf0239500,
0x4630fced,
0xfbc2f001,
0xf44f230a,
0x930061a8,
0x23804628,
0xf023461a,
0x4633fbad,
0x46294632,
0xf0234628,
0x2340fc70,
0x61a8f44f,
0x4628461a,
0xfc69f023,
0x462a4633,
0x95004629,
0xf023483c,
0xf8c8fccd,
0x68bb5000,
0x4629462a,
0x601d4839,
0xf8cb462b,
0xf0236000,
0x687bfcaf,
0x4629462a,
0x601d4831,
0xf8c84633,
0x95006000,
0xfcb6f023,
0x49312240,
0x70b4f647,
0xfc92f026,
0x73c0f647,
0xf6476818,
0x681a73c4,
0x4170f100,
0xf0261a12,
0xf647fc87,
0x681873c8,
0x73ccf647,
0xf100681a,
0x1a124170,
0xfc7cf026,
0xf0014824,
0x4b24fc25,
0x5280f44f,
0x4b23601e,
0x68126013,
0xd024429a,
0xf0224821,
0x6821fdcb,
0xf0224820,
0xe7fefdc7,
0xe442481f,
0xe4614c1f,
0xf8c94d1f,
0xf04f5000,
0xf8c87580,
0xf04f5000,
0xf8ce3501,
0xf6415000,
0xf8cc751f,
0xf04f5000,
0x60053507,
0xf240600d,
0x60117107,
0x7203f643,
0x2307e637,
0x210e220c,
0xf0234812,
0x4812fc51,
0xfbeef001,
0x46bd371c,
0x8ff0e8bd,
0xf00d01b0,
0xf00d0324,
0xf00200a0,
0xf00d01bc,
0xf00d0060,
0xf0007fb4,
0xf0e02568,
0xf0010020,
0x55aa55aa,
0xf0e0256e,
0xf0e02581,
0xf0e0253c,
0xf0e00300,
0x003f0909,
0xf002007c,
0xf0e02592,
0xe59f3020,
0xe92d4800,
0xe28db004,
0xe5932400,
0xe3822602,
0xe5832400,
0xe59321c8,
0xe3822102,
0xe58321c8,
0xe8bd8800,
0xf0380000,
0xe59f32fc,
0xe3500000,
0xe92d4bf0,
0xe59f72f4,
0xe28db01c,
0xe59330a4,
0x0a000049,
0xe3130002,
0x0a000001,
0xe59f02e0,
0xfa0005c9,
0xe59fc2dc,
0xe3a02000,
0xe0873082,
0xe5d33001,
0xe3530001,
0x1a000009,
0xe08c12a2,
0xe202e01f,
0xe1a01101,
0xe1e03e13,
0xe5910000,
0xe0000003,
0xe5810000,
0xe5110010,
0xe0033000,
0xe5013010,
0xe2822001,
0xe3520058,
0x1affffee,
0xe59f3284,
0xe59330a4,
0xe3130002,
0x0a000024,
0xe59f4284,
0xe59f0284,
0xfa0005af,
0xe5940170,
0xebfffcd5,
0xe59f0278,
0xfa0005ab,
0xe5940174,
0xebfffcd1,
0xe59f0268,
0xfa0005a7,
0xe5940178,
0xebfffccd,
0xe59f0258,
0xfa0005a3,
0xe594017c,
0xebfffcc9,
0xe59f024c,
0xfa00059f,
0xe59f0248,
0xfa00059d,
0xe5940180,
0xebfffcc3,
0xe59f0230,
0xfa000599,
0xe5940184,
0xebfffcbf,
0xe59f0220,
0xfa000595,
0xe5940188,
0xebfffcbb,
0xe59f0210,
0xfa000591,
0xe594018c,
0xebfffcb7,
0xe59f0204,
0xfa00058d,
0xe59f4204,
0xe5943020,
0xe3c3381f,
0xe5843020,
0xe59f31d0,
0xe59330a4,
0xe3130002,
0x159f01ec,
0x1a000068,
0xe8bd8bf0,
0xe3130002,
0x0a000001,
0xe59f01dc,
0xfa00057f,
0xe59f81d8,
0xe3a06000,
0xe59f51b0,
0xe1a04006,
0xe59f91cc,
0xe0873084,
0xe5d33001,
0xe3530001,
0x1a000025,
0xe08822a4,
0xe204001f,
0xe1a02102,
0xe1a03013,
0xe5921000,
0xe1811003,
0xe5821000,
0xe5921010,
0xe1833001,
0xe5823010,
0xe5953194,
0xe3833c01,
0xe5853194,
0xe5953194,
0xe3c330ff,
0xe5853194,
0xe5952194,
0xe7d73084,
0xe1833002,
0xe5853194,
0xe5953190,
0xe3130004,
0x1a000008,
0xe2866001,
0xe3560064,
0x9afffff9,
0xe1a00009,
0xfa00055a,
0xe1a00004,
0xebfffc80,
0xe59f0144,
0xfa000556,
0xe5953190,
0xe3130008,
0x1a000002,
0xe2866001,
0xe3560064,
0x9afffff9,
0xe2844001,
0xe3540058,
0x1affffd2,
0xe59f30e0,
0xe59330a4,
0xe3130002,
0x0a000024,
0xe59f40e0,
0xe59f0108,
0xfa000546,
0xe5940170,
0xebfffc6c,
0xe59f00d4,
0xfa000542,
0xe5940174,
0xebfffc68,
0xe59f00c4,
0xfa00053e,
0xe5940178,
0xebfffc64,
0xe59f00b4,
0xfa00053a,
0xe594017c,
0xebfffc60,
0xe59f00a8,
0xfa000536,
0xe59f00c4,
0xfa000534,
0xe5940180,
0xebfffc5a,
0xe59f008c,
0xfa000530,
0xe5940184,
0xebfffc56,
0xe59f007c,
0xfa00052c,
0xe5940188,
0xebfffc52,
0xe59f006c,
0xfa000528,
0xe594018c,
0xebfffc4e,
0xe59f0060,
0xfa000524,
0xe59f4060,
0xe5943020,
0xe383381f,
0xe5843020,
0xe59f302c,
0xe59330a4,
0xe3130002,
0x08bd8bf0,
0xe59f0060,
0xfa00051a,
0xe59f005c,
0xfa000518,
0xe5940020,
0xebfffc3e,
0xe59f0020,
0xfa000514,
0xe8bd8bf0,
0xf05c0000,
0xf0e01080,
0xf0e025a2,
0x3c004460,
0xf0011000,
0xf0e025c2,
0xf0e0255d,
0xf0e02759,
0xf0e025f0,
0xf0010000,
0xf0e0261e,
0xf0e02661,
0x3c00445c,
0xf0e02682,
0xf0e0268a,
0xf0e0269d,
0xf0e026c3,
0xf0e026e9,
0xf0e02655,
0xe92d4830,
0xe1a05000,
0xe59f4320,
0xe28db00c,
0xe59f031c,
0xfa0004fa,
0xe59400a4,
0xebfffc20,
0xe59f0310,
0xfa0004f6,
0xe59430a4,
0xe3130001,
0x059f0304,
0x159f0304,
0xfa0004f1,
0xe59430a4,
0xe3550000,
0x0a000063,
0xe3130002,
0x0a000001,
0xe59f02ec,
0xfa0004ea,
0xe59f32e8,
0xe5932490,
0xe3c22001,
0xe5832490,
0xe5932540,
0xe3c22001,
0xe5832540,
0xe59325f0,
0xe3c22001,
0xe58325f0,
0xe59326a0,
0xe3c22001,
0xe58326a0,
0xe5932750,
0xe3c22001,
0xe5832750,
0xe5932800,
0xe3c22001,
0xe5832800,
0xe59328b0,
0xe3c22001,
0xe58328b0,
0xe5932960,
0xe3c22001,
0xe5832960,
0xe59323fc,
0xe3520000,
0x1afffffc,
0xe5932304,
0xe3822002,
0xe5832304,
0xe5932308,
0xe7e12cd2,
0xe3520003,
0x1afffffb,
0xe59f3244,
0xe59330a4,
0xe3130002,
0x0a000005,
0xe59f0250,
0xfa0004c1,
0xe59f024c,
0xfa0004bf,
0xe59f0248,
0xfa0004bd,
0xe59f3234,
0xe59321c4,
0xe3c22001,
0xe58321c4,
0xe5932030,
0xe3822020,
0xe5832030,
0xe5932004,
0xe2022003,
0xe3520003,
0x1afffffb,
0xe59f41f0,
0xe59430a4,
0xe3130002,
0x0a000001,
0xe59f0208,
0xfa0004ac,
0xe59430a4,
0xe3130001,
0x18bd8830,
0xe59430a4,
0xe3130002,
0x0a000001,
0xe59f01ec,
0xfa0004a4,
0xe59f31e8,
0xe3e02102,
0xe59f41b0,
0xe58320a0,
0xe3e02c13,
0xe5832090,
0xe3e02401,
0xe5832094,
0xe59f21cc,
0xe583209c,
0xe59430a4,
0xe3130002,
0x0a000001,
0xe59f01bc,
0xfa000495,
0xe3a03002,
0xe5843008,
0xe59430a4,
0xe3130002,
0x0a000001,
0xe59f01a4,
0xfa00048e,
0xe59f3190,
0xe59f219c,
0xe58320a8,
0xe8bd8830,
0xe3130001,
0x1a000005,
0xe5845004,
0xe59430a4,
0xe3130002,
0x0a000001,
0xe59f017c,
0xfa000482,
0xe59f4130,
0xe59430a4,
0xe3130002,
0x0a000001,
0xe59f0168,
0xfa00047c,
0xe59f3148,
0xe3e02000,
0xe58320a8,
0xe59430a4,
0xe2133001,
0x1a000005,
0xe5843008,
0xe59430a4,
0xe3130002,
0x0a000001,
0xe59f013c,
0xfa000470,
0xe59f3100,
0xe5932030,
0xe3c22020,
0xe5832030,
0xe5932004,
0xe2022003,
0xe3520003,
0x0afffffb,
0xe5932304,
0xe3c22002,
0xe5832304,
0xe59321c4,
0xe3822001,
0xe58321c4,
0xe59f30b0,
0xe59330a4,
0xe3130002,
0x0a000001,
0xe59f00f0,
0xfa00045c,
0xe59f30b0,
0xe5932490,
0xe3822001,
0xe5832490,
0xe5932540,
0xe3822001,
0xe5832540,
0xe59325f0,
0xe3822001,
0xe58325f0,
0xe59326a0,
0xe3822001,
0xe58326a0,
0xe5932750,
0xe3822001,
0xe5832750,
0xe5932800,
0xe3822001,
0xe5832800,
0xe59328b0,
0xe3822001,
0xe58328b0,
0xe5932960,
0xe3822001,
0xe5832960,
0xe283384f,
0xe59330a4,
0xe3130001,
0x1a000007,
0xe59f0078,
0xfa00043d,
0xe59f304c,
0xe3e02000,
0xe58320a0,
0xe5832090,
0xe5832094,
0xe583209c,
0xf57ff05f,
0xf57ff04f,
0xe8bd8830,
0xf05c0000,
0xf0e0271f,
0xf0e02759,
0xf0e02730,
0xf0e0273b,
0xf0e02746,
0xf00d0000,
0xf0e0275c,
0xf0e02772,
0xf0e02799,
0xf0e027c0,
0xf0e027e6,
0xf0020000,
0xfff7ffbf,
0xf0e027f5,
0xf0e02805,
0x00010107,
0xf0e0281a,
0xf0e0282c,
0xf0e02843,
0xf0e02854,
0xf0e02878,
0xe59f30f4,
0xe5932000,
0xe3120001,
0x112fff1e,
0xe92d4830,
0xe59f40e4,
0xe28db00c,
0xe5942110,
0xe59310cc,
0xe1822001,
0xe5842110,
0xe59330a4,
0xe3130002,
0x0a000005,
0xe59f00c4,
0xfa00040e,
0xe5940110,
0xebfffb34,
0xe59f00b8,
0xfa00040a,
0xe5943140,
0xe3a00032,
0xe59f509c,
0xe3833002,
0xe5843140,
0xe5943140,
0xe3833004,
0xe5843140,
0xe5943130,
0xe3833401,
0xe5843130,
0xe5943130,
0xe3833001,
0xe5843130,
0xe5943140,
0xe3833001,
0xe5843140,
0xe5952000,
0xe59530a4,
0xe203320f,
0xe1833002,
0xe5853000,
0xfa00039d,
0xe59530a4,
0xe3130002,
0x08bd8830,
0xe59f004c,
0xfa0003ee,
0xe5940130,
0xebfffb14,
0xe59f0038,
0xfa0003ea,
0xe59f0038,
0xfa0003e8,
0xe5940140,
0xebfffb0e,
0xe59f0020,
0xfa0003e4,
0xe59f0024,
0xfa0003e2,
0xe59f0020,
0xfa0003e0,
0xe8bd8830,
0xf05c0000,
0xf0580000,
0xf0e0288e,
0xf0e02759,
0xf0e028a9,
0xf0e028c6,
0xf0e028e6,
0xf0e028fa,
0xe92d4830,
0xe59f421c,
0xe28db00c,
0xe59430b0,
0xe5843010,
0xe59430b4,
0xe5843014,
0xe59430b8,
0xe5843020,
0xe59430bc,
0xe5843024,
0xe59430c0,
0xe5843030,
0xe59430c4,
0xe5843034,
0xe59450a8,
0xe59430a4,
0xe3130002,
0x0a000021,
0xe59f01d8,
0xfa0003c2,
0xe59f01d4,
0xfa0003c0,
0xe1a00005,
0xebfffae6,
0xe59f01c0,
0xfa0003bc,
0xe59f01b8,
0xfa0003ba,
0xe59f01b8,
0xfa0003b8,
0xe5940020,
0xebfffade,
0xe59f01a0,
0xfa0003b4,
0xe59f01a4,
0xfa0003b2,
0xe5940024,
0xebfffad8,
0xe59f0188,
0xfa0003ae,
0xe59f0190,
0xfa0003ac,
0xe5940030,
0xebfffad2,
0xe59f0170,
0xfa0003a8,
0xe59f017c,
0xfa0003a6,
0xe5940034,
0xebfffacc,
0xe59f0158,
0xfa0003a2,
0xe59f414c,
0xe3a00064,
0xe5845000,
0xfa000348,
0xe59450ac,
0xe59430a4,
0xe3130002,
0x0a000005,
0xe59f0148,
0xfa000398,
0xe1a00005,
0xebfffabe,
0xe59f0120,
0xfa000394,
0xe5845000,
0xf57ff06f,
0xf57ff04f,
0xe59430a4,
0xe3130001,
0x1a000037,
0xe59430a4,
0xe3130002,
0x0a000001,
0xe59f0110,
0xfa000389,
0xe59f30e8,
0xe3a02068,
0xe5832004,
0xe3e02afe,
0xe5123ef7,
0xe3833301,
0xe5023ef7,
0xe59f40cc,
0xe59430c8,
0xe3530000,
0x1a00002c,
0xe59f00e0,
0xfa00037c,
0xf57ff06f,
0xf57ff04f,
0xe3a00f7d,
0xfa000322,
0xe59430a4,
0xe3130002,
0x0a000017,
0xe59f00c0,
0xfa000373,
0xe59f00bc,
0xfa000371,
0xe59f30b8,
0xe5930040,
0xebfffa96,
0xe59f0080,
0xfa00036c,
0xe59f00a8,
0xfa00036a,
0xe594000c,
0xebfffa90,
0xe59f0068,
0xfa000366,
0xe59f0094,
0xfa000364,
0xe3e03afe,
0xe5130ef7,
0xebfffa89,
0xe59f004c,
0xfa00035f,
0xe59f007c,
0xfa00035d,
0xe3a00f7d,
0xfa000305,
0xe59f2030,
0xe59230a0,
0xe3530000,
0x1afffffc,
0xe8bd8830,
0xe3e02afe,
0xe5123e77,
0xe3833301,
0xe5023e77,
0xeaffffce,
0xe59f3038,
0xe59420c8,
0xe5832040,
0xeaffffd0,
0xf05c0000,
0xf0e02759,
0xf0e02910,
0xf0e0291c,
0xf0e02924,
0xf0e0292c,
0xf0e02934,
0xf0e0293c,
0xf0e02948,
0xf0e0295b,
0xf0e0298c,
0xf0e0296a,
0xf05f0000,
0xf0e02974,
0xf0e0297e,
0xf0e02988,
0xe92d4800,
0xe28db004,
0xe8bd8800,
0xe92d4800,
0xe28db004,
0xe8bd8800,
0x414d5a4c,
0x0d000a0d,
0x5a4e550a,
0x00214b4f,
0x4e550a0d,
0x6961465a,
0x6400216c,
0x735f7264,
0x64656570,
0x0d642520,
0x5043000a,
0x30343155,
0x44002030,
0x0d454e4f,
0x003e000a,
0x0d415052,
0x5244000a,
0x61204d41,
0x73656363,
0x61662073,
0x0a0d6c69,
0x696e6900,
0x72657620,
0x25783020,
0x0d783830,
0x6464000a,
0x6e692072,
0x64207469,
0x0d656e6f,
0x3d09000a,
0x6275533e,
0x75646d2d,
0x49584120,
0x61686320,
0x6c656e6e,
0x616e6520,
0x0d656c62,
0x7830000a,
0x31303046,
0x30373131,
0x46783020,
0x31313030,
0x20343731,
0x30467830,
0x31313130,
0x30203837,
0x30304678,
0x37313131,
0x000a0d43,
0x30467830,
0x31313130,
0x30203038,
0x30304678,
0x38313131,
0x78302034,
0x31303046,
0x38383131,
0x46783020,
0x31313030,
0x0d433831,
0x3d09000a,
0x6275533e,
0x75646d2d,
0x49584120,
0x616c5320,
0x70206576,
0x2074726f,
0x62616e65,
0x6428656c,
0x62617369,
0x2064656c,
0x746f7270,
0x65746365,
0x0a0d2964,
0x46783000,
0x30313030,
0x3d303230,
0x3e3d0900,
0x2d627553,
0x2075646d,
0x20495841,
0x6e616863,
0x206c656e,
0x61736964,
0x0d656c62,
0x7861000a,
0x68635f69,
0x705d005b,
0x696c6c6f,
0x7420676e,
0x6f656d69,
0x0a0d7475,
0x30304600,
0x37313131,
0x30462030,
0x31313130,
0x46203437,
0x31313030,
0x20383731,
0x31303046,
0x43373131,
0x46000a0d,
0x31313030,
0x20303831,
0x31303046,
0x34383131,
0x30304620,
0x38313131,
0x30462038,
0x31313130,
0x0a0d4338,
0x3e3d0900,
0x2d627553,
0x2075646d,
0x20495841,
0x76616c53,
0x6f702065,
0x64207472,
0x62617369,
0x6528656c,
0x6c62616e,
0x72702065,
0x6365746f,
0x29646574,
0x5b000a0d,
0x65736163,
0x67657220,
0x65747369,
0x003d5d72,
0x7361635b,
0x5d312065,
0x5b000a0d,
0x65736163,
0x0d5d3220,
0x3d09000a,
0x7369443e,
0x656c6261,
0x49584120,
0x55414d28,
0x000a0d29,
0x503e3d09,
0x696c6c6f,
0x4120676e,
0x69204958,
0x0d656c64,
0x0909000a,
0x20203e3d,
0x20202020,
0x67626420,
0x5f72775f,
0x6d655f71,
0x20797470,
0x2831203d,
0x74706d65,
0x0a0d2979,
0x3d090900,
0x6762643e,
0x5f64725f,
0x6d655f71,
0x44797470,
0x5f4d4152,
0x3d204c43,
0x65283120,
0x7974706d,
0x000a0d29,
0x443e3d09,
0x62617369,
0x4420656c,
0x26204946,
0x746e6520,
0x73207265,
0x20666c65,
0x72666572,
0x0d687365,
0x3d09000a,
0x7365523e,
0x4d207465,
0x0a0d5541,
0x3e3d0900,
0x62616e45,
0x6920656c,
0x0a0d6f73,
0x3e3d0900,
0x65736552,
0x61502074,
0x74697472,
0x0d6e6f69,
0x3d09000a,
0x616e453e,
0x20656c62,
0x65776f50,
0x000a0d72,
0x523e3d09,
0x61656c65,
0x50206573,
0x69747261,
0x6e6f6974,
0x09000a0d,
0x69443e3d,
0x6c626173,
0x73692065,
0x000a0d6f,
0x453e3d09,
0x20746978,
0x666c6573,
0x66657220,
0x68736572,
0x65202620,
0x6c62616e,
0x46442065,
0x000a0d49,
0x523e3d09,
0x61656c65,
0x41206573,
0x4d284958,
0x0d295541,
0x6952000a,
0x534f676e,
0x6c632043,
0x206b636f,
0x6c727463,
0x31783028,
0x3d293031,
0x6e695200,
0x43534f67,
0x73797320,
0x206d6574,
0x636f6c63,
0x7830286b,
0x29303331,
0x6952003d,
0x534f676e,
0x6f6d2043,
0x656c7564,
0x6f6c6320,
0x65206b63,
0x7830286e,
0x29303431,
0x2d09003d,
0x7465533e,
0x72207075,
0x20676e69,
0x0d63736f,
0x2d09000a,
0x7465533e,
0x20207075,
0x20434d50,
0x636f6c63,
0x000a0d6b,
0x434d505b,
0x67666320,
0x003d5d30,
0x3278305b,
0x003d5d30,
0x3278305b,
0x003d5d34,
0x3378305b,
0x003d5d30,
0x3378305b,
0x003d5d34,
0x434d505b,
0x67666320,
0x003d5d31,
0x443e3d09,
0x62617369,
0x7020656c,
0x7265776f,
0x30000a0d,
0x35304678,
0x34303046,
0x0d303d30,
0x7520000a,
0x69206273,
0x003d746e,
0x20434d50,
0x63307830,
0x5f47003d,
0x5f746e49,
0x003d6e65,
0x3d3d3d3d,
0x3d3d3d3d,
0x3d3d3d3d,
0x3d3d3d3d,
0x3d3d3d3d,
0x3d3d3d3d,
0x0d3d3d3d,
0x0000000a,
0xf0e02a91,
0xf0e029c1,
0xf0e02a15,
0xf0e02af9,
0xf0e029f9,
0xf0e029dd,
0x4a04b580,
0x6813af00,
0xd5fc069b,
0x60184b02,
0xbf00bd80,
0xf0290014,
0xf0290000,
0x4a04b580,
0x6813af00,
0xd5fc07db,
0x68184b02,
0xbd80b2c0,
0xf0300014,
0xf0300000,
0x4a04b580,
0x6813af00,
0xd5fc069b,
0x60184b02,
0xbf00bd80,
0xf0300014,
0xf0300000,
0x4a04b580,
0x6813af00,
0xd5fc07db,
0x68184b02,
0xbd80b2c0,
0xf0290014,
0xf0290000,
0x211a4a14,
0xaf00b580,
0xf0436813,
0x60130301,
0x3280f502,
0x68133244,
0x1380f443,
0xf8526013,
0xf4233c04,
0xf8426380,
0x4b0b3c04,
0xf042781a,
0x701a0280,
0x70114a09,
0x71112100,
0xf002781a,
0x701a027f,
0xf042781a,
0x701a0203,
0xf8032207,
0xbd802c04,
0xf0010034,
0xf029000c,
0xf0290000,
0xaf00b580,
0xffccf7ff,
0x0000bd80,
0x211a4a13,
0xaf00b580,
0xf0436813,
0x60130310,
0xf0236f53,
0x67534340,
0x3280f502,
0x68133244,
0x1300f443,
0x4b0b6013,
0xf042781a,
0x701a0280,
0x70114a09,
0x71112100,
0xf002781a,
0x701a027f,
0xf042781a,
0x701a0203,
0xf8032207,
0xbd802c04,
0xf0010034,
0xf030000c,
0xf0300000,
0xaf00b580,
0xffcef7ff,
0x0000bd80,
0x22004b08,
0xaf00b580,
0x615a6959,
0x4906545a,
0x07d2780a,
0x4a05d5fc,
0xb2d27812,
0x69597002,
0xbd80545a,
0x01017db4,
0xf0290014,
0xf0290000,
0xb5804b05,
0x781baf00,
0x0301f013,
0x4b03d001,
0x7003781b,
0xbf00bd80,
0xf0290014,
0xf0290000,
0x22004b13,
0x4d13b5f0,
0xaf004e13,
0x615a6959,
0x695a545a,
0xd9002a13,
0x7829bdf0,
0xd5f907c9,
0x46047831,
0xf804b2c9,
0x29081b01,
0x5499695a,
0xb10ad104,
0x615a3a01,
0xe7ea4620,
0xd102290a,
0x70432300,
0x290dbdf0,
0x3201d0fa,
0xbf00e7f3,
0x01017db4,
0xf0290014,
0xf0290000,
0x4604b5b0,
0xaf001845,
0xd10042ac,
0x4620bdb0,
0xf7ff3401,
0xe7f7ff9f,
0xe92d4800,
0xe3500000,
0xe28db004,
0x0a000003,
0xe3500001,
0xe59f000c,
0x13a00000,
0xe8bd8800,
0xe59f0004,
0xe8bd8800,
0xf0e029b4,
0xf0e029a8,
0x00000000,
0xb5b04b07,
0xb933af00,
0x682a4d06,
0x1e44b11a,
0x0f01f814,
0xbdb0b900,
0x685b682b,
0xe7f74798,
0x00000000,
0xf0e02bf8,
0xb5804b03,
0x6018af00,
0x6803b108,
0xbd804798,
0xf0e02bf8,
0x4604b598,
0xaf004803,
0xffdcf7ff,
0xf7ff4620,
0xbd98ffd9,
0x01005c35,
0x4605b5b0,
0xaf004809,
0xf7ff460c,
0x4628ffcf,
0xffccf7ff,
0xf7ff4806,
0x4620ffc9,
0xe954f000,
0xffc4f7ff,
0xf7ff4803,
0xbdb0ffc1,
0x01005c35,
0x01005c31,
0x01004f14,
0x4ff8e92d,
0xf8df4606,
0xf8dfa05c,
0xaf00b05c,
0x46044688,
0x0308eb06,
0xd301429c,
0x8ff8e8bd,
0x1f25480e,
0xffa6f7ff,
0x090cf104,
0xf0004620,
0xf7ffe930,
0x4650ff9f,
0xff9cf7ff,
0x0f04f855,
0xe926f000,
0xff96f7ff,
0xf7ff4658,
0x454dff93,
0x4803d1f4,
0xf7ff3410,
0xe7dbff8d,
0x01005c32,
0x01004f14,
0x01005c38,
0x01005c3b,
0xe3530000,
0x03520000,
0x1a000004,
0xe3510000,
0x03500000,
0x13e01000,
0x13e00000,
0xea000062,
0xe24dd008,
0xe92d6000,
0xeb000014,
0xe59de004,
0xe28dd008,
0xe8bd000c,
0xe12fff1e,
0xe59f3030,
0xe59f2030,
0xe00330a0,
0xe0400003,
0xe0003002,
0xe0020120,
0xe0833000,
0xe59f001c,
0xe0833223,
0xe0000003,
0xe0800400,
0xe0800800,
0xe1a00c20,
0xe12fff1e,
0x55555555,
0x33333333,
0x0f0f0f0f,
0xe1510003,
0xe92d4ff8,
0x01500002,
0xe1a04000,
0xe1a05001,
0xe59da028,
0x33a00000,
0x33a01000,
0x3a00003d,
0xe1a00002,
0xe1a01003,
0xe1a08002,
0xe1a09003,
0xeb00003d,
0xe1a01005,
0xe1a0b000,
0xe1a00004,
0xeb000039,
0xe04bb000,
0xe24b2020,
0xe1a07b19,
0xe1877218,
0xe26bc020,
0xe1877c38,
0xe1550007,
0xe1a06b18,
0x01540006,
0x33a00000,
0x33a01000,
0x3a000005,
0xe3a0e001,
0xe0544006,
0xe1a0121e,
0xe1811c3e,
0xe0c55007,
0xe1a00b1e,
0xe35b0000,
0x0a000020,
0xe1b070a7,
0xe1a06066,
0xe1a0e00b,
0xea000007,
0xe0544006,
0xe0c55007,
0xe0944004,
0xe0a55005,
0xe2944001,
0xe2a55000,
0xe25ee001,
0x0a000006,
0xe1550007,
0x01540006,
0x2afffff4,
0xe0944004,
0xe0a55005,
0xe25ee001,
0x1afffff8,
0xe1a0eb34,
0xe18eec15,
0xe18ee235,
0xe0906004,
0xe1a0400e,
0xe0a17005,
0xe1a01b35,
0xe1a05001,
0xe1a01b11,
0xe181121e,
0xe1a00b1e,
0xe1811c3e,
0xe0560000,
0xe0c71001,
0xe35a0000,
0x188a0030,
0xe8bd4ff8,
0xe12fff1e,
0xe12fff1e,
0xe92d4010,
0xe3510000,
0x1a000002,
0xeb000005,
0xe2800020,
0xea000001,
0xe1a00001,
0xeb000001,
0xe8bd4010,
0xe12fff1e,
0xe3a0101c,
0xe3500801,
0x21a00820,
0x22411010,
0xe3500c01,
0x21a00420,
0x22411008,
0xe3500010,
0x21a00220,
0x22411004,
0xe28f2008,
0xe7d20000,
0xe0800001,
0xe12fff1e,
0x02020304,
0x01010101,
0x00000000,
0x00000000,
0x00000000,
0xe51ff004,
0x01002805,
0xb5b04b2e,
0xb084492e,
0xaf0069da,
0x1a52482d,
0x4170f101,
0x0162f501,
0xf9c6f025,
0xf8d8f000,
0xf948f000,
0xf0004828,
0xf000f96b,
0xf107e986,
0x4604020c,
0x0108f107,
0xf0001d38,
0x68bbe982,
0x429a687a,
0x4821d032,
0xf950f000,
0xf7fd68b8,
0x481fef9e,
0xf94af000,
0xf000481e,
0x6878f947,
0xef94f7fd,
0xf000481a,
0x481bf941,
0xf93ef000,
0x3100f44f,
0xf0002000,
0xf000e968,
0xee11f8a9,
0xf0200f10,
0xf4200005,
0xee015080,
0xf3bf0f10,
0xf3bf8f4f,
0x48118f6f,
0xf928f000,
0x687a68b9,
0x1a50460b,
0x1a5a68fd,
0xd8034295,
0x37104620,
0xbdb046bd,
0xf84358c2,
0xe7f32b04,
0xf0e00000,
0x00008480,
0x01000000,
0x01005c3e,
0x01005c47,
0x01004f14,
0x01005c5c,
0x01005c6f,
0x01005cb3,
0xb5904913,
0x680baf00,
0xf0130c1b,
0xd11d0001,
0x0207f003,
0xd11a2a02,
0x69a24c0e,
0x0001f012,
0xf013d015,
0xd0120008,
0xf4424b0b,
0x68187280,
0x0020f040,
0x68086018,
0x2000f420,
0x20016008,
0xf0416819,
0x60190104,
0xbd9061a2,
0xbd902000,
0xf0a50004,
0xf0e00070,
0xf0a50010,
0xb5804b05,
0x699baf00,
0xd50305da,
0x68134a03,
0xd4fc075b,
0xbf00bd80,
0xf0e00070,
0xf0a50010,
0xb5804b0b,
0x681baf00,
0xf0130c1b,
0xd10c0001,
0x0307f003,
0xd1092b02,
0x20014b06,
0xf240699a,
0x43931301,
0x2000bf18,
0x2000bd80,
0xbf00bd80,
0xf0a50004,
0xf0e00070,
0xb5804b04,
0x6819af00,
0x1a52681a,
0xd3fb4282,
0xbf00bd80,
0xf0040108,
0x6842b590,
0x6804af00,
0x46032000,
0x42930852,
0xb280d101,
0xf834bd90,
0x44191013,
0x44083301,
0x0000e7f5,
0x2300b580,
0xee07af00,
0xee073f15,
0xf3bf3fd5,
0xf3bf8f4f,
0xbd808f6f,
0xaf00b5f0,
0x2802b198,
0x4b11d110,
0x4b11681e,
0xc000f8d3,
0xf1c32304,
0x22010320,
0xf303fa02,
0x42b22200,
0xb109db08,
0x8f4ff3bf,
0xf04fbdf0,
0x23020c80,
0xe7ee2604,
0x24004605,
0xdb024564,
0x44183201,
0x3540e7ed,
0x5f56ee07,
0xe7f53401,
0xf0e01020,
0xf0e0101c,
0x2100b580,
0xaf004608,
0xffcef7ff,
0x20022100,
0xffcaf7ff,
0x8f4ff3bf,
0xb5f0bd80,
0xb198af00,
0xd1102802,
0x681e4b11,
0xf8d34b11,
0x2304c000,
0x0320f1c3,
0xfa022201,
0x2200f303,
0xdb0842b2,
0xf3bfb109,
0xbdf08f4f,
0x0c80f04f,
0x26042302,
0x4605e7ee,
0x45642400,
0x3201db02,
0xe7ed4418,
0xee073540,
0x34015f5e,
0xbf00e7f5,
0xf0e01020,
0xf0e0101c,
0x2100b580,
0xaf004608,
0xffcdf7ff,
0x20022100,
0xffc9f7ff,
0x8f4ff3bf,
0xbf00bd80,
0x4a04b580,
0x7813af00,
0xd5fc069b,
0x70184b02,
0xbf00bd80,
0xf0290014,
0xf0290000,
0x1e41b580,
0xf811af00,
0xb9000f01,
0xf7ffbd80,
0xe7f8ffe9,
0xaf00b580,
0xfceaf7ff,
0xb598bd80,
0xaf00460c,
0xfce4f7ff,
0xf7ff4805,
0x4620fce1,
0xe818f000,
0xfcdcf7ff,
0xf7ff4802,
0xbd98fcd9,
0x01005c31,
0x01004f14,
0x00000000,
0xe51ff004,
0x01001429,
0xe51ff004,
0x01001409,
0xe51ff004,
0x01002e39,
0xe51ff004,
0x01002805,
0x314c4342,
0x0b000000,
0xb8160100,
0x276e0000,
0x0100005d,
0x00e44000,
0x00000000,
0xba160000,
0x88c8045a,
0xa25c6b93,
0x0a59a4ec,
0xd7b751a0,
0x69ccfca9,
0xf0b179f4,
0x12b38ea4,
0x7a8e87a3,
0x8961351e,
0x86ad1ffd,
0xba2a77a2,
0x30be3ec9,
0xe2900061,
0x927ed089,
0x8142209d,
0x113d0c28,
0x4a41e8de,
0xc9fa4cf5,
0x1f2ca197,
0x55f664ea,
0xf0a94a13,
0xc015d81a,
0xfb985e10,
0x74443b91,
0x56c71590,
0x734965cd,
0xc726b290,
0x9b9b1a55,
0x6f7dbc7d,
0xa6d82ed7,
0x4ef0c6dd,
0x7bea096c,
0xa1f620c0,
0x35ce18cb,
0xccb1cd5a,
0x11f08ef9,
0x2218b2ff,
0x0104e65c,
0x975312eb,
0x3bc31ded,
0x64246512,
0x8a735a09,
0xa03a9132,
0x8c11e49d,
0x2dccadc3,
0x71f7261e,
0xaf9e51a8,
0x6b2ee359,
0x4740877a,
0xc3f6a5f6,
0x692a81ce,
0xa712d708,
0x8440a3b4,
0xf4eec944,
0xcd9f4e99,
0x19d3828a,
0xd9611a27,
0xddf04855,
0x0de99ffb,
0x01d8688c,
0xc98c6abf,
0x85639f7d,
0xab387bae,
0xf5ef72cb,
0xd05042ca,
0x8214b12e,
0x3b5d94b9,
0xc35e5994,
0x013a845f,
0x5691adf2,
0xe90544e5,
0xcd6909dc,
0x9597a46e,
0xf7be5da3,
0xe96e126b,
0xe4cd0929,
0xf1a7b9fd,
0x6cb4f76c,
0x2f8a56b8,
0xee7ac09c,
0x35237910,
0x4a191bb4,
0x7d7ef30a,
0x4a45c699,
0x0a283525,
0x3366cc55,
0xccc21870,
0xe1de4443,
0x566d00ce,
0xa5865ec4,
0x67b21c7e,
0x8b036bcb,
0xdf2cf47d,
0x349b8025,
0xa130f461,
0xe093ae77,
0xf6b34d82,
0x09ed55b7,
0xd13d65af,
0x41cf6acd,
0x45f1ed1d,
0x6d0e6190,
0xdd1ca025,
0xa8b4dbbe,
0xac7297c0,
0x221cd069,
0x152ec573,
0x0323baee,
0xec74d1ad,
0xa06c702f,
0xdd57a480,
0xb44dc116,
0x6162914f,
0xb8225dd9,
0x79c608d1,
0x2c3167bd,
0xdefee08c,
0x7dd5e85d,
0xbc6b4f3e,
0x34eec525,
0x0d86c2ef,
0xda9d5362,
0xbaae754a,
0x33989bb8,
0xb2f8b1ed,
0x502db987,
0xbcc9f4a1,
0xd48b026e,
0x2d99fbd1,
0xf26bffa8,
0xe2783f06,
0xc103dcb6,
0x3e2cc424,
0x4b3822ec,
0xc48e2eaf,
0xc96daf61,
0x2edbbbe9,
0x622790ad,
0x12752f2e,
0x632f9310,
0x91580b19,
0x518fae21,
0xebe90d99,
0x1ddfe063,
0x8bc9b540,
0x0e69302d,
0x619f8d63,
0xccfbb29d,
0x9029af87,
0x6ea322b3,
0xdf6ed068,
0x0de0031c,
0x0f6ac22e,
0xe5ef2695,
0xdb12aa9d,
0x5dae25f1,
0xe5cf1fd8,
0xd6137df6,
0xa00bd44c,
0xff1410e5,
0xc588fa11,
0xf773b220,
0x45c82cef,
0x4f94a4ed,
0xfa9ffa57,
0x89accca4,
0x7b09ae11,
0x6aeaa6f7,
0xca7098ec,
0x011c1f72,
0x398e2de8,
0x349a1c58,
0xd9a9183a,
0x426e1913,
0xb757ed17,
0xebb74983,
0x70a7853a,
0xfc4360a3,
0x41764dd1,
0x5f2329d4,
0xe34c8aca,
0x6ade22f4,
0x4093706b,
0xad693d3c,
0x9a9bd338,
0x92085d58,
0x87f9c817,
0x55fed8b6,
0xf9ed650f,
0x2ededffe,
0xaac5e251,
0xf98f4b77,
0x35427442,
0xcd54a46e,
0x671fc3e2,
0x2265c0c2,
0x23705b4a,
0x5704218f,
0xef9543f4,
0x56b3631d,
0xfb705622,
0xe4ffea1d,
0xfda352f3,
0x7e2c71cf,
0xfd39e66d,
0x1aca518b,
0x970191c2,
0xa1170c5f,
0xb4b4c197,
0xdd1039bb,
0xb0f132c6,
0x4917cd06,
0xa83d8af5,
0xc1d918dd,
0xcc3c2e7e,
0x31da7017,
0x2e24e2f2,
0x2563941d,
0x898be5d8,
0x7ebbd259,
0x754b7227,
0x2ccda85b,
0x734d8480,
0xd4803614,
0x9028943e,
0xf175cfc5,
0x098cb551,
0x74555965,
0x48e636fd,
0x3f308876,
0xe3058596,
0x8c14504b,
0x55f4dd91,
0x2f70bef7,
0x390f058e,
0x927f56ac,
0x45ba33c8,
0xb9dfa07c,
0x848dadb6,
0x1d423544,
0x756e0f9e,
0x002d4275,
0x47c9653a,
0xee609bf2,
0x5c9edd7b,
0xc7c82b87,
0x68c8cc4d,
0x49c67eb7,
0xe7d9eece,
0xdbacb750,
0x9638f50c,
0xf1640670,
0x31fb6844,
0x39a990de,
0xf0a5e3ec,
0x14e82df9,
0xdbc6fcfb,
0x37ceb31b,
0x40804c76,
0xc801dcaa,
0xc5bb4872,
0x7d952a87,
0xb18beec5,
0x2ba8857f,
0x20a10bc9,
0x0d62261e,
0x7857f706,
0xdfe691c7,
0xc06cc631,
0xe81c3574,
0xe1ef6965,
0x5fce5a42,
0x6efee1e4,
0xcbbe3923,
0xd042b28b,
0x668ed05c,
0xa45dbbee,
0xd850fd80,
0x6365d50c,
0xfbe49b05,
0x64eaacab,
0xd7349432,
0x724aa009,
0x506182b3,
0x7945c925,
0xff14559e,
0xe265769e,
0xf615dfd8,
0xf177c39e,
0x3a98b22b,
0xa4160734,
0x53924ecb,
0x8798a7d3,
0x24955fea,
0x32fbd8f4,
0x84ec0f33,
0x365cfbaa,
0x3b0e941d,
0x310f1d6c,
0xcec2b402,
0x9fd67311,
0xd25f9a3d,
0x8591cbcc,
0xb394f933,
0xfe864fc8,
0xb7f25d65,
0x07e734df,
0xeb513028,
0x2cbc252c,
0x1b72c709,
0x4b5fae5c,
0x81711963,
0x33ba3e51,
0xb6ec784d,
0x9ff55161,
0x9f7f77d4,
0x77b0e393,
0x74161bb8,
0x87606716,
0xdf928ccb,
0xec2a8157,
0x04b41ccc,
0xab1986d1,
0x99bd3085,
0x56d51037,
0x40827abe,
0x2a93c15a,
0x220aff59,
0x5bf80110,
0xb70af5b5,
0x3bbf1ae7,
0x05684c2e,
0x9fa7413a,
0xaa08a4c2,
0x7ecdb98c,
0xa9fa1078,
0xe90fdc00,
0xc801dc05,
0xd40abadc,
0x5231cfe2,
0xdfbf444c,
0xa82bd2e1,
0x35c9d485,
0x1e189b5b,
0x939b74f8,
0x65f309ea,
0x784e2b04,
0x78e7663f,
0x6c87b487,
0x36279390,
0x11941418,
0x3cb72c85,
0x27a85339,
0xee925729,
0x5b346fc3,
0xf6240b4b,
0xdf0b857d,
0x701605e1,
0xdf115c08,
0x86fedae8,
0x4f38decf,
0xee029656,
0xfbf3763a,
0x3549801a,
0xc7c457c6,
0xc4ed6da4,
0x75d63d03,
0x96526583,
0x829ec90c,
0xb56538da,
0x0526b514,
0xce585cbc,
0x29900bb6,
0x2644b8ef,
0x72d61ee6,
0xef4f24bb,
0xc12bbb78,
0x4d77559a,
0x1df6d8d5,
0x299818a5,
0x94aaf815,
0xa2780618,
0xc011ebd9,
0x6a5b8a0b,
0x1826c76a,
0xc0ba364e,
0x56e13275,
0xfeb8bdd7,
0xf32a4935,
0x3e175c77,
0x26094e38,
0xf67985d4,
0x1286dc75,
0x0772bea8,
0x16082437,
0x95be19a3,
0x56171ce9,
0x73571620,
0x8e39bf95,
0x8987f0dc,
0xe398f06c,
0x5007f2c1,
0xf61ff386,
0xb963b159,
0xe60dccb5,
0xcbe328d2,
0x258e05a3,
0x494403bc,
0x1e73a133,
0x75a15a94,
0x4fc45673,
0xc70c95bc,
0x9a888c5b,
0xe6a658ac,
0xad097467,
0x2ca06470,
0x96c53dfa,
0xb9159016,
0x90c2560f,
0xb5616d89,
0xcfaa7bec,
0xdc0e4ea7,
0x8a9a0e49,
0x98154540,
0x1f44ee68,
0x18310b4f,
0x35f7ff32,
0x900b3082,
0xca1c1ee7,
0xd4dc01fa,
0x8f6c7720,
0x4e9a07cf,
0x23e68d3e,
0x55c3d2c3,
0x3eefc947,
0xf686cda1,
0x0354e7db,
0xb0f45d27,
0x5f7a6c98,
0x39a3661b,
0x1489f6fb,
0xa07c7fa4,
0x552fc95a,
0x85b7dcc4,
0x313d722d,
0xebd65644,
0xbb14864e,
0x7383b5db,
0x83e9af4b,
0x8fef1217,
0x5d2940b5,
0xf1ae39f9,
0xee24dcff,
0x0a41899d,
0xfbb2af9a,
0x7133c51f,
0xf138f23d,
0xa8330e2e,
0x709417ab,
0x29828efc,
0x562db4ad,
0x1ccc2034,
0x828884c6,
0x2c45ef59,
0x695acb29,
0xf786e74b,
0xccd1c444,
0x41007aa7,
0x1216e4f7,
0xd8abd96d,
0xf9d5f9a4,
0x74c5d1d0,
0x5299f49a,
0xee749150,
0x19a3ebf7,
0x39f50c58,
0xfba889e3,
0x408c4d39,
0xb2ba943b,
0x2bdfa3ee,
0xcda3063e,
0xce1de908,
0xc633a0b6,
0xe581bf88,
0xf0581a78,
0x0705647c,
0x3ad36cf2,
0xc065cb69,
0xb127a9a7,
0x8df3b2ab,
0x509279a1,
0xcf421229,
0xb233f4d5,
0xf5942566,
0x077488e3,
0x867bb644,
0x3c838d9c,
0x863cb858,
0xa3f4717f,
0xe5b1cbcb,
0x73ec5d1b,
0xe169d323,
0x9dc80565,
0xf0051965,
0xc57944c3,
0x05a89aec,
0xd81d9c5a,
0x4eade0f3,
0x3db364e9,
0x6fd2e8f0,
0x77af798d,
0x6d669aee,
0xb4a853fd,
0x1618f43a,
0xf8439a04,
0xdc030fb3,
0x252bc187,
0x912d15ec,
0xcebffed4,
0xd71a6a4d,
0xbdcfa3a9,
0xa7a778ab,
0x494b6140,
0xab614f2b,
0x487678fd,
0x6d4a415d,
0x82c6a839,
0xc1899dd7,
0xecb17fff,
0x15365085,
0xe869899a,
0x87c941c8,
0x53a6ac95,
0xa370f491,
0xb4e04581,
0xc31ce26d,
0xeb480d3e,
0x7a04a813,
0x2d1a522e,
0x3328ccdb,
0xbbfdceda,
0xc19da02d,
0xb5dad7d9,
0xb903dc05,
0x468088f9,
0x38c2f0bd,
0xd493cf92,
0xc482c492,
0x2c68a93b,
0x474c7d49,
0xaed18160,
0x73249061,
0x1f6142c3,
0x18385b51,
0x0c54ece7,
0x3918f893,
0x022865bc,
0x77b1c809,
0xc0553703,
0x8ceb08a7,
0x104d2713,
0x0562d9b0,
0x33712463,
0x177c5100,
0x2f775e03,
0x1c11150a,
0x6e2b70a0,
0xf7d55905,
0x46cbf264,
0x3f32ebab,
0x5309480e,
0x38a5ceea,
0x1cecac4a,
0x36bcb99d,
0x4ea2b5e2,
0x30fd2223,
0x1cddd8ce,
0x519442dd,
0x3fb18a4e,
0xe59649db,
0x6aa8b10e,
0xb532c391,
0x16b5d457,
0xefc7b742,
0x9fa5157c,
0x4a1a8af0,
0xa3d7bc8a,
0x4f53385c,
0xdcf4474c,
0x803a9f04,
0x2c59e5d9,
0xf24cd9a2,
0x6daa9179,
0x06a60168,
0x69a2faba,
0xcbdf9548,
0x0f8b4a3d,
0xb908a6ff,
0x4b6bc6d8,
0x9f136178,
0x6b2b413f,
0x6e0d36e3,
0x40719f92,
0x4c10d511,
0x1cf20ebf,
0xb7694f4b,
0x5ecf1a56,
0x5f793ee3,
0xd81ca6fa,
0xbe2deb86,
0x8752e056,
0x90d6df8e,
0xab2ff191,
0x33546451,
0xc4b4e138,
0x5b2272ca,
0x69eb4387,
0x6926c8d1,
0x8b71eb6a,
0xfb37616d,
0x2f000120,
0x926a2df1,
0x68117805,
0xe719606e,
0x935c55f3,
0x098513e8,
0x87f4d01c,
0x67e79c68,
0x914fe51b,
0x533b79b7,
0x74c688d6,
0xdf22eb30,
0xd776111a,
0xd0780728,
0x4c21af59,
0x42bce737,
0x4fe2ff15,
0x3c9b1693,
0x960e95f6,
0xaaa8cf90,
0xf04c9d99,
0x4c9ea885,
0xb0bbbcba,
0xfb82fbf9,
0x2a2affc0,
0x8e5202ad,
0xe37c9bfc,
0xf910b365,
0x150fd620,
0x1cb1d626,
0x3770497e,
0x09633493,
0x5344fa97,
0x9fbdc07c,
0x02393b0b,
0xab84a723,
0xbc70b569,
0xc4773040,
0x5b0f0bd8,
0x262c2a55,
0xd697433a,
0x147910e2,
0xcb97566f,
0x133be09f,
0x9e0e5bfa,
0x009130c3,
0x3849acfc,
0x6121a088,
0xf9f860f9,
0xa23cb6ad,
0x2884d09c,
0xd6917aea,
0xb5a5965e,
0x156e8345,
0xc27f9f77,
0x6556c7b9,
0x40a25912,
0x1bdf0e61,
0x297ce2ab,
0xf06c1a88,
0xa8781757,
0x897cb67a,
0x82dc8816,
0x9b4319a0,
0xab70145c,
0xac1b7e4f,
0xfd0e731e,
0xf4aed7d9,
0xd4f61aa6,
0xf0d00add,
0xea7a21dc,
0x860b9598,
0x36e14e84,
0xde9966ab,
0x882475b4,
0x668bebf4,
0xfbe0b022,
0xf4fe9d89,
0xa927e81d,
0xbfcd99ae,
0x292969b2,
0x17c77556,
0x7e3368bc,
0xf4d4bd6c,
0x0c00d644,
0x96f07e59,
0xf29863a6,
0xd03587b1,
0x9d484033,
0x70ee2367,
0x6fc09c53,
0xa57bce2e,
0x149310e7,
0x6c73a1ec,
0x8cc9157b,
0x50ac00ec,
0xe769d4ea,
0x752c57d1,
0x0790596f,
0x44336d71,
0xb8c73e6b,
0x960c1691,
0x4957e9f0,
0x50fbc91c,
0x028fc3c8,
0x2fad8fd4,
0x8a71fa5d,
0xbed4fb71,
0x2ede3a66,
0x6803d500,
0x101bcff7,
0x66cc7b31,
0x16ce24dc,
0x017a765a,
0x5ba3cd0a,
0xa3d5c7cb,
0x58f068d8,
0xb04aa370,
0x94160289,
0x9d844539,
0x91aa39ae,
0x635183ca,
0x4ec0f7a9,
0x70810fa5,
0xfae70112,
0x5a3ee13d,
0x7211db00,
0xd66a0945,
0xefc142c5,
0xa1917fbc,
0xc97490fc,
0xbba97179,
0x2a8813aa,
0xc8ad428d,
0xa4c0ec41,
0xde2ebae7,
0xfd6860b8,
0xd57daff6,
0x7f1ed250,
0xeab52bfd,
0x72933d29,
0xc27d68dc,
0x0298e817,
0x4200587b,
0x9c0aa944,
0x77bc26c6,
0x04efab2d,
0x9a0315e3,
0x12b60d81,
0x09b7b908,
0x72b7b39b,
0xc6254c1d,
0xe3b4b82c,
0xd2e9ada1,
0x192fb693,
0x10a61552,
0x9f5e97e6,
0xe0b06568,
0x02b38281,
0x6c9d6919,
0xf20fafd6,
0xea850130,
0xc439d7e2,
0xf40729df,
0xec2b5c29,
0xbf634d28,
0x5307b733,
0x88b28852,
0x7f966d3c,
0x386c4455,
0x23680be4,
0x76236e41,
0xab96eaf0,
0x02c4e3b7,
0x83134bd2,
0x88ab4edf,
0xfd97b437,
0xb0549fe8,
0x3175f6c3,
0x91e4b046,
0x90fbdae2,
0x8e1b6e5a,
0x93730678,
0xb9dc980f,
0xedb4e14d,
0xc0311235,
0xe6b32862,
0xba5140fa,
0x3b51246b,
0x905c8f5f,
0x0182ff0c,
0x3bf80d7e,
0x421abe6d,
0x51c848d0,
0x980c531a,
0xfe055347,
0x5306dcbf,
0xfede9258,
0x370f5a3a,
0x4d6559c6,
0x134f4f8b,
0x84fe3d93,
0x9eabc527,
0x4bf11c9b,
0x01633081,
0xba66630f,
0x3e666938,
0x5ab9cedb,
0x681b6d76,
0x5bb8407a,
0x09f7b299,
0x8f6d43a3,
0x90c7681a,
0x1fc9e8c9,
0x84dbb5dd,
0x7cd7af20,
0xd7519d60,
0x3d612b80,
0x6169d8dd,
0xc6d29941,
0xfdf847bf,
0x84b7ad73,
0xd3c9e712,
0x90c886a2,
0x4949155e,
0x51d5b115,
0x8143933f,
0xd5636b11,
0xf8c16d55,
0xd18f5dbc,
0xdc90d22c,
0x56d65e60,
0x4eb1d9cf,
0xc631a363,
0x29404535,
0xf5f73930,
0xdba23654,
0x6a1078a8,
0xda3b5290,
0xfd34ea06,
0x948cd269,
0x85b10a7c,
0x11b046d3,
0x9cfa67dd,
0xd8cb5caa,
0xbaa2253c,
0x435107e1,
0x118b96b1,
0xeac40720,
0x56e1ec7a,
0xdddeba98,
0xd7f6cf8c,
0x76044358,
0xc2347eaf,
0x9ca60891,
0x2f6db4ad,
0xdcaf40f5,
0xb6964809,
0x5b8faa0e,
0xdcf961be,
0x8ec24119,
0xf9e243f6,
0xe8a5bc19,
0xbd0c8189,
0x76e9a26a,
0x3a2c7773,
0x8fed2314,
0xbc50f7ce,
0x315924ab,
0x810b0581,
0xe49c3b15,
0xa0ce9281,
0xc2c6bf2f,
0xa82825bf,
0xd5abc453,
0x838f7ad9,
0x2249e0bb,
0xde630a82,
0x12d9472e,
0xa6b47b44,
0x810f8959,
0x60ccc799,
0x26187886,
0x95b7e303,
0xbe2a00a0,
0x071dd2ce,
0xdfc82066,
0x819d440f,
0xd69e215c,
0x5b836294,
0x1a38fae0,
0xffb1fb9e,
0x86b5a9e7,
0x4d0bf646,
0x51a7c644,
0x3498a1c9,
0x4e15f282,
0x14833066,
0x7ea392b5,
0x7ae08435,
0xf4ff4ee1,
0x14935abb,
0x08d8442a,
0x68e50aa1,
0xe2fd29ec,
0xd23bdf5f,
0x95d5f283,
0xe107797a,
0xd6bf9410,
0x0405315e,
0x661205c1,
0x1f5f851c,
0x4ef7fc82,
0x6b1b0fbc,
0xa5aa7784,
0x87d16f41,
0x4dea6a21,
0x1e112400,
0xa894f3d0,
0x596e9a56,
0xb7ccf824,
0x265b834b,
0x52a8fc1e,
0x6a99053f,
0x4a179fbe,
0x53e07bc6,
0x97734759,
0x116abe18,
0xeaed3470,
0xe0bab2c2,
0x52529e0a,
0x95537e84,
0xdb91a74e,
0x851afd22,
0x05e1faa8,
0xa3298216,
0x703a40e6,
0xe3cc246e,
0x37d535ea,
0xc6e3ccb0,
0x6a02a20b,
0x89f13017,
0xe54aff92,
0x6e375076,
0x430a9a9e,
0xeaa3d0a0,
0x8fa9ac21,
0xaba595dc,
0x6d9be138,
0x25af23ba,
0x8d2b0541,
0xd985a2fd,
0x2d8a9c96,
0x21dc9dee,
0xb3663b0c,
0x7801a9f0,
0x295ace18,
0x345b90a7,
0xba46d02b,
0x69d9f1aa,
0x75b8e43c,
0x590ea9fa,
0xb1710e65,
0x2550b5ef,
0x099f62ea,
0xc7331159,
0xfac9984d,
0x348d67e8,
0xdfcefc81,
0x523f5cd1,
0x45cbe183,
0x8eeb2695,
0x24ddf0c6,
0x515443db,
0x2e10e16e,
0x68111fe6,
0x86dabc27,
0x0bd68f0e,
0x149a856f,
0x65e2320b,
0xf8b5982d,
0x17ccc7ed,
0x79ad60ef,
0x31f8c29d,
0x9e7ecd15,
0xd0307399,
0x5540df86,
0xb911e56a,
0xaf0c7bb5,
0xc53be01d,
0x7818147e,
0xeb123c68,
0x01d1aa7e,
0x70426861,
0xf9227ba7,
0x04d3ad4e,
0x4c6aa797,
0xf099075d,
0xe840e265,
0x83c5ac8a,
0x6f6d4dab,
0xa1e13af1,
0x7cc3bcd2,
0x39ef09a2,
0x36baaada,
0xf25c629e,
0xd1f5c28f,
0x2939e2e4,
0x761ea8a7,
0x3077f96f,
0xf193c906,
0xe2676acd,
0x132add37,
0x630b2645,
0xe516fa8e,
0x955b61db,
0x022056b7,
0xfdd48425,
0xe75bf345,
0xfa5fb3fc,
0x183f35c2,
0xe3053ea7,
0x64af8222,
0x9457f79d,
0x70beab19,
0x186a13c1,
0x46b61e41,
0xa215af9f,
0x5b8c62bb,
0x4ffb7e98,
0x6bc4f7dd,
0x97ac6277,
0xfe72af16,
0xe888eee4,
0x762efd21,
0x97b92daa,
0xf5a9f917,
0x8dfedd92,
0x5d6b640e,
0xed93ff9c,
0x77d9a3ec,
0x5d7686a4,
0x1e951c24,
0x59fbe2e5,
0xd29d79cc,
0x44a0ef28,
0xd5f75652,
0x21a2235f,
0x22b18abf,
0xd7e3c1d9,
0xa0c2ff55,
0xb37f327b,
0xbd4843c4,
0x53ebb1fb,
0x79cae789,
0xf64edf3c,
0x35c1cede,
0x50a5a4fc,
0xca132f3c,
0x24bfd577,
0x112d9a5a,
0xa401742e,
0xa47da14b,
0x4ef230a5,
0x09c905fe,
0xf718d97e,
0x0bf13d67,
0x3ffc4b71,
0xffe84518,
0xca5c18ee,
0x8d19ffd1,
0x2c7129de,
0xd8ffdca0,
0xe948f33d,
0x7677f955,
0x64c50606,
0xdb41d63a,
0x5a866e74,
0x5b7cdf67,
0xd526b5c5,
0x74bac15f,
0xd5f591db,
0xac90e38c,
0xba5a12fb,
0xeaa74f89,
0x829c1cdc,
0xeae2b838,
0x01240633,
0x6b7f000a,
0x5ea5e56f,
0x225aa345,
0x291ef94b,
0x211c9947,
0xb4f14c70,
0x90f79a5d,
0x357e81f3,
0xbf3f4293,
0x3097aade,
0x4e4a28d0,
0xb16f13d6,
0x3d159097,
0x2e475dcc,
0x397175e7,
0x3022bfc5,
0xae043883,
0xfced118e,
0xe5805696,
0x92cbe3d2,
0x3a8584ba,
0x05aefa36,
0x4375517d,
0xc739aecd,
0x51f565f2,
0x1831dd71,
0x6195bb69,
0xfe1b35db,
0xda351a86,
0x01f1c20c,
0xfd199e01,
0x8264a366,
0xe2d39ec0,
0x535fac7b,
0xfb759bd8,
0xf0573ab3,
0x1751536d,
0x9642d9df,
0x06422df9,
0xa7c3f409,
0x7f327985,
0xcb57e352,
0x32dd19c3,
0x97a57fdf,
0xdf9157d9,
0x82f996e3,
0xae25c724,
0x5efd024f,
0x560c4374,
0x1fd4f740,
0x5a41a5ac,
0x136a0ddd,
0x5b5dde45,
0xe152bf34,
0x97a87109,
0x48a2dda3,
0x49d5fd49,
0xeb516039,
0x1aa9ab5a,
0x35a1e502,
0x4b7e9ade,
0x778b1b87,
0x0f8fa903,
0x42d1b584,
0x22d204d4,
0x9696537c,
0x583fc0ee,
0xdceb577b,
0x26f4bcec,
0xa8e5e006,
0x1249b8c2,
0xf17bc085,
0x1beecffa,
0xbdc8b485,
0xd8b4b547,
0xab331df8,
0x46ef0968,
0xec6d3381,
0x37ceb3e7,
0xf5bc2792,
0xc4b137ef,
0x7e3cd6d7,
0x4389abe4,
0xd3d200d0,
0x45596f16,
0xac49e5e2,
0x71a9f6b2,
0xd96cf1c1,
0x40c12fbd,
0x986e52f1,
0xa310833f,
0x61a4c5f8,
0x7d89e3e9,
0xab8bdf7d,
0x49db1cfe,
0xa425c47a,
0x61282177,
0xe93334c5,
0x6fa60b51,
0x891611df,
0x912baeab,
0xdb0baef6,
0x1ac06074,
0x4dc83470,
0x746d3385,
0xd7e3b6c3,
0xf4bff05e,
0xb89016c9,
0x24193abd,
0x7f17152c,
0x32048349,
0x60fb6d89,
0xc092670b,
0x7c39917d,
0x5ead0daa,
0x5dda2a51,
0x346c50f0,
0x06735c98,
0x334c44bd,
0x62fbfa28,
0x2e260632,
0x25db8705,
0x4922159b,
0xc874a02e,
0x1d3d287e,
0x24a675f4,
0xc7bd30f2,
0x0db7ec1c,
0x020361e1,
0x5fdf85c7,
0xa722649e,
0x54823f0c,
0x00235660,
0x3294b451,
0x984b198f,
0x4333127f,
0x733fd8f7,
0x8589c19e,
0x338a9128,
0x20d88362,
0x7f051bab,
0xd7aa7e57,
0x6de044d8,
0x846a8403,
0x48671987,
0x1e46fc48,
0x40c29163,
0x74171593,
0xe224bb6d,
0xdddabe54,
0xba661135,
0x27f26d81,
0x66e44ff5,
0xc15050c7,
0x5c2d2f5c,
0x4afa9056,
0xb411a040,
0xf37b767c,
0x2ead8d73,
0x3dfac200,
0x3cde2af9,
0x61c787f6,
0x9ce063d1,
0x4a49c07c,
0xbbe4a257,
0x2ee2756f,
0xd5758d73,
0x7b7d0551,
0x29306ef7,
0xe29d7ee3,
0xca6f254d,
0x2a475498,
0x36c51a63,
0x650d0a84,
0x2314be41,
0xd925254b,
0x891f0741,
0x85da1dda,
0x9cc4e846,
0x5a8017b4,
0x8dc167e9,
0x101c0257,
0x0f2b1ff1,
0x1a7a3c74,
0xcc5dcdd1,
0x8ef97ea2,
0xf04c4b8d,
0xaf63a1b8,
0xefc205bf,
0x953aea32,
0x30471cd3,
0x00060a75,
0x12da1635,
0x08bdaad5,
0x67e2d143,
0xf68a4b7d,
0x6e5b2fbe,
0x713d53a7,
0x43a0ad81,
0x72751e0c,
0xf9dc4d4f,
0x63b1245b,
0xac8b37d5,
0xf421a9f4,
0x71cb8455,
0x2429d3d9,
0xca56a455,
0x3d21efce,
0x44dec9cf,
0x3f7a5a83,
0x1a000b1b,
0x44bd19b4,
0x15e594cd,
0x475cf8d6,
0x89488c79,
0xe5716070,
0xbbb399cb,
0x55daca56,
0xaec486d1,
0xe0e418c7,
0x63be801e,
0x1337473f,
0xad280737,
0x104a8905,
0xb2c1b91a,
0xb4ba877c,
0x9ec24763,
0x9f1a0927,
0x4d1872ea,
0xa1f80a50,
0x79e3a20f,
0xc473cbdb,
0xd9285478,
0x2ffe0618,
0xd544876d,
0x817fa014,
0xf18dc0a5,
0xc444b4c1,
0x7af3116c,
0x6d2b505d,
0xff3ae2fc,
0xa60af0ca,
0x3cb35609,
0x56eafeab,
0x47fe28d6,
0xf72c1abe,
0x4e5482a3,
0xa0292bb9,
0xe3a9fc62,
0x976f8963,
0xbbc846cf,
0x9b6330ad,
0xcaf340f6,
0x8d33ec26,
0x351a2a43,
0x4187cb34,
0x9d491c6e,
0xa72eae8c,
0x585b9e78,
0x19d77984,
0xc7455fc5,
0x0dc6ef39,
0x4b98de61,
0x377a278e,
0xdd4e0e06,
0x1bf4dfa9,
0x25cf0d06,
0x6ff82103,
0x14343093,
0xcfadab1f,
0x5ca1a320,
0x4a06741f,
0x2a9c284f,
0x95887c24,
0x3d93d3eb,
0xe05ae3a0,
0xe82bc033,
0xed44a1a3,
0x6257f62a,
0x6c4086a2,
0xff8943c5,
0x27659738,
0x1a7d67ef,
0xe2b8a0b6,
0x299478e0,
0x19ce8096,
0x83950a67,
0x01fcf157,
0x087fd312,
0xdf19d1de,
0x2b7e2ee7,
0xb1200c21,
0x4a162c0d,
0xa04ee6b4,
0xfd676204,
0xcdedcb87,
0x3cf2abb4,
0xbd0aa344,
0x5bdb8d0a,
0x6949c96e,
0x642635c8,
0x9008dcfc,
0x8d599df4,
0x34c6bfbc,
0xbb6f422a,
0x619d4f6d,
0x5547df39,
0x74733c2a,
0xfaad4302,
0xa84ba586,
0x714890bd,
0x05d24ded,
0x8b500b93,
0xa633168f,
0x30d4bee6,
0x40b5852f,
0x28611107,
0xff7df98e,
0x812776cd,
0x27a55e21,
0x5004d9d6,
0x822d71d1,
0xcb751480,
0x8dbab98e,
0xd106eefb,
0x0914825f,
0xf04dc855,
0x41ddc514,
0x3cd2780b,
0x502b3b3e,
0x4e9edc6f,
0xea05a769,
0x6fc26f8b,
0x6b474751,
0x6e8ddd56,
0x3fb26112,
0xb704b376,
0xd2c1b0b9,
0xdd239bb7,
0xb0dab2bb,
0x8b296c77,
0x3980d69d,
0x991082c2,
0x728d9b23,
0x7cfe9dd9,
0xb7b19b21,
0x7b7dc82f,
0x8ccaaf4a,
0x9d05b56f,
0xfcd4adcc,
0xfbb149fd,
0x8b4ca433,
0xe7a05763,
0x1f8b0f1f,
0xdb20292a,
0xe9d384fc,
0x56701e10,
0x1f760775,
0xd732d290,
0xae8f904f,
0xbcc00146,
0x0f454ec3,
0x0f9dcd61,
0xbc61e834,
0x46811206,
0xba414e0c,
0x3dbe64d4,
0x3f7ef454,
0x7ab251ed,
0xc1847fd4,
0xe9bbbb2a,
0x1cc216eb,
0x6043b127,
0x19d9c2aa,
0xd9a1475e,
0xac4d5c9a,
0x1cf71b03,
0x5214bbde,
0x111d8a4d,
0x9332a57f,
0xba9367bb,
0x1c6674d5,
0x7c0a1f8b,
0xde3137a4,
0xb4b17544,
0x57d46fab,
0xe1f89b53,
0xa52f0c18,
0xc9dc6d57,
0x65c45cb1,
0x8fa31ba2,
0x3712acd1,
0xb77c47e2,
0x5c2d26ea,
0x83a991a3,
0xc6893737,
0xc99d9a57,
0x0a3af41b,
0x6a034d3c,
0x5e12188e,
0xc01b9ffd,
0xedbdf441,
0xd800f11c,
0x398cc02d,
0x9956ea05,
0x1e661d59,
0x6a9317d1,
0x92dce62f,
0x114666ab,
0xff4a9e6f,
0x6547c0b0,
0xe9083345,
0x8c54d3d7,
0xf195a6db,
0x4d01c742,
0xbd524a40,
0x7ec90f8b,
0xcd118ccc,
0xd85b2671,
0xc9621ef5,
0x4f61bbf2,
0xe48fe14b,
0x2ee3dcb4,
0xcb7113fa,
0x17098403,
0x9ba44f81,
0x3fd6164f,
0xd9a9ccd1,
0xc5022989,
0x5e15175d,
0x42137198,
0x89454b40,
0x3eb560df,
0xea197762,
0x9ee71747,
0xd71e444f,
0x16438ef2,
0xfde4550d,
0x34be0479,
0x43586bb3,
0x58112960,
0x45620e22,
0x76a6c23f,
0x923dd737,
0x5f71dc5f,
0x82afe373,
0xf6317508,
0x87473b9f,
0x759a0acd,
0xdf9b1d25,
0xde5fc2fa,
0xaf975880,
0x33ed0134,
0x07a42b2d,
0xeb723018,
0x30a34b6d,
0x83795ed1,
0x43b87961,
0x89b9b4ee,
0x62f178f1,
0x2508ddf7,
0x8bb6bf8a,
0x9da7e45b,
0x6b9a1ef8,
0x6c9333be,
0x1b326b18,
0x8c6f50a0,
0x82636e72,
0x472e07d7,
0x4e29de8b,
0x97437f05,
0x02001180,
0x1345a18c,
0xf27d6519,
0x91ac96da,
0x2baa5ae8,
0xc9d17916,
0x5004bd97,
0x465c3087,
0x74c3e8b9,
0x75a5dc6c,
0x49105ed8,
0xde86388e,
0x367b0a99,
0x0f9490df,
0x7f5ad834,
0x40159ddc,
0x8e39df49,
0x1220f8a4,
0xfa4015ca,
0xb4579b15,
0xf7f1f20e,
0x207ec5d6,
0x19312e9f,
0x617cd60d,
0xfaf3eacd,
0xc0679092,
0x0ac97a38,
0xa48199c1,
0xe623101e,
0x4755501b,
0x55ac1b5c,
0x13932a7b,
0xf9f80326,
0x1a23168e,
0xb5ec9899,
0xfc258066,
0x83d2f7e4,
0x39f9bd75,
0x05d45dfa,
0x35de675b,
0x54cbbbd3,
0x34041ecb,
0xc3f36b11,
0x04df3bd4,
0xe66a5fb6,
0xf80ac817,
0x854d36fd,
0x8b2d0c67,
0x27a97395,
0x436fe9ed,
0x197ed048,
0x8bf1ae1d,
0xbd4e3074,
0x253ed15b,
0x569f375f,
0x163b1a72,
0x74f97347,
0xd12cbe45,
0xf36d836b,
0xc05ba063,
0x28df7180,
0xee65aaac,
0x16630d90,
0xc1f3ddeb,
0x3a6da190,
0xee56259f,
0x7cc6cf28,
0x38a91b97,
0xc75e9e8c,
0x90df1c67,
0x1922831a,
0x119c0410,
0xc3ea775b,
0x8dc237b8,
0x3d9c8dd5,
0xb75c8900,
0x72826c5b,
0x80eb9770,
0x160ed8ec,
0x31e1ff42,
0x502824a1,
0x039ed3ff,
0x607eb182,
0x2e0b725e,
0x55a67ba9,
0x909efedc,
0x4de73eb9,
0xea4e9efa,
0xce48965f,
0x4db67be6,
0xc8344686,
0x9d54ff97,
0xcb223efc,
0x2e9c28a5,
0xd7043264,
0xdeb0c8f8,
0xb8e896db,
0xc23694d1,
0x5665c144,
0x22ad82ef,
0x0cd69aae,
0xeeaa9eda,
0x2a021f24,
0x944f9223,
0x25b1f3a7,
0x73cdfb9e,
0xebb5eef4,
0xa53f509b,
0x0c18c6eb,
0x519389c3,
0x73a1a699,
0x85e5f318,
0x7d4a1347,
0x256bcc14,
0x79920a3a,
0xda12d15c,
0x2652f6d9,
0x1bd08a81,
0xdf742700,
0x25d0af9f,
0x235ac2d9,
0x8949842e,
0x9038b8f9,
0x221f2b9a,
0xf0ebbc77,
0xf49a16b6,
0x8cac9b46,
0x8ebdec02,
0x956c96e9,
0x239c0609,
0xca582a5a,
0x4f4779f9,
0xfc605663,
0x3c673f2a,
0xa8d2e3eb,
0x8be2981c,
0x0e94c125,
0x21a0b234,
0xbd74b919,
0xa135d371,
0x7ee2459a,
0xf1c9a991,
0x0588057f,
0x9167ebe6,
0x291d1bf6,
0xecaa0ec0,
0x538524e2,
0xac13f559,
0x8e123fa3,
0xb2561531,
0x92659a73,
0xe1588266,
0x213d4a3d,
0x41555be2,
0x23945866,
0xb4171f4e,
0xb0bf06f0,
0xc3539324,
0x163f566e,
0xbfefa0bd,
0x2ad9633c,
0xe0dd1721,
0xe8441fe3,
0xccda6752,
0x2ecc29ad,
0xd70d2441,
0x631b4bda,
0x657e11c8,
0x3a77bba1,
0x6198f212,
0xa83ce5bc,
0x5d926961,
0xb91888bd,
0x45817fce,
0xf4fcb4e7,
0x5d0f31b1,
0xf5bb8772,
0xd92aa2c9,
0x0ca573d4,
0x2faa84c8,
0x9eb8eca7,
0xdebc3df6,
0x83fa7a59,
0xc28f71df,
0x899cb640,
0x7e8a51ff,
0xa9ff6992,
0x275494a1,
0xf96d1160,
0x2cd40167,
0x59144b90,
0x295db684,
0x98ca74e9,
0xad3ced48,
0x762f1152,
0xefd04c13,
0x3ae29a40,
0xf7cc066d,
0x632744d1,
0xc5a72cef,
0xeb549a23,
0x0fd4abb9,
0x21fdbec0,
0x7730e643,
0xe46de048,
0xb2a58483,
0x0027123a,
0x2d008759,
0xf20c5997,
0xdd736f9c,
0xce55933a,
0xa44f460a,
0x24a3660b,
0xcff867ea,
0xf0849017,
0x22e6cedc,
0xa0ee9b79,
0x7c173d36,
0x340d4f4e,
0xdb264f6f,
0xe3aae7fd,
0xbfb417c4,
0x3bf5096f,
0x665a328d,
0x91ce62c4,
0xd63fd269,
0x4f8766c8,
0xaf869b1e,
0xf0be1256,
0x307e7a87,
0x0782ea60,
0xc9500daf,
0xc5a9f5f2,
0xb382b4c7,
0x8998b064,
0x085f202c,
0x99d94847,
0xc60f44d1,
0xbcc43a0f,
0x73a35eb2,
0xf91c2e2c,
0x4f96d709,
0xa433b271,
0x8657b22b,
0x18f3915b,
0xefde0592,
0x4fe6908b,
0x2f966f5b,
0x749af0ea,
0x4eea79f0,
0x358c150c,
0x5b880b03,
0xfce9ee3b,
0x18335bf9,
0xa0eece8d,
0xf7679523,
0xd5a32e0c,
0xdedeed56,
0xf4948472,
0x30c7b189,
0x53291954,
0x8a0ceb4f,
0xf580c21e,
0xb6e8deff,
0xc2a8f678,
0x4f36b678,
0x2c9379fd,
0x3c03cd84,
0x95bb70ee,
0x8f0ad644,
0x3dd6bd58,
0xbcccf9f9,
0x142b3689,
0xbc18e608,
0x70be3779,
0xf99626b4,
0x41f0a476,
0xda1ff71a,
0xaf311c4a,
0xe01d8753,
0xde94aa2d,
0x6db5657d,
0xedc1197e,
0x67c6c4ea,
0x85abc22d,
0x08dcbe3f,
0x365790bf,
0xb7561381,
0x10f6faa0,
0xccdd53b5,
0xda712d61,
0xdeae0a68,
0xae9b788d,
0x9a3ddb7a,
0x0ed59750,
0x0397da4f,
0xef2370d8,
0xf3d00be0,
0x3b34ec26,
0x94d92b1d,
0x0ae82ce2,
0xc69e08cb,
0x19d4e334,
0xe0f18eaf,
0x08145677,
0x010e5a3a,
0x7a4f7cf8,
0x3d1e5491,
0xb8d8374b,
0xaf87a006,
0xaabaedeb,
0x15da42a5,
0xb71c5c94,
0x39d4e2ac,
0x851db18d,
0x4b16e0e8,
0xd062c3cc,
0x8fbf460a,
0xd2219341,
0x9441ed6e,
0xeebe9d65,
0xe1d36c6a,
0x49a0725f,
0x70aaba3f,
0x121c76fe,
0x7081e1b1,
0x089084d4,
0x70a72734,
0x602fd91f,
0x0d5ddb3b,
0xdd4120da,
0xf159d7cf,
0x7bd14396,
0x1faaba0d,
0xdb54b313,
0x8b781236,
0xcdf5953f,
0x34ec77df,
0x02b8dea9,
0xd53b39e2,
0xd2332461,
0xca6a0c7a,
0x156303ec,
0xe0fab2c2,
0x15203778,
0x364f1d6b,
0x8c713c7c,
0xaf683ba5,
0xab9e0699,
0x4be81b56,
0x4b9c9fcd,
0x8a7d68d7,
0x83771694,
0x029cde8d,
0xc9b800f4,
0x01825537,
0x0f36068b,
0x80272314,
0x241c666e,
0x12e1bbe1,
0x0a7c9896,
0xbd33fc91,
0x7ecee442,
0x4b16a52e,
0xa7c50221,
0xfc7f9170,
0x381650b6,
0x55490437,
0x64f25e0b,
0xf3542d7d,
0x40190c48,
0xc7fb4714,
0x2220b0d4,
0x129bdb12,
0x2cbca323,
0x683dbae8,
0xc370d5a6,
0x6123ed23,
0xf1af0f02,
0xd8b48396,
0x87fbb41b,
0xebc8a3b7,
0xd8ac39ee,
0xf507c9c7,
0x3e594312,
0x282dd731,
0x3a1bd037,
0x5e2b916a,
0x0d1b1b68,
0x05e7858e,
0xbbbab676,
0x6f08ef68,
0x1d8d3ec9,
0xbc819d07,
0xcd25c799,
0x8abdf88f,
0x34f0abbb,
0xc00ff590,
0xc086fa0d,
0x93e7767e,
0x2b4d4d1a,
0x1fc60b28,
0x34259315,
0x5ff45f47,
0xcead88f1,
0x17fece1a,
0x5bab63e1,
0xdc76d051,
0x2880dd15,
0xe2a1f7b0,
0x2c184d22,
0x9fcc94a7,
0xc2033eff,
0xe00e33fc,
0x13f700ec,
0x4972d186,
0x09079ac0,
0x0afaa8f5,
0xd8f6cbca,
0xf27c9100,
0xab6c8191,
0xc2a30e5e,
0xdd8d2654,
0xa794fd8d,
0x3efb3767,
0x2da7ad2a,
0x0538e94e,
0xf5560391,
0xa1d231c3,
0x5f3b9809,
0x5e8a65c1,
0xd45c5fe8,
0xbb12cae9,
0x8721c6e3,
0xef9b9b4b,
0x6ba86218,
0xd630d443,
0x852e0c84,
0x0cf6bd61,
0x068447c3,
0xdb50ec35,
0xfb71ceee,
0x96e68134,
0xfed28945,
0x1be531b9,
0x71b28c94,
0x9e0d14c3,
0x85f80f6a,
0x842f259a,
0xe4f37f0e,
0xca10a578,
0x713e978c,
0xfa4c6e75,
0x14d5fe11,
0x7ce22078,
0x3a2ce133,
0xba1e266f,
0x8ca2d97e,
0xc81e3c59,
0x1c3a841a,
0x257d78c2,
0x460b1a3a,
0x0e7d80ae,
0xfdd85386,
0xa17a71d4,
0x04a5cceb,
0x8bd85614,
0x10ab7446,
0xe81f8802,
0x240bf891,
0x8efd5be5,
0x1e9a3822,
0x90400227,
0x6bfe33cc,
0x2de48a29,
0xddee93af,
0x6bcb5614,
0x9e32b9dd,
0xa37c06ad,
0xc433e588,
0x90b72f90,
0x1bb6df01,
0x6bb650b3,
0x8f59a40b,
0x1b6ba7bd,
0x497b6b38,
0x149c7931,
0x9551c9c3,
0x046017a1,
0x3c008557,
0x31e7e0fd,
0x25512fca,
0x04cfab13,
0x6a3dc097,
0x53a0d680,
0xac7377d3,
0x4c032efb,
0x5b707ebf,
0x625fd851,
0x59d0533d,
0x1c976c1e,
0x0e3b5707,
0xc7b89512,
0x3e27d11b,
0xe12ee0e0,
0xc70a814d,
0x3f1967d9,
0xbae1240b,
0x5dfe22ac,
0x220e7d9a,
0x8eb5eb52,
0x588aed0c,
0x27f9192e,
0x05f5372d,
0xb58c71bc,
0x95a3186d,
0x4621a319,
0xadd3ef2c,
0xc02fe93d,
0x10650d50,
0x02e40768,
0xc6ebc8fa,
0x97adcf4c,
0x1cdde3f4,
0x01113305,
0x85a151e5,
0x761c477b,
0x16ea92da,
0x08296e93,
0xd687e787,
0x90a86e13,
0x882865c7,
0x203a3e72,
0xda68417f,
0x6dce70bd,
0x93923202,
0xea84b91b,
0x44c621a2,
0x0c3f753e,
0xddba7491,
0x26242b60,
0xf4475222,
0x1e1b98a0,
0x133a164d,
0x6992aabc,
0x4fbeb1cf,
0xefe34aa2,
0x574b09b5,
0xc253d9a3,
0xb3103bb1,
0xe883c9d5,
0x64bfa533,
0x71118cfe,
0xeca03cc5,
0xf18743bb,
0xe0edc2b6,
0xdffe3e9d,
0xee4f4112,
0xfceb2a9f,
0xec643180,
0x16b828d5,
0x77c6e187,
0x959021de,
0xb4e81132,
0x1b281504,
0x6d55f011,
0xa7737655,
0xdaa4fe34,
0xcd82baf9,
0xeb1ba4c8,
0x3cb7a52a,
0x611aa3e7,
0x424ef209,
0x0f4ce39d,
0x3291d182,
0xbc7aacdd,
0x0314b276,
0xeabca450,
0x2484998e,
0x7d76ffe6,
0x4a8cca63,
0xb9df6787,
0x9259a664,
0xc8eb57dd,
0x331f2ea1,
0x052424a1,
0x04a0a369,
0x9b31b1cb,
0x203e4ed7,
0x095661b8,
0x68354bde,
0xb072c58b,
0xd26c7649,
0xfc71b131,
0x6d4aea18,
0xe5285935,
0x597532eb,
0x19193b89,
0x21c27cb2,
0xa0ae40f3,
0xbb2453bc,
0x99ae385f,
0x4f12a13b,
0x1db43b90,
0x11182236,
0xb0749518,
0x5f805bdd,
0x26aad985,
0xadc95eaa,
0xd0c808dc,
0x2ff5f2df,
0x5312f40a,
0x7d1178aa,
0xdde0e3ca,
0xffb37c66,
0x1e6e60b8,
0x9ee29e2f,
0x9e1cc05a,
0x83086fb7,
0x0d016d9c,
0x3e56c516,
0x323a9de7,
0xb5e09dbd,
0x222f00bc,
0x881d5032,
0xe4c6a7d4,
0x10f73698,
0xc6b863b2,
0x4ebf81a4,
0x23c346ab,
0xc0d1e422,
0xf6d1d0c3,
0x4d6583b4,
0x1b398d24,
0xff6e6d40,
0xa244422e,
0x7884a255,
0xcd635b12,
0xad245d5b,
0xe23f1fde,
0xe721a7b0,
0x01e28e98,
0x10e65fc5,
0xb15cfd1e,
0xa56c8a49,
0x763af19d,
0x04ca58dc,
0xf55ca7fb,
0x50b06974,
0x30d3c126,
0x9637290e,
0x0b42dfba,
0xbbe617d1,
0x880e16a5,
0x0dd0d74f,
0xe36112ae,
0xe199313d,
0x846c16b2,
0x519e5538,
0xf56587d4,
0xacfe0cb3,
0xe8d38d9e,
0x650a26d4,
0x49bb58d3,
0xfd66a60f,
0x0a5315a7,
0x8cc7bf0f,
0x0b36c2de,
0x57d05e3b,
0x6fe82a61,
0x1a33d6df,
0xb313f46a,
0xe3b68708,
0x5def2806,
0x281e68fe,
0x655351fa,
0x12c248a1,
0xbbb7c9fc,
0xc0a757fe,
0xbbe89c7d,
0x28e1a04a,
0x69741f00,
0x3f5e4602,
0xe12d5baf,
0x444f0357,
0xd88cbfc3,
0x0763f73c,
0x2edf3d36,
0xfaf751b2,
0x28a4bbfb,
0x59b0cf85,
0x4a89c023,
0x4542be0a,
0xe3646f78,
0xd7650dc2,
0x23790673,
0x4e5a6963,
0x12f551ac,
0x9635af7e,
0x29ff4d30,
0x0a17a19f,
0xb250f0fe,
0xd655350b,
0x60ab1bf0,
0xce5544de,
0x9a7cbb71,
0x015af7f9,
0x95212487,
0x2d255ec0,
0x971ad4c9,
0x7462806f,
0x0b2bf479,
0xfc6e8de6,
0x48daad8f,
0x0f2fab49,
0x838ffe70,
0xe5b8298c,
0xcb4888ca,
0x226f3b8d,
0x21048f1f,
0xcbaa7f7e,
0x1f21760e,
0xbd159c7d,
0x00646e90,
0x38e045ba,
0x9adb7f42,
0x1c66e632,
0x88700297,
0x5bb5df66,
0x0a8f5fef,
0x405ff5c9,
0x4c0510db,
0xa3cdaa79,
0x73ed12fd,
0x29c46a0a,
0x4dfc39e3,
0x4f389d26,
0xd1de1d10,
0x471d8b51,
0x3092aa5e,
0xb0567abc,
0xfe783667,
0xd49f4f03,
0xe241e435,
0x64714232,
0x1cd47f4a,
0xce3cf75f,
0x92bea173,
0xd8eddd2c,
0x56dbba39,
0x95150557,
0xd6f5989a,
0x6c975692,
0xc286421e,
0xd593f716,
0xf2cac1ef,
0x4f5f72fc,
0x603faa6e,
0x07fc7607,
0xff0d8f51,
0x6efe8d06,
0xddc94086,
0xa270971c,
0x8cf5f3af,
0x0413cc7d,
0xcc56285c,
0xc8130a8d,
0x010256ab,
0xf832eea5,
0xaf0a143e,
0x07d282cd,
0xc0e6c405,
0x86236a19,
0xcd0d2b9b,
0x23a0b5d0,
0x6a1d051d,
0xeb432cd3,
0x45289395,
0x56058820,
0x4661b4f5,
0x05653c74,
0xcb373db7,
0xf7fa1912,
0x9cc4bcb7,
0x9af70785,
0x09998b72,
0xaa2f5cc9,
0xca19207d,
0x397e20e8,
0x7c25c3df,
0x49a84419,
0x8c9662de,
0x116a5eef,
0x02e10875,
0x48607e10,
0xc97a4bc9,
0x35d9d0c1,
0x32355f5f,
0xde4798c7,
0x9fe5e7e1,
0x90cae0ff,
0xb4cc317e,
0xce2f7641,
0x288299fe,
0x8b574139,
0xe7e888a7,
0x8d8ac3ec,
0xa8c1693f,
0x518064be,
0x192fa79f,
0x75e2071f,
0x5b39cd97,
0xa278541e,
0x3077bea7,
0x5e97d8d4,
0x25977685,
0x2e947c0b,
0x7e73a44a,
0x1ac82378,
0xb94ccfac,
0x7c281293,
0xfa588ba5,
0x57e2678a,
0x567556d8,
0x754abf64,
0x9a91ea60,
0x93e7c543,
0x60ba0ab7,
0xf35fa658,
0x7bdb2328,
0x2feddfba,
0x2f1a7513,
0x2467828f,
0x053e4c31,
0x597e40c4,
0xb000acac,
0xd246500e,
0x6456a174,
0x638b0974,
0x0214f6b5,
0xbb1dc0b5,
0xb0057794,
0x28a8a85c,
0x6c670f49,
0xf079404e,
0xda700a50,
0xf1311cd9,
0xd9665a29,
0x4885ec98,
0x7e31ba84,
0xf657c803,
0x2a2a3a93,
0xb3202266,
0x5eeca66b,
0x6b62edae,
0x854fca9a,
0xb27f6472,
0xe5d9b6a1,
0x60c0161e,
0x89b63f44,
0xf059b6dc,
0x36392452,
0x8a8710ed,
0xbd267758,
0x2bc6e9b6,
0x529fb63b,
0x250b62ae,
0x2e80c677,
0x08fd25f3,
0xff088562,
0x1f4973c5,
0x48995af2,
0xce2adf89,
0xc657a5f3,
0xcba5119d,
0x9f331fc2,
0x7d45782e,
0x0f061cc4,
0xe6491001,
0x7d09436b,
0x8dfba3d6,
0x8c8ecbc6,
0x1e0186e6,
0xe594f4a5,
0x7f638611,
0x12fda9b8,
0x375144f0,
0x174fc26e,
0x18d8b39c,
0xa03d10a5,
0xcf7f4daa,
0xfab54fc5,
0x03e20b74,
0x53654898,
0x19e8637f,
0x4a70fb13,
0xfd614d31,
0x12572664,
0x714ee4c1,
0xcfeef11a,
0xc5ec8add,
0x47ecbf36,
0xd1c1ebf5,
0x66333956,
0xe617deac,
0x1c027351,
0x6b0b5420,
0x5f1234fb,
0xd27fcf41,
0x3a8a554e,
0x4fcd6221,
0xd1d5b38e,
0x11449752,
0x09282108,
0x3732eb7c,
0x9be1bc2f,
0xcbec9585,
0x7a8b6d9e,
0x35de92ce,
0x9dc03e60,
0x20cc8c92,
0x7d2e9c27,
0x8a9e030e,
0x2e8e2c67,
0xc51f4c28,
0xa74088b5,
0x23f5df39,
0x2dd24fcf,
0x3338c898,
0x933f69d9,
0xbf86cbb1,
0xde1405df,
0x597981d3,
0x6e2d7268,
0x398a63af,
0x69212d39,
0x66116e33,
0xf93bd097,
0x0e7e2266,
0xb9c24924,
0x11f83af5,
0x11cd92c9,
0x9c3ea477,
0x98884508,
0x987c7e5a,
0x32480188,
0xdf10d2a5,
0x6306592e,
0x994adb87,
0x54a28716,
0xf84853df,
0x852d83fe,
0x7e8c8e58,
0xd7ce2a96,
0xb7ae6af2,
0x77bda765,
0xb9af4244,
0x90ec4746,
0x50ea4c06,
0xb7075fb7,
0xb92f8e04,
0xfd866ac8,
0x3c320152,
0x7bb18bc5,
0xf8bbf50e,
0x950f69a1,
0x161a8cb9,
0xf9092e6f,
0x8d6fc422,
0x6c69de1b,
0x7b0eb7d2,
0x9749dc65,
0x9d291439,
0x814c73a9,
0x43dd8809,
0xe53c9651,
0x0264b2ca,
0x4cabdf33,
0x737d346c,
0x400caba3,
0x16771c95,
0x7f4d0bc3,
0x2623b4cc,
0xf061afab,
0x50533ba5,
0xcc48bfdb,
0xff9a8da4,
0xe493aa25,
0xbff38985,
0x40260389,
0x8b0ad69c,
0x76bd87b7,
0xf3092df7,
0x37855245,
0xb0284467,
0x83849b76,
0xf1ed52d4,
0x54a31dd6,
0xbbf7fd66,
0xfa185125,
0x502e9501,
0x8e3efc21,
0x41d6c7a4,
0x63d0033d,
0xf7b917b4,
0x3e47a439,
0x2c15a145,
0x1aa648a6,
0xddea1f31,
0xa8ab353a,
0x0a3a8c7d,
0x2b83b054,
0x2b9f3126,
0x30fbfc31,
0x5edf48b8,
0x1b74d71c,
0x8bbf2a3e,
0xe8b47b4b,
0xcb5f869b,
0xce1080e7,
0x21cc2eee,
0xd99b43ff,
0x4063fde0,
0xde892791,
0x575542dd,
0xf6d792b5,
0x4b31173d,
0x163efca9,
0x2c839a06,
0x798c8766,
0x5832830c,
0xeab7c1d3,
0xeb8de9e4,
0xaf806b7a,
0xd7ee8c33,
0xd4556d98,
0x203176f5,
0xb11602e0,
0x2c7bcac4,
0xbb46cc9c,
0x3a7e42d5,
0x57aca941,
0x98f857a5,
0xb5bfa831,
0xc4787aeb,
0x045884ef,
0x231bb4aa,
0x897c4832,
0x21d4fbdd,
0x16153865,
0x927f9d73,
0xa93bba13,
0x4816104e,
0xd1a61f4c,
0xf4c53a19,
0xa2a39319,
0xba3898b3,
0x866f3275,
0x34e0810c,
0xa4614b29,
0x094a454b,
0x060e12fe,
0x6f2191c2,
0xa7b12931,
0x3d7da5ee,
0x7994a159,
0x3bba863f,
0x5afb7f32,
0xfb8637fc,
0x91a1350a,
0xa8f23e82,
0xf3ca648f,
0x675d9e6b,
0x9f80d1ce,
0x805fe9a7,
0xe6855ad6,
0xbbfb3f8c,
0x3a19a777,
0x9c8272b3,
0x2501471f,
0x159c77d3,
0xfc50e4f3,
0x3392b6eb,
0x3769ce94,
0x57c6fa58,
0xfcac552f,
0xa1a1f4b7,
0x4ce6498a,
0x6afc951c,
0x6acb202f,
0xb6f385ee,
0x33818216,
0x484d252a,
0x63bc6b24,
0xa0520d73,
0xe010ac7e,
0xa0a22506,
0x1ff75852,
0x22e8bef2,
0xb82ce5c8,
0x86058d12,
0x134b89ac,
0x8f7672f0,
0xfb3fc747,
0xbc2661fd,
0x368c9116,
0xf12f7dac,
0x3adb13c0,
0xbdf8e8e5,
0x4c579ede,
0x15278234,
0xb11aff82,
0xdb1d5402,
0x335063e8,
0x9b1a7f26,
0xb2e4912a,
0x0ee1bfc3,
0x3acba68c,
0x6e363e1a,
0xa3800b83,
0xf3bb090d,
0x90960460,
0x5ff6589e,
0x8e084358,
0x88d25fa2,
0xdecde6b3,
0xd565afa1,
0x7ea84d0d,
0xa0d43c5f,
0xe2de4eb2,
0x951e27e9,
0xf91292d3,
0x13ce3dfc,
0xcac29b04,
0x1c489d80,
0xa64cca46,
0xc599bb33,
0x5c097bb0,
0xe867e02e,
0x78ae2108,
0xafd68c3b,
0x00191d7f,
0x1982c05d,
0x19448ea1,
0x03c9d20e,
0x1642166f,
0x50481119,
0x941cacc5,
0x87e1e586,
0x1f65d43b,
0xe03e5d07,
0xeb1cafb3,
0x45cbec91,
0x7db19908,
0xe6b862f3,
0x650a140c,
0x5a708ed7,
0x2544d814,
0x33d47b58,
0x015ab6f8,
0xb4ab66ec,
0x1a63f365,
0x7ea5be9d,
0xefd6e7e7,
0xb779d73b,
0xd0d775d0,
0x74dca5fa,
0x66173570,
0x6adac50d,
0xbebafc94,
0xb0107540,
0x4f9db798,
0xfbc5922c,
0x7d6e3529,
0xd9de9746,
0x3f79e5c3,
0x4a6c8c95,
0x0471c867,
0x6e45846a,
0xe137348b,
0x1f7f6202,
0x5c2b82a9,
0x2c4a0ae0,
0x9094e40d,
0x69e21040,
0xaf5c57c6,
0xf7a59fda,
0xbf08836f,
0xbd1ffa09,
0x6d2a60c1,
0xfc25aeb8,
0xb8a426e4,
0x61b9f07b,
0xed53762f,
0x97725a77,
0x0a974231,
0xfaf41cda,
0x1f0e0258,
0x7b3d6037,
0x8d507c4d,
0x211a7332,
0x81ed2e29,
0x6a3e479f,
0xb3d81202,
0x03641834,
0xaf7d789b,
0xa64b4ca0,
0xf581b35f,
0xacea021f,
0x47e5d0c3,
0x82d5a544,
0x0c906d7d,
0x3dc4b337,
0xdcde20e2,
0xff118d4f,
0x2132c8b5,
0x17e1019c,
0xf1a1f39f,
0xd51a8659,
0xae32b3bd,
0x00ce9066,
0x0f2bbaea,
0xc6b2c993,
0x57642a74,
0xc4c92340,
0x5de77bc8,
0xaa6e9ccb,
0x328faa71,
0xdf9804b9,
0xd72cf7ec,
0xc6e08e22,
0x18123811,
0x32dc945a,
0x64a61822,
0xab26abba,
0x0c4b8048,
0xce2619af,
0x6c7d3e6a,
0xd3c91a38,
0x1bc7b7ac,
0x941f7eea,
0xb30a0fbf,
0xaff844b3,
0xe9d4c874,
0x3c9514f8,
0x10469fe8,
0x82a7fbb3,
0x4c27a583,
0xfb9faea7,
0x58e89ac4,
0x91d98eda,
0x93d28cb5,
0x8be29c29,
0x7899cc11,
0x5cf1a66c,
0xe2256128,
0xf60da05e,
0x09d4ac1d,
0x78aa32de,
0xb56ec688,
0xe54f6898,
0x92c6a812,
0xb2096e90,
0x3e78fae9,
0xfd0f57d1,
0x2c06b056,
0x699d85e2,
0xd7340f56,
0xbd41fb84,
0xf2df1daf,
0x6ff4983d,
0x3f2be59f,
0x734e5294,
0x4b050d6b,
0x8268593a,
0xb5c3e4c8,
0x127acf76,
0x2d25ded6,
0xd1291565,
0xa751cc96,
0xc6eee9a9,
0x6eda4330,
0x03de3307,
0x295f0250,
0x5b02c111,
0xb0449fa8,
0xedab1591,
0xd460f8b5,
0x6f84639a,
0xfb25169f,
0xe804e30a,
0x55e97a8a,
0xdd4ffff7,
0x28372550,
0x8cf693c5,
0x94728fea,
0xbe89f195,
0x95c38fe5,
0x069144e5,
0xe9c3938a,
0xbd7c22f3,
0x04c54eda,
0xf871afdc,
0x51e148ce,
0x542aca5e,
0x722e6583,
0x34a302b2,
0xfa34c7bf,
0x7afaeaaa,
0x5476d5f0,
0x98f4dc95,
0xf120042b,
0xc482298a,
0x5ba1a803,
0x1f189aca,
0xc7b1ac82,
0xde10474e,
0xab9f8af8,
0xcd87567d,
0x03b99dab,
0xdbe62f5e,
0x5685ba3e,
0x1be6d817,
0x88bc7b23,
0x5933c42e,
0x85dc3969,
0x652245b3,
0x4b4b73c6,
0x91757d7b,
0x551e1f12,
0x148a2b9f,
0x4ef59b78,
0x0a9a6859,
0x3adbe65f,
0x6456ff07,
0xf8c23c12,
0x63ebd869,
0xddfb2abe,
0x2384c468,
0xd66e48cf,
0x8803dd5d,
0x46004b74,
0xbb20c2b0,
0xe92e41bd,
0xd050d42c,
0xd9f4456c,
0x8051e477,
0xd78bb189,
0xcf616a84,
0xa8cde3c5,
0xfc19ffa9,
0x70012ce0,
0x88e3cf57,
0x97fadeac,
0x74ad1f3b,
0xf3beafbd,
0x43ac5abb,
0xdc162c83,
0xc5852a47,
0xbd3f8b5d,
0x937ac3c0,
0x1789fae7,
0x289e5e85,
0x01d56b6f,
0x9a5d7879,
0xa1a9be9c,
0x4dd144eb,
0x70873bae,
0xf547793b,
0x4ac1c46e,
0xe0e41287,
0x9fd7ba58,
0xc14c5947,
0x24b862dd,
0xdb050d81,
0xac2993ce,
0xa6c4377a,
0x0078028e,
0x657328e7,
0x064cf9f0,
0xe9e4920f,
0x067f9ec8,
0x8316c63c,
0xe695c453,
0x38f294c5,
0x1084971e,
0xadda657b,
0xfbb2d66c,
0x6602e9c5,
0xc74543b5,
0x7f4c3911,
0xa44396ee,
0xe4ec2a11,
0xd15cb2b2,
0x2c8eaaef,
0x2a668b47,
0xff3f5ac3,
0x40af34d7,
0x320a14da,
0xe3c6aa36,
0xa8394863,
0x9fb3f444,
0xc73a7ae9,
0x7ad07a48,
0xf1708fca,
0x6d506479,
0x3dbae253,
0x4dd8ec5b,
0x66f64dce,
0x8c0be581,
0xcef8393c,
0x18719f14,
0x35093b2c,
0x5307e2cb,
0xa03f0df7,
0x33cc8e16,
0x43c97967,
0x0de7b8b6,
0x2a32c988,
0xd98410ab,
0x0817cf14,
0x23a6568a,
0xdbea2e92,
0x03b812ec,
0x9cb1bd6b,
0x7f3500fb,
0x3154248d,
0x84e64560,
0x21fc9c82,
0x5e08d4cc,
0xebbac4bc,
0x58acb392,
0x4411eba5,
0x7a764a99,
0xdd4e4beb,
0x5cc230cf,
0x0484be8b,
0x8a729874,
0x5479c916,
0xe5a3dcf9,
0x25f8d01a,
0x2af6f7ed,
0x8b2aa405,
0x66c4b543,
0x78c0f374,
0x7ab974ca,
0xe536b48c,
0xcce32b65,
0x267a1aab,
0x14e157b2,
0x50237220,
0x4415c092,
0xb668ed2d,
0x7eb603e4,
0xf36417e0,
0x48cb5c8b,
0x39bca5df,
0x1cb3fd2f,
0x1a50b453,
0x7d672f79,
0x43293d22,
0x7a6b2e50,
0x32885d3d,
0xd57ddaeb,
0x03943dfa,
0x4b69451f,
0x67def943,
0xae29c6b3,
0xd2f36b62,
0x6d025ae2,
0x9140c862,
0x952a078f,
0xf9a2d07c,
0x4696209d,
0x80284198,
0x2d156c00,
0xca380ce9,
0x93ff502c,
0xe8bdd95f,
0x53e85004,
0x48d9d1a1,
0x9be6d29a,
0x8c3b3153,
0x3e1a7204,
0x9aea7667,
0xd087e3cb,
0x7a7565f4,
0x510876ea,
0x11b0e64b,
0x94ed8fd8,
0x4dd4e143,
0x94ab8094,
0x30ee09a9,
0xd7cef4e2,
0xf800739e,
0x6cfb42e3,
0xc5038f9c,
0x8e090e25,
0x5906880e,
0x4f82654c,
0x498dc6e3,
0x9b2e61fb,
0x9e002b3e,
0x77248388,
0x643bfead,
0x0eeb8a67,
0xa6574458,
0x0bfbdae2,
0x1181dfa6,
0x19e80d75,
0xdac8692f,
0x99d76e32,
0x5255af43,
0xa893e893,
0xdccd4564,
0xc836dbfd,
0x18876bfe,
0xdaa2a947,
0xafe37197,
0x2734a7f4,
0xe639fc43,
0x9afeb8ca,
0x3a0a86fe,
0xe71bcd44,
0x37a3c070,
0x91ae84e3,
0x768eb8f0,
0xb86eb3c5,
0x89c51081,
0xb7a5be5c,
0xa702f1c5,
0x5c105d57,
0x99773c47,
0xdc99397a,
0xdb239c25,
0xf41906b8,
0x18611c77,
0x71a05a15,
0xe3a62110,
0x807769d2,
0x3c985c00,
0x40e7411f,
0xfab6b07f,
0xa65e96ae,
0x243cf29e,
0x5107abc6,
0x1c8c8cd9,
0x7975862c,
0x1c010de8,
0x958152d3,
0xebc7fe10,
0x95498c7f,
0x22eece6a,
0xe5c6ceef,
0x49badc81,
0x660f5ce2,
0xb9ec14c8,
0x191df9c1,
0xba812b22,
0x335d20e9,
0x86a2a129,
0x906f4a8d,
0x2d14c702,
0x6f352450,
0xd7dd44f1,
0x1dc4aaa2,
0x91ce6b9f,
0x2e7f5992,
0x24710683,
0xe4fbe357,
0x1c6a97ac,
0x14969fc0,
0x580957a4,
0x38949e07,
0x6aac92f2,
0xe60d39d7,
0x259c2f17,
0x5c6ecbd9,
0x9f230a28,
0xa14189d7,
0xec05c68b,
0x2410a4b5,
0x482fabe3,
0x90665f8c,
0x304e70b4,
0x42b1c718,
0x6f481cff,
0x9f6e2d7f,
0xa7b62f18,
0x55e21ef3,
0xc917493f,
0x78988bf4,
0x5a066de6,
0x60153b5d,
0x8c307b24,
0xa3e297ee,
0xae5d6fb9,
0xfae64cf8,
0xcb6d5486,
0x85d908f1,
0xe1e56fe0,
0x7f2eb3b4,
0xa6ccf986,
0x99a43a15,
0x4ee18231,
0xddf8bf41,
0xf8f1f51b,
0xfbf4043b,
0x52f7c0b5,
0xdbcf354e,
0x2143dfdf,
0x4d148bb7,
0xf6f6f0c7,
0x55708340,
0x92948068,
0xceaf7fd7,
0xdd153f1b,
0x4aed30a8,
0x580e2fb5,
0x15351e32,
0x64b6b2ce,
0x68b7012c,
0x2a542087,
0xec1f885f,
0x054a56c5,
0xbd073141,
0xb951f15a,
0xdabbc53e,
0x74a56ca0,
0x3a794a0c,
0x0fb0b509,
0x4a719227,
0x7a0805b9,
0x69911a15,
0x91ee8b61,
0x23eaf447,
0xee85b553,
0xe45e9def,
0x552eec5d,
0x77f48f90,
0xee3beeb4,
0xe1b9040e,
0xf0138400,
0xc05e9904,
0x6194722b,
0xdc2db911,
0xe373c6d4,
0x8ad920b1,
0x21eecb46,
0x17062fcd,
0x7eccd3c5,
0xe0fe9a6c,
0xf1a3a449,
0x0db03367,
0xe187b175,
0x0fe3d743,
0x03a121d4,
0xe447d888,
0xb7229ad6,
0xe2e13560,
0x96e3d57c,
0x8b6c60d7,
0x2fb81fae,
0x3153fcd7,
0x7057a8d2,
0x06d7e2d5,
0x0c2827c7,
0x8055d984,
0x042a05a7,
0x906fe084,
0xb55ec680,
0x668149c1,
0xa4a47d16,
0xb01312f9,
0x05634c2e,
0xe821568c,
0xfea87105,
0xd72e2464,
0x03a82503,
0x2fd3a928,
0x0feef076,
0x27046c95,
0xe63f1673,
0xcc9bd1d1,
0x69944c64,
0x996a90ee,
0x715c574c,
0x1a1c4455,
0xfb950bff,
0xf7164c92,
0xe41e253f,
0x463aa9ee,
0xff602cab,
0x031e74ae,
0x97c7dd4d,
0x576501de,
0x1ade2e2d,
0x279fb558,
0x752994cd,
0xa1638b25,
0xfa69f80e,
0x7bf11181,
0xa1268297,
0x42f44fb0,
0x0ea554ce,
0x62f9b751,
0x3264718f,
0x8a46e1b2,
0x87c0761b,
0xba20ecb7,
0xfcd82c68,
0x815ada1f,
0xeb51edb7,
0x836102d4,
0x97b68961,
0xa84e2c19,
0x6d318014,
0xcb2d7027,
0x301b33a9,
0x307dca6f,
0x961fc10e,
0x02cea3c6,
0x2ecd6026,
0x4fed8d94,
0xe82c60ac,
0x18ae5646,
0x030c8f2a,
0x07057182,
0x2a26c0f4,
0x4a1a5383,
0x35595b95,
0xabdebbfd,
0x0d0f1d61,
0x159d9447,
0x85b33466,
0x02d8f90e,
0x021cfdae,
0xb062cc40,
0x6a0ca0b8,
0xe22b7626,
0xafae5a23,
0xc52c8756,
0xf1e968a3,
0xf3fdb775,
0x43875165,
0xeb392673,
0x15a499b8,
0xebd45f4c,
0xca8949bc,
0x23ac3d88,
0xf236879b,
0x05f822ab,
0x550142a9,
0x1d1c2480,
0x78bc59fb,
0xe28949ff,
0xf9f93643,
0x146cab35,
0x0b0264d1,
0x5c2492d1,
0xceeda17d,
0x63a2208e,
0x8edee56b,
0xc6bbd8c6,
0xfaa44f94,
0x5453ef2a,
0x035b8363,
0x64bfcfca,
0xdda774a8,
0x17baf22d,
0x8dda6a23,
0x89f40f4c,
0x34d6c3a6,
0x01c3024f,
0xcc604300,
0x8f47379d,
0x800e2a79,
0xd0a4f549,
0x933a0346,
0xb837e59f,
0x3008c268,
0xd64eacc8,
0x53766949,
0xad8a74a3,
0xe3107c23,
0x88c453ea,
0x3893120e,
0x8d01ccee,
0x021aa646,
0x9e69b968,
0xb10efb14,
0x5053126b,
0x9ed32055,
0x6567689a,
0xa277200a,
0x5ab991c5,
0xafb824ab,
0x81361cde,
0x93e74588,
0xad15c72b,
0xb030ae11,
0xaec81b80,
0x9854c656,
0x81d3752e,
0xeb2a0c0c,
0x1e448dde,
0x16b32091,
0x0652bcff,
0xbc066eda,
0x1717f6b4,
0x4a2ff7c2,
0x2c24b0f0,
0xd46cdc0e,
0x620001fe,
0x046bcfd4,
0x9f0548d8,
0xe91a98c7,
0x55ee2531,
0xc1617d19,
0xaa79d5a4,
0x1eb67a29,
0x044473c1,
0x1f6b3b86,
0xe9b5e996,
0xf703ceec,
0xc2ccc53d,
0x1d4e4951,
0xaeb4cdb4,
0x38d6da2d,
0x8808561a,
0x04f62887,
0x746683d5,
0x3569cbbe,
0xc69aa711,
0x5d523666,
0x1bca7fbe,
0x328cdc7a,
0xf5619498,
0x1a96940c,
0x883e26e1,
0xe113b8d7,
0xda35edf8,
0x489e34c7,
0xe675dd54,
0x92ca730a,
0xe06c55b1,
0x4a295500,
0x768f2d31,
0xab28bf4e,
0x51790a2d,
0xc518a425,
0xc0f09be6,
0x4dfd685a,
0xe9c7a296,
0x6e120eb1,
0x19c8266e,
0xe14b816a,
0xfa9890c1,
0xf2594856,
0x5c08ccfb,
0x11c9824f,
0x412333e9,
0x95971d87,
0xbab1ec0a,
0x2c6de9a4,
0xc6262322,
0xb52e5b62,
0x21c5e2f9,
0xfe7e6893,
0xd884060c,
0x22245776,
0x309145d9,
0x62631379,
0x7f6f5231,
0xdaaed0e3,
0x169dbc31,
0x51b3c552,
0x53f203e9,
0xab9ab4c8,
0x41f241a8,
0x450cfb2c,
0xd2939017,
0x1b235ad0,
0x40106bb1,
0x2421f176,
0x99167961,
0xcb967c1a,
0x43f2f97b,
0x35e1ade2,
0x53ea91ee,
0x29433c6b,
0xebc6c0bb,
0x2d961721,
0x9170d4bb,
0x15da561c,
0x5785892c,
0x0476496f,
0xf81f4759,
0x837fb2a2,
0xb4bd3b7d,
0xdb6465e5,
0x35245137,
0xc6ae0682,
0xeae35eb0,
0xcbeba8f0,
0x96332cce,
0x2122abfb,
0x61730d93,
0x59206765,
0xbe002ab4,
0x30e11a55,
0x2dae0656,
0x7c7b6b7f,
0xc5a5bd33,
0x73222398,
0xdd82b44f,
0x22129ce5,
0x04e4ec97,
0xb915117f,
0xb2178b92,
0x81935b0a,
0x6c9dd114,
0x5cf993a4,
0xc16f6cc7,
0x037fec28,
0x4c578d80,
0x3ba5fdd4,
0xa1c3ba6e,
0xf4566a52,
0x2e51af90,
0x1125bef5,
0xe8b4c07d,
0xcae884b9,
0x0270a9c8,
0xab64dcf2,
0xd129f822,
0xcf3765b0,
0x6b69f5c8,
0x3738f4e8,
0xdbb56793,
0x83e0974a,
0xa819b09d,
0x4328e9c7,
0x6303aa8f,
0x3e9a3333,
0x26908da6,
0x6618e71e,
0xc902b828,
0x1ab6c373,
0x1b155430,
0x427a8049,
0x99dc119b,
0xea6401fb,
0x480d107b,
0xfe005184,
0x8998bde8,
0x418e2fdd,
0x87d567b2,
0xcf870a7f,
0x72be9ba9,
0x69ce07a9,
0x196566e7,
0x3e7e1e34,
0x98f7d8a2,
0x3f3d5be1,
0x5c4bc759,
0x325d0917,
0x48a328d3,
0x6027a13e,
0xc9fbbd98,
0xf2b0ac91,
0x8d29a5ef,
0x0f3018ad,
0x7c2c7063,
0x9ab97bf0,
0xe91d3325,
0x905bf2cd,
0x44743d99,
0x55b2c35c,
0x7ddac8a3,
0xad8960ee,
0xba3eec1b,
0xf3737a10,
0x859e0998,
0xcf9e6fa6,
0xd31b1e90,
0x91b9a150,
0x9fb8f57c,
0x8b2ebc6c,
0x1059947c,
0xae3d05de,
0x45277fd6,
0x4b4730d4,
0x4fb35fb6,
0xe7736b38,
0xdedc41d6,
0x0ed4af2a,
0x1e1bc25c,
0xbaddd4d3,
0xb070d9f0,
0xe99ccd18,
0x37a3b58f,
0xfa534c9b,
0xff87322b,
0x9c2cca73,
0x11333700,
0x87efca42,
0x0ef83650,
0xb5c77d68,
0x276623d1,
0x66aa2766,
0xaf20bc58,
0xf0400cd1,
0x9d480b5b,
0xf8b533ed,
0x668dfd94,
0xe213d356,
0x469e7b49,
0x086f0b94,
0x51756962,
0x4b4863f3,
0xbe642d4d,
0xe6446bef,
0x2618ed8c,
0xdbf52dd5,
0x2ee8a05e,
0x4d7d871e,
0xd4e36773,
0x64393eee,
0xecf31bcc,
0x23262e1a,
0xd4fdc677,
0x6233dd2a,
0xed875577,
0xe347246c,
0x346d0733,
0xb4a7e70b,
0x4075ced8,
0xabff9285,
0x59ce5a30,
0x93e038fe,
0x58dcc28f,
0xb4e48410,
0x0c30dfc5,
0xf13c2d7d,
0x706a319a,
0x32f59bf2,
0x9f166285,
0x458b330e,
0x627a2a95,
0x23424bc2,
0xd5a869f0,
0x214dc816,
0xba99be6d,
0xaf101ef2,
0xd60b6a5c,
0xf54b8b0e,
0xe9f441ae,
0x6458089b,
0xea9690fe,
0x1b45cdb7,
0x89c99c49,
0x867bf55c,
0x6d25350d,
0x71b02d8e,
0x9a94621b,
0xa1db68fe,
0xe8721477,
0x3ab1a1f8,
0x2a9b1929,
0x7d463f83,
0xeb5103a5,
0x2b1fda9a,
0x91ef9798,
0xb7fbd91f,
0x3924e419,
0xbf030f86,
0x0292f8ac,
0xa43d6b2c,
0x84af46c5,
0x13d3744d,
0x78494036,
0x72a482a2,
0xbe8ff206,
0x476fd103,
0x0c7dc90c,
0xd3d99d02,
0x3faf02e1,
0x6aa74858,
0x584da90e,
0x601616be,
0x23af04b1,
0x51884352,
0x4c42f6e2,
0xf7ff18a2,
0xfafe4ddf,
0xb4b70e68,
0xdc122b58,
0x8eeccd7e,
0x23982aca,
0x1894ba45,
0x2bbe4b49,
0x9a14252c,
0xbc877b83,
0x2e345d8a,
0x9c8e2436,
0xcb41c366,
0x8327e6ef,
0x1e0a2365,
0x5d9c48c9,
0x8863e8a1,
0xbf92d1b4,
0xfef5f67c,
0xdc7ea620,
0x0a841e2d,
0x324453ac,
0x7c295c50,
0x2cdf109b,
0x39625deb,
0x7f08f5b5,
0x3618abc7,
0x712e8c9a,
0x43d710fc,
0x05262739,
0xa4a4652b,
0xe637ad27,
0x88913732,
0xd3a25d61,
0xf2fc41ef,
0x0d5c65de,
0xb0680cb5,
0x820615f5,
0x98d8032e,
0x9310c840,
0xbec97c96,
0x6f82444f,
0x0f5a68c2,
0x56c080cd,
0x3474c1e9,
0x955bd427,
0xfadbaaf3,
0x09a393fc,
0xdc5827c0,
0xa4d294da,
0xb87f8a8f,
0x08b5e4c3,
0x1e216a90,
0xb4235203,
0x5d8d4ee1,
0x8b22d626,
0x488573fd,
0xe1bb9ce6,
0xe84f0aad,
0xf010d5f4,
0x1c137643,
0x33b3bafe,
0x15cde4e8,
0xd27a285e,
0xa4267ac8,
0x0b613a0f,
0xcdb23e29,
0x4ea84afd,
0x470dbff5,
0x0c8b4132,
0x8212fa0b,
0x0c0aeeae,
0x236dcf83,
0xe9f1c7de,
0x2f174be0,
0x6d42e7b7,
0x79316c0a,
0xc099a2c2,
0x688222c7,
0xeddc8c14,
0x267d5310,
0xe68ca814,
0x8cd1d6c8,
0x35d9eb6a,
0x69e3edd0,
0x3bd20fd7,
0x74573f3a,
0xb8952cc5,
0x992e814e,
0x2e349032,
0x5d04d149,
0xa33b7e2f,
0xb06ba0e5,
0x9b3786aa,
0x01ffec9e,
0x71e92b36,
0x5243569a,
0x1a8a5a3a,
0x95f521dc,
0x890f4ba3,
0x95c0c28d,
0x9c834310,
0xad0fce81,
0x8c94522e,
0xbd54ddfd,
0x84b4f887,
0x8c106204,
0xebac85dd,
0x293ce639,
0xd38ce83a,
0x7f8a9b2f,
0xf771204a,
0x917cc853,
0x08853c9f,
0xc3a6aa96,
0xda23bcb4,
0x2cd67eaf,
0xbd5c17fe,
0xc21282df,
0x8eab06d5,
0xf5e8324c,
0x0af29655,
0xcd6aa162,
0x38496bce,
0x27946481,
0x41b64bb2,
0x1383306d,
0xfe42a3c5,
0x63750685,
0x096866af,
0x0d220bf7,
0x6a7468a8,
0x53d2ddf7,
0xf6c7b375,
0xa65f2394,
0xca5451f8,
0x9c457412,
0x7e0e70ba,
0x3134e81e,
0xb716de07,
0x88fe72a4,
0xcc663287,
0x66c6182f,
0xfb67ea69,
0xf8f5dbc3,
0x911953d6,
0xdf20519f,
0x95db4853,
0x9df90699,
0x684ef86e,
0xd425feaf,
0xd8495376,
0x5709c7c9,
0x26682e19,
0xb93220a6,
0x7007f533,
0x473c878d,
0x0e288ca1,
0x04c18289,
0x1b6a738b,
0x191fe1fb,
0x6ac89635,
0xef5dcc84,
0xf7ecccec,
0x5dbc33c2,
0x98594d8b,
0xd76474df,
0x96374705,
0x6368abb2,
0x7b402f4d,
0xd57a40ae,
0xb13660b6,
0x47695d23,
0xa3ad3c63,
0xef80fdc8,
0x7e566b4e,
0x25df2ca1,
0x46e91559,
0xdb8107c2,
0x31cd0c65,
0x57d5bcf9,
0x563de8de,
0x9cbaceb3,
0xc1521ee0,
0x78fed2bf,
0xb6662e42,
0x640ffbb6,
0xef42b514,
0x1426034e,
0xe0c9a066,
0x9b92a055,
0xf1638b6a,
0xa2f3b802,
0xc5631971,
0x8767480a,
0x46feb267,
0x211ab353,
0x0729215c,
0xa740c892,
0x306614a6,
0x20038ded,
0x88b95ad6,
0x2e6ee972,
0x2f34901c,
0x32d11882,
0x60d9d85f,
0xceaa6e83,
0x0bc9af3d,
0x3cb99476,
0x82dfb4fc,
0x17a01c1b,
0x2f35b92d,
0xefea6a73,
0xe4676b9d,
0xa54a039f,
0x37e7b265,
0x5cdb9e8f,
0x01a3de72,
0x55c8ade5,
0xc0868974,
0x02e467eb,
0x17f5df27,
0xa418be60,
0xa4329c61,
0x78959187,
0x97c22c7e,
0x5545b6e3,
0x9d0a8882,
0x493bdcd2,
0xe11f171a,
0xb0eed047,
0xffebd6f5,
0x2d8f89c7,
0xe7886a05,
0x549ba5d4,
0xed6d2997,
0x107a602b,
0x41c8e164,
0x0222884e,
0x5b210efb,
0xd3d65679,
0xbf66b45d,
0xa835d72e,
0x0f1a5fea,
0xe4c2cc0c,
0x758751ed,
0x2112d70b,
0x1866a428,
0xb7f01f6d,
0x7a07f002,
0x316fe061,
0x84014a3d,
0x2e021a26,
0x7135d2cd,
0xa4509504,
0x5c6d305c,
0x32f40570,
0x56eaccc7,
0x743e840f,
0x6dd641b9,
0xe43daf28,
0xba9d8c8e,
0xd937cc70,
0x6f86d671,
0x9ecc8382,
0x548abf36,
0x74c4e544,
0x9877515e,
0xab4bb22d,
0xf2544c5a,
0xb4561646,
0xbc4ffeb3,
0xada52797,
0x7cff46de,
0x0a089913,
0xe5069849,
0x77c1735a,
0x0443eac0,
0xd74462d1,
0x0f18ade0,
0xed42da9f,
0x08486506,
0xd4237fd8,
0xf394e777,
0x359fd1ee,
0x3171ebc9,
0xec5b4339,
0x40934c50,
0x20d5cf93,
0x7ea21ef8,
0x9508029c,
0xb3de4f07,
0x73f20629,
0x5d724a63,
0xbabeeb79,
0xddc6deb2,
0xfa120354,
0x32497f18,
0x19cc4195,
0x49748f9e,
0x5ef20ade,
0x3530e3e8,
0x9733b2de,
0xcbef3e6e,
0x7bd29114,
0x4dd188ef,
0xba5ed8ba,
0xfff0e5d1,
0x43ea37c0,
0x0fd8e44c,
0x62696e3f,
0x8cf222f1,
0x786adf51,
0xfddf2909,
0xd046eb87,
0x00536ca3,
0x682e6988,
0x2c790eba,
0xf582a859,
0x0468bcdc,
0x93056bbc,
0x432d5a0d,
0xfe7245ab,
0x26903b0a,
0x2ff16089,
0x75379664,
0xaf7c882b,
0xb57eaa4a,
0x19bfd158,
0xe78505a1,
0xf78b6182,
0x03bedb84,
0xf5e9735b,
0x4914eeee,
0x63f1d502,
0xb4814463,
0x86f8a6e7,
0x83a75914,
0x35c80b9a,
0xd6d44122,
0x7632a09c,
0xbc346f8d,
0x9a85daf4,
0x82cec414,
0x6573097f,
0x537c8df0,
0x9a0c009c,
0xfbe43f7a,
0x216176c8,
0x1f160f12,
0xf6c3ec0e,
0xd9387e2a,
0x1a30fc26,
0x414bce18,
0xdfa01038,
0xfb940ad4,
0x9922bbb2,
0x6c956901,
0x793fbf94,
0x0990a4ba,
0x3b44b214,
0xa3fdc8d7,
0xbb9c9292,
0x8157e7ca,
0xf10997ef,
0x0eaea2d6,
0x6445dde4,
0x8bd64e72,
0x7b5a6794,
0xab2a2fae,
0x7733bdcf,
0x6d9de05e,
0x5b7e0574,
0x7772d1fc,
0xb7f4d317,
0xe7b9d6ad,
0x1be39ae2,
0xd3f62519,
0xe1d14397,
0x643e0699,
0x9b1ddf96,
0xf2a51c9b,
0x14f5cc07,
0x3a4b73af,
0x7dec329d,
0x615d7888,
0x165a4ac5,
0x039d1dd4,
0xf97f452b,
0x358bc7ca,
0xbd25c9da,
0x417e0784,
0x049cc3bc,
0x7bf66666,
0xf0fa3371,
0x2761e01c,
0x9e0b6192,
0x99bbc9cd,
0x4b033ca5,
0x7cf4e3dc,
0xaccce2f6,
0xd85cd297,
0x5c887b84,
0x0ae1d1fd,
0xcaabf80f,
0x6fe09c30,
0xf9a3fc7d,
0x1d68e958,
0x067fc03f,
0xe4c12cfa,
0xaf68d7f4,
0x96e2ea48,
0x2c0d5499,
0xa654002e,
0x5c0f07bf,
0x1ac7b06e,
0xbd99079a,
0x24e23e2e,
0x6f17a6d2,
0x85fcfc42,
0x552b21d7,
0x79e2e197,
0x7d225694,
0xdce9fdfb,
0x466240a2,
0xb5ff229c,
0x95c1ad5f,
0xca39589a,
0xfda9d301,
0x5d1fc953,
0xef34c0b6,
0x048df4eb,
0x43f650df,
0x32812418,
0xf9d49ec3,
0x68265a11,
0x438ae6a4,
0x661a3cf0,
0x8c559247,
0xab47fd46,
0xf6acafd9,
0xde8051af,
0xeaf5bf9f,
0x1fd190f5,
0x60f59722,
0xfe3c66be,
0xfdf82e35,
0x487c7c2e,
0xe0fcfc4f,
0x23b8e636,
0xd897d270,
0x783ff82e,
0x93a79184,
0x84169c17,
0x6acc9a81,
0xefa95669,
0xcdbcf004,
0x62510541,
0x0f93d69c,
0xa9ca9531,
0x9a9c1afb,
0x75f801e5,
0x67df09f0,
0xec68ea17,
0x87b47631,
0x1c74c754,
0x1129b506,
0x1021cfb3,
0x7aa41228,
0xd0c7a78e,
0xa3918127,
0xc6e8fda9,
0x4242cf1a,
0xb1a11f5b,
0x98e146b3,
0xc7279dad,
0xe25fa78e,
0x6b0f9b2e,
0x7a77b402,
0x9157c153,
0xcbc903e8,
0xe5b16992,
0x4093175d,
0x932548b0,
0x7a3cb1ae,
0x7e8c095a,
0x7623a138,
0xc346fb03,
0x9123e3e9,
0xa7aea7d0,
0x579d3bcd,
0x6af4be00,
0xbabb6ada,
0xbb3042fd,
0x703c64bb,
0x01fdb1aa,
0x51f7800b,
0x275ead4b,
0xfb1d21a9,
0xd7d2e183,
0x5dbfa33d,
0xc9aaafb7,
0xdcf7cf27,
0x607ea6bf,
0xca46026e,
0x69f36d6f,
0x0ae9fa40,
0x1a40dd80,
0x1c990590,
0x8f42f8f8,
0x90310395,
0x4f189636,
0xfe755a1e,
0x0a2ef24f,
0x5c827e45,
0x9361e25f,
0x76b8501f,
0xc9e1540e,
0x4be83d41,
0xcefa13f6,
0x0d90ffb3,
0xb2166d90,
0x39287261,
0xab394c8f,
0x584646b3,
0x31e4f8ee,
0x641648b4,
0x5061f1bb,
0x249345e5,
0x1cbbcc85,
0x449a68b5,
0x31e400d3,
0x9737800e,
0x6a6be371,
0xb94ba65b,
0xebb0cac9,
0x2b51a753,
0x39cc05da,
0x68b7cc8c,
0x5197702b,
0x7a89bae1,
0x8be1c1cb,
0x105ee5be,
0x1baa36aa,
0xd609bc4b,
0xc2db2bcd,
0x7a36b800,
0x755b2a47,
0x793fa21f,
0x6c92f8cd,
0x8c9f21dd,
0x82049276,
0x29fe6059,
0xa9c19647,
0x4e6ab604,
0x0a526e36,
0x25357166,
0x5ee19a17,
0xcc990bd5,
0xf35c60df,
0x40688b2a,
0xf1906d37,
0x27ccf0cd,
0x15a1906d,
0xc6fb099f,
0x2fdd3cc9,
0x0d178fdc,
0x64b98c13,
0xf7af75ed,
0xcabd1149,
0x609b8121,
0x1483d29f,
0x65af0a61,
0x18d9916e,
0x9f1172cd,
0x29742e6c,
0x121fd3b0,
0xecce89d6,
0x0bccacf6,
0xa87711ab,
0xe8d27439,
0x9df7ff0b,
0xef08f190,
0x690951ff,
0xde15f2af,
0x1ce09c05,
0x5a634c23,
0xcc97eaff,
0x107757fe,
0xdf525d28,
0x9505accb,
0x78f9aa1b,
0x8e37b4c5,
0x76c40682,
0x1ce3f3f9,
0x693796fb,
0x028a955d,
0x72348047,
0x309a6123,
0x20a5438a,
0x3956ea58,
0x54d7c87c,
0x0fb4810c,
0x992ea9ba,
0xd512be87,
0x9ee3b88c,
0x6b445209,
0xdf7c2e2a,
0x7dd8c154,
0xecc455d3,
0x183d484a,
0x5c2591f6,
0x83e5661e,
0x60a2aeec,
0xd767adc9,
0xd3c5f78d,
0x05e5566b,
0xd7461f8a,
0x80c35438,
0xb2587290,
0x218fe8af,
0x20a329f2,
0x1d4cf2e8,
0x3f20b5ca,
0x9273a3b4,
0x5f9ec2fd,
0xb3d72e93,
0xbbe5b925,
0xdf0fe932,
0x07f616eb,
0x86892cde,
0xa86e28fe,
0xe292e0be,
0xedf38102,
0x9355ad7c,
0x754d9070,
0xf01047d8,
0xd5d268a1,
0xaddf45e6,
0x1ab90497,
0x6d575df1,
0x8a20b910,
0x3fae809e,
0xa87ef71a,
0xb9db3c4c,
0x5ac74736,
0xd08410bd,
0x7e58c623,
0xdfa12972,
0x3efd1978,
0xebbffa69,
0x24688ee7,
0x9f6734c8,
0x35bec275,
0x5f6438b8,
0x4054e233,
0x06d9c752,
0x0dd7ec0c,
0x3cbefe4e,
0xdf7350a4,
0xd5889e4e,
0xb88b3843,
0x3b8aeee4,
0x48e6b97e,
0x2cc37883,
0x8fa09bc0,
0x8a2e497f,
0x0d55d3aa,
0x15ff545d,
0xb1dfed6d,
0xf7e70052,
0x1ce747dc,
0xf0efee85,
0x02f27ba9,
0x83b66a89,
0x53f4e016,
0xe4c0a458,
0x19a5f370,
0xdc7884e5,
0x08d31d24,
0xc04787ea,
0x22eb5ea0,
0x7a9b8a1a,
0xb8278ff5,
0x4a8fbe0f,
0x4c082225,
0x528c438b,
0xc32a7bae,
0x5cc459f3,
0x9a576020,
0xc3bbb32f,
0xb3d79194,
0xdbd62bff,
0x3924b4b1,
0xbfe7c8f4,
0xd89ff3c2,
0x327b228b,
0x2f248022,
0x73ca87ca,
0x8e65a400,
0x38f40fca,
0x98101c87,
0xfa7b85f9,
0x3ba269a3,
0x07d5d410,
0xcd892d2a,
0x3b7ae2bf,
0xe102685a,
0x82f439a9,
0x24d1cb04,
0x13eaef65,
0xab8e5c7c,
0x0f6cd432,
0xfeab1fd4,
0x7d997a7c,
0x2e31c03c,
0x6a4a5e7b,
0x637606a9,
0x9eee9621,
0x0bd84c5f,
0xc7716e1c,
0x691fceea,
0xa4e9c8c6,
0x6067e19c,
0x8d97feef,
0xb24f6ed0,
0x6c1f8002,
0xfc70ddda,
0x153ce0ae,
0x87a1509f,
0x9b75a9f7,
0x731aa3ec,
0xb4597237,
0xe55c8506,
0x9eed2ed3,
0x1ad8e6af,
0xba7d0802,
0x633b284e,
0x25f4789a,
0xf53cb7ef,
0x4e396c97,
0x6eeb627b,
0x438076ea,
0x29156e8e,
0xfeca46c7,
0x09853df5,
0x2f3a4eab,
0x1c3ec596,
0xcf77f969,
0x4844dba8,
0x4223b780,
0x8ab82fd8,
0x9ebb203b,
0xbdbce4ee,
0x0bba2a4e,
0xdc08ca0e,
0xc05efde9,
0x9094a76f,
0x49778b05,
0xb88169d7,
0xb58e2ff5,
0x76c5c4fd,
0x6fb770c4,
0x4819d7ad,
0x22393db4,
0xe3e4e595,
0x0f1e5fe8,
0x31106e3a,
0x69f09714,
0x85448c5d,
0x114127a7,
0x161399ec,
0xf6b6639f,
0x03694b09,
0x268d8634,
0xae739e18,
0xabca0e72,
0xd5fce738,
0xf8b2c989,
0x0b73eb55,
0xdcfb3813,
0x9952054f,
0x5dd1d131,
0xa91ad8f5,
0xde877974,
0x44e95a1d,
0x994ff25d,
0xc068b365,
0x85a90848,
0x02643660,
0x6ef89457,
0x6319459a,
0xcfc1936e,
0xa6ecc9af,
0xef9b6275,
0x438317c6,
0xdcbde874,
0xc568ac0d,
0x11869d6e,
0xf22992d0,
0x4180e2f5,
0x21190820,
0x8220b85a,
0xca6691c4,
0xbd0a2c20,
0xc824a0b1,
0xe1cf9f06,
0x7195ab14,
0xebfca773,
0x7e48a359,
0x8354139b,
0x2b2feb56,
0xd7f6dcf3,
0x907e996c,
0x15671381,
0x25ffbc45,
0x87da7e97,
0x16508eef,
0x6a30f0b7,
0x6ac3383e,
0xcdcf978d,
0xc425c486,
0xd67ac3e5,
0x718c40d3,
0xb350b932,
0x676c2354,
0x5c3b0a01,
0x79dd50ef,
0xeaa34d62,
0x27f46061,
0x6f9b6f34,
0xfdced2ef,
0x0b1edee2,
0xf74a7844,
0x79ab306a,
0x55215427,
0x3e633875,
0x989507f3,
0x1141d1e5,
0x25479ba9,
0x9cac39cc,
0x9d48c33a,
0x173ed503,
0x54af136b,
0xcfa80988,
0xed98e84d,
0x067b02d8,
0x4b91acc8,
0x34fb9519,
0xaebe2ebd,
0x4ca01d1c,
0x9394542f,
0x339044df,
0x0da93f69,
0x10e91fc8,
0x3dabb3e7,
0x25dbed80,
0x397434b6,
0x61943be8,
0x934a2a7c,
0x3290fb2e,
0xd0ff86de,
0xc5980c2e,
0x43b8440c,
0x88fcf5d4,
0x2cefc805,
0x20817290,
0x357eaf7e,
0xd9be4f63,
0x2fbc2b54,
0x26e0741c,
0xe09aaf09,
0xe5e449fa,
0x05a04884,
0xe2f423c9,
0x43b99a78,
0x6d6ce33a,
0x0e572f2b,
0xc7c1e109,
0x8c20eec9,
0xffddc700,
0xb8e1bd63,
0xcbcecff1,
0x6293139b,
0x0783777b,
0xe93b0ab4,
0x1359781f,
0x156e0889,
0xd9eb6fe4,
0x63516c33,
0x61b395cd,
0x994af884,
0x5d61d299,
0x756f58b3,
0x608ea6c4,
0xdfb318a8,
0x2262526d,
0x6a5bcc1d,
0xd11b821f,
0xbcf65a05,
0xd4705ed9,
0xef0d3f7b,
0xfc230829,
0x4b3b9e84,
0x46da6b4a,
0xd7be08ab,
0xd1590f32,
0xffd431fd,
0xec9d7114,
0x7702258b,
0x080ef58f,
0xe9c6adc0,
0x30ba827c,
0x19db06ad,
0xd431feeb,
0xdc0a0eff,
0x22690a0e,
0x09485750,
0xc29a2a93,
0xb5c8ae6b,
0x5bff55da,
0x40326c76,
0x117e851c,
0xa974ad95,
0xea0996aa,
0xcee5405e,
0x86d2a3e1,
0x65e56c3b,
0x6d92acf2,
0x8fd9d7af,
0x1054db6c,
0x39c5702b,
0xce42ba3b,
0xdc17a563,
0x7aa53f77,
0x9f5df835,
0x9499d92a,
0x3e0e7b96,
0xdbc33aa7,
0x97e0de28,
0x94227a54,
0xec982b26,
0x0ba08b70,
0x798eb399,
0x5d128bea,
0x05b113b3,
0x99b4874c,
0xd4995194,
0x1a052e15,
0xfd9c7f0d,
0x90e95fcd,
0xf23ccc07,
0x37bf5361,
0x83070ca2,
0xf136d8a1,
0xd6cf1d79,
0x43947c72,
0x4e3d8316,
0xd19a04e5,
0x6ae36073,
0xa73b2797,
0xc48176ab,
0x2a17abc7,
0xa21d2183,
0x26d8657a,
0xd94d56f4,
0xdbc37fc0,
0x1b64dfdd,
0xb623c543,
0x5c8b0193,
0xb2c5d2a8,
0x72639e50,
0x79cec870,
0xde51018d,
0x21506bf5,
0x46b31446,
0xcc6c05ba,
0x1586be3f,
0x647792dd,
0x3171d8e4,
0xdbdf7011,
0xe69b6bc9,
0x702a3194,
0x27be56cf,
0x62bfcc87,
0x56a6d15d,
0x5a0c410a,
0x817e166c,
0xbb407042,
0x10ae7f50,
0x5705946e,
0x3ec92034,
0xbec1b8d4,
0xa8934610,
0x929851cd,
0xbb16f04f,
0xc86b7b87,
0xfe06c8af,
0x0047e3e7,
0xcf7326cb,
0xfd6cb278,
0xaf3aa84b,
0x81fa2444,
0x7a6e7e50,
0x7fd16867,
0x458bdd42,
0x3db8960b,
0x94183c35,
0x51aeac7a,
0xb3177825,
0x3561b8a6,
0x1b96c8ce,
0xc18ae7e7,
0x0e2edb90,
0xbe035e45,
0x7203bd7f,
0x7a900270,
0xf57d0e04,
0x4e7ef50b,
0x8b1891a3,
0x613e87ab,
0x1838bfec,
0x554d8e92,
0x32b74e89,
0x18997e02,
0xa7d8ac13,
0xc65d82ee,
0x7a5adca1,
0x4495ec2a,
0x1adcf5b7,
0xf2d8ed20,
0x2e7a2288,
0x1f1cc437,
0xa3bc187d,
0xb40a5f62,
0xb0ee4f5b,
0x701acb4f,
0xdfcac2d7,
0x0fb7161c,
0x827d9890,
0x0c9eafb9,
0xceb598dd,
0x028be254,
0xf313ae10,
0x170b6d53,
0xbf00ea04,
0xe6fe9ff1,
0x50db8b16,
0x5bcc3e5d,
0x2715761c,
0xe3b538b1,
0x5ccd688a,
0xd513efc7,
0x187d472f,
0xd5376ba9,
0x568ac8c4,
0x3c3b05b2,
0xa7012070,
0xedf9bf0f,
0x06aba37d,
0xf3e9a8ca,
0x1e96a789,
0x81cdd1a9,
0x9d2bc56f,
0xd1f5edb5,
0x3ceae05c,
0x52c95039,
0xcb3a7ed0,
0x17e01c9d,
0x66e234c3,
0xe45b7e29,
0x722a5090,
0xafe24541,
0x8e122c1d,
0x27d43b88,
0xa68b8c8b,
0xfd6b4360,
0x4017d91e,
0x21a57270,
0x17abd7a8,
0x1168140d,
0xa34e3740,
0x1f5466bf,
0xac1e119a,
0x84221ff6,
0xa30ffe70,
0x1656a9df,
0xc50f69aa,
0x0582a123,
0xf8f08151,
0xb705095a,
0xdece94b6,
0xf7259f52,
0xf1895461,
0x1789b911,
0x749ff3ce,
0xa57aaf5c,
0x69f414ec,
0xbd6bfa60,
0x87339e66,
0x1deb8d55,
0x05112722,
0xa904a512,
0x9848fd9f,
0x29868971,
0x1dd277ef,
0x500a7285,
0x995f8009,
0xca77f174,
0xc9ca82f6,
0xcc814a09,
0xd4aac057,
0xacca1015,
0x083f4cc3,
0x7a7be9fb,
0x75f7ac28,
0x1a0840a7,
0x95eaf791,
0x04f731e2,
0x4f4dcb0d,
0x85ae0311,
0x231a49cc,
0x9a9609f5,
0x9bf1d8ae,
0x461fd1a7,
0x2f532b73,
0xf87e81c5,
0x1e9eddfa,
0x27a45440,
0xa27f4ac1,
0xd5ed02dd,
0x7bc75160,
0x5c55f6fa,
0x23f81ab1,
0x761590e4,
0xc7acec98,
0xe2a1af7d,
0x40b97c30,
0xe5985fac,
0xbc98af12,
0x4a4ee9e4,
0xf111e3dd,
0xd9c4fe0e,
0x0f19c676,
0x4622d52f,
0x2b0ccffb,
0x4acfd617,
0x65ff5c17,
0xd8d4837b,
0xaa0b3059,
0x36aee274,
0x3c9e0634,
0xb1a15ebd,
0x90d0a702,
0xd08fbe5f,
0x3c8a2fdf,
0x130e9440,
0x7b221df5,
0x5a10bc15,
0xf4b21ed7,
0x87fed642,
0x8f0253ea,
0x59a501ef,
0x3a7045eb,
0x5808ce10,
0x57857f0b,
0x618b74c1,
0xd2de47b5,
0xaf773787,
0x6b5a7501,
0x5d09fdde,
0x22f138c5,
0x8ac8e125,
0x2d3bf0af,
0x40ee9726,
0x44594618,
0xc2dd8a2c,
0x3709be94,
0x583f6b2f,
0x3b2085e1,
0x9a869d50,
0x14015b8e,
0x47c22efc,
0xafa82a8c,
0x5dd45581,
0xa30f028b,
0x34d51e37,
0x65b89ad9,
0xf72dabff,
0x0b13b70d,
0xa5817411,
0xaebe2ab9,
0x006685cd,
0x052e4794,
0xa995381b,
0xed3f2d2f,
0xa62dea0b,
0xa98cd6f1,
0xd7132707,
0x0483f029,
0x508a5ed3,
0x76d94ada,
0xe3f2bf1f,
0x4a0b5019,
0xe1c723cb,
0x0776de5d,
0xb675bb12,
0xf1869cd3,
0xd74d3be9,
0x2379d840,
0x20f3fdd0,
0x68499975,
0xb8adce1c,
0x24e2fb3d,
0x9a59aeb3,
0xa67608e0,
0x63babcc6,
0x7a4e413e,
0x17d7d8fe,
0xad444742,
0x5a96c285,
0x5434e7c7,
0x4e9f80a6,
0xca4ef577,
0x29e497d5,
0x7e7207b9,
0x445cc9c4,
0x8e2ad9c8,
0xefc035b0,
0x4d4c7a69,
0x8127d861,
0xc197e56d,
0xf16e526a,
0x2b98ef9b,
0x870b003e,
0x068ce9bc,
0x08c85218,
0x31c6b2bb,
0x1ab3b78e,
0xc5845d66,
0x0a59de61,
0x98720a2e,
0x93b26de1,
0x372b0f97,
0xa5c117d4,
0x1196fb5e,
0xdebdc019,
0x35b47167,
0xeff258d4,
0x9856b617,
0x0d084e69,
0x051aef9c,
0x4603b9f2,
0x4a798f2d,
0xa1c92131,
0x7798cfa0,
0x38d16b01,
0xb2932b9b,
0xe3a74bbb,
0x1f54b21e,
0x9c55dd26,
0x103d8f02,
0x8466ffbe,
0x431cc315,
0x73a4ef7a,
0xf33532c8,
0x2bdb1478,
0xf4247cbf,
0x4d2a1800,
0x14d524e5,
0x43408da2,
0xbed2692f,
0x80309833,
0xb44ace75,
0xf588133f,
0x9b75d6f0,
0x95c02aa9,
0xb364b5d3,
0x36e9ab7a,
0x242f5498,
0x5e21935e,
0x87c1c2df,
0x4564f07b,
0x2dfb06c8,
0x266d71e4,
0x5ce27fcd,
0x2dcc6a4b,
0x467cba43,
0xb5ef7278,
0x83766410,
0x60ccabd0,
0xc0b3dc45,
0x4dd8c4ff,
0xa0a6c73e,
0xd8329947,
0xfd2334a9,
0x93d017a8,
0xf94251a6,
0x0fdf0810,
0xd3d744ff,
0xa56a06d4,
0x8a3e5bf4,
0x7802bcb4,
0x5ef48238,
0xa75135b7,
0x3f736bcd,
0x27e36ece,
0x8400de63,
0xe51821e4,
0xbe78b296,
0x01cea402,
0x4a87ecbe,
0x5044443f,
0x266fd684,
0x4c6ada2a,
0xf9803b62,
0xde59a567,
0xe8f31ad5,
0x91cc9afa,
0x8da3200c,
0xe4b99ee4,
0x7b753051,
0x724f46b2,
0x71f7d5fe,
0xb90bdf33,
0xb3beae5a,
0x9802b350,
0x63fe47dc,
0x3459a411,
0x4ba3f978,
0x7af8eff3,
0x41758540,
0xc6043dba,
0xa51ec19b,
0x49e3ea43,
0xc01aa4bb,
0xc5402f9c,
0xd8457b38,
0x3dfb159c,
0xa952cde0,
0x751ab1c9,
0x6d5a6d11,
0x00bd5922,
0xd416789e,
0x759bce45,
0xe2587033,
0x43735b37,
0xe0b30c34,
0xfe9daa08,
0x186487ae,
0x145c77a0,
0xe15207ee,
0x97765441,
0x9f29e3ed,
0x8dc399ec,
0xd7d92395,
0xe821525a,
0xe50d6202,
0x2a443764,
0x7fef191f,
0x313ea253,
0xd29aeb98,
0xca662f14,
0x0ef8de0e,
0xbc2bff64,
0xf3b44c70,
0x8600b361,
0xcb941caa,
0xafa22dd8,
0x14e77cc8,
0x11adfba2,
0x61fd06bd,
0xfb3e937c,
0x30a3b241,
0xbf3d4168,
0x91c0008e,
0xb2ef9ab4,
0xaf77238a,
0x269fb2e3,
0x9b26d5ec,
0xa039a39a,
0x01c16cf2,
0xf29b0f88,
0x99002df7,
0x402b086b,
0x55d2cbea,
0x3b9f6071,
0x018901c1,
0x3842bf7b,
0xcc676e1e,
0x4267037b,
0x490206a6,
0xc8e618b3,
0x9c93095c,
0x76bd4e70,
0x0af486f6,
0x4da113f4,
0xb2bf6448,
0x5136c97a,
0x26ed30dc,
0x7e0f3161,
0x0e526ce5,
0xaf6d3d0e,
0xb3d9a537,
0xafe70701,
0xd4c9f89f,
0xb1a90b0d,
0x96d60f9f,
0x329b29b4,
0x4ad197af,
0x5475a183,
0x07eb2654,
0x4667445a,
0x14c2f7ef,
0x48bbd92b,
0xc19ee5f5,
0x3b990c8f,
0xd2980765,
0x5681c749,
0xc0497d9a,
0x3754d3dc,
0xcd2ae5c4,
0x324a2f5e,
0x7d292c13,
0x0b3ba31c,
0x72ce3159,
0x4cbc3395,
0x0026e39a,
0x41c336b6,
0xa403cf6f,
0x53d13945,
0x3bb08ab4,
0x01d7fb57,
0x4200df11,
0xd72098a1,
0x74766d8d,
0x691f24e1,
0x549bcc37,
0x3fb73716,
0x1d5478a3,
0x7d33a12f,
0x3b031bf8,
0x628f6750,
0xc613097d,
0x293d2004,
0x4505db33,
0xfcfa7a3d,
0xfa7bc67e,
0x7e854c44,
0x7be9ac82,
0xd0b207aa,
0x5a565feb,
0xef086f02,
0x7af9f404,
0x144dddc2,
0x52be2238,
0x45b0db4c,
0xdbf2a23c,
0x68058ab3,
0xedf25cdc,
0x9c696890,
0xddac16e1,
0xf79aadff,
0x522b5957,
0xdf051383,
0xb7cdcd7e,
0x7675b9da,
0x38f993a8,
0x06312929,
0xaeed6564,
0x86b350dd,
0x3d41fc0b,
0x5887401d,
0xbb0820b6,
0xfff6c00d,
0x401dd62a,
0xa13fb1e1,
0x0d426209,
0xd600cbf0,
0x9eae0641,
0x6d98c3c5,
0xefbcb9f0,
0x45257bf3,
0x046ff9a2,
0x2d038243,
0xd4f73d27,
0x0f3408e5,
0xc6e42381,
0x27f74063,
0x52303018,
0x356ed8fa,
0x7ffa3eb5,
0x1ca01536,
0x78ac3a27,
0x3044d9b5,
0xae8fd647,
0x7e88eff3,
0x4f5feb14,
0x3cfab2a8,
0x217827ee,
0x3c2769b9,
0xa697d6cd,
0x4a8f618d,
0x331ac8f6,
0x2cc7dbc2,
0x3c546bfa,
0x93f55060,
0x53aab7d2,
0xc308539f,
0x37cf5baa,
0xebf8a9a9,
0x185a7c54,
0xbff06bf4,
0x281173aa,
0xfb32b02b,
0xe992d015,
0x3c64db79,
0xd3446e62,
0xe3d6db3e,
0x88151951,
0xb8db5180,
0x37506294,
0xffa399ab,
0xacd27602,
0xac1a3e73,
0x96de61d3,
0x8ff0d30c,
0x48ebf8d7,
0xdc22a935,
0x7711f1af,
0xcfc9da5e,
0x78773eeb,
0x5dc1b91e,
0x58ead4a3,
0xf54d5550,
0x5cb74587,
0xb1dc67ce,
0x161d26e4,
0x11cd0476,
0xb65325a6,
0xc5b3b2d4,
0xd6e3de40,
0x26ca9a3d,
0xeb2fba5a,
0xd1f89c34,
0xa778599f,
0x973aa1ef,
0xa1a8edce,
0x997a8888,
0x1023a5c2,
0x1f723a82,
0x450891a4,
0x07f41a40,
0x851e6a74,
0x2f22a8d9,
0xda0c0907,
0x0ab6e540,
0xde94566a,
0x4c1c519a,
0x0e434096,
0x1b735ec8,
0xed94c62e,
0xc40896b7,
0x4b10c6a6,
0xae876722,
0x3f844d52,
0x57d228f7,
0x7f7bfecd,
0xdac42944,
0x91a835dd,
0xd17fd4be,
0xb206e4cc,
0xbb00f3f4,
0x2b8da35b,
0x874c737b,
0xfc22c5cb,
0x87603437,
0x33322130,
0xeb926424,
0x7c3038c6,
0x2dc9c842,
0x368c5ed3,
0xa60f6ec3,
0x97106c5e,
0xeb192b50,
0x0a3904cb,
0x035f80f1,
0x87c86c84,
0xebc17b46,
0xf663db1c,
0x27223277,
0xdb1c08b0,
0x96ffb7ad,
0x5af677ca,
0xb7021a01,
0xf2e823c7,
0x08eb27d7,
0x92925de2,
0x76e375ac,
0xa2d76593,
0xe37f5bd2,
0xdecdba15,
0x146391f1,
0xffdb7986,
0x31adc295,
0x2329046a,
0x1276a9cb,
0xa5c430a9,
0x8e9affc0,
0x30d0abec,
0xd6d1a7bb,
0x5f0fc501,
0x6cf45cc0,
0xe2c82664,
0x66c9f9d7,
0x644ea5ed,
0x1333cff6,
0xd4fea52f,
0xc4acc915,
0xe374864c,
0x73fa6ae8,
0x62f8445a,
0x58c34ab4,
0xbd4aaefb,
0x717fb77a,
0x746e296e,
0x1ddac463,
0xb0f64d76,
0x0527aaa1,
0x4610ae4f,
0xd4d369b1,
0x741f4d6e,
0xabcc3728,
0x79367404,
0xcd05bfee,
0x7842f4b0,
0x90c8ab31,
0xa97717f4,
0xad755234,
0xa755897e,
0x67b24a0e,
0x6c4cbdb6,
0xe2b2606e,
0x28ffd5eb,
0xdab5d7c4,
0x8dafd4f4,
0x1b83967a,
0x5d9c715c,
0x6001a86a,
0x2818f51a,
0xea97177a,
0x88dbb27d,
0x8eea9e65,
0x789f6146,
0x572ae898,
0x1280c6f3,
0x1f821cb3,
0x6e34dcd9,
0x134fde99,
0x05d7ae50,
0x83819a71,
0x48f7a775,
0x891f259e,
0x71d15b24,
0x6f30d161,
0x72119b60,
0xaf2deae3,
0x38ebb6da,
0x663e67ea,
0x2e809e2f,
0x3425eff3,
0x86ad8391,
0xe62fc435,
0xd8dd3564,
0xb3308595,
0x23d036e2,
0x61ccf476,
0x67a9ad99,
0x6e47745e,
0xa55e5776,
0x4f05db32,
0xc877cb6c,
0x7b67ed27,
0x914ca993,
0xebd9854e,
0x674ab1c0,
0xbff80654,
0xfc3ae1e5,
0x8355f0cf,
0x93759183,
0x0f26bda3,
0x93b42a69,
0xff341888,
0xad2421bf,
0x0f380f7a,
0x95304aab,
0xe2f1bdd0,
0xc2df3460,
0x7f11df7f,
0xe29364cd,
0x43e8a96e,
0x4087d274,
0xf96f83a0,
0x4a39f2dc,
0x3849291e,
0xcc8070d3,
0x90314466,
0xac244b1a,
0x9a939c16,
0xa63de60a,
0x056c439a,
0xef1693bc,
0x80ea8110,
0xbbff06e6,
0xb7b15bac,
0x8ff663ba,
0x19900c33,
0x91d85838,
0x3d00ac7e,
0xa81c43d1,
0x2455d13e,
0x3a0f7eaa,
0xc4783806,
0xf355c3bd,
0xcbf75110,
0x9000fd59,
0x6b8fecfa,
0x63c28df7,
0x8622bc91,
0x9dff4c20,
0x03ae6545,
0x8164f226,
0x4eec45bb,
0x849491b2,
0x1a0ecec5,
0xba92600c,
0xde7e3056,
0x3aed0dde,
0x3db55e5d,
0x5481b0ca,
0xab9f5193,
0xc5745fd4,
0xbc4e088b,
0xd5f0766e,
0x8ba7cac1,
0x695f3c78,
0x1d8f30ae,
0x1b2bb595,
0x6a695524,
0xcd0f9011,
0x33fc9698,
0xa3c7e684,
0x810897e7,
0xadf21249,
0x3a720e69,
0x7fc6ba1b,
0xfe1cd501,
0x533e1d8f,
0x4f9fe74f,
0xd2300996,
0xf5753c62,
0xb6d6a576,
0x75111c2c,
0xa6d491c9,
0x3fbba199,
0x88ec9426,
0x876e9b74,
0x471f30e6,
0x1aab7e63,
0x68eafb88,
0x8f091e1a,
0xc167de28,
0x856261ff,
0x5e13dbfe,
0x28668343,
0xc73bbaeb,
0xd3630dfb,
0xa8d7ce26,
0x45805f75,
0xd1359032,
0xd5cdfa0b,
0xdeb8892e,
0xbb3f4cb5,
0xe7198d12,
0xbc747e09,
0x51f4ec30,
0xf219ee38,
0xee7e004c,
0xa8c0eef4,
0x06a60fe0,
0xda626908,
0x3620e434,
0xd77cb1d0,
0x4d3dedb2,
0xc7ad4716,
0xca9d0640,
0x29ff18f9,
0x844bbe42,
0x05d8eb65,
0xe768cda1,
0x2b8f6f99,
0x20f63ebe,
0x5c08f971,
0x2e8c2026,
0x498ab00c,
0x70c9fe3e,
0xd6d9994e,
0x9bb1c950,
0x68e13d37,
0x46c1495c,
0x35ea4d3e,
0xfd86c4cc,
0x9ea3ee54,
0xd35544fc,
0x8d89b3b3,
0x8b24a02f,
0x20689461,
0xb67e99cc,
0x75adc374,
0xcc0e4789,
0x19453672,
0x4e43d6ed,
0xd82ae558,
0x3a242759,
0xc895e689,
0x9696e593,
0x5ee41ddc,
0x92ac6d6e,
0xb7ec4f65,
0x1596dc49,
0xdd729ba3,
0x9f6209a6,
0x365da2c7,
0xccd45ad5,
0x42cdc776,
0xc1b11d7d,
0x03d007fc,
0xa7dd76d2,
0x3256bfa6,
0x34743c5a,
0x122a5b79,
0xf0c5c2d0,
0xf4bac4a4,
0x2ba23e31,
0x389b500e,
0x777468aa,
0x40ddf80f,
0x7fcd55ac,
0x2bcf6ec0,
0x78a2fe0c,
0x43b024c0,
0x21e0141c,
0x45f7723e,
0xb725fe66,
0x68484a73,
0xdd03e60a,
0x0b44a4e8,
0x31a50929,
0x1976fe0d,
0xc848991c,
0xf767fdad,
0x4408629c,
0x1316f72b,
0x97b5bf91,
0xbc1ae373,
0x3b997b1b,
0xd0b3a1a8,
0x58a53159,
0xb07d039c,
0x96c69046,
0xff2a955e,
0x3aac72a7,
0xc6569d2d,
0x2b81e782,
0x437d1c51,
0xd107966e,
0xd2b4de58,
0xd1536d3b,
0xdcbe623c,
0x4f5584c6,
0x8be4f468,
0xb64100cd,
0xa392ebcb,
0xd02ef026,
0xdcfde77f,
0x53d95db1,
0xb2c8e4b4,
0x41cbae01,
0xff1a9474,
0x0060a246,
0x5c27e162,
0x1c655e89,
0x813ebff4,
0x9753514b,
0xaf850fec,
0x46b59294,
0x023d6a12,
0xefa44fe1,
0x70c0cf77,
0xc96de6bb,
0x8a78b87c,
0xfe6b91e0,
0x95db9e91,
0x060aaff9,
0xd8b60b78,
0x4746d051,
0x7802e0bc,
0xf4d03304,
0xd4090394,
0x0b1a03e4,
0x0fd9376f,
0x5aaf574d,
0x95cfb0a6,
0x05350b11,
0x692159c6,
0x7c2f284f,
0x5d76203b,
0x875e463d,
0x82c05095,
0x71e853e1,
0x666362da,
0x585f24fc,
0xaf61a909,
0x371df50b,
0x7505ec0a,
0x735f93fd,
0x9f374ffb,
0x00b73a2e,
0x52e2c617,
0x203aaf79,
0x41fb4ed7,
0x19fb063a,
0xb6ab6727,
0x5a6d86dd,
0x84c06b56,
0x3103600e,
0x718bf3b7,
0x9f67a6d6,
0xdd75ca93,
0x7310a2eb,
0x0cedcf0d,
0x103872d5,
0xe4ed748e,
0x84551cef,
0x61c277a0,
0x19794b17,
0xe8b172bd,
0x6222e60a,
0x9f848d8f,
0xb9328874,
0x1b35f547,
0xa558bd34,
0x3dea96e1,
0x9bc7d2af,
0x5bd9c08b,
0x8bcf060a,
0x226a7ba6,
0xf2801fba,
0xe6f88e76,
0xb0c91fde,
0xafe9e9e4,
0x090957c1,
0x267a3958,
0xb760b668,
0xce64ec90,
0xb4a45bc9,
0xae165a0b,
0x081bbbac,
0x0ab783e9,
0xe6babe42,
0x31c7f29f,
0xe39cb0b8,
0x6022dd30,
0x2a171fdd,
0x58ca0ee1,
0x92649bbf,
0xd5d26b53,
0x0dbee1a7,
0x58d6d317,
0x7001cecf,
0x0ce1fa0c,
0xe7bade30,
0x36abc4c4,
0x232dfcb6,
0x3c2130a7,
0x6a3ff131,
0xdcb6124c,
0x776ca96c,
0xa0d6d4a8,
0xf161b467,
0xb945da30,
0xdf683dc9,
0x6aea320e,
0x03d3ecdb,
0x44fe7719,
0xd33f35e3,
0x69454056,
0xa5a5035e,
0x33351845,
0x8f14ea63,
0x832910be,
0xfdd5ee01,
0x77e89181,
0xf0340aaf,
0xc74c57af,
0x0b8d5860,
0xa4351ec5,
0x84a0e479,
0x1b634535,
0x6290a5a3,
0xe5384e1e,
0xafaf8d9a,
0x65b2be31,
0x699f4ab1,
0x2d061410,
0x46b09896,
0x27ead846,
0x9871acde,
0x322cbacf,
0x0787578f,
0x433c6560,
0xd02a30f0,
0x900167b9,
0xa9d2e51a,
0xc96b5ebc,
0x7ce0b684,
0x51465fad,
0x1cfaa3d5,
0xedacb157,
0x9d5b6980,
0x8e4105c8,
0x619de7f2,
0x55559509,
0x478cc02f,
0xbfd4adf0,
0x95e4d239,
0x14415a21,
0xcf8a3198,
0x056273eb,
0x8eac6903,
0xcc3a8038,
0x9618c400,
0xe5267762,
0xa77e668f,
0x911c9f7d,
0x1fc78d19,
0xd1f98cbf,
0x7c8aa735,
0x4a22ffbc,
0x68089e4d,
0x8c04ff8d,
0xce0d68d4,
0xcd0fdd90,
0x311226f1,
0x7be124d8,
0xe7adbb43,
0x9d64bc69,
0x455f7be9,
0xa1a3d24b,
0x9795ec63,
0x748c9559,
0x4d508222,
0x264373f8,
0xbad42d29,
0xc9f43932,
0x39b9ab2c,
0x2fa0c489,
0xdbf95e15,
0x699e5387,
0xff6886bd,
0x09579a4d,
0x7487c71c,
0xd62f91c2,
0x415621c2,
0x88f310b5,
0xb3c7d789,
0xbcb2cda0,
0x541a3812,
0x9ad46a0b,
0x2d4909b1,
0x3e935d8a,
0x49b55fa6,
0x9c75ce27,
0xb1d82f1c,
0x1a82052c,
0x0d4bff2f,
0x881d2b03,
0x049873e0,
0x1f3a3ce9,
0x50f4c620,
0x6f6f2e51,
0xd6c5ccea,
0xf4afa6e9,
0x61f84372,
0x231f294e,
0x2711fbde,
0x9719315c,
0xed84e859,
0x62996e0c,
0xe87ddc59,
0xbb04ac77,
0xcbb88b40,
0x67f4baa8,
0xc969ed14,
0xf2826246,
0xb38601f3,
0xc3f0e081,
0x0c1c3100,
0x1a3426f7,
0x3a52c6b8,
0x5323cace,
0x5113f879,
0x7dc7a567,
0xf70c783f,
0xbbb0e77b,
0x2339eeb2,
0x3fdd146a,
0x8182229d,
0xf03bdd79,
0x829d4010,
0xe5436d24,
0x730a31a0,
0x00d689cb,
0xe15cbc61,
0xbc92b75b,
0xa5346436,
0x3080f534,
0x40216678,
0x1270dc4d,
0x22ac37a7,
0x390d8c8d,
0x38baed20,
0x4e4464b5,
0xe8034b97,
0x8b754658,
0x69ff383f,
0xdebcaf48,
0x33c62209,
0xe6df696a,
0xfd1ce2cc,
0x50cf33c0,
0x5388eb5f,
0xf77feb9b,
0x7c0b8b62,
0x7d7eda0c,
0x95031f99,
0xf3db5392,
0x2cee0d7f,
0x12406861,
0x018e5a52,
0x5b819b01,
0x63f1b125,
0xd8eae0be,
0xc5e446e0,
0xca6e66ad,
0xd2ec829a,
0xcd9b8547,
0xa36de7cc,
0xf8a5de86,
0xa4c9c0ac,
0xbabc56bd,
0x9766ef76,
0x060c502f,
0xbe9afacc,
0x94d8bbfc,
0x0c242e0d,
0x57dbde7e,
0x5f6c2f41,
0x8a5d7887,
0x6053714b,
0x67513d2c,
0x76f838bf,
0xb4e3bba4,
0xa8ad53f7,
0x0d8f104c,
0xbfe63ea1,
0x53c76c8d,
0x9bb8869c,
0x63e51654,
0x2eab3161,
0x006220a0,
0xc42fb7b4,
0xfefa2808,
0x6031a0eb,
0xccb4369d,
0xbee7492e,
0xae14fab0,
0xb459f588,
0x69f58786,
0xd76d46c8,
0xf8d9248c,
0x41a9ad7e,
0x356139c6,
0x8b84a0b3,
0xb43a0b00,
0x82838c74,
0x35fecd6c,
0x6689289d,
0x7daf3837,
0x3198a1b3,
0xe973a5df,
0xeea997dd,
0x1b73d826,
0x6a711530,
0x9d92ccb6,
0xbc319648,
0x9e6d0ae8,
0xe7e159a8,
0x5d9a7a35,
0x55ada80c,
0x9abe0380,
0xdd365ccd,
0x00c7436d,
0x8f4385e7,
0xbcbad4f6,
0xa365ebe0,
0x92af22ea,
0x08c1ff2e,
0xcf86ba3d,
0x47129d96,
0x9a4cdf03,
0xc118fe3f,
0xf1392a2d,
0xf710542a,
0x07ae34bb,
0x8df08286,
0xc60b0d3c,
0xfc24cde1,
0x52a99160,
0x38be855b,
0xa76c1f06,
0x023520c0,
0x43465c92,
0xe94f5c1f,
0x276922c4,
0xc17d9607,
0x3bcd1436,
0x5f131f64,
0xd63a1c50,
0x1f1be977,
0xef65cdce,
0xc60487af,
0xc53705dd,
0x8f94a126,
0xe92b276b,
0xaccf84c0,
0x1204ab72,
0x8200f4f4,
0x066fdb32,
0x17882101,
0x1ae87e87,
0xda17c95c,
0x0b45f66b,
0x56459c9d,
0x5898024d,
0x43f5938d,
0xa7b7595d,
0xc837ae2f,
0xa3ce8f43,
0x2fa34338,
0x152aeb0e,
0x68b06698,
0xefafa7b0,
0x3170af2e,
0x0f0ec963,
0x362257bd,
0x6ea35173,
0x6d3c8d4b,
0x75928f11,
0x558bbad0,
0xa567c61b,
0x6db1f372,
0x75a70489,
0x2b37b278,
0xfbb2b324,
0xa553d0a7,
0x66b3c32a,
0x09f2e22a,
0x2c0eda19,
0x96da9668,
0xae09b688,
0x0fa28329,
0xbe7914bd,
0xd9942f0f,
0xbe75e107,
0xa97075b8,
0xc128b03c,
0xe3d962b9,
0x104727d3,
0x27ab3f3b,
0x5254b0ee,
0x9351cf7c,
0x095add71,
0x1de0589e,
0x35be54ee,
0x73e2063a,
0x7f8e6404,
0xb880e82e,
0x1a8c6964,
0x6feba377,
0x2a12f6bf,
0xe7c57111,
0xb6b35cc5,
0x3f646f13,
0xc31d2aff,
0xc72d2e80,
0x8e2522e4,
0xc935c8c8,
0x18154d9d,
0xd71ae41a,
0xbd12fec0,
0x452c5399,
0x18660b25,
0xa7828188,
0xe1429b85,
0x041a902f,
0xfe9a76e8,
0x82160bd3,
0xe57c1f00,
0xf35489dc,
0x4324e0ff,
0xec1e02a5,
0x41ff2bb0,
0x8936f762,
0xd7aeae87,
0xd3194dd4,
0xe2d9ec3b,
0x5b3b71d8,
0x4872ffd5,
0xdcebb3f5,
0xd42d36e4,
0x7c0e33d0,
0x34206a40,
0xfdfa2d3e,
0x165c6908,
0xdfcb68ea,
0xe8c75c32,
0x7c88cfce,
0xf2e6f6f5,
0x0bf87f70,
0x645b353c,
0x834f53ec,
0xccb374d2,
0x85819a6f,
0xa3737508,
0x5b2f531f,
0x20a44e7e,
0x59dbc41e,
0x1b21abda,
0x4d358e70,
0x5e2bf361,
0x34fea855,
0x4257996f,
0xb2bf9fea,
0x07f156b4,
0x1e3abae6,
0x9cf89cf0,
0x8a378747,
0x2a841550,
0xff908810,
0xab88dc4b,
0x9e472a7f,
0xec4ea6ef,
0x43ad0908,
0x2c799863,
0x5f90c67f,
0x98ef7f66,
0xfc81f6b7,
0x9229edbc,
0xfd766c6f,
0xe371ef92,
0xdd7744bb,
0xfce37ebf,
0x404f6b6b,
0xeeaef86d,
0x0a767371,
0x53eebb56,
0xb34f43dc,
0xe5271035,
0x4c6e9055,
0x7ee2761e,
0x6a7335bd,
0x340b4ef6,
0x05dffc6f,
0xba4bf7ed,
0x801cf921,
0xb564b1c0,
0x4c84c49f,
0x675c03ce,
0xd9de9fce,
0xe6b4b791,
0xd788f484,
0xf55033e6,
0xda4445e5,
0x828fa75b,
0x62244505,
0xff1c0e28,
0x0981d7e4,
0x53d50ff6,
0x5789fcb4,
0xd25d03b0,
0xd8243efa,
0x0bd7177a,
0x7eabf1b5,
0x2698a7fb,
0x999fe2cb,
0x171397c9,
0x1f8f70aa,
0xdbf7d08a,
0x1f71768d,
0x59085246,
0x541010b2,
0x1ea96a47,
0x57933a6c,
0xe163f84f,
0x29f23f73,
0xcdef0f56,
0x8e936fc8,
0x57ad5b46,
0x77f56c43,
0xf762b35f,
0x883d4221,
0x932687b8,
0xe9392809,
0xae4356ce,
0x77d468a9,
0x3297142d,
0x2fb5ce1a,
0x4d1a5239,
0xe477729a,
0x61072858,
0x7e4e2b0d,
0xfc9a65c0,
0x209fe145,
0xce7f7f44,
0x4a7168c4,
0x8642ae40,
0xbb0e817a,
0xc5380e12,
0x5d9d7c15,
0xea1fb4e7,
0x98a9f5f9,
0xf2eb8d60,
0x10068fbb,
0xf3aa139f,
0xfaab2f69,
0x0f0a07df,
0xa921ffec,
0x595057e9,
0xd4a1d39e,
0xdd9d8634,
0x035f01aa,
0x52f4e5ab,
0x7e689bfa,
0xd51baea5,
0x76c57fd3,
0xb9acd61c,
0x1b090753,
0xe379bb12,
0x6c9891ee,
0x12802a5a,
0x18c0783a,
0x4e6c30ed,
0xf1478a38,
0x205b6b68,
0xc035dc44,
0x0a24d7dd,
0xd30394e2,
0xba39f1ad,
0xa8203e3b,
0xf08cb106,
0x0d2ddc9e,
0xe5af08d6,
0x4ed40bfc,
0x13dc46d4,
0xdef0c86a,
0x5d224554,
0x07e913bd,
0xcf952def,
0x1398ed43,
0x050571aa,
0xf89150df,
0xad51f75a,
0x10b1a15f,
0x8f98bdee,
0x8293820a,
0x4c595e0e,
0x7c77ca0c,
0x15bd9abe,
0xe242699e,
0x898b53f5,
0xc79de308,
0xf590953d,
0xab7d6b21,
0x8b735a8b,
0xf3c01266,
0xade8bb62,
0x214f63d2,
0xa6331e15,
0x898ffd93,
0xb8323f8a,
0xbfbba702,
0x38915307,
0x9de466d1,
0x7f1018a2,
0xf793bd5c,
0x58da9d63,
0xdf1fb5b7,
0x44612d01,
0xbd8b6de1,
0x254f27e9,
0x2add6512,
0x0c616a70,
0x9b9daed3,
0x045498a5,
0x60447295,
0x139881d0,
0xf4bb7d6e,
0x030d364f,
0xdbc54b59,
0xa904aebe,
0x78b41125,
0x99b8cb37,
0xe864b2fd,
0x19171fd7,
0xd5353f51,
0x42577b5b,
0x2dc46191,
0xd495b5b3,
0x377e03ad,
0x7c12a4ff,
0xae5eebc5,
0x3599c0ab,
0x1fdd87d9,
0xc1e84eef,
0x15bb9d8d,
0xb012466e,
0x772b1bf6,
0x00195a84,
0x9895531e,
0xa19e0899,
0x1fd43fed,
0x775c840c,
0x1ba67b7c,
0x042dfddb,
0x45e3394d,
0x7156521c,
0x99aff50a,
0xe3b6daa8,
0x7ee2d250,
0xd1edbbe4,
0xb45a3b7f,
0x1e0463b1,
0x9bc98ad7,
0x88a26aee,
0xc36d949c,
0x3a4a4e04,
0xfa4cb757,
0x09e8211d,
0xa9521018,
0xf3f8469a,
0xf9229606,
0x170715b0,
0x1dd9eb27,
0x8e752496,
0x551b9f5b,
0xd684a58f,
0x0e2160d0,
0xd3aa8242,
0x29dcad0a,
0x348eac37,
0xc06c20cc,
0x7a6c338c,
0xc3166ccd,
0xc48d8684,
0x443a7c42,
0x4745a1d1,
0xaeb774d9,
0x6762c543,
0x8bacdfb2,
0x8fef7ab2,
0xfdae8e37,
0x158407af,
0x6f9bf43a,
0xd37ab41c,
0x75023f4a,
0xd93a3421,
0xc9801557,
0x7b49f01f,
0x366eba13,
0x79f5b303,
0x78f1fda4,
0x7bc19ff3,
0xd1b7e617,
0x8d1f24f3,
0x7f869205,
0x691b3e71,
0x0021da68,
0x44f59a42,
0xb7a9690b,
0x7ce9656c,
0x7049878e,
0x4bfbe464,
0xe11f3d1c,
0x25b0df82,
0xa91a7d2e,
0x9dda5aef,
0xf8859035,
0xa51db806,
0x757fd27e,
0xfc8eab8e,
0x4541d9a0,
0x39f97ac6,
0x2fb7e8c9,
0xfdf87ce0,
0x6c843ff6,
0x05b6cc3f,
0xdcde3e24,
0xcabe0cd6,
0x54d48f3c,
0xbd9c4600,
0xdcd83474,
0x35317826,
0xebf79e34,
0xc1c763a5,
0x99afadcd,
0x8272eefc,
0xdc79d565,
0x66564b33,
0xdbb2ee12,
0x77b7afa0,
0x091ccf44,
0xd646bcb1,
0xc6ce3c83,
0xc0d3e706,
0x227ba722,
0x088790ee,
0xa483b359,
0x0b64f649,
0x2a755e68,
0x53cb8635,
0xed47d39b,
0x2eadde20,
0xc0f0a895,
0x0793eaed,
0xb4fb642f,
0xe2ab721e,
0x1c564691,
0xc501482e,
0xcf2b0b5d,
0xa344fbce,
0x7c8d76a5,
0x8e3bab0f,
0x6577ce4a,
0xe101b5be,
0x247c5806,
0xd77b529e,
0x02ba7635,
0xb91182af,
0x59c3a34d,
0xe5225682,
0x94519eef,
0x1b7484c6,
0xa57ecf8b,
0xfab444e4,
0x736bb01a,
0x18077f12,
0x4389c96b,
0xe5f800b6,
0x8af03dd1,
0x10d3cf0e,
0x75d0c8f3,
0xfe3725d6,
0x537b0b3c,
0x072aa367,
0x7eddbfb2,
0x00b2ebd4,
0x52f8858d,
0xf7c6ef5d,
0xbbb24270,
0x362a3637,
0x75bd77be,
0x2a1405ae,
0x2b1e5acc,
0x1e6e13b6,
0xc0d07cc0,
0xe24eae07,
0xf0cc76c3,
0x37a62289,
0x917af106,
0x568fb29e,
0x055e910f,
0xd6ea21ff,
0x5a756009,
0x90717db1,
0xb28d7b7c,
0x7269afaa,
0xc6c99777,
0x23765c41,
0xbf7534a9,
0x37105eba,
0xe981341c,
0x5447a640,
0xa67e231e,
0x660e7389,
0x53fe0cd4,
0x175e78e7,
0x57eecf7e,
0xecc2c8c9,
0x69fb97ac,
0xff51f5b0,
0xccc14c0e,
0xc8dc0d8d,
0x33d3e42e,
0x0b13db21,
0x94bba949,
0xe8a59a44,
0xa59fb082,
0xf6b1b846,
0xca249e75,
0xceabb32b,
0x75261b54,
0x683c6425,
0xeb678e2c,
0xc8e04b08,
0x3edefc11,
0xca89dac0,
0xd2986521,
0x46c1248b,
0xf0952c30,
0x52d28523,
0x60cc6b19,
0x95c284b7,
0x92e10e55,
0x86e9ff21,
0x13de2047,
0xf296c5cd,
0x29736813,
0x40bd8675,
0xafdc3e06,
0x810ce9f7,
0xe572a2bc,
0xd7cf8880,
0x71905ef0,
0x81e39e56,
0xff08e013,
0x07bf0d1b,
0xf7ac578c,
0x3533fd3d,
0x855337ce,
0x8b3bcd8c,
0x9340e09e,
0xf1f1393f,
0xabce0928,
0x29a97b44,
0x79a69b42,
0x0a8d4dfc,
0x6e10427a,
0xfdd6de3c,
0x183d6a35,
0x7a980ef6,
0x5e898036,
0x4d56f00d,
0x5ca0fa7f,
0x3a3c5cbd,
0x8402f714,
0x58a3ca56,
0x54f4e4a1,
0xd75f2ed5,
0x15eac104,
0x84c2c04e,
0xd6d9e07a,
0xa3f914d3,
0xf832c71c,
0x9b2536a7,
0x26b6da4e,
0xc9f4d96f,
0x13223e7e,
0xc47e3ce5,
0x1334a120,
0x8eb1fae1,
0x5d26db19,
0xc1629434,
0x09ebae22,
0x53d5e0b5,
0x03166c36,
0x01fdf97e,
0x08663ae7,
0x56e3acf2,
0x59de732d,
0xcb819d2d,
0x2bd3a962,
0x9f44e8a5,
0x67de4319,
0x3e9bd835,
0x483d6645,
0xe74603e3,
0xf97ded30,
0x0c4ac833,
0x81b9af52,
0xba10134e,
0x75b70ce2,
0x526b0b7c,
0x44b67ffc,
0x57842896,
0xd2dd4aa6,
0xcaba41b5,
0x2b87c7a2,
0x093caac6,
0x7906661e,
0xed1b627a,
0xb3803aaa,
0x564fc156,
0x074a881c,
0x580c3791,
0x1a46fc4a,
0xc4e98e6c,
0x06f41c5d,
0x4721f4c4,
0x2a38b203,
0x7e1db3fe,
0xfaba88ee,
0x099cfbf9,
0x5a8ce74c,
0x01c12b60,
0x7fe3b099,
0xffce8dc6,
0x61658181,
0x87317198,
0x656ee39f,
0x7d2001d8,
0x2851b48a,
0x9ffaab0a,
0xfb132253,
0x467f10f1,
0x5e74dd0c,
0x7dd147d1,
0x7e59e50d,
0x4b62dfa0,
0x0967803e,
0x694432b5,
0xae7f9f56,
0xc860018e,
0x8923ce8e,
0xea4d41f0,
0xe213aa5f,
0xcd5639c0,
0x12949f29,
0x7efc7a60,
0xaaca56b1,
0x6687aeb7,
0x234e7aeb,
0x21cae742,
0xbbaeb974,
0xd47a9907,
0xc0ad2cef,
0xc4fb59bd,
0x9c80a089,
0x9f8c45f1,
0x421480a0,
0x25a62811,
0xd0cfe33b,
0xdbb9f55f,
0x6a3d400c,
0xb0335d7b,
0x2f951988,
0x111cd382,
0x372c2e28,
0x40cd6f67,
0xaf383068,
0x22a3d4b6,
0xf85f7347,
0x127abe89,
0x886e8c82,
0x0f8e1456,
0xa5d0a364,
0x08b5b61e,
0x51acfd74,
0x5a523620,
0x8db9e426,
0x0d9fb587,
0x8f053f02,
0xe5ae99a6,
0x22ba626a,
0x3397720b,
0xc6429924,
0x3ec9c047,
0xf02fb867,
0x211bcb11,
0x53e8d7ae,
0x5fa98851,
0xb3037d63,
0xf1cdb971,
0x351a0b26,
0xf9bb6c8c,
0xfd659c74,
0xd94ff24a,
0x9dc291de,
0x061b05bd,
0x78cedba0,
0x5a34da01,
0x8d63410e,
0x6ce7c342,
0x713f048b,
0x7c1f7859,
0x23efd87d,
0x3f605e76,
0x6a17daac,
0x65808f9d,
0xc3429a0d,
0xc41497b4,
0x7e70feb8,
0x21768c3d,
0x9fb312ad,
0x089fd2c8,
0x4c8955ee,
0x449d41c1,
0xddb644c2,
0xd8b1bc9c,
0x45f73653,
0x78f38178,
0x815efb24,
0x69ea8713,
0xf2853f4c,
0x473bdd3a,
0xf0272e63,
0x604b3f1f,
0xffeaf42c,
0x6d039023,
0xee7beb7c,
0x86334bb3,
0xc586b9a4,
0x57a08aa3,
0x6758c73b,
0xdb2bc48b,
0x9b5cd02b,
0xeaf7f767,
0x5dcede2b,
0xa720b20a,
0x0f6da81f,
0xfeb36577,
0xa4dfd35d,
0x1da0d65f,
0x4aaac13c,
0xf83ed0d7,
0x2e7caef8,
0x00736ff7,
0x0034c7e8,
0x237d61db,
0x7412d2ad,
0xcda88939,
0xfc20611b,
0x5bf4704c,
0x3853f9c4,
0x21f15814,
0xe1f85a70,
0xbc196e29,
0xa301d910,
0xcd06b46c,
0xe9bf59cc,
0xeb20c6f2,
0xf22a9e26,
0xd2bc4b61,
0xc5f972ea,
0xae274baa,
0xd8053863,
0xed9c268f,
0x0bef1779,
0x98e8723d,
0x8c4e4787,
0xd7ed79ec,
0x1f4465ca,
0x498d963b,
0x87e6b47c,
0xc039d3a4,
0xb8b9644d,
0xdbaabfdc,
0x6dfca1b7,
0x7b47d1e4,
0xa2af604e,
0x000c2bf9,
0x2952c41f,
0x7389fcc3,
0x61b685cd,
0x5a280d43,
0xc47210fd,
0xac82d6a7,
0xc1cd214e,
0x3c7eab58,
0xeb8880f2,
0x9f40e9c5,
0x5eafb8bb,
0x4c125d0b,
0xd2d12d91,
0xb1b5da7d,
0xbb21c99d,
0x43d31ce7,
0x5b8056ec,
0x93068871,
0x62296f86,
0xa3a412ca,
0xdc40dd7d,
0x24fe05ff,
0x2c22c746,
0x0d4a48c9,
0x4dbabbf9,
0x053bb35e,
0xb94bba3e,
0x8b011d45,
0x77840cf6,
0x5db8db90,
0x2130dcb6,
0x14ec98d5,
0xdf063900,
0x8c7a9752,
0x750f498b,
0xde00cb6a,
0x2f490b6a,
0xb425b571,
0xe5958c66,
0x75568b88,
0xd2f8d678,
0x1487416c,
0x02fa9906,
0x9a77cedd,
0x94cfc7e5,
0x76d32650,
0x5d0eeb20,
0xf3592a36,
0xa0043070,
0x1ffcbb89,
0xdc72da3d,
0x14900a1c,
0x20a32549,
0x4116a482,
0xeca4b6e2,
0xcb63cfce,
0xa3ed75f1,
0x0bdf53b3,
0x976827bd,
0xa76b7f75,
0x4f67a775,
0xf1908277,
0xca1e07dc,
0x4a021f43,
0x697511ff,
0xa88dc282,
0xbcef03f4,
0x0a997740,
0x32c5b48c,
0x345179f5,
0x1409d80e,
0xe94ace02,
0xca4cdca4,
0x18d41330,
0xaecdfa48,
0xb76c7e31,
0x66d21ca2,
0xd2bf4e04,
0x84a39487,
0x32cf0979,
0x485f474a,
0xd18b2de3,
0xc40d20c6,
0x1860025f,
0x73425918,
0x034357aa,
0x8e1ae232,
0xbfa3f63d,
0x11511dff,
0xc135f73a,
0xad2cb480,
0xa320be75,
0xd56539ed,
0x1357ede3,
0xb11aefdc,
0x9238ffb1,
0x806be376,
0xf51c9f00,
0x81d02d74,
0x42de4967,
0xd2e1a342,
0xf63221c4,
0x3330e3e4,
0xc8036bb1,
0x5fe430bf,
0x1d6a23b1,
0x5d901607,
0x8eddaa20,
0x62c87a65,
0xe6594581,
0xd56427e3,
0x8448dda9,
0x412e7097,
0xe7aee559,
0x638a3be4,
0x4fec7da0,
0x4e38227e,
0x07ca8e1c,
0x493bddb0,
0x66406bf1,
0x3a5528f2,
0x66c94052,
0xe678e4b9,
0x8468e598,
0x724e2795,
0x9515e863,
0x09a03adf,
0x2ee948b2,
0x7b198119,
0xbe22bb16,
0x53f329d4,
0x1daedb1a,
0xc8ec3b2e,
0x7a021200,
0xbc8275ba,
0x86536243,
0x34c54b39,
0x4b0d075f,
0x487fcfc8,
0x1694e697,
0x90a4a249,
0xe38a7b5c,
0x7c955b2c,
0x3c6b5d17,
0x1ef376aa,
0x67d01c35,
0x8326e797,
0x6dfa3e87,
0xea1e5fd8,
0x6f99b241,
0xed2d5e39,
0xfb9474c5,
0x66251d61,
0x66710986,
0x241d6444,
0x0e920d88,
0xf4e8a31d,
0x674f02c9,
0x72c42e0e,
0x219ffee1,
0xe31fd463,
0x1413ccbb,
0xe94a8b7e,
0x2f1771b8,
0x060559fa,
0x53508b35,
0x6d0539ba,
0x6c48f7ca,
0x15d3fe6b,
0x6fc0132a,
0x81b4f843,
0x12814dce,
0x9cd31e54,
0xea86791d,
0xa18b17a3,
0x6c7846d3,
0x5bc4c77e,
0xfa4cc90a,
0x0b338117,
0x0f258f12,
0x85880053,
0x14f197e1,
0xffc7560f,
0x8cfb13ed,
0x59e7f46c,
0x9ccf0d16,
0x5e4767b9,
0x4d76d13e,
0x5618e584,
0xbfc2a80c,
0x511dc475,
0x961744b7,
0xbceded89,
0x1ea43b72,
0xebcdcbe1,
0x496ea608,
0xeeceea5a,
0x4c57859c,
0x14220c27,
0x420114c1,
0xa8781cdc,
0xdae3a816,
0xbc678448,
0x46ec9dcd,
0x4b695689,
0xd4c140cf,
0x1c819dfe,
0x16715e26,
0x8e5d2a14,
0x7fd70b43,
0x1e5869fb,
0x98c7d0ee,
0xcbea755a,
0x60d2923c,
0x6bfd0cd8,
0x6c72214f,
0x859a27f4,
0x23ed6412,
0x93155f7c,
0x7ad756fb,
0x1ca25b64,
0x43718700,
0xdb43cab3,
0xdb728f30,
0xad0a5222,
0xe7ab1605,
0x9dd69ef5,
0xd8476ecd,
0xd76b98a4,
0x515fe970,
0x0f314ac9,
0xd174fbf8,
0xc1019b6f,
0x4785c552,
0x33bc9b13,
0xa36421db,
0x9f66b8f7,
0xadcf67a4,
0x4296aa9b,
0xa30ee13c,
0x90250099,
0x39c13489,
0x3f833aac,
0x63dc7581,
0x726e9cfc,
0x8820a441,
0xb9ee1ed4,
0xaf117c03,
0x7687f8cc,
0x00c32004,
0xd75a64c2,
0x6c742266,
0x77dcba04,
0x04a6ecc2,
0x3c0caf88,
0x4c6d07e2,
0x619549e8,
0xeb8c7521,
0x90a2b033,
0x48f66b71,
0x4a9e0007,
0x839dcafe,
0xd63ffe8e,
0x0398cb4a,
0x620bf15c,
0x908febc8,
0xcba03619,
0x30613373,
0x161db18e,
0xb6368486,
0x4ee5b6c7,
0x60e8a94b,
0xb48dbb77,
0x47abb15a,
0xb0ccfff0,
0x6c5a2331,
0x6fa6b147,
0x09a6bcf3,
0xa27e3b47,
0xb4904604,
0x13857cef,
0xfdd3e392,
0x720897a6,
0x3095e599,
0xc8c7443b,
0x726972c0,
0x37f37532,
0xa549d627,
0x4608dfbe,
0x8fcd84a9,
0xd8fe9c77,
0xe3adb143,
0x98ab835f,
0xc247ea8b,
0x31fd7a30,
0xaf9081b0,
0x2b29e4f1,
0xbc68b630,
0x35a72dd1,
0x4e88cd79,
0x0ba8136d,
0x63b8722d,
0x944e1f45,
0xf94a45f8,
0x60cfabd7,
0x2bc29fd2,
0xeffb6a11,
0x5a2d98b8,
0x422eaece,
0x72df8c89,
0xbc3f8977,
0xc54d4878,
0x5cee8eba,
0xe5ad4304,
0xc4f7c36d,
0x7efa49a3,
0xa247c7c5,
0x317caf0c,
0x747bc04d,
0x6643db85,
0x4593aaee,
0x8996cb9f,
0x646c22c2,
0xdde594f7,
0x0a599a9b,
0x1a521357,
0xeebca288,
0x998dbbfe,
0xd010a98d,
0xcf872783,
0x16a59526,
0x6dc07c1f,
0x0637ff7d,
0x5cac381f,
0x00562c39,
0xef1de87d,
0x34b501bb,
0xc8a9efb4,
0xeb9f0b36,
0x4a973d7e,
0x2356d84a,
0x1ab92b1b,
0x37cd680b,
0xf0ca7fea,
0x1b357429,
0x04bc1cae,
0x63bbf6fb,
0xaa9a88f6,
0x771417ea,
0x0cf48822,
0x02d59782,
0x8d401d71,
0x1d75a613,
0xcb1f03d5,
0xc5b4e48d,
0x989936c3,
0xcc6347bd,
0x28a19787,
0xf326efc2,
0xdb8bc27b,
0x75e9c9f9,
0x4941bf39,
0xf9603514,
0x4accc62c,
0x325444ca,
0xdf1ded51,
0x1f10e00c,
0x388b38cd,
0xa2534c1c,
0x11b40b1c,
0x1e14cdcc,
0x98b34f7d,
0xdcf7f1a5,
0xdfdcb162,
0xdd813b05,
0x6e2d9a8d,
0x836e300c,
0x2dc1d694,
0x18ffec5f,
0x7f819fde,
0x217ea11c,
0x3c184391,
0x1406be53,
0x2067462b,
0x733e4edb,
0xe1270b8d,
0x9bcc8a8b,
0xbe5aa814,
0x7530b4cf,
0x8b2a7ca9,
0xa5c18c81,
0x0086d51d,
0x00000000,
0x00000000,
0x00000000,
0x00000000,
0x00000000,
0x00000000,
0x00000000,
0x00000000,
0x00000000,
0x00000000,
0x00000000,
0x00000000,
0x00000000,
0x00000000,
0x00000000,
0x00000000,
0x00000000,
0x00000000,
0x00000000,
0x00000000,
0x00000000,
0x00000000,
0x00000000,
0x00000000,
0x00000000,
0x00000000,
0x00000000,
0x00000000,
0x00000000,
0x00000000,
0x00000000,
0x00000000,
0x00000000,
0x00000000,
0x00000000,
0x00000000,
0x00000000,
0x00000000,
0x00000000,
0x00000000,
0x00000000,
0x00000000,
0x00000000,
0x00000000,
0x00000000,
0x00000000,
0x00000000,
0x00000000,
0x00000000,
0x00000000,
0x00000000,
0x00000000,
0x00000000,
0x00000000,
0x00000000,
0x00000000,
0x00000000,
0x00000000,
0x00000000,
0x00000000,
0x00000000,
0x00000000,
0x00000000,
0x00000000,
0x00000000,
0x00000000,
0x00000000,
0x00000000,
0x00000000,
0x00000000,
0x00000000,
0x00000000,
0x00000000,
0x00000000,
0x00000000,
0x00000000,
0x00000000,
0x00000000,
0x00000000,
0x00000000,
0x00000000,
0x00000000,
0x00000000,
0x00000000,
0x00000000,
0x00000000,
0x00000000,
0x00000000,
0x00000000,
0x00000000,
0x00000000,
0x00000000,
0x00000000,
0x00000000,
0x00000000,
0x00000000,
0x00000000,
0x00000000,
0x00000000,
0x00000000,
0x00000000,
0x00000000,
0x00000000,
0x00000000,
0x00000000,
0x00000000,
0x00000000,
0x00000000,
0x00000000,
0x00000000,
0x00000000,
0x00000000,
0x00000000,
0x00000000,
0x00000000,
0x00000000,
0x00000000,
0x00000000,
0x00000000,
0x00000000,
0x00000000,
0x00000000,
0x00000000,
0x00000000,
0x00000000,
0x00000000,
0x00000000,
0x00000000,
0x00000000,
0x00000000,
0x00000000,
0x00000000,
0x00000000,
0x00000000,
0x00000000,
0x00000000,
0x00000000,
0x00000000,
0x00000000,
0x00000000,
0x00000000,
0x00000000,
0x00000000,
0x00000000,
0x00000000,
0x00000000,
0x00000000,
0x00000000,
0x00000000,
0x00000000,
0x00000000,
0x00000000,
0x00000000,
0x00000000,
0x00000000,
0x00000000,
0x00000000,
0x00000000,
0x00000000,
0x00000000,
0x00000000,
0x00000000,
0x00000000,
0x00000000,
0x00000000,
0x00000000,
0x00000000,
0x00000000,
0x00000000,
0x00000000,
0x00000000,
0x00000000,
0x00000000,
0x00000000,
0x00000000,
0x00000000,
0x00000000,
0x00000000,
0x00000000,
0x00000000,
0x00000000,
0x00000000,
0x00000000,
0x00000000,
0x00000000,
0x00000000,
0x00000000,
0x00000000,
0x00000000,
0x00000000,
0x00000000,
0x00000000,
0x00000000,
0x00000000,
0x00000000,
0x00000000,
0x00000000,
0x00000000,
0x00000000,
0x00000000,
0x00000000,
0x00000000,
0x00000000,
0x00000000,
0x00000000,
0x00000000,
0x00000000,
0x00000000,
0x00000000,
0x00000000,
0x00000000,
0x00000000,
0x00000000,
0x00000000,
0x00000000,
0x00000000,
0x00000000,
0x00000000,
0x00000000,
0x00000000,
0x00000000,
0x00000000,
0x00000000,
0x00000000,
0x00000000,
0x00000000,
0x00000000,
0x00000000,
0x00000000,
0x00000000,
0x00000000,
0x00000000,
0x00000000,
0x00000000,
0x00000000,
0x00000000,
0x00000000,
0x00000000,
0x00000000,
0x00000000,
0x00000000,
0x00000000,
0x00000000,
0x00000000,
0x00000000,
0x00000000,
0x00000000,
0x00000000,
0x00000000,
0x00000000,
0x00000000,
0x00000000,
0x00000000,
0x00000000,
0x00000000,
0x00000000,
0x00000000,
0x00000000,
0x00000000,
0x00000000,
0x00000000,
0x00000000,
0x00000000,
0x00000000,
0x00000000,
0x00000000,
0x00000000,
0x00000000,
0x00000000,
0x00000000,
0x00000000,
0x00000000,
0x00000000,
0x00000000,
0x00000000,
0x00000000,
0x00000000,
0x00000000,
0x00000000,
0x00000000,
0x00000000,
0x00000000,
0x00000000,
0x00000000,
0x00000000,
0x00000000,
0x00000000,
0x00000000,
0x00000000,
0x00000000,
0x00000000,
0x00000000,
0x00000000,
0x00000000,
0x00000000,
0x00000000,
0x00000000,
0x00000000,
0x00000000,
0x00000000,
0x00000000,
0x00000000,
0x00000000,
0x00000000,
0x00000000,
0x00000000,
0x00000000,
0x00000000,
0x00000000,
0x00000000,
0x00000000,
0x00000000,
0x00000000,
0x00000000,
0x00000000,
0x00000000,
0x00000000,
0x00000000,
0x00000000,
0x00000000,
0x00000000,
0x00000000,
0x00000000,
0x00000000,
0x00000000,
0x00000000,
0x00000000,
0x00000000,
0x00000000,
0x00000000,
0x00000000,
0x00000000,
0x00000000,
0x00000000,
0x00000000,
0x00000000,
0x00000000,
0x00000000,
0x00000000,
0x00000000,
0x00000000,
0x00000000,
0x00000000,
0x00000000,
0x00000000,
0x00000000,
0x00000000,
0x00000000,
0x00000000,
0x00000000,
0x00000000,
0x00000000,
0x00000000,
0x00000000,
0x00000000,
0x00000000,
0x00000000,
0x00000000,
0x00000000,
0x00000000,
0x00000000,
0x00000000,
0x00000000,
0x00000000,
0x00000000,
0x00000000,
0x00000000,
0x00000000,
0x00000000,
0x00000000,
0x00000000,
0x00000000,
0x00000000,
0x00000000,
0x00000000,
0x00000000,
0x00000000,
0x00000000,
0x00000000,
0x00000000,
0x00000000,
0x00000000,
0x00000000,
0x00000000,
0x00000000,
0x00000000,
0x00000000,
0x00000000,
0x00000000,
0x00000000,
0x00000000,
0x00000000,
0x00000000,
0x00000000,
0x00000000,
0x00000000,
0x00000000,
0x00000000,
0x00000000,
0x00000000,
0x00000000,
0x00000000,
0x00000000,
0x00000000,
0x00000000,
0x00000000,
0x00000000,
0x00000000,
0x00000000,
0x00000000,
0x00000000,
0x00000000,
0x00000000,
0x00000000,
0x00000000,
0x00000000,
0x00000000,
0x00000000,
0x00000000,
0x00000000,
0x00000000,
0x00000000,
0x00000000,
0x00000000,
0x00000000,
0x00000000,
0x00000000,
0x00000000,
0x00000000,
0x00000000,
0x00000000,
0x00000000,
0x00000000,
0x00000000,
0x00000000,
0x00000000,
0x00000000,
0x00000000,
0x00000000,
0x00000000,
0x00000000,
0x00000000,
0x00000000,
0x00000000,
0x00000000,
0x00000000,
0x00000000,
0x00000000,
0x00000000,
0x00000000,
0x00000000,
0x00000000,
0x00000000,
0x00000000,
0x00000000,
0x00000000,
0x00000000,
0x00000000,
0x00000000,
0x00000000,
0x00000000,
0x00000000,
0x00000000,
0x00000000,
0x00000000,
0x00000000,
0x00000000,
0x00000000,
0x00000000,
0x00000000,
0x00000000,
0x00000000,
0x00000000,
0x00000000,
0x00000000,
0x00000000,
0x00000000,
0x00000000,
0x00000000,
0x00000000,
0x00000000,
0x00000000,
0x00000000,
0x00000000,
0x00000000,
0x00000000,
0x00000000,
0x00000000,
0x00000000,
0x00000000,
0x00000000,
0x00000000,
0x00000000,
0x00000000,
0x00000000,
0x00000000,
0x00000000,
0x00000000,
0x00000000,
0x00000000,
0x00000000,
0x00000000,
0x00000000,
0x00000000,
0x00000000,
0x00000000,
0x00000000,
0x00000000,
0x00000000,
0x00000000,
0x00000000,
0x00000000,
0x00000000,
0x00000000,
0x00000000,
0x00000000,
0x00000000,
0x00000000,
0x00000000,
0x00000000,
0x00000000,
0x00000000,
0x00000000,
0x00000000,
0x00000000,
0x00000000,
0x00000000,
0x00000000,
0x00000000,
0x00000000,
0x00000000,
0x00000000,
0x00000000,
0x00000000,
0x00000000,
0x00000000,
0x00000000,
0x00000000,
0x00000000,
0x00000000,
0x00000000,
0x00000000,
0x00000000,
0x00000000,
0x00000000,
0x00000000,
0x00000000,
0x00000000,
0x00000000,
0x00000000,
0x00000000,
0x00000000,
0x00000000,
0x00000000,
0x00000000,
0x00000000,
0x00000000,
0x00000000,
0x00000000,
0x00000000,
0x00000000,
0x00000000,
0x00000000,
0x00000000,
0x00000000,
0x00000000,
0x00000000,
0x00000000,
0x00000000,
0x00000000,
0x00000000,
0x00000000,
0x00000000,
0x00000000,
0x00000000,
0x00000000,
0x00000000,
0x00000000,
0x00000000,
0x00000000,
0x00000000,
0x00000000,
0x00000000,
0x00000000,
0x00000000,
0x00000000,
0x00000000,
0x00000000,
0x00000000,
0x00000000,
0x00000000,
0x00000000,
0x00000000,
0x00000000,
0x00000000,
0x00000000,
0x00000000,
0x00000000,
0x00000000,
0x00000000,
0x00000000,
0x00000000,
0x00000000,
0x00000000,
0x00000000,
0x00000000,
0x00000000,
0x00000000,
0x00000000,
0x00000000,
0x00000000,
0x00000000,
0x00000000,
0x00000000,
0x00000000,
0x00000000,
0x00000000,
0x00000000,
0x00000000,
0x00000000,
0x00000000,
0x00000000,
0x00000000,
0x00000000,
0x00000000,
0x00000000,
0x00000000,
0x00000000,
0x00000000,
0x00000000,
0x00000000,
0x00000000,
0x00000000,
0x00000000,
0x00000000,
0x00000000,
0x00000000,
0x00000000,
0x00000000,
0x00000000,
0x00000000,
0x00000000,
0x00000000,
0x00000000,
0x00000000,
0x00000000,
0x00000000,
0x00000000,
0x00000000,
0x00000000,
0x00000000,
0x00000000,
0x00000000,
0x00000000,
0x00000000,
0x00000000,
0x00000000,
0x00000000,
0x00000000,
0x00000000,
0x00000000,
0x00000000,
0x00000000,
0x00000000,
0x00000000,
0x00000000,
0x00000000,
0x00000000,
0x00000000,
0x00000000,
0x00000000,
0x00000000,
0x00000000,
0x00000000,
0x00000000,
0x00000000,
0x00000000,
0x00000000,
0x00000000,
0x00000000,
0x00000000,
0x00000000,
0x00000000,
0x00000000,
0x00000000,
0x00000000,
0x00000000,
0x00000000,
0x00000000,
0x00000000,
0x00000000,
0x00000000,
0x00000000,
0x00000000,
0x00000000,
0x00000000,
0x00000000,
0x00000000,
0x00000000,
0x00000000,
0x00000000,
0x00000000,
0x00000000,
0x00000000,
0x00000000,
0x00000000,
0x00000000,
0x00000000,
0x00000000,
0x00000000,
0x00000000,
0x00000000,
0x00000000,
0x00000000,
0x00000000,
0x00000000,
0x00000000,
0x00000000,
0x00000000,
0x00000000,
0x00000000,
0x00000000,
0x00000000,
0x00000000,
0x00000000,
0x00000000,
0x00000000,
0x00000000,
0x00000000,
0x00000000,
0x00000000,
0x00000000,
0x00000000,
0x00000000,
0x00000000,
0x00000000,
0x00000000,
0x00000000,
0x00000000,
0x00000000,
0x00000000,
0x00000000,
0x00000000,
0x00000000,
0x00000000,
0x00000000,
0x00000000,
0x00000000,
0x00000000,
0x00000000,
0x00000000,
0x00000000,
0x00000000,
0x00000000,
0x00000000,
0x00000000,
0x00000000,
0x00000000,
0x00000000,
0x00000000,
0x00000000,
0x00000000,
0x00000000,
0x00000000,
0x00000000,
0x00000000,
0x00000000,
0x00000000,
0x00000000,
0x00000000,
0x00000000,
0x00000000,
0x00000000,
0x00000000,
0x00000000,
0x00000000,
0x00000000,
0x00000000,
0x00000000,
0x00000000,
0x00000000,
0x00000000,
0x00000000,
0x00000000,
0x00000000,
0x00000000,
0x00000000,
0x00000000,
0x00000000,
0x00000000,
0x00000000,
0x00000000,
0x00000000,
0x00000000,
0x00000000,
0x00000000,
0x00000000,
0x00000000,
0x00000000,
0x00000000,
0x00000000,
0x00000000,
0x00000000,
0x00000000,
0x00000000,
0x00000000,
0x00000000,
0x00000000,
0x00000000,
0x00000000,
0x00000000,
0x00000000,
0x00000000,
0x00000000,
0x00000000,
0x00000000,
0x00000000,
0x00000000,
0x00000000,
0x00000000,
0x00000000,
0x00000000,
0x00000000,
0x00000000,
0x00000000,
0x00000000,
0x00000000,
0x00000000,
0x00000000,
0x00000000,
0x00000000,
0x00000000,
0x00000000,
0x00000000,
0x00000000,
0x00000000,
0x00000000,
0x00000000,
0x00000000,
0x00000000,
0x00000000,
0x00000000,
0x00000000,
0x00000000,
0x00000000,
0x00000000,
0x00000000,
0x00000000,
0x00000000,
0x00000000,
0x00000000,
0x00000000,
0x00000000,
0x00000000,
0x00000000,
0x00000000,
0x00000000,
0x00000000,
0x00000000,
0x00000000,
0x00000000,
0x00000000,
0x00000000,
0x00000000,
0x00000000,
0x00000000,
0x00000000,
0x00000000,
0x00000000,
0x00000000,
0x00000000,
0x00000000,
0x00000000,
0x00000000,
0x00000000,
0x00000000,
0x00000000,
0x00000000,
0x00000000,
0x00000000,
0x00000000,
0x00000000,
0x00000000,
0x00000000,
0x00000000,
0x00000000,
0x00000000,
0x00000000,
0x00000000,
0x00000000,
0x00000000,
0x00000000,
0x00000000,
0x00000000,
0x00000000,
0x00000000,
0x00000000,
0x00000000,
0x00000000,
0x00000000,
0x00000000,
0x00000000,
0x00000000,
0x00000000,
0x00000000,
0x00000000,
0x00000000,
0x00000000,
0x00000000,
0x00000000,
0x00000000,
0x00000000,
0x00000000,
0x00000000,
0x00000000,
0x00000000,
0x00000000,
0x00000000,
0x00000000,
0x00000000,
0x00000000,
0x00000000,
0x00000000,
0x00000000,
0x00000000,
0x00000000,
0x00000000,
0x00000000,
0x00000000,
0x00000000,
0x00000000,
0x00000000,
0x00000000,
0x00000000,
0x00000000,
0x00000000,
0x00000000,
0x00000000,
0x00000000,
0x00000000,
0x00000000,
0x00000000,
0x00000000,
0x00000000,
0x00000000,
0x00000000,
0x00000000,
0x00000000,
0x00000000,
0x00000000,
0x00000000,
0x00000000,
0x00000000,
0x00000000,
0x00000000,
0x00000000,
0x00000000,
0x00000000,
0x00000000,
0x00000000,
0x00000000,
0x00000000,
0x00000000,
0x00000000,
0x00000000,
0x00000000,
0x00000000,
0x00000000,
0x00000000,
0x00000000,
0x00000000,
0x00000000,
0x00000000,
0x00000000,
0x00000000,
0x00000000,
0x00000000,
0x00000000,
0x00000000,
0x00000000,
0x00000000,
0x00000000,
0x00000000,
0x00000000,
0x00000000,
0x00000000,
0x00000000,
0x00000000,
0x00000000,
0x00000000,
0x00000000,
0x00000000,
0x00000000,
0x00000000,
0x00000000,
0x00000000,
0x00000000,
0x00000000,
0x00000000,
0x00000000,
0x00000000,
0x00000000,
0x00000000,
0x00000000,
0x00000000,
0x00000000,
0x00000000,
0x00000000,
0x00000000,
0x00000000,
0x00000000,
0x00000000,
0x00000000,
0x00000000,
0x00000000,
0x00000000,
0x00000000,
0x00000000,
0x00000000,
0x00000000,
0x00000000,
0x00000000,
0x00000000,
0x00000000,
0x00000000,
0x00000000,
0x00000000,
0x00000000,
0x00000000,
0x00000000,
0x00000000,
0x00000000,
0x00000000,
0x00000000,
0x00000000,
0x00000000,
0x00000000,
0x00000000,
0x00000000,
0x00000000,
0x00000000,
0x00000000,
0x00000000,
0x00000000,
0x00000000,
0x00000000,
0x00000000,
0x00000000,
0x00000000,
0x00000000,
0x00000000,
0x00000000,
0x00000000,
0x00000000,
0x00000000,
0x00000000,
0x00000000,
0x00000000,
0x00000000,
0x00000000,
0x00000000,
0x00000000,
0x00000000,
0x00000000,
0x00000000,
0x00000000,
0x00000000,
0x00000000,
0x00000000,
0x00000000,
0x00000000,
0x00000000,
0x00000000,
0x00000000,
0x00000000,
0x00000000,
0x00000000,
0x00000000,
0x00000000,
0x00000000,
0x00000000,
0x00000000,
0x00000000,
0x00000000,
0x00000000,
0x00000000,
0x00000000,
0x00000000,
0x00000000,
0x00000000,
0x00000000,
0x00000000,
0x00000000,
0x00000000,
0x00000000,
0x00000000,
0x00000000,
0x00000000,
0x00000000,
0x00000000,
0x00000000,
0x00000000,
0x00000000,
0x00000000,
0x00000000,
0x00000000,
0x00000000,
0x00000000,
0x00000000,
0x00000000,
0x00000000,
0x00000000,
0x00000000,
0x00000000,
0x00000000,
0x00000000,
0x00000000,
0x00000000,
0x00000000,
0x00000000,
0x00000000,
0x00000000,
0x00000000,
0x00000000,
0x00000000,
0x00000000,
0x00000000,
0x00000000,
0x00000000,
0x00000000,
0x00000000,
0x00000000,
0x00000000,
0x00000000,
0x00000000,
0x00000000,
0x00000000,
0x00000000,
0x00000000,
0x00000000,
0x00000000,
0x00000000,
0x00000000,
0x00000000,
0x00000000,
0x00000000,
0x00000000,
0x00000000,
0x00000000,
0x00000000,
0x00000000,
0x00000000,
0x00000000,
0x00000000,
0x00000000,
0x00000000,
0x00000000,
0x00000000,
0x00000000,
0x00000000,
0x00000000,
0x00000000,
0x00000000,
0x00000000,
0x00000000,
0x00000000,
0x00000000,
0x00000000,
0x00000000,
0x00000000,
0x00000000,
0x00000000,
0x00000000,
0x00000000,
0x00000000,
0x00000000,
0x00000000,
0x00000000,
0x00000000,
0x00000000,
0x00000000,
0x00000000,
0x00000000,
0x00000000,
0x00000000,
0x00000000,
0x00000000,
0x00000000,
0x00000000,
0x00000000,
0x00000000,
0x00000000,
0x00000000,
0x00000000,
0x00000000,
0x00000000,
0x00000000,
0x00000000,
0x00000000,
0x00000000,
0x00000000,
0x00000000,
0x00000000,
0x00000000,
0x00000000,
0x00000000,
0x00000000,
0x00000000,
0x00000000,
0x00000000,
0x00000000,
0x00000000,
0x00000000,
0x00000000,
0x00000000,
0x00000000,
0x00000000,
0x00000000,
0x00000000,
0x00000000,
0x00000000,
0x00000000,
0x00000000,
0x00000000,
0x00000000,
0x00000000,
0x00000000,
0x00000000,
0x00000000,
0x00000000,
0x00000000,
0x00000000,
0x00000000,
0x00000000,
0x00000000,
0x00000000,
0x00000000,
0x00000000,
0x00000000,
0x00000000,
0x00000000,
0x00000000,
0x00000000,
0x00000000,
0x00000000,
0x00000000,
0x00000000,
0x00000000,
0x00000000,
0x00000000,
0x00000000,
0x00000000,
0x00000000,
0x00000000,
0x00000000,
0x00000000,
0x00000000,
0x00000000,
0x00000000,
0x00000000,
0x00000000,
0x00000000,
0x00000000,
0x00000000,
0x00000000,
0x00000000,
0x00000000,
0x00000000,
0x00000000,
0x00000000,
0x00000000,
0x00000000,
0x00000000,
0x00000000,
0x00000000,
0x00000000,
0x00000000,
0x00000000,
0x00000000,
0x00000000,
0x00000000,
0x00000000,
0x00000000,
0x00000000,
0x00000000,
0x00000000,
0x00000000,
0x00000000,
0x00000000,
0x00000000,
0x00000000,
0x00000000,
0x00000000,
0x00000000,
0x00000000,
0x00000000,
0x00000000,
0x00000000,
0x00000000,
0x00000000,
0x00000000,
0x00000000,
0x00000000,
0x00000000,
0x00000000,
0x00000000,
0x00000000,
0x00000000,
0x00000000,
0x00000000,
0x00000000,
0x00000000,
0x00000000,
0x00000000,
0x00000000,
0x00000000,
0x00000000,
0x00000000,
0x00000000,
0x00000000,
0x00000000,
0x00000000,
0x00000000,
0x00000000,
0x00000000,
0x00000000,
0x00000000,
0x00000000,
0x00000000,
0x00000000,
0x00000000,
0x00000000,
0x00000000,
0x00000000,
0x00000000,
0x00000000,
0x00000000,
0x00000000,
0x00000000,
0x00000000,
0x00000000,
0x00000000,
0x00000000,
0x00000000,
0x00000000,
0x00000000,
0x00000000,
0x00000000,
0x00000000,
0x00000000,
0x00000000,
0x00000000,
0x00000000,
0x00000000,
0x00000000,
0x00000000,
0x00000000,
0x00000000,
0x00000000,
0x00000000,
0x00000000,
0x00000000,
0x00000000,
0x00000000,
0x00000000,
0x00000000,
0x00000000,
0x00000000,
0x00000000,
0x00000000,
0x00000000,
0x00000000,
0x00000000,
0x00000000,
0x00000000,
0x00000000,
0x00000000,
0x00000000,
0x00000000,
0x00000000,
0x00000000,
0x00000000,
0x00000000,
0x00000000,
0x00000000,
0x00000000,
0x00000000,
0x00000000,
0x00000000,
0x00000000,
0x00000000,
0x00000000,
0x00000000,
0x00000000,
0x00000000,
0x00000000,
0x00000000,
0x00000000,
0x00000000,
0x00000000,
0x00000000,
0x00000000,
0x00000000,
0x00000000,
0x00000000,
0x00000000,
0x00000000,
0x00000000,
0x00000000,
0x00000000,
0x00000000,
0x00000000,
0x00000000,
0x00000000,
0x00000000,
0x00000000,
0x00000000,
0x00000000,
0x00000000,
0x00000000,
0x00000000,
0x00000000,
0x00000000,
0x00000000,
0x00000000,
0x00000000,
0x00000000,
0x00000000,
0x00000000,
0x00000000,
0x00000000,
0x00000000,
0x00000000,
0x00000000,
0x00000000,
0x00000000,
0x00000000,
0x00000000,
0x00000000,
0x00000000,
0x00000000,
0x00000000,
0x00000000,
0x00000000,
0x00000000,
0x00000000,
0x00000000,
0x00000000,
0x00000000,
0x00000000,
0x00000000,
0x00000000,
0x00000000,
0x00000000,
0x00000000,
0x00000000,
0x00000000,
0x00000000,
0x00000000,
0x00000000,
0x00000000,
0x00000000,
0x00000000,
0x00000000,
0x00000000,
0x00000000,
0x00000000,
0x00000000,
0x00000000,
0x00000000,
0x00000000,
0x00000000,
0x00000000,
0x00000000,
0x00000000,
0x00000000,
0x00000000,
0x00000000,
0x00000000,
0x00000000,
0x00000000,
0x00000000,
0x00000000,
0x00000000,
0x00000000,
0x00000000,
0x00000000,
0x00000000,
0x00000000,
0x00000000,
0x00000000,
0x00000000,
0x00000000,
0x00000000,
0x00000000,
0x00000000,
0x00000000,
0x00000000,
0x00000000,
0x00000000,
0x00000000,
0x00000000,
0x00000000,
0x00000000,
0x00000000,
0x00000000,
0x00000000,
0x00000000,
0x00000000,
0x00000000,
0x00000000,
0x00000000,
0x00000000,
0x00000000,
0x00000000,
0x00000000,
0x00000000,
0x00000000,
0x00000000,
0x00000000,
0x00000000,
0x00000000,
0x00000000,
0x00000000,
0x00000000,
0x00000000,
0x00000000,
0x00000000,
0x00000000,
0x00000000,
0x00000000,
0x00000000,
0x00000000,
0x00000000,
0x00000000,
0x00000000,
0x00000000,
0x00000000,
0x00000000,
0x00000000,
0x00000000,
0x00000000,
0x00000000,
0x00000000,
0x00000000,
0x00000000,
0x00000000,
0x00000000,
0x00000000,
0x00000000,
0x00000000,
0x00000000,
0x00000000,
0x00000000,
0x00000000,
0x00000000,
0x00000000,
0x00000000,
0x00000000,
0x00000000,
0x00000000,
0x00000000,
0x00000000,
0x00000000,
0x00000000,
0x00000000,
0x00000000,
0x00000000,
0x00000000,
0x00000000,
0x00000000,
0x00000000,
0x00000000,
0x00000000,
0x00000000,
0x00000000,
0x00000000,
0x00000000,
0x00000000,
0x00000000,
0x00000000,
0x00000000,
0x00000000,
0x00000000,
0x00000000,
0x00000000,
0x00000000,
0x00000000,
0x00000000,
0x00000000,
0x00000000,
0x00000000,
0x00000000,
0x00000000,
0x00000000,
0x00000000,
0x00000000,
0x00000000,
0x00000000,
0x00000000,
0x00000000,
0x00000000,
0x00000000,
0x00000000,
0x00000000,
0x00000000,
0x00000000,
0x00000000,
0x00000000,
0x00000000,
0x00000000,
0x00000000,
0x00000000,
0x00000000,
0x00000000,
0x00000000,
0x00000000,
0x00000000,
0x00000000,
0x00000000,
0x00000000,
0x00000000,
0x00000000,
0x00000000,
0x00000000,
0x00000000,
0x00000000,
0x00000000,
0x00000000,
0x00000000,
0x00000000,
0x00000000,
0x00000000,
0x00000000,
0x00000000,
0x00000000,
0x00000000,
0x00000000,
0x00000000,
0x00000000,
0x00000000,
0x00000000,
0x00000000,
0x00000000,
0x00000000,
0x00000000,
0x00000000,
0x00000000,
0x00000000,
0x00000000,
0x00000000,
0x00000000,
0x00000000,
0x00000000,
0x00000000,
0x00000000,
0x00000000,
0x00000000,
0x00000000,
0x00000000,
0x00000000,
0x00000000,
0x00000000,
0x00000000,
0x00000000,
0x00000000,
0x00000000,
0x00000000,
0x00000000,
0x00000000,
0x00000000,
0x00000000,
0x00000000,
0x00000000,
0x00000000,
0x00000000,
0x00000000,
0x00000000,
0x00000000,
0x00000000,
0x00000000,
0x00000000,
0x00000000,
0x00000000,
0x00000000,
0x00000000,
0x00000000,
0x00000000,
0x00000000,
0x00000000,
0x00000000,
0x00000000,
0x00000000,
0x00000000,
0x00000000,
0x00000000,
0x00000000,
0x00000000,
0x00000000,
0x00000000,
0x00000000,
0x00000000,
0x00000000,
0x00000000,
0x00000000,
0x00000000,
0x00000000,
0x00000000,
0x00000000,
0x00000000,
0x00000000,
0x00000000,
0x00000000,
0x00000000,
0x00000000,
0x00000000,
0x00000000,
0x00000000,
0x00000000,
0x00000000,
0x00000000,
0x00000000,
0x00000000,
0x00000000,
0x00000000,
0x00000000,
0x00000000,
0x00000000,
0x00000000,
0x00000000,
0x00000000,
0x00000000,
0x00000000,
0x00000000,
0x00000000,
0x00000000,
0x00000000,
0x00000000,
0x00000000,
0x00000000,
0x00000000,
0x00000000,
0x00000000,
0x00000000,
0x00000000,
0x00000000,
0x00000000,
0x00000000,
0x00000000,
0x00000000,
0x00000000,
0x00000000,
0x00000000,
0x00000000,
0x00000000,
0x00000000,
0x00000000,
0x00000000,
0x00000000,
0x00000000,
0x00000000,
0x00000000,
0x00000000,
0x00000000,
0x00000000,
0x00000000,
0x00000000,
0x00000000,
0x00000000,
0x00000000,
0x00000000,
0x00000000,
0x00000000,
0x00000000,
0x00000000,
0x00000000,
0x00000000,
0x00000000,
0x00000000,
0x00000000,
0x00000000,
0x00000000,
0x00000000,
0x00000000,
0x00000000,
0x00000000,
0x00000000,
0x00000000,
0x00000000,
0x00000000,
0x00000000,
0x00000000,
0x00000000,
0x00000000,
0x00000000,
0x00000000,
0x00000000,
0x00000000,
0x00000000,
0x00000000,
0x00000000,
0x00000000,
0x00000000,
0x00000000,
0x00000000,
0x00000000,
0x00000000,
0x00000000,
0x00000000,
0x00000000,
0x00000000,
0x00000000,
0x00000000,
0x00000000,
0x00000000,
0x00000000,
0x00000000,
0x00000000,
0x00000000,
0x00000000,
0x00000000,
0x00000000,
0x00000000,
0x00000000,
0x00000000,
0x00000000,
0x00000000,
0x00000000,
0x00000000,
0x00000000,
0x00000000,
0x00000000,
0x00000000,
0x00000000,
0x00000000,
0x00000000,
0x00000000,
0x00000000,
0x00000000,
0x00000000,
0x00000000,
0x00000000,
0x00000000,
0x00000000,
0x00000000,
0x00000000,
0x00000000,
0x00000000,
0x00000000,
0x00000000,
0x00000000,
0x00000000,
0x00000000,
0x00000000,
0x00000000,
0x00000000,
0x00000000,
0x00000000,
0x00000000,
0x00000000,
0x00000000,
0x00000000,
0x00000000,
0x00000000,
0x00000000,
0x00000000,
0x00000000,
0x00000000,
0x00000000,
0x00000000,
0x00000000,
0x00000000,
0x00000000,
0x00000000,
0x00000000,
0x00000000,
0x00000000,
0x00000000,
0x00000000,
0x00000000,
0x00000000,
0x00000000,
0x00000000,
0x00000000,
0x00000000,
0x00000000,
0x00000000,
0x00000000,
0x00000000,
0x00000000,
0x00000000,
0x00000000,
0x00000000,
0x00000000,
0x00000000,
0x00000000,
0x00000000,
0x00000000,
0x00000000,
0x00000000,
0x00000000,
0x00000000,
0x00000000,
0x00000000,
0x00000000,
0x00000000,
0x00000000,
0x00000000,
0x00000000,
0x00000000,
0x00000000,
0x00000000,
0x00000000,
0x00000000,
0x00000000,
0x00000000,
0x00000000,
0x00000000,
0x00000000,
0x00000000,
0x00000000,
0x00000000,
0x00000000,
0x00000000,
0x00000000,
0x00000000,
0x00000000,
0x00000000,
0x00000000,
0x00000000,
0x00000000,
0x00000000,
0x00000000,
0x00000000,
0x00000000,
0x00000000,
0x00000000,
0x00000000,
0x00000000,
0x00000000,
0x00000000,
0x00000000,
0x00000000,
0x00000000,
0x00000000,
0x00000000,
0x00000000,
0x00000000,
0x00000000,
0x00000000,
0x00000000,
0x00000000,
0x00000000,
0x00000000,
0x00000000,
0x00000000,
0x00000000,
0x00000000,
0x00000000,
0x00000000,
0x00000000,
0x00000000,
0x00000000,
0x00000000,
0x00000000,
0x00000000,
0x00000000,
0x00000000,
0x00000000,
0x00000000,
0x00000000,
0x00000000,
0x00000000,
0x00000000,
0x00000000,
0x00000000,
0x00000000,
0x00000000,
0x00000000,
0x00000000,
0x00000000,
0x00000000,
0x00000000,
0x00000000,
0x00000000,
0x00000000,
0x00000000,
0x00000000,
0x00000000,
0x00000000,
0x00000000,
0x00000000,
0x00000000,
0x00000000,
0x00000000,
0x00000000,
0x00000000,
0x00000000,
0x00000000,
0x00000000,
0x00000000,
0x00000000,
0x00000000,
0x00000000,
0x00000000,
0x00000000,
0x00000000,
0x00000000,
0x00000000,
0x00000000,
0x00000000,
0x00000000,
0x00000000,
0x00000000,
0x00000000,
0x00000000,
0x00000000,
0x00000000,
0x00000000,
0x00000000,
0x00000000,
0x00000000,
0x00000000,
0x00000000,
0x00000000,
0x00000000,
0x00000000,
0x00000000,
0x00000000,
0x00000000,
0x00000000,
0x00000000,
0x00000000,
0x00000000,
0x00000000,
0x00000000,
0x00000000,
0x00000000,
0x00000000,
0x00000000,
0x00000000,
0x00000000,
0x00000000,
0x00000000,
0x00000000,
0x00000000,
0x00000000,
0x00000000,
0x00000000,
0x00000000,
0x00000000,
0x00000000,
0x00000000,
0x00000000,
0x00000000,
0x00000000,
0x00000000,
0x00000000,
0x00000000,
0x00000000,
0x00000000,
0x00000000,
0x00000000,
0x00000000,
0x00000000,
0x00000000,
0x00000000,
0x00000000,
0x00000000,
0x00000000,
0x00000000,
0x00000000,
0x00000000,
0x00000000,
0x00000000,
0x00000000,
0x00000000,
0x00000000,
0x00000000,
0x00000000,
0x00000000,
0x00000000,
0x00000000,
0x00000000,
0x00000000,
0x00000000,
0x00000000,
0x00000000,
0x00000000,
0x00000000,
0x00000000,
0x00000000,
0x00000000,
0x00000000,
0x00000000,
0x00000000,
0x00000000,
0x00000000,
0x00000000,
0x00000000,
0x00000000,
0x00000000,
0x00000000,
0x00000000,
0x00000000,
0x00000000,
0x00000000,
0x00000000,
0x00000000,
0x00000000,
0x00000000,
0x00000000,
0x00000000,
0x00000000,
0x00000000,
0x00000000,
0x00000000,
0x00000000,
0x00000000,
0x00000000,
0x00000000,
0x00000000,
0x00000000,
0x00000000,
0x00000000,
0x00000000,
0x00000000,
0x00000000,
0x00000000,
0x00000000,
0x00000000,
0x00000000,
0x00000000,
0x00000000,
0x00000000,
0x00000000,
0x00000000,
0x00000000,
0x00000000,
0x00000000,
0x00000000,
0x00000000,
0x00000000,
0x00000000,
0x00000000,
0x00000000,
0x00000000,
0x00000000,
0x00000000,
0x00000000,
0x00000000,
0x00000000,
0x00000000,
0x00000000,
0x00000000,
0x00000000,
0x00000000,
0x00000000,
0x00000000,
0x00000000,
0x00000000,
0x00000000,
0x00000000,
0x00000000,
0x00000000,
0x00000000,
0x00000000,
0x00000000,
0x00000000,
0x00000000,
0x00000000,
0x00000000,
0x00000000,
0x00000000,
0x00000000,
0x00000000,
0x00000000,
0x00000000,
0x00000000,
0x00000000,
0x00000000,
0x00000000,
0x00000000,
0x00000000,
0x00000000,
0x00000000,
0x00000000,
0x00000000,
0x00000000,
0x00000000,
0x00000000,
0x00000000,
0x00000000,
0x00000000,
0x00000000,
0x00000000,
0x00000000,
0x00000000,
0x00000000,
0x00000000,
0x00000000,
0x00000000,
0x00000000,
0x00000000,
0x00000000,
0x00000000,
0x00000000,
0x00000000,
0x00000000,
0x00000000,
0x00000000,
0x00000000,
0x00000000,
0x00000000,
0x00000000,
0x00000000,
0x00000000,
0x00000000,
0x00000000,
0x00000000,
0x00000000,
0x00000000,
0x00000000,
0x00000000,
0x00000000,
0x00000000,
0x00000000,
0x00000000,
0x00000000,
0x00000000,
0x00000000,
0x00000000,
0x00000000,
0x00000000,
0x00000000,
0x00000000,
0x00000000,
0x00000000,
0x00000000,
0x00000000,
0x00000000,
0x00000000,
0x00000000,
0x00000000,
0x00000000,
0x00000000,
0x00000000,
0x00000000,
0x00000000,
0x00000000,
0x00000000,
0x00000000,
0x00000000,
0x00000000,
0x00000000,
0x00000000,
0x00000000,
0x00000000,
0x00000000,
0x00000000,
0x00000000,
0x00000000,
0x00000000,
0x00000000,
0x00000000,
0x00000000,
0x00000000,
0x00000000,
0x00000000,
0x00000000,
0x00000000,
0x00000000,
0x00000000,
0x00000000,
0x00000000,
0x00000000,
0x00000000,
0x00000000,
0x00000000,
0x00000000,
0x00000000,
0x00000000,
0x00000000,
0x00000000,
0x00000000,
0x00000000,
0x00000000,
0x00000000,
0x00000000,
0x00000000,
0x00000000,
0x00000000,
0x00000000,
0x00000000,
0x00000000,
0x00000000,
0x00000000,
0x00000000,
0x00000000,
0x00000000,
0x00000000,
0x00000000,
0x00000000,
0x00000000,
0x00000000,
0x00000000,
0x00000000,
0x00000000,
0x00000000,
0x00000000,
0x00000000,
0x00000000,
0x00000000,
0x00000000,
0x00000000,
0x00000000,
0x00000000,
0x00000000,
0x00000000,
0x00000000,
0x00000000,
0x00000000,
0x00000000,
0x00000000,
0x00000000,
0x00000000,
0x00000000,
0x00000000,
0x00000000,
0x00000000,
0x00000000,
0x00000000,
0x00000000,
0x00000000,
0x00000000,
0x00000000,
0x00000000,
0x00000000,
0x00000000,
0x00000000,
0x00000000,
0x00000000,
0x00000000,
0x00000000,
0x00000000,
0x00000000,
0x00000000,
0x00000000,
0x00000000,
0x00000000,
0x00000000,
0x00000000,
0x00000000,
0x00000000,
0x00000000,
0x00000000,
0x00000000,
0x00000000,
0x00000000,
0x00000000,
0x00000000,
0x00000000,
0x00000000,
0x00000000,
0x00000000,
0x00000000,
0x00000000,
0x00000000,
0x00000000,
0x00000000,
0x00000000,
0x00000000,
0x00000000,
0x00000000,
0x00000000,
0x00000000,
0x00000000,
0x00000000,
0x00000000,
0x00000000,
0x00000000,
0x00000000,
0x00000000,
0x00000000,
0x00000000,
0x00000000,
0x00000000,
0x00000000,
0x00000000,
0x00000000,
0x00000000,
0x00000000,
0x00000000,
0x00000000,
0x00000000,
0x00000000,
0x00000000,
0x00000000,
0x00000000,
0x00000000,
0x00000000,
0x00000000,
0x00000000,
0x00000000,
0x00000000,
0x00000000,
0x00000000,
0x00000000,
0x00000000,
0x00000000,
0x00000000,
0x00000000,
0x00000000,
0x00000000,
0x00000000,
0x00000000,
0x00000000,
0x00000000,
0x00000000,
0x00000000,
0x00000000,
0x00000000,
0x00000000,
0x00000000,
0x00000000,
0x00000000,
0x00000000,
0x00000000,
0x00000000,
0x00000000,
0x00000000,
0x00000000,
0x00000000,
0x00000000,
0x00000000,
0x00000000,
0x00000000,
0x00000000,
0x00000000,
0x00000000,
0x00000000,
0x00000000,
0x00000000,
0x00000000,
0x00000000,
0x00000000,
0x00000000,
0x00000000,
0x00000000,
0x00000000,
0x00000000,
0x00000000,
0x00000000,
0x00000000,
0x00000000,
0x00000000,
0x00000000,
0x00000000,
0x00000000,
0x00000000,
0x00000000,
0x00000000,
0x00000000,
0x00000000,
0x00000000,
0x00000000,
0x00000000,
0x00000000,
0x00000000,
0x00000000,
0x00000000,
0x00000000,
0x00000000,
0x00000000,
0x00000000,
0x00000000,
0x00000000,
0x00000000,
0x00000000,
0x00000000,
0x00000000,
0x00000000,
0x00000000,
0x00000000,
0x00000000,
0x00000000,
0x00000000,
0x00000000,
0x00000000,
0x00000000,
0x00000000,
0x00000000,
0x00000000,
0x00000000,
0x00000000,
0x00000000,
0x00000000,
0x00000000,
0x00000000,
0x00000000,
0x00000000,
0x00000000,
0x00000000,
0x00000000,
0x00000000,
0x00000000,
0x00000000,
0x00000000,
0x00000000,
0x00000000,
0x00000000,
0x00000000,
0x00000000,
0x00000000,
0x00000000,
0x00000000,
0x00000000,
0x00000000,
0x00000000,
0x00000000,
0x00000000,
0x00000000,
0x00000000,
0x00000000,
0x00000000,
0x00000000,
0x00000000,
0x00000000,
0x00000000,
0x00000000,
0x00000000,
0x00000000,
0x00000000,
0x00000000,
0x00000000,
0x00000000,
0x00000000,
0x00000000,
0x00000000,
0x00000000,
0x00000000,
0x00000000,
0x00000000,
0x00000000,
0x00000000,
0x00000000,
0x00000000,
0x00000000,
0x00000000,
0x00000000,
0x00000000,
0x00000000,
0x00000000,
0x00000000,
0x00000000,
0x00000000,
0x00000000,
0x00000000,
0x00000000,
0x00000000,
0x00000000,
0x00000000,
0x00000000,
0x00000000,
0x00000000,
0x00000000,
0x00000000,
0x00000000,
0x00000000,
0x00000000,
0x00000000,
0x00000000,
0x00000000,
0x00000000,
0x00000000,
0x00000000,
0x00000000,
0x00000000,
0x00000000,
0x00000000,
0x00000000,
0x00000000,
0x00000000,
0x00000000,
0x00000000,
0x00000000,
0x00000000,
0x00000000,
0x00000000,
0x00000000,
0x00000000,
0x00000000,
0x00000000,
0x00000000,
0x00000000,
0x00000000,
0x00000000,
0x00000000,
0x00000000,
0x00000000,
0x00000000,
0x00000000,
0x00000000,
0x00000000,
0x00000000,
0x00000000,
0x00000000,
0x00000000,
0x00000000,
0x00000000,
0x00000000,
0x00000000,
0x00000000,
0x00000000,
0x00000000,
0x00000000,
0x00000000,
0x00000000,
0x00000000,
0x00000000,
0x00000000,
0x00000000,
0x00000000,
0x00000000,
0x00000000,
0x00000000,
0x00000000,
0x00000000,
0x00000000,
0x00000000,
0x00000000,
0x00000000,
0x00000000,
0x00000000,
0x00000000,
0x00000000,
0x00000000,
0x00000000,
0x00000000,
0x00000000,
0x00000000,
0x00000000,
0x00000000,
0x00000000,
0x00000000,
0x00000000,
0x00000000,
0x00000000,
0x00000000,
0x00000000,
0x00000000,
0x00000000,
0x00000000,
0x00000000,
0x00000000,
0x00000000,
0x00000000,
0x00000000,
0x00000000,
0x00000000,
0x00000000,
0x00000000,
0x00000000,
0x00000000,
0x00000000,
0x00000000,
0x00000000,
0x00000000,
0x00000000,
0x00000000,
0x00000000,
0x00000000,
0x00000000,
0x00000000,
0x00000000,
0x00000000,
0x00000000,
0x00000000,
0x00000000,
0x00000000,
0x00000000,
0x00000000,
0x00000000,
0x00000000,
0x00000000,
0x00000000,
0x00000000,
0x00000000,
0x00000000,
0x00000000,
0x00000000,
0x00000000,
0x00000000,
0x00000000,
0x00000000,
0x00000000,
0x00000000,
0x00000000,
0x00000000,
0x00000000,
0x00000000,
0x00000000,
0x00000000,
0x00000000,
0x00000000,
0x00000000,
0x00000000,
0x00000000,
0x00000000,
0x00000000,
0x00000000,
0x00000000,
0x00000000,
0x00000000,
0x00000000,
0x00000000,
0x00000000,
0x00000000,
0x00000000,
0x00000000,
0x00000000,
0x00000000,
0x00000000,
0x00000000,
0x00000000,
0x00000000,
0x00000000,
0x00000000,
0x00000000,
0x00000000,
0x00000000,
0x00000000,
0x00000000,
0x00000000,
0x00000000,
0x00000000,
0x00000000,
0x00000000,
0x00000000,
0x00000000,
0x00000000,
0x00000000,
0x00000000,
0x00000000,
0x00000000,
0x00000000,
0x00000000,
0x00000000,
0x00000000,
0x00000000,
0x00000000,
0x00000000,
0x00000000,
0x00000000,
0x00000000,
0x00000000,
0x00000000,
0x00000000,
0x00000000,
0x00000000,
0x00000000,
0x00000000,
0x00000000,
0x00000000,
0x00000000,
0x00000000,
0x00000000,
0x00000000,
0x00000000,
0x00000000,
0x00000000,
0x00000000,
0x00000000,
0x00000000,
0x00000000,
0x00000000,
0x00000000,
0x00000000,
0x00000000,
0x00000000,
0x00000000,
0x00000000,
0x00000000,
0x00000000,
0x00000000,
0x00000000,
0x00000000,
0x00000000,
0x00000000,
0x00000000,
0x00000000,
0x00000000,
0x00000000,
0x00000000,
0x00000000,
0x00000000,
0x00000000,
0x00000000,
0x00000000,
0x00000000,
0x00000000,
0x00000000,
0x00000000,
0x00000000,
0x00000000,
0x00000000,
0x00000000,
0x00000000,
0x00000000,
0x00000000,
0x00000000,
0x00000000,
0x00000000,
0x00000000,
0x00000000,
0x00000000,
0x00000000,
0x00000000,
0x00000000,
0x00000000,
0x00000000,
0x00000000,
0x00000000,
0x00000000,
0x00000000,
0x00000000,
0x00000000,
0x00000000,
0x00000000,
0x00000000,
0x00000000,
0x00000000,
0x00000000,
0x00000000,
0x00000000,
0x00000000,
0x00000000,
0x00000000,
0x00000000,
0x00000000,
0x00000000,
0x00000000,
0x00000000,
0x00000000,
0x00000000,
0x00000000,
0x00000000,
0x00000000,
0x00000000,
0x00000000,
0x00000000,
0x00000000,
0x00000000,
0x00000000,
0x00000000,
0x00000000,
0x00000000,
0x00000000,
0x00000000,
0x00000000,
0x00000000,
0x00000000,
0x00000000,
0x00000000,
0x00000000,
0x00000000,
0x00000000,
0x00000000,
0x00000000,
0x00000000,
0x00000000,
0x00000000,
0x00000000,
0x00000000,
0x00000000,
0x00000000,
0x00000000,
0x00000000,
0x00000000,
0x00000000,
0x00000000,
0x00000000,
0x00000000,
0x00000000,
0x00000000,
0x00000000,
0x00000000,
0x00000000,
0x00000000,
0x00000000,
0x00000000,
0x00000000,
0x00000000,
0x00000000,
0x00000000,
0x00000000,
0x00000000,
0x00000000,
0x00000000,
0x00000000,
0x00000000,
0x00000000,
0x00000000,
0x00000000,
0x00000000,
0x00000000,
0x00000000,
0x00000000,
0x00000000,
0x00000000,
0x00000000,
0x00000000,
0x00000000,
0x00000000,
0x00000000,
0x00000000,
0x00000000,
0x00000000,
0x00000000,
0x00000000,
0x00000000,
0x00000000,
0x00000000,
0x00000000,
0x00000000,
0x00000000,
0x00000000,
0x00000000,
0x00000000,
0x00000000,
0x00000000,
0x00000000,
0x00000000,
0x00000000,
0x00000000,
0x00000000,
0x00000000,
0x00000000,
0x00000000,
0x00000000,
0x00000000,
0x00000000,
0x00000000,
0x00000000,
0x00000000,
0x00000000,
0x00000000,
0x00000000,
0x00000000,
0x00000000,
0x00000000,
0x00000000,
0x00000000,
0x00000000,
0x00000000,
0x00000000,
0x00000000,
0x00000000,
0x00000000,
0x00000000,
0x00000000,
0x00000000,
0x00000000,
0x00000000,
0x00000000,
0x00000000,
0x00000000,
0x00000000,
0x00000000,
0x00000000,
0x00000000,
0x00000000,
0x00000000,
0x00000000,
0x00000000,
0x00000000,
0x00000000,
0x00000000,
0x00000000,
0x00000000,
0x00000000,
0x00000000,
0x00000000,
0x00000000,
0x00000000,
0x00000000,
0x00000000,
0x00000000,
0x00000000,
0x00000000,
0x00000000,
0x00000000,
0x00000000,
0x00000000,
0x00000000,
0x00000000,
0x00000000,
0x00000000,
0x00000000,
0x00000000,
0x00000000,
0x00000000,
0x00000000,
0x00000000,
0x00000000,
0x00000000,
0x00000000,
0x00000000,
0x00000000,
0x00000000,
0x00000000,
0x00000000,
0x00000000,
0x00000000,
0x00000000,
0x00000000,
0x00000000,
0x00000000,
0x00000000,
0x00000000,
0x00000000,
0x00000000,
0x00000000,
0x00000000,
0x00000000,
0x00000000,
0x00000000,
0x00000000,
0x00000000,
0x00000000,
0x00000000,
0x00000000,
0x00000000,
0x00000000,
0x00000000,
0x00000000,
0x00000000,
0x00000000,
0x00000000,
0x00000000,
0x00000000,
0x00000000,
0x00000000,
0x00000000,
0x00000000,
0x00000000,
0x00000000,
0x00000000,
0x00000000,
0x00000000,
0x00000000,
0x00000000,
0x00000000,
0x00000000,
0x00000000,
0x00000000,
0x00000000,
0x00000000,
0x00000000,
0x00000000,
0x00000000,
0x00000000,
0x00000000,
0x00000000,
0x00000000,
0x00000000,
0x00000000,
0x00000000,
0x00000000,
0x00000000,
0x00000000,
0x00000000,
0x00000000,
0x00000000,
0x00000000,
0x00000000,
0x00000000,
0x00000000,
0x00000000,
0x00000000,
0x00000000,
0x00000000,
0x00000000,
0x00000000,
0x00000000,
0x00000000,
0x00000000,
0x00000000,
0x00000000,
0x00000000,
0x00000000,
0x00000000,
0x00000000,
0x00000000,
0x00000000,
0x00000000,
0x00000000,
0x00000000,
0x00000000,
0x00000000,
0x00000000,
0x00000000,
0x00000000,
0x00000000,
0x00000000,
0x00000000,
0x00000000,
0x00000000,
0x00000000,
0x00000000,
0x00000000,
0x00000000,
0x00000000,
0x00000000,
0x00000000,
0x00000000,
0x00000000,
0x00000000,
0x00000000,
0x00000000,
0x00000000,
0x00000000,
0x00000000,
0x00000000,
0x00000000,
0x00000000,
0x00000000,
0x00000000,
0x00000000,
0x00000000,
0x00000000,
0x00000000,
0x00000000,
0x00000000,
0x00000000,
0x00000000,
0x00000000,
0x00000000,
0x00000000,
0x00000000,
0x00000000,
0x00000000,
0x00000000,
0x00000000,
0x00000000,
0x00000000,
0x00000000,
0x00000000,
0x00000000,
0x00000000,
0x00000000,
0x00000000,
0x00000000,
0x00000000,
0x00000000,
0x00000000,
0x00000000,
0x00000000,
0x00000000,
0x00000000,
0x00000000,
0x00000000,
0x00000000,
0x00000000,
0x00000000,
0x00000000,
0x00000000,
0x00000000,
0x00000000,
0x00000000,
0x00000000,
0x00000000,
0x00000000,
0x00000000,
0x00000000,
0x00000000,
0x00000000,
0x00000000,
0x00000000,
0x00000000,
0x00000000,
0x00000000,
0x00000000,
0x00000000,
0x00000000,
0x00000000,
0x00000000,
0x00000000,
0x00000000,
0x00000000,
0x00000000,
0x00000000,
0x00000000,
0x00000000,
0x00000000,
0x00000000,
0x00000000,
0x00000000,
0x00000000,
0x00000000,
0x00000000,
0x00000000,
0x00000000,
0x00000000,
0x00000000,
0x00000000,
0x00000000,
0x00000000,
0x00000000,
0x00000000,
0x00000000,
0x00000000,
0x00000000,
0x00000000,
0x00000000,
0x00000000,
0x00000000,
0x00000000,
0x00000000,
0x00000000,
0x00000000,
0x00000000,
0x00000000,
0x00000000,
0x00000000,
0x00000000,
0x00000000,
0x00000000,
0x00000000,
0x00000000,
0x00000000,
0x00000000,
0x00000000,
0x00000000,
0x00000000,
0x00000000,
0x00000000,
0x00000000,
0x00000000,
0x00000000,
0x00000000,
0x00000000,
0x00000000,
0x00000000,
0x00000000,
0x00000000,
0x00000000,
0x00000000,
0x00000000,
0x00000000,
0x00000000,
0x00000000,
0x00000000,
0x00000000,
0x00000000,
0x00000000,
0x00000000,
0x00000000,
0x00000000,
0x00000000,
0x00000000,
0x00000000,
0x00000000,
0x00000000,
0x00000000,
0x00000000,
0x00000000,
0x00000000,
0x00000000,
0x00000000,
0x00000000,
0x00000000,
0x00000000,
0x00000000,
0x00000000,
0x00000000,
0x00000000,
0x00000000,
0x00000000,
0x00000000,
0x00000000,
0x00000000,
0x00000000,
0x00000000,
0x00000000,
0x00000000,
0x00000000,
0x00000000,
0x00000000,
0x00000000,
0x00000000,
0x00000000,
0x00000000,
0x00000000,
0x00000000,
0x00000000,
0x00000000,
0x00000000,
0x00000000,
0x00000000,
0x00000000,
0x00000000,
0x00000000,
0x00000000,
0x00000000,
0x00000000,
0x00000000,
0x00000000,
0x00000000,
0x00000000,
0x00000000,
0x00000000,
0x00000000,
0x00000000,
0x00000000,
0x00000000,
0x00000000,
0x00000000,
0x00000000,
0x00000000,
0x00000000,
0x00000000,
0x00000000,
0x00000000,
0x00000000,
0x00000000,
0x00000000,
0x00000000,
0x00000000,
0x00000000,
0x00000000,
0x00000000,
0x00000000,
0x00000000,
0x00000000,
0x00000000,
0x00000000,
0x00000000,
0x00000000,
0x00000000,
0x00000000,
0x00000000,
0x00000000,
0x00000000,
0x00000000,
0x00000000,
0x00000000,
0x00000000,
0x00000000,
0x00000000,
0x00000000,
0x00000000,
0x00000000,
0x00000000,
0x00000000,
0x00000000,
0x00000000,
0x00000000,
0x00000000,
0x00000000,
0x00000000,
0x00000000,
0x00000000,
0x00000000,
0x00000000,
0x00000000,
0x00000000,
0x00000000,
0x00000000,
0x00000000,
0x00000000,
0x00000000,
0x00000000,
0x00000000,
0x00000000,
0x00000000,
0x00000000,
0x00000000,
0x00000000,
0x00000000,
0x00000000,
0x00000000,
0x00000000,
0x00000000,
0x00000000,
0x00000000,
0x00000000,
0x00000000,
0x00000000,
0x00000000,
0x00000000,
0x00000000,
0x00000000,
0x00000000,
0x00000000,
0x00000000,
0x00000000,
0x00000000,
0x00000000,
0x00000000,
0x00000000,
0x00000000,
0x00000000,
0x00000000,
0x00000000,
0x00000000,
0x00000000,
0x00000000,
0x00000000,
0x00000000,
0x00000000,
0x00000000,
0x00000000,
0x00000000,
0x00000000,
0x00000000,
0x00000000,
0x00000000,
0x00000000,
0x00000000,
0x00000000,
0x00000000,
0x00000000,
0x00000000,
0x00000000,
0x00000000,
0x00000000,
0x00000000,
0x00000000,
0x00000000,
0x00000000,
0x00000000,
0x00000000,
0x00000000,
0x00000000,
0x00000000,
0x00000000,
0x00000000,
0x00000000,
0x00000000,
0x00000000,
0x00000000,
0x00000000,
0x00000000,
0x00000000,
0x00000000,
0x00000000,
0x00000000,
0x00000000,
0x00000000,
0x00000000,
0x00000000,
0x00000000,
0x00000000,
0x00000000,
0x00000000,
0x00000000,
0x00000000,
0x00000000,
0x00000000,
0x00000000,
0x00000000,
0x00000000,
0x00000000,
0x00000000,
0x00000000,
0x00000000,
0x00000000,
0x00000000,
0x00000000,
0x00000000,
0x00000000,
0x00000000,
0x00000000,
0x00000000,
0x00000000,
0x00000000,
0x00000000,
0x00000000,
0x00000000,
0x00000000,
0x00000000,
0x00000000,
0x00000000,
0x00000000,
0x00000000,
0x00000000,
0x00000000,
0x00000000,
0x00000000,
0x00000000,
0x00000000,
0x00000000,
0x00000000,
0x00000000,
0x00000000,
0x00000000,
0x00000000,
0x00000000,
0x00000000,
0x00000000,
0x00000000,
0x00000000,
0x00000000,
0x00000000,
0x00000000,
0x00000000,
0x00000000,
0x00000000,
0x00000000,
0x00000000,
0x00000000,
0x00000000,
0x00000000,
0x00000000,
0x00000000,
0x00000000,
0x00000000,
0x00000000,
0x00000000,
0x00000000,
0x00000000,
0x00000000,
0x00000000,
0x00000000,
0x00000000,
0x00000000,
0x00000000,
0x00000000,
0x00000000,
0x00000000,
0x00000000,
0x00000000,
0x00000000,
0x00000000,
0x00000000,
0x00000000,
0x00000000,
0x00000000,
0x00000000,
0x00000000,
0x00000000,
0x00000000,
0x00000000,
0x00000000,
0x00000000,
0x00000000,
0x00000000,
0x00000000,
0x00000000,
0x00000000,
0x00000000,
0x00000000,
0x00000000,
0x00000000,
0x00000000,
0x00000000,
0x00000000,
0x00000000,
0x00000000,
0x00000000,
0x00000000,
0x00000000,
0x00000000,
0x00000000,
0x00000000,
0x00000000,
0x00000000,
0x00000000,
0x00000000,
0x00000000,
0x00000000,
0x00000000,
0x00000000,
0x00000000,
0x00000000,
0x00000000,
0x00000000,
0x00000000,
0x00000000,
0x00000000,
0x00000000,
0x00000000,
0x00000000,
0x00000000,
0x00000000,
0x00000000,
0x00000000,
0x00000000,
0x00000000,
0x00000000,
0x00000000,
0x00000000,
0x00000000,
0x00000000,
0x00000000,
0x00000000,
0x00000000,
0x00000000,
0x00000000,
0x00000000,
0x00000000,
0x00000000,
0x00000000,
0x00000000,
0x00000000,
0x00000000,
0x00000000,
0x00000000,
0x00000000,
0x00000000,
0x00000000,
0x00000000,
0x00000000,
0x00000000,
0x00000000,
0x00000000,
0x00000000,
0x00000000,
0x00000000,
0x00000000,
0x00000000,
0x00000000,
0x00000000,
0x00000000,
0x00000000,
0x00000000,
0x00000000,
0x00000000,
0x00000000,
0x00000000,
0x00000000,
0x00000000,
0x00000000,
0x00000000,
0x00000000,
0x00000000,
0x00000000,
0x00000000,
0x00000000,
0x00000000,
0x00000000,
0x00000000,
0x00000000,
0x00000000,
0x00000000,
0x00000000,
0x00000000,
0x00000000,
0x00000000,
0x00000000,
0x00000000,
0x00000000,
0x00000000,
0x00000000,
0x00000000,
0x00000000,
0x00000000,
0x00000000,
0x00000000,
0x00000000,
0x00000000,
0x00000000,
0x00000000,
0x00000000,
0x00000000,
0x00000000,
0x00000000,
0x00000000,
0x00000000,
0x00000000,
0x00000000,
0x00000000,
0x00000000,
0x00000000,
0x00000000,
0x00000000,
0x00000000,
0x00000000,
0x00000000,
0x00000000,
0x00000000,
0x00000000,
0x00000000,
0x00000000,
0x00000000,
0x00000000,
0x00000000,
0x00000000,
0x00000000,
0x00000000,
0x00000000,
0x00000000,
0x00000000,
0x00000000,
0x00000000,
0x00000000,
0x00000000,
0x00000000,
0x00000000,
0x00000000,
0x00000000,
0x00000000,
0x00000000,
0x00000000,
0x00000000,
0x00000000,
0x00000000,
0x00000000,
0x00000000,
0x00000000,
0x00000000,
0x00000000,
0x00000000,
0x00000000,
0x00000000,
0x00000000,
0x00000000,
0x00000000,
0x00000000,
0x00000000,
0x00000000,
0x00000000,
0x00000000,
0x00000000,
0x00000000,
0x00000000,
0x00000000,
0x00000000,
0x00000000,
0x00000000,
0x00000000,
0x00000000,
0x00000000,
0x00000000,
0x00000000,
0x00000000,
0x00000000,
0x00000000,
0x00000000,
0x00000000,
0x00000000,
0x00000000,
0x00000000,
0x00000000,
0x00000000,
0x00000000,
0x00000000,
0x00000000,
0x00000000,
0x00000000,
0x00000000,
0x00000000,
0x00000000,
0x00000000,
0x00000000,
0x00000000,
0x00000000,
0x00000000,
0x00000000,
0x00000000,
0x00000000,
0x00000000,
0x00000000,
0x00000000,
0x00000000,
0x00000000,
0x00000000,
0x00000000,
0x00000000,
0x00000000,
0x00000000,
0x00000000,
0x00000000,
0x00000000,
0x00000000,
0x00000000,
0x00000000,
0x00000000,
0x00000000,
0x00000000,
0x00000000,
0x00000000,
0x00000000,
0x00000000,
0x00000000,
0x00000000,
0x00000000,
0x00000000,
0x00000000,
0x00000000,
0x00000000,
0x00000000,
0x00000000,
0x00000000,
0x00000000,
0x00000000,
0x00000000,
0x00000000,
0x00000000,
0x00000000,
0x00000000,
0x00000000,
0x00000000,
0x00000000,
0x00000000,
0x00000000,
0x00000000,
0x00000000,
0x00000000,
0x00000000,
0x00000000,
0x00000000,
0x00000000,
0x00000000,
0x00000000,
0x00000000,
0x00000000,
0x00000000,
0x00000000,
0x00000000,
0x00000000,
0x00000000,
0x00000000,
0x00000000,
0x00000000,
0x00000000,
0x00000000,
0x00000000,
0x00000000,
0x00000000,
0x00000000,
0x00000000,
0x00000000,
0x00000000,
0x00000000,
0x00000000,
0x00000000,
0x00000000,
0x00000000,
0x00000000,
0x00000000,
0x00000000,
0x00000000,
0x00000000,
0x00000000,
0x00000000,
0x00000000,
0x00000000,
0x00000000,
0x00000000,
0x00000000,
0x00000000,
0x00000000,
0x00000000,
0x00000000,
0x00000000,
0x00000000,
0x00000000,
0x00000000,
0x00000000,
0x00000000,
0x00000000,
0x00000000,
0x00000000,
0x00000000,
0x00000000,
0x00000000,
0x00000000,
0x00000000,
0x00000000,
0x00000000,
0x00000000,
0x00000000,
0x00000000,
0x00000000,
0x00000000,
0x00000000,
0x00000000,
0x00000000,
0x00000000,
0x00000000,
0x00000000,
0x00000000,
0x00000000,
0x00000000,
0x00000000,
0x00000000,
0x00000000,
0x00000000,
0x00000000,
0x00000000,
0x00000000,
0x00000000,
0x00000000,
0x00000000,
0x00000000,
0x00000000,
0x00000000,
0x00000000,
0x00000000,
0x00000000,
0x00000000,
0x00000000,
0x00000000,
0x00000000,
0x00000000,
0x00000000,
0x00000000,
0x00000000,
0x00000000,
0x00000000,
0x00000000,
0x00000000,
0x00000000,
0x00000000,
0x00000000,
0x00000000,
0x00000000,
0x00000000,
0x00000000,
0x00000000,
0x00000000,
0x00000000,
0x00000000,
0x00000000,
0x00000000,
0x00000000,
0x00000000,
0x00000000,
0x00000000,
0x00000000,
0x00000000,
0x00000000,
0x00000000,
0x00000000,
0x00000000,
0x00000000,
0x00000000,
0x00000000,
0x00000000,
0x00000000,
0x00000000,
0x00000000,
0x00000000,
0x00000000,
0x00000000,
0x00000000,
0x00000000,
0x00000000,
0x00000000,
0x00000000,
0x00000000,
0x00000000,
0x00000000,
0x00000000,
0x00000000,
0x00000000,
0x00000000,
0x00000000,
0x00000000,
0x00000000,
0x00000000,
0x00000000,
0x00000000,
0x00000000,
0x00000000,
0x00000000,
0x00000000,
0x00000000,
0x00000000,
0x00000000,
0x00000000,
0x00000000,
0x00000000,
0x00000000,
0x00000000,
0x00000000,
0x00000000,
0x00000000,
0x00000000,
0x00000000,
0x00000000,
0x00000000,
0x00000000,
0x00000000,
0x00000000,
0x00000000,
0x00000000,
0x00000000,
0x00000000,
0x00000000,
0x00000000,
0x00000000,
0x00000000,
0x00000000,
0x00000000,
0x00000000,
0x00000000,
0x00000000,
0x00000000,
0x00000000,
0x00000000,
0x00000000,
0x00000000,
0x00000000,
0x00000000,
0x00000000,
0x00000000,
0x00000000,
0x00000000,
0x00000000,
0x00000000,
0x00000000,
0x00000000,
0x00000000,
0x00000000,
0x00000000,
0x00000000,
0x00000000,
0x00000000,
0x00000000,
0x00000000,
0x00000000,
0x00000000,
0x00000000,
0x00000000,
0x00000000,
0x00000000,
0x00000000,
0x00000000,
0x00000000,
0x00000000,
0x00000000,
0x00000000,
0x00000000,
0x00000000,
0x00000000,
0x00000000,
0x00000000,
0x00000000,
0x00000000,
0x00000000,
0x00000000,
0x00000000,
0x00000000,
0x00000000,
0x00000000,
0x00000000,
0x00000000,
0x00000000,
0x00000000,
0x00000000,
0x00000000,
0x00000000,
0x00000000,
0x00000000,
0x00000000,
0x00000000,
0x00000000,
0x00000000,
0x00000000,
0x00000000,
0x00000000,
0x00000000,
0x00000000,
0x00000000,
0x00000000,
0x00000000,
0x00000000,
0x00000000,
0x00000000,
0x00000000,
0x00000000,
0x00000000,
0x00000000,
0x00000000,
0x00000000,
0x00000000,
0x00000000,
0x00000000,
0x00000000,
0x00000000,
0x00000000,
0x00000000,
0x00000000,
0x00000000,
0x00000000,
0x00000000,
0x00000000,
0x00000000,
0x00000000,
0x00000000,
0x00000000,
0x00000000,
0x00000000,
0x00000000,
0x00000000,
0x00000000,
0x00000000,
0x00000000,
0x00000000,
0x00000000,
0x00000000,
0x00000000,
0x00000000,
0x00000000,
0x00000000,
0x00000000,
0x00000000,
0x00000000,
0x00000000,
0x00000000,
0x00000000,
0x00000000,
0x00000000,
0x00000000,
0x00000000,
0x00000000,
0x00000000,
0x00000000,
0x00000000,
0x00000000,
0x00000000,
0x00000000,
0x00000000,
0x00000000,
0x00000000,
0x00000000,
0x00000000,
0x00000000,
0x00000000,
0x00000000,
0x00000000,
0x00000000,
0x00000000,
0x00000000,
0x00000000,
0x00000000,
0x00000000,
0x00000000,
0x00000000,
0x00000000,
0x00000000,
0x00000000,
0x00000000,
0x00000000,
0x00000000,
0x00000000,
0x00000000,
0x00000000,
0x00000000,
0x00000000,
0x00000000,
0x00000000,
0x00000000,
0x00000000,
0x00000000,
0x00000000,
0x00000000,
0x00000000,
0x00000000,
0x00000000,
0x00000000,
0x00000000,
0x00000000,
0x00000000,
0x00000000,
0x00000000,
0x00000000,
0x00000000,
0x00000000,
0x00000000,
0x00000000,
0x00000000,
0x00000000,
0x00000000,
0x00000000,
0x00000000,
0x00000000,
0x00000000,
0x00000000,
0x00000000,
0x00000000,
0x00000000,
0x00000000,
0x00000000,
0x00000000,
0x00000000,
0x00000000,
0x00000000,
0x00000000,
0x00000000,
0x00000000,
0x00000000,
0x00000000,
0x00000000,
0x00000000,
0x00000000,
0x00000000,
0x00000000,
0x00000000,
0x00000000,
0x00000000,
0x00000000,
0x00000000,
0x00000000,
0x00000000,
0x00000000,
0x00000000,
0x00000000,
0x00000000,
0x00000000,
0x00000000,
0x00000000,
0x00000000,
0x00000000,
0x00000000,
0x00000000,
0x00000000,
0x00000000,
0x00000000,
0x00000000,
0x00000000,
0x00000000,
0x00000000,
0x00000000,
0x00000000,
0x00000000,
0x00000000,
0x00000000,
0x00000000,
0x00000000,
0x00000000,
0x00000000,
0x00000000,
0x00000000,
0x00000000,
0x00000000,
0x00000000,
0x00000000,
0x00000000,
0x00000000,
0x00000000,
0x00000000,
0x00000000,
0x00000000,
0x00000000,
0x00000000,
0x00000000,
0x00000000,
0x00000000,
0x00000000,
0x00000000,
0x00000000,
0x00000000,
0x00000000,
0x00000000,
0x00000000,
0x00000000,
0x00000000,
0x00000000,
0x00000000,
0x00000000,
0x00000000,
0x00000000,
0x00000000,
0x00000000,
0x00000000,
0x00000000,
0x00000000,
0x00000000,
0x00000000,
0x00000000,
0x00000000,
0x00000000,
0x00000000,
0x00000000,
0x00000000,
0x00000000,
0x00000000,
0x00000000,
0x00000000,
0x00000000,
0x00000000,
0x00000000,
0x00000000,
0x00000000,
0x00000000,
0x00000000,
0x00000000,
0x00000000,
0x00000000,
0x00000000,
0x00000000,
0x00000000,
0x00000000,
0x00000000,
0x00000000,
0x00000000,
0x00000000,
0x00000000,
0x00000000,
0x00000000,
0x00000000,
0x00000000,
0x00000000,
0x00000000,
0x00000000,
0x00000000,
0x00000000,
0x00000000,
0x00000000,
0x00000000,
0x00000000,
0x00000000,
0x00000000,
0x00000000,
0x00000000,
0x00000000,
0x00000000,
0x00000000,
0x00000000,
0x00000000,
0x00000000,
0x00000000,
0x00000000,
0x00000000,
0x00000000,
0x00000000,
0x00000000,
0x00000000,
0x00000000,
0x00000000,
0x00000000,
0x00000000,
0x00000000,
0x00000000,
0x00000000,
0x00000000,
0x00000000,
0x00000000,
0x00000000,
0x00000000,
0x00000000,
0x00000000,
0x00000000,
0x00000000,
0x00000000,
0x00000000,
0x00000000,
0x00000000,
0x00000000,
0x00000000,
0x00000000,
0x00000000,
0x00000000,
0x00000000,
0x00000000,
0x00000000,
0x00000000,
0x00000000,
0x00000000,
0x00000000,
0x00000000,
0x00000000,
0x00000000,
0x00000000,
0x00000000,
0x00000000,
0x00000000,
0x00000000,
0x00000000,
0x00000000,
0x00000000,
0x00000000,
0x00000000,
0x00000000,
0x00000000,
0x00000000,
0x00000000,
0x00000000,
0x00000000,
0x00000000,
0x00000000,
0x00000000,
0x00000000,
0x00000000,
0x00000000,
0x00000000,
0x00000000,
0x00000000,
0x00000000,
0x00000000,
0x00000000,
0x00000000,
0x00000000,
0x00000000,
0x00000000,
0x00000000,
0x00000000,
0x00000000,
0x00000000,
0x00000000,
0x00000000,
0x00000000,
0x00000000,
0x00000000,
0x00000000,
0x00000000,
0x00000000,
0x00000000,
0x00000000,
0x00000000,
0x00000000,
0x00000000,
0x00000000,
0x00000000,
0x00000000,
0x00000000,
0x00000000,
0x00000000,
0x00000000,
0x00000000,
0x00000000,
0x00000000,
0x00000000,
0x00000000,
0x00000000,
0x00000000,
0x00000000,
0x00000000,
0x00000000,
0x00000000,
0x00000000,
0x00000000,
0x00000000,
0x00000000,
0x00000000,
0x00000000,
0x00000000,
0x00000000,
0x00000000,
0x00000000,
0x00000000,
0x00000000,
0x00000000,
0x00000000,
0x00000000,
0x00000000,
0x00000000,
0x00000000,
0x00000000,
0x00000000,
0x00000000,
0x00000000,
0x00000000,
0x00000000,
0x00000000,
0x00000000,
0x00000000,
0x00000000,
0x00000000,
0x00000000,
0x00000000,
0x00000000,
0x00000000,
0x00000000,
0x00000000,
0x00000000,
0x00000000,
0x00000000,
0x00000000,
0x00000000,
0x00000000,
0x00000000,
0x00000000,
0x00000000,
0x00000000,
0x00000000,
0x00000000,
0x00000000,
0x00000000,
0x00000000,
0x00000000,
0x00000000,
0x00000000,
0x00000000,
0x00000000,
0x00000000,
0x00000000,
0x00000000,
0x00000000,
0x00000000,
0x00000000,
0x00000000,
0x00000000,
0x00000000,
0x00000000,
0x00000000,
0x00000000,
0x00000000,
0x00000000,
0x00000000,
0x00000000,
0x00000000,
0x00000000,
0x00000000,
0x00000000,
0x00000000,
0x00000000,
0x00000000,
0x00000000,
0x00000000,
0x00000000,
0x00000000,
0x00000000,
0x00000000,
0x00000000,
0x00000000,
0x00000000,
0x00000000,
0x00000000,
0x00000000,
0x00000000,
0x00000000,
0x00000000,
0x00000000,
0x00000000,
0x00000000,
0x00000000,
0x00000000,
0x00000000,
0x00000000,
0x00000000,
0x00000000,
0x00000000,
0x00000000,
0x00000000,
0x00000000,
0x00000000,
0x00000000,
0x00000000,
0x00000000,
0x00000000,
0x00000000,
0x00000000,
0x00000000,
0x00000000,
0x00000000,
0x00000000,
0x00000000,
0x00000000,
0x00000000,
0x00000000,
0x00000000,
0x00000000,
0x00000000,
0x00000000,
0x00000000,
0x00000000,
0x00000000,
0x00000000,
0x00000000,
0x00000000,
0x00000000,
0x00000000,
0x00000000,
0x00000000,
0x00000000,
0x00000000,
0x00000000,
0x00000000,
0x00000000,
0x00000000,
0x00000000,
0x00000000,
0x00000000,
0x00000000,
0x00000000,
0x00000000,
0x00000000,
0x00000000,
0x00000000,
0x00000000,
0x00000000,
0x00000000,
0x00000000,
0x00000000,
0x00000000,
0x00000000,
0x00000000,
0x00000000,
0x00000000,
0x00000000,
0x00000000,
0x00000000,
0x00000000,
0x00000000,
0x00000000,
0x00000000,
0x00000000,
0x00000000,
0x00000000,
0x00000000,
0x00000000,
0x00000000,
0x00000000,
0x00000000,
0x00000000,
0x00000000,
0x00000000,
0x00000000,
0x00000000,
0x00000000,
0x00000000,
0x00000000,
0x00000000,
0x00000000,
0x00000000,
0x00000000,
0x00000000,
0x00000000,
0x00000000,
0x00000000,
0x00000000,
0x00000000,
0x00000000,
0x00000000,
0x00000000,
0x00000000,
0x00000000,
0x00000000,
0x00000000,
0x00000000,
0x00000000,
0x00000000,
0x00000000,
0x00000000,
0x00000000,
0x00000000,
0x00000000,
0x00000000,
0x00000000,
0x00000000,
0x00000000,
0x00000000,
0x00000000,
0x00000000,
0x00000000,
0x00000000,
0x00000000,
0x00000000,
0x00000000,
0x00000000,
0x00000000,
0x00000000,
0x00000000,
0x00000000,
0x00000000,
0x00000000,
0x00000000,
0x00000000,
0x00000000,
0x00000000,
0x00000000,
0x00000000,
0x00000000,
0x00000000,
0x00000000,
0x00000000,
0x00000000,
0x00000000,
0x00000000,
0x00000000,
0x00000000,
0x00000000,
0x00000000,
0x00000000,
0x00000000,
0x00000000,
0x00000000,
0x00000000,
0x00000000,
0x00000000,
0x00000000,
0x00000000,
0x00000000,
0x00000000,
0x00000000,
0x00000000,
0x00000000,
0x00000000,
0x00000000,
0x00000000,
0x00000000,
0x00000000,
0x00000000,
0x00000000,
0x00000000,
0x00000000,
0x00000000,
0x00000000,
0x00000000,
0x00000000,
0x00000000,
0x00000000,
0x00000000,
0x00000000,
0x00000000,
0x00000000,
0x00000000,
0x00000000,
0x00000000,
0x00000000,
0x00000000,
0x00000000,
0x00000000,
0x00000000,
0x00000000,
0x00000000,
0x00000000,
0x00000000,
0x00000000,
0x00000000,
0x00000000,
0x00000000,
0x00000000,
0x00000000,
0x00000000,
0x00000000,
0x00000000,
0x00000000,
0x00000000,
0x00000000,
0x00000000,
0x00000000,
0x00000000,
0x00000000,
0x00000000,
0x00000000,
0x00000000,
0x00000000,
0x00000000,
0x00000000,
0x00000000,
0x00000000,
0x00000000,
0x00000000,
0x00000000,
0x00000000,
0x00000000,
0x00000000,
0x00000000,
0x00000000,
0x00000000,
0x00000000,
0x00000000,
0x00000000,
0x00000000,
0x00000000,
0x00000000,
0x00000000,
0x00000000,
0x00000000,
0x00000000,
0x00000000,
0x00000000,
0x00000000,
0x00000000,
0x00000000,
0x00000000,
0x00000000,
0x00000000,
0x00000000,
0x00000000,
0x00000000,
0x00000000,
0x00000000,
0x00000000,
0x00000000,
0x00000000,
0x00000000,
0x00000000,
0x00000000,
0x00000000,
0x00000000,
0x00000000,
0x00000000,
0x00000000,
0x00000000,
0x00000000,
0x00000000,
0x00000000,
0x00000000,
0x00000000,
0x00000000,
0x00000000,
0x00000000,
0x00000000,
0x00000000,
0x00000000,
0x00000000,
0x00000000,
0x00000000,
0x00000000,
0x00000000,
0x00000000,
0x00000000,
0x00000000,
0x00000000,
0x00000000,
0x00000000,
0x00000000,
0x00000000,
0x00000000,
0x00000000,
0x00000000,
0x00000000,
0x00000000,
0x00000000,
0x00000000,
0x00000000,
0x00000000,
0x00000000,
0x00000000,
0x00000000,
0x00000000,
0x00000000,
0x00000000,
0x00000000,
0x00000000,
0x00000000,
0x00000000,
0x00000000,
0x00000000,
0x00000000,
0x00000000,
0x00000000,
0x00000000,
0x00000000,
0x00000000,
0x00000000,
0x00000000,
0x00000000,
0x00000000,
0x00000000,
0x00000000,
0x00000000,
0x00000000,
0x00000000,
0x00000000,
0x00000000,
0x00000000,
0x00000000,
0x00000000,
0x00000000,
0x00000000,
0x00000000,
0x00000000,
0x00000000,
0x00000000,
0x00000000,
0x00000000,
0x00000000,
0x00000000,
0x00000000,
0x00000000,
0x00000000,
0x00000000,
0x00000000,
0x00000000,
0x00000000,
0x00000000,
0x00000000,
0x00000000,
0x00000000,
0x00000000,
0x00000000,
0x00000000,
0x00000000,
0x00000000,
0x00000000,
0x00000000,
0x00000000,
0x00000000,
0x00000000,
0x00000000,
0x00000000,
0x00000000,
0x00000000,
0x00000000,
0x00000000,
0x00000000,
0x00000000,
0x00000000,
0x00000000,
0x00000000,
0x00000000,
0x00000000,
0x00000000,
0x00000000,
0x00000000,
0x00000000,
0x00000000,
0x00000000,
0x00000000,
0x00000000,
0x00000000,
0x00000000,
0x00000000,
0x00000000,
0x00000000,
0x00000000,
0x00000000,
0x00000000,
0x00000000,
0x00000000,
0x00000000,
0x00000000,
0x00000000,
0x00000000,
0x00000000,
0x00000000,
0x00000000,
0x00000000,
0x00000000,
0x00000000,
0x00000000,
0x00000000,
0x00000000,
0x00000000,
0x00000000,
0x00000000,
0x00000000,
0x00000000,
0x00000000,
0x00000000,
0x00000000,
0x00000000,
0x00000000,
0x00000000,
0x00000000,
0x00000000,
0x00000000,
0x00000000,
0x00000000,
0x00000000,
0x00000000,
0x00000000,
0x00000000,
0x00000000,
0x00000000,
0x00000000,
0x00000000,
0x00000000,
0x00000000,
0x00000000,
0x00000000,
0x00000000,
0x00000000,
0x00000000,
0x00000000,
0x00000000,
0x00000000,
0x00000000,
0x00000000,
0x00000000,
0x00000000,
0x00000000,
0x00000000,
0x00000000,
0x00000000,
0x00000000,
0x00000000,
0x00000000,
0x00000000,
0x00000000,
0x00000000,
0x00000000,
0x00000000,
0x00000000,
0x00000000,
0x00000000,
0x00000000,
0x00000000,
0x00000000,
0x00000000,
0x00000000,
0x00000000,
0x00000000,
0x00000000,
0x00000000,
0x00000000,
0x00000000,
0x00000000,
0x00000000,
0x00000000,
0x00000000,
0x00000000,
0x00000000,
0x00000000,
0x00000000,
0x00000000,
0x00000000,
0x00000000,
0x00000000,
0x00000000,
0x00000000,
0x00000000,
0x00000000,
0x00000000,
0x00000000,
0x00000000,
0x00000000,
0x00000000,
0x00000000,
0x00000000,
0x00000000,
0x00000000,
0x00000000,
0x00000000,
0x00000000,
0x00000000,
0x00000000,
0x00000000,
0x00000000,
0x00000000,
0x00000000,
0x00000000,
0x00000000,
0x00000000,
0x00000000,
0x00000000,
0x00000000,
0x00000000,
0x00000000,
0x00000000,
0x00000000,
0x00000000,
0x00000000,
0x00000000,
0x00000000,
0x00000000,
0x00000000,
0x00000000,
0x00000000,
0x00000000,
0x00000000,
0x00000000,
0x00000000,
0x00000000,
0x00000000,
0x00000000,
0x00000000,
0x00000000,
0x00000000,
0x00000000,
0x00000000,
0x00000000,
0x00000000,
0x00000000,
0x00000000,
0x00000000,
0x00000000,
0x00000000,
0x00000000,
0x00000000,
0x00000000,
0x00000000,
0x00000000,
0x00000000,
0x00000000,
0x00000000,
0x00000000,
0x00000000,
0x00000000,
0x00000000,
0x00000000,
0x00000000,
0x00000000,
0x00000000,
0x00000000,
0x00000000,
0x00000000,
0x00000000,
0x00000000,
0x00000000,
0x00000000,
0x00000000,
0x00000000,
0x00000000,
0x00000000,
0x00000000,
0x00000000,
0x00000000,
0x00000000,
0x00000000,
0x00000000,
0x00000000,
0x00000000,
0x00000000,
0x00000000,
0x00000000,
0x00000000,
0x00000000,
0x00000000,
0x00000000,
0x00000000,
0x00000000,
0x00000000,
0x00000000,
0x00000000,
0x00000000,
0x00000000,
0x00000000,
0x00000000,
0x00000000,
0x00000000,
0x00000000,
0x00000000,
0x00000000,
0x00000000,
0x00000000,
0x00000000,
0x00000000,
0x00000000,
0x00000000,
0x00000000,
0x00000000,
0x00000000,
0x00000000,
0x00000000,
0x00000000,
0x00000000,
0x00000000,
0x00000000,
0x00000000,
0x00000000,
0x00000000,
0x00000000,
0x00000000,
0x00000000,
0x00000000,
0x00000000,
0x00000000,
0x00000000,
0x00000000,
0x00000000,
0x00000000,
0x00000000,
0x00000000,
0x00000000,
0x00000000,
0x00000000,
0x00000000,
0x00000000,
0x00000000,
0x00000000,
0x00000000,
0x00000000,
0x00000000,
0x00000000,
0x00000000,
0x00000000,
0x00000000,
0x00000000,
0x00000000,
0x00000000,
0x00000000,
0x00000000,
0x00000000,
0x00000000,
0x00000000,
0x00000000,
0x00000000,
0x00000000,
0x00000000,
0x00000000,
0x00000000,
0x00000000,
0x00000000,
0x00000000,
0x00000000,
0x00000000,
0x00000000,
0x00000000,
0x00000000,
0x00000000,
0x00000000,
0x00000000,
0x00000000,
0x00000000,
0x00000000,
0x00000000,
0x00000000,
0x00000000,
0x00000000,
0x00000000,
0x00000000,
0x00000000,
0x00000000,
0x00000000,
0x00000000,
0x00000000,
0x00000000,
0x00000000,
0x00000000,
0x00000000,
0x00000000,
0x00000000,
0x00000000,
0x00000000,
0x00000000,
0x00000000,
0x00000000,
0x00000000,
0x00000000,
0x00000000,
0x00000000,
0x00000000,
0x00000000,
0x00000000,
0x00000000,
0x00000000,
0x00000000,
0x00000000,
0x00000000,
0x00000000,
0x00000000,
0x00000000,
0x00000000,
0x00000000,
0x00000000,
0x00000000,
0x00000000,
0x00000000,
0x00000000,
0x00000000,
0x00000000,
0x00000000,
0x00000000,
0x00000000,
0x00000000,
0x00000000,
0x00000000,
0x00000000,
0x00000000,
0x00000000,
0x00000000,
0x00000000,
0x00000000,
0x00000000,
0x00000000,
0x00000000,
0x00000000,
0x00000000,
0x00000000,
0x00000000,
0x00000000,
0x00000000,
0x00000000,
0x00000000,
0x00000000,
0x00000000,
0x00000000,
0x00000000,
0x00000000,
0x00000000,
0x00000000,
0x00000000,
0x00000000,
0x00000000,
0x00000000,
0x00000000,
0x00000000,
0x00000000,
0x00000000,
0x00000000,
0x00000000,
0x00000000,
0x00000000,
0x00000000,
0x00000000,
0x00000000,
0x00000000,
0x00000000,
0x00000000,
0x00000000,
0x00000000,
0x00000000,
0x00000000,
0x00000000,
0x00000000,
0x00000000,
0x00000000,
0x00000000,
0x00000000,
0x00000000,
0x00000000,
0x00000000,
0x00000000,
0x00000000,
0x00000000,
0x00000000,
0x00000000,
0x00000000,
0x00000000,
0x00000000,
0x00000000,
0x00000000,
0x00000000,
0x00000000,
0x00000000,
0x00000000,
0x00000000,
0x00000000,
0x00000000,
0x00000000,
0x00000000,
0x00000000,
0x00000000,
0x00000000,
0x00000000,
0x00000000,
0x00000000,
0x00000000,
0x00000000,
0x00000000,
0x00000000,
0x00000000,
0x00000000,
0x00000000,
0x00000000,
0x00000000,
0x00000000,
0x00000000,
0x00000000,
0x00000000,
0x00000000,
0x00000000,
0x00000000,
0x00000000,
0x00000000,
0x00000000,
0x00000000,
0x00000000,
0x00000000,
0x00000000,
0x00000000,
0x00000000,
0x00000000,
0x00000000,
0x00000000,
0x00000000,
0x00000000,
0x00000000,
0x00000000,
0x00000000,
0x00000000,
0x00000000,
0x00000000,
0x00000000,
0x00000000,
0x00000000,
0x00000000,
0x00000000,
0x00000000,
0x00000000,
0x00000000,
0x00000000,
0x00000000,
0x00000000,
0x00000000,
0x00000000,
0x00000000,
0x00000000,
0x00000000,
0x00000000,
0x00000000,
0x00000000,
0x00000000,
0x00000000,
0x00000000,
0x00000000,
0x00000000,
0x00000000,
0x00000000,
0x00000000,
0x00000000,
0x00000000,
0x00000000,
0x00000000,
0x00000000,
0x00000000,
0x00000000,
0x00000000,
0x00000000,
0x00000000,
0x00000000,
0x00000000,
0x00000000,
0x00000000,
0x00000000,
0x00000000,
0x00000000,
0x00000000,
0x00000000,
0x00000000,
0x00000000,
0x00000000,
0x00000000,
0x00000000,
0x00000000,
0x00000000,
0x00000000,
0x00000000,
0x00000000,
0x00000000,
0x00000000,
0x00000000,
0x00000000,
0x00000000,
0x00000000,
0x00000000,
0x00000000,
0x00000000,
0x00000000,
0x00000000,
0x00000000,
0x00000000,
0x00000000,
0x00000000,
0x00000000,
0x00000000,
0x00000000,
0x00000000,
0x00000000,
0x00000000,
0x00000000,
0x00000000,
0x00000000,
0x00000000,
0x00000000,
0x00000000,
0x00000000,
0x00000000,
0x00000000,
0x00000000,
0x00000000,
0x00000000,
0x00000000,
0x00000000,
0x00000000,
0x00000000,
0x00000000,
0x00000000,
0x00000000,
0x00000000,
0x00000000,
0x00000000,
0x00000000,
0x00000000,
0x00000000,
0x00000000,
0x00000000,
0x00000000,
0x00000000,
0x00000000,
0x00000000,
0x00000000,
0x00000000,
0x00000000,
0x00000000,
0x00000000,
0x00000000,
0x00000000,
0x00000000,
0x00000000,
0x00000000,
0x00000000,
0x00000000,
0x00000000,
0x00000000,
0x00000000,
0x00000000,
0x00000000,
0x00000000,
0x00000000,
0x00000000,
0x00000000,
0x00000000,
0x00000000,
0x00000000,
0x00000000,
0x00000000,
0x00000000,
0x00000000,
0x00000000,
0x00000000,
0x00000000,
0x00000000,
0x00000000,
0x00000000,
0x00000000,
0x00000000,
0x00000000,
0x00000000,
0x00000000,
0x00000000,
0x00000000,
0x00000000,
0x00000000,
0x00000000,
0x00000000,
0x00000000,
0x00000000,
0x00000000,
0x00000000,
0x00000000,
0x00000000,
0x00000000,
0x00000000,
0x00000000,
0x00000000,
0x00000000,
0x00000000,
0x00000000,
0x00000000,
0x00000000,
0x00000000,
0x00000000,
0x00000000,
0x00000000,
0x00000000,
0x00000000,
0x00000000,
0x00000000,
0x00000000,
0x00000000,
0x00000000,
0x00000000,
0x00000000,
0x00000000,
0x00000000,
0x00000000,
0x00000000,
0x00000000,
0x00000000,
0x00000000,
0x00000000,
0x00000000,
0x00000000,
0x00000000,
0x00000000,
0x00000000,
0x00000000,
0x00000000,
0x00000000,
0x00000000,
0x00000000,
0x00000000,
0x00000000,
0x00000000,
0x00000000,
0x00000000,
0x00000000,
0x00000000,
0x00000000,
0x00000000,
0x00000000,
0x00000000,
0x00000000,
0x00000000,
0x00000000,
0x00000000,
0x00000000,
0x00000000,
0x00000000,
0x00000000,
0x00000000,
0x00000000,
0x00000000,
0x00000000,
0x00000000,
0x00000000,
0x00000000,
0x00000000,
0x00000000,
0x00000000,
0x00000000,
0x00000000,
0x00000000,
0x00000000,
0x00000000,
0x00000000,
0x00000000,
0x00000000,
0x00000000,
0x00000000,
0x00000000,
0x00000000,
0x00000000,
0x00000000,
0x00000000,
0x00000000,
0x00000000,
0x00000000,
0x00000000,
0x00000000,
0x00000000,
0x00000000,
0x00000000,
0x00000000,
0x00000000,
0x00000000,
0x00000000,
0x00000000,
0x00000000,
0x00000000,
0x00000000,
0x00000000,
0x00000000,
0x00000000,
0x00000000,
0x00000000,
0x00000000,
0x00000000,
0x00000000,
0x00000000,
0x00000000,
0x00000000,
0x00000000,
0x00000000,
0x00000000,
0x00000000,
0x00000000,
0x00000000,
0x00000000,
0x00000000,
0x00000000,
0x00000000,
0x00000000,
0x00000000,
0x00000000,
0x00000000,
0x00000000,
0x00000000,
0x00000000,
0x00000000,
0x00000000,
0x00000000,
0x00000000,
0x00000000,
0x00000000,
0x00000000,
0x00000000,
0x00000000,
0x00000000,
0x00000000,
0x00000000,
0x00000000,
0x00000000,
0x00000000,
0x00000000,
0x00000000,
0x00000000,
0x00000000,
0x00000000,
0x00000000,
0x00000000,
0x00000000,
0x00000000,
0x00000000,
0x00000000,
0x00000000,
0x00000000,
0x00000000,
0x00000000,
0x00000000,
0x00000000,
0x00000000,
0x00000000,
0x00000000,
0x00000000,
0x00000000,
0x00000000,
0x00000000,
0x00000000,
0x00000000,
0x00000000,
0x00000000,
0x00000000,
0x00000000,
0x00000000,
0x00000000,
0x00000000,
0x00000000,
0x00000000,
0x00000000,
0x00000000,
0x00000000,
0x00000000,
0x00000000,
0x00000000,
0x00000000,
0x00000000,
0x00000000,
0x00000000,
0x00000000,
0x00000000,
0x00000000,
0x00000000,
0x00000000,
0x00000000,
0x00000000,
0x00000000,
0x00000000,
0x00000000,
0x00000000,
0x00000000,
0x00000000,
0x00000000,
0x00000000,
0x00000000,
0x00000000,
0x00000000,
0x00000000,
0x00000000,
0x00000000,
0x00000000,
0x00000000,
0x00000000,
0x00000000,
0x00000000,
0x00000000,
0x00000000,
0x00000000,
0x00000000,
0x00000000,
0x00000000,
0x00000000,
0x00000000,
0x00000000,
0x00000000,
0x00000000,
0x00000000,
0x00000000,
0x00000000,
0x00000000,
0x00000000,
0x00000000,
0x00000000,
0x00000000,
0x00000000,
0x00000000,
0x00000000,
0x00000000,
0x00000000,
0x00000000,
0x00000000,
0x00000000,
0x00000000,
0x00000000,
0x00000000,
0x00000000,
0x00000000,
0x00000000,
0x00000000,
0x00000000,
0x00000000,
0x00000000,
0x00000000,
0x00000000,
0x00000000,
0x00000000,
0x00000000,
0x00000000,
0x00000000,
0x00000000,
0x00000000,
0x00000000,
0x00000000,
0x00000000,
0x00000000,
0x00000000,
0x00000000,
0x00000000,
0x00000000,
0x00000000,
0x00000000,
0x00000000,
0x00000000,
0x00000000,
0x00000000,
0x00000000,
0x00000000,
0x00000000,
0x00000000,
0x00000000,
0x00000000,
0x00000000,
0x00000000,
0x00000000,
0x00000000,
0x00000000,
0x00000000,
0x00000000,
0x00000000,
0x00000000,
0x00000000,
0x00000000,
0x00000000,
0x00000000,
0x00000000,
0x00000000,
0x00000000,
0x00000000,
0x00000000,
0x00000000,
0x00000000,
0x00000000,
0x00000000,
0x00000000,
0x00000000,
0x00000000,
0x00000000,
0x00000000,
0x00000000,
0x00000000,
0x00000000,
0x00000000,
0x00000000,
0x00000000,
0x00000000,
0x00000000,
0x00000000,
0x00000000,
0x00000000,
0x00000000,
0x00000000,
0x00000000,
0x00000000,
0x00000000,
0x00000000,
0x00000000,
0x00000000,
0x00000000,
0x00000000,
0x00000000,
0x00000000,
0x00000000,
0x00000000,
0x00000000,
0x00000000,
0x00000000,
0x00000000,
0x00000000,
0x00000000,
0x00000000,
0x00000000,
0x00000000,
0x00000000,
0x00000000,
0x00000000,
0x00000000,
0x00000000,
0x00000000,
0x00000000,
0x00000000,
0x00000000,
0x00000000,
0x00000000,
0x00000000,
0x00000000,
0x00000000,
0x00000000,
0x00000000,
0x00000000,
0x00000000,
0x00000000,
0x00000000,
0x00000000,
0x00000000,
0x00000000,
0x00000000,
0x00000000,
0x00000000,
0x00000000,
0x00000000,
0x00000000,
0x00000000,
0x00000000,
0x00000000,
0x00000000,
0x00000000,
0x00000000,
0x00000000,
0x00000000,
0x00000000,
0x00000000,
0x00000000,
0x00000000,
0x00000000,
0x00000000,
0x00000000,
0x00000000,
0x00000000,
0x00000000,
0x00000000,
0x00000000,
0x00000000,
0x00000000,
0x00000000,
0x00000000,
0x00000000,
0x00000000,
0x00000000,
0x00000000,
0x00000000,
0x00000000,
0x00000000,
0x00000000,
0x00000000,
0x00000000,
0x00000000,
0x00000000,
0x00000000,
0x00000000,
0x00000000,
0x00000000,
0x00000000,
0x00000000,
0x00000000,
0x00000000,
0x00000000,
0x00000000,
0x00000000,
0x00000000,
0x00000000,
0x00000000,
0x00000000,
0x00000000,
0x00000000,
0x00000000,
0x00000000,
0x00000000,
0x00000000,
0x00000000,
0x00000000,
0x00000000,
0x00000000,
0x00000000,
0x00000000,
0x00000000,
0x00000000,
0x00000000,
0x00000000,
0x00000000,
0x00000000,
0x00000000,
0x00000000,
0x00000000,
0x00000000,
0x00000000,
0x00000000,
0x00000000,
0x00000000,
0x00000000,
0x00000000,
0x00000000,
0x00000000,
0x00000000,
0x00000000,
0x00000000,
0x00000000,
0x00000000,
0x00000000,
0x00000000,
0x00000000,
0x00000000,
0x00000000,
0x00000000,
0x00000000,
0x00000000,
0x00000000,
0x00000000,
0x00000000,
0x00000000,
0x00000000,
0x00000000,
0x00000000,
0x00000000,
0x00000000,
0x00000000,
0x00000000,
0x00000000,
0x00000000,
0x00000000,
0x00000000,
0x00000000,
0x00000000,
0x00000000,
0x00000000,
0x00000000,
0x00000000,
0x00000000,
0x00000000,
0x00000000,
0x00000000,
0x00000000,
0x00000000,
0x00000000,
0x00000000,
0x00000000,
0x00000000,
0x00000000,
0x00000000,
0x00000000,
0x00000000,
0x00000000,
0x00000000,
0x00000000,
0x00000000,
0x00000000,
0x00000000,
0x00000000,
0x00000000,
0x00000000,
0x00000000,
0x00000000,
0x00000000,
0x00000000,
0x00000000,
0x00000000,
0x00000000,
0x00000000,
0x00000000,
0x00000000,
0x00000000,
0x00000000,
0x00000000,
0x00000000,
0x00000000,
0x00000000,
0x00000000,
0x00000000,
0x00000000,
0x00000000,
0x00000000,
0x00000000,
0x00000000,
0x00000000,
0x00000000,
0x00000000,
0x00000000,
0x00000000,
0x00000000,
0x00000000,
0x00000000,
0x00000000,
0x00000000,
0x00000000,
0x00000000,
0x00000000,
0x00000000,
0x00000000,
0x00000000,
0x00000000,
0x00000000,
0x00000000,
0x00000000,
0x00000000,
0x00000000,
0x00000000,
0x00000000,
0x00000000,
0x00000000,
0x00000000,
0x00000000,
0x00000000,
0x00000000,
0x00000000,
0x00000000,
0x00000000,
0x00000000,
0x00000000,
0x00000000,
0x00000000,
0x00000000,
0x00000000,
0x00000000,
0x00000000,
0x00000000,
0x00000000,
0x00000000,
0x00000000,
0x00000000,
0x00000000,
0x00000000,
};
#endif
