#ifndef _NS02201_S3_FIRMWARE_
#define _NS02201_S3_FIRMWARE_
#define S3_MAGIC_NUMBER       0x3939889
#define S3_MAGIC_ADDR         0x2f0d5f000
#define S3_DATA_PTR_ADDR      0x2f0d5f008
unsigned int s3_firmware[] = {
0x00000000,
0x00000000,
0x00000000,
0x00000000,
0x00000000,
0x00000000,
0x00000000,
0x00000000,
0x00000000,
0x00000000,
0x00000000,
0x00000000,
0x00000000,
0x00000000,
0x00000000,
0x00000000,
0x00000000,
0x00000000,
0x00000000,
0x00000000,
0x00000000,
0x00000000,
0x00000000,
0x00000000,
0x00000000,
0x00000000,
0x00000000,
0x00000000,
0x00000000,
0x00000000,
0x00000000,
0x00000000,
0x00000000,
0x00000000,
0x00000000,
0x00000000,
0x00000000,
0x00000000,
0x00000000,
0x00000000,
0x00000000,
0x00000000,
0x00000000,
0x00000000,
0xd53e1001,
0xaa0103e3,
0x927ff821,
0x927ef821,
0x927df821,
0x927cf821,
0xd51e1001,
0xd5033fdf,
0x58000481,
0xb9400021,
0xf100003f,
0x54000080,
0x58000442,
0x9100005f,
0x940036d3,
0x58000422,
0x910003e1,
0xf9000041,
0x91002042,
0xf900005e,
0x91002042,
0xf9000043,
0x58000302,
0x9100005f,
0xd53e1101,
0xb27f0421,
0xd51e1101,
0xd5033fdf,
0x940001c6,
0xd53e1101,
0x927ef821,
0x927df821,
0xd51e1101,
0xd5033fdf,
0x580001c2,
0xf9400041,
0x9100003f,
0x91002042,
0xf940005e,
0x91002042,
0xf9400041,
0xd51e1001,
0xd5033fdf,
0xd65f03c0,
0xf0d5f010,
0x00000002,
0xf0d70000,
0x00000002,
0xf0d40000,
0x00000002,
0xd503201f,
0xd503201f,
0xd5381000,
0xd5181000,
0xd5033fdf,
0xd65f03c0,
0xd5381000,
0x9273f800,
0x927df800,
0xd5181000,
0xd5033fdf,
0xd65f03c0,
0xd503201f,
0xd503201f,
0xd5033bbf,
0xd5390020,
0x53186802,
0x340003c2,
0x52800001,
0x0b010423,
0x1ac32403,
0x53000863,
0x7100087f,
0x540002ab,
0x531f7824,
0xd51a0004,
0xd5033fdf,
0xd5390004,
0x53000883,
0x11000863,
0x530d6c85,
0x53033084,
0x5ac01086,
0x2a0403e8,
0x531f7827,
0x1ac320a9,
0x2a0900e7,
0x1ac62109,
0x2a0900e7,
0xd5087e47,
0x71000508,
0x54ffff2a,
0x710004a5,
0x54fffeca,
0x11000421,
0x6b01005f,
0x54fffcac,
0xd5033bbf,
0xd65f03c0,
0xd503201f,
0xd37ff80c,
0xd51a000c,
0xd5033fdf,
0xd5390006,
0x924008c2,
0x91001042,
0xd2807fe3,
0x8a460c63,
0x5ac01065,
0xd28fffe4,
0x8a463484,
0xaa0303e6,
0x9ac520c7,
0xaa070189,
0x9ac22087,
0xaa070129,
0x36000061,
0xd5087649,
0x14000002,
0xd5087e49,
0xf10004c6,
0x54fffeea,
0xf1000484,
0x54fffe8a,
0xd65f03c0,
0xd503201f,
0xd503201f,
0xd503201f,
0xaa0003e1,
0xd5033f9f,
0xd539002a,
0xd358fd4b,
0x9240096b,
0xb400024b,
0xaa1e03ef,
0xd2800000,
0xd37ff80c,
0x8b00018c,
0x9acc254c,
0x9240098c,
0xf100099f,
0x5400004b,
0x97ffffd6,
0x91000400,
0xeb00017f,
0x54fffeec,
0xd2800000,
0xd51a0000,
0xd5033f9f,
0xd5033fdf,
0xaa0f03fe,
0xd65f03c0,
0xaa1e03f0,
0xd2800000,
0x97ffffe6,
0xaa1003fe,
0xd65f03c0,
0xd503201f,
0xd503201f,
0xd503201f,
0xaa1e03f0,
0xd2800020,
0x97ffffde,
0xaa1003fe,
0xd65f03c0,
0xd503201f,
0xd503201f,
0xd503201f,
0xd508711f,
0xd5033fdf,
0xd65f03c0,
0xd503201f,
0xd53b0023,
0xd350fc63,
0x92400c63,
0xd2800082,
0x9ac32042,
0xd1000443,
0x8a230000,
0xd50b7e20,
0x8b020000,
0xeb01001f,
0x54ffffa3,
0xd5033f9f,
0xd65f03c0,
0xd503201f,
0xd503201f,
0xd503201f,
0xd53b0023,
0xd350fc63,
0x92400c63,
0xd2800082,
0x9ac32042,
0xd1000443,
0x8a230000,
0xd50b7a20,
0x8b020000,
0xeb01001f,
0x54ffffa3,
0xd5033f9f,
0xd65f03c0,
0xd503201f,
0xd503201f,
0xd503201f,
0xd53b0023,
0xd350fc63,
0x92400c63,
0xd2800082,
0x9ac32042,
0xd1000443,
0x8a230000,
0xd5087620,
0x8b020000,
0xeb01001f,
0x54ffffa3,
0xd5033f9f,
0xd65f03c0,
0xf8140ffe,
0xb9001fe0,
0xf9005bff,
0x52800180,
0xb900afe0,
0xb900abff,
0xb900a7ff,
0xd2800f00,
0xf2be0040,
0xf2c00040,
0xb9400001,
0xd2800f00,
0xf2be0040,
0xf2c00040,
0x320c0021,
0xb9000001,
0x52800a00,
0x94003310,
0x52800880,
0x9400330e,
0xd2820200,
0xf2bffc80,
0xf2c00040,
0x5286e221,
0xb9000001,
0xb9401fe0,
0x7100001f,
0x54000f80,
0xb9401fe0,
0x7100141f,
0x54000f28,
0x52801860,
0x940043b0,
0x52801880,
0x940043ae,
0xd2800200,
0xf2be0040,
0xf2c00040,
0xb9400000,
0xb90033e0,
0xd2800f80,
0xf2be0040,
0xf2c00040,
0xb9400000,
0xb90037e0,
0xd2802800,
0xf2be0040,
0xf2c00040,
0xb9400000,
0xb9003be0,
0xd2802200,
0xf2be0040,
0xf2c00040,
0xb9400000,
0xb9003fe0,
0xd2800480,
0xf2be16c0,
0xf2c00040,
0xb9400000,
0xb90043e0,
0xd2800200,
0xf2be0040,
0xf2c00040,
0xb9400001,
0xd2800200,
0xf2be0040,
0xf2c00040,
0x32080021,
0xb9000001,
0xd2800f80,
0xf2be0040,
0xf2c00040,
0xb9400001,
0xd2800f80,
0xf2be0040,
0xf2c00040,
0x321c0021,
0xb9000001,
0xd2802800,
0xf2be0040,
0xf2c00040,
0xb9400001,
0xd2802800,
0xf2be0040,
0xf2c00040,
0x321e0021,
0xb9000001,
0xd2802200,
0xf2be0040,
0xf2c00040,
0x52808e01,
0xb9000001,
0xd2800480,
0xf2be16c0,
0xf2c00040,
0xf9004fe0,
0xf9404fe0,
0xb9400001,
0xf9404fe0,
0x12003c21,
0xb9000001,
0xf9404fe0,
0xb9400002,
0xf9404fe0,
0x52a80021,
0x2a010041,
0xb9000001,
0xd2822000,
0xf2bffe00,
0xf2c00040,
0xf9004fe0,
0xb900bfff,
0x1400000e,
0xb940bfe0,
0x531e7400,
0x2a0003e1,
0xf9404fe0,
0x8b000020,
0xb9400002,
0xb940bfe0,
0xd37ef400,
0x910123e1,
0xb8206822,
0xb940bfe0,
0x11000400,
0xb900bfe0,
0xb940bfe0,
0x7100201f,
0x54fffe29,
0xd2823000,
0xf2bffe00,
0xf2c00040,
0xf9004fe0,
0xb900bfff,
0x1400000c,
0xb940bfe0,
0x531e7400,
0x2a0003e1,
0xf9404fe0,
0x8b000020,
0xaa0003e1,
0x12800000,
0xb9000020,
0xb940bfe0,
0x11000400,
0xb900bfe0,
0xb940bfe0,
0x7100201f,
0x54fffe69,
0x52800b40,
0x940000ca,
0xb9401fe0,
0x7100181f,
0x540000c9,
0xf00000c0,
0x9125a000,
0x94004765,
0x52800000,
0x14000069,
0xb9002bff,
0xb9401fe0,
0x71000c1f,
0x540000a9,
0xb9402be0,
0x32000400,
0xb9002be0,
0x14000007,
0xb9401fe0,
0x12000400,
0x12001c01,
0xb9402be0,
0x33000420,
0xb9002be0,
0xb9402be0,
0x321d0000,
0xb9002be0,
0xb9402be0,
0x321c0000,
0xb9002be0,
0xd2801600,
0xf2be0040,
0xf2c00040,
0xb9402be1,
0xb9000001,
0xb9402be0,
0x121c7800,
0xb9002be0,
0xb9402be0,
0x321e0000,
0xb9002be0,
0xd2801600,
0xf2be0040,
0xf2c00040,
0xb9402be1,
0xb9000001,
0x52800660,
0x9400325d,
0xb9401fe0,
0x7100001f,
0x540001a0,
0xb9401fe0,
0x7100101f,
0x54000140,
0xb9401fe0,
0x7100141f,
0x540000e0,
0xb9401fe0,
0x7100181f,
0x54000061,
0x94003441,
0x14000002,
0x9400325f,
0xd2822000,
0xf2bffe00,
0xf2c00040,
0xf9004fe0,
0xb900bfff,
0x1400000f,
0xb940bfe0,
0x531e7400,
0x2a0003e1,
0xf9404fe0,
0x8b000020,
0xaa0003e2,
0xb940bfe0,
0xd37ef400,
0x910123e1,
0xb8606820,
0xb9000040,
0xb940bfe0,
0x11000400,
0xb900bfe0,
0xb940bfe0,
0x7100201f,
0x54fffe09,
0xd2800200,
0xf2be0040,
0xf2c00040,
0xb94033e1,
0xb9000001,
0xd2800f80,
0xf2be0040,
0xf2c00040,
0xb94037e1,
0xb9000001,
0xd2802800,
0xf2be0040,
0xf2c00040,
0xb9403be1,
0xb9000001,
0xd2802200,
0xf2be0040,
0xf2c00040,
0xb9403fe1,
0xb9000001,
0xd2800480,
0xf2be16c0,
0xf2c00040,
0xb94043e1,
0xb9000001,
0x528009e0,
0x9400321c,
0x52800020,
0xf84c07fe,
0xd65f03c0,
0xf81e0ffe,
0xd53e1001,
0x927ff821,
0xd51e1001,
0xd5033f9f,
0xd5033fdf,
0xd29e0280,
0xf2be1aa0,
0xf2c00040,
0xb9400000,
0xb9001fe0,
0xb9401fe0,
0x7100001f,
0x54000081,
0x52800060,
0x97fffee8,
0x14000008,
0xd29e0300,
0xf2be1aa0,
0xf2c00040,
0xb9400000,
0xb9001be0,
0xb9401be0,
0x940041e8,
0xd53e1001,
0xb2400021,
0xd51e1001,
0xd5033f9f,
0xd5033fdf,
0xd503201f,
0xf84207fe,
0xd65f03c0,
0xd10083ff,
0xb9000fe0,
0xb9000be1,
0xb9400be0,
0x12001c00,
0xb9000be0,
0xb9400fe0,
0x53027c00,
0xb9001fe0,
0xb9400fe0,
0x12000400,
0xb9000fe0,
0xb9400fe0,
0x531d7000,
0xb9000fe0,
0xb9400fe0,
0xb9400be1,
0x1ac02020,
0xb9000be0,
0xb9401fe0,
0x531e7401,
0x52830000,
0x0b000020,
0x2a0003e1,
0xd2bffe00,
0xf2c00040,
0x8b000020,
0xb9400000,
0xb9001be0,
0xb9400fe0,
0x52801fe1,
0x1ac02020,
0x2a2003e0,
0x2a0003e1,
0xb9401be0,
0x0a010000,
0xb9001be0,
0xb9401be1,
0xb9400be0,
0x2a000020,
0xb9001be0,
0xb9401fe0,
0x531e7401,
0x52830000,
0x0b000020,
0x2a0003e1,
0xd2bffe00,
0xf2c00040,
0x8b000020,
0xaa0003e1,
0xb9401be0,
0xb9000020,
0xd503201f,
0x910083ff,
0xd65f03c0,
0xf81d0ffe,
0xb9001fe0,
0xb9401fe0,
0x52800021,
0x97ffffc5,
0xb9401fe0,
0x13057c00,
0xb9002fe0,
0xb9401fe0,
0x12001000,
0xb9001fe0,
0xb9401fe0,
0x52800021,
0x1ac02020,
0xb9001fe0,
0xb9402fe0,
0x531e7401,
0x52822000,
0x0b000020,
0x2a0003e1,
0xd2bffe00,
0xf2c00040,
0x8b000020,
0xaa0003e1,
0xb9401fe0,
0xb9000020,
0xd503201f,
0xf84307fe,
0xd65f03c0,
0xf81e0ffe,
0xb9001fe0,
0xb9001be1,
0xf9000be2,
0xb9401be0,
0x7100001f,
0x54007520,
0x52800003,
0x52800022,
0xd2810d81,
0xb9401fe0,
0x94004793,
0x52800023,
0x52800022,
0xd28036a1,
0xb9401fe0,
0x9400478e,
0xf9400be0,
0xb941dc00,
0x2a0003e2,
0xd2802d81,
0xb9401fe0,
0x940046dd,
0x52800003,
0x52800022,
0xd28036a1,
0xb9401fe0,
0x94004783,
0x52800023,
0x52800022,
0xd2810d81,
0xb9401fe0,
0x9400477e,
0x52800003,
0x52800042,
0xd2810d81,
0xb9401fe0,
0x94004779,
0x52800043,
0x52800042,
0xd28036a1,
0xb9401fe0,
0x94004774,
0xf9400be0,
0xb941e000,
0x2a0003e2,
0xd2802da1,
0xb9401fe0,
0x940046c3,
0x52800003,
0x52800042,
0xd28036a1,
0xb9401fe0,
0x94004769,
0x52800043,
0x52800042,
0xd2810d81,
0xb9401fe0,
0x94004764,
0x52800003,
0x52800082,
0xd2810d81,
0xb9401fe0,
0x9400475f,
0x52800083,
0x52800082,
0xd28036a1,
0xb9401fe0,
0x9400475a,
0xf9400be0,
0xb941e400,
0x2a0003e2,
0xd2802dc1,
0xb9401fe0,
0x940046a9,
0x52800003,
0x52800082,
0xd28036a1,
0xb9401fe0,
0x9400474f,
0x52800083,
0x52800082,
0xd2810d81,
0xb9401fe0,
0x9400474a,
0x52800003,
0x52800102,
0xd2810d81,
0xb9401fe0,
0x94004745,
0x52800103,
0x52800102,
0xd28036a1,
0xb9401fe0,
0x94004740,
0xf9400be0,
0xb941e800,
0x2a0003e2,
0xd2802de1,
0xb9401fe0,
0x9400468f,
0x52800003,
0x52800102,
0xd28036a1,
0xb9401fe0,
0x94004735,
0x52800103,
0x52800102,
0xd2810d81,
0xb9401fe0,
0x94004730,
0x52800003,
0x52800202,
0xd2810d81,
0xb9401fe0,
0x9400472b,
0x52800203,
0x52800202,
0xd28036a1,
0xb9401fe0,
0x94004726,
0xf9400be0,
0xb941ec00,
0x2a0003e2,
0xd2802e01,
0xb9401fe0,
0x94004675,
0x52800003,
0x52800202,
0xd28036a1,
0xb9401fe0,
0x9400471b,
0x52800203,
0x52800202,
0xd2810d81,
0xb9401fe0,
0x94004716,
0x52800003,
0x52800402,
0xd2810d81,
0xb9401fe0,
0x94004711,
0x52800403,
0x52800402,
0xd28036a1,
0xb9401fe0,
0x9400470c,
0xf9400be0,
0xb941f000,
0x2a0003e2,
0xd2802e21,
0xb9401fe0,
0x9400465b,
0x52800003,
0x52800402,
0xd28036a1,
0xb9401fe0,
0x94004701,
0x52800403,
0x52800402,
0xd2810d81,
0xb9401fe0,
0x940046fc,
0x52800003,
0x52800802,
0xd2810d81,
0xb9401fe0,
0x940046f7,
0x52800803,
0x52800802,
0xd28036a1,
0xb9401fe0,
0x940046f2,
0xf9400be0,
0xb941f400,
0x2a0003e2,
0xd2802e41,
0xb9401fe0,
0x94004641,
0x52800003,
0x52800802,
0xd28036a1,
0xb9401fe0,
0x940046e7,
0x52800803,
0x52800802,
0xd2810d81,
0xb9401fe0,
0x940046e2,
0x52800003,
0x52801002,
0xd2810d81,
0xb9401fe0,
0x940046dd,
0x52801003,
0x52801002,
0xd28036a1,
0xb9401fe0,
0x940046d8,
0xf9400be0,
0xb941f800,
0x2a0003e2,
0xd2802e61,
0xb9401fe0,
0x94004627,
0x52800003,
0x52801002,
0xd28036a1,
0xb9401fe0,
0x940046cd,
0x52801003,
0x52801002,
0xd2810d81,
0xb9401fe0,
0x940046c8,
0x52800003,
0x52800202,
0xd2810da1,
0xb9401fe0,
0x940046c3,
0x52800023,
0x52800022,
0xd28036c1,
0xb9401fe0,
0x940046be,
0xf9400be0,
0xb941fc00,
0x2a0003e2,
0xd2802e81,
0xb9401fe0,
0x9400460d,
0x52800003,
0x52800022,
0xd28036c1,
0xb9401fe0,
0x940046b3,
0x52800203,
0x52800202,
0xd2810da1,
0xb9401fe0,
0x940046ae,
0x52800003,
0x52800022,
0xd2810de1,
0xb9401fe0,
0x940046a9,
0x52800023,
0x52800022,
0xd2803701,
0xb9401fe0,
0x940046a4,
0xf9400be0,
0xb9422400,
0x2a0003e2,
0xd2802fc1,
0xb9401fe0,
0x940045f3,
0x52800003,
0x52800022,
0xd2803701,
0xb9401fe0,
0x94004699,
0x52800023,
0x52800022,
0xd2810de1,
0xb9401fe0,
0x94004694,
0x52800003,
0x52800042,
0xd2810de1,
0xb9401fe0,
0x9400468f,
0x52800043,
0x52800042,
0xd2803701,
0xb9401fe0,
0x9400468a,
0xf9400be0,
0xb9422800,
0x2a0003e2,
0xd2802fe1,
0xb9401fe0,
0x940045d9,
0x52800003,
0x52800042,
0xd2803701,
0xb9401fe0,
0x9400467f,
0x52800043,
0x52800042,
0xd2810de1,
0xb9401fe0,
0x9400467a,
0x52800003,
0x52800082,
0xd2810de1,
0xb9401fe0,
0x94004675,
0x52800083,
0x52800082,
0xd2803701,
0xb9401fe0,
0x94004670,
0xf9400be0,
0xb9422c00,
0x2a0003e2,
0xd2803001,
0xb9401fe0,
0x940045bf,
0x52800003,
0x52800082,
0xd2803701,
0xb9401fe0,
0x94004665,
0x52800083,
0x52800082,
0xd2810de1,
0xb9401fe0,
0x94004660,
0x52800003,
0x52800102,
0xd2810de1,
0xb9401fe0,
0x9400465b,
0x52800103,
0x52800102,
0xd2803701,
0xb9401fe0,
0x94004656,
0xf9400be0,
0xb9423000,
0x2a0003e2,
0xd2803021,
0xb9401fe0,
0x940045a5,
0x52800003,
0x52800102,
0xd2803701,
0xb9401fe0,
0x9400464b,
0x52800103,
0x52800102,
0xd2810de1,
0xb9401fe0,
0x94004646,
0x52800003,
0x52800202,
0xd2810de1,
0xb9401fe0,
0x94004641,
0x52800203,
0x52800202,
0xd2803701,
0xb9401fe0,
0x9400463c,
0xf9400be0,
0xb9423400,
0x2a0003e2,
0xd2803041,
0xb9401fe0,
0x9400458b,
0x52800003,
0x52800202,
0xd2803701,
0xb9401fe0,
0x94004631,
0x52800203,
0x52800202,
0xd2810de1,
0xb9401fe0,
0x9400462c,
0x52800003,
0x52800402,
0xd2810de1,
0xb9401fe0,
0x94004627,
0x52800403,
0x52800402,
0xd2803701,
0xb9401fe0,
0x94004622,
0xf9400be0,
0xb9423800,
0x2a0003e2,
0xd2803061,
0xb9401fe0,
0x94004571,
0x52800003,
0x52800402,
0xd2803701,
0xb9401fe0,
0x94004617,
0x52800403,
0x52800402,
0xd2810de1,
0xb9401fe0,
0x94004612,
0x52800003,
0x52800802,
0xd2810de1,
0xb9401fe0,
0x9400460d,
0x52800803,
0x52800802,
0xd2803701,
0xb9401fe0,
0x94004608,
0xf9400be0,
0xb9423c00,
0x2a0003e2,
0xd2803081,
0xb9401fe0,
0x94004557,
0x52800003,
0x52800802,
0xd2803701,
0xb9401fe0,
0x940045fd,
0x52800803,
0x52800802,
0xd2810de1,
0xb9401fe0,
0x940045f8,
0x52800003,
0x52801002,
0xd2810de1,
0xb9401fe0,
0x940045f3,
0x52801003,
0x52801002,
0xd2803701,
0xb9401fe0,
0x940045ee,
0xf9400be0,
0xb9424000,
0x2a0003e2,
0xd28030a1,
0xb9401fe0,
0x9400453d,
0x52800003,
0x52801002,
0xd2803701,
0xb9401fe0,
0x940045e3,
0x52801003,
0x52801002,
0xd2810de1,
0xb9401fe0,
0x940045de,
0x52800003,
0x52800202,
0xd2810e01,
0xb9401fe0,
0x940045d9,
0x52800023,
0x52800022,
0xd2803721,
0xb9401fe0,
0x940045d4,
0xf9400be0,
0xb9424400,
0x2a0003e2,
0xd28030c1,
0xb9401fe0,
0x94004523,
0x52800003,
0x52800022,
0xd2803721,
0xb9401fe0,
0x940045c9,
0x52800203,
0x52800202,
0xd2810e01,
0xb9401fe0,
0x940045c4,
0x52800003,
0x52800022,
0xd2810e41,
0xb9401fe0,
0x940045bf,
0x52800023,
0x52800022,
0xd2803761,
0xb9401fe0,
0x940045ba,
0xf9400be0,
0xb9426c00,
0x2a0003e2,
0xd2803201,
0xb9401fe0,
0x94004509,
0x52800003,
0x52800022,
0xd2803761,
0xb9401fe0,
0x940045af,
0x52800023,
0x52800022,
0xd2810e41,
0xb9401fe0,
0x940045aa,
0x52800003,
0x52800042,
0xd2810e41,
0xb9401fe0,
0x940045a5,
0x52800043,
0x52800042,
0xd2803761,
0xb9401fe0,
0x940045a0,
0xf9400be0,
0xb9427000,
0x2a0003e2,
0xd2803221,
0xb9401fe0,
0x940044ef,
0x52800003,
0x52800042,
0xd2803761,
0xb9401fe0,
0x94004595,
0x52800043,
0x52800042,
0xd2810e41,
0xb9401fe0,
0x94004590,
0x52800003,
0x52800082,
0xd2810e41,
0xb9401fe0,
0x9400458b,
0x52800083,
0x52800082,
0xd2803761,
0xb9401fe0,
0x94004586,
0xf9400be0,
0xb9427400,
0x2a0003e2,
0xd2803241,
0xb9401fe0,
0x940044d5,
0x52800003,
0x52800082,
0xd2803761,
0xb9401fe0,
0x9400457b,
0x52800083,
0x52800082,
0xd2810e41,
0xb9401fe0,
0x94004576,
0x52800003,
0x52800102,
0xd2810e41,
0xb9401fe0,
0x94004571,
0x52800103,
0x52800102,
0xd2803761,
0xb9401fe0,
0x9400456c,
0xf9400be0,
0xb9427800,
0x2a0003e2,
0xd2803261,
0xb9401fe0,
0x940044bb,
0x52800003,
0x52800102,
0xd2803761,
0xb9401fe0,
0x94004561,
0x52800103,
0x52800102,
0xd2810e41,
0xb9401fe0,
0x9400455c,
0x52800003,
0x52800202,
0xd2810e41,
0xb9401fe0,
0x94004557,
0x52800203,
0x52800202,
0xd2803761,
0xb9401fe0,
0x94004552,
0xf9400be0,
0xb9427c00,
0x2a0003e2,
0xd2803281,
0xb9401fe0,
0x940044a1,
0x52800003,
0x52800202,
0xd2803761,
0xb9401fe0,
0x94004547,
0x52800203,
0x52800202,
0xd2810e41,
0xb9401fe0,
0x94004542,
0x52800003,
0x52800402,
0xd2810e41,
0xb9401fe0,
0x9400453d,
0x52800403,
0x52800402,
0xd2803761,
0xb9401fe0,
0x94004538,
0xf9400be0,
0xb9428000,
0x2a0003e2,
0xd28032a1,
0xb9401fe0,
0x94004487,
0x52800003,
0x52800402,
0xd2803761,
0xb9401fe0,
0x9400452d,
0x52800403,
0x52800402,
0xd2810e41,
0xb9401fe0,
0x94004528,
0x52800003,
0x52800802,
0xd2810e41,
0xb9401fe0,
0x94004523,
0x52800803,
0x52800802,
0xd2803761,
0xb9401fe0,
0x9400451e,
0xf9400be0,
0xb9428400,
0x2a0003e2,
0xd28032c1,
0xb9401fe0,
0x9400446d,
0x52800003,
0x52800802,
0xd2803761,
0xb9401fe0,
0x94004513,
0x52800803,
0x52800802,
0xd2810e41,
0xb9401fe0,
0x9400450e,
0x52800003,
0x52801002,
0xd2810e41,
0xb9401fe0,
0x94004509,
0x52801003,
0x52801002,
0xd2803761,
0xb9401fe0,
0x94004504,
0xf9400be0,
0xb9428800,
0x2a0003e2,
0xd28032e1,
0xb9401fe0,
0x94004453,
0x52800003,
0x52801002,
0xd2803761,
0xb9401fe0,
0x940044f9,
0x52801003,
0x52801002,
0xd2810e41,
0xb9401fe0,
0x940044f4,
0x52800003,
0x52800202,
0xd2810e61,
0xb9401fe0,
0x940044ef,
0x52800023,
0x52800022,
0xd2803781,
0xb9401fe0,
0x940044ea,
0xf9400be0,
0xb9428c00,
0x2a0003e2,
0xd2803301,
0xb9401fe0,
0x94004439,
0x52800003,
0x52800022,
0xd2803781,
0xb9401fe0,
0x940044df,
0x52800203,
0x52800202,
0xd2810e61,
0xb9401fe0,
0x940044da,
0x52800003,
0x52800022,
0xd2810ea1,
0xb9401fe0,
0x940044d5,
0x52800023,
0x52800022,
0xd28037c1,
0xb9401fe0,
0x940044d0,
0xf9400be0,
0xb942b400,
0x2a0003e2,
0xd2803441,
0xb9401fe0,
0x9400441f,
0x52800003,
0x52800022,
0xd28037c1,
0xb9401fe0,
0x940044c5,
0x52800023,
0x52800022,
0xd2810ea1,
0xb9401fe0,
0x940044c0,
0x52800003,
0x52800042,
0xd2810ea1,
0xb9401fe0,
0x940044bb,
0x52800043,
0x52800042,
0xd28037c1,
0xb9401fe0,
0x940044b6,
0xf9400be0,
0xb942b800,
0x2a0003e2,
0xd2803461,
0xb9401fe0,
0x94004405,
0x52800003,
0x52800042,
0xd28037c1,
0xb9401fe0,
0x940044ab,
0x52800043,
0x52800042,
0xd2810ea1,
0xb9401fe0,
0x940044a6,
0x52800003,
0x52800082,
0xd2810ea1,
0xb9401fe0,
0x940044a1,
0x52800083,
0x52800082,
0xd28037c1,
0xb9401fe0,
0x9400449c,
0xf9400be0,
0xb942bc00,
0x2a0003e2,
0xd2803481,
0xb9401fe0,
0x940043eb,
0x52800003,
0x52800082,
0xd28037c1,
0xb9401fe0,
0x94004491,
0x52800083,
0x52800082,
0xd2810ea1,
0xb9401fe0,
0x9400448c,
0x52800003,
0x52800102,
0xd2810ea1,
0xb9401fe0,
0x94004487,
0x52800103,
0x52800102,
0xd28037c1,
0xb9401fe0,
0x94004482,
0xf9400be0,
0xb942c000,
0x2a0003e2,
0xd28034a1,
0xb9401fe0,
0x940043d1,
0x52800003,
0x52800102,
0xd28037c1,
0xb9401fe0,
0x94004477,
0x52800103,
0x52800102,
0xd2810ea1,
0xb9401fe0,
0x94004472,
0x52800003,
0x52800202,
0xd2810ea1,
0xb9401fe0,
0x9400446d,
0x52800203,
0x52800202,
0xd28037c1,
0xb9401fe0,
0x94004468,
0xf9400be0,
0xb942c400,
0x2a0003e2,
0xd28034c1,
0xb9401fe0,
0x940043b7,
0x52800003,
0x52800202,
0xd28037c1,
0xb9401fe0,
0x9400445d,
0x52800203,
0x52800202,
0xd2810ea1,
0xb9401fe0,
0x94004458,
0x52800003,
0x52800402,
0xd2810ea1,
0xb9401fe0,
0x94004453,
0x52800403,
0x52800402,
0xd28037c1,
0xb9401fe0,
0x9400444e,
0xf9400be0,
0xb942c800,
0x2a0003e2,
0xd28034e1,
0xb9401fe0,
0x9400439d,
0x52800003,
0x52800402,
0xd28037c1,
0xb9401fe0,
0x94004443,
0x52800403,
0x52800402,
0xd2810ea1,
0xb9401fe0,
0x9400443e,
0x52800003,
0x52800802,
0xd2810ea1,
0xb9401fe0,
0x94004439,
0x52800803,
0x52800802,
0xd28037c1,
0xb9401fe0,
0x94004434,
0xf9400be0,
0xb942cc00,
0x2a0003e2,
0xd2803501,
0xb9401fe0,
0x94004383,
0x52800003,
0x52800802,
0xd28037c1,
0xb9401fe0,
0x94004429,
0x52800803,
0x52800802,
0xd2810ea1,
0xb9401fe0,
0x94004424,
0x52800003,
0x52801002,
0xd2810ea1,
0xb9401fe0,
0x9400441f,
0x52801003,
0x52801002,
0xd28037c1,
0xb9401fe0,
0x9400441a,
0xf9400be0,
0xb942d000,
0x2a0003e2,
0xd2803521,
0xb9401fe0,
0x94004369,
0x52800003,
0x52801002,
0xd28037c1,
0xb9401fe0,
0x9400440f,
0x52801003,
0x52801002,
0xd2810ea1,
0xb9401fe0,
0x9400440a,
0x52800003,
0x52800202,
0xd2810ec1,
0xb9401fe0,
0x94004405,
0x52800023,
0x52800022,
0xd28037e1,
0xb9401fe0,
0x94004400,
0xf9400be0,
0xb942d400,
0x2a0003e2,
0xd2803541,
0xb9401fe0,
0x9400434f,
0x52800003,
0x52800022,
0xd28037e1,
0xb9401fe0,
0x940043f5,
0x52800203,
0x52800202,
0xd2810ec1,
0xb9401fe0,
0x940043f0,
0x52800003,
0x52800022,
0xd2810dc1,
0xb9401fe0,
0x940043eb,
0x52800203,
0x52800202,
0xd28036c1,
0xb9401fe0,
0x940043e6,
0xf9400be0,
0xb9420000,
0x2a0003e2,
0xd2802ea1,
0xb9401fe0,
0x94004335,
0x52800003,
0x52800202,
0xd28036c1,
0xb9401fe0,
0x940043db,
0x52800023,
0x52800022,
0xd2810dc1,
0xb9401fe0,
0x940043d6,
0x52800003,
0x52800042,
0xd2810dc1,
0xb9401fe0,
0x940043d1,
0x52800403,
0x52800402,
0xd28036c1,
0xb9401fe0,
0x940043cc,
0xf9400be0,
0xb9420400,
0x2a0003e2,
0xd2802ec1,
0xb9401fe0,
0x9400431b,
0x52800003,
0x52800402,
0xd28036c1,
0xb9401fe0,
0x940043c1,
0x52800043,
0x52800042,
0xd2810dc1,
0xb9401fe0,
0x940043bc,
0x52800003,
0x52800082,
0xd2810dc1,
0xb9401fe0,
0x940043b7,
0x52800803,
0x52800802,
0xd28036c1,
0xb9401fe0,
0x940043b2,
0xf9400be0,
0xb9420800,
0x2a0003e2,
0xd2802ee1,
0xb9401fe0,
0x94004301,
0x52800003,
0x52800802,
0xd28036c1,
0xb9401fe0,
0x940043a7,
0x52800083,
0x52800082,
0xd2810dc1,
0xb9401fe0,
0x940043a2,
0x52800003,
0x52800102,
0xd2810dc1,
0xb9401fe0,
0x9400439d,
0x52801003,
0x52801002,
0xd28036c1,
0xb9401fe0,
0x94004398,
0xf9400be0,
0xb9420c00,
0x2a0003e2,
0xd2802f01,
0xb9401fe0,
0x940042e7,
0x52800003,
0x52801002,
0xd28036c1,
0xb9401fe0,
0x9400438d,
0x52800103,
0x52800102,
0xd2810dc1,
0xb9401fe0,
0x94004388,
0x52800003,
0x52800202,
0xd2810dc1,
0xb9401fe0,
0x94004383,
0x52800023,
0x52800022,
0xd28036e1,
0xb9401fe0,
0x9400437e,
0xf9400be0,
0xb9421000,
0x2a0003e2,
0xd2802f21,
0xb9401fe0,
0x940042cd,
0x52800003,
0x52800022,
0xd28036e1,
0xb9401fe0,
0x94004373,
0x52800203,
0x52800202,
0xd2810dc1,
0xb9401fe0,
0x9400436e,
0x52800003,
0x52800402,
0xd2810dc1,
0xb9401fe0,
0x94004369,
0x52800043,
0x52800042,
0xd28036e1,
0xb9401fe0,
0x94004364,
0xf9400be0,
0xb9421400,
0x2a0003e2,
0xd2802f41,
0xb9401fe0,
0x940042b3,
0x52800003,
0x52800042,
0xd28036e1,
0xb9401fe0,
0x94004359,
0x52800403,
0x52800402,
0xd2810dc1,
0xb9401fe0,
0x94004354,
0x52800003,
0x52800802,
0xd2810dc1,
0xb9401fe0,
0x9400434f,
0x52800083,
0x52800082,
0xd28036e1,
0xb9401fe0,
0x9400434a,
0xf9400be0,
0xb9421800,
0x2a0003e2,
0xd2802f61,
0xb9401fe0,
0x94004299,
0x52800003,
0x52800082,
0xd28036e1,
0xb9401fe0,
0x9400433f,
0x52800803,
0x52800802,
0xd2810dc1,
0xb9401fe0,
0x9400433a,
0x52800003,
0x52801002,
0xd2810dc1,
0xb9401fe0,
0x94004335,
0x52800103,
0x52800102,
0xd28036e1,
0xb9401fe0,
0x94004330,
0xf9400be0,
0xb9421c00,
0x2a0003e2,
0xd2802f81,
0xb9401fe0,
0x9400427f,
0x52800003,
0x52800102,
0xd28036e1,
0xb9401fe0,
0x94004325,
0x52801003,
0x52801002,
0xd2810dc1,
0xb9401fe0,
0x94004320,
0x52800003,
0x52800022,
0xd2810da1,
0xb9401fe0,
0x9400431b,
0x52800203,
0x52800202,
0xd28036e1,
0xb9401fe0,
0x94004316,
0xf9400be0,
0xb9422000,
0x2a0003e2,
0xd2802fa1,
0xb9401fe0,
0x94004265,
0x52800003,
0x52800202,
0xd28036e1,
0xb9401fe0,
0x9400430b,
0x52800023,
0x52800022,
0xd2810da1,
0xb9401fe0,
0x94004306,
0x52800003,
0x52800022,
0xd2810e21,
0xb9401fe0,
0x94004301,
0x52800203,
0x52800202,
0xd2803721,
0xb9401fe0,
0x940042fc,
0xf9400be0,
0xb9424800,
0x2a0003e2,
0xd28030e1,
0xb9401fe0,
0x9400424b,
0x52800003,
0x52800202,
0xd2803721,
0xb9401fe0,
0x940042f1,
0x52800023,
0x52800022,
0xd2810e21,
0xb9401fe0,
0x940042ec,
0x52800003,
0x52800042,
0xd2810e21,
0xb9401fe0,
0x940042e7,
0x52800403,
0x52800402,
0xd2803721,
0xb9401fe0,
0x940042e2,
0xf9400be0,
0xb9424c00,
0x2a0003e2,
0xd2803101,
0xb9401fe0,
0x94004231,
0x52800003,
0x52800402,
0xd2803721,
0xb9401fe0,
0x940042d7,
0x52800043,
0x52800042,
0xd2810e21,
0xb9401fe0,
0x940042d2,
0x52800003,
0x52800082,
0xd2810e21,
0xb9401fe0,
0x940042cd,
0x52800803,
0x52800802,
0xd2803721,
0xb9401fe0,
0x940042c8,
0xf9400be0,
0xb9425000,
0x2a0003e2,
0xd2803121,
0xb9401fe0,
0x94004217,
0x52800003,
0x52800802,
0xd2803721,
0xb9401fe0,
0x940042bd,
0x52800083,
0x52800082,
0xd2810e21,
0xb9401fe0,
0x940042b8,
0x52800003,
0x52800102,
0xd2810e21,
0xb9401fe0,
0x940042b3,
0x52801003,
0x52801002,
0xd2803721,
0xb9401fe0,
0x940042ae,
0xf9400be0,
0xb9425400,
0x2a0003e2,
0xd2803141,
0xb9401fe0,
0x940041fd,
0x52800003,
0x52801002,
0xd2803721,
0xb9401fe0,
0x940042a3,
0x52800103,
0x52800102,
0xd2810e21,
0xb9401fe0,
0x9400429e,
0x52800003,
0x52800202,
0xd2810e21,
0xb9401fe0,
0x94004299,
0x52800023,
0x52800022,
0xd2803741,
0xb9401fe0,
0x94004294,
0xf9400be0,
0xb9425800,
0x2a0003e2,
0xd2803161,
0xb9401fe0,
0x940041e3,
0x52800003,
0x52800022,
0xd2803741,
0xb9401fe0,
0x94004289,
0x52800203,
0x52800202,
0xd2810e21,
0xb9401fe0,
0x94004284,
0x52800003,
0x52800402,
0xd2810e21,
0xb9401fe0,
0x9400427f,
0x52800043,
0x52800042,
0xd2803741,
0xb9401fe0,
0x9400427a,
0xf9400be0,
0xb9425c00,
0x2a0003e2,
0xd2803181,
0xb9401fe0,
0x940041c9,
0x52800003,
0x52800042,
0xd2803741,
0xb9401fe0,
0x9400426f,
0x52800403,
0x52800402,
0xd2810e21,
0xb9401fe0,
0x9400426a,
0x52800003,
0x52800802,
0xd2810e21,
0xb9401fe0,
0x94004265,
0x52800083,
0x52800082,
0xd2803741,
0xb9401fe0,
0x94004260,
0xf9400be0,
0xb9426000,
0x2a0003e2,
0xd28031a1,
0xb9401fe0,
0x940041af,
0x52800003,
0x52800082,
0xd2803741,
0xb9401fe0,
0x94004255,
0x52800803,
0x52800802,
0xd2810e21,
0xb9401fe0,
0x94004250,
0x52800003,
0x52801002,
0xd2810e21,
0xb9401fe0,
0x9400424b,
0x52800103,
0x52800102,
0xd2803741,
0xb9401fe0,
0x94004246,
0xf9400be0,
0xb9426400,
0x2a0003e2,
0xd28031c1,
0xb9401fe0,
0x94004195,
0x52800003,
0x52800102,
0xd2803741,
0xb9401fe0,
0x9400423b,
0x52801003,
0x52801002,
0xd2810e21,
0xb9401fe0,
0x94004236,
0x52800003,
0x52800022,
0xd2810e01,
0xb9401fe0,
0x94004231,
0x52800203,
0x52800202,
0xd2803741,
0xb9401fe0,
0x9400422c,
0xf9400be0,
0xb9426800,
0x2a0003e2,
0xd28031e1,
0xb9401fe0,
0x9400417b,
0x52800003,
0x52800202,
0xd2803741,
0xb9401fe0,
0x94004221,
0x52800023,
0x52800022,
0xd2810e01,
0xb9401fe0,
0x9400421c,
0x52800003,
0x52800022,
0xd2810e81,
0xb9401fe0,
0x94004217,
0x52800203,
0x52800202,
0xd2803781,
0xb9401fe0,
0x94004212,
0xf9400be0,
0xb9429000,
0x2a0003e2,
0xd2803321,
0xb9401fe0,
0x94004161,
0x52800003,
0x52800202,
0xd2803781,
0xb9401fe0,
0x94004207,
0x52800023,
0x52800022,
0xd2810e81,
0xb9401fe0,
0x94004202,
0x52800003,
0x52800042,
0xd2810e81,
0xb9401fe0,
0x940041fd,
0x52800403,
0x52800402,
0xd2803781,
0xb9401fe0,
0x940041f8,
0xf9400be0,
0xb9429400,
0x2a0003e2,
0xd2803341,
0xb9401fe0,
0x94004147,
0x52800003,
0x52800402,
0xd2803781,
0xb9401fe0,
0x940041ed,
0x52800043,
0x52800042,
0xd2810e81,
0xb9401fe0,
0x940041e8,
0x52800003,
0x52800082,
0xd2810e81,
0xb9401fe0,
0x940041e3,
0x52800803,
0x52800802,
0xd2803781,
0xb9401fe0,
0x940041de,
0xf9400be0,
0xb9429800,
0x2a0003e2,
0xd2803361,
0xb9401fe0,
0x9400412d,
0x52800003,
0x52800802,
0xd2803781,
0xb9401fe0,
0x940041d3,
0x52800083,
0x52800082,
0xd2810e81,
0xb9401fe0,
0x940041ce,
0x52800003,
0x52800102,
0xd2810e81,
0xb9401fe0,
0x940041c9,
0x52801003,
0x52801002,
0xd2803781,
0xb9401fe0,
0x940041c4,
0xf9400be0,
0xb9429c00,
0x2a0003e2,
0xd2803381,
0xb9401fe0,
0x94004113,
0x52800003,
0x52801002,
0xd2803781,
0xb9401fe0,
0x940041b9,
0x52800103,
0x52800102,
0xd2810e81,
0xb9401fe0,
0x940041b4,
0x52800003,
0x52800202,
0xd2810e81,
0xb9401fe0,
0x940041af,
0x52800023,
0x52800022,
0xd28037a1,
0xb9401fe0,
0x940041aa,
0xf9400be0,
0xb942a000,
0x2a0003e2,
0xd28033a1,
0xb9401fe0,
0x940040f9,
0x52800003,
0x52800022,
0xd28037a1,
0xb9401fe0,
0x9400419f,
0x52800203,
0x52800202,
0xd2810e81,
0xb9401fe0,
0x9400419a,
0x52800003,
0x52800402,
0xd2810e81,
0xb9401fe0,
0x94004195,
0x52800043,
0x52800042,
0xd28037a1,
0xb9401fe0,
0x94004190,
0xf9400be0,
0xb942a400,
0x2a0003e2,
0xd28033c1,
0xb9401fe0,
0x940040df,
0x52800003,
0x52800042,
0xd28037a1,
0xb9401fe0,
0x94004185,
0x52800403,
0x52800402,
0xd2810e81,
0xb9401fe0,
0x94004180,
0x52800003,
0x52800802,
0xd2810e81,
0xb9401fe0,
0x9400417b,
0x52800083,
0x52800082,
0xd28037a1,
0xb9401fe0,
0x94004176,
0xf9400be0,
0xb942a800,
0x2a0003e2,
0xd28033e1,
0xb9401fe0,
0x940040c5,
0x52800003,
0x52800082,
0xd28037a1,
0xb9401fe0,
0x9400416b,
0x52800803,
0x52800802,
0xd2810e81,
0xb9401fe0,
0x94004166,
0x52800003,
0x52801002,
0xd2810e81,
0xb9401fe0,
0x94004161,
0x52800103,
0x52800102,
0xd28037a1,
0xb9401fe0,
0x9400415c,
0xf9400be0,
0xb942ac00,
0x2a0003e2,
0xd2803401,
0xb9401fe0,
0x940040ab,
0x52800003,
0x52800102,
0xd28037a1,
0xb9401fe0,
0x94004151,
0x52801003,
0x52801002,
0xd2810e81,
0xb9401fe0,
0x9400414c,
0x52800003,
0x52800022,
0xd2810e61,
0xb9401fe0,
0x94004147,
0x52800203,
0x52800202,
0xd28037a1,
0xb9401fe0,
0x94004142,
0xf9400be0,
0xb942b000,
0x2a0003e2,
0xd2803421,
0xb9401fe0,
0x94004091,
0x52800003,
0x52800202,
0xd28037a1,
0xb9401fe0,
0x94004137,
0x52800023,
0x52800022,
0xd2810e61,
0xb9401fe0,
0x94004132,
0x52800003,
0x52800022,
0xd2810ee1,
0xb9401fe0,
0x9400412d,
0x52800043,
0x52800042,
0xd28037e1,
0xb9401fe0,
0x94004128,
0xf9400be0,
0xb942d800,
0x2a0003e2,
0xd2803561,
0xb9401fe0,
0x94004077,
0x52800003,
0x52800042,
0xd28037e1,
0xb9401fe0,
0x9400411d,
0x52800023,
0x52800022,
0xd2810ee1,
0xb9401fe0,
0x94004118,
0x52800003,
0x52800042,
0xd2810ee1,
0xb9401fe0,
0x94004113,
0x52800083,
0x52800082,
0xd28037e1,
0xb9401fe0,
0x9400410e,
0xf9400be0,
0xb942dc00,
0x2a0003e2,
0xd2803581,
0xb9401fe0,
0x9400405d,
0x52800003,
0x52800082,
0xd28037e1,
0xb9401fe0,
0x94004103,
0x52800043,
0x52800042,
0xd2810ee1,
0xb9401fe0,
0x940040fe,
0x52800003,
0x52800082,
0xd2810ee1,
0xb9401fe0,
0x940040f9,
0x52800103,
0x52800102,
0xd28037e1,
0xb9401fe0,
0x940040f4,
0xf9400be0,
0xb942e000,
0x2a0003e2,
0xd28035a1,
0xb9401fe0,
0x94004043,
0x52800003,
0x52800102,
0xd28037e1,
0xb9401fe0,
0x940040e9,
0x52800083,
0x52800082,
0xd2810ee1,
0xb9401fe0,
0x940040e4,
0x52800003,
0x52800102,
0xd2810ee1,
0xb9401fe0,
0x940040df,
0x52800203,
0x52800202,
0xd28037e1,
0xb9401fe0,
0x940040da,
0xf9400be0,
0xb942e400,
0x2a0003e2,
0xd28035c1,
0xb9401fe0,
0x94004029,
0x52800003,
0x52800202,
0xd28037e1,
0xb9401fe0,
0x940040cf,
0x52800103,
0x52800102,
0xd2810ee1,
0xb9401fe0,
0x940040ca,
0x52800003,
0x52800202,
0xd2810ee1,
0xb9401fe0,
0x940040c5,
0x52800403,
0x52800402,
0xd28037e1,
0xb9401fe0,
0x940040c0,
0xf9400be0,
0xb942e800,
0x2a0003e2,
0xd28035e1,
0xb9401fe0,
0x9400400f,
0x52800003,
0x52800402,
0xd28037e1,
0xb9401fe0,
0x940040b5,
0x52800203,
0x52800202,
0xd2810ee1,
0xb9401fe0,
0x940040b0,
0x52800003,
0x52800402,
0xd2810ee1,
0xb9401fe0,
0x940040ab,
0x52800803,
0x52800802,
0xd28037e1,
0xb9401fe0,
0x940040a6,
0xf9400be0,
0xb942ec00,
0x2a0003e2,
0xd2803601,
0xb9401fe0,
0x94003ff5,
0x52800003,
0x52800802,
0xd28037e1,
0xb9401fe0,
0x9400409b,
0x52800403,
0x52800402,
0xd2810ee1,
0xb9401fe0,
0x94004096,
0x52800003,
0x52800802,
0xd2810ee1,
0xb9401fe0,
0x94004091,
0x52801003,
0x52801002,
0xd28037e1,
0xb9401fe0,
0x9400408c,
0xf9400be0,
0xb942f000,
0x2a0003e2,
0xd2803621,
0xb9401fe0,
0x94003fdb,
0x52800003,
0x52801002,
0xd28037e1,
0xb9401fe0,
0x94004081,
0x52800803,
0x52800802,
0xd2810ee1,
0xb9401fe0,
0x9400407c,
0x52800003,
0x52801002,
0xd2810ee1,
0xb9401fe0,
0x94004077,
0x52800803,
0x52800802,
0xd28037a1,
0xb9401fe0,
0x94004072,
0xf9400be0,
0xb942f400,
0x2a0003e2,
0xd2803641,
0xb9401fe0,
0x94003fc1,
0x52800003,
0x52800802,
0xd28037a1,
0xb9401fe0,
0x94004067,
0x52801003,
0x52801002,
0xd2810ee1,
0xb9401fe0,
0x94004062,
0x52800003,
0x52800022,
0xd2810ec1,
0xb9401fe0,
0x9400405d,
0x52801003,
0x52801002,
0xd28037a1,
0xb9401fe0,
0x94004058,
0xf9400be0,
0xb942f800,
0x2a0003e2,
0xd2803661,
0xb9401fe0,
0x94003fa7,
0x52800003,
0x52801002,
0xd28037a1,
0xb9401fe0,
0x9400404d,
0x52800023,
0x52800022,
0xd2810ec1,
0xb9401fe0,
0x94004048,
0xd503201f,
0xf84207fe,
0xd65f03c0,
0xf81e0ffe,
0xb9001fe0,
0xb9001be1,
0xb90017e2,
0xb94017e2,
0xd2800521,
0xb9401fe0,
0x94003f92,
0xb9401be2,
0xd2800541,
0xb9401fe0,
0x94003f8e,
0x52800002,
0xd2800561,
0xb9401fe0,
0x94003f8a,
0x52800062,
0xd2800581,
0xb9401fe0,
0x94003f86,
0x52801062,
0xd2800581,
0xb9401fe0,
0x94003f82,
0x52800062,
0xd2800581,
0xb9401fe0,
0x94003f7e,
0x52800020,
0x94003f40,
0xd503201f,
0xf84207fe,
0xd65f03c0,
0xf81e0ffe,
0xb9001fe0,
0x52800001,
0xb9401fe0,
0x94004442,
0x2a0003e3,
0xd0000080,
0x91066001,
0xb9801fe2,
0xd2810680,
0x9b007c40,
0x8b000020,
0xb9008c03,
0x52800021,
0xb9401fe0,
0x94004437,
0x2a0003e3,
0xd0000080,
0x91066001,
0xb9801fe2,
0xd2810680,
0x9b007c40,
0x8b000020,
0xb9009003,
0x52800041,
0xb9401fe0,
0x9400442c,
0x2a0003e3,
0xd0000080,
0x91066001,
0xb9801fe2,
0xd2810680,
0x9b007c40,
0x8b000020,
0xb9009403,
0x52800061,
0xb9401fe0,
0x94004421,
0x2a0003e3,
0xd0000080,
0x91066001,
0xb9801fe2,
0xd2810680,
0x9b007c40,
0x8b000020,
0xb9009803,
0x52800081,
0xb9401fe0,
0x94004416,
0x2a0003e3,
0xd0000080,
0x91066001,
0xb9801fe2,
0xd2810680,
0x9b007c40,
0x8b000020,
0xb9009c03,
0x528000a1,
0xb9401fe0,
0x9400440b,
0x2a0003e3,
0xd0000080,
0x91066001,
0xb9801fe2,
0xd2810680,
0x9b007c40,
0x8b000020,
0xb900a003,
0x528000c1,
0xb9401fe0,
0x94004400,
0x2a0003e3,
0xd0000080,
0x91066001,
0xb9801fe2,
0xd2810680,
0x9b007c40,
0x8b000020,
0xb900a403,
0x528000e1,
0xb9401fe0,
0x940043f5,
0x2a0003e3,
0xd0000080,
0x91066001,
0xb9801fe2,
0xd2810680,
0x9b007c40,
0x8b000020,
0xb900a803,
0x52800101,
0xb9401fe0,
0x940043ea,
0x2a0003e3,
0xd0000080,
0x91066001,
0xb9801fe2,
0xd2810680,
0x9b007c40,
0x8b000020,
0xb900ac03,
0x52800121,
0xb9401fe0,
0x940043df,
0x2a0003e3,
0xd0000080,
0x91066001,
0xb9801fe2,
0xd2810680,
0x9b007c40,
0x8b000020,
0xb900b003,
0x52800141,
0xb9401fe0,
0x940043d4,
0x2a0003e3,
0xd0000080,
0x91066001,
0xb9801fe2,
0xd2810680,
0x9b007c40,
0x8b000020,
0xb900b403,
0x52800161,
0xb9401fe0,
0x940043c9,
0x2a0003e3,
0xd0000080,
0x91066001,
0xb9801fe2,
0xd2810680,
0x9b007c40,
0x8b000020,
0xb900b803,
0x52800181,
0xb9401fe0,
0x940043be,
0x2a0003e3,
0xd0000080,
0x91066001,
0xb9801fe2,
0xd2810680,
0x9b007c40,
0x8b000020,
0xb900bc03,
0x528001a1,
0xb9401fe0,
0x940043b3,
0x2a0003e3,
0xd0000080,
0x91066001,
0xb9801fe2,
0xd2810680,
0x9b007c40,
0x8b000020,
0xb900c003,
0x528001c1,
0xb9401fe0,
0x940043a8,
0x2a0003e3,
0xd0000080,
0x91066001,
0xb9801fe2,
0xd2810680,
0x9b007c40,
0x8b000020,
0xb900c403,
0x528001e1,
0xb9401fe0,
0x9400439d,
0x2a0003e3,
0xd0000080,
0x91066001,
0xb9801fe2,
0xd2810680,
0x9b007c40,
0x8b000020,
0xb900c803,
0x52800201,
0xb9401fe0,
0x94004392,
0x2a0003e3,
0xd0000080,
0x91066001,
0xb9801fe2,
0xd2810680,
0x9b007c40,
0x8b000020,
0xb900cc03,
0x52800221,
0xb9401fe0,
0x94004387,
0x2a0003e3,
0xd0000080,
0x91066001,
0xb9801fe2,
0xd2810680,
0x9b007c40,
0x8b000020,
0xb900d003,
0x52800241,
0xb9401fe0,
0x9400437c,
0x2a0003e3,
0xd0000080,
0x91066001,
0xb9801fe2,
0xd2810680,
0x9b007c40,
0x8b000020,
0xb900d403,
0x52800261,
0xb9401fe0,
0x94004371,
0x2a0003e3,
0xd0000080,
0x91066001,
0xb9801fe2,
0xd2810680,
0x9b007c40,
0x8b000020,
0xb900d803,
0x52800281,
0xb9401fe0,
0x94004366,
0x2a0003e3,
0xd0000080,
0x91066001,
0xb9801fe2,
0xd2810680,
0x9b007c40,
0x8b000020,
0xb900dc03,
0x528002a1,
0xb9401fe0,
0x9400435b,
0x2a0003e3,
0xd0000080,
0x91066001,
0xb9801fe2,
0xd2810680,
0x9b007c40,
0x8b000020,
0xb900e003,
0x528002c1,
0xb9401fe0,
0x94004350,
0x2a0003e3,
0xd0000080,
0x91066001,
0xb9801fe2,
0xd2810680,
0x9b007c40,
0x8b000020,
0xb900e403,
0x528002e1,
0xb9401fe0,
0x94004345,
0x2a0003e3,
0xd0000080,
0x91066001,
0xb9801fe2,
0xd2810680,
0x9b007c40,
0x8b000020,
0xb900e803,
0x52800301,
0xb9401fe0,
0x9400433a,
0x2a0003e3,
0xd0000080,
0x91066001,
0xb9801fe2,
0xd2810680,
0x9b007c40,
0x8b000020,
0xb900ec03,
0x52800321,
0xb9401fe0,
0x9400432f,
0x2a0003e3,
0xd0000080,
0x91066001,
0xb9801fe2,
0xd2810680,
0x9b007c40,
0x8b000020,
0xb900f003,
0x52800341,
0xb9401fe0,
0x94004324,
0x2a0003e3,
0xd0000080,
0x91066001,
0xb9801fe2,
0xd2810680,
0x9b007c40,
0x8b000020,
0xb900f403,
0xd2800001,
0xb9401fe0,
0x94003e27,
0x2a0003e3,
0xd0000080,
0x91066001,
0xb9801fe2,
0xd2810680,
0x9b007c40,
0x8b000020,
0xb900f803,
0xd2800021,
0xb9401fe0,
0x94003e1c,
0x2a0003e3,
0xd0000080,
0x91066001,
0xb9801fe2,
0xd2810680,
0x9b007c40,
0x8b000020,
0xb900fc03,
0xd2800041,
0xb9401fe0,
0x94003e11,
0x2a0003e3,
0xd0000080,
0x91066001,
0xb9801fe2,
0xd2810680,
0x9b007c40,
0x8b000020,
0xb9010003,
0xd2800081,
0xb9401fe0,
0x94003e06,
0x2a0003e3,
0xd0000080,
0x91066001,
0xb9801fe2,
0xd2810680,
0x9b007c40,
0x8b000020,
0xb9010403,
0xd28000a1,
0xb9401fe0,
0x94003dfb,
0x2a0003e3,
0xd0000080,
0x91066001,
0xb9801fe2,
0xd2810680,
0x9b007c40,
0x8b000020,
0xb9010803,
0xd28000c1,
0xb9401fe0,
0x94003df0,
0x2a0003e3,
0xd0000080,
0x91066001,
0xb9801fe2,
0xd2810680,
0x9b007c40,
0x8b000020,
0xb9010c03,
0xd28000e1,
0xb9401fe0,
0x94003de5,
0x2a0003e3,
0xd0000080,
0x91066001,
0xb9801fe2,
0xd2810680,
0x9b007c40,
0x8b000020,
0xb9011003,
0xd2800121,
0xb9401fe0,
0x94003dda,
0x2a0003e3,
0xd0000080,
0x91066001,
0xb9801fe2,
0xd2810680,
0x9b007c40,
0x8b000020,
0xb9011403,
0xd2800141,
0xb9401fe0,
0x94003dcf,
0x2a0003e3,
0xd0000080,
0x91066001,
0xb9801fe2,
0xd2810680,
0x9b007c40,
0x8b000020,
0xb9011803,
0xd2800161,
0xb9401fe0,
0x94003dc4,
0x2a0003e3,
0xd0000080,
0x91066001,
0xb9801fe2,
0xd2810680,
0x9b007c40,
0x8b000020,
0xb9011c03,
0xd28001a1,
0xb9401fe0,
0x94003db9,
0x2a0003e3,
0xd0000080,
0x91066001,
0xb9801fe2,
0xd2810680,
0x9b007c40,
0x8b000020,
0xb9012003,
0xd2800201,
0xb9401fe0,
0x94003dae,
0x2a0003e3,
0xd0000080,
0x91066001,
0xb9801fe2,
0xd2810680,
0x9b007c40,
0x8b000020,
0xb9012403,
0xd2800221,
0xb9401fe0,
0x94003da3,
0x2a0003e3,
0xd0000080,
0x91066001,
0xb9801fe2,
0xd2810680,
0x9b007c40,
0x8b000020,
0xb9012803,
0xd2800241,
0xb9401fe0,
0x94003d98,
0x2a0003e3,
0xd0000080,
0x91066001,
0xb9801fe2,
0xd2810680,
0x9b007c40,
0x8b000020,
0xb9012c03,
0xd2800261,
0xb9401fe0,
0x94003d8d,
0x2a0003e3,
0xd0000080,
0x91066001,
0xb9801fe2,
0xd2810680,
0x9b007c40,
0x8b000020,
0xb9013003,
0xd28002a1,
0xb9401fe0,
0x94003d82,
0x2a0003e3,
0xd0000080,
0x91066001,
0xb9801fe2,
0xd2810680,
0x9b007c40,
0x8b000020,
0xb9013403,
0xd28002c1,
0xb9401fe0,
0x94003d77,
0x2a0003e3,
0xd0000080,
0x91066001,
0xb9801fe2,
0xd2810680,
0x9b007c40,
0x8b000020,
0xb9013803,
0xd28002e1,
0xb9401fe0,
0x94003d6c,
0x2a0003e3,
0xd0000080,
0x91066001,
0xb9801fe2,
0xd2810680,
0x9b007c40,
0x8b000020,
0xb9013c03,
0xd2800301,
0xb9401fe0,
0x94003d61,
0x2a0003e3,
0xd0000080,
0x91066001,
0xb9801fe2,
0xd2810680,
0x9b007c40,
0x8b000020,
0xb9014003,
0xd2800321,
0xb9401fe0,
0x94003d56,
0x2a0003e3,
0xd0000080,
0x91066001,
0xb9801fe2,
0xd2810680,
0x9b007c40,
0x8b000020,
0xb9014403,
0xd2800341,
0xb9401fe0,
0x94003d4b,
0x2a0003e3,
0xb0000080,
0x91066001,
0xb9801fe2,
0xd2810680,
0x9b007c40,
0x8b000020,
0xb9014803,
0xd2800361,
0xb9401fe0,
0x94003d40,
0x2a0003e3,
0xb0000080,
0x91066001,
0xb9801fe2,
0xd2810680,
0x9b007c40,
0x8b000020,
0xb9014c03,
0xd2800381,
0xb9401fe0,
0x94003d35,
0x2a0003e3,
0xb0000080,
0x91066001,
0xb9801fe2,
0xd2810680,
0x9b007c40,
0x8b000020,
0xb9015003,
0xd28003a1,
0xb9401fe0,
0x94003d2a,
0x2a0003e3,
0xb0000080,
0x91066001,
0xb9801fe2,
0xd2810680,
0x9b007c40,
0x8b000020,
0xb9015403,
0xd28003c1,
0xb9401fe0,
0x94003d1f,
0x2a0003e3,
0xb0000080,
0x91066001,
0xb9801fe2,
0xd2810680,
0x9b007c40,
0x8b000020,
0xb9015803,
0xd2800401,
0xb9401fe0,
0x94003d14,
0x2a0003e3,
0xb0000080,
0x91066001,
0xb9801fe2,
0xd2810680,
0x9b007c40,
0x8b000020,
0xb9015c03,
0xd2800421,
0xb9401fe0,
0x94003d09,
0x2a0003e3,
0xb0000080,
0x91066001,
0xb9801fe2,
0xd2810680,
0x9b007c40,
0x8b000020,
0xb9016003,
0xd2800441,
0xb9401fe0,
0x94003cfe,
0x2a0003e3,
0xb0000080,
0x91066001,
0xb9801fe2,
0xd2810680,
0x9b007c40,
0x8b000020,
0xb9016403,
0xd2800461,
0xb9401fe0,
0x94003cf3,
0x2a0003e3,
0xb0000080,
0x91066001,
0xb9801fe2,
0xd2810680,
0x9b007c40,
0x8b000020,
0xb9016803,
0xd28004e1,
0xb9401fe0,
0x94003ce8,
0x2a0003e3,
0xb0000080,
0x91066001,
0xb9801fe2,
0xd2810680,
0x9b007c40,
0x8b000020,
0xb9016c03,
0xd2800501,
0xb9401fe0,
0x94003cdd,
0x2a0003e3,
0xb0000080,
0x91066001,
0xb9801fe2,
0xd2810680,
0x9b007c40,
0x8b000020,
0xb9017003,
0xd28005a1,
0xb9401fe0,
0x94003cd2,
0x2a0003e3,
0xb0000080,
0x91066001,
0xb9801fe2,
0xd2810680,
0x9b007c40,
0x8b000020,
0xb9017403,
0xd28005c1,
0xb9401fe0,
0x94003cc7,
0x2a0003e3,
0xb0000080,
0x91066001,
0xb9801fe2,
0xd2810680,
0x9b007c40,
0x8b000020,
0xb9017803,
0xd2800c01,
0xb9401fe0,
0x94003cbc,
0x2a0003e3,
0xb0000080,
0x91066001,
0xb9801fe2,
0xd2810680,
0x9b007c40,
0x8b000020,
0xb9017c03,
0xd2800c21,
0xb9401fe0,
0x94003cb1,
0x2a0003e3,
0xb0000080,
0x91066001,
0xb9801fe2,
0xd2810680,
0x9b007c40,
0x8b000020,
0xb9018003,
0xd2800c41,
0xb9401fe0,
0x94003ca6,
0x2a0003e3,
0xb0000080,
0x91066001,
0xb9801fe2,
0xd2810680,
0x9b007c40,
0x8b000020,
0xb9018403,
0xd2800c61,
0xb9401fe0,
0x94003c9b,
0x2a0003e3,
0xb0000080,
0x91066001,
0xb9801fe2,
0xd2810680,
0x9b007c40,
0x8b000020,
0xb9018803,
0xd2800c81,
0xb9401fe0,
0x94003c90,
0x2a0003e3,
0xb0000080,
0x91066001,
0xb9801fe2,
0xd2810680,
0x9b007c40,
0x8b000020,
0xb9018c03,
0xd2800ca1,
0xb9401fe0,
0x94003c85,
0x2a0003e3,
0xb0000080,
0x91066001,
0xb9801fe2,
0xd2810680,
0x9b007c40,
0x8b000020,
0xb9019003,
0xd2800cc1,
0xb9401fe0,
0x94003c7a,
0x2a0003e3,
0xb0000080,
0x91066001,
0xb9801fe2,
0xd2810680,
0x9b007c40,
0x8b000020,
0xb9019403,
0xd2801061,
0xb9401fe0,
0x94003c6f,
0x2a0003e3,
0xb0000080,
0x91066001,
0xb9801fe2,
0xd2810680,
0x9b007c40,
0x8b000020,
0xb9019803,
0xd2802001,
0xb9401fe0,
0x94003c64,
0x2a0003e3,
0xb0000080,
0x91066001,
0xb9801fe2,
0xd2810680,
0x9b007c40,
0x8b000020,
0xb901a803,
0xd2802021,
0xb9401fe0,
0x94003c59,
0x2a0003e3,
0xb0000080,
0x91066001,
0xb9801fe2,
0xd2810680,
0x9b007c40,
0x8b000020,
0xb901ac03,
0xd2802041,
0xb9401fe0,
0x94003c4e,
0x2a0003e3,
0xb0000080,
0x91066001,
0xb9801fe2,
0xd2810680,
0x9b007c40,
0x8b000020,
0xb901b003,
0xd2802061,
0xb9401fe0,
0x94003c43,
0x2a0003e3,
0xb0000080,
0x91066001,
0xb9801fe2,
0xd2810680,
0x9b007c40,
0x8b000020,
0xb901b403,
0xd2802081,
0xb9401fe0,
0x94003c38,
0x2a0003e3,
0xb0000080,
0x91066001,
0xb9801fe2,
0xd2810680,
0x9b007c40,
0x8b000020,
0xb901b803,
0xd28020a1,
0xb9401fe0,
0x94003c2d,
0x2a0003e3,
0xb0000080,
0x91066001,
0xb9801fe2,
0xd2810680,
0x9b007c40,
0x8b000020,
0xb901bc03,
0xd28020c1,
0xb9401fe0,
0x94003c22,
0x2a0003e3,
0xb0000080,
0x91066001,
0xb9801fe2,
0xd2810680,
0x9b007c40,
0x8b000020,
0xb901c003,
0xd28020e1,
0xb9401fe0,
0x94003c17,
0x2a0003e3,
0xb0000080,
0x91066001,
0xb9801fe2,
0xd2810680,
0x9b007c40,
0x8b000020,
0xb901c403,
0xd2802101,
0xb9401fe0,
0x94003c0c,
0x2a0003e3,
0xb0000080,
0x91066001,
0xb9801fe2,
0xd2810680,
0x9b007c40,
0x8b000020,
0xb901c803,
0xd2802121,
0xb9401fe0,
0x94003c01,
0x2a0003e3,
0xb0000080,
0x91066001,
0xb9801fe2,
0xd2810680,
0x9b007c40,
0x8b000020,
0xb901cc03,
0xd2802141,
0xb9401fe0,
0x94003bf6,
0x2a0003e3,
0xb0000080,
0x91066001,
0xb9801fe2,
0xd2810680,
0x9b007c40,
0x8b000020,
0xb901d003,
0xd2802161,
0xb9401fe0,
0x94003beb,
0x2a0003e3,
0xb0000080,
0x91066001,
0xb9801fe2,
0xd2810680,
0x9b007c40,
0x8b000020,
0xb901d403,
0xd2802221,
0xb9401fe0,
0x94003be0,
0x2a0003e3,
0xb0000080,
0x91066001,
0xb9801fe2,
0xd2810680,
0x9b007c40,
0x8b000020,
0xb901d803,
0xd2802d81,
0xb9401fe0,
0x94003bd5,
0x2a0003e3,
0xb0000080,
0x91066001,
0xb9801fe2,
0xd2810680,
0x9b007c40,
0x8b000020,
0xb901dc03,
0xd2802da1,
0xb9401fe0,
0x94003bca,
0x2a0003e3,
0xb0000080,
0x91066001,
0xb9801fe2,
0xd2810680,
0x9b007c40,
0x8b000020,
0xb901e003,
0xd2802dc1,
0xb9401fe0,
0x94003bbf,
0x2a0003e3,
0xb0000080,
0x91066001,
0xb9801fe2,
0xd2810680,
0x9b007c40,
0x8b000020,
0xb901e403,
0xd2802de1,
0xb9401fe0,
0x94003bb4,
0x2a0003e3,
0xb0000080,
0x91066001,
0xb9801fe2,
0xd2810680,
0x9b007c40,
0x8b000020,
0xb901e803,
0xd2802e01,
0xb9401fe0,
0x94003ba9,
0x2a0003e3,
0xb0000080,
0x91066001,
0xb9801fe2,
0xd2810680,
0x9b007c40,
0x8b000020,
0xb901ec03,
0xd2802e21,
0xb9401fe0,
0x94003b9e,
0x2a0003e3,
0xb0000080,
0x91066001,
0xb9801fe2,
0xd2810680,
0x9b007c40,
0x8b000020,
0xb901f003,
0xd2802e41,
0xb9401fe0,
0x94003b93,
0x2a0003e3,
0xb0000080,
0x91066001,
0xb9801fe2,
0xd2810680,
0x9b007c40,
0x8b000020,
0xb901f403,
0xd2802e61,
0xb9401fe0,
0x94003b88,
0x2a0003e3,
0xb0000080,
0x91066001,
0xb9801fe2,
0xd2810680,
0x9b007c40,
0x8b000020,
0xb901f803,
0xd2802e81,
0xb9401fe0,
0x94003b7d,
0x2a0003e3,
0xb0000080,
0x91066001,
0xb9801fe2,
0xd2810680,
0x9b007c40,
0x8b000020,
0xb901fc03,
0xd2802ea1,
0xb9401fe0,
0x94003b72,
0x2a0003e3,
0xb0000080,
0x91066001,
0xb9801fe2,
0xd2810680,
0x9b007c40,
0x8b000020,
0xb9020003,
0xd2802ec1,
0xb9401fe0,
0x94003b67,
0x2a0003e3,
0xb0000080,
0x91066001,
0xb9801fe2,
0xd2810680,
0x9b007c40,
0x8b000020,
0xb9020403,
0xd2802ee1,
0xb9401fe0,
0x94003b5c,
0x2a0003e3,
0xb0000080,
0x91066001,
0xb9801fe2,
0xd2810680,
0x9b007c40,
0x8b000020,
0xb9020803,
0xd2802f01,
0xb9401fe0,
0x94003b51,
0x2a0003e3,
0xb0000080,
0x91066001,
0xb9801fe2,
0xd2810680,
0x9b007c40,
0x8b000020,
0xb9020c03,
0xd2802f21,
0xb9401fe0,
0x94003b46,
0x2a0003e3,
0xb0000080,
0x91066001,
0xb9801fe2,
0xd2810680,
0x9b007c40,
0x8b000020,
0xb9021003,
0xd2802f41,
0xb9401fe0,
0x94003b3b,
0x2a0003e3,
0xb0000080,
0x91066001,
0xb9801fe2,
0xd2810680,
0x9b007c40,
0x8b000020,
0xb9021403,
0xd2802f61,
0xb9401fe0,
0x94003b30,
0x2a0003e3,
0xb0000080,
0x91066001,
0xb9801fe2,
0xd2810680,
0x9b007c40,
0x8b000020,
0xb9021803,
0xd2802f81,
0xb9401fe0,
0x94003b25,
0x2a0003e3,
0xb0000080,
0x91066001,
0xb9801fe2,
0xd2810680,
0x9b007c40,
0x8b000020,
0xb9021c03,
0xd2802fa1,
0xb9401fe0,
0x94003b1a,
0x2a0003e3,
0xb0000080,
0x91066001,
0xb9801fe2,
0xd2810680,
0x9b007c40,
0x8b000020,
0xb9022003,
0xd2802fc1,
0xb9401fe0,
0x94003b0f,
0x2a0003e3,
0xb0000080,
0x91066001,
0xb9801fe2,
0xd2810680,
0x9b007c40,
0x8b000020,
0xb9022403,
0xd2802fe1,
0xb9401fe0,
0x94003b04,
0x2a0003e3,
0xb0000080,
0x91066001,
0xb9801fe2,
0xd2810680,
0x9b007c40,
0x8b000020,
0xb9022803,
0xd2803001,
0xb9401fe0,
0x94003af9,
0x2a0003e3,
0xb0000080,
0x91066001,
0xb9801fe2,
0xd2810680,
0x9b007c40,
0x8b000020,
0xb9022c03,
0xd2803021,
0xb9401fe0,
0x94003aee,
0x2a0003e3,
0xb0000080,
0x91066001,
0xb9801fe2,
0xd2810680,
0x9b007c40,
0x8b000020,
0xb9023003,
0xd2803041,
0xb9401fe0,
0x94003ae3,
0x2a0003e3,
0xb0000080,
0x91066001,
0xb9801fe2,
0xd2810680,
0x9b007c40,
0x8b000020,
0xb9023403,
0xd2803061,
0xb9401fe0,
0x94003ad8,
0x2a0003e3,
0xb0000080,
0x91066001,
0xb9801fe2,
0xd2810680,
0x9b007c40,
0x8b000020,
0xb9023803,
0xd2803081,
0xb9401fe0,
0x94003acd,
0x2a0003e3,
0xb0000080,
0x91066001,
0xb9801fe2,
0xd2810680,
0x9b007c40,
0x8b000020,
0xb9023c03,
0xd28030a1,
0xb9401fe0,
0x94003ac2,
0x2a0003e3,
0xb0000080,
0x91066001,
0xb9801fe2,
0xd2810680,
0x9b007c40,
0x8b000020,
0xb9024003,
0xd28030c1,
0xb9401fe0,
0x94003ab7,
0x2a0003e3,
0xb0000080,
0x91066001,
0xb9801fe2,
0xd2810680,
0x9b007c40,
0x8b000020,
0xb9024403,
0xd28030e1,
0xb9401fe0,
0x94003aac,
0x2a0003e3,
0xb0000080,
0x91066001,
0xb9801fe2,
0xd2810680,
0x9b007c40,
0x8b000020,
0xb9024803,
0xd2803101,
0xb9401fe0,
0x94003aa1,
0x2a0003e3,
0xb0000080,
0x91066001,
0xb9801fe2,
0xd2810680,
0x9b007c40,
0x8b000020,
0xb9024c03,
0xd2803121,
0xb9401fe0,
0x94003a96,
0x2a0003e3,
0xb0000080,
0x91066001,
0xb9801fe2,
0xd2810680,
0x9b007c40,
0x8b000020,
0xb9025003,
0xd2803141,
0xb9401fe0,
0x94003a8b,
0x2a0003e3,
0xb0000080,
0x91066001,
0xb9801fe2,
0xd2810680,
0x9b007c40,
0x8b000020,
0xb9025403,
0xd2803161,
0xb9401fe0,
0x94003a80,
0x2a0003e3,
0xb0000080,
0x91066001,
0xb9801fe2,
0xd2810680,
0x9b007c40,
0x8b000020,
0xb9025803,
0xd2803181,
0xb9401fe0,
0x94003a75,
0x2a0003e3,
0xb0000080,
0x91066001,
0xb9801fe2,
0xd2810680,
0x9b007c40,
0x8b000020,
0xb9025c03,
0xd28031a1,
0xb9401fe0,
0x94003a6a,
0x2a0003e3,
0xb0000080,
0x91066001,
0xb9801fe2,
0xd2810680,
0x9b007c40,
0x8b000020,
0xb9026003,
0xd28031c1,
0xb9401fe0,
0x94003a5f,
0x2a0003e3,
0xb0000080,
0x91066001,
0xb9801fe2,
0xd2810680,
0x9b007c40,
0x8b000020,
0xb9026403,
0xd28031e1,
0xb9401fe0,
0x94003a54,
0x2a0003e3,
0xb0000080,
0x91066001,
0xb9801fe2,
0xd2810680,
0x9b007c40,
0x8b000020,
0xb9026803,
0xd2803201,
0xb9401fe0,
0x94003a49,
0x2a0003e3,
0xb0000080,
0x91066001,
0xb9801fe2,
0xd2810680,
0x9b007c40,
0x8b000020,
0xb9026c03,
0xd2803221,
0xb9401fe0,
0x94003a3e,
0x2a0003e3,
0xb0000080,
0x91066001,
0xb9801fe2,
0xd2810680,
0x9b007c40,
0x8b000020,
0xb9027003,
0xd2803241,
0xb9401fe0,
0x94003a33,
0x2a0003e3,
0xb0000080,
0x91066001,
0xb9801fe2,
0xd2810680,
0x9b007c40,
0x8b000020,
0xb9027403,
0xd2803261,
0xb9401fe0,
0x94003a28,
0x2a0003e3,
0xb0000080,
0x91066001,
0xb9801fe2,
0xd2810680,
0x9b007c40,
0x8b000020,
0xb9027803,
0xd2803281,
0xb9401fe0,
0x94003a1d,
0x2a0003e3,
0xb0000080,
0x91066001,
0xb9801fe2,
0xd2810680,
0x9b007c40,
0x8b000020,
0xb9027c03,
0xd28032a1,
0xb9401fe0,
0x94003a12,
0x2a0003e3,
0xb0000080,
0x91066001,
0xb9801fe2,
0xd2810680,
0x9b007c40,
0x8b000020,
0xb9028003,
0xd28032c1,
0xb9401fe0,
0x94003a07,
0x2a0003e3,
0xb0000080,
0x91066001,
0xb9801fe2,
0xd2810680,
0x9b007c40,
0x8b000020,
0xb9028403,
0xd28032e1,
0xb9401fe0,
0x940039fc,
0x2a0003e3,
0xb0000080,
0x91066001,
0xb9801fe2,
0xd2810680,
0x9b007c40,
0x8b000020,
0xb9028803,
0xd2803301,
0xb9401fe0,
0x940039f1,
0x2a0003e3,
0xb0000080,
0x91066001,
0xb9801fe2,
0xd2810680,
0x9b007c40,
0x8b000020,
0xb9028c03,
0xd2803321,
0xb9401fe0,
0x940039e6,
0x2a0003e3,
0xb0000080,
0x91066001,
0xb9801fe2,
0xd2810680,
0x9b007c40,
0x8b000020,
0xb9029003,
0xd2803341,
0xb9401fe0,
0x940039db,
0x2a0003e3,
0xb0000080,
0x91066001,
0xb9801fe2,
0xd2810680,
0x9b007c40,
0x8b000020,
0xb9029403,
0xd2803361,
0xb9401fe0,
0x940039d0,
0x2a0003e3,
0xb0000080,
0x91066001,
0xb9801fe2,
0xd2810680,
0x9b007c40,
0x8b000020,
0xb9029803,
0xd2803381,
0xb9401fe0,
0x940039c5,
0x2a0003e3,
0xb0000080,
0x91066001,
0xb9801fe2,
0xd2810680,
0x9b007c40,
0x8b000020,
0xb9029c03,
0xd28033a1,
0xb9401fe0,
0x940039ba,
0x2a0003e3,
0xb0000080,
0x91066001,
0xb9801fe2,
0xd2810680,
0x9b007c40,
0x8b000020,
0xb902a003,
0xd28033c1,
0xb9401fe0,
0x940039af,
0x2a0003e3,
0xb0000080,
0x91066001,
0xb9801fe2,
0xd2810680,
0x9b007c40,
0x8b000020,
0xb902a403,
0xd28033e1,
0xb9401fe0,
0x940039a4,
0x2a0003e3,
0xb0000080,
0x91066001,
0xb9801fe2,
0xd2810680,
0x9b007c40,
0x8b000020,
0xb902a803,
0xd2803401,
0xb9401fe0,
0x94003999,
0x2a0003e3,
0xb0000080,
0x91066001,
0xb9801fe2,
0xd2810680,
0x9b007c40,
0x8b000020,
0xb902ac03,
0xd2803421,
0xb9401fe0,
0x9400398e,
0x2a0003e3,
0xb0000080,
0x91066001,
0xb9801fe2,
0xd2810680,
0x9b007c40,
0x8b000020,
0xb902b003,
0xd2803441,
0xb9401fe0,
0x94003983,
0x2a0003e3,
0xb0000080,
0x91066001,
0xb9801fe2,
0xd2810680,
0x9b007c40,
0x8b000020,
0xb902b403,
0xd2803461,
0xb9401fe0,
0x94003978,
0x2a0003e3,
0xb0000080,
0x91066001,
0xb9801fe2,
0xd2810680,
0x9b007c40,
0x8b000020,
0xb902b803,
0xd2803481,
0xb9401fe0,
0x9400396d,
0x2a0003e3,
0xb0000080,
0x91066001,
0xb9801fe2,
0xd2810680,
0x9b007c40,
0x8b000020,
0xb902bc03,
0xd28034a1,
0xb9401fe0,
0x94003962,
0x2a0003e3,
0xb0000080,
0x91066001,
0xb9801fe2,
0xd2810680,
0x9b007c40,
0x8b000020,
0xb902c003,
0xd28034c1,
0xb9401fe0,
0x94003957,
0x2a0003e3,
0xb0000080,
0x91066001,
0xb9801fe2,
0xd2810680,
0x9b007c40,
0x8b000020,
0xb902c403,
0xd28034e1,
0xb9401fe0,
0x9400394c,
0x2a0003e3,
0x90000080,
0x91066001,
0xb9801fe2,
0xd2810680,
0x9b007c40,
0x8b000020,
0xb902c803,
0xd2803501,
0xb9401fe0,
0x94003941,
0x2a0003e3,
0x90000080,
0x91066001,
0xb9801fe2,
0xd2810680,
0x9b007c40,
0x8b000020,
0xb902cc03,
0xd2803521,
0xb9401fe0,
0x94003936,
0x2a0003e3,
0x90000080,
0x91066001,
0xb9801fe2,
0xd2810680,
0x9b007c40,
0x8b000020,
0xb902d003,
0xd2803541,
0xb9401fe0,
0x9400392b,
0x2a0003e3,
0x90000080,
0x91066001,
0xb9801fe2,
0xd2810680,
0x9b007c40,
0x8b000020,
0xb902d403,
0xd2803561,
0xb9401fe0,
0x94003920,
0x2a0003e3,
0x90000080,
0x91066001,
0xb9801fe2,
0xd2810680,
0x9b007c40,
0x8b000020,
0xb902d803,
0xd2803581,
0xb9401fe0,
0x94003915,
0x2a0003e3,
0x90000080,
0x91066001,
0xb9801fe2,
0xd2810680,
0x9b007c40,
0x8b000020,
0xb902dc03,
0xd28035a1,
0xb9401fe0,
0x9400390a,
0x2a0003e3,
0x90000080,
0x91066001,
0xb9801fe2,
0xd2810680,
0x9b007c40,
0x8b000020,
0xb902e003,
0xd28035c1,
0xb9401fe0,
0x940038ff,
0x2a0003e3,
0x90000080,
0x91066001,
0xb9801fe2,
0xd2810680,
0x9b007c40,
0x8b000020,
0xb902e403,
0xd28035e1,
0xb9401fe0,
0x940038f4,
0x2a0003e3,
0x90000080,
0x91066001,
0xb9801fe2,
0xd2810680,
0x9b007c40,
0x8b000020,
0xb902e803,
0xd2803601,
0xb9401fe0,
0x940038e9,
0x2a0003e3,
0x90000080,
0x91066001,
0xb9801fe2,
0xd2810680,
0x9b007c40,
0x8b000020,
0xb902ec03,
0xd2803621,
0xb9401fe0,
0x940038de,
0x2a0003e3,
0x90000080,
0x91066001,
0xb9801fe2,
0xd2810680,
0x9b007c40,
0x8b000020,
0xb902f003,
0xd2803641,
0xb9401fe0,
0x940038d3,
0x2a0003e3,
0x90000080,
0x91066001,
0xb9801fe2,
0xd2810680,
0x9b007c40,
0x8b000020,
0xb902f403,
0xd2803661,
0xb9401fe0,
0x940038c8,
0x2a0003e3,
0x90000080,
0x91066001,
0xb9801fe2,
0xd2810680,
0x9b007c40,
0x8b000020,
0xb902f803,
0xd2809401,
0xb9401fe0,
0x940038bd,
0x2a0003e3,
0x90000080,
0x91066001,
0xb9801fe2,
0xd2810680,
0x9b007c40,
0x8b000020,
0xb902fc03,
0xd2809421,
0xb9401fe0,
0x940038b2,
0x2a0003e3,
0x90000080,
0x91066001,
0xb9801fe2,
0xd2810680,
0x9b007c40,
0x8b000020,
0xb9030003,
0xd2809441,
0xb9401fe0,
0x940038a7,
0x2a0003e3,
0x90000080,
0x91066001,
0xb9801fe2,
0xd2810680,
0x9b007c40,
0x8b000020,
0xb9030403,
0xd2809461,
0xb9401fe0,
0x9400389c,
0x2a0003e3,
0x90000080,
0x91066001,
0xb9801fe2,
0xd2810680,
0x9b007c40,
0x8b000020,
0xb9030803,
0xd2809481,
0xb9401fe0,
0x94003891,
0x2a0003e3,
0x90000080,
0x91066001,
0xb9801fe2,
0xd2810680,
0x9b007c40,
0x8b000020,
0xb9030c03,
0xd28094a1,
0xb9401fe0,
0x94003886,
0x2a0003e3,
0x90000080,
0x91066001,
0xb9801fe2,
0xd2810680,
0x9b007c40,
0x8b000020,
0xb9031003,
0xd28094c1,
0xb9401fe0,
0x9400387b,
0x2a0003e3,
0x90000080,
0x91066001,
0xb9801fe2,
0xd2810680,
0x9b007c40,
0x8b000020,
0xb9031403,
0xd28094e1,
0xb9401fe0,
0x94003870,
0x2a0003e3,
0x90000080,
0x91066001,
0xb9801fe2,
0xd2810680,
0x9b007c40,
0x8b000020,
0xb9031803,
0xd2809501,
0xb9401fe0,
0x94003865,
0x2a0003e3,
0x90000080,
0x91066001,
0xb9801fe2,
0xd2810680,
0x9b007c40,
0x8b000020,
0xb9031c03,
0xd2809521,
0xb9401fe0,
0x9400385a,
0x2a0003e3,
0x90000080,
0x91066001,
0xb9801fe2,
0xd2810680,
0x9b007c40,
0x8b000020,
0xb9032003,
0xd2809541,
0xb9401fe0,
0x9400384f,
0x2a0003e3,
0x90000080,
0x91066001,
0xb9801fe2,
0xd2810680,
0x9b007c40,
0x8b000020,
0xb9032403,
0xd2809561,
0xb9401fe0,
0x94003844,
0x2a0003e3,
0x90000080,
0x91066001,
0xb9801fe2,
0xd2810680,
0x9b007c40,
0x8b000020,
0xb9032803,
0xd2809581,
0xb9401fe0,
0x94003839,
0x2a0003e3,
0x90000080,
0x91066001,
0xb9801fe2,
0xd2810680,
0x9b007c40,
0x8b000020,
0xb9032c03,
0xd28095a1,
0xb9401fe0,
0x9400382e,
0x2a0003e3,
0x90000080,
0x91066001,
0xb9801fe2,
0xd2810680,
0x9b007c40,
0x8b000020,
0xb9033003,
0xd28095c1,
0xb9401fe0,
0x94003823,
0x2a0003e3,
0x90000080,
0x91066001,
0xb9801fe2,
0xd2810680,
0x9b007c40,
0x8b000020,
0xb9033403,
0xd28095e1,
0xb9401fe0,
0x94003818,
0x2a0003e3,
0x90000080,
0x91066001,
0xb9801fe2,
0xd2810680,
0x9b007c40,
0x8b000020,
0xb9033803,
0xd2809601,
0xb9401fe0,
0x9400380d,
0x2a0003e3,
0x90000080,
0x91066001,
0xb9801fe2,
0xd2810680,
0x9b007c40,
0x8b000020,
0xb9033c03,
0xd2809621,
0xb9401fe0,
0x94003802,
0x2a0003e3,
0x90000080,
0x91066001,
0xb9801fe2,
0xd2810680,
0x9b007c40,
0x8b000020,
0xb9034003,
0xd2809641,
0xb9401fe0,
0x940037f7,
0x2a0003e3,
0x90000080,
0x91066001,
0xb9801fe2,
0xd2810680,
0x9b007c40,
0x8b000020,
0xb9034403,
0xd2809661,
0xb9401fe0,
0x940037ec,
0x2a0003e3,
0x90000080,
0x91066001,
0xb9801fe2,
0xd2810680,
0x9b007c40,
0x8b000020,
0xb9034803,
0xd2809681,
0xb9401fe0,
0x940037e1,
0x2a0003e3,
0x90000080,
0x91066001,
0xb9801fe2,
0xd2810680,
0x9b007c40,
0x8b000020,
0xb9034c03,
0xd28096a1,
0xb9401fe0,
0x940037d6,
0x2a0003e3,
0x90000080,
0x91066001,
0xb9801fe2,
0xd2810680,
0x9b007c40,
0x8b000020,
0xb9035003,
0xd28096c1,
0xb9401fe0,
0x940037cb,
0x2a0003e3,
0x90000080,
0x91066001,
0xb9801fe2,
0xd2810680,
0x9b007c40,
0x8b000020,
0xb9035403,
0xd28096e1,
0xb9401fe0,
0x940037c0,
0x2a0003e3,
0x90000080,
0x91066001,
0xb9801fe2,
0xd2810680,
0x9b007c40,
0x8b000020,
0xb9035803,
0xd2809701,
0xb9401fe0,
0x940037b5,
0x2a0003e3,
0x90000080,
0x91066001,
0xb9801fe2,
0xd2810680,
0x9b007c40,
0x8b000020,
0xb9035c03,
0xd2809721,
0xb9401fe0,
0x940037aa,
0x2a0003e3,
0x90000080,
0x91066001,
0xb9801fe2,
0xd2810680,
0x9b007c40,
0x8b000020,
0xb9036003,
0xd2809741,
0xb9401fe0,
0x9400379f,
0x2a0003e3,
0x90000080,
0x91066001,
0xb9801fe2,
0xd2810680,
0x9b007c40,
0x8b000020,
0xb9036403,
0xd2809761,
0xb9401fe0,
0x94003794,
0x2a0003e3,
0x90000080,
0x91066001,
0xb9801fe2,
0xd2810680,
0x9b007c40,
0x8b000020,
0xb9036803,
0xd2809781,
0xb9401fe0,
0x94003789,
0x2a0003e3,
0x90000080,
0x91066001,
0xb9801fe2,
0xd2810680,
0x9b007c40,
0x8b000020,
0xb9036c03,
0xd280a001,
0xb9401fe0,
0x9400377e,
0x2a0003e3,
0x90000080,
0x91066001,
0xb9801fe2,
0xd2810680,
0x9b007c40,
0x8b000020,
0xb9037003,
0xd280a021,
0xb9401fe0,
0x94003773,
0x2a0003e3,
0x90000080,
0x91066001,
0xb9801fe2,
0xd2810680,
0x9b007c40,
0x8b000020,
0xb9037403,
0xd280a121,
0xb9401fe0,
0x94003768,
0x2a0003e3,
0x90000080,
0x91066001,
0xb9801fe2,
0xd2810680,
0x9b007c40,
0x8b000020,
0xb9037803,
0xd280a141,
0xb9401fe0,
0x9400375d,
0x2a0003e3,
0x90000080,
0x91066001,
0xb9801fe2,
0xd2810680,
0x9b007c40,
0x8b000020,
0xb9037c03,
0xd280a161,
0xb9401fe0,
0x94003752,
0x2a0003e3,
0x90000080,
0x91066001,
0xb9801fe2,
0xd2810680,
0x9b007c40,
0x8b000020,
0xb9038003,
0xd280a181,
0xb9401fe0,
0x94003747,
0x2a0003e3,
0x90000080,
0x91066001,
0xb9801fe2,
0xd2810680,
0x9b007c40,
0x8b000020,
0xb9038403,
0xd280a1a1,
0xb9401fe0,
0x9400373c,
0x2a0003e3,
0x90000080,
0x91066001,
0xb9801fe2,
0xd2810680,
0x9b007c40,
0x8b000020,
0xb9038803,
0xd280a1c1,
0xb9401fe0,
0x94003731,
0x2a0003e3,
0x90000080,
0x91066001,
0xb9801fe2,
0xd2810680,
0x9b007c40,
0x8b000020,
0xb9038c03,
0xd280a221,
0xb9401fe0,
0x94003726,
0x2a0003e3,
0x90000080,
0x91066001,
0xb9801fe2,
0xd2810680,
0x9b007c40,
0x8b000020,
0xb9039003,
0xd280a241,
0xb9401fe0,
0x9400371b,
0x2a0003e3,
0x90000080,
0x91066001,
0xb9801fe2,
0xd2810680,
0x9b007c40,
0x8b000020,
0xb9039403,
0xd280a2a1,
0xb9401fe0,
0x94003710,
0x2a0003e3,
0x90000080,
0x91066001,
0xb9801fe2,
0xd2810680,
0x9b007c40,
0x8b000020,
0xb9039803,
0xd280a5c1,
0xb9401fe0,
0x94003705,
0x2a0003e3,
0x90000080,
0x91066001,
0xb9801fe2,
0xd2810680,
0x9b007c40,
0x8b000020,
0xb9039c03,
0xd280aac1,
0xb9401fe0,
0x940036fa,
0x2a0003e3,
0x90000080,
0x91066001,
0xb9801fe2,
0xd2810680,
0x9b007c40,
0x8b000020,
0xb903a003,
0xd280aae1,
0xb9401fe0,
0x940036ef,
0x2a0003e3,
0x90000080,
0x91066001,
0xb9801fe2,
0xd2810680,
0x9b007c40,
0x8b000020,
0xb903a403,
0xd280c061,
0xb9401fe0,
0x940036e4,
0x2a0003e3,
0x90000080,
0x91066001,
0xb9801fe2,
0xd2810680,
0x9b007c40,
0x8b000020,
0xb903a803,
0xd280c081,
0xb9401fe0,
0x940036d9,
0x2a0003e3,
0x90000080,
0x91066001,
0xb9801fe2,
0xd2810680,
0x9b007c40,
0x8b000020,
0xb903ac03,
0xd280c141,
0xb9401fe0,
0x940036ce,
0x2a0003e3,
0x90000080,
0x91066001,
0xb9801fe2,
0xd2810680,
0x9b007c40,
0x8b000020,
0xb903b003,
0xd280c161,
0xb9401fe0,
0x940036c3,
0x2a0003e3,
0x90000080,
0x91066001,
0xb9801fe2,
0xd2810680,
0x9b007c40,
0x8b000020,
0xb903b403,
0xd280c181,
0xb9401fe0,
0x940036b8,
0x2a0003e3,
0x90000080,
0x91066001,
0xb9801fe2,
0xd2810680,
0x9b007c40,
0x8b000020,
0xb903b803,
0xd280c221,
0xb9401fe0,
0x940036ad,
0x2a0003e3,
0x90000080,
0x91066001,
0xb9801fe2,
0xd2810680,
0x9b007c40,
0x8b000020,
0xb903bc03,
0xd280c241,
0xb9401fe0,
0x940036a2,
0x2a0003e3,
0x90000080,
0x91066001,
0xb9801fe2,
0xd2810680,
0x9b007c40,
0x8b000020,
0xb903c003,
0xd280c281,
0xb9401fe0,
0x94003697,
0x2a0003e3,
0x90000080,
0x91066001,
0xb9801fe2,
0xd2810680,
0x9b007c40,
0x8b000020,
0xb903c403,
0xd280c2a1,
0xb9401fe0,
0x9400368c,
0x2a0003e3,
0x90000080,
0x91066001,
0xb9801fe2,
0xd2810680,
0x9b007c40,
0x8b000020,
0xb903c803,
0xd280c2c1,
0xb9401fe0,
0x94003681,
0x2a0003e3,
0x90000080,
0x91066001,
0xb9801fe2,
0xd2810680,
0x9b007c40,
0x8b000020,
0xb903cc03,
0xd280c361,
0xb9401fe0,
0x94003676,
0x2a0003e3,
0x90000080,
0x91066001,
0xb9801fe2,
0xd2810680,
0x9b007c40,
0x8b000020,
0xb903d003,
0xd280c381,
0xb9401fe0,
0x9400366b,
0x2a0003e3,
0x90000080,
0x91066001,
0xb9801fe2,
0xd2810680,
0x9b007c40,
0x8b000020,
0xb903d403,
0xd280c3c1,
0xb9401fe0,
0x94003660,
0x2a0003e3,
0x90000080,
0x91066001,
0xb9801fe2,
0xd2810680,
0x9b007c40,
0x8b000020,
0xb903d803,
0xd280c3e1,
0xb9401fe0,
0x94003655,
0x2a0003e3,
0x90000080,
0x91066001,
0xb9801fe2,
0xd2810680,
0x9b007c40,
0x8b000020,
0xb903dc03,
0xd280c401,
0xb9401fe0,
0x9400364a,
0x2a0003e3,
0x90000080,
0x91066001,
0xb9801fe2,
0xd2810680,
0x9b007c40,
0x8b000020,
0xb903e003,
0xd280c4a1,
0xb9401fe0,
0x9400363f,
0x2a0003e3,
0x90000080,
0x91066001,
0xb9801fe2,
0xd2810680,
0x9b007c40,
0x8b000020,
0xb903e403,
0xd280c4c1,
0xb9401fe0,
0x94003634,
0x2a0003e3,
0x90000080,
0x91066001,
0xb9801fe2,
0xd2810680,
0x9b007c40,
0x8b000020,
0xb903e803,
0xd280c501,
0xb9401fe0,
0x94003629,
0x2a0003e3,
0x90000080,
0x91066001,
0xb9801fe2,
0xd2810680,
0x9b007c40,
0x8b000020,
0xb903ec03,
0xd280c521,
0xb9401fe0,
0x9400361e,
0x2a0003e3,
0x90000080,
0x91066001,
0xb9801fe2,
0xd2810680,
0x9b007c40,
0x8b000020,
0xb903f003,
0xd280c541,
0xb9401fe0,
0x94003613,
0x2a0003e3,
0x90000080,
0x91066001,
0xb9801fe2,
0xd2810680,
0x9b007c40,
0x8b000020,
0xb903f403,
0xd280c5e1,
0xb9401fe0,
0x94003608,
0x2a0003e3,
0x90000080,
0x91066001,
0xb9801fe2,
0xd2810680,
0x9b007c40,
0x8b000020,
0xb903f803,
0xd280c601,
0xb9401fe0,
0x940035fd,
0x2a0003e3,
0x90000080,
0x91066001,
0xb9801fe2,
0xd2810680,
0x9b007c40,
0x8b000020,
0xb903fc03,
0xd280c921,
0xb9401fe0,
0x940035f2,
0x2a0003e3,
0x90000080,
0x91066001,
0xb9801fe2,
0xd2810680,
0x9b007c40,
0x8b000020,
0xb9040003,
0xd280c941,
0xb9401fe0,
0x940035e7,
0x2a0003e3,
0x90000080,
0x91066001,
0xb9801fe2,
0xd2810680,
0x9b007c40,
0x8b000020,
0xb9040403,
0xd280c961,
0xb9401fe0,
0x940035dc,
0x2a0003e3,
0x90000080,
0x91066001,
0xb9801fe2,
0xd2810680,
0x9b007c40,
0x8b000020,
0xb9040803,
0xd280ca81,
0xb9401fe0,
0x940035d1,
0x2a0003e3,
0x90000080,
0x91066001,
0xb9801fe2,
0xd2810680,
0x9b007c40,
0x8b000020,
0xb9040c03,
0xd280caa1,
0xb9401fe0,
0x940035c6,
0x2a0003e3,
0x90000080,
0x91066001,
0xb9801fe2,
0xd2810680,
0x9b007c40,
0x8b000020,
0xb9041003,
0xd280cac1,
0xb9401fe0,
0x940035bb,
0x2a0003e3,
0x90000080,
0x91066001,
0xb9801fe2,
0xd2810680,
0x9b007c40,
0x8b000020,
0xb9041403,
0xd280cb61,
0xb9401fe0,
0x940035b0,
0x2a0003e3,
0x90000080,
0x91066001,
0xb9801fe2,
0xd2810680,
0x9b007c40,
0x8b000020,
0xb9041803,
0xd280cb81,
0xb9401fe0,
0x940035a5,
0x2a0003e3,
0x90000080,
0x91066001,
0xb9801fe2,
0xd2810680,
0x9b007c40,
0x8b000020,
0xb9041c03,
0xd280cbc1,
0xb9401fe0,
0x9400359a,
0x2a0003e3,
0x90000080,
0x91066001,
0xb9801fe2,
0xd2810680,
0x9b007c40,
0x8b000020,
0xb9042003,
0xd280cbe1,
0xb9401fe0,
0x9400358f,
0x2a0003e3,
0x90000080,
0x91066001,
0xb9801fe2,
0xd2810680,
0x9b007c40,
0x8b000020,
0xb9042403,
0xd280cc01,
0xb9401fe0,
0x94003584,
0x2a0003e3,
0x90000080,
0x91066001,
0xb9801fe2,
0xd2810680,
0x9b007c40,
0x8b000020,
0xb9042803,
0xd280cca1,
0xb9401fe0,
0x94003579,
0x2a0003e3,
0x90000080,
0x91066001,
0xb9801fe2,
0xd2810680,
0x9b007c40,
0x8b000020,
0xb9042c03,
0xd280ccc1,
0xb9401fe0,
0x9400356e,
0x2a0003e3,
0x90000080,
0x91066001,
0xb9801fe2,
0xd2810680,
0x9b007c40,
0x8b000020,
0xb9043003,
0xd280cd01,
0xb9401fe0,
0x94003563,
0x2a0003e3,
0x90000080,
0x91066001,
0xb9801fe2,
0xd2810680,
0x9b007c40,
0x8b000020,
0xb9043403,
0xd280cd21,
0xb9401fe0,
0x94003558,
0x2a0003e3,
0x90000080,
0x91066001,
0xb9801fe2,
0xd2810680,
0x9b007c40,
0x8b000020,
0xb9043803,
0xd280cd41,
0xb9401fe0,
0x9400354d,
0x2a0003e3,
0xf0000060,
0x91066001,
0xb9801fe2,
0xd2810680,
0x9b007c40,
0x8b000020,
0xb9043c03,
0xd280cde1,
0xb9401fe0,
0x94003542,
0x2a0003e3,
0xf0000060,
0x91066001,
0xb9801fe2,
0xd2810680,
0x9b007c40,
0x8b000020,
0xb9044003,
0xd280ce01,
0xb9401fe0,
0x94003537,
0x2a0003e3,
0xf0000060,
0x91066001,
0xb9801fe2,
0xd2810680,
0x9b007c40,
0x8b000020,
0xb9044403,
0xd280ce41,
0xb9401fe0,
0x9400352c,
0x2a0003e3,
0xf0000060,
0x91066001,
0xb9801fe2,
0xd2810680,
0x9b007c40,
0x8b000020,
0xb9044803,
0xd280ce61,
0xb9401fe0,
0x94003521,
0x2a0003e3,
0xf0000060,
0x91066001,
0xb9801fe2,
0xd2810680,
0x9b007c40,
0x8b000020,
0xb9044c03,
0xd280ce81,
0xb9401fe0,
0x94003516,
0x2a0003e3,
0xf0000060,
0x91066001,
0xb9801fe2,
0xd2810680,
0x9b007c40,
0x8b000020,
0xb9045003,
0xd280cf21,
0xb9401fe0,
0x9400350b,
0x2a0003e3,
0xf0000060,
0x91066001,
0xb9801fe2,
0xd2810680,
0x9b007c40,
0x8b000020,
0xb9045403,
0xd280cf41,
0xb9401fe0,
0x94003500,
0x2a0003e3,
0xf0000060,
0x91066001,
0xb9801fe2,
0xd2810680,
0x9b007c40,
0x8b000020,
0xb9045803,
0xd280d261,
0xb9401fe0,
0x940034f5,
0x2a0003e3,
0xf0000060,
0x91066001,
0xb9801fe2,
0xd2810680,
0x9b007c40,
0x8b000020,
0xb9045c03,
0xd280d281,
0xb9401fe0,
0x940034ea,
0x2a0003e3,
0xf0000060,
0x91066001,
0xb9801fe2,
0xd2810680,
0x9b007c40,
0x8b000020,
0xb9046003,
0xd280d2a1,
0xb9401fe0,
0x940034df,
0x2a0003e3,
0xf0000060,
0x91066001,
0xb9801fe2,
0xd2810680,
0x9b007c40,
0x8b000020,
0xb9046403,
0xd280d421,
0xb9401fe0,
0x940034d4,
0x2a0003e3,
0xf0000060,
0x91066001,
0xb9801fe2,
0xd2810680,
0x9b007c40,
0x8b000020,
0xb9046803,
0xd280d441,
0xb9401fe0,
0x940034c9,
0x2a0003e3,
0xf0000060,
0x91066001,
0xb9801fe2,
0xd2810680,
0x9b007c40,
0x8b000020,
0xb9046c03,
0xd280d461,
0xb9401fe0,
0x940034be,
0x2a0003e3,
0xf0000060,
0x91066001,
0xb9801fe2,
0xd2810680,
0x9b007c40,
0x8b000020,
0xb9047003,
0xd280d481,
0xb9401fe0,
0x940034b3,
0x2a0003e3,
0xf0000060,
0x91066001,
0xb9801fe2,
0xd2810680,
0x9b007c40,
0x8b000020,
0xb9047403,
0xd280d4a1,
0xb9401fe0,
0x940034a8,
0x2a0003e3,
0xf0000060,
0x91066001,
0xb9801fe2,
0xd2810680,
0x9b007c40,
0x8b000020,
0xb9047803,
0xd280d4c1,
0xb9401fe0,
0x9400349d,
0x2a0003e3,
0xf0000060,
0x91066001,
0xb9801fe2,
0xd2810680,
0x9b007c40,
0x8b000020,
0xb9047c03,
0xd280d4e1,
0xb9401fe0,
0x94003492,
0x2a0003e3,
0xf0000060,
0x91066001,
0xb9801fe2,
0xd2810680,
0x9b007c40,
0x8b000020,
0xb9048003,
0xd280d501,
0xb9401fe0,
0x94003487,
0x2a0003e3,
0xf0000060,
0x91066001,
0xb9801fe2,
0xd2810680,
0x9b007c40,
0x8b000020,
0xb9048403,
0xd280d521,
0xb9401fe0,
0x9400347c,
0x2a0003e3,
0xf0000060,
0x91066001,
0xb9801fe2,
0xd2810680,
0x9b007c40,
0x8b000020,
0xb9048803,
0xd280d5e1,
0xb9401fe0,
0x94003471,
0x2a0003e3,
0xf0000060,
0x91066001,
0xb9801fe2,
0xd2810680,
0x9b007c40,
0x8b000020,
0xb9048c03,
0xd280d601,
0xb9401fe0,
0x94003466,
0x2a0003e3,
0xf0000060,
0x91066001,
0xb9801fe2,
0xd2810680,
0x9b007c40,
0x8b000020,
0xb9049003,
0xd280d621,
0xb9401fe0,
0x9400345b,
0x2a0003e3,
0xf0000060,
0x91066001,
0xb9801fe2,
0xd2810680,
0x9b007c40,
0x8b000020,
0xb9049403,
0xd280d6e1,
0xb9401fe0,
0x94003450,
0x2a0003e3,
0xf0000060,
0x91066001,
0xb9801fe2,
0xd2810680,
0x9b007c40,
0x8b000020,
0xb9049803,
0xd280e141,
0xb9401fe0,
0x94003445,
0x2a0003e3,
0xf0000060,
0x91066001,
0xb9801fe2,
0xd2810680,
0x9b007c40,
0x8b000020,
0xb9049c03,
0xd280e161,
0xb9401fe0,
0x9400343a,
0x2a0003e3,
0xf0000060,
0x91066001,
0xb9801fe2,
0xd2810680,
0x9b007c40,
0x8b000020,
0xb904a003,
0xd280e181,
0xb9401fe0,
0x9400342f,
0x2a0003e3,
0xf0000060,
0x91066001,
0xb9801fe2,
0xd2810680,
0x9b007c40,
0x8b000020,
0xb904a403,
0xd280e1c1,
0xb9401fe0,
0x94003424,
0x2a0003e3,
0xf0000060,
0x91066001,
0xb9801fe2,
0xd2810680,
0x9b007c40,
0x8b000020,
0xb904a803,
0xd280e1e1,
0xb9401fe0,
0x94003419,
0x2a0003e3,
0xf0000060,
0x91066001,
0xb9801fe2,
0xd2810680,
0x9b007c40,
0x8b000020,
0xb904ac03,
0xd280e221,
0xb9401fe0,
0x9400340e,
0x2a0003e3,
0xf0000060,
0x91066001,
0xb9801fe2,
0xd2810680,
0x9b007c40,
0x8b000020,
0xb904b003,
0xd280e241,
0xb9401fe0,
0x94003403,
0x2a0003e3,
0xf0000060,
0x91066001,
0xb9801fe2,
0xd2810680,
0x9b007c40,
0x8b000020,
0xb904b403,
0xd280e261,
0xb9401fe0,
0x940033f8,
0x2a0003e3,
0xf0000060,
0x91066001,
0xb9801fe2,
0xd2810680,
0x9b007c40,
0x8b000020,
0xb904b803,
0xd280e281,
0xb9401fe0,
0x940033ed,
0x2a0003e3,
0xf0000060,
0x91066001,
0xb9801fe2,
0xd2810680,
0x9b007c40,
0x8b000020,
0xb904bc03,
0xd280e2a1,
0xb9401fe0,
0x940033e2,
0x2a0003e3,
0xf0000060,
0x91066001,
0xb9801fe2,
0xd2810680,
0x9b007c40,
0x8b000020,
0xb904c003,
0xd280e2c1,
0xb9401fe0,
0x940033d7,
0x2a0003e3,
0xf0000060,
0x91066001,
0xb9801fe2,
0xd2810680,
0x9b007c40,
0x8b000020,
0xb904c403,
0xd280e301,
0xb9401fe0,
0x940033cc,
0x2a0003e3,
0xf0000060,
0x91066001,
0xb9801fe2,
0xd2810680,
0x9b007c40,
0x8b000020,
0xb904c803,
0xd280e321,
0xb9401fe0,
0x940033c1,
0x2a0003e3,
0xf0000060,
0x91066001,
0xb9801fe2,
0xd2810680,
0x9b007c40,
0x8b000020,
0xb904cc03,
0xd280e361,
0xb9401fe0,
0x940033b6,
0x2a0003e3,
0xf0000060,
0x91066001,
0xb9801fe2,
0xd2810680,
0x9b007c40,
0x8b000020,
0xb904d003,
0xd280e381,
0xb9401fe0,
0x940033ab,
0x2a0003e3,
0xf0000060,
0x91066001,
0xb9801fe2,
0xd2810680,
0x9b007c40,
0x8b000020,
0xb904d403,
0xd280e3a1,
0xb9401fe0,
0x940033a0,
0x2a0003e3,
0xf0000060,
0x91066001,
0xb9801fe2,
0xd2810680,
0x9b007c40,
0x8b000020,
0xb904d803,
0xd280e401,
0xb9401fe0,
0x94003395,
0x2a0003e3,
0xf0000060,
0x91066001,
0xb9801fe2,
0xd2810680,
0x9b007c40,
0x8b000020,
0xb904dc03,
0xd280e421,
0xb9401fe0,
0x9400338a,
0x2a0003e3,
0xf0000060,
0x91066001,
0xb9801fe2,
0xd2810680,
0x9b007c40,
0x8b000020,
0xb904e003,
0xd280e441,
0xb9401fe0,
0x9400337f,
0x2a0003e3,
0xf0000060,
0x91066001,
0xb9801fe2,
0xd2810680,
0x9b007c40,
0x8b000020,
0xb904e403,
0xd280e481,
0xb9401fe0,
0x94003374,
0x2a0003e3,
0xf0000060,
0x91066001,
0xb9801fe2,
0xd2810680,
0x9b007c40,
0x8b000020,
0xb904e803,
0xd280e4a1,
0xb9401fe0,
0x94003369,
0x2a0003e3,
0xf0000060,
0x91066001,
0xb9801fe2,
0xd2810680,
0x9b007c40,
0x8b000020,
0xb904ec03,
0xd280e521,
0xb9401fe0,
0x9400335e,
0x2a0003e3,
0xf0000060,
0x91066001,
0xb9801fe2,
0xd2810680,
0x9b007c40,
0x8b000020,
0xb904f003,
0xd280e541,
0xb9401fe0,
0x94003353,
0x2a0003e3,
0xf0000060,
0x91066001,
0xb9801fe2,
0xd2810680,
0x9b007c40,
0x8b000020,
0xb904f403,
0xd280e561,
0xb9401fe0,
0x94003348,
0x2a0003e3,
0xf0000060,
0x91066001,
0xb9801fe2,
0xd2810680,
0x9b007c40,
0x8b000020,
0xb904f803,
0xd280e581,
0xb9401fe0,
0x9400333d,
0x2a0003e3,
0xf0000060,
0x91066001,
0xb9801fe2,
0xd2810680,
0x9b007c40,
0x8b000020,
0xb904fc03,
0xd280e5c1,
0xb9401fe0,
0x94003332,
0x2a0003e3,
0xf0000060,
0x91066001,
0xb9801fe2,
0xd2810680,
0x9b007c40,
0x8b000020,
0xb9050003,
0xd280e5e1,
0xb9401fe0,
0x94003327,
0x2a0003e3,
0xf0000060,
0x91066001,
0xb9801fe2,
0xd2810680,
0x9b007c40,
0x8b000020,
0xb9050403,
0xd280e661,
0xb9401fe0,
0x9400331c,
0x2a0003e3,
0xf0000060,
0x91066001,
0xb9801fe2,
0xd2810680,
0x9b007c40,
0x8b000020,
0xb9050803,
0xd280e6c1,
0xb9401fe0,
0x94003311,
0x2a0003e3,
0xf0000060,
0x91066001,
0xb9801fe2,
0xd2810680,
0x9b007c40,
0x8b000020,
0xb9050c03,
0xd280e6e1,
0xb9401fe0,
0x94003306,
0x2a0003e3,
0xf0000060,
0x91066001,
0xb9801fe2,
0xd2810680,
0x9b007c40,
0x8b000020,
0xb9051003,
0xd280e701,
0xb9401fe0,
0x940032fb,
0x2a0003e3,
0xf0000060,
0x91066001,
0xb9801fe2,
0xd2810680,
0x9b007c40,
0x8b000020,
0xb9051403,
0xd280e741,
0xb9401fe0,
0x940032f0,
0x2a0003e3,
0xf0000060,
0x91066001,
0xb9801fe2,
0xd2810680,
0x9b007c40,
0x8b000020,
0xb9051803,
0xd280e761,
0xb9401fe0,
0x940032e5,
0x2a0003e3,
0xf0000060,
0x91066001,
0xb9801fe2,
0xd2810680,
0x9b007c40,
0x8b000020,
0xb9051c03,
0xd280e7a1,
0xb9401fe0,
0x940032da,
0x2a0003e3,
0xf0000060,
0x91066001,
0xb9801fe2,
0xd2810680,
0x9b007c40,
0x8b000020,
0xb9052003,
0xd280e7c1,
0xb9401fe0,
0x940032cf,
0x2a0003e3,
0xf0000060,
0x91066001,
0xb9801fe2,
0xd2810680,
0x9b007c40,
0x8b000020,
0xb9052403,
0xd280e7e1,
0xb9401fe0,
0x940032c4,
0x2a0003e3,
0xf0000060,
0x91066001,
0xb9801fe2,
0xd2810680,
0x9b007c40,
0x8b000020,
0xb9052803,
0xd280e801,
0xb9401fe0,
0x940032b9,
0x2a0003e3,
0xf0000060,
0x91066001,
0xb9801fe2,
0xd2810680,
0x9b007c40,
0x8b000020,
0xb9052c03,
0xd280e821,
0xb9401fe0,
0x940032ae,
0x2a0003e3,
0xf0000060,
0x91066001,
0xb9801fe2,
0xd2810680,
0x9b007c40,
0x8b000020,
0xb9053003,
0xd280e841,
0xb9401fe0,
0x940032a3,
0x2a0003e3,
0xf0000060,
0x91066001,
0xb9801fe2,
0xd2810680,
0x9b007c40,
0x8b000020,
0xb9053403,
0xd280e881,
0xb9401fe0,
0x94003298,
0x2a0003e3,
0xf0000060,
0x91066001,
0xb9801fe2,
0xd2810680,
0x9b007c40,
0x8b000020,
0xb9053803,
0xd280e8a1,
0xb9401fe0,
0x9400328d,
0x2a0003e3,
0xf0000060,
0x91066001,
0xb9801fe2,
0xd2810680,
0x9b007c40,
0x8b000020,
0xb9053c03,
0xd280e8e1,
0xb9401fe0,
0x94003282,
0x2a0003e3,
0xf0000060,
0x91066001,
0xb9801fe2,
0xd2810680,
0x9b007c40,
0x8b000020,
0xb9054003,
0xd280e901,
0xb9401fe0,
0x94003277,
0x2a0003e3,
0xf0000060,
0x91066001,
0xb9801fe2,
0xd2810680,
0x9b007c40,
0x8b000020,
0xb9054403,
0xd280e921,
0xb9401fe0,
0x9400326c,
0x2a0003e3,
0xf0000060,
0x91066001,
0xb9801fe2,
0xd2810680,
0x9b007c40,
0x8b000020,
0xb9054803,
0xd280e981,
0xb9401fe0,
0x94003261,
0x2a0003e3,
0xf0000060,
0x91066001,
0xb9801fe2,
0xd2810680,
0x9b007c40,
0x8b000020,
0xb9054c03,
0xd280e9a1,
0xb9401fe0,
0x94003256,
0x2a0003e3,
0xf0000060,
0x91066001,
0xb9801fe2,
0xd2810680,
0x9b007c40,
0x8b000020,
0xb9055003,
0xd280e9c1,
0xb9401fe0,
0x9400324b,
0x2a0003e3,
0xf0000060,
0x91066001,
0xb9801fe2,
0xd2810680,
0x9b007c40,
0x8b000020,
0xb9055403,
0xd280ea01,
0xb9401fe0,
0x94003240,
0x2a0003e3,
0xf0000060,
0x91066001,
0xb9801fe2,
0xd2810680,
0x9b007c40,
0x8b000020,
0xb9055803,
0xd280ea21,
0xb9401fe0,
0x94003235,
0x2a0003e3,
0xf0000060,
0x91066001,
0xb9801fe2,
0xd2810680,
0x9b007c40,
0x8b000020,
0xb9055c03,
0xd280eaa1,
0xb9401fe0,
0x9400322a,
0x2a0003e3,
0xf0000060,
0x91066001,
0xb9801fe2,
0xd2810680,
0x9b007c40,
0x8b000020,
0xb9056003,
0xd280eac1,
0xb9401fe0,
0x9400321f,
0x2a0003e3,
0xf0000060,
0x91066001,
0xb9801fe2,
0xd2810680,
0x9b007c40,
0x8b000020,
0xb9056403,
0xd280eae1,
0xb9401fe0,
0x94003214,
0x2a0003e3,
0xf0000060,
0x91066001,
0xb9801fe2,
0xd2810680,
0x9b007c40,
0x8b000020,
0xb9056803,
0xd280eb01,
0xb9401fe0,
0x94003209,
0x2a0003e3,
0xf0000060,
0x91066001,
0xb9801fe2,
0xd2810680,
0x9b007c40,
0x8b000020,
0xb9056c03,
0xd280eb41,
0xb9401fe0,
0x940031fe,
0x2a0003e3,
0xf0000060,
0x91066001,
0xb9801fe2,
0xd2810680,
0x9b007c40,
0x8b000020,
0xb9057003,
0xd280eb61,
0xb9401fe0,
0x940031f3,
0x2a0003e3,
0xf0000060,
0x91066001,
0xb9801fe2,
0xd2810680,
0x9b007c40,
0x8b000020,
0xb9057403,
0xd280ebe1,
0xb9401fe0,
0x940031e8,
0x2a0003e3,
0xf0000060,
0x91066001,
0xb9801fe2,
0xd2810680,
0x9b007c40,
0x8b000020,
0xb9057803,
0xd280ed81,
0xb9401fe0,
0x940031dd,
0x2a0003e3,
0xf0000060,
0x91066001,
0xb9801fe2,
0xd2810680,
0x9b007c40,
0x8b000020,
0xb9057c03,
0xd280eda1,
0xb9401fe0,
0x940031d2,
0x2a0003e3,
0xf0000060,
0x91066001,
0xb9801fe2,
0xd2810680,
0x9b007c40,
0x8b000020,
0xb9058003,
0xd280edc1,
0xb9401fe0,
0x940031c7,
0x2a0003e3,
0xf0000060,
0x91066001,
0xb9801fe2,
0xd2810680,
0x9b007c40,
0x8b000020,
0xb9058403,
0xd280ede1,
0xb9401fe0,
0x940031bc,
0x2a0003e3,
0xf0000060,
0x91066001,
0xb9801fe2,
0xd2810680,
0x9b007c40,
0x8b000020,
0xb9058803,
0xd280ee01,
0xb9401fe0,
0x940031b1,
0x2a0003e3,
0xf0000060,
0x91066001,
0xb9801fe2,
0xd2810680,
0x9b007c40,
0x8b000020,
0xb9058c03,
0xd280ee21,
0xb9401fe0,
0x940031a6,
0x2a0003e3,
0xf0000060,
0x91066001,
0xb9801fe2,
0xd2810680,
0x9b007c40,
0x8b000020,
0xb9059003,
0xd280ee41,
0xb9401fe0,
0x9400319b,
0x2a0003e3,
0xf0000060,
0x91066001,
0xb9801fe2,
0xd2810680,
0x9b007c40,
0x8b000020,
0xb9059403,
0xd280ee61,
0xb9401fe0,
0x94003190,
0x2a0003e3,
0xf0000060,
0x91066001,
0xb9801fe2,
0xd2810680,
0x9b007c40,
0x8b000020,
0xb9059803,
0xd280ee81,
0xb9401fe0,
0x94003185,
0x2a0003e3,
0xf0000060,
0x91066001,
0xb9801fe2,
0xd2810680,
0x9b007c40,
0x8b000020,
0xb9059c03,
0xd280eea1,
0xb9401fe0,
0x9400317a,
0x2a0003e3,
0xf0000060,
0x91066001,
0xb9801fe2,
0xd2810680,
0x9b007c40,
0x8b000020,
0xb905a003,
0xd280eec1,
0xb9401fe0,
0x9400316f,
0x2a0003e3,
0xf0000060,
0x91066001,
0xb9801fe2,
0xd2810680,
0x9b007c40,
0x8b000020,
0xb905a403,
0xd280eee1,
0xb9401fe0,
0x94003164,
0x2a0003e3,
0xf0000060,
0x91066001,
0xb9801fe2,
0xd2810680,
0x9b007c40,
0x8b000020,
0xb905a803,
0xd280ef01,
0xb9401fe0,
0x94003159,
0x2a0003e3,
0xf0000060,
0x91066001,
0xb9801fe2,
0xd2810680,
0x9b007c40,
0x8b000020,
0xb905ac03,
0xd280ef21,
0xb9401fe0,
0x9400314e,
0x2a0003e3,
0xd0000060,
0x91066001,
0xb9801fe2,
0xd2810680,
0x9b007c40,
0x8b000020,
0xb905b003,
0xd280ef41,
0xb9401fe0,
0x94003143,
0x2a0003e3,
0xd0000060,
0x91066001,
0xb9801fe2,
0xd2810680,
0x9b007c40,
0x8b000020,
0xb905b403,
0xd280ef61,
0xb9401fe0,
0x94003138,
0x2a0003e3,
0xd0000060,
0x91066001,
0xb9801fe2,
0xd2810680,
0x9b007c40,
0x8b000020,
0xb905b803,
0xd280f001,
0xb9401fe0,
0x9400312d,
0x2a0003e3,
0xd0000060,
0x91066001,
0xb9801fe2,
0xd2810680,
0x9b007c40,
0x8b000020,
0xb905bc03,
0xd280f021,
0xb9401fe0,
0x94003122,
0x2a0003e3,
0xd0000060,
0x91066001,
0xb9801fe2,
0xd2810680,
0x9b007c40,
0x8b000020,
0xb905c003,
0xd280f041,
0xb9401fe0,
0x94003117,
0x2a0003e3,
0xd0000060,
0x91066001,
0xb9801fe2,
0xd2810680,
0x9b007c40,
0x8b000020,
0xb905c403,
0xd280f061,
0xb9401fe0,
0x9400310c,
0x2a0003e3,
0xd0000060,
0x91066001,
0xb9801fe2,
0xd2810680,
0x9b007c40,
0x8b000020,
0xb905c803,
0xd280f081,
0xb9401fe0,
0x94003101,
0x2a0003e3,
0xd0000060,
0x91066001,
0xb9801fe2,
0xd2810680,
0x9b007c40,
0x8b000020,
0xb905cc03,
0xd280f0a1,
0xb9401fe0,
0x940030f6,
0x2a0003e3,
0xd0000060,
0x91066001,
0xb9801fe2,
0xd2810680,
0x9b007c40,
0x8b000020,
0xb905d003,
0xd280f0c1,
0xb9401fe0,
0x940030eb,
0x2a0003e3,
0xd0000060,
0x91066001,
0xb9801fe2,
0xd2810680,
0x9b007c40,
0x8b000020,
0xb905d403,
0xd280f0e1,
0xb9401fe0,
0x940030e0,
0x2a0003e3,
0xd0000060,
0x91066001,
0xb9801fe2,
0xd2810680,
0x9b007c40,
0x8b000020,
0xb905d803,
0xd280f101,
0xb9401fe0,
0x940030d5,
0x2a0003e3,
0xd0000060,
0x91066001,
0xb9801fe2,
0xd2810680,
0x9b007c40,
0x8b000020,
0xb905dc03,
0xd280f121,
0xb9401fe0,
0x940030ca,
0x2a0003e3,
0xd0000060,
0x91066001,
0xb9801fe2,
0xd2810680,
0x9b007c40,
0x8b000020,
0xb905e003,
0xd280f141,
0xb9401fe0,
0x940030bf,
0x2a0003e3,
0xd0000060,
0x91066001,
0xb9801fe2,
0xd2810680,
0x9b007c40,
0x8b000020,
0xb905e403,
0xd280f161,
0xb9401fe0,
0x940030b4,
0x2a0003e3,
0xd0000060,
0x91066001,
0xb9801fe2,
0xd2810680,
0x9b007c40,
0x8b000020,
0xb905e803,
0xd280f181,
0xb9401fe0,
0x940030a9,
0x2a0003e3,
0xd0000060,
0x91066001,
0xb9801fe2,
0xd2810680,
0x9b007c40,
0x8b000020,
0xb905ec03,
0xd280f1a1,
0xb9401fe0,
0x9400309e,
0x2a0003e3,
0xd0000060,
0x91066001,
0xb9801fe2,
0xd2810680,
0x9b007c40,
0x8b000020,
0xb905f003,
0xd280f1c1,
0xb9401fe0,
0x94003093,
0x2a0003e3,
0xd0000060,
0x91066001,
0xb9801fe2,
0xd2810680,
0x9b007c40,
0x8b000020,
0xb905f403,
0xd280f1e1,
0xb9401fe0,
0x94003088,
0x2a0003e3,
0xd0000060,
0x91066001,
0xb9801fe2,
0xd2810680,
0x9b007c40,
0x8b000020,
0xb905f803,
0xd280f201,
0xb9401fe0,
0x9400307d,
0x2a0003e3,
0xd0000060,
0x91066001,
0xb9801fe2,
0xd2810680,
0x9b007c40,
0x8b000020,
0xb905fc03,
0xd280f221,
0xb9401fe0,
0x94003072,
0x2a0003e3,
0xd0000060,
0x91066001,
0xb9801fe2,
0xd2810680,
0x9b007c40,
0x8b000020,
0xb9060003,
0xd280f241,
0xb9401fe0,
0x94003067,
0x2a0003e3,
0xd0000060,
0x91066001,
0xb9801fe2,
0xd2810680,
0x9b007c40,
0x8b000020,
0xb9060403,
0xd280f261,
0xb9401fe0,
0x9400305c,
0x2a0003e3,
0xd0000060,
0x91066001,
0xb9801fe2,
0xd2810680,
0x9b007c40,
0x8b000020,
0xb9060803,
0xd280f281,
0xb9401fe0,
0x94003051,
0x2a0003e3,
0xd0000060,
0x91066001,
0xb9801fe2,
0xd2810680,
0x9b007c40,
0x8b000020,
0xb9060c03,
0xd280f2a1,
0xb9401fe0,
0x94003046,
0x2a0003e3,
0xd0000060,
0x91066001,
0xb9801fe2,
0xd2810680,
0x9b007c40,
0x8b000020,
0xb9061003,
0xd280f2c1,
0xb9401fe0,
0x9400303b,
0x2a0003e3,
0xd0000060,
0x91066001,
0xb9801fe2,
0xd2810680,
0x9b007c40,
0x8b000020,
0xb9061403,
0xd280f2e1,
0xb9401fe0,
0x94003030,
0x2a0003e3,
0xd0000060,
0x91066001,
0xb9801fe2,
0xd2810680,
0x9b007c40,
0x8b000020,
0xb9061803,
0xd280f301,
0xb9401fe0,
0x94003025,
0x2a0003e3,
0xd0000060,
0x91066001,
0xb9801fe2,
0xd2810680,
0x9b007c40,
0x8b000020,
0xb9061c03,
0xd280f321,
0xb9401fe0,
0x9400301a,
0x2a0003e3,
0xd0000060,
0x91066001,
0xb9801fe2,
0xd2810680,
0x9b007c40,
0x8b000020,
0xb9062003,
0xd280f341,
0xb9401fe0,
0x9400300f,
0x2a0003e3,
0xd0000060,
0x91066001,
0xb9801fe2,
0xd2810680,
0x9b007c40,
0x8b000020,
0xb9062403,
0xd280f361,
0xb9401fe0,
0x94003004,
0x2a0003e3,
0xd0000060,
0x91066001,
0xb9801fe2,
0xd2810680,
0x9b007c40,
0x8b000020,
0xb9062803,
0xd280f381,
0xb9401fe0,
0x94002ff9,
0x2a0003e3,
0xd0000060,
0x91066001,
0xb9801fe2,
0xd2810680,
0x9b007c40,
0x8b000020,
0xb9062c03,
0xd280f3a1,
0xb9401fe0,
0x94002fee,
0x2a0003e3,
0xd0000060,
0x91066001,
0xb9801fe2,
0xd2810680,
0x9b007c40,
0x8b000020,
0xb9063003,
0xd280f3c1,
0xb9401fe0,
0x94002fe3,
0x2a0003e3,
0xd0000060,
0x91066001,
0xb9801fe2,
0xd2810680,
0x9b007c40,
0x8b000020,
0xb9063403,
0xd280f3e1,
0xb9401fe0,
0x94002fd8,
0x2a0003e3,
0xd0000060,
0x91066001,
0xb9801fe2,
0xd2810680,
0x9b007c40,
0x8b000020,
0xb9063803,
0xd280f401,
0xb9401fe0,
0x94002fcd,
0x2a0003e3,
0xd0000060,
0x91066001,
0xb9801fe2,
0xd2810680,
0x9b007c40,
0x8b000020,
0xb9063c03,
0xd280f421,
0xb9401fe0,
0x94002fc2,
0x2a0003e3,
0xd0000060,
0x91066001,
0xb9801fe2,
0xd2810680,
0x9b007c40,
0x8b000020,
0xb9064003,
0xd280f441,
0xb9401fe0,
0x94002fb7,
0x2a0003e3,
0xd0000060,
0x91066001,
0xb9801fe2,
0xd2810680,
0x9b007c40,
0x8b000020,
0xb9064403,
0xd280f461,
0xb9401fe0,
0x94002fac,
0x2a0003e3,
0xd0000060,
0x91066001,
0xb9801fe2,
0xd2810680,
0x9b007c40,
0x8b000020,
0xb9064803,
0xd280f481,
0xb9401fe0,
0x94002fa1,
0x2a0003e3,
0xd0000060,
0x91066001,
0xb9801fe2,
0xd2810680,
0x9b007c40,
0x8b000020,
0xb9064c03,
0xd280f601,
0xb9401fe0,
0x94002f96,
0x2a0003e3,
0xd0000060,
0x91066001,
0xb9801fe2,
0xd2810680,
0x9b007c40,
0x8b000020,
0xb9065003,
0xd280f621,
0xb9401fe0,
0x94002f8b,
0x2a0003e3,
0xd0000060,
0x91066001,
0xb9801fe2,
0xd2810680,
0x9b007c40,
0x8b000020,
0xb9065403,
0xd280f641,
0xb9401fe0,
0x94002f80,
0x2a0003e3,
0xd0000060,
0x91066001,
0xb9801fe2,
0xd2810680,
0x9b007c40,
0x8b000020,
0xb9065803,
0xd280f661,
0xb9401fe0,
0x94002f75,
0x2a0003e3,
0xd0000060,
0x91066001,
0xb9801fe2,
0xd2810680,
0x9b007c40,
0x8b000020,
0xb9065c03,
0xd280f681,
0xb9401fe0,
0x94002f6a,
0x2a0003e3,
0xd0000060,
0x91066001,
0xb9801fe2,
0xd2810680,
0x9b007c40,
0x8b000020,
0xb9066003,
0xd280f6a1,
0xb9401fe0,
0x94002f5f,
0x2a0003e3,
0xd0000060,
0x91066001,
0xb9801fe2,
0xd2810680,
0x9b007c40,
0x8b000020,
0xb9066403,
0xd280f6c1,
0xb9401fe0,
0x94002f54,
0x2a0003e3,
0xd0000060,
0x91066001,
0xb9801fe2,
0xd2810680,
0x9b007c40,
0x8b000020,
0xb9066803,
0xd280f6e1,
0xb9401fe0,
0x94002f49,
0x2a0003e3,
0xd0000060,
0x91066001,
0xb9801fe2,
0xd2810680,
0x9b007c40,
0x8b000020,
0xb9066c03,
0xd280f701,
0xb9401fe0,
0x94002f3e,
0x2a0003e3,
0xd0000060,
0x91066001,
0xb9801fe2,
0xd2810680,
0x9b007c40,
0x8b000020,
0xb9067003,
0xd280f721,
0xb9401fe0,
0x94002f33,
0x2a0003e3,
0xd0000060,
0x91066001,
0xb9801fe2,
0xd2810680,
0x9b007c40,
0x8b000020,
0xb9067403,
0xd280f741,
0xb9401fe0,
0x94002f28,
0x2a0003e3,
0xd0000060,
0x91066001,
0xb9801fe2,
0xd2810680,
0x9b007c40,
0x8b000020,
0xb9067803,
0xd280f761,
0xb9401fe0,
0x94002f1d,
0x2a0003e3,
0xd0000060,
0x91066001,
0xb9801fe2,
0xd2810680,
0x9b007c40,
0x8b000020,
0xb9067c03,
0xd280f781,
0xb9401fe0,
0x94002f12,
0x2a0003e3,
0xd0000060,
0x91066001,
0xb9801fe2,
0xd2810680,
0x9b007c40,
0x8b000020,
0xb9068003,
0xd280f7a1,
0xb9401fe0,
0x94002f07,
0x2a0003e3,
0xd0000060,
0x91066001,
0xb9801fe2,
0xd2810680,
0x9b007c40,
0x8b000020,
0xb9068403,
0xd280f7c1,
0xb9401fe0,
0x94002efc,
0x2a0003e3,
0xd0000060,
0x91066001,
0xb9801fe2,
0xd2810680,
0x9b007c40,
0x8b000020,
0xb9068803,
0xd280f7e1,
0xb9401fe0,
0x94002ef1,
0x2a0003e3,
0xd0000060,
0x91066001,
0xb9801fe2,
0xd2810680,
0x9b007c40,
0x8b000020,
0xb9068c03,
0xd280f801,
0xb9401fe0,
0x94002ee6,
0x2a0003e3,
0xd0000060,
0x91066001,
0xb9801fe2,
0xd2810680,
0x9b007c40,
0x8b000020,
0xb9069003,
0xd280fac1,
0xb9401fe0,
0x94002edb,
0x2a0003e3,
0xd0000060,
0x91066001,
0xb9801fe2,
0xd2810680,
0x9b007c40,
0x8b000020,
0xb9069403,
0xd280fae1,
0xb9401fe0,
0x94002ed0,
0x2a0003e3,
0xd0000060,
0x91066001,
0xb9801fe2,
0xd2810680,
0x9b007c40,
0x8b000020,
0xb9069803,
0xd280fb01,
0xb9401fe0,
0x94002ec5,
0x2a0003e3,
0xd0000060,
0x91066001,
0xb9801fe2,
0xd2810680,
0x9b007c40,
0x8b000020,
0xb9069c03,
0xd280fb21,
0xb9401fe0,
0x94002eba,
0x2a0003e3,
0xd0000060,
0x91066001,
0xb9801fe2,
0xd2810680,
0x9b007c40,
0x8b000020,
0xb906a003,
0xd280fb41,
0xb9401fe0,
0x94002eaf,
0x2a0003e3,
0xd0000060,
0x91066001,
0xb9801fe2,
0xd2810680,
0x9b007c40,
0x8b000020,
0xb906a403,
0xd280fb61,
0xb9401fe0,
0x94002ea4,
0x2a0003e3,
0xd0000060,
0x91066001,
0xb9801fe2,
0xd2810680,
0x9b007c40,
0x8b000020,
0xb906a803,
0xd280fb81,
0xb9401fe0,
0x94002e99,
0x2a0003e3,
0xd0000060,
0x91066001,
0xb9801fe2,
0xd2810680,
0x9b007c40,
0x8b000020,
0xb906ac03,
0xd280fba1,
0xb9401fe0,
0x94002e8e,
0x2a0003e3,
0xd0000060,
0x91066001,
0xb9801fe2,
0xd2810680,
0x9b007c40,
0x8b000020,
0xb906b003,
0xd280fbc1,
0xb9401fe0,
0x94002e83,
0x2a0003e3,
0xd0000060,
0x91066001,
0xb9801fe2,
0xd2810680,
0x9b007c40,
0x8b000020,
0xb906b403,
0xd280fbe1,
0xb9401fe0,
0x94002e78,
0x2a0003e3,
0xd0000060,
0x91066001,
0xb9801fe2,
0xd2810680,
0x9b007c40,
0x8b000020,
0xb906b803,
0xd280fc01,
0xb9401fe0,
0x94002e6d,
0x2a0003e3,
0xd0000060,
0x91066001,
0xb9801fe2,
0xd2810680,
0x9b007c40,
0x8b000020,
0xb906bc03,
0xd280fc21,
0xb9401fe0,
0x94002e62,
0x2a0003e3,
0xd0000060,
0x91066001,
0xb9801fe2,
0xd2810680,
0x9b007c40,
0x8b000020,
0xb906c003,
0xd280fc61,
0xb9401fe0,
0x94002e57,
0x2a0003e3,
0xd0000060,
0x91066001,
0xb9801fe2,
0xd2810680,
0x9b007c40,
0x8b000020,
0xb906c403,
0xd2810241,
0xb9401fe0,
0x94002e4c,
0x2a0003e3,
0xd0000060,
0x91066001,
0xb9801fe2,
0xd2810680,
0x9b007c40,
0x8b000020,
0xb906c803,
0xd2810261,
0xb9401fe0,
0x94002e41,
0x2a0003e3,
0xd0000060,
0x91066001,
0xb9801fe2,
0xd2810680,
0x9b007c40,
0x8b000020,
0xb906cc03,
0xd2810281,
0xb9401fe0,
0x94002e36,
0x2a0003e3,
0xd0000060,
0x91066001,
0xb9801fe2,
0xd2810680,
0x9b007c40,
0x8b000020,
0xb906d003,
0xd28102a1,
0xb9401fe0,
0x94002e2b,
0x2a0003e3,
0xd0000060,
0x91066001,
0xb9801fe2,
0xd2810680,
0x9b007c40,
0x8b000020,
0xb906d403,
0xd2810421,
0xb9401fe0,
0x94002e20,
0x2a0003e3,
0xd0000060,
0x91066001,
0xb9801fe2,
0xd2810680,
0x9b007c40,
0x8b000020,
0xb906d803,
0xd2810441,
0xb9401fe0,
0x94002e15,
0x2a0003e3,
0xd0000060,
0x91066001,
0xb9801fe2,
0xd2810680,
0x9b007c40,
0x8b000020,
0xb906dc03,
0xd2810461,
0xb9401fe0,
0x94002e0a,
0x2a0003e3,
0xd0000060,
0x91066001,
0xb9801fe2,
0xd2810680,
0x9b007c40,
0x8b000020,
0xb906e003,
0xd28104a1,
0xb9401fe0,
0x94002dff,
0x2a0003e3,
0xd0000060,
0x91066001,
0xb9801fe2,
0xd2810680,
0x9b007c40,
0x8b000020,
0xb906e403,
0xd2810a41,
0xb9401fe0,
0x94002df4,
0x2a0003e3,
0xd0000060,
0x91066001,
0xb9801fe2,
0xd2810680,
0x9b007c40,
0x8b000020,
0xb906e803,
0xd2811c01,
0xb9401fe0,
0x94002de9,
0x2a0003e3,
0xd0000060,
0x91066001,
0xb9801fe2,
0xd2810680,
0x9b007c40,
0x8b000020,
0xb906ec03,
0xd2811c21,
0xb9401fe0,
0x94002dde,
0x2a0003e3,
0xd0000060,
0x91066001,
0xb9801fe2,
0xd2810680,
0x9b007c40,
0x8b000020,
0xb906f003,
0xd2811c41,
0xb9401fe0,
0x94002dd3,
0x2a0003e3,
0xd0000060,
0x91066001,
0xb9801fe2,
0xd2810680,
0x9b007c40,
0x8b000020,
0xb906f403,
0xd2811c61,
0xb9401fe0,
0x94002dc8,
0x2a0003e3,
0xd0000060,
0x91066001,
0xb9801fe2,
0xd2810680,
0x9b007c40,
0x8b000020,
0xb906f803,
0xd2811c81,
0xb9401fe0,
0x94002dbd,
0x2a0003e3,
0xd0000060,
0x91066001,
0xb9801fe2,
0xd2810680,
0x9b007c40,
0x8b000020,
0xb906fc03,
0xd2811d61,
0xb9401fe0,
0x94002db2,
0x2a0003e3,
0xd0000060,
0x91066001,
0xb9801fe2,
0xd2810680,
0x9b007c40,
0x8b000020,
0xb9070003,
0xd2811d81,
0xb9401fe0,
0x94002da7,
0x2a0003e3,
0xd0000060,
0x91066001,
0xb9801fe2,
0xd2810680,
0x9b007c40,
0x8b000020,
0xb9070403,
0xd2811ec1,
0xb9401fe0,
0x94002d9c,
0x2a0003e3,
0xd0000060,
0x91066001,
0xb9801fe2,
0xd2810680,
0x9b007c40,
0x8b000020,
0xb9070803,
0xd2811ee1,
0xb9401fe0,
0x94002d91,
0x2a0003e3,
0xd0000060,
0x91066001,
0xb9801fe2,
0xd2810680,
0x9b007c40,
0x8b000020,
0xb9070c03,
0xd280f821,
0xb9401fe0,
0x94002d86,
0x2a0003e3,
0xd0000060,
0x91066001,
0xb9801fe2,
0xd2810680,
0x9b007c40,
0x8b000020,
0xb9071003,
0xd280f841,
0xb9401fe0,
0x94002d7b,
0x2a0003e3,
0xd0000060,
0x91066001,
0xb9801fe2,
0xd2810680,
0x9b007c40,
0x8b000020,
0xb9071403,
0xd280f861,
0xb9401fe0,
0x94002d70,
0x2a0003e3,
0xd0000060,
0x91066001,
0xb9801fe2,
0xd2810680,
0x9b007c40,
0x8b000020,
0xb9071803,
0xd280f881,
0xb9401fe0,
0x94002d65,
0x2a0003e3,
0xd0000060,
0x91066001,
0xb9801fe2,
0xd2810680,
0x9b007c40,
0x8b000020,
0xb9071c03,
0xd280f8a1,
0xb9401fe0,
0x94002d5a,
0x2a0003e3,
0xd0000060,
0x91066001,
0xb9801fe2,
0xd2810680,
0x9b007c40,
0x8b000020,
0xb9072003,
0xd280f8c1,
0xb9401fe0,
0x94002d4f,
0x2a0003e3,
0xb0000060,
0x91066001,
0xb9801fe2,
0xd2810680,
0x9b007c40,
0x8b000020,
0xb9072403,
0xd280f8e1,
0xb9401fe0,
0x94002d44,
0x2a0003e3,
0xb0000060,
0x91066001,
0xb9801fe2,
0xd2810680,
0x9b007c40,
0x8b000020,
0xb9072803,
0xd280f901,
0xb9401fe0,
0x94002d39,
0x2a0003e3,
0xb0000060,
0x91066001,
0xb9801fe2,
0xd2810680,
0x9b007c40,
0x8b000020,
0xb9072c03,
0xd280f921,
0xb9401fe0,
0x94002d2e,
0x2a0003e3,
0xb0000060,
0x91066001,
0xb9801fe2,
0xd2810680,
0x9b007c40,
0x8b000020,
0xb9073003,
0xd280f941,
0xb9401fe0,
0x94002d23,
0x2a0003e3,
0xb0000060,
0x91066001,
0xb9801fe2,
0xd2810680,
0x9b007c40,
0x8b000020,
0xb9073403,
0xd280f961,
0xb9401fe0,
0x94002d18,
0x2a0003e3,
0xb0000060,
0x91066001,
0xb9801fe2,
0xd2810680,
0x9b007c40,
0x8b000020,
0xb9073803,
0xd280f981,
0xb9401fe0,
0x94002d0d,
0x2a0003e3,
0xb0000060,
0x91066001,
0xb9801fe2,
0xd2810680,
0x9b007c40,
0x8b000020,
0xb9073c03,
0xd280f9a1,
0xb9401fe0,
0x94002d02,
0x2a0003e3,
0xb0000060,
0x91066001,
0xb9801fe2,
0xd2810680,
0x9b007c40,
0x8b000020,
0xb9074003,
0xd280f9c1,
0xb9401fe0,
0x94002cf7,
0x2a0003e3,
0xb0000060,
0x91066001,
0xb9801fe2,
0xd2810680,
0x9b007c40,
0x8b000020,
0xb9074403,
0xd280f9e1,
0xb9401fe0,
0x94002cec,
0x2a0003e3,
0xb0000060,
0x91066001,
0xb9801fe2,
0xd2810680,
0x9b007c40,
0x8b000020,
0xb9074803,
0xd280fa01,
0xb9401fe0,
0x94002ce1,
0x2a0003e3,
0xb0000060,
0x91066001,
0xb9801fe2,
0xd2810680,
0x9b007c40,
0x8b000020,
0xb9074c03,
0xd280fa21,
0xb9401fe0,
0x94002cd6,
0x2a0003e3,
0xb0000060,
0x91066001,
0xb9801fe2,
0xd2810680,
0x9b007c40,
0x8b000020,
0xb9075003,
0xd280fa41,
0xb9401fe0,
0x94002ccb,
0x2a0003e3,
0xb0000060,
0x91066001,
0xb9801fe2,
0xd2810680,
0x9b007c40,
0x8b000020,
0xb9075403,
0xd280fa61,
0xb9401fe0,
0x94002cc0,
0x2a0003e3,
0xb0000060,
0x91066001,
0xb9801fe2,
0xd2810680,
0x9b007c40,
0x8b000020,
0xb9075803,
0xd280fa81,
0xb9401fe0,
0x94002cb5,
0x2a0003e3,
0xb0000060,
0x91066001,
0xb9801fe2,
0xd2810680,
0x9b007c40,
0x8b000020,
0xb9075c03,
0xd280faa1,
0xb9401fe0,
0x94002caa,
0x2a0003e3,
0xb0000060,
0x91066001,
0xb9801fe2,
0xd2810680,
0x9b007c40,
0x8b000020,
0xb9076003,
0xd2804001,
0xb9401fe0,
0x94002c9f,
0x2a0003e3,
0xb0000060,
0x91066001,
0xb9801fe2,
0xd2810680,
0x9b007c40,
0x8b000020,
0xb9076403,
0xd2804021,
0xb9401fe0,
0x94002c94,
0x2a0003e3,
0xb0000060,
0x91066001,
0xb9801fe2,
0xd2810680,
0x9b007c40,
0x8b000020,
0xb9076803,
0xd2804041,
0xb9401fe0,
0x94002c89,
0x2a0003e3,
0xb0000060,
0x91066001,
0xb9801fe2,
0xd2810680,
0x9b007c40,
0x8b000020,
0xb9076c03,
0xd2804061,
0xb9401fe0,
0x94002c7e,
0x2a0003e3,
0xb0000060,
0x91066001,
0xb9801fe2,
0xd2810680,
0x9b007c40,
0x8b000020,
0xb9077003,
0xd2804081,
0xb9401fe0,
0x94002c73,
0x2a0003e3,
0xb0000060,
0x91066001,
0xb9801fe2,
0xd2810680,
0x9b007c40,
0x8b000020,
0xb9077403,
0xd28040a1,
0xb9401fe0,
0x94002c68,
0x2a0003e3,
0xb0000060,
0x91066001,
0xb9801fe2,
0xd2810680,
0x9b007c40,
0x8b000020,
0xb9077803,
0xd28040c1,
0xb9401fe0,
0x94002c5d,
0x2a0003e3,
0xb0000060,
0x91066001,
0xb9801fe2,
0xd2810680,
0x9b007c40,
0x8b000020,
0xb9077c03,
0xd28040e1,
0xb9401fe0,
0x94002c52,
0x2a0003e3,
0xb0000060,
0x91066001,
0xb9801fe2,
0xd2810680,
0x9b007c40,
0x8b000020,
0xb9078003,
0xd2804101,
0xb9401fe0,
0x94002c47,
0x2a0003e3,
0xb0000060,
0x91066001,
0xb9801fe2,
0xd2810680,
0x9b007c40,
0x8b000020,
0xb9078403,
0xd2804121,
0xb9401fe0,
0x94002c3c,
0x2a0003e3,
0xb0000060,
0x91066001,
0xb9801fe2,
0xd2810680,
0x9b007c40,
0x8b000020,
0xb9078803,
0xd2804141,
0xb9401fe0,
0x94002c31,
0x2a0003e3,
0xb0000060,
0x91066001,
0xb9801fe2,
0xd2810680,
0x9b007c40,
0x8b000020,
0xb9078c03,
0xd2804161,
0xb9401fe0,
0x94002c26,
0x2a0003e3,
0xb0000060,
0x91066001,
0xb9801fe2,
0xd2810680,
0x9b007c40,
0x8b000020,
0xb9079003,
0xd2804181,
0xb9401fe0,
0x94002c1b,
0x2a0003e3,
0xb0000060,
0x91066001,
0xb9801fe2,
0xd2810680,
0x9b007c40,
0x8b000020,
0xb9079403,
0xd28041a1,
0xb9401fe0,
0x94002c10,
0x2a0003e3,
0xb0000060,
0x91066001,
0xb9801fe2,
0xd2810680,
0x9b007c40,
0x8b000020,
0xb9079803,
0xd28041c1,
0xb9401fe0,
0x94002c05,
0x2a0003e3,
0xb0000060,
0x91066001,
0xb9801fe2,
0xd2810680,
0x9b007c40,
0x8b000020,
0xb9079c03,
0xd28041e1,
0xb9401fe0,
0x94002bfa,
0x2a0003e3,
0xb0000060,
0x91066001,
0xb9801fe2,
0xd2810680,
0x9b007c40,
0x8b000020,
0xb907a003,
0xd2804201,
0xb9401fe0,
0x94002bef,
0x2a0003e3,
0xb0000060,
0x91066001,
0xb9801fe2,
0xd2810680,
0x9b007c40,
0x8b000020,
0xb907a403,
0xd2804221,
0xb9401fe0,
0x94002be4,
0x2a0003e3,
0xb0000060,
0x91066001,
0xb9801fe2,
0xd2810680,
0x9b007c40,
0x8b000020,
0xb907a803,
0xd2804241,
0xb9401fe0,
0x94002bd9,
0x2a0003e3,
0xb0000060,
0x91066001,
0xb9801fe2,
0xd2810680,
0x9b007c40,
0x8b000020,
0xb907ac03,
0xd2804261,
0xb9401fe0,
0x94002bce,
0x2a0003e3,
0xb0000060,
0x91066001,
0xb9801fe2,
0xd2810680,
0x9b007c40,
0x8b000020,
0xb907b003,
0xd28048e1,
0xb9401fe0,
0x94002bc3,
0x2a0003e3,
0xb0000060,
0x91066001,
0xb9801fe2,
0xd2810680,
0x9b007c40,
0x8b000020,
0xb907c803,
0xd2804901,
0xb9401fe0,
0x94002bb8,
0x2a0003e3,
0xb0000060,
0x91066001,
0xb9801fe2,
0xd2810680,
0x9b007c40,
0x8b000020,
0xb907cc03,
0xd28049c1,
0xb9401fe0,
0x94002bad,
0x2a0003e3,
0xb0000060,
0x91066001,
0xb9801fe2,
0xd2810680,
0x9b007c40,
0x8b000020,
0xb907d003,
0xd28049e1,
0xb9401fe0,
0x94002ba2,
0x2a0003e3,
0xb0000060,
0x91066001,
0xb9801fe2,
0xd2810680,
0x9b007c40,
0x8b000020,
0xb907d403,
0xd280e201,
0xb9401fe0,
0x94002b97,
0x2a0003e3,
0xb0000060,
0x91066001,
0xb9801fe2,
0xd2810680,
0x9b007c40,
0x8b000020,
0xb907d803,
0xd280e221,
0xb9401fe0,
0x94002b8c,
0x2a0003e3,
0xb0000060,
0x91066001,
0xb9801fe2,
0xd2810680,
0x9b007c40,
0x8b000020,
0xb904b003,
0xd280e241,
0xb9401fe0,
0x94002b81,
0x2a0003e3,
0xb0000060,
0x91066001,
0xb9801fe2,
0xd2810680,
0x9b007c40,
0x8b000020,
0xb904b403,
0xd280e341,
0xb9401fe0,
0x94002b76,
0x2a0003e3,
0xb0000060,
0x91066001,
0xb9801fe2,
0xd2810680,
0x9b007c40,
0x8b000020,
0xb907dc03,
0xd280e361,
0xb9401fe0,
0x94002b6b,
0x2a0003e3,
0xb0000060,
0x91066001,
0xb9801fe2,
0xd2810680,
0x9b007c40,
0x8b000020,
0xb907e003,
0xd280e381,
0xb9401fe0,
0x94002b60,
0x2a0003e3,
0xb0000060,
0x91066001,
0xb9801fe2,
0xd2810680,
0x9b007c40,
0x8b000020,
0xb907e403,
0xd280e781,
0xb9401fe0,
0x94002b55,
0x2a0003e3,
0xb0000060,
0x91066001,
0xb9801fe2,
0xd2810680,
0x9b007c40,
0x8b000020,
0xb907e803,
0xd280e7a1,
0xb9401fe0,
0x94002b4a,
0x2a0003e3,
0xb0000060,
0x91066001,
0xb9801fe2,
0xd2810680,
0x9b007c40,
0x8b000020,
0xb907ec03,
0xd280e7c1,
0xb9401fe0,
0x94002b3f,
0x2a0003e3,
0xb0000060,
0x91066001,
0xb9801fe2,
0xd2810680,
0x9b007c40,
0x8b000020,
0xb907f003,
0xd280e8c1,
0xb9401fe0,
0x94002b34,
0x2a0003e3,
0xb0000060,
0x91066001,
0xb9801fe2,
0xd2810680,
0x9b007c40,
0x8b000020,
0xb907f403,
0xd280e8e1,
0xb9401fe0,
0x94002b29,
0x2a0003e3,
0xb0000060,
0x91066001,
0xb9801fe2,
0xd2810680,
0x9b007c40,
0x8b000020,
0xb9054003,
0xd280e901,
0xb9401fe0,
0x94002b1e,
0x2a0003e3,
0xb0000060,
0x91066001,
0xb9801fe2,
0xd2810680,
0x9b007c40,
0x8b000020,
0xb9054403,
0xd28101e1,
0xb9401fe0,
0x94002b13,
0x2a0003e3,
0xb0000060,
0x91066001,
0xb9801fe2,
0xd2810680,
0x9b007c40,
0x8b000020,
0xb907f803,
0xd2810201,
0xb9401fe0,
0x94002b08,
0x2a0003e3,
0xb0000060,
0x91066001,
0xb9801fe2,
0xd2810680,
0x9b007c40,
0x8b000020,
0xb907fc03,
0xd280c4a1,
0xb9401fe0,
0x94002afd,
0x2a0003e3,
0xb0000060,
0x91066001,
0xb9801fe2,
0xd2810680,
0x9b007c40,
0x8b000020,
0xb903e403,
0xd280c4c1,
0xb9401fe0,
0x94002af2,
0x2a0003e3,
0xb0000060,
0x91066001,
0xb9801fe2,
0xd2810680,
0x9b007c40,
0x8b000020,
0xb903e803,
0xd280cde1,
0xb9401fe0,
0x94002ae7,
0x2a0003e3,
0xb0000060,
0x91066001,
0xb9801fe2,
0xd2810680,
0x9b007c40,
0x8b000020,
0xb9080003,
0xd280ce01,
0xb9401fe0,
0x94002adc,
0x2a0003e3,
0xb0000060,
0x91066001,
0xb9801fe2,
0xd2810680,
0x9b007c40,
0x8b000020,
0xb9044403,
0xd280c201,
0xb9401fe0,
0x94002ad1,
0x2a0003e3,
0xb0000060,
0x91066001,
0xb9801fe2,
0xd2810680,
0x9b007c40,
0x8b000020,
0xb9080403,
0xd280c221,
0xb9401fe0,
0x94002ac6,
0x2a0003e3,
0xb0000060,
0x91066001,
0xb9801fe2,
0xd2810680,
0x9b007c40,
0x8b000020,
0xb903bc03,
0xd280c241,
0xb9401fe0,
0x94002abb,
0x2a0003e3,
0xb0000060,
0x91066001,
0xb9801fe2,
0xd2810680,
0x9b007c40,
0x8b000020,
0xb903c003,
0xd280c341,
0xb9401fe0,
0x94002ab0,
0x2a0003e3,
0xb0000060,
0x91066001,
0xb9801fe2,
0xd2810680,
0x9b007c40,
0x8b000020,
0xb9080803,
0xd280c361,
0xb9401fe0,
0x94002aa5,
0x2a0003e3,
0xb0000060,
0x91066001,
0xb9801fe2,
0xd2810680,
0x9b007c40,
0x8b000020,
0xb9080c03,
0xd280c381,
0xb9401fe0,
0x94002a9a,
0x2a0003e3,
0xb0000060,
0x91066001,
0xb9801fe2,
0xd2810680,
0x9b007c40,
0x8b000020,
0xb9081003,
0xd280c5c1,
0xb9401fe0,
0x94002a8f,
0x2a0003e3,
0xb0000060,
0x91066001,
0xb9801fe2,
0xd2810680,
0x9b007c40,
0x8b000020,
0xb9081403,
0xd280c5e1,
0xb9401fe0,
0x94002a84,
0x2a0003e3,
0xb0000060,
0x91066001,
0xb9801fe2,
0xd2810680,
0x9b007c40,
0x8b000020,
0xb9081803,
0xd280c601,
0xb9401fe0,
0x94002a79,
0x2a0003e3,
0xb0000060,
0x91066001,
0xb9801fe2,
0xd2810680,
0x9b007c40,
0x8b000020,
0xb903fc03,
0xd280cb41,
0xb9401fe0,
0x94002a6e,
0x2a0003e3,
0xb0000060,
0x91066001,
0xb9801fe2,
0xd2810680,
0x9b007c40,
0x8b000020,
0xb9081c03,
0xd280cb61,
0xb9401fe0,
0x94002a63,
0x2a0003e3,
0xb0000060,
0x91066001,
0xb9801fe2,
0xd2810680,
0x9b007c40,
0x8b000020,
0xb9082003,
0xd280cb81,
0xb9401fe0,
0x94002a58,
0x2a0003e3,
0xb0000060,
0x91066001,
0xb9801fe2,
0xd2810680,
0x9b007c40,
0x8b000020,
0xb9082403,
0xd280cc81,
0xb9401fe0,
0x94002a4d,
0x2a0003e3,
0xb0000060,
0x91066001,
0xb9801fe2,
0xd2810680,
0x9b007c40,
0x8b000020,
0xb9082803,
0xd280cca1,
0xb9401fe0,
0x94002a42,
0x2a0003e3,
0xb0000060,
0x91066001,
0xb9801fe2,
0xd2810680,
0x9b007c40,
0x8b000020,
0xb9042c03,
0xd280ccc1,
0xb9401fe0,
0x94002a37,
0x2a0003e3,
0xb0000060,
0x91066001,
0xb9801fe2,
0xd2810680,
0x9b007c40,
0x8b000020,
0xb9043003,
0xd280cf01,
0xb9401fe0,
0x94002a2c,
0x2a0003e3,
0xb0000060,
0x91066001,
0xb9801fe2,
0xd2810680,
0x9b007c40,
0x8b000020,
0xb9082c03,
0xd280cf21,
0xb9401fe0,
0x94002a21,
0x2a0003e3,
0xb0000060,
0x91066001,
0xb9801fe2,
0xd2810680,
0x9b007c40,
0x8b000020,
0xb9045403,
0xd280cf41,
0xb9401fe0,
0x94002a16,
0x2a0003e3,
0xb0000060,
0x91066001,
0xb9801fe2,
0xd2810680,
0x9b007c40,
0x8b000020,
0xb9083003,
0xd2802961,
0xb9401fe0,
0x94002a0b,
0x2a0003e3,
0xb0000060,
0x91066001,
0xb9801fe2,
0xd2810680,
0x9b007c40,
0x8b000020,
0xb907b403,
0xd2802921,
0xb9401fe0,
0x94002a00,
0x2a0003e3,
0xb0000060,
0x91066001,
0xb9801fe2,
0xd2810680,
0x9b007c40,
0x8b000020,
0xb907b803,
0xd2800da1,
0xb9401fe0,
0x940029f5,
0x2a0003e3,
0xb0000060,
0x91066001,
0xb9801fe2,
0xd2810680,
0x9b007c40,
0x8b000020,
0xb907bc03,
0xd2800dc1,
0xb9401fe0,
0x940029ea,
0x2a0003e3,
0xb0000060,
0x91066001,
0xb9801fe2,
0xd2810680,
0x9b007c40,
0x8b000020,
0xb907c003,
0xd2800de1,
0xb9401fe0,
0x940029df,
0x2a0003e3,
0xb0000060,
0x91066001,
0xb9801fe2,
0xd2810680,
0x9b007c40,
0x8b000020,
0xb907c403,
0xd503201f,
0xf84207fe,
0xd65f03c0,
0xf81e0ffe,
0xb9001fe0,
0xb9001be1,
0xf9000be2,
0xf9400be0,
0xb947c800,
0x2a0003e2,
0xd28048e1,
0xb9401fe0,
0x940029ee,
0xf9400be0,
0xb947cc00,
0x2a0003e2,
0xd2804901,
0xb9401fe0,
0x940029e8,
0xf9400be0,
0xb947d000,
0x2a0003e2,
0xd28049c1,
0xb9401fe0,
0x940029e2,
0xf9400be0,
0xb947d400,
0x2a0003e2,
0xd28049e1,
0xb9401fe0,
0x940029dc,
0xf9400be0,
0xb947d800,
0x2a0003e2,
0xd280e201,
0xb9401fe0,
0x940029d6,
0xf9400be0,
0xb944b000,
0x2a0003e2,
0xd280e221,
0xb9401fe0,
0x940029d0,
0xf9400be0,
0xb944b400,
0x2a0003e2,
0xd280e241,
0xb9401fe0,
0x940029ca,
0xf9400be0,
0xb947dc00,
0x2a0003e2,
0xd280e341,
0xb9401fe0,
0x940029c4,
0xf9400be0,
0xb947e000,
0x2a0003e2,
0xd280e361,
0xb9401fe0,
0x940029be,
0xf9400be0,
0xb947e400,
0x2a0003e2,
0xd280e381,
0xb9401fe0,
0x940029b8,
0xf9400be0,
0xb947e800,
0x2a0003e2,
0xd280e781,
0xb9401fe0,
0x940029b2,
0xf9400be0,
0xb947ec00,
0x2a0003e2,
0xd280e7a1,
0xb9401fe0,
0x940029ac,
0xf9400be0,
0xb947f000,
0x2a0003e2,
0xd280e7c1,
0xb9401fe0,
0x940029a6,
0xf9400be0,
0xb947f400,
0x2a0003e2,
0xd280e8c1,
0xb9401fe0,
0x940029a0,
0xf9400be0,
0xb9454000,
0x2a0003e2,
0xd280e8e1,
0xb9401fe0,
0x9400299a,
0xf9400be0,
0xb9454400,
0x2a0003e2,
0xd280e901,
0xb9401fe0,
0x94002994,
0xf9400be0,
0xb947f800,
0x2a0003e2,
0xd28101e1,
0xb9401fe0,
0x9400298e,
0xf9400be0,
0xb947fc00,
0x2a0003e2,
0xd2810201,
0xb9401fe0,
0x94002988,
0xf9400be0,
0xb943e400,
0x2a0003e2,
0xd280c4a1,
0xb9401fe0,
0x94002982,
0xf9400be0,
0xb943e800,
0x2a0003e2,
0xd280c4c1,
0xb9401fe0,
0x9400297c,
0xf9400be0,
0xb9480000,
0x2a0003e2,
0xd280cde1,
0xb9401fe0,
0x94002976,
0xf9400be0,
0xb9444400,
0x2a0003e2,
0xd280ce01,
0xb9401fe0,
0x94002970,
0xf9400be0,
0xb9480400,
0x2a0003e2,
0xd280c201,
0xb9401fe0,
0x9400296a,
0xf9400be0,
0xb943bc00,
0x2a0003e2,
0xd280c221,
0xb9401fe0,
0x94002964,
0xf9400be0,
0xb943c000,
0x2a0003e2,
0xd280c241,
0xb9401fe0,
0x9400295e,
0xf9400be0,
0xb9480800,
0x2a0003e2,
0xd280c341,
0xb9401fe0,
0x94002958,
0xf9400be0,
0xb9480c00,
0x2a0003e2,
0xd280c361,
0xb9401fe0,
0x94002952,
0xf9400be0,
0xb9481000,
0x2a0003e2,
0xd280c381,
0xb9401fe0,
0x9400294c,
0xf9400be0,
0xb9481400,
0x2a0003e2,
0xd280c5c1,
0xb9401fe0,
0x94002946,
0xf9400be0,
0xb9481800,
0x2a0003e2,
0xd280c5e1,
0xb9401fe0,
0x94002940,
0xf9400be0,
0xb943fc00,
0x2a0003e2,
0xd280c601,
0xb9401fe0,
0x9400293a,
0xf9400be0,
0xb9481c00,
0x2a0003e2,
0xd280cb41,
0xb9401fe0,
0x94002934,
0xf9400be0,
0xb9482000,
0x2a0003e2,
0xd280cb61,
0xb9401fe0,
0x9400292e,
0xf9400be0,
0xb9482400,
0x2a0003e2,
0xd280cb81,
0xb9401fe0,
0x94002928,
0xf9400be0,
0xb9482800,
0x2a0003e2,
0xd280cc81,
0xb9401fe0,
0x94002922,
0xf9400be0,
0xb9442c00,
0x2a0003e2,
0xd280cca1,
0xb9401fe0,
0x9400291c,
0xf9400be0,
0xb9443000,
0x2a0003e2,
0xd280ccc1,
0xb9401fe0,
0x94002916,
0xf9400be0,
0xb9482c00,
0x2a0003e2,
0xd280cf01,
0xb9401fe0,
0x94002910,
0xf9400be0,
0xb9445400,
0x2a0003e2,
0xd280cf21,
0xb9401fe0,
0x9400290a,
0xf9400be0,
0xb9483000,
0x2a0003e2,
0xd280cf41,
0xb9401fe0,
0x94002904,
0xd503201f,
0xf84207fe,
0xd65f03c0,
0xf81c0ffe,
0xb9002fe0,
0xb9002be1,
0xf90013e2,
0xb9001fe3,
0xb9402fe0,
0x7100001f,
0x54000081,
0xd2be0400,
0xf2c00040,
0x14000003,
0xd2be0420,
0xf2c00040,
0xf9001fe0,
0xb9402fe0,
0x7100001f,
0x54000580,
0x52800004,
0x52800023,
0x52800002,
0x52800001,
0xd2800180,
0xf2be0040,
0xf2c00040,
0x94002a4c,
0x52800003,
0x52800342,
0x52800341,
0xd2801400,
0xf2be0040,
0xf2c00040,
0x94002a19,
0x52800004,
0x52800003,
0x52800342,
0x52800341,
0xd2801400,
0xf2be0040,
0xf2c00040,
0x94002a3d,
0x52800020,
0x9400289b,
0x52800023,
0x52800342,
0x52800341,
0xd2801400,
0xf2be0040,
0xf2c00040,
0x94002a08,
0x52800004,
0x52800023,
0x52800342,
0x52800341,
0xd2801400,
0xf2be0040,
0xf2c00040,
0x94002a2c,
0x52800020,
0x9400288a,
0x1400002b,
0x52800004,
0x52800023,
0x52800062,
0x52800061,
0xd2800080,
0xf2be0040,
0xf2c00040,
0x94002a21,
0x52800003,
0x52800122,
0x52800121,
0xd2801200,
0xf2be0040,
0xf2c00040,
0x940029ee,
0x52800004,
0x52800003,
0x52800122,
0x52800121,
0xd2801200,
0xf2be0040,
0xf2c00040,
0x94002a12,
0x52800020,
0x94002870,
0x52800023,
0x52800122,
0x52800121,
0xd2801200,
0xf2be0040,
0xf2c00040,
0x940029dd,
0x52800004,
0x52800023,
0x52800122,
0x52800121,
0xd2801200,
0xf2be0040,
0xf2c00040,
0x94002a01,
0x52800020,
0x9400285f,
0x52800803,
0x52800802,
0xd28000a1,
0xb9402fe0,
0x94002941,
0x52800203,
0x52800202,
0xd28006a1,
0xb9402fe0,
0x9400293c,
0x52800003,
0x52800102,
0xd2800661,
0xb9402fe0,
0x94002937,
0x52800003,
0x52800042,
0xd2800641,
0xb9402fe0,
0x94002932,
0x52801003,
0x52801002,
0xd2800621,
0xb9402fe0,
0x9400292d,
0x52800020,
0x94002844,
0x52800023,
0x52800022,
0xd2810221,
0xb9402fe0,
0x94002926,
0xf9401fe0,
0xb2720000,
0x52800023,
0x52800202,
0x52800201,
0x940029ad,
0x52807d00,
0x94002837,
0x52800003,
0x52801002,
0xd28100a1,
0xb9402fe0,
0x94002919,
0x52800003,
0x52801002,
0xd2810001,
0xb9402fe0,
0x94002914,
0x52800003,
0x52800202,
0xd2810001,
0xb9402fe0,
0x9400290f,
0x52800103,
0x52800102,
0xd2810061,
0xb9402fe0,
0x9400290a,
0x52800003,
0x52800102,
0xd2810061,
0xb9402fe0,
0x94002905,
0x52800103,
0x52800102,
0xd2810061,
0xb9402fe0,
0x94002900,
0xb9401fe0,
0x712ee01f,
0x540000ed,
0x52800003,
0x52801002,
0xd2810021,
0xb9402fe0,
0x940028f8,
0x14000006,
0x52801003,
0x52801002,
0xd2810021,
0xb9402fe0,
0x940028f2,
0x52801003,
0x52801002,
0xd28100a1,
0xb9402fe0,
0x940028ed,
0x52800c80,
0x94002804,
0x52800403,
0x52800c02,
0xd2810001,
0xb9402fe0,
0x940028e6,
0x52801003,
0x52801002,
0xd2810001,
0xb9402fe0,
0x940028e1,
0x52800140,
0x940027f8,
0x52801102,
0xd2800ce1,
0xb9402fe0,
0x94002830,
0x52800b02,
0xd2800d01,
0xb9402fe0,
0x9400282c,
0x52800203,
0x52800202,
0xd2810001,
0xb9402fe0,
0x940028d2,
0xb9402be0,
0x7100001f,
0x540000c0,
0x52800003,
0x52800402,
0xd2800001,
0xb9402fe0,
0x940028ca,
0x52801900,
0x940027e1,
0xb9402fe0,
0x7100001f,
0x54000480,
0x52800003,
0x52800322,
0x52800321,
0xd2801400,
0xf2be0040,
0xf2c00040,
0x9400294b,
0x52800004,
0x52800003,
0x52800322,
0x52800321,
0xd2801400,
0xf2be0040,
0xf2c00040,
0x9400296f,
0x52800020,
0x940027cd,
0x52800023,
0x52800322,
0x52800321,
0xd2801400,
0xf2be0040,
0xf2c00040,
0x9400293a,
0x52800004,
0x52800023,
0x52800322,
0x52800321,
0xd2801400,
0xf2be0040,
0xf2c00040,
0x9400295e,
0x52800020,
0x940027bc,
0x14000023,
0x52800003,
0x52800102,
0x52800101,
0xd2801200,
0xf2be0040,
0xf2c00040,
0x94002928,
0x52800004,
0x52800003,
0x52800102,
0x52800101,
0xd2801200,
0xf2be0040,
0xf2c00040,
0x9400294c,
0x52800020,
0x940027aa,
0x52800023,
0x52800102,
0x52800101,
0xd2801200,
0xf2be0040,
0xf2c00040,
0x94002917,
0x52800004,
0x52800023,
0x52800102,
0x52800101,
0xd2801200,
0xf2be0040,
0xf2c00040,
0x9400293b,
0x52800020,
0x94002799,
0x52800004,
0x52801003,
0x52801002,
0xd28007a1,
0xb9402fe0,
0x940027f7,
0x52800043,
0x52800042,
0xd2810061,
0xb9402fe0,
0x94002875,
0x52800020,
0x9400278c,
0x52800003,
0x52800042,
0xd2810061,
0xb9402fe0,
0x9400286e,
0x52800020,
0x94002785,
0x52800043,
0x52800042,
0xd2810061,
0xb9402fe0,
0x94002867,
0x52801003,
0x52801002,
0xd2800d21,
0xb9402fe0,
0x94002862,
0x52800020,
0x94002779,
0x52800003,
0x52801002,
0xd2800d21,
0xb9402fe0,
0x9400285b,
0x52800020,
0x94002772,
0x52801003,
0x52801002,
0xd2800d21,
0xb9402fe0,
0x94002854,
0x52800403,
0x52800402,
0xd28102e1,
0xb9402fe0,
0x9400284f,
0x528001e2,
0xb9402be1,
0xb9402fe0,
0x94002bb2,
0xf94013e0,
0xb940f800,
0x2a0003e3,
0x52801002,
0xd2800001,
0xb9402fe0,
0x94002844,
0xf94013e0,
0xb9437000,
0x2a0003e3,
0x52801002,
0xd280a001,
0xb9402fe0,
0x9400283d,
0x52801003,
0x52801002,
0xd2800421,
0xb9402fe0,
0x94002838,
0x52801003,
0x52801002,
0xd2804a61,
0xb9402fe0,
0x94002833,
0x52800203,
0x52800202,
0xd2800001,
0xb9402fe0,
0x9400282e,
0x52800a03,
0x52800e02,
0xd2800041,
0xb9402fe0,
0x94002829,
0xf94013e0,
0xb9419800,
0x2a0003e2,
0xd2801061,
0xb9402fe0,
0x94002778,
0xf94013e0,
0xb9464c00,
0x2a0003e2,
0xd280f481,
0xb9402fe0,
0x94002772,
0x52801802,
0xd280a5e1,
0xb9402fe0,
0x9400276e,
0x52800d42,
0xd280ed21,
0xb9402fe0,
0x9400276a,
0xf94013e0,
0xb946c800,
0x2a0003e2,
0xd2810241,
0xb9402fe0,
0x94002764,
0xf94013e0,
0xb946cc00,
0x2a0003e2,
0xd2810261,
0xb9402fe0,
0x9400275e,
0xf94013e0,
0xb946d000,
0x2a0003e2,
0xd2810281,
0xb9402fe0,
0x94002758,
0xf94013e0,
0xb946d400,
0x2a0003e2,
0xd28102a1,
0xb9402fe0,
0x94002752,
0x52800403,
0x52800402,
0xd2800281,
0xb9402fe0,
0x940027f8,
0x52800023,
0x52800022,
0xd280a9c1,
0xb9402fe0,
0x940027f3,
0x52801002,
0xd280a601,
0xb9402fe0,
0x94002744,
0x52800002,
0xd280ec01,
0xb9402fe0,
0x94002740,
0x52800002,
0xd280ec21,
0xb9402fe0,
0x9400273c,
0x52800002,
0xd280ec41,
0xb9402fe0,
0x94002738,
0x52800002,
0xd280ec61,
0xb9402fe0,
0x94002734,
0x52800002,
0xd280ec81,
0xb9402fe0,
0x94002730,
0x52800002,
0xd280eca1,
0xb9402fe0,
0x9400272c,
0x52800002,
0xd280ecc1,
0xb9402fe0,
0x94002728,
0x52800002,
0xd280ece1,
0xb9402fe0,
0x94002724,
0x52800002,
0xd280ed01,
0xb9402fe0,
0x94002720,
0x52801fe2,
0xd280c021,
0xb9402fe0,
0x9400271c,
0x52801fe2,
0xd280c041,
0xb9402fe0,
0x94002718,
0xf94013e0,
0xb943a800,
0x2a0003e2,
0xd280c061,
0xb9402fe0,
0x94002712,
0xf94013e0,
0xb943ac00,
0x2a0003e2,
0xd280c081,
0xb9402fe0,
0x9400270c,
0xf94013e0,
0xb943b000,
0x2a0003e2,
0xd280c141,
0xb9402fe0,
0x94002706,
0xf94013e0,
0xb943c400,
0x2a0003e2,
0xd280c281,
0xb9402fe0,
0x94002700,
0xf94013e0,
0xb943d800,
0x2a0003e2,
0xd280c3c1,
0xb9402fe0,
0x940026fa,
0xf94013e0,
0xb943ec00,
0x2a0003e2,
0xd280c501,
0xb9402fe0,
0x940026f4,
0xf94013e0,
0xb9440000,
0x2a0003e2,
0xd280c921,
0xb9402fe0,
0x940026ee,
0xf94013e0,
0xb9440c00,
0x2a0003e2,
0xd280ca81,
0xb9402fe0,
0x940026e8,
0xf94013e0,
0xb9442000,
0x2a0003e2,
0xd280cbc1,
0xb9402fe0,
0x940026e2,
0xf94013e0,
0xb9443400,
0x2a0003e2,
0xd280cd01,
0xb9402fe0,
0x940026dc,
0xf94013e0,
0xb9444800,
0x2a0003e2,
0xd280ce41,
0xb9402fe0,
0x940026d6,
0xf94013e0,
0xb9445c00,
0x2a0003e2,
0xd280d261,
0xb9402fe0,
0x940026d0,
0x52800002,
0xd2802921,
0xb9402fe0,
0x940026cc,
0x52801fe2,
0xd2802961,
0xb9402fe0,
0x940026c8,
0x52800002,
0xd2802941,
0xb9402fe0,
0x940026c4,
0x52800002,
0xd2802981,
0xb9402fe0,
0x940026c0,
0xf94013e0,
0xb9465000,
0x2a0003e2,
0xd280f601,
0xb9402fe0,
0x940026ba,
0xf94013e0,
0xb9449c00,
0x2a0003e2,
0xd280e141,
0xb9402fe0,
0x940026b4,
0xf94013e0,
0xb944bc00,
0x2a0003e2,
0xd280e281,
0xb9402fe0,
0x940026ae,
0xf94013e0,
0xb944dc00,
0x2a0003e2,
0xd280e401,
0xb9402fe0,
0x940026a8,
0xf94013e0,
0xb944f400,
0x2a0003e2,
0xd280e541,
0xb9402fe0,
0x940026a2,
0xf94013e0,
0xb9450c00,
0x2a0003e2,
0xd280e6c1,
0xb9402fe0,
0x9400269c,
0xf94013e0,
0xb9452c00,
0x2a0003e2,
0xd280e801,
0xb9402fe0,
0x94002696,
0xf94013e0,
0xb9454c00,
0x2a0003e2,
0xd280e981,
0xb9402fe0,
0x94002690,
0xf94013e0,
0xb9456400,
0x2a0003e2,
0xd280eac1,
0xb9402fe0,
0x9400268a,
0xb9402be0,
0x7100001f,
0x540000a1,
0x52801802,
0xd2810101,
0xb9402fe0,
0x94002683,
0x52800203,
0x52800202,
0xd280c3a1,
0xb9402fe0,
0x94002729,
0x52800203,
0x52800202,
0xd280cce1,
0xb9402fe0,
0x94002724,
0x52800203,
0x52800202,
0xd280ca41,
0xb9402fe0,
0x9400271f,
0x52800203,
0x52800202,
0xd280d381,
0xb9402fe0,
0x9400271a,
0xf94013e0,
0xb944b800,
0x2a0003e3,
0x52801e02,
0xd280e261,
0xb9402fe0,
0x94002713,
0xf94013e0,
0xb944d800,
0x2a0003e3,
0x52801e02,
0xd280e3a1,
0xb9402fe0,
0x9400270c,
0xf94013e0,
0xb944f000,
0x2a0003e3,
0x52801e02,
0xd280e521,
0xb9402fe0,
0x94002705,
0xf94013e0,
0xb9450800,
0x2a0003e3,
0x52801e02,
0xd280e661,
0xb9402fe0,
0x940026fe,
0xf94013e0,
0xb9452800,
0x2a0003e3,
0x52801e02,
0xd280e7e1,
0xb9402fe0,
0x940026f7,
0xf94013e0,
0xb9454800,
0x2a0003e3,
0x52801e02,
0xd280e921,
0xb9402fe0,
0x940026f0,
0xf94013e0,
0xb9456000,
0x2a0003e3,
0x52801e02,
0xd280eaa1,
0xb9402fe0,
0x940026e9,
0xf94013e0,
0xb9457800,
0x2a0003e3,
0x52801e02,
0xd280ebe1,
0xb9402fe0,
0x940026e2,
0xb9402be0,
0x7100001f,
0x54000121,
0x52800222,
0xd2802a01,
0xb9402fe0,
0x94002630,
0x52800222,
0xd2802a21,
0xb9402fe0,
0x9400262c,
0xf94013e0,
0xb9465400,
0x2a0003e2,
0xd280f621,
0xb9402fe0,
0x94002626,
0xf94013e0,
0xb9465800,
0x2a0003e2,
0xd280f641,
0xb9402fe0,
0x94002620,
0xf94013e0,
0xb9465c00,
0x2a0003e2,
0xd280f661,
0xb9402fe0,
0x9400261a,
0xf94013e0,
0xb9466000,
0x2a0003e2,
0xd280f681,
0xb9402fe0,
0x94002614,
0xf94013e0,
0xb9466400,
0x2a0003e2,
0xd280f6a1,
0xb9402fe0,
0x9400260e,
0xf94013e0,
0xb9466800,
0x2a0003e2,
0xd280f6c1,
0xb9402fe0,
0x94002608,
0xf94013e0,
0xb9466c00,
0x2a0003e2,
0xd280f6e1,
0xb9402fe0,
0x94002602,
0xf94013e0,
0xb9467000,
0x2a0003e2,
0xd280f701,
0xb9402fe0,
0x940025fc,
0xf94013e0,
0xb9467400,
0x2a0003e2,
0xd280f721,
0xb9402fe0,
0x940025f6,
0xf94013e0,
0xb9467800,
0x2a0003e2,
0xd280f741,
0xb9402fe0,
0x940025f0,
0xf94013e0,
0xb9467c00,
0x2a0003e2,
0xd280f761,
0xb9402fe0,
0x940025ea,
0xf94013e0,
0xb9468000,
0x2a0003e2,
0xd280f781,
0xb9402fe0,
0x940025e4,
0xf94013e0,
0xb9468400,
0x2a0003e2,
0xd280f7a1,
0xb9402fe0,
0x940025de,
0xf94013e0,
0xb9468800,
0x2a0003e2,
0xd280f7c1,
0xb9402fe0,
0x940025d8,
0xf94013e0,
0xb9468c00,
0x2a0003e2,
0xd280f7e1,
0xb9402fe0,
0x940025d2,
0xf94013e0,
0xb9469000,
0x2a0003e2,
0xd280f801,
0xb9402fe0,
0x940025cc,
0x52801fe2,
0xd2810141,
0xb9402fe0,
0x940025c8,
0x52800102,
0xd28101a1,
0xb9402fe0,
0x940025c4,
0xf94013e0,
0xb943b800,
0x2a0003e3,
0x528000e2,
0xd280c181,
0xb9402fe0,
0x94002668,
0xf94013e0,
0xb943cc00,
0x2a0003e3,
0x528000e2,
0xd280c2c1,
0xb9402fe0,
0x94002661,
0xf94013e0,
0xb943e000,
0x2a0003e3,
0x528000e2,
0xd280c401,
0xb9402fe0,
0x9400265a,
0xf94013e0,
0xb943f400,
0x2a0003e3,
0x528000e2,
0xd280c541,
0xb9402fe0,
0x94002653,
0xf94013e0,
0xb9440800,
0x2a0003e3,
0x528000e2,
0xd280c961,
0xb9402fe0,
0x9400264c,
0xf94013e0,
0xb9441400,
0x2a0003e3,
0x528000e2,
0xd280cac1,
0xb9402fe0,
0x94002645,
0xf94013e0,
0xb9442800,
0x2a0003e3,
0x528000e2,
0xd280cc01,
0xb9402fe0,
0x9400263e,
0xf94013e0,
0xb9443c00,
0x2a0003e3,
0x528000e2,
0xd280cd41,
0xb9402fe0,
0x94002637,
0xf94013e0,
0xb9445000,
0x2a0003e3,
0x528000e2,
0xd280ce81,
0xb9402fe0,
0x94002630,
0xf94013e0,
0xb9446400,
0x2a0003e3,
0x528000e2,
0xd280d2a1,
0xb9402fe0,
0x94002629,
0xf94013e0,
0xb944a400,
0x2a0003e3,
0x528000e2,
0xd280e181,
0xb9402fe0,
0x94002622,
0xf94013e0,
0xb944c400,
0x2a0003e3,
0x528000e2,
0xd280e2c1,
0xb9402fe0,
0x9400261b,
0xf94013e0,
0xb944e400,
0x2a0003e3,
0x528000e2,
0xd280e441,
0xb9402fe0,
0x94002614,
0xf94013e0,
0xb944fc00,
0x2a0003e3,
0x528000e2,
0xd280e581,
0xb9402fe0,
0x9400260d,
0xf94013e0,
0xb9451400,
0x2a0003e3,
0x528000e2,
0xd280e701,
0xb9402fe0,
0x94002606,
0xf94013e0,
0xb9453400,
0x2a0003e3,
0x528000e2,
0xd280e841,
0xb9402fe0,
0x940025ff,
0xf94013e0,
0xb9455400,
0x2a0003e3,
0x528000e2,
0xd280e9c1,
0xb9402fe0,
0x940025f8,
0xf94013e0,
0xb9456c00,
0x2a0003e3,
0x528000e2,
0xd280eb01,
0xb9402fe0,
0x940025f1,
0x52800223,
0x52800fe2,
0xd280c201,
0xb9402fe0,
0x940025ec,
0x52800223,
0x52800fe2,
0xd280c341,
0xb9402fe0,
0x940025e7,
0x52800223,
0x52800fe2,
0xd280c481,
0xb9402fe0,
0x940025e2,
0x52800223,
0x52800fe2,
0xd280c5c1,
0xb9402fe0,
0x940025dd,
0x52800223,
0x52800fe2,
0xd280cb41,
0xb9402fe0,
0x940025d8,
0x52800223,
0x52800fe2,
0xd280cc81,
0xb9402fe0,
0x940025d3,
0x52800223,
0x52800fe2,
0xd280cdc1,
0xb9402fe0,
0x940025ce,
0x52800223,
0x52800fe2,
0xd280cf01,
0xb9402fe0,
0x940025c9,
0xf94013e0,
0xb943bc00,
0x2a0003e3,
0x528003e2,
0xd280c221,
0xb9402fe0,
0x940025c2,
0xf94013e0,
0xb943d000,
0x2a0003e3,
0x528003e2,
0xd280c361,
0xb9402fe0,
0x940025bb,
0xf94013e0,
0xb943e400,
0x2a0003e3,
0x528003e2,
0xd280c4a1,
0xb9402fe0,
0x940025b4,
0xf94013e0,
0xb943f800,
0x2a0003e3,
0x528003e2,
0xd280c5e1,
0xb9402fe0,
0x940025ad,
0xf94013e0,
0xb9441800,
0x2a0003e3,
0x528003e2,
0xd280cb61,
0xb9402fe0,
0x940025a6,
0xf94013e0,
0xb9442c00,
0x2a0003e3,
0x528003e2,
0xd280cca1,
0xb9402fe0,
0x9400259f,
0xf94013e0,
0xb9444000,
0x2a0003e3,
0x528003e2,
0xd280cde1,
0xb9402fe0,
0x94002598,
0xf94013e0,
0xb9445400,
0x2a0003e3,
0x528003e2,
0xd280cf21,
0xb9402fe0,
0x94002591,
0xf94013e0,
0xb943c000,
0x2a0003e3,
0x528003e2,
0xd280c241,
0xb9402fe0,
0x9400258a,
0xf94013e0,
0xb943d400,
0x2a0003e3,
0x528003e2,
0xd280c381,
0xb9402fe0,
0x94002583,
0xf94013e0,
0xb943e800,
0x2a0003e3,
0x528003e2,
0xd280c4c1,
0xb9402fe0,
0x9400257c,
0xf94013e0,
0xb943fc00,
0x2a0003e3,
0x528003e2,
0xd280c601,
0xb9402fe0,
0x94002575,
0xf94013e0,
0xb9441c00,
0x2a0003e3,
0x528003e2,
0xd280cb81,
0xb9402fe0,
0x9400256e,
0xf94013e0,
0xb9443000,
0x2a0003e3,
0x528003e2,
0xd280ccc1,
0xb9402fe0,
0x94002567,
0xf94013e0,
0xb9444400,
0x2a0003e3,
0x528003e2,
0xd280ce01,
0xb9402fe0,
0x94002560,
0xf94013e0,
0xb9445800,
0x2a0003e3,
0x528003e2,
0xd280cf41,
0xb9402fe0,
0x94002559,
0x52801fe2,
0xd280f5e1,
0xb9402fe0,
0x940024aa,
0x52800223,
0x52800fe2,
0xd280e201,
0xb9402fe0,
0x94002550,
0x52800223,
0x52800fe2,
0xd280e341,
0xb9402fe0,
0x9400254b,
0x52800223,
0x52800fe2,
0xd280e781,
0xb9402fe0,
0x94002546,
0x52800223,
0x52800fe2,
0xd280e8c1,
0xb9402fe0,
0x94002541,
0xf94013e0,
0xb944b000,
0x2a0003e3,
0x528003e2,
0xd280e221,
0xb9402fe0,
0x9400253a,
0xf94013e0,
0xb944d000,
0x2a0003e3,
0x528003e2,
0xd280e361,
0xb9402fe0,
0x94002533,
0xf94013e0,
0xb9452000,
0x2a0003e3,
0x528003e2,
0xd280e7a1,
0xb9402fe0,
0x9400252c,
0xf94013e0,
0xb9454000,
0x2a0003e3,
0x528003e2,
0xd280e8e1,
0xb9402fe0,
0x94002525,
0xf94013e0,
0xb944b400,
0x2a0003e3,
0x528003e2,
0xd280e241,
0xb9402fe0,
0x9400251e,
0xf94013e0,
0xb944d400,
0x2a0003e3,
0x528003e2,
0xd280e381,
0xb9402fe0,
0x94002517,
0xf94013e0,
0xb9452400,
0x2a0003e3,
0x528003e2,
0xd280e7c1,
0xb9402fe0,
0x94002510,
0xf94013e0,
0xb9454400,
0x2a0003e3,
0x528003e2,
0xd280e901,
0xb9402fe0,
0x94002509,
0xf94013e0,
0xb943b400,
0x2a0003e3,
0x52801e02,
0xd280c161,
0xb9402fe0,
0x94002502,
0xf94013e0,
0xb943c800,
0x2a0003e3,
0x52801e02,
0xd280c2a1,
0xb9402fe0,
0x940024fb,
0xf94013e0,
0xb943dc00,
0x2a0003e3,
0x52801e02,
0xd280c3e1,
0xb9402fe0,
0x940024f4,
0xf94013e0,
0xb943f000,
0x2a0003e3,
0x52801e02,
0xd280c521,
0xb9402fe0,
0x940024ed,
0xf94013e0,
0xb9440400,
0x2a0003e3,
0x52801e02,
0xd280c941,
0xb9402fe0,
0x940024e6,
0xf94013e0,
0xb9441000,
0x2a0003e3,
0x52801e02,
0xd280caa1,
0xb9402fe0,
0x940024df,
0xf94013e0,
0xb9442400,
0x2a0003e3,
0x52801e02,
0xd280cbe1,
0xb9402fe0,
0x940024d8,
0xf94013e0,
0xb9443800,
0x2a0003e3,
0x52801e02,
0xd280cd21,
0xb9402fe0,
0x940024d1,
0xf94013e0,
0xb9444c00,
0x2a0003e3,
0x52801e02,
0xd280ce61,
0xb9402fe0,
0x940024ca,
0xf94013e0,
0xb9446000,
0x2a0003e3,
0x52801e02,
0xd280d281,
0xb9402fe0,
0x940024c3,
0xf94013e0,
0xb943b400,
0x2a0003e3,
0x528001e2,
0xd280c161,
0xb9402fe0,
0x940024bc,
0xf94013e0,
0xb943c800,
0x2a0003e3,
0x528001e2,
0xd280c2a1,
0xb9402fe0,
0x940024b5,
0xf94013e0,
0xb943dc00,
0x2a0003e3,
0x528001e2,
0xd280c3e1,
0xb9402fe0,
0x940024ae,
0xf94013e0,
0xb943f000,
0x2a0003e3,
0x528001e2,
0xd280c521,
0xb9402fe0,
0x940024a7,
0xf94013e0,
0xb9440400,
0x2a0003e3,
0x528001e2,
0xd280c941,
0xb9402fe0,
0x940024a0,
0xf94013e0,
0xb9441000,
0x2a0003e3,
0x528001e2,
0xd280caa1,
0xb9402fe0,
0x94002499,
0xf94013e0,
0xb9442400,
0x2a0003e3,
0x528001e2,
0xd280cbe1,
0xb9402fe0,
0x94002492,
0xf94013e0,
0xb9443800,
0x2a0003e3,
0x528001e2,
0xd280cd21,
0xb9402fe0,
0x9400248b,
0xf94013e0,
0xb9444c00,
0x2a0003e3,
0x528001e2,
0xd280ce61,
0xb9402fe0,
0x94002484,
0xf94013e0,
0xb9446000,
0x2a0003e3,
0x528001e2,
0xd280d281,
0xb9402fe0,
0x9400247d,
0xf94013e0,
0xb943b800,
0x2a0003e3,
0x52801e02,
0xd280c181,
0xb9402fe0,
0x94002476,
0xf94013e0,
0xb943cc00,
0x2a0003e3,
0x52801e02,
0xd280c2c1,
0xb9402fe0,
0x9400246f,
0xf94013e0,
0xb943e000,
0x2a0003e3,
0x52801e02,
0xd280c401,
0xb9402fe0,
0x94002468,
0xf94013e0,
0xb943f400,
0x2a0003e3,
0x52801e02,
0xd280c541,
0xb9402fe0,
0x94002461,
0xf94013e0,
0xb9440800,
0x2a0003e3,
0x52801e02,
0xd280c961,
0xb9402fe0,
0x9400245a,
0xf94013e0,
0xb9441400,
0x2a0003e3,
0x52801e02,
0xd280cac1,
0xb9402fe0,
0x94002453,
0xf94013e0,
0xb9442800,
0x2a0003e3,
0x52801e02,
0xd280cc01,
0xb9402fe0,
0x9400244c,
0xf94013e0,
0xb9443c00,
0x2a0003e3,
0x52801e02,
0xd280cd41,
0xb9402fe0,
0x94002445,
0xf94013e0,
0xb9445000,
0x2a0003e3,
0x52801e02,
0xd280ce81,
0xb9402fe0,
0x9400243e,
0xf94013e0,
0xb9446400,
0x2a0003e3,
0x52801e02,
0xd280d2a1,
0xb9402fe0,
0x94002437,
0xf94013e0,
0xb944a000,
0x2a0003e3,
0x52801e02,
0xd280e161,
0xb9402fe0,
0x94002430,
0xf94013e0,
0xb944c000,
0x2a0003e3,
0x52801e02,
0xd280e2a1,
0xb9402fe0,
0x94002429,
0xf94013e0,
0xb944e000,
0x2a0003e3,
0x52801e02,
0xd280e421,
0xb9402fe0,
0x94002422,
0xf94013e0,
0xb944f800,
0x2a0003e3,
0x52801e02,
0xd280e561,
0xb9402fe0,
0x9400241b,
0xf94013e0,
0xb9451000,
0x2a0003e3,
0x52801e02,
0xd280e6e1,
0xb9402fe0,
0x94002414,
0xf94013e0,
0xb9453000,
0x2a0003e3,
0x52801e02,
0xd280e821,
0xb9402fe0,
0x9400240d,
0xf94013e0,
0xb9455000,
0x2a0003e3,
0x52801e02,
0xd280e9a1,
0xb9402fe0,
0x94002406,
0xf94013e0,
0xb9456800,
0x2a0003e3,
0x52801e02,
0xd280eae1,
0xb9402fe0,
0x940023ff,
0xf94013e0,
0xb944a000,
0x2a0003e3,
0x528001e2,
0xd280e161,
0xb9402fe0,
0x940023f8,
0xf94013e0,
0xb944c000,
0x2a0003e3,
0x528001e2,
0xd280e2a1,
0xb9402fe0,
0x940023f1,
0xf94013e0,
0xb944e000,
0x2a0003e3,
0x528001e2,
0xd280e421,
0xb9402fe0,
0x940023ea,
0xf94013e0,
0xb944f800,
0x2a0003e3,
0x528001e2,
0xd280e561,
0xb9402fe0,
0x940023e3,
0xf94013e0,
0xb9451000,
0x2a0003e3,
0x528001e2,
0xd280e6e1,
0xb9402fe0,
0x940023dc,
0xf94013e0,
0xb9453000,
0x2a0003e3,
0x528001e2,
0xd280e821,
0xb9402fe0,
0x940023d5,
0xf94013e0,
0xb9455000,
0x2a0003e3,
0x528001e2,
0xd280e9a1,
0xb9402fe0,
0x940023ce,
0xf94013e0,
0xb9456800,
0x2a0003e3,
0x528001e2,
0xd280eae1,
0xb9402fe0,
0x940023c7,
0xf94013e0,
0xb944a400,
0x2a0003e3,
0x52801e02,
0xd280e181,
0xb9402fe0,
0x940023c0,
0xf94013e0,
0xb944c400,
0x2a0003e3,
0x52801e02,
0xd280e2c1,
0xb9402fe0,
0x940023b9,
0xf94013e0,
0xb944e400,
0x2a0003e3,
0x52801e02,
0xd280e441,
0xb9402fe0,
0x940023b2,
0xf94013e0,
0xb944fc00,
0x2a0003e3,
0x52801e02,
0xd280e581,
0xb9402fe0,
0x940023ab,
0xf94013e0,
0xb9451400,
0x2a0003e3,
0x52801e02,
0xd280e701,
0xb9402fe0,
0x940023a4,
0xf94013e0,
0xb9453400,
0x2a0003e3,
0x52801e02,
0xd280e841,
0xb9402fe0,
0x9400239d,
0xf94013e0,
0xb9455400,
0x2a0003e3,
0x52801e02,
0xd280e9c1,
0xb9402fe0,
0x94002396,
0xf94013e0,
0xb9456c00,
0x2a0003e3,
0x52801e02,
0xd280eb01,
0xb9402fe0,
0x9400238f,
0xf94013e0,
0xb9448c00,
0x2a0003e3,
0x528001e2,
0xd280d5e1,
0xb9402fe0,
0x94002388,
0xf94013e0,
0xb9449000,
0x2a0003e3,
0x528007e2,
0xd280d601,
0xb9402fe0,
0x94002381,
0xf94013e0,
0xb9449400,
0x2a0003e3,
0x528007e2,
0xd280d621,
0xb9402fe0,
0x9400237a,
0xf94013e0,
0xb944a800,
0x2a0003e3,
0x528001e2,
0xd280e1c1,
0xb9402fe0,
0x94002373,
0xf94013e0,
0xb944c800,
0x2a0003e3,
0x528001e2,
0xd280e301,
0xb9402fe0,
0x9400236c,
0xf94013e0,
0xb944e800,
0x2a0003e3,
0x528001e2,
0xd280e481,
0xb9402fe0,
0x94002365,
0xf94013e0,
0xb9450000,
0x2a0003e3,
0x528001e2,
0xd280e5c1,
0xb9402fe0,
0x9400235e,
0xf94013e0,
0xb9451800,
0x2a0003e3,
0x528001e2,
0xd280e741,
0xb9402fe0,
0x94002357,
0xf94013e0,
0xb9453800,
0x2a0003e3,
0x528001e2,
0xd280e881,
0xb9402fe0,
0x94002350,
0xf94013e0,
0xb9455800,
0x2a0003e3,
0x528001e2,
0xd280ea01,
0xb9402fe0,
0x94002349,
0xf94013e0,
0xb9457000,
0x2a0003e3,
0x528001e2,
0xd280eb41,
0xb9402fe0,
0x94002342,
0xf94013e0,
0xb944ac00,
0x2a0003e3,
0x52801e02,
0xd280e1e1,
0xb9402fe0,
0x9400233b,
0xf94013e0,
0xb944cc00,
0x2a0003e3,
0x52801e02,
0xd280e321,
0xb9402fe0,
0x94002334,
0xf94013e0,
0xb944ec00,
0x2a0003e3,
0x52801e02,
0xd280e4a1,
0xb9402fe0,
0x9400232d,
0xf94013e0,
0xb9450400,
0x2a0003e3,
0x52801e02,
0xd280e5e1,
0xb9402fe0,
0x94002326,
0xf94013e0,
0xb9451c00,
0x2a0003e3,
0x52801e02,
0xd280e761,
0xb9402fe0,
0x9400231f,
0xf94013e0,
0xb9453c00,
0x2a0003e3,
0x52801e02,
0xd280e8a1,
0xb9402fe0,
0x94002318,
0xf94013e0,
0xb9455c00,
0x2a0003e3,
0x52801e02,
0xd280ea21,
0xb9402fe0,
0x94002311,
0xf94013e0,
0xb9457400,
0x2a0003e3,
0x52801e02,
0xd280eb61,
0xb9402fe0,
0x9400230a,
0xb9402be0,
0x7100001f,
0x54000840,
0xf94013e0,
0xb9437800,
0x2a0003e2,
0xd280a121,
0xb9402fe0,
0x94002256,
0xf94013e0,
0xb9437c00,
0x2a0003e3,
0x528000e2,
0xd280a141,
0xb9402fe0,
0x940022fa,
0xf94013e0,
0xb9438000,
0x2a0003e2,
0xd280a161,
0xb9402fe0,
0x94002249,
0xf94013e0,
0xb9438400,
0x2a0003e3,
0x52800fe2,
0xd280a181,
0xb9402fe0,
0x940022ed,
0xf94013e0,
0xb9438800,
0x2a0003e2,
0xd280a1a1,
0xb9402fe0,
0x9400223c,
0xf94013e0,
0xb9438c00,
0x2a0003e3,
0x528001e2,
0xd280a1c1,
0xb9402fe0,
0x940022e0,
0xf94013e0,
0xb9437400,
0x2a0003e3,
0x528007e2,
0xd280a021,
0xb9402fe0,
0x940022d9,
0xf94013e0,
0xb9417000,
0x2a0003e3,
0x528000e2,
0xd2800501,
0xb9402fe0,
0x940022d2,
0xf94013e0,
0xb9416c00,
0x2a0003e2,
0xd28004e1,
0xb9402fe0,
0x94002221,
0xf94013e0,
0xb9417800,
0x2a0003e2,
0xd28005c1,
0xb9402fe0,
0x9400221b,
0xf94013e0,
0xb940fc00,
0x2a0003e3,
0x528007e2,
0xd2800021,
0xb9402fe0,
0x940022bf,
0xf94013e0,
0xb9419400,
0x2a0003e3,
0x52800062,
0xd2800cc1,
0xb9402fe0,
0x940022b8,
0xf94013e0,
0xb940f800,
0x2a0003e3,
0x52800102,
0xd2800001,
0xb9402fe0,
0x940022b1,
0x52800003,
0x52800c02,
0xd280a9c1,
0xb9402fe0,
0x940022ac,
0xb9402be0,
0x7100001f,
0x54000181,
0xf94013e0,
0xb9410000,
0x2a0003e3,
0x52801002,
0xd2800041,
0xb9402fe0,
0x940022a2,
0x52800102,
0xd2800181,
0xb9402fe0,
0x940021f3,
0xf94013e0,
0xb9410400,
0x2a0003e3,
0x528001e2,
0xd2800081,
0xb9402fe0,
0x94002297,
0xf94013e0,
0xb9416800,
0x2a0003e3,
0x528007e2,
0xd2800461,
0xb9402fe0,
0x94002290,
0xf94013e0,
0xb9410800,
0x2a0003e3,
0x528001e2,
0xd28000a1,
0xb9402fe0,
0x94002289,
0xb9402be0,
0x7100001f,
0x54000461,
0xf94013e0,
0xb9410c00,
0x2a0003e3,
0x528003e2,
0xd28000c1,
0xb9402fe0,
0x9400227f,
0xf94013e0,
0xb9411000,
0x2a0003e3,
0x528001e2,
0xd28000e1,
0xb9402fe0,
0x94002278,
0xf94013e0,
0xb9415c00,
0x2a0003e2,
0xd2800401,
0xb9402fe0,
0x940021c7,
0xf94013e0,
0xb9416000,
0x2a0003e3,
0x528001e2,
0xd2800421,
0xb9402fe0,
0x9400226b,
0xf94013e0,
0xb9416400,
0x2a0003e2,
0xd2800441,
0xb9402fe0,
0x940021ba,
0x1400001f,
0xf94013e0,
0xb9439000,
0x2a0003e2,
0xd280a221,
0xb9402fe0,
0x940021b3,
0xf94013e0,
0xb9439400,
0x2a0003e2,
0xd280a241,
0xb9402fe0,
0x940021ad,
0xf94013e0,
0xb9439800,
0x2a0003e2,
0xd280a2a1,
0xb9402fe0,
0x940021a7,
0xf94013e0,
0xb9439c00,
0x2a0003e2,
0xd280a5c1,
0xb9402fe0,
0x940021a1,
0xf94013e0,
0xb946e800,
0x2a0003e2,
0xd2810a41,
0xb9402fe0,
0x9400219b,
0xf94013e0,
0xb9411400,
0x2a0003e3,
0x528007e2,
0xd2800121,
0xb9402fe0,
0x9400223f,
0xf94013e0,
0xb9411c00,
0x2a0003e3,
0x528007e2,
0xd2800161,
0xb9402fe0,
0x94002238,
0xb9402be0,
0x7100001f,
0x540001e1,
0xf94013e0,
0xb9410000,
0x2a0003e3,
0x528001e2,
0xd2800041,
0xb9402fe0,
0x9400222e,
0xf94013e0,
0xb9417400,
0x2a0003e3,
0x52800e02,
0xd28005a1,
0xb9402fe0,
0x94002227,
0xf94013e0,
0xb9413800,
0x2a0003e2,
0xd28002c1,
0xb9402fe0,
0x94002176,
0xf94013e0,
0xb9413400,
0x2a0003e2,
0xd28002a1,
0xb9402fe0,
0x94002170,
0xf94013e0,
0xb9414000,
0x2a0003e2,
0xd2800301,
0xb9402fe0,
0x9400216a,
0xf94013e0,
0xb9413c00,
0x2a0003e2,
0xd28002e1,
0xb9402fe0,
0x94002164,
0xf94013e0,
0xb9414800,
0x2a0003e2,
0xd2800341,
0xb9402fe0,
0x9400215e,
0xf94013e0,
0xb9414400,
0x2a0003e2,
0xd2800321,
0xb9402fe0,
0x94002158,
0xf94013e0,
0xb9415000,
0x2a0003e2,
0xd2800381,
0xb9402fe0,
0x94002152,
0xf94013e0,
0xb9414c00,
0x2a0003e2,
0xd2800361,
0xb9402fe0,
0x9400214c,
0xb9402be0,
0x7100001f,
0x540003e0,
0xf94013e0,
0xb9415800,
0x2a0003e2,
0xd28003c1,
0xb9402fe0,
0x94002143,
0xf94013e0,
0xb9415400,
0x2a0003e2,
0xd28003a1,
0xb9402fe0,
0x9400213d,
0xf94013e0,
0xb9415400,
0x2a0003e2,
0xd2801421,
0xb9402fe0,
0x94002137,
0xf94013e0,
0xb9415400,
0x2a0003e2,
0xd2801441,
0xb9402fe0,
0x94002131,
0xf94013e0,
0xb9415400,
0x2a0003e2,
0xd2801461,
0xb9402fe0,
0x9400212b,
0xf94013e0,
0xb9418000,
0x2a0003e2,
0xd2800c21,
0xb9402fe0,
0x94002125,
0xf94013e0,
0xb9417c00,
0x2a0003e2,
0xd2800c01,
0xb9402fe0,
0x9400211f,
0xb9402be0,
0x7100001f,
0x54000321,
0xf94013e0,
0xb9418800,
0x2a0003e2,
0xd2800c61,
0xb9402fe0,
0x94002116,
0xf94013e0,
0xb9418400,
0x2a0003e2,
0xd2800c41,
0xb9402fe0,
0x94002110,
0xf94013e0,
0xb9419000,
0x2a0003e2,
0xd2800ca1,
0xb9402fe0,
0x9400210a,
0xf94013e0,
0xb9418c00,
0x2a0003e2,
0xd2800c81,
0xb9402fe0,
0x94002104,
0xf94013e0,
0xb9411800,
0x2a0003e3,
0x528007e2,
0xd2800141,
0xb9402fe0,
0x940021a8,
0xf94013e0,
0xb943a000,
0x2a0003e2,
0xd280aac1,
0xb9402fe0,
0x940020f7,
0xf94013e0,
0xb943a400,
0x2a0003e2,
0xd280aae1,
0xb9402fe0,
0x940020f1,
0xb9402be0,
0x7100001f,
0x54003bc0,
0xf94013e0,
0xb946a000,
0x2a0003e2,
0xd280fb21,
0xb9402fe0,
0x940020e8,
0xf94013e0,
0xb946a400,
0x2a0003e2,
0xd280fb41,
0xb9402fe0,
0x940020e2,
0xf94013e0,
0xb946a800,
0x2a0003e2,
0xd280fb61,
0xb9402fe0,
0x940020dc,
0xf94013e0,
0xb946b800,
0x2a0003e2,
0xd280fbe1,
0xb9402fe0,
0x940020d6,
0xf94013e0,
0xb946bc00,
0x2a0003e2,
0xd280fc01,
0xb9402fe0,
0x940020d0,
0xf94013e0,
0xb946c000,
0x2a0003e2,
0xd280fc21,
0xb9402fe0,
0x940020ca,
0xf94013e0,
0xb942fc00,
0x2a0003e2,
0xd2809401,
0xb9402fe0,
0x940020c4,
0xf94013e0,
0xb9430000,
0x2a0003e2,
0xd2809421,
0xb9402fe0,
0x940020be,
0xf94013e0,
0xb9430400,
0x2a0003e2,
0xd2809441,
0xb9402fe0,
0x940020b8,
0xf94013e0,
0xb9430800,
0x2a0003e2,
0xd2809461,
0xb9402fe0,
0x940020b2,
0xf94013e0,
0xb9430c00,
0x2a0003e2,
0xd2809481,
0xb9402fe0,
0x940020ac,
0xf94013e0,
0xb9431000,
0x2a0003e2,
0xd28094a1,
0xb9402fe0,
0x940020a6,
0xf94013e0,
0xb9431400,
0x2a0003e2,
0xd28094c1,
0xb9402fe0,
0x940020a0,
0xf94013e0,
0xb9431800,
0x2a0003e2,
0xd28094e1,
0xb9402fe0,
0x9400209a,
0xf94013e0,
0xb9431c00,
0x2a0003e2,
0xd2809501,
0xb9402fe0,
0x94002094,
0xf94013e0,
0xb9432000,
0x2a0003e2,
0xd2809521,
0xb9402fe0,
0x9400208e,
0xf94013e0,
0xb9432400,
0x2a0003e2,
0xd2809541,
0xb9402fe0,
0x94002088,
0xf94013e0,
0xb9432800,
0x2a0003e2,
0xd2809561,
0xb9402fe0,
0x94002082,
0xf94013e0,
0xb9432c00,
0x2a0003e2,
0xd2809581,
0xb9402fe0,
0x9400207c,
0xf94013e0,
0xb9433000,
0x2a0003e2,
0xd28095a1,
0xb9402fe0,
0x94002076,
0xf94013e0,
0xb9433400,
0x2a0003e2,
0xd28095c1,
0xb9402fe0,
0x94002070,
0xf94013e0,
0xb9433800,
0x2a0003e2,
0xd28095e1,
0xb9402fe0,
0x9400206a,
0xf94013e0,
0xb9433c00,
0x2a0003e2,
0xd2809601,
0xb9402fe0,
0x94002064,
0xf94013e0,
0xb9434000,
0x2a0003e2,
0xd2809621,
0xb9402fe0,
0x9400205e,
0xf94013e0,
0xb9434400,
0x2a0003e2,
0xd2809641,
0xb9402fe0,
0x94002058,
0xf94013e0,
0xb9434800,
0x2a0003e2,
0xd2809661,
0xb9402fe0,
0x94002052,
0xf94013e0,
0xb9434c00,
0x2a0003e2,
0xd2809681,
0xb9402fe0,
0x9400204c,
0xf94013e0,
0xb9435000,
0x2a0003e2,
0xd28096a1,
0xb9402fe0,
0x94002046,
0xf94013e0,
0xb9435400,
0x2a0003e2,
0xd28096c1,
0xb9402fe0,
0x94002040,
0xf94013e0,
0xb9435800,
0x2a0003e2,
0xd28096e1,
0xb9402fe0,
0x9400203a,
0xf94013e0,
0xb9435c00,
0x2a0003e2,
0xd2809701,
0xb9402fe0,
0x94002034,
0xf94013e0,
0xb9436000,
0x2a0003e2,
0xd2809721,
0xb9402fe0,
0x9400202e,
0xf94013e0,
0xb9436400,
0x2a0003e2,
0xd2809741,
0xb9402fe0,
0x94002028,
0xf94013e0,
0xb9436800,
0x2a0003e2,
0xd2809761,
0xb9402fe0,
0x94002022,
0xf94013e0,
0xb9436c00,
0x2a0003e2,
0xd2809781,
0xb9402fe0,
0x9400201c,
0xf94013e0,
0xb9471000,
0x2a0003e2,
0xd280f821,
0xb9402fe0,
0x94002016,
0xf94013e0,
0xb946c400,
0x2a0003e2,
0xd280fc61,
0xb9402fe0,
0x94002010,
0x52801f85,
0xd280f824,
0xb9402fe3,
0x52801f82,
0xd28003e1,
0xb9402fe0,
0x940020cb,
0x52800065,
0xd280f824,
0xb9402fe3,
0x52801802,
0xd2800281,
0xb9402fe0,
0x940020c4,
0xf94013e0,
0xb9471400,
0x2a0003e2,
0xd280f841,
0xb9402fe0,
0x94001ffc,
0xf94013e0,
0xb9471800,
0x2a0003e2,
0xd280f861,
0xb9402fe0,
0x94001ff6,
0xf94013e0,
0xb9471c00,
0x2a0003e2,
0xd280f881,
0xb9402fe0,
0x94001ff0,
0xf94013e0,
0xb9472000,
0x2a0003e2,
0xd280f8a1,
0xb9402fe0,
0x94001fea,
0xf94013e0,
0xb9472400,
0x2a0003e2,
0xd280f8c1,
0xb9402fe0,
0x94001fe4,
0xf94013e0,
0xb9472800,
0x2a0003e2,
0xd280f8e1,
0xb9402fe0,
0x94001fde,
0xf94013e0,
0xb9472c00,
0x2a0003e2,
0xd280f901,
0xb9402fe0,
0x94001fd8,
0xf94013e0,
0xb9473000,
0x2a0003e2,
0xd280f921,
0xb9402fe0,
0x94001fd2,
0xf94013e0,
0xb9473400,
0x2a0003e2,
0xd280f941,
0xb9402fe0,
0x94001fcc,
0xf94013e0,
0xb9473800,
0x2a0003e2,
0xd280f961,
0xb9402fe0,
0x94001fc6,
0xf94013e0,
0xb9473c00,
0x2a0003e2,
0xd280f981,
0xb9402fe0,
0x94001fc0,
0xf94013e0,
0xb9474000,
0x2a0003e2,
0xd280f9a1,
0xb9402fe0,
0x94001fba,
0xf94013e0,
0xb9474400,
0x2a0003e2,
0xd280f9c1,
0xb9402fe0,
0x94001fb4,
0xf94013e0,
0xb9474800,
0x2a0003e2,
0xd280f9e1,
0xb9402fe0,
0x94001fae,
0xf94013e0,
0xb9474c00,
0x2a0003e2,
0xd280fa01,
0xb9402fe0,
0x94001fa8,
0xf94013e0,
0xb9475000,
0x2a0003e2,
0xd280fa21,
0xb9402fe0,
0x94001fa2,
0xf94013e0,
0xb9475400,
0x2a0003e2,
0xd280fa41,
0xb9402fe0,
0x94001f9c,
0xf94013e0,
0xb9475800,
0x2a0003e2,
0xd280fa61,
0xb9402fe0,
0x94001f96,
0xf94013e0,
0xb9475c00,
0x2a0003e2,
0xd280fa81,
0xb9402fe0,
0x94001f90,
0xf94013e0,
0xb9476000,
0x2a0003e2,
0xd280faa1,
0xb9402fe0,
0x94001f8a,
0xf94013e0,
0xb9476400,
0x2a0003e2,
0xd2804001,
0xb9402fe0,
0x94001f84,
0xf94013e0,
0xb9476800,
0x2a0003e2,
0xd2804021,
0xb9402fe0,
0x94001f7e,
0xf94013e0,
0xb9476c00,
0x2a0003e2,
0xd2804041,
0xb9402fe0,
0x94001f78,
0xf94013e0,
0xb9477000,
0x2a0003e2,
0xd2804061,
0xb9402fe0,
0x94001f72,
0xf94013e0,
0xb9477400,
0x2a0003e2,
0xd2804081,
0xb9402fe0,
0x94001f6c,
0xf94013e0,
0xb9477800,
0x2a0003e2,
0xd28040a1,
0xb9402fe0,
0x94001f66,
0xf94013e0,
0xb9477c00,
0x2a0003e2,
0xd28040c1,
0xb9402fe0,
0x94001f60,
0xf94013e0,
0xb9478000,
0x2a0003e2,
0xd28040e1,
0xb9402fe0,
0x94001f5a,
0xf94013e0,
0xb9478400,
0x2a0003e2,
0xd2804101,
0xb9402fe0,
0x94001f54,
0xf94013e0,
0xb9478800,
0x2a0003e2,
0xd2804121,
0xb9402fe0,
0x94001f4e,
0xf94013e0,
0xb9478c00,
0x2a0003e2,
0xd2804141,
0xb9402fe0,
0x94001f48,
0xf94013e0,
0xb9479000,
0x2a0003e2,
0xd2804161,
0xb9402fe0,
0x94001f42,
0xf94013e0,
0xb9479400,
0x2a0003e2,
0xd2804181,
0xb9402fe0,
0x94001f3c,
0xf94013e0,
0xb9479800,
0x2a0003e2,
0xd28041a1,
0xb9402fe0,
0x94001f36,
0xf94013e0,
0xb9479c00,
0x2a0003e2,
0xd28041c1,
0xb9402fe0,
0x94001f30,
0xf94013e0,
0xb947a000,
0x2a0003e2,
0xd28041e1,
0xb9402fe0,
0x94001f2a,
0xf94013e0,
0xb947a400,
0x2a0003e2,
0xd2804201,
0xb9402fe0,
0x94001f24,
0xf94013e0,
0xb947a800,
0x2a0003e2,
0xd2804221,
0xb9402fe0,
0x94001f1e,
0xf94013e0,
0xb947ac00,
0x2a0003e2,
0xd2804241,
0xb9402fe0,
0x94001f18,
0xf94013e0,
0xb947b000,
0x2a0003e2,
0xd2804261,
0xb9402fe0,
0x94001f12,
0x140001e5,
0xf94013e0,
0xb9469400,
0x2a0003e2,
0xd280fac1,
0xb9402fe0,
0x94001f0b,
0xf94013e0,
0xb9469800,
0x2a0003e2,
0xd280fae1,
0xb9402fe0,
0x94001f05,
0xf94013e0,
0xb9469c00,
0x2a0003e2,
0xd280fb01,
0xb9402fe0,
0x94001eff,
0xf94013e0,
0xb946ac00,
0x2a0003e2,
0xd280fb81,
0xb9402fe0,
0x94001ef9,
0xf94013e0,
0xb946b000,
0x2a0003e2,
0xd280fba1,
0xb9402fe0,
0x94001ef3,
0xf94013e0,
0xb946b400,
0x2a0003e2,
0xd280fbc1,
0xb9402fe0,
0x94001eed,
0x52800042,
0xd2804281,
0xb9402fe0,
0x94001ee9,
0x52800042,
0xd28042a1,
0xb9402fe0,
0x94001ee5,
0xf94013e0,
0xb942fc00,
0x2a0003e2,
0xd2809401,
0xb9402fe0,
0x94001edf,
0xf94013e0,
0xb9430000,
0x2a0003e2,
0xd2809421,
0xb9402fe0,
0x94001ed9,
0xf94013e0,
0xb9430400,
0x2a0003e2,
0xd2809441,
0xb9402fe0,
0x94001ed3,
0xf94013e0,
0xb9430800,
0x2a0003e2,
0xd2809461,
0xb9402fe0,
0x94001ecd,
0xf94013e0,
0xb9430c00,
0x2a0003e2,
0xd2809481,
0xb9402fe0,
0x94001ec7,
0xf94013e0,
0xb9431000,
0x2a0003e2,
0xd28094a1,
0xb9402fe0,
0x94001ec1,
0xf94013e0,
0xb9431400,
0x2a0003e2,
0xd28094c1,
0xb9402fe0,
0x94001ebb,
0xf94013e0,
0xb9431800,
0x2a0003e2,
0xd28094e1,
0xb9402fe0,
0x94001eb5,
0xf94013e0,
0xb9431c00,
0x2a0003e2,
0xd2809501,
0xb9402fe0,
0x94001eaf,
0xf94013e0,
0xb9432000,
0x2a0003e2,
0xd2809521,
0xb9402fe0,
0x94001ea9,
0xf94013e0,
0xb9432400,
0x2a0003e2,
0xd2809541,
0xb9402fe0,
0x94001ea3,
0xf94013e0,
0xb9432800,
0x2a0003e2,
0xd2809561,
0xb9402fe0,
0x94001e9d,
0xf94013e0,
0xb9432c00,
0x2a0003e2,
0xd2809581,
0xb9402fe0,
0x94001e97,
0xf94013e0,
0xb9433000,
0x2a0003e2,
0xd28095a1,
0xb9402fe0,
0x94001e91,
0xf94013e0,
0xb9433400,
0x2a0003e2,
0xd28095c1,
0xb9402fe0,
0x94001e8b,
0xf94013e0,
0xb9433800,
0x2a0003e2,
0xd28095e1,
0xb9402fe0,
0x94001e85,
0xf94013e0,
0xb9433c00,
0x2a0003e2,
0xd2809601,
0xb9402fe0,
0x94001e7f,
0xf94013e0,
0xb9434000,
0x2a0003e2,
0xd2809621,
0xb9402fe0,
0x94001e79,
0xf94013e0,
0xb9434400,
0x2a0003e2,
0xd2809641,
0xb9402fe0,
0x94001e73,
0xf94013e0,
0xb9434800,
0x2a0003e2,
0xd2809661,
0xb9402fe0,
0x94001e6d,
0xf94013e0,
0xb9434c00,
0x2a0003e2,
0xd2809681,
0xb9402fe0,
0x94001e67,
0xf94013e0,
0xb9435000,
0x2a0003e2,
0xd28096a1,
0xb9402fe0,
0x94001e61,
0xf94013e0,
0xb9435400,
0x2a0003e2,
0xd28096c1,
0xb9402fe0,
0x94001e5b,
0xf94013e0,
0xb9435800,
0x2a0003e2,
0xd28096e1,
0xb9402fe0,
0x94001e55,
0xf94013e0,
0xb9435c00,
0x2a0003e2,
0xd2809701,
0xb9402fe0,
0x94001e4f,
0xf94013e0,
0xb9436000,
0x2a0003e2,
0xd2809721,
0xb9402fe0,
0x94001e49,
0xf94013e0,
0xb9436400,
0x2a0003e2,
0xd2809741,
0xb9402fe0,
0x94001e43,
0xf94013e0,
0xb9436800,
0x2a0003e2,
0xd2809761,
0xb9402fe0,
0x94001e3d,
0xf94013e0,
0xb9436c00,
0x2a0003e2,
0xd2809781,
0xb9402fe0,
0x94001e37,
0xf94013e0,
0xb9471000,
0x2a0003e2,
0xd280f821,
0xb9402fe0,
0x94001e31,
0xf94013e0,
0xb946c400,
0x2a0003e2,
0xd280fc61,
0xb9402fe0,
0x94001e2b,
0x52801f85,
0xd280f824,
0xb9402fe3,
0x52801f82,
0xd28003e1,
0xb9402fe0,
0x94001ee6,
0x52800065,
0xd280f824,
0xb9402fe3,
0x52801802,
0xd2800281,
0xb9402fe0,
0x94001edf,
0xf94013e0,
0xb9471400,
0x2a0003e2,
0xd280f841,
0xb9402fe0,
0x94001e17,
0xf94013e0,
0xb9471800,
0x2a0003e2,
0xd280f861,
0xb9402fe0,
0x94001e11,
0xf94013e0,
0xb9471c00,
0x2a0003e2,
0xd280f881,
0xb9402fe0,
0x94001e0b,
0xf94013e0,
0xb9472000,
0x2a0003e2,
0xd280f8a1,
0xb9402fe0,
0x94001e05,
0xf94013e0,
0xb9472400,
0x2a0003e2,
0xd280f8c1,
0xb9402fe0,
0x94001dff,
0xf94013e0,
0xb9472800,
0x2a0003e2,
0xd280f8e1,
0xb9402fe0,
0x94001df9,
0xf94013e0,
0xb9472c00,
0x2a0003e2,
0xd280f901,
0xb9402fe0,
0x94001df3,
0xf94013e0,
0xb9473000,
0x2a0003e2,
0xd280f921,
0xb9402fe0,
0x94001ded,
0xf94013e0,
0xb9473400,
0x2a0003e2,
0xd280f941,
0xb9402fe0,
0x94001de7,
0xf94013e0,
0xb9473800,
0x2a0003e2,
0xd280f961,
0xb9402fe0,
0x94001de1,
0xf94013e0,
0xb9473c00,
0x2a0003e2,
0xd280f981,
0xb9402fe0,
0x94001ddb,
0xf94013e0,
0xb9474000,
0x2a0003e2,
0xd280f9a1,
0xb9402fe0,
0x94001dd5,
0xf94013e0,
0xb9474400,
0x2a0003e2,
0xd280f9c1,
0xb9402fe0,
0x94001dcf,
0xf94013e0,
0xb9474800,
0x2a0003e2,
0xd280f9e1,
0xb9402fe0,
0x94001dc9,
0xf94013e0,
0xb9474c00,
0x2a0003e2,
0xd280fa01,
0xb9402fe0,
0x94001dc3,
0xf94013e0,
0xb9475000,
0x2a0003e2,
0xd280fa21,
0xb9402fe0,
0x94001dbd,
0xf94013e0,
0xb9475400,
0x2a0003e2,
0xd280fa41,
0xb9402fe0,
0x94001db7,
0xf94013e0,
0xb9475800,
0x2a0003e2,
0xd280fa61,
0xb9402fe0,
0x94001db1,
0xf94013e0,
0xb9475c00,
0x2a0003e2,
0xd280fa81,
0xb9402fe0,
0x94001dab,
0xf94013e0,
0xb9476000,
0x2a0003e2,
0xd280faa1,
0xb9402fe0,
0x94001da5,
0xf94013e0,
0xb9476400,
0x2a0003e2,
0xd2804001,
0xb9402fe0,
0x94001d9f,
0xf94013e0,
0xb9476800,
0x2a0003e2,
0xd2804021,
0xb9402fe0,
0x94001d99,
0xf94013e0,
0xb9476c00,
0x2a0003e2,
0xd2804041,
0xb9402fe0,
0x94001d93,
0xf94013e0,
0xb9477000,
0x2a0003e2,
0xd2804061,
0xb9402fe0,
0x94001d8d,
0xf94013e0,
0xb9477400,
0x2a0003e2,
0xd2804081,
0xb9402fe0,
0x94001d87,
0xf94013e0,
0xb9477800,
0x2a0003e2,
0xd28040a1,
0xb9402fe0,
0x94001d81,
0xf94013e0,
0xb9477c00,
0x2a0003e2,
0xd28040c1,
0xb9402fe0,
0x94001d7b,
0xf94013e0,
0xb9478000,
0x2a0003e2,
0xd28040e1,
0xb9402fe0,
0x94001d75,
0xf94013e0,
0xb9478400,
0x2a0003e2,
0xd2804101,
0xb9402fe0,
0x94001d6f,
0xf94013e0,
0xb9478800,
0x2a0003e2,
0xd2804121,
0xb9402fe0,
0x94001d69,
0xf94013e0,
0xb9478c00,
0x2a0003e2,
0xd2804141,
0xb9402fe0,
0x94001d63,
0xf94013e0,
0xb9479000,
0x2a0003e2,
0xd2804161,
0xb9402fe0,
0x94001d5d,
0xf94013e0,
0xb9479400,
0x2a0003e2,
0xd2804181,
0xb9402fe0,
0x94001d57,
0xf94013e0,
0xb9479800,
0x2a0003e2,
0xd28041a1,
0xb9402fe0,
0x94001d51,
0xf94013e0,
0xb9479c00,
0x2a0003e2,
0xd28041c1,
0xb9402fe0,
0x94001d4b,
0xf94013e0,
0xb947a000,
0x2a0003e2,
0xd28041e1,
0xb9402fe0,
0x94001d45,
0xf94013e0,
0xb947a400,
0x2a0003e2,
0xd2804201,
0xb9402fe0,
0x94001d3f,
0xf94013e0,
0xb947a800,
0x2a0003e2,
0xd2804221,
0xb9402fe0,
0x94001d39,
0xf94013e0,
0xb947ac00,
0x2a0003e2,
0xd2804241,
0xb9402fe0,
0x94001d33,
0xf94013e0,
0xb947b000,
0x2a0003e2,
0xd2804261,
0xb9402fe0,
0x94001d2d,
0x52801063,
0x52801062,
0xd2800061,
0xb9402fe0,
0x94001dd3,
0x528001e3,
0x528001e2,
0xd2800481,
0xb9402fe0,
0x94001dce,
0x52801fe2,
0xd28022e1,
0xb9402fe0,
0x94001d1f,
0x52801fe2,
0xd2802301,
0xb9402fe0,
0x94001d1b,
0x52800803,
0x52800802,
0xd2800021,
0xb9402fe0,
0x94001dc1,
0x52800183,
0x52800182,
0xd2800061,
0xb9402fe0,
0x94001dbc,
0x52801e03,
0x52801e02,
0xd2800481,
0xb9402fe0,
0x94001db7,
0x52801fe2,
0xd28022a1,
0xb9402fe0,
0x94001d08,
0x52801fe2,
0xd28022c1,
0xb9402fe0,
0x94001d04,
0x52800003,
0x52801002,
0xd2810d01,
0xb9402fe0,
0x94001daa,
0xf94013e0,
0xb9408c00,
0x2a0003e2,
0x52800001,
0xb9402fe0,
0x94002343,
0x52801003,
0x52801002,
0xd2810d01,
0xb9402fe0,
0x94001d9f,
0x52800003,
0x52800102,
0xd2810d01,
0xb9402fe0,
0x94001d9a,
0xf94013e0,
0xb9409c00,
0x2a0003e2,
0x52800081,
0xb9402fe0,
0x94002333,
0x52800103,
0x52800102,
0xd2810d01,
0xb9402fe0,
0x94001d8f,
0xf94013e0,
0xb9448400,
0x2a0003e2,
0xd280d501,
0xb9402fe0,
0x94001cde,
0x52800003,
0x52800802,
0xd2810d21,
0xb9402fe0,
0x94001d84,
0xf94013e0,
0xb940b000,
0x2a0003e2,
0x52800121,
0xb9402fe0,
0x9400231d,
0x52800803,
0x52800802,
0xd2810d21,
0xb9402fe0,
0x94001d79,
0xf94013e0,
0xb9448000,
0x2a0003e2,
0xd280d4e1,
0xb9402fe0,
0x94001cc8,
0x52800003,
0x52801002,
0xd2810d21,
0xb9402fe0,
0x94001d6e,
0xf94013e0,
0xb940ac00,
0x2a0003e2,
0x52800101,
0xb9402fe0,
0x94002307,
0x52801003,
0x52801002,
0xd2810d21,
0xb9402fe0,
0x94001d63,
0xf94013e0,
0xb9447c00,
0x2a0003e2,
0xd280d4c1,
0xb9402fe0,
0x94001cb2,
0xb9402be0,
0x7100001f,
0x54000100,
0x528001e5,
0xd280d4c4,
0xb9402fe3,
0x52801e02,
0xd2800be1,
0xb9402fe0,
0x94001d6a,
0x52800003,
0x52800042,
0xd2810d01,
0xb9402fe0,
0x94001d4e,
0xf94013e0,
0xb940a400,
0x2a0003e2,
0x528000c1,
0xb9402fe0,
0x940022e7,
0x52800043,
0x52800042,
0xd2810d01,
0xb9402fe0,
0x94001d43,
0xf94013e0,
0xb9447800,
0x2a0003e2,
0xd280d4a1,
0xb9402fe0,
0x94001c92,
0x52800003,
0x52800022,
0xd2810d01,
0xb9402fe0,
0x94001d38,
0xf94013e0,
0xb940a800,
0x2a0003e2,
0x528000e1,
0xb9402fe0,
0x940022d1,
0x52800023,
0x52800022,
0xd2810d01,
0xb9402fe0,
0x94001d2d,
0xf94013e0,
0xb9447400,
0x2a0003e2,
0xd280d481,
0xb9402fe0,
0x94001c7c,
0xb9402be0,
0x7100001f,
0x54000100,
0x528001e5,
0xd280d484,
0xb9402fe3,
0x52801e02,
0xd2801fa1,
0xb9402fe0,
0x94001d34,
0x52800003,
0x52800082,
0xd2810d01,
0xb9402fe0,
0x94001d18,
0xf94013e0,
0xb940a000,
0x2a0003e2,
0x528000a1,
0xb9402fe0,
0x940022b1,
0x52800083,
0x52800082,
0xd2810d01,
0xb9402fe0,
0x94001d0d,
0xf94013e0,
0xb9447000,
0x2a0003e2,
0xd280d461,
0xb9402fe0,
0x94001c5c,
0xb9402be0,
0x7100001f,
0x54000100,
0x528001e5,
0xd280d464,
0xb9402fe3,
0x528001e2,
0xd2800be1,
0xb9402fe0,
0x94001d14,
0x52800003,
0x52800402,
0xd2810d01,
0xb9402fe0,
0x94001cf8,
0xf94013e0,
0xb9409400,
0x2a0003e2,
0x52800041,
0xb9402fe0,
0x94002291,
0x52800403,
0x52800402,
0xd2810d01,
0xb9402fe0,
0x94001ced,
0xf94013e0,
0xb9446c00,
0x2a0003e2,
0xd280d441,
0xb9402fe0,
0x94001c3c,
0x52800003,
0x52800202,
0xd2810d01,
0xb9402fe0,
0x94001ce2,
0xf94013e0,
0xb9409800,
0x2a0003e2,
0x52800061,
0xb9402fe0,
0x9400227b,
0x52800203,
0x52800202,
0xd2810d01,
0xb9402fe0,
0x94001cd7,
0xf94013e0,
0xb9446800,
0x2a0003e2,
0xd280d421,
0xb9402fe0,
0x94001c26,
0xb9402be0,
0x7100001f,
0x54000100,
0x528001e5,
0xd280d424,
0xb9402fe3,
0x528001e2,
0xd2801fa1,
0xb9402fe0,
0x94001cde,
0x52800003,
0x52800802,
0xd2810d01,
0xb9402fe0,
0x94001cc2,
0xf94013e0,
0xb9409000,
0x2a0003e2,
0x52800021,
0xb9402fe0,
0x9400225b,
0x52800803,
0x52800802,
0xd2810d01,
0xb9402fe0,
0x94001cb7,
0x528000a2,
0xd280d561,
0xb9402fe0,
0x94001c08,
0xf94013e0,
0xb9457c00,
0x2a0003e2,
0xd280ed81,
0xb9402fe0,
0x94001c02,
0xf94013e0,
0xb9458c00,
0x2a0003e2,
0xd280ee01,
0xb9402fe0,
0x94001bfc,
0x52800003,
0x52800402,
0xd2810d41,
0xb9402fe0,
0x94001ca2,
0x52800003,
0x52800202,
0xd2802261,
0xb9402fe0,
0x94001c9d,
0xf94013e0,
0xb941c800,
0x2a0003e3,
0x52800fe2,
0xd2802101,
0xb9402fe0,
0x94001c96,
0x52800403,
0x52800402,
0xd2810d41,
0xb9402fe0,
0x94001c91,
0xf94013e0,
0xb9458000,
0x2a0003e2,
0xd280eda1,
0xb9402fe0,
0x94001be0,
0xf94013e0,
0xb9459000,
0x2a0003e2,
0xd280ee21,
0xb9402fe0,
0x94001bda,
0x52800003,
0x52800042,
0xd2810d41,
0xb9402fe0,
0x94001c80,
0x52800003,
0x52800402,
0xd2802261,
0xb9402fe0,
0x94001c7b,
0xf94013e0,
0xb941cc00,
0x2a0003e3,
0x52800fe2,
0xd2802121,
0xb9402fe0,
0x94001c74,
0x52800043,
0x52800042,
0xd2810d41,
0xb9402fe0,
0x94001c6f,
0xf94013e0,
0xb9458400,
0x2a0003e2,
0xd280edc1,
0xb9402fe0,
0x94001bbe,
0xf94013e0,
0xb9459400,
0x2a0003e2,
0xd280ee41,
0xb9402fe0,
0x94001bb8,
0x52800003,
0x52800402,
0xd2810d61,
0xb9402fe0,
0x94001c5e,
0x52800003,
0x52800802,
0xd2802261,
0xb9402fe0,
0x94001c59,
0xf94013e0,
0xb941d000,
0x2a0003e3,
0x52800fe2,
0xd2802141,
0xb9402fe0,
0x94001c52,
0x52800403,
0x52800402,
0xd2810d61,
0xb9402fe0,
0x94001c4d,
0xf94013e0,
0xb9458800,
0x2a0003e2,
0xd280ede1,
0xb9402fe0,
0x94001b9c,
0xf94013e0,
0xb9459800,
0x2a0003e2,
0xd280ee61,
0xb9402fe0,
0x94001b96,
0x52800003,
0x52800042,
0xd2810d61,
0xb9402fe0,
0x94001c3c,
0x52800003,
0x52801002,
0xd2802261,
0xb9402fe0,
0x94001c37,
0xf94013e0,
0xb941d400,
0x2a0003e3,
0x52800fe2,
0xd2802161,
0xb9402fe0,
0x94001c30,
0x52800043,
0x52800042,
0xd2810d61,
0xb9402fe0,
0x94001c2b,
0xf94013e0,
0xb945ac00,
0x2a0003e2,
0xd280ef01,
0xb9402fe0,
0x94001b7a,
0xf94013e0,
0xb9459c00,
0x2a0003e2,
0xd280ee81,
0xb9402fe0,
0x94001b74,
0xf94013e0,
0xb945bc00,
0x2a0003e2,
0xd280f001,
0xb9402fe0,
0x94001b6e,
0xf94013e0,
0xb945c000,
0x2a0003e2,
0xd280f021,
0xb9402fe0,
0x94001b68,
0xf94013e0,
0xb945c400,
0x2a0003e2,
0xd280f041,
0xb9402fe0,
0x94001b62,
0xf94013e0,
0xb945c800,
0x2a0003e2,
0xd280f061,
0xb9402fe0,
0x94001b5c,
0xf94013e0,
0xb945cc00,
0x2a0003e2,
0xd280f081,
0xb9402fe0,
0x94001b56,
0xf94013e0,
0xb945d000,
0x2a0003e2,
0xd280f0a1,
0xb9402fe0,
0x94001b50,
0xf94013e0,
0xb945d400,
0x2a0003e2,
0xd280f0c1,
0xb9402fe0,
0x94001b4a,
0xf94013e0,
0xb945d800,
0x2a0003e2,
0xd280f0e1,
0xb9402fe0,
0x94001b44,
0xf94013e0,
0xb945dc00,
0x2a0003e2,
0xd280f101,
0xb9402fe0,
0x94001b3e,
0x52800003,
0x52800202,
0xd2810d41,
0xb9402fe0,
0x94001be4,
0x52800003,
0x52800022,
0xd2802261,
0xb9402fe0,
0x94001bdf,
0xf94013e0,
0xb946f000,
0x2a0003e3,
0x52801fe2,
0xd2811c21,
0xb9402fe0,
0x94001bd8,
0x52800203,
0x52800202,
0xd2810d41,
0xb9402fe0,
0x94001bd3,
0xf94013e0,
0xb945b000,
0x2a0003e2,
0xd280ef21,
0xb9402fe0,
0x94001b22,
0xf94013e0,
0xb945a000,
0x2a0003e2,
0xd280eea1,
0xb9402fe0,
0x94001b1c,
0xf94013e0,
0xb945e000,
0x2a0003e2,
0xd280f121,
0xb9402fe0,
0x94001b16,
0xf94013e0,
0xb945e400,
0x2a0003e2,
0xd280f141,
0xb9402fe0,
0x94001b10,
0xf94013e0,
0xb945e800,
0x2a0003e2,
0xd280f161,
0xb9402fe0,
0x94001b0a,
0xf94013e0,
0xb945ec00,
0x2a0003e2,
0xd280f181,
0xb9402fe0,
0x94001b04,
0xf94013e0,
0xb945f000,
0x2a0003e2,
0xd280f1a1,
0xb9402fe0,
0x94001afe,
0xf94013e0,
0xb945f400,
0x2a0003e2,
0xd280f1c1,
0xb9402fe0,
0x94001af8,
0xf94013e0,
0xb945f800,
0x2a0003e2,
0xd280f1e1,
0xb9402fe0,
0x94001af2,
0xf94013e0,
0xb945fc00,
0x2a0003e2,
0xd280f201,
0xb9402fe0,
0x94001aec,
0xf94013e0,
0xb9460000,
0x2a0003e2,
0xd280f221,
0xb9402fe0,
0x94001ae6,
0x52800003,
0x52800022,
0xd2810d41,
0xb9402fe0,
0x94001b8c,
0x52800003,
0x52800042,
0xd2802261,
0xb9402fe0,
0x94001b87,
0xf94013e0,
0xb946f400,
0x2a0003e3,
0x52801fe2,
0xd2811c41,
0xb9402fe0,
0x94001b80,
0x52800023,
0x52800022,
0xd2810d41,
0xb9402fe0,
0x94001b7b,
0xf94013e0,
0xb945b400,
0x2a0003e2,
0xd280ef41,
0xb9402fe0,
0x94001aca,
0xf94013e0,
0xb945a400,
0x2a0003e2,
0xd280eec1,
0xb9402fe0,
0x94001ac4,
0xf94013e0,
0xb9460400,
0x2a0003e2,
0xd280f241,
0xb9402fe0,
0x94001abe,
0xf94013e0,
0xb9460800,
0x2a0003e2,
0xd280f261,
0xb9402fe0,
0x94001ab8,
0xf94013e0,
0xb9460c00,
0x2a0003e2,
0xd280f281,
0xb9402fe0,
0x94001ab2,
0xf94013e0,
0xb9461000,
0x2a0003e2,
0xd280f2a1,
0xb9402fe0,
0x94001aac,
0xf94013e0,
0xb9461400,
0x2a0003e2,
0xd280f2c1,
0xb9402fe0,
0x94001aa6,
0xf94013e0,
0xb9461800,
0x2a0003e2,
0xd280f2e1,
0xb9402fe0,
0x94001aa0,
0xf94013e0,
0xb9461c00,
0x2a0003e2,
0xd280f301,
0xb9402fe0,
0x94001a9a,
0xf94013e0,
0xb9462000,
0x2a0003e2,
0xd280f321,
0xb9402fe0,
0x94001a94,
0xf94013e0,
0xb9462400,
0x2a0003e2,
0xd280f341,
0xb9402fe0,
0x94001a8e,
0x52800003,
0x52800202,
0xd2810d61,
0xb9402fe0,
0x94001b34,
0x52800003,
0x52800082,
0xd2802261,
0xb9402fe0,
0x94001b2f,
0xf94013e0,
0xb946f800,
0x2a0003e3,
0x52801fe2,
0xd2811c61,
0xb9402fe0,
0x94001b28,
0x52800203,
0x52800202,
0xd2810d61,
0xb9402fe0,
0x94001b23,
0xf94013e0,
0xb945b800,
0x2a0003e2,
0xd280ef61,
0xb9402fe0,
0x94001a72,
0xf94013e0,
0xb945a800,
0x2a0003e2,
0xd280eee1,
0xb9402fe0,
0x94001a6c,
0xf94013e0,
0xb9462800,
0x2a0003e2,
0xd280f361,
0xb9402fe0,
0x94001a66,
0xf94013e0,
0xb9462c00,
0x2a0003e2,
0xd280f381,
0xb9402fe0,
0x94001a60,
0xf94013e0,
0xb9463000,
0x2a0003e2,
0xd280f3a1,
0xb9402fe0,
0x94001a5a,
0xf94013e0,
0xb9463400,
0x2a0003e2,
0xd280f3c1,
0xb9402fe0,
0x94001a54,
0xf94013e0,
0xb9463800,
0x2a0003e2,
0xd280f3e1,
0xb9402fe0,
0x94001a4e,
0xf94013e0,
0xb9463c00,
0x2a0003e2,
0xd280f401,
0xb9402fe0,
0x94001a48,
0xf94013e0,
0xb9464000,
0x2a0003e2,
0xd280f421,
0xb9402fe0,
0x94001a42,
0xf94013e0,
0xb9464400,
0x2a0003e2,
0xd280f441,
0xb9402fe0,
0x94001a3c,
0xf94013e0,
0xb9464800,
0x2a0003e2,
0xd280f461,
0xb9402fe0,
0x94001a36,
0x52800003,
0x52800022,
0xd2810d61,
0xb9402fe0,
0x94001adc,
0x52800003,
0x52800102,
0xd2802261,
0xb9402fe0,
0x94001ad7,
0xf94013e0,
0xb946fc00,
0x2a0003e3,
0x52801fe2,
0xd2811c81,
0xb9402fe0,
0x94001ad0,
0x52800023,
0x52800022,
0xd2810d61,
0xb9402fe0,
0x94001acb,
0xf94013e0,
0xb946ec00,
0x2a0003e3,
0x52801002,
0xd2811c01,
0xb9402fe0,
0x94001ac4,
0x52800003,
0x52800202,
0xd2810d41,
0xb9402fe0,
0x94001abf,
0x52800003,
0x52800022,
0xd2810d41,
0xb9402fe0,
0x94001aba,
0x52800003,
0x52800202,
0xd2810d61,
0xb9402fe0,
0x94001ab5,
0x52800003,
0x52800022,
0xd2810d61,
0xb9402fe0,
0x94001ab0,
0xf94013e0,
0xb9470000,
0x2a0003e2,
0xd2811d61,
0xb9402fe0,
0x940019ff,
0xf94013e0,
0xb9470400,
0x2a0003e2,
0xd2811d81,
0xb9402fe0,
0x940019f9,
0xf94013e0,
0xb9470800,
0x2a0003e2,
0xd2811ec1,
0xb9402fe0,
0x940019f3,
0xf94013e0,
0xb9470c00,
0x2a0003e2,
0xd2811ee1,
0xb9402fe0,
0x940019ed,
0x52800203,
0x52800202,
0xd2810d41,
0xb9402fe0,
0x94001a93,
0x52800023,
0x52800022,
0xd2810d41,
0xb9402fe0,
0x94001a8e,
0x52800203,
0x52800202,
0xd2810d61,
0xb9402fe0,
0x94001a89,
0x52800023,
0x52800022,
0xd2810d61,
0xb9402fe0,
0x94001a84,
0x52800042,
0xd280ef81,
0xb9402fe0,
0x940019d5,
0x52800042,
0xd280efa1,
0xb9402fe0,
0x940019d1,
0x52800042,
0xd280efc1,
0xb9402fe0,
0x940019cd,
0x52800042,
0xd280efe1,
0xb9402fe0,
0x940019c9,
0x52800003,
0x52801002,
0xd2810d41,
0xb9402fe0,
0x94001a6f,
0x52800003,
0x52800202,
0xd2802241,
0xb9402fe0,
0x94001a6a,
0xf94013e0,
0xb941a800,
0x2a0003e3,
0x52800fe2,
0xd2802001,
0xb9402fe0,
0x94001a63,
0x52801003,
0x52801002,
0xd2810d41,
0xb9402fe0,
0x94001a5e,
0x52800003,
0x52800802,
0xd2810d41,
0xb9402fe0,
0x94001a59,
0x52800003,
0x52800022,
0xd2802241,
0xb9402fe0,
0x94001a54,
0xf94013e0,
0xb941b800,
0x2a0003e3,
0x52800fe2,
0xd2802081,
0xb9402fe0,
0x94001a4d,
0x52800803,
0x52800802,
0xd2810d41,
0xb9402fe0,
0x94001a48,
0x52800003,
0x52800102,
0xd2810d41,
0xb9402fe0,
0x94001a43,
0x52800003,
0x52800402,
0xd2802241,
0xb9402fe0,
0x94001a3e,
0xf94013e0,
0xb941ac00,
0x2a0003e3,
0x52800fe2,
0xd2802021,
0xb9402fe0,
0x94001a37,
0x52800103,
0x52800102,
0xd2810d41,
0xb9402fe0,
0x94001a32,
0x52800003,
0x52800082,
0xd2810d41,
0xb9402fe0,
0x94001a2d,
0x52800003,
0x52800042,
0xd2802241,
0xb9402fe0,
0x94001a28,
0xf94013e0,
0xb941bc00,
0x2a0003e3,
0x52800fe2,
0xd28020a1,
0xb9402fe0,
0x94001a21,
0x52800083,
0x52800082,
0xd2810d41,
0xb9402fe0,
0x94001a1c,
0x52800003,
0x52801002,
0xd2810d61,
0xb9402fe0,
0x94001a17,
0x52800003,
0x52800802,
0xd2802241,
0xb9402fe0,
0x94001a12,
0xf94013e0,
0xb941b000,
0x2a0003e3,
0x52800fe2,
0xd2802041,
0xb9402fe0,
0x94001a0b,
0x52801003,
0x52801002,
0xd2810d61,
0xb9402fe0,
0x94001a06,
0x52800003,
0x52800802,
0xd2810d61,
0xb9402fe0,
0x94001a01,
0x52800003,
0x52800082,
0xd2802241,
0xb9402fe0,
0x940019fc,
0xf94013e0,
0xb941c000,
0x2a0003e3,
0x52800fe2,
0xd28020c1,
0xb9402fe0,
0x940019f5,
0x52800803,
0x52800802,
0xd2810d61,
0xb9402fe0,
0x940019f0,
0x52800003,
0x52800102,
0xd2810d61,
0xb9402fe0,
0x940019eb,
0x52800003,
0x52801002,
0xd2802241,
0xb9402fe0,
0x940019e6,
0xf94013e0,
0xb941b400,
0x2a0003e3,
0x52800fe2,
0xd2802061,
0xb9402fe0,
0x940019df,
0x52800103,
0x52800102,
0xd2810d61,
0xb9402fe0,
0x940019da,
0x52800003,
0x52800082,
0xd2810d61,
0xb9402fe0,
0x940019d5,
0x52800003,
0x52800102,
0xd2802241,
0xb9402fe0,
0x940019d0,
0xf94013e0,
0xb941c400,
0x2a0003e3,
0x52800fe2,
0xd28020e1,
0xb9402fe0,
0x940019c9,
0x52800083,
0x52800082,
0xd2810d61,
0xb9402fe0,
0x940019c4,
0x52800003,
0x52800022,
0xd2810d21,
0xb9402fe0,
0x940019bf,
0x52800003,
0x52801002,
0xd2802281,
0xb9402fe0,
0x940019ba,
0xf94013e0,
0xb941d800,
0x2a0003e3,
0x52800fe2,
0xd2802221,
0xb9402fe0,
0x940019b3,
0x52800023,
0x52800022,
0xd2810d21,
0xb9402fe0,
0x940019ae,
0xf94013e2,
0xb9402be1,
0xb9402fe0,
0x97ffd20c,
0x52801003,
0x52801002,
0xd2800801,
0xb9402fe0,
0x940019a5,
0x52800144,
0x52800803,
0x52800802,
0xd2800861,
0xb9402fe0,
0x9400191c,
0x52800002,
0xd280d661,
0xb9402fe0,
0x940018f0,
0x52800002,
0xd280d681,
0xb9402fe0,
0x940018ec,
0x52800002,
0xd280d6a1,
0xb9402fe0,
0x940018e8,
0x52800002,
0xd280d6c1,
0xb9402fe0,
0x940018e4,
0x52800003,
0x52801002,
0xd280a601,
0xb9402fe0,
0x9400198a,
0x52800020,
0x940018a1,
0x52801603,
0x52801e02,
0xd280ed61,
0xb9402fe0,
0x94001983,
0xb9402fe0,
0x7100001f,
0x540000e0,
0x528000a3,
0x528001e2,
0xd28100a1,
0xb9402fe0,
0x9400197b,
0x14000006,
0x528000c3,
0x528001e2,
0xd28100a1,
0xb9402fe0,
0x94001975,
0x52800002,
0xd280d661,
0xb9402fe0,
0x940018c6,
0x52801002,
0xd280d681,
0xb9402fe0,
0x940018c2,
0x52800002,
0xd280d6a1,
0xb9402fe0,
0x940018be,
0x52801002,
0xd280d6c1,
0xb9402fe0,
0x940018ba,
0x52801003,
0x52801002,
0xd280a601,
0xb9402fe0,
0x94001960,
0x52800020,
0x94001877,
0x52801e02,
0xd2802961,
0xb9402fe0,
0x940018af,
0x52801e02,
0xd2802981,
0xb9402fe0,
0x940018ab,
0x52800020,
0x9400186d,
0x52800003,
0x528001e2,
0xd28059c1,
0xb9402fe0,
0x9400194f,
0x52800020,
0x94001866,
0x528001e3,
0x528001e2,
0xd28059c1,
0xb9402fe0,
0x94001948,
0x52800020,
0x9400185f,
0x52800003,
0x528001e2,
0xd28059a1,
0xb9402fe0,
0x94001941,
0x52800020,
0x94001858,
0x528001e3,
0x528001e2,
0xd28059a1,
0xb9402fe0,
0x9400193a,
0x52800020,
0x94001851,
0x52800103,
0x52800102,
0xd2800a81,
0xb9402fe0,
0x94001933,
0x52800020,
0x9400184a,
0x52800003,
0x52800102,
0xd2800a81,
0xb9402fe0,
0x9400192c,
0x52800020,
0x94001843,
0x52800003,
0x52801002,
0xd2800b41,
0xb9402fe0,
0x94001925,
0x52800020,
0x9400183c,
0x52801003,
0x52801002,
0xd2800b41,
0xb9402fe0,
0x9400191e,
0x52800020,
0x94001835,
0x52801fe2,
0xd2802961,
0xb9402fe0,
0x9400186d,
0x52800002,
0xd2802981,
0xb9402fe0,
0x94001869,
0x52800020,
0x9400182b,
0x528001e3,
0x528001e2,
0xd280ec01,
0xb9402fe0,
0x9400190d,
0x52800043,
0x528001e2,
0xd2800581,
0xb9402fe0,
0x94001908,
0x52800002,
0xd2800561,
0xb9402fe0,
0x94001859,
0x52800002,
0xd2800541,
0xb9402fe0,
0x94001855,
0x52800002,
0xd2800521,
0xb9402fe0,
0x94001851,
0x52800003,
0x52801002,
0xd2800581,
0xb9402fe0,
0x940018f7,
0x52801003,
0x52801002,
0xd2800581,
0xb9402fe0,
0x940018f2,
0x52800003,
0x52801002,
0xd2800581,
0xb9402fe0,
0x940018ed,
0x52800003,
0x528001e2,
0xd280ec01,
0xb9402fe0,
0x940018e8,
0x52801803,
0x52801802,
0xd280a981,
0xb9402fe0,
0x940018e3,
0x52800123,
0x528001e2,
0xd2800581,
0xb9402fe0,
0x940018de,
0x52800002,
0xd2800561,
0xb9402fe0,
0x9400182f,
0x52800002,
0xd2800541,
0xb9402fe0,
0x9400182b,
0x52800002,
0xd2800521,
0xb9402fe0,
0x94001827,
0x52800003,
0x52801002,
0xd2800581,
0xb9402fe0,
0x940018cd,
0x52801003,
0x52801002,
0xd2800581,
0xb9402fe0,
0x940018c8,
0x52800003,
0x52801002,
0xd2800581,
0xb9402fe0,
0x940018c3,
0x52800003,
0x52801002,
0xd2800621,
0xb9402fe0,
0x940018be,
0xf94013e2,
0xb9402be1,
0xb9402fe0,
0x97ffee18,
0xb9402be0,
0x7100001f,
0x54001cc0,
0x52800143,
0x528001e2,
0xd2800581,
0xb9402fe0,
0x940018b2,
0x52800002,
0xd2800561,
0xb9402fe0,
0x94001803,
0x52800002,
0xd2800541,
0xb9402fe0,
0x940017ff,
0x52800002,
0xd2800521,
0xb9402fe0,
0x940017fb,
0x52800003,
0x52801002,
0xd2800581,
0xb9402fe0,
0x940018a1,
0x52801003,
0x52801002,
0xd2800581,
0xb9402fe0,
0x9400189c,
0x52800003,
0x52801002,
0xd2800581,
0xb9402fe0,
0x94001897,
0x52800020,
0x940017ae,
0x52800803,
0x52801802,
0xd280a981,
0xb9402fe0,
0x94001890,
0x528000c3,
0x528001e2,
0xd2800581,
0xb9402fe0,
0x9400188b,
0x52801082,
0xd2800561,
0xb9402fe0,
0x940017dc,
0x52801e02,
0xd2800541,
0xb9402fe0,
0x940017d8,
0x52800002,
0xd2800521,
0xb9402fe0,
0x940017d4,
0x52800003,
0x52801002,
0xd2800581,
0xb9402fe0,
0x9400187a,
0x52801003,
0x52801002,
0xd2800581,
0xb9402fe0,
0x94001875,
0x52800003,
0x52801002,
0xd2800581,
0xb9402fe0,
0x94001870,
0x52800020,
0x94001787,
0x528000c3,
0x528001e2,
0xd2800581,
0xb9402fe0,
0x94001869,
0x528010a2,
0xd2800561,
0xb9402fe0,
0x940017ba,
0x52800202,
0xd2800541,
0xb9402fe0,
0x940017b6,
0x52800002,
0xd2800521,
0xb9402fe0,
0x940017b2,
0x52800003,
0x52801002,
0xd2800581,
0xb9402fe0,
0x94001858,
0x52801003,
0x52801002,
0xd2800581,
0xb9402fe0,
0x94001853,
0x52800003,
0x52801002,
0xd2800581,
0xb9402fe0,
0x9400184e,
0x52800020,
0x94001765,
0x52801003,
0x52801802,
0xd280a981,
0xb9402fe0,
0x94001847,
0x528000c3,
0x528001e2,
0xd2800581,
0xb9402fe0,
0x94001842,
0x52801082,
0xd2800561,
0xb9402fe0,
0x94001793,
0x52801e02,
0xd2800541,
0xb9402fe0,
0x9400178f,
0x52800002,
0xd2800521,
0xb9402fe0,
0x9400178b,
0x52800003,
0x52801002,
0xd2800581,
0xb9402fe0,
0x94001831,
0x52801003,
0x52801002,
0xd2800581,
0xb9402fe0,
0x9400182c,
0x52800003,
0x52801002,
0xd2800581,
0xb9402fe0,
0x94001827,
0x52800020,
0x9400173e,
0x528000c3,
0x528001e2,
0xd2800581,
0xb9402fe0,
0x94001820,
0x528010a2,
0xd2800561,
0xb9402fe0,
0x94001771,
0x52800202,
0xd2800541,
0xb9402fe0,
0x9400176d,
0x52800002,
0xd2800521,
0xb9402fe0,
0x94001769,
0x52800003,
0x52801002,
0xd2800581,
0xb9402fe0,
0x9400180f,
0x52801003,
0x52801002,
0xd2800581,
0xb9402fe0,
0x9400180a,
0x52800003,
0x52801002,
0xd2800581,
0xb9402fe0,
0x94001805,
0x52800020,
0x9400171c,
0x52801803,
0x52801802,
0xd280a981,
0xb9402fe0,
0x940017fe,
0x52800143,
0x528001e2,
0xd2800581,
0xb9402fe0,
0x940017f9,
0x52801002,
0xd2800561,
0xb9402fe0,
0x9400174a,
0x52800002,
0xd2800541,
0xb9402fe0,
0x94001746,
0x52800002,
0xd2800521,
0xb9402fe0,
0x94001742,
0x52800003,
0x52801002,
0xd2800581,
0xb9402fe0,
0x940017e8,
0x52801003,
0x52801002,
0xd2800581,
0xb9402fe0,
0x940017e3,
0x52800003,
0x52801002,
0xd2800581,
0xb9402fe0,
0x940017de,
0x52800020,
0x940016f5,
0x52800403,
0x52800402,
0xd280a101,
0xb9402fe0,
0x940017d7,
0x52800203,
0x52800202,
0xd280a101,
0xb9402fe0,
0x940017d2,
0xf94013e0,
0xb947b800,
0x2a0003e2,
0xd2802921,
0xb9402fe0,
0x94001721,
0xf94013e0,
0xb947b400,
0x2a0003e2,
0xd2802961,
0xb9402fe0,
0x9400171b,
0xb9402fe0,
0x7100001f,
0x54000160,
0xd2800e00,
0xf2be0040,
0xf2c00040,
0xb9400001,
0xd2800e00,
0xf2be0040,
0xf2c00040,
0x32150021,
0xb9000001,
0x1400000a,
0xd2800e00,
0xf2be0040,
0xf2c00040,
0xb9400001,
0xd2800e00,
0xf2be0040,
0xf2c00040,
0x32140021,
0xb9000001,
0xf9401fe1,
0xd2806400,
0xaa000020,
0xb900001f,
0xf9401fe1,
0xd2803600,
0xaa000020,
0xaa0003e1,
0x52800400,
0xb9000020,
0xf9401fe1,
0xd2806400,
0xaa000020,
0xaa0003e1,
0x52800020,
0xb9000020,
0xf9401fe1,
0xd2806480,
0xaa000020,
0x52800004,
0x52800023,
0x52800002,
0x52800001,
0x94001851,
0x52800020,
0x940016af,
0x52800004,
0x52801003,
0x52801002,
0xd280a801,
0xb9402fe0,
0x9400170d,
0xf94013e0,
0xb947bc00,
0x2a0003e3,
0x528003e2,
0xd2800da1,
0xb9402fe0,
0x94001789,
0xf94013e0,
0xb947c000,
0x2a0003e2,
0xd2800dc1,
0xb9402fe0,
0x940016d8,
0xf94013e0,
0xb947c400,
0x2a0003e2,
0xd2800de1,
0xb9402fe0,
0x940016d2,
0x52800023,
0x52800022,
0xd2800001,
0xb9402fe0,
0x94001778,
0x52800803,
0x52800802,
0xd280a801,
0xb9402fe0,
0x94001773,
0xf9401fe1,
0xd2803780,
0xaa000020,
0x52800004,
0x52800023,
0x52800002,
0x52800001,
0x94001824,
0xf9401fe1,
0xd2806400,
0xaa000020,
0xb900001f,
0xf9401fe1,
0xd2803600,
0xaa000020,
0xaa0003e1,
0x52800020,
0xb9000020,
0xf9401fe1,
0xd2806400,
0xaa000020,
0xaa0003e1,
0x52800020,
0xb9000020,
0xf9401fe1,
0xd2806480,
0xaa000020,
0x52800004,
0x52800023,
0x52800002,
0x52800001,
0x9400180c,
0xd503201f,
0xf84407fe,
0xd65f03c0,
0xf81d0ffe,
0xb9001fe0,
0xb9401fe0,
0x7100001f,
0x54000081,
0xd2be0400,
0xf2c00040,
0x14000003,
0xd2be0420,
0xf2c00040,
0xf90017e0,
0xf94017e0,
0xb2720000,
0x52800003,
0x52800202,
0x52800201,
0x940017cc,
0xd503201f,
0xf84307fe,
0xd65f03c0,
0xf81d0ffe,
0xb9001fe0,
0xb9401fe0,
0x7100001f,
0x54000081,
0xd2be0400,
0xf2c00040,
0x14000003,
0xd2be0420,
0xf2c00040,
0xf90017e0,
0xf94017e1,
0xd2809200,
0xaa000020,
0xb9400000,
0xf94017e2,
0xd2809201,
0xaa010041,
0x121f7800,
0xb9000020,
0xf94017e1,
0xd280a800,
0xaa000020,
0xb9400000,
0xf94017e2,
0xd280a801,
0xaa010041,
0x121f7800,
0xb9000020,
0xf94017e1,
0xd280be00,
0xaa000020,
0xb9400000,
0xf94017e2,
0xd280be01,
0xaa010041,
0x121f7800,
0xb9000020,
0xf94017e1,
0xd280d400,
0xaa000020,
0xb9400000,
0xf94017e2,
0xd280d401,
0xaa010041,
0x121f7800,
0xb9000020,
0xf94017e1,
0xd280ea00,
0xaa000020,
0xb9400000,
0xf94017e2,
0xd280ea01,
0xaa010041,
0x121f7800,
0xb9000020,
0xf94017e0,
0xb2750000,
0xb9400000,
0xf94017e1,
0xb2750021,
0x121f7800,
0xb9000020,
0xf94017e1,
0xd2811600,
0xaa000020,
0xb9400000,
0xf94017e2,
0xd2811601,
0xaa010041,
0x121f7800,
0xb9000020,
0xf94017e1,
0xd2812c00,
0xaa000020,
0xb9400000,
0xf94017e2,
0xd2812c01,
0xaa010041,
0x121f7800,
0xb9000020,
0xf94017e0,
0xb27e1c00,
0xb9400000,
0x7100001f,
0x54000040,
0x17fffffb,
0xd503201f,
0xf94017e1,
0xd2806080,
0xaa000020,
0xb9400000,
0xf94017e2,
0xd2806081,
0xaa010041,
0x321f0000,
0xb9000020,
0xf94017e1,
0xd2806100,
0xaa000020,
0xb9400000,
0x53197c00,
0x12000400,
0x71000c1f,
0x54000040,
0x17fffff8,
0xd503201f,
0xf94017e1,
0xd2803880,
0xaa000020,
0xb9400000,
0xf94017e2,
0xd2803881,
0xaa010041,
0x121f7800,
0xb9000020,
0xf94017e0,
0xb27e0000,
0xb9400000,
0x12000400,
0x71000c1f,
0x54000041,
0x17fffffa,
0xd503201f,
0xf94017e0,
0xb27c0400,
0xb9400000,
0xf94017e1,
0xb27c0421,
0x321b0000,
0xb9000020,
0xf94017e0,
0xb27e0000,
0xb9400000,
0x12000400,
0x71000c1f,
0x54000040,
0x17fffffa,
0xd503201f,
0xf94017e1,
0xd2806400,
0xaa000020,
0xb900001f,
0xf94017e1,
0xd2803600,
0xaa000020,
0x52800003,
0x52800002,
0x52800001,
0x94001733,
0xd503201f,
0xf84307fe,
0xd65f03c0,
0xf81d0ffe,
0xb9001fe0,
0xb9401fe0,
0x7100001f,
0x54000081,
0xd2be0400,
0xf2c00040,
0x14000003,
0xd2be0420,
0xf2c00040,
0xf90017e0,
0xf94017e1,
0xd2806400,
0xaa000020,
0xaa0003e1,
0x52800020,
0xb9000020,
0x52801803,
0x52801802,
0xd280a981,
0xb9401fe0,
0x9400168d,
0x52800143,
0x528001e2,
0xd2800581,
0xb9401fe0,
0x94001688,
0x52800002,
0xd2800561,
0xb9401fe0,
0x940015d9,
0x52800002,
0xd2800541,
0xb9401fe0,
0x940015d5,
0x52800002,
0xd2800521,
0xb9401fe0,
0x940015d1,
0x52800003,
0x52801002,
0xd2800581,
0xb9401fe0,
0x94001677,
0x52801003,
0x52801002,
0xd2800581,
0xb9401fe0,
0x94001672,
0x52800003,
0x52801002,
0xd2800581,
0xb9401fe0,
0x9400166d,
0x52800020,
0x94001584,
0xf94017e0,
0xb27c0400,
0xb9400000,
0xf94017e1,
0xb27c0421,
0x121a7800,
0xb9000020,
0xf94017e0,
0xb27e0000,
0xb9400000,
0x12000400,
0x7100041f,
0x54ffff61,
0xf94017e0,
0xb27e0000,
0xb9400000,
0x121c0400,
0x7100001f,
0x54000040,
0x17fffffa,
0xd503201f,
0xf94017e1,
0xd2806080,
0xaa000020,
0xb9400000,
0xf94017e2,
0xd2806081,
0xaa010041,
0x121e7800,
0xb9000020,
0xf94017e1,
0xd2803880,
0xaa000020,
0xb9400000,
0xf94017e2,
0xd2803881,
0xaa010041,
0x32000000,
0xb9000020,
0xf94017e1,
0xd2809200,
0xaa000020,
0xb9400000,
0xf94017e2,
0xd2809201,
0xaa010041,
0x32000000,
0xb9000020,
0xf94017e1,
0xd280a800,
0xaa000020,
0xb9400000,
0xf94017e2,
0xd280a801,
0xaa010041,
0x32000000,
0xb9000020,
0xf94017e1,
0xd280be00,
0xaa000020,
0xb9400000,
0xf94017e2,
0xd280be01,
0xaa010041,
0x32000000,
0xb9000020,
0xf94017e1,
0xd280d400,
0xaa000020,
0xb9400000,
0xf94017e2,
0xd280d401,
0xaa010041,
0x32000000,
0xb9000020,
0xf94017e1,
0xd280ea00,
0xaa000020,
0xb9400000,
0xf94017e2,
0xd280ea01,
0xaa010041,
0x32000000,
0xb9000020,
0xf94017e0,
0xb2750000,
0xb9400000,
0xf94017e1,
0xb2750021,
0x32000000,
0xb9000020,
0xf94017e1,
0xd2811600,
0xaa000020,
0xb9400000,
0xf94017e2,
0xd2811601,
0xaa010041,
0x32000000,
0xb9000020,
0xf94017e1,
0xd2812c00,
0xaa000020,
0xb9400000,
0xf94017e2,
0xd2812c01,
0xaa010041,
0x32000000,
0xb9000020,
0xd503201f,
0xf84307fe,
0xd65f03c0,
0xd10043ff,
0x39003fe0,
0xd503201f,
0xd2800280,
0xf2be0260,
0xf2c00040,
0xb9400000,
0x121b0000,
0x7100001f,
0x54ffff40,
0xd2be0260,
0xf2c00040,
0x39403fe1,
0x39000001,
0xd503201f,
0x910043ff,
0xd65f03c0,
0xf81c0ffe,
0xb90033ff,
0x52812c00,
0xb9002fe0,
0xd2800e00,
0xf2be0040,
0xf2c00040,
0xb9400000,
0x12150000,
0x7120001f,
0x54000081,
0x52800020,
0xb90033e0,
0x14000002,
0xb90033ff,
0xd2800f00,
0xf2be0040,
0xf2c00040,
0xb9400001,
0xd2800f00,
0xf2be0040,
0xf2c00040,
0x32140021,
0xb9000001,
0xd2be0400,
0xf2c00040,
0xb9400000,
0x121c0400,
0x7100401f,
0x54000061,
0xb9001bff,
0x14000003,
0x52800020,
0xb9001be0,
0xb94033e0,
0x7100001f,
0x54000160,
0xd2be0420,
0xf2c00040,
0xb9400000,
0x121c0400,
0x7100401f,
0x54000061,
0xb9001fff,
0x14000003,
0x52800020,
0xb9001fe0,
0x52800000,
0x97ffd596,
0xb94033e0,
0x7100001f,
0x54000060,
0x52800020,
0x97ffd591,
0xb9003bff,
0xb9003fff,
0x1400000c,
0xb9403fe0,
0x1161a400,
0x531e7400,
0x2a0003e0,
0xb9400000,
0xb9403be1,
0x0b000020,
0xb9003be0,
0xb9403fe0,
0x11000400,
0xb9003fe0,
0xb9403fe0,
0x713ffc1f,
0x54fffe69,
0x52800000,
0x97fffe66,
0xb94033e0,
0x7100001f,
0x54000060,
0x52800020,
0x97fffe61,
0xd2800e00,
0xf2be0040,
0xf2c00040,
0xb9400001,
0xd2800e00,
0xf2be0040,
0xf2c00040,
0x12137821,
0xb9000001,
0x52800000,
0x97fffe42,
0xb94033e0,
0x7100001f,
0x54000180,
0xd2800e00,
0xf2be0040,
0xf2c00040,
0xb9400001,
0xd2800e00,
0xf2be0040,
0xf2c00040,
0x12147821,
0xb9000001,
0x52800020,
0x97fffe34,
0xb9003fff,
0x1400000b,
0xd2800280,
0xf2be0260,
0xf2c00040,
0xb9400000,
0x121a0000,
0x7100001f,
0x54000101,
0xb9403fe0,
0x11000400,
0xb9003fe0,
0xb9403fe0,
0x710f9c1f,
0x54fffe89,
0x14000002,
0xd503201f,
0xd5033fdf,
0xd503207f,
0xd503201f,
0xd503201f,
0xd2801600,
0xf2be0040,
0xf2c00040,
0xb9400000,
0xb9002be0,
0xb9402be0,
0x121d0000,
0x7100001f,
0x54ffff00,
0xb9402be0,
0x121d7800,
0xb9002be0,
0xd2801600,
0xf2be0040,
0xf2c00040,
0xb9402be1,
0xb9000001,
0xd2801600,
0xf2be0040,
0xf2c00040,
0xb9400000,
0x121d0000,
0x7100001f,
0x54000040,
0x17fffff9,
0xd503201f,
0xd503201f,
0xd2889c00,
0xf2be0040,
0xf2c00040,
0xb9400001,
0xd2889c80,
0xf2be0040,
0xf2c00040,
0xb9400000,
0x53185c00,
0x12181c00,
0x2a000021,
0xd2889d00,
0xf2be0040,
0xf2c00040,
0xb9400000,
0x53103c00,
0x12101c00,
0x2a000020,
0xb90027e0,
0xb94027e1,
0x2a0103e0,
0x531f7800,
0x0b010000,
0x531b6800,
0x53117c00,
0xb9002fe0,
0xb9402fe0,
0x7119001f,
0x5400008c,
0x5280c800,
0xb9002fe0,
0x14000052,
0xb9402fe0,
0x7119001f,
0x540000ed,
0xb9402fe0,
0x711d281f,
0x5400008c,
0x5280e940,
0xb9002fe0,
0x14000049,
0xb9402fe0,
0x711d281f,
0x540000ed,
0xb9402fe0,
0x7121541f,
0x5400008c,
0x52810aa0,
0xb9002fe0,
0x14000040,
0xb9402fe0,
0x7121541f,
0x540000ed,
0xb9402fe0,
0x7125801f,
0x5400008c,
0x52812c00,
0xb9002fe0,
0x14000037,
0xb9402fe0,
0x7125801f,
0x540000ed,
0xb9402fe0,
0x7129ac1f,
0x5400008c,
0x52814d60,
0xb9002fe0,
0x1400002e,
0xb9402fe0,
0x7129ac1f,
0x540000ed,
0xb9402fe0,
0x712dd41f,
0x5400008c,
0x52816ea0,
0xb9002fe0,
0x14000025,
0xb9402fe0,
0x712dd41f,
0x540000ed,
0xb9402fe0,
0x7132001f,
0x5400008c,
0x52819000,
0xb9002fe0,
0x1400001c,
0xb9402fe0,
0x7132001f,
0x540000ed,
0xb9402fe0,
0x713a541f,
0x5400008c,
0x5281d2a0,
0xb9002fe0,
0x14000013,
0xb9402fe0,
0x713a541f,
0x540000ed,
0xb9402fe0,
0x713e7c1f,
0x5400008c,
0x5281f3e0,
0xb9002fe0,
0x1400000a,
0xb9402fe0,
0x713e7c1f,
0x540000ed,
0xb9402fe1,
0x52821540,
0x6b00003f,
0x5400006c,
0x52821540,
0xb9002fe0,
0xb9401be1,
0xb9402fe3,
0xf0000020,
0x91066002,
0x52800000,
0x97ffeb31,
0xb94033e0,
0x7100001f,
0x54000f00,
0xd2898400,
0xf2be0040,
0xf2c00040,
0xb9400001,
0xd2898480,
0xf2be0040,
0xf2c00040,
0xb9400000,
0x53185c00,
0x12181c00,
0x2a000021,
0xd2898500,
0xf2be0040,
0xf2c00040,
0xb9400000,
0x53103c00,
0x12101c00,
0x2a000020,
0xb90027e0,
0xb94027e1,
0x2a0103e0,
0x531f7800,
0x0b010000,
0x531b6800,
0x53117c00,
0xb9002fe0,
0xb9402fe0,
0x7119001f,
0x5400008c,
0x5280c800,
0xb9002fe0,
0x14000052,
0xb9402fe0,
0x7119001f,
0x540000ed,
0xb9402fe0,
0x711d281f,
0x5400008c,
0x5280e940,
0xb9002fe0,
0x14000049,
0xb9402fe0,
0x711d281f,
0x540000ed,
0xb9402fe0,
0x7121541f,
0x5400008c,
0x52810aa0,
0xb9002fe0,
0x14000040,
0xb9402fe0,
0x7121541f,
0x540000ed,
0xb9402fe0,
0x7125801f,
0x5400008c,
0x52812c00,
0xb9002fe0,
0x14000037,
0xb9402fe0,
0x7125801f,
0x540000ed,
0xb9402fe0,
0x7129ac1f,
0x5400008c,
0x52814d60,
0xb9002fe0,
0x1400002e,
0xb9402fe0,
0x7129ac1f,
0x540000ed,
0xb9402fe0,
0x712dd41f,
0x5400008c,
0x52816ea0,
0xb9002fe0,
0x14000025,
0xb9402fe0,
0x712dd41f,
0x540000ed,
0xb9402fe0,
0x7132001f,
0x5400008c,
0x52819000,
0xb9002fe0,
0x1400001c,
0xb9402fe0,
0x7132001f,
0x540000ed,
0xb9402fe0,
0x713a541f,
0x5400008c,
0x5281d2a0,
0xb9002fe0,
0x14000013,
0xb9402fe0,
0x713a541f,
0x540000ed,
0xb9402fe0,
0x713e7c1f,
0x5400008c,
0x5281f3e0,
0xb9002fe0,
0x1400000a,
0xb9402fe0,
0x713e7c1f,
0x540000ed,
0xb9402fe1,
0x52821540,
0x6b00003f,
0x5400006c,
0x52821540,
0xb9002fe0,
0xb9401fe1,
0xb9402fe3,
0xf0000020,
0x91273002,
0x52800020,
0x97ffeab7,
0x52800000,
0x97fffdbe,
0xb94033e0,
0x7100001f,
0x54000060,
0x52800020,
0x97fffdb9,
0xb9401be0,
0x7100001f,
0x54000200,
0x52800803,
0x52801802,
0xd280a981,
0x52800000,
0x94001453,
0x52800041,
0x52800000,
0x940015a3,
0xd2811ce1,
0x52800000,
0x9400137e,
0x7100001f,
0x54000041,
0x17fffffb,
0xd503201f,
0xb94033e0,
0x7100001f,
0x54000260,
0xb9401fe0,
0x7100001f,
0x54000120,
0x52800803,
0x52801802,
0xd280a981,
0x52800020,
0x9400143e,
0x52800041,
0x52800020,
0x9400158e,
0xd2811ce1,
0x52800020,
0x94001369,
0x7100001f,
0x54000041,
0x17fffffb,
0xd503201f,
0xd5033bbf,
0xd5033f9f,
0xb90037ff,
0xb9003fff,
0x1400000c,
0xb9403fe0,
0x1161a400,
0x531e7400,
0x2a0003e0,
0xb9400000,
0xb94037e1,
0x0b000020,
0xb90037e0,
0xb9403fe0,
0x11000400,
0xb9003fe0,
0xb9403fe0,
0x713ffc1f,
0x54fffe69,
0xb94037e1,
0xb9403be0,
0x6b00003f,
0x540001c0,
0x52800e80,
0x97fffe21,
0x52800e80,
0x97fffe1f,
0x52800c40,
0x97fffe1d,
0x528008a0,
0x97fffe1b,
0x52800140,
0x97fffe19,
0x528001a0,
0x97fffe17,
0x14000000,
0xd5033fdf,
0xd5033f9f,
0x94001321,
0xd503201f,
0xf84407fe,
0xd65f03c0,
0xd503201f,
0xd65f03c0,
0xf81e0ffe,
0xb9001fe0,
0xb9001be1,
0x52800003,
0x52800022,
0xd2800001,
0xb9401fe0,
0x94001400,
0xb9401be0,
0x7100001f,
0x54000e40,
0x52800de0,
0x97fffe01,
0x52800e00,
0x97fffdff,
0x52800620,
0x97fffdfd,
0x52800143,
0x528001e2,
0xd2800581,
0xb9401fe0,
0x940013f2,
0x52800002,
0xd2800561,
0xb9401fe0,
0x94001343,
0x52800002,
0xd2800541,
0xb9401fe0,
0x9400133f,
0x52800002,
0xd2800521,
0xb9401fe0,
0x9400133b,
0x52800003,
0x52801002,
0xd2800581,
0xb9401fe0,
0x940013e1,
0x52801003,
0x52801002,
0xd2800581,
0xb9401fe0,
0x940013dc,
0x52800003,
0x52801002,
0xd2800581,
0xb9401fe0,
0x940013d7,
0xd2800001,
0xb9401fe0,
0x94001305,
0x52800063,
0x528001e2,
0xd2800581,
0xb9401fe0,
0x940013cf,
0x52800002,
0xd2800561,
0xb9401fe0,
0x94001320,
0x528001a2,
0xd2800541,
0xb9401fe0,
0x9400131c,
0x52801803,
0x52801fe2,
0xd2800521,
0xb9401fe0,
0x940013c2,
0x52800003,
0x52801002,
0xd2800581,
0xb9401fe0,
0x940013bd,
0x52801003,
0x52801002,
0xd2800581,
0xb9401fe0,
0x940013b8,
0x52800003,
0x52801002,
0xd2800581,
0xb9401fe0,
0x940013b3,
0xd2800001,
0xb9401fe0,
0x940012e1,
0x52800143,
0x528001e2,
0xd2800581,
0xb9401fe0,
0x940013ab,
0x52801002,
0xd2800561,
0xb9401fe0,
0x940012fc,
0x52800002,
0xd2800541,
0xb9401fe0,
0x940012f8,
0x52800002,
0xd2800521,
0xb9401fe0,
0x940012f4,
0x52800003,
0x52801002,
0xd2800581,
0xb9401fe0,
0x9400139a,
0x52801003,
0x52801002,
0xd2800581,
0xb9401fe0,
0x94001395,
0x52800003,
0x52801002,
0xd2800581,
0xb9401fe0,
0x94001390,
0xd2800001,
0xb9401fe0,
0x940012be,
0x14000071,
0x52800de0,
0x97fffd90,
0x52800e00,
0x97fffd8e,
0x52800600,
0x97fffd8c,
0x52800143,
0x528001e2,
0xd2800581,
0xb9401fe0,
0x94001381,
0x52800002,
0xd2800561,
0xb9401fe0,
0x940012d2,
0x52800002,
0xd2800541,
0xb9401fe0,
0x940012ce,
0x52800002,
0xd2800521,
0xb9401fe0,
0x940012ca,
0x52800003,
0x52801002,
0xd2800581,
0xb9401fe0,
0x94001370,
0x52801003,
0x52801002,
0xd2800581,
0xb9401fe0,
0x9400136b,
0x52800003,
0x52801002,
0xd2800581,
0xb9401fe0,
0x94001366,
0xd2800001,
0xb9401fe0,
0x94001294,
0x52800063,
0x528001e2,
0xd2800581,
0xb9401fe0,
0x9400135e,
0x52800002,
0xd2800561,
0xb9401fe0,
0x940012af,
0x528001a2,
0xd2800541,
0xb9401fe0,
0x940012ab,
0x52800003,
0x52801fe2,
0xd2800521,
0xb9401fe0,
0x94001351,
0x52800003,
0x52801002,
0xd2800581,
0xb9401fe0,
0x9400134c,
0x52801003,
0x52801002,
0xd2800581,
0xb9401fe0,
0x94001347,
0x52800003,
0x52801002,
0xd2800581,
0xb9401fe0,
0x94001342,
0xd2800001,
0xb9401fe0,
0x94001270,
0x52800143,
0x528001e2,
0xd2800581,
0xb9401fe0,
0x9400133a,
0x52801002,
0xd2800561,
0xb9401fe0,
0x9400128b,
0x52800002,
0xd2800541,
0xb9401fe0,
0x94001287,
0x52800002,
0xd2800521,
0xb9401fe0,
0x94001283,
0x52800003,
0x52801002,
0xd2800581,
0xb9401fe0,
0x94001329,
0x52801003,
0x52801002,
0xd2800581,
0xb9401fe0,
0x94001324,
0x52800003,
0x52801002,
0xd2800581,
0xb9401fe0,
0x9400131f,
0xd2800001,
0xb9401fe0,
0x9400124d,
0x52800023,
0x52800022,
0xd2800001,
0xb9401fe0,
0x94001317,
0xd503201f,
0xf84207fe,
0xd65f03c0,
0xf81e0ffe,
0xd2800400,
0xf2be0020,
0xf2c00040,
0xb900001f,
0xd2809200,
0xf2be01a0,
0xf2c00040,
0xb9400001,
0xd2809200,
0xf2be01a0,
0xf2c00040,
0x121f7821,
0xb9000001,
0xd280a800,
0xf2be01a0,
0xf2c00040,
0xb9400001,
0xd280a800,
0xf2be01a0,
0xf2c00040,
0x121f7821,
0xb9000001,
0xd280be00,
0xf2be01a0,
0xf2c00040,
0xb9400001,
0xd280be00,
0xf2be01a0,
0xf2c00040,
0x121f7821,
0xb9000001,
0xd280d400,
0xf2be01a0,
0xf2c00040,
0xb9400001,
0xd280d400,
0xf2be01a0,
0xf2c00040,
0x121f7821,
0xb9000001,
0xd280ea00,
0xf2be01a0,
0xf2c00040,
0xb9400001,
0xd280ea00,
0xf2be01a0,
0xf2c00040,
0x121f7821,
0xb9000001,
0xd2810000,
0xf2be01a0,
0xf2c00040,
0xb9400001,
0xd2810000,
0xf2be01a0,
0xf2c00040,
0x121f7821,
0xb9000001,
0xd2811600,
0xf2be01a0,
0xf2c00040,
0xb9400001,
0xd2811600,
0xf2be01a0,
0xf2c00040,
0x121f7821,
0xb9000001,
0xd2812c00,
0xf2be01a0,
0xf2c00040,
0xb9400001,
0xd2812c00,
0xf2be01a0,
0xf2c00040,
0x121f7821,
0xb9000001,
0xd2800f00,
0xf2be0040,
0xf2c00040,
0x52a00201,
0xb9000001,
0x52800920,
0x97fffcc6,
0xd2807f80,
0xf2be01a0,
0xf2c00040,
0xb9400000,
0x7100001f,
0x54000040,
0x17fffffa,
0xd503201f,
0x52800620,
0x97fffcbc,
0xd2806080,
0xf2be01a0,
0xf2c00040,
0xb9400001,
0xd2806080,
0xf2be01a0,
0xf2c00040,
0x321f0021,
0xb9000001,
0xd2806100,
0xf2be01a0,
0xf2c00040,
0xb9400000,
0x53197c00,
0x12000400,
0x71000c1f,
0x54000040,
0x17fffff8,
0xd503201f,
0x52800640,
0x97fffca7,
0xd2803880,
0xf2be01a0,
0xf2c00040,
0xb9400001,
0xd2803880,
0xf2be01a0,
0xf2c00040,
0x121f7821,
0xb9000001,
0xd2800600,
0xf2be01a0,
0xf2c00040,
0xb9400001,
0xd2800600,
0xf2be01a0,
0xf2c00040,
0x321b0021,
0xb9000001,
0xd2800080,
0xf2be01a0,
0xf2c00040,
0xb9400000,
0x12000400,
0x71000c1f,
0x54000040,
0x17fffff9,
0xd503201f,
0x52800660,
0x97fffc8a,
0x52800001,
0x52800000,
0x97fffe7a,
0x9400183e,
0xd2be0040,
0xf2c00040,
0xb9400001,
0xd2be0040,
0xf2c00040,
0x121c7821,
0xb9000001,
0x52800680,
0x97fffc7d,
0xd2800200,
0xf2be01e0,
0xf2c00040,
0xb9400000,
0xb9001fe0,
0xb9401fe0,
0x321c0000,
0xb9001fe0,
0xd2800200,
0xf2be01e0,
0xf2c00040,
0xb9401fe1,
0xb9000001,
0xd2be01e0,
0xf2c00040,
0xb9400000,
0xb9001fe0,
0xb9401fe0,
0x321f0000,
0xb9001fe0,
0xd2be01e0,
0xf2c00040,
0xb9401fe1,
0xb9000001,
0xd2800200,
0xf2be01e0,
0xf2c00040,
0xb9400000,
0xb9001fe0,
0xb9401fe0,
0x32000000,
0xb9001fe0,
0xd2800200,
0xf2be01e0,
0xf2c00040,
0xb9401fe1,
0xb9000001,
0x528009c0,
0x97fffc56,
0x528001a0,
0x97fffc54,
0x52800140,
0x97fffc52,
0x14000000,
0xa9bc7bf3,
0xb9001fe0,
0xb9001be1,
0xb90017e2,
0x52800900,
0x72a00180,
0xb9002be0,
0x52800e00,
0x72a00180,
0xb9002fe0,
0x52801300,
0x72a00180,
0xb90033e0,
0x52800560,
0x72a000c0,
0xb90037e0,
0x52800840,
0x72a000c0,
0xb9003be0,
0x52800b20,
0x72a000c0,
0xb9003fe0,
0xb9401be0,
0x7119001f,
0x54000141,
0xd0000060,
0x9121c000,
0xf9400000,
0xb98017e1,
0xd37ef421,
0x9100a3e2,
0xb8616841,
0xb9001401,
0x1400000d,
0xb9401be0,
0x710e941f,
0x54000141,
0xd0000060,
0x9121c000,
0xf9400000,
0xb98017e1,
0x91000c21,
0xd37ef421,
0x9100a3e2,
0xb8616841,
0xb9001401,
0xb0000060,
0x9121c000,
0xf9400013,
0xd28003a1,
0xb9401fe0,
0x94001148,
0xb9015660,
0xb0000060,
0x9121c000,
0xf9400013,
0xd2801421,
0xb9401fe0,
0x94001141,
0xb9019e60,
0xb0000060,
0x9121c000,
0xf9400013,
0xd2801441,
0xb9401fe0,
0x9400113a,
0xb901a260,
0xb0000060,
0x9121c000,
0xf9400013,
0xd2801461,
0xb9401fe0,
0x94001133,
0xb901a660,
0xb0000060,
0x9121c000,
0xf9400013,
0xd2800361,
0xb9401fe0,
0x9400112c,
0xb9014e60,
0xb0000060,
0x9121c000,
0xf9400013,
0xd2800c01,
0xb9401fe0,
0x94001125,
0xb9017e60,
0xb0000060,
0x9121c000,
0xf9400013,
0xd280f621,
0xb9401fe0,
0x9400111e,
0xb9065660,
0xb0000060,
0x9121c000,
0xf9400013,
0xd280f641,
0xb9401fe0,
0x94001117,
0xb9065a60,
0xb0000060,
0x9121c000,
0xf9400013,
0xd280f661,
0xb9401fe0,
0x94001110,
0xb9065e60,
0xb0000060,
0x9121c000,
0xf9400013,
0xd280f681,
0xb9401fe0,
0x94001109,
0xb9066260,
0xb0000060,
0x9121c000,
0xf9400013,
0xd280f6a1,
0xb9401fe0,
0x94001102,
0xb9066660,
0xb0000060,
0x9121c000,
0xf9400013,
0xd280f6c1,
0xb9401fe0,
0x940010fb,
0xb9066a60,
0xb0000060,
0x9121c000,
0xf9400013,
0xd280f6e1,
0xb9401fe0,
0x940010f4,
0xb9066e60,
0xb0000060,
0x9121c000,
0xf9400013,
0xd280f701,
0xb9401fe0,
0x940010ed,
0xb9067260,
0xb0000060,
0x9121c000,
0xf9400013,
0xd280f721,
0xb9401fe0,
0x940010e6,
0xb9067660,
0xb0000060,
0x9121c000,
0xf9400013,
0xd280f741,
0xb9401fe0,
0x940010df,
0xb9067a60,
0xb0000060,
0x9121c000,
0xf9400013,
0xd280f761,
0xb9401fe0,
0x940010d8,
0xb9067e60,
0xb0000060,
0x9121c000,
0xf9400013,
0xd280f781,
0xb9401fe0,
0x940010d1,
0xb9068260,
0xb0000060,
0x9121c000,
0xf9400013,
0xd280f7a1,
0xb9401fe0,
0x940010ca,
0xb9068660,
0xb0000060,
0x9121c000,
0xf9400013,
0xd280f7c1,
0xb9401fe0,
0x940010c3,
0xb9068a60,
0xb0000060,
0x9121c000,
0xf9400013,
0xd280f7e1,
0xb9401fe0,
0x940010bc,
0xb9068e60,
0xb0000060,
0x9121c000,
0xf9400013,
0xd280f801,
0xb9401fe0,
0x940010b5,
0xb9069260,
0xb0000060,
0x9121c000,
0xf9400013,
0xd2802d81,
0xb9401fe0,
0x940010ae,
0xb901de60,
0xb0000060,
0x9121c000,
0xf9400013,
0xd2802da1,
0xb9401fe0,
0x940010a7,
0xb901e260,
0xb0000060,
0x9121c000,
0xf9400013,
0xd2802dc1,
0xb9401fe0,
0x940010a0,
0xb901e660,
0xb0000060,
0x9121c000,
0xf9400013,
0xd2802de1,
0xb9401fe0,
0x94001099,
0xb901ea60,
0xb0000060,
0x9121c000,
0xf9400013,
0xd2802e01,
0xb9401fe0,
0x94001092,
0xb901ee60,
0xb0000060,
0x9121c000,
0xf9400013,
0xd2802e21,
0xb9401fe0,
0x9400108b,
0xb901f260,
0xb0000060,
0x9121c000,
0xf9400013,
0xd2802e41,
0xb9401fe0,
0x94001084,
0xb901f660,
0xb0000060,
0x9121c000,
0xf9400013,
0xd2802e61,
0xb9401fe0,
0x9400107d,
0xb901fa60,
0xb0000060,
0x9121c000,
0xf9400013,
0xd2802e81,
0xb9401fe0,
0x94001076,
0xb901fe60,
0xb0000060,
0x9121c000,
0xf9400013,
0xd2802ea1,
0xb9401fe0,
0x9400106f,
0xb9020260,
0xb0000060,
0x9121c000,
0xf9400013,
0xd2802ec1,
0xb9401fe0,
0x94001068,
0xb9020660,
0xb0000060,
0x9121c000,
0xf9400013,
0xd2802ee1,
0xb9401fe0,
0x94001061,
0xb9020a60,
0xb0000060,
0x9121c000,
0xf9400013,
0xd2802f01,
0xb9401fe0,
0x9400105a,
0xb9020e60,
0xb0000060,
0x9121c000,
0xf9400013,
0xd2802f21,
0xb9401fe0,
0x94001053,
0xb9021260,
0xb0000060,
0x9121c000,
0xf9400013,
0xd2802f41,
0xb9401fe0,
0x9400104c,
0xb9021660,
0xb0000060,
0x9121c000,
0xf9400013,
0xd2802f61,
0xb9401fe0,
0x94001045,
0xb9021a60,
0xb0000060,
0x9121c000,
0xf9400013,
0xd2802f81,
0xb9401fe0,
0x9400103e,
0xb9021e60,
0xb0000060,
0x9121c000,
0xf9400013,
0xd2802fa1,
0xb9401fe0,
0x94001037,
0xb9022260,
0xb0000060,
0x9121c000,
0xf9400013,
0xd2802fc1,
0xb9401fe0,
0x94001030,
0xb9022660,
0xb0000060,
0x9121c000,
0xf9400013,
0xd2802fe1,
0xb9401fe0,
0x94001029,
0xb9022a60,
0xb0000060,
0x9121c000,
0xf9400013,
0xd2803001,
0xb9401fe0,
0x94001022,
0xb9022e60,
0xb0000060,
0x9121c000,
0xf9400013,
0xd2803021,
0xb9401fe0,
0x9400101b,
0xb9023260,
0xb0000060,
0x9121c000,
0xf9400013,
0xd2803041,
0xb9401fe0,
0x94001014,
0xb9023660,
0xb0000060,
0x9121c000,
0xf9400013,
0xd2803061,
0xb9401fe0,
0x9400100d,
0xb9023a60,
0xb0000060,
0x9121c000,
0xf9400013,
0xd2803081,
0xb9401fe0,
0x94001006,
0xb9023e60,
0xb0000060,
0x9121c000,
0xf9400013,
0xd28030a1,
0xb9401fe0,
0x94000fff,
0xb9024260,
0xb0000060,
0x9121c000,
0xf9400013,
0xd28030c1,
0xb9401fe0,
0x94000ff8,
0xb9024660,
0xb0000060,
0x9121c000,
0xf9400013,
0xd28030e1,
0xb9401fe0,
0x94000ff1,
0xb9024a60,
0xb0000060,
0x9121c000,
0xf9400013,
0xd2803101,
0xb9401fe0,
0x94000fea,
0xb9024e60,
0xb0000060,
0x9121c000,
0xf9400013,
0xd2803121,
0xb9401fe0,
0x94000fe3,
0xb9025260,
0xb0000060,
0x9121c000,
0xf9400013,
0xd2803141,
0xb9401fe0,
0x94000fdc,
0xb9025660,
0xb0000060,
0x9121c000,
0xf9400013,
0xd2803161,
0xb9401fe0,
0x94000fd5,
0xb9025a60,
0xb0000060,
0x9121c000,
0xf9400013,
0xd2803181,
0xb9401fe0,
0x94000fce,
0xb9025e60,
0xb0000060,
0x9121c000,
0xf9400013,
0xd28031a1,
0xb9401fe0,
0x94000fc7,
0xb9026260,
0xb0000060,
0x9121c000,
0xf9400013,
0xd28031c1,
0xb9401fe0,
0x94000fc0,
0xb9026660,
0xb0000060,
0x9121c000,
0xf9400013,
0xd28031e1,
0xb9401fe0,
0x94000fb9,
0xb9026a60,
0xb0000060,
0x9121c000,
0xf9400013,
0xd2803201,
0xb9401fe0,
0x94000fb2,
0xb9026e60,
0xb0000060,
0x9121c000,
0xf9400013,
0xd2803221,
0xb9401fe0,
0x94000fab,
0xb9027260,
0xb0000060,
0x9121c000,
0xf9400013,
0xd2803241,
0xb9401fe0,
0x94000fa4,
0xb9027660,
0xb0000060,
0x9121c000,
0xf9400013,
0xd2803261,
0xb9401fe0,
0x94000f9d,
0xb9027a60,
0xb0000060,
0x9121c000,
0xf9400013,
0xd2803281,
0xb9401fe0,
0x94000f96,
0xb9027e60,
0xb0000060,
0x9121c000,
0xf9400013,
0xd28032a1,
0xb9401fe0,
0x94000f8f,
0xb9028260,
0xb0000060,
0x9121c000,
0xf9400013,
0xd28032c1,
0xb9401fe0,
0x94000f88,
0xb9028660,
0xb0000060,
0x9121c000,
0xf9400013,
0xd28032e1,
0xb9401fe0,
0x94000f81,
0xb9028a60,
0xb0000060,
0x9121c000,
0xf9400013,
0xd2803301,
0xb9401fe0,
0x94000f7a,
0xb9028e60,
0xb0000060,
0x9121c000,
0xf9400013,
0xd2803321,
0xb9401fe0,
0x94000f73,
0xb9029260,
0xb0000060,
0x9121c000,
0xf9400013,
0xd2803341,
0xb9401fe0,
0x94000f6c,
0xb9029660,
0xb0000060,
0x9121c000,
0xf9400013,
0xd2803361,
0xb9401fe0,
0x94000f65,
0xb9029a60,
0xb0000060,
0x9121c000,
0xf9400013,
0xd2803381,
0xb9401fe0,
0x94000f5e,
0xb9029e60,
0xb0000060,
0x9121c000,
0xf9400013,
0xd28033a1,
0xb9401fe0,
0x94000f57,
0xb902a260,
0xb0000060,
0x9121c000,
0xf9400013,
0xd28033c1,
0xb9401fe0,
0x94000f50,
0xb902a660,
0xb0000060,
0x9121c000,
0xf9400013,
0xd28033e1,
0xb9401fe0,
0x94000f49,
0xb902aa60,
0xb0000060,
0x9121c000,
0xf9400013,
0xd2803401,
0xb9401fe0,
0x94000f42,
0xb902ae60,
0xb0000060,
0x9121c000,
0xf9400013,
0xd2803421,
0xb9401fe0,
0x94000f3b,
0xb902b260,
0xb0000060,
0x9121c000,
0xf9400013,
0xd2803441,
0xb9401fe0,
0x94000f34,
0xb902b660,
0xb0000060,
0x9121c000,
0xf9400013,
0xd2803461,
0xb9401fe0,
0x94000f2d,
0xb902ba60,
0xb0000060,
0x9121c000,
0xf9400013,
0xd2803481,
0xb9401fe0,
0x94000f26,
0xb902be60,
0xb0000060,
0x9121c000,
0xf9400013,
0xd28034a1,
0xb9401fe0,
0x94000f1f,
0xb902c260,
0xb0000060,
0x9121c000,
0xf9400013,
0xd28034c1,
0xb9401fe0,
0x94000f18,
0xb902c660,
0xb0000060,
0x9121c000,
0xf9400013,
0xd28034e1,
0xb9401fe0,
0x94000f11,
0xb902ca60,
0xb0000060,
0x9121c000,
0xf9400013,
0xd2803501,
0xb9401fe0,
0x94000f0a,
0xb902ce60,
0xb0000060,
0x9121c000,
0xf9400013,
0xd2803521,
0xb9401fe0,
0x94000f03,
0xb902d260,
0xb0000060,
0x9121c000,
0xf9400013,
0xd2803541,
0xb9401fe0,
0x94000efc,
0xb902d660,
0xb0000060,
0x9121c000,
0xf9400013,
0xd2803561,
0xb9401fe0,
0x94000ef5,
0xb902da60,
0xb0000060,
0x9121c000,
0xf9400013,
0xd2803581,
0xb9401fe0,
0x94000eee,
0xb902de60,
0xb0000060,
0x9121c000,
0xf9400013,
0xd28035a1,
0xb9401fe0,
0x94000ee7,
0xb902e260,
0xb0000060,
0x9121c000,
0xf9400013,
0xd28035c1,
0xb9401fe0,
0x94000ee0,
0xb902e660,
0xb0000060,
0x9121c000,
0xf9400013,
0xd28035e1,
0xb9401fe0,
0x94000ed9,
0xb902ea60,
0xb0000060,
0x9121c000,
0xf9400013,
0xd2803601,
0xb9401fe0,
0x94000ed2,
0xb902ee60,
0xb0000060,
0x9121c000,
0xf9400013,
0xd2803621,
0xb9401fe0,
0x94000ecb,
0xb902f260,
0xb0000060,
0x9121c000,
0xf9400013,
0xd2803641,
0xb9401fe0,
0x94000ec4,
0xb902f660,
0xb0000060,
0x9121c000,
0xf9400013,
0xd2803661,
0xb9401fe0,
0x94000ebd,
0xb902fa60,
0xb0000060,
0x9121c000,
0xf9400013,
0xd2802961,
0xb9401fe0,
0x94000eb6,
0xb907b660,
0xb0000060,
0x9121c000,
0xf9400013,
0xd2802921,
0xb9401fe0,
0x94000eaf,
0xb907ba60,
0xb0000060,
0x9121c000,
0xf9400013,
0xd2800da1,
0xb9401fe0,
0x94000ea8,
0xb907be60,
0xb0000060,
0x9121c000,
0xf9400013,
0xd2800dc1,
0xb9401fe0,
0x94000ea1,
0xb907c260,
0xb0000060,
0x9121c000,
0xf9400013,
0xd2800de1,
0xb9401fe0,
0x94000e9a,
0xb907c660,
0xd503201f,
0xa8c47bf3,
0xd65f03c0,
0xf81d0ffe,
0xb9002fe0,
0xb9002be1,
0xf90013e2,
0xb9001fe3,
0xb9401fe0,
0x7136b01f,
0x540000e9,
0xb9402fe0,
0x52800003,
0x52800802,
0xd28102e1,
0x94000f58,
0x14000006,
0xb9402fe0,
0x52800803,
0x52800802,
0xd28102e1,
0x94000f52,
0xb9402fe0,
0x52801003,
0x52801002,
0xd28102e1,
0x94000f4d,
0xb9402fe0,
0x52800003,
0x52800402,
0xd28102e1,
0x94000f48,
0xb9402fe0,
0x52800203,
0x52800202,
0xd28102e1,
0x94000f43,
0x52800020,
0x94000e5a,
0xb9402fe0,
0x52800003,
0x52801002,
0xd28100a1,
0x94000f3c,
0xb9402fe0,
0x52800003,
0x52801002,
0xd2810001,
0x94000f37,
0xb9402fe0,
0x52800003,
0x52800202,
0xd2810001,
0x94000f32,
0xb9402fe0,
0x52800103,
0x52800102,
0xd2810061,
0x94000f2d,
0xb9402fe0,
0x52800003,
0x52800102,
0xd2810061,
0x94000f28,
0xb9402fe0,
0x52800103,
0x52800102,
0xd2810061,
0x94000f23,
0xb9401fe0,
0x712ee01f,
0x540000e9,
0xb9402fe0,
0x52800003,
0x52801002,
0xd2810021,
0x94000f1b,
0x14000006,
0xb9402fe0,
0x52801003,
0x52801002,
0xd2810021,
0x94000f15,
0xb9402fe0,
0x52801003,
0x52801002,
0xd28100a1,
0x94000f10,
0x52800c80,
0x94000e27,
0xb9402fe0,
0x52800403,
0x52800c02,
0xd2810001,
0x94000f09,
0xb9402fe0,
0x52801003,
0x52801002,
0xd2810001,
0x94000f04,
0x52800140,
0x94000e1b,
0xb9402fe0,
0x52801102,
0xd2800ce1,
0x94000e53,
0xb9402fe0,
0x52800b02,
0xd2800d01,
0x94000e4f,
0xb9402fe0,
0x52800203,
0x52800202,
0xd2810001,
0x94000ef5,
0x52801900,
0x94000e0c,
0xb9402fe0,
0x52800004,
0x52801003,
0x52801002,
0xd28007a1,
0x94000e6a,
0xb9402fe0,
0x52800043,
0x52800042,
0xd2810061,
0x94000ee8,
0x52800020,
0x94000dff,
0xb9402fe0,
0x52800003,
0x52800042,
0xd2810061,
0x94000ee1,
0x52800020,
0x94000df8,
0xb9402fe0,
0x52800043,
0x52800042,
0xd2810061,
0x94000eda,
0xb9402fe0,
0x52801003,
0x52801002,
0xd2800d21,
0x94000ed5,
0x52800020,
0x94000dec,
0xb9402fe0,
0x52800003,
0x52801002,
0xd2800d21,
0x94000ece,
0x52800020,
0x94000de5,
0xb9402fe0,
0x52801003,
0x52801002,
0xd2800d21,
0x94000ec7,
0xb9402fe0,
0x52800003,
0x52800202,
0xd28102e1,
0x94000ec2,
0x52800020,
0x94000dd9,
0xb9402fe0,
0x52800403,
0x52800402,
0xd28102e1,
0x94000ebb,
0xb9402fe0,
0x52800003,
0x52801002,
0xd28102e1,
0x94000eb6,
0x52800020,
0x94000dcd,
0xb9402fe0,
0xb9402be1,
0x528001e2,
0x94001217,
0xb9402fe4,
0xf94013e0,
0xb940f800,
0x2a0003e3,
0x52801002,
0xd2800001,
0x2a0403e0,
0x94000ea8,
0xb9402fe4,
0xf94013e0,
0xb9437000,
0x2a0003e3,
0x52801002,
0xd280a001,
0x2a0403e0,
0x94000ea0,
0xb9402fe0,
0x52801003,
0x52801002,
0xd2800421,
0x94000e9b,
0xb9402fe0,
0x52801003,
0x52801002,
0xd2804a61,
0x94000e96,
0xb9402fe0,
0x52800203,
0x52800202,
0xd2800001,
0x94000e91,
0xb9402fe0,
0x52800a03,
0x52800e02,
0xd2800041,
0x94000e8c,
0xb9402fe3,
0xf94013e0,
0xb9419800,
0x2a0003e2,
0xd2801061,
0x2a0303e0,
0x94000dda,
0xb9402fe3,
0xf94013e0,
0xb9464c00,
0x2a0003e2,
0xd280f481,
0x2a0303e0,
0x94000dd3,
0xb9402fe0,
0x52801802,
0xd280a5e1,
0x94000dcf,
0xb9402fe0,
0x52800d42,
0xd280ed21,
0x94000dcb,
0xb9402fe3,
0xf94013e0,
0xb946c800,
0x2a0003e2,
0xd2810241,
0x2a0303e0,
0x94000dc4,
0xb9402fe3,
0xf94013e0,
0xb946cc00,
0x2a0003e2,
0xd2810261,
0x2a0303e0,
0x94000dbd,
0xb9402fe3,
0xf94013e0,
0xb946d000,
0x2a0003e2,
0xd2810281,
0x2a0303e0,
0x94000db6,
0xb9402fe3,
0xf94013e0,
0xb946d400,
0x2a0003e2,
0xd28102a1,
0x2a0303e0,
0x94000daf,
0xb9402fe0,
0x52800403,
0x52800402,
0xd2800281,
0x94000e55,
0xb9402fe0,
0x52800023,
0x52800022,
0xd280a9c1,
0x94000e50,
0xb9402fe0,
0x52801002,
0xd280a601,
0x94000da1,
0xb9402fe0,
0x52800002,
0xd280ec01,
0x94000d9d,
0xb9402fe0,
0x52800002,
0xd280ec21,
0x94000d99,
0xb9402fe0,
0x52800002,
0xd280ec41,
0x94000d95,
0xb9402fe0,
0x52800002,
0xd280ec61,
0x94000d91,
0xb9402fe0,
0x52800002,
0xd280ec81,
0x94000d8d,
0xb9402fe0,
0x52800002,
0xd280eca1,
0x94000d89,
0xb9402fe0,
0x52800002,
0xd280ecc1,
0x94000d85,
0xb9402fe0,
0x52800002,
0xd280ece1,
0x94000d81,
0xb9402fe0,
0x52800002,
0xd280ed01,
0x94000d7d,
0xb9402fe0,
0x52801fe2,
0xd280c021,
0x94000d79,
0xb9402fe0,
0x52801fe2,
0xd280c041,
0x94000d75,
0xb9402fe3,
0xf94013e0,
0xb943a800,
0x2a0003e2,
0xd280c061,
0x2a0303e0,
0x94000d6e,
0xb9402fe3,
0xf94013e0,
0xb943ac00,
0x2a0003e2,
0xd280c081,
0x2a0303e0,
0x94000d67,
0xb9402fe3,
0xf94013e0,
0xb943b000,
0x2a0003e2,
0xd280c141,
0x2a0303e0,
0x94000d60,
0xb9402fe3,
0xf94013e0,
0xb943c400,
0x2a0003e2,
0xd280c281,
0x2a0303e0,
0x94000d59,
0xb9402fe3,
0xf94013e0,
0xb943d800,
0x2a0003e2,
0xd280c3c1,
0x2a0303e0,
0x94000d52,
0xb9402fe3,
0xf94013e0,
0xb943ec00,
0x2a0003e2,
0xd280c501,
0x2a0303e0,
0x94000d4b,
0xb9402fe3,
0xf94013e0,
0xb9440000,
0x2a0003e2,
0xd280c921,
0x2a0303e0,
0x94000d44,
0xb9402fe3,
0xf94013e0,
0xb9440c00,
0x2a0003e2,
0xd280ca81,
0x2a0303e0,
0x94000d3d,
0xb9402fe3,
0xf94013e0,
0xb9442000,
0x2a0003e2,
0xd280cbc1,
0x2a0303e0,
0x94000d36,
0xb9402fe3,
0xf94013e0,
0xb9443400,
0x2a0003e2,
0xd280cd01,
0x2a0303e0,
0x94000d2f,
0xb9402fe3,
0xf94013e0,
0xb9444800,
0x2a0003e2,
0xd280ce41,
0x2a0303e0,
0x94000d28,
0xb9402fe3,
0xf94013e0,
0xb9445c00,
0x2a0003e2,
0xd280d261,
0x2a0303e0,
0x94000d21,
0xb9402fe0,
0x52801fe2,
0xd2802921,
0x94000d1d,
0xb9402fe0,
0x52801fe2,
0xd2802961,
0x94000d19,
0xb9402fe0,
0x52800002,
0xd2802941,
0x94000d15,
0xb9402fe0,
0x52800002,
0xd2802981,
0x94000d11,
0xb9402fe3,
0xf94013e0,
0xb9465000,
0x2a0003e2,
0xd280f601,
0x2a0303e0,
0x94000d0a,
0xb9402fe3,
0xf94013e0,
0xb9449c00,
0x2a0003e2,
0xd280e141,
0x2a0303e0,
0x94000d03,
0xb9402fe3,
0xf94013e0,
0xb944bc00,
0x2a0003e2,
0xd280e281,
0x2a0303e0,
0x94000cfc,
0xb9402fe3,
0xf94013e0,
0xb944dc00,
0x2a0003e2,
0xd280e401,
0x2a0303e0,
0x94000cf5,
0xb9402fe3,
0xf94013e0,
0xb944f400,
0x2a0003e2,
0xd280e541,
0x2a0303e0,
0x94000cee,
0xb9402fe3,
0xf94013e0,
0xb9450c00,
0x2a0003e2,
0xd280e6c1,
0x2a0303e0,
0x94000ce7,
0xb9402fe3,
0xf94013e0,
0xb9452c00,
0x2a0003e2,
0xd280e801,
0x2a0303e0,
0x94000ce0,
0xb9402fe3,
0xf94013e0,
0xb9454c00,
0x2a0003e2,
0xd280e981,
0x2a0303e0,
0x94000cd9,
0xb9402fe3,
0xf94013e0,
0xb9456400,
0x2a0003e2,
0xd280eac1,
0x2a0303e0,
0x94000cd2,
0xb9402fe0,
0x52800203,
0x52800202,
0xd280c3a1,
0x94000d78,
0xb9402fe0,
0x52800203,
0x52800202,
0xd280cce1,
0x94000d73,
0xb9402fe0,
0x52800203,
0x52800202,
0xd280ca41,
0x94000d6e,
0xb9402fe0,
0x52800203,
0x52800202,
0xd280d381,
0x94000d69,
0xb9402fe4,
0xf94013e0,
0xb944b800,
0x2a0003e3,
0x52801e02,
0xd280e261,
0x2a0403e0,
0x94000d61,
0xb9402fe4,
0xf94013e0,
0xb944d800,
0x2a0003e3,
0x52801e02,
0xd280e3a1,
0x2a0403e0,
0x94000d59,
0xb9402fe4,
0xf94013e0,
0xb944f000,
0x2a0003e3,
0x52801e02,
0xd280e521,
0x2a0403e0,
0x94000d51,
0xb9402fe4,
0xf94013e0,
0xb9450800,
0x2a0003e3,
0x52801e02,
0xd280e661,
0x2a0403e0,
0x94000d49,
0xb9402fe4,
0xf94013e0,
0xb9452800,
0x2a0003e3,
0x52801e02,
0xd280e7e1,
0x2a0403e0,
0x94000d41,
0xb9402fe4,
0xf94013e0,
0xb9454800,
0x2a0003e3,
0x52801e02,
0xd280e921,
0x2a0403e0,
0x94000d39,
0xb9402fe4,
0xf94013e0,
0xb9456000,
0x2a0003e3,
0x52801e02,
0xd280eaa1,
0x2a0403e0,
0x94000d31,
0xb9402fe4,
0xf94013e0,
0xb9457800,
0x2a0003e3,
0x52801e02,
0xd280ebe1,
0x2a0403e0,
0x94000d29,
0xb9402fe3,
0xf94013e0,
0xb9465400,
0x2a0003e2,
0xd280f621,
0x2a0303e0,
0x94000c77,
0xb9402fe3,
0xf94013e0,
0xb9465800,
0x2a0003e2,
0xd280f641,
0x2a0303e0,
0x94000c70,
0xb9402fe3,
0xf94013e0,
0xb9465c00,
0x2a0003e2,
0xd280f661,
0x2a0303e0,
0x94000c69,
0xb9402fe3,
0xf94013e0,
0xb9466000,
0x2a0003e2,
0xd280f681,
0x2a0303e0,
0x94000c62,
0xb9402fe3,
0xf94013e0,
0xb9466400,
0x2a0003e2,
0xd280f6a1,
0x2a0303e0,
0x94000c5b,
0xb9402fe3,
0xf94013e0,
0xb9466800,
0x2a0003e2,
0xd280f6c1,
0x2a0303e0,
0x94000c54,
0xb9402fe3,
0xf94013e0,
0xb9466c00,
0x2a0003e2,
0xd280f6e1,
0x2a0303e0,
0x94000c4d,
0xb9402fe3,
0xf94013e0,
0xb9467000,
0x2a0003e2,
0xd280f701,
0x2a0303e0,
0x94000c46,
0xb9402fe3,
0xf94013e0,
0xb9467400,
0x2a0003e2,
0xd280f721,
0x2a0303e0,
0x94000c3f,
0xb9402fe3,
0xf94013e0,
0xb9467800,
0x2a0003e2,
0xd280f741,
0x2a0303e0,
0x94000c38,
0xb9402fe3,
0xf94013e0,
0xb9467c00,
0x2a0003e2,
0xd280f761,
0x2a0303e0,
0x94000c31,
0xb9402fe3,
0xf94013e0,
0xb9468000,
0x2a0003e2,
0xd280f781,
0x2a0303e0,
0x94000c2a,
0xb9402fe3,
0xf94013e0,
0xb9468400,
0x2a0003e2,
0xd280f7a1,
0x2a0303e0,
0x94000c23,
0xb9402fe3,
0xf94013e0,
0xb9468800,
0x2a0003e2,
0xd280f7c1,
0x2a0303e0,
0x94000c1c,
0xb9402fe3,
0xf94013e0,
0xb9468c00,
0x2a0003e2,
0xd280f7e1,
0x2a0303e0,
0x94000c15,
0xb9402fe3,
0xf94013e0,
0xb9469000,
0x2a0003e2,
0xd280f801,
0x2a0303e0,
0x94000c0e,
0xb9402be0,
0x7100001f,
0x54000980,
0xb9402fe3,
0xf94013e0,
0xb9437800,
0x2a0003e2,
0xd280a121,
0x2a0303e0,
0x94000c04,
0xb9402fe4,
0xf94013e0,
0xb9437c00,
0x2a0003e3,
0x528000e2,
0xd280a141,
0x2a0403e0,
0x94000ca7,
0xb9402fe3,
0xf94013e0,
0xb9438000,
0x2a0003e2,
0xd280a161,
0x2a0303e0,
0x94000bf5,
0xb9402fe4,
0xf94013e0,
0xb9438400,
0x2a0003e3,
0x52800fe2,
0xd280a181,
0x2a0403e0,
0x94000c98,
0xb9402fe3,
0xf94013e0,
0xb9438800,
0x2a0003e2,
0xd280a1a1,
0x2a0303e0,
0x94000be6,
0xb9402fe4,
0xf94013e0,
0xb9438c00,
0x2a0003e3,
0x528001e2,
0xd280a1c1,
0x2a0403e0,
0x94000c89,
0xb9402fe4,
0xf94013e0,
0xb9437400,
0x2a0003e3,
0x528007e2,
0xd280a021,
0x2a0403e0,
0x94000c81,
0xb9402fe4,
0xf94013e0,
0xb9417000,
0x2a0003e3,
0x528000e2,
0xd2800501,
0x2a0403e0,
0x94000c79,
0xb9402fe3,
0xf94013e0,
0xb9416c00,
0x2a0003e2,
0xd28004e1,
0x2a0303e0,
0x94000bc7,
0xb9402fe3,
0xf94013e0,
0xb9417800,
0x2a0003e2,
0xd28005c1,
0x2a0303e0,
0x94000bc0,
0xb9402fe4,
0xf94013e0,
0xb940fc00,
0x2a0003e3,
0x528007e2,
0xd2800021,
0x2a0403e0,
0x94000c63,
0xb9402fe4,
0xf94013e0,
0xb9419400,
0x2a0003e3,
0x52800062,
0xd2800cc1,
0x2a0403e0,
0x94000c5b,
0xb9402fe4,
0xf94013e0,
0xb940f800,
0x2a0003e3,
0x52800102,
0xd2800001,
0x2a0403e0,
0x94000c53,
0xb9402fe0,
0x52800003,
0x52800c02,
0xd280a9c1,
0x94000c4e,
0xb9402be0,
0x7100001f,
0x540001a1,
0xb9402fe4,
0xf94013e0,
0xb9410000,
0x2a0003e3,
0x52801002,
0xd2800041,
0x2a0403e0,
0x94000c43,
0xb9402fe0,
0x52800102,
0xd2800181,
0x94000b94,
0xb9402fe4,
0xf94013e0,
0xb9410400,
0x2a0003e3,
0x528001e2,
0xd2800081,
0x2a0403e0,
0x94000c37,
0xb9402fe4,
0xf94013e0,
0xb9416800,
0x2a0003e3,
0x528007e2,
0xd2800461,
0x2a0403e0,
0x94000c2f,
0xb9402fe4,
0xf94013e0,
0xb9410800,
0x2a0003e3,
0x528001e2,
0xd28000a1,
0x2a0403e0,
0x94000c27,
0xb9402be0,
0x7100001f,
0x54000501,
0xb9402fe4,
0xf94013e0,
0xb9410c00,
0x2a0003e3,
0x528003e2,
0xd28000c1,
0x2a0403e0,
0x94000c1c,
0xb9402fe4,
0xf94013e0,
0xb9411000,
0x2a0003e3,
0x528001e2,
0xd28000e1,
0x2a0403e0,
0x94000c14,
0xb9402fe3,
0xf94013e0,
0xb9415c00,
0x2a0003e2,
0xd2800401,
0x2a0303e0,
0x94000b62,
0xb9402fe4,
0xf94013e0,
0xb9416000,
0x2a0003e3,
0x528001e2,
0xd2800421,
0x2a0403e0,
0x94000c05,
0xb9402fe3,
0xf94013e0,
0xb9416400,
0x2a0003e2,
0xd2800441,
0x2a0303e0,
0x94000b53,
0x14000024,
0xb9402fe3,
0xf94013e0,
0xb9439000,
0x2a0003e2,
0xd280a221,
0x2a0303e0,
0x94000b4b,
0xb9402fe3,
0xf94013e0,
0xb9439400,
0x2a0003e2,
0xd280a241,
0x2a0303e0,
0x94000b44,
0xb9402fe3,
0xf94013e0,
0xb9439800,
0x2a0003e2,
0xd280a2a1,
0x2a0303e0,
0x94000b3d,
0xb9402fe3,
0xf94013e0,
0xb9439c00,
0x2a0003e2,
0xd280a5c1,
0x2a0303e0,
0x94000b36,
0xb9402fe3,
0xf94013e0,
0xb946e800,
0x2a0003e2,
0xd2810a41,
0x2a0303e0,
0x94000b2f,
0xb9402fe4,
0xf94013e0,
0xb9411400,
0x2a0003e3,
0x528007e2,
0xd2800121,
0x2a0403e0,
0x94000bd2,
0xb9402fe4,
0xf94013e0,
0xb9411c00,
0x2a0003e3,
0x528007e2,
0xd2800161,
0x2a0403e0,
0x94000bca,
0xb9402be0,
0x7100001f,
0x54000221,
0xb9402fe4,
0xf94013e0,
0xb9410000,
0x2a0003e3,
0x528001e2,
0xd2800041,
0x2a0403e0,
0x94000bbf,
0xb9402fe4,
0xf94013e0,
0xb9417400,
0x2a0003e3,
0x52800e02,
0xd28005a1,
0x2a0403e0,
0x94000bb7,
0xb9402fe3,
0xf94013e0,
0xb9413800,
0x2a0003e2,
0xd28002c1,
0x2a0303e0,
0x94000b05,
0xb9402fe3,
0xf94013e0,
0xb9413400,
0x2a0003e2,
0xd28002a1,
0x2a0303e0,
0x94000afe,
0xb9402fe3,
0xf94013e0,
0xb9414000,
0x2a0003e2,
0xd2800301,
0x2a0303e0,
0x94000af7,
0xb9402fe3,
0xf94013e0,
0xb9413c00,
0x2a0003e2,
0xd28002e1,
0x2a0303e0,
0x94000af0,
0xb9402fe3,
0xf94013e0,
0xb9414800,
0x2a0003e2,
0xd2800341,
0x2a0303e0,
0x94000ae9,
0xb9402fe3,
0xf94013e0,
0xb9414400,
0x2a0003e2,
0xd2800321,
0x2a0303e0,
0x94000ae2,
0xb9402fe3,
0xf94013e0,
0xb9415000,
0x2a0003e2,
0xd2800381,
0x2a0303e0,
0x94000adb,
0xb9402fe3,
0xf94013e0,
0xb9414c00,
0x2a0003e2,
0xd2800361,
0x2a0303e0,
0x94000ad4,
0xb9402be0,
0x7100001f,
0x54000480,
0xb9402fe3,
0xf94013e0,
0xb9415800,
0x2a0003e2,
0xd28003c1,
0x2a0303e0,
0x94000aca,
0xb9402fe3,
0xf94013e0,
0xb9415400,
0x2a0003e2,
0xd28003a1,
0x2a0303e0,
0x94000ac3,
0xb9402fe3,
0xf94013e0,
0xb9415400,
0x2a0003e2,
0xd2801421,
0x2a0303e0,
0x94000abc,
0xb9402fe3,
0xf94013e0,
0xb9415400,
0x2a0003e2,
0xd2801441,
0x2a0303e0,
0x94000ab5,
0xb9402fe3,
0xf94013e0,
0xb9415400,
0x2a0003e2,
0xd2801461,
0x2a0303e0,
0x94000aae,
0xb9402fe3,
0xf94013e0,
0xb9418000,
0x2a0003e2,
0xd2800c21,
0x2a0303e0,
0x94000aa7,
0xb9402fe3,
0xf94013e0,
0xb9417c00,
0x2a0003e2,
0xd2800c01,
0x2a0303e0,
0x94000aa0,
0xb9402be0,
0x7100001f,
0x540003a1,
0xb9402fe3,
0xf94013e0,
0xb9418800,
0x2a0003e2,
0xd2800c61,
0x2a0303e0,
0x94000a96,
0xb9402fe3,
0xf94013e0,
0xb9418400,
0x2a0003e2,
0xd2800c41,
0x2a0303e0,
0x94000a8f,
0xb9402fe3,
0xf94013e0,
0xb9419000,
0x2a0003e2,
0xd2800ca1,
0x2a0303e0,
0x94000a88,
0xb9402fe3,
0xf94013e0,
0xb9418c00,
0x2a0003e2,
0xd2800c81,
0x2a0303e0,
0x94000a81,
0xb9402fe4,
0xf94013e0,
0xb9411800,
0x2a0003e3,
0x528007e2,
0xd2800141,
0x2a0403e0,
0x94000b24,
0xb9402fe3,
0xf94013e0,
0xb943a000,
0x2a0003e2,
0xd280aac1,
0x2a0303e0,
0x94000a72,
0xb9402fe3,
0xf94013e0,
0xb943a400,
0x2a0003e2,
0xd280aae1,
0x2a0303e0,
0x94000a6b,
0xb9402fe0,
0x52800003,
0x52800202,
0xd2810d41,
0x94000b11,
0xb9402fe0,
0x52800003,
0x52800022,
0xd2810d41,
0x94000b0c,
0xb9402fe0,
0x52800003,
0x52800202,
0xd2810d61,
0x94000b07,
0xb9402fe0,
0x52800003,
0x52800022,
0xd2810d61,
0x94000b02,
0xb9402be0,
0x7100001f,
0x540009e0,
0xb9401fe1,
0x52821520,
0x6b00003f,
0x54000249,
0xb9402fe0,
0x52800e42,
0xd2811d61,
0x94000a4c,
0xb9402fe0,
0x52800002,
0xd2811d81,
0x94000a48,
0xb9402fe0,
0x52800e42,
0xd2811ec1,
0x94000a44,
0xb9402fe0,
0x52800002,
0xd2811ee1,
0x94000a40,
0x1400004a,
0xb9401fe0,
0x713e781f,
0x54000249,
0xb9402fe0,
0x52800d62,
0xd2811d61,
0x94000a38,
0xb9402fe0,
0x52800002,
0xd2811d81,
0x94000a34,
0xb9402fe0,
0x52800d62,
0xd2811ec1,
0x94000a30,
0xb9402fe0,
0x52800002,
0xd2811ee1,
0x94000a2c,
0x14000036,
0xb9401fe0,
0x713a4c1f,
0x54000249,
0xb9402fe0,
0x52800c62,
0xd2811d61,
0x94000a24,
0xb9402fe0,
0x52800002,
0xd2811d81,
0x94000a20,
0xb9402fe0,
0x52800c62,
0xd2811ec1,
0x94000a1c,
0xb9402fe0,
0x52800002,
0xd2811ee1,
0x94000a18,
0x14000022,
0xb9402fe0,
0x52800a62,
0xd2811d61,
0x94000a13,
0xb9402fe0,
0x52800002,
0xd2811d81,
0x94000a0f,
0xb9402fe0,
0x52800a62,
0xd2811ec1,
0x94000a0b,
0xb9402fe0,
0x52800002,
0xd2811ee1,
0x94000a07,
0x14000011,
0xb9402fe0,
0x52800002,
0xd2811d61,
0x94000a02,
0xb9402fe0,
0x52800002,
0xd2811d81,
0x940009fe,
0xb9402fe0,
0x52800002,
0xd2811ec1,
0x940009fa,
0xb9402fe0,
0x52800002,
0xd2811ee1,
0x940009f6,
0xb9402fe0,
0x52800203,
0x52800202,
0xd2810d41,
0x94000a9c,
0xb9402fe0,
0x52800023,
0x52800022,
0xd2810d41,
0x94000a97,
0xb9402fe0,
0x52800203,
0x52800202,
0xd2810d61,
0x94000a92,
0xb9402fe0,
0x52800023,
0x52800022,
0xd2810d61,
0x94000a8d,
0xb9402fe0,
0xb9402be1,
0xf94013e2,
0x97ffc2eb,
0xb9402fe0,
0x52800002,
0xd280d661,
0x940009da,
0xb9402fe0,
0x52800002,
0xd280d681,
0x940009d6,
0xb9402fe0,
0x52800002,
0xd280d6a1,
0x940009d2,
0xb9402fe0,
0x52800002,
0xd280d6c1,
0x940009ce,
0xb9402fe0,
0x52800003,
0x52801002,
0xd280a601,
0x94000a74,
0x52800020,
0x9400098b,
0xb9402fe0,
0x52801603,
0x52801e02,
0xd280ed61,
0x94000a6d,
0xb9402fe0,
0x528000c3,
0x528001e2,
0xd28100a1,
0x94000a68,
0xb9402fe0,
0x52800002,
0xd280d661,
0x940009b9,
0xb9402fe0,
0x52801002,
0xd280d681,
0x940009b5,
0xb9402fe0,
0x52800002,
0xd280d6a1,
0x940009b1,
0xb9402fe0,
0x52801002,
0xd280d6c1,
0x940009ad,
0xb9402fe0,
0x52801003,
0x52801002,
0xd280a601,
0x94000a53,
0x52800020,
0x9400096a,
0xb9402fe0,
0x52801e02,
0xd2802961,
0x940009a2,
0xb9402fe0,
0x52801e02,
0xd2802981,
0x9400099e,
0x52800020,
0x94000960,
0xb9402fe0,
0x52800003,
0x528001e2,
0xd28059c1,
0x94000a42,
0x52800020,
0x94000959,
0xb9402fe0,
0x528001e3,
0x528001e2,
0xd28059c1,
0x94000a3b,
0x52800020,
0x94000952,
0xb9402fe0,
0x52800003,
0x528001e2,
0xd28059a1,
0x94000a34,
0x52800020,
0x9400094b,
0xb9402fe0,
0x528001e3,
0x528001e2,
0xd28059a1,
0x94000a2d,
0x52800020,
0x94000944,
0xb9402fe0,
0x52800103,
0x52800102,
0xd2800a81,
0x94000a26,
0x52800020,
0x9400093d,
0xb9402fe0,
0x52800003,
0x52800102,
0xd2800a81,
0x94000a1f,
0x52800020,
0x94000936,
0xb9402fe0,
0x52800003,
0x52801002,
0xd2800b41,
0x94000a18,
0x52800020,
0x9400092f,
0xb9402fe0,
0x52801003,
0x52801002,
0xd2800b41,
0x94000a11,
0x52800020,
0x94000928,
0xb9402fe0,
0x52801fe2,
0xd2802961,
0x94000960,
0xb9402fe0,
0x52800002,
0xd2802981,
0x9400095c,
0x52800020,
0x9400091e,
0xb9402fe0,
0x528001e3,
0x528001e2,
0xd280ec01,
0x94000a00,
0xb9402fe0,
0x52800043,
0x528001e2,
0xd2800581,
0x940009fb,
0xb9402fe0,
0x52800002,
0xd2800561,
0x9400094c,
0xb9402fe0,
0x52800002,
0xd2800541,
0x94000948,
0xb9402fe0,
0x52800002,
0xd2800521,
0x94000944,
0xb9402fe0,
0x52800003,
0x52801002,
0xd2800581,
0x940009ea,
0xb9402fe0,
0x52801003,
0x52801002,
0xd2800581,
0x940009e5,
0xb9402fe0,
0x52800003,
0x52801002,
0xd2800581,
0x940009e0,
0xb9402fe0,
0x52800003,
0x528001e2,
0xd280ec01,
0x940009db,
0xb9402fe0,
0x52801803,
0x52801802,
0xd280a981,
0x940009d6,
0xb9402fe0,
0x52800123,
0x528001e2,
0xd2800581,
0x940009d1,
0xb9402fe0,
0x52800002,
0xd2800561,
0x94000922,
0xb9402fe0,
0x52800002,
0xd2800541,
0x9400091e,
0xb9402fe0,
0x52800002,
0xd2800521,
0x9400091a,
0xb9402fe0,
0x52800003,
0x52801002,
0xd2800581,
0x940009c0,
0xb9402fe0,
0x52801003,
0x52801002,
0xd2800581,
0x940009bb,
0xb9402fe0,
0x52800003,
0x52801002,
0xd2800581,
0x940009b6,
0xb9402fe0,
0x52800143,
0x528001e2,
0xd2800581,
0x940009b1,
0xb9402fe0,
0x52800002,
0xd2800561,
0x94000902,
0xb9402fe0,
0x52800002,
0xd2800541,
0x940008fe,
0xb9402fe0,
0x52800002,
0xd2800521,
0x940008fa,
0xb9402fe0,
0x52800003,
0x52801002,
0xd2800581,
0x940009a0,
0xb9402fe0,
0x52801003,
0x52801002,
0xd2800581,
0x9400099b,
0xb9402fe0,
0x52800003,
0x52801002,
0xd2800581,
0x94000996,
0xb9402fe3,
0xf94013e0,
0xb947b800,
0x2a0003e2,
0xd2802921,
0x2a0303e0,
0x940008e4,
0xb9402fe3,
0xf94013e0,
0xb947b400,
0x2a0003e2,
0xd2802961,
0x2a0303e0,
0x940008dd,
0xd503201f,
0xf84307fe,
0xd65f03c0,
0xd10083ff,
0xb9001fe0,
0xb9001be1,
0xb90017e2,
0xf90007e3,
0xd2806400,
0xf2be0400,
0xf2c00040,
0xb900001f,
0xd2843200,
0xf2be0400,
0xf2c00040,
0xf94007e1,
0xb9407821,
0xb9000001,
0xd2843280,
0xf2be0400,
0xf2c00040,
0xf94007e1,
0xb9407c21,
0xb9000001,
0xd2841b80,
0xf2be0400,
0xf2c00040,
0xf94007e1,
0xb9402821,
0xb9000001,
0xd2841c00,
0xf2be0400,
0xf2c00040,
0xf94007e1,
0xb9402c21,
0xb9000001,
0xd2841d00,
0xf2be0400,
0xf2c00040,
0xf94007e1,
0xb9403421,
0xb9000001,
0xd2841d80,
0xf2be0400,
0xf2c00040,
0xf94007e1,
0xb9403821,
0xb9000001,
0xb94017e0,
0x7132001f,
0x5400016d,
0xb94017e1,
0x52821540,
0x6b00003f,
0x540000ec,
0xd2841e80,
0xf2be0400,
0xf2c00040,
0x5280ede1,
0xb9000001,
0x14000018,
0xb94017e0,
0x7121541f,
0x5400014d,
0xb94017e0,
0x7132001f,
0x540000ec,
0xd2841e80,
0xf2be0400,
0xf2c00040,
0x5280cde1,
0xb9000001,
0x1400000c,
0xb94017e0,
0x7110a81f,
0x5400012d,
0xb94017e0,
0x7121541f,
0x540000cc,
0xd2841e80,
0xf2be0400,
0xf2c00040,
0x5280ade1,
0xb9000001,
0xd2842000,
0xf2be0400,
0xf2c00040,
0xf94007e1,
0xb9403c21,
0xb9000001,
0xd2842080,
0xf2be0400,
0xf2c00040,
0xf94007e1,
0xb9404021,
0xb9000001,
0xd2842100,
0xf2be0400,
0xf2c00040,
0xf94007e1,
0xb9404421,
0xb9000001,
0xd2842180,
0xf2be0400,
0xf2c00040,
0xf94007e1,
0xb9404821,
0xb9000001,
0xd2842200,
0xf2be0400,
0xf2c00040,
0xf94007e1,
0xb9404c21,
0xb9000001,
0xd2842280,
0xf2be0400,
0xf2c00040,
0xf94007e1,
0xb9405021,
0xb9000001,
0xd2842300,
0xf2be0400,
0xf2c00040,
0xf94007e1,
0xb9405421,
0xb9000001,
0xd2842380,
0xf2be0400,
0xf2c00040,
0xf94007e1,
0xb9405821,
0xb9000001,
0xd2842400,
0xf2be0400,
0xf2c00040,
0xf94007e1,
0xb9405c21,
0xb9000001,
0xd2842480,
0xf2be0400,
0xf2c00040,
0xf94007e1,
0xb9406021,
0xb9000001,
0xd2842600,
0xf2be0400,
0xf2c00040,
0xf94007e1,
0xb9406421,
0xb9000001,
0xd2842680,
0xf2be0400,
0xf2c00040,
0xf94007e1,
0xb9406821,
0xb9000001,
0xd2842700,
0xf2be0400,
0xf2c00040,
0xf94007e1,
0xb9406c21,
0xb9000001,
0xd2840c80,
0xf2be0400,
0xf2c00040,
0xf94007e1,
0xb9401421,
0xb9000001,
0xd2840d00,
0xf2be0400,
0xf2c00040,
0xf94007e1,
0xb9401821,
0xb9000001,
0xd2840a00,
0xf2be0400,
0xf2c00040,
0xf94007e1,
0xb9401021,
0xb9000001,
0xd2843000,
0xf2be0400,
0xf2c00040,
0xf94007e1,
0xb9407021,
0xb9000001,
0xd2844800,
0xf2be0400,
0xf2c00040,
0xf94007e1,
0xb9408021,
0xb9000001,
0xd2806400,
0xf2be0400,
0xf2c00040,
0x52800021,
0xb9000001,
0xd503201f,
0x910083ff,
0xd65f03c0,
0xf81e0ffe,
0xb9001fe0,
0xb9001be1,
0xd2806400,
0xf2be0400,
0xf2c00040,
0xb900001f,
0xb9401be3,
0x528003a2,
0x528003a1,
0xd2be0400,
0xf2c00040,
0x94000940,
0xd2806400,
0xf2be0400,
0xf2c00040,
0x52800021,
0xb9000001,
0x528003a2,
0x528003a1,
0xd2800c00,
0xf2be0400,
0xf2c00040,
0x9400090c,
0x2a0003e3,
0x528003a2,
0x528003a1,
0xd2800c00,
0xf2be0400,
0xf2c00040,
0x9400092e,
0xd503201f,
0xf84207fe,
0xd65f03c0,
0xf81e0ffe,
0xb9001fe0,
0xf9000be1,
0x52801002,
0x528001a1,
0xb9401fe0,
0x97ffc853,
0xf9400be0,
0xb9413400,
0x2a0003e2,
0x52800021,
0xb9401fe0,
0x97ffc84d,
0xf9400be0,
0xb9413c00,
0x2a0003e2,
0x52800041,
0xb9401fe0,
0x97ffc847,
0xf9400be0,
0xb9414400,
0x2a0003e2,
0x52800061,
0xb9401fe0,
0x97ffc841,
0xf9400be0,
0xb9414c00,
0x2a0003e2,
0x52800161,
0xb9401fe0,
0x97ffc83b,
0xf9400be0,
0xb9415800,
0x2a0003e2,
0x52800181,
0xb9401fe0,
0x97ffc835,
0x52800003,
0x52800002,
0x52800001,
0xb9401fe0,
0x940009d7,
0xf9400be0,
0xb9415400,
0x2a0003e2,
0x528001c1,
0xb9401fe0,
0x97ffc82a,
0x52800023,
0x52800002,
0x52800001,
0xb9401fe0,
0x940009cc,
0x52800003,
0x52800022,
0x52800001,
0xb9401fe0,
0x940009c7,
0xf9400be0,
0xb9419c00,
0x2a0003e2,
0x528001c1,
0xb9401fe0,
0x97ffc81a,
0x52800023,
0x52800022,
0x52800001,
0xb9401fe0,
0x940009bc,
0x52800003,
0x52800002,
0x52800021,
0xb9401fe0,
0x940009b7,
0xf9400be0,
0xb941a000,
0x2a0003e2,
0x528001c1,
0xb9401fe0,
0x97ffc80a,
0x52800023,
0x52800002,
0x52800021,
0xb9401fe0,
0x940009ac,
0x52800003,
0x52800022,
0x52800021,
0xb9401fe0,
0x940009a7,
0xf9400be0,
0xb941a400,
0x2a0003e2,
0x528001c1,
0xb9401fe0,
0x97ffc7fa,
0x52800023,
0x52800022,
0x52800021,
0xb9401fe0,
0x9400099c,
0xf9400be0,
0xb9417c00,
0x2a0003e2,
0x528002c1,
0xb9401fe0,
0x97ffc7ef,
0x52801802,
0x528001a1,
0xb9401fe0,
0x97ffc7eb,
0xd503201f,
0xf84207fe,
0xd65f03c0,
0xf81c0ffe,
0xb9001fe0,
0xb9003fff,
0xb9003bff,
0xb90037ff,
0xb90033ff,
0xb9002fff,
0xd2be01a0,
0xf2c00040,
0xb9400000,
0x121c0400,
0x7100401f,
0x54000061,
0xb90037ff,
0x1400000c,
0x52801e02,
0xd280e161,
0x52800000,
0x9400080d,
0x7100001f,
0x54000081,
0x52800020,
0xb90037e0,
0x14000003,
0x52800040,
0xb90037e0,
0xd2891100,
0xf2be01a0,
0xf2c00040,
0xb9400000,
0x12040c01,
0x52a20000,
0x6b00003f,
0x540000c1,
0x52800020,
0xb90033e0,
0x528009a0,
0x97fff20c,
0x14000004,
0xb90033ff,
0x528008a0,
0x97fff208,
0xd2891100,
0xf2be01a0,
0xf2c00040,
0xb9400000,
0x12003c00,
0x7110001f,
0x54000061,
0xb9002fff,
0x14000014,
0xd2891100,
0xf2be01a0,
0xf2c00040,
0xb9400000,
0x12003c00,
0x7120001f,
0x54000081,
0x52800020,
0xb9002fe0,
0x1400000a,
0xd2891100,
0xf2be01a0,
0xf2c00040,
0xb9400000,
0x12003c00,
0x7140041f,
0x54000061,
0x52800040,
0xb9002fe0,
0xb9401fe0,
0x711d281f,
0x54000421,
0xb9003bff,
0x52980000,
0x72a009a0,
0xb9003fe0,
0xb94037e0,
0x7100041f,
0x54000161,
0xb98033e1,
0xd2810680,
0x9b007c21,
0xd0000040,
0x91102000,
0x8b000021,
0xf0000040,
0x9121c000,
0xf9000001,
0x1400000d,
0xb94037e0,
0x7100081f,
0x54000141,
0xb98033e1,
0xd2810680,
0x9b007c21,
0xb0000040,
0x910e8000,
0x8b000021,
0xf0000040,
0x9121c000,
0xf9000001,
0x52800640,
0x97fff1ca,
0x1400004c,
0xb9401fe0,
0x7119001f,
0x54000441,
0x52800020,
0xb9003be0,
0x52955540,
0x72a00840,
0xb9003fe0,
0xb94037e0,
0x7100041f,
0x54000161,
0xb98033e1,
0xd2810680,
0x9b007c21,
0x90000040,
0x910ce000,
0x8b000021,
0xf0000040,
0x9121c000,
0xf9000001,
0x1400000d,
0xb94037e0,
0x7100081f,
0x54000141,
0xb98033e1,
0xd2810680,
0x9b007c21,
0xf0000020,
0x910b4000,
0x8b000021,
0xf0000040,
0x9121c000,
0xf9000001,
0x52800620,
0x97fff1a6,
0x14000028,
0xb9401fe0,
0x710e941f,
0x54000441,
0x52800020,
0xb9003be0,
0x529c0000,
0x72a004c0,
0xb9003fe0,
0xb94037e0,
0x7100041f,
0x54000161,
0xb98033e1,
0xd2810680,
0x9b007c21,
0xd0000020,
0x9109a000,
0x8b000021,
0xf0000040,
0x9121c000,
0xf9000001,
0x1400000d,
0xb94037e0,
0x7100081f,
0x54000141,
0xb98033e1,
0xd2810680,
0x9b007c21,
0xb0000020,
0x91080000,
0x8b000021,
0xf0000040,
0x9121c000,
0xf9000001,
0x52800600,
0x97fff182,
0x14000004,
0x52800c80,
0x97fff17f,
0x14000156,
0xb9401fe0,
0xb9402fe2,
0x2a0003e1,
0x52800000,
0x97fff529,
0xd2802100,
0xf2be0080,
0xf2c00040,
0xb9400000,
0xf0000041,
0x9121e021,
0xb9400021,
0x4b010001,
0x5281a800,
0x72a00060,
0x6b00003f,
0x54000048,
0x17fffff4,
0xd503201f,
0x52801803,
0x52801802,
0xd280a981,
0x52800000,
0x94000760,
0xb9401fe0,
0x711d241f,
0x54000388,
0x52800003,
0x52800022,
0xd2800001,
0x52800000,
0x94000758,
0xf0000040,
0x9121c000,
0xf9400000,
0xaa0003e1,
0x52800000,
0x97fffeb5,
0xb9401fe0,
0x531f7800,
0x2a0003e1,
0xf0000040,
0x9121c000,
0xf9400000,
0xaa0003e3,
0x2a0103e2,
0x52800001,
0x52800000,
0x97fffdc3,
0x52800023,
0x52800022,
0xd2800001,
0x52800000,
0x94000742,
0x52800000,
0x97fff005,
0x52800003,
0x52800182,
0x52800181,
0xd2800e00,
0xf2be0040,
0xf2c00040,
0x940007c6,
0xb9403be0,
0x7100001f,
0x1a9f17e0,
0x12001c00,
0x2a0003e1,
0x52800000,
0x97fff32b,
0x52800203,
0x52800202,
0xd28006a1,
0x52800000,
0x9400072d,
0x52800003,
0x52800102,
0xd2800661,
0x52800000,
0x94000728,
0x52800003,
0x52800042,
0xd2800641,
0x52800000,
0x94000723,
0x52801003,
0x52801002,
0xd2800621,
0x52800000,
0x9400071e,
0x52800020,
0x94000635,
0x52800003,
0x52801002,
0xd28100a1,
0x52800000,
0x94000717,
0x52800003,
0x52801202,
0xd2810001,
0x52800000,
0x94000712,
0x52800003,
0x52800062,
0x52800061,
0xd2be0040,
0xf2c00040,
0x94000799,
0xd2889c00,
0xf2be0040,
0xf2c00040,
0xb9403fe1,
0x12001c21,
0xb9000001,
0xb9403fe0,
0x53087c01,
0xd2889c80,
0xf2be0040,
0xf2c00040,
0x12001c21,
0xb9000001,
0xb9403fe0,
0x53107c01,
0xd2889d00,
0xf2be0040,
0xf2c00040,
0x12001c21,
0xb9000001,
0x52800023,
0x52800062,
0x52800061,
0xd2be0040,
0xf2c00040,
0x9400077f,
0x52800004,
0x52800023,
0x52800062,
0x52800061,
0xd2800080,
0xf2be0040,
0xf2c00040,
0x940007a3,
0x52800003,
0x52800102,
0x52800101,
0xd2801200,
0xf2be0040,
0xf2c00040,
0x94000770,
0x52800004,
0x52800003,
0x52800102,
0x52800101,
0xd2801200,
0xf2be0040,
0xf2c00040,
0x94000794,
0x52800023,
0x52800102,
0x52800101,
0xd2801200,
0xf2be0040,
0xf2c00040,
0x94000761,
0x52800004,
0x52800023,
0x52800102,
0x52800101,
0xd2801200,
0xf2be0040,
0xf2c00040,
0x94000785,
0x52800020,
0x940005e3,
0xb94037e1,
0xf0000040,
0x9121c000,
0xf9400002,
0xb9401fe0,
0x531f7800,
0x2a0003e3,
0x52800000,
0x97fff75d,
0x52800003,
0x52801002,
0xd2800621,
0x52800000,
0x940006bc,
0x52800023,
0x52800182,
0x52800181,
0xd2800e00,
0xf2be0040,
0xf2c00040,
0x94000742,
0xb9403be1,
0x52800000,
0x97fffdf3,
0x52800023,
0x52800002,
0x52800001,
0xd2880000,
0xf2be0400,
0xf2c00040,
0x94000738,
0x52800004,
0x52800023,
0x52800002,
0x52800001,
0xd2880000,
0xf2be0400,
0xf2c00040,
0x9400075c,
0x52800023,
0x528003e2,
0x528003e1,
0xd2801400,
0xf2be0040,
0xf2c00040,
0x94000729,
0x52800020,
0x940005b3,
0xd2806400,
0xf2be0400,
0xf2c00040,
0xb900001f,
0xd2803600,
0xf2be0400,
0xf2c00040,
0x52800401,
0xb9000001,
0xd2806400,
0xf2be0400,
0xf2c00040,
0x52800021,
0xb9000001,
0x52800004,
0x52800023,
0x52800002,
0x52800001,
0xd2806480,
0xf2be0400,
0xf2c00040,
0x9400073d,
0x52800020,
0x9400059b,
0x52800004,
0x52801003,
0x52801002,
0xd280a801,
0x52800000,
0x940005f9,
0xf0000040,
0x9121c000,
0xf9400000,
0xb947bc00,
0x2a0003e3,
0x528003e2,
0xd2800da1,
0x52800000,
0x94000673,
0xf0000040,
0x9121c000,
0xf9400000,
0xb947c000,
0x2a0003e2,
0xd2800dc1,
0x52800000,
0x940005c0,
0xf0000040,
0x9121c000,
0xf9400000,
0xb947c400,
0x2a0003e2,
0xd2800de1,
0x52800000,
0x940005b8,
0x52800023,
0x52800022,
0xd2800001,
0x52800000,
0x9400065e,
0x52800803,
0x52800802,
0xd280a801,
0x52800000,
0x94000659,
0x52800004,
0x52800023,
0x52800002,
0x52800001,
0xd2803780,
0xf2be0400,
0xf2c00040,
0x9400070a,
0xd2806400,
0xf2be0400,
0xf2c00040,
0xb900001f,
0xd2803600,
0xf2be0400,
0xf2c00040,
0x52800021,
0xb9000001,
0xd2806400,
0xf2be0400,
0xf2c00040,
0x52800021,
0xb9000001,
0x52800004,
0x52800023,
0x52800002,
0x52800001,
0xd2806480,
0xf2be0400,
0xf2c00040,
0x940006f4,
0x52800140,
0x94000552,
0x52801003,
0x52801002,
0xd2800801,
0x52800000,
0x94000634,
0x52800000,
0x97ffef90,
0x52800803,
0x52801802,
0xd280a981,
0x52800000,
0x9400062d,
0x52800041,
0x52800000,
0x9400077d,
0xd2811ce1,
0x52800000,
0x94000558,
0x7100001f,
0x54000041,
0x17fffffb,
0xd503201f,
0x52800880,
0x97fff027,
0x52800de0,
0x97fff025,
0x52800dc0,
0x97fff023,
0x52800ca0,
0x97fff021,
0x52800140,
0x97fff01f,
0x528001a0,
0x97fff01d,
0xd503201f,
0xf84407fe,
0xd65f03c0,
0xf81d0ffe,
0xb9001fe0,
0xb9002fff,
0xd2800f00,
0xf2be0040,
0xf2c00040,
0xb9400001,
0xd2800f00,
0xf2be0040,
0xf2c00040,
0x32140021,
0xb9000001,
0xd2889c00,
0xf2be0040,
0xf2c00040,
0xb9400001,
0xd2889c80,
0xf2be0040,
0xf2c00040,
0xb9400000,
0x53185c00,
0x2a000021,
0xd2889d00,
0xf2be0040,
0xf2c00040,
0xb9400000,
0x53103c00,
0x2a000020,
0x7153701f,
0x54000341,
0x5280e940,
0xb9002fe0,
0xb9401fe0,
0x711d281f,
0x540013e0,
0x52801002,
0xd2810401,
0x52800000,
0x940005e1,
0x7100001f,
0x540012c0,
0x52800083,
0x52800082,
0xd2810401,
0x52800000,
0x940005e6,
0xd2802100,
0xf2be0080,
0xf2c00040,
0xb9400000,
0x2a0003e1,
0xd0000040,
0x9121e000,
0xb9000001,
0x14000088,
0xd2889c00,
0xf2be0040,
0xf2c00040,
0xb9400001,
0xd2889c80,
0xf2be0040,
0xf2c00040,
0xb9400000,
0x53185c00,
0x2a000021,
0xd2889d00,
0xf2be0040,
0xf2c00040,
0xb9400000,
0x53103c00,
0x2a000021,
0x52955540,
0x72a00840,
0x6b00003f,
0x54000641,
0x5280c800,
0xb9002fe0,
0xb9401fe0,
0x7119001f,
0x54000e80,
0xb9401fe0,
0x710e941f,
0x54000d81,
0x52801002,
0xd2810401,
0x52800000,
0x940005b1,
0x7100001f,
0x540001c0,
0x52800083,
0x52800082,
0xd2810401,
0x52800000,
0x940005b6,
0xd2802100,
0xf2be0080,
0xf2c00040,
0xb9400000,
0x2a0003e1,
0xd0000040,
0x9121e000,
0xb9000001,
0x5280e940,
0x97fffd81,
0x52801002,
0xd2810401,
0x52800000,
0x9400059c,
0x7100001f,
0x54000a20,
0x52800083,
0x52800082,
0xd2810401,
0x52800000,
0x940005a1,
0xd2802100,
0xf2be0080,
0xf2c00040,
0xb9400000,
0x2a0003e1,
0xd0000040,
0x9121e000,
0xb9000001,
0x14000043,
0xd2889c00,
0xf2be0040,
0xf2c00040,
0xb9400001,
0xd2889c80,
0xf2be0040,
0xf2c00040,
0xb9400000,
0x53185c00,
0x2a000021,
0xd2889d00,
0xf2be0040,
0xf2c00040,
0xb9400000,
0x53103c00,
0x2a000020,
0x7149b81f,
0x54000621,
0x528074a0,
0xb9002fe0,
0xb9401fe0,
0x710e941f,
0x54000660,
0xb9401fe0,
0x7119001f,
0x54000521,
0x52801002,
0xd2810401,
0x52800000,
0x9400056e,
0x7100001f,
0x540001c0,
0x52800083,
0x52800082,
0xd2810401,
0x52800000,
0x94000573,
0xd2802100,
0xf2be0080,
0xf2c00040,
0xb9400000,
0x2a0003e1,
0xd0000040,
0x9121e000,
0xb9000001,
0x5280e940,
0x97fffd3e,
0x52801002,
0xd2810401,
0x52800000,
0x94000559,
0x7100001f,
0x540001c0,
0x52800083,
0x52800082,
0xd2810401,
0x52800000,
0x9400055e,
0xd2802100,
0xf2be0080,
0xf2c00040,
0xb9400000,
0x2a0003e1,
0xd0000040,
0x9121e000,
0xb9000001,
0xb9401fe0,
0x97fffd29,
0x14000006,
0xd503201f,
0x14000004,
0xd503201f,
0x14000002,
0xd503201f,
0xf84307fe,
0xd65f03c0,
0xd100c3ff,
0xb9000fe0,
0xf90017ff,
0xb9400fe0,
0x7102781f,
0x540004e9,
0xb9400fe0,
0x7103d01f,
0x54000488,
0xb9400fe0,
0x51027800,
0xb9000fe0,
0xb9400fe0,
0x53057c00,
0x531e7400,
0xb90027e0,
0xb9400fe0,
0x12001000,
0x52800021,
0x1ac02020,
0xb90023e0,
0xb94027e0,
0x11030000,
0x2a0003e1,
0xd2be0040,
0xf2c00040,
0x8b000020,
0xb9400000,
0xb9001be0,
0xb9401be1,
0xb94023e0,
0x2a2003e0,
0x0a000020,
0xb9001be0,
0xb94027e0,
0x11030000,
0x2a0003e1,
0xd2be0040,
0xf2c00040,
0x8b000020,
0xaa0003e1,
0xb9401be0,
0xb9000020,
0x14000002,
0xd503201f,
0x9100c3ff,
0xd65f03c0,
0xd10043ff,
0x39003fe0,
0xd503201f,
0xd2800280,
0xf2be0520,
0xf2c00040,
0x39400000,
0x12001c00,
0x121b0000,
0x7100001f,
0x54ffff20,
0xd2be0520,
0xf2c00040,
0x39403fe1,
0x39000001,
0xd503201f,
0x910043ff,
0xd65f03c0,
0xd10143ff,
0xf9000fe0,
0xb90017e1,
0xb90013e2,
0xb9000fe3,
0x39002fe4,
0xb90033ff,
0xb94013e0,
0x7100001f,
0x54000061,
0xb9400fe0,
0x140000ab,
0xf9400fe0,
0xf9001fe0,
0xb94017e0,
0xb94013e1,
0x1ac10802,
0xb94013e1,
0x1b017c41,
0x4b010000,
0x3900bfe0,
0x3940bfe0,
0x7100241f,
0x54000128,
0xf9401fe0,
0x91000401,
0xf9001fe1,
0x3940bfe1,
0x1100c021,
0x12001c21,
0x39000001,
0x14000014,
0x39402fe0,
0x121e0000,
0x7100001f,
0x54000120,
0xf9401fe0,
0x91000401,
0xf9001fe1,
0x3940bfe1,
0x1100dc21,
0x12001c21,
0x39000001,
0x14000008,
0xf9401fe0,
0x91000401,
0xf9001fe1,
0x3940bfe1,
0x11015c21,
0x12001c21,
0x39000001,
0xb94017e1,
0xb94013e0,
0x1ac00820,
0xb90017e0,
0xb94017e0,
0x7100001f,
0x54fffaa1,
0x39402fe0,
0x121f0000,
0x7100001f,
0x540000c0,
0xf9401fe0,
0x91000401,
0xf9001fe1,
0x528005a1,
0x39000001,
0xf9401fe1,
0xf9400fe0,
0xcb000020,
0xb90033e0,
0xb9400fe1,
0xb94033e0,
0x6b00003f,
0x54000062,
0xb94033e0,
0xb9000fe0,
0x52800400,
0x3900dfe0,
0x39402fe0,
0x12000000,
0x7100001f,
0x540000e1,
0x39402fe0,
0x121d0000,
0x7100001f,
0x54000060,
0x52800600,
0x3900dfe0,
0x39402fe0,
0x121f0000,
0x7100001f,
0x54000420,
0x39402fe0,
0x12000000,
0x7100001f,
0x540003a1,
0x3940dfe0,
0x7100c01f,
0x54000341,
0xb94033e0,
0x51000400,
0xb9004fe0,
0x14000009,
0xb9404fe0,
0xf9400fe1,
0x8b000020,
0x3940dfe1,
0x39000001,
0xb9404fe0,
0x11000400,
0xb9004fe0,
0xb9400fe0,
0x51000400,
0xb9404fe1,
0x6b00003f,
0x54fffe83,
0xb9400fe0,
0x51000400,
0x2a0003e0,
0xf9400fe1,
0x8b000020,
0x528005a1,
0x39000001,
0x14000010,
0xb94033e0,
0xb9004fe0,
0x14000009,
0xb9404fe0,
0xf9400fe1,
0x8b000020,
0x3940dfe1,
0x39000001,
0xb9404fe0,
0x11000400,
0xb9004fe0,
0xb9404fe1,
0xb9400fe0,
0x6b00003f,
0x54fffea3,
0xb9004bff,
0x39402fe0,
0x12000000,
0x7100001f,
0x540000a0,
0xb94033e0,
0x51000400,
0xb90047e0,
0x1400001d,
0xb9400fe0,
0x51000400,
0xb90047e0,
0x14000019,
0xb9404be0,
0xf9400fe1,
0x8b000020,
0x39400000,
0x3900bfe0,
0xb94047e0,
0xf9400fe1,
0x8b000021,
0xb9404be0,
0xf9400fe2,
0x8b000040,
0x39400021,
0x39000001,
0xb94047e0,
0xf9400fe1,
0x8b000020,
0x3940bfe1,
0x39000001,
0xb9404be0,
0x11000400,
0xb9004be0,
0xb94047e0,
0x51000400,
0xb90047e0,
0xb94047e1,
0xb9404be0,
0x6b00003f,
0x54fffca8,
0xb9400fe0,
0x910143ff,
0xd65f03c0,
0xd100c3ff,
0xf9000fe0,
0xf9000be1,
0xb9000fe2,
0x39002fe3,
0xf9400be0,
0xf90013e0,
0xb9002bff,
0x14000004,
0xb9402be0,
0x11000400,
0xb9002be0,
0xf94013e0,
0x91000401,
0xf90013e1,
0x39400000,
0x7100001f,
0x54ffff01,
0xb9400fe1,
0xb9402be0,
0x6b00003f,
0x54000062,
0xb9402be0,
0xb9000fe0,
0x39402fe0,
0x12000000,
0x7100001f,
0x54000440,
0xb9002fff,
0x1400000c,
0xb9402fe0,
0xf9400be1,
0x8b000021,
0xb9402fe0,
0xf9400fe2,
0x8b000040,
0x39400021,
0x39000001,
0xb9402fe0,
0x11000400,
0xb9002fe0,
0xb9402fe1,
0xb9402be0,
0x6b00003f,
0x54fffe43,
0xb9402be0,
0xb9002fe0,
0x14000009,
0xb9402fe0,
0xf9400fe1,
0x8b000020,
0x52800401,
0x39000001,
0xb9402fe0,
0x11000400,
0xb9002fe0,
0xb9402fe1,
0xb9400fe0,
0x6b00003f,
0x54fffea3,
0x1400002a,
0xb9002fff,
0x14000009,
0xb9402fe0,
0xf9400fe1,
0x8b000020,
0x52800401,
0x39000001,
0xb9402fe0,
0x11000400,
0xb9002fe0,
0xb9400fe1,
0xb9402be0,
0x4b000020,
0xb9402fe1,
0x6b00003f,
0x54fffe63,
0xb9400fe1,
0xb9402be0,
0x4b000020,
0xb9002fe0,
0x14000011,
0xb9402fe1,
0xb9400fe0,
0x4b000021,
0xb9402be0,
0x0b000020,
0x2a0003e0,
0xf9400be1,
0x8b000021,
0xb9402fe0,
0xf9400fe2,
0x8b000040,
0x39400021,
0x39000001,
0xb9402fe0,
0x11000400,
0xb9002fe0,
0xb9402fe1,
0xb9400fe0,
0x6b00003f,
0x54fffda3,
0xb9400fe0,
0x9100c3ff,
0xd65f03c0,
0xd10083ff,
0xf90007e0,
0x39001fe1,
0xb90003e2,
0x39001be3,
0xb94003e0,
0x7100001f,
0x54000061,
0x52800020,
0xb90003e0,
0x39401be0,
0x12000000,
0x7100001f,
0x54000280,
0xf94007e0,
0x39401fe1,
0x39000001,
0x52800020,
0xb9001fe0,
0x14000009,
0xb9401fe0,
0xf94007e1,
0x8b000020,
0x52800401,
0x39000001,
0xb9401fe0,
0x11000400,
0xb9001fe0,
0xb9401fe1,
0xb94003e0,
0x6b00003f,
0x54fffea3,
0x14000017,
0xb9001fff,
0x14000009,
0xb9401fe0,
0xf94007e1,
0x8b000020,
0x52800401,
0x39000001,
0xb9401fe0,
0x11000400,
0xb9001fe0,
0xb94003e0,
0x51000400,
0xb9401fe1,
0x6b00003f,
0x54fffe83,
0xb94003e0,
0x51000400,
0x2a0003e0,
0xf94007e1,
0x8b000020,
0x39401fe1,
0x39000001,
0xb94003e0,
0x910083ff,
0xd65f03c0,
0xf81d0ffe,
0xf9000fe0,
0xb90017e1,
0xf9400fe0,
0xf100001f,
0x540003e0,
0xb94017e0,
0x7100041f,
0x540000a1,
0xf9400fe0,
0x39400000,
0x7100001f,
0x54000340,
0xb9002fff,
0x14000011,
0xb9402fe0,
0xf9400fe1,
0x8b000020,
0x39400000,
0x97fffe80,
0xb9402fe0,
0xf9400fe1,
0x8b000020,
0x39400000,
0x7100281f,
0x54000061,
0x528001a0,
0x97fffe78,
0xb9402fe0,
0x11000400,
0xb9002fe0,
0xb9402fe1,
0xb94017e0,
0x6b00003f,
0x54fffda3,
0x14000004,
0xd503201f,
0x14000002,
0xd503201f,
0xf84307fe,
0xd65f03c0,
0xa9b37bf3,
0xf9000fe0,
0xaa0103f3,
0xf9400fe0,
0xf9005fe0,
0x14000004,
0xf9400fe0,
0x91000400,
0xf9000fe0,
0xf9400fe0,
0x39400000,
0x7100001f,
0x540000a0,
0xf9400fe0,
0x39400000,
0x7100941f,
0x54fffec1,
0xf9400fe1,
0xf9405fe0,
0xcb000020,
0x2a0003e1,
0xf9405fe0,
0x97ffffc1,
0xf9400fe0,
0x39400000,
0x7100001f,
0x54004940,
0xf9400fe0,
0x91000400,
0xf9000fe0,
0xb900cfff,
0x12800000,
0xb900cbe0,
0x39031bff,
0xf9400fe0,
0x39400000,
0x7100b41f,
0x540000e1,
0x39431be0,
0x32000000,
0x39031be0,
0xf9400fe0,
0x91000400,
0xf9000fe0,
0xf9400fe0,
0x39400000,
0x7100c01f,
0x540000e1,
0x39431be0,
0x321d0000,
0x39031be0,
0xf9400fe0,
0x91000400,
0xf9000fe0,
0xf9400fe0,
0x39400000,
0x7100bc1f,
0x54000369,
0xf9400fe0,
0x39400000,
0x7100e41f,
0x540002e8,
0x1400000e,
0xb940cfe1,
0x2a0103e0,
0x531e7400,
0x0b010000,
0x531f7800,
0x2a0003e2,
0xf9400fe0,
0x91000401,
0xf9000fe1,
0x39400000,
0x0b000040,
0x5100c000,
0xb900cfe0,
0xf9400fe0,
0x39400000,
0x7100bc1f,
0x540000a9,
0xf9400fe0,
0x39400000,
0x7100e41f,
0x54fffd89,
0xf9400fe0,
0x39400000,
0x7100b81f,
0x54000461,
0xf9400fe0,
0x91000400,
0xf9000fe0,
0xf9400fe0,
0x39400000,
0x7100bc1f,
0x54000389,
0xf9400fe0,
0x39400000,
0x7100e41f,
0x54000308,
0xb900cbff,
0x1400000e,
0xb940cbe1,
0x2a0103e0,
0x531e7400,
0x0b010000,
0x531f7800,
0x2a0003e2,
0xf9400fe0,
0x91000401,
0xf9000fe1,
0x39400000,
0x0b000040,
0x5100c000,
0xb900cbe0,
0xf9400fe0,
0x39400000,
0x7100bc1f,
0x540000a9,
0xf9400fe0,
0x39400000,
0x7100e41f,
0x54fffd89,
0xf9400fe0,
0x39400000,
0x7101b01f,
0x540000e1,
0x52800020,
0x39031fe0,
0xf9400fe0,
0x91000400,
0xf9000fe0,
0x14000002,
0x39031fff,
0xf9400fe0,
0x39400000,
0x7101e01f,
0x54002300,
0x7101e01f,
0x54003a6c,
0x7101d41f,
0x54001b20,
0x7101d41f,
0x540039ec,
0x7101cc1f,
0x54003520,
0x7101cc1f,
0x5400396c,
0x7101bc1f,
0x540012c0,
0x7101bc1f,
0x540038ec,
0x7101901f,
0x54000ae0,
0x7101901f,
0x5400386c,
0x71018c1f,
0x54002fa0,
0x71018c1f,
0x540037ec,
0x7101881f,
0x54000280,
0x7101881f,
0x5400376c,
0x7101601f,
0x540026e0,
0x7101601f,
0x540036ec,
0x7101541f,
0x540017a0,
0x7101541f,
0x5400366c,
0x71013c1f,
0x54000fc0,
0x71013c1f,
0x540035ec,
0x7100001f,
0x54003520,
0x7101101f,
0x540007a0,
0x140001aa,
0x39431fe0,
0x7100001f,
0x54000300,
0xb9401a61,
0xf9400260,
0x7100003f,
0x540000ab,
0x91003c01,
0x927df021,
0xf9000261,
0x1400000d,
0x11002022,
0xb9001a62,
0xb9401a62,
0x7100005f,
0x540000ad,
0x91003c01,
0x927df021,
0xf9000261,
0x14000004,
0xf9400662,
0x93407c20,
0x8b000040,
0xf9400000,
0xb900c3e0,
0x14000017,
0xb9401a61,
0xf9400260,
0x7100003f,
0x540000ab,
0x91002c01,
0x927df021,
0xf9000261,
0x1400000d,
0x11002022,
0xb9001a62,
0xb9401a62,
0x7100005f,
0x540000ad,
0x91002c01,
0x927df021,
0xf9000261,
0x14000004,
0xf9400662,
0x93407c20,
0x8b000040,
0xb9400000,
0xb900c3e0,
0x910083e0,
0x39431be4,
0xb940cfe3,
0x52800042,
0xb940c3e1,
0x97fffd93,
0xb900b7e0,
0x910083e0,
0xb940b7e1,
0x97fffeea,
0x14000172,
0x39431fe0,
0x7100001f,
0x54000300,
0xb9401a61,
0xf9400260,
0x7100003f,
0x540000ab,
0x91003c01,
0x927df021,
0xf9000261,
0x1400000d,
0x11002022,
0xb9001a62,
0xb9401a62,
0x7100005f,
0x540000ad,
0x91003c01,
0x927df021,
0xf9000261,
0x14000004,
0xf9400662,
0x93407c20,
0x8b000040,
0xf9400000,
0xb900c3e0,
0x14000017,
0xb9401a61,
0xf9400260,
0x7100003f,
0x540000ab,
0x91002c01,
0x927df021,
0xf9000261,
0x1400000d,
0x11002022,
0xb9001a62,
0xb9401a62,
0x7100005f,
0x540000ad,
0x91002c01,
0x927df021,
0xf9000261,
0x14000004,
0xf9400662,
0x93407c20,
0x8b000040,
0xb9400000,
0xb900c3e0,
0x910083e0,
0x39431be4,
0xb940cfe3,
0x52800142,
0xb940c3e1,
0x97fffd58,
0xb900b7e0,
0x910083e0,
0xb940b7e1,
0x97fffeaf,
0x14000137,
0x39431fe0,
0x7100001f,
0x54000300,
0xb9401a61,
0xf9400260,
0x7100003f,
0x540000ab,
0x91003c01,
0x927df021,
0xf9000261,
0x1400000d,
0x11002022,
0xb9001a62,
0xb9401a62,
0x7100005f,
0x540000ad,
0x91003c01,
0x927df021,
0xf9000261,
0x14000004,
0xf9400662,
0x93407c20,
0x8b000040,
0xf9400000,
0xb900c3e0,
0x14000017,
0xb9401a61,
0xf9400260,
0x7100003f,
0x540000ab,
0x91002c01,
0x927df021,
0xf9000261,
0x1400000d,
0x11002022,
0xb9001a62,
0xb9401a62,
0x7100005f,
0x540000ad,
0x91002c01,
0x927df021,
0xf9000261,
0x14000004,
0xf9400662,
0x93407c20,
0x8b000040,
0xb9400000,
0xb900c3e0,
0x910083e0,
0x39431be4,
0xb940cfe3,
0x52800102,
0xb940c3e1,
0x97fffd1d,
0xb900b7e0,
0x910083e0,
0xb940b7e1,
0x97fffe74,
0x140000fc,
0x39431fe0,
0x7100001f,
0x54000300,
0xb9401a61,
0xf9400260,
0x7100003f,
0x540000ab,
0x91003c01,
0x927df021,
0xf9000261,
0x1400000d,
0x11002022,
0xb9001a62,
0xb9401a62,
0x7100005f,
0x540000ad,
0x91003c01,
0x927df021,
0xf9000261,
0x14000004,
0xf9400662,
0x93407c20,
0x8b000040,
0xf9400000,
0xb900c3e0,
0x14000017,
0xb9401a61,
0xf9400260,
0x7100003f,
0x540000ab,
0x91002c01,
0x927df021,
0xf9000261,
0x1400000d,
0x11002022,
0xb9001a62,
0xb9401a62,
0x7100005f,
0x540000ad,
0x91002c01,
0x927df021,
0xf9000261,
0x14000004,
0xf9400662,
0x93407c20,
0x8b000040,
0xb9400000,
0xb900c3e0,
0x910083e0,
0x39431be4,
0xb940cfe3,
0x52800142,
0xb940c3e1,
0x97fffce2,
0xb900b7e0,
0x910083e0,
0xb940b7e1,
0x97fffe39,
0x140000c1,
0x39431fe0,
0x7100001f,
0x54000300,
0xb9401a61,
0xf9400260,
0x7100003f,
0x540000ab,
0x91003c01,
0x927df021,
0xf9000261,
0x1400000d,
0x11002022,
0xb9001a62,
0xb9401a62,
0x7100005f,
0x540000ad,
0x91003c01,
0x927df021,
0xf9000261,
0x14000004,
0xf9400662,
0x93407c20,
0x8b000040,
0xf9400000,
0xb900c3e0,
0x14000017,
0xb9401a61,
0xf9400260,
0x7100003f,
0x540000ab,
0x91002c01,
0x927df021,
0xf9000261,
0x1400000d,
0x11002022,
0xb9001a62,
0xb9401a62,
0x7100005f,
0x540000ad,
0x91002c01,
0x927df021,
0xf9000261,
0x14000004,
0xf9400662,
0x93407c20,
0x8b000040,
0xb9400000,
0xb900c3e0,
0x910083e0,
0x39431be4,
0xb940cfe3,
0x52800202,
0xb940c3e1,
0x97fffca7,
0xb900b7e0,
0x910083e0,
0xb940b7e1,
0x97fffdfe,
0x14000086,
0x39431fe0,
0x7100001f,
0x54000300,
0xb9401a61,
0xf9400260,
0x7100003f,
0x540000ab,
0x91003c01,
0x927df021,
0xf9000261,
0x1400000d,
0x11002022,
0xb9001a62,
0xb9401a62,
0x7100005f,
0x540000ad,
0x91003c01,
0x927df021,
0xf9000261,
0x14000004,
0xf9400662,
0x93407c20,
0x8b000040,
0xf9400000,
0xb900c3e0,
0x14000017,
0xb9401a61,
0xf9400260,
0x7100003f,
0x540000ab,
0x91002c01,
0x927df021,
0xf9000261,
0x1400000d,
0x11002022,
0xb9001a62,
0xb9401a62,
0x7100005f,
0x540000ad,
0x91002c01,
0x927df021,
0xf9000261,
0x14000004,
0xf9400662,
0x93407c20,
0x8b000040,
0xb9400000,
0xb900c3e0,
0x39431be0,
0x321e0000,
0x39031be0,
0x910083e0,
0x39431be4,
0xb940cfe3,
0x52800202,
0xb940c3e1,
0x97fffc69,
0xb900b7e0,
0x910083e0,
0xb940b7e1,
0x97fffdc0,
0x14000048,
0xb9401a61,
0xf9400260,
0x7100003f,
0x540000ab,
0x91002c01,
0x927df021,
0xf9000261,
0x1400000d,
0x11002022,
0xb9001a62,
0xb9401a62,
0x7100005f,
0x540000ad,
0x91002c01,
0x927df021,
0xf9000261,
0x14000004,
0xf9400662,
0x93407c20,
0x8b000040,
0xb9400000,
0x39029fe0,
0x910083e0,
0x39431be3,
0xb940cfe2,
0x39429fe1,
0x97fffd6a,
0xb900b7e0,
0x910083e0,
0xb940b7e1,
0x97fffda0,
0x14000028,
0xb9401a61,
0xf9400260,
0x7100003f,
0x540000ab,
0x91003c01,
0x927df021,
0xf9000261,
0x1400000d,
0x11002022,
0xb9001a62,
0xb9401a62,
0x7100005f,
0x540000ad,
0x91003c01,
0x927df021,
0xf9000261,
0x14000004,
0xf9400662,
0x93407c20,
0x8b000040,
0xf9400000,
0xf90057e0,
0x910083e0,
0x39431be3,
0xb940cfe2,
0xf94057e1,
0x97fffce1,
0xb900b7e0,
0x910083e0,
0xb940b7e1,
0x97fffd80,
0x14000008,
0xf9400fe0,
0xd1000400,
0xf9000fe0,
0x14000004,
0x52800021,
0xf9400fe0,
0x97fffd78,
0xf9400fe0,
0x91000400,
0xf9000fe0,
0x17fffda0,
0xd503201f,
0x52800021,
0xb0000040,
0x9125c000,
0x97fffd6f,
0x52800000,
0xa8cd7bf3,
0xd65f03c0,
0xd104c3ff,
0xf90003fe,
0xf9001fe0,
0xf9007fe1,
0xf90083e2,
0xf90087e3,
0xf9008be4,
0xf9008fe5,
0xf90093e6,
0xf90097e7,
0x3d801fe0,
0x3d8023e1,
0x3d8027e2,
0x3d802be3,
0x3d802fe4,
0x3d8033e5,
0x3d8037e6,
0x3d803be7,
0xb9006fff,
0x9104c3e0,
0xf90027e0,
0x9104c3e0,
0xf9002be0,
0x9103c3e0,
0xf9002fe0,
0x128006e0,
0xb90063e0,
0x12800fe0,
0xb90067e0,
0xf94027e0,
0xf9000be0,
0xf9402be0,
0xf9000fe0,
0xf9402fe0,
0xf90013e0,
0xf94033e0,
0xf90017e0,
0x910043e0,
0xaa0003e1,
0xf9401fe0,
0x97fffd6c,
0xb9006fe0,
0xb9406fe0,
0xf94003fe,
0x9104c3ff,
0xd65f03c0,
0xf81f0ffe,
0x97ffb79f,
0xd503201f,
0xf84107fe,
0xd65f03c0,
0xd10083ff,
0xb9000fe0,
0xf9000fff,
0xd2802100,
0xf2be0200,
0xf2c00040,
0xb9400000,
0x2a0003e0,
0xf9000fe0,
0xd2802100,
0xf2be0200,
0xf2c00040,
0xb9400000,
0x2a0003e1,
0xf9400fe0,
0xcb000021,
0xb9800fe0,
0xeb00003f,
0x5400004c,
0x17fffff6,
0xd503201f,
0xd503201f,
0x910083ff,
0xd65f03c0,
0xd100c3ff,
0xb9000fe0,
0xf90003e1,
0xd2900000,
0xf2be0400,
0xf2c00040,
0xf9000fe0,
0xd2900000,
0xf2be0420,
0xf2c00040,
0xf90013e0,
0xf94003e0,
0xd348fc00,
0xb9002fe0,
0xf94003e0,
0x12001c00,
0xb9002be0,
0xb9800fe0,
0xd37df000,
0x910063e1,
0xf8606820,
0x910fe000,
0xaa0003e1,
0xb9402fe0,
0xb9000020,
0xb9800fe0,
0xd37df000,
0x910063e1,
0xf8606821,
0xb9402be0,
0x531e7400,
0x2a0003e0,
0x8b000020,
0xb9400000,
0x9100c3ff,
0xd65f03c0,
0xd100c3ff,
0xb9000fe0,
0xf90003e1,
0xb9000be2,
0xd2900000,
0xf2be0400,
0xf2c00040,
0xf9000fe0,
0xd2900000,
0xf2be0420,
0xf2c00040,
0xf90013e0,
0xf94003e0,
0xd348fc00,
0xb9002fe0,
0xf94003e0,
0x12001c00,
0xb9002be0,
0xb9800fe0,
0xd37df000,
0x910063e1,
0xf8606820,
0x910fe000,
0xaa0003e1,
0xb9402fe0,
0xb9000020,
0xb9800fe0,
0xd37df000,
0x910063e1,
0xf8606821,
0xb9402be0,
0x531e7400,
0x2a0003e0,
0x8b000020,
0xaa0003e1,
0xb9400be0,
0xb9000020,
0xd503201f,
0x9100c3ff,
0xd65f03c0,
0xf81c0ffe,
0xb9002fe0,
0xf90013e1,
0xb9002be2,
0xb9001fe3,
0xb9001be4,
0xb9003fff,
0xf94013e1,
0xb9402fe0,
0x97ffffab,
0x2a0003e1,
0xb9402be0,
0x0a000020,
0xb9401fe1,
0x6b00003f,
0x54000061,
0x52800000,
0x1400000e,
0x52800020,
0x97ffff89,
0xb9401be0,
0x7100001f,
0x54000080,
0xb9403fe0,
0x11000400,
0xb9003fe0,
0xb9403fe1,
0xb9401be0,
0x6b00003f,
0x54fffd4d,
0x12800000,
0xf84407fe,
0xd65f03c0,
0xf81d0ffe,
0xb9001fe0,
0xb9001be1,
0xb9401fe1,
0xb9401be0,
0x6b00003f,
0x54000061,
0x52800000,
0x1400004c,
0xb9401fe1,
0xb9401be0,
0x6b00003f,
0x54000489,
0x52800020,
0xb9002fe0,
0x1400000c,
0xb9402fe0,
0xb9401be1,
0x1ac02020,
0xb9401fe1,
0x6b00003f,
0x54000061,
0xb9402fe0,
0x1400003d,
0xb9402fe0,
0x11000400,
0xb9002fe0,
0xb9402fe0,
0x71001c1f,
0x54fffe6d,
0xb9402fe0,
0x7100201f,
0x54000661,
0x528009a0,
0x97ffea46,
0x52800a60,
0x97ffea44,
0x52800860,
0x97ffea42,
0x52800700,
0x97ffea40,
0x528008a0,
0x97ffea3e,
0x528001a0,
0x97ffea3c,
0x52800140,
0x97ffea3a,
0x14000000,
0x52800020,
0xb9002fe0,
0x1400000c,
0xb9402fe0,
0xb9401be1,
0x1ac02420,
0xb9401fe1,
0x6b00003f,
0x54000061,
0xb9402fe0,
0x1400001a,
0xb9402fe0,
0x11000400,
0xb9002fe0,
0xb9402fe0,
0x71001c1f,
0x54fffe6d,
0xb9402fe0,
0x7100201f,
0x54000201,
0x528009a0,
0x97ffea23,
0x52800a60,
0x97ffea21,
0x52800860,
0x97ffea1f,
0x52800700,
0x97ffea1d,
0x528008a0,
0x97ffea1b,
0x528001a0,
0x97ffea19,
0x52800140,
0x97ffea17,
0x14000000,
0x52800000,
0xf84307fe,
0xd65f03c0,
0xf81e0ffe,
0xb9001fe0,
0xf9000be1,
0xb9001be2,
0xf9400be1,
0xb9401fe0,
0x97ffff37,
0x2a0003e1,
0xb9401be0,
0x0a000020,
0xf84207fe,
0xd65f03c0,
0xf81d0ffe,
0xb9002fe0,
0xf90013e1,
0xb9002be2,
0xb9001fe3,
0xf94013e1,
0xb9402fe0,
0x97ffff2a,
0x2a0003e1,
0xb9402be0,
0x2a2003e0,
0x0a000021,
0xb9401fe2,
0xb9402be0,
0x0a000040,
0x2a000020,
0x2a0003e2,
0xf94013e1,
0xb9402fe0,
0x97ffff42,
0xd503201f,
0xf84307fe,
0xd65f03c0,
0xf81c0ffe,
0xb9002fe0,
0xf90013e1,
0xb9002be2,
0xb9001fe3,
0xf9000be4,
0xb9001be5,
0xb9401be2,
0xf9400be1,
0xb9401fe0,
0x97ffffd3,
0xb9003fe0,
0xb9401be1,
0xb9402be0,
0x97ffff79,
0xb9003be0,
0xb9402be1,
0xb9401be0,
0x6b00003f,
0x540000e1,
0xb9403fe3,
0xb9402be2,
0xf94013e1,
0xb9402fe0,
0x97ffffd1,
0x14000016,
0xb9402be1,
0xb9401be0,
0x6b00003f,
0x54000149,
0xb9403be0,
0xb9403fe1,
0x1ac02020,
0x2a0003e3,
0xb9402be2,
0xf94013e1,
0xb9402fe0,
0x97ffffc4,
0x14000009,
0xb9403be0,
0xb9403fe1,
0x1ac02420,
0x2a0003e3,
0xb9402be2,
0xf94013e1,
0xb9402fe0,
0x97ffffbb,
0xd503201f,
0xf84407fe,
0xd65f03c0,
0xd10043ff,
0xf90007e0,
0xb90007e1,
0xf94007e0,
0xb9400001,
0xb94007e0,
0x0a000020,
0x910043ff,
0xd65f03c0,
0xd10043ff,
0xf90007e0,
0xb90007e1,
0xb90003e2,
0xf94007e0,
0xb9400001,
0xb94007e0,
0x2a2003e0,
0x0a000022,
0xb94003e1,
0xb94007e0,
0x0a000021,
0xf94007e0,
0x2a010041,
0xb9000001,
0xd503201f,
0x910043ff,
0xd65f03c0,
0xf81d0ffe,
0xf9000fe0,
0xb90017e1,
0xb90013e2,
0xb94017e1,
0xb94013e0,
0x6b00003f,
0x540001a2,
0xb94017e1,
0xb94013e0,
0x4a000020,
0xb90017e0,
0xb94013e1,
0xb94017e0,
0x4a000020,
0xb90013e0,
0xb94017e1,
0xb94013e0,
0x4a000020,
0xb90017e0,
0xb94017e0,
0xd2800021,
0x9ac02020,
0x2a0003e2,
0xb94013e0,
0xd2800021,
0x9ac02020,
0x4b000040,
0xb94017e1,
0xd2800022,
0x9ac12041,
0x0b010000,
0xb9002fe0,
0xb9402fe1,
0xf9400fe0,
0x97ffffc2,
0x2a0003e1,
0xb94013e0,
0x1ac02420,
0xf84307fe,
0xd65f03c0,
0xf81c0ffe,
0xf90017e0,
0xb90027e1,
0xb90023e2,
0xb9001fe3,
0xb94027e1,
0xb94023e0,
0x6b00003f,
0x540001a2,
0xb94027e1,
0xb94023e0,
0x4a000020,
0xb90027e0,
0xb94023e1,
0xb94027e0,
0x4a000020,
0xb90023e0,
0xb94027e1,
0xb94023e0,
0x4a000020,
0xb90027e0,
0xb94027e0,
0xd2800021,
0x9ac02020,
0x2a0003e2,
0xb94023e0,
0xd2800021,
0x9ac02020,
0x4b000040,
0xb94027e1,
0xd2800022,
0x9ac12041,
0x0b010000,
0xb9003fe0,
0xb94023e0,
0xb9401fe1,
0x1ac02020,
0x2a0003e2,
0xb9403fe1,
0xf94017e0,
0x97ffff9d,
0xd503201f,
0xf84407fe,
0xd65f03c0,
0xf81c0ffe,
0xf90017e0,
0xb90027e1,
0xb90023e2,
0xb9001fe3,
0xb9001be4,
0x12800000,
0xb9003fe0,
0xb9003bff,
0xb94023e2,
0xb94027e1,
0xf94017e0,
0x97ffff9f,
0x2a0003e1,
0xb9401fe0,
0x6b01001f,
0x54000061,
0xb9003fff,
0x1400000d,
0x52800020,
0x97fffe4c,
0xb9401be0,
0x7100001f,
0x54000080,
0xb9403be0,
0x11000400,
0xb9003be0,
0xb9403be1,
0xb9401be0,
0x6b00003f,
0x54fffd69,
0xb9403fe0,
0xf84407fe,
0xd65f03c0,
0xf81d0ffe,
0xb9001fe0,
0xb9001be1,
0xb9002fff,
0xb9002bff,
0xb9401be0,
0x321b0000,
0x2a0003e3,
0x52800462,
0xd2811c01,
0xb9401fe0,
0x97ffff1a,
0x52801003,
0x52801002,
0xd280ab81,
0xb9401fe0,
0x97ffff15,
0x52800003,
0x52800802,
0xd2810401,
0xb9401fe0,
0x97ffff10,
0x52800503,
0x528007e2,
0xd28104a1,
0xb9401fe0,
0x97ffff0b,
0x52800043,
0x528007e2,
0xd2810441,
0xb9401fe0,
0x97ffff06,
0x52801002,
0xd2810461,
0xb9401fe0,
0x97fffe57,
0x52801c42,
0xd2811da1,
0xb9401fe0,
0x97fffe53,
0xb9401be0,
0x7100001f,
0x540000c1,
0x52800200,
0xb9002fe0,
0x52802000,
0xb9002be0,
0x14000018,
0xb9401be0,
0x7100041f,
0x540000c1,
0x52800400,
0xb9002fe0,
0x52804000,
0xb9002be0,
0x14000010,
0xb9401be0,
0x7100081f,
0x540000c1,
0x528007e0,
0xb9002fe0,
0x52807e00,
0xb9002be0,
0x14000008,
0xb9401be0,
0x71000c1f,
0x540000a1,
0x52800800,
0xb9002fe0,
0x52810000,
0xb9002be0,
0xb9402fe2,
0xd2810421,
0xb9401fe0,
0x97fffe30,
0xb9402be0,
0x12001c00,
0x2a0003e2,
0xd2810561,
0xb9401fe0,
0x97fffe2a,
0xb9402be0,
0x53087c00,
0x12000800,
0x2a0003e3,
0x528000e2,
0xd2810581,
0xb9401fe0,
0x97fffecd,
0x52800102,
0xd2810501,
0xb9401fe0,
0x97fffe1e,
0x52800102,
0xd2810541,
0xb9401fe0,
0x97fffe1a,
0x52800103,
0x52800102,
0xd2810401,
0xb9401fe0,
0x97fffec0,
0x52800003,
0x52800082,
0xd2810401,
0xb9401fe0,
0x97fffebb,
0x52800003,
0x52800802,
0xd2810401,
0xb9401fe0,
0x97fffeb6,
0x52800003,
0x52800402,
0xd2810401,
0xb9401fe0,
0x97fffeb1,
0xd503201f,
0xf84307fe,
0xd65f03c0,
0xf81e0ffe,
0xb9001fe0,
0xb9001be1,
0xb9401be1,
0xb9401fe0,
0x97ffff83,
0x52801003,
0x52801002,
0xd2810401,
0xb9401fe0,
0x97fffea3,
0x52802580,
0x97fffdba,
0xd503201f,
0xf84207fe,
0xd65f03c0,
0xf81d0ffe,
0xb9001fe0,
0xb9001be1,
0xb90017e2,
0xb90013e3,
0xd2800001,
0xb9401fe0,
0x97fffdc7,
0xb9002fe0,
0xb9401fe0,
0x7100001f,
0x54000081,
0xd2be0400,
0xf2c00040,
0x14000003,
0xd2be0420,
0xf2c00040,
0xf90013e0,
0xb9402fe0,
0x12000000,
0x7100001f,
0x54000881,
0x528000e2,
0xd2800581,
0xb9401fe0,
0x97fffdd9,
0x52800002,
0xd2800561,
0xb9401fe0,
0x97fffdd5,
0x52800002,
0xd2800541,
0xb9401fe0,
0x97fffdd1,
0x52800002,
0xd2800521,
0xb9401fe0,
0x97fffdcd,
0x52800003,
0x52801002,
0xd2800581,
0xb9401fe0,
0x97fffe73,
0x52801003,
0x52801002,
0xd2800581,
0xb9401fe0,
0x97fffe6e,
0x52800003,
0x52801002,
0xd2800581,
0xb9401fe0,
0x97fffe69,
0x52800020,
0x97fffd80,
0x52800142,
0xd2800581,
0xb9401fe0,
0x97fffdb8,
0x52801002,
0xd2800561,
0xb9401fe0,
0x97fffdb4,
0x52800002,
0xd2800541,
0xb9401fe0,
0x97fffdb0,
0x52800002,
0xd2800521,
0xb9401fe0,
0x97fffdac,
0x52800003,
0x52801002,
0xd2800581,
0xb9401fe0,
0x97fffe52,
0x52801003,
0x52801002,
0xd2800581,
0xb9401fe0,
0x97fffe4d,
0x52800003,
0x52801002,
0xd2800581,
0xb9401fe0,
0x97fffe48,
0x52800020,
0x97fffd5f,
0x1400002b,
0xf94013e0,
0xb27c0400,
0xb9400000,
0xf94013e1,
0xb27c0421,
0x321b0000,
0xb9000020,
0xf94013e0,
0xb27e0000,
0xb9400000,
0x12000800,
0x71000c1f,
0x54000040,
0x17fffffa,
0xd503201f,
0x52800803,
0x52800802,
0xd28000a1,
0xb9401fe0,
0x97fffe31,
0x52800203,
0x52800202,
0xd28006a1,
0xb9401fe0,
0x97fffe2c,
0x52800003,
0x52800102,
0xd2800661,
0xb9401fe0,
0x97fffe27,
0x52800003,
0x52800042,
0xd2800641,
0xb9401fe0,
0x97fffe22,
0x52801003,
0x52801002,
0xd2800621,
0xb9401fe0,
0x97fffe1d,
0x52800020,
0x97fffd34,
0xb9401be0,
0x531f7801,
0xb94017e0,
0x0b000021,
0x90000040,
0x9111c000,
0x93407c21,
0xb8617800,
0x93407c04,
0xb9401be0,
0x531f7801,
0xb94017e0,
0x0b000021,
0x90000040,
0x91120000,
0x93407c21,
0xb98013e2,
0xd37ef442,
0x8b010041,
0xb8617800,
0x2a0003e3,
0x528003e2,
0xaa0403e1,
0xb9401fe0,
0x97fffe02,
0xb9402fe0,
0x12000000,
0x7100001f,
0x54000881,
0x52800142,
0xd2800581,
0xb9401fe0,
0x97fffd4f,
0x52800002,
0xd2800561,
0xb9401fe0,
0x97fffd4b,
0x52800002,
0xd2800541,
0xb9401fe0,
0x97fffd47,
0x52800002,
0xd2800521,
0xb9401fe0,
0x97fffd43,
0x52800003,
0x52801002,
0xd2800581,
0xb9401fe0,
0x97fffde9,
0x52801003,
0x52801002,
0xd2800581,
0xb9401fe0,
0x97fffde4,
0x52800003,
0x52801002,
0xd2800581,
0xb9401fe0,
0x97fffddf,
0x52800020,
0x97fffcf6,
0x528000e2,
0xd2800581,
0xb9401fe0,
0x97fffd2e,
0x52801002,
0xd2800561,
0xb9401fe0,
0x97fffd2a,
0x52800002,
0xd2800541,
0xb9401fe0,
0x97fffd26,
0x52800002,
0xd2800521,
0xb9401fe0,
0x97fffd22,
0x52800003,
0x52801002,
0xd2800581,
0xb9401fe0,
0x97fffdc8,
0x52801003,
0x52801002,
0xd2800581,
0xb9401fe0,
0x97fffdc3,
0x52800003,
0x52801002,
0xd2800581,
0xb9401fe0,
0x97fffdbe,
0x52800020,
0x97fffcd5,
0x14000017,
0x52800003,
0x52801002,
0xd2800621,
0xb9401fe0,
0x97fffdb6,
0x52800020,
0x97fffccd,
0xf94013e0,
0xb27c0400,
0xb9400000,
0xf94013e1,
0xb27c0421,
0x121a7800,
0xb9000020,
0xf94013e0,
0xb27e0000,
0xb9400000,
0x12000800,
0x7100041f,
0x54000040,
0x17fffffa,
0xd503201f,
0xd503201f,
0xf84307fe,
0xd65f03c0,
0xf81e0ffe,
0xb9001fe0,
0xb9001be1,
0x52800002,
0xd28022a1,
0xb9401fe0,
0x97fffcf0,
0x52800002,
0xd28022c1,
0xb9401fe0,
0x97fffcec,
0x52800002,
0xd28022e1,
0xb9401fe0,
0x97fffce8,
0x52800002,
0xd2802301,
0xb9401fe0,
0x97fffce4,
0x52800003,
0x52800802,
0xd2800021,
0xb9401fe0,
0x97fffd8a,
0x52800002,
0xd2800061,
0xb9401fe0,
0x97fffcdb,
0x52800002,
0xd2800481,
0xb9401fe0,
0x97fffcd7,
0xb9401be0,
0x7100001f,
0x540000e1,
0x52801003,
0x52801002,
0xd280a001,
0xb9401fe0,
0x97fffd7a,
0x1400000d,
0x52801002,
0xd280a001,
0xb9401fe0,
0x97fffd69,
0x53077c00,
0x7100001f,
0x540000c1,
0x52801003,
0x52801002,
0xd280a001,
0xb9401fe0,
0x97fffd6d,
0x52801003,
0x52801002,
0xd280ab81,
0xb9401fe0,
0x97fffd68,
0x52800422,
0xd280a461,
0xb9401fe0,
0x97fffcb9,
0x52801e03,
0x52801e02,
0xd280a481,
0xb9401fe0,
0x97fffd5f,
0x52800020,
0x97fffc76,
0x52801003,
0x52801802,
0xd28007e1,
0xb9401fe0,
0x97fffd58,
0x52800020,
0x97fffc6f,
0x52801003,
0x52801002,
0xd280d681,
0xb9401fe0,
0x97fffd51,
0x52801003,
0x52801002,
0xd280d6c1,
0xb9401fe0,
0x97fffd4c,
0x52800020,
0x97fffc63,
0x52801003,
0x52801002,
0xd280a601,
0xb9401fe0,
0x97fffd45,
0x52800020,
0x97fffc5c,
0xd503201f,
0xf84207fe,
0xd65f03c0,
0xf81d0ffe,
0xb9001fe0,
0xb9001be1,
0xb9401be0,
0x71003c1f,
0x54000220,
0x52800840,
0x97ffe73e,
0x528009a0,
0x97ffe73c,
0x528009c0,
0x97ffe73a,
0x52800a60,
0x97ffe738,
0x528008a0,
0x97ffe736,
0x528001a0,
0x97ffe734,
0x52800140,
0x97ffe732,
0x12800000,
0x1400006c,
0x52801fe3,
0x52801fe2,
0xd280a621,
0xb9401fe0,
0x97fffd25,
0x52801fe3,
0x52801fe2,
0xd280a641,
0xb9401fe0,
0x97fffd20,
0x52801fe3,
0x52801fe2,
0xd280a661,
0xb9401fe0,
0x97fffd1b,
0x52801c03,
0x52801c02,
0xd280a681,
0xb9401fe0,
0x97fffd16,
0x528000c4,
0x52801fe3,
0x52801fe2,
0xd280a6a1,
0xb9401fe0,
0x97fffc8d,
0xb9002fe0,
0xb9402fe0,
0x7100001f,
0x540003e1,
0x528000c4,
0x52801fe3,
0x52801fe2,
0xd280a6c1,
0xb9401fe0,
0x97fffc83,
0xb9002fe0,
0xb9402fe0,
0x7100001f,
0x540002a1,
0x528000c4,
0x52801fe3,
0x52801fe2,
0xd280a6e1,
0xb9401fe0,
0x97fffc79,
0xb9002fe0,
0xb9402fe0,
0x7100001f,
0x54000161,
0x528000c4,
0x52801c03,
0x52801c02,
0xd280a701,
0xb9401fe0,
0x97fffc6f,
0xb9002fe0,
0xb9402fe0,
0x7100001f,
0x54000060,
0xb9402fe0,
0x1400002e,
0x52800024,
0x52800003,
0x52801fe2,
0xd280a721,
0xb9401fe0,
0x97fffc63,
0xb9002fe0,
0xb9402fe0,
0x7100001f,
0x540003e1,
0x52800024,
0x52800003,
0x52801fe2,
0xd280a741,
0xb9401fe0,
0x97fffc59,
0xb9002fe0,
0xb9402fe0,
0x7100001f,
0x540002a1,
0x52800024,
0x52800003,
0x52801fe2,
0xd280a761,
0xb9401fe0,
0x97fffc4f,
0xb9002fe0,
0xb9402fe0,
0x7100001f,
0x54000161,
0x52800024,
0x52800003,
0x52801c02,
0xd280a781,
0xb9401fe0,
0x97fffc45,
0xb9002fe0,
0xb9402fe0,
0x7100001f,
0x54000060,
0xb9402fe0,
0x14000004,
0xb9401fe0,
0x94000075,
0x52800000,
0xf84307fe,
0xd65f03c0,
0xf81e0ffe,
0xb9001fe0,
0x52801fe2,
0xd28022a1,
0xb9401fe0,
0x97fffc0c,
0x52801fe2,
0xd28022c1,
0xb9401fe0,
0x97fffc08,
0x52801fe2,
0xd28022e1,
0xb9401fe0,
0x97fffc04,
0x52801fe2,
0xd2802301,
0xb9401fe0,
0x97fffc00,
0x52800803,
0x52800802,
0xd2800021,
0xb9401fe0,
0x97fffca6,
0x528011e3,
0x528011e2,
0xd2800061,
0xb9401fe0,
0x97fffca1,
0x52801fe2,
0xd2800481,
0xb9401fe0,
0x97fffbf2,
0xd503201f,
0xf84207fe,
0xd65f03c0,
0xf81d0ffe,
0xb9001fe0,
0xb9001be1,
0xb90017e2,
0xb9401be1,
0xb9401fe0,
0x97fffef2,
0x52800003,
0x52800802,
0xd280a5e1,
0xb9401fe0,
0x97fffc8e,
0x52800803,
0x52800802,
0xd280a5e1,
0xb9401fe0,
0x97fffc89,
0x52800020,
0x97fffba0,
0xb94017e1,
0xb9401fe0,
0x97ffff45,
0xb9002fe0,
0xb9402fe0,
0x7100001f,
0x54000060,
0xb9402fe0,
0x14000031,
0x52800002,
0xd2810d01,
0xb9401fe0,
0x97fffbcf,
0x52800002,
0xd2810d21,
0xb9401fe0,
0x97fffbcb,
0x52800002,
0xd2810d41,
0xb9401fe0,
0x97fffbc7,
0x52800002,
0xd2810d61,
0xb9401fe0,
0x97fffbc3,
0xb9401be0,
0x7100001f,
0x540000c1,
0x52800003,
0x52801002,
0xd280a001,
0xb9401fe0,
0x97fffc66,
0xb9401fe0,
0x97ffffa8,
0x52801fe2,
0xd2810d01,
0xb9401fe0,
0x97fffbb5,
0x52801fe2,
0xd2810d21,
0xb9401fe0,
0x97fffbb1,
0x52801fe2,
0xd2810d41,
0xb9401fe0,
0x97fffbad,
0x52801fe2,
0xd2810d61,
0xb9401fe0,
0x97fffba9,
0x52800003,
0x52801002,
0xd280ab81,
0xb9401fe0,
0x97fffc4f,
0x52800000,
0xf84307fe,
0xd65f03c0,
0xa9bd7bf3,
0xb9001fe0,
0xb9002fff,
0x5280ac00,
0xb9002be0,
0x14000020,
0xb9402be0,
0xaa0003e1,
0xb9401fe0,
0x97fffb73,
0x2a0003f3,
0xb9402be0,
0x11000400,
0x2a0003e0,
0x52801002,
0xaa0003e1,
0xb9401fe0,
0x97fffc2e,
0x531f7800,
0x2a000263,
0x90000040,
0x91220002,
0xb9802fe4,
0xb9801fe1,
0xaa0103e0,
0xd37df000,
0xcb010000,
0xd37ef400,
0xcb010000,
0x8b040000,
0xb8207843,
0xb9402fe0,
0x11000400,
0xb9002fe0,
0xb9402be0,
0x11000800,
0xb9002be0,
0xb9402fe0,
0x7100681f,
0x54fffbed,
0xb9801fe1,
0xaa0103e0,
0xd37df000,
0xcb010000,
0xd37ef400,
0xcb010000,
0xd37ef400,
0x90000041,
0x91220021,
0x8b010002,
0x90000040,
0x91256000,
0xb9801fe1,
0xf8217802,
0xd503201f,
0xa8c37bf3,
0xd65f03c0,
0xf81e0ffe,
0xb9001fe0,
0xb9001be1,
0xb9401be0,
0x7100681f,
0x54000069,
0x12800000,
0x14000012,
0x90000040,
0x91256000,
0xb9801fe1,
0xf8617800,
0xf100001f,
0x54000161,
0xb9401fe0,
0x97ffffb8,
0x90000040,
0x91256000,
0xb9801fe1,
0xf8617800,
0xf100001f,
0x54000061,
0x12800000,
0x14000002,
0x52800000,
0xf84207fe,
0xd65f03c0,
0xf81d0ffe,
0xb9001fe0,
0xb9001be1,
0xf9000be2,
0xf9400be0,
0xb900001f,
0xb9401be1,
0xb9401fe0,
0x97ffffdd,
0xb9002fe0,
0xb9402fe0,
0x7100001f,
0x54000060,
0xb9402fe0,
0x1400000a,
0x90000040,
0x91256000,
0xb9801fe1,
0xf8617800,
0xb9401be1,
0xb8617801,
0xf9400be0,
0xb9000001,
0x52800000,
0xf84307fe,
0xd65f03c0,
0xa9bd7bf3,
0xb9001fe0,
0xb9001be1,
0xb90023ff,
0xb9401be1,
0xb9401fe0,
0x97ffffc5,
0xb9002be0,
0xb9402be0,
0x7100001f,
0x54000060,
0xb9402be0,
0x14000085,
0x90000040,
0x91128002,
0xb9401be1,
0xaa0103e0,
0xd37df000,
0x8b010000,
0xd37ef400,
0x8b000040,
0xb9400000,
0x7100001f,
0x54000660,
0x90000040,
0x91128002,
0xb9401be1,
0xaa0103e0,
0xd37df000,
0x8b010000,
0xd37ef400,
0x8b000040,
0xb9400400,
0x2a0003e3,
0x90000040,
0x91128002,
0xb9401be1,
0xaa0103e0,
0xd37df000,
0x8b010000,
0xd37ef400,
0x8b000040,
0xb9400800,
0x2a0003e2,
0xaa0303e1,
0xb9401fe0,
0x97fffba3,
0x7100001f,
0x54000341,
0x90000040,
0x91128002,
0xb9401be1,
0xaa0103e0,
0xd37df000,
0x8b010000,
0xd37ef400,
0x8b000040,
0xb9400c00,
0x2a0003e3,
0x90000040,
0x91128002,
0xb9401be1,
0xaa0103e0,
0xd37df000,
0x8b010000,
0xd37ef400,
0x8b000040,
0xb9401000,
0x2a0003e2,
0xaa0303e1,
0xb9401fe0,
0x97fffb8a,
0xb9002fe0,
0x14000047,
0x910083e0,
0xaa0003e2,
0xb9401be1,
0xb9401fe0,
0x97ffff98,
0xb9002be0,
0xb9402be0,
0x7100001f,
0x54000060,
0xb9402be0,
0x1400003d,
0xb94023e0,
0x7100001f,
0x54000261,
0x52800a80,
0x97ffe58a,
0x52800a40,
0x97ffe588,
0x52800880,
0x97ffe586,
0x52800860,
0x97ffe584,
0x52800600,
0x97ffe582,
0x528008a0,
0x97ffe580,
0x528001a0,
0x97ffe57e,
0x52800140,
0x97ffe57c,
0x12800000,
0x14000028,
0x90000040,
0x91128002,
0xb9401be1,
0xaa0103e0,
0xd37df000,
0x8b010000,
0xd37ef400,
0x8b000040,
0xb9401800,
0x2a0003e0,
0x52801002,
0xaa0003e1,
0xb9401fe0,
0x97fffb5a,
0x531f7813,
0x90000040,
0x91128002,
0xb9401be1,
0xaa0103e0,
0xd37df000,
0x8b010000,
0xd37ef400,
0x8b000040,
0xb9401400,
0x2a0003e0,
0xaa0003e1,
0xb9401fe0,
0x97fffa89,
0x2a000260,
0xb90027e0,
0xb94027e0,
0x531a6401,
0xb94023e0,
0x53017c00,
0x0b000021,
0xb94023e0,
0x1ac00820,
0xb9002fe0,
0xb9402fe0,
0xa8c37bf3,
0xd65f03c0,
0xf81d0ffe,
0xb9001fe0,
0xb9001be1,
0xb90017e2,
0xb90023ff,
0xb9002bff,
0xb9002fff,
0xb9401be1,
0xb9401fe0,
0x97ffff2f,
0xb90027e0,
0xb94027e0,
0x7100001f,
0x54000060,
0xb94027e0,
0x140000d8,
0xb9401be0,
0x7100241f,
0x540001a8,
0xd280a601,
0xb9401fe0,
0x97fffa66,
0xb9002fe0,
0xb9402fe0,
0x12187800,
0x2a0003e2,
0xd280a601,
0xb9401fe0,
0x97fffa83,
0x52800020,
0x97fffa45,
0x90000040,
0x91128002,
0xb9401be1,
0xaa0103e0,
0xd37df000,
0x8b010000,
0xd37ef400,
0x8b000040,
0xb9401c00,
0x2a0003e4,
0x90000040,
0x91128002,
0xb9401be1,
0xaa0103e0,
0xd37df000,
0x8b010000,
0xd37ef400,
0x8b000040,
0xb9402000,
0x52800003,
0x2a0003e2,
0xaa0403e1,
0xb9401fe0,
0x97fffb14,
0x90000040,
0x91128002,
0xb9401be1,
0xaa0103e0,
0xd37df000,
0x8b010000,
0xd37ef400,
0x8b000040,
0xb9400000,
0x7100001f,
0x54000660,
0x90000040,
0x91128002,
0xb9401be1,
0xaa0103e0,
0xd37df000,
0x8b010000,
0xd37ef400,
0x8b000040,
0xb9400400,
0x2a0003e3,
0x90000040,
0x91128002,
0xb9401be1,
0xaa0103e0,
0xd37df000,
0x8b010000,
0xd37ef400,
0x8b000040,
0xb9400800,
0x2a0003e2,
0xaa0303e1,
0xb9401fe0,
0x97fffae6,
0x7100001f,
0x54000341,
0x90000040,
0x91128002,
0xb9401be1,
0xaa0103e0,
0xd37df000,
0x8b010000,
0xd37ef400,
0x8b000040,
0xb9400c00,
0x2a0003e4,
0x90000040,
0x91128002,
0xb9401be1,
0xaa0103e0,
0xd37df000,
0x8b010000,
0xd37ef400,
0x8b000040,
0xb9401000,
0xb94017e3,
0x2a0003e2,
0xaa0403e1,
0xb9401fe0,
0x97fffad8,
0x14000047,
0x910083e0,
0xaa0003e2,
0xb9401be1,
0xb9401fe0,
0x97fffedb,
0xb90027e0,
0xb94027e0,
0x7100001f,
0x54000060,
0xb94027e0,
0x14000069,
0xb94023e0,
0x7100001f,
0x54000261,
0x52800a80,
0x97ffe4cd,
0x52800a40,
0x97ffe4cb,
0x52800880,
0x97ffe4c9,
0x52800860,
0x97ffe4c7,
0x52800600,
0x97ffe4c5,
0x528008a0,
0x97ffe4c3,
0x528001a0,
0x97ffe4c1,
0x52800140,
0x97ffe4bf,
0x12800000,
0x14000054,
0xb94023e1,
0xb94017e0,
0x1b007c20,
0x11008000,
0x53067c00,
0xb9002be0,
0x90000040,
0x91128002,
0xb9401be1,
0xaa0103e0,
0xd37df000,
0x8b010000,
0xd37ef400,
0x8b000040,
0xb9401400,
0x2a0003e1,
0xb9402be0,
0x12001c00,
0x2a0003e2,
0xb9401fe0,
0x97fff9f7,
0x90000040,
0x91128002,
0xb9401be1,
0xaa0103e0,
0xd37df000,
0x8b010000,
0xd37ef400,
0x8b000040,
0xb9401800,
0x2a0003e1,
0xb9402be0,
0x53017c00,
0x12190000,
0x2a0003e3,
0x52801002,
0xb9401fe0,
0x97fffa91,
0x90000040,
0x91128002,
0xb9401be1,
0xaa0103e0,
0xd37df000,
0x8b010000,
0xd37ef400,
0x8b000040,
0xb9401c00,
0x2a0003e4,
0x90000040,
0x91128002,
0xb9401be1,
0xaa0103e0,
0xd37df000,
0x8b010000,
0xd37ef400,
0x8b000040,
0xb9402005,
0x90000040,
0x91128002,
0xb9401be1,
0xaa0103e0,
0xd37df000,
0x8b010000,
0xd37ef400,
0x8b000040,
0xb9402000,
0x2a0003e3,
0x2a0503e2,
0xaa0403e1,
0xb9401fe0,
0x97fffa70,
0xb9401be0,
0x7100241f,
0x54000128,
0xb9402fe0,
0x32190000,
0x2a0003e2,
0xd280a601,
0xb9401fe0,
0x97fff9bc,
0x52800020,
0x97fff97e,
0x52800000,
0xf84307fe,
0xd65f03c0,
0xf81e0ffe,
0xb9001fe0,
0xb9001be1,
0xb90017e2,
0xb94017e0,
0x7101801f,
0x54000269,
0x52800880,
0x97ffe45f,
0x52800980,
0x97ffe45d,
0x52800980,
0x97ffe45b,
0x52800640,
0x97ffe459,
0x52800980,
0x97ffe457,
0x528008a0,
0x97ffe455,
0x528001a0,
0x97ffe453,
0x52800140,
0x97ffe451,
0x12800000,
0x14000005,
0xb94017e2,
0xb9401be1,
0xb9401fe0,
0x97fffefb,
0xf84207fe,
0xd65f03c0,
0xd10043ff,
0xd2800200,
0xf2be00c0,
0xf2c00040,
0xb9400000,
0xb9000fe0,
0xb9400fe0,
0x321b0000,
0xb9000fe0,
0xd2800200,
0xf2be00c0,
0xf2c00040,
0xb9400fe1,
0xb9000001,
0xd2800080,
0xf2be00c0,
0xf2c00040,
0xb9400000,
0xb9000fe0,
0xb9400fe0,
0x120c6c00,
0xb9000fe0,
0xb9400fe1,
0x52a00140,
0x2a000020,
0xb9000fe0,
0xd2800080,
0xf2be00c0,
0xf2c00040,
0xb9400fe1,
0xb9000001,
0xd2800480,
0xf2be00c0,
0xf2c00040,
0xb9400000,
0xb9000fe0,
0xb9400fe0,
0x12005c00,
0xb9000fe0,
0xd2800480,
0xf2be00c0,
0xf2c00040,
0xb9400fe1,
0xb9000001,
0xd2800200,
0xf2be00c0,
0xf2c00040,
0xb9400000,
0xb9000fe0,
0xb9400fe0,
0x321e0000,
0xb9000fe0,
0xd2800200,
0xf2be00c0,
0xf2c00040,
0xb9400fe1,
0xb9000001,
0xd2800200,
0xf2be00c0,
0xf2c00040,
0xb9400000,
0xb9000fe0,
0xb9400fe0,
0x121e0000,
0x7100001f,
0x54000040,
0x17fffff7,
0xd503201f,
0xd2800480,
0xf2be00c0,
0xf2c00040,
0xb9400000,
0xb9000fe0,
0xb9400fe0,
0x32050000,
0xb9000fe0,
0xd2800480,
0xf2be00c0,
0xf2c00040,
0xb9400fe1,
0xb9000001,
0xd503201f,
0x910043ff,
0xd65f03c0,
0xd10043ff,
0xd2800200,
0xf2be01e0,
0xf2c00040,
0xb9400000,
0xb9000fe0,
0xb9400fe0,
0x321e0000,
0xb9000fe0,
0xd2800200,
0xf2be01e0,
0xf2c00040,
0xb9400fe1,
0xb9000001,
0xd2be01e0,
0xf2c00040,
0xb9400000,
0xb9000fe0,
0xb9400fe0,
0x321b0000,
0xb9000fe0,
0xd2be01e0,
0xf2c00040,
0xb9400fe1,
0xb9000001,
0xd2800200,
0xf2be01e0,
0xf2c00040,
0xb9400000,
0xb9000fe0,
0xb9400fe0,
0x32000000,
0xb9000fe0,
0xd2800200,
0xf2be01e0,
0xf2c00040,
0xb9400fe1,
0xb9000001,
0xd2800200,
0xf2be01e0,
0xf2c00040,
0xb9400000,
0xb9000fe0,
0xb9400fe0,
0x12000000,
0x7100001f,
0x54000040,
0x17fffff7,
0xd503201f,
0xd503201f,
0x910043ff,
0xd65f03c0,
0xffffffff,
0x0042aaaa,
0xc1088020,
0x00001010,
0x00000040,
0x00610130,
0x00000000,
0x4002061b,
0x00b4000e,
0x00009505,
0x0054002d,
0x00710008,
0x00040009,
0x00640046,
0x001e004d,
0x1a201a22,
0x00060631,
0x07101414,
0x00c0c000,
0x0f04080f,
0x02040c0c,
0x04020007,
0x00000402,
0x00000000,
0x00000000,
0x1a020010,
0x0c100002,
0x00000096,
0xd3200018,
0x02800100,
0x0392820d,
0x00000404,
0x06000604,
0x80000000,
0x000001ff,
0x00000000,
0x00000034,
0x00000034,
0x00000000,
0x00000000,
0x00000034,
0x00000034,
0x00000000,
0x00000000,
0x00000000,
0x00000040,
0x00000040,
0x00000028,
0x00000008,
0x00000040,
0x00000040,
0x00000030,
0x00000010,
0x00000040,
0x00000040,
0x00000028,
0x00000008,
0x00000040,
0x00000040,
0x00000018,
0x00000038,
0x00000000,
0x00000018,
0x00000044,
0x00000050,
0x00000008,
0x0000000d,
0x00000000,
0x00000000,
0x0000000e,
0x00000012,
0x0000001e,
0x00000000,
0x00000000,
0x00000000,
0x00000000,
0x00000000,
0x00000054,
0x00000001,
0x0000002d,
0x00000002,
0x00000071,
0x00000003,
0x00000064,
0x0000000b,
0x0000004a,
0x0000004e,
0x00000000,
0x00000080,
0x00000000,
0x00000010,
0x00000010,
0x00000000,
0x00000000,
0x00000008,
0x0000001e,
0x00000016,
0x00000000,
0x00000000,
0x00000000,
0x00000000,
0x00000002,
0x00000000,
0x00000000,
0x00000000,
0x00000000,
0x0000001c,
0x00000024,
0x00000020,
0x00000020,
0x00000020,
0x00000020,
0x00000020,
0x0000001c,
0x00000024,
0x00000014,
0x00000024,
0x0000001c,
0x00000000,
0x00000000,
0x00000000,
0x00000000,
0x00000000,
0x00000000,
0x00000000,
0x00000000,
0x00000000,
0x00000000,
0x00000000,
0x00000000,
0x00000000,
0x00000000,
0x00000000,
0x00000000,
0x00000000,
0x00000000,
0x00000000,
0x00000000,
0x00000000,
0x00000000,
0x00000000,
0x00000000,
0x00000000,
0x00000000,
0x00000000,
0x00000000,
0x00000000,
0x00000000,
0x00000000,
0x00000000,
0x00000000,
0x00000000,
0x00000000,
0x00000000,
0x00000000,
0x00000000,
0x00000000,
0x00000000,
0x00000000,
0x00000000,
0x00000000,
0x00000000,
0x00000000,
0x00000000,
0x00000000,
0x00000000,
0x00000000,
0x00000000,
0x00000000,
0x00000000,
0x00000000,
0x00000000,
0x00000000,
0x00000000,
0x00000000,
0x00000000,
0x00000000,
0x00000000,
0x00000000,
0x00000000,
0x00000000,
0x00000000,
0x00000000,
0x00000000,
0x00000000,
0x00000000,
0x00000000,
0x00000000,
0x00000000,
0x00000000,
0x00000000,
0x00000000,
0x00000000,
0x00000000,
0x00000000,
0x00000000,
0x00000000,
0x00000000,
0x00000000,
0x00000000,
0x00000000,
0x00000000,
0x00000000,
0x00000000,
0x00000000,
0x00000000,
0x00000000,
0x00000000,
0x00000000,
0x00000000,
0x00000000,
0x00000000,
0x00000000,
0x00000000,
0x00000000,
0x00000000,
0x00000000,
0x00000000,
0x00000000,
0x00000000,
0x00000080,
0x0000000a,
0x0000001b,
0x00000000,
0x00000005,
0x00000001,
0x00000022,
0x00000000,
0x0000000f,
0x00000010,
0x00000080,
0x00000008,
0x00000097,
0x00000097,
0x0000000f,
0x000000d0,
0x00000092,
0x0000000b,
0x000000b5,
0x0000000d,
0x00000009,
0x00000092,
0x0000000b,
0x000000b5,
0x0000000d,
0x00000009,
0x00000092,
0x0000000b,
0x000000b5,
0x0000000d,
0x00000009,
0x00000092,
0x0000000b,
0x000000b5,
0x0000000d,
0x00000009,
0x00000092,
0x0000000b,
0x000000b5,
0x00000092,
0x0000000b,
0x000000b5,
0x0000000d,
0x00000009,
0x00000092,
0x0000000b,
0x000000b5,
0x0000000d,
0x00000009,
0x00000092,
0x0000000b,
0x000000b5,
0x0000000d,
0x00000009,
0x00000092,
0x0000000b,
0x000000b5,
0x0000000d,
0x00000009,
0x00000092,
0x0000000b,
0x000000b5,
0x00000001,
0x00000001,
0x00000001,
0x00000001,
0x00000001,
0x00000001,
0x00000001,
0x00000001,
0x00000000,
0x00000000,
0x00000000,
0x00000000,
0x00000000,
0x00000092,
0x0000000b,
0x000000b5,
0x00000000,
0x00000080,
0x0000000d,
0x00000009,
0x00000020,
0x00000092,
0x0000000b,
0x000000b5,
0x00000000,
0x00000080,
0x0000000d,
0x00000009,
0x00000020,
0x00000092,
0x0000000b,
0x000000b5,
0x00000000,
0x00000080,
0x00000020,
0x00000092,
0x0000000b,
0x000000b5,
0x00000000,
0x00000080,
0x00000020,
0x00000092,
0x0000000b,
0x000000b5,
0x00000000,
0x00000080,
0x0000000d,
0x00000009,
0x00000020,
0x00000092,
0x0000000b,
0x000000b5,
0x00000000,
0x00000080,
0x0000000d,
0x00000009,
0x00000020,
0x00000092,
0x0000000b,
0x000000b5,
0x00000000,
0x00000080,
0x00000020,
0x00000092,
0x0000000b,
0x000000b5,
0x00000000,
0x00000080,
0x00000020,
0x00000002,
0x00000002,
0x00000002,
0x00000002,
0x00000002,
0x00000002,
0x00000002,
0x00000002,
0x00000003,
0x00000002,
0x00000003,
0x00000003,
0x00000003,
0x00000002,
0x00000003,
0x00000003,
0x00000003,
0x00000003,
0x00000003,
0x00000003,
0x00000003,
0x00000003,
0x00000003,
0x00000003,
0x00000003,
0x00000002,
0x00000002,
0x00000002,
0x00000002,
0x00000002,
0x00000002,
0x00000002,
0x00000002,
0x00000002,
0x00000003,
0x00000003,
0x00000003,
0x00000003,
0x00000003,
0x00000003,
0x00000003,
0x00000003,
0x00000003,
0x00000003,
0x00000003,
0x00000003,
0x00000003,
0x00000003,
0x00000003,
0x00000003,
0x00000003,
0x00000003,
0x00000080,
0x0000000f,
0x00000024,
0x00000024,
0x00000024,
0x00000024,
0x00000024,
0x00000024,
0x00000024,
0x00000024,
0x00000024,
0x00000024,
0x00000024,
0x00000024,
0x00000024,
0x00000024,
0x00000024,
0x00000024,
0x00000000,
0x00000000,
0x00000000,
0x000000ff,
0x00000007,
0x00000000,
0x00000000,
0x00000000,
0x00000000,
0x000000ff,
0x00000007,
0x00000000,
0x00000000,
0x00000020,
0x00000002,
0x00000022,
0x0000004c,
0x00000020,
0x00000022,
0x00000080,
0x00000022,
0x00000010,
0x00000080,
0x00000010,
0x00000038,
0x00000008,
0x00000000,
0x00000000,
0x00000000,
0x00000000,
0x00000000,
0x00000000,
0x00000000,
0x00000000,
0x00000000,
0x00000000,
0x00000000,
0x00000000,
0x00000000,
0x00000000,
0x00000000,
0x00000000,
0x00000000,
0x00000000,
0x00000000,
0x00000000,
0x00000000,
0x00000000,
0x00000000,
0x00000000,
0x00000000,
0x00000000,
0x00000000,
0x00000000,
0x00000000,
0x00000000,
0x00000000,
0x00000000,
0x00000000,
0x00000000,
0x00000000,
0x00000000,
0x00000000,
0x00000000,
0x00000000,
0x00000000,
0x00000000,
0x00000000,
0x00000000,
0x00000000,
0x00000000,
0x00000000,
0x00000000,
0x00000000,
0x00000000,
0x00000000,
0x00000000,
0x00000000,
0x00000000,
0x00000000,
0x00000000,
0x00000000,
0x00000000,
0x00000000,
0x00000000,
0x00000000,
0x00000000,
0x00000000,
0x00000000,
0x00000000,
0x00000000,
0x00000000,
0x00000000,
0x00000000,
0x00000000,
0x00000000,
0x00000000,
0x00000000,
0x00000000,
0x00000000,
0x00000000,
0x00000000,
0x00000000,
0x00000000,
0xffffffff,
0x0042aaaa,
0xc1088020,
0x00001010,
0x00000040,
0x00610130,
0x00000000,
0x4002061b,
0x00b4000e,
0x00009505,
0x0054002d,
0x00710008,
0x00040009,
0x00640046,
0x001e004d,
0x1a201a22,
0x00060631,
0x07101414,
0x00c0c000,
0x0f04080f,
0x02040c0c,
0x04020007,
0x00000402,
0x00000000,
0x00000000,
0x1a020010,
0x0c100002,
0x00000096,
0xd3200018,
0x02800100,
0x0392820d,
0x00000404,
0x06000604,
0x80000000,
0x000001ff,
0x00000000,
0x00000034,
0x00000034,
0x00000000,
0x00000000,
0x00000034,
0x00000034,
0x00000000,
0x00000000,
0x00000000,
0x00000040,
0x00000040,
0x00000028,
0x00000008,
0x00000040,
0x00000040,
0x00000030,
0x00000010,
0x00000040,
0x00000040,
0x00000028,
0x00000008,
0x00000040,
0x00000040,
0x00000018,
0x00000038,
0x00000000,
0x00000018,
0x00000044,
0x00000050,
0x00000008,
0x0000000d,
0x00000000,
0x00000000,
0x0000000e,
0x00000012,
0x0000001e,
0x00000000,
0x00000000,
0x00000000,
0x00000000,
0x00000000,
0x00000054,
0x00000001,
0x0000002d,
0x00000002,
0x00000071,
0x00000003,
0x00000064,
0x0000000b,
0x0000004a,
0x0000004e,
0x00000000,
0x00000080,
0x00000000,
0x00000010,
0x00000010,
0x00000000,
0x00000000,
0x00000008,
0x0000001e,
0x00000016,
0x00000000,
0x00000000,
0x00000000,
0x00000000,
0x00000002,
0x00000000,
0x00000000,
0x00000000,
0x00000000,
0x0000001c,
0x00000024,
0x00000020,
0x00000020,
0x00000020,
0x00000020,
0x00000020,
0x0000001c,
0x00000024,
0x00000014,
0x00000024,
0x0000001c,
0x00000000,
0x00000000,
0x00000000,
0x00000000,
0x00000000,
0x00000000,
0x00000000,
0x00000000,
0x00000000,
0x00000000,
0x00000000,
0x00000000,
0x00000000,
0x00000000,
0x00000000,
0x00000000,
0x00000000,
0x00000000,
0x00000000,
0x00000000,
0x00000000,
0x00000000,
0x00000000,
0x00000000,
0x00000000,
0x00000000,
0x00000000,
0x00000000,
0x00000000,
0x00000000,
0x00000000,
0x00000000,
0x00000000,
0x00000000,
0x00000000,
0x00000000,
0x00000000,
0x00000000,
0x00000000,
0x00000000,
0x00000000,
0x00000000,
0x00000000,
0x00000000,
0x00000000,
0x00000000,
0x00000000,
0x00000000,
0x00000000,
0x00000000,
0x00000000,
0x00000000,
0x00000000,
0x00000000,
0x00000000,
0x00000000,
0x00000000,
0x00000000,
0x00000000,
0x00000000,
0x00000000,
0x00000000,
0x00000000,
0x00000000,
0x00000000,
0x00000000,
0x00000000,
0x00000000,
0x00000000,
0x00000000,
0x00000000,
0x00000000,
0x00000000,
0x00000000,
0x00000000,
0x00000000,
0x00000000,
0x00000000,
0x00000000,
0x00000000,
0x00000000,
0x00000000,
0x00000000,
0x00000000,
0x00000000,
0x00000000,
0x00000000,
0x00000000,
0x00000000,
0x00000000,
0x00000000,
0x00000000,
0x00000000,
0x00000000,
0x00000000,
0x00000000,
0x00000000,
0x00000000,
0x00000000,
0x00000000,
0x00000000,
0x00000000,
0x00000080,
0x0000000a,
0x0000001b,
0x00000000,
0x00000005,
0x00000001,
0x00000022,
0x00000000,
0x0000000f,
0x00000010,
0x00000080,
0x00000008,
0x00000097,
0x00000097,
0x0000000f,
0x000000d0,
0x00000092,
0x0000000b,
0x000000b5,
0x0000000d,
0x00000009,
0x00000092,
0x0000000b,
0x000000b5,
0x0000000d,
0x00000009,
0x00000092,
0x0000000b,
0x000000b5,
0x0000000d,
0x00000009,
0x00000092,
0x0000000b,
0x000000b5,
0x0000000d,
0x00000009,
0x00000092,
0x0000000b,
0x000000b5,
0x00000092,
0x0000000b,
0x000000b5,
0x0000000d,
0x00000009,
0x00000092,
0x0000000b,
0x000000b5,
0x0000000d,
0x00000009,
0x00000092,
0x0000000b,
0x000000b5,
0x0000000d,
0x00000009,
0x00000092,
0x0000000b,
0x000000b5,
0x0000000d,
0x00000009,
0x00000092,
0x0000000b,
0x000000b5,
0x00000001,
0x00000001,
0x00000001,
0x00000001,
0x00000001,
0x00000001,
0x00000001,
0x00000001,
0x00000000,
0x00000000,
0x00000000,
0x00000000,
0x00000000,
0x00000092,
0x0000000b,
0x000000b5,
0x00000000,
0x00000080,
0x0000000d,
0x00000009,
0x00000020,
0x00000092,
0x0000000b,
0x000000b5,
0x00000000,
0x00000080,
0x0000000d,
0x00000009,
0x00000020,
0x00000092,
0x0000000b,
0x000000b5,
0x00000000,
0x00000080,
0x00000020,
0x00000092,
0x0000000b,
0x000000b5,
0x00000000,
0x00000080,
0x00000020,
0x00000092,
0x0000000b,
0x000000b5,
0x00000000,
0x00000080,
0x0000000d,
0x00000009,
0x00000020,
0x00000092,
0x0000000b,
0x000000b5,
0x00000000,
0x00000080,
0x0000000d,
0x00000009,
0x00000020,
0x00000092,
0x0000000b,
0x000000b5,
0x00000000,
0x00000080,
0x00000020,
0x00000092,
0x0000000b,
0x000000b5,
0x00000000,
0x00000080,
0x00000020,
0x00000002,
0x00000002,
0x00000002,
0x00000002,
0x00000002,
0x00000002,
0x00000002,
0x00000002,
0x00000003,
0x00000002,
0x00000003,
0x00000003,
0x00000003,
0x00000002,
0x00000003,
0x00000003,
0x00000003,
0x00000003,
0x00000003,
0x00000003,
0x00000003,
0x00000003,
0x00000003,
0x00000003,
0x00000003,
0x00000002,
0x00000002,
0x00000002,
0x00000002,
0x00000002,
0x00000002,
0x00000002,
0x00000002,
0x00000002,
0x00000003,
0x00000003,
0x00000003,
0x00000003,
0x00000003,
0x00000003,
0x00000003,
0x00000003,
0x00000003,
0x00000003,
0x00000003,
0x00000003,
0x00000003,
0x00000003,
0x00000003,
0x00000003,
0x00000003,
0x00000003,
0x00000080,
0x0000000f,
0x00000024,
0x00000024,
0x00000024,
0x00000024,
0x00000024,
0x00000024,
0x00000024,
0x00000024,
0x00000024,
0x00000024,
0x00000024,
0x00000024,
0x00000024,
0x00000024,
0x00000024,
0x00000024,
0x00000000,
0x00000000,
0x00000000,
0x000000ff,
0x00000007,
0x00000000,
0x00000000,
0x00000000,
0x00000000,
0x000000ff,
0x00000007,
0x00000000,
0x00000000,
0x00000020,
0x00000002,
0x00000022,
0x0000004c,
0x00000020,
0x00000022,
0x00000080,
0x00000022,
0x00000010,
0x00000080,
0x00000010,
0x00000038,
0x00000008,
0x00000000,
0x00000000,
0x00000000,
0x00000000,
0x00000000,
0x00000000,
0x00000000,
0x00000000,
0x00000000,
0x00000000,
0x00000000,
0x00000000,
0x00000000,
0x00000000,
0x00000000,
0x00000000,
0x00000000,
0x00000000,
0x00000000,
0x00000000,
0x00000000,
0x00000000,
0x00000000,
0x00000000,
0x00000000,
0x00000000,
0x00000000,
0x00000000,
0x00000000,
0x00000000,
0x00000000,
0x00000000,
0x00000000,
0x00000000,
0x00000000,
0x00000000,
0x00000000,
0x00000000,
0x00000000,
0x00000000,
0x00000000,
0x00000000,
0x00000000,
0x00000000,
0x00000000,
0x00000000,
0x00000000,
0x00000000,
0x00000000,
0x00000000,
0x00000000,
0x00000000,
0x00000000,
0x00000000,
0x00000000,
0x00000000,
0x00000000,
0x00000000,
0x00000000,
0x00000000,
0x00000000,
0x00000000,
0x00000000,
0x00000000,
0x00000000,
0x00000000,
0x00000000,
0x00000000,
0x00000000,
0x00000000,
0x00000000,
0x00000000,
0x00000000,
0x00000000,
0x00000000,
0x00000000,
0x00000000,
0x00000000,
0x10221207,
0x0026e000,
0xc1088020,
0x00001010,
0x00210044,
0x00060059,
0x002b0000,
0x400103a0,
0x005d0000,
0x00000d05,
0x0034001b,
0x00710008,
0x00100004,
0x00640046,
0x001e004d,
0x14130f14,
0x0004041d,
0x050b0f10,
0x0070700c,
0x09040509,
0x02030808,
0x02020005,
0x00000302,
0x00000000,
0x00000000,
0x1a020010,
0x0a100002,
0x000000b9,
0xd1d6000f,
0x01800100,
0x038f8209,
0x00000404,
0x06000604,
0x80000000,
0x00000000,
0x00000000,
0x00000034,
0x00000034,
0x00000034,
0x00000000,
0x00000034,
0x00000034,
0x00000034,
0x00000000,
0x00000000,
0x00000040,
0x00000040,
0x00000028,
0x00000008,
0x00000040,
0x00000040,
0x00000030,
0x00000010,
0x00000040,
0x00000040,
0x00000028,
0x00000008,
0x00000040,
0x00000040,
0x00000018,
0x00000038,
0x00000000,
0x00000018,
0x00000044,
0x00000050,
0x00000008,
0x00000004,
0x00000000,
0x00000000,
0x0000000a,
0x0000000c,
0x00000013,
0x00000000,
0x00000000,
0x00000000,
0x00000000,
0x00000000,
0x00000034,
0x00000001,
0x0000001b,
0x00000002,
0x00000049,
0x00000003,
0x00000011,
0x0000000b,
0x00000046,
0x0000004a,
0x00000000,
0x00000080,
0x00000000,
0x0000000f,
0x000000d2,
0x00000001,
0x00000000,
0x0000000e,
0x00000003,
0x00000016,
0x00000000,
0x00000000,
0x00000000,
0x00000000,
0x00000002,
0x00000000,
0x00000000,
0x00000000,
0x00000000,
0x0000001c,
0x00000020,
0x00000020,
0x00000020,
0x0000001c,
0x00000020,
0x00000020,
0x0000001c,
0x00000008,
0x00000018,
0x00000020,
0x00000008,
0x00000000,
0x00000000,
0x00000000,
0x00000000,
0x00000000,
0x00000000,
0x00000000,
0x00000000,
0x00000000,
0x00000000,
0x00000000,
0x00000000,
0x00000000,
0x00000000,
0x00000000,
0x00000000,
0x00000000,
0x00000000,
0x00000000,
0x00000000,
0x00000000,
0x00000000,
0x00000000,
0x00000000,
0x00000000,
0x00000000,
0x00000000,
0x00000000,
0x00000000,
0x00000000,
0x00000000,
0x00000000,
0x00000000,
0x00000000,
0x00000000,
0x00000000,
0x00000000,
0x00000000,
0x00000000,
0x00000000,
0x00000000,
0x00000000,
0x00000000,
0x00000000,
0x00000000,
0x00000000,
0x00000000,
0x00000000,
0x00000000,
0x00000000,
0x00000000,
0x00000000,
0x00000000,
0x00000000,
0x00000000,
0x00000000,
0x00000000,
0x00000000,
0x00000000,
0x00000000,
0x00000000,
0x00000000,
0x00000000,
0x00000000,
0x00000000,
0x00000000,
0x00000000,
0x00000000,
0x00000000,
0x00000000,
0x00000000,
0x00000000,
0x00000000,
0x00000000,
0x00000000,
0x00000000,
0x00000000,
0x00000000,
0x00000000,
0x00000000,
0x00000000,
0x00000000,
0x00000000,
0x00000000,
0x00000000,
0x00000000,
0x00000000,
0x00000000,
0x00000000,
0x00000000,
0x00000000,
0x00000000,
0x00000000,
0x00000000,
0x00000000,
0x00000000,
0x00000000,
0x00000000,
0x00000000,
0x00000000,
0x00000000,
0x00000000,
0x00000080,
0x00000007,
0x0000001b,
0x00000000,
0x00000005,
0x00000001,
0x00000022,
0x00000000,
0x0000000f,
0x00000010,
0x00000080,
0x00000008,
0x0000008f,
0x0000008f,
0x0000000f,
0x000000d0,
0x00000092,
0x00000050,
0x00000056,
0x0000000d,
0x00000009,
0x00000092,
0x00000050,
0x00000056,
0x0000000d,
0x00000009,
0x00000092,
0x00000050,
0x00000055,
0x0000000d,
0x00000009,
0x00000092,
0x00000050,
0x00000056,
0x0000000d,
0x00000009,
0x00000092,
0x00000050,
0x00000056,
0x00000092,
0x00000050,
0x00000056,
0x0000000d,
0x00000009,
0x00000092,
0x00000050,
0x00000056,
0x0000000d,
0x00000009,
0x00000092,
0x00000050,
0x00000055,
0x0000000d,
0x00000009,
0x00000092,
0x00000050,
0x00000056,
0x0000000d,
0x00000009,
0x00000092,
0x00000050,
0x00000056,
0x00000001,
0x00000001,
0x00000001,
0x00000001,
0x00000001,
0x00000001,
0x00000001,
0x00000001,
0x00000000,
0x00000000,
0x00000000,
0x00000000,
0x00000000,
0x00000092,
0x00000040,
0x00000046,
0x00000000,
0x00000040,
0x0000000d,
0x00000009,
0x00000020,
0x00000092,
0x00000040,
0x00000046,
0x00000000,
0x00000040,
0x0000000d,
0x00000009,
0x00000020,
0x00000092,
0x00000040,
0x00000046,
0x00000000,
0x00000040,
0x00000020,
0x00000092,
0x00000040,
0x00000046,
0x00000000,
0x00000040,
0x00000020,
0x00000092,
0x00000040,
0x00000046,
0x00000000,
0x00000040,
0x0000000d,
0x00000009,
0x00000020,
0x00000092,
0x00000040,
0x00000046,
0x00000000,
0x00000040,
0x0000000d,
0x00000009,
0x00000020,
0x00000092,
0x00000040,
0x00000046,
0x00000000,
0x00000040,
0x00000020,
0x00000092,
0x00000040,
0x00000046,
0x00000000,
0x00000040,
0x00000020,
0x00000002,
0x00000002,
0x00000002,
0x00000002,
0x00000002,
0x00000002,
0x00000002,
0x00000002,
0x00000001,
0x00000001,
0x00000001,
0x00000001,
0x00000001,
0x00000001,
0x00000001,
0x00000001,
0x00000001,
0x00000001,
0x00000001,
0x00000001,
0x00000001,
0x00000001,
0x00000001,
0x00000001,
0x00000001,
0x00000001,
0x00000001,
0x00000001,
0x00000001,
0x00000001,
0x00000001,
0x00000001,
0x00000001,
0x00000001,
0x00000001,
0x00000001,
0x00000001,
0x00000001,
0x00000001,
0x00000001,
0x00000001,
0x00000001,
0x00000001,
0x00000001,
0x00000001,
0x00000001,
0x00000001,
0x00000001,
0x00000001,
0x00000001,
0x00000001,
0x00000001,
0x00000080,
0x0000000f,
0x00000024,
0x00000024,
0x00000024,
0x00000024,
0x00000024,
0x00000024,
0x00000024,
0x00000024,
0x00000024,
0x00000024,
0x00000024,
0x00000024,
0x00000024,
0x00000024,
0x00000024,
0x00000024,
0x00000000,
0x00000000,
0x00000000,
0x000000ff,
0x00000007,
0x00000000,
0x00000000,
0x00000000,
0x00000000,
0x000000ff,
0x00000007,
0x00000000,
0x00000000,
0x00000020,
0x00000020,
0x000000a0,
0x0000003d,
0x00000020,
0x00000022,
0x00000080,
0x00000022,
0x00000010,
0x00000080,
0x00000020,
0x0000002c,
0x00000034,
0x00000020,
0x00000000,
0x00000000,
0x00000000,
0x00000000,
0x00000000,
0x00000000,
0x00000000,
0x00000000,
0x00000000,
0x00000000,
0x00000000,
0x00000000,
0x00000000,
0x00000000,
0x00000000,
0x00000000,
0x00000000,
0x00000000,
0x00000000,
0x00000000,
0x00000000,
0x00000000,
0x00000000,
0x00000000,
0x00000000,
0x00000000,
0x00000000,
0x00000000,
0x00000000,
0x00000000,
0x00000000,
0x00000000,
0x00000000,
0x00000000,
0x00000000,
0x00000000,
0x00000000,
0x00000000,
0x00000000,
0x00000000,
0x00000000,
0x00000000,
0x00000000,
0x00000000,
0x00000000,
0x00000000,
0x00000000,
0x00000000,
0x00000000,
0x00000000,
0x00000000,
0x00000000,
0x00000000,
0x00000000,
0x00000000,
0x00000000,
0x00000000,
0x00000000,
0x00000000,
0x00000000,
0x00000000,
0x00000000,
0x00000000,
0x00000000,
0x00000000,
0x00000000,
0x00000000,
0x00000000,
0x00000000,
0x00000000,
0x00000000,
0x00000000,
0x00000000,
0x00000000,
0x00000000,
0x00000000,
0x00000000,
0x20231215,
0x1026e000,
0xc1088020,
0x00001010,
0x00210044,
0x00060059,
0x002b0000,
0x400103a0,
0x005d0000,
0x00000d05,
0x0034001b,
0x00710008,
0x00100004,
0x00640046,
0x001e004d,
0x14130f14,
0x0004041d,
0x050b0f10,
0x0070700c,
0x09040509,
0x02030808,
0x02020005,
0x00000302,
0x00000000,
0x00000000,
0x1a020010,
0x0a100002,
0x000000b9,
0xd1d6000f,
0x01800100,
0x038f8209,
0x00000404,
0x06000604,
0x80000000,
0xfffffffb,
0x00000000,
0x0000003f,
0x0000003f,
0x0000003f,
0x00000000,
0x0000003f,
0x0000003f,
0x0000003f,
0x00000000,
0x00000000,
0x00000040,
0x00000040,
0x00000028,
0x00000008,
0x00000040,
0x00000040,
0x00000030,
0x00000010,
0x00000040,
0x00000040,
0x00000028,
0x00000008,
0x00000040,
0x00000040,
0x00000018,
0x00000038,
0x00000000,
0x00000018,
0x00000044,
0x00000050,
0x00000008,
0x00000004,
0x00000000,
0x00000000,
0x0000000a,
0x0000000c,
0x00000013,
0x00000000,
0x00000000,
0x00000000,
0x00000000,
0x00000000,
0x00000034,
0x00000001,
0x0000001b,
0x00000002,
0x00000049,
0x00000003,
0x00000011,
0x0000000b,
0x00000046,
0x0000004a,
0x00000000,
0x00000080,
0x00000000,
0x0000000f,
0x000000d2,
0x00000001,
0x00000000,
0x0000000e,
0x00000003,
0x00000016,
0x00000000,
0x00000000,
0x00000000,
0x00000000,
0x00000002,
0x00000000,
0x00000000,
0x00000000,
0x00000000,
0x0000001c,
0x00000024,
0x00000020,
0x00000020,
0x0000001c,
0x00000020,
0x00000020,
0x0000001c,
0x00000008,
0x00000018,
0x00000018,
0x00000008,
0x00000000,
0x00000000,
0x00000000,
0x00000000,
0x00000008,
0x00000000,
0x00000004,
0x00000004,
0x00000004,
0x00000008,
0x00000000,
0x00000004,
0x00000004,
0x00000008,
0x0000000c,
0x00000008,
0x0000000c,
0x0000000c,
0x00000008,
0x00000000,
0x00000008,
0x00000000,
0x00000010,
0x00000030,
0x00000028,
0x0000002c,
0x0000001c,
0x00000024,
0x00000000,
0x0000000c,
0x00000008,
0x00000010,
0x00000028,
0x00000024,
0x00000024,
0x00000020,
0x00000028,
0x00000000,
0x00000000,
0x00000008,
0x00000010,
0x00000028,
0x00000024,
0x0000002c,
0x00000028,
0x0000001c,
0x00000000,
0x00000008,
0x00000004,
0x00000014,
0x00000028,
0x00000018,
0x0000002c,
0x00000024,
0x00000020,
0x00000008,
0x00000000,
0x00000008,
0x0000000c,
0x00000000,
0x00000004,
0x0000000c,
0x00000004,
0x00000008,
0x0000000c,
0x00000000,
0x0000000c,
0x00000018,
0x00000010,
0x00000010,
0x00000010,
0x00000010,
0x00000010,
0x00000000,
0x00000000,
0x00000000,
0x00000000,
0x00000000,
0x00000000,
0x00000000,
0x00000000,
0x00000000,
0x00000000,
0x00000000,
0x00000000,
0x00000000,
0x00000000,
0x00000000,
0x00000000,
0x00000000,
0x00000000,
0x00000000,
0x00000000,
0x00000000,
0x00000000,
0x00000000,
0x00000000,
0x00000000,
0x00000000,
0x00000000,
0x00000000,
0x00000000,
0x00000080,
0x00000007,
0x0000001b,
0x00000000,
0x00000005,
0x00000001,
0x00000022,
0x00000000,
0x0000000f,
0x00000010,
0x00000080,
0x00000008,
0x0000008f,
0x0000008f,
0x0000000f,
0x000000d0,
0x00000092,
0x00000050,
0x00000056,
0x0000000d,
0x00000009,
0x00000092,
0x00000050,
0x00000056,
0x0000000d,
0x00000009,
0x00000092,
0x00000050,
0x00000055,
0x0000000d,
0x00000009,
0x00000092,
0x00000050,
0x00000056,
0x0000000d,
0x00000009,
0x00000092,
0x00000050,
0x00000056,
0x00000092,
0x00000050,
0x00000056,
0x0000000d,
0x00000009,
0x00000092,
0x00000050,
0x00000056,
0x0000000d,
0x00000009,
0x00000092,
0x00000050,
0x00000055,
0x0000000d,
0x00000009,
0x00000092,
0x00000050,
0x00000056,
0x0000000d,
0x00000009,
0x00000092,
0x00000050,
0x00000056,
0x00000001,
0x00000001,
0x00000001,
0x00000001,
0x00000001,
0x00000001,
0x00000001,
0x00000001,
0x00000000,
0x00000000,
0x00000000,
0x00000000,
0x00000000,
0x00000092,
0x00000040,
0x00000046,
0x00000000,
0x00000040,
0x0000000d,
0x00000009,
0x00000020,
0x00000092,
0x00000040,
0x00000046,
0x00000000,
0x00000040,
0x0000000d,
0x00000009,
0x00000020,
0x00000092,
0x00000040,
0x00000046,
0x00000000,
0x00000040,
0x00000020,
0x00000092,
0x00000040,
0x00000046,
0x00000000,
0x00000040,
0x00000020,
0x00000092,
0x00000040,
0x00000046,
0x00000000,
0x00000040,
0x0000000d,
0x00000009,
0x00000020,
0x00000092,
0x00000040,
0x00000046,
0x00000000,
0x00000040,
0x0000000d,
0x00000009,
0x00000020,
0x00000092,
0x00000040,
0x00000046,
0x00000000,
0x00000040,
0x00000020,
0x00000092,
0x00000040,
0x00000046,
0x00000000,
0x00000040,
0x00000020,
0x00000002,
0x00000002,
0x00000002,
0x00000002,
0x00000002,
0x00000002,
0x00000002,
0x00000002,
0x00000001,
0x00000001,
0x00000001,
0x00000001,
0x00000001,
0x00000001,
0x00000001,
0x00000001,
0x00000001,
0x00000001,
0x00000001,
0x00000001,
0x00000001,
0x00000001,
0x00000001,
0x00000001,
0x00000001,
0x00000001,
0x00000001,
0x00000001,
0x00000001,
0x00000001,
0x00000001,
0x00000001,
0x00000001,
0x00000001,
0x00000001,
0x00000001,
0x00000001,
0x00000001,
0x00000001,
0x00000001,
0x00000001,
0x00000001,
0x00000001,
0x00000001,
0x00000001,
0x00000001,
0x00000001,
0x00000001,
0x00000001,
0x00000001,
0x00000001,
0x00000001,
0x00000080,
0x0000000f,
0x00000024,
0x00000024,
0x00000024,
0x00000024,
0x00000024,
0x00000024,
0x00000024,
0x00000024,
0x00000024,
0x00000024,
0x00000024,
0x00000024,
0x00000024,
0x00000024,
0x00000024,
0x00000024,
0x00000000,
0x00000000,
0x00000000,
0x000000ff,
0x00000007,
0x00000000,
0x00000000,
0x00000000,
0x00000000,
0x000000ff,
0x00000007,
0x00000000,
0x00000000,
0x00000020,
0x00000020,
0x000000a0,
0x0000003d,
0x00000020,
0x00000022,
0x00000080,
0x00000022,
0x00000010,
0x00000080,
0x00000020,
0x0000002c,
0x0000002c,
0x00000020,
0x00000000,
0x00000000,
0x00000000,
0x00000000,
0x00000000,
0x00000000,
0x00000000,
0x00000000,
0x00000000,
0x00000000,
0x00000000,
0x00000000,
0x00000000,
0x00000000,
0x00000000,
0x00000000,
0x00000000,
0x00000000,
0x00000000,
0x00000000,
0x00000000,
0x00000000,
0x00000000,
0x00000000,
0x00000000,
0x00000000,
0x00000000,
0x00000000,
0x00000000,
0x00000000,
0x00000000,
0x00000000,
0x00000000,
0x00000000,
0x00000000,
0x00000000,
0x00000000,
0x00000000,
0x00000000,
0x00000000,
0x00000000,
0x00000000,
0x00000000,
0x00000000,
0x00000000,
0x00000000,
0x00000000,
0x00000000,
0x00000000,
0x00000000,
0x00000000,
0x00000000,
0x00000000,
0x00000000,
0x00000000,
0x00000000,
0x00000000,
0x00000000,
0x00000000,
0x00000000,
0x00000000,
0x00000000,
0x00000000,
0x00000000,
0x00000000,
0x00000000,
0x00000000,
0x00000000,
0x00000000,
0x00000000,
0x00000000,
0x00000000,
0x00000000,
0x00000000,
0x00000000,
0x00000000,
0x00000000,
0x10221207,
0x0026e000,
0xc1088020,
0x00001010,
0x00210044,
0x00060059,
0x002b0000,
0x400103a0,
0x005d0000,
0x00000d05,
0x0034001b,
0x00710008,
0x00100004,
0x00640046,
0x001e004d,
0x14130f14,
0x0004041d,
0x050b0f10,
0x0070700c,
0x09040509,
0x02030808,
0x02020005,
0x00000302,
0x00000000,
0x00000000,
0x1a020010,
0x0a100002,
0x000000b9,
0xd1d6000f,
0x01800100,
0x038f8209,
0x00000404,
0x06000604,
0x80000000,
0x00000000,
0x00000000,
0x00000034,
0x00000034,
0x00000000,
0x00000000,
0x00000034,
0x00000034,
0x00000000,
0x00000000,
0x00000000,
0x00000040,
0x00000040,
0x00000028,
0x00000008,
0x00000040,
0x00000040,
0x00000030,
0x00000010,
0x00000040,
0x00000040,
0x00000028,
0x00000008,
0x00000040,
0x00000040,
0x00000018,
0x00000038,
0x00000000,
0x00000018,
0x00000044,
0x00000050,
0x00000008,
0x00000004,
0x00000000,
0x00000000,
0x0000000a,
0x0000000c,
0x00000013,
0x00000000,
0x00000000,
0x00000000,
0x00000000,
0x00000000,
0x00000034,
0x00000001,
0x0000001b,
0x00000002,
0x00000071,
0x00000003,
0x00000064,
0x0000000b,
0x0000004e,
0x00000042,
0x00000000,
0x00000080,
0x00000000,
0x0000000f,
0x000000d2,
0x00000001,
0x00000000,
0x0000000e,
0x0000001e,
0x00000016,
0x00000000,
0x00000000,
0x00000000,
0x00000000,
0x00000002,
0x00000000,
0x00000000,
0x00000000,
0x00000000,
0x0000001c,
0x00000024,
0x00000024,
0x0000001c,
0x0000001c,
0x00000024,
0x00000020,
0x0000001c,
0x00000038,
0x00000010,
0x00000010,
0x00000000,
0x00000000,
0x00000000,
0x00000000,
0x00000000,
0x00000000,
0x00000000,
0x00000000,
0x00000000,
0x00000000,
0x00000000,
0x00000000,
0x00000000,
0x00000000,
0x00000000,
0x00000000,
0x00000000,
0x00000000,
0x00000000,
0x00000000,
0x00000000,
0x00000000,
0x00000000,
0x00000000,
0x00000000,
0x00000000,
0x00000000,
0x00000000,
0x00000000,
0x00000000,
0x00000000,
0x00000000,
0x00000000,
0x00000000,
0x00000000,
0x00000000,
0x00000000,
0x00000000,
0x00000000,
0x00000000,
0x00000000,
0x00000000,
0x00000000,
0x00000000,
0x00000000,
0x00000000,
0x00000000,
0x00000000,
0x00000000,
0x00000000,
0x00000000,
0x00000000,
0x00000000,
0x00000000,
0x00000000,
0x00000000,
0x00000000,
0x00000000,
0x00000000,
0x00000000,
0x00000000,
0x00000000,
0x00000000,
0x00000000,
0x00000000,
0x00000000,
0x00000000,
0x00000000,
0x00000000,
0x00000000,
0x00000000,
0x00000000,
0x00000000,
0x00000000,
0x00000000,
0x00000000,
0x00000000,
0x00000000,
0x00000000,
0x00000000,
0x00000000,
0x00000000,
0x00000000,
0x00000000,
0x00000000,
0x00000000,
0x00000000,
0x00000000,
0x00000000,
0x00000000,
0x00000000,
0x00000000,
0x00000000,
0x00000000,
0x00000000,
0x00000000,
0x00000000,
0x00000000,
0x00000000,
0x00000000,
0x00000000,
0x00000000,
0x00000000,
0x00000080,
0x00000007,
0x0000001b,
0x00000000,
0x00000005,
0x00000001,
0x00000022,
0x00000000,
0x0000000f,
0x00000010,
0x00000080,
0x00000008,
0x0000008f,
0x0000008f,
0x0000000f,
0x000000d0,
0x00000092,
0x0000000b,
0x000000b5,
0x0000000d,
0x00000009,
0x00000092,
0x0000000b,
0x000000b5,
0x0000000d,
0x00000009,
0x00000092,
0x0000000b,
0x000000b5,
0x0000000d,
0x00000009,
0x00000092,
0x0000000b,
0x000000b5,
0x0000000d,
0x00000009,
0x00000092,
0x0000000b,
0x000000b5,
0x00000092,
0x0000000b,
0x000000b5,
0x0000000d,
0x00000009,
0x00000092,
0x0000000b,
0x000000b5,
0x0000000d,
0x00000009,
0x00000092,
0x0000000b,
0x000000b5,
0x0000000d,
0x00000009,
0x00000092,
0x0000000b,
0x000000b5,
0x0000000d,
0x00000009,
0x00000092,
0x0000000b,
0x000000b5,
0x00000001,
0x00000001,
0x00000001,
0x00000001,
0x00000001,
0x00000001,
0x00000001,
0x00000001,
0x00000000,
0x00000000,
0x00000000,
0x00000000,
0x00000000,
0x00000092,
0x0000000d,
0x000000d5,
0x00000000,
0x00000080,
0x0000000d,
0x00000009,
0x00000020,
0x00000092,
0x0000000d,
0x000000d5,
0x00000000,
0x00000080,
0x0000000d,
0x00000009,
0x00000020,
0x00000092,
0x0000000d,
0x000000d5,
0x00000000,
0x00000080,
0x00000020,
0x00000092,
0x0000000d,
0x000000d5,
0x00000000,
0x00000080,
0x00000020,
0x00000092,
0x0000000d,
0x000000d5,
0x00000000,
0x00000080,
0x0000000d,
0x00000009,
0x00000020,
0x00000092,
0x0000000d,
0x000000d5,
0x00000000,
0x00000080,
0x0000000d,
0x00000009,
0x00000020,
0x00000092,
0x0000000d,
0x000000d5,
0x00000000,
0x00000080,
0x00000020,
0x00000092,
0x0000000d,
0x000000d5,
0x00000000,
0x00000080,
0x00000020,
0x00000001,
0x00000002,
0x00000002,
0x00000002,
0x00000001,
0x00000002,
0x00000002,
0x00000002,
0x00000001,
0x00000001,
0x00000001,
0x00000001,
0x00000001,
0x00000001,
0x00000001,
0x00000001,
0x00000001,
0x00000001,
0x00000001,
0x00000001,
0x00000001,
0x00000001,
0x00000001,
0x00000001,
0x00000001,
0x00000001,
0x00000001,
0x00000001,
0x00000001,
0x00000001,
0x00000001,
0x00000001,
0x00000001,
0x00000001,
0x00000001,
0x00000001,
0x00000001,
0x00000001,
0x00000001,
0x00000001,
0x00000001,
0x00000001,
0x00000001,
0x00000001,
0x00000001,
0x00000001,
0x00000001,
0x00000001,
0x00000001,
0x00000001,
0x00000001,
0x00000001,
0x00000080,
0x0000000f,
0x00000024,
0x00000024,
0x00000024,
0x00000024,
0x00000024,
0x00000024,
0x00000024,
0x00000024,
0x00000024,
0x00000024,
0x00000024,
0x00000024,
0x00000024,
0x00000024,
0x00000024,
0x00000024,
0x00000000,
0x00000000,
0x00000000,
0x000000ff,
0x00000007,
0x00000000,
0x00000000,
0x00000000,
0x00000000,
0x000000ff,
0x00000007,
0x00000000,
0x00000000,
0x00000020,
0x00000002,
0x00000022,
0x0000004c,
0x00000020,
0x00000022,
0x00000080,
0x00000022,
0x00000010,
0x00000080,
0x0000000c,
0x0000001c,
0x00000024,
0x00000014,
0x00000000,
0x00000000,
0x00000000,
0x00000000,
0x00000000,
0x00000000,
0x00000000,
0x00000000,
0x00000000,
0x00000000,
0x00000000,
0x00000000,
0x00000000,
0x00000000,
0x00000000,
0x00000000,
0x00000000,
0x00000000,
0x00000000,
0x00000000,
0x00000000,
0x00000000,
0x00000000,
0x00000000,
0x00000000,
0x00000000,
0x00000000,
0x00000000,
0x00000000,
0x00000000,
0x00000000,
0x00000000,
0x00000000,
0x00000000,
0x00000000,
0x00000000,
0x00000000,
0x00000000,
0x00000000,
0x00000000,
0x00000000,
0x00000000,
0x00000000,
0x00000000,
0x00000000,
0x00000000,
0x00000000,
0x00000000,
0x00000000,
0x00000000,
0x00000000,
0x00000000,
0x00000000,
0x00000000,
0x00000000,
0x00000000,
0x00000000,
0x00000000,
0x00000000,
0x00000000,
0x00000000,
0x00000000,
0x00000000,
0x00000000,
0x00000000,
0x00000000,
0x00000000,
0x00000000,
0x00000000,
0x00000000,
0x00000000,
0x00000000,
0x00000000,
0x00000000,
0x00000000,
0x00000000,
0x00000000,
0x20221207,
0x1026e000,
0xc1088020,
0x00001010,
0x00210044,
0x00060059,
0x002b0000,
0x400103a0,
0x005d0000,
0x00000d05,
0x0034001b,
0x00710008,
0x00100004,
0x00640046,
0x001e004d,
0x14130f14,
0x0004041d,
0x050b0f10,
0x0070700c,
0x09040509,
0x02030808,
0x02020005,
0x00000302,
0x00000000,
0x00000000,
0x1a020010,
0x0a100002,
0x000000b9,
0xd1d6000f,
0x01800100,
0x038f8209,
0x00000404,
0x06000604,
0x80000000,
0xfffffffb,
0x00000000,
0x0000003f,
0x0000003f,
0x0000003f,
0x00000000,
0x0000003f,
0x0000003f,
0x0000003f,
0x00000000,
0x00000000,
0x00000040,
0x00000040,
0x00000028,
0x00000008,
0x00000040,
0x00000040,
0x00000030,
0x00000010,
0x00000040,
0x00000040,
0x00000028,
0x00000008,
0x00000040,
0x00000040,
0x00000018,
0x00000038,
0x00000000,
0x00000018,
0x00000044,
0x00000050,
0x00000008,
0x00000004,
0x00000000,
0x00000000,
0x0000000a,
0x0000000c,
0x00000013,
0x00000000,
0x00000000,
0x00000000,
0x00000000,
0x00000000,
0x00000034,
0x00000001,
0x0000001b,
0x00000002,
0x00000049,
0x00000003,
0x00000011,
0x0000000b,
0x0000005e,
0x00000056,
0x00000000,
0x00000080,
0x00000000,
0x0000000f,
0x000000d2,
0x00000001,
0x00000000,
0x0000000e,
0x0000001a,
0x00000016,
0x00000000,
0x00000000,
0x00000000,
0x00000000,
0x00000002,
0x00000000,
0x00000000,
0x00000000,
0x00000000,
0x0000001c,
0x00000024,
0x00000020,
0x00000020,
0x0000001c,
0x00000020,
0x00000020,
0x0000001c,
0x00000008,
0x00000018,
0x00000018,
0x00000008,
0x00000000,
0x00000000,
0x00000000,
0x00000000,
0x00000008,
0x00000000,
0x00000004,
0x00000004,
0x00000004,
0x00000008,
0x00000000,
0x00000004,
0x00000004,
0x00000008,
0x0000000c,
0x00000008,
0x0000000c,
0x0000000c,
0x00000008,
0x00000000,
0x00000008,
0x00000000,
0x00000010,
0x00000030,
0x00000028,
0x0000002c,
0x0000001c,
0x00000024,
0x00000000,
0x0000000c,
0x00000008,
0x00000010,
0x00000028,
0x00000024,
0x0000002c,
0x00000020,
0x00000028,
0x00000000,
0x00000000,
0x00000008,
0x00000010,
0x00000028,
0x00000024,
0x0000002c,
0x00000028,
0x0000001c,
0x00000000,
0x00000008,
0x00000004,
0x00000014,
0x00000028,
0x00000018,
0x0000002c,
0x00000024,
0x00000020,
0x00000008,
0x00000000,
0x00000008,
0x0000000c,
0x00000000,
0x00000004,
0x0000000c,
0x00000004,
0x00000008,
0x0000000c,
0x00000000,
0x0000000c,
0x00000018,
0x00000010,
0x00000010,
0x00000010,
0x00000010,
0x00000010,
0x00000000,
0x00000000,
0x00000000,
0x00000000,
0x00000000,
0x00000000,
0x00000000,
0x00000000,
0x00000000,
0x00000000,
0x00000000,
0x00000000,
0x00000000,
0x00000000,
0x00000000,
0x00000000,
0x00000000,
0x00000000,
0x00000000,
0x00000000,
0x00000000,
0x00000000,
0x00000000,
0x00000000,
0x00000000,
0x00000000,
0x00000000,
0x00000000,
0x00000000,
0x00000080,
0x00000007,
0x0000001b,
0x00000000,
0x00000005,
0x00000001,
0x00000022,
0x00000000,
0x0000000f,
0x00000010,
0x00000080,
0x00000008,
0x0000008f,
0x0000008f,
0x0000000f,
0x000000d0,
0x00000092,
0x00000007,
0x00000075,
0x0000000d,
0x00000009,
0x00000092,
0x00000007,
0x00000075,
0x0000000d,
0x00000009,
0x00000092,
0x00000007,
0x00000075,
0x0000000d,
0x00000009,
0x00000092,
0x00000007,
0x00000075,
0x0000000d,
0x00000009,
0x00000092,
0x00000007,
0x00000075,
0x00000092,
0x00000007,
0x00000075,
0x0000000d,
0x00000009,
0x00000092,
0x00000007,
0x00000075,
0x0000000d,
0x00000009,
0x00000092,
0x00000007,
0x00000075,
0x0000000d,
0x00000009,
0x00000092,
0x00000007,
0x00000075,
0x0000000d,
0x00000009,
0x00000092,
0x00000007,
0x00000075,
0x00000001,
0x00000001,
0x00000001,
0x00000001,
0x00000001,
0x00000001,
0x00000001,
0x00000001,
0x00000000,
0x00000000,
0x00000000,
0x00000000,
0x00000000,
0x00000092,
0x00000004,
0x00000045,
0x00000000,
0x00000040,
0x0000000d,
0x00000009,
0x00000020,
0x00000092,
0x00000004,
0x00000045,
0x00000000,
0x00000040,
0x0000000d,
0x00000009,
0x00000020,
0x00000092,
0x00000004,
0x00000045,
0x00000000,
0x00000040,
0x00000020,
0x00000092,
0x00000004,
0x00000045,
0x00000000,
0x00000040,
0x00000020,
0x00000092,
0x00000004,
0x00000045,
0x00000000,
0x00000040,
0x0000000d,
0x00000009,
0x00000020,
0x00000092,
0x00000004,
0x00000045,
0x00000000,
0x00000040,
0x0000000d,
0x00000009,
0x00000020,
0x00000092,
0x00000004,
0x00000045,
0x00000000,
0x00000040,
0x00000020,
0x00000092,
0x00000004,
0x00000045,
0x00000000,
0x00000040,
0x00000020,
0x00000002,
0x00000002,
0x00000002,
0x00000002,
0x00000002,
0x00000002,
0x00000002,
0x00000002,
0x00000001,
0x00000001,
0x00000001,
0x00000001,
0x00000001,
0x00000001,
0x00000001,
0x00000001,
0x00000001,
0x00000001,
0x00000001,
0x00000001,
0x00000001,
0x00000001,
0x00000001,
0x00000001,
0x00000001,
0x00000001,
0x00000001,
0x00000001,
0x00000001,
0x00000001,
0x00000001,
0x00000001,
0x00000001,
0x00000001,
0x00000001,
0x00000001,
0x00000001,
0x00000001,
0x00000001,
0x00000001,
0x00000001,
0x00000001,
0x00000001,
0x00000001,
0x00000001,
0x00000001,
0x00000001,
0x00000001,
0x00000001,
0x00000001,
0x00000001,
0x00000001,
0x00000080,
0x0000000f,
0x0000002c,
0x0000002c,
0x0000002c,
0x0000002c,
0x0000002c,
0x0000002c,
0x0000002c,
0x0000002c,
0x0000002c,
0x0000002c,
0x0000002c,
0x0000002c,
0x0000002c,
0x0000002c,
0x0000002c,
0x0000002c,
0x00000000,
0x00000000,
0x00000000,
0x000000ff,
0x00000007,
0x00000000,
0x00000000,
0x00000000,
0x00000000,
0x000000ff,
0x00000007,
0x00000000,
0x00000000,
0x00000020,
0x00000002,
0x00000022,
0x0000004c,
0x00000020,
0x00000022,
0x00000080,
0x00000022,
0x00000010,
0x00000080,
0x00000020,
0x0000002c,
0x0000002c,
0x00000020,
0x00000000,
0x00000000,
0x00000000,
0x00000000,
0x00000000,
0x00000000,
0x00000000,
0x00000000,
0x00000000,
0x00000000,
0x00000000,
0x00000000,
0x00000000,
0x00000000,
0x00000000,
0x00000000,
0x00000000,
0x00000000,
0x00000000,
0x00000000,
0x00000000,
0x00000000,
0x00000000,
0x00000000,
0x00000000,
0x00000000,
0x00000000,
0x00000000,
0x00000000,
0x00000000,
0x00000000,
0x00000000,
0x00000000,
0x00000000,
0x00000000,
0x00000000,
0x00000000,
0x00000000,
0x00000000,
0x00000000,
0x00000000,
0x00000000,
0x00000000,
0x00000000,
0x00000000,
0x00000000,
0x00000000,
0x00000000,
0x00000000,
0x00000000,
0x00000000,
0x00000000,
0x00000000,
0x00000000,
0x00000000,
0x00000000,
0x00000000,
0x00000000,
0x00000000,
0x00000000,
0x00000000,
0x00000000,
0x00000000,
0x00000000,
0x00000000,
0x00000000,
0x00000000,
0x00000000,
0x00000000,
0x00000000,
0x00000000,
0x00000000,
0x00000000,
0x00000000,
0x00000000,
0x00000000,
0x00000000,
0x40221003,
0x0042aaaa,
0xc1088020,
0x00001010,
0x00210044,
0x000c0098,
0x00480000,
0x4002061b,
0x00b4000e,
0x00009505,
0x0054002d,
0x00710008,
0x00040009,
0x00640046,
0x001e004d,
0x1b201a22,
0x00060630,
0x07101415,
0x00c0c00c,
0x0f04080f,
0x02040c0c,
0x02020007,
0x00000402,
0x00000000,
0x00000000,
0x1a020010,
0x0c100002,
0x00000136,
0xd3200018,
0x02800100,
0x0392820d,
0x00000404,
0x06000604,
0x80000000,
0x00000000,
0x00000000,
0x00000034,
0x00000034,
0x00000034,
0x00000000,
0x00000034,
0x00000034,
0x00000034,
0x00000000,
0x00000000,
0x00000040,
0x00000040,
0x00000028,
0x00000008,
0x00000040,
0x00000040,
0x00000030,
0x00000010,
0x00000040,
0x00000040,
0x00000028,
0x00000008,
0x00000040,
0x00000040,
0x00000018,
0x00000038,
0x00000000,
0x00000018,
0x00000044,
0x00000050,
0x00000008,
0x00000006,
0x00000000,
0x00000000,
0x0000000e,
0x00000016,
0x0000001d,
0x00000000,
0x00000000,
0x00000000,
0x00000000,
0x00000000,
0x00000054,
0x00000001,
0x0000002d,
0x00000002,
0x00000071,
0x00000003,
0x00000024,
0x0000000b,
0x0000000c,
0x0000001c,
0x00000000,
0x00000080,
0x00000000,
0x00000014,
0x00000020,
0x00000003,
0x00000000,
0x00000018,
0x00000006,
0x00000016,
0x00000000,
0x00000000,
0x00000000,
0x00000000,
0x00000002,
0x00000000,
0x00000000,
0x00000000,
0x00000000,
0x0000001c,
0x00000020,
0x00000020,
0x00000020,
0x0000001c,
0x00000020,
0x00000020,
0x0000001c,
0x00000008,
0x00000018,
0x00000020,
0x00000008,
0x00000000,
0x00000000,
0x00000000,
0x00000000,
0x00000000,
0x00000000,
0x00000000,
0x00000000,
0x00000000,
0x00000000,
0x00000000,
0x00000000,
0x00000000,
0x00000000,
0x00000000,
0x00000000,
0x00000000,
0x00000000,
0x00000000,
0x00000000,
0x00000000,
0x00000000,
0x00000000,
0x00000000,
0x00000000,
0x00000000,
0x00000000,
0x00000000,
0x00000000,
0x00000000,
0x00000000,
0x00000000,
0x00000000,
0x00000000,
0x00000000,
0x00000000,
0x00000000,
0x00000000,
0x00000000,
0x00000000,
0x00000000,
0x00000000,
0x00000000,
0x00000000,
0x00000000,
0x00000000,
0x00000000,
0x00000000,
0x00000000,
0x00000000,
0x00000000,
0x00000000,
0x00000000,
0x00000000,
0x00000000,
0x00000000,
0x00000000,
0x00000000,
0x00000000,
0x00000000,
0x00000000,
0x00000000,
0x00000000,
0x00000000,
0x00000000,
0x00000000,
0x00000000,
0x00000000,
0x00000000,
0x00000000,
0x00000000,
0x00000000,
0x00000000,
0x00000000,
0x00000000,
0x00000000,
0x00000000,
0x00000000,
0x00000000,
0x00000000,
0x00000000,
0x00000000,
0x00000000,
0x00000000,
0x00000000,
0x00000000,
0x00000000,
0x00000000,
0x00000000,
0x00000000,
0x00000000,
0x00000000,
0x00000000,
0x00000000,
0x00000000,
0x00000000,
0x00000000,
0x00000000,
0x00000000,
0x00000000,
0x00000000,
0x00000000,
0x00000080,
0x0000000c,
0x0000001b,
0x00000000,
0x00000005,
0x00000001,
0x00000022,
0x00000000,
0x0000000f,
0x00000010,
0x00000080,
0x00000008,
0x00000097,
0x00000097,
0x0000000f,
0x000000d0,
0x00000092,
0x000000b0,
0x000000b6,
0x0000000d,
0x00000009,
0x00000092,
0x000000b0,
0x000000b6,
0x0000000d,
0x00000009,
0x00000092,
0x0000000b,
0x000000b5,
0x0000000d,
0x00000009,
0x00000092,
0x000000b0,
0x000000b6,
0x0000000d,
0x00000009,
0x00000092,
0x000000b0,
0x000000b6,
0x00000092,
0x000000b0,
0x000000b6,
0x0000000d,
0x00000009,
0x00000092,
0x000000b0,
0x000000b6,
0x0000000d,
0x00000009,
0x00000092,
0x0000000b,
0x000000b5,
0x0000000d,
0x00000009,
0x00000092,
0x000000b0,
0x000000b6,
0x0000000d,
0x00000009,
0x00000092,
0x000000b0,
0x000000b6,
0x00000001,
0x00000001,
0x00000001,
0x00000001,
0x00000001,
0x00000001,
0x00000001,
0x00000001,
0x00000000,
0x00000000,
0x00000000,
0x00000000,
0x00000000,
0x00000092,
0x000000b0,
0x000000b6,
0x00000000,
0x00000080,
0x0000000d,
0x00000009,
0x00000020,
0x00000092,
0x000000b0,
0x000000b6,
0x00000000,
0x00000080,
0x0000000d,
0x00000009,
0x00000020,
0x00000092,
0x000000b0,
0x000000b6,
0x00000000,
0x00000080,
0x00000020,
0x00000092,
0x000000b0,
0x000000b6,
0x00000000,
0x00000080,
0x00000020,
0x00000092,
0x000000b0,
0x000000b6,
0x00000000,
0x00000080,
0x0000000d,
0x00000009,
0x00000020,
0x00000092,
0x000000b0,
0x000000b6,
0x00000000,
0x00000080,
0x0000000d,
0x00000009,
0x00000020,
0x00000092,
0x000000b0,
0x000000b6,
0x00000000,
0x00000080,
0x00000020,
0x00000092,
0x000000b0,
0x000000b6,
0x00000000,
0x00000080,
0x00000020,
0x00000002,
0x00000002,
0x00000002,
0x00000002,
0x00000002,
0x00000002,
0x00000002,
0x00000002,
0x00000001,
0x00000001,
0x00000001,
0x00000001,
0x00000001,
0x00000001,
0x00000001,
0x00000001,
0x00000001,
0x00000001,
0x00000001,
0x00000001,
0x00000001,
0x00000001,
0x00000001,
0x00000001,
0x00000001,
0x00000001,
0x00000001,
0x00000001,
0x00000001,
0x00000001,
0x00000001,
0x00000001,
0x00000001,
0x00000001,
0x00000001,
0x00000001,
0x00000001,
0x00000001,
0x00000001,
0x00000001,
0x00000001,
0x00000001,
0x00000001,
0x00000001,
0x00000001,
0x00000001,
0x00000001,
0x00000001,
0x00000001,
0x00000001,
0x00000001,
0x00000001,
0x00000080,
0x0000000f,
0x0000001c,
0x0000001c,
0x0000001c,
0x0000001c,
0x0000001c,
0x0000001c,
0x0000001c,
0x0000001c,
0x0000001c,
0x0000001c,
0x0000001c,
0x0000001c,
0x0000001c,
0x0000001c,
0x0000001c,
0x0000001c,
0x00000000,
0x00000000,
0x00000000,
0x000000ff,
0x00000007,
0x00000000,
0x00000000,
0x00000000,
0x00000000,
0x000000ff,
0x00000007,
0x00000000,
0x00000000,
0x00000020,
0x00000020,
0x000000a0,
0x0000003d,
0x00000020,
0x00000022,
0x00000080,
0x00000022,
0x00000010,
0x00000080,
0x00000020,
0x0000002c,
0x00000034,
0x00000020,
0x00000000,
0x00000000,
0x00000000,
0x00000000,
0x00000000,
0x00000000,
0x00000000,
0x00000000,
0x00000000,
0x00000000,
0x00000000,
0x00000000,
0x00000000,
0x00000000,
0x00000000,
0x00000000,
0x00000000,
0x00000000,
0x00000000,
0x00000000,
0x00000000,
0x00000000,
0x00000000,
0x00000000,
0x00000000,
0x00000000,
0x00000000,
0x00000000,
0x00000000,
0x00000000,
0x00000000,
0x00000000,
0x00000000,
0x00000000,
0x00000000,
0x00000000,
0x00000000,
0x00000000,
0x00000000,
0x00000000,
0x00000000,
0x00000000,
0x00000000,
0x00000000,
0x00000000,
0x00000000,
0x00000000,
0x00000000,
0x00000000,
0x00000000,
0x00000000,
0x00000000,
0x00000000,
0x00000000,
0x00000000,
0x00000000,
0x00000000,
0x00000000,
0x00000000,
0x00000000,
0x00000000,
0x00000000,
0x00000000,
0x00000000,
0x00000000,
0x00000000,
0x00000000,
0x00000000,
0x00000000,
0x00000000,
0x00000000,
0x00000000,
0x00000000,
0x00000000,
0x00000000,
0x00000000,
0x00000000,
0x60231215,
0x1042aaaa,
0xc1088020,
0x00001010,
0x00210044,
0x000c0098,
0x00480000,
0x4002061b,
0x00b4000e,
0x00009505,
0x0054002d,
0x00710008,
0x00040009,
0x00640046,
0x001e004d,
0x1b201a22,
0x00060630,
0x07101415,
0x00c0c00c,
0x0f04080f,
0x02040c0c,
0x02020007,
0x00000402,
0x00000000,
0x00000000,
0x1a020010,
0x0c100002,
0x00000136,
0xd3200018,
0x02800100,
0x0394820d,
0x00000404,
0x06000604,
0x80000000,
0xfffffffb,
0x00000000,
0x0000003f,
0x0000003f,
0x0000003f,
0x00000000,
0x0000003f,
0x0000003f,
0x0000003f,
0x00000000,
0x00000000,
0x00000040,
0x00000040,
0x00000028,
0x00000008,
0x00000040,
0x00000040,
0x00000030,
0x00000010,
0x00000040,
0x00000040,
0x00000028,
0x00000008,
0x00000040,
0x00000040,
0x00000018,
0x00000038,
0x00000000,
0x00000018,
0x00000044,
0x00000050,
0x00000008,
0x00000006,
0x00000000,
0x00000000,
0x0000000e,
0x00000020,
0x0000001d,
0x00000000,
0x00000000,
0x00000000,
0x00000000,
0x00000000,
0x00000054,
0x00000001,
0x0000002d,
0x00000002,
0x00000071,
0x00000003,
0x00000024,
0x0000000b,
0x0000000c,
0x0000001c,
0x00000000,
0x00000080,
0x00000000,
0x00000014,
0x00000020,
0x00000003,
0x00000000,
0x00000018,
0x00000006,
0x00000016,
0x00000000,
0x00000000,
0x00000000,
0x00000000,
0x00000002,
0x00000000,
0x00000000,
0x00000000,
0x00000000,
0x0000001c,
0x00000020,
0x00000020,
0x00000020,
0x0000001c,
0x00000020,
0x00000020,
0x0000001c,
0x00000008,
0x00000018,
0x00000020,
0x00000008,
0x00000000,
0x00000000,
0x00000000,
0x00000000,
0x00000008,
0x00000000,
0x00000004,
0x00000004,
0x00000004,
0x00000008,
0x00000000,
0x00000004,
0x00000004,
0x00000008,
0x0000000c,
0x00000008,
0x0000000c,
0x0000000c,
0x00000008,
0x00000000,
0x00000008,
0x00000000,
0x00000010,
0x00000030,
0x00000028,
0x0000002c,
0x0000001c,
0x00000024,
0x00000000,
0x0000000c,
0x00000008,
0x00000010,
0x00000028,
0x00000024,
0x0000002c,
0x00000020,
0x00000028,
0x00000000,
0x00000000,
0x00000008,
0x00000010,
0x00000028,
0x00000024,
0x0000002c,
0x00000028,
0x0000001c,
0x00000000,
0x00000008,
0x00000004,
0x00000014,
0x00000028,
0x00000018,
0x0000002c,
0x00000024,
0x00000020,
0x00000008,
0x00000000,
0x00000008,
0x0000000c,
0x00000000,
0x00000004,
0x0000000c,
0x00000004,
0x00000008,
0x0000000c,
0x00000000,
0x0000000c,
0x00000018,
0x00000010,
0x00000010,
0x00000010,
0x00000010,
0x00000010,
0x00000000,
0x00000000,
0x00000000,
0x00000000,
0x00000000,
0x00000000,
0x00000000,
0x00000000,
0x00000000,
0x00000000,
0x00000000,
0x00000000,
0x00000000,
0x00000000,
0x00000000,
0x00000000,
0x00000000,
0x00000000,
0x00000000,
0x00000000,
0x00000000,
0x00000000,
0x00000000,
0x00000000,
0x00000000,
0x00000000,
0x00000000,
0x00000000,
0x00000000,
0x00000080,
0x0000000c,
0x0000001b,
0x00000000,
0x00000005,
0x00000001,
0x00000022,
0x00000000,
0x0000000f,
0x00000010,
0x00000080,
0x00000008,
0x00000094,
0x00000094,
0x0000000f,
0x000000d0,
0x00000092,
0x000000b0,
0x000000b6,
0x0000000d,
0x00000009,
0x00000092,
0x000000b0,
0x000000b6,
0x0000000d,
0x00000009,
0x00000092,
0x0000000b,
0x000000b5,
0x0000000d,
0x00000009,
0x00000092,
0x000000b0,
0x000000b6,
0x0000000d,
0x00000009,
0x00000092,
0x000000b0,
0x000000b6,
0x00000092,
0x000000b0,
0x000000b6,
0x0000000d,
0x00000009,
0x00000092,
0x000000b0,
0x000000b6,
0x0000000d,
0x00000009,
0x00000092,
0x0000000b,
0x000000b5,
0x0000000d,
0x00000009,
0x00000092,
0x000000b0,
0x000000b6,
0x0000000d,
0x00000009,
0x00000092,
0x000000b0,
0x000000b6,
0x00000001,
0x00000001,
0x00000001,
0x00000001,
0x00000001,
0x00000001,
0x00000001,
0x00000001,
0x00000000,
0x00000000,
0x00000000,
0x00000000,
0x00000000,
0x00000092,
0x000000b0,
0x000000b6,
0x00000000,
0x00000080,
0x0000000d,
0x00000009,
0x00000020,
0x00000092,
0x000000b0,
0x000000b6,
0x00000000,
0x00000080,
0x0000000d,
0x00000009,
0x00000020,
0x00000092,
0x000000b0,
0x000000b6,
0x00000000,
0x00000080,
0x00000020,
0x00000092,
0x000000b0,
0x000000b6,
0x00000000,
0x00000080,
0x00000020,
0x00000092,
0x000000b0,
0x000000b6,
0x00000000,
0x00000080,
0x0000000d,
0x00000009,
0x00000020,
0x00000092,
0x000000b0,
0x000000b6,
0x00000000,
0x00000080,
0x0000000d,
0x00000009,
0x00000020,
0x00000092,
0x000000b0,
0x000000b6,
0x00000000,
0x00000080,
0x00000020,
0x00000092,
0x000000b0,
0x000000b6,
0x00000000,
0x00000080,
0x00000020,
0x00000002,
0x00000002,
0x00000002,
0x00000002,
0x00000002,
0x00000002,
0x00000002,
0x00000002,
0x00000001,
0x00000001,
0x00000001,
0x00000001,
0x00000001,
0x00000001,
0x00000001,
0x00000001,
0x00000001,
0x00000001,
0x00000001,
0x00000001,
0x00000001,
0x00000001,
0x00000001,
0x00000001,
0x00000001,
0x00000001,
0x00000001,
0x00000001,
0x00000001,
0x00000001,
0x00000001,
0x00000001,
0x00000001,
0x00000001,
0x00000001,
0x00000001,
0x00000001,
0x00000001,
0x00000001,
0x00000001,
0x00000001,
0x00000001,
0x00000001,
0x00000001,
0x00000001,
0x00000001,
0x00000001,
0x00000001,
0x00000001,
0x00000001,
0x00000001,
0x00000001,
0x00000080,
0x0000000f,
0x0000001c,
0x0000001c,
0x0000001c,
0x0000001c,
0x0000001c,
0x0000001c,
0x0000001c,
0x0000001c,
0x0000001c,
0x0000001c,
0x0000001c,
0x0000001c,
0x0000001c,
0x0000001c,
0x0000001c,
0x0000001c,
0x00000000,
0x00000000,
0x00000000,
0x000000ff,
0x00000007,
0x00000000,
0x00000000,
0x00000000,
0x00000000,
0x000000ff,
0x00000007,
0x00000000,
0x00000000,
0x00000020,
0x00000020,
0x000000a0,
0x0000003d,
0x00000020,
0x00000022,
0x00000080,
0x00000022,
0x00000010,
0x00000080,
0x00000020,
0x0000002c,
0x00000034,
0x00000020,
0x00000000,
0x00000000,
0x00000000,
0x00000000,
0x00000000,
0x00000000,
0x00000000,
0x00000000,
0x00000000,
0x00000000,
0x00000000,
0x00000000,
0x00000000,
0x00000000,
0x00000000,
0x00000000,
0x00000000,
0x00000000,
0x00000000,
0x00000000,
0x00000000,
0x00000000,
0x00000000,
0x00000000,
0x00000000,
0x00000000,
0x00000000,
0x00000000,
0x00000000,
0x00000000,
0x00000000,
0x00000000,
0x00000000,
0x00000000,
0x00000000,
0x00000000,
0x00000000,
0x00000000,
0x00000000,
0x00000000,
0x00000000,
0x00000000,
0x00000000,
0x00000000,
0x00000000,
0x00000000,
0x00000000,
0x00000000,
0x00000000,
0x00000000,
0x00000000,
0x00000000,
0x00000000,
0x00000000,
0x00000000,
0x00000000,
0x00000000,
0x00000000,
0x00000000,
0x00000000,
0x00000000,
0x00000000,
0x00000000,
0x00000000,
0x00000000,
0x00000000,
0x00000000,
0x00000000,
0x00000000,
0x00000000,
0x00000000,
0x00000000,
0x00000000,
0x00000000,
0x00000000,
0x00000000,
0x00000000,
0x80221003,
0x0042aaaa,
0xc1088020,
0x00001010,
0x00210044,
0x000c0098,
0x00480000,
0x4002061b,
0x00b4000e,
0x00009505,
0x0054002d,
0x00710008,
0x00040009,
0x00640046,
0x001e004d,
0x1b201a22,
0x00060630,
0x07101415,
0x00c0c00c,
0x0f04080f,
0x02040c0c,
0x02020007,
0x00000402,
0x00000000,
0x00000000,
0x1a020010,
0x0c100002,
0x00000136,
0xd3200018,
0x02800100,
0x0392820d,
0x00000404,
0x06000604,
0x80000000,
0x00000000,
0x00000000,
0x00000034,
0x00000034,
0x00000034,
0x00000000,
0x00000034,
0x00000034,
0x00000034,
0x00000000,
0x00000000,
0x00000040,
0x00000040,
0x00000028,
0x00000008,
0x00000040,
0x00000040,
0x00000030,
0x00000010,
0x00000040,
0x00000040,
0x00000028,
0x00000008,
0x00000040,
0x00000040,
0x00000018,
0x00000038,
0x00000000,
0x00000018,
0x00000044,
0x00000050,
0x00000008,
0x00000006,
0x00000000,
0x00000000,
0x0000000e,
0x00000016,
0x0000001d,
0x00000000,
0x00000000,
0x00000000,
0x00000000,
0x00000000,
0x00000054,
0x00000001,
0x0000002d,
0x00000002,
0x00000071,
0x00000003,
0x00000064,
0x0000000b,
0x0000004a,
0x00000042,
0x00000000,
0x00000080,
0x00000000,
0x00000014,
0x00000020,
0x00000003,
0x00000000,
0x00000018,
0x0000001e,
0x00000016,
0x00000000,
0x00000000,
0x00000000,
0x00000000,
0x00000002,
0x00000000,
0x00000000,
0x00000000,
0x00000000,
0x0000001c,
0x00000024,
0x00000020,
0x00000020,
0x00000020,
0x00000020,
0x00000020,
0x0000001c,
0x00000008,
0x00000018,
0x00000018,
0x00000008,
0x00000000,
0x00000000,
0x00000000,
0x00000000,
0x00000000,
0x00000000,
0x00000000,
0x00000000,
0x00000000,
0x00000000,
0x00000000,
0x00000000,
0x00000000,
0x00000000,
0x00000000,
0x00000000,
0x00000000,
0x00000000,
0x00000000,
0x00000000,
0x00000000,
0x00000000,
0x00000000,
0x00000000,
0x00000000,
0x00000000,
0x00000000,
0x00000000,
0x00000000,
0x00000000,
0x00000000,
0x00000000,
0x00000000,
0x00000000,
0x00000000,
0x00000000,
0x00000000,
0x00000000,
0x00000000,
0x00000000,
0x00000000,
0x00000000,
0x00000000,
0x00000000,
0x00000000,
0x00000000,
0x00000000,
0x00000000,
0x00000000,
0x00000000,
0x00000000,
0x00000000,
0x00000000,
0x00000000,
0x00000000,
0x00000000,
0x00000000,
0x00000000,
0x00000000,
0x00000000,
0x00000000,
0x00000000,
0x00000000,
0x00000000,
0x00000000,
0x00000000,
0x00000000,
0x00000000,
0x00000000,
0x00000000,
0x00000000,
0x00000000,
0x00000000,
0x00000000,
0x00000000,
0x00000000,
0x00000000,
0x00000000,
0x00000000,
0x00000000,
0x00000000,
0x00000000,
0x00000000,
0x00000000,
0x00000000,
0x00000000,
0x00000000,
0x00000000,
0x00000000,
0x00000000,
0x00000000,
0x00000000,
0x00000000,
0x00000000,
0x00000000,
0x00000000,
0x00000000,
0x00000000,
0x00000000,
0x00000000,
0x00000000,
0x00000000,
0x00000080,
0x0000000c,
0x0000001b,
0x00000000,
0x00000005,
0x00000001,
0x00000022,
0x00000000,
0x0000000f,
0x00000010,
0x00000080,
0x00000008,
0x00000097,
0x00000097,
0x0000000f,
0x000000d0,
0x00000092,
0x0000000b,
0x000000b5,
0x0000000d,
0x00000009,
0x00000092,
0x0000000b,
0x000000b5,
0x0000000d,
0x00000009,
0x00000092,
0x0000000b,
0x000000b5,
0x0000000d,
0x00000009,
0x00000092,
0x0000000b,
0x000000b5,
0x0000000d,
0x00000009,
0x00000092,
0x0000000b,
0x000000b5,
0x00000092,
0x0000000b,
0x000000b5,
0x0000000d,
0x00000009,
0x00000092,
0x0000000b,
0x000000b5,
0x0000000d,
0x00000009,
0x00000092,
0x0000000b,
0x000000b5,
0x0000000d,
0x00000009,
0x00000092,
0x0000000b,
0x000000b5,
0x0000000d,
0x00000009,
0x00000092,
0x0000000b,
0x000000b5,
0x00000001,
0x00000001,
0x00000001,
0x00000001,
0x00000001,
0x00000001,
0x00000001,
0x00000001,
0x00000000,
0x00000000,
0x00000000,
0x00000000,
0x00000000,
0x00000092,
0x0000000b,
0x000000b5,
0x00000000,
0x00000080,
0x0000000d,
0x00000009,
0x00000020,
0x00000092,
0x0000000b,
0x000000b5,
0x00000000,
0x00000080,
0x0000000d,
0x00000009,
0x00000020,
0x00000092,
0x0000000b,
0x000000b5,
0x00000000,
0x00000080,
0x00000020,
0x00000092,
0x0000000b,
0x000000b5,
0x00000000,
0x00000080,
0x00000020,
0x00000092,
0x0000000b,
0x000000b5,
0x00000000,
0x00000080,
0x0000000d,
0x00000009,
0x00000020,
0x00000092,
0x0000000b,
0x000000b5,
0x00000000,
0x00000080,
0x0000000d,
0x00000009,
0x00000020,
0x00000092,
0x0000000b,
0x000000b5,
0x00000000,
0x00000080,
0x00000020,
0x00000092,
0x0000000b,
0x000000b5,
0x00000000,
0x00000080,
0x00000020,
0x00000002,
0x00000002,
0x00000002,
0x00000002,
0x00000002,
0x00000002,
0x00000002,
0x00000002,
0x00000001,
0x00000001,
0x00000001,
0x00000001,
0x00000001,
0x00000001,
0x00000001,
0x00000001,
0x00000001,
0x00000001,
0x00000001,
0x00000001,
0x00000001,
0x00000001,
0x00000001,
0x00000001,
0x00000001,
0x00000001,
0x00000001,
0x00000001,
0x00000001,
0x00000001,
0x00000001,
0x00000001,
0x00000001,
0x00000001,
0x00000001,
0x00000001,
0x00000001,
0x00000001,
0x00000001,
0x00000001,
0x00000001,
0x00000001,
0x00000001,
0x00000001,
0x00000001,
0x00000001,
0x00000001,
0x00000001,
0x00000001,
0x00000001,
0x00000001,
0x00000001,
0x00000080,
0x0000000f,
0x00000024,
0x00000024,
0x00000024,
0x00000024,
0x00000024,
0x00000024,
0x00000024,
0x00000024,
0x00000024,
0x00000024,
0x00000024,
0x00000024,
0x00000024,
0x00000024,
0x00000024,
0x00000024,
0x00000000,
0x00000000,
0x00000000,
0x000000ff,
0x00000007,
0x00000000,
0x00000000,
0x00000000,
0x00000000,
0x000000ff,
0x00000007,
0x00000000,
0x00000000,
0x00000020,
0x00000002,
0x00000022,
0x0000004c,
0x00000020,
0x00000022,
0x00000080,
0x00000022,
0x00000010,
0x00000080,
0x00000020,
0x0000002c,
0x0000002c,
0x00000020,
0x00000000,
0x00000000,
0x00000000,
0x00000000,
0x00000000,
0x00000000,
0x00000000,
0x00000000,
0x00000000,
0x00000000,
0x00000000,
0x00000000,
0x00000000,
0x00000000,
0x00000000,
0x00000000,
0x00000000,
0x00000000,
0x00000000,
0x00000000,
0x00000000,
0x00000000,
0x00000000,
0x00000000,
0x00000000,
0x00000000,
0x00000000,
0x00000000,
0x00000000,
0x00000000,
0x00000000,
0x00000000,
0x00000000,
0x00000000,
0x00000000,
0x00000000,
0x00000000,
0x00000000,
0x00000000,
0x00000000,
0x00000000,
0x00000000,
0x00000000,
0x00000000,
0x00000000,
0x00000000,
0x00000000,
0x00000000,
0x00000000,
0x00000000,
0x00000000,
0x00000000,
0x00000000,
0x00000000,
0x00000000,
0x00000000,
0x00000000,
0x00000000,
0x00000000,
0x00000000,
0x00000000,
0x00000000,
0x00000000,
0x00000000,
0x00000000,
0x00000000,
0x00000000,
0x00000000,
0x00000000,
0x00000000,
0x00000000,
0x00000000,
0x00000000,
0x00000000,
0x00000000,
0x00000000,
0x00000000,
0x50221003,
0x1042aaaa,
0xc1088020,
0x00001010,
0x00210044,
0x000c0098,
0x00480000,
0x4002061b,
0x00b4000e,
0x00009505,
0x0054002d,
0x00710008,
0x00040009,
0x00640046,
0x001e004d,
0x1b201a22,
0x00060630,
0x07101415,
0x00c0c00c,
0x0f04080f,
0x02040c0c,
0x02020007,
0x00000402,
0x00000000,
0x00000000,
0x1a020010,
0x0c100002,
0x00000136,
0xd3200018,
0x02800100,
0x0394820d,
0x00000404,
0x06000604,
0x80000000,
0xfffffffb,
0x00000000,
0x0000003f,
0x0000003f,
0x0000003f,
0x00000000,
0x0000003f,
0x0000003f,
0x0000003f,
0x00000000,
0x00000000,
0x00000040,
0x00000040,
0x00000028,
0x00000008,
0x00000040,
0x00000040,
0x00000030,
0x00000010,
0x00000040,
0x00000040,
0x00000028,
0x00000008,
0x00000040,
0x00000040,
0x00000018,
0x00000038,
0x00000000,
0x00000018,
0x00000044,
0x00000050,
0x00000008,
0x00000006,
0x00000000,
0x00000000,
0x0000000e,
0x00000020,
0x0000001d,
0x00000000,
0x00000000,
0x00000000,
0x00000000,
0x00000000,
0x00000054,
0x00000001,
0x0000002d,
0x00000002,
0x00000071,
0x00000003,
0x00000064,
0x0000000b,
0x0000004a,
0x00000042,
0x00000000,
0x00000080,
0x00000000,
0x00000014,
0x00000020,
0x00000003,
0x00000000,
0x00000018,
0x0000001e,
0x00000016,
0x00000000,
0x00000000,
0x00000000,
0x00000000,
0x00000002,
0x00000000,
0x00000000,
0x00000000,
0x00000000,
0x0000001c,
0x00000024,
0x00000020,
0x00000020,
0x0000001c,
0x00000020,
0x00000020,
0x0000001c,
0x00000008,
0x00000018,
0x00000018,
0x00000008,
0x00000000,
0x00000000,
0x00000000,
0x00000000,
0x00000008,
0x00000000,
0x00000004,
0x00000004,
0x00000004,
0x00000008,
0x00000000,
0x00000004,
0x00000004,
0x00000008,
0x0000000c,
0x00000008,
0x0000000c,
0x0000000c,
0x00000008,
0x00000000,
0x00000008,
0x00000000,
0x00000010,
0x00000030,
0x00000028,
0x0000002c,
0x0000001c,
0x00000024,
0x00000000,
0x0000000c,
0x00000008,
0x00000010,
0x00000028,
0x00000024,
0x0000002c,
0x00000020,
0x00000028,
0x00000000,
0x00000000,
0x00000008,
0x00000010,
0x00000028,
0x00000024,
0x0000002c,
0x00000028,
0x0000001c,
0x00000000,
0x00000008,
0x00000004,
0x00000014,
0x00000028,
0x00000018,
0x0000002c,
0x00000024,
0x00000020,
0x00000008,
0x00000000,
0x00000008,
0x0000000c,
0x00000000,
0x00000004,
0x0000000c,
0x00000004,
0x00000008,
0x0000000c,
0x00000000,
0x0000000c,
0x00000018,
0x00000010,
0x00000010,
0x00000010,
0x00000010,
0x00000010,
0x00000000,
0x00000000,
0x00000000,
0x00000000,
0x00000000,
0x00000000,
0x00000000,
0x00000000,
0x00000000,
0x00000000,
0x00000000,
0x00000000,
0x00000000,
0x00000000,
0x00000000,
0x00000000,
0x00000000,
0x00000000,
0x00000000,
0x00000000,
0x00000000,
0x00000000,
0x00000000,
0x00000000,
0x00000000,
0x00000000,
0x00000000,
0x00000000,
0x00000000,
0x00000080,
0x0000000c,
0x0000001b,
0x00000000,
0x00000005,
0x00000001,
0x00000022,
0x00000000,
0x0000000f,
0x00000010,
0x00000080,
0x00000008,
0x00000094,
0x00000094,
0x0000000f,
0x000000d0,
0x00000092,
0x0000000b,
0x000000b5,
0x0000000d,
0x00000009,
0x00000092,
0x0000000b,
0x000000b5,
0x0000000d,
0x00000009,
0x00000092,
0x0000000b,
0x000000b5,
0x0000000d,
0x00000009,
0x00000092,
0x0000000b,
0x000000b5,
0x0000000d,
0x00000009,
0x00000092,
0x0000000b,
0x000000b5,
0x00000092,
0x0000000b,
0x000000b5,
0x0000000d,
0x00000009,
0x00000092,
0x0000000b,
0x000000b5,
0x0000000d,
0x00000009,
0x00000092,
0x0000000b,
0x000000b5,
0x0000000d,
0x00000009,
0x00000092,
0x0000000b,
0x000000b5,
0x0000000d,
0x00000009,
0x00000092,
0x0000000b,
0x000000b5,
0x00000001,
0x00000001,
0x00000001,
0x00000001,
0x00000001,
0x00000001,
0x00000001,
0x00000001,
0x00000000,
0x00000000,
0x00000000,
0x00000000,
0x00000000,
0x00000092,
0x0000000b,
0x000000b5,
0x00000000,
0x00000080,
0x0000000d,
0x00000009,
0x00000020,
0x00000092,
0x0000000b,
0x000000b5,
0x00000000,
0x00000080,
0x0000000d,
0x00000009,
0x00000020,
0x00000092,
0x0000000b,
0x000000b5,
0x00000000,
0x00000080,
0x00000020,
0x00000092,
0x0000000b,
0x000000b5,
0x00000000,
0x00000080,
0x00000020,
0x00000092,
0x0000000b,
0x000000b5,
0x00000000,
0x00000080,
0x0000000d,
0x00000009,
0x00000020,
0x00000092,
0x0000000b,
0x000000b5,
0x00000000,
0x00000080,
0x0000000d,
0x00000009,
0x00000020,
0x00000092,
0x0000000b,
0x000000b5,
0x00000000,
0x00000080,
0x00000020,
0x00000092,
0x0000000b,
0x000000b5,
0x00000000,
0x00000080,
0x00000020,
0x00000002,
0x00000002,
0x00000002,
0x00000002,
0x00000002,
0x00000002,
0x00000002,
0x00000002,
0x00000001,
0x00000001,
0x00000001,
0x00000001,
0x00000001,
0x00000001,
0x00000001,
0x00000001,
0x00000001,
0x00000001,
0x00000001,
0x00000001,
0x00000001,
0x00000001,
0x00000001,
0x00000001,
0x00000001,
0x00000001,
0x00000001,
0x00000001,
0x00000001,
0x00000001,
0x00000001,
0x00000001,
0x00000001,
0x00000001,
0x00000001,
0x00000001,
0x00000001,
0x00000001,
0x00000001,
0x00000001,
0x00000001,
0x00000001,
0x00000001,
0x00000001,
0x00000001,
0x00000001,
0x00000001,
0x00000001,
0x00000001,
0x00000001,
0x00000001,
0x00000001,
0x00000080,
0x0000000f,
0x00000024,
0x00000024,
0x00000024,
0x00000024,
0x00000024,
0x00000024,
0x00000024,
0x00000024,
0x00000024,
0x00000024,
0x00000024,
0x00000024,
0x00000024,
0x00000024,
0x00000024,
0x00000024,
0x00000000,
0x00000000,
0x00000000,
0x000000ff,
0x00000007,
0x00000000,
0x00000000,
0x00000000,
0x00000000,
0x000000ff,
0x00000007,
0x00000000,
0x00000000,
0x00000020,
0x00000002,
0x00000022,
0x0000004c,
0x00000020,
0x00000022,
0x00000080,
0x00000022,
0x00000010,
0x00000080,
0x00000020,
0x0000002c,
0x0000002c,
0x00000020,
0x00000000,
0x00000000,
0x00000000,
0x00000000,
0x00000000,
0x00000000,
0x00000000,
0x00000000,
0x00000000,
0x00000000,
0x00000000,
0x00000000,
0x00000000,
0x00000000,
0x00000000,
0x00000000,
0x00000000,
0x00000000,
0x00000000,
0x00000000,
0x00000000,
0x00000000,
0x00000000,
0x00000000,
0x00000000,
0x00000000,
0x00000000,
0x00000000,
0x00000000,
0x00000000,
0x00000000,
0x00000000,
0x00000000,
0x00000000,
0x00000000,
0x00000000,
0x00000000,
0x00000000,
0x00000000,
0x00000000,
0x00000000,
0x00000000,
0x00000000,
0x00000000,
0x00000000,
0x00000000,
0x00000000,
0x00000000,
0x00000000,
0x00000000,
0x00000000,
0x00000000,
0x00000000,
0x00000000,
0x00000000,
0x00000000,
0x00000000,
0x00000000,
0x00000000,
0x00000000,
0x00000000,
0x00000000,
0x00000000,
0x00000000,
0x00000000,
0x00000000,
0x00000000,
0x00000000,
0x00000000,
0x00000000,
0x00000000,
0x00000000,
0x00000000,
0x00000000,
0x00000000,
0x00000000,
0x00000000,
0x40221108,
0x004dc000,
0xc1088020,
0x00001010,
0x00210044,
0x000e0083,
0x00540000,
0x4002072c,
0x00b80000,
0x00000d05,
0x00640036,
0x00710008,
0x00100004,
0x00640046,
0x001e004d,
0x1e261f28,
0x00070738,
0x08121617,
0x00e0e00c,
0x11040a11,
0x02050e0e,
0x02020008,
0x00000502,
0x00000000,
0x00000000,
0x1a020010,
0x0d100002,
0x0000016a,
0xd3a5001c,
0x02f00100,
0x0396820f,
0x00000404,
0x06000604,
0x80000000,
0x00000000,
0x00000000,
0x00000034,
0x00000034,
0x00000000,
0x00000000,
0x00000034,
0x00000034,
0x00000000,
0x00000000,
0x00000000,
0x00000040,
0x00000040,
0x00000028,
0x00000008,
0x00000040,
0x00000040,
0x00000030,
0x00000010,
0x00000040,
0x00000040,
0x00000028,
0x00000008,
0x00000040,
0x00000040,
0x00000018,
0x00000038,
0x00000000,
0x00000018,
0x00000044,
0x00000050,
0x00000008,
0x00000007,
0x00000000,
0x00000000,
0x00000010,
0x00000024,
0x00000022,
0x00000000,
0x00000000,
0x00000000,
0x00000000,
0x00000000,
0x00000064,
0x00000001,
0x00000036,
0x00000002,
0x00000071,
0x00000003,
0x00000024,
0x0000000b,
0x0000000c,
0x0000001c,
0x00000000,
0x00000080,
0x00000000,
0x00000016,
0x000000a6,
0x00000003,
0x00000000,
0x0000001c,
0x00000006,
0x00000016,
0x00000000,
0x00000000,
0x00000000,
0x00000000,
0x00000002,
0x00000000,
0x00000000,
0x00000000,
0x00000000,
0x0000001c,
0x00000020,
0x00000024,
0x0000001c,
0x0000001c,
0x00000024,
0x00000020,
0x0000001c,
0x00000038,
0x00000010,
0x00000010,
0x00000000,
0x00000000,
0x00000000,
0x00000000,
0x00000000,
0x00000000,
0x00000000,
0x00000000,
0x00000000,
0x00000000,
0x00000000,
0x00000000,
0x00000000,
0x00000000,
0x00000000,
0x00000000,
0x00000000,
0x00000000,
0x00000000,
0x00000000,
0x00000000,
0x00000000,
0x00000000,
0x00000000,
0x00000000,
0x00000000,
0x00000000,
0x00000000,
0x00000000,
0x00000000,
0x00000000,
0x00000000,
0x00000000,
0x00000000,
0x00000000,
0x00000000,
0x00000000,
0x00000000,
0x00000000,
0x00000000,
0x00000000,
0x00000000,
0x00000000,
0x00000000,
0x00000000,
0x00000000,
0x00000000,
0x00000000,
0x00000000,
0x00000000,
0x00000000,
0x00000000,
0x00000000,
0x00000000,
0x00000000,
0x00000000,
0x00000000,
0x00000000,
0x00000000,
0x00000000,
0x00000000,
0x00000000,
0x00000000,
0x00000000,
0x00000000,
0x00000000,
0x00000000,
0x00000000,
0x00000000,
0x00000000,
0x00000000,
0x00000000,
0x00000000,
0x00000000,
0x00000000,
0x00000000,
0x00000000,
0x00000000,
0x00000000,
0x00000000,
0x00000000,
0x00000000,
0x00000000,
0x00000000,
0x00000000,
0x00000000,
0x00000000,
0x00000000,
0x00000000,
0x00000000,
0x00000000,
0x00000000,
0x00000000,
0x00000000,
0x00000000,
0x00000000,
0x00000000,
0x00000000,
0x00000000,
0x00000000,
0x00000000,
0x00000000,
0x00000000,
0x00000080,
0x0000000e,
0x0000001b,
0x00000000,
0x00000005,
0x00000001,
0x00000022,
0x00000000,
0x0000000f,
0x00000010,
0x00000080,
0x00000008,
0x00000096,
0x00000096,
0x0000000f,
0x000000d0,
0x00000092,
0x000000b0,
0x000000b6,
0x0000000d,
0x00000009,
0x00000092,
0x000000b0,
0x000000b6,
0x0000000d,
0x00000009,
0x00000092,
0x0000000b,
0x000000b5,
0x0000000d,
0x00000009,
0x00000092,
0x000000b0,
0x000000b6,
0x0000000d,
0x00000009,
0x00000092,
0x000000b0,
0x000000b6,
0x00000092,
0x000000b0,
0x000000b6,
0x0000000d,
0x00000009,
0x00000092,
0x000000b0,
0x000000b6,
0x0000000d,
0x00000009,
0x00000092,
0x0000000b,
0x000000b5,
0x0000000d,
0x00000009,
0x00000092,
0x000000b0,
0x000000b6,
0x0000000d,
0x00000009,
0x00000092,
0x000000b0,
0x000000b6,
0x00000001,
0x00000001,
0x00000001,
0x00000001,
0x00000001,
0x00000001,
0x00000001,
0x00000001,
0x00000000,
0x00000000,
0x00000000,
0x00000000,
0x00000000,
0x00000092,
0x000000d0,
0x000000d6,
0x00000000,
0x00000080,
0x0000000d,
0x00000009,
0x00000020,
0x00000092,
0x000000d0,
0x000000d6,
0x00000000,
0x00000080,
0x0000000d,
0x00000009,
0x00000020,
0x00000092,
0x000000d0,
0x000000d6,
0x00000000,
0x00000080,
0x00000020,
0x00000092,
0x000000d0,
0x000000d6,
0x00000000,
0x00000080,
0x00000020,
0x00000092,
0x000000d0,
0x000000d6,
0x00000000,
0x00000080,
0x0000000d,
0x00000009,
0x00000020,
0x00000092,
0x000000d0,
0x000000d6,
0x00000000,
0x00000080,
0x0000000d,
0x00000009,
0x00000020,
0x00000092,
0x000000d0,
0x000000d6,
0x00000000,
0x00000080,
0x00000020,
0x00000092,
0x000000d0,
0x000000d6,
0x00000000,
0x00000080,
0x00000020,
0x00000001,
0x00000002,
0x00000002,
0x00000002,
0x00000001,
0x00000002,
0x00000002,
0x00000002,
0x00000001,
0x00000001,
0x00000001,
0x00000001,
0x00000001,
0x00000001,
0x00000001,
0x00000001,
0x00000001,
0x00000001,
0x00000001,
0x00000001,
0x00000001,
0x00000001,
0x00000001,
0x00000001,
0x00000001,
0x00000001,
0x00000001,
0x00000001,
0x00000001,
0x00000001,
0x00000001,
0x00000001,
0x00000001,
0x00000001,
0x00000001,
0x00000001,
0x00000001,
0x00000001,
0x00000001,
0x00000001,
0x00000001,
0x00000001,
0x00000001,
0x00000001,
0x00000001,
0x00000001,
0x00000001,
0x00000001,
0x00000001,
0x00000001,
0x00000001,
0x00000001,
0x00000080,
0x0000000f,
0x0000001c,
0x0000001c,
0x0000001c,
0x0000001c,
0x0000001c,
0x0000001c,
0x0000001c,
0x0000001c,
0x0000001c,
0x0000001c,
0x0000001c,
0x0000001c,
0x0000001c,
0x0000001c,
0x0000001c,
0x0000001c,
0x00000000,
0x00000000,
0x00000000,
0x000000ff,
0x00000007,
0x00000000,
0x00000000,
0x00000000,
0x00000000,
0x000000ff,
0x00000007,
0x00000000,
0x00000000,
0x00000020,
0x00000020,
0x000000a0,
0x0000003d,
0x00000020,
0x00000022,
0x00000080,
0x00000022,
0x00000010,
0x00000080,
0x00000010,
0x00000020,
0x00000020,
0x00000010,
0x00000000,
0x00000000,
0x00000000,
0x00000000,
0x00000000,
0x00000000,
0x00000000,
0x00000000,
0x00000000,
0x00000000,
0x00000000,
0x00000000,
0x00000000,
0x00000000,
0x00000000,
0x00000000,
0x00000000,
0x00000000,
0x00000000,
0x00000000,
0x00000000,
0x00000000,
0x00000000,
0x00000000,
0x00000000,
0x00000000,
0x00000000,
0x00000000,
0x00000000,
0x00000000,
0x00000000,
0x00000000,
0x00000000,
0x00000000,
0x00000000,
0x00000000,
0x00000000,
0x00000000,
0x00000000,
0x00000000,
0x00000000,
0x00000000,
0x00000000,
0x00000000,
0x00000000,
0x00000000,
0x00000000,
0x00000000,
0x00000000,
0x00000000,
0x00000000,
0x00000000,
0x00000000,
0x00000000,
0x00000000,
0x00000000,
0x00000000,
0x00000000,
0x00000000,
0x00000000,
0x00000000,
0x00000000,
0x00000000,
0x00000000,
0x00000000,
0x00000000,
0x00000000,
0x00000000,
0x00000000,
0x00000000,
0x00000000,
0x00000000,
0x00000000,
0x00000000,
0x00000000,
0x00000000,
0x00000000,
0x60240731,
0x104dc000,
0xc1088020,
0x00001010,
0x00210044,
0x000e0083,
0x00540000,
0x4002072c,
0x00b80000,
0x00000d05,
0x00640036,
0x00710008,
0x00100004,
0x00640046,
0x001e004d,
0x1e261f28,
0x00070738,
0x08121617,
0x00e0e00c,
0x11040a11,
0x02050e0e,
0x02020008,
0x00000502,
0x00000000,
0x00000000,
0x1a020010,
0x0d100002,
0x0000016a,
0xd3a5001c,
0x02f00100,
0x0396820f,
0x00000404,
0x06000604,
0x80000000,
0x000001fb,
0x00000000,
0x00000038,
0x0000003f,
0x00000008,
0x00000000,
0x00000038,
0x0000003f,
0x00000008,
0x00000000,
0x00000000,
0x00000040,
0x00000040,
0x00000028,
0x00000008,
0x00000040,
0x00000040,
0x00000030,
0x00000010,
0x00000040,
0x00000040,
0x00000028,
0x00000008,
0x00000040,
0x00000040,
0x00000018,
0x00000038,
0x00000000,
0x00000018,
0x00000044,
0x00000050,
0x00000008,
0x00000007,
0x00000000,
0x00000000,
0x00000010,
0x00000024,
0x00000022,
0x00000000,
0x00000000,
0x00000000,
0x00000000,
0x00000000,
0x00000064,
0x00000001,
0x00000036,
0x00000002,
0x00000071,
0x00000003,
0x00000024,
0x0000000b,
0x0000000c,
0x0000001c,
0x00000000,
0x00000080,
0x00000000,
0x00000016,
0x000000a6,
0x00000003,
0x00000000,
0x0000001c,
0x00000006,
0x00000016,
0x00000000,
0x00000000,
0x00000000,
0x00000000,
0x00000002,
0x00000000,
0x00000000,
0x00000000,
0x00000000,
0x00000018,
0x00000020,
0x00000020,
0x00000018,
0x00000018,
0x00000020,
0x00000020,
0x00000018,
0x00000038,
0x00000010,
0x00000010,
0x00000000,
0x00000000,
0x00000000,
0x00000000,
0x00000000,
0x00000008,
0x00000000,
0x00000004,
0x00000004,
0x00000004,
0x00000008,
0x00000000,
0x00000004,
0x00000004,
0x00000008,
0x0000000c,
0x00000008,
0x0000000c,
0x0000000c,
0x00000008,
0x00000000,
0x00000008,
0x00000000,
0x00000010,
0x00000030,
0x00000028,
0x0000002c,
0x0000001c,
0x00000024,
0x00000000,
0x0000000c,
0x00000008,
0x00000010,
0x00000028,
0x00000024,
0x0000002c,
0x00000020,
0x00000028,
0x00000000,
0x00000000,
0x00000008,
0x00000010,
0x00000028,
0x00000024,
0x0000002c,
0x00000028,
0x0000001c,
0x00000000,
0x00000008,
0x00000004,
0x00000014,
0x00000028,
0x00000018,
0x0000002c,
0x00000024,
0x00000020,
0x00000008,
0x00000000,
0x00000008,
0x0000000c,
0x00000000,
0x00000004,
0x0000000c,
0x00000004,
0x00000008,
0x0000000c,
0x00000000,
0x0000000c,
0x00000018,
0x00000010,
0x00000010,
0x00000010,
0x00000010,
0x00000010,
0x00000000,
0x00000000,
0x00000000,
0x00000000,
0x00000000,
0x00000000,
0x00000000,
0x00000000,
0x00000000,
0x00000000,
0x00000000,
0x00000000,
0x00000000,
0x00000000,
0x00000000,
0x00000000,
0x00000000,
0x00000000,
0x00000000,
0x00000000,
0x00000000,
0x00000000,
0x00000000,
0x00000000,
0x00000000,
0x00000000,
0x00000000,
0x00000000,
0x00000000,
0x00000080,
0x0000000e,
0x0000001b,
0x00000000,
0x00000005,
0x00000001,
0x00000022,
0x00000000,
0x0000000f,
0x00000010,
0x00000080,
0x00000008,
0x00000096,
0x00000096,
0x0000000f,
0x000000d0,
0x00000092,
0x000000b0,
0x000000b6,
0x0000000d,
0x00000009,
0x00000092,
0x000000b0,
0x000000b6,
0x0000000d,
0x00000009,
0x00000092,
0x0000000b,
0x000000b5,
0x0000000d,
0x00000009,
0x00000092,
0x000000b0,
0x000000b6,
0x0000000d,
0x00000009,
0x00000092,
0x000000b0,
0x000000b6,
0x00000092,
0x000000b0,
0x000000b6,
0x0000000d,
0x00000009,
0x00000092,
0x000000b0,
0x000000b6,
0x0000000d,
0x00000009,
0x00000092,
0x0000000b,
0x000000b5,
0x0000000d,
0x00000009,
0x00000092,
0x000000b0,
0x000000b6,
0x0000000d,
0x00000009,
0x00000092,
0x000000b0,
0x000000b6,
0x00000001,
0x00000002,
0x00000001,
0x00000001,
0x00000002,
0x00000001,
0x00000001,
0x00000001,
0x00000000,
0x00000000,
0x00000000,
0x00000000,
0x00000000,
0x00000092,
0x000000d0,
0x000000d6,
0x00000000,
0x00000080,
0x0000000d,
0x00000009,
0x00000020,
0x00000092,
0x000000d0,
0x000000d6,
0x00000000,
0x00000080,
0x0000000d,
0x00000009,
0x00000020,
0x00000092,
0x000000d0,
0x000000d6,
0x00000000,
0x00000080,
0x00000020,
0x00000092,
0x000000d0,
0x000000d6,
0x00000000,
0x00000080,
0x00000020,
0x00000092,
0x000000d0,
0x000000d6,
0x00000000,
0x00000080,
0x0000000d,
0x00000009,
0x00000020,
0x00000092,
0x000000d0,
0x000000d6,
0x00000000,
0x00000080,
0x0000000d,
0x00000009,
0x00000020,
0x00000092,
0x000000d0,
0x000000d6,
0x00000000,
0x00000080,
0x00000020,
0x00000092,
0x000000d0,
0x000000d6,
0x00000000,
0x00000080,
0x00000020,
0x00000001,
0x00000002,
0x00000002,
0x00000002,
0x00000001,
0x00000002,
0x00000002,
0x00000002,
0x00000001,
0x00000001,
0x00000001,
0x00000001,
0x00000001,
0x00000001,
0x00000001,
0x00000001,
0x00000001,
0x00000001,
0x00000001,
0x00000001,
0x00000001,
0x00000001,
0x00000001,
0x00000001,
0x00000001,
0x00000001,
0x00000001,
0x00000001,
0x00000001,
0x00000001,
0x00000001,
0x00000001,
0x00000001,
0x00000001,
0x00000001,
0x00000001,
0x00000001,
0x00000001,
0x00000001,
0x00000001,
0x00000001,
0x00000001,
0x00000001,
0x00000001,
0x00000001,
0x00000001,
0x00000001,
0x00000001,
0x00000001,
0x00000001,
0x00000001,
0x00000001,
0x00000080,
0x0000000f,
0x0000001c,
0x0000001c,
0x0000001c,
0x0000001c,
0x0000001c,
0x0000001c,
0x0000001c,
0x0000001c,
0x0000001c,
0x0000001c,
0x0000001c,
0x0000001c,
0x0000001c,
0x0000001c,
0x0000001c,
0x0000001c,
0x00000000,
0x00000000,
0x00000000,
0x000000ff,
0x00000007,
0x00000000,
0x00000000,
0x00000000,
0x00000000,
0x000000ff,
0x00000007,
0x00000000,
0x00000000,
0x00000020,
0x00000020,
0x000000a0,
0x0000003d,
0x00000020,
0x00000022,
0x00000080,
0x00000022,
0x00000010,
0x00000080,
0x00000010,
0x00000020,
0x00000020,
0x00000018,
0x00000000,
0x00000000,
0x00000000,
0x00000000,
0x00000000,
0x00000000,
0x00000000,
0x00000000,
0x00000000,
0x00000000,
0x00000000,
0x00000000,
0x00000000,
0x00000000,
0x00000000,
0x00000000,
0x00000000,
0x00000000,
0x00000000,
0x00000000,
0x00000000,
0x00000000,
0x00000000,
0x00000000,
0x00000000,
0x00000000,
0x00000000,
0x00000000,
0x00000000,
0x00000000,
0x00000000,
0x00000000,
0x00000000,
0x00000000,
0x00000000,
0x00000000,
0x00000000,
0x00000000,
0x00000000,
0x00000000,
0x00000000,
0x00000000,
0x00000000,
0x00000000,
0x00000000,
0x00000000,
0x00000000,
0x00000000,
0x00000000,
0x00000000,
0x00000000,
0x00000000,
0x00000000,
0x00000000,
0x00000000,
0x00000000,
0x00000000,
0x00000000,
0x00000000,
0x00000000,
0x00000000,
0x00000000,
0x00000000,
0x00000000,
0x00000000,
0x00000000,
0x00000000,
0x00000000,
0x00000000,
0x00000000,
0x00000000,
0x00000000,
0x00000000,
0x00000000,
0x00000000,
0x00000000,
0x00000000,
0x50220901,
0x004dc000,
0xc1088020,
0x00001010,
0x00210044,
0x000e0083,
0x00540000,
0x4002072c,
0x00b80000,
0x00000d05,
0x00640036,
0x00710008,
0x00100004,
0x00640046,
0x001e004d,
0x1e261f28,
0x00070738,
0x08121617,
0x00e0e00c,
0x11040a11,
0x02050e0e,
0x02020008,
0x00000502,
0x00000000,
0x00000000,
0x1a020010,
0x0d100002,
0x0000016a,
0xd3a5001c,
0x02f00100,
0x0396820f,
0x00000404,
0x06000604,
0x80000000,
0x00000000,
0x00000000,
0x00000034,
0x00000034,
0x00000000,
0x00000000,
0x00000034,
0x00000034,
0x00000000,
0x00000000,
0x00000000,
0x00000040,
0x00000040,
0x00000028,
0x00000008,
0x00000040,
0x00000040,
0x00000030,
0x00000010,
0x00000040,
0x00000040,
0x00000028,
0x00000008,
0x00000040,
0x00000040,
0x00000018,
0x00000038,
0x00000000,
0x00000018,
0x00000044,
0x00000050,
0x00000008,
0x00000007,
0x00000000,
0x00000000,
0x00000010,
0x00000024,
0x00000022,
0x00000000,
0x00000000,
0x00000000,
0x00000000,
0x00000000,
0x00000064,
0x00000001,
0x00000036,
0x00000002,
0x00000071,
0x00000003,
0x00000064,
0x0000000b,
0x0000004e,
0x00000042,
0x00000000,
0x00000080,
0x00000000,
0x00000016,
0x000000a6,
0x00000003,
0x00000000,
0x0000001c,
0x0000001e,
0x00000016,
0x00000000,
0x00000000,
0x00000000,
0x00000000,
0x00000002,
0x00000000,
0x00000000,
0x00000000,
0x00000000,
0x0000001c,
0x00000024,
0x00000024,
0x0000001c,
0x0000001c,
0x00000024,
0x00000020,
0x0000001c,
0x00000038,
0x00000010,
0x00000010,
0x00000000,
0x00000000,
0x00000000,
0x00000000,
0x00000000,
0x00000000,
0x00000000,
0x00000000,
0x00000000,
0x00000000,
0x00000000,
0x00000000,
0x00000000,
0x00000000,
0x00000000,
0x00000000,
0x00000000,
0x00000000,
0x00000000,
0x00000000,
0x00000000,
0x00000000,
0x00000000,
0x00000000,
0x00000000,
0x00000000,
0x00000000,
0x00000000,
0x00000000,
0x00000000,
0x00000000,
0x00000000,
0x00000000,
0x00000000,
0x00000000,
0x00000000,
0x00000000,
0x00000000,
0x00000000,
0x00000000,
0x00000000,
0x00000000,
0x00000000,
0x00000000,
0x00000000,
0x00000000,
0x00000000,
0x00000000,
0x00000000,
0x00000000,
0x00000000,
0x00000000,
0x00000000,
0x00000000,
0x00000000,
0x00000000,
0x00000000,
0x00000000,
0x00000000,
0x00000000,
0x00000000,
0x00000000,
0x00000000,
0x00000000,
0x00000000,
0x00000000,
0x00000000,
0x00000000,
0x00000000,
0x00000000,
0x00000000,
0x00000000,
0x00000000,
0x00000000,
0x00000000,
0x00000000,
0x00000000,
0x00000000,
0x00000000,
0x00000000,
0x00000000,
0x00000000,
0x00000000,
0x00000000,
0x00000000,
0x00000000,
0x00000000,
0x00000000,
0x00000000,
0x00000000,
0x00000000,
0x00000000,
0x00000000,
0x00000000,
0x00000000,
0x00000000,
0x00000000,
0x00000000,
0x00000000,
0x00000000,
0x00000000,
0x00000000,
0x00000000,
0x00000080,
0x0000000e,
0x0000001b,
0x00000000,
0x00000005,
0x00000001,
0x00000022,
0x00000000,
0x0000000f,
0x00000010,
0x00000080,
0x00000008,
0x00000096,
0x00000096,
0x0000000f,
0x000000d0,
0x00000092,
0x0000000b,
0x000000b5,
0x0000000d,
0x00000009,
0x00000092,
0x0000000b,
0x000000b5,
0x0000000d,
0x00000009,
0x00000092,
0x0000000b,
0x000000b5,
0x0000000d,
0x00000009,
0x00000092,
0x0000000b,
0x000000b5,
0x0000000d,
0x00000009,
0x00000092,
0x0000000b,
0x000000b5,
0x00000092,
0x0000000b,
0x000000b5,
0x0000000d,
0x00000009,
0x00000092,
0x0000000b,
0x000000b5,
0x0000000d,
0x00000009,
0x00000092,
0x0000000b,
0x000000b5,
0x0000000d,
0x00000009,
0x00000092,
0x0000000b,
0x000000b5,
0x0000000d,
0x00000009,
0x00000092,
0x0000000b,
0x000000b5,
0x00000001,
0x00000001,
0x00000001,
0x00000001,
0x00000001,
0x00000001,
0x00000001,
0x00000001,
0x00000000,
0x00000000,
0x00000000,
0x00000000,
0x00000000,
0x00000092,
0x0000000d,
0x000000d5,
0x00000000,
0x00000080,
0x0000000d,
0x00000009,
0x00000020,
0x00000092,
0x0000000d,
0x000000d5,
0x00000000,
0x00000080,
0x0000000d,
0x00000009,
0x00000020,
0x00000092,
0x0000000d,
0x000000d5,
0x00000000,
0x00000080,
0x00000020,
0x00000092,
0x0000000d,
0x000000d5,
0x00000000,
0x00000080,
0x00000020,
0x00000092,
0x0000000d,
0x000000d5,
0x00000000,
0x00000080,
0x0000000d,
0x00000009,
0x00000020,
0x00000092,
0x0000000d,
0x000000d5,
0x00000000,
0x00000080,
0x0000000d,
0x00000009,
0x00000020,
0x00000092,
0x0000000d,
0x000000d5,
0x00000000,
0x00000080,
0x00000020,
0x00000092,
0x0000000d,
0x000000d5,
0x00000000,
0x00000080,
0x00000020,
0x00000001,
0x00000002,
0x00000002,
0x00000002,
0x00000001,
0x00000002,
0x00000002,
0x00000002,
0x00000001,
0x00000001,
0x00000001,
0x00000001,
0x00000001,
0x00000001,
0x00000001,
0x00000001,
0x00000001,
0x00000001,
0x00000001,
0x00000001,
0x00000001,
0x00000001,
0x00000001,
0x00000001,
0x00000001,
0x00000001,
0x00000001,
0x00000001,
0x00000001,
0x00000001,
0x00000001,
0x00000001,
0x00000001,
0x00000001,
0x00000001,
0x00000001,
0x00000001,
0x00000001,
0x00000001,
0x00000001,
0x00000001,
0x00000001,
0x00000001,
0x00000001,
0x00000001,
0x00000001,
0x00000001,
0x00000001,
0x00000001,
0x00000001,
0x00000001,
0x00000001,
0x00000080,
0x0000000f,
0x00000024,
0x00000024,
0x00000024,
0x00000024,
0x00000024,
0x00000024,
0x00000024,
0x00000024,
0x00000024,
0x00000024,
0x00000024,
0x00000024,
0x00000024,
0x00000024,
0x00000024,
0x00000024,
0x00000000,
0x00000000,
0x00000000,
0x000000ff,
0x00000007,
0x00000000,
0x00000000,
0x00000000,
0x00000000,
0x000000ff,
0x00000007,
0x00000000,
0x00000000,
0x00000020,
0x00000002,
0x00000022,
0x0000004c,
0x00000020,
0x00000022,
0x00000080,
0x00000022,
0x00000010,
0x00000080,
0x0000000c,
0x0000001c,
0x00000024,
0x00000014,
0x00000000,
0x00000000,
0x00000000,
0x00000000,
0x00000000,
0x00000000,
0x00000000,
0x00000000,
0x00000000,
0x00000000,
0x00000000,
0x00000000,
0x00000000,
0x00000000,
0x00000000,
0x00000000,
0x00000000,
0x00000000,
0x00000000,
0x00000000,
0x00000000,
0x00000000,
0x00000000,
0x00000000,
0x00000000,
0x00000000,
0x00000000,
0x00000000,
0x00000000,
0x00000000,
0x00000000,
0x00000000,
0x00000000,
0x00000000,
0x00000000,
0x00000000,
0x00000000,
0x00000000,
0x00000000,
0x00000000,
0x00000000,
0x00000000,
0x00000000,
0x00000000,
0x00000000,
0x00000000,
0x00000000,
0x00000000,
0x00000000,
0x00000000,
0x00000000,
0x00000000,
0x00000000,
0x00000000,
0x00000000,
0x00000000,
0x00000000,
0x00000000,
0x00000000,
0x00000000,
0x00000000,
0x00000000,
0x00000000,
0x00000000,
0x00000000,
0x00000000,
0x00000000,
0x00000000,
0x00000000,
0x00000000,
0x00000000,
0x00000000,
0x00000000,
0x00000000,
0x00000000,
0x00000000,
0x00000000,
0x50221123,
0x104dc000,
0xc1088020,
0x00001010,
0x00210044,
0x000e0083,
0x00540000,
0x4002072c,
0x00b80000,
0x00000d05,
0x00640036,
0x00710008,
0x00100004,
0x00640046,
0x001e004d,
0x1e261f28,
0x00070738,
0x08121617,
0x00e0e00c,
0x11040a11,
0x02050e0e,
0x02020008,
0x00000502,
0x00000000,
0x00000000,
0x1a020010,
0x0d100002,
0x0000016a,
0xd3a5001c,
0x02f00100,
0x0396820f,
0x00000404,
0x06000604,
0x80000000,
0x000001fb,
0x00000000,
0x0000003f,
0x0000003f,
0x00000000,
0x00000000,
0x0000003f,
0x0000003f,
0x00000000,
0x00000000,
0x00000000,
0x00000040,
0x00000040,
0x00000028,
0x00000008,
0x00000040,
0x00000040,
0x00000030,
0x00000010,
0x00000040,
0x00000040,
0x00000028,
0x00000008,
0x00000040,
0x00000040,
0x00000018,
0x00000038,
0x00000000,
0x00000018,
0x00000044,
0x00000050,
0x00000008,
0x00000007,
0x00000000,
0x00000000,
0x00000010,
0x00000024,
0x00000022,
0x00000000,
0x00000000,
0x00000000,
0x00000000,
0x00000000,
0x00000064,
0x00000001,
0x00000036,
0x00000002,
0x00000071,
0x00000003,
0x00000064,
0x0000000b,
0x0000004a,
0x00000042,
0x00000000,
0x00000080,
0x00000000,
0x00000016,
0x000000a6,
0x00000003,
0x00000000,
0x0000001c,
0x0000001e,
0x00000016,
0x00000000,
0x00000000,
0x00000000,
0x00000000,
0x00000002,
0x00000000,
0x00000000,
0x00000000,
0x00000000,
0x00000018,
0x00000020,
0x00000020,
0x00000018,
0x00000018,
0x00000020,
0x00000020,
0x00000018,
0x00000038,
0x00000010,
0x00000010,
0x00000000,
0x00000000,
0x00000000,
0x00000000,
0x00000000,
0x00000008,
0x00000000,
0x00000004,
0x00000004,
0x00000004,
0x00000008,
0x00000000,
0x00000004,
0x00000004,
0x00000008,
0x0000000c,
0x00000008,
0x0000000c,
0x0000000c,
0x00000008,
0x00000000,
0x00000008,
0x00000000,
0x00000010,
0x00000030,
0x00000028,
0x0000002c,
0x0000001c,
0x00000024,
0x00000000,
0x0000000c,
0x00000008,
0x00000010,
0x00000028,
0x00000024,
0x0000002c,
0x00000020,
0x00000028,
0x00000000,
0x00000000,
0x00000008,
0x00000010,
0x00000028,
0x00000024,
0x0000002c,
0x00000028,
0x0000001c,
0x00000000,
0x00000008,
0x00000004,
0x00000014,
0x00000028,
0x00000018,
0x0000002c,
0x00000024,
0x00000020,
0x00000008,
0x00000000,
0x00000008,
0x0000000c,
0x00000000,
0x00000004,
0x0000000c,
0x00000004,
0x00000008,
0x0000000c,
0x00000000,
0x0000000c,
0x00000018,
0x00000010,
0x00000010,
0x00000010,
0x00000010,
0x00000010,
0x00000000,
0x00000000,
0x00000000,
0x00000000,
0x00000000,
0x00000000,
0x00000000,
0x00000000,
0x00000000,
0x00000000,
0x00000000,
0x00000000,
0x00000000,
0x00000000,
0x00000000,
0x00000000,
0x00000000,
0x00000000,
0x00000000,
0x00000000,
0x00000000,
0x00000000,
0x00000000,
0x00000000,
0x00000000,
0x00000000,
0x00000000,
0x00000000,
0x00000000,
0x00000080,
0x0000000e,
0x0000001b,
0x00000000,
0x00000005,
0x00000001,
0x00000022,
0x00000000,
0x0000000f,
0x00000010,
0x00000080,
0x00000008,
0x00000096,
0x00000096,
0x0000000f,
0x000000d0,
0x00000092,
0x0000000b,
0x000000b5,
0x0000000d,
0x00000009,
0x00000092,
0x0000000b,
0x000000b5,
0x0000000d,
0x00000009,
0x00000092,
0x0000000b,
0x000000b5,
0x0000000d,
0x00000009,
0x00000092,
0x0000000b,
0x000000b5,
0x0000000d,
0x00000009,
0x00000092,
0x0000000b,
0x000000b5,
0x00000092,
0x0000000b,
0x000000b5,
0x0000000d,
0x00000009,
0x00000092,
0x0000000b,
0x000000b5,
0x0000000d,
0x00000009,
0x00000092,
0x0000000b,
0x000000b5,
0x0000000d,
0x00000009,
0x00000092,
0x0000000b,
0x000000b5,
0x0000000d,
0x00000009,
0x00000092,
0x0000000b,
0x000000b5,
0x00000001,
0x00000001,
0x00000001,
0x00000001,
0x00000001,
0x00000001,
0x00000001,
0x00000001,
0x00000000,
0x00000000,
0x00000000,
0x00000000,
0x00000000,
0x00000092,
0x0000000d,
0x000000d5,
0x00000000,
0x00000080,
0x0000000d,
0x00000009,
0x00000020,
0x00000092,
0x0000000d,
0x000000d5,
0x00000000,
0x00000080,
0x0000000d,
0x00000009,
0x00000020,
0x00000092,
0x0000000d,
0x000000d5,
0x00000000,
0x00000080,
0x00000020,
0x00000092,
0x0000000d,
0x000000d5,
0x00000000,
0x00000080,
0x00000020,
0x00000092,
0x0000000d,
0x000000d5,
0x00000000,
0x00000080,
0x0000000d,
0x00000009,
0x00000020,
0x00000092,
0x0000000d,
0x000000d5,
0x00000000,
0x00000080,
0x0000000d,
0x00000009,
0x00000020,
0x00000092,
0x0000000d,
0x000000d5,
0x00000000,
0x00000080,
0x00000020,
0x00000092,
0x0000000d,
0x000000d5,
0x00000000,
0x00000080,
0x00000020,
0x00000001,
0x00000002,
0x00000002,
0x00000002,
0x00000001,
0x00000002,
0x00000002,
0x00000002,
0x00000001,
0x00000001,
0x00000001,
0x00000001,
0x00000001,
0x00000001,
0x00000001,
0x00000001,
0x00000001,
0x00000001,
0x00000001,
0x00000001,
0x00000001,
0x00000001,
0x00000001,
0x00000001,
0x00000001,
0x00000001,
0x00000001,
0x00000001,
0x00000001,
0x00000001,
0x00000001,
0x00000001,
0x00000001,
0x00000001,
0x00000001,
0x00000001,
0x00000001,
0x00000001,
0x00000001,
0x00000001,
0x00000001,
0x00000001,
0x00000001,
0x00000001,
0x00000001,
0x00000001,
0x00000001,
0x00000001,
0x00000001,
0x00000001,
0x00000001,
0x00000001,
0x00000080,
0x0000000f,
0x00000024,
0x00000024,
0x00000024,
0x00000024,
0x00000024,
0x00000024,
0x00000024,
0x00000024,
0x00000024,
0x00000024,
0x00000024,
0x00000024,
0x00000024,
0x00000024,
0x00000024,
0x00000024,
0x00000000,
0x00000000,
0x00000000,
0x000000ff,
0x00000007,
0x00000000,
0x00000000,
0x00000000,
0x00000000,
0x000000ff,
0x00000007,
0x00000000,
0x00000000,
0x00000020,
0x00000002,
0x00000022,
0x0000004c,
0x00000020,
0x00000022,
0x00000080,
0x00000022,
0x00000010,
0x00000080,
0x00000010,
0x00000020,
0x00000020,
0x00000018,
0x00000000,
0x00000000,
0x00000000,
0x00000000,
0x00000000,
0x00000000,
0x00000000,
0x00000000,
0x00000000,
0x00000000,
0x00000000,
0x00000000,
0x00000000,
0x00000000,
0x00000000,
0x00000000,
0x00000000,
0x00000000,
0x00000000,
0x00000000,
0x00000000,
0x00000000,
0x00000000,
0x00000000,
0x00000000,
0x00000000,
0x00000000,
0x00000000,
0x00000000,
0x00000000,
0x00000000,
0x00000000,
0x00000000,
0x00000000,
0x00000000,
0x00000000,
0x00000000,
0x00000000,
0x00000000,
0x00000000,
0x00000000,
0x00000000,
0x00000000,
0x00000000,
0x00000000,
0x00000000,
0x00000000,
0x00000000,
0x00000000,
0x00000000,
0x00000000,
0x00000000,
0x00000000,
0x00000000,
0x00000000,
0x00000000,
0x00000000,
0x00000000,
0x00000000,
0x00000000,
0x00000000,
0x00000000,
0x00000000,
0x00000000,
0x00000000,
0x00000000,
0x00000000,
0x00000000,
0x00000000,
0x00000000,
0x00000000,
0x00000000,
0x00000000,
0x00000000,
0x00000000,
0x00000000,
0x00000000,
0x000004aa,
0x000004a0,
0x000004ad,
0x000004a3,
0x0000001b,
0x0000001b,
0x0000001b,
0x0000001b,
0x00000016,
0x00000016,
0x00000017,
0x00000017,
0x00000000,
0x00000000,
0x00000000,
0x00000000,
0x00000000,
0x00000598,
0x00000599,
0x00000868,
0x00000080,
0x00000000,
0x00000000,
0x00000000,
0x00000000,
0x00000000,
0x0000059a,
0x0000059b,
0x00000868,
0x00000040,
0x00000000,
0x00000000,
0x00000000,
0x00000000,
0x00000000,
0x0000059c,
0x0000059d,
0x00000868,
0x00000020,
0x00000000,
0x00000000,
0x00000000,
0x00000000,
0x00000000,
0x0000059e,
0x0000059f,
0x00000868,
0x00000010,
0x00000000,
0x00000000,
0x00000000,
0x00000000,
0x00000000,
0x000005a0,
0x000005a1,
0x00000868,
0x00000008,
0x00000000,
0x00000000,
0x00000000,
0x00000000,
0x00000000,
0x000005a2,
0x000005a3,
0x00000868,
0x00000004,
0x00000000,
0x00000000,
0x00000000,
0x00000000,
0x00000000,
0x000005a4,
0x000005a5,
0x00000868,
0x00000002,
0x00000000,
0x00000000,
0x00000000,
0x00000000,
0x00000000,
0x000005a6,
0x000005a7,
0x00000868,
0x00000001,
0x00000000,
0x00000000,
0x00000000,
0x00000000,
0x00000000,
0x000005a8,
0x000005a9,
0x00000869,
0x00000080,
0x00000000,
0x00000000,
0x00000000,
0x00000000,
0x00000000,
0x000005aa,
0x000005ab,
0x00000869,
0x00000040,
0x00000001,
0x00000112,
0x00000010,
0x00000100,
0x0000007f,
0x000005ac,
0x000005ad,
0x0000086a,
0x00000080,
0x00000001,
0x00000112,
0x00000001,
0x00000104,
0x0000007f,
0x000005ae,
0x000005af,
0x0000086a,
0x00000040,
0x00000001,
0x00000113,
0x00000010,
0x00000108,
0x0000007f,
0x000005b0,
0x000005b1,
0x0000086a,
0x00000020,
0x00000001,
0x00000113,
0x00000001,
0x000008e1,
0x000000ff,
0x000005b2,
0x000005b3,
0x0000086a,
0x00000010,
0x00000001,
0x00000112,
0x00000020,
0x00000101,
0x0000007f,
0x000005b4,
0x000005b5,
0x0000086a,
0x00000008,
0x00000001,
0x00000112,
0x00000002,
0x00000105,
0x0000007f,
0x000005b6,
0x000005b7,
0x0000086a,
0x00000004,
0x00000001,
0x00000113,
0x00000020,
0x00000109,
0x0000007f,
0x000005b8,
0x000005b9,
0x0000086a,
0x00000002,
0x00000001,
0x00000113,
0x00000002,
0x000008e2,
0x000000ff,
0x000005ba,
0x000005bb,
0x0000086a,
0x00000001,
0x00000001,
0x00000112,
0x00000040,
0x00000102,
0x0000007f,
0x000005bc,
0x000005bd,
0x0000086b,
0x00000080,
0x00000001,
0x00000112,
0x00000004,
0x00000106,
0x0000007f,
0x000005be,
0x000005bf,
0x0000086b,
0x00000040,
0x00000001,
0x00000113,
0x00000040,
0x0000010a,
0x0000007f,
0x000005c0,
0x000005c1,
0x0000086b,
0x00000020,
0x00000001,
0x00000113,
0x00000004,
0x000008e3,
0x000000ff,
0x000005c2,
0x000005c3,
0x0000086b,
0x00000010,
0x00000001,
0x00000112,
0x00000080,
0x00000103,
0x0000007f,
0x000005c4,
0x000005c5,
0x0000086b,
0x00000008,
0x00000001,
0x00000112,
0x00000008,
0x00000107,
0x0000007f,
0x000005c6,
0x000005c7,
0x0000086b,
0x00000004,
0x00000001,
0x00000113,
0x00000080,
0x0000010b,
0x0000007f,
0x000005c8,
0x000005c9,
0x0000086b,
0x00000002,
0x00000001,
0x00000113,
0x00000008,
0x000008e4,
0x000000ff,
0x000005ca,
0x000005cb,
0x0000086b,
0x00000001,
0x00000001,
0x00000114,
0x00000080,
0x00000111,
0x0000007f,
0x000005cc,
0x000005cd,
0x00000869,
0x00000001,
0x00000000,
0x00000000,
0x00000000,
0x00000000,
0x00000000,
0x00000000,
0x00000000,
0x00000000,
0x00000000,
0x00000000,
0x00000000,
0x00000000,
0x00000000,
0x00000000,
0x00000000,
0x00000000,
0x00000000,
0x00000000,
0x00000000,
0x00000000,
0x00000000,
0x00000000,
0x00000000,
0x00000000,
0x00000000,
0x00000000,
0x00000000,
0x00000000,
0x00000000,
0x00000000,
0x00000000,
0x00000000,
0x00000000,
0x00000000,
0x00000000,
0x00000000,
0x00000000,
0x00000000,
0x00000000,
0x00000000,
0x00000000,
0x00000000,
0x00000000,
0x00000000,
0x00000000,
0x00000000,
0x00000000,
0x00000000,
0x00000000,
0x00000000,
0x00000000,
0x00000000,
0x00000000,
0x00000000,
0x00000000,
0x00000000,
0x00000000,
0x00000000,
0x00000000,
0x00000000,
0x00000000,
0x00000000,
0x00000000,
0x3174754f,
0x0000000a,
0x00000000,
0x00000000,
0x00000010,
0x00000000,
0x00527a01,
0x011e7804,
0x001f0c1b,
0x0000001c,
0x00000018,
0xfffe4a80,
0x00000424,
0xc00e4100,
0x03189e01,
0x0ede0107,
0x00000000,
0x00000018,
0x00000038,
0xfffe4e84,
0x00000080,
0x200e4100,
0xde5e049e,
0x0000000e,
0x00000014,
0x00000054,
0xfffe4ee8,
0x000000dc,
0x200e4100,
0x00000e75,
0x0000001c,
0x0000006c,
0xfffe4fac,
0x00000074,
0x300e4100,
0xde5b069e,
0x0000000e,
0x00000000,
0x00000018,
0x0000008c,
0xfffe5000,
0x00001d68,
0x200e4100,
0x5803049e,
0x000ede07,
0x00000018,
0x000000a8,
0xfffe6d4c,
0x00000084,
0x200e4100,
0xde5f049e,
0x0000000e,
0x00000018,
0x000000c4,
0xfffe6db4,
0x00005604,
0x200e4100,
0x7f03049e,
0x000ede15,
0x00000018,
0x000000e0,
0xfffec39c,
0x000003dc,
0x200e4100,
0xf502049e,
0x00000ede,
0x00000018,
0x000000fc,
0xfffec75c,
0x00004970,
0x400e4100,
0x5a03089e,
0x000ede12,
0x00000018,
0x00000118,
0xffff10b0,
0x00000050,
0x300e4100,
0xde52069e,
0x0000000e,
0x00000018,
0x00000134,
0xffff10e4,
0x00000264,
0x300e4100,
0x9702069e,
0x00000ede,
0x00000018,
0x00000150,
0xffff132c,
0x000002a0,
0x300e4100,
0xa602069e,
0x00000ede,
0x00000014,
0x0000016c,
0xffff15b0,
0x00000044,
0x100e4100,
0x00000e4f,
0x00000018,
0x00000184,
0xffff15dc,
0x00000780,
0x400e4100,
0xde03089e,
0x000ede01,
0x00000010,
0x000001a0,
0xffff1d40,
0x00000008,
0x00000000,
0x00000018,
0x000001b4,
0xffff1d34,
0x000003d0,
0x200e4100,
0xf202049e,
0x00000ede,
0x00000014,
0x000001d0,
0xffff20e8,
0x00000324,
0x200e4100,
0x0000049e,
0x0000001c,
0x000001e8,
0xffff23f4,
0x00000b98,
0x400e4100,
0x079e0893,
0xde02e403,
0x00000ed3,
0x00000018,
0x00000208,
0xffff2f6c,
0x00001780,
0x300e4100,
0xde03069e,
0x000ede05,
0x00000014,
0x00000224,
0xffff46d0,
0x00000314,
0x200e4100,
0x000ec302,
0x00000018,
0x0000023c,
0xffff49cc,
0x00000088,
0x200e4100,
0xde60049e,
0x0000000e,
0x00000018,
0x00000258,
0xffff4a38,
0x000001c8,
0x200e4100,
0x7002049e,
0x00000ede,
0x00000018,
0x00000274,
0xffff4be4,
0x00000860,
0x400e4100,
0x1603089e,
0x000ede02,
0x00000018,
0x00000290,
0xffff5428,
0x00000320,
0x300e4100,
0xc602069e,
0x00000ede,
0x00000014,
0x000002ac,
0xffff572c,
0x000000bc,
0x300e4100,
0x00000e6d,
0x00000014,
0x000002c4,
0xffff8338,
0x00000150,
0x100e4100,
0x000e5202,
0x00000014,
0x000002dc,
0xffff8470,
0x000000d0,
0x100e4100,
0x00000e72,
0x00000014,
0x000002f4,
0xffff57a0,
0x00000048,
0x100e4100,
0x00000e50,
0x00000014,
0x0000030c,
0xffff57d0,
0x000002e0,
0x500e4100,
0x000eb602,
0x00000014,
0x00000324,
0xffff5a98,
0x000001a4,
0x300e4100,
0x000e6702,
0x00000014,
0x0000033c,
0xffff5c24,
0x000000e8,
0x200e4100,
0x00000e78,
0x00000018,
0x00000354,
0xffff5cf4,
0x000000a4,
0x300e4100,
0xde67069e,
0x0000000e,
0x0000001c,
0x00000370,
0xffff5d7c,
0x000009b0,
0xd00e4100,
0x9e1a9301,
0x026a0319,
0x000ed3de,
0x00000018,
0x00000390,
0xffff670c,
0x000000b8,
0xb00e4100,
0x269e4102,
0x000ede6b,
0x0000001c,
0x000003ac,
0xffff67a8,
0x00000014,
0x100e4100,
0xde43029e,
0x0000000e,
0x00000000,
0x00000014,
0x000003cc,
0xffff679c,
0x00000060,
0x200e4100,
0x00000e56,
0x00000014,
0x000003e4,
0xffff67e4,
0x00000090,
0x300e4100,
0x00000e62,
0x00000014,
0x000003fc,
0xffff685c,
0x000000a0,
0x300e4100,
0x00000e66,
0x00000018,
0x00000414,
0xffff68e4,
0x00000084,
0x400e4100,
0xde5f089e,
0x0000000e,
0x00000018,
0x00000430,
0xffff694c,
0x00000158,
0x300e4100,
0x5402069e,
0x00000ede,
0x00000018,
0x0000044c,
0xffff6a88,
0x00000030,
0x200e4100,
0xde4a049e,
0x0000000e,
0x00000018,
0x00000468,
0xffff6a9c,
0x0000005c,
0x300e4100,
0xde55069e,
0x0000000e,
0x00000018,
0x00000484,
0xffff6adc,
0x000000c8,
0x400e4100,
0xde70089e,
0x0000000e,
0x00000014,
0x000004a0,
0xffff6b88,
0x00000024,
0x100e4100,
0x00000e47,
0x00000014,
0x000004b8,
0xffff6b94,
0x00000048,
0x100e4100,
0x00000e50,
0x00000018,
0x000004d0,
0xffff6bc4,
0x000000a4,
0x300e4100,
0xde67069e,
0x0000000e,
0x00000018,
0x000004ec,
0xffff6c4c,
0x000000b0,
0x400e4100,
0xde6a089e,
0x0000000e,
0x00000018,
0x00000508,
0xffff6ce0,
0x00000088,
0x400e4100,
0xde60089e,
0x0000000e,
0x00000018,
0x00000524,
0xffff6d4c,
0x000001e0,
0x300e4100,
0x7602069e,
0x00000ede,
0x00000018,
0x00000540,
0xffff6f10,
0x00000040,
0x200e4100,
0xde4e049e,
0x0000000e,
0x0000001c,
0x0000055c,
0xffff6f34,
0x000003f0,
0x300e4100,
0xfa02069e,
0x00000ede,
0x00000000,
0x00000018,
0x0000057c,
0xffff7304,
0x00000188,
0x200e4100,
0x6002049e,
0x00000ede,
0x00000018,
0x00000598,
0xffff7470,
0x0000020c,
0x300e4100,
0x8102069e,
0x00000ede,
0x00000018,
0x000005b4,
0xffff7660,
0x0000008c,
0x200e4100,
0xde61049e,
0x0000000e,
0x00000018,
0x000005d0,
0xffff76d0,
0x00000138,
0x300e4100,
0x4c02069e,
0x00000ede,
0x0000001c,
0x000005ec,
0xffff77ec,
0x000000e4,
0x300e4100,
0x059e0693,
0x0ed3de77,
0x00000000,
0x00000018,
0x0000060c,
0xffff78b0,
0x0000006c,
0x200e4100,
0xde59049e,
0x0000000e,
0x00000018,
0x00000628,
0xffff7900,
0x00000068,
0x300e4100,
0xde58069e,
0x0000000e,
0x0000001c,
0x00000644,
0xffff794c,
0x0000024c,
0x300e4100,
0x059e0693,
0xd3de9102,
0x0000000e,
0x00000018,
0x00000664,
0xffff7b78,
0x000003a4,
0x300e4100,
0xe702069e,
0x00000ede,
0x00000018,
0x00000680,
0xffff7f00,
};
#endif
