//Out type = 1
#ifndef _RANGESCAN_LPDDR4_
#define _RANGESCAN_LPDDR4_
//bin2byte_linux version : 2022-0718-1.0011
//Reading '../output/LD98567A.bin'...
//file size = 45056
//../output/LD98567A.bin to function = ddr_scan data width[4] total size[45056]
//DR[2024-11-6-10]:LD[3.1.9]
unsigned int ddr_scan[] = {
0xf07c0028,
0xf07c0000,
0x000050d0,
0x00800500,
0xf07c0070,
0x00006eda,
0x00000000,
0x00000074,
0x00000000,
0x0000b000,
0xea000182,
0xffffffff,
0x5017aa55,
0x02370000,
0x07040006,
0x00000000,
0xf1020000,
0x00000908,
0xf1020010,
0x00000302,
0xf10200a0,
0x00000034,
0xf00200a0,
0x01100003,
0xf10200a0,
0x00000028,
0xf1290000,
0x0000003e,
0x48210000,
0x31090000,
0x0000a35c,
0x00027ffe,
0x00000000,
0x00000000,
0x80000000,
0x00000000,
0xffffffff,
0xffffffff,
0xffffffff,
0xffffffff,
0xffffffff,
0xffffffff,
0xffffffff,
0xffffffff,
0xffffffff,
0xffffffff,
0xffffffff,
0xffffffff,
0xffffffff,
0xffffffff,
0xffffffff,
0xffffffff,
0xffffffff,
0xffffffff,
0xffffffff,
0xffffffff,
0xffffffff,
0xffffffff,
0xffffffff,
0xffffffff,
0xffffffff,
0xffffffff,
0xffffffff,
0xffffffff,
0xffffffff,
0xffffffff,
0xffffffff,
0xffffffff,
0xffffffff,
0xffffffff,
0xffffffff,
0xffffffff,
0xffffffff,
0xffffffff,
0xffffffff,
0xffffffff,
0xffffffff,
0xffffffff,
0xffffffff,
0xffffffff,
0xffffffff,
0xffffffff,
0xffffffff,
0xffffffff,
0xffffffff,
0xffffffff,
0xffffffff,
0xffffffff,
0xffffffff,
0xffffffff,
0xffffffff,
0xffffffff,
0xffffffff,
0xffffffff,
0xffffffff,
0xffffffff,
0xffffffff,
0xffffffff,
0xffffffff,
0xffffffff,
0xffffffff,
0xffffffff,
0xffffffff,
0xffffffff,
0xffffffff,
0xffffffff,
0xffffffff,
0xffffffff,
0xffffffff,
0xffffffff,
0xffffffff,
0xffffffff,
0xffffffff,
0xffffffff,
0xffffffff,
0xffffffff,
0xffffffff,
0xffffffff,
0xffffffff,
0xffffffff,
0xffffffff,
0xffffffff,
0xffffffff,
0xffffffff,
0xffffffff,
0xffffffff,
0xffffffff,
0xffffffff,
0xffffffff,
0xffffffff,
0xffffffff,
0xffffffff,
0xffffffff,
0xffffffff,
0xffffffff,
0xffffffff,
0xffffffff,
0xffffffff,
0xffffffff,
0xffffffff,
0xffffffff,
0xffffffff,
0xffffffff,
0xffffffff,
0xffffffff,
0xffffffff,
0xffffffff,
0xffffffff,
0xffffffff,
0xffffffff,
0xffffffff,
0xffffffff,
0xffffffff,
0xffffffff,
0xffffffff,
0xffffffff,
0xffffffff,
0xffffffff,
0xffffffff,
0xffffffff,
0xffffffff,
0xffffffff,
0xffffffff,
0xffffffff,
0xffffffff,
0xffffffff,
0xffffffff,
0xffffffff,
0xffffffff,
0xffffffff,
0xffffffff,
0xffffffff,
0xffffffff,
0xffffffff,
0xffffffff,
0xffffffff,
0xffffffff,
0xffffffff,
0xffffffff,
0xffffffff,
0xffffffff,
0xffffffff,
0xffffffff,
0xffffffff,
0xffffffff,
0xffffffff,
0xffffffff,
0xffffffff,
0xffffffff,
0xffffffff,
0xffffffff,
0xffffffff,
0x00240306,
0x004dc000,
0x000190d5,
0x30d0c50c,
0x1c6200f3,
0x001c202c,
0x00000605,
0x02000000,
0x00280e21,
0x01111113,
0x000101c6,
0x0a0a0404,
0x1a1a1010,
0x1a1a1a1a,
0x00000e0a,
0x0e0e0a0e,
0xbbbb4401,
0x150f0000,
0x150f0d0a,
0x0000440a,
0x77777704,
0x77777777,
0x77777777,
0x77777777,
0x00777777,
0x00000853,
0xffffffff,
0xffffffff,
0xffffffff,
0xffffffff,
0xffffffff,
0xffffffff,
0xffffffff,
0xffffffff,
0xffffffff,
0xffffffff,
0xffffffff,
0xffffffff,
0xffffffff,
0xffffffff,
0xffffffff,
0xffffffff,
0xffffffff,
0xffffffff,
0xffffffff,
0xffffffff,
0xffffffff,
0xffffffff,
0xffffffff,
0xffffffff,
0xffffffff,
0xffffffff,
0x00000000,
0x00000000,
0x00000000,
0x00000000,
0xffffffff,
0xffffffff,
0xffffffff,
0xffffffff,
0xffffffff,
0xffffffff,
0xffffffff,
0xffffffff,
0xffffffff,
0xffffffff,
0xffffffff,
0xffffffff,
0xffffffff,
0xffffffff,
0xffffffff,
0xffffffff,
0xffffffff,
0xffffffff,
0xffffffff,
0xffffffff,
0xffffffff,
0xffffffff,
0xffffffff,
0xffffffff,
0xffffffff,
0xffffffff,
0xffffffff,
0xffffffff,
0xffffffff,
0xffffffff,
0xffffffff,
0xffffffff,
0xffffffff,
0xffffffff,
0xffffffff,
0xffffffff,
0xffffffff,
0xffffffff,
0xffffffff,
0xffffffff,
0xffffffff,
0xffffffff,
0xffffffff,
0xffffffff,
0xffffffff,
0xffffffff,
0xffffffff,
0xffffffff,
0xffffffff,
0xffffffff,
0xffffffff,
0xffffffff,
0xffffffff,
0xffffffff,
0xffffffff,
0xffffffff,
0xffffffff,
0xffffffff,
0xffffffff,
0xffffffff,
0xffffffff,
0xffffffff,
0xffffffff,
0xffffffff,
0xffffffff,
0xffffffff,
0xffffffff,
0xffffffff,
0xffffffff,
0xffffffff,
0xffffffff,
0xffffffff,
0xe59f00c0,
0xe3a01024,
0xe5801000,
0xe59f10b8,
0xe5910000,
0xe3500000,
0x0a000007,
0xe59f40ac,
0xee0e4f10,
0xe59f20a8,
0xe5921000,
0xe3811001,
0xe5821000,
0xe1a0f000,
0xe320f000,
0xe59f0094,
0xe5901000,
0xe3811001,
0xe5801000,
0xe59f0088,
0xe3a010f0,
0xe5801000,
0xe320f003,
0xe10f0000,
0xe38000c0,
0xe129f000,
0xe59f0070,
0xe3a01001,
0xe5801000,
0xe59f005c,
0xe5901000,
0xe3c11001,
0xe5801000,
0xe59f4058,
0xee0e4f10,
0xe59f0040,
0xe5901000,
0xe3811001,
0xe5801000,
0xee114f10,
0xe3c44005,
0xe3c44a01,
0xee014f10,
0xec554f1f,
0xe3c44040,
0xec454f1f,
0xe3844040,
0xec454f1f,
0xe1a0f000,
0xe320f000,
0xf0300000,
0xf0090118,
0x00b71b00,
0xf1420000,
0xf1502000,
0xf1502004,
0xf1501280,
0x016e3600,
0xffffffff,
0xffffffff,
0xffffffff,
0xffffffff,
0xffffffff,
0xffffffff,
0xea0000e3,
0xe59ff014,
0xe59ff014,
0xe59ff014,
0xe59ff014,
0xe320f000,
0xe59ff010,
0xe59ff010,
0xf07c09d8,
0xf07c0a1c,
0xf07c0a60,
0xf07c0aa4,
0xf07c0ae8,
0xf07c0aec,
0xf1080100,
0xf10c00c0,
0xf1020013,
0xee110f10,
0xe3c00a01,
0xe3c00b02,
0xe3c00004,
0xe3c00002,
0xe3c00001,
0xee010f10,
0xee110f30,
0xe3c00040,
0xee010f30,
0xf57ff06f,
0xe59f0490,
0xee0c0f10,
0xe59f048c,
0xe5901000,
0xe3c11702,
0xe3c11401,
0xe5801000,
0xe59f047c,
0xe590107c,
0xe3811502,
0xe580107c,
0xee100fb0,
0xe2000003,
0xe3500000,
0x1a000006,
0xe59f0460,
0xe3a01b0f,
0xe0811000,
0xe3a02000,
0xe4802004,
0xe1500001,
0x3afffffc,
0xee100fb0,
0xe2000003,
0xe3500000,
0x1a000001,
0xe59fd438,
0xea000000,
0xe59fd434,
0xee110f10,
0xe3800a01,
0xee070f15,
0xee010f10,
0xe59f0414,
0xe5901078,
0xe3811901,
0xe5801078,
0xe5901088,
0xe3c11008,
0xe5801088,
0xe3811008,
0xe5801088,
0xe59f0400,
0xe59f1400,
0xe5912108,
0xe5802024,
0xe3a02007,
0xe5802008,
0xe3a01000,
0xee081f13,
0xee081f17,
0xee071fd5,
0xee081f16,
0xee081f15,
0xee071f15,
0xf57ff04f,
0xf57ff06f,
0xee300f10,
0xe2006007,
0xe2866004,
0xe7e931d0,
0xe16f5f13,
0xe2833001,
0xe1a04003,
0xe59f23b0,
0xe5823000,
0xe59f33ac,
0xe00306a0,
0xe59f23a8,
0xe2801001,
0xe5821000,
0xe3a01000,
0xe3a03000,
0xe1a02511,
0xe1822613,
0xee072f56,
0xe2833001,
0xe1500003,
0xaafffff9,
0xe2811001,
0xe1510004,
0x1afffff5,
0xe3a00001,
0xee400f10,
0xee300f10,
0xe7e931d0,
0xe2833001,
0xe59f2360,
0xe5823000,
0xe59f3350,
0xe00306a0,
0xe59f2354,
0xe2801001,
0xe5821000,
0xe3a00002,
0xee400f10,
0xee300f10,
0xe2006007,
0xe2866004,
0xe7e931d0,
0xe16f5f13,
0xe2833001,
0xe1a04003,
0xe59f2328,
0xe5823000,
0xe59f3310,
0xe00306a0,
0xe59f231c,
0xe2801001,
0xe5821000,
0xe3a01000,
0xe3a03000,
0xe1a02511,
0xe2822002,
0xe1822613,
0xee072f56,
0xe2833001,
0xe1500003,
0xaafffff8,
0xe2811001,
0xe1510004,
0x1afffff4,
0xee100fb0,
0xe2000003,
0xe3500000,
0x1a000018,
0xe59f02d4,
0xe59f12d4,
0xe59f22d4,
0xe0823a01,
0xe7803101,
0xe2511001,
0x5afffffb,
0xe59f02b8,
0xe3800b0f,
0xe3a010ff,
0xe59f22b8,
0xe0823a01,
0xe7803101,
0xe2511001,
0x5afffffb,
0xe59f0298,
0xe59f12a4,
0xe1800001,
0xe59f22a0,
0xe5802000,
0xe59f0284,
0xe3a01a02,
0xe1800001,
0xe59f2290,
0xe5802000,
0xe3a00000,
0xee020f50,
0xe59f0268,
0xe3a01008,
0xe3811040,
0xe1800001,
0xee020f10,
0xe3e00000,
0xee030f10,
0xf57ff04f,
0xf57ff06f,
0xee110f30,
0xe3800040,
0xee010f30,
0xf57ff06f,
0xee110f10,
0xe3c00a01,
0xe3c00004,
0xe3c00002,
0xee010f10,
0xf57ff04f,
0xf57ff06f,
0xee110f10,
0xe3800a01,
0xe3800004,
0xee010f10,
0xf57ff04f,
0xf57ff06f,
0xe3a00000,
0xfa0003c5,
0xfa00008a,
0xfa000398,
0xe59f020c,
0xe59f120c,
0xe3a02000,
0xe4802004,
0xe1500001,
0x3afffffc,
0xe59fd1ac,
0xf1020012,
0xe59fd1a8,
0xf10a00d3,
0xee110f10,
0xe3800b02,
0xee010f10,
0xf57ff06f,
0xf57ff04f,
0xfa0010bb,
0xe1a0f000,
0xeafffffe,
0xe59f01cc,
0xe3a01052,
0xe5801000,
0xe3a01053,
0xe5801000,
0xe3a01054,
0xe5801000,
0xe590101c,
0xe201100f,
0xe2811030,
0xe5801000,
0xe590101c,
0xe1a01221,
0xe201100f,
0xe2811030,
0xe5801000,
0xeafffffe,
0xe59f0188,
0xe3a01055,
0xe5801000,
0xe3a01044,
0xe5801000,
0xe3a01046,
0xe5801000,
0xe590101c,
0xe201100f,
0xe2811030,
0xe5801000,
0xe590101c,
0xe1a01221,
0xe201100f,
0xe2811030,
0xe5801000,
0xeaffffed,
0xe59f0144,
0xe3a01053,
0xe5801000,
0xe3a01057,
0xe5801000,
0xe3a01049,
0xe5801000,
0xe590101c,
0xe201100f,
0xe2811030,
0xe5801000,
0xe590101c,
0xe1a01221,
0xe201100f,
0xe2811030,
0xe5801000,
0xeaffffdc,
0xe59f0100,
0xe3a01050,
0xe5801000,
0xe3a01041,
0xe5801000,
0xe3a01042,
0xe5801000,
0xe590101c,
0xe201100f,
0xe2811030,
0xe5801000,
0xe590101c,
0xe1a01221,
0xe201100f,
0xe2811030,
0xe5801000,
0xeaffffcb,
0xe59f00bc,
0xe3a01041,
0xe5801000,
0xe3a01042,
0xe5801000,
0xe3a01054,
0xe5801000,
0xe590101c,
0xe201100f,
0xe2811030,
0xe5801000,
0xe590101c,
0xe1a01221,
0xe201100f,
0xe2811030,
0xe5801000,
0xeaffffba,
0xeafffffe,
0xeafffffe,
0x00000100,
0x00000010,
0x00000100,
0x00000010,
0x00000100,
0x00000010,
0xf07c0600,
0xf0011000,
0xf0020000,
0xf0761000,
0xf07d3000,
0xf07d4000,
0xf00c0000,
0xf0040000,
0xf07c0afc,
0x00007fff,
0xf07c0af8,
0xf07c0b04,
0xf07c0b00,
0xf07c0af4,
0xf07c0af0,
0xf0760000,
0x000003ff,
0x00015de6,
0xf0000de6,
0x00003c1c,
0xf0715de6,
0x80015de6,
0x01000074,
0x01004000,
0xf0290000,
0xe320f000,
0xeafffffd,
0x22004b05,
0xaf00b580,
0xf000601a,
0x4803fe63,
0xfa6ef004,
0xbf00bd80,
0xf01e0100,
0xf07c0c10,
0x2000b580,
0xbd80af00,
0x2000b580,
0xbd80af00,
0x2000b580,
0xbd80af00,
0x2000b580,
0xbd80af00,
0xaf00b580,
0xee0e4b09,
0x4b093f10,
0x2a00681a,
0x2200d0fc,
0x2f10ee11,
0x0201f022,
0x2f10ee01,
0x0f17ee08,
0x4798681b,
0xbf00bd80,
0x002dc6c0,
0xf01e0100,
0xb5804b02,
0x6018af00,
0xbf00bd80,
0xf01e0100,
0xaf00b580,
0xee0e4b01,
0xbd803f10,
0x002dc6c0,
0x2000b580,
0xbd80af00,
0x6c5f6c62,
0x656c776f,
0x5f6c6576,
0x74696e69,
0x6e6f6420,
0x000a0d65,
0x00000000,
0x00000000,
0x2600b5f0,
0xc040f8df,
0xf856af00,
0xeb0c500c,
0x19550406,
0x441c6864,
0x3520d50c,
0xda0d2c00,
0x42853420,
0x428cd101,
0x3608d00c,
0xd1ec2ec8,
0xbdf02000,
0xbfc82d1f,
0xe7ef3d20,
0xbfc82c1f,
0xe7ee3c20,
0xbdf02001,
0xf07c2cec,
0xb5804299,
0xd108af00,
0x42831ed3,
0x3203dc05,
0xbfcc4290,
0x20012000,
0x2000bd80,
0xf011bd80,
0xf0010f20,
0xb580011f,
0xd003af00,
0xea201a40,
0xbd8070e0,
0x281f4408,
0x201fbfa8,
0x0000bd80,
0x43f8e92d,
0x4dc4af00,
0x48c42400,
0xf0044ec4,
0x682bf977,
0xf02348c3,
0xf0430330,
0x602b0310,
0xf96ef004,
0x34014620,
0xf9d8f004,
0xf0044630,
0x2c20f967,
0x4ebcd1f6,
0x0800f04f,
0xf8df48bb,
0xf0049324,
0x48baf95d,
0xf0044634,
0xf8d9f959,
0xf0233000,
0xea48031f,
0xf1080303,
0xf8c90801,
0x68333000,
0x0380f043,
0x68286033,
0x10c0f3c0,
0xf9b4f004,
0xf00448aa,
0x6833f943,
0x0f20f1b8,
0x0380f023,
0xd1e26033,
0x260048a8,
0x8290f8df,
0xf936f004,
0xf00448a7,
0x682bf933,
0xf02348a6,
0x602b0330,
0xf92cf004,
0x36014630,
0xf996f004,
0xf0044640,
0x2e20f925,
0x489cd1f6,
0xf8df2600,
0xf00492a8,
0xf8dff91d,
0x48998258,
0xf918f004,
0x3000f8d9,
0x031ff023,
0x36014333,
0x3000f8c9,
0xf0436823,
0x60230380,
0xf3c06828,
0xf00410c0,
0x4640f975,
0xf904f004,
0x2e206823,
0x0380f023,
0xd1e56023,
0x26004889,
0x8214f8df,
0xf8f8f004,
0xf004488a,
0x488af8f5,
0xf8f2f004,
0x36014630,
0xf95cf004,
0xf0044640,
0x2e20f8eb,
0x487fd1f6,
0xf8df2600,
0xf0049238,
0xf8dff8e3,
0x487c81e4,
0xf8def004,
0x3000f8d9,
0x031ff023,
0x36014333,
0x3000f8c9,
0xf0436823,
0x60230304,
0xf3c06828,
0xf0041080,
0x4640f93b,
0xf8caf004,
0x2e206823,
0x0304f023,
0xd1e56023,
0x2500486c,
0xf0044e68,
0x4870f8bf,
0xf8bcf004,
0xf004486f,
0x4628f8b9,
0xf0043501,
0x4630f923,
0xf8b2f004,
0xd1f62d20,
0x81ccf8df,
0x48612600,
0x91c8f8df,
0xf8a8f004,
0x4645485f,
0xf8a4f004,
0x3000f8d9,
0x031ff023,
0x36014333,
0x3000f8c9,
0xf0436823,
0x60230340,
0x0000f8d8,
0x1040f3c0,
0xf900f004,
0xf0044850,
0x6823f88f,
0xf0232e20,
0x60230340,
0x484fd1e4,
0xf8df2600,
0xf004812c,
0x4854f883,
0xf880f004,
0xf0044853,
0x4630f87d,
0xf0043601,
0x4640f8e7,
0xf876f004,
0xd1f62e20,
0x26004844,
0x9158f8df,
0xf86ef004,
0x80f8f8df,
0xf0044841,
0xf8d9f869,
0xf0233000,
0x4333031f,
0xf8c93601,
0x68233000,
0x0310f043,
0x68286023,
0x0040f3c0,
0xf8c6f004,
0xf0044640,
0x6823f855,
0xf0232e20,
0x60230310,
0x4832d1e5,
0xf8df2600,
0xf00480b8,
0x4839f849,
0xf846f004,
0xf0044838,
0x4630f843,
0xf0043601,
0x4640f8ad,
0xf83cf004,
0xd1f62e20,
0x26004827,
0x90e8f8df,
0xf834f004,
0x8084f8df,
0xf0044824,
0xf8d9f82f,
0xf0233000,
0x4333031f,
0xf8c93601,
0x68233000,
0x0340f043,
0x68286023,
0x1000f3c0,
0xf88cf004,
0xf0044640,
0x6823f81b,
0xf0232e20,
0x60230340,
0x4815d1e5,
0xf8df2600,
0xf0048044,
0x481ef80f,
0xf80cf004,
0xf004481d,
0x4630f809,
0xf0043601,
0x4640f873,
0xf802f004,
0xd1f62e20,
0x2600480a,
0x9078f8df,
0xfffaf003,
0x8010f8df,
0xf0034807,
0xe035fff5,
0xf00012fc,
0xf07c31f4,
0xf07c33d0,
0xf07c320e,
0xf0001304,
0xf07c3483,
0xf07c321b,
0xf07c3228,
0xf07c3242,
0xf07c324f,
0xf07c325e,
0xf07c326b,
0xf07c327e,
0xf07c328b,
0xf07c329d,
0xf07c32aa,
0xf07c32bd,
0xf07c32ca,
0xf07c32dc,
0xf00012c0,
0xf00012dc,
0xf00012c4,
0xf00012f8,
0xf00012bc,
0xf00012b8,
0xf00012cc,
0xf00012c8,
0x3000f8d9,
0x031ff023,
0x36014333,
0x3000f8c9,
0xf0436823,
0x60230310,
0xf0006828,
0xf0040001,
0x4640f81b,
0xffaaf003,
0x2e206823,
0x0310f023,
0xd1e56023,
0xf0034802,
0xe8bdffa1,
0xbf0083f8,
0xf07c3483,
0xaf00b580,
0x4b040300,
0x0005f040,
0x681a6018,
0xd4fc0752,
0xbf00bd80,
0xf0000004,
0x43f0e92d,
0x4e21b083,
0x4d21af00,
0x6832682b,
0x68306834,
0x0901f002,
0x0440f3c4,
0xf3c02200,
0x603a0880,
0xf1b9607a,
0xd1090f00,
0xf1b8b944,
0xd1050f00,
0x07da682b,
0xd521602b,
0xe01b2001,
0x3301683b,
0x6833603b,
0x68306834,
0x0901f003,
0xf3c0682b,
0x20640880,
0x0440f3c4,
0xfe16f003,
0x3301687b,
0x687b607b,
0xd9dc2b64,
0x20022300,
0x2201607b,
0x601a4b07,
0x46bd370c,
0x83f0e8bd,
0xbf4c079b,
0x46204640,
0xbf00e7f6,
0xf000805c,
0xf00080a0,
0xf0008058,
0x0006f600,
0xaf00b590,
0xf1000100,
0x68034070,
0xbf4407da,
0x0301f023,
0x684a6003,
0x0113688c,
0xea432a02,
0x680a2304,
0xf043bf08,
0xea430304,
0x68ca4302,
0x0203f022,
0x690a6042,
0x0203f022,
0x60036082,
0x0000bd90,
0x4ff0e92d,
0x488cb099,
0x4c8caf00,
0xff6af003,
0x0301f06f,
0x230163bb,
0x6bbb633b,
0xd8062b0b,
0x23016bba,
0xf6404093,
0x421342c3,
0x69e2d14e,
0x0800f04f,
0x49834b82,
0x2a0869a5,
0x4619bf18,
0x68a33a01,
0x686063f9,
0x5370f103,
0x6380f503,
0x681b009b,
0x68e3643b,
0xf1036c39,
0xf5035370,
0x009b6380,
0x6923681e,
0xf303fa21,
0xea031e69,
0x69630a01,
0xf303fa26,
0x0b02ea03,
0xff32f003,
0xf003202f,
0x6820fecd,
0xff2cf003,
0xf0032009,
0xe007fec7,
0xf1084640,
0xf0030801,
0x2020ff3d,
0xfebef003,
0xd1f54545,
0xf0034867,
0x2301ff1b,
0x2300637b,
0xf8d4647b,
0x6c7b801c,
0xd3194543,
0x2b006b7b,
0xbf086b3b,
0x633b2300,
0x34306bbb,
0x63bb3301,
0xd1a02b0c,
0xf003485c,
0x6b3bff03,
0xf0002b00,
0x485a8282,
0xfefcf003,
0x46bd3764,
0x8ff0e8bd,
0xf1086c78,
0xf00338ff,
0x4855ff0d,
0xfef0f003,
0xfa086962,
0xea26f302,
0x6c7b0603,
0x0808ea03,
0xf802fa08,
0x0306ea48,
0x68e362fb,
0xf1036afa,
0xf5035370,
0x009b6380,
0x6a26601a,
0x42b369a3,
0x33fff103,
0x81a2f200,
0x696069e2,
0x3a016af9,
0xf600fa02,
0x0106ea21,
0x0602ea0b,
0x430e4086,
0x6c386921,
0xf201fa03,
0x0303ea0a,
0x0202ea20,
0x4313408b,
0x68e3643b,
0x48366c3a,
0x5370f103,
0x6380f503,
0x601e009b,
0xf10368a3,
0xf5035370,
0x009b6380,
0xf003601a,
0x6c7bfeab,
0xe78f3301,
0x20c84b30,
0x681b4a2f,
0x90c8f8df,
0x0380f023,
0xf5026013,
0x4b2c22bf,
0x724cf202,
0xf043681b,
0x60130380,
0xf0436a13,
0x62130380,
0x22bff5a2,
0xf2a24b24,
0x681b724c,
0x0380f043,
0xf0036013,
0x4b21fceb,
0x4a2020c8,
0xf023681b,
0x60130380,
0x68134a1e,
0x0310f043,
0xf5026013,
0xf8d922e0,
0x32143000,
0x7300f043,
0x3000f8c9,
0xf0436813,
0x60137300,
0xfcd0f003,
0x3000f8d9,
0x7300f023,
0x3000f8c9,
0x2001e1a4,
0xfcc6f003,
0x3000f8d9,
0xf0434a0f,
0xf8c90302,
0x68133000,
0xd4fc0799,
0xbf00e1bb,
0xf07c32e9,
0xf07c2db4,
0xf07c0c31,
0xf07c0c7d,
0xf07c3483,
0xf07c3331,
0xf07c333d,
0xf07c32fc,
0xf00100d0,
0xf007001c,
0xf0000020,
0xf0000004,
0xf0070014,
0x3080f44f,
0xfe48f7ff,
0x7080f448,
0xfe44f7ff,
0x681a4b6c,
0xf0424619,
0x601a0202,
0x0792680a,
0x681ad4fc,
0x0208f042,
0x4b66601a,
0x681a4619,
0xd4fc0715,
0xf042681a,
0x601a0208,
0x0718680b,
0x4640d4fc,
0xfe28f7ff,
0xf0032064,
0x485efc79,
0xfe22f7ff,
0xf4436a7b,
0xf7ff3080,
0x68fafe1d,
0xf8df4b5a,
0x601a81ac,
0x68134a56,
0x0320f043,
0x4b576013,
0x0004f108,
0xf1074956,
0x681a0960,
0x3280f442,
0x4a53601a,
0xf4426812,
0x600a3280,
0xf422681a,
0x601a3280,
0x680b460a,
0x3380f423,
0xf8d8600b,
0xc8233000,
0x3c68f842,
0x6280f44f,
0x60184b49,
0x609d6059,
0x657b2308,
0x3380f44f,
0x62bb65fb,
0x65ba2300,
0xf8492201,
0x46182d14,
0x4649653b,
0xf7ff627a,
0x6a7afe39,
0x65792120,
0x4610493e,
0x65b96abb,
0x65fb4649,
0xf7ff653a,
0x6abbfe2d,
0x657a227f,
0x65fb4649,
0x653b2300,
0x4b372002,
0x231065bb,
0xf7ff64fb,
0x4b35fe1f,
0x601a2207,
0xfdcef7ff,
0x46812801,
0x2800d014,
0x6c79d038,
0x6bfd465b,
0x46304652,
0xb12047a8,
0xf003482d,
0x2300fda1,
0x45b2637b,
0x6c7bd13f,
0xd13c459b,
0xe0194829,
0xf1084b29,
0x45430810,
0x45b2d18f,
0x6c7bd107,
0xd104459b,
0xf0034825,
0x3601fd8b,
0x6c79e6ae,
0x6bfd465b,
0x46304652,
0xb11047a8,
0xf0034820,
0x4820fd7f,
0xfd7cf003,
0x465b6c79,
0x46526bfd,
0x47a84630,
0xd0e82800,
0xe7e4481b,
0x465b6c79,
0x46526bfd,
0x47a84630,
0x4811b120,
0xfd68f003,
0x9034f8c7,
0xd10445b2,
0x459b6c7b,
0x4813d101,
0x4813e7e0,
0x4813e7de,
0xbf00e7dc,
0xf0000004,
0x00010380,
0xf0000050,
0xf0000020,
0xf00080f8,
0xf0008094,
0x02000004,
0x0300000c,
0xf000805c,
0xf07c3316,
0xf07c3329,
0xf07c31f4,
0xf07c32ff,
0xf07c3303,
0xf07c330e,
0xf07c3312,
0xf07c3321,
0xf07c3325,
0xf07c332d,
0xf07c3054,
0x42966a62,
0xae5af4bf,
0x6c386921,
0xf201fa03,
0xea204033,
0x20800202,
0x4313408b,
0x68a3643b,
0xf1036c3a,
0xf5035370,
0x009b6380,
0x4b50601a,
0xf003695b,
0xf04f0901,
0x681b4370,
0x4b4d62bb,
0x623b681b,
0x681b4b4c,
0x4b4c61fb,
0x61bb681b,
0x681b4b4b,
0x4b4b617b,
0x613b681b,
0x681b4b4a,
0x4b4a60fb,
0x60bb681b,
0x681a4b49,
0xfa1f681b,
0x0c1bf882,
0x4b47627b,
0xb292681a,
0x681b607a,
0x0c1b4a45,
0x6abb603b,
0x7380f403,
0x4b42461d,
0xf023681b,
0x60130302,
0xfb48f003,
0x4a3e4b3e,
0xf043681b,
0x60130302,
0x0f00f1b9,
0x4a3bd007,
0x68132064,
0x0310f043,
0xf0036013,
0x4b38fb37,
0xf042681a,
0x60190180,
0x4a36601a,
0x055b6813,
0xf1b9d5fc,
0xf43f0f00,
0x4a30ae1d,
0xf0236813,
0x60130310,
0x4b30b11d,
0x3280f44f,
0xf8df601a,
0xf44f90b4,
0xf00370fa,
0x6abafb19,
0x4370f04f,
0x6a3a601a,
0x69fa609a,
0x69ba60da,
0x697a611a,
0x693a615a,
0x68ba641a,
0x464a625a,
0xf8c92301,
0x68133000,
0xd5fc05d8,
0xf47f2d00,
0x687bae36,
0x3000f443,
0xfca6f7ff,
0xf443683b,
0xf7ff3040,
0x2d00fca1,
0xae52f47f,
0xf4436a7b,
0xf7ff3080,
0x4640fc99,
0xfc96f7ff,
0x681a4b10,
0x0203f042,
0x681a601a,
0xd4fc07d2,
0x4810e66f,
0xbf00e57c,
0xf07c0070,
0xf0000008,
0xf000000c,
0xf0000010,
0xf0000014,
0xf0000040,
0xf0000050,
0xf0000024,
0xf0000090,
0xf0000094,
0xf0020080,
0xf0000020,
0xf00012c0,
0xf0000004,
0xf0000030,
0xf07c3344,
0xb5804a0a,
0x6813af00,
0xd50d0658,
0x68194b08,
0x3100f441,
0x49076019,
0x68116011,
0xd4fc07c9,
0xf422681a,
0x601a3200,
0xbf00bd80,
0xf0141000,
0xf0120020,
0x5a960f00,
0xf0004b14,
0x2200001f,
0x50c0f440,
0x3330b580,
0x2c30f843,
0xf843af00,
0x21010c2c,
0x601a681a,
0x60114a0d,
0x07c96819,
0x6811d5fc,
0x0110f041,
0x06c86011,
0x6819d40c,
0xd5fc0789,
0x68084907,
0x60112100,
0x07d2681a,
0x681ad4fc,
0xbd80601a,
0xe7ee6811,
0xf0660000,
0xf0660020,
0xf0660008,
0xaf00b580,
0x68134a02,
0xd0fc2b00,
0xbf00bd80,
0xf07c0c28,
0x4ff0e92d,
0xaf00b08b,
0xf0034683,
0x4604fbce,
0xfbc4f003,
0x1c454b95,
0x2b0c681b,
0x2001bf0c,
0xf0022000,
0xf002eae8,
0x4a91fb9b,
0xf0236813,
0x60137300,
0xb14b4b8f,
0xd9072d01,
0x2001b934,
0xfb98f003,
0x46bd372c,
0x8ff0e8bd,
0x68134a8a,
0x3380f423,
0x4b896013,
0xf0106818,
0xf0000820,
0x4887813d,
0xfbd0f003,
0xf2484b86,
0x48860210,
0x6813681c,
0x0302f023,
0xf0016013,
0x4883fea9,
0x0107f004,
0x71e4f201,
0xfea2f001,
0xf0014880,
0xf3c4fe9f,
0x487d01c3,
0xfe9af001,
0xf001487c,
0xf3c4fe97,
0x487911c4,
0xfe92f001,
0xf0014878,
0xf3c4fe8f,
0x4875310f,
0xfe8af001,
0xf0014875,
0x4875fe87,
0xfba0f003,
0xf0034874,
0x4872fb9d,
0xfb9af003,
0xf0034872,
0x4872fb97,
0xfb94f003,
0x1135f240,
0xf0022000,
0xf010f904,
0xd10d044a,
0x224a230a,
0x719cf44f,
0xf0024620,
0x234af917,
0x1135f240,
0x4620461a,
0xf910f002,
0x24074866,
0xf0014d66,
0x4621fe5d,
0xf0014628,
0xf114fe59,
0xd2f834ff,
0xf04f4862,
0xf8df0800,
0xf0019190,
0x4860fe4f,
0x4c604641,
0xfe4af001,
0x22804b5f,
0xf04f4d5f,
0x601a0a70,
0x5370f108,
0xf5034a5b,
0xea4f6380,
0xf8db0b83,
0x60fb3000,
0x60132300,
0xf00a68fb,
0x26000270,
0x0074f104,
0x038ff003,
0x0a10f1aa,
0x22804313,
0x2000f8c9,
0xf8cb3c10,
0x4b503000,
0x6000f8c9,
0xf442681a,
0x601a3280,
0xf442682a,
0x602a3280,
0xf422681a,
0x601a3280,
0x4a49682b,
0x3380f423,
0x682b602b,
0x3380f423,
0xf8d4602b,
0xe8903080,
0x60131003,
0x3280f44f,
0x60184b42,
0x60594630,
0xc008f8c3,
0x61fb2308,
0x0328f107,
0xf843627a,
0x46196d14,
0x60bb607a,
0x623e61be,
0xfb7af7ff,
0x212068bb,
0x2001687a,
0xf04f61f9,
0x62397180,
0x627a4619,
0xf7ff61b8,
0x687afb6d,
0x68bb217f,
0x627a2002,
0x7200f04f,
0x461961f9,
0x2210623a,
0x61be617a,
0xfb5ef7ff,
0x22074b2b,
0xf7ff601a,
0x2801fb0d,
0x4829bf14,
0xf0014829,
0xf11afdcd,
0xd1910f10,
0xf108481c,
0xf0010801,
0x2380fdc5,
0x0f12f1b8,
0x3000f8c9,
0xf8cb68fb,
0xf04f3000,
0xf8c90300,
0xf47f3000,
0xf7ffaf68,
0xf7fffb5f,
0xe7fef8fb,
0xf07d4000,
0xf0011000,
0x00000000,
0xf0020070,
0xf0000004,
0xf07c334b,
0xf07c0078,
0xf07c335d,
0xf07c336e,
0xf07c3371,
0xf07c3373,
0xf07c3377,
0xf07c33a0,
0xf07c33ac,
0xf07c33b7,
0xf07c33c4,
0xf07c33d2,
0xf07c3483,
0xf07c33d7,
0xf07c3054,
0xf0001394,
0xf00080f8,
0xf0000020,
0xf0008090,
0xf0008094,
0xf000805c,
0xf07c33e4,
0xf07c33e8,
0x22564b6d,
0x601a2002,
0x605a2255,
0x609a2285,
0x1208f640,
0x601a4b69,
0xfe4af7ff,
0xd5030445,
0x04440c00,
0x80b2f100,
0x4800f410,
0x80aef000,
0x1885f3c0,
0x093ff000,
0x681b4b61,
0xbf420119,
0x2170f44f,
0x60114a5f,
0xbf4200da,
0x0170f44f,
0x60114a5c,
0xbf42009e,
0x6170f04f,
0x60114a59,
0xbf42005d,
0x4170f04f,
0x60114a56,
0xbfbe2b00,
0x4170f44f,
0x60114a53,
0xbf42025c,
0x2170f44f,
0x60114a51,
0xbf420218,
0x0170f44f,
0x60114a4e,
0xbf4201d9,
0x6170f04f,
0x60114a4b,
0xbf42019a,
0x4170f04f,
0x60114a48,
0xbf42015b,
0x4270f44f,
0x601a4b45,
0x695a4b45,
0xf412469a,
0xd0671f80,
0x3302f3c2,
0x32c4f3c2,
0x5370f103,
0xf5034c40,
0x009b33e0,
0x23016819,
0xf202fa03,
0x420a4b3d,
0x461cbf18,
0x4b3c7922,
0x601a493c,
0x600a7962,
0x79a04a3b,
0x681d6010,
0x68136809,
0x041b6862,
0x2301ea43,
0x432b4937,
0xd143428a,
0x21024a36,
0x21156011,
0x1480f8c2,
0xf8c22150,
0x215e1498,
0x149cf8c2,
0xf8c22143,
0x251814a0,
0x68a3435d,
0x05de0c6d,
0x482dbf4c,
0xf001482d,
0x0069fcdb,
0xf001482c,
0x6821fcd7,
0xf001482b,
0x2000fcd3,
0xfdaef7ff,
0x681e4b29,
0xf41660fb,
0xbf184f80,
0xf0060c36,
0x2b4003c0,
0x80f9f040,
0x681e4b24,
0x1602f3c6,
0x2b061e73,
0xe8dfd846,
0x00ecf013,
0x01070105,
0x01070107,
0x01070107,
0xe75346c1,
0xe7a74c0f,
0x428a491b,
0x4a13d1c7,
0x60112102,
0xf8c22115,
0x21281480,
0x1498f8c2,
0xf8c221af,
0x2121149c,
0xbf00e7b7,
0xf0024420,
0xf0020000,
0xf0660034,
0xf0660060,
0xf0660064,
0xf07c0070,
0xf07c0300,
0xf07c0368,
0xf0024460,
0xf0024464,
0xf0024468,
0x00215555,
0xf0024008,
0xf07c33ec,
0xf07c33f4,
0xf07c33fc,
0xf07c3402,
0xf0660038,
0xf066003c,
0x0010aaaa,
0x26004861,
0xf98ef003,
0x461a4b60,
0x07086819,
0xf8dad5fc,
0xf0133014,
0xd01b0f70,
0x20ff495c,
0x1302f3c3,
0x2b056008,
0xf1a1485a,
0xbf880104,
0x600b2305,
0x4b582195,
0x601960ba,
0xf972f003,
0x0014f8da,
0x1002f3c0,
0xf8f5f003,
0xf0034853,
0x68baf969,
0x680b4952,
0x5340f043,
0x6813600b,
0xd5fc05d9,
0xf003484f,
0x4a4ff95d,
0xf0236813,
0xf0430303,
0x60130301,
0x681a4b4c,
0x0213f022,
0x681a601a,
0x0220f042,
0x681a601a,
0x0214f042,
0x681a601a,
0xd5fc0712,
0x4845681a,
0x0208f042,
0x2201601a,
0x46112300,
0xff30f001,
0x0f00f1bb,
0x2200d02b,
0x115bf240,
0xf0014610,
0x2200feb2,
0x71aef44f,
0xf0014610,
0x2200feac,
0x115df240,
0xf0014610,
0x2302fea6,
0xf44f2203,
0x200071af,
0xfeb2f001,
0xf44f2301,
0x461a71ad,
0xf0012000,
0x2340feab,
0x461a2119,
0xf0012000,
0x2300fea5,
0x21512202,
0xf0014618,
0x4b2afe9f,
0xf5b5b16b,
0xd80a7fc8,
0x212e2214,
0xf0012000,
0x228ffe82,
0x719bf44f,
0xf0012000,
0x68a0fe7c,
0x7a80f410,
0x8458f000,
0xf0034820,
0xf5b5f8f5,
0xd2477fe1,
0x21f42201,
0xf0012000,
0x2218fe6c,
0x481be04e,
0xf8e8f003,
0xf016e758,
0xf43f0680,
0x4b18af55,
0xf3c6681e,
0x1e731602,
0xd8052b06,
0xf003e8df,
0x0a0a0806,
0x000a0a0a,
0xe7424812,
0xe7e74802,
0xe7e54811,
0xe7e34811,
0xf07c3415,
0xf0020004,
0xf0024494,
0xf07c3441,
0xf002448c,
0xf07c3483,
0xf0020088,
0xf07c344b,
0xf0020010,
0xf00200a0,
0xf0020070,
0x00000000,
0xf07c3454,
0xf07c341a,
0xf066003c,
0xf07c343c,
0xf07c342b,
0xf07c342e,
0x2325f240,
0xf200429d,
0x221183f8,
0x200021f4,
0xfe1ff001,
0x7f2ff5b5,
0x2210d3af,
0x200021f5,
0xfe17f001,
0x21f62204,
0xf0012000,
0x200afe12,
0xfef4f002,
0x21f62284,
0xf0012000,
0x200afe0a,
0xfeecf002,
0x21ee2203,
0xf0012000,
0x2200fe02,
0x461021ee,
0xfdfdf001,
0x21ee2203,
0xf0012000,
0x2005fdf8,
0xfedaf002,
0x7f2ff5b5,
0x01f5f04f,
0x2200bf2c,
0x20002208,
0xfdebf001,
0xf0022064,
0x68a3fecd,
0xd50605db,
0xd8042dc8,
0x212f2201,
0xf0012000,
0x2200fdde,
0x46102106,
0xfdd9f001,
0x210922e0,
0xf0012000,
0x2200fdd4,
0x46102114,
0xfdcff001,
0x21152223,
0xf0012000,
0x68a0fdca,
0x7080f410,
0x228ebf1d,
0x20002118,
0xbf0822be,
0xf0012118,
0x2210fdbe,
0x20002119,
0xfdb9f001,
0x202cf894,
0x20002120,
0xfdb3f001,
0x202df894,
0x20002121,
0xfdadf001,
0x21222202,
0xf0012000,
0x2202fda8,
0x20002123,
0xfda3f001,
0x21242200,
0xf0014610,
0x22f0fd9e,
0x20002150,
0xfd99f001,
0x21522201,
0xf0012000,
0x2200fd94,
0x46102155,
0xfd8ff001,
0x21562200,
0xf0014610,
0x22fcfd8a,
0x2000215c,
0xfd85f001,
0x2160220e,
0xf0012000,
0x2200fd80,
0x46102166,
0xfd7bf001,
0x21672240,
0xf0012000,
0x2244fd76,
0x20002168,
0xfd71f001,
0x21852200,
0xf0014610,
0x2200fd6c,
0x46102186,
0xfd67f001,
0x21872200,
0xf0014610,
0x2200fd62,
0x46102188,
0xfd5df001,
0x21892211,
0xf0012000,
0x2211fd58,
0x2000218a,
0xfd53f001,
0x218b2211,
0xf0012000,
0x2211fd4e,
0x2000218c,
0xfd49f001,
0x21942214,
0xf0012000,
0x2204fd44,
0x20002195,
0xfd3ff001,
0x21962246,
0xf0012000,
0x2268fd3a,
0x20002199,
0xfd35f001,
0xf41068a0,
0xbf1d7080,
0x219a2280,
0x22012000,
0x219abf08,
0xfd29f001,
0x219c2200,
0xf0014610,
0x2207fd24,
0x200021ad,
0xfd1ff001,
0x21ae2207,
0xf0012000,
0x2240fd1a,
0x200021ba,
0xfd15f001,
0x21bc2207,
0xf0012000,
0x2210fd10,
0x200021bd,
0xfd0bf001,
0x21be2200,
0xf0014610,
0x2207fd06,
0x200021bf,
0xfd01f001,
0x21c12203,
0xf0012000,
0x22fffcfc,
0x200021c2,
0xfcf7f001,
0x21c622cf,
0xf0012000,
0x22cffcf2,
0x200021c7,
0xfcedf001,
0x21ce22cf,
0xf0012000,
0x220afce8,
0x200021d0,
0xfce3f001,
0x21d1220a,
0xf0012000,
0x2300fcde,
0x46182201,
0xf001219e,
0x2300fceb,
0x4618221f,
0x719af44f,
0xfce4f001,
0x221f230f,
0x1133f240,
0xf0012000,
0x68a3fcdd,
0x7a80f413,
0x82cef000,
0x21e222ff,
0xf0012000,
0x2200fcc0,
0x461021e3,
0xfcbbf001,
0x7f2ff5b5,
0x82d3f080,
0x22032301,
0x2000210b,
0xfcc4f001,
0x2029f894,
0x2000210d,
0xfcabf001,
0x202af894,
0x2000210f,
0xfca5f001,
0x202bf894,
0x20002117,
0xfc9ff001,
0x202cf894,
0x20002120,
0xfc99f001,
0x202df894,
0x20002121,
0xfc93f001,
0x002ef894,
0xf7fe4649,
0xb2c2fd2a,
0x20002138,
0xfc89f001,
0x002ff894,
0xf7fe4641,
0xb2c2fd20,
0x20002139,
0xfc7ff001,
0x0030f894,
0xf7fe4649,
0xb2c2fd16,
0x20002140,
0xfc75f001,
0x0031f894,
0xf7fe4641,
0xb2c2fd0c,
0x20002141,
0xfc6bf001,
0x0032f894,
0xf7fe4649,
0xb2c2fd02,
0x20002142,
0xfc61f001,
0x0033f894,
0xf7fe4641,
0xb2c2fcf8,
0x20002143,
0xfc57f001,
0x0034f894,
0xf7fe4649,
0xb2c2fcee,
0x20002144,
0xfc4df001,
0x0035f894,
0xf7fe4641,
0xb2c2fce4,
0x20002145,
0xfc43f001,
0x0036f894,
0xf7fe4649,
0xb2c2fcda,
0x20002146,
0xfc39f001,
0x0037f894,
0xf7fe4641,
0xb2c2fcd0,
0x20002147,
0xfc2ff001,
0x0038f894,
0xf7fe4641,
0xb2c2fcc6,
0x20002153,
0xfc25f001,
0x0039f894,
0xf7fe4641,
0xb2c2fcbc,
0x20002154,
0xfc1bf001,
0x203af894,
0x20002155,
0xfc15f001,
0x203bf894,
0x20002156,
0xfc0ff001,
0x003cf894,
0xf7fe4649,
0xb2c2fca6,
0x20002157,
0xfc05f001,
0x003df894,
0xf7fe4649,
0xb2c2fc9c,
0x20002158,
0xfbfbf001,
0x003ef894,
0xf7fe4641,
0xb2c2fc92,
0x20002159,
0xfbf1f001,
0x003ff894,
0xf7fe4649,
0xb2c2fc88,
0x2000215a,
0xfbe7f001,
0xf04f2e03,
0xbf080161,
0xf04f2201,
0xbf180000,
0x2040f894,
0xfbdbf001,
0x2041f894,
0x20002164,
0xfbd5f001,
0xf0402e03,
0x220081fb,
0x46102185,
0xfbcdf001,
0x21862200,
0xf0012000,
0xf894fbc8,
0x21892044,
0xf0012000,
0xf894fbc2,
0x218a2045,
0xf0012000,
0xf894fbbc,
0x221f3046,
0x200021ae,
0xfbc8f001,
0x3047f894,
0x21af221f,
0xf0012000,
0xf894fbc1,
0x221f3048,
0x200021b0,
0xfbbaf001,
0x3049f894,
0x21b1221f,
0xf0012000,
0xf894fbb3,
0x221f304a,
0x200021b2,
0xfbacf001,
0x304bf894,
0x21b3221f,
0xf0012000,
0xf894fba5,
0x221f304c,
0x200021b7,
0xfb9ef001,
0xf04f2e01,
0xbf0801b8,
0xf04f2244,
0xbf180000,
0x204df894,
0xfb7ff001,
0x204ef894,
0x200021d5,
0xfb79f001,
0x204ff894,
0x200021d6,
0xfb73f001,
0x2050f894,
0x200021de,
0xfb6df001,
0x21e52280,
0xf0012000,
0xf894fb68,
0x21002051,
0xf0014608,
0xf894fb62,
0x21012052,
0xf0012000,
0xf894fb5c,
0x21022053,
0xf0012000,
0xf894fb56,
0x21032054,
0xf0012000,
0xf894fb50,
0x21042055,
0xf0012000,
0xf894fb4a,
0x21052056,
0xf0012000,
0xf894fb44,
0x21062057,
0xf0012000,
0xf894fb3e,
0x21072058,
0xf0012000,
0xf894fb38,
0x21082059,
0xf0012000,
0xf894fb32,
0x2109205a,
0xf0012000,
0xf894fb2c,
0x210a205b,
0xf0012000,
0xf894fb26,
0x210b205c,
0xf0012000,
0xf894fb20,
0x210c205d,
0xf0012000,
0xf894fb1a,
0x210d205e,
0xf0012000,
0xf894fb14,
0x210e205f,
0xf0012000,
0xf894fb0e,
0x210f2060,
0xf0012000,
0xf894fb08,
0x21102061,
0xf0012000,
0xf894fb02,
0x21112062,
0xf0012000,
0x2200fafc,
0x461021e5,
0xfaf7f001,
0x22802300,
0x461821b0,
0xfb04f001,
0x7f96f5b5,
0x811ff080,
0x22012300,
0xf8df2101,
0x46188260,
0xf966f001,
0xf44f2200,
0x461071b1,
0xfadff001,
0x221f2300,
0xf2404618,
0xf0011163,
0x22fffaeb,
0x71b2f44f,
0xf0012000,
0x231ffad2,
0x1165f240,
0x2000461a,
0xfadef001,
0xf24022ff,
0x20001131,
0xfac5f001,
0xf44f231f,
0x461a7199,
0xf0012000,
0x227ffad1,
0x1135f240,
0xf0012000,
0xf1b8fab8,
0xd0100f00,
0xf0014879,
0x2340f817,
0xf44f224a,
0x2000719c,
0xfabef001,
0x224a2300,
0x1135f240,
0xf0014618,
0x22fffab7,
0x71b1f44f,
0xf0012000,
0x231ffa9e,
0x1163f240,
0x2000461a,
0xfaaaf001,
0x20002201,
0xf00121f3,
0x68a3fa92,
0x05d82151,
0x0000f04f,
0x4a66bf41,
0xf4436813,
0x60133380,
0xf0012281,
0xf5b5fa84,
0xf2407f16,
0x23028100,
0x7181f44f,
0x2000461a,
0xfa8cf001,
0x216022ae,
0xf0012000,
0x2203fa74,
0x200021c3,
0xfa6ff001,
0x215c2203,
0xf0012000,
0x2281fa6a,
0x20002151,
0xfa65f001,
0x21ce2219,
0xf0012000,
0x2208fa60,
0x200021cc,
0xfa5bf001,
0x21cd2217,
0xf0012000,
0x2200fa56,
0x4610215d,
0xfa51f001,
0x215e22e0,
0xf0012000,
0x230ffa4c,
0x461a2119,
0xf0012000,
0x2200fa59,
0x461021cf,
0xfa41f001,
0x21cf2280,
0xf0012000,
0x21bbfa3c,
0xf0012000,
0x0681fa2e,
0x216ed5f9,
0xf0012000,
0x0682fa28,
0x4839d478,
0xff92f000,
0xf240e7fe,
0x429d2389,
0x2221d801,
0xf5b5e402,
0xf4bf7f34,
0x2231ac03,
0xbbfcf7ff,
0xf0024831,
0xf5b5fc9d,
0xf4ff7fe1,
0xf240aba7,
0x429d2325,
0xabeff67f,
0x2389f240,
0xd9e6429d,
0x7f34f5b5,
0xf5b5d3e9,
0xd2027f61,
0xf7ff2201,
0xf240bbe3,
0x429d434b,
0xabddf67f,
0x5313f240,
0xd9d4429d,
0x53a9f240,
0xf63f429d,
0xe7d4abd9,
0x21022210,
0xf0014650,
0x2201f9f2,
0x46502103,
0xf9edf001,
0x21e24652,
0xf0014650,
0x22fff9e8,
0x465021e3,
0xf5b5e526,
0xd2017f61,
0xe5282302,
0x434bf240,
0xf63f429d,
0x2303ad29,
0xe521461a,
0x2042f894,
0x20002185,
0xf9d1f001,
0x2043f894,
0xf46fe601,
0xeb057c96,
0x2b63030c,
0x0300f04f,
0xf67f461a,
0x4619aed9,
0xbf00e6d7,
0xf07c3462,
0xf0000030,
0xf07c3470,
0xf07c345b,
0x00000000,
0x20002170,
0xf9a9f001,
0x21074602,
0xf0012000,
0x2171f9ae,
0xf0012000,
0x4602f9a0,
0x20002108,
0xf9a5f001,
0x20002172,
0xf997f001,
0x21164602,
0xf0012000,
0x2173f99c,
0xf0012000,
0x4602f98e,
0x20002114,
0xf993f001,
0x20002174,
0xf985f001,
0x46022100,
0xf0014608,
0x2200f98a,
0x461021cf,
0xf985f001,
0x21c32200,
0xf0014610,
0xf1b8f980,
0xd0060f00,
0x220f2300,
0x1109f240,
0xf0014618,
0x48b0f989,
0x46112201,
0xf0012300,
0x48adf9e5,
0x461a2301,
0xf0014619,
0x68a3f9df,
0x05db48aa,
0x4aaabf41,
0xf4436813,
0x60133380,
0x461a2301,
0xf0014619,
0x4ba6f9d1,
0x60bb681a,
0x0f00f1bb,
0x68fbd145,
0xf403681b,
0xf5b37340,
0xd1237f00,
0x20d24aa0,
0x82e4f8df,
0x499f6813,
0x0338f023,
0x4b9e6013,
0xf022681a,
0x601a0280,
0x2000f8d8,
0x0280f042,
0x2000f8c8,
0xf042680a,
0x600a0280,
0xf042681a,
0x601a0280,
0xfa16f002,
0x3000f8d8,
0x0380f023,
0x3000f8c8,
0x82a4f8df,
0x4a9020d2,
0x3000f8d8,
0x7300f043,
0x3000f8c8,
0xf0436813,
0x60137300,
0xfa00f002,
0x68134a8a,
0x0310f043,
0xf8d86013,
0xf0233000,
0xf8c87300,
0x68bb3000,
0x681868e2,
0xf3c268a3,
0xf3c35804,
0xf4031903,
0x60f97180,
0x4170f04f,
0x3203f3c3,
0x0a01f108,
0x4b7d600b,
0x601968e1,
0x497d4b7c,
0xf413695b,
0x69237f80,
0xea4fbf14,
0xea4f4c93,
0xb29b4c53,
0xea432e03,
0x600b430c,
0x69614b76,
0x0314f103,
0x1c14f843,
0xf84369a1,
0x69e11c10,
0xbf0c61d9,
0x6a614971,
0xf1bb6019,
0xd1050f00,
0x681b68bb,
0xf5b31a1b,
0xd3f97fff,
0x21014b6c,
0x68196019,
0xd5fc05c8,
0x290068f9,
0x8107f000,
0x200160bb,
0xf9aaf002,
0x681a68bb,
0x0202f042,
0x4a63601a,
0x07996813,
0xf44fd4fc,
0xf7fe3000,
0xf44ffb49,
0xf7fe3040,
0x68fbfb45,
0x3080f44f,
0xf0002b00,
0xf7fe80fb,
0xf1bafb3d,
0xf2000f08,
0xea4f8101,
0xf0482848,
0xf1b90803,
0xd8040f08,
0xea48bf14,
0xf0481809,
0xf4480810,
0xf7fe7080,
0x4b4ffb29,
0xf042681a,
0x601a0202,
0x0791681a,
0x681ad4fc,
0x0208f042,
0x4b49601a,
0x681a4619,
0xd4fc0712,
0xf042681a,
0x601a0208,
0x0718680b,
0x4640d4fc,
0xfb0ef7fe,
0xf0022064,
0x4841f95f,
0xfb08f7fe,
0xbf142e02,
0x3080f44f,
0xf7fe483e,
0x4b3efb01,
0x3b4c6a22,
0x681b64da,
0x0f00f1bb,
0x80f9f040,
0xf0434a36,
0x60130320,
0xb15b4b38,
0xf0004838,
0xf5b5fdc3,
0xd8057fc8,
0x21f52310,
0x2000461a,
0xf868f001,
0x22014b33,
0x601a4833,
0x4b332206,
0x4a33601a,
0xf102605a,
0xf5a24227,
0x3aa702b0,
0xf04f609a,
0x60da3255,
0x52a9f1a2,
0x222af5a2,
0x6255f5a2,
0xf241611a,
0x615a5255,
0x7280f44f,
0xf44f621a,
0x4a275300,
0xf04f601a,
0x681b325a,
0x6300f44f,
0x4a24601a,
0xf44f681b,
0x601a5380,
0x681b4a22,
0x53c0f44f,
0x681b601a,
0xfaa0f002,
0xf002481f,
0x481ff901,
0xfa9af002,
0x2b004b1e,
0xe03fd04e,
0xf0020080,
0xf0020070,
0xf0000030,
0xf0040108,
0xf0010018,
0xf007003c,
0xf00100d0,
0xf0070034,
0xf0000020,
0xf0000008,
0xf07c0070,
0xf000000c,
0xf0000010,
0x01111113,
0xf0000004,
0x00010380,
0x00010002,
0xf0000050,
0x00000000,
0xf07c3486,
0xf0010020,
0xf07c3490,
0xf0008100,
0xaead5555,
0x12345678,
0x5555aaaa,
0xffffeeee,
0x004c4b40,
0xf07c33b7,
0x00000000,
0xf007001c,
0xf0070014,
0x224a230a,
0x719cf44f,
0xf0002000,
0x234affe1,
0x1135f240,
0x2000461a,
0xffdaf000,
0xfad4f7fe,
0xf870f7fe,
0x6a63e7fe,
0xbf382a05,
0x079b2205,
0x0205f1a2,
0x02c2ea4f,
0x3000f442,
0xf442bf18,
0xe6f83001,
0xfa42f7fe,
0x0f0bf1b9,
0xf1a9d909,
0xf241090c,
0xea401004,
0xe0071009,
0x0803f04f,
0xf1a9e6ff,
0x01000004,
0x5088f440,
0x0f08f1ba,
0xf1a8d816,
0xea400803,
0xf7fe2048,
0xf1bbfa27,
0xd11f0f00,
0x681a4b18,
0x0203f042,
0x681a601a,
0xd4fc07d2,
0x6a224b15,
0x64da3b4c,
0xe71d681b,
0x0f0af1ba,
0xf440d802,
0xe7e66020,
0x0f0cf1ba,
0xf440d802,
0xe7e06040,
0x0f0ef1ba,
0xf440bf98,
0xe7da6060,
0x6a224b09,
0x64da3b4c,
0x2300681b,
0x46182240,
0xf0002119,
0x2300ff7b,
0x21512202,
0xf0004618,
0xe6fdff75,
0xf0000020,
0xf0000050,
0x22b44b0d,
0x2114b580,
0x23ff601a,
0xaf004a0b,
0xf8426013,
0x218a1cc8,
0x1cd0f842,
0xf8422113,
0xf8421ca0,
0x22203ca4,
0x601a4b05,
0xf84322b3,
0x22902c04,
0xbd8060da,
0xf06010d4,
0xf06010d0,
0xf0601028,
0x00000000,
0xfffffffd,
0xffffffff,
0xfffffffe,
0x00000000,
0xfffffffe,
0x00000001,
0xfffffffe,
0xfffffffe,
0xffffffff,
0xffffffff,
0xffffffff,
0x00000000,
0xffffffff,
0x00000001,
0xffffffff,
0x00000002,
0xffffffff,
0xfffffffd,
0x00000000,
0xfffffffe,
0x00000000,
0xffffffff,
0x00000000,
0x00000000,
0x00000000,
0x00000001,
0x00000000,
0x00000002,
0x00000000,
0x00000003,
0x00000000,
0xfffffffe,
0x00000001,
0xffffffff,
0x00000001,
0x00000000,
0x00000001,
0x00000001,
0x00000001,
0x00000002,
0x00000001,
0xffffffff,
0x00000002,
0x00000000,
0x00000002,
0x00000001,
0x00000002,
0x00000000,
0x00000003,
0xf07c3499,
0xf07c349e,
0x000000b2,
0x000000b3,
0x00000000,
0x00000000,
0x00000020,
0x00000020,
0x00000000,
0x00000020,
0x00000000,
0x00000020,
0xf07c34a4,
0xf07c34a9,
0x000000ae,
0x000000af,
0x00000000,
0x00000000,
0x00000020,
0x00000020,
0x00000000,
0x00000020,
0x00000000,
0x00000020,
0xf07c34af,
0xf07c34b4,
0x000000b4,
0x000000b5,
0x00000000,
0x00000000,
0x00000020,
0x00000020,
0x00000000,
0x00000020,
0x00000000,
0x00000020,
0xf07c34ba,
0xf07c34bf,
0x000000bc,
0x000000bd,
0x00000000,
0x00000000,
0x00000020,
0x00000020,
0x00000000,
0x00000020,
0x00000000,
0x00000020,
0xf07c34c5,
0xf07c34cb,
0x000000b0,
0x000000b1,
0x00000000,
0x00000000,
0x00000020,
0x00000020,
0x00000000,
0x00000020,
0x00000000,
0x00000020,
0xf07c34cf,
0xf07c34cb,
0x000000b7,
0x000000b1,
0x00000000,
0x00000000,
0x00000020,
0x00000020,
0x00000000,
0x00000020,
0x00000000,
0x00000020,
0xf07c34d3,
0xf07c32fe,
0x000000b8,
0x000000b8,
0x00000004,
0x00000004,
0x00000010,
0x00000001,
0x00000000,
0x00000010,
0x00000000,
0x00000001,
0xf07c34d9,
0xf07c32fe,
0x000000b8,
0x000000b8,
0x00000000,
0x00000000,
0x00000010,
0x00000001,
0x00000000,
0x00000010,
0x00000000,
0x00000001,
0xf07c34df,
0xf07c32fe,
0x000000b9,
0x000000b9,
0x00000004,
0x00000004,
0x00000010,
0x00000001,
0x00000000,
0x00000010,
0x00000000,
0x00000001,
0xf07c34e5,
0xf07c32fe,
0x000000b9,
0x000000b9,
0x00000000,
0x00000000,
0x00000010,
0x00000001,
0x00000000,
0x00000010,
0x00000000,
0x00000001,
0xf07c349f,
0xf07c34eb,
0x0000000d,
0x00000020,
0x00000000,
0x00000000,
0x00000010,
0x00000008,
0x00000000,
0x00000010,
0x00000001,
0x00000006,
0xf07c34aa,
0xf07c34eb,
0x0000000f,
0x00000021,
0x00000000,
0x00000000,
0x00000010,
0x00000008,
0x00000000,
0x00000010,
0x00000001,
0x00000006,
0xf07c34b5,
0xf07c34eb,
0x00000011,
0x00000022,
0x00000000,
0x00000000,
0x00000010,
0x00000008,
0x00000000,
0x00000010,
0x00000001,
0x00000006,
0xf07c34c0,
0xf07c34eb,
0x00000013,
0x00000023,
0x00000000,
0x00000000,
0x00000010,
0x00000008,
0x00000000,
0x00000010,
0x00000001,
0x00000006,
0xffffefff,
0xffffdfff,
0xffffbfff,
0xffff7fff,
0xfffffeff,
0xfffffdff,
0xfffffbff,
0xfffff7ff,
0xffffffef,
0xffffffdf,
0xffffffbf,
0xffffff7f,
0xfffffffe,
0xfffffffd,
0xfffffffb,
0xfffffff7,
0x00008000,
0x00004000,
0x00002000,
0x00001000,
0x00000800,
0x00000400,
0x00000200,
0x00000100,
0x00000080,
0x00000040,
0x00000020,
0x00000010,
0x00000008,
0x00000004,
0x00000002,
0x00000001,
0x0000ffff,
0x0000ffff,
0xffff0000,
0xffff0000,
0xfffe0001,
0xfffd0002,
0xfffb0004,
0xfff70008,
0xffef0010,
0xffdf0020,
0xffbf0040,
0xff7f0080,
0xfeff0100,
0xfdff0200,
0xfbff0400,
0xf7ff0800,
0xefff1000,
0xdfff2000,
0xbfff4000,
0x7fff8000,
0x0001fffe,
0x0002fffd,
0x0004fffb,
0x0008fff7,
0x0010ffef,
0x0020ffdf,
0x0040ffbf,
0x0080ff7f,
0x0100feff,
0x0200fdff,
0x0400fbff,
0x0800f7ff,
0x1000efff,
0x2000dfff,
0x4000bfff,
0x80007fff,
0xffff0001,
0xffff0002,
0xffff0004,
0xffff0008,
0xffff0010,
0xffff0020,
0xffff0040,
0xffff0080,
0xffff0100,
0xffff0200,
0xffff0400,
0xffff0800,
0xffff1000,
0xffff2000,
0xffff4000,
0xffff8000,
0x0001ffff,
0x0002ffff,
0x0004ffff,
0x0008ffff,
0x0010ffff,
0x0020ffff,
0x0040ffff,
0x0080ffff,
0x0100ffff,
0x0200ffff,
0x0400ffff,
0x0800ffff,
0x1000ffff,
0x2000ffff,
0x4000ffff,
0x8000ffff,
0x0000ffff,
0x0000ffff,
0xffff0000,
0xffff0000,
0x70204143,
0x73207332,
0x206e6163,
0x58324b43,
0x30203d20,
0x0d304278,
0x7830000a,
0x20203042,
0x20202020,
0x20002020,
0x20202020,
0x20202020,
0x00202020,
0x70204143,
0x73207332,
0x206e6163,
0x58324b43,
0x30203d20,
0x0d374278,
0x7830000a,
0x20203742,
0x20202020,
0x43002020,
0x70204b4c,
0x73207332,
0x0d6e6163,
0x7830000a,
0x20203142,
0x20202020,
0x4d002020,
0x28535144,
0x70202948,
0x73207332,
0x0d6e6163,
0x7830000a,
0x20204641,
0x20202020,
0x4d002020,
0x48285144,
0x32702029,
0x63732073,
0x0a0d6e61,
0x41783000,
0x20202045,
0x20202020,
0x444d0020,
0x4c285351,
0x32702029,
0x63732073,
0x0a0d6e61,
0x42783000,
0x20202033,
0x20202020,
0x444d0020,
0x294c2851,
0x73327020,
0x61637320,
0x000a0d6e,
0x32427830,
0x20202020,
0x20202020,
0x6e615200,
0x73206567,
0x206e6163,
0x72617473,
0x000a0d74,
0x2a000909,
0x1b002020,
0x333b305b,
0x32333b32,
0x204f006d,
0x5b1b0020,
0x5b1b006d,
0x32333b30,
0x6d31333b,
0x20202d00,
0x20202e00,
0x20205400,
0x20205f00,
0x41524400,
0x6373204d,
0x203a6e61,
0x53415000,
0x000a0d53,
0x4c494146,
0x73000a0d,
0x2070696b,
0x20616d64,
0x666e6f63,
0x0a0d6769,
0x61520a00,
0x5365676e,
0x206e6163,
0x3a726576,
0x6425005b,
0x5d002d00,
0x2d000a0d,
0x2d2d2d2d,
0x2d2d2d2d,
0x2d2d2d2d,
0x2d2d2d2d,
0x2d2d2d2d,
0x2d2d2d2d,
0x2d2d2d2d,
0x2d2d2d2d,
0x2d2d2d2d,
0x000a0d2d,
0x6e616353,
0x41524420,
0x000a0d4d,
0x616c6564,
0x73352079,
0x64000a0d,
0x79616c65,
0x6e6f6420,
0x000a0d65,
0x20200a0d,
0x20202020,
0x20202020,
0x64250020,
0x62002020,
0x30207469,
0x32302578,
0x00202078,
0x00202e20,
0x00204f20,
0x44442020,
0x005f3252,
0x44442020,
0x005f3352,
0x20206425,
0x6e690020,
0x65765f69,
0x30203a72,
0x38302578,
0x20202078,
0x0d627700,
0x7465000a,
0x746f6e20,
0x70757320,
0x74726f70,
0x65000a0d,
0x6f6e2073,
0x75732074,
0x726f7070,
0x000a0d74,
0x0a0d796e,
0x616d6400,
0x73732031,
0x4e002063,
0x53206e6f,
0x000a0d33,
0x32726464,
0x64000a0d,
0x0d337264,
0x6143000a,
0x6f6c206c,
0x77702077,
0x000a0d72,
0x79747544,
0x6166204b,
0x21216c69,
0x6c614820,
0x0d212174,
0x6f4c000a,
0x77502077,
0x000a0d72,
0x20616d64,
0x0a0d6b6f,
0x51445700,
0x44570030,
0x00305351,
0x31514457,
0x51445700,
0x57003153,
0x00325144,
0x53514457,
0x44570032,
0x57003351,
0x33535144,
0x44414300,
0x43005244,
0x43004b4c,
0x44000953,
0x09305351,
0x53514400,
0x44000931,
0x09325351,
0x53514400,
0x52000933,
0x00004e45,
0xaf00b5f8,
0x2901b138,
0x7803d101,
0x1845b11b,
0x42ac4604,
0xbdf8d100,
0xf0004626,
0x6843fd61,
0x0b01f814,
0x78334798,
0xd1f22b0a,
0xfd58f000,
0x200d6843,
0xe7ec4798,
0xe92d4870,
0xe28db010,
0xe1a0c000,
0xe280e001,
0xe5db4004,
0xe2045004,
0xe730f211,
0xe0611092,
0xe1a0600e,
0xe6ef1071,
0xe3510009,
0x92811030,
0x9a000002,
0xe3550000,
0x12811037,
0x02811057,
0xe54e1001,
0xe2501000,
0xe28ee001,
0x1afffff1,
0xe3140002,
0xe204e003,
0x13a0202d,
0x15c62000,
0x12866001,
0xe046200c,
0xe1520003,
0x31a00003,
0xe2043009,
0x21a00002,
0xe3530008,
0x03a03030,
0x13a03020,
0xe35e0002,
0x03530030,
0x02423001,
0x0240e001,
0x03a05030,
0x0a000006,
0xe046e00c,
0xe150000e,
0x9a000007,
0xe4c63001,
0xeafffffa,
0xe7cc5003,
0xe2833001,
0xe153000e,
0x3afffffb,
0xe3a0302d,
0xe7cc300e,
0xe3140001,
0xe24c3001,
0x12422001,
0x02402001,
0xe08cc002,
0xe042e001,
0xe151000e,
0x3a000000,
0xe8bd8870,
0xe5d3e001,
0xe2811001,
0xe5dc4000,
0xe5e34001,
0xe44ce001,
0xeafffff5,
0xe92db40f,
0xb0a343f0,
0xf001af02,
0x4b87fce6,
0xb9e34606,
0x04a0f107,
0xf04f2101,
0xf001080a,
0xf854fce3,
0x46810b04,
0xf815464d,
0xb9ab3b01,
0x0100eba9,
0xff46f7ff,
0x3000f899,
0x487cb993,
0xf7ff2101,
0x2101ff3f,
0xf0014630,
0x2000fce9,
0x46bd3784,
0x43f0e8bd,
0x4770b004,
0xd0e72b25,
0xe7e146a9,
0x3001f899,
0xbf062b2d,
0x0502f109,
0x22002201,
0x2b30782b,
0x3501bf04,
0x0208f042,
0x3b30782b,
0xd83a2b09,
0x23004628,
0xf8104605,
0xf1a11b01,
0xf1bc0c30,
0xd92c0f09,
0x292e7829,
0x7868d10a,
0x38301c69,
0xd82a2809,
0x3101460d,
0x38307828,
0xd9f92809,
0x296c7829,
0x3501bf08,
0x29627829,
0xd825d052,
0xd05e294f,
0x2900d81b,
0x80aaf000,
0xd11a2944,
0xf1046820,
0x46640c04,
0x280017c1,
0x0c00f171,
0x4240da02,
0x0202f042,
0x220a9200,
0xfb08e040,
0x3b301303,
0x2300e7c6,
0x460de7cc,
0x2955e7d8,
0x2958d046,
0x2101d050,
0xe0374628,
0xd038296f,
0x2963d803,
0x2964d04f,
0x2975e7d9,
0x2978d038,
0x2973d03b,
0xf104d1ef,
0x68240904,
0xeba14621,
0xf8110c04,
0x28000b01,
0x4563d1f9,
0x4663bf38,
0x0201f012,
0xd15b4619,
0xeba12320,
0x4282000c,
0xebacd363,
0x44640c01,
0xd9454281,
0x543b5c23,
0xe7f93001,
0xf1046820,
0x92000c04,
0x22024664,
0x46384601,
0xeebef7ff,
0x46384601,
0xfe9ef7ff,
0x6820e036,
0x0c04f104,
0x46649200,
0xe7ef2208,
0xf1046820,
0x46640c04,
0x6820e7a6,
0x0c04f104,
0x92004664,
0xe7e32210,
0xf1046820,
0x46640c04,
0x0204f042,
0x7820e7f5,
0xbf082b00,
0xf0122301,
0xf1040201,
0xd1090904,
0x24201e59,
0xd314428a,
0x0280f107,
0xf8014411,
0xe0040c80,
0x22017038,
0x429a2120,
0x4619d306,
0x464c4638,
0xfe66f7ff,
0xe7141c68,
0x320154b9,
0x54bce7f3,
0xe7e53201,
0x45624602,
0x2320d105,
0xd9ed4291,
0x320154bb,
0x5ca3e7fa,
0x320154bb,
0x54bbe7f3,
0xe7943201,
0xe7e53d01,
0x00000000,
0xf07c3860,
0x00000000,
0xe92d2901,
0xb09a47f0,
0xaf004604,
0x461e4690,
0x228fd104,
0x719bf44f,
0xf971f000,
0x0f01f1b8,
0x4b82d10e,
0x601a2202,
0xf8c32215,
0x22502480,
0x2498f8c3,
0xf8c3225e,
0x2243249c,
0x24a0f8c3,
0xf24022ff,
0x46201135,
0x0900f04f,
0xf957f000,
0xf44f2222,
0x46207180,
0xf951f000,
0xf44f2242,
0x46207185,
0xf94bf000,
0xf44f2201,
0x46207181,
0xf945f000,
0xf24022ff,
0x46201103,
0xf93ff000,
0xf44f221f,
0x46207182,
0xf939f000,
0x1105f240,
0xf0004620,
0x2800f92a,
0xf04fd05f,
0xf44f0900,
0x46207183,
0xf921f000,
0x051ff010,
0x2500d06a,
0x1107f240,
0xf0004620,
0x2800f918,
0x4681d171,
0x7184f44f,
0xf0004620,
0xf010f910,
0xd176051f,
0x4620b2ae,
0x71a0f506,
0x1a13f206,
0xfa1fb289,
0xf506fa8a,
0xf000798a,
0x4602f900,
0x46204651,
0xf989fa1f,
0xf903f000,
0x1141f206,
0xb2894620,
0xf8f3f000,
0x13c7f3c0,
0x46492201,
0xf0004620,
0x4651f909,
0xf0004620,
0xf847f8e8,
0x46490025,
0xf0004620,
0xeb07f8e2,
0x35020385,
0xf0002d1a,
0x60580001,
0xf1b8d1cc,
0xd0500f01,
0xf24022ff,
0x4620112d,
0xf8dbf000,
0x4620231f,
0xf44f461a,
0xf0007197,
0x2001f8e7,
0x2e00e00d,
0x45b1d096,
0xf240d10d,
0x46201105,
0xf8bff000,
0x48304601,
0xfe2af7ff,
0x37682000,
0xe8bd46bd,
0xf10987f0,
0xe7830901,
0xd08a2e00,
0xd10745b1,
0x7183f44f,
0xf0004620,
0x4601f8aa,
0xe7e94826,
0x0901f109,
0x2e00e77d,
0x42b5d084,
0xf240d107,
0x46201107,
0xf89bf000,
0x48204601,
0x3501e7da,
0x2e00e778,
0xaf7ef43f,
0xd10745b1,
0x7184f44f,
0xf0004620,
0x4601f88c,
0xe7cb4819,
0x0901f109,
0x4b13e770,
0x25002202,
0x2215601a,
0x2480f8c3,
0xf8c32228,
0x22af2498,
0x249cf8c3,
0xf8c32221,
0xf81724a0,
0xb2ae2025,
0x1113f206,
0xb2894620,
0xf877f000,
0x0385eb07,
0x718af506,
0xb2892201,
0x4620791b,
0xf0003502,
0x2d1af87f,
0xe787d1e9,
0xf0024008,
0xf07c3aa4,
0xf07c3ac2,
0xf07c3ae0,
0xf07c3afe,
0x616c6544,
0x6e696c79,
0x204b5f65,
0x6c696166,
0x31783020,
0x3d203530,
0x25783020,
0x65440078,
0x6c79616c,
0x5f656e69,
0x6166204b,
0x30206c69,
0x36303178,
0x30203d20,
0x00782578,
0x616c6544,
0x6e696c79,
0x204b5f65,
0x6c696166,
0x31783020,
0x3d203730,
0x25783020,
0x65440078,
0x6c79616c,
0x5f656e69,
0x6166204b,
0x30206c69,
0x38303178,
0x30203d20,
0x00782578,
0xaf00b580,
0xbd806800,
0xaf00b580,
0xbd806001,
0x4070f100,
0x3000f500,
0xaf00b580,
0xbd806800,
0xaf00b580,
0x2003f3c0,
0xb580bd80,
0xaf00b2c0,
0x0089bd80,
0x4170f101,
0x5180f501,
0xaf00b580,
0xb2c06808,
0x0089bd80,
0x4170f101,
0x5180f501,
0xaf00b580,
0xbd80600a,
0xf1010089,
0xf5014170,
0xb5805180,
0x6808af00,
0xbd804010,
0x40130089,
0x4170f101,
0x5180f501,
0xaf00b580,
0xea206808,
0x43180002,
0x6008b2c0,
0xb580bd80,
0xaf004613,
0xffecf7ff,
0x0089bd80,
0x4170f101,
0x5180f501,
0xaf00b580,
0x40106808,
0xb2c04118,
0xb598bd80,
0x7c3caf00,
0xf303fa04,
0xf7ffb2db,
0xbd98ffd7,
0xe92d0089,
0xf10141f0,
0xaf004570,
0x46984616,
0x5580f505,
0x2002240a,
0xf89af001,
0x40316829,
0xd0044541,
0xd1f63c01,
0xe8bd4620,
0x200181f0,
0x81f0e8bd,
0xaf00b5f8,
0x461e460d,
0xffe0f7ff,
0xb9584604,
0x463200ab,
0xf1034805,
0xf5034370,
0x46295380,
0xb2db681b,
0xfcfaf7ff,
0xbdf84620,
0xf07c3c6c,
0x400a4042,
0xaf00b580,
0xbd804050,
0x3101b5b0,
0x24016805,
0xfa04af00,
0x4094f101,
0xf202fa03,
0x406a1b09,
0x40694011,
0xbdb06001,
0x63656863,
0x7968706b,
0x78305b20,
0x78333025,
0x30253d5d,
0x65207832,
0x726f7272,
0x3025203a,
0x000a7832,
0xf07c3cc5,
0xf07c3ca9,
0xf07c3d05,
0xf07c3d81,
0xf07c3ce9,
0xf07c3ccd,
0xaf00b580,
0x68134a03,
0xd5fc069b,
0x60184b02,
0xbf00bd80,
0xf0290014,
0xf0290000,
0xaf00b580,
0x0000bd80,
0xaf00b580,
0x68134a03,
0xd5fc07db,
0x68184b02,
0xbd80b2c0,
0xf0300014,
0xf0300000,
0xaf00b580,
0x68134a03,
0xd5fc069b,
0x60184b02,
0xbf00bd80,
0xf0300014,
0xf0300000,
0xaf00b580,
0x68134a03,
0xd5fc07db,
0x68184b02,
0xbd80b2c0,
0xf0290014,
0xf0290000,
0x211a4a14,
0xaf00b580,
0xf4436813,
0x60132300,
0x3098f8d2,
0x23c0f423,
0x3098f8c2,
0x3280f502,
0x68133264,
0x6300f443,
0x4b0b6013,
0xf042781a,
0x701a0280,
0x70114a09,
0x71112100,
0xf002781a,
0x701a027f,
0xf042781a,
0x701a0203,
0xf8032207,
0xbd802c04,
0xf0010010,
0xf030000c,
0xf0300000,
0xaf00b580,
0xffccf7ff,
0x0000bd80,
0x22004b08,
0xaf00b580,
0x615a6959,
0x4906545a,
0x07d2780a,
0x4a05d5fc,
0xb2d27812,
0x69597002,
0xbd80545a,
0x01000074,
0xf0290014,
0xf0290000,
0xb5804b05,
0x781baf00,
0x0301f013,
0x4b03bf1c,
0x7003781b,
0xbf00bd80,
0xf0290014,
0xf0290000,
0x22004b13,
0xaf00b5f0,
0x4d126959,
0x545a4e12,
0x695a615a,
0xd9002a13,
0x7829bdf0,
0xd5f907c9,
0x46047831,
0xf804b2c9,
0x29081b01,
0x5499695a,
0xb10ad104,
0x615a3a01,
0xe7ea4620,
0xd102290a,
0x70432300,
0x290dbdf0,
0x3201d0fa,
0xbf00e7f3,
0x01000074,
0xf0290014,
0xf0290000,
0x4604b5b0,
0xaf001845,
0xd10042ac,
0x4620bdb0,
0xf7ff3401,
0xe7f7ff9f,
0xe3500000,
0xe92d4800,
0xe28db004,
0x0a000003,
0xe3500001,
0xe59f000c,
0x13a00000,
0xe8bd8800,
0xe59f0004,
0xe8bd8800,
0xf07c3c9c,
0xf07c3c90,
0xb5804b02,
0x6018af00,
0xbf00bd80,
0xf01e0100,
0xb5802801,
0xd106af00,
0x68134a03,
0x6380f423,
0x0304f023,
0xbd806013,
0xffe40000,
0x0301ea40,
0xaf00b590,
0xd121079c,
0xf6474b12,
0x601c7424,
0x4470f104,
0x74a0f504,
0x480f6020,
0xf6476001,
0x60187025,
0x07c06818,
0x4b0cd4fc,
0xf3c1b15a,
0x1e48014f,
0xf3c14341,
0x6819004f,
0x4011eb00,
0xb200b280,
0x6818bd90,
0xe7fa0c00,
0x30fff04f,
0xbf00bd90,
0xf0008060,
0xf0008068,
0xf000806c,
0xf1000500,
0xb5804370,
0x6858af00,
0x0020f010,
0x681bd009,
0x0007f003,
0x03c0f3c3,
0x0218f100,
0x40902001,
0xbd804098,
0x2800b590,
0xaf004a0a,
0x4b0b4c0a,
0x4613bf08,
0x02ecf1a2,
0x4622bf08,
0x601c680c,
0x605c684c,
0x60996889,
0x20011e43,
0x60104098,
0xbd902000,
0xf01e010c,
0xf01e0010,
0xf01e0124,
0x00000000,
0xaf00b5f8,
0xf0014604,
0x4b0cf842,
0xb99b4606,
0x21014d0b,
0xf842f001,
0xb922682a,
0x46302101,
0xf858f001,
0x3c01bdf8,
0x0f01f814,
0xd0f52800,
0x685b682b,
0xe7f74798,
0xbf00bdf8,
0x00000000,
0xf07c3f74,
0xb5804b03,
0x6018af00,
0x6803b108,
0xbd804798,
0xf07c3f74,
0xb5804b02,
0x6818af00,
0xbf00bd80,
0xf07c3f74,
0x4604b598,
0xaf004803,
0xffc6f7ff,
0xf7ff4620,
0xbd98ffc3,
0xf07c40a0,
0x4605b5b0,
0xaf004809,
0xf7ff460c,
0x4628ffb9,
0xffb6f7ff,
0xf7ff4806,
0x4620ffb3,
0xf960f000,
0xffaef7ff,
0xf7ff4803,
0xbdb0ffab,
0xf07c40a0,
0xf07c409c,
0xf07c3483,
0x4ff8e92d,
0xf8df4606,
0xaf00a05c,
0xb058f8df,
0x46044688,
0x0308eb06,
0xd301429c,
0x8ff8e8bd,
0x1f25480e,
0x090cf104,
0xff8ef7ff,
0xf0004620,
0xf7fff93b,
0x4650ff89,
0xff86f7ff,
0x0f04f855,
0xf932f000,
0xff80f7ff,
0xf7ff4658,
0x454dff7d,
0x4803d1f4,
0xf7ff3410,
0xe7dbff77,
0xf07c409d,
0xf07c3483,
0xf07c333a,
0xf07c33cf,
0x00783020,
0x00003a45,
0x00f00000,
0xe92d4800,
0xe1a03000,
0xe28db004,
0xe3a00000,
0xe3530000,
0x1a000000,
0xe8bd8800,
0xe2032001,
0xe0800002,
0xe1a030a3,
0xeafffff8,
0xe59f300c,
0xe92d4800,
0xe28db004,
0xe5830000,
0xe8bd8800,
0xf07c40a4,
0xe59f300c,
0xe92d4800,
0xe28db004,
0xe5930000,
0xe8bd8800,
0xf07c40a4,
0xe59f3020,
0xe92d4800,
0xe28db004,
0xe5932080,
0xe3520000,
0x05930084,
0x016f0f10,
0x01a002a0,
0x13a00000,
0xe8bd8800,
0xf0050000,
0xe92d4800,
0xe30a3a55,
0xe1d003b0,
0xe28db004,
0xe0400003,
0xe16f0f10,
0xe1a002a0,
0xe8bd8800,
0xaf00b5b0,
0x460d4604,
0xfeb0f000,
0xf6474b1b,
0x601a7224,
0x4270f102,
0x72a0f502,
0x60556014,
0xf042681a,
0x601a0201,
0x681a681a,
0xd4fc07d2,
0x4a13086b,
0x43591e59,
0x08496812,
0x4112eb01,
0xb1b9b289,
0xf000480f,
0x480fff6a,
0xf0004621,
0x480eff66,
0xf0004629,
0x4a0dff62,
0xf4436813,
0x60133300,
0x4a0c4b0b,
0x3a01601a,
0x430a6819,
0xe7fe601a,
0x22034b09,
0xbdb0601a,
0xf0008060,
0xf000806c,
0xf07c4284,
0xf07c4296,
0xf07c429f,
0xf0120020,
0xf0141000,
0x5a960002,
0xf00080a0,
0xf06f4b09,
0xb5800203,
0x601aaf00,
0x33fff04f,
0x44014a06,
0x60536013,
0x22016093,
0x60184b04,
0xf8436059,
0xbd802c10,
0xf0000090,
0xf0000094,
0xf0000070,
0x22014b04,
0xaf00b580,
0x2200601a,
0x2c08f843,
0xbf00bd80,
0xf0000068,
0xb5804b06,
0x6818af00,
0x0001f010,
0x6859d005,
0xb2c94803,
0xff0df000,
0xbd802001,
0xf0000068,
0xf07c42a8,
0xb5804b03,
0x6818af00,
0x000ff000,
0xbf00bd80,
0xf0010000,
0x20004b02,
0xaf00b580,
0xbd80681b,
0xe0007ffc,
0x63656863,
0x6d75736b,
0x766e6920,
0x64696c61,
0x7766003d,
0x64646120,
0x66003d72,
0x69732077,
0x003d657a,
0x4d415244,
0x6f727020,
0x74636574,
0x74206465,
0x67676972,
0x2c647265,
0x00484320,
0x00000000,
0x00000000,
0x00000000,
0x00000000,
0x00000000,
0xaf00b5b0,
0xf0004604,
0x4b0dfe92,
0xeb00211c,
0xf04f00c0,
0x44184570,
0xea044602,
0x32010305,
0x40cb092d,
0xb2db3904,
0x3c01f802,
0xbf8c2b09,
0x33303337,
0x3c01f802,
0xd1ee1d0b,
0xbf00bdb0,
0xf07c42c4,
0xaf00b5f8,
0xf0004604,
0x4b15fe70,
0xeb002100,
0x189802c0,
0x32015099,
0x60816041,
0x0103f000,
0x0603f020,
0xf3c400cd,
0xf8d61103,
0x2909c000,
0xbf94441a,
0x31373130,
0x0303f002,
0x0203f022,
0xea4140a9,
0x6031010c,
0xf00400d9,
0x6814030f,
0xbf8c2b09,
0x33303337,
0x4323408b,
0xbdf86013,
0xf07c42c4,
0x1e42b590,
0x2000af00,
0xf812210a,
0xb9033f01,
0x3b30bd90,
0x2c09b2dc,
0xfb01bf98,
0xe7f43000,
0x00000000,
0x4603b5f0,
0xaf004244,
0x0403f004,
0x34fff114,
0xb2ccd217,
0x020d461e,
0x6401ea44,
0x432cb2ad,
0xf405040d,
0x432c057f,
0x441d1b95,
0xd80e2d03,
0x0403f022,
0x0203f002,
0x441a4423,
0xd1094293,
0x2a00bdf0,
0x7019d0e2,
0x33013a01,
0xf846e7de,
0xe7e94b04,
0x1b01f803,
0xea80e7f0,
0x079b0301,
0xaf00b5f0,
0x440ad009,
0x42911e43,
0xbdf0d100,
0x4b01f811,
0x4f01f803,
0x424ce7f7,
0xf0044603,
0xf1140403,
0xd21034ff,
0x460d1f1e,
0x440c1b54,
0xd8132c03,
0x0403f022,
0x0203f002,
0x3c014421,
0x440a4423,
0xd10e4291,
0x2a00bdf0,
0x780dd0e9,
0x33013a01,
0xf8033101,
0xe7e25c01,
0x4b04f855,
0x4f04f846,
0xf811e7e2,
0xf8034b01,
0xe7e94f01,
0x4603b580,
0x781aaf00,
0xb90a1c59,
0xbd801a18,
0xe7f8460b,
0x4603b590,
0xaf004401,
0xd002428b,
0x1c5c781a,
0x1a18b90a,
0x4623bd90,
0xb590e7f6,
0x44024603,
0x4293af00,
0xbd90d100,
0xf803780c,
0x2c004b01,
0x3101d0f7,
0xb5b0e7f5,
0xb15aaf00,
0x46234604,
0x781d3401,
0xd1fa2d00,
0xf811441a,
0xf8034b01,
0xb9044b01,
0x429abdb0,
0x2300d1f7,
0xbdb07013,
0x1e43b590,
0xaf00440a,
0xd1014291,
0xe0082000,
0x4f01f813,
0x0b01f811,
0xb2401a20,
0x2c00b908,
0xbd90d1f2,
0xaf00b5b0,
0x460c4605,
0xf7ffb2e4,
0x182bffad,
0x3b014618,
0x42a27802,
0x429dd002,
0x2000d9f8,
0xb580bdb0,
0xaf001e42,
0x3b01f811,
0x3f01f802,
0xd1f92b00,
0xb590bd80,
0xaf004602,
0x32014613,
0x2c00781c,
0x3b01d1fa,
0x2b01f811,
0x2f01f803,
0xd1f92a00,
0xb580bd90,
0xaf00b2c9,
0xf8104602,
0x428b3b01,
0x4610d101,
0x2b00bd80,
0x4618d1f6,
0xb590bd80,
0x44023901,
0x4603af00,
0xd1014293,
0xbd902000,
0xf8117818,
0x1b004f01,
0x3301d1f9,
0xe92de7f4,
0x460647f0,
0x4608af00,
0xf7ff468a,
0x4680ff63,
0xf1b84630,
0xd0170f00,
0xff5cf7ff,
0x46054681,
0xeba94545,
0xeb060005,
0xda020400,
0xe8bd2000,
0x464287f0,
0x46204651,
0xf7ff3d01,
0x2800ffd0,
0x4620d1ee,
0x87f0e8bd,
0x87f0e8bd,
0x1e42b580,
0xf812af00,
0xf8113f01,
0x1a180b01,
0xb908b240,
0xd1f62b00,
0x4288bd80,
0xaf00b590,
0x0302eb01,
0x1e42d808,
0xd1004299,
0xf811bd90,
0xf8024b01,
0xe7f74f01,
0x1ad21881,
0xd10042d3,
0xf813bd90,
0xf8014d01,
0xe7f74d01,
0xaf00b5b0,
0x4b13b930,
0xb9186818,
0x42a2bdb0,
0x4618d104,
0x460d4603,
0x2b01f813,
0x4b01f815,
0xd1f42c00,
0x4b0bb932,
0x601a4610,
0x4613bdb0,
0xb914e00c,
0x2b01f813,
0xf815460d,
0x42a24b01,
0x2a00d1f7,
0x2200d0f3,
0x2c01f803,
0x60134a01,
0xbf00bdb0,
0xf07c43a0,
0xb2c9b5f0,
0x4603af00,
0x0784b10a,
0xea41d10e,
0xf8df2301,
0xea43c07c,
0x2a034603,
0xd80b4603,
0x429a4402,
0xd12b4618,
0xbdf02000,
0x3001781c,
0xd02a42a1,
0xe7e63a01,
0x4b04f853,
0xf1a44074,
0xf1053501,
0x406c4500,
0x0404ea3c,
0xf813d015,
0x42a14c04,
0xf813d018,
0x42a14c03,
0x3001d101,
0xf813bdf0,
0x42a14c02,
0x3002d101,
0xf813bdf0,
0x42a14c01,
0x3003d101,
0x3a04bdf0,
0xe7cc4618,
0x33017804,
0xd1cc42a1,
0x4618bdf0,
0xbf00e7fc,
0x81010100,
0xf00d8000,
0xe59f2054,
0xe3500000,
0xe92d4800,
0xe28db004,
0xe5923000,
0xe59f1044,
0xe3c33040,
0xe5823000,
0xe2822a0f,
0xe5923070,
0xe3833601,
0xe5823070,
0x13a02002,
0xe59f3028,
0x05932000,
0x1583001c,
0x03c22002,
0x05832000,
0x059f3018,
0x15832000,
0x05813000,
0x15810000,
0xe8bd8800,
0xf0011000,
0xf07c4724,
0xf00d0000,
0xf00d8000,
0xe59f2024,
0xe92d4800,
0xe28db004,
0xe5923000,
0xe3833040,
0xe5823000,
0xe2822a0f,
0xe5923070,
0xe3c33601,
0xe5823070,
0xe8bd8800,
0xf0011000,
0xe59f3040,
0xe3a02000,
0xe92d4800,
0xe28db004,
0xe5933000,
0xe59f0030,
0xe1a01003,
0xe4812004,
0xe3a024ff,
0xe5832004,
0xfb00021e,
0xe59f301c,
0xe5932010,
0xe5832010,
0xe5932000,
0xe3822001,
0xe5832000,
0xe8bd8800,
0xf07c4724,
0x01000024,
0xf00d0000,
0xe59f2024,
0xe92d4800,
0xe28db004,
0xe5923000,
0xe3c004ff,
0xe5831000,
0xe3800401,
0xe5830004,
0xe2833008,
0xe5823000,
0xe8bd8800,
0xf07c4724,
0xe59f2024,
0xe92d4800,
0xe28db004,
0xe5923000,
0xe3c004ff,
0xe5831000,
0xe3800403,
0xe5830004,
0xe2833008,
0xe5823000,
0xe8bd8800,
0xf07c4724,
0xe59f2024,
0xe92d4800,
0xe28db004,
0xe5923000,
0xe3c004ff,
0xe5831000,
0xe3800301,
0xe5830004,
0xe2833008,
0xe5823000,
0xe8bd8800,
0xf07c4724,
0xe59f2020,
0xe3a01405,
0xe92d4800,
0xe28db004,
0xe5923000,
0xe5830000,
0xe2833008,
0xe5031004,
0xe5823000,
0xe8bd8800,
0xf07c4724,
0xe59f2024,
0xe92d4800,
0xe28db004,
0xe5923000,
0xe3c004ff,
0xe5831000,
0xe3800406,
0xe5830004,
0xe2833008,
0xe5823000,
0xe8bd8800,
0xf07c4724,
0xe59f2024,
0xe92d4800,
0xe28db004,
0xe5923000,
0xe3c004ff,
0xe5831000,
0xe3800407,
0xe5830004,
0xe2833008,
0xe5823000,
0xe8bd8800,
0xf07c4724,
0xe3510010,
0xe92d4830,
0xe1a04001,
0x059f1088,
0xe28db00c,
0xe1a05000,
0x0a000015,
0xe3540011,
0x059f1078,
0x0a000012,
0xe3540012,
0x059f1070,
0x0a00000f,
0xe3540020,
0x059f1068,
0x0a00000c,
0xe3540021,
0x059f1060,
0x0a000009,
0xe3540022,
0x059f1058,
0x0a000006,
0xe2443040,
0xe3530003,
0x959f104c,
0x9a000002,
0xe59f0048,
0xfa0001af,
0xe3a01000,
0xe59f2040,
0xe3c554ff,
0xe5923000,
0xe3855302,
0xe1844001,
0xe5834000,
0xe2833008,
0xe5035004,
0xe5823000,
0xe8bd8830,
0xf0220000,
0xf0350000,
0xf01a0000,
0xf0230000,
0xf0320000,
0xf0340000,
0xf0240000,
0x0100002d,
0xf07c4724,
0xe59f2020,
0xe3800409,
0xe92d4800,
0xe28db004,
0xe5923000,
0xe5831000,
0xe2833008,
0xe5030004,
0xe5823000,
0xe8bd8800,
0xf07c4724,
0xe59f2020,
0xe380040a,
0xe92d4800,
0xe28db004,
0xe5923000,
0xe5831000,
0xe2833008,
0xe5030004,
0xe5823000,
0xe8bd8800,
0xf07c4724,
0xe59f2020,
0xe380040b,
0xe92d4800,
0xe28db004,
0xe5923000,
0xe5831000,
0xe2833008,
0xe5030004,
0xe5823000,
0xe8bd8800,
0xf07c4724,
0xe59f2020,
0xe3800303,
0xe92d4800,
0xe28db004,
0xe5923000,
0xe5831000,
0xe2833008,
0xe5030004,
0xe5823000,
0xe8bd8800,
0xf07c4724,
0xe59f2024,
0xe92d4800,
0xe28db004,
0xe5923000,
0xe3c004ff,
0xe5831000,
0xe380040d,
0xe5830004,
0xe2833008,
0xe5823000,
0xe8bd8800,
0xf07c4724,
0xe59f2024,
0xe92d4800,
0xe28db004,
0xe5923000,
0xe3c004ff,
0xe5831000,
0xe380040f,
0xe5830004,
0xe2833008,
0xe5823000,
0xe8bd8800,
0xf07c4724,
0xe92d4800,
0xe28db004,
0xe59f200c,
0xe5923010,
0xe3130037,
0x0afffffc,
0xe8bd8800,
0xf00d0000,
0xe59f3070,
0xe92d4800,
0xe28db004,
0xe5933070,
0xe3130601,
0x0a00000d,
0xe59f305c,
0xe5933010,
0xe3130001,
0x1a00000b,
0xe3130002,
0x1a00000b,
0xe3130004,
0x1a00000b,
0xe3130010,
0x1a00000b,
0xe3130020,
0x13a00005,
0x03a00000,
0xe8bd8800,
0xe3a00006,
0xe8bd8800,
0xe3a00001,
0xe8bd8800,
0xe3a00002,
0xe8bd8800,
0xe3a00003,
0xe8bd8800,
0xe3a00004,
0xe8bd8800,
0xf0020000,
0xf00d0000,
0xe92d4830,
0xe3a00000,
0xe59f40a4,
0xe28db00c,
0xe59f50a0,
0xebfffeda,
0xe3003503,
0xe3a01007,
0xe5843000,
0xe2833cfd,
0xe5843004,
0xe1a00005,
0xe59f3084,
0xe5843008,
0xe3003506,
0xe584300c,
0xe59f3078,
0xe5843010,
0xe3003605,
0xe5843014,
0xe3a03000,
0xe5843018,
0xebffff1d,
0xe1a00005,
0xe3a01001,
0xebffff0e,
0xe59f0054,
0xe3a01606,
0xebffff17,
0xe59f004c,
0xe3a01010,
0xebffff08,
0xe59f0044,
0xe3031003,
0xebfffef9,
0xe59f103c,
0xe59f003c,
0xebfffef6,
0xe3a01010,
0xe1a00004,
0xebffff3a,
0xebfffedd,
0xebffffac,
0xebfffecf,
0xe8bd8830,
0xf0900000,
0xf0010010,
0x0012c080,
0x04030201,
0xf00100a8,
0xf0020074,
0xf0220018,
0x00140014,
0xf022000c,
0xb082b5b0,
0xaf004822,
0x23004c22,
0x214c603b,
0x3010607b,
0x3c03f810,
0x2c04f810,
0xeb03041b,
0xf8106302,
0x4d1c2c01,
0xf8104413,
0x60212c02,
0xeb034629,
0xf0002202,
0x235af911,
0xf0006023,
0x2349f843,
0xf0006023,
0x2344f8fb,
0x60234638,
0x603d4b12,
0x607a69da,
0xf0008a9d,
0xb283e9f8,
0xd106429d,
0xf000480e,
0x2000f9bf,
0x46bd3708,
0xb284bdb0,
0x4621480b,
0xf9bbf000,
0x4621480a,
0xf9b7f000,
0x46294809,
0xf9b3f000,
0xbf00e7ed,
0xf07c50d0,
0xf0290000,
0x01000000,
0xf07c0000,
0x0100003c,
0x0100004c,
0x0100005c,
0x01000066,
0xb5804b04,
0x6819af00,
0x1a52681a,
0xd3fb4282,
0xbf00bd80,
0xf0040108,
0x2300b580,
0xee07af00,
0xee073f15,
0xf3bf3fd5,
0xf3bf8f4f,
0xbd808f6f,
0xaf00b5b0,
0x2802b168,
0x4b10d114,
0x72fff64f,
0x681a601a,
0x2a00b292,
0x4b0dd1fb,
0x601a2201,
0x4b0ce005,
0x4b0c681c,
0x42a0681d,
0xb109db03,
0x8f4ff3bf,
0x0782bdb0,
0x42ab2300,
0x3001db01,
0x3240e7f3,
0x2f5aee07,
0xe7f63301,
0xffe007bc,
0xffe00730,
0xf07c0afc,
0xf07c0af8,
0xaf00b5f0,
0x2802b158,
0x4b16d11f,
0x2300681a,
0x08524614,
0x2a013301,
0x4a13d8fb,
0x4b13e008,
0x4603681a,
0x08524614,
0x2a013301,
0x4a10d8fb,
0xc000f8d2,
0x0320f1c3,
0xfa022201,
0x2200f303,
0xdb0342a2,
0xf3bfb109,
0xbdf08f4f,
0x25004606,
0xdb024565,
0x32014418,
0x3640e7f2,
0x6f56ee07,
0xe7f53501,
0xf07c0af4,
0xf07c0af0,
0xf07c0afc,
0xf07c0af8,
0x2101b580,
0x2000af00,
0xffc0f7ff,
0x20022100,
0xffbcf7ff,
0x8f4ff3bf,
0xb5f0bd80,
0xb158af00,
0xd11f2802,
0x681a4b16,
0x46142300,
0x33010852,
0xd8fb2a01,
0xe0084a13,
0x681a4b13,
0x46144603,
0x33010852,
0xd8fb2a01,
0xf8d24a10,
0xf1c3c000,
0x22010320,
0xf303fa02,
0x42a22200,
0xb109db03,
0x8f4ff3bf,
0x4606bdf0,
0x45652500,
0x4418db02,
0xe7f23201,
0xee073640,
0x35016f5e,
0xbf00e7f5,
0xf07c0af4,
0xf07c0af0,
0xf07c0afc,
0xf07c0af8,
0x2101b580,
0x2000af00,
0xffbff7ff,
0x20022100,
0xffbbf7ff,
0x8f4ff3bf,
0xbf00bd80,
0x47f0e92d,
0x2a00af00,
0xf890d046,
0x2600e000,
0x5cc52301,
0x45ae1c5c,
0x5d05d13a,
0x0904eb00,
0xf801b945,
0x3302e006,
0x42933601,
0x4630d3f1,
0x87f0e8bd,
0xf04f464d,
0xf8150c00,
0xf0188b01,
0xf0080f80,
0xea43037f,
0xeba51ccc,
0xd1f40309,
0x24004423,
0x0903eb00,
0xf815464d,
0xf0188b01,
0xf0080f80,
0xea4a0a7f,
0xeba514c4,
0xd1f40a09,
0x0806eb01,
0x46454453,
0xeba54264,
0x45cc0908,
0x4466d801,
0xf815e7d1,
0xf8059004,
0xe7f49b01,
0x4623558d,
0xe7c83601,
0xe8bd4610,
0xb5f887f0,
0xaf004606,
0xf04f241c,
0xea064570,
0x092d0005,
0x3c0440e0,
0xbf8c2809,
0x30303037,
0xf000b2c0,
0x1d23f803,
0xbdf8d1f1,
0xaf00b580,
0x78134a03,
0xd5fc069b,
0x70184b02,
0xbf00bd80,
0xf0290014,
0xf0290000,
0x1e41b580,
0xf811af00,
0xb9000f01,
0xf7ffbd80,
0xe7f8ffe9,
0xb5802801,
0x2000bf04,
0xaf004a06,
0xf04fbf11,
0x681330ff,
0x6380f443,
0x0304f043,
0x6013bf08,
0xbf00bd80,
0xffe40000,
0xaf00b580,
0x0f50ee39,
0x6001f3c0,
0xb580bd80,
0xee10af00,
0xf0000fb0,
0xbd800003,
0xaf00b580,
0x4b08b938,
0x60194a08,
0xea316813,
0xd1fb0303,
0x4b06bd80,
0x60194a06,
0xea316813,
0xd1fb0303,
0xbf00bd80,
0xf01e0040,
0xf01e0048,
0xf01e0050,
0xf01e0058,
0xaf00b580,
0x4b02b910,
0xbd806019,
0xe7fb4b01,
0xf01e0044,
0xf01e0054,
0xaf00b580,
0xff86f7fe,
0xb598bd80,
0x460caf00,
0xff80f7fe,
0xf7fe4805,
0x4620ff7d,
0xf92af7ff,
0xff78f7fe,
0xf7fe4802,
0xbd98ff75,
0xf07c409c,
0xf07c3483,
0x4604b598,
0x1003f3c0,
0x2809af00,
0x3030bf94,
0xb2c03037,
0xff78f7ff,
0x000ff004,
0xbf942809,
0x30373030,
0xf7ffb2c0,
0xbd98ff6f,
0x00000000,
0xe51ff004,
0x01000001,
0x314c4342,
0x09000000,
0x44510000,
0x68000000,
0x00b59002,
0x046842af,
0x52200068,
0x93460308,
0x80d10142,
0x34bd90b2,
0x191013f8,
0x08330144,
0xffe7f544,
0x646e65ff,
0x646f6320,
0x6e690065,
0x73206674,
0x65206c65,
0x0a0d7272,
0x430a0d00,
0x55534b48,
0x4e55204d,
0x214b4f5a,
0x4e100d02,
0x63002147,
0x5f636c61,
0x3d6d7573,
0x69622000,
0x0a06026e,
0x00000000,
0x00000000,
0x00000000,
0x00000000,
0x00000000,
0x00000000,
0x00000000,
0x00000000,
0x00000000,
0x00000000,
0x00000000,
0x00000000,
0x00000000,
0x00000000,
0x00000000,
0x00000000,
0x00000000,
0x00000000,
0x00000000,
0x00000000,
0x00000000,
0x00000000,
0x00000000,
0x00000000,
0x00000000,
0x00000000,
0x00000000,
0x00000000,
0x00000000,
0x00000000,
0x00000000,
0x00000000,
0x00000000,
0x00000000,
0x00000000,
0x00000000,
0x00000000,
0x00000000,
0x00000000,
0x00000000,
0x00000000,
0x00000000,
0x00000000,
0x00000000,
0x00000000,
0x00000000,
0x00000000,
0x00000000,
0x00000000,
0x00000000,
0x00000000,
0x00000000,
0x00000000,
0x00000000,
0x00000000,
0x00000000,
0x00000000,
0x00000000,
0x00000000,
0x00000000,
0x00000000,
0x00000000,
0x00000000,
0x00000000,
0x00000000,
0x00000000,
0x00000000,
0x00000000,
0x00000000,
0x00000000,
0x00000000,
0x00000000,
0x00000000,
0x00000000,
0x00000000,
0x00000000,
0x00000000,
0x00000000,
0x00000000,
0x00000000,
0x00000000,
0x00000000,
0x00000000,
0x00000000,
0x00000000,
0x00000000,
0x00000000,
0x00000000,
0x00000000,
0x00000000,
0x00000000,
0x00000000,
0x00000000,
0x00000000,
0x00000000,
0x00000000,
0x00000000,
0x00000000,
0x00000000,
0x00000000,
0x00000000,
0x00000000,
0x00000000,
0x00000000,
0x00000000,
0x00000000,
0x00000000,
0x00000000,
0x00000000,
0x00000000,
0x00000000,
0x00000000,
0x00000000,
0x00000000,
0x00000000,
0x00000000,
0x00000000,
0x00000000,
0x00000000,
0x00000000,
0x00000000,
0x00000000,
0x00000000,
0x00000000,
0x00000000,
0x00000000,
0x00000000,
0x00000000,
0x00000000,
0x00000000,
0x00000000,
0x00000000,
0x00000000,
0x00000000,
0x00000000,
0x00000000,
0x00000000,
0x00000000,
0x00000000,
0x00000000,
0x00000000,
0x00000000,
0x00000000,
0x00000000,
0x00000000,
0x00000000,
0x00000000,
0x00000000,
0x00000000,
0x00000000,
0x00000000,
0x00000000,
0x00000000,
0x00000000,
0x00000000,
0x00000000,
0x00000000,
0x00000000,
0x00000000,
0x00000000,
0x00000000,
0x00000000,
0x00000000,
0x00000000,
0x00000000,
0x00000000,
0x00000000,
0x00000000,
0x00000000,
0x00000000,
0x00000000,
0x00000000,
0x00000000,
0x00000000,
0x00000000,
0x00000000,
0x00000000,
0x00000000,
0x00000000,
0x00000000,
0x00000000,
0x00000000,
0x00000000,
0x00000000,
0x00000000,
0x00000000,
0x00000000,
0x00000000,
0x00000000,
0x00000000,
0x00000000,
0x00000000,
0x00000000,
0x00000000,
0x00000000,
0x00000000,
0x00000000,
0x00000000,
0x00000000,
0x00000000,
0x00000000,
0x00000000,
0x00000000,
0x00000000,
0x00000000,
0x00000000,
0x00000000,
0x00000000,
0x00000000,
0x00000000,
0x00000000,
0x00000000,
0x00000000,
0x00000000,
0x00000000,
0x00000000,
0x00000000,
0x00000000,
0x00000000,
0x00000000,
0x00000000,
0x00000000,
0x00000000,
0x00000000,
0x00000000,
0x00000000,
0x00000000,
0x00000000,
0x00000000,
0x00000000,
0x00000000,
0x00000000,
0x00000000,
0x00000000,
0x00000000,
0x00000000,
0x00000000,
0x00000000,
0x00000000,
0x00000000,
0x00000000,
0x00000000,
0x00000000,
0x00000000,
0x00000000,
0x00000000,
0x00000000,
0x00000000,
0x00000000,
0x00000000,
0x00000000,
0x00000000,
0x00000000,
0x00000000,
0x00000000,
0x00000000,
0x00000000,
0x00000000,
0x00000000,
0x00000000,
0x00000000,
0x00000000,
0x00000000,
0x00000000,
0x00000000,
0x00000000,
0x00000000,
0x00000000,
0x00000000,
0x00000000,
0x00000000,
0x00000000,
0x00000000,
0x00000000,
0x00000000,
0x00000000,
0x00000000,
0x00000000,
0x00000000,
0x00000000,
0x00000000,
0x00000000,
0x00000000,
0x00000000,
0x00000000,
0x00000000,
0x00000000,
0x00000000,
0x00000000,
0x00000000,
0x00000000,
0x00000000,
0x00000000,
0x00000000,
0x00000000,
0x00000000,
0x00000000,
0x00000000,
0x00000000,
0x00000000,
0x00000000,
0x00000000,
0x00000000,
0x00000000,
0x00000000,
0x00000000,
0x00000000,
0x00000000,
0x00000000,
0x00000000,
0x00000000,
0x00000000,
0x00000000,
0x00000000,
0x00000000,
0x00000000,
0x00000000,
0x00000000,
0x00000000,
0x00000000,
0x00000000,
0x00000000,
0x00000000,
0x00000000,
0x00000000,
0x00000000,
0x00000000,
0x00000000,
0x00000000,
0x00000000,
0x00000000,
0x00000000,
0x00000000,
0x00000000,
0x00000000,
0x00000000,
0x00000000,
0x00000000,
0x00000000,
0x00000000,
0x00000000,
0x00000000,
0x00000000,
0x00000000,
0x00000000,
0x00000000,
0x00000000,
0x00000000,
0x00000000,
0x00000000,
0x00000000,
0x00000000,
0x00000000,
0x00000000,
0x00000000,
0x00000000,
0x00000000,
0x00000000,
0x00000000,
0x00000000,
0x00000000,
0x00000000,
0x00000000,
0x00000000,
0x00000000,
0x00000000,
0x00000000,
0x00000000,
0x00000000,
0x00000000,
0x00000000,
0x00000000,
0x00000000,
0x00000000,
0x00000000,
0x00000000,
0x00000000,
0x00000000,
0x00000000,
0x00000000,
0x00000000,
0x00000000,
0x00000000,
0x00000000,
0x00000000,
0x00000000,
0x00000000,
0x00000000,
0x00000000,
0x00000000,
0x00000000,
0x00000000,
0x00000000,
0x00000000,
0x00000000,
0x00000000,
0x00000000,
0x00000000,
0x00000000,
0x00000000,
0x00000000,
0x00000000,
0x00000000,
0x00000000,
0x00000000,
0x00000000,
0x00000000,
0x00000000,
0x00000000,
0x00000000,
0x00000000,
0x00000000,
0x00000000,
0x00000000,
0x00000000,
0x00000000,
0x00000000,
0x00000000,
0x00000000,
0x00000000,
0x00000000,
0x00000000,
0x00000000,
0x00000000,
0x00000000,
0x00000000,
0x00000000,
0x00000000,
0x00000000,
0x00000000,
0x00000000,
0x00000000,
0x00000000,
0x00000000,
0x00000000,
0x00000000,
0x00000000,
0x00000000,
0x00000000,
0x00000000,
0x00000000,
0x00000000,
0x00000000,
0x00000000,
0x00000000,
0x00000000,
0x00000000,
0x00000000,
0x00000000,
0x00000000,
0x00000000,
0x00000000,
0x00000000,
0x00000000,
0x00000000,
0x00000000,
0x00000000,
0x00000000,
0x00000000,
0x00000000,
0x00000000,
0x00000000,
0x00000000,
0x00000000,
0x00000000,
0x00000000,
0x00000000,
0x00000000,
0x00000000,
0x00000000,
0x00000000,
0x00000000,
0x00000000,
0x00000000,
0x00000000,
0x00000000,
0x00000000,
0x00000000,
0x00000000,
0x00000000,
0x00000000,
0x00000000,
0x00000000,
0x00000000,
0x00000000,
0x00000000,
0x00000000,
0x00000000,
0x00000000,
0x00000000,
0x00000000,
0x00000000,
0x00000000,
0x00000000,
0x00000000,
0x00000000,
0x00000000,
0x00000000,
0x00000000,
0x00000000,
0x00000000,
0x00000000,
0x00000000,
0x00000000,
0x00000000,
0x00000000,
0x00000000,
0x00000000,
0x00000000,
0x00000000,
0x00000000,
0x00000000,
0x00000000,
0x00000000,
0x00000000,
0x00000000,
0x00000000,
0x00000000,
0x00000000,
0x00000000,
0x00000000,
0x00000000,
0x00000000,
0x00000000,
0x00000000,
0x00000000,
0x00000000,
0x00000000,
0x00000000,
0x00000000,
0x00000000,
0x00000000,
0x00000000,
0x00000000,
0x00000000,
0x00000000,
0x00000000,
0x00000000,
0x00000000,
0x00000000,
0x00000000,
0x00000000,
0x00000000,
0x00000000,
0x00000000,
0x00000000,
0x00000000,
0x00000000,
0x00000000,
0x00000000,
0x00000000,
0x00000000,
0x00000000,
0x00000000,
0x00000000,
0x00000000,
0x00000000,
0x00000000,
0x00000000,
0x00000000,
0x00000000,
0x00000000,
0x00000000,
0x00000000,
0x00000000,
0x00000000,
0x00000000,
0x00000000,
0x00000000,
0x00000000,
0x00000000,
0x00000000,
0x00000000,
0x00000000,
0x00000000,
0x00000000,
0x00000000,
0x00000000,
0x00000000,
0x00000000,
0x00000000,
0x00000000,
0x00000000,
0x00000000,
0x00000000,
0x00000000,
0x00000000,
0x00000000,
0x00000000,
0x00000000,
0x00000000,
0x00000000,
0x00000000,
0x00000000,
0x00000000,
0x00000000,
0x00000000,
0x00000000,
0x00000000,
0x00000000,
0x00000000,
0x00000000,
0x00000000,
0x00000000,
0x00000000,
0x00000000,
0x00000000,
0x00000000,
0x00000000,
0x00000000,
0x00000000,
0x00000000,
0x00000000,
0x00000000,
0x00000000,
0x00000000,
0x00000000,
0x00000000,
0x00000000,
0x00000000,
0x00000000,
0x00000000,
0x00000000,
0x00000000,
0x00000000,
0x00000000,
0x00000000,
0x00000000,
0x00000000,
0x00000000,
0x00000000,
0x00000000,
0x00000000,
0x00000000,
0x00000000,
0x00000000,
0x00000000,
0x00000000,
0x00000000,
0x00000000,
0x00000000,
0x00000000,
0x00000000,
0x00000000,
0x00000000,
0x00000000,
0x00000000,
0x00000000,
0x00000000,
0x00000000,
0x00000000,
0x00000000,
0x00000000,
0x00000000,
0x00000000,
0x00000000,
0x00000000,
0x00000000,
0x00000000,
0x00000000,
0x00000000,
0x00000000,
0x00000000,
0x00000000,
0x00000000,
0x00000000,
0x00000000,
0x00000000,
0x00000000,
0x00000000,
0x00000000,
0x00000000,
0x00000000,
0x00000000,
0x00000000,
0x00000000,
0x00000000,
0x00000000,
0x00000000,
0x00000000,
0x00000000,
0x00000000,
0x00000000,
0x00000000,
0x00000000,
0x00000000,
0x00000000,
0x00000000,
0x00000000,
0x00000000,
0x00000000,
0x00000000,
0x00000000,
0x00000000,
0x00000000,
0x00000000,
0x00000000,
0x00000000,
0x00000000,
0x00000000,
0x00000000,
0x00000000,
0x00000000,
0x00000000,
0x00000000,
0x00000000,
0x00000000,
0x00000000,
0x00000000,
0x00000000,
0x00000000,
0x00000000,
0x00000000,
0x00000000,
0x00000000,
0x00000000,
0x00000000,
0x00000000,
0x00000000,
0x00000000,
0x00000000,
0x00000000,
0x00000000,
0x00000000,
0x00000000,
0x00000000,
0x00000000,
0x00000000,
0x00000000,
0x00000000,
0x00000000,
0x00000000,
0x00000000,
0x00000000,
0x00000000,
0x00000000,
0x00000000,
0x00000000,
0x00000000,
0x00000000,
0x00000000,
0x00000000,
0x00000000,
0x00000000,
0x00000000,
0x00000000,
0x00000000,
0x00000000,
0x00000000,
0x00000000,
0x00000000,
0x00000000,
0x00000000,
0x00000000,
0x00000000,
0x00000000,
0x00000000,
0x00000000,
0x00000000,
0x00000000,
0x00000000,
0x00000000,
0x00000000,
0x00000000,
0x00000000,
0x00000000,
0x00000000,
0x00000000,
0x00000000,
0x00000000,
0x00000000,
0x00000000,
0x00000000,
0x00000000,
0x00000000,
0x00000000,
0x00000000,
0x00000000,
0x00000000,
0x00000000,
0x00000000,
0x00000000,
0x00000000,
0x00000000,
0x00000000,
0x00000000,
0x00000000,
0x00000000,
0x00000000,
0x00000000,
0x00000000,
0x00000000,
0x00000000,
0x00000000,
0x00000000,
0x00000000,
0x00000000,
0x00000000,
0x00000000,
0x00000000,
0x00000000,
0x00000000,
0x00000000,
0x00000000,
0x00000000,
0x00000000,
0x00000000,
0x00000000,
0x00000000,
0x00000000,
0x00000000,
0x00000000,
0x00000000,
0x00000000,
0x00000000,
0x00000000,
0x00000000,
0x00000000,
0x00000000,
0x00000000,
0x00000000,
0x00000000,
0x00000000,
0x00000000,
0x00000000,
0x00000000,
0x00000000,
0x00000000,
0x00000000,
0x00000000,
0x00000000,
0x00000000,
0x00000000,
0x00000000,
0x00000000,
0x00000000,
0x00000000,
0x00000000,
0x00000000,
0x00000000,
0x00000000,
0x00000000,
0x00000000,
0x00000000,
0x00000000,
0x00000000,
0x00000000,
0x00000000,
0x00000000,
0x00000000,
0x00000000,
0x00000000,
0x00000000,
0x00000000,
0x00000000,
0x00000000,
0x00000000,
0x00000000,
0x00000000,
0x00000000,
0x00000000,
0x00000000,
0x00000000,
0x00000000,
0x00000000,
0x00000000,
0x00000000,
0x00000000,
0x00000000,
0x00000000,
0x00000000,
0x00000000,
0x00000000,
0x00000000,
0x00000000,
0x00000000,
0x00000000,
0x00000000,
0x00000000,
0x00000000,
0x00000000,
0x00000000,
0x00000000,
0x00000000,
0x00000000,
0x00000000,
0x00000000,
0x00000000,
0x00000000,
0x00000000,
0x00000000,
0x00000000,
0x00000000,
0x00000000,
0x00000000,
0x00000000,
0x00000000,
0x00000000,
0x00000000,
0x00000000,
0x00000000,
0x00000000,
0x00000000,
0x00000000,
0x00000000,
0x00000000,
0x00000000,
0x00000000,
0x00000000,
0x00000000,
0x00000000,
0x00000000,
0x00000000,
0x00000000,
0x00000000,
0x00000000,
0x00000000,
0x00000000,
0x00000000,
0x00000000,
0x00000000,
0x00000000,
0x00000000,
0x00000000,
0x00000000,
0x00000000,
0x00000000,
0x00000000,
0x00000000,
0x00000000,
0x00000000,
0x00000000,
0x00000000,
0x00000000,
0x00000000,
0x00000000,
0x00000000,
0x00000000,
0x00000000,
0x00000000,
0x00000000,
0x00000000,
0x00000000,
0x00000000,
0x00000000,
0x00000000,
0x00000000,
0x00000000,
0x00000000,
0x00000000,
0x00000000,
0x00000000,
0x00000000,
0x00000000,
0x00000000,
0x00000000,
0x00000000,
0x00000000,
0x00000000,
0x00000000,
0x00000000,
0x00000000,
0x00000000,
0x00000000,
0x00000000,
0x00000000,
0x00000000,
0x00000000,
0x00000000,
0x00000000,
0x00000000,
0x00000000,
0x00000000,
0x00000000,
0x00000000,
0x00000000,
0x00000000,
0x00000000,
0x00000000,
0x00000000,
0x00000000,
0x00000000,
0x00000000,
0x00000000,
0x00000000,
0x00000000,
0x00000000,
0x00000000,
0x00000000,
0x00000000,
0x00000000,
0x00000000,
0x00000000,
0x00000000,
0x00000000,
0x00000000,
0x00000000,
0x00000000,
0x00000000,
0x00000000,
0x00000000,
0x00000000,
0x00000000,
0x00000000,
0x00000000,
0x00000000,
0x00000000,
0x00000000,
0x00000000,
0x00000000,
0x00000000,
0x00000000,
0x00000000,
0x00000000,
0x00000000,
0x00000000,
0x00000000,
0x00000000,
0x00000000,
0x00000000,
0x00000000,
0x00000000,
0x00000000,
0x00000000,
0x00000000,
0x00000000,
0x00000000,
0x00000000,
0x00000000,
0x00000000,
0x00000000,
0x00000000,
0x00000000,
0x00000000,
0x00000000,
0x00000000,
0x00000000,
0x00000000,
0x00000000,
0x00000000,
0x00000000,
0x00000000,
0x00000000,
0x00000000,
0x00000000,
0x00000000,
0x00000000,
0x00000000,
0x00000000,
0x00000000,
0x00000000,
0x00000000,
0x00000000,
0x00000000,
0x00000000,
0x00000000,
0x00000000,
0x00000000,
0x00000000,
0x00000000,
0x00000000,
0x00000000,
0x00000000,
0x00000000,
0x00000000,
0x00000000,
0x00000000,
0x00000000,
0x00000000,
0x00000000,
0x00000000,
0x00000000,
0x00000000,
0x00000000,
0x00000000,
0x00000000,
0x00000000,
0x00000000,
0x00000000,
0x00000000,
0x00000000,
0x00000000,
0x00000000,
0x00000000,
0x00000000,
0x00000000,
0x00000000,
0x00000000,
0x00000000,
0x00000000,
0x00000000,
0x00000000,
0x00000000,
0x00000000,
0x00000000,
0x00000000,
0x00000000,
0x00000000,
0x00000000,
0x00000000,
0x00000000,
0x00000000,
0x00000000,
0x00000000,
0x00000000,
0x00000000,
0x00000000,
0x00000000,
0x00000000,
0x00000000,
0x00000000,
0x00000000,
0x00000000,
0x00000000,
0x00000000,
0x00000000,
0x00000000,
0x00000000,
0x00000000,
0x00000000,
0x00000000,
0x00000000,
0x00000000,
0x00000000,
0x00000000,
0x00000000,
0x00000000,
0x00000000,
0x00000000,
0x00000000,
0x00000000,
0x00000000,
0x00000000,
0x00000000,
0x00000000,
0x00000000,
0x00000000,
0x00000000,
0x00000000,
0x00000000,
0x00000000,
0x00000000,
0x00000000,
0x00000000,
0x00000000,
0x00000000,
0x00000000,
0x00000000,
0x00000000,
0x00000000,
0x00000000,
0x00000000,
0x00000000,
0x00000000,
0x00000000,
0x00000000,
0x00000000,
0x00000000,
0x00000000,
0x00000000,
0x00000000,
0x00000000,
0x00000000,
0x00000000,
0x00000000,
0x00000000,
0x00000000,
0x00000000,
0x00000000,
0x00000000,
0x00000000,
0x00000000,
0x00000000,
0x00000000,
0x00000000,
0x00000000,
0x00000000,
0x00000000,
0x00000000,
0x00000000,
0x00000000,
0x00000000,
0x00000000,
0x00000000,
0x00000000,
0x00000000,
0x00000000,
0x00000000,
0x00000000,
0x00000000,
0x00000000,
0x00000000,
0x00000000,
0x00000000,
0x00000000,
0x00000000,
0x00000000,
0x00000000,
0x00000000,
0x00000000,
0x00000000,
0x00000000,
0x00000000,
0x00000000,
0x00000000,
0x00000000,
0x00000000,
0x00000000,
0x00000000,
0x00000000,
0x00000000,
0x00000000,
0x00000000,
0x00000000,
0x00000000,
0x00000000,
0x00000000,
0x00000000,
0x00000000,
0x00000000,
0x00000000,
0x00000000,
0x00000000,
0x00000000,
0x00000000,
0x00000000,
0x00000000,
0x00000000,
0x00000000,
0x00000000,
0x00000000,
0x00000000,
0x00000000,
0x00000000,
0x00000000,
0x00000000,
0x00000000,
0x00000000,
0x00000000,
0x00000000,
0x00000000,
0x00000000,
0x00000000,
0x00000000,
0x00000000,
0x00000000,
0x00000000,
0x00000000,
0x00000000,
0x00000000,
0x00000000,
0x00000000,
0x00000000,
0x00000000,
0x00000000,
0x00000000,
0x00000000,
0x00000000,
0x00000000,
0x00000000,
0x00000000,
0x00000000,
0x00000000,
0x00000000,
0x00000000,
0x00000000,
0x00000000,
0x00000000,
0x00000000,
0x00000000,
0x00000000,
0x00000000,
0x00000000,
0x00000000,
0x00000000,
0x00000000,
0x00000000,
0x00000000,
0x00000000,
0x00000000,
0x00000000,
0x00000000,
0x00000000,
0x00000000,
0x00000000,
0x00000000,
0x00000000,
0x00000000,
0x00000000,
0x00000000,
0x00000000,
0x00000000,
0x00000000,
0x00000000,
0x00000000,
0x00000000,
0x00000000,
0x00000000,
0x00000000,
0x00000000,
0x00000000,
0x00000000,
0x00000000,
0x00000000,
0x00000000,
0x00000000,
0x00000000,
0x00000000,
0x00000000,
0x00000000,
0x00000000,
0x00000000,
0x00000000,
0x00000000,
0x00000000,
0x00000000,
0x00000000,
0x00000000,
0x00000000,
0x00000000,
0x00000000,
0x00000000,
0x00000000,
0x00000000,
0x00000000,
0x00000000,
0x00000000,
0x00000000,
0x00000000,
0x00000000,
0x00000000,
0x00000000,
0x00000000,
0x00000000,
0x00000000,
0x00000000,
0x00000000,
0x00000000,
0x00000000,
0x00000000,
0x00000000,
0x00000000,
0x00000000,
0x00000000,
0x00000000,
0x00000000,
0x00000000,
0x00000000,
0x00000000,
0x00000000,
0x00000000,
0x00000000,
0x00000000,
0x00000000,
0x00000000,
0x00000000,
0x00000000,
0x00000000,
0x00000000,
0x00000000,
0x00000000,
0x00000000,
0x00000000,
0x00000000,
0x00000000,
0x00000000,
0x00000000,
0x00000000,
0x00000000,
0x00000000,
0x00000000,
0x00000000,
0x00000000,
0x00000000,
0x00000000,
0x00000000,
0x00000000,
0x00000000,
0x00000000,
0x00000000,
0x00000000,
0x00000000,
0x00000000,
0x00000000,
0x00000000,
0x00000000,
0x00000000,
0x00000000,
0x00000000,
0x00000000,
0x00000000,
0x00000000,
0x00000000,
0x00000000,
0x00000000,
0x00000000,
0x00000000,
0x00000000,
0x00000000,
0x00000000,
0x00000000,
0x00000000,
0x00000000,
0x00000000,
0x00000000,
0x00000000,
0x00000000,
0x00000000,
0x00000000,
0x00000000,
0x00000000,
0x00000000,
0x00000000,
0x00000000,
0x00000000,
0x00000000,
0x00000000,
0x00000000,
0x00000000,
0x00000000,
0x00000000,
0x00000000,
0x00000000,
0x00000000,
0x00000000,
0x00000000,
0x00000000,
0x00000000,
0x00000000,
0x00000000,
0x00000000,
0x00000000,
0x00000000,
0x00000000,
0x00000000,
0x00000000,
0x00000000,
0x00000000,
0x00000000,
0x00000000,
0x00000000,
0x00000000,
0x00000000,
0x00000000,
0x00000000,
0x00000000,
0x00000000,
0x00000000,
0x00000000,
0x00000000,
0x00000000,
0x00000000,
0x00000000,
0x00000000,
0x00000000,
0x00000000,
0x00000000,
0x00000000,
0x00000000,
0x00000000,
0x00000000,
0x00000000,
0x00000000,
0x00000000,
0x00000000,
0x00000000,
0x00000000,
0x00000000,
0x00000000,
0x00000000,
0x00000000,
0x00000000,
0x00000000,
0x00000000,
0x00000000,
0x00000000,
0x00000000,
0x00000000,
0x00000000,
0x00000000,
0x00000000,
0x00000000,
0x00000000,
0x00000000,
0x00000000,
0x00000000,
0x00000000,
0x00000000,
0x00000000,
0x00000000,
0x00000000,
0x00000000,
0x00000000,
0x00000000,
0x00000000,
0x00000000,
0x00000000,
0x00000000,
0x00000000,
0x00000000,
0x00000000,
0x00000000,
0x00000000,
0x00000000,
0x00000000,
0x00000000,
0x00000000,
0x00000000,
0x00000000,
0x00000000,
0x00000000,
0x00000000,
0x00000000,
0x00000000,
0x00000000,
0x00000000,
0x00000000,
0x00000000,
0x00000000,
0x00000000,
0x00000000,
0x00000000,
0x00000000,
0x00000000,
0x00000000,
0x00000000,
0x00000000,
0x00000000,
0x00000000,
0x00000000,
0x00000000,
0x00000000,
0x00000000,
0x00000000,
0x00000000,
0x00000000,
0x00000000,
0x00000000,
0x00000000,
0x00000000,
0x00000000,
0x00000000,
0x00000000,
0x00000000,
0x00000000,
0x00000000,
0x00000000,
0x00000000,
0x00000000,
0x00000000,
0x00000000,
0x00000000,
0x00000000,
0x00000000,
0x00000000,
0x00000000,
0x00000000,
0x00000000,
0x00000000,
0x00000000,
0x00000000,
0x00000000,
0x00000000,
0x00000000,
0x00000000,
0x00000000,
0x00000000,
0x00000000,
0x00000000,
0x00000000,
0x00000000,
0x00000000,
0x00000000,
0x00000000,
0x00000000,
0x00000000,
0x00000000,
0x00000000,
0x00000000,
0x00000000,
0x00000000,
0x00000000,
0x00000000,
0x00000000,
0x00000000,
0x00000000,
0x00000000,
0x00000000,
0x00000000,
0x00000000,
0x00000000,
0x00000000,
0x00000000,
0x00000000,
0x00000000,
0x00000000,
0x00000000,
0x00000000,
0x00000000,
0x00000000,
0x00000000,
0x00000000,
0x00000000,
0x00000000,
0x00000000,
0x00000000,
0x00000000,
0x00000000,
0x00000000,
0x00000000,
0x00000000,
0x00000000,
0x00000000,
0x00000000,
0x00000000,
0x00000000,
0x00000000,
0x00000000,
0x00000000,
0x00000000,
0x00000000,
0x00000000,
0x00000000,
0x00000000,
0x00000000,
0x00000000,
0x00000000,
0x00000000,
0x00000000,
0x00000000,
0x00000000,
0x00000000,
0x00000000,
0x00000000,
0x00000000,
0x00000000,
0x00000000,
0x00000000,
0x00000000,
0x00000000,
0x00000000,
0x00000000,
0x00000000,
0x00000000,
0x00000000,
0x00000000,
0x00000000,
0x00000000,
0x00000000,
0x00000000,
0x00000000,
0x00000000,
0x00000000,
0x00000000,
0x00000000,
0x00000000,
0x00000000,
0x00000000,
0x00000000,
0x00000000,
0x00000000,
0x00000000,
0x00000000,
0x00000000,
0x00000000,
0x00000000,
0x00000000,
0x00000000,
0x00000000,
0x00000000,
0x00000000,
0x00000000,
0x00000000,
0x00000000,
0x00000000,
0x00000000,
0x00000000,
0x00000000,
0x00000000,
0x00000000,
0x00000000,
0x00000000,
0x00000000,
0x00000000,
0x00000000,
0x00000000,
0x00000000,
0x00000000,
0x00000000,
0x00000000,
0x00000000,
0x00000000,
0x00000000,
0x00000000,
0x00000000,
0x00000000,
0x00000000,
0x00000000,
0x00000000,
0x00000000,
0x00000000,
0x00000000,
0x00000000,
0x00000000,
0x00000000,
0x00000000,
0x00000000,
0x00000000,
0x00000000,
0x00000000,
0x00000000,
0x00000000,
0x00000000,
0x00000000,
0x00000000,
0x00000000,
0x00000000,
0x00000000,
0x00000000,
0x00000000,
0x00000000,
0x00000000,
0x00000000,
0x00000000,
0x00000000,
0x00000000,
0x00000000,
0x00000000,
0x00000000,
0x00000000,
0x00000000,
0x00000000,
0x00000000,
0x00000000,
0x00000000,
0x00000000,
0x00000000,
0x00000000,
0x00000000,
0x00000000,
0x00000000,
0x00000000,
0x00000000,
0x00000000,
0x00000000,
0x00000000,
0x00000000,
0x00000000,
0x00000000,
0x00000000,
0x00000000,
0x00000000,
0x00000000,
0x00000000,
0x00000000,
0x00000000,
0x00000000,
0x00000000,
0x00000000,
0x00000000,
0x00000000,
0x00000000,
0x00000000,
0x00000000,
0x00000000,
0x00000000,
0x00000000,
0x00000000,
0x00000000,
0x00000000,
0x00000000,
0x00000000,
0x00000000,
0x00000000,
0x00000000,
0x00000000,
0x00000000,
0x00000000,
0x00000000,
0x00000000,
0x00000000,
0x00000000,
0x00000000,
0x00000000,
0x00000000,
0x00000000,
0x00000000,
0x00000000,
0x00000000,
0x00000000,
0x00000000,
0x00000000,
0x00000000,
0x00000000,
0x00000000,
0x00000000,
0x00000000,
0x00000000,
0x00000000,
0x00000000,
0x00000000,
0x00000000,
0x00000000,
0x00000000,
0x00000000,
0x00000000,
0x00000000,
0x00000000,
0x00000000,
0x00000000,
0x00000000,
0x00000000,
0x00000000,
0x00000000,
0x00000000,
0x00000000,
0x00000000,
0x00000000,
0x00000000,
0x00000000,
0x00000000,
0x00000000,
0x00000000,
0x00000000,
0x00000000,
0x00000000,
0x00000000,
0x00000000,
0x00000000,
0x00000000,
0x00000000,
0x00000000,
0x00000000,
0x00000000,
0x00000000,
0x00000000,
0x00000000,
0x00000000,
0x00000000,
0x00000000,
0x00000000,
0x00000000,
0x00000000,
0x00000000,
0x00000000,
0x00000000,
0x00000000,
0x00000000,
0x00000000,
0x00000000,
0x00000000,
0x00000000,
0x00000000,
0x00000000,
0x00000000,
0x00000000,
0x00000000,
0x00000000,
0x00000000,
0x00000000,
0x00000000,
0x00000000,
0x00000000,
0x00000000,
0x00000000,
0x00000000,
0x00000000,
0x00000000,
0x00000000,
0x00000000,
0x00000000,
0x00000000,
0x00000000,
0x00000000,
0x00000000,
0x00000000,
0x00000000,
0x00000000,
0x00000000,
0x00000000,
0x00000000,
0x00000000,
0x00000000,
0x00000000,
0x00000000,
0x00000000,
0x00000000,
0x00000000,
0x00000000,
0x00000000,
0x00000000,
0x00000000,
0x00000000,
0x00000000,
0x00000000,
0x00000000,
0x00000000,
0x00000000,
0x00000000,
0x00000000,
0x00000000,
0x00000000,
0x00000000,
0x00000000,
0x00000000,
0x00000000,
0x00000000,
0x00000000,
0x00000000,
0x00000000,
0x00000000,
0x00000000,
0x00000000,
0x00000000,
0x00000000,
0x00000000,
0x00000000,
0x00000000,
0x00000000,
0x00000000,
0x00000000,
0x00000000,
0x00000000,
0x00000000,
0x00000000,
0x00000000,
0x00000000,
0x00000000,
0x00000000,
0x00000000,
0x00000000,
0x00000000,
0x00000000,
0x00000000,
0x00000000,
0x00000000,
0x00000000,
0x00000000,
0x00000000,
0x00000000,
0x00000000,
0x00000000,
0x00000000,
0x00000000,
0x00000000,
0x00000000,
0x00000000,
0x00000000,
0x00000000,
0x00000000,
0x00000000,
0x00000000,
0x00000000,
0x00000000,
0x00000000,
0x00000000,
0x00000000,
0x00000000,
0x00000000,
0x00000000,
0x00000000,
0x00000000,
0x00000000,
0x00000000,
0x00000000,
0x00000000,
0x00000000,
0x00000000,
0x00000000,
0x00000000,
0x00000000,
0x00000000,
0x00000000,
0x00000000,
0x00000000,
0x00000000,
0x00000000,
0x00000000,
0x00000000,
0x00000000,
0x00000000,
0x00000000,
0x00000000,
0x00000000,
0x00000000,
0x00000000,
0x00000000,
0x00000000,
0x00000000,
0x00000000,
0x00000000,
0x00000000,
0x00000000,
0x00000000,
0x00000000,
0x00000000,
0x00000000,
0x00000000,
0x00000000,
0x00000000,
0x00000000,
0x00000000,
0x00000000,
0x00000000,
0x00000000,
0x00000000,
0x00000000,
0x00000000,
0x00000000,
0x00000000,
0x00000000,
0x00000000,
0x00000000,
0x00000000,
0x00000000,
0x00000000,
0x00000000,
0x00000000,
0x00000000,
0x00000000,
0x00000000,
0x00000000,
0x00000000,
0x00000000,
0x00000000,
0x00000000,
0x00000000,
0x00000000,
0x00000000,
0x00000000,
0x00000000,
0x00000000,
0x00000000,
0x00000000,
0x00000000,
0x00000000,
0x00000000,
0x00000000,
0x00000000,
0x00000000,
0x00000000,
0x00000000,
0x00000000,
0x00000000,
0x00000000,
0x00000000,
0x00000000,
0x00000000,
0x00000000,
0x00000000,
0x00000000,
0x00000000,
0x00000000,
0x00000000,
0x00000000,
0x00000000,
0x00000000,
0x00000000,
0x00000000,
0x00000000,
0x00000000,
0x00000000,
0x00000000,
0x00000000,
0x00000000,
0x00000000,
0x00000000,
0x00000000,
0x00000000,
0x00000000,
0x00000000,
0x00000000,
0x00000000,
0x00000000,
0x00000000,
0x00000000,
0x00000000,
0x00000000,
0x00000000,
0x00000000,
0x00000000,
0x00000000,
0x00000000,
0x00000000,
0x00000000,
0x00000000,
0x00000000,
0x00000000,
0x00000000,
0x00000000,
0x00000000,
0x00000000,
0x00000000,
0x00000000,
0x00000000,
0x00000000,
0x00000000,
0x00000000,
0x00000000,
0x00000000,
0x00000000,
0x00000000,
0x00000000,
0x00000000,
0x00000000,
0x00000000,
0x00000000,
0x00000000,
0x00000000,
0x00000000,
0x00000000,
0x00000000,
0x00000000,
0x00000000,
0x00000000,
0x00000000,
0x00000000,
0x00000000,
0x00000000,
0x00000000,
0x00000000,
0x00000000,
0x00000000,
0x00000000,
0x00000000,
0x00000000,
0x00000000,
0x00000000,
0x00000000,
0x00000000,
0x00000000,
0x00000000,
0x00000000,
0x00000000,
0x00000000,
0x00000000,
0x00000000,
0x00000000,
0x00000000,
0x00000000,
0x00000000,
0x00000000,
0x00000000,
0x00000000,
0x00000000,
0x00000000,
0x00000000,
0x00000000,
0x00000000,
0x00000000,
0x00000000,
0x00000000,
0x00000000,
0x00000000,
0x00000000,
0x00000000,
0x00000000,
0x00000000,
0x00000000,
0x00000000,
0x00000000,
0x00000000,
0x00000000,
0x00000000,
0x00000000,
0x00000000,
0x00000000,
0x00000000,
0x00000000,
0x00000000,
0x00000000,
0x00000000,
0x00000000,
0x00000000,
0x00000000,
0x00000000,
0x00000000,
0x00000000,
0x00000000,
0x00000000,
0x00000000,
0x00000000,
0x00000000,
0x00000000,
0x00000000,
0x00000000,
0x00000000,
0x00000000,
0x00000000,
0x00000000,
0x00000000,
0x00000000,
0x00000000,
0x00000000,
0x00000000,
0x00000000,
0x00000000,
0x00000000,
0x00000000,
0x00000000,
0x00000000,
0x00000000,
0x00000000,
0x00000000,
0x00000000,
0x00000000,
0x00000000,
0x00000000,
0x00000000,
0x00000000,
0x00000000,
0x00000000,
0x00000000,
0x00000000,
0x00000000,
0x00000000,
0x00000000,
0x00000000,
0x00000000,
0x00000000,
0x00000000,
0x00000000,
0x00000000,
0x00000000,
0x00000000,
0x00000000,
0x00000000,
0x00000000,
0x00000000,
0x00000000,
0x00000000,
0x00000000,
0x00000000,
0x00000000,
0x00000000,
0x00000000,
0x00000000,
0x00000000,
0x00000000,
0x00000000,
0x00000000,
0x00000000,
0x00000000,
0x00000000,
0x00000000,
0x00000000,
0x00000000,
0x00000000,
0x00000000,
0x00000000,
0x00000000,
0x00000000,
0x00000000,
0x00000000,
0x00000000,
0x00000000,
0x00000000,
0x00000000,
0x00000000,
0x00000000,
0x00000000,
0x00000000,
0x00000000,
0x00000000,
0x00000000,
0x00000000,
0x00000000,
0x00000000,
0x00000000,
0x00000000,
0x00000000,
0x00000000,
0x00000000,
0x00000000,
0x00000000,
0x00000000,
0x00000000,
0x00000000,
0x00000000,
0x00000000,
0x00000000,
0x00000000,
0x00000000,
0x00000000,
0x00000000,
0x00000000,
0x00000000,
0x00000000,
0x00000000,
0x00000000,
0x00000000,
0x00000000,
0x00000000,
0x00000000,
0x00000000,
0x00000000,
0x00000000,
0x00000000,
0x00000000,
0x00000000,
0x00000000,
0x00000000,
0x00000000,
0x00000000,
0x00000000,
0x00000000,
0x00000000,
0x00000000,
0x00000000,
0x00000000,
0x00000000,
0x00000000,
0x00000000,
0x00000000,
0x00000000,
0x00000000,
0x00000000,
0x00000000,
0x00000000,
0x00000000,
0x00000000,
0x00000000,
0x00000000,
0x00000000,
0x00000000,
0x00000000,
0x00000000,
0x00000000,
0x00000000,
0x00000000,
0x00000000,
0x00000000,
0x00000000,
0x00000000,
0x00000000,
0x00000000,
0x00000000,
0x00000000,
0x00000000,
0x00000000,
0x00000000,
0x00000000,
0x00000000,
0x00000000,
0x00000000,
0x00000000,
0x00000000,
0x00000000,
0x00000000,
0x00000000,
0x00000000,
0x00000000,
0x00000000,
0x00000000,
0x00000000,
0x00000000,
0x00000000,
0x00000000,
0x00000000,
0x00000000,
0x00000000,
0x00000000,
0x00000000,
0x00000000,
0x00000000,
0x00000000,
0x00000000,
0x00000000,
0x00000000,
0x00000000,
0x00000000,
0x00000000,
0x00000000,
0x00000000,
0x00000000,
0x00000000,
0x00000000,
0x00000000,
0x00000000,
0x00000000,
0x00000000,
0x00000000,
0x00000000,
0x00000000,
0x00000000,
0x00000000,
0x00000000,
0x00000000,
0x00000000,
0x00000000,
0x00000000,
0x00000000,
0x00000000,
0x00000000,
0x00000000,
0x00000000,
0x00000000,
0x00000000,
0x00000000,
0x00000000,
0x00000000,
0x00000000,
0x00000000,
0x00000000,
0x00000000,
0x00000000,
0x00000000,
0x00000000,
0x00000000,
0x00000000,
0x00000000,
0x00000000,
0x00000000,
0x00000000,
0x00000000,
0x00000000,
0x00000000,
0x00000000,
0x00000000,
0x00000000,
0x00000000,
0x00000000,
0x00000000,
0x00000000,
0x00000000,
0x00000000,
0x00000000,
0x00000000,
0x00000000,
0x00000000,
0x00000000,
0x00000000,
0x00000000,
0x00000000,
0x00000000,
0x00000000,
0x00000000,
0x00000000,
0x00000000,
0x00000000,
0x00000000,
0x00000000,
0x00000000,
0x00000000,
0x00000000,
0x00000000,
0x00000000,
0x00000000,
0x00000000,
0x00000000,
0x00000000,
0x00000000,
0x00000000,
0x00000000,
0x00000000,
0x00000000,
0x00000000,
0x00000000,
0x00000000,
0x00000000,
0x00000000,
0x00000000,
0x00000000,
0x00000000,
0x00000000,
0x00000000,
0x00000000,
0x00000000,
0x00000000,
0x00000000,
0x00000000,
0x00000000,
0x00000000,
0x00000000,
0x00000000,
0x00000000,
0x00000000,
0x00000000,
0x00000000,
0x00000000,
0x00000000,
0x00000000,
0x00000000,
0x00000000,
0x00000000,
0x00000000,
0x00000000,
0x00000000,
0x00000000,
0x00000000,
0x00000000,
0x00000000,
0x00000000,
0x00000000,
0x00000000,
0x00000000,
0x00000000,
0x00000000,
0x00000000,
0x00000000,
0x00000000,
0x00000000,
0x00000000,
0x00000000,
0x00000000,
0x00000000,
0x00000000,
0x00000000,
0x00000000,
0x00000000,
0x00000000,
0x00000000,
0x00000000,
0x00000000,
0x00000000,
0x00000000,
0x00000000,
0x00000000,
0x00000000,
0x00000000,
0x00000000,
0x00000000,
0x00000000,
0x00000000,
0x00000000,
0x00000000,
0x00000000,
0x00000000,
0x00000000,
0x00000000,
0x00000000,
0x00000000,
0x00000000,
0x00000000,
0x00000000,
0x00000000,
0x00000000,
0x00000000,
0x00000000,
0x00000000,
0x00000000,
0x00000000,
0x00000000,
0x00000000,
0x00000000,
0x00000000,
0x00000000,
0x00000000,
0x00000000,
0x00000000,
0x00000000,
0x00000000,
0x00000000,
0x00000000,
0x00000000,
0x00000000,
0x00000000,
0x00000000,
0x00000000,
0x00000000,
0x00000000,
0x00000000,
0x00000000,
0x00000000,
0x00000000,
0x00000000,
0x00000000,
0x00000000,
0x00000000,
0x00000000,
0x00000000,
0x00000000,
0x00000000,
0x00000000,
0x00000000,
0x00000000,
0x00000000,
0x00000000,
0x00000000,
0x00000000,
0x00000000,
0x00000000,
0x00000000,
0x00000000,
0x00000000,
0x00000000,
0x00000000,
0x00000000,
0x00000000,
0x00000000,
0x00000000,
0x00000000,
0x00000000,
0x00000000,
0x00000000,
0x00000000,
0x00000000,
0x00000000,
0x00000000,
0x00000000,
0x00000000,
0x00000000,
0x00000000,
0x00000000,
0x00000000,
0x00000000,
0x00000000,
0x00000000,
0x00000000,
0x00000000,
0x00000000,
0x00000000,
0x00000000,
0x00000000,
0x00000000,
0x00000000,
0x00000000,
0x00000000,
0x00000000,
0x00000000,
0x00000000,
0x00000000,
0x00000000,
0x00000000,
0x00000000,
0x00000000,
0x00000000,
0x00000000,
0x00000000,
0x00000000,
0x00000000,
0x00000000,
0x00000000,
0x00000000,
0x00000000,
0x00000000,
0x00000000,
0x00000000,
0x00000000,
0x00000000,
0x00000000,
0x00000000,
0x00000000,
0x00000000,
0x00000000,
0x00000000,
0x00000000,
0x00000000,
0x00000000,
0x00000000,
0x00000000,
0x00000000,
0x00000000,
0x00000000,
0x00000000,
0x00000000,
0x00000000,
0x00000000,
0x00000000,
0x00000000,
0x00000000,
0x00000000,
0x00000000,
0x00000000,
0x00000000,
0x00000000,
0x00000000,
0x00000000,
0x00000000,
0x00000000,
0x00000000,
0x00000000,
0x00000000,
0x00000000,
0x00000000,
0x00000000,
0x00000000,
0x00000000,
0x00000000,
0x00000000,
0x00000000,
0x00000000,
0x00000000,
0x00000000,
0x00000000,
0x00000000,
0x00000000,
0x00000000,
0x00000000,
0x00000000,
0x00000000,
0x00000000,
0x00000000,
0x00000000,
0x00000000,
0x00000000,
0x00000000,
0x00000000,
0x00000000,
0x00000000,
0x00000000,
0x00000000,
0x00000000,
0x00000000,
0x00000000,
0x00000000,
0x00000000,
0x00000000,
0x00000000,
0x00000000,
0x00000000,
0x00000000,
0x00000000,
0x00000000,
0x00000000,
0x00000000,
0x00000000,
0x00000000,
0x00000000,
0x00000000,
0x00000000,
0x00000000,
0x00000000,
0x00000000,
0x00000000,
0x00000000,
0x00000000,
0x00000000,
0x00000000,
0x00000000,
0x00000000,
0x00000000,
0x00000000,
0x00000000,
0x00000000,
0x00000000,
0x00000000,
0x00000000,
0x00000000,
0x00000000,
0x00000000,
0x00000000,
0x00000000,
0x00000000,
0x00000000,
0x00000000,
0x00000000,
0x00000000,
0x00000000,
0x00000000,
0x00000000,
0x00000000,
0x00000000,
0x00000000,
0x00000000,
0x00000000,
0x00000000,
0x00000000,
0x00000000,
0x00000000,
0x00000000,
0x00000000,
0x00000000,
0x00000000,
0x00000000,
0x00000000,
0x00000000,
0x00000000,
0x00000000,
0x00000000,
0x00000000,
0x00000000,
0x00000000,
0x00000000,
0x00000000,
0x00000000,
0x00000000,
0x00000000,
0x00000000,
0x00000000,
0x00000000,
0x00000000,
0x00000000,
0x00000000,
0x00000000,
0x00000000,
0x00000000,
0x00000000,
0x00000000,
0x00000000,
0x00000000,
0x00000000,
0x00000000,
0x00000000,
0x00000000,
0x00000000,
0x00000000,
0x00000000,
0x00000000,
0x00000000,
0x00000000,
0x00000000,
0x00000000,
0x00000000,
0x00000000,
0x00000000,
0x00000000,
0x00000000,
0x00000000,
0x00000000,
0x00000000,
0x00000000,
0x00000000,
0x00000000,
0x00000000,
0x00000000,
0x00000000,
0x00000000,
0x00000000,
0x00000000,
0x00000000,
0x00000000,
0x00000000,
0x00000000,
0x00000000,
0x00000000,
0x00000000,
0x00000000,
0x00000000,
0x00000000,
0x00000000,
0x00000000,
0x00000000,
0x00000000,
0x00000000,
0x00000000,
0x00000000,
0x00000000,
0x00000000,
0x00000000,
0x00000000,
0x00000000,
0x00000000,
0x00000000,
0x00000000,
0x00000000,
0x00000000,
0x00000000,
0x00000000,
0x00000000,
0x00000000,
0x00000000,
0x00000000,
0x00000000,
0x00000000,
0x00000000,
0x00000000,
0x00000000,
0x00000000,
0x00000000,
0x00000000,
0x00000000,
0x00000000,
0x00000000,
0x00000000,
0x00000000,
0x00000000,
0x00000000,
0x00000000,
0x00000000,
0x00000000,
0x00000000,
0x00000000,
0x00000000,
0x00000000,
0x00000000,
0x00000000,
0x00000000,
0x00000000,
0x00000000,
0x00000000,
0x00000000,
0x00000000,
0x00000000,
0x00000000,
0x00000000,
0x00000000,
0x00000000,
0x00000000,
0x00000000,
0x00000000,
0x00000000,
0x00000000,
0x00000000,
0x00000000,
0x00000000,
0x00000000,
0x00000000,
0x00000000,
0x00000000,
0x00000000,
0x00000000,
0x00000000,
0x00000000,
0x00000000,
0x00000000,
0x00000000,
0x00000000,
0x00000000,
0x00000000,
0x00000000,
0x00000000,
0x00000000,
0x00000000,
0x00000000,
0x00000000,
0x00000000,
0x00000000,
0x00000000,
0x00000000,
0x00000000,
0x00000000,
0x00000000,
0x00000000,
0x00000000,
0x00000000,
0x00000000,
0x00000000,
0x00000000,
0x00000000,
0x00000000,
0x00000000,
0x00000000,
0x00000000,
0x00000000,
0x00000000,
0x00000000,
0x00000000,
0x00000000,
0x00000000,
0x00000000,
0x00000000,
0x00000000,
0x00000000,
0x00000000,
0x00000000,
0x00000000,
0x00000000,
0x00000000,
0x00000000,
0x00000000,
0x00000000,
0x00000000,
0x00000000,
0x00000000,
0x00000000,
0x00000000,
0x00000000,
0x00000000,
0x00000000,
0x00000000,
0x00000000,
0x00000000,
0x00000000,
0x00000000,
0x00000000,
0x00000000,
0x00000000,
0x00000000,
0x00000000,
0x00000000,
0x00000000,
0x00000000,
0x00000000,
0x00000000,
0x00000000,
0x00000000,
0x00000000,
0x00000000,
0x00000000,
0x00000000,
0x00000000,
0x00000000,
0x00000000,
0x00000000,
0x00000000,
0x00000000,
0x00000000,
0x00000000,
0x00000000,
0x00000000,
0x00000000,
0x00000000,
0x00000000,
0x00000000,
0x00000000,
0x00000000,
0x00000000,
0x00000000,
0x00000000,
0x00000000,
0x00000000,
0x00000000,
0x00000000,
0x00000000,
0x00000000,
0x00000000,
0x00000000,
0x00000000,
0x00000000,
0x00000000,
0x00000000,
0x00000000,
0x00000000,
0x00000000,
0x00000000,
0x00000000,
0x00000000,
0x00000000,
0x00000000,
0x00000000,
0x00000000,
0x00000000,
0x00000000,
0x00000000,
0x00000000,
0x00000000,
0x00000000,
0x00000000,
0x00000000,
0x00000000,
0x00000000,
0x00000000,
0x00000000,
0x00000000,
0x00000000,
0x00000000,
0x00000000,
0x00000000,
0x00000000,
0x00000000,
0x00000000,
0x00000000,
0x00000000,
0x00000000,
0x00000000,
0x00000000,
0x00000000,
0x00000000,
0x00000000,
0x00000000,
0x00000000,
0x00000000,
0x00000000,
0x00000000,
0x00000000,
0x00000000,
0x00000000,
0x00000000,
0x00000000,
0x00000000,
0x00000000,
0x00000000,
0x00000000,
0x00000000,
0x00000000,
0x00000000,
0x00000000,
0x00000000,
0x00000000,
0x00000000,
0x00000000,
0x00000000,
0x00000000,
0x00000000,
0x00000000,
0x00000000,
0x00000000,
0x00000000,
0x00000000,
0x00000000,
0x00000000,
0x00000000,
0x00000000,
0x00000000,
0x00000000,
0x00000000,
0x00000000,
0x00000000,
0x00000000,
0x00000000,
0x00000000,
0x00000000,
0x00000000,
0x00000000,
0x00000000,
0x00000000,
0x00000000,
0x00000000,
0x00000000,
0x00000000,
0x00000000,
0x00000000,
0x00000000,
0x00000000,
0x00000000,
0x00000000,
0x00000000,
0x00000000,
0x00000000,
0x00000000,
0x00000000,
0x00000000,
0x00000000,
0x00000000,
0x00000000,
0x00000000,
0x00000000,
0x00000000,
0x00000000,
0x00000000,
0x00000000,
0x00000000,
0x00000000,
0x00000000,
0x00000000,
0x00000000,
0x00000000,
0x00000000,
0x00000000,
0x00000000,
0x00000000,
0x00000000,
0x00000000,
0x00000000,
0x00000000,
0x00000000,
0x00000000,
0x00000000,
0x00000000,
0x00000000,
0x00000000,
0x00000000,
0x00000000,
0x00000000,
0x00000000,
0x00000000,
0x00000000,
0x00000000,
0x00000000,
0x00000000,
0x00000000,
0x00000000,
0x00000000,
0x00000000,
0x00000000,
0x00000000,
0x00000000,
0x00000000,
0x00000000,
0x00000000,
0x00000000,
0x00000000,
0x00000000,
0x00000000,
0x00000000,
0x00000000,
0x00000000,
0x00000000,
0x00000000,
0x00000000,
0x00000000,
0x00000000,
0x00000000,
0x00000000,
0x00000000,
0x00000000,
0x00000000,
0x00000000,
0x00000000,
0x00000000,
0x00000000,
0x00000000,
0x00000000,
0x00000000,
0x00000000,
0x00000000,
0x00000000,
0x00000000,
0x00000000,
0x00000000,
0x00000000,
0x00000000,
0x00000000,
0x00000000,
0x00000000,
0x00000000,
0x00000000,
0x00000000,
0x00000000,
0x00000000,
0x00000000,
0x00000000,
0x00000000,
0x00000000,
0x00000000,
0x00000000,
0x00000000,
0x00000000,
0x00000000,
0x00000000,
0x00000000,
0x00000000,
0x00000000,
0x00000000,
0x00000000,
0x00000000,
0x00000000,
0x00000000,
0x00000000,
0x00000000,
0x00000000,
0x00000000,
0x00000000,
0x00000000,
0x00000000,
0x00000000,
0x00000000,
0x00000000,
0x00000000,
0x00000000,
0x00000000,
0x00000000,
0x00000000,
0x00000000,
0x00000000,
0x00000000,
0x00000000,
0x00000000,
0x00000000,
0x00000000,
0x00000000,
0x00000000,
0x00000000,
0x00000000,
0x00000000,
0x00000000,
0x00000000,
0x00000000,
0x00000000,
0x00000000,
0x00000000,
0x00000000,
0x00000000,
0x00000000,
0x00000000,
0x00000000,
0x00000000,
0x00000000,
0x00000000,
0x00000000,
0x00000000,
0x00000000,
0x00000000,
0x00000000,
0x00000000,
0x00000000,
0x00000000,
0x00000000,
0x00000000,
0x00000000,
0x00000000,
0x00000000,
0x00000000,
0x00000000,
0x00000000,
0x00000000,
0x00000000,
0x00000000,
0x00000000,
0x00000000,
0x00000000,
0x00000000,
0x00000000,
0x00000000,
0x00000000,
0x00000000,
0x00000000,
0x00000000,
0x00000000,
0x00000000,
0x00000000,
0x00000000,
0x00000000,
0x00000000,
0x00000000,
0x00000000,
0x00000000,
0x00000000,
0x00000000,
0x00000000,
0x00000000,
0x00000000,
0x00000000,
0x00000000,
0x00000000,
0x00000000,
0x00000000,
0x00000000,
0x00000000,
0x00000000,
0x00000000,
0x00000000,
0x00000000,
0x00000000,
0x00000000,
0x00000000,
0x00000000,
0x00000000,
0x00000000,
0x00000000,
0x00000000,
0x00000000,
0x00000000,
0x00000000,
0x00000000,
0x00000000,
0x00000000,
0x00000000,
0x00000000,
0x00000000,
0x00000000,
0x00000000,
0x00000000,
0x00000000,
0x00000000,
0x00000000,
0x00000000,
0x00000000,
0x00000000,
0x00000000,
0x00000000,
0x00000000,
0x00000000,
0x00000000,
0x00000000,
0x00000000,
0x00000000,
0x00000000,
0x00000000,
0x00000000,
0x00000000,
0x00000000,
0x00000000,
0x00000000,
0x00000000,
0x00000000,
0x00000000,
0x00000000,
0x00000000,
0x00000000,
0x00000000,
0x00000000,
0x00000000,
0x00000000,
0x00000000,
0x00000000,
0x00000000,
0x00000000,
0x00000000,
0x00000000,
0x00000000,
0x00000000,
0x00000000,
0x00000000,
0x00000000,
0x00000000,
0x00000000,
0x00000000,
0x00000000,
0x00000000,
0x00000000,
0x00000000,
0x00000000,
0x00000000,
0x00000000,
0x00000000,
0x00000000,
0x00000000,
0x00000000,
0x00000000,
0x00000000,
0x00000000,
0x00000000,
0x00000000,
0x00000000,
0x00000000,
0x00000000,
0x00000000,
0x00000000,
0x00000000,
0x00000000,
0x00000000,
0x00000000,
0x00000000,
0x00000000,
0x00000000,
0x00000000,
0x00000000,
0x00000000,
0x00000000,
0x00000000,
0x00000000,
0x00000000,
0x00000000,
0x00000000,
0x00000000,
0x00000000,
0x00000000,
0x00000000,
0x00000000,
0x00000000,
0x00000000,
0x00000000,
0x00000000,
0x00000000,
0x00000000,
0x00000000,
0x00000000,
0x00000000,
0x00000000,
0x00000000,
0x00000000,
0x00000000,
0x00000000,
0x00000000,
0x00000000,
0x00000000,
0x00000000,
0x00000000,
0x00000000,
0x00000000,
0x00000000,
0x00000000,
0x00000000,
0x00000000,
0x00000000,
0x00000000,
0x00000000,
0x00000000,
0x00000000,
0x00000000,
0x00000000,
0x00000000,
0x00000000,
0x00000000,
0x00000000,
0x00000000,
0x00000000,
0x00000000,
0x00000000,
0x00000000,
0x00000000,
0x00000000,
0x00000000,
0x00000000,
0x00000000,
0x00000000,
0x00000000,
0x00000000,
0x00000000,
0x00000000,
0x00000000,
0x00000000,
0x00000000,
0x00000000,
0x00000000,
0x00000000,
0x00000000,
0x00000000,
0x00000000,
0x00000000,
0x00000000,
0x00000000,
0x00000000,
0x00000000,
0x00000000,
0x00000000,
0x00000000,
0x00000000,
0x00000000,
0x00000000,
0x00000000,
0x00000000,
0x00000000,
0x00000000,
0x00000000,
0x00000000,
0x00000000,
0x00000000,
0x00000000,
0x00000000,
0x00000000,
0x00000000,
0x00000000,
0x00000000,
0x00000000,
0x00000000,
0x00000000,
0x00000000,
0x00000000,
0x00000000,
0x00000000,
0x00000000,
0x00000000,
0x00000000,
0x00000000,
0x00000000,
0x00000000,
0x00000000,
0x00000000,
0x00000000,
0x00000000,
0x00000000,
0x00000000,
0x00000000,
0x00000000,
0x00000000,
0x00000000,
0x00000000,
0x00000000,
0x00000000,
0x00000000,
0x00000000,
0x00000000,
0x00000000,
0x00000000,
0x00000000,
0x00000000,
0x00000000,
0x00000000,
0x00000000,
0x00000000,
0x00000000,
0x00000000,
0x00000000,
0x00000000,
0x00000000,
0x00000000,
0x00000000,
0x00000000,
0x00000000,
0x00000000,
0x00000000,
0x00000000,
0x00000000,
0x00000000,
0x00000000,
0x00000000,
0x00000000,
0x00000000,
0x00000000,
0x00000000,
0x00000000,
0x00000000,
0x00000000,
0x00000000,
0x00000000,
0x00000000,
0x00000000,
0x00000000,
0x00000000,
0x00000000,
0x00000000,
0x00000000,
0x00000000,
0x00000000,
0x00000000,
0x00000000,
0x00000000,
0x00000000,
0x00000000,
0x00000000,
0x00000000,
0x00000000,
0x00000000,
0x00000000,
0x00000000,
0x00000000,
0x00000000,
0x00000000,
0x00000000,
0x00000000,
0x00000000,
0x00000000,
0x00000000,
0x00000000,
0x00000000,
0x00000000,
0x00000000,
0x00000000,
0x00000000,
0x00000000,
0x00000000,
0x00000000,
0x00000000,
0x00000000,
0x00000000,
0x00000000,
0x00000000,
0x00000000,
0x00000000,
0x00000000,
0x00000000,
0x00000000,
0x00000000,
0x00000000,
0x00000000,
0x00000000,
0x00000000,
0x00000000,
0x00000000,
0x00000000,
0x00000000,
0x00000000,
0x00000000,
0x00000000,
0x00000000,
0x00000000,
0x00000000,
0x00000000,
0x00000000,
0x00000000,
0x00000000,
0x00000000,
0x00000000,
0x00000000,
0x00000000,
0x00000000,
0x00000000,
0x00000000,
0x00000000,
0x00000000,
0x00000000,
0x00000000,
0x00000000,
0x00000000,
0x00000000,
0x00000000,
0x00000000,
0x00000000,
0x00000000,
0x00000000,
0x00000000,
0x00000000,
0x00000000,
0x00000000,
0x00000000,
0x00000000,
0x00000000,
0x00000000,
0x00000000,
0x00000000,
0x00000000,
0x00000000,
0x00000000,
0x00000000,
0x00000000,
0x00000000,
0x00000000,
0x00000000,
0x00000000,
0x00000000,
0x00000000,
0x00000000,
0x00000000,
0x00000000,
0x00000000,
0x00000000,
0x00000000,
0x00000000,
0x00000000,
0x00000000,
0x00000000,
0x00000000,
0x00000000,
0x00000000,
0x00000000,
0x00000000,
0x00000000,
0x00000000,
0x00000000,
0x00000000,
0x00000000,
0x00000000,
0x00000000,
0x00000000,
0x00000000,
0x00000000,
0x00000000,
0x00000000,
0x00000000,
0x00000000,
0x00000000,
0x00000000,
0x00000000,
0x00000000,
0x00000000,
0x00000000,
0x00000000,
0x00000000,
0x00000000,
0x00000000,
0x00000000,
0x00000000,
0x00000000,
0x00000000,
0x00000000,
0x00000000,
0x00000000,
0x00000000,
0x00000000,
0x00000000,
0x00000000,
0x00000000,
0x00000000,
0x00000000,
0x00000000,
0x00000000,
0x00000000,
0x00000000,
0x00000000,
0x00000000,
0x00000000,
0x00000000,
0x00000000,
0x00000000,
0x00000000,
0x00000000,
0x00000000,
0x00000000,
0x00000000,
0x00000000,
0x00000000,
0x00000000,
0x00000000,
0x00000000,
0x00000000,
0x00000000,
0x00000000,
0x00000000,
0x00000000,
0x00000000,
0x00000000,
0x00000000,
0x00000000,
0x00000000,
0x00000000,
0x00000000,
0x00000000,
0x00000000,
0x00000000,
0x00000000,
0x00000000,
0x00000000,
0x00000000,
0x00000000,
0x00000000,
0x00000000,
0x00000000,
0x00000000,
0x00000000,
0x00000000,
0x00000000,
0x00000000,
0x00000000,
0x00000000,
0x00000000,
0x00000000,
0x00000000,
0x00000000,
0x00000000,
0x00000000,
0x00000000,
0x00000000,
0x00000000,
0x00000000,
0x00000000,
0x00000000,
0x00000000,
0x00000000,
0x00000000,
0x00000000,
0x00000000,
0x00000000,
0x00000000,
0x00000000,
0x00000000,
0x00000000,
0x00000000,
0x00000000,
0x00000000,
0x00000000,
0x00000000,
0x00000000,
0x00000000,
0x00000000,
0x00000000,
0x00000000,
0x00000000,
0x00000000,
0x00000000,
0x00000000,
0x00000000,
0x00000000,
0x00000000,
0x00000000,
0x00000000,
0x00000000,
0x00000000,
0x00000000,
0x00000000,
0x00000000,
0x00000000,
0x00000000,
0x00000000,
0x00000000,
0x00000000,
0x00000000,
0x00000000,
0x00000000,
0x00000000,
0x00000000,
0x00000000,
0x00000000,
0x00000000,
0x00000000,
0x00000000,
0x00000000,
0x00000000,
0x00000000,
0x00000000,
0x00000000,
0x00000000,
0x00000000,
0x00000000,
0x00000000,
0x00000000,
0x00000000,
0x00000000,
0x00000000,
0x00000000,
0x00000000,
0x00000000,
0x00000000,
0x00000000,
0x00000000,
0x00000000,
0x00000000,
0x00000000,
0x00000000,
0x00000000,
0x00000000,
0x00000000,
0x00000000,
0x00000000,
0x00000000,
0x00000000,
0x00000000,
0x00000000,
0x00000000,
0x00000000,
0x00000000,
0x00000000,
0x00000000,
0x00000000,
0x00000000,
0x00000000,
0x00000000,
0x00000000,
0x00000000,
0x00000000,
0x00000000,
0x00000000,
0x00000000,
0x00000000,
0x00000000,
0x00000000,
0x00000000,
0x00000000,
0x00000000,
0x00000000,
0x00000000,
0x00000000,
0x00000000,
0x00000000,
0x00000000,
0x00000000,
0x00000000,
0x00000000,
0x00000000,
0x00000000,
0x00000000,
0x00000000,
0x00000000,
0x00000000,
0x00000000,
0x00000000,
0x00000000,
0x00000000,
0x00000000,
0x00000000,
0x00000000,
0x00000000,
0x00000000,
0x00000000,
0x00000000,
0x00000000,
0x00000000,
0x00000000,
0x00000000,
0x00000000,
0x00000000,
0x00000000,
0x00000000,
0x00000000,
0x00000000,
0x00000000,
0x00000000,
0x00000000,
0x00000000,
0x00000000,
0x00000000,
0x00000000,
0x00000000,
0x00000000,
0x00000000,
0x00000000,
0x00000000,
0x00000000,
0x00000000,
0x00000000,
0x00000000,
0x00000000,
0x00000000,
0x00000000,
0x00000000,
0x00000000,
0x00000000,
0x00000000,
0x00000000,
0x00000000,
0x00000000,
0x00000000,
0x00000000,
0x00000000,
0x00000000,
0x00000000,
0x00000000,
0x00000000,
0x00000000,
0x00000000,
0x00000000,
0x00000000,
0x00000000,
0x00000000,
0x00000000,
0x00000000,
0x00000000,
0x00000000,
0x00000000,
0x00000000,
0x00000000,
0x00000000,
0x00000000,
0x00000000,
0x00000000,
0x00000000,
0x00000000,
0x00000000,
0x00000000,
0x00000000,
0x00000000,
0x00000000,
0x00000000,
0x00000000,
0x00000000,
0x00000000,
0x00000000,
0x00000000,
0x00000000,
0x00000000,
0x00000000,
0x00000000,
0x00000000,
0x00000000,
0x00000000,
0x00000000,
0x00000000,
0x00000000,
0x00000000,
0x00000000,
0x00000000,
0x00000000,
0x00000000,
0x00000000,
0x00000000,
0x00000000,
0x00000000,
0x00000000,
0x00000000,
0x00000000,
0x00000000,
0x00000000,
0x00000000,
0x00000000,
0x00000000,
0x00000000,
0x00000000,
0x00000000,
0x00000000,
0x00000000,
0x00000000,
0x00000000,
0x00000000,
0x00000000,
0x00000000,
0x00000000,
0x00000000,
0x00000000,
0x00000000,
0x00000000,
0x00000000,
0x00000000,
0x00000000,
0x00000000,
0x00000000,
0x00000000,
0x00000000,
0x00000000,
0x00000000,
0x00000000,
0x00000000,
0x00000000,
0x00000000,
0x00000000,
0x00000000,
0x00000000,
0x00000000,
0x00000000,
0x00000000,
0x00000000,
0x00000000,
0x00000000,
0x00000000,
0x00000000,
0x00000000,
0x00000000,
0x00000000,
0x00000000,
0x00000000,
0x00000000,
0x00000000,
0x00000000,
0x00000000,
0x00000000,
0x00000000,
0x00000000,
0x00000000,
0x00000000,
0x00000000,
0x00000000,
0x00000000,
0x00000000,
0x00000000,
0x00000000,
0x00000000,
0x00000000,
0x00000000,
0x00000000,
0x00000000,
0x00000000,
0x00000000,
0x00000000,
0x00000000,
0x00000000,
0x00000000,
0x00000000,
0x00000000,
0x00000000,
0x00000000,
0x00000000,
0x00000000,
0x00000000,
0x00000000,
0x00000000,
0x00000000,
0x00000000,
0x00000000,
0x00000000,
0x00000000,
0x00000000,
0x00000000,
0x00000000,
0x00000000,
0x00000000,
0x00000000,
0x00000000,
0x00000000,
0x00000000,
0x00000000,
0x00000000,
0x00000000,
0x00000000,
0x00000000,
0x00000000,
0x00000000,
0x00000000,
0x00000000,
0x00000000,
0x00000000,
0x00000000,
0x00000000,
0x00000000,
0x00000000,
0x00000000,
0x00000000,
0x00000000,
0x00000000,
0x00000000,
0x00000000,
0x00000000,
0x00000000,
0x00000000,
0x00000000,
0x00000000,
0x00000000,
0x00000000,
0x00000000,
0x00000000,
0x00000000,
0x00000000,
0x00000000,
0x00000000,
0x00000000,
0x00000000,
0x00000000,
0x00000000,
0x00000000,
0x00000000,
0x00000000,
0x00000000,
0x00000000,
0x00000000,
0x00000000,
0x00000000,
0x00000000,
0x00000000,
0x00000000,
0x00000000,
0x00000000,
0x00000000,
0x00000000,
0x00000000,
0x00000000,
0x00000000,
0x00000000,
0x00000000,
0x00000000,
0x00000000,
0x00000000,
0x00000000,
0x00000000,
0x00000000,
0x00000000,
0x00000000,
0x00000000,
0x00000000,
0x00000000,
0x00000000,
0x00000000,
0x00000000,
0x00000000,
0x00000000,
0x00000000,
0x00000000,
0x00000000,
0x00000000,
0x00000000,
0x00000000,
0x00000000,
0x00000000,
0x00000000,
0x00000000,
0x00000000,
0x00000000,
0x00000000,
0x00000000,
0x00000000,
0x00000000,
0x00000000,
0x00000000,
0x00000000,
0x00000000,
0x00000000,
0x00000000,
0x00000000,
0x00000000,
0x00000000,
0x00000000,
0x00000000,
0x00000000,
0x00000000,
0x00000000,
0x00000000,
0x00000000,
0x00000000,
0x00000000,
0x00000000,
0x00000000,
0x00000000,
0x00000000,
0x00000000,
0x00000000,
0x00000000,
0x00000000,
0x00000000,
0x00000000,
0x00000000,
0x00000000,
0x00000000,
0x00000000,
0x00000000,
0x00000000,
0x00000000,
0x00000000,
0x00000000,
0x00000000,
0x00000000,
0x00000000,
0x00000000,
0x00000000,
0x00000000,
0x00000000,
0x00000000,
0x00000000,
0x00000000,
0x00000000,
0x00000000,
0x00000000,
0x00000000,
0x00000000,
0x00000000,
0x00000000,
0x00000000,
0x00000000,
0x00000000,
0x00000000,
0x00000000,
0x00000000,
0x00000000,
0x00000000,
0x00000000,
0x00000000,
0x00000000,
0x00000000,
0x00000000,
0x00000000,
0x00000000,
0x00000000,
0x00000000,
0x00000000,
0x00000000,
0x00000000,
0x00000000,
0x00000000,
0x00000000,
0x00000000,
0x00000000,
0x00000000,
0x00000000,
0x00000000,
0x00000000,
0x00000000,
0x00000000,
0x00000000,
0x00000000,
0x00000000,
0x00000000,
0x00000000,
0x00000000,
0x00000000,
0x00000000,
0x00000000,
0x00000000,
0x00000000,
0x00000000,
0x00000000,
0x00000000,
0x00000000,
0x00000000,
0x00000000,
0x00000000,
0x00000000,
0x00000000,
0x00000000,
0x00000000,
0x00000000,
0x00000000,
0x00000000,
0x00000000,
0x00000000,
0x00000000,
0x00000000,
0x00000000,
0x00000000,
0x00000000,
0x00000000,
0x00000000,
0x00000000,
0x00000000,
0x00000000,
0x00000000,
0x00000000,
0x00000000,
0x00000000,
0x00000000,
0x00000000,
0x00000000,
0x00000000,
0x00000000,
0x00000000,
0x00000000,
0x00000000,
0x00000000,
0x00000000,
0x00000000,
0x00000000,
0x00000000,
0x00000000,
0x00000000,
0x00000000,
0x00000000,
0x00000000,
0x00000000,
0x00000000,
0x00000000,
0x00000000,
0x00000000,
0x00000000,
0x00000000,
0x00000000,
0x00000000,
0x00000000,
0x00000000,
0x00000000,
0x00000000,
0x00000000,
0x00000000,
0x00000000,
0x00000000,
0x00000000,
0x00000000,
0x00000000,
0x00000000,
0x00000000,
0x00000000,
0x00000000,
0x00000000,
0x00000000,
0x00000000,
0x00000000,
0x00000000,
0x00000000,
0x00000000,
0x00000000,
0x00000000,
0x00000000,
0x00000000,
0x00000000,
0x00000000,
0x00000000,
0x00000000,
0x00000000,
0x00000000,
0x00000000,
0x00000000,
0x00000000,
0x00000000,
0x00000000,
0x00000000,
0x00000000,
0x00000000,
0x00000000,
0x00000000,
0x00000000,
0x00000000,
0x00000000,
0x00000000,
0x00000000,
0x00000000,
0x00000000,
0x00000000,
0x00000000,
0x00000000,
0x00000000,
0x00000000,
0x00000000,
0x00000000,
0x00000000,
0x00000000,
0x00000000,
0x00000000,
0x00000000,
0x00000000,
0x00000000,
0x00000000,
0x00000000,
0x00000000,
0x00000000,
0x00000000,
0x00000000,
0x00000000,
0x00000000,
0x00000000,
0x00000000,
0x00000000,
0x00000000,
0x00000000,
0x00000000,
0x00000000,
0x00000000,
0x00000000,
0x00000000,
0x00000000,
0x00000000,
0x00000000,
0x00000000,
0x00000000,
0x00000000,
0x00000000,
0x00000000,
0x00000000,
0x00000000,
0x00000000,
0x00000000,
0x00000000,
0x00000000,
0x00000000,
0x00000000,
0x00000000,
0x00000000,
0x00000000,
0x00000000,
0x00000000,
0x00000000,
0x00000000,
0x00000000,
0x00000000,
0x00000000,
0x00000000,
0x00000000,
0x00000000,
0x00000000,
0x00000000,
0x00000000,
0x00000000,
0x00000000,
0x00000000,
0x00000000,
0x00000000,
0x00000000,
0x00000000,
0x00000000,
0x00000000,
0x00000000,
0x00000000,
0x00000000,
0x00000000,
0x00000000,
0x00000000,
0x00000000,
0x00000000,
0x00000000,
0x00000000,
0x00000000,
0x00000000,
0x00000000,
0x00000000,
0x00000000,
0x00000000,
0x00000000,
0x00000000,
0x00000000,
0x00000000,
0x00000000,
0x00000000,
0x00000000,
0x00000000,
0x00000000,
0x00000000,
0x00000000,
0x00000000,
0x00000000,
0x00000000,
0x00000000,
0x00000000,
0x00000000,
0x00000000,
0x00000000,
0x00000000,
0x00000000,
0x00000000,
0x00000000,
0x00000000,
0x00000000,
0x00000000,
0x00000000,
0x00000000,
0x00000000,
0x00000000,
0x00000000,
0x00000000,
0x00000000,
0x00000000,
0x00000000,
0x00000000,
0x00000000,
0x00000000,
0x00000000,
0x00000000,
0x00000000,
0x00000000,
0x00000000,
0x00000000,
0x00000000,
0x00000000,
0x00000000,
0x00000000,
0x00000000,
0x00000000,
0x00000000,
0x00000000,
0x00000000,
0x00000000,
0x00000000,
0x00000000,
0x00000000,
0x00000000,
0x00000000,
0x00000000,
0x00000000,
0x00000000,
0x00000000,
0x00000000,
0x00000000,
0x00000000,
0x00000000,
0x00000000,
0x00000000,
0x00000000,
0x00000000,
0x00000000,
0x00000000,
0x00000000,
0x00000000,
0x00000000,
0x00000000,
0x00000000,
0x00000000,
0x00000000,
0x00000000,
0x00000000,
0x00000000,
0x00000000,
0x00000000,
0x00000000,
0x00000000,
0x00000000,
0x00000000,
0x00000000,
0x00000000,
0x00000000,
0x00000000,
0x00000000,
0x00000000,
0x00000000,
0x00000000,
0x00000000,
0x00000000,
0x00000000,
0x00000000,
0x00000000,
0x00000000,
0x00000000,
0x00000000,
0x00000000,
0x00000000,
0x00000000,
0x00000000,
0x00000000,
0x00000000,
0x00000000,
0x00000000,
0x00000000,
0x00000000,
0x00000000,
0x00000000,
0x00000000,
0x00000000,
0x00000000,
0x00000000,
0x00000000,
0x00000000,
0x00000000,
0x00000000,
0x00000000,
0x00000000,
0x00000000,
0x00000000,
0x00000000,
0x00000000,
0x00000000,
0x00000000,
0x00000000,
0x00000000,
0x00000000,
0x00000000,
0x00000000,
0x00000000,
0x00000000,
0x00000000,
0x00000000,
0x00000000,
0x00000000,
0x00000000,
0x00000000,
0x00000000,
0x00000000,
0x00000000,
0x00000000,
0x00000000,
0x00000000,
0x00000000,
0x00000000,
0x00000000,
0x00000000,
0x00000000,
0x00000000,
0x00000000,
0x00000000,
0x00000000,
0x00000000,
0x00000000,
0x00000000,
0x00000000,
0x00000000,
0x00000000,
0x00000000,
0x00000000,
0x00000000,
0x00000000,
0x00000000,
0x00000000,
0x00000000,
0x00000000,
0x00000000,
0x00000000,
0x00000000,
0x00000000,
0x00000000,
0x00000000,
0x00000000,
0x00000000,
0x00000000,
0x00000000,
0x00000000,
0x00000000,
0x00000000,
0x00000000,
0x00000000,
0x00000000,
0x00000000,
0x00000000,
0x00000000,
0x00000000,
0x00000000,
0x00000000,
0x00000000,
0x00000000,
0x00000000,
0x00000000,
0x00000000,
0x00000000,
0x00000000,
0x00000000,
0x00000000,
0x00000000,
0x00000000,
0x00000000,
0x00000000,
0x00000000,
0x00000000,
0x00000000,
0x00000000,
0x00000000,
0x00000000,
0x00000000,
0x00000000,
0x00000000,
0x00000000,
0x00000000,
0x00000000,
0x00000000,
0x00000000,
0x00000000,
0x00000000,
0x00000000,
0x00000000,
0x00000000,
0x00000000,
0x00000000,
0x00000000,
0x00000000,
0x00000000,
0x00000000,
0x00000000,
0x00000000,
0x00000000,
0x00000000,
0x00000000,
0x00000000,
0x00000000,
0x00000000,
0x00000000,
0x00000000,
0x00000000,
0x00000000,
0x00000000,
0x00000000,
0x00000000,
0x00000000,
0x00000000,
0x00000000,
0x00000000,
0x00000000,
0x00000000,
0x00000000,
0x00000000,
0x00000000,
0x00000000,
0x00000000,
0x00000000,
0x00000000,
0x00000000,
0x00000000,
0x00000000,
0x00000000,
0x00000000,
0x00000000,
0x00000000,
0x00000000,
0x00000000,
0x00000000,
0x00000000,
0x00000000,
0x00000000,
0x00000000,
0x00000000,
0x00000000,
0x00000000,
0x00000000,
0x00000000,
0x00000000,
0x00000000,
0x00000000,
0x00000000,
0x00000000,
0x00000000,
0x00000000,
0x00000000,
0x00000000,
0x00000000,
0x00000000,
0x00000000,
0x00000000,
0x00000000,
0x00000000,
0x00000000,
0x00000000,
0x00000000,
0x00000000,
0x00000000,
0x00000000,
0x00000000,
0x00000000,
0x00000000,
0x00000000,
0x00000000,
0x00000000,
0x00000000,
0x00000000,
0x00000000,
0x00000000,
0x00000000,
0x00000000,
0x00000000,
0x00000000,
0x00000000,
0x00000000,
0x00000000,
0x00000000,
0x00000000,
0x00000000,
0x00000000,
0x00000000,
0x00000000,
0x00000000,
0x00000000,
0x00000000,
0x00000000,
0x00000000,
0x00000000,
0x00000000,
0x00000000,
0x00000000,
0x00000000,
0x00000000,
0x00000000,
0x00000000,
0x00000000,
0x00000000,
0x00000000,
0x00000000,
0x00000000,
0x00000000,
0x00000000,
0x00000000,
0x00000000,
0x00000000,
0x00000000,
0x00000000,
0x00000000,
0x00000000,
0x00000000,
0x00000000,
0x00000000,
0x00000000,
0x00000000,
0x00000000,
0x00000000,
0x00000000,
0x00000000,
0x00000000,
0x00000000,
0x00000000,
0x00000000,
0x00000000,
0x00000000,
0x00000000,
0x00000000,
0x00000000,
0x00000000,
0x00000000,
0x00000000,
0x00000000,
0x00000000,
0x00000000,
0x00000000,
0x00000000,
0x00000000,
0x00000000,
0x00000000,
0x00000000,
0x00000000,
0x00000000,
0x00000000,
0x00000000,
0x00000000,
0x00000000,
0x00000000,
0x00000000,
0x00000000,
0x00000000,
0x00000000,
0x00000000,
0x00000000,
0x00000000,
0x00000000,
0x00000000,
0x00000000,
0x00000000,
0x00000000,
0x00000000,
0x00000000,
0x00000000,
0x00000000,
0x00000000,
0x00000000,
0x00000000,
0x00000000,
0x00000000,
0x00000000,
0x00000000,
0x00000000,
0x00000000,
0x00000000,
0x00000000,
0x00000000,
0x00000000,
0x00000000,
0x00000000,
0x00000000,
0x00000000,
0x00000000,
0x00000000,
0x00000000,
0x00000000,
0x00000000,
0x00000000,
0x00000000,
0x00000000,
0x00000000,
0x00000000,
0x00000000,
0x00000000,
0x00000000,
0x00000000,
0x00000000,
0x00000000,
0x00000000,
0x00000000,
0x00000000,
0x00000000,
0x00000000,
0x00000000,
0x00000000,
0x00000000,
0x00000000,
0x00000000,
0x00000000,
0x00000000,
0x00000000,
0x00000000,
0x00000000,
0x00000000,
0x00000000,
0x00000000,
0x00000000,
0x00000000,
0x00000000,
0x00000000,
0x00000000,
0x00000000,
0x00000000,
0x00000000,
0x00000000,
0x00000000,
0x00000000,
0x00000000,
0x00000000,
0x00000000,
0x00000000,
0x00000000,
0x00000000,
0x00000000,
0x00000000,
0x00000000,
0x00000000,
0x00000000,
0x00000000,
0x00000000,
0x00000000,
0x00000000,
0x00000000,
0x00000000,
0x00000000,
0x00000000,
0x00000000,
0x00000000,
0x00000000,
0x00000000,
0x00000000,
0x00000000,
0x00000000,
0x00000000,
0x00000000,
0x00000000,
0x00000000,
0x00000000,
0x00000000,
0x00000000,
0x00000000,
0x00000000,
0x00000000,
0x00000000,
0x00000000,
0x00000000,
0x00000000,
0x00000000,
0x00000000,
0x00000000,
0x00000000,
0x00000000,
0x00000000,
0x00000000,
0x00000000,
0x00000000,
0x00000000,
0x00000000,
0x00000000,
0x00000000,
0x00000000,
0x00000000,
0x00000000,
0x00000000,
0x00000000,
0x00000000,
0x00000000,
0x00000000,
0x00000000,
0x00000000,
0x00000000,
0x00000000,
0x00000000,
0x00000000,
0x00000000,
0x00000000,
0x00000000,
0x00000000,
0x00000000,
0x00000000,
0x00000000,
0x00000000,
0x00000000,
0x00000000,
0x00000000,
0x00000000,
0x00000000,
0x00000000,
0x00000000,
0x00000000,
0x00000000,
0x00000000,
0x00000000,
0x00000000,
0x00000000,
0x00000000,
0x00000000,
0x00000000,
0x00000000,
0x00000000,
0x00000000,
0x00000000,
0x00000000,
0x00000000,
0x00000000,
0x00000000,
0x00000000,
0x00000000,
0x00000000,
0x00000000,
0x00000000,
0x00000000,
0x00000000,
0x00000000,
0x00000000,
0x00000000,
0x00000000,
0x00000000,
0x00000000,
0x00000000,
0x00000000,
0x00000000,
0x00000000,
0x00000000,
0x00000000,
0x00000000,
0x00000000,
0x00000000,
0x00000000,
0x00000000,
0x00000000,
0x00000000,
0x00000000,
0x00000000,
0x00000000,
0x00000000,
0x00000000,
0x00000000,
0x00000000,
0x00000000,
0x00000000,
0x00000000,
0x00000000,
0x00000000,
0x00000000,
0x00000000,
0x00000000,
0x00000000,
0x00000000,
0x00000000,
0x00000000,
0x00000000,
0x00000000,
0x00000000,
0x00000000,
0x00000000,
0x00000000,
0x00000000,
0x00000000,
0x00000000,
0x00000000,
0x00000000,
0x00000000,
0x00000000,
0x00000000,
0x00000000,
0x00000000,
0x00000000,
0x00000000,
0x00000000,
0x00000000,
0x00000000,
0x00000000,
0x00000000,
0x00000000,
0x00000000,
0x00000000,
0x00000000,
0x00000000,
0x00000000,
0x00000000,
0x00000000,
0x00000000,
0x00000000,
0x00000000,
0x00000000,
0x00000000,
0x00000000,
0x00000000,
0x00000000,
0x00000000,
0x00000000,
0x00000000,
0x00000000,
0x00000000,
0x00000000,
0x00000000,
0x00000000,
0x00000000,
0x00000000,
0x00000000,
0x00000000,
0x00000000,
0x00000000,
0x00000000,
0x00000000,
0x00000000,
0x00000000,
0x00000000,
0x00000000,
0x00000000,
0x00000000,
0x00000000,
0x00000000,
0x00000000,
0x00000000,
0x00000000,
0x00000000,
0x00000000,
0x00000000,
0x00000000,
0x00000000,
0x00000000,
0x00000000,
0x00000000,
0x00000000,
0x00000000,
0x00000000,
0x00000000,
0x00000000,
0x00000000,
0x00000000,
0x00000000,
0x00000000,
0x00000000,
0x00000000,
0x00000000,
0x00000000,
0x00000000,
0x00000000,
0x00000000,
0x00000000,
0x00000000,
0x00000000,
0x00000000,
0x00000000,
0x00000000,
0x00000000,
0x00000000,
0x00000000,
0x00000000,
0x00000000,
0x00000000,
0x00000000,
0x00000000,
0x00000000,
0x00000000,
0x00000000,
0x00000000,
0x00000000,
0x00000000,
0x00000000,
0x00000000,
0x00000000,
0x00000000,
0x00000000,
0x00000000,
0x00000000,
0x00000000,
0x00000000,
0x00000000,
0x00000000,
0x00000000,
0x00000000,
0x00000000,
0x00000000,
0x00000000,
0x00000000,
0x00000000,
0x00000000,
0x00000000,
0x00000000,
0x00000000,
0x00000000,
0x00000000,
0x00000000,
0x00000000,
0x00000000,
0x00000000,
0x00000000,
0x00000000,
0x00000000,
0x00000000,
0x00000000,
0x00000000,
0x00000000,
0x00000000,
0x00000000,
0x00000000,
0x00000000,
0x00000000,
0x00000000,
0x00000000,
0x00000000,
0x00000000,
0x00000000,
0x00000000,
0x00000000,
0x00000000,
0x00000000,
0x00000000,
0x00000000,
0x00000000,
0x00000000,
0x00000000,
0x00000000,
0x00000000,
0x00000000,
0x00000000,
0x00000000,
0x00000000,
0x00000000,
0x00000000,
0x00000000,
0x00000000,
0x00000000,
0x00000000,
0x00000000,
0x00000000,
0x00000000,
0x00000000,
0x00000000,
0x00000000,
0x00000000,
0x00000000,
0x00000000,
0x00000000,
0x00000000,
0x00000000,
0x00000000,
0x00000000,
0x00000000,
0x00000000,
0x00000000,
0x00000000,
0x00000000,
0x00000000,
0x00000000,
0x00000000,
0x00000000,
0x00000000,
0x00000000,
0x00000000,
0x00000000,
0x00000000,
0x00000000,
0x00000000,
0x00000000,
0x00000000,
0x00000000,
0x00000000,
0x00000000,
0x00000000,
0x00000000,
0x00000000,
0x00000000,
0x00000000,
0x00000000,
0x00000000,
0x00000000,
0x00000000,
0x00000000,
0x00000000,
0x00000000,
0x00000000,
0x00000000,
0x00000000,
0x00000000,
0x00000000,
0x00000000,
0x00000000,
0x00000000,
0x00000000,
0x00000000,
0x00000000,
0x00000000,
0x00000000,
0x00000000,
0x00000000,
0x00000000,
0x00000000,
0x00000000,
0x00000000,
0x00000000,
0x00000000,
0x00000000,
0x00000000,
0x00000000,
0x00000000,
0x00000000,
0x00000000,
0x00000000,
0x00000000,
0x00000000,
0x00000000,
0x00000000,
0x00000000,
0x00000000,
0x00000000,
0x00000000,
0x00000000,
0x00000000,
0x00000000,
0x00000000,
0x00000000,
0x00000000,
0x00000000,
0x00000000,
0x00000000,
0x00000000,
0x00000000,
0x00000000,
0x00000000,
0x00000000,
0x00000000,
0x00000000,
0x00000000,
0x00000000,
0x00000000,
0x00000000,
0x00000000,
0x00000000,
0x00000000,
0x00000000,
0x00000000,
0x00000000,
0x00000000,
0x00000000,
0x00000000,
0x00000000,
0x00000000,
0x00000000,
0x00000000,
0x00000000,
0x00000000,
0x00000000,
0x00000000,
0x00000000,
0x00000000,
0x00000000,
0x00000000,
0x00000000,
0x00000000,
0x00000000,
0x00000000,
0x00000000,
0x00000000,
0x00000000,
0x00000000,
0x00000000,
0x00000000,
0x00000000,
0x00000000,
0x00000000,
0x00000000,
0x00000000,
0x00000000,
0x00000000,
0x00000000,
0x00000000,
0x00000000,
0x00000000,
0x00000000,
0x00000000,
0x00000000,
0x00000000,
0x00000000,
0x00000000,
0x00000000,
0x00000000,
0x00000000,
0x00000000,
0x00000000,
0x00000000,
0x00000000,
0x00000000,
0x00000000,
0x00000000,
0x00000000,
0x00000000,
0x00000000,
0x00000000,
0x00000000,
0x00000000,
0x00000000,
0x00000000,
0x00000000,
0x00000000,
0x00000000,
0x00000000,
0x00000000,
0x00000000,
0x00000000,
0x00000000,
0x00000000,
0x00000000,
0x00000000,
0x00000000,
0x00000000,
0x00000000,
0x00000000,
0x00000000,
0x00000000,
0x00000000,
0x00000000,
0x00000000,
0x00000000,
0x00000000,
0x00000000,
0x00000000,
0x00000000,
0x00000000,
0x00000000,
0x00000000,
0x00000000,
0x00000000,
0x00000000,
0x00000000,
0x00000000,
0x00000000,
0x00000000,
0x00000000,
0x00000000,
0x00000000,
0x00000000,
0x00000000,
0x00000000,
0x00000000,
0x00000000,
0x00000000,
0x00000000,
0x00000000,
0x00000000,
0x00000000,
0x00000000,
0x00000000,
0x00000000,
0x00000000,
0x00000000,
0x00000000,
0x00000000,
0x00000000,
0x00000000,
0x00000000,
0x00000000,
0x00000000,
0x00000000,
0x00000000,
0x00000000,
0x00000000,
0x00000000,
0x00000000,
0x00000000,
0x00000000,
0x00000000,
0x00000000,
0x00000000,
0x00000000,
0x00000000,
0x00000000,
0x00000000,
0x00000000,
0x00000000,
0x00000000,
0x00000000,
0x00000000,
0x00000000,
0x00000000,
0x00000000,
0x00000000,
0x00000000,
0x00000000,
0x00000000,
0x00000000,
0x00000000,
0x00000000,
0x00000000,
0x00000000,
0x00000000,
0x00000000,
0x00000000,
0x00000000,
0x00000000,
0x00000000,
0x00000000,
0x00000000,
0x00000000,
0x00000000,
0x00000000,
0x00000000,
0x00000000,
0x00000000,
0x00000000,
0x00000000,
0x00000000,
0x00000000,
0x00000000,
0x00000000,
0x00000000,
0x00000000,
0x00000000,
0x00000000,
0x00000000,
0x00000000,
0x00000000,
0x00000000,
0x00000000,
0x00000000,
0x00000000,
0x00000000,
0x00000000,
0x00000000,
0x00000000,
0x00000000,
0x00000000,
0x00000000,
0x00000000,
0x00000000,
0x00000000,
0x00000000,
0x00000000,
0x00000000,
0x00000000,
0x00000000,
0x00000000,
0x00000000,
0x00000000,
0x00000000,
0x00000000,
0x00000000,
0x00000000,
0x00000000,
0x00000000,
0x00000000,
0x00000000,
0x00000000,
0x00000000,
0x00000000,
0x00000000,
0x00000000,
0x00000000,
0x00000000,
0x00000000,
0x00000000,
0x00000000,
0x00000000,
0x00000000,
0x00000000,
0x00000000,
0x00000000,
0x00000000,
0x00000000,
0x00000000,
0x00000000,
0x00000000,
0x00000000,
0x00000000,
0x00000000,
0x00000000,
0x00000000,
0x00000000,
0x00000000,
0x00000000,
0x00000000,
0x00000000,
0x00000000,
0x00000000,
0x00000000,
0x00000000,
0x00000000,
0x00000000,
0x00000000,
0x00000000,
0x00000000,
0x00000000,
0x00000000,
0x00000000,
0x00000000,
0x00000000,
0x00000000,
0x00000000,
0x00000000,
0x00000000,
0x00000000,
0x00000000,
0x00000000,
0x00000000,
0x00000000,
0x00000000,
0x00000000,
0x00000000,
0x00000000,
0x00000000,
0x00000000,
0x00000000,
0x00000000,
0x00000000,
0x00000000,
0x00000000,
0x00000000,
0x00000000,
0x00000000,
0x00000000,
0x00000000,
0x00000000,
0x00000000,
0x00000000,
0x00000000,
0x00000000,
0x00000000,
0x00000000,
0x00000000,
0x00000000,
0x00000000,
0x00000000,
0x00000000,
0x00000000,
0x00000000,
0x00000000,
0x00000000,
0x00000000,
0x00000000,
0x00000000,
0x00000000,
0x00000000,
0x00000000,
0x00000000,
0x00000000,
0x00000000,
0x00000000,
0x00000000,
0x00000000,
0x00000000,
0x00000000,
0x00000000,
0x00000000,
0x00000000,
0x00000000,
0x00000000,
0x00000000,
0x00000000,
0x00000000,
0x00000000,
0x00000000,
0x00000000,
0x00000000,
0x00000000,
0x00000000,
0x00000000,
0x00000000,
0x00000000,
0x00000000,
0x00000000,
0x00000000,
0x00000000,
0x00000000,
0x00000000,
0x00000000,
0x00000000,
0x00000000,
0x00000000,
0x00000000,
0x00000000,
0x00000000,
0x00000000,
0x00000000,
0x00000000,
0x00000000,
0x00000000,
0x00000000,
0x00000000,
0x00000000,
0x00000000,
0x00000000,
0x00000000,
0x00000000,
0x00000000,
0x00000000,
0x00000000,
0x00000000,
0x00000000,
0x00000000,
0x00000000,
0x00000000,
0x00000000,
0x00000000,
0x00000000,
0x00000000,
0x00000000,
0x00000000,
0x00000000,
0x00000000,
0x00000000,
0x00000000,
0x00000000,
0x00000000,
0x00000000,
0x00000000,
0x00000000,
0x00000000,
0x00000000,
0x00000000,
0x00000000,
0x00000000,
0x00000000,
0x00000000,
0x00000000,
0x00000000,
0x00000000,
0x00000000,
0x00000000,
0x00000000,
0x00000000,
0x00000000,
0x00000000,
0x00000000,
0x00000000,
0x00000000,
0x00000000,
0x00000000,
0x00000000,
0x00000000,
0x00000000,
0x00000000,
0x00000000,
0x00000000,
0x00000000,
0x00000000,
0x00000000,
0x00000000,
0x00000000,
0x00000000,
0x00000000,
0x00000000,
0x00000000,
0x00000000,
0x00000000,
0x00000000,
0x00000000,
0x00000000,
0x00000000,
0x00000000,
0x00000000,
0x00000000,
0x00000000,
0x00000000,
0x00000000,
0x00000000,
0x00000000,
0x00000000,
0x00000000,
0x00000000,
0x00000000,
0x00000000,
0x00000000,
0x00000000,
0x00000000,
0x00000000,
0x00000000,
0x00000000,
0x00000000,
0x00000000,
0x00000000,
0x00000000,
0x00000000,
0x00000000,
0x00000000,
0x00000000,
0x00000000,
0x00000000,
0x00000000,
0x00000000,
0x00000000,
0x00000000,
0x00000000,
0x00000000,
0x00000000,
0x00000000,
0x00000000,
0x00000000,
0x00000000,
0x00000000,
0x00000000,
0x00000000,
0x00000000,
0x00000000,
0x00000000,
0x00000000,
0x00000000,
0x00000000,
0x00000000,
0x00000000,
0x00000000,
0x00000000,
0x00000000,
0x00000000,
0x00000000,
0x00000000,
0x00000000,
0x00000000,
0x00000000,
0x00000000,
0x00000000,
0x00000000,
0x00000000,
0x00000000,
0x00000000,
0x00000000,
0x00000000,
0x00000000,
0x00000000,
0x00000000,
0x00000000,
0x00000000,
0x00000000,
0x00000000,
0x00000000,
0x00000000,
0x00000000,
0x00000000,
0x00000000,
0x00000000,
0x00000000,
0x00000000,
0x00000000,
0x00000000,
0x00000000,
0x00000000,
0x00000000,
0x00000000,
0x00000000,
0x00000000,
0x00000000,
0x00000000,
0x00000000,
0x00000000,
0x00000000,
0x00000000,
0x00000000,
0x00000000,
0x00000000,
0x00000000,
0x00000000,
0x00000000,
0x00000000,
0x00000000,
0x00000000,
0x00000000,
0x00000000,
0x00000000,
0x00000000,
0x00000000,
0x00000000,
0x00000000,
0x00000000,
0x00000000,
0x00000000,
0x00000000,
0x00000000,
0x00000000,
0x00000000,
0x00000000,
0x00000000,
0x00000000,
0x00000000,
0x00000000,
0x00000000,
0x00000000,
0x00000000,
0x00000000,
0x00000000,
0x00000000,
0x00000000,
0x00000000,
0x00000000,
0x00000000,
0x00000000,
0x00000000,
0x00000000,
0x00000000,
0x00000000,
0x00000000,
0x00000000,
0x00000000,
0x00000000,
0x00000000,
0x00000000,
0x00000000,
0x00000000,
0x00000000,
0x00000000,
0x00000000,
0x00000000,
0x00000000,
0x00000000,
0x00000000,
0x00000000,
0x00000000,
0x00000000,
0x00000000,
0x00000000,
0x00000000,
0x00000000,
0x00000000,
0x00000000,
0x00000000,
0x00000000,
0x00000000,
0x00000000,
0x00000000,
0x00000000,
0x00000000,
0x00000000,
0x00000000,
0x00000000,
0x00000000,
0x00000000,
0x00000000,
0x00000000,
0x00000000,
0x00000000,
0x00000000,
0x00000000,
0x00000000,
0x00000000,
0x00000000,
0x00000000,
0x00000000,
0x00000000,
0x00000000,
0x00000000,
0x00000000,
0x00000000,
0x00000000,
0x00000000,
0x00000000,
0x00000000,
0x00000000,
0x00000000,
0x00000000,
0x00000000,
0x00000000,
0x00000000,
0x00000000,
0x00000000,
0x00000000,
0x00000000,
0x00000000,
0x00000000,
0x00000000,
0x00000000,
0x00000000,
0x00000000,
0x00000000,
0x00000000,
0x00000000,
0x00000000,
0x00000000,
0x00000000,
0x00000000,
0x00000000,
0x00000000,
0x00000000,
0x00000000,
0x00000000,
0x00000000,
0x00000000,
0x00000000,
0x00000000,
0x00000000,
0x00000000,
0x00000000,
0x00000000,
0x00000000,
0x00000000,
0x00000000,
0x00000000,
0x00000000,
0x00000000,
0x00000000,
0x00000000,
0x00000000,
0x00000000,
0x00000000,
0x00000000,
0x00000000,
0x00000000,
0x00000000,
0x00000000,
0x00000000,
0x00000000,
0x00000000,
0x00000000,
0x00000000,
0x00000000,
0x00000000,
0x00000000,
0x00000000,
0x00000000,
0x00000000,
0x00000000,
};
#endif