//Out type = 1
#ifndef _RANGESCAN_LPDDR4_
#define _RANGESCAN_LPDDR4_
//bin2byte_linux version : 2022-0629-1.0007
//Reading '../output/LD98690A.bin'...
//file size = 102400
//../output/LD98690A.bin to function = ddr_scan data width[4] total size[102400]
//DR[2024-4-19-11]:LD[1.4.1]
unsigned int ddr_scan[] = {
0xf0d40028,
0xf0d40000,
0x00003908,
0xe0800500,
0xf0d40070,
0x000051e5,
0x0001c1f8,
0x0001c47c,
0x00000000,
0x00019000,
0xea0002da,
0xffffffff,
0xf8a4aa55,
0xf0000004,
0x13040005,
0xf0208000,
0xf10200b0,
0x00000028,
0xf1020010,
0x00000002,
0xf10200b0,
0x00000034,
0xf00200b0,
0x01100003,
0xf1130000,
0x0000003e,
0x00000000,
0x00000000,
0x48210000,
0x14014d96,
0x0000b9a4,
0x00020000,
0x00000000,
0x00000000,
0xc0000000,
0xffffffff,
0x00000000,
0x00000000,
0xffffffff,
0xffffffff,
0xffffffff,
0xffffffff,
0xffffffff,
0xffffffff,
0xffffffff,
0xffffffff,
0xffffffff,
0xffffffff,
0xffffffff,
0xffffffff,
0xffffffff,
0xffffffff,
0xffffffff,
0xffffffff,
0xffffffff,
0xffffffff,
0xffffffff,
0xffffffff,
0xffffffff,
0xffffffff,
0xffffffff,
0xffffffff,
0xffffffff,
0xffffffff,
0xffffffff,
0xffffffff,
0xffffffff,
0xffffffff,
0xffffffff,
0xffffffff,
0xffffffff,
0xffffffff,
0xffffffff,
0xffffffff,
0xffffffff,
0xffffffff,
0xffffffff,
0xffffffff,
0xffffffff,
0xffffffff,
0xffffffff,
0xffffffff,
0xffffffff,
0xffffffff,
0xffffffff,
0xffffffff,
0xffffffff,
0xffffffff,
0xffffffff,
0xffffffff,
0xffffffff,
0xffffffff,
0xffffffff,
0xffffffff,
0xffffffff,
0xffffffff,
0xffffffff,
0xffffffff,
0xffffffff,
0xffffffff,
0xffffffff,
0xffffffff,
0xffffffff,
0xffffffff,
0xffffffff,
0xffffffff,
0xffffffff,
0xffffffff,
0xffffffff,
0xffffffff,
0xffffffff,
0xffffffff,
0xffffffff,
0xffffffff,
0xffffffff,
0xffffffff,
0xffffffff,
0xffffffff,
0xffffffff,
0xffffffff,
0xffffffff,
0xffffffff,
0xffffffff,
0xffffffff,
0xffffffff,
0xffffffff,
0xffffffff,
0xffffffff,
0xffffffff,
0xffffffff,
0xffffffff,
0xffffffff,
0xffffffff,
0xffffffff,
0xffffffff,
0xffffffff,
0xffffffff,
0xffffffff,
0xffffffff,
0xffffffff,
0xffffffff,
0xffffffff,
0xffffffff,
0xffffffff,
0xffffffff,
0xffffffff,
0xffffffff,
0xffffffff,
0xffffffff,
0xffffffff,
0xffffffff,
0xffffffff,
0xffffffff,
0xffffffff,
0xffffffff,
0xffffffff,
0xffffffff,
0xffffffff,
0xffffffff,
0xffffffff,
0xffffffff,
0xffffffff,
0xffffffff,
0xffffffff,
0xffffffff,
0xffffffff,
0xffffffff,
0xffffffff,
0xffffffff,
0xffffffff,
0xffffffff,
0xffffffff,
0xffffffff,
0xffffffff,
0xffffffff,
0xffffffff,
0xffffffff,
0xffffffff,
0xffffffff,
0xffffffff,
0xffffffff,
0xffffffff,
0xffffffff,
0xffffffff,
0xffffffff,
0xffffffff,
0xffffffff,
0xffffffff,
0xffffffff,
0xffffffff,
0xffffffff,
0xffffffff,
0x10230822,
0x0058e000,
0xc1088020,
0x00001010,
0x00210044,
0x000800cb,
0x00610000,
0x40030834,
0x00d20000,
0x00000d05,
0x0074003f,
0x00710000,
0x00100004,
0x0064004d,
0x001e004d,
0x2221242d,
0x00090841,
0x0914171a,
0x00f0f00c,
0x14040814,
0x02061111,
0x0202000a,
0x00000602,
0x00000000,
0x00000000,
0x1a020010,
0x0e100002,
0x0000019e,
0xd42b0021,
0x03600100,
0x03a08211,
0x00000404,
0x06000604,
0x00000800,
0xffffffff,
0x08202800,
0x08282800,
0x40400000,
0x40400828,
0x40401030,
0x40400828,
0x18003818,
0x08085044,
0x20120000,
0x00000027,
0x01740000,
0x0371023f,
0x184a0b64,
0x17000000,
0x2000042a,
0x0000161e,
0x00020000,
0x20202020,
0x20202020,
0x38080030,
0x00000000,
0x00000000,
0x00000000,
0x00000000,
0x00000000,
0x00000000,
0x00000000,
0x00000000,
0x00000000,
0x00000000,
0x00000000,
0x00000000,
0x00000000,
0x00000000,
0x00000000,
0x00000000,
0x00000000,
0x00000000,
0x1b0f8000,
0x22010500,
0x80100f00,
0x0f969608,
0xf50f92d0,
0x0f92090d,
0x92090df5,
0x090df50f,
0x0df50f92,
0xf50f9209,
0x0df50f92,
0xf50f9209,
0x0f92090d,
0x92090df5,
0x090df50f,
0x01f50f92,
0x02010102,
0x00010101,
0x00000000,
0x00f50f92,
0x20090df0,
0x00f50f92,
0x20090dc0,
0x00f50f92,
0x0f9220f0,
0x20c000f5,
0x00f50f92,
0x20090df0,
0x00f50f92,
0x20090dc0,
0x00f50f92,
0x0f9220f0,
0x20c000f5,
0x01020201,
0x01020201,
0x00010100,
0x00010100,
0x00000000,
0x00000000,
0x01010100,
0x01010101,
0x01010101,
0x01010101,
0x00010101,
0x00000000,
0x00000000,
0x241c0f80,
0x241c2424,
0x241c2424,
0x241c2424,
0x00002424,
0x00000700,
0x03000000,
0x02200000,
0x22204c22,
0x80102280,
0x38100834,
0xffffffff,
0x00000000,
0xc1088020,
0x00001010,
0x00000040,
0x00610130,
0x00000000,
0x4002061b,
0x00b4000e,
0x00009505,
0x0054002d,
0x00710008,
0x00040009,
0x00640046,
0x001e004d,
0x1a201a22,
0x00060631,
0x07101414,
0x00c0c000,
0x0f04080f,
0x02040c0c,
0x04020007,
0x00000402,
0x00000000,
0x00000000,
0x1a020010,
0x0c100002,
0x00000096,
0xd3200018,
0x02800100,
0x0392820d,
0x00000404,
0x06000604,
0x80000000,
0xffffffff,
0x00343400,
0x00343400,
0x40400000,
0x40400828,
0x40401030,
0x40400828,
0x18003818,
0x0d085044,
0x120e0000,
0x0000001e,
0x01540000,
0x0371022d,
0x4e4a0b64,
0x10008000,
0x08000010,
0x0000161e,
0x00020000,
0x2020241c,
0x1c202020,
0x1c241424,
0x00000000,
0x00000000,
0x00000000,
0x00000000,
0x00000000,
0x00000000,
0x00000000,
0x00000000,
0x00000000,
0x00000000,
0x00000000,
0x00000000,
0x00000000,
0x00000000,
0x00000000,
0x00000000,
0x00000000,
0x00000000,
0x1b0a8000,
0x22010500,
0x80100f00,
0x0f979708,
0xb50b92d0,
0x0b92090d,
0x92090db5,
0x090db50b,
0x0db50b92,
0xb50b9209,
0x0db50b92,
0xb50b9209,
0x0b92090d,
0x92090db5,
0x090db50b,
0x01b50b92,
0x01010101,
0x00010101,
0x00000000,
0x00b50b92,
0x20090d80,
0x00b50b92,
0x20090d80,
0x00b50b92,
0x0b922080,
0x208000b5,
0x00b50b92,
0x20090d80,
0x00b50b92,
0x20090d80,
0x00b50b92,
0x0b922080,
0x208000b5,
0x02020202,
0x02020202,
0x03030203,
0x03030203,
0x03030303,
0x03030303,
0x02020203,
0x02020202,
0x03030202,
0x03030303,
0x03030303,
0x03030303,
0x03030303,
0x24240f80,
0x24242424,
0x24242424,
0x24242424,
0x00002424,
0x0007ff00,
0xff000000,
0x02200007,
0x22204c22,
0x80102280,
0x00083810,
0x10230822,
0x0058e000,
0xc1088020,
0x00001010,
0x00210044,
0x000800cb,
0x00610000,
0x40030834,
0x00d20000,
0x00000d05,
0x0074003f,
0x00710000,
0x00100004,
0x0064004d,
0x001e004d,
0x2221242d,
0x00090841,
0x0914171a,
0x00f0f00c,
0x14040814,
0x02061111,
0x0202000a,
0x00000602,
0x00000000,
0x00000000,
0x1a020010,
0x0e100002,
0x0000019e,
0xd42b0021,
0x03600100,
0x03a08211,
0x00000404,
0x06000604,
0x00000800,
0xffffffff,
0x08202800,
0x08282800,
0x40400000,
0x40400828,
0x40401030,
0x40400828,
0x18003818,
0x08085044,
0x20120000,
0x00000027,
0x01740000,
0x0371023f,
0x184a0b64,
0x17000000,
0x2000042a,
0x0000161e,
0x00020000,
0x20202020,
0x20202020,
0x38080030,
0x00000000,
0x00000000,
0x00000000,
0x00000000,
0x00000000,
0x00000000,
0x00000000,
0x00000000,
0x00000000,
0x00000000,
0x00000000,
0x00000000,
0x00000000,
0x00000000,
0x00000000,
0x00000000,
0x00000000,
0x00000000,
0x1b0f8000,
0x22010500,
0x80100f00,
0x0f969608,
0xf50f92d0,
0x0f92090d,
0x92090df5,
0x090df50f,
0x0df50f92,
0xf50f9209,
0x0df50f92,
0xf50f9209,
0x0f92090d,
0x92090df5,
0x090df50f,
0x01f50f92,
0x02010102,
0x00010101,
0x00000000,
0x00f50f92,
0x20090df0,
0x00f50f92,
0x20090dc0,
0x00f50f92,
0x0f9220f0,
0x20c000f5,
0x00f50f92,
0x20090df0,
0x00f50f92,
0x20090dc0,
0x00f50f92,
0x0f9220f0,
0x20c000f5,
0x01020201,
0x01020201,
0x01010100,
0x01010100,
0x00000000,
0x00000000,
0x01010100,
0x01010101,
0x01010101,
0x01010101,
0x01010101,
0x01010101,
0x01010101,
0x241c0f80,
0x241c2424,
0x241c2424,
0x241c2424,
0x00002424,
0x00000700,
0x03000000,
0x02200000,
0x22204c22,
0x80102280,
0x00100838,
0xffffffff,
0x00000000,
0xc1088020,
0x00001010,
0x00000040,
0x00610130,
0x00000000,
0x4002061b,
0x00b4000e,
0x00009505,
0x0054002d,
0x00710008,
0x00040009,
0x00640046,
0x001e004d,
0x1a201a22,
0x00060631,
0x07101414,
0x00c0c000,
0x0f04080f,
0x02040c0c,
0x04020007,
0x00000402,
0x00000000,
0x00000000,
0x1a020010,
0x0c100002,
0x00000096,
0xd3200018,
0x02800100,
0x0392820d,
0x00000404,
0x06000604,
0x80000000,
0xffffffff,
0x00343400,
0x00343400,
0x40400000,
0x40400828,
0x40401030,
0x40400828,
0x18003818,
0x0d085044,
0x120e0000,
0x0000001e,
0x01540000,
0x0371022d,
0x4e4a0b64,
0x10008000,
0x08000010,
0x0000161e,
0x00020000,
0x2020241c,
0x1c202020,
0x1c241424,
0x00000000,
0x00000000,
0x00000000,
0x00000000,
0x00000000,
0x00000000,
0x00000000,
0x00000000,
0x00000000,
0x00000000,
0x00000000,
0x00000000,
0x00000000,
0x00000000,
0x00000000,
0x00000000,
0x00000000,
0x00000000,
0x1b0a8000,
0x22010500,
0x80100f00,
0x0f979708,
0xb50b92d0,
0x0b92090d,
0x92090db5,
0x090db50b,
0x0db50b92,
0xb50b9209,
0x0db50b92,
0xb50b9209,
0x0b92090d,
0x92090db5,
0x090db50b,
0x01b50b92,
0x01010101,
0x00010101,
0x00000000,
0x00b50b92,
0x20090d80,
0x00b50b92,
0x20090d80,
0x00b50b92,
0x0b922080,
0x208000b5,
0x00b50b92,
0x20090d80,
0x00b50b92,
0x20090d80,
0x00b50b92,
0x0b922080,
0x208000b5,
0x02020202,
0x02020202,
0x03030203,
0x03030203,
0x03030303,
0x03030303,
0x02020203,
0x02020202,
0x03030202,
0x03030303,
0x03030303,
0x03030303,
0x03030303,
0x24240f80,
0x24242424,
0x24242424,
0x24242424,
0x00002424,
0x0007ff00,
0xff000000,
0x02200007,
0x22204c22,
0x80102280,
0x00083810,
0xffffffff,
0xffffffff,
0xffffffff,
0xffffffff,
0xffffffff,
0xffffffff,
0xffffffff,
0xffffffff,
0xffffffff,
0xffffffff,
0xffffffff,
0xffffffff,
0xffffffff,
0xffffffff,
0xffffffff,
0xffffffff,
0xea0000e8,
0xe59ff014,
0xe59ff014,
0xe59ff014,
0xe59ff014,
0xe320f000,
0xe59ff010,
0xe59ff010,
0xf0d40f4c,
0xf0d40f90,
0xf0d40fd4,
0xf0d41018,
0xf0d4105c,
0xf0d41060,
0xf1080100,
0xf10c00c0,
0xf1020013,
0xee110f10,
0xe3c00a01,
0xe3c00b02,
0xe3c00004,
0xe3c00002,
0xe3c00001,
0xee010f10,
0xe59f04b4,
0xee0c0f10,
0xe59f04b0,
0xe3a01901,
0xe0811000,
0xe3a02000,
0xe4802004,
0xe1500001,
0x3afffffc,
0xe59fd498,
0xee110f10,
0xe3800a01,
0xee070f15,
0xee010f10,
0xe3a01000,
0xee081f13,
0xee081f17,
0xee071fd5,
0xee081f16,
0xee081f15,
0xee071f15,
0xf57ff04f,
0xf57ff06f,
0xe3a00000,
0xee400f10,
0xee300f10,
0xe2006007,
0xe2866004,
0xe7e931d0,
0xe16f5f13,
0xe2833001,
0xe1a04003,
0xe59f2440,
0xe5823000,
0xe59f343c,
0xe00306a0,
0xe59f2438,
0xe2801001,
0xe5821000,
0xe3a01000,
0xe3a03000,
0xe1a02511,
0xe1822613,
0xee072f56,
0xe2833001,
0xe1500003,
0xaafffff9,
0xe2811001,
0xe1510004,
0x1afffff5,
0xe3a00001,
0xee400f10,
0xee300f10,
0xe7e931d0,
0xe2833001,
0xe59f23f0,
0xe5823000,
0xe59f33e0,
0xe00306a0,
0xe59f23e4,
0xe2801001,
0xe5821000,
0xe3a00002,
0xee400f10,
0xee300f10,
0xe2006007,
0xe2866004,
0xe7e931d0,
0xe16f5f13,
0xe2833001,
0xe1a04003,
0xe59f23b8,
0xe5823000,
0xe59f33a0,
0xe00306a0,
0xe59f23ac,
0xe2801001,
0xe5821000,
0xe3a01000,
0xe3a03000,
0xe1a02511,
0xe2822002,
0xe1822613,
0xee072f56,
0xe2833001,
0xe1500003,
0xaafffff8,
0xe2811001,
0xe1510004,
0x1afffff4,
0xe59f0350,
0xe59f9370,
0xe5991084,
0xe2511001,
0xe59f2368,
0xe0823a01,
0xe7803101,
0xe2511001,
0x5afffffb,
0xe59f032c,
0xe3800b0f,
0xe3a010ff,
0xe59f234c,
0xe0823a01,
0xe7803101,
0xe2511001,
0x5afffffb,
0xe59f030c,
0xe59f1338,
0xe1800001,
0xe59f2334,
0xe5802000,
0xe59f02f8,
0xe3800df1,
0xe3a01003,
0xe59f2324,
0xe0823a01,
0xe7803101,
0xe2511001,
0x5afffffb,
0xe3a00000,
0xee020f50,
0xe59f02d0,
0xe3a01008,
0xe3811040,
0xe1800001,
0xee020f10,
0xe3e00000,
0xee030f10,
0xf57ff04f,
0xf57ff06f,
0xee110f10,
0xe3800001,
0xee010f10,
0xf57ff04f,
0xf57ff06f,
0xee110f10,
0xe3800a01,
0xe3800004,
0xee010f10,
0xf57ff04f,
0xf57ff06f,
0xee110f30,
0xe3800040,
0xee010f30,
0xe59f02b0,
0xe5901078,
0xe3a02001,
0xe1811682,
0xe5801078,
0xe59f02a0,
0xe59f12a0,
0xe5912108,
0xe5802024,
0xe3a02007,
0xe5802008,
0xfa0004ad,
0xe59f028c,
0xe5902038,
0xe7ef1052,
0xe3510000,
0x0a000023,
0xe7e037d1,
0xe3a04045,
0xe3530001,
0x1a000012,
0xe7e03751,
0xe3530001,
0x1a000005,
0xe3a04055,
0xe2800001,
0xe3500002,
0x0a00000b,
0xe1a02822,
0xeaffffef,
0xe7e45052,
0xe7e462d2,
0xe2854030,
0xe3550001,
0x0a000000,
0xea000003,
0xe0253006,
0xe223301f,
0xe3530000,
0x0a00000c,
0xe59f0220,
0xe3a01039,
0xe5801000,
0xe3a01038,
0xe5801000,
0xe3a01036,
0xe5801000,
0xe3a01039,
0xe5801000,
0xe3a01030,
0xe5801000,
0xe5804000,
0xeafffffe,
0xfa00045d,
0xfa00044b,
0xe59f01e8,
0xe59f11e8,
0xe3a02000,
0xe4802004,
0xe1500001,
0x3afffffc,
0xe59fd180,
0xfa0009b3,
0xe1a0f000,
0xe320f000,
0xe59f01bc,
0xe3a01052,
0xe5801000,
0xe3a01053,
0xe5801000,
0xe3a01054,
0xe5801000,
0xe590101c,
0xe201100f,
0xe2811030,
0xe5801000,
0xe590101c,
0xe1a01221,
0xe201100f,
0xe2811030,
0xe5801000,
0xeafffffe,
0xe59f0178,
0xe3a01055,
0xe5801000,
0xe3a01044,
0xe5801000,
0xe3a01046,
0xe5801000,
0xe590101c,
0xe201100f,
0xe2811030,
0xe5801000,
0xe590101c,
0xe1a01221,
0xe201100f,
0xe2811030,
0xe5801000,
0xeaffffed,
0xe59f0134,
0xe3a01053,
0xe5801000,
0xe3a01057,
0xe5801000,
0xe3a01049,
0xe5801000,
0xe590101c,
0xe201100f,
0xe2811030,
0xe5801000,
0xe590101c,
0xe1a01221,
0xe201100f,
0xe2811030,
0xe5801000,
0xeaffffdc,
0xe59f00f0,
0xe3a01050,
0xe5801000,
0xe3a01041,
0xe5801000,
0xe3a01042,
0xe5801000,
0xe590101c,
0xe201100f,
0xe2811030,
0xe5801000,
0xe590101c,
0xe1a01221,
0xe201100f,
0xe2811030,
0xe5801000,
0xeaffffcb,
0xe59f00ac,
0xe3a01041,
0xe5801000,
0xe3a01042,
0xe5801000,
0xe3a01054,
0xe5801000,
0xe590101c,
0xe201100f,
0xe2811030,
0xe5801000,
0xe590101c,
0xe1a01221,
0xe201100f,
0xe2811030,
0xe5801000,
0xeaffffba,
0xeafffffe,
0xeafffffe,
0x00000100,
0x00000010,
0x00000100,
0x00000010,
0x00000100,
0x00000010,
0xf0d40000,
0xf0d58000,
0xf0d5affc,
0xf0d41070,
0x00007fff,
0xf0d4106c,
0xf0d41078,
0xf0d41074,
0xf0d41068,
0xf0d41064,
0xf0d40300,
0x00015de6,
0xf0000de6,
0x00003c34,
0xf0d15de6,
0xf1015de6,
0xf0020000,
0xf0101000,
0xf0100000,
0xf0240000,
0xf0130000,
0x01000284,
0x01008400,
0x00000000,
0x4ff0e92d,
0x4615b08f,
0x46064699,
0xf8d7af02,
0x61f98058,
0xf0002800,
0x22048727,
0x46112400,
0x48b32300,
0xf1eaf0c6,
0x46232204,
0x94004611,
0xf0c648af,
0x2204f1f5,
0x46112301,
0xf0c648ac,
0x2204f1dd,
0x46112301,
0x48a99400,
0xf1e8f0c6,
0x46232205,
0x48a64611,
0xf1d0f0c6,
0x23012205,
0x48a34611,
0xf1caf0c6,
0xf0022001,
0x792afab9,
0x4ba04621,
0x601a48a0,
0x605a796a,
0x609a79aa,
0x23014622,
0xf1baf0c6,
0xf0022001,
0x221afaa9,
0x46114623,
0xf0c64899,
0x221af1b1,
0x46114623,
0x48969400,
0xf1bcf0c6,
0xf0022001,
0x221afa99,
0x46112301,
0xf0c64891,
0x9400f1a1,
0x4c90221a,
0x46112301,
0xf0c6488d,
0x2001f1ab,
0xfa88f002,
0x462a2307,
0x69f94630,
0x9000f8cd,
0x4b80f444,
0x8004f8cd,
0x0900f04f,
0xf116f0c0,
0x46582300,
0x4619461a,
0xf182f0c6,
0x464a464b,
0x46584649,
0x9000f8cd,
0xf18cf0c6,
0xf0002e00,
0x220780d4,
0x4611464b,
0xf0c64876,
0x2301f171,
0x4611220b,
0xf0c64878,
0xf444f16b,
0x463073d8,
0x2300617b,
0x6013697a,
0x72c8f444,
0x60116fa9,
0x72caf444,
0x60116fe9,
0x72ccf444,
0x61e0f04f,
0xf4446011,
0x496d72d0,
0xf4446011,
0xf04f72d2,
0x60111101,
0x72d4f444,
0xf4446013,
0x607a7241,
0x68792201,
0xf044600a,
0x60130230,
0xf0c061ba,
0x68abf0c5,
0xf043b108,
0x60237340,
0x03d0f044,
0x463069ea,
0xf044601a,
0x6a2a03d4,
0xf044601a,
0x6a6a03d8,
0xf044601a,
0x6aaa03dc,
0xf044601a,
0x6aea03e0,
0xf044601a,
0x6b2a03e4,
0xf044601a,
0x6b6a03e8,
0xf044601a,
0x6baa03ec,
0xf0c0601a,
0xb158f09d,
0x6248f46f,
0x4329f240,
0x429a4442,
0xf044d874,
0xf24003f4,
0x601a726f,
0xf4446bea,
0xf4447380,
0xf4447a00,
0xf4447901,
0x601a7802,
0x7382f444,
0x601a6c2a,
0x7384f444,
0x601a6c6a,
0x7386f444,
0x601a6caa,
0x7388f444,
0x601a6cea,
0x738af444,
0x601a6d2a,
0x738cf444,
0x601a6d6a,
0x738ef444,
0x601a6daa,
0x7390f444,
0x601a6dea,
0x7392f444,
0x601a6e2a,
0x7398f444,
0x601a6e6a,
0x739af444,
0x601a6eaa,
0x739cf444,
0x601a6eea,
0x2b0069fb,
0x8456f000,
0xf0c04630,
0x4602f04f,
0xd0512800,
0xf4444b26,
0xf8ca7203,
0x4b253000,
0x3000f8c9,
0xf8c82300,
0x60133000,
0x7304f444,
0x721ff641,
0xf04f601a,
0xf4443208,
0x601a7305,
0x7306f444,
0xf444601a,
0xf6407307,
0x601a720f,
0x7308f444,
0x723ff643,
0x221fe06a,
0x46114633,
0xf0c6480f,
0x2301f09d,
0xe72a220c,
0x0256f6a8,
0x432af240,
0xd804429a,
0x03f4f044,
0x626ff240,
0xf2a8e783,
0x4598482b,
0xf044d880,
0xf24003f4,
0xe77a526f,
0xf0020090,
0xf0024c20,
0xf0020008,
0xf00200a0,
0xf0210000,
0xf0020070,
0x80400003,
0x001f1f07,
0x00080808,
0x2e004bdd,
0xf04f6959,
0xbf080308,
0x40192304,
0xf0004bda,
0x48da83d6,
0x613a60fb,
0xf1faf0c5,
0x693a68fb,
0x3000f8ca,
0xf8c94bd6,
0xf4443000,
0xf8c87303,
0xf04f2000,
0x601a7280,
0x7304f444,
0x721ff641,
0xf444601a,
0x4acf7305,
0xf444601a,
0xf04f7306,
0x601a3207,
0x7307f444,
0x7207f640,
0xf444601a,
0xf6437308,
0x601a723f,
0x4380f444,
0x0370f043,
0x2230f46f,
0x4630601a,
0xf7baf0bf,
0x0210f044,
0xb10868eb,
0x0330f043,
0xf0446013,
0xf04f0364,
0xf4440800,
0x613b7a48,
0x0901f04f,
0xf444696b,
0xf0416193,
0x693a0c04,
0x601348b7,
0x0368f044,
0x68fa60fb,
0x601369ab,
0x0350f044,
0x601a692a,
0x7317f444,
0x601a4ab1,
0x7319f444,
0x601a4ab0,
0x731bf444,
0xf444601a,
0x6f2a73c0,
0xf444601a,
0x6f6a73c2,
0xf044601a,
0xf8c30338,
0xf4448000,
0xf8d57310,
0x601a2080,
0x7311f444,
0xf8c32205,
0xf4448000,
0xf8c37343,
0xf4448000,
0x601a73e0,
0x4200f102,
0x7314f444,
0x52f8f502,
0xf444601a,
0xf2427315,
0x601a0210,
0x731cf444,
0x601a4a99,
0x731df444,
0x601a4a98,
0x6380f444,
0x601a2210,
0x42c0f44f,
0x0304f043,
0x8000f8ca,
0xf444601a,
0x601a6381,
0x6392f444,
0x9000f8c3,
0x0304f043,
0x4b8e6018,
0x498e600b,
0x1000f8cc,
0x6c94f444,
0x3000f8cc,
0x6c96f444,
0x0c04f04c,
0x2000f8cc,
0x6c97f444,
0x2000f8cc,
0x6ca8f444,
0x9000f8cc,
0x0c04f04c,
0x0000f8cc,
0x6ca9f444,
0x3000f8cc,
0x0c04f04c,
0x1000f8cc,
0x6caaf444,
0x3000f8cc,
0x6cacf444,
0x0c04f04c,
0x2000f8cc,
0x6cadf444,
0x2000f8cc,
0x6cbef444,
0x9000f8cc,
0x0c04f04c,
0x0000f8cc,
0x6cbff444,
0x3000f8cc,
0x0c04f04c,
0x1000f8cc,
0x6cc0f444,
0x3000f8cc,
0x6cc2f444,
0x0c04f04c,
0x2000f8cc,
0x6cc3f444,
0x2000f8cc,
0x6cd4f444,
0x9000f8cc,
0x0c04f04c,
0x0000f8cc,
0x6cd5f444,
0x3000f8cc,
0x0c04f04c,
0x1000f8cc,
0x6cd6f444,
0x3000f8cc,
0x6cd8f444,
0x0c04f04c,
0x2000f8cc,
0x6cd9f444,
0x2000f8cc,
0x6ceaf444,
0x9000f8cc,
0x0c04f04c,
0x0000f8cc,
0x6cebf444,
0x3000f8cc,
0x0c04f04c,
0x1000f8cc,
0x6cecf444,
0x3000f8cc,
0x6ceef444,
0x0c04f04c,
0x2000f8cc,
0x6ceff444,
0x2000f8cc,
0x6c00f444,
0x9000f8cc,
0x0c04f04c,
0x0000f8cc,
0x6c00f444,
0x0c08f04c,
0x3000f8cc,
0x6c00f444,
0x0c0cf04c,
0x1000f8cc,
0x6c01f444,
0x3000f8cc,
0x6c02f444,
0x0c04f04c,
0x2000f8cc,
0x6c02f444,
0x0c08f04c,
0x2000f8cc,
0x6c0bf444,
0x9000f8cc,
0x0c04f04c,
0x0000f8cc,
0x6c0bf444,
0x0c08f04c,
0x3000f8cc,
0x6c0bf444,
0x0c0cf04c,
0x1000f8cc,
0x6c0cf444,
0x3000f8cc,
0x6c0df444,
0x0c04f04c,
0x2000f8cc,
0x6c0df444,
0x0c08f04c,
0x2000f8cc,
0x6216f444,
0x9000f8c2,
0x0204f042,
0xf4446010,
0xf0426216,
0x46580208,
0x7b49f444,
0xf4446013,
0xf0426216,
0x6011020c,
0x6217f444,
0x60134641,
0x4642464b,
0x9000f8ca,
0xf6d0f0c5,
0x0360f044,
0x46414642,
0x464b60bb,
0xf0c568b8,
0x4643f6c7,
0x4649464a,
0xf0c569b8,
0x2203f6c1,
0x46114643,
0xf0c569b8,
0x4643f6bb,
0xbf00e018,
0xf0d40070,
0x001f1f19,
0xf0d429f4,
0x00090909,
0x07070703,
0x02100b03,
0x20000001,
0x10000200,
0x04040208,
0x08400810,
0x02000400,
0x01100b03,
0x46414642,
0xf0c569b8,
0x4643f69b,
0x46414642,
0xf0c54650,
0x4643f695,
0x46414642,
0xf0c56978,
0x464bf68f,
0x46414642,
0xf0c54650,
0x464bf689,
0x46414642,
0xf8cd4658,
0xf0c58000,
0x464bf693,
0xf0002e00,
0x48d4825b,
0x46112207,
0xf678f0c5,
0xf04f2001,
0xf0010900,
0x697aff65,
0x0801f04f,
0xf8ca2320,
0x46499000,
0x60134658,
0x464a4643,
0x8000f8ca,
0x9000f8cd,
0xf674f0c5,
0xf0014640,
0x230aff51,
0x61a8f44f,
0x93004630,
0x461a2380,
0xf51cf0c5,
0x221f2304,
0x4630216d,
0xf577f0c5,
0x216e2217,
0xf0c54630,
0x2240f4f7,
0x4630216f,
0xf4f2f0c5,
0x46424643,
0x46304649,
0xf567f0c5,
0xf44f2340,
0x461a61a8,
0xf0c54630,
0x4643f560,
0x4649464a,
0x70def444,
0x9000f8cd,
0xf642f0c5,
0x464a687b,
0x9000f8ca,
0x68b84649,
0x9000f8c3,
0xf8c3697b,
0x464b8000,
0xf622f0c5,
0x464a69bb,
0x46584649,
0x9000f8c3,
0xf8ca4643,
0xf8cd8000,
0xf0c59000,
0x4643f627,
0x2102464a,
0x0004f044,
0x9000f8cd,
0xf61ef0c5,
0x681b693b,
0x0309f3c3,
0x68fb607b,
0xf3c3681b,
0x61bb4307,
0xe8934b97,
0xf1070007,
0xe9030330,
0x69fb0007,
0xf0002b00,
0x230881ef,
0x0a10f044,
0x210f461a,
0x0014f044,
0xf5eef0c5,
0x22044643,
0x46502105,
0xf5e8f0c5,
0x464a4643,
0x46504649,
0xf5e2f0c5,
0x4643221f,
0x46504611,
0xf5dcf0c5,
0x4380f444,
0x0340f043,
0xf3c3681b,
0xb1130383,
0xf0402b0c,
0x213c81b3,
0xf0c4487f,
0x2200f763,
0x68794b7c,
0x0382eb03,
0x434b69db,
0xfbb321be,
0x3301f3f1,
0x69b9b93a,
0x434a223c,
0xfbb2215a,
0x3201f2f1,
0x220061ba,
0x69382109,
0xf5b4f0c5,
0xb12b69fb,
0x21172210,
0x69bb68f8,
0xf5acf0c5,
0x81f4f8df,
0x461a2301,
0xf8df4619,
0xf44491f0,
0xf04b4b87,
0xf04f0b08,
0xf8df5480,
0x68b8a1e4,
0xf59af0c5,
0x61bb2300,
0x2301221c,
0x48634611,
0xf592f0c5,
0x23002210,
0x48614611,
0xf58cf0c5,
0xf0012001,
0x2210fe7b,
0x46112301,
0xf0c5485c,
0x2001f583,
0xfe72f001,
0x2e004b5a,
0x8261f000,
0x601a2277,
0x48584641,
0xf404f0c5,
0x48574641,
0xf400f0c5,
0x48564641,
0xf3fcf0c5,
0x48554641,
0xf3f8f0c5,
0x48542100,
0xf3f4f0c5,
0x48532110,
0xf3f0f0c5,
0x71f1f640,
0xf0c54851,
0x4951f3eb,
0xf0c54851,
0x2103f3e7,
0xf0c54648,
0x2101f3e3,
0xf0c5484e,
0x2200f3df,
0x46114648,
0xf53bf0c5,
0xd0f82800,
0x48404651,
0xf3d4f0c5,
0x483f4651,
0xf3d0f0c5,
0x483e4651,
0xf3ccf0c5,
0x483d4651,
0xf3c8f0c5,
0x483c4621,
0xf3c4f0c5,
0x483b2110,
0xf3c0f0c5,
0x71f1f640,
0xf0c54839,
0x4939f3bb,
0xf0c54839,
0x2103f3b7,
0xf0c54648,
0x2101f3b3,
0xf0c54836,
0x2200f3af,
0x46114648,
0xf50bf0c5,
0xd0f82800,
0x48284641,
0xf3a4f0c5,
0x48274641,
0xf3a0f0c5,
0x48264641,
0xf39cf0c5,
0x48254641,
0xf398f0c5,
0x48242100,
0xf394f0c5,
0x48232110,
0xf390f0c5,
0x71e1f640,
0xf0c54821,
0x4921f38b,
0xf0c54821,
0x2103f387,
0xf0c54648,
0x2101f383,
0xf0c5481e,
0x2200f37f,
0x46114648,
0xf4dbf0c5,
0xf0402800,
0x220181e0,
0x46114648,
0xf4d3f0c5,
0xf0002800,
0x0d2481c8,
0x48154631,
0xf0c44622,
0x2307f671,
0x210e220c,
0xf8cb4812,
0xe0294000,
0xf0020090,
0xf0d429c8,
0xf0d429fc,
0xf002008c,
0xf00200ac,
0xf0230000,
0xf02310d0,
0xf02310d4,
0xf02310d8,
0xf02310dc,
0xf0231064,
0xf0231068,
0xf0231060,
0x00100030,
0xf0231054,
0xf023105c,
0xf0d42a26,
0xf002007c,
0x55aa55aa,
0xf02310a0,
0x12345678,
0xf4a8f0c5,
0xb17369fb,
0x3088f8d5,
0xd50a05db,
0x514cf240,
0x23404630,
0xf0c522c0,
0x2102f3c2,
0xf0ce4630,
0x3734e356,
0xe8bd46bd,
0xf8ca8ff0,
0xf6413000,
0x4bc7721f,
0x3000f8c9,
0x7303f444,
0x1000f8c8,
0xf4446019,
0x601a7304,
0x3207f04f,
0x7305f444,
0xf444601a,
0x601a7306,
0x7307f444,
0x7207f640,
0xbbcdf7ff,
0x4abb6df9,
0xb3514bbb,
0x48bb60fb,
0xf0c4613a,
0x68fbf603,
0xf8ca693a,
0xf04f2000,
0xf8c93201,
0xf04f3000,
0xf8c87380,
0xf4443000,
0x601a7303,
0x7304f444,
0x721ff641,
0xf04f601a,
0xf4443208,
0x601a7305,
0x7306f444,
0xf444601a,
0xf6407307,
0x601a0208,
0x7308f444,
0x2203f640,
0xf8cae40e,
0xf04f2000,
0xf8c93201,
0xf04f3000,
0xf8c87380,
0xf4443000,
0x601a7303,
0x7304f444,
0x721ff641,
0xf04f601a,
0xf4443207,
0x601a7305,
0x7306f444,
0xf444601a,
0xf2407307,
0x601a7207,
0x7308f444,
0x7203f643,
0xbbeaf7ff,
0x4894221f,
0xe5a34611,
0xd1052b02,
0x4892215a,
0xf5aef0c4,
0xe6494642,
0xd1052b04,
0x488e218c,
0xf5a6f0c4,
0xe6412202,
0x488b21be,
0xf5a0f0c4,
0xe63b2203,
0xf8df69fb,
0xf8df826c,
0x4699a26c,
0xf8df617b,
0x221cb268,
0x46112301,
0xf0c54883,
0x2210f3f9,
0x46112300,
0xf0c54881,
0x2001f3f3,
0xfce2f001,
0x23012210,
0x487d4611,
0xf3eaf0c5,
0xf0012001,
0x4b7bfcd9,
0xf0002e00,
0x227780ae,
0x4641601a,
0xf0c54878,
0x4641f26b,
0xf0c54877,
0x4641f267,
0xf0c54876,
0x4641f263,
0xf0c54875,
0x2100f25f,
0xf0c54874,
0x2110f25b,
0xf0c54873,
0xf640f257,
0x487271f1,
0xf252f0c5,
0x48724971,
0xf24ef0c5,
0x46502103,
0xf24af0c5,
0x486f2101,
0xf246f0c5,
0x46502200,
0xf0c54611,
0x2800f3a2,
0x4659d0f8,
0xf0c54860,
0x4659f23b,
0xf0c5485f,
0x4659f237,
0xf0c5485e,
0x4659f233,
0xf0c5485d,
0xf107f22f,
0x485c0324,
0x1029f853,
0xf228f0c5,
0x485a2110,
0xf224f0c5,
0x71f1f640,
0xf0c54858,
0x4958f21f,
0xf0c54858,
0x2103f21b,
0xf0c54650,
0x2101f217,
0xf0c54855,
0x2200f213,
0x46114650,
0xf36ff0c5,
0xd0f82800,
0x48474641,
0xf208f0c5,
0x48464641,
0xf204f0c5,
0x48454641,
0xf200f0c5,
0x48444641,
0xf1fcf0c5,
0x48432100,
0xf1f8f0c5,
0x48422110,
0xf1f4f0c5,
0x71e1f640,
0xf0c54840,
0x4940f1ef,
0xf0c54840,
0x2103f1eb,
0xf0c54650,
0x2101f1e7,
0xf0c5483d,
0x2200f1e3,
0x46114650,
0xf33ff0c5,
0x2201bb48,
0x46114650,
0xf339f0c5,
0x4b37b1a8,
0xeb034828,
0x68d90389,
0xf4d8f0c4,
0x687a4b33,
0x0989eb03,
0x300cf8d9,
0xf2404353,
0xfbb32226,
0x3301f3f2,
0x2207e57b,
0x2064e750,
0xfc22f001,
0x3301697b,
0x617b2b64,
0x4829ddd5,
0x0903f04f,
0xf4bcf0c4,
0xf109e7e2,
0xf1b90901,
0xf47f0f03,
0x4824af20,
0xf4b2f0c4,
0x2207e7d8,
0x2064e59d,
0xfc08f001,
0x330169bb,
0x61bb2b64,
0xae1ff77f,
0x4631481d,
0xf4a2f0c4,
0x5480f44f,
0xf104e62d,
0xf1b45480,
0xf47f4f10,
0x4631ad6b,
0xe7f14817,
0x00080808,
0x001f1f19,
0x003f0909,
0xf0d429f8,
0xf00200a0,
0xf0d429fc,
0xf002008c,
0xf00200ac,
0xf0230000,
0xf02310d0,
0xf02310d4,
0xf02310d8,
0xf02310dc,
0xf0231064,
0xf0231068,
0xf0231060,
0x00100030,
0xf0231054,
0xf023105c,
0xf0d429c8,
0xf0d42a09,
0xf0d42a18,
0xf0d42a39,
0xf0d42a46,
0x55aa55aa,
0xf02310a0,
0x12345678,
0x4603220c,
0x482c4611,
0xf2c4f0c5,
0x4633220c,
0x96004611,
0xf0c54828,
0x220cf2cf,
0x46112301,
0xf0c54825,
0x220cf2b7,
0x46112301,
0x48229600,
0xf2c2f0c5,
0x46332218,
0x48204611,
0xf2aaf0c5,
0x23012218,
0x481d4611,
0xf2a4f0c5,
0x4c1c2001,
0xfb92f001,
0x4b1b792a,
0x601a481b,
0x605a796a,
0x609a79aa,
0x46112203,
0xf0c52301,
0x2001f293,
0xfb82f001,
0x46332209,
0x480f4611,
0xf28af0c5,
0x46332209,
0x96004611,
0xf0c5480b,
0x2001f295,
0xfb72f001,
0x23012209,
0x48074611,
0xf27af0c5,
0x23012209,
0x96004611,
0xf0c54803,
0x2001f285,
0xfb62f001,
0xb8d8f7ff,
0xf0020090,
0xf0020094,
0xf0200000,
0xf00244e0,
0xf0020000,
0xb5804b0d,
0x681baf00,
0xd50f0658,
0x490c4b0b,
0xf042681a,
0x601a0210,
0x60114a07,
0x07c96811,
0x681ad4fc,
0x0210f022,
0xbd80601a,
0xfb22f001,
0xd1eb2800,
0xbf00bd80,
0xf0060000,
0xf002007c,
0x5a960f00,
0x22014b03,
0xaf00b580,
0x2211601a,
0xbd80611a,
0xf0b70000,
0xf0004b14,
0x2200003f,
0x50c0f440,
0x2101b580,
0x601aaf00,
0xf8433330,
0x681a0c2c,
0x4a0e601a,
0x68196011,
0xd5fc07c9,
0xf0416811,
0x60110110,
0xd40c06c8,
0x07896819,
0x4908d5fc,
0x21006808,
0x681a6011,
0xd4fc07d2,
0x601a681a,
0x6811bd80,
0xbf00e7ee,
0xf0240000,
0xf0240020,
0xf0240008,
0xb5800442,
0xd502af00,
0x04430c00,
0xf410d407,
0xd0044300,
0x000df3c0,
0x20016008,
0x2000bd80,
0x0000bd80,
0x4ff0e92d,
0x48a4b08d,
0x4ca4af02,
0xf99ef001,
0xf1074ba3,
0x681b0a20,
0xbf082b0c,
0xbf182001,
0xf0002000,
0xf000ee50,
0x489efe7b,
0xf98ef001,
0x2200489d,
0x46212300,
0x2308e9c7,
0x30107b43,
0x2c04f810,
0xeb03041b,
0xf8106302,
0x44132c01,
0x2c02f810,
0x2202eb03,
0xfad7f001,
0x46054b93,
0x4650623c,
0x627a69da,
0xf0018a9c,
0xb280fabd,
0xd1654284,
0x429d6a7b,
0x488dd162,
0xfbb0f001,
0x2400488c,
0xf962f001,
0x6316f44f,
0x617c225f,
0x627b623b,
0x4d894b88,
0x605c601c,
0x2328609a,
0x602b4a87,
0xf4436813,
0x60133380,
0xff3af7ff,
0x48854b84,
0xf0c4681e,
0x4884f32f,
0x0107f006,
0x71e4f201,
0xf328f0c4,
0xf0c44881,
0xf3c6f325,
0x487e01c3,
0xf320f0c4,
0xf0c4487d,
0xf3c6f31d,
0x487a11c4,
0xf318f0c4,
0xf0c44879,
0xf3c6f315,
0x4876310f,
0xf310f0c4,
0xf0c44876,
0x4a76f30d,
0x46936813,
0x0360f003,
0xd01c2b60,
0xf0036813,
0x2b200360,
0x6813d016,
0x0f60f013,
0x0302f04f,
0x2301bf08,
0xf1074699,
0xeb030318,
0x45a10684,
0x4b6ad10c,
0xf413681b,
0xf0007f40,
0xe7fe808e,
0xe79b4867,
0xf04f2401,
0xe7ec0902,
0x48654621,
0xf2e2f0c4,
0x4a654b64,
0xbf182c00,
0xf042461a,
0x46900304,
0xf003681b,
0x2b010307,
0xd16060fb,
0xf0136813,
0xd0080320,
0xf24022f0,
0x4620710b,
0xf054f0c5,
0xd1572800,
0x603368fb,
0x3000f8d8,
0x7340f003,
0x7f40f1b3,
0x4855d108,
0xf2bcf0c4,
0x23012216,
0x484c4611,
0xf120f0c5,
0xd0452c00,
0x681a4b50,
0xf8533308,
0x681b1c04,
0xea43041b,
0x43132301,
0x43532260,
0x627b0c5b,
0x8024f85a,
0x46414849,
0xf2a0f0c4,
0x3000f8db,
0xd50a00da,
0xf0c44846,
0x2301f299,
0x46204642,
0x230f9300,
0xf0cf6831,
0xf8dbf0a5,
0x009b3000,
0x4840d50a,
0xf28af0c4,
0x46422300,
0x93004620,
0x6831230f,
0xf096f0cf,
0x3000f8db,
0xd50a0058,
0xf0c44839,
0x2300f27b,
0x46204642,
0x230f9300,
0xf0cf6831,
0x3401f087,
0xe77a3604,
0xe7a62302,
0x681a4b32,
0xf8533308,
0x681b1c04,
0xea43041b,
0x43132301,
0x43532260,
0x623b0c5b,
0x4b2ce7b8,
0x60fb695e,
0x6f80f016,
0x826ff000,
0x2303f3c6,
0x3104f3c6,
0x5370f103,
0x3380f503,
0x681a009b,
0x408b2301,
0xd14b4213,
0xf3c64822,
0xf0c47600,
0xf8dff245,
0xf8df8084,
0xe04a9084,
0xf0d42a5b,
0xf1200000,
0xf0d70000,
0xf0d42a67,
0xf0d43908,
0xf0d40000,
0xf0d42a6d,
0xf0d42a81,
0xf0024420,
0xf00200b0,
0xf0020000,
0xf0d40078,
0xf0d42a87,
0xf0d42a98,
0xf0d42a9b,
0xf0d42b57,
0xf0060084,
0xf0020090,
0xf0d42a76,
0xf0d42a9d,
0xf0210000,
0xf0200000,
0xf0d42aab,
0xf0024c20,
0xf0d42ab7,
0xf0d42ac6,
0xf0d42adb,
0xf0d42af2,
0xf00244e0,
0xf0d40070,
0xf0d42b0f,
0xf0d40710,
0xf0d40300,
0x8364f8df,
0x7640f3c6,
0x9360f8df,
0xf0c448b6,
0xf8d9f1f5,
0xf0133008,
0xd0070320,
0x3171f899,
0x0ff0f013,
0x2301bf08,
0x2302bf18,
0xf8d861bb,
0xf0133008,
0xd0070320,
0x3171f898,
0x0ff0f013,
0x2301bf08,
0x2302bf18,
0x2000f8d8,
0xf8d961fb,
0x48a61000,
0xf1d2f0c4,
0xf7ff2002,
0xf107fe01,
0xf7ff0114,
0x2801fe2d,
0x81e7f040,
0xf014697c,
0xf0040f10,
0xf0000a1f,
0xf1ca81db,
0xf4140a20,
0xea4f7f00,
0xf0041454,
0xf000041f,
0xf1c481d4,
0x46510420,
0x48964622,
0xf1b0f0c4,
0x681b4b95,
0xd5030119,
0xf44f4a94,
0x60112170,
0xd50300da,
0xf44f4a91,
0x60110170,
0xd5030098,
0xf04f4a8e,
0x60116170,
0xd5030059,
0xf04f4a8b,
0x60114170,
0xda032b00,
0xf44f4a88,
0x60114170,
0xd503025a,
0xf44f4a86,
0x60112170,
0xd5030218,
0xf44f4a83,
0x60110170,
0xd50301d9,
0xf04f4a80,
0x60116170,
0xd503019a,
0xf04f4a7d,
0x60114170,
0xd503015b,
0xf44f4b7a,
0x601a4270,
0x2004f8d9,
0x43532360,
0x1e5a0c5b,
0x6fc8f5b2,
0x818af080,
0x63c8f44f,
0x2004f8d8,
0x2360623b,
0x0c5b4353,
0xf5b21e5a,
0xf0806fc8,
0xf44f81c9,
0x627b63c8,
0x6a39486c,
0xf0c46a7a,
0x4a6bf153,
0x03d96813,
0x486ad5fc,
0xf9b0f001,
0x22aa4b69,
0x7096f44f,
0x224a601a,
0x2207605a,
0xf001609a,
0x4b65f89d,
0x681a2032,
0x0202f042,
0x607b601a,
0xf894f001,
0x22024961,
0x600a2048,
0x60b9687b,
0xf022681a,
0x601a0201,
0x60104a5d,
0xf44f2243,
0x601a70fa,
0xf882f001,
0x230368b9,
0x600b4859,
0xf984f001,
0x68134a58,
0x0303f023,
0x0301f043,
0x682b6013,
0x0313f023,
0x682b602b,
0x0320f043,
0x682b602b,
0x0314f043,
0x682b602b,
0xd5fc071b,
0xf001484e,
0x682bf96b,
0x2000464a,
0x0308f043,
0x69b9602b,
0x6a3b9601,
0x46539300,
0xfd66f7fe,
0xb13b6a7b,
0x3600e9cd,
0x20014642,
0x462369f9,
0xfd5cf7fe,
0x4c4268fb,
0x0618695b,
0x81a6f140,
0xf0c44840,
0x2311f0e7,
0xf1074a3f,
0x60230518,
0x3344f04f,
0x2400493d,
0x6013483d,
0x60936053,
0x611360d3,
0xf2446153,
0x4b3a4244,
0x8118f8df,
0x601a4e39,
0x237ff503,
0x0288f502,
0x73e8f603,
0xf503601a,
0x4a3503c0,
0xf241601a,
0x4a341311,
0x4a346013,
0xf501600a,
0x600b1180,
0x1180f501,
0x4a31600a,
0x4b316013,
0xf000601c,
0x4830fecd,
0xf914f001,
0xfcb4f7ff,
0x482e4621,
0xf0aaf0c4,
0x4a2e4b2d,
0xbf182c00,
0xf042461a,
0x46910304,
0xf003681b,
0xf1ba0a07,
0xf0400f01,
0x681380ac,
0x0320f013,
0x8155f000,
0xf24022f0,
0x4620710b,
0xf61af0c4,
0xf0402800,
0xf8c5814b,
0xe045a000,
0xf0d42b14,
0xf0d42b1a,
0xf0d42b35,
0xf0240034,
0xf0240048,
0xf0240050,
0xf0d42b47,
0xf0020004,
0xf0d42b5b,
0xf0024820,
0xf0028010,
0xf0028000,
0xf0028014,
0xf0d42b64,
0xf0020010,
0xf0d42b6b,
0xf0010020,
0xf0d42b6d,
0xf03f0010,
0xf0cf0010,
0xf0d42b74,
0xf03f0028,
0xf0060084,
0x00222222,
0xf0bf0010,
0x00111111,
0xf0ff0010,
0xf0230000,
0xf0d42b80,
0xf0d42a9d,
0xf0210000,
0xf0200000,
0xf0d40918,
0xf0d40508,
0x40350e7c,
0x8000f8cb,
0x3000f8d9,
0x7340f003,
0x7f40f1b3,
0x4885d108,
0xf038f0c4,
0x23012216,
0x46304611,
0xf69cf0c4,
0xf0002c00,
0x4b8080f0,
0x3308681a,
0x1c04f853,
0x041b681b,
0x2301ea43,
0x22604313,
0x0c5b4353,
0xf107627b,
0x48790320,
0x9024f853,
0xf0c44649,
0x6833f019,
0xd50a00d9,
0xf0c44875,
0x2301f013,
0x4620464a,
0x230f9300,
0xf0ce6829,
0x6833f61f,
0xd50a009a,
0xf0c4486f,
0x2300f005,
0x4620464a,
0x230f9300,
0xf0ce6829,
0x6833f611,
0xd50a005b,
0xf0c34869,
0x2300f7f7,
0x4620464a,
0x230f9300,
0xf0ce6829,
0x3401f603,
0x2c023504,
0xaf3cf47f,
0xf3c6e7fe,
0xe5a07600,
0x0a10f10a,
0x3410e623,
0x2410e62b,
0xe62846a2,
0x60c8f46f,
0xf5b2181a,
0xd2027f85,
0x734af240,
0xf2a3e66e,
0xf5b2724b,
0xd8027f85,
0x0355f640,
0xf6a3e666,
0xf5b20256,
0xd8027f85,
0x6316f44f,
0xf46fe65e,
0x185a6116,
0x7f85f5b2,
0xf640d802,
0xe655236b,
0x226cf6a3,
0x7f85f5b2,
0xf640d202,
0xe64d3375,
0x3276f6a3,
0x7f85f5b2,
0xf44fd802,
0xe6456348,
0x6248f46f,
0xf5b2189a,
0xd8027f05,
0x6395f640,
0xf6a3e63c,
0xf5b26296,
0xd2027f85,
0x739ff640,
0xf5a3e634,
0xf5b2627a,
0xf63f7f85,
0xf241ae2f,
0xe62b03aa,
0x6ec8f46f,
0x020eeb03,
0x7f85f5b2,
0xf240d202,
0xe62e734a,
0x724bf2a3,
0x7f85f5b2,
0xf640d802,
0xe6260355,
0x0256f6a3,
0x7f85f5b2,
0xf44fd802,
0xe61e6316,
0x6c16f46f,
0x020ceb03,
0x7f85f5b2,
0xf640d802,
0xe614236b,
0x226cf6a3,
0x7f85f5b2,
0xf640d202,
0xe60c3375,
0x3276f6a3,
0x7f85f5b2,
0xf44fd802,
0xe6046348,
0x6048f46f,
0xf5b2181a,
0xd8027f05,
0x6395f640,
0xf6a3e5fb,
0xf5b26296,
0xd2027f85,
0x739ff640,
0xf5a3e5f3,
0xf5b2627a,
0xf63f7f85,
0xf241adee,
0xe5ea03aa,
0xe65b2301,
0x602b2302,
0x4b0de6fa,
0x3308681a,
0x1c04f853,
0x041b681b,
0x2301ea43,
0x22604313,
0x0c5b4353,
0xe70e623b,
0xf0d42aab,
0xf0024c20,
0xf0d42ab7,
0xf0d42ac6,
0xf0d42adb,
0xf0d42af2,
0xf00244e0,
0xaf00b580,
0x0000bd80,
0x20000000,
0x40000000,
0x80000000,
0x000000a0,
0x00000104,
0x0000015e,
0x00000226,
0x0000003c,
0x0000005a,
0x0000008c,
0x000000be,
0x000a6b38,
0x000a3878,
0x43465274,
0x20642520,
0x0a0d736e,
0x6d697400,
0x74756f65,
0x7375202c,
0x20676e69,
0x43465274,
0x30353520,
0x0d736e20,
0x6464000a,
0x20642572,
0x657a6973,
0x20642520,
0x0a0d424d,
0x6d697400,
0x74756f65,
0x614d202c,
0x64642078,
0x20642572,
0x657a6973,
0x39303420,
0x424d2036,
0x5b000a0d,
0x5f726464,
0x666e6f63,
0x5b006769,
0x414d5a4c,
0x550a0d00,
0x4b4f5a4e,
0x0a0d0021,
0x465a4e55,
0x216c6961,
0x4d5a4c00,
0x0a005d41,
0x676e6152,
0x61635365,
0x6576206e,
0x005b3a72,
0x2d006425,
0x41524400,
0x2064254d,
0x6e616373,
0x64000a0d,
0x206c6175,
0x6b6e6172,
0x64000a0d,
0x735f7264,
0x64656570,
0x0d642520,
0x7473000a,
0x20747261,
0x62796870,
0x20747369,
0x6e616373,
0x73000a0d,
0x74726174,
0x61656820,
0x6f6c7976,
0x73206461,
0x0d6e6163,
0x7473000a,
0x20747261,
0x76616568,
0x616f6c79,
0x75712064,
0x206b6369,
0x6e616373,
0x74000a0d,
0x000a6c62,
0x326c6274,
0x7264000a,
0x69206d61,
0x7620696e,
0x305b7265,
0x2c782578,
0x25783020,
0x0a0d5d78,
0x5f717a00,
0x6d697274,
0x2c78255b,
0x5d782520,
0x64000a0d,
0x735f7264,
0x64656570,
0x64255b20,
0x5d642520,
0x43000a0d,
0x34315550,
0x00203030,
0x454e4f44,
0x3e000a0d,
0x74756100,
0x000a0d6f,
0x5f726464,
0x666e6f63,
0x005d6769,
0x20726464,
0x74696e69,
0x6e6f6420,
0x000a0d65,
0xf0d42c79,
0xf0d42ba9,
0xf0d42bfd,
0xf0d42ce1,
0xf0d42be1,
0xf0d42bc5,
0xb5804a04,
0x6813af00,
0xd5fc069b,
0x60184b02,
0xbf00bd80,
0xf0130014,
0xf0130000,
0xb5804a04,
0x6813af00,
0xd5fc07db,
0x68184b02,
0xbd80b2c0,
0xf0131014,
0xf0131000,
0xb5804a04,
0x6813af00,
0xd5fc069b,
0x60184b02,
0xbf00bd80,
0xf0131014,
0xf0131000,
0xb5804a04,
0x6813af00,
0xd5fc07db,
0x68184b02,
0xbd80b2c0,
0xf0130014,
0xf0130000,
0x211a4a14,
0xaf00b580,
0xf0436813,
0x60130301,
0x3280f502,
0x68133244,
0x1380f443,
0xf8526013,
0xf4233c04,
0xf8426380,
0x4b0b3c04,
0xf042781a,
0x701a0280,
0x70114a09,
0x71112100,
0xf002781a,
0x701a027f,
0xf042781a,
0x701a0203,
0xf8032207,
0xbd802c04,
0xf0010034,
0xf013000c,
0xf0130000,
0xaf00b580,
0xffccf7ff,
0x0000bd80,
0x211a4a13,
0xaf00b580,
0xf0436813,
0x60130310,
0xf0236f53,
0x67534340,
0x3280f502,
0x68133244,
0x1300f443,
0x4b0b6013,
0xf042781a,
0x701a0280,
0x70114a09,
0x71112100,
0xf002781a,
0x701a027f,
0xf042781a,
0x701a0203,
0xf8032207,
0xbd802c04,
0xf0010034,
0xf013100c,
0xf0131000,
0xaf00b580,
0xffcef7ff,
0x0000bd80,
0x22004b08,
0xaf00b580,
0x545a6959,
0x615a4906,
0x07d2780a,
0x4a05d5fc,
0xb2d27812,
0x69597002,
0xbd80545a,
0x01000290,
0xf0130014,
0xf0130000,
0xb5804b05,
0x781baf00,
0x0301f013,
0x4b03d001,
0x7003781b,
0xbf00bd80,
0xf0130014,
0xf0130000,
0x22004b13,
0xaf00b5f0,
0x69594d12,
0x545a4e12,
0x695a615a,
0xd9002a13,
0x7829bdf0,
0xd5f907c9,
0x46047831,
0x2908b2c9,
0x1b01f804,
0x5499695a,
0xb10ad104,
0x615a3a01,
0xe7ea4620,
0xd102290a,
0x70432300,
0x290dbdf0,
0x3201d0fa,
0xbf00e7f3,
0x01000290,
0xf0130014,
0xf0130000,
0x4604b5b0,
0x1845af00,
0xd10042ac,
0x4620bdb0,
0xf7ff3401,
0xe7f7ff9f,
0xe3500000,
0xe92d4800,
0xe28db004,
0x0a000003,
0xe3500001,
0xe59f000c,
0x13a00000,
0xe8bd8800,
0xe59f0004,
0xe8bd8800,
0xf0d42b9c,
0xf0d42b90,
0x00000000,
0xb5b04b07,
0xb933af00,
0x682a4d06,
0x1e44b11a,
0x0f01f814,
0xbdb0b900,
0x685b682b,
0xe7f74798,
0x00000000,
0xf0d42de0,
0xb5804b03,
0x6018af00,
0x6803b108,
0xbd804798,
0xf0d42de0,
0xb5804b02,
0x6818af00,
0xbf00bd80,
0xf0d42de0,
0x4604b598,
0x4803af00,
0xffd4f7ff,
0xf7ff4620,
0xbd98ffd1,
0x01000043,
0x4605b5b0,
0x460caf00,
0xf7ff4808,
0x4628ffc7,
0xffc4f7ff,
0xf7ff4806,
0x4620ffc1,
0xebb0f000,
0xffbcf7ff,
0xf7ff4803,
0xbdb0ffb9,
0x01000043,
0x0100003c,
0x01000040,
0x4ff8e92d,
0xaf004606,
0x46044688,
0xa054f8df,
0xb054f8df,
0x0308eb06,
0xd301429c,
0x8ff8e8bd,
0x1f25480e,
0xff9ef7ff,
0xf1044620,
0xf000090c,
0xf7ffeb8c,
0x4650ff97,
0xff94f7ff,
0x0f04f855,
0xeb82f000,
0xff8ef7ff,
0xf7ff4658,
0x454dff8b,
0x4803d1f4,
0xf7ff3410,
0xe7dbff85,
0x0100003d,
0x01000040,
0x01000046,
0x01000049,
0x00f00000,
0xe92d4800,
0xe28db004,
0xeb0001a0,
0xe8bd8800,
0xe59f300c,
0xe92d4800,
0xe28db004,
0xe5830000,
0xe8bd8800,
0xf0d42eec,
0xe59f300c,
0xe92d4800,
0xe28db004,
0xe5930000,
0xe8bd8800,
0xf0d42eec,
0xe59f3020,
0xe92d4800,
0xe28db004,
0xe5932080,
0xe3520000,
0x05930084,
0x016f0f10,
0x01a002a0,
0x13a00000,
0xe8bd8800,
0xf0050000,
0xe92d4800,
0xe30a3a55,
0xe28db004,
0xe1d003b0,
0xe0400003,
0xe16f0f10,
0xe1a002a0,
0xe8bd8800,
0x0203f022,
0x3804b580,
0x440aaf00,
0xd1004291,
0xf851bd80,
0xf8403b04,
0xe7f73f04,
0xaf00b5b0,
0x460d4604,
0xfc86f000,
0xf6474b1a,
0x601a7224,
0x60144a19,
0x681a6055,
0x0201f042,
0x681a601a,
0x07d2681a,
0x4a15d4fc,
0x1e59086b,
0x68124359,
0xeb010849,
0xb2894112,
0x4811b1b9,
0xfc7df000,
0x48104621,
0xfc79f000,
0x480f4629,
0xfc75f000,
0x68134a0e,
0x0310f043,
0x4b0d6013,
0x601a4a0d,
0x68193a01,
0x601a430a,
0x4b0be7fe,
0x601a2203,
0xbf00bdb0,
0xf0208060,
0xf0208064,
0xf020806c,
0xf0d430e0,
0xf0d430f2,
0xf0d430fb,
0xf002007c,
0xf0060000,
0x5a960002,
0xf02080a0,
0xf06f4b09,
0xb5800203,
0xaf004401,
0xf04f601a,
0x4a0633ff,
0x60536013,
0x22016093,
0x60184b04,
0xf8436059,
0xbd802c10,
0xf0200090,
0xf0200094,
0xf0200070,
0x22014b04,
0xaf00b580,
0x2200601a,
0x2c08f843,
0xbf00bd80,
0xf0200068,
0xb5804b06,
0x6818af00,
0x0001f010,
0x6859d005,
0xb2c94803,
0xfc1df000,
0xbd802001,
0xf0200068,
0xf0d43104,
0xe59f302c,
0xe92d4800,
0xe28db004,
0xe5932000,
0xe3120902,
0x1a000004,
0xe5930000,
0xe200000f,
0xe250000d,
0x13a00001,
0xe8bd8800,
0xe3a00000,
0xe8bd8800,
0xf0010000,
0x63656863,
0x6d75736b,
0x766e6920,
0x64696c61,
0x7766003d,
0x64646120,
0x66003d72,
0x69732077,
0x003d657a,
0x4d415244,
0x6f727020,
0x74636574,
0x74206465,
0x67676972,
0x2c647265,
0x00484320,
0x00000000,
0x00000000,
0x00000000,
0x00000000,
0x00000000,
0x00000000,
0x00000000,
0x00000000,
0x00000000,
0x00000000,
0x00000000,
0x00000000,
0x00000000,
0x00000000,
0x00000000,
0x00000000,
0x00000000,
0x00000000,
0x00000000,
0x00000000,
0x00000000,
0x00000000,
0x00000000,
0x00000000,
0x00000000,
0x00000000,
0x00000000,
0x00000000,
0x00000000,
0x00000000,
0x00000000,
0x00000000,
0x00000000,
0x00000000,
0x00000000,
0x00000000,
0x00000000,
0x00000000,
0x00000000,
0x00000000,
0x00000000,
0x00000000,
0x00000000,
0x00000000,
0x00000000,
0x00000000,
0x00000000,
0x00000000,
0x00000000,
0x00000000,
0x00000000,
0x00000000,
0x00000000,
0x00000000,
0x00000000,
0x00000000,
0x00000000,
0x00000000,
0x00000000,
0x00000000,
0x00000000,
0x00000000,
0x00000000,
0x00000000,
0x00000000,
0x00000000,
0x00000000,
0x00000000,
0x00000000,
0x00000000,
0x00000000,
0x00000000,
0x00000000,
0x00000000,
0x00000000,
0x00000000,
0x00000000,
0x00000000,
0x00000000,
0x00000000,
0x00000000,
0x00000000,
0x00000000,
0x00000000,
0x00000000,
0x00000000,
0x00000000,
0x00000000,
0x00000000,
0x00000000,
0x00000000,
0x00000000,
0x00000000,
0x00000000,
0x00000000,
0x00000000,
0x00000000,
0x00000000,
0x00000000,
0x00000000,
0x00000000,
0x00000000,
0x00000000,
0x00000000,
0x00000000,
0x00000000,
0x00000000,
0x00000000,
0x00000000,
0x00000000,
0x00000000,
0x00000000,
0x00000000,
0x00000000,
0x00000000,
0x00000000,
0x00000000,
0x00000000,
0x00000000,
0x00000000,
0x00000000,
0x00000000,
0x00000000,
0x00000000,
0x00000000,
0x00000000,
0x00000000,
0x00000000,
0x00000000,
0x00000000,
0x00000000,
0x00000000,
0x00000000,
0x00000000,
0x00000000,
0x00000000,
0x00000000,
0x00000000,
0x00000000,
0x00000000,
0x00000000,
0x00000000,
0x00000000,
0x00000000,
0x00000000,
0x00000000,
0x00000000,
0x00000000,
0x00000000,
0x00000000,
0x00000000,
0x00000000,
0x00000000,
0x00000000,
0x00000000,
0x00000000,
0x00000000,
0x00000000,
0x00000000,
0x00000000,
0x00000000,
0x00000000,
0x00000000,
0x00000000,
0x00000000,
0x00000000,
0x00000000,
0x00000000,
0x00000000,
0x00000000,
0x00000000,
0x00000000,
0x00000000,
0x00000000,
0x00000000,
0x00000000,
0x00000000,
0x00000000,
0x00000000,
0x00000000,
0x00000000,
0x00000000,
0x00000000,
0x00000000,
0x00000000,
0x00000000,
0x00000000,
0x00000000,
0x00000000,
0x00000000,
0x00000000,
0x00000000,
0x00000000,
0x00000000,
0x22004b02,
0xaf00b580,
0xbd80601a,
0xf0d43120,
0xb5804a0a,
0x6813af00,
0xdc0d2b3f,
0x0182f103,
0xf8423301,
0x49060021,
0x68086013,
0x01c3eb02,
0x0033f842,
0x604b2300,
0xbf00bd80,
0xf0d43120,
0xf0100108,
0x47f0e92d,
0x2400b082,
0xaf02481b,
0xf1c4f0c3,
0x4e1b4b1a,
0x93004a1b,
0xf506491b,
0x46357801,
0x4b1b481a,
0x906cf8df,
0xa074f8df,
0xf1b4f0c3,
0x429c682b,
0xf855db0c,
0x68aa3033,
0x48164915,
0x92001a9a,
0xf0c34a15,
0x46bdf1a7,
0x87f0e8bd,
0xf8561e63,
0xea232f08,
0x462173e3,
0x34014650,
0xf8553301,
0x1ad33033,
0x2300e9cd,
0xf858464a,
0xf0c33f04,
0xe7dbf191,
0xf0d43510,
0xf0d43549,
0xf0d43120,
0xf0d4352d,
0xf0d43532,
0xf0d43535,
0xf0d43523,
0xf0d42a5a,
0xf0d4356d,
0xf0d43567,
0xf0d43553,
0x656d6954,
0x6d617473,
0x6e412070,
0x7a796c61,
0x54000a65,
0x20656d69,
0x29737528,
0x6d614e00,
0x6f4e0065,
0x382d2500,
0x312d2573,
0x2d257336,
0x25097338,
0x0a73382d,
0x66694400,
0x75282066,
0x25002973,
0x36256432,
0x312d2573,
0x38257336,
0x38250975,
0x54000a75,
0x6c61746f,
0x73382500,
0x36312d25,
0x75382573,
0x75382509,
0x0000000a,
0xe59f3030,
0xe59f2030,
0xe00330a0,
0xe0400003,
0xe0003002,
0xe0020120,
0xe0833000,
0xe59f001c,
0xe0833223,
0xe0000003,
0xe0800400,
0xe0800800,
0xe1a00c20,
0xe12fff1e,
0x55555555,
0x33333333,
0x0f0f0f0f,
0x00000000,
0xe51ff004,
0x01000001,
0xb5804b09,
0x4909af00,
0x480969da,
0xf1a11a52,
0xf7ff616e,
0xf000fccb,
0xf000f8d5,
0x4805f961,
0xf96cf000,
0xbd802000,
0xf0d40000,
0x0001c1f8,
0x01000000,
0x0100004c,
0xb5904913,
0x680baf00,
0xf0130c1b,
0xd11d0001,
0x0207f003,
0xd11a2a02,
0x69a24c0e,
0x0001f012,
0xf013d015,
0xd0120008,
0xf4424b0b,
0x68187280,
0x0020f040,
0x68086018,
0x2000f420,
0x20016008,
0xf0416819,
0x60190104,
0xbd9061a2,
0xbd902000,
0xf0a50004,
0xf0d40070,
0xf0a50010,
0xb5804b05,
0x699baf00,
0xd50305da,
0x68134a03,
0xd4fc075b,
0xbf00bd80,
0xf0d40070,
0xf0a50010,
0xb5804b0b,
0x681baf00,
0xf0130c1b,
0xd10c0001,
0x0307f003,
0xd1092b02,
0x20014b06,
0xf240699a,
0x43931301,
0x2000bf18,
0x2000bd80,
0xbf00bd80,
0xf0a50004,
0xf0d40070,
0xb5804b04,
0x6819af00,
0x1a52681a,
0xd3fb4282,
0xbf00bd80,
0xf0100108,
0xaf00b590,
0x68426804,
0x46032000,
0x42930852,
0xb280d101,
0xf834bd90,
0x44191013,
0x44083301,
0xe92de7f5,
0xaf0047f0,
0xd0462a00,
0x23012600,
0xe000f890,
0x5cc51c5c,
0xd13a45ae,
0xeb005d05,
0xb9450904,
0xe006f801,
0x36013302,
0xd3f14293,
0xe8bd4630,
0x464d87f0,
0x0c00f04f,
0x8b01f815,
0x037ff008,
0x0f80f018,
0x1cccea43,
0x0309eba5,
0x4423d1f4,
0xeb002400,
0x464d0903,
0x8b01f815,
0x0a7ff008,
0x0f80f018,
0x14c4ea4a,
0x0a09eba5,
0xeb01d1f4,
0x44530806,
0x42644645,
0x0908eba5,
0xd80145cc,
0xe7d14466,
0x9004f815,
0x9b01f805,
0x558de7f4,
0x36014623,
0x4610e7c8,
0x87f0e8bd,
0x2300b580,
0xee07af00,
0xee073f15,
0xf3bf3fd5,
0xf3bf8f4f,
0xbd808f6f,
0xaf00b5f0,
0x2802b158,
0x4b16d11f,
0x2300681a,
0x08524614,
0x2a013301,
0x4a13d8fb,
0x4b13e008,
0x4603681a,
0x08524614,
0x2a013301,
0x4a10d8fb,
0x0320f1c3,
0xc000f8d2,
0xfa022201,
0x2200f303,
0xdb0342a2,
0xf3bfb109,
0xbdf08f4f,
0x25004606,
0xdb024565,
0x44183201,
0x3640e7f2,
0x6f56ee07,
0xe7f53501,
0xf0d41068,
0xf0d41064,
0xf0d41070,
0xf0d4106c,
0xb5802100,
0xaf004608,
0xffc0f7ff,
0x20022100,
0xffbcf7ff,
0x8f4ff3bf,
0xb5f0bd80,
0xb158af00,
0xd11f2802,
0x681a4b16,
0x46142300,
0x33010852,
0xd8fb2a01,
0xe0084a13,
0x681a4b13,
0x46144603,
0x33010852,
0xd8fb2a01,
0xf1c34a10,
0xf8d20320,
0x2201c000,
0xf303fa02,
0x42a22200,
0xb109db03,
0x8f4ff3bf,
0x4606bdf0,
0x45652500,
0x3201db02,
0xe7f24418,
0xee073640,
0x35016f5e,
0xbf00e7f5,
0xf0d41068,
0xf0d41064,
0xf0d41070,
0xf0d4106c,
0xb5802100,
0xaf004608,
0xffbff7ff,
0x20022100,
0xffbbf7ff,
0x8f4ff3bf,
0xbf00bd80,
0xaf00b580,
0xfa88f7ff,
0xb598bd80,
0x460caf00,
0xfa82f7ff,
0xf7ff4805,
0x4620fa7f,
0xe80af000,
0xfa7af7ff,
0xf7ff4802,
0xbd98fa77,
0x0100003c,
0x01000040,
0xe51ff004,
0x01000001,
0x314c4342,
0x09000000,
0x84fd0100,
0x75490100,
0x000000cf,
0x0404cf00,
0xcf0808cf,
0x04cf1010,
0x04b5b004,
0x15af0046,
0x00290046,
0x0084ebf0,
0x40220123,
0x07016cf6,
0x01f974f0,
0xb5f24023,
0x20461a11,
0x6df00746,
0xddf895f9,
0xb6f44f20,
0x0e04cf71,
0x05cff8eb,
0x11b5f228,
0x5f0e04cf,
0xf62a04cf,
0x06cf016c,
0x00f9582a,
0x05cf0223,
0x0e04cf44,
0xcf02f951,
0xf94a460b,
0x20def895,
0xcf6df240,
0xf8c83805,
0xcf2a05cf,
0xcf3c4607,
0x09cf2a04,
0x00f93546,
0x09cf0423,
0x04f92e46,
0x27460bcf,
0xdff895f9,
0xb7f44f20,
0x0c8105cf,
0x05cff8a5,
0x4607cf2a,
0x2a04cf19,
0x124609cf,
0x082300f9,
0x0b4609cf,
0x0bcf08f9,
0x95f90446,
0x4020e0f8,
0x05cf6ff2,
0xcff88238,
0x07cf2a05,
0x08f8f646,
0xef460bcf,
0x102300f8,
0xe84609cf,
0x0bcf10f8,
0x95f8e146,
0x4f20e1f8,
0x05cfb8f4,
0xcf5f0c81,
0x07cf2a06,
0x04cfd346,
0x4609cf2a,
0x2300f8cc,
0x4609cf20,
0xcf20f8c5,
0xf8be460b,
0x20e2f895,
0xcf71f240,
0xcf0a8206,
0x07cf2a06,
0x04cfb046,
0x4609cf2a,
0x2300f8a9,
0x4609cf40,
0xcf40f8a2,
0xf89b460b,
0x20e3f895,
0xcfb9f44f,
0x190c8105,
0xcf2a06cf,
0xcf8d4607,
0x09cf2a04,
0x00f88646,
0x09cf8023,
0x80f87f46,
0x78460bcf,
0xe4f895f8,
0x73f24020,
0x06462011,
0xcffff6f0,
0x07cf2a05,
0x04cf6a46,
0x4609cf2a,
0x8207cf63,
0x05cf6d18,
0x01f85c46,
0xdbf44f23,
0x1c06cf71,
0xf895f855,
0xf44f20e5,
0x04cf71ba,
0x00ffd346,
0xcf220123,
0x04cf1e04,
0x05cf471c,
0xcf6d1882,
0xcf404607,
0xf64c8406,
0x4605cf6f,
0x4605cf39,
0x4607cfdc,
0xf895f832,
0xf44f20ef,
0x4605cfbf,
0x4607cfb0,
0x4605cfdc,
0x2301f824,
0xcf3604cf,
0xcf1d2a06,
0xcf4c8406,
0xf8164607,
0x460bcf02,
0xf895f80f,
0xf24020f0,
0x8105cf7f,
0xcfff8d52,
0x08cf2a04,
0x02f80146,
0x064609cf,
0xcffffaf0,
0xcf768406,
0xf0064604,
0xcf04fff3,
0xf0064609,
0xf895ffec,
0xf44f20f1,
0x8105cfc0,
0x05cf6a0c,
0x4606cf2a,
0xffdef006,
0x460bcf04,
0x06cfffd7,
0x06cf7684,
0x08ffd046,
0xc9460bcf,
0xf2f895ff,
0x81f24020,
0x0c8105cf,
0x2a05cf47,
0xbb4608cf,
0x0bcf08ff,
0xcfffb446,
0xcf5e8206,
0xffad4606,
0x460bcf10,
0xf895ffa6,
0xf44f20f3,
0x3805cfc1,
0x2a05cf24,
0x984608cf,
0x0bcf10ff,
0xcfff9146,
0xcf768406,
0xff8a4606,
0x460bcf20,
0xf895ff83,
0xf24020f4,
0x8105cf83,
0x05cf010c,
0x4608cf2a,
0xcf20ff75,
0xff6e460b,
0x768406cf,
0x674606cf,
0x0bcf40ff,
0x95ff6046,
0x4f20f5f8,
0x06cfc2f4,
0xcffe0a82,
0x08cf2a04,
0x40ff5246,
0x4b460bcf,
0x4c8406cf,
0x444607cf,
0x0bcf80ff,
0x95ff3d46,
0x4020f6f8,
0x05cf85f2,
0xfebb0c81,
0xcf2a04cf,
0xff2f4608,
0x460bcf80,
0x8107cf28,
0xcf61076e,
0xff210e04,
0xf2402301,
0x8505cfb9,
0x1af0063c,
0xf7f895ff,
0xc3f44f20,
0x0a8206cf,
0x8906cffe,
0x05cfb926,
0x05cf0c54,
0x61074282,
0x052a06cf,
0x4c8405cf,
0xcf72f640,
0xfe0c8105,
0x4604cffe,
0x4607cfbb,
0xf895fef7,
0xf44f2101,
0x8206cfc8,
0x4607cf0a,
0x4605cfbb,
0x2a04cfe9,
0x07cf72f6,
0xfee20c81,
0x768406cf,
0xdb4606cf,
0x0bcf02fe,
0x95fed446,
0x402102f8,
0x05cf91f2,
0x06cf5238,
0x4607cf2a,
0x2a04cfc6,
0xbf4609cf,
0x8406cffe,
0x4606cf76,
0xcf04feb8,
0xfeb1460b,
0x2103f895,
0xcfc9f44f,
0xcf0a8206,
0x07cf2a06,
0x04cfa346,
0x4609cf2a,
0x06cffe9c,
0x06cf7684,
0x08fe9546,
0x8e460bcf,
0x04f895fe,
0x93f24021,
0x0a8206cf,
0xcf2a06cf,
0xcf804607,
0x09cf2a04,
0xcffe7946,
0xcf768406,
0xfe724606,
0x460bcf10,
0xf895fe6b,
0xf44f2105,
0x8105cfca,
0xcffde90c,
0xcf6c8906,
0xcf5d4606,
0x09cf2a04,
0xcffe5646,
0xcf768406,
0xfe4f4606,
0x460bcf20,
0xf895fe48,
0xf2402106,
0x8206cf95,
0x06cffd0a,
0x06cf6c89,
0x04cf3a46,
0x4609cf2a,
0x8405cf33,
0x4608cf4c,
0xcf40fe2c,
0xfe25460b,
0x2107f895,
0xcfcbf44f,
0xa30c8105,
0x8906cffd,
0x4606cf6c,
0x2a04cf17,
0x104609cf,
0x4c8405cf,
0x094608cf,
0x0bcf80fe,
0x95fe0246,
0x402108f8,
0x06cf97f2,
0xcffd0a82,
0xcf6c8906,
0xfdf44606,
0x460bcf80,
0x8106cfed,
0xcf73f66e,
0xfde64605,
0xf44f2301,
0x8507cfde,
0x95fddf3c,
0x4f2109f8,
0x05cfccf4,
0xfd5d0c81,
0x268906cf,
0x0e05cfde,
0x2310fdd1,
0xcf3604cf,
0xcfca2a06,
0xf6401c05,
0x4605cf75,
0x4605cfc3,
0x4607cfdf,
0xf895fdbc,
0xf44f2113,
0x3805cfd1,
0x4607cf3a,
0x0e05cfdf,
0x2301fdae,
0xcf3604cf,
0xfda72a06,
0x768406cf,
0xa04606cf,
0x0bcf02fd,
0x95fd9946,
0x402114f8,
0x06cfa3f2,
0x05cf0a82,
0x4608cf2a,
0xcf02fd8b,
0xfd84460b,
0x768406cf,
0x7d4606cf,
0x0bcf04fd,
0x95fd7646,
0x4f2115f8,
0x05cfd2f4,
0xcffcf438,
0xcf6c8906,
0xfd684606,
0x460bcf04,
0x06cffd61,
0x06cf7684,
0x08fd5a46,
0x53460bcf,
0x16f895fd,
0xa5f24021,
0x0c8105cf,
0x06cffcd1,
0x06cf6c89,
0x08fd4546,
0x3e460bcf,
0x5e8207cf,
0x374606cf,
0x0bcf10fd,
0x95fd3046,
0x4f2117f8,
0x06cfd3f4,
0xcffc0a82,
0xcf7e8706,
0xcf224606,
0xcf5e8205,
0xcf1b4608,
0xcf4c8406,
0xfd144607,
0x460bcf20,
0xf895fd0d,
0xf2402118,
0x8105cfa7,
0xcffc8b0c,
0xcf6c8906,
0xfcff4606,
0x460bcf20,
0x06cffcf8,
0x06cf7684,
0x40fcf146,
0xea460bcf,
0x19f895fc,
0xd4f44f21,
0x0a8206cf,
0xcf2a05cf,
0xfcdc4608,
0x460bcf40,
0x06cffcd5,
0x06cf7684,
0x80fcce46,
0xc7460bcf,
0x1af895fc,
0xa9f24021,
0x0c8105cf,
0x2a05cf45,
0xb94608cf,
0x0bcf80fc,
0x05cfb246,
0xf6406e81,
0x4605cf76,
0x2301fcab,
0xcfbff240,
0xa43c8507,
0x1bf895fc,
0xd5f44f21,
0x0a8206cf,
0x8906cffc,
0x05cfbf26,
0x10fc9654,
0x3604cf23,
0x8f2a06cf,
0xcf4620fc,
0x6e788406,
0x88f00601,
0x202310fc,
0x4f461a46,
0x0671dbf4,
0x95fc81f0,
0x2020e6f8,
0x75f24046,
0xfff00611,
0x2a04cffb,
0x8f05cf10,
0x73f0062a,
0x05cf01fc,
0x3806cf2a,
0x4605cf6c,
0x4607cf02,
0xcf20fc65,
0xfc5e460b,
0x20e7f895,
0xf44f4620,
0xf00671bb,
0x4605cfdc,
0x4607cf20,
0xcf02fc50,
0xcf49460b,
0xcf044605,
0xfc424607,
0x460bcf40,
0xf895fc3b,
0x8105cfe8,
0x0611770c,
0x05cfb9f0,
0x07cf4046,
0x04fc2d46,
0x26460bcf,
0x084605cf,
0x1f4607cf,
0x0bcf80fc,
0x95fc1846,
0x05cfe9f8,
0x71bc0c81,
0xcf96f006,
0xcf804605,
0xfc0a4607,
0x460bcf08,
0x4605cf03,
0x4607cf10,
0x07cffbfc,
0xb7f26e81,
0xf5f00611,
0xeaf895fb,
0x0c8105cf,
0xf0061179,
0x4605cf73,
0x06cf2201,
0xcffbe71c,
0xcf428206,
0xcfe03806,
0xcf6e8107,
0xfbd90e06,
0x6e8107cf,
0xd22a05cf,
0xebf895fb,
0x0c8105cf,
0xf00671bd,
0x2a05cf50,
0x4607cf02,
0x06cffbc4,
0x06cf4282,
0x07cfbd38,
0x06cf6e81,
0xcffbb60e,
0xcf6e8107,
0xfbaf2a05,
0xcfecf895,
0x7b0c8105,
0x2df00611,
0x042a05cf,
0xa14607cf,
0x8206cffb,
0x3806cf42,
0x8107cf9a,
0x0e06cf6e,
0x07cffb93,
0x05cf6e81,
0x95fb8c2a,
0x05cfedf8,
0x71be0c81,
0xcf0af006,
0xcf082a05,
0xfb7e4607,
0x428206cf,
0x773806cf,
0x6e8108cf,
0x06016df6,
0x08cf70f0,
0x05cf6e81,
0x95fb692a,
0x05cfeef8,
0x117d0c81,
0xfae7f006,
0x428207cf,
0x5b1c05cf,
0x428208cf,
0x543805cf,
0x714609cf,
0x4df00601,
0xb94609cf,
0x46f00611,
0xf8f895fb,
0x874605cf,
0xc4f00611,
0xcf4609cf,
0xcf381c04,
0x04cf4609,
0x08cf3138,
0x05cf3482,
0x08cf2a0e,
0x05cf3482,
0x95fb232a,
0x05cff9f8,
0x71c45281,
0xcfa1f006,
0xcf204605,
0xcf154607,
0xcf088308,
0xcf0e3805,
0xcf348208,
0xcf070e05,
0xcf348208,
0xfb002a05,
0xcffaf895,
0x890c8105,
0x7ef00611,
0x404605cf,
0xf24607cf,
0x8408cffa,
0x3804cf76,
0x1c05cfeb,
0x4607cf08,
0x07cffae4,
0x05cf3482,
0x95fadd2a,
0x05cffbf8,
0x71c50c81,
0xcf5bf006,
0xcf802a05,
0x00cf4607,
0x8408cffa,
0x3804cf76,
0x8108cfc8,
0x0e05cf6e,
0x06cffac1,
0xf44f6e81,
0xf00671dd,
0xf895faba,
0x8105cffc,
0x06118b0c,
0x05cf38f0,
0xcf22012a,
0xfaac1c06,
0x768408cf,
0xa53804cf,
0x6e8108cf,
0x9e0e05cf,
0x8106cffa,
0x2a06cf6e,
0xf895fa97,
0x8105cffd,
0x0671c60c,
0x05cf15f0,
0x07cf022a,
0xcffa8946,
0xcf768408,
0xcf823804,
0xcf6e8108,
0xcf7b0e05,
0xcf6e8107,
0xfa742a06,
0xcffef895,
0x8d0c8105,
0xf2f00611,
0x8206cff9,
0x1c06cf42,
0x08cffa66,
0x04cf7684,
0x08cf5f38,
0x05cf6e81,
0x07cf580e,
0x06cf6e81,
0x95fa512a,
0x05cffff8,
0x71c70c81,
0x00cff006,
0x084605cf,
0x434607cf,
0x428208cf,
0x3c3805cf,
0x6e8109cf,
0xf0066107,
0x8107cf35,
0x2a06cf6e,
0xf895fa2e,
0x46202100,
0x118ff240,
0xcfacf006,
0xcf104605,
0xcf204607,
0xcf428209,
0xcf193804,
0xf6404607,
0xf0060174,
0x4609cf12,
0xf00671de,
0xf895fa0b,
0x4605cf0a,
0xf0061199,
0x4609cf89,
0xfd1c04cf,
0x8408cff9,
0x3804cf76,
0x1c05cff6,
0x4607cf02,
0x08cff9ef,
0x04cf6c89,
0x95f9e82a,
0x20210bf8,
0xcdf44f46,
0x66f00671,
0x202a05cf,
0xda4607cf,
0x8408cff9,
0x3804cf76,
0x8207cfd3,
0x0e06cf34,
0x08cff9cc,
0x04cf6c89,
0x95f9c52a,
0x05cf0cf8,
0x119b0c81,
0xcf43f006,
0xcf402a05,
0xf9b74607,
0x768408cf,
0xb03804cf,
0x348207cf,
0xa90e06cf,
0x8908cff9,
0x2a04cf6c,
0xf895f9a2,
0x8105cf0d,
0x0671ce0c,
0x05cf20f0,
0x07cf802a,
0xcff99446,
0xcf768408,
0xcf8d3804,
0xcf6e8107,
0xcf860e06,
0xf26e8108,
0xf00611bd,
0xf895f97f,
0x8105cf0e,
0x06119d0c,
0xcff8fdf0,
0xcf6c8908,
0xf9711c04,
0x768408cf,
0x6a3804cf,
0x6e8107cf,
0x630e06cf,
0x6e8108cf,
0x5c2a05cf,
0x0ff895f9,
0x0c8105cf,
0x067100cf,
0x05cfdaf0,
0x07cf0246,
0x07cf4e46,
0x06cf4282,
0x07cf4738,
0x06cf6e81,
0x08cf400e,
0x05cf6e81,
0x95f9392a,
0x05cf10f8,
0x119f0c81,
0xcfb7f006,
0xcf044605,
0xcf2b4607,
0xcf428207,
0xcf243806,
0xcf6e8107,
0xcf1d0e06,
0xcf6e8108,
0xf9162a05,
0xcf11f895,
0xd00c8105,
0x94f00671,
0x084605cf,
0x084607cf,
0x428207cf,
0x013806cf,
0x014605cf,
0x5a9305cf,
0xf8faf006,
0x268908cf,
0xf32a04cf,
0x12f895f8,
0x0c8105cf,
0xf00611a1,
0x4605cf71,
0x4607cf10,
0x08cff8e5,
0x04cf3084,
0x08cfde38,
0x77f63482,
0xd7f00601,
0x8208cff8,
0x0611bf18,
0x95f8d0f0,
0x05cf1cf8,
0x0611ab46,
0x09cf4ef0,
0x04cf1882,
0x09cfc21c,
0x3804cf46,
0x1c08cfbb,
0xb40e05cf,
0x8208cff8,
0x2a04cf18,
0xf895f8ad,
0x8105cf1d,
0x0671d652,
0x09cf2bf0,
0x04cf1882,
0x08cf9f1c,
0x3805cf70,
0x1c08cf98,
0x910e05cf,
0x8208cff8,
0x2a04cf18,
0xf895f88a,
0x8105cf1e,
0x0611ad0c,
0x09cf08f0,
0x04cf1882,
0x08cf7c1c,
0x3805cf70,
0x1c08cf75,
0x6e0e05cf,
0x188209cf,
0x672a04cf,
0x1ff895f8,
0x0c8105cf,
0xf00571d7,
0x08cfffe5,
0x04cf1882,
0x08cf591c,
0x3805cf70,
0x8208cf52,
0x0e05cf34,
0x08cff84b,
0x04cf3e8b,
0x95f8442a,
0x05cf20f8,
0x11af0c81,
0xcfc2f005,
0xcf204605,
0xcf364607,
0x05cf7008,
0x05cf2f38,
0x07cf2046,
0xcff82846,
0xcf3e8b08,
0xf8212a04,
0xcf21f895,
0xd80c8105,
0x9ff00571,
0x404605cf,
0x134607cf,
0xcf7008cf,
0xcf0c3805,
0xcf404605,
0xf8054607,
0x3e8b08cf,
0xf00511bf,
0xf895fffe,
0x8105cf22,
0x0511b10c,
0x05cf7cf0,
0x05cf8046,
0xf0f00546,
0x8408cfff,
0x05017776,
0x08cfe9f0,
0x0e05cf1c,
0x1c08cfe2,
0x0511bdf2,
0x95ffdbf0,
0x05cf23f8,
0x71d90c81,
0xcf59f005,
0xcf0c8109,
0xffcd1c04,
0x768408cf,
0xc63804cf,
0x011c05cf,
0x5a9305cf,
0xcfbff005,
0x05cf1c08,
0x95ffb82a,
0x05cf24f8,
0x11b30c81,
0xcf36f005,
0xcf0c8109,
0xffaa1c04,
0x9309cf01,
0xa3f00558,
0x00bdb0ff,
0x804b0200,
0x18af00b5,
0x00bd805c,
0x200000bf,
0xf0e92df1,
0x8b46154f,
0x05460eb0,
0xf7460421,
0x084bf74a,
0x182800af,
0x984613bf,
0x1a234046,
0x87f00546,
0x352310ff,
0x4406cf21,
0xa105cf81,
0xcf213302,
0xcf7b0c04,
0x321aa205,
0x750c05cf,
0x312380ff,
0x6f2407cf,
0x422001ff,
0xcff137f7,
0xcf117c04,
0xff657c07,
0x23012210,
0xf4484611,
0xf0064080,
0xf44ff837,
0xf742707a,
0x06cff125,
0x01051c82,
0x532404cf,
0x709f05cf,
0x6100f44f,
0x4c0e04cf,
0x389f07cf,
0x450e06cf,
0x6ca105cf,
0x4e07cf03,
0xa207cf3e,
0x05cf0332,
0x0dcf3738,
0x7aff301c,
0xb8f6406b,
0x40429a33,
0xcf81e0f3,
0xcf016006,
0xcf232805,
0x0518a005,
0x1c2807cf,
0x422064ff,
0x20f0e4f7,
0x09cf6023,
0x05cf1266,
0xcf0064a0,
0x05749f05,
0x0aff0bf0,
0xd3f74220,
0x672288f0,
0x648105cf,
0x2258fe88,
0x0a05cf68,
0xcf10fe83,
0xfef7280b,
0x2300b12e,
0xcf192220,
0xfef00e05,
0xf74220c8,
0x2c00f0b8,
0x81a3f000,
0xf04f2219,
0x46110800,
0x48a22300,
0xffbbf005,
0x46432219,
0x489f4611,
0x8000f8cd,
0xcfc5f005,
0xa22a8205,
0x05cf19f0,
0x489a1c82,
0xffaaf005,
0x06cf4898,
0x2206cf0e,
0xf04fffb4,
0x04cf0900,
0x80f08f26,
0x05cf3d23,
0xf8cd6282,
0xf0059000,
0xa005cf5b,
0x8108cf14,
0xcffeb576,
0xf07d2404,
0xcf02464b,
0xab188209,
0x731405cf,
0x280ccff0,
0x2380fea1,
0x8307cf69,
0x05cf9b28,
0x4bf06320,
0x69228046,
0x588105cf,
0x1205cf92,
0x0acff05a,
0xd5fe8924,
0xb88004f8,
0x400f00f1,
0x72815af0,
0xeff00548,
0x404642f8,
0x05cf01f2,
0xfdff3082,
0x020c04cf,
0xf90c05cf,
0x030c05cf,
0xf30c05cf,
0x1f4643fd,
0x04f24022,
0x670e05cf,
0xc04643fe,
0x600e09cf,
0x2804cffe,
0x04cf71a5,
0x05cfdf0c,
0x05cfa634,
0x05cfd90c,
0xcf11290c,
0xfdd30c04,
0xf44f4642,
0x1805cf95,
0x1805cfcd,
0x1805cf2b,
0x5805cfc7,
0xcf96f44f,
0xcf3b1a05,
0xcfe65805,
0x353a8105,
0x4023f0fe,
0x05cf49f2,
0xf0056c99,
0x4643fe2e,
0x04cf220f,
0x0e04cf10,
0x1c05cf27,
0x1c07cf4b,
0x1c07cf20,
0x1c05cf4b,
0x8105cf19,
0x05cf050e,
0xcf981a81,
0xcf066a05,
0xcf920c05,
0xcf070c05,
0xcf8c0c05,
0xcfc17607,
0xcf000e05,
0x08cf7605,
0xf0fdf90e,
0xa5f44f23,
0x2a9b05cf,
0xfdf2f005,
0xcf5c04cf,
0x04cf1004,
0x05cfeb0e,
0x07cfa61c,
0x07cfe41c,
0x8106cf1c,
0x10fddd6e,
0x1df24023,
0x428407cf,
0x0e05cfd6,
0x0e07cf52,
0x05cf00cf,
0x07cf670e,
0x05cfc80e,
0x07cf9c0e,
0x05cfc10e,
0x07cf130e,
0x06cfba54,
0x0e07cf46,
0x0e05cfb3,
0x0e07cf29,
0x0e05cfac,
0x0e07cf33,
0xe008fda5,
0x0000bf00,
0x0000f021,
0x00a0f020,
0x6462f002,
0x04cff120,
0x07cf3f22,
0x05cf9422,
0x07cf4930,
0x05cf8d0e,
0x07cf550e,
0x05cf860e,
0x07cf5f0e,
0x05cf7f0e,
0x08cf469e,
0xcf785a87,
0x40588105,
0x05cfaff2,
0xfd711082,
0x223f4643,
0xcfd6f44f,
0xcf6a0e05,
0xf2400e05,
0x0e05cfb1,
0x4643fd63,
0x52870acf,
0x4643fd5c,
0x6e870acf,
0x0e05cf55,
0x0a8808cf,
0x370cfd4e,
0xe8bd46bd,
0x23808ff0,
0xe61e461a,
0x46232208,
0x480c4611,
0xfe1af005,
0x090c06cf,
0x05940048,
0x01fe25f0,
0x02f74120,
0x05cf08f7,
0x48043286,
0xfe0af005,
0x010c06cf,
0x5f940048,
0x020090e6,
0x31220ff0,
0x08462046,
0x95fec5f0,
0x8030a7f8,
0x05cf4922,
0xfd1d3681,
0x3125f895,
0xf44f2280,
0x8105cfa0,
0x80fd1500,
0x07cf2123,
0xfd0f7485,
0xf2402380,
0x0e07cf53,
0x2310fd08,
0x06cf4649,
0x50fd020c,
0x02227023,
0x728405cf,
0xf895fcfc,
0x832000cf,
0x0a8a06cf,
0xdcf895fc,
0xa4f24021,
0x5c8305cf,
0x22c0fc74,
0x512ff240,
0x6e0c04cf,
0x40226afc,
0x05cf69f2,
0x95fc6818,
0x4021faf8,
0x05cf12f6,
0xfc616481,
0x21fbf895,
0xcf13f640,
0xfc5a0e05,
0x21fcf895,
0xcf14f640,
0xfc0a8a06,
0x21fdf895,
0xcf15f640,
0xfc4c0e05,
0x21142320,
0x4648461a,
0xcfc1f005,
0x4e549f05,
0x0e06cf51,
0x2280fcba,
0xcfa6f44f,
0x39428105,
0x4f464afc,
0x05cfecf4,
0x4afc330c,
0x61f24046,
0x2d7605cf,
0x620c05cf,
0x270c05cf,
0x630c05cf,
0x210c05cf,
0x640c05cf,
0x1b0c05cf,
0x650c05cf,
0x150c05cf,
0x660c05cf,
0x0f0c05cf,
0x670c05cf,
0x090c05cf,
0xed6005cf,
0x036005cf,
0xcf22fffc,
0xfd048808,
0x0c04cffb,
0x048806cf,
0xf895fbf7,
0x08cf2133,
0xfbf00688,
0x2134f895,
0x788708cf,
0xf895fbe9,
0xf2402135,
0x0e05cf0a,
0xf895fbe2,
0xf240213a,
0x0e05cf14,
0xf895fbdb,
0xf240213f,
0x0e05cf1e,
0xf895fbd4,
0xf44f2144,
0x0e05cfc5,
0xf895fbcd,
0xf2402149,
0x0e05cf49,
0xf895fbc6,
0xf240214c,
0x0e05cf54,
0xf895fbbf,
0xf2402151,
0x0e05cf5e,
0xf895fbb8,
0xf44f2156,
0x0e05cfcd,
0xf895fbb1,
0xf240215b,
0x0e05cf72,
0xf895fbaa,
0xf2402160,
0x0e05cf93,
0x464afba3,
0x1e8808cf,
0x0c05cf9d,
0x0e8806cf,
0x464afb97,
0x3e8708cf,
0x0c05cf91,
0x2e8706cf,
0xf895fb8b,
0xf44f21dd,
0x3e05cff6,
0xf895fb84,
0xf2402170,
0x1c05cf0a,
0xf895fb7d,
0xf2402178,
0x0e05cf14,
0xf895fb76,
0xf44f2180,
0x2a05cfe4,
0xf895fb6f,
0xf2402186,
0x8406cf2a,
0xf895fb00,
0xf240218c,
0x0e05cf36,
0xf895fb61,
0xf44f2194,
0x2a05cfe8,
0xf895fb5a,
0xf240219c,
0x1c05cf4c,
0xf895fb53,
0xf24021a2,
0x0e05cf56,
0xb92efb4c,
0xf64022c0,
0x8405cf08,
0xcffb450e,
0xb93a880c,
0xcf0e05cf,
0xb22c8808,
0xcf0e05cf,
0xab488808,
0xcf0e05cf,
0xa43a8808,
0x77f895fb,
0x4022f031,
0x05cf13f2,
0x95fb9c56,
0x05cf7ff8,
0x05cf1d10,
0x95fb9410,
0x05cf85f8,
0x05cf2910,
0x95fb8c10,
0x05cf8bf8,
0x05cf3310,
0x95fb8410,
0x05cf93f8,
0x05cf3f10,
0x95fb7c10,
0x05cf9bf8,
0x06cf4910,
0x95fb7685,
0x05cfa1f8,
0x05cf5510,
0x95fb6c10,
0x05cfa7f8,
0x05cf5f10,
0x5efb6410,
0x4f2211b9,
0x05cfa8f4,
0x11fae20e,
0x51f24022,
0x768205cf,
0xf895fadc,
0xf24021de,
0x1a05cfb1,
0xf895fad5,
0xf24021df,
0x0e05cfb2,
0xf895face,
0xf24021e0,
0x0e05cfb3,
0xf895fac7,
0xf24021e1,
0x0e05cfb4,
0xf895fac0,
0xf24021e2,
0x0e05cfb5,
0xf895fab9,
0xf24021e3,
0x0e05cfb6,
0xf895fab2,
0xf24021e4,
0x0e05cfb7,
0xf895faab,
0xf44f21e5,
0x8205cff7,
0x95faa46c,
0x4021e6f8,
0x05cfb9f2,
0x95fa9d1c,
0x4021e7f8,
0x05cfbaf2,
0x95fa960e,
0x4021e8f8,
0x05cfbbf2,
0x95fa8f0e,
0x4021e9f8,
0x05cfbcf2,
0x95fa880e,
0x4021eaf8,
0x05cfbdf2,
0x95fa810e,
0x4021ebf8,
0x05cfbef2,
0x95fa7a0e,
0x4021ecf8,
0x05cfbff2,
0x95fa730e,
0x4f21edf8,
0x05cff8f4,
0xfffa6c70,
0x0af64022,
0x3e8305cf,
0x2208fa66,
0xcf0df640,
0xfa600c05,
0x3137f895,
0xf2402207,
0x2805cf0c,
0xf895fad3,
0x1005cf3c,
0x1005cf16,
0xf895facb,
0x22073141,
0xcfc4f44f,
0xfac31005,
0xcf46f895,
0xcf2a2005,
0xfabb1005,
0xcf4bf895,
0xcf4b1005,
0xfab31005,
0xcf4ef895,
0xcf561005,
0xfaab1005,
0xcf53f895,
0xcfcc4005,
0xfa768506,
0xcf58f895,
0xcf6a2005,
0xfa9b1005,
0xcf5df895,
0xcf741005,
0xfa931005,
0xcf62f895,
0xcf951005,
0xfa8b1005,
0xcf72f895,
0xcf208106,
0x83568105,
0x7af895fa,
0x208106cf,
0x7b1005cf,
0x82f895fa,
0x221005cf,
0x768109cf,
0x1005cf88,
0x1005cf2c,
0xf895fa6b,
0x8105cf8e,
0x06cfe700,
0x95fa008c,
0x05cf96f8,
0x05cf4220,
0x95fa5b20,
0x05cf9ef8,
0x06cf4e10,
0x95fa7685,
0x05cfa4f8,
0x05cfeb30,
0x11fa4b30,
0x4f227f23,
0x05cfc2f4,
0x05cf440e,
0x1af2400e,
0x3d0e05cf,
0x240e07cf,
0x360e05cf,
0x2e0e07cf,
0x2f0e05cf,
0x5a0e07cf,
0x280e05cf,
0x640e07cf,
0x210e05cf,
0x6e0e07cf,
0x1a0e05cf,
0xcf6207cf,
0x0e05cf00,
0xf895fa13,
0x221f3138,
0xcf11f240,
0xfa0b1005,
0xcf3df895,
0xcf1b1005,
0xfa768906,
0xcf42f895,
0xcf251005,
0xf9fb1005,
0xcf47f895,
0xcf2f1005,
0xf9769106,
0xcf4ff895,
0xcf5b1005,
0xf9eb1005,
0xcf54f895,
0xcf651005,
0xf9e31005,
0xcf59f895,
0xcf6f1005,
0xf9768906,
0xcf5ef895,
0xcf791005,
0xf9008406,
0xcf39f895,
0xcf121005,
0xf9008406,
0xcf3ef895,
0xcf1c1005,
0xf9008406,
0xcf43f895,
0xcf261005,
0xf9008406,
0x3148f895,
0xf44f221f,
0x8406cfc6,
0xf895f900,
0x2005cf50,
0x8406cf5c,
0xf895f900,
0x1005cf55,
0x8406cf66,
0xf895f900,
0x3005cf5a,
0x8406cfce,
0xf895f900,
0x2005cf5f,
0x8406cf7a,
0x22fff900,
0xcfaff240,
0x120c8305,
0x8206cff9,
0x05cfe21a,
0x05cf861a,
0x1af2400e,
0x7f1c05cf,
0x3c0e07cf,
0x780e05cf,
0x460e07cf,
0x710e05cf,
0x75f895f9,
0x448206cf,
0x691005cf,
0x7df895f9,
0x448206cf,
0x768906cf,
0x91f895f9,
0x3d1005cf,
0x591005cf,
0x99f895f9,
0x471005cf,
0x511005cf,
0x76f895f9,
0x048206cf,
0x491005cf,
0x7ef895f9,
0x048206cf,
0x411005cf,
0x92f895f9,
0x3e1005cf,
0x391005cf,
0x9af895f9,
0x548105cf,
0x8105cfe9,
0x95f9312a,
0x05cf36f8,
0xcf0b7688,
0xf9291005,
0xcf3bf895,
0xcf151005,
0xf9008406,
0xcf40f895,
0xcf1f1005,
0xf9191005,
0xcf45f895,
0xcf768906,
0xf9111005,
0xcf4af895,
0xcf4a1005,
0xf9091005,
0xcf4df895,
0xcf568906,
0xf9011005,
0xcf52f895,
0xcf568906,
0xf8009406,
0xcf57f895,
0xcf691005,
0xf8f11005,
0xcf5cf895,
0xcf731005,
0xf8768d06,
0xcf61f895,
0xcf941005,
0xf8e11005,
0x3136f895,
0x8109cf0f,
0x95f8d920,
0x05cf3bf8,
0x8106cf10,
0x95f8d120,
0x05cf40f8,
0x8106cf10,
0x95f8c920,
0x05cf45f8,
0x8106cf10,
0x95f8c120,
0x05cf4af8,
0x8106cf10,
0x95f8b920,
0x05cf4df8,
0x8106cf10,
0x95f8b120,
0x05cf52f8,
0x8106cf10,
0x05cfa920,
0x04cf2081,
0x8106cf10,
0x05cfa120,
0x04cf2081,
0x8106cf10,
0x05cf9920,
0x04cf2081,
0x8106cf10,
0x95f89120,
0x05cf37f8,
0x06cf3081,
0xf8891489,
0xcf3cf895,
0x06cf1005,
0xf8811489,
0x3141f895,
0x8909cff0,
0x95f87914,
0x05cf46f8,
0x8906cf20,
0x95f87114,
0x05cf4bf8,
0x8906cf10,
0x95f86914,
0x05cf4ef8,
0x8906cf10,
0x95f86114,
0x05cf53f8,
0x8906cf40,
0x95f85914,
0x05cf58f8,
0x8906cf20,
0x95f85114,
0x05cf5df8,
0x8906cf10,
0x95f84914,
0x05cf62f8,
0x8906cf10,
0x95f84114,
0x06cf71f8,
0x06cf6083,
0x95f80084,
0x06cf79f8,
0x05cf6083,
0x95f83110,
0x05cf81f8,
0x05cf2110,
0x95f82910,
0x05cf87f8,
0x06cf2b10,
0x95f87691,
0x05cf8df8,
0x05cf3710,
0x95f81910,
0x05cf95f8,
0x05cf4110,
0x95f81110,
0x05cf9df8,
0x06cf4d10,
0x95f87691,
0x05cfa3f8,
0x05cf5710,
0x05cf0110,
0x05cf0081,
0x20714083,
0xf9f00446,
0x79f895ff,
0x408306cf,
0xf11005cf,
0x81f895ff,
0x211005cf,
0xe91005cf,
0x87f895ff,
0x2b1005cf,
0xe11005cf,
0x8df895ff,
0x371005cf,
0xd91005cf,
0x95f895ff,
0x411005cf,
0xd11005cf,
0x9df895ff,
0x4d1005cf,
0xc91005cf,
0xa3f895ff,
0x571005cf,
0xc11005cf,
0x72f895ff,
0x208306cf,
0xb91005cf,
0x7af895ff,
0x208306cf,
0xb11005cf,
0x82f895ff,
0x221005cf,
0xa91005cf,
0x88f895ff,
0x2c1005cf,
0xa11005cf,
0x8ef895ff,
0x008305cf,
0x04cf61e7,
0x95ff9910,
0x05cf96f8,
0x05cf4220,
0x95ff9120,
0x05cf9ef8,
0x05cf4e10,
0x95ff8910,
0x05cfa4f8,
0x05cfeb30,
0x95ff8130,
0x05cf6cf8,
0xcfaf1081,
0xff791005,
0x316df895,
0x729708cf,
0xff71f004,
0x316ef895,
0x749708cf,
0xff69f004,
0xcf73f895,
0xcf0e3005,
0xff615005,
0x317bf895,
0xf44f220f,
0x2005cfe3,
0xf895ff59,
0x2005cf83,
0x2005cf24,
0xf895ff51,
0x1005cf89,
0x1005cf2e,
0xf895ff49,
0x1005cf8f,
0x1005cf3a,
0xf895ff41,
0x1005cf97,
0x1005cf44,
0xf895ff39,
0x5005cf9f,
0x5005cfea,
0xf895ff31,
0x2005cfa5,
0x2005cf5a,
0xf895ff29,
0x8105cf74,
0x05cf0f50,
0x95ff2110,
0x05cf7cf8,
0x05cf1910,
0x95ff1910,
0x05cf84f8,
0x05cf2510,
0x95ff1110,
0x05cf8af8,
0x05cf2f10,
0x95ff0910,
0x05cf90f8,
0x05cf3b10,
0x95ff0110,
0x05cf98f8,
0x06cf4510,
0x95fe0084,
0x05cfa0f8,
0x06cf5110,
0x95fe0084,
0x05cfa6f8,
0x06cf5b10,
0x00fe0084,
0x95d0472e,
0x402127f8,
0xcf5109f2,
0xfe651204,
0xcf28f895,
0x0a768d05,
0xd81005cf,
0x29f895fe,
0x0bf24021,
0x560e05cf,
0x2af895fe,
0x40227f31,
0x05cf0cf2,
0x95fec910,
0x40212bf8,
0x05cf0df2,
0x95fe470e,
0x06cf2cf8,
0x05cf4e82,
0x95feba10,
0x05cf26f8,
0xcf016e82,
0xfeb21005,
0x30c5f895,
0x21282207,
0xab0e04cf,
0xc4f895fe,
0x05cf2720,
0x95fe2a0c,
0x2e20c7f8,
0x240c05cf,
0xa8f895fe,
0x01223f30,
0x980e05cf,
0xcef895fe,
0x66220330,
0x910e05cf,
0x269a05cf,
0xcf002208,
0xfe8a0e05,
0x22602300,
0xcf4ef240,
0xfe835e05,
0xcf80b95e,
0x957e9905,
0x0430a9f8,
0x08fe7bf0,
0x05cf0c22,
0x95fdfb28,
0x0f30aaf8,
0x05cf0422,
0x95fe6f0e,
0x3f30c3f8,
0x05cf2322,
0x95fe680e,
0x0f30abf8,
0x05cf0522,
0x00fe610e,
0x67f0412e,
0xacf89582,
0x06221f30,
0x571405cf,
0xadf895fe,
0x07220f30,
0x500e05cf,
0xc0f895fe,
0x05cf2020,
0xfd00cf0c,
0x2121220f,
0x30c1f895,
0x430e04cf,
0xc2f895fe,
0x05cf2220,
0x95fdc21a,
0x3f30aef8,
0x05cf0922,
0x95fe360e,
0x3f30b0f8,
0x05cf0b22,
0x6efe2f0e,
0xa9f895b9,
0x05cf0f30,
0xf0042c81,
0xf895fe27,
0x227030c6,
0x0e05cf2d,
0xf895fe20,
0xcf1620b7,
0xfd9f0c05,
0x20b6f895,
0x0c05cf15,
0xf895fd99,
0xcf1820b9,
0xfd930c05,
0x20b8f895,
0x0c05cf17,
0xf895fd8d,
0xcf1a20bb,
0xfd870c05,
0x20baf895,
0x0c05cf19,
0xf895fd81,
0xcf1c20bd,
0xfd7b0c05,
0x20bcf895,
0x0c05cf1b,
0xb1eefd75,
0x20bff895,
0x0e05cf1e,
0xf895fd6e,
0xcf1d20be,
0xcf0a8206,
0xcfa10c05,
0xcf620c05,
0xcfa20c05,
0xcf5c0c05,
0xcfa30c05,
0xfd560c05,
0x20c9f895,
0x8206cf61,
0xf895fd0a,
0xcf6020c8,
0xfd4a0c05,
0xf895b9be,
0xcf6320cb,
0xfd430e05,
0x20caf895,
0x0c05cf62,
0xf895fd3d,
0xcf6520cd,
0xfd370c05,
0x20ccf895,
0x0c05cf64,
0xf895fd31,
0x223f30af,
0x0e05cf0a,
0xf895fda5,
0xf2402131,
0x8305cf56,
0x95fd234a,
0x402132f8,
0x05cf57f2,
0xdffd1c0e,
0x00af54f8,
0xc6f0012e,
0xd9f24083,
0x95462071,
0x4f21f1f8,
0x040845f0,
0x95fd0ef0,
0x4021f2f8,
0x05cfdaf2,
0xfd074e85,
0x21f3f895,
0xcfdbf240,
0xfd000e05,
0x21f7f895,
0xcfdff240,
0xfc0a8606,
0x21f8f895,
0xcffcf44f,
0xf2088705,
0x4604cffc,
0xf24021f9,
0xf00471e1,
0x682bfceb,
0xf14101d8,
0xfb088193,
0xf44ff804,
0x46206194,
0x0908eb0a,
0x2008f81a,
0xfcdcf004,
0x2001f899,
0x41a1f240,
0xf2404620,
0xf00478c1,
0xf899fcd3,
0xf2402002,
0x04cf41a2,
0x99fccc4c,
0x402003f8,
0x05cfa3f2,
0x99fcc50e,
0x402004f8,
0x05cfa4f2,
0x99fcbe0e,
0x402005f8,
0x05cfa5f2,
0x99fcb70e,
0x402006f8,
0x05cfa6f2,
0x99fcb00e,
0x402007f8,
0x05cfa7f2,
0x99fca90e,
0x4f2008f8,
0x05cf95f4,
0xfca22081,
0x2009f899,
0xcfa9f240,
0xfc9b1c05,
0x200af899,
0xcfaaf240,
0xfc940e05,
0x200bf899,
0xcfabf240,
0xfc8d0e05,
0x200cf899,
0xcfacf240,
0xfc860e05,
0x200df899,
0xcfadf240,
0xfc7f0e05,
0x200ef899,
0xcfaef240,
0xfc780e05,
0x200ff899,
0xcfaff240,
0xfc710e05,
0x2010f899,
0xcf96f44f,
0xfc6a7005,
0x2011f899,
0xcfb1f240,
0xfc631c05,
0x2012f899,
0xcfb2f240,
0xfc5c0e05,
0x2013f899,
0xcfb3f240,
0xfc550e05,
0x2014f899,
0xcfb4f240,
0xfc4e0e05,
0x2015f899,
0xcfb5f240,
0xfc470e05,
0x2016f899,
0xcfb6f240,
0xfc400e05,
0x2017f899,
0xcfb7f240,
0xfc390e05,
0x2018f899,
0xcf97f44f,
0xfc327005,
0x2019f899,
0xcfb9f240,
0xfc2b1c05,
0x201af899,
0xcfbaf240,
0xfc240e05,
0x201bf899,
0xcfbbf240,
0xfc1d0e05,
0x201cf899,
0xcfbcf240,
0xfc160e05,
0xf24022e1,
0x8305cfc1,
0x05cf1052,
0x05cfe30c,
0xfcfc0a0c,
0x1f462322,
0xa805cf21,
0x9201807e,
0xfcfef004,
0x22c02303,
0x1208cf14,
0x04462393,
0x99fcf4f0,
0x40201df8,
0x05cfc2f2,
0x99fbf034,
0x40201ef8,
0x06cfc3f2,
0x99fb0a8a,
0x40201ff8,
0x05cfc4f2,
0x99fbe20e,
0x402020f8,
0x05cfc5f2,
0x99fbdb0e,
0x402021f8,
0x05cfc6f2,
0x99fbd40e,
0x402022f8,
0x05cfc7f2,
0x99fbcd0e,
0x4f2023f8,
0x05cff9f4,
0xfbc65881,
0x2024f899,
0xcfc9f240,
0xfbbf1c05,
0x2025f899,
0xcfcaf240,
0xfbb80e05,
0x2026f899,
0xcfcbf240,
0xfb0a8e06,
0x2027f899,
0xcfccf240,
0xfbaa0e05,
0x2028f899,
0xcfcdf240,
0xfba30e05,
0x2029f899,
0xcfcef240,
0xfb9c0e05,
0x202af899,
0x00cff240,
0x950e05cf,
0x2bf899fb,
0xfaf44f20,
0x8e7005cf,
0x2cf899fb,
0xd1f24020,
0x871c05cf,
0x2df899fb,
0xd2f24020,
0x800e05cf,
0x2ef899fb,
0xd3f24020,
0x790e05cf,
0x2ff899fb,
0xd4f24020,
0x720e05cf,
0x30f899fb,
0xd5f24020,
0x6b0e05cf,
0x31f899fb,
0x00f44f20,
0x640e05cf,
0x32f899fb,
0xcff24020,
0x5d008b06,
0x33f899fb,
0xcff24020,
0x562c8906,
0x34f899fb,
0x03f24020,
0x4f0e05cf,
0x35f899fb,
0x01f44f20,
0x483805cf,
0x36f899fb,
0xcff24020,
0x414a8a06,
0x37f899fb,
0xcff24020,
0x3a448a06,
0x38f899fb,
0xcff24020,
0x33448a06,
0x39f899fb,
0x02f44f20,
0x2c3805cf,
0x3af899fb,
0xcff24020,
0x252c8a06,
0x3bf899fb,
0xcff24020,
0x1e188806,
0x3cf899fb,
0xcff24020,
0x173a8a06,
0x3df899fb,
0x03f44f20,
0x008406cf,
0x3ef899fb,
0x0df24020,
0x091c05cf,
0x3ff899fb,
0x0ef24020,
0x020e05cf,
0x40f899fb,
0x0ff24020,
0x008c06cf,
0x41f899fa,
0x04f44f20,
0xf43805cf,
0x42f899fa,
0x11f24020,
0xed1c05cf,
0x43f899fa,
0x12f24020,
0xe60e05cf,
0x44f899fa,
0x13f24020,
0xdf0e05cf,
0x032383fa,
0x68a605cf,
0xfb54f004,
0xcf24230f,
0xcf4e0c07,
0x1754a405,
0x8405cf11,
0x22fffa00,
0xcf8cf44f,
0xfac75a05,
0xcf012340,
0xfb3c2407,
0x3c09cf0c,
0xcff0fb36,
0xcf303c09,
0xcf153c05,
0xcfaf3c05,
0xcf8b3c05,
0xfa0a9206,
0x0cb006cf,
0x05cf0168,
0x95fb7685,
0xcf208cf8,
0xba668d06,
0xcf2380f9,
0x06cf1804,
0xcffb1040,
0xcf5cb006,
0xfb092806,
0x2090f895,
0x588d06cf,
0xcf08f9a6,
0xfafc280b,
0x216af895,
0xcfd5f44f,
0x7a288405,
0xb406cffa,
0x05cf692c,
0x95faee36,
0xcf2095f8,
0x8b708206,
0xcf2340f9,
0x06cf1804,
0x95fae136,
0x402169f8,
0x05cfa7f2,
0x07cf5f36,
0x06cf1481,
0x95fad336,
0x082094f8,
0x703605cf,
0x148105cf,
0xc63608cf,
0x68f895fa,
0xa6f24021,
0x443605cf,
0x0fb156fa,
0x5f22f023,
0x01462021,
0xa6f24093,
0x05cf0063,
0xfb357e86,
0x0eb806cf,
0x3a8106cf,
0xf895faac,
0x06cf2092,
0xcf491e84,
0xcf2cda05,
0x9f3a8108,
0x67f895fa,
0xa5f24021,
0x1d4e05cf,
0xb406cffa,
0x3606cf5a,
0xf895fa91,
0x06cf2093,
0xcf2e4684,
0xcf28db05,
0xfa843608,
0x2166f895,
0xcfa4f240,
0xcf023605,
0xfd048107,
0x048107cf,
0x8107cfa4,
0xcffaf304,
0xcf4cb806,
0xfa6a4e06,
0x2091f895,
0x308506cf,
0xda05cf07,
0x4e08cf6a,
0xf895fa5d,
0xf2402165,
0x4e05cfa3,
0xb14ef9db,
0x63a3f240,
0x8105cf0f,
0x4a04cf54,
0xf0049201,
0x06cffacd,
0x06cf46b7,
0x95fa444c,
0xcf208ef8,
0xe1268606,
0x64d905cf,
0x374c08cf,
0x64f895fa,
0xa2f24021,
0xb54c05cf,
0xb806cff9,
0x3606cf42,
0xf895fa29,
0x06cf208f,
0xcfc64e86,
0xcf48d805,
0xfa1c3608,
0x2163f895,
0xcfa1f240,
0xcf9a3605,
0xa1028105,
0x05cf0f63,
0x08cf5281,
0xcf8c0281,
0xcf568307,
0xfa034c06,
0x208df895,
0x368706cf,
0xda05cfa0,
0x4c08cf20,
0x2205f9f6,
0xcfabf240,
0xf9754a05,
0x21a8f895,
0xcf6cf240,
0x6e768405,
0xacf895f9,
0xeef44f21,
0x671c05cf,
0x8106cff9,
0x05cf6a52,
0x06cfdb50,
0x13f22a81,
0x2c8505cf,
0xf895f9d4,
0x227f30d8,
0xcf84f44f,
0xf9cc3a05,
0x04cf2320,
0x6206cf2a,
0xf895f9c5,
0xf24021a9,
0x1c05cf6d,
0xf895f943,
0xf24021ad,
0x0e05cf71,
0xde07cf3c,
0x5606cf42,
0x6406cfb0,
0xa95607cf,
0xd9f895f9,
0x40227f30,
0x05cf09f2,
0x05cfa110,
0x08cf0a84,
0x95f99a56,
0x4021aaf8,
0x05cf6ef2,
0x95f91848,
0x4021aef8,
0x06cf72f2,
0x07cf0a96,
0xcf6b2c81,
0xf9855605,
0x1cb906cf,
0x7e5606cf,
0xdaf895f9,
0x2c8105cf,
0x2c05cf85,
0x8105cf76,
0x07cf6b2c,
0x95f96f56,
0x4021abf8,
0x05cf6ff2,
0x95f8ed1c,
0x4021aff8,
0x05cf73f2,
0x07cfe60e,
0x06cf78da,
0xcff95a56,
0xcf2cb906,
0xf9535606,
0xcfdbf895,
0x0b2c8105,
0x4b1005cf,
0x2c8105cf,
0x445608cf,
0xb4f895f9,
0xeff44f21,
0x4a8205cf,
0xf895f8c2,
0xf24021b0,
0x5605cf74,
0xf895f8bb,
0xf44f21b8,
0x1c05cff0,
0xf895f8b4,
0xf24021b9,
0x1c05cf81,
0xf895f8ad,
0xf24021ba,
0x0e05cf82,
0xf895f8a6,
0xf24021bb,
0x0e05cf83,
0xf895f89f,
0xf24021bc,
0x728206cf,
0xf895f898,
0xf24021bd,
0x548106cf,
0xf895f891,
0xf24021be,
0x0e05cf86,
0xf895f88a,
0xf24021bf,
0x0e05cf87,
0xf895f883,
0xf44f21c0,
0x7005cff1,
0xdd07cf7c,
0x8306cf58,
0x07cff000,
0x06cf6ce1,
0xf8e95481,
0x3204f895,
0xf64022ff,
0x1e05cfe1,
0x8505cfe1,
0x8308cf04,
0x95f8da00,
0x4021b5f8,
0x05cf79f2,
0x95f85856,
0x4021b1f8,
0x06cf75f2,
0x95f80a9a,
0x4021c1f8,
0x05cf89f2,
0x95f84a0e,
0x4021c2f8,
0x06cf8af2,
0x95f80084,
0x4021c3f8,
0x8906cff2,
0x95f83c5a,
0x4021c4f8,
0x8a06cff2,
0x95f83524,
0x4021c5f8,
0x05cf8df2,
0x95f82e0e,
0x4021c6f8,
0x05cf8ef2,
0x95f8270e,
0x4021c7f8,
0x05cf8ff2,
0x95f8200e,
0x4f21c8f8,
0x05cff2f4,
0xf8194681,
0x21c9f895,
0xcf91f240,
0xcf121c05,
0xcf66de07,
0x86548106,
0x7ae207cf,
0x548106cf,
0xf895f87f,
0x8105cf05,
0x05cfe254,
0x05cf771e,
0x08cf5ade,
0xf8705481,
0x21b6f895,
0x717af240,
0xf0034620,
0xf895ffee,
0xf24021b2,
0x0e05cf76,
0xf895ffe7,
0xf24021ca,
0x0e05cf92,
0xf895ffe0,
0xf24021cb,
0x0e05cf93,
0xf895ffd9,
0xf24021cc,
0x0e05cf94,
0xf895ffd2,
0xf24021cd,
0x0e05cf95,
0xf895ffcb,
0xf24021ce,
0x0e05cf96,
0xf895ffc4,
0x402100cf,
0x05cf97f2,
0x95ffbd0e,
0x4f21d0f8,
0xcf61f3f4,
0xffb60e04,
0x21d1f895,
0xcf99f240,
0xffaf1c05,
0x21d2f895,
0xcf9af240,
0xcfa80e05,
0xcf22de07,
0x1c7c8406,
0x08e407cf,
0x548106cf,
0xf895f815,
0x8105cf06,
0x05cfe354,
0x05cf0d1e,
0x08cf2883,
0xf8067c84,
0x21b7f895,
0xcf7bf240,
0xff844805,
0x21b3f895,
0xcf77f240,
0xff7d0e05,
0x21d3f895,
0xcf9bf240,
0xff760e05,
0x21d4f895,
0xcf9cf240,
0xff6f0e05,
0x21d5f895,
0xcf9df240,
0xff680e05,
0x21d6f895,
0xcf9ef240,
0xff610e05,
0x21d7f895,
0xcf9ff240,
0xff5a0e05,
0x21d8f895,
0xcff4f44f,
0x53468105,
0xd9f895ff,
0xa1f24021,
0x4c1c05cf,
0xdaf895ff,
0xa2f24021,
0x450e05cf,
0xdbf895ff,
0xa3f24021,
0x3e0e05cf,
0x18dd07cf,
0x04cf016b,
0x06cfb20e,
0x05cf18be,
0xf0035481,
0xf895ffab,
0x8105cf07,
0x05cfe454,
0x05cfa31e,
0x06cf0ec0,
0xf0035481,
0xf895ff9c,
0x22803203,
0xcf0ef44f,
0xcf947405,
0x6a1e8207,
0x8d2c05cf,
0xcf5807cf,
0xcf860e06,
0x033a820b,
0x0dcf7ff0,
0x00ff7874,
0x1bf0012e,
0x416b7a80,
0x9a03a9f2,
0xdef34042,
0x40227287,
0x05cfebf6,
0x00feee1e,
0xecf64022,
0xe80c05cf,
0x1804cffe,
0x0c05cff6,
0x1805cfe2,
0x0c05cff7,
0xdc05cfdc,
0x8406cf0c,
0x50f00340,
0x268105cf,
0x490e08cf,
0x1ee105cf,
0x348108cf,
0x810dcf42,
0x02ff3b42,
0x7cf24022,
0x088205cf,
0x04cffeba,
0x05cf7d0c,
0x05cfb40c,
0x05cf7e0c,
0x05cfae0c,
0x06cf7f0c,
0x07cf0084,
0x06cf5adb,
0xcf1c5481,
0x8960c007,
0x151c05cf,
0xd0f895ff,
0x528905cf,
0x1005cf80,
0xc005cf0d,
0x8108cf2c,
0x07cf0606,
0x06cf50e1,
0x05cfff3a,
0x08cf62df,
0x95fef83a,
0x05cfd4f8,
0x05cf823a,
0x05cff010,
0x08cf4edc,
0x07cfe93a,
0x06cf66de,
0x05cfe23a,
0x08cf68dd,
0x95fedb3a,
0x05cfd1f8,
0xcf017089,
0xd3308305,
0x5ade05cf,
0xcc3a08cf,
0x66df07cf,
0xc53a06cf,
0x10e005cf,
0xbe3a08cf,
0xd5f895fe,
0x053a05cf,
0xb63a05cf,
0x5adf05cf,
0xaf3a08cf,
0x688107cf,
0x208306cf,
0xe207cfa8,
0x3a06cf62,
0xf895fea1,
0x8105cfd2,
0x05cf812e,
0x80fe9910,
0x52820bcf,
0xde07cf92,
0x3a06cf42,
0x8105cf8b,
0x3a08cf02,
0xf895fe84,
0x3a05cfd6,
0x1005cf83,
0x8105cf7c,
0x3a08cf68,
0x8107cf75,
0x3a06cf68,
0xe307cf6e,
0x3a06cf10,
0xf895fe67,
0x8105cfd3,
0x05cf032e,
0xcf5f2e81,
0xcf688105,
0xcf583a08,
0xcf688107,
0xcf513a06,
0x08cf4805,
0x95fe4a3a,
0x05cfd7f8,
0x05cf073a,
0x05cf423a,
0x09cf6881,
0x06cf0084,
0x05cf6ae2,
0xf0033e92,
0x7407cf34,
0x3a05cf8a,
0xf895fe2d,
0x3a05cfdc,
0x3a05cf11,
0xe305cf25,
0x9206cf08,
0x1ef00350,
0x31462afe,
0xfc462046,
0x00fc98f7,
0xb3f24022,
0x028605cf,
0x04cffd98,
0x05cfb40c,
0x05cf920c,
0x05cfb50c,
0x05cf8c0c,
0x05cfb60c,
0x05cf860c,
0x06cf74df,
0xf00374ba,
0x2001fdfa,
0xf7c2f73f,
0x22f023b0,
0xcf6bf240,
0xfd008406,
0xf0002c00,
0x230586a8,
0x62c4e001,
0xcf0ff120,
0x0356bd07,
0x05cfe3f0,
0x6c06cf48,
0xcf80fd62,
0xcf5c6c09,
0xcf566c0b,
0x06cf1805,
0x80fd506c,
0x6a04cf23,
0x348106cf,
0x6c05cfc4,
0x05cff78c,
0x05cf5caa,
0xfd405481,
0xc007cff0,
0x3af00350,
0x7d1e05cf,
0x0f2300f7,
0xcef24022,
0x8805cf21,
0x1405cf00,
0x230ff773,
0xcf1204cf,
0xcfa14606,
0xcf691405,
0xcfcd2807,
0xcf972805,
0xcf5f1405,
0xcfcd2805,
0xcf8d2807,
0xf7551405,
0xcf542308,
0xcf841207,
0xf74c1205,
0x22082300,
0x3805cf54,
0x1205cf7b,
0x2300f743,
0xcf5a2280,
0xcf721205,
0xf73a1205,
0xcf5a2380,
0xcf693607,
0xf7311205,
0x8109cfff,
0x00fce536,
0x368109cf,
0x04cffcdf,
0x0ff7221e,
0xecf44f23,
0x688107cf,
0x2302fd50,
0xcf2c220f,
0xfd4a5005,
0xcf2b2200,
0xfcca0a05,
0xcf2a2200,
0xfcc50a05,
0xcf292200,
0xcfc00a05,
0xcf0ade05,
0xfd352a06,
0xcf2c2380,
0xcf2f7407,
0xcf248305,
0xfd291806,
0x220f2300,
0x18be06cf,
0xcf22f003,
0xcf311a05,
0xfd1c1a05,
0x3030f897,
0x4620b2f1,
0x93006b7a,
0xf00723ff,
0xb110fce8,
0xf002489e,
0xf8dfff7e,
0x2e008278,
0x83aef002,
0x06cf2202,
0xf0037696,
0x04cffc89,
0x05cfa40c,
0x05cf830c,
0x05cfa30c,
0x05cf7d0c,
0x05cfa10c,
0x7afc770c,
0xacf6406b,
0x40429a53,
0xcf85aaf3,
0x174c8606,
0x7c8305cf,
0xdf05cfe5,
0x07cf1728,
0xcfde0085,
0xcf50e005,
0xcfd71c08,
0xcf7ede05,
0xcfd01c08,
0x98148205,
0x840acff6,
0x05cf4c2c,
0x06cf2485,
0xcf462c84,
0x06cf0c05,
0xcf402c84,
0x06cf0c05,
0xcf3a2c84,
0xcf16e007,
0xae2c8106,
0x3f2064fc,
0xcff676f7,
0xa418850c,
0x002c00fc,
0x058563f0,
0x8508cf23,
0x08f10712,
0xcff00309,
0x0802860a,
0x030a84eb,
0xcffc15f0,
0x0f1a850a,
0x096e0bcf,
0xcf1805cf,
0xcf036e06,
0xcf20e105,
0x771a8508,
0x3f6e05cf,
0x4023c0f6,
0xcf514cf2,
0xfc6d1406,
0x8309cf09,
0xcffc6746,
0xe7468308,
0x8308cffb,
0xcffbe246,
0xdd468308,
0x830acffb,
0xcffc522e,
0x4c46830a,
0x5e830bcf,
0xf44ffc46,
0xf73f60fa,
0xcf0af60d,
0xcf3c5609,
0xcfbc5609,
0xcfb75609,
0xcfb25609,
0xcf27560b,
0xcf21560b,
0xfc1b560b,
0xf73f2002,
0x2300f5e3,
0x26a606cf,
0x3d04f849,
0x2302603b,
0xfc0ef003,
0x22c02340,
0x514cf240,
0x072804cf,
0x3a464bfc,
0x05cf0546,
0x3bfdc234,
0x04f8ca68,
0x402b0030,
0x1384c0f0,
0x67f00248,
0x95e7fefe,
0x40212df8,
0x05cf11f2,
0x95fb752e,
0x40212ef8,
0x05cf12f2,
0x95fb6e0e,
0x40212ff8,
0x05cf15f2,
0x95fb670e,
0x402130f8,
0x05cf2ef2,
0x95fb600e,
0x402202f8,
0xfe0152f6,
0x6abd95f7,
0x75f12064,
0x00f12064,
0x08f12000,
0xcfa804fb,
0x4026a606,
0x9879c1f2,
0x03208af8,
0x98fb49f0,
0x07cf8bf8,
0xf00326a6,
0xf898fb42,
0xa607cf8c,
0x3bf00322,
0x8df898fb,
0x22a607cf,
0xfb34f003,
0xcf8ef898,
0x0322a607,
0x98fb2df0,
0x07cf8ff8,
0xf00322a6,
0xf898fb26,
0xa607cf90,
0x1ff00322,
0x91f898fb,
0x22a607cf,
0xfb18f003,
0xcf92f898,
0x0322a607,
0x98fb11f0,
0x07cf93f8,
0xf00322a6,
0xf898fb0a,
0xa607cf94,
0x03f00322,
0x95f898fb,
0x22a607cf,
0xfafcf003,
0xcf96f898,
0x0322a607,
0x98faf5f0,
0x07cf97f8,
0xf00322a6,
0xf898faee,
0xa607cf98,
0xe7f00322,
0x99f898fa,
0x22a607cf,
0xfae0f003,
0xcf9af898,
0x0322a607,
0x98fad9f0,
0x07cf9bf8,
0xf00322a6,
0xf898fad2,
0xa607cf9c,
0xcbf00322,
0x9df898fa,
0x22a607cf,
0xfac4f003,
0xcf9ef898,
0x0322a607,
0x98fabdf0,
0x07cf9ff8,
0xf00322a6,
0xf898fab6,
0xa607cfa0,
0xaff00322,
0xa1f898fa,
0x22a607cf,
0xfaa8f003,
0xcfa2f898,
0x0322a607,
0x98faa1f0,
0x07cfa3f8,
0xf00322a6,
0xf898fa9a,
0xa607cfa4,
0x93f00322,
0xa5f898fa,
0x22a607cf,
0xfa8cf003,
0xcfa6f898,
0x0322a607,
0xcffa85f0,
0x0322a608,
0x05cf7ff0,
0x05cfe30c,
0xcffa790c,
0x9022a60b,
0xf0039201,
0x0bcffb6d,
0x019022a6,
0x03462393,
0x98fb63f0,
0x07cfa7f8,
0xf00322a6,
0xf898fa5f,
0xa607cfa8,
0x58f00322,
0xa9f898fa,
0x22a607cf,
0xfa51f003,
0xcfaaf898,
0x0322a607,
0x98fa4af0,
0x07cfabf8,
0xf00322a6,
0xf898fa43,
0xa607cfac,
0x3cf00322,
0xadf898fa,
0x22a607cf,
0xfa35f003,
0xcfaef898,
0x0322a607,
0x98fa2ef0,
0x07cfaff8,
0xf00322a6,
0xf898fa27,
0xa607cfb0,
0x20f00322,
0xb1f898fa,
0x22a607cf,
0xfa19f003,
0xcfb2f898,
0x0322a607,
0x98fa12f0,
0x07cfb3f8,
0xf00322a6,
0xf898fa0b,
0xa607cfb4,
0x04f00322,
0xb5f898fa,
0x22a607cf,
0xf9fdf003,
0xcfb6f898,
0x0322a607,
0x98f9f6f0,
0x07cfb7f8,
0xf00322a6,
0xf898f9ef,
0xa607cfb8,
0xe8f00322,
0xb9f898f9,
0x22a607cf,
0xf9e1f003,
0xcfbaf898,
0x0322a607,
0x98f9daf0,
0x07cfbbf8,
0xf00322a6,
0xf898f9d3,
0xa607cfbc,
0xccf00322,
0xbdf898f9,
0x22a607cf,
0xf9c5f003,
0xcfbef898,
0x0322a607,
0x98f9bef0,
0x07cfbff8,
0xf00322a6,
0xf898f9b7,
0xa607cfc0,
0xb0f00322,
0xc1f898f9,
0x22a607cf,
0xf9a9f003,
0xcfc2f898,
0x0322a607,
0x98f9a2f0,
0x07cfc3f8,
0xf00322a6,
0xf898f99b,
0xa607cfc4,
0x94f00322,
0xc5f898f9,
0x22a607cf,
0xf98df003,
0xcfc6f898,
0x0322a607,
0x98f986f0,
0x07cfc7f8,
0xf00322a6,
0xf898f97f,
0xa607cfc8,
0x78f00322,
0xc9f898f9,
0x22a607cf,
0xf971f003,
0xcfcaf898,
0x0322a607,
0x98f96af0,
0x07cfcbf8,
0xf00322a6,
0xf898f963,
0xa607cfcc,
0x5cf00322,
0xcdf898f9,
0x22a607cf,
0xf955f003,
0x20cef898,
0xbe6df7fe,
0x21eef895,
0x71d6f240,
0xf04f4620,
0xf0030845,
0xf895f948,
0xf24021ef,
0x462071d7,
0xa804fb08,
0xf93ff003,
0x21f0f895,
0xcffbf44f,
0x032a8807,
0x95f936f0,
0x4021f4f8,
0x05cfdcf2,
0x95f92f68,
0x4021f5f8,
0x05cfddf2,
0x95f9280e,
0x4021f6f8,
0x05cfdef2,
0x02f9210e,
0x05f44f22,
0x1b0c05cf,
0x402202f9,
0x05cf15f2,
0xf9150081,
0x2114f898,
0x7e8806cf,
0xf90ef003,
0x2115f898,
0x768808cf,
0xcf98f907,
0xcf22ef05,
0x00768806,
0x17f898f9,
0x8808cf21,
0x98f8f976,
0x32ee05cf,
0x768806cf,
0xf898f8f2,
0x08cf2119,
0xf8eb7688,
0xed05cf98,
0x8806cf42,
0x98f8e476,
0xcf211bf8,
0xdd768808,
0x1cf898f8,
0x8808cf21,
0x98f8d676,
0xcf211df8,
0xcf768808,
0xf898f800,
0x08cf211e,
0xf8c87688,
0x211ff898,
0x768808cf,
0xf898f8c1,
0x08cf2120,
0xf8ba7688,
0x2121f898,
0x768808cf,
0xf898f8b3,
0x08cf2122,
0xf8ac7688,
0x2123f898,
0x768808cf,
0xf898f8a5,
0x08cf2124,
0xf89e7688,
0x2125f898,
0x768808cf,
0xf898f897,
0x08cf2126,
0xf8907688,
0xb705cf98,
0x8806cf38,
0x98f88976,
0xcf2128f8,
0x82768808,
0x05cf98f8,
0x06cf36b7,
0xf87b7688,
0x212af898,
0x768808cf,
0xcf98f874,
0xcf34b705,
0x6d768806,
0x2cf898f8,
0x8808cf21,
0x98f86676,
0x2c8c05cf,
0x768806cf,
0xcf98f85f,
0xcf2c8c05,
0x58768806,
0x05cf98f8,
0x06cf2c8c,
0xf8517688,
0x8c05cf98,
0x8806cf2c,
0xcff84a76,
0x4476880a,
0xcf0c05cf,
0x3e768806,
0x8810cff8,
0xcff93276,
0x28768812,
0x05cf98f9,
0x06cf7eb3,
0xf8247688,
0xb305cf98,
0x8806cf7e,
0x98f81d76,
0x34cf05cf,
0x768806cf,
0xcf98f816,
0xcf34cf05,
0x0f768806,
0x05cf98f8,
0x06cf34cf,
0xf8087688,
0x2136f898,
0x768808cf,
0xf898f801,
0x06cf2137,
0xf0027688,
0xf898fffa,
0x06cf2138,
0xf0027688,
0xf898fff3,
0x06cf2139,
0xf0027688,
0xcf98ffec,
0xcb6ccf05,
0xe50e05cf,
0x3bf898ff,
0x8806cf21,
0xdef00276,
0x3cf898ff,
0x8806cf21,
0xd7f00276,
0x3df898ff,
0x8806cf21,
0xd0f00276,
0x3ef898ff,
0x8806cf21,
0xc9f00276,
0x3ff898ff,
0x8806cf21,
0xc2f00276,
0x40f898ff,
0x8806cf21,
0xbbf00276,
0x41f898ff,
0x8806cf21,
0xb4f00276,
0x42f898ff,
0x8806cf21,
0xadf00276,
0x43f898ff,
0x8806cf21,
0xa6f00276,
0x44f898ff,
0x8806cf21,
0x9ff00276,
0x45f898ff,
0x8806cf21,
0x98f00276,
0x46f898ff,
0x8806cf21,
0x91f00276,
0x47f898ff,
0x8806cf21,
0x8af00276,
0x48f898ff,
0x8806cf21,
0x83f00276,
0x49f898ff,
0x8806cf21,
0x7cf00276,
0x4af898ff,
0x8806cf21,
0x75f00276,
0x4bf898ff,
0x8806cf21,
0x6ef00276,
0x05cf98ff,
0xcf0730d1,
0xff670e05,
0x214df898,
0x768806cf,
0xff60f002,
0x214ef898,
0x768806cf,
0xff59f002,
0x214ff898,
0x768806cf,
0xff52f002,
0x2150f898,
0x768806cf,
0xff4bf002,
0x2151f898,
0x768806cf,
0xff44f002,
0x2152f898,
0x768806cf,
0xff3df002,
0x2153f898,
0x768806cf,
0xff36f002,
0x2154f898,
0x768806cf,
0xff2ff002,
0x2155f898,
0x768806cf,
0xff28f002,
0x2156f898,
0x768806cf,
0xff21f002,
0x2157f898,
0x768806cf,
0xff1af002,
0x2158f898,
0xbc32f7fe,
0xf6406b7a,
0x429a739e,
0xcf6bdd0e,
0x02469f07,
0xcfff0bf0,
0x02469f08,
0x6bff05f0,
0x1bf7ff22,
0x2804cfb8,
0x04cf6394,
0x09cf6328,
0x09cff728,
0xf0026e9f,
0x2263fef1,
0xb807f7ff,
0x1e09cf53,
0x1e0bcfe8,
0x2253fee2,
0xbff8f7fe,
0x08cf4632,
0xcffed91e,
0x06cf0c04,
0x05cfd31e,
0x05cff60c,
0x32fecd0c,
0xe9f7fe46,
0xff2306bf,
0x40b959f7,
0xff461a23,
0xcfba54f7,
0xba9b0e04,
0x463a464b,
0x5e8b06cf,
0x683bf8f6,
0x2107463a,
0xf8ca4620,
0x464b300c,
0xcfedf003,
0xcf081205,
0xcf141205,
0xf8e41205,
0x08cf683b,
0xf8ca5693,
0x2380301c,
0xff19f002,
0x5c930acf,
0xf8d7f8d4,
0xf1b99000,
0xf0000f00,
0x489d84e2,
0xf979f002,
0xf8082301,
0xcfc03004,
0x4f0e9409,
0x0209fff0,
0xcffefef0,
0x025cba0a,
0x03fef7f0,
0x169507cf,
0xfef1f002,
0x169506cf,
0xfe71f002,
0x9505cf0d,
0x6cf00216,
0xff2340fe,
0x189505cf,
0xcfe1f002,
0xcf269d05,
0xfedb2c06,
0x189508cf,
0xcfd5f002,
0x00cf180b,
0x3f2001fe,
0xcff097f7,
0xcfc6560a,
0xfe465609,
0x5607cf01,
0x2315fe41,
0x04cf464a,
0x00e9cd56,
0x02462339,
0x05cf35f0,
0x06cf40e2,
0x0bcfad32,
0x0bcfa75c,
0x05cfa15c,
0x0bcf695c,
0x09cf985c,
0x02fe185c,
0x135c07cf,
0x0fcf17fe,
0x0bcf075c,
0x0bcf7f5c,
0x0bcf795c,
0x05cf735c,
0x0bcf3b5c,
0x09cf6a5c,
0x03fdea5c,
0xe55c07cf,
0x0fcf19fd,
0x0bcfd95c,
0x0bcf5144,
0x0bcf4b5c,
0x01fe4518,
0x84ea4f20,
0x0bf73f09,
0x3a600bcf,
0xba6009cf,
0x07cf0bfd,
0x08fdb560,
0xd30309eb,
0xbaa004f8,
0x110f13f1,
0x7a68dad1,
0x01695ab9,
0xdbd10c2a,
0x092b0869,
0x072e02d1,
0x024827d1,
0x52f88bf0,
0x05cf1b46,
0xfffd9c32,
0x29231b22,
0x78af09cf,
0xcf90f002,
0xcf087a0b,
0x0212810b,
0xfc180bcf,
0x3e2001fd,
0xcff7c4f7,
0xf30e810a,
0x2e9d07cf,
0xfd73f002,
0x8107cf0c,
0x05cf6e0e,
0x685a0e81,
0xd1182a13,
0xb9b268da,
0x2b02695b,
0x83bbf040,
0xf0402e02,
0x480683b8,
0xf847f002,
0xcf1e2242,
0xfd582c05,
0xbf00e006,
0xf1206480,
0xf1206483,
0xf120648a,
0x09fff04f,
0x820fcf1e,
0x0bcf422e,
0xcfba0481,
0x02769d09,
0x09cfb4f0,
0xf002769d,
0x8105cfae,
0x0bcf761c,
0xcfa51c81,
0x251c8109,
0x07cf0efd,
0xfd201c81,
0x5c0fcf1d,
0x5c0bcf14,
0x5c0bcf8c,
0x76a106cf,
0x801806cf,
0x485c05cf,
0x775c0bcf,
0xf75c09cf,
0x07cf16fc,
0x60fcf25c,
0xe65c0fcf,
0x5e440bcf,
0x585c0bcf,
0x52180bcf,
0x1a5c05cf,
0x9a0acff7,
0x48f0027e,
0x09cf06fd,
0x84fd426a,
0xc26a07cf,
0x07cff0fc,
0x07cfbd6a,
0xf00210a0,
0x9b09cfb8,
0x2df0025c,
0x27620bcf,
0x21620bcf,
0xe96205cf,
0x540acff6,
0xcf85fd18,
0xfc985407,
0x5407cf10,
0x5409cf93,
0x540bcf8e,
0x540bcf03,
0x180bcffd,
0x04cffcf7,
0x80f6bf54,
0x36810bcf,
0x0acffced,
0xcffce762,
0x67368108,
0x368109cf,
0x6209cf62,
0x4a0bcf5d,
0x9d09cfd2,
0xccf0022a,
0xc6180bcf,
0x8e6205cf,
0x36810bcf,
0x08cffcbd,
0xcf3d3681,
0x38368109,
0x335409cf,
0xa83c0bcf,
0xa2540bcf,
0x9c180bcf,
0x645405cf,
0x369f0bcf,
0xfc92f002,
0xf44f2320,
0x9f05cfa1,
0x8bf00258,
0x0bcf10fc,
0xcffc840e,
0x027aa408,
0xcffc03f0,
0x027aa408,
0xcffbfdf0,
0xf6404804,
0x7aa40acf,
0xcf6ef002,
0xf6365c05,
0x7aa40acf,
0xcf64f002,
0xcf2c1405,
0xcfcd2807,
0xcf5a2805,
0xcf221405,
0x06cf2805,
0xf0027aa4,
0x1405cf50,
0x08cff618,
0xf0027aa4,
0x1205cf47,
0x08cff60f,
0xf0027aa4,
0x1205cf3e,
0x08cff606,
0xf0027aa4,
0x1205cf35,
0x08cff5fd,
0xf0027aa4,
0x1205cf2c,
0x08cff5f4,
0xf0027aa4,
0x08cffba8,
0xf0027aa4,
0x8105cfa2,
0x2bf5e536,
0x80f01368,
0x84ea4f7f,
0x61f00003,
0x5a444382,
0x412a1368,
0xd380eff0,
0x05cf0cf8,
0xf0410a8c,
0x695b80e9,
0xf0412b02,
0x686b80e5,
0x4370f003,
0x5f80f1b3,
0x80def041,
0xf0412e02,
0x48f380db,
0xfe66f001,
0xf0002c00,
0x464a81e9,
0x22b006cf,
0xcf73f002,
0x7754e005,
0x6d0c05cf,
0x9b0c05cf,
0x670c05cf,
0x9c0c05cf,
0x610c05cf,
0x9d0c05cf,
0x5b0c05cf,
0x9e0c05cf,
0x550c05cf,
0x9f0c05cf,
0x4f0c05cf,
0x04e105cf,
0x9105cff4,
0x05cf4972,
0x05cfa118,
0x05cf4318,
0x05cfa20c,
0x05cf3d0c,
0x05cfa30c,
0x4bfb370c,
0xb408cf46,
0xabf0026c,
0xcf2308fb,
0x0226b308,
0x07cfa4f0,
0x05cfe30e,
0x34fb9d0e,
0xe40e05cf,
0x960e05cf,
0x88f8d5fb,
0x04061930,
0xbf22b6d5,
0x06462049,
0xcff8e4f0,
0x8760870a,
0x8706cffb,
0xf0f04f60,
0x05f0020a,
0x8d06cffb,
0x5ff04f58,
0xfef0020b,
0x09cfc0fa,
0xcf735c8d,
0x0274a209,
0xcffb6df0,
0x6776840a,
0x61180bcf,
0x4f2001fb,
0x3e090ff0,
0xcff527f7,
0x024ca308,
0x80fb56f0,
0x4e8507cf,
0x06cffad6,
0xf0024ca3,
0x08cffad1,
0xcfcc4e85,
0xcf26be05,
0xcf412a06,
0xcf3b580b,
0xcf35580b,
0xfd508305,
0x05cf23f4,
0x61a60ce9,
0x7e9505cf,
0x04f8cdb0,
0xa9f002a0,
0x05cffdfb,
0xcfa47484,
0x00e91604,
0x0246233a,
0x23fb9ff0,
0x8205cf46,
0x2a0acf38,
0x94f00290,
0xcf23fdfb,
0xcf668205,
0x05cf2a06,
0xfb8a3889,
0x7cb106cf,
0x8205cf17,
0x05cf012a,
0x20f4c968,
0x32a709cf,
0xcff7f002,
0xcf46bf07,
0xfaf02206,
0xb82204cf,
0xa608cff4,
0x6cf00256,
0xa708cffa,
0x66f00240,
0xb50c05cf,
0x600c05cf,
0xb60c05cf,
0x5a0c05cf,
0xcf4405cf,
0x0240a706,
0x05cfcef0,
0xb0f49644,
0xcf465223,
0x0240a706,
0x00fac4f0,
0x0af0012c,
0x4a230581,
0xa706cf46,
0xbaf00240,
0xcf4205cf,
0xfa396606,
0x38a708cf,
0xcf33f002,
0xcf2d660b,
0x06cf1805,
0xcffa2766,
0x0238a70a,
0x05cf9bf0,
0xcff46366,
0x0270aa08,
0xcffa92f0,
0x124a8b08,
0x088309cf,
0x8309cf0d,
0x0bcf0808,
0xfa7d0883,
0x08830acf,
0x180bcf77,
0x0acffa71,
0xcf6b5683,
0xf9eb4e09,
0xe64e08cf,
0x4e08cff9,
0xbb05cfe1,
0x8407cf7c,
0x4e0bcf00,
0x4e0bcf50,
0x8105cf4a,
0x18f41222,
0x333004f8,
0x8c0ccfb1,
0x40fa3d16,
0x0b462021,
0xcfe8e4f0,
0x2b001c04,
0x8718f000,
0x4a890ccf,
0xf000fa2d,
0x480dbf0f,
0xfc97f001,
0x9004f808,
0xf7ff2340,
0x05cfbb1d,
0x01690c8f,
0x52f47f2a,
0x0869dbac,
0x4ef47f2b,
0x7f2e02ac,
0x04ac4bf4,
0x00e43948,
0x20648ebf,
0xbf1913f1,
0xcf7fe590,
0x22048f06,
0xbc06cf46,
0x8af00270,
0xcf4622f9,
0x026ebc06,
0xcff984f0,
0xcff01804,
0xcf7e1805,
0xcf811805,
0xcf781805,
0xcf820c05,
0xcf720c05,
0xcf830c05,
0xcf6c0c05,
0xcf840c05,
0xcf660c05,
0xcf850c05,
0xcf009806,
0xcf860c05,
0xcf5a0c05,
0xcf870c05,
0xcf540c05,
0xcff16005,
0xf94e6005,
0x8705cf3c,
0x8706cf28,
0x10f9c252,
0x52870bcf,
0x0e07cfbb,
0x528706cf,
0x4623f9b4,
0xeb08e615,
0x68510203,
0xf0402913,
0xcfd2868d,
0x40448907,
0x52814df0,
0x402a0269,
0x6a8149f0,
0x70f00268,
0x80f1b242,
0x42f0405f,
0x402e0281,
0x9e813ff0,
0x04f00148,
0x1eac05cf,
0xcf4a809b,
0x11728109,
0x09cf4af9,
0xf90b7281,
0xcf1804cf,
0x05728106,
0xcf1805cf,
0xff728106,
0x0c04cff8,
0x728106cf,
0x0c05cff9,
0x728106cf,
0x0c05cff3,
0x728106cf,
0x0c05cfed,
0x728106cf,
0x0c05cfe7,
0x728106cf,
0x0c05cfe1,
0x728106cf,
0x04cff8db,
0x8106cf60,
0x05cfd572,
0x8a06cf18,
0xcf00cf48,
0x06cf0c05,
0xcfc9488a,
0x06cf0c05,
0xcfc3488a,
0x06cf0c05,
0xcfbd488a,
0x06cf0c05,
0xcfb7488a,
0x06cf0c05,
0xcfb1488a,
0x06cf0c05,
0xcfab488a,
0x06cf6005,
0xcfa5488a,
0x06cf1805,
0xcf9f488a,
0x06cf0c05,
0xcf99488a,
0x06cf0c05,
0xf893488a,
0x76820ccf,
0x06cff907,
0x06cf568a,
0xf9007682,
0x488a0ccf,
0x233cf8f9,
0x0acfe55a,
0xf8762884,
0x28840acf,
0x0acff870,
0xcf6a2884,
0x06cf1805,
0xcf643682,
0x06cf0c05,
0xcf5e3682,
0x06cf0c05,
0xcf583682,
0x06cf0c05,
0xcf523682,
0x06cf0c05,
0xcf4c3682,
0x06cf0c05,
0xcf463682,
0x06cf0c05,
0xcf403682,
0x06cf6005,
0xcf3a3682,
0x06cf1805,
0xcf343682,
0x06cf0c05,
0xcf2e3682,
0x06cf0c05,
0xcf283682,
0x06cf0c05,
0xcf223682,
0x06cf0c05,
0xcf1c3682,
0x06cf0c05,
0xcf163682,
0x06cf0c05,
0xcf103682,
0x06cf6005,
0xcf0a3682,
0x06cf1805,
0xcf043682,
0x71a20c05,
0xf0014620,
0x04cffffe,
0x05cfa30c,
0xcffff80c,
0x6c36820c,
0x850ccff8,
0x07cf652c,
0x8206cf0e,
0x38f85e36,
0x07cfbf23,
0xeb087086,
0xf8d20203,
0xcfbaa00c,
0x8a2a8505,
0x14f8d281,
0x01f1b990,
0x84f0400f,
0x0869d281,
0x80f0402a,
0x36850dcf,
0x8505cf79,
0xec817636,
0xa9f00148,
0x002c00fa,
0x5380d4f0,
0xcf463246,
0x022aba06,
0x53f830f0,
0xc608cf46,
0x29f00200,
0x05cf10f8,
0xcf091ee5,
0xf8220e05,
0x2a0bcf33,
0x2a06cf1b,
0x7ab805cf,
0xf814f002,
0x08cf4653,
0xcf0262c5,
0xcf00c005,
0x0260c508,
0x05cf06f0,
0x06cf70c8,
0xf00178b8,
0x08cfffff,
0xf0012686,
0x08cfff7e,
0xf0012686,
0x1805cf78,
0x1805cff0,
0x1805cf72,
0x1805cf81,
0x0c05cf6c,
0x0c05cf82,
0x0c05cf66,
0x0c05cf83,
0x0c05cf60,
0x0c05cf84,
0x0c05cf5a,
0x016e04cf,
0x05cf54f0,
0x05cf860c,
0x05cf4e0c,
0x05cf870c,
0x05cf480c,
0x05cff160,
0x05cf4260,
0x05cf7b18,
0x05cf3c18,
0x05cf770c,
0x05cf360c,
0x05cf9b0c,
0x05cf300c,
0x05cf9c0c,
0x05cf2a0c,
0x05cf9d0c,
0x05cf240c,
0x05cf9e0c,
0x05cf1e0c,
0x05cf9f0c,
0x05cf180c,
0x05cff460,
0x05cf1260,
0x05cfa118,
0x05cf0c18,
0x8306cf0c,
0x05cf0670,
0x8306cf0c,
0x0cff0070,
0x708309cf,
0xff74f001,
0x8309cf24,
0x6df00170,
0xe30e07cf,
0x660e05cf,
0xff2314ff,
0xcfbbc7f7,
0xe238820a,
0x820acffe,
0xcffedc38,
0xd638820a,
0xcf1805cf,
0xd0388206,
0xcf0c05cf,
0xca388206,
0xcf0c05cf,
0xc4388206,
0xcf0c05cf,
0xbe388206,
0xcf0c05cf,
0xb8388206,
0xcf0c05cf,
0xb2388206,
0xcf0c05cf,
0xac388206,
0xcf6005cf,
0xa6388206,
0xcf1805cf,
0xa0388206,
0xcf0c05cf,
0x9a388206,
0xcf0c05cf,
0x94388206,
0xcf0c05cf,
0x8e388206,
0xcf0c05cf,
0x88388206,
0xcf0c05cf,
0x82388206,
0xcf0c05cf,
0x7c388206,
0xcf6005cf,
0x76388206,
0xcf1805cf,
0x70388206,
0xcf0c05cf,
0x6a388206,
0xcf0c05cf,
0x64388206,
0x820ccffe,
0x20fed838,
0x38820bcf,
0x0e07cfd1,
0x388206cf,
0x2a04cfca,
0xcfbb2bf7,
0xfa24860e,
0x860acf80,
0xd280f424,
0xbbb01cf8,
0x400f08f1,
0xcf80eef0,
0x4f288609,
0x80e7f040,
0xf0402e02,
0x482280e4,
0xf915f001,
0xd0422c00,
0x26860acf,
0xfe9df001,
0x26860acf,
0xfe96f001,
0x08cf465b,
0xf0012686,
0x0acffe8f,
0xf0012686,
0x2a06cf88,
0x268605cf,
0xfe81f001,
0x26860acf,
0xfe7af001,
0x26860acf,
0xfe73f001,
0x26860ccf,
0x810dcf6c,
0x18fe6566,
0x93e78b23,
0xcff12064,
0xe004840a,
0x840acffd,
0xcffdda04,
0xd404840a,
0xcf1805cf,
0xce048406,
0xcf0c05cf,
0xc8048406,
0xcf0c05cf,
0xc2048406,
0xcf0c05cf,
0xbc048406,
0xcf0c05cf,
0xb6048106,
0xcf0c05cf,
0xb0048406,
0xcf0c05cf,
0xaa048406,
0xcf6005cf,
0xa4048406,
0xcf1805cf,
0x9e048406,
0xcf0c05cf,
0x98048406,
0xcf0c05cf,
0x92048406,
0xcf0c05cf,
0x8c048406,
0xcf0c05cf,
0x86048406,
0xcf0c05cf,
0x80048406,
0xcf0c05cf,
0x7a048406,
0xcf6005cf,
0x74048406,
0xcf1805cf,
0x6e048406,
0xcf0c05cf,
0x68048406,
0xcf0c05cf,
0x62048406,
0x09cf5bfd,
0xf0012a97,
0x0ccffdd6,
0x00cf0484,
0x0bcf1cfd,
0xcfc80484,
0x29f72a04,
0x8407cfba,
0x8f07cf04,
0x51815252,
0x40290169,
0xd2814ef0,
0xbaa01cf8,
0x008405cf,
0x8a09cf48,
0x405f4028,
0x05cf41f0,
0x813e288a,
0xf00148f8,
0x4632f815,
0x12d106cf,
0xf0002c00,
0xf001809c,
0x4632fd22,
0x16d106cf,
0xfd1cf001,
0x8305cf4b,
0x8306cf62,
0x4bfd9070,
0xd108cf46,
0x89f00116,
0xcf464bfd,
0x0114d108,
0xcffd82f0,
0x0114d10a,
0x4bfd7bf0,
0x28840bcf,
0x4606cf74,
0x6d3807cf,
0x8a0acffd,
0x66f00178,
0x840ccffd,
0x07cf5f52,
0x8406cf70,
0x4bfd5852,
0x52840bcf,
0xcf18fd51,
0x4a52840b,
0xcf7005cf,
0x43528408,
0xcf4632fd,
0x0156d006,
0xcffcc2f0,
0xcf730c04,
0xfc008406,
0x088106cf,
0x305006cf,
0xcf464bfd,
0x0154d008,
0x05cf29f0,
0x06cf4081,
0xf00152d0,
0x8107cf22,
0x2a06cf08,
0xcf14fd1b,
0x1422850b,
0x04830dcf,
0xcf28fd0d,
0xfd060e0b,
0xf7ff2318,
0xf001b967,
0x0acffc86,
0xfc803882,
0x820bcf23,
0x23fcf438,
0x38820bcf,
0xcf23fced,
0xe638820b,
0x820ccffc,
0x23fcdf38,
0x0e820bcf,
0x4606cfd8,
0xd13807cf,
0x0bcf18fc,
0xfcca3882,
0x38820ccf,
0x7007cfc3,
0x3e8106cf,
0xcf23fcbc,
0xb538820b,
0xcf3805cf,
0xae388208,
0xcf7005cf,
0xa7388208,
0x2c8205cf,
0x388206cf,
0x820bcf26,
0x07cf2038,
0x06cf0881,
0x23fc9450,
0x38820bcf,
0xcf53fc8d,
0x8638820b,
0x088107cf,
0x7f2a06cf,
0x820ccffc,
0xcffc7838,
0xcf2a8206,
0x712e8506,
0x07cf18fc,
0xd2f7ff0e,
0xcf4443b8,
0x40489e08,
0xcf8145f0,
0x417ca506,
0x9e08cf81,
0x405f4048,
0x05cf3af0,
0x81372685,
0xf0004850,
0x0ccffec2,
0x80992685,
0x00cff001,
0x820acffb,
0xcffbc96e,
0x3d26850c,
0x850ccffc,
0xcffc3626,
0x2f26850c,
0x6e820dcf,
0x8407cf28,
0x3806cf1e,
0x0ccffc21,
0xfc1a2685,
0x26850ccf,
0x820dcf13,
0x06cf0c6e,
0x8107cf2a,
0xcffc0574,
0xfe26850c,
0x820ccffb,
0xcffbf76e,
0xf06e820c,
0x820acffb,
0x05cf6f6e,
0x8206cf0c,
0xcffb696e,
0xdd26850c,
0x850ccffb,
0xcffbd626,
0xcf26850c,
0x0ccffb00,
0xcfc86e82,
0xcf389f07,
0xc16e8206,
0x920acffb,
0xbaf00156,
0xf71c04cf,
0x6493b81b,
0x648ef120,
0xf001f120,
0x820bcf36,
0xcffb3032,
0xa420850c,
0x850ccffb,
0xcffb9d20,
0x9620850c,
0x428105cf,
0x328208cf,
0x0ccffb8f,
0xcf882085,
0x07cf4606,
0x05cf8138,
0x08cf7a81,
0xcf7a3282,
0xcf2a8107,
0xcf732a06,
0x06cf7007,
0xfb6c3881,
0x20850ccf,
0x820dcf65,
0x0dcf5e32,
0xcf573282,
0xd632820b,
0x820acffa,
0xcffad032,
0x4420850c,
0x850ccffb,
0x08fb3d20,
0x088105cf,
0x328206cf,
0x820dcf36,
0x04fb2f32,
0x32820bcf,
0x06cffb28,
0x06cf1285,
0xfb213282,
0xe6ae2314,
0xf47e2e00,
0x68abaf86,
0xf14004da,
0x23008164,
0xa405cfc0,
0x03f04f58,
0x10f00109,
0x9c10cffb,
0x06f0016e,
0x20a205cf,
0xd50607db,
0xcf4a2300,
0x003acc05,
0x0af00993,
0xcfb1f6f8,
0x06d81804,
0xcf06d507,
0x23001809,
0xee56f006,
0x991804cf,
0xcfd50405,
0x7e888106,
0xcf36f006,
0x071a4205,
0x4209cf05,
0xfeaef005,
0x045606cf,
0x1206cfd5,
0xfa25f009,
0x5205cf86,
0xd50c0558,
0x06cf462b,
0xe8f0073c,
0x042802fc,
0xcd06cfd1,
0x3ff7fa32,
0x5c05cff9,
0x0c810dcf,
0xcfa6f007,
0x065a1605,
0x8108f140,
0xf0002e00,
0x230080fc,
0x93019300,
0x93039302,
0x93059304,
0xcf2d9306,
0xf0062e07,
0x04cffc52,
0x7a07592c,
0x2a04cfd5,
0xf818812c,
0x0acfa004,
0xcfba6e81,
0xef00b205,
0x00f04f80,
0x32f04f0a,
0x87f0010b,
0x1f231bfa,
0xbb06cf22,
0x80f00106,
0x52464bfa,
0xcf4a05cf,
0x0862a208,
0x16fb5df0,
0x6f220bcf,
0xcf3005cf,
0x0142bc06,
0x4bfa68f0,
0x05cf0146,
0x0acf4a81,
0x05cf4530,
0x2208cf30,
0x0acffa57,
0xf0013aaa,
0x6e07cf50,
0x4c05cfad,
0x464bfa49,
0x3e0fcf02,
0xcf17fb26,
0xcf38220b,
0xcfa33007,
0xfa310e05,
0xcf03464b,
0xcf0e300f,
0x06cf3007,
0x18fa2022,
0x133004f8,
0x740ccfb3,
0xf8d5fa16,
0xcf9a3088,
0xfc54820f,
0x1604cff8,
0xd505069b,
0x8309cf01,
0xcffdd434,
0x0166a00a,
0x2ef9faf0,
0xe20acfbb,
0xd23a0216,
0x05cf01b2,
0x08cf00e0,
0x06cf58e0,
0x33f96c12,
0xa308cf46,
0xe0f0015c,
0x3d2001f9,
0xcff3a8f7,
0x189f8108,
0xf00161a6,
0x1405cfd6,
0x25fff39e,
0x4623261d,
0x4620462a,
0x960021a1,
0xf0019501,
0x06cffa4b,
0x07cfa210,
0x05cf4310,
0x2021a310,
0x1006cf46,
0xf7fbfa3b,
0x2306bc69,
0xbef4f7fe,
0x090ff04f,
0x2332e6a0,
0x96019600,
0x96039602,
0x96059604,
0xe7039606,
0xf57f0698,
0x0acfaf06,
0xfd724481,
0x06cfe6fe,
0xf99a5a83,
0x5a830ccf,
0x12cff993,
0xfa705a83,
0x5a830ccf,
0x3005cf82,
0x388308cf,
0x12cff97b,
0xcf585a83,
0x04cf3005,
0x7be74822,
0x0146326b,
0x2004cf96,
0x6f16f5b3,
0x233cbfd8,
0x2332bfc8,
0x464b9300,
0xfa44f008,
0x20c8e73b,
0x0afff04f,
0xf322f73d,
0x20b1f895,
0x210d4620,
0x0b65f04f,
0xf8d4f001,
0x20b2f895,
0x21104620,
0x097ff04f,
0xf8ccf001,
0x20b3f895,
0x21114620,
0xf8c6f001,
0x30b4f895,
0x22074620,
0xf0012112,
0x06cff93a,
0x05cff00e,
0x95f9330e,
0x2030b5f8,
0x13221f46,
0x2cf00121,
0xc4f895f9,
0x27462020,
0xabf00121,
0xc5f895f8,
0x283605cf,
0x1ff00121,
0x8108cff9,
0x96004a96,
0xf8b7f001,
0x46312340,
0x508306cf,
0xcf40f912,
0xf8aa1a0b,
0xf73d2001,
0x230bf2d3,
0x220f4630,
0xf001212c,
0x4632f902,
0x212b4630,
0xf882f001,
0x2a0a04cf,
0x7df00121,
0x290a05cf,
0x78f00121,
0x304633f8,
0x05cf8046,
0x80f8ed2a,
0x1a463023,
0x0c04cf46,
0xcf33f8e7,
0x46301605,
0xcfe1f001,
0xf2a95405,
0xcf202303,
0xf8d85407,
0x22304620,
0x585404cf,
0x524623f8,
0x2a462046,
0x8208cf21,
0x4bf00150,
0x4a2364f9,
0x29462046,
0xa906cf21,
0x42f00110,
0xa18107cf,
0x7204cf10,
0x4633f8ba,
0x7207cf20,
0x8107cfb4,
0x04cf229d,
0x07cfae0c,
0x01462072,
0x05cfa8f0,
0x0bcf7072,
0x09cf9f72,
0x13cf1f72,
0x11cf1272,
0x0bcf0972,
0x0bcf8172,
0x0bcf7b72,
0x0bcf7572,
0x05cf6f72,
0x0bcf3772,
0x07cf6672,
0xe6f00072,
0x7212cfff,
0x10cff8d9,
0x07cfd072,
0x7204cf66,
0x720bcf48,
0x720bcf42,
0x4620f83c,
0x017406cf,
0x05cf36f0,
0xfef1fe72,
0x16bbadf7,
0x04171918,
0x00010503,
0x0a04cf02,
0x02040005,
0x08cf0301,
0x1c3cc581,
0x32186745,
0x53760800,
0x67451024,
0x78803120,
0x60341205,
0x23017684,
0x74650850,
0x46571032,
0x24802301,
0x10807356,
0x014506cf,
0xcf000205,
0x01044505,
0x4409cf02,
0x50461c00,
0x07701382,
0x10425386,
0x31285704,
0x35867060,
0x57361042,
0x08401802,
0x20316475,
0x83124607,
0x65741850,
0x04cf2030,
0x0405033b,
0x0a8107cf,
0x02040003,
0x0acf0501,
0x20385745,
0x45018710,
0x75646023,
0x65802130,
0x20781034,
0x13026478,
0x45672350,
0x64570081,
0x54800213,
0x70063182,
0x013b04cf,
0x03040500,
0x4f8106cf,
0x01020304,
0x0a810acf,
0x23816045,
0x52710870,
0x70546034,
0x70603281,
0x80342516,
0x28016735,
0x74560340,
0x76351082,
0x12408210,
0x80307546,
0x140b1816,
0x1b021105,
0x19160608,
0x0a040913,
0x07011a0d,
0x15100f00,
0x0c030e12,
0x5362401c,
0x26047081,
0x62803517,
0x80513740,
0x57830142,
0x04351760,
0x05cf6028,
0x26143714,
0x15238005,
0x16408706,
0x0b050718,
0x061b0811,
0x0d191614,
0x12040901,
0x00021a0e,
0x0310150f,
0x1c130c0a,
0x18350746,
0x87460220,
0x20763015,
0x04405138,
0x60517328,
0x13058426,
0x27180670,
0x24374035,
0x07501086,
0x30841625,
0x44204450,
0x000a0d32,
0x206b717a,
0x6c696166,
0x45000a0d,
0x203a5252,
0x4552524d,
0x0a44000a,
0x314d4300,
0x04cf4247,
0x0404cf07,
0x1007cf0d,
0x00000a0d,
0xb5804a04,
0x7813af00,
0xd5fc069b,
0x70184b02,
0xbf00bd80,
0xf0130014,
0xf0130000,
0xaf00b5f8,
0x2901b138,
0x7803d101,
0x4604b11b,
0x42ac1845,
0xbdf8d100,
0xf4a6f73c,
0x46266843,
0x0b01f814,
0x78334798,
0xd1f22b0a,
0xf49cf73c,
0x200d6843,
0xe7ec4798,
0xe92d4870,
0xe28db010,
0xe1a0c000,
0xe280e001,
0xe5db4004,
0xe2045004,
0xe730f211,
0xe1a0600e,
0xe0611092,
0xe6ef1071,
0xe3510009,
0x92811030,
0x9a000002,
0xe3550000,
0x12811037,
0x02811057,
0xe54e1001,
0xe2501000,
0xe28ee001,
0x1afffff1,
0xe3140002,
0xe204e003,
0x13a0202d,
0x15c62000,
0x12866001,
0xe046200c,
0xe1520003,
0x31a00003,
0xe2043009,
0x21a00002,
0xe3530008,
0x03a03030,
0x13a03020,
0xe35e0002,
0x03530030,
0x02423001,
0x0240e001,
0x03a05030,
0x0a000006,
0xe046e00c,
0xe150000e,
0x9a000007,
0xe4c63001,
0xeafffffa,
0xe7cc5003,
0xe2833001,
0xe153000e,
0x3afffffb,
0xe3a0302d,
0xe7cc300e,
0xe3140001,
0xe24c3001,
0x12422001,
0x02402001,
0xe08cc002,
0xe042e001,
0xe151000e,
0x3a000000,
0xe8bd8870,
0xe5d3e001,
0xe2811001,
0xe5dc4000,
0xe5e34001,
0xe44ce001,
0xeafffff5,
0x43f0e92d,
0x460cb0a3,
0xaf02260a,
0x46454680,
0x3b01f815,
0xeba8b98b,
0xf7ff0100,
0xcf98ff53,
0x0c12c207,
0x782101d1,
0x4af7ff48,
0x844648ff,
0x9b8106cf,
0x2b25831c,
0x46a8d0eb,
0xf898e7e5,
0x2b2d3001,
0x2200d041,
0x2b30782b,
0xf042d102,
0x35010208,
0x3b30782b,
0xd83e2b09,
0x23004628,
0xf8104605,
0xf1a11b01,
0xf1bc0c30,
0xd9300f09,
0x292e7829,
0x7868d10a,
0x38301c69,
0xd82e2809,
0x3101460d,
0x04cf7828,
0x29d9f90c,
0x08296c78,
0x293501bf,
0x56296278,
0x4fd829d0,
0x1fd06229,
0x002900d8,
0x4480aef0,
0x20d11e29,
0x04f10468,
0xc146640c,
0x71280017,
0x020c00f1,
0x424240da,
0x000202f0,
0x44220a92,
0x02f108e0,
0xba220105,
0x03fb06e7,
0xc23b3013,
0xc82300e7,
0xd4460de7,
0x462955e7,
0x502958d0,
0x282101d0,
0x6fe03746,
0x03d03829,
0x4f2963d8,
0xd52964d0,
0x382975e7,
0x3b2978d0,
0xef2973d0,
0x04f104d1,
0x21682408,
0x04eba146,
0x01f8110c,
0xf928000b,
0x384563d1,
0x124663bf,
0x190201f0,
0x20d15b46,
0x0ceba123,
0x63428200,
0x01ebacd3,
0x8144640c,
0x23d94542,
0x01543b5c,
0x04e7f930,
0x200c04f1,
0x64920068,
0x01220246,
0xff463846,
0xcfeecef7,
0xfeae0806,
0x0acfe036,
0xef22081e,
0x642c07cf,
0x09cfa246,
0x1092000a,
0x07cfe322,
0x04f0420e,
0xf5466402,
0x042b00e7,
0x080804f1,
0x122301bf,
0x200201f0,
0x59d10978,
0x8a24201e,
0x07d31442,
0x110280f1,
0x80f80144,
0x01e0040c,
0x38212022,
0x06429a70,
0x384619d3,
0xff464446,
0x68fe76f7,
0xb9e7171c,
0xf3320154,
0x0154bce7,
0x02e7e532,
0x05456246,
0x912320d1,
0xbbd9ed42,
0xfa320154,
0xcf5ca3e7,
0xe7f30804,
0x940604cf,
0xe53d01e7,
0x206940e7,
0x08b40ff1,
0x00b5804b,
0x07b94baf,
0xb8010cf1,
0xeef7ff68,
0xbd46bdfe,
0x044080e8,
0x004770b0,
0x00e7f820,
0x8106cfbf,
0xb08208d0,
0x4a3a4b39,
0x4c3aaf00,
0x601a483a,
0x4b3a6823,
0xb91b6078,
0x0108f107,
0xfed4f7ff,
0xf030f73d,
0xee072300,
0xee073f15,
0xee113fd5,
0xf0233f10,
0xee010304,
0x0c06cf10,
0xcf5380f4,
0x01f00c09,
0xbf1805cf,
0x2a8f4ff3,
0x2b482a49,
0x82680a4d,
0x2ad00a42,
0x05f3c268,
0x00429312,
0x206823d0,
0xf346132a,
0xf16822d1,
0xff2052e7,
0x43fdf9f7,
0xf6f7ff20,
0xff2056fd,
0x20fdf3f7,
0x13220048,
0x3eee0746,
0x02f8300f,
0x0144111b,
0x00f5b232,
0xf5440b4f,
0x9b4a1ad1,
0x926812b2,
0xcbd40006,
0x4a4916b9,
0xff680c20,
0x4dfddbf7,
0xd8f7ff20,
0xff2050fd,
0xcffdd5f7,
0xcf22810a,
0xf3bf7e04,
0xf2428f6f,
0x460813d4,
0x47a04798,
0x2045e7fe,
0xfdc3f7ff,
0xfffce7fa,
0x0066f0d4,
0x010855aa,
0x6942f010,
0x0000f120,
0x01200000,
0x4f42f011,
0x0008544f,
0x0000f0b4,
0x0034f0d4,
0x0000f024,
0x203a7325,
0x72727563,
0x63697420,
0x7830206b,
0x0a0d7825,
0x00030000,
0x00030004,
0x398b0acf,
0x00100024,
0x100bcf24,
0x00080003,
0xcf020003,
0x0020200b,
0x100dcf24,
0x00240040,
0x00240004,
0x00240080,
0x01150008,
0x01170010,
0x01150010,
0x01170001,
0x01160001,
0x01180010,
0x01160010,
0x01180001,
0x01150001,
0x01170020,
0x01150020,
0x01170002,
0x01160002,
0x01180020,
0x01160020,
0x01180002,
0x01150002,
0x01170040,
0x01150040,
0x01170004,
0x01160004,
0x01180040,
0x01160040,
0x01180004,
0x01150004,
0x01170080,
0x01150080,
0x01170008,
0x01160008,
0x01180080,
0x01160080,
0x01180008,
0x00010008,
0x00030040,
0x810bcf80,
0x059816d4,
0x08680599,
0x9a120ccf,
0x68059b05,
0x0bcf4008,
0x9d059c12,
0x20086805,
0x9e120bcf,
0x68059f05,
0x0bcf1008,
0xa105a012,
0x08086805,
0xa2120bcf,
0x6805a305,
0x0bcf0408,
0xa505a412,
0xcf086805,
0x001e820a,
0xa705a600,
0xcf086805,
0x0050820a,
0xa905a800,
0x0dcf6905,
0x05aa1081,
0x086905ab,
0x00010040,
0x00100112,
0x007f0100,
0x05ad05ac,
0xcf80086a,
0x00011205,
0x007f0104,
0x05af05ae,
0x2405cf6a,
0x00100113,
0x007f0108,
0x05b105b0,
0xcf20086a,
0x00011205,
0x00ff08e1,
0x05b305b2,
0xcf10086a,
0x00203605,
0x007f0101,
0x05b505b4,
0xcf08086a,
0x00021205,
0x007f0105,
0x05b705b6,
0xcf04086a,
0x00203605,
0x007f0109,
0x05b905b8,
0xcf02086a,
0x00021205,
0x00ff08e2,
0x05bb05ba,
0xcf01086a,
0x00403605,
0x007f0102,
0x05bd05bc,
0x8107cf6b,
0x06000410,
0xbe007f01,
0x6b05bf05,
0x108107cf,
0x010a0040,
0x05c0007f,
0xcf6b05c1,
0x04108107,
0xff08e300,
0xc305c200,
0x07cf6b05,
0x00801081,
0x007f0103,
0x05c505c4,
0x8107cf6b,
0x07000810,
0xc6007f01,
0x6b05c705,
0x108107cf,
0x010b0080,
0x05c8007f,
0xcf6b05c9,
0x08108107,
0xff08e400,
0xcb05ca00,
0x05cf6b05,
0x01141081,
0x01110080,
0x05cc007f,
0xcf6905cd,
0xcf56820d,
0x20d88124,
0xcf2f2fcf,
0x27cf5e5e,
0x4f00c927,
0x12737af4,
0x00b59022,
0xb1af0024,
0x01f1f3fb,
0x5103c1eb,
0x034a0943,
0x0303f4f5,
0x935390f5,
0x6cf3f1fb,
0x00fb0121,
0x24f84121,
0x1b340130,
0x02d1fa2c,
0xc00080eb,
0x9010d8f8,
0x206c18bd,
0xf8e92df1,
0x6cf04f4f,
0x81af0008,
0xacf44f46,
0x96f24064,
0x084e0e5b,
0xa86800fb,
0x210a04f1,
0x00464846,
0x61fa4df0,
0x8046051c,
0x48b28922,
0x00340246,
0x45fad3f0,
0xa40040ea,
0x4a455cb2,
0xec0f04f8,
0x89eb06d1,
0x805204cf,
0x8ff8e8bd,
0x1a5404cf,
0x05b5b029,
0x05af0046,
0x114a11d9,
0xff481249,
0xfefd30f7,
0x044c11e7,
0xd40480eb,
0x9b30d8f8,
0xc3f7ffb9,
0x0a4a0eff,
0xff480e49,
0x29fd22f7,
0xff480d46,
0xcffd1ef7,
0xb92b1c04,
0x49044a0b,
0xf7ff4805,
0xe7fefd16,
0xbdb02000,
0x70f3bf00,
0x7094f120,
0x7107f120,
0x05cff120,
0xf1207160,
0xf120712c,
0xf1207140,
0xf120715e,
0x2300b5f8,
0x4606af00,
0x4614460d,
0xf7ff6013,
0xb938ffbf,
0xeb034b04,
0xf8d30386,
0xf85330d8,
0x60233025,
0xbf00bdf8,
0x708106cf,
0x06cf41f0,
0xff46902c,
0xf0ffaaf7,
0x344c14b9,
0x511035f8,
0x134a13b9,
0xff481449,
0x29fcdaf7,
0xff481346,
0xbdfcd6f7,
0xed81f0e8,
0xb8442c00,
0x0c0f00f1,
0x3078a3d0,
0x00461a46,
0xa3fa5bf0,
0xa1461a79,
0x00463088,
0xcffa55f0,
0x46432404,
0x04cf78a2,
0x43fa4e0e,
0xf179a246,
0x206958e7,
0x207171f1,
0xcf70a8f1,
0x8d288106,
0x7806cf71,
0x2300b082,
0x007a04cf,
0xff607baf,
0xb0ff6cf7,
0x124b21b9,
0x05fb0424,
0x94469834,
0x9220d8f8,
0xdcf894b1,
0xb4463020,
0x0010daf8,
0x50fa20f0,
0xe0f894b9,
0xde1005cf,
0x18f00010,
0x06cf08fa,
0x3a814291,
0x3046291d,
0x83f7ff46,
0xf42800ff,
0x2b687bd1,
0x104a10b9,
0xff481149,
0xfefc7cf7,
0x802312e7,
0x03463022,
0xb58505fb,
0x0010e4f8,
0x04f9fcf0,
0xe2f8b546,
0x00463010,
0x7bf968f0,
0x44ea4068,
0x5c224000,
0x02fb1008,
0xf3fbb040,
0x05cfd3f0,
0x71b23081,
0xcfbcf120,
0x2d648207,
0x834ff0e9,
0x052300b0,
0x93460e46,
0x2e8107cf,
0x4682ff15,
0xd14a2800,
0xd84d2e09,
0x61a6f44f,
0xf0004628,
0xf000f941,
0xcf80027f,
0xcf0ea005,
0xf9531004,
0xf73c2001,
0xf8dff396,
0x241290d4,
0x46282300,
0x9406fb04,
0x20e8f894,
0x10e6f8b4,
0xf9bef000,
0x30d8f894,
0xf894b37b,
0xcf2820dc,
0xad668107,
0x94bb38f9,
0x5f20e0f8,
0xb4f38bfa,
0xcf10def8,
0xf9aa4804,
0x46282312,
0x9906fb03,
0x30e8f899,
0x10e6f8b9,
0xf000461a,
0x2e09f99f,
0xf068d80a,
0x4628027f,
0x04cfb2d2,
0x1af00074,
0x5d7205cf,
0xcf4650f3,
0x7aae8109,
0x3ae7bf46,
0x2846311d,
0xf3f7ff46,
0x7cb9e0fe,
0x0eb92c68,
0x0f490f4a,
0xedf7ff48,
0x04e7fefb,
0x4ff40bfb,
0x280b12f0,
0x06fb0b46,
0xa434209b,
0xe2f8bb09,
0x00b2e210,
0x63f8f4f0,
0xbb228010,
0x0310e4f8,
0xba0380f0,
0xd34682e7,
0xb2bf00e7,
0xcef12071,
0x188207cf,
0xf1206958,
0xb5802a60,
0xd905af00,
0xcf054a04,
0xc3268505,
0xffe7fefb,
0x80ff66f7,
0xd3bf00bd,
0xe1f12071,
0x692c07cf,
0x6f6e5f73,
0x61765f74,
0x5f64696c,
0x5f636472,
0x73006469,
0x745f7465,
0x6e696172,
0x5f676e69,
0x61707962,
0x70007373,
0x645f7968,
0x705f6c6c,
0x65736168,
0x7465675f,
0x0ecf5f00,
0x74657313,
0xcf250fcf,
0x52451204,
0x5f524f52,
0x5f434452,
0x5f54554f,
0x474e4152,
0x64640045,
0x72655f72,
0x25203a72,
0x20292873,
0x090a7325,
0x52415700,
0x2605cf4e,
0x5f544f4e,
0x54494e49,
0x772505cf,
0xcf6e7261,
0x06cf260c,
0xcf651581,
0x5b288105,
0x205d6425,
0x6e207369,
0x6920746f,
0xcf74696e,
0xcf699905,
0x09cf6b07,
0x570bcf45,
0x4152545f,
0x4e494e49,
0x59425f47,
0x53534150,
0x8106cf00,
0xcf646924,
0x61684905,
0x204a04cf,
0x758108cf,
0x8106cf20,
0x540ccf75,
0x453f05cf,
0x49555f44,
0x0f04cf32,
0x5a5f5349,
0xcf4f5245,
0x4c442107,
0x4148504c,
0x545f4553,
0x4c5f4f4f,
0x45475241,
0x00b58000,
0x806800af,
0x0804cfbd,
0xbd806001,
0x0a0a4b0b,
0xb082b580,
0xaf00b2c9,
0xf503603b,
0x607b3380,
0x0308f107,
0x0080eb03,
0xf8503708,
0xf8c33c08,
0xf85323f8,
0xb2c00021,
0xbd8046bd,
0xf0208000,
0x04cf4b0b,
0x3018cf32,
0xb2c90a08,
0x03f8f8c3,
0x2021f843,
0xbf3205cf,
0x2d3404cf,
0x0047f0e9,
0x884606af,
0x9a469146,
0x006a3d46,
0x05cf4124,
0xffbf0487,
0x0009ea00,
0xd00a4550,
0xf73c2001,
0xb105f218,
0x42ac3401,
0xf04fddf0,
0xe8bd30ff,
0x200087f0,
0x800604cf,
0x4cf240b5,
0xffaf0051,
0x00ffa7f7,
0xa000c0f0,
0x580380f1,
0x80415842,
0x804288bd,
0x00460bb5,
0x4fd01caf,
0x0c0201f0,
0x02fa03d9,
0x164288f1,
0x083201d0,
0x01d1f82a,
0x0b4a0a46,
0x90f7ff48,
0x43e7fefa,
0x091a05cf,
0x061a09cf,
0xff48064a,
0xfefa83f7,
0x102200e7,
0x288105cf,
0xf120753c,
0xf120753f,
0xf1207579,
0xf120757c,
0xaf00b598,
0xf7ff4614,
0x4020ff6d,
0x06cfbd98,
0x46147a89,
0x460e4605,
0xf7ff4698,
0xea20ff62,
0xea040004,
0x43040408,
0xb2e24631,
0xf7ff4628,
0xe8bdff72,
0xb5f881f0,
0xaf002100,
0xf7ff4604,
0x07c2ff50,
0x0603d430,
0x06cfd522,
0xf7ff1aa8,
0x4606ff47,
0x38a806cf,
0xff41f7ff,
0x46052e01,
0x2801d901,
0x462ad804,
0x480e4631,
0xfa3bf7ff,
0x04cf1eb2,
0xcfb2d22c,
0xff4a2204,
0x04cf1eaa,
0x0e06cf2e,
0x4620ff43,
0xf86ef009,
0xd80604cf,
0x002301f8,
0x34a505cf,
0xffb2f7ff,
0x75b2bdf8,
0x488b05cf,
0x147807cf,
0x2707c2ff,
0x190603d5,
0x0b7809cf,
0x05780bcf,
0x051cb2ff,
0xcfb2d246,
0xff171c08,
0x0acf1caa,
0x05cf1066,
0xcf1968ff,
0xcf855a05,
0xcf357205,
0xf89f7205,
0xe92dbdf8,
0x06cf43f8,
0x46184683,
0xf8974615,
0x8c399024,
0xfeddf7ff,
0x0400ea09,
0x8805cf49,
0xa9ff3734,
0x23d10745,
0xcf464a46,
0x64608306,
0xf8e8bdff,
0x04b2c383,
0x03fa04d2,
0x2ab2dbf3,
0x44e7f246,
0xf9f303fa,
0x8506cfe7,
0x8040080a,
0x05cff8bd,
0x46056882,
0xf7ff460e,
0xb243feb7,
0x40584020,
0xea244631,
0x46280200,
0xb2d2405a,
0xfec6f7ff,
0x6803bdf8,
0x5a3204cf,
0x5a400a40,
0x80600240,
0xcf4291bd,
0xd2021004,
0x404a4051,
0x23014051,
0xfa036800,
0x4093f101,
0x0141ebc3,
0x40d04008,
0x982204cf,
0x24220ccf,
0xf101fa04,
0xfa034094,
0xebc4f202,
0xf7ff0141,
0x05cfffd6,
0x05cf5683,
0x46981885,
0xfa5f2400,
0x6a3df982,
0xfa81fa5f,
0xcf51464a,
0xcd3e8105,
0x07cf40ff,
0xf0cb1a85,
0x1a8506cf,
0x0ecfd9f1,
0x3c3c1a85,
0x72726500,
0x3a20726f,
0x73616d20,
0x64615f6b,
0x645f7264,
0x30287473,
0x32302578,
0x21202978,
0xcf3d7325,
0x72731b0b,
0x1b08cf63,
0x3e3e000a,
0xcf3d12cf,
0x08cf3925,
0x1106cf36,
0x0706cf2f,
0x32203c20,
0x9800000a,
0x042200b5,
0x29af0046,
0x2af7ff21,
0x004620fe,
0xff212a22,
0x05cf25f7,
0xff212b0a,
0x20fe20f7,
0x2c220246,
0x1bf7ff21,
0x824620fe,
0x160a05cf,
0x1204cffe,
0xf7ff4620,
0xbd98fe11,
0x2900b5b0,
0x4f4204cf,
0x4f0200f0,
0x4f0129f0,
0x080500f0,
0xff2580bf,
0x09cf02f7,
0x2afdfd50,
0xcf462046,
0xfdf85004,
0xcf0a4620,
0xfdf34605,
0xcf8a4620,
0xfdee0a05,
0xcf1204cf,
0xfde95004,
0x06cfbdb0,
0x0d3cec81,
0xff212946,
0x05cfe1f7,
0x4204cf38,
0x08cffddc,
0xfdd71281,
0xcf034620,
0xfdd23805,
0xcf834620,
0xcfcd0a05,
0xfdc81409,
0xf73c2001,
0xcfb0f00b,
0x1d028705,
0x00238046,
0x884604af,
0x5a461646,
0xff461a21,
0x05cf33f7,
0xcf5a3edd,
0xfe2d6e05,
0xf73b2001,
0xfd09cff5,
0x24f7ff0a,
0xd006cffe,
0xa4f7ff7a,
0x2a4642fd,
0x9f0a05cf,
0x3add07cf,
0xfd9af7ff,
0x8107cf08,
0x88fd9528,
0x900a07cf,
0x8b1409cf,
0x3b2005fd,
0x40f7cef7,
0x05cf65f2,
0x30fd6910,
0x75f24060,
0x630c05cf,
0xbd6028fd,
0x9881f0e8,
0x00460ab5,
0x174604af,
0x8bf7ff21,
0xcf4620ff,
0xf7ff6e04,
0x4620fd6e,
0x8205cfb0,
0x20fd6928,
0x05cf8446,
0xfd646681,
0xcf064620,
0x5f528105,
0x864620fd,
0x5a0a05cf,
0x551409cf,
0x3b2006fd,
0xcff798f7,
0x05688806,
0x98af0046,
0x14460e46,
0xda212946,
0x46f7ffb2,
0x07f3c8fd,
0x2a462822,
0x02f3c821,
0x3ef7ff48,
0x2800e2fd,
0x02212b46,
0x420278f0,
0x4212c6ea,
0xd20208ea,
0x32f7ffb2,
0x43f3c6fd,
0x05cf2803,
0xf7ff00ab,
0x2380fda6,
0xaa05cf28,
0xa0f7ff38,
0x282300fd,
0x38aa05cf,
0xfd9af7ff,
0xcf004628,
0xfd1a0a05,
0xf73b2001,
0xe8bdf75d,
0xb5b081f0,
0xaf0022ff,
0x46052118,
0xfd82f7ff,
0x22ff4604,
0x46282117,
0xfd7cf7ff,
0x2004ea40,
0xb5b0bdb0,
0x349005cf,
0x2004cfaf,
0xf000fce4,
0xcf04027f,
0xff3a9107,
0xcffcf6f7,
0xf7394804,
0x900bcf64,
0xebf7ff5e,
0x2e1605cf,
0x00bdb0f7,
0xf0e92d29,
0x4f469947,
0x080301f0,
0x05cf64bf,
0x46164283,
0xf2404698,
0xf24065b3,
0x46296ab7,
0x22003501,
0xb2ad4620,
0xfcd0f7ff,
0xd1f64555,
0x38b206cf,
0xcfaff7ff,
0xcf056a05,
0x04cf6a05,
0x40fcc110,
0x04f73b46,
0x200133f7,
0xfd06cf46,
0xf0f00366,
0x30f7ff03,
0x20464bfd,
0xfd06cf46,
0x29f7ff64,
0x5c8405cf,
0x61b3f240,
0xfca8f7ff,
0xb805cf20,
0xff61b442,
0xcffca2f7,
0x61b51806,
0xcf9cf7ff,
0x61b61807,
0xfc96f7ff,
0x027ff065,
0x8109cf20,
0x05cf8e3a,
0xbdf6d166,
0x1087f0e8,
0x4f0f40f0,
0x0003dcf0,
0x08003ff0,
0x802364bf,
0x80eb03b5,
0x80af0000,
0x4f28dbbd,
0x9802dcf0,
0x4f2264bf,
0xa00340f0,
0x4f0002eb,
0x980204f0,
0x802300bf,
0xf2fb90b5,
0x18af00f0,
0x80b2c043,
0x800643bd,
0x08af00b5,
0x4204cfd5,
0x0040eb00,
0xf2000040,
0xb2801049,
0x2810bd80,
0x06cfd804,
0xf6309612,
0x200acfe7,
0xe7ef3095,
0x7fa4f5b0,
0xf04fb580,
0xaf000306,
0xf46fd908,
0x441072a4,
0xf0f3fb90,
0x0040f040,
0xf65604cf,
0x96d80328,
0x1204cf38,
0x3895e7f7,
0xf241e7fa,
0xf241736f,
0x42987170,
0x1294f241,
0x460abf88,
0x16810acf,
0xcf880241,
0x00168111,
0x03010000,
0xff010101,
0x40001003,
0xcf7a0c00,
0xff60a106,
0xcffffff0,
0xffff0805,
0x0f0404cf,
0xcf1010cf,
0xb5802020,
0x7165f44f,
0xf7ffaf00,
0xf000fbd2,
0xbd80000f,
0x22c0b598,
0x2154af00,
0xf7ff4604,
0xf3c0fc56,
0xb1581087,
0x7aba06cf,
0xcf4ef7ff,
0x28011005,
0x30fff04f,
0x2001bf08,
0xb5f8bd98,
0xaf004606,
0x2500460c,
0x429d8963,
0x7925db48,
0x46302140,
0x016d7822,
0x1582ea45,
0x431578a2,
0xfba5f7ff,
0xf020b26d,
0xea450067,
0x04cf0200,
0xffb2d21e,
0x23fbb5f7,
0x03463089,
0xc3214322,
0xff2301f3,
0x23fc28f7,
0xff46307a,
0xff214222,
0x63fc22f7,
0x3f463078,
0xff214122,
0xa3fc1cf7,
0x0c04cf79,
0xf003215b,
0xf7ff033f,
0x88e3fc14,
0x5c2804cf,
0x87f3c321,
0x0cf7ff13,
0x307963fc,
0x5b228046,
0x0301db21,
0xff0380f0,
0xe3fc03f7,
0x4422ff78,
0xff463021,
0xf8fbfdf7,
0x0568e3bd,
0x896187f5,
0x5a4630b2,
0xff35015d,
0xa9fb78f7,
0x83b5f0e7,
0x6c460eb0,
0x02460421,
0x55f7ffaf,
0x004605fb,
0x6c02dff0,
0x648105cf,
0xf045fb68,
0x216c0220,
0x5e8e06cf,
0xcf40fb61,
0xcf431605,
0x027f2405,
0x560e06cf,
0x05cf65fb,
0x2406cf0c,
0x230afb4f,
0xe905cf43,
0xed06cf18,
0x05fb6178,
0x01f06f1e,
0x20f04f03,
0x43f04f02,
0x18462001,
0xff461dbf,
0xc0fbaff7,
0x6f1047f3,
0x000302f0,
0x1204cf28,
0x2280b996,
0xff3804cf,
0x03fba2f7,
0x4fd50106,
0xcf35fff0,
0x18d08107,
0x9ff7ff21,
0x044628fb,
0xf046bd37,
0x022e01bd,
0x412280d1,
0x40e7e921,
0x05cf4122,
0xc0fb8a30,
0x001087f3,
0xe4d0e728,
0x8106cfe7,
0x460d6cf7,
0x4903af00,
0xff37f7ff,
0x8a05cf29,
0xb0ff8e48,
0xcf79f8bd,
0xcf248406,
0xf8709e38,
0x2a9305cf,
0x4a394604,
0x28004d3a,
0x4615bf18,
0xd12f2901,
0xfba3f7ff,
0xf7ff4628,
0xf000fab2,
0xf1b07040,
0xd10c7f40,
0x08cf4b33,
0x681b26bb,
0xbfb82b00,
0xbfa82380,
0xf7ff2340,
0xcf00fb3d,
0xae308105,
0x05cf06ff,
0xcf986e90,
0xd1063409,
0x22bb0acf,
0xfb29f7ff,
0x3b0604cf,
0xf84630fb,
0x182903bd,
0x71f7ffd1,
0x806405cf,
0x1a640bcf,
0x0b6417cf,
0xcc2101fb,
0x05cf02e7,
0x05cf5636,
0x0bcf6536,
0x17cf0c36,
0x02faf036,
0x00e7b121,
0x01461122,
0x06f81df0,
0x05cfc146,
0x06cf30aa,
0x8478ca81,
0x2df00600,
0x0e4ff0e9,
0x00b09146,
0x04469023,
0x1a497546,
0xb8af0046,
0x400f02f1,
0x518088f0,
0x070023f8,
0x450508f1,
0x010023f8,
0xf22b0e33,
0xfcf8dfd1,
0xdf2500a1,
0xdf91acf8,
0xcfb1f4f8,
0xcf409e06,
0xd1042e04,
0x5038f8d9,
0xf8c91c6b,
0x35013038,
0x46294650,
0xfd22f7fe,
0xd16f2e01,
0xf7ff4620,
0x06cffaff,
0xff1f1e82,
0x46204601,
0xf7ff6079,
0x6879faba,
0xd05b2900,
0xf7fe485a,
0x04cffd0e,
0x58d04c48,
0x08f7fe48,
0x8406cffd,
0x01fa0028,
0xfe485546,
0x4ffd00f7,
0xcf7165f4,
0xf9f71204,
0x48514601,
0xfcf7f7fe,
0xcf64f44f,
0xf9ee1205,
0x484e4601,
0xfceef7fe,
0x3191f240,
0xe51204cf,
0x4a4601f9,
0xe5f7fe48,
0x92f240fc,
0xdc1205cf,
0x474601f9,
0xdcf7fe48,
0x93f240fc,
0xd31205cf,
0x434601f9,
0xd3f7fe48,
0x2a2e01fc,
0x41d15f46,
0xfe68b948,
0xb8fcccf7,
0x960f02f1,
0x004a35d1,
0x08f10723,
0x23f85101,
0x23f84210,
0x0e330110,
0x44d1f62b,
0x049d07cf,
0x0008f107,
0x2023f840,
0x68bbe778,
0x33014834,
0xe79f60bb,
0xcf142e03,
0x8d648105,
0x05cf01fa,
0xfead3a81,
0x648108cf,
0x6879fa48,
0x482bb109,
0x68fbe78d,
0x3301482b,
0xe78860fb,
0x2e07cf02,
0xcf31fa76,
0x96108405,
0x312e09cf,
0x222e05cf,
0x3be77648,
0x01465869,
0x71613b33,
0x9508cfe7,
0x40f00070,
0x0207c2ff,
0x01697bd4,
0x83617b33,
0x66f53f07,
0x0169bbaf,
0x6161bb33,
0x022e03e7,
0xf94815d1,
0x02e79c68,
0x14d1022e,
0x97693948,
0x136979e7,
0x62f7fe48,
0x12462afc,
0x8f69b948,
0x207c2ce7,
0x207facf1,
0x208072f1,
0x208081f1,
0x20808df1,
0x208099f1,
0x2080a5f1,
0x2080b1f1,
0x2080bdf1,
0x2080c9f1,
0x207fcaf1,
0x207fe8f1,
0x20800af1,
0x20802cf1,
0x2080e8f1,
0x20810bf1,
0x20812ff1,
0x20814ef1,
0x207f98f1,
0x20804ff1,
0x4c3c0af1,
0x20706f6f,
0x6e756f63,
0x203d2074,
0x0a3e6425,
0x79687000,
0x73696220,
0x32332074,
0xcf69622d,
0x3d201706,
0x4146203e,
0x1acf4c49,
0x5341501e,
0x1e0bcf53,
0x20776f6c,
0x1ccf3631,
0x2213cf40,
0x68440fcf,
0xcf686769,
0x14cf451f,
0x4606cf23,
0x53212121,
0x616d6d75,
0x21217972,
0x30000a21,
0x33343078,
0x782304cf,
0x330c04cf,
0x0bcf3439,
0x0bcf300c,
0x0bcf310c,
0x0bcf320c,
0x3c08cf0c,
0xcf212121,
0x3e028211,
0x2f7904cf,
0xcf642520,
0x0ccf1f0e,
0x17cf6181,
0x810dcf23,
0x240ecf3f,
0x76616568,
0x6f6c5f79,
0x6e696461,
0xcf415f67,
0xcf421f1e,
0x00001f0d,
0x02b009cf,
0x4ff0e92d,
0xb089461e,
0x4614468a,
0xaf004bb1,
0x681d61b8,
0x0580f415,
0x681ad105,
0xdb4a2a00,
0x46a846a9,
0xf44fe005,
0xf44f4580,
0xf04f4900,
0x4aa90800,
0x613a2100,
0xf2426011,
0x681b3128,
0xf1ba4aa6,
0xbf180f00,
0xf0134611,
0xf44f4f80,
0x468b7348,
0x469bbf18,
0xf04f2e09,
0xbf080304,
0x1f73469b,
0xd86d2b03,
0x82b0f8df,
0x7541f641,
0x92ccf8df,
0x46402200,
0xf7ff4611,
0x2200f960,
0x46114604,
0xf7ff4648,
0x0c04cf5a,
0x93461140,
0x54f7ff48,
0x014020f9,
0x26d11528,
0x050302f0,
0x8fd10b2b,
0xfe260048,
0x30faf0f7,
0x07cf2446,
0xf44f1e87,
0xe7b14500,
0xd1012e06,
0xe7f04889,
0xe7ee4889,
0x5407cf01,
0xb158f936,
0x013806cf,
0xe24884d1,
0x832405cf,
0x83e7de48,
0x01e7dc48,
0x05cf4822,
0x0bcf2424,
0xd0487e24,
0x7d2405cf,
0x7de7cc48,
0x01e7ca48,
0xcf487322,
0xcf122404,
0x4878240b,
0x2405cfbe,
0xe7ba4877,
0xe7b84877,
0x707af44f,
0xf204f73b,
0xd1993d01,
0xe7b04874,
0xf73b4658,
0xb114f1fd,
0xf7fe4872,
0xb116fa9d,
0xf0402e09,
0x220080ba,
0x4a05cf6f,
0x2801f8ed,
0xf0404602,
0x46018223,
0xf7ff486b,
0x4606f8e5,
0xf0402800,
0xf1ba821b,
0xd1290f00,
0xd05f2c00,
0x46564866,
0xff73f7fe,
0x48644601,
0xfa7bf7fe,
0xb1dce03c,
0xf7fe4860,
0x4601ff6a,
0xf7fe4861,
0x04cffa72,
0x01ff630e,
0xfe485f46,
0xcffa6bf7,
0xff5c0604,
0x485c4601,
0xfa64f7fe,
0x550604cf,
0x584601ff,
0x5df7fe48,
0x1d2601fa,
0x352c00e0,
0xfe4850d0,
0x01ff4af7,
0xfe485646,
0xcffa52f7,
0xff430e04,
0x484f4601,
0xfa4bf7fe,
0x3c0604cf,
0x4c4601ff,
0x44f7fe48,
0x0604cffa,
0x4601ff35,
0xf7fe4848,
0x2200fa3d,
0x8105cf4a,
0x07cf9138,
0x81d43881,
0x48464601,
0xf889f7ff,
0xf0402800,
0xf1ba81cd,
0xd1420f00,
0x4841b324,
0xff1af7fe,
0x48404601,
0x4626e01c,
0xb1dce7e3,
0xf7fe483c,
0x4601ff11,
0x190804cf,
0x0604cffa,
0x4601ff0a,
0xf7fe4833,
0x4839fa12,
0xff03f7fe,
0x482f4601,
0xfa0bf7fe,
0xf7fe4837,
0x4601fefc,
0xf7fe482c,
0x2200fa04,
0x7205cf16,
0x7207cf58,
0x460181aa,
0xf7ff4811,
0x61f8f850,
0xa27404cf,
0x797405cf,
0x002c00d1,
0x0b8094f0,
0xdef7fe48,
0x274601fe,
0x00e08b48,
0x1fd0e02c,
0xd6f7fe48,
0x244601fe,
0x00e7c348,
0x00e7d826,
0x060084bf,
0x208174f0,
0x0dbba0f1,
0x2330a000,
0x209185f0,
0x209174f1,
0x209180f1,
0x209192f1,
0x2091a3f1,
0x2091b3f1,
0x2091c9f1,
0x2091daf1,
0x2091eaf1,
0x209200f1,
0x209211f1,
0x209221f1,
0x209237f1,
0x211650f1,
0x2310a0f1,
0x2390a0f0,
0x2092a3f0,
0x209241f1,
0x2310a4f1,
0x21bf81f0,
0x2310a8f1,
0x04cfacf0,
0xf120920c,
0xf02320a0,
0xf1209329,
0x2004cfc1,
0xa8f02320,
0xacf02320,
0xb1f02320,
0x05f12093,
0x00f12093,
0xa3f43f2c,
0xfe48acae,
0x01fe84f7,
0xfe48ab46,
0xaaf98cf7,
0x7df7fe48,
0xa94601fe,
0x85f7fe48,
0x0604cff9,
0x4601fe76,
0xf7fe48a6,
0x04cff97e,
0x01fe6f06,
0xfe48a246,
0x85f977f7,
0x9db1dce6,
0x66f7fe48,
0xa14601fe,
0x6ef7fe48,
0xfe489bf9,
0x01fe5ff7,
0xfe489a46,
0xcff967f7,
0xfe580604,
0x48974601,
0xf960f7fe,
0x510604cf,
0x934601fe,
0x59f7fe48,
0x7f2e00f9,
0x08ae66f4,
0xfb3380f5,
0x10f50960,
0x0560bb23,
0x7b1388f5,
0x1b693b61,
0x342b0068,
0x0169bbd1,
0x8cd1022b,
0x1a22814b,
0x094b8c60,
0x08290ff5,
0x09487ff5,
0x8979fcf6,
0xfcf1084c,
0x8cf50508,
0x39f24315,
0x78f8df00,
0x79681ae2,
0x02fb0469,
0x03fb0403,
0x0ef3c302,
0x0eea0243,
0x0cea430c,
0x04f84103,
0x4942a93b,
0x483f04f8,
0xed3f04f8,
0x1a4b7ad1,
0xcf220160,
0x69bb0604,
0xd1024293,
0x69ba4b75,
0xf8df601a,
0x24009220,
0x46252305,
0xa220f8df,
0xf8df61bb,
0x487281a0,
0xf7fe68f9,
0xf44ffdfe,
0x48704100,
0xfdf9f7fe,
0x8f05cf70,
0x05cff51e,
0xfe486e12,
0x6dfdf0f7,
0xfe697948,
0x05cfecf7,
0xfe486b12,
0x43fde7f7,
0x6a71e5f6,
0xe2f7fe48,
0x680a05cf,
0xddf7fe48,
0x670a05cf,
0xd8f7fe48,
0xcf4966fd,
0xfdd40804,
0x48662130,
0xfdd0f7fe,
0x48652130,
0xfdccf7fe,
0x46482103,
0xfdc8f7fe,
0x46502103,
0xfdc4f7fe,
0x46402103,
0xfdc0f7fe,
0x485e2107,
0xfdbcf7fe,
0xf73b4658,
0xcf00f01d,
0xfe1e8805,
0x01ff15f7,
0x76460228,
0xcf4601d1,
0xff0e3604,
0xd1702800,
0xcf502200,
0xcf071c05,
0xd16a1c05,
0x04cf4601,
0x00ff004a,
0xcfd16428,
0xfe4e8906,
0xcffef9f7,
0xd15f1c04,
0x04cf4601,
0x00fef25e,
0x00d15928,
0xcf484622,
0xfeeb1c04,
0x22004603,
0x48444611,
0xf7fe607b,
0x2200fee4,
0x46116138,
0x8505cf41,
0xfa687b4a,
0x93b11269,
0x8ff47f42,
0x3ab11dad,
0x7f42aa69,
0x14ad8af4,
0x7f42a0b1,
0xbaad86f4,
0xba3a0169,
0x81f43f61,
0x3d4604ad,
0x6261fb69,
0x00f1bae7,
0xeff47f0f,
0x3f2c00ad,
0x31ae09f4,
0x57f7fe48,
0x304601fd,
0x46e5eb48,
0xcf0602f0,
0xae391e06,
0x531e04cf,
0xfe482cae,
0x01fd48f7,
0x35482b46,
0x04f046e6,
0xb51e07cf,
0x581e05cf,
0xfe4806ad,
0x01fd39f7,
0xb3482446,
0x8c2601e6,
0x4004cfe7,
0x04cfe797,
0xa0e7a228,
0x49f02330,
0xa4f12093,
0x8507cf30,
0xf0233074,
0xf02330ac,
0xf120938d,
0xf0010020,
0xf1208170,
0x41c64e6d,
0xf1208174,
0xf0231064,
0xf0231068,
0xf0232064,
0xf0232068,
0xf0233064,
0xf0233068,
0xf0231060,
0xf0232060,
0xf0233060,
0x00100030,
0xf0231054,
0xf0232054,
0xf0233054,
0xf023105c,
0x0404cf6c,
0x6cf02320,
0xa0f02330,
0x63f02310,
0x508607cf,
0xf12092e5,
0xf120936d,
0x7fff0000,
0x4ff0e92d,
0x4604b085,
0x461d468a,
0xaf002301,
0x60ba48c7,
0x4611221c,
0xfe52f7fe,
0x23002210,
0x48c44611,
0xfe4cf7fe,
0xf73a2001,
0x06cff73b,
0xbf6ae781,
0x43f7fe48,
0x321205cf,
0x004bbdf7,
0x9ef0002c,
0xdf227780,
0x1a9390f8,
0x8cf8df60,
0x00f44f83,
0x00f44942,
0x00f8d870,
0x8d06cf30,
0x18238036,
0x084614bf,
0x09461cbf,
0x80f44f2d,
0x0a04cf53,
0xfcabf7fe,
0xf00068bb,
0xf100001f,
0x4aac0608,
0x011b48ad,
0x0b03eb02,
0x461158d2,
0xf7fe603a,
0xf8dbfca0,
0x48a83004,
0x60fb4619,
0xfc99f7fe,
0x3008f8db,
0x461948a6,
0xf7fe607b,
0xf8dbfc92,
0x48a3b00c,
0xf7fe4659,
0x683afc8c,
0x8405cfa2,
0xa1fc8706,
0x768505cf,
0x687bfc83,
0x4619489f,
0xfc7ef7fe,
0x489e4659,
0xfc7af7fe,
0xcf9d683a,
0xfc752405,
0x2405cf9c,
0x687bfc71,
0x2405cf9a,
0xcf99fc6c,
0xfc684805,
0xd607cf48,
0xfe819522,
0x00fc5df7,
0xab7040f0,
0x40f1b01f,
0xabf0007f,
0x302b0280,
0x902100d8,
0x54f7fe48,
0x80f44ffc,
0xfe488e31,
0x4ffc4ff7,
0x8d5100f0,
0x4af7fe48,
0x8b1405cf,
0x45f7fe48,
0x40f04ffc,
0xfe488a51,
0x05cf40f7,
0xfe488814,
0x07fc3bf7,
0x06d0302d,
0xd0f0402d,
0x86498581,
0x32f7fe48,
0x0806cffc,
0x4985fc2e,
0x2207e02c,
0x925cf8df,
0xe760601a,
0x48772100,
0xcf23f7fe,
0x48765805,
0xcf1ef7fe,
0x48740a05,
0xcf19f7fe,
0x48730a05,
0xfc14f7fe,
0x4180f04f,
0xf7fe4871,
0x1405cf0f,
0xf7fe4870,
0x2d05fc0a,
0x4973d1cc,
0xf7fe486f,
0xcf72fc04,
0xfc000805,
0x48724971,
0xfbfcf7fe,
0x2b2768bb,
0xf04fdd25,
0x04cf3111,
0x6efbf418,
0xf02005cf,
0x20f04ffb,
0xfe486d31,
0x61fbebf7,
0xe4f7fe48,
0x00f440fb,
0xfe485e41,
0x5ffbe3f7,
0xdcf7fe48,
0x5c1005cf,
0xdbf7fe48,
0xfe4860fb,
0x05cfd4f7,
0xfe485d10,
0x61fbd3f7,
0x3204cf49,
0x30fb00cf,
0x1a04cf21,
0x2130fbcb,
0xc73204cf,
0x05cf03fb,
0xfbc37287,
0x04cf2103,
0x03fbbf28,
0x4004cf21,
0x485cfbbb,
0xbf082d04,
0xbf184629,
0xf7fe2107,
0xcf14fbb3,
0xd8689007,
0x111000f8,
0x320180f4,
0x4f2b02d0,
0x380100f0,
0xfed81648,
0x4ffba3f7,
0x363180f4,
0x9ef7fe48,
0x002001fb,
0x34f606fa,
0x80f44648,
0x96f7fe31,
0x311a05cf,
0x91f7fe48,
0x00f5a6fb,
0xfee74a41,
0x4ffb8cf7,
0x2a5100f0,
0x87f7fe48,
0x282e07cf,
0x00f04648,
0x7ff7fe51,
0x261a05cf,
0x7af7fe48,
0x70f106fb,
0xd8e76441,
0x002000f8,
0x8cf2802a,
0x02200180,
0x2c04cf2b,
0x4631481b,
0xf7fed870,
0x5a05cf69,
0xf7fe4819,
0x04cffb64,
0xfe48173e,
0x05cf5ff7,
0xfe481614,
0x46fb5af7,
0x134180f0,
0x8cbf00e7,
0xacf00200,
0x00f00200,
0xc4f02300,
0xd0f1208e,
0xd4f02310,
0xd8f02310,
0xdcf02310,
0xd0f02310,
0xd4f02320,
0xd8f02320,
0xdcf02320,
0xd0f02320,
0xd4f02330,
0xd8f02330,
0xdcf02330,
0xcff02330,
0xe14c8718,
0x60000f3f,
0xe1f02310,
0x60000f38,
0xe1f02320,
0xf1000f3e,
0xf1000f3f,
0xf1000f38,
0x60000f3e,
0x90f02330,
0x78f02310,
0x90123456,
0x90f02320,
0x748713cf,
0x508e05cf,
0xa0f02320,
0x008807cf,
0xcf210000,
0x00189d05,
0xfef02000,
0x4ffaf8f7,
0x545100f0,
0xf3f7fe48,
0x00f046fa,
0xfe485351,
0x05cfeef7,
0xfe485114,
0x46fae9f7,
0xd34180f0,
0x3f2b02e6,
0x4eaebcf6,
0xe0f7fe48,
0x80f44ffa,
0xfe484831,
0x05cfdbf7,
0xfe484726,
0x05cfd6f7,
0xfe484514,
0x4ffad1f7,
0x8a4180f0,
0xc8f7fee6,
0x3a9e09cf,
0x04cfd016,
0xfe483f28,
0x21fac2f7,
0xfe483a46,
0x3cfabef7,
0xfe483949,
0x21fabaf7,
0xfe483846,
0x39fab6f7,
0x1804cf49,
0x4621fab2,
0xf8d8e6a2,
0x025b3000,
0x4651d518,
0xf7fe4832,
0x4621faa8,
0xf7fe482d,
0x2101faa4,
0xfa01482c,
0xf446f606,
0xeba61180,
0xf7fe0654,
0x4621fa9a,
0xf7fe4828,
0xf446fa96,
0xe7dd1100,
0x003a04cf,
0xcfda142b,
0x22708306,
0xfe463148,
0x21fa88f7,
0xfe481d46,
0xcffa84f7,
0x481b3804,
0xfa7ff7fe,
0xcf1a4621,
0xe3709305,
0x194651e7,
0x76f7fe48,
0x144621fa,
0x709305cf,
0x1180f44f,
0xf7fe4812,
0x4621fa6d,
0xf7fe4811,
0xf44ffa69,
0xe7b01100,
0xd10c2d09,
0x71c1f643,
0x5f1404cf,
0xd1f643fa,
0xfe481001,
0x43fa5af7,
0x5761c1f6,
0x0b490ee6,
0x53f7fe48,
0x0a490dfa,
0x4ff7fe48,
0x4d490cfa,
0xcfbf00e6,
0xcf50830d,
0x10788205,
0x20000020,
0x0bcf6420,
0x3fc1248b,
0x38d10008,
0x3ec10008,
0xe92d0008,
0xcf9847f0,
0x0d26a205,
0xfe461646,
0xb8fad9f7,
0x160f05f1,
0x18f8dfd1,
0x00f04f91,
0x48464108,
0x28f7fd46,
0x002305fd,
0xa306cf22,
0x05fd2c1a,
0xcf463223,
0xf9d60c06,
0x0801f108,
0xf1b8e7ec,
0xd1220f06,
0x90e4f8df,
0xcf2a2305,
0x04cf2805,
0x16f7ff3c,
0xc02c0bcf,
0x4c06cff9,
0xcf06fd02,
0xf7ff2407,
0xcf06fd06,
0xcfb02009,
0xcf074c09,
0x98008105,
0x810acf90,
0x07fce800,
0xec3409cf,
0x09cf07fc,
0x09cf9634,
0x05cf0834,
0x0bcf6434,
0x08fcce34,
0xd23409cf,
0x09cf08fc,
0x07cf7c34,
0x00f04f34,
0x4a464309,
0xc11607cf,
0xcf4643fc,
0xf96b2208,
0xb1284682,
0xf7fe4620,
0x4650fa8e,
0x87f0e8bd,
0x0901f109,
0x0f2bf1b9,
0xe7f3d1e6,
0x93d1bf00,
0xfffff120,
0x08a909cf,
0xcf0805cf,
0x04cf0c0c,
0xfefffe08,
0x010001ff,
0xfdfffd00,
0x020002ff,
0xfbfffb00,
0x040004ff,
0xf7fff700,
0x080008ff,
0xefffef00,
0x100010ff,
0xdfffdf00,
0x200020ff,
0xbfffbf00,
0x400040ff,
0x7fff7f00,
0x800080ff,
0x4104cf00,
0x01000100,
0xfdfffdff,
0x02000200,
0xfbfffbff,
0x04000400,
0xf7fff7ff,
0x08000800,
0xefffefff,
0x10001000,
0xdfffdfff,
0x20002000,
0xbfffbfff,
0x40004000,
0x7fff7fff,
0x80008000,
0xfe7c04cf,
0x05cffeff,
0xfdfffd7c,
0xfb7c05cf,
0x05cffbff,
0xf7fff77c,
0xef7c05cf,
0x05cfefff,
0xdfffdf7c,
0xbf7c05cf,
0x05cfbfff,
0x7fff7f7c,
0x7c05cfff,
0xcffefffe,
0xfffd7c05,
0x7c05cffd,
0xcffbfffb,
0xfff77c05,
0x7c05cff7,
0xcfefffef,
0xffdf7c05,
0x7c05cfdf,
0xcfbfffbf,
0xcfff7c04,
0xffff4104,
0x008205cf,
0x020804cf,
0x05cf0200,
0x04000408,
0x080805cf,
0x05cf0800,
0x10001008,
0x200805cf,
0x05cf2000,
0x40004008,
0xcf0805cf,
0xff008205,
0x8106cfff,
0x0804cf04,
0xcf020002,
0x00040805,
0x0805cf04,
0x05cf0008,
0x58cf42c8,
0x0805cf5c,
0xcf100010,
0x00200805,
0x0805cf20,
0xcf400040,
0x00800805,
0x0804cf80,
0xffffefff,
0xffffdfff,
0xffffbfff,
0x6e8105cf,
0xfffffffe,
0xfffffffd,
0xfffffffb,
0x1f1fcff7,
0x004806cf,
0x00004000,
0x00002000,
0x00001000,
0x00000800,
0x00000400,
0x0fcf05cf,
0x1fcf0001,
0x8f00001f,
0xec6e5159,
0x61ee49ba,
0xd1976139,
0x088420f7,
0xa655c64a,
0x467c4a78,
0xa2d49499,
0x55dcb753,
0xcf555555,
0xaa10cd05,
0x04cfaaaa,
0x61657208,
0x6f642064,
0x0a0d656e,
0x2f0c05cf,
0x74697277,
0x1208cf65,
0x20304843,
0xcf1106cf,
0xcf2eda07,
0x05cf1104,
0x100fcf33,
0xcf3707cf,
0xcf311609,
0xcf313710,
0x06cf370f,
0x3710cf10,
0x3710cf32,
0x370fcf32,
0xcf1006cf,
0x6974370e,
0x756f656d,
0x000a0d74,
0x70a10ecf,
0x20424732,
0xd205cf3d,
0xa40acf05,
0x220dcf14,
0xcf1e1ecf,
0x06cf400f,
0x18cf31a4,
0x1e13cf40,
0x22cf325f,
0x325f0281,
0xcf2020cf,
0xcf068122,
0x14cf440d,
0x23cf3320,
0xcf330881,
0x23cf2020,
0x0ccf0881,
0x2006cf44,
0x706f6f6c,
0x20642520,
0x05cf2020,
0x9e6c77d2,
0x9e48f120,
0x9e24f120,
0x9e00f120,
0x94e8f120,
0x94a0f120,
0x9458f120,
0x9410f120,
0x950cf120,
0x94c4f120,
0x947cf120,
0x9434f120,
0x007ff120,
0x04cf0000,
0x0808cf04,
0xcf1010cf,
0x01ab0404,
0x01ac0000,
0x01ad0000,
0x01ae0000,
0x01af0000,
0x01b00000,
0x01b10000,
0x01b20000,
0x01b30000,
0xcf4422cf,
0x01990404,
0x019a0000,
0x019b0000,
0x019c0000,
0x019d0000,
0x019e0000,
0x019f0000,
0x01a00000,
0xcfa10000,
0x01874827,
0x01880000,
0x01890000,
0x018a0000,
0x018b0000,
0x018c0000,
0x018d0000,
0x018e0000,
0xcf8f0000,
0x01754827,
0x01760000,
0x01770000,
0x01780000,
0x01790000,
0x017a0000,
0x017b0000,
0x017c0000,
0x017d0000,
0x96a40000,
0x9638f120,
0x95ccf120,
0x9560f120,
0x96c8f120,
0x965cf120,
0x95f0f120,
0x9584f120,
0x96ecf120,
0x9680f120,
0x9614f120,
0x95a8f120,
0xcf01f120,
0x03288807,
0x348807cf,
0x00000005,
0x00000006,
0x0808cf07,
0xcf2007cf,
0xcf081c04,
0x20608807,
0x708807cf,
0x788808cf,
0xbf0804cf,
0x0404cf01,
0xcf0808cf,
0xcfbd100e,
0xcf010404,
0x08cf6012,
0x0ccf70a8,
0x10cf0081,
0x2008cf60,
0x00810ccf,
0x04cf01bc,
0x0808cf04,
0xcf600acf,
0x4ccf0808,
0xcf01b96c,
0x08cf0404,
0xba000008,
0xcf0404cf,
0x07cf0808,
0x6c48cf08,
0x04cf01b6,
0x0808cf04,
0xcfb70000,
0x08cf0404,
0x0807cf08,
0xf1209914,
0xf12098a8,
0xf120983c,
0xf12097d0,
0xf1209938,
0xf12098cc,
0xf1209860,
0xf12097f4,
0xf120995c,
0xf12098f0,
0xf1209884,
0xf1209818,
0xf1209efc,
0xf1209ed8,
0xf1209eb4,
0xf1209e90,
0xf1209a58,
0xf1209a10,
0xf12099c8,
0xf1209980,
0xf1209a7c,
0xf1209a34,
0xf12099ec,
0xf12099a4,
0xf1209f8c,
0xf1209f68,
0xf1209f44,
0xf1209f20,
0xf1209b78,
0xf1209b30,
0xf1209ae8,
0xf1209aa0,
0xf1209b9c,
0xf1209b54,
0xf1209b0c,
0xf1209ac4,
0xf1209d04,
0xf1209c98,
0xf1209c2c,
0xf1209bc0,
0xf1209d28,
0xf1209cbc,
0xf1209c50,
0xf1209be4,
0xf1209d4c,
0xf1209ce0,
0xf1209c74,
0x06cf9c08,
0x1ccf24b7,
0x04cf7484,
0x8214cf10,
0x820ccf1c,
0x1004cf3c,
0x04cf0875,
0x0808cf04,
0x001010cf,
0x07cf7600,
0x44cf31db,
0xcf08726c,
0x08cf0404,
0x1010cf08,
0xcf730000,
0x086f6c4b,
0xcf0404cf,
0x10cf0808,
0x70000010,
0x6c6c4bcf,
0x0404cf08,
0xcf0808cf,
0x00001010,
0x0000086d,
0x04cf001f,
0x0808cf04,
0xcf1010cf,
0x079b0806,
0x079c0000,
0x079d0000,
0x079e0000,
0x079f0000,
0x07a00000,
0x07a10000,
0x07a20000,
0x07a30000,
0x924826cf,
0x93000007,
0x94000007,
0x95000007,
0x96000007,
0x97000007,
0x98000007,
0x99000007,
0x9a000007,
0x894827cf,
0x8a000007,
0x8b000007,
0x8c000007,
0x8d000007,
0x8e000007,
0x8f000007,
0x90000007,
0x91000007,
0x804827cf,
0x81000007,
0x82000007,
0x83000007,
0x84000007,
0x85000007,
0x86000007,
0x87000007,
0x88000007,
0x8b26cf07,
0x0001a238,
0x0001a300,
0x0001a400,
0x0001a500,
0x0001a600,
0x0001a700,
0x0001a800,
0x0001a900,
0x27cfaa00,
0x0190008c,
0x01910000,
0x01920000,
0x01930000,
0x01940000,
0x01950000,
0x01960000,
0x01970000,
0xcf980000,
0xcf7e4827,
0x00012804,
0x00018000,
0x00018100,
0x00018200,
0x00018300,
0x00018400,
0x00018500,
0x27cf8600,
0x00016c48,
0x00016d00,
0x00016e00,
0x00016f00,
0x00017000,
0x00017100,
0x00017200,
0x00017300,
0x07cf7400,
0x1ccf4db4,
0x0ccf2c85,
0x8518cf20,
0x2004cf2c,
0x04cf01be,
0x0808cf04,
0xcf1010cf,
0xcf688c06,
0x01bb6c48,
0xcf0404cf,
0x10cf0808,
0x8c06cf10,
0x6c48cf74,
0x04cf01b8,
0x0808cf04,
0xcf1010cf,
0xcf748c06,
0x01b56c48,
0xcf0404cf,
0x10cf0808,
0x8c06cf10,
0xe508cf74,
0x0808cf56,
0xcf4804cf,
0x08cf3c04,
0xcf086a08,
0x00000404,
0x0404cf6b,
0xff000008,
0x0404cf00,
0x000808cf,
0x0008e100,
0x0008e200,
0x0008e300,
0x13cfe400,
0x07784088,
0x07790000,
0x077a0000,
0xcf7b0000,
0x74088713,
0x75000007,
0x76000007,
0x77000007,
0x5d8108cf,
0xe36381cf,
0x6a81cf70,
0x1acf6a81,
0xf8e92d1a,
0xc706cf4f,
0x11469b5e,
0x2869a346,
0xd7461646,
0x989028f8,
0x821c4347,
0x492b0146,
0x4f2800d8,
0x180301f0,
0x982300bf,
0xbbd00546,
0x6f0f00f1,
0xfff04fd0,
0xb9e03c3a,
0x4f0f00f1,
0x1833fff0,
0x992301bf,
0x9b692346,
0x31464ab1,
0x23462846,
0x83479869,
0xa3b96046,
0x0e04cf69,
0x014a04cf,
0xb5f2002b,
0x01f04f80,
0xec280008,
0x6346d8d0,
0xb8b38b69,
0x1d0f00f1,
0x00f04fd1,
0x00f1c908,
0x3a06cf09,
0x47986963,
0x380bcf70,
0x2b014682,
0x810dcf08,
0x08d1ea02,
0x503afff1,
0xf8e8bd46,
0x340acf8f,
0xd1f52800,
0x7e6e0ccf,
0xef2800d8,
0xcfe7d0d0,
0xd1e86404,
0x23600acf,
0xdd2c05cf,
0xcf2c0bcf,
0xcfd76204,
0xd1e9620d,
0x08cfe7cd,
0xcf085a81,
0x235a8107,
0x400acfb3,
0x208110cf,
0x810fcfb8,
0xc706cf20,
0x00f1c91e,
0x3208cf02,
0x4a1db128,
0x6af9481d,
0xfb54f7fc,
0x6963e7fe,
0x8207cfb3,
0x8106cf28,
0x0fcf963a,
0xcf900e81,
0x860e810f,
0x810ccfe7,
0x7ff47f3c,
0x300ecfaf,
0xaf78f63f,
0xe7320ccf,
0x82e76dd1,
0x00e76d46,
0xcfa3a7bf,
0x4100e509,
0x4698b082,
0x44a806cf,
0xaf026803,
0xf894bb7b,
0xb17b3028,
0xf8942200,
0x4629302a,
0xe9cd4620,
0x46322800,
0xfef7f7ff,
0x69e3bb30,
0x06cfb113,
0x13686362,
0x3368a3bb,
0x29f894bb,
0x01b17b30,
0x2bf89422,
0xe02e0dcf,
0x23b978fe,
0x2e08cf6a,
0xb9bb68e3,
0xb9db6a63,
0xe0042000,
0x1205cf11,
0xd0ca2800,
0x64e606cf,
0x002206cf,
0xf6d0d728,
0x0c08cfe7,
0xcff0d0d3,
0xd0e20c09,
0x0c07cfea,
0xc0c0e7df,
0x4ff0e59f,
0xb020e92d,
0xd03ce28d,
0xa000e24d,
0x9054e1a0,
0x8044e24b,
0x000fe24b,
0x7034e89c,
0x60a0e24b,
0x000fe59f,
0x3010e889,
0xc020e28c,
0x000fe28c,
0x5000e893,
0x000fe5d6,
0x04cfe888,
0x55000024,
0x87000fe3,
0x00001be8,
0xa040051a,
0xa03001e1,
0xa0000ae3,
0x0b3058e1,
0xa03104e5,
0xd82104e1,
0x9910b3e7,
0xfff409e1,
0x972104fa,
0x9f3054e7,
0xa00250e5,
0xef0070e1,
0xc40003e6,
0x833004e7,
0x0804cfe2,
0xe2844001,
0xe51b3058,
0xe3540004,
0xe1855013,
0x1affffed,
0xe355000f,
0x05c63000,
0x0a000004,
0xe59f2020,
0xe59f1020,
0xe59f0020,
0xfafff131,
0xeafffffe,
0xe24bd020,
0xe8bd8ff0,
0xf120a360,
0xf1209fe0,
0xf1209fe1,
0xf120a3d6,
0x8307cf90,
0x0007c110,
0x0404cf00,
0x030808cf,
0x0c000000,
0x30000000,
0xc0000000,
0x188707cf,
0x588c08cf,
0x00000006,
0x70726464,
0x625f7968,
0x5f657479,
0x70617773,
0x6568635f,
0x07cf6b63,
0x4f4354e3,
0x4e4f4d4d,
0x78e306cf,
0xe405cf5f,
0x41465f4f,
0x5f5f4c49,
0x52414f43,
0x4e5f4553,
0x50535f4f,
0xcf454341,
0x59422f07,
0x535f4554,
0x5f504157,
0x43454843,
0x2c05cf4b,
0x7cc408cf,
0x4681b087,
0x6c3daf00,
0x6c7c607a,
0x617960fb,
0x3008f8d9,
0x68f94622,
0x47986978,
0x46236020,
0x462a6060,
0x60e060a0,
0x69786879,
0x6000f8d9,
0x613847b0,
0x4a70b128,
0x48714970,
0xf9e6f7fc,
0xe9d5e7fe,
0x1a9b2300,
0x42936a62,
0x2301db37,
0x3020f884,
0x6123682b,
0x686b61a3,
0x61e36163,
0x0b00f04f,
0x3010f8d9,
0x693b60bb,
0xd1042b01,
0x3014f8d9,
0xbb1404cf,
0xbb46d860,
0x210f00f1,
0x00f1b8d0,
0x94d0640f,
0xb93804cf,
0x3b3a0ccf,
0x0146c369,
0x3b2b0233,
0xa3d1de61,
0x9b68e268,
0x936aa21a,
0x54da6842,
0x5249544a,
0xa8f7fc48,
0x3be7fef9,
0x7004cf7c,
0x68bbe7cc,
0x68f968a2,
0x441a6978,
0xf8d96062,
0x47983004,
0x4623b940,
0x0acf462a,
0x28003681,
0xf04fd057,
0xe0430a01,
0x69e169a0,
0xbfa84291,
0x42834611,
0x1a09bfb8,
0xbfa86a60,
0x42811ac9,
0x6123db1f,
0x686346da,
0x616260a3,
0x0f00f1b8,
0x68bbd12e,
0x5605cfe2,
0x1acf1ad2,
0x04cf4356,
0xe0180856,
0xe03c6863,
0xe16004cf,
0xe246dae7,
0x616926e7,
0xb36407cf,
0x89bfb842,
0x05cf661b,
0xe842b164,
0x8061a3db,
0xe3686346,
0xd361e260,
0xcfe77e46,
0xe7fa0a04,
0x300cf8d9,
0x08cfb11b,
0x20007682,
0xb507cf1c,
0x20f8947e,
0x6a682ba0,
0x00f1ba68,
0x60d1a30f,
0x811ad16a,
0x23dbca42,
0x01f04f61,
0xa3616201,
0x4806cf61,
0x1020f884,
0xe7a560a3,
0x8020f894,
0xb82e04cf,
0xbe0f00f1,
0xce2e07cf,
0xa32e0dcf,
0x3008cf60,
0xa62ae7c0,
0xa604f120,
0x1c8506cf,
0xf120a63f,
0xf120a619,
0x6d6d6f63,
0x325f6e6f,
0x72765f64,
0x06cf6665,
0xcf0052e9,
0x72630b05,
0xcf73736f,
0x06cf1107,
0x52565484,
0x0acf4645,
0x0ccf7a84,
0x52414d15,
0x5f4e4947,
0x544e4143,
0x5441535f,
0x59465349,
0x4e494d5f,
0xcf1d05cf,
0x41748405,
0x4604b082,
0x46154688,
0xaf0248bc,
0xf6def738,
0x8107cf00,
0xf7fc36f3,
0xcf00fdd4,
0x36f38107,
0xfdcef7fc,
0x171804cf,
0xc81805cf,
0x8c1805cf,
0xc21805cf,
0x402300fd,
0xcf210122,
0xfe370c04,
0xcf032200,
0xfdb70a05,
0xcf242200,
0xcfb20a05,
0x5864d105,
0x4f2380d1,
0x1a61a0f4,
0x1404cf46,
0x2380fe23,
0xcf5cf240,
0xfc1ad405,
0x21fe1cf7,
0x23f24022,
0x0c04cf51,
0x23f0fd9b,
0xcf24f240,
0xfe0f1a07,
0xf7382001,
0x2380f7d7,
0xcf3f22c0,
0xcf064e05,
0xf7ce1205,
0xb44004cf,
0xfc4e07cf,
0x0e04cffd,
0x0e07cfb6,
0x04cffdf5,
0xcff7bd22,
0x60b2810a,
0xcfebf7fc,
0xf7b31405,
0xf2402340,
0x5c07cf2f,
0x1405cfe1,
0x2d0ff7a9,
0x462ad013,
0xf04f497e,
0x487e35ff,
0xf844f7fc,
0x06cf4628,
0x08cf308a,
0xfc149d82,
0x03fdc4f7,
0xa4d59e06,
0x4023ffe7,
0x07cf31f2,
0xcffdc140,
0xcf320e04,
0xcfba0e07,
0xcf330e05,
0xfdb30e07,
0xf24023e0,
0x0e05cf34,
0xf7fc2606,
0x1e05cfab,
0x1005cf35,
0xf7fc9600,
0x4605fd42,
0xd1ca2800,
0x361604cf,
0x371609cf,
0xbf1605cf,
0x371605cf,
0x2c1609cf,
0xb41605cf,
0x4f23e0d1,
0x05cfa7f4,
0x04cf5081,
0x05cf2116,
0x01d1a916,
0xff460326,
0x39f24022,
0x1806cf51,
0x1805cf15,
0x06cfd19d,
0x07cf3a16,
0x05cf0a16,
0x07cf9216,
0x07cf3b16,
0xcffcff16,
0xd1871604,
0x22e04603,
0xcf3cf240,
0xcff41607,
0xf47f1605,
0x4620af7c,
0xfa59f7fc,
0x06cf462a,
0xfc76f281,
0xcffccdf7,
0xcf690c04,
0xcfc70c05,
0xcf6a0c05,
0xcfc10c05,
0xcf6b0c05,
0xfcbb0c05,
0x0f00f1b8,
0x06cfd106,
0xcf44b681,
0x2c3e8206,
0x05cf20fd,
0xfc111578,
0xcffcabf7,
0xf44f0c04,
0xf7fc718b,
0x0c05cfa5,
0x1117f240,
0xcf9ff7fc,
0x718c1807,
0xcf99f7fc,
0x5cbc8207,
0xf7fc2101,
0xcf8ffd0e,
0x21030c05,
0xcf08f7fc,
0x21244805,
0xcf88f7fc,
0x68f63a06,
0x82f7fc01,
0x690c07cf,
0x7cf7fc01,
0x6a0c07cf,
0x76f7fc01,
0x6b0c07cf,
0x70f7fc01,
0x8208cffc,
0x515c0cab,
0xfce4f7fc,
0xf7384805,
0xe70af56a,
0xa982bf00,
0xa978f120,
0xa987f120,
0xa9b3f120,
0x6364f120,
0x74735f6b,
0x00747261,
0x6b63645b,
0x58494600,
0x07cf454d,
0x05cf58f0,
0x616d7c8b,
0xcf3d6b73,
0x6e5aab05,
0x7320746f,
0x6f707075,
0x79207472,
0x000a7465,
0x5d6b6364,
0x1c9451cf,
0x20008a0b,
0xaf00b580,
0x8a4b808b,
0xbd80810b,
0xcb1008cf,
0x4b8a4b80,
0x05cf8081,
0xcf801ae5,
0x261edf06,
0xf240780a,
0xf7fc71c1,
0xf814fbf9,
0xf2402b01,
0x464071e3,
0xcff2f7fc,
0xb2b50e05,
0x71c2f205,
0xb2894640,
0xf7fc3601,
0xf205fbe8,
0x464071c7,
0xb2897922,
0xfbe1f7fc,
0x7100f505,
0xb2897a62,
0xda3004cf,
0x05f205fb,
0xcf7ba221,
0xfbd30e06,
0xd1de2e05,
0x56e606cf,
0x510ff240,
0x4604af00,
0xfbaef7fc,
0x0202f080,
0xd21004cf,
0xfc4620b2,
0x01fbc0f7,
0x03f73820,
0x25f240f6,
0x468705cf,
0x0602fb9e,
0x0340f000,
0xfab3d504,
0x0940f083,
0xbd984240,
0x0001f06f,
0xed05cf98,
0x14461d2e,
0x00220246,
0x4b4606af,
0x00468878,
0x06bf182b,
0x00469122,
0x3fdb082d,
0x7bdc0b2d,
0x1e2b01b1,
0xeb06cfd0,
0x0083f852,
0x01d0f92c,
0xef35403c,
0xf42c40e7,
0x403401d0,
0xe3e7ec3d,
0x40221fb2,
0x3061a3f2,
0xfef7fc46,
0x49462afb,
0xa8463046,
0xfc4010f8,
0x30fa9af7,
0x3604cfb1,
0xa62206cf,
0xa8e7ed61,
0xcf5012f8,
0xb5981204,
0x888caf00,
0x894b890a,
0x1284eb02,
0xeb0388cc,
0x441a1384,
0x0345f3c2,
0xf7ff11d2,
0xbd98ffb4,
0x3014f9b1,
0xaf00b5b0,
0xb2a41a9c,
0x3480828c,
0xf5b4b2a4,
0xcf037f80,
0x8b5cec05,
0x4bbdb082,
0x0a1a9b8a,
0x9ef7ff8a,
0x8abdb0ff,
0x00b5b089,
0xcbaf0025,
0x4b820a89,
0xff828d82,
0xcfff93f7,
0x430cea05,
0x4604b087,
0x22fa460d,
0x71a5f44f,
0xf7fcaf00,
0xcffafb33,
0x7ea98207,
0xfb2df7fc,
0xbb4b786b,
0x463a4b70,
0xf8131d59,
0xf8020f01,
0x428b0f01,
0x71507958,
0x72907a98,
0x73d07bd8,
0x69abd1f3,
0xd51506d9,
0x8207cff9,
0xf7fc3aa9,
0xcff9fb13,
0xfb0d4009,
0xf44f2340,
0x8907cfa9,
0xe1fb8154,
0x45703b23,
0xfb23e4e0,
0x412b01e7,
0x4f46b8d1,
0x1f0900f0,
0x20f689fa,
0xccf20646,
0x01f10971,
0xfcb28909,
0x06fad8f7,
0x0871d1f2,
0x890f01f8,
0x2c8305cf,
0xf206fad0,
0xf888210a,
0x06cf0005,
0x06fac810,
0x88210ff2,
0x07cf0af8,
0xb9fac010,
0x880f05f1,
0xd8000ff8,
0x9a69abd1,
0x1bd54d06,
0x07cff623,
0x703b1081,
0xfacaf7fc,
0x8109cff6,
0x20fac412,
0x12810bcf,
0xcf39fb38,
0xb51cbc05,
0x7f782bfe,
0xcf2404cf,
0x2d0c8405,
0x4bf240fb,
0x930a05cf,
0x80f080fa,
0x0e04cf02,
0x368406cf,
0x2300faa5,
0x08cf2203,
0x4ffb191e,
0x38707af4,
0xabf4e0f7,
0x01065b69,
0x6b2300d5,
0x83786b70,
0x1a2b01b1,
0x2989ebd0,
0xaa462046,
0xdff7ff89,
0xe3786bfe,
0x302b01b1,
0x228405cf,
0x234ee029,
0x215fe77c,
0x04cf220f,
0x02faf142,
0xcf81a821,
0xf8748c05,
0xe7e481e8,
0xcff0215f,
0xfae51805,
0x1007f3c0,
0x81a82106,
0x06cfe7f0,
0xfc56fc81,
0x03fadbf7,
0x07cf1f46,
0xcf2ee881,
0x89ab0e04,
0x822b2000,
0x82a889eb,
0x07cf826b,
0xcf83708f,
0x54fe8106,
0xcfc5f7fc,
0xcf134004,
0x61a42e04,
0xbf00e7e7,
0xf120a9b8,
0x0307f06f,
0xaf00b5b0,
0xf9b1435a,
0x189c3014,
0x348418cf,
0x8a0a4413,
0xfe84f7ff,
0x06cfbdb0,
0xb0916093,
0xf3c2460e,
0xf2401a03,
0xf002716b,
0x22f0080f,
0x4604af00,
0xf7fc4dd0,
0x60f8fa92,
0xe88108cf,
0x8bf7fc10,
0x0660b8fa,
0xca0903f0,
0x15f73848,
0x8106cff3,
0xf7fc70d8,
0x2300f9f2,
0xfa1f7028,
0x4620fb83,
0x71c2f20b,
0xb289607b,
0xf9e7f7fc,
0x71c7f20b,
0x8309cf05,
0x0bf9df62,
0x687100f5,
0x0e06cf71,
0xf20bf9d8,
0x72a82105,
0xd10e06cf,
0xe8687bf9,
0x05330173,
0x09d1db2b,
0x16f24022,
0x4f462021,
0xfc4b96ea,
0x08f9def7,
0x17f24022,
0x0b462021,
0xfc0b10f0,
0xc6f9d6f7,
0xcf2303f3,
0x204a8506,
0x03ea4b46,
0xfc0bf50b,
0xcff9cbf7,
0x05508508,
0xfc7580f4,
0x80f9c3f7,
0x02840bcf,
0xea45fa37,
0x23806516,
0xf44f461a,
0x8205cfa2,
0xebfa2e5a,
0xcf22ffb2,
0x04e78106,
0xfa27f7fc,
0x22800a2b,
0xe78106cf,
0x9401db04,
0x1ef7fc4d,
0x05f3c6fa,
0xcf223f43,
0xfa163008,
0x3303f3c6,
0xf240220f,
0x3205cf4a,
0xcf5bfa0e,
0x11288305,
0x070e05cf,
0x402308fa,
0x07cf0ff2,
0xfa00668e,
0xf7382002,
0x08cff3c8,
0xfc5ceb81,
0x78f9f0f7,
0x810acf60,
0xf7fc24c4,
0x2001f9ef,
0xf3b7f738,
0xc4810acf,
0xe5f7fc24,
0xfd8106cf,
0x2207cf6a,
0x4643f9de,
0x06cf4652,
0xfc763e91,
0x211e22ff,
0x46a84620,
0xf9cbf7fc,
0xf04f4683,
0xfa290a00,
0xf8c7f30a,
0xf0139000,
0xf0400f01,
0xf10a809c,
0xf1080a01,
0xf1ba081c,
0xd1f00f02,
0xed05cf16,
0x06030108,
0x180643f0,
0x434699bf,
0x00f04f2e,
0xd2f04006,
0xfff04f80,
0x7e463233,
0xd1683975,
0x0d07c940,
0x2988a8d5,
0x80eb0189,
0x8b88e811,
0x0bbf2842,
0x05cf6946,
0x38428e0e,
0x01460ebf,
0x02351c32,
0x1ed1e92a,
0x14f10744,
0x20087601,
0x05cf0646,
0xfd6908ea,
0xf0402800,
0x06cf808e,
0x46204c89,
0xf980f7fc,
0x1387f3c6,
0x838206cf,
0x0e04cf1c,
0x0acf687b,
0xc058ed81,
0x77f7fc03,
0x810acff9,
0xf7fc5ced,
0x8207cf70,
0x06cf3880,
0xf9696a81,
0xed810acf,
0x62f7fc5c,
0x1a8205cf,
0x2100f32a,
0x68fa4620,
0xf3c268bb,
0xf7fc1207,
0x8206cff5,
0x0ff27286,
0x6e8205cf,
0xcf00f950,
0xcf088909,
0xcf00f800,
0xc9768709,
0x8f06cff8,
0x05cfa95e,
0xcf3d1481,
0xf3054a05,
0xde8108cf,
0xb9f7fc0a,
0x20491cf8,
0xb1f7ff46,
0x38481dfc,
0x00f1b6f7,
0x1be02b20,
0x2146424b,
0x14f10746,
0x00f88800,
0x01f888b0,
0x18f8c8a0,
0x16617b60,
0x1661fb4b,
0x16627b4b,
0x1662bb4b,
0x1662fb4b,
0x16633b4b,
0x16637b4b,
0x0163bb4b,
0x3cf88723,
0x3df88730,
0x3ef88730,
0x3ff88730,
0xbb230030,
0x10623b61,
0x57f7ff4b,
0x3f2800f8,
0xcfaf38f4,
0xb820e508,
0xd1f120a9,
0xd0f120b1,
0xd6f120a9,
0xb5f120b1,
0x9ff120ab,
0xa1f120ab,
0x73f120ad,
0x93f120ab,
0x09f120aa,
0x19f120aa,
0x51f120aa,
0xc0f120ab,
0x29f120b1,
0xdbf306fa,
0xabd51e07,
0x14f10788,
0x7e462001,
0x08f8b575,
0x0888ea80,
0x6b1883eb,
0x82eb0389,
0x98220213,
0x45f3c844,
0xa3f7ff03,
0xc82800fc,
0x4f2e01d1,
0x0b13e8ea,
0xcfb2dbd0,
0xbe048308,
0x1c3601f8,
0x3f2e0235,
0xd6af39f4,
0xf0011be7,
0xf0f00322,
0x63e7f003,
0x635f7462,
0x64725f61,
0x9707cf63,
0x62635b27,
0x62630074,
0x00005d74,
0xb083b590,
0xf44f2320,
0x461a7110,
0xaf024604,
0xf89bf7fc,
0xf2402364,
0xec05cf4a,
0x1a232060,
0x31f7fc46,
0xbd3704f8,
0xcfbd9046,
0x06cf2c04,
0x102af981,
0x2c06cf71,
0x2364f885,
0x08cf2220,
0xfc23002e,
0x07cf1bf7,
0xf508cf2c,
0x43290426,
0x01e8dfd8,
0x3c4231f0,
0x00003703,
0x4f240f26,
0x400855f0,
0xe0462823,
0x12f64022,
0xfcb26401,
0x43f862f7,
0x7f462846,
0x15f64022,
0x5bf7fc01,
0x07cf28f8,
0x4144bf82,
0x54f7fc21,
0x06ea44f8,
0xbf462813,
0x13f64022,
0x20f04401,
0x4af7fc04,
0x444628f8,
0x401286ea,
0xfb0114f6,
0xcfffc8f7,
0x816afa05,
0x24022600,
0x084cf04f,
0xe7d02320,
0x24002602,
0x083df04f,
0x2600e7f8,
0xf04f2404,
0x23800840,
0x07cfe7c5,
0xcf811afb,
0x1538d508,
0x9a468946,
0x00484346,
0xa9f738af,
0x38f897f0,
0x4f221f30,
0x05cf88f4,
0xf8183884,
0xfe07cf02,
0x12f7fc40,
0xff2302f8,
0x4df24022,
0x668205cf,
0x23fcf80b,
0xf44f22ff,
0x2805cf13,
0x8106cf04,
0x43f242c1,
0xfb462021,
0x07cffdf7,
0x102cbd82,
0x0e04cf71,
0xe18207cf,
0x0116f676,
0xef0e04cf,
0x402200ff,
0xcf61aef2,
0xff6e0c04,
0xcf332300,
0x56a68207,
0xffe2f7fb,
0x236bf640,
0xd03e429d,
0xf240dc16,
0x429d734a,
0xdc08d037,
0x6fc8f5b5,
0x4a1cd033,
0x481d491d,
0xfa3ff7fb,
0xf640e7fe,
0x429d0355,
0xf5b5d002,
0xd1f26f16,
0xe0082305,
0x6395f640,
0xd01e429d,
0xf5b5dc15,
0xd1e86f48,
0x223f2319,
0xcf45f240,
0xb70c8105,
0x01f1b9ff,
0xeff0000f,
0xb9d31c81,
0x000f02f1,
0x4f81ecf0,
0xe135fff0,
0x9ff640e1,
0x03429d73,
0xaaf241d0,
0xcd429d03,
0xe3233ad1,
0xe12301e7,
0xdf2315e7,
0x20b8bde7,
0x20b8c2f1,
0xcfb8b4f1,
0x03009c06,
0x4eea05cf,
0xcf05ff18,
0xc418e205,
0xeb05cf81,
0x06cffe60,
0x4081bd0e,
0x05cf47f2,
0x06feec6c,
0x12f44f46,
0x4e8105cf,
0x4603fee6,
0x227f4680,
0xcf4ff240,
0xff731c05,
0x407e04cf,
0x3381aff0,
0x4e1605cf,
0x681605cf,
0x0e04cfff,
0xa88206cf,
0x61f7fb4a,
0xcf0e05cf,
0x4aa88206,
0xcf5af7fb,
0xcf3c0e07,
0xcf530e05,
0xcf460e07,
0xff4c0e05,
0xbc8206cf,
0x6c06cf44,
0x0e07cf45,
0x0e05cf1c,
0x0e07cf3e,
0x0e05cf3e,
0x0e05cf37,
0xa88206cf,
0x30f7fb02,
0x402333ff,
0x1a71aff2,
0x0e04cf46,
0x06cfff29,
0x8650df81,
0x08f00a80,
0x02f00a02,
0x02f1b903,
0x04f00a0f,
0x0a60fa0b,
0x030220f0,
0xba05fff0,
0x40f00a60,
0x40607a02,
0x738175f0,
0x8106cfb1,
0x05cfc22e,
0x01ff0a4c,
0x8107cf25,
0x1005cf06,
0xf1bbff02,
0xd00f0f00,
0x448107cf,
0xf81405cf,
0x02f045fe,
0x8107cf05,
0x1205cf1e,
0x68fbfeef,
0x4805cf7b,
0xad8206cf,
0xe6f7fb12,
0x08f045fe,
0xcf2405cf,
0x2cab8206,
0xfeddf7fb,
0x2409cfbb,
0x1205cf5a,
0xf045fed4,
0x4807cf10,
0x1205cf5c,
0xcf7bfecb,
0xcf642409,
0xfec21205,
0xcf20f045,
0xcf662407,
0xfeb91205,
0xcf80f01a,
0xcf128107,
0x48ad8206,
0x0580f045,
0xfeadf7fb,
0x7a2606cf,
0xa62605cf,
0xbb462bfe,
0x148509cf,
0x4620fe9f,
0xcf0df7ff,
0xcf5c8307,
0xcf028000,
0x1b7a8305,
0xc71007cf,
0x0e04cf80,
0x9b05cfe8,
0xc0f0403c,
0x8308cf80,
0x00fdef7a,
0xcf061ff0,
0xe87c8308,
0x050e04cf,
0x6404cf33,
0x05cf0ff6,
0xfe747685,
0x8105cf2b,
0x05cf0160,
0x80fe6d64,
0x16f64023,
0x788b05cf,
0xfe66f7fb,
0xf22a05cf,
0x1c05cf25,
0x2a05cf5f,
0xad8206cf,
0x58f7fb46,
0x6f1c07cf,
0x510e05cf,
0xce4607cf,
0x4a0e05cf,
0x02f1b9fe,
0x19d06f0f,
0xcf0300f1,
0xca6cac06,
0x990340f3,
0xcfd00d45,
0xcf113406,
0xcf372605,
0x06cf5007,
0xfe302483,
0xcf80f3ca,
0xcf1b240b,
0xcf251605,
0x06cf2407,
0xfe1e2283,
0xcfc0f3ca,
0xcf2f240b,
0xcf131605,
0x06cf7c07,
0xfe0c2283,
0x1340f3ca,
0x5b240acf,
0x011605cf,
0xcf4807cf,
0xfa228306,
0x80f3cafd,
0x65240bcf,
0x008406cf,
0x2406cffd,
0x228306cf,
0xebb9fde8,
0x08cf1fda,
0x05cf7922,
0x07cfde14,
0x8306cf22,
0xfffdd71e,
0x1c8309cf,
0x4620fd56,
0xfd3ff7ff,
0xb9104605,
0xf7374848,
0x4628f652,
0x08da08cf,
0xe62d2100,
0xe62b2104,
0x061ff006,
0x4633227f,
0x628608cf,
0x07cffdb7,
0x05cf0e82,
0xcfb01a83,
0xcf1b0e07,
0xcfa90e05,
0xcf3d0e07,
0xcfa20e05,
0x71470e07,
0xb173e64d,
0x44820ccf,
0x0ecffd95,
0xfd8d6a85,
0x6a8508cf,
0x44820acf,
0x10cffd83,
0xfd7a6a85,
0x6a8506cf,
0x44820acf,
0x10cffd71,
0xfd686a85,
0x6a8506cf,
0x44820acf,
0x10cffd5f,
0xfd566a85,
0x6a8506cf,
0x44820acf,
0x10cffd4d,
0xfd446a85,
0x0f80f01a,
0xae9af43f,
0x4a8208cf,
0xb8dae688,
0x717af120,
0x6e695f6b,
0x5b007469,
0x08cf717a,
0x4e551baa,
0x574f4e4b,
0x44445f4e,
0x50535f52,
0x00444545,
0x5d6b717a,
0x688b0000,
0xaf00b580,
0xbd80610b,
0x4b0a06cf,
0xb0bd8061,
0x05cf13b5,
0x46154a9d,
0x7809790a,
0xfa47f004,
0x60a5b908,
0xf04fbdb0,
0xbdb030ff,
0x069e05cf,
0xff441a68,
0xcfffebf7,
0x2c8e8106,
0xeb03688b,
0xf7ff02c2,
0xbd80ffe3,
0x04cf794b,
0x60b12b12,
0x8a608b23,
0xd9f7ff68,
0xcbbd80ff,
0xcfe7f868,
0xcf001808,
0xcfcd1807,
0x08cf1807,
0xcb008681,
0xfbb18b79,
0x2afc99f7,
0x1a696b69,
0x01230244,
0xf3fb9232,
0xe9b118f2,
0xcf440a68,
0x06cf0a04,
0xffb26ed5,
0x06cf2000,
0x806c8581,
0xce3605cf,
0x4bb99e78,
0x03b95b78,
0x4fffcbf0,
0x2932fff0,
0x03464078,
0x04ff6bf0,
0x05cf2046,
0x04cf3aa4,
0x03780914,
0xf5fff4f0,
0x202e01e7,
0xfc7889d1,
0x43f8b7f7,
0x0d46041c,
0xfc4640d1,
0x2bf836f7,
0xd44a1278,
0x4f40a65c,
0x2634fff0,
0x000600ea,
0x00bf182e,
0x011c6324,
0x21d9dd2b,
0xfa480c46,
0x21ff00f7,
0x0a68aa46,
0xfbf7fa48,
0x49e7d3fe,
0x43f00478,
0x092200fe,
0x40461123,
0xb5f7fd46,
0x183000f9,
0x442001bf,
0xe1e7c542,
0x52f1209f,
0x67f120bc,
0x1af120bc,
0xb022004b,
0x0cb08cb5,
0x00460546,
0x7b714aaf,
0xba4b1760,
0x1660fb60,
0x0a613a4b,
0x15617b78,
0x1561bb4b,
0x1561fb4b,
0x15623b4b,
0x15627b4b,
0x0162bb4b,
0x2cf88723,
0x2df88730,
0x2ef88730,
0x2ff88730,
0x03790b30,
0x0f0342eb,
0x23f8124a,
0x0bf7fb10,
0x224b0efa,
0x2960a046,
0x3860e046,
0x99f7fe1d,
0xbd3730fb,
0x49bdb046,
0x31f120b9,
0x21f120b9,
0x13f120b9,
0x95f120b9,
0xe1f120b9,
0xebf120b8,
0x61f120b8,
0x78f120b9,
0x34f120f6,
0x8106cfbc,
0xb0877c96,
0x460e4604,
0x461d4692,
0x2b00af00,
0x2202d13d,
0xf7fb2166,
0xf3c0fc18,
0x462b0847,
0x06cf4620,
0x44fc1710,
0x9df73748,
0x7e4620f4,
0xacf7fb70,
0xb82301ff,
0xbb70fd70,
0x8d71fb71,
0x664620bb,
0x8bf003bb,
0x18f107fe,
0x4f230009,
0x090b01f0,
0x3b3d18f8,
0x2d2b0378,
0x06ea55d9,
0x20d16203,
0x65f00346,
0x48ea4ffe,
0x5006cf03,
0x03fef003,
0xfbedf7fb,
0xf7374830,
0x0acff473,
0x2b0148ab,
0x482cd105,
0xf469f737,
0x0801f04f,
0x482ae7c8,
0xf003e7f8,
0xe7d1feee,
0x00cf2d01,
0xfe4620d1,
0x26eb80f7,
0xfb462049,
0xc7ff82f7,
0x03fa0be7,
0x0aea32f2,
0x35d11a02,
0x1b2b01b9,
0x8106cfd8,
0xf0037ebb,
0x2300fff4,
0x793b713b,
0xd9172b01,
0x783bb965,
0x2b013b02,
0xb116d803,
0xf0034620,
0x06cfef9e,
0x032aba81,
0x3bffe1f0,
0x3b330178,
0xcfe7aa70,
0xef921a06,
0xe7de2201,
0xfe06cf49,
0xb128ff12,
0x490e4a0d,
0xf7fa480e,
0xe7fefe09,
0x3301793b,
0x2d00e7d5,
0x2d01d09d,
0x480ad101,
0x480ae7a3,
0xbf00e7a1,
0xf120bc98,
0xf120bcd2,
0xf120bca6,
0xf120bcb4,
0xf12079f8,
0xf120bcc2,
0x06cfbc44,
0xbce03090,
0xbceef120,
0x6572f120,
0x725f6579,
0x08cf7164,
0x65721aac,
0xcf5f6461,
0x79621404,
0x70006574,
0x05cf7968,
0x657243f6,
0xcf6c7573,
0xcf7df706,
0xcf18f805,
0x06cf1505,
0x283d8d81,
0x06cf6572,
0x77202919,
0x206e6568,
0x204c04cf,
0xcf6c6c64,
0x304dd106,
0x000a7832,
0x7473315b,
0x5908cf5f,
0x6e325b00,
0x0e0bcf64,
0x0bcf7233,
0x8107cf0e,
0x59451096,
0xad06cf45,
0x390ccf13,
0x0ccf005d,
0xcf005d39,
0x06cf390c,
0x2a4044a6,
0x41f0e92d,
0xaf004604,
0x4615460e,
0x780bd872,
0xd8202b03,
0xf003e8df,
0x563b2302,
0xcfc02300,
0x5f66a705,
0xfbf885fa,
0x43fafcf7,
0x748e05cf,
0x8a05cf80,
0x07cff55a,
0x05cf820e,
0xc0faee0e,
0x07cf1a23,
0xf7fb2aa9,
0x2000fae7,
0x05cf6075,
0x0c233a95,
0xdb420bcf,
0xcf3405cf,
0x7e8f8206,
0xcfd4f7fb,
0xcf050e07,
0xfacd0e05,
0xe7dd230c,
0x6b7206cf,
0xc33007cf,
0x816407cf,
0xbc6405cf,
0x830e07cf,
0xb50e05cf,
0x6b7207cf,
0xcfe7c501,
0x08cf6606,
0x07cfa836,
0x05cf0358,
0x07cfa158,
0x05cf070e,
0x0cfa9a0e,
0x09cfe323,
0x05cf2e96,
0x07cf128a,
0xcf7a5e89,
0x4b6e8907,
0x7c8905cf,
0xbd80ff73,
0x8705cf1c,
0x05b0a064,
0x3aaf0046,
0x19613b60,
0x2cf8874b,
0x2cf10710,
0xba607a01,
0x05cffa60,
0x61bb569a,
0x61fa2301,
0x627a623a,
0x3028f887,
0x2029f887,
0x202af887,
0x202bf887,
0x202df887,
0xf7ff633a,
0x4b0dff4e,
0x022cf107,
0x46384629,
0xf9aff7fe,
0xb9404604,
0x04cf2204,
0xff462846,
0x07ffc6f7,
0x1a6b3a4b,
0x80462060,
0x6c8705cf,
0xf120bdff,
0xf120be0f,
0xf120bea5,
0xf120c4ec,
0xf120bcfc,
0x888108cf,
0x4f250318,
0x2132fff0,
0x03463078,
0x20fd7bf0,
0xf63d01b9,
0x632301d1,
0x00bdf870,
0x00e7fb23,
0x2d2a7f00,
0xcf43f8e9,
0x16708a06,
0x04f20046,
0x8208cf81,
0xf7fb24e5,
0x2200fa1e,
0xcf6ef640,
0x9d1e8305,
0x8208cff9,
0x04cf46e0,
0x05cf110e,
0x05cf711a,
0x05cf901a,
0x8206cf1a,
0xcffb44ef,
0x4022f605,
0x05cf74f6,
0x07cf830c,
0x05cf761a,
0xcff9f70e,
0xcf771a04,
0xf9760c05,
0x2b03782b,
0x8406cf31,
0xac8c6c34,
0x1050f895,
0x4b654620,
0x91d4f8df,
0x81d4f8df,
0x2021f853,
0x40932301,
0x2021f819,
0xf838b2db,
0xf7fb1021,
0x04cff9d7,
0x5e4b5d26,
0x53485e4a,
0x123021f8,
0x062021f8,
0xdbf303fa,
0x21f830b2,
0x5604cf10,
0x2205cfc6,
0x46202300,
0xcf3804cf,
0xcfbc3606,
0x02e18209,
0xf7fb016d,
0x06cff9b5,
0x016e78ac,
0xcf34f7fb,
0xf44f1a07,
0xf7fb6107,
0x1a07cfa8,
0xf7fb0171,
0x3409cf27,
0xf7fb0173,
0x1a07cf9b,
0xf7fb0174,
0x1a09cf1a,
0xf7fb0176,
0x1a07cf8e,
0xf7fb0177,
0x7c04cf0d,
0x02200030,
0x23f84533,
0xf8e8bd60,
0x8106cf83,
0xdf4b3454,
0xdf9108f8,
0x15cf08f8,
0xcf6d5481,
0x2c328105,
0x2d4a2d4b,
0x54810fcf,
0x06cfe794,
0xdf4b2840,
0xdf90d0f8,
0xcf80d0f8,
0xcf4d4014,
0x4b204005,
0xcf214a21,
0xcf74400f,
0x4b1c4007,
0x9098f8df,
0xcf98f8df,
0xcf2d4015,
0x4b144005,
0xcf154a15,
0xcf54400f,
0xf8708507,
0xa4bf0083,
0x6cf12096,
0x08da07cf,
0x06cf950c,
0x9e484cd7,
0x14da06cf,
0x06cf94c4,
0x9e2458d7,
0x20da06cf,
0x06cf947c,
0x9e0064d7,
0x2cda06cf,
0x06cf9434,
0xcfec70d7,
0x8074d707,
0x78d707cf,
0x06cf9614,
0x95a87cd7,
0x9c8106cf,
0x50f89138,
0x51330230,
0xcf3023f8,
0xb35a8606,
0xb0bd98fe,
0x05b082b5,
0xcf460c46,
0xcfaf1c05,
0x441a1e06,
0xdd142a7f,
0x2b01784b,
0x4a0bd111,
0x480c490c,
0xfb39f7fa,
0x3050f894,
0xf8144629,
0x48092b08,
0xf7fa9400,
0x05cffb30,
0xb0463e81,
0x284621bd,
0x8cf7ff46,
0x00e7f8fe,
0x20c52abf,
0xcfc4fff1,
0x24a68106,
0xf120c541,
0x23014a6f,
0x4ff0e92d,
0x2400b0a1,
0x46894605,
0xf8dfaf00,
0xf10781e0,
0xf8df0658,
0x613aa1dc,
0x603c4a68,
0xb1d4f8df,
0x60bc607c,
0x617a60fc,
0x61ba4a65,
0x623c61fc,
0xf887627c,
0xf8874028,
0xf8873029,
0xf887402a,
0xf887302b,
0x06cf102c,
0x407c248f,
0x0f03f1b9,
0xe8dfd813,
0x2602f009,
0x4b594033,
0xf8134628,
0x4b582024,
0x1024f833,
0xf86df7fb,
0x207cf897,
0xf8534b56,
0x41183022,
0x34016030,
0x2c093604,
0xf8dfd1e2,
0xf107b16c,
0xf04f0634,
0x2400087f,
0x394808cf,
0x284805cf,
0x4a7d7063,
0x494807cf,
0x494807cf,
0x474805cf,
0x47e7da4b,
0x461a07cf,
0x3c1a07cf,
0x431a05cf,
0x18e7cd4b,
0x282024f8,
0x05cf3a46,
0x04cf3116,
0xf85b3016,
0xe7c33023,
0x3207cf34,
0x3207cf33,
0x3205cf23,
0x8109cf31,
0x09cf3514,
0xf7fd7c88,
0x4682ff71,
0xf06fb9e0,
0x06cf0203,
0x34017e88,
0xff33f7ff,
0x2b04f856,
0xbfa84590,
0x2c094690,
0x4654d1a8,
0x0800f1c8,
0x407cf887,
0x0acf4642,
0x09ff2026,
0x50d1f42c,
0xba8108cf,
0xcf1a8f08,
0xcf197607,
0xf7fa7605,
0x04cfffe8,
0xc34b1676,
0x07cf16e7,
0x07cf151a,
0x05cfdb1a,
0xb64b131a,
0x07cf14e7,
0x07cf131a,
0x04cfce1a,
0x8105cf1a,
0x00e7aa46,
0x20c151bf,
0xcfc169f1,
0xcf788906,
0x6c1c8508,
0x18850bcf,
0x850bcf48,
0x209e2414,
0xcfc517f1,
0x0014850a,
0x9105cf9e,
0xb096477c,
0x46042500,
0x460e4690,
0x4841af00,
0x717d713d,
0xf73760bd,
0x2202f02a,
0x46202166,
0xff95f7fa,
0xcf2b4681,
0xcf329105,
0x46200e06,
0xfaa7f003,
0x0f03f018,
0xf018d111,
0xd1370f0c,
0x03fef009,
0x852008cf,
0x374831ff,
0x00f00bf7,
0x06cf5820,
0xdf877681,
0x00a0b8f8,
0x709007cf,
0xfa28fba9,
0x07daf305,
0x06cfd514,
0xfce93a95,
0xd1ea2800,
0xb90c06cf,
0xe42800fe,
0x00f8dad1,
0x39221030,
0x3d46201d,
0xff60bb71,
0xcffcd1f7,
0x012c9106,
0x8af00335,
0xc52d02fb,
0xdfe7d8d0,
0x02a068f8,
0x03462025,
0xcfeb3af0,
0x58c88106,
0xcf7cf003,
0xcfdb5a05,
0xfcbc5a09,
0xcfbd2800,
0xfe8c5a07,
0xcfb72800,
0xfca45a11,
0x185606cf,
0x9208cfeb,
0x04fb5a0e,
0xd2d0982d,
0x78bf00e7,
0x81f120c5,
0x8c06cfc5,
0x65647248,
0x77656b73,
0x3b910dcf,
0x641309cf,
0x68735f71,
0x5f746669,
0x656e6966,
0xcf180ecf,
0x41572b06,
0x425f4e52,
0x525f4344,
0x5f514444,
0x5f58414d,
0x53534150,
0x59485000,
0x05cf6425,
0x642534b7,
0x78616d20,
0x6d756d69,
0x63646220,
0x3b04cf20,
0x64206425,
0x07cf796c,
0x73205591,
0x6c6c6974,
0x8106cf20,
0x525b46a7,
0x006206cf,
0x5d0807cf,
0x20cb06cf,
0x00460c43,
0x164681af,
0xff469846,
0x23fa4df7,
0x48460578,
0xe2792146,
0x43eb0168,
0x134b0d01,
0xfa1021f8,
0x75fd5bf7,
0x011cebb1,
0x29d80f2b,
0x04f8d846,
0xfa480820,
0x08f91df7,
0x0949084a,
0x18f7fa48,
0x23e7fef9,
0x63603369,
0x28607369,
0xf8e8bd46,
0x20f67883,
0x20c8fff1,
0x20c92df1,
0xcfc8ccf1,
0x804c9306,
0x09af00b5,
0x7df00378,
0x8f06cffb,
0x0c04cf76,
0x06cffb8b,
0x42406c97,
0xb5f8bd80,
0x8e05cf14,
0x12460648,
0xeef7ff68,
0xa16962ff,
0x2869e369,
0xa8429a78,
0x23461abf,
0xb8428b69,
0xe9460bbf,
0x990acf78,
0x00fb134c,
0x30490e13,
0x11616a46,
0xfa1023f8,
0xebfd08f7,
0x05696178,
0x1b1203eb,
0x216191b2,
0xcf61d169,
0x69e10c04,
0x0583eb05,
0x69a16211,
0x68a26251,
0x68e3606a,
0xbdf860eb,
0xf678bf00,
0x409706cf,
0x469ab0ab,
0x4691468b,
0xaf024605,
0x40c8f8d7,
0xf8d77379,
0xf8d760d8,
0xf7fb80e0,
0x2301f9d8,
0x487c73b8,
0x74bb73fb,
0xf73674fb,
0xea4ff6bd,
0xf04f138a,
0x33320a64,
0xf3fafb93,
0xf1bb663b,
0xd13f0f00,
0xf2402240,
0x46287113,
0xfe1cf7fa,
0x988106cf,
0x0ad12b64,
0x4ff404fb,
0xce7acef4,
0xfafb9434,
0xd0f8dff4,
0x7c4628b1,
0x01f04f66,
0xbef7fd0a,
0x284968ed,
0xbff7fb46,
0x872300f9,
0x973068f8,
0x033068f8,
0x00d9232b,
0xa0f10723,
0x06461c06,
0x3b3d94f8,
0x402b037b,
0x5e809ff2,
0x81f73648,
0xa42000f6,
0x8a8109cf,
0x5c737a12,
0x6ef64043,
0xb7f20473,
0xf3fb9474,
0xcfe7d0f4,
0x73d21408,
0x74e9f204,
0x733be7f4,
0xf303fa0a,
0x0309ea33,
0x04cfd178,
0x97306b62,
0x01306bf8,
0xfbd91f2b,
0xba6f3c6e,
0xa842a36f,
0x7c4623bf,
0xb842946f,
0x7a4614bf,
0x911b196e,
0x1cdb5642,
0x01220244,
0x68f10734,
0x94462801,
0x22f4f2fb,
0x2af7ff46,
0xdcf8d7ff,
0x4d2b0030,
0x08eb04d1,
0x3ce04c02,
0x24f1074c,
0x0f743b0c,
0x0fe8accc,
0x3cf10700,
0x0cf10703,
0x03e89402,
0x03e88c00,
0x01462900,
0x071d3b93,
0x000024f1,
0x68f10793,
0x02f7fd03,
0x30b130fe,
0x08f1044a,
0xfa482f01,
0xfef803f7,
0x6bf897e7,
0xc36ffa30,
0xccf8d7b9,
0xd7b18910,
0x5210d0f8,
0x412a601a,
0x68f897d8,
0x03462810,
0x1b0341eb,
0x4e8305cf,
0x05cffc21,
0x9f333481,
0x2404cfe7,
0xe7ec440a,
0x10d4f8d7,
0x1b92b109,
0x4432e7e7,
0x4a1ce7e5,
0x481a491d,
0xffd9f7f9,
0xeba4e7fe,
0x06cf0208,
0xf7ff3881,
0xf897fed1,
0x33013068,
0x3068f887,
0x743ce752,
0x2b017c3b,
0x7b3bd903,
0x733b3301,
0xcc05cf54,
0xd9f7ff06,
0x0eb128f8,
0x0a490d4a,
0xb9f7f948,
0x3be7feff,
0x3b33017c,
0x05cfe974,
0xe74a368f,
0xc944bf00,
0x0c9906cf,
0xf120c9aa,
0xf120c8d8,
0x06cfc952,
0xc9634485,
0xc8f0f120,
0xc996f120,
0x049c06cf,
0x189905cf,
0x4dc506cf,
0x20c58d00,
0x20c605f1,
0x20c5f9f1,
0x20c619f1,
0xdf08cff1,
0x9705cf34,
0xc505cf7e,
0x990dcf5c,
0x9917cf2d,
0x2904cf18,
0x15990bcf,
0x6b9807cf,
0x6fc505cf,
0x54534942,
0x1105cf5f,
0x0acf5b00,
0xcf643255,
0x0bcf250d,
0x445224c6,
0x435f5351,
0x53534f52,
0x2fc623cf,
0x549908cf,
0xcf5f4441,
0xcf589909,
0x41cf6509,
0x08cf7dbf,
0xd04470ce,
0x3071e24d,
0x4000e6ef,
0x9001e1a0,
0x0390e1a0,
0x2064e59f,
0x3054e50b,
0xda86e50b,
0x2002faec,
0x1066e3a0,
0x0004e3a0,
0xea3ae1a0,
0x0058faff,
0x3000e50b,
0xcf1006cf,
0xea371c08,
0x0000fbff,
0x2406cf59,
0x761a0000,
0x4cfa000b,
0x05cf9fa3,
0xa0600328,
0x0b304ce1,
0x0b3044e5,
0x1b2064e5,
0xa03001e5,
0xa03613e3,
0xd33002e1,
0x04cfb7e1,
0xe6ef302c,
0xe3560001,
0x93a02000,
0xe50b305c,
0x9a000004,
0x014c04cf,
0xcf0a0000,
0x0c165004,
0x2001eb00,
0x1009e3a0,
0x04cfe1a0,
0x000c3610,
0xa05000fa,
0x07cf06e3,
0x000c8e10,
0x0b0040fa,
0x0b503ce5,
0x0b5038e5,
0x0b0030e5,
0x0b002ce5,
0x0b5028e5,
0x853001e5,
0x1b1040e2,
0x130001e5,
0x1c8105cf,
0xe59b2004,
0x04cf3060,
0x0003a018,
0x4813e030,
0x93e50b30,
0x01e00302,
0xc2e28520,
0x92e1a020,
0xcfe02313,
0x20035804,
0x3034e1a0,
0xcf81e50b,
0x50806c04,
0xa07008e2,
0x0b805001,
0x00001b05,
0xa030000a,
0x8a3105e3,
0x1b703ce7,
0x000047e5,
0x000b83ea,
0xffffc3fa,
0x0b703cea,
0xffffe2e5,
0x6804cfea,
0xfa000b7a,
0xcfe02000,
0x49248109,
0x001004cf,
0x0008e350,
0x20501a00,
0x7001e51b,
0x804ce287,
0x3044e50b,
0x0000e51b,
0x3008e352,
0xcf4401a0,
0xe3188106,
0xe50b3050,
0xe2888004,
0xe3580064,
0x0a000011,
0xe1a03008,
0x0acf2000,
0x0c787081,
0x04cffa00,
0x0bcf0114,
0x000c7314,
0x05cf54fa,
0xdee3534c,
0xcf0affff,
0x0b737c0c,
0xffdffa00,
0x31c0eaff,
0x0000e59f,
0x7105e357,
0x1044e78a,
0x21b4151b,
0x2014059f,
0x71051243,
0x11050783,
0x204c1782,
0x7105151b,
0x21050782,
0x303c1783,
0x0003e51b,
0x0019e157,
0xffc4ca00,
0x30481aff,
0x2034e51b,
0x0001e51b,
0x3038e353,
0x3005e51b,
0x303801a0,
0x3030e50b,
0x3002e51b,
0x303001a0,
0xcf28e50b,
0x28111806,
0x2ce50b30,
0x111806cf,
0xe50b302c,
0xe51b5060,
0xe3550005,
0x1affffb6,
0xe3570000,
0x1a00000a,
0xe59f213c,
0xe59f113c,
0xe59f013c,
0x06cfe6e0,
0x303444d2,
0x8306cf1b,
0x4005cf40,
0x408306cf,
0xeaffffef,
0x706405cf,
0x6c810acf,
0xe51b202c,
0xe0832002,
0xe2822001,
0xe712f712,
0xfa000c18,
0xe51b3038,
0x132008cf,
0x14e08a37,
0x28e59350,
0x03e59330,
0x28e08550,
0x01e51b30,
0x15e28550,
0x13e715f7,
0x14e08a27,
0x28e59230,
0x02e59220,
0x00e08330,
0x01e3a020,
0x13e28330,
0xcfe713f7,
0x08cf2c04,
0xa0300528,
0x000c1ee1,
0x0804cffa,
0x68820ccf,
0xfa000c19,
0xe3590000,
0x0a000005,
0x8105cf5c,
0x01e24364,
0x01e35300,
0xcf8a0000,
0x0b6b2004,
0xcf02eb00,
0x8b2c850b,
0x01fa000b,
0x04e28660,
0x3fe35600,
0x008205cf,
0x588505cf,
0x1c04cf1a,
0xfa000aa2,
0x4404cf58,
0x60860bcf,
0xe20330fe,
0xfbffe964,
0xe59f0028,
0xfaecd9a7,
0xe3a00000,
0x5cd408cf,
0xf120cdd6,
0xf120c9b8,
0xf120c9e0,
0xf120c9cc,
0xf120cde6,
0x06cfcdc4,
0xce06048a,
0x7571f120,
0x5f6b6369,
0x2d8905cf,
0x05b808cf,
0xcf130ccf,
0x51148909,
0x4b434955,
0x1a8907cf,
0x05cf4f4e,
0x07cf3f91,
0xcf7fb981,
0x005d2f0e,
0xaf00b580,
0x6a4b6a0a,
0x1283eb02,
0x7809608a,
0xf90ff003,
0x0caa08cf,
0x06cf1a9a,
0x09cf0612,
0xc2eba312,
0x1406cf02,
0xbd80f8fc,
0x460cb5f8,
0x4606af00,
0xde1004cf,
0xcf4605f8,
0x75309f06,
0x85eb00f8,
0xf8616010,
0xce200dcf,
0x652009cf,
0x202005cf,
0x05cff861,
0x26027ea9,
0x4688af00,
0x690b4605,
0x441c694c,
0xf3f6fb94,
0xf003425a,
0xf002033f,
0xbf58023f,
0x22804253,
0xf4f2fb94,
0x1484eb03,
0xf9eff7fa,
0x1000f898,
0xf8d8b168,
0xf8d83020,
0xeb032024,
0x44231382,
0xf2f6fb93,
0xf0034628,
0xe8bdf8b3,
0x462281f0,
0x0000e7f8,
0xaf00b5b0,
0x460c4605,
0xfdb3f7fa,
0x46284601,
0xfe21f7fa,
0x46011cc3,
0xd8132b01,
0x425068a2,
0x033ff002,
0x003ff000,
0x4243bf58,
0xfb922040,
0x4805f2f0,
0xfc70f7f9,
0xbd8106cf,
0x6bf7f930,
0xb0e7fefc,
0x2fbf00bd,
0x6cf120d2,
0xc8f120d2,
0x8306cfd1,
0x00b59804,
0x494604af,
0xa6f00368,
0xaa06cffb,
0xfb46203a,
0xcfff18f7,
0x984e9208,
0x1a0000bd,
0xaa0acf4b,
0x7b78092e,
0x1760fb60,
0x17617b4b,
0x1761bb4b,
0x1761fb4b,
0x17623b4b,
0x17627b4b,
0x0062bb4b,
0x3b60bb23,
0xaa12cf61,
0x37f0032c,
0x286260f8,
0x02782146,
0x63ffcef0,
0x2046226a,
0x00462962,
0x0a1083eb,
0x3860a04b,
0x01f7fd1d,
0xaa06cff9,
0x20ce1730,
0x20ce3ff1,
0x20ce2df1,
0x20ceedf1,
0x20ce73f1,
0x20ce53f1,
0x20ce93f1,
0x20d1dbf1,
0x8142cff1,
0xf1f0020c,
0x8108cfff,
0x15cf880c,
0xf8bb0c81,
0x0c8112cf,
0xcf00cf45,
0xeb0c810e,
0x0c8129cf,
0x088106cf,
0x42ac14cf,
0xcfacf002,
0x430a8109,
0x0a8115cf,
0x8107cf76,
0xcfbf000a,
0xff0c8118,
0x9406cfd1,
0x05b08b7c,
0x1e469146,
0x00482646,
0x50f8d7af,
0x8cf73680,
0xfa4628f1,
0xcffc9cf7,
0x712e8406,
0x284604fd,
0x204a20b1,
0xf9482149,
0xfefb64f7,
0x4f2e00e7,
0x0836fff0,
0x4f2601bf,
0x080a01f0,
0x0af606fb,
0x05cf04fa,
0xd11f6a93,
0x46284639,
0xf7ff703c,
0xb128ff02,
0x49134a16,
0xf7f94814,
0xcffefb4a,
0x1028e105,
0x287839d0,
0x4ef00246,
0xcf4683ff,
0xfee50a06,
0x128beb00,
0x320c04cf,
0x0260ba44,
0x01ff57f0,
0xd72c0434,
0x364808d1,
0x00f149f7,
0x07cf2c20,
0xd2827094,
0xd288f120,
0xd220f120,
0x7c8406cf,
0xf120d29d,
0xf120d2b2,
0x65796577,
0xdc05cf5f,
0x7473693a,
0x7365745f,
0x05cf0074,
0x05cf31ff,
0x06cf18ab,
0x0fcf1588,
0x616d5f10,
0x1414cf75,
0x72dc06cf,
0x72616d5f,
0x350dcf67,
0x309223cf,
0x20716477,
0x09cf6975,
0xcf2c3192,
0xcf54ab0f,
0x57068906,
0xcf455945,
0xcf3e920d,
0x0ccf1104,
0xd810cf1c,
0x4952575e,
0x0acf4554,
0x04cf0892,
0x9206cf24,
0x07cf0503,
0xcf070ceb,
0x045c9307,
0x20eb0bcf,
0xcf1004cf,
0x0ccf2008,
0x04cf3ceb,
0x810ccf14,
0x24cf48d0,
0x05cf3092,
0x054f58a8,
0x04a905cf,
0xd8794690,
0xf8df780b,
0x4e3db110,
0xf85b7849,
0xf8562023,
0x23006023,
0xa100f8df,
0x2021f812,
0x1021f836,
0xffe7f7f9,
0x4b367822,
0x78614836,
0x3022f853,
0x6022f850,
0xa505cf34,
0xe0f8df14,
0x22f85090,
0x03fa0800,
0x21f816f3,
0xcf260120,
0x2872a706,
0xcdf7f946,
0x617823ff,
0x23f85978,
0x23f85a00,
0xcf230020,
0x08cf4e04,
0x22ffbf1c,
0x614b2578,
0x22f85a78,
0x5204cfc0,
0x0022f859,
0x2021f81c,
0xcf5404cf,
0x06cf2406,
0xf7f96aa5,
0x461bcfaa,
0x7822ff9c,
0x78614b14,
0x07cf480e,
0xcf001681,
0x04cf4004,
0x22f85b3a,
0x16b2db60,
0x862c0bcf,
0x007863ff,
0x84441c20,
0xbd8002f8,
0xcf8ff8e8,
0x8f42a607,
0xf1209730,
0xf1209770,
0xf1209780,
0xf1209790,
0xf12097a0,
0xf1209710,
0xf1209720,
0xf12097b0,
0x1c04cfc0,
0x4baf00b5,
0x9b440b78,
0x7f441a78,
0xffd8022a,
0x80ff5ef7,
0x5eb605cf,
0x06cfbd80,
0x06cf24ab,
0x461550ab,
0x7809d82f,
0xf8df2300,
0xf8df9070,
0x08cf8070,
0xf7f96aa9,
0x7821ff47,
0x48134b13,
0x08cf4a14,
0xfa054aa7,
0xf830f303,
0x46301021,
0xf7f9b2db,
0x7821ff37,
0xcf594b0e,
0x00028206,
0x223404cf,
0xd2f300fa,
0xcf4083b2,
0xff272006,
0x77e52000,
0x83f8e8bd,
0x7aa708cf,
0xf1209fb0,
0xf1209db0,
0xf1209da0,
0xf1209d70,
0xf1209d80,
0x0804cf90,
0xcbaf00b5,
0xc2eb037f,
0x8106cf02,
0x09cfaf2a,
0x06cf2a81,
0x8108cf1a,
0x09cfa342,
0xce05cf18,
0xcf824760,
0x4f00d305,
0x020900f0,
0xd706cfaf,
0x20512f72,
0xeaf7f946,
0xbe8206cf,
0xcf1cf250,
0xcfe30e05,
0xcf00dd05,
0xf90adc06,
0x40fedcf7,
0x1a04cf23,
0xd50e06cf,
0x01f04ffe,
0x36200108,
0x05f09bf7,
0x2bf24023,
0xcd1805cf,
0xf98000f8,
0x06fe66f7,
0x5ab12846,
0x5b495b4a,
0x2ff7f948,
0x0ae7fef9,
0x1a04cf23,
0x04cf461a,
0x3e04cf28,
0xf895fe55,
0x46803023,
0xf0002b00,
0xf8958091,
0xcf03a000,
0x2ea88207,
0xfea1f7f9,
0xcf654582,
0x02069e05,
0x1004cf31,
0x9e05cf99,
0x7c280006,
0x4f6a6bd0,
0x4338fff0,
0x682000ea,
0x340ecf62,
0x4582fe87,
0x782ed018,
0x1209cf0c,
0x3604cf7e,
0x68428600,
0x30782ed0,
0x731609cf,
0x07f3c0fe,
0x4f428610,
0x180602f0,
0x952603bf,
0x003022f8,
0x36d0522b,
0x4f0302f0,
0x5302fff0,
0x40f44fd1,
0x5e2a05cf,
0x81f000fe,
0x172b8103,
0x82f000d0,
0x132b8203,
0x84f000d0,
0x0f2b8403,
0x88f000d0,
0x0b2b8803,
0x90f000d0,
0x072b9003,
0xa0f000d0,
0x032ba003,
0xc0f000d0,
0x352bc003,
0x00f1b9d1,
0x1ed1320f,
0x01f04f48,
0xb0f7f909,
0x95e74ef8,
0xcfa000f8,
0x311a810a,
0x1a8105cf,
0xd00b4582,
0xcf1804cf,
0x251c810a,
0x1c8105cf,
0xd0814582,
0x8109cf80,
0xc0fe1b7c,
0x8010c7f3,
0x768a05cf,
0xcf40d185,
0x8772de06,
0xe7a22601,
0x3101f240,
0x6a6be7aa,
0x62684318,
0xe1cce7f2,
0xe0e8f120,
0x548a06cf,
0xf120e1ea,
0xaf00b5f8,
0x4605460c,
0xf99df7fa,
0x7e8b06cf,
0xf894fa0b,
0x46063022,
0x7823b153,
0xb94b22ff,
0x7164f44f,
0xf7f94628,
0x6a63fdea,
0x62604318,
0xbdf84630,
0xd1022b01,
0x3191f240,
0xcf02e7f2,
0x31920a05,
0xf240e7ed,
0xe7ea3193,
0x4ff0e92d,
0xa705cfbd,
0xa2af0220,
0xba607b48,
0x8761f960,
0x355062f8,
0x9ff65af7,
0x7d01224b,
0x20189962,
0x39441333,
0x97617b61,
0x7a3024f8,
0x40f8876a,
0x87237f30,
0x01305df8,
0xba409323,
0x40439368,
0x9583c0f0,
0x68f1074b,
0x40f10305,
0x2a681806,
0x53330846,
0xb31c04f8,
0x15c20342,
0x8fd1f646,
0xa8f1074b,
0x001c17cf,
0xcf220123,
0x203c8e0f,
0x234086bb,
0x2030f887,
0x2031f887,
0x32fff240,
0x69fb86fb,
0x2b00867a,
0x80b5f000,
0x03a8f107,
0x46206a7a,
0x250063bb,
0xf8df4b7a,
0xf8dfa224,
0xf8139224,
0xf7f91022,
0xf897fb37,
0xf8873040,
0x4620005e,
0x49754a74,
0x820cf8df,
0x2023f812,
0x1023f831,
0xfd62f7f9,
0x701e04cf,
0x5249714a,
0x101407cf,
0x874a6f41,
0x200060f8,
0x2604cf46,
0xcf51f7f9,
0x6b202204,
0x24ab07cf,
0x305ef897,
0x305ff887,
0x0061f887,
0x06e8f107,
0xf8164620,
0xf85a3da8,
0x442e2023,
0x3023f859,
0x2025f812,
0x1025f833,
0xcf35f7f9,
0xf8585a05,
0xf8533023,
0x35013025,
0xfa402d09,
0x7530f003,
0xf107d1e3,
0x4620012c,
0xf8def7fa,
0xc40604cf,
0xcf4601f8,
0xf9320804,
0x28004683,
0xf8dfd148,
0xf107a170,
0x461e0341,
0x916cf8df,
0xf8df623b,
0xf8878168,
0x4620b041,
0x075004cf,
0xcf05e8f1,
0x06cf6e04,
0x33202b6c,
0xf9102bf8,
0xcffcfff7,
0x52206c07,
0x10202bf8,
0x2208cf41,
0x46207070,
0xec260acf,
0xa8f815fc,
0x23f8583d,
0x53462930,
0x0b302bf8,
0x180b01f1,
0x2072b041,
0x01f81646,
0xe2f7ff2f,
0x09f1bbfc,
0x20d1c80f,
0x79f7fa46,
0x168107cf,
0xb140f8e7,
0x492d4a2d,
0xf7f8482e,
0xe7feff42,
0x0368f107,
0x4b2be749,
0x4621462a,
0x0062f887,
0x00a8f8c7,
0x00acf8c7,
0x00b0f8c7,
0x00b4f8c7,
0x30b8f8c7,
0xf8c74b25,
0x4b2430bc,
0x00c4f8c7,
0x00c8f8c7,
0x00ccf8c7,
0x00d0f887,
0x30c0f8c7,
0xf8872301,
0xf10700d2,
0xf88700a8,
0xf88730d1,
0x4b1b30d3,
0xfbfbf7fc,
0x0207f06f,
0x36aa06cf,
0xb928fd9a,
0x940a06cf,
0xb84605fe,
0x05cf14b3,
0xf7f80cbc,
0xe7feff03,
0xf120e1f1,
0xf120d2b8,
0xf120e0fd,
0xf120e13d,
0xf120e180,
0xf1209de0,
0xf1209df0,
0xf1209fd0,
0xf1209dd0,
0x0404cfc0,
0xfaf1209f,
0x90f120e1,
0x8606cfe1,
0x20d50124,
0x20d51bf1,
0x20d719f1,
0x20e1a2f1,
0x20e212f1,
0x209750f1,
0x209760f1,
0x0bcf40f1,
0x9770208c,
0x06cff120,
0xf7f952ac,
0x61b8fc55,
0x00ad08cf,
0x7b0e04cf,
0x002b016a,
0x7f810ef3,
0x4f26004a,
0x400801f0,
0x7b511df2,
0xc7462068,
0xb360a8f8,
0xacf8c746,
0xb0f8c760,
0xbcf8c760,
0xc74a7820,
0x1b60b4f8,
0xb8f8c768,
0xc0f8c760,
0x13697a20,
0xc77f80f0,
0x3b60c4f8,
0xc8f8c769,
0xccf8c760,
0x13bf1860,
0xd0f88746,
0xd1f88760,
0x8060fb80,
0x87461a23,
0x8760d2f8,
0xf960d3f8,
0x55fc1ff7,
0xa4f44f22,
0x7804cf61,
0x2255fb9e,
0xcf21f240,
0x98468a05,
0x05cf17fb,
0xcf2e56ce,
0xfc0c0e05,
0x8062f887,
0x2300667e,
0xf88768fa,
0xf8973063,
0xf8523040,
0x42b33023,
0x2301d102,
0x7a1204cf,
0xfff2406e,
0x40429a13,
0x008181f0,
0x40f10726,
0x41f88703,
0x07443360,
0x9a0140f1,
0x01462078,
0x5df89736,
0xff1ad230,
0x09fbe5f7,
0x05cfee2e,
0xf2401ee5,
0x5e05cf1d,
0x6a7bfbdd,
0xdd762b01,
0x2b0069fb,
0x4e44d073,
0x368906cf,
0x78c1f240,
0x0900f04f,
0xf7f97832,
0xf816fb51,
0xe205cf03,
0x3004cf50,
0x0ecffb4a,
0xf900e382,
0x11cf3ef7,
0xf900e382,
0x16fc34f7,
0x1f2f01f8,
0x08f889fa,
0x2071c2f2,
0x09b28946,
0xf90901f1,
0x08fb2bf7,
0x2071c7f2,
0x89797246,
0x24f7f9b2,
0xccf208fb,
0x897ab271,
0x5a04cfb2,
0xf208fb1d,
0x7bf271d1,
0x160e06cf,
0x05f1b9fb,
0xdfd1db0f,
0xcf8090f8,
0x185adf0a,
0x062f01f8,
0xcf7100f5,
0xfb035008,
0x2105f206,
0x986004cf,
0xf92005f8,
0x05cffbf7,
0xf8985edf,
0x06cf200a,
0x05cff346,
0xf8985edf,
0x1007cf0f,
0xdf05cfeb,
0xbbd1d85e,
0x8306cf69,
0xfef00370,
0x5bf7f903,
0x03f11bfb,
0x0bf0400f,
0x064a0581,
0xf8480649,
0xfefdc1f7,
0x20d455e7,
0x20d535f1,
0x20d2f8f1,
0xcfe232f1,
0x0f64840a,
0xfbf120d3,
0x3f2b0069,
0xadaeeef4,
0x30820bcf,
0xfaa2f7f9,
0x8b05cf4e,
0x4646aa76,
0xcf0b03f8,
0xcfb37004,
0x71e31205,
0x46b14620,
0xcfacf7f9,
0x1abf820c,
0x3c8205cf,
0x820ccfa0,
0x07cf1abf,
0xfb963c82,
0xf88afa1f,
0xf2084620,
0xf10a71c2,
0xb2890a01,
0xfa75f7f9,
0x71c7f208,
0xdd07cf09,
0x6df7f964,
0xccf208fa,
0x07cf8971,
0xf7f946e1,
0xf208fa65,
0xcf8971d1,
0xf946e107,
0xbafa5df7,
0x890f05f1,
0x46e105cf,
0x3e8207cf,
0xcf7af2f8,
0xcf0c830e,
0x71c73404,
0x06cf7c32,
0x05cf5e32,
0xcf79b252,
0xcf570e06,
0xf8165005,
0x06cf2f01,
0x05cf4f10,
0xd1db3882,
0xf04f4e72,
0x46b10a00,
0x228107cf,
0x09cf00f5,
0xfa242281,
0x2105f208,
0x22810acf,
0xf208fa1c,
0x0acf210a,
0xfa142281,
0x210ff208,
0x22810acf,
0x8116cf0c,
0xcf00f522,
0xcf22810b,
0x21053404,
0x228108cf,
0x5205cf0d,
0x228108cf,
0x5005cf06,
0x22810acf,
0x06cff9fe,
0xe6232281,
0x0840f107,
0xda07cf49,
0x8700a870,
0xfc6041f8,
0xb0f9bff7,
0x833ffff1,
0x9cf04046,
0x08260080,
0x05cf06eb,
0x46412286,
0x7ada4620,
0xf7ff3601,
0x2e09fa59,
0x6a7bd1f3,
0xf73f2b01,
0x0ecfae7a,
0xfa4c1e84,
0x1040f897,
0xf8974a36,
0x48353060,
0x2021f852,
0xa0e8f8df,
0x90e8f8df,
0x4a324093,
0xf8dfb2db,
0x08cf80e0,
0x46205095,
0xcf34f7f9,
0x4a2d3005,
0x3061f897,
0x3005cf2c,
0x4a2b4093,
0x0ccfb2db,
0x07fa2224,
0x1606e8f1,
0x5a2da8f8,
0x731022f8,
0x597d1b19,
0x510022f8,
0x8b1025f8,
0x22f85840,
0x10b2db10,
0x202025f8,
0x25f83146,
0xf9350110,
0x09fa0af7,
0x97d1e52d,
0xcf205ef8,
0x3ec08106,
0x2300faa7,
0xf24022f0,
0x8905cf61,
0x7bf9fb34,
0x0433016a,
0x7f627b2b,
0x20ac2cf4,
0x40f10746,
0xe9f7ff01,
0x004604fb,
0xb5f00028,
0x02480d80,
0x57f7f824,
0xec4620fc,
0x309b07cf,
0x06cfd2f8,
0xe1b74885,
0x508a06cf,
0x06cf9df0,
0xcfc0608a,
0x525c8a0b,
0x8a06cfe2,
0x8a08cf34,
0x40f89740,
0x01f04f30,
0x494a4808,
0x41f89748,
0x23f85210,
0x23f85020,
0xdf230000,
0x05cf30f8,
0x08cf6698,
0xf9b35e81,
0xf8976a3b,
0x04cf2040,
0x3e7a9826,
0x14f8df4b,
0x22f85391,
0x21f85330,
0x03fa0030,
0xdb483bf3,
0x22f850b2,
0x50483ac0,
0x329807cf,
0x963a08cf,
0x6604cff9,
0xcf3804cf,
0xcf2c9812,
0xcf862004,
0x2d202004,
0x2204cf4b,
0x769818cf,
0xcf084620,
0x6f769807,
0x5f4e1fcf,
0x1a4e05cf,
0x05cf144b,
0x07cf5081,
0x11c07e98,
0x149a05cf,
0x109a08cf,
0xcf5a04cf,
0xf900c208,
0x3af946f7,
0x01f8126a,
0x97623a3f,
0x9a205df8,
0xcfd90142,
0x360a9205,
0xf47f2e09,
0xe540ad2f,
0xf7354808,
0xe74af1bd,
0xf1209720,
0x149918cf,
0x0acfe257,
0xcf771499,
0x7051b707,
0x6d5f7968,
0x06cf6370,
0xffff229e,
0x0404cf00,
0xcf0808cf,
0x20cf1010,
0x00ff0020,
0x0404cfff,
0xcf0808cf,
0x20cf1010,
0x00000020,
0x00000d00,
0x00001100,
0x00001500,
0x00001900,
0x709e07cf,
0x2d8107cf,
0x739e05cf,
0x3a8108cf,
0x0bcf7164,
0x0bcf66df,
0x09cf6215,
0x9e06cf15,
0x4c4f502f,
0x504d5f4c,
0x4f445f43,
0x465f454e,
0xcf47414c,
0x64389e06,
0x72776b73,
0x575b000a,
0x79b807cf,
0x5d9e07cf,
0x4b534544,
0x12cf5745,
0x07cf759e,
0x5f514418,
0x5f434452,
0x54415453,
0x009f07cf,
0x422011cf,
0x57200ecf,
0x000a4744,
0xcf6507cf,
0x98289f06,
0x72a705cf,
0xb99b784b,
0xf7f82164,
0x7863ffc4,
0x007ff000,
0x4a13b973,
0x0143eb03,
0x42815c89,
0x3301d004,
0xd1f72b4a,
0x33fff04f,
0xbd984618,
0xe7ea211d,
0xf04f2b01,
0xd1090300,
0x2609cf0b,
0x3301d0f1,
0xd1f72b51,
0xcf07e7eb,
0xcfe71409,
0xe7e11407,
0xe81cbf00,
0xe8faf120,
0xe9edf120,
0xe98108cf,
0x0c46802c,
0xfe461646,
0x05fe40f7,
0x40462146,
0x92f7fe46,
0x23b91dfd,
0x63607369,
0x05cf3369,
0x81f01eba,
0x1cf906cf,
0xaf004606,
0x46154688,
0xbb9c784c,
0xd8652a4a,
0x80d4f8df,
0x46112206,
0x0545eb05,
0x3000f8d8,
0xf043029b,
0xf7f90380,
0x2001fa2e,
0xf1c2f735,
0x04cf4b2c,
0x5d46301e,
0x1e04cf5d,
0x2383ea45,
0x1e2006cf,
0x1004cffa,
0xcf1c06cf,
0xf7f91604,
0x3205cf15,
0xf045f1a9,
0x21640280,
0xf7f84630,
0x06cfff5d,
0x2c013ed3,
0x2a51d115,
0x4b19d82f,
0x0542eb02,
0xf895441d,
0x462a50de,
0xf7f9210e,
0xf44ff964,
0xf735707a,
0xf8d8f18e,
0xb95c4018,
0x211d462a,
0x2a51e7e1,
0xcf0ed819,
0x51d12c09,
0x2c01e7e8,
0x462ad106,
0x5605cfa1,
0x2400ff32,
0x2c02e7d2,
0x462ad102,
0xe7f521a2,
0xd1f62c03,
0x21a3462a,
0xf04fe7f0,
0xcfc534ff,
0x60208207,
0xcff120e2,
0x805cbb0e,
0x306962ff,
0xe369a146,
0xbb0ecf69,
0x05cf295c,
0xfb925cbb,
0xf001f2f3,
0x68a3fe10,
0x68e3606b,
0xcff860ab,
0xcf009e06,
0x14308205,
0x4abb9946,
0xdfd84f2a,
0x05cfa8f8,
0xeb042c82,
0x0ccf0444,
0xf9982c82,
0xf7352001,
0xcf21f12c,
0x1c2c8207,
0x2c8205cf,
0x8209cf44,
0xcff9882c,
0xcf2c820a,
0xf7f91604,
0x3205cf7f,
0xcf44f113,
0xc72c8209,
0xe406cffe,
0x12290102,
0x8209cfd1,
0x441c0400,
0x40def894,
0x8205cf22,
0xcff8ce2c,
0xf82c8206,
0x1d4622f0,
0x51e7e421,
0x05d8062a,
0xd12609cf,
0x09cfeb41,
0x08cf6ecd,
0xe92d0082,
0xcfa743f0,
0x1d0cfd05,
0x66bc05cf,
0xf88760b4,
0x63ba1021,
0x2165b931,
0xfe74f7f8,
0xf3c04b56,
0x60180087,
0xf7344855,
0xf8d7f78b,
0x226430b0,
0x3332019b,
0xf3f2fb93,
0x3088f8c7,
0x0f00f1b8,
0xf44fd12a,
0xf240737a,
0x4373228a,
0x1345f203,
0x4a1c04cf,
0x07462049,
0x4f0890f1,
0xc70901f0,
0xf9308cf8,
0x00fa96f7,
0x70f80823,
0x20f8973d,
0x1c2b0330,
0x90f107d9,
0x05230005,
0x973d54f8,
0x03303cf8,
0x3ed9652b,
0x59f73448,
0x942000f7,
0x0cf007cf,
0xf1b8230a,
0xfb030f01,
0xd102f306,
0x22043302,
0x3303e7d2,
0x00cf2206,
0x3cf887e7,
0x03fa0930,
0x2943abf3,
0x074e32d1,
0x0f0c08f1,
0xbb06cfce,
0x07036474,
0x96023cf1,
0x74bb07cf,
0xf1074621,
0x97000008,
0xcf439301,
0x304ee105,
0x064a28b1,
0x270108f1,
0x0bf7f848,
0x7ae7fef9,
0xd76abb6a,
0xd0108cf8,
0x1f42881a,
0x20f897db,
0xfab93910,
0x97633b62,
0x05cf20f8,
0x302026bb,
0x6af8e7a8,
0xdc004282,
0x6b3a62fa,
0xdb004293,
0x2903633b,
0x6afad1ef,
0x46204641,
0x08cf6b3b,
0xf7ff1484,
0xe7e4fe64,
0x5c05cf13,
0xf7f84810,
0xe7fef8dd,
0x46204629,
0xfc8af7fe,
0x4a0eb128,
0x480b490e,
0xcfd2f7f8,
0x3c62bc05,
0x3c5a05cf,
0x00e78430,
0x20e260bf,
0xcfeb1cf1,
0x3c50bb06,
0xe0f120eb,
0x2bf120ea,
0xbb0acfeb,
0x20d29d50,
0xcfeaf8f1,
0xa450c506,
0x32ca05cf,
0xaf004690,
0x1021f887,
0x1e8306cf,
0xcf54fda5,
0x531e8307,
0xbcf73448,
0xae06cff6,
0xfa462870,
0x3cfb60f7,
0x64f10764,
0x20f10702,
0x00462801,
0xc3f7ff24,
0x20f887fd,
0xcf667840,
0x0f7e8206,
0x90f107d9,
0x54f80606,
0x8206cf4d,
0x43d9727c,
0x9bf73448,
0x902000f6,
0x60c507cf,
0x0290f107,
0x303cf887,
0x0283eb02,
0x4c90f842,
0x4c80f842,
0xcf022201,
0x083cbf05,
0x7ed11903,
0x00f04f6e,
0x7b3e0809,
0x9e33086e,
0xcfdd1742,
0xd10d5806,
0x000fe897,
0xdd444288,
0xdd3e4290,
0xdd3a4298,
0x4628693a,
0x1021f897,
0xfe6af7ff,
0x58820acf,
0xcf32e7bb,
0x46281605,
0xfe5ef7ff,
0x013cf107,
0xf7fe4628,
0x4682fc7f,
0x440c08cf,
0x00f1bafb,
0xfcd0010f,
0x97653c64,
0xfb2020f8,
0x926d396c,
0x071a5b00,
0x880190f1,
0x90f85018,
0x0142991c,
0x90f840dc,
0x0545993c,
0x1604cfdc,
0x440a4699,
0x6c80f842,
0xe7b43604,
0xe7c369fa,
0xddfb429a,
0xe7bf69ba,
0xddf94291,
0xddf54299,
0xcfb9697a,
0xfe64be05,
0x28fc05f7,
0x094a08b1,
0xf8480949,
0x0dcf07f7,
0xe7771683,
0xf120e260,
0xf120eb48,
0x06cfeb5b,
0xcf080083,
0x40108307,
0x2d41002d,
0x1e2e4241,
0x445f2e43,
0x30453c2f,
0x5a304619,
0x48373147,
0x32491432,
0x32334a55,
0x4c0f344b,
0x354d5034,
0x0a364e2d,
0x504b364f,
0x38512837,
0x46385205,
0x54233953,
0x3a55003a,
0x1e3b5641,
0x01003c00,
0x3d02413c,
0x5f3d031e,
0x053c3e04,
0x3f06193f,
0x3740075a,
0x09144108,
0x420a5541,
0x0f430b32,
0x0d50430c,
0x450e2d44,
0x4b450f0a,
0x11284610,
0x47120547,
0x23481346,
0x15004914,
0x4a164149,
0x5f4a171e,
0x193c4b18,
0x4c1a194c,
0x374d1b5a,
0x1d144e1c,
0x4f1e554e,
0x0f501f32,
0x21505020,
0x52222d51,
0x4b52230a,
0x25285324,
0x54260554,
0x23552746,
0x29005628,
0x572a4156,
0x5f572b1e,
0x2d3c582c,
0x592e1959,
0x375a2f5a,
0x31145b30,
0x5c32555b,
0x000a0032,
0x02280a01,
0x0b03500a,
0x3c0b0414,
0x06000c05,
0x0c07280c,
0x140d0850,
0x0a3c0d09,
0x0e0b000e,
0x500e0c28,
0x0e140f0d,
0x100f3c0f,
0x28101000,
0x12501011,
0x11131411,
0x0012143c,
0x16281215,
0x13175012,
0x3c131814,
0x1a001419,
0x141b2814,
0x14151c50,
0x403c151d,
0x16410016,
0x50164228,
0x44141743,
0x18453c17,
0x28184600,
0x48501847,
0x19491419,
0x001a4a3c,
0x4c281a4b,
0x1b4d501a,
0x3c1b4e14,
0x50001c4f,
0x1c51281c,
0x141d5250,
0x543c1d53,
0x1e55001e,
0x501e5628,
0x58141f57,
0x20593c1f,
0x28205a00,
0x5c50205b,
0x215d1421,
0x00225e3c,
0x6028225f,
0x23615022,
0x3c236214,
0x64002463,
0x24652824,
0x14256650,
0x683c2567,
0x26690026,
0x50266a28,
0x6c14276b,
0x286d3c27,
0x28286e00,
0x7050286f,
0x29711429,
0x002a723c,
0x01000f00,
0x10023c0f,
0x50100314,
0x05281104,
0x12060012,
0x1413073c,
0x09501308,
0x150a2814,
0x3c150b00,
0x0d14160c,
0x170e5016,
0x00180f28,
0x113c1810,
0x19120a19,
0x1e1a1346,
0x155a1a14,
0x1c16321b,
0x461c170a,
0x191e1d18,
0x1e1a5a1d,
0x0a1f1b32,
0x1d461f1c,
0x20401e20,
0x3221415a,
0x430a2242,
0x23444622,
0x5a23451e,
0x47322446,
0x25480a25,
0x1e264946,
0x4b5a264a,
0x284c3227,
0x46284d0a,
0x4f1e294e,
0x2a505a29,
0x0a2b5132,
0x53462b52,
0x2c541e2c,
0x322d555a,
0x570a2e56,
0x2f58462e,
0x5a2f591e,
0x5b32305a,
0x315c0a31,
0x1e325d46,
0x5f5a325e,
0x34603233,
0x4634610a,
0x631e3562,
0x36645a35,
0x0a376532,
0x67463766,
0x38681e38,
0x3239695a,
0x6b0a3a6a,
0x3b6c463a,
0x5a3b6d1e,
0x6f323c6e,
0x3d700a3d,
0x1e3e7146,
0xd95a3e72,
0x05f120e2,
0x65f120e3,
0xf5f120e2,
0xc40acfe3,
0x9206cf08,
0xc40acf68,
0x100fcf09,
0x1db205cf,
0x150bcf5b,
0x45ba09cf,
0xc30acf57,
0x1f0acf59,
0x2c0fcf5d,
0x646e325f,
0xcf530ccf,
0xcf5d1206,
0x04a28113,
0x0000076c,
0x0000076d,
0x0000076e,
0x8113cf6f,
0x0770309b,
0x07710000,
0x07720000,
0x07730000,
0x014a0000,
0x014900ff,
0x05e800ff,
0xcf03000f,
0x089d8113,
0x9d8110cf,
0xcf014a3c,
0x08cf0404,
0x8112cf08,
0x10cf489d,
0xcf7c9d81,
0x20cf3010,
0xcf014960,
0x08cf0404,
0x6022cf08,
0xcf3010cf,
0x38998128,
0xaf002440,
0xfb924681,
0x460ef4f4,
0x2c004615,
0x4a1cda05,
0x481d491c,
0xfda0f7f7,
0xf8dfe7fe,
0xea4f8078,
0x4a1a0b81,
0x3021f858,
0xeb0244d8,
0xf8120a0b,
0xf8ba2021,
0x06cf1010,
0xf87cf081,
0xd8fb1df7,
0x483010f8,
0x20f89a46,
0x30f8ba20,
0x111809cf,
0xf84648fb,
0x6bfd8ef7,
0x3ff00542,
0x3ff00302,
0x58464803,
0x08425abf,
0x26f8134b,
0xa4f7f810,
0xbd2000f9,
0x008ff8e8,
0x20f4b4bf,
0xcff428f1,
0x701c8a06,
0x24f120eb,
0x80f120ff,
0xb806cfec,
0x04b08f3c,
0x00469946,
0xb4af0025,
0x7a6e3e48,
0x3461b960,
0x20f36df7,
0xc4f8df46,
0xc8f8df82,
0x8af7fbb2,
0x4cf898ea,
0x01f10530,
0xabb2ed0a,
0x0cf20042,
0x9d06cf81,
0xf825007c,
0x78fac8f7,
0xcf230061,
0x04cf1006,
0x810ccf0e,
0x2e001499,
0xf303fb06,
0x2300bf08,
0x687b60fb,
0x0901f04f,
0xf805fa09,
0x0303ea38,
0x81bdf040,
0x46204b99,
0x0b85ea4f,
0xf8134e98,
0x33102025,
0x1025f833,
0xfaa0f7f8,
0x46294b95,
0x46206278,
0x3025f853,
0xf001623b,
0x4b92f919,
0x46206138,
0x2005cf13,
0x4682f856,
0xf388fa5f,
0xf44f220f,
0x04cf61bd,
0x02fa8e74,
0x05cf8e23,
0xf7f814f6,
0xf106fa88,
0xcf560310,
0x53189e05,
0x221025f8,
0xd2f301fa,
0x06408bb2,
0x310120f1,
0xdb1025f8,
0x76f7f8b2,
0x30f106fa,
0x2005cf03,
0x40f10620,
0x280ecf03,
0x2809cf50,
0xf106fa62,
0x2809cf60,
0x280fcf70,
0x2809cf80,
0xf106fa4e,
0x2809cf90,
0x36b003a0,
0x362a0ccf,
0x3b2607cf,
0x0069bbfa,
0x20d17c2b,
0xa5f7f846,
0x80f040fc,
0x06464a03,
0x348205cf,
0x0acffc62,
0xfa214c81,
0x0008ea00,
0xf305fa50,
0x812cf000,
0xf04f6a3a,
0x46460800,
0xf8c76a7b,
0x41138020,
0x1383eb0a,
0x469946c2,
0x33e0627b,
0x4b4d60bb,
0x603b442b,
0xc08106cf,
0x1cf8c77a,
0xc8f7ff90,
0x4f2380fe,
0xcf61bff4,
0x020c8206,
0xc38207cf,
0x05cfbf26,
0x3bf9fb5a,
0x38f10768,
0x00f8930e,
0x0e4b40c0,
0x0f0c8ceb,
0x0fe90ecb,
0x20220100,
0x10f83c46,
0xe3f7f81c,
0x006a3bf9,
0x00d1432b,
0x08d13628,
0xbb0801f1,
0x01f10968,
0xcd454b09,
0x7a4629d1,
0xff46206a,
0x32fe98f7,
0x3349334a,
0x43f7f748,
0x21462afc,
0xf7483246,
0x31fc3ef7,
0x31492e4a,
0x39f7f748,
0x08e7fefc,
0x200385eb,
0x93445d46,
0xb32042f8,
0xf81040f8,
0x85f9b8f7,
0x550020f8,
0x7fe6dd46,
0x05cf1722,
0xf9af7081,
0x027ff060,
0xb2d22102,
0x4c0e04cf,
0xb8e77ffb,
0x000f0ff1,
0xc780eff3,
0x4fa01cf8,
0xd70801f0,
0xbfa01cf8,
0x006a3be7,
0x01d0bc2b,
0x05cf1528,
0x04cf0e81,
0x56ddb524,
0xa6db1345,
0x0f060aeb,
0x15dd312e,
0x1049164a,
0xfdf7f748,
0x312210fb,
0xf7481446,
0xa9fbf8f7,
0x01f109e7,
0x00f04f06,
0x40e79f08,
0xc8e7e936,
0x8506cff4,
0xcfebc070,
0x24708506,
0x8106cfff,
0xf4386899,
0xf521f120,
0xf465f120,
0x08dd07cf,
0x69f120f5,
0x8606cff5,
0x20f4cc20,
0x20f448f1,
0x20f4e5f1,
0x292302f1,
0x96462046,
0xfbf6f3fb,
0x9a44b268,
0xff465244,
0x7bfe15f7,
0x03ebaa6a,
0x3ff1ba0a,
0x4fdd770f,
0x0a18aaea,
0xbb0a3ff0,
0x732b0069,
0x5e8305cf,
0xf64ffbb6,
0x2201737f,
0x06cf4003,
0xfb726083,
0x23004e43,
0xf1064620,
0xf8160120,
0xf831200b,
0xf7f8100b,
0xf106f933,
0xf1060230,
0x23000150,
0xcf0bf812,
0xcf48a305,
0xf9271804,
0x0260f1a6,
0xcf40f1a6,
0xf91b180f,
0x0230f1a6,
0x08cf3e10,
0x05cf3616,
0x02f91016,
0x8e230022,
0x0a6805cf,
0x204b2af9,
0x0bf81346,
0xc3f7f710,
0x297c3bfe,
0x83fa5846,
0x88eb00f8,
0x08462018,
0x00020aeb,
0x00ff8af0,
0x18f47f28,
0x043501af,
0x36f47f2d,
0x004d1fae,
0x80f8df23,
0xdb1c5e80,
0x4cf895b2,
0x1d429a20,
0x0bcf7bd8,
0xf7f858a5,
0x4817f8e0,
0xf166f734,
0xcf3c2000,
0xf036d408,
0xe7880800,
0x4c8308cf,
0x4602f8c9,
0x0a05cf02,
0xe78bfa68,
0x0183eb05,
0x0203eb08,
0x3020f892,
0xf8914620,
0xcfb12042,
0xbd048405,
0xcc4633f8,
0x4e2301e7,
0x0e623b46,
0x20ec20e7,
0xcfff14f1,
0x83188306,
0x890acff5,
0x04b08508,
0x068905cf,
0x607a4882,
0xf12cf734,
0xf7fb4620,
0x4b80e84e,
0xcf7a60bb,
0xf33c8808,
0xf0404393,
0xf8df80e1,
0x4620a220,
0x497a00ae,
0xfc42f7f8,
0xf10a4620,
0xcf1a0310,
0xf86cb207,
0x75f87ff7,
0x25f8534b,
0x03fa4030,
0x05cf73fb,
0x20251282,
0x06cf4b72,
0x71f8711c,
0xf31c08cf,
0x60fb4620,
0xfc0bf7f8,
0x8605cf01,
0x80fc792e,
0x69280046,
0x0c04cfd0,
0x68bbfbf8,
0xfa09781b,
0xea39f903,
0xf0400300,
0xac05cfa8,
0x00f8c75e,
0x6f46c8a0,
0xdf0301f0,
0x48a1a8f8,
0x204b5be0,
0x3a683a46,
0xf31006f8,
0x0b5d9258,
0x148b07cf,
0x4b59f847,
0x4a594620,
0xf10258f3,
0x5d920110,
0x08cf5b89,
0xcff83a1a,
0xfab75c04,
0x46204629,
0xf00068fa,
0xb128fe53,
0x49514a50,
0xf7f74851,
0xe7fefa9b,
0x0f02f1b9,
0x8105cf12,
0xcffbc100,
0x2f148106,
0x148105cf,
0x1405cf68,
0x68bbfbae,
0x2301781a,
0x43834093,
0x06cfd15f,
0x034ac881,
0xb9d0570f,
0x6f0f01f1,
0x080301f0,
0xfa2304bf,
0x03eb1b68,
0xfa441a0b,
0x3dd5b060,
0x3b493d4a,
0x6ef7f748,
0xdfe7fefa,
0x81a0f8f8,
0x3a8105cf,
0x36220acf,
0x342a00d4,
0x204b2adb,
0xcf4a3446,
0xf744810e,
0x28ffe5f7,
0x2846204b,
0x448111cf,
0xffd8f7f7,
0xf7f84620,
0x8109cf55,
0x00fdf144,
0x05cf9c28,
0xcf677685,
0xd5348107,
0x784680fb,
0x2605cfb1,
0x32810bcf,
0x2302d106,
0x0f00f1b9,
0xf1b8d012,
0xd1830f00,
0x350168bb,
0xf1032d04,
0x60bb0301,
0xaf0ff47f,
0xf7344814,
0x2000f033,
0x3ef808cf,
0x0901f04f,
0xbf00e7a8,
0x06cff587,
0x79f83087,
0x288406cf,
0x60b30ccf,
0xf120ec90,
0xf120eb90,
0xf120f58d,
0x8d07cf8f,
0x20f4b45c,
0x07cf7af1,
0xf5af7487,
0xeb80f120,
0x6c77f120,
0x7465735f,
0x7164775f,
0x6c645f73,
0x03500079,
0x03580000,
0x03600000,
0x03680000,
0x509208cf,
0x6576656c,
0x676e696c,
0x2aa505cf,
0x66de0acf,
0xcf1d0fcf,
0x0bcf1507,
0x5f697552,
0x616c6564,
0x2a08cf79,
0x6e657461,
0x695f7963,
0x746e6564,
0xcf796669,
0xcf103207,
0xcf709107,
0x5102a508,
0x49555f53,
0x4c41565f,
0x5b004555,
0x06cf4c57,
0x4c5722df,
0x54454d5f,
0x41545341,
0xcf454c42,
0xcf5fcd07,
0x3bc58106,
0x008108cf,
0x20736920,
0x2074756f,
0x6e20666f,
0x616d726f,
0x656d206c,
0x74736174,
0x656c6261,
0x6e617220,
0x28206567,
0x3e206425,
0x29642520,
0x5507cf0a,
0x03c505cf,
0x4556454c,
0x474e494c,
0x5445535f,
0x4645445f,
0x544c5541,
0x00e007cf,
0xe006cf42,
0x204c5700,
0x20746573,
0x69206f74,
0x6974696e,
0x04cf6c61,
0x6e69740f,
0xc509cf67,
0x490ecf7d,
0x31a606cf,
0x5b005d4c,
0x44494c57,
0x41240ecf,
0x434e4554,
0x44495f59,
0x49544e45,
0x08cf5946,
0xcf44492c,
0x7055a605,
0x78000003,
0x80000003,
0x88000003,
0x4c000003,
0x4d000003,
0x4e000003,
0x4f000003,
0x65000003,
0x6d000002,
0x75000002,
0x7d000002,
0x89000002,
0x91000002,
0x99000002,
0xa1000002,
0x85000002,
0x86000002,
0x87000002,
0x88000002,
0xa9000002,
0xaa000002,
0xab000002,
0xac000002,
0x8112cf02,
0x07b20cb5,
0x07b60000,
0x07ba0000,
0xcfbe0000,
0x18b78113,
0x000007b3,
0x000007b7,
0x000007bb,
0x2013cfbf,
0x000007b4,
0x000007b8,
0x000007bc,
0x000007c0,
0x0000000a,
0x0000000b,
0x0000000e,
0x0000000f,
0x00000012,
0x00000013,
0x00000016,
0x00000017,
0x48cf736d,
0xf074ad81,
0x06b0854f,
0x10f04f46,
0x02240008,
0x79483aaf,
0x86f7f760,
0x034b39f8,
0x7b0a20f1,
0x84ea4f68,
0xdfbb5b09,
0x1db0f8f8,
0x34463046,
0x09f8534b,
0x99442b30,
0xf7603bb2,
0x00fd6ff7,
0x21462a90,
0x3b350146,
0xf7465868,
0x08f86bf7,
0x2cd1ec2d,
0x5346304b,
0xa95009f8,
0x5ef7f7b2,
0x294603fd,
0x2405cf48,
0x04f10834,
0x59f7f708,
0xd32c04f8,
0x8208cfd1,
0x2500528e,
0x1009f85a,
0xfb85fa1f,
0x194b4630,
0xcf894459,
0xcf435805,
0x683b5807,
0xf7f7481b,
0xf858f840,
0x4630100a,
0x08cf186b,
0x0bcf3320,
0xf7481378,
0x08f82ff7,
0x12d1da2d,
0x5546304d,
0x1f9009f8,
0xf7f189fa,
0x03fd21f7,
0x21464a46,
0xf7480d46,
0x58f81ff7,
0x305005f8,
0xf7b2a946,
0x03fd15f7,
0x3c04cf46,
0xe7b54808,
0xf120fdd2,
0xf120f5b8,
0xf120f5c8,
0xf120fe17,
0xf120fe37,
0xf120fe5d,
0xf120f5f8,
0xf120fe83,
0xf120feaa,
0xf120fdf6,
0x211bb5b0,
0x4605af00,
0xfcf6f7f7,
0x211c4604,
0xf7f74628,
0xea40fcf1,
0x22032304,
0x46282106,
0x0304f023,
0xffb1f7f7,
0x0000bdb0,
0x2300b5f8,
0xaf00461a,
0x21024604,
0xffa7f7f7,
0x211c2218,
0xf7f74620,
0x4606fd67,
0x480eb118,
0xffd8f7f6,
0xcf1be7fe,
0x00cf1405,
0xcf4605fc,
0xfcca1e06,
0x2305ea40,
0x46202203,
0xcf432106,
0xff8a4e05,
0x46322355,
0x1e05cf0b,
0xbdf8ff84,
0x06cffed1,
0x2301408d,
0x4093b083,
0x46884605,
0x90a0f8df,
0x24004692,
0xf04faf00,
0x607b0b55,
0x0307f1c4,
0xfa2b2203,
0xf240f303,
0x462871c1,
0xf01326ff,
0xbf080f01,
0xf7f72600,
0x4540fd28,
0x06cfd02a,
0x462822c4,
0xfd20f7f7,
0x0087f3c0,
0xd0224580,
0x1ec406cf,
0x161404cf,
0x07f3c0fd,
0x4f458010,
0x180002f0,
0x592003bf,
0xba1020f8,
0x283ffff1,
0x89442146,
0xf7d10fb2,
0x86fc77f7,
0x01d11142,
0xc82c0834,
0xcf2000d1,
0x20448309,
0x2001e7e9,
0xf7f7e7e7,
0x687bfc67,
0x42184070,
0xf04fd0ed,
0xe7ee30ff,
0xf120f5b8,
0xb5802300,
0xaf00461a,
0xf7f72105,
0xbd80ff20,
0x22acb598,
0xaf004604,
0xf7f72120,
0x4620fe81,
0x210f2255,
0xfe7cf7f7,
0x22de4620,
0xf7f72128,
0x1405cf77,
0xf7f72114,
0x4620fe72,
0xf24022ac,
0xf7f75116,
0x04cffc54,
0x17f24020,
0x4ef7f751,
0x2204cffc,
0x61a3f44f,
0xfc48f7f7,
0xf2402255,
0x46205119,
0xfc42f7f7,
0xaa06cf98,
0xcf83437c,
0x0018a605,
0x0ff24023,
0x02469051,
0xf72240af,
0x06cfaef7,
0xf24ee083,
0x4628511c,
0xfca7f7f7,
0x8107cf40,
0x04cf4095,
0x80fca00e,
0x78c807cf,
0x990e04cf,
0x332001fc,
0xcff661f7,
0xcf7cc706,
0xfc891204,
0xcf294284,
0x813e820b,
0x87f3c0fc,
0x21428400,
0x3e820bcf,
0xf3c0fc77,
0x42841007,
0x0402f04f,
0x2403bf18,
0x0901f04f,
0x461a2305,
0x61a5f44f,
0xf8cd4628,
0xf7f79000,
0x4606fc0b,
0x4a27b148,
0x48284927,
0xfed4f7f6,
0x2400e7fe,
0x2401e7ea,
0x230ae7e8,
0x1a2804cf,
0x2a08cf46,
0xb1d8fbf6,
0xf240b9f4,
0x04cf3105,
0x04fbbb5c,
0x07f24046,
0xb50c05cf,
0x40f000fb,
0xfff1b800,
0x24d11d3f,
0xdbf306fa,
0x01d42107,
0xf82e0836,
0xd608cfd1,
0x07cf044e,
0xf2402aaa,
0x3205cf06,
0x3e0bcf9c,
0xf020fb96,
0xb2c0007f,
0xf1b8e7de,
0xd0e50f08,
0xf008fa24,
0x0000f340,
0xac05cfe4,
0x00e7e104,
0x20fef2bf,
0xcffdc0f1,
0x30688d06,
0x0ce92d48,
0x08e28db0,
0xc1e24dd0,
0x00e30017,
0xb9e1a050,
0x50faffdd,
0xcfe7e942,
0x84421005,
0xa00005e1,
0xef4074e1,
0xa02004e6,
0xffddbfe1,
0x0804cffa,
0xe31404cf,
0xc1e30017,
0xbae30047,
0xfcfaffdd,
0x05e3a020,
0x1806cf30,
0xe3a0101f,
0xe58d4000,
0xe58d2004,
0xfbffde31,
0xe3a03003,
0xc01804cf,
0x14e3a020,
0x301c08cf,
0x04cfe58d,
0xffde2930,
0xa00000fb,
0x4bd00ce3,
0xbd8830e2,
0xf908cfe8,
0x1146153e,
0x9c05cfb9,
0x2a018374,
0x2a02d02b,
0x2a00d07b,
0x80a1f040,
0x8148f8df,
0x4620b2ae,
0x7100f506,
0xb2893501,
0xcf1ef7f7,
0xcf16bf05,
0x749e8108,
0xfb16f7f7,
0x9e810ccf,
0x0ef7f774,
0x810ccffb,
0xf7f7749e,
0x2d05fb06,
0x000ff888,
0xe7ced1db,
0xf04f4e3f,
0x46b00900,
0xf589fa1f,
0xf5054620,
0x8107cf00,
0xf7f74a9f,
0xcf05faf3,
0xfaeb560d,
0x560dcf05,
0xcf05fae3,
0xcfdb560d,
0x4a9f810b,
0x0800f04f,
0xf588fa1f,
0x04cf7af2,
0x89462052,
0x01f108b2,
0x3406cf08,
0x62bc08cf,
0xfadcf7f7,
0x2f01f816,
0xcf5604cf,
0xcfd41006,
0x04cf5205,
0xf779722e,
0xb8facdf7,
0x62bc05cf,
0x4e16e77c,
0xcf5008cf,
0xcf52c606,
0x08cf5404,
0x05cfba52,
0x3408cf52,
0x8105cfb3,
0xc106cf24,
0xacf7f762,
0xcf5005cf,
0xf762c106,
0x07cfa5f7,
0xf80ccf50,
0x20f69b08,
0x8cb598f1,
0x06af0000,
0x9344234b,
0xb32060f8,
0xf71070f8,
0x03fb03f7,
0x4b442149,
0x98411869,
0x20f5b8bd,
0x20f69cf1,
0xcf2a7ff1,
0x12878108,
0xd8274615,
0x00894e16,
0x440e4c16,
0x440c6973,
0x2060f894,
0x1070f8b4,
0x9307cf05,
0x73faeb5a,
0x9446406a,
0xb42080f8,
0x09cf90f8,
0x73fae016,
0x1604cf6b,
0xf8b420a0,
0x1609cfb0,
0x06cffad5,
0x08cf5ab1,
0xbf001eb1,
0xcf6c04cf,
0x2b607404,
0xaf00b598,
0xeb02d80b,
0x461a0441,
0xeb014906,
0xf8910184,
0xf7f710c0,
0x2000f95e,
0xd105cf98,
0x00bd9808,
0x2c04cfbf,
0x21f105cf,
0x61746164,
0x6d6f635f,
0x65726170,
0x3d3d3d00,
0x0404cf3d,
0x6e697270,
0x6c612074,
0x7164206c,
0x2204cf20,
0x3d1908cf,
0x6c61000a,
0x5f6e6769,
0x64256f64,
0x25697520,
0xd705cf64,
0xcf783322,
0xcf2bd70b,
0x645f2108,
0x1ccf6d71,
0x5f642520,
0x31306870,
0xcf461fcf,
0x33322605,
0x5f6c23cf,
0x5208cf62,
0x322724cf,
0x2712cf33,
0x2052504d,
0x61746144,
0x726f6620,
0xcf74616d,
0x109b8208,
0xaa8107cf,
0x08cf2142,
0x05cf0993,
0x05cf26ba,
0x0fcf4af3,
0x13cf27ba,
0xcf0c14bb,
0x14789407,
0x18000000,
0x3f000000,
0x00b5802a,
0x04d806af,
0x10f305cf,
0xf893f7f7,
0x08cf2000,
0xff141ed4,
0x4b03f120,
0xaf00b580,
0xf61c04cf,
0xcfffa1f7,
0xe92d1406,
0xf1b24ff8,
0xaf000800,
0x460c4606,
0x4b1fdb3b,
0x4a1f2500,
0xb090f8df,
0x62d508cf,
0xfa08491d,
0xf8dff303,
0xb2dba080,
0x9080f8df,
0x1024f831,
0xf9c2f7f7,
0x46304b18,
0x49184a18,
0x3024f853,
0x2024f812,
0xcf1804cf,
0xf778be06,
0x5bf9b3f7,
0x303024f8,
0x24f85a46,
0x24f85920,
0x52595b10,
0x045b495d,
0x2008cf35,
0x2d24f9a3,
0x4630d1ed,
0xfc1ef7f7,
0x46a506cf,
0x48d708cf,
0x0acf9fd0,
0x9fc00898,
0x08c106cf,
0x0ecf9dd0,
0x06cf08c1,
0x4b0638bb,
0x2021f813,
0xcf334b05,
0x736c8105,
0x534b04f9,
0x183024f8,
0xcfbd9841,
0xb248980c,
0xcf6f00f5,
0x0c48ba0c,
0x3ff002d2,
0x69f7ff02,
0xaa4604ff,
0x8206cf11,
0xff7d1098,
0x0ccf4320,
0x48f07285,
0xb014e92d,
0xd010e28d,
0x7071e24d,
0x5000e6ef,
0x1007e1a0,
0xdda8e1a0,
0x3020faff,
0x2024e24b,
0x1012e24b,
0x408a06cf,
0xfaffdd7e,
0xe24b3018,
0xe24b201c,
0x1407cf13,
0xfaffdd79,
0xe907cf24,
0x00000b7c,
0xcf20201a,
0x0054ea07,
0xcf1c1a00,
0x00050c07,
0xcf181a00,
0x00020c07,
0x01541a00,
0xd9c2e59f,
0xbb8107cf,
0xe247403c,
0xe21440df,
0x0a000002,
0xe59f0140,
0x1807cfbc,
0xe51b601c,
0xe6ef3073,
0xe3570020,
0xe55b2020,
0x03a04902,
0xe1a06406,
0xe6ff6076,
0xe1866003,
0xe51b3018,
0xe1a03403,
0xe6ff3073,
0xe1833002,
0x4004cf03,
0x04e35700,
0xcf11a060,
0x48026404,
0xf614e3a0,
0xf314e736,
0x0005e734,
0x3000e1a0,
0x2010e3a0,
0x186ae3a0,
0xdc6be300,
0x08cffbff,
0x07cf0114,
0x0bcf6614,
0x2804cf14,
0xe300186b,
0xfbffdc61,
0x70ec05cf,
0xe906cf00,
0x1404cf08,
0xfbffdc5c,
0xe6ef2076,
0xeb1404cf,
0x1be30018,
0x56faffdc,
0x05cfe724,
0x0018ec64,
0xffdc17e3,
0x07cf74fa,
0x0018f620,
0xffdc13e3,
0x07cf54fa,
0x0018f720,
0xffdc0fe3,
0x07cf10fa,
0xa0200354,
0x7c04cfe1,
0xfbffdc47,
0x140fcf01,
0xfbffdc42,
0xcf280ccf,
0xcf3d7c04,
0x04cf280f,
0xcfdc3814,
0x14408d06,
0xf0e24bd0,
0x23e8bd88,
0x2ff12104,
0x05cf2104,
0x3071588e,
0xb00ce6ef,
0x5001e28d,
0xe33005cf,
0xe3a01e8e,
0xe1a04000,
0xfbffdc2b,
0xe3a03080,
0xe300155c,
0x044804cf,
0x26e1a000,
0x6c8107cf,
0xe3a02040,
0x06cf1e82,
0xdc2110ea,
0x3028fbff,
0x203fe3a0,
0x1825e3a0,
0x1405cf00,
0xfbffdc1c,
0x1407cf02,
0x1407cf22,
0x5004cf17,
0x23e3a020,
0xd61007cf,
0xe2faffdb,
0xede3a020,
0xd21007cf,
0x00faffdb,
0x0ae35500,
0x010a0000,
0x3ae35500,
0x020a0000,
0x3be35500,
0x030a0000,
0x3ce35500,
0xf80a0000,
0xf8e59f20,
0xf8e59f10,
0x3be59f00,
0x048407cf,
0x06cf5c01,
0x05cf0c83,
0x00180c81,
0xffdbc0e3,
0x0520f0fa,
0x1004cfe2,
0xe300182b,
0xfaffdbbc,
0xe7e13455,
0x071004cf,
0x2ce3a020,
0xf4e30018,
0xcffbffdb,
0x20081004,
0x1828e3a0,
0xdbb3e300,
0x08cffaff,
0x00182a10,
0xffdbafe3,
0x07cf08fa,
0x200340f2,
0x1e82e1a0,
0xcfe7e3a0,
0x05cf3407,
0x07cf58f2,
0xcfe20082,
0x08cf140b,
0xcfdd1482,
0xcf20140b,
0xdbd81407,
0x4c8206cf,
0xd3500ccf,
0x4bfbffdb,
0xb7e3a00f,
0x30faeccc,
0x02e8bd88,
0x3006cf5c,
0xeaffffcc,
0x06cf5e3f,
0xffc93c82,
0x5b02eaff,
0xc65c06cf,
0x6feaffff,
0x10f12104,
0x05cf2104,
0x706c1492,
0x34726464,
0x5f77685f,
0xcf696d70,
0x66968106,
0xbf8209cf,
0x000a322e,
0x5f77665b,
0x05cf6572,
0x205d0f9f,
0x6f727245,
0x64202172,
0x695f7371,
0x7265746e,
0x5f6c6176,
0x656d6974,
0x68732072,
0x646c756f,
0x20656220,
0x30327830,
0x20726f20,
0x30347830,
0x7d8a09cf,
0x525f5748,
0x8106cf45,
0x415046c1,
0xcf4d4152,
0x987a8a07,
0x8106cfb5,
0xf24026ad,
0xf7f6114b,
0x08cffeca,
0xf672f482,
0x01fec4f7,
0x07f73320,
0x820acff1,
0xf7f672f4,
0x04cfff35,
0xcff0fd14,
0x72f4820a,
0xcf2bf7f6,
0xf0f31405,
0xf4820acf,
0x21f7f672,
0xe91405cf,
0xcf2805cf,
0x72f48206,
0xcf17f7f6,
0xf0df1405,
0xf48208cf,
0x0ef7f672,
0xd61205cf,
0x8208cff0,
0xf7f672f4,
0x1205cf05,
0x08cff0cd,
0xf6629c82,
0x05cffcf7,
0xf0c40681,
0x9c8208cf,
0xf3f7f662,
0xbb1205cf,
0x8106cff0,
0x114b60b8,
0xfe6ff7f6,
0x06cf4620,
0xf674f482,
0x05cf69f7,
0x98f0ac1e,
0x0fb598bd,
0x5a8105cf,
0x212c230a,
0xfed8f7f6,
0x22804620,
0xf7f6212b,
0x8207cf58,
0xf7f6549e,
0x0a05cf53,
0xf7f62129,
0x0a04cf4e,
0xcf228023,
0xfec32a04,
0xc58208cf,
0xbdf7f67e,
0xfb8209cf,
0xb7f7f62a,
0x7f5a05cf,
0x8208cff0,
0xf7f66a99,
0x4005cf33,
0x61b4f240,
0xcf2df7f6,
0x61b50c07,
0xcf27f7f6,
0x61b60c07,
0xcf21f7f6,
0x309e8307,
0x04cf61a6,
0x05cf9544,
0x0bcf5d44,
0x05cf1144,
0x06cf1881,
0x0bcf0b44,
0x07cf0544,
0x4404cf18,
0x830bcfff,
0xf7f6229d,
0x4405cf73,
0xcf0af03b,
0x78c78207,
0xcf6af7f6,
0x6ca08207,
0xfdeaf7f6,
0x5c8108cf,
0x0a05cfe5,
0xf7f62129,
0x0a04cfe0,
0x5c8107cf,
0x810bcf55,
0x0bcf4f5c,
0xcf497481,
0xf0115405,
0xe92dbd98,
0xb0f74ff0,
0x4bfb4606,
0xaf024cfc,
0xbf182800,
0xf504461c,
0xf7f670d8,
0x4682fd9a,
0x70daf504,
0xfd95f7f6,
0xf5044681,
0xf7f670c8,
0x4680fd90,
0x70caf504,
0xfd8bf7f6,
0x01c8f8c7,
0x70ccf504,
0xfd85f7f6,
0x01c4f8c7,
0x70d0f504,
0xfd7ff7f6,
0x01c0f8c7,
0x70d2f504,
0xfd79f7f6,
0x01bcf8c7,
0x70d4f504,
0xfd73f7f6,
0x01b8f8c7,
0x7041f504,
0xfd6df7f6,
0x01b4f8c7,
0x0030f104,
0xfd67f7f6,
0x01b0f8c7,
0xf7f64620,
0xf8c7fd62,
0xf10401ac,
0xf7f600d0,
0xf8c7fd5c,
0xf10401a8,
0xf7f600d4,
0xf8c7fd56,
0xf10401a4,
0xf7f600d8,
0xf8c7fd50,
0xf10401a0,
0xf7f600dc,
0xf8c7fd4a,
0xf104019c,
0xf7f600e0,
0xf8c7fd44,
0xf1040198,
0xf7f600e4,
0xf8c7fd3e,
0xf1040194,
0xf7f600e8,
0xf8c7fd38,
0xf1040190,
0xf7f600ec,
0xf8c7fd32,
0xf104018c,
0xf7f600f4,
0xf8c7fd2c,
0xf1040188,
0xf7f600f8,
0xf8c7fd26,
0xf5040184,
0xf7f67080,
0xf8c7fd20,
0xf5040180,
0xf7f67082,
0xf8c7fd1a,
0xf504017c,
0xf7f67084,
0xf8c7fd14,
0xf5040178,
0xf7f67086,
0xf8c7fd0e,
0xf5040174,
0xf7f67088,
0xf8c7fd08,
0xf5040170,
0xf7f6708a,
0xf8c7fd02,
0xf504016c,
0xf7f6708c,
0xf8c7fcfc,
0xf5040168,
0xf7f6708e,
0xf8c7fcf6,
0xf5040164,
0xf7f67090,
0xf8c7fcf0,
0xf5040160,
0xf7f67092,
0xf8c7fcea,
0xf504015c,
0xf7f67098,
0xf8c7fce4,
0xf5040158,
0xf7f6709a,
0xf8c7fcde,
0xf5040154,
0xf7f6709c,
0xf8c7fcd8,
0xf5040150,
0xf7f67000,
0xf8c7fcd2,
0xf504014c,
0xf7f67001,
0xf8c7fccc,
0xf5040148,
0xf7f67002,
0xf8c7fcc6,
0xf5040144,
0xf7f67003,
0xf8c7fcc0,
0xf5040140,
0xf7f67004,
0xf8c7fcba,
0xf504013c,
0xf7f67005,
0xf8c7fcb4,
0xf5040138,
0xf7f67006,
0xf8c7fcae,
0xf5040134,
0xf7f67007,
0xf8c7fca8,
0xf5040130,
0xf7f67008,
0xf8c7fca2,
0xf104012c,
0xf7f60010,
0xf8c7fc9c,
0xf1040128,
0xf7f60064,
0xf8c7fc96,
0xf1040124,
0xf7f60068,
0xf8c7fc90,
0xf1040120,
0xf7f60050,
0xf8c7fc8a,
0xf504011c,
0xf7f67017,
0xf8c7fc84,
0xf5040118,
0xf7f67019,
0xf8c7fc7e,
0xf5040114,
0xf7f6701b,
0xf8c7fc78,
0xf5040110,
0xf7f670c0,
0xf8c7fc72,
0xf504010c,
0xf7f670c2,
0xf8c7fc6c,
0xf1040108,
0xf7f60038,
0xf8c7fc66,
0xf5040104,
0xf7f67010,
0xf8c7fc60,
0xf5040100,
0xf7f67011,
0xf8c7fc5a,
0xf50400fc,
0xf7f67043,
0xf8c7fc54,
0xf50400f8,
0xf7f670e0,
0xf8c7fc4e,
0xf50400f4,
0xf7f67014,
0xf8c7fc48,
0xf50400f0,
0xf7f67015,
0xf8c7fc42,
0xf50400ec,
0xf7f6701c,
0xf8c7fc3c,
0xf50400e8,
0xf7f6701d,
0xf8c7fc36,
0xf50400e4,
0xf7f66080,
0xf8c7fc30,
0xf20400e0,
0xf7f64004,
0xf8c7fc2a,
0xf50400dc,
0xf7f66081,
0xf8c7fc24,
0xf50400d8,
0xf7f66092,
0xf8c7fc1e,
0xf20400d4,
0xf7f64094,
0xf8c7fc18,
0xf50400d0,
0xf7f66093,
0xf8c7fc12,
0xf20400cc,
0xf7f6409c,
0xf8c7fc0c,
0xf50400c8,
0xf7f66094,
0xf8c7fc06,
0xf20400c4,
0xf7f640b4,
0xf8c7fc00,
0xf50400c0,
0xf7f66097,
0xf8c7fbfa,
0xf50400bc,
0xf7f660a8,
0xf8c7fbf4,
0xf20400b8,
0xf7f65044,
0xf8c7fbee,
0xf50400b4,
0xf7f660a9,
0xf8c7fbe8,
0xf20400b0,
0xf7f6504c,
0xf8c7fbe2,
0xf50400ac,
0xf7f660aa,
0xf8c7fbdc,
0xf20400a8,
0xf7f65064,
0xf8c7fbd6,
0xf50400a4,
0xf7f660ad,
0xf8c7fbd0,
0xf50400a0,
0xf7f660be,
0xf8c7fbca,
0xf204009c,
0xf7f650f4,
0xf8c7fbc4,
0xf5040098,
0xf7f660bf,
0xf8c7fbbe,
0xf2040094,
0xf7f650fc,
0xf8c7fbb8,
0xf5040090,
0xf7f660c0,
0xf8c7fbb2,
0xf204008c,
0xcf046014,
0x34e5830b,
0xfba6f7f6,
0x0088f8c7,
0x60c3f504,
0xfba0f7f6,
0x0084f8c7,
0x60d4f504,
0xfb9af7f6,
0x0080f8c7,
0x60a4f204,
0xfb94f7f6,
0xf50467f8,
0xf7f660d5,
0x67b8fb8f,
0x60acf204,
0xfb8af7f6,
0xf5046778,
0xf7f660d6,
0x6738fb85,
0x60c4f204,
0xfb80f7f6,
0xf50466f8,
0xf7f660d9,
0x66b8fb7b,
0x60eaf504,
0xfb76f7f6,
0xf2046678,
0xf7f67054,
0x6638fb71,
0x60ebf504,
0xfb6cf7f6,
0xf20465f8,
0xf7f6705c,
0x65b8fb67,
0x60ecf504,
0xfb62f7f6,
0xf2046578,
0xf7f67074,
0x6538fb5d,
0x60eff504,
0xfb58f7f6,
0xf50464f8,
0xf7f66000,
0x64b8fb53,
0x0004f604,
0xfb4ef7f6,
0xf6046478,
0xf7f60008,
0x6438fb49,
0x000cf604,
0xfb44f7f6,
0xf50463f8,
0xf7f66001,
0x63b8fb3f,
0x0024f604,
0xfb3af7f6,
0xf6046378,
0xf7f60028,
0x6338fb35,
0x600bf504,
0xfb30f7f6,
0xf60462f8,
0xf7f600b4,
0x62b8fb2b,
0x00b8f604,
0xfb26f7f6,
0xf6046278,
0xf7f600bc,
0x6238fb21,
0x600cf504,
0xfb1cf7f6,
0xf60461f8,
0xf7f600d4,
0x61b8fb17,
0x00d8f604,
0xfb12f7f6,
0xf5046178,
0xf7f66016,
0x6138fb0d,
0x1064f604,
0xfb08f7f6,
0xf60460f8,
0xf7f61068,
0x60b8fb03,
0x106cf604,
0xfafef7f6,
0xf5046078,
0xf7f66017,
0x6038faf9,
0xf7f64630,
0x2e00fbe3,
0x83bdf000,
0x23002207,
0x48124611,
0xfc62f7f6,
0x25002001,
0xf550f732,
0x4b80f444,
0x461a2300,
0x46584619,
0xfc56f7f6,
0x462a462b,
0x46584629,
0xf7f69500,
0x2206fc61,
0x4611462b,
0xf7f64805,
0x2001fc49,
0xf538f732,
0x22064802,
0x46112301,
0xbf00e002,
0xf0020090,
0xfc3cf7f6,
0xf0442001,
0xf7320b30,
0xf444f529,
0x465173d8,
0xf4444618,
0xf8c77a49,
0xf7f631cc,
0x4649fabb,
0x70daf444,
0xfab6f7f6,
0xf4444641,
0xf7f670c8,
0xf444fab1,
0xf8d770ca,
0xf7f611c8,
0xf444faab,
0xf8d770cc,
0xf7f611c4,
0xf444faa5,
0xf8d770d0,
0xf7f611c0,
0xf444fa9f,
0xf8d770d2,
0xf7f611bc,
0xf444fa99,
0xf8d770d4,
0xf7f611b8,
0xf444fa93,
0xf8d77341,
0x04cf11b4,
0xc7794866,
0xf631c8f8,
0x58fa88f7,
0xb0f8d746,
0x83f7f611,
0xd74620fa,
0xf611acf8,
0x44fa7ef7,
0xd700d0f0,
0xf611a8f8,
0x44fa78f7,
0xd700d4f0,
0xf611a4f8,
0x44fa72f7,
0xd700d8f0,
0xf611a0f8,
0x44fa6cf7,
0xd700dcf0,
0xf6119cf8,
0x44fa66f7,
0xd700e0f0,
0xf61198f8,
0x44fa60f7,
0xd700e4f0,
0xf61194f8,
0x44fa5af7,
0xd700e8f0,
0xf61190f8,
0x44fa54f7,
0xd700ecf0,
0xf6118cf8,
0x44fa4ef7,
0xd700f4f0,
0xf61188f8,
0x44fa48f7,
0xd700f8f0,
0xf61184f8,
0x44fa42f7,
0xd77080f4,
0xf61180f8,
0x44fa3cf7,
0xd77082f4,
0xf6117cf8,
0x44fa36f7,
0xd77084f4,
0xf61178f8,
0x44fa30f7,
0xd77086f4,
0xf61174f8,
0x44fa2af7,
0xd77088f4,
0xf61170f8,
0x44fa24f7,
0xd7708af4,
0xf6116cf8,
0x44fa1ef7,
0xd7708cf4,
0xf61168f8,
0x44fa18f7,
0xd7708ef4,
0xf61164f8,
0x44fa12f7,
0xd77090f4,
0xf61160f8,
0x44fa0cf7,
0xd77092f4,
0xf6115cf8,
0x44fa06f7,
0xd77098f4,
0xf61158f8,
0x44fa00f7,
0xd7709af4,
0xf61154f8,
0x44f9faf7,
0xd7709cf4,
0xf61150f8,
0x44f9f4f7,
0xd77000f4,
0xf6114cf8,
0x44f9eef7,
0xd77001f4,
0xf61148f8,
0x44f9e8f7,
0xd77002f4,
0xf61144f8,
0x44f9e2f7,
0xd77003f4,
0xf61140f8,
0x44f9dcf7,
0xd77004f4,
0xf6113cf8,
0x44f9d6f7,
0xd77005f4,
0xf61138f8,
0x44f9d0f7,
0xd77006f4,
0xf61134f8,
0x44f9caf7,
0xd77007f4,
0xf61130f8,
0x44f9c4f7,
0xd77008f4,
0xf6112cf8,
0x44f9bef7,
0xd70010f0,
0xf61128f8,
0x44f9b8f7,
0xd70064f0,
0xf61124f8,
0x44f9b2f7,
0xd70068f0,
0xf61120f8,
0x44f9acf7,
0xd70050f0,
0xf6111cf8,
0x44f9a6f7,
0xd77017f4,
0xf61118f8,
0x44f9a0f7,
0xd77019f4,
0xf61114f8,
0x44f99af7,
0xd7701bf4,
0xf61110f8,
0x44f994f7,
0xd770c0f4,
0xf6110cf8,
0x44f98ef7,
0xd770c2f4,
0xf61108f8,
0x44f988f7,
0xd70038f0,
0xf61104f8,
0x44f982f7,
0xd77010f4,
0xf61100f8,
0x44f97cf7,
0xd77011f4,
0xf610fcf8,
0x44f976f7,
0xd77043f4,
0xf610f8f8,
0x44f970f7,
0xd770e0f4,
0xf610f4f8,
0x44f96af7,
0xd77014f4,
0xf610f0f8,
0x44f964f7,
0xd77015f4,
0xf610ecf8,
0x44f95ef7,
0xd7701cf4,
0xf610e8f8,
0x44f958f7,
0xd7701df4,
0xf610e4f8,
0x44f952f7,
0xd76080f4,
0xf610e0f8,
0x00f94cf7,
0xf6464821,
0x07cf48f7,
0x4010dc14,
0xf60004f0,
0x44f940f7,
0xd76081f4,
0xf610d8f8,
0x44f93af7,
0xd76092f4,
0xf610d4f8,
0x07cf34f7,
0x07cfd00c,
0x44f92c28,
0xd76093f4,
0xf610ccf8,
0x07cf26f7,
0x07cfc80c,
0x44f91e1c,
0xd76094f4,
0xf610c4f8,
0x44f918f7,
0xd76096f4,
0x07cfc0f8,
0x44f9101c,
0xd76097f4,
0xf610bcf8,
0x44f90af7,
0xd760a8f4,
0xf610b8f8,
0x07cf04f7,
0x07cfb40c,
0x44f8fc28,
0xd760a9f4,
0xf610b0f8,
0x07cff6f7,
0x07cfac0c,
0x44f8ee1c,
0xd760aaf4,
0xf610a8f8,
0x44f8e8f7,
0xd760acf4,
0x07cfa4f8,
0x44f8e01c,
0xd760adf4,
0xf610a0f8,
0x44f8daf7,
0xd760bef4,
0xf6109cf8,
0x07cfd4f7,
0x07cf980c,
0x44f8cc28,
0xd760bff4,
0xf61094f8,
0x07cfc6f7,
0x07cf900c,
0x44f8be1c,
0xd760c0f4,
0xf6108cf8,
0x44f8b8f7,
0xd760c2f4,
0x07cf88f8,
0x44f8b01c,
0xd760c3f4,
0xf61084f8,
0x44f8aaf7,
0xd760d4f4,
0xf61080f8,
0x05cfa4f7,
0xcf6ff90c,
0xf89d2606,
0x60d5f444,
0xf7f66fb9,
0x0a05cf98,
0x1807cf79,
0xf444f891,
0x6f3960d6,
0xf88cf7f6,
0x60d8f444,
0x06cf6ef9,
0x44f88518,
0xb960d9f4,
0x80f7f66e,
0xeaf444f8,
0xf66e7960,
0x05cf7bf7,
0x07cf390a,
0x44f87422,
0xf960ebf4,
0x6ff7f66d,
0xb90a05cf,
0x1806cf6d,
0xf444f868,
0x6d7960ec,
0xf863f7f6,
0x60eef444,
0x1807cf39,
0xf444f85c,
0x6cf960ef,
0xf857f7f6,
0x6000f444,
0xf7f66cb9,
0x0a05cf52,
0x06cf6c79,
0x05cf4b22,
0x406c390e,
0xf60008f0,
0x05cf44f7,
0x406bf90e,
0xf6000cf0,
0x44f83df7,
0xb96001f4,
0x38f7f66b,
0x02f444f8,
0xcf6b7960,
0xcf313406,
0x6b390e05,
0x2a3406cf,
0x0bf444f8,
0xf66af960,
0x05cf25f7,
0xcf6ab90a,
0xcf008407,
0x6a790e05,
0x172606cf,
0x390e05cf,
0x5a06cf6a,
0xf444f810,
0x69f9600c,
0xf80bf7f6,
0x600df444,
0x06cf69b9,
0x05cf0434,
0xcf69790e,
0xf7f53404,
0xf444fffd,
0x69396016,
0xcff8f7f5,
0x68f90a05,
0xf52604cf,
0x05cff1f7,
0xcf68b90e,
0xcfea2606,
0x68790e05,
0xf55a04cf,
0x44ffe3f7,
0x396017f4,
0xdef7f568,
0x482101ff,
0xdaf7f546,
0x05cf00ff,
0xf444728b,
0xf7f64080,
0xf044f945,
0x22000360,
0xf8c74611,
0x230131c4,
0x01c4f8d7,
0xf93af7f6,
0x8c05cf01,
0xf646585c,
0x03f934f7,
0x2e0c09cf,
0x582300f9,
0x19461a46,
0x28f7f646,
0x482300f9,
0x220c07cf,
0xd72300f9,
0xcf01ccf8,
0xf91b0e06,
0x486206cf,
0x15f7f646,
0x500c07cf,
0xf6920046,
0x01f920f7,
0x002e0023,
0x448085f0,
0x11220748,
0x05f7f646,
0x8d06cff9,
0xd7f1f33a,
0x4f21ccf8,
0x200801f0,
0x00f8c923,
0x50462950,
0x43601346,
0xc9462a46,
0x008000f8,
0x02f7f695,
0x324640f9,
0x80f1dff7,
0xa8f44f23,
0x30461a61,
0xf5950046,
0x30ffabf7,
0x1ef7f646,
0x302340f8,
0xcf461a46,
0xf7f61a04,
0x04cff802,
0x44462938,
0xcf70def4,
0xf8e53a04,
0x2a5204cf,
0xc8f8d746,
0xd7462931,
0x1d01c4f8,
0xccf8d760,
0x00f8c331,
0xf6462b80,
0xcbf8c3f7,
0xcf5000f8,
0x04cf3406,
0x05cf506e,
0xcfca2e8e,
0x21024605,
0x0004f044,
0xc21004cf,
0xeaf507f8,
0xb406cf77,
0x33221f60,
0x14461146,
0xa5f7f648,
0x80f444f8,
0x32200145,
0x33f192f7,
0x31463246,
0xf6462846,
0xcff89af7,
0x96000c08,
0x132404cf,
0x093005cf,
0x8df7f648,
0x2c04cff8,
0xcf13f17c,
0x05168205,
0x1fe44648,
0x11480222,
0xcfe77946,
0xa0008f06,
0x9cf00200,
0xf8f00200,
0xb58107cf,
0xf5461604,
0x20ffebf7,
0x29463246,
0x32f7f646,
0xf54620f9,
0xcfffa7f7,
0x728a8106,
0x982208cf,
0xd9f7f546,
0xcf4620ff,
0x028b8206,
0xcfb6f7f6,
0xff942605,
0xb88206cf,
0x05b08a26,
0x76af0046,
0x7b607d48,
0xfa230061,
0xb9220160,
0xfb613b60,
0xbb623b61,
0x7b61ba6b,
0xd9f7f562,
0x4f2280f9,
0x286102f4,
0x5df7f546,
0x04b148ff,
0x05cf2823,
0x61024c82,
0xff5cf7f5,
0xf7324869,
0x4c68f124,
0xaf8208cf,
0x2604cf30,
0x6821ff51,
0x1d38b971,
0xfe81f004,
0x04cf2101,
0x02fe7d08,
0x790805cf,
0x05cf03fe,
0x23fe7508,
0x0207d968,
0x011d38d5,
0x23ff7df0,
0x03079a68,
0x382100d5,
0x72f0031d,
0x5b6823fe,
0xcfd50307,
0xf0033804,
0x6823fe6b,
0xd5240718,
0x02596823,
0x4850d513,
0xf992f7f5,
0x1d386823,
0x0380f423,
0xf0036023,
0x484cfecb,
0xcf88f7f5,
0xf0431405,
0x04cf4300,
0x48fec114,
0x7ef7f548,
0xcf2806cf,
0x68231405,
0x3007cf43,
0x6823feb3,
0x04cf06da,
0x0bf00a78,
0xdb6823fc,
0x7806cf05,
0xfbacf005,
0x05986823,
0x057806cf,
0x23fba5f0,
0xcf055968,
0xf0052804,
0x6823fff1,
0x68236823,
0x1005cf1a,
0xfabbf006,
0x03db6823,
0x22ffd504,
0x083a04cf,
0x23fef3f0,
0x05cf9868,
0x3c04cf10,
0xfeebf008,
0xcf596823,
0xcf021005,
0xcfe31005,
0xcf027404,
0xfd353c06,
0xcf9b6823,
0xf0090c05,
0x6823fdf5,
0xd50801d8,
0xf7f5481d,
0x2305f927,
0xcf012200,
0xe528bb05,
0x996823fb,
0x18d50801,
0x1bf7f548,
0x09cf06f9,
0x23fbd918,
0x08015a68,
0xf54813d5,
0x07f90ff7,
0xcd1809cf,
0x1b6823fb,
0x0ed50801,
0x03f7f548,
0x09cf08f9,
0x28fbc118,
0xb046bd37,
0x211638bd,
0x029810f1,
0x06008400,
0x211649f0,
0x211652f1,
0x21165bf1,
0x211669f1,
0x21167ef1,
0x21168af1,
0x211697f1,
0x617453f1,
0x44207472,
0x73205244,
0x0d6e6163,
0x6172000a,
0x20306b6e,
0x310907cf,
0x630904cf,
0x73736f72,
0x0f04cf20,
0xcf0e04cf,
0x6f04c306,
0x20796c6e,
0x20726f66,
0x0d535443,
0x6552000a,
0x05cf6461,
0x210dcf14,
0x2c1907cf,
0x898207cf,
0x72756219,
0xcf207473,
0x6c62a405,
0x65766165,
0x07cf0a0d,
0x469b56bf,
0x46054692,
0xaf024688,
0x6b3b2401,
0x0924f100,
0x2300607b,
0x6013687a,
0x429c6aeb,
0xcfb8db05,
0xeb2cc605,
0x0f1b1c6a,
0x596b7be0,
0x50462246,
0x00692e46,
0xb0464b93,
0x6b464847,
0x986b7969,
0xcfb14047,
0xd1082604,
0x370c687b,
0x07cf601c,
0xf164cb81,
0xd1e30f00,
0xe7db3401,
0xb5800000,
0x6841af00,
0x48016882,
0xf86bf7f5,
0x2344bd80,
0xb5f0f121,
0xf8d0af00,
0x680d31ac,
0x41b0f8d0,
0xfb93436b,
0xf44ff3f4,
0xfb04747a,
0x2502fc05,
0xf8d0604b,
0xf8d041ac,
0xfb9661b0,
0xfb04f5f5,
0x4d0d540c,
0xf4f6fb94,
0x4403fb05,
0xb15a608c,
0x21b4f8d0,
0x04cf4413,
0x1c31b826,
0x8b608c44,
0x7af5b368,
0xf0da007f,
0xa3684abd,
0x8b737af5,
0x4a320160,
0x00e7f360,
0xfffc18bf,
0x02b580ff,
0x001000fb,
0xcfbd80af,
0x40918106,
0x428c691c,
0x695dd11f,
0xd11c4295,
0xb99800a2,
0x44136899,
0x62592201,
0xf8c32123,
0xe00620e4,
0x440b689a,
0x625a214f,
0x04cf2201,
0xf5480b10,
0x00f810f7,
0x13bdb020,
0x58220044,
0xcf625a21,
0xe7f31604,
0x28000089,
0x440bd0e9,
0xcf2e2200,
0xe7e91407,
0x234ebf00,
0xb5f8f121,
0x69bcaf00,
0x428d6925,
0x6965d126,
0x426a1aad,
0xf101416a,
0xeb040538,
0xb9f80585,
0xeb042601,
0x606e0181,
0xb33a624b,
0x212369e2,
0x2a002501,
0xbf0869a2,
0x28002158,
0x2500bf18,
0x4293d110,
0x2200bfd8,
0x2201bfc8,
0xd11142aa,
0x461a480d,
0x00cff7f4,
0xf82000ff,
0xda2200bd,
0xde2600e7,
0xc068a0e7,
0xb842821a,
0xa82200bf,
0xeb2201bf,
0x04460ae7,
0xeb461948,
0x034619e7,
0xb9f7f448,
0x53e7e8ff,
0x5af12123,
0x60f12123,
0x05cf2123,
0xb0932ce7,
0x46052300,
0xaf004614,
0x607b603b,
0x60fb60bb,
0x617b613b,
0x8806cfbb,
0x62fb6278,
0x637b633b,
0x63fb63bb,
0x647b643b,
0x31a8f8d2,
0x2201b94b,
0x21acf8c4,
0xf8c42240,
0xf8c431b4,
0xf8c421b0,
0x696331b8,
0xd04642ab,
0x46202200,
0xf1076279,
0xf7ff0124,
0x49acff1b,
0xf7f448ac,
0xf107ff7f,
0xf7ff0024,
0xf8d4ff09,
0xf8d431bc,
0xb9b221cc,
0xd10f2b03,
0x1c9a6963,
0xdc0b4295,
0x429d3b02,
0x6afbdb08,
0x7fc8f5b3,
0x6abbda04,
0x2301b913,
0x31c4f8c4,
0xcf4c2000,
0x030cbd07,
0x07cf0a2b,
0x05cff42e,
0xfbdbf12e,
0xe92bf96a,
0x10e7eddd,
0x07cfeb2b,
0x05cfe71a,
0x23dbe41a,
0x83eb0469,
0xe4f8d303,
0xa1e7da30,
0xd4692268,
0x04e018f8,
0x010982eb,
0xd9f802fb,
0x0e6024f8,
0x3b0308eb,
0x0042b160,
0xd981a0f0,
0x2800e4f8,
0xc045b6b1,
0xfb819af2,
0x04200060,
0xae1b8de0,
0x45db1845,
0xd460fd44,
0xbcc1a4f8,
0x020f00f1,
0x056825d1,
0xb1fc01fb,
0x18f8c742,
0x8bf000c0,
0x503604cf,
0x45b6b375,
0x3e01da30,
0x61be4446,
0xe04f2100,
0xe7e660fb,
0x0d04f85c,
0xd1034281,
0x2d003d01,
0xe003daf8,
0xfb011a08,
0x60f80005,
0x28006a20,
0x2d00d0d7,
0x6820dace,
0x3cfff100,
0x0080eb04,
0x45943024,
0xf850ddc6,
0x42a95d04,
0xf10cd102,
0xe7f63cff,
0x20011b4d,
0x550cfb01,
0xe7c060fd,
0x45b61b8e,
0x8155f280,
0x00cf61bb,
0x04f85ee7,
0x04cfa95f,
0x45463658,
0xe003dbf8,
0xfb013d01,
0x61bd5506,
0x2d006a25,
0x4546d072,
0xf104d1be,
0x25000e24,
0xf85ee004,
0xcfb16b04,
0x95352a04,
0xb2dbf842,
0x013e01e7,
0xb96105fb,
0x50210161,
0xfa0201ea,
0x5c69bd68,
0xeb1a99d1,
0x391aaa1a,
0x3963fb63,
0x7a462046,
0xff220162,
0x01fe46f7,
0x0cf10722,
0xff462001,
0x05cf40f7,
0x05cf180c,
0x00fe3a0c,
0x24f10722,
0x340c05cf,
0x300c05cf,
0x2e0c05cf,
0x3c0c05cf,
0x280c05cf,
0xff4638fe,
0x07fe1bf7,
0xff000cf1,
0x07fe17f7,
0xff0018f1,
0xcffe13f7,
0x0f748306,
0x30f107fe,
0x0bf7ff00,
0x3cf107fe,
0x07f7ff00,
0x8408cffe,
0xbe06cf04,
0x2f2b0474,
0x8306cfd1,
0xbbda037a,
0x3f2b006a,
0xbbaf01f4,
0x032b956b,
0xcf6b7bdc,
0xaefa0e04,
0x2b956c7b,
0x4629e02f,
0xb140e79d,
0x0202ebac,
0x1899b971,
0x8105cfeb,
0x9d442a40,
0xac1a99e7,
0x2b0303eb,
0x1a04cf44,
0xf41404cf,
0xcf1899e7,
0x442a1206,
0x04cf4462,
0x02e78b12,
0xfbd1172b,
0x032bc76a,
0x6206cfdc,
0x6bbbaed0,
0x6209cf4f,
0x6c7baec9,
0xf73f2b4f,
0x6c3baec8,
0x713fe6c1,
0x2365f120,
0x2b03f121,
0xaeb6f43f,
0xd0b02b0b,
0xd0e02b0d,
0xf47f2b0f,
0x6923aeb8,
0x21c0f8d4,
0x0383eb04,
0xd0012a04,
0xd1162a07,
0x20dcf8d3,
0xf43f2a00,
0xf8d3aea7,
0x0a05cfe0,
0xf8d3aea2,
0x0a05cfe4,
0xf8d3ae9d,
0x0a05cfe8,
0xf8d3ae98,
0xe69330ec,
0xcfd4f8d3,
0xae901005,
0xcfd8f8d3,
0xae8b0a05,
0x864208cf,
0x814209cf,
0x7c4209cf,
0x774209cf,
0xcf4204cf,
0xae720a05,
0xcff0f8d3,
0xae6d0a05,
0x30f4f8d3,
0x2b04e668,
0x8205cf11,
0x09cf9642,
0xae604282,
0xcf776bbb,
0x59608109,
0x776c7bae,
0x01e78e2b,
0x02d0eb2b,
0xfbd1102b,
0x09cf316a,
0xae4b0a82,
0xcf136bbb,
0xae442a09,
0x2b136c7b,
0x2b03e779,
0xae4ff43f,
0xcf032b0b,
0x7faf5805,
0x2b0de731,
0x6afbd102,
0xe7e22b3b,
0xf47f2b10,
0x06cfae33,
0xe77f6486,
0x0c82eb04,
0xf10c1e55,
0xe6850c24,
0x0e82eb04,
0xf8d41c56,
0xf10e8000,
0xe6a90e24,
0xe92dbf00,
0xcf894ff0,
0x14ed8107,
0xaf026903,
0x4a82b953,
0x48824629,
0xfd76f7f4,
0x30fff04f,
0xc38108cf,
0x0b694348,
0xf14a7db9,
0x0b6983e7,
0xed4a7cb9,
0x036803e7,
0x624798b1,
0x052a306a,
0x304879dd,
0xf4462923,
0xe5fd5df7,
0xff6ae2e7,
0x4fdd042a,
0x297380f4,
0xf4487446,
0x1b6863e7,
0x044641b1,
0x980024f1,
0x00f04f47,
0x24f1040b,
0x9b6aa306,
0xcfdb1245,
0xf1040a04,
0x46330034,
0xc8076925,
0x8000f8cd,
0x6a2347a8,
0xf0002b00,
0x464180c0,
0x47984630,
0xe7bf2000,
0xb11b68a3,
0x46314642,
0x47984658,
0x2b006a63,
0x2200dd45,
0x46594633,
0x69254610,
0x0900f04f,
0x633806cf,
0x3207cf69,
0x0cf8c730,
0x01bf1890,
0x9a424320,
0x09603b46,
0x18d405cf,
0x6a6368ba,
0xdc2b4293,
0x459a683b,
0x6ae3d005,
0xd0022b01,
0x2b006c63,
0x68b9d170,
0x465a4633,
0x69a54650,
0x8000f8cd,
0x47a83901,
0x0f00f1ba,
0x6ae3d106,
0xdd5e2b00,
0x441a68fa,
0x60fb4613,
0x8307cfd4,
0xd0044e87,
0x46324643,
0x68f94658,
0x483e47c8,
0xfce5f7f4,
0x0b01f10b,
0x4633e797,
0x46592200,
0x4405cf25,
0x0ccf68b8,
0x07cf0e81,
0x7b450a81,
0x05cf0260,
0xa5d11978,
0x7204cf69,
0x46504649,
0x3a8106cf,
0x08700acf,
0xd77009cf,
0xd7a004f8,
0x9f9008f8,
0x0168fbe7,
0x07e7f633,
0x4a0314f1,
0x06cf5146,
0x3808f981,
0xf7ff465b,
0x465afc01,
0x04cf69e5,
0xcd697b46,
0xa86800e9,
0x7b68fa47,
0xfa441a69,
0x5004cf60,
0x1e53d1de,
0x3c05cfdb,
0x3c13cfa0,
0x1ccffbe3,
0x53d1883c,
0x18e7851e,
0x00e70246,
0x21236abf,
0x212374f1,
0x2123a9f1,
0x2123bbf1,
0x2300cff1,
0x23f8f121,
0x1650f121,
0xb5f8f121,
0xce05cf0d,
0x43461602,
0x83688168,
0xf4480db9,
0x21fc5df7,
0xf4480c68,
0x0afc59f7,
0x03480b23,
0x0b6505fb,
0x25f8534b,
0x50f7f410,
0x01bdf8fc,
0x08d1012b,
0x02e7eb48,
0x07d1012b,
0x07e7e748,
0x00e7e548,
0x21242fbf,
0x212458f1,
0x21245ff1,
0x21204cf1,
0x21242df1,
0x212438f1,
0xcf2444f1,
0x460c6404,
0xaf00461e,
0x4b186801,
0x48194d18,
0xbf182900,
0x230a461d,
0x2204fb03,
0xf8534b16,
0xf7f41022,
0x2c04fc23,
0x2c02d00f,
0x2c12d00d,
0x4912d809,
0x43c940e1,
0x0f01f011,
0x4810d010,
0xcf14f7f4,
0xf6217804,
0x02682ae7,
0xb27240f0,
0x047f40f1,
0x1b4b0bd1,
0x80f41368,
0x01e7ed0f,
0x8106cf2e,
0xe9480812,
0xaa08cfe7,
0x07cf6870,
0xaa0a0881,
0x24740005,
0x0084f121,
0x248ff006,
0x24a8f121,
0xb5b0f121,
0xaf0024aa,
0x46284d05,
0xfbe7f7f4,
0xd1fa3c01,
0xf7f44803,
0xbdb0fbe2,
0x24b9bf00,
0x188206cf,
0xf12124bb,
0xf12124c8,
0xf12124d5,
0xcf2124e2,
0x30c88219,
0xf12124ef,
0xf12124fb,
0xf1212507,
0x1acf2513,
0x21251f28,
0x212534f1,
0x212549f1,
0x1bcf5ef1,
0x21257328,
0x212589f1,
0x21259ff1,
0x1bcfb5f1,
0x2125cb28,
0x2125e2f1,
0x2125f9f1,
0xcf2610f1,
0x2627281a,
0x263df121,
0x2653f121,
0x2669f121,
0x267ff121,
0x2695f121,
0x26abf121,
0x26c1f121,
0xcfd7f121,
0x26ed3c07,
0x2703f121,
0x2719f121,
0x272ff121,
0x2745f121,
0x275bf121,
0x2771f121,
0x2787f121,
0x279df121,
0xb32806cf,
0xc9f12127,
0xdff12127,
0xf5f12127,
0x0bf12127,
0x21f12128,
0x37f12128,
0x4df12128,
0x63f12128,
0x2806cf28,
0xf1212879,
0xf121288f,
0xf12128a5,
0xf12128bb,
0xf12128d1,
0xf12128e7,
0xf12128fd,
0xf1212913,
0x06cf2929,
0x21293f28,
0x21294df1,
0x21295bf1,
0x07cf69f1,
0x8114cf14,
0x21297748,
0x212987f1,
0x212997f1,
0x2129a7f1,
0x2129b7f1,
0x2129c7f1,
0x2129d7f1,
0x0bcfe7f1,
0x2129f738,
0x212a14f1,
0x212a31f1,
0x212a4ef1,
0x212a6bf1,
0x212a88f1,
0x212aa5f1,
0xcf2ac2f1,
0x2adf280a,
0x2af0f121,
0x2b01f121,
0x2b12f121,
0x23781acf,
0x33f1212b,
0x43f1212b,
0x53f1212b,
0x63281bcf,
0x6af1212b,
0xcf201bcf,
0x2b710808,
0x2b7ff121,
0x2b8df121,
0x2b9bf121,
0x2ba9f121,
0x2bb7f121,
0x2bc3f121,
0x00cff121,
0xdb400bcf,
0xf0f1212b,
0x05f1212b,
0x1af1212c,
0x2ff1212c,
0x44f1212c,
0x57f1212c,
0x6af1212c,
0x280acf2c,
0x0c0bcf7d,
0x87781ccf,
0x202827cf,
0x2e643225,
0x64333025,
0x63252000,
0x63250020,
0x64322d25,
0x64322500,
0x04cf6325,
0x25002006,
0x00733132,
0xcf746573,
0x05e58206,
0x28732500,
0x70203a29,
0x7361656c,
0xdc05cf65,
0x8106cf30,
0x666577f3,
0x2065726f,
0xcb05cf63,
0xcf726432,
0x49b58107,
0x6163735f,
0x0a29286e,
0x8106cf00,
0x657416a3,
0xcf5f7473,
0x5ace8106,
0xcb05cf00,
0x6f635f61,
0x65737261,
0xcf1408cf,
0x6f635b06,
0x6769666e,
0x5f783e2d,
0x286d756e,
0x20296425,
0x414d203e,
0x5f585f58,
0xcf4d554e,
0xcf0a1004,
0x69662911,
0x0bcf656e,
0x7361702e,
0x1405cf73,
0x73205d5b,
0xcf657a69,
0x504c3506,
0x34524444,
0xcf64252d,
0xcf780b08,
0x6e550c05,
0x776f6e6b,
0x5244445f,
0x7079545f,
0x1405cf65,
0x17de05cf,
0x7469000a,
0x253a6d65,
0x0909cf73,
0x20202020,
0x305b1b00,
0x6d32333b,
0x20726f66,
0x45464552,
0x4e454652,
0x1b0a4543,
0xcf6d305b,
0x6d311b06,
0x4c494146,
0x21212121,
0xcf0404cf,
0x6d32190b,
0x53534150,
0x2d1106cf,
0x51445700,
0x74794253,
0x315f3065,
0x0d09cf44,
0x0d0ccf31,
0x0d0ccf32,
0x0d07cf33,
0xcf330ccf,
0x0ccf320c,
0x3009cf31,
0x415f4843,
0x5144575f,
0x66657256,
0xcf3909cf,
0x05cf1510,
0x5f484342,
0x150ccf42,
0xcf4b05cf,
0x0ecf1510,
0x0acf0481,
0xcf324181,
0xcf0e810b,
0xcf4a810a,
0xcf32160a,
0xcf321609,
0xcf33160b,
0xcf331609,
0x08cf1604,
0x07cf1781,
0x7404cf5d,
0x311710cf,
0xcf170dcf,
0xcf1b8105,
0x14cf5f07,
0x0acf3317,
0x5709cf17,
0x0bcf5144,
0x160bcf5b,
0xcf5a0bcf,
0x0bcf160b,
0x160bcf59,
0x345816cf,
0x351615cf,
0x361615cf,
0x371615cf,
0x381615cf,
0x311611cf,
0x468115cf,
0xcf1604cf,
0xcf468112,
0x12cf1604,
0x04cf4681,
0x8112cf16,
0x1604cf46,
0x468112cf,
0xcf1604cf,
0xcf468112,
0x12cf1604,
0x04cf4681,
0x8112cf16,
0x1604cf46,
0x468112cf,
0x8115cf32,
0x1604cf46,
0x468112cf,
0xcf1604cf,
0xcf468112,
0x12cf1604,
0x04cf4681,
0x8112cf16,
0x1604cf46,
0x468112cf,
0xcf1604cf,
0xcf468112,
0x12cf1604,
0x04cf4681,
0x8112cf16,
0x15cf3346,
0x04cf4681,
0x8112cf16,
0x1604cf46,
0x468112cf,
0xcf1604cf,
0xcf468112,
0x12cf1604,
0x04cf4681,
0x8112cf16,
0x1604cf46,
0x468112cf,
0xcf1604cf,
0xcf468112,
0x0bcf1604,
0x51444681,
0xcf4e4552,
0xcf198809,
0x05cf0e09,
0x09cf1288,
0x8805cf0e,
0x0e09cf0b,
0x048805cf,
0x53514452,
0xcf294d28,
0x05cf3a09,
0x0fcf5310,
0x2006cf10,
0xcf4c05cf,
0x0acf200b,
0x2006cf10,
0xcf5e05cf,
0x0acf200b,
0x2006cf10,
0xcf700acf,
0x12cf2006,
0x51440081,
0x45525652,
0x8909cf46,
0x810dcf0b,
0x1d15cf0d,
0x1a8108cf,
0xcf1d0bcf,
0xcf2f8905,
0xcf27810d,
0x08cf1d15,
0x0bcf3481,
0x8905cf1d,
0x810dcf53,
0x1d15cf41,
0x4e8108cf,
0xcf1d0bcf,
0xcf778905,
0xcf5b810d,
0x51441d10,
0x810bcf53,
0x8305cf3f,
0x110acf07,
0x268307cf,
0xcf110acf,
0xcf298307,
0x05cf110a,
0x0dcf2c82,
0x0ecf0282,
0x8308cf10,
0x410fcf68,
0x43400ecf,
0x8c06cf4b,
0x06cf4b36,
0x444d288c,
0x3a37325b,
0xcf5d3432,
0x3a330e09,
0x09cf3032,
0x3a39310e,
0x1c0acf31,
0x313a3331,
0x0e0acf32,
0xcf313a31,
0x3a392a0a,
0x33280acf,
0x260bcf3a,
0x240acf3a,
0x436a07cf,
0x45525641,
0x8b05cf46,
0x710acf60,
0xcf150ecf,
0x0fcf7807,
0x7f06cf15,
0xcf150fcf,
0xcf068106,
0x05cf150e,
0x0ecf0d81,
0x8105cf13,
0x3b0fcf14,
0x390ecf3a,
0x310a06cf,
0x58540044,
0x4f464946,
0xcf1404cf,
0x74818113,
0x828110cf,
0xdb10cf24,
0x8110cf10,
0x10cf1481,
0x16348181,
0x0404cf01,
0xcf0808cf,
0x01133022,
0xcf0404cf,
0x22cf0808,
0xcf011830,
0x08cf0404,
0x8106cf08,
0x05b17081,
0x05b90000,
0x05c10000,
0x05c90000,
0x05b00000,
0x05b80000,
0x05c00000,
0x05c80000,
0x01080000,
0x01090000,
0x15d505cf,
0xcf010b00,
0x10cf6006,
0x04cf34ee,
0x8108cf14,
0x04cf48b5,
0x7404cf08,
0x0808cf02,
0xa08213cf,
0x8416cf2c,
0x221f38db,
0x7d034d12,
0xf8d06801,
0xf83500a8,
0x68001021,
0xfa97f7f4,
0x221f6823,
0x00a8f8d4,
0x7d231d19,
0x8c1608cf,
0xa26823fa,
0x83eb0569,
0xa8f8d405,
0x20f89530,
0xf4681810,
0xcff924f7,
0x68180e04,
0xfb9cf7fd,
0x2c94bdb0,
0xcfb0f121,
0xd118dc05,
0x2430a8f8,
0x2204cf4d,
0x68e3fac1,
0x61634620,
0x61a368a3,
0xffc4f7ff,
0xf8d46821,
0x04cf309c,
0x81eb055e,
0x006b0a01,
0x91409368,
0xdb2040f8,
0x50f8b1b2,
0x58f7f410,
0x2204cffa,
0x220acfa0,
0x2206cf6e,
0x2205cf70,
0xf7f41080,
0x6823fa47,
0x831e06cf,
0xa4f8d405,
0x90f8d530,
0xb0f8b520,
0x2804cf10,
0x20a0f895,
0xf7f4b2db,
0x06cffa35,
0xf7f41881,
0xf7fffa45,
0xad05cfaf,
0x94bf0066,
0x80f1212c,
0x8106cfb5,
0x1968181e,
0xc2f7f46a,
0x8107cffe,
0x004134b3,
0x164698af,
0xbc460546,
0x3a04cf69,
0xb11a695a,
0x0100e9d3,
0xfbcbf7fd,
0x5c4a08cf,
0x314b13fa,
0x08f8d846,
0xc0f8d320,
0x02fb0000,
0x3ef7fe50,
0x312340fc,
0xf3fb9046,
0x286160f0,
0xfe1c05cf,
0x43fc34f7,
0x3ff00042,
0x3ff00300,
0x58bf5803,
0x07cfa042,
0xcf60f782,
0xf9fc4808,
0xf98107cf,
0x8109cf38,
0x03490210,
0x4af7f348,
0x802000fc,
0x20713fbd,
0xcf348ef1,
0x4f5cad05,
0x460eb085,
0x21004680,
0x0a40f04f,
0x68324d59,
0xf8d6af04,
0xf8d500a8,
0xf7fe40c0,
0x2300ffcb,
0xf8c84855,
0x683131bc,
0xf7f301a4,
0x6833fc2b,
0x7980f504,
0x485146a0,
0xb17cf8df,
0x4b501d1a,
0x2022f855,
0xf7f34619,
0x45c8fc1d,
0x484ddb53,
0xf7f346a0,
0x4b4afc17,
0x325004cf,
0x19484a68,
0x54f8df46,
0x2604cfb1,
0xfc0bf7f3,
0xdb4945c8,
0x2405cf44,
0x6833fc05,
0xf8df4843,
0xeb05a13c,
0x4b3e0283,
0xcfc4f8d2,
0xfbf94805,
0xdb3f45c8,
0x2405cf3b,
0x6833fbf3,
0xf8df483b,
0x04cfa0f4,
0xd24b3524,
0x05cfd4f8,
0xc8fbe724,
0x33db3e45,
0x05483568,
0x2f0583eb,
0xe4f8d54b,
0xcf4d3320,
0xfbda1a04,
0xdb43454c,
0x4a324b31,
0x93024932,
0x48334b32,
0x4b339301,
0x4b339300,
0xfbccf7f3,
0x07cf2000,
0x988f3ceb,
0x58f1fafb,
0x08f10846,
0xc0f7f308,
0xcfe7a1fb,
0xfbb8100c,
0x6931e7ab,
0x0200f1d8,
0x023ff002,
0x8205cf08,
0x50425362,
0x591e05cf,
0xf30b8943,
0xacfba7f7,
0xc1221bcf,
0xf31187f3,
0xacfb95f7,
0x044263e7,
0x03013ff0,
0x28033ff0,
0x59bf5846,
0xf3340842,
0xadfb89f7,
0x212c94e7,
0x21beb3f1,
0x213494f1,
0xcf713ff1,
0x74d88206,
0xf12134b4,
0xf12134d4,
0xf12134f2,
0xf1213511,
0xf121350b,
0xf1213544,
0xf1213537,
0xf121353c,
0xf1213549,
0xf12176e9,
0xf121354b,
0x06cf3531,
0xcfed1cb1,
0x47448306,
0xb98106cf,
0xa8f8d14e,
0x5b4d8c30,
0x04b92368,
0xc0f8c522,
0xf4f8c530,
0x4f232020,
0x210801f0,
0x24f10646,
0x08627300,
0x28f8c623,
0x7362f380,
0xb0479869,
0x00f080fa,
0x40094023,
0xd8f8c622,
0x73643081,
0xccf8c664,
0xd0f8c681,
0xd4f8c681,
0xdcf8c621,
0x8408cf31,
0xcff9124c,
0x030c8609,
0xf8936800,
0xcfb32040,
0xae468605,
0xcf6823f8,
0x6b1a1404,
0x1080f8b3,
0xf8934110,
0xf8c42070,
0x04cf009c,
0xf468002c,
0x21f89ef7,
0x8605cf68,
0x6e0b6c5e,
0xf8c44118,
0x6b0800a0,
0xcf50f8b1,
0x2aba8109,
0xdb2804cf,
0x2a04cfb2,
0x0ecff890,
0xb320a062,
0xf410b0f8,
0x07cf7df7,
0x90f8d142,
0xc4411020,
0xd100a4f8,
0xb100a0f8,
0x2010b0f8,
0x93f302fa,
0xcfb2c240,
0xf86e440a,
0x308108cf,
0x6823f87e,
0x0210f104,
0xd61c04cf,
0xcfa02cf8,
0x10205608,
0xfdc8f7f3,
0x28004681,
0x8081f040,
0xb93b6923,
0x04cf4841,
0xda682134,
0xf3612268,
0x21fabcf7,
0xf3483e69,
0x22fab8f7,
0x1804cf68,
0x1022f835,
0xf7f36818,
0xf8d5ffac,
0xf00030f4,
0x60e0001f,
0xd2034298,
0x30c0f8d5,
0xd2054298,
0x49344a34,
0xf7f34835,
0xe7fefaa0,
0x408105cf,
0x6a04cf20,
0xf8b36810,
0xf7f310c4,
0x6823ff91,
0x0840ea4f,
0x081804cf,
0xcf7880f4,
0x10d41c08,
0xff83f7f3,
0xea486823,
0x04cf0000,
0xcf60601c,
0x06cf1a06,
0xfdca2081,
0x60a068e3,
0x20c0f8d5,
0xeb001a9b,
0xfb901083,
0xfb0af3fa,
0x63730013,
0x63b32300,
0x682363f0,
0x481968e2,
0x1023f855,
0xfa64f7f3,
0x1300e9d4,
0x06cf4816,
0x20d42282,
0x7805cfd1,
0x6823fa59,
0xcf1268a2,
0xd51a8605,
0xf310e4f8,
0x71fa50f7,
0xf3480f6b,
0x0efa4cf7,
0xf36bf148,
0x48fa48f7,
0xf0e8bd46,
0xfff04f87,
0x05cff939,
0x354e0c85,
0xa6cef121,
0x3581f121,
0x3470f121,
0x08df06cf,
0xf121bf66,
0xf121bfb1,
0xf121c03b,
0xf12135a1,
0xf12135ad,
0xe92d4b26,
0xf5ad43f0,
0x24007d29,
0x46264605,
0x0801f04f,
0xf8dfaf00,
0xf8c790a8,
0x4b2030ac,
0x30b0f8c7,
0xf8c74b1f,
0x0605cfb4,
0x4b1e30b8,
0xcfbcf8c7,
0x30c00605,
0xf8c74b1d,
0x0605cfc4,
0x4b1c30c8,
0x30ccf8c7,
0xfe15f7fe,
0x50a8f8c7,
0xf8c7686b,
0x692a6294,
0x329cf8c7,
0xf304fa08,
0xd10e4393,
0x4639464a,
0x00acf107,
0xf7fe603c,
0x4622fc6c,
0xf8d74628,
0xf8d7128c,
0xf7fe3294,
0x3401fdb2,
0xd1e32c04,
0xf5072000,
0xc106cf29,
0xbf008344,
0xf1213141,
0xf1212f7d,
0xf1212f65,
0xf12118a1,
0xf1212ee9,
0xf1212ed5,
0xf12117ad,
0xf1211811,
0xf1212e35,
0xf1213484,
0x6fff05cf,
0x6e616373,
0x09cf675f,
0x09cf10a2,
0x2d250014,
0x00733433,
0x73303125,
0x5f535144,
0x204e4557,
0x28204955,
0x64eb06cf,
0x303a345b,
0x3125295d,
0x44200acf,
0x15cf2049,
0x04cf0a20,
0x43445221,
0x371a09cf,
0x301804cf,
0x32250073,
0x05cf2078,
0x1d0dcf3e,
0x383705cf,
0x30250073,
0xcf1f04cf,
0x4c443d05,
0x6850204c,
0xcf657361,
0xcf362609,
0x73322605,
0x67695200,
0x4c007468,
0x00746665,
0x61666544,
0x00746c75,
0x49555f52,
0x04cf4c00,
0x72617705,
0x676e696e,
0x8107cf3a,
0x09cf10e0,
0x63078281,
0x206c746e,
0x2c30203d,
0x6fa305cf,
0x72326975,
0x07cf6364,
0x221af281,
0x73716477,
0x20495520,
0x616c6564,
0x6f04cf79,
0x3e202978,
0xc38206cf,
0x226e5c56,
0x6f5f7800,
0x07cf6972,
0xa307cf2c,
0x110acf27,
0xaf8212cf,
0x8210cf50,
0x396c00b0,
0x3948f121,
0x3924f121,
0x3900f121,
0x38a8f121,
0x3860f121,
0x3818f121,
0x37d0f121,
0x38ccf121,
0x3884f121,
0x383cf121,
0x37f4f121,
0x10cff121,
0x10cf7ced,
0xcf409381,
0x60938110,
0x5c9210cf,
0xcf3020cf,
0xcf5c9210,
0x14cf3020,
0xcfa45c92,
0x1cb78207,
0x8207cf84,
0x016404b6,
0x01540000,
0x01440000,
0x01340000,
0x01240000,
0x01140000,
0x01040000,
0x00f40000,
0x00e40000,
0x00d40000,
0x00c40000,
0xcfb40000,
0x00004004,
0x00009400,
0x00008400,
0x00007400,
0xcf006400,
0x28828106,
0x0000025d,
0x00000245,
0x0000022d,
0x00000215,
0x000001fd,
0x000001e5,
0x8207cfcd,
0xcf9d40b3,
0x40b78207,
0x0000016d,
0x00000155,
0x0000013d,
0x00000125,
0x0000010d,
0x000000f6,
0x000000de,
0x000000c6,
0x000000ae,
0x00000096,
0x000005b3,
0x000005bb,
0x000005c3,
0x000005cb,
0x000005b2,
0x000005ba,
0x000005c2,
0x12cf05ca,
0x054cb382,
0xb3820fcf,
0x0404cf6c,
0xb48230cf,
0x2082cf30,
0xcf50bc82,
0xb3822081,
0xb4f8d224,
0x00b5b030,
0x93685baf,
0x152b02b1,
0x4f2506d1,
0xf633fff0,
0xc0eb0124,
0xb8f8d200,
0x05fb1010,
0x804408f0,
0x014284b2,
0x804418da,
0x41bdb0b2,
0x41230525,
0xed7470f2,
0x042300e7,
0xe9461c25,
0x82b5b0e7,
0x022400b0,
0x3d9401af,
0xfd950069,
0x03ff15f7,
0xf2480349,
0x20ff0bf7,
0xb046bd46,
0x009505cf,
0xf1217039,
0x2400b590,
0xaf02b083,
0xf7fd9400,
0x4904fed1,
0xf7f24804,
0x4620fef9,
0x8f8206cf,
0xcfbf0066,
0x08cf2808,
0xf7f24095,
0x08cffeea,
0x53d34095,
0x08980acf,
0x681830b4,
0xfcbef7f3,
0x00b4f8d4,
0xbb3b6843,
0x220668a3,
0x68004611,
0xac8106cf,
0xcff7fd08,
0x68a3fc00,
0x04cf69a2,
0x80f0421e,
0x83ea4202,
0x2006cf23,
0xfcc2f7fd,
0xcf2c06cf,
0x029b1c04,
0xb91204cf,
0xcf4604cf,
0xfc5a5005,
0xfac4f7fe,
0xbdb02000,
0xb98308cf,
0xf368002a,
0x05cf3af7,
0x1b221f66,
0xaaf24023,
0x1204cf41,
0x3205cf31,
0x681d211d,
0xf7f34628,
0x4602fb95,
0x4628210e,
0xcf84f7fd,
0x04cf1807,
0x01fb8a4c,
0xf2485c46,
0xcffe8af7,
0x08cf3e04,
0xcf60b583,
0xfc123e04,
0x50faf44f,
0xf5d9f72f,
0xcf1a04cf,
0xcf056a0c,
0xf44f6a09,
0x04cf6194,
0xcffbfc12,
0xcfa15204,
0xcf606a07,
0xcf4f6a09,
0xcfa16a05,
0xfb556a05,
0x48424601,
0xcf55f7f2,
0x08cf6a09,
0xcffbdd3e,
0xcfa46a06,
0x08cf6a05,
0xcf0cb983,
0xcfd01a04,
0x07cf5804,
0xcfad5481,
0xc7168105,
0xa26a05cf,
0x2b6a07cf,
0x1a6a09cf,
0xa26a05cf,
0x206a05cf,
0x294601fb,
0x20f7f248,
0xcf6a05cf,
0x20ba8308,
0xa83e04cf,
0x6f6a07cf,
0x9b6a11cf,
0xa36a0bcf,
0x922c05cf,
0xa36a05cf,
0xf66a07cf,
0x6a08cffa,
0x1807cfe5,
0xeb6a04cf,
0x0f4601fa,
0xebf7f248,
0x6a0acffd,
0x733e06cf,
0x3a6a07cf,
0xc06a05cf,
0xcf461a23,
0xfb666a08,
0x53d9e71a,
0x53e8f121,
0x53f7f121,
0x5406f121,
0xb5f8f121,
0x221f4604,
0x2600af00,
0x3020f890,
0x4d1c6801,
0xcfb4f8d0,
0xf3149d07,
0xcffb4df7,
0xb4149d06,
0x941d1900,
0x003020f8,
0x1a04cf68,
0xfb41f7f3,
0x6a236822,
0x0282eb05,
0x6b106a11,
0x408b5989,
0x5d826c11,
0x04cfb2db,
0x045b892a,
0x3c04cf36,
0x2e24fb2f,
0x6823d1eb,
0x06cf6a62,
0x30b4329c,
0xcf50f895,
0xc53e9405,
0x8406cff9,
0x3df7fc50,
0x00bdf8fc,
0xcf35c0bf,
0x62388510,
0x206963fb,
0x23622346,
0xff626369,
0x63ffadf7,
0x5a04cf68,
0xf0402b01,
0x6843813d,
0xd15d2b00,
0x508510cf,
0x18cffb67,
0xfb5a5085,
0x508510cf,
0x4da1fb51,
0x9505cf21,
0x1404cf50,
0x6e9d14cf,
0xcfd0f7f3,
0xac109e05,
0xd12209cf,
0xcf2090f8,
0xcfa02406,
0x10b02405,
0xcfbef7f3,
0xcf129e05,
0x05832004,
0x30b0f8d4,
0x20c0f8d5,
0xcfe0f8b5,
0xd0129e07,
0xf3b2db20,
0xcffaacf7,
0xbc3c8608,
0x26f7fefa,
0x8610cff9,
0x04cf9c3c,
0x860dcf20,
0x05cf933c,
0x8608cf32,
0xcff9f73c,
0xe67e8308,
0xcf1807cf,
0xf9ec4c04,
0x48714601,
0xcfecf7f2,
0xcf108605,
0x743c860c,
0x8306cffa,
0xcff43b7e,
0x673c8610,
0xcf6a09cf,
0x5e7e8508,
0xcf5205cf,
0xc23c8608,
0xb16a09cf,
0xcf1807cf,
0xf9b76a04,
0x48574601,
0xcfb7f7f2,
0x08cf6a09,
0x07cf3f3e,
0x05cf066a,
0x850ccf6a,
0x0bcf3252,
0x06cf5481,
0xcf297e85,
0x08cf5205,
0xcf8d3c86,
0xcf7c6a09,
0x04cf1807,
0x01f9826a,
0xf2483e46,
0x05cf82f7,
0x860ccf6a,
0x07cf0a3c,
0xcff3d16a,
0xf9fd6a10,
0x3c8610cf,
0x8405cff4,
0x8608cf5c,
0x09cf583c,
0x05cf476a,
0x8606cf6a,
0x01f94d3c,
0xf2482446,
0x0bcf4df7,
0x3e06cf6a,
0x06cff9d5,
0x05cf9c6a,
0x860ccf6a,
0xe4f9c83c,
0xcf211de6,
0xf92e0a04,
0x48124601,
0xcf2ef7f2,
0x2462880b,
0x0e4601f9,
0x24f7f248,
0x0c880bcf,
0x4601f91a,
0xcff2480a,
0xcf208807,
0xf9107a06,
0x48064601,
0xfc10f7f2,
0x06cfe6bd,
0x10cf7885,
0x06cf1087,
0xcfb428a2,
0xf328a205,
0x07cf2ef7,
0x4ff828a2,
0x06cfaf00,
0x460e5ad2,
0x04cf6abc,
0xa208cf50,
0x36f7fc2a,
0x168805cf,
0x0940f04f,
0x83b8f8df,
0xc36604cf,
0x08f8dbf9,
0xd8465120,
0x05cff0f8,
0xf7fd30a2,
0xfb90fba6,
0x4651f0f9,
0x46286220,
0xfd1c04cf,
0xcffb9df7,
0x632ea20e,
0x01626068,
0xcfd1242b,
0x5b308c06,
0x308c11cf,
0x4bd5f9b7,
0x8505cfa2,
0x26f8536e,
0xcf680030,
0xea431604,
0x8605cf82,
0xa8f7fd66,
0x8610cff9,
0x20f99f64,
0xd0f7ff46,
0x8508cffd,
0x07cf3d7e,
0x0132a781,
0xdbf0402b,
0xb54bc380,
0xb2681a00,
0x554f80f1,
0x00464bd1,
0xf88307cf,
0x15f7f310,
0x508305cf,
0x30bcf8d4,
0x06cfb373,
0x231b6a84,
0xf7f36800,
0x8305cf09,
0xb5444556,
0x1e00f4f8,
0x0af7f368,
0x0e4602fc,
0xfd463021,
0x05cf5bf7,
0x850ccf32,
0xcff8f318,
0xba448306,
0x8310cff2,
0x07cfe644,
0xb0f2ad1a,
0x8606cfe7,
0x5e06cf32,
0x0ecff8da,
0x05cfdb5e,
0x04cf5c8b,
0xcff92c5e,
0xcf5c8608,
0x00cf4c04,
0xb3681be7,
0x414f40f1,
0xcf2380d1,
0xbb34810a,
0xcf3e04cf,
0xd3348105,
0x8406cfb1,
0x5606cf4a,
0x560fcfaf,
0x5609cfb0,
0x08cff901,
0x04cf7484,
0x05cfa43a,
0xcfad0c81,
0xcf943607,
0x06cf360f,
0x04cf3c8e,
0xcff8e636,
0xcf148608,
0xe7668a05,
0x30db08cf,
0x793604cf,
0x048105cf,
0x068208cf,
0x04cf4445,
0x05cf6f14,
0x850ccf14,
0x09cf665e,
0x8808cf26,
0x05cf5d2e,
0x5606cf12,
0x8105cf17,
0x05cf5400,
0x08cf0081,
0x09cf567e,
0x53f8a77e,
0x7f2b02e7,
0x54af14f4,
0x07cfb64b,
0xcf313c83,
0x373c830d,
0x088209cf,
0x0ccfb193,
0xcf2b3c83,
0x44465205,
0x0148f8b6,
0xf7f3681d,
0x8e07cf5b,
0x0dcf203a,
0xcf180483,
0xcf48260f,
0xcf3c2607,
0x31748207,
0x74820dcf,
0x6c0dcf01,
0x748208cf,
0xfff5f7f2,
0x25460ecf,
0x444607cf,
0x64820bcf,
0xcfe2f7f2,
0xcf12260f,
0xcf4c2607,
0xf254820b,
0xcf00cff7,
0x09cf2604,
0xeb085482,
0x04cf0506,
0x05cfc416,
0x820acf16,
0xbbf7f256,
0xcf2809cf,
0xf2568206,
0x05cfb2f7,
0x820acf12,
0xa9f7f256,
0xb57205cf,
0xd30148f8,
0xf39000f8,
0x05cfd9f7,
0x4648548f,
0x5360e752,
0x54c706cf,
0x08cf35c0,
0x46817ca8,
0x4e72460c,
0x2300e9d1,
0xf8d6af04,
0x2b0150f0,
0x1585ea4f,
0x7880f505,
0x8088f040,
0x04cf2104,
0x87f7fd5c,
0xc92304fd,
0x4f31bcf8,
0x210a40f0,
0x6646a968,
0xe5f7f248,
0x656823f9,
0xe4f8df48,
0x641d1ab1,
0x05cf564b,
0xf7f206a9,
0x45c1f9da,
0x4b60db72,
0x04cf46a9,
0x5f68222c,
0x00a905cf,
0x04cfb1c0,
0xcbf7f220,
0x6b45c1f9,
0xcf6823db,
0x49571e06,
0xeb064858,
0xf8df0383,
0x6c1ab1a0,
0x68126a13,
0xf9baf7f2,
0xcf6245c1,
0x48522205,
0xa18cf8df,
0x0283eb06,
0xf8d24b4d,
0x04cf219c,
0xc1f9ab5e,
0x05cf5b45,
0xdf484c1e,
0x05cf34f8,
0xd24b451e,
0x05cfacf8,
0xc1f99c1e,
0x23db5d45,
0x04cf4668,
0x4b3f0656,
0x21bcf8d6,
0x04cf4e44,
0x45f98f1a,
0x42db6245,
0x434a424b,
0x43930249,
0x0148434b,
0x004b4393,
0xf24b4393,
0x63f981f7,
0x0c2b0168,
0x8905cfd1,
0x4b406868,
0x4b409300,
0xd1572a00,
0x492f4a3f,
0xf7f2483f,
0x0acff971,
0xcf0136a9,
0xff108207,
0x762301fc,
0x05cf99e7,
0xf10934a9,
0xf7f20908,
0xcf82f95e,
0xf956100d,
0x100dcf89,
0xe792f94e,
0xcfd969e1,
0x0932a907,
0x32a909cf,
0x591e04cf,
0xf20b8943,
0x90f93df7,
0xc1221bcf,
0xf21187f3,
0x8df92bf7,
0x05426be7,
0x54a907cf,
0xa906cf30,
0xf7f23554,
0xe78ef91f,
0xe7a64a15,
0xf12135c0,
0xf1215415,
0x06cf541e,
0x543c58a9,
0x545bf121,
0x547ff121,
0x5497f121,
0x54b1f121,
0x58a922cf,
0xf12154f7,
0xf12154d0,
0xf12154da,
0xf12154e3,
0x0dcf5501,
0x854f6ca9,
0x05460cb0,
0x22210246,
0xcfaf0468,
0x780e8206,
0x562302fc,
0xbcf8c548,
0xf2682131,
0x05cfd9f7,
0x685b5c86,
0xd17a2b00,
0xf04f4e51,
0xf04f090a,
0x4a500864,
0x48514950,
0xf8caf7f2,
0xb138f8df,
0xf8df2500,
0x4622a178,
0x46282100,
0xf7ff3501,
0x47b0f985,
0xd105cf01,
0xb9f7f20c,
0xf145a9f8,
0x14f8dfd1,
0xdf260091,
0xdfa154f8,
0x43b154f8,
0x4349414a,
0xabf7f248,
0x222100f8,
0xff463046,
0x05cf6cf7,
0xfb90248b,
0x04cff1f8,
0x08d1576a,
0x4b0211fb,
0x01465846,
0x98f7f236,
0xea42b5f8,
0xd0f8dfd1,
0x4204cf80,
0xf8df911c,
0x4a35a11c,
0x48334930,
0xf88af7f2,
0xcf7604cf,
0xcf4b4204,
0x04cf4205,
0x0cd13d3e,
0x43226421,
0x01434146,
0x910032f1,
0x90f1fafb,
0x4ff0f2fb,
0x90727af4,
0x02fcf2fb,
0x26021cfb,
0x6df7f248,
0xb53601f8,
0x24d1df42,
0x254a254b,
0x25930249,
0x0148264b,
0x004b2693,
0xf24b2693,
0xcff85ef7,
0x2326840a,
0x0bf04f4a,
0x0af04f09,
0x21491308,
0x50f7f248,
0x128205cf,
0x685a4e1f,
0x2a024b1f,
0x461ebf08,
0x06cfe77c,
0x46503081,
0x2b01e7a6,
0x010af04f,
0x230bbf08,
0x2306bf18,
0x43584642,
0xfb903005,
0x4648f1f1,
0xf833f7f2,
0x550be7c4,
0x79c7f121,
0x8305cf20,
0x20713f10,
0xcf5519f1,
0x2c208306,
0x8306cf55,
0x2155502c,
0xcf5580f1,
0x68508306,
0x87f12155,
0x6cf12155,
0x8ef12155,
0x8306cf55,
0x21550150,
0x21552df1,
0x207939f1,
0x207997f1,
0x215522f1,
0x215544f1,
0x215536f1,
0x21555df1,
0x0186a0f1,
0x8306cf00,
0x469208a6,
0xcf3c4606,
0xfb708f0d,
0x05cf3ef7,
0x68184c88,
0x00cff7f2,
0xb4f8d4fd,
0x04f8d880,
0x0ed405cf,
0x4b85d03a,
0xf1b94d86,
0xbf080f02,
0x4630461d,
0x46514622,
0xf8a1f7ff,
0x04cf4606,
0x07cf2d1e,
0xf8d83296,
0x06cf0000,
0xf7fc548f,
0x8f05cfcd,
0xd346301e,
0xa38000f8,
0xf3029d68,
0x06f8a5f7,
0x80f04522,
0x11430303,
0xfc464046,
0xcffdbcf7,
0xfc588f0e,
0x07cfb3f7,
0xf7f2528f,
0x06cffd54,
0x6a72a683,
0x6ae7c84d,
0x8c06cf4b,
0x40d14e12,
0x6204cf23,
0x288b06cf,
0xcf2df7f2,
0xd41e9905,
0x4330bcf8,
0x508f0bcf,
0xcf21f7f2,
0x47a87a0b,
0x210e4602,
0x756e04cf,
0xcf2e05cf,
0xf24c8f0a,
0x4ffd0df7,
0x2e50faf4,
0xcff6d4f7,
0xf24c8f0e,
0xbafd00f7,
0x408c0bcf,
0xcff8f7f2,
0xcf669205,
0xfd4c5210,
0x408f0ccf,
0x8c07cfd5,
0x80d13e4c,
0x26810dcf,
0x9405cfda,
0xbcf8d408,
0x0dcfc330,
0xcfce4e8c,
0xfd225415,
0x3e8f0ccf,
0x8c0dcfab,
0x15cfb55a,
0x07cf0932,
0x8f06cf32,
0xc0e7923a,
0xcf7e05cf,
0xf24c8106,
0x0fcf9bf7,
0xf7f25a96,
0x950fcf92,
0x89f7f218,
0x68970fcf,
0xcf80f7f2,
0xcf0a9e07,
0x77648c0a,
0xcb7c15cf,
0x97e75dfc,
0x05cf2079,
0x79c76c84,
0x8c05cf20,
0x00b5b06c,
0x016853af,
0xd2d17a2b,
0x708605cf,
0x4b3ebb93,
0x1494f241,
0x7170f241,
0xf8532564,
0x4b3b2020,
0xf012483b,
0xbf180f40,
0xf0024621,
0xeb04043f,
0x440c1484,
0xf7f14619,
0xfbb4feb3,
0x4b33f1f5,
0xfb054834,
0xf7f14211,
0x210cfeab,
0x727af44f,
0x434c4b2e,
0x0132f104,
0xf1f5fbb1,
0xf0f2fbb1,
0x1210fb02,
0x482d492c,
0xf1f1fbb4,
0xfe98f7f1,
0xbdb02000,
0xd1232b01,
0x250a4c29,
0x0480eb04,
0x00f4f8b4,
0xff26f7f2,
0x46024b20,
0x04cf4825,
0xd4fe865a,
0x1c20f4f8,
0xb248234b,
0x05f1f5fb,
0xf12211fb,
0x04cf7cf7,
0x210b3014,
0x4a164359,
0x481d3105,
0xf15e04cf,
0xd7fe71f7,
0xd52b02e7,
0x09cf16d1,
0xf201484c,
0x0dff2ff7,
0x1246024b,
0x604c05cf,
0x48f8d4fe,
0x104b0921,
0x564c0bcf,
0xd42106fe,
0xd83148f8,
0x0c4903e7,
0x4ef7f148,
0x00e7b4fe,
0xcf5360bf,
0x94448706,
0xa1f12155,
0x7c8607cf,
0xf12155af,
0xf12135c0,
0xf12155bc,
0xf12155c9,
0xf12155d5,
0x06cf55e0,
0xb0956c8a,
0x460c4680,
0xaf00680b,
0xdd062b03,
0x3bfff04f,
0xcf544658,
0xd1668807,
0xb330b4f8,
0xb406cf4e,
0xf0f8c66e,
0xccf8c630,
0xc8232021,
0x633024f8,
0x402b0168,
0xcf80ccf0,
0x40608908,
0x1380c4f0,
0x28f8c823,
0x21230830,
0x24f10846,
0x2cf8c800,
0x14f8d830,
0xb507cf30,
0x09402206,
0x21402301,
0x0040f8c8,
0x2044f8c8,
0x31ccf8c8,
0x31d0f8c8,
0x11d4f8c8,
0x31d8f8c8,
0x21dcf8c8,
0x088708cf,
0x06cffbcc,
0xcf06069d,
0x7054b307,
0x80f8b320,
0x68f7f210,
0xcf6823fb,
0x6e1a1404,
0xcfb0f8b3,
0xa00cb505,
0xa8f8c420,
0x2c04cf00,
0xf7f26800,
0x6821fb58,
0x0181eb06,
0xf8d16f0a,
0x41183090,
0x00acf8c4,
0xf8b16e08,
0xb50bcf80,
0x05cfb40e,
0xf7f24ab4,
0x640fcf49,
0xf8b320d0,
0xf7f210e0,
0x4407cf36,
0x50c0f8d1,
0x20d0f8d1,
0x10e0f8b1,
0xfa224128,
0xb2d2f305,
0xcfb0f8c4,
0x40ab6c05,
0x274406cf,
0x289905cf,
0xf7f26818,
0x2302fb37,
0x902cf8d8,
0x021cf104,
0x0ecf60a3,
0xf210505a,
0x83f87ff7,
0x7f280046,
0xe3af50f4,
0x60b93b69,
0x3804cf48,
0x68da6821,
0xf7f161e2,
0x69e1fd73,
0xf7f1485c,
0xcf22fd6f,
0x36303804,
0x12b505cf,
0xfa63f7f2,
0x20b4f8d4,
0x001ff000,
0x68536160,
0xb1b8b133,
0xf8c61e43,
0x1cc330f0,
0x31ccf8c6,
0x31ccf8d6,
0xd2034298,
0x30f0f8d6,
0xd20d4298,
0x494d4a4d,
0xf7f1484e,
0xe7fefd4c,
0xe73a2315,
0xe7382301,
0xf8c62304,
0xe7e700f0,
0xcf106823,
0xb3388205,
0xf2119cf8,
0x23fa37f7,
0xcf004568,
0xf4055c04,
0x04cf7580,
0xb3681018,
0xf211acf8,
0x23fa2af7,
0xcf430568,
0x60e51a04,
0xcf1806cf,
0x723e8106,
0x206963f8,
0xf0f8d661,
0x30b509cf,
0xfb09f3f9,
0xf8c80013,
0xf8c83034,
0xcfd4003c,
0x01308b05,
0x05cf430f,
0x685d6091,
0xd0622d00,
0x2d024a2c,
0xbf184d2c,
0x4a2b4615,
0x0a54f1a2,
0x4692bf08,
0x68124a2a,
0xf8d42a00,
0xda2720bc,
0x22ffb31a,
0x681821a3,
0xfa7df7f2,
0x7e2061a0,
0xf8da47a8,
0x46053000,
0x42832100,
0x1a1bbf28,
0x1ac3bf38,
0x2029f85a,
0xbf984295,
0xbf881b52,
0x429a1aaa,
0x4649da01,
0x06cf4613,
0x1550b681,
0xc8d1ef0f,
0x741038f8,
0xa222ffe0,
0x12e7da21,
0xa122ffb1,
0xffe7d621,
0xd3211d22,
0xc82500e7,
0x665038f8,
0x0e220ae0,
0xf2fbb548,
0x0269a3f1,
0x895211fb,
0x8ab292b2,
0x2135c0e0,
0xcf55e6f1,
0x180cb606,
0xacf12156,
0xb606cf53,
0x20791f0c,
0x207961f1,
0xcf3708f1,
0x55409506,
0xfff12156,
0x05cf6422,
0xfa2b2481,
0xe0f4f8df,
0x037ff000,
0x7c70f241,
0x1294f241,
0x61a31d39,
0x3025f85e,
0x0f40f013,
0x033ff003,
0x1383eb03,
0x46e2bf08,
0x4692bf18,
0xf8414453,
0x35013025,
0xd1ed2d13,
0x0f40f010,
0x04cf687b,
0x3ff00032,
0x70f24100,
0x15bf1875,
0x80eb0546,
0x00440515,
0x2842ab20,
0x381b5bbf,
0x511aebbf,
0x6c8111cf,
0x8109cf48,
0x06cf136c,
0x23006c81,
0x17696268,
0x23f85648,
0x58f7f110,
0xe36821fc,
0xcf481468,
0xac2c8506,
0x9cf8d121,
0x4df7f111,
0x106823fc,
0x06692248,
0xd60683eb,
0xf111bcf8,
0x63fc44f7,
0x7f2b0168,
0xcfae15f4,
0x7f2a8708,
0x64af74f4,
0x0fcf0822,
0xf7f11882,
0xe602fc2f,
0x10b808cf,
0xf121c014,
0xf1215630,
0x06cf5360,
0xaf0050a6,
0xcfd1460d,
0x2a3c9505,
0x044b71b9,
0xf0f8c321,
0xccf8c320,
0x63230b11,
0x05cfd562,
0x0ab90b58,
0x01626323,
0x29230826,
0x0ce505cf,
0x62e362a6,
0xbd07cf63,
0x40225002,
0xc4230009,
0x2021c8f8,
0xc4646364,
0xd561ccf8,
0x5220b4f8,
0x522a0068,
0xc42327d1,
0x4131d0f8,
0xc43388f2,
0xc421d8f8,
0x4f31d4f8,
0xc47307f4,
0x4931dcf8,
0x313204cf,
0x60ab2302,
0x5a6204cf,
0x552a0068,
0x94f241d1,
0x6422ff16,
0xb8f8c521,
0xf2681860,
0x00f95ff7,
0x10037ff0,
0x410f40f0,
0x007270f2,
0xab003ff0,
0x16bf0861,
0xb8f8d546,
0x80eb0630,
0x4f441012,
0xc37202f4,
0xf2fbb31a,
0x632241f3,
0x1804cf63,
0x030e06cf,
0xe30307f0,
0xa3230063,
0x8106cf63,
0x6c2b0040,
0xab2264d1,
0xf2fbb069,
0x11fb02f1,
0xcf483902,
0xa4168206,
0xf82000fb,
0x0c2a01bd,
0xc4220bd1,
0x4021d0f8,
0xc412c4f6,
0x6e31d8f8,
0xd4f8c423,
0xdcf8c421,
0x03e7ad31,
0xf21a06cf,
0x04cf3243,
0x05cf5a1a,
0x29e7f11a,
0x6e8505cf,
0x20bcf8d5,
0xb1e2da20,
0x6e8508cf,
0x04cff906,
0xa861a870,
0x01685b69,
0x64d11a2b,
0xc5b2c023,
0xf230b8f8,
0xcffbfcf7,
0x5b1e8106,
0x8108cf09,
0x82f3c328,
0xffe7ac03,
0xe121a222,
0x608507cf,
0x8505cfdd,
0x96e7da60,
0x023609cf,
0x2c04cffc,
0x1ac22130,
0xf2f1fbb2,
0x3a05cf62,
0xf30c05cf,
0x2313fb01,
0xfbb32206,
0xe78af3f2,
0x810bcf0a,
0x04b2895a,
0x91b29248,
0x489705cf,
0x0acf5630,
0x4b2d6c85,
0x47f0e92d,
0x7d2ef5ad,
0x46062500,
0x46a8460c,
0xf8dfaf00,
0xf8c790c4,
0xcf2730c4,
0xcf52bb05,
0x30cc0604,
0xf8c74b26,
0x0605cfd0,
0x4b2530d4,
0xcfd8f8c7,
0x30dc0605,
0xf8c74b24,
0x0605cfe0,
0xf7fc30e4,
0x60bcff1a,
0x60b8f8c7,
0xf04f2400,
0xf8c70a01,
0xb16d50c0,
0xdc0e2c01,
0x2c043401,
0x3501d1f9,
0xcff12d02,
0x2e5cbb05,
0x5cbb06cf,
0x011ea387,
0x73d9f02b,
0xacf8c768,
0xc7693282,
0x0a32b4f8,
0x26bc05cf,
0x464ad1e6,
0xf1071d39,
0x607c00c4,
0xfd59f7fc,
0x46304622,
0x12a4f8d7,
0x32acf8d7,
0xfe9ff7fc,
0x4b99e7d6,
0x43f9f121,
0x4a61f121,
0x14bc06cf,
0xf1214011,
0x0acf3ffd,
0x3cf514bc,
0x53bff121,
0xcf2cf121,
0xcf60810d,
0x265e8112,
0x5e810bcf,
0x810bcf25,
0x0bcf245e,
0xcf235e81,
0xab5e8107,
0x8152cffe,
0xcffceb5c,
0x315c810e,
0xbde7d6fe,
0x2df1214f,
0x25f12146,
0x8106cf3a,
0xcf48055c,
0xfd5c8106,
0xd5f12139,
0x3df12139,
0xc8f1213a,
0x31f12153,
0x2d000000,
0x29000000,
0x25000000,
0x21000000,
0x1d000000,
0x5cba07cf,
0xba07cf15,
0x00000d6c,
0x0bcf0900,
0x005468cb,
0x00500000,
0x004c0000,
0x00480000,
0xcf440000,
0x776ccc07,
0x13cf7164,
0x06cf3bbe,
0x76773abe,
0xcf666572,
0x3145be08,
0x30007337,
0x64313078,
0x808307cf,
0xcf0a0d1e,
0x31610f04,
0xcf0f0ecf,
0x44818308,
0xcf0f07cf,
0x4b808308,
0x57000a0d,
0x42205144,
0x000a6425,
0x44733725,
0x454f5f51,
0x68be13cf,
0x0a007337,
0xcf1f06cf,
0xcf27bf15,
0x10cf1f09,
0x0ccf7e1b,
0x2405cf27,
0x2abf11cf,
0x3c06cf35,
0x25bf12cf,
0x07cf3331,
0xbf11cf56,
0x2006cf1f,
0x56007337,
0x28464552,
0x25295144,
0x36524d00,
0x36bf05cf,
0x73332500,
0x31312d25,
0xcf0505cf,
0xcf0a0a06,
0x00562709,
0x3431524d,
0x572806cf,
0x56205144,
0xcf666572,
0xcf7b8107,
0x73353605,
0x8106cf00,
0xcf2559ac,
0xcf158105,
0x73331405,
0xe306cf00,
0x25643271,
0x08cf2525,
0x0c04cf0e,
0x3cc105cf,
0x0be406cf,
0x1904cf56,
0x0b0acf30,
0x00666544,
0x25733725,
0x38257337,
0xcf0605cf,
0x000a0c05,
0x04cf5f52,
0xcf4c0073,
0x61520706,
0x0065676e,
0xcf733525,
0xcf367507,
0xcf356b0d,
0x04cf5f0c,
0x10cf366c,
0x2607cf28,
0xcf7808cf,
0x332d2404,
0x17cf7336,
0x1ccf18c1,
0x06cf17c1,
0x4f29a381,
0x4f5f5455,
0x43535f46,
0x08cf4e41,
0xcf29ca83,
0x5f74c106,
0x5f716477,
0x66657276,
0x06cf253d,
0x4d282077,
0x3d293652,
0x78257830,
0x251dcf0a,
0x08cf3431,
0xd311cf26,
0xbf54cf48,
0x07cf5b58,
0xcf4f2cbf,
0x70d48107,
0xbf07cf43,
0x00013738,
0x00013100,
0x07cf2b00,
0x011f44bf,
0xcf190000,
0x0d14c107,
0x07000001,
0x01000001,
0xfb000001,
0xbf06cf00,
0x0000f05c,
0x07cfea00,
0x0000de74,
0x0000d800,
0x0000d200,
0x07cfcc00,
0x00c074bf,
0xcfba0000,
0xae088107,
0xa8000000,
0xa2000000,
0x9c000000,
0x0cc007cf,
0x70d310cf,
0x6cd310cf,
0xd58114cf,
0x0caf0074,
0x10f10146,
0xd125000b,
0xdf30e8f8,
0x18a210f8,
0x0af7f168,
0x786823fe,
0xe8f8d449,
0x23f85a00,
0x23f85120,
0x00230010,
0x495d5268,
0xabf7f15b,
0x726822fd,
0x04f85b49,
0x2004cf3b,
0x1022f851,
0x91dcf8df,
0x59496800,
0x81d8f8df,
0x496c408b,
0xf851b2db,
0x496b6022,
0x721c04cf,
0xcf26015d,
0xfd903604,
0x04cf6823,
0x23f85930,
0x0dcf5820,
0x22fd8350,
0x594b6168,
0x530022f8,
0x583022f8,
0x421022f8,
0xcf595b5d,
0x5b492c04,
0xf303fa06,
0xb2db6800,
0xcf70f7f1,
0xfd634019,
0x4b526822,
0x8105cf4c,
0x4204cf2e,
0x007604cf,
0xcf595b68,
0xf85a3e06,
0xb2db6022,
0x35045d72,
0xfd4ef7f1,
0xd1922d24,
0xcf476820,
0xa2302c04,
0x05cf116d,
0xcff17ed4,
0xe808b905,
0x43684300,
0x0dcfe3bb,
0xf7fb26b0,
0x68e2fda4,
0x05cf6de3,
0xb00bcf1e,
0xfb680020,
0xcffd97f7,
0x04cf2c06,
0xcf029b1c,
0xfd8e1204,
0xcf5604cf,
0xfd2f5004,
0xfb99f7fc,
0x20b006cf,
0xcf4022c0,
0x0004ab05,
0x0ef7f168,
0xcf2205cf,
0xf10ab606,
0x05cf72f7,
0x462874af,
0xcf61f7fb,
0x04cf1807,
0x01fc673c,
0xf0482046,
0x4fff67f7,
0x2d50faf4,
0xcff6bff7,
0x22c06204,
0x4609cf80,
0x04cffceb,
0xb506cf2e,
0x4ff7f166,
0x3e4609cf,
0xa14605cf,
0x444605cf,
0x104601fc,
0x44f7f048,
0x9c4607cf,
0xcf4606cf,
0xf170a009,
0xa7fcc8f7,
0x8118cfe7,
0x567c54f1,
0x48b30acf,
0x8a8210cf,
0x05cfd174,
0x6a196481,
0xf948f7f2,
0x898208cf,
0x99af0028,
0x06469046,
0x05cf0d46,
0xcfe85ca3,
0xfa5ca309,
0xcffe50f7,
0xe1148208,
0x304641fc,
0x08f8d946,
0xc7f7fb20,
0xcf6620fe,
0x00728206,
0xa8f0402b,
0x8210cf80,
0x5ffce976,
0x05cfe24b,
0xf8536e83,
0xb30fcf25,
0xdaf7fb1c,
0x8210cffc,
0x23fcd17a,
0x68f8df68,
0x614e5281,
0x06cf5868,
0x502e8e82,
0x04cf2300,
0x21f81220,
0xbb06cf20,
0x4ff7f17c,
0x4b6822fc,
0xdf68614b,
0x53a144f8,
0x230022f8,
0x3cf8df6e,
0x21f85091,
0x46408300,
0xf58107cf,
0x50484544,
0xcf5022f8,
0xcf1c3a04,
0xfc323a0b,
0xcf616823,
0x507e8408,
0xf48106cf,
0xcf68007a,
0x25015c08,
0xfc21f7f1,
0x4b376822,
0xf85a6861,
0x08cfe022,
0x1e46f581,
0xf5810bcf,
0x3c04cf46,
0xbb8106cf,
0x5004cf14,
0x5005cf0a,
0xf58112cf,
0x2604cf46,
0xfa2004cf,
0x246822fb,
0x5868614b,
0x148607cf,
0xcf4604cf,
0xcf563e04,
0x601c8106,
0xcf10b2db,
0x68307c07,
0xfbe3f7f1,
0x648208cf,
0x8405cff3,
0x0187f074,
0x15d1102b,
0x01680649,
0x080185eb,
0xdbf7f18a,
0xb106cffe,
0x2cf7fb76,
0x0ac105cf,
0xf594f72d,
0xb105cf65,
0x0baf637e,
0xb12807cf,
0xf10064f8,
0xe9fef5f7,
0x44bf00e7,
0x19cf2162,
0x7c70f581,
0x840ecf56,
0x00b5b014,
0xe8f8d2af,
0x76a205cf,
0xa20fcf38,
0x364b3576,
0x76a215cf,
0xfdf8f7f0,
0xf1f5fbb4,
0xcf2f4b2d,
0xf076a205,
0xcffdf0f7,
0x2976a206,
0x76a213cf,
0xcf274927,
0xf076a205,
0xcffdddf7,
0x2076a206,
0x07cf24d1,
0x8a202aa2,
0xfe6cf7f1,
0x46024b1b,
0x04cf4820,
0x22fdcc58,
0x1e4b1869,
0x26a209cf,
0xfdc3f7f0,
0x210b6923,
0x4a124359,
0xcf193105,
0xf070a205,
0xdafdb9f7,
0xd82b02e7,
0x09cf12d1,
0x006470a2,
0xfe77f7f1,
0x46024b09,
0x4805cf0e,
0x6e62fda8,
0xcf0c4b06,
0xfd9f480b,
0x6e632106,
0x6244e7da,
0x60a216cf,
0x0ecf567c,
0xb5f060a2,
0x4605b085,
0x684a460c,
0xcf8baf04,
0x0502ac05,
0xe8f8d421,
0x12f7fc00,
0xc52305f9,
0x0031bcf8,
0x00e9d425,
0xf0482612,
0x26fd71f7,
0x6168224b,
0x53482568,
0x252022f8,
0x524e254b,
0x192021f8,
0x64f7f046,
0x304629fd,
0xf0350846,
0x80fd5ff7,
0x20d1f82d,
0x214a204b,
0x21930249,
0x0148214b,
0x004b2193,
0xf04b2193,
0x05cf51f7,
0x685a7a87,
0x93004b1f,
0xbb0a4b1f,
0x49144a1f,
0xf7f0481f,
0x06cffd45,
0xbdf032ac,
0xd1062b01,
0x8107cf06,
0x06f8d200,
0x02e7be23,
0x07d1062b,
0xc91207cf,
0xb52307f8,
0x07cf08e7,
0x08f8c20e,
0x10e7ae23,
0xa0e7dc4a,
0x05cf2162,
0xcfaf7c83,
0xcf748107,
0x2d58af34,
0x974ff0e9,
0x09cf06b0,
0xf30064a4,
0x23108125,
0xcfd16243,
0x00348405,
0x04f0402b,
0xb3231381,
0xcf230862,
0xf342d906,
0x10f10462,
0xd90ccf08,
0x34f1043e,
0x73643002,
0x04f84864,
0xc845423b,
0xf93020f8,
0xdcf8c6d1,
0xf3220131,
0x0021406a,
0xccf8c625,
0xd0f8c621,
0xd4f8c621,
0xd8f8c611,
0x02607b21,
0x2360e323,
0xdf46c368,
0xb292fcf8,
0xfcf8df49,
0x07cf59a2,
0xf8d4468d,
0x5d5230e8,
0x68185b49,
0xfa40f7f1,
0xf85a6822,
0x595b3022,
0x4baa4118,
0x0c24f848,
0xf8483020,
0xf8530b04,
0xcfa70022,
0x007efd05,
0xcf5d4223,
0x00088d06,
0x2ff7f168,
0xdb6822fa,
0xdf3000f8,
0x5ab2b0f8,
0x591022f8,
0x4f0022f8,
0xdf0901f0,
0x49a2a4f8,
0x98408b59,
0x788d06cf,
0x340ccf10,
0xc205cf15,
0x5b00e852,
0x5a2023f8,
0x368d0dcf,
0x6822fa08,
0xcf5b4b8e,
0xcf628707,
0x0acf5004,
0xcf09768d,
0xf5768d09,
0x18db05cf,
0xe84014cf,
0x7f6822f9,
0xcf497c4b,
0x00728d07,
0x595b497a,
0xcf7e06cf,
0x04cf3e04,
0x49b2db34,
0x0035045b,
0xd2f7f168,
0x7f2d24f9,
0x22af76f4,
0x304c04cf,
0x81f8f8df,
0xf8186818,
0xf7f01022,
0x6821ff84,
0x0216f100,
0x05cf65a0,
0x21f84488,
0x108e05cf,
0x6863f85d,
0xeb046879,
0x6b5a0383,
0xfb92687b,
0x6373f3f3,
0x2313fb01,
0x04cf63f3,
0x00685d26,
0x61d0452d,
0x082d024a,
0x4f0964f1,
0x5f011df0,
0x1868184d,
0x4f4615bf,
0x180222f0,
0x922215bf,
0x10f10846,
0x91bf1802,
0x124a5a46,
0xf122ff68,
0xe0f98af7,
0x5cf89465,
0xd947a800,
0x68a305cf,
0xa30bcf01,
0x51200068,
0xb0db0345,
0x22e06363,
0x59e6fa23,
0x0fcf21f8,
0x46080aa2,
0x31014613,
0x220ae7ec,
0xa105cf47,
0xcf6de336,
0x6e36a108,
0xfff04fe0,
0xcfe06e30,
0xf128a306,
0xdff957f7,
0xcfe120f8,
0x0728a30c,
0xe3010cf1,
0xa312cf65,
0x1846e12a,
0x4b4691bf,
0x2aa30fcf,
0xa315cffb,
0x00f04f2a,
0x0144050c,
0x2ea30dcf,
0x810fcf20,
0x13468424,
0x13300146,
0xc6d1f128,
0xd4c038f8,
0x141300e9,
0x83eb0448,
0x21f85002,
0x1a6b5210,
0x23f85148,
0x7df7f010,
0x186823fb,
0x086da248,
0xd30383eb,
0xf010ecf8,
0x05cf74f7,
0x685e3c8b,
0xd18f2e00,
0xcf122264,
0xf060810f,
0x00fb64f7,
0x08cf5c20,
0xbf24d081,
0x8207cf90,
0xcf30049a,
0xcf108b0b,
0xcf38a508,
0xc8489f08,
0xa30acf62,
0x07cf8040,
0x08cf448b,
0x567c2c8b,
0x6244f121,
0x4b22f121,
0x41f0e92d,
0x7d3af5ad,
0xa28206cf,
0xc74e1f14,
0x05cff4f8,
0xcff850db,
0xfc4adb05,
0x000605cf,
0xc74b1d31,
0x05cf04f8,
0x1c310806,
0x0cf8c74b,
0x100605cf,
0xc74b1b31,
0xfb3114f8,
0x7cff27f7,
0x0060fc60,
0xc746a024,
0x3250ecf8,
0x4e9d05cf,
0x60bc00f4,
0x82dcf8c7,
0xfd82f7fb,
0x46284622,
0xf8d73401,
0xf8d712d4,
0xf7fb32dc,
0x2c09fec7,
0x9e05cfeb,
0x06cf3a1c,
0x00811c9e,
0x215dfdbf,
0x216290f1,
0x215cf5f1,
0xcf5bddf1,
0xdd689d06,
0xc9f12159,
0x9f0acf59,
0xcf579944,
0x70649d52,
0x69627265,
0x9d06cf74,
0x9d07cf4d,
0x44202c0b,
0x9b05cf51,
0x42733516,
0x179c0bcf,
0x16db06cf,
0xcf733531,
0x62739809,
0x0ecf6364,
0x9d07cf1e,
0x0bcf0a56,
0xcf509a83,
0x40a38308,
0xcf1010cf,
0x14d98120,
0x9b8308cf,
0x07cf0334,
0x10cf24d9,
0xd708cf10,
0x8108cf24,
0x1c04cf64,
0xcf2808cf,
0x2cef8108,
0x48eb0ccf,
0xcf7c04cf,
0xcf088108,
0xcf048108,
0x3ccf4040,
0x8320cf40,
0x22cf1091,
0x0464cf83,
0x03af0046,
0x38684168,
0x014e384d,
0x000143eb,
0x94f8d023,
0x07cf1500,
0x0018a282,
0x5af7f068,
0x00e9d4ff,
0x94f8d423,
0x42eb0300,
0xcf692203,
0xf01ee40a,
0xcffd61f7,
0x944c9306,
0x3c04cf00,
0x0381eb05,
0x6c1a6800,
0x40932301,
0xdb4204cf,
0x4404cfb2,
0xff39f7f0,
0x2d016ee5,
0x6821d13b,
0xf8d44a20,
0x04cf3088,
0x21f85230,
0x004e1e20,
0x1d409368,
0x8c8207cf,
0x2c06cf00,
0x6821ff23,
0x260dcf1a,
0x2605cf17,
0x260dcf17,
0x6821ff10,
0x260dcf13,
0x04cf4c11,
0x07cf1026,
0x05cf3426,
0x28fefd26,
0xc5f72d46,
0xf82000f0,
0xecbf00bd,
0xbcf12162,
0xb0f1216d,
0x28f120f6,
0x18f120f6,
0xc0f120f6,
0x48f120f6,
0x38f120f6,
0xd0f120f6,
0x68f120f6,
0x58f120f6,
0xcff120f6,
0x72ad8206,
0x3094f8d1,
0xf7f06818,
0x68e3ff2a,
0x6ee36123,
0xd10a2b01,
0xcfc46fe3,
0x30807605,
0x308cf8c4,
0x3084f8d4,
0x3090f8c4,
0x4d264620,
0xff58f7ff,
0x68626823,
0xf8d44e24,
0xeb020094,
0x6de30243,
0xeb050092,
0x68000c02,
0x1060f8dc,
0x18b1408b,
0xb2db8c09,
0x2080f89c,
0xfeaff7f0,
0xcf2c04cf,
0x6e232a08,
0x68000092,
0xdc2c04cf,
0x05cfa0f8,
0x40f8b12a,
0x2c04cf10,
0xf7f020c0,
0x2c0dcf99,
0x2c05cf63,
0x44164415,
0x10e0f8d5,
0x2100f895,
0xf8b6408b,
0xb2db1060,
0xfe84f7f0,
0x8107cfd4,
0xfbfe9434,
0x00fcfef7,
0xcfbdf820,
0xcf788108,
0xcf709806,
0x6a191e04,
0xfb10f7f1,
0x8307cf80,
0x0ccf20e4,
0xcf946e98,
0x196e980b,
0x4c08cff8,
0x0acffeaa,
0xf8906e98,
0x61206ee3,
0xd1082b01,
0x010ff1c5,
0xf8c400c9,
0xf8c41088,
0xf8c4108c,
0x46201090,
0xcfd6f7ff,
0x53028109,
0x8106cffe,
0xe92d12d6,
0xcf8441f0,
0x0a3e9305,
0xcbaf0468,
0x4b2b016e,
0x42eb0368,
0xaaf04002,
0xd4210b80,
0xfb0094f8,
0x0bfc2ff7,
0x469305cf,
0x1300e9d4,
0xf0402b00,
0x485a80a4,
0xf88cf7f0,
0x25004e59,
0x495a4a59,
0x850e04cf,
0xcf11a9f8,
0x803e9306,
0xf82d80f8,
0xf04856d1,
0xe3f87bf7,
0x402b016e,
0x54808ef0,
0x5068214b,
0x5348534a,
0x7a8305cf,
0xe9d4f86f,
0x26002300,
0x48514d50,
0x0342eb03,
0xcf054a49,
0x7c38c505,
0x80f8d381,
0x5ff7f010,
0x4069a1f8,
0x08437146,
0x89312036,
0x57f7f00b,
0xf52e80f8,
0xf04842d1,
0x05cf52f7,
0x44d16a52,
0x3c68214b,
0x07cf434a,
0x07cf4750,
0xdf484050,
0xcf810cf8,
0xcf355204,
0xf8d35205,
0xf7f010a0,
0x4e0bcf38,
0x1187f3c1,
0xf82ff7f0,
0xd1f42e80,
0xf7f0482e,
0x5005cf2a,
0x4b33d147,
0x4a286821,
0x5007cf32,
0x5005cf1f,
0xcf304e30,
0xcf1e8105,
0xc07ae806,
0xf0250010,
0xcff812f7,
0x0d249508,
0x668105cf,
0x4a294b29,
0x9302492a,
0x482a4b2a,
0x4b169301,
0x4b299300,
0xfffff7ef,
0x055604cf,
0x274b13d1,
0x1a682148,
0xf6f7ef46,
0xcf2000ff,
0x0a068c06,
0x548207cf,
0x230afb85,
0x4820e754,
0x490ae75a,
0xf7ef481f,
0xe774ffe5,
0x481d4907,
0xffe0f7ef,
0x4905e797,
0xf7ef481a,
0xe7baffdb,
0x06cf6ea6,
0x354b30c4,
0x189506cf,
0x06cf6ebe,
0x281c9081,
0xc8f120f6,
0x8406cf6e,
0x216ee43c,
0x288605cf,
0xf1216ef7,
0xcf216f0e,
0x23288605,
0xc506cf6f,
0xcf6f3a1c,
0x31489516,
0x53f12135,
0xb2f1216f,
0xdff1216e,
0xc508cf6e,
0x104ff810,
0x00460523,
0x0c3024af,
0xca600346,
0xdf4eb66e,
0x019324f8,
0x01bf182a,
0xab46b323,
0xeb230862,
0x0bcf6b62,
0x64283095,
0xf8c5646b,
0x08cf31cc,
0xfd645684,
0x0e890ccf,
0x6800009b,
0x444b18f2,
0xcf928c19,
0xfd568605,
0x1e04cffc,
0xf11a06cf,
0x0a444b18,
0x9141106e,
0xb320c0f8,
0xe01040f8,
0x3604cf65,
0xf7f06800,
0x9c05cfea,
0x43eb0132,
0x73008901,
0xd3444918,
0x0920a0f8,
0xd341108c,
0x202080f8,
0xcf6e1866,
0x9462b90a,
0x62b905cf,
0xcfd8f7f0,
0x10cf5805,
0x60f8b376,
0x00f89210,
0xc1f7f021,
0xe05211cf,
0x60f8b120,
0x60411010,
0x00f8d366,
0xee0acf01,
0x5208cf7e,
0x08cffcaf,
0xcfbf5281,
0xf8d55c09,
0x04cfa02c,
0x18f10460,
0xb906cf02,
0xcf464e72,
0x05688a06,
0x05cf80fa,
0x80d206ef,
0xb93b69a3,
0x04cf486a,
0xda68213c,
0xef61a268,
0xa1fef9f7,
0xef486669,
0xcffef5f7,
0x0b7c8108,
0xcf0b83eb,
0xcf9b2204,
0xf012a305,
0xcffa38f7,
0x46831a04,
0x04cf60e0,
0x94f8d41e,
0xb906cf20,
0x10108042,
0xd5f7f068,
0x1e04cffb,
0x0940ea4f,
0x7980f409,
0xa0220ecf,
0xc42205cf,
0xfafb9bfb,
0x00ea49f3,
0x6b60a000,
0x13fb0a63,
0xcf63ebb3,
0x88788606,
0x05cf2380,
0x4a471889,
0x68004948,
0xa48208cf,
0x39f7f052,
0x446823fc,
0x5249454a,
0x102023f8,
0xe04a4441,
0x2604cf67,
0x002008cf,
0x28f7f068,
0x3f6823fc,
0x07cf3f4a,
0xc44a3e22,
0xcf0080f8,
0xfc162410,
0xcf396822,
0x74a48207,
0xf8c46fe3,
0x08db0084,
0x030ff1c3,
0x6fe263ab,
0x0207f002,
0xd9012a04,
0x63ab3b01,
0x68616823,
0xeb014830,
0xcfa30143,
0xa070bc07,
0x80f8d120,
0x6bf7ef10,
0x148205cf,
0x8605cf2a,
0xcf68e266,
0xc04ab706,
0x5ff7ef10,
0x016ee3fe,
0x21d1192b,
0xe34a1a68,
0x5248236f,
0xef2021f8,
0x21fe54f7,
0xd44a1868,
0x1f3080f8,
0x4b1207cf,
0x214a17fe,
0xd4481d68,
0xcf3084f8,
0xfe421206,
0x481a6b69,
0xfe3ef7ef,
0x48196be9,
0xfe3af7ef,
0x6ba94818,
0xfe36f7ef,
0xe8bd4640,
0x23008ff8,
0xf04fe7b6,
0xe7f738ff,
0x0acf62ec,
0xcf1828f0,
0xb0748c07,
0x708c0bcf,
0x8c0bcfc0,
0x20f6d070,
0x3cf009cf,
0xf1216f7b,
0xf1216faf,
0x0acf6fe3,
0x701748f0,
0x088706cf,
0x308f06cf,
0x6ed34616,
0xd1312b01,
0x00c24b1b,
0x040ff1c4,
0x757af44f,
0x0278f1c2,
0x00e44818,
0xf7ef4619,
0x6f73fdf0,
0x6fb2200a,
0x3204fb02,
0xcf924b12,
0x05769e07,
0xf0fb9232,
0xef4810f2,
0x72fde0f7,
0x0e6fb36f,
0x04fb0348,
0x096f3224,
0x0c43544b,
0x06cf944a,
0x024252b5,
0x9272faf5,
0xeff2f5fb,
0x00fdcdf7,
0x02bdf820,
0xef480649,
0xf8fdc7f7,
0x20713fe7,
0x217023f1,
0x21702ff1,
0x21703df1,
0x0f4240f1,
0x04cf4800,
0xb407cf08,
0x07cf240c,
0x66f90096,
0x309cf8c7,
0xf8c74b3c,
0xf8c70094,
0x4b3a30a0,
0xcfa4f8c7,
0x30a80605,
0xf8c74b39,
0x0605cfac,
0xcf3830b0,
0xcf78f105,
0x30b80604,
0xf105cf37,
0xa5f7fb78,
0x0b2c01f9,
0x1c686cd1,
0x512c02b3,
0x3b230bd8,
0xe2f24167,
0x4f677b33,
0xbb73b8f4,
0xbcf8df67,
0xa02400a0,
0x01f04f46,
0x3c686b09,
0xc7692a60,
0xc78284f8,
0x09328cf8,
0x04b405cf,
0x3401d024,
0x06cf2c04,
0xcf2430b4,
0x0c30b407,
0xfa8406cf,
0x68287112,
0xf7f0673b,
0x06cffaed,
0x075ecc82,
0xeef24cd1,
0x40677b53,
0xc71357f2,
0xd00098f8,
0xf8f247e7,
0x1004cf03,
0x1004cf49,
0x00e7c840,
0x05cf5226,
0x009c52f2,
0xf7fa607e,
0x3601ffc3,
0x54f206cf,
0xf8d7127c,
0xf7fb3284,
0x2e02f908,
0xe7c6d1ed,
0x30fff04f,
0x68bde7c7,
0x66b1f121,
0x6bfdf121,
0x749606cf,
0xf121664b,
0x0acf6639,
0x65657496,
0x6e9cf121,
0x08cff121,
0x10cf7ceb,
0x08cf04ec,
0xcf011508,
0x08cf0404,
0x1010cf08,
0xcf120000,
0x08cf0404,
0x1010cf08,
0x17000001,
0xcf0404cf,
0x10cf0808,
0x00000110,
0x000005ad,
0x000005af,
0x000005b5,
0x000005b7,
0x000005bd,
0x000005bf,
0x000005c5,
0x000005c7,
0x000005ac,
0x000005ae,
0x000005b4,
0x000005b6,
0x000005bc,
0x000005be,
0x000005c4,
0x9507cfc6,
0x07cf0425,
0x010568ae,
0x01020000,
0x01060000,
0xcf030000,
0x7200af07,
0x18f409cf,
0x53514452,
0xcf5f4d5f,
0xcf19b305,
0xcf530c05,
0x32250c06,
0x2d257330,
0x00733332,
0x31305144,
0xf312cf32,
0x2104cf2e,
0xb410cf00,
0x04cf3961,
0x3534332f,
0x5df313cf,
0x73b411cf,
0x2c04cf37,
0xcf383736,
0x17cf2c12,
0x002024f4,
0x5f642542,
0x06cf5144,
0xcf68c282,
0x34251405,
0x44445673,
0x25252851,
0x0b04cf29,
0x28464552,
0x0acf2956,
0x07cf26b2,
0x06cf14b3,
0x6c6541b7,
0xcf71645f,
0xcf4b8111,
0xcf459909,
0x11cf341a,
0x23cf5081,
0x8111cf34,
0x3409cf58,
0xf40bcf79,
0x33312565,
0xb608cf73,
0xb50bcf03,
0x0073360e,
0xb506cf25,
0x0b05cf0d,
0x7333342d,
0xcf000000,
0x8b5ce606,
0x184d226a,
0xb4f7f068,
0x216821f9,
0xa069234a,
0x21f8526a,
0x54e505cf,
0x9607cf1e,
0x05cf3554,
0xf9533a91,
0x4a1b6821,
0x2007cf63,
0x04cf4d19,
0x0dcf1922,
0x21f94222,
0xa34a1568,
0x142207cf,
0x132205cf,
0x31220dcf,
0x2c2001f9,
0xa3f2f9f7,
0xf968186a,
0xcff9ddf7,
0xf7f00804,
0xf7faf93b,
0x06cfffa5,
0xcf148481,
0xcf2c8a08,
0x9024971c,
0x02b083b5,
0x01697caf,
0x00693c94,
0x7bf7fa94,
0x044904fb,
0x71f7ef48,
0x818107cf,
0xee08cf36,
0xcf76a710,
0xef10ee0a,
0xcffb62f7,
0x4210ee08,
0x8106cf76,
0x23100c80,
0x26014604,
0x3024af00,
0x23086263,
0x460d62a6,
0x6ec20acf,
0x09402200,
0xcf626420,
0xab68c205,
0x00685b6a,
0xead1792b,
0x4142b26a,
0x40d16a4a,
0xc44105f2,
0x4f31d8f8,
0xc47318f4,
0xcf11d0f8,
0xdf44c108,
0x2ba118f8,
0x396aa868,
0x05cf3a4a,
0xf812488d,
0x6ae62023,
0xf8aff7f0,
0x4a35682b,
0x9100f8df,
0x8100f8df,
0x788d06cf,
0x61284a32,
0xf8396aa8,
0x04cf1023,
0xf0680026,
0x2bf89cf7,
0xcf4a2e68,
0x4a2d1e06,
0x6aa86168,
0x1e0bcf38,
0x6829f88d,
0xf8534b28,
0x41183021,
0x61a8692b,
0xcf5a4826,
0xf7168d05,
0x6b6829fa,
0x59482469,
0xf00e05cf,
0xab6829fa,
0x58482169,
0xe90e05cf,
0x1f6929fa,
0xf6fbb148,
0x2a6361f1,
0xa5250069,
0xf6fbb263,
0x13fb06f3,
0xef63e323,
0xe1fadaf7,
0x488d05cf,
0xcf28fad6,
0x40308a05,
0xcf31dbf2,
0xd84e810a,
0x5bf24031,
0xfde79313,
0x5ac405cf,
0x4324f24f,
0x5ac408cf,
0xe7882338,
0xd090bf00,
0xcf180003,
0xcf2c8307,
0xcf548d08,
0xcf508d08,
0x28488d14,
0x4c8307cf,
0x8309cf68,
0x8306cf40,
0xcffa6b3c,
0x933c8306,
0x8316cffa,
0x186a8b3c,
0xf06a1968,
0x80fcb5f7,
0x00b5b0bd,
0xc0eb02af,
0xa3693c02,
0xcf61e26a,
0xf9309908,
0xa3f9c1f7,
0x05cf216a,
0xf8524485,
0x4a206821,
0x850bcfe3,
0x9c08cf44,
0x21f83564,
0xf1f7ef10,
0x649c05cf,
0x182008cf,
0x228505cf,
0x220dcf18,
0x6821ffe0,
0x2209cf14,
0x2205cf13,
0x220dcf12,
0x01ff00cf,
0x97f72c20,
0x8506cff1,
0xcff87b44,
0xf7ef0804,
0x852bcfd9,
0xf0e92d40,
0xdb06cf43,
0x00210d1c,
0x04682226,
0xfa6aa0af,
0x0dfdaaf7,
0x05cf4023,
0x230a1cdb,
0x4d3e6862,
0x8138f8df,
0xf1f3fb92,
0x2211fb03,
0xfa03f7ef,
0x46296822,
0x4b399502,
0xf853483a,
0x93013022,
0x209206cf,
0xcf389300,
0xf7ef0805,
0x4631f9f2,
0x4640462a,
0xf7ef3608,
0x2e80f9ec,
0x4832d1f7,
0xf7ef2500,
0x4a2bf9e6,
0x767af44f,
0x90a8f8df,
0x80e8f8df,
0x482d4611,
0xf9dbf7ef,
0x200a68a3,
0xfb0268e2,
0x464b3205,
0xfb923508,
0xcf06f1f6,
0x402c9009,
0xcaf7ef46,
0xec2d80f9,
0x05cf21d1,
0x1af9c444,
0xdf4e214a,
0x119064f8,
0xa8f8df46,
0xef481f80,
0xa3f9baf7,
0x7af44f68,
0x4405cf70,
0x08686233,
0x4b435a35,
0x4808cf46,
0x4e9006cf,
0xa54a06cf,
0xe82d80f9,
0x134b13d1,
0x0349094a,
0x134b1393,
0x13930248,
0x1393014b,
0x1393004b,
0x95f7ef4b,
0x38df0acf,
0xcf764783,
0x680c9906,
0x6cf120f6,
0x9806cf76,
0xcff6287c,
0x78878106,
0x06cf76ab,
0x76ca7c90,
0x48da06cf,
0x06cf353c,
0x76e644da,
0x44da0acf,
0xf1213537,
0xf12176a2,
0xf12176bc,
0xf12176da,
0x8107cf35,
0x7d0b0883,
0xaf004605,
0x637b62f8,
0x63bb4b32,
0x63fb4b32,
0x643b4b32,
0x647b4b32,
0x64bb4b32,
0x64fb4b32,
0x653b4b32,
0x657b4b32,
0xfd5ff7fa,
0xb38c686c,
0xd8492c02,
0x60bb230b,
0x33e2f241,
0xf44f60fb,
0xf8df73b8,
0x240090ac,
0x838106cf,
0x6b613b4c,
0x05cf7c68,
0x621c0891,
0xcf24f8c7,
0x0e838107,
0xc507cf0d,
0xfa00340c,
0xcffba6f7,
0x14389006,
0x1cf8d712,
0xecf7fa32,
0x810acffc,
0xcf0b0c83,
0x0c838107,
0x24910acf,
0xf7ef60bb,
0x8207cf9b,
0xcf0602de,
0xfb249105,
0x57f24060,
0xc3633813,
0x229105cf,
0x490e04cf,
0xbc633c13,
0x789005cf,
0x714de7dd,
0x73c9f121,
0x7135f121,
0x789006cf,
0xf1217301,
0xf12172f1,
0xf12172c9,
0xf1217109,
0xf1217051,
0xf1217634,
0xd08206cf,
0xc408cf28,
0x3035257a,
0x77c206cf,
0x828206cf,
0x65732061,
0x7463656c,
0x206e6f69,
0x44445628,
0x05cf3d51,
0x566433c1,
0x25000a29,
0x8e06cf73,
0x8e05cf1b,
0x8c0ccf1a,
0x0ccf2c78,
0x8e0dcf0c,
0x07cf3668,
0xcf178381,
0xcf7c8c05,
0x20468e05,
0x29252528,
0x38332520,
0x0d8d0dcf,
0x1f05cf32,
0x20464552,
0x04cf5628,
0x09cf391e,
0xcf201d8d,
0xcf079006,
0xcf74c20a,
0xcf7dc20b,
0xcf64a523,
0x6c6c8b0a,
0x8b08cff8,
0xcf6edf6c,
0x416c8b05,
0x6c8b28cf,
0x685b696b,
0xd1492b00,
0x42b269aa,
0xcf3a4a29,
0xa06c8b1b,
0x68682b80,
0x384a2169,
0x6c8b0bcf,
0xfdb9f7ef,
0x4b1d6829,
0xb907cf58,
0x03fa4034,
0x2b481bf3,
0x23f7ef61,
0x196929f8,
0x0c8b19cf,
0x6be1f814,
0xf7ef4813,
0x06cff810,
0xcf68a982,
0xc30c8b14,
0x0c8b15cf,
0x8b07cfb8,
0x2177000c,
0x217710f1,
0xcf7c00f1,
0xd8748a0a,
0xf608cf7b,
0x0f694b40,
0xef68184d,
0x21fdc2f7,
0x234a0e68,
0xcf696069,
0x0b208a08,
0x5c890dcf,
0x6963fd61,
0xf7f86818,
0x04cffe10,
0x6ef7ef08,
0xd8f7fafd,
0xb02000fb,
0x4c04cfbd,
0x776005cf,
0x8f0fcf21,
0xbbf7f900,
0x044904ff,
0xb1f7ee48,
0x8b12cfff,
0xfd0acf44,
0x75f7f938,
0x9d2807cf,
0xfd0ecfff,
0x8b08cf38,
0xcf694b6c,
0xbf6c8b06,
0x8b09cff9,
0x693c056c,
0x08cf6963,
0xf7f86a8b,
0x8107cfcc,
0x21fd5e18,
0x604b0e68,
0x534a0e69,
0xcf3021f8,
0x0544bc06,
0x0bf303fa,
0xcfb2db4d,
0xfc4a8106,
0x2b2001fc,
0xcff6c4f7,
0xa8508106,
0x588105cf,
0xcf06f7ef,
0xcf7ab905,
0xd8488108,
0x8106cf7b,
0x06cf34c1,
0xcf0c0c8b,
0x600c8b07,
0xe4f7fa69,
0x3c230cfa,
0x0c8b09cf,
0xf8df4d3a,
0x8b09cf20,
0x3df7ee0c,
0x296822ff,
0x35950046,
0x05cf364b,
0xf7ee0c8b,
0x08cfff34,
0xf7ee7c8a,
0x2e80ff2e,
0x4830d1f7,
0xf7ee2500,
0x0ccfff28,
0x80e07c8a,
0x482b4611,
0xff1df7ee,
0x7c8a1ecf,
0xff0cf7ee,
0xd1ec2d80,
0x4405cf1f,
0x4a1aff06,
0x8a09cf1f,
0x1d80a07c,
0xfcf7ee48,
0x8a26cffe,
0xe7f7ee7c,
0xe82d80fe,
0x114b11d1,
0x7c8a05cf,
0x48114b11,
0x4b119302,
0x4b119301,
0x4b119300,
0xfed7f7ee,
0x7c8a12cf,
0xf1217bd8,
0x06cf7c32,
0x7c4b0ca4,
0x748a06cf,
0x2acf7c5b,
0x4800748a,
0x200ce92d,
0xb004e3a0,
0x3010e28d,
0x1010e59f,
0x0010e59f,
0xbb4fe59f,
0x0000faff,
0x8800e3e0,
0x7be8e8bd,
0x7c6af121,
0x7ce6f121,
0x248b0acf,
0x8b05cf05,
0xfb617824,
0x3b4b3261,
0x7b4b3262,
0xbb4b3262,
0xfb4b3262,
0x3b4b3262,
0xcf4b3263,
0xfa3c8b0a,
0xcffa8df7,
0x7b248b0a,
0x248b05cf,
0x8b11cfbb,
0xcf60fb24,
0x042c9c08,
0x0cf8c762,
0x248b0ccf,
0x1cf10746,
0xd4f7fa00,
0x8b06cff8,
0xd711fc24,
0xfa3204f8,
0xcffa1af7,
0x05248b0a,
0x248b11cf,
0xf7ef607b,
0x0ccffbc9,
0xcfbb248b,
0xb8248b05,
0x8b06cf61,
0x0e04cf24,
0x61bc1349,
0x248b08cf,
0xf1217739,
0xf1217955,
0x06cf7721,
0x78ed248b,
0x78ddf121,
0x78b5f121,
0x7889f121,
0x7835f121,
0x7bf1f121,
0x07b1f121,
0x07b50000,
0x07b90000,
0x07bd0000,
0x64640000,
0x8106cf72,
0x08cf4eef,
0x07cf3d8b,
0x1acf5a9a,
0xcf731d98,
0x251b9817,
0x53514473,
0x0fcf6425,
0xcf33119a,
0x38208b0f,
0x118b0ecf,
0x2f007339,
0x656d6f68,
0x74766e2f,
0x33323330,
0x72702f37,
0x63656a6f,
0x39362f74,
0x6f6c2f30,
0x5f6c6163,
0x64616f6c,
0x645f7265,
0x5f6c6175,
0x6b6e6172,
0x4247315f,
0x30736e2f,
0x31303232,
0x2f1d07cf,
0xcf62694c,
0x735f0404,
0x522f6372,
0x74657365,
0x8206cf2f,
0x642f438f,
0x04cf7264,
0x8105cf04,
0x0ecf2f55,
0x632e6481,
0x20732500,
0x203a6425,
0x6b616577,
0x28732520,
0x05cf0a29,
0xf7fa588b,
0x2000f994,
0xb5f0bd80,
0x1c8eb083,
0xaf022400,
0xb94869bd,
0x0c01f04f,
0xc026f845,
0xf7f99400,
0x06cffd46,
0xf84524bf,
0xe7f64026,
0x74ad06cf,
0xad05cf88,
0x96f7ef74,
0xfa07cfff,
0xaf004330,
0x6a3d4604,
0xcf88f8d5,
0xf870ad09,
0xcffca1f7,
0x68181004,
0xfb32f7ef,
0x221f682e,
0x3403b2e3,
0x0088f8d5,
0x68004932,
0x1016f831,
0xfad5f7ef,
0x0a2204cf,
0x2404cf21,
0x2304fa3a,
0x7105f44f,
0xf4f3fb94,
0x051604cf,
0x04b2e434,
0xcf0650eb,
0xcf2c1c04,
0x46802805,
0x2115f240,
0x9000f8d3,
0xf7ef4648,
0xfbb8fa22,
0xf240f0f0,
0x1a365156,
0xf0664648,
0xb2d2027f,
0xcf31f7ef,
0xcf11520b,
0x04cf0c05,
0x50eb0454,
0x1204cf04,
0x1205cf08,
0x4808cf06,
0xef464080,
0xb6f9fef7,
0x574805cf,
0x401a2451,
0x07cf6446,
0x05cf0d48,
0xf868182a,
0xcffba3f7,
0xcf310a08,
0xf7ef0a07,
0x06cffa8e,
0xbf000aaf,
0xf12180cc,
0x06cf6911,
0x1c880282,
0xeb03460d,
0x1d040080,
0xda012d00,
0xe0042500,
0x6d04f854,
0xd0072e01,
0x68163501,
0x460c3804,
0xdb0342b4,
0xe007241f,
0xe7ed3d01,
0xcf04f850,
0x01f1bc00,
0x01d02e0f,
0x81eb033c,
0x011b6603,
0x05eba136,
0xa4685809,
0x010801eb,
0x98d10528,
0x02280168,
0x0168dbd1,
0x01d0022b,
0xc4f8c223,
0xee480e31,
0x29fcaaf7,
0xee480c46,
0x21fca6f7,
0xee480a46,
0x31fca2f7,
0xee480846,
0x49fc9ef7,
0xee480646,
0x41fc9af7,
0xee480446,
0x06cf96f7,
0x836efd81,
0xe7c33401,
0x80e0bf00,
0x349b0acf,
0xcf88f7ee,
0x049f8109,
0xf12180e4,
0xcf84b5b0,
0x092a8b05,
0x52f107cf,
0xf7fa0088,
0x2309f80f,
0xf8c54911,
0x4b1131bc,
0x24006822,
0x48109100,
0xf8334d10,
0xf7ee3012,
0xcf21fc69,
0xee3aba05,
0x20fc64f7,
0x0bd1f82c,
0x0c4a0c4b,
0x0c930249,
0x01480d4b,
0x004b0d93,
0xee4b0d93,
0x00fc56f7,
0x8206cf20,
0x04cf74dc,
0x2180cc68,
0xcf80eaf1,
0xcf34ad06,
0x2d24c31c,
0x2041f0e9,
0x05cf0423,
0x460d50ad,
0x23016263,
0xf8df2600,
0xcfa38060,
0x6632df0b,
0x20094064,
0xd5682a64,
0x383088f8,
0x181012f8,
0x1bf7ef68,
0x1ff000f9,
0x6080a800,
0xe663a663,
0xaa682b63,
0x38480888,
0xee1013f8,
0x61fc12f7,
0xee48066b,
0xa1fc0ef7,
0xee48056b,
0x30fc0af7,
0x5cbb07cf,
0x06cfbf66,
0x7017548f,
0x8105cf21,
0x07cf2720,
0x7d2078bc,
0x26012400,
0xdb05cf05,
0xc780ac04,
0xc70088f8,
0x21308cf8,
0x90f8c74b,
0xc74b2030,
0xc740a8f8,
0x05cf94f8,
0xcf9810bd,
0x9c0abd05,
0xa00605cf,
0x05cf1d30,
0x04cf18a7,
0xf930ac06,
0x3cffe8f7,
0x03683b60,
0x00dd052b,
0x20f50720,
0x52bc07cf,
0x2088f8d7,
0xf303fa06,
0xf8c76852,
0xf8c74274,
0x692a227c,
0xd10d4393,
0x8a05cf42,
0xf9008c3c,
0x28fe36f7,
0xd7683a46,
0xd7126cf8,
0xf93274f8,
0x3bff7cf7,
0x3b330168,
0x8de7d860,
0x01f1217f,
0xe9f1217f,
0x41f1217e,
0x7d0404cf,
0x7d2df121,
0x7d05f121,
0x7cf9f121,
0x80d4f121,
0x077cf121,
0x077e077d,
0x7164077f,
0xcf65725f,
0x3aba8106,
0x64372500,
0x332d2500,
0x3bd605cf,
0x51447330,
0x4e45525f,
0x12cf6425,
0x733230d9,
0x94810acf,
0x0808cf74,
0xba07cf03,
0x0808cf38,
0x958108cf,
0x8110cf24,
0x0ccf2c95,
0xcf409581,
0x0ccf300c,
0xcf70ff83,
0x08cf0804,
0x08cf68ba,
0xcf086808,
0x08cf0404,
0xbb0acf08,
0x0808cf28,
0x8f8206cf,
0xff46046c,
0x65f04f25,
0x48f605cf,
0x267faf02,
0xf909f7ef,
0xf68108cf,
0xb2f7ef70,
0x8106cff8,
0xf7ef4cf8,
0x06cff832,
0xef70f681,
0x05cf2df7,
0xef21290a,
0xcff828f7,
0x58f68108,
0xcf9df7ef,
0x4abe8409,
0xf897f7ef,
0xf88108cf,
0x91f7ef4c,
0x2b2001f8,
0x09f259f7,
0x885409cf,
0x085409cf,
0x035409cf,
0xee5407cf,
0x07cffef7,
0xcf70dc85,
0xcf732a04,
0xcf6d540b,
0xcf67540b,
0xcf2f5405,
0xcf5e540b,
0x212b4005,
0xffdef7ee,
0xee5406cf,
0x07cfd9f7,
0xee349684,
0x0bcfd4f7,
0x0bcf4954,
0x0bcf4354,
0x4ff83d54,
0x2b7016f4,
0xcff204f7,
0x337e810a,
0xb35609cf,
0xae5609cf,
0xa95609cf,
0x1e560bcf,
0x18560bcf,
0x12560bcf,
0x2a8105cf,
0x08cff1da,
0xef3ac184,
0x20f809f7,
0x05cf1846,
0x1cff8954,
0x8406cf23,
0xe9cd3299,
0x46233500,
0xf87df7ef,
0x1205cf1b,
0x1209cf29,
0x8209cf74,
0xecf7ee62,
0xdf8507cf,
0x0c04cf26,
0x8409cfe6,
0xf7ee3efa,
0x04cfffe0,
0x09cfa864,
0xd7f7ee64,
0x8406cfff,
0xf7ee1ec2,
0x06cfff57,
0x2a6ec784,
0x00f8cd21,
0xef950190,
0xcff84bf7,
0xcf291206,
0xcf801204,
0xcf421204,
0xcfba640b,
0xcfb4640b,
0xcfae640b,
0xcf766405,
0xffa5640b,
0xcf284620,
0xff256405,
0x810fcf63,
0x62f81948,
0x48810fcf,
0x640bcf10,
0x640bcf88,
0x640bcf82,
0x6405cf7c,
0x640bcf44,
0x4620ff73,
0x6405cf20,
0xcf61fef3,
0xf7ee640d,
0xcf60ffe7,
0x07cf640d,
0x07cf7a83,
0x0bcf5664,
0x0bcf5064,
0x05cf4a64,
0x0bcf1264,
0x20ff4164,
0x05cf1046,
0x1afec164,
0xb5640fcf,
0x0fcf19ff,
0x0bcfac64,
0x0bcf2464,
0x0bcf1e64,
0x05cf1864,
0xcff0e064,
0xff0f640a,
0xcf084620,
0xfe8f6405,
0x640fcf18,
0xcf17ff83,
0xcf7a640f,
0xcff2640b,
0x46fd8109,
0xcfecf7ee,
0x22ff8109,
0xfee6f7ee,
0xae6404cf,
0xdd640bcf,
0xfe8107cf,
0x5df7ee1a,
0x0fcf16fe,
0x15ff5164,
0x48640fcf,
0xc0640bcf,
0xba640bcf,
0xb4640bcf,
0x7c6405cf,
0xab640bcf,
0x808207cf,
0x2bf7ee5a,
0x808207cf,
0x26f7ee5a,
0x808207cf,
0x21f7ee5a,
0xfe8109cf,
0x96f7ee66,
0xcf540bcf,
0x7cfd840a,
0xcf8af7ee,
0xf0525405,
0xed8508cf,
0xee61a150,
0xcffe80f7,
0x24ee8508,
0x790e04cf,
0x0acf0bfe,
0x09cf0084,
0xcff35481,
0x6eff8107,
0xcfeef7ee,
0x6eff8107,
0xcfe9f7ee,
0x6eff8109,
0xcf5ef7ee,
0xcf58700b,
0xcf52700b,
0xcf1a7005,
0x4944810b,
0x8608cffe,
0xcffdc91c,
0xee1c860e,
0x23febdf7,
0x0acf3246,
0xee961c86,
0x07cfb4f7,
0x7004cf58,
0x810bcf2c,
0x0bcf2660,
0x0bcf2070,
0x01fe1a70,
0xe2f72a20,
0x700acff7,
0x7009cf11,
0x7011cf91,
0x7011cf85,
0x700bcf7c,
0x810bcff4,
0xcffdee60,
0xcfe8700a,
0x7efc8409,
0xfde2f7ee,
0xaa7004cf,
0xd9700bcf,
0x7008cffd,
0x7011cf59,
0x7011cf4d,
0x8107cf44,
0x7004cf54,
0x700bcfbc,
0x700bcfb6,
0x700bcfb0,
0x7005cfaa,
0x4620f772,
0xfe57f7f7,
0x069b08cf,
0xc28308cf,
0x90460d7e,
0x02461e46,
0xe7f7eeaf,
0x8408cffd,
0xf7ee36f3,
0x06cffd90,
0xee0cf784,
0xcffd10f7,
0x36f38406,
0xfd0bf7ee,
0xa28406cf,
0x06f7ee3c,
0x7b5e0bcf,
0xfe8409cf,
0x75f7ee10,
0x6f180bcf,
0x377605cf,
0x8508cff7,
0xf7ee029c,
0x5409cf66,
0x8507cfe6,
0xf7ee489f,
0x8407cfe1,
0xf7ee2efd,
0x8409cfdc,
0xf7ee16fd,
0x540bcf51,
0x540bcf4b,
0x5405cf45,
0x08cff70d,
0xee109f85,
0x09cfc1f7,
0xee109f85,
0x09cfbbf7,
0xee109f85,
0x09cfb5f7,
0xee109f85,
0x40fcaff7,
0x4053abf6,
0x40429d22,
0xd80117f6,
0xc82340bf,
0xcf2300bf,
0xfd1d1a04,
0xb1830acf,
0x16f7ee34,
0x808607cf,
0xcf01170a,
0xfd0f0e04,
0xb1830acf,
0x08f7ee34,
0xd07a05cf,
0x8406cff6,
0xf7ee08f7,
0xcf05fc6b,
0x00f78407,
0xfc65f7ee,
0x030ff000,
0x1207f3c5,
0x8206cf00,
0x0acfff3c,
0xcfec7481,
0x209d8507,
0x04cf25ff,
0x8108cf34,
0x09cf6676,
0xcf617681,
0xd676810b,
0xff8409cf,
0xd0f7ee24,
0xca180bcf,
0xfaf44ffc,
0x91f72a60,
0x9d8509cf,
0xc0f7ee78,
0xee5807cf,
0x09cf40f7,
0x09cf3b56,
0x0bcf3656,
0x0bcfab3e,
0x0bcfa556,
0x02fc9f18,
0x67f72a20,
0x8408cff6,
0x05cf62fb,
0x07cf2296,
0xcffc1654,
0x5efb8406,
0xfc11f7ee,
0x898508cf,
0x86f7ee36,
0x803e0bcf,
0x7a560bcf,
0x74180bcf,
0x2a2001fc,
0x0bcf3cf7,
0x09cf6b56,
0xcffbeb56,
0x36898506,
0xfbe6f7ee,
0xcf2a2315,
0x18848508,
0x5c8905cf,
0x440bcfda,
0xa0850acf,
0xcff7ee00,
0x00a0850a,
0xcf46f7ee,
0xcf0e5c05,
0xcf3d5c0b,
0xfbbd5c09,
0x898506cf,
0xb8f7ee36,
0x0fcf17fb,
0x0bcfac5c,
0x0bcf2444,
0x0bcf1e5c,
0x05cf1818,
0xcff5e05c,
0xcf0f5c0a,
0xfb8f5c09,
0x898506cf,
0x8af7ee36,
0x0fcf19fb,
0x0bcf7e5c,
0x09cff644,
0xee16fd84,
0x09cff0f7,
0xee16fd84,
0xcffbeaf7,
0xcfb25c04,
0xcfe15c0b,
0x4cfe8407,
0xfb61f7ee,
0x898506cf,
0x5cf7ee32,
0x0fcf1bfb,
0x0bcf505c,
0x0bcfc85c,
0x0bcfc25c,
0x05cfbc5c,
0x0bcf845c,
0x09cfb35c,
0xcffb335c,
0x00898506,
0xfb2ef7ee,
0xeb8506cf,
0x1e821d3c,
0x1e640fcf,
0xc58307cf,
0x8c05cf1e,
0x8507cf00,
0x05cf50ff,
0x0bcf008c,
0x01fb8a64,
0x2a25ff20,
0xcff551f7,
0x8032890a,
0xcf261dfb,
0xff688b08,
0x0e4620fa,
0x4f212a22,
0xee085ff0,
0x07cff8f7,
0x002cd984,
0x29950196,
0xedf7ee21,
0x808607cf,
0x3604cf5e,
0x620bcf65,
0x620bcf5f,
0x8105cf59,
0x0bcf2146,
0x04cf5060,
0x5e05cf36,
0x4620fad0,
0x8c05cf16,
0xcffacb46,
0xbf3e9010,
0x375c0bcf,
0x315c0bcf,
0x2b5c0bcf,
0xf35c05cf,
0xcf4620f4,
0x3a9b8108,
0xfb21f7ee,
0x1b6a0acf,
0x9b6a09cf,
0x488107cf,
0xcf96f7ee,
0x8b44810f,
0x03680bcf,
0xfd680bcf,
0xfd8409cf,
0xf7f7ee26,
0xfd2001fa,
0xbef72a26,
0x07cfc0f4,
0xcf18f385,
0xfaec6a04,
0x6a09cf06,
0x06cffae6,
0xee7cab84,
0x20fa66f7,
0x05cff046,
0xcffa616a,
0x5c1a8e08,
0xfe8507cf,
0x2a04cf10,
0x8507cfd1,
0x04cf64fd,
0x0bcfcb0c,
0x01fac564,
0x8df72a20,
0x540acff4,
0x4620fabc,
0x5405cf85,
0x4620fa3c,
0x5405cf10,
0x5409cf37,
0x540bcf32,
0x540bcfa7,
0x540bcfa1,
0x5405cf9b,
0x0ccff463,
0xfa915e8f,
0x87850acf,
0x8af7ee74,
0xf74620fa,
0x0bcf3af7,
0xcf813482,
0x04cf6205,
0x20fa0176,
0x05cf0d46,
0x2af9fc76,
0xc0462046,
0x7804cf23,
0x780bcf71,
0x780bcf6b,
0x780bcf65,
0x2001fa5f,
0xf72a25f0,
0x08cff426,
0xf7ee3c97,
0x08cffa55,
0xf9d52c91,
0x3c9008cf,
0x0a05cfd0,
0xcb5604cf,
0xfb8507cf,
0x2a04cf3c,
0x560bcf40,
0x560bcf3a,
0x8105cf34,
0x23f3fc4e,
0xf28207cf,
0x01220f38,
0xa6f24095,
0xa9f7ee61,
0x1404cffa,
0x250f9501,
0x06cf9600,
0xee088485,
0x07cf9ff7,
0xf2406883,
0x06cf61a3,
0xf7ee5a96,
0x8309cf95,
0xa1f2407c,
0x1204cf61,
0x0acffa8c,
0xee58bf83,
0x05cf03f7,
0xcff3cb62,
0x26f88508,
0xf7ee0117,
0x830bcff9,
0xf7ee58bf,
0x04cff9f2,
0xcff3ba22,
0x552c8c08,
0x09cf06f9,
0xf94f2c8c,
0x0305ea00,
0x1207f3c6,
0x21014620,
0xfc7af7ee,
0x462a2302,
0x2000212c,
0xf9d6f7ee,
0x212b2200,
0xf7ee4610,
0x2200f956,
0x0a05cf2a,
0x2200f951,
0x0a05cf29,
0x6405cf4c,
0x8105cf18,
0xcff9c172,
0xcf0e8806,
0xcfbb3604,
0xf9b5180b,
0x8605cf0a,
0x0c04cf22,
0x8205cfaf,
0xee212b38,
0x09cf2ff7,
0xcf2a4c82,
0x254c8209,
0x4c820bcf,
0x8407cf9a,
0x04cf5adb,
0x09cf940c,
0xee108385,
0x05cf8ef7,
0xf3564881,
0x2a9f06cf,
0x8805cf32,
0x08f7ee38,
0x80e5e5f9,
0x0baf00b5,
0x19681868,
0x1cf7ee6a,
0xcfbd80fe,
0xed14b20a,
0x09cfe2f7,
0x963500be,
0x78ad08cf,
0x4606460d,
0xf04f210e,
0xe9d50940,
0xaf040200,
0xf7f868b4,
0x230eff66,
0xf8c64855,
0x260031bc,
0xf7ed6869,
0x4a52fbc6,
0x48534953,
0x8184f8df,
0xfbbff7ed,
0xf1f9fb96,
0x44264640,
0xfbb9f7ed,
0xddf72e7f,
0xf7ed484e,
0x686efbb4,
0x2e01b126,
0xf04fd058,
0xe05130ff,
0x815cf8df,
0x4a4846b1,
0x48454945,
0xfba5f7ed,
0x21004622,
0xf0f4fb99,
0xf7f844a1,
0x68e9fb6c,
0x46404341,
0x0b893120,
0xfb97f7ed,
0x0f7ff1b9,
0xf8dfddee,
0x483b80fc,
0xfb8ff7ed,
0x49374a3c,
0xf7ed4838,
0x3605cf8a,
0xf0f4fb96,
0xf7f84426,
0x3609cf51,
0x1187f3c1,
0xfb7bf7ed,
0xddee2e7f,
0x25004e32,
0xf7ed482e,
0x4a30fb74,
0x482a492a,
0xfb6ff7ed,
0x46304629,
0xf7ed4425,
0x2d7ffb6a,
0x4b2bddf8,
0x492c4a2c,
0x4b2c9302,
0x9301482d,
0x93004b20,
0xf7ed4b2c,
0x810acf5c,
0xdf8360c1,
0x0080b0f8,
0x1a4a2726,
0xed481a49,
0x0dcf4ff7,
0x0dcf1676,
0xfb412c81,
0xddef2e7f,
0x8054f8df,
0x48102600,
0xfb39f7ed,
0x490c4a1b,
0xf7ed480d,
0x360dcf34,
0x0ecffafb,
0xcf252c81,
0xa82c8105,
0xcf963be7,
0x416cd20a,
0xae07cf96,
0xf1219660,
0x06cf965a,
0x966b50d2,
0x50d21acf,
0xf121967f,
0x0ccf968e,
0xf8609781,
0x1046054f,
0xb506cf23,
0x08626b54,
0x0c62ae23,
0xd20acf46,
0x40646e42,
0x284e4e09,
0xcf682364,
0xee40a806,
0x63f8c4f7,
0x06464068,
0x160183eb,
0x092023f8,
0x63f7ee8a,
0x066863f8,
0x560c83eb,
0xdc2023f8,
0x07cf20f8,
0x0842c782,
0xbc408b41,
0xdb1010f8,
0xcf6560b2,
0xcf573804,
0x93033808,
0x05cf30f8,
0xf7ee50d2,
0x3a06cf46,
0x316b3206,
0x360acf6d,
0xd905cfb6,
0x05cfa03a,
0xcff83c36,
0xf84e0604,
0xb1116861,
0xd1532901,
0x46222104,
0xf852b2c9,
0xf8d53b0c,
0xf8d3a02c,
0x4658b000,
0xfd96f7ed,
0x28004680,
0x68e3d144,
0x6823b933,
0x68614823,
0x60e268da,
0xfa8cf7ed,
0x482168e1,
0xfa88f7ed,
0x908cf8df,
0x68634658,
0x1023f839,
0xff7cf7ed,
0x46066863,
0x00764658,
0x7680f406,
0x0383eb09,
0xf7ed8919,
0x68e2ff71,
0x61204330,
0xeb030853,
0xfbb01080,
0x08cff0f2,
0x6b0cc081,
0xab230063,
0x6163e863,
0x0e692368,
0x81eb0948,
0x21f85902,
0xed689210,
0x69fa5bf7,
0xed480a6b,
0x0afa57f7,
0xed6be948,
0xcffa53f7,
0x4f46cf06,
0xf938fff0,
0x0cbf00e7,
0x9ff12181,
0xcf06cf96,
0x9600cf44,
0x54b60acf,
0xf121961c,
0x4614b598,
0xb911af00,
0xff04f7fe,
0x2300bd98,
0x461a4621,
0xfa23f7ff,
0xb38206cf,
0x834ff874,
0x0daf0046,
0xd3680b46,
0x5b4900e9,
0x49b11b69,
0xf7462046,
0x20f96ef7,
0xee4e4646,
0xcff800f7,
0xed588a08,
0x76a105cf,
0x212b2280,
0xa104f8df,
0xcf27f7ed,
0xed18a207,
0x07cf22f7,
0xf7ed18a2,
0x9c09cf1d,
0x92f7ed5c,
0x249e09cf,
0xcf8cf7ed,
0xed249e09,
0x01ff86f7,
0x4ef72a20,
0x8206cff1,
0xf7ed2e9c,
0x0acffee9,
0xcf30c984,
0xcffb1004,
0x3e489a05,
0xcf6869f1,
0xeb064c04,
0xf8910181,
0xf8b12060,
0xf7ed1070,
0x6869ff68,
0x036bea4f,
0x22804620,
0x0380f003,
0x1021f83a,
0xff5df7ed,
0xfa5f686b,
0x4620f28b,
0x0a83eb0a,
0x1008f8ba,
0xfed8f7ed,
0x8106cf69,
0xd16e1890,
0xcf0080f8,
0x08cf3e04,
0x46202ed6,
0xf7edb2db,
0xf068ff43,
0x04cf027f,
0xcfb2d274,
0xcfc07604,
0xf1037605,
0xf7f74620,
0x682bf855,
0x46204649,
0xf7ff689a,
0x4620ff60,
0xffdff7f6,
0x3e2404cf,
0x8208cfff,
0x810c30cf,
0x5c8206cf,
0x06cfb5f8,
0x69083c82,
0x681e4c14,
0xff57f7ff,
0xf7ed4630,
0x686aff66,
0xeb046d6b,
0xf8140182,
0x6a082022,
0x06cf8a09,
0xed3e8083,
0x6bff08f7,
0x04463068,
0x6b0483eb,
0xb46d226d,
0x931040f8,
0x30f89440,
0x1c04cf20,
0x04cffefa,
0xf8ff0c3c,
0x05cf76f7,
0x04cf52d1,
0x00b58064,
0xcb68b9af,
0x58435a68,
0x02099243,
0xff00d0eb,
0x00ff25f7,
0xcfbd8020,
0x1956830a,
0x01bd98fe,
0xff462122,
0x98f939f7,
0x1e0000bd,
0xadb5f04b,
0x007d15f5,
0x00460524,
0x384e1caf,
0x1b65fb60,
0x1b663b4b,
0x1b667b4b,
0x1b66bb4b,
0x1b66fb4b,
0x1b673b4b,
0x1b677b4b,
0x1b67bb4b,
0xf867fb4b,
0x7cfd3cf7,
0x01687b60,
0x05cf042b,
0x771558aa,
0xbdf046bd,
0xcf32683b,
0x5c40aa05,
0xc7685b00,
0xc74244f8,
0xf8324cf8,
0x28fb91f7,
0xd7687a46,
0xd7123cf8,
0xf83244f8,
0x7bfcd7f7,
0x7b330168,
0x00e7df60,
0x21920dbf,
0x21962cf1,
0x21904df1,
0xcf9035f1,
0x4548b406,
0x23f12195,
0xd00acf90,
0x2194e564,
0x000599f1,
0x0005a100,
0x00059800,
0x0005a000,
0x6b6c6300,
0xc38109cf,
0x00733027,
0x06cf4b43,
0x05cf1ecc,
0x0acf03cf,
0x393567ce,
0x5d375b39,
0x0f0acf29,
0xce06cf38,
0xce0ccf4b,
0x362f3131,
0x49552034,
0x41250acf,
0x340dcf31,
0x07cf3041,
0x8109cf34,
0x61633981,
0x818107cf,
0xcf6b6337,
0x3781811c,
0x4fb508cf,
0x7b1204cf,
0x73cf09cf,
0x8207cf2c,
0x05cf27b0,
0x09cf7d55,
0x08cf4ab5,
0xcf40d381,
0x0444ab08,
0x8b840bcf,
0x1c04cf64,
0xd38108cf,
0xab08cf70,
0x2804cf44,
0x830bcf05,
0x0ccf2ce7,
0xcf188c84,
0x08cf0404,
0x8208cf3c,
0x08cf28c5,
0x04cf20e8,
0x0404cf34,
0xcf3c08cf,
0x2889830c,
0x8c8408cf,
0x0404cf48,
0x088108cf,
0xcf0404cf,
0x08cf0404,
0x0ccf6cac,
0xc10ccf14,
0x2881cf1c,
0xcf08c281,
0xf75cbf0e,
0x03ffcdf7,
0xc4f7ec48,
0x5abf09cf,
0x0ccf93d8,
0xf7f740cb,
0x2005cf8b,
0x200dcfb4,
0x749008cf,
0xcfa8f7ec,
0x3f5a8605,
0xe1f12071,
0x8606cfa5,
0x9108cf7c,
0x07cfcd1e,
0xff129583,
0xcffff4f7,
0x3910e508,
0xd1689b6a,
0x03c000f8,
0x0b2000fb,
0x9c6b4a6b,
0x100070e8,
0xdc3002fb,
0x4b8014f8,
0x98b2806c,
0x20468147,
0x5ff7ed46,
0xf64620fd,
0x18fe2bf7,
0x030ffff0,
0xcf4629d0,
0xfebf0e04,
0x8409cf4b,
0xfe1a0895,
0xae1204cf,
0x2c04cffd,
0x09cffd0d,
0x854f0ce5,
0x064688b0,
0x11220046,
0x00f8d821,
0xf8af0400,
0x11faf0f7,
0xf0f8df23,
0xc62550a0,
0xd831bcf8,
0xd84030f8,
0xb63034f8,
0xa11c6268,
0x05492a46,
0x292503fb,
0xec435e48,
0xa9ff44f7,
0xdfdb2b45,
0xa1b0c8f8,
0x0af04f46,
0xec48250a,
0x24ff3af7,
0xec482249,
0xa9ff36f7,
0xdfdb2845,
0x4fa0b0f8,
0x1e090af0,
0x2df7ec48,
0x1b491fff,
0x29f7ec48,
0x2442acff,
0x1d4b1ddb,
0x02491e4a,
0x1e4b1e93,
0x1e930148,
0x1e93004b,
0x1bf7ec4b,
0x328207cf,
0x8ff0e8bd,
0xf089fa1f,
0x3044f8d8,
0x46014798,
0x44b14650,
0xff0cf7ec,
0x8107cfc6,
0xfb0a14a9,
0x04cf9211,
0xcbff0312,
0x38f8d8e7,
0x61465010,
0x05443443,
0xf9fbb131,
0xf8f7ecf1,
0x00e7cdfe,
0x21a5e7bf,
0x608205cf,
0xf1211650,
0xf121a5fb,
0x0acfa60f,
0xcf68a481,
0xe930bf08,
0x30bf0bcf,
0xf121a5f1,
0xf121a605,
0x06cfa619,
0xcf8408d2,
0x4a6ea405,
0xd0af0468,
0x078008f8,
0xcdf3002a,
0x08260f80,
0x02688b68,
0x10bf082b,
0xf8463126,
0xc4fa5bf7,
0x6b61bcf8,
0xc44e6268,
0xd531c0f8,
0x060300e9,
0x400243eb,
0x16785168,
0x9b2013f8,
0x00443300,
0xa0f04028,
0x5b691b80,
0xacf7ec48,
0x5a686bfe,
0x2204cf48,
0xf8b24b59,
0x46192050,
0xfea2f7ec,
0x685c682b,
0xf0402c00,
0x686b808f,
0x62a1f240,
0x0343eb06,
0x3050f8b3,
0xd0044293,
0x62a4f240,
0xf0404293,
0xf8df8082,
0xf04f917c,
0xfb940a40,
0x4648f1fa,
0x31024444,
0xfe84f7ec,
0x7fc0f5b4,
0x4847dbf5,
0xf7ec2400,
0x686bfe7d,
0xf8df4845,
0x04cf9158,
0xb24b4162,
0x05cf60f8,
0x29fe7162,
0x02426269,
0x04023ff0,
0xab8107cf,
0x4004cf14,
0x0b894359,
0xcf63f7ec,
0xdbee4205,
0x4205cf36,
0x686bfe5c,
0xeb064836,
0x4b310643,
0x2070f8b6,
0x04cf4e34,
0x11cf5140,
0x05cf3040,
0x87f3c140,
0x42f7ec11,
0xed4205cf,
0x004e29db,
0x8405cf24,
0x4a27fe00,
0x48274922,
0xfe35f7ec,
0xd5810acf,
0x8106cf3e,
0x44446aab,
0xcf2af7ec,
0xdbf13005,
0x6cfc14cf,
0xfe1bf7ec,
0x2b0268ab,
0x4b1fd105,
0x958306cf,
0x12f7ec24,
0x122000fe,
0x5e6b1be0,
0xdf2400e7,
0xcf9078f8,
0xec04820c,
0x05cf03f7,
0x7ddbf64e,
0xbe8206cf,
0xd305cf18,
0x21a4f832,
0x21a622f1,
0xcfa631f1,
0x1cd6810a,
0xf121a649,
0x0acfa660,
0xcf415094,
0xcf549417,
0x0f48b908,
0x8406cfa6,
0x21a5e734,
0x04cf79f1,
0x810acf3c,
0x084140ac,
0x05cf0423,
0xcf0b48c2,
0x0d649405,
0xc4626646,
0xcf8028f8,
0x1299811b,
0x52682a81,
0x3c454268,
0x8106cfd1,
0x61d06097,
0x97810ecf,
0x2b211e64,
0x186ae668,
0x98f7ed68,
0xab61e8fa,
0x2b47986c,
0xc36b6a6b,
0x030301f1,
0xf2fbb344,
0x93220af3,
0x42c506cf,
0xb0636133,
0x00f1f2fb,
0xe363a626,
0xcf69eb63,
0x70968106,
0xb292480f,
0xfd7ff7ec,
0x480d6b61,
0xfd7bf7ec,
0x480c6be1,
0xfd77f7ec,
0x480b6ba1,
0xfd73f7ec,
0x2eba06cf,
0x988114cf,
0x00e7c046,
0xcfa68abf,
0xcf54e20e,
0x7cdb8406,
0x4680461d,
0x681b468b,
0x607aaf00,
0x4a00e9d3,
0xb11b695b,
0x8805cf51,
0x20fc9750,
0xed4e6646,
0xcffb29f7,
0xed5ca708,
0xcffad2f7,
0x5f28aa06,
0xedf888fa,
0x07cf50f7,
0xed049f85,
0x07cf4bf7,
0xed049f85,
0x09cf46f7,
0xf7ed729d,
0x8509cfbb,
0xf7ed369e,
0x180bcfb5,
0x2001faaf,
0xf477f729,
0x221f686b,
0xeb064620,
0x46430143,
0x1050f8b1,
0xfaa2f7ed,
0x685b682b,
0x686bb1bb,
0xcfd4f46f,
0x131e8609,
0x0d2b0544,
0x03e8dfd8,
0x790c7cf0,
0x4f030c72,
0xcf1308ea,
0x52d88306,
0x5005cf5f,
0x08cffa87,
0xf9ed6893,
0x9307cf00,
0x8a06cf02,
0x01f9ff28,
0xd8f8df20,
0x40f72980,
0x00686af4,
0x6e04cf23,
0xf8180182,
0xf8b12022,
0xf7ed1080,
0xcf6afa6a,
0x037c9307,
0x060380f0,
0x800142eb,
0x60f8b122,
0x5df7ed10,
0x9408cffa,
0x8106cf00,
0xed107006,
0x69f9d8f7,
0x21f85868,
0x88008920,
0xd8440e44,
0xb60020f8,
0xa4810bcf,
0x9406cf14,
0x69fa4104,
0x04940dcf,
0x2001f9be,
0xf401f729,
0xf7f64620,
0x682afb53,
0x2b0268ab,
0x4651d11a,
0x68924620,
0xf7ff687b,
0x04cffb45,
0xcffa3b26,
0x42cb820a,
0x5e810acf,
0xe78f21fd,
0x220f4643,
0x0605cf8b,
0x06cfe7f7,
0x40f7ff36,
0x00e7e4fa,
0x21a4f8bf,
0x06cffcf1,
0x0047489d,
0x884616af,
0x11254046,
0x996a3c46,
0x9a468246,
0x39f7f768,
0xf5fb90fc,
0x504631f5,
0x3ef105cf,
0xfc31f7f7,
0x69264243,
0x8309cf03,
0x425836a0,
0x43466823,
0x09b6685b,
0x6862b973,
0xeb034b11,
0xf2400342,
0x06cf62a1,
0xcf031089,
0x00108907,
0xa33502d1,
0x0d2b0268,
0x636be2d1,
0x28f8326c,
0x02479800,
0xcf462346,
0x0cae8306,
0x8206cfdd,
0x238770f5,
0xf5220046,
0x148107cf,
0xc28306cf,
0x93461400,
0x222b0268,
0x0a6bd2d1,
0x3804cf25,
0x47980020,
0x4a104601,
0xf7ec4811,
0x6be3fc1e,
0xf8534810,
0x4b0c2026,
0x868108cf,
0x13f7ec18,
0xe36ba1fc,
0x0a4a086b,
0x301a04cf,
0xfbb14359,
0xf7ecf1f5,
0xf305cf08,
0x06490248,
0x02f7ec48,
0xcfe7f8fc,
0x9724c106,
0x86810bcf,
0x9f07cf20,
0xcf894f4c,
0x8b68f205,
0xdfaf0068,
0x9f82a8f8,
0x082b024e,
0x182315bf,
0x832301bf,
0xc3230862,
0x40233062,
0xcf3f24f8,
0xcf60ee14,
0x90229c05,
0xf7ed4648,
0x6863f9b3,
0xeb084648,
0xf8360283,
0xf8921023,
0xf7ed2040,
0xf8d4f951,
0xeb08c004,
0x6c1a038c,
0x0acf6e19,
0xf8366c9b,
0xb2db102c,
0x464862a0,
0xf7ed4e85,
0x3a05cf45,
0xeb08009b,
0x44330203,
0x10a0f8b3,
0x2080f892,
0xf932f7ed,
0x00896861,
0x44314488,
0x20a0f8d8,
0x10a0f8b1,
0x62e04110,
0x0080f8d8,
0x18ee08cf,
0x8405cf48,
0x48f92538,
0x37f7ed46,
0xc0f106f9,
0xbe46bc0e,
0x05cf0fe8,
0xe8ac12ee,
0xe89e000f,
0xe88c000f,
0x06cf000f,
0x6863489d,
0x8106cf07,
0x48395eaa,
0xbd8409cf,
0x20f10768,
0x02464002,
0x040383eb,
0x130210f1,
0xec1c20f8,
0x81fe6af7,
0xea280046,
0x336923d1,
0x5d6823b9,
0x589c05cf,
0xf7ec6122,
0xcf21fb60,
0x5c208d05,
0xed4640fb,
0xcff93bf7,
0xcf5a9d06,
0x10688605,
0xf84df7ed,
0x06cf6863,
0xcf2aa881,
0x10601608,
0xf842f7ed,
0x46836863,
0xea4f4640,
0xf40b0b4b,
0x0acf7b80,
0xf8351286,
0xea4b6823,
0x61a00000,
0x69620180,
0x69236859,
0xd1632900,
0x6ca1f240,
0xeb066861,
0xf8b10141,
0x45611050,
0x4c8405cf,
0x5645616c,
0x53eb00d1,
0xf3fbb000,
0x80f102f0,
0x003b0263,
0x931383eb,
0x0af2fafb,
0x6a3312fb,
0xa363eb63,
0x5c2b0268,
0x40211ed1,
0x08f7ed46,
0xa361e0f8,
0xd447986c,
0x80c03cf8,
0x00f8dc46,
0x3d428330,
0xd41a1bd3,
0x00e040f8,
0x71210120,
0xa8db3845,
0x62686363,
0xcf482869,
0xec408108,
0x63faf1f7,
0x05cf2568,
0x69a3568d,
0x2070f8b6,
0x1060f8b6,
0xfae6f7ec,
0x0a5a04cf,
0x1f220ad1,
0xf2fbb848,
0x0269e3f1,
0x898211fb,
0xecb292b2,
0x69fad8f7,
0xec481b6b,
0xe9fad4f7,
0xec481a6b,
0xa9fad0f7,
0xec48196b,
0x4efaccf7,
0x8107cfe7,
0xeb03f32e,
0xe7aa1382,
0xe7c01ac3,
0x2021f85c,
0xd8074590,
0x0208eba2,
0x84810acf,
0xa8e7b852,
0xf60202eb,
0x902200e7,
0xb463aa46,
0x98bf00e7,
0xf8f121a5,
0xaff121a4,
0x9e06cfa6,
0x21bf6640,
0x21a6dbf1,
0x8b10cff1,
0x05cffc04,
0x460c709b,
0x680baf00,
0x9005cf1e,
0x2f460b6e,
0x607f0ad1,
0xff69a169,
0x30fd2ef7,
0xed4d1646,
0x61f868f7,
0x056aa368,
0x100281eb,
0x40f8926e,
0x11408320,
0x8306cf48,
0xcf307c84,
0x622a8205,
0xa3463068,
0x1500926a,
0x05cfd544,
0x490b42fa,
0x4411b2db,
0xcf80f895,
0xec708405,
0x05cff7f7,
0xf809429c,
0xfe73f7f7,
0x958206cf,
0x00e7ce5c,
0x7c04cfbf,
0x288108cf,
0xb5f04b4e,
0x4d3cf2ad,
0xaf004604,
0x4d4d484c,
0x4b4d653b,
0x65f8607c,
0x0250f8c7,
0x60f9484b,
0x4b4b657b,
0x5244f8c7,
0xf8c74d4a,
0x484a0254,
0x65bb613a,
0x663b4b49,
0xf8c74b49,
0x48490258,
0x0a05cf7b,
0x4d485248,
0x4b4866bb,
0x025cf8c7,
0x66fb4848,
0x673b4b48,
0x524cf8c7,
0x3264f8c7,
0xf8c76863,
0xb9430260,
0x29013901,
0x4a42d815,
0x48434943,
0xfa19f7ec,
0x2b01e7fe,
0x2364d12d,
0x2304637b,
0x230b63bb,
0x4b3e63fb,
0x2315643b,
0x4b3d647b,
0x4b3d64fb,
0xf7f764bb,
0x68fbfe18,
0xd1272b01,
0x1d39687b,
0x7011f507,
0x685b4a34,
0x3434f8c7,
0x60bb2300,
0x342cf8c7,
0xfc71f7f7,
0x68ba4620,
0x1424f8d7,
0x1005cfd7,
0x2000fdb7,
0x473cf207,
0xbdf046bd,
0x637b2396,
0x63bb2306,
0xcf2b63fb,
0x4b2a5a07,
0x4b2a64fb,
0x4e22e7d1,
0x60bd2500,
0x2a0768ba,
0x687bdce7,
0x385404cf,
0x40f8c752,
0xd3693b32,
0x0d07db40,
0x8106cfd5,
0x00500885,
0xcf41f7f7,
0x12306007,
0x3238f8d7,
0xfd87f7f7,
0x330168bb,
0xe7e060bb,
0xa019bf00,
0x149d06cf,
0xf1219c6d,
0xf1219a55,
0xf12198db,
0xf1219fa5,
0xf121993d,
0xf12198c1,
0xf1219f15,
0xf12198d1,
0x06cf9889,
0x98a9309d,
0x18ee07cf,
0xd5f12198,
0x08f121a2,
0xd8f121a7,
0x8106cfa5,
0x97bc3cac,
0xcf1ff121,
0x14b58107,
0xf1219810,
0x8107cf61,
0x1b1808ba,
0x130e1714,
0x0b0a0d0c,
0x03020904,
0xa72f0100,
0xa73cf121,
0xa753f121,
0xa76bf121,
0xa773f121,
0xa780f121,
0xa794f121,
0xa79df121,
0xcfa6f121,
0x21a70404,
0x21a7a9f1,
0x21a7b6f1,
0x21a7c9f1,
0x21a7dcf1,
0x21a7e9f1,
0x21a7fcf1,
0xa706a8f1,
0xa506a606,
0xa306a406,
0xa106a206,
0xa905ab06,
0xa705a505,
0x9d05a305,
0x9b059f05,
0xa805aa05,
0xa605a405,
0x9c05a205,
0x9a059e05,
0x00086905,
0x0404cf00,
0x04c810cf,
0x240808cf,
0x0404cf00,
0xcf0808cf,
0x06cf1010,
0x084c8681,
0x249d0bcf,
0xa58308cf,
0xc908cf58,
0x646d6318,
0xa48109cf,
0x0073300e,
0x3231524d,
0xa18106cf,
0x8307cf66,
0x20200cc1,
0xa28106cf,
0x29414304,
0xde05cf25,
0x2525642b,
0x56140bcf,
0xa08108cf,
0x43002044,
0x255b444d,
0x64253a64,
0x7325205d,
0x709f06cf,
0x3eca11cf,
0x5fca07cf,
0x69ee10cf,
0x1713cf36,
0x343005cf,
0x8106cf73,
0x0505cf18,
0xcf0505cf,
0x633b9f0a,
0x8112cf61,
0xcf3234a0,
0x34a08108,
0x10a009cf,
0x25707267,
0x09cf5f64,
0x37cf7c9f,
0x0acf0ca0,
0x07cf56d5,
0x4d618684,
0x8106cf44,
0x07cf6da1,
0x441af581,
0x5f345244,
0x5f544f4e,
0x50505553,
0x0054524f,
0x2c304742,
0x412c3641,
0x38412c30,
0x28434e00,
0x294e4554,
0x28434e2c,
0x29314742,
0x2c37412c,
0x00333141,
0x412c3441,
0x41522c32,
0x422c4e53,
0x572c3041,
0x432c4e45,
0x004e5341,
0x2c313141,
0x0054444f,
0xcf315343,
0x4b433304,
0x00293145,
0x2c323141,
0x412c3341,
0x412c3031,
0x31412c35,
0x0039412c,
0xcf544341,
0x00313b04,
0x2c305343,
0x30454b43,
0x00434e00,
0x42524444,
0x5b41435f,
0x5d303a35,
0x530d07cf,
0x06cf2c31,
0x31454b09,
0x301308cf,
0x301309cf,
0x411304cf,
0x41330ccf,
0x413308cf,
0xcf3309cf,
0x05cf1304,
0x1305cf33,
0x0c000030,
0xcf46024b,
0x60eb8308,
0x4e092400,
0xf8df4619,
0x48088028,
0xffecf7eb,
0xdb0242ac,
0xf18106cf,
0x40463158,
0xe3f7eb46,
0xf43401ff,
0x409007cf,
0xf121b254,
0x0ccfb25f,
0xf7ed109f,
0xbd80fa05,
0x149606cf,
0x460d4680,
0xf8d7af02,
0xf8d99028,
0x681e3000,
0xb11a695a,
0x68594630,
0xff0df7f5,
0x5f1204cf,
0x5af888fa,
0x002a0068,
0x1c83c4f0,
0x5ff04f68,
0xfdf04f0b,
0x08f8d30a,
0xec462090,
0x09cf91f7,
0xf7ec2cc1,
0xc007cf3a,
0xbaf7ec58,
0x0cbe07cf,
0xcfb5f7ec,
0xec0cbe07,
0x09cfb0f7,
0xf7ec46ba,
0xc009cf25,
0x1ff7ec58,
0x58c009cf,
0xfd19f7ec,
0xf7282001,
0x08cff6e1,
0xf7ec38bf,
0x5409cf10,
0x5409cf90,
0x5409cf8b,
0x0abe0acf,
0xcffbf7ec,
0xec52bc09,
0x0bcff5f7,
0xcffcef18,
0xf6b75404,
0x2cc108cf,
0xcf6bf7ec,
0xec2cc109,
0x09cf65f7,
0xf7ec2cc1,
0xc109cf5f,
0x59f7ec2c,
0x2cc107cf,
0x0ecf4599,
0xfa5f2cc1,
0xf7ecf985,
0x850bcfc5,
0xf7ec40e0,
0x850bcfbe,
0xf7ec40e0,
0x850bcfb7,
0xf7ec40e0,
0x2001fcb0,
0xf72825ff,
0x4643f677,
0xcf00464a,
0x44128105,
0x18c109cf,
0xcfa0f7ec,
0xec5ebd07,
0x09cf20f7,
0xcf1b6081,
0x16608109,
0x48810bcf,
0x810bcf8b,
0x0bcf8560,
0x05cf7f18,
0xf72816c1,
0xc109cf46,
0x75f7ec16,
0xf55609cf,
0xdf8507cf,
0xf0f7ec0e,
0xdf8507cf,
0xebf7ec0e,
0x16bb09cf,
0xcf60f7ec,
0xcf5a560b,
0xfc54560b,
0xf7282002,
0xbf09cf1c,
0x4bf7ec64,
0xcb5409cf,
0xbc8507cf,
0xc6f7ec74,
0xc108cffb,
0x3bf7ec16,
0x353e0bcf,
0x2f560bcf,
0x29180bcf,
0x0c8305cf,
0xbe09cff1,
0x8106cf26,
0x5606cf76,
0xc107cfa0,
0x9bf7ec16,
0x16c10fcf,
0xcf8ff7ec,
0xcf07440b,
0xcf015c0b,
0xfb00840c,
0xc35c04cf,
0xf25c0bcf,
0x02bf07cf,
0xcf72f7ec,
0xec16c107,
0x0fcf6df7,
0xcfec16c1,
0xec7ac30b,
0x09cfd9f7,
0xf7ec5ebf,
0x820bcfd3,
0x05cfcd26,
0x0bcf955c,
0x09cfc45c,
0x07cf445c,
0xf7ec16c1,
0xc10fcf3f,
0xcff7ec16,
0x7ac3850a,
0xcfabf7ec,
0xcfa55c0b,
0xcf9f5c0b,
0xcf675c05,
0xcf965c0b,
0xcf165c09,
0xec16c107,
0x0fcf11f7,
0xf7ec16c1,
0x5c0bcf05,
0x5c0bcf7d,
0x5c0bcf77,
0x5c05cf71,
0x5c0bcf39,
0x5c09cf68,
0x06cffae8,
0xf7ec16c1,
0x0ecffae3,
0xf7ec0ec1,
0x440bcfd7,
0x5c0bcf4f,
0x180bcf49,
0x5c05cf43,
0x5c0bcf0b,
0x5c09cf3a,
0x06cffaba,
0xec56c985,
0x1dfab5f7,
0xa95c0fcf,
0x21440bcf,
0x1b5c0bcf,
0x15180bcf,
0xdd5c05cf,
0x5c0acff4,
0x5c09cf0c,
0x06cffa8c,
0xec56c985,
0x05cf87f7,
0x0ccf08c1,
0x0bcf7b5c,
0x09cff344,
0xf7ec109f,
0x9f09cfed,
0xe7f7ec10,
0x5c04cffa,
0x08cff4af,
0xec3ec785,
0xcffadef7,
0x12c88506,
0xfa5ef7ec,
0xc88506cf,
0x59f7ec12,
0x649f07cf,
0xcf54f7ec,
0xcfc93c0b,
0xcfc3540b,
0xcfbd180b,
0xcf855405,
0xfab4540b,
0xc88506cf,
0x34f7ec12,
0x8506cffa,
0xf7ec12c8,
0x5409cf2f,
0x3c0bcf2a,
0x540bcf9f,
0x180bcf99,
0x5405cf93,
0x0acff45b,
0xec04c885,
0x0bcf89f7,
0xf7ec10c0,
0x4620fa82,
0xfb32f7f5,
0x26820acf,
0x8507cf79,
0xf7ec64bf,
0x08cff9f9,
0xf9f42487,
0xc005cf2a,
0x0c04cf0e,
0x600bcf69,
0x780bcf63,
0x180bcf5d,
0xc005cf57,
0x1ef72810,
0x880acff4,
0x07cf4d50,
0xf7ec0aa2,
0x8507cfcd,
0xf7ec3cc0,
0x8507cfc8,
0xf7ec3cc0,
0xbd09cfc3,
0x38f7ec2c,
0x32560bcf,
0x2c560bcf,
0x4e8105cf,
0x0ecff3f4,
0x0112c485,
0xa1f7ec95,
0x1404cffa,
0x250f9501,
0xc48507cf,
0xa000f814,
0xc307cfec,
0x850acf7a,
0x04cf12c4,
0x07cf8c2a,
0x07cfa114,
0x1404cf26,
0xc00bcf82,
0xf9f7ec14,
0x6604cff9,
0x830bcfc1,
0xf7ec6cff,
0xc00bcfef,
0xe8f7ec14,
0xb02205cf,
0x4a4643f3,
0x06cf0146,
0x09cf3c86,
0xf7ec7abf,
0xbf07cfd9,
0x59f7ec7a,
0x7abf07cf,
0xcf54f7ec,
0xec7abf07,
0x09cf4ff7,
0xf7ec62bf,
0xbf09cfc4,
0xbef7ec7a,
0xb8180bcf,
0x7abf05cf,
0x748106cf,
0x4e05cfb2,
0x0a8205cf,
0x368209cf,
0x8209cf2d,
0x0bcf2836,
0xcf9d3682,
0x04cf4e07,
0x09cf970c,
0xf7ec12c0,
0x8105cf91,
0x30f3592e,
0xa0f7ec46,
0xd5810bcf,
0xcf012b6e,
0x64ee8406,
0xf0034630,
0xf7ec03f0,
0x2805cf7d,
0xf44ff345,
0x04cf61a6,
0xcff8e02c,
0x08f0840a,
0xf21004cf,
0x2004cff8,
0xcf43f335,
0x0aef8407,
0x631404cf,
0x2b3405cf,
0x09cf64f3,
0x04cf42a3,
0x05cfdd16,
0xd9f3202a,
0x933000f8,
0xfe0007e8,
0xbff980f7,
0x82b580e7,
0x004603b0,
0x02910022,
0x006959af,
0xe1f7ff69,
0xbd2000fb,
0xf0bd8046,
0x0bb085b5,
0x00460546,
0x18211222,
0xf6af0468,
0x12ff3ef7,
0x4f240023,
0x070c03f0,
0xbcf8c522,
0x6bf24031,
0x024b0e71,
0x0e480e94,
0x4093034e,
0xcd0305f6,
0x043c00e9,
0x91f7eb23,
0x9c682bfb,
0x09db0642,
0x8bf7eb48,
0x22bf07cf,
0x4621bdf0,
0xf7eb4630,
0x3401fb83,
0x9107cfef,
0xcfb26440,
0xcf24a906,
0x60a38206,
0x46042201,
0x2500af00,
0x681e680b,
0x62832310,
0xf84062c2,
0x08cf3f24,
0x220f24a9,
0x05cf0940,
0x306464c3,
0xc4646546,
0xec51ccf8,
0x60f8e7f7,
0x8208cf63,
0xe0f7ec30,
0x07f3c0f8,
0x2863a010,
0x53bdf846,
0x00b58069,
0x114283af,
0x026913d1,
0xd30383eb,
0x0110e0f8,
0xd3d10729,
0x0110e4f8,
0xd3d10329,
0xcf30e8f8,
0x0066e50a,
0x21bd8020,
0x56f2404b,
0xfeb5b051,
0x004605b0,
0x00af0024,
0x7b603d68,
0xbb4b1d60,
0x3c4b1d60,
0xecf8c762,
0x1b60fb41,
0x1b613b4b,
0x1b617b4b,
0x1b61bb4b,
0x04cffb4b,
0x686b620c,
0x31f4f8c7,
0xf813f7ec,
0x48184601,
0xfb13f7eb,
0xf240683b,
0x68185157,
0xf809f7ec,
0x48144601,
0xfb09f7eb,
0xff19f7f6,
0x4a124639,
0xf7f61d38,
0xf8d7fd7e,
0x462811e4,
0xf8d74622,
0xf7f631ec,
0x4620fec4,
0x77fcf507,
0x3ce506cf,
0xf121b115,
0xf121b0a5,
0xf121a811,
0xf121b163,
0xf121a861,
0x06cfa851,
0xb08b749a,
0xb285f121,
0xb294f121,
0xb248f121,
0x7874f121,
0x6f666966,
0x739807cf,
0x78307332,
0x8106cf25,
0x32313084,
0xba8106cf,
0xcf783342,
0xcf459808,
0x250a0e0d,
0x04cf3031,
0x36353521,
0xbd810ccf,
0x3735350e,
0xcf0f0acf,
0xcf64ea05,
0x4a898206,
0x8207cf31,
0x00cc4a89,
0x90ccf8df,
0xb08106cf,
0x30f7ec04,
0x8106cff8,
0x04cf3aec,
0x1980bc16,
0xcf4e281d,
0x00251a05,
0xec7d2368,
0x22f821f7,
0x59696368,
0x581022f8,
0x490022f8,
0x56408b59,
0x421022f8,
0xcfb2db5d,
0x06cf3204,
0xec08a781,
0x24f80ef7,
0x1bd1ea2d,
0x21221f4d,
0x1804cf68,
0x3038f894,
0x006008cf,
0x196009cf,
0x180acf1d,
0xfff4f7eb,
0x490f6820,
0x30ccf8d4,
0x06cf69a2,
0xeb30b581,
0x20fe8df7,
0x05cf0b68,
0xcf6be214,
0xfe831408,
0x181004cf,
0xfbf7f568,
0xf8e8bdf8,
0x2135c083,
0x213600f1,
0x212c94f1,
0x213610f1,
0x212cb4f1,
0x2135e0f1,
0x0bcff0f1,
0xcc1ced81,
0x184d4130,
0x13f7ec68,
0x820acff8,
0x6b235c8a,
0x6ae363a3,
0xf7ff63e3,
0x6821ff76,
0x69e34a3a,
0x00ccf8d4,
0x76f608cf,
0xf60bcf37,
0xa6f7eb76,
0x336821ff,
0xcf6a234a,
0x4d312208,
0x312404cf,
0x94240dcf,
0x2d6821ff,
0xcf6c234a,
0xcf2b2408,
0x08cf2405,
0xcf42aa83,
0xff822406,
0x4a276821,
0x2409cf63,
0x2405cf25,
0x240dcf25,
0x6821ff70,
0xcf634a21,
0xcf1f6c09,
0xcf1f2405,
0xff5e240d,
0x4a1b6821,
0x4809cfa3,
0x878112cf,
0x4cf7eb6c,
0x8206cfff,
0x5cf7eb28,
0xc6f7f6ff,
0x58f605cf,
0xf1213640,
0xf1213620,
0xf1213630,
0xf1213650,
0xf1213670,
0xf1213660,
0xf1212cc4,
0xf1212ce4,
0xf1212cd4,
0xf1212cf4,
0xf1212d14,
0xf1212d04,
0xf1213680,
0xf12136a0,
0xf1213690,
0xf1212d24,
0xf1212d44,
0x1804cf34,
0x3cef05cf,
0x195e04cf,
0xb8f7ec6a,
0x810acffb,
0x461d20b6,
0x46814692,
0x6a3c4688,
0xcf7e04cf,
0xf542ef08,
0xcff8c0f7,
0x26401004,
0xf7eb6818,
0x4b1dff50,
0x68aa4651,
0xfb006818,
0xf7f69002,
0xfb90f934,
0x4651f0f6,
0x46486160,
0xf7f668aa,
0x4a16f92c,
0x0ccf4243,
0x21000aac,
0x681061a0,
0x68ea68ab,
0x8003fb00,
0xcf1bf7f6,
0x21003205,
0x464063a0,
0xf7f668ea,
0x0ecff913,
0xe014ea81,
0xff462063,
0x07cf8af7,
0xf7eb2a84,
0xac07cfdb,
0x2136b008,
0xcf2d54f1,
0x903cb206,
0xed06cf46,
0x2221002c,
0xa326404a,
0x10af0468,
0x04cfe268,
0xf7f65060,
0x68e4f8eb,
0xf6f6fb90,
0xf3f4fb95,
0x5313fb04,
0xb95d435c,
0x1000f8d8,
0x48194a18,
0xf8521d0b,
0xf8523023,
0x49172021,
0xf908f7eb,
0xd11d2e01,
0xd1152c20,
0x48144a13,
0xf7eb4611,
0xf8d8f8ff,
0x94002000,
0x9401490f,
0x48114b10,
0xf8539102,
0x46323022,
0xf8f2f7eb,
0x9c8108cf,
0x032c2808,
0x0b4a07d1,
0xe6461148,
0x0a4905e7,
0xe4f7eb48,
0x00e7e3f8,
0xcf2d54bf,
0x30488506,
0xb406cfbe,
0x21be6530,
0x212d78f1,
0x21be81f1,
0x21be70f1,
0x21be7cf1,
0xcf4b54f1,
0x0d12b806,
0x03460646,
0x1acc05cf,
0xaf04682a,
0x00ccf8d5,
0xf7f6681c,
0x2303fc58,
0xcc05cf4d,
0xa468291c,
0xb8f7eb01,
0x04494af8,
0x4a7880f5,
0xb2f7eb48,
0x494947f8,
0xaef7eb48,
0x2b4e48f8,
0xdf484868,
0x56a168f8,
0x193023f8,
0xa4f7eb68,
0x45682bf8,
0x0e04cf48,
0x6a194626,
0xf89cf7eb,
0x4842493c,
0xf898f7eb,
0xdb3d4546,
0x46264840,
0xf892f7eb,
0x4b376829,
0x483f4a3e,
0x9130f8df,
0xb38106cf,
0x87f7eb3a,
0x334546f8,
0x05cf38db,
0x29f88122,
0x384b2e68,
0xdf48384a,
0xcf90e8f8,
0xf8762208,
0xdb314546,
0x4b286829,
0x4d344a33,
0x08cf4834,
0x44f86a18,
0x15cf3545,
0xeb608d82,
0x08cf5cf7,
0x96872c82,
0x50f1f9fb,
0xeb360846,
0xb8f852f7,
0x726929e7,
0x00b805cf,
0xb809cf06,
0x59360840,
0xeb0b8943,
0xbaf843f7,
0xc11e17cf,
0xeb1187f3,
0xbbf833f7,
0x8d8213cf,
0x27f7eb44,
0xb0e7bbf8,
0xaff12136,
0x748207cf,
0xf121bebd,
0x06cfbecd,
0xbed95488,
0x5472f121,
0x76e2f121,
0x4c8d06cf,
0xf121375c,
0xf121beed,
0xf121376c,
0xf121bf06,
0x06cf377c,
0xbf1f48b7,
0x44b71ecf,
0x0acfbee7,
0x8774e381,
0x08b005cf,
0xd9810bcf,
0x46503a08,
0xb68208cf,
0xccf8d11c,
0x43685b30,
0x044996b9,
0x96600a22,
0x96600b49,
0x96600a49,
0x2060134a,
0x05462123,
0xdf0024f1,
0x6b9298f8,
0x0862ab62,
0xeb4e9123,
0xcf632b62,
0xcf30b009,
0x78d88107,
0x827cf8df,
0xcf6a6428,
0xc538b005,
0xc531d0f8,
0xc511d4f8,
0xc531d8f8,
0xcf21dcf8,
0x900e8608,
0x8b05cffd,
0xf8193016,
0x68182021,
0x8805cf36,
0x23fd2e2e,
0x58497e68,
0x102023f8,
0xe04a7d41,
0xccf8d461,
0x9b810bcf,
0x1ef7eb70,
0x786821fd,
0x8d8107cf,
0x5862205e,
0x590021f8,
0xa78107cf,
0x0cf8df72,
0xb406cf92,
0x834e7164,
0x3804cf40,
0xf8dfb2db,
0x04cf81fc,
0x13cf0a36,
0x23fcf96a,
0x07cf6768,
0x204a666a,
0x6a10cf64,
0x6821fce9,
0x6a07cf61,
0x0ecf6460,
0xcf81ac6a,
0xcf5a6a06,
0x04cf6a09,
0xcffcd732,
0xcf186606,
0xfcc6660b,
0xcf526821,
0x10204604,
0xcf626041,
0x6e838107,
0x4606cf00,
0x4607cf68,
0x460dcf4b,
0x4613cfb4,
0x6821fca3,
0x4607cf42,
0x0ccf64a0,
0xcf4e3e46,
0x0aa1810a,
0x934208cf,
0x8208cffc,
0xebfca362,
0x10f1046a,
0xd5682102,
0x7b8030f8,
0x1804cf61,
0xcf21f816,
0xed408d05,
0x7f2800f9,
0x23af03f4,
0x2db93b69,
0x1a04cf48,
0x8f8206cf,
0xe2f7ea34,
0x2a6921fe,
0xdef7ea48,
0xc8f8dffe,
0x05cf2290,
0xf8390e81,
0x3605cf22,
0x04cffbd0,
0x1ff0000e,
0x10f8c700,
0x1060e090,
0x3a685a49,
0x984a0fb1,
0xfff100b1,
0x00f8c23c,
0x0a1cc2c0,
0x90680a60,
0x0ad20442,
0xfa68114a,
0x43428860,
0x184a17d2,
0xea481849,
0xfefeb5f7,
0x046010e7,
0x00e7ed22,
0xcf2d88bf,
0x8c048a06,
0xb0f12137,
0x40f12136,
0x088c0bcf,
0x06cf3650,
0x08cf088c,
0x2cf4008c,
0x008c06cf,
0x06cf3680,
0x2d247c8b,
0x648e06cf,
0xf12155e6,
0x06cfbf3f,
0x0458d881,
0xac06cfbe,
0x07cf301c,
0x2cd45c8c,
0x508c06cf,
0x06cf3690,
0x35c02c8c,
0x6822f121,
0xb214f8df,
0xf8df6818,
0xf83b9210,
0xf7eb1022,
0x6822fb68,
0x0a40ea4f,
0x30ccf8d4,
0x7a80f40a,
0x688108cf,
0x6822fb5c,
0x0000ea4a,
0x601804cf,
0x07cf1660,
0xa0f9a516,
0x34f10460,
0x8306cf02,
0x10485e22,
0x4c8207cf,
0x4682f947,
0x9004f8c7,
0xb008f8c7,
0xf47f2800,
0x6b63ae58,
0xcf57b93b,
0x62568209,
0x37f7ea63,
0x536b61fe,
0x33f7ea48,
0xcf4a53fe,
0xcf324006,
0xfb263e07,
0xf0004b4f,
0x6320001f,
0x4298681b,
0xf8dfd205,
0xf8dbb178,
0x04cf3000,
0x4a4a4a0c,
0xea484b49,
0xfefe18f7,
0x8306cfe7,
0xdf49480a,
0x18915cf8,
0x05cf3168,
0xfb084081,
0xcf466822,
0x06268105,
0xcf7680f4,
0xfd3e8108,
0x066822fa,
0x1604cf43,
0x493462a6,
0x68184e3c,
0x2e05cf11,
0x68fbf945,
0x68e262e0,
0x6b236819,
0x68a11a52,
0x1182eb01,
0xcf00f8db,
0x68dc8107,
0xfb91697b,
0xfb03f2f3,
0x636a1112,
0xf2f8fb90,
0xfb082302,
0x63aa0012,
0xf8f3fb98,
0x454063e9,
0x3201db01,
0x682363aa,
0x68e26939,
0xf8514828,
0xf7ea1023,
0x4b1ffdcc,
0x6b226821,
0xf8534825,
0xf7ea1021,
0xe9d4fdc4,
0x687a1300,
0xf85268b8,
0xf8502021,
0x481f1021,
0xfdb9f7ea,
0x6aa36821,
0xf859481e,
0xcf562021,
0xfdb02805,
0x68214b1b,
0xcf1b68a2,
0xfda83807,
0x68214b19,
0xcf196ae2,
0xfda01007,
0x48176b69,
0xfd9cf7ea,
0x48166be9,
0xfd98f7ea,
0x48156ba9,
0xfd94f7ea,
0xbf00e5ab,
0x8207cfb4,
0xbf506092,
0x288d06cf,
0x0ecf2d88,
0x2d580484,
0xbf62f121,
0xbf87f121,
0xbfadf121,
0xcfdef121,
0x10248a07,
0x8d06cfc0,
0x07cf3648,
0xaf009382,
0x60b407cf,
0x06cf375c,
0x2d544c8a,
0x2d68f121,
0x93820acf,
0x13cf3314,
0xd4149382,
0x32fa05cf,
0xfa05cfd8,
0x05cfdc2e,
0x05cfe006,
0xcfe42efa,
0xcfe80605,
0xec2efa05,
0xf00605cf,
0xc74b1c30,
0xf630f4f8,
0xc7f94bf7,
0x6b50d0f8,
0xbcf8c768,
0xc7692a62,
0x0ccfc4f8,
0x1d149382,
0x00d4f107,
0xf7f5607c,
0x06cfffa2,
0xb4648481,
0xbcf8d712,
0xe8f7f632,
0x810acff8,
0xcf336484,
0x14938209,
0xf121b821,
0xf121b665,
0x06cfb5a9,
0xb4fd50b2,
0xb4e9f121,
0x64cf0acf,
0xf121b391,
0xf121be1f,
0xcf716477,
0x07938306,
0xb006cf32,
0x810fcf34,
0x0ccf60d4,
0x820ccf1b,
0x49557c92,
0x05b00dcf,
0x0acf2020,
0xcf349382,
0x000a190d,
0x57733725,
0x25535144,
0x04cf7337,
0xd005cf0b,
0xb006cf04,
0x0073381c,
0x55733425,
0x64253d49,
0x4c4c4420,
0x84810ccf,
0x08cf3d53,
0xcf0c9285,
0x253d1904,
0x25783230,
0x57007333,
0xcf2f5144,
0x07cf4b04,
0x3124d381,
0x04cf3030,
0xd006cf5a,
0x25000a57,
0x05cf3632,
0x2049550f,
0x810dcf00,
0x250074d4,
0x20643230,
0x33250a00,
0x8216cf34,
0x10cf1994,
0x8208cf18,
0x250a1494,
0x19cf3233,
0x346fd481,
0x8205cf73,
0xb00dcf20,
0x8307cf75,
0x0ecf4f95,
0x08cf2012,
0x69750bb1,
0x39b20ecf,
0x7fb009cf,
0x73716477,
0xcf2625cf,
0x04cf2509,
0x810acf61,
0xb117cf47,
0x570dcf56,
0xcf3228cf,
0x6c643109,
0x810ecf6c,
0x5816cf72,
0xcf270ccf,
0x73ba8110,
0x9f100400,
0x911000e5,
0xa0f001e5,
0x110104e1,
0x020016f0,
0x111f11f1,
0x7ff06fee,
0x810001f5,
0x010f11e3,
0x000c05cf,
0x4ee3a000,
0xcfec400f,
0x1f110c04,
0x131406cf,
0x30f10200,
0x24e59f01,
0x00e3a010,
0x28e58010,
0x00e59f11,
0x00e59100,
0x21e35000,
0x140a0000,
0x36e59f01,
0x341c07cf,
0x770807cf,
0x660807cf,
0x690807cf,
0xec0807cf,
0x3c06cf10,
0xe3500001,
0x0afffffb,
0xcf9f00d8,
0xcf612c09,
0xcf720807,
0xcf6d0807,
0xcf73100f,
0xcf740807,
0x20030807,
0x2f50e3a0,
0x8105cf0c,
0x20f00324,
0x9f0094e3,
0x901000e5,
0x811001e5,
0x882005cf,
0xf0e59f00,
0xf02c08cf,
0x0000e320,
0x00c0e10f,
0xf000e380,
0x0070e129,
0xcf01e59f,
0xcf5c1c07,
0xcfc13809,
0x40581005,
0x4f10e59f,
0xcf54ee0e,
0x4f10500f,
0x4005ee11,
0x4a01e3c4,
0x4f10e3c4,
0x4f1fee01,
0x4040ec55,
0x4f1fe3c4,
0x4040ec45,
0x0805cf84,
0x8107cf24,
0xa0f00060,
0x05cf00e1,
0x08f02874,
0x00f01101,
0x04fff020,
0x80fff020,
0x00fff012,
0x0000b71b,
0x04ffe600,
0x0df01101,
0x90211c4a,
0x70f04fb5,
0x00af0044,
0x010304ea,
0x0440cb32,
0xdb092439,
0x022b09b2,
0x883c01f8,
0x983337bf,
0x113330bf,
0xcf0f04f1,
0xd1ec1004,
0xbd904801,
0x0284bf00,
0x30200100,
0x0a0d0078,
0x003a4500,
0x2000203a,
0x0a0d0020,
0x4f5a4e55,
0xff00214b,
0x01d5034f,
0x21d53e10,
0x21927ff8,
0x21927ef8,
0x21927df8,
0x21927cf8,
0x019273f8,
0xdfd51e10,
0xa0d5033f,
0x0158000e,
0x21b94000,
0x24531b10,
0x01110080,
0x43340001,
0x6158000e,
0x608b0400,
0xe2910080,
0x023200c3,
0x3fb80044,
0xc1eb0000,
0xa054ffff,
0x0258000d,
0x02128000,
0x80b90000,
0x0158000d,
0x012405cf,
0x00240dcf,
0xe0240bcf,
0x1f58000c,
0xb3b90000,
0x73d53800,
0x7fd3401e,
0x40f10002,
0x60540005,
0xcf180009,
0x00007805,
0x00000132,
0x04cf00b9,
0x1405cf10,
0x08e1b900,
0x05421800,
0x00225280,
0x08a4b900,
0x00841800,
0x009fb940,
0xffa07100,
0x067f54ff,
0x0100f100,
0x0a7f5400,
0xcf80f100,
0x000e0804,
0x000200f1,
0xcf046254,
0xfffe3006,
0x072317ff,
0x00221800,
0x00625280,
0x0642b900,
0x801806cf,
0x83d61f00,
0x180acf06,
0x180bcf62,
0x0acf05e3,
0x0bcf8218,
0x00054118,
0xcf004218,
0x04411006,
0x08221800,
0x420c06cf,
0x0806cf0a,
0x1007cf62,
0x3407cfc2,
0x243c08cf,
0x810ecf03,
0xcf02c434,
0xcf64100e,
0xcf22100f,
0x01e13807,
0x088106cf,
0x05cf01c4,
0x08cff920,
0x08cf0881,
0xcff03584,
0x1367d805,
0x11010cf0,
0x110114f0,
0x110118f0,
0x11011cf0,
0x598405cf,
0xffe41014,
0xcf110100,
0x10042305,
0x8406cff0,
0xcf1879ea,
0x11800806,
0x141007cf,
0xcf1007cf,
0x08cf2008,
0xd906cf18,
0x00000040,
0x00000000,
0x00000000,
0x00000000,
0x00000000,
0x00000000,
0x00000000,
0x00000000,
0x00000000,
0x00000000,
0x00000000,
0x00000000,
0x00000000,
0x00000000,
0x00000000,
0x00000000,
0x00000000,
0x00000000,
0x00000000,
0x00000000,
0x00000000,
0x00000000,
0x00000000,
0x00000000,
0x00000000,
0x00000000,
0x00000000,
0x00000000,
0x00000000,
0x00000000,
0x00000000,
0x00000000,
0x00000000,
0x00000000,
0x00000000,
0x00000000,
0x00000000,
0x00000000,
0x00000000,
0x00000000,
0x00000000,
0x00000000,
0x00000000,
0x00000000,
0x00000000,
0x00000000,
0x00000000,
0x00000000,
0x00000000,
0x00000000,
0x00000000,
0x00000000,
0x00000000,
0x00000000,
0x00000000,
0x00000000,
0x00000000,
0x00000000,
0x00000000,
0x00000000,
0x00000000,
0x00000000,
0x00000000,
0x00000000,
0x00000000,
0x00000000,
0x00000000,
0x00000000,
0x00000000,
0x00000000,
0x00000000,
0x00000000,
0x00000000,
0x00000000,
0x00000000,
0x00000000,
0x00000000,
0x00000000,
0x00000000,
0x00000000,
0x00000000,
0x00000000,
0x00000000,
0x00000000,
0x00000000,
0x00000000,
0x00000000,
0x00000000,
0x00000000,
0x00000000,
0x00000000,
0x00000000,
0x00000000,
0x00000000,
0x00000000,
0x00000000,
0x00000000,
0x00000000,
0x00000000,
0x00000000,
0x00000000,
0x00000000,
0x00000000,
0x00000000,
0x00000000,
0x00000000,
0x00000000,
0x00000000,
0x00000000,
0x00000000,
0x00000000,
0x00000000,
0x00000000,
0x00000000,
0x00000000,
0x00000000,
0x00000000,
0x00000000,
0x00000000,
0x00000000,
0x00000000,
0x00000000,
0x00000000,
0x00000000,
0x00000000,
0x00000000,
0x00000000,
0x00000000,
0x00000000,
0x00000000,
0x00000000,
0x00000000,
0x00000000,
0x00000000,
0x00000000,
0x00000000,
0x00000000,
0x00000000,
0x00000000,
0x00000000,
0x00000000,
0x00000000,
0x00000000,
0x00000000,
0x00000000,
0x00000000,
0x00000000,
0x00000000,
0x00000000,
0x00000000,
0x00000000,
0x00000000,
0x00000000,
0x00000000,
0x00000000,
0x00000000,
0x00000000,
0x00000000,
0x00000000,
0x00000000,
0x00000000,
0x00000000,
0x00000000,
0x00000000,
0x00000000,
0x00000000,
0x00000000,
0x00000000,
0x00000000,
0x00000000,
0x00000000,
0x00000000,
0x00000000,
0x00000000,
0x00000000,
0x00000000,
0x00000000,
0x00000000,
0x00000000,
0x00000000,
0x00000000,
0x00000000,
0x00000000,
0x00000000,
0x00000000,
0x00000000,
0x00000000,
0x00000000,
0x00000000,
0x00000000,
0x00000000,
0x00000000,
0x00000000,
0x00000000,
0x00000000,
0x00000000,
0x00000000,
0x00000000,
0x00000000,
0x00000000,
0x00000000,
0x00000000,
0x00000000,
0x00000000,
0x00000000,
0x00000000,
0x00000000,
0x00000000,
0x00000000,
0x00000000,
0x00000000,
0x00000000,
0x00000000,
0x00000000,
0x00000000,
0x00000000,
0x00000000,
0x00000000,
0x00000000,
0x00000000,
0x00000000,
0x00000000,
0x00000000,
0x00000000,
0x00000000,
0x00000000,
0x00000000,
0x00000000,
0x00000000,
0x00000000,
0x00000000,
0x00000000,
0x00000000,
0x00000000,
0x00000000,
0x00000000,
0x00000000,
0x00000000,
0x00000000,
0x00000000,
0x00000000,
0x00000000,
0x00000000,
0x00000000,
0x00000000,
0x00000000,
0x00000000,
0x00000000,
0x00000000,
0x00000000,
0x00000000,
0x00000000,
0x00000000,
0x00000000,
0x00000000,
0x00000000,
0x00000000,
0x00000000,
0x00000000,
0x00000000,
0x00000000,
0x00000000,
0x00000000,
0x00000000,
0x00000000,
0x00000000,
0x00000000,
0x00000000,
0x00000000,
0x00000000,
0x00000000,
0x00000000,
0x00000000,
0x00000000,
0x00000000,
0x00000000,
0x00000000,
0x00000000,
0x00000000,
0x00000000,
0x00000000,
0x00000000,
0x00000000,
0x00000000,
0x00000000,
0x00000000,
0x00000000,
0x00000000,
0x00000000,
0x00000000,
0x00000000,
0x00000000,
0x00000000,
0x00000000,
0x00000000,
0x00000000,
0x00000000,
0x00000000,
0x00000000,
0x00000000,
0x00000000,
0x00000000,
0x00000000,
0x00000000,
0x00000000,
0x00000000,
0x00000000,
0x00000000,
0x00000000,
0x00000000,
0x00000000,
0x00000000,
0x00000000,
0x00000000,
0x00000000,
0x00000000,
0x00000000,
0x00000000,
0x00000000,
0x00000000,
0x00000000,
0x00000000,
0x00000000,
0x00000000,
0x00000000,
0x00000000,
0x00000000,
0x00000000,
0x00000000,
0x00000000,
0x00000000,
0x00000000,
0x00000000,
0x00000000,
0x00000000,
0x00000000,
0x00000000,
0x00000000,
0x00000000,
0x00000000,
0x00000000,
0x00000000,
0x00000000,
0x00000000,
0x00000000,
0x00000000,
0x00000000,
0x00000000,
0x00000000,
0x00000000,
0x00000000,
0x00000000,
0x00000000,
0x00000000,
0x00000000,
0x00000000,
0x00000000,
0x00000000,
0x00000000,
0x00000000,
0x00000000,
0x00000000,
0x00000000,
0x00000000,
0x00000000,
0x00000000,
0x00000000,
0x00000000,
0x00000000,
0x00000000,
0x00000000,
0x00000000,
0x00000000,
0x00000000,
0x00000000,
0x00000000,
0x00000000,
0x00000000,
0x00000000,
0x00000000,
0x00000000,
0x00000000,
0x00000000,
0x00000000,
0x00000000,
0x00000000,
0x00000000,
0x00000000,
0x00000000,
0x00000000,
0x00000000,
0x00000000,
0x00000000,
0x00000000,
0x00000000,
0x00000000,
0x00000000,
0x00000000,
0x00000000,
0x00000000,
0x00000000,
0x00000000,
0x00000000,
0x00000000,
0x00000000,
0x00000000,
0x00000000,
0x00000000,
0x00000000,
0x00000000,
0x00000000,
0x00000000,
0x00000000,
0x00000000,
0x00000000,
0x00000000,
0x00000000,
0x00000000,
0x00000000,
0x00000000,
0x00000000,
0x00000000,
0x00000000,
0x00000000,
0x00000000,
0x00000000,
0x00000000,
0x00000000,
0x00000000,
0x00000000,
0x00000000,
0x00000000,
0x00000000,
0x00000000,
0x00000000,
0x00000000,
0x00000000,
0x00000000,
0x00000000,
0x00000000,
0x00000000,
0x00000000,
0x00000000,
0x00000000,
0x00000000,
0x00000000,
0x00000000,
0x00000000,
0x00000000,
0x00000000,
0x00000000,
0x00000000,
0x00000000,
0x00000000,
0x00000000,
0x00000000,
0x00000000,
0x00000000,
0x00000000,
0x00000000,
0x00000000,
0x00000000,
0x00000000,
0x00000000,
0x00000000,
0x00000000,
0x00000000,
0x00000000,
0x00000000,
0x00000000,
0x00000000,
0x00000000,
0x00000000,
0x00000000,
0x00000000,
0x00000000,
0x00000000,
0x00000000,
0x00000000,
0x00000000,
0x00000000,
0x00000000,
0x00000000,
0x00000000,
0x00000000,
0x00000000,
0x00000000,
0x00000000,
0x00000000,
0x00000000,
0x00000000,
0x00000000,
0x00000000,
0x00000000,
0x00000000,
0x00000000,
0x00000000,
0x00000000,
0x00000000,
0x00000000,
0x00000000,
0x00000000,
0x00000000,
0x00000000,
0x00000000,
0x00000000,
0x00000000,
0x00000000,
0x00000000,
0x00000000,
0x00000000,
0x00000000,
0x00000000,
0x00000000,
0x00000000,
0x00000000,
0x00000000,
0x00000000,
0x00000000,
0x00000000,
0x00000000,
0x00000000,
0x00000000,
0x00000000,
0x00000000,
0x00000000,
0x00000000,
0x00000000,
0x00000000,
0x00000000,
0x00000000,
0x00000000,
0x00000000,
0x00000000,
0x00000000,
0x00000000,
0x00000000,
0x00000000,
0x00000000,
0x00000000,
0x00000000,
0x00000000,
0x00000000,
0x00000000,
0x00000000,
0x00000000,
0x00000000,
0x00000000,
0x00000000,
0x00000000,
0x00000000,
0x00000000,
0x00000000,
0x00000000,
0x00000000,
0x00000000,
0x00000000,
0x00000000,
0x00000000,
0x00000000,
0x00000000,
0x00000000,
0x00000000,
0x00000000,
0x00000000,
0x00000000,
0x00000000,
0x00000000,
0x00000000,
0x00000000,
0x00000000,
0x00000000,
0x00000000,
0x00000000,
0x00000000,
0x00000000,
0x00000000,
0x00000000,
0x00000000,
0x00000000,
0x00000000,
0x00000000,
0x00000000,
0x00000000,
0x00000000,
0x00000000,
0x00000000,
0x00000000,
0x00000000,
0x00000000,
0x00000000,
0x00000000,
0x00000000,
0x00000000,
0x00000000,
0x00000000,
0x00000000,
0x00000000,
0x00000000,
0x00000000,
0x00000000,
0x00000000,
0x00000000,
0x00000000,
0x00000000,
0x00000000,
0x00000000,
0x00000000,
0x00000000,
0x00000000,
0x00000000,
0x00000000,
0x00000000,
0x00000000,
0x00000000,
0x00000000,
0x00000000,
0x00000000,
0x00000000,
0x00000000,
0x00000000,
0x00000000,
0x00000000,
0x00000000,
0x00000000,
0x00000000,
0x00000000,
0x00000000,
0x00000000,
0x00000000,
0x00000000,
0x00000000,
0x00000000,
0x00000000,
0x00000000,
0x00000000,
0x00000000,
0x00000000,
0x00000000,
0x00000000,
0x00000000,
0x00000000,
0x00000000,
0x00000000,
0x00000000,
0x00000000,
0x00000000,
0x00000000,
0x00000000,
0x00000000,
0x00000000,
0x00000000,
0x00000000,
0x00000000,
0x00000000,
0x00000000,
0x00000000,
0x00000000,
0x00000000,
0x00000000,
0x00000000,
0x00000000,
0x00000000,
0x00000000,
0x00000000,
0x00000000,
0x00000000,
0x00000000,
0x00000000,
0x00000000,
0x00000000,
0x00000000,
0x00000000,
0x00000000,
0x00000000,
0x00000000,
0x00000000,
0x00000000,
0x00000000,
0x00000000,
0x00000000,
0x00000000,
0x00000000,
0x00000000,
0x00000000,
0x00000000,
0x00000000,
0x00000000,
0x00000000,
0x00000000,
0x00000000,
0x00000000,
0x00000000,
0x00000000,
0x00000000,
0x00000000,
0x00000000,
0x00000000,
0x00000000,
0x00000000,
0x00000000,
0x00000000,
0x00000000,
0x00000000,
0x00000000,
0x00000000,
0x00000000,
0x00000000,
0x00000000,
0x00000000,
0x00000000,
0x00000000,
0x00000000,
0x00000000,
0x00000000,
0x00000000,
0x00000000,
0x00000000,
0x00000000,
0x00000000,
0x00000000,
0x00000000,
0x00000000,
0x00000000,
0x00000000,
0x00000000,
0x00000000,
0x00000000,
0x00000000,
0x00000000,
0x00000000,
0x00000000,
0x00000000,
0x00000000,
0x00000000,
0x00000000,
0x00000000,
0x00000000,
0x00000000,
0x00000000,
0x00000000,
0x00000000,
0x00000000,
0x00000000,
0x00000000,
0x00000000,
0x00000000,
0x00000000,
0x00000000,
0x00000000,
0x00000000,
0x00000000,
0x00000000,
0x00000000,
0x00000000,
0x00000000,
0x00000000,
0x00000000,
0x00000000,
0x00000000,
0x00000000,
0x00000000,
0x00000000,
0x00000000,
0x00000000,
0x00000000,
0x00000000,
0x00000000,
0x00000000,
0x00000000,
0x00000000,
0x00000000,
0x00000000,
0x00000000,
0x00000000,
0x00000000,
0x00000000,
0x00000000,
0x00000000,
0x00000000,
0x00000000,
0x00000000,
0x00000000,
0x00000000,
0x00000000,
0x00000000,
0x00000000,
0x00000000,
0x00000000,
0x00000000,
0x00000000,
0x00000000,
0x00000000,
0x00000000,
0x00000000,
0x00000000,
0x00000000,
0x00000000,
0x00000000,
0x00000000,
0x00000000,
0x00000000,
0x00000000,
0x00000000,
0x00000000,
0x00000000,
0x00000000,
0x00000000,
0x00000000,
0x00000000,
0x00000000,
0x00000000,
0x00000000,
0x00000000,
0x00000000,
0x00000000,
0x00000000,
0x00000000,
0x00000000,
0x00000000,
0x00000000,
0x00000000,
0x00000000,
0x00000000,
0x00000000,
0x00000000,
0x00000000,
0x00000000,
0x00000000,
0x00000000,
0x00000000,
0x00000000,
0x00000000,
0x00000000,
0x00000000,
0x00000000,
0x00000000,
0x00000000,
0x00000000,
0x00000000,
0x00000000,
0x00000000,
0x00000000,
0x00000000,
0x00000000,
0x00000000,
0x00000000,
0x00000000,
0x00000000,
0x00000000,
0x00000000,
0x00000000,
0x00000000,
0x00000000,
0x00000000,
0x00000000,
0x00000000,
0x00000000,
0x00000000,
0x00000000,
0x00000000,
};
#endif