//Out type = 1
#ifndef __CLOCK_RAW_LPDDR4__
#define __CLOCK_RAW_LPDDR4__
//bin2byte_linux version : 2022-0516-1.0005
//Reading '../output/LD98530A.bin'...
//file size = 65536
//../output/LD98530A.bin to function = stbc_PMC data width[4] total size[65536]
//DR[2022-5-16-2]:LD[2.0.0]
unsigned int stbc_PMC[] = {
0xf0e00028,
0xf0e00000,
0x000032a0,
0xe0800500,
0xf0e00070,
0x00009831,
0x00008414,
0x0000e344,
0x00000000,
0x00010000,
0xea000282,
0xffffffff,
0xa238aa55,
0xf0000004,
0x13040006,
0xf0001000,
0xf15800b0,
0x00000028,
0xf1020010,
0x00000002,
0xf15800b0,
0x00000034,
0xf05800b0,
0x01100003,
0xf1290000,
0x0000003e,
0x0000a030,
0x00000000,
0x48210000,
0x20004dcc,
0x0000282a,
0x00020000,
0x00000000,
0x00000000,
0xc0000000,
0x00000001,
0xffffffff,
0xffffffff,
0xffffffff,
0xffffffff,
0xffffffff,
0xffffffff,
0xffffffff,
0xffffffff,
0xffffffff,
0xffffffff,
0xffffffff,
0xffffffff,
0xffffffff,
0xffffffff,
0xffffffff,
0xffffffff,
0xffffffff,
0xffffffff,
0xffffffff,
0xffffffff,
0xffffffff,
0xffffffff,
0xffffffff,
0xffffffff,
0xffffffff,
0xffffffff,
0xffffffff,
0xffffffff,
0xffffffff,
0xffffffff,
0xffffffff,
0xffffffff,
0xffffffff,
0xffffffff,
0xffffffff,
0xffffffff,
0xffffffff,
0xffffffff,
0xffffffff,
0xffffffff,
0xffffffff,
0xffffffff,
0xffffffff,
0xffffffff,
0xffffffff,
0xffffffff,
0xffffffff,
0xffffffff,
0xffffffff,
0xffffffff,
0xffffffff,
0xffffffff,
0xffffffff,
0xffffffff,
0xffffffff,
0xffffffff,
0xffffffff,
0xffffffff,
0xffffffff,
0xffffffff,
0xffffffff,
0xffffffff,
0xffffffff,
0xffffffff,
0xffffffff,
0xffffffff,
0xffffffff,
0xffffffff,
0xffffffff,
0xffffffff,
0xffffffff,
0xffffffff,
0xffffffff,
0xffffffff,
0xffffffff,
0xffffffff,
0xffffffff,
0xffffffff,
0xffffffff,
0xffffffff,
0xffffffff,
0xffffffff,
0xffffffff,
0xffffffff,
0xffffffff,
0xffffffff,
0xffffffff,
0xffffffff,
0xffffffff,
0xffffffff,
0xffffffff,
0xffffffff,
0xffffffff,
0xffffffff,
0xffffffff,
0xffffffff,
0xffffffff,
0xffffffff,
0xffffffff,
0xffffffff,
0xffffffff,
0xffffffff,
0xffffffff,
0xffffffff,
0xffffffff,
0xffffffff,
0xffffffff,
0xffffffff,
0xffffffff,
0xffffffff,
0xffffffff,
0xffffffff,
0xffffffff,
0xffffffff,
0xffffffff,
0xffffffff,
0xffffffff,
0xffffffff,
0xffffffff,
0xffffffff,
0xffffffff,
0xffffffff,
0xffffffff,
0xffffffff,
0xffffffff,
0xffffffff,
0xffffffff,
0xffffffff,
0xffffffff,
0xffffffff,
0xffffffff,
0xffffffff,
0xffffffff,
0xffffffff,
0xffffffff,
0xffffffff,
0xffffffff,
0xffffffff,
0xffffffff,
0xffffffff,
0xffffffff,
0xffffffff,
0xffffffff,
0xffffffff,
0xffffffff,
0xffffffff,
0xffffffff,
0xffffffff,
0xffffffff,
0xffffffff,
0xffffffff,
0xffffffff,
0xffffffff,
0xffffffff,
0xffffffff,
0xffffffff,
0x10220511,
0x0042aaaa,
0xc1088020,
0x00001010,
0x00000040,
0x00610130,
0x4002061b,
0x00b4000e,
0x00009505,
0x0054002d,
0x00710008,
0x00040009,
0x00640046,
0x001e004d,
0x1a201a22,
0x00060631,
0x07101414,
0x00c0c000,
0x0f04080f,
0x02040c0c,
0x04020007,
0x00000402,
0x00000000,
0x00000000,
0x1a020010,
0x0c100002,
0x00000096,
0xd3200018,
0x02800100,
0x0392820d,
0x00000404,
0x06000604,
0x00000800,
0x00343400,
0x00343400,
0x40400000,
0x40400828,
0x40401030,
0x40400828,
0x18003818,
0x0d085044,
0x120e0000,
0x0000001e,
0x01540000,
0x0371022d,
0x4e4a0b64,
0x10008000,
0x08000010,
0x0000161e,
0x00020000,
0x2020241c,
0x1c202020,
0x1c241424,
0x00000000,
0x00000000,
0x00000000,
0x00000000,
0x00000000,
0x00000000,
0x00000000,
0x00000000,
0x00000000,
0x1b0a8000,
0x22010500,
0x80100f00,
0x0f979708,
0xb50b92d0,
0x0b92090d,
0x92090db5,
0x090db50b,
0x0db50b92,
0xb50b9209,
0x0db50b92,
0xb50b9209,
0x0b92090d,
0x92090db5,
0x090db50b,
0x01b50b92,
0x01010101,
0x00010101,
0x00000000,
0x00b50b92,
0x20090d80,
0x00b50b92,
0x20090d80,
0x00b50b92,
0x0b922080,
0x208000b5,
0x00b50b92,
0x20090d80,
0x00b50b92,
0x20090d80,
0x00b50b92,
0x0b922080,
0x208000b5,
0x02020202,
0x02020202,
0x03030203,
0x03030203,
0x03030303,
0x03030303,
0x02020203,
0x02020202,
0x03030202,
0x03030303,
0x03030303,
0x03030303,
0x03030303,
0x24240f80,
0x24242424,
0x24242424,
0x24242424,
0x00002424,
0x0007ff00,
0xff000000,
0x02200007,
0x22204c22,
0x80102280,
0x00083810,
0xffffffff,
0x00000000,
0xffffffff,
0xffffffff,
0xffffffff,
0xffffffff,
0xffffffff,
0xffffffff,
0xffffffff,
0xffffffff,
0xffffffff,
0xffffffff,
0xffffffff,
0xffffffff,
0xffffffff,
0xffffffff,
0xffffffff,
0xffffffff,
0xffffffff,
0xffffffff,
0xffffffff,
0xffffffff,
0xffffffff,
0xffffffff,
0xffffffff,
0xffffffff,
0xffffffff,
0xffffffff,
0xffffffff,
0xffffffff,
0xffffffff,
0xffffffff,
0xffffffff,
0xffffffff,
0xffffffff,
0xffffffff,
0xffffffff,
0xffffffff,
0xffffffff,
0xffffffff,
0xffffffff,
0xffffffff,
0xffffffff,
0xffffffff,
0xffffffff,
0xffffffff,
0xffffffff,
0xffffffff,
0xffffffff,
0xffffffff,
0xffffffff,
0xffffffff,
0xffffffff,
0xffffffff,
0xffffffff,
0xffffffff,
0xffffffff,
0xffffffff,
0xffffffff,
0xffffffff,
0xffffffff,
0xffffffff,
0xffffffff,
0xffffffff,
0xffffffff,
0xffffffff,
0xffffffff,
0xffffffff,
0xffffffff,
0xffffffff,
0xffffffff,
0xffffffff,
0xffffffff,
0xffffffff,
0xffffffff,
0xffffffff,
0xffffffff,
0xffffffff,
0xffffffff,
0xffffffff,
0xffffffff,
0xffffffff,
0xffffffff,
0xffffffff,
0xffffffff,
0xffffffff,
0xffffffff,
0xffffffff,
0xffffffff,
0xffffffff,
0xffffffff,
0xffffffff,
0xffffffff,
0xffffffff,
0xffffffff,
0xffffffff,
0xffffffff,
0xffffffff,
0xffffffff,
0xffffffff,
0xffffffff,
0xffffffff,
0xffffffff,
0xffffffff,
0xffffffff,
0xffffffff,
0xffffffff,
0xffffffff,
0xffffffff,
0xffffffff,
0xffffffff,
0xffffffff,
0xffffffff,
0xffffffff,
0xffffffff,
0xffffffff,
0xffffffff,
0xffffffff,
0xffffffff,
0xffffffff,
0xffffffff,
0xffffffff,
0xffffffff,
0xffffffff,
0xffffffff,
0xffffffff,
0xffffffff,
0xffffffff,
0xffffffff,
0xffffffff,
0xffffffff,
0xffffffff,
0xffffffff,
0xffffffff,
0xffffffff,
0xffffffff,
0xffffffff,
0xffffffff,
0xffffffff,
0xffffffff,
0xffffffff,
0xffffffff,
0xffffffff,
0xffffffff,
0xffffffff,
0xffffffff,
0xffffffff,
0xffffffff,
0xffffffff,
0xffffffff,
0xffffffff,
0xffffffff,
0xffffffff,
0xffffffff,
0xffffffff,
0xffffffff,
0xffffffff,
0xffffffff,
0xffffffff,
0xffffffff,
0xffffffff,
0xffffffff,
0xffffffff,
0xffffffff,
0xffffffff,
0xffffffff,
0xffffffff,
0xffffffff,
0xffffffff,
0xffffffff,
0xffffffff,
0xffffffff,
0xffffffff,
0xffffffff,
0xffffffff,
0xffffffff,
0xffffffff,
0xffffffff,
0xffffffff,
0xffffffff,
0xffffffff,
0xffffffff,
0xffffffff,
0xffffffff,
0xffffffff,
0xffffffff,
0xffffffff,
0xffffffff,
0xffffffff,
0xffffffff,
0xffffffff,
0xffffffff,
0xffffffff,
0xffffffff,
0xffffffff,
0xffffffff,
0xffffffff,
0xffffffff,
0xffffffff,
0xffffffff,
0xffffffff,
0xe59f1004,
0xe5911000,
0xe1a0f001,
0xf0090104,
0xf1020016,
0xee111f11,
0xf57ff06f,
0xe3810001,
0xee010f11,
0xf57ff06f,
0xe3a00000,
0xec400f4e,
0xf57ff06f,
0xee011f11,
0xf57ff06f,
0xf1020013,
0xe59f0130,
0xe3a01024,
0xe5801000,
0xe59f1128,
0xe5910000,
0xe3500000,
0x0a000021,
0xe59f0114,
0xe3a01036,
0xe5801000,
0xe3a01034,
0xe5801000,
0xe3a01077,
0xe5801000,
0xe3a01066,
0xe5801000,
0xe3a01069,
0xe5801000,
0xe59f10ec,
0xe5910000,
0xe3500001,
0x0afffffb,
0xe59f00d8,
0xe3a01077,
0xe5801000,
0xe3a01061,
0xe5801000,
0xe3a01072,
0xe5801000,
0xe3a0106d,
0xe5801000,
0xe3a01072,
0xe5801000,
0xe3a01073,
0xe5801000,
0xe3a01074,
0xe5801000,
0xe3a02003,
0xee0c2f50,
0xf57ff06f,
0xe320f003,
0xe59f0094,
0xe5901000,
0xe3811001,
0xe5801000,
0xe59f0088,
0xe3a010f0,
0xe5801000,
0xe320f003,
0xe10f0000,
0xe38000c0,
0xe129f000,
0xe59f0070,
0xe3a01001,
0xe5801000,
0xe59f005c,
0xe5901000,
0xe3c11001,
0xe5801000,
0xe59f4058,
0xee0e4f10,
0xe59f0054,
0xe5901000,
0xe3811001,
0xe5801000,
0xee114f10,
0xe3c44005,
0xe3c44a01,
0xee014f10,
0xec554f1f,
0xe3c44040,
0xec454f1f,
0xe3844040,
0xec454f1f,
0xe59f1024,
0xe5910000,
0xe1a0f000,
0xe320f000,
0xf0280000,
0xf0090108,
0xfff02000,
0xfff02004,
0xfff01280,
0x00b71b00,
0xffe60000,
0xf0090104,
0xffffffff,
0xffffffff,
0xffffffff,
0xffffffff,
0xffffffff,
0xffffffff,
0xffffffff,
0xffffffff,
0xffffffff,
0xffffffff,
0xffffffff,
0xffffffff,
0xffffffff,
0xffffffff,
0xffffffff,
0xffffffff,
0xffffffff,
0xffffffff,
0xffffffff,
0xffffffff,
0xffffffff,
0xffffffff,
0xffffffff,
0xffffffff,
0xffffffff,
0xffffffff,
0xea000115,
0xe59ff014,
0xe59ff014,
0xe59ff014,
0xe59ff014,
0xe320f000,
0xe59ff010,
0xe59ff010,
0xf0e00ea0,
0xf0e00ee4,
0xf0e00f28,
0xf0e00f6c,
0xf0e00fb0,
0xf0e00fb4,
0xf1080100,
0xf10c00c0,
0xf1020013,
0xee110f10,
0xe3c00a01,
0xe3c00b02,
0xe3c00004,
0xe3c00002,
0xe3c00001,
0xee010f10,
0xe59f0558,
0xee0c0f10,
0xe59f0554,
0xe3a01901,
0xe0811000,
0xe4802004,
0xe1500001,
0x3afffffc,
0xf1020012,
0xe59fd53c,
0xf1020013,
0xe59fd538,
0xee110f10,
0xe3800a01,
0xee070f15,
0xee010f10,
0xe3a00000,
0xeb0003d4,
0xf57ff04f,
0xf57ff06f,
0xe3a00001,
0xeb0004ac,
0xf57ff04f,
0xf57ff06f,
0xeb00058b,
0xf57ff04f,
0xf57ff06f,
0xe59f04fc,
0xe3a03050,
0xe5803000,
0xe3a03044,
0xe5803000,
0xe3a0304e,
0xe5803000,
0xe590301c,
0xe7e33053,
0xe3530001,
0x0a000008,
0xe3530002,
0x0a00000d,
0xe2833030,
0xe5803000,
0xe59f04c4,
0xe59010b0,
0xe3a02017,
0xe58020b0,
0xea00000c,
0xe2833030,
0xe5803000,
0xe59f04a8,
0xe59010b0,
0xe3a02015,
0xe58020b0,
0xea000005,
0xe2833030,
0xe5803000,
0xe59f048c,
0xe59010b0,
0xe3a02016,
0xe58020b0,
0xeb0005ae,
0xe59f0474,
0xe3a02053,
0xe5802000,
0xe59f0468,
0xe5901014,
0xe7e01351,
0xe3510001,
0x1afffffb,
0xf57ff04f,
0xf57ff06f,
0xe320f003,
0xe320f000,
0xe59f0444,
0xe3a02057,
0xe5802000,
0xe59f043c,
0xe3a01008,
0xe58010b0,
0xe59f042c,
0xe3a0204b,
0xe5802000,
0xe3a00001,
0xeb000392,
0xf57ff04f,
0xf57ff06f,
0xe3a00000,
0xeb00046a,
0xec510f1f,
0xe3c00040,
0xec410f1f,
0xf57ff06f,
0xe3a01000,
0xee081f13,
0xee081f17,
0xee071fd5,
0xee081f16,
0xee081f15,
0xee071f15,
0xf57ff04f,
0xf57ff06f,
0xee300f10,
0xe59f33d8,
0xe00306a0,
0xe3a01000,
0xe3a03000,
0xe1a02f01,
0xe1822303,
0xee072f56,
0xe2833001,
0xe1500003,
0xcafffff9,
0xe2811001,
0xe3510004,
0x1afffff5,
0xe3a00002,
0xee400f10,
0xee300f10,
0xe7e931d0,
0xe2833001,
0xe59f2394,
0xe5823000,
0xe59f3388,
0xe00306a0,
0xe59f2388,
0xe2801001,
0xe5821000,
0xe3a01000,
0xe3a03000,
0xe1a02e01,
0xe2822002,
0xe1822303,
0xee072f56,
0xe2833001,
0xe1500003,
0xcafffff8,
0xe2811001,
0xe3510004,
0x1afffff4,
0xee111f30,
0xe3811004,
0xee011f30,
0xe59f0324,
0xe59f9340,
0xe5991080,
0xe2511001,
0xe59f2338,
0xe0823a01,
0xe7803101,
0xe2511001,
0x5afffffb,
0xe59f0300,
0xe3800b0f,
0xe3a010fe,
0xe59f231c,
0xe0823a01,
0xe7803101,
0xe2511001,
0x5afffffb,
0xe59f02e0,
0xe59f1308,
0xe1800001,
0xe59f2304,
0xe5802000,
0xe59f02cc,
0xe3a01df2,
0xe1800001,
0xe59f22f4,
0xe5802000,
0xe3a00000,
0xee020f50,
0xe59f02b0,
0xe3a01008,
0xe3811040,
0xe1800001,
0xee020f10,
0xe3e00000,
0xee030f10,
0xf57ff04f,
0xf57ff06f,
0xee110f10,
0xe3800001,
0xee010f10,
0xf57ff04f,
0xf57ff06f,
0xec510f1f,
0xe3800040,
0xec410f1f,
0xf57ff06f,
0xee110f10,
0xe3800a01,
0xe3800004,
0xee010f10,
0xf57ff04f,
0xf57ff06f,
0xee110f10,
0xe3800b02,
0xee010f10,
0xee110f30,
0xe3800004,
0xe3800040,
0xee010f30,
0xfa0000f4,
0xe59f0268,
0xe5902038,
0xe7ef1052,
0xe3510000,
0x0a000023,
0xe7e037d1,
0xe3a04045,
0xe3530001,
0x1a000012,
0xe7e03751,
0xe3530001,
0x1a000005,
0xe3a04055,
0xe2800001,
0xe3500002,
0x0a00000b,
0xe1a02822,
0xeaffffef,
0xe7e45052,
0xe7e462d2,
0xe2854030,
0xe3550001,
0x0a000000,
0xea000003,
0xe0253006,
0xe223301f,
0xe3530000,
0x0a00000c,
0xe59f01cc,
0xe3a01039,
0xe5801000,
0xe3a01038,
0xe5801000,
0xe3a01035,
0xe5801000,
0xe3a01033,
0xe5801000,
0xe3a01030,
0xe5801000,
0xe5804000,
0xeafffffe,
0xfa0000a2,
0xe59f01c4,
0xe59f11c4,
0xe3a02000,
0xe4802004,
0xe1500001,
0x3afffffc,
0xe59fd170,
0xfa00080a,
0xe1a0f000,
0xe320f000,
0xe59f016c,
0xe3a01052,
0xe5801000,
0xe3a01053,
0xe5801000,
0xe3a01054,
0xe5801000,
0xe590101c,
0xe201100f,
0xe2811030,
0xe5801000,
0xe590101c,
0xe1a01221,
0xe201100f,
0xe2811030,
0xe5801000,
0xeafffffe,
0xe59f0128,
0xe3a01055,
0xe5801000,
0xe3a01044,
0xe5801000,
0xe3a01046,
0xe5801000,
0xe590101c,
0xe201100f,
0xe2811030,
0xe5801000,
0xe590101c,
0xe1a01221,
0xe201100f,
0xe2811030,
0xe5801000,
0xeaffffed,
0xe59f00e4,
0xe3a01053,
0xe5801000,
0xe3a01057,
0xe5801000,
0xe3a01049,
0xe5801000,
0xe590101c,
0xe201100f,
0xe2811030,
0xe5801000,
0xe590101c,
0xe1a01221,
0xe201100f,
0xe2811030,
0xe5801000,
0xeaffffdc,
0xe59f00a0,
0xe3a01050,
0xe5801000,
0xe3a01041,
0xe5801000,
0xe3a01042,
0xe5801000,
0xe590101c,
0xe201100f,
0xe2811030,
0xe5801000,
0xe590101c,
0xe1a01221,
0xe201100f,
0xe2811030,
0xe5801000,
0xeaffffcb,
0xe59f005c,
0xe3a01041,
0xe5801000,
0xe3a01042,
0xe5801000,
0xe3a01054,
0xe5801000,
0xe590101c,
0xe201100f,
0xe2811030,
0xe5801000,
0xe590101c,
0xe1a01221,
0xe201100f,
0xe2811030,
0xe5801000,
0xeaffffba,
0xeafffffe,
0xeafffffe,
0x00000100,
0x00000010,
0xf0e00000,
0xf0e18000,
0xf0e31ffc,
0xf0e30ffc,
0xf0290000,
0xf0580000,
0x00007fff,
0xf0e00fbc,
0xf0e00fb8,
0xf0e00300,
0x00015de6,
0xf0000de6,
0x00003c38,
0xf0e15de6,
0xfe015de6,
0xf0660000,
0x01005f40,
0x0100c400,
0x01010000,
0x00030102,
0x01050004,
0x01090108,
0x010b010a,
0x010d010c,
0x010f010e,
0x01110110,
0x01130112,
0x01150114,
0x01170116,
0x01190118,
0x011b011a,
0x011d011c,
0x011f011e,
0x01210120,
0x01230122,
0x01250124,
0x01300126,
0x01320131,
0x01340133,
0x01360135,
0x01380137,
0x013a0139,
0x013c013b,
0x013e013d,
0x0140013f,
0x01420141,
0x01490148,
0x014b014a,
0x0150014c,
0x01600151,
0x01620161,
0x01640163,
0x01710170,
0x01800172,
0x01820181,
0x01910190,
0x01930192,
0x01950194,
0x01970196,
0x01990198,
0x019b019a,
0x019d019c,
0x00000000,
0x00000000,
0xb5804b0d,
0x681baf00,
0xd50f0658,
0x490c4b0b,
0xf042681a,
0x601a0210,
0x60114a07,
0x07c96811,
0x681ad4fc,
0x0210f022,
0xbd80601a,
0xff76f001,
0xd1eb2800,
0xbf00bd80,
0xf0050000,
0xf002007c,
0x5a960f00,
0xf0004b13,
0xb580003f,
0xf4402200,
0x332050c0,
0xf843af00,
0x22012c20,
0x0c1cf843,
0x4a0d601a,
0x68104611,
0xd5fc07c0,
0xf042681a,
0x601a0210,
0xd40a06d0,
0x0792680a,
0x4a07d5fc,
0x22006810,
0x680b601a,
0xd4fc07db,
0x681abd80,
0xbf00e7f0,
0xf0660000,
0xf0660030,
0xf0660008,
0xe92d4bbd,
0x4cbd4ff0,
0x681bb089,
0xf8dfaf02,
0x2b0c9348,
0x8344f8df,
0x2001bf08,
0x2000bf18,
0xecd2f001,
0xfcfef001,
0x613b2300,
0x48b4617b,
0x7a237a66,
0x04367b65,
0xeb067b21,
0x7ae36603,
0x441e042d,
0xeb057aa3,
0x7be16501,
0x2603eb06,
0xf647440d,
0x7ba173d0,
0xeb05681b,
0xf8c92501,
0xf0023000,
0xf44ff841,
0xf04f3c80,
0xe88d437e,
0x46291008,
0x46424633,
0x0010f104,
0x9000f8d9,
0x4ba047c8,
0x8010f8c7,
0xf1074604,
0x69da0010,
0x8a9d617a,
0xff1af001,
0x4285b280,
0x83a1f040,
0x429c697b,
0x839df040,
0x4d984897,
0xf81cf002,
0x23284a97,
0x6813602b,
0x3380f443,
0x4b956013,
0x0294699a,
0x838ff140,
0x3303f3c2,
0x4204f3c2,
0x5370f103,
0xf5034c90,
0x009b33e0,
0x23016819,
0xf202fa03,
0x420a4b8d,
0x461cbf18,
0xf00368a3,
0x60fa0220,
0x1940f3c3,
0x681b4b89,
0xd5030118,
0xf44f4a88,
0x60112170,
0xd50300d9,
0xf44f4a85,
0x60110170,
0xd503009a,
0xf04f4a82,
0x60116170,
0xd503005e,
0xf04f4a7f,
0x60114170,
0xda032b00,
0xf44f4a7c,
0x60114170,
0xd5030258,
0xf44f4a7a,
0x60112170,
0xd5030219,
0xf44f4a77,
0x60110170,
0xd50301da,
0xf04f4a74,
0x60116170,
0xd503019e,
0xf04f4a71,
0x60114170,
0xd5030158,
0xf44f4b6e,
0x601a4270,
0xf04f6863,
0x486c0860,
0xf803fb08,
0x4658ea4f,
0xf0234631,
0x4a69f94b,
0x03d96813,
0x4868d5fc,
0xffa8f001,
0xf8df4b67,
0x22aaa1c4,
0x7096f44f,
0xb1bcf8df,
0x224a601a,
0x2207605a,
0xf001609a,
0xf8dafe7f,
0x20323000,
0x0302f043,
0x3000f8ca,
0xfe76f001,
0xf8cb2302,
0x22483000,
0x70faf44f,
0x3000f8da,
0x0301f023,
0x3000f8ca,
0x601a4b56,
0xf8ca2343,
0xf0013000,
0x2303fe63,
0xf8cb4853,
0xf0013000,
0x4a52ff77,
0xf0236813,
0xf0430303,
0x60130301,
0xf023682b,
0x602b0313,
0xf043682b,
0x602b0320,
0xf043682b,
0x602b0314,
0x071b682b,
0x4848d5fc,
0xff5ef001,
0x220c682b,
0x46114846,
0x0308f043,
0x2300602b,
0xf0232500,
0x220cff9d,
0x4611462b,
0x48409500,
0xffa8f023,
0x2301220c,
0x483d4611,
0xff90f023,
0x2301220c,
0x95004611,
0xf0234839,
0x2218ff9b,
0x4611462b,
0xf0234837,
0x2218ff83,
0x46112301,
0xf0234834,
0x2001ff7d,
0xfe16f001,
0x79224b32,
0xf8df4820,
0x601aa0d8,
0x80d4f8df,
0x605a7962,
0x609a79a2,
0x23012203,
0xf0234611,
0x2001ff69,
0xfe02f001,
0x462b2209,
0x48254611,
0xff60f023,
0x462b2209,
0x95004611,
0xf0234821,
0x2001ff6b,
0xfdf2f001,
0x23012209,
0x481d4611,
0xff50f023,
0x23012209,
0x95004611,
0xf0234819,
0x2001ff5b,
0xfde2f001,
0x462b2208,
0xe03b4611,
0xf0e1c000,
0xf0e032a0,
0xf0e02490,
0xf0e00000,
0xf0e02497,
0xf05800b0,
0xf0580000,
0xf0e00070,
0xf0e00300,
0xf0e004dc,
0xf0660034,
0xf0660048,
0xf0660050,
0xf0e024ab,
0xf0580004,
0xf0e024ba,
0xf0024820,
0xf0028014,
0xf0e024c3,
0xf0020010,
0xf0e024ca,
0xf0020090,
0xf0020094,
0xf00244e0,
0xf0e010b8,
0xf0e20000,
0xf0028010,
0xf0028000,
0xf00d0200,
0xf00d0208,
0xf02348c5,
0x2208ff03,
0x4611462b,
0x48c29500,
0xff0ef023,
0xf0012001,
0x2208fd95,
0x46112301,
0xf02348bd,
0x2208fef3,
0x46112301,
0x48ba9500,
0xfefef023,
0xf0012001,
0x4649fd85,
0x0060e88d,
0x46222307,
0xf01e4628,
0x462bfd73,
0x4629462a,
0xf02348b2,
0x462bfedb,
0x4629462a,
0x48af9500,
0xfee6f023,
0x462b221f,
0x48ad4611,
0xfecef023,
0x2301220c,
0x48ab4611,
0xfec8f023,
0x4bab49aa,
0x468b48ab,
0x92f8f8df,
0xf8413168,
0x30e05c68,
0xe2f0f8df,
0x601a6f62,
0xc2ecf8df,
0x605a6fa2,
0x62e0f04f,
0x4aa3609a,
0xf04f611a,
0x615a1201,
0x619d4aa1,
0x60132301,
0x601d4ba0,
0xf84068a6,
0x69a66ce0,
0x6c10f840,
0xf84069e6,
0x6a266c0c,
0x6c08f840,
0xf8406a66,
0x6aa66c04,
0x6ae66006,
0x6b266046,
0x6b666086,
0x6ba660c6,
0x6be66206,
0x6c266246,
0x6c666286,
0x6ca662c6,
0x6ce66306,
0x6d666346,
0x6da663c6,
0x6de66406,
0x6e266446,
0x6e666506,
0x6ea66546,
0xf5006586,
0x607b709a,
0x4e8768fb,
0x3ae860ba,
0x6000f8ca,
0xf0002b00,
0x4e8481a4,
0x6000f8c9,
0x5000f8c8,
0x5000f8ce,
0x751ff641,
0x5000f8cc,
0x3507f04f,
0x600d6005,
0x7107f640,
0xf6436011,
0x4b7b723f,
0xf8df2500,
0x2601822c,
0xf8df4979,
0x601ac228,
0x68e24b78,
0x601a4878,
0x655a6962,
0x641a6922,
0xf8c34a76,
0x4a76224c,
0x60134b76,
0x4b766093,
0xf5a36ee2,
0xf8c373a4,
0x6f222148,
0x214cf8c3,
0x6fe2601d,
0x2208f8c3,
0xf8c32205,
0xf8c3520c,
0xf50352d4,
0x601a73c4,
0x4200f102,
0x52c0f502,
0x2090f8c3,
0x0210f242,
0x2094f8c3,
0xf8c34a67,
0x4a6720b0,
0x20b4f8c3,
0xf8c32210,
0xf44f2240,
0xf8c842c0,
0xf8c35000,
0xf8c32244,
0xf8c32248,
0xf8c362d0,
0x4b5f02d4,
0x495f600b,
0x1000f8cc,
0x3004f8cc,
0x2018f8cc,
0x201cf8cc,
0x7cb0f50c,
0x6cbcf84c,
0x0cb8f84c,
0x3cb4f84c,
0x1cb0f84c,
0x3cacf84c,
0x2c98f84c,
0x2c94f84c,
0x6c0cf84c,
0x0c08f84c,
0x3c04f84c,
0x1000f8cc,
0x3004f8cc,
0x2018f8cc,
0x201cf8cc,
0x60a4f8cc,
0x00a8f8cc,
0x30acf8cc,
0x10b0f8cc,
0x30b4f8cc,
0x20c8f8cc,
0x20ccf8cc,
0x6154f8cc,
0x0158f8cc,
0x315cf8cc,
0x1160f8cc,
0x3164f8cc,
0x7cbcf50c,
0x2000f8cc,
0x2004f8cc,
0x608cf8cc,
0x0090f8cc,
0x3094f8cc,
0x1098f8cc,
0x309cf8cc,
0x20b0f8cc,
0x20b4f8cc,
0x613cf8cc,
0x0140f8cc,
0x3144f8cc,
0x1148f8cc,
0x314cf8cc,
0x2160f8cc,
0x2164f8cc,
0x60164a2f,
0x60936050,
0x60d14816,
0x61134629,
0x462a4633,
0x6000f8c8,
0xfd9cf023,
0x462a4633,
0x48284629,
0xfd96f023,
0x4632462b,
0x48154631,
0xfd90f023,
0x462b2203,
0x48124611,
0xfd8af023,
0x462a462b,
0x480f4629,
0xfd84f023,
0x462a462b,
0x46404629,
0xfd7ef023,
0x462a462b,
0xe03d4629,
0xf0020090,
0xf00d4000,
0xf00200a0,
0xf0020070,
0xf00d01b0,
0xf00d0190,
0xf00d0000,
0x80400003,
0xf00d0304,
0xf00d0030,
0x001f1f19,
0x00080808,
0xf00d0220,
0xf00d0498,
0xf00d0010,
0x02100b03,
0x20000001,
0xf00d0264,
0x10000200,
0xf00d0180,
0x04040208,
0x08400810,
0x02000400,
0x01100b03,
0xf00d0960,
0xf00d0060,
0xf00d0204,
0xf00d020c,
0xf00d0210,
0xf00d0320,
0xf00d049c,
0xf023484c,
0x4633fd39,
0x4629462a,
0xf0234640,
0x4633fd33,
0x4629462a,
0x48479500,
0xfd3ef023,
0x4633221f,
0x48454611,
0xfd26f023,
0xf0014630,
0xf8c8fbbf,
0x462a5000,
0x23204629,
0xf8cb483e,
0x46333000,
0x6000f8c8,
0xf0239500,
0x4630fd27,
0xfbaef001,
0xf44f230a,
0x930061a8,
0x23804628,
0xf023461a,
0x4633fbe7,
0x46294632,
0xf0234628,
0x2340fcaa,
0x61a8f44f,
0x4628461a,
0xfca3f023,
0x462a4633,
0x95004629,
0xf023482d,
0xf8c8fd07,
0x68bb5000,
0x4629462a,
0x601d482a,
0xf8cb462b,
0xf0236000,
0x687bfce9,
0x4629462a,
0x601d4822,
0xf8c84633,
0x95006000,
0xfcf0f023,
0xf44f4b22,
0x601e5280,
0x60134b21,
0x429a6812,
0x4820d024,
0xfe24f022,
0x481f6821,
0xfe20f022,
0x481ee7fe,
0x4c1ee461,
0x4d1ee480,
0x5000f8c9,
0x7580f04f,
0x5000f8c8,
0x3501f04f,
0x5000f8ce,
0x751ff641,
0x5000f8cc,
0x3507f04f,
0x600d6005,
0x7107f240,
0xf6436011,
0xe6567203,
0x220c2307,
0x4811210e,
0xfcaaf023,
0xf0014810,
0x371cfc5d,
0xe8bd46bd,
0xbf008ff0,
0xf00d01b0,
0xf00d0324,
0xf00200a0,
0xf00d01bc,
0xf00d0060,
0xf0010020,
0x55aa55aa,
0xf0e024cc,
0xf0e024df,
0xf0e024a0,
0xf0e00300,
0x003f0909,
0xf002007c,
0xf0e024f0,
0xe59f3020,
0xe92d4800,
0xe28db004,
0xe5932400,
0xe3822602,
0xe5832400,
0xe59321c8,
0xe3822102,
0xe58321c8,
0xe8bd8800,
0xf0380000,
0xe92d4bf0,
0xe3500000,
0xe59f3314,
0xe28db01c,
0xe59f7310,
0x0a00004a,
0xe59330a4,
0xe3130002,
0x0a000001,
0xe59f0300,
0xfa000602,
0xe59fc2fc,
0xe3a02000,
0xe0873082,
0xe5d33001,
0xe3530001,
0x1a000009,
0xe08c12a2,
0xe202e01f,
0xe1a01101,
0xe1e03e13,
0xe5910000,
0xe0000003,
0xe5810000,
0xe5110010,
0xe0033000,
0xe5013010,
0xe2822001,
0xe3520058,
0x1affffee,
0xe59f32a4,
0xe59330a4,
0xe3130002,
0x0a000024,
0xe59f42a4,
0xe59f02a4,
0xfa0005e8,
0xe5940170,
0xfa0005d4,
0xe59f0298,
0xfa0005e4,
0xe5940174,
0xfa0005d0,
0xe59f0288,
0xfa0005e0,
0xe5940178,
0xfa0005cc,
0xe59f0278,
0xfa0005dc,
0xe594017c,
0xfa0005c8,
0xe59f026c,
0xfa0005d8,
0xe59f0268,
0xfa0005d6,
0xe5940180,
0xfa0005c2,
0xe59f0250,
0xfa0005d2,
0xe5940184,
0xfa0005be,
0xe59f0240,
0xfa0005ce,
0xe5940188,
0xfa0005ba,
0xe59f0230,
0xfa0005ca,
0xe594018c,
0xfa0005b6,
0xe59f0224,
0xfa0005c6,
0xe59f4224,
0xe5943020,
0xe3c3381f,
0xe5843020,
0xe59f31f0,
0xe59330a4,
0xe3130002,
0x159f020c,
0x1a000070,
0xe8bd8bf0,
0xe5932000,
0xe59f11f8,
0xe3c22001,
0xe5832000,
0xe5912020,
0xe3c22001,
0xe5812020,
0xe59330a4,
0xe3130002,
0x0a000001,
0xe59f01dc,
0xfa0005b0,
0xe59f81d8,
0xe3a06000,
0xe59f51b0,
0xe1a04006,
0xe59f91cc,
0xe0873084,
0xe5d33001,
0xe3530001,
0x1a000025,
0xe08822a4,
0xe204001f,
0xe1a02102,
0xe1a03013,
0xe5921000,
0xe1811003,
0xe5821000,
0xe5921010,
0xe1833001,
0xe5823010,
0xe5953194,
0xe3833c01,
0xe5853194,
0xe5953194,
0xe3c330ff,
0xe5853194,
0xe5952194,
0xe7d73084,
0xe1833002,
0xe5853194,
0xe5953190,
0xe3130004,
0x1a000008,
0xe2866001,
0xe3560064,
0x9afffff9,
0xe1a00009,
0xfa00058b,
0xe1a00004,
0xfa000577,
0xe59f0144,
0xfa000587,
0xe5953190,
0xe3130008,
0x1a000002,
0xe2866001,
0xe3560064,
0x9afffff9,
0xe2844001,
0xe3540058,
0x1affffd2,
0xe59f30e0,
0xe59330a4,
0xe3130002,
0x0a000024,
0xe59f40e0,
0xe59f0108,
0xfa000577,
0xe5940170,
0xfa000563,
0xe59f00d4,
0xfa000573,
0xe5940174,
0xfa00055f,
0xe59f00c4,
0xfa00056f,
0xe5940178,
0xfa00055b,
0xe59f00b4,
0xfa00056b,
0xe594017c,
0xfa000557,
0xe59f00a8,
0xfa000567,
0xe59f00c4,
0xfa000565,
0xe5940180,
0xfa000551,
0xe59f008c,
0xfa000561,
0xe5940184,
0xfa00054d,
0xe59f007c,
0xfa00055d,
0xe5940188,
0xfa000549,
0xe59f006c,
0xfa000559,
0xe594018c,
0xfa000545,
0xe59f0060,
0xfa000555,
0xe59f4060,
0xe5943020,
0xe383381f,
0xe5843020,
0xe59f302c,
0xe59330a4,
0xe3130002,
0x08bd8bf0,
0xe59f0060,
0xfa00054b,
0xe59f005c,
0xfa000549,
0xe5940020,
0xfa000535,
0xe59f0020,
0xfa000545,
0xe8bd8bf0,
0xf05c0000,
0xf0e01008,
0xf0e02500,
0x3c004460,
0xf0011000,
0xf0e02520,
0xf0e024c1,
0xf0e026b7,
0xf0e0254e,
0xf0010000,
0xf0e0257c,
0xf0e025bf,
0x3c00445c,
0xf0e025e0,
0xf0e025e8,
0xf0e025fb,
0xf0e02621,
0xf0e02647,
0xf0e025b3,
0xe92d4830,
0xe1a05000,
0xe59f4320,
0xe28db00c,
0xe59f031c,
0xfa00052b,
0xe59400a4,
0xfa000517,
0xe59f0310,
0xfa000527,
0xe59430a4,
0xe3130001,
0x059f0304,
0x159f0304,
0xfa000522,
0xe59430a4,
0xe3550000,
0x0a000063,
0xe3130002,
0x0a000001,
0xe59f02ec,
0xfa00051b,
0xe59f32e8,
0xe5932490,
0xe3c22001,
0xe5832490,
0xe5932540,
0xe3c22001,
0xe5832540,
0xe59325f0,
0xe3c22001,
0xe58325f0,
0xe59326a0,
0xe3c22001,
0xe58326a0,
0xe5932750,
0xe3c22001,
0xe5832750,
0xe5932800,
0xe3c22001,
0xe5832800,
0xe59328b0,
0xe3c22001,
0xe58328b0,
0xe5932960,
0xe3c22001,
0xe5832960,
0xe59323fc,
0xe3520000,
0x1afffffc,
0xe5932304,
0xe3822002,
0xe5832304,
0xe5932308,
0xe7e12cd2,
0xe3520003,
0x1afffffb,
0xe59f3244,
0xe59330a4,
0xe3130002,
0x0a000005,
0xe59f0250,
0xfa0004f2,
0xe59f024c,
0xfa0004f0,
0xe59f0248,
0xfa0004ee,
0xe59f3234,
0xe59321c4,
0xe3c22001,
0xe58321c4,
0xe5932030,
0xe3822020,
0xe5832030,
0xe5932004,
0xe2022003,
0xe3520003,
0x1afffffb,
0xe59f41f0,
0xe59430a4,
0xe3130002,
0x0a000001,
0xe59f0208,
0xfa0004dd,
0xe59430a4,
0xe3130001,
0x18bd8830,
0xe59430a4,
0xe3130002,
0x0a000001,
0xe59f01ec,
0xfa0004d5,
0xe59f31e8,
0xe3e02102,
0xe59f41b0,
0xe58320a0,
0xe3e02c13,
0xe5832090,
0xe3e02401,
0xe5832094,
0xe59f21cc,
0xe583209c,
0xe59430a4,
0xe3130002,
0x0a000001,
0xe59f01bc,
0xfa0004c6,
0xe3a03002,
0xe5843008,
0xe59430a4,
0xe3130002,
0x0a000001,
0xe59f01a4,
0xfa0004bf,
0xe59f3190,
0xe59f219c,
0xe58320a8,
0xe8bd8830,
0xe3130001,
0x1a000005,
0xe5845004,
0xe59430a4,
0xe3130002,
0x0a000001,
0xe59f017c,
0xfa0004b3,
0xe59f4130,
0xe59430a4,
0xe3130002,
0x0a000001,
0xe59f0168,
0xfa0004ad,
0xe59f3148,
0xe3e02000,
0xe58320a8,
0xe59430a4,
0xe2133001,
0x1a000005,
0xe5843008,
0xe59430a4,
0xe3130002,
0x0a000001,
0xe59f013c,
0xfa0004a1,
0xe59f3100,
0xe5932030,
0xe3c22020,
0xe5832030,
0xe5932004,
0xe2022003,
0xe3520003,
0x0afffffb,
0xe5932304,
0xe3c22002,
0xe5832304,
0xe59321c4,
0xe3822001,
0xe58321c4,
0xe59f30b0,
0xe59330a4,
0xe3130002,
0x0a000001,
0xe59f00f0,
0xfa00048d,
0xe59f30b0,
0xe5932490,
0xe3822001,
0xe5832490,
0xe5932540,
0xe3822001,
0xe5832540,
0xe59325f0,
0xe3822001,
0xe58325f0,
0xe59326a0,
0xe3822001,
0xe58326a0,
0xe5932750,
0xe3822001,
0xe5832750,
0xe5932800,
0xe3822001,
0xe5832800,
0xe59328b0,
0xe3822001,
0xe58328b0,
0xe5932960,
0xe3822001,
0xe5832960,
0xe283384f,
0xe59330a4,
0xe3130001,
0x1a000007,
0xe59f0078,
0xfa00046e,
0xe59f304c,
0xe3e02000,
0xe58320a0,
0xe5832090,
0xe5832094,
0xe583209c,
0xf57ff05f,
0xf57ff04f,
0xe8bd8830,
0xf05c0000,
0xf0e0267d,
0xf0e026b7,
0xf0e0268e,
0xf0e02699,
0xf0e026a4,
0xf00d0000,
0xf0e026ba,
0xf0e026d0,
0xf0e026f7,
0xf0e0271e,
0xf0e02744,
0xf0020000,
0xfff7ffbf,
0xf0e02753,
0xf0e02763,
0x00010107,
0xf0e02778,
0xf0e0278a,
0xf0e027a1,
0xf0e027b2,
0xf0e027d6,
0xe59f30f4,
0xe5932000,
0xe3120001,
0x112fff1e,
0xe92d4830,
0xe59f40e4,
0xe28db00c,
0xe5942110,
0xe59310cc,
0xe1822001,
0xe5842110,
0xe59330a4,
0xe3130002,
0x0a000005,
0xe59f00c4,
0xfa00043f,
0xe5940110,
0xfa00042b,
0xe59f00b8,
0xfa00043b,
0xe5943140,
0xe3a00032,
0xe59f509c,
0xe3833002,
0xe5843140,
0xe5943140,
0xe3833004,
0xe5843140,
0xe5943130,
0xe3833401,
0xe5843130,
0xe5943130,
0xe3833001,
0xe5843130,
0xe5943140,
0xe3833001,
0xe5843140,
0xe5952000,
0xe59530a4,
0xe203320f,
0xe1833002,
0xe5853000,
0xfa00039c,
0xe59530a4,
0xe3130002,
0x08bd8830,
0xe59f004c,
0xfa00041f,
0xe5940130,
0xfa00040b,
0xe59f0038,
0xfa00041b,
0xe59f0038,
0xfa000419,
0xe5940140,
0xfa000405,
0xe59f0020,
0xfa000415,
0xe59f0024,
0xfa000413,
0xe59f0020,
0xfa000411,
0xe8bd8830,
0xf05c0000,
0xf0580000,
0xf0e027ec,
0xf0e026b7,
0xf0e02809,
0xf0e02826,
0xf0e02846,
0xf0e0285a,
0xe92d4830,
0xe59f421c,
0xe28db00c,
0xe59430b0,
0xe5843010,
0xe59430b4,
0xe5843014,
0xe59430b8,
0xe5843020,
0xe59430bc,
0xe5843024,
0xe59430c0,
0xe5843030,
0xe59430c4,
0xe5843034,
0xe59450a8,
0xe59430a4,
0xe3130002,
0x0a000021,
0xe59f01d8,
0xfa0003f3,
0xe59f01d4,
0xfa0003f1,
0xe1a00005,
0xfa0003dd,
0xe59f01c0,
0xfa0003ed,
0xe59f01b8,
0xfa0003eb,
0xe59f01b8,
0xfa0003e9,
0xe5940020,
0xfa0003d5,
0xe59f01a0,
0xfa0003e5,
0xe59f01a4,
0xfa0003e3,
0xe5940024,
0xfa0003cf,
0xe59f0188,
0xfa0003df,
0xe59f0190,
0xfa0003dd,
0xe5940030,
0xfa0003c9,
0xe59f0170,
0xfa0003d9,
0xe59f017c,
0xfa0003d7,
0xe5940034,
0xfa0003c3,
0xe59f0158,
0xfa0003d3,
0xe59f414c,
0xe3a00064,
0xe5845000,
0xfa000347,
0xe59450ac,
0xe59430a4,
0xe3130002,
0x0a000005,
0xe59f0148,
0xfa0003c9,
0xe1a00005,
0xfa0003b5,
0xe59f0120,
0xfa0003c5,
0xe5845000,
0xf57ff06f,
0xf57ff04f,
0xe59430a4,
0xe3130001,
0x1a000037,
0xe59430a4,
0xe3130002,
0x0a000001,
0xe59f0110,
0xfa0003ba,
0xe59f30e8,
0xe3a02068,
0xe5832004,
0xe3e02afe,
0xe5123ef7,
0xe3833301,
0xe5023ef7,
0xe59f40cc,
0xe59430c8,
0xe3530000,
0x1a00002c,
0xe59f00e0,
0xfa0003ad,
0xf57ff06f,
0xf57ff04f,
0xe3a00f7d,
0xfa000321,
0xe59430a4,
0xe3130002,
0x0a000017,
0xe59f00c0,
0xfa0003a4,
0xe59f00bc,
0xfa0003a2,
0xe59f30b8,
0xe5930040,
0xfa00038d,
0xe59f0080,
0xfa00039d,
0xe59f00a8,
0xfa00039b,
0xe594000c,
0xfa000387,
0xe59f0068,
0xfa000397,
0xe59f0094,
0xfa000395,
0xe3e03afe,
0xe5130ef7,
0xfa000380,
0xe59f004c,
0xfa000390,
0xe59f007c,
0xfa00038e,
0xe3a00f7d,
0xfa000304,
0xe59f2030,
0xe59230a0,
0xe3530000,
0x1afffffc,
0xe8bd8830,
0xe3e02afe,
0xe5123e77,
0xe3833301,
0xe5023e77,
0xeaffffce,
0xe59f3038,
0xe59420c8,
0xe5832040,
0xeaffffd0,
0xf05c0000,
0xf0e026b7,
0xf0e02870,
0xf0e0287c,
0xf0e02884,
0xf0e0288c,
0xf0e02894,
0xf0e0289c,
0xf0e028a8,
0xf0e028bb,
0xf0e028ec,
0xf0e028ca,
0xf05f0000,
0xf0e028d4,
0xf0e028de,
0xf0e028e8,
0xe92d4800,
0xe28db004,
0xe8bd8800,
0xe92d4800,
0xe28db004,
0xe8bd8800,
0x414d5a4c,
0x0d000a0d,
0x5a4e550a,
0x00214b4f,
0x4e550a0d,
0x6961465a,
0x6400216c,
0x735f7264,
0x64656570,
0x0d642520,
0x5043000a,
0x30343155,
0x44002030,
0x0d454e4f,
0x003e000a,
0x4d415244,
0x63636120,
0x20737365,
0x6c696166,
0x69000a0d,
0x7620696e,
0x30207265,
0x38302578,
0x000a0d78,
0x20726464,
0x74696e69,
0x6e6f6420,
0x000a0d65,
0x533e3d09,
0x6d2d6275,
0x41207564,
0x63204958,
0x6e6e6168,
0x65206c65,
0x6c62616e,
0x000a0d65,
0x30467830,
0x31313130,
0x30203037,
0x30304678,
0x37313131,
0x78302034,
0x31303046,
0x38373131,
0x46783020,
0x31313030,
0x0d433731,
0x7830000a,
0x31303046,
0x30383131,
0x46783020,
0x31313030,
0x20343831,
0x30467830,
0x31313130,
0x30203838,
0x30304678,
0x38313131,
0x000a0d43,
0x533e3d09,
0x6d2d6275,
0x41207564,
0x53204958,
0x6576616c,
0x726f7020,
0x6e652074,
0x656c6261,
0x73696428,
0x656c6261,
0x72702064,
0x6365746f,
0x29646574,
0x30000a0d,
0x30304678,
0x32303031,
0x09003d30,
0x75533e3d,
0x646d2d62,
0x58412075,
0x68632049,
0x656e6e61,
0x6964206c,
0x6c626173,
0x000a0d65,
0x5f697861,
0x005b6863,
0x6c6f705d,
0x676e696c,
0x6d697420,
0x74756f65,
0x46000a0d,
0x31313030,
0x20303731,
0x31303046,
0x34373131,
0x30304620,
0x37313131,
0x30462038,
0x31313130,
0x0a0d4337,
0x30304600,
0x38313131,
0x30462030,
0x31313130,
0x46203438,
0x31313030,
0x20383831,
0x31303046,
0x43383131,
0x09000a0d,
0x75533e3d,
0x646d2d62,
0x58412075,
0x6c532049,
0x20657661,
0x74726f70,
0x73696420,
0x656c6261,
0x616e6528,
0x20656c62,
0x746f7270,
0x65746365,
0x0a0d2964,
0x61635b00,
0x72206573,
0x73696765,
0x5d726574,
0x635b003d,
0x20657361,
0x0a0d5d31,
0x61635b00,
0x32206573,
0x000a0d5d,
0x443e3d09,
0x62617369,
0x4120656c,
0x4d284958,
0x0d295541,
0x3d09000a,
0x6c6f503e,
0x676e696c,
0x49584120,
0x6c646920,
0x000a0d65,
0x3e3d0909,
0x20202020,
0x64202020,
0x775f6762,
0x5f715f72,
0x74706d65,
0x203d2079,
0x6d652831,
0x29797470,
0x09000a0d,
0x643e3d09,
0x725f6762,
0x5f715f64,
0x74706d65,
0x41524479,
0x4c435f4d,
0x31203d20,
0x706d6528,
0x0d297974,
0x3d09000a,
0x7369443e,
0x656c6261,
0x49464420,
0x65202620,
0x7265746e,
0x6c657320,
0x65722066,
0x73657266,
0x000a0d68,
0x523e3d09,
0x74657365,
0x55414d20,
0x09000a0d,
0x6e453e3d,
0x656c6261,
0x6f736920,
0x09000a0d,
0x65523e3d,
0x20746573,
0x74726150,
0x6f697469,
0x000a0d6e,
0x453e3d09,
0x6c62616e,
0x6f502065,
0x0d726577,
0x3d09000a,
0x6c65523e,
0x65736165,
0x72615020,
0x69746974,
0x0a0d6e6f,
0x3e3d0900,
0x61736944,
0x20656c62,
0x0d6f7369,
0x3d09000a,
0x6978453e,
0x65732074,
0x7220666c,
0x65726665,
0x26206873,
0x616e6520,
0x20656c62,
0x0d494644,
0x3d09000a,
0x6c65523e,
0x65736165,
0x49584120,
0x55414d28,
0x000a0d29,
0x69522020,
0x534f676e,
0x6c632043,
0x206b636f,
0x6c727463,
0x31783028,
0x3d293031,
0x6e695200,
0x43534f67,
0x73797320,
0x206d6574,
0x636f6c63,
0x7830286b,
0x29303331,
0x6952003d,
0x534f676e,
0x6f6d2043,
0x656c7564,
0x6f6c6320,
0x65206b63,
0x7830286e,
0x29303431,
0x2d09003d,
0x7465533e,
0x72207075,
0x20676e69,
0x0d63736f,
0x2d09000a,
0x7465533e,
0x20207075,
0x20434d50,
0x636f6c63,
0x000a0d6b,
0x434d505b,
0x67666320,
0x003d5d30,
0x3278305b,
0x003d5d30,
0x3278305b,
0x003d5d34,
0x3378305b,
0x003d5d30,
0x3378305b,
0x003d5d34,
0x434d505b,
0x67666320,
0x003d5d31,
0x443e3d09,
0x62617369,
0x7020656c,
0x7265776f,
0x30000a0d,
0x35304678,
0x34303046,
0x0d303d30,
0x7520000a,
0x69206273,
0x003d746e,
0x20434d50,
0x63307830,
0x5f47003d,
0x5f746e49,
0x003d6e65,
0x3d3d3d3d,
0x3d3d3d3d,
0x3d3d3d3d,
0x3d3d3d3d,
0x3d3d3d3d,
0x3d3d3d3d,
0x0d3d3d3d,
0x0000000a,
0xf0e029f1,
0xf0e02921,
0xf0e02975,
0xf0e02a59,
0xf0e02959,
0xf0e0293d,
0x4a04b580,
0x6813af00,
0xd5fc069b,
0x60184b02,
0xbf00bd80,
0xf0290014,
0xf0290000,
0x4a04b580,
0x6813af00,
0xd5fc07db,
0x68184b02,
0xbd80b2c0,
0xf0300014,
0xf0300000,
0x4a04b580,
0x6813af00,
0xd5fc069b,
0x60184b02,
0xbf00bd80,
0xf0300014,
0xf0300000,
0x4a04b580,
0x6813af00,
0xd5fc07db,
0x68184b02,
0xbd80b2c0,
0xf0290014,
0xf0290000,
0x211a4a14,
0xaf00b580,
0xf0436813,
0x60130301,
0x3280f502,
0x68133244,
0x1380f443,
0xf8526013,
0xf4233c04,
0xf8426380,
0x4b0b3c04,
0xf042781a,
0x701a0280,
0x70114a09,
0x71112100,
0xf002781a,
0x701a027f,
0xf042781a,
0x701a0203,
0xf8032207,
0xbd802c04,
0xf0010034,
0xf029000c,
0xf0290000,
0xaf00b580,
0xffccf7ff,
0x0000bd80,
0x211a4a13,
0xaf00b580,
0xf0436813,
0x60130310,
0xf0236f53,
0x67534340,
0x3280f502,
0x68133244,
0x1300f443,
0x4b0b6013,
0xf042781a,
0x701a0280,
0x70114a09,
0x71112100,
0xf002781a,
0x701a027f,
0xf042781a,
0x701a0203,
0xf8032207,
0xbd802c04,
0xf0010034,
0xf030000c,
0xf0300000,
0xaf00b580,
0xffcef7ff,
0x0000bd80,
0x22004b08,
0xaf00b580,
0x615a6959,
0x4906545a,
0x07d2780a,
0x4a05d5fc,
0xb2d27812,
0x69597002,
0xbd80545a,
0x01007d34,
0xf0290014,
0xf0290000,
0xb5804b05,
0x781baf00,
0x0301f013,
0x4b03d001,
0x7003781b,
0xbf00bd80,
0xf0290014,
0xf0290000,
0x22004b13,
0x4d13b5f0,
0xaf004e13,
0x615a6959,
0x695a545a,
0xd9002a13,
0x7829bdf0,
0xd5f907c9,
0x46047831,
0xf804b2c9,
0x29081b01,
0x5499695a,
0xb10ad104,
0x615a3a01,
0xe7ea4620,
0xd102290a,
0x70432300,
0x290dbdf0,
0x3201d0fa,
0xbf00e7f3,
0x01007d34,
0xf0290014,
0xf0290000,
0x4604b5b0,
0xaf001845,
0xd10042ac,
0x4620bdb0,
0xf7ff3401,
0xe7f7ff9f,
0xe92d4800,
0xe3500000,
0xe28db004,
0x0a000003,
0xe3500001,
0xe59f000c,
0x13a00000,
0xe8bd8800,
0xe59f0004,
0xe8bd8800,
0xf0e02914,
0xf0e02908,
0x00000000,
0xb5b04b07,
0xb933af00,
0x682a4d06,
0x1e44b11a,
0x0f01f814,
0xbdb0b900,
0x685b682b,
0xe7f74798,
0x00000000,
0xf0e02b58,
0xb5804b03,
0x6018af00,
0x6803b108,
0xbd804798,
0xf0e02b58,
0x4604b598,
0xaf004803,
0xffdcf7ff,
0xf7ff4620,
0xbd98ffd9,
0x01005ba5,
0x4605b5b0,
0xaf004809,
0xf7ff460c,
0x4628ffcf,
0xffccf7ff,
0xf7ff4806,
0x4620ffc9,
0xe954f000,
0xffc4f7ff,
0xf7ff4803,
0xbdb0ffc1,
0x01005ba5,
0x01005ba1,
0x01004ea4,
0x4ff8e92d,
0xf8df4606,
0xf8dfa05c,
0xaf00b05c,
0x46044688,
0x0308eb06,
0xd301429c,
0x8ff8e8bd,
0x1f25480e,
0xffa6f7ff,
0x090cf104,
0xf0004620,
0xf7ffe930,
0x4650ff9f,
0xff9cf7ff,
0x0f04f855,
0xe926f000,
0xff96f7ff,
0xf7ff4658,
0x454dff93,
0x4803d1f4,
0xf7ff3410,
0xe7dbff8d,
0x01005ba2,
0x01004ea4,
0x01005ba8,
0x01005bab,
0xe3530000,
0x03520000,
0x1a000004,
0xe3510000,
0x03500000,
0x13e01000,
0x13e00000,
0xea000062,
0xe24dd008,
0xe92d6000,
0xeb000014,
0xe59de004,
0xe28dd008,
0xe8bd000c,
0xe12fff1e,
0xe59f3030,
0xe59f2030,
0xe00330a0,
0xe0400003,
0xe0003002,
0xe0020120,
0xe0833000,
0xe59f001c,
0xe0833223,
0xe0000003,
0xe0800400,
0xe0800800,
0xe1a00c20,
0xe12fff1e,
0x55555555,
0x33333333,
0x0f0f0f0f,
0xe1510003,
0xe92d4ff8,
0x01500002,
0xe1a04000,
0xe1a05001,
0xe59da028,
0x33a00000,
0x33a01000,
0x3a00003d,
0xe1a00002,
0xe1a01003,
0xe1a08002,
0xe1a09003,
0xeb00003d,
0xe1a01005,
0xe1a0b000,
0xe1a00004,
0xeb000039,
0xe04bb000,
0xe24b2020,
0xe1a07b19,
0xe1877218,
0xe26bc020,
0xe1877c38,
0xe1550007,
0xe1a06b18,
0x01540006,
0x33a00000,
0x33a01000,
0x3a000005,
0xe3a0e001,
0xe0544006,
0xe1a0121e,
0xe1811c3e,
0xe0c55007,
0xe1a00b1e,
0xe35b0000,
0x0a000020,
0xe1b070a7,
0xe1a06066,
0xe1a0e00b,
0xea000007,
0xe0544006,
0xe0c55007,
0xe0944004,
0xe0a55005,
0xe2944001,
0xe2a55000,
0xe25ee001,
0x0a000006,
0xe1550007,
0x01540006,
0x2afffff4,
0xe0944004,
0xe0a55005,
0xe25ee001,
0x1afffff8,
0xe1a0eb34,
0xe18eec15,
0xe18ee235,
0xe0906004,
0xe1a0400e,
0xe0a17005,
0xe1a01b35,
0xe1a05001,
0xe1a01b11,
0xe181121e,
0xe1a00b1e,
0xe1811c3e,
0xe0560000,
0xe0c71001,
0xe35a0000,
0x188a0030,
0xe8bd4ff8,
0xe12fff1e,
0xe12fff1e,
0xe92d4010,
0xe3510000,
0x1a000002,
0xeb000005,
0xe2800020,
0xea000001,
0xe1a00001,
0xeb000001,
0xe8bd4010,
0xe12fff1e,
0xe3a0101c,
0xe3500801,
0x21a00820,
0x22411010,
0xe3500c01,
0x21a00420,
0x22411008,
0xe3500010,
0x21a00220,
0x22411004,
0xe28f2008,
0xe7d20000,
0xe0800001,
0xe12fff1e,
0x02020304,
0x01010101,
0x00000000,
0x00000000,
0x00000000,
0xe51ff004,
0x010027a1,
0xb5b04b2e,
0xb084492e,
0xaf0069da,
0x1a52482d,
0x4170f101,
0x0162f501,
0xfa14f025,
0xf926f000,
0xf996f000,
0xf0004828,
0xf000f9cf,
0xf107e9ee,
0x4604020c,
0x0108f107,
0xf0001d38,
0x68bbe9ea,
0x429a687a,
0x4821d032,
0xf9b4f000,
0xf00068b8,
0x481ff98d,
0xf9aef000,
0xf000481e,
0x6878f9ab,
0xf984f000,
0xf000481a,
0x481bf9a5,
0xf9a2f000,
0x3100f44f,
0xf0002000,
0xf000e9c4,
0xee11f8f7,
0xf0200f10,
0xf4200005,
0xee015080,
0xf3bf0f10,
0xf3bf8f4f,
0x48118f6f,
0xf98cf000,
0x687a68b9,
0x1a50460b,
0x1a5a68fd,
0xd8034295,
0x37104620,
0xbdb046bd,
0xf84358c2,
0xe7f32b04,
0xf0e00000,
0x00008414,
0x01000000,
0x01005bae,
0x01005bb7,
0x01004ea4,
0x01005bcc,
0x01005bdf,
0x01005c23,
0xb5904913,
0x680baf00,
0xf0130c1b,
0xd11d0001,
0x0207f003,
0xd11a2a02,
0x69a24c0e,
0x0001f012,
0xf013d015,
0xd0120008,
0xf4424b0b,
0x68187280,
0x0020f040,
0x68086018,
0x2000f420,
0x20016008,
0xf0416819,
0x60190104,
0xbd9061a2,
0xbd902000,
0xf0a50004,
0xf0e00070,
0xf0a50010,
0xb5804b05,
0x699baf00,
0xd50305da,
0x68134a03,
0xd4fc075b,
0xbf00bd80,
0xf0e00070,
0xf0a50010,
0xb5804b0b,
0x681baf00,
0xf0130c1b,
0xd10c0001,
0x0307f003,
0xd1092b02,
0x20014b06,
0xf240699a,
0x43931301,
0x2000bf18,
0x2000bd80,
0xbf00bd80,
0xf0a50004,
0xf0e00070,
0xb5804b04,
0x6819af00,
0x1a52681a,
0xd3fb4282,
0xbf00bd80,
0xf0040108,
0x6842b590,
0x6804af00,
0x46032000,
0x42930852,
0xb280d101,
0xf834bd90,
0x44191013,
0x44083301,
0xe92de7f5,
0xaf0047f0,
0xd0462a00,
0xe000f890,
0x23012600,
0x1c5c5cc5,
0xd13a45ae,
0xeb005d05,
0xb9450904,
0xe006f801,
0x36013302,
0xd3f14293,
0xe8bd4630,
0x464d87f0,
0x0c00f04f,
0x8b01f815,
0x037ff008,
0x0f80f018,
0x1cccea43,
0x0309eba5,
0x4423d1f4,
0xeb002400,
0x464d0903,
0x8b01f815,
0x0a7ff008,
0x0f80f018,
0x14c4ea4a,
0x0a09eba5,
0xeb01d1f4,
0x44530806,
0x42644645,
0x0908eba5,
0xd80145cc,
0xe7d14466,
0x9004f815,
0x9b01f805,
0x558de7f4,
0x36014623,
0x4610e7c8,
0x87f0e8bd,
0x2300b580,
0xee07af00,
0xee073f15,
0xf3bf3fd5,
0xf3bf8f4f,
0xbd808f6f,
0xaf00b5f0,
0x2802b198,
0x4b11d110,
0x4b11681e,
0xc000f8d3,
0xf1c32304,
0x22010320,
0xf303fa02,
0x42b22200,
0xb109db08,
0x8f4ff3bf,
0xf04fbdf0,
0x23020c80,
0xe7ee2604,
0x24004605,
0xdb024564,
0x44183201,
0x3540e7ed,
0x5f56ee07,
0xe7f53401,
0xf0e00fbc,
0xf0e00fb8,
0x2100b580,
0xaf004608,
0xffcef7ff,
0x20022100,
0xffcaf7ff,
0x8f4ff3bf,
0xb5f0bd80,
0xb198af00,
0xd1102802,
0x681e4b11,
0xf8d34b11,
0x2304c000,
0x0320f1c3,
0xfa022201,
0x2200f303,
0xdb0842b2,
0xf3bfb109,
0xbdf08f4f,
0x0c80f04f,
0x26042302,
0x4605e7ee,
0x45642400,
0x3201db02,
0xe7ed4418,
0xee073540,
0x34015f5e,
0xbf00e7f5,
0xf0e00fbc,
0xf0e00fb8,
0x2100b580,
0xaf004608,
0xffcdf7ff,
0x20022100,
0xffc9f7ff,
0x8f4ff3bf,
0xbf00bd80,
0x4606b5f8,
0xaf00241c,
0x4570f04f,
0x0005ea06,
0x40e0092d,
0x28093c04,
0x3037bf88,
0x3030bf98,
0xf000b2c0,
0x1d23f803,
0xbdf8d1f0,
0x4a04b580,
0x7813af00,
0xd5fc069b,
0x70184b02,
0xbf00bd80,
0xf0290014,
0xf0290000,
0x1e41b580,
0xf811af00,
0xb9000f01,
0xf7ffbd80,
0xe7f8ffe9,
0xaf00b580,
0xfc86f7ff,
0xb598bd80,
0xaf00460c,
0xfc80f7ff,
0xf7ff4805,
0x4620fc7d,
0xe818f000,
0xfc78f7ff,
0xf7ff4802,
0xbd98fc75,
0x01005ba1,
0x01004ea4,
0x00000000,
0xe51ff004,
0x01002dd5,
0xe51ff004,
0x010013c1,
0xe51ff004,
0x010013a1,
0xe51ff004,
0x010027a1,
0x314c4342,
0x0b000000,
0xe4150100,
0x7f6d0000,
0x0100005d,
0x00e34400,
0x00000000,
0xba160000,
0x88c8045a,
0xa25c6b93,
0x0a59a4ec,
0xd7b751a0,
0x69ccfca9,
0xf0b179f4,
0x12b38ea4,
0x917083a3,
0xc9f111b7,
0xe17fe170,
0x703d9e17,
0x716250ec,
0x91d13def,
0x59747b0b,
0x11f3b0dc,
0xd697e480,
0xd2b20be2,
0xfeccd780,
0x7d6520a1,
0x7bc342cf,
0xf27f1215,
0x7a4ba8f9,
0x5939f3f2,
0x0745d520,
0x60291266,
0xc510cef0,
0xae1766f2,
0x1848eb26,
0xc9b3a9e5,
0x00e9d7de,
0x37fdc58c,
0xb2299139,
0xe9764850,
0x8ac50f29,
0x73f9c657,
0x45b1534e,
0x50e97dc3,
0x7d073548,
0xe5c8e65b,
0xd164a76e,
0x441f972b,
0x31920542,
0x22f3669b,
0x2cb19203,
0x5db1fb79,
0x724abc1c,
0xe646ec25,
0x14ae5885,
0xb593ddef,
0xfc1e6e26,
0x72555ad1,
0xd9969f3d,
0x51836839,
0xbc7765b1,
0xfd9c1b1b,
0x29e025bc,
0xd31e2ce1,
0x573b3dac,
0x02b3683e,
0xdcd41173,
0x68ac4098,
0xdaea4f05,
0xad3b3a75,
0x91794486,
0x25f7bbea,
0x365ac891,
0xa4b081ee,
0x6154da95,
0x27eff9e7,
0xb5cc6495,
0x6040130f,
0xa4ebd6a6,
0xcd47e67d,
0xb13fad42,
0x72d1a664,
0x32b5b85a,
0x682f9c3c,
0xdcec219b,
0x3156588a,
0xbf7229de,
0x8e0a7b16,
0x9de74481,
0x11214b49,
0x75d5f609,
0x48eae8df,
0xb9763670,
0x19804326,
0x329a15cc,
0xa075ed6b,
0xd61a8586,
0x9b045ddf,
0x1da9e821,
0x9a67fff7,
0xdb76747d,
0x3168b4a7,
0x7f96ceee,
0x50012786,
0xc41cb2bf,
0xc37da98b,
0xef93dbf2,
0x01011d55,
0x5e3b1241,
0x82017c43,
0x09957f80,
0x98f7f6fa,
0x28cd80ef,
0x57af61e8,
0x898137f0,
0x71835b8f,
0xed7ad800,
0x78dab604,
0xa9d76a8a,
0x58bd3af9,
0xef0565a8,
0x9403f8e5,
0x59f1b548,
0x98bdc5bd,
0x6110fa57,
0xec643ce4,
0xc72f0f97,
0x859df95e,
0xbc29c990,
0xf8d0b393,
0x13fc3ef7,
0xf9db75db,
0x7e0353ca,
0x382d2980,
0xf1cdc772,
0xe8077465,
0x846e4ec4,
0x648fed59,
0x37409eeb,
0x039f402a,
0x34595f5d,
0x898c0f0a,
0x868967e7,
0x994016c7,
0x24adc805,
0xeb30e728,
0x70a3b667,
0xa5632b9f,
0xbdf916bf,
0x3e92cd02,
0xfc3112f4,
0x9bee2c70,
0x5417666e,
0xcdfcd390,
0x258b77b8,
0xa57e926d,
0xe57a95d8,
0x01414231,
0xf68d6439,
0xa8a1c16b,
0x034a90b7,
0x2b5d793a,
0xf2f63a5a,
0x2530241b,
0x42dae5a0,
0x5297540b,
0x00a68272,
0x67c5b3cc,
0xdc7246c6,
0x969685de,
0x6962b5e7,
0xe20be027,
0x40d566b0,
0x3a25767c,
0xc8c432f1,
0xb96f8e2d,
0x03be2f3f,
0x6323f39a,
0xe0d9a4c7,
0x4a50a5ba,
0x626ac7fd,
0xaee6238d,
0x63c5266f,
0x3c3540ca,
0x7c668322,
0x1933365f,
0x9565927d,
0x86fdeef5,
0xc2f49bc2,
0x8e0a084f,
0xda8d45a7,
0xe8a4a97a,
0xb926640e,
0x12f9d538,
0x5e27c09e,
0x8e029a1f,
0xd1b98746,
0x3f22aeee,
0x0424ae7b,
0x5d5d4674,
0x2dde1335,
0x5cb9808f,
0x53475d1d,
0x0c490895,
0x98d651ed,
0xfaed2504,
0x6dc6ca08,
0x0d2a6827,
0xa454e8c3,
0xfcd9d926,
0x65ea3b6b,
0xfc3ef748,
0x433b0ad6,
0xa01666f2,
0x394bfc5d,
0x9de6cb16,
0x1830fec7,
0x16328c64,
0x98ffc672,
0x0f7b82ce,
0x2ff7ef39,
0x07c2bfcf,
0x5e81c6f3,
0x50771c1f,
0xbce0257c,
0xf5c8a6e4,
0xbb6ae0d0,
0xedffb603,
0xd38556c2,
0x4b40ad29,
0x79793b4a,
0x0baa7bb1,
0x69f77908,
0x729d3cb4,
0x43f07e9b,
0x50b6177a,
0x62ae6440,
0xcf9f612e,
0xe2d3f453,
0x4fb08770,
0x5ae60f3f,
0x100aec62,
0x7e406be3,
0x915da7d2,
0xa1f55083,
0xf0a3689b,
0x069e7ef8,
0x55913af9,
0xce836875,
0x54e7c62e,
0x53e6cf3f,
0xfaed2069,
0xf71221e7,
0x6ca9e0dc,
0x44d463ee,
0x0bd9909f,
0xf03ee7b8,
0xdac57d21,
0xa119dce2,
0xa5c2b0a1,
0x9f65a493,
0x023db775,
0xc2ff90b1,
0xd1e3d72a,
0x8f573273,
0xa6700ca5,
0x230815fd,
0x57718a8c,
0x4f537d46,
0x59e92568,
0x2d514686,
0xeca9dfa9,
0xaf3a28ea,
0xdb492e5f,
0xaf741ac3,
0x8a3b0d6a,
0xd260c854,
0xac87bf09,
0x5b9c167c,
0xcf9ef207,
0xd31c2c11,
0x248599f4,
0xaad69343,
0xf6c79c73,
0x7a38bf5b,
0x6c74b54c,
0x07c2fcac,
0xafdc5de2,
0xa4d8c888,
0xfb4c5ec5,
0x9e08f118,
0xa4dc474b,
0x3ceb1a11,
0x8406737f,
0xa105bf50,
0x0f109237,
0x3b0a7bcf,
0xadc1764a,
0x02ddbbca,
0x08c103e3,
0x2ae35f6d,
0x1799bdf5,
0x2c350561,
0xf50bffb0,
0xe75f56e1,
0xacb309d5,
0x19a6475f,
0x32451391,
0xa6b78bc9,
0x6f187fd1,
0x73ca280d,
0xd30ffe03,
0x0ce5b9e7,
0x0decd867,
0xaff46e2b,
0xc2fd3b57,
0x055e9837,
0x92d38bfa,
0xc388a544,
0x6e6fdd7e,
0x7f653003,
0x4a64f452,
0xea2e8609,
0x690e2cdb,
0x69de8f71,
0xf1ee9863,
0x87fc4858,
0x9841c0c4,
0xbaccb429,
0xbead05a7,
0x7d93d717,
0xb2227fb2,
0xa33a7e14,
0x7dd1f783,
0xe497f7e8,
0x7085f4ba,
0xe3995477,
0xde7d5b03,
0x84f6bf10,
0x51ea98d5,
0x0d76aaf7,
0xc3d4777f,
0xc6e3bd49,
0x5551a92e,
0xbf0aa35f,
0x9a608c87,
0xd0bfd323,
0xbb3877d8,
0xd24a6623,
0x676f12d7,
0x3dd35be6,
0x60ee310e,
0x12313087,
0x04a3ac24,
0x20e622ad,
0xc274195b,
0xc9d73951,
0x35cb8acb,
0x35a1fde8,
0xbe08d335,
0xd1139eaf,
0x7e9d4c29,
0xc14e96ee,
0xacbc6fc7,
0x2d2bdd19,
0x90343487,
0xf41242a1,
0xdaf61fc2,
0xe81ece9e,
0x669f474d,
0x788a7673,
0xcdc5e53a,
0x39f69a26,
0xf11e99fb,
0x6444f176,
0x7a3a7b6c,
0xec2255e9,
0x36bad93d,
0xa57672be,
0xdca3e0fe,
0x3eb65e89,
0x6ced1c0a,
0xeb7e99c7,
0x2cc0faac,
0x2b9b34fd,
0x17c8e1a5,
0x5f6a2177,
0x0b93230d,
0xfc77dd6a,
0x27f0ac1b,
0x1ec515be,
0x60189185,
0x05a10483,
0xfe58db97,
0xbb79ae40,
0x0cdb26b7,
0xee8fe6b5,
0x8e22120c,
0xfa96b53d,
0x3113e784,
0xd11821c3,
0x2cda38e5,
0xb1c79a16,
0x45e9642a,
0xafe64176,
0xf1ca86c8,
0x811df51b,
0x9f807a1b,
0xd9ab4c6b,
0xb06df879,
0x16a8fe18,
0x4a6e39cf,
0x8b8dbbb6,
0xc97e63f6,
0xa5f7a742,
0x3cf1cc74,
0x045df4b7,
0x8b278751,
0x727eba8b,
0x9444ab80,
0xdf430ae2,
0x7ce756a2,
0x0ddd3433,
0x91b8b65e,
0x3bd49820,
0x63574889,
0x6e8b22c2,
0xaa6e597d,
0x3c02c09f,
0xbcca1a25,
0xd9a0c18a,
0x8955741e,
0x3af8c484,
0xca98c89f,
0x7e06e8ca,
0xb15eb290,
0xc9a5bccd,
0xa454f810,
0xac85bd89,
0xd7de80bf,
0x7828b50a,
0x38e3eb02,
0x012b95ab,
0x8cf29916,
0x38e443cc,
0xb917991d,
0x323745b7,
0xf7af50bc,
0xb75f1841,
0xa7ca0158,
0x71460883,
0x2982adfa,
0xe67d0f19,
0x0978aed8,
0xb267432c,
0x2cf25667,
0x5695de90,
0xdc082e93,
0xbfc4c4ba,
0xb0e450b2,
0x5b30796a,
0x4eda5e28,
0xdb1afdd5,
0x9dc210a9,
0x9dbdda51,
0xb9ece789,
0xe01d74eb,
0x113c2eea,
0x44f585bc,
0xd3b0d39a,
0xe8354172,
0x90f87c3b,
0xc37175e1,
0x732be84d,
0xbbbfdaf4,
0x52b7e283,
0x71bf9934,
0x67ddffab,
0x1dca9b4f,
0xf5f04032,
0x5a534401,
0x1a379fa8,
0xbf01f8cc,
0x002bd269,
0x970deae5,
0xc1d75465,
0xdf7d663d,
0xbfdfd4e5,
0xf0cbd85d,
0xbaea5090,
0xa5d82c32,
0x3e75d273,
0x0f40283d,
0x9e20b02e,
0x7495d929,
0x9b474d31,
0xadd88b66,
0xe6a7af8b,
0x0673727e,
0xd2fbfbda,
0x8fd09c40,
0x60297562,
0x9860cadd,
0xd78aa207,
0x5bfe6113,
0x728af24b,
0x1cb523a5,
0x5c29d023,
0xf420b4f7,
0x38e01ce0,
0x8a2e4b09,
0xc7faccae,
0x05eea352,
0x3ed0cccc,
0xb800c588,
0x5cda0b33,
0x2af929b5,
0xdd76d8df,
0x60cdd75a,
0x47a72c7f,
0xeceded32,
0xcb7a166e,
0x2a0308f6,
0xaf0e65bf,
0xc5b04c95,
0xc66dc349,
0x0830ed45,
0xc8991839,
0xff6fbea2,
0x933824db,
0xab98e9d9,
0xef59561e,
0xf75639f5,
0x14aefafd,
0x6c708b0a,
0x084ff843,
0xf48fc0cc,
0x3474120f,
0x4078d553,
0xba11c75d,
0x1289b292,
0x13e4ab62,
0x6eef5beb,
0xf34d62e8,
0x3e2aadbf,
0x3f6a7f71,
0xc4a3bb36,
0xb678d286,
0x66a0b4c8,
0xa013e0d5,
0x45883050,
0x2dee294b,
0xb6dd6906,
0xcfdd3186,
0x1abdada5,
0x152fc822,
0xd48a36f8,
0x6e53631a,
0x15ee43de,
0xc0a2341e,
0xffa3f9e3,
0x06b8b873,
0x3a6c8a7f,
0x478cb04e,
0x7130b52c,
0x3d4adaf0,
0x1a2d3d5a,
0x94d17a74,
0x8441c4e4,
0x0fe2d989,
0xacb3dc57,
0x2c222f3e,
0xf3b2d8f2,
0x7f75a3da,
0x1e8bf008,
0xbe80abc7,
0xfde598f5,
0xc2c027a5,
0xbdd206b3,
0x5e437a18,
0x8bb2eee1,
0x360451e7,
0x97ab8ce2,
0x375da291,
0x379d138e,
0x68230552,
0xa6a6d7cf,
0x66ce0447,
0x88aedee4,
0xf78b698e,
0xd40c83ae,
0xa83fde32,
0x4cb04138,
0x635d7ff5,
0x8a2ac93b,
0x5f5328e0,
0x7f9cf9b6,
0xd9eeda36,
0x46241690,
0x2398fcce,
0x563d52f0,
0xd46f6982,
0x688f91b7,
0xe6580a44,
0x8a3830b8,
0x2f3ba064,
0x4d7b813a,
0x413bdfc0,
0xb9e870ca,
0x62bbbd83,
0x3673ce08,
0xdc5711e2,
0x72cc47a8,
0xb074dbda,
0x10a12998,
0xbe31d910,
0x649672c1,
0x7d7b3574,
0xa8189cf2,
0x48bfbab5,
0x7bc68729,
0xb31b952c,
0x6053d833,
0x66e6fb03,
0xef33d749,
0x59be65c8,
0xed791ed7,
0xe236a96f,
0x2d5a6c47,
0x7acc91b2,
0x00447ae6,
0xff634814,
0xb0832dc3,
0xda852a2b,
0x443da56c,
0xb2f389df,
0xd0668eb5,
0xdb48ab4a,
0x4b3c0fbb,
0xddf5bf54,
0x79264db2,
0x8ae16b28,
0x82d4a374,
0xb17b1284,
0x7c4179a2,
0x727c27b1,
0x6104c996,
0x28574051,
0xb0cdc8c1,
0x166cabb7,
0xf743a596,
0x120b4760,
0xce684305,
0x4864d921,
0x5c6a5865,
0x85f5b256,
0x5fe0a9d7,
0xd84a9699,
0xb7a28b6e,
0xcb1bd304,
0x5e8e9b17,
0x5ea58d7b,
0x41653127,
0xc199e25c,
0x3962ee52,
0x7ea51870,
0xde88d47f,
0xd08fb6b6,
0x07d5f304,
0x50f5f650,
0x9aabfd4b,
0x302a267d,
0x80b7de8c,
0x247f6a47,
0xd314e39e,
0xe8d06603,
0xc7fbbd84,
0xb549f22d,
0x32a92db6,
0x0246da6a,
0x1b6ad163,
0xbbae2941,
0x605932d5,
0x00b7f21f,
0xd43072ef,
0x64741709,
0x5d9015e0,
0x2a6046a7,
0xd87ec3d9,
0x8e333135,
0x195fde75,
0xaa8e37ee,
0xd5fc2487,
0x5a5b7511,
0x9874e02d,
0xb7b26351,
0xcc457e6d,
0x52b82a54,
0x4cea9098,
0xb51c41d5,
0x16eed963,
0x71683aae,
0x0f84df84,
0x2262c4e4,
0xd0862f82,
0xd2b6a877,
0x1a349070,
0x95683436,
0xafa065e9,
0x08d1724a,
0xbd80a321,
0x7cfb33fe,
0xb1b2bbd3,
0x37b73f48,
0x26b9c876,
0x0bb0874b,
0xf8684653,
0x29001aae,
0x065e0bbb,
0xd2838a02,
0x3ae8d187,
0x4bea6c30,
0x028bae28,
0xb76e090c,
0x9fd33b34,
0x2207b2c4,
0x5098f054,
0x33b510ff,
0x74d9ee21,
0x4c05c8c7,
0x236b7233,
0x0eb202e4,
0x5ddc18f8,
0xc2a5a79d,
0x37de22ba,
0x9946d5cc,
0xd6574757,
0x9f830fdb,
0x3dae8018,
0xfaa008ef,
0x03662eaf,
0xd26f55f9,
0xceaa584c,
0xb6977b8e,
0xe5eae351,
0x93857f44,
0x76634046,
0x143052ae,
0x3dbe1aee,
0x612da170,
0xde86bfb5,
0xea91d3e1,
0xa396cb6f,
0x781fd0b9,
0x48e8b7d4,
0xa7b65308,
0x2fe687d8,
0x066fa653,
0xac96144b,
0xd39d842d,
0x884cd305,
0xf57d036f,
0x35c09726,
0xa5689d90,
0x24ed0229,
0xb7cf9738,
0x082c80a6,
0x4a7c131a,
0x9c5cbebf,
0x7e25a461,
0xdf2fa23c,
0xbede7a72,
0x4fc52d5c,
0xe5051089,
0xb3542dc7,
0xd403034d,
0xf6e79cf1,
0xd2c124a1,
0xff6aa9bb,
0x3156bf79,
0x02fab932,
0xa8d93a45,
0x7430d3f0,
0xc902e449,
0x741f86b0,
0xe670b7dd,
0xe899cd8f,
0xc2061590,
0x903fbcdd,
0x18c17910,
0x40c017df,
0xacebd055,
0x73ffbbc3,
0x5111ef0b,
0x9d4913d0,
0x39918b7f,
0x86b49f90,
0xc13adbe2,
0x99db8325,
0xcfddcf41,
0xa151a58f,
0xb091dafd,
0x01a5768c,
0x8f134d8b,
0x0707f25c,
0xb1379f1c,
0xf858e436,
0x81cbf169,
0x6a6343b8,
0x99af2522,
0x49a56c9b,
0xfe5ce0d4,
0x5b9cc0ec,
0x35861d52,
0x66f78378,
0x4ce99a84,
0x0e5a829c,
0x353dcd66,
0xd1876ef0,
0x84d18e6f,
0xddb167b4,
0xdf270fbe,
0x527ec025,
0xb0b911cd,
0x63677a93,
0xdb2d7449,
0x0c2df8e3,
0x58e78d76,
0x28fbc9c8,
0xcde2a8c3,
0x278d592c,
0xe5153add,
0x060576f9,
0x535e4dca,
0xa13099bf,
0xaf11feaf,
0x6be8e431,
0x624e9de6,
0x4088ed6b,
0xf6091409,
0x2f263b12,
0x8b0c90d3,
0x36f03893,
0x6214abba,
0x7f192cc4,
0x17bf7107,
0xd8f29b58,
0x770c681e,
0x58ec4a9e,
0x9daceee2,
0x06063b06,
0x330028df,
0x457907c6,
0xff1c8a9d,
0xba8d3c42,
0x7946eaa4,
0x92b0a416,
0x0f7f4d8f,
0xf0f941b3,
0x41cb1722,
0x001d4ae3,
0xab482f1f,
0x1ad9f33e,
0xa5919781,
0x374c3040,
0x8b12d686,
0x0070536a,
0xcbac5045,
0x5047539a,
0x29fe455e,
0x6368ff89,
0xf22dcba9,
0xfec905e1,
0xc1215820,
0x923eae60,
0x0238e032,
0x9d7ada25,
0xddb4b17c,
0x00c2cebd,
0xeceaa2e1,
0x3371c09d,
0x42cfaf47,
0xcd1e0db8,
0x7e8396c8,
0xcce519d3,
0x2e341400,
0xbafb76ea,
0xbc6edeea,
0x4b160bb5,
0x0c1942b3,
0x4697ddab,
0x8d129cf1,
0x4aad6aa7,
0x7bf32791,
0x610f6bf7,
0x43ce9269,
0x527f7911,
0xd16cb604,
0x508b0b17,
0x80b32c78,
0xcb91cf58,
0x5b553b74,
0xe982a189,
0xbc4602dd,
0xa28b03fc,
0x8c3d3203,
0x8e2e5d92,
0x1bdf47d3,
0x69042dfe,
0x45eb8323,
0xe66d9ae5,
0xf37f4d19,
0x52e593ae,
0xc4f81b23,
0x51e6057e,
0xd0e45170,
0x6a542989,
0xf4cc612d,
0xf54d2113,
0x1533535a,
0x2031a1ec,
0x69fd41b7,
0x5db0d880,
0x05f809ef,
0xe3d81299,
0xcbe84dd6,
0xb720d6fc,
0x447d035e,
0x6c541911,
0x6f8d56b6,
0xae9b6d70,
0x5c9edf28,
0xc26e8a82,
0x9b14baa8,
0x5ea3dfaa,
0x828488c3,
0xbd49c0b3,
0xaf5d97b1,
0x3bfeed7c,
0xacfdb189,
0x097b5a40,
0xb3927ea4,
0x86976c94,
0xb372b344,
0xdb28aac6,
0x262611f4,
0x06cc0582,
0x63999935,
0xfdc617dd,
0x1b758e8a,
0x906e6c9e,
0xdb4d8f8b,
0xabfaaab5,
0xce68ef55,
0x37cecfb0,
0x9a0f3d98,
0x7c91f19f,
0x6f014d90,
0xc96db606,
0xb349bddd,
0xe01a7aa6,
0x100f47c0,
0x6ac7c0ac,
0xfe22e669,
0xce26a654,
0x68ac4097,
0x40331a37,
0x154d9571,
0x24924a52,
0x03705ff5,
0xacb9e8b4,
0x5d465342,
0xccce0ba3,
0x1e417522,
0x7971d7b2,
0x3dbf4efe,
0xa2e59655,
0xf650b731,
0x7d1c2cd7,
0xb3b4be24,
0x9d44c8ce,
0x20b815fb,
0x7a0b39c7,
0x2a411f8d,
0x82cfc68c,
0xab8dd70c,
0x7054d1b9,
0xdb6871e7,
0x2c5e0cf8,
0x7a88cafc,
0xa884f7a4,
0x30a953f6,
0x24570f20,
0xaf729b4e,
0x60dfa594,
0x9f0e7800,
0x13429761,
0x8cc411f1,
0xdd1f6f0e,
0x6cd4d251,
0x0b64f037,
0xc3aac2ae,
0x7772ca95,
0x9f994921,
0xbaca51ff,
0xa77069bc,
0xdb712134,
0xfbc4c9f5,
0x822c2593,
0xee63b1e7,
0x1eb9d04e,
0xc59fe709,
0xc432577c,
0x820feca4,
0x30205f9e,
0x632c207e,
0xc6cce56d,
0x668dfdf6,
0x66ed8de5,
0xed8a742b,
0x79fa77a9,
0xc0a838bc,
0x7986aa9e,
0x4e8fb1a6,
0x3dc7b9aa,
0xaddbe9f8,
0xd6f73016,
0x7de3e0f2,
0x9ae455c2,
0xc4e14776,
0x12d89ba2,
0x985112aa,
0xc06a8a93,
0x96839395,
0x0a231657,
0x027fc95c,
0x3a930a12,
0xe4a0f4f7,
0xb12bbd5a,
0xba03377c,
0x8984da14,
0xa414397b,
0x6eecf48e,
0xec569451,
0x1dda8b78,
0x9cad1d22,
0xcb269c3d,
0x7dcd9a72,
0xa7fa2f13,
0xb0529da4,
0xa18c7a58,
0x2d7126e3,
0x12dc84f4,
0x348738ea,
0x221f4bcf,
0x882ceef0,
0xe620da70,
0x62ef78fa,
0xd2bfb69d,
0x56fc2b7a,
0xaee92050,
0x0f13f1a2,
0xc41c0507,
0x7afad8ee,
0x4a93fd62,
0x2eb1cbfe,
0xe10c3a9b,
0x9c178cdc,
0x98e59bda,
0xcd1f8559,
0xc7f9bf9c,
0x95a32c59,
0x928d8ab9,
0xc8b1d35a,
0xb79889f1,
0x0a86c599,
0x2d86e103,
0xd1ce0ac2,
0xaeb41485,
0xf8b23f48,
0x8e159294,
0xa3e758bd,
0xcae7d7fb,
0xe0e6bd61,
0x010a85cf,
0xaadb57bd,
0x752989a6,
0x09e3912c,
0xb414a266,
0x6215dbfa,
0x12c4be9d,
0xabef0a55,
0xb47ac401,
0x2d5b1744,
0x9912cc59,
0xa22a0c76,
0xc4a273a0,
0x99582239,
0xb9700bdf,
0xb9e45e0f,
0x4b809d6e,
0xb320d195,
0xe2b45591,
0x455ee5cc,
0xdacfd20b,
0xab4c0e42,
0x8fd9d49b,
0x3f8c7970,
0xd4c53f41,
0xab88a5c2,
0x1901714b,
0x23b2576b,
0xa250283e,
0xfd061558,
0x46f2da67,
0xc2c098d2,
0xa64e7618,
0xabd21cc6,
0x23ad8d0e,
0xd3da25ca,
0xb7d6eb8d,
0x182f87a6,
0xbc6f54a5,
0x27377ca6,
0xfdff1ac2,
0xfaa9a0d9,
0x25b81c63,
0x6b969418,
0x3a7b616e,
0x6b056f0f,
0xcf43b91f,
0xf53007da,
0xce803598,
0x70779f1e,
0xf12c07ca,
0x3683bf81,
0x8020b6da,
0x5fe00b8c,
0x0891635f,
0x7fd54f48,
0x04bebdd6,
0xd9ecce89,
0x8af8ef6f,
0xe8c251ca,
0x79f99c56,
0x140d3bc0,
0x29942cd0,
0xfdd9c5dd,
0xf3a1763c,
0xe829b2a7,
0x42888cef,
0x2edd8d2c,
0x0bbba556,
0x2617eb71,
0xc7214cb9,
0xa0137bb3,
0x74944b65,
0x08a0a5da,
0x79879d00,
0xe3f6e971,
0x29a1ccfd,
0x853b7e16,
0xf61ad82d,
0x6391ec29,
0x8188ef96,
0x678c5d8d,
0xe0f567ee,
0xf552c979,
0x2c43fab4,
0x37ac2356,
0x4e04852b,
0xfd955f77,
0xc9bb89e6,
0xb125ea99,
0x92011920,
0x498e58f9,
0xe0b54b71,
0xa2baa5d6,
0xf1630d88,
0x5ba87a50,
0xd37bba06,
0x1225df82,
0xdbe7fe38,
0x42cddc1e,
0xd609212d,
0x44c1b466,
0xad0ceef5,
0x9de840ad,
0x69e379bb,
0xcc3d6731,
0x0b8ca80f,
0x956fbef5,
0x7f352608,
0x39d37f9e,
0xa1df08c3,
0x51252ae4,
0xab6b57e5,
0x88a23157,
0x78b1ec00,
0xd6d730e1,
0xef127d7e,
0x834fc3f7,
0x9f7892ca,
0xdf0f5332,
0xfe8f2363,
0x5ff604a2,
0x447b6af5,
0xc5d56ee4,
0xd1d5e9ec,
0x4f7133e2,
0x1c1af00e,
0x0f032c28,
0x62a8bb57,
0xfe7664aa,
0x6b16e7ed,
0xa7fa4f65,
0x4362cf9b,
0xc95b134c,
0x630595da,
0xd9362392,
0x2e980b02,
0x6b2802d1,
0x0b1d2eff,
0x9b44bfc9,
0x88868cff,
0x2ccdb87f,
0xc976ffe0,
0xf7a23b19,
0x5ba55fad,
0x7853671c,
0xf7aa3a17,
0x110f65ce,
0xe6494b7d,
0xe990dca9,
0xa7c7aec5,
0xa44c3960,
0x119facd9,
0xb632503c,
0x6e4444b4,
0x8ab70819,
0x26eda16e,
0xb2b335e3,
0xda6e4311,
0x7e90e0d6,
0x12b73e57,
0xe4af4037,
0xd4905c8b,
0xd35cdf7d,
0x4e67a3a6,
0x88b32805,
0x9349fc3b,
0xfb7a78fa,
0xcc53fc5f,
0x4387b4d1,
0xdd10c749,
0xdb50e021,
0xa09017db,
0x57ab3ccc,
0x63bcf9e4,
0xe3e89ae9,
0x2fb20728,
0xebf80044,
0x38406315,
0x1d619060,
0x94fbc7a8,
0xdb9b7cf8,
0xef779de9,
0x16c13783,
0xcfeb0a82,
0x66f29dd2,
0xdb7ada27,
0x9efb6cb2,
0x172a3062,
0xa87cc274,
0x2af4efd5,
0x7c0526ed,
0x64b22e1b,
0x23a0e8c7,
0x6d65b50c,
0x9d819fef,
0x20d8c4fc,
0xd8b29676,
0x4b96a4b0,
0x03a5ce56,
0xbd3a2cd8,
0x2703d128,
0xfa275d29,
0x13a77268,
0x44533e3b,
0x5caca5cc,
0x2e9fd131,
0x1c1a8cbf,
0x9b0c32af,
0x09e40872,
0x6106b04a,
0x3810cba4,
0x73a0366e,
0x0e360e95,
0xdf040e09,
0x36dc46df,
0x59698d75,
0xda898741,
0x316909c7,
0x348737f5,
0xfb07e0a4,
0xa07a2cc6,
0x66025a94,
0xba410b1b,
0xb137350b,
0x721866d7,
0x09ba9609,
0xbaaa2bba,
0xcb691e26,
0x8e128d80,
0x1a3b071f,
0x5b16d353,
0xd9b2c7a5,
0x419c8456,
0xaeebd417,
0x9df53902,
0x056e028f,
0xc0344615,
0xbf296edd,
0x73295660,
0x84d70c0d,
0xd1e41e54,
0x23e4003c,
0x518ef999,
0x00fdbe8f,
0x1d323e76,
0xca2b155f,
0xbd6a957d,
0xa809b5cb,
0xffbc306b,
0x4f18ef4b,
0x893599e0,
0xbfc8298c,
0xf6b87aa6,
0xa1e8a6d1,
0x0f7556cb,
0xe9062369,
0xefef0883,
0x1f24b79a,
0x3113f76a,
0xd15ea024,
0x208c524c,
0x8f13ee45,
0x1f5e5902,
0x95edf5a3,
0x100967d9,
0xfe51a8f2,
0x8f8165a3,
0xc82691eb,
0xdbd02a03,
0x6e5e81d8,
0x7b958853,
0x7bc199cd,
0x99e8ccde,
0x1e9f8c6c,
0x50ca4770,
0x65192a34,
0x095bfd9f,
0x7c2abbaa,
0x8f64ae9f,
0x427d9493,
0x5c8d7ef5,
0xa1a5a5e2,
0x27d51198,
0xea49699c,
0x220cf178,
0xe3fa6a14,
0x6cb34d86,
0xbb3f9f8b,
0x363b5197,
0x1cb5f189,
0xdf04fb47,
0xc6897d62,
0x031ce656,
0x9b5d945a,
0xb9614144,
0x5912fa85,
0xda5d7840,
0x930247c5,
0x9f7c8cae,
0x1065b8bd,
0x541d3df8,
0x3187a6c8,
0x78e389bc,
0x951afc29,
0x49c85f80,
0x4ec4dc6d,
0x0e01f8b0,
0x7d0cfda0,
0x2ec65a6f,
0x4a3da856,
0x6abc6ec5,
0xe1e1548d,
0x6f6cd069,
0xb3d3f3f5,
0xadc6eb9a,
0x68689722,
0x4b7b251a,
0x9f60c3df,
0xca67e953,
0x22965a48,
0x71ab2f09,
0xaa0d4c5f,
0xdfc023ca,
0x9512d192,
0x018517f0,
0xcfdb437b,
0x8b707b3a,
0xc09c2a70,
0x17fb07e7,
0x465a1b50,
0x09fd5b94,
0x0fe5abdb,
0x5abf8eb1,
0x7611d809,
0xe6dc9550,
0x04ebbeb3,
0xb5e485e4,
0x04f11542,
0x038d252c,
0xb779f5b0,
0x0b2aab41,
0xaafac65d,
0x5f2be0c6,
0x59689e16,
0x44659880,
0x34002cef,
0xd59787c4,
0xbf2894b3,
0x17b6d2f4,
0x581cf522,
0xe794610e,
0x80e8dbae,
0x52743662,
0x9069b9c3,
0xddc895af,
0xe7d53300,
0x118fe442,
0x3353ebcd,
0x1ac09026,
0x355a48ae,
0xa50d9cc2,
0x5971c8a2,
0x083a8b82,
0x9b3b9557,
0x4235d933,
0xa4219e41,
0x8ebc86a8,
0xb3d95efb,
0x302c78d1,
0x0ee419ee,
0xd3f698db,
0xe3a1883f,
0xdc67fb21,
0x4339b9e5,
0x70c7b88d,
0x37e9057a,
0xad4dcff5,
0x7af7535d,
0x04e77915,
0xdef6427a,
0xbe2c9037,
0xc5824994,
0xf59cb344,
0x462a2b9d,
0x2f92040b,
0x17cc5a02,
0xf857649d,
0x703cb6ae,
0xdc03f0bb,
0xc1879ba1,
0xa388d709,
0xc46f0a41,
0x0bf82b1e,
0x8bb200dc,
0x99b394e9,
0x182fd275,
0x523a30da,
0x2ff65639,
0x1b662135,
0x8f964b94,
0xfe274b14,
0xce35c897,
0x93e1dc4f,
0x3c6322b4,
0xbad6a23b,
0x57a6d4fd,
0x562ce2a1,
0x8b1d7452,
0xa9cad320,
0x62dad59d,
0x604683dc,
0xc5d015b4,
0xd16a4d60,
0x14a68e99,
0xcc416fed,
0xaa4d73a9,
0x229d23ca,
0x82f8a5ec,
0x627c40c3,
0x9d9e34df,
0x9208663d,
0xbccabbf4,
0x5a7911e3,
0xeddc5f5c,
0x6767afff,
0x81e19942,
0xc29a7bc2,
0x286f3173,
0x61ef9cd7,
0x64a1f55e,
0xaa8e5f02,
0x08f6de3d,
0xca528ec8,
0x6dcdd25a,
0xee7f9f5e,
0x226a73ca,
0x40127703,
0x0054f3fb,
0x1ea2de7b,
0x37cc0c96,
0xa449087e,
0xe0528a75,
0x57682ac4,
0x34b265b1,
0x61539d01,
0x6d9b1ab1,
0xac6c2d80,
0xbeb06179,
0xfdfc681b,
0xa095bec9,
0x201ffd63,
0xc933f0a6,
0x161fa416,
0x49be12cc,
0xad880b12,
0xa1ad0d03,
0xb0012938,
0xb784002b,
0x997a7c20,
0x4120cd25,
0xf40d761f,
0xd33b2eae,
0x9077f896,
0xbaaeed10,
0xc0226889,
0xc342b951,
0xba5ef01f,
0xefb27677,
0x5db98b34,
0x006150a4,
0xc4535682,
0x45db4eff,
0x622e2ef5,
0xb9d3de4b,
0x00b42f3c,
0xf2fa8b51,
0xb7defb18,
0xb4b81946,
0x34755cda,
0x0da0d4e4,
0xcb750ad2,
0x1e90e949,
0x8e899554,
0x176eac63,
0x006b99e4,
0xa5070fc2,
0x439ddf1b,
0xe9814fc1,
0xb76de3f6,
0xec199835,
0xcb8f8b46,
0xd06ed9bd,
0x7a0a238a,
0x37fbad5a,
0xacdf4fb7,
0xa636750e,
0xb070c27d,
0xf6aaa2be,
0xd714018e,
0x16f20e71,
0x6d2eb15b,
0x4e33e1e2,
0xae0e8018,
0x19f4b707,
0xc74d8485,
0xfa6a49ff,
0xe84c17a6,
0x47d71778,
0x90eb5298,
0xa72f9023,
0x9b2b4569,
0x03805702,
0xb8bbb395,
0x82aebdd3,
0x98caed34,
0x6b7d38f6,
0x524df0d1,
0x6520a015,
0x960c12bc,
0xbac9bcac,
0x4a35c288,
0x0fc00475,
0x5e3e0bd9,
0x2469b42b,
0x2ca32b6e,
0xe97fc24d,
0xa97e101b,
0x18e589e2,
0x7bbcfb83,
0x7c5844f4,
0x94b732ce,
0x7373c4a0,
0x2cec9264,
0xb3e1be9a,
0xdda938fd,
0xad68bea8,
0x6b80d911,
0x48b3f016,
0xdb64aa63,
0xa35db305,
0xa1672aff,
0x070db267,
0xe3564f52,
0x579b47d2,
0x205c199a,
0xdff5c652,
0x84250771,
0xcea86b01,
0x386a78a2,
0x44c48fd1,
0x6b977067,
0x2221879d,
0xc1deb0b2,
0x28d444c0,
0x335e5a1e,
0x814ceca5,
0xcfbdde5b,
0x092ea5b3,
0x1cdb62a7,
0x2af3e2af,
0x7e437882,
0x50b01951,
0x41b1c3b8,
0x326de545,
0xdf717ef1,
0x7f339c0a,
0xe8e98686,
0xc60ebb4e,
0x40b03e40,
0x17773b5a,
0x3c68aac0,
0xfaa6364d,
0x15f39482,
0xdc381e2b,
0x8af8d198,
0xaef60b57,
0xca417304,
0x9ae0571d,
0xdc5d975c,
0x7e3deac0,
0x21695db3,
0xef660b06,
0x8698fd04,
0x47e85f55,
0x335115a3,
0x00e3b553,
0x57b854f0,
0xa787deb9,
0xf1a9e049,
0xf7903af4,
0x91748053,
0xe57af743,
0x12b90ced,
0x5b145678,
0x09b93a2b,
0xf90fa8b1,
0xc7fcdc9d,
0x5618ff79,
0xab8f7da3,
0x7edb48bd,
0xaa4627a5,
0x4f81cc72,
0x7b54d4f6,
0x3d757085,
0x9f0d97ed,
0xb7f7402a,
0xd8da24df,
0x1b4292c7,
0x368b5389,
0x22603214,
0xf88f66de,
0xf700bd7e,
0xbccc4880,
0xaeb08f68,
0x7d13ae0d,
0x3c2413d7,
0xa9ed7b89,
0x18acd246,
0xd387e2fb,
0x81e4429a,
0x034766b9,
0x4929730c,
0x6582d3ae,
0xd5ed96bb,
0x86c45478,
0x4f2b491e,
0xff605185,
0x4ead86cc,
0x4ae54208,
0x1de809be,
0x39470131,
0x756612ca,
0x03c96f4a,
0x04fd24e4,
0xa9620cdc,
0x7faf91fc,
0x43c614f7,
0x0a9175b8,
0x71ee1b08,
0xac91f134,
0x2556cb33,
0xb5b33792,
0xeb8a1a28,
0x4562c300,
0x76e80cf9,
0x6183efbb,
0xc9683018,
0x0253578c,
0xef58d425,
0x0c9e5e27,
0xf46d02bf,
0x5c568589,
0xba5d72f7,
0x089c486b,
0xfd52b16f,
0x50229cd4,
0x94c4b900,
0x0d59755b,
0x5e4aaf05,
0x16e37820,
0x777aa6e7,
0xccfb12be,
0x5c41333b,
0x5599b079,
0x1086d5b4,
0x57ee7c30,
0x5cda9a48,
0x71f1ba38,
0x50b7b5eb,
0xdf3c3bd4,
0x53bb48c1,
0xfdbcacfc,
0x1fd97b96,
0x56142952,
0xe42453d4,
0xcb40df3b,
0x6b884ec3,
0xd3801704,
0x7fdea2aa,
0xe61631a5,
0xa202b314,
0xe2be76fa,
0xdda25b01,
0x372adcd8,
0x4d0149d0,
0x4e1fc11d,
0x11c6447a,
0x7bff9ce5,
0x3fe4fa3c,
0x6619ddb9,
0x9e8f2bb8,
0x907f26a8,
0x2a05593d,
0x9fcf255a,
0x90c1cbbb,
0x1be66719,
0x6f30ab00,
0x1e1091ab,
0xcf08e75c,
0x6796e857,
0x44c83f64,
0x43b3cf2c,
0x8eed27be,
0xd7cd414b,
0x59617063,
0x8253158a,
0x0dbefb4f,
0x5c382744,
0x5febe7c1,
0x39952c0a,
0xa597f3e3,
0xafb1d59e,
0x5e0df841,
0xb62a5309,
0x9cbfe415,
0x50d7451b,
0x43ff21bc,
0x7379a9f2,
0x661a8e1f,
0x5ccf77ae,
0xade726c9,
0xcc97a332,
0xbfa9ae01,
0x9a9258ac,
0xe8f50141,
0x11ba0afc,
0x479c4e79,
0x06ce909c,
0x55d5b3eb,
0xc0c4e4ab,
0x55cb36e9,
0xef9c0aed,
0xeed2a959,
0x1b7c6070,
0x49ddf843,
0xce8bba64,
0x518f2281,
0xdd53e716,
0x9ace15a2,
0x790a3443,
0x7fa52886,
0xf9626b98,
0xe68094eb,
0x65a31993,
0xae7882cd,
0x6cda81f2,
0xc67fa5fe,
0x7b8ab228,
0x0789d419,
0x91c4fe8f,
0x406eef5a,
0x936656e3,
0xe0f840ff,
0xa3e3a703,
0x83e49725,
0x6964baaf,
0x4b7509eb,
0xff02fe3a,
0xb6cefc25,
0xecbf1b91,
0x064ac789,
0x71dd6168,
0x867a3615,
0xbf947ee7,
0x820e0303,
0x31e1dc25,
0xcf843181,
0x6cc35ab8,
0x0bbfd884,
0x7c29e0f6,
0x967e57f0,
0xedeedb2f,
0xcc2edef4,
0x36a4b02e,
0xb08fdcdd,
0x9204f1f9,
0x1b0331da,
0xd238d1e3,
0xda20df4a,
0x02931bf0,
0xb4ba3b90,
0x78efe30b,
0x4d238e45,
0xca07f7ee,
0x7fc19d4b,
0x7dcbe73a,
0x5cb3ba61,
0x15b9c9b2,
0xe0c65dd2,
0xe388aeb0,
0x12fcae2d,
0x1c133b7a,
0x7599d763,
0x5242b1a9,
0x9d74b611,
0xcdfef455,
0x1bfe33fb,
0xc2b202b3,
0xa0abb647,
0x4ff87a25,
0x5a44efaa,
0xdc9d2f3a,
0xeb385c7f,
0xb302794d,
0xca8b823f,
0x70dc51c9,
0x9d47b1bf,
0x77eb7bd1,
0xc0d62b60,
0x297b5119,
0xc6b12898,
0x5592ba71,
0x48f7c2bc,
0x08b6bacf,
0xdc690ef0,
0x4116b25e,
0xc6acad49,
0xd1fe5991,
0x84dc47bb,
0x205d52ca,
0xff6bc8b8,
0x6ca57ae8,
0x14395fbc,
0xa8aaaf7b,
0xaca81ffe,
0x1b5f7dde,
0x3f8ed5dd,
0xecd1166b,
0x91cfc639,
0x2f1f3cd6,
0x2615f447,
0x99b0d481,
0x2437de0f,
0xdf4c3d3d,
0x1a782b6e,
0xd41d3b1a,
0x522896c1,
0x9dddd573,
0x8184238d,
0xa0b866d8,
0x6e903bcd,
0xca9c8414,
0x1a3fdffa,
0x84e38f17,
0xeeb56a46,
0x8938b00d,
0x662cace7,
0xc064ba8c,
0x991236c0,
0x80357129,
0xd7ff7fb4,
0x8cdd71bf,
0x715530d4,
0xcda3d341,
0x064a2e7a,
0xc9c3fc0d,
0xdb6e7f1d,
0x013aff51,
0xa375cd04,
0xf33fcd52,
0xfc289d5a,
0x5bffdcac,
0x9b82ec34,
0x3397ffe0,
0xbacfb67a,
0x5c3c9fa6,
0xe432eca2,
0x03c4e67c,
0x65c60c2d,
0x5d2d65b3,
0x30bd2000,
0x0f8ced58,
0xc06673a0,
0xa0987c7c,
0x166880e5,
0xc8f1d7cc,
0xc4f347c5,
0xae286206,
0x76fe0d8e,
0x037daf05,
0x70748cdc,
0x2b978511,
0x3b077faa,
0x24e71273,
0x4d067e80,
0x77e4c674,
0x24c6cdb9,
0x6c4a99fd,
0x17717e42,
0xa81e3cc9,
0x2127829d,
0x70999212,
0xaf66e487,
0x0fb24229,
0x91ff1320,
0x896c920d,
0xb504ecad,
0x1da1c14d,
0xbeb57e63,
0x28dec6b5,
0x66e41635,
0x7891fbd3,
0xc9aa15f5,
0x0db2959a,
0xbb141eeb,
0xfc0935cc,
0xe188ab1d,
0xa8cea485,
0x0dd9ef23,
0xbb3da770,
0xfad0a6b0,
0xf2407de4,
0x917b9f45,
0xdae55a27,
0xb25b07bf,
0xa7dae8d7,
0xbc53813c,
0xf4b1b5c1,
0x3be7e6ce,
0xb9990109,
0xac9194a9,
0xcfbd7e34,
0x2c884e6b,
0xf850eacf,
0xdf599af4,
0xcc5b0e39,
0x1948cb80,
0xa7323dc3,
0xaf38cfc2,
0x8e0daa00,
0xc25fb0e1,
0x3957d601,
0x7f093174,
0xd82fa60e,
0x04aecb75,
0x070a04bd,
0x75aa097c,
0x804dd1b9,
0x29350616,
0xca8ec6e4,
0x72b00445,
0x5015dbe6,
0xc4f21f50,
0xeed77aed,
0x8139b742,
0x9ec2e8fc,
0x8a1e7385,
0x3ccccc86,
0xa72e1b21,
0x4777e1b3,
0x42f070d6,
0x98db464d,
0x61f0748a,
0x5543eb8f,
0x03f60ccd,
0x966ea55b,
0x3488537f,
0x5cdc4467,
0xc3a84b47,
0xed07fcdf,
0xc5057737,
0xa3f08e33,
0xb40e79e1,
0xf6092c17,
0x29697e72,
0x5eb9b79d,
0xf6e1170c,
0x850c36cd,
0x2808683f,
0x751b5ff8,
0x45cc4a2d,
0xb2721391,
0x1e7109a7,
0x86886bf7,
0x25e9df09,
0x31335f04,
0x99791f5e,
0x41d9953b,
0xbebd4d65,
0xd9884933,
0x5b41e0ea,
0x0b86d0c1,
0x834d91e2,
0x7580cb16,
0x41965f7b,
0xe37f4f95,
0x497618a2,
0x09450e1f,
0x55f9babf,
0x1efd98c4,
0xc10965de,
0x65e55952,
0xa7320858,
0x730f084e,
0x2cefb59b,
0x5dc3b4be,
0xa4fdf4b1,
0x0a5de941,
0x06adfab2,
0x5f36e75a,
0xf06d467f,
0x974d7bfe,
0x56b5ca28,
0xd0ab2d6a,
0x1561c0f2,
0x4eff1e4d,
0x59909d96,
0x8daf3d6d,
0xdece8ffc,
0x1832e2f7,
0xfc53792f,
0x7148fc5a,
0x3dea1620,
0x0c613dda,
0x21512a02,
0x04a8a779,
0xba5c3e2c,
0xb9b8718c,
0x1ee6e1cc,
0x33d077bb,
0x5c0d7ae0,
0x091e2f7c,
0x4f3bd1fd,
0xa1cfd2ac,
0x52b33ed3,
0xd407d592,
0x55aafd2d,
0x562e4a2c,
0xc81253a5,
0x717dd653,
0x403399c4,
0x10369729,
0x1fdc2f25,
0x6c34c393,
0x805fba19,
0x6759e8ff,
0x96823722,
0x8bd3a039,
0xb51cf2ae,
0x9a2e3b21,
0xc0545ff5,
0x2cf42b50,
0x19af3335,
0xb70c400a,
0xb7d9481f,
0xdc3b96d8,
0xfaf1eee8,
0x72599594,
0xc411c8e3,
0xf895796e,
0x11547b35,
0xc811b9ed,
0x7a4cf243,
0xc11ac84e,
0xc4b19542,
0x22850626,
0xabf51b3e,
0x801412d2,
0x102b2758,
0x01856016,
0x6415ab47,
0xc83c459a,
0xee78f712,
0x1d3a8e0a,
0x15b947de,
0x656dfb6e,
0xcfcb3ca6,
0xab9ebd7d,
0x3e54bb8c,
0x750c0759,
0x5d528923,
0x67cb686e,
0xfec5920b,
0x61795433,
0xb76522fc,
0xf743cee6,
0xe24bd28d,
0x9945d4f2,
0x787fc455,
0x15bdaaeb,
0xb396f49b,
0x2257419e,
0xaf30e5db,
0xedb2c6a9,
0x014bc4e8,
0x077e2b51,
0xda03186b,
0x2804b9c9,
0x1615153f,
0x35a8fbee,
0x7c5f2cd6,
0x1413e7b6,
0x70e634a4,
0x00f17505,
0xf73b19b4,
0xd110b940,
0x10856ed8,
0xd9a9519d,
0x28b0932e,
0x92262c43,
0xc45105e9,
0x24b7e708,
0x636693fa,
0x74f3b681,
0x3c813049,
0x84fee5fb,
0x65adb425,
0x7f25fd82,
0x396d45c2,
0x7d769193,
0x73bbfea3,
0x93fcd7fb,
0x0d1bbb74,
0x0ef50504,
0x676d3d4f,
0xb0077c47,
0x156e2e00,
0x0423d880,
0xbf9853da,
0x033724d6,
0xaa05c846,
0xb4055d4f,
0x03be2711,
0xbbd92c78,
0x208d7745,
0x46b15678,
0x75bb4dbf,
0xb91904ee,
0x47dee39e,
0xc6f27e27,
0x1238f62f,
0xd462a7b8,
0x8f846e59,
0xce84ca08,
0x5e1d5518,
0x0a75611d,
0x48bc7001,
0x298e1b58,
0xf66bbb0b,
0xabee23fb,
0x3a83d0c7,
0x7d70227a,
0xb199ab7f,
0xfbc42963,
0x0597b28a,
0x51403758,
0x3d87c7b1,
0x627ad3cc,
0x591c27a0,
0x52ac77e1,
0xab46bc07,
0x76e3b142,
0xfa933998,
0x8adbffed,
0xffec1200,
0x62a897f0,
0x3f2c4081,
0x9d59323b,
0xb3172fff,
0xd330f9dc,
0xe061d21f,
0x5c0c5ba9,
0xfb55bc66,
0x43c9e809,
0xa5485e30,
0x95617a73,
0x136ea384,
0x184c8884,
0x8bd6d761,
0x1103f7c2,
0xdb7e4cdb,
0x90ad9c1f,
0xe5692153,
0x2858c297,
0xa3a86736,
0xab3b4d27,
0xf673558a,
0x135068d7,
0x927dbb00,
0x95db0987,
0x75049d74,
0xe45eae65,
0xf96b727b,
0xa8434af0,
0x1abc8a1c,
0x4b9833c9,
0xc2904dbb,
0xdbad47ae,
0x60444c1b,
0x10c1e045,
0x27fb15d3,
0x210dbb97,
0xafb732c6,
0x613c7a18,
0x8e0f39eb,
0x355a60a6,
0x357c6221,
0x06a16576,
0xdf9c2b5b,
0x5f8e72e2,
0x7daf3446,
0x76ad50ab,
0x028e7cf0,
0xbedf42e2,
0x41058019,
0x4331754c,
0x06bde730,
0x37726dab,
0xd5a6a424,
0xee725e2b,
0x0499872d,
0x05e06241,
0x96e1cbe0,
0x05c8f928,
0xd57296e0,
0x943aad8d,
0x52990607,
0x025946e8,
0xa64824b9,
0x10f57f1e,
0xf07b6873,
0x5c1e315f,
0xde69fa2a,
0xab6ad9d6,
0x9e7a7119,
0x443ef35a,
0xe60d0130,
0x09d386f3,
0xdba3eec8,
0x52386e34,
0xe021dbad,
0x09c55b99,
0xe0f1d39b,
0x4a40ae3e,
0xa495b68b,
0x0a37a4ee,
0x6c07e958,
0x1ffbd23c,
0x06ac0002,
0xe4cdabd3,
0x7836d196,
0x709e8180,
0x0dc510e3,
0xb7830e08,
0x40ddd6cb,
0x7c9f83d4,
0x34f87f2e,
0x18159149,
0x6fc3aaf2,
0x8bca228a,
0xe8ef6bfd,
0xe3f33c7b,
0x713635d4,
0xe472e03a,
0x1d25917b,
0xe8ab211f,
0x26b605da,
0xe07fb987,
0x84b508a1,
0x5d2fb3c9,
0x6c8c2337,
0xae671cee,
0xdda5aca0,
0xb4cfcb01,
0x6e5efe81,
0xd2b1043b,
0x4cda3ff7,
0xe99ec420,
0x9c3c6986,
0xb63dabf5,
0xe9a6a71a,
0x7bea7323,
0x5f140a4f,
0x6d8f67c5,
0x3eb83fbd,
0xcc9adb4e,
0x689493cd,
0x86005170,
0x95131b89,
0x90642f3e,
0x8e595510,
0x07067032,
0xdda9de1d,
0xc8c93768,
0x9622dcd0,
0x040ca565,
0x0a606400,
0x4b7dd3d2,
0xd2bfc1a2,
0x50863218,
0xdb000e5e,
0xd6df17ce,
0xbb08e34b,
0xebe9ac14,
0xc249b3b4,
0x8ad5538a,
0xdca8624d,
0xfcc75165,
0x9c9e59d8,
0xf7b55d0e,
0x98531317,
0xa982313c,
0x646dd784,
0xd39461e7,
0x046a2fa9,
0x452ed174,
0x8d724416,
0x34304a8c,
0x3a6b348c,
0x3a789ed1,
0x5ecff970,
0x279bc128,
0x35f10907,
0x18267fdd,
0xdd7aa5e0,
0x77977b7a,
0x7dcd6a96,
0xc5ad9061,
0x8e3bf8ef,
0x871622d6,
0xa22f9e33,
0x3e61a9a9,
0x909b3de8,
0xed0fb7ba,
0x0aa3bb76,
0x81129e3a,
0x8d3fccee,
0xddb4e964,
0xccf397da,
0xf19b582a,
0x28d4d807,
0x684ca6b7,
0xd7c8dd82,
0xe06abd35,
0x570ef002,
0x768eed0c,
0x1c0bf71b,
0xa5494173,
0x01398894,
0x37d86d95,
0x0520152e,
0x2bdd9d24,
0x54cd1d03,
0xac7c0c7c,
0x54c9d242,
0x10bb0358,
0x62ca6ee9,
0x7ca95665,
0x983f0f25,
0x5d6062d0,
0x131b915e,
0x2c83f462,
0x18bf5e81,
0x5d2ed312,
0xaea4d26e,
0x098e0aac,
0x51092f82,
0x6850cff2,
0x9d9db864,
0x9b6982e7,
0x72222b8f,
0xa4fa9720,
0x674c48bf,
0xfec473f7,
0x0e454d0e,
0x8e731e67,
0xb37a2001,
0x5a7b3780,
0x3538332c,
0x0346e00c,
0xd536a1bc,
0x6721e478,
0xb9e04357,
0xba2d6f0c,
0x1353f509,
0xb606598d,
0x5e58265f,
0x7de0c122,
0x6e8e2fe0,
0xde34d4f5,
0x67274fb3,
0x4258d617,
0x138754ab,
0x7ac2d9cb,
0x1dea4b31,
0x6e9c571b,
0xdab4e05f,
0xe8b7d268,
0x0a88cd8a,
0x76d142e2,
0xba4b71e6,
0xd26902b2,
0x4eec501f,
0x618d4fb6,
0x7ac91769,
0x874e17c3,
0x4125aa97,
0x33cb0f54,
0xbd69104c,
0x631ec166,
0x9c6f2fdf,
0x2b435322,
0x203f4c9d,
0xa24e1ee2,
0x6f227773,
0xb90dcabd,
0xa3cd9da1,
0x921a28a3,
0xc0782c41,
0xffb128ad,
0xe1a8c8d0,
0x2e6ab637,
0xefd0eed7,
0xd59a1d81,
0x61e8bb89,
0xebd4dd9b,
0x567d5b5d,
0x39f0a476,
0xb35649f7,
0x3c4f781d,
0xfeb25462,
0x8de064b1,
0x25ea8b53,
0x6cab1e6e,
0xcf80181c,
0x0edfa35f,
0x7079b8ab,
0xcfb6cd36,
0xedb43871,
0xc2ad6f43,
0x59bbde03,
0x4c184b52,
0x7de6b2e6,
0xad20641a,
0x7b56c430,
0x4e738ad0,
0x0a6b81fd,
0x2b0736a3,
0x9e8f6c78,
0x804c7000,
0x80287310,
0xd82a936f,
0x0b610dbe,
0x9b2925f2,
0xd81fafda,
0xc4c44898,
0x4896e730,
0xc5ad3347,
0x3854c693,
0xb6ebe3ed,
0xaa6b90b9,
0x563644b7,
0x308ce625,
0x7391164b,
0xbf7693b6,
0x4c5f9cbd,
0x2b6c8fb3,
0x18b6e82a,
0xdb2f1435,
0x53a10fa6,
0x81ef8e09,
0x7c1fdf0b,
0x846bc5a7,
0xf915967f,
0x2f8856e5,
0x795817bd,
0xf7cc20a6,
0x7debe665,
0x34859be6,
0xdf18fa33,
0x99f889bb,
0x486f5ad5,
0x8a192346,
0x58fdd109,
0xe8635b40,
0x9ee11c90,
0x39295591,
0xd0323b50,
0x696e8b6e,
0x42054044,
0x622c117f,
0x3d4469d1,
0xc34b1fc1,
0xd8baa557,
0x0f68e418,
0x558ec5cb,
0x5a11c917,
0xa57626a7,
0x23c86cc7,
0xbbcc1bf5,
0x7115cc12,
0x057757a9,
0xede2f588,
0x5d25a9cd,
0x42d6a07e,
0x82af92d8,
0xfd7d30a4,
0x22a2250c,
0xbf9fa4e3,
0x34a094b6,
0x739f63d3,
0xc7728eb8,
0x6fe578e7,
0x220752a1,
0xcaac6c29,
0x8875e9b9,
0x375dd05d,
0x105cca4f,
0x1dc67e3f,
0xbd248df0,
0x9d64ece5,
0x93b10dde,
0x006e07e3,
0x9d429c5f,
0x2444fd55,
0x67b46d4f,
0xbd3c4d19,
0xc6b402bc,
0x0d7c4cf5,
0x02f2d4d9,
0x3f7cd82b,
0x8d1a1605,
0x3b4d2f21,
0x367aa871,
0x7c98af5f,
0xfa2b9b62,
0x27374b8f,
0xdfb36bd9,
0x80440ee6,
0xa205a939,
0xc7a0ead8,
0x65a96c22,
0x4fd25543,
0x0699cdd1,
0xf5692136,
0x326ba7fc,
0xc629fa0c,
0x49dfbc5e,
0x22830a4b,
0xcc348c51,
0x2b94c4f2,
0x1a28b99d,
0xdf4cad9d,
0xa50da18c,
0xa41d3684,
0xe77424db,
0x63f3e34d,
0x6da14f38,
0xc0d46f15,
0x512d1ac1,
0xd6f1e83b,
0xcde0d49f,
0x0aff9e06,
0x1e648503,
0x1e5c0b50,
0x07c6e4a5,
0xfe9804ed,
0xa335535c,
0x1661fa0c,
0x2c7f2224,
0x7dd2b198,
0x9f76d495,
0xa085b143,
0x45f3f14c,
0x5fbe4f7a,
0xf04958ee,
0x631474e8,
0x02597ea5,
0x27319e9d,
0xf204d70b,
0x9644dc96,
0x9f3597e6,
0xfe034fc7,
0xe59c2c7f,
0x89661ad2,
0xbe8e5d43,
0x3765bc8e,
0xeb5298f0,
0x62d103da,
0x6f63cdbe,
0xc9f07e95,
0x2333472e,
0x5edd3c2c,
0xd2b166b1,
0x8cbe3884,
0x4da9f2e0,
0x097f2063,
0xe6220799,
0x92db979e,
0xdc1cc880,
0x07f75ce1,
0x74713402,
0x308c307a,
0xd3e5d132,
0xa2180ee8,
0x0320274e,
0x8632f1e1,
0x1eb5f778,
0x90510094,
0x0211fc55,
0x434de252,
0xb1e83cd3,
0x5094f003,
0xfb65a670,
0x418859ce,
0x8a1af998,
0x394f06a5,
0xf0c864b5,
0x2d10f9ec,
0xccf51bd8,
0xe3f569c4,
0x207281bb,
0xc811652c,
0xde346784,
0xf593ec5a,
0xa1b4e8d7,
0x979d2b74,
0x54a70209,
0x01de8fe0,
0x2c304d92,
0x3f94a55f,
0x08569dd8,
0x30d183b9,
0xb503edea,
0x93e10865,
0x894c5ea4,
0x319cd692,
0x5487f8d9,
0x158ab374,
0x2fb714ea,
0xf92e9449,
0xe94d53fc,
0x282cd020,
0x61d344a0,
0xd6e97b45,
0x5ce09c9c,
0xc026eb1b,
0x5a598958,
0x8885ce40,
0x973e06fb,
0x99ee6620,
0x471f4d79,
0x689fb9ce,
0x51823a16,
0x67867845,
0xe0dabeb1,
0xc19569df,
0x7279cbc2,
0x45a3a376,
0xd0583734,
0x248c9a29,
0x9fb6feb0,
0xb902849b,
0x9dd1625e,
0x8c1ba658,
0xfef95102,
0xc1e3379d,
0xf67c7177,
0xb9fbb47b,
0x1659bfe4,
0x2c8e65d1,
0x45d15532,
0x5d1cb299,
0x20041d5c,
0x8ef1c62e,
0x80416801,
0x7b67cb67,
0xe2b76579,
0x853214ac,
0x8ba64277,
0x78df0d80,
0xbe023008,
0x74134c97,
0xdf848241,
0xf83c76e8,
0x1066a7b8,
0x6796414a,
0x4514554e,
0x174bf671,
0xcdb5ab63,
0xf4c80825,
0xd917e020,
0x298c6181,
0x18dea8af,
0x3fcae525,
0x2c7baa82,
0x64985d53,
0x2a595d2b,
0x8ad226fb,
0xf1633bec,
0x6b318150,
0x157f6487,
0x6f25a33e,
0x8070b0d4,
0x39afc1c9,
0x22b0b611,
0x33ff933c,
0x9846403a,
0x7f20ea61,
0xcc36d8d1,
0xbd50c4be,
0xe0999d44,
0x9da11dfc,
0x8d743d54,
0xe9937a1e,
0x57ce4759,
0x2d3ea951,
0x9a329ccb,
0x9651f654,
0xbd358710,
0x921b0e34,
0xd75086f8,
0xeb953b37,
0x136ff9f4,
0x200e6651,
0xa1856ca4,
0x3808a5cb,
0xe50ef16e,
0x4be8d708,
0x2561a465,
0x9354ee45,
0x76ee83d3,
0x2a0b4489,
0xf4f228be,
0x1146d752,
0xc9325a38,
0x5bd779bf,
0x8877bb7c,
0xeefafc39,
0x3a50a357,
0x5537955f,
0x0ce9fcdb,
0x1837dc40,
0xa396e5df,
0x604f9382,
0x74d93b53,
0xabdeb58f,
0x2b13d5b8,
0x4222a1d3,
0x0f234786,
0x74d923dd,
0xa6a6a4d0,
0x0539e2b5,
0x78756041,
0xd3f02dd4,
0x17b5538f,
0xd73c8948,
0xf99e0455,
0x0c089aaf,
0xa7508e91,
0x0e86689d,
0xa16657fa,
0x088766f7,
0x4db6cc9a,
0x617803fd,
0x83c582e9,
0xf9a1f6d9,
0xb450befc,
0x49fc186c,
0xa1aee1e7,
0xc94cd304,
0x30beb245,
0x45bca226,
0xa1fc02d3,
0x483eaec3,
0x093252f9,
0xb0c50c96,
0x8dbbaadf,
0x417e9257,
0x0137fb7c,
0xb9a9d720,
0x594c8af6,
0x5f5de91b,
0xd6a26224,
0x44b156b1,
0x8b9b369b,
0x27b3231d,
0x41d80119,
0xccc8d420,
0x1356f09b,
0xf3417d10,
0xdf164a0b,
0x408801c6,
0xd4f72ffd,
0x60d1bc76,
0x1542dcaa,
0x23661a43,
0x2f41fbd2,
0x0c4b6b25,
0x3c69942b,
0x27261f5b,
0x82f8f04b,
0xa8926f96,
0x555a9535,
0xde4ede54,
0xcbac4fe6,
0x7af3b20b,
0xabfdcf77,
0xd0b4f3eb,
0x7550131b,
0x6b6df396,
0x669fef61,
0xbdf586a6,
0x693b42af,
0x0f60e595,
0x05eaff47,
0x98a35d18,
0x1e9543b3,
0x7c76b2fd,
0xbb3d74cf,
0x1f9a473f,
0xe82a51a9,
0x597f71b3,
0x358c33c6,
0x03fd9f20,
0xfdf41666,
0xb5b71dfe,
0x7aa17e2d,
0xbedacfce,
0x69163d9a,
0x046fe9d5,
0x2d87ca8d,
0x05a2b121,
0x93827703,
0xd974f087,
0x2a456141,
0x7dabdfe6,
0x9a7c122a,
0xc6c12a18,
0x67d067e4,
0x300c843b,
0x970d409d,
0x88b8b7d6,
0xede9be39,
0x17cbe8cd,
0x42b36183,
0xf736ef74,
0x7c862b71,
0xbfc2e4a3,
0x6bcfd889,
0xb28297b1,
0x3c0b9235,
0xad49d2f9,
0x8cd124f8,
0x342d08b2,
0x080415bf,
0x5fd769e0,
0xe6e63f41,
0x94526850,
0x899475ef,
0x6dae82bd,
0xb6f4737f,
0x612b009b,
0xc450fa21,
0x90e844e2,
0x5a1502e1,
0x3b7dab68,
0x15673e79,
0xdeaa917d,
0xeea92fcd,
0x96706091,
0xbe9d42d8,
0xf0f2aff9,
0xbf397baa,
0x45c52347,
0x387125d2,
0x14507bfb,
0x31d1a6d2,
0x2f2ac782,
0xaf2af791,
0x3b3f9737,
0x9141f84b,
0x9f25d5fa,
0x1448dc37,
0x87986fed,
0xe6376f18,
0xdd1dcf1c,
0x95d1370c,
0x7be41c37,
0xb5d8ff23,
0xcaf80640,
0xc5293948,
0x81933155,
0xd1d34325,
0xf22239bc,
0x3f4621cb,
0xac09435d,
0xe4417327,
0xa812507c,
0x7f9a6836,
0x9db02414,
0x4b59dca4,
0xc65d6898,
0x8b0f6455,
0xb6d25bc1,
0x7935a1b4,
0x096ad068,
0x90accae0,
0xb86472b8,
0x5d2dc79d,
0x676c75fe,
0xe925735e,
0x0302a305,
0x32667fb9,
0xa031da24,
0x89845789,
0xe940532d,
0xb4439290,
0x9352f10f,
0x04c4bb51,
0x74ec93c4,
0x1f0305d1,
0x1b99b57d,
0x05dabfb8,
0x261204f4,
0xe1d37c03,
0x0b5fc5dd,
0x49f0f595,
0x32697c27,
0xba05ee52,
0x6e24d2b1,
0x9d6d22f7,
0x05db7d79,
0x9207ddc9,
0xb6664f67,
0xd40d66d4,
0x45b57732,
0x712c782e,
0x457245b0,
0x620bc96a,
0xb63061ce,
0x558c81fd,
0x04bff043,
0xc59d7715,
0x842453bb,
0x56a1dfb1,
0xf8b67a6d,
0xafcd403e,
0x6f5d6fb1,
0x6ea08b46,
0xb7fc56ff,
0xd8ff90df,
0x10982d54,
0x2e4b6fae,
0x6e7d1b79,
0x8039f7f4,
0x6f98be1b,
0x0ab22548,
0x3c6f00d5,
0x4e8a7818,
0xeca3d456,
0x2d4cdd2a,
0xedd297de,
0x0d1420e8,
0xbaa8c334,
0x42d7051a,
0x9e974b93,
0xf85ad737,
0xd86c840a,
0x462cd8cd,
0x9456a202,
0xd66a09b9,
0x830c743e,
0xf7c434e7,
0x84cb9990,
0x58e0f462,
0xbf13f6b7,
0x2123fac9,
0xbadc765b,
0xa37ecbd1,
0xbb56ae44,
0xc2aedd44,
0xf3633198,
0x4de4fdb6,
0x124605c0,
0xa5355ad6,
0x710d5d8e,
0x2315881b,
0x1f00c836,
0xb3654f32,
0x001bd608,
0xe0e22b4c,
0x01be6e57,
0xaa868568,
0xf445c314,
0x9f80bfa2,
0x171f12dc,
0xeae0534e,
0x15ea73bd,
0x371ffd27,
0xb2771a24,
0x35300d29,
0x18a6f624,
0x18efa626,
0x16fff5da,
0x0acc06a4,
0xb544b960,
0x983e8727,
0x101684f6,
0x6d28b2b0,
0x1dcf4b7b,
0x2fec5a7e,
0xebb8f622,
0x87af34b4,
0x5f416108,
0xb1451b40,
0xa393a667,
0xbcc9f794,
0x63c5eb38,
0x887ddc56,
0xfb0fa151,
0x37076221,
0x27b7527e,
0x9c79ff92,
0x2f0b442f,
0x3a40ffcd,
0x3e5549ea,
0xdaf763b7,
0x795ac332,
0xe2275264,
0x829cf412,
0x83f894d1,
0xc372060b,
0xecac3749,
0x10fea3e7,
0x57d4b9fd,
0x0ecd7279,
0xea016597,
0x1129dc40,
0x5f7056b4,
0xf673ab07,
0x647496dd,
0x934d8374,
0x0d5f848a,
0x8656220e,
0x7fd69f24,
0xe3fc6c27,
0x19482f90,
0x27e561cf,
0x938a7972,
0x32acdd88,
0x670251b4,
0x016b7e23,
0x66640708,
0xd1410d67,
0x65b61630,
0x977e013c,
0x39849264,
0x25a44030,
0xa8487d8e,
0x9708335f,
0x6ded029d,
0x2d94114c,
0xd003ba8f,
0xff5ba770,
0xac61ea91,
0x2251c680,
0x1f806997,
0x962e1cd9,
0xf8abc5c3,
0x0c74d7ea,
0x490d6284,
0x212d21b0,
0x4dbc45c1,
0xf3ff1fef,
0xb07b8eb6,
0x8c2325be,
0x8badd852,
0xb3d7dee3,
0xa74d3320,
0x36dd88f9,
0x061110c6,
0xd51d5242,
0x9bcaef47,
0x40274461,
0xa8cbd88c,
0xc4640e89,
0x241b68de,
0xf3f738c2,
0xd71cb9f6,
0x95e130fd,
0x7bd6c4dc,
0x030282c3,
0x3ed072ff,
0x6b346140,
0xb5869e61,
0x0420694e,
0x5afb7bb7,
0x1e0fee3f,
0x5b40bdd7,
0x5e577faa,
0x10ccbf64,
0x415e8ec8,
0x55d6a97f,
0xe43af20a,
0x2f4598eb,
0x7889fe17,
0x4f624981,
0x73a780a2,
0x4384ebd2,
0x23afb8ef,
0x8646b1e4,
0x706d6b7b,
0xc58e99b9,
0x096e10cb,
0xc8ca9b01,
0x05c55ae7,
0xf28bf9a9,
0xf75b247d,
0x6afb6886,
0x30080ef4,
0x8ae67026,
0xcf686d83,
0x0b653fe7,
0xe45b0009,
0xa9b00bf8,
0xd793e3a0,
0x9d459785,
0x8fcb8bb7,
0x5499b285,
0x25cb2fef,
0x3861774c,
0xbe09ad71,
0x037d4384,
0x7d972be1,
0x7579b85a,
0x63d51230,
0xca87d9d3,
0x0692d99f,
0x5223a311,
0xdb1fbcf7,
0x58c57635,
0xc3f6011f,
0x1ec1dc37,
0x4c92e33c,
0x9b883346,
0x935e0d12,
0x1ccc2c77,
0x8e00d80c,
0x237309cc,
0x15953da7,
0x86255042,
0xf83eaf75,
0xe8019e91,
0x14a28e94,
0x7ca0c623,
0x4a1f4ab9,
0x4d1bc533,
0x0924579e,
0x1dd894eb,
0x5fcf2aef,
0x334d6d1c,
0x5799e288,
0xeb268818,
0x9d9b7f85,
0xe78b333b,
0x77a5cf90,
0xaa5fef97,
0x11bb795f,
0x438a1485,
0x74d59753,
0xdb7ae5c8,
0x67924867,
0x90079083,
0x47637199,
0x336f6b08,
0xc0dff654,
0x35f6f9d1,
0x4e11e426,
0x022862e9,
0x75a6cad5,
0x6e38c96c,
0xcc07657a,
0x8f18a0a5,
0x25b93e50,
0xf5421a48,
0x90a2bd95,
0xaf2220d2,
0x5fd675dc,
0x3e0d64c6,
0x532042e5,
0xe2680bae,
0x700f4bc9,
0xd1a35c0c,
0xf1824ba1,
0x3b5b91b7,
0xb32dbe94,
0xa8967d93,
0x103d466d,
0xbed1e85c,
0x927ffaec,
0x652f1d07,
0x4844edc7,
0xdc172f48,
0x6ab0c54f,
0xc396e08b,
0xf86d7e0f,
0x4c8b780d,
0xaaa947d4,
0x24aec35d,
0xe6f6f313,
0x482ae255,
0x782e7791,
0xb8df5beb,
0x1b52d4eb,
0x6112edbc,
0x73f4e17a,
0x56c3b4f4,
0x25a82ab8,
0xf3e42f1f,
0xf9a9428f,
0xb2998ba0,
0x5316088d,
0xad3de7ca,
0x46e986b0,
0xd3107e45,
0x2ff04133,
0xee5e9370,
0x26a804d3,
0x5fb4a25d,
0x89604ac1,
0xcb058e75,
0x0888517a,
0xe658c60e,
0x61a1aa9b,
0x880cc92f,
0x3a9d02b3,
0xe6ec53c3,
0xd8e72867,
0x65240709,
0xccfcd32b,
0x39bfc278,
0x82a89abe,
0x4b6eeccd,
0x065cfc12,
0x6189a731,
0x102d2bb1,
0x8eb83602,
0x0ed8aee0,
0x0371551d,
0x9dc88971,
0xc38f16f1,
0x47a3302a,
0x4d6b99fb,
0x2eaabe61,
0x6dff7ac7,
0x77b2dbe2,
0x74ea8ed3,
0x71c16293,
0x3f8cf55a,
0x6cf169d3,
0xb0bac4fd,
0x98c8f8f6,
0x9636d838,
0xd5bf67c9,
0x10358aae,
0xf1327767,
0x53d926d7,
0xb284c277,
0x296ae1dd,
0x82fa0130,
0xd32a29e3,
0x57a7f73f,
0x4e757160,
0xdabe868e,
0xfaa8be09,
0x38aee500,
0x87141ea6,
0xa1680ec4,
0x4d4b261b,
0x6f81e9f7,
0xd94a5428,
0x2b001ab4,
0xa4f893f3,
0x1683bbc4,
0x21655f27,
0xbf0bd71f,
0x5e472f71,
0x6020943c,
0x9d7ea0af,
0x6bb8fe64,
0xc8b438a5,
0xa0f8c36e,
0x1a7274ac,
0x405af903,
0x328dd499,
0x71843da4,
0x08f8de12,
0x7b69edb0,
0x661b1078,
0xb527db81,
0x288f7788,
0x30968ef4,
0x766d8afb,
0xc7c8de25,
0xae2078c0,
0xbdb6bef5,
0x795d5484,
0x0426a919,
0x3b7f9611,
0x6a32a681,
0xba001fd8,
0x52c44f65,
0x23500e8b,
0x9d033ee4,
0xe1b0f9b2,
0xbe7c61c6,
0xe603c5c2,
0xc4937c52,
0x20973f41,
0x2672f567,
0xa9a46386,
0xbfdb6602,
0x9533d961,
0xc5897027,
0xd8341dd0,
0xa78351c1,
0x32133cfa,
0xbcaf8655,
0xf295b511,
0x5e4d93e8,
0xd908b625,
0xe7663384,
0xa96d6ebc,
0xeb3fe061,
0xf0c52ff9,
0x19ccdfcd,
0xb6b1b811,
0x7f5e144b,
0x998a3d01,
0xdf186ed4,
0x94764cb7,
0x319560d8,
0xb4df3579,
0x48b84c86,
0x34bcc5d2,
0xd4f19dd2,
0x197dff20,
0xe4b1b8de,
0x3f1ca1f4,
0x5fb46787,
0xc4e57fa3,
0x2989bf5d,
0xebe1a09d,
0x5371ae98,
0xaaf91ffd,
0xb12b8c41,
0x22a07325,
0xb014332e,
0xf226616e,
0xd2f1cc8e,
0x22fcf106,
0xcaadcabe,
0x6e7f8e83,
0x9c735182,
0xdbe5058c,
0x7ae8182e,
0x3baedc11,
0x63bc69ec,
0x4919c45d,
0x2ca51256,
0x5c1e60e6,
0xf4e984f5,
0x567fa149,
0x88e80993,
0xd5555579,
0xf59659cd,
0x10f0836a,
0x55be5e3e,
0x9f342441,
0x784fc000,
0xc17bc98d,
0x1b24d415,
0x113ba5e7,
0xdb8745ea,
0x9772553f,
0x1a4ad243,
0x73fe7126,
0x823064c1,
0xf594ffcb,
0x162bc565,
0xdc9797d4,
0x68771480,
0x909f0852,
0xf9b84c47,
0xbe6d2eac,
0x6e99561b,
0x9b6595bb,
0xdc43857a,
0x4739dbcc,
0xc294dc62,
0xa762efbd,
0xccac3b22,
0xa319f37f,
0x040039e5,
0xc930bcc7,
0xc07903d7,
0xda0e49c3,
0x3d5f85f4,
0xaa51f435,
0x0696d6cd,
0x742a2e9c,
0x5e7ba032,
0x3a84f140,
0x28599f45,
0xa1c786f3,
0xeae44edc,
0xc8aaacec,
0xcfd49428,
0x8b8bdf64,
0x0ceec80e,
0xe23c30d1,
0xc3f9a02c,
0x844970d8,
0x546857cd,
0x1eec3cd9,
0xe88eb6e8,
0x0c72aaed,
0x6e8d996f,
0x6b00be0d,
0x7b69b831,
0x391e2f7c,
0xe6d3d6f3,
0x25d951fc,
0x3f4bd185,
0x2f915ee8,
0xcfc68d45,
0xabcdc18f,
0xba72d0b7,
0x21658c8e,
0xccd296ef,
0x525f6c07,
0xcf4b5276,
0xcf7bfb17,
0x588dc406,
0x0f81fb64,
0x27c259e3,
0x18bf74f5,
0x90696bd8,
0xa43674ef,
0x43be789b,
0x76d12b27,
0xba185d6c,
0x47dab010,
0x3d070ed5,
0xd6f3b380,
0x39b0c4ad,
0xe4ff186d,
0x3c860636,
0x3f750331,
0x4fd62c8e,
0x3e6beb20,
0x93ba548f,
0x0fb568e4,
0x1163341c,
0x37545ded,
0x570bd3d5,
0x2fee8cc7,
0x0ad7b0e0,
0xbb1e9f47,
0x5bf9440f,
0xe5cd0126,
0x9122d189,
0xa0edfb5a,
0xfd35729d,
0x68b0b70c,
0x93c9c59e,
0x143c8035,
0x89fe51fe,
0x9866d5d1,
0xa28219e0,
0x1312d387,
0x66f15602,
0xbff5e46d,
0xe1732dc5,
0xd1e5857e,
0x13368c4d,
0x50463f7d,
0x47e4cd09,
0x19249739,
0x5a29de53,
0x061c0568,
0x91bb5758,
0x4f1abafc,
0x4da04c60,
0xfba2b346,
0x335edd69,
0x5ab34934,
0x6e702350,
0x0b50ed52,
0xdddfed3a,
0x26b1a982,
0x967e0f80,
0xe0e327f5,
0x5ed84f70,
0xadde2ff4,
0xd2b90946,
0x6d60c0b7,
0x11ceca03,
0x28bc2f64,
0xf786dd65,
0x7e6e4089,
0xf403b85c,
0xabe18389,
0x7afd1ef2,
0x1772dcd9,
0x8237136b,
0xc1932a4a,
0x55e82959,
0xc71f8ded,
0x90748b74,
0xf91e891f,
0x630fabd8,
0xb96180bb,
0xf371cb42,
0x793753f6,
0x94d98128,
0xed68bba4,
0x1ae6b4a0,
0x520de324,
0xcbedca37,
0x6428a474,
0x6ba82b4f,
0x9e2facd2,
0xcb2bcfd6,
0x954b76f2,
0xa504cf1f,
0x469908c1,
0x51fb9c3e,
0x93301e4d,
0x8e89b704,
0x6a90ba76,
0x19a44344,
0x22a8cae0,
0xdb8efcef,
0x0b919362,
0x0492f8b0,
0x20bc02a0,
0x11127932,
0xda0ac0c5,
0xb14b1fbc,
0x0b4ed435,
0xbd0829c9,
0x8a762fca,
0x731e79e4,
0xf6e65835,
0x0dc428dd,
0x1e0e7885,
0xdab2e9d6,
0xabad23ef,
0x760ded0d,
0x178f1a66,
0xb2b05c48,
0x53d62633,
0x9d7df00c,
0x1c4a42c9,
0x956124fd,
0x173db9e3,
0xd2851440,
0x1defe49b,
0x657adb5e,
0x8bb4c19f,
0xe50c6057,
0x60b9db8c,
0xc8f2c3d5,
0xa1746111,
0x627418f9,
0x7f53b2b6,
0x32753c35,
0xb2f93a95,
0xe6489ce1,
0x4d35f181,
0xa6f22343,
0x6b70fc04,
0x37a2d424,
0x3c08ec70,
0x95a37daf,
0xe8aa9abf,
0x24e4f2cc,
0x7e9ab4a4,
0x716e433e,
0xbb07fc8d,
0x067abb8d,
0xb1c61f24,
0x29e9f6ef,
0xf0342b2b,
0x1f572cd1,
0xd963c42d,
0x6a5ca786,
0xd394b801,
0x2fb39008,
0xfe41c2fd,
0x172f0186,
0x672ee095,
0x9713231a,
0x818c9b6d,
0x29078a29,
0xd0cf2a7b,
0xfa56eaa9,
0xb3a511d5,
0xeba290e8,
0x56f7739b,
0x7fc92726,
0x88dd1c3e,
0x350a1cda,
0x35a29695,
0x8d166a74,
0xe230105e,
0xb9355b04,
0x1af4d713,
0x09204a72,
0xc2a5a293,
0xd4f90943,
0xd910408f,
0x8cade832,
0x0accc089,
0x1fc5ad90,
0xe19c29de,
0xbf8feb15,
0xa14f2960,
0xa8aceab3,
0x80150ac7,
0x5bc74295,
0x5889d11f,
0x8bfcadf2,
0x865af0c2,
0x74465887,
0x562dd90d,
0xf0516d10,
0xa4a8b0dd,
0xfba21e66,
0xb85a46e7,
0xffa986ad,
0x79084ddf,
0xb5519f85,
0xf77c2090,
0x41f98def,
0x3ae54466,
0x886920da,
0xccdde932,
0xfdfca330,
0x4a0e4563,
0xc4537b20,
0x27c2f887,
0x43e01428,
0xe37a6db5,
0xb09746b9,
0xab12a92f,
0x5cb81c1d,
0x5fb9b79f,
0xbad45a45,
0xacee6cd1,
0x0a6c66f3,
0x5df231a4,
0x7ebbcfb8,
0x20a425e0,
0xd1bfc736,
0x3684e05d,
0xbe36ba97,
0x3d73bc8e,
0xa0020b77,
0xc0c4beaa,
0x1c9ee2b9,
0x42928d5c,
0x06bc2bcb,
0x7c72c4b5,
0x83b53c68,
0x2408a967,
0x0c476f61,
0x10591395,
0xe567213a,
0x030d8f94,
0xbb9e31ae,
0xe871bf53,
0xddeb0a62,
0xcd33c13c,
0xf04c98fa,
0xe74ccb50,
0x01b6a200,
0xd36a0d94,
0x1f623b84,
0x04e91ff7,
0x51aadcc6,
0xa09fbe9f,
0x3e3bb5b7,
0x6b287d40,
0xf5ce3f9b,
0x8a06c52d,
0x9d5a2a89,
0x466f12e9,
0x006b8c00,
0xfcfaa508,
0xda472daf,
0xff212243,
0xb1399bda,
0x1953554d,
0xc017562a,
0x818208e0,
0x0b1c7cad,
0x2bfae731,
0x6957d6d4,
0x980eccda,
0xa88fdfb2,
0xbb496081,
0xf4144f32,
0xcc2871ef,
0x56f73dc9,
0x29da133c,
0x35aeb4f8,
0xb4ca48a3,
0x3db02377,
0x3de85d22,
0x30c8bd90,
0x6720e3c2,
0xba0ca50e,
0x170c8201,
0xef11414d,
0xdc7718c3,
0xc311cec2,
0x500f75c5,
0xbe0f984c,
0x319705cd,
0x1389b6b6,
0x01b2abda,
0x61ee863b,
0xa3df8bcc,
0x6e57934d,
0x96cbdd99,
0x002588f4,
0xd45fe266,
0x9e5ab7d4,
0xf0a4781f,
0x2d59fa9f,
0x919c1110,
0x2d2d441c,
0x60e566a6,
0x97abb7fc,
0xbbf7f68c,
0x6fba7615,
0x4248549a,
0x1604e410,
0x6a328b4a,
0x0424fe75,
0xb0b349f4,
0xa58fdc95,
0xbe6970b9,
0x57ea4e49,
0x2ab73f9d,
0x4776e50c,
0x0dd5e006,
0x385c2b10,
0x6b8e50f0,
0x89ef14c9,
0x9c29850e,
0x0a04b5c6,
0xf8ad9618,
0x15fa2b36,
0x23398907,
0x2ef5e43c,
0x9cb68f76,
0x291850fb,
0xa7af65e4,
0x2cd99088,
0x21e53ab8,
0x9e42e853,
0x48285bfc,
0x159779b8,
0x1e6c9a59,
0x0018fa0a,
0x14253344,
0xd72b4a36,
0xa897805d,
0x9ba7b6fe,
0x0adedad2,
0xb84e2808,
0xf5af6288,
0x4c392ced,
0xcf212450,
0x9e3f70ae,
0xa4174b38,
0x4d6ce650,
0x7825e0a5,
0x19b4192d,
0xa04290a5,
0xa52807fc,
0xe56d8d91,
0x7c510dc7,
0x0edeefad,
0x76196bf2,
0x4563e974,
0x1262b678,
0xb9eb08bd,
0x2a965090,
0xfa5720ad,
0x70a4e766,
0x3bc6a489,
0xcd071dd9,
0xe8381c3e,
0xcf2fe548,
0xe211aa81,
0xf5ae9c16,
0x137c90f5,
0xfc0bd0bf,
0x673059c1,
0x0f6a78f5,
0xcf1eba3f,
0x5924e255,
0x32b785c1,
0xb0d23f2a,
0xce630c91,
0x7f09230a,
0x07eb306e,
0xf71d243d,
0xb120fcc1,
0x32e9396a,
0x0038bec5,
0xff25ab6c,
0x4962d7be,
0xecce6a7e,
0x1cceec1d,
0x9a6b14ec,
0xa5a6eb2b,
0x45f711dd,
0x84b7f57d,
0x46f53716,
0xea361dd9,
0xe2f9dc37,
0xe217f53b,
0x7a7b51df,
0x4216fe9d,
0x4c1c62f9,
0x28e9aaf0,
0x256c60ab,
0x76f2a756,
0x184d60bc,
0x51a78362,
0x269f9d46,
0xc5a36d8d,
0x6b107286,
0x8a06f3a2,
0xb177c52a,
0x401c713d,
0x0f3018de,
0x75fd1aaf,
0x6c1db7ed,
0xc3ebf785,
0xa32a9e15,
0x94f7f65b,
0x2c7dfc17,
0x2bad5004,
0x10acccec,
0x693e9584,
0x3684592f,
0x5a48219c,
0xac5d2adb,
0xca1c5e39,
0x0a59e88e,
0x85104448,
0xf36f2395,
0xf2933cd3,
0x9f78545a,
0xdf806c42,
0x73d1ebb5,
0x4866a94a,
0x4582b89a,
0x1b80621d,
0x2627642a,
0x54ef6285,
0xd5868520,
0xeb726155,
0xb6884ef1,
0xbd44ab30,
0x16bf8d09,
0xe6df9eb7,
0xfbdb3cd3,
0x007473e7,
0x832f6c55,
0x371dafd9,
0xbfcdf8bc,
0x76960946,
0xaa0e8112,
0x50ee8c1a,
0x9dd4a8b8,
0xb268b176,
0xf6828a4c,
0x1f735259,
0x24cf7fec,
0x629bdf99,
0x5b11dcf3,
0xf9b6388a,
0x0df1be5c,
0x34619b50,
0x40aeb7ee,
0xaaf4c7c2,
0x3e0ef04f,
0x9cd14dce,
0x8ada81bb,
0xbcd1d38d,
0xe195a60a,
0xf3e0e6a2,
0xe2648fa0,
0x55d26afb,
0xc0e88917,
0x78ce5c00,
0x16ee787c,
0xeb3e5c0d,
0x58e9b1fb,
0x02f6e3d8,
0x06e6ce17,
0x01ef8a42,
0x76ac7149,
0xae565f5a,
0x2adc3fc6,
0x8a59626b,
0xe87fe6d4,
0x13b0dd42,
0x4d7adda0,
0x708dd335,
0xde8b8090,
0xcc2f9060,
0xb14c199b,
0x1c9615c0,
0x11bd154f,
0x28c152d2,
0x40048b32,
0x3e74a5e4,
0x11b393f6,
0xa077acdb,
0x089ceaf4,
0xb06cdd6b,
0x9e05d2ee,
0x437d21ff,
0x8a5b7c15,
0x4ac8406c,
0xe587c1ae,
0xc78ada6e,
0x5806a86e,
0xc6241588,
0x842e553a,
0x14d97759,
0x5100a7de,
0xa46da8ca,
0x31315297,
0xccb1c223,
0xe4cedbba,
0x15695f74,
0x365e799d,
0x40617a86,
0xfab61f7d,
0x03f8d513,
0x74618a47,
0x8195273b,
0x5680de75,
0x3c66203f,
0x53a079f6,
0x1634dda1,
0x34e4e626,
0x331642ec,
0x3c291919,
0x5439d52e,
0x16e5b53f,
0x41e0546f,
0xdd46fc46,
0xcf10de47,
0x0a747b4d,
0xef50b2aa,
0xffaf1ae9,
0xb9ee54f3,
0x71c82b79,
0x027ea3bd,
0x562eb4d4,
0xb4a7e010,
0x2f8f4e5e,
0xc6742ec8,
0xc0e8d063,
0x44573ac2,
0x0a512ac4,
0x3ec189e0,
0x6bfed5de,
0x0e56df79,
0xd3438d97,
0x63d8bec8,
0x16d4d5db,
0xaf7bc700,
0x9e7f7b84,
0xcc865601,
0xd9a5b1aa,
0x25b6bdfa,
0x087e6063,
0x39fbf3a3,
0x1f5610a1,
0x1350cf33,
0xf0a9d75d,
0xb944d9be,
0xc865b5b1,
0x2d11eaa0,
0x2f3420bf,
0xa7639d7e,
0xfe7b6a13,
0x89ff79e6,
0x9adf6d0b,
0xa7e806e0,
0x3a2be931,
0xe0d7d454,
0x49053fc9,
0xa72d3f48,
0x08c7f596,
0x03fbb90b,
0x073b63c7,
0x3481af47,
0xc3a3dfa0,
0xfbed7ea0,
0x9e930812,
0xf6b688fe,
0xa7a3ce16,
0x0ab8b253,
0x1e38a111,
0xb1ad783b,
0xaee4c3e7,
0x253de96e,
0xd53034e5,
0x8c5c9451,
0x85778494,
0xd0739a16,
0x527b7316,
0xba013363,
0x2b43a455,
0xc270ee7f,
0x1036bacb,
0x9e5093ec,
0x9f612d96,
0x9597b377,
0x2d331474,
0xbfdf21ba,
0xec563c51,
0x6182c420,
0x8e14ca53,
0xb34f8004,
0x46babdf3,
0x902a4684,
0x722bb968,
0x8af86212,
0x611f9dfd,
0xe3e5891f,
0x6e24e8f3,
0x8aba1e85,
0x3a210372,
0x61734597,
0x04e5b47d,
0x3d92eedd,
0x8e947542,
0xa1d7e420,
0xae07390e,
0x21c07136,
0xa1f528b9,
0xf1577082,
0x04052d70,
0xcc0bb65c,
0x08c63a7c,
0x5d04c3c4,
0x82ef2946,
0xc5139c07,
0xe4d24040,
0xdeb3ef8b,
0x3f480957,
0x2ad6828d,
0xde11b402,
0xb99332af,
0x17b6394b,
0x4d8bd517,
0x9dba883f,
0x18bbdef0,
0xfa0b24c5,
0xe7a1293f,
0xd0edbd13,
0x7b1c7cc5,
0xe8f0a413,
0x7d3961c4,
0xe07890b5,
0x4b5f1ad0,
0x457bfd06,
0x7c7a879c,
0x4e5a697a,
0x7228576f,
0x1dcc5806,
0x0abc7a1c,
0x96dc685b,
0xaed1d350,
0x8b4e0eb3,
0xd8a2aa3a,
0x68e9e96a,
0x3905be1d,
0xf17b88b3,
0x2cab729a,
0x7f013cf0,
0x00ab8c0d,
0x72dfbfb8,
0x363be41b,
0xdfd2a057,
0xbcd0c894,
0x0252611f,
0x37277239,
0x92466e23,
0x5aa18f35,
0x245f2fdc,
0x5e24e942,
0x44743348,
0x927c2137,
0x132b1278,
0x0888578d,
0x7ad77adf,
0xf695157c,
0x967374a0,
0x1ebacc81,
0x66d48937,
0xea266bc9,
0x2b8fb1e9,
0x1b3bc2be,
0x783ac0a7,
0x6816361e,
0xb53c1cc4,
0x986979f6,
0xf7ed1084,
0x0871b628,
0xf7f512bb,
0x7a2bf879,
0x28510d8b,
0x23f1d422,
0x2dce9444,
0xdaca1a4c,
0x12d7a174,
0xc5b64e16,
0x92ab4e6b,
0x30eac498,
0x416361fe,
0x98f7c7d7,
0x922b6253,
0x08d3e688,
0x41741904,
0xdc5f41fc,
0xeca14ee0,
0xa1ff1120,
0x4978757f,
0x3488db45,
0x34ffedab,
0x9bfb270c,
0x30f99e9c,
0xd687be5e,
0x59dec0e5,
0x848760f5,
0xc8bbaf35,
0xd54b16ed,
0xe326996a,
0xb6995b92,
0x44d83414,
0xd420adb2,
0x016141b2,
0x4dfec841,
0x80e88fc9,
0xd93ff552,
0x1fd41164,
0xf3db0fcf,
0x5aefddd4,
0x7267c728,
0xcc910e90,
0x444d0184,
0x647be7db,
0xd46dc735,
0x6b0011b4,
0xbfc39a3c,
0x0df86276,
0x96e9aca4,
0x0defb21e,
0x035c4aa3,
0x3c826ab9,
0xc6904623,
0x7ba9cd36,
0x3d05ef8b,
0xcfc5a282,
0xb973d071,
0x23591f4d,
0x7d74ba25,
0xb0aefc44,
0x62bbaa44,
0x8e20fef0,
0x90901f06,
0x84638c0b,
0x4daba33c,
0xf150b523,
0x5dcd8feb,
0x79cf48c4,
0xf011c731,
0x87618517,
0xe11c5779,
0x73e175d6,
0x7f2e7fc8,
0x7f21cdb2,
0x735714e7,
0x371af852,
0x46d1ea3f,
0x01965c2f,
0x29959fcb,
0x65244c03,
0xa9cbf600,
0x1ba5fbff,
0x291b6937,
0xea2af017,
0x32da9aa1,
0x640886e3,
0x851bdb60,
0x12a29d6b,
0x67221a71,
0x0ec7738f,
0x818cf505,
0x04159d93,
0xa2d535f9,
0x0017aec1,
0x63a085a5,
0x4f91b332,
0x5262b1d6,
0xfb8709d5,
0x0dffd5b1,
0xddbfacc5,
0x0b13de6d,
0xd9de5444,
0xbf78bf9b,
0xf4471b3c,
0x1f82be03,
0x303dc9aa,
0x21068ab8,
0x1859149f,
0xbcb08d3c,
0x44381dc8,
0xd8b984d5,
0x70f57e6f,
0xeb578a5c,
0x16e40c37,
0xa5adcaea,
0x3180a2b0,
0x7a2c807c,
0xa870429e,
0x5c000d65,
0x46b8dbb7,
0xfbcec462,
0x083936ee,
0xaab12dc8,
0xc1be1199,
0x5ebb2047,
0xb79d8301,
0x0cf4fac4,
0xcec4e401,
0x83a8ec6e,
0xb9e421d8,
0x8b5efb0a,
0xe035311b,
0xddc7281a,
0x6b80b877,
0x37a3332e,
0xdb7159e2,
0xaff76b0f,
0xc12deafb,
0x942809cc,
0x8f5b0d50,
0x4125fa47,
0x124951b3,
0xbdd4322e,
0xfeed0efd,
0x49795160,
0xbd8ead18,
0xca6390e1,
0xbd3749ae,
0x483ac6ca,
0x35703dda,
0x584e8d76,
0xf2951d42,
0xf3733d55,
0x936b2d4e,
0x8200b946,
0xe10272be,
0xd91cf3fe,
0xec75e5f0,
0x6e5308f6,
0xe255b89f,
0x3e746ca0,
0x12f9bc57,
0xdadf02ce,
0x365b76c9,
0x20f63529,
0xfebd5599,
0xb032ceba,
0xd9451c1a,
0x76e8926d,
0x6c9b7f17,
0x488a0a2d,
0x25f53b0d,
0xa170ab40,
0x60911e66,
0x6b01a445,
0x07d84a43,
0x25a7825c,
0x4f989572,
0x4d51ddf0,
0x45ac94c6,
0xa2f55d17,
0x97ec11b5,
0xb1193562,
0x280a4153,
0x56e455b7,
0xc6184850,
0xf630eb7c,
0x2ea30407,
0xcc05d968,
0xd8413795,
0xd3e36fcc,
0xfc46953d,
0x3102d776,
0xfd734ad2,
0xe4e3d22e,
0x36f7dfba,
0x933314b4,
0x58bf4d27,
0xcb045351,
0xe1489d6a,
0x3ceb1fae,
0x38b9dcad,
0x25e22f6f,
0x9b3cb91f,
0x4620605d,
0xde916e58,
0x566a60a8,
0xb5392970,
0x460a4106,
0x984f7b3f,
0x941c9de1,
0x16302981,
0x98951c0f,
0xd230c130,
0x5bec0999,
0xd86690f4,
0xa1e004df,
0xa952e549,
0x0d34d7ea,
0x11889328,
0xd1116d3c,
0x5c723d1c,
0x02d748d3,
0xe35278d3,
0xc6677987,
0x47c47717,
0xf92b7771,
0xe8469e7a,
0x1b8fb296,
0xa817b9bd,
0xbe0a572e,
0x214a85e8,
0xa9481b97,
0xa1efcf54,
0x7c492b77,
0x0ffe6a02,
0xe2aae789,
0xc8e2bdbd,
0x3c61c6d4,
0xc92aa4a1,
0x3535b1b1,
0x695de68f,
0x85598575,
0x260a39d1,
0x4b50f330,
0x193a6cfa,
0xf7773a0b,
0xe51b2e1f,
0x733e152e,
0xbe593bf4,
0xb9f0d36b,
0x356b7bd4,
0x33e66c2d,
0x5170b125,
0x7227c7ec,
0x0727dd49,
0x18f51451,
0x04209c42,
0xec1f5e17,
0x7f3ebf22,
0xa33d5d00,
0xd565c63b,
0xe27933f2,
0xa6d8b7e9,
0x8906efc5,
0x27f21a57,
0x2b5a6d47,
0x8b5f30b5,
0xb55b5caf,
0xba40e281,
0x487b67a5,
0x24024e17,
0x8b81bcc7,
0xe29fd4b8,
0x52d83096,
0x8a055c9e,
0xa54c8ceb,
0xd65068a3,
0x8e16de65,
0xc4918d22,
0xa3ed9b62,
0x35827204,
0xcb42be89,
0xdb3fc774,
0x017abd53,
0x790998ed,
0x7c56584b,
0x98700809,
0x9c264d03,
0xe103ea42,
0x224330b7,
0x4761ca9d,
0x8de44057,
0xd875ca97,
0xa2699a98,
0x6d40654f,
0x95b726d3,
0x8279bdf9,
0x49ce7ce4,
0xabf7dc93,
0xcbe68cec,
0x889028c0,
0x6fe82cbc,
0x961c02e6,
0xf68c7527,
0x6d00d3ee,
0x9aed8652,
0x82346392,
0xc0a94521,
0x51cd1dde,
0x5334f078,
0xda756d72,
0x352c9843,
0xa849e006,
0x2eabad20,
0x50269bfd,
0xbf18a019,
0xb5d6142a,
0x4362b326,
0xc676ec34,
0x662c661f,
0x8730b350,
0xbd2df3a3,
0x3f545341,
0x41ba2c95,
0xe662cbf1,
0xfd176544,
0x21dbe169,
0x7575c416,
0x4c64d057,
0xd5d4a8d0,
0x21b2d0a3,
0x3113adb1,
0xc367f66e,
0xebc67c74,
0xf8638ce7,
0x89242883,
0x7967a876,
0xd10fa462,
0x0c2bfbcb,
0xcff5fb5d,
0x0ba6b492,
0x8999dfa6,
0x64b300c7,
0xc09e232f,
0x4aa4b40e,
0x47ed909e,
0x267257dc,
0x86d50efd,
0x30158a6e,
0xc241fab1,
0x41acea78,
0xb8ecde66,
0x8c1be097,
0xe00d2869,
0x810fb523,
0x7c498aea,
0xe81983b3,
0x4dd8a95c,
0xf5d89733,
0xea81b6f7,
0x7f6ef63f,
0x8d1fa409,
0x2669538d,
0xbcb56053,
0x727544f6,
0xf0aca4bc,
0xf7f9ef7b,
0x22c7958a,
0xb0b4e13e,
0xb2628da5,
0x61c6834d,
0xf99c6247,
0xdec554cf,
0xf5c4583a,
0x693583cb,
0x1ca29596,
0x941f1dca,
0x544890cb,
0x5f0e321d,
0xfa1c6104,
0x4ff4ca81,
0xf73e7bf8,
0x7d56660a,
0x146c352b,
0x8cea348f,
0xb529d091,
0xf66ee17c,
0xa9fe0832,
0x97f9d032,
0xdfff570a,
0x458959cf,
0x436215ec,
0x7d2353fd,
0x2bfa62b5,
0xe07db4dd,
0x0989c3e6,
0x8cbd25a1,
0xf329229a,
0xa1211bd2,
0x619d7a8c,
0xd495a713,
0x291fded9,
0x0e98367e,
0x70e5af1d,
0xedddc8d9,
0x41f70b77,
0x31d8a467,
0x4e92801d,
0x3a97e8f3,
0x6e87591b,
0x605aaa18,
0xc496f907,
0xc36ccd21,
0xa144f881,
0x2d419447,
0xefebbb68,
0xa59689e5,
0x72d8d55c,
0x3939923a,
0x5c0503f9,
0xb4260eb2,
0x076bf74c,
0xe8720421,
0x83322c0f,
0xe0df6116,
0xceca4c57,
0xde19052c,
0x2169e33d,
0x98f9901a,
0xace70a24,
0x10c40bf6,
0x8b3718e9,
0xe1f8ce64,
0x1242c579,
0x70ce0067,
0xe8663f9c,
0x69cc99ec,
0xca3dc032,
0xc4ee565d,
0xb2978e26,
0x3815bcdf,
0x68f024b4,
0xd6c25f10,
0xba4d0daf,
0x59669f62,
0xd444a5af,
0x5d635737,
0x4425f68f,
0x29ba8687,
0x35f5c388,
0x0b06822d,
0xc26ed65a,
0xa85766aa,
0x2244de3f,
0x8ad774b4,
0x42e795a4,
0x2d281aa6,
0x17249259,
0xbcf5916d,
0xafb177cc,
0xc69b4cc3,
0xb30fb2a6,
0x9bcbc7e6,
0x92df1beb,
0x7f3b7631,
0x025ddeac,
0x8d8d42cb,
0xc19d65d2,
0xbd362da1,
0xad606ab1,
0x43cda7d9,
0x99acc567,
0x2329cd85,
0xcaf4b629,
0x039a968c,
0x1266a95d,
0x05646cdf,
0x40f6b4f4,
0xd814c501,
0x12023362,
0x7e913012,
0x40f0a40f,
0xaa3656a7,
0x42092373,
0x60354470,
0x874d23b9,
0x1ea1ec64,
0xd5952819,
0x5b20a23b,
0xd4516794,
0xf2a22820,
0x9aa37c2d,
0x1c918e22,
0x03b0a45a,
0xb5a82b42,
0x3f2947a5,
0xade78f9e,
0x77f50f5b,
0x6a186fb0,
0xd670c431,
0xc11db9d6,
0x47916056,
0x42c18725,
0x21e0e714,
0xb98f312d,
0x41dd2573,
0x9c0ed79b,
0x7ebafdff,
0x02ccc792,
0xa581889f,
0x69653ab5,
0xdf035b3a,
0xdd15db44,
0x16735ec3,
0x703ff36a,
0x1162dd13,
0xfcb1887a,
0xa61e9a99,
0x2661fbd9,
0xc18c097b,
0x7aeca677,
0x5a7d710f,
0x6d84d0ca,
0x23dfb234,
0x45ed9952,
0x1c7f1bc6,
0x2b49af77,
0xf65d45d2,
0xa6f94073,
0x7834c158,
0xdb9fc8f5,
0x7b9c0931,
0xa0613c98,
0xd884c9a4,
0x3d8ac777,
0x716a4eed,
0x6a142f57,
0x9e7bd793,
0xa9aa9392,
0xa7ac61c8,
0x7e672500,
0x64fcb766,
0x547b9bde,
0x055d09a1,
0x1ba9de6f,
0xfc27de8b,
0xe8a22842,
0xd030da20,
0x80cf620c,
0xeab36083,
0xe1fa2ac7,
0x383e88b8,
0xf4205029,
0x1f1c7a61,
0x176aeed5,
0x166ba81e,
0x9619d363,
0x8f32e924,
0xb3243720,
0x1b2730f2,
0x3b969f82,
0x114216f7,
0x46090453,
0xc6fc872e,
0xefd33b45,
0x94f6ee06,
0x42f5c039,
0x03a6ad52,
0xac9a0206,
0xcc4e6737,
0x8db0a548,
0x0b711b8f,
0x7e8cbf2d,
0xbb052efe,
0xbbcea179,
0xd00b7797,
0xf353af1d,
0xb2edc2d2,
0x054b1a7d,
0x34186d26,
0xd6010f79,
0x9b62388d,
0x02eb8cf3,
0x6bbe7013,
0x701de7bb,
0x1381c58e,
0x6574a15d,
0x16c46793,
0xda69c0c7,
0x076250b6,
0x146c9c16,
0x4cab3300,
0x898a1a73,
0x53a02e36,
0x0f5dddec,
0x1832cb99,
0x3ffb131a,
0xff7072de,
0xbb2490d4,
0x797b7668,
0xfca19ece,
0xc4b3aa18,
0x0ea0fcf8,
0xc2a5f042,
0x75b19a43,
0xdf278f79,
0xa52d2ef4,
0x37b074bb,
0x32d77eec,
0x9d5678de,
0x90e79f16,
0x7a02158f,
0xc9009de2,
0xde7cee7f,
0x8c271f54,
0x5a2a27e6,
0x48a8e785,
0xc7e38b8d,
0x4d03b364,
0x0aee2f8e,
0x21204ea0,
0xd19fcf76,
0xd1f7cb8d,
0x019b2e6d,
0x925ee6bb,
0xe068de8e,
0x4ce2a761,
0x99cc0cce,
0xc126b3ec,
0x70ba093b,
0xd11bcf27,
0x517f23a2,
0xe4e91fca,
0xb280cd15,
0x91e2f285,
0x72b3ea97,
0x460ca0af,
0x0f82f784,
0xc1ec8aaa,
0xc0505905,
0xcc2e6c1d,
0x5d16c9ad,
0x68e1453f,
0x10522200,
0xd289eaf2,
0x932e1fb9,
0xf0ecc318,
0xa5b9c1fc,
0xb002848a,
0x0c9957b2,
0x3695b712,
0xde7e4206,
0x9f0b00b3,
0xe10f918c,
0x82041043,
0x6b0fc232,
0x3f760e1c,
0x5b8a278d,
0x044181eb,
0xb53e78d4,
0xff1e265f,
0x3602909b,
0xc7c301cd,
0x8125ac69,
0xf48a5a1e,
0x718250a7,
0x90c94130,
0xcfeced77,
0x5480d4bd,
0x6a32d5a1,
0x6f189cfc,
0xfc2bb082,
0xd2dae14f,
0xa3f7387c,
0xa0330660,
0xafe6280e,
0x92dd5428,
0x9224b5e6,
0x42d843d2,
0x6670d6f7,
0xa5cae869,
0x352ed1cf,
0xb66b8c67,
0x2bd233ce,
0xc60a7436,
0x6ce74b7d,
0x909d34dd,
0xb083a5f2,
0xcb692142,
0x7e5cf5d6,
0xfb4494d1,
0xaea3595d,
0x4b3589cf,
0x3b0f9d33,
0x20910f6d,
0x9f04333d,
0xaeac10be,
0x43b7e7a7,
0xb764ddd6,
0x2fcaeea6,
0xe9823f92,
0x7f8a9f7c,
0x767d8149,
0x88645f84,
0x8609e65a,
0x47aae3f8,
0x1dc8e200,
0xf51f2e58,
0x399c4e1b,
0x88f99c52,
0x6be52b51,
0x88dc35ec,
0x957b9171,
0x245ccfa9,
0xb7d6fdaa,
0x1db55db2,
0xde745c90,
0x0c93568d,
0x43ebbb4d,
0x94a9db4a,
0x78ecf4b9,
0x45bb3e76,
0xc0beae50,
0x5a957b36,
0xff9742e4,
0x54ec0699,
0x69dea63a,
0x9211ef3e,
0x02b4cb39,
0xe358b14f,
0xe76a955e,
0x33ca76fd,
0xc9679bf7,
0xcacdad0d,
0x69ba475a,
0xbb35718b,
0x91161eee,
0x992ec3ec,
0x6e8a5497,
0x95526d2e,
0x5dbd3c63,
0xadf43cd0,
0xa3ea68c5,
0xb582d27c,
0x4df1765b,
0x3856ecb5,
0x9b18aa4b,
0xf34ed491,
0x646e7630,
0xf76485e6,
0xe000802a,
0xfb209f43,
0x52ae5264,
0x2e779cb8,
0x9442bbc4,
0x6dd06fe9,
0x90e5aaf3,
0xdacbdef2,
0xf84ae837,
0x192b57bd,
0x0b4cea01,
0xd6645e81,
0x40e035bc,
0xe703ad4d,
0x284a8803,
0x0d2369d0,
0x3dd82083,
0x087a2cf0,
0x3b55f2ac,
0xa3fa2a1e,
0x5b3f5d81,
0x90ea94d4,
0x4c1c3e05,
0xb332fc12,
0xd0dba1ab,
0xe2efb675,
0x1136d736,
0xce28f7a3,
0xbb857d40,
0x300eaecb,
0x381fc0a4,
0x0fae86f9,
0x3b372ce7,
0xb215e1fb,
0x2395031d,
0x9cf24a83,
0x12908625,
0x6d275580,
0x441bcdd1,
0x315dad0c,
0x449b8ba3,
0x3bb3b2c6,
0x9a1ccb9a,
0x495347c6,
0xcde7365b,
0xf213fe35,
0x51aaa0f7,
0x1b6c67bb,
0xdd917bb3,
0x7d6298de,
0x18c500e0,
0xcd8e5eae,
0x45fba5f6,
0x100658ca,
0xcd120820,
0x22f3918d,
0xd726131b,
0x2bfe0548,
0xf0d3562f,
0xcf7d69b8,
0x8e0b1d76,
0xb115f941,
0x15ba1f40,
0x9ef17884,
0xcf83d6b8,
0x956d4e63,
0x5da645e4,
0x1094b236,
0xfd9e9ca1,
0x51057484,
0x4e1c26cf,
0xbf7a9754,
0x3e8ba1c0,
0x878fe912,
0x56a1a7a6,
0x30fe19d6,
0x3b0b60f6,
0xae39c5cc,
0x6c6e8f41,
0x7b5a62ec,
0x9ee1ae05,
0x39a02fec,
0x1ca9c214,
0x1a9c392e,
0x00283bcb,
0x88703c68,
0xb4f6e6ce,
0x326a9c64,
0xa34f0f87,
0x77d4fd74,
0xf67afd37,
0xfb77b38f,
0x35035d3a,
0x424eb088,
0x83a287b0,
0x7cc9f250,
0xcbef2957,
0x5f986e30,
0xdb19076a,
0xdc667651,
0x96fc5e8c,
0x703579f6,
0x5d1d0a2d,
0x5b20f1c6,
0x9776f6b7,
0x4b60fd79,
0x650c16e9,
0xce421816,
0xa6bce1f9,
0x6e998259,
0xae0de167,
0x829e66d4,
0x277b684b,
0x80bf056e,
0x12fcb2e6,
0x9ad70dc8,
0x791e8c58,
0x9be53a9e,
0x5fda7551,
0x31623d3a,
0x21d69128,
0x188390dc,
0x586b4632,
0xc65b86d9,
0x5918c2df,
0xd1c9f8b6,
0x111fe00f,
0xb22bb498,
0xedc0201a,
0x1985b8bf,
0x8d7392f7,
0x3e84ac42,
0xd9511f63,
0x40d6b89d,
0x87c0e880,
0xad605330,
0x13388313,
0xd1493215,
0x6bdb378b,
0xe9234fdc,
0xa54930ae,
0x92d4d6a1,
0xc9f678e0,
0xf3101a4c,
0xec5054c9,
0x5b12c1a2,
0xed0b55a8,
0xfd042631,
0x41d7a033,
0xa74a3e1d,
0x574a0281,
0x8dfb05cf,
0x6cc76788,
0x09bb0edd,
0xb5156ba8,
0xc74e10ae,
0xf1ad3be4,
0xa38de5a0,
0xf2f5036c,
0x4ef73303,
0x987c0865,
0xef48beee,
0x220b87fc,
0xce47cb98,
0xf21cd2b8,
0x72f36970,
0x098e74e9,
0x649ce7e7,
0xb877bf51,
0x8d1191ea,
0x414c563c,
0x433684e1,
0xa6fb394b,
0x7ae91ba3,
0x3e6e2344,
0x267750b4,
0xd0ef3724,
0x79922e62,
0xb56ef41b,
0x3d1e5229,
0x36ae707a,
0xfb83ccc3,
0xf986c554,
0x0f14303d,
0x09df58d6,
0x60e6b2ed,
0x336886d4,
0x05bc1c40,
0x3da1fb90,
0xe735420e,
0x2a574ec0,
0x1e37aaa3,
0xd18372ad,
0x41a74866,
0xcbb92ac5,
0x3c6a36b4,
0xb5f0bf3d,
0xff5527c7,
0x9a73a435,
0x067e7c91,
0x6d8d4023,
0x0b193294,
0x9c6ab9d4,
0x41e2d35b,
0x9b94f44c,
0x9393b396,
0x640bb984,
0xec0350c7,
0x5b906bd1,
0xf2bf3a53,
0x493b3970,
0x6538a107,
0x9f3533a4,
0x054aa973,
0x60827c2f,
0x2d716aed,
0x8a820cdb,
0x45e94ec0,
0x2295d827,
0xbf9aaf11,
0x7bda25a7,
0x0a1600ae,
0x8a19eee3,
0x3e71a5fd,
0x2999f4e5,
0xd71d86ce,
0xa8f0e6ea,
0x9346504e,
0xc07a6db3,
0xa5a3f6f8,
0x8cd0b3a4,
0xa7d69c30,
0x13ab94c2,
0x4b2c32c6,
0xfc7c4a2c,
0x3c789bee,
0xbd1f054c,
0xb617f33b,
0xc848e684,
0xe08474fc,
0xed1e1077,
0x1f04ab45,
0xecf7c9cc,
0x01ada17c,
0xdd58fe7c,
0x93a08de2,
0xdf5831aa,
0x50e24b09,
0x8caae025,
0xf74bdb93,
0x78a718fd,
0x1429a056,
0xaa4c8a4f,
0x49a87356,
0x7a6de29f,
0xcfc45297,
0xb55ca54f,
0xdfe3560d,
0xef240d14,
0x72f8fc01,
0x80f1defb,
0x0f242c23,
0xae8af9cd,
0x3a37aa2b,
0x6d79975d,
0x70e58df5,
0x200b7652,
0xaeee5864,
0xb350bf35,
0x8b8e60d9,
0x53bf6ef0,
0xf63a64b1,
0xf2ebb9d7,
0xb509ab6f,
0xae3a131b,
0xb2130e34,
0xa6cc33d9,
0x9c92c2e8,
0xb231e3e5,
0x4b5a2ab0,
0xd20a4b2f,
0xff6c2e08,
0x133de2ef,
0xb919dd37,
0x380d0bfd,
0x1e8ca1e4,
0xa6a6e1ae,
0x9b6f8ac7,
0xdb478f97,
0x4bd29e06,
0x77d0d32e,
0xdfb7bc93,
0x3926d14c,
0xa187b1be,
0xa9ece462,
0xaac664b6,
0xfc912bc5,
0xa5957346,
0x605610ae,
0xd68ae617,
0x6208b580,
0x21ab3c9f,
0x6e75e56e,
0xd099a733,
0x1dbfe36d,
0x9ded001d,
0xc7c9cfd6,
0xd892beb0,
0xb03e241b,
0x591716bd,
0x35430e69,
0x57f4b408,
0x6ee0b1e2,
0x41ed9565,
0x244005cc,
0xc8b610a9,
0x8cbe5e64,
0x8b25ba87,
0x8a0afddf,
0x3ec33d55,
0x2b73d146,
0x46135daf,
0x1107c200,
0xf5bb3e64,
0xb79853b3,
0x34060624,
0xcf0e20f4,
0x35dae8b0,
0x166b54fd,
0x5150c3d0,
0x1418246d,
0x97d5c378,
0x7ed23154,
0x62d6c444,
0x93643109,
0xfc534d8c,
0x4f57c591,
0xc39637db,
0x67ab6adc,
0x7a78b518,
0xbaaa056f,
0xf6aeb2cd,
0xeb0c0b7d,
0xf6f172b9,
0x803e9987,
0x31d78d5b,
0x1ad40515,
0x1c841857,
0x8561a978,
0x118dd1e2,
0xa77c3094,
0x324a7e7a,
0xa7664ac4,
0xd7c22905,
0x779bc8f3,
0xf0a760a9,
0x55fb937c,
0xdb3b8ba4,
0x23eadb70,
0x6b5edba5,
0x91847793,
0x8410f1cd,
0xc1d7edbf,
0x2d7d24ee,
0x70d1d5b8,
0x69764004,
0xe6776c5d,
0xc8ff1dd4,
0x9fa1692a,
0x8f4de840,
0x5d777179,
0xb544d9c7,
0x278f1e0b,
0x8df2887c,
0x2d223c45,
0x6379f3c3,
0x4aa3789b,
0x5ed5e2a2,
0xd9e8a1bb,
0x75bbabb8,
0x010ca4bf,
0x71f4d8b9,
0x94c641b3,
0x4776c146,
0x0bf125db,
0x553beb8a,
0xaa38e70e,
0x72f6f673,
0xdcfdb7a6,
0xd6e97302,
0x865813c5,
0xe35fdb06,
0x6c9036ba,
0xdfbfc58a,
0xd1611c37,
0xa38070ef,
0x875ee3e9,
0xb95c3147,
0x2559deb9,
0x428b3aa2,
0xbc9c5fd9,
0x8abbb7f9,
0x80e1a05e,
0xe5dd64a3,
0x1ede5379,
0x372e5fab,
0xf074577a,
0x3287515d,
0x6804b573,
0xda16dc32,
0x872025cf,
0x333f9443,
0xf67922c1,
0xcfec5727,
0x4c25b397,
0x86cbd29a,
0x8286b886,
0x1f779122,
0x6557723d,
0x076d1da1,
0xde0de0cf,
0x9baf202f,
0x41562e65,
0x5f716425,
0x7a9bdb66,
0x9cca35c3,
0xe03d3cde,
0x7e04ae10,
0xdfea686b,
0xc09e9e5b,
0xe679c23d,
0xd595c94f,
0xb2223351,
0x70cb83bd,
0xfafba6e3,
0x78fbf084,
0x2d7dc56d,
0x038fcef5,
0x1a3da9da,
0x6c4a3468,
0xdddcd1b4,
0xca522067,
0x86629242,
0x4b86eee1,
0x5bdf4c86,
0xf526b760,
0x3dc3c835,
0x3bc09c3c,
0x0038e95a,
0x2013084b,
0xe19a52c4,
0x9c56fef2,
0xc7565f2a,
0x0cf38e24,
0xd84be987,
0x8216adb5,
0x099591c0,
0x4be09549,
0x4f2299c8,
0x1c920592,
0x0f1a0e4f,
0x1a3079c8,
0x091fd4a6,
0xf1ad323e,
0x07d50006,
0x6e18fa1c,
0x6f3b796d,
0xbfa75814,
0x68955467,
0x6d618618,
0x9981c569,
0x63c61e4d,
0xfd0460d9,
0xc9c209a3,
0x03167650,
0xd82bf2fd,
0xd898d451,
0xf65c8f03,
0x0aa845ad,
0x706f80ad,
0x9f0d94aa,
0x5d7e05d7,
0x897827a5,
0x55b54b5a,
0xa8ea306f,
0x4dec0ed4,
0xf67a4594,
0x2c90eabe,
0x55f9dd51,
0x7de68d57,
0xf467d483,
0xd2f9c5ec,
0x841d6c26,
0xab31eb89,
0x58f5c176,
0xf9c49621,
0xc7a938c3,
0x9f22b4dd,
0x5ba2751f,
0x06e0358b,
0xc092149b,
0xca9f41e1,
0x3f99a2cc,
0x89c78df4,
0xdc418d81,
0xb57424ed,
0x33eae747,
0x8fc42ee9,
0xa3f2e6ed,
0x7a9d724e,
0x5af2a61c,
0xc246045b,
0x8384920f,
0x922db87e,
0xb93103f3,
0xa5b908e7,
0x4da16ec8,
0x61cb6466,
0x26596783,
0x361fab69,
0xf477b27d,
0x81bb2d8f,
0x62c031d6,
0x5833287f,
0x606a3806,
0xb5bb07eb,
0x9a816d88,
0x0b43cc97,
0x7e2d054e,
0xe2dbda0d,
0x809fdb8b,
0xce2260ec,
0x91cab866,
0x04cd1a83,
0x90fceceb,
0xfa84c3a4,
0x7458cf13,
0xf80ec6d5,
0x2fb6c1c5,
0xa73c1559,
0x15c50c57,
0x9861fe70,
0xcebf1e73,
0xaf30de48,
0x0c6fb924,
0x9ebb8337,
0xa4e60b86,
0xf69c6b12,
0x8cce3b19,
0x81530d60,
0x17b18c5e,
0x0c2fa3bb,
0xf9d14b50,
0x96248a05,
0x4f452ba4,
0xd66857e1,
0x19e6abae,
0x06202d80,
0xb83bf1f1,
0x58ba4038,
0x9502dada,
0x9cc9927b,
0x7712264b,
0xf2a51ee0,
0x066349f4,
0x19ae119b,
0xf520744d,
0x9e76869e,
0xef52b3e9,
0xf195ef3c,
0x0293eb98,
0x70ec3132,
0x58ce0984,
0x3af34e5b,
0x8be93b00,
0x0c463b87,
0xf6e0fb35,
0xe89a3f5a,
0x50369639,
0xb648413d,
0xa06bfb84,
0xdd0bb9e8,
0xca573264,
0xe60267f3,
0x2963c985,
0x34e5e8cf,
0x5b9902ad,
0x85be70cd,
0xf356ad56,
0xed313e8c,
0x2fbe4776,
0x88807cbe,
0xaa603035,
0xd12419cb,
0x07367b5d,
0x9a0b7159,
0x65c51cfe,
0x85fc1a54,
0xc401ee50,
0xd9db732c,
0x9e66b353,
0x755bc14d,
0x20e42316,
0x2f0b2553,
0xb28c7a62,
0x7a4c2647,
0x43530d49,
0x26a2b59c,
0x7f76bc8a,
0x9491fdea,
0x7d5cff23,
0xb9dcfe3e,
0xb3cabd60,
0x9097331b,
0x73d4c31e,
0x4140a8f0,
0x52a5b9f6,
0xe11d129e,
0xb3cb7272,
0x4a652d14,
0x675bf04d,
0x51477ba2,
0xefe60b4d,
0xf53ac232,
0x67c45341,
0x2287a61f,
0x06208dd5,
0xf6dc9707,
0x04d8406e,
0xd11c5dd3,
0x255b54b7,
0x0406f990,
0xe624b5f8,
0x6add25cd,
0x796f11f8,
0xc0c0f31d,
0xdc3a6934,
0x88c6d1c3,
0xe927754e,
0xb502eb0d,
0x684b1d16,
0xb6da8848,
0x7dafdd7d,
0x2639d8c3,
0xd8f66341,
0x56d79f97,
0x0c84cb43,
0x87926d07,
0xf2672519,
0xeb080929,
0x496c6154,
0xb6c8fee3,
0x9e93db25,
0x68fbd884,
0xbfc9a8bc,
0x45f063a2,
0x5392f4d1,
0x86931171,
0x7eca4dd5,
0x947f31a0,
0xf20c7543,
0x961f178a,
0x4c718434,
0x6d7513ad,
0x7018648e,
0x5dd629cd,
0x74ea5471,
0xc09cd3aa,
0xe111e063,
0xe2c82abb,
0x36f27be3,
0x83c4eeca,
0x997c5bb4,
0x6a8e2fb5,
0x71eb3de1,
0x6051587e,
0xf927cb18,
0xebdc03f4,
0xbcd5fb13,
0x6602a877,
0x2008b87e,
0xacca7f9b,
0xbf92f08a,
0x115d966e,
0x2c510d8d,
0x04ad323c,
0x00174f0f,
0x93dbbe3d,
0x843de093,
0xefb5030a,
0x413a1e0f,
0xae63e7da,
0x1e94a3a4,
0x69d29868,
0x5ca1498b,
0x34290244,
0x418ed45e,
0x4ff2895b,
0x356906ea,
0xaca06ca4,
0x927afcd3,
0x4ebbb5e0,
0x99dbfa08,
0x872e1d94,
0x84d027fa,
0x1fc02f75,
0x4c185046,
0x078cffe4,
0x8dfcb6bf,
0xcdaf6408,
0xf8d80af1,
0x15317d8d,
0xf176f548,
0x30f0d0c1,
0xb3a24d1d,
0x0f18ac68,
0xc0c4c503,
0x09992e25,
0x835dc7c1,
0x975d4750,
0xe4e531ab,
0x9e6a3d19,
0x8afed084,
0xc4e1d7e8,
0xd0502fb9,
0x8e1ee530,
0x2713c497,
0x06d88063,
0xf1cca226,
0xa217ffac,
0x40bca772,
0x715c7ca1,
0xec527318,
0x731b1bb8,
0x81f75164,
0xe1cc0131,
0x9e0ce469,
0x5a65ec93,
0xba0d26a8,
0x0c495946,
0xd29a15ad,
0x2b949b1c,
0x47bea5f8,
0x903a9822,
0xab1d4ee0,
0xdcbde287,
0xaeab4b64,
0x328a03c4,
0xcd0ddb46,
0x8658f59c,
0x0cf9b557,
0xa7a86ce9,
0xfe61eda3,
0x364e5120,
0x964cb6cd,
0x253faa05,
0xd9e74030,
0x20209ab9,
0x54ddf5ae,
0x7a4decba,
0xa8e05e0a,
0x981f6427,
0xab1c1dbf,
0x50b60029,
0x16003784,
0x009c6402,
0x5b92907c,
0xe601027b,
0xeab8d12b,
0x37e71884,
0xeea6862f,
0x892220da,
0xec8113f1,
0x0bbda5fc,
0xe13eed0f,
0x7ab95f1d,
0x921566ff,
0x5e6941b5,
0x529cd69e,
0xfde5f243,
0x4b576d3e,
0xfb51ae4c,
0xc2a77bd3,
0x72566be9,
0x5ee59f81,
0x0c0d4893,
0x1f853862,
0x6c45ebc2,
0x9650d818,
0xe6160146,
0xd1fa3d02,
0x96f6b794,
0xd63d983f,
0x011a0dc4,
0x45bab398,
0x48ee9490,
0x78f7da85,
0x02e220bd,
0x60aa292b,
0x9c7997bd,
0x2f1a3067,
0xe743c28d,
0xc92252d0,
0xe9235d8f,
0x0249e663,
0xe8eb34e9,
0x83dcf51b,
0x58b1bafe,
0xae85c8d2,
0x1db3527e,
0x914b7580,
0x759d7d63,
0x848c5b94,
0x73820775,
0xa32fc213,
0x560cbcc3,
0x23ea1ffc,
0x11bf0076,
0xef27c5e5,
0x0301e64f,
0xe21749f8,
0xb88a1308,
0x260da490,
0x11b94af8,
0x11866b07,
0xef9498c2,
0xafa5e840,
0x472cc940,
0xb0d2b89e,
0x017705d4,
0x581d1778,
0xfd6608f4,
0xd71e1b97,
0x6c92a11e,
0xe36f0dfc,
0x98a260f4,
0x349a0764,
0x2b89e4a6,
0x7225d45b,
0x0a39089d,
0x7093858c,
0x142d24fd,
0x9f7cfdad,
0xef5cae94,
0xa2207509,
0x83a197c2,
0xd062c43b,
0x3c86ee08,
0x6a83fd32,
0xd9cec0f3,
0x2eb4ca9d,
0xdc3f2783,
0xa351d13e,
0xec311bef,
0xcd5eefda,
0x1a7130a6,
0xe87a739b,
0x03e92d9f,
0xa019e2db,
0x25ed0880,
0x1809dc04,
0x3570cd13,
0x10bc1db2,
0x001f77b0,
0x87a04924,
0xec1b2065,
0x9899be0d,
0x89180cbe,
0xb5a75a1c,
0x2a768982,
0x3451f2be,
0x8c038642,
0xe980c6ab,
0xe953e07a,
0x88b89768,
0x867e4485,
0xa90f1e3c,
0x0aa9ce5f,
0x8250164d,
0x602dacb6,
0xb89180eb,
0xaa462eec,
0xcad85c4f,
0x8d599b0d,
0x69886603,
0xbce34a9a,
0x3a5d9a70,
0x27c9a102,
0x7fc611ee,
0x83f8d01e,
0x5c96ca65,
0xe51b86b2,
0x5b95c93b,
0xbe4b3a88,
0x51d44f76,
0x0047296d,
0x7a701d71,
0x1588e7dd,
0xfd7329be,
0xf896ac2d,
0x6a668f1d,
0xda0bff18,
0xbc27cd47,
0x8d71d7da,
0xa2484fc9,
0x697009f0,
0x13c46641,
0xdf19af7d,
0x1f11c3a2,
0xa0c9ed3b,
0x70fff5d1,
0xf0c6bad9,
0xe01d86dd,
0xfa6cb66e,
0x2565885b,
0xb5735131,
0x8872b26c,
0xb296c7c7,
0x5589b656,
0xa54265ce,
0x8367f474,
0x328848f8,
0xb5db4935,
0xe019fd28,
0xc3f34e20,
0x13f018a8,
0x04513bf9,
0x610b6f2d,
0x038cefeb,
0xc52d73aa,
0xd49795ca,
0x4f71ed75,
0x18b01d8f,
0x9bc60770,
0xcad66377,
0x0f7bae27,
0xe9898da4,
0x8bebada6,
0x6c81ebcf,
0x9aa567d6,
0x1c7f3f71,
0x758b7b59,
0x840cea3b,
0x66f7fb32,
0x64a44377,
0x69deefff,
0x992ac7a6,
0xe2e210df,
0x9a6cf809,
0xaaaa02fe,
0x0c8f45d6,
0xd0979c00,
0xe6f2231f,
0x81d15eaf,
0xb1cd1b78,
0xb5a77480,
0x898d5c37,
0xc68af028,
0x02c51a9c,
0x9f55f49a,
0x6203d79c,
0x5bb5a552,
0x0d0fe3e4,
0xfae21475,
0x87f2bd5e,
0xeb8571db,
0x6843b390,
0x26d901bd,
0x2986beab,
0xc89ac66e,
0xa4e06bf3,
0xd7a5cd7c,
0xe9aa6e5d,
0x122a46a4,
0x9da489f0,
0xe8b1cd0c,
0x1d05af54,
0xf10f9ab7,
0xd3cbb900,
0xe843b194,
0xe5a5520d,
0x51f5e79f,
0x0fb0a3f2,
0x0a78a3e0,
0x2274a215,
0xf6984d47,
0x38ee883a,
0x0820dee1,
0x563b237c,
0x1d4d640f,
0x81adc284,
0x325ddf3b,
0x863cdb2e,
0x0e61e6ce,
0xd8c3750f,
0xbf418f82,
0x8c1663f5,
0x6470ca6d,
0xcc1ab518,
0x15edb5f3,
0xe963ce91,
0x9fd0e93c,
0xc8bcdd1d,
0xfc8f1446,
0x1d5a39d6,
0x0de76188,
0xb8a3334b,
0x0ab0fd1f,
0x8519c11f,
0x19419ffe,
0x55a90622,
0x3a306e2d,
0x124235e1,
0x7e9842d3,
0xc24421a3,
0xedfbff24,
0xc91d0782,
0x64e6df16,
0x732eb651,
0xdc5313ed,
0xdc2e488f,
0x8b51c753,
0xc0fbb7d4,
0x32df9278,
0xcb58902c,
0x0d0ba7b8,
0xa7f576aa,
0x22e17b75,
0x919e03d5,
0xcdab14dc,
0xe45795e3,
0x14efe9f5,
0x2f037d4a,
0x7ea4cb96,
0x5c0d8c2d,
0x61a27e8a,
0x897c9979,
0xdd5e0e8e,
0x600bfcfe,
0x428433b2,
0xcd095d76,
0xda5b5ed5,
0x76a1aaab,
0x077aa389,
0x7520b66d,
0x0dbd1bd1,
0x60b4d5e9,
0x552d8a20,
0x1344c5fb,
0xdc7c8e34,
0x3ca7e495,
0xfea509a6,
0x26a1b655,
0xf26b9f93,
0xe05458a5,
0x20de0c53,
0xf6c82c5d,
0x37446952,
0x4ca2e712,
0x7ebdabed,
0xf6f8ad9b,
0x58fc6c5a,
0x231f4794,
0x510ba184,
0x2054c966,
0x334a9c49,
0x438b2734,
0x5b0e70af,
0x6738426e,
0xc61ca8d1,
0x622763fd,
0xa3ec7858,
0x4f450f42,
0xee7827cf,
0x9fbaec63,
0x0924da25,
0x65fc0e5a,
0x36b9bf22,
0x5f796234,
0xd8f1e8b7,
0xb107b189,
0xb5017dc3,
0xb2910e6d,
0x853aae84,
0xa33dee8b,
0xc6559306,
0x7fe2785d,
0xf303cb96,
0xf5148679,
0x6093ec7e,
0x2efac370,
0x3e1aa2cf,
0x6ad11c11,
0x6db6e40a,
0x58b71cd2,
0x59ccd1c3,
0x4b509040,
0x3cfcdac2,
0x08648a4d,
0x7f5881a3,
0x122f9539,
0xa9b735d8,
0xcae15fdc,
0x2503b251,
0xe6c456a2,
0x809e26e4,
0xccb7fc18,
0x0a92c7a5,
0x461d9730,
0x86b36b92,
0x036c2155,
0x98bc5276,
0x1f7f002f,
0x681a9643,
0x8cc9b645,
0x21c6ae0a,
0x7f58de34,
0xde1fc8f6,
0x6dd1a43e,
0xa5561964,
0xaf587cf0,
0x56174c5b,
0x811cb21b,
0x8436d5d3,
0xe88252ed,
0x134933d2,
0x38c938dd,
0xcc9d0b83,
0x8eee578a,
0xe91ecf43,
0x5b1cd800,
0x3c648e9b,
0xa5507e2c,
0xaae3df62,
0x71850c43,
0x5a2b47c8,
0xbca568c9,
0xc22733b6,
0xd41485eb,
0x5682f066,
0xbc23fce3,
0x55b32547,
0x1a66f6d0,
0xf7cc59bd,
0x289b746f,
0x8682f2ab,
0x0d0e433c,
0x90407d0c,
0x1aca8321,
0x7e6c386b,
0x8afc5905,
0x5cdb8e6f,
0x5b005c53,
0x62cbeb45,
0xb768f055,
0xb361052e,
0x1062f1d3,
0x84671fcc,
0x153071fc,
0x54f84c8a,
0x7b55e655,
0x153121c6,
0x04557f37,
0xc289c6f2,
0xe47659b2,
0x9836f0d9,
0x206eec19,
0x49695639,
0xaad3effb,
0x318bbf5d,
0xe651e388,
0x7f38d26e,
0x78950922,
0xd25f8d41,
0xd842e785,
0xff06bc02,
0x9b5eb0f3,
0x82f8ba25,
0xe7f0d59a,
0xa648708b,
0x261b27b3,
0xd830db48,
0x65928fca,
0x722321ff,
0xb5f15c01,
0xa26931b2,
0xe5f249bd,
0x8642435c,
0xc05dcd5d,
0xd1f042d5,
0xabdc0248,
0x70816d3d,
0x2ee5f3b5,
0x58b8d251,
0xf30e2f27,
0xcc4400cd,
0x8d7556ee,
0x3333b78a,
0xb7aec78c,
0x0932795f,
0xe382ecfa,
0x0a8fc93f,
0xbabc9373,
0xfbc59b97,
0xd5fab09f,
0xe47fc298,
0xae3e5baa,
0x87d3640f,
0xc000819a,
0x3cddecaf,
0x64b22933,
0xe412a710,
0xe36fc122,
0x1fa6b848,
0x1cac2741,
0xc90052b7,
0x75947d0c,
0x147bdb28,
0x361850ea,
0x4dbc88cc,
0x946bed9b,
0xda4c19ce,
0x2388855b,
0x5fc85a6a,
0x7147b132,
0x6278f16c,
0xe1c5f3d3,
0x101444b5,
0x60a0aec4,
0x7881e3f4,
0x18a90e09,
0x413c1f59,
0x73c63e93,
0x7b129248,
0x171bb300,
0xe546a329,
0x8b6c1c26,
0xfe232a04,
0xbef90f2b,
0x97ac928d,
0xd9cbd893,
0xd8de2486,
0x1d8deb0a,
0x35a45037,
0xc8f23378,
0x9fd536c7,
0x50d7f258,
0x44102530,
0x1bf91445,
0x39bca114,
0xc49d714d,
0x099735b2,
0xe26c83dd,
0x4c10f5d3,
0xf82c439f,
0xe9d3ba0c,
0xda89bb77,
0xf59dbcc3,
0x1964c1d0,
0x2cfcba1c,
0xbb8f9302,
0xbcad2b80,
0xf1141b92,
0x152d622a,
0x0c981b50,
0xf18f5f1c,
0x25c3156d,
0x98de0abc,
0x035ded88,
0x9ce122d6,
0xfae50a74,
0xa366f14e,
0xedf0f626,
0x7fc562d3,
0xdde26e5f,
0x836002fc,
0xc383c520,
0xa5713a37,
0x40c3316a,
0x7b52eef4,
0xd98eefce,
0x823a7f3b,
0x63fa0fa4,
0x8af13dd9,
0x0562df2a,
0x1c614cc6,
0xcdb0d9b6,
0x7791f3cd,
0x0e299f80,
0x027ebaa0,
0xc3682175,
0xcaecf601,
0xe4826839,
0xf6ff8bd8,
0x205b1593,
0x1cbd2daa,
0x1a6e83c9,
0xabcbbaa3,
0x0a951e19,
0xd29549d6,
0x33b0d5ae,
0xd15da251,
0xeae61f11,
0x0a8a9e15,
0x4a6b3ab8,
0xa667a82e,
0xb298eb4b,
0x0f716086,
0x162cbfff,
0xe64c42ba,
0x3585b070,
0xa597f8bb,
0xfe4735c0,
0x01811987,
0x548b2571,
0x0f815a10,
0x14632891,
0x702cbcb1,
0x535e71d3,
0xaa8bbfa7,
0xaf6fcf35,
0xff89cd07,
0x257dd1e0,
0x59df02e8,
0x55dc8048,
0x1b13559f,
0x9cd8659b,
0x8a2edb18,
0x0577c29f,
0xd9fa707a,
0x00028ebc,
0x39fea226,
0x907844f4,
0x9faa7af2,
0x7c3a208b,
0x80ca027f,
0xc1051e1d,
0x516995c1,
0x392e7d5d,
0x513f3a98,
0x3d94800f,
0x42bf5e9b,
0x8a4ba73d,
0x4f3d8123,
0x595f6b42,
0xdd0abf8c,
0xe113401a,
0xc2a10992,
0x5a260650,
0x1e4c9acc,
0x0aa5ec35,
0x65507488,
0x65fc356f,
0xd6966d27,
0x880613ea,
0x941ea0ea,
0x3b4f28d2,
0x759abb43,
0x036b4918,
0x3702ea7a,
0x5c2ca842,
0xf38a5836,
0xc251af16,
0x72c260c8,
0xafcb3d63,
0xea8effdc,
0x408aa0b5,
0x95c3953b,
0x36644704,
0xf5ee37b4,
0x2d2ef78b,
0xa52ca8b0,
0x6b0f6f24,
0xd5332d52,
0xb93304a0,
0x3d10959a,
0xfacd08cb,
0x62ab21af,
0x4f9ff880,
0x2e98c6a3,
0x0e2338c5,
0xea300951,
0x7387e545,
0xe21c990e,
0x5355feab,
0xfc5f75dd,
0x7d957a08,
0x997e4460,
0x9d2a9966,
0xc5923019,
0x88f96996,
0xbb5f5f19,
0xc0103c33,
0x2b767147,
0x1de3389e,
0x06ace681,
0x99308c31,
0xd961d44c,
0x3adb179b,
0x1c090124,
0x0e476bd3,
0xc30ad8fa,
0x7aaae5b6,
0x82c89158,
0x13801e5d,
0x494b7d43,
0xfef2acac,
0xd8332da9,
0xc9d42ae6,
0xe596b0f8,
0x23314bf8,
0x68d01bdb,
0xd63a0fba,
0xa40ca876,
0x5cae29b5,
0x3424136f,
0xc289a6a1,
0xd94d2f53,
0x99dbc1c0,
0x4aa488bb,
0xcede1458,
0x9f0e90d3,
0x5efc2868,
0xcf8c9757,
0xc8525163,
0x789b3cc1,
0xecc24393,
0x8514ed16,
0x89894d64,
0x625f3091,
0x693bcf61,
0x584e93ed,
0x71bf7875,
0x748817b5,
0x56856328,
0xa304efda,
0xbdd87f6a,
0x76a0e84f,
0x1660ae93,
0x7bd94511,
0xa1b7d3a0,
0x44214d3c,
0x5e5e4b44,
0x095afcd1,
0x9d7fcd08,
0x1717a922,
0x3036a800,
0x5313cd6b,
0xc0e9a611,
0x62766791,
0xcac63d14,
0xcb1d9171,
0x472d09dd,
0xd5270017,
0xd3685ef5,
0x22bf5a65,
0x4a52af10,
0xb5aa211f,
0x3b18b891,
0x522d72a9,
0xa7b2945b,
0x57bc2a34,
0x120a721f,
0x1fe7510c,
0x8178668b,
0x17331195,
0xba9107f3,
0xfb158fbe,
0xff8ad75e,
0xd30c947e,
0x36b85998,
0x9d3dbddc,
0x9aabda54,
0xef3f0b00,
0xf7c1371e,
0x536fed74,
0xaec11f06,
0x82f03160,
0x1c90b73e,
0x59a96759,
0x6e6296bf,
0x190e82a0,
0xf4dea4c9,
0x1b643d4c,
0x59d12a27,
0x16170b22,
0x4b970bc3,
0x98be9848,
0x706a0c49,
0x6107c041,
0x2c41cc9c,
0x7601448c,
0x982d6a14,
0xd5ea08ad,
0x75090b77,
0x803216d6,
0xcd63b30e,
0xd7c6cd8d,
0xd77cbdd3,
0x490e11cf,
0xf2a0babe,
0xfb2a3105,
0xa0fa18da,
0x1065d100,
0x56097fbf,
0xabf5afef,
0x33fd1c9a,
0x677cc1b6,
0x39aa02e0,
0x1b15c0a3,
0xa7f7dd00,
0xb78ba363,
0x1036a825,
0x53f93c5b,
0xcf388711,
0xd864ad69,
0xf15d0f9c,
0x3bdd0c18,
0x189c9772,
0x875ebcec,
0x2ffaf749,
0x4138e4ab,
0x1c0bb0d5,
0x2550bc26,
0xd496aa70,
0x85a7149f,
0xbc967448,
0x8e0e4b35,
0xbdd2c648,
0x3261c358,
0x490d38bc,
0xd97b0b87,
0xcc277aea,
0x0d92c5c6,
0xd39bd61d,
0x4411e7c7,
0x20c846c0,
0x5657043b,
0x9e61af7b,
0xad52e0e2,
0x377130a0,
0xe129ee1e,
0x5ac65b14,
0x317498a1,
0x876fb4cf,
0x6276b203,
0xe701f5f5,
0x1ada51fd,
0x30279ce4,
0x2bd63c04,
0x24703569,
0xa545f34c,
0x5d7e7403,
0x03191c04,
0x235d8ea4,
0x1cddb2b5,
0xcae9f784,
0x5a3fac21,
0x2edfb256,
0x07cb1688,
0xf070ee7d,
0x68dc9d5d,
0x4a20b95c,
0x491d058f,
0xd3cb0a04,
0x7edbd21e,
0x7a790aee,
0x1648bef6,
0x4a230b4c,
0x9183a8c5,
0x4cb0e4ab,
0xfb077b4f,
0xa567e337,
0xf618f97a,
0x57e70539,
0x40eff49e,
0x46378848,
0xccc248ca,
0xf4c34d23,
0x8bc7bafc,
0x1342c727,
0x778fadff,
0x1ff7216b,
0x536d6b19,
0xdcc38b0c,
0xe5b77c6e,
0xfa236efc,
0x5e2f6229,
0x81e3f00e,
0xa5eb91f8,
0xd5db0c33,
0x5a8c1103,
0x4f19ca3f,
0xd724441f,
0x90108fab,
0x0f2188ee,
0xd5617798,
0xb8766189,
0xf8482d89,
0x8c4d9157,
0x5584d320,
0xac94cb1c,
0x7ea0262b,
0x63fed5fb,
0xb4abf16b,
0x89de06e6,
0xee578750,
0xd83032a6,
0xf00417ef,
0xb000ca36,
0x3003a4ab,
0x04981b6b,
0x2fb95259,
0xecc28749,
0xd3877bf1,
0xf09e8c1e,
0x5af6d33b,
0xe4224184,
0x0ac2a33b,
0x3e71feff,
0x64fff9ba,
0x2f3a8d41,
0x07366d18,
0xb1cd7e14,
0xd4df1dc0,
0x34e630e6,
0xdb02106f,
0xea71a4c2,
0xdba18226,
0x98e4bac1,
0x249abb10,
0x749a31b5,
0x788af626,
0x2d43ae8e,
0xe3d14d80,
0x9d5c9005,
0xc1b67c35,
0x0234b9b7,
0x56fa584d,
0x3a5125ef,
0xef9597b3,
0x5b479072,
0x1daa198b,
0x0a69a781,
0x94e110be,
0x9073b541,
0x092b2130,
0xc6fa8337,
0x4459ddc7,
0xaa9aec5e,
0xcfb1296c,
0x52fcb43b,
0xdcab44e2,
0xc2a13bd3,
0xc877b1b9,
0x68e84b5c,
0xd5fa23a8,
0xd9871e09,
0x19fd610a,
0xc22ed264,
0x70901e21,
0x65731e1c,
0x3fb2fb8f,
0x0e6c1c16,
0x4639e71d,
0xe54e62a9,
0xfafa4d75,
0xb5d1d60f,
0x5a9d3eca,
0x2bbd07bf,
0x2bcd8011,
0xa4d619bd,
0xa079da70,
0x1a206d91,
0x31a1682b,
0x61ebb198,
0xac291f9a,
0x063d4b9c,
0x6cf68e4a,
0xfd9d4205,
0x72e384ac,
0x89f156f0,
0x33d6dfc1,
0xa02cca9a,
0x3383ab67,
0x0f5085b0,
0x7add4a2a,
0xbb1d1e91,
0x811963e0,
0x501ab4d5,
0xb77aa180,
0x4bebf16e,
0x5311cb24,
0xec79610e,
0x7aa010f3,
0x34571f4b,
0x48756c0f,
0xc930f8d3,
0x104c7433,
0xc0b90381,
0x2eaa32d3,
0x9e4ab22a,
0xf1e586a7,
0x1fd7af4f,
0xd9e26a13,
0x75026c63,
0x2623bd03,
0x576b2330,
0x8a83150e,
0x867e49ca,
0x2fc0dff9,
0x383b28e4,
0x1d029a42,
0x31b9527a,
0x94047d04,
0xd55df110,
0xe8f559ba,
0xf5b137c2,
0x74732460,
0x90b417f4,
0xd75e0d63,
0x663ca477,
0x9fac544d,
0x3edeaceb,
0x3bebcbef,
0xd7d9706e,
0x14e875b7,
0xea54bb17,
0xc34d2feb,
0x00a1f5a4,
0x76754252,
0xd0d42a6c,
0x8dd615cd,
0x98e19d1f,
0xa372c555,
0x4492f913,
0xa3d63755,
0x5106326a,
0xad07b640,
0xfac75e1a,
0x753f9f17,
0xc01b6a11,
0x08d6b89d,
0xd4c5222f,
0x0f947490,
0x51bcc24b,
0x626ad9a6,
0x214a2b69,
0x7f1349fd,
0xc9add6cd,
0xb6ee98ea,
0x3ad8c79e,
0x7012ad74,
0x63bef418,
0x3a673f83,
0x6bcb8753,
0xd304c795,
0xfd040e1b,
0x2967cf0f,
0xfc1d3b2f,
0x03d19664,
0xf2041216,
0xd619f47b,
0x888e70e8,
0x11f34f7d,
0xe0db5f75,
0x5793247b,
0x46db9bc2,
0xdc498756,
0x875477d3,
0xf14434e0,
0xd14aa47a,
0xc9fd4162,
0xea9c23ad,
0xaba3fad5,
0x03ab749d,
0x31fbbf90,
0x81fd1aeb,
0x5fb487e1,
0xc7e2c8c4,
0x73fd0446,
0xc366aa57,
0xe15a872c,
0x22eed46e,
0x714b9058,
0xfc5ad8fa,
0xc21a43d4,
0x7f16bf48,
0xe07d49ee,
0x7267e844,
0xf43f808e,
0xd21eca2b,
0xb61712b2,
0x610df7b4,
0xde017bff,
0x63b4cf22,
0x05d35c0a,
0x6804b183,
0x6169e28e,
0x27df81a5,
0xb7bfc3d4,
0x98cf47e4,
0x2e38e75e,
0xde206ab6,
0x76e7817a,
0x619a7eae,
0xfe0c3517,
0x2405f307,
0x75bc3e24,
0xeba4d270,
0x1aa5a010,
0x2eaa1b88,
0x40cdbc19,
0x0bbc5414,
0xcd1d4863,
0xc7fa9e06,
0x58f6077d,
0x18586f5a,
0x581e84a1,
0xafa92324,
0x71b0d116,
0xfff6d3c3,
0x6b962c6a,
0xa860c294,
0x8090f983,
0x4699966a,
0x2c71608d,
0xba661bc3,
0x36a58d84,
0xfef066bb,
0x732a1c9a,
0x32b6c7ad,
0x6519f095,
0xc6585deb,
0x27d5c0a9,
0xf3eaddca,
0xe47204b3,
0x3e9368ae,
0xd11fcfc6,
0x9d0877e3,
0xf5786a51,
0xe47076df,
0xeb0460f5,
0xc9c593cb,
0x542aae74,
0x78c394ef,
0xe84ff1a5,
0xa9295de6,
0x91b1e991,
0xd04cf3fc,
0x59ebc208,
0xc11f9ed9,
0x31059e6d,
0x24e6c241,
0xeb73c821,
0x52556fcd,
0x40ec03a8,
0x597f423a,
0xb4a40fd9,
0x092665ac,
0x9780f9b7,
0x9e009980,
0xb7155e9e,
0xc63de229,
0x6f593e50,
0xf1e4b420,
0xa7679aef,
0x20ff6079,
0xd1d559bd,
0x6d9137ca,
0x81e53097,
0xde07d0af,
0x0dc14dbb,
0xb60edc2d,
0xf8768c42,
0x12d5a42b,
0x2ebb7635,
0x170aaef9,
0x8517a9b1,
0x06c97508,
0xf84c3078,
0xc511f964,
0xa377ebd9,
0x42662f69,
0x16ebb758,
0x98c9bba6,
0x2831090f,
0x70847e06,
0x0fcd6d24,
0x06b8bcb8,
0xbb0739d2,
0x43395014,
0x3d39dfae,
0xd0db7613,
0x56a63bab,
0xf0a5f931,
0xbda6b43d,
0xc6be9cc8,
0xd8f28a64,
0x2a764254,
0xcd6bc5d9,
0xf8c8fe45,
0xd9abb483,
0xb0ac3b71,
0x3f1d7489,
0xa217fe44,
0x395cc941,
0x11334998,
0x964435dc,
0xf6f1d1c0,
0x14ee37a7,
0x5e21cdf8,
0x6b78ab12,
0x5e393f0f,
0x6bd3ae3c,
0xcdb33b9f,
0xb85953d1,
0x2c4b5726,
0x43f6ecf7,
0x6f1957b8,
0x1ac9fe74,
0x16a2b2a7,
0x9ffb1bb2,
0xb74e2833,
0xcdd8ce3f,
0xf36a06ba,
0x0d5bc495,
0xe4255f7b,
0x080731a8,
0x5ad81a83,
0x1500dcd8,
0x77c8a738,
0x0eec89cc,
0x1c0e60e3,
0x0f22df51,
0x032a9a7e,
0x8786f238,
0x1617c9de,
0x55076de6,
0x66ac9b66,
0x7626bbc1,
0xbf7ac4c9,
0x5c1fe1d5,
0x8b423b72,
0x2f8fb4a2,
0xf64758e7,
0x23b3f6d3,
0xf7d61e76,
0xb5e38fce,
0x3548e1a0,
0x34a75645,
0xe62726f7,
0x60b1ff47,
0xaf908b90,
0x9c051dea,
0xd7268fed,
0xfed3b3dc,
0xb20265ff,
0x22472a19,
0xe59c57ff,
0x820deee5,
0xd06edcb3,
0x847e534f,
0xb045ce4f,
0x93f674de,
0xdaccec25,
0x63928547,
0x4e610bb8,
0x205a6484,
0xe347d43f,
0x933eb0fb,
0x87adac45,
0x7e6f6fd3,
0xcd195019,
0x1a3b2d1d,
0x93df9f00,
0x3000afc7,
0x6c8b876d,
0x3820969f,
0x54b97d4b,
0xb7eb48cb,
0xe5dab699,
0xc8c44b68,
0xd550c4aa,
0xeecf265a,
0x4eb6143b,
0x72b74f2c,
0xfd9a1a94,
0xd2357a2a,
0x2ae79401,
0xb9947fc4,
0x4e4cb1c8,
0xe3c16ef7,
0xeaf93eec,
0x628bed37,
0xc1cf5dbc,
0xea2ca86f,
0x485af34b,
0xd2b37d56,
0x526b64c4,
0xc700eb1e,
0xc97cca9d,
0xd3737144,
0x73fc8821,
0x5763b958,
0x2ebb8e00,
0x672263b1,
0xe8c41e2b,
0xd5a34227,
0x515cf9e8,
0x4fcaa63b,
0x6f1131a2,
0x6d371eb1,
0x8377559c,
0x2b701dbc,
0xa9c660b3,
0xd612e2e9,
0x732bf534,
0x7bb19131,
0x85e85179,
0x72afbd84,
0x768e1923,
0x92baa04a,
0xb3a633bd,
0x5b65071e,
0xcbd48a74,
0xc16d257d,
0xfaae370b,
0x4202a5de,
0xe7339f62,
0x006cbb1d,
0x8a7669b0,
0xde153788,
0xbfc3022d,
0xc4b2c72d,
0x834bcd97,
0x0e5d49c8,
0xcc464e62,
0x4455c42a,
0xadbe6e1e,
0xae88d677,
0x649d8b9f,
0xed0c9252,
0x8baea578,
0x93de854d,
0x976063cc,
0xc5499d11,
0xe7922282,
0xf7e5d0d6,
0x2756a09d,
0xb8bc4001,
0x00009353,
0x00000000,
0x00000000,
0x00000000,
0x00000000,
0x00000000,
0x00000000,
0x00000000,
0x00000000,
0x00000000,
0x00000000,
0x00000000,
0x00000000,
0x00000000,
0x00000000,
0x00000000,
0x00000000,
0x00000000,
0x00000000,
0x00000000,
0x00000000,
0x00000000,
0x00000000,
0x00000000,
0x00000000,
0x00000000,
0x00000000,
0x00000000,
0x00000000,
0x00000000,
0x00000000,
0x00000000,
0x00000000,
0x00000000,
0x00000000,
0x00000000,
0x00000000,
0x00000000,
0x00000000,
0x00000000,
0x00000000,
0x00000000,
0x00000000,
0x00000000,
0x00000000,
0x00000000,
0x00000000,
0x00000000,
0x00000000,
0x00000000,
0x00000000,
0x00000000,
0x00000000,
0x00000000,
0x00000000,
0x00000000,
0x00000000,
0x00000000,
0x00000000,
0x00000000,
0x00000000,
0x00000000,
0x00000000,
0x00000000,
0x00000000,
0x00000000,
0x00000000,
0x00000000,
0x00000000,
0x00000000,
0x00000000,
0x00000000,
0x00000000,
0x00000000,
0x00000000,
0x00000000,
0x00000000,
0x00000000,
0x00000000,
0x00000000,
0x00000000,
0x00000000,
0x00000000,
0x00000000,
0x00000000,
0x00000000,
0x00000000,
0x00000000,
0x00000000,
0x00000000,
0x00000000,
0x00000000,
0x00000000,
0x00000000,
0x00000000,
0x00000000,
0x00000000,
0x00000000,
0x00000000,
0x00000000,
0x00000000,
0x00000000,
0x00000000,
0x00000000,
0x00000000,
0x00000000,
0x00000000,
0x00000000,
0x00000000,
0x00000000,
0x00000000,
0x00000000,
0x00000000,
0x00000000,
0x00000000,
0x00000000,
0x00000000,
0x00000000,
0x00000000,
0x00000000,
0x00000000,
0x00000000,
0x00000000,
0x00000000,
0x00000000,
0x00000000,
0x00000000,
0x00000000,
0x00000000,
0x00000000,
0x00000000,
0x00000000,
0x00000000,
0x00000000,
0x00000000,
0x00000000,
0x00000000,
0x00000000,
0x00000000,
0x00000000,
0x00000000,
0x00000000,
0x00000000,
0x00000000,
0x00000000,
0x00000000,
0x00000000,
0x00000000,
0x00000000,
0x00000000,
0x00000000,
0x00000000,
0x00000000,
0x00000000,
0x00000000,
0x00000000,
0x00000000,
0x00000000,
0x00000000,
0x00000000,
0x00000000,
0x00000000,
0x00000000,
0x00000000,
0x00000000,
0x00000000,
0x00000000,
0x00000000,
0x00000000,
0x00000000,
0x00000000,
0x00000000,
0x00000000,
0x00000000,
0x00000000,
0x00000000,
0x00000000,
0x00000000,
0x00000000,
0x00000000,
0x00000000,
0x00000000,
0x00000000,
0x00000000,
0x00000000,
0x00000000,
0x00000000,
0x00000000,
0x00000000,
0x00000000,
0x00000000,
0x00000000,
0x00000000,
0x00000000,
0x00000000,
0x00000000,
0x00000000,
0x00000000,
0x00000000,
0x00000000,
0x00000000,
0x00000000,
0x00000000,
0x00000000,
0x00000000,
0x00000000,
0x00000000,
0x00000000,
0x00000000,
0x00000000,
0x00000000,
0x00000000,
0x00000000,
0x00000000,
0x00000000,
0x00000000,
0x00000000,
0x00000000,
0x00000000,
0x00000000,
0x00000000,
0x00000000,
0x00000000,
0x00000000,
0x00000000,
0x00000000,
0x00000000,
0x00000000,
0x00000000,
0x00000000,
0x00000000,
0x00000000,
0x00000000,
0x00000000,
0x00000000,
0x00000000,
0x00000000,
0x00000000,
0x00000000,
0x00000000,
0x00000000,
0x00000000,
0x00000000,
0x00000000,
0x00000000,
0x00000000,
0x00000000,
0x00000000,
0x00000000,
0x00000000,
0x00000000,
0x00000000,
0x00000000,
0x00000000,
0x00000000,
0x00000000,
0x00000000,
0x00000000,
0x00000000,
0x00000000,
0x00000000,
0x00000000,
0x00000000,
0x00000000,
0x00000000,
0x00000000,
0x00000000,
0x00000000,
0x00000000,
0x00000000,
0x00000000,
0x00000000,
0x00000000,
0x00000000,
0x00000000,
0x00000000,
0x00000000,
0x00000000,
0x00000000,
0x00000000,
0x00000000,
0x00000000,
0x00000000,
0x00000000,
0x00000000,
0x00000000,
0x00000000,
0x00000000,
0x00000000,
0x00000000,
0x00000000,
0x00000000,
0x00000000,
0x00000000,
0x00000000,
0x00000000,
0x00000000,
0x00000000,
0x00000000,
0x00000000,
0x00000000,
0x00000000,
0x00000000,
0x00000000,
0x00000000,
0x00000000,
0x00000000,
0x00000000,
0x00000000,
0x00000000,
0x00000000,
0x00000000,
0x00000000,
0x00000000,
0x00000000,
0x00000000,
0x00000000,
0x00000000,
0x00000000,
0x00000000,
0x00000000,
0x00000000,
0x00000000,
0x00000000,
0x00000000,
0x00000000,
0x00000000,
0x00000000,
0x00000000,
0x00000000,
0x00000000,
0x00000000,
0x00000000,
0x00000000,
0x00000000,
0x00000000,
0x00000000,
0x00000000,
0x00000000,
0x00000000,
0x00000000,
0x00000000,
0x00000000,
0x00000000,
0x00000000,
0x00000000,
0x00000000,
0x00000000,
0x00000000,
0x00000000,
0x00000000,
0x00000000,
0x00000000,
0x00000000,
0x00000000,
0x00000000,
0x00000000,
0x00000000,
0x00000000,
0x00000000,
0x00000000,
0x00000000,
0x00000000,
0x00000000,
0x00000000,
0x00000000,
0x00000000,
0x00000000,
0x00000000,
0x00000000,
0x00000000,
0x00000000,
0x00000000,
0x00000000,
0x00000000,
0x00000000,
0x00000000,
0x00000000,
0x00000000,
0x00000000,
0x00000000,
0x00000000,
0x00000000,
0x00000000,
0x00000000,
0x00000000,
0x00000000,
0x00000000,
0x00000000,
0x00000000,
0x00000000,
0x00000000,
0x00000000,
0x00000000,
0x00000000,
0x00000000,
0x00000000,
0x00000000,
0x00000000,
0x00000000,
0x00000000,
0x00000000,
0x00000000,
0x00000000,
0x00000000,
0x00000000,
0x00000000,
0x00000000,
0x00000000,
0x00000000,
0x00000000,
0x00000000,
0x00000000,
0x00000000,
0x00000000,
0x00000000,
0x00000000,
0x00000000,
0x00000000,
0x00000000,
0x00000000,
0x00000000,
0x00000000,
0x00000000,
0x00000000,
0x00000000,
0x00000000,
0x00000000,
0x00000000,
0x00000000,
0x00000000,
0x00000000,
0x00000000,
0x00000000,
0x00000000,
0x00000000,
0x00000000,
0x00000000,
0x00000000,
0x00000000,
0x00000000,
0x00000000,
0x00000000,
0x00000000,
0x00000000,
0x00000000,
0x00000000,
0x00000000,
0x00000000,
0x00000000,
0x00000000,
0x00000000,
0x00000000,
0x00000000,
0x00000000,
0x00000000,
0x00000000,
0x00000000,
0x00000000,
0x00000000,
0x00000000,
0x00000000,
0x00000000,
0x00000000,
0x00000000,
0x00000000,
0x00000000,
0x00000000,
0x00000000,
0x00000000,
0x00000000,
0x00000000,
0x00000000,
0x00000000,
0x00000000,
0x00000000,
0x00000000,
0x00000000,
0x00000000,
0x00000000,
0x00000000,
0x00000000,
0x00000000,
0x00000000,
0x00000000,
0x00000000,
0x00000000,
0x00000000,
0x00000000,
0x00000000,
0x00000000,
0x00000000,
0x00000000,
0x00000000,
0x00000000,
0x00000000,
0x00000000,
0x00000000,
0x00000000,
0x00000000,
0x00000000,
0x00000000,
0x00000000,
0x00000000,
0x00000000,
0x00000000,
0x00000000,
0x00000000,
0x00000000,
0x00000000,
0x00000000,
0x00000000,
0x00000000,
0x00000000,
0x00000000,
0x00000000,
0x00000000,
0x00000000,
0x00000000,
0x00000000,
0x00000000,
0x00000000,
0x00000000,
0x00000000,
0x00000000,
0x00000000,
0x00000000,
0x00000000,
0x00000000,
0x00000000,
0x00000000,
0x00000000,
0x00000000,
0x00000000,
0x00000000,
0x00000000,
0x00000000,
0x00000000,
0x00000000,
0x00000000,
0x00000000,
0x00000000,
0x00000000,
0x00000000,
0x00000000,
0x00000000,
0x00000000,
0x00000000,
0x00000000,
0x00000000,
0x00000000,
0x00000000,
0x00000000,
0x00000000,
0x00000000,
0x00000000,
0x00000000,
0x00000000,
0x00000000,
0x00000000,
0x00000000,
0x00000000,
0x00000000,
0x00000000,
0x00000000,
0x00000000,
0x00000000,
0x00000000,
0x00000000,
0x00000000,
0x00000000,
0x00000000,
0x00000000,
0x00000000,
0x00000000,
0x00000000,
0x00000000,
0x00000000,
0x00000000,
0x00000000,
0x00000000,
0x00000000,
0x00000000,
0x00000000,
0x00000000,
0x00000000,
0x00000000,
0x00000000,
0x00000000,
0x00000000,
0x00000000,
0x00000000,
0x00000000,
0x00000000,
0x00000000,
0x00000000,
0x00000000,
0x00000000,
0x00000000,
0x00000000,
0x00000000,
0x00000000,
0x00000000,
0x00000000,
0x00000000,
0x00000000,
0x00000000,
0x00000000,
0x00000000,
0x00000000,
0x00000000,
0x00000000,
0x00000000,
0x00000000,
0x00000000,
0x00000000,
0x00000000,
0x00000000,
0x00000000,
0x00000000,
0x00000000,
0x00000000,
0x00000000,
0x00000000,
0x00000000,
0x00000000,
0x00000000,
0x00000000,
0x00000000,
0x00000000,
0x00000000,
0x00000000,
0x00000000,
0x00000000,
0x00000000,
0x00000000,
0x00000000,
0x00000000,
0x00000000,
0x00000000,
0x00000000,
0x00000000,
0x00000000,
0x00000000,
0x00000000,
0x00000000,
0x00000000,
0x00000000,
0x00000000,
0x00000000,
0x00000000,
0x00000000,
0x00000000,
0x00000000,
0x00000000,
0x00000000,
0x00000000,
0x00000000,
0x00000000,
0x00000000,
0x00000000,
0x00000000,
0x00000000,
0x00000000,
0x00000000,
0x00000000,
0x00000000,
0x00000000,
0x00000000,
0x00000000,
0x00000000,
0x00000000,
0x00000000,
0x00000000,
0x00000000,
0x00000000,
0x00000000,
0x00000000,
0x00000000,
0x00000000,
0x00000000,
0x00000000,
0x00000000,
0x00000000,
0x00000000,
0x00000000,
0x00000000,
0x00000000,
0x00000000,
0x00000000,
0x00000000,
0x00000000,
0x00000000,
0x00000000,
0x00000000,
0x00000000,
0x00000000,
0x00000000,
0x00000000,
0x00000000,
0x00000000,
0x00000000,
0x00000000,
0x00000000,
0x00000000,
0x00000000,
0x00000000,
0x00000000,
0x00000000,
0x00000000,
0x00000000,
0x00000000,
0x00000000,
0x00000000,
0x00000000,
0x00000000,
0x00000000,
0x00000000,
0x00000000,
0x00000000,
0x00000000,
0x00000000,
0x00000000,
0x00000000,
0x00000000,
0x00000000,
0x00000000,
0x00000000,
0x00000000,
0x00000000,
0x00000000,
0x00000000,
0x00000000,
0x00000000,
0x00000000,
0x00000000,
0x00000000,
0x00000000,
0x00000000,
0x00000000,
0x00000000,
0x00000000,
0x00000000,
0x00000000,
0x00000000,
0x00000000,
0x00000000,
0x00000000,
0x00000000,
0x00000000,
0x00000000,
0x00000000,
0x00000000,
0x00000000,
0x00000000,
0x00000000,
0x00000000,
0x00000000,
0x00000000,
0x00000000,
0x00000000,
0x00000000,
0x00000000,
0x00000000,
0x00000000,
0x00000000,
0x00000000,
0x00000000,
0x00000000,
0x00000000,
0x00000000,
0x00000000,
0x00000000,
0x00000000,
0x00000000,
0x00000000,
0x00000000,
0x00000000,
0x00000000,
0x00000000,
0x00000000,
0x00000000,
0x00000000,
0x00000000,
0x00000000,
0x00000000,
0x00000000,
0x00000000,
0x00000000,
0x00000000,
0x00000000,
0x00000000,
0x00000000,
0x00000000,
0x00000000,
0x00000000,
0x00000000,
0x00000000,
0x00000000,
0x00000000,
0x00000000,
0x00000000,
0x00000000,
0x00000000,
0x00000000,
0x00000000,
0x00000000,
0x00000000,
0x00000000,
0x00000000,
0x00000000,
0x00000000,
0x00000000,
0x00000000,
0x00000000,
0x00000000,
0x00000000,
0x00000000,
0x00000000,
0x00000000,
0x00000000,
0x00000000,
0x00000000,
0x00000000,
0x00000000,
0x00000000,
0x00000000,
0x00000000,
0x00000000,
0x00000000,
0x00000000,
0x00000000,
0x00000000,
0x00000000,
0x00000000,
0x00000000,
0x00000000,
0x00000000,
0x00000000,
0x00000000,
0x00000000,
0x00000000,
0x00000000,
0x00000000,
0x00000000,
0x00000000,
0x00000000,
0x00000000,
0x00000000,
0x00000000,
0x00000000,
0x00000000,
0x00000000,
0x00000000,
0x00000000,
0x00000000,
0x00000000,
0x00000000,
0x00000000,
0x00000000,
0x00000000,
0x00000000,
0x00000000,
0x00000000,
0x00000000,
0x00000000,
0x00000000,
0x00000000,
0x00000000,
0x00000000,
0x00000000,
0x00000000,
0x00000000,
0x00000000,
0x00000000,
0x00000000,
0x00000000,
0x00000000,
0x00000000,
0x00000000,
0x00000000,
0x00000000,
0x00000000,
0x00000000,
0x00000000,
0x00000000,
0x00000000,
0x00000000,
0x00000000,
0x00000000,
0x00000000,
0x00000000,
0x00000000,
0x00000000,
0x00000000,
0x00000000,
0x00000000,
0x00000000,
0x00000000,
0x00000000,
0x00000000,
0x00000000,
0x00000000,
0x00000000,
0x00000000,
0x00000000,
0x00000000,
0x00000000,
0x00000000,
0x00000000,
0x00000000,
0x00000000,
0x00000000,
0x00000000,
0x00000000,
0x00000000,
0x00000000,
0x00000000,
0x00000000,
0x00000000,
0x00000000,
0x00000000,
0x00000000,
0x00000000,
0x00000000,
0x00000000,
0x00000000,
0x00000000,
0x00000000,
0x00000000,
0x00000000,
0x00000000,
0x00000000,
0x00000000,
0x00000000,
0x00000000,
0x00000000,
0x00000000,
0x00000000,
0x00000000,
0x00000000,
0x00000000,
0x00000000,
0x00000000,
0x00000000,
0x00000000,
0x00000000,
0x00000000,
0x00000000,
0x00000000,
0x00000000,
0x00000000,
0x00000000,
0x00000000,
0x00000000,
0x00000000,
0x00000000,
0x00000000,
0x00000000,
0x00000000,
0x00000000,
0x00000000,
0x00000000,
0x00000000,
0x00000000,
0x00000000,
0x00000000,
0x00000000,
0x00000000,
0x00000000,
0x00000000,
0x00000000,
0x00000000,
0x00000000,
0x00000000,
0x00000000,
0x00000000,
0x00000000,
0x00000000,
0x00000000,
0x00000000,
0x00000000,
0x00000000,
0x00000000,
0x00000000,
0x00000000,
0x00000000,
0x00000000,
0x00000000,
0x00000000,
0x00000000,
0x00000000,
0x00000000,
0x00000000,
0x00000000,
0x00000000,
0x00000000,
0x00000000,
0x00000000,
0x00000000,
0x00000000,
0x00000000,
0x00000000,
0x00000000,
0x00000000,
0x00000000,
0x00000000,
0x00000000,
0x00000000,
0x00000000,
0x00000000,
0x00000000,
0x00000000,
0x00000000,
0x00000000,
0x00000000,
0x00000000,
0x00000000,
0x00000000,
0x00000000,
0x00000000,
0x00000000,
0x00000000,
0x00000000,
0x00000000,
0x00000000,
0x00000000,
0x00000000,
0x00000000,
0x00000000,
0x00000000,
0x00000000,
0x00000000,
0x00000000,
0x00000000,
0x00000000,
0x00000000,
0x00000000,
0x00000000,
0x00000000,
0x00000000,
0x00000000,
0x00000000,
0x00000000,
0x00000000,
0x00000000,
0x00000000,
0x00000000,
0x00000000,
0x00000000,
0x00000000,
0x00000000,
0x00000000,
0x00000000,
0x00000000,
0x00000000,
0x00000000,
0x00000000,
0x00000000,
0x00000000,
0x00000000,
0x00000000,
0x00000000,
0x00000000,
0x00000000,
0x00000000,
0x00000000,
0x00000000,
0x00000000,
0x00000000,
0x00000000,
0x00000000,
0x00000000,
0x00000000,
0x00000000,
0x00000000,
0x00000000,
0x00000000,
0x00000000,
0x00000000,
0x00000000,
0x00000000,
0x00000000,
0x00000000,
0x00000000,
0x00000000,
0x00000000,
0x00000000,
0x00000000,
0x00000000,
0x00000000,
0x00000000,
0x00000000,
0x00000000,
0x00000000,
0x00000000,
0x00000000,
0x00000000,
0x00000000,
0x00000000,
0x00000000,
0x00000000,
0x00000000,
0x00000000,
0x00000000,
0x00000000,
0x00000000,
0x00000000,
0x00000000,
0x00000000,
0x00000000,
0x00000000,
0x00000000,
0x00000000,
0x00000000,
0x00000000,
0x00000000,
0x00000000,
0x00000000,
0x00000000,
0x00000000,
0x00000000,
0x00000000,
0x00000000,
0x00000000,
0x00000000,
0x00000000,
0x00000000,
0x00000000,
0x00000000,
0x00000000,
0x00000000,
0x00000000,
0x00000000,
0x00000000,
0x00000000,
0x00000000,
0x00000000,
0x00000000,
0x00000000,
0x00000000,
0x00000000,
0x00000000,
0x00000000,
0x00000000,
0x00000000,
0x00000000,
0x00000000,
0x00000000,
0x00000000,
0x00000000,
0x00000000,
0x00000000,
0x00000000,
0x00000000,
0x00000000,
0x00000000,
0x00000000,
0x00000000,
0x00000000,
0x00000000,
0x00000000,
0x00000000,
0x00000000,
0x00000000,
0x00000000,
0x00000000,
0x00000000,
0x00000000,
0x00000000,
0x00000000,
0x00000000,
0x00000000,
0x00000000,
0x00000000,
0x00000000,
0x00000000,
0x00000000,
0x00000000,
0x00000000,
0x00000000,
0x00000000,
0x00000000,
0x00000000,
0x00000000,
0x00000000,
0x00000000,
0x00000000,
0x00000000,
0x00000000,
0x00000000,
0x00000000,
0x00000000,
0x00000000,
0x00000000,
0x00000000,
0x00000000,
0x00000000,
0x00000000,
0x00000000,
0x00000000,
0x00000000,
0x00000000,
0x00000000,
0x00000000,
0x00000000,
0x00000000,
0x00000000,
0x00000000,
0x00000000,
0x00000000,
0x00000000,
0x00000000,
0x00000000,
0x00000000,
0x00000000,
0x00000000,
0x00000000,
0x00000000,
0x00000000,
0x00000000,
0x00000000,
0x00000000,
0x00000000,
0x00000000,
0x00000000,
0x00000000,
0x00000000,
0x00000000,
0x00000000,
0x00000000,
0x00000000,
0x00000000,
0x00000000,
0x00000000,
0x00000000,
0x00000000,
0x00000000,
0x00000000,
0x00000000,
0x00000000,
0x00000000,
0x00000000,
0x00000000,
0x00000000,
0x00000000,
0x00000000,
0x00000000,
0x00000000,
0x00000000,
0x00000000,
0x00000000,
0x00000000,
0x00000000,
0x00000000,
0x00000000,
0x00000000,
0x00000000,
0x00000000,
0x00000000,
0x00000000,
0x00000000,
0x00000000,
0x00000000,
0x00000000,
0x00000000,
0x00000000,
0x00000000,
0x00000000,
0x00000000,
0x00000000,
0x00000000,
0x00000000,
0x00000000,
0x00000000,
0x00000000,
0x00000000,
0x00000000,
0x00000000,
0x00000000,
0x00000000,
0x00000000,
0x00000000,
0x00000000,
0x00000000,
0x00000000,
0x00000000,
0x00000000,
0x00000000,
0x00000000,
0x00000000,
0x00000000,
0x00000000,
0x00000000,
0x00000000,
0x00000000,
0x00000000,
0x00000000,
0x00000000,
0x00000000,
0x00000000,
0x00000000,
0x00000000,
0x00000000,
0x00000000,
0x00000000,
0x00000000,
0x00000000,
0x00000000,
0x00000000,
0x00000000,
0x00000000,
0x00000000,
0x00000000,
0x00000000,
0x00000000,
0x00000000,
0x00000000,
0x00000000,
0x00000000,
0x00000000,
0x00000000,
0x00000000,
0x00000000,
0x00000000,
0x00000000,
0x00000000,
0x00000000,
0x00000000,
0x00000000,
0x00000000,
0x00000000,
0x00000000,
0x00000000,
0x00000000,
0x00000000,
0x00000000,
0x00000000,
0x00000000,
0x00000000,
0x00000000,
0x00000000,
0x00000000,
0x00000000,
0x00000000,
0x00000000,
0x00000000,
0x00000000,
0x00000000,
0x00000000,
0x00000000,
0x00000000,
0x00000000,
0x00000000,
0x00000000,
0x00000000,
0x00000000,
0x00000000,
0x00000000,
0x00000000,
0x00000000,
0x00000000,
0x00000000,
0x00000000,
0x00000000,
0x00000000,
0x00000000,
0x00000000,
0x00000000,
0x00000000,
0x00000000,
0x00000000,
0x00000000,
0x00000000,
0x00000000,
0x00000000,
0x00000000,
0x00000000,
0x00000000,
0x00000000,
0x00000000,
0x00000000,
0x00000000,
0x00000000,
0x00000000,
0x00000000,
0x00000000,
0x00000000,
0x00000000,
0x00000000,
0x00000000,
0x00000000,
0x00000000,
0x00000000,
0x00000000,
0x00000000,
0x00000000,
0x00000000,
0x00000000,
0x00000000,
0x00000000,
0x00000000,
0x00000000,
0x00000000,
0x00000000,
0x00000000,
0x00000000,
0x00000000,
0x00000000,
0x00000000,
0x00000000,
0x00000000,
0x00000000,
0x00000000,
0x00000000,
0x00000000,
0x00000000,
0x00000000,
0x00000000,
0x00000000,
0x00000000,
0x00000000,
0x00000000,
0x00000000,
0x00000000,
0x00000000,
0x00000000,
0x00000000,
0x00000000,
0x00000000,
0x00000000,
0x00000000,
0x00000000,
0x00000000,
0x00000000,
0x00000000,
0x00000000,
0x00000000,
0x00000000,
0x00000000,
0x00000000,
0x00000000,
0x00000000,
0x00000000,
0x00000000,
0x00000000,
0x00000000,
0x00000000,
0x00000000,
0x00000000,
0x00000000,
0x00000000,
0x00000000,
0x00000000,
0x00000000,
0x00000000,
0x00000000,
0x00000000,
0x00000000,
0x00000000,
0x00000000,
0x00000000,
0x00000000,
0x00000000,
0x00000000,
0x00000000,
0x00000000,
0x00000000,
0x00000000,
0x00000000,
0x00000000,
0x00000000,
0x00000000,
0x00000000,
0x00000000,
0x00000000,
0x00000000,
0x00000000,
0x00000000,
0x00000000,
0x00000000,
0x00000000,
0x00000000,
0x00000000,
0x00000000,
0x00000000,
0x00000000,
0x00000000,
0x00000000,
0x00000000,
0x00000000,
0x00000000,
0x00000000,
0x00000000,
0x00000000,
0x00000000,
0x00000000,
0x00000000,
0x00000000,
0x00000000,
0x00000000,
0x00000000,
0x00000000,
0x00000000,
0x00000000,
0x00000000,
0x00000000,
0x00000000,
0x00000000,
0x00000000,
0x00000000,
0x00000000,
0x00000000,
0x00000000,
0x00000000,
0x00000000,
0x00000000,
0x00000000,
0x00000000,
0x00000000,
0x00000000,
0x00000000,
0x00000000,
0x00000000,
0x00000000,
0x00000000,
0x00000000,
0x00000000,
0x00000000,
0x00000000,
0x00000000,
0x00000000,
0x00000000,
0x00000000,
0x00000000,
0x00000000,
0x00000000,
0x00000000,
0x00000000,
0x00000000,
0x00000000,
0x00000000,
0x00000000,
0x00000000,
0x00000000,
0x00000000,
0x00000000,
0x00000000,
0x00000000,
0x00000000,
0x00000000,
0x00000000,
0x00000000,
0x00000000,
0x00000000,
0x00000000,
0x00000000,
0x00000000,
0x00000000,
0x00000000,
0x00000000,
0x00000000,
0x00000000,
0x00000000,
0x00000000,
0x00000000,
0x00000000,
0x00000000,
0x00000000,
0x00000000,
0x00000000,
0x00000000,
0x00000000,
0x00000000,
0x00000000,
0x00000000,
0x00000000,
0x00000000,
0x00000000,
0x00000000,
0x00000000,
0x00000000,
0x00000000,
0x00000000,
0x00000000,
0x00000000,
0x00000000,
0x00000000,
0x00000000,
0x00000000,
0x00000000,
0x00000000,
0x00000000,
0x00000000,
0x00000000,
0x00000000,
0x00000000,
0x00000000,
0x00000000,
0x00000000,
0x00000000,
0x00000000,
0x00000000,
0x00000000,
0x00000000,
0x00000000,
0x00000000,
0x00000000,
0x00000000,
0x00000000,
0x00000000,
0x00000000,
0x00000000,
0x00000000,
0x00000000,
0x00000000,
0x00000000,
0x00000000,
0x00000000,
0x00000000,
0x00000000,
0x00000000,
0x00000000,
0x00000000,
0x00000000,
0x00000000,
0x00000000,
0x00000000,
0x00000000,
0x00000000,
0x00000000,
0x00000000,
0x00000000,
0x00000000,
0x00000000,
0x00000000,
0x00000000,
0x00000000,
0x00000000,
0x00000000,
0x00000000,
0x00000000,
0x00000000,
0x00000000,
0x00000000,
0x00000000,
0x00000000,
0x00000000,
0x00000000,
0x00000000,
0x00000000,
0x00000000,
0x00000000,
0x00000000,
0x00000000,
0x00000000,
0x00000000,
0x00000000,
0x00000000,
0x00000000,
0x00000000,
0x00000000,
0x00000000,
0x00000000,
0x00000000,
0x00000000,
0x00000000,
0x00000000,
0x00000000,
0x00000000,
0x00000000,
0x00000000,
0x00000000,
0x00000000,
0x00000000,
0x00000000,
0x00000000,
0x00000000,
0x00000000,
0x00000000,
0x00000000,
0x00000000,
0x00000000,
0x00000000,
0x00000000,
0x00000000,
0x00000000,
0x00000000,
0x00000000,
0x00000000,
0x00000000,
0x00000000,
0x00000000,
0x00000000,
0x00000000,
0x00000000,
0x00000000,
0x00000000,
0x00000000,
0x00000000,
0x00000000,
0x00000000,
0x00000000,
0x00000000,
0x00000000,
0x00000000,
0x00000000,
0x00000000,
0x00000000,
0x00000000,
0x00000000,
0x00000000,
0x00000000,
0x00000000,
0x00000000,
0x00000000,
0x00000000,
0x00000000,
0x00000000,
0x00000000,
0x00000000,
0x00000000,
0x00000000,
0x00000000,
0x00000000,
0x00000000,
0x00000000,
0x00000000,
0x00000000,
0x00000000,
0x00000000,
0x00000000,
0x00000000,
0x00000000,
0x00000000,
0x00000000,
0x00000000,
0x00000000,
0x00000000,
0x00000000,
0x00000000,
0x00000000,
0x00000000,
0x00000000,
0x00000000,
0x00000000,
0x00000000,
0x00000000,
0x00000000,
0x00000000,
0x00000000,
0x00000000,
0x00000000,
0x00000000,
0x00000000,
0x00000000,
0x00000000,
0x00000000,
0x00000000,
0x00000000,
0x00000000,
0x00000000,
0x00000000,
0x00000000,
0x00000000,
0x00000000,
0x00000000,
0x00000000,
0x00000000,
0x00000000,
0x00000000,
0x00000000,
0x00000000,
0x00000000,
0x00000000,
0x00000000,
0x00000000,
0x00000000,
0x00000000,
0x00000000,
0x00000000,
0x00000000,
0x00000000,
0x00000000,
0x00000000,
0x00000000,
0x00000000,
0x00000000,
0x00000000,
0x00000000,
0x00000000,
0x00000000,
0x00000000,
0x00000000,
0x00000000,
0x00000000,
0x00000000,
0x00000000,
0x00000000,
0x00000000,
0x00000000,
0x00000000,
0x00000000,
0x00000000,
0x00000000,
0x00000000,
0x00000000,
0x00000000,
0x00000000,
0x00000000,
0x00000000,
0x00000000,
0x00000000,
0x00000000,
0x00000000,
0x00000000,
0x00000000,
0x00000000,
0x00000000,
0x00000000,
0x00000000,
0x00000000,
0x00000000,
0x00000000,
0x00000000,
0x00000000,
0x00000000,
0x00000000,
0x00000000,
0x00000000,
0x00000000,
0x00000000,
0x00000000,
0x00000000,
0x00000000,
0x00000000,
0x00000000,
0x00000000,
0x00000000,
0x00000000,
0x00000000,
0x00000000,
0x00000000,
0x00000000,
0x00000000,
0x00000000,
0x00000000,
0x00000000,
0x00000000,
0x00000000,
0x00000000,
0x00000000,
0x00000000,
0x00000000,
0x00000000,
0x00000000,
0x00000000,
0x00000000,
0x00000000,
0x00000000,
0x00000000,
0x00000000,
0x00000000,
0x00000000,
0x00000000,
0x00000000,
0x00000000,
0x00000000,
0x00000000,
0x00000000,
0x00000000,
0x00000000,
0x00000000,
0x00000000,
0x00000000,
0x00000000,
0x00000000,
0x00000000,
0x00000000,
0x00000000,
0x00000000,
0x00000000,
0x00000000,
0x00000000,
0x00000000,
0x00000000,
0x00000000,
0x00000000,
0x00000000,
0x00000000,
0x00000000,
0x00000000,
0x00000000,
0x00000000,
0x00000000,
0x00000000,
0x00000000,
0x00000000,
0x00000000,
0x00000000,
0x00000000,
0x00000000,
0x00000000,
0x00000000,
0x00000000,
0x00000000,
0x00000000,
0x00000000,
0x00000000,
0x00000000,
0x00000000,
0x00000000,
0x00000000,
0x00000000,
0x00000000,
0x00000000,
0x00000000,
0x00000000,
0x00000000,
0x00000000,
0x00000000,
0x00000000,
0x00000000,
0x00000000,
0x00000000,
0x00000000,
0x00000000,
0x00000000,
0x00000000,
0x00000000,
0x00000000,
0x00000000,
0x00000000,
0x00000000,
0x00000000,
0x00000000,
0x00000000,
0x00000000,
0x00000000,
0x00000000,
0x00000000,
0x00000000,
0x00000000,
0x00000000,
0x00000000,
0x00000000,
0x00000000,
0x00000000,
0x00000000,
0x00000000,
0x00000000,
0x00000000,
0x00000000,
0x00000000,
0x00000000,
0x00000000,
0x00000000,
0x00000000,
0x00000000,
0x00000000,
0x00000000,
0x00000000,
0x00000000,
0x00000000,
0x00000000,
0x00000000,
0x00000000,
0x00000000,
0x00000000,
0x00000000,
0x00000000,
0x00000000,
0x00000000,
0x00000000,
0x00000000,
0x00000000,
0x00000000,
0x00000000,
0x00000000,
0x00000000,
0x00000000,
0x00000000,
0x00000000,
0x00000000,
0x00000000,
0x00000000,
0x00000000,
0x00000000,
0x00000000,
0x00000000,
0x00000000,
0x00000000,
0x00000000,
0x00000000,
0x00000000,
0x00000000,
0x00000000,
0x00000000,
0x00000000,
0x00000000,
0x00000000,
0x00000000,
0x00000000,
0x00000000,
0x00000000,
0x00000000,
0x00000000,
0x00000000,
0x00000000,
0x00000000,
0x00000000,
0x00000000,
0x00000000,
0x00000000,
0x00000000,
0x00000000,
0x00000000,
0x00000000,
0x00000000,
0x00000000,
0x00000000,
0x00000000,
0x00000000,
0x00000000,
0x00000000,
0x00000000,
0x00000000,
0x00000000,
0x00000000,
0x00000000,
0x00000000,
0x00000000,
0x00000000,
0x00000000,
0x00000000,
0x00000000,
0x00000000,
0x00000000,
0x00000000,
0x00000000,
0x00000000,
0x00000000,
0x00000000,
0x00000000,
0x00000000,
0x00000000,
0x00000000,
0x00000000,
0x00000000,
0x00000000,
0x00000000,
0x00000000,
0x00000000,
0x00000000,
0x00000000,
0x00000000,
0x00000000,
0x00000000,
0x00000000,
0x00000000,
0x00000000,
0x00000000,
0x00000000,
0x00000000,
0x00000000,
0x00000000,
0x00000000,
0x00000000,
0x00000000,
0x00000000,
0x00000000,
0x00000000,
0x00000000,
0x00000000,
0x00000000,
0x00000000,
0x00000000,
0x00000000,
0x00000000,
0x00000000,
0x00000000,
0x00000000,
0x00000000,
0x00000000,
0x00000000,
0x00000000,
0x00000000,
0x00000000,
0x00000000,
0x00000000,
0x00000000,
0x00000000,
0x00000000,
0x00000000,
0x00000000,
0x00000000,
0x00000000,
0x00000000,
0x00000000,
0x00000000,
0x00000000,
0x00000000,
0x00000000,
0x00000000,
0x00000000,
0x00000000,
0x00000000,
0x00000000,
0x00000000,
0x00000000,
0x00000000,
0x00000000,
0x00000000,
0x00000000,
0x00000000,
0x00000000,
0x00000000,
0x00000000,
0x00000000,
0x00000000,
0x00000000,
0x00000000,
0x00000000,
0x00000000,
0x00000000,
0x00000000,
0x00000000,
0x00000000,
0x00000000,
0x00000000,
0x00000000,
0x00000000,
0x00000000,
0x00000000,
0x00000000,
0x00000000,
0x00000000,
0x00000000,
0x00000000,
0x00000000,
0x00000000,
0x00000000,
0x00000000,
0x00000000,
0x00000000,
0x00000000,
0x00000000,
0x00000000,
0x00000000,
0x00000000,
0x00000000,
0x00000000,
0x00000000,
0x00000000,
0x00000000,
0x00000000,
0x00000000,
0x00000000,
0x00000000,
0x00000000,
0x00000000,
0x00000000,
0x00000000,
0x00000000,
0x00000000,
0x00000000,
0x00000000,
0x00000000,
0x00000000,
0x00000000,
0x00000000,
0x00000000,
0x00000000,
0x00000000,
0x00000000,
0x00000000,
0x00000000,
0x00000000,
0x00000000,
0x00000000,
0x00000000,
0x00000000,
0x00000000,
0x00000000,
0x00000000,
0x00000000,
0x00000000,
0x00000000,
0x00000000,
0x00000000,
0x00000000,
0x00000000,
0x00000000,
0x00000000,
0x00000000,
0x00000000,
0x00000000,
0x00000000,
0x00000000,
0x00000000,
0x00000000,
0x00000000,
0x00000000,
0x00000000,
0x00000000,
0x00000000,
0x00000000,
0x00000000,
0x00000000,
0x00000000,
0x00000000,
0x00000000,
0x00000000,
0x00000000,
0x00000000,
0x00000000,
0x00000000,
0x00000000,
0x00000000,
0x00000000,
0x00000000,
0x00000000,
0x00000000,
0x00000000,
0x00000000,
0x00000000,
0x00000000,
0x00000000,
0x00000000,
0x00000000,
0x00000000,
0x00000000,
0x00000000,
0x00000000,
0x00000000,
0x00000000,
0x00000000,
0x00000000,
0x00000000,
0x00000000,
0x00000000,
0x00000000,
0x00000000,
0x00000000,
0x00000000,
0x00000000,
0x00000000,
0x00000000,
0x00000000,
0x00000000,
0x00000000,
0x00000000,
0x00000000,
0x00000000,
0x00000000,
0x00000000,
0x00000000,
0x00000000,
0x00000000,
0x00000000,
0x00000000,
0x00000000,
0x00000000,
0x00000000,
0x00000000,
0x00000000,
0x00000000,
0x00000000,
0x00000000,
0x00000000,
0x00000000,
0x00000000,
0x00000000,
0x00000000,
0x00000000,
0x00000000,
0x00000000,
0x00000000,
0x00000000,
0x00000000,
0x00000000,
0x00000000,
0x00000000,
0x00000000,
0x00000000,
0x00000000,
0x00000000,
0x00000000,
0x00000000,
0x00000000,
0x00000000,
0x00000000,
0x00000000,
0x00000000,
0x00000000,
0x00000000,
0x00000000,
0x00000000,
0x00000000,
0x00000000,
0x00000000,
0x00000000,
0x00000000,
0x00000000,
0x00000000,
0x00000000,
0x00000000,
0x00000000,
0x00000000,
0x00000000,
0x00000000,
0x00000000,
0x00000000,
0x00000000,
0x00000000,
0x00000000,
0x00000000,
0x00000000,
0x00000000,
0x00000000,
0x00000000,
0x00000000,
0x00000000,
0x00000000,
0x00000000,
0x00000000,
0x00000000,
0x00000000,
0x00000000,
0x00000000,
0x00000000,
0x00000000,
0x00000000,
0x00000000,
0x00000000,
0x00000000,
0x00000000,
0x00000000,
0x00000000,
0x00000000,
0x00000000,
0x00000000,
0x00000000,
0x00000000,
0x00000000,
0x00000000,
0x00000000,
0x00000000,
0x00000000,
0x00000000,
0x00000000,
0x00000000,
0x00000000,
0x00000000,
0x00000000,
0x00000000,
0x00000000,
0x00000000,
0x00000000,
0x00000000,
0x00000000,
0x00000000,
0x00000000,
0x00000000,
0x00000000,
0x00000000,
0x00000000,
0x00000000,
0x00000000,
0x00000000,
0x00000000,
0x00000000,
0x00000000,
0x00000000,
0x00000000,
0x00000000,
0x00000000,
0x00000000,
0x00000000,
0x00000000,
0x00000000,
0x00000000,
0x00000000,
0x00000000,
0x00000000,
0x00000000,
0x00000000,
0x00000000,
0x00000000,
0x00000000,
0x00000000,
0x00000000,
0x00000000,
0x00000000,
0x00000000,
0x00000000,
0x00000000,
0x00000000,
0x00000000,
0x00000000,
0x00000000,
0x00000000,
0x00000000,
0x00000000,
0x00000000,
0x00000000,
0x00000000,
0x00000000,
0x00000000,
0x00000000,
0x00000000,
0x00000000,
0x00000000,
0x00000000,
0x00000000,
0x00000000,
0x00000000,
0x00000000,
0x00000000,
0x00000000,
0x00000000,
0x00000000,
0x00000000,
0x00000000,
0x00000000,
0x00000000,
0x00000000,
0x00000000,
0x00000000,
0x00000000,
0x00000000,
0x00000000,
0x00000000,
0x00000000,
0x00000000,
0x00000000,
0x00000000,
0x00000000,
0x00000000,
0x00000000,
0x00000000,
0x00000000,
0x00000000,
0x00000000,
0x00000000,
0x00000000,
0x00000000,
0x00000000,
0x00000000,
0x00000000,
0x00000000,
0x00000000,
0x00000000,
0x00000000,
0x00000000,
0x00000000,
0x00000000,
0x00000000,
0x00000000,
0x00000000,
0x00000000,
0x00000000,
0x00000000,
0x00000000,
0x00000000,
0x00000000,
0x00000000,
0x00000000,
0x00000000,
0x00000000,
0x00000000,
0x00000000,
0x00000000,
0x00000000,
0x00000000,
0x00000000,
0x00000000,
0x00000000,
0x00000000,
0x00000000,
0x00000000,
0x00000000,
0x00000000,
0x00000000,
0x00000000,
0x00000000,
0x00000000,
0x00000000,
0x00000000,
0x00000000,
0x00000000,
0x00000000,
0x00000000,
0x00000000,
0x00000000,
0x00000000,
0x00000000,
0x00000000,
0x00000000,
0x00000000,
0x00000000,
0x00000000,
0x00000000,
0x00000000,
0x00000000,
0x00000000,
0x00000000,
0x00000000,
0x00000000,
0x00000000,
0x00000000,
0x00000000,
0x00000000,
0x00000000,
0x00000000,
0x00000000,
0x00000000,
0x00000000,
0x00000000,
0x00000000,
0x00000000,
0x00000000,
0x00000000,
0x00000000,
0x00000000,
0x00000000,
0x00000000,
0x00000000,
0x00000000,
0x00000000,
0x00000000,
0x00000000,
0x00000000,
0x00000000,
0x00000000,
0x00000000,
0x00000000,
0x00000000,
0x00000000,
0x00000000,
0x00000000,
0x00000000,
0x00000000,
0x00000000,
0x00000000,
0x00000000,
0x00000000,
0x00000000,
0x00000000,
0x00000000,
0x00000000,
0x00000000,
0x00000000,
0x00000000,
0x00000000,
0x00000000,
0x00000000,
0x00000000,
0x00000000,
0x00000000,
0x00000000,
0x00000000,
0x00000000,
0x00000000,
0x00000000,
0x00000000,
0x00000000,
0x00000000,
0x00000000,
0x00000000,
0x00000000,
0x00000000,
0x00000000,
0x00000000,
0x00000000,
0x00000000,
0x00000000,
0x00000000,
0x00000000,
0x00000000,
0x00000000,
0x00000000,
0x00000000,
0x00000000,
0x00000000,
0x00000000,
0x00000000,
0x00000000,
0x00000000,
0x00000000,
0x00000000,
0x00000000,
0x00000000,
0x00000000,
0x00000000,
0x00000000,
0x00000000,
0x00000000,
0x00000000,
0x00000000,
0x00000000,
0x00000000,
0x00000000,
0x00000000,
0x00000000,
0x00000000,
0x00000000,
0x00000000,
0x00000000,
0x00000000,
0x00000000,
0x00000000,
0x00000000,
0x00000000,
0x00000000,
0x00000000,
0x00000000,
0x00000000,
0x00000000,
0x00000000,
0x00000000,
0x00000000,
0x00000000,
0x00000000,
0x00000000,
0x00000000,
0x00000000,
0x00000000,
0x00000000,
0x00000000,
0x00000000,
0x00000000,
0x00000000,
0x00000000,
0x00000000,
0x00000000,
0x00000000,
0x00000000,
0x00000000,
0x00000000,
0x00000000,
0x00000000,
0x00000000,
0x00000000,
0x00000000,
0x00000000,
0x00000000,
0x00000000,
0x00000000,
0x00000000,
0x00000000,
0x00000000,
0x00000000,
0x00000000,
0x00000000,
0x00000000,
0x00000000,
0x00000000,
0x00000000,
0x00000000,
0x00000000,
0x00000000,
0x00000000,
0x00000000,
0x00000000,
0x00000000,
0x00000000,
0x00000000,
0x00000000,
0x00000000,
0x00000000,
0x00000000,
0x00000000,
0x00000000,
0x00000000,
0x00000000,
0x00000000,
0x00000000,
0x00000000,
0x00000000,
0x00000000,
0x00000000,
0x00000000,
0x00000000,
0x00000000,
0x00000000,
0x00000000,
0x00000000,
0x00000000,
0x00000000,
0x00000000,
0x00000000,
0x00000000,
0x00000000,
0x00000000,
0x00000000,
0x00000000,
0x00000000,
0x00000000,
0x00000000,
0x00000000,
0x00000000,
0x00000000,
0x00000000,
0x00000000,
0x00000000,
0x00000000,
0x00000000,
0x00000000,
0x00000000,
0x00000000,
0x00000000,
0x00000000,
0x00000000,
0x00000000,
0x00000000,
0x00000000,
0x00000000,
0x00000000,
0x00000000,
0x00000000,
0x00000000,
0x00000000,
0x00000000,
0x00000000,
0x00000000,
0x00000000,
0x00000000,
0x00000000,
0x00000000,
0x00000000,
0x00000000,
0x00000000,
0x00000000,
0x00000000,
0x00000000,
0x00000000,
0x00000000,
0x00000000,
0x00000000,
0x00000000,
0x00000000,
0x00000000,
0x00000000,
0x00000000,
0x00000000,
0x00000000,
0x00000000,
0x00000000,
0x00000000,
0x00000000,
0x00000000,
0x00000000,
0x00000000,
0x00000000,
0x00000000,
0x00000000,
0x00000000,
0x00000000,
0x00000000,
0x00000000,
0x00000000,
0x00000000,
0x00000000,
0x00000000,
0x00000000,
0x00000000,
0x00000000,
0x00000000,
0x00000000,
0x00000000,
0x00000000,
0x00000000,
0x00000000,
0x00000000,
0x00000000,
0x00000000,
0x00000000,
0x00000000,
0x00000000,
0x00000000,
0x00000000,
0x00000000,
0x00000000,
0x00000000,
0x00000000,
0x00000000,
0x00000000,
0x00000000,
0x00000000,
0x00000000,
0x00000000,
0x00000000,
0x00000000,
0x00000000,
0x00000000,
0x00000000,
0x00000000,
0x00000000,
0x00000000,
0x00000000,
0x00000000,
0x00000000,
0x00000000,
0x00000000,
0x00000000,
0x00000000,
0x00000000,
0x00000000,
0x00000000,
0x00000000,
0x00000000,
0x00000000,
0x00000000,
0x00000000,
0x00000000,
0x00000000,
0x00000000,
0x00000000,
0x00000000,
0x00000000,
0x00000000,
0x00000000,
0x00000000,
0x00000000,
0x00000000,
0x00000000,
0x00000000,
0x00000000,
0x00000000,
0x00000000,
0x00000000,
0x00000000,
0x00000000,
0x00000000,
0x00000000,
0x00000000,
0x00000000,
0x00000000,
0x00000000,
0x00000000,
0x00000000,
0x00000000,
0x00000000,
0x00000000,
0x00000000,
0x00000000,
0x00000000,
0x00000000,
0x00000000,
0x00000000,
0x00000000,
0x00000000,
0x00000000,
0x00000000,
0x00000000,
0x00000000,
0x00000000,
0x00000000,
0x00000000,
0x00000000,
0x00000000,
0x00000000,
0x00000000,
0x00000000,
0x00000000,
0x00000000,
0x00000000,
0x00000000,
0x00000000,
0x00000000,
0x00000000,
0x00000000,
0x00000000,
0x00000000,
0x00000000,
0x00000000,
0x00000000,
0x00000000,
0x00000000,
0x00000000,
0x00000000,
0x00000000,
0x00000000,
0x00000000,
0x00000000,
0x00000000,
0x00000000,
0x00000000,
0x00000000,
0x00000000,
0x00000000,
0x00000000,
0x00000000,
0x00000000,
0x00000000,
0x00000000,
0x00000000,
0x00000000,
0x00000000,
0x00000000,
0x00000000,
0x00000000,
0x00000000,
0x00000000,
0x00000000,
0x00000000,
0x00000000,
0x00000000,
0x00000000,
0x00000000,
0x00000000,
0x00000000,
0x00000000,
0x00000000,
0x00000000,
0x00000000,
0x00000000,
0x00000000,
0x00000000,
0x00000000,
0x00000000,
0x00000000,
0x00000000,
0x00000000,
0x00000000,
0x00000000,
0x00000000,
0x00000000,
0x00000000,
0x00000000,
0x00000000,
0x00000000,
0x00000000,
0x00000000,
0x00000000,
0x00000000,
0x00000000,
0x00000000,
0x00000000,
0x00000000,
0x00000000,
0x00000000,
0x00000000,
0x00000000,
0x00000000,
0x00000000,
0x00000000,
0x00000000,
0x00000000,
0x00000000,
0x00000000,
0x00000000,
0x00000000,
0x00000000,
0x00000000,
0x00000000,
0x00000000,
0x00000000,
0x00000000,
0x00000000,
0x00000000,
0x00000000,
0x00000000,
0x00000000,
0x00000000,
0x00000000,
0x00000000,
0x00000000,
0x00000000,
0x00000000,
0x00000000,
0x00000000,
0x00000000,
0x00000000,
0x00000000,
0x00000000,
0x00000000,
0x00000000,
0x00000000,
0x00000000,
0x00000000,
0x00000000,
0x00000000,
0x00000000,
0x00000000,
0x00000000,
0x00000000,
0x00000000,
0x00000000,
0x00000000,
0x00000000,
0x00000000,
0x00000000,
0x00000000,
0x00000000,
0x00000000,
0x00000000,
0x00000000,
0x00000000,
0x00000000,
0x00000000,
0x00000000,
0x00000000,
0x00000000,
0x00000000,
0x00000000,
0x00000000,
0x00000000,
0x00000000,
0x00000000,
0x00000000,
0x00000000,
0x00000000,
0x00000000,
0x00000000,
0x00000000,
0x00000000,
0x00000000,
0x00000000,
0x00000000,
0x00000000,
0x00000000,
0x00000000,
0x00000000,
0x00000000,
0x00000000,
0x00000000,
0x00000000,
0x00000000,
0x00000000,
0x00000000,
0x00000000,
0x00000000,
0x00000000,
0x00000000,
0x00000000,
0x00000000,
0x00000000,
0x00000000,
0x00000000,
0x00000000,
0x00000000,
0x00000000,
0x00000000,
0x00000000,
0x00000000,
0x00000000,
0x00000000,
0x00000000,
0x00000000,
0x00000000,
0x00000000,
0x00000000,
0x00000000,
0x00000000,
0x00000000,
0x00000000,
0x00000000,
0x00000000,
0x00000000,
0x00000000,
0x00000000,
0x00000000,
0x00000000,
0x00000000,
0x00000000,
0x00000000,
0x00000000,
0x00000000,
0x00000000,
0x00000000,
0x00000000,
0x00000000,
0x00000000,
0x00000000,
0x00000000,
0x00000000,
0x00000000,
0x00000000,
0x00000000,
0x00000000,
0x00000000,
0x00000000,
0x00000000,
0x00000000,
0x00000000,
0x00000000,
0x00000000,
0x00000000,
0x00000000,
0x00000000,
0x00000000,
0x00000000,
0x00000000,
0x00000000,
0x00000000,
0x00000000,
0x00000000,
0x00000000,
0x00000000,
0x00000000,
0x00000000,
0x00000000,
0x00000000,
0x00000000,
0x00000000,
0x00000000,
0x00000000,
0x00000000,
0x00000000,
0x00000000,
0x00000000,
0x00000000,
0x00000000,
0x00000000,
0x00000000,
0x00000000,
0x00000000,
0x00000000,
0x00000000,
0x00000000,
0x00000000,
0x00000000,
0x00000000,
0x00000000,
0x00000000,
0x00000000,
0x00000000,
0x00000000,
0x00000000,
0x00000000,
0x00000000,
0x00000000,
0x00000000,
0x00000000,
0x00000000,
0x00000000,
0x00000000,
0x00000000,
0x00000000,
0x00000000,
0x00000000,
0x00000000,
0x00000000,
0x00000000,
0x00000000,
0x00000000,
0x00000000,
0x00000000,
0x00000000,
0x00000000,
0x00000000,
0x00000000,
0x00000000,
0x00000000,
0x00000000,
0x00000000,
0x00000000,
0x00000000,
0x00000000,
0x00000000,
0x00000000,
0x00000000,
0x00000000,
0x00000000,
0x00000000,
0x00000000,
0x00000000,
0x00000000,
0x00000000,
0x00000000,
0x00000000,
0x00000000,
0x00000000,
0x00000000,
0x00000000,
0x00000000,
0x00000000,
0x00000000,
0x00000000,
0x00000000,
0x00000000,
0x00000000,
0x00000000,
0x00000000,
0x00000000,
0x00000000,
0x00000000,
0x00000000,
0x00000000,
0x00000000,
0x00000000,
0x00000000,
0x00000000,
0x00000000,
0x00000000,
0x00000000,
0x00000000,
0x00000000,
0x00000000,
0x00000000,
0x00000000,
0x00000000,
0x00000000,
0x00000000,
0x00000000,
0x00000000,
0x00000000,
0x00000000,
0x00000000,
0x00000000,
0x00000000,
0x00000000,
0x00000000,
0x00000000,
0x00000000,
0x00000000,
0x00000000,
0x00000000,
0x00000000,
0x00000000,
0x00000000,
0x00000000,
0x00000000,
0x00000000,
0x00000000,
0x00000000,
0x00000000,
0x00000000,
0x00000000,
0x00000000,
0x00000000,
0x00000000,
0x00000000,
0x00000000,
0x00000000,
0x00000000,
0x00000000,
0x00000000,
0x00000000,
0x00000000,
0x00000000,
0x00000000,
0x00000000,
0x00000000,
0x00000000,
0x00000000,
0x00000000,
0x00000000,
0x00000000,
0x00000000,
0x00000000,
0x00000000,
0x00000000,
0x00000000,
0x00000000,
0x00000000,
0x00000000,
0x00000000,
0x00000000,
0x00000000,
0x00000000,
0x00000000,
0x00000000,
0x00000000,
0x00000000,
0x00000000,
0x00000000,
0x00000000,
0x00000000,
0x00000000,
0x00000000,
0x00000000,
0x00000000,
0x00000000,
0x00000000,
0x00000000,
0x00000000,
0x00000000,
0x00000000,
0x00000000,
0x00000000,
0x00000000,
0x00000000,
0x00000000,
0x00000000,
0x00000000,
0x00000000,
0x00000000,
0x00000000,
0x00000000,
0x00000000,
0x00000000,
0x00000000,
0x00000000,
0x00000000,
0x00000000,
0x00000000,
0x00000000,
0x00000000,
0x00000000,
0x00000000,
0x00000000,
0x00000000,
0x00000000,
0x00000000,
0x00000000,
0x00000000,
0x00000000,
0x00000000,
0x00000000,
0x00000000,
0x00000000,
0x00000000,
0x00000000,
0x00000000,
0x00000000,
0x00000000,
0x00000000,
0x00000000,
0x00000000,
0x00000000,
0x00000000,
0x00000000,
0x00000000,
0x00000000,
0x00000000,
0x00000000,
0x00000000,
0x00000000,
0x00000000,
0x00000000,
0x00000000,
0x00000000,
0x00000000,
0x00000000,
0x00000000,
0x00000000,
0x00000000,
0x00000000,
0x00000000,
0x00000000,
0x00000000,
0x00000000,
0x00000000,
0x00000000,
0x00000000,
0x00000000,
0x00000000,
0x00000000,
0x00000000,
0x00000000,
0x00000000,
0x00000000,
0x00000000,
0x00000000,
0x00000000,
0x00000000,
0x00000000,
0x00000000,
0x00000000,
0x00000000,
0x00000000,
0x00000000,
0x00000000,
0x00000000,
0x00000000,
0x00000000,
0x00000000,
0x00000000,
0x00000000,
0x00000000,
0x00000000,
0x00000000,
0x00000000,
0x00000000,
0x00000000,
0x00000000,
0x00000000,
0x00000000,
0x00000000,
0x00000000,
0x00000000,
0x00000000,
0x00000000,
0x00000000,
0x00000000,
0x00000000,
0x00000000,
0x00000000,
0x00000000,
0x00000000,
0x00000000,
0x00000000,
0x00000000,
0x00000000,
0x00000000,
0x00000000,
0x00000000,
0x00000000,
0x00000000,
0x00000000,
0x00000000,
0x00000000,
0x00000000,
0x00000000,
0x00000000,
0x00000000,
0x00000000,
0x00000000,
0x00000000,
0x00000000,
0x00000000,
0x00000000,
0x00000000,
0x00000000,
0x00000000,
0x00000000,
0x00000000,
0x00000000,
0x00000000,
0x00000000,
0x00000000,
0x00000000,
0x00000000,
0x00000000,
0x00000000,
0x00000000,
0x00000000,
0x00000000,
0x00000000,
0x00000000,
0x00000000,
0x00000000,
0x00000000,
0x00000000,
0x00000000,
0x00000000,
0x00000000,
0x00000000,
0x00000000,
0x00000000,
0x00000000,
0x00000000,
0x00000000,
0x00000000,
0x00000000,
0x00000000,
0x00000000,
0x00000000,
0x00000000,
0x00000000,
0x00000000,
0x00000000,
0x00000000,
0x00000000,
0x00000000,
0x00000000,
0x00000000,
0x00000000,
0x00000000,
0x00000000,
0x00000000,
0x00000000,
0x00000000,
0x00000000,
0x00000000,
0x00000000,
0x00000000,
0x00000000,
0x00000000,
0x00000000,
0x00000000,
0x00000000,
0x00000000,
0x00000000,
0x00000000,
0x00000000,
0x00000000,
0x00000000,
0x00000000,
0x00000000,
0x00000000,
0x00000000,
0x00000000,
0x00000000,
0x00000000,
0x00000000,
0x00000000,
0x00000000,
0x00000000,
0x00000000,
0x00000000,
0x00000000,
0x00000000,
0x00000000,
0x00000000,
0x00000000,
0x00000000,
0x00000000,
0x00000000,
0x00000000,
0x00000000,
0x00000000,
0x00000000,
0x00000000,
0x00000000,
0x00000000,
0x00000000,
0x00000000,
0x00000000,
0x00000000,
0x00000000,
0x00000000,
0x00000000,
0x00000000,
0x00000000,
0x00000000,
0x00000000,
0x00000000,
0x00000000,
0x00000000,
0x00000000,
0x00000000,
0x00000000,
0x00000000,
0x00000000,
0x00000000,
0x00000000,
0x00000000,
0x00000000,
0x00000000,
0x00000000,
0x00000000,
0x00000000,
0x00000000,
0x00000000,
0x00000000,
0x00000000,
0x00000000,
0x00000000,
0x00000000,
0x00000000,
0x00000000,
0x00000000,
0x00000000,
0x00000000,
0x00000000,
0x00000000,
0x00000000,
0x00000000,
0x00000000,
0x00000000,
0x00000000,
0x00000000,
0x00000000,
0x00000000,
0x00000000,
0x00000000,
0x00000000,
0x00000000,
0x00000000,
0x00000000,
0x00000000,
0x00000000,
0x00000000,
0x00000000,
0x00000000,
0x00000000,
0x00000000,
0x00000000,
0x00000000,
0x00000000,
0x00000000,
0x00000000,
0x00000000,
0x00000000,
0x00000000,
0x00000000,
0x00000000,
0x00000000,
0x00000000,
0x00000000,
0x00000000,
0x00000000,
0x00000000,
0x00000000,
0x00000000,
0x00000000,
0x00000000,
0x00000000,
0x00000000,
0x00000000,
0x00000000,
0x00000000,
0x00000000,
0x00000000,
0x00000000,
0x00000000,
0x00000000,
0x00000000,
0x00000000,
0x00000000,
0x00000000,
0x00000000,
0x00000000,
0x00000000,
0x00000000,
0x00000000,
0x00000000,
0x00000000,
0x00000000,
0x00000000,
0x00000000,
0x00000000,
0x00000000,
0x00000000,
0x00000000,
0x00000000,
0x00000000,
0x00000000,
0x00000000,
0x00000000,
0x00000000,
0x00000000,
0x00000000,
0x00000000,
0x00000000,
0x00000000,
0x00000000,
0x00000000,
0x00000000,
0x00000000,
0x00000000,
0x00000000,
0x00000000,
0x00000000,
0x00000000,
0x00000000,
0x00000000,
0x00000000,
0x00000000,
0x00000000,
0x00000000,
0x00000000,
0x00000000,
0x00000000,
0x00000000,
0x00000000,
0x00000000,
0x00000000,
0x00000000,
0x00000000,
0x00000000,
0x00000000,
0x00000000,
0x00000000,
0x00000000,
0x00000000,
0x00000000,
0x00000000,
0x00000000,
0x00000000,
0x00000000,
0x00000000,
0x00000000,
0x00000000,
0x00000000,
0x00000000,
0x00000000,
0x00000000,
0x00000000,
0x00000000,
0x00000000,
0x00000000,
0x00000000,
0x00000000,
0x00000000,
0x00000000,
0x00000000,
0x00000000,
0x00000000,
0x00000000,
0x00000000,
0x00000000,
0x00000000,
0x00000000,
0x00000000,
0x00000000,
0x00000000,
0x00000000,
0x00000000,
0x00000000,
0x00000000,
0x00000000,
0x00000000,
0x00000000,
0x00000000,
0x00000000,
0x00000000,
0x00000000,
0x00000000,
0x00000000,
0x00000000,
0x00000000,
0x00000000,
0x00000000,
0x00000000,
0x00000000,
0x00000000,
0x00000000,
0x00000000,
0x00000000,
0x00000000,
0x00000000,
0x00000000,
0x00000000,
0x00000000,
0x00000000,
0x00000000,
0x00000000,
0x00000000,
0x00000000,
0x00000000,
0x00000000,
0x00000000,
0x00000000,
0x00000000,
0x00000000,
0x00000000,
0x00000000,
0x00000000,
0x00000000,
0x00000000,
0x00000000,
0x00000000,
0x00000000,
0x00000000,
0x00000000,
0x00000000,
0x00000000,
0x00000000,
0x00000000,
0x00000000,
0x00000000,
0x00000000,
0x00000000,
0x00000000,
0x00000000,
0x00000000,
0x00000000,
0x00000000,
0x00000000,
0x00000000,
0x00000000,
0x00000000,
0x00000000,
0x00000000,
0x00000000,
0x00000000,
0x00000000,
0x00000000,
0x00000000,
0x00000000,
0x00000000,
0x00000000,
0x00000000,
0x00000000,
0x00000000,
0x00000000,
0x00000000,
0x00000000,
0x00000000,
0x00000000,
0x00000000,
0x00000000,
0x00000000,
0x00000000,
0x00000000,
0x00000000,
0x00000000,
0x00000000,
0x00000000,
0x00000000,
0x00000000,
0x00000000,
0x00000000,
0x00000000,
0x00000000,
0x00000000,
0x00000000,
0x00000000,
0x00000000,
0x00000000,
0x00000000,
0x00000000,
0x00000000,
0x00000000,
0x00000000,
0x00000000,
0x00000000,
0x00000000,
0x00000000,
0x00000000,
0x00000000,
0x00000000,
0x00000000,
0x00000000,
0x00000000,
0x00000000,
0x00000000,
0x00000000,
0x00000000,
0x00000000,
0x00000000,
0x00000000,
0x00000000,
0x00000000,
0x00000000,
0x00000000,
0x00000000,
0x00000000,
0x00000000,
0x00000000,
0x00000000,
0x00000000,
0x00000000,
0x00000000,
0x00000000,
0x00000000,
0x00000000,
0x00000000,
0x00000000,
0x00000000,
0x00000000,
0x00000000,
0x00000000,
0x00000000,
0x00000000,
0x00000000,
0x00000000,
0x00000000,
0x00000000,
0x00000000,
0x00000000,
0x00000000,
0x00000000,
0x00000000,
0x00000000,
0x00000000,
0x00000000,
0x00000000,
0x00000000,
0x00000000,
0x00000000,
0x00000000,
0x00000000,
0x00000000,
0x00000000,
0x00000000,
0x00000000,
0x00000000,
0x00000000,
0x00000000,
0x00000000,
0x00000000,
0x00000000,
0x00000000,
0x00000000,
0x00000000,
0x00000000,
0x00000000,
0x00000000,
0x00000000,
0x00000000,
0x00000000,
0x00000000,
0x00000000,
0x00000000,
0x00000000,
0x00000000,
0x00000000,
0x00000000,
0x00000000,
0x00000000,
0x00000000,
0x00000000,
0x00000000,
0x00000000,
0x00000000,
0x00000000,
0x00000000,
0x00000000,
0x00000000,
0x00000000,
0x00000000,
0x00000000,
0x00000000,
0x00000000,
0x00000000,
0x00000000,
0x00000000,
0x00000000,
0x00000000,
0x00000000,
0x00000000,
0x00000000,
0x00000000,
0x00000000,
0x00000000,
0x00000000,
0x00000000,
0x00000000,
0x00000000,
0x00000000,
0x00000000,
0x00000000,
0x00000000,
0x00000000,
0x00000000,
0x00000000,
0x00000000,
0x00000000,
0x00000000,
0x00000000,
0x00000000,
0x00000000,
0x00000000,
0x00000000,
0x00000000,
0x00000000,
0x00000000,
0x00000000,
0x00000000,
0x00000000,
0x00000000,
0x00000000,
0x00000000,
0x00000000,
0x00000000,
0x00000000,
0x00000000,
0x00000000,
0x00000000,
0x00000000,
0x00000000,
0x00000000,
0x00000000,
0x00000000,
0x00000000,
0x00000000,
0x00000000,
0x00000000,
0x00000000,
0x00000000,
0x00000000,
0x00000000,
0x00000000,
0x00000000,
0x00000000,
0x00000000,
0x00000000,
0x00000000,
0x00000000,
0x00000000,
0x00000000,
0x00000000,
0x00000000,
0x00000000,
0x00000000,
0x00000000,
0x00000000,
0x00000000,
0x00000000,
0x00000000,
0x00000000,
0x00000000,
0x00000000,
0x00000000,
0x00000000,
0x00000000,
0x00000000,
0x00000000,
0x00000000,
0x00000000,
0x00000000,
0x00000000,
0x00000000,
0x00000000,
0x00000000,
0x00000000,
0x00000000,
0x00000000,
0x00000000,
0x00000000,
0x00000000,
0x00000000,
0x00000000,
0x00000000,
0x00000000,
0x00000000,
0x00000000,
0x00000000,
0x00000000,
0x00000000,
0x00000000,
0x00000000,
0x00000000,
0x00000000,
0x00000000,
0x00000000,
0x00000000,
0x00000000,
0x00000000,
0x00000000,
0x00000000,
0x00000000,
0x00000000,
0x00000000,
0x00000000,
0x00000000,
0x00000000,
0x00000000,
0x00000000,
0x00000000,
0x00000000,
0x00000000,
0x00000000,
0x00000000,
0x00000000,
0x00000000,
0x00000000,
0x00000000,
0x00000000,
0x00000000,
0x00000000,
0x00000000,
0x00000000,
0x00000000,
0x00000000,
0x00000000,
0x00000000,
0x00000000,
0x00000000,
0x00000000,
0x00000000,
0x00000000,
0x00000000,
0x00000000,
0x00000000,
0x00000000,
0x00000000,
0x00000000,
0x00000000,
0x00000000,
0x00000000,
0x00000000,
0x00000000,
0x00000000,
0x00000000,
0x00000000,
0x00000000,
0x00000000,
0x00000000,
0x00000000,
0x00000000,
0x00000000,
0x00000000,
0x00000000,
0x00000000,
0x00000000,
0x00000000,
0x00000000,
0x00000000,
0x00000000,
0x00000000,
0x00000000,
0x00000000,
0x00000000,
0x00000000,
0x00000000,
0x00000000,
0x00000000,
0x00000000,
0x00000000,
0x00000000,
0x00000000,
0x00000000,
0x00000000,
0x00000000,
0x00000000,
0x00000000,
0x00000000,
0x00000000,
0x00000000,
0x00000000,
0x00000000,
0x00000000,
0x00000000,
0x00000000,
0x00000000,
0x00000000,
0x00000000,
0x00000000,
0x00000000,
0x00000000,
0x00000000,
0x00000000,
0x00000000,
0x00000000,
0x00000000,
0x00000000,
0x00000000,
0x00000000,
0x00000000,
0x00000000,
0x00000000,
0x00000000,
0x00000000,
0x00000000,
0x00000000,
0x00000000,
0x00000000,
0x00000000,
0x00000000,
0x00000000,
0x00000000,
0x00000000,
0x00000000,
0x00000000,
0x00000000,
0x00000000,
0x00000000,
0x00000000,
0x00000000,
0x00000000,
0x00000000,
0x00000000,
0x00000000,
0x00000000,
0x00000000,
0x00000000,
0x00000000,
0x00000000,
0x00000000,
0x00000000,
0x00000000,
0x00000000,
0x00000000,
0x00000000,
0x00000000,
0x00000000,
0x00000000,
0x00000000,
0x00000000,
0x00000000,
0x00000000,
0x00000000,
0x00000000,
0x00000000,
0x00000000,
0x00000000,
0x00000000,
0x00000000,
0x00000000,
0x00000000,
0x00000000,
0x00000000,
0x00000000,
0x00000000,
0x00000000,
0x00000000,
0x00000000,
0x00000000,
0x00000000,
0x00000000,
0x00000000,
0x00000000,
0x00000000,
0x00000000,
0x00000000,
0x00000000,
0x00000000,
0x00000000,
0x00000000,
0x00000000,
0x00000000,
0x00000000,
0x00000000,
0x00000000,
0x00000000,
0x00000000,
0x00000000,
0x00000000,
0x00000000,
0x00000000,
0x00000000,
0x00000000,
0x00000000,
0x00000000,
0x00000000,
0x00000000,
0x00000000,
0x00000000,
0x00000000,
0x00000000,
0x00000000,
0x00000000,
0x00000000,
0x00000000,
0x00000000,
0x00000000,
0x00000000,
0x00000000,
0x00000000,
0x00000000,
0x00000000,
0x00000000,
0x00000000,
0x00000000,
0x00000000,
0x00000000,
0x00000000,
0x00000000,
0x00000000,
0x00000000,
0x00000000,
0x00000000,
0x00000000,
0x00000000,
0x00000000,
0x00000000,
0x00000000,
0x00000000,
0x00000000,
0x00000000,
0x00000000,
0x00000000,
0x00000000,
0x00000000,
0x00000000,
0x00000000,
0x00000000,
0x00000000,
0x00000000,
0x00000000,
0x00000000,
0x00000000,
0x00000000,
0x00000000,
0x00000000,
0x00000000,
0x00000000,
0x00000000,
0x00000000,
0x00000000,
0x00000000,
0x00000000,
0x00000000,
0x00000000,
0x00000000,
0x00000000,
0x00000000,
0x00000000,
0x00000000,
0x00000000,
0x00000000,
0x00000000,
0x00000000,
0x00000000,
0x00000000,
0x00000000,
0x00000000,
0x00000000,
0x00000000,
0x00000000,
0x00000000,
0x00000000,
0x00000000,
0x00000000,
0x00000000,
0x00000000,
0x00000000,
0x00000000,
0x00000000,
0x00000000,
0x00000000,
0x00000000,
0x00000000,
0x00000000,
0x00000000,
0x00000000,
0x00000000,
0x00000000,
0x00000000,
0x00000000,
0x00000000,
0x00000000,
0x00000000,
0x00000000,
0x00000000,
0x00000000,
0x00000000,
0x00000000,
0x00000000,
0x00000000,
0x00000000,
0x00000000,
0x00000000,
0x00000000,
0x00000000,
0x00000000,
0x00000000,
0x00000000,
0x00000000,
0x00000000,
0x00000000,
0x00000000,
0x00000000,
0x00000000,
0x00000000,
0x00000000,
0x00000000,
0x00000000,
0x00000000,
0x00000000,
0x00000000,
0x00000000,
0x00000000,
0x00000000,
0x00000000,
0x00000000,
0x00000000,
0x00000000,
0x00000000,
0x00000000,
0x00000000,
0x00000000,
0x00000000,
0x00000000,
0x00000000,
0x00000000,
0x00000000,
0x00000000,
0x00000000,
0x00000000,
0x00000000,
0x00000000,
0x00000000,
0x00000000,
0x00000000,
0x00000000,
0x00000000,
0x00000000,
0x00000000,
0x00000000,
0x00000000,
0x00000000,
0x00000000,
0x00000000,
0x00000000,
0x00000000,
0x00000000,
0x00000000,
0x00000000,
0x00000000,
0x00000000,
0x00000000,
0x00000000,
0x00000000,
0x00000000,
0x00000000,
0x00000000,
0x00000000,
0x00000000,
0x00000000,
0x00000000,
0x00000000,
0x00000000,
0x00000000,
0x00000000,
0x00000000,
0x00000000,
0x00000000,
0x00000000,
0x00000000,
0x00000000,
0x00000000,
0x00000000,
0x00000000,
0x00000000,
0x00000000,
0x00000000,
0x00000000,
0x00000000,
0x00000000,
0x00000000,
0x00000000,
0x00000000,
0x00000000,
0x00000000,
0x00000000,
0x00000000,
0x00000000,
0x00000000,
0x00000000,
0x00000000,
0x00000000,
0x00000000,
0x00000000,
0x00000000,
0x00000000,
0x00000000,
0x00000000,
0x00000000,
0x00000000,
0x00000000,
0x00000000,
0x00000000,
0x00000000,
0x00000000,
0x00000000,
0x00000000,
0x00000000,
0x00000000,
0x00000000,
0x00000000,
0x00000000,
0x00000000,
0x00000000,
0x00000000,
0x00000000,
0x00000000,
0x00000000,
0x00000000,
0x00000000,
0x00000000,
0x00000000,
0x00000000,
0x00000000,
0x00000000,
0x00000000,
0x00000000,
0x00000000,
0x00000000,
0x00000000,
0x00000000,
0x00000000,
0x00000000,
0x00000000,
0x00000000,
0x00000000,
0x00000000,
0x00000000,
0x00000000,
0x00000000,
0x00000000,
0x00000000,
0x00000000,
0x00000000,
0x00000000,
0x00000000,
0x00000000,
0x00000000,
0x00000000,
0x00000000,
0x00000000,
0x00000000,
0x00000000,
0x00000000,
0x00000000,
0x00000000,
0x00000000,
0x00000000,
0x00000000,
0x00000000,
0x00000000,
0x00000000,
0x00000000,
0x00000000,
0x00000000,
0x00000000,
0x00000000,
0x00000000,
0x00000000,
0x00000000,
0x00000000,
0x00000000,
0x00000000,
0x00000000,
0x00000000,
0x00000000,
0x00000000,
0x00000000,
0x00000000,
0x00000000,
0x00000000,
0x00000000,
0x00000000,
0x00000000,
0x00000000,
0x00000000,
0x00000000,
0x00000000,
0x00000000,
0x00000000,
0x00000000,
0x00000000,
0x00000000,
0x00000000,
0x00000000,
0x00000000,
0x00000000,
0x00000000,
0x00000000,
0x00000000,
0x00000000,
0x00000000,
0x00000000,
0x00000000,
0x00000000,
0x00000000,
0x00000000,
0x00000000,
0x00000000,
0x00000000,
0x00000000,
0x00000000,
0x00000000,
0x00000000,
0x00000000,
0x00000000,
0x00000000,
0x00000000,
0x00000000,
0x00000000,
0x00000000,
0x00000000,
0x00000000,
0x00000000,
0x00000000,
0x00000000,
0x00000000,
0x00000000,
0x00000000,
0x00000000,
0x00000000,
0x00000000,
0x00000000,
0x00000000,
0x00000000,
0x00000000,
0x00000000,
0x00000000,
0x00000000,
0x00000000,
0x00000000,
0x00000000,
0x00000000,
0x00000000,
0x00000000,
0x00000000,
0x00000000,
0x00000000,
0x00000000,
0x00000000,
0x00000000,
0x00000000,
0x00000000,
0x00000000,
0x00000000,
0x00000000,
0x00000000,
0x00000000,
0x00000000,
0x00000000,
0x00000000,
0x00000000,
0x00000000,
0x00000000,
0x00000000,
0x00000000,
0x00000000,
0x00000000,
0x00000000,
0x00000000,
0x00000000,
0x00000000,
0x00000000,
0x00000000,
0x00000000,
0x00000000,
0x00000000,
0x00000000,
0x00000000,
0x00000000,
0x00000000,
0x00000000,
0x00000000,
0x00000000,
0x00000000,
0x00000000,
0x00000000,
0x00000000,
0x00000000,
0x00000000,
0x00000000,
0x00000000,
0x00000000,
0x00000000,
0x00000000,
0x00000000,
0x00000000,
0x00000000,
0x00000000,
0x00000000,
0x00000000,
0x00000000,
0x00000000,
0x00000000,
0x00000000,
0x00000000,
0x00000000,
0x00000000,
0x00000000,
0x00000000,
0x00000000,
0x00000000,
0x00000000,
0x00000000,
0x00000000,
0x00000000,
0x00000000,
0x00000000,
0x00000000,
0x00000000,
0x00000000,
0x00000000,
0x00000000,
0x00000000,
0x00000000,
0x00000000,
0x00000000,
0x00000000,
0x00000000,
0x00000000,
0x00000000,
0x00000000,
0x00000000,
0x00000000,
0x00000000,
0x00000000,
0x00000000,
0x00000000,
0x00000000,
0x00000000,
0x00000000,
0x00000000,
0x00000000,
0x00000000,
0x00000000,
0x00000000,
0x00000000,
0x00000000,
0x00000000,
0x00000000,
0x00000000,
0x00000000,
0x00000000,
0x00000000,
0x00000000,
0x00000000,
0x00000000,
0x00000000,
0x00000000,
0x00000000,
0x00000000,
0x00000000,
0x00000000,
0x00000000,
0x00000000,
0x00000000,
0x00000000,
0x00000000,
0x00000000,
0x00000000,
0x00000000,
0x00000000,
0x00000000,
0x00000000,
0x00000000,
0x00000000,
0x00000000,
0x00000000,
0x00000000,
0x00000000,
0x00000000,
0x00000000,
0x00000000,
0x00000000,
0x00000000,
0x00000000,
0x00000000,
0x00000000,
0x00000000,
0x00000000,
0x00000000,
0x00000000,
0x00000000,
0x00000000,
0x00000000,
0x00000000,
0x00000000,
0x00000000,
0x00000000,
0x00000000,
0x00000000,
0x00000000,
0x00000000,
0x00000000,
0x00000000,
0x00000000,
0x00000000,
0x00000000,
0x00000000,
0x00000000,
0x00000000,
0x00000000,
0x00000000,
0x00000000,
0x00000000,
0x00000000,
0x00000000,
0x00000000,
0x00000000,
0x00000000,
0x00000000,
0x00000000,
0x00000000,
0x00000000,
0x00000000,
0x00000000,
0x00000000,
0x00000000,
0x00000000,
0x00000000,
0x00000000,
0x00000000,
0x00000000,
0x00000000,
0x00000000,
0x00000000,
0x00000000,
0x00000000,
0x00000000,
0x00000000,
0x00000000,
0x00000000,
0x00000000,
0x00000000,
0x00000000,
0x00000000,
0x00000000,
0x00000000,
0x00000000,
0x00000000,
0x00000000,
0x00000000,
0x00000000,
0x00000000,
0x00000000,
0x00000000,
0x00000000,
0x00000000,
0x00000000,
0x00000000,
0x00000000,
0x00000000,
0x00000000,
0x00000000,
0x00000000,
0x00000000,
0x00000000,
0x00000000,
0x00000000,
0x00000000,
0x00000000,
0x00000000,
0x00000000,
0x00000000,
0x00000000,
0x00000000,
0x00000000,
0x00000000,
0x00000000,
0x00000000,
0x00000000,
0x00000000,
0x00000000,
0x00000000,
0x00000000,
0x00000000,
0x00000000,
0x00000000,
0x00000000,
0x00000000,
0x00000000,
0x00000000,
0x00000000,
0x00000000,
0x00000000,
0x00000000,
0x00000000,
0x00000000,
0x00000000,
0x00000000,
0x00000000,
0x00000000,
0x00000000,
0x00000000,
0x00000000,
0x00000000,
0x00000000,
0x00000000,
0x00000000,
0x00000000,
0x00000000,
0x00000000,
0x00000000,
0x00000000,
0x00000000,
0x00000000,
0x00000000,
0x00000000,
0x00000000,
0x00000000,
0x00000000,
0x00000000,
0x00000000,
0x00000000,
0x00000000,
0x00000000,
0x00000000,
0x00000000,
0x00000000,
0x00000000,
0x00000000,
0x00000000,
0x00000000,
0x00000000,
0x00000000,
0x00000000,
0x00000000,
0x00000000,
0x00000000,
0x00000000,
0x00000000,
0x00000000,
0x00000000,
0x00000000,
0x00000000,
0x00000000,
0x00000000,
0x00000000,
0x00000000,
0x00000000,
0x00000000,
0x00000000,
0x00000000,
0x00000000,
0x00000000,
0x00000000,
0x00000000,
0x00000000,
0x00000000,
0x00000000,
0x00000000,
0x00000000,
0x00000000,
0x00000000,
0x00000000,
0x00000000,
0x00000000,
0x00000000,
0x00000000,
0x00000000,
0x00000000,
0x00000000,
0x00000000,
0x00000000,
0x00000000,
0x00000000,
0x00000000,
0x00000000,
0x00000000,
0x00000000,
0x00000000,
0x00000000,
0x00000000,
0x00000000,
0x00000000,
0x00000000,
0x00000000,
0x00000000,
0x00000000,
0x00000000,
0x00000000,
0x00000000,
0x00000000,
0x00000000,
0x00000000,
0x00000000,
0x00000000,
0x00000000,
0x00000000,
0x00000000,
0x00000000,
0x00000000,
0x00000000,
0x00000000,
0x00000000,
0x00000000,
0x00000000,
0x00000000,
0x00000000,
0x00000000,
0x00000000,
0x00000000,
0x00000000,
0x00000000,
0x00000000,
0x00000000,
0x00000000,
0x00000000,
0x00000000,
0x00000000,
0x00000000,
0x00000000,
0x00000000,
0x00000000,
0x00000000,
0x00000000,
0x00000000,
0x00000000,
0x00000000,
0x00000000,
0x00000000,
0x00000000,
0x00000000,
0x00000000,
0x00000000,
0x00000000,
0x00000000,
0x00000000,
0x00000000,
0x00000000,
0x00000000,
0x00000000,
0x00000000,
0x00000000,
0x00000000,
0x00000000,
0x00000000,
0x00000000,
0x00000000,
0x00000000,
0x00000000,
0x00000000,
0x00000000,
0x00000000,
0x00000000,
0x00000000,
0x00000000,
0x00000000,
0x00000000,
0x00000000,
0x00000000,
0x00000000,
0x00000000,
0x00000000,
0x00000000,
0x00000000,
0x00000000,
0x00000000,
0x00000000,
0x00000000,
0x00000000,
0x00000000,
0x00000000,
0x00000000,
0x00000000,
0x00000000,
0x00000000,
0x00000000,
0x00000000,
0x00000000,
0x00000000,
0x00000000,
0x00000000,
0x00000000,
0x00000000,
0x00000000,
0x00000000,
0x00000000,
0x00000000,
0x00000000,
0x00000000,
0x00000000,
0x00000000,
0x00000000,
0x00000000,
0x00000000,
0x00000000,
0x00000000,
0x00000000,
0x00000000,
0x00000000,
0x00000000,
0x00000000,
0x00000000,
0x00000000,
0x00000000,
0x00000000,
0x00000000,
0x00000000,
0x00000000,
0x00000000,
0x00000000,
0x00000000,
0x00000000,
0x00000000,
0x00000000,
0x00000000,
0x00000000,
0x00000000,
0x00000000,
0x00000000,
0x00000000,
0x00000000,
0x00000000,
0x00000000,
0x00000000,
0x00000000,
0x00000000,
0x00000000,
0x00000000,
0x00000000,
0x00000000,
0x00000000,
0x00000000,
0x00000000,
0x00000000,
0x00000000,
0x00000000,
0x00000000,
0x00000000,
0x00000000,
0x00000000,
0x00000000,
0x00000000,
0x00000000,
0x00000000,
0x00000000,
0x00000000,
0x00000000,
0x00000000,
0x00000000,
0x00000000,
0x00000000,
0x00000000,
0x00000000,
0x00000000,
0x00000000,
0x00000000,
0x00000000,
0x00000000,
0x00000000,
0x00000000,
0x00000000,
0x00000000,
0x00000000,
0x00000000,
0x00000000,
0x00000000,
0x00000000,
0x00000000,
0x00000000,
0x00000000,
0x00000000,
0x00000000,
0x00000000,
0x00000000,
0x00000000,
0x00000000,
0x00000000,
0x00000000,
0x00000000,
0x00000000,
0x00000000,
0x00000000,
0x00000000,
0x00000000,
0x00000000,
0x00000000,
0x00000000,
0x00000000,
0x00000000,
0x00000000,
0x00000000,
0x00000000,
0x00000000,
0x00000000,
0x00000000,
0x00000000,
0x00000000,
0x00000000,
0x00000000,
0x00000000,
0x00000000,
0x00000000,
0x00000000,
0x00000000,
0x00000000,
0x00000000,
0x00000000,
0x00000000,
0x00000000,
0x00000000,
0x00000000,
0x00000000,
0x00000000,
0x00000000,
0x00000000,
0x00000000,
0x00000000,
0x00000000,
0x00000000,
0x00000000,
0x00000000,
0x00000000,
0x00000000,
0x00000000,
0x00000000,
0x00000000,
0x00000000,
0x00000000,
0x00000000,
0x00000000,
0x00000000,
0x00000000,
0x00000000,
0x00000000,
0x00000000,
0x00000000,
0x00000000,
0x00000000,
0x00000000,
0x00000000,
0x00000000,
0x00000000,
0x00000000,
0x00000000,
0x00000000,
0x00000000,
0x00000000,
0x00000000,
0x00000000,
0x00000000,
0x00000000,
0x00000000,
0x00000000,
0x00000000,
0x00000000,
0x00000000,
0x00000000,
0x00000000,
0x00000000,
0x00000000,
0x00000000,
0x00000000,
0x00000000,
0x00000000,
0x00000000,
0x00000000,
0x00000000,
0x00000000,
0x00000000,
0x00000000,
0x00000000,
0x00000000,
0x00000000,
0x00000000,
0x00000000,
0x00000000,
0x00000000,
0x00000000,
0x00000000,
0x00000000,
0x00000000,
0x00000000,
0x00000000,
0x00000000,
0x00000000,
0x00000000,
0x00000000,
0x00000000,
0x00000000,
0x00000000,
0x00000000,
0x00000000,
0x00000000,
0x00000000,
0x00000000,
0x00000000,
0x00000000,
0x00000000,
0x00000000,
0x00000000,
0x00000000,
0x00000000,
0x00000000,
0x00000000,
0x00000000,
0x00000000,
0x00000000,
0x00000000,
0x00000000,
0x00000000,
0x00000000,
0x00000000,
0x00000000,
0x00000000,
0x00000000,
0x00000000,
0x00000000,
0x00000000,
0x00000000,
0x00000000,
0x00000000,
0x00000000,
0x00000000,
0x00000000,
0x00000000,
0x00000000,
0x00000000,
0x00000000,
0x00000000,
0x00000000,
0x00000000,
0x00000000,
0x00000000,
0x00000000,
0x00000000,
0x00000000,
0x00000000,
0x00000000,
0x00000000,
0x00000000,
0x00000000,
0x00000000,
0x00000000,
0x00000000,
0x00000000,
0x00000000,
0x00000000,
0x00000000,
0x00000000,
0x00000000,
0x00000000,
0x00000000,
0x00000000,
0x00000000,
0x00000000,
0x00000000,
0x00000000,
0x00000000,
0x00000000,
0x00000000,
0x00000000,
0x00000000,
0x00000000,
0x00000000,
0x00000000,
0x00000000,
0x00000000,
0x00000000,
0x00000000,
0x00000000,
0x00000000,
0x00000000,
0x00000000,
0x00000000,
0x00000000,
0x00000000,
0x00000000,
0x00000000,
0x00000000,
0x00000000,
0x00000000,
0x00000000,
0x00000000,
0x00000000,
0x00000000,
0x00000000,
0x00000000,
0x00000000,
0x00000000,
0x00000000,
0x00000000,
0x00000000,
0x00000000,
0x00000000,
0x00000000,
0x00000000,
0x00000000,
0x00000000,
0x00000000,
0x00000000,
0x00000000,
0x00000000,
0x00000000,
0x00000000,
0x00000000,
0x00000000,
0x00000000,
0x00000000,
0x00000000,
0x00000000,
0x00000000,
0x00000000,
0x00000000,
0x00000000,
0x00000000,
0x00000000,
0x00000000,
0x00000000,
0x00000000,
0x00000000,
0x00000000,
0x00000000,
0x00000000,
0x00000000,
0x00000000,
0x00000000,
0x00000000,
0x00000000,
0x00000000,
0x00000000,
0x00000000,
0x00000000,
0x00000000,
0x00000000,
0x00000000,
0x00000000,
0x00000000,
0x00000000,
0x00000000,
0x00000000,
0x00000000,
0x00000000,
0x00000000,
0x00000000,
0x00000000,
0x00000000,
0x00000000,
0x00000000,
0x00000000,
0x00000000,
0x00000000,
0x00000000,
0x00000000,
0x00000000,
0x00000000,
0x00000000,
0x00000000,
0x00000000,
0x00000000,
0x00000000,
0x00000000,
0x00000000,
0x00000000,
0x00000000,
0x00000000,
0x00000000,
0x00000000,
0x00000000,
0x00000000,
0x00000000,
0x00000000,
0x00000000,
0x00000000,
0x00000000,
0x00000000,
0x00000000,
0x00000000,
0x00000000,
0x00000000,
0x00000000,
0x00000000,
0x00000000,
0x00000000,
0x00000000,
0x00000000,
0x00000000,
0x00000000,
0x00000000,
0x00000000,
0x00000000,
0x00000000,
0x00000000,
0x00000000,
0x00000000,
0x00000000,
0x00000000,
0x00000000,
0x00000000,
0x00000000,
0x00000000,
0x00000000,
0x00000000,
0x00000000,
0x00000000,
0x00000000,
0x00000000,
0x00000000,
0x00000000,
0x00000000,
0x00000000,
0x00000000,
0x00000000,
0x00000000,
0x00000000,
0x00000000,
0x00000000,
0x00000000,
0x00000000,
0x00000000,
0x00000000,
0x00000000,
0x00000000,
0x00000000,
0x00000000,
0x00000000,
0x00000000,
0x00000000,
0x00000000,
0x00000000,
0x00000000,
0x00000000,
0x00000000,
0x00000000,
0x00000000,
0x00000000,
0x00000000,
0x00000000,
0x00000000,
0x00000000,
0x00000000,
0x00000000,
0x00000000,
0x00000000,
0x00000000,
0x00000000,
0x00000000,
0x00000000,
0x00000000,
0x00000000,
0x00000000,
0x00000000,
0x00000000,
0x00000000,
0x00000000,
0x00000000,
0x00000000,
0x00000000,
0x00000000,
0x00000000,
0x00000000,
0x00000000,
0x00000000,
0x00000000,
0x00000000,
0x00000000,
0x00000000,
0x00000000,
0x00000000,
0x00000000,
0x00000000,
0x00000000,
0x00000000,
0x00000000,
0x00000000,
0x00000000,
0x00000000,
0x00000000,
0x00000000,
0x00000000,
0x00000000,
0x00000000,
0x00000000,
0x00000000,
0x00000000,
0x00000000,
0x00000000,
0x00000000,
0x00000000,
0x00000000,
0x00000000,
0x00000000,
0x00000000,
0x00000000,
0x00000000,
0x00000000,
0x00000000,
0x00000000,
0x00000000,
0x00000000,
0x00000000,
0x00000000,
0x00000000,
0x00000000,
0x00000000,
0x00000000,
0x00000000,
0x00000000,
0x00000000,
0x00000000,
0x00000000,
0x00000000,
0x00000000,
0x00000000,
0x00000000,
0x00000000,
0x00000000,
0x00000000,
0x00000000,
0x00000000,
0x00000000,
0x00000000,
0x00000000,
0x00000000,
0x00000000,
0x00000000,
0x00000000,
0x00000000,
0x00000000,
0x00000000,
0x00000000,
0x00000000,
0x00000000,
0x00000000,
0x00000000,
0x00000000,
0x00000000,
0x00000000,
0x00000000,
0x00000000,
0x00000000,
0x00000000,
0x00000000,
0x00000000,
0x00000000,
0x00000000,
0x00000000,
0x00000000,
0x00000000,
0x00000000,
0x00000000,
0x00000000,
0x00000000,
0x00000000,
0x00000000,
0x00000000,
0x00000000,
0x00000000,
0x00000000,
0x00000000,
0x00000000,
0x00000000,
0x00000000,
0x00000000,
0x00000000,
0x00000000,
0x00000000,
0x00000000,
0x00000000,
0x00000000,
0x00000000,
0x00000000,
0x00000000,
0x00000000,
0x00000000,
0x00000000,
0x00000000,
0x00000000,
0x00000000,
0x00000000,
0x00000000,
0x00000000,
0x00000000,
0x00000000,
0x00000000,
0x00000000,
0x00000000,
0x00000000,
0x00000000,
0x00000000,
0x00000000,
0x00000000,
0x00000000,
0x00000000,
0x00000000,
0x00000000,
0x00000000,
0x00000000,
0x00000000,
0x00000000,
0x00000000,
0x00000000,
0x00000000,
0x00000000,
0x00000000,
0x00000000,
0x00000000,
0x00000000,
0x00000000,
0x00000000,
0x00000000,
0x00000000,
0x00000000,
0x00000000,
0x00000000,
0x00000000,
0x00000000,
0x00000000,
0x00000000,
0x00000000,
0x00000000,
0x00000000,
0x00000000,
0x00000000,
0x00000000,
0x00000000,
0x00000000,
0x00000000,
0x00000000,
0x00000000,
0x00000000,
0x00000000,
0x00000000,
0x00000000,
0x00000000,
0x00000000,
0x00000000,
0x00000000,
0x00000000,
0x00000000,
0x00000000,
0x00000000,
0x00000000,
0x00000000,
0x00000000,
0x00000000,
0x00000000,
0x00000000,
0x00000000,
0x00000000,
0x00000000,
0x00000000,
0x00000000,
0x00000000,
0x00000000,
0x00000000,
0x00000000,
0x00000000,
0x00000000,
0x00000000,
0x00000000,
0x00000000,
0x00000000,
0x00000000,
0x00000000,
0x00000000,
0x00000000,
0x00000000,
0x00000000,
0x00000000,
0x00000000,
0x00000000,
0x00000000,
0x00000000,
0x00000000,
0x00000000,
0x00000000,
0x00000000,
0x00000000,
0x00000000,
0x00000000,
0x00000000,
0x00000000,
0x00000000,
0x00000000,
0x00000000,
0x00000000,
0x00000000,
0x00000000,
0x00000000,
0x00000000,
0x00000000,
0x00000000,
0x00000000,
0x00000000,
0x00000000,
0x00000000,
0x00000000,
0x00000000,
0x00000000,
0x00000000,
0x00000000,
0x00000000,
0x00000000,
0x00000000,
0x00000000,
0x00000000,
0x00000000,
0x00000000,
0x00000000,
0x00000000,
0x00000000,
0x00000000,
0x00000000,
0x00000000,
0x00000000,
0x00000000,
0x00000000,
0x00000000,
0x00000000,
0x00000000,
0x00000000,
0x00000000,
0x00000000,
0x00000000,
0x00000000,
0x00000000,
0x00000000,
0x00000000,
0x00000000,
0x00000000,
0x00000000,
0x00000000,
0x00000000,
0x00000000,
0x00000000,
0x00000000,
0x00000000,
0x00000000,
0x00000000,
0x00000000,
0x00000000,
0x00000000,
0x00000000,
0x00000000,
0x00000000,
0x00000000,
0x00000000,
0x00000000,
0x00000000,
0x00000000,
0x00000000,
0x00000000,
0x00000000,
0x00000000,
0x00000000,
0x00000000,
0x00000000,
0x00000000,
0x00000000,
0x00000000,
0x00000000,
0x00000000,
0x00000000,
0x00000000,
0x00000000,
0x00000000,
0x00000000,
0x00000000,
0x00000000,
0x00000000,
0x00000000,
0x00000000,
0x00000000,
0x00000000,
0x00000000,
0x00000000,
0x00000000,
0x00000000,
0x00000000,
0x00000000,
0x00000000,
0x00000000,
0x00000000,
0x00000000,
0x00000000,
0x00000000,
0x00000000,
0x00000000,
0x00000000,
0x00000000,
0x00000000,
0x00000000,
0x00000000,
0x00000000,
0x00000000,
0x00000000,
0x00000000,
0x00000000,
0x00000000,
0x00000000,
0x00000000,
0x00000000,
0x00000000,
0x00000000,
0x00000000,
0x00000000,
0x00000000,
0x00000000,
0x00000000,
0x00000000,
0x00000000,
0x00000000,
0x00000000,
0x00000000,
0x00000000,
0x00000000,
0x00000000,
0x00000000,
0x00000000,
0x00000000,
0x00000000,
0x00000000,
0x00000000,
0x00000000,
0x00000000,
0x00000000,
0x00000000,
0x00000000,
0x00000000,
0x00000000,
0x00000000,
0x00000000,
0x00000000,
0x00000000,
0x00000000,
0x00000000,
0x00000000,
0x00000000,
0x00000000,
0x00000000,
0x00000000,
0x00000000,
0x00000000,
0x00000000,
0x00000000,
0x00000000,
0x00000000,
0x00000000,
0x00000000,
0x00000000,
0x00000000,
0x00000000,
0x00000000,
0x00000000,
0x00000000,
0x00000000,
0x00000000,
0x00000000,
0x00000000,
0x00000000,
0x00000000,
0x00000000,
0x00000000,
0x00000000,
0x00000000,
0x00000000,
0x00000000,
0x00000000,
0x00000000,
0x00000000,
0x00000000,
0x00000000,
0x00000000,
0x00000000,
0x00000000,
0x00000000,
0x00000000,
0x00000000,
0x00000000,
0x00000000,
0x00000000,
0x00000000,
0x00000000,
0x00000000,
0x00000000,
0x00000000,
0x00000000,
0x00000000,
0x00000000,
0x00000000,
0x00000000,
0x00000000,
0x00000000,
0x00000000,
0x00000000,
0x00000000,
0x00000000,
0x00000000,
0x00000000,
0x00000000,
0x00000000,
0x00000000,
0x00000000,
0x00000000,
0x00000000,
0x00000000,
0x00000000,
0x00000000,
0x00000000,
0x00000000,
0x00000000,
0x00000000,
0x00000000,
0x00000000,
0x00000000,
0x00000000,
0x00000000,
0x00000000,
0x00000000,
0x00000000,
0x00000000,
0x00000000,
0x00000000,
0x00000000,
0x00000000,
0x00000000,
0x00000000,
0x00000000,
0x00000000,
0x00000000,
0x00000000,
0x00000000,
0x00000000,
0x00000000,
0x00000000,
0x00000000,
0x00000000,
0x00000000,
0x00000000,
0x00000000,
0x00000000,
0x00000000,
0x00000000,
0x00000000,
0x00000000,
0x00000000,
0x00000000,
0x00000000,
0x00000000,
0x00000000,
0x00000000,
0x00000000,
0x00000000,
0x00000000,
0x00000000,
0x00000000,
0x00000000,
0x00000000,
0x00000000,
0x00000000,
0x00000000,
0x00000000,
0x00000000,
0x00000000,
0x00000000,
0x00000000,
0x00000000,
0x00000000,
0x00000000,
0x00000000,
0x00000000,
0x00000000,
0x00000000,
0x00000000,
0x00000000,
0x00000000,
0x00000000,
0x00000000,
0x00000000,
0x00000000,
0x00000000,
0x00000000,
0x00000000,
0x00000000,
0x00000000,
0x00000000,
0x00000000,
0x00000000,
0x00000000,
0x00000000,
0x00000000,
0x00000000,
0x00000000,
0x00000000,
0x00000000,
0x00000000,
0x00000000,
0x00000000,
0x00000000,
0x00000000,
0x00000000,
0x00000000,
0x00000000,
0x00000000,
0x00000000,
0x00000000,
0x00000000,
0x00000000,
0x00000000,
0x00000000,
0x00000000,
0x00000000,
0x00000000,
0x00000000,
0x00000000,
0x00000000,
0x00000000,
0x00000000,
0x00000000,
0x00000000,
0x00000000,
0x00000000,
0x00000000,
0x00000000,
0x00000000,
0x00000000,
0x00000000,
0x00000000,
0x00000000,
0x00000000,
0x00000000,
0x00000000,
0x00000000,
0x00000000,
0x00000000,
0x00000000,
0x00000000,
0x00000000,
0x00000000,
0x00000000,
0x00000000,
0x00000000,
0x00000000,
0x00000000,
0x00000000,
0x00000000,
0x00000000,
0x00000000,
0x00000000,
0x00000000,
0x00000000,
0x00000000,
0x00000000,
0x00000000,
0x00000000,
0x00000000,
0x00000000,
0x00000000,
0x00000000,
0x00000000,
0x00000000,
0x00000000,
0x00000000,
0x00000000,
0x00000000,
0x00000000,
0x00000000,
0x00000000,
0x00000000,
0x00000000,
0x00000000,
0x00000000,
0x00000000,
0x00000000,
0x00000000,
0x00000000,
0x00000000,
0x00000000,
0x00000000,
0x00000000,
0x00000000,
0x00000000,
0x00000000,
0x00000000,
0x00000000,
0x00000000,
0x00000000,
0x00000000,
0x00000000,
0x00000000,
0x00000000,
0x00000000,
0x00000000,
0x00000000,
0x00000000,
0x00000000,
0x00000000,
0x00000000,
0x00000000,
0x00000000,
0x00000000,
0x00000000,
0x00000000,
0x00000000,
0x00000000,
0x00000000,
0x00000000,
0x00000000,
0x00000000,
0x00000000,
0x00000000,
0x00000000,
0x00000000,
0x00000000,
};
#endif