//Out type = 1
#ifndef _RANGESCAN_LPDDR4_
#define _RANGESCAN_LPDDR4_
//bin2byte_linux version : 2022-0629-1.0007
//Reading '../output/LD98538A.bin'...
//file size = 86016
//../output/LD98538A.bin to function = ddr_scan data width[4] total size[86016]
//DR[2023-12-15-1]:LD[3.4.2]
unsigned int ddr_scan[] = {
0xf0d40028,
0xf0d40000,
0x00006f28,
0xe0800500,
0xf0d40070,
0x0000c878,
0x00009860,
0x00009a5c,
0x00000000,
0x00015000,
0xea000282,
0xffffffff,
0xd12faa55,
0xf0000004,
0x13040005,
0xf0208000,
0xf12300b0,
0x00000028,
0xf1020010,
0x00000002,
0xf12300b0,
0x00000034,
0xf02300b0,
0x01100003,
0xf1110000,
0x0000003e,
0x00000000,
0x00000000,
0x48210000,
0x34024db2,
0x000017e3,
0x00020000,
0x00000000,
0x00000000,
0x40000000,
0xffffffff,
0xffffffff,
0xffffffff,
0xffffffff,
0xffffffff,
0xffffffff,
0xffffffff,
0xffffffff,
0xffffffff,
0xffffffff,
0xffffffff,
0xffffffff,
0xffffffff,
0xffffffff,
0xffffffff,
0xffffffff,
0xffffffff,
0xffffffff,
0xffffffff,
0xffffffff,
0xffffffff,
0xffffffff,
0xffffffff,
0xffffffff,
0xffffffff,
0xffffffff,
0xffffffff,
0xffffffff,
0xffffffff,
0xffffffff,
0xffffffff,
0xffffffff,
0xffffffff,
0xffffffff,
0xffffffff,
0xffffffff,
0xffffffff,
0xffffffff,
0xffffffff,
0xffffffff,
0xffffffff,
0xffffffff,
0xffffffff,
0xffffffff,
0xffffffff,
0xffffffff,
0xffffffff,
0xffffffff,
0xffffffff,
0xffffffff,
0xffffffff,
0xffffffff,
0xffffffff,
0xffffffff,
0xffffffff,
0xffffffff,
0xffffffff,
0xffffffff,
0xffffffff,
0xffffffff,
0xffffffff,
0xffffffff,
0xffffffff,
0xffffffff,
0xffffffff,
0xffffffff,
0xffffffff,
0xffffffff,
0xffffffff,
0xffffffff,
0xffffffff,
0xffffffff,
0xffffffff,
0xffffffff,
0xffffffff,
0xffffffff,
0xffffffff,
0xffffffff,
0xffffffff,
0xffffffff,
0xffffffff,
0xffffffff,
0xffffffff,
0xffffffff,
0xffffffff,
0xffffffff,
0xffffffff,
0xffffffff,
0xffffffff,
0xffffffff,
0xffffffff,
0xffffffff,
0xffffffff,
0xffffffff,
0xffffffff,
0xffffffff,
0xffffffff,
0xffffffff,
0xffffffff,
0xffffffff,
0xffffffff,
0xffffffff,
0xffffffff,
0xffffffff,
0xffffffff,
0xffffffff,
0xffffffff,
0xffffffff,
0xffffffff,
0xffffffff,
0xffffffff,
0xffffffff,
0xffffffff,
0xffffffff,
0xffffffff,
0xffffffff,
0xffffffff,
0xffffffff,
0xffffffff,
0xffffffff,
0xffffffff,
0xffffffff,
0xffffffff,
0xffffffff,
0xffffffff,
0xffffffff,
0xffffffff,
0xffffffff,
0xffffffff,
0xffffffff,
0xffffffff,
0xffffffff,
0xffffffff,
0xffffffff,
0xffffffff,
0xffffffff,
0xffffffff,
0xffffffff,
0xffffffff,
0xffffffff,
0xffffffff,
0xffffffff,
0xffffffff,
0xffffffff,
0xffffffff,
0xffffffff,
0xffffffff,
0xffffffff,
0xffffffff,
0xffffffff,
0xffffffff,
0xffffffff,
0xffffffff,
0xffffffff,
0xffffffff,
0xffffffff,
0xffffffff,
0x10231219,
0x00378aaa,
0x4d44ef10,
0x0b34e6c6,
0x4552a674,
0x013347ce,
0xd0000000,
0x00000702,
0x0a0f0e16,
0x03f80000,
0x00000144,
0x00000438,
0x00040000,
0x0000f000,
0x011000f0,
0x00000001,
0x000b0003,
0x020000f0,
0x02000100,
0x000a0007,
0x00ea0007,
0x0004144f,
0x00000b50,
0x00000001,
0x00000220,
0x00000000,
0x00000800,
0x00001400,
0x00000ccc,
0x289d01d3,
0x00000004,
0x3e142b13,
0x13130e16,
0x09280e09,
0x0001070a,
0x00000003,
0x00000000,
0x00000800,
0x00000000,
0x00001010,
0x1c000008,
0x1c1c1c1c,
0x041c1c1c,
0x04424624,
0x0000004b,
0x0900b000,
0x09290909,
0x09099090,
0x02b99090,
0x22024002,
0x0855ff20,
0x43000fcc,
0x38380fcc,
0x55553c30,
0x55073333,
0x2080dddd,
0x00a80000,
0x0b500790,
0x02200001,
0x08000000,
0x0ccc1400,
0x85060601,
0x0e0e0307,
0x76051514,
0x4f010105,
0x0f7002cc,
0xb00b00b0,
0xf0b0b0bb,
0x00000000,
0x00000000,
0x00000000,
0x00000000,
0x00000000,
0x00000000,
0x00000000,
0x00000000,
0x00000000,
0x00000000,
0x00000000,
0x00000000,
0x00000000,
0x00000000,
0x00000000,
0x00000000,
0x00000000,
0x00000000,
0xffffffff,
0x00000000,
0xffffffff,
0xffffffff,
0xffffffff,
0xffffffff,
0xffffffff,
0xffffffff,
0xffffffff,
0xffffffff,
0xffffffff,
0xffffffff,
0xffffffff,
0xffffffff,
0xffffffff,
0xffffffff,
0xffffffff,
0xffffffff,
0xffffffff,
0xffffffff,
0xffffffff,
0xffffffff,
0xffffffff,
0xffffffff,
0xffffffff,
0xffffffff,
0xffffffff,
0xffffffff,
0xffffffff,
0xffffffff,
0xffffffff,
0xffffffff,
0xffffffff,
0xffffffff,
0xffffffff,
0xffffffff,
0xffffffff,
0xffffffff,
0xffffffff,
0xffffffff,
0xffffffff,
0xffffffff,
0xffffffff,
0xffffffff,
0xffffffff,
0xffffffff,
0xffffffff,
0xffffffff,
0xffffffff,
0xffffffff,
0xffffffff,
0xffffffff,
0xffffffff,
0xffffffff,
0xffffffff,
0xffffffff,
0xffffffff,
0xffffffff,
0xffffffff,
0xffffffff,
0xffffffff,
0xffffffff,
0xffffffff,
0xffffffff,
0xffffffff,
0xffffffff,
0xffffffff,
0xffffffff,
0xffffffff,
0xffffffff,
0xffffffff,
0xffffffff,
0xffffffff,
0xffffffff,
0xffffffff,
0xffffffff,
0xffffffff,
0xffffffff,
0xffffffff,
0xffffffff,
0xffffffff,
0xffffffff,
0xffffffff,
0xffffffff,
0xffffffff,
0xffffffff,
0xffffffff,
0xffffffff,
0xffffffff,
0xffffffff,
0xffffffff,
0xffffffff,
0xffffffff,
0xffffffff,
0xffffffff,
0xffffffff,
0xffffffff,
0xffffffff,
0xffffffff,
0xffffffff,
0xffffffff,
0xffffffff,
0xffffffff,
0xffffffff,
0xffffffff,
0xffffffff,
0xffffffff,
0xffffffff,
0xffffffff,
0xffffffff,
0xffffffff,
0xffffffff,
0xffffffff,
0xffffffff,
0xffffffff,
0xffffffff,
0xffffffff,
0xffffffff,
0xffffffff,
0xffffffff,
0xffffffff,
0xffffffff,
0xffffffff,
0xffffffff,
0xffffffff,
0xffffffff,
0xffffffff,
0xffffffff,
0xffffffff,
0xffffffff,
0xffffffff,
0xffffffff,
0xffffffff,
0xffffffff,
0xffffffff,
0xffffffff,
0xffffffff,
0xffffffff,
0xffffffff,
0xffffffff,
0xffffffff,
0xffffffff,
0xffffffff,
0xffffffff,
0xffffffff,
0xffffffff,
0xffffffff,
0xffffffff,
0xffffffff,
0xffffffff,
0xffffffff,
0xffffffff,
0xffffffff,
0xffffffff,
0xffffffff,
0xffffffff,
0xffffffff,
0xffffffff,
0xffffffff,
0xffffffff,
0xffffffff,
0xffffffff,
0xffffffff,
0xffffffff,
0xffffffff,
0xffffffff,
0xffffffff,
0xffffffff,
0xffffffff,
0xffffffff,
0xffffffff,
0xffffffff,
0xffffffff,
0xffffffff,
0xffffffff,
0xffffffff,
0xffffffff,
0xffffffff,
0xffffffff,
0xffffffff,
0xffffffff,
0xffffffff,
0xffffffff,
0xffffffff,
0xffffffff,
0xffffffff,
0xffffffff,
0xffffffff,
0xffffffff,
0xffffffff,
0xffffffff,
0xffffffff,
0xffffffff,
0xffffffff,
0xffffffff,
0xffffffff,
0xffffffff,
0xffffffff,
0xffffffff,
0xffffffff,
0xffffffff,
0xffffffff,
0xffffffff,
0xffffffff,
0xffffffff,
0xffffffff,
0xffffffff,
0xffffffff,
0xffffffff,
0xffffffff,
0xffffffff,
0xffffffff,
0xffffffff,
0xffffffff,
0xffffffff,
0xffffffff,
0xffffffff,
0xffffffff,
0xffffffff,
0xffffffff,
0xffffffff,
0xffffffff,
0xffffffff,
0xffffffff,
0xffffffff,
0xffffffff,
0xffffffff,
0xffffffff,
0xffffffff,
0xffffffff,
0xffffffff,
0xffffffff,
0xffffffff,
0xffffffff,
0xe59f1004,
0xe5911000,
0xe1a0f001,
0xf0210104,
0xf1020016,
0xee111f11,
0xf57ff06f,
0xe3810001,
0xee010f11,
0xf57ff06f,
0xe3a00000,
0xec400f4e,
0xf57ff06f,
0xee011f11,
0xf57ff06f,
0xf1020013,
0xe59f0130,
0xe3a01024,
0xe5801000,
0xe59f1128,
0xe5910000,
0xe3500000,
0x0a000021,
0xe59f0114,
0xe3a01036,
0xe5801000,
0xe3a01034,
0xe5801000,
0xe3a01077,
0xe5801000,
0xe3a01066,
0xe5801000,
0xe3a01069,
0xe5801000,
0xe59f10ec,
0xe5910000,
0xe3500001,
0x0afffffb,
0xe59f00d8,
0xe3a01077,
0xe5801000,
0xe3a01061,
0xe5801000,
0xe3a01072,
0xe5801000,
0xe3a0106d,
0xe5801000,
0xe3a01072,
0xe5801000,
0xe3a01073,
0xe5801000,
0xe3a01074,
0xe5801000,
0xe3a02003,
0xee0c2f50,
0xf57ff06f,
0xe320f003,
0xe59f0094,
0xe5901000,
0xe3811001,
0xe5801000,
0xe59f0088,
0xe3a010f0,
0xe5801000,
0xe320f003,
0xe10f0000,
0xe38000c0,
0xe129f000,
0xe59f0070,
0xe3a01001,
0xe5801000,
0xe59f005c,
0xe5901000,
0xe3c11001,
0xe5801000,
0xe59f4058,
0xee0e4f10,
0xe59f0054,
0xe5901000,
0xe3811001,
0xe5801000,
0xee114f10,
0xe3c44005,
0xe3c44a01,
0xee014f10,
0xec554f1f,
0xe3c44040,
0xec454f1f,
0xe3844040,
0xec454f1f,
0xe59f1024,
0xe5910000,
0xe1a0f000,
0xe320f000,
0xf0110000,
0xf0210108,
0xfff02000,
0xfff02004,
0xfff01280,
0x00b71b00,
0xffe60000,
0xf0210104,
0xffffffff,
0xffffffff,
0xffffffff,
0xffffffff,
0xffffffff,
0xffffffff,
0xffffffff,
0xffffffff,
0xffffffff,
0xffffffff,
0xffffffff,
0xffffffff,
0xffffffff,
0xffffffff,
0xffffffff,
0xffffffff,
0xffffffff,
0xffffffff,
0xffffffff,
0xffffffff,
0xffffffff,
0xffffffff,
0xffffffff,
0xffffffff,
0xffffffff,
0xffffffff,
0xea0000f0,
0xe59ff014,
0xe59ff014,
0xe59ff014,
0xe59ff014,
0xe320f000,
0xe59ff010,
0xe59ff010,
0xf0d40e0c,
0xf0d40e50,
0xf0d40e94,
0xf0d40ed8,
0xf0d40f1c,
0xf0d40f20,
0xf1080100,
0xf10c00c0,
0xf1020013,
0xee110f10,
0xe3c00a01,
0xe3c00b02,
0xe3c00004,
0xe3c00002,
0xe3c00001,
0xee010f10,
0xe59f04d4,
0xee0c0f10,
0xe59f04d0,
0xe3a01901,
0xe0811000,
0xe3a02000,
0xe4802004,
0xe1500001,
0x3afffffc,
0xe59fd4b8,
0xee110f10,
0xe3800a01,
0xee070f15,
0xee010f10,
0xe59f04a8,
0xe5901074,
0xe3a02001,
0xe1811902,
0xe5801074,
0xe59f0498,
0xe5901030,
0xe1811802,
0xe5801030,
0xe3a02003,
0xe5802100,
0xe3a01000,
0xee081f13,
0xee081f17,
0xee071fd5,
0xee081f16,
0xee081f15,
0xee071f15,
0xf57ff04f,
0xf57ff06f,
0xee300f10,
0xe2006007,
0xe2866004,
0xe7e931d0,
0xe16f5f13,
0xe2833001,
0xe1a04003,
0xe59f2444,
0xe5823000,
0xe59f3440,
0xe00306a0,
0xe59f243c,
0xe2801001,
0xe5821000,
0xe3a01000,
0xe3a03000,
0xe1a02511,
0xe1822613,
0xee072f56,
0xe2833001,
0xe1500003,
0xaafffff9,
0xe2811001,
0xe1510004,
0x1afffff5,
0xe3a00001,
0xee400f10,
0xee300f10,
0xe7e931d0,
0xe2833001,
0xe59f23f4,
0xe5823000,
0xe59f33e4,
0xe00306a0,
0xe59f23e8,
0xe2801001,
0xe5821000,
0xe3a00002,
0xee400f10,
0xee300f10,
0xe2006007,
0xe2866004,
0xe7e931d0,
0xe16f5f13,
0xe2833001,
0xe1a04003,
0xe59f23bc,
0xe5823000,
0xe59f33a4,
0xe00306a0,
0xe59f23b0,
0xe2801001,
0xe5821000,
0xe3a01000,
0xe3a03000,
0xe1a02511,
0xe2822002,
0xe1822613,
0xee072f56,
0xe2833001,
0xe1500003,
0xaafffff8,
0xe2811001,
0xe1510004,
0x1afffff4,
0xe59f034c,
0xe59f9374,
0xe5991094,
0xe2511001,
0xe59f236c,
0xe0823a01,
0xe7803101,
0xe2511001,
0x5afffffb,
0xe59f0328,
0xe3800b0f,
0xe3a010ff,
0xe59f2350,
0xe0823a01,
0xe7803101,
0xe2511001,
0x5afffffb,
0xe59f0308,
0xe59f133c,
0xe1800001,
0xe59f2338,
0xe5802000,
0xe59f02f4,
0xe3a01df1,
0xe1800001,
0xe59f2328,
0xe5802000,
0xe3a00000,
0xee020f50,
0xe59f02d8,
0xe3a01008,
0xe3811040,
0xe1800001,
0xee020f10,
0xe3e00000,
0xee030f10,
0xf57ff04f,
0xf57ff06f,
0xee110f10,
0xe3800001,
0xee010f10,
0xf57ff04f,
0xf57ff06f,
0xee110f10,
0xe3800a01,
0xe3800004,
0xee010f10,
0xf57ff04f,
0xf57ff06f,
0xee110f30,
0xe3800040,
0xee010f30,
0xe59f0284,
0xe590107c,
0xe3811a01,
0xe580107c,
0xe590109c,
0xe3c11008,
0xe580109c,
0xe3811008,
0xe580109c,
0xe59f029c,
0xe59f1260,
0xe5912108,
0xe5802024,
0xe3a02007,
0xe5802008,
0xfa000f6f,
0xe59f0284,
0xe5902038,
0xe7ef1052,
0xe3510000,
0x0a000023,
0xe7e037d1,
0xe3a04045,
0xe3530001,
0x1a000012,
0xe7e03751,
0xe3530001,
0x1a000005,
0xe3a04055,
0xe2800001,
0xe3500002,
0x0a00000b,
0xe1a02822,
0xeaffffef,
0xe7e45052,
0xe7e462d2,
0xe2854030,
0xe3550001,
0x0a000000,
0xea000003,
0xe0253006,
0xe223301f,
0xe3530000,
0x0a00000c,
0xe59f0218,
0xe3a01039,
0xe5801000,
0xe3a01038,
0xe5801000,
0xe3a01035,
0xe5801000,
0xe3a01033,
0xe5801000,
0xe3a01030,
0xe5801000,
0xe5804000,
0xeafffffe,
0xfa000f17,
0xe59f01e4,
0xe59f11e4,
0xe3a02000,
0xe4802004,
0xe1500001,
0x3afffffc,
0xfa00177f,
0xe1a0f000,
0xe320f000,
0xe59f01bc,
0xe3a01052,
0xe5801000,
0xe3a01053,
0xe5801000,
0xe3a01054,
0xe5801000,
0xe590101c,
0xe201100f,
0xe2811030,
0xe5801000,
0xe590101c,
0xe1a01221,
0xe201100f,
0xe2811030,
0xe5801000,
0xeafffffe,
0xe59f0178,
0xe3a01055,
0xe5801000,
0xe3a01044,
0xe5801000,
0xe3a01046,
0xe5801000,
0xe590101c,
0xe201100f,
0xe2811030,
0xe5801000,
0xe590101c,
0xe1a01221,
0xe201100f,
0xe2811030,
0xe5801000,
0xeaffffed,
0xe59f0134,
0xe3a01053,
0xe5801000,
0xe3a01057,
0xe5801000,
0xe3a01049,
0xe5801000,
0xe590101c,
0xe201100f,
0xe2811030,
0xe5801000,
0xe590101c,
0xe1a01221,
0xe201100f,
0xe2811030,
0xe5801000,
0xeaffffdc,
0xe59f00f0,
0xe3a01050,
0xe5801000,
0xe3a01041,
0xe5801000,
0xe3a01042,
0xe5801000,
0xe590101c,
0xe201100f,
0xe2811030,
0xe5801000,
0xe590101c,
0xe1a01221,
0xe201100f,
0xe2811030,
0xe5801000,
0xeaffffcb,
0xe59f00ac,
0xe3a01041,
0xe5801000,
0xe3a01042,
0xe5801000,
0xe3a01054,
0xe5801000,
0xe590101c,
0xe201100f,
0xe2811030,
0xe5801000,
0xe590101c,
0xe1a01221,
0xe201100f,
0xe2811030,
0xe5801000,
0xeaffffba,
0xeafffffe,
0xeafffffe,
0x00000100,
0x00000010,
0x00000100,
0x00000010,
0x00000100,
0x00000010,
0xf0d40000,
0xf0d58000,
0xf0d5affc,
0xf0020000,
0xf0100000,
0xf0d40f30,
0x00007fff,
0xf0d40f2c,
0xf0d40f38,
0xf0d40f34,
0xf0d40f28,
0xf0d40f24,
0xf0d40300,
0x00015de6,
0xf0000de6,
0x00003c34,
0xf0d15de6,
0xf1015de6,
0xf0101000,
0xf0160000,
0xf0110000,
0x010001fc,
0x01008400,
0x00000001,
0x00000001,
0x00000001,
0x00000000,
0x00000000,
0x00000000,
0x00000000,
0x00000000,
0x00000000,
0x00000000,
0x00000000,
0x00000000,
0x4b144a13,
0x2800b580,
0x4613bf18,
0x0208f043,
0x6811af00,
0xd50c0109,
0xf3c06810,
0xb1a87000,
0x0320f043,
0x681b2002,
0x7f00f013,
0x2001bf08,
0x6812bd80,
0xd50800d2,
0x0320f043,
0x681b2005,
0x7f00f013,
0x2004bf08,
0x2003bd80,
0xbf00bd80,
0xf0210000,
0xf0180000,
0x47f0e92d,
0x4b314688,
0xaf004c31,
0x28004606,
0x461cbf18,
0xfb35f2c1,
0x79a6f444,
0x23002208,
0x46484611,
0xfcb2f2c1,
0x0f04f1b8,
0x2300d106,
0x210f220c,
0x7061f444,
0xfca8f2c1,
0x0a06f04f,
0xf444200a,
0xf8c475f8,
0xf005a000,
0x220dfe1f,
0x46112300,
0xf2c14628,
0xf44ffc99,
0xf0057096,
0x2307fe15,
0x60232064,
0xfe10f005,
0x2301220d,
0x46284611,
0xfc8af2c1,
0x7016f44f,
0xfe06f005,
0xf8c42064,
0xf005a000,
0x230efe01,
0x60232064,
0xfdfcf005,
0x23012208,
0x46484611,
0xfc76f2c1,
0x0f04f1b8,
0x230fd110,
0x4619220c,
0x7061f444,
0xfc6cf2c1,
0x218ef240,
0x4630227f,
0xfbbaf2c1,
0x46304601,
0xf940f2bf,
0x87f0e8bd,
0xf0210000,
0xf0180000,
0xaf00b580,
0xf101b928,
0xf5014170,
0x600a11b8,
0x2801bd80,
0xf1a1d104,
0xf5a1617e,
0xe7f6210f,
0x4170f101,
0x11b9f501,
0x0000e7f1,
0x460eb5f8,
0xaf004615,
0x21904a0a,
0xffe2f7ff,
0x21d04632,
0xffdef7ff,
0x21d4462a,
0xffdaf7ff,
0x461a21d8,
0xffd6f7ff,
0x21dc69ba,
0xffd2f7ff,
0xbf00bdf8,
0x12345678,
0x2109b5f8,
0xaf002000,
0xf2c14d31,
0x1e42fb66,
0x2109b2d2,
0xf2c12000,
0x210afb68,
0xf2c12000,
0x1e42fb5c,
0x210ab2d2,
0xf2c12000,
0x2000fb5e,
0xfa93f2c1,
0x4b284827,
0x721ff641,
0x6801682e,
0x681b4032,
0x4c80f013,
0x731ff641,
0x0301ea03,
0xf46fd010,
0x44737e80,
0xf46f404b,
0x44627c80,
0x741ff641,
0x40234072,
0x40594022,
0x602a4072,
0xe0216001,
0xe068f8df,
0x1201f2a2,
0xf8de4072,
0x2c014000,
0x741ff641,
0x0204ea02,
0x0206ea82,
0xd116602a,
0x7380f5a3,
0x401c404b,
0x490f404c,
0x0201ea04,
0x7280f102,
0x3280f502,
0x40114062,
0x60014061,
0xc000f8ce,
0xf2c12000,
0x2000fa46,
0xf46fbdf8,
0x44137280,
0x401c404b,
0xe7cf4061,
0xf0180648,
0xf0180148,
0xf0180008,
0x1f1f0000,
0xf0d40fa4,
0x2109b5f8,
0xaf002000,
0xf2c14e4e,
0x1c42faf4,
0x2109b2d2,
0xf2c12000,
0x210afaf6,
0xf2c12000,
0x1c42faea,
0x210ab2d2,
0xf2c12000,
0x2000faec,
0xfa21f2c1,
0xc128f8df,
0xf8dc4b43,
0x68345000,
0xf013681b,
0xf0054f80,
0xd02c031f,
0xd00d2b1f,
0x53f8f405,
0x5ff8f5b3,
0xf404d008,
0xf5b353f8,
0xd0035ff8,
0x031ff004,
0xd10a2b1f,
0xf2c14837,
0x4837fc9b,
0x46294622,
0xfc96f2c1,
0x30fff04f,
0xf641bdf8,
0xea05731f,
0xf2010103,
0xea041101,
0x40690203,
0x1201f202,
0x40624019,
0xf8cc4069,
0x401a1000,
0x2b1fe03c,
0xf405d00d,
0xf5b353f8,
0xd0085ff8,
0x53f8f404,
0x5ff8f5b3,
0xf004d003,
0x2b1f031f,
0x4821d106,
0xfc6ef2c1,
0x46294622,
0xe7d14820,
0x721ff641,
0x46102b19,
0xea004613,
0xea030005,
0xd1220304,
0xf200491b,
0xf5031001,
0xf04f7380,
0x40630e01,
0xe000f8c1,
0x0105ea80,
0x0002ea01,
0x4062401a,
0x40684c14,
0x0000f8cc,
0x0104ea02,
0x417ef101,
0x017ff501,
0x400c4051,
0x20004054,
0xf2c16034,
0x2000f99e,
0xf200bdf8,
0xf2031001,
0x40681301,
0x40104063,
0xf8cc4068,
0xe7ae0000,
0xf0180148,
0xf0180008,
0xf0d45dd8,
0xf0d45e08,
0xf0d45e28,
0xf0d40fa4,
0x1f1f0000,
0xf0180648,
0x460db5b0,
0xaf004604,
0xd1342800,
0x681b4b1e,
0xd50607d9,
0x0301f023,
0x461a2160,
0xf7ff4620,
0x075afe99,
0xf023d505,
0x21600204,
0xf7ff4620,
0x686afe91,
0x011368a9,
0x2301ea43,
0xf043bb0a,
0x682a03c1,
0x49114620,
0x4302ea43,
0x60114a10,
0x68ea2164,
0x0203f022,
0xfe7cf7ff,
0x4620692a,
0xf0222168,
0xf7ff0203,
0x2160fe75,
0x4620461a,
0xfe70f7ff,
0x2801bdb0,
0x4b06d101,
0x4b06e7c7,
0xf043e7c5,
0xe7dc0301,
0xf0170060,
0x00100030,
0xf0170054,
0xf0171060,
0xf0172060,
0x2401b598,
0xf202fa04,
0x408b3a01,
0xb2dbaf00,
0xb281408a,
0x2000b2d2,
0xfa08f2c1,
0xb598bd98,
0xfa032301,
0x3a01f202,
0xaf00460c,
0xb281408a,
0x2000b2d2,
0xf9f0f2c1,
0xbd9840e0,
0x4604b5f0,
0xb0834d1c,
0x2200af00,
0x603a682e,
0xb95e607a,
0x4b19b9f4,
0x21a0681a,
0xf0124620,
0xd01d0501,
0xfe2af7ff,
0xe0102001,
0xf44f683b,
0x33017048,
0x682e603b,
0xfbfcf005,
0x3301687b,
0x687b607b,
0xd9e42b64,
0x20022300,
0x370c607b,
0xbdf046bd,
0xd1012c01,
0xe7dd4b09,
0xe7db4b09,
0x0302f012,
0xf7ffd003,
0x4628fe09,
0xf7ffe7ef,
0x4618fe05,
0xbf00e7eb,
0xf017005c,
0xf01700a0,
0xf01710a0,
0xf01720a0,
0xe92d4ba4,
0xb0ad4ff0,
0xaf02685a,
0xf102689b,
0xf5026284,
0xf8c75200,
0x2b002088,
0x8252f000,
0x24014b9d,
0xa30cf8df,
0x4d9c2000,
0x9308f8df,
0x4b9b601c,
0x8304f8df,
0xf8df4e9a,
0x681bb304,
0x3084f8c7,
0x681b4b98,
0x308cf8c7,
0x681b4b97,
0x4b9767bb,
0x677b681b,
0x681b4b96,
0x4b96673b,
0x66fb681b,
0x681b4b95,
0x4b9566bb,
0x667b681b,
0x681b4b94,
0x4b94663b,
0x65fb681b,
0x681b4b93,
0x4b9365bb,
0x657b681b,
0x681b4b92,
0x4b92653b,
0x64fb681b,
0x681b4b91,
0x4b9164bb,
0x647b681b,
0x681b4b90,
0x4b90643b,
0x63fb681b,
0x681b4b8f,
0x4b8f63bb,
0x637b681b,
0x681b4b8e,
0x4b8e633b,
0x62fb681b,
0x681b4b8d,
0x4b8d62bb,
0x627b681b,
0x681b4b8c,
0x4b8c623b,
0x61fb681b,
0x681b4b8b,
0x3080f8c7,
0x3000f8da,
0x682b61bb,
0xf8d967fb,
0x617b3000,
0x3000f8d8,
0x6833613b,
0x4b8460fb,
0x60bb681b,
0x681b4b83,
0x4b83607b,
0x603b681b,
0xf84ff2c1,
0x46222300,
0x48804621,
0xf9c6f2c1,
0x46222300,
0x487e4621,
0xf9c0f2c1,
0xf0052032,
0x4623fb3d,
0x46214622,
0xf2c14878,
0x4623f9b7,
0x46214622,
0xf2c14876,
0x2032f9b1,
0xfb2ef005,
0x73fff64f,
0x3000f8cb,
0xf8d72200,
0x21033084,
0xf003484f,
0xf2c1030f,
0x2303f9a1,
0x211e221c,
0xf2c1486c,
0x4b4cf99b,
0x208cf8d7,
0x6efa601a,
0xf503619a,
0x4a6873a2,
0xf44f62da,
0x601a5273,
0xf8436eba,
0x4a452cfc,
0x308cf8d7,
0x320c3204,
0x7296f502,
0x7380f3c3,
0x72f2f502,
0x322c32c8,
0x32043204,
0x32043204,
0x32043204,
0x32043a38,
0x32043204,
0x32043204,
0xf2a23204,
0xf2024204,
0x3250623c,
0x66fa3204,
0x42a4f2a2,
0xf0002b00,
0x2310821c,
0x46236013,
0x482d2208,
0xf2c14611,
0x4b4ef95d,
0xf5a34a4e,
0xf8c3739a,
0x461a2134,
0x60136fbb,
0x461a4b2a,
0x60136f7b,
0x461a4b29,
0x60136f3b,
0x461a4b2a,
0x60136e7b,
0x461a4b29,
0x60136e3b,
0x602b6ffb,
0x461a4b27,
0x60136dfb,
0x461a4b26,
0x60136dbb,
0x461a4b25,
0x60136d7b,
0x461a4b24,
0x60136d3b,
0x461a4b23,
0x60136cfb,
0x461a4b22,
0x60136cbb,
0x461a4b21,
0x60136c7b,
0x461a4b20,
0x60136c3b,
0xf8ca69bb,
0x6ffb3000,
0x697b602b,
0x3000f8c9,
0xf8c8693b,
0x68fb3000,
0x4b236033,
0x68bb461a,
0x4b226013,
0x687b461a,
0xe0576013,
0xf0d40fa4,
0xf0d40f98,
0xf0180640,
0xf0180384,
0xf018064c,
0xf0180008,
0xf018000c,
0xf0180010,
0xf018001c,
0xf0180020,
0xf0180050,
0xf0180148,
0xf018032c,
0xf01803f4,
0xf0180420,
0xf0180424,
0xf0180428,
0xf018042c,
0xf0180430,
0xf0180434,
0xf0180438,
0xf0180400,
0xf0180404,
0xf0180408,
0xf018040c,
0xf0180410,
0xf0180414,
0xf0180418,
0xf0180014,
0xf0180018,
0xf0180324,
0xf0180650,
0xf01806a0,
0xf01806a4,
0xf0020094,
0xf002009c,
0xf0180024,
0x03e00042,
0xf0180140,
0xde3c78ee,
0xf018063c,
0xf0180644,
0xf0180648,
0xf018062c,
0x461a4bbd,
0x6013683b,
0x308cf8d7,
0xd508011b,
0x4abb4bba,
0x4abb601a,
0x4abb605a,
0x4abb609a,
0x4bbb60da,
0x461a4cbb,
0x48bb6bfb,
0x4bbb6013,
0x6bbb461a,
0x4bba6013,
0x6b7b461a,
0x4bb96013,
0x6b3b461a,
0x4bb86013,
0x6afb461a,
0x4bb76013,
0x6abb461a,
0x4bb66013,
0x6a7b461a,
0x4bb56013,
0x6a3b461a,
0x4bb46013,
0x601a69fa,
0x23012200,
0xf2c14611,
0x2064f879,
0xf9f6f005,
0x48a62300,
0x4619461a,
0xf870f2c1,
0xb34b6823,
0x23014dab,
0x461a2100,
0xf2c04608,
0x220dffc5,
0x46112300,
0xf2c148a7,
0xf44ff861,
0xf0057096,
0x2307f9dd,
0x602b2064,
0xf9d8f005,
0x2301220d,
0x48a04611,
0xf852f2c1,
0x7016f44f,
0xf9cef005,
0x20642306,
0xf005602b,
0x230ef9c9,
0x602b2064,
0xf9c4f005,
0x22082301,
0x46114897,
0xf83ef2c1,
0x308cf8d7,
0x65c0f3c3,
0xf8d7b145,
0x220c3084,
0x4892210f,
0x3303f3c3,
0xf830f2c1,
0x2300221e,
0x488f4611,
0xf82af2c1,
0x3080f8d7,
0x488d2212,
0xf3c34611,
0xf2c14380,
0xf8d7f821,
0x220f3080,
0x46114888,
0x33c0f3c3,
0xf818f2c1,
0xf240b14d,
0x227f218e,
0xf2c02000,
0x4601ff65,
0xf2be2000,
0x6824fceb,
0x220db99c,
0x46112301,
0xf2c14879,
0x4b77f805,
0x20c82206,
0x220e601a,
0xf005601a,
0x2301f97d,
0x461a4621,
0xf2c04620,
0x2300ff55,
0x3000f8cb,
0x24004b74,
0xf44f4d74,
0x681b7228,
0xf01360ec,
0xf8c75f80,
0xf44f408c,
0xbf0873e0,
0xf8c74613,
0x232e3084,
0x21082202,
0xf2c0486c,
0x2032ffdd,
0xf95af005,
0x2202237f,
0x48682108,
0xffd4f2c0,
0xf0052032,
0x4b63f951,
0xf0106818,
0xf0005080,
0x4b638084,
0xf8d72000,
0x58d6208c,
0xf1034413,
0x46310804,
0x0700e898,
0xa000f8cd,
0x4642464b,
0xfb74f7ff,
0x4642464b,
0xf8cd4631,
0x2001a000,
0xfb6cf7ff,
0xf1074631,
0x464206a8,
0xf8cd464b,
0x2002a000,
0x0901f04f,
0xfb60f7ff,
0x9d14f846,
0x0800f04f,
0x46314b4f,
0xf04f4640,
0xf44f0b3f,
0xf8c73a80,
0xf8c7b09c,
0xf8c7a0a4,
0xf8c730a0,
0xf7ff8098,
0x4b48fc8b,
0x46484631,
0xb09cf8c7,
0xa0a4f8c7,
0x30a0f8c7,
0x9098f8c7,
0xfc7ef7ff,
0xb09cf8c7,
0xf8df4631,
0x2002b108,
0xf8c7686b,
0xf103a0a4,
0xf8c77340,
0x330c8098,
0x30a0f8c7,
0xf8c72310,
0xf7ff3094,
0x2307fc69,
0xf8cb4640,
0xf7ff3000,
0xfa09fccf,
0x4648fa00,
0xfccaf7ff,
0xf000fa09,
0x0a0aea40,
0xf7ff2002,
0xfa09fcc3,
0xea40f000,
0xf8c70a0a,
0xf02ab080,
0x454b0302,
0x8084f000,
0x0f02f1ba,
0x8085f000,
0x37ac2002,
0xe8bd46bd,
0x60138ff0,
0x4b24e5e4,
0x208cf8d7,
0x441358d6,
0x0804f103,
0xe8984631,
0xf8cd0700,
0x464ba000,
0xe77b4642,
0xf01806a4,
0xf0180660,
0x32876510,
0xfdcba9f4,
0x32987651,
0xfedcbaf4,
0xf0180400,
0xf0d40f98,
0xf0180050,
0xf0180404,
0xf0180408,
0xf018040c,
0xf0180410,
0xf0180414,
0xf0180418,
0xf0180014,
0xf0180018,
0xf0180000,
0xf01801f0,
0xf018014c,
0xf0180384,
0xf0180140,
0xf0180324,
0xf0180008,
0xf0d40fa4,
0xf00200a0,
0xf0d451b8,
0x01000400,
0x02000004,
0xf0d45378,
0xf017005c,
0x3088f8d7,
0xf1034a73,
0xf8df0810,
0x4b72c1f8,
0x49734872,
0xe1f0f8df,
0x33104c72,
0x4c10f848,
0xf8423210,
0xf1084c20,
0xf8430810,
0xf8484c20,
0xf842cc1c,
0xf843cc1c,
0xf848cc1c,
0xf8420c18,
0xf8430c18,
0xf8480c18,
0xf8421c14,
0xf8431c14,
0x45731c14,
0xe031d1e0,
0xe77e4640,
0x30fff04f,
0x696be77b,
0xf0002b00,
0x68eb80a2,
0x692bbb53,
0xd1c52b00,
0xf243485c,
0xf8df0e39,
0x495bc190,
0x818cf8df,
0xf8df6842,
0xf8dfb18c,
0xfb08918c,
0xf8d7e302,
0xfb084088,
0xf3c3e203,
0xea02430e,
0xea430a0b,
0xf844030a,
0xf8c73b04,
0xf8414088,
0xf84c3f04,
0x45493f04,
0x6042d1e9,
0x60eb2301,
0xf912f005,
0x0900f04f,
0x464a464b,
0x0b05f04f,
0x20006869,
0x2088f8c7,
0x0a01f04f,
0x6884f101,
0x6180f04f,
0x10a0f8c7,
0x1180f44f,
0x10a4f8c7,
0x67fb4631,
0xf8c72302,
0xf508a09c,
0xf8c75800,
0xf8c73098,
0xf7ffa094,
0x4b39fb6f,
0x68194650,
0x0104f041,
0x49376019,
0x10a0f8c7,
0xf8c7213f,
0x4631109c,
0xfb60f7ff,
0x20024b33,
0xf0416819,
0x60190104,
0xf8c74631,
0xf7ff80a0,
0x4b2ffb55,
0x68192000,
0x0104f041,
0xf8d76019,
0x21073080,
0xf7ff6019,
0x4650fbb5,
0xfbb2f7ff,
0xf7ff2002,
0x4927fbaf,
0x2088f8d7,
0xf8d16ffb,
0xf501c000,
0x68085180,
0x5180f501,
0x4c1cea4f,
0x0c006809,
0xb1120c09,
0xf47f4594,
0xb113af69,
0xf47f4298,
0xf1b9af65,
0xd0020f00,
0xf47f4549,
0x4662af5f,
0x46894603,
0x0b01f1bb,
0xf8c7d192,
0xf8d78088,
0x3310308c,
0x308cf8c7,
0x208cf8d7,
0x3084f8d7,
0xf47f4293,
0x68abae34,
0x2000b113,
0xfc95f2c0,
0xe6c22001,
0x04101010,
0x04000010,
0xad5cb2ac,
0xa11c51b3,
0x84cf9b55,
0xf0d40f98,
0x04100ffc,
0xf0170060,
0x04101000,
0xf0171060,
0xf0172060,
0xf017006c,
0x02b4e26d,
0x04100010,
0x03fffffc,
0x41c64e6d,
0x7fff0000,
0x04200ffc,
0x4ff0e92d,
0xb0a14812,
0xf2c0af0a,
0x4b11ff01,
0x609a2201,
0x2300615a,
0x64bb469b,
0xf7ff2000,
0x2801f8e9,
0xf1bbd11a,
0xd9260f01,
0x23004c09,
0x616360a3,
0x33016cbb,
0x8293f040,
0xf2c04806,
0x6cbbfee7,
0x375c61a3,
0xe8bd46bd,
0xbf008ff0,
0xf0d45e48,
0xf0d40fa4,
0xf0d45f58,
0xf7ff2000,
0x2804f8c9,
0x2000d0df,
0xf8c4f7ff,
0xf0402802,
0x230281e9,
0xbf38459b,
0x4bbd469b,
0x188beb03,
0x3460f8d8,
0xf8d8643b,
0x657b3464,
0x3468f8d8,
0x461a6d79,
0x63fb6c38,
0xfaf5f7ff,
0x6484f8d8,
0xa480f8d8,
0x3488f8d8,
0x63b84631,
0x461a4650,
0xf7ff653b,
0xf8d8fae8,
0xf8d85494,
0xf8d83490,
0x46299498,
0x46186338,
0x64fb464a,
0xfadbf7ff,
0x4474f8d8,
0x3470f8d8,
0x8478f8d8,
0x647b4621,
0x0208eb04,
0x1e5362f8,
0x46426c78,
0xf7ff637b,
0x6d3bfaca,
0x46519008,
0x6b7b18f2,
0x3a019306,
0x93056c7b,
0x93046afb,
0x0309eb05,
0x93023b01,
0x93016cfb,
0x94076b3b,
0x93009503,
0x48954633,
0xfe76f2c0,
0x46316d3a,
0xf7ff4650,
0x4629faac,
0x464a60f8,
0xf7ff6cf8,
0x6bfafaa6,
0x46596d7b,
0x441361b8,
0x92036b7a,
0x6c7a3b01,
0x6bba9202,
0x6d7a9201,
0x24009404,
0x48879200,
0xf2c06c3a,
0x4886fe57,
0xfe54f2c0,
0xfa032301,
0x4d84f808,
0x38fff108,
0x0104ea08,
0x34104628,
0xfe48f2c0,
0xd1f72ca0,
0xf2c0487f,
0x6bbbfe43,
0x653b005b,
0x623b2300,
0xeb034b76,
0xf50a1a8b,
0x60bb638f,
0x3478f8da,
0x687a607b,
0x1474f8da,
0x0470f8da,
0xfa69f7ff,
0x5488f8da,
0xf8da6a3a,
0xf8da348c,
0x44136484,
0x40aa2201,
0x3a016578,
0x0480f8da,
0x46314013,
0x4680462a,
0xf7ff61fb,
0xf8dafa45,
0xf8da4494,
0xf8da2498,
0x46210490,
0x469169fb,
0xf7ff64f8,
0x462afa39,
0x46404631,
0xfa43f7ff,
0x19aa6cfb,
0x444c9402,
0x3c019003,
0x94019300,
0x46414633,
0x485c3a01,
0xf2c02500,
0x68bbfdf9,
0x46a8462c,
0x681b64fd,
0x62bd627d,
0x643d637d,
0x6c3b647b,
0x011b2201,
0x6c7b633b,
0xf303fa02,
0x3b016b3a,
0xea0362fb,
0xf8da0602,
0x63fb3470,
0x3474f8da,
0x463363bb,
0x6bb96c7a,
0xf7ff6bf8,
0x2000fa03,
0xfb43f2c0,
0x69ba69fb,
0x2b001a9b,
0x425bbfb8,
0x6d7b613b,
0x2e001af6,
0x4276bfb8,
0xf7ff617e,
0x2801fa53,
0x8111f040,
0x3ffff1b8,
0x483ed128,
0xf2c02600,
0x6b3bfdbb,
0x62bb3b10,
0x6c7a6abb,
0x0903eb06,
0x6bb96afb,
0x0903ea09,
0x464b6bf8,
0xf9d8f7ff,
0xf2c02000,
0xf7fffb18,
0x2801fa35,
0x80c7f040,
0xf0002e00,
0xf1c680c2,
0x46310611,
0x4434482e,
0xfd9af2c0,
0x904cf8c7,
0x62bb2301,
0x2b096c3b,
0x80cdf040,
0x2b006b7b,
0x80c9f040,
0x2b006abb,
0x80c5f000,
0x6b3b6b7e,
0xeb066c7a,
0x6afb0903,
0xea096bb9,
0x6bf80903,
0xf7ff464b,
0x2000f9a9,
0xfae9f2c0,
0xfa06f7ff,
0xf0002801,
0xb10680a4,
0x46313e01,
0xf2c04818,
0x4434fd6f,
0xf0002e00,
0xf109810a,
0x6c3b35ff,
0x643b3301,
0xf47f2b0a,
0x2664af74,
0x48116d3b,
0xfbb44374,
0x4621f4f3,
0xfd5af2c0,
0x2b006a7b,
0x6d7bd045,
0x42936cfa,
0x80f3f080,
0xbf00e014,
0xf0d451b8,
0xf0d45e62,
0xf0d45e99,
0xf0d45ed8,
0xf0d45ef2,
0xf0d45ef8,
0xf0d45efe,
0xf0d45f22,
0xf0d45f26,
0xf0d45f46,
0x44136d3a,
0x48736cfa,
0x435e1a9b,
0xfbb66d3b,
0x4631f6f3,
0xfd30f2c0,
0x42ab6d7b,
0x0364f04f,
0x80cdf240,
0x6d796d3a,
0x44151a52,
0x6d3b435d,
0xfbb54869,
0x4629f5f3,
0xfd1ef2c0,
0xf2402c1e,
0x2e0b80c1,
0x80bef240,
0x6cbb2d0b,
0x32fff04f,
0x4613bf98,
0x486164bb,
0xfd0ef2c0,
0x6c7a6d7b,
0x6bf86bb9,
0xf934f7ff,
0xf2c02000,
0x6a3bfa74,
0x623b3b04,
0xf47f3354,
0x4c59aeca,
0xeb0468fb,
0xf10b148b,
0xf5040b01,
0xc8076090,
0xf920f7ff,
0x6092f504,
0xc80769bb,
0xf91af7ff,
0xf2c02000,
0xf1bbfa5a,
0xf47f0f04,
0xe5f3aded,
0xf7fe2000,
0x2805fed5,
0xae15f47f,
0x2610e60f,
0x2e0fe73d,
0x4848d104,
0xfcd8f2c0,
0x64fb6b3b,
0x2e103601,
0xaf1af47f,
0x2e0fe738,
0x3410d104,
0x4842464d,
0xfccaf2c0,
0x2e103601,
0xaf3df47f,
0x693be75b,
0xdc0b2b02,
0x2b08697b,
0x483cdc08,
0xf2c03410,
0x2301fcbb,
0xf04f627b,
0xe74c0801,
0x34104838,
0xfcb2f2c0,
0xf1b8e7f7,
0xd1240f01,
0x3c104835,
0xfcaaf2c0,
0x26006b3b,
0x0810f1a3,
0xeb066afb,
0x6c7a0908,
0x0903ea09,
0x464b6bb9,
0xf7ff6bf8,
0x2000f8c7,
0xfa07f2c0,
0xf924f7ff,
0xd0232801,
0x3e01b106,
0xf1094434,
0x463135ff,
0xf2c04826,
0x2301fc8b,
0x6c3b637b,
0xd1072b09,
0xb92b6abb,
0x2b016b7b,
0xbf086cfb,
0x64fb2300,
0x2b02693b,
0x697bdc15,
0xdc122b08,
0xf2c0481c,
0x2301fc75,
0xf04f627b,
0xe70638ff,
0xd1042e0f,
0x464d3410,
0xf2c04811,
0x3601fc69,
0xd1bf2e10,
0x4814e7d9,
0xfc62f2c0,
0x464de7ed,
0x6d7be6f5,
0x6d7ae722,
0xe7331aad,
0x33fff04f,
0x480ee744,
0xfc54f2c0,
0xbf00e56d,
0xf0d45f44,
0xf0d45f4e,
0xf0d465a1,
0xf0d451b8,
0xf0d45f2c,
0xf0d45f30,
0xf0d45f34,
0xf0d45f38,
0xf0d45f22,
0xf0d45f26,
0xf0d45f3c,
0xf0d45f40,
0xf0d45f6e,
0x4ff0e92d,
0x4b932000,
0xaf04b09d,
0x609a2201,
0xf995f2c0,
0xf2c04890,
0x2300fc2b,
0x647b461c,
0xf7fe2000,
0x2801fe17,
0x80d9f040,
0xf0402c01,
0x2402828f,
0x22032300,
0x488821c3,
0xfc18f2c0,
0x01a54b87,
0xf8d6195e,
0x643b3580,
0x3584f8d6,
0xf8d663fb,
0x6bf93588,
0x6c38461a,
0xf7ff63bb,
0xf8d6f842,
0x637b3590,
0x3594f8d6,
0xf8d6633b,
0x65b83598,
0x6b39461a,
0x61fb6b78,
0xf833f7ff,
0x65f82c02,
0x2801d103,
0x4b72d101,
0x4b7461d8,
0xf8d5441d,
0x62fb3560,
0x3564f8d5,
0xf8d5653b,
0x6d393568,
0x6af8461a,
0xf7ff64fb,
0xf8d5f81c,
0x46833570,
0xf8d562bb,
0x627b3574,
0x3578f8d5,
0x6a792500,
0x6ab8461a,
0xf7ff613b,
0x22c0f80c,
0xf24060f8,
0x20002152,
0xfa02f2c0,
0x48616078,
0xfbc6f2c0,
0x23016cfa,
0x623b4093,
0x4b5c1e5e,
0x1884eb03,
0x429d6a3b,
0x80a1f2c0,
0xf2c0485a,
0x2c01fbb7,
0x80a4f240,
0xf0402c02,
0x230881bd,
0x250164bb,
0x93016a7b,
0x95026abb,
0x23009300,
0x6ab96a7a,
0xf2c04851,
0x6bbbfba3,
0xf303fa05,
0x230060bb,
0x461d657b,
0xeb034b49,
0x617b1384,
0x429d68bb,
0x809ef2c0,
0xeb034b45,
0x465b1584,
0x60acf505,
0xf7fec807,
0xf505ffb7,
0x68fb60ae,
0xf7fec807,
0xf505ffb1,
0x6dbb60b0,
0xf7fec807,
0xf505ffab,
0x6dfb60b2,
0xf7fec807,
0x687bffa5,
0xf24022c0,
0x20002152,
0x03c0f003,
0xf9b2f2c0,
0xf2c04835,
0x2000fb6d,
0xf8d9f2c0,
0xf7fe2000,
0x2805fd59,
0x81c2f040,
0x20002103,
0xf7fe3401,
0x2c03fd7d,
0xaf34f67f,
0x4c266c7b,
0xf0002b00,
0x482b81c3,
0xfb54f2c0,
0x61a36c7b,
0xf2c02000,
0x2300f8ae,
0x60a33764,
0xe8bd46bd,
0x20008ff0,
0xfd38f7fe,
0xf43f2804,
0x2000af21,
0xfd32f7fe,
0xd10d2802,
0x2c01b1dc,
0x2c02d019,
0xaf19f43f,
0xf47f2c03,
0x21c1af1d,
0xf2c0481a,
0xe717fb31,
0xf7fe2000,
0x2805fd1f,
0x2c00d0ec,
0x2300d1eb,
0x21c22203,
0xf2c04814,
0x2400fb23,
0x2304e708,
0x21c22207,
0xf2c04811,
0x2401fb1b,
0xf8d8e700,
0x480f156c,
0x35014429,
0xf2c04031,
0xe751fb11,
0xe75d2304,
0xf0d40fa4,
0xf0d45f84,
0xf0d45f9c,
0xf0d451b8,
0xf0d46009,
0xf0d465a1,
0xf0d46013,
0xf0d46073,
0xf0d45ff3,
0xf0d45fd6,
0xf0d45fb9,
0xf0d45ef2,
0x6bba697b,
0xf8d36bf9,
0x6c38358c,
0xf7fe442b,
0x697bff19,
0x6b3969fa,
0x359cf8d3,
0x442b6b78,
0xff10f7fe,
0xd15e2c02,
0xf04f2d00,
0xf04f03c0,
0xf24002c0,
0xbf082152,
0x20002300,
0xf918f2c0,
0xd1472d00,
0x69db4ba3,
0xf7feb90b,
0xf10bfdfb,
0xf009090c,
0xf1a9090f,
0x2b030302,
0x6dbbd854,
0x6dfb1c5e,
0xbfb82e00,
0xf1034276,
0xea8a0a01,
0xeba373ea,
0x469a73ea,
0x6bf96bba,
0xf7fe6c38,
0x69fafef0,
0x6b394680,
0xf7fe6b78,
0x6b3bfeea,
0x6b7b9301,
0x46439300,
0x0806f04f,
0x6bfa9002,
0x488d6c39,
0xfaa2f2c0,
0x0306f1a8,
0x69ba61bb,
0x42936a3b,
0x2c02dc2c,
0x2d00d107,
0x8097f040,
0x69db4b84,
0xf7feb90b,
0x4884fd4b,
0xf2c03501,
0xe6f3fa8d,
0xd1ba2d01,
0x69db4b7e,
0xd1b62b01,
0xfd3ef7fe,
0xf10be7b3,
0xf009090e,
0xf1a9090f,
0x2b010304,
0x6dbbd808,
0x6dfb1e5e,
0xbfb82e00,
0xf1034276,
0xe7b23aff,
0xf8d76dbe,
0xe7b3a05c,
0x69ba697b,
0xf8d36d39,
0x6af8356c,
0x6cfa4413,
0xfe90f7fe,
0x693a69bb,
0x6a792b05,
0xbfd86ab8,
0xbfc82300,
0xf7fe2301,
0x2000fe85,
0xffc5f2bf,
0xd12a2c02,
0xf385fab5,
0x42b3095b,
0x4556d108,
0x6d7ad106,
0x030ff008,
0xbf084599,
0x657a2201,
0xfed2f7fe,
0xd1212801,
0xd11c2c02,
0xf385fab5,
0x095b6dfa,
0xd1144293,
0x030ff008,
0xd110455b,
0xf2c04857,
0x6d7bfa33,
0xd1242b01,
0x2b006cbb,
0x6cbbdb21,
0x64bb3b01,
0x42b5e01d,
0x4555d1e0,
0x4850e7d6,
0x6dbbe7ed,
0xe7e4429d,
0xd1172c02,
0xf385fab5,
0x095b6dfa,
0xd10f4293,
0x030ff008,
0xd10b455b,
0xf2c04848,
0x6d7bfa11,
0xd1022b01,
0x2b006cbb,
0xf108da07,
0xe7650801,
0xe7f24843,
0x429d6dbb,
0xf04fe7e9,
0x647b33ff,
0x2d01e7d1,
0xaf6bf47f,
0x69db4b37,
0xf47f2b01,
0xf7feaf66,
0xe762fd21,
0x26006d3b,
0x46356cfa,
0xf04f6af9,
0x189a0804,
0x3a014836,
0xf9e8f2c0,
0x030ef10b,
0x030ff003,
0x4b33657b,
0x1a84eb03,
0x42ab6a3b,
0xae48f77f,
0x356cf8da,
0xeb056cfa,
0x6d390903,
0x6af8464b,
0xfdfef7fe,
0xf2bf2000,
0x6d7bff3e,
0xbf08454b,
0xf7fe2601,
0xf105fe57,
0x28010308,
0x030ff003,
0x455bd10e,
0x481dd10a,
0xf9bef2c0,
0xd1112e01,
0x0f00f1b8,
0xf108db0e,
0xe00b38ff,
0xe7f34818,
0xd109455b,
0xf2c04817,
0x2e01f9af,
0xf1b8d102,
0xda030f00,
0xe7c73501,
0xe7f44813,
0x33fff04f,
0xe7e8647b,
0xf7fe2000,
0x2804fb91,
0xae38f43f,
0xf7fe2000,
0x2803fb8b,
0xae32f43f,
0xe6302104,
0xf2c0480c,
0xe63df991,
0xf47f2c00,
0xe662ae52,
0xf0d40fa4,
0xf0d4603b,
0xf0d465a1,
0xf0d45f34,
0xf0d45f38,
0xf0d45f3c,
0xf0d45f40,
0xf0d46059,
0xf0d451b8,
0xf0d46087,
0x4ff0e92d,
0x4c3223b8,
0x4683b089,
0xaf022202,
0x46202108,
0xf2c04d2f,
0x2032f84f,
0xf9ccf004,
0x0618f107,
0x13fff240,
0x21082202,
0xf2c04620,
0x2032f843,
0xf9c0f004,
0x80a0f8df,
0x462b462a,
0x95004629,
0x24002000,
0xfbf0f7fe,
0x4d14f846,
0xf04f4620,
0x46310901,
0x0a03f04f,
0x230f613c,
0xa008f8c7,
0x231060fb,
0xf7fe617b,
0xf8c8fd1f,
0x46209000,
0xfd86f7fe,
0x93004b17,
0x461a4620,
0xf7fe4619,
0x4631fbd3,
0xf8c74620,
0xf8c7a008,
0xf7feb010,
0xf8c8fd0b,
0x46209000,
0xfd72f7fe,
0x462b462a,
0x46204629,
0xf7fe9500,
0x4631fbbf,
0x23024620,
0x60bb613c,
0xfcf8f7fe,
0x9000f8c8,
0xf7fe4620,
0x371cfd5f,
0xe8bd46bd,
0xbf008ff0,
0xf00200a0,
0x55aa55aa,
0x12345678,
0xf017005c,
0xe92d4bc2,
0xb0c34ff0,
0xaf0a681d,
0xd51a05e9,
0xf2c048bf,
0x05aaf8fd,
0x48bed502,
0xf8f8f2c0,
0x6f80f415,
0x0407f005,
0x8149f000,
0xf2c048ba,
0x2c01f8ef,
0x8117f040,
0xf2c048b8,
0xf04ff8e9,
0x4bb76200,
0x4db7605a,
0x4eb7240a,
0xfd6ef7fe,
0xbf082801,
0xbf184630,
0xf2c04628,
0x3c01f8d9,
0x4db2d1f4,
0x04a0f107,
0xf2c048b1,
0xcd0ff8d1,
0xcd0fc40f,
0xcd0fc40f,
0xe895c40f,
0xe884000f,
0x4bac000f,
0x681c4aac,
0x607b6815,
0x7400f3c4,
0x0580f3c5,
0xf0002c00,
0x4ca881b6,
0x02e0f107,
0x68232001,
0x6303f3c3,
0x0383eb02,
0x3c40f853,
0xf7ff4098,
0x2801ff35,
0x8123f000,
0x48a14ba0,
0x685a6819,
0xf8a4f2c0,
0xb1ad4e9f,
0xf1076833,
0x200102e0,
0x1303f3c3,
0x0383eb02,
0x3c40f853,
0xf7ff4098,
0x2801ff1d,
0x815cf000,
0x48974b94,
0x685a6819,
0xf88cf2c0,
0xf1076823,
0x200102e0,
0xeb020f1b,
0xf8530383,
0x40983c40,
0xff08f7ff,
0xf0002801,
0x4b8a814b,
0x6819488d,
0xf2c0685a,
0x6833f877,
0x02e0f107,
0xf0032001,
0xeb02030f,
0xf8530383,
0x40983c40,
0xfef2f7ff,
0xf0002801,
0x4b7f8139,
0x68194883,
0xf2c0685a,
0xf8dff861,
0x240081f0,
0xa244f8df,
0x9244f8df,
0xf3002c04,
0x6833812d,
0x00921ca2,
0x40d32001,
0x02e0f107,
0x030ff003,
0x0383eb02,
0x3c40f853,
0xf7ff4098,
0x2801fecf,
0x8132f000,
0xf0402c0f,
0x4b728121,
0x48724621,
0xf8d9681a,
0xf2c03000,
0x3401f839,
0xd1db2c11,
0xf2c0486e,
0x227ff833,
0x218ef240,
0xf2bf2000,
0x4601fe65,
0xf2c0486a,
0x2300f829,
0x3094f8c7,
0x3084f8c7,
0xf7fe2000,
0x2801fa13,
0x81f6f040,
0x3084f8d7,
0xf2402b01,
0xf8d78204,
0x33013094,
0x87fcf040,
0xf2c0485f,
0x4b4cf811,
0x2094f8d7,
0xf7ff619a,
0x687bf903,
0x011b681b,
0x87fef100,
0x20004b46,
0x609a2201,
0xfd67f2bf,
0xf2bf4856,
0x2300fffd,
0x667b469a,
0xf7fe2000,
0x2801f9e9,
0x8538f041,
0x0f01f1ba,
0x8544f241,
0x20004c3b,
0xf2bf60a0,
0x6e7bfd4a,
0xf0012b00,
0x484b86eb,
0xffe4f2bf,
0x61a36e7b,
0xfba8f7ff,
0x330169a3,
0x86e5f041,
0xf2bf4846,
0x37e4ffd9,
0xe8bd46bd,
0x2c028ff0,
0x4843d105,
0xffd0f2bf,
0x5280f04f,
0x2c03e6e5,
0x4840d105,
0xffc8f2bf,
0x5200f04f,
0x2c04e6dd,
0x483dd105,
0xffc0f2bf,
0x52c0f04f,
0x2c05e6d5,
0x483ad105,
0xffb8f2bf,
0x42c0f04f,
0x2c06e6cd,
0x4837d105,
0xffb0f2bf,
0x4280f04f,
0x4835e6c5,
0xffaaf2bf,
0x2c01e7fe,
0x2c04d001,
0x4629d104,
0xf2bf4831,
0xe7cfffa1,
0xd0012c03,
0xd1042c05,
0x482e4629,
0xff98f2bf,
0x2c02e7e6,
0x4824d101,
0x2c06e7c8,
0x4826d105,
0xff8ef2bf,
0x4200f04f,
0x4824e6a3,
0xff88f2bf,
0x4825e7fe,
0xff84f2bf,
0xbf00e6de,
0xf01806a0,
0xf0d4609b,
0xf0d460b0,
0xf0d460ba,
0xf0d460e1,
0xf0d40fa4,
0xf0d4613f,
0xf0d45f39,
0xf0d45818,
0xf0d465a1,
0xf0180008,
0xf0180670,
0xf0180660,
0xf01700a4,
0xf0d46142,
0xf0180664,
0xf0d46172,
0xf0d461a2,
0xf0d461d2,
0xf00a80a4,
0xf0d46202,
0xf0d46366,
0xf0d4637e,
0xf0d46467,
0xf0d4648f,
0xf0d46570,
0xf0d4659a,
0xf0d460e7,
0xf0d460ed,
0xf0d460f3,
0xf0d460f9,
0xf0d46100,
0xf0d46107,
0xf0d4611c,
0xf0d4612d,
0xf0d46167,
0xf01700a8,
0xf00a80a8,
0xf2bf4872,
0xe6a5ff33,
0xf2bf4871,
0xe6b6ff2f,
0xf2bf4870,
0xe6c8ff2b,
0xb1252301,
0x000ff104,
0xf000fa03,
0xf104e6d9,
0xe7f9000e,
0x2000f8d8,
0xd1042c10,
0x3000f8d9,
0x48674621,
0xf8dae6db,
0x46213000,
0xe6d64865,
0x2c0f4621,
0x4864d103,
0xff0cf2bf,
0x2c10e6d1,
0x4862d101,
0x4862e7f8,
0x4e62e7f6,
0x02e0f107,
0x46b02001,
0xf3c36833,
0xeb026303,
0xf8530383,
0x40983c40,
0xfd7ef7ff,
0xd06e2801,
0x485b4b5a,
0x685a6819,
0xfeeef2bf,
0xb1a54e59,
0xf1076833,
0x200102e0,
0x1303f3c3,
0x0383eb02,
0x3c40f853,
0xf7ff4098,
0x2801fd67,
0x4b4fd05b,
0x68194851,
0xf2bf685a,
0xf8d8fed7,
0xf1073000,
0x200102e0,
0xeb020f1b,
0xf8530383,
0x40983c40,
0xfd52f7ff,
0xd04a2801,
0x48484b44,
0x685a6819,
0xfec2f2bf,
0xf1076833,
0x200102e0,
0x030ff003,
0x0383eb02,
0x3c40f853,
0xf7ff4098,
0x2801fd3d,
0x4b3ad039,
0x6819483e,
0xf2bf685a,
0xf8dffead,
0xf8df80dc,
0xf8dfa0fc,
0x2c0490fc,
0x6833dc2f,
0x00921ca2,
0x40d32001,
0x02e0f107,
0x030ff003,
0x0383eb02,
0x3c40f853,
0xf7ff4098,
0x2801fd1d,
0x2c0fd035,
0x4b2fd125,
0x482f4621,
0xf8d9681a,
0xf2bf3000,
0x3401fe89,
0xd1de2c11,
0x482be64e,
0xfe82f2bf,
0x4818e792,
0xfe7ef2bf,
0x4817e7a5,
0xfe7af2bf,
0x4816e7b6,
0xfe76f2bf,
0x2301e7c7,
0xf104b125,
0xfa030010,
0xe7d6f000,
0x000ff104,
0xf8d8e7f9,
0x2c102000,
0xf8d9d104,
0x46213000,
0xe7d6480c,
0x3000f8da,
0x480b4621,
0x4621e7d1,
0xd1032c0f,
0xf2bf4809,
0xe7ccfe57,
0xd1012c10,
0xe7f84807,
0xe7f64807,
0xf0d46197,
0xf0d461c7,
0xf0d461f7,
0xf0d46269,
0xf0d462b6,
0xf0d462db,
0xf0d46328,
0xf0d4635b,
0xf0180668,
0xf01700a4,
0xf0d46142,
0xf018066c,
0xf0d46172,
0xf0d461a2,
0xf0d461d2,
0xf00a80a4,
0xf0d46202,
0xf0d46167,
0xf01700a8,
0xf00a80a8,
0xf7fe2000,
0x2804f817,
0xae04f43f,
0xf7fe2000,
0x2802f811,
0x8143f040,
0x3084f8d7,
0xbf382b02,
0xf8c72302,
0xf8d73084,
0x25a03084,
0x4ba9461a,
0x3402fb05,
0x36a4f8d4,
0xb6a0f8d4,
0x86a8f8d4,
0x46584619,
0x3098f8c7,
0xf7fe4642,
0xf8d4fa3c,
0xf8c76718,
0x4632009c,
0x1714f8d4,
0x0710f8d4,
0xfa31f7fe,
0xf5046778,
0xc80760e4,
0xfa2bf7fe,
0xf50461b8,
0xc80760e6,
0xfa25f7fe,
0x36f0f8d4,
0x3090f8c7,
0x96f8f8d4,
0x36f4f8d4,
0x464a6178,
0xf8d74619,
0xf8c70090,
0xf7fe308c,
0xf8d4fa14,
0xf8c73700,
0xf8d43088,
0xf8c73704,
0xf8d43080,
0x62783708,
0xf8d7461a,
0xf8d71080,
0x67fb0088,
0xfa01f7fe,
0x1084f8d7,
0x48836138,
0xfdc0f2bf,
0x16b4f8d4,
0xa6b8f8d4,
0x3098f8d7,
0x44519103,
0x91023901,
0x16b0f8d4,
0x0208eb03,
0x3a019101,
0x109cf8d7,
0x0800f04f,
0x46599100,
0xf2bf4877,
0x2301fda7,
0xfa0afa03,
0xb1e4f8df,
0xf606fa03,
0x3afff10a,
0xf2c045b0,
0xf8d780c9,
0xf04f3084,
0x486f08a0,
0x4b6b461a,
0xb1c4f8df,
0x3502fb05,
0x36c4f8d5,
0x46c8f8d5,
0x16c0f8d5,
0x191a2500,
0xf2bf3a01,
0x2301fd85,
0xf404fa03,
0x3084f8d7,
0x461a3c01,
0xfb084b5f,
0x42ae3a02,
0x80b1f300,
0xf2bf4860,
0xf8d7fd75,
0x20003084,
0x4b59461a,
0x3302fb08,
0xf8c722ff,
0xf8d33098,
0xb2a146d0,
0xfb9ef2bf,
0x3098f8d7,
0x46204605,
0x26d8f8d3,
0x16d4f8d3,
0xf997f7fe,
0x4606464a,
0x108cf8d7,
0x0090f8d7,
0xf98ff7fe,
0x462a4633,
0x90004621,
0xf2bf484d,
0xf8d7fd4d,
0x22ff3098,
0xf8d32000,
0xb2a146e0,
0xfb7cf2bf,
0x3098f8d7,
0x46204605,
0x26e8f8d3,
0x16e4f8d3,
0xf975f7fe,
0x46066ffa,
0x1080f8d7,
0x0088f8d7,
0xf96df7fe,
0x90004633,
0x4621462a,
0xf2bf483d,
0xf8d7fd2b,
0xf8d7309c,
0xf8d7209c,
0x00db4098,
0xf8d7647b,
0x011b309c,
0x1a9b62bb,
0x4613643b,
0x44136c3a,
0x230060bb,
0x3088f8c7,
0x3718f8d4,
0x6d3a653b,
0x40932301,
0x2088f8d7,
0xdb5d429a,
0x1098f8d7,
0x0098f8d7,
0x6d3a6f7b,
0x1714f8d1,
0x0710f8d0,
0xf92cf7fe,
0x2098f8d7,
0x1098f8d7,
0x0098f8d7,
0xf8d269bb,
0xf8d12728,
0xf8d01724,
0xf7fe0720,
0xf8d7f91d,
0xf8d72098,
0xf8d71098,
0x697b0098,
0x2738f8d2,
0x1734f8d1,
0x0730f8d0,
0xf90ef7fe,
0x3084f8d7,
0xf8c73301,
0x2b043084,
0xacb6f47f,
0x2000e4bf,
0xfec8f7fd,
0xf47f2805,
0xe6b5aebe,
0x16bcf8d4,
0x44414658,
0x0801f108,
0x010aea01,
0xfcc8f2bf,
0xf8dae728,
0x465816cc,
0x35014429,
0xf2bf4021,
0xe742fcbf,
0xf0d451b8,
0xf0d4638b,
0xf0d463a4,
0xf0d463e0,
0xf0d45ef8,
0xf0d463fc,
0xf0d463fb,
0xf0d463dc,
0x3088f8d7,
0x60d6f504,
0xc8072b05,
0x2300bfd8,
0x2301bfc8,
0xf7fe4698,
0x6378f8dc,
0x60d8f504,
0xf7fec807,
0x60f8f8d6,
0x60daf504,
0xf7fec807,
0x6638f8d0,
0x60dcf504,
0xf7fec807,
0xf8d4f8ca,
0xf8d45714,
0xf8d76710,
0x46292088,
0x371cf8d4,
0x46306578,
0x6d3a4413,
0xf8acf7fe,
0x1724f8d4,
0x0720f8d4,
0xf8d44643,
0x46892728,
0x0090f8c7,
0xf8a0f7fe,
0x0730f8d4,
0xf8d44643,
0xf8d41734,
0x46822738,
0xf7fe468b,
0x6d3af895,
0x46304629,
0xf89ff7fe,
0xf8cd6d3b,
0x46319008,
0xf8d718ea,
0x93073088,
0xf8d73a01,
0xf04f3090,
0xe88d0900,
0x462b0009,
0x8018f8cd,
0xb014f8cd,
0xa010f8cd,
0x800cf8cd,
0xf2bf487e,
0xf8d7fc49,
0xf8c73088,
0x1d9a9038,
0x9078f8c7,
0xf0024253,
0xf003020f,
0xf8c7030f,
0xbf58906c,
0x6a7b425a,
0x6e3a63fa,
0x9064f8c7,
0x9068f8c7,
0x03c2eb03,
0xf8d761fb,
0xf8c7309c,
0x425b9080,
0xf8d4673b,
0xf8c736b8,
0xf8c79048,
0xf8c79058,
0xf8c7905c,
0x64fb907c,
0x23016cfa,
0x6ffa4093,
0xdb70429a,
0x309cf8d7,
0x0864f04f,
0x2080f8d7,
0x48626fb9,
0x1603fb02,
0xfb086c7b,
0xfbb6f606,
0x4631f6f3,
0xfc06f2bf,
0x6efa6e7b,
0xf2404293,
0x461383ae,
0x189d6aba,
0x1aed6e7b,
0xfb086c7b,
0xfbb8f805,
0x6efbf1f3,
0x0964f04f,
0x42936eba,
0x83a6f240,
0x6aba4613,
0x461d4413,
0x1aed6efb,
0xfb096c7b,
0xf8d7f905,
0xfbb92088,
0x6f7bf9f3,
0xf0033318,
0x429a030f,
0x8396f040,
0xf8d72e1e,
0xf04f3094,
0xbf9832ff,
0xf8c74613,
0x6bbb3094,
0x4843b133,
0xfbcef2bf,
0x48424649,
0xfbcaf2bf,
0xf2bf4841,
0x6b7bfbc7,
0xf8d46cfa,
0xf8d416b4,
0xf7fd06b0,
0xf504ffeb,
0x68fb60d8,
0xf7fdc807,
0xf504ffe5,
0x6a7b60de,
0xf7fdc807,
0xf504ffdf,
0x693b60e0,
0xf7fdc807,
0xf8d7ffd9,
0x33013088,
0x3088f8c7,
0x6ffbe693,
0x66bcf8d4,
0xa6b0f8d4,
0xb6b4f8d4,
0x4633441e,
0x46596cfa,
0xf7fd4650,
0xf8d4ffc5,
0x633b36c0,
0x36c8f8d4,
0xf8d462fb,
0x6ffb56cc,
0x86c4f8d4,
0x6afa441d,
0x4641462b,
0xf7fd6b38,
0xf8d4ffb3,
0xf8c736d0,
0x22ff3090,
0x46182300,
0x1090f8b7,
0xf9bef2bf,
0x36e0f8d4,
0x308cf8c7,
0x230022ff,
0xf8b74618,
0xf2bf108c,
0xf7fdf9b3,
0x6dfbfffd,
0xf0402801,
0x3301819c,
0x813ff040,
0xf2bf4811,
0x1e73fb65,
0x6cfa4650,
0x26004659,
0xff8af7fd,
0x6afa1e6b,
0x6b384641,
0xf7fd4635,
0xf8d4ff83,
0x2301a6d8,
0xf20afa03,
0xdb0d4295,
0xe08965bb,
0xf0d4642f,
0xf0d45f46,
0xf0d45f44,
0xf0d45f4e,
0xf0d465a1,
0xf0d45f23,
0x36d4f8d4,
0x65bb4652,
0x36dcf8d4,
0x18eb6db9,
0x0090f8d7,
0xf7fd62fb,
0xf8d4ff61,
0x633b36e8,
0x36ecf8d4,
0xb6e4f8d4,
0x0803eb05,
0x46436b3a,
0xf8d74659,
0xf7fd008c,
0xf7fdff51,
0x2801ffb1,
0x80ecf040,
0xd1303601,
0x46526afb,
0x26006db9,
0xf8d73b01,
0xf7fd0090,
0xf108ff41,
0x6b3a33ff,
0xf8d74659,
0xf7fd008c,
0xf8d4ff39,
0x230186f8,
0xf308fa03,
0xda18429e,
0x36fcf8d4,
0xf8d44642,
0x443316f4,
0x06f0f8d4,
0xff28f7fd,
0x60e0f504,
0x370cf8d4,
0x4433c807,
0xff20f7fd,
0xff80f7fd,
0xf0402801,
0xf1c680b7,
0xb10d0908,
0x00ed3d01,
0x309cf8d7,
0x489d444d,
0xbfb8429d,
0xbfa81b5d,
0x46292500,
0xfadef2bf,
0x46526e3b,
0xf8d76db9,
0xf7fd0090,
0x6d7bff03,
0x46596b3a,
0x008cf8d7,
0xfefcf7fd,
0x6f3a6fbb,
0x67bb442b,
0x309cf8d7,
0x1b4b1899,
0x2301667b,
0x65bb461e,
0x2b0f6ffb,
0x80c4f040,
0x2b006cbb,
0x80c0f040,
0x2b006dbb,
0x80bcf000,
0xf8d46cbd,
0x230186d8,
0xf308fa03,
0xda5c429d,
0x36d4f8d4,
0x633b4642,
0x36dcf8d4,
0x18eb6b39,
0x0090f8d7,
0xf7fd62fb,
0xf8d4fecf,
0xf8d4a6e4,
0xf8d4b6e8,
0x465136ec,
0xf8d7465a,
0x18eb008c,
0xf7fd623b,
0xf7fdfec1,
0x2801ff21,
0x8083f000,
0xd1192e01,
0x46426afb,
0x3b016b39,
0x0090f8d7,
0xfeb2f7fd,
0x465a6a3b,
0x3b014651,
0x008cf8d7,
0xfeaaf7fd,
0x66f8f8d4,
0xf04f464a,
0x23010900,
0x459940b3,
0x4691db4d,
0x3d01b10d,
0xf8d700ed,
0x444d309c,
0x429d4860,
0x461dbfa8,
0xf2bf4629,
0x6e3bfa67,
0x6b394642,
0x0090f8d7,
0xfe8cf7fd,
0x465a6d7b,
0xf8d74651,
0xf7fd008c,
0x6fbbfe85,
0x67bb442b,
0x18eb6c3b,
0x6e3b66bb,
0x26d8f8d4,
0x16d4f8d4,
0x0090f8d7,
0xfe76f7fd,
0xf8d46d7b,
0xf8d426e8,
0xf8d716e4,
0xf7fd008c,
0x6ffbfe6d,
0x209cf8d7,
0x67fb3301,
0x44136f3b,
0xe619673b,
0xf04f3601,
0xe7280900,
0xd1042d0f,
0xf2bf4843,
0x6f3bfa2f,
0x3501667b,
0x36fff04f,
0x2600e6d3,
0xf8d4e762,
0x463236fc,
0x16f4f8d4,
0xf8d4444b,
0xf7fd06f0,
0xf504fe49,
0xf8d460e0,
0xc807370c,
0xf7fd444b,
0xf7fdfe41,
0x2801fea1,
0xf109d19c,
0x22080901,
0x2d0fe793,
0xf8d7d10b,
0x482e109c,
0xfa06f2bf,
0x3080f8d7,
0xf8c73301,
0x6c3b3080,
0x350166bb,
0xe7462601,
0x6f7a6bfb,
0xd11e4293,
0x33066ffb,
0xf003425a,
0xf002030f,
0xbf58020f,
0x6b7a4253,
0xd1124293,
0xf2bf4821,
0xf8d7f9e9,
0x69fa3080,
0xf8c73301,
0xf8d73080,
0x189d309c,
0x18eb6f3b,
0x230166fb,
0x65fb63bb,
0x4819e785,
0xf9d6f2bf,
0x3080f8d7,
0xf8c73301,
0x23013080,
0x2b01e7f3,
0x8145f040,
0x3080f8d7,
0x3b014812,
0x3080f8c7,
0xf9c4f2bf,
0x6cfa1e73,
0x46504659,
0xf7fd2600,
0x1e6bfde9,
0x6afa4641,
0x46356b38,
0xfde2f7fd,
0x86d8f8d4,
0xfa032301,
0x4295f208,
0x64bbdb0c,
0xbf00e06c,
0xf0d45f27,
0xf0d45f2d,
0xf0d45f35,
0xf0d45f39,
0xf0d45f23,
0x36d4f8d4,
0x64bb4642,
0x36dcf8d4,
0x18eb6cb9,
0x0090f8d7,
0xf7fd633b,
0xf8d4fdc1,
0xf8d4a6e4,
0xf8d4b6e8,
0x465136ec,
0xf8d7465a,
0x18eb008c,
0xf7fd62fb,
0xf7fdfdb3,
0x2801fe13,
0x80eaf000,
0xd11a2e01,
0x46426b3b,
0x3b016cb9,
0x0090f8d7,
0xfda4f7fd,
0x465a6afb,
0x3b014651,
0x008cf8d7,
0xfd9cf7fd,
0x66f8f8d4,
0xf04f464a,
0x23010900,
0x459940b3,
0x80b3f2c0,
0xb10d4691,
0x00ed3d01,
0x309cf8d7,
0x48a6444d,
0x36fff04f,
0xbfa8429d,
0x4629461d,
0xf956f2bf,
0x46426e3b,
0xf8d76cb9,
0xf7fd0090,
0x6d7bfd7b,
0x4651465a,
0x008cf8d7,
0xfd74f7fd,
0x442b6fbb,
0x6f3b67bb,
0x66bb18eb,
0x64bb2301,
0x2b0f6ffb,
0x80c6f040,
0x2b006dbb,
0x80c2f040,
0x2b006cbb,
0x80bef000,
0xf8d46dbd,
0x2301a6d8,
0xf30afa03,
0xf6bf429d,
0xf8d4aed8,
0x465236d4,
0xf8d4633b,
0x6b3936dc,
0xf8d718eb,
0x623b0090,
0xfd4af7fd,
0x36e8f8d4,
0xf8d462fb,
0xf8d436ec,
0xeb05b6e4,
0x6afa0803,
0x46594643,
0x008cf8d7,
0xfd3af7fd,
0xfd9af7fd,
0xf0402801,
0x36018088,
0x6a3bd12f,
0x6b394652,
0x3b012600,
0x0090f8d7,
0xfd2af7fd,
0x33fff108,
0x46596afa,
0x008cf8d7,
0xfd22f7fd,
0x86f8f8d4,
0xfa032301,
0x429ef308,
0xf8d4da17,
0x464236fc,
0x16f4f8d4,
0xf8d44433,
0xf7fd06f0,
0xf504fd11,
0xf8d460e0,
0xc807370c,
0xf7fd4433,
0xf7fdfd09,
0x2801fd69,
0xf1c6d153,
0xb10d0908,
0x00ed3d01,
0x309cf8d7,
0x485f444d,
0xbfb8429d,
0xbfa81b5d,
0x46292500,
0xf8c8f2bf,
0x46526e3b,
0xf8d76b39,
0xf7fd0090,
0x6d7bfced,
0x46596afa,
0x008cf8d7,
0xfce6f7fd,
0x442b6fbb,
0x68bb67bb,
0x667b1b5b,
0xf8d4e65f,
0x463236fc,
0x16f4f8d4,
0xf8d4444b,
0xf7fd06f0,
0xf504fcd5,
0xf8d460e0,
0xc807370c,
0xf7fd444b,
0xf7fdfccd,
0x2801fd2d,
0xaf37f47f,
0x0901f109,
0xe72c2208,
0xd10b2d0f,
0x109cf8d7,
0xf2bf4840,
0xf8d7f891,
0x33013080,
0x3080f8c7,
0x66bb6f3b,
0x26013501,
0x2600e6d2,
0x3601e744,
0x0900f04f,
0x2d0fe78c,
0x4837d104,
0xf87cf2bf,
0x667b6c3b,
0xf04f3501,
0xe74436ff,
0x6f7a6bfb,
0xd11a4293,
0x33066ffb,
0xf003425a,
0xf002030f,
0xbf58020f,
0x6b7a4253,
0xd10e4293,
0xf2bf482b,
0xf8d7f863,
0x69fa309c,
0x6f3b189d,
0x66fb18eb,
0x63bb2301,
0x33fff04f,
0x4825e67b,
0xf854f2bf,
0x6efbe7f8,
0x1a9d6e7a,
0xfb086c7b,
0xfbb5f505,
0xe452f1f3,
0x6efa6ebb,
0xe45b1a9d,
0xf8d76f7b,
0x331c2088,
0x030ff003,
0xf43f429a,
0x6f7bac61,
0x2088f8d7,
0xf0033319,
0x429a030f,
0xac58f43f,
0xf8d76f7b,
0x331b2088,
0x030ff003,
0xf43f429a,
0x6f7bac4f,
0x2088f8d7,
0xf003330a,
0x429a030f,
0xac4ff47f,
0xd9042e1e,
0xd902290b,
0x0f0bf1b9,
0xf04fe43f,
0xe44233ff,
0xf2bf4806,
0xf7fff815,
0xbf00b806,
0xf0d45f27,
0xf0d45f2d,
0xf0d45f3d,
0xf0d45f41,
0xf0d4647b,
0xf04f48c8,
0xf2bf0a00,
0xf8c7f803,
0x2000a09c,
0xf9f0f7fd,
0xf0402801,
0xf8d78165,
0x2b01309c,
0xaff0f63e,
0x309cf8d7,
0x4bbf01dd,
0xf8d4195c,
0xf8d43928,
0xf8d46924,
0x461a9920,
0xf8c74631,
0x46483098,
0xfc1ff7fd,
0xf5044683,
0xc8076017,
0xfc19f7fd,
0xf5046338,
0xc8076018,
0xfc13f7fd,
0x627822ff,
0x218ef240,
0xf2be2000,
0xf8d7fe09,
0xf000109c,
0x48ad037f,
0xf2be62fb,
0xf8d4ffc9,
0x46493934,
0x8938f8d4,
0x2098f8d7,
0x44439303,
0x3b0118b2,
0x3a019302,
0x3930f8d4,
0x46339301,
0xb000f8cd,
0x48a22600,
0xffb2f2be,
0xfa032301,
0xf8dff808,
0xf8d49284,
0xf108393c,
0x18f138ff,
0xea014648,
0x36010108,
0x3098f8c7,
0xffa0f2be,
0xf8d72e10,
0xd1f23098,
0x3944f8d4,
0x6948f8d4,
0x1940f8d4,
0x199a2400,
0x3a014892,
0xff90f2be,
0xfa032301,
0x4b8cf606,
0x441d3e01,
0x894cf8d5,
0xeb044d8d,
0x46280108,
0x34014031,
0xff80f2be,
0xd1f62c10,
0xf2be4889,
0xea4fff7b,
0x65bb03cb,
0x130bea4f,
0xeba363bb,
0xf8d7030b,
0x657b209c,
0x61fb445b,
0x67fb2300,
0xeb034b7b,
0xf60414c2,
0x61bb1338,
0x3938f8d4,
0x697a617b,
0x1934f8d4,
0x0930f8d4,
0xfb97f7fd,
0xf50464f8,
0xc8076014,
0xfb91f7fd,
0xf5046238,
0xc8076015,
0xfb8bf7fd,
0xf5046738,
0xc8076016,
0xfb85f7fd,
0x66786ffb,
0xf3402b0c,
0x009e80c9,
0x7684f5c6,
0x057ff006,
0x46292000,
0x0900f04f,
0xfafcf2bc,
0x3994f8d4,
0x2998f8d4,
0x441a6ff9,
0x3a019101,
0xf8d49600,
0x48631990,
0xff2cf2be,
0x6f3a6afb,
0x6b3b1b5d,
0xf8c72d00,
0xbfb89050,
0xf8c7426d,
0xeb039088,
0x637b03c2,
0x0300f1cb,
0x3084f8c7,
0x62bd69bb,
0x9080f8c7,
0xf8c7681b,
0xf8c79074,
0xf8c79078,
0xf8c79098,
0xf8c7905c,
0xf8c79068,
0xf8c7906c,
0x663b908c,
0x23016e3a,
0xf8d74093,
0x429a208c,
0x80a0f2c0,
0x3098f8d7,
0xf8d72664,
0x48492088,
0x210bfb03,
0x43716dbb,
0xf1f3fbb1,
0xfef0f2be,
0xb3336d3b,
0xf8d76f7b,
0x42932080,
0x841cf0c0,
0x6bba4613,
0x6f7b189d,
0x6dbb1aed,
0xfbb6436e,
0x483df1f3,
0xfedcf2be,
0x3080f8d7,
0x21646fba,
0xf0c04293,
0x46138413,
0x44136bba,
0xf8d7461d,
0x1aed3080,
0x6dbb4369,
0xfbb14834,
0xf2bef1f3,
0x4833fec7,
0xfec4f2be,
0x6e3a6cfb,
0x1934f8d4,
0x0930f8d4,
0xfae8f7fd,
0x6014f504,
0xc8076a3b,
0xfae2f7fd,
0x6017f504,
0xc8076b3b,
0xfadcf7fd,
0x6018f504,
0xc8076a7b,
0xfad6f7fd,
0x33016ffb,
0x2b1367fb,
0xaf41f47f,
0x20006af9,
0xfa62f2bc,
0x309cf8d7,
0xf8c73301,
0x2b04309c,
0xae97f47f,
0xbe90f7fe,
0xf7fd2000,
0x2804f885,
0xae95f43f,
0xf7fd2000,
0x2802f87f,
0xf8d7d107,
0x2b02309c,
0x2302bf38,
0x309cf8c7,
0x2000e68c,
0xf872f7fd,
0xf47f2805,
0xe7f0ae87,
0x699cf8d4,
0xeba66ffb,
0xe7330683,
0xf0d464a8,
0xf0d451b8,
0xf0d4638b,
0xf0d463a4,
0xf0d463e0,
0xf0d463dc,
0xf0d45ef8,
0xf0d464c2,
0xf0d45f46,
0xf0d45f44,
0xf0d45f4e,
0xf0d465a1,
0x3930f8d4,
0xf8d464bb,
0x647b3934,
0x693cf8d4,
0x308cf8d7,
0x441e6e3a,
0x46336c79,
0xf7fd6cb8,
0xf8d4fa79,
0x643b3940,
0x3948f8d4,
0xf8d463fb,
0xf8d7594c,
0xf8d4308c,
0x441d8944,
0x462b6bfa,
0x6c384641,
0xfa66f7fd,
0x3950f8d4,
0x3094f8c7,
0x230022ff,
0xf8b74618,
0xf2be1094,
0xf8d4fc71,
0xf8c73960,
0x22ff3090,
0x46182300,
0x1090f8b7,
0xfc66f2be,
0xfab0f7fd,
0x28016efb,
0x81b8f040,
0xf0403301,
0x48d080a2,
0xfe18f2be,
0x6e3a1e73,
0x6cb86c79,
0xfa3ef7fd,
0x6bfa1e6b,
0x6c384641,
0xf7fd2500,
0xf8d4fa37,
0x66bb3958,
0x23016eba,
0xf202fa03,
0xdb014295,
0xe08666bb,
0x3954f8d4,
0xf8d464bb,
0x6eba395c,
0x6cb9442b,
0x0094f8d7,
0xfa20f7fd,
0x3964f8d4,
0xf8d4647b,
0x643b3968,
0x396cf8d4,
0x442b6c3a,
0xf8d76c79,
0xf7fd0090,
0xf7fdfa11,
0x2801fa71,
0x810af040,
0x3ffff1ba,
0xf8d7d13a,
0x26a0309c,
0x0800f04f,
0x4baf461a,
0x3602fb06,
0x60daf506,
0x36dcf8d6,
0x442bc807,
0xf7fd3b01,
0xf8d6f9f7,
0xf50636ec,
0x442b60dc,
0xc8073b01,
0xf9eef7fd,
0xa6f8f8d6,
0xfa032301,
0x4598f30a,
0xf8d6da18,
0x465236fc,
0x16f4f8d6,
0xf8d64443,
0xf7fd06f0,
0xf506f9dd,
0xf8d660e0,
0xc807370c,
0xf7fd4443,
0xf7fdf9d5,
0x2801fa35,
0x80c7f040,
0x0908f1c8,
0x3d01b10d,
0x444d00ed,
0xf280455d,
0xebab80c3,
0x46290505,
0xf2be4890,
0x6f3bfd95,
0x6cb96eba,
0x0094f8d7,
0xf9baf7fd,
0x6c796e7b,
0xf8d76c3a,
0xf7fd0090,
0xf8d7f9b3,
0x442b3088,
0x3088f8c7,
0x3084f8d7,
0x010beb03,
0x677b1b4b,
0x469a2301,
0xf8d766bb,
0x2b0f308c,
0x80d5f040,
0x2b006dfb,
0x80d1f040,
0x2b006ebb,
0x80cdf000,
0xf8d46dfd,
0x23018958,
0xf308fa03,
0xda69429d,
0x3954f8d4,
0x64bb4642,
0x395cf8d4,
0x442b6cb9,
0x0094f8d7,
0xf984f7fd,
0x3964f8d4,
0xf8d4647b,
0x643b3968,
0x396cf8d4,
0x442b6c3a,
0xf8d76c79,
0xf7fd0090,
0xf7fdf975,
0x2801f9d5,
0x8094f000,
0x0f01f1ba,
0xf8d7d123,
0x26a0309c,
0x4b62461a,
0x3602fb06,
0x60daf506,
0x36dcf8d6,
0x442bc807,
0xf7fd3b01,
0xf8d6f95d,
0xf50636ec,
0x442b60dc,
0xc8073b01,
0xf954f7fd,
0xa6f8f8d6,
0xf04f464a,
0x23010900,
0xf30afa03,
0xdb534599,
0xb10d4691,
0x00ed3d01,
0x4851444d,
0xf04f455d,
0xbfa83aff,
0x4629465d,
0xfd10f2be,
0x46426f3b,
0xf8d76cb9,
0xf7fd0094,
0x6e7bf935,
0x6c796c3a,
0x0090f8d7,
0xf92ef7fd,
0x3088f8d7,
0xf8c7442b,
0x6d7b3088,
0x67bb18eb,
0xf8d46f3b,
0xf8d42958,
0xf8d71954,
0xf7fd0094,
0x6e7bf91d,
0x2968f8d4,
0x1964f8d4,
0x0090f8d7,
0xf914f7fd,
0x308cf8d7,
0xf8c73301,
0xf8d7308c,
0x445b3084,
0x3084f8c7,
0xf108e5d6,
0xf04f0801,
0xe7170900,
0xe73c2500,
0xd1052d0f,
0xf2be482f,
0xf8d7fcd1,
0x677b3084,
0xf04f3501,
0xe6c13aff,
0x36fcf8d6,
0xf8d64652,
0x444b16f4,
0x06f0f8d6,
0xf8ecf7fd,
0x60e0f506,
0x370cf8d6,
0x444bc807,
0xf8e4f7fd,
0xf944f7fd,
0xd1962801,
0x0901f109,
0xe78c2208,
0xd10a2d0f,
0x481b4659,
0xfcaaf2be,
0x3098f8d7,
0xf8c73301,
0x6d7b3098,
0x350167bb,
0x0a01f04f,
0x6abbe735,
0xdc2b2b02,
0x308cf8d7,
0x425a3306,
0x030ff003,
0x020ff002,
0x4253bf58,
0x42936cfa,
0x480ed11e,
0xfc8cf2be,
0x3098f8d7,
0xf8c73301,
0x6b7b3098,
0x050beb03,
0x3084f8d7,
0xf8c718eb,
0x23013080,
0x66fb653b,
0xbf00e780,
0xf0d45f23,
0xf0d451b8,
0xf0d45f27,
0xf0d45f2d,
0xf0d45f35,
0xf2be48ca,
0xf8d7fc6d,
0x33013098,
0x3098f8c7,
0xe7e82301,
0xf0402b01,
0xf8d7808c,
0x48c43098,
0xf8c73b01,
0xf2be3098,
0x1e73fc5b,
0x6c796e3a,
0xf7fd6cb8,
0x1e6bf881,
0x6bfa4641,
0x25006c38,
0xf87af7fd,
0x8958f8d4,
0xfa032301,
0x4295f208,
0x65fbdb01,
0xf8d4e06d,
0x46423954,
0xf8d465fb,
0x6df9395c,
0xf8d7442b,
0xf7fd0094,
0xf8d4f865,
0x64bb3964,
0x3968f8d4,
0xf8d4647b,
0x6c7a396c,
0x6cb9442b,
0x0090f8d7,
0xf856f7fd,
0xf8b6f7fd,
0xf0002801,
0xf1ba8102,
0xd1240f01,
0x309cf8d7,
0x461a26a0,
0xfb064ba3,
0xf5063602,
0xf8d660da,
0xc80736dc,
0x3b01442b,
0xf83ef7fd,
0x36ecf8d6,
0x60dcf506,
0x3b01442b,
0xf7fdc807,
0xf8d6f835,
0x464aa6f8,
0x0900f04f,
0xfa032301,
0x4599f30a,
0x80c0f2c0,
0xb10d4691,
0x00ed3d01,
0x4892444d,
0xf04f455d,
0xbfa83aff,
0x4629465d,
0xfbf0f2be,
0x46426f3b,
0xf8d76df9,
0xf7fd0094,
0x6e7bf815,
0x6cb96c7a,
0x0090f8d7,
0xf80ef7fd,
0x3088f8d7,
0xf8c7442b,
0xf8d73088,
0x442b3084,
0x230167bb,
0xf8d765fb,
0x2b0f308c,
0x80d3f040,
0x2b006ebb,
0x80cff040,
0x2b006dfb,
0x80cbf000,
0xf8d46ebd,
0x64bb3958,
0x23016cba,
0x429d4093,
0xaec6f6bf,
0x3954f8d4,
0xf8d4647b,
0x6cba395c,
0x6c79442b,
0x0094f8d7,
0xffe0f7fc,
0x3964f8d4,
0xf8d4643b,
0x63fb3968,
0x396cf8d4,
0x442b6bfa,
0xf8d76c39,
0xf7fc0090,
0xf7fdffd1,
0x2801f831,
0x8096f040,
0x3ffff1ba,
0xf8d7d139,
0x26a0309c,
0x0800f04f,
0x4b60461a,
0x3602fb06,
0x60daf506,
0x36dcf8d6,
0x442bc807,
0xf7fc3b01,
0xf8d6ffb7,
0xf50636ec,
0x442b60dc,
0xc8073b01,
0xffaef7fc,
0xa6f8f8d6,
0xfa032301,
0x4598f30a,
0xf8d6da17,
0x465236fc,
0x16f4f8d6,
0xf8d64443,
0xf7fc06f0,
0xf506ff9d,
0xf8d660e0,
0xc807370c,
0xf7fc4443,
0xf7fcff95,
0x2801fff5,
0xf1c8d153,
0xb10d0908,
0x00ed3d01,
0x455d444d,
0xebabda50,
0x46290505,
0xf2be4842,
0x6f3bfb57,
0xf04f6cba,
0x6c790a01,
0x0094f8d7,
0xff7af7fc,
0x6bfa6e7b,
0xf8d76c39,
0xf7fc0090,
0xf8d7ff73,
0x442b3088,
0x3088f8c7,
0x1b5b69fb,
0xe643677b,
0x36fcf8d6,
0xf8d64652,
0x444b16f4,
0x06f0f8d6,
0xff60f7fc,
0x60e0f506,
0x370cf8d6,
0x444bc807,
0xff58f7fc,
0xffb8f7fc,
0xf47f2801,
0xf109af2a,
0x22080901,
0x2d0fe71e,
0x4659d10b,
0xf2be4825,
0xf8d7fb1d,
0x33013098,
0x3098f8c7,
0x3084f8d7,
0x350167bb,
0x0a01f04f,
0xf108e6c4,
0xf04f0801,
0xe78b0900,
0xe7ae2500,
0xd1042d0f,
0xf2be481a,
0x6d7bfb05,
0x3501677b,
0x3afff04f,
0x6abbe738,
0xdc1c2b02,
0x308cf8d7,
0x425a3306,
0x030ff003,
0x020ff002,
0x4253bf58,
0x42936cfa,
0x480fd10f,
0xfaecf2be,
0xeb036b7b,
0xf8d7050b,
0x18eb3084,
0x3080f8c7,
0x653b2301,
0x33fff04f,
0x4808e661,
0xfadcf2be,
0xbf00e7f8,
0xf0d45f39,
0xf0d45f23,
0xf0d451b8,
0xf0d45f27,
0xf0d45f2d,
0xf0d45f3d,
0xf0d45f41,
0x3080f8d7,
0x1a9d6f7a,
0x43756dbb,
0xf1f3fbb5,
0xbbe3f7ff,
0xf8d76fbb,
0x1a9d2080,
0xbbeef7ff,
0xf7fc2000,
0x2804fcab,
0xaac2f43e,
0xf7fc2000,
0x2802fca5,
0x80abf040,
0x459a2302,
0x469abf38,
0xeb034bca,
0xf8d5158a,
0xf8d54b44,
0xf8d5bb40,
0x46213b48,
0x309cf8c7,
0xf8d74658,
0x18e3209c,
0x65bb3b01,
0xfed3f7fc,
0x3b50f8d5,
0x3084f8c7,
0xf8d54680,
0xf8c73b54,
0xf8d53094,
0xf8d73b58,
0x461a1094,
0x0084f8d7,
0x3090f8c7,
0xfebff7fc,
0x3b20f8d5,
0xf8c74681,
0xf8d5308c,
0xf8c73b24,
0xf8d53098,
0xf8c73b28,
0xf8d73088,
0xf8d73098,
0x46192088,
0x008cf8d7,
0xf7fc189e,
0xf8d7fea8,
0x3e013098,
0x46599307,
0x308cf8d7,
0x2090f8d7,
0xf8d79305,
0x93033094,
0x90084413,
0x93023b01,
0x3084f8d7,
0x93019606,
0xf8cd4623,
0x6dba8000,
0x9010f8cd,
0xf2be489e,
0xf8d7fa4f,
0x4621209c,
0xf7fc4658,
0x4651fe84,
0x0080f8c7,
0xf2be4899,
0x4632fa43,
0x3098f8d7,
0xf8d72600,
0x4896108c,
0xfa3af2be,
0x2088f8d7,
0x40932301,
0xf10367bb,
0x6fbb38ff,
0xdb31429e,
0xf2be4890,
0xf8d7fa2d,
0x2301209c,
0x6fba4093,
0x2302647b,
0xf3f3fb92,
0x2308657b,
0x230066bb,
0x461d67fb,
0xeb034b83,
0x6c7b168a,
0xdb23429d,
0x3080f8d7,
0xf8d74621,
0x4658209c,
0xfe3cf7fc,
0x0a01f10a,
0xf2bd2000,
0xf1baff7a,
0xf47e0f04,
0xf7feaa0d,
0x2000ba15,
0xfbf4f7fc,
0xf47f2805,
0xe74daf53,
0x1b2cf8d5,
0x44314877,
0xea083601,
0xf2be0101,
0xe7c0f9f5,
0x2090f8d7,
0x0900f04f,
0x1094f8d7,
0x0084f8d7,
0xfe25f7fc,
0x3b4cf8d6,
0x46216638,
0xf8d7442b,
0x4658209c,
0xfe0cf7fc,
0x209cf8d7,
0x46584621,
0xfe15f7fc,
0x90004623,
0x6dba4659,
0xf2be4865,
0xf8d7f9d3,
0x454b3090,
0x2000d113,
0xf2bd3501,
0x485eff3a,
0xf9c8f2be,
0xf8d76e3b,
0xf8d72090,
0xf8d71094,
0xf7fc0084,
0x2000fdeb,
0xff2bf2bd,
0xf8d7e79f,
0xf8d72088,
0xf8d71098,
0xf7fc008c,
0xf8d6fdee,
0x67783b5c,
0x2090f8d7,
0x0349eb03,
0x1094f8d7,
0x0084f8d7,
0xf7fc673b,
0x6f7bfdd1,
0xf003330c,
0x65fb030f,
0x2b033b09,
0xf8d7d820,
0x3b013080,
0xbfb82b00,
0x653b425b,
0x64fb2303,
0x0f00f1b9,
0xbf086d7b,
0x64bb2300,
0x66fb2300,
0x6d7b6efa,
0xdc174293,
0xf1096f7b,
0xf8d70901,
0xf8d72088,
0xf8d71098,
0xf7fc008c,
0xe7a8fda9,
0x3b056dfb,
0xf04f2b07,
0xbf980301,
0x64fb2303,
0x3080f8d7,
0xe7db653b,
0xf8d66efa,
0xf8d73b2c,
0x44131098,
0xf8d76cba,
0x4413008c,
0xf1026fba,
0xf8d738ff,
0xea082088,
0x46430803,
0xfd88f7fc,
0xf2bd2000,
0x6d3bfec8,
0xd109429d,
0x6cfa6f3b,
0xd1054293,
0x6dfa6ffb,
0xbf084542,
0x67fb2301,
0xfdd8f7fc,
0x3080f8d7,
0xd1172801,
0xd113429d,
0x6f3a6e3b,
0xd10f4293,
0x45436f7b,
0x481ad10c,
0xf93af2be,
0x2b016ffb,
0x6ebbd11a,
0xdb172b00,
0x3b016ebb,
0xe01366bb,
0xe7f14814,
0xd112429d,
0x6f3a6e3b,
0xd10e4293,
0x45436f7b,
0x4810d10b,
0xf922f2be,
0x2b016ffb,
0x6ebbd102,
0xda1b2b00,
0x33016efb,
0x480be78b,
0xbf00e7f2,
0xf0d451b8,
0xf0d464e0,
0xf0d46516,
0xf0d46543,
0xf0d465a1,
0xf0d46556,
0xf0d4655a,
0xf0d45f35,
0xf0d45f39,
0xf0d45f3d,
0xf0d45f41,
0x33fff04f,
0xe7c7667b,
0xf2be4803,
0xf7fef8f9,
0x4802b915,
0xb919f7fe,
0xf0d46585,
0xf0d465a4,
0xb5804b0d,
0x681baf00,
0xd50f0658,
0x490c4b0b,
0xf042681a,
0x601a0201,
0x60114a07,
0x07c96811,
0x681ad4fc,
0x0201f022,
0xbd80601a,
0xf920f002,
0xd1eb2800,
0xbf00bd80,
0xf0240000,
0xf0230070,
0x5a960f00,
0x22014b03,
0xaf00b580,
0x2211601a,
0xbd80611a,
0xf0b70000,
0xf0004b14,
0xb580003f,
0x33302200,
0x50c0f440,
0xf843af00,
0x21012c30,
0x0c2cf843,
0x601a681a,
0x60114a0d,
0x07c96819,
0x6811d5fc,
0x0110f041,
0x06c86011,
0x6819d40c,
0xd5fc0789,
0x68084907,
0x60112100,
0x07d2681a,
0x681ad4fc,
0xbd80601a,
0xe7ee6811,
0xf0160000,
0xf0160020,
0xf0160008,
0xe92d4bb5,
0xb08447f0,
0xaf02681b,
0xbf082b0c,
0xbf182001,
0xf0012000,
0xf001ee84,
0x48affeaf,
0x603b2300,
0xf04f607b,
0x30104171,
0x3c03f810,
0x2c04f810,
0xeb03041b,
0xf8106302,
0x44132c01,
0x2c02f810,
0x2202eb03,
0xf8eff002,
0x4371f04f,
0x4604603b,
0x46384ba2,
0x607a69da,
0xf0028a9d,
0xb280f8d3,
0xd1024285,
0x429c687b,
0x489dd002,
0xf9def002,
0x25004b9c,
0x489c2250,
0x601d4e9c,
0x609a605d,
0xf850f2be,
0x22aa4b9a,
0x601a489a,
0x605a22ea,
0x609a2216,
0x68134a98,
0x7380f443,
0x4b976013,
0xf2be681c,
0x4896f83f,
0x0107f004,
0x71e4f201,
0xf838f2be,
0xf2be4893,
0xf3c4f835,
0x489001c3,
0xf830f2be,
0xf2be488f,
0xf3c4f82d,
0x488c11c4,
0xf828f2be,
0xf2be488b,
0xf3c4f825,
0x4888310f,
0xf820f2be,
0xf2be4888,
0x4888f81d,
0xf81af2be,
0x69b24b87,
0x02d3611d,
0x829ff140,
0x3302f3c2,
0x32c4f3c2,
0x5370f103,
0xf5034c82,
0x009b3380,
0x23016819,
0xf202fa03,
0x420a4b7f,
0x461cbf18,
0xf04f6863,
0xfb080860,
0x4b7cf803,
0xea4f4598,
0xbf984958,
0xbf882300,
0x46982301,
0x681b4b78,
0xd503011d,
0xf44f4a77,
0x60112170,
0xd50300d8,
0xf44f4a74,
0x60110170,
0xd5030099,
0xf04f4a71,
0x60116170,
0xd503005a,
0xf04f4a6e,
0x60114170,
0xda032b00,
0xf44f4a6b,
0x60114170,
0xd503025d,
0xf44f4a69,
0x60112170,
0xd5030218,
0xf44f4a66,
0x60110170,
0xd50301d9,
0xf04f4a63,
0x60116170,
0xd503019a,
0xf04f4a60,
0x60114170,
0xd503015b,
0xf44f4b5d,
0x601a4270,
0x469a4b5c,
0xf412681a,
0xf0401f40,
0x4a5a8289,
0x05dd6813,
0x4b59d5fc,
0xf44f2210,
0x4d5870fa,
0xf002601a,
0x4b57f807,
0x48572203,
0x4a57601a,
0xf0436813,
0x60130340,
0xff98f2bd,
0x3000f8da,
0x0303f023,
0x0301f043,
0x3000f8ca,
0xf022682a,
0x602a0213,
0xf042682a,
0x602a0220,
0xf042682a,
0x602a0214,
0x0718682b,
0x4849d5fc,
0xf902f002,
0x2214682b,
0xf0432115,
0x483e0308,
0x2300602b,
0xfe58f2bd,
0x79224b43,
0x7962601a,
0x79a2605a,
0x4b2b609a,
0x601a4a40,
0xf01369b3,
0xd0130f70,
0xf3c34a3e,
0x21801302,
0xf1a22b05,
0x483c0204,
0x2305bf88,
0x60136051,
0x4b3a2215,
0x69b1601a,
0x1102f3c1,
0xff52f2bd,
0x2300221c,
0x48364611,
0xfe30f2bd,
0x2301221c,
0x48334611,
0xfe2af2bd,
0x48322301,
0x4619461a,
0xf2bd4d31,
0x4621fe23,
0x22042310,
0xe88d2000,
0xf2bb0300,
0x68a3fbcd,
0x481c2214,
0xf04f0059,
0xbf480115,
0xbf582301,
0xf2bd2302,
0x2213fe0f,
0xe04b2301,
0xf0d5c000,
0xf0d46f28,
0xf0d40000,
0xf0d465ae,
0xf02346a0,
0xf0d465b9,
0xf0d40070,
0xf02347e0,
0xf0d465c2,
0xf0230000,
0xf0d40078,
0xf0d465d3,
0xf0d465d6,
0xf0d45fb5,
0xf0d465d8,
0xf0d40fa4,
0xf0d40300,
0xf0d40458,
0x10abffff,
0xf0160034,
0xf0160048,
0xf0160050,
0xf0020010,
0xf0230004,
0xf0234344,
0xf02300b0,
0xf0234340,
0xf0d465f5,
0xf0234100,
0xf0d465fc,
0xf0234420,
0x0007ffff,
0xf00244d4,
0xf0d465fe,
0xf00244cc,
0xf0020098,
0xf0020094,
0xf018062c,
0x48b44611,
0xfdbcf2bd,
0xf04f4bb3,
0x48b332ff,
0x2301601a,
0x4619461a,
0xfdb2f2bd,
0x2202237f,
0x48af2108,
0xfdacf2bd,
0x73fff64f,
0x2200602b,
0x48ac2103,
0xf0036b63,
0xf2bd030f,
0x2303fda1,
0x211e221c,
0xf2bd48a8,
0x4ba8fd9b,
0x601a68a2,
0x619a69a2,
0x73a2f503,
0x62da4aa5,
0x5273f44f,
0x69e2601a,
0x2cfcf843,
0x68a34aa2,
0x7380f3c3,
0xf0002b00,
0x23108181,
0x23016013,
0x48992208,
0xf2bd4611,
0x4b9cfd7d,
0xf5a34a9c,
0xf8c3739a,
0x68e22134,
0x6922601a,
0x6962605a,
0x6a22611a,
0x213cf8c3,
0xf8c36a62,
0x6f622320,
0x2634f8c3,
0x737af503,
0x601a6ba2,
0x62da6be2,
0x631a6c22,
0x635a6c62,
0x639a6ca2,
0x63da6ce2,
0x641a6d22,
0x645a6d62,
0x075a6fa3,
0x4a89d50d,
0x4b896013,
0x601a6fe2,
0x2080f8d4,
0xf8d4605a,
0x609a2084,
0x2088f8d4,
0x4b8460da,
0xf5a36da2,
0xf8c3737b,
0x6de223ec,
0x23f0f8c3,
0xf8c36e22,
0x6e6223f4,
0x23f8f8c3,
0xf8c36ea2,
0x6ee223fc,
0x2400f8c3,
0xf8c36f22,
0x6aa22404,
0x6ae2601a,
0x68a3605a,
0xd50b011b,
0x4a764b75,
0x4a76601a,
0x4a76605a,
0x4a76609a,
0xf46f60da,
0x615a428a,
0xf8d44b74,
0xf8df208c,
0x601a8214,
0x3090f8d4,
0x7f80f413,
0x69b2d009,
0xd5060556,
0xf2bd486e,
0xf8d4fe25,
0xf4433090,
0xf8c86380,
0x4b6b3000,
0x4a6c496b,
0x4b6c601a,
0x60ca600b,
0x60134a6b,
0x00d868a3,
0x4b6ad506,
0x3210f04f,
0xf602601a,
0x605a0208,
0xf00368a3,
0xf1b34390,
0xd1064f90,
0x3090f8d4,
0xd50205d9,
0x22064b62,
0x2200601a,
0x46112301,
0xf2bd4860,
0x200afcdd,
0xfe5af001,
0x23004e5e,
0x461a485c,
0xf2bd4619,
0x2301fcd3,
0x461a2100,
0xf2bd4608,
0x220dfc2b,
0x46112300,
0xf2bd4857,
0xf44ffcc7,
0xf0017096,
0x2307fe43,
0x60332064,
0xfe3ef001,
0x2301220d,
0x48504611,
0xfcb8f2bd,
0x7016f44f,
0xfe34f001,
0x20642306,
0xf0016033,
0x230efe2f,
0x60332064,
0xfe2af001,
0x23012208,
0x48474611,
0xfca4f2bd,
0x011a68a3,
0x6b63d507,
0x210f220c,
0xf3c34827,
0xf2bd3303,
0x221efc99,
0x46112300,
0xf2bd4828,
0x6b23fc93,
0x483d2212,
0xf3c34611,
0xf2bd4380,
0x6b23fc8b,
0x4839220f,
0xf3c34611,
0xf2bd33c0,
0x68a3fc83,
0xd509011b,
0x218ef240,
0x2000227f,
0xfbcef2bd,
0x20004601,
0xf954f2bb,
0x23004a30,
0x602b480e,
0x60132301,
0x46112215,
0xfc6cf2bd,
0x22092303,
0x482b210a,
0xfc66f2bd,
0xfc90f7ff,
0x3000f8da,
0x1f40f413,
0x4827d004,
0xfd78f2bd,
0xfc6ef7fd,
0x4c25e7fe,
0xbf00e570,
0xf0020074,
0xf002009c,
0xf0020094,
0xf00200a0,
0xf0180384,
0xf0180024,
0xf0180008,
0x03e00042,
0xf0180200,
0xf0180140,
0xde3c78ee,
0xf018063c,
0xf0180644,
0xf0180400,
0xf0180660,
0x42876310,
0x8dcba9f5,
0x42987631,
0x8edcbaf5,
0xf0180670,
0xf0d4660b,
0xf0180544,
0xf0180548,
0xcc00ffff,
0xffff0000,
0xf0180558,
0xf0180680,
0xf01806a4,
0xf0180050,
0xf0180000,
0xf01801f0,
0xf018014c,
0xf0180324,
0xf0010020,
0xf0020080,
0xf0d465e8,
0xf0d40300,
0xf01806a0,
0xf2bd4803,
0xf7fdfd23,
0xe7fefc19,
0xe67f6013,
0xf0d465e8,
0xe92d4800,
0xe28db004,
0xe8bd8800,
0x0000ffff,
0x0000ffff,
0xffff0000,
0xffff0000,
0xfffe0001,
0xfffd0002,
0xfffb0004,
0xfff70008,
0xffef0010,
0xffdf0020,
0xffbf0040,
0xff7f0080,
0xfeff0100,
0xfdff0200,
0xfbff0400,
0xf7ff0800,
0xefff1000,
0xdfff2000,
0xbfff4000,
0x7fff8000,
0x0001fffe,
0x0002fffd,
0x0004fffb,
0x0008fff7,
0x0010ffef,
0x0020ffdf,
0x0040ffbf,
0x0080ff7f,
0x0100feff,
0x0200fdff,
0x0400fbff,
0x0800f7ff,
0x1000efff,
0x2000dfff,
0x4000bfff,
0x80007fff,
0xffff0001,
0xffff0002,
0xffff0004,
0xffff0008,
0xffff0010,
0xffff0020,
0xffff0040,
0xffff0080,
0xffff0100,
0xffff0200,
0xffff0400,
0xffff0800,
0xffff1000,
0xffff2000,
0xffff4000,
0xffff8000,
0x0001ffff,
0x0002ffff,
0x0004ffff,
0x0008ffff,
0x0010ffff,
0x0020ffff,
0x0040ffff,
0x0080ffff,
0x0100ffff,
0x0200ffff,
0x0400ffff,
0x0800ffff,
0x1000ffff,
0x2000ffff,
0x4000ffff,
0x8000ffff,
0x0000ffff,
0x0000ffff,
0xffff0000,
0xffff0000,
0xffffefff,
0xffffdfff,
0xffffbfff,
0xffff7fff,
0xfffffeff,
0xfffffdff,
0xfffffbff,
0xfffff7ff,
0xffffffef,
0xffffffdf,
0xffffffbf,
0xffffff7f,
0xfffffffe,
0xfffffffd,
0xfffffffb,
0xfffffff7,
0x00008000,
0x00004000,
0x00002000,
0x00001000,
0x00000800,
0x00000400,
0x00000200,
0x00000100,
0x00000080,
0x00000040,
0x00000020,
0x00000010,
0x00000008,
0x00000004,
0x00000002,
0x00000001,
0x6e51598f,
0xee49baec,
0x97613961,
0x8420f7d1,
0x55c64a08,
0x7c4a78a6,
0xd4949946,
0xdcb753a2,
0xffffffff,
0x00000000,
0xffffffff,
0x00000000,
0x00000000,
0xffffffff,
0x00000000,
0xffffffff,
0xfffefffe,
0x00010001,
0xfffdfffd,
0x00020002,
0xfffbfffb,
0x00040004,
0xfff7fff7,
0x00080008,
0xffefffef,
0x00100010,
0xffdfffdf,
0x00200020,
0xffbfffbf,
0x00400040,
0xff7fff7f,
0x00800080,
0xfefffeff,
0x01000100,
0xfdfffdff,
0x02000200,
0xfbfffbff,
0x04000400,
0xf7fff7ff,
0x08000800,
0xefffefff,
0x10001000,
0xdfffdfff,
0x20002000,
0xbfffbfff,
0x40004000,
0x7fff7fff,
0x80008000,
0x00010001,
0xfffefffe,
0x00020002,
0xfffdfffd,
0x00040004,
0xfffbfffb,
0x00080008,
0xfff7fff7,
0x00100010,
0xffefffef,
0x00200020,
0xffdfffdf,
0x00400040,
0xffbfffbf,
0x00800080,
0xff7fff7f,
0x01000100,
0xfefffeff,
0x02000200,
0xfdfffdff,
0x04000400,
0xfbfffbff,
0x08000800,
0xf7fff7ff,
0x10001000,
0xefffefff,
0x20002000,
0xdfffdfff,
0x40004000,
0xbfffbfff,
0x80008000,
0x7fff7fff,
0xffffffff,
0x00010001,
0xffffffff,
0x00020002,
0xffffffff,
0x00040004,
0xffffffff,
0x00080008,
0xffffffff,
0x00100010,
0xffffffff,
0x00200020,
0xffffffff,
0x00400040,
0xffffffff,
0x00800080,
0xffffffff,
0x01000100,
0xffffffff,
0x02000200,
0xffffffff,
0x04000400,
0xffffffff,
0x08000800,
0x00010001,
0xffffffff,
0x00020002,
0xffffffff,
0x00040004,
0xffffffff,
0x00080008,
0xffffffff,
0x00100010,
0xffffffff,
0x00200020,
0xffffffff,
0x00400040,
0xffffffff,
0x00800080,
0xffffffff,
0x01000100,
0xffffffff,
0x02000200,
0xffffffff,
0x04000400,
0xffffffff,
0x08000800,
0xffffffff,
0x10001000,
0xffffffff,
0x20002000,
0xffffffff,
0x40004000,
0xffffffff,
0x80008000,
0xffffffff,
0xffffefff,
0xffffdfff,
0xffffbfff,
0xffff7fff,
0xfffffeff,
0xfffffdff,
0xfffffbff,
0xfffff7ff,
0xffffffef,
0xffffffdf,
0xffffffbf,
0xffffff7f,
0xfffffffe,
0xfffffffd,
0xfffffffb,
0xfffffff7,
0x00008000,
0x00004000,
0x00002000,
0x00001000,
0x00000800,
0x00000400,
0x00000200,
0x00000100,
0x00000080,
0x00000040,
0x00000020,
0x00000010,
0x00000008,
0x00000004,
0x00000002,
0x00000001,
0x6e51598f,
0xee49baec,
0x97613961,
0x8420f7d1,
0x55c64a08,
0x7c4a78a6,
0xd4949946,
0xdcb753a2,
0x00000310,
0x00000000,
0x00000008,
0xffffffff,
0x00000161,
0x00000000,
0x00000008,
0x00000000,
0x00000146,
0x00000000,
0x00000008,
0x00000050,
0x00000117,
0x00000000,
0x00000008,
0x00000050,
0x0000031d,
0x00000000,
0x00000008,
0xffffffff,
0x00000162,
0x00000000,
0x00000008,
0x00000000,
0x00000113,
0x00000000,
0x00000008,
0x00000050,
0x000000f4,
0x00000000,
0x00000008,
0x00000050,
0x0000032a,
0x00000000,
0x00000008,
0xffffffff,
0x00000163,
0x00000000,
0x00000008,
0x00000000,
0x00000101,
0x00000000,
0x00000008,
0x00000050,
0x00000145,
0x00000000,
0x00000008,
0x00000050,
0x00000337,
0x00000000,
0x00000008,
0xffffffff,
0x00000164,
0x00000000,
0x00000008,
0x00000000,
0x000000ef,
0x00000000,
0x00000008,
0x00000050,
0x000000f5,
0x00000000,
0x00000008,
0x00000050,
0x000000c2,
0x00000000,
0x00000004,
0x00000006,
0x00000071,
0x00000006,
0x00000001,
0x00000000,
0x00000066,
0x00000002,
0x00000001,
0x00000000,
0x00000252,
0x00000007,
0x00000001,
0x00000000,
0x000000c2,
0x00000004,
0x00000004,
0x00000006,
0x00000071,
0x00000007,
0x00000001,
0x00000000,
0x00000251,
0x00000007,
0x00000001,
0x00000000,
0x00000252,
0x00000006,
0x00000001,
0x00000000,
0x000000c3,
0x00000000,
0x00000004,
0x00000006,
0x00000070,
0x00000006,
0x00000001,
0x00000000,
0x00000251,
0x00000007,
0x00000001,
0x00000001,
0x00000066,
0x00000002,
0x00000001,
0x00000001,
0x000000c1,
0x00000000,
0x00000004,
0x00000008,
0x000000c1,
0x00000004,
0x00000004,
0x00000008,
0x000000c1,
0x00000000,
0x00000004,
0x00000008,
0x000000c1,
0x00000004,
0x00000004,
0x00000008,
0x00000005,
0x00000006,
0x00000007,
0x00000008,
0x00000009,
0x0000000a,
0x0000000b,
0x0000000c,
0x0000000d,
0x0000000e,
0x0000000f,
0x00000010,
0x00000011,
0x00000012,
0x00000013,
0x00000014,
0x00000312,
0x00000000,
0x00000008,
0xffffffff,
0x000000c6,
0x00000000,
0x00000004,
0x00000006,
0x000000c8,
0x00000000,
0x00000004,
0x00000002,
0x000000ca,
0x00000003,
0x00000004,
0x00000000,
0x000000ce,
0x00000003,
0x00000004,
0x00000000,
0x000000ca,
0x00000000,
0x00000003,
0x00000000,
0x000000ce,
0x00000000,
0x00000003,
0x00000000,
0x000000c4,
0x00000000,
0x00000004,
0x00000006,
0x0000008e,
0x00000004,
0x00000001,
0x00000000,
0x0000008f,
0x00000000,
0x00000001,
0x00000000,
0x0000031f,
0x00000000,
0x00000008,
0xffffffff,
0x000000c6,
0x00000004,
0x00000004,
0x00000006,
0x000000c8,
0x00000004,
0x00000004,
0x00000002,
0x000000cc,
0x00000003,
0x00000004,
0x00000000,
0x000000d0,
0x00000003,
0x00000004,
0x00000000,
0x000000cc,
0x00000000,
0x00000003,
0x00000000,
0x000000d0,
0x00000000,
0x00000003,
0x00000000,
0x000000c4,
0x00000004,
0x00000004,
0x00000006,
0x0000008e,
0x00000005,
0x00000001,
0x00000000,
0x0000008f,
0x00000001,
0x00000001,
0x00000000,
0x0000032c,
0x00000000,
0x00000008,
0xffffffff,
0x000000c7,
0x00000000,
0x00000004,
0x00000006,
0x000000c9,
0x00000000,
0x00000004,
0x00000002,
0x000000cb,
0x00000003,
0x00000004,
0x00000000,
0x000000cf,
0x00000003,
0x00000004,
0x00000000,
0x000000cb,
0x00000000,
0x00000003,
0x00000000,
0x000000cf,
0x00000000,
0x00000003,
0x00000000,
0x000000c5,
0x00000000,
0x00000004,
0x00000006,
0x0000008e,
0x00000006,
0x00000001,
0x00000000,
0x0000008f,
0x00000002,
0x00000001,
0x00000000,
0x00000339,
0x00000000,
0x00000008,
0xffffffff,
0x000000c7,
0x00000004,
0x00000004,
0x00000006,
0x000000c9,
0x00000004,
0x00000004,
0x00000002,
0x000000cd,
0x00000003,
0x00000004,
0x00000000,
0x000000d1,
0x00000003,
0x00000004,
0x00000000,
0x000000cd,
0x00000000,
0x00000003,
0x00000000,
0x000000d1,
0x00000000,
0x00000003,
0x00000000,
0x000000c5,
0x00000004,
0x00000004,
0x00000006,
0x0000008e,
0x00000007,
0x00000001,
0x00000000,
0x0000008f,
0x00000003,
0x00000001,
0x00000000,
0x00000312,
0x00000000,
0x00000008,
0xffffffff,
0x000000c6,
0x00000000,
0x00000004,
0x00000006,
0x000000c8,
0x00000000,
0x00000004,
0x00000002,
0x000000ca,
0x00000003,
0x00000004,
0x00000000,
0x000000ce,
0x00000003,
0x00000004,
0x00000000,
0x000000ca,
0x00000000,
0x00000003,
0x00000000,
0x000000ce,
0x00000000,
0x00000003,
0x00000000,
0x00000029,
0x00000000,
0x00000008,
0x000000b1,
0x0000031f,
0x00000000,
0x00000008,
0xffffffff,
0x000000c6,
0x00000004,
0x00000004,
0x00000006,
0x000000c8,
0x00000004,
0x00000004,
0x00000002,
0x000000cc,
0x00000003,
0x00000004,
0x00000000,
0x000000d0,
0x00000003,
0x00000004,
0x00000000,
0x000000cc,
0x00000000,
0x00000003,
0x00000000,
0x000000d0,
0x00000000,
0x00000003,
0x00000000,
0x00000029,
0x00000000,
0x00000008,
0x000000b1,
0x0000032c,
0x00000000,
0x00000008,
0xffffffff,
0x000000c7,
0x00000000,
0x00000004,
0x00000006,
0x000000c9,
0x00000000,
0x00000004,
0x00000002,
0x000000cb,
0x00000003,
0x00000004,
0x00000000,
0x000000cf,
0x00000003,
0x00000004,
0x00000000,
0x000000cb,
0x00000000,
0x00000003,
0x00000000,
0x000000cf,
0x00000000,
0x00000003,
0x00000000,
0x00000029,
0x00000000,
0x00000008,
0x000000b1,
0x00000339,
0x00000000,
0x00000008,
0xffffffff,
0x000000c7,
0x00000004,
0x00000004,
0x00000006,
0x000000c9,
0x00000004,
0x00000004,
0x00000002,
0x000000cd,
0x00000003,
0x00000004,
0x00000000,
0x000000d1,
0x00000003,
0x00000004,
0x00000000,
0x000000cd,
0x00000000,
0x00000003,
0x00000000,
0x000000d1,
0x00000000,
0x00000003,
0x00000000,
0x00000029,
0x00000000,
0x00000008,
0x000000b1,
0x000000d2,
0x00000000,
0x00000004,
0x0000000d,
0x0000009a,
0x00000000,
0x00000003,
0x00000000,
0x000002bb,
0x00000000,
0x00000004,
0x00000000,
0x00000091,
0x00000000,
0x00000002,
0x00000001,
0x000000d2,
0x00000004,
0x00000004,
0x0000000d,
0x0000009a,
0x00000004,
0x00000003,
0x00000000,
0x000002bb,
0x00000004,
0x00000004,
0x00000000,
0x00000091,
0x00000002,
0x00000002,
0x00000001,
0x000000d3,
0x00000000,
0x00000004,
0x0000000d,
0x0000009b,
0x00000000,
0x00000003,
0x00000000,
0x000002bc,
0x00000000,
0x00000004,
0x00000000,
0x00000091,
0x00000004,
0x00000002,
0x00000001,
0x000000d3,
0x00000004,
0x00000004,
0x0000000d,
0x0000009b,
0x00000004,
0x00000003,
0x00000000,
0x000002bc,
0x00000004,
0x00000004,
0x00000000,
0x00000091,
0x00000006,
0x00000002,
0x00000001,
0x6f727245,
0x203a2072,
0x2055414d,
0x74697257,
0x65522f65,
0x6c206461,
0x6e657461,
0x312b7963,
0x6c697720,
0x766f206c,
0x6c667265,
0x000a776f,
0x30307830,
0x303d6330,
0x38302578,
0x202c786c,
0x31307830,
0x303d3834,
0x38302578,
0x000a786c,
0x36307830,
0x303d3834,
0x38302578,
0x202c786c,
0x31307830,
0x303d3834,
0x38302578,
0x000a786c,
0x203e2d2d,
0x45525652,
0x63732046,
0x53206e61,
0x74726174,
0x0d2e2e2e,
0x0a0d000a,
0x78257830,
0x3a64255b,
0x3d5d6425,
0x78257830,
0x25783020,
0x64255b78,
0x5d64253a,
0x2578303d,
0x78302078,
0x255b7825,
0x64253a64,
0x78303d5d,
0x0a0d7825,
0x74796200,
0x64252065,
0x4453500a,
0x322f3120,
0x61685020,
0x64206573,
0x79616c65,
0x25783020,
0x5b783330,
0x253a6425,
0x253d5d64,
0x09090964,
0x30257830,
0x255b7833,
0x64253a64,
0x000a0d5d,
0x65725609,
0x64412066,
0x73657264,
0x56090973,
0x09514444,
0x76322e31,
0x25200009,
0x00583230,
0x0d495520,
0x7830000a,
0x78333025,
0x3a64255b,
0x3d5d6425,
0x30257830,
0x255b7833,
0x64253a64,
0x78303d5d,
0x09097825,
0x08080009,
0x25200008,
0x00643230,
0x00303020,
0x00363120,
0x00232020,
0x004f2020,
0x005f2020,
0x002e2020,
0x25204c20,
0x25643230,
0x52200025,
0x32302520,
0x00252564,
0x203e2d2d,
0x45525652,
0x63732046,
0x46206e61,
0x0d4c4941,
0x2d2d000a,
0x5652203e,
0x20464552,
0x6e616373,
0x53415020,
0x000a0d53,
0x203e2d2d,
0x20444d43,
0x6e616373,
0x61745320,
0x2e2e7472,
0x000a0d2e,
0x43205432,
0x2020444d,
0x09202020,
0x25783009,
0x5b583330,
0x253a6425,
0x0a0d5d64,
0x5f534300,
0x54312031,
0x444d4320,
0x78300909,
0x58333025,
0x3a64255b,
0x0d5d6425,
0x5343000a,
0x3120305f,
0x4d432054,
0x30090944,
0x33302578,
0x64255b58,
0x5d64253a,
0x43000a0d,
0x20204b4c,
0x20202020,
0x09092020,
0x30257830,
0x0a0d5833,
0x20090900,
0x20202020,
0x09002020,
0x78300909,
0x58333025,
0x5d64255b,
0x2064253d,
0x20202020,
0x30202020,
0x33302578,
0x64255b58,
0x64253d5d,
0x20000a0d,
0x30257830,
0x255b5833,
0x253d5d64,
0x78302064,
0x58333025,
0x5d64255b,
0x2064253d,
0x20202000,
0x09202020,
0x30257830,
0x255b5833,
0x64253a64,
0x2020205d,
0x2d002020,
0x43203e2d,
0x7320444d,
0x206e6163,
0x4c494146,
0x2d000a0d,
0x43203e2d,
0x7320444d,
0x206e6163,
0x53534150,
0x48000a0d,
0x72657465,
0x6e65676f,
0x73756f65,
0x61726420,
0x000a0d6d,
0x53204c48,
0x0d504157,
0x7953000a,
0x6d657473,
0x64646120,
0x73736572,
0x30783020,
0x61747320,
0x31207472,
0x69622036,
0x72612074,
0x0a0d6165,
0x312b3200,
0x34000a0d,
0x0a0d322b,
0x342b3800,
0x34000a0d,
0x0a0d312b,
0x2b363100,
0x000a0d34,
0x382b3631,
0x63000a0d,
0x69666e6f,
0x6f6e2067,
0x75732074,
0x726f7070,
0x000a0d74,
0x20312b32,
0x3420726f,
0x202c312b,
0x0a0d7825,
0x342b3800,
0x20726f20,
0x342b3631,
0x7825202c,
0x20000a0d,
0x47420058,
0x72652030,
0x20726f72,
0x61746164,
0x2c782520,
0x726f6320,
0x74636572,
0x74616420,
0x78252061,
0x42000a0d,
0x70203047,
0x0d737361,
0x4742000a,
0x72652031,
0x20726f72,
0x61746164,
0x2c782520,
0x726f6320,
0x74636572,
0x74616420,
0x78252061,
0x42000a0d,
0x70203147,
0x0d737361,
0x4142000a,
0x72652030,
0x20726f72,
0x61746164,
0x2c782520,
0x726f6320,
0x74636572,
0x74616420,
0x78252061,
0x42000a0d,
0x70203041,
0x0d737361,
0x4142000a,
0x72652031,
0x20726f72,
0x61746164,
0x2c782520,
0x726f6320,
0x74636572,
0x74616420,
0x78252061,
0x42000a0d,
0x70203141,
0x0d737361,
0x2541000a,
0x72652064,
0x20726f72,
0x61746164,
0x2c782520,
0x726f6320,
0x74636572,
0x74616420,
0x78252061,
0x726f6628,
0x66657220,
0x6e657265,
0x77206563,
0x206e6568,
0x34726464,
0x62473820,
0x382c3878,
0x31786247,
0x6e612036,
0x64642064,
0x38203372,
0x38786247,
0x6247382c,
0x2c363178,
0x78624734,
0x0a0d2938,
0x64254100,
0x72726520,
0x6420726f,
0x20617461,
0x202c7825,
0x72726f63,
0x20746365,
0x61746164,
0x28782520,
0x20726f66,
0x65666572,
0x636e6572,
0x68772065,
0x64206e65,
0x20347264,
0x62473631,
0x312c3878,
0x78624736,
0x0d293631,
0x2541000a,
0x72652064,
0x20726f72,
0x61746164,
0x2c782520,
0x726f6320,
0x74636572,
0x74616420,
0x78252061,
0x41000a0d,
0x70206425,
0x28737361,
0x20726f66,
0x65666572,
0x636e6572,
0x68772065,
0x64206e65,
0x20347264,
0x78624738,
0x47382c38,
0x36317862,
0x646e6120,
0x72646420,
0x47382033,
0x2c387862,
0x78624738,
0x342c3631,
0x38786247,
0x000a0d29,
0x20642541,
0x73736170,
0x726f6628,
0x66657220,
0x6e657265,
0x77206563,
0x206e6568,
0x34726464,
0x47363120,
0x2c387862,
0x62473631,
0x29363178,
0x41000a0d,
0x70206425,
0x0d737361,
0x2d2d000a,
0x5144203e,
0x63732046,
0x53206e61,
0x74726174,
0x0d2e2e2e,
0x7677000a,
0x20666572,
0x78257830,
0x62000a0d,
0x20657479,
0x09096425,
0x09090909,
0x20514409,
0x73616850,
0x000a0d65,
0x20445350,
0x20382f31,
0x73616850,
0x65642065,
0x2079616c,
0x33257830,
0x64255b78,
0x5d64253a,
0x0964253d,
0x28205144,
0x33257830,
0x64255b78,
0x5d64253a,
0x00090929,
0x00782520,
0x09090a0d,
0x50090909,
0x28205144,
0x33257830,
0x64255b78,
0x5d64253a,
0x50000929,
0x44205144,
0x3020594c,
0x33302578,
0x78303d58,
0x58323025,
0x43200920,
0x20594c44,
0x30257830,
0x09205832,
0x4c444620,
0x78302059,
0x58323025,
0x20000a0d,
0x25783020,
0x5b783330,
0x253a6425,
0x303d5d64,
0x20782578,
0x30257830,
0x255b7833,
0x253d5d64,
0x78302064,
0x78333025,
0x5d64255b,
0x0964253d,
0x09643225,
0x2d000909,
0x44203e2d,
0x73204651,
0x206e6163,
0x4c494146,
0x2d000a0d,
0x44203e2d,
0x73204651,
0x206e6163,
0x53534150,
0x2d000a0d,
0x51203e2d,
0x204e4553,
0x6e616373,
0x61745320,
0x2e2e7472,
0x000a0d2e,
0x203e2d2d,
0x45525657,
0x63732046,
0x53206e61,
0x74726174,
0x0d2e2e2e,
0x2020000a,
0x30257830,
0x255b7833,
0x64253a64,
0x78303d5d,
0x25097825,
0x09096432,
0x00090909,
0x25783009,
0x5b783330,
0x253a6425,
0x253d5d64,
0x78302064,
0x78333025,
0x3a64255b,
0x3d5d6425,
0x30206425,
0x33302578,
0x64255b78,
0x5d64253a,
0x0964253d,
0x79620009,
0x25206574,
0x09090964,
0x09090909,
0x656e6946,
0x6e755420,
0x68502065,
0x28657361,
0x352e3232,
0x67656420,
0x29656572,
0x09000a0d,
0x30090909,
0x33302578,
0x64255b78,
0x5d64253a,
0x25200009,
0x30090058,
0x33302578,
0x64255b78,
0x5d64253a,
0x0964253d,
0x00090909,
0x203e2d2d,
0x4e455351,
0x61637320,
0x4146206e,
0x0a0d4c49,
0x3e2d2d00,
0x45535120,
0x6373204e,
0x50206e61,
0x0d535341,
0x4146000a,
0x21214c49,
0x000a0d21,
0x53534150,
0x0d212121,
0x0a0d000a,
0x465a4e55,
0x216c6961,
0x55504300,
0x30303131,
0x520a0020,
0x65676e61,
0x6e616353,
0x72657620,
0x25005b3a,
0x002d0064,
0x646e6152,
0x61506d6f,
0x72657474,
0x000a0d6e,
0x4d415244,
0x43532031,
0x0a0d4e41,
0x4e4f4400,
0x000a0d45,
0x6d64003e,
0x73732061,
0x64252063,
0x73000a0d,
0x616d2061,
0x6f742070,
0x62363120,
0x0a0d7469,
0x00000000,
0xf0d46655,
0xf0d46639,
0xf0d46695,
0xf0d4670d,
0xf0d46679,
0xf0d4665d,
0x4a04b580,
0x6813af00,
0xd5fc069b,
0x60184b02,
0xbf00bd80,
0xf0110014,
0xf0110000,
0xaf00b580,
0x0000bd80,
0x4a04b580,
0x6813af00,
0xd5fc07db,
0x68184b02,
0xbd80b2c0,
0xf0111014,
0xf0111000,
0x4a04b580,
0x6813af00,
0xd5fc069b,
0x60184b02,
0xbf00bd80,
0xf0111014,
0xf0111000,
0x4a04b580,
0x6813af00,
0xd5fc07db,
0x68184b02,
0xbd80b2c0,
0xf0110014,
0xf0110000,
0x211a4a13,
0xaf00b580,
0xf0436813,
0x60130310,
0xf4236f53,
0x675323c0,
0x3280f502,
0x68133240,
0x6300f443,
0x4b0b6013,
0xf042781a,
0x701a0280,
0x70114a09,
0x71112100,
0xf002781a,
0x701a027f,
0xf042781a,
0x701a0203,
0xf8032207,
0xbd802c04,
0xf0010034,
0xf011100c,
0xf0111000,
0xaf00b580,
0xffcef7ff,
0x0000bd80,
0x22004b08,
0xaf00b580,
0x615a6959,
0x4906545a,
0x07d2780a,
0x4a05d5fc,
0xb2d27812,
0x69597002,
0xbd80545a,
0x01000208,
0xf0110014,
0xf0110000,
0xb5804b05,
0x781baf00,
0x0301f013,
0x4b03d001,
0x7003781b,
0xbf00bd80,
0xf0110014,
0xf0110000,
0x22004b13,
0x4d13b5f0,
0xaf004e13,
0x615a6959,
0x695a545a,
0xd9002a13,
0x7829bdf0,
0xd5f907c9,
0x46047831,
0xf804b2c9,
0x29081b01,
0x5499695a,
0xb10ad104,
0x615a3a01,
0xe7ea4620,
0xd102290a,
0x70432300,
0x290dbdf0,
0x3201d0fa,
0xbf00e7f3,
0x01000208,
0xf0110014,
0xf0110000,
0x4604b5b0,
0xaf001845,
0xd10042ac,
0x4620bdb0,
0xf7ff3401,
0xe7f7ff9f,
0xe92d4800,
0xe3500000,
0xe28db004,
0x0a000003,
0xe3500001,
0xe59f000c,
0x13a00000,
0xe8bd8800,
0xe59f0004,
0xe8bd8800,
0xf0d4662c,
0xf0d46620,
0x00000000,
0xb5b04b07,
0xb933af00,
0x682a4d06,
0x1e44b11a,
0x0f01f814,
0xbdb0b900,
0x685b682b,
0xe7f74798,
0x00000000,
0xf0d4680c,
0xb5804b03,
0x6018af00,
0x6803b108,
0xbd804798,
0xf0d4680c,
0xb5804b02,
0x6818af00,
0xbf00bd80,
0xf0d4680c,
0x4604b598,
0xaf004803,
0xffd4f7ff,
0xf7ff4620,
0xbd98ffd1,
0x01000053,
0x4605b5b0,
0xaf004809,
0xf7ff460c,
0x4628ffc7,
0xffc4f7ff,
0xf7ff4806,
0x4620ffc1,
0xe992f000,
0xffbcf7ff,
0xf7ff4803,
0xbdb0ffb9,
0x01000053,
0x0100004c,
0x01000050,
0x4ff8e92d,
0xf8df4606,
0xf8dfa05c,
0xaf00b05c,
0x46044688,
0x0308eb06,
0xd301429c,
0x8ff8e8bd,
0x1f25480e,
0xff9ef7ff,
0x090cf104,
0xf0004620,
0xf7ffe96e,
0x4650ff97,
0xff94f7ff,
0x0f04f855,
0xe964f000,
0xff8ef7ff,
0xf7ff4658,
0x454dff8b,
0x4803d1f4,
0xf7ff3410,
0xe7dbff85,
0x0100004d,
0x01000050,
0x01000056,
0x01000059,
0x00f00000,
0xe92d4800,
0xe28db004,
0xeb000091,
0xe8bd8800,
0xe59f300c,
0xe92d4800,
0xe28db004,
0xe5830000,
0xe8bd8800,
0xf0d46918,
0xe59f300c,
0xe92d4800,
0xe28db004,
0xe5930000,
0xe8bd8800,
0xf0d46918,
0xe59f3020,
0xe92d4800,
0xe28db004,
0xe5932080,
0xe3520000,
0x05930084,
0x016f0f10,
0x01a002a0,
0x13a00000,
0xe8bd8800,
0xf0050000,
0xe92d4800,
0xe30a3a55,
0xe1d003b0,
0xe28db004,
0xe0400003,
0xe16f0f10,
0xe1a002a0,
0xe8bd8800,
0xf022b580,
0x38040203,
0x440aaf00,
0xd1004291,
0xf851bd80,
0xf8403b04,
0xe7f73f04,
0x4604b5b0,
0xaf00460d,
0xfa68f000,
0xf6474b1a,
0x601a7224,
0x60144a19,
0x681a6055,
0x0201f042,
0x681a601a,
0x07d2681a,
0x086bd4fc,
0x1e594a14,
0x68124359,
0xeb010849,
0xb2894112,
0x4811b1b9,
0xfa77f000,
0x48104621,
0xfa73f000,
0x480f4629,
0xfa6ff000,
0x68134a0e,
0x0301f043,
0x4b0d6013,
0x601a4a0d,
0x68193a01,
0x601a430a,
0x4b0be7fe,
0x601a2203,
0xbf00bdb0,
0xf0188060,
0xf0188064,
0xf018806c,
0xf0d46af8,
0xf0d46b0a,
0xf0d46b13,
0xf0230070,
0xf0240000,
0x5a960002,
0xf01880a0,
0xf06f4b09,
0xb5800203,
0xaf004401,
0xf04f601a,
0x4a0633ff,
0x60536013,
0x22016093,
0x60184b04,
0xf8436059,
0xbd802c10,
0xf0180090,
0xf0180094,
0xf0180070,
0x22014b04,
0xaf00b580,
0x2200601a,
0x2c08f843,
0xbf00bd80,
0xf0180068,
0xb5804b06,
0x6818af00,
0x0001f010,
0x6859d005,
0xb2c94803,
0xfa17f000,
0xbd802001,
0xf0180068,
0xf0d46b1c,
0xe59f3018,
0xe92d4800,
0xe28db004,
0xe5933000,
0xe3130d06,
0x03a00001,
0x13a00000,
0xe8bd8800,
0xf0010000,
0x63656863,
0x6d75736b,
0x766e6920,
0x64696c61,
0x7766003d,
0x64646120,
0x66003d72,
0x69732077,
0x003d657a,
0x4d415244,
0x6f727020,
0x74636574,
0x74206465,
0x67676972,
0x2c647265,
0x00484320,
0xe2523020,
0xe262c020,
0x41a00230,
0x51a00331,
0x41800c11,
0xe1a01231,
0xe12fff1e,
0xe2523020,
0xe262c020,
0x41a01211,
0x51a01310,
0x41811c30,
0xe1a00210,
0xe12fff1e,
0xe59f3030,
0xe59f2030,
0xe00330a0,
0xe0400003,
0xe0003002,
0xe0020120,
0xe0833000,
0xe59f001c,
0xe0833223,
0xe0000003,
0xe0800400,
0xe0800800,
0xe1a00c20,
0xe12fff1e,
0x55555555,
0x33333333,
0x0f0f0f0f,
0x00000000,
0xe51ff004,
0x01000015,
0xb5804b09,
0xaf004909,
0x69da4809,
0xf1011a52,
0xf7ff4171,
0xf000fee9,
0xf000f8d5,
0x4805f961,
0xf984f000,
0xbd802000,
0xf0d40000,
0x00009860,
0x01000000,
0x0100005c,
0xb5904913,
0x680baf00,
0xf0130c1b,
0xd11d0001,
0x0207f003,
0xd11a2a02,
0x69a24c0e,
0x0001f012,
0xf013d015,
0xd0120008,
0xf4424b0b,
0x68187280,
0x0020f040,
0x68086018,
0x2000f420,
0x20016008,
0xf0416819,
0x60190104,
0xbd9061a2,
0xbd902000,
0xf0a50004,
0xf0d40070,
0xf0a50010,
0xb5804b05,
0x699baf00,
0xd50305da,
0x68134a03,
0xd4fc075b,
0xbf00bd80,
0xf0d40070,
0xf0a50010,
0xb5804b0b,
0x681baf00,
0xf0130c1b,
0xd10c0001,
0x0307f003,
0xd1092b02,
0x20014b06,
0xf240699a,
0x43931301,
0x2000bf18,
0x2000bd80,
0xbf00bd80,
0xf0a50004,
0xf0d40070,
0xb5804b04,
0x6819af00,
0x1a52681a,
0xd3fb4282,
0xbf00bd80,
0xf0100108,
0x6842b590,
0x6804af00,
0x46032000,
0x42930852,
0xb280d101,
0xf834bd90,
0x44191013,
0x44083301,
0xe92de7f5,
0xaf0047f0,
0xd0462a00,
0xe000f890,
0x23012600,
0x1c5c5cc5,
0xd13a45ae,
0xeb005d05,
0xb9450904,
0xe006f801,
0x36013302,
0xd3f14293,
0xe8bd4630,
0x464d87f0,
0x0c00f04f,
0x8b01f815,
0x037ff008,
0x0f80f018,
0x1cccea43,
0x0309eba5,
0x4423d1f4,
0xeb002400,
0x464d0903,
0x8b01f815,
0x0a7ff008,
0x0f80f018,
0x14c4ea4a,
0x0a09eba5,
0xeb01d1f4,
0x44530806,
0x42644645,
0x0908eba5,
0xd80145cc,
0xe7d14466,
0x9004f815,
0x9b01f805,
0x558de7f4,
0x36014623,
0x4610e7c8,
0x87f0e8bd,
0x2300b580,
0xee07af00,
0xee073f15,
0xf3bf3fd5,
0xf3bf8f4f,
0xbd808f6f,
0xaf00b5f0,
0x2802b158,
0x4b16d11f,
0x2300681a,
0x08524614,
0x2a013301,
0x4a13d8fb,
0x4b13e008,
0x4603681a,
0x08524614,
0x2a013301,
0x4a10d8fb,
0x0320f1c3,
0xc000f8d2,
0xfa022201,
0x2200f303,
0xdb0342a2,
0xf3bfb109,
0xbdf08f4f,
0x25004606,
0xdb024565,
0x44183201,
0x3640e7f2,
0x6f56ee07,
0xe7f53501,
0xf0d40f28,
0xf0d40f24,
0xf0d40f30,
0xf0d40f2c,
0x2100b580,
0xaf004608,
0xffc0f7ff,
0x20022100,
0xffbcf7ff,
0x8f4ff3bf,
0xb5f0bd80,
0xb158af00,
0xd11f2802,
0x681a4b16,
0x46142300,
0x33010852,
0xd8fb2a01,
0xe0084a13,
0x681a4b13,
0x46144603,
0x33010852,
0xd8fb2a01,
0xf1c34a10,
0xf8d20320,
0x2201c000,
0xf303fa02,
0x42a22200,
0xb109db03,
0x8f4ff3bf,
0x4606bdf0,
0x45652500,
0x3201db02,
0xe7f24418,
0xee073640,
0x35016f5e,
0xbf00e7f5,
0xf0d40f28,
0xf0d40f24,
0xf0d40f30,
0xf0d40f2c,
0x2100b580,
0xaf004608,
0xffbff7ff,
0x20022100,
0xffbbf7ff,
0x8f4ff3bf,
0xbf00bd80,
0x4a04b580,
0x7813af00,
0xd5fc069b,
0x70184b02,
0xbf00bd80,
0xf0110014,
0xf0110000,
0x1e41b580,
0xf811af00,
0xb9000f01,
0xf7ffbd80,
0xe7f8ffe9,
0xaf00b580,
0xfc8ef7ff,
0xb598bd80,
0xaf00460c,
0xfc88f7ff,
0xf7ff4805,
0x4620fc85,
0xe80af000,
0xfc80f7ff,
0xf7ff4802,
0xbd98fc7d,
0x0100004c,
0x01000050,
0xe51ff004,
0x01000015,
0x314c4342,
0x09000000,
0x84090100,
0x016b0000,
0x04b5f8aa,
0x00460d46,
0x16212caf,
0x02226a46,
0x80fc18f0,
0x20212b22,
0x13f00246,
0x2c22eafc,
0x0e0a05aa,
0x07aa6afc,
0x00fc090a,
0x040a07aa,
0x07aa00fc,
0x69fbff28,
0xfa1407aa,
0x3c08aafb,
0xaae9fbf5,
0xfbf01407,
0xeb3c08aa,
0x3c08aafb,
0x08aafbe6,
0xc8fbe13c,
0x13f54620,
0xdef895fe,
0x00228030,
0xea1405aa,
0x424620fb,
0x02210122,
0xabfbd2f0,
0x06011868,
0x1e04aad5,
0x1e07aa08,
0x2380fbdb,
0x461a2121,
0xd50c04aa,
0x402380fb,
0x07aa53f2,
0x00fbce0e,
0x69228023,
0xc82605aa,
0x692380fb,
0xc21807aa,
0xdff895fb,
0x05aa0d20,
0x95fba918,
0x0e20e0f8,
0xa30c05aa,
0xe1f895fb,
0x0f220730,
0xaf0e05aa,
0xe2f895fb,
0x05aa1020,
0x95fb960c,
0x1120e3f8,
0x900c05aa,
0xe4f895fb,
0x12220730,
0x9c0e05aa,
0xf00e05aa,
0x950e07aa,
0xe5f895fb,
0x13221f30,
0x8e0e05aa,
0xe6f895fb,
0x05aa1520,
0x95fb750c,
0x1620e7f8,
0x6f0c05aa,
0xe8f895fb,
0x05aa1720,
0x95fb690c,
0x1820e9f8,
0x630c05aa,
0xeaf895fb,
0x05aa1920,
0x95fb5d0c,
0x1a20ebf8,
0x570c05aa,
0xecf895fb,
0x05aa1b20,
0x1cfb510c,
0xedf89521,
0x0c04aa20,
0x68abfb4b,
0xd5220119,
0x20eef895,
0x1e05aa60,
0xf895fb42,
0xaa6120ef,
0xfb3c0c05,
0x20f0f895,
0x0c05aa62,
0xf895fb36,
0xaa6320f1,
0xfb300c05,
0xaa644632,
0xfb2b0a05,
0x20f3f895,
0x0c05aa65,
0xf895fb25,
0x223f30f4,
0x0e05aa01,
0xf895fb31,
0x220f30f5,
0x0e05aa02,
0xf895fb2a,
0x220f30f6,
0x0e05aa04,
0xf895fb23,
0x220f30f7,
0x0e05aa05,
0xf895fb1c,
0x221f30f8,
0x0e05aa06,
0xf895fb15,
0x220f30f9,
0x8406aa07,
0xf895fb26,
0x223f30fa,
0x0e05aa09,
0xf895fb07,
0x223f30fb,
0x0e05aa0a,
0x05aafb00,
0xf895fa5a,
0x221f30fc,
0x1405aa0b,
0xf895faf6,
0xaa2020fd,
0xfadd0c05,
0x30fef895,
0xaa21220f,
0xfae90e05,
0x20fff895,
0x0c05aa22,
0xf895fad0,
0x223f3100,
0x0e05aa23,
0xf895fadc,
0xaa272101,
0xfac30c05,
0x3102f895,
0xaa282207,
0xfacf0e05,
0x3103f895,
0xaa2d220f,
0xaa008406,
0xaa700e05,
0xfac10e07,
0x22402300,
0x8405aa19,
0x40fabb0e,
0x07aa0023,
0xfab51a84,
0x707af44f,
0xfcd3f546,
0xaa3d2340,
0xfaf71407,
0x1c8508aa,
0xaa0bfa93,
0x8e308507,
0x07aa8bfa,
0xaafa890a,
0x84448508,
0x46200afa,
0xabfcb6f5,
0x05011a68,
0x404632d5,
0x05aa8ef2,
0xabfa7818,
0x05aa1b68,
0x31053485,
0xaa662202,
0xfa811405,
0xe92dbdf8,
0x460d41f0,
0xaf004604,
0x4b1db3a0,
0x491e4a1e,
0x6812681b,
0x04006808,
0x2002ea40,
0x23604318,
0xf44f4358,
0xfb903300,
0xf006f0f3,
0x4606fa74,
0x462002b6,
0x0880f046,
0xf986f002,
0x22064643,
0x46114620,
0xff08f003,
0xf5462001,
0xea48fc7a,
0x08aa0305,
0xaafefe14,
0xea460a04,
0x04aa0305,
0xaafef70e,
0xf9647404,
0x81f0e8bd,
0x4a064b06,
0x6a05aa07,
0xbf00e7c9,
0xf0024860,
0xf0024864,
0xf0024868,
0xf00244e0,
0xf00244e4,
0xf00244e8,
0x22f0b580,
0x1149f240,
0x2001af00,
0xfa17f002,
0x4b0e04aa,
0x0c04aa11,
0x22f0fa11,
0x71a5f44f,
0x0b0c04aa,
0xa60c05aa,
0x050c05aa,
0x402200fa,
0x05aa29f2,
0x00f9ff24,
0x95f44f22,
0xf91805aa,
0x1804aaf9,
0x1805aa2b,
0x0c05aaf3,
0x0c05aa25,
0x2300f9ed,
0x21e12202,
0xfa0c04aa,
0x002201f9,
0xe1461023,
0xf4f00221,
0xe31805aa,
0xee1805aa,
0xe31807aa,
0xe8f00221,
0x402300f9,
0x05aae522,
0x00f9e218,
0x07aa2023,
0x05aadc0c,
0x05aad830,
0x07aad60c,
0x0221d830,
0x00f9d0f0,
0xd7228023,
0xca1805aa,
0xaa3c05aa,
0xaac40c06,
0x06aa3c05,
0x05aabe0c,
0x05aabe24,
0x05aab80c,
0x1806aa48,
0x4b01f9b2,
0x601a2200,
0x0100bd80,
0xe92df003,
0x460443f8,
0xaf002303,
0xf891460d,
0x461690f2,
0x461a21e1,
0x8024f8d7,
0xf99df002,
0xaae32303,
0x97288407,
0xe52360f9,
0x910c07aa,
0xd968abf9,
0xf3d57d00,
0x468205aa,
0x008805aa,
0x0c04aaf9,
0x0c05aa4b,
0xaac0f96f,
0xaa448205,
0xaa008805,
0xaaa60c05,
0xaa630c05,
0x29208205,
0x5d2405aa,
0x448207aa,
0x008805aa,
0x448207aa,
0x008805aa,
0x961805aa,
0x4b1805aa,
0xe12302f9,
0x587207aa,
0x09aa01f9,
0x07aa520c,
0x04aa4482,
0x00f94c0c,
0x07aa0123,
0x40f9460c,
0x228109aa,
0xaa20f940,
0xf93a0c09,
0xaad82302,
0xf9340c07,
0x0c09aa01,
0x2380f92e,
0x0c07aad7,
0x8207aa28,
0x0c04aa44,
0xaa20f922,
0xf91c1809,
0xaabe2380,
0xf9160c07,
0x1809aa02,
0x2380f910,
0x0c07aa31,
0x2300f90a,
0x2131224f,
0xf0064620,
0xf002060f,
0x2300f902,
0xaa3222ff,
0xf8fc4c05,
0x330c04aa,
0x008806aa,
0x340c05aa,
0x268c06aa,
0x1f2300f8,
0x06aa3522,
0x05aa008c,
0x05aa3618,
0x05aae40c,
0x05aa370c,
0x05aade0c,
0x05aa380c,
0x05aad80c,
0x05aa390c,
0x00f8d20c,
0x3a220f23,
0xcc0c05aa,
0x3f2300f8,
0x05aad522,
0x10f8c60c,
0xd6223f23,
0xc00c05aa,
0x46200af8,
0x06fadff5,
0x4f220723,
0x05aa14f4,
0xf8b65082,
0xaa102300,
0xb0168807,
0x012340f8,
0x408107aa,
0x40f800aa,
0x98236af6,
0x64f34145,
0x012e0186,
0x008655f3,
0xbf223023,
0x008c06aa,
0x012300f8,
0x06aabd22,
0xaaf8268c,
0x900c820a,
0xa0f895f8,
0xbc220c30,
0x268806aa,
0x672288f8,
0x710a05aa,
0x68224af8,
0x6c0a05aa,
0x028105aa,
0x2301fa9e,
0x3407aabd,
0xf44ff876,
0xf54670fa,
0xaa80fa94,
0xb87e8809,
0x0c2204f8,
0x7c3005aa,
0x4022c0fb,
0x05aa77f2,
0x0baa4e0c,
0xf85b1e81,
0x8909aa02,
0x80f85540,
0x10f44f23,
0x0e06aa71,
0x2210f84e,
0xaa41f240,
0xaa353205,
0xaa420c05,
0xf82f0c05,
0xf44f2210,
0x8105aa1d,
0x05aa2974,
0x05aa1c0c,
0x05aa230c,
0x05aa7524,
0x05aa1d24,
0x05aa710c,
0x07aa170c,
0xdd050082,
0xf44f2218,
0x2c05aa88,
0x08aaf80d,
0xf8085a8f,
0x168a08aa,
0x06aaf803,
0xf001168a,
0x06aafffe,
0xf001348a,
0x06aafff9,
0xf001208a,
0xf895fff4,
0xaa8030f7,
0x00388c07,
0x07aafff8,
0xf0011c86,
0x04aaffe7,
0x05aa4b0c,
0x95ffe10c,
0xaa20a1f8,
0x011e8606,
0x95ffdaf0,
0xaa20a2f8,
0x01208606,
0x80ffd3f0,
0x05aa0623,
0xf0016a81,
0xf895ffe0,
0x227f30a3,
0xaaa3f44f,
0xffd81c05,
0x30a4f895,
0xf240227f,
0x4805aa17,
0xf895ffd0,
0x1005aaa5,
0x1005aa13,
0xf895ffc8,
0x227f30a6,
0x8105aaf4,
0x95ffc10c,
0x05aaa7f8,
0x05aa011e,
0x95ffb91e,
0x05aaa8f8,
0x05aa4510,
0x95ffb110,
0x7f30a9f8,
0x05aaef22,
0xff00aa2e,
0x00aaf895,
0xf5227f30,
0xa30e05aa,
0xabf895ff,
0x40220730,
0x05aa0ff2,
0x95ff9b2c,
0x0730acf8,
0x81f44f22,
0x0a8105aa,
0xf895ff93,
0x227030ad,
0xaa83f44f,
0xff8b1005,
0x30aef895,
0xf2402270,
0x3005aa21,
0xf895ff83,
0x220730af,
0x4e05aaee,
0xf895ff7c,
0x2e05aab0,
0x2e05aa9d,
0x2300ff74,
0x115c04aa,
0x6d2c05aa,
0x4f0e05aa,
0x05aa82f4,
0x07aa661c,
0x05aa850e,
0x00ff5f0e,
0x5604aa23,
0x2a05aa19,
0x0e05aa58,
0xaa84f44f,
0xff511c05,
0xaab1f895,
0xaa148105,
0xff491006,
0x30b2f895,
0xaae72270,
0xff427405,
0x30b3f895,
0xaaec2207,
0xff3b0e05,
0x30b4f895,
0xf24022e0,
0x4a05aa03,
0xf895ff33,
0x3c05aab5,
0x3c05aa91,
0xf895ff2b,
0x220730b6,
0x2e05aaf3,
0x2300ff24,
0xaaed22e0,
0xaa1e0c05,
0xaaf77405,
0xaa180c05,
0x87008107,
0x113405aa,
0x2a8107aa,
0x0e05aa92,
0x8107aa0a,
0x05aa472a,
0x95ff0360,
0x0f310af8,
0x3bf24022,
0xfb1005aa,
0x0bf895fe,
0x4f22f031,
0x05aa90f4,
0x95fef32e,
0xaa30b5f8,
0x06aa1004,
0xfeeb0081,
0xaa0cf895,
0xaaa22005,
0xfee31005,
0xaa08f895,
0xaa8e1005,
0xfedb1005,
0x30b0f895,
0x8209aa0f,
0x95fed342,
0x0f30b7f8,
0x05aaf222,
0xfecc1881,
0x30b8f895,
0x1b6e04aa,
0xc46e05aa,
0xb9f895fe,
0xe8220f30,
0xbd1e05aa,
0xbaf895fe,
0x8d3c05aa,
0xb53c05aa,
0xbbf895fe,
0x891005aa,
0xad1005aa,
0xbcf895fe,
0x4022f030,
0x05aa4df2,
0x95fea53e,
0x05aabdf8,
0xaaa71c81,
0xfe9d2005,
0x310df895,
0x052004aa,
0x952005aa,
0x0ef895fe,
0x1c8105aa,
0x248306aa,
0xf895fe8d,
0x4005aac2,
0x2005aa41,
0x8105aa85,
0x6004aa4c,
0x4c8106aa,
0xf895fe7d,
0x8205aa07,
0x05aa430c,
0x95fe7520,
0x05aa0ff8,
0x06aa0750,
0x95fe0084,
0x0f30bef8,
0x05aaf022,
0xfe662e81,
0xaabff895,
0x154c8105,
0x5e1e05aa,
0xc0f895fe,
0x0e8105aa,
0x4e05aa80,
0xf895fe56,
0x1005aac1,
0x308406aa,
0x7e05aa4e,
0xaa3004aa,
0xaa467e06,
0x04aa6e05,
0x6e06aa5e,
0x8205aa3e,
0x1004aa1c,
0x1c8206aa,
0xf895fe36,
0x1005aaab,
0x5a8506aa,
0x8205aa2e,
0x09aa0f6a,
0xaa266a82,
0xaa1e8205,
0x06aa6004,
0xfe1e1e82,
0x3109f895,
0xaaea22f0,
0x171e8105,
0xc3f895fe,
0x388405aa,
0x1e05aaa1,
0x8205aa0f,
0x09aa705c,
0xfe075c82,
0xaaaef895,
0xaa388605,
0xff088606,
0xacf895fd,
0xaa2005aa,
0xf7388606,
0xc4f895fd,
0xf1220730,
0xf04e05aa,
0xc5f895fd,
0x4f22e030,
0x05aa9cf4,
0x95fde81e,
0x05aac6f8,
0x05aa8c5e,
0x95fde010,
0x05aac7f8,
0x05aa394e,
0x05aad84e,
0x09aa7010,
0x95fdd010,
0x05aac8f8,
0x05aaa45e,
0xaafdc830,
0xaa6a8b06,
0xc1208506,
0x05aa60fd,
0xaa091285,
0xaaba2c05,
0xaae00e05,
0xaab47805,
0x06aa2805,
0x07aaae0c,
0x05aa0b26,
0x07aaa726,
0x8706aa42,
0x11fda056,
0x05aadb22,
0x11fd8826,
0x05aadc22,
0xaafd830a,
0x73288c08,
0x012e0183,
0x008351f3,
0xd822fc23,
0x002607aa,
0xd9220f23,
0x820c05aa,
0xc9f895fd,
0x05aac120,
0x2bfd690c,
0x1a01da68,
0x662304d5,
0x5a8907aa,
0x2380fd73,
0xaa52f240,
0xaa6c0e07,
0xaa510e05,
0xfd650e07,
0x1c0baa40,
0xf895fd5e,
0xaac220ca,
0xaa454805,
0x40300c04,
0x03217122,
0x20030ff0,
0x053b0646,
0x40bf882b,
0x00bf9823,
0x49f00123,
0x801e05aa,
0x20217122,
0xaa091b46,
0xaa801c06,
0xfd3b1c07,
0x30cbf895,
0xaac3220f,
0xaa344805,
0x22400e05,
0x4815aa70,
0x2360fd25,
0x7e07aa07,
0xf895fd1f,
0xaac420cc,
0xfd063605,
0x20cdf895,
0x0c05aac5,
0x1804aa00,
0x3e04aa30,
0x413c04aa,
0x1082f1f2,
0x07aa8e23,
0x01fd0534,
0x8f220123,
0xff2805aa,
0x2804aafc,
0x0e8106aa,
0x82e7f241,
0x2609aa20,
0x2302fcf2,
0x2607aa02,
0xf895fcec,
0x4e0baacd,
0xaa4082dc,
0xfcde2809,
0xaa042304,
0xaad82807,
0x08aa2805,
0x8082d24e,
0xcb2609aa,
0x082308fc,
0xc52607aa,
0xcef895fc,
0x05aac620,
0x95fcac0c,
0xc720cff8,
0xa60c05aa,
0xd0f895fc,
0x05aac820,
0x95fca00c,
0xc920d1f8,
0x9a0c05aa,
0xca2200fc,
0x950a05aa,
0xcb2200fc,
0x900a05aa,
0xcc2200fc,
0x8b0a05aa,
0xcd2200fc,
0x860a05aa,
0xce2200fc,
0x810a05aa,
0xcf2200fc,
0x5a8b06aa,
0xd02200fc,
0x770a05aa,
0xd12200fc,
0x720a05aa,
0x40230ffc,
0xaa115ff2,
0x7e1a8106,
0x650e05aa,
0x770e07aa,
0xd2f895fc,
0x61f24020,
0x6e8405aa,
0xf895fc5d,
0xf44f20d3,
0x8706aab1,
0xf895fc5a,
0xf24020d4,
0x1c05aa63,
0xf895fc4f,
0xf44f20d5,
0x1c05aab2,
0x22f0fc48,
0x5e05aa9e,
0xf895fc43,
0xaa9220d6,
0xfc3d0c05,
0x20d7f895,
0x0c05aa93,
0xf895fc37,
0xf24020d8,
0x0e05aabb,
0xf895fc30,
0xf44f20d9,
0x3e05aa2f,
0x2360fc29,
0x8207aa94,
0xc0fc362a,
0x07aad423,
0x2604aa0c,
0xaa9120db,
0xfc5a8706,
0x20dcf895,
0x0c05aad2,
0xf895fc11,
0xaad320dd,
0xfc0b0c05,
0x008105aa,
0x669e05aa,
0x1205aa31,
0x200afc15,
0xfe34f545,
0xaae62308,
0xaa0c4807,
0xfe2b1205,
0x0e9408aa,
0xaa03f001,
0xfe221205,
0x22082300,
0x3605aae6,
0x04aafbfa,
0xaefe1912,
0xc0f3c668,
0x692e0066,
0x4f2301d1,
0x05aa14f4,
0xf0014691,
0x1e05aaeb,
0xaa06fe0a,
0xfbe1140b,
0x46312310,
0xdb0c06aa,
0xd50c0baa,
0x9208aafb,
0xcff00118,
0xaa4633fb,
0x011a9306,
0xaafbc9f0,
0x011a9308,
0xaafbc3f0,
0x011a930a,
0xaafbbcf0,
0x011a9306,
0xaafba4f0,
0x011a9306,
0x05aa9ff0,
0xaafdd172,
0x011a9308,
0x4ffba9f0,
0x4570faf4,
0x33fdc7f5,
0x05aa1046,
0x08aa169e,
0x10fdbe26,
0x07aa0223,
0xaafb9626,
0xaac00604,
0x013e9309,
0x03fbd9f0,
0x3e9305aa,
0xfe9df001,
0x26820aaa,
0x3a05aa82,
0x0aaafda1,
0xaa792682,
0xfd981205,
0x3106f895,
0xf44f2240,
0x8305aa22,
0xaafb6e1c,
0xaa101004,
0xaa661009,
0xaa201005,
0xfb5e1009,
0x22402300,
0xaa8af240,
0xaa575605,
0xaa0c1e05,
0xfb4f1e09,
0x011b68ab,
0x0eaad40f,
0x95fb4444,
0x05aadaf8,
0x4126388a,
0x3c1004aa,
0x9cf8d5fb,
0x01f01220,
0x40f00102,
0x7c04aa81,
0x04aa6184,
0x02fb1d18,
0x21f24022,
0x172405aa,
0x402220fb,
0x05aa22f2,
0x04fb110c,
0x23f24022,
0x0b0c05aa,
0x402216fb,
0x05aa24f2,
0x25fb050c,
0x40462022,
0x014125f2,
0xabfafff0,
0x41011868,
0xaa8173f1,
0x016aa306,
0xaafaf6f0,
0x012e9406,
0xaafaf1f0,
0x0144a406,
0xaafaecf0,
0xaae71e08,
0x01449e07,
0x07aae2f0,
0xf0016c9e,
0x06aafadd,
0xf00144a4,
0x3c09aad8,
0x06aafad3,
0xf00144a4,
0x3c09aace,
0x3c09aac9,
0x3c09aac4,
0x20c8fabf,
0xfcf1f545,
0x44a40aaa,
0xfac8f001,
0x22422101,
0xb00a04aa,
0x1968abfa,
0x44a40daa,
0xfab9f001,
0x44a408aa,
0xfab3f001,
0x44a40aaa,
0xfaacf001,
0x44a408aa,
0xfaa6f001,
0x44a408aa,
0xfaa0f001,
0x44a408aa,
0xfa87f001,
0x44a408aa,
0xfa81f001,
0x44a40aaa,
0xfa8df001,
0x44a408aa,
0xfa74f001,
0x44a408aa,
0xfa6ef001,
0x44a40aaa,
0xaa7af001,
0x06aa0e05,
0xf00144a4,
0x06aafa73,
0x462044a4,
0xf0012113,
0xf8b5fa6c,
0x4af100e6,
0xf4202300,
0xf0206078,
0x4616000b,
0x0cc004c0,
0x1033f852,
0x0cc3ea4f,
0xf0414288,
0x4462809c,
0x3a036852,
0xeb062300,
0x684901c3,
0x1405aa8a,
0x6033f856,
0x00a508aa,
0x0274f022,
0xb2d24332,
0xfa31f001,
0x08a508aa,
0x0210f022,
0x2216ea42,
0x261604aa,
0xa508aafa,
0x20f00112,
0xa508aafa,
0x1af00112,
0xa508aafa,
0x14f00112,
0xa508aafa,
0x0ef00112,
0xa508aafa,
0x08f00112,
0xedf895fa,
0x05aa1c20,
0xabfa020c,
0x24011a68,
0x12a509aa,
0xf9f9f001,
0x12a508aa,
0xf9f3f001,
0x12a508aa,
0xf9edf001,
0x12a50aaa,
0xf00102ef,
0xaa4af9e5,
0x0116a505,
0xaaf9e0f0,
0x0116a508,
0xaaf9daf0,
0x0116a50a,
0xaaf9e6f0,
0x0116a50a,
0xaaf9dff0,
0x0116a50a,
0xaaf9d8f0,
0x0116a50a,
0xaaf9d1f0,
0x0116a50a,
0xaaf9caf0,
0x0116a50a,
0xaaf9c3f0,
0x0116a50a,
0xaaf9bcf0,
0x01348f06,
0x95800df3,
0x0330fbf8,
0xaab2db3b,
0x0124a506,
0xaaf9aef0,
0xaaf85a05,
0x0124a50a,
0xaaf9a4f0,
0x0124a508,
0xaaf98bf0,
0x0124a50a,
0xaaf997f0,
0x0124a508,
0xaaf97ef0,
0x0124a508,
0xdb46203b,
0x88f001b2,
0xa508aaf9,
0x6ff00128,
0xa50aaaf9,
0x7bf00128,
0xa50aaaf9,
0x74f00128,
0xaa0e05aa,
0x0128a506,
0x05aa6df0,
0xaa19769e,
0x67728405,
0xa508aaf9,
0x61f00128,
0x7af44ff9,
0x7ff54570,
0xa508aafb,
0xa3f00128,
0x8608aaf9,
0xaaf93f00,
0x01129b06,
0xaaf93af0,
0x35129b08,
0x8608aaf9,
0x0af93028,
0x62f54520,
0x1e8805aa,
0xaa4ad505,
0x0128a507,
0xabf924f0,
0x05011e68,
0xaa2300d5,
0x0126a506,
0xabf92ef0,
0x04011868,
0x29464ad5,
0xfe462046,
0xabfcf2f7,
0x00f3c368,
0x40b10373,
0xc0215423,
0x4e8605aa,
0xf8d5f91c,
0x07d93098,
0x832ef140,
0xf0014849,
0xf895fad2,
0x227f3134,
0xaa75f240,
0x0c2c8d05,
0x35f895f9,
0x4f227f31,
0x05aabbf4,
0xf9040089,
0xaa36f895,
0xaa772005,
0xf8fc2005,
0xaa37f895,
0xaabc2005,
0xf8f42005,
0xaa38f895,
0xaa792005,
0xf8ec2005,
0xaa39f895,
0xaabd2005,
0xf8e42005,
0xaa3af895,
0xaa7b2005,
0xf8dc2005,
0xaa3bf895,
0xaabe2005,
0xf8d42005,
0xaa3cf895,
0xaa7d2005,
0xf8cc2005,
0xaa3df895,
0xaa871005,
0xf8009806,
0xaa3ef895,
0xaac43005,
0xf8bc3005,
0xaa3ff895,
0xaa892005,
0xf8b42005,
0xaa40f895,
0xaac52005,
0xf8ac2005,
0xaa41f895,
0xaa8b2005,
0xf8a42005,
0xaa42f895,
0xaac62005,
0xf89c2005,
0xaa43f895,
0xaa8d2005,
0xf8942005,
0xaa44f895,
0xaac72005,
0xf88c2005,
0xaa45f895,
0x118f2005,
0x25b4e003,
0x268ef100,
0x04aaf100,
0x95f87f1a,
0x05aa46f8,
0x05aa991a,
0x95f8773a,
0x05aa47f8,
0x05aacd3a,
0x95f86f3a,
0x05aa48f8,
0x05aa9b20,
0x95f86720,
0x05aa49f8,
0x06aace20,
0x95f8009c,
0x05aa4af8,
0x05aa9d20,
0x95f85720,
0x05aa4bf8,
0x06aacf20,
0x95f8008c,
0x05aa4cf8,
0x05aa9f20,
0x95f84720,
0x05aa4df8,
0x05aad020,
0x95f83f20,
0x05aa4ef8,
0x05aaa120,
0x95f83720,
0x05aa4ff8,
0x05aaab10,
0x95f82f10,
0x05aa50f8,
0x05aad630,
0x95f82730,
0x05aa51f8,
0x05aaad20,
0x95f81f20,
0x05aa52f8,
0x05aad720,
0x95f81720,
0x05aa53f8,
0x05aaaf20,
0x95f80f20,
0x05aa54f8,
0x06aad820,
0x95f80098,
0x05aa55f8,
0x2011b120,
0xfff00046,
0x56f895ff,
0xd92005aa,
0x1004aa71,
0xf895fff7,
0x2005aa57,
0x2005aab3,
0x23f0ffef,
0xaa5df240,
0x001e9205,
0xf0ffe8f0,
0xdaf44f23,
0x009005aa,
0xffe1f000,
0xf44f2310,
0x0e07aadb,
0x2300ffda,
0x04aa2210,
0x0e04aa10,
0xaa20ffd3,
0xffcc1c0b,
0xaa202300,
0xffc51c09,
0x1c0baa40,
0x2300ffbe,
0x1c09aa40,
0xaa80ffb7,
0xffb01c0b,
0xaa802300,
0xffa91c09,
0xf2402301,
0x8107aab7,
0x00ffa20c,
0xaa220123,
0x04aa1004,
0x02ff9b0e,
0x941c0baa,
0x022300ff,
0x8d1c09aa,
0x0baa04ff,
0x00ff861c,
0x09aa0423,
0x08ff7f1c,
0x781c0baa,
0x082300ff,
0x711c09aa,
0x0baa10ff,
0x05aa6a1c,
0x08aa6081,
0x05aa631c,
0x07aab91c,
0x07aa5c1c,
0x05aab91c,
0x20ff551c,
0x4e1c0baa,
0x7c8105aa,
0x471c08aa,
0x0baa40ff,
0x05aa401c,
0x08aa7c81,
0x80ff391c,
0x321c0baa,
0x7c8105aa,
0x2b1c08aa,
0x4f2301ff,
0x07aaddf4,
0xaa241882,
0xaa7c8105,
0x04aa1004,
0x02ff1d0e,
0x161c0baa,
0x7c8105aa,
0x0f1c08aa,
0x0baa04ff,
0x05aa081c,
0x08aa7c81,
0x08ff011c,
0xfa1c0baa,
0x0c9405aa,
0xf31c08aa,
0x0baa10fe,
0xaafeec1c,
0xaa5c8306,
0xaae51c06,
0xaade1c05,
0xaade1c07,
0xaade1c07,
0xfed71c05,
0x1c0baa20,
0x06aafed0,
0x06aa7883,
0x40fec91c,
0xc21c0baa,
0x8306aafe,
0x1c06aa78,
0xaa80febb,
0xaab41c0b,
0xaa289305,
0xfead1c08,
0xf2402301,
0x8207aabd,
0xaafea618,
0xbd788306,
0x188205aa,
0xaa02fe9f,
0xfe981c0b,
0x788306aa,
0x911c06aa,
0x0baa04fe,
0xaafe8a1c,
0xaa788306,
0xfe831c06,
0x1c0baa08,
0x8105aa7c,
0x1c08aa7c,
0xaa10fe75,
0xaa6e1c0b,
0xaa608105,
0xfe671c08,
0xf2402320,
0x1c07aabf,
0x8105aa60,
0x1004aa60,
0x590e04aa,
0x0baa40fe,
0x05aa521c,
0x08aa6081,
0x80fe4b1c,
0x441c0baa,
0x608105aa,
0x3d1c08aa,
0x608105aa,
0x361c08aa,
0x608107aa,
0x2f1c06aa,
0x608105aa,
0x281c08aa,
0x608107aa,
0x211c06aa,
0x608105aa,
0x1a1c08aa,
0x608107aa,
0x131c06aa,
0x608105aa,
0x0c1c08aa,
0x608107aa,
0x051c06aa,
0x288105aa,
0x608108aa,
0x06aafdfe,
0x06aa2881,
0xaaf76081,
0xaa6a9d05,
0xfdf01c08,
0x288106aa,
0xe91c06aa,
0x98f8d5fd,
0x4006da30,
0xfd832df1,
0x9ff00048,
0x10f895ff,
0x3c8805aa,
0x8305aab6,
0x95fdd928,
0x05aa11f8,
0xaa6d3c88,
0xfdd13005,
0xaa12f895,
0xaab72005,
0xfd008406,
0xaa13f895,
0xaa6f2005,
0xfdc12005,
0xaa14f895,
0xaab82005,
0xfdb92005,
0xaa15f895,
0xaa712005,
0xfdb12005,
0xaa16f895,
0xaab92005,
0xfd008806,
0xaa17f895,
0xaa732005,
0xfda12005,
0xaa18f895,
0xaaba2005,
0xfd992005,
0xaa19f895,
0xaabf1005,
0xfd911005,
0xaa1af895,
0xaa7f3005,
0xfd893005,
0xaa1bf895,
0xaac02005,
0xfd812005,
0xaa1cf895,
0xaa812005,
0xfd792005,
0xaa1df895,
0xaac12005,
0xfd712005,
0xaa1ef895,
0xaa832005,
0xfd692005,
0xaa1ff895,
0xaac22005,
0xfd612005,
0xaa20f895,
0xaa852005,
0xfd008406,
0xaa21f895,
0xaac32005,
0xfd512005,
0xaa22f895,
0xaac81005,
0xfd491005,
0xaa23f895,
0xaa913005,
0xfd413005,
0xaa24f895,
0xaac92005,
0xfd392005,
0xaa25f895,
0xaa932005,
0xfd312005,
0xaa26f895,
0xaaca2005,
0xfd292005,
0xaa27f895,
0xaa952005,
0xfd008406,
0xaa28f895,
0xaacb2005,
0xfd192005,
0xaa29f895,
0xaa972005,
0xfd112005,
0xaa2af895,
0xaacc2005,
0xfd092005,
0xaa2bf895,
0xaad11005,
0xfd008806,
0xaa2cf895,
0xaaa33005,
0xfcf93005,
0xaa2df895,
0xaad22005,
0xfcf12005,
0xaa2ef895,
0xaaa52005,
0xfc008406,
0xaa2ff895,
0xaad32005,
0xfce12005,
0xaa30f895,
0xaaa72005,
0xfcd92005,
0xaa31f895,
0xaad42005,
0xfcd12005,
0xaa32f895,
0xaaa92005,
0xfcc92005,
0xaa33f895,
0xaad52005,
0xfcc12005,
0x8c0baa0f,
0xf0fcba4e,
0x089f09aa,
0xfcb3f000,
0xf2402301,
0x0e07aab5,
0x06aafcac,
0xaab51486,
0xfca54805,
0x1c0baa02,
0x06aafc9e,
0x06aa1486,
0x04fc971c,
0x901c0baa,
0x8606aafc,
0x1c06aa14,
0xaa08fc89,
0xfc821c0b,
0x148606aa,
0x7b1c06aa,
0x0baa10fc,
0xaafc741c,
0xaa748706,
0xfc6d1c06,
0x1c0baa20,
0x06aafc66,
0x06aa7487,
0x40fc5f1c,
0x581c0baa,
0x8606aafc,
0x1c06aa4c,
0xaa80fc51,
0xfc4a1c0b,
0x4c8606aa,
0x431c06aa,
0x0baa01fc,
0xaa3c688d,
0xaa608105,
0x35688d08,
0xdc1c05aa,
0x2e1c07aa,
0xdc1c07aa,
0x271c05aa,
0x0baa02fc,
0x05aa201c,
0x08aa7c81,
0x04fc191c,
0x121c0baa,
0x7c8105aa,
0x0b1c08aa,
0x0baa08fc,
0x05aa041c,
0x08aa7c81,
0x10fbfd1c,
0xf61c0baa,
0x8b06aafb,
0x1c06aa50,
0xaa20fbef,
0xe0021c09,
0x2698bf00,
0xf000f100,
0x06aafbe4,
0x06aa588b,
0x40fbdd24,
0xd6400baa,
0x109e05aa,
0xcf1c08aa,
0x0baa80fb,
0x05aac81c,
0x08aa26a1,
0x01fbc11c,
0x708d0baa,
0x06aafbba,
0x06aa6483,
0xaab3708d,
0xaabb1c05,
0xaa008408,
0xaabb1c07,
0xfb008406,
0x1c0baa02,
0x06aafb9e,
0x06aa0084,
0x04fb971c,
0x901c0baa,
0x8406aafb,
0x1c06aa00,
0xaa08fb89,
0xfb821c0b,
0x008406aa,
0x7b1c06aa,
0x0baa10fb,
0x05aa741c,
0x08aa0482,
0x20fb6d1c,
0x661c0baa,
0x7c8105aa,
0x5f1c08aa,
0x0baa40fb,
0x07aa581c,
0x06aa0ca0,
0x05aa511c,
0x08aa08c2,
0x05aa4a1c,
0x08aa7c81,
0x01fb431c,
0x708d0baa,
0x8105aa3c,
0x8d08aa60,
0x05aa3570,
0x08aadf1c,
0x07aa0084,
0x06aadf1c,
0x02fb0084,
0x201c0baa,
0x7c8105aa,
0x191c08aa,
0x0baa04fb,
0x05aa121c,
0x08aa7c81,
0x08fb0b1c,
0x041c0baa,
0x7c8105aa,
0xfd1c08aa,
0x0baa10fa,
0xaafaf61c,
0xaa008406,
0xfaef1c06,
0x1c0baa20,
0x06aafae8,
0x06aa7883,
0x40fae11c,
0xda1c0baa,
0x4ebf05aa,
0xd31c08aa,
0x0baa80fa,
0x05aacc1c,
0x08aa409f,
0xaafac51c,
0xbe708d0c,
0x8d0caafa,
0xaafab770,
0x007ea20c,
0x05aaaff0,
0xa208aa10,
0xa7f0003a,
0xaa1005aa,
0x007ea208,
0x05aa9ff0,
0xa206aa76,
0x98f0007e,
0xaa1e05aa,
0x007ea208,
0xaafa90f0,
0x764ea506,
0x460eaab9,
0x4633fa84,
0x7ea208aa,
0xfa7df000,
0x7ea208aa,
0x80e3f000,
0x7ea208aa,
0xfa5ef000,
0x7ea208aa,
0xfa58f000,
0x7ea208aa,
0xfa52f000,
0x7ea208aa,
0xfa4cf000,
0x7ea208aa,
0xfa46f000,
0x7ea208aa,
0xfa40f000,
0x7010f242,
0xfc71f544,
0x83f8e8bd,
0xdc022e06,
0xf7fe2310,
0x2e0bb9a7,
0x2320bfd8,
0x2330bfc8,
0xb9a0f7fe,
0xddf32e04,
0xe7f52e09,
0xdc082e06,
0xad07aa54,
0x35f00026,
0xfe2305fa,
0x0bbcabf7,
0xa8dc082e,
0x2a1609aa,
0x04aa0afa,
0xaafcbc34,
0x001abc07,
0x0ffa21f0,
0x97f7fe23,
0xe02e04bc,
0xe82e09dd,
0x102300e7,
0x05aa8e22,
0x00fa142c,
0x0df7fe23,
0x202300bd,
0x0b1207aa,
0x171205aa,
0x402300bd,
0x021207aa,
0x221205aa,
0x802300bd,
0xf91207aa,
0x1204aaf9,
0x08aabd2c,
0xf9de0082,
0x8109aa80,
0x05aad868,
0xd514189d,
0x8209aa08,
0x10f9cf12,
0x128209aa,
0xaa38f9c9,
0xc3068209,
0xfe2274f9,
0xaabebcf7,
0x06aa1e04,
0x02f9ba2a,
0xb42a09aa,
0x09aa48f9,
0x71f9ae2a,
0xa7f7fe22,
0x173301be,
0x59f47e2b,
0x00482daf,
0x00fb75f0,
0x5cf7fe22,
0x1406aabf,
0x4829af5a,
0xf0002600,
0x04aafb6a,
0x75f64014,
0x04459833,
0xfbf895dc,
0xfe3b0530,
0xb8bfedf7,
0x3e6f48f5,
0xfeafeff7,
0xaabfe4f7,
0xfd209e06,
0xfffd62f7,
0xaab85df7,
0x7c448108,
0x44810baa,
0x68abf976,
0xaa13011b,
0x6d44810b,
0x44810baa,
0x810baa67,
0x74f96144,
0xaae71922,
0x5942810a,
0x42810baa,
0x810baa53,
0x71f94d42,
0x6ce70522,
0x7af10026,
0x00f10026,
0x09000000,
0x04000000,
0x0a000000,
0x10000000,
0x0b000000,
0x14000000,
0x0c000000,
0x20000000,
0x0d000000,
0x24000000,
0x0e000000,
0x30000000,
0x0f000000,
0x34000000,
0x402c07aa,
0x12000000,
0x44000000,
0x503407aa,
0x16000000,
0x54000000,
0x18000000,
0x60000000,
0x17000000,
0x64000000,
0x11000000,
0x70000000,
0x13000000,
0x74000000,
0x15000000,
0x107d04aa,
0x00190000,
0x10040000,
0xaa1a0000,
0x00104404,
0x04aa1c00,
0x00001078,
0x7804aa1d,
0x1e000010,
0x107804aa,
0xaa1f0000,
0xaa107804,
0x67148106,
0x63207465,
0x6166206c,
0x0a0d6c69,
0x6d0e05aa,
0x6c762072,
0xaa657561,
0x70721408,
0x69627265,
0x000a0d74,
0x0a09aa77,
0x2301b580,
0xaf002100,
0xf000461a,
0xbd80f8dc,
0x2300b580,
0xaf002201,
0xf0004619,
0xbd80f8d4,
0xf240b598,
0x238f21ce,
0x042204aa,
0xcaf00046,
0x442001f8,
0x80fae9f5,
0xaa228f23,
0x46201a04,
0xaac0f000,
0xfadf1405,
0x04aa238f,
0x8506aa12,
0x05aab656,
0x05aad514,
0x07aacd14,
0x05aaac14,
0x07aacb14,
0x05aacd3c,
0x05aaa23c,
0x0daac114,
0x05aa9828,
0x20fab714,
0x07aa0f46,
0x8ef0002a,
0x0e08aaf8,
0xf00021ce,
0x2300f887,
0xaa5a2280,
0xaa814205,
0xfaa02e05,
0xaa5a2380,
0xf8784007,
0x0000bd98,
0x04aa0001,
0x0806aa04,
0x4b0ab5b0,
0xaf00b082,
0xf1074c09,
0xeb050508,
0xe8870080,
0x37080018,
0x5c08f850,
0x13f8f8c5,
0x0022f855,
0x46bdb2c0,
0xbf00bdb0,
0xf0188000,
0xf00f8000,
0x2afeb5f0,
0xb0834d0d,
0xaa0daf00,
0x06063604,
0x3d0080eb,
0x50607c60,
0x046c08f8,
0xf8f8c6d1,
0xbd370c33,
0xaabdf046,
0xc00c1407,
0x4613f8f8,
0xf33022f8,
0x440aaae7,
0xaf00b580,
0xbd806800,
0x6001b580,
0xbd80af00,
0x4070f100,
0xf500b580,
0x08aa3000,
0x03f3c018,
0x1a04aa20,
0xb2c0b580,
0xca0806aa,
0x03f3c1b2,
0xffaf0021,
0xaaffa4f7,
0x46131004,
0xaf00b2ca,
0xff1404aa,
0x80ffb5f7,
0x14b598bd,
0x92120baa,
0x984020ff,
0xf8e92dbd,
0x04aacc43,
0x46992638,
0x46314615,
0xaf004622,
0xf7ff4680,
0xea20ff83,
0xea050005,
0x46220509,
0x46314305,
0x4640b2eb,
0xbd3404aa,
0xaa83f8e8,
0x04aa5a04,
0x05aae166,
0x05aa1c54,
0x20ffd10c,
0x98b2c041,
0x00b598bd,
0x047c3caf,
0xdbf303fa,
0xd0f7ffb2,
0x6206aaff,
0x460e4605,
0x4690af00,
0x240a4699,
0xf5442002,
0x4631f9e6,
0xf7ff4628,
0xea00ffa5,
0x45480008,
0x3c01d004,
0x4620d1f2,
0x015e04aa,
0x0604aa20,
0x41f0e92d,
0xd205aa80,
0xff461e02,
0x04ffddf7,
0x29b94846,
0xff464046,
0x32ff8bf7,
0x29460346,
0x00480346,
0xaaf95ef0,
0x81f03404,
0x29ccbf00,
0xe92df100,
0x250043b0,
0x8305aa16,
0x4f4a1530,
0x4f0800f0,
0x530900f0,
0x074021f8,
0x120108f1,
0x05aa014b,
0x000c3e83,
0x00a42203,
0x1c08f850,
0x747ff404,
0xf8c1440c,
0x462a23f8,
0x0b04f854,
0x35082100,
0xe8ecf544,
0xea482d40,
0xea490800,
0xd1f20901,
0x46494640,
0x46bd3708,
0x83b0e8bd,
0xf1009130,
0x20830aaa,
0x400a4042,
0x4050af00,
0x3101bd80,
0x6805b5b0,
0xaf002401,
0xf101fa04,
0xfa034094,
0x1b09f202,
0x4011406a,
0x60014069,
0x6863bdb0,
0x706b6365,
0x5b207968,
0x30257830,
0x3d5d7833,
0x78323025,
0x72726520,
0x203a726f,
0x0a0c04aa,
0xffffff00,
0x000000ff,
0x0404aa00,
0x900404aa,
0x03f020b5,
0x03f00004,
0xff00c000,
0xc9682322,
0x004082b2,
0x02ea23af,
0x00fa0103,
0x204318f0,
0x2dbd9060,
0x0e47f0e9,
0x94469146,
0x9aaf00b0,
0x98463d46,
0x301c7cb9,
0xff463821,
0xa0ffe0f7,
0xa846b146,
0xa4d12145,
0x000408eb,
0xff193021,
0x20ffd6f7,
0x05aa5046,
0x87f04a81,
0xfbb0463c,
0xfb09f8f9,
0x44500018,
0x0303f020,
0xc16804aa,
0x01462000,
0x23681b34,
0xc9f101fa,
0xbef7ffb2,
0x004640ff,
0xd9d1ea28,
0xfff108e7,
0x28464838,
0x090303f0,
0x190901f1,
0x03f00868,
0xd900db03,
0x2604aa40,
0xe7cbffab,
0xf44fb580,
0xaf007082,
0xfeacf7ff,
0xbd80b2c0,
0x4c0bb5b0,
0x6823af00,
0xd10e3301,
0x7080f44f,
0xfea0f7ff,
0x04aa4605,
0xffb2ad0a,
0x00fe9af7,
0x70f4000a,
0x20432820,
0xb0682060,
0xf0bf00bd,
0x80f10029,
0x4004aab5,
0xf5a0ffe2,
0xf46f20e4,
0x441863ce,
0xd8092804,
0xfa032301,
0xf010f000,
0xf04f0f15,
0xbf1830ff,
0xbd802002,
0x800a04aa,
0x04b598bd,
0x788405aa,
0x3204aac9,
0xcef46f23,
0x04441362,
0x01d80a2b,
0x10409820,
0x060015f0,
0x882c02d0,
0x982000bf,
0x982001bf,
0x982000bd,
0xca3209aa,
0x581b03ff,
0xaa415842,
0xaaa7120a,
0xaa0b440d,
0xd0074409,
0x28011ee0,
0xb0460eaa,
0x14460db5,
0xbe3605aa,
0x00b908ff,
0xffbdb020,
0x85ffa1f7,
0x20d1f942,
0xd6f7ff46,
0x183000ff,
0xb02001bf,
0x804b03bd,
0x18af00b5,
0x9a605970,
0x00bd8060,
0x0029f4bf,
0x06aa02f1,
0x08aa7814,
0x2db40f10,
0x7d4ff0e9,
0x00b08b4e,
0x402e00af,
0x0780eef0,
0x340950f1,
0x04f85946,
0x0278152b,
0x000801f1,
0xe3f0002d,
0x402d2580,
0x5380cef0,
0x2a2b2d78,
0x02f102d0,
0x7a220008,
0x292b3060,
0x00f898d1,
0x01f10830,
0x01f04f08,
0x0a25000b,
0x30f1a320,
0x09b2d102,
0x2ed91f29,
0x05aa092b,
0x01f10b1e,
0x2204aa0b,
0x091a04aa,
0x64d9182a,
0x18d01d2b,
0x1a2b58d8,
0x5a2b63d0,
0xca4618d0,
0x28f54446,
0x02e052f9,
0x930803f1,
0xd2220178,
0x00f04fe7,
0x00e7d80b,
0x182505fb,
0xd53b01f8,
0x0604aae7,
0x2b73e7df,
0x2b78d038,
0xf109d1e6,
0xf8d90a04,
0x2b640000,
0x2b78d005,
0x2b58d024,
0x4b4ed129,
0x2800e021,
0x4240da1b,
0x092df04f,
0x220a4b4b,
0x0108f107,
0x0408f107,
0xfeaef7ff,
0x1bad4606,
0x0f00f1b9,
0x3d01d02a,
0x0f00f1bb,
0x4648d075,
0xf8eef544,
0xb34b687b,
0x0b30f04f,
0xf04fe037,
0xe7e30900,
0xaa104b3e,
0xf7ff3805,
0x4606fe94,
0x073e04aa,
0x00f8d9e0,
0x7204aa40,
0xf0054620,
0x4606ee84,
0xd72a04aa,
0x00f899e7,
0x1604aa00,
0xf8cbf544,
0x04aae04b,
0x7bd1d854,
0x4fb33b68,
0x100b20f0,
0x04f8d7e0,
0x5804aa90,
0x2b00462b,
0x1e6bdc20,
0x75e5ea25,
0x8105aa5d,
0x05aa0202,
0xa1f8b17a,
0x09eba646,
0x00442303,
0x26dc172b,
0x0173e6ea,
0xf6441c3e,
0x2b687b1a,
0x232d00b3,
0x014658dd,
0x9ef5443d,
0xaae7f8f8,
0xe7db5004,
0x603b4658,
0xf896f544,
0x3b01683b,
0xf819e7d5,
0x4658bb01,
0xf88ef544,
0x0f0af1bb,
0x200dd1da,
0xf888f544,
0x4628e7d6,
0xf884f544,
0xaa022d0a,
0xf87f1205,
0x46d146ca,
0xe71c4642,
0x2b00687b,
0x04aad0da,
0x00e7c04a,
0x06aa2c20,
0x044f7e86,
0x004770b0,
0x12000000,
0xf6f1002e,
0x01f1002d,
0x8606aa2e,
0x30e7fe00,
0x34333231,
0x38373635,
0x0aaa0039,
0x6362610b,
0xaa666564,
0x4241110b,
0x46454443,
0xe92d0000,
0x460c43f8,
0xaf004616,
0x21002210,
0xf7ff4605,
0x2c04fd0e,
0xd0254681,
0x06aa2c03,
0x043f7e89,
0x241fbf08,
0x21d5b2e4,
0x8a05aa22,
0x83fcfe70,
0x22b2db19,
0xaa21d546,
0xfd010e04,
0x0f00f1b9,
0x221fd10c,
0xef1006aa,
0x10f100fc,
0x42b2db03,
0x05aad646,
0x05aaf110,
0xf04f3c95,
0x243f081f,
0xe92de7dc,
0x2a034ff8,
0x0308f04f,
0x0400f04f,
0x2310bf18,
0x4605af00,
0x469a4616,
0x46a046a1,
0xf5432001,
0x2280fefb,
0x3a05aa3e,
0x2240fcca,
0x06aa4683,
0xbbfcc40c,
0x140f80f1,
0x122840d0,
0x314652d0,
0x08462846,
0xff0801f1,
0xb8ffa0f7,
0x040f3ff1,
0x40f1b9dc,
0x00d0010f,
0x4fd0dd2c,
0xbd30fff0,
0xaa8ff8e8,
0xd1133004,
0xd0212840,
0xf04f2440,
0x06aa32ff,
0xff882c8c,
0x9b5e08aa,
0x192880fc,
0xf03c01d1,
0xdc2440d1,
0x012440e7,
0x2206aa22,
0xaa40ff77,
0xfc8a2207,
0xd1082840,
0xd1f13c01,
0x2001e7ed,
0x0901f109,
0xfeacf543,
0x2000e7c6,
0xaa6004aa,
0x005cde08,
0x9ff0002a,
0x01b11080,
0x10bf1828,
0x20b2d322,
0x05aa1f46,
0xf7ff5ace,
0x2001fc74,
0xfe93f543,
0x48bd08aa,
0xfc6bf7ff,
0x60cf08aa,
0xfc65f7ff,
0xf0402d03,
0x23008089,
0xd305aa10,
0x5cf7ff54,
0xff2302fc,
0x4df24022,
0x550e05aa,
0xff23fcfc,
0x13f44f22,
0x0e04aa71,
0x2310fc4e,
0xf240221f,
0x1c05aa43,
0xa005aa47,
0x10f44f06,
0x401c05aa,
0x202320fc,
0xaa461a46,
0xf7ff1004,
0x2002fc39,
0xfe58f543,
0xaa4af240,
0xfc162c05,
0xd5f80683,
0x473c04aa,
0x1f1005aa,
0x06221ffc,
0x12f44f46,
0x183c05aa,
0x054633fc,
0x05aa1f46,
0x21417298,
0xfc1af7ff,
0x4620462b,
0x422e04aa,
0x13f7ff21,
0x05aa33fc,
0x1df44f0e,
0x0cf7ff71,
0x4f1c07aa,
0xff711cf4,
0x07aa05f7,
0x75f2401c,
0xfef7ff21,
0x3808aafb,
0xf7ff2171,
0xaa80fbf7,
0xf012810b,
0x05aac0fb,
0x77f2400e,
0xe9f7ff21,
0xaa4620fb,
0xaa009c06,
0xfbe21c04,
0xbdf82000,
0x08aa2310,
0xfbda3482,
0x2d04e767,
0xaf7af47f,
0x461a2310,
0x06aae772,
0x01c70896,
0x508d06aa,
0x00000009,
0x0c07aacc,
0xc30404aa,
0x050c07aa,
0xc8000000,
0xaa0c07aa,
0xaac40704,
0x00060c07,
0xaac90000,
0x00070c07,
0xaaca0000,
0x00080c07,
0xaacb0000,
0x60aa0c07,
0x0c04aa60,
0x540baaec,
0x6c0baae4,
0x540baaed,
0x540baae5,
0x0c07aaea,
0x00000002,
0x600baae6,
0x0c07aaeb,
0x00000003,
0x810baae7,
0x0baae840,
0xaae92881,
0x0baa7878,
0x04aa2378,
0x7807aa41,
0x0c07aa18,
0x247804aa,
0xaa0c07aa,
0xaa192b04,
0x04aa0c07,
0x07aa2178,
0x0704aa0c,
0x0c07aa1a,
0x227804aa,
0xaa0c07aa,
0xaa1b7804,
0x04aa0c07,
0x07aa1c78,
0x7804aa0c,
0x0c07aa20,
0xaa7878aa,
0xaa70920c,
0xb5b00808,
0xf2402301,
0xaf0011c1,
0x4605461a,
0xfa6ff7ff,
0x22012400,
0x71f0f44f,
0xf7ff4628,
0x2800fa5e,
0x3401d1f6,
0xd1f42c03,
0x11cff240,
0x431404aa,
0xe7f44ffa,
0x05aa0471,
0xfa3d0289,
0x2004ea40,
0xaab0bdb0,
0xaa0c9a07,
0x04aa4a04,
0x0daa4c46,
0x13aa3b46,
0x0baa2046,
0x09aa1a46,
0x4f230146,
0xaa71f1f4,
0x290c8108,
0x404605aa,
0x05aa13f2,
0xaa186489,
0xaa02460d,
0xf9fd1405,
0x2101f240,
0xf74606aa,
0x810eaaf9,
0x4a04aa0c,
0x064604aa,
0xf5460daa,
0x4612aaf9,
0x460baada,
0x4609aad4,
0xf2402301,
0x9b05aa16,
0x4604aa70,
0x06aaf9e3,
0x05aa3b46,
0x0daad232,
0x05aa2746,
0x40f9b714,
0x07aa26f2,
0x0faab146,
0x04aa0c81,
0x4604aa4a,
0x460daac0,
0x4613aaaf,
0x460baa94,
0x4609aa8e,
0xb0822909,
0xd813af02,
0xd8112a09,
0xb2ccb2c5,
0x22f02304,
0x71e0f44f,
0x94004628,
0xf9bdf7ff,
0x23009400,
0xf44f220f,
0x8205aaf8,
0xbdf9b570,
0x3618aa46,
0x11e1f240,
0xa23606aa,
0xaa9400f9,
0xaaef1206,
0x9a128305,
0x15361daa,
0x3606aa21,
0x6c07aa87,
0x7f3608aa,
0x003605aa,
0x09b5f000,
0x83460c29,
0x02461eb0,
0x09d82caf,
0x17d82a2a,
0x17b2c54b,
0x38b2f64a,
0x21f8137f,
0x21f81230,
0x31491420,
0x001024f8,
0x3804aa90,
0x4b12f963,
0x46284a12,
0xf8134912,
0xf8123024,
0x05aa2024,
0xf7ff961c,
0x4b0ef956,
0x490f4a0f,
0x0daa7e38,
0x3605aa1a,
0xaa04f948,
0x004a9c05,
0x008ea8bf,
0x008ed0f1,
0x008ef8f1,
0x008e30f1,
0x008e58f1,
0x008e80f1,
0x009708f1,
0x008de0f1,
0x008e08f1,
0x8130aaf1,
0x19aa1914,
0xaa0c1481,
0xfe14811b,
0x8108aaf8,
0x008d6814,
0x008d90f1,
0x008db8f1,
0x008cf0f1,
0x008d18f1,
0x008d40f1,
0x0096e0f1,
0x008ca0f1,
0xaa8cc8f1,
0xcf148132,
0x8118aaf8,
0xaaf8c214,
0xb414811a,
0x148109aa,
0xf1008c28,
0xf1008c50,
0xf1008c78,
0xf1008bb0,
0xf1008bd8,
0xf1008c00,
0xf10096b8,
0xf1008b60,
0xf1008b88,
0x4ff0e92d,
0xf8df2500,
0xb08db194,
0x4604af02,
0x46a94688,
0x61bd46da,
0x613d61fd,
0x617d60fd,
0x627d623d,
0x3000f8db,
0x46412200,
0x47984620,
0x46416a3b,
0x93012200,
0x6a7b4620,
0x9000f8cd,
0x6004f8db,
0xf8db47b0,
0x04aa3008,
0x0cf8db1e,
0x2060b820,
0x04aa9046,
0xaa782012,
0x68bb0a05,
0x031604aa,
0xbb462044,
0x79479060,
0x1a04aa68,
0x46204401,
0x10aa6079,
0x796a7b1c,
0x09ea4368,
0x086a3b02,
0xbb431344,
0x83d10468,
0xc5bf3842,
0x1dbf281a,
0x10f8da1a,
0x83b9da20,
0x5ed31d42,
0x9407aad8,
0x6a3b8f5c,
0x627b464a,
0x61b92101,
0x6a7be003,
0x61bb464a,
0x6a392301,
0x6a7960f9,
0x9010f8c7,
0x61794691,
0x627b2201,
0xe79e623a,
0xd1e42a01,
0xd93c4283,
0x2a016a7a,
0x5605aa19,
0xbf281ac0,
0x69fb1a18,
0xd2d74283,
0x810baada,
0x0168fb60,
0x00693b93,
0xda697b93,
0xaa5004f8,
0x47a81606,
0x04aae7c5,
0x281ac334,
0xb91a1bbf,
0xfb0f13f1,
0xfbd90e61,
0xb942ab69,
0x3c0caad9,
0x93012300,
0x04aa9300,
0x3be7e238,
0xae2b006a,
0x0961bbd0,
0x7b0201f1,
0xa4e7b36a,
0xc069bad2,
0x022a011a,
0x1869bae0,
0xc12a011a,
0xf86a7bd0,
0xa22b0161,
0x5004aad1,
0x69fbd903,
0xd292429d,
0x06aae7d7,
0x94210030,
0x64bf00e7,
0xf8f10033,
0x05aa0ab5,
0x290132eb,
0x2902d01e,
0x2900d037,
0xaa02d14e,
0xfe008805,
0x60ffb1f7,
0x634e2423,
0x6018f543,
0x2a441e33,
0x0c462068,
0xff461135,
0x15fde5f7,
0x352c04f8,
0x201c08f8,
0x71f7fe46,
0xf042b5ff,
0x02bdf8d1,
0x008805aa,
0xff96f7fe,
0xaa182378,
0xaa783605,
0xaa56361b,
0xf2403607,
0x4e0d2115,
0xff7bf7fe,
0x12aa2378,
0x0daae634,
0x07aa3c34,
0x0030c434,
0x003184f1,
0xaa3274f1,
0x02608406,
0x8546042b,
0x98af02b0,
0x00607a46,
0x018376f2,
0xd6b2c52b,
0xb7f0004e,
0x01f04f81,
0xcd2b0209,
0x4b9000f8,
0x06f04f46,
0x8bf00002,
0xc1f24082,
0xfe462811,
0xaaff50f7,
0x06aa1804,
0x06aa0289,
0x05aa4712,
0xc0230612,
0xeef44f22,
0x1204aa71,
0xc107aa3e,
0x2011f10c,
0x18f8df46,
0x0df7fea3,
0x46c207aa,
0x04aa71f8,
0xfeb30812,
0x07aa04f7,
0x11df68c1,
0xf7fe4620,
0x08aafefd,
0x11f7fe1e,
0x180aaaff,
0xaa08ff0b,
0xaa568205,
0xff050c04,
0x628206aa,
0xff0c04aa,
0x09aa04fe,
0x4ffef90c,
0x43707af4,
0xaaf8fdf5,
0xaa52b006,
0xfed41606,
0x4609aa80,
0xaa40fee8,
0xfee20c09,
0x499e2260,
0x43622300,
0xeb016133,
0x32600902,
0x0802eb01,
0x46204b9a,
0xf8d94a9a,
0xe8861000,
0xf8c60408,
0x60b2b00c,
0xfe3cf7ff,
0x2b03687b,
0xf8b9d106,
0x04aa1004,
0xc9fe8f3c,
0x090008f8,
0xc1090cf1,
0x07aae545,
0x04aa7083,
0x00feb818,
0x0022f023,
0x1004aa93,
0x46282304,
0xaabdf7fe,
0xf140bf05,
0x60b005aa,
0xfe8ef7fe,
0xaaf22302,
0xfe872e09,
0x0e0baa82,
0xaa92fe80,
0xfe790e0b,
0x0e0baa12,
0xaa52fe72,
0xfe6b0e0b,
0x0e0baa72,
0xaa62fe64,
0xfe5d0e0b,
0x0e0baa42,
0x700daa56,
0xaa00fe4f,
0xaa480e0b,
0xf2401c05,
0x8205aae1,
0x05aa410e,
0x0e08aa38,
0x7005aa3a,
0x330e08aa,
0xaa7005aa,
0xaa2c0e08,
0x08aa7005,
0x22fe250e,
0x1e0e0baa,
0x0baa32fe,
0x05aa170e,
0x08aa4481,
0x0daa100e,
0x05aa0970,
0x08aa7c81,
0x05aa020e,
0x08aa7c81,
0xaafdfb0e,
0xfdf42a0c,
0x0e0baa00,
0x1c07aaed,
0x04aa2115,
0xaafde60e,
0xaa368106,
0xfddf0e06,
0x368106aa,
0xd80e06aa,
0x8106aafd,
0x0e06aa36,
0x06aafdd1,
0x06aa3681,
0xaafdca0e,
0xaa368106,
0xfdc30e06,
0x368106aa,
0xbc0e06aa,
0x8106aafd,
0x0e06aa36,
0x700daab5,
0x06aafdae,
0x06aa3681,
0xaafda70e,
0xaa368106,
0xaaa00e06,
0xfd992a0d,
0x06aa4620,
0x21153881,
0xfd92f7fe,
0xaa0c2000,
0xaa168a07,
0xc4388806,
0x1df10030,
0x79f10035,
0xc1f10033,
0xbff10035,
0x00f10033,
0x4f220693,
0x05aaf1f4,
0xfda13a86,
0x8000f8cd,
0x4c9006aa,
0x981206aa,
0x061205aa,
0x4022c023,
0x05aaf3f2,
0xfd8f7086,
0x5e860aaa,
0x0978f04f,
0xaa5ef7fe,
0xaa24c205,
0x4c5e8608,
0x55f7feb3,
0x860caafd,
0xaafd4e5e,
0x625e860a,
0x180aaafd,
0x0c05aa5c,
0x628206aa,
0x06aafd56,
0x04aa0a89,
0x04fd500c,
0x4a0c09aa,
0x7af44ffd,
0x4ef54270,
0x308707aa,
0x008407aa,
0xf12e05aa,
0x390c05aa,
0xaa4642fd,
0xfd330c08,
0x23004aab,
0x61334698,
0x2904fb09,
0x0a06f028,
0x0f01f1ba,
0xaa40d106,
0x070e860b,
0x204ba3fd,
0xa2603346,
0xd960734b,
0xa11000f8,
0x0cf8c64b,
0xff60b3b0,
0xaafc84f7,
0x06aa2e06,
0x06aa50b6,
0xaafcf052,
0xcd04870e,
0x08f8c9fc,
0x01f10800,
0x0cf10908,
0x0af1b809,
0x4fd1cb0f,
0x05aaf5f4,
0xfcbf5c81,
0x71f3f44f,
0x6605aa02,
0xf240fcc1,
0x462011eb,
0xf7fe2602,
0xf240fcb3,
0x06aa11e7,
0xaafcb518,
0x9674920b,
0xfce8f7fe,
0x8705aa03,
0x1204aa3c,
0x3c8706aa,
0x220faadf,
0x4632fcd7,
0x788108aa,
0x06aafcc3,
0x06aa6a87,
0x40e6092e,
0xaa2116f2,
0xfcc53404,
0x168a0aaa,
0xbc1206aa,
0xaa1205aa,
0x37388306,
0xb31205aa,
0x52bf07aa,
0x38830aaa,
0x9f07aa82,
0x8306aa0a,
0xfeb19838,
0x07aa79f7,
0x06aa12c0,
0xfc722083,
0x38830aaa,
0x0aaafc86,
0x05aa8018,
0x8406aa0c,
0x42fc7a72,
0x0c08aa46,
0xaa04fc74,
0xfc6e1809,
0x388306aa,
0xc607aa72,
0x1606aa78,
0x2220fc49,
0xaa3af240,
0xfc5d0c05,
0x0c09aa10,
0xaa41fc57,
0x2b388321,
0x05aa39fc,
0xaa383883,
0x37388307,
0x388309aa,
0x12aafba8,
0xaa143883,
0xf138830f,
0x8312aafb,
0x21f24038,
0xe37e05aa,
0x1af240fb,
0x8306aa21,
0x40fbe520,
0xfb05aaf2,
0xf7fe2660,
0xf240fbd7,
0x1807aa1b,
0x0baafbd9,
0xfe967695,
0x09aa0cf7,
0x21153883,
0x388306aa,
0x8307aa03,
0x2208aa38,
0xaa32fbfb,
0xe71a8209,
0x8308aafb,
0x2e04aa38,
0xf04fe52d,
0xe63130ff,
0x3184bf00,
0x3553f100,
0x3655f100,
0x3405f100,
0x1c8e06aa,
0xf1003589,
0xf10036e9,
0xf1003491,
0xf100344b,
0x05aa34d7,
0xc641308e,
0x82461db2,
0x144688b0,
0xc1af0246,
0x300343f3,
0x0f930046,
0x2c230022,
0xc5f7fe21,
0x0300e3fb,
0xc50378f0,
0x234402f3,
0x43463043,
0xff13c8ea,
0x2bb2db22,
0x00930021,
0xb5f7fe23,
0x07f3c5fb,
0x3204aa23,
0x230022ff,
0xb2ed212a,
0xfbabf7fe,
0x23009500,
0x212922ff,
0xf7fe4630,
0x05aafba4,
0xb0812888,
0x00b2c4b5,
0xffaf0023,
0x05aa1822,
0xfb903a81,
0x46052300,
0xaa1722ff,
0xfb890e05,
0xaa05ea40,
0xaa009905,
0xaa1c2608,
0xaa7d1805,
0xaa1b2607,
0xaa760e05,
0xe92d2607,
0x460441f0,
0xb082460d,
0x46984616,
0x2360af02,
0x461a212c,
0xfb46f7fe,
0x46324643,
0xb2e64629,
0xf7ff4620,
0x4630ff91,
0x22802301,
0x212c9300,
0x25002307,
0xfb5ef7fe,
0x95004630,
0x22802307,
0xf7fe212c,
0x0e05aa57,
0xaa402306,
0xfb500e05,
0xaa2a462b,
0xff68b905,
0xaaff74f7,
0xaa348106,
0x0e1afa06,
0x1daf0046,
0x4422ff46,
0x048105aa,
0x22f0fb01,
0x0a05aa45,
0x22fffafc,
0x0a05aa46,
0x22fffaf7,
0x0a05aa47,
0x2200faf2,
0x0a05aa48,
0x2200faed,
0x0a05aa49,
0x2200fae8,
0x8406aa4a,
0x2200fa10,
0x0a05aa4b,
0x22fffade,
0x0a05aa4c,
0x22fffad9,
0x0a05aa4d,
0x22fffad4,
0x0a05aa4e,
0x2200facf,
0x8b06aa4f,
0x22fffa5a,
0x0a05aa50,
0x22fffac5,
0x0a05aa51,
0x22fffac0,
0x0a05aa52,
0x220ffabb,
0x0a05aa53,
0x2302fab6,
0xaa402287,
0xfa008c06,
0xaa402320,
0xfe50a605,
0x03fabdf7,
0x05aa4122,
0x3cfaa516,
0x06aa5b22,
0x00fa5a8b,
0x05aa5c22,
0x28fa9b0a,
0x05aa4222,
0x00fa960a,
0x43220323,
0xa30c05aa,
0x542e00fa,
0x05aa07d1,
0xf7fe4ab7,
0x08aafa89,
0xf7fe18b8,
0xaa80fa83,
0xaa7d0c09,
0xaa77180b,
0x6c3cc105,
0x840c05aa,
0x6c2320fa,
0x7e7e07aa,
0x09aa80fa,
0xfa780a81,
0xaa432340,
0xfaa30c07,
0x2207bbc0,
0x3005aa3e,
0x2301fa62,
0x46812207,
0x650e06aa,
0x95f240fa,
0x0a04aa31,
0x04aafa45,
0x4b468022,
0x593205aa,
0x07aae0fa,
0xfa4a1e81,
0xf1b8b990,
0xf43f0f00,
0x06aaaf36,
0x2e0150b5,
0x2381d106,
0x8107aa87,
0xa6fa4430,
0xa42e0ce7,
0xaae7f5d1,
0xfa313208,
0xd1e92880,
0x2d01e7e4,
0x2d02d019,
0x2d00d014,
0xaa80d1e2,
0xfa231c07,
0xd1db2800,
0x0e07aa20,
0x2800fa1c,
0x0002f04f,
0x05aabf08,
0x40834ea9,
0xeb214122,
0xfb2280e7,
0xf0e92de7,
0x042a034f,
0x00b08346,
0x794615af,
0x44f20060,
0xf0238082,
0x002d0222,
0x0380c8f0,
0xcef0002d,
0x002d0180,
0x4080a2f0,
0xfe310ef2,
0x0cfa01f7,
0x3a9d05aa,
0x8105aa0e,
0x13f9fa4c,
0x13f24023,
0x8106aa31,
0x02f9f37e,
0xa2f0402d,
0x1404aa80,
0x1407aa2d,
0x2601f9e9,
0x40ae2300,
0xb2f62240,
0x8105aa01,
0x33f9e00c,
0x40463246,
0x05aa65f2,
0xf9d97688,
0x04aa2300,
0x05aa5f0e,
0x05aad20e,
0xadf44f0e,
0x428a05aa,
0x0e05aacb,
0x8406aa6a,
0x3605aa26,
0xbf0c06aa,
0x0f2300f9,
0x228105aa,
0x8105aa8c,
0x05aa8c22,
0x80832281,
0x3106f240,
0xf04f4620,
0xf7fe0805,
0x2302f9ad,
0xf44f2203,
0x4a05aa40,
0x2303f9a6,
0xaa0c04aa,
0x9f148106,
0x422014f9,
0x05aabef5,
0x08aa66c8,
0x00f9c614,
0xb8d16a28,
0xf30801f1,
0xfff04fd1,
0x05aaff39,
0x05aa9f60,
0x0180d660,
0x4fd05f2d,
0x05aa42f4,
0xfff9764c,
0x3af24022,
0x05aa8031,
0x7ff96f38,
0x40468322,
0x05aa09f2,
0xf9681082,
0x46822d02,
0x8172f000,
0x743804aa,
0x402d0181,
0x4f80f1f0,
0xd30a00f0,
0x5146d046,
0x1bf240e0,
0x5ff7fe31,
0x8206aaf9,
0x05aa1b44,
0x05aa5834,
0xaa064482,
0x51308207,
0x7f2d01f9,
0x13af54f4,
0x48f44f23,
0x1c8107aa,
0x2d03f947,
0xaf5bf43f,
0xf44fe752,
0xf7fe714a,
0x4005aa3f,
0xde0c04aa,
0x35f240e7,
0x36f7fe31,
0x355207aa,
0x40e7d531,
0x7b3113f2,
0x3e04aae7,
0xf240e778,
0xe775312d,
0x0900f04f,
0xf240e796,
0x7005aa15,
0x8105aa16,
0x07aa3b40,
0xaa0f4081,
0x16408107,
0x081c05aa,
0x5f4682f9,
0xfff888fa,
0x40464322,
0x07aa1df2,
0xff687b14,
0xb1f44f22,
0x03eba871,
0xdb462003,
0xfef7feb2,
0x8bfa5ff8,
0x1604aaf3,
0x8205aa47,
0x40f8f614,
0x5f311ff2,
0x7ff38afa,
0x1004aa22,
0x04aaf8ee,
0x40e09430,
0x05aa22f2,
0xaaf8dc44,
0x714f2c04,
0xd57406aa,
0x7406aaf8,
0x1c05aa23,
0x0caaf8ce,
0x07aa2a74,
0x7404aa14,
0x1163f240,
0xc4740aaa,
0x407407aa,
0x05aa29f2,
0x4ff8bc24,
0xaa714bf4,
0xf8b4740a,
0x5a3004aa,
0x2ff240e0,
0xa22005aa,
0x28fd05aa,
0x8107aa3d,
0x05aa9b68,
0x4cf44f74,
0x308105aa,
0x740daa94,
0x3005aa37,
0x7405aa94,
0xaab2f44f,
0x8a68810b,
0x367409aa,
0x822405aa,
0x39f240f8,
0x68810baa,
0x05aaf87a,
0x43e04cef,
0x3a04aa46,
0x5c05aa44,
0x8107aa70,
0x0baa613c,
0xf8663c81,
0x04aa465b,
0x05aa0f14,
0x40f85f46,
0x533112f2,
0x4406aa46,
0x04aaf858,
0xfe20002c,
0x00f838f7,
0x34850baa,
0x8109aa4c,
0xf7fe2a80,
0x06aaf846,
0x06aa3486,
0xaa3f2686,
0x06aa0e05,
0x26012686,
0xf837f7fe,
0xf7fd4620,
0x00abff61,
0x03fcf003,
0x4209aa0c,
0xaa78f82b,
0x0162b005,
0x01462031,
0x54f7fe36,
0x4f2800f8,
0x0833fff0,
0x074699bf,
0x00d1292e,
0x00d1432d,
0x40221323,
0x05aa13f2,
0xf8131881,
0xd0082d02,
0x4f1204aa,
0x05aa48f4,
0x03f80a42,
0x05aa062d,
0x2df24012,
0x012405aa,
0xaa4648f8,
0xaa229608,
0x1f588508,
0x0a08aae7,
0x1ef3e754,
0xd8142b03,
0xf003e8df,
0x0f0b0702,
0x037e04aa,
0xbe230031,
0x4f22ffe7,
0xf97141f4,
0x1204aae7,
0xe7f53105,
0xf2402280,
0xaaf13106,
0x31021005,
0x06aae7ed,
0x20310664,
0xcff7fd46,
0xbb2d01ff,
0x4fe7b1d0,
0xc739fff0,
0x2d0000e7,
0x0d4ff0e9,
0x02b08f46,
0xb86dbcaf,
0xfab2e860,
0xbb1c6161,
0xb24ab261,
0x1949b34b,
0xd2b2dbd1,
0xfdb289b2,
0x78ffd4f7,
0xfd462860,
0xfbfeddf7,
0x2869ba6d,
0xff69f946,
0x80fc8bf7,
0x4f68bab1,
0x1333fff0,
0xb8605360,
0x07aa3468,
0x0caa3a81,
0xe7e16ea3,
0x00a64ba2,
0x928cf8df,
0x62bb18f3,
0xf8df4ba0,
0xfa5f8280,
0x18f3fa89,
0x4b9e627b,
0x623b18f3,
0xf0401c62,
0x49998126,
0xfa5f4653,
0xb289f288,
0xf7fdb2e8,
0xf858ff9d,
0xf8592024,
0xfa223024,
0x4558fb03,
0xf100d00f,
0x1c630b01,
0x812af040,
0xfa5f498e,
0x04aaf38b,
0x5393002c,
0x3006aa46,
0x4628ff8d,
0xaa8ff7fd,
0x3d1c810b,
0xb02802fc,
0x402801d0,
0x848131f0,
0x401c604b,
0x818117f0,
0x7fb2db4a,
0xaab2d249,
0xff6b3406,
0xf1001c61,
0xf0403bff,
0x04aa8113,
0x004a7952,
0x79497793,
0x2004aa4b,
0x2205aadb,
0x5605aa62,
0x4b75fe64,
0x91d8f8df,
0x617b18f3,
0xfa5f4b73,
0x18f3f889,
0x4b72613b,
0x4e7018f3,
0x1c6260fb,
0x8109f040,
0x4643496c,
0x5807aaf2,
0xf859ff3f,
0xf8562024,
0x62f83024,
0x6afa40d3,
0xf000429a,
0x461380ff,
0x62fb3301,
0xf0401c63,
0x49618135,
0xf897b2f2,
0x9300302c,
0x8107aa43,
0x05aa2d40,
0x0baa2f6a,
0xfbdd4081,
0xf43f2802,
0x2801af50,
0x1c63d1cd,
0x4b4f4a4e,
0x7938494f,
0x8120f040,
0x128306aa,
0x04aa9000,
0x05aa1138,
0x0baa1338,
0x00fbc138,
0x34f47f28,
0x1f4b45af,
0x66f983fa,
0x85fa5f1c,
0x0df040f8,
0x494b4281,
0xdb464046,
0x40607bb2,
0x5f687a4b,
0x53fa83fa,
0xe9f7fd46,
0x402800fe,
0x008209f0,
0x4804aa26,
0x0aaafdef,
0x05aa9d48,
0xaf100081,
0xf0402801,
0xf8df816a,
0xfa5f90d8,
0x607bf389,
0xa0ccf8df,
0xf0401c60,
0x492f80fd,
0xf28afa5f,
0x06aa687b,
0xfec44281,
0x3024f85a,
0x2024f859,
0x429840d3,
0x80fef000,
0x0801f100,
0xf0401c61,
0x492580ef,
0xf388fa5f,
0x0caa9300,
0xaafeb430,
0xaab67204,
0xaa64720b,
0xaed77205,
0xf0002800,
0x0baa8164,
0xd1c6454e,
0x187204aa,
0x104b1281,
0xaa490f4a,
0xaa008206,
0xfe8a4404,
0x4a0d4b0c,
0xf8534606,
0xaa523024,
0xd1ae7a07,
0x6a3be6b5,
0x6ab96a7a,
0x7812781b,
0xe6d78809,
0xf1009530,
0xf1009840,
0xf1009540,
0xf1009520,
0xf1009510,
0xf1009500,
0xf10094f0,
0xf10094e0,
0xf1009830,
0xfa5f6a3b,
0x0aaaf08b,
0xd3900036,
0x744a73e6,
0x52a90daa,
0x4b71e6e4,
0x6d2604aa,
0x0eaa6e4a,
0xe8906aa9,
0x09aa58e6,
0x459b2e81,
0xae96f47f,
0x68fbe6e5,
0x6979693a,
0xf34e06aa,
0x241c60e6,
0x5f4b61d1,
0x0baa5f4a,
0xfe2b3e81,
0x4b5c4a5b,
0xf8524683,
0xf8531024,
0x40c10024,
0xf43f458b,
0xf10baf09,
0x1c610b01,
0xfa5fd113,
0x9100f18b,
0x3205aa53,
0x8705aae8,
0x00fe1a04,
0xdf62fb23,
0x60810daa,
0x12aae7d9,
0x04aa3c81,
0x05aa045e,
0x8106aa2c,
0x2cf89706,
0x1c08aa00,
0x0eaae6c7,
0xe6db3c81,
0x46406a3b,
0xfd3e0aaa,
0x00fddff7,
0xf6f43f28,
0x466a3bae,
0xf06a7a1e,
0x580aaab2,
0xf7fd4640,
0xaae9fdd8,
0x005c810d,
0x5f68fbe7,
0xaaf088fa,
0x0e90120b,
0xee1c62e7,
0x26d124b2,
0x5f230049,
0x00f28afa,
0x7b463093,
0xfdb28968,
0x20fdb9f7,
0x1e4a1d4b,
0x068207aa,
0xf7fd4630,
0x1c63fda8,
0x0601f100,
0xb2f3d11f,
0x93004a17,
0xaa174917,
0x4f028709,
0xfd0800f0,
0x05aa9ff7,
0xaa200072,
0x04aa620c,
0xaafd933a,
0xd808820c,
0xf06a3be7,
0x820caab2,
0xaae7de06,
0xe6e6200c,
0x8407aa10,
0x8308aa00,
0x7f2e007c,
0x49ae6ff4,
0x5b1c614b,
0xdb4a48d1,
0x07aa48b2,
0xf8df1a88,
0xf7fd9114,
0x4b42fd5c,
0xfa5f4606,
0x2e00f883,
0x3e01d05d,
0xd1511c62,
0xb2f34940,
0xf289fa5f,
0x38870aaa,
0x4628fd51,
0xfc53f7fd,
0x46850aaa,
0x2802fa01,
0xad74f43f,
0xd0e22800,
0x260046b0,
0xeb0b6afb,
0xfa5f0906,
0x4443fa85,
0x09c9eb03,
0xf3c91c63,
0xf3c91007,
0xd1340942,
0x4a2d4b2d,
0x9000492e,
0xb2d2b2db,
0xb2894650,
0xfd29f7fd,
0x4a254b25,
0xb2db4926,
0x9000f8cd,
0xb289b2d2,
0xea484650,
0xf7fd06c6,
0x6a05aa1c,
0x6afbfc1e,
0x00cbea43,
0x601868bb,
0xe545605e,
0xaa1b4a1a,
0x9f0c850d,
0xf068fbe7,
0x820caab2,
0xb0e7ab2a,
0x12e7bc46,
0x134a134b,
0x36850faa,
0xf7fd4650,
0x4b09fcf1,
0xaa0a4a09,
0x04aa1a0d,
0x46e7c37a,
0xf3687a1e,
0x004649b2,
0x02465393,
0xaa9830e7,
0xaa2c8606,
0xaa388205,
0x20448607,
0xaa06aa95,
0x92468938,
0x02b08346,
0xce469baf,
0x2c4680b2,
0x2c6afc4a,
0x2c1c6349,
0x97d12c4b,
0xdb0030f8,
0x8106aab2,
0xfd463048,
0x27fcbaf7,
0x304a284b,
0x97492846,
0xdb5028f8,
0x00b2d2b2,
0xfdb28995,
0x24fcaef7,
0x254a254b,
0x00b2db49,
0x2c08aa95,
0x6b7bfca4,
0x46409301,
0x465b9400,
0x46494652,
0xfcabf7ff,
0xaa044640,
0xaa628c07,
0x0eaa5a04,
0x04aa4e81,
0x0ffc8a34,
0x304a104b,
0x05aa1046,
0x200daa60,
0x7bf7fd95,
0x0b4b0bfc,
0x0eaa0c4a,
0xc8950682,
0x8805aae7,
0x8807aa20,
0x00979024,
0x009030f1,
0x009050f1,
0x009780f1,
0x009020f1,
0xaa9040f1,
0x1c688106,
0x8f468046,
0x3daf04b0,
0xa561396d,
0xfa0314f1,
0x052b3c60,
0xfff04fd9,
0xaf08aa30,
0x801c666a,
0x814a814b,
0x8df04049,
0x8506aa80,
0x5f006d62,
0xfdf088fa,
0x64fc35f7,
0x88fa5f23,
0x684a7bf6,
0x65497b43,
0xf3fbb01c,
0x7a60bbf3,
0x07aa7f4b,
0x4630608e,
0xfc23f7fd,
0x4a774b77,
0xb2db4978,
0x08aa6178,
0x7bfc1914,
0x0593036d,
0x41697b46,
0x00930246,
0x20f10790,
0x0168fb00,
0xff693a94,
0x7bff41f7,
0x0233016a,
0x016a3bd1,
0xabd0bb33,
0x4f230446,
0xfb0a00f0,
0x01f1ba61,
0x0869fb0f,
0xfb2301bf,
0xbb230061,
0xbb469961,
0x632b0069,
0xaa69fbd1,
0x693a3e04,
0x18eb4641,
0x04aa607b,
0x02697b58,
0x00687b93,
0xfb940193,
0x19f7ff68,
0x3b6a7aff,
0x011c506a,
0x4a1c59d1,
0xba1a9bd0,
0x43429368,
0x4b687ddb,
0xb9dc432d,
0xdb0f00f1,
0xab420baa,
0xaa0903eb,
0x04aa4208,
0x00f8cd3e,
0xf8f7ff90,
0x420aaafe,
0x4207aa61,
0xf1b9db5d,
0x46cb0f04,
0x2300bfc8,
0x2301bfd8,
0x0caae7b7,
0xaa6e0083,
0x46300e05,
0xfd1008aa,
0x35fba0f7,
0x364a364b,
0xaa617849,
0xe778280c,
0x61bb2301,
0x0605aabb,
0x0f00f1b9,
0xf10ad0b9,
0xf1ba0a01,
0xd1870f02,
0x1c63445d,
0x4b284a29,
0x0547f3c5,
0xaa28d129,
0x005c8805,
0x05aa3095,
0xfb815086,
0x508608aa,
0x5a840aaa,
0x6d7bfb77,
0x06aa9301,
0x46414a82,
0x8205aa00,
0x7bfb7d4c,
0x016a386a,
0x17f43f33,
0xaa3001af,
0x005acd06,
0x4fe71220,
0x5f0901f0,
0x304913e7,
0x8410aa46,
0xaafb544e,
0xaa5cb506,
0xe7ce180e,
0x97a0bf00,
0x9060f100,
0x9070f100,
0x27aaf100,
0x80475c84,
0x82468946,
0x92af02b0,
0x00461d46,
0x3b6a7e24,
0x02429c6a,
0xd006aadb,
0x8d46231a,
0x520060e8,
0x40464946,
0xff340146,
0xeffeb9f7,
0xd10eaae7,
0x142a0818,
0x14b0834b,
0x024c154a,
0x15b2c0af,
0xfff1b1dd,
0x03d1093f,
0xdb910021,
0xa1b2d2b2,
0xfdf7fdb2,
0xbd3704fa,
0xaabd9046,
0x3440b708,
0x031021f8,
0xf1940024,
0x2c04aae7,
0x2100d101,
0x0caae7e8,
0xf024001c,
0x009630e7,
0x009640f1,
0xaa9650f1,
0x0c248106,
0x82469046,
0x811c4ab0,
0xc5af0246,
0x624b62b2,
0x6249634a,
0xc8f8dfd1,
0x8506aaa1,
0x88fa5f44,
0x00f89af6,
0x28900000,
0xc4f7fd46,
0x00f8dafa,
0x284a5b30,
0x5b443346,
0x00b2db49,
0x07aa5a93,
0xf7fd588b,
0x1c05aab6,
0x3b044a57,
0x441e4957,
0xb2d24b57,
0xb289b2f6,
0xb2db9600,
0xf8df4628,
0xf7fda17c,
0x4642faa5,
0x46484621,
0xff90f7ff,
0x916cf8df,
0x4a4f1c63,
0x49504b4f,
0x8164f8df,
0x2400d159,
0x287206aa,
0xfd940046,
0x5ffa8ff7,
0x5ff38afa,
0x1ff289fa,
0xaaf188fa,
0xfa851406,
0x4a464b46,
0xaa464628,
0xaa947a04,
0x7b429506,
0x444b44fa,
0x09aa454a,
0xfd462812,
0xaafa71f7,
0xdf648206,
0x5fa100f8,
0xaaf688fa,
0xaa4e830c,
0x5e4c810a,
0x294b2bfa,
0xda49294a,
0x05aa00f8,
0x44307688,
0xc02408aa,
0x2206aab2,
0x04aafa4d,
0x224b251c,
0x2238044a,
0xf6440649,
0xba0eaab2,
0x00e7920c,
0x1208aa26,
0x06aa4628,
0x32f7fd14,
0x24f81afa,
0x05aa1930,
0x07aa3814,
0x17fa2814,
0x284a184b,
0x0faa1846,
0xf7fd4eba,
0x4b14fa1b,
0xaa154a14,
0xe79b180f,
0xf1009600,
0xf1009610,
0xf1009620,
0xf10095e0,
0xf10095f0,
0xf10095d0,
0xf10095b0,
0xf10095c0,
0xf10095a0,
0xf1009460,
0xf1009820,
0xf1009470,
0xf1009480,
0xf1009490,
0xf10094a0,
0xf1009430,
0xf1009440,
0xf1009450,
0xf100528c,
0xf1009810,
0x2c04aa10,
0x8906aa94,
0xcc468b74,
0x02b093b2,
0xd7498aaf,
0xfaa068f8,
0xba63bb63,
0xf83ffff1,
0x884b8762,
0x07aa5b4a,
0x46203c89,
0xf9c5f7fd,
0x4a854b85,
0xaa854620,
0xfd5a8f07,
0x83f9bcf7,
0x844a844b,
0x831007aa,
0x2604aa4d,
0x4b82f9b2,
0x824004aa,
0x2849824a,
0x0baa5a60,
0xaaf9a540,
0x60681804,
0x4a7e4b7d,
0xaa54497e,
0xf9981a0b,
0x60a86efa,
0x46584651,
0xfebcf7ff,
0x6bba6f3b,
0x6bf94658,
0xfe4df7fe,
0xd0472800,
0x33fff04f,
0x04aa6efa,
0xff637b1e,
0x0baaacf7,
0x00fe3d20,
0x8ff00028,
0xaa6afa83,
0xf8209906,
0x5337446a,
0x9908aa60,
0x20302a20,
0x2af81246,
0x2af83120,
0x66f7fd10,
0x564b55f9,
0x5646204a,
0x1a04aa49,
0x5a180aaa,
0x534b52f9,
0x0daa534a,
0xaae79916,
0xaaa00e0c,
0xe7a60e0d,
0xea4f4b4c,
0x18e3048a,
0x4b49627b,
0x623b18e3,
0x44234b46,
0x4b4a61fb,
0x61bb18e3,
0x18e34b47,
0xaa45617b,
0xfb611804,
0x41637b6e,
0xbbb29b4b,
0x0c6b7b62,
0x38f0002b,
0xba330183,
0x3b3ffff1,
0x8bfa5f63,
0x39d13df5,
0xb946284b,
0x36b2de6a,
0x05aa324b,
0x46430491,
0xf913f7fd,
0x46433001,
0x4632b2c0,
0x6ab99000,
0xf7fd4628,
0x4b32f912,
0x04aa4e33,
0xb64b2f20,
0x83fa5fb2,
0x42464bf9,
0x50cf05aa,
0xf8fcf7fd,
0x464b3001,
0x4642b2c0,
0x06aa9000,
0x3af8fb12,
0x8206aa6b,
0xaafde648,
0xa928820a,
0x452801fd,
0x7f2800d0,
0x3baf59f4,
0xb6637b6b,
0x286a7be7,
0x3b881e46,
0x9346316a,
0xfb8000f8,
0x04aa4269,
0x464b9008,
0xaad2f7fd,
0xf8d15411,
0x881e69bb,
0x04aa697b,
0x04aa3b2a,
0xe7bd9006,
0x8407aa70,
0x0faa606c,
0x0caa6c84,
0x528c2885,
0x248506aa,
0x308508aa,
0x850baaa0,
0x006b3b30,
0xbadd3a2b,
0x5f3ffff1,
0x40f58bfa,
0x718099f0,
0x7146284b,
0x688105aa,
0xb2b64b70,
0x46314642,
0x6c8106aa,
0xf889f7fd,
0x0eaa3801,
0xf8881281,
0xaa694b68,
0xaa682c05,
0x72148211,
0x712e11aa,
0x07aa7af8,
0xfd5c1482,
0x633b6b7b,
0x18e34b5c,
0x0605aa7b,
0xaa5b62bb,
0x05aa0c04,
0x5a61fb06,
0x428305aa,
0x7b0604aa,
0x9b4b5361,
0xaa623bb2,
0x6b208108,
0x284b50d1,
0xde6a3946,
0x0baa4fb2,
0xf83d2c83,
0x2c830aaa,
0x8305aa39,
0x49f83c2c,
0x05aa484b,
0xaa481881,
0x26188111,
0xc03001f8,
0x00464bb2,
0x1208aa90,
0x0aaaf825,
0xfcd82283,
0xaa782801,
0x88228305,
0x7604aaae,
0x4b35d152,
0x6a394a33,
0xb2d2b2db,
0xf08bfa5f,
0xf806f7fd,
0x050ff1a0,
0x41684268,
0x752604aa,
0x25e7b0ae,
0x3346284b,
0x22602af8,
0x1346314b,
0x22802af8,
0x04aa424b,
0x464b9008,
0xffeff7fc,
0x06820eaa,
0xffeef7fc,
0x04aa4b1c,
0xaa4b1a2e,
0x05aa2c04,
0xe7639006,
0x46286b7b,
0xaabb881e,
0x7b088407,
0x8408aa6a,
0xcef7fc08,
0x840eaaff,
0xcdf7fc08,
0x1e69fbff,
0x05aabb88,
0x05aa0884,
0x8f900e84,
0xba6a7be7,
0xaa6b796a,
0xaa089506,
0xbf00e700,
0x1c8918aa,
0x8407aaa0,
0x07aa8024,
0xaa400889,
0xaa188907,
0xc102840a,
0x284ba980,
0x05aaa946,
0xaaa93e82,
0xfc02840d,
0x11aa88f7,
0xff874e81,
0xaaa14ba1,
0xaaa12c05,
0xfc6a820f,
0x11aa71f7,
0x98ff702e,
0x2a8705aa,
0x610605aa,
0x18e34b97,
0x04aa60fb,
0x9660bb06,
0x7b18e34b,
0x3b0605aa,
0x05aa8f60,
0x07aa4e9e,
0x40f41281,
0x8c809af0,
0x8c46494b,
0xdd46204e,
0x2ab2f6b2,
0xfc463346,
0x01ff43f7,
0xc0463330,
0x00462ab2,
0x20464990,
0x42f7fc46,
0x854d84ff,
0xad4b854e,
0xaab2f6b2,
0x321a8406,
0x2ab005aa,
0xff2df7fc,
0xb2c03001,
0x90004643,
0x2c1208aa,
0x830aaaff,
0x01fbdf72,
0xabf00028,
0x7f280080,
0xaaad8ef4,
0xd17f7604,
0x46494b71,
0x08aa4a6f,
0xf7fc7483,
0x1fc1ff0c,
0x41484248,
0xd0b32800,
0x188108aa,
0x4b61d173,
0x4d5f4620,
0x8105aa5e,
0x43b2ad7e,
0x29b2f646,
0xfc463246,
0xaafef5f7,
0xaa10850a,
0xfef47006,
0x4e574d58,
0x8113aa58,
0xaafedf1c,
0xde1c8110,
0x4ae781fe,
0x528407aa,
0x8407aa47,
0x0baa4752,
0xfec65284,
0x568210aa,
0xaa41fec5,
0x3e528405,
0x528405aa,
0x8405aa3f,
0x3be73b52,
0x1d46206a,
0x29693b88,
0xfb781e46,
0x05aa3268,
0x46435884,
0xaaa6f7fc,
0xa51e8111,
0x1d68bbfe,
0x1e687b88,
0xaa683b78,
0xe7612604,
0x693a68fb,
0x9b07aa39,
0x7be77d4c,
0x4a04aa6b,
0x04aa6abb,
0xaa6a7b4a,
0xaa814a0a,
0xfe804a11,
0x881d69fb,
0x781e69bb,
0x268906aa,
0xf1bae78a,
0xd14e3fff,
0x46204b21,
0xaa214a21,
0xfc208d07,
0x1ffe64f7,
0x204a204b,
0x09aa2046,
0x0efe5b12,
0x204a0b4b,
0x09aa0b46,
0x0ffe5212,
0x054a0e4b,
0x07aa0c46,
0x6004aa12,
0x6b3bfe48,
0x2003ea40,
0x03c5ea40,
0x08aae4b9,
0xaa806c89,
0x30588e0b,
0x8e06aa94,
0x8f08aa78,
0xaa942004,
0x10648e06,
0x8a1aaa98,
0x5f4b5804,
0x58f48bfa,
0x5846204a,
0x7e8c0daa,
0xfe10f7fc,
0x4a554b54,
0xaa554620,
0xfe04180f,
0x4a524b51,
0xaa524620,
0xfdf8180f,
0x4a4f4b4e,
0xaa4f4605,
0xe7a1180d,
0x6340f44f,
0xaa40e461,
0xbb308d07,
0x05aa3d62,
0xaa3a6e89,
0x3e0c8605,
0x748905aa,
0x8905aa3b,
0x05aa3974,
0x4b367489,
0x633bb29b,
0x2b006efb,
0x824df000,
0xf1ba3b01,
0x66fb3fff,
0xf58bfa5f,
0x4b2ed13b,
0x6b394628,
0xaa2bb2de,
0xfc008a09,
0x01fdbdf7,
0x8a09aa38,
0x46286b00,
0xfdbcf7fc,
0xaa284b27,
0x24188505,
0x168711aa,
0x10aafda6,
0xfda54084,
0x568f06aa,
0xfa90f7ff,
0x18860aaa,
0x2801fa53,
0x8a05aa3b,
0xb8ac140a,
0x05aabbe7,
0xaa7b288d,
0x3b208907,
0x20890baa,
0x5011aa7e,
0x10aafd7d,
0xe7bf2089,
0x7c8218aa,
0x348d0caa,
0x488d08aa,
0xf1009470,
0x18e34bb9,
0x04aa633b,
0xb862bb06,
0x2e8205aa,
0xfb0604aa,
0x05aab761,
0x04aa2882,
0xb0617b06,
0x1c8c0daa,
0x80d8f040,
0x8c07aaad,
0x0baaac1e,
0xfd2e1e82,
0x1e8c0eaa,
0xfd2df7fc,
0xaaa44ba6,
0xa51e8205,
0x1e8211aa,
0x0eaafd17,
0xf7fc1e8c,
0x8f0baa16,
0x01f9c940,
0xcbf04028,
0x7404aa80,
0x80c0f040,
0xaa904b92,
0xfc1c8c0b,
0xa0fcf8f7,
0x50020ff1,
0x00415042,
0x8ed0b228,
0x3a18e24b,
0x1f4a8e62,
0xa2f983fa,
0x8c613a18,
0xfa18a24a,
0x0604aa60,
0x4a8b60ba,
0xaa7a18a2,
0x603a0605,
0x6a890aaa,
0x4b828110,
0xaa824649,
0xce6a890d,
0x8910aafc,
0x7bfccd6a,
0x7c4e7b4d,
0x4e8813aa,
0x10aafcb8,
0xfcb74e88,
0x3e810aaa,
0x8105aa6a,
0xaa81213e,
0xf83e8106,
0x494b6880,
0x0baa6646,
0xfc996689,
0x42581fc3,
0x28004158,
0x8909aab5,
0xebf04066,
0x204b5880,
0x564d5546,
0x688911aa,
0x11aafc81,
0x4efc0088,
0x4f4e4f4d,
0x1a8113aa,
0x8111aa6b,
0x82fc6a1a,
0x19aa3be7,
0xfc53768d,
0x768d10aa,
0x10aafc52,
0xaa235684,
0x39768d05,
0x768d07aa,
0x2800e73d,
0xaabef47f,
0x8408aa00,
0x29d12e10,
0x2746284b,
0x368105aa,
0x8d0faa28,
0xaafc2448,
0x23348510,
0x1f4b21fc,
0x202c05aa,
0x148411aa,
0x3801fc0d,
0x14840eaa,
0xe710fc0c,
0x8b07aa11,
0x07aa1024,
0xaa0f248b,
0xf4248b0b,
0x6010aafb,
0xaa08fbf3,
0x07248b05,
0x248b05aa,
0x900605aa,
0xbf00e7cd,
0x108f18aa,
0x448918aa,
0x568b18aa,
0x10aafbbb,
0xfbba0c83,
0x568b0eaa,
0xa805aaeb,
0x8b08aa4a,
0x3be70556,
0x568b17aa,
0x4a11aa96,
0x0eaafb95,
0xaa13568b,
0x096a8205,
0xaaa900aa,
0xaa609805,
0xc4268406,
0xdb4aa780,
0x2049a7b2,
0x8b06aa46,
0xa5fb733e,
0x204aa54b,
0x09aaa546,
0xfb6a508b,
0x4aa44ba3,
0xaaa44620,
0xfb611209,
0x4aa24ba2,
0xaaa24605,
0x57628b0b,
0xaa6efbfb,
0xfb628b08,
0x016b7b63,
0xd4f43f33,
0x05aafba9,
0xaaa9d008,
0x4b987004,
0x49994a98,
0xaab9f040,
0x5f76a307,
0x5ff08bfa,
0xfcf48bfa,
0x7bfb39f7,
0xaa6bfa6b,
0xf8972404,
0xea4f5034,
0x49902313,
0x2312eb03,
0x203cf897,
0x35fff105,
0xf582fa55,
0xfb004a8c,
0xea4f5303,
0xfbb30353,
0xfb00f9f0,
0x4b893519,
0x06d5ea4f,
0x0507f005,
0xaa96f040,
0x46205407,
0xfb12f7fc,
0x4a724b71,
0x49724448,
0xf880fa5f,
0x4620b2db,
0xf8cdb2d2,
0xb2898000,
0xfb0cf7fc,
0x4a6e4b6d,
0x0004f1a8,
0xb2c0496d,
0x76a608aa,
0xf8df4620,
0xf7fc81e8,
0x464afafd,
0x46584651,
0xffe8f7fe,
0x91d8f8df,
0x3ffff1ba,
0x4a654b64,
0x4965b2f6,
0xf8dfb2ed,
0xf040b1cc,
0x6a09aa89,
0xf7fc9600,
0x4a68fae4,
0xf38bfa5f,
0xf189fa1f,
0xd21204aa,
0xdaf7fcb2,
0x5b4b5afa,
0xaa46204a,
0xaa509f05,
0xfc50a205,
0x5ffad0f7,
0x1f4a604b,
0x00f188fa,
0x4004aa95,
0xf7fc4620,
0x6afbfac6,
0x6bfb461a,
0x6b7b6013,
0xb942f7ff,
0x46204a45,
0x8d0faa45,
0x41faac18,
0x204a424b,
0x0faa4246,
0x3efaa018,
0x204a3f4b,
0x0faa3f46,
0x3bfa9418,
0x054a3c4b,
0x0daa3c46,
0x0daa2e18,
0xaa42009b,
0x0aaa0e05,
0xf7fc5a9b,
0x4b25fa79,
0x44484a25,
0x8205aa25,
0xaa462032,
0xf8cd2e0c,
0xf7fc8000,
0x4b1ffa70,
0x8205aa20,
0xc0491f38,
0x200caab2,
0xaa5f9000,
0x9600500f,
0xfa58f7fc,
0xaa1b4a22,
0xf8391605,
0x04aa102a,
0x1604aa1a,
0x9f05aa4d,
0x1446201c,
0x1e810daa,
0xf7fc9500,
0x9f05aa40,
0x2af83850,
0x1a08aa10,
0xaa6c9500,
0x707c8c31,
0x00f10097,
0x10f10090,
0x9a06aa90,
0xaa961040,
0x40509a06,
0x048707aa,
0x349f08aa,
0x709008aa,
0x000000ff,
0x3df50daa,
0x800707aa,
0xbbf5a0b5,
0x403b1053,
0x0042b2f6,
0x034293af,
0x932041d8,
0x80f0f0fb,
0x8cf5a0bd,
0x90381450,
0x41d80542,
0xf3fb9023,
0x40f040f0,
0xffbd8000,
0x2dbd8020,
0x984ff0e9,
0x8d468346,
0x0daf04b0,
0x7a6cfb46,
0x034a9460,
0x3c0343eb,
0x03f8126d,
0x3ff00990,
0x0a2b3203,
0xfff04fd9,
0x00f8cb33,
0x04f8cb30,
0x24465830,
0x12aa07aa,
0x22066cbe,
0x46114628,
0xf04602b6,
0x46330680,
0xfe3df7fd,
0xf5402001,
0xea49fbaf,
0x06aa0306,
0xfdb2ee1c,
0x61fe32f7,
0x804b7f1c,
0x4049804a,
0x07aab0f0,
0x46300885,
0xf999f7fc,
0x4a7d4b7d,
0x6178497e,
0x301404aa,
0xfcb28946,
0x7bf98ff7,
0x7c4a7b4b,
0x0baa3849,
0x79f98514,
0x7a4a794b,
0xaa60f849,
0xf97b140a,
0x50aa06aa,
0x140baab8,
0x4b75f971,
0x46824a75,
0xb109aa75,
0x8afa5f02,
0x65f7fcfa,
0x026dbbf9,
0xfb462993,
0x0146816d,
0x18f10793,
0x7a464300,
0xed940068,
0x7bf7feb2,
0x387c3bff,
0x7b1c627d,
0x89fa5f61,
0x3b7b3bf9,
0xd77a3b61,
0xfe8018f8,
0x4cf8df69,
0x534a53c1,
0x4060fb49,
0x5f80c4f0,
0xaaf38cfa,
0x28768606,
0x44f7fc46,
0x00697bf9,
0x4d462893,
0x4e4a4d4b,
0x608809aa,
0xaa3bf939,
0x4b4a1605,
0xaa4b4a4b,
0xf92e1609,
0x04aa68fb,
0x484b4816,
0x09aa494a,
0x47f92316,
0x284a474b,
0x06aa4746,
0xaaa00eb0,
0xf9181606,
0xaa454b44,
0xaa46a505,
0xaa22b008,
0xf9108c05,
0xd1031c73,
0x3ffff1b8,
0xaf3af43f,
0xea4f6d7a,
0xfa5f2328,
0xfb02f888,
0xf8cb8303,
0x12333000,
0xfb02b2f6,
0xf8cb6603,
0xaa2f6004,
0xfc74aa0f,
0x23f8e6f7,
0x244a244b,
0xaa617849,
0xfc68a90e,
0x20f8d9f7,
0x214a204b,
0x11aa3849,
0x1cf8cc1a,
0x1d4a1d4b,
0xaa60f849,
0xf8bf1a10,
0x4a194b19,
0xaab8491a,
0xf8b21a11,
0x4a164b15,
0xaa164682,
0x3c44a50d,
0x00bf00e7,
0x961aaa6d,
0x8618aa0c,
0xa50caa14,
0x860caa3c,
0x0faa1c04,
0xf7fc6ce0,
0x4b21f87e,
0x49224a22,
0x10aa6978,
0xf7fc08e1,
0x06aaf870,
0x3864c881,
0x621c13aa,
0x1a4b19f8,
0xf8491a4a,
0x1c12aa68,
0x8105aa54,
0x0faa284c,
0xf8cd4c81,
0xf7fca000,
0x4b11f846,
0x0eaa4a12,
0xf8cd10e2,
0xe7299000,
0x58813caa,
0xf240b580,
0x42985335,
0xdd11af00,
0x734af240,
0xdd0f4298,
0x6f16f5b0,
0xf640dd0e,
0x4298236b,
0xf5b0dd0c,
0xf04f6f48,
0xbfd830ff,
0xbd802004,
0xbd802000,
0xbd802001,
0xbd802002,
0x8707aa03,
0x1e460548,
0x06b09146,
0xccf8dfaf,
0xf94c6d81,
0x5a60ba60,
0x19496c1c,
0x88fa5fd1,
0x05aae2f3,
0xf7fb7eb5,
0x6dfbffdf,
0x435800c0,
0xfb902364,
0x6db8f3f3,
0xf7ff607b,
0x1e03ffc1,
0xda0c617b,
0x6eb10caa,
0x3023f818,
0x2026f814,
0x1026f831,
0x1c73e7e2,
0xaa17495a,
0x2400480b,
0xffbaf7fb,
0x218ef240,
0x462861b8,
0xff79f7fb,
0xeb044b53,
0x5cd20244,
0xd05c4282,
0x2c4a3401,
0xe7d7d1f7,
0xaa26f818,
0xe7e44409,
0x18e369fb,
0x2b49613b,
0x6d7bd846,
0x0020f107,
0x46299305,
0x93046d3b,
0x930369bb,
0x9301693b,
0x9300697b,
0x68bb68fa,
0xf7ff9602,
0x6a7bfdb4,
0x1c586a3a,
0x1a9bd030,
0x429a687a,
0x693cdc2c,
0x0f00f1b9,
0x69fbd154,
0x0903eba8,
0x0f49f1b9,
0x6d7bd825,
0xaa054629,
0xaa6caf05,
0x0aaa4808,
0x04f8cd44,
0x90f7ff90,
0x594805aa,
0x07aa0f1c,
0x05aa0b48,
0xaac86cb1,
0x9930b109,
0x4fe02b46,
0xd00a01f0,
0x0cb005aa,
0x1caae025,
0xff940152,
0x05aa68f7,
0x02330150,
0x3f3201d1,
0xa0af67f4,
0x18b306aa,
0xbb61fb0b,
0x18b305aa,
0x0a00f04f,
0x06aa46d1,
0xf1ba1eb3,
0xd0840f00,
0xa47004aa,
0x01f10bd0,
0x02f1bb0b,
0x0ad1eb0f,
0x25f8534b,
0x0142a220,
0x25f843d9,
0x05aa0840,
0x0145420e,
0x25f843d2,
0x3f200080,
0x8c08aae7,
0x006d0008,
0x0064acf1,
0xaa64b4f1,
0x2d208c06,
0x044ff0e9,
0x87460e46,
0x90af04b0,
0x38469946,
0xff6bba6b,
0x05fee4f7,
0x05aa051e,
0x08aa3883,
0x4b3758c4,
0x0e64f04f,
0xf8534837,
0x4b36c024,
0x0c4ceb0c,
0x3024f853,
0x0343eb03,
0x78594403,
0xfb1e789b,
0xeb003101,
0xaa58030c,
0x3e000c05,
0x01906b7b,
0x44104471,
0xb1631049,
0xf7ff4408,
0x4682fcdd,
0xd10828ff,
0x06aa22ff,
0xfb22aa81,
0xcefe93f7,
0xf11a08e7,
0xff4608e7,
0xfffccef7,
0xadd0f128,
0x7ff06a02,
0x80f04502,
0xaab2d20b,
0xfe802608,
0x465b2206,
0x46204611,
0xfb3af7fd,
0xf5402001,
0xea4af8ac,
0x8107aa0b,
0xf7fd1ccf,
0xaa4afb30,
0x2acf8109,
0xf04f2500,
0xf7fd0a04,
0x2805aa26,
0x4643f898,
0x9008f8cd,
0x0420e88d,
0x46214632,
0xf7fe4638,
0x687bfcb0,
0xd0923301,
0x3301683b,
0x3501d08f,
0xd1ec2d04,
0xe78c2000,
0x64b4bf00,
0x1c820aaa,
0x4ff0e92d,
0x4605461e,
0xaf06b08b,
0x4693468a,
0x9038f8d7,
0xf6a96cbc,
0xf5b33375,
0xd2627f86,
0x4a431c73,
0x49444b43,
0xac07aa13,
0xfbb2e872,
0x78fe5ff7,
0xff464860,
0x03fe47f7,
0x0d603b1e,
0xfff04fda,
0x14462034,
0x5cc509aa,
0xaa123026,
0xe7328507,
0x00f04fe7,
0x184b3508,
0x002003f8,
0x03483423,
0x090143eb,
0x0942915c,
0x4a3301d0,
0xe1d1f62b,
0x1c1a9be7,
0x412e01e0,
0xdd2400d0,
0x012204e7,
0x29920593,
0x07687a46,
0x3b0008f1,
0x52920368,
0x5b930046,
0x02940446,
0x4cf7ff96,
0xba68fbfc,
0x4f1c5968,
0xe30188ea,
0xe11c50d1,
0x212300d1,
0x01f1084a,
0x02f1b808,
0xcb50530f,
0x404b1ed1,
0x28218ef2,
0xdb689a46,
0xa8429a68,
0xb8221dbf,
0xfb2205bf,
0xfbfdd4f7,
0x03465a6b,
0x04465193,
0x08f8cd23,
0x28930190,
0x33940046,
0x06f7ff46,
0x9f2800fe,
0xbd2c00db,
0x9d2e03d1,
0x5a6c7bd1,
0x51930246,
0x286c3b46,
0x23930146,
0xb706aa46,
0xaafee434,
0x20828106,
0xe78c4244,
0x9000bf00,
0x4c8406aa,
0xf1009010,
0x06aa6dde,
0xaabc4882,
0x40648407,
0x2d41002d,
0x1e2e4241,
0x445f2e43,
0x30453c2f,
0x5a304619,
0x48373147,
0x32491432,
0x32334a55,
0x4c0f344b,
0x354d5034,
0x0a364e2d,
0x504b364f,
0x38512837,
0x46385205,
0x54233953,
0x3a55003a,
0x1e3b5641,
0x01003c00,
0x3d02413c,
0x5f3d031e,
0x053c3e04,
0x3f06193f,
0x3740075a,
0x09144108,
0x420a5541,
0x0f430b32,
0x0d50430c,
0x450e2d44,
0x4b450f0a,
0x11284610,
0x47120547,
0x23481346,
0x15004914,
0x4a164149,
0x5f4a171e,
0x193c4b18,
0x4c1a194c,
0x374d1b5a,
0x1d144e1c,
0x4f1e554e,
0x0f501f32,
0x21505020,
0x52222d51,
0x4b52230a,
0x25285324,
0x54260554,
0x23552746,
0x29005628,
0x572a4156,
0x5f572b1e,
0x2d3c582c,
0x592e1959,
0x375a2f5a,
0x31145b30,
0x5c32555b,
0xaa051d32,
0x05aa0000,
0x14470cca,
0x22d805aa,
0xf8df1c4a,
0xaf02a07c,
0x907cf8df,
0x807cf8df,
0xd112b2c6,
0x68b40caa,
0xf7fb4630,
0x2c00fd4a,
0xdd0dd01f,
0x030ff1c0,
0xdd0b429c,
0x34fff04f,
0xf81ae017,
0xf8193021,
0xf8382021,
0xe7eb1021,
0xd4f342e0,
0x1c6b4420,
0xaa0eb2c0,
0x9000400d,
0x04aa2400,
0x20fd3044,
0xb506aa46,
0x25f81a04,
0x25f81930,
0x25f83820,
0xef900010,
0x0093e0e7,
0x0093f0f1,
0x07aa00f1,
0x29040cb3,
0xb0834605,
0xaf004614,
0x4611d157,
0x6cbb05aa,
0x79fd4ff7,
0x00e9c74b,
0x00f04f01,
0x0122000b,
0x00681920,
0xc2f302fa,
0x0b0607f1,
0x0140d340,
0x032a0832,
0x4af306fa,
0xf20a03ea,
0x8108aad1,
0x26007e8a,
0x46504632,
0xf53f4659,
0xf000ee32,
0x21000001,
0x0301ea50,
0x00f2d008,
0x210020ff,
0xee36f53f,
0x8a8108aa,
0x0836016c,
0xd7d1e82e,
0x4b2300e9,
0x42bf0845,
0x62d11945,
0x5e4b5e1c,
0x5eb2e84a,
0x07aa0c49,
0xf7fb3286,
0xf110fcc7,
0x8405aaff,
0x8808aa44,
0x8d0caa62,
0x00e7ee78,
0x53e7f220,
0x40f8df1c,
0x51b2c5b1,
0x524a524b,
0x07aa4c49,
0xfb46283c,
0x4ffca8f7,
0xb04a504b,
0x4ff980fa,
0xdb462849,
0x59ea4fb2,
0x5806aa19,
0xf1a0fc9b,
0x424e01ff,
0x414e4b4a,
0xaa4b4a4a,
0x06aa1e05,
0x48fc8e1a,
0x04aa494b,
0xaa48f834,
0x18583407,
0x811a06aa,
0xff4a37fc,
0x43493738,
0xd2414342,
0xaa469ab2,
0xf30c9b05,
0x746804aa,
0x268109aa,
0x0f00f1b9,
0xb146d052,
0x0f00f1b8,
0xf1bad050,
0xbf080f00,
0xbf184656,
0x46304606,
0x9205aa9d,
0x09aa281c,
0xf7fb1c92,
0xc105aa58,
0x80fab034,
0x284927f9,
0x59ea4f46,
0x810caa19,
0x48f7fb5e,
0xfff1a0fc,
0x22425e03,
0x22415e4a,
0xaa4b1f49,
0x04aa3c0a,
0x38f7fb28,
0x1e4b1dfc,
0x2c8105aa,
0x4005aa1d,
0x0eaa1858,
0x04aa2840,
0x42530240,
0x4153490a,
0x469a4a08,
0x3024f81b,
0xaa1a04aa,
0xe7a22204,
0xe7b4464e,
0xe7b24646,
0xf1006de0,
0xf1009140,
0xf1009150,
0xf1009160,
0xf10097e0,
0xf10090e0,
0x0404aaf0,
0x00f10097,
0x10f10091,
0xd0f10091,
0xc0f10097,
0xd0f10090,
0xc0f10090,
0xa0f10097,
0xb0f10090,
0x40c107aa,
0x46051c4e,
0x460cb083,
0xaf024693,
0xa0ecf8df,
0x90ecf8df,
0xf8dfb2c6,
0xaa1880ec,
0xdd5a8511,
0x3c2801fb,
0x01f1bbd1,
0x60d1220f,
0x03d10f1c,
0xaa930023,
0x04aa2004,
0x2404aa28,
0x850daa0e,
0x1ae7e566,
0x033024f8,
0x24f81920,
0xb905aa20,
0x25009048,
0xc24604aa,
0x09aa28fb,
0x462832c3,
0x32fff04f,
0xf7ff4621,
0x4605fe4d,
0xd1f12800,
0xd0d31c61,
0xaa3810aa,
0xfba73604,
0x2803e7e3,
0x7e05aa21,
0x4628d114,
0x04aa465a,
0x05aa3236,
0x62d1d636,
0x01d1011c,
0x05aab723,
0x3808aa72,
0xb000f8cd,
0x1c63e7e1,
0x5005aaf2,
0x5009aa01,
0xf04fe7ba,
0xe7bc35ff,
0x93b0bf00,
0x93c0f100,
0x93d0f100,
0x0c8206aa,
0x46062a08,
0x460db083,
0xaf024610,
0x4614dd35,
0x46292208,
0xf7ff4630,
0x2800fff1,
0x3c08d15f,
0xdcf52c08,
0xf8df1c6a,
0xf8dfb0e4,
0xfa5fa0e4,
0xd135f886,
0xd007aa34,
0x89f28a78,
0xfb4640b2,
0x42fb4bf7,
0x0746811f,
0x00d8382a,
0xc0dd2e2c,
0xa2020cf1,
0x4cdb3a42,
0xe41c6b44,
0x29d149b2,
0x002e09aa,
0x3006aa94,
0x2000fb3b,
0xf112e031,
0xda0c0f08,
0xf06f4614,
0x06aa0207,
0x30ffb774,
0x143408bb,
0xf40f08f1,
0x02e7c4db,
0xc14614b3,
0x1b4919e7,
0x1a3025f8,
0x312025f8,
0xc71025f8,
0x02d0d3e7,
0x8a42611f,
0x4fdccf42,
0x0832fff0,
0x102c00e0,
0x021cc2dd,
0xc2020ff0,
0xc20207f1,
0x07aa01e7,
0xff0b4081,
0xd0bd2800,
0x748208aa,
0x1cc2d0b8,
0x04aa4261,
0xb2428a26,
0x04e7e1da,
0x00560daa,
0xa0e7b394,
0x80f10093,
0x90f10093,
0xb0f10093,
0x80f44fb5,
0x00460d63,
0x022200af,
0xfc460421,
0x03ff67f7,
0x2ad1222d,
0x04462046,
0xfc210623,
0x20ff5ff7,
0x8106aa46,
0x71a140d1,
0xfaabf7fb,
0xaa0e04aa,
0x48cd8106,
0xaaa4f7fb,
0x06aa0e05,
0xfb46cd81,
0xaafa9df7,
0x71811a06,
0xf7fb4620,
0xbdb0fa96,
0xd10b2d04,
0xf7fc4620,
0xf400ff2a,
0xf04363ff,
0x22030304,
0x04aa2106,
0xaaff3412,
0x4f1ae305,
0x46834614,
0xaf02b089,
0x4e9ab2c5,
0x61794b9a,
0x4a9a1c51,
0x80c4f040,
0xfa86fa1f,
0xf982fa5f,
0xf883fa5f,
0x4643464a,
0x46284651,
0xfa8cf7fb,
0x0002f040,
0x40a706aa,
0x1407aa4a,
0x2301fa8a,
0x93004a8e,
0xaa8e498e,
0xaa6cc007,
0xfa7f1604,
0xf7fb4658,
0x697bf981,
0x2b013b03,
0xf44fd806,
0x22005380,
0x46582105,
0xfef6f7fc,
0xf8df1c62,
0xf8df9224,
0xf8dfa21c,
0xf0408214,
0xfa5f80ae,
0x8305aa89,
0xc006aa38,
0x57f7fb4e,
0x02f010fa,
0x40617b03,
0x638100f0,
0x734a751c,
0xa2f0404b,
0x5fb2b680,
0x5ffa82fa,
0x52f983fa,
0x05aa4b46,
0xf7fb04a7,
0x464bfa42,
0x00fdf000,
0xa607aa52,
0x41f7fb64,
0x00697bfa,
0x6a4a6993,
0xd249694b,
0x05aadbb2,
0x4e687489,
0xfa35f7fb,
0x00a34a68,
0xf58bfa5f,
0x0a02eb03,
0xeb034a66,
0xb2f60906,
0x0802eb03,
0x189a4a64,
0x4a63613a,
0x60fa189a,
0x44134a63,
0x1c6060bb,
0x808bf040,
0x46334a5d,
0xcd05aa5b,
0x5804aa22,
0x3001fa0d,
0xb2c01c61,
0x8085f040,
0x46334a56,
0x08aa4954,
0xf7fb0c9c,
0x8105aa07,
0x00f90970,
0x80f44f22,
0x8106aa53,
0x62fe8268,
0x4fd1771c,
0x4d46284b,
0x789c09aa,
0xf9eaf7fb,
0x49464a47,
0x06aa4633,
0x04aa70c8,
0x7bf9e13c,
0x40079b69,
0x07815df1,
0x4fd1c228,
0x2835fff0,
0x07aa1c46,
0xf8364e84,
0x05aaa024,
0x13905e89,
0x518024f8,
0x43464a46,
0xc8f7fb46,
0x8312aaf9,
0x2ef9c608,
0x014a2c4b,
0x0faa2c20,
0xe73772cc,
0x3024f819,
0x8707aa1a,
0x36e7501e,
0xaa6024f8,
0x31a05209,
0x53464a46,
0x9ff7fb46,
0x05aa53f9,
0xaa4a4682,
0x9e468209,
0x184b1af9,
0x11aa184a,
0xe758409b,
0x3000f899,
0x2000f898,
0x1000f8ba,
0x0e0daa72,
0xe7789000,
0x462868bb,
0xaa3968fa,
0xfb0cce07,
0xaaf972f7,
0x61782204,
0x852408aa,
0x009340e7,
0x009320f1,
0x009330f1,
0x0092d0f1,
0x0092e0f1,
0x0092c0f1,
0x009200f1,
0x009220f1,
0x009210f1,
0x009370f1,
0x009360f1,
0x009350f1,
0xa54b90f1,
0x05eb0800,
0x8bfa5f02,
0x7b18ebf8,
0xfa4b8d61,
0x05eb0a60,
0x3b18eb02,
0xba4b8b61,
0x05eb0960,
0x7a18ee02,
0x83fa5f60,
0x7f1c61f9,
0x4b4a85d1,
0x05aa8346,
0x46403683,
0xf932f7fb,
0x1c623001,
0xd179b2c0,
0x464b4a7f,
0x8307aa7d,
0x1a04aa34,
0x4658f92d,
0xf82ff7fb,
0x1c850caa,
0x1c63fda8,
0x4b77d16b,
0x4a774640,
0x8309aa77,
0x70f91034,
0x82496f4a,
0x05aa4b46,
0x04aa56a9,
0x1af9073c,
0x000f02f0,
0x078083f0,
0x6ed1c428,
0x8bfa5f4b,
0x03eb05f6,
0x054b6c0a,
0x6c0903eb,
0x5f441d4b,
0x60f883fa,
0x68d1551c,
0x6646434a,
0x0e8105aa,
0xf7fb4630,
0x06aaf8eb,
0xd14f4484,
0x46434a62,
0x8107aa60,
0x1a04aa0e,
0x4658f8e6,
0xffe8f7fa,
0x42840caa,
0x1c62fd61,
0x4b53d141,
0x4a534630,
0x8109aa54,
0x53f8c90e,
0x4349514a,
0x428407aa,
0xc03c04aa,
0x9b697bf8,
0x07d53c07,
0xded1c528,
0x79693ae6,
0x05aa3369,
0xe77e7e82,
0x000c0aaa,
0x7be78490,
0xba464068,
0xaa68f968,
0xa41c8308,
0x2004aaf8,
0x06aa4682,
0x2be79222,
0x07aa9978,
0xaaa82683,
0x90000c0b,
0x687be7ae,
0x3a0daa30,
0x782bf887,
0x08aa6178,
0x04e7bc22,
0x05aa2122,
0xfd0b3ab4,
0x28004605,
0xae9ef47f,
0xfa5f4658,
0xf7faf68b,
0x2303ff7f,
0x21612208,
0xf7fb4630,
0x4b26f86c,
0x4a262801,
0xd1214927,
0x3ffff1b4,
0x9107aa16,
0x8d06aa14,
0x6ff86504,
0xaa0207f0,
0xfce74806,
0x4658bb10,
0xff60f7fa,
0x21542200,
0xf7fb4658,
0xaa73f81b,
0xe446d60f,
0x071c60e7,
0x954208aa,
0x444204aa,
0x0daae7f8,
0x95006acd,
0x4605e7f3,
0xbf00e657,
0x588408aa,
0x06aa9200,
0x93605484,
0x648406aa,
0xf10091f0,
0xf10091e0,
0xf10091d0,
0x2004aaf0,
0x10f10093,
0x308d07aa,
0x46042154,
0xaf02b09b,
0x9905aa1d,
0xfa608844,
0x40ffd1f7,
0x381149f2,
0xfa462063,
0x40ffcbf7,
0xf8114bf2,
0x0c04aa62,
0xf44fffc5,
0xaab871a5,
0xffbf0c05,
0x71a6f44f,
0x0c05aa78,
0xf44fffb9,
0xaa3871a1,
0xffb30c05,
0x718df44f,
0x04aa61f8,
0x40ffad0c,
0xb81121f2,
0xa70c05aa,
0x81f44fff,
0x05aa7871,
0x03ffa10c,
0x0361382d,
0xfff04fd9,
0x89f00032,
0x002e00bd,
0xb281c9f0,
0xb2b2e64b,
0x00f04f4a,
0x3049b208,
0x85ea4f46,
0x1346c209,
0x123025f8,
0x548c07aa,
0x8000f8cd,
0xffc6f7fa,
0x4aac4bab,
0x49ac2002,
0x001c0caa,
0xfa463090,
0xa7ffb8f7,
0x304aa84b,
0x0daaa846,
0x3806aa1c,
0xa3ff00aa,
0x304aa44b,
0x13aaa446,
0x9fff9c1c,
0x094aa049,
0xfb0301eb,
0x02eb0965,
0x9d65bb03,
0x2204aa4b,
0x0003eb09,
0x782604aa,
0x05aa3065,
0x06aa0a81,
0x97ff852e,
0x05aa9749,
0x05aa3b2e,
0x9564fb2e,
0xb82e0daa,
0xaa200164,
0x06aa2e04,
0xff6e1481,
0xaa8f498e,
0x647b2e05,
0x3b2e04aa,
0x0daa8c64,
0x0d63f82e,
0x572e0baa,
0x4023ffff,
0x05aa49f2,
0xf7fa06f4,
0x23ffff28,
0xaaa5f44f,
0xfa4ce805,
0xc0ff21f7,
0x05aade23,
0xf7fa56e4,
0xaac0ff1b,
0x7ae88107,
0xff15f7fa,
0x444b4b79,
0x4b7863bb,
0x637b444b,
0x44994b78,
0x6a8708aa,
0xf7fc4620,
0x6bbbfbb3,
0x46306b7a,
0x1000f8b9,
0x0a01f10a,
0x7812781b,
0x004004aa,
0x08d04d28,
0xbb0801f1,
0x390f03f1,
0x05f1b8d1,
0xbad9460f,
0x560f0ff1,
0x4f6d7bd9,
0xba101aea,
0xf938016d,
0xaab2c06d,
0xfa16da0a,
0xfbff08f7,
0x0a6c3a6b,
0x79000df1,
0x0ff0006c,
0x78db09aa,
0xfa1c04aa,
0xfa6cbbfe,
0x9aea4f6c,
0x006d3900,
0x1b0002f0,
0x01f04078,
0x200aaa00,
0xf8d7feea,
0x2b00308c,
0x80b9f000,
0x0b00f04f,
0xf1bbe00f,
0xd10c0f04,
0x0f09f1b8,
0x6d7bd909,
0x1007f3ca,
0x6df96dba,
0xc65406aa,
0xfb4680e7,
0x3a46306b,
0xaa6c796c,
0xf7fa1206,
0x280cfec1,
0x8082f000,
0x06aa2201,
0xfb4912f2,
0xd0892800,
0x21546b3a,
0xf7fa4620,
0x6afafe7f,
0xe58106aa,
0x79f7fa5c,
0xaa6abafe,
0x5ce58106,
0xfe73f7fa,
0x06aa6a7a,
0xfa5ae581,
0x3afe6df7,
0x8106aa6a,
0xf7fa58e5,
0x69fafe67,
0xde8106aa,
0x61f7fa36,
0xaa69bafe,
0x32de8106,
0xfe5bf7fa,
0x06aa697a,
0xfa2ede81,
0x3afe55f7,
0x9006aa69,
0x4ff7fa68,
0x94f8d7fe,
0x408105aa,
0xf8d78515,
0xf04f3090,
0x462932ff,
0x2b004620,
0x081804aa,
0x5a2201bf,
0xfff7ff43,
0x004602fa,
0xc0bc20f0,
0x8b0aaa92,
0x00929074,
0x0092a0f1,
0x0092b0f1,
0x009260f1,
0x009270f1,
0x009280f1,
0x009230f1,
0x009240f1,
0xaa9250f1,
0xf0089b06,
0xe0f10093,
0x489407aa,
0xf10093c0,
0xf10093b0,
0x9207aaa0,
0x00938040,
0x009170f1,
0x009180f1,
0x009190f1,
0x306cbbf1,
0x396cfa46,
0x2e8207aa,
0xfe33f7fa,
0xf47f2803,
0x6d7baf72,
0x0aaa4630,
0xf7fa4682,
0x280ffe27,
0xaf66f47f,
0x8107aaff,
0x11495897,
0xfdfdf7fa,
0x4f0e06aa,
0xfa71a5f4,
0xaafdf6f7,
0x74978106,
0xf7fa21de,
0x0aaafdf0,
0xfdea5684,
0xaa59e751,
0x21688205,
0x03f1bbfb,
0xaad1510f,
0xdc7e840a,
0xd6280baa,
0x8108aafd,
0xf7fa54e8,
0xaa32fdbd,
0x04aa5605,
0x05aab70c,
0x8206aa0c,
0x1ffdb16c,
0xea8107aa,
0xb4f7fa14,
0x78221ffd,
0x8106aa63,
0xf7fa16ea,
0x2380fdad,
0x06aa64b8,
0xaa009981,
0xfdaf1004,
0x04aa231f,
0x5c06aa2a,
0x0e05aaa8,
0x0e07aa42,
0x2d02fda1,
0x2d03d05d,
0x2d01d067,
0x2350d129,
0xe88108aa,
0x94f7fa68,
0x0e04aafd,
0xaa2921f4,
0x06548405,
0x324bddd1,
0x20210b46,
0xfc781b46,
0xaafa33f7,
0xbe468106,
0x0b2300fa,
0xfc4a05aa,
0xaafa29f7,
0x2222860c,
0xbb2300fa,
0x53637b64,
0x4604aae0,
0xe98106aa,
0x6af7fa5c,
0xaa5405aa,
0x5ae98106,
0xfd63f7fa,
0x04aa2103,
0x0daa9b46,
0x02fa053a,
0xaff0002d,
0x32f005aa,
0x2d0181bc,
0xaa0fd124,
0x4916810b,
0x0e04aafd,
0x8105aaf4,
0xa4fd4368,
0x05aa2c22,
0x8106aa60,
0xf7fa7ee9,
0x6007aa3a,
0xe7ce1145,
0xef0a04aa,
0x2f2805aa,
0xf51605aa,
0xaae7c421,
0x08aa3c04,
0xaa240c81,
0x08aa4a05,
0xfd1d0c81,
0x827604aa,
0x8d7605aa,
0xd12d0181,
0xaa2284d0,
0xfd048606,
0x03f1bbfc,
0x9ed10d0f,
0x9e20004b,
0x0faa9e4a,
0xb2e0228a,
0xfd27f7fa,
0xb2e64b9a,
0xf04f4a9a,
0xaa990900,
0x08668a06,
0x108a0faa,
0x14f7fa90,
0x944b93fd,
0x9446304a,
0x2c8a10aa,
0x06f7fa90,
0x90498ffd,
0x05aa084a,
0xaa082c8a,
0x8d2c8a05,
0x508905aa,
0x8a12aa08,
0xf7fa902c,
0x4987fcef,
0x2e06aa87,
0x2e05aa60,
0x0eaa8560,
0xaf05aa2e,
0x2e06aa48,
0x0901f04f,
0xfcd6f7fa,
0x4a7e497d,
0x04aa4630,
0x05aa3b34,
0x7b64fb62,
0xaa3405aa,
0xeb083004,
0x0aaa0a03,
0x75fcc05e,
0x05aa7649,
0xaa647b5e,
0x643b2a04,
0x5e0daa73,
0x5c8a0eaa,
0x4620fca9,
0xfbabf7fa,
0x9038f8c7,
0x9150f8df,
0x0f04f1bb,
0xf8d9d10a,
0x22003000,
0x4620210b,
0xb2db43db,
0x3000f8c9,
0xf919f7fc,
0x628306aa,
0x5380f44f,
0xf912f7fc,
0xaa59462a,
0x6a4cef05,
0x002800ff,
0xbb82c6f0,
0x002b006b,
0x07aad1f0,
0xf7fe0a89,
0x4602ff12,
0xf0402800,
0x65388224,
0x008905aa,
0xaa6d3afb,
0xf8f2400a,
0x4a4008aa,
0x2604aaff,
0x08aa80b5,
0xf7fe3c88,
0x06aafef5,
0xaa82073a,
0xaa5d3804,
0x4d6a8605,
0xc02300d1,
0x05aade22,
0xfc275283,
0xe10c04aa,
0x210c05aa,
0x09aa00fc,
0xfc086a86,
0x8107aa00,
0xf7fa4ef5,
0x0c05aa02,
0x6a8606aa,
0xaa01fbfc,
0xaa449a07,
0xaa102606,
0xaa449a07,
0xfc010e04,
0xaa1c04aa,
0xfa5c8908,
0x1c06aafb,
0x5e8906aa,
0xf897fbf3,
0x0aaa3034,
0xfbeb2687,
0xf8974620,
0x1205aa48,
0xf7fa2142,
0xf44ffbe3,
0xf53e707a,
0x4620fe01,
0xf876f7fc,
0x73f8f641,
0x40032203,
0x669a06aa,
0xe53bf881,
0x6de0bf00,
0x609506aa,
0x788908aa,
0x9107aa00,
0x04aa200c,
0x9107aa14,
0x0091f000,
0x0091c0f1,
0x0091b0f1,
0xaa91a0f1,
0xaa788926,
0xaa7c8506,
0x9f368606,
0x0e06aafb,
0x0e05aa45,
0x2294fb98,
0x04aae681,
0x8606aa12,
0x05aa903e,
0x05aaf51e,
0xb4fb8a0c,
0x20e67322,
0x34f8df46,
0xb0f7faa3,
0xc849c8fa,
0x568409aa,
0xeb084bc7,
0xf8310902,
0x44981025,
0xaa25f812,
0xfa248405,
0xc1fb91f7,
0xaad52207,
0x1a5e8c08,
0x8306aaf8,
0xaa813a1a,
0xbbfa5a05,
0x400f04f1,
0xaa80e7f0,
0x6e918106,
0x308408aa,
0x8405aaca,
0x09aa0130,
0x46205c96,
0xfffaf7fb,
0x0aaae0d7,
0xaaf66283,
0x161c8407,
0x6c4805aa,
0x124805aa,
0x4612aad1,
0xffdef7fb,
0xd7460caa,
0xbbe002ff,
0xf40f03f1,
0x8408aad0,
0x28fe2b3e,
0x8408aab9,
0xd3fdd972,
0x306d39e7,
0x00f89946,
0x00f89820,
0xfa880930,
0xc2fb31f7,
0xaad5c207,
0xd1696004,
0xc52808aa,
0x7e06aafd,
0x04aa80d7,
0x05aa2d7e,
0x88d1637e,
0x7a04aa4a,
0x04aa6813,
0x0060137c,
0xa0f7fb22,
0x850aaaff,
0x99f7fb72,
0x7408aaff,
0xb948fdf1,
0x4c810aaa,
0x4e07aa9e,
0x10aa80b0,
0xfaf3688c,
0x6dba6d7b,
0x10aa3001,
0xfaef3290,
0xf17804aa,
0x810caaf9,
0x39ff6a5a,
0x00f8986d,
0x8106aa30,
0x3e04aa3e,
0x3e05aad4,
0x6df94682,
0x08aa4630,
0x1afaca52,
0x000f01f0,
0x0780fbf0,
0xffd1c728,
0xbbbae9f7,
0x9b0f03f1,
0x07aa0cd1,
0xff4a5a81,
0x04aae791,
0xaad1b912,
0xff3c5c0c,
0x4a524b52,
0xcd05aa30,
0x890aaa2a,
0xa3f7fa3a,
0x062801fa,
0x0bf06fd1,
0x3e06aa02,
0xe799ff2b,
0xaaf82204,
0xf43f4205,
0x08aaaf20,
0xfd797081,
0x64820aaa,
0xe6fdfd27,
0x46306d39,
0x3000f898,
0x2a8108aa,
0x07c3fa7f,
0xaeedf53f,
0x0f04f1bb,
0x8209aa31,
0x02fd1266,
0x20bb2846,
0x7cf7fa46,
0x1a04aaf9,
0xaa2fd137,
0xef628211,
0x820caafe,
0xaafee862,
0xfd407208,
0x0aaab1b0,
0xaadf6282,
0x47108805,
0x644610d0,
0x1a9e07aa,
0x0f03f1bb,
0x8109aad1,
0xc9fecf76,
0x2e0aaae7,
0x04aafcd6,
0xe7d0df2e,
0x488105aa,
0x820daadb,
0xaafeb70a,
0xaa30e908,
0x1e0a820e,
0x0a820faa,
0xaadcfea6,
0x000a8205,
0x9d0caabf,
0xaa6de00c,
0xaa70900e,
0xfb708310,
0x8316aaf9,
0x20f9f770,
0xf9f7fa46,
0x10860daa,
0x10aafe72,
0xaadc7083,
0x0eaa3e05,
0xf9d27083,
0x0f01f01a,
0x2807d003,
0xf7ffd1c8,
0xf06fb9f2,
0x8107aa03,
0x05aa5522,
0xf47f1482,
0x8309aa75,
0x05aa1626,
0xf47f5486,
0xe566af6c,
0x46306cfa,
0xf89a6d39,
0x06aa3000,
0x03f9ae48,
0xaad13028,
0xfa489b0e,
0x0ff9a3f7,
0xc7f43f28,
0x8308aaa9,
0x05aa3932,
0xf47f3a82,
0x6cfaaf4b,
0x0aaa2001,
0x8106aa40,
0xfbf99446,
0x0d6c3a6b,
0x9408aa20,
0x1606aa7c,
0x8105aa89,
0x00f88b5c,
0xe063bb23,
0x036cfae4,
0x783811aa,
0x053805aa,
0xe23809aa,
0x94f8d7e7,
0x00e71820,
0xf0e92dbf,
0x0c1c4d47,
0x02b08246,
0x2d060ff0,
0x2daf024b,
0xc5492d4a,
0x08aa28b2,
0x0696589b,
0xfa46283e,
0xdff957f7,
0x0590b4f8,
0x284b272e,
0xdf49284a,
0x2880acf8,
0x60d8344e,
0x09aa1c1c,
0x940018e5,
0x432804aa,
0xa406aaf9,
0xb1f2884a,
0x3a1207aa,
0xaa2000f9,
0xaa6caf06,
0xd244e30e,
0x2a9c05aa,
0x0a00f04f,
0x48bc0caa,
0x213204aa,
0x24f836f9,
0x24f81910,
0x24f81830,
0x1604aa20,
0x1c60e7da,
0x2401d101,
0x3407aac9,
0x3409aa01,
0xbf00e7e4,
0x64de0caa,
0xf10094b0,
0xf10094c0,
0xf10094d0,
0xf1009570,
0xf1009550,
0xef07aa60,
0x49f24034,
0x8b461c11,
0x00af02b0,
0x80461623,
0x7b613b46,
0xfb61bb61,
0xa5f7fa61,
0x781c63f8,
0xba4bb960,
0xaa49ba4a,
0x0114c80a,
0x5f900020,
0x5ff088fa,
0xfafb88fa,
0x06f8d6f7,
0x40462122,
0x65f7ff46,
0x072501ff,
0x40228023,
0x582181f2,
0xfa950046,
0xaaf8c8f7,
0x401e9a08,
0x99f7fa46,
0x2b9500f8,
0x8e220246,
0xfa465821,
0x04f8baf7,
0x40d1682e,
0x14f7fb46,
0x6a07c6fd,
0xa64640d5,
0x0ef7fb00,
0x402201fd,
0x060380f0,
0x07464021,
0x2cf7fb25,
0xf34b9dfd,
0x9c60fb18,
0x03eb064b,
0x1e4b9c0a,
0xbbb2db44,
0x01f04f60,
0x4a230009,
0x4a04aa46,
0x5a9006aa,
0x04aaf893,
0xaa930010,
0xf88c5c06,
0x0320f107,
0x0384eb03,
0x3c10f853,
0xd1472b00,
0xd13f1c60,
0x498a4a8b,
0xb2d268bb,
0x04aab289,
0xb0f87224,
0x40f080fa,
0xaab13009,
0x22012c04,
0x432e04aa,
0x2a2c10f8,
0x8106aa46,
0x01fefe4e,
0x17b2ed35,
0xaad1c82d,
0x2b014c0c,
0x08aadc32,
0xfeed7081,
0xaa13e02c,
0xaa64ac05,
0x727c9f0a,
0x992e03e7,
0x568105aa,
0x07c5fca9,
0xf04fd594,
0x08aa30ff,
0x68f900c6,
0xaa9a7833,
0xbe528605,
0xcf2b01e7,
0x631c61d1,
0x654a66d1,
0x14810baa,
0x06aaf828,
0x280000b7,
0x6d7bd0bb,
0xa1a8f8df,
0x91a0f8df,
0xd1552b00,
0x4d5e1c62,
0xd1744e5e,
0xfa5f4b5e,
0x495ef289,
0xb2ad4658,
0xb2dcb2f6,
0xf38afa5f,
0xf7fab289,
0x6cfbf80b,
0x46294632,
0x46234418,
0x9000b2c0,
0x094e04aa,
0x05aa23f8,
0x465860d1,
0xaafbf7f9,
0x04688a05,
0x0baa5238,
0x465810cc,
0xf7f92400,
0x4640fff6,
0xfc52f7fb,
0x22014b4d,
0x40032106,
0x710e04aa,
0x3a9107aa,
0xf7f94640,
0x2301ffab,
0x348306aa,
0xf7f99400,
0x04aaffdf,
0x40fee114,
0xaa687a46,
0xf7f92204,
0x4620ff9b,
0x0aaae78d,
0xe79a5c81,
0xf04f6d3b,
0x493535ff,
0x6d7b2b00,
0x2501bf08,
0x1c63435d,
0xb009aa10,
0x7804aa56,
0xffb3f7f9,
0xb2d21942,
0x488206aa,
0x2800fe49,
0xaa6bd08e,
0x3146af09,
0xec1024f8,
0x24f835e7,
0xfb465830,
0x274b2260,
0x1649224a,
0x18a807aa,
0x0caa4b25,
0xf7f952b2,
0x6cfbff8f,
0x68f9464a,
0xaa534418,
0xf9788107,
0x19ff8df7,
0x24f8164b,
0x35465820,
0x331024f8,
0x149024f8,
0x3c04aa4b,
0x0604aa11,
0x0d60fb30,
0xf90805aa,
0x04ff71f7,
0xfbb2c038,
0x52900068,
0x77464946,
0x009660e7,
0x009670f1,
0x009680f1,
0x009590f1,
0x009580f1,
0xaa9850f1,
0xe004c506,
0x2ce107aa,
0x0eaa9620,
0xff7f10c5,
0x08aa000f,
0x000000cb,
0xf0040000,
0x0001e51f,
0xaa0f0100,
0x3cc88107,
0xaa0808aa,
0x08aa1010,
0x00020308,
0x00020400,
0x00020500,
0x00020600,
0x00020700,
0x00020800,
0x00020900,
0x00020a00,
0x00020b00,
0x04aa0c00,
0x8107aa20,
0x08aa1cae,
0x1010aa08,
0x200808aa,
0xc98107aa,
0x0808aa48,
0xaa1010aa,
0x28aa0808,
0x07aa0478,
0xaa20af81,
0x10aa0808,
0x0808aa10,
0x8107aa10,
0x08aa24ca,
0x1010aa08,
0xaa0808aa,
0x003f7828,
0xaa0404aa,
0x10aa0808,
0x0c0aaa10,
0x06aa0218,
0x1a78b081,
0x8106aa02,
0x021c50b0,
0xb08106aa,
0xaa022140,
0x6cb08106,
0x06aa0223,
0x0724b181,
0xb18107aa,
0x0808aa00,
0xaa1010aa,
0xaa800808,
0x08aa0404,
0x1010aa08,
0xaa0c0baa,
0xaa067828,
0x10b28107,
0xaa0808aa,
0x08aa1010,
0x07aa4008,
0xaa60cc81,
0x10aa0808,
0x0808aa10,
0xaa7828aa,
0xe4408228,
0x8106aa01,
0x01e628b5,
0xb58106aa,
0xaa01e800,
0x70b48106,
0x06aa01ea,
0xec1cb581,
0x8106aa01,
0x50aa54b5,
0x28aa4082,
0x8250aa78,
0x7828aa40,
0x408228aa,
0x06aa01c3,
0xc534b981,
0xc6000001,
0x8106aa01,
0x01c870b9,
0xb98106aa,
0xaa01ca3c,
0x2cb98106,
0x8253aacc,
0x7828aa40,
0x408250aa,
0xaa7828aa,
0x24cf810c,
0xb60404aa,
0xb9000001,
0xbc000001,
0xbf000001,
0x7f000001,
0x0404aa00,
0x000808aa,
0x00016c00,
0x00017e00,
0x00019000,
0xaa01a200,
0xaa30d506,
0xaa38d508,
0x03900404,
0x03910000,
0x03920000,
0x03930000,
0x754012aa,
0x87000001,
0x99000001,
0xab000001,
0x8906aa01,
0x07aa0514,
0xaa075c81,
0x207c8807,
0x448107aa,
0x00000080,
0x04aa015d,
0x0808aa04,
0xb43022aa,
0x0404aa01,
0xaa0808aa,
0x12008112,
0x1f000003,
0x2c000003,
0x39000003,
0x208113aa,
0x171010aa,
0xf4000001,
0x45000000,
0xf5000001,
0x46000000,
0x13000001,
0x01000001,
0xef000001,
0x7c810faa,
0x100404aa,
0x1d000003,
0x2a000003,
0x37000003,
0x2012aa03,
0x00000308,
0x00000315,
0x00000322,
0x2013aa2f,
0x00000373,
0x0000037b,
0x00000383,
0x2013aa8b,
0x00000372,
0x0000037a,
0x00000382,
0x2013aa8a,
0x00000370,
0x00000378,
0x00000380,
0x2013aa88,
0x00000371,
0x00000379,
0x00000381,
0x4023aa89,
0x708220aa,
0x0404aab5,
0xaa0808aa,
0x0130d907,
0xbc8107aa,
0x0baa0350,
0x4804aa0c,
0x3017aa08,
0xaa1c04aa,
0x04aa0808,
0x08aa7064,
0x00000008,
0x0404aa9a,
0x9b000000,
0xaa0404aa,
0xaa983023,
0x00000404,
0x04aa9900,
0x3023aa04,
0x0404aa96,
0x97000000,
0xaa0404aa,
0x9e408123,
0xaa0404aa,
0x07aa0808,
0x821caa18,
0x3010aa20,
0xbe8108aa,
0x3804aa6c,
0xaa3404aa,
0xaa0c6404,
0x44d98107,
0x000000c0,
0x0404aa95,
0xaa0808aa,
0x9c108123,
0xaa0404aa,
0x23aa0808,
0x10aa1081,
0x8120aa30,
0x04aa9d10,
0x0808aa04,
0xb63023aa,
0xaa0404aa,
0x13aa0808,
0x000f0083,
0xaaf00000,
0x00000808,
0x04aad200,
0x00000004,
0x0404aad3,
0x916023aa,
0xaa0404aa,
0x23aa0808,
0xaa02bb60,
0x00000404,
0x0404aabc,
0x609013aa,
0x000000ce,
0x000000d0,
0x000000cf,
0x7007aad1,
0xaa0404aa,
0xaa780808,
0x08aa0404,
0x3013aa08,
0xca5010aa,
0xcc000000,
0xcb000000,
0xcd000000,
0xaa5023aa,
0x20aa3010,
0xaa8e4083,
0x08aa0404,
0x8113aa08,
0x00016100,
0x00016200,
0x00016300,
0xaa016400,
0xf8008112,
0xaa0404aa,
0x13aa0808,
0x8810aa30,
0x2010aa10,
0x108520aa,
0x0404aa8f,
0xaa0808aa,
0x50208a13,
0x58000003,
0x60000003,
0x68000003,
0xaa4104aa,
0xc840831f,
0x000404aa,
0xaac90000,
0x23aa0404,
0xaac67083,
0x00000404,
0x04aac700,
0x3023aa04,
0x0404aac4,
0xc5000000,
0xaa0404aa,
0x90008523,
0xaa0404aa,
0x23aa0808,
0x02802087,
0xaa0404aa,
0x1aaa0808,
0xaa30c681,
0x34aa1a1a,
0x6868aa34,
0x815081aa,
0x3232aa50,
0x4603b580,
0x781aaf00,
0xb90a1c59,
0xbd801a18,
0xe7f8460b,
0x211cb590,
0xaf004a0b,
0x4470f04f,
0x0304ea00,
0x40cb3201,
0xb2db3904,
0x2b090924,
0x3c01f802,
0x3337bf88,
0x3330bf98,
0x0b0c04aa,
0x00d1ed1d,
0xfcbd9048,
0x20010001,
0x0d007830,
0x3a45000a,
0x00203a00,
0x0d002020,
0x5a4e550a,
0x00214b4f,
0xd5034fff,
0xd53e1001,
0x927ff821,
0x927ef821,
0x927df821,
0x927cf821,
0x9273f821,
0xd51e1001,
0xd5033fdf,
0xd53800b3,
0xd3401e73,
0xf100027f,
0x54000540,
0x18000960,
0xb9400001,
0x32000021,
0xb9000001,
0x1004aa00,
0x001405aa,
0x0008e1b9,
0x80054218,
0x00002252,
0x0008a4b9,
0x40008418,
0x00009fb9,
0xffffa071,
0x00067f54,
0x000100f1,
0x000a7f54,
0x04aa80f1,
0xf1000e08,
0x54000200,
0x06aa0462,
0xfffffe30,
0x00072317,
0x80002218,
0x00006252,
0xaa0642b9,
0x00801806,
0x0683d61f,
0x62180aaa,
0xe3180baa,
0x180aaa05,
0x180baa82,
0x18000541,
0x06aa0042,
0x00044110,
0xaa082218,
0x0a420c06,
0x620806aa,
0xc21007aa,
0xaa3407aa,
0x03243c08,
0x34810eaa,
0x0eaa02c4,
0x0faa6410,
0x07aa2210,
0xaa01e138,
0xc4088106,
0x2005aa01,
0x8108aaf9,
0xf0200008,
0xf02004ff,
0x05aaf0ff,
0xf0115383,
0xf021010c,
0xf0210114,
0xf0210118,
0xf021011c,
0x1004aa08,
0x00ffe410,
0x06aa2101,
0x8306aa23,
0x0000007c,
0x00000000,
0x00000000,
0x00000000,
0x00000000,
0x00000000,
0x00000000,
0x00000000,
0x00000000,
0x00000000,
0x00000000,
0x00000000,
0x00000000,
0x00000000,
0x00000000,
0x00000000,
0x00000000,
0x00000000,
0x00000000,
0x00000000,
0x00000000,
0x00000000,
0x00000000,
0x00000000,
0x00000000,
0x00000000,
0x00000000,
0x00000000,
0x00000000,
0x00000000,
0x00000000,
0x00000000,
0x00000000,
0x00000000,
0x00000000,
0x00000000,
0x00000000,
0x00000000,
0x00000000,
0x00000000,
0x00000000,
0x00000000,
0x00000000,
0x00000000,
0x00000000,
0x00000000,
0x00000000,
0x00000000,
0x00000000,
0x00000000,
0x00000000,
0x00000000,
0x00000000,
0x00000000,
0x00000000,
0x00000000,
0x00000000,
0x00000000,
0x00000000,
0x00000000,
0x00000000,
0x00000000,
0x00000000,
0x00000000,
0x00000000,
0x00000000,
0x00000000,
0x00000000,
0x00000000,
0x00000000,
0x00000000,
0x00000000,
0x00000000,
0x00000000,
0x00000000,
0x00000000,
0x00000000,
0x00000000,
0x00000000,
0x00000000,
0x00000000,
0x00000000,
0x00000000,
0x00000000,
0x00000000,
0x00000000,
0x00000000,
0x00000000,
0x00000000,
0x00000000,
0x00000000,
0x00000000,
0x00000000,
0x00000000,
0x00000000,
0x00000000,
0x00000000,
0x00000000,
0x00000000,
0x00000000,
0x00000000,
0x00000000,
0x00000000,
0x00000000,
0x00000000,
0x00000000,
0x00000000,
0x00000000,
0x00000000,
0x00000000,
0x00000000,
0x00000000,
0x00000000,
0x00000000,
0x00000000,
0x00000000,
0x00000000,
0x00000000,
0x00000000,
0x00000000,
0x00000000,
0x00000000,
0x00000000,
0x00000000,
0x00000000,
0x00000000,
0x00000000,
0x00000000,
0x00000000,
0x00000000,
0x00000000,
0x00000000,
0x00000000,
0x00000000,
0x00000000,
0x00000000,
0x00000000,
0x00000000,
0x00000000,
0x00000000,
0x00000000,
0x00000000,
0x00000000,
0x00000000,
0x00000000,
0x00000000,
0x00000000,
0x00000000,
0x00000000,
0x00000000,
0x00000000,
0x00000000,
0x00000000,
0x00000000,
0x00000000,
0x00000000,
0x00000000,
0x00000000,
0x00000000,
0x00000000,
0x00000000,
0x00000000,
0x00000000,
0x00000000,
0x00000000,
0x00000000,
0x00000000,
0x00000000,
0x00000000,
0x00000000,
0x00000000,
0x00000000,
0x00000000,
0x00000000,
0x00000000,
0x00000000,
0x00000000,
0x00000000,
0x00000000,
0x00000000,
0x00000000,
0x00000000,
0x00000000,
0x00000000,
0x00000000,
0x00000000,
0x00000000,
0x00000000,
0x00000000,
0x00000000,
0x00000000,
0x00000000,
0x00000000,
0x00000000,
0x00000000,
0x00000000,
0x00000000,
0x00000000,
0x00000000,
0x00000000,
0x00000000,
0x00000000,
0x00000000,
0x00000000,
0x00000000,
0x00000000,
0x00000000,
0x00000000,
0x00000000,
0x00000000,
0x00000000,
0x00000000,
0x00000000,
0x00000000,
0x00000000,
0x00000000,
0x00000000,
0x00000000,
0x00000000,
0x00000000,
0x00000000,
0x00000000,
0x00000000,
0x00000000,
0x00000000,
0x00000000,
0x00000000,
0x00000000,
0x00000000,
0x00000000,
0x00000000,
0x00000000,
0x00000000,
0x00000000,
0x00000000,
0x00000000,
0x00000000,
0x00000000,
0x00000000,
0x00000000,
0x00000000,
0x00000000,
0x00000000,
0x00000000,
0x00000000,
0x00000000,
0x00000000,
0x00000000,
0x00000000,
0x00000000,
0x00000000,
0x00000000,
0x00000000,
0x00000000,
0x00000000,
0x00000000,
0x00000000,
0x00000000,
0x00000000,
0x00000000,
0x00000000,
0x00000000,
0x00000000,
0x00000000,
0x00000000,
0x00000000,
0x00000000,
0x00000000,
0x00000000,
0x00000000,
0x00000000,
0x00000000,
0x00000000,
0x00000000,
0x00000000,
0x00000000,
0x00000000,
0x00000000,
0x00000000,
0x00000000,
0x00000000,
0x00000000,
0x00000000,
0x00000000,
0x00000000,
0x00000000,
0x00000000,
0x00000000,
0x00000000,
0x00000000,
0x00000000,
0x00000000,
0x00000000,
0x00000000,
0x00000000,
0x00000000,
0x00000000,
0x00000000,
0x00000000,
0x00000000,
0x00000000,
0x00000000,
0x00000000,
0x00000000,
0x00000000,
0x00000000,
0x00000000,
0x00000000,
0x00000000,
0x00000000,
0x00000000,
0x00000000,
0x00000000,
0x00000000,
0x00000000,
0x00000000,
0x00000000,
0x00000000,
0x00000000,
0x00000000,
0x00000000,
0x00000000,
0x00000000,
0x00000000,
0x00000000,
0x00000000,
0x00000000,
0x00000000,
0x00000000,
0x00000000,
0x00000000,
0x00000000,
0x00000000,
0x00000000,
0x00000000,
0x00000000,
0x00000000,
0x00000000,
0x00000000,
0x00000000,
0x00000000,
0x00000000,
0x00000000,
0x00000000,
0x00000000,
0x00000000,
0x00000000,
0x00000000,
0x00000000,
0x00000000,
0x00000000,
0x00000000,
0x00000000,
0x00000000,
0x00000000,
0x00000000,
0x00000000,
0x00000000,
0x00000000,
0x00000000,
0x00000000,
0x00000000,
0x00000000,
0x00000000,
0x00000000,
0x00000000,
0x00000000,
0x00000000,
0x00000000,
0x00000000,
0x00000000,
0x00000000,
0x00000000,
0x00000000,
0x00000000,
0x00000000,
0x00000000,
0x00000000,
0x00000000,
0x00000000,
0x00000000,
0x00000000,
0x00000000,
0x00000000,
0x00000000,
0x00000000,
0x00000000,
0x00000000,
0x00000000,
0x00000000,
0x00000000,
0x00000000,
0x00000000,
0x00000000,
0x00000000,
0x00000000,
0x00000000,
0x00000000,
0x00000000,
0x00000000,
0x00000000,
0x00000000,
0x00000000,
0x00000000,
0x00000000,
0x00000000,
0x00000000,
0x00000000,
0x00000000,
0x00000000,
0x00000000,
0x00000000,
0x00000000,
0x00000000,
0x00000000,
0x00000000,
0x00000000,
0x00000000,
0x00000000,
0x00000000,
0x00000000,
0x00000000,
0x00000000,
0x00000000,
0x00000000,
0x00000000,
0x00000000,
0x00000000,
0x00000000,
0x00000000,
0x00000000,
0x00000000,
0x00000000,
0x00000000,
0x00000000,
0x00000000,
0x00000000,
0x00000000,
0x00000000,
0x00000000,
0x00000000,
0x00000000,
0x00000000,
0x00000000,
0x00000000,
0x00000000,
0x00000000,
0x00000000,
0x00000000,
0x00000000,
0x00000000,
0x00000000,
0x00000000,
0x00000000,
0x00000000,
0x00000000,
0x00000000,
0x00000000,
0x00000000,
0x00000000,
0x00000000,
0x00000000,
0x00000000,
0x00000000,
0x00000000,
0x00000000,
0x00000000,
0x00000000,
0x00000000,
0x00000000,
0x00000000,
0x00000000,
0x00000000,
0x00000000,
0x00000000,
0x00000000,
0x00000000,
0x00000000,
0x00000000,
0x00000000,
0x00000000,
0x00000000,
0x00000000,
0x00000000,
0x00000000,
0x00000000,
0x00000000,
0x00000000,
0x00000000,
0x00000000,
0x00000000,
0x00000000,
0x00000000,
0x00000000,
0x00000000,
0x00000000,
0x00000000,
0x00000000,
0x00000000,
0x00000000,
0x00000000,
0x00000000,
0x00000000,
0x00000000,
0x00000000,
0x00000000,
0x00000000,
0x00000000,
0x00000000,
0x00000000,
0x00000000,
0x00000000,
0x00000000,
0x00000000,
0x00000000,
0x00000000,
0x00000000,
0x00000000,
0x00000000,
0x00000000,
0x00000000,
0x00000000,
0x00000000,
0x00000000,
0x00000000,
0x00000000,
0x00000000,
0x00000000,
0x00000000,
0x00000000,
0x00000000,
0x00000000,
0x00000000,
0x00000000,
0x00000000,
0x00000000,
0x00000000,
0x00000000,
0x00000000,
0x00000000,
0x00000000,
0x00000000,
0x00000000,
0x00000000,
0x00000000,
0x00000000,
0x00000000,
0x00000000,
0x00000000,
0x00000000,
0x00000000,
0x00000000,
0x00000000,
0x00000000,
0x00000000,
0x00000000,
0x00000000,
0x00000000,
0x00000000,
0x00000000,
0x00000000,
0x00000000,
0x00000000,
0x00000000,
0x00000000,
0x00000000,
0x00000000,
0x00000000,
0x00000000,
0x00000000,
0x00000000,
0x00000000,
0x00000000,
0x00000000,
0x00000000,
0x00000000,
0x00000000,
0x00000000,
0x00000000,
0x00000000,
0x00000000,
0x00000000,
0x00000000,
0x00000000,
0x00000000,
0x00000000,
0x00000000,
0x00000000,
0x00000000,
0x00000000,
0x00000000,
0x00000000,
0x00000000,
0x00000000,
0x00000000,
0x00000000,
0x00000000,
0x00000000,
0x00000000,
0x00000000,
0x00000000,
0x00000000,
0x00000000,
0x00000000,
0x00000000,
0x00000000,
0x00000000,
0x00000000,
0x00000000,
0x00000000,
0x00000000,
0x00000000,
0x00000000,
0x00000000,
0x00000000,
0x00000000,
0x00000000,
0x00000000,
0x00000000,
0x00000000,
0x00000000,
0x00000000,
0x00000000,
0x00000000,
0x00000000,
0x00000000,
0x00000000,
0x00000000,
0x00000000,
0x00000000,
0x00000000,
0x00000000,
0x00000000,
0x00000000,
0x00000000,
0x00000000,
0x00000000,
0x00000000,
0x00000000,
0x00000000,
0x00000000,
0x00000000,
0x00000000,
0x00000000,
0x00000000,
0x00000000,
0x00000000,
0x00000000,
0x00000000,
0x00000000,
0x00000000,
0x00000000,
0x00000000,
0x00000000,
0x00000000,
0x00000000,
0x00000000,
0x00000000,
0x00000000,
0x00000000,
0x00000000,
0x00000000,
0x00000000,
0x00000000,
0x00000000,
0x00000000,
0x00000000,
0x00000000,
0x00000000,
0x00000000,
0x00000000,
0x00000000,
0x00000000,
0x00000000,
0x00000000,
0x00000000,
0x00000000,
0x00000000,
0x00000000,
0x00000000,
0x00000000,
0x00000000,
0x00000000,
0x00000000,
0x00000000,
0x00000000,
0x00000000,
0x00000000,
0x00000000,
0x00000000,
0x00000000,
0x00000000,
0x00000000,
0x00000000,
0x00000000,
0x00000000,
0x00000000,
0x00000000,
0x00000000,
0x00000000,
0x00000000,
0x00000000,
0x00000000,
0x00000000,
0x00000000,
0x00000000,
0x00000000,
0x00000000,
0x00000000,
0x00000000,
0x00000000,
0x00000000,
0x00000000,
0x00000000,
0x00000000,
0x00000000,
0x00000000,
0x00000000,
0x00000000,
0x00000000,
0x00000000,
0x00000000,
0x00000000,
0x00000000,
0x00000000,
0x00000000,
0x00000000,
0x00000000,
0x00000000,
0x00000000,
0x00000000,
0x00000000,
0x00000000,
0x00000000,
0x00000000,
0x00000000,
0x00000000,
0x00000000,
0x00000000,
0x00000000,
0x00000000,
0x00000000,
0x00000000,
0x00000000,
0x00000000,
0x00000000,
0x00000000,
0x00000000,
0x00000000,
0x00000000,
0x00000000,
0x00000000,
0x00000000,
0x00000000,
0x00000000,
0x00000000,
0x00000000,
0x00000000,
0x00000000,
0x00000000,
0x00000000,
0x00000000,
0x00000000,
0x00000000,
0x00000000,
0x00000000,
0x00000000,
0x00000000,
0x00000000,
0x00000000,
0x00000000,
0x00000000,
0x00000000,
0x00000000,
0x00000000,
0x00000000,
0x00000000,
0x00000000,
0x00000000,
0x00000000,
0x00000000,
0x00000000,
0x00000000,
0x00000000,
0x00000000,
0x00000000,
0x00000000,
0x00000000,
0x00000000,
0x00000000,
0x00000000,
0x00000000,
0x00000000,
0x00000000,
0x00000000,
0x00000000,
0x00000000,
0x00000000,
0x00000000,
0x00000000,
0x00000000,
0x00000000,
0x00000000,
0x00000000,
0x00000000,
0x00000000,
0x00000000,
0x00000000,
0x00000000,
0x00000000,
0x00000000,
0x00000000,
0x00000000,
0x00000000,
0x00000000,
0x00000000,
0x00000000,
0x00000000,
0x00000000,
0x00000000,
0x00000000,
0x00000000,
0x00000000,
0x00000000,
0x00000000,
0x00000000,
0x00000000,
0x00000000,
0x00000000,
0x00000000,
0x00000000,
0x00000000,
0x00000000,
0x00000000,
0x00000000,
0x00000000,
0x00000000,
0x00000000,
0x00000000,
0x00000000,
0x00000000,
0x00000000,
0x00000000,
0x00000000,
0x00000000,
0x00000000,
0x00000000,
0x00000000,
0x00000000,
0x00000000,
0x00000000,
0x00000000,
0x00000000,
0x00000000,
0x00000000,
0x00000000,
0x00000000,
0x00000000,
0x00000000,
0x00000000,
0x00000000,
0x00000000,
0x00000000,
0x00000000,
0x00000000,
0x00000000,
0x00000000,
0x00000000,
0x00000000,
0x00000000,
0x00000000,
0x00000000,
0x00000000,
0x00000000,
0x00000000,
0x00000000,
0x00000000,
0x00000000,
0x00000000,
0x00000000,
0x00000000,
0x00000000,
0x00000000,
0x00000000,
0x00000000,
0x00000000,
0x00000000,
0x00000000,
0x00000000,
0x00000000,
0x00000000,
0x00000000,
0x00000000,
0x00000000,
0x00000000,
0x00000000,
0x00000000,
0x00000000,
0x00000000,
0x00000000,
0x00000000,
0x00000000,
0x00000000,
0x00000000,
0x00000000,
0x00000000,
0x00000000,
0x00000000,
0x00000000,
0x00000000,
0x00000000,
0x00000000,
0x00000000,
0x00000000,
0x00000000,
0x00000000,
0x00000000,
0x00000000,
0x00000000,
0x00000000,
0x00000000,
0x00000000,
0x00000000,
0x00000000,
0x00000000,
0x00000000,
0x00000000,
0x00000000,
0x00000000,
0x00000000,
0x00000000,
0x00000000,
0x00000000,
0x00000000,
0x00000000,
0x00000000,
0x00000000,
0x00000000,
0x00000000,
0x00000000,
0x00000000,
0x00000000,
0x00000000,
0x00000000,
0x00000000,
0x00000000,
0x00000000,
0x00000000,
0x00000000,
0x00000000,
0x00000000,
0x00000000,
0x00000000,
0x00000000,
0x00000000,
0x00000000,
0x00000000,
0x00000000,
0x00000000,
0x00000000,
0x00000000,
0x00000000,
0x00000000,
0x00000000,
0x00000000,
0x00000000,
0x00000000,
0x00000000,
0x00000000,
0x00000000,
0x00000000,
0x00000000,
0x00000000,
0x00000000,
0x00000000,
0x00000000,
0x00000000,
0x00000000,
0x00000000,
0x00000000,
0x00000000,
0x00000000,
0x00000000,
0x00000000,
0x00000000,
0x00000000,
0x00000000,
0x00000000,
0x00000000,
0x00000000,
0x00000000,
0x00000000,
0x00000000,
0x00000000,
0x00000000,
0x00000000,
0x00000000,
0x00000000,
0x00000000,
0x00000000,
0x00000000,
0x00000000,
0x00000000,
0x00000000,
0x00000000,
0x00000000,
0x00000000,
0x00000000,
0x00000000,
0x00000000,
0x00000000,
0x00000000,
0x00000000,
0x00000000,
0x00000000,
0x00000000,
0x00000000,
0x00000000,
0x00000000,
0x00000000,
0x00000000,
0x00000000,
0x00000000,
0x00000000,
0x00000000,
0x00000000,
0x00000000,
0x00000000,
0x00000000,
0x00000000,
0x00000000,
0x00000000,
0x00000000,
0x00000000,
0x00000000,
0x00000000,
0x00000000,
0x00000000,
0x00000000,
0x00000000,
0x00000000,
0x00000000,
0x00000000,
0x00000000,
0x00000000,
0x00000000,
0x00000000,
0x00000000,
0x00000000,
0x00000000,
0x00000000,
0x00000000,
0x00000000,
0x00000000,
0x00000000,
0x00000000,
0x00000000,
0x00000000,
0x00000000,
0x00000000,
0x00000000,
0x00000000,
0x00000000,
0x00000000,
0x00000000,
0x00000000,
0x00000000,
0x00000000,
0x00000000,
0x00000000,
0x00000000,
0x00000000,
0x00000000,
0x00000000,
0x00000000,
0x00000000,
0x00000000,
0x00000000,
0x00000000,
0x00000000,
0x00000000,
0x00000000,
0x00000000,
0x00000000,
0x00000000,
0x00000000,
0x00000000,
0x00000000,
0x00000000,
0x00000000,
0x00000000,
0x00000000,
0x00000000,
0x00000000,
0x00000000,
0x00000000,
0x00000000,
0x00000000,
0x00000000,
0x00000000,
0x00000000,
0x00000000,
0x00000000,
0x00000000,
0x00000000,
0x00000000,
0x00000000,
0x00000000,
0x00000000,
0x00000000,
0x00000000,
0x00000000,
0x00000000,
0x00000000,
0x00000000,
0x00000000,
0x00000000,
0x00000000,
0x00000000,
0x00000000,
0x00000000,
0x00000000,
0x00000000,
0x00000000,
0x00000000,
0x00000000,
0x00000000,
0x00000000,
0x00000000,
0x00000000,
0x00000000,
0x00000000,
0x00000000,
0x00000000,
0x00000000,
0x00000000,
0x00000000,
0x00000000,
0x00000000,
0x00000000,
0x00000000,
0x00000000,
0x00000000,
0x00000000,
0x00000000,
0x00000000,
0x00000000,
0x00000000,
0x00000000,
0x00000000,
0x00000000,
0x00000000,
0x00000000,
0x00000000,
0x00000000,
0x00000000,
0x00000000,
0x00000000,
0x00000000,
0x00000000,
0x00000000,
0x00000000,
0x00000000,
0x00000000,
0x00000000,
0x00000000,
0x00000000,
0x00000000,
0x00000000,
0x00000000,
0x00000000,
0x00000000,
0x00000000,
0x00000000,
0x00000000,
0x00000000,
0x00000000,
0x00000000,
0x00000000,
0x00000000,
0x00000000,
0x00000000,
0x00000000,
0x00000000,
0x00000000,
0x00000000,
0x00000000,
0x00000000,
0x00000000,
0x00000000,
0x00000000,
0x00000000,
0x00000000,
0x00000000,
0x00000000,
0x00000000,
0x00000000,
0x00000000,
0x00000000,
0x00000000,
0x00000000,
0x00000000,
0x00000000,
0x00000000,
0x00000000,
0x00000000,
0x00000000,
0x00000000,
0x00000000,
0x00000000,
0x00000000,
0x00000000,
0x00000000,
0x00000000,
0x00000000,
0x00000000,
0x00000000,
0x00000000,
0x00000000,
0x00000000,
0x00000000,
0x00000000,
0x00000000,
0x00000000,
0x00000000,
0x00000000,
0x00000000,
0x00000000,
0x00000000,
0x00000000,
0x00000000,
0x00000000,
0x00000000,
0x00000000,
0x00000000,
0x00000000,
0x00000000,
0x00000000,
0x00000000,
0x00000000,
0x00000000,
0x00000000,
0x00000000,
0x00000000,
0x00000000,
0x00000000,
0x00000000,
0x00000000,
0x00000000,
0x00000000,
0x00000000,
0x00000000,
0x00000000,
0x00000000,
0x00000000,
0x00000000,
0x00000000,
0x00000000,
0x00000000,
0x00000000,
0x00000000,
0x00000000,
0x00000000,
0x00000000,
0x00000000,
0x00000000,
0x00000000,
0x00000000,
0x00000000,
0x00000000,
0x00000000,
0x00000000,
0x00000000,
0x00000000,
0x00000000,
0x00000000,
0x00000000,
0x00000000,
0x00000000,
0x00000000,
0x00000000,
0x00000000,
0x00000000,
0x00000000,
0x00000000,
0x00000000,
0x00000000,
0x00000000,
0x00000000,
0x00000000,
0x00000000,
0x00000000,
0x00000000,
0x00000000,
0x00000000,
0x00000000,
0x00000000,
0x00000000,
0x00000000,
0x00000000,
0x00000000,
0x00000000,
0x00000000,
0x00000000,
0x00000000,
0x00000000,
0x00000000,
0x00000000,
0x00000000,
0x00000000,
0x00000000,
0x00000000,
0x00000000,
0x00000000,
0x00000000,
0x00000000,
0x00000000,
0x00000000,
0x00000000,
0x00000000,
0x00000000,
0x00000000,
0x00000000,
0x00000000,
0x00000000,
0x00000000,
0x00000000,
0x00000000,
0x00000000,
0x00000000,
0x00000000,
0x00000000,
0x00000000,
0x00000000,
0x00000000,
0x00000000,
0x00000000,
0x00000000,
0x00000000,
0x00000000,
0x00000000,
0x00000000,
0x00000000,
0x00000000,
0x00000000,
0x00000000,
0x00000000,
0x00000000,
0x00000000,
0x00000000,
0x00000000,
0x00000000,
0x00000000,
0x00000000,
0x00000000,
0x00000000,
0x00000000,
0x00000000,
0x00000000,
0x00000000,
0x00000000,
0x00000000,
0x00000000,
0x00000000,
0x00000000,
0x00000000,
0x00000000,
0x00000000,
0x00000000,
0x00000000,
0x00000000,
0x00000000,
0x00000000,
0x00000000,
0x00000000,
0x00000000,
0x00000000,
0x00000000,
0x00000000,
0x00000000,
0x00000000,
0x00000000,
0x00000000,
0x00000000,
0x00000000,
0x00000000,
0x00000000,
0x00000000,
0x00000000,
0x00000000,
0x00000000,
0x00000000,
0x00000000,
0x00000000,
0x00000000,
0x00000000,
0x00000000,
0x00000000,
0x00000000,
0x00000000,
0x00000000,
0x00000000,
0x00000000,
0x00000000,
0x00000000,
0x00000000,
0x00000000,
0x00000000,
0x00000000,
0x00000000,
0x00000000,
0x00000000,
0x00000000,
0x00000000,
0x00000000,
0x00000000,
0x00000000,
0x00000000,
0x00000000,
0x00000000,
0x00000000,
0x00000000,
0x00000000,
0x00000000,
0x00000000,
0x00000000,
0x00000000,
0x00000000,
0x00000000,
0x00000000,
0x00000000,
0x00000000,
0x00000000,
0x00000000,
0x00000000,
0x00000000,
0x00000000,
0x00000000,
0x00000000,
0x00000000,
0x00000000,
0x00000000,
0x00000000,
0x00000000,
0x00000000,
0x00000000,
0x00000000,
0x00000000,
0x00000000,
0x00000000,
0x00000000,
0x00000000,
0x00000000,
0x00000000,
0x00000000,
0x00000000,
0x00000000,
0x00000000,
0x00000000,
0x00000000,
0x00000000,
0x00000000,
0x00000000,
0x00000000,
0x00000000,
0x00000000,
0x00000000,
0x00000000,
0x00000000,
0x00000000,
0x00000000,
0x00000000,
0x00000000,
0x00000000,
0x00000000,
0x00000000,
0x00000000,
0x00000000,
0x00000000,
0x00000000,
0x00000000,
0x00000000,
0x00000000,
0x00000000,
0x00000000,
0x00000000,
0x00000000,
0x00000000,
0x00000000,
0x00000000,
0x00000000,
0x00000000,
0x00000000,
0x00000000,
0x00000000,
0x00000000,
0x00000000,
0x00000000,
0x00000000,
0x00000000,
0x00000000,
0x00000000,
0x00000000,
0x00000000,
0x00000000,
0x00000000,
0x00000000,
0x00000000,
0x00000000,
0x00000000,
0x00000000,
0x00000000,
0x00000000,
0x00000000,
0x00000000,
0x00000000,
0x00000000,
0x00000000,
0x00000000,
0x00000000,
0x00000000,
0x00000000,
0x00000000,
0x00000000,
0x00000000,
0x00000000,
0x00000000,
0x00000000,
0x00000000,
0x00000000,
0x00000000,
0x00000000,
0x00000000,
0x00000000,
0x00000000,
0x00000000,
0x00000000,
0x00000000,
0x00000000,
0x00000000,
0x00000000,
0x00000000,
0x00000000,
0x00000000,
0x00000000,
0x00000000,
0x00000000,
0x00000000,
0x00000000,
0x00000000,
0x00000000,
0x00000000,
0x00000000,
0x00000000,
0x00000000,
0x00000000,
0x00000000,
0x00000000,
0x00000000,
0x00000000,
0x00000000,
0x00000000,
0x00000000,
0x00000000,
0x00000000,
0x00000000,
0x00000000,
0x00000000,
0x00000000,
0x00000000,
0x00000000,
0x00000000,
0x00000000,
0x00000000,
0x00000000,
0x00000000,
0x00000000,
0x00000000,
0x00000000,
0x00000000,
0x00000000,
0x00000000,
0x00000000,
0x00000000,
0x00000000,
0x00000000,
0x00000000,
0x00000000,
0x00000000,
0x00000000,
0x00000000,
0x00000000,
0x00000000,
0x00000000,
0x00000000,
0x00000000,
0x00000000,
0x00000000,
0x00000000,
0x00000000,
0x00000000,
0x00000000,
0x00000000,
0x00000000,
0x00000000,
0x00000000,
0x00000000,
0x00000000,
0x00000000,
0x00000000,
0x00000000,
0x00000000,
0x00000000,
0x00000000,
0x00000000,
0x00000000,
0x00000000,
0x00000000,
0x00000000,
0x00000000,
0x00000000,
0x00000000,
0x00000000,
0x00000000,
0x00000000,
0x00000000,
0x00000000,
0x00000000,
0x00000000,
0x00000000,
0x00000000,
0x00000000,
0x00000000,
0x00000000,
0x00000000,
0x00000000,
0x00000000,
0x00000000,
0x00000000,
0x00000000,
0x00000000,
0x00000000,
0x00000000,
0x00000000,
0x00000000,
0x00000000,
0x00000000,
0x00000000,
0x00000000,
0x00000000,
0x00000000,
0x00000000,
0x00000000,
0x00000000,
0x00000000,
0x00000000,
0x00000000,
0x00000000,
0x00000000,
0x00000000,
0x00000000,
0x00000000,
0x00000000,
0x00000000,
0x00000000,
0x00000000,
0x00000000,
0x00000000,
0x00000000,
0x00000000,
0x00000000,
0x00000000,
0x00000000,
0x00000000,
0x00000000,
0x00000000,
0x00000000,
0x00000000,
0x00000000,
0x00000000,
0x00000000,
0x00000000,
0x00000000,
0x00000000,
0x00000000,
0x00000000,
0x00000000,
0x00000000,
0x00000000,
0x00000000,
0x00000000,
0x00000000,
0x00000000,
0x00000000,
0x00000000,
0x00000000,
0x00000000,
0x00000000,
0x00000000,
0x00000000,
0x00000000,
0x00000000,
0x00000000,
0x00000000,
0x00000000,
0x00000000,
0x00000000,
0x00000000,
0x00000000,
0x00000000,
0x00000000,
0x00000000,
0x00000000,
0x00000000,
0x00000000,
0x00000000,
0x00000000,
0x00000000,
0x00000000,
0x00000000,
0x00000000,
0x00000000,
0x00000000,
0x00000000,
0x00000000,
0x00000000,
0x00000000,
0x00000000,
0x00000000,
0x00000000,
0x00000000,
0x00000000,
0x00000000,
0x00000000,
0x00000000,
0x00000000,
0x00000000,
0x00000000,
0x00000000,
0x00000000,
0x00000000,
0x00000000,
0x00000000,
0x00000000,
0x00000000,
0x00000000,
0x00000000,
0x00000000,
0x00000000,
0x00000000,
0x00000000,
0x00000000,
0x00000000,
0x00000000,
0x00000000,
0x00000000,
0x00000000,
0x00000000,
0x00000000,
0x00000000,
0x00000000,
0x00000000,
0x00000000,
0x00000000,
0x00000000,
0x00000000,
0x00000000,
0x00000000,
0x00000000,
0x00000000,
0x00000000,
0x00000000,
0x00000000,
0x00000000,
0x00000000,
0x00000000,
0x00000000,
0x00000000,
0x00000000,
0x00000000,
0x00000000,
0x00000000,
0x00000000,
0x00000000,
0x00000000,
0x00000000,
0x00000000,
0x00000000,
0x00000000,
0x00000000,
0x00000000,
0x00000000,
0x00000000,
0x00000000,
0x00000000,
0x00000000,
0x00000000,
0x00000000,
0x00000000,
0x00000000,
0x00000000,
0x00000000,
0x00000000,
0x00000000,
0x00000000,
0x00000000,
0x00000000,
0x00000000,
0x00000000,
0x00000000,
0x00000000,
0x00000000,
0x00000000,
0x00000000,
0x00000000,
0x00000000,
0x00000000,
0x00000000,
0x00000000,
0x00000000,
0x00000000,
0x00000000,
0x00000000,
0x00000000,
0x00000000,
0x00000000,
0x00000000,
0x00000000,
0x00000000,
0x00000000,
0x00000000,
0x00000000,
0x00000000,
0x00000000,
0x00000000,
0x00000000,
0x00000000,
0x00000000,
0x00000000,
0x00000000,
0x00000000,
0x00000000,
0x00000000,
0x00000000,
0x00000000,
0x00000000,
0x00000000,
0x00000000,
0x00000000,
0x00000000,
0x00000000,
0x00000000,
0x00000000,
0x00000000,
0x00000000,
0x00000000,
0x00000000,
0x00000000,
0x00000000,
0x00000000,
0x00000000,
0x00000000,
0x00000000,
0x00000000,
0x00000000,
0x00000000,
0x00000000,
0x00000000,
0x00000000,
0x00000000,
0x00000000,
0x00000000,
0x00000000,
0x00000000,
0x00000000,
0x00000000,
0x00000000,
0x00000000,
0x00000000,
0x00000000,
0x00000000,
0x00000000,
0x00000000,
0x00000000,
0x00000000,
0x00000000,
0x00000000,
0x00000000,
0x00000000,
0x00000000,
0x00000000,
0x00000000,
0x00000000,
0x00000000,
0x00000000,
0x00000000,
0x00000000,
0x00000000,
0x00000000,
0x00000000,
0x00000000,
0x00000000,
0x00000000,
0x00000000,
0x00000000,
0x00000000,
0x00000000,
0x00000000,
0x00000000,
0x00000000,
0x00000000,
0x00000000,
0x00000000,
0x00000000,
0x00000000,
0x00000000,
0x00000000,
0x00000000,
0x00000000,
0x00000000,
0x00000000,
0x00000000,
0x00000000,
0x00000000,
0x00000000,
0x00000000,
0x00000000,
0x00000000,
0x00000000,
0x00000000,
0x00000000,
0x00000000,
0x00000000,
0x00000000,
0x00000000,
0x00000000,
0x00000000,
0x00000000,
0x00000000,
0x00000000,
0x00000000,
0x00000000,
0x00000000,
0x00000000,
0x00000000,
0x00000000,
0x00000000,
0x00000000,
0x00000000,
0x00000000,
0x00000000,
0x00000000,
0x00000000,
0x00000000,
0x00000000,
0x00000000,
0x00000000,
0x00000000,
0x00000000,
0x00000000,
0x00000000,
0x00000000,
0x00000000,
0x00000000,
0x00000000,
0x00000000,
0x00000000,
0x00000000,
0x00000000,
0x00000000,
0x00000000,
0x00000000,
0x00000000,
0x00000000,
0x00000000,
0x00000000,
0x00000000,
0x00000000,
0x00000000,
0x00000000,
0x00000000,
0x00000000,
0x00000000,
0x00000000,
0x00000000,
0x00000000,
0x00000000,
0x00000000,
0x00000000,
0x00000000,
0x00000000,
0x00000000,
0x00000000,
0x00000000,
0x00000000,
0x00000000,
0x00000000,
0x00000000,
0x00000000,
0x00000000,
0x00000000,
0x00000000,
0x00000000,
0x00000000,
0x00000000,
0x00000000,
0x00000000,
0x00000000,
0x00000000,
0x00000000,
0x00000000,
0x00000000,
0x00000000,
0x00000000,
0x00000000,
0x00000000,
0x00000000,
0x00000000,
0x00000000,
0x00000000,
0x00000000,
0x00000000,
0x00000000,
0x00000000,
0x00000000,
0x00000000,
0x00000000,
0x00000000,
0x00000000,
0x00000000,
0x00000000,
0x00000000,
0x00000000,
0x00000000,
0x00000000,
0x00000000,
0x00000000,
0x00000000,
0x00000000,
0x00000000,
0x00000000,
0x00000000,
0x00000000,
0x00000000,
0x00000000,
0x00000000,
0x00000000,
0x00000000,
0x00000000,
0x00000000,
0x00000000,
0x00000000,
0x00000000,
0x00000000,
0x00000000,
0x00000000,
0x00000000,
0x00000000,
0x00000000,
0x00000000,
0x00000000,
0x00000000,
0x00000000,
0x00000000,
0x00000000,
0x00000000,
0x00000000,
0x00000000,
0x00000000,
0x00000000,
0x00000000,
0x00000000,
0x00000000,
0x00000000,
0x00000000,
0x00000000,
0x00000000,
0x00000000,
0x00000000,
0x00000000,
0x00000000,
0x00000000,
0x00000000,
0x00000000,
0x00000000,
0x00000000,
0x00000000,
0x00000000,
0x00000000,
0x00000000,
0x00000000,
0x00000000,
0x00000000,
0x00000000,
0x00000000,
0x00000000,
0x00000000,
0x00000000,
0x00000000,
0x00000000,
0x00000000,
0x00000000,
0x00000000,
0x00000000,
0x00000000,
0x00000000,
0x00000000,
0x00000000,
0x00000000,
0x00000000,
0x00000000,
0x00000000,
0x00000000,
0x00000000,
0x00000000,
0x00000000,
0x00000000,
0x00000000,
0x00000000,
0x00000000,
0x00000000,
0x00000000,
0x00000000,
0x00000000,
0x00000000,
0x00000000,
0x00000000,
0x00000000,
0x00000000,
0x00000000,
0x00000000,
0x00000000,
0x00000000,
0x00000000,
0x00000000,
0x00000000,
0x00000000,
0x00000000,
0x00000000,
0x00000000,
0x00000000,
0x00000000,
0x00000000,
0x00000000,
0x00000000,
0x00000000,
0x00000000,
0x00000000,
0x00000000,
0x00000000,
0x00000000,
0x00000000,
0x00000000,
0x00000000,
0x00000000,
0x00000000,
0x00000000,
0x00000000,
0x00000000,
0x00000000,
0x00000000,
0x00000000,
0x00000000,
0x00000000,
0x00000000,
0x00000000,
0x00000000,
0x00000000,
0x00000000,
0x00000000,
0x00000000,
0x00000000,
0x00000000,
0x00000000,
0x00000000,
0x00000000,
0x00000000,
0x00000000,
0x00000000,
0x00000000,
0x00000000,
0x00000000,
0x00000000,
0x00000000,
0x00000000,
0x00000000,
0x00000000,
0x00000000,
0x00000000,
0x00000000,
0x00000000,
0x00000000,
0x00000000,
0x00000000,
0x00000000,
0x00000000,
0x00000000,
0x00000000,
0x00000000,
0x00000000,
0x00000000,
0x00000000,
0x00000000,
0x00000000,
0x00000000,
0x00000000,
0x00000000,
0x00000000,
0x00000000,
0x00000000,
0x00000000,
0x00000000,
0x00000000,
0x00000000,
0x00000000,
0x00000000,
0x00000000,
0x00000000,
0x00000000,
0x00000000,
0x00000000,
0x00000000,
0x00000000,
0x00000000,
0x00000000,
0x00000000,
0x00000000,
0x00000000,
0x00000000,
0x00000000,
0x00000000,
0x00000000,
0x00000000,
0x00000000,
0x00000000,
0x00000000,
0x00000000,
0x00000000,
0x00000000,
0x00000000,
0x00000000,
0x00000000,
0x00000000,
0x00000000,
0x00000000,
0x00000000,
0x00000000,
0x00000000,
0x00000000,
0x00000000,
0x00000000,
0x00000000,
0x00000000,
0x00000000,
0x00000000,
0x00000000,
0x00000000,
0x00000000,
0x00000000,
0x00000000,
0x00000000,
0x00000000,
0x00000000,
0x00000000,
0x00000000,
0x00000000,
0x00000000,
0x00000000,
0x00000000,
0x00000000,
0x00000000,
0x00000000,
0x00000000,
0x00000000,
0x00000000,
0x00000000,
0x00000000,
0x00000000,
0x00000000,
0x00000000,
0x00000000,
0x00000000,
0x00000000,
0x00000000,
0x00000000,
0x00000000,
0x00000000,
0x00000000,
0x00000000,
0x00000000,
0x00000000,
0x00000000,
0x00000000,
0x00000000,
0x00000000,
0x00000000,
0x00000000,
0x00000000,
0x00000000,
0x00000000,
0x00000000,
0x00000000,
0x00000000,
0x00000000,
0x00000000,
0x00000000,
0x00000000,
0x00000000,
0x00000000,
0x00000000,
0x00000000,
0x00000000,
0x00000000,
0x00000000,
0x00000000,
0x00000000,
0x00000000,
0x00000000,
0x00000000,
0x00000000,
0x00000000,
0x00000000,
0x00000000,
0x00000000,
0x00000000,
0x00000000,
0x00000000,
0x00000000,
0x00000000,
0x00000000,
0x00000000,
0x00000000,
0x00000000,
0x00000000,
0x00000000,
0x00000000,
0x00000000,
0x00000000,
0x00000000,
0x00000000,
0x00000000,
0x00000000,
0x00000000,
0x00000000,
0x00000000,
0x00000000,
0x00000000,
0x00000000,
0x00000000,
0x00000000,
0x00000000,
0x00000000,
0x00000000,
0x00000000,
0x00000000,
0x00000000,
0x00000000,
0x00000000,
0x00000000,
0x00000000,
0x00000000,
0x00000000,
0x00000000,
0x00000000,
0x00000000,
0x00000000,
0x00000000,
0x00000000,
0x00000000,
0x00000000,
0x00000000,
0x00000000,
0x00000000,
0x00000000,
0x00000000,
0x00000000,
0x00000000,
0x00000000,
0x00000000,
0x00000000,
0x00000000,
0x00000000,
0x00000000,
0x00000000,
0x00000000,
0x00000000,
0x00000000,
0x00000000,
0x00000000,
0x00000000,
0x00000000,
0x00000000,
0x00000000,
0x00000000,
0x00000000,
0x00000000,
0x00000000,
0x00000000,
0x00000000,
0x00000000,
0x00000000,
0x00000000,
0x00000000,
0x00000000,
0x00000000,
0x00000000,
0x00000000,
0x00000000,
0x00000000,
0x00000000,
0x00000000,
0x00000000,
0x00000000,
0x00000000,
0x00000000,
0x00000000,
0x00000000,
0x00000000,
0x00000000,
0x00000000,
0x00000000,
0x00000000,
0x00000000,
0x00000000,
0x00000000,
0x00000000,
0x00000000,
0x00000000,
0x00000000,
0x00000000,
0x00000000,
0x00000000,
0x00000000,
0x00000000,
0x00000000,
0x00000000,
0x00000000,
0x00000000,
0x00000000,
0x00000000,
0x00000000,
0x00000000,
0x00000000,
0x00000000,
0x00000000,
0x00000000,
0x00000000,
0x00000000,
0x00000000,
0x00000000,
0x00000000,
0x00000000,
0x00000000,
0x00000000,
0x00000000,
0x00000000,
0x00000000,
0x00000000,
0x00000000,
0x00000000,
0x00000000,
0x00000000,
0x00000000,
0x00000000,
0x00000000,
0x00000000,
0x00000000,
0x00000000,
0x00000000,
0x00000000,
0x00000000,
0x00000000,
0x00000000,
0x00000000,
0x00000000,
0x00000000,
0x00000000,
0x00000000,
0x00000000,
0x00000000,
0x00000000,
0x00000000,
0x00000000,
0x00000000,
0x00000000,
0x00000000,
0x00000000,
0x00000000,
0x00000000,
0x00000000,
0x00000000,
0x00000000,
0x00000000,
0x00000000,
0x00000000,
0x00000000,
0x00000000,
0x00000000,
0x00000000,
0x00000000,
0x00000000,
0x00000000,
0x00000000,
0x00000000,
0x00000000,
0x00000000,
0x00000000,
0x00000000,
0x00000000,
0x00000000,
0x00000000,
0x00000000,
0x00000000,
0x00000000,
0x00000000,
0x00000000,
0x00000000,
0x00000000,
0x00000000,
0x00000000,
0x00000000,
0x00000000,
0x00000000,
0x00000000,
0x00000000,
0x00000000,
0x00000000,
0x00000000,
0x00000000,
0x00000000,
0x00000000,
0x00000000,
0x00000000,
0x00000000,
0x00000000,
0x00000000,
0x00000000,
0x00000000,
0x00000000,
0x00000000,
0x00000000,
0x00000000,
0x00000000,
0x00000000,
0x00000000,
0x00000000,
0x00000000,
0x00000000,
0x00000000,
0x00000000,
0x00000000,
0x00000000,
0x00000000,
0x00000000,
0x00000000,
0x00000000,
0x00000000,
0x00000000,
0x00000000,
0x00000000,
0x00000000,
0x00000000,
0x00000000,
0x00000000,
0x00000000,
0x00000000,
0x00000000,
0x00000000,
0x00000000,
0x00000000,
0x00000000,
0x00000000,
0x00000000,
0x00000000,
0x00000000,
0x00000000,
0x00000000,
0x00000000,
0x00000000,
0x00000000,
0x00000000,
0x00000000,
0x00000000,
0x00000000,
0x00000000,
0x00000000,
0x00000000,
0x00000000,
0x00000000,
0x00000000,
0x00000000,
0x00000000,
0x00000000,
0x00000000,
0x00000000,
0x00000000,
0x00000000,
0x00000000,
0x00000000,
0x00000000,
0x00000000,
0x00000000,
0x00000000,
0x00000000,
0x00000000,
0x00000000,
0x00000000,
0x00000000,
0x00000000,
0x00000000,
0x00000000,
0x00000000,
0x00000000,
0x00000000,
0x00000000,
0x00000000,
0x00000000,
0x00000000,
0x00000000,
0x00000000,
0x00000000,
0x00000000,
0x00000000,
0x00000000,
0x00000000,
0x00000000,
0x00000000,
0x00000000,
0x00000000,
0x00000000,
0x00000000,
0x00000000,
0x00000000,
0x00000000,
0x00000000,
0x00000000,
0x00000000,
0x00000000,
0x00000000,
0x00000000,
0x00000000,
0x00000000,
0x00000000,
0x00000000,
0x00000000,
0x00000000,
0x00000000,
0x00000000,
0x00000000,
0x00000000,
0x00000000,
0x00000000,
0x00000000,
0x00000000,
0x00000000,
0x00000000,
0x00000000,
0x00000000,
0x00000000,
0x00000000,
0x00000000,
0x00000000,
0x00000000,
0x00000000,
0x00000000,
0x00000000,
0x00000000,
0x00000000,
0x00000000,
0x00000000,
0x00000000,
0x00000000,
0x00000000,
0x00000000,
0x00000000,
0x00000000,
0x00000000,
0x00000000,
0x00000000,
0x00000000,
0x00000000,
0x00000000,
0x00000000,
0x00000000,
0x00000000,
0x00000000,
0x00000000,
0x00000000,
0x00000000,
0x00000000,
0x00000000,
0x00000000,
0x00000000,
0x00000000,
0x00000000,
0x00000000,
0x00000000,
0x00000000,
0x00000000,
0x00000000,
0x00000000,
0x00000000,
0x00000000,
0x00000000,
0x00000000,
0x00000000,
0x00000000,
0x00000000,
0x00000000,
0x00000000,
0x00000000,
0x00000000,
0x00000000,
0x00000000,
0x00000000,
0x00000000,
0x00000000,
0x00000000,
0x00000000,
0x00000000,
0x00000000,
0x00000000,
0x00000000,
0x00000000,
0x00000000,
0x00000000,
0x00000000,
0x00000000,
0x00000000,
0x00000000,
0x00000000,
0x00000000,
0x00000000,
0x00000000,
0x00000000,
0x00000000,
0x00000000,
0x00000000,
0x00000000,
0x00000000,
0x00000000,
0x00000000,
0x00000000,
0x00000000,
0x00000000,
0x00000000,
0x00000000,
0x00000000,
0x00000000,
0x00000000,
0x00000000,
0x00000000,
0x00000000,
0x00000000,
0x00000000,
0x00000000,
0x00000000,
0x00000000,
0x00000000,
0x00000000,
0x00000000,
0x00000000,
0x00000000,
0x00000000,
0x00000000,
0x00000000,
0x00000000,
0x00000000,
0x00000000,
0x00000000,
0x00000000,
0x00000000,
0x00000000,
0x00000000,
0x00000000,
0x00000000,
0x00000000,
0x00000000,
0x00000000,
0x00000000,
0x00000000,
0x00000000,
0x00000000,
0x00000000,
0x00000000,
0x00000000,
0x00000000,
0x00000000,
0x00000000,
0x00000000,
0x00000000,
0x00000000,
0x00000000,
0x00000000,
0x00000000,
0x00000000,
0x00000000,
0x00000000,
0x00000000,
0x00000000,
0x00000000,
0x00000000,
0x00000000,
0x00000000,
0x00000000,
0x00000000,
0x00000000,
0x00000000,
0x00000000,
0x00000000,
0x00000000,
0x00000000,
0x00000000,
0x00000000,
0x00000000,
0x00000000,
0x00000000,
0x00000000,
0x00000000,
0x00000000,
0x00000000,
0x00000000,
0x00000000,
0x00000000,
0x00000000,
0x00000000,
0x00000000,
0x00000000,
0x00000000,
0x00000000,
0x00000000,
0x00000000,
0x00000000,
0x00000000,
0x00000000,
0x00000000,
0x00000000,
0x00000000,
0x00000000,
0x00000000,
0x00000000,
0x00000000,
0x00000000,
0x00000000,
0x00000000,
0x00000000,
0x00000000,
0x00000000,
0x00000000,
0x00000000,
0x00000000,
0x00000000,
0x00000000,
0x00000000,
0x00000000,
0x00000000,
0x00000000,
0x00000000,
0x00000000,
0x00000000,
0x00000000,
0x00000000,
0x00000000,
0x00000000,
0x00000000,
0x00000000,
0x00000000,
0x00000000,
0x00000000,
0x00000000,
0x00000000,
0x00000000,
0x00000000,
0x00000000,
0x00000000,
0x00000000,
0x00000000,
0x00000000,
0x00000000,
0x00000000,
0x00000000,
0x00000000,
0x00000000,
0x00000000,
0x00000000,
0x00000000,
0x00000000,
0x00000000,
0x00000000,
0x00000000,
0x00000000,
0x00000000,
0x00000000,
0x00000000,
0x00000000,
0x00000000,
0x00000000,
0x00000000,
0x00000000,
0x00000000,
0x00000000,
0x00000000,
0x00000000,
0x00000000,
0x00000000,
0x00000000,
0x00000000,
0x00000000,
0x00000000,
0x00000000,
0x00000000,
0x00000000,
0x00000000,
0x00000000,
0x00000000,
0x00000000,
0x00000000,
0x00000000,
0x00000000,
0x00000000,
0x00000000,
0x00000000,
0x00000000,
0x00000000,
0x00000000,
0x00000000,
0x00000000,
0x00000000,
0x00000000,
0x00000000,
0x00000000,
0x00000000,
0x00000000,
0x00000000,
0x00000000,
0x00000000,
0x00000000,
0x00000000,
0x00000000,
0x00000000,
0x00000000,
0x00000000,
0x00000000,
0x00000000,
0x00000000,
0x00000000,
0x00000000,
0x00000000,
0x00000000,
0x00000000,
0x00000000,
0x00000000,
0x00000000,
0x00000000,
0x00000000,
0x00000000,
0x00000000,
0x00000000,
0x00000000,
0x00000000,
0x00000000,
0x00000000,
0x00000000,
0x00000000,
0x00000000,
0x00000000,
0x00000000,
0x00000000,
0x00000000,
0x00000000,
0x00000000,
0x00000000,
0x00000000,
0x00000000,
0x00000000,
0x00000000,
0x00000000,
0x00000000,
0x00000000,
0x00000000,
0x00000000,
0x00000000,
0x00000000,
0x00000000,
0x00000000,
0x00000000,
0x00000000,
0x00000000,
0x00000000,
0x00000000,
0x00000000,
0x00000000,
0x00000000,
0x00000000,
0x00000000,
0x00000000,
0x00000000,
0x00000000,
0x00000000,
0x00000000,
0x00000000,
0x00000000,
0x00000000,
0x00000000,
0x00000000,
0x00000000,
0x00000000,
0x00000000,
0x00000000,
0x00000000,
0x00000000,
0x00000000,
0x00000000,
0x00000000,
0x00000000,
0x00000000,
0x00000000,
0x00000000,
0x00000000,
0x00000000,
0x00000000,
0x00000000,
0x00000000,
0x00000000,
0x00000000,
0x00000000,
0x00000000,
0x00000000,
0x00000000,
0x00000000,
0x00000000,
0x00000000,
0x00000000,
0x00000000,
0x00000000,
0x00000000,
0x00000000,
0x00000000,
0x00000000,
0x00000000,
0x00000000,
0x00000000,
0x00000000,
0x00000000,
0x00000000,
0x00000000,
0x00000000,
0x00000000,
0x00000000,
0x00000000,
0x00000000,
0x00000000,
0x00000000,
0x00000000,
0x00000000,
0x00000000,
0x00000000,
0x00000000,
0x00000000,
0x00000000,
0x00000000,
0x00000000,
0x00000000,
0x00000000,
0x00000000,
0x00000000,
0x00000000,
0x00000000,
0x00000000,
0x00000000,
0x00000000,
0x00000000,
0x00000000,
0x00000000,
0x00000000,
0x00000000,
0x00000000,
0x00000000,
0x00000000,
0x00000000,
0x00000000,
0x00000000,
0x00000000,
0x00000000,
0x00000000,
0x00000000,
0x00000000,
0x00000000,
0x00000000,
0x00000000,
0x00000000,
0x00000000,
0x00000000,
0x00000000,
0x00000000,
0x00000000,
0x00000000,
0x00000000,
0x00000000,
0x00000000,
0x00000000,
0x00000000,
0x00000000,
0x00000000,
0x00000000,
0x00000000,
0x00000000,
0x00000000,
0x00000000,
0x00000000,
0x00000000,
0x00000000,
0x00000000,
0x00000000,
0x00000000,
0x00000000,
0x00000000,
0x00000000,
0x00000000,
0x00000000,
0x00000000,
0x00000000,
0x00000000,
0x00000000,
0x00000000,
0x00000000,
0x00000000,
0x00000000,
0x00000000,
0x00000000,
0x00000000,
0x00000000,
0x00000000,
0x00000000,
0x00000000,
0x00000000,
0x00000000,
0x00000000,
0x00000000,
0x00000000,
0x00000000,
0x00000000,
0x00000000,
0x00000000,
0x00000000,
0x00000000,
0x00000000,
0x00000000,
0x00000000,
0x00000000,
0x00000000,
0x00000000,
0x00000000,
0x00000000,
0x00000000,
0x00000000,
0x00000000,
0x00000000,
0x00000000,
0x00000000,
0x00000000,
0x00000000,
0x00000000,
0x00000000,
0x00000000,
0x00000000,
0x00000000,
0x00000000,
0x00000000,
0x00000000,
0x00000000,
0x00000000,
0x00000000,
0x00000000,
0x00000000,
0x00000000,
0x00000000,
0x00000000,
0x00000000,
0x00000000,
0x00000000,
0x00000000,
0x00000000,
0x00000000,
0x00000000,
0x00000000,
0x00000000,
0x00000000,
0x00000000,
0x00000000,
0x00000000,
0x00000000,
0x00000000,
0x00000000,
0x00000000,
0x00000000,
0x00000000,
0x00000000,
0x00000000,
0x00000000,
0x00000000,
0x00000000,
0x00000000,
0x00000000,
0x00000000,
0x00000000,
0x00000000,
0x00000000,
0x00000000,
0x00000000,
0x00000000,
0x00000000,
0x00000000,
0x00000000,
0x00000000,
0x00000000,
0x00000000,
0x00000000,
0x00000000,
0x00000000,
0x00000000,
0x00000000,
0x00000000,
0x00000000,
0x00000000,
0x00000000,
0x00000000,
0x00000000,
0x00000000,
0x00000000,
0x00000000,
0x00000000,
0x00000000,
0x00000000,
0x00000000,
0x00000000,
0x00000000,
0x00000000,
0x00000000,
0x00000000,
0x00000000,
0x00000000,
0x00000000,
0x00000000,
0x00000000,
0x00000000,
0x00000000,
0x00000000,
0x00000000,
0x00000000,
0x00000000,
0x00000000,
0x00000000,
0x00000000,
0x00000000,
0x00000000,
0x00000000,
0x00000000,
0x00000000,
0x00000000,
0x00000000,
0x00000000,
0x00000000,
0x00000000,
0x00000000,
0x00000000,
0x00000000,
0x00000000,
0x00000000,
0x00000000,
0x00000000,
0x00000000,
0x00000000,
0x00000000,
0x00000000,
0x00000000,
0x00000000,
0x00000000,
0x00000000,
0x00000000,
0x00000000,
0x00000000,
0x00000000,
0x00000000,
0x00000000,
0x00000000,
0x00000000,
0x00000000,
0x00000000,
0x00000000,
0x00000000,
0x00000000,
0x00000000,
0x00000000,
0x00000000,
0x00000000,
0x00000000,
0x00000000,
0x00000000,
0x00000000,
0x00000000,
0x00000000,
0x00000000,
0x00000000,
0x00000000,
0x00000000,
0x00000000,
0x00000000,
0x00000000,
0x00000000,
0x00000000,
0x00000000,
0x00000000,
0x00000000,
0x00000000,
0x00000000,
0x00000000,
0x00000000,
0x00000000,
0x00000000,
0x00000000,
0x00000000,
0x00000000,
0x00000000,
0x00000000,
0x00000000,
0x00000000,
0x00000000,
0x00000000,
0x00000000,
0x00000000,
0x00000000,
0x00000000,
0x00000000,
0x00000000,
0x00000000,
0x00000000,
0x00000000,
0x00000000,
0x00000000,
0x00000000,
0x00000000,
0x00000000,
0x00000000,
0x00000000,
0x00000000,
0x00000000,
0x00000000,
0x00000000,
0x00000000,
0x00000000,
0x00000000,
0x00000000,
0x00000000,
0x00000000,
0x00000000,
0x00000000,
0x00000000,
0x00000000,
0x00000000,
0x00000000,
0x00000000,
0x00000000,
0x00000000,
0x00000000,
0x00000000,
0x00000000,
0x00000000,
0x00000000,
0x00000000,
0x00000000,
0x00000000,
0x00000000,
0x00000000,
0x00000000,
0x00000000,
0x00000000,
0x00000000,
0x00000000,
0x00000000,
0x00000000,
0x00000000,
0x00000000,
0x00000000,
0x00000000,
0x00000000,
0x00000000,
0x00000000,
0x00000000,
0x00000000,
0x00000000,
0x00000000,
0x00000000,
0x00000000,
0x00000000,
0x00000000,
0x00000000,
0x00000000,
0x00000000,
0x00000000,
0x00000000,
0x00000000,
0x00000000,
0x00000000,
0x00000000,
0x00000000,
0x00000000,
0x00000000,
0x00000000,
0x00000000,
0x00000000,
0x00000000,
0x00000000,
0x00000000,
0x00000000,
0x00000000,
0x00000000,
0x00000000,
0x00000000,
0x00000000,
0x00000000,
0x00000000,
0x00000000,
0x00000000,
0x00000000,
0x00000000,
0x00000000,
0x00000000,
0x00000000,
0x00000000,
0x00000000,
0x00000000,
0x00000000,
0x00000000,
0x00000000,
0x00000000,
0x00000000,
0x00000000,
0x00000000,
0x00000000,
0x00000000,
0x00000000,
0x00000000,
0x00000000,
0x00000000,
0x00000000,
0x00000000,
0x00000000,
0x00000000,
0x00000000,
0x00000000,
0x00000000,
0x00000000,
0x00000000,
0x00000000,
0x00000000,
0x00000000,
0x00000000,
0x00000000,
0x00000000,
0x00000000,
0x00000000,
0x00000000,
0x00000000,
0x00000000,
0x00000000,
0x00000000,
0x00000000,
0x00000000,
0x00000000,
0x00000000,
0x00000000,
0x00000000,
0x00000000,
0x00000000,
0x00000000,
0x00000000,
0x00000000,
0x00000000,
0x00000000,
0x00000000,
0x00000000,
0x00000000,
0x00000000,
0x00000000,
0x00000000,
0x00000000,
0x00000000,
0x00000000,
0x00000000,
0x00000000,
0x00000000,
0x00000000,
0x00000000,
0x00000000,
0x00000000,
0x00000000,
0x00000000,
0x00000000,
0x00000000,
0x00000000,
0x00000000,
0x00000000,
0x00000000,
0x00000000,
0x00000000,
0x00000000,
0x00000000,
0x00000000,
0x00000000,
0x00000000,
0x00000000,
0x00000000,
0x00000000,
0x00000000,
0x00000000,
0x00000000,
0x00000000,
0x00000000,
0x00000000,
0x00000000,
0x00000000,
0x00000000,
0x00000000,
0x00000000,
0x00000000,
0x00000000,
0x00000000,
0x00000000,
0x00000000,
0x00000000,
0x00000000,
0x00000000,
0x00000000,
0x00000000,
0x00000000,
0x00000000,
0x00000000,
0x00000000,
0x00000000,
0x00000000,
0x00000000,
0x00000000,
0x00000000,
0x00000000,
0x00000000,
0x00000000,
0x00000000,
0x00000000,
0x00000000,
0x00000000,
0x00000000,
0x00000000,
0x00000000,
0x00000000,
0x00000000,
0x00000000,
0x00000000,
0x00000000,
0x00000000,
0x00000000,
0x00000000,
0x00000000,
0x00000000,
0x00000000,
0x00000000,
0x00000000,
0x00000000,
0x00000000,
0x00000000,
0x00000000,
0x00000000,
0x00000000,
0x00000000,
0x00000000,
0x00000000,
0x00000000,
0x00000000,
0x00000000,
0x00000000,
0x00000000,
0x00000000,
0x00000000,
0x00000000,
0x00000000,
0x00000000,
0x00000000,
0x00000000,
0x00000000,
0x00000000,
0x00000000,
0x00000000,
0x00000000,
0x00000000,
0x00000000,
0x00000000,
0x00000000,
0x00000000,
0x00000000,
0x00000000,
0x00000000,
0x00000000,
0x00000000,
0x00000000,
0x00000000,
0x00000000,
0x00000000,
0x00000000,
0x00000000,
0x00000000,
0x00000000,
0x00000000,
0x00000000,
0x00000000,
0x00000000,
0x00000000,
0x00000000,
0x00000000,
0x00000000,
0x00000000,
0x00000000,
0x00000000,
0x00000000,
0x00000000,
0x00000000,
0x00000000,
0x00000000,
0x00000000,
0x00000000,
0x00000000,
0x00000000,
0x00000000,
0x00000000,
0x00000000,
0x00000000,
0x00000000,
0x00000000,
0x00000000,
0x00000000,
0x00000000,
0x00000000,
0x00000000,
0x00000000,
0x00000000,
0x00000000,
0x00000000,
0x00000000,
0x00000000,
0x00000000,
0x00000000,
0x00000000,
0x00000000,
0x00000000,
0x00000000,
0x00000000,
0x00000000,
0x00000000,
0x00000000,
0x00000000,
0x00000000,
0x00000000,
0x00000000,
0x00000000,
0x00000000,
0x00000000,
0x00000000,
0x00000000,
0x00000000,
0x00000000,
0x00000000,
0x00000000,
0x00000000,
0x00000000,
0x00000000,
0x00000000,
0x00000000,
0x00000000,
0x00000000,
0x00000000,
0x00000000,
0x00000000,
0x00000000,
0x00000000,
0x00000000,
0x00000000,
0x00000000,
0x00000000,
0x00000000,
0x00000000,
0x00000000,
0x00000000,
0x00000000,
0x00000000,
0x00000000,
0x00000000,
0x00000000,
0x00000000,
0x00000000,
0x00000000,
0x00000000,
0x00000000,
0x00000000,
0x00000000,
0x00000000,
0x00000000,
0x00000000,
0x00000000,
0x00000000,
0x00000000,
0x00000000,
0x00000000,
0x00000000,
0x00000000,
0x00000000,
0x00000000,
0x00000000,
0x00000000,
0x00000000,
0x00000000,
0x00000000,
0x00000000,
0x00000000,
0x00000000,
0x00000000,
0x00000000,
0x00000000,
0x00000000,
0x00000000,
0x00000000,
0x00000000,
0x00000000,
0x00000000,
0x00000000,
0x00000000,
0x00000000,
0x00000000,
0x00000000,
0x00000000,
0x00000000,
0x00000000,
0x00000000,
0x00000000,
0x00000000,
0x00000000,
0x00000000,
0x00000000,
0x00000000,
0x00000000,
0x00000000,
0x00000000,
0x00000000,
0x00000000,
0x00000000,
0x00000000,
0x00000000,
0x00000000,
0x00000000,
0x00000000,
0x00000000,
0x00000000,
0x00000000,
0x00000000,
0x00000000,
0x00000000,
0x00000000,
0x00000000,
0x00000000,
0x00000000,
0x00000000,
0x00000000,
0x00000000,
0x00000000,
0x00000000,
0x00000000,
0x00000000,
0x00000000,
0x00000000,
0x00000000,
0x00000000,
0x00000000,
0x00000000,
0x00000000,
0x00000000,
0x00000000,
0x00000000,
0x00000000,
0x00000000,
0x00000000,
0x00000000,
0x00000000,
0x00000000,
0x00000000,
0x00000000,
0x00000000,
0x00000000,
0x00000000,
0x00000000,
0x00000000,
0x00000000,
0x00000000,
0x00000000,
0x00000000,
0x00000000,
0x00000000,
0x00000000,
0x00000000,
0x00000000,
0x00000000,
0x00000000,
0x00000000,
0x00000000,
0x00000000,
0x00000000,
0x00000000,
0x00000000,
0x00000000,
0x00000000,
0x00000000,
0x00000000,
0x00000000,
0x00000000,
0x00000000,
0x00000000,
0x00000000,
0x00000000,
0x00000000,
0x00000000,
0x00000000,
0x00000000,
0x00000000,
0x00000000,
0x00000000,
0x00000000,
0x00000000,
0x00000000,
0x00000000,
0x00000000,
0x00000000,
0x00000000,
0x00000000,
0x00000000,
0x00000000,
0x00000000,
0x00000000,
0x00000000,
0x00000000,
0x00000000,
0x00000000,
0x00000000,
0x00000000,
0x00000000,
0x00000000,
0x00000000,
0x00000000,
0x00000000,
0x00000000,
0x00000000,
0x00000000,
0x00000000,
0x00000000,
0x00000000,
0x00000000,
0x00000000,
0x00000000,
0x00000000,
0x00000000,
0x00000000,
0x00000000,
0x00000000,
0x00000000,
0x00000000,
0x00000000,
0x00000000,
0x00000000,
0x00000000,
0x00000000,
0x00000000,
0x00000000,
0x00000000,
0x00000000,
0x00000000,
0x00000000,
0x00000000,
0x00000000,
0x00000000,
0x00000000,
0x00000000,
0x00000000,
0x00000000,
0x00000000,
0x00000000,
0x00000000,
0x00000000,
0x00000000,
0x00000000,
0x00000000,
0x00000000,
0x00000000,
0x00000000,
0x00000000,
0x00000000,
0x00000000,
0x00000000,
0x00000000,
0x00000000,
0x00000000,
0x00000000,
0x00000000,
0x00000000,
0x00000000,
0x00000000,
0x00000000,
0x00000000,
0x00000000,
0x00000000,
0x00000000,
0x00000000,
0x00000000,
0x00000000,
0x00000000,
0x00000000,
0x00000000,
0x00000000,
0x00000000,
0x00000000,
0x00000000,
0x00000000,
0x00000000,
0x00000000,
0x00000000,
0x00000000,
0x00000000,
0x00000000,
0x00000000,
0x00000000,
0x00000000,
0x00000000,
0x00000000,
0x00000000,
0x00000000,
0x00000000,
0x00000000,
0x00000000,
0x00000000,
0x00000000,
0x00000000,
0x00000000,
0x00000000,
0x00000000,
0x00000000,
0x00000000,
0x00000000,
0x00000000,
0x00000000,
0x00000000,
0x00000000,
0x00000000,
0x00000000,
0x00000000,
0x00000000,
0x00000000,
0x00000000,
0x00000000,
0x00000000,
0x00000000,
0x00000000,
0x00000000,
0x00000000,
0x00000000,
0x00000000,
0x00000000,
0x00000000,
0x00000000,
0x00000000,
0x00000000,
0x00000000,
0x00000000,
0x00000000,
0x00000000,
0x00000000,
0x00000000,
0x00000000,
0x00000000,
0x00000000,
0x00000000,
0x00000000,
0x00000000,
0x00000000,
0x00000000,
0x00000000,
0x00000000,
0x00000000,
0x00000000,
0x00000000,
0x00000000,
0x00000000,
0x00000000,
0x00000000,
0x00000000,
0x00000000,
0x00000000,
0x00000000,
0x00000000,
0x00000000,
0x00000000,
0x00000000,
0x00000000,
0x00000000,
0x00000000,
0x00000000,
0x00000000,
0x00000000,
0x00000000,
0x00000000,
0x00000000,
0x00000000,
0x00000000,
0x00000000,
0x00000000,
0x00000000,
0x00000000,
0x00000000,
0x00000000,
0x00000000,
0x00000000,
0x00000000,
0x00000000,
0x00000000,
0x00000000,
0x00000000,
0x00000000,
0x00000000,
0x00000000,
0x00000000,
0x00000000,
0x00000000,
0x00000000,
0x00000000,
0x00000000,
0x00000000,
0x00000000,
0x00000000,
0x00000000,
0x00000000,
0x00000000,
0x00000000,
0x00000000,
0x00000000,
0x00000000,
0x00000000,
0x00000000,
0x00000000,
0x00000000,
0x00000000,
0x00000000,
0x00000000,
0x00000000,
0x00000000,
0x00000000,
0x00000000,
0x00000000,
0x00000000,
0x00000000,
0x00000000,
0x00000000,
0x00000000,
0x00000000,
0x00000000,
0x00000000,
0x00000000,
0x00000000,
0x00000000,
0x00000000,
0x00000000,
0x00000000,
0x00000000,
0x00000000,
0x00000000,
0x00000000,
0x00000000,
0x00000000,
0x00000000,
0x00000000,
0x00000000,
0x00000000,
0x00000000,
0x00000000,
0x00000000,
0x00000000,
0x00000000,
0x00000000,
0x00000000,
0x00000000,
0x00000000,
0x00000000,
0x00000000,
0x00000000,
0x00000000,
0x00000000,
0x00000000,
0x00000000,
0x00000000,
0x00000000,
0x00000000,
0x00000000,
0x00000000,
0x00000000,
0x00000000,
0x00000000,
0x00000000,
0x00000000,
0x00000000,
0x00000000,
0x00000000,
0x00000000,
0x00000000,
0x00000000,
0x00000000,
0x00000000,
0x00000000,
0x00000000,
0x00000000,
0x00000000,
0x00000000,
0x00000000,
0x00000000,
0x00000000,
0x00000000,
0x00000000,
0x00000000,
0x00000000,
0x00000000,
0x00000000,
0x00000000,
0x00000000,
0x00000000,
0x00000000,
0x00000000,
0x00000000,
0x00000000,
0x00000000,
0x00000000,
0x00000000,
0x00000000,
0x00000000,
0x00000000,
0x00000000,
0x00000000,
0x00000000,
0x00000000,
0x00000000,
0x00000000,
0x00000000,
0x00000000,
0x00000000,
0x00000000,
0x00000000,
0x00000000,
0x00000000,
0x00000000,
0x00000000,
0x00000000,
0x00000000,
0x00000000,
0x00000000,
0x00000000,
0x00000000,
0x00000000,
0x00000000,
0x00000000,
0x00000000,
0x00000000,
0x00000000,
0x00000000,
0x00000000,
0x00000000,
0x00000000,
0x00000000,
0x00000000,
0x00000000,
0x00000000,
0x00000000,
0x00000000,
0x00000000,
0x00000000,
0x00000000,
0x00000000,
0x00000000,
0x00000000,
0x00000000,
0x00000000,
0x00000000,
0x00000000,
0x00000000,
0x00000000,
0x00000000,
0x00000000,
0x00000000,
0x00000000,
0x00000000,
0x00000000,
0x00000000,
0x00000000,
0x00000000,
0x00000000,
0x00000000,
0x00000000,
0x00000000,
0x00000000,
0x00000000,
0x00000000,
0x00000000,
0x00000000,
0x00000000,
0x00000000,
0x00000000,
0x00000000,
0x00000000,
0x00000000,
0x00000000,
0x00000000,
0x00000000,
0x00000000,
0x00000000,
0x00000000,
0x00000000,
0x00000000,
0x00000000,
0x00000000,
0x00000000,
0x00000000,
0x00000000,
0x00000000,
0x00000000,
0x00000000,
0x00000000,
0x00000000,
0x00000000,
0x00000000,
0x00000000,
0x00000000,
0x00000000,
0x00000000,
0x00000000,
0x00000000,
0x00000000,
0x00000000,
0x00000000,
0x00000000,
0x00000000,
0x00000000,
0x00000000,
0x00000000,
0x00000000,
0x00000000,
0x00000000,
0x00000000,
0x00000000,
0x00000000,
0x00000000,
0x00000000,
0x00000000,
0x00000000,
0x00000000,
0x00000000,
0x00000000,
0x00000000,
0x00000000,
0x00000000,
0x00000000,
0x00000000,
0x00000000,
0x00000000,
0x00000000,
0x00000000,
0x00000000,
0x00000000,
0x00000000,
0x00000000,
0x00000000,
0x00000000,
0x00000000,
0x00000000,
0x00000000,
0x00000000,
0x00000000,
0x00000000,
0x00000000,
0x00000000,
0x00000000,
0x00000000,
0x00000000,
0x00000000,
0x00000000,
0x00000000,
0x00000000,
0x00000000,
0x00000000,
0x00000000,
0x00000000,
0x00000000,
0x00000000,
0x00000000,
0x00000000,
0x00000000,
0x00000000,
0x00000000,
0x00000000,
0x00000000,
0x00000000,
0x00000000,
0x00000000,
0x00000000,
0x00000000,
0x00000000,
0x00000000,
0x00000000,
0x00000000,
0x00000000,
0x00000000,
0x00000000,
0x00000000,
0x00000000,
0x00000000,
0x00000000,
0x00000000,
0x00000000,
0x00000000,
0x00000000,
0x00000000,
0x00000000,
0x00000000,
0x00000000,
0x00000000,
0x00000000,
0x00000000,
0x00000000,
0x00000000,
0x00000000,
0x00000000,
0x00000000,
0x00000000,
0x00000000,
0x00000000,
0x00000000,
0x00000000,
0x00000000,
0x00000000,
0x00000000,
0x00000000,
0x00000000,
0x00000000,
0x00000000,
0x00000000,
0x00000000,
0x00000000,
0x00000000,
0x00000000,
0x00000000,
0x00000000,
0x00000000,
0x00000000,
0x00000000,
0x00000000,
0x00000000,
0x00000000,
0x00000000,
0x00000000,
0x00000000,
0x00000000,
0x00000000,
0x00000000,
0x00000000,
0x00000000,
0x00000000,
0x00000000,
0x00000000,
0x00000000,
0x00000000,
0x00000000,
0x00000000,
0x00000000,
0x00000000,
0x00000000,
0x00000000,
0x00000000,
0x00000000,
0x00000000,
0x00000000,
0x00000000,
0x00000000,
0x00000000,
0x00000000,
0x00000000,
0x00000000,
0x00000000,
0x00000000,
0x00000000,
0x00000000,
0x00000000,
0x00000000,
0x00000000,
0x00000000,
0x00000000,
0x00000000,
0x00000000,
0x00000000,
0x00000000,
0x00000000,
0x00000000,
0x00000000,
0x00000000,
0x00000000,
0x00000000,
0x00000000,
0x00000000,
0x00000000,
0x00000000,
0x00000000,
0x00000000,
0x00000000,
0x00000000,
0x00000000,
0x00000000,
0x00000000,
0x00000000,
0x00000000,
0x00000000,
0x00000000,
0x00000000,
0x00000000,
0x00000000,
0x00000000,
0x00000000,
0x00000000,
0x00000000,
0x00000000,
0x00000000,
0x00000000,
0x00000000,
0x00000000,
0x00000000,
0x00000000,
0x00000000,
0x00000000,
0x00000000,
0x00000000,
0x00000000,
0x00000000,
0x00000000,
0x00000000,
0x00000000,
0x00000000,
0x00000000,
0x00000000,
0x00000000,
0x00000000,
0x00000000,
0x00000000,
0x00000000,
0x00000000,
0x00000000,
0x00000000,
0x00000000,
0x00000000,
0x00000000,
0x00000000,
0x00000000,
0x00000000,
0x00000000,
0x00000000,
0x00000000,
0x00000000,
0x00000000,
0x00000000,
0x00000000,
0x00000000,
0x00000000,
0x00000000,
0x00000000,
0x00000000,
0x00000000,
0x00000000,
0x00000000,
0x00000000,
0x00000000,
0x00000000,
0x00000000,
0x00000000,
0x00000000,
0x00000000,
0x00000000,
0x00000000,
0x00000000,
0x00000000,
0x00000000,
0x00000000,
0x00000000,
0x00000000,
0x00000000,
0x00000000,
0x00000000,
0x00000000,
0x00000000,
0x00000000,
0x00000000,
0x00000000,
0x00000000,
0x00000000,
0x00000000,
0x00000000,
0x00000000,
0x00000000,
0x00000000,
0x00000000,
0x00000000,
0x00000000,
0x00000000,
0x00000000,
0x00000000,
0x00000000,
0x00000000,
0x00000000,
0x00000000,
0x00000000,
0x00000000,
0x00000000,
0x00000000,
0x00000000,
0x00000000,
0x00000000,
0x00000000,
0x00000000,
0x00000000,
0x00000000,
0x00000000,
0x00000000,
0x00000000,
0x00000000,
0x00000000,
0x00000000,
0x00000000,
0x00000000,
0x00000000,
0x00000000,
0x00000000,
0x00000000,
0x00000000,
0x00000000,
0x00000000,
0x00000000,
0x00000000,
0x00000000,
0x00000000,
0x00000000,
0x00000000,
0x00000000,
0x00000000,
0x00000000,
0x00000000,
0x00000000,
0x00000000,
0x00000000,
0x00000000,
0x00000000,
0x00000000,
0x00000000,
0x00000000,
0x00000000,
0x00000000,
0x00000000,
0x00000000,
0x00000000,
0x00000000,
0x00000000,
0x00000000,
0x00000000,
0x00000000,
0x00000000,
0x00000000,
0x00000000,
0x00000000,
0x00000000,
0x00000000,
0x00000000,
0x00000000,
0x00000000,
0x00000000,
0x00000000,
0x00000000,
0x00000000,
0x00000000,
0x00000000,
0x00000000,
0x00000000,
0x00000000,
0x00000000,
0x00000000,
0x00000000,
0x00000000,
0x00000000,
0x00000000,
0x00000000,
0x00000000,
0x00000000,
0x00000000,
0x00000000,
0x00000000,
0x00000000,
0x00000000,
0x00000000,
0x00000000,
0x00000000,
0x00000000,
0x00000000,
0x00000000,
0x00000000,
0x00000000,
0x00000000,
0x00000000,
0x00000000,
0x00000000,
0x00000000,
0x00000000,
0x00000000,
0x00000000,
0x00000000,
0x00000000,
0x00000000,
0x00000000,
0x00000000,
0x00000000,
0x00000000,
0x00000000,
0x00000000,
0x00000000,
0x00000000,
0x00000000,
0x00000000,
0x00000000,
0x00000000,
0x00000000,
0x00000000,
0x00000000,
0x00000000,
0x00000000,
0x00000000,
0x00000000,
0x00000000,
0x00000000,
0x00000000,
0x00000000,
0x00000000,
0x00000000,
0x00000000,
0x00000000,
0x00000000,
0x00000000,
0x00000000,
0x00000000,
0x00000000,
0x00000000,
0x00000000,
0x00000000,
0x00000000,
0x00000000,
0x00000000,
0x00000000,
0x00000000,
0x00000000,
0x00000000,
0x00000000,
0x00000000,
0x00000000,
0x00000000,
0x00000000,
0x00000000,
0x00000000,
0x00000000,
0x00000000,
0x00000000,
0x00000000,
0x00000000,
0x00000000,
0x00000000,
0x00000000,
0x00000000,
0x00000000,
0x00000000,
0x00000000,
0x00000000,
0x00000000,
0x00000000,
0x00000000,
0x00000000,
0x00000000,
0x00000000,
0x00000000,
0x00000000,
0x00000000,
0x00000000,
0x00000000,
0x00000000,
0x00000000,
0x00000000,
0x00000000,
0x00000000,
0x00000000,
0x00000000,
0x00000000,
0x00000000,
0x00000000,
0x00000000,
0x00000000,
0x00000000,
0x00000000,
0x00000000,
0x00000000,
0x00000000,
0x00000000,
0x00000000,
0x00000000,
0x00000000,
0x00000000,
0x00000000,
0x00000000,
0x00000000,
0x00000000,
0x00000000,
0x00000000,
0x00000000,
0x00000000,
0x00000000,
0x00000000,
0x00000000,
0x00000000,
0x00000000,
0x00000000,
0x00000000,
0x00000000,
0x00000000,
0x00000000,
0x00000000,
0x00000000,
0x00000000,
0x00000000,
0x00000000,
0x00000000,
0x00000000,
0x00000000,
0x00000000,
0x00000000,
0x00000000,
0x00000000,
0x00000000,
0x00000000,
0x00000000,
0x00000000,
0x00000000,
0x00000000,
0x00000000,
0x00000000,
0x00000000,
0x00000000,
0x00000000,
0x00000000,
0x00000000,
0x00000000,
0x00000000,
0x00000000,
0x00000000,
0x00000000,
0x00000000,
0x00000000,
0x00000000,
0x00000000,
0x00000000,
0x00000000,
0x00000000,
0x00000000,
0x00000000,
0x00000000,
0x00000000,
0x00000000,
0x00000000,
0x00000000,
0x00000000,
0x00000000,
0x00000000,
0x00000000,
0x00000000,
0x00000000,
0x00000000,
0x00000000,
0x00000000,
0x00000000,
0x00000000,
0x00000000,
0x00000000,
0x00000000,
0x00000000,
0x00000000,
0x00000000,
0x00000000,
0x00000000,
0x00000000,
0x00000000,
0x00000000,
0x00000000,
0x00000000,
0x00000000,
0x00000000,
0x00000000,
0x00000000,
0x00000000,
0x00000000,
0x00000000,
0x00000000,
0x00000000,
0x00000000,
0x00000000,
0x00000000,
0x00000000,
0x00000000,
0x00000000,
0x00000000,
0x00000000,
0x00000000,
0x00000000,
0x00000000,
0x00000000,
0x00000000,
0x00000000,
0x00000000,
0x00000000,
0x00000000,
0x00000000,
0x00000000,
0x00000000,
0x00000000,
0x00000000,
0x00000000,
0x00000000,
0x00000000,
0x00000000,
0x00000000,
0x00000000,
0x00000000,
0x00000000,
0x00000000,
0x00000000,
0x00000000,
0x00000000,
0x00000000,
0x00000000,
0x00000000,
0x00000000,
0x00000000,
0x00000000,
0x00000000,
0x00000000,
0x00000000,
0x00000000,
0x00000000,
0x00000000,
0x00000000,
0x00000000,
0x00000000,
0x00000000,
0x00000000,
0x00000000,
0x00000000,
0x00000000,
0x00000000,
0x00000000,
0x00000000,
0x00000000,
0x00000000,
0x00000000,
0x00000000,
0x00000000,
0x00000000,
0x00000000,
0x00000000,
0x00000000,
0x00000000,
0x00000000,
0x00000000,
0x00000000,
0x00000000,
0x00000000,
0x00000000,
0x00000000,
0x00000000,
0x00000000,
0x00000000,
0x00000000,
0x00000000,
0x00000000,
0x00000000,
0x00000000,
0x00000000,
0x00000000,
0x00000000,
0x00000000,
0x00000000,
0x00000000,
0x00000000,
0x00000000,
0x00000000,
0x00000000,
0x00000000,
0x00000000,
0x00000000,
0x00000000,
0x00000000,
0x00000000,
0x00000000,
0x00000000,
0x00000000,
0x00000000,
0x00000000,
0x00000000,
0x00000000,
0x00000000,
0x00000000,
0x00000000,
0x00000000,
0x00000000,
0x00000000,
0x00000000,
0x00000000,
0x00000000,
0x00000000,
0x00000000,
0x00000000,
0x00000000,
0x00000000,
0x00000000,
0x00000000,
0x00000000,
0x00000000,
0x00000000,
0x00000000,
0x00000000,
0x00000000,
0x00000000,
0x00000000,
0x00000000,
0x00000000,
0x00000000,
0x00000000,
0x00000000,
0x00000000,
0x00000000,
0x00000000,
0x00000000,
0x00000000,
0x00000000,
0x00000000,
0x00000000,
0x00000000,
0x00000000,
0x00000000,
0x00000000,
0x00000000,
0x00000000,
0x00000000,
0x00000000,
0x00000000,
0x00000000,
0x00000000,
0x00000000,
0x00000000,
0x00000000,
0x00000000,
0x00000000,
0x00000000,
0x00000000,
0x00000000,
0x00000000,
0x00000000,
0x00000000,
0x00000000,
0x00000000,
0x00000000,
0x00000000,
0x00000000,
0x00000000,
0x00000000,
0x00000000,
0x00000000,
0x00000000,
0x00000000,
0x00000000,
0x00000000,
0x00000000,
0x00000000,
0x00000000,
0x00000000,
0x00000000,
0x00000000,
0x00000000,
0x00000000,
0x00000000,
0x00000000,
0x00000000,
0x00000000,
0x00000000,
0x00000000,
0x00000000,
0x00000000,
0x00000000,
0x00000000,
0x00000000,
0x00000000,
0x00000000,
0x00000000,
0x00000000,
0x00000000,
0x00000000,
0x00000000,
0x00000000,
0x00000000,
0x00000000,
0x00000000,
0x00000000,
0x00000000,
0x00000000,
0x00000000,
0x00000000,
0x00000000,
0x00000000,
0x00000000,
0x00000000,
0x00000000,
0x00000000,
0x00000000,
0x00000000,
0x00000000,
0x00000000,
0x00000000,
0x00000000,
0x00000000,
0x00000000,
0x00000000,
0x00000000,
0x00000000,
0x00000000,
0x00000000,
0x00000000,
0x00000000,
0x00000000,
0x00000000,
0x00000000,
0x00000000,
0x00000000,
0x00000000,
0x00000000,
0x00000000,
0x00000000,
0x00000000,
0x00000000,
0x00000000,
0x00000000,
0x00000000,
0x00000000,
0x00000000,
0x00000000,
0x00000000,
0x00000000,
0x00000000,
0x00000000,
0x00000000,
0x00000000,
0x00000000,
0x00000000,
0x00000000,
0x00000000,
0x00000000,
0x00000000,
0x00000000,
0x00000000,
0x00000000,
0x00000000,
0x00000000,
0x00000000,
0x00000000,
0x00000000,
0x00000000,
0x00000000,
0x00000000,
0x00000000,
0x00000000,
0x00000000,
0x00000000,
0x00000000,
0x00000000,
0x00000000,
0x00000000,
0x00000000,
0x00000000,
0x00000000,
0x00000000,
0x00000000,
0x00000000,
0x00000000,
0x00000000,
0x00000000,
0x00000000,
0x00000000,
0x00000000,
0x00000000,
0x00000000,
0x00000000,
0x00000000,
0x00000000,
0x00000000,
0x00000000,
0x00000000,
0x00000000,
0x00000000,
0x00000000,
0x00000000,
0x00000000,
0x00000000,
0x00000000,
0x00000000,
0x00000000,
0x00000000,
0x00000000,
0x00000000,
0x00000000,
0x00000000,
0x00000000,
0x00000000,
0x00000000,
0x00000000,
0x00000000,
0x00000000,
0x00000000,
0x00000000,
0x00000000,
0x00000000,
0x00000000,
0x00000000,
0x00000000,
0x00000000,
0x00000000,
0x00000000,
0x00000000,
0x00000000,
0x00000000,
0x00000000,
0x00000000,
0x00000000,
0x00000000,
0x00000000,
0x00000000,
0x00000000,
0x00000000,
0x00000000,
0x00000000,
0x00000000,
0x00000000,
0x00000000,
0x00000000,
0x00000000,
0x00000000,
0x00000000,
0x00000000,
0x00000000,
0x00000000,
0x00000000,
0x00000000,
0x00000000,
0x00000000,
0x00000000,
0x00000000,
0x00000000,
0x00000000,
0x00000000,
0x00000000,
0x00000000,
0x00000000,
0x00000000,
0x00000000,
0x00000000,
0x00000000,
0x00000000,
0x00000000,
0x00000000,
0x00000000,
0x00000000,
0x00000000,
0x00000000,
0x00000000,
0x00000000,
0x00000000,
0x00000000,
0x00000000,
0x00000000,
0x00000000,
0x00000000,
0x00000000,
0x00000000,
0x00000000,
0x00000000,
0x00000000,
0x00000000,
0x00000000,
0x00000000,
0x00000000,
0x00000000,
0x00000000,
0x00000000,
0x00000000,
0x00000000,
0x00000000,
0x00000000,
0x00000000,
0x00000000,
0x00000000,
0x00000000,
0x00000000,
0x00000000,
0x00000000,
0x00000000,
0x00000000,
0x00000000,
0x00000000,
0x00000000,
0x00000000,
0x00000000,
0x00000000,
0x00000000,
0x00000000,
0x00000000,
0x00000000,
0x00000000,
0x00000000,
0x00000000,
0x00000000,
0x00000000,
0x00000000,
0x00000000,
0x00000000,
0x00000000,
0x00000000,
0x00000000,
0x00000000,
0x00000000,
0x00000000,
0x00000000,
0x00000000,
0x00000000,
0x00000000,
0x00000000,
0x00000000,
0x00000000,
0x00000000,
0x00000000,
0x00000000,
0x00000000,
0x00000000,
0x00000000,
0x00000000,
0x00000000,
0x00000000,
0x00000000,
0x00000000,
0x00000000,
0x00000000,
0x00000000,
0x00000000,
0x00000000,
0x00000000,
0x00000000,
0x00000000,
0x00000000,
0x00000000,
0x00000000,
0x00000000,
0x00000000,
0x00000000,
0x00000000,
0x00000000,
0x00000000,
0x00000000,
0x00000000,
0x00000000,
0x00000000,
0x00000000,
0x00000000,
0x00000000,
0x00000000,
0x00000000,
0x00000000,
0x00000000,
0x00000000,
0x00000000,
0x00000000,
0x00000000,
0x00000000,
0x00000000,
0x00000000,
0x00000000,
0x00000000,
0x00000000,
0x00000000,
0x00000000,
0x00000000,
0x00000000,
0x00000000,
0x00000000,
0x00000000,
0x00000000,
0x00000000,
0x00000000,
0x00000000,
0x00000000,
0x00000000,
0x00000000,
0x00000000,
0x00000000,
0x00000000,
0x00000000,
0x00000000,
0x00000000,
0x00000000,
0x00000000,
0x00000000,
0x00000000,
0x00000000,
0x00000000,
0x00000000,
0x00000000,
0x00000000,
0x00000000,
0x00000000,
0x00000000,
0x00000000,
0x00000000,
0x00000000,
0x00000000,
0x00000000,
0x00000000,
0x00000000,
0x00000000,
0x00000000,
0x00000000,
0x00000000,
0x00000000,
0x00000000,
0x00000000,
0x00000000,
0x00000000,
0x00000000,
0x00000000,
0x00000000,
0x00000000,
0x00000000,
0x00000000,
0x00000000,
0x00000000,
0x00000000,
0x00000000,
0x00000000,
0x00000000,
0x00000000,
0x00000000,
0x00000000,
0x00000000,
0x00000000,
0x00000000,
0x00000000,
0x00000000,
0x00000000,
0x00000000,
0x00000000,
0x00000000,
0x00000000,
0x00000000,
0x00000000,
0x00000000,
0x00000000,
0x00000000,
0x00000000,
0x00000000,
0x00000000,
0x00000000,
0x00000000,
0x00000000,
0x00000000,
0x00000000,
0x00000000,
0x00000000,
0x00000000,
0x00000000,
0x00000000,
0x00000000,
0x00000000,
0x00000000,
0x00000000,
0x00000000,
0x00000000,
0x00000000,
0x00000000,
0x00000000,
0x00000000,
0x00000000,
0x00000000,
0x00000000,
0x00000000,
0x00000000,
0x00000000,
0x00000000,
0x00000000,
0x00000000,
0x00000000,
0x00000000,
0x00000000,
0x00000000,
0x00000000,
0x00000000,
0x00000000,
0x00000000,
0x00000000,
0x00000000,
0x00000000,
0x00000000,
0x00000000,
0x00000000,
0x00000000,
0x00000000,
0x00000000,
0x00000000,
0x00000000,
0x00000000,
0x00000000,
0x00000000,
0x00000000,
0x00000000,
0x00000000,
0x00000000,
0x00000000,
0x00000000,
0x00000000,
0x00000000,
0x00000000,
0x00000000,
0x00000000,
0x00000000,
0x00000000,
0x00000000,
0x00000000,
0x00000000,
0x00000000,
0x00000000,
0x00000000,
0x00000000,
0x00000000,
0x00000000,
0x00000000,
0x00000000,
0x00000000,
0x00000000,
0x00000000,
0x00000000,
0x00000000,
0x00000000,
0x00000000,
0x00000000,
0x00000000,
0x00000000,
0x00000000,
0x00000000,
0x00000000,
0x00000000,
0x00000000,
0x00000000,
0x00000000,
0x00000000,
0x00000000,
0x00000000,
0x00000000,
0x00000000,
0x00000000,
0x00000000,
0x00000000,
0x00000000,
0x00000000,
0x00000000,
0x00000000,
0x00000000,
0x00000000,
0x00000000,
0x00000000,
0x00000000,
0x00000000,
0x00000000,
0x00000000,
0x00000000,
0x00000000,
0x00000000,
0x00000000,
0x00000000,
0x00000000,
0x00000000,
0x00000000,
0x00000000,
0x00000000,
0x00000000,
0x00000000,
0x00000000,
0x00000000,
0x00000000,
0x00000000,
0x00000000,
0x00000000,
0x00000000,
0x00000000,
0x00000000,
0x00000000,
0x00000000,
0x00000000,
0x00000000,
0x00000000,
0x00000000,
0x00000000,
0x00000000,
0x00000000,
0x00000000,
0x00000000,
0x00000000,
0x00000000,
0x00000000,
0x00000000,
0x00000000,
0x00000000,
0x00000000,
0x00000000,
0x00000000,
0x00000000,
0x00000000,
0x00000000,
0x00000000,
0x00000000,
0x00000000,
0x00000000,
0x00000000,
0x00000000,
0x00000000,
0x00000000,
0x00000000,
0x00000000,
0x00000000,
0x00000000,
0x00000000,
0x00000000,
0x00000000,
0x00000000,
0x00000000,
0x00000000,
0x00000000,
0x00000000,
0x00000000,
0x00000000,
0x00000000,
0x00000000,
0x00000000,
0x00000000,
0x00000000,
0x00000000,
0x00000000,
0x00000000,
0x00000000,
0x00000000,
0x00000000,
0x00000000,
0x00000000,
0x00000000,
0x00000000,
0x00000000,
0x00000000,
0x00000000,
0x00000000,
0x00000000,
0x00000000,
0x00000000,
0x00000000,
0x00000000,
0x00000000,
0x00000000,
0x00000000,
0x00000000,
0x00000000,
0x00000000,
0x00000000,
0x00000000,
0x00000000,
0x00000000,
0x00000000,
0x00000000,
0x00000000,
0x00000000,
0x00000000,
0x00000000,
0x00000000,
0x00000000,
0x00000000,
0x00000000,
0x00000000,
0x00000000,
0x00000000,
0x00000000,
0x00000000,
0x00000000,
0x00000000,
0x00000000,
0x00000000,
0x00000000,
0x00000000,
0x00000000,
0x00000000,
0x00000000,
0x00000000,
0x00000000,
0x00000000,
0x00000000,
0x00000000,
0x00000000,
0x00000000,
0x00000000,
0x00000000,
0x00000000,
0x00000000,
0x00000000,
0x00000000,
0x00000000,
0x00000000,
0x00000000,
0x00000000,
0x00000000,
0x00000000,
0x00000000,
0x00000000,
0x00000000,
0x00000000,
0x00000000,
0x00000000,
0x00000000,
0x00000000,
0x00000000,
0x00000000,
0x00000000,
0x00000000,
0x00000000,
0x00000000,
0x00000000,
0x00000000,
0x00000000,
0x00000000,
0x00000000,
0x00000000,
0x00000000,
0x00000000,
0x00000000,
0x00000000,
0x00000000,
0x00000000,
0x00000000,
0x00000000,
0x00000000,
0x00000000,
0x00000000,
0x00000000,
0x00000000,
0x00000000,
0x00000000,
0x00000000,
0x00000000,
0x00000000,
0x00000000,
0x00000000,
0x00000000,
0x00000000,
0x00000000,
0x00000000,
0x00000000,
0x00000000,
0x00000000,
0x00000000,
0x00000000,
0x00000000,
0x00000000,
0x00000000,
0x00000000,
0x00000000,
0x00000000,
0x00000000,
0x00000000,
0x00000000,
0x00000000,
0x00000000,
0x00000000,
0x00000000,
0x00000000,
0x00000000,
0x00000000,
0x00000000,
0x00000000,
0x00000000,
0x00000000,
0x00000000,
0x00000000,
0x00000000,
0x00000000,
0x00000000,
0x00000000,
0x00000000,
0x00000000,
0x00000000,
0x00000000,
0x00000000,
0x00000000,
0x00000000,
0x00000000,
0x00000000,
0x00000000,
0x00000000,
0x00000000,
0x00000000,
0x00000000,
0x00000000,
0x00000000,
0x00000000,
0x00000000,
0x00000000,
0x00000000,
0x00000000,
0x00000000,
0x00000000,
0x00000000,
0x00000000,
0x00000000,
0x00000000,
0x00000000,
0x00000000,
0x00000000,
0x00000000,
0x00000000,
0x00000000,
0x00000000,
0x00000000,
0x00000000,
0x00000000,
0x00000000,
0x00000000,
0x00000000,
0x00000000,
0x00000000,
0x00000000,
0x00000000,
0x00000000,
0x00000000,
0x00000000,
0x00000000,
0x00000000,
0x00000000,
0x00000000,
0x00000000,
0x00000000,
0x00000000,
0x00000000,
0x00000000,
0x00000000,
0x00000000,
0x00000000,
0x00000000,
0x00000000,
0x00000000,
0x00000000,
0x00000000,
0x00000000,
0x00000000,
0x00000000,
0x00000000,
0x00000000,
0x00000000,
0x00000000,
0x00000000,
0x00000000,
0x00000000,
0x00000000,
0x00000000,
0x00000000,
0x00000000,
0x00000000,
0x00000000,
0x00000000,
0x00000000,
0x00000000,
0x00000000,
0x00000000,
0x00000000,
0x00000000,
0x00000000,
0x00000000,
0x00000000,
0x00000000,
0x00000000,
0x00000000,
0x00000000,
0x00000000,
0x00000000,
0x00000000,
0x00000000,
0x00000000,
0x00000000,
0x00000000,
0x00000000,
0x00000000,
0x00000000,
0x00000000,
0x00000000,
0x00000000,
0x00000000,
0x00000000,
0x00000000,
0x00000000,
0x00000000,
0x00000000,
0x00000000,
0x00000000,
0x00000000,
0x00000000,
0x00000000,
0x00000000,
0x00000000,
0x00000000,
0x00000000,
0x00000000,
0x00000000,
0x00000000,
0x00000000,
0x00000000,
0x00000000,
0x00000000,
0x00000000,
0x00000000,
0x00000000,
0x00000000,
0x00000000,
0x00000000,
0x00000000,
0x00000000,
0x00000000,
0x00000000,
0x00000000,
0x00000000,
0x00000000,
0x00000000,
0x00000000,
0x00000000,
0x00000000,
0x00000000,
0x00000000,
0x00000000,
0x00000000,
0x00000000,
0x00000000,
0x00000000,
0x00000000,
0x00000000,
0x00000000,
0x00000000,
0x00000000,
0x00000000,
0x00000000,
0x00000000,
0x00000000,
0x00000000,
0x00000000,
0x00000000,
0x00000000,
0x00000000,
0x00000000,
0x00000000,
0x00000000,
0x00000000,
0x00000000,
0x00000000,
0x00000000,
0x00000000,
0x00000000,
0x00000000,
0x00000000,
0x00000000,
0x00000000,
0x00000000,
0x00000000,
0x00000000,
0x00000000,
0x00000000,
0x00000000,
0x00000000,
0x00000000,
0x00000000,
0x00000000,
0x00000000,
0x00000000,
0x00000000,
0x00000000,
0x00000000,
0x00000000,
0x00000000,
0x00000000,
0x00000000,
0x00000000,
0x00000000,
0x00000000,
0x00000000,
0x00000000,
0x00000000,
0x00000000,
0x00000000,
0x00000000,
0x00000000,
0x00000000,
0x00000000,
0x00000000,
0x00000000,
0x00000000,
0x00000000,
0x00000000,
0x00000000,
0x00000000,
0x00000000,
0x00000000,
0x00000000,
0x00000000,
0x00000000,
0x00000000,
0x00000000,
0x00000000,
0x00000000,
0x00000000,
0x00000000,
0x00000000,
0x00000000,
0x00000000,
0x00000000,
0x00000000,
0x00000000,
0x00000000,
0x00000000,
0x00000000,
0x00000000,
0x00000000,
0x00000000,
0x00000000,
0x00000000,
0x00000000,
0x00000000,
0x00000000,
0x00000000,
0x00000000,
0x00000000,
0x00000000,
0x00000000,
0x00000000,
0x00000000,
0x00000000,
0x00000000,
0x00000000,
0x00000000,
0x00000000,
0x00000000,
0x00000000,
0x00000000,
0x00000000,
0x00000000,
0x00000000,
0x00000000,
0x00000000,
0x00000000,
0x00000000,
0x00000000,
0x00000000,
0x00000000,
0x00000000,
0x00000000,
0x00000000,
0x00000000,
0x00000000,
0x00000000,
0x00000000,
0x00000000,
0x00000000,
0x00000000,
0x00000000,
0x00000000,
0x00000000,
0x00000000,
0x00000000,
0x00000000,
0x00000000,
0x00000000,
0x00000000,
0x00000000,
0x00000000,
0x00000000,
0x00000000,
0x00000000,
0x00000000,
0x00000000,
0x00000000,
0x00000000,
0x00000000,
0x00000000,
0x00000000,
0x00000000,
0x00000000,
0x00000000,
0x00000000,
0x00000000,
0x00000000,
0x00000000,
0x00000000,
0x00000000,
0x00000000,
0x00000000,
0x00000000,
0x00000000,
0x00000000,
0x00000000,
0x00000000,
0x00000000,
0x00000000,
0x00000000,
0x00000000,
0x00000000,
0x00000000,
0x00000000,
0x00000000,
0x00000000,
0x00000000,
0x00000000,
0x00000000,
0x00000000,
0x00000000,
0x00000000,
0x00000000,
0x00000000,
0x00000000,
0x00000000,
0x00000000,
0x00000000,
0x00000000,
0x00000000,
0x00000000,
0x00000000,
0x00000000,
0x00000000,
0x00000000,
0x00000000,
0x00000000,
0x00000000,
0x00000000,
0x00000000,
0x00000000,
0x00000000,
0x00000000,
0x00000000,
0x00000000,
0x00000000,
0x00000000,
0x00000000,
0x00000000,
0x00000000,
0x00000000,
0x00000000,
0x00000000,
0x00000000,
0x00000000,
0x00000000,
0x00000000,
0x00000000,
0x00000000,
0x00000000,
0x00000000,
0x00000000,
0x00000000,
0x00000000,
0x00000000,
0x00000000,
0x00000000,
0x00000000,
0x00000000,
0x00000000,
0x00000000,
0x00000000,
0x00000000,
0x00000000,
0x00000000,
0x00000000,
0x00000000,
0x00000000,
0x00000000,
0x00000000,
0x00000000,
0x00000000,
0x00000000,
0x00000000,
0x00000000,
0x00000000,
0x00000000,
0x00000000,
0x00000000,
0x00000000,
0x00000000,
0x00000000,
0x00000000,
0x00000000,
0x00000000,
0x00000000,
0x00000000,
0x00000000,
0x00000000,
0x00000000,
0x00000000,
0x00000000,
0x00000000,
0x00000000,
0x00000000,
0x00000000,
0x00000000,
0x00000000,
0x00000000,
0x00000000,
0x00000000,
0x00000000,
0x00000000,
0x00000000,
0x00000000,
0x00000000,
0x00000000,
0x00000000,
0x00000000,
0x00000000,
0x00000000,
0x00000000,
0x00000000,
0x00000000,
0x00000000,
0x00000000,
0x00000000,
0x00000000,
0x00000000,
0x00000000,
0x00000000,
0x00000000,
0x00000000,
0x00000000,
0x00000000,
0x00000000,
0x00000000,
0x00000000,
0x00000000,
0x00000000,
0x00000000,
0x00000000,
0x00000000,
0x00000000,
0x00000000,
0x00000000,
0x00000000,
0x00000000,
0x00000000,
0x00000000,
0x00000000,
0x00000000,
0x00000000,
0x00000000,
0x00000000,
0x00000000,
0x00000000,
0x00000000,
0x00000000,
0x00000000,
0x00000000,
0x00000000,
0x00000000,
0x00000000,
0x00000000,
0x00000000,
0x00000000,
0x00000000,
0x00000000,
0x00000000,
0x00000000,
0x00000000,
0x00000000,
0x00000000,
0x00000000,
0x00000000,
0x00000000,
0x00000000,
0x00000000,
0x00000000,
0x00000000,
0x00000000,
0x00000000,
0x00000000,
0x00000000,
0x00000000,
0x00000000,
0x00000000,
0x00000000,
0x00000000,
0x00000000,
0x00000000,
0x00000000,
0x00000000,
0x00000000,
0x00000000,
0x00000000,
0x00000000,
0x00000000,
0x00000000,
0x00000000,
0x00000000,
0x00000000,
0x00000000,
0x00000000,
0x00000000,
0x00000000,
0x00000000,
0x00000000,
0x00000000,
0x00000000,
0x00000000,
0x00000000,
0x00000000,
0x00000000,
0x00000000,
0x00000000,
0x00000000,
0x00000000,
0x00000000,
0x00000000,
0x00000000,
0x00000000,
0x00000000,
0x00000000,
0x00000000,
0x00000000,
0x00000000,
0x00000000,
0x00000000,
0x00000000,
0x00000000,
0x00000000,
0x00000000,
0x00000000,
0x00000000,
0x00000000,
0x00000000,
0x00000000,
0x00000000,
0x00000000,
0x00000000,
0x00000000,
0x00000000,
0x00000000,
0x00000000,
0x00000000,
0x00000000,
0x00000000,
0x00000000,
0x00000000,
0x00000000,
0x00000000,
0x00000000,
0x00000000,
0x00000000,
0x00000000,
0x00000000,
0x00000000,
0x00000000,
0x00000000,
0x00000000,
0x00000000,
0x00000000,
0x00000000,
0x00000000,
0x00000000,
0x00000000,
0x00000000,
0x00000000,
0x00000000,
0x00000000,
0x00000000,
0x00000000,
0x00000000,
0x00000000,
0x00000000,
0x00000000,
0x00000000,
0x00000000,
0x00000000,
0x00000000,
0x00000000,
0x00000000,
0x00000000,
0x00000000,
0x00000000,
0x00000000,
0x00000000,
0x00000000,
0x00000000,
0x00000000,
0x00000000,
0x00000000,
0x00000000,
0x00000000,
0x00000000,
0x00000000,
0x00000000,
0x00000000,
0x00000000,
0x00000000,
0x00000000,
0x00000000,
0x00000000,
0x00000000,
0x00000000,
0x00000000,
0x00000000,
0x00000000,
0x00000000,
0x00000000,
0x00000000,
0x00000000,
0x00000000,
0x00000000,
0x00000000,
0x00000000,
0x00000000,
0x00000000,
0x00000000,
0x00000000,
0x00000000,
0x00000000,
0x00000000,
0x00000000,
0x00000000,
0x00000000,
0x00000000,
0x00000000,
0x00000000,
0x00000000,
0x00000000,
0x00000000,
0x00000000,
0x00000000,
0x00000000,
0x00000000,
0x00000000,
0x00000000,
0x00000000,
0x00000000,
0x00000000,
0x00000000,
0x00000000,
0x00000000,
0x00000000,
0x00000000,
0x00000000,
0x00000000,
0x00000000,
0x00000000,
0x00000000,
0x00000000,
0x00000000,
0x00000000,
0x00000000,
0x00000000,
0x00000000,
0x00000000,
0x00000000,
0x00000000,
0x00000000,
0x00000000,
0x00000000,
0x00000000,
0x00000000,
0x00000000,
0x00000000,
0x00000000,
0x00000000,
0x00000000,
0x00000000,
0x00000000,
0x00000000,
0x00000000,
0x00000000,
0x00000000,
0x00000000,
0x00000000,
0x00000000,
0x00000000,
0x00000000,
0x00000000,
0x00000000,
0x00000000,
0x00000000,
0x00000000,
0x00000000,
0x00000000,
0x00000000,
0x00000000,
0x00000000,
0x00000000,
0x00000000,
0x00000000,
0x00000000,
0x00000000,
0x00000000,
0x00000000,
0x00000000,
0x00000000,
0x00000000,
0x00000000,
0x00000000,
0x00000000,
0x00000000,
0x00000000,
0x00000000,
0x00000000,
0x00000000,
0x00000000,
0x00000000,
0x00000000,
0x00000000,
0x00000000,
0x00000000,
0x00000000,
0x00000000,
0x00000000,
0x00000000,
0x00000000,
0x00000000,
0x00000000,
0x00000000,
0x00000000,
0x00000000,
0x00000000,
0x00000000,
0x00000000,
0x00000000,
0x00000000,
0x00000000,
0x00000000,
0x00000000,
0x00000000,
0x00000000,
0x00000000,
0x00000000,
0x00000000,
0x00000000,
0x00000000,
0x00000000,
0x00000000,
0x00000000,
0x00000000,
0x00000000,
0x00000000,
0x00000000,
0x00000000,
0x00000000,
0x00000000,
0x00000000,
0x00000000,
0x00000000,
0x00000000,
0x00000000,
0x00000000,
0x00000000,
0x00000000,
0x00000000,
0x00000000,
0x00000000,
0x00000000,
0x00000000,
0x00000000,
0x00000000,
0x00000000,
0x00000000,
0x00000000,
0x00000000,
0x00000000,
0x00000000,
0x00000000,
0x00000000,
0x00000000,
0x00000000,
0x00000000,
0x00000000,
0x00000000,
0x00000000,
0x00000000,
0x00000000,
0x00000000,
0x00000000,
0x00000000,
0x00000000,
0x00000000,
0x00000000,
0x00000000,
0x00000000,
0x00000000,
0x00000000,
0x00000000,
0x00000000,
0x00000000,
0x00000000,
0x00000000,
0x00000000,
0x00000000,
0x00000000,
0x00000000,
0x00000000,
0x00000000,
0x00000000,
0x00000000,
0x00000000,
0x00000000,
0x00000000,
0x00000000,
0x00000000,
0x00000000,
0x00000000,
0x00000000,
0x00000000,
0x00000000,
0x00000000,
0x00000000,
0x00000000,
0x00000000,
0x00000000,
0x00000000,
0x00000000,
0x00000000,
0x00000000,
0x00000000,
0x00000000,
0x00000000,
0x00000000,
0x00000000,
0x00000000,
0x00000000,
0x00000000,
0x00000000,
0x00000000,
0x00000000,
0x00000000,
0x00000000,
0x00000000,
0x00000000,
0x00000000,
0x00000000,
0x00000000,
0x00000000,
0x00000000,
0x00000000,
0x00000000,
0x00000000,
0x00000000,
0x00000000,
0x00000000,
0x00000000,
0x00000000,
0x00000000,
0x00000000,
0x00000000,
0x00000000,
0x00000000,
0x00000000,
0x00000000,
0x00000000,
0x00000000,
0x00000000,
0x00000000,
0x00000000,
0x00000000,
0x00000000,
0x00000000,
0x00000000,
0x00000000,
0x00000000,
0x00000000,
0x00000000,
0x00000000,
0x00000000,
0x00000000,
0x00000000,
0x00000000,
0x00000000,
0x00000000,
0x00000000,
0x00000000,
0x00000000,
0x00000000,
0x00000000,
0x00000000,
0x00000000,
0x00000000,
0x00000000,
0x00000000,
0x00000000,
0x00000000,
0x00000000,
0x00000000,
0x00000000,
0x00000000,
0x00000000,
0x00000000,
0x00000000,
0x00000000,
0x00000000,
0x00000000,
0x00000000,
0x00000000,
0x00000000,
0x00000000,
0x00000000,
0x00000000,
0x00000000,
0x00000000,
0x00000000,
0x00000000,
0x00000000,
0x00000000,
0x00000000,
0x00000000,
0x00000000,
0x00000000,
0x00000000,
0x00000000,
0x00000000,
0x00000000,
0x00000000,
0x00000000,
0x00000000,
0x00000000,
0x00000000,
0x00000000,
0x00000000,
0x00000000,
0x00000000,
0x00000000,
0x00000000,
0x00000000,
0x00000000,
0x00000000,
0x00000000,
0x00000000,
0x00000000,
0x00000000,
0x00000000,
0x00000000,
0x00000000,
0x00000000,
0x00000000,
0x00000000,
0x00000000,
0x00000000,
0x00000000,
0x00000000,
0x00000000,
0x00000000,
0x00000000,
0x00000000,
0x00000000,
0x00000000,
0x00000000,
0x00000000,
0x00000000,
0x00000000,
0x00000000,
0x00000000,
0x00000000,
0x00000000,
0x00000000,
0x00000000,
0x00000000,
0x00000000,
0x00000000,
0x00000000,
0x00000000,
0x00000000,
0x00000000,
0x00000000,
0x00000000,
0x00000000,
0x00000000,
0x00000000,
0x00000000,
0x00000000,
0x00000000,
0x00000000,
0x00000000,
0x00000000,
0x00000000,
0x00000000,
0x00000000,
0x00000000,
0x00000000,
0x00000000,
0x00000000,
0x00000000,
0x00000000,
0x00000000,
0x00000000,
0x00000000,
0x00000000,
0x00000000,
0x00000000,
0x00000000,
0x00000000,
0x00000000,
0x00000000,
0x00000000,
0x00000000,
0x00000000,
0x00000000,
0x00000000,
0x00000000,
0x00000000,
0x00000000,
0x00000000,
0x00000000,
0x00000000,
0x00000000,
0x00000000,
0x00000000,
0x00000000,
0x00000000,
0x00000000,
0x00000000,
0x00000000,
0x00000000,
0x00000000,
0x00000000,
0x00000000,
0x00000000,
0x00000000,
0x00000000,
0x00000000,
0x00000000,
0x00000000,
0x00000000,
0x00000000,
0x00000000,
0x00000000,
0x00000000,
0x00000000,
0x00000000,
0x00000000,
0x00000000,
0x00000000,
0x00000000,
0x00000000,
0x00000000,
0x00000000,
0x00000000,
0x00000000,
0x00000000,
0x00000000,
0x00000000,
0x00000000,
0x00000000,
0x00000000,
0x00000000,
0x00000000,
0x00000000,
0x00000000,
0x00000000,
0x00000000,
0x00000000,
0x00000000,
0x00000000,
0x00000000,
0x00000000,
0x00000000,
0x00000000,
0x00000000,
0x00000000,
0x00000000,
0x00000000,
0x00000000,
0x00000000,
0x00000000,
0x00000000,
0x00000000,
0x00000000,
0x00000000,
0x00000000,
0x00000000,
0x00000000,
0x00000000,
0x00000000,
0x00000000,
0x00000000,
0x00000000,
0x00000000,
0x00000000,
0x00000000,
0x00000000,
0x00000000,
0x00000000,
0x00000000,
0x00000000,
0x00000000,
0x00000000,
0x00000000,
0x00000000,
0x00000000,
0x00000000,
0x00000000,
0x00000000,
0x00000000,
0x00000000,
0x00000000,
0x00000000,
0x00000000,
0x00000000,
0x00000000,
0x00000000,
0x00000000,
0x00000000,
0x00000000,
0x00000000,
0x00000000,
0x00000000,
0x00000000,
0x00000000,
0x00000000,
0x00000000,
0x00000000,
0x00000000,
0x00000000,
0x00000000,
0x00000000,
0x00000000,
0x00000000,
0x00000000,
0x00000000,
0x00000000,
0x00000000,
0x00000000,
0x00000000,
0x00000000,
0x00000000,
0x00000000,
0x00000000,
0x00000000,
0x00000000,
0x00000000,
0x00000000,
0x00000000,
0x00000000,
0x00000000,
0x00000000,
0x00000000,
0x00000000,
0x00000000,
0x00000000,
0x00000000,
0x00000000,
0x00000000,
0x00000000,
0x00000000,
0x00000000,
0x00000000,
0x00000000,
0x00000000,
0x00000000,
0x00000000,
0x00000000,
0x00000000,
0x00000000,
0x00000000,
0x00000000,
0x00000000,
0x00000000,
0x00000000,
0x00000000,
0x00000000,
0x00000000,
0x00000000,
0x00000000,
0x00000000,
0x00000000,
0x00000000,
0x00000000,
0x00000000,
0x00000000,
0x00000000,
0x00000000,
0x00000000,
0x00000000,
0x00000000,
0x00000000,
0x00000000,
0x00000000,
0x00000000,
0x00000000,
0x00000000,
0x00000000,
0x00000000,
0x00000000,
0x00000000,
0x00000000,
0x00000000,
0x00000000,
0x00000000,
0x00000000,
0x00000000,
0x00000000,
0x00000000,
0x00000000,
0x00000000,
0x00000000,
0x00000000,
0x00000000,
0x00000000,
0x00000000,
0x00000000,
0x00000000,
0x00000000,
0x00000000,
0x00000000,
0x00000000,
0x00000000,
0x00000000,
0x00000000,
0x00000000,
0x00000000,
0x00000000,
0x00000000,
0x00000000,
0x00000000,
0x00000000,
0x00000000,
0x00000000,
0x00000000,
0x00000000,
0x00000000,
0x00000000,
0x00000000,
0x00000000,
0x00000000,
0x00000000,
0x00000000,
0x00000000,
0x00000000,
0x00000000,
0x00000000,
0x00000000,
0x00000000,
0x00000000,
0x00000000,
0x00000000,
0x00000000,
0x00000000,
0x00000000,
0x00000000,
0x00000000,
0x00000000,
0x00000000,
0x00000000,
0x00000000,
0x00000000,
0x00000000,
0x00000000,
0x00000000,
0x00000000,
0x00000000,
0x00000000,
0x00000000,
0x00000000,
0x00000000,
0x00000000,
0x00000000,
0x00000000,
0x00000000,
0x00000000,
0x00000000,
0x00000000,
0x00000000,
0x00000000,
0x00000000,
0x00000000,
0x00000000,
0x00000000,
0x00000000,
0x00000000,
0x00000000,
0x00000000,
0x00000000,
0x00000000,
0x00000000,
0x00000000,
0x00000000,
0x00000000,
0x00000000,
0x00000000,
0x00000000,
0x00000000,
0x00000000,
0x00000000,
0x00000000,
0x00000000,
0x00000000,
0x00000000,
0x00000000,
0x00000000,
0x00000000,
0x00000000,
0x00000000,
0x00000000,
0x00000000,
0x00000000,
0x00000000,
0x00000000,
0x00000000,
0x00000000,
0x00000000,
0x00000000,
0x00000000,
0x00000000,
0x00000000,
0x00000000,
0x00000000,
0x00000000,
0x00000000,
0x00000000,
0x00000000,
0x00000000,
0x00000000,
0x00000000,
0x00000000,
0x00000000,
0x00000000,
0x00000000,
0x00000000,
0x00000000,
0x00000000,
0x00000000,
0x00000000,
0x00000000,
0x00000000,
0x00000000,
0x00000000,
0x00000000,
0x00000000,
0x00000000,
0x00000000,
0x00000000,
0x00000000,
0x00000000,
0x00000000,
0x00000000,
0x00000000,
0x00000000,
0x00000000,
0x00000000,
0x00000000,
0x00000000,
0x00000000,
0x00000000,
0x00000000,
0x00000000,
0x00000000,
0x00000000,
0x00000000,
0x00000000,
0x00000000,
0x00000000,
0x00000000,
0x00000000,
0x00000000,
0x00000000,
0x00000000,
0x00000000,
0x00000000,
0x00000000,
0x00000000,
0x00000000,
0x00000000,
0x00000000,
0x00000000,
0x00000000,
0x00000000,
0x00000000,
0x00000000,
0x00000000,
0x00000000,
0x00000000,
0x00000000,
0x00000000,
0x00000000,
0x00000000,
0x00000000,
0x00000000,
0x00000000,
0x00000000,
0x00000000,
0x00000000,
0x00000000,
0x00000000,
0x00000000,
0x00000000,
0x00000000,
0x00000000,
0x00000000,
0x00000000,
0x00000000,
0x00000000,
0x00000000,
0x00000000,
0x00000000,
0x00000000,
0x00000000,
0x00000000,
0x00000000,
0x00000000,
0x00000000,
0x00000000,
0x00000000,
0x00000000,
0x00000000,
0x00000000,
0x00000000,
0x00000000,
0x00000000,
0x00000000,
0x00000000,
0x00000000,
0x00000000,
0x00000000,
0x00000000,
0x00000000,
0x00000000,
0x00000000,
0x00000000,
0x00000000,
0x00000000,
0x00000000,
0x00000000,
0x00000000,
0x00000000,
0x00000000,
0x00000000,
0x00000000,
0x00000000,
0x00000000,
0x00000000,
0x00000000,
0x00000000,
0x00000000,
0x00000000,
0x00000000,
0x00000000,
0x00000000,
0x00000000,
0x00000000,
0x00000000,
0x00000000,
0x00000000,
0x00000000,
0x00000000,
0x00000000,
0x00000000,
0x00000000,
0x00000000,
0x00000000,
0x00000000,
0x00000000,
0x00000000,
0x00000000,
0x00000000,
0x00000000,
0x00000000,
0x00000000,
0x00000000,
0x00000000,
0x00000000,
0x00000000,
0x00000000,
0x00000000,
0x00000000,
0x00000000,
0x00000000,
0x00000000,
0x00000000,
0x00000000,
0x00000000,
0x00000000,
0x00000000,
0x00000000,
0x00000000,
0x00000000,
0x00000000,
0x00000000,
0x00000000,
0x00000000,
0x00000000,
0x00000000,
0x00000000,
0x00000000,
0x00000000,
0x00000000,
0x00000000,
0x00000000,
0x00000000,
0x00000000,
0x00000000,
0x00000000,
0x00000000,
0x00000000,
0x00000000,
0x00000000,
0x00000000,
0x00000000,
0x00000000,
0x00000000,
0x00000000,
0x00000000,
0x00000000,
0x00000000,
0x00000000,
0x00000000,
0x00000000,
0x00000000,
0x00000000,
0x00000000,
0x00000000,
0x00000000,
0x00000000,
0x00000000,
0x00000000,
0x00000000,
0x00000000,
0x00000000,
0x00000000,
0x00000000,
0x00000000,
0x00000000,
0x00000000,
0x00000000,
0x00000000,
0x00000000,
0x00000000,
0x00000000,
0x00000000,
0x00000000,
0x00000000,
0x00000000,
0x00000000,
0x00000000,
0x00000000,
0x00000000,
0x00000000,
0x00000000,
0x00000000,
0x00000000,
0x00000000,
0x00000000,
0x00000000,
0x00000000,
0x00000000,
0x00000000,
0x00000000,
0x00000000,
0x00000000,
0x00000000,
0x00000000,
0x00000000,
0x00000000,
0x00000000,
0x00000000,
0x00000000,
0x00000000,
0x00000000,
0x00000000,
0x00000000,
0x00000000,
0x00000000,
0x00000000,
0x00000000,
0x00000000,
0x00000000,
0x00000000,
0x00000000,
0x00000000,
0x00000000,
0x00000000,
0x00000000,
0x00000000,
0x00000000,
0x00000000,
0x00000000,
0x00000000,
0x00000000,
0x00000000,
0x00000000,
0x00000000,
0x00000000,
0x00000000,
0x00000000,
0x00000000,
0x00000000,
0x00000000,
0x00000000,
0x00000000,
0x00000000,
0x00000000,
0x00000000,
0x00000000,
0x00000000,
0x00000000,
0x00000000,
0x00000000,
0x00000000,
0x00000000,
0x00000000,
0x00000000,
0x00000000,
0x00000000,
0x00000000,
0x00000000,
0x00000000,
0x00000000,
0x00000000,
0x00000000,
0x00000000,
0x00000000,
0x00000000,
0x00000000,
0x00000000,
0x00000000,
0x00000000,
0x00000000,
0x00000000,
0x00000000,
0x00000000,
0x00000000,
0x00000000,
0x00000000,
0x00000000,
0x00000000,
0x00000000,
0x00000000,
0x00000000,
0x00000000,
0x00000000,
0x00000000,
0x00000000,
0x00000000,
0x00000000,
0x00000000,
0x00000000,
0x00000000,
0x00000000,
0x00000000,
0x00000000,
0x00000000,
0x00000000,
0x00000000,
0x00000000,
0x00000000,
0x00000000,
0x00000000,
0x00000000,
0x00000000,
0x00000000,
0x00000000,
0x00000000,
0x00000000,
0x00000000,
0x00000000,
0x00000000,
0x00000000,
0x00000000,
0x00000000,
0x00000000,
0x00000000,
0x00000000,
0x00000000,
0x00000000,
0x00000000,
0x00000000,
0x00000000,
0x00000000,
0x00000000,
0x00000000,
0x00000000,
0x00000000,
0x00000000,
0x00000000,
0x00000000,
0x00000000,
0x00000000,
0x00000000,
0x00000000,
0x00000000,
0x00000000,
0x00000000,
0x00000000,
0x00000000,
0x00000000,
0x00000000,
0x00000000,
0x00000000,
0x00000000,
0x00000000,
0x00000000,
0x00000000,
0x00000000,
0x00000000,
0x00000000,
0x00000000,
0x00000000,
0x00000000,
0x00000000,
0x00000000,
0x00000000,
0x00000000,
0x00000000,
0x00000000,
0x00000000,
0x00000000,
0x00000000,
0x00000000,
0x00000000,
0x00000000,
0x00000000,
0x00000000,
0x00000000,
0x00000000,
0x00000000,
0x00000000,
0x00000000,
0x00000000,
0x00000000,
0x00000000,
0x00000000,
0x00000000,
0x00000000,
0x00000000,
0x00000000,
0x00000000,
0x00000000,
0x00000000,
0x00000000,
0x00000000,
0x00000000,
0x00000000,
0x00000000,
0x00000000,
0x00000000,
0x00000000,
0x00000000,
0x00000000,
0x00000000,
0x00000000,
0x00000000,
0x00000000,
0x00000000,
0x00000000,
0x00000000,
0x00000000,
0x00000000,
0x00000000,
0x00000000,
0x00000000,
0x00000000,
0x00000000,
0x00000000,
0x00000000,
0x00000000,
0x00000000,
0x00000000,
0x00000000,
0x00000000,
0x00000000,
0x00000000,
0x00000000,
0x00000000,
0x00000000,
0x00000000,
0x00000000,
0x00000000,
0x00000000,
0x00000000,
0x00000000,
0x00000000,
0x00000000,
0x00000000,
0x00000000,
0x00000000,
0x00000000,
0x00000000,
0x00000000,
0x00000000,
0x00000000,
0x00000000,
0x00000000,
0x00000000,
0x00000000,
0x00000000,
0x00000000,
0x00000000,
0x00000000,
0x00000000,
0x00000000,
0x00000000,
0x00000000,
0x00000000,
0x00000000,
0x00000000,
0x00000000,
0x00000000,
0x00000000,
};

unsigned int ddr_scan_quick[] = {
0xf0d40028,
0xf0d40000,
0x00006f28,
0xe0800500,
0xf0d40070,
0x0000c87e,
0x00009860,
0x00009a5c,
0x00000000,
0x00015000,
0xea000282,
0xffffffff,
0x4f5daa55,
0xf0000004,
0x13040005,
0xf0208000,
0xf12300b0,
0x00000028,
0xf1020010,
0x00000002,
0xf12300b0,
0x00000034,
0xf02300b0,
0x01100003,
0xf1110000,
0x0000003e,
0x00000000,
0x00000000,
0x48210000,
0x34024db3,
0x000017e3,
0x00020000,
0x00000000,
0x00000000,
0x40000000,
0xffffffff,
0xffffffff,
0xffffffff,
0xffffffff,
0xffffffff,
0xffffffff,
0xffffffff,
0xffffffff,
0xffffffff,
0xffffffff,
0xffffffff,
0xffffffff,
0xffffffff,
0xffffffff,
0xffffffff,
0xffffffff,
0xffffffff,
0xffffffff,
0xffffffff,
0xffffffff,
0xffffffff,
0xffffffff,
0xffffffff,
0xffffffff,
0xffffffff,
0xffffffff,
0xffffffff,
0xffffffff,
0xffffffff,
0xffffffff,
0xffffffff,
0xffffffff,
0xffffffff,
0xffffffff,
0xffffffff,
0xffffffff,
0xffffffff,
0xffffffff,
0xffffffff,
0xffffffff,
0xffffffff,
0xffffffff,
0xffffffff,
0xffffffff,
0xffffffff,
0xffffffff,
0xffffffff,
0xffffffff,
0xffffffff,
0xffffffff,
0xffffffff,
0xffffffff,
0xffffffff,
0xffffffff,
0xffffffff,
0xffffffff,
0xffffffff,
0xffffffff,
0xffffffff,
0xffffffff,
0xffffffff,
0xffffffff,
0xffffffff,
0xffffffff,
0xffffffff,
0xffffffff,
0xffffffff,
0xffffffff,
0xffffffff,
0xffffffff,
0xffffffff,
0xffffffff,
0xffffffff,
0xffffffff,
0xffffffff,
0xffffffff,
0xffffffff,
0xffffffff,
0xffffffff,
0xffffffff,
0xffffffff,
0xffffffff,
0xffffffff,
0xffffffff,
0xffffffff,
0xffffffff,
0xffffffff,
0xffffffff,
0xffffffff,
0xffffffff,
0xffffffff,
0xffffffff,
0xffffffff,
0xffffffff,
0xffffffff,
0xffffffff,
0xffffffff,
0xffffffff,
0xffffffff,
0xffffffff,
0xffffffff,
0xffffffff,
0xffffffff,
0xffffffff,
0xffffffff,
0xffffffff,
0xffffffff,
0xffffffff,
0xffffffff,
0xffffffff,
0xffffffff,
0xffffffff,
0xffffffff,
0xffffffff,
0xffffffff,
0xffffffff,
0xffffffff,
0xffffffff,
0xffffffff,
0xffffffff,
0xffffffff,
0xffffffff,
0xffffffff,
0xffffffff,
0xffffffff,
0xffffffff,
0xffffffff,
0xffffffff,
0xffffffff,
0xffffffff,
0xffffffff,
0xffffffff,
0xffffffff,
0xffffffff,
0xffffffff,
0xffffffff,
0xffffffff,
0xffffffff,
0xffffffff,
0xffffffff,
0xffffffff,
0xffffffff,
0xffffffff,
0xffffffff,
0xffffffff,
0xffffffff,
0xffffffff,
0xffffffff,
0xffffffff,
0xffffffff,
0xffffffff,
0xffffffff,
0xffffffff,
0xffffffff,
0xffffffff,
0xffffffff,
0xffffffff,
0x10231219,
0x00378aaa,
0x4d44ef10,
0x0b34e6c6,
0x4552a674,
0x013347ce,
0xd0000000,
0x00000702,
0x0a0f0e16,
0x03f80000,
0x00000144,
0x00000438,
0x00040000,
0x0000f000,
0x011000f0,
0x00000001,
0x000b0003,
0x020000f0,
0x02000100,
0x000a0007,
0x00ea0007,
0x0004144f,
0x00000b50,
0x00000001,
0x00000220,
0x00000000,
0x00000800,
0x00001400,
0x00000ccc,
0x289d01d3,
0x00000004,
0x3e142b13,
0x13130e16,
0x09280e09,
0x0001070a,
0x00000003,
0x00000000,
0x00000800,
0x00000000,
0x00001010,
0x1c000008,
0x1c1c1c1c,
0x041c1c1c,
0x04424624,
0x0000004b,
0x0900b000,
0x09290909,
0x09099090,
0x02b99090,
0x22024002,
0x0855ff20,
0x43000fcc,
0x38380fcc,
0x55553c30,
0x55073333,
0x2080dddd,
0x00a80000,
0x0b500790,
0x02200001,
0x08000000,
0x0ccc1400,
0x85060601,
0x0e0e0307,
0x76051514,
0x4f010105,
0x0f7002cc,
0xb00b00b0,
0xf0b0b0bb,
0x00000000,
0x00000000,
0x00000000,
0x00000000,
0x00000000,
0x00000000,
0x00000000,
0x00000000,
0x00000000,
0x00000000,
0x00000000,
0x00000000,
0x00000000,
0x00000000,
0x00000000,
0x00000000,
0x00000000,
0x00000000,
0xffffffff,
0x00000000,
0xffffffff,
0xffffffff,
0xffffffff,
0xffffffff,
0xffffffff,
0xffffffff,
0xffffffff,
0xffffffff,
0xffffffff,
0xffffffff,
0xffffffff,
0xffffffff,
0xffffffff,
0xffffffff,
0xffffffff,
0xffffffff,
0xffffffff,
0xffffffff,
0xffffffff,
0xffffffff,
0xffffffff,
0xffffffff,
0xffffffff,
0xffffffff,
0xffffffff,
0xffffffff,
0xffffffff,
0xffffffff,
0xffffffff,
0xffffffff,
0xffffffff,
0xffffffff,
0xffffffff,
0xffffffff,
0xffffffff,
0xffffffff,
0xffffffff,
0xffffffff,
0xffffffff,
0xffffffff,
0xffffffff,
0xffffffff,
0xffffffff,
0xffffffff,
0xffffffff,
0xffffffff,
0xffffffff,
0xffffffff,
0xffffffff,
0xffffffff,
0xffffffff,
0xffffffff,
0xffffffff,
0xffffffff,
0xffffffff,
0xffffffff,
0xffffffff,
0xffffffff,
0xffffffff,
0xffffffff,
0xffffffff,
0xffffffff,
0xffffffff,
0xffffffff,
0xffffffff,
0xffffffff,
0xffffffff,
0xffffffff,
0xffffffff,
0xffffffff,
0xffffffff,
0xffffffff,
0xffffffff,
0xffffffff,
0xffffffff,
0xffffffff,
0xffffffff,
0xffffffff,
0xffffffff,
0xffffffff,
0xffffffff,
0xffffffff,
0xffffffff,
0xffffffff,
0xffffffff,
0xffffffff,
0xffffffff,
0xffffffff,
0xffffffff,
0xffffffff,
0xffffffff,
0xffffffff,
0xffffffff,
0xffffffff,
0xffffffff,
0xffffffff,
0xffffffff,
0xffffffff,
0xffffffff,
0xffffffff,
0xffffffff,
0xffffffff,
0xffffffff,
0xffffffff,
0xffffffff,
0xffffffff,
0xffffffff,
0xffffffff,
0xffffffff,
0xffffffff,
0xffffffff,
0xffffffff,
0xffffffff,
0xffffffff,
0xffffffff,
0xffffffff,
0xffffffff,
0xffffffff,
0xffffffff,
0xffffffff,
0xffffffff,
0xffffffff,
0xffffffff,
0xffffffff,
0xffffffff,
0xffffffff,
0xffffffff,
0xffffffff,
0xffffffff,
0xffffffff,
0xffffffff,
0xffffffff,
0xffffffff,
0xffffffff,
0xffffffff,
0xffffffff,
0xffffffff,
0xffffffff,
0xffffffff,
0xffffffff,
0xffffffff,
0xffffffff,
0xffffffff,
0xffffffff,
0xffffffff,
0xffffffff,
0xffffffff,
0xffffffff,
0xffffffff,
0xffffffff,
0xffffffff,
0xffffffff,
0xffffffff,
0xffffffff,
0xffffffff,
0xffffffff,
0xffffffff,
0xffffffff,
0xffffffff,
0xffffffff,
0xffffffff,
0xffffffff,
0xffffffff,
0xffffffff,
0xffffffff,
0xffffffff,
0xffffffff,
0xffffffff,
0xffffffff,
0xffffffff,
0xffffffff,
0xffffffff,
0xffffffff,
0xffffffff,
0xffffffff,
0xffffffff,
0xffffffff,
0xffffffff,
0xffffffff,
0xffffffff,
0xffffffff,
0xffffffff,
0xffffffff,
0xffffffff,
0xffffffff,
0xffffffff,
0xffffffff,
0xffffffff,
0xffffffff,
0xffffffff,
0xffffffff,
0xffffffff,
0xffffffff,
0xffffffff,
0xffffffff,
0xffffffff,
0xffffffff,
0xffffffff,
0xffffffff,
0xffffffff,
0xffffffff,
0xffffffff,
0xffffffff,
0xffffffff,
0xffffffff,
0xffffffff,
0xffffffff,
0xffffffff,
0xffffffff,
0xffffffff,
0xffffffff,
0xffffffff,
0xffffffff,
0xffffffff,
0xffffffff,
0xffffffff,
0xffffffff,
0xffffffff,
0xffffffff,
0xffffffff,
0xffffffff,
0xffffffff,
0xffffffff,
0xffffffff,
0xffffffff,
0xffffffff,
0xffffffff,
0xffffffff,
0xffffffff,
0xffffffff,
0xffffffff,
0xffffffff,
0xe59f1004,
0xe5911000,
0xe1a0f001,
0xf0210104,
0xf1020016,
0xee111f11,
0xf57ff06f,
0xe3810001,
0xee010f11,
0xf57ff06f,
0xe3a00000,
0xec400f4e,
0xf57ff06f,
0xee011f11,
0xf57ff06f,
0xf1020013,
0xe59f0130,
0xe3a01024,
0xe5801000,
0xe59f1128,
0xe5910000,
0xe3500000,
0x0a000021,
0xe59f0114,
0xe3a01036,
0xe5801000,
0xe3a01034,
0xe5801000,
0xe3a01077,
0xe5801000,
0xe3a01066,
0xe5801000,
0xe3a01069,
0xe5801000,
0xe59f10ec,
0xe5910000,
0xe3500001,
0x0afffffb,
0xe59f00d8,
0xe3a01077,
0xe5801000,
0xe3a01061,
0xe5801000,
0xe3a01072,
0xe5801000,
0xe3a0106d,
0xe5801000,
0xe3a01072,
0xe5801000,
0xe3a01073,
0xe5801000,
0xe3a01074,
0xe5801000,
0xe3a02003,
0xee0c2f50,
0xf57ff06f,
0xe320f003,
0xe59f0094,
0xe5901000,
0xe3811001,
0xe5801000,
0xe59f0088,
0xe3a010f0,
0xe5801000,
0xe320f003,
0xe10f0000,
0xe38000c0,
0xe129f000,
0xe59f0070,
0xe3a01001,
0xe5801000,
0xe59f005c,
0xe5901000,
0xe3c11001,
0xe5801000,
0xe59f4058,
0xee0e4f10,
0xe59f0054,
0xe5901000,
0xe3811001,
0xe5801000,
0xee114f10,
0xe3c44005,
0xe3c44a01,
0xee014f10,
0xec554f1f,
0xe3c44040,
0xec454f1f,
0xe3844040,
0xec454f1f,
0xe59f1024,
0xe5910000,
0xe1a0f000,
0xe320f000,
0xf0110000,
0xf0210108,
0xfff02000,
0xfff02004,
0xfff01280,
0x00b71b00,
0xffe60000,
0xf0210104,
0xffffffff,
0xffffffff,
0xffffffff,
0xffffffff,
0xffffffff,
0xffffffff,
0xffffffff,
0xffffffff,
0xffffffff,
0xffffffff,
0xffffffff,
0xffffffff,
0xffffffff,
0xffffffff,
0xffffffff,
0xffffffff,
0xffffffff,
0xffffffff,
0xffffffff,
0xffffffff,
0xffffffff,
0xffffffff,
0xffffffff,
0xffffffff,
0xffffffff,
0xffffffff,
0xea0000f0,
0xe59ff014,
0xe59ff014,
0xe59ff014,
0xe59ff014,
0xe320f000,
0xe59ff010,
0xe59ff010,
0xf0d40e0c,
0xf0d40e50,
0xf0d40e94,
0xf0d40ed8,
0xf0d40f1c,
0xf0d40f20,
0xf1080100,
0xf10c00c0,
0xf1020013,
0xee110f10,
0xe3c00a01,
0xe3c00b02,
0xe3c00004,
0xe3c00002,
0xe3c00001,
0xee010f10,
0xe59f04d4,
0xee0c0f10,
0xe59f04d0,
0xe3a01901,
0xe0811000,
0xe3a02000,
0xe4802004,
0xe1500001,
0x3afffffc,
0xe59fd4b8,
0xee110f10,
0xe3800a01,
0xee070f15,
0xee010f10,
0xe59f04a8,
0xe5901074,
0xe3a02001,
0xe1811902,
0xe5801074,
0xe59f0498,
0xe5901030,
0xe1811802,
0xe5801030,
0xe3a02003,
0xe5802100,
0xe3a01000,
0xee081f13,
0xee081f17,
0xee071fd5,
0xee081f16,
0xee081f15,
0xee071f15,
0xf57ff04f,
0xf57ff06f,
0xee300f10,
0xe2006007,
0xe2866004,
0xe7e931d0,
0xe16f5f13,
0xe2833001,
0xe1a04003,
0xe59f2444,
0xe5823000,
0xe59f3440,
0xe00306a0,
0xe59f243c,
0xe2801001,
0xe5821000,
0xe3a01000,
0xe3a03000,
0xe1a02511,
0xe1822613,
0xee072f56,
0xe2833001,
0xe1500003,
0xaafffff9,
0xe2811001,
0xe1510004,
0x1afffff5,
0xe3a00001,
0xee400f10,
0xee300f10,
0xe7e931d0,
0xe2833001,
0xe59f23f4,
0xe5823000,
0xe59f33e4,
0xe00306a0,
0xe59f23e8,
0xe2801001,
0xe5821000,
0xe3a00002,
0xee400f10,
0xee300f10,
0xe2006007,
0xe2866004,
0xe7e931d0,
0xe16f5f13,
0xe2833001,
0xe1a04003,
0xe59f23bc,
0xe5823000,
0xe59f33a4,
0xe00306a0,
0xe59f23b0,
0xe2801001,
0xe5821000,
0xe3a01000,
0xe3a03000,
0xe1a02511,
0xe2822002,
0xe1822613,
0xee072f56,
0xe2833001,
0xe1500003,
0xaafffff8,
0xe2811001,
0xe1510004,
0x1afffff4,
0xe59f034c,
0xe59f9374,
0xe5991094,
0xe2511001,
0xe59f236c,
0xe0823a01,
0xe7803101,
0xe2511001,
0x5afffffb,
0xe59f0328,
0xe3800b0f,
0xe3a010ff,
0xe59f2350,
0xe0823a01,
0xe7803101,
0xe2511001,
0x5afffffb,
0xe59f0308,
0xe59f133c,
0xe1800001,
0xe59f2338,
0xe5802000,
0xe59f02f4,
0xe3a01df1,
0xe1800001,
0xe59f2328,
0xe5802000,
0xe3a00000,
0xee020f50,
0xe59f02d8,
0xe3a01008,
0xe3811040,
0xe1800001,
0xee020f10,
0xe3e00000,
0xee030f10,
0xf57ff04f,
0xf57ff06f,
0xee110f10,
0xe3800001,
0xee010f10,
0xf57ff04f,
0xf57ff06f,
0xee110f10,
0xe3800a01,
0xe3800004,
0xee010f10,
0xf57ff04f,
0xf57ff06f,
0xee110f30,
0xe3800040,
0xee010f30,
0xe59f0284,
0xe590107c,
0xe3811a01,
0xe580107c,
0xe590109c,
0xe3c11008,
0xe580109c,
0xe3811008,
0xe580109c,
0xe59f029c,
0xe59f1260,
0xe5912108,
0xe5802024,
0xe3a02007,
0xe5802008,
0xfa000f70,
0xe59f0284,
0xe5902038,
0xe7ef1052,
0xe3510000,
0x0a000023,
0xe7e037d1,
0xe3a04045,
0xe3530001,
0x1a000012,
0xe7e03751,
0xe3530001,
0x1a000005,
0xe3a04055,
0xe2800001,
0xe3500002,
0x0a00000b,
0xe1a02822,
0xeaffffef,
0xe7e45052,
0xe7e462d2,
0xe2854030,
0xe3550001,
0x0a000000,
0xea000003,
0xe0253006,
0xe223301f,
0xe3530000,
0x0a00000c,
0xe59f0218,
0xe3a01039,
0xe5801000,
0xe3a01038,
0xe5801000,
0xe3a01035,
0xe5801000,
0xe3a01033,
0xe5801000,
0xe3a01030,
0xe5801000,
0xe5804000,
0xeafffffe,
0xfa000f18,
0xe59f01e4,
0xe59f11e4,
0xe3a02000,
0xe4802004,
0xe1500001,
0x3afffffc,
0xfa00177f,
0xe1a0f000,
0xe320f000,
0xe59f01bc,
0xe3a01052,
0xe5801000,
0xe3a01053,
0xe5801000,
0xe3a01054,
0xe5801000,
0xe590101c,
0xe201100f,
0xe2811030,
0xe5801000,
0xe590101c,
0xe1a01221,
0xe201100f,
0xe2811030,
0xe5801000,
0xeafffffe,
0xe59f0178,
0xe3a01055,
0xe5801000,
0xe3a01044,
0xe5801000,
0xe3a01046,
0xe5801000,
0xe590101c,
0xe201100f,
0xe2811030,
0xe5801000,
0xe590101c,
0xe1a01221,
0xe201100f,
0xe2811030,
0xe5801000,
0xeaffffed,
0xe59f0134,
0xe3a01053,
0xe5801000,
0xe3a01057,
0xe5801000,
0xe3a01049,
0xe5801000,
0xe590101c,
0xe201100f,
0xe2811030,
0xe5801000,
0xe590101c,
0xe1a01221,
0xe201100f,
0xe2811030,
0xe5801000,
0xeaffffdc,
0xe59f00f0,
0xe3a01050,
0xe5801000,
0xe3a01041,
0xe5801000,
0xe3a01042,
0xe5801000,
0xe590101c,
0xe201100f,
0xe2811030,
0xe5801000,
0xe590101c,
0xe1a01221,
0xe201100f,
0xe2811030,
0xe5801000,
0xeaffffcb,
0xe59f00ac,
0xe3a01041,
0xe5801000,
0xe3a01042,
0xe5801000,
0xe3a01054,
0xe5801000,
0xe590101c,
0xe201100f,
0xe2811030,
0xe5801000,
0xe590101c,
0xe1a01221,
0xe201100f,
0xe2811030,
0xe5801000,
0xeaffffba,
0xeafffffe,
0xeafffffe,
0x00000100,
0x00000010,
0x00000100,
0x00000010,
0x00000100,
0x00000010,
0xf0d40000,
0xf0d58000,
0xf0d5affc,
0xf0020000,
0xf0100000,
0xf0d40f30,
0x00007fff,
0xf0d40f2c,
0xf0d40f38,
0xf0d40f34,
0xf0d40f28,
0xf0d40f24,
0xf0d40300,
0x00015de6,
0xf0000de6,
0x00003c34,
0xf0d15de6,
0xf1015de6,
0xf0101000,
0xf0160000,
0xf0110000,
0x010001fc,
0x01008400,
0x00000001,
0x00000001,
0x00000001,
0x00000000,
0x00000000,
0x00000000,
0x00000000,
0x00000000,
0x00000000,
0x00000000,
0x00000000,
0x00000000,
0x4b144a13,
0x2800b580,
0x4613bf18,
0x0208f043,
0x6811af00,
0xd50c0109,
0xf3c06810,
0xb1a87000,
0x0320f043,
0x681b2002,
0x7f00f013,
0x2001bf08,
0x6812bd80,
0xd50800d2,
0x0320f043,
0x681b2005,
0x7f00f013,
0x2004bf08,
0x2003bd80,
0xbf00bd80,
0xf0210000,
0xf0180000,
0x47f0e92d,
0x4b314688,
0xaf004c31,
0x28004606,
0x461cbf18,
0xfb35f2c1,
0x79a6f444,
0x23002208,
0x46484611,
0xfcb2f2c1,
0x0f04f1b8,
0x2300d106,
0x210f220c,
0x7061f444,
0xfca8f2c1,
0x0a06f04f,
0xf444200a,
0xf8c475f8,
0xf005a000,
0x220dfe1f,
0x46112300,
0xf2c14628,
0xf44ffc99,
0xf0057096,
0x2307fe15,
0x60232064,
0xfe10f005,
0x2301220d,
0x46284611,
0xfc8af2c1,
0x7016f44f,
0xfe06f005,
0xf8c42064,
0xf005a000,
0x230efe01,
0x60232064,
0xfdfcf005,
0x23012208,
0x46484611,
0xfc76f2c1,
0x0f04f1b8,
0x230fd110,
0x4619220c,
0x7061f444,
0xfc6cf2c1,
0x218ef240,
0x4630227f,
0xfbbaf2c1,
0x46304601,
0xf940f2bf,
0x87f0e8bd,
0xf0210000,
0xf0180000,
0xaf00b580,
0xf101b928,
0xf5014170,
0x600a11b8,
0x2801bd80,
0xf1a1d104,
0xf5a1617e,
0xe7f6210f,
0x4170f101,
0x11b9f501,
0x0000e7f1,
0x460eb5f8,
0xaf004615,
0x21904a0a,
0xffe2f7ff,
0x21d04632,
0xffdef7ff,
0x21d4462a,
0xffdaf7ff,
0x461a21d8,
0xffd6f7ff,
0x21dc69ba,
0xffd2f7ff,
0xbf00bdf8,
0x12345678,
0x2109b5f8,
0xaf002000,
0xf2c14d31,
0x1e42fb66,
0x2109b2d2,
0xf2c12000,
0x210afb68,
0xf2c12000,
0x1e42fb5c,
0x210ab2d2,
0xf2c12000,
0x2000fb5e,
0xfa93f2c1,
0x4b284827,
0x721ff641,
0x6801682e,
0x681b4032,
0x4c80f013,
0x731ff641,
0x0301ea03,
0xf46fd010,
0x44737e80,
0xf46f404b,
0x44627c80,
0x741ff641,
0x40234072,
0x40594022,
0x602a4072,
0xe0216001,
0xe068f8df,
0x1201f2a2,
0xf8de4072,
0x2c014000,
0x741ff641,
0x0204ea02,
0x0206ea82,
0xd116602a,
0x7380f5a3,
0x401c404b,
0x490f404c,
0x0201ea04,
0x7280f102,
0x3280f502,
0x40114062,
0x60014061,
0xc000f8ce,
0xf2c12000,
0x2000fa46,
0xf46fbdf8,
0x44137280,
0x401c404b,
0xe7cf4061,
0xf0180648,
0xf0180148,
0xf0180008,
0x1f1f0000,
0xf0d40fa4,
0x2109b5f8,
0xaf002000,
0xf2c14e4e,
0x1c42faf4,
0x2109b2d2,
0xf2c12000,
0x210afaf6,
0xf2c12000,
0x1c42faea,
0x210ab2d2,
0xf2c12000,
0x2000faec,
0xfa21f2c1,
0xc128f8df,
0xf8dc4b43,
0x68345000,
0xf013681b,
0xf0054f80,
0xd02c031f,
0xd00d2b1f,
0x53f8f405,
0x5ff8f5b3,
0xf404d008,
0xf5b353f8,
0xd0035ff8,
0x031ff004,
0xd10a2b1f,
0xf2c14837,
0x4837fc9b,
0x46294622,
0xfc96f2c1,
0x30fff04f,
0xf641bdf8,
0xea05731f,
0xf2010103,
0xea041101,
0x40690203,
0x1201f202,
0x40624019,
0xf8cc4069,
0x401a1000,
0x2b1fe03c,
0xf405d00d,
0xf5b353f8,
0xd0085ff8,
0x53f8f404,
0x5ff8f5b3,
0xf004d003,
0x2b1f031f,
0x4821d106,
0xfc6ef2c1,
0x46294622,
0xe7d14820,
0x721ff641,
0x46102b19,
0xea004613,
0xea030005,
0xd1220304,
0xf200491b,
0xf5031001,
0xf04f7380,
0x40630e01,
0xe000f8c1,
0x0105ea80,
0x0002ea01,
0x4062401a,
0x40684c14,
0x0000f8cc,
0x0104ea02,
0x417ef101,
0x017ff501,
0x400c4051,
0x20004054,
0xf2c16034,
0x2000f99e,
0xf200bdf8,
0xf2031001,
0x40681301,
0x40104063,
0xf8cc4068,
0xe7ae0000,
0xf0180148,
0xf0180008,
0xf0d45ddc,
0xf0d45e0c,
0xf0d45e2c,
0xf0d40fa4,
0x1f1f0000,
0xf0180648,
0x460db5b0,
0xaf004604,
0xd1342800,
0x681b4b1e,
0xd50607d9,
0x0301f023,
0x461a2160,
0xf7ff4620,
0x075afe99,
0xf023d505,
0x21600204,
0xf7ff4620,
0x686afe91,
0x011368a9,
0x2301ea43,
0xf043bb0a,
0x682a03c1,
0x49114620,
0x4302ea43,
0x60114a10,
0x68ea2164,
0x0203f022,
0xfe7cf7ff,
0x4620692a,
0xf0222168,
0xf7ff0203,
0x2160fe75,
0x4620461a,
0xfe70f7ff,
0x2801bdb0,
0x4b06d101,
0x4b06e7c7,
0xf043e7c5,
0xe7dc0301,
0xf0170060,
0x00100030,
0xf0170054,
0xf0171060,
0xf0172060,
0x2401b598,
0xf202fa04,
0x408b3a01,
0xb2dbaf00,
0xb281408a,
0x2000b2d2,
0xfa08f2c1,
0xb598bd98,
0xfa032301,
0x3a01f202,
0xaf00460c,
0xb281408a,
0x2000b2d2,
0xf9f0f2c1,
0xbd9840e0,
0x41f0e92d,
0x4d1d4604,
0xaf00b082,
0xf2412200,
0x682e3888,
0x607a603a,
0xb9f4b95e,
0x681a4b18,
0x462021a0,
0x0501f012,
0xf7ffd01d,
0x2001fe27,
0x683be00f,
0x33012019,
0x682e603b,
0xfbfaf005,
0x3301687b,
0x687b607b,
0xd9e54543,
0x20022300,
0x3708607b,
0xe8bd46bd,
0x2c0181f0,
0x4b09d101,
0x4b09e7dd,
0xf012e7db,
0xd0030302,
0xfe06f7ff,
0xe7ee4628,
0xfe02f7ff,
0xe7ea4618,
0xf017005c,
0xf01700a0,
0xf01710a0,
0xf01720a0,
0xe92d4ba4,
0xb0ad4ff0,
0xaf02685a,
0xf102689b,
0xf5026280,
0xf8c73290,
0x2b002088,
0x8252f000,
0x24014b9d,
0xa30cf8df,
0x4d9c2000,
0x9308f8df,
0x4b9b601c,
0x8304f8df,
0xf8df4e9a,
0x681bb304,
0x3084f8c7,
0x681b4b98,
0x308cf8c7,
0x681b4b97,
0x4b9767bb,
0x677b681b,
0x681b4b96,
0x4b96673b,
0x66fb681b,
0x681b4b95,
0x4b9566bb,
0x667b681b,
0x681b4b94,
0x4b94663b,
0x65fb681b,
0x681b4b93,
0x4b9365bb,
0x657b681b,
0x681b4b92,
0x4b92653b,
0x64fb681b,
0x681b4b91,
0x4b9164bb,
0x647b681b,
0x681b4b90,
0x4b90643b,
0x63fb681b,
0x681b4b8f,
0x4b8f63bb,
0x637b681b,
0x681b4b8e,
0x4b8e633b,
0x62fb681b,
0x681b4b8d,
0x4b8d62bb,
0x627b681b,
0x681b4b8c,
0x4b8c623b,
0x61fb681b,
0x681b4b8b,
0x3080f8c7,
0x3000f8da,
0x682b61bb,
0xf8d967fb,
0x617b3000,
0x3000f8d8,
0x6833613b,
0x4b8460fb,
0x60bb681b,
0x681b4b83,
0x4b83607b,
0x603b681b,
0xf84df2c1,
0x46222300,
0x48804621,
0xf9c4f2c1,
0x46222300,
0x487e4621,
0xf9bef2c1,
0xf0052032,
0x4623fb3b,
0x46214622,
0xf2c14878,
0x4623f9b5,
0x46214622,
0xf2c14876,
0x2032f9af,
0xfb2cf005,
0x73fff64f,
0x3000f8cb,
0xf8d72200,
0x21033084,
0xf003484f,
0xf2c1030f,
0x2303f99f,
0x211e221c,
0xf2c1486c,
0x4b4cf999,
0x208cf8d7,
0x6efa601a,
0xf503619a,
0x4a6873a2,
0xf44f62da,
0x601a5273,
0xf8436eba,
0x4a452cfc,
0x308cf8d7,
0x320c3204,
0x7296f502,
0x7380f3c3,
0x72f2f502,
0x322c32c8,
0x32043204,
0x32043204,
0x32043204,
0x32043a38,
0x32043204,
0x32043204,
0xf2a23204,
0xf2024204,
0x3250623c,
0x66fa3204,
0x42a4f2a2,
0xf0002b00,
0x2310821c,
0x46236013,
0x482d2208,
0xf2c14611,
0x4b4ef95b,
0xf5a34a4e,
0xf8c3739a,
0x461a2134,
0x60136fbb,
0x461a4b2a,
0x60136f7b,
0x461a4b29,
0x60136f3b,
0x461a4b2a,
0x60136e7b,
0x461a4b29,
0x60136e3b,
0x602b6ffb,
0x461a4b27,
0x60136dfb,
0x461a4b26,
0x60136dbb,
0x461a4b25,
0x60136d7b,
0x461a4b24,
0x60136d3b,
0x461a4b23,
0x60136cfb,
0x461a4b22,
0x60136cbb,
0x461a4b21,
0x60136c7b,
0x461a4b20,
0x60136c3b,
0xf8ca69bb,
0x6ffb3000,
0x697b602b,
0x3000f8c9,
0xf8c8693b,
0x68fb3000,
0x4b236033,
0x68bb461a,
0x4b226013,
0x687b461a,
0xe0576013,
0xf0d40fa4,
0xf0d40f98,
0xf0180640,
0xf0180384,
0xf018064c,
0xf0180008,
0xf018000c,
0xf0180010,
0xf018001c,
0xf0180020,
0xf0180050,
0xf0180148,
0xf018032c,
0xf01803f4,
0xf0180420,
0xf0180424,
0xf0180428,
0xf018042c,
0xf0180430,
0xf0180434,
0xf0180438,
0xf0180400,
0xf0180404,
0xf0180408,
0xf018040c,
0xf0180410,
0xf0180414,
0xf0180418,
0xf0180014,
0xf0180018,
0xf0180324,
0xf0180650,
0xf01806a0,
0xf01806a4,
0xf0020094,
0xf002009c,
0xf0180024,
0x03e00042,
0xf0180140,
0xde3c78ee,
0xf018063c,
0xf0180644,
0xf0180648,
0xf018062c,
0x461a4bbd,
0x6013683b,
0x308cf8d7,
0xd508011b,
0x4abb4bba,
0x4abb601a,
0x4abb605a,
0x4abb609a,
0x4bbb60da,
0x461a4cbb,
0x48bb6bfb,
0x4bbb6013,
0x6bbb461a,
0x4bba6013,
0x6b7b461a,
0x4bb96013,
0x6b3b461a,
0x4bb86013,
0x6afb461a,
0x4bb76013,
0x6abb461a,
0x4bb66013,
0x6a7b461a,
0x4bb56013,
0x6a3b461a,
0x4bb46013,
0x601a69fa,
0x23012200,
0xf2c14611,
0x2064f877,
0xf9f4f005,
0x48a62300,
0x4619461a,
0xf86ef2c1,
0xb34b6823,
0x23014dab,
0x461a2100,
0xf2c04608,
0x220dffc3,
0x46112300,
0xf2c148a7,
0xf44ff85f,
0xf0057096,
0x2307f9db,
0x602b2064,
0xf9d6f005,
0x2301220d,
0x48a04611,
0xf850f2c1,
0x7016f44f,
0xf9ccf005,
0x20642306,
0xf005602b,
0x230ef9c7,
0x602b2064,
0xf9c2f005,
0x22082301,
0x46114897,
0xf83cf2c1,
0x308cf8d7,
0x65c0f3c3,
0xf8d7b145,
0x220c3084,
0x4892210f,
0x3303f3c3,
0xf82ef2c1,
0x2300221e,
0x488f4611,
0xf828f2c1,
0x3080f8d7,
0x488d2212,
0xf3c34611,
0xf2c14380,
0xf8d7f81f,
0x220f3080,
0x46114888,
0x33c0f3c3,
0xf816f2c1,
0xf240b14d,
0x227f218e,
0xf2c02000,
0x4601ff63,
0xf2be2000,
0x6824fce9,
0x220db99c,
0x46112301,
0xf2c14879,
0x4b77f803,
0x20c82206,
0x220e601a,
0xf005601a,
0x2301f97b,
0x461a4621,
0xf2c04620,
0x2300ff53,
0x3000f8cb,
0x24004b74,
0xf44f4d74,
0x681b7228,
0xf01360ec,
0xf8c75f80,
0xf44f408c,
0xbf0873e0,
0xf8c74613,
0x232e3084,
0x21082202,
0xf2c0486c,
0x2032ffdb,
0xf958f005,
0x2202237f,
0x48682108,
0xffd2f2c0,
0xf0052032,
0x4b63f94f,
0xf0106818,
0xf0005080,
0x4b638084,
0xf8d72000,
0x58d6208c,
0xf1034413,
0x46310804,
0x0700e898,
0xa000f8cd,
0x4642464b,
0xfb72f7ff,
0x4642464b,
0xf8cd4631,
0x2001a000,
0xfb6af7ff,
0xf1074631,
0x464206a8,
0xf8cd464b,
0x2002a000,
0x0901f04f,
0xfb5ef7ff,
0x9d14f846,
0x0800f04f,
0x46314b4f,
0xf04f4640,
0xf44f0b3f,
0xf8c76a00,
0xf8c7b09c,
0xf8c7a0a4,
0xf8c730a0,
0xf7ff8098,
0x4b48fc89,
0x46484631,
0xb09cf8c7,
0xa0a4f8c7,
0x30a0f8c7,
0x9098f8c7,
0xfc7cf7ff,
0xb09cf8c7,
0xf8df4631,
0x2002b108,
0xf8c7686b,
0xf103a0a4,
0xf8c77340,
0x330c8098,
0x30a0f8c7,
0xf8c72310,
0xf7ff3094,
0x2307fc67,
0xf8cb4640,
0xf7ff3000,
0xfa09fccd,
0x4648fa00,
0xfcc8f7ff,
0xf000fa09,
0x0a0aea40,
0xf7ff2002,
0xfa09fcc1,
0xea40f000,
0xf8c70a0a,
0xf02ab080,
0x454b0302,
0x8084f000,
0x0f02f1ba,
0x8085f000,
0x37ac2002,
0xe8bd46bd,
0x60138ff0,
0x4b24e5e4,
0x208cf8d7,
0x441358d6,
0x0804f103,
0xe8984631,
0xf8cd0700,
0x464ba000,
0xe77b4642,
0xf01806a4,
0xf0180660,
0x32876510,
0xfdcba9f4,
0x32987651,
0xfedcbaf4,
0xf0180400,
0xf0d40f98,
0xf0180050,
0xf0180404,
0xf0180408,
0xf018040c,
0xf0180410,
0xf0180414,
0xf0180418,
0xf0180014,
0xf0180018,
0xf0180000,
0xf01801f0,
0xf018014c,
0xf0180384,
0xf0180140,
0xf0180324,
0xf0180008,
0xf0d40fa4,
0xf00200a0,
0xf0d451bc,
0x01000400,
0x02000004,
0xf0d4537c,
0xf017005c,
0x3088f8d7,
0xf1034a73,
0xf8df0810,
0x4b72c1f8,
0x49734872,
0xe1f0f8df,
0x33104c72,
0x4c10f848,
0xf8423210,
0xf1084c20,
0xf8430810,
0xf8484c20,
0xf842cc1c,
0xf843cc1c,
0xf848cc1c,
0xf8420c18,
0xf8430c18,
0xf8480c18,
0xf8421c14,
0xf8431c14,
0x45731c14,
0xe031d1e0,
0xe77e4640,
0x30fff04f,
0x696be77b,
0xf0002b00,
0x68eb80a2,
0x692bbb53,
0xd1c52b00,
0xf243485c,
0xf8df0e39,
0x495bc190,
0x818cf8df,
0xf8df6842,
0xf8dfb18c,
0xfb08918c,
0xf8d7e302,
0xfb084088,
0xf3c3e203,
0xea02430e,
0xea430a0b,
0xf844030a,
0xf8c73b04,
0xf8414088,
0xf84c3f04,
0x45493f04,
0x6042d1e9,
0x60eb2301,
0xf910f005,
0x0900f04f,
0x464a464b,
0x0b05f04f,
0x20006869,
0x2088f8c7,
0x0a01f04f,
0x6880f101,
0x6180f04f,
0x10a0f8c7,
0x4100f44f,
0x10a4f8c7,
0x67fb4631,
0xf8c72302,
0xf508a09c,
0xf8c73890,
0xf8c73098,
0xf7ffa094,
0x4b39fb6d,
0x68194650,
0x0104f041,
0x49376019,
0x10a0f8c7,
0xf8c7213f,
0x4631109c,
0xfb5ef7ff,
0x20024b33,
0xf0416819,
0x60190104,
0xf8c74631,
0xf7ff80a0,
0x4b2ffb53,
0x68192000,
0x0104f041,
0xf8d76019,
0x21073080,
0xf7ff6019,
0x4650fbb3,
0xfbb0f7ff,
0xf7ff2002,
0x4927fbad,
0x2088f8d7,
0xf8d16ffb,
0xf501c000,
0x68085180,
0x5180f501,
0x4c1cea4f,
0x0c006809,
0xb1120c09,
0xf47f4594,
0xb113af69,
0xf47f4298,
0xf1b9af65,
0xd0020f00,
0xf47f4549,
0x4662af5f,
0x46894603,
0x0b01f1bb,
0xf8c7d192,
0xf8d78088,
0x3310308c,
0x308cf8c7,
0x208cf8d7,
0x3084f8d7,
0xf47f4293,
0x68abae34,
0x2000b113,
0xfc93f2c0,
0xe6c22001,
0x04009010,
0x04000010,
0xad5cb2ac,
0xa11c51b3,
0x84cf9b55,
0xf0d40f98,
0x04008ffc,
0xf0170060,
0x04009000,
0xf0171060,
0xf0172060,
0xf017006c,
0x02b4e26d,
0x04008010,
0x03fffffc,
0x41c64e6d,
0x7fff0000,
0x04010ffc,
0x4ff0e92d,
0xb0a14812,
0xf2c0af0a,
0x4b11feff,
0x609a2201,
0x2300615a,
0x64bb469b,
0xf7ff2000,
0x2801f8e7,
0xf1bbd11a,
0xd9260f01,
0x23004c09,
0x616360a3,
0x33016cbb,
0x8293f040,
0xf2c04806,
0x6cbbfee5,
0x375c61a3,
0xe8bd46bd,
0xbf008ff0,
0xf0d45e4c,
0xf0d40fa4,
0xf0d45f5c,
0xf7ff2000,
0x2804f8c7,
0x2000d0df,
0xf8c2f7ff,
0xf0402802,
0x230281e9,
0xbf38459b,
0x4bbd469b,
0x188beb03,
0x3460f8d8,
0xf8d8643b,
0x657b3464,
0x3468f8d8,
0x461a6d79,
0x63fb6c38,
0xfaf3f7ff,
0x6484f8d8,
0xa480f8d8,
0x3488f8d8,
0x63b84631,
0x461a4650,
0xf7ff653b,
0xf8d8fae6,
0xf8d85494,
0xf8d83490,
0x46299498,
0x46186338,
0x64fb464a,
0xfad9f7ff,
0x4474f8d8,
0x3470f8d8,
0x8478f8d8,
0x647b4621,
0x0208eb04,
0x1e5362f8,
0x46426c78,
0xf7ff637b,
0x6d3bfac8,
0x46519008,
0x6b7b18f2,
0x3a019306,
0x93056c7b,
0x93046afb,
0x0309eb05,
0x93023b01,
0x93016cfb,
0x94076b3b,
0x93009503,
0x48954633,
0xfe74f2c0,
0x46316d3a,
0xf7ff4650,
0x4629faaa,
0x464a60f8,
0xf7ff6cf8,
0x6bfafaa4,
0x46596d7b,
0x441361b8,
0x92036b7a,
0x6c7a3b01,
0x6bba9202,
0x6d7a9201,
0x24009404,
0x48879200,
0xf2c06c3a,
0x4886fe55,
0xfe52f2c0,
0xfa032301,
0x4d84f808,
0x38fff108,
0x0104ea08,
0x34104628,
0xfe46f2c0,
0xd1f72ca0,
0xf2c0487f,
0x6bbbfe41,
0x653b005b,
0x623b2300,
0xeb034b76,
0xf50a1a8b,
0x60bb638f,
0x3478f8da,
0x687a607b,
0x1474f8da,
0x0470f8da,
0xfa67f7ff,
0x5488f8da,
0xf8da6a3a,
0xf8da348c,
0x44136484,
0x40aa2201,
0x3a016578,
0x0480f8da,
0x46314013,
0x4680462a,
0xf7ff61fb,
0xf8dafa43,
0xf8da4494,
0xf8da2498,
0x46210490,
0x469169fb,
0xf7ff64f8,
0x462afa37,
0x46404631,
0xfa41f7ff,
0x19aa6cfb,
0x444c9402,
0x3c019003,
0x94019300,
0x46414633,
0x485c3a01,
0xf2c02500,
0x68bbfdf7,
0x46a8462c,
0x681b64fd,
0x62bd627d,
0x643d637d,
0x6c3b647b,
0x011b2201,
0x6c7b633b,
0xf303fa02,
0x3b016b3a,
0xea0362fb,
0xf8da0602,
0x63fb3470,
0x3474f8da,
0x463363bb,
0x6bb96c7a,
0xf7ff6bf8,
0x2000fa01,
0xfb41f2c0,
0x69ba69fb,
0x2b001a9b,
0x425bbfb8,
0x6d7b613b,
0x2e001af6,
0x4276bfb8,
0xf7ff617e,
0x2801fa53,
0x8111f040,
0x3ffff1b8,
0x483ed128,
0xf2c02600,
0x6b3bfdb9,
0x62bb3b10,
0x6c7a6abb,
0x0903eb06,
0x6bb96afb,
0x0903ea09,
0x464b6bf8,
0xf9d6f7ff,
0xf2c02000,
0xf7fffb16,
0x2801fa35,
0x80c7f040,
0xf0002e00,
0xf1c680c2,
0x46310611,
0x4434482e,
0xfd98f2c0,
0x904cf8c7,
0x62bb2301,
0x2b096c3b,
0x80cdf040,
0x2b006b7b,
0x80c9f040,
0x2b006abb,
0x80c5f000,
0x6b3b6b7e,
0xeb066c7a,
0x6afb0903,
0xea096bb9,
0x6bf80903,
0xf7ff464b,
0x2000f9a7,
0xfae7f2c0,
0xfa06f7ff,
0xf0002801,
0xb10680a4,
0x46313e01,
0xf2c04818,
0x4434fd6d,
0xf0002e00,
0xf109810a,
0x6c3b35ff,
0x643b3301,
0xf47f2b0a,
0x2664af74,
0x48116d3b,
0xfbb44374,
0x4621f4f3,
0xfd58f2c0,
0x2b006a7b,
0x6d7bd045,
0x42936cfa,
0x80f3f080,
0xbf00e014,
0xf0d451bc,
0xf0d45e66,
0xf0d45e9d,
0xf0d45edc,
0xf0d45ef6,
0xf0d45efc,
0xf0d45f02,
0xf0d45f26,
0xf0d45f2a,
0xf0d45f4a,
0x44136d3a,
0x48736cfa,
0x435e1a9b,
0xfbb66d3b,
0x4631f6f3,
0xfd2ef2c0,
0x42ab6d7b,
0x0364f04f,
0x80cdf240,
0x6d796d3a,
0x44151a52,
0x6d3b435d,
0xfbb54869,
0x4629f5f3,
0xfd1cf2c0,
0xf2402c1e,
0x2e0b80c1,
0x80bef240,
0x6cbb2d0b,
0x32fff04f,
0x4613bf98,
0x486164bb,
0xfd0cf2c0,
0x6c7a6d7b,
0x6bf86bb9,
0xf932f7ff,
0xf2c02000,
0x6a3bfa72,
0x623b3b04,
0xf47f3354,
0x4c59aeca,
0xeb0468fb,
0xf10b148b,
0xf5040b01,
0xc8076090,
0xf91ef7ff,
0x6092f504,
0xc80769bb,
0xf918f7ff,
0xf2c02000,
0xf1bbfa58,
0xf47f0f04,
0xe5f3aded,
0xf7fe2000,
0x2805fed3,
0xae15f47f,
0x2610e60f,
0x2e0fe73d,
0x4848d104,
0xfcd6f2c0,
0x64fb6b3b,
0x2e103601,
0xaf1af47f,
0x2e0fe738,
0x3410d104,
0x4842464d,
0xfcc8f2c0,
0x2e103601,
0xaf3df47f,
0x693be75b,
0xdc0b2b02,
0x2b08697b,
0x483cdc08,
0xf2c03410,
0x2301fcb9,
0xf04f627b,
0xe74c0801,
0x34104838,
0xfcb0f2c0,
0xf1b8e7f7,
0xd1240f01,
0x3c104835,
0xfca8f2c0,
0x26006b3b,
0x0810f1a3,
0xeb066afb,
0x6c7a0908,
0x0903ea09,
0x464b6bb9,
0xf7ff6bf8,
0x2000f8c5,
0xfa05f2c0,
0xf924f7ff,
0xd0232801,
0x3e01b106,
0xf1094434,
0x463135ff,
0xf2c04826,
0x2301fc89,
0x6c3b637b,
0xd1072b09,
0xb92b6abb,
0x2b016b7b,
0xbf086cfb,
0x64fb2300,
0x2b02693b,
0x697bdc15,
0xdc122b08,
0xf2c0481c,
0x2301fc73,
0xf04f627b,
0xe70638ff,
0xd1042e0f,
0x464d3410,
0xf2c04811,
0x3601fc67,
0xd1bf2e10,
0x4814e7d9,
0xfc60f2c0,
0x464de7ed,
0x6d7be6f5,
0x6d7ae722,
0xe7331aad,
0x33fff04f,
0x480ee744,
0xfc52f2c0,
0xbf00e56d,
0xf0d45f48,
0xf0d45f52,
0xf0d465a5,
0xf0d451bc,
0xf0d45f30,
0xf0d45f34,
0xf0d45f38,
0xf0d45f3c,
0xf0d45f26,
0xf0d45f2a,
0xf0d45f40,
0xf0d45f44,
0xf0d45f72,
0x4ff0e92d,
0x4b932000,
0xaf04b09d,
0x609a2201,
0xf993f2c0,
0xf2c04890,
0x2300fc29,
0x647b461c,
0xf7fe2000,
0x2801fe15,
0x80d9f040,
0xf0402c01,
0x2402828f,
0x22032300,
0x488821c3,
0xfc16f2c0,
0x01a54b87,
0xf8d6195e,
0x643b3580,
0x3584f8d6,
0xf8d663fb,
0x6bf93588,
0x6c38461a,
0xf7ff63bb,
0xf8d6f840,
0x637b3590,
0x3594f8d6,
0xf8d6633b,
0x65b83598,
0x6b39461a,
0x61fb6b78,
0xf831f7ff,
0x65f82c02,
0x2801d103,
0x4b72d101,
0x4b7461d8,
0xf8d5441d,
0x62fb3560,
0x3564f8d5,
0xf8d5653b,
0x6d393568,
0x6af8461a,
0xf7ff64fb,
0xf8d5f81a,
0x46833570,
0xf8d562bb,
0x627b3574,
0x3578f8d5,
0x6a792500,
0x6ab8461a,
0xf7ff613b,
0x22c0f80a,
0xf24060f8,
0x20002152,
0xfa00f2c0,
0x48616078,
0xfbc4f2c0,
0x23016cfa,
0x623b4093,
0x4b5c1e5e,
0x1884eb03,
0x429d6a3b,
0x80a1f2c0,
0xf2c0485a,
0x2c01fbb5,
0x80a4f240,
0xf0402c02,
0x230881bd,
0x250164bb,
0x93016a7b,
0x95026abb,
0x23009300,
0x6ab96a7a,
0xf2c04851,
0x6bbbfba1,
0xf303fa05,
0x230060bb,
0x461d657b,
0xeb034b49,
0x617b1384,
0x429d68bb,
0x809ef2c0,
0xeb034b45,
0x465b1584,
0x60acf505,
0xf7fec807,
0xf505ffb5,
0x68fb60ae,
0xf7fec807,
0xf505ffaf,
0x6dbb60b0,
0xf7fec807,
0xf505ffa9,
0x6dfb60b2,
0xf7fec807,
0x687bffa3,
0xf24022c0,
0x20002152,
0x03c0f003,
0xf9b0f2c0,
0xf2c04835,
0x2000fb6b,
0xf8d7f2c0,
0xf7fe2000,
0x2805fd57,
0x81c2f040,
0x20002103,
0xf7fe3401,
0x2c03fd7b,
0xaf34f67f,
0x4c266c7b,
0xf0002b00,
0x482b81c3,
0xfb52f2c0,
0x61a36c7b,
0xf2c02000,
0x2300f8ac,
0x60a33764,
0xe8bd46bd,
0x20008ff0,
0xfd36f7fe,
0xf43f2804,
0x2000af21,
0xfd30f7fe,
0xd10d2802,
0x2c01b1dc,
0x2c02d019,
0xaf19f43f,
0xf47f2c03,
0x21c1af1d,
0xf2c0481a,
0xe717fb2f,
0xf7fe2000,
0x2805fd1d,
0x2c00d0ec,
0x2300d1eb,
0x21c22203,
0xf2c04814,
0x2400fb21,
0x2304e708,
0x21c22207,
0xf2c04811,
0x2401fb19,
0xf8d8e700,
0x480f156c,
0x35014429,
0xf2c04031,
0xe751fb0f,
0xe75d2304,
0xf0d40fa4,
0xf0d45f88,
0xf0d45fa0,
0xf0d451bc,
0xf0d4600d,
0xf0d465a5,
0xf0d46017,
0xf0d46077,
0xf0d45ff7,
0xf0d45fda,
0xf0d45fbd,
0xf0d45ef6,
0x6bba697b,
0xf8d36bf9,
0x6c38358c,
0xf7fe442b,
0x697bff17,
0x6b3969fa,
0x359cf8d3,
0x442b6b78,
0xff0ef7fe,
0xd15e2c02,
0xf04f2d00,
0xf04f03c0,
0xf24002c0,
0xbf082152,
0x20002300,
0xf916f2c0,
0xd1472d00,
0x69db4ba3,
0xf7feb90b,
0xf10bfdf9,
0xf009090c,
0xf1a9090f,
0x2b030302,
0x6dbbd854,
0x6dfb1c5e,
0xbfb82e00,
0xf1034276,
0xea8a0a01,
0xeba373ea,
0x469a73ea,
0x6bf96bba,
0xf7fe6c38,
0x69fafeee,
0x6b394680,
0xf7fe6b78,
0x6b3bfee8,
0x6b7b9301,
0x46439300,
0x0806f04f,
0x6bfa9002,
0x488d6c39,
0xfaa0f2c0,
0x0306f1a8,
0x69ba61bb,
0x42936a3b,
0x2c02dc2c,
0x2d00d107,
0x8097f040,
0x69db4b84,
0xf7feb90b,
0x4884fd49,
0xf2c03501,
0xe6f3fa8b,
0xd1ba2d01,
0x69db4b7e,
0xd1b62b01,
0xfd3cf7fe,
0xf10be7b3,
0xf009090e,
0xf1a9090f,
0x2b010304,
0x6dbbd808,
0x6dfb1e5e,
0xbfb82e00,
0xf1034276,
0xe7b23aff,
0xf8d76dbe,
0xe7b3a05c,
0x69ba697b,
0xf8d36d39,
0x6af8356c,
0x6cfa4413,
0xfe8ef7fe,
0x693a69bb,
0x6a792b05,
0xbfd86ab8,
0xbfc82300,
0xf7fe2301,
0x2000fe83,
0xffc3f2bf,
0xd12a2c02,
0xf385fab5,
0x42b3095b,
0x4556d108,
0x6d7ad106,
0x030ff008,
0xbf084599,
0x657a2201,
0xfed2f7fe,
0xd1212801,
0xd11c2c02,
0xf385fab5,
0x095b6dfa,
0xd1144293,
0x030ff008,
0xd110455b,
0xf2c04857,
0x6d7bfa31,
0xd1242b01,
0x2b006cbb,
0x6cbbdb21,
0x64bb3b01,
0x42b5e01d,
0x4555d1e0,
0x4850e7d6,
0x6dbbe7ed,
0xe7e4429d,
0xd1172c02,
0xf385fab5,
0x095b6dfa,
0xd10f4293,
0x030ff008,
0xd10b455b,
0xf2c04848,
0x6d7bfa0f,
0xd1022b01,
0x2b006cbb,
0xf108da07,
0xe7650801,
0xe7f24843,
0x429d6dbb,
0xf04fe7e9,
0x647b33ff,
0x2d01e7d1,
0xaf6bf47f,
0x69db4b37,
0xf47f2b01,
0xf7feaf66,
0xe762fd1f,
0x26006d3b,
0x46356cfa,
0xf04f6af9,
0x189a0804,
0x3a014836,
0xf9e6f2c0,
0x030ef10b,
0x030ff003,
0x4b33657b,
0x1a84eb03,
0x42ab6a3b,
0xae48f77f,
0x356cf8da,
0xeb056cfa,
0x6d390903,
0x6af8464b,
0xfdfcf7fe,
0xf2bf2000,
0x6d7bff3c,
0xbf08454b,
0xf7fe2601,
0xf105fe57,
0x28010308,
0x030ff003,
0x455bd10e,
0x481dd10a,
0xf9bcf2c0,
0xd1112e01,
0x0f00f1b8,
0xf108db0e,
0xe00b38ff,
0xe7f34818,
0xd109455b,
0xf2c04817,
0x2e01f9ad,
0xf1b8d102,
0xda030f00,
0xe7c73501,
0xe7f44813,
0x33fff04f,
0xe7e8647b,
0xf7fe2000,
0x2804fb8f,
0xae38f43f,
0xf7fe2000,
0x2803fb89,
0xae32f43f,
0xe6302104,
0xf2c0480c,
0xe63df98f,
0xf47f2c00,
0xe662ae52,
0xf0d40fa4,
0xf0d4603f,
0xf0d465a5,
0xf0d45f38,
0xf0d45f3c,
0xf0d45f40,
0xf0d45f44,
0xf0d4605d,
0xf0d451bc,
0xf0d4608b,
0x4ff0e92d,
0x4c3223b8,
0x4683b089,
0xaf022202,
0x46202108,
0xf2c04d2f,
0x2032f84d,
0xf9caf004,
0x0618f107,
0x13fff240,
0x21082202,
0xf2c04620,
0x2032f841,
0xf9bef004,
0x80a0f8df,
0x462b462a,
0x95004629,
0x24002000,
0xfbeef7fe,
0x4d14f846,
0xf04f4620,
0x46310901,
0x0a03f04f,
0x230f613c,
0xa008f8c7,
0x231060fb,
0xf7fe617b,
0xf8c8fd1d,
0x46209000,
0xfd84f7fe,
0x93004b17,
0x461a4620,
0xf7fe4619,
0x4631fbd1,
0xf8c74620,
0xf8c7a008,
0xf7feb010,
0xf8c8fd09,
0x46209000,
0xfd70f7fe,
0x462b462a,
0x46204629,
0xf7fe9500,
0x4631fbbd,
0x23024620,
0x60bb613c,
0xfcf6f7fe,
0x9000f8c8,
0xf7fe4620,
0x371cfd5d,
0xe8bd46bd,
0xbf008ff0,
0xf00200a0,
0x55aa55aa,
0x12345678,
0xf017005c,
0xe92d4bc2,
0xb0c34ff0,
0xaf0a681d,
0xd51a05e9,
0xf2c048bf,
0x05aaf8fb,
0x48bed502,
0xf8f6f2c0,
0x6f80f415,
0x0407f005,
0x8149f000,
0xf2c048ba,
0x2c01f8ed,
0x8117f040,
0xf2c048b8,
0xf04ff8e7,
0x4bb76200,
0x4db7605a,
0x4eb7240a,
0xfd6ef7fe,
0xbf082801,
0xbf184630,
0xf2c04628,
0x3c01f8d7,
0x4db2d1f4,
0x04a0f107,
0xf2c048b1,
0xcd0ff8cf,
0xcd0fc40f,
0xcd0fc40f,
0xe895c40f,
0xe884000f,
0x4bac000f,
0x681c4aac,
0x607b6815,
0x7400f3c4,
0x0580f3c5,
0xf0002c00,
0x4ca881b6,
0x02e0f107,
0x68232001,
0x6303f3c3,
0x0383eb02,
0x3c40f853,
0xf7ff4098,
0x2801ff35,
0x8123f000,
0x48a14ba0,
0x685a6819,
0xf8a2f2c0,
0xb1ad4e9f,
0xf1076833,
0x200102e0,
0x1303f3c3,
0x0383eb02,
0x3c40f853,
0xf7ff4098,
0x2801ff1d,
0x815cf000,
0x48974b94,
0x685a6819,
0xf88af2c0,
0xf1076823,
0x200102e0,
0xeb020f1b,
0xf8530383,
0x40983c40,
0xff08f7ff,
0xf0002801,
0x4b8a814b,
0x6819488d,
0xf2c0685a,
0x6833f875,
0x02e0f107,
0xf0032001,
0xeb02030f,
0xf8530383,
0x40983c40,
0xfef2f7ff,
0xf0002801,
0x4b7f8139,
0x68194883,
0xf2c0685a,
0xf8dff85f,
0x240081f0,
0xa244f8df,
0x9244f8df,
0xf3002c04,
0x6833812d,
0x00921ca2,
0x40d32001,
0x02e0f107,
0x030ff003,
0x0383eb02,
0x3c40f853,
0xf7ff4098,
0x2801fecf,
0x8132f000,
0xf0402c0f,
0x4b728121,
0x48724621,
0xf8d9681a,
0xf2c03000,
0x3401f837,
0xd1db2c11,
0xf2c0486e,
0x227ff831,
0x218ef240,
0xf2bf2000,
0x4601fe63,
0xf2c0486a,
0x2300f827,
0x3094f8c7,
0x3084f8c7,
0xf7fe2000,
0x2801fa11,
0x81f6f040,
0x3084f8d7,
0xf2402b01,
0xf8d78204,
0x33013094,
0x87fcf040,
0xf2c0485f,
0x4b4cf80f,
0x2094f8d7,
0xf7ff619a,
0x687bf903,
0x011b681b,
0x87fef100,
0x20004b46,
0x609a2201,
0xfd65f2bf,
0xf2bf4856,
0x2300fffb,
0x667b469a,
0xf7fe2000,
0x2801f9e7,
0x8538f041,
0x0f01f1ba,
0x8544f241,
0x20004c3b,
0xf2bf60a0,
0x6e7bfd48,
0xf0012b00,
0x484b86eb,
0xffe2f2bf,
0x61a36e7b,
0xfba8f7ff,
0x330169a3,
0x86e5f041,
0xf2bf4846,
0x37e4ffd7,
0xe8bd46bd,
0x2c028ff0,
0x4843d105,
0xffcef2bf,
0x5280f04f,
0x2c03e6e5,
0x4840d105,
0xffc6f2bf,
0x5200f04f,
0x2c04e6dd,
0x483dd105,
0xffbef2bf,
0x52c0f04f,
0x2c05e6d5,
0x483ad105,
0xffb6f2bf,
0x42c0f04f,
0x2c06e6cd,
0x4837d105,
0xffaef2bf,
0x4280f04f,
0x4835e6c5,
0xffa8f2bf,
0x2c01e7fe,
0x2c04d001,
0x4629d104,
0xf2bf4831,
0xe7cfff9f,
0xd0012c03,
0xd1042c05,
0x482e4629,
0xff96f2bf,
0x2c02e7e6,
0x4824d101,
0x2c06e7c8,
0x4826d105,
0xff8cf2bf,
0x4200f04f,
0x4824e6a3,
0xff86f2bf,
0x4825e7fe,
0xff82f2bf,
0xbf00e6de,
0xf01806a0,
0xf0d4609f,
0xf0d460b4,
0xf0d460be,
0xf0d460e5,
0xf0d40fa4,
0xf0d46143,
0xf0d45f3d,
0xf0d4581c,
0xf0d465a5,
0xf0180008,
0xf0180670,
0xf0180660,
0xf01700a4,
0xf0d46146,
0xf0180664,
0xf0d46176,
0xf0d461a6,
0xf0d461d6,
0xf00a80a4,
0xf0d46206,
0xf0d4636a,
0xf0d46382,
0xf0d4646b,
0xf0d46493,
0xf0d46574,
0xf0d4659e,
0xf0d460eb,
0xf0d460f1,
0xf0d460f7,
0xf0d460fd,
0xf0d46104,
0xf0d4610b,
0xf0d46120,
0xf0d46131,
0xf0d4616b,
0xf01700a8,
0xf00a80a8,
0xf2bf4872,
0xe6a5ff31,
0xf2bf4871,
0xe6b6ff2d,
0xf2bf4870,
0xe6c8ff29,
0xb1252301,
0x000ff104,
0xf000fa03,
0xf104e6d9,
0xe7f9000e,
0x2000f8d8,
0xd1042c10,
0x3000f8d9,
0x48674621,
0xf8dae6db,
0x46213000,
0xe6d64865,
0x2c0f4621,
0x4864d103,
0xff0af2bf,
0x2c10e6d1,
0x4862d101,
0x4862e7f8,
0x4e62e7f6,
0x02e0f107,
0x46b02001,
0xf3c36833,
0xeb026303,
0xf8530383,
0x40983c40,
0xfd7ef7ff,
0xd06e2801,
0x485b4b5a,
0x685a6819,
0xfeecf2bf,
0xb1a54e59,
0xf1076833,
0x200102e0,
0x1303f3c3,
0x0383eb02,
0x3c40f853,
0xf7ff4098,
0x2801fd67,
0x4b4fd05b,
0x68194851,
0xf2bf685a,
0xf8d8fed5,
0xf1073000,
0x200102e0,
0xeb020f1b,
0xf8530383,
0x40983c40,
0xfd52f7ff,
0xd04a2801,
0x48484b44,
0x685a6819,
0xfec0f2bf,
0xf1076833,
0x200102e0,
0x030ff003,
0x0383eb02,
0x3c40f853,
0xf7ff4098,
0x2801fd3d,
0x4b3ad039,
0x6819483e,
0xf2bf685a,
0xf8dffeab,
0xf8df80dc,
0xf8dfa0fc,
0x2c0490fc,
0x6833dc2f,
0x00921ca2,
0x40d32001,
0x02e0f107,
0x030ff003,
0x0383eb02,
0x3c40f853,
0xf7ff4098,
0x2801fd1d,
0x2c0fd035,
0x4b2fd125,
0x482f4621,
0xf8d9681a,
0xf2bf3000,
0x3401fe87,
0xd1de2c11,
0x482be64e,
0xfe80f2bf,
0x4818e792,
0xfe7cf2bf,
0x4817e7a5,
0xfe78f2bf,
0x4816e7b6,
0xfe74f2bf,
0x2301e7c7,
0xf104b125,
0xfa030010,
0xe7d6f000,
0x000ff104,
0xf8d8e7f9,
0x2c102000,
0xf8d9d104,
0x46213000,
0xe7d6480c,
0x3000f8da,
0x480b4621,
0x4621e7d1,
0xd1032c0f,
0xf2bf4809,
0xe7ccfe55,
0xd1012c10,
0xe7f84807,
0xe7f64807,
0xf0d4619b,
0xf0d461cb,
0xf0d461fb,
0xf0d4626d,
0xf0d462ba,
0xf0d462df,
0xf0d4632c,
0xf0d4635f,
0xf0180668,
0xf01700a4,
0xf0d46146,
0xf018066c,
0xf0d46176,
0xf0d461a6,
0xf0d461d6,
0xf00a80a4,
0xf0d46206,
0xf0d4616b,
0xf01700a8,
0xf00a80a8,
0xf7fe2000,
0x2804f815,
0xae04f43f,
0xf7fe2000,
0x2802f80f,
0x8143f040,
0x3084f8d7,
0xbf382b02,
0xf8c72302,
0xf8d73084,
0x25a03084,
0x4ba9461a,
0x3402fb05,
0x36a4f8d4,
0xb6a0f8d4,
0x86a8f8d4,
0x46584619,
0x3098f8c7,
0xf7fe4642,
0xf8d4fa3a,
0xf8c76718,
0x4632009c,
0x1714f8d4,
0x0710f8d4,
0xfa2ff7fe,
0xf5046778,
0xc80760e4,
0xfa29f7fe,
0xf50461b8,
0xc80760e6,
0xfa23f7fe,
0x36f0f8d4,
0x3090f8c7,
0x96f8f8d4,
0x36f4f8d4,
0x464a6178,
0xf8d74619,
0xf8c70090,
0xf7fe308c,
0xf8d4fa12,
0xf8c73700,
0xf8d43088,
0xf8c73704,
0xf8d43080,
0x62783708,
0xf8d7461a,
0xf8d71080,
0x67fb0088,
0xf9fff7fe,
0x1084f8d7,
0x48836138,
0xfdbef2bf,
0x16b4f8d4,
0xa6b8f8d4,
0x3098f8d7,
0x44519103,
0x91023901,
0x16b0f8d4,
0x0208eb03,
0x3a019101,
0x109cf8d7,
0x0800f04f,
0x46599100,
0xf2bf4877,
0x2301fda5,
0xfa0afa03,
0xb1e4f8df,
0xf606fa03,
0x3afff10a,
0xf2c045b0,
0xf8d780c9,
0xf04f3084,
0x486f08a0,
0x4b6b461a,
0xb1c4f8df,
0x3502fb05,
0x36c4f8d5,
0x46c8f8d5,
0x16c0f8d5,
0x191a2500,
0xf2bf3a01,
0x2301fd83,
0xf404fa03,
0x3084f8d7,
0x461a3c01,
0xfb084b5f,
0x42ae3a02,
0x80b1f300,
0xf2bf4860,
0xf8d7fd73,
0x20003084,
0x4b59461a,
0x3302fb08,
0xf8c722ff,
0xf8d33098,
0xb2a146d0,
0xfb9cf2bf,
0x3098f8d7,
0x46204605,
0x26d8f8d3,
0x16d4f8d3,
0xf995f7fe,
0x4606464a,
0x108cf8d7,
0x0090f8d7,
0xf98df7fe,
0x462a4633,
0x90004621,
0xf2bf484d,
0xf8d7fd4b,
0x22ff3098,
0xf8d32000,
0xb2a146e0,
0xfb7af2bf,
0x3098f8d7,
0x46204605,
0x26e8f8d3,
0x16e4f8d3,
0xf973f7fe,
0x46066ffa,
0x1080f8d7,
0x0088f8d7,
0xf96bf7fe,
0x90004633,
0x4621462a,
0xf2bf483d,
0xf8d7fd29,
0xf8d7309c,
0xf8d7209c,
0x00db4098,
0xf8d7647b,
0x011b309c,
0x1a9b62bb,
0x4613643b,
0x44136c3a,
0x230060bb,
0x3088f8c7,
0x3718f8d4,
0x6d3a653b,
0x40932301,
0x2088f8d7,
0xdb5d429a,
0x1098f8d7,
0x0098f8d7,
0x6d3a6f7b,
0x1714f8d1,
0x0710f8d0,
0xf92af7fe,
0x2098f8d7,
0x1098f8d7,
0x0098f8d7,
0xf8d269bb,
0xf8d12728,
0xf8d01724,
0xf7fe0720,
0xf8d7f91b,
0xf8d72098,
0xf8d71098,
0x697b0098,
0x2738f8d2,
0x1734f8d1,
0x0730f8d0,
0xf90cf7fe,
0x3084f8d7,
0xf8c73301,
0x2b043084,
0xacb6f47f,
0x2000e4bf,
0xfec6f7fd,
0xf47f2805,
0xe6b5aebe,
0x16bcf8d4,
0x44414658,
0x0801f108,
0x010aea01,
0xfcc6f2bf,
0xf8dae728,
0x465816cc,
0x35014429,
0xf2bf4021,
0xe742fcbd,
0xf0d451bc,
0xf0d4638f,
0xf0d463a8,
0xf0d463e4,
0xf0d45efc,
0xf0d46400,
0xf0d463ff,
0xf0d463e0,
0x3088f8d7,
0x60d6f504,
0xc8072b05,
0x2300bfd8,
0x2301bfc8,
0xf7fe4698,
0x6378f8da,
0x60d8f504,
0xf7fec807,
0x60f8f8d4,
0x60daf504,
0xf7fec807,
0x6638f8ce,
0x60dcf504,
0xf7fec807,
0xf8d4f8c8,
0xf8d45714,
0xf8d76710,
0x46292088,
0x371cf8d4,
0x46306578,
0x6d3a4413,
0xf8aaf7fe,
0x1724f8d4,
0x0720f8d4,
0xf8d44643,
0x46892728,
0x0090f8c7,
0xf89ef7fe,
0x0730f8d4,
0xf8d44643,
0xf8d41734,
0x46822738,
0xf7fe468b,
0x6d3af893,
0x46304629,
0xf89df7fe,
0xf8cd6d3b,
0x46319008,
0xf8d718ea,
0x93073088,
0xf8d73a01,
0xf04f3090,
0xe88d0900,
0x462b0009,
0x8018f8cd,
0xb014f8cd,
0xa010f8cd,
0x800cf8cd,
0xf2bf487e,
0xf8d7fc47,
0xf8c73088,
0x1d9a9038,
0x9078f8c7,
0xf0024253,
0xf003020f,
0xf8c7030f,
0xbf58906c,
0x6a7b425a,
0x6e3a63fa,
0x9064f8c7,
0x9068f8c7,
0x03c2eb03,
0xf8d761fb,
0xf8c7309c,
0x425b9080,
0xf8d4673b,
0xf8c736b8,
0xf8c79048,
0xf8c79058,
0xf8c7905c,
0x64fb907c,
0x23016cfa,
0x6ffa4093,
0xdb70429a,
0x309cf8d7,
0x0864f04f,
0x2080f8d7,
0x48626fb9,
0x1603fb02,
0xfb086c7b,
0xfbb6f606,
0x4631f6f3,
0xfc04f2bf,
0x6efa6e7b,
0xf2404293,
0x461383ae,
0x189d6aba,
0x1aed6e7b,
0xfb086c7b,
0xfbb8f805,
0x6efbf1f3,
0x0964f04f,
0x42936eba,
0x83a6f240,
0x6aba4613,
0x461d4413,
0x1aed6efb,
0xfb096c7b,
0xf8d7f905,
0xfbb92088,
0x6f7bf9f3,
0xf0033318,
0x429a030f,
0x8396f040,
0xf8d72e1e,
0xf04f3094,
0xbf9832ff,
0xf8c74613,
0x6bbb3094,
0x4843b133,
0xfbccf2bf,
0x48424649,
0xfbc8f2bf,
0xf2bf4841,
0x6b7bfbc5,
0xf8d46cfa,
0xf8d416b4,
0xf7fd06b0,
0xf504ffe9,
0x68fb60d8,
0xf7fdc807,
0xf504ffe3,
0x6a7b60de,
0xf7fdc807,
0xf504ffdd,
0x693b60e0,
0xf7fdc807,
0xf8d7ffd7,
0x33013088,
0x3088f8c7,
0x6ffbe693,
0x66bcf8d4,
0xa6b0f8d4,
0xb6b4f8d4,
0x4633441e,
0x46596cfa,
0xf7fd4650,
0xf8d4ffc3,
0x633b36c0,
0x36c8f8d4,
0xf8d462fb,
0x6ffb56cc,
0x86c4f8d4,
0x6afa441d,
0x4641462b,
0xf7fd6b38,
0xf8d4ffb1,
0xf8c736d0,
0x22ff3090,
0x46182300,
0x1090f8b7,
0xf9bcf2bf,
0x36e0f8d4,
0x308cf8c7,
0x230022ff,
0xf8b74618,
0xf2bf108c,
0xf7fdf9b1,
0x6dfbfffd,
0xf0402801,
0x3301819c,
0x813ff040,
0xf2bf4811,
0x1e73fb63,
0x6cfa4650,
0x26004659,
0xff88f7fd,
0x6afa1e6b,
0x6b384641,
0xf7fd4635,
0xf8d4ff81,
0x2301a6d8,
0xf20afa03,
0xdb0d4295,
0xe08965bb,
0xf0d46433,
0xf0d45f4a,
0xf0d45f48,
0xf0d45f52,
0xf0d465a5,
0xf0d45f27,
0x36d4f8d4,
0x65bb4652,
0x36dcf8d4,
0x18eb6db9,
0x0090f8d7,
0xf7fd62fb,
0xf8d4ff5f,
0x633b36e8,
0x36ecf8d4,
0xb6e4f8d4,
0x0803eb05,
0x46436b3a,
0xf8d74659,
0xf7fd008c,
0xf7fdff4f,
0x2801ffb1,
0x80ecf040,
0xd1303601,
0x46526afb,
0x26006db9,
0xf8d73b01,
0xf7fd0090,
0xf108ff3f,
0x6b3a33ff,
0xf8d74659,
0xf7fd008c,
0xf8d4ff37,
0x230186f8,
0xf308fa03,
0xda18429e,
0x36fcf8d4,
0xf8d44642,
0x443316f4,
0x06f0f8d4,
0xff26f7fd,
0x60e0f504,
0x370cf8d4,
0x4433c807,
0xff1ef7fd,
0xff80f7fd,
0xf0402801,
0xf1c680b7,
0xb10d0908,
0x00ed3d01,
0x309cf8d7,
0x489d444d,
0xbfb8429d,
0xbfa81b5d,
0x46292500,
0xfadcf2bf,
0x46526e3b,
0xf8d76db9,
0xf7fd0090,
0x6d7bff01,
0x46596b3a,
0x008cf8d7,
0xfefaf7fd,
0x6f3a6fbb,
0x67bb442b,
0x309cf8d7,
0x1b4b1899,
0x2301667b,
0x65bb461e,
0x2b0f6ffb,
0x80c4f040,
0x2b006cbb,
0x80c0f040,
0x2b006dbb,
0x80bcf000,
0xf8d46cbd,
0x230186d8,
0xf308fa03,
0xda5c429d,
0x36d4f8d4,
0x633b4642,
0x36dcf8d4,
0x18eb6b39,
0x0090f8d7,
0xf7fd62fb,
0xf8d4fecd,
0xf8d4a6e4,
0xf8d4b6e8,
0x465136ec,
0xf8d7465a,
0x18eb008c,
0xf7fd623b,
0xf7fdfebf,
0x2801ff21,
0x8083f000,
0xd1192e01,
0x46426afb,
0x3b016b39,
0x0090f8d7,
0xfeb0f7fd,
0x465a6a3b,
0x3b014651,
0x008cf8d7,
0xfea8f7fd,
0x66f8f8d4,
0xf04f464a,
0x23010900,
0x459940b3,
0x4691db4d,
0x3d01b10d,
0xf8d700ed,
0x444d309c,
0x429d4860,
0x461dbfa8,
0xf2bf4629,
0x6e3bfa65,
0x6b394642,
0x0090f8d7,
0xfe8af7fd,
0x465a6d7b,
0xf8d74651,
0xf7fd008c,
0x6fbbfe83,
0x67bb442b,
0x18eb6c3b,
0x6e3b66bb,
0x26d8f8d4,
0x16d4f8d4,
0x0090f8d7,
0xfe74f7fd,
0xf8d46d7b,
0xf8d426e8,
0xf8d716e4,
0xf7fd008c,
0x6ffbfe6b,
0x209cf8d7,
0x67fb3301,
0x44136f3b,
0xe619673b,
0xf04f3601,
0xe7280900,
0xd1042d0f,
0xf2bf4843,
0x6f3bfa2d,
0x3501667b,
0x36fff04f,
0x2600e6d3,
0xf8d4e762,
0x463236fc,
0x16f4f8d4,
0xf8d4444b,
0xf7fd06f0,
0xf504fe47,
0xf8d460e0,
0xc807370c,
0xf7fd444b,
0xf7fdfe3f,
0x2801fea1,
0xf109d19c,
0x22080901,
0x2d0fe793,
0xf8d7d10b,
0x482e109c,
0xfa04f2bf,
0x3080f8d7,
0xf8c73301,
0x6c3b3080,
0x350166bb,
0xe7462601,
0x6f7a6bfb,
0xd11e4293,
0x33066ffb,
0xf003425a,
0xf002030f,
0xbf58020f,
0x6b7a4253,
0xd1124293,
0xf2bf4821,
0xf8d7f9e7,
0x69fa3080,
0xf8c73301,
0xf8d73080,
0x189d309c,
0x18eb6f3b,
0x230166fb,
0x65fb63bb,
0x4819e785,
0xf9d4f2bf,
0x3080f8d7,
0xf8c73301,
0x23013080,
0x2b01e7f3,
0x8145f040,
0x3080f8d7,
0x3b014812,
0x3080f8c7,
0xf9c2f2bf,
0x6cfa1e73,
0x46504659,
0xf7fd2600,
0x1e6bfde7,
0x6afa4641,
0x46356b38,
0xfde0f7fd,
0x86d8f8d4,
0xfa032301,
0x4295f208,
0x64bbdb0c,
0xbf00e06c,
0xf0d45f2b,
0xf0d45f31,
0xf0d45f39,
0xf0d45f3d,
0xf0d45f27,
0x36d4f8d4,
0x64bb4642,
0x36dcf8d4,
0x18eb6cb9,
0x0090f8d7,
0xf7fd633b,
0xf8d4fdbf,
0xf8d4a6e4,
0xf8d4b6e8,
0x465136ec,
0xf8d7465a,
0x18eb008c,
0xf7fd62fb,
0xf7fdfdb1,
0x2801fe13,
0x80eaf000,
0xd11a2e01,
0x46426b3b,
0x3b016cb9,
0x0090f8d7,
0xfda2f7fd,
0x465a6afb,
0x3b014651,
0x008cf8d7,
0xfd9af7fd,
0x66f8f8d4,
0xf04f464a,
0x23010900,
0x459940b3,
0x80b3f2c0,
0xb10d4691,
0x00ed3d01,
0x309cf8d7,
0x48a6444d,
0x36fff04f,
0xbfa8429d,
0x4629461d,
0xf954f2bf,
0x46426e3b,
0xf8d76cb9,
0xf7fd0090,
0x6d7bfd79,
0x4651465a,
0x008cf8d7,
0xfd72f7fd,
0x442b6fbb,
0x6f3b67bb,
0x66bb18eb,
0x64bb2301,
0x2b0f6ffb,
0x80c6f040,
0x2b006dbb,
0x80c2f040,
0x2b006cbb,
0x80bef000,
0xf8d46dbd,
0x2301a6d8,
0xf30afa03,
0xf6bf429d,
0xf8d4aed8,
0x465236d4,
0xf8d4633b,
0x6b3936dc,
0xf8d718eb,
0x623b0090,
0xfd48f7fd,
0x36e8f8d4,
0xf8d462fb,
0xf8d436ec,
0xeb05b6e4,
0x6afa0803,
0x46594643,
0x008cf8d7,
0xfd38f7fd,
0xfd9af7fd,
0xf0402801,
0x36018088,
0x6a3bd12f,
0x6b394652,
0x3b012600,
0x0090f8d7,
0xfd28f7fd,
0x33fff108,
0x46596afa,
0x008cf8d7,
0xfd20f7fd,
0x86f8f8d4,
0xfa032301,
0x429ef308,
0xf8d4da17,
0x464236fc,
0x16f4f8d4,
0xf8d44433,
0xf7fd06f0,
0xf504fd0f,
0xf8d460e0,
0xc807370c,
0xf7fd4433,
0xf7fdfd07,
0x2801fd69,
0xf1c6d153,
0xb10d0908,
0x00ed3d01,
0x309cf8d7,
0x485f444d,
0xbfb8429d,
0xbfa81b5d,
0x46292500,
0xf8c6f2bf,
0x46526e3b,
0xf8d76b39,
0xf7fd0090,
0x6d7bfceb,
0x46596afa,
0x008cf8d7,
0xfce4f7fd,
0x442b6fbb,
0x68bb67bb,
0x667b1b5b,
0xf8d4e65f,
0x463236fc,
0x16f4f8d4,
0xf8d4444b,
0xf7fd06f0,
0xf504fcd3,
0xf8d460e0,
0xc807370c,
0xf7fd444b,
0xf7fdfccb,
0x2801fd2d,
0xaf37f47f,
0x0901f109,
0xe72c2208,
0xd10b2d0f,
0x109cf8d7,
0xf2bf4840,
0xf8d7f88f,
0x33013080,
0x3080f8c7,
0x66bb6f3b,
0x26013501,
0x2600e6d2,
0x3601e744,
0x0900f04f,
0x2d0fe78c,
0x4837d104,
0xf87af2bf,
0x667b6c3b,
0xf04f3501,
0xe74436ff,
0x6f7a6bfb,
0xd11a4293,
0x33066ffb,
0xf003425a,
0xf002030f,
0xbf58020f,
0x6b7a4253,
0xd10e4293,
0xf2bf482b,
0xf8d7f861,
0x69fa309c,
0x6f3b189d,
0x66fb18eb,
0x63bb2301,
0x33fff04f,
0x4825e67b,
0xf852f2bf,
0x6efbe7f8,
0x1a9d6e7a,
0xfb086c7b,
0xfbb5f505,
0xe452f1f3,
0x6efa6ebb,
0xe45b1a9d,
0xf8d76f7b,
0x331c2088,
0x030ff003,
0xf43f429a,
0x6f7bac61,
0x2088f8d7,
0xf0033319,
0x429a030f,
0xac58f43f,
0xf8d76f7b,
0x331b2088,
0x030ff003,
0xf43f429a,
0x6f7bac4f,
0x2088f8d7,
0xf003330a,
0x429a030f,
0xac4ff47f,
0xd9042e1e,
0xd902290b,
0x0f0bf1b9,
0xf04fe43f,
0xe44233ff,
0xf2bf4806,
0xf7fff813,
0xbf00b806,
0xf0d45f2b,
0xf0d45f31,
0xf0d45f41,
0xf0d45f45,
0xf0d4647f,
0xf04f48c8,
0xf2bf0a00,
0xf8c7f801,
0x2000a09c,
0xf9eef7fd,
0xf0402801,
0xf8d78165,
0x2b01309c,
0xaff0f63e,
0x309cf8d7,
0x4bbf01dd,
0xf8d4195c,
0xf8d43928,
0xf8d46924,
0x461a9920,
0xf8c74631,
0x46483098,
0xfc1df7fd,
0xf5044683,
0xc8076017,
0xfc17f7fd,
0xf5046338,
0xc8076018,
0xfc11f7fd,
0x627822ff,
0x218ef240,
0xf2be2000,
0xf8d7fe07,
0xf000109c,
0x48ad037f,
0xf2be62fb,
0xf8d4ffc7,
0x46493934,
0x8938f8d4,
0x2098f8d7,
0x44439303,
0x3b0118b2,
0x3a019302,
0x3930f8d4,
0x46339301,
0xb000f8cd,
0x48a22600,
0xffb0f2be,
0xfa032301,
0xf8dff808,
0xf8d49284,
0xf108393c,
0x18f138ff,
0xea014648,
0x36010108,
0x3098f8c7,
0xff9ef2be,
0xf8d72e10,
0xd1f23098,
0x3944f8d4,
0x6948f8d4,
0x1940f8d4,
0x199a2400,
0x3a014892,
0xff8ef2be,
0xfa032301,
0x4b8cf606,
0x441d3e01,
0x894cf8d5,
0xeb044d8d,
0x46280108,
0x34014031,
0xff7ef2be,
0xd1f62c10,
0xf2be4889,
0xea4fff79,
0x65bb03cb,
0x130bea4f,
0xeba363bb,
0xf8d7030b,
0x657b209c,
0x61fb445b,
0x67fb2300,
0xeb034b7b,
0xf60414c2,
0x61bb1338,
0x3938f8d4,
0x697a617b,
0x1934f8d4,
0x0930f8d4,
0xfb95f7fd,
0xf50464f8,
0xc8076014,
0xfb8ff7fd,
0xf5046238,
0xc8076015,
0xfb89f7fd,
0xf5046738,
0xc8076016,
0xfb83f7fd,
0x66786ffb,
0xf3402b0c,
0x009e80c9,
0x7684f5c6,
0x057ff006,
0x46292000,
0x0900f04f,
0xfafaf2bc,
0x3994f8d4,
0x2998f8d4,
0x441a6ff9,
0x3a019101,
0xf8d49600,
0x48631990,
0xff2af2be,
0x6f3a6afb,
0x6b3b1b5d,
0xf8c72d00,
0xbfb89050,
0xf8c7426d,
0xeb039088,
0x637b03c2,
0x0300f1cb,
0x3084f8c7,
0x62bd69bb,
0x9080f8c7,
0xf8c7681b,
0xf8c79074,
0xf8c79078,
0xf8c79098,
0xf8c7905c,
0xf8c79068,
0xf8c7906c,
0x663b908c,
0x23016e3a,
0xf8d74093,
0x429a208c,
0x80a0f2c0,
0x3098f8d7,
0xf8d72664,
0x48492088,
0x210bfb03,
0x43716dbb,
0xf1f3fbb1,
0xfeeef2be,
0xb3336d3b,
0xf8d76f7b,
0x42932080,
0x841cf0c0,
0x6bba4613,
0x6f7b189d,
0x6dbb1aed,
0xfbb6436e,
0x483df1f3,
0xfedaf2be,
0x3080f8d7,
0x21646fba,
0xf0c04293,
0x46138413,
0x44136bba,
0xf8d7461d,
0x1aed3080,
0x6dbb4369,
0xfbb14834,
0xf2bef1f3,
0x4833fec5,
0xfec2f2be,
0x6e3a6cfb,
0x1934f8d4,
0x0930f8d4,
0xfae6f7fd,
0x6014f504,
0xc8076a3b,
0xfae0f7fd,
0x6017f504,
0xc8076b3b,
0xfadaf7fd,
0x6018f504,
0xc8076a7b,
0xfad4f7fd,
0x33016ffb,
0x2b1367fb,
0xaf41f47f,
0x20006af9,
0xfa60f2bc,
0x309cf8d7,
0xf8c73301,
0x2b04309c,
0xae97f47f,
0xbe90f7fe,
0xf7fd2000,
0x2804f883,
0xae95f43f,
0xf7fd2000,
0x2802f87d,
0xf8d7d107,
0x2b02309c,
0x2302bf38,
0x309cf8c7,
0x2000e68c,
0xf870f7fd,
0xf47f2805,
0xe7f0ae87,
0x699cf8d4,
0xeba66ffb,
0xe7330683,
0xf0d464ac,
0xf0d451bc,
0xf0d4638f,
0xf0d463a8,
0xf0d463e4,
0xf0d463e0,
0xf0d45efc,
0xf0d464c6,
0xf0d45f4a,
0xf0d45f48,
0xf0d45f52,
0xf0d465a5,
0x3930f8d4,
0xf8d464bb,
0x647b3934,
0x693cf8d4,
0x308cf8d7,
0x441e6e3a,
0x46336c79,
0xf7fd6cb8,
0xf8d4fa77,
0x643b3940,
0x3948f8d4,
0xf8d463fb,
0xf8d7594c,
0xf8d4308c,
0x441d8944,
0x462b6bfa,
0x6c384641,
0xfa64f7fd,
0x3950f8d4,
0x3094f8c7,
0x230022ff,
0xf8b74618,
0xf2be1094,
0xf8d4fc6f,
0xf8c73960,
0x22ff3090,
0x46182300,
0x1090f8b7,
0xfc64f2be,
0xfab0f7fd,
0x28016efb,
0x81b8f040,
0xf0403301,
0x48d080a2,
0xfe16f2be,
0x6e3a1e73,
0x6cb86c79,
0xfa3cf7fd,
0x6bfa1e6b,
0x6c384641,
0xf7fd2500,
0xf8d4fa35,
0x66bb3958,
0x23016eba,
0xf202fa03,
0xdb014295,
0xe08666bb,
0x3954f8d4,
0xf8d464bb,
0x6eba395c,
0x6cb9442b,
0x0094f8d7,
0xfa1ef7fd,
0x3964f8d4,
0xf8d4647b,
0x643b3968,
0x396cf8d4,
0x442b6c3a,
0xf8d76c79,
0xf7fd0090,
0xf7fdfa0f,
0x2801fa71,
0x810af040,
0x3ffff1ba,
0xf8d7d13a,
0x26a0309c,
0x0800f04f,
0x4baf461a,
0x3602fb06,
0x60daf506,
0x36dcf8d6,
0x442bc807,
0xf7fd3b01,
0xf8d6f9f5,
0xf50636ec,
0x442b60dc,
0xc8073b01,
0xf9ecf7fd,
0xa6f8f8d6,
0xfa032301,
0x4598f30a,
0xf8d6da18,
0x465236fc,
0x16f4f8d6,
0xf8d64443,
0xf7fd06f0,
0xf506f9db,
0xf8d660e0,
0xc807370c,
0xf7fd4443,
0xf7fdf9d3,
0x2801fa35,
0x80c7f040,
0x0908f1c8,
0x3d01b10d,
0x444d00ed,
0xf280455d,
0xebab80c3,
0x46290505,
0xf2be4890,
0x6f3bfd93,
0x6cb96eba,
0x0094f8d7,
0xf9b8f7fd,
0x6c796e7b,
0xf8d76c3a,
0xf7fd0090,
0xf8d7f9b1,
0x442b3088,
0x3088f8c7,
0x3084f8d7,
0x010beb03,
0x677b1b4b,
0x469a2301,
0xf8d766bb,
0x2b0f308c,
0x80d5f040,
0x2b006dfb,
0x80d1f040,
0x2b006ebb,
0x80cdf000,
0xf8d46dfd,
0x23018958,
0xf308fa03,
0xda69429d,
0x3954f8d4,
0x64bb4642,
0x395cf8d4,
0x442b6cb9,
0x0094f8d7,
0xf982f7fd,
0x3964f8d4,
0xf8d4647b,
0x643b3968,
0x396cf8d4,
0x442b6c3a,
0xf8d76c79,
0xf7fd0090,
0xf7fdf973,
0x2801f9d5,
0x8094f000,
0x0f01f1ba,
0xf8d7d123,
0x26a0309c,
0x4b62461a,
0x3602fb06,
0x60daf506,
0x36dcf8d6,
0x442bc807,
0xf7fd3b01,
0xf8d6f95b,
0xf50636ec,
0x442b60dc,
0xc8073b01,
0xf952f7fd,
0xa6f8f8d6,
0xf04f464a,
0x23010900,
0xf30afa03,
0xdb534599,
0xb10d4691,
0x00ed3d01,
0x4851444d,
0xf04f455d,
0xbfa83aff,
0x4629465d,
0xfd0ef2be,
0x46426f3b,
0xf8d76cb9,
0xf7fd0094,
0x6e7bf933,
0x6c796c3a,
0x0090f8d7,
0xf92cf7fd,
0x3088f8d7,
0xf8c7442b,
0x6d7b3088,
0x67bb18eb,
0xf8d46f3b,
0xf8d42958,
0xf8d71954,
0xf7fd0094,
0x6e7bf91b,
0x2968f8d4,
0x1964f8d4,
0x0090f8d7,
0xf912f7fd,
0x308cf8d7,
0xf8c73301,
0xf8d7308c,
0x445b3084,
0x3084f8c7,
0xf108e5d6,
0xf04f0801,
0xe7170900,
0xe73c2500,
0xd1052d0f,
0xf2be482f,
0xf8d7fccf,
0x677b3084,
0xf04f3501,
0xe6c13aff,
0x36fcf8d6,
0xf8d64652,
0x444b16f4,
0x06f0f8d6,
0xf8eaf7fd,
0x60e0f506,
0x370cf8d6,
0x444bc807,
0xf8e2f7fd,
0xf944f7fd,
0xd1962801,
0x0901f109,
0xe78c2208,
0xd10a2d0f,
0x481b4659,
0xfca8f2be,
0x3098f8d7,
0xf8c73301,
0x6d7b3098,
0x350167bb,
0x0a01f04f,
0x6abbe735,
0xdc2b2b02,
0x308cf8d7,
0x425a3306,
0x030ff003,
0x020ff002,
0x4253bf58,
0x42936cfa,
0x480ed11e,
0xfc8af2be,
0x3098f8d7,
0xf8c73301,
0x6b7b3098,
0x050beb03,
0x3084f8d7,
0xf8c718eb,
0x23013080,
0x66fb653b,
0xbf00e780,
0xf0d45f27,
0xf0d451bc,
0xf0d45f2b,
0xf0d45f31,
0xf0d45f39,
0xf2be48ca,
0xf8d7fc6b,
0x33013098,
0x3098f8c7,
0xe7e82301,
0xf0402b01,
0xf8d7808c,
0x48c43098,
0xf8c73b01,
0xf2be3098,
0x1e73fc59,
0x6c796e3a,
0xf7fd6cb8,
0x1e6bf87f,
0x6bfa4641,
0x25006c38,
0xf878f7fd,
0x8958f8d4,
0xfa032301,
0x4295f208,
0x65fbdb01,
0xf8d4e06d,
0x46423954,
0xf8d465fb,
0x6df9395c,
0xf8d7442b,
0xf7fd0094,
0xf8d4f863,
0x64bb3964,
0x3968f8d4,
0xf8d4647b,
0x6c7a396c,
0x6cb9442b,
0x0090f8d7,
0xf854f7fd,
0xf8b6f7fd,
0xf0002801,
0xf1ba8102,
0xd1240f01,
0x309cf8d7,
0x461a26a0,
0xfb064ba3,
0xf5063602,
0xf8d660da,
0xc80736dc,
0x3b01442b,
0xf83cf7fd,
0x36ecf8d6,
0x60dcf506,
0x3b01442b,
0xf7fdc807,
0xf8d6f833,
0x464aa6f8,
0x0900f04f,
0xfa032301,
0x4599f30a,
0x80c0f2c0,
0xb10d4691,
0x00ed3d01,
0x4892444d,
0xf04f455d,
0xbfa83aff,
0x4629465d,
0xfbeef2be,
0x46426f3b,
0xf8d76df9,
0xf7fd0094,
0x6e7bf813,
0x6cb96c7a,
0x0090f8d7,
0xf80cf7fd,
0x3088f8d7,
0xf8c7442b,
0xf8d73088,
0x442b3084,
0x230167bb,
0xf8d765fb,
0x2b0f308c,
0x80d3f040,
0x2b006ebb,
0x80cff040,
0x2b006dfb,
0x80cbf000,
0xf8d46ebd,
0x64bb3958,
0x23016cba,
0x429d4093,
0xaec6f6bf,
0x3954f8d4,
0xf8d4647b,
0x6cba395c,
0x6c79442b,
0x0094f8d7,
0xffdef7fc,
0x3964f8d4,
0xf8d4643b,
0x63fb3968,
0x396cf8d4,
0x442b6bfa,
0xf8d76c39,
0xf7fc0090,
0xf7fdffcf,
0x2801f831,
0x8096f040,
0x3ffff1ba,
0xf8d7d139,
0x26a0309c,
0x0800f04f,
0x4b60461a,
0x3602fb06,
0x60daf506,
0x36dcf8d6,
0x442bc807,
0xf7fc3b01,
0xf8d6ffb5,
0xf50636ec,
0x442b60dc,
0xc8073b01,
0xffacf7fc,
0xa6f8f8d6,
0xfa032301,
0x4598f30a,
0xf8d6da17,
0x465236fc,
0x16f4f8d6,
0xf8d64443,
0xf7fc06f0,
0xf506ff9b,
0xf8d660e0,
0xc807370c,
0xf7fc4443,
0xf7fcff93,
0x2801fff5,
0xf1c8d153,
0xb10d0908,
0x00ed3d01,
0x455d444d,
0xebabda50,
0x46290505,
0xf2be4842,
0x6f3bfb55,
0xf04f6cba,
0x6c790a01,
0x0094f8d7,
0xff78f7fc,
0x6bfa6e7b,
0xf8d76c39,
0xf7fc0090,
0xf8d7ff71,
0x442b3088,
0x3088f8c7,
0x1b5b69fb,
0xe643677b,
0x36fcf8d6,
0xf8d64652,
0x444b16f4,
0x06f0f8d6,
0xff5ef7fc,
0x60e0f506,
0x370cf8d6,
0x444bc807,
0xff56f7fc,
0xffb8f7fc,
0xf47f2801,
0xf109af2a,
0x22080901,
0x2d0fe71e,
0x4659d10b,
0xf2be4825,
0xf8d7fb1b,
0x33013098,
0x3098f8c7,
0x3084f8d7,
0x350167bb,
0x0a01f04f,
0xf108e6c4,
0xf04f0801,
0xe78b0900,
0xe7ae2500,
0xd1042d0f,
0xf2be481a,
0x6d7bfb03,
0x3501677b,
0x3afff04f,
0x6abbe738,
0xdc1c2b02,
0x308cf8d7,
0x425a3306,
0x030ff003,
0x020ff002,
0x4253bf58,
0x42936cfa,
0x480fd10f,
0xfaeaf2be,
0xeb036b7b,
0xf8d7050b,
0x18eb3084,
0x3080f8c7,
0x653b2301,
0x33fff04f,
0x4808e661,
0xfadaf2be,
0xbf00e7f8,
0xf0d45f3d,
0xf0d45f27,
0xf0d451bc,
0xf0d45f2b,
0xf0d45f31,
0xf0d45f41,
0xf0d45f45,
0x3080f8d7,
0x1a9d6f7a,
0x43756dbb,
0xf1f3fbb5,
0xbbe3f7ff,
0xf8d76fbb,
0x1a9d2080,
0xbbeef7ff,
0xf7fc2000,
0x2804fca9,
0xaac2f43e,
0xf7fc2000,
0x2802fca3,
0x80abf040,
0x459a2302,
0x469abf38,
0xeb034bca,
0xf8d5158a,
0xf8d54b44,
0xf8d5bb40,
0x46213b48,
0x309cf8c7,
0xf8d74658,
0x18e3209c,
0x65bb3b01,
0xfed1f7fc,
0x3b50f8d5,
0x3084f8c7,
0xf8d54680,
0xf8c73b54,
0xf8d53094,
0xf8d73b58,
0x461a1094,
0x0084f8d7,
0x3090f8c7,
0xfebdf7fc,
0x3b20f8d5,
0xf8c74681,
0xf8d5308c,
0xf8c73b24,
0xf8d53098,
0xf8c73b28,
0xf8d73088,
0xf8d73098,
0x46192088,
0x008cf8d7,
0xf7fc189e,
0xf8d7fea6,
0x3e013098,
0x46599307,
0x308cf8d7,
0x2090f8d7,
0xf8d79305,
0x93033094,
0x90084413,
0x93023b01,
0x3084f8d7,
0x93019606,
0xf8cd4623,
0x6dba8000,
0x9010f8cd,
0xf2be489e,
0xf8d7fa4d,
0x4621209c,
0xf7fc4658,
0x4651fe82,
0x0080f8c7,
0xf2be4899,
0x4632fa41,
0x3098f8d7,
0xf8d72600,
0x4896108c,
0xfa38f2be,
0x2088f8d7,
0x40932301,
0xf10367bb,
0x6fbb38ff,
0xdb31429e,
0xf2be4890,
0xf8d7fa2b,
0x2301209c,
0x6fba4093,
0x2302647b,
0xf3f3fb92,
0x2308657b,
0x230066bb,
0x461d67fb,
0xeb034b83,
0x6c7b168a,
0xdb23429d,
0x3080f8d7,
0xf8d74621,
0x4658209c,
0xfe3af7fc,
0x0a01f10a,
0xf2bd2000,
0xf1baff78,
0xf47e0f04,
0xf7feaa0d,
0x2000ba15,
0xfbf2f7fc,
0xf47f2805,
0xe74daf53,
0x1b2cf8d5,
0x44314877,
0xea083601,
0xf2be0101,
0xe7c0f9f3,
0x2090f8d7,
0x0900f04f,
0x1094f8d7,
0x0084f8d7,
0xfe23f7fc,
0x3b4cf8d6,
0x46216638,
0xf8d7442b,
0x4658209c,
0xfe0af7fc,
0x209cf8d7,
0x46584621,
0xfe13f7fc,
0x90004623,
0x6dba4659,
0xf2be4865,
0xf8d7f9d1,
0x454b3090,
0x2000d113,
0xf2bd3501,
0x485eff38,
0xf9c6f2be,
0xf8d76e3b,
0xf8d72090,
0xf8d71094,
0xf7fc0084,
0x2000fde9,
0xff29f2bd,
0xf8d7e79f,
0xf8d72088,
0xf8d71098,
0xf7fc008c,
0xf8d6fdec,
0x67783b5c,
0x2090f8d7,
0x0349eb03,
0x1094f8d7,
0x0084f8d7,
0xf7fc673b,
0x6f7bfdcf,
0xf003330c,
0x65fb030f,
0x2b033b09,
0xf8d7d820,
0x3b013080,
0xbfb82b00,
0x653b425b,
0x64fb2303,
0x0f00f1b9,
0xbf086d7b,
0x64bb2300,
0x66fb2300,
0x6d7b6efa,
0xdc174293,
0xf1096f7b,
0xf8d70901,
0xf8d72088,
0xf8d71098,
0xf7fc008c,
0xe7a8fda7,
0x3b056dfb,
0xf04f2b07,
0xbf980301,
0x64fb2303,
0x3080f8d7,
0xe7db653b,
0xf8d66efa,
0xf8d73b2c,
0x44131098,
0xf8d76cba,
0x4413008c,
0xf1026fba,
0xf8d738ff,
0xea082088,
0x46430803,
0xfd86f7fc,
0xf2bd2000,
0x6d3bfec6,
0xd109429d,
0x6cfa6f3b,
0xd1054293,
0x6dfa6ffb,
0xbf084542,
0x67fb2301,
0xfdd8f7fc,
0x3080f8d7,
0xd1172801,
0xd113429d,
0x6f3a6e3b,
0xd10f4293,
0x45436f7b,
0x481ad10c,
0xf938f2be,
0x2b016ffb,
0x6ebbd11a,
0xdb172b00,
0x3b016ebb,
0xe01366bb,
0xe7f14814,
0xd112429d,
0x6f3a6e3b,
0xd10e4293,
0x45436f7b,
0x4810d10b,
0xf920f2be,
0x2b016ffb,
0x6ebbd102,
0xda1b2b00,
0x33016efb,
0x480be78b,
0xbf00e7f2,
0xf0d451bc,
0xf0d464e4,
0xf0d4651a,
0xf0d46547,
0xf0d465a5,
0xf0d4655a,
0xf0d4655e,
0xf0d45f39,
0xf0d45f3d,
0xf0d45f41,
0xf0d45f45,
0x33fff04f,
0xe7c7667b,
0xf2be4803,
0xf7fef8f7,
0x4802b915,
0xb919f7fe,
0xf0d46589,
0xf0d465a8,
0xb5804b0d,
0x681baf00,
0xd50f0658,
0x490c4b0b,
0xf042681a,
0x601a0201,
0x60114a07,
0x07c96811,
0x681ad4fc,
0x0201f022,
0xbd80601a,
0xf91ef002,
0xd1eb2800,
0xbf00bd80,
0xf0240000,
0xf0230070,
0x5a960f00,
0x22014b03,
0xaf00b580,
0x2211601a,
0xbd80611a,
0xf0b70000,
0xf0004b14,
0xb580003f,
0x33302200,
0x50c0f440,
0xf843af00,
0x21012c30,
0x0c2cf843,
0x601a681a,
0x60114a0d,
0x07c96819,
0x6811d5fc,
0x0110f041,
0x06c86011,
0x6819d40c,
0xd5fc0789,
0x68084907,
0x60112100,
0x07d2681a,
0x681ad4fc,
0xbd80601a,
0xe7ee6811,
0xf0160000,
0xf0160020,
0xf0160008,
0xe92d4bb5,
0xb08447f0,
0xaf02681b,
0xbf082b0c,
0xbf182001,
0xf0012000,
0xf001ee84,
0x48affeaf,
0x603b2300,
0xf04f607b,
0x30104171,
0x3c03f810,
0x2c04f810,
0xeb03041b,
0xf8106302,
0x44132c01,
0x2c02f810,
0x2202eb03,
0xf8edf002,
0x4371f04f,
0x4604603b,
0x46384ba2,
0x607a69da,
0xf0028a9d,
0xb280f8d1,
0xd1024285,
0x429c687b,
0x489dd002,
0xf9dcf002,
0x25004b9c,
0x489c2250,
0x601d4e9c,
0x609a605d,
0xf84ef2be,
0x22aa4b9a,
0x601a489a,
0x605a22ea,
0x609a2216,
0x68134a98,
0x7380f443,
0x4b976013,
0xf2be681c,
0x4896f83d,
0x0107f004,
0x71e4f201,
0xf836f2be,
0xf2be4893,
0xf3c4f833,
0x489001c3,
0xf82ef2be,
0xf2be488f,
0xf3c4f82b,
0x488c11c4,
0xf826f2be,
0xf2be488b,
0xf3c4f823,
0x4888310f,
0xf81ef2be,
0xf2be4888,
0x4888f81b,
0xf818f2be,
0x69b24b87,
0x02d3611d,
0x829ff140,
0x3302f3c2,
0x32c4f3c2,
0x5370f103,
0xf5034c82,
0x009b3380,
0x23016819,
0xf202fa03,
0x420a4b7f,
0x461cbf18,
0xf04f6863,
0xfb080860,
0x4b7cf803,
0xea4f4598,
0xbf984958,
0xbf882300,
0x46982301,
0x681b4b78,
0xd503011d,
0xf44f4a77,
0x60112170,
0xd50300d8,
0xf44f4a74,
0x60110170,
0xd5030099,
0xf04f4a71,
0x60116170,
0xd503005a,
0xf04f4a6e,
0x60114170,
0xda032b00,
0xf44f4a6b,
0x60114170,
0xd503025d,
0xf44f4a69,
0x60112170,
0xd5030218,
0xf44f4a66,
0x60110170,
0xd50301d9,
0xf04f4a63,
0x60116170,
0xd503019a,
0xf04f4a60,
0x60114170,
0xd503015b,
0xf44f4b5d,
0x601a4270,
0x469a4b5c,
0xf412681a,
0xf0401f40,
0x4a5a8289,
0x05dd6813,
0x4b59d5fc,
0xf44f2210,
0x4d5870fa,
0xf002601a,
0x4b57f805,
0x48572203,
0x4a57601a,
0xf0436813,
0x60130340,
0xff96f2bd,
0x3000f8da,
0x0303f023,
0x0301f043,
0x3000f8ca,
0xf022682a,
0x602a0213,
0xf042682a,
0x602a0220,
0xf042682a,
0x602a0214,
0x0718682b,
0x4849d5fc,
0xf900f002,
0x2214682b,
0xf0432115,
0x483e0308,
0x2300602b,
0xfe56f2bd,
0x79224b43,
0x7962601a,
0x79a2605a,
0x4b2b609a,
0x601a4a40,
0xf01369b3,
0xd0130f70,
0xf3c34a3e,
0x21801302,
0xf1a22b05,
0x483c0204,
0x2305bf88,
0x60136051,
0x4b3a2215,
0x69b1601a,
0x1102f3c1,
0xff50f2bd,
0x2300221c,
0x48364611,
0xfe2ef2bd,
0x2301221c,
0x48334611,
0xfe28f2bd,
0x48322301,
0x4619461a,
0xf2bd4d31,
0x4621fe21,
0x22042310,
0xe88d2000,
0xf2bb0300,
0x68a3fbcb,
0x481c2214,
0xf04f0059,
0xbf480115,
0xbf582301,
0xf2bd2302,
0x2213fe0d,
0xe04b2301,
0xf0d5c000,
0xf0d46f28,
0xf0d40000,
0xf0d465b2,
0xf02346a0,
0xf0d465bd,
0xf0d40070,
0xf02347e0,
0xf0d465c6,
0xf0230000,
0xf0d40078,
0xf0d465d7,
0xf0d465da,
0xf0d45fb9,
0xf0d465dc,
0xf0d40fa4,
0xf0d40300,
0xf0d40458,
0x10abffff,
0xf0160034,
0xf0160048,
0xf0160050,
0xf0020010,
0xf0230004,
0xf0234344,
0xf02300b0,
0xf0234340,
0xf0d465f9,
0xf0234100,
0xf0d46600,
0xf0234420,
0x0007ffff,
0xf00244d4,
0xf0d46602,
0xf00244cc,
0xf0020098,
0xf0020094,
0xf018062c,
0x48b44611,
0xfdbaf2bd,
0xf04f4bb3,
0x48b332ff,
0x2301601a,
0x4619461a,
0xfdb0f2bd,
0x2202237f,
0x48af2108,
0xfdaaf2bd,
0x73fff64f,
0x2200602b,
0x48ac2103,
0xf0036b63,
0xf2bd030f,
0x2303fd9f,
0x211e221c,
0xf2bd48a8,
0x4ba8fd99,
0x601a68a2,
0x619a69a2,
0x73a2f503,
0x62da4aa5,
0x5273f44f,
0x69e2601a,
0x2cfcf843,
0x68a34aa2,
0x7380f3c3,
0xf0002b00,
0x23108181,
0x23016013,
0x48992208,
0xf2bd4611,
0x4b9cfd7b,
0xf5a34a9c,
0xf8c3739a,
0x68e22134,
0x6922601a,
0x6962605a,
0x6a22611a,
0x213cf8c3,
0xf8c36a62,
0x6f622320,
0x2634f8c3,
0x737af503,
0x601a6ba2,
0x62da6be2,
0x631a6c22,
0x635a6c62,
0x639a6ca2,
0x63da6ce2,
0x641a6d22,
0x645a6d62,
0x075a6fa3,
0x4a89d50d,
0x4b896013,
0x601a6fe2,
0x2080f8d4,
0xf8d4605a,
0x609a2084,
0x2088f8d4,
0x4b8460da,
0xf5a36da2,
0xf8c3737b,
0x6de223ec,
0x23f0f8c3,
0xf8c36e22,
0x6e6223f4,
0x23f8f8c3,
0xf8c36ea2,
0x6ee223fc,
0x2400f8c3,
0xf8c36f22,
0x6aa22404,
0x6ae2601a,
0x68a3605a,
0xd50b011b,
0x4a764b75,
0x4a76601a,
0x4a76605a,
0x4a76609a,
0xf46f60da,
0x615a428a,
0xf8d44b74,
0xf8df208c,
0x601a8214,
0x3090f8d4,
0x7f80f413,
0x69b2d009,
0xd5060556,
0xf2bd486e,
0xf8d4fe23,
0xf4433090,
0xf8c86380,
0x4b6b3000,
0x4a6c496b,
0x4b6c601a,
0x60ca600b,
0x60134a6b,
0x00d868a3,
0x4b6ad506,
0x3210f04f,
0xf602601a,
0x605a0208,
0xf00368a3,
0xf1b34390,
0xd1064f90,
0x3090f8d4,
0xd50205d9,
0x22064b62,
0x2200601a,
0x46112301,
0xf2bd4860,
0x200afcdb,
0xfe58f001,
0x23004e5e,
0x461a485c,
0xf2bd4619,
0x2301fcd1,
0x461a2100,
0xf2bd4608,
0x220dfc29,
0x46112300,
0xf2bd4857,
0xf44ffcc5,
0xf0017096,
0x2307fe41,
0x60332064,
0xfe3cf001,
0x2301220d,
0x48504611,
0xfcb6f2bd,
0x7016f44f,
0xfe32f001,
0x20642306,
0xf0016033,
0x230efe2d,
0x60332064,
0xfe28f001,
0x23012208,
0x48474611,
0xfca2f2bd,
0x011a68a3,
0x6b63d507,
0x210f220c,
0xf3c34827,
0xf2bd3303,
0x221efc97,
0x46112300,
0xf2bd4828,
0x6b23fc91,
0x483d2212,
0xf3c34611,
0xf2bd4380,
0x6b23fc89,
0x4839220f,
0xf3c34611,
0xf2bd33c0,
0x68a3fc81,
0xd509011b,
0x218ef240,
0x2000227f,
0xfbccf2bd,
0x20004601,
0xf952f2bb,
0x23004a30,
0x602b480e,
0x60132301,
0x46112215,
0xfc6af2bd,
0x22092303,
0x482b210a,
0xfc64f2bd,
0xfc90f7ff,
0x3000f8da,
0x1f40f413,
0x4827d004,
0xfd76f2bd,
0xfc6ef7fd,
0x4c25e7fe,
0xbf00e570,
0xf0020074,
0xf002009c,
0xf0020094,
0xf00200a0,
0xf0180384,
0xf0180024,
0xf0180008,
0x03e00042,
0xf0180200,
0xf0180140,
0xde3c78ee,
0xf018063c,
0xf0180644,
0xf0180400,
0xf0180660,
0x42876310,
0x8dcba9f5,
0x42987631,
0x8edcbaf5,
0xf0180670,
0xf0d4660f,
0xf0180544,
0xf0180548,
0xcc00ffff,
0xffff0000,
0xf0180558,
0xf0180680,
0xf01806a4,
0xf0180050,
0xf0180000,
0xf01801f0,
0xf018014c,
0xf0180324,
0xf0010020,
0xf0020080,
0xf0d465ec,
0xf0d40300,
0xf01806a0,
0xf2bd4803,
0xf7fdfd21,
0xe7fefc19,
0xe67f6013,
0xf0d465ec,
0xe92d4800,
0xe28db004,
0xe8bd8800,
0x0000ffff,
0x0000ffff,
0xffff0000,
0xffff0000,
0xfffe0001,
0xfffd0002,
0xfffb0004,
0xfff70008,
0xffef0010,
0xffdf0020,
0xffbf0040,
0xff7f0080,
0xfeff0100,
0xfdff0200,
0xfbff0400,
0xf7ff0800,
0xefff1000,
0xdfff2000,
0xbfff4000,
0x7fff8000,
0x0001fffe,
0x0002fffd,
0x0004fffb,
0x0008fff7,
0x0010ffef,
0x0020ffdf,
0x0040ffbf,
0x0080ff7f,
0x0100feff,
0x0200fdff,
0x0400fbff,
0x0800f7ff,
0x1000efff,
0x2000dfff,
0x4000bfff,
0x80007fff,
0xffff0001,
0xffff0002,
0xffff0004,
0xffff0008,
0xffff0010,
0xffff0020,
0xffff0040,
0xffff0080,
0xffff0100,
0xffff0200,
0xffff0400,
0xffff0800,
0xffff1000,
0xffff2000,
0xffff4000,
0xffff8000,
0x0001ffff,
0x0002ffff,
0x0004ffff,
0x0008ffff,
0x0010ffff,
0x0020ffff,
0x0040ffff,
0x0080ffff,
0x0100ffff,
0x0200ffff,
0x0400ffff,
0x0800ffff,
0x1000ffff,
0x2000ffff,
0x4000ffff,
0x8000ffff,
0x0000ffff,
0x0000ffff,
0xffff0000,
0xffff0000,
0xffffefff,
0xffffdfff,
0xffffbfff,
0xffff7fff,
0xfffffeff,
0xfffffdff,
0xfffffbff,
0xfffff7ff,
0xffffffef,
0xffffffdf,
0xffffffbf,
0xffffff7f,
0xfffffffe,
0xfffffffd,
0xfffffffb,
0xfffffff7,
0x00008000,
0x00004000,
0x00002000,
0x00001000,
0x00000800,
0x00000400,
0x00000200,
0x00000100,
0x00000080,
0x00000040,
0x00000020,
0x00000010,
0x00000008,
0x00000004,
0x00000002,
0x00000001,
0x6e51598f,
0xee49baec,
0x97613961,
0x8420f7d1,
0x55c64a08,
0x7c4a78a6,
0xd4949946,
0xdcb753a2,
0xffffffff,
0x00000000,
0xffffffff,
0x00000000,
0x00000000,
0xffffffff,
0x00000000,
0xffffffff,
0xfffefffe,
0x00010001,
0xfffdfffd,
0x00020002,
0xfffbfffb,
0x00040004,
0xfff7fff7,
0x00080008,
0xffefffef,
0x00100010,
0xffdfffdf,
0x00200020,
0xffbfffbf,
0x00400040,
0xff7fff7f,
0x00800080,
0xfefffeff,
0x01000100,
0xfdfffdff,
0x02000200,
0xfbfffbff,
0x04000400,
0xf7fff7ff,
0x08000800,
0xefffefff,
0x10001000,
0xdfffdfff,
0x20002000,
0xbfffbfff,
0x40004000,
0x7fff7fff,
0x80008000,
0x00010001,
0xfffefffe,
0x00020002,
0xfffdfffd,
0x00040004,
0xfffbfffb,
0x00080008,
0xfff7fff7,
0x00100010,
0xffefffef,
0x00200020,
0xffdfffdf,
0x00400040,
0xffbfffbf,
0x00800080,
0xff7fff7f,
0x01000100,
0xfefffeff,
0x02000200,
0xfdfffdff,
0x04000400,
0xfbfffbff,
0x08000800,
0xf7fff7ff,
0x10001000,
0xefffefff,
0x20002000,
0xdfffdfff,
0x40004000,
0xbfffbfff,
0x80008000,
0x7fff7fff,
0xffffffff,
0x00010001,
0xffffffff,
0x00020002,
0xffffffff,
0x00040004,
0xffffffff,
0x00080008,
0xffffffff,
0x00100010,
0xffffffff,
0x00200020,
0xffffffff,
0x00400040,
0xffffffff,
0x00800080,
0xffffffff,
0x01000100,
0xffffffff,
0x02000200,
0xffffffff,
0x04000400,
0xffffffff,
0x08000800,
0x00010001,
0xffffffff,
0x00020002,
0xffffffff,
0x00040004,
0xffffffff,
0x00080008,
0xffffffff,
0x00100010,
0xffffffff,
0x00200020,
0xffffffff,
0x00400040,
0xffffffff,
0x00800080,
0xffffffff,
0x01000100,
0xffffffff,
0x02000200,
0xffffffff,
0x04000400,
0xffffffff,
0x08000800,
0xffffffff,
0x10001000,
0xffffffff,
0x20002000,
0xffffffff,
0x40004000,
0xffffffff,
0x80008000,
0xffffffff,
0xffffefff,
0xffffdfff,
0xffffbfff,
0xffff7fff,
0xfffffeff,
0xfffffdff,
0xfffffbff,
0xfffff7ff,
0xffffffef,
0xffffffdf,
0xffffffbf,
0xffffff7f,
0xfffffffe,
0xfffffffd,
0xfffffffb,
0xfffffff7,
0x00008000,
0x00004000,
0x00002000,
0x00001000,
0x00000800,
0x00000400,
0x00000200,
0x00000100,
0x00000080,
0x00000040,
0x00000020,
0x00000010,
0x00000008,
0x00000004,
0x00000002,
0x00000001,
0x6e51598f,
0xee49baec,
0x97613961,
0x8420f7d1,
0x55c64a08,
0x7c4a78a6,
0xd4949946,
0xdcb753a2,
0x00000310,
0x00000000,
0x00000008,
0xffffffff,
0x00000161,
0x00000000,
0x00000008,
0x00000000,
0x00000146,
0x00000000,
0x00000008,
0x00000050,
0x00000117,
0x00000000,
0x00000008,
0x00000050,
0x0000031d,
0x00000000,
0x00000008,
0xffffffff,
0x00000162,
0x00000000,
0x00000008,
0x00000000,
0x00000113,
0x00000000,
0x00000008,
0x00000050,
0x000000f4,
0x00000000,
0x00000008,
0x00000050,
0x0000032a,
0x00000000,
0x00000008,
0xffffffff,
0x00000163,
0x00000000,
0x00000008,
0x00000000,
0x00000101,
0x00000000,
0x00000008,
0x00000050,
0x00000145,
0x00000000,
0x00000008,
0x00000050,
0x00000337,
0x00000000,
0x00000008,
0xffffffff,
0x00000164,
0x00000000,
0x00000008,
0x00000000,
0x000000ef,
0x00000000,
0x00000008,
0x00000050,
0x000000f5,
0x00000000,
0x00000008,
0x00000050,
0x000000c2,
0x00000000,
0x00000004,
0x00000006,
0x00000071,
0x00000006,
0x00000001,
0x00000000,
0x00000066,
0x00000002,
0x00000001,
0x00000000,
0x00000252,
0x00000007,
0x00000001,
0x00000000,
0x000000c2,
0x00000004,
0x00000004,
0x00000006,
0x00000071,
0x00000007,
0x00000001,
0x00000000,
0x00000251,
0x00000007,
0x00000001,
0x00000000,
0x00000252,
0x00000006,
0x00000001,
0x00000000,
0x000000c3,
0x00000000,
0x00000004,
0x00000006,
0x00000070,
0x00000006,
0x00000001,
0x00000000,
0x00000251,
0x00000007,
0x00000001,
0x00000001,
0x00000066,
0x00000002,
0x00000001,
0x00000001,
0x000000c1,
0x00000000,
0x00000004,
0x00000008,
0x000000c1,
0x00000004,
0x00000004,
0x00000008,
0x000000c1,
0x00000000,
0x00000004,
0x00000008,
0x000000c1,
0x00000004,
0x00000004,
0x00000008,
0x00000005,
0x00000006,
0x00000007,
0x00000008,
0x00000009,
0x0000000a,
0x0000000b,
0x0000000c,
0x0000000d,
0x0000000e,
0x0000000f,
0x00000010,
0x00000011,
0x00000012,
0x00000013,
0x00000014,
0x00000312,
0x00000000,
0x00000008,
0xffffffff,
0x000000c6,
0x00000000,
0x00000004,
0x00000006,
0x000000c8,
0x00000000,
0x00000004,
0x00000002,
0x000000ca,
0x00000003,
0x00000004,
0x00000000,
0x000000ce,
0x00000003,
0x00000004,
0x00000000,
0x000000ca,
0x00000000,
0x00000003,
0x00000000,
0x000000ce,
0x00000000,
0x00000003,
0x00000000,
0x000000c4,
0x00000000,
0x00000004,
0x00000006,
0x0000008e,
0x00000004,
0x00000001,
0x00000000,
0x0000008f,
0x00000000,
0x00000001,
0x00000000,
0x0000031f,
0x00000000,
0x00000008,
0xffffffff,
0x000000c6,
0x00000004,
0x00000004,
0x00000006,
0x000000c8,
0x00000004,
0x00000004,
0x00000002,
0x000000cc,
0x00000003,
0x00000004,
0x00000000,
0x000000d0,
0x00000003,
0x00000004,
0x00000000,
0x000000cc,
0x00000000,
0x00000003,
0x00000000,
0x000000d0,
0x00000000,
0x00000003,
0x00000000,
0x000000c4,
0x00000004,
0x00000004,
0x00000006,
0x0000008e,
0x00000005,
0x00000001,
0x00000000,
0x0000008f,
0x00000001,
0x00000001,
0x00000000,
0x0000032c,
0x00000000,
0x00000008,
0xffffffff,
0x000000c7,
0x00000000,
0x00000004,
0x00000006,
0x000000c9,
0x00000000,
0x00000004,
0x00000002,
0x000000cb,
0x00000003,
0x00000004,
0x00000000,
0x000000cf,
0x00000003,
0x00000004,
0x00000000,
0x000000cb,
0x00000000,
0x00000003,
0x00000000,
0x000000cf,
0x00000000,
0x00000003,
0x00000000,
0x000000c5,
0x00000000,
0x00000004,
0x00000006,
0x0000008e,
0x00000006,
0x00000001,
0x00000000,
0x0000008f,
0x00000002,
0x00000001,
0x00000000,
0x00000339,
0x00000000,
0x00000008,
0xffffffff,
0x000000c7,
0x00000004,
0x00000004,
0x00000006,
0x000000c9,
0x00000004,
0x00000004,
0x00000002,
0x000000cd,
0x00000003,
0x00000004,
0x00000000,
0x000000d1,
0x00000003,
0x00000004,
0x00000000,
0x000000cd,
0x00000000,
0x00000003,
0x00000000,
0x000000d1,
0x00000000,
0x00000003,
0x00000000,
0x000000c5,
0x00000004,
0x00000004,
0x00000006,
0x0000008e,
0x00000007,
0x00000001,
0x00000000,
0x0000008f,
0x00000003,
0x00000001,
0x00000000,
0x00000312,
0x00000000,
0x00000008,
0xffffffff,
0x000000c6,
0x00000000,
0x00000004,
0x00000006,
0x000000c8,
0x00000000,
0x00000004,
0x00000002,
0x000000ca,
0x00000003,
0x00000004,
0x00000000,
0x000000ce,
0x00000003,
0x00000004,
0x00000000,
0x000000ca,
0x00000000,
0x00000003,
0x00000000,
0x000000ce,
0x00000000,
0x00000003,
0x00000000,
0x00000029,
0x00000000,
0x00000008,
0x000000b1,
0x0000031f,
0x00000000,
0x00000008,
0xffffffff,
0x000000c6,
0x00000004,
0x00000004,
0x00000006,
0x000000c8,
0x00000004,
0x00000004,
0x00000002,
0x000000cc,
0x00000003,
0x00000004,
0x00000000,
0x000000d0,
0x00000003,
0x00000004,
0x00000000,
0x000000cc,
0x00000000,
0x00000003,
0x00000000,
0x000000d0,
0x00000000,
0x00000003,
0x00000000,
0x00000029,
0x00000000,
0x00000008,
0x000000b1,
0x0000032c,
0x00000000,
0x00000008,
0xffffffff,
0x000000c7,
0x00000000,
0x00000004,
0x00000006,
0x000000c9,
0x00000000,
0x00000004,
0x00000002,
0x000000cb,
0x00000003,
0x00000004,
0x00000000,
0x000000cf,
0x00000003,
0x00000004,
0x00000000,
0x000000cb,
0x00000000,
0x00000003,
0x00000000,
0x000000cf,
0x00000000,
0x00000003,
0x00000000,
0x00000029,
0x00000000,
0x00000008,
0x000000b1,
0x00000339,
0x00000000,
0x00000008,
0xffffffff,
0x000000c7,
0x00000004,
0x00000004,
0x00000006,
0x000000c9,
0x00000004,
0x00000004,
0x00000002,
0x000000cd,
0x00000003,
0x00000004,
0x00000000,
0x000000d1,
0x00000003,
0x00000004,
0x00000000,
0x000000cd,
0x00000000,
0x00000003,
0x00000000,
0x000000d1,
0x00000000,
0x00000003,
0x00000000,
0x00000029,
0x00000000,
0x00000008,
0x000000b1,
0x000000d2,
0x00000000,
0x00000004,
0x0000000d,
0x0000009a,
0x00000000,
0x00000003,
0x00000000,
0x000002bb,
0x00000000,
0x00000004,
0x00000000,
0x00000091,
0x00000000,
0x00000002,
0x00000001,
0x000000d2,
0x00000004,
0x00000004,
0x0000000d,
0x0000009a,
0x00000004,
0x00000003,
0x00000000,
0x000002bb,
0x00000004,
0x00000004,
0x00000000,
0x00000091,
0x00000002,
0x00000002,
0x00000001,
0x000000d3,
0x00000000,
0x00000004,
0x0000000d,
0x0000009b,
0x00000000,
0x00000003,
0x00000000,
0x000002bc,
0x00000000,
0x00000004,
0x00000000,
0x00000091,
0x00000004,
0x00000002,
0x00000001,
0x000000d3,
0x00000004,
0x00000004,
0x0000000d,
0x0000009b,
0x00000004,
0x00000003,
0x00000000,
0x000002bc,
0x00000004,
0x00000004,
0x00000000,
0x00000091,
0x00000006,
0x00000002,
0x00000001,
0x6f727245,
0x203a2072,
0x2055414d,
0x74697257,
0x65522f65,
0x6c206461,
0x6e657461,
0x312b7963,
0x6c697720,
0x766f206c,
0x6c667265,
0x000a776f,
0x30307830,
0x303d6330,
0x38302578,
0x202c786c,
0x31307830,
0x303d3834,
0x38302578,
0x000a786c,
0x36307830,
0x303d3834,
0x38302578,
0x202c786c,
0x31307830,
0x303d3834,
0x38302578,
0x000a786c,
0x203e2d2d,
0x45525652,
0x63732046,
0x53206e61,
0x74726174,
0x0d2e2e2e,
0x0a0d000a,
0x78257830,
0x3a64255b,
0x3d5d6425,
0x78257830,
0x25783020,
0x64255b78,
0x5d64253a,
0x2578303d,
0x78302078,
0x255b7825,
0x64253a64,
0x78303d5d,
0x0a0d7825,
0x74796200,
0x64252065,
0x4453500a,
0x322f3120,
0x61685020,
0x64206573,
0x79616c65,
0x25783020,
0x5b783330,
0x253a6425,
0x253d5d64,
0x09090964,
0x30257830,
0x255b7833,
0x64253a64,
0x000a0d5d,
0x65725609,
0x64412066,
0x73657264,
0x56090973,
0x09514444,
0x76322e31,
0x25200009,
0x00583230,
0x0d495520,
0x7830000a,
0x78333025,
0x3a64255b,
0x3d5d6425,
0x30257830,
0x255b7833,
0x64253a64,
0x78303d5d,
0x09097825,
0x08080009,
0x25200008,
0x00643230,
0x00303020,
0x00363120,
0x00232020,
0x004f2020,
0x005f2020,
0x002e2020,
0x25204c20,
0x25643230,
0x52200025,
0x32302520,
0x00252564,
0x203e2d2d,
0x45525652,
0x63732046,
0x46206e61,
0x0d4c4941,
0x2d2d000a,
0x5652203e,
0x20464552,
0x6e616373,
0x53415020,
0x000a0d53,
0x203e2d2d,
0x20444d43,
0x6e616373,
0x61745320,
0x2e2e7472,
0x000a0d2e,
0x43205432,
0x2020444d,
0x09202020,
0x25783009,
0x5b583330,
0x253a6425,
0x0a0d5d64,
0x5f534300,
0x54312031,
0x444d4320,
0x78300909,
0x58333025,
0x3a64255b,
0x0d5d6425,
0x5343000a,
0x3120305f,
0x4d432054,
0x30090944,
0x33302578,
0x64255b58,
0x5d64253a,
0x43000a0d,
0x20204b4c,
0x20202020,
0x09092020,
0x30257830,
0x0a0d5833,
0x20090900,
0x20202020,
0x09002020,
0x78300909,
0x58333025,
0x5d64255b,
0x2064253d,
0x20202020,
0x30202020,
0x33302578,
0x64255b58,
0x64253d5d,
0x20000a0d,
0x30257830,
0x255b5833,
0x253d5d64,
0x78302064,
0x58333025,
0x5d64255b,
0x2064253d,
0x20202000,
0x09202020,
0x30257830,
0x255b5833,
0x64253a64,
0x2020205d,
0x2d002020,
0x43203e2d,
0x7320444d,
0x206e6163,
0x4c494146,
0x2d000a0d,
0x43203e2d,
0x7320444d,
0x206e6163,
0x53534150,
0x48000a0d,
0x72657465,
0x6e65676f,
0x73756f65,
0x61726420,
0x000a0d6d,
0x53204c48,
0x0d504157,
0x7953000a,
0x6d657473,
0x64646120,
0x73736572,
0x30783020,
0x61747320,
0x31207472,
0x69622036,
0x72612074,
0x0a0d6165,
0x312b3200,
0x34000a0d,
0x0a0d322b,
0x342b3800,
0x34000a0d,
0x0a0d312b,
0x2b363100,
0x000a0d34,
0x382b3631,
0x63000a0d,
0x69666e6f,
0x6f6e2067,
0x75732074,
0x726f7070,
0x000a0d74,
0x20312b32,
0x3420726f,
0x202c312b,
0x0a0d7825,
0x342b3800,
0x20726f20,
0x342b3631,
0x7825202c,
0x20000a0d,
0x47420058,
0x72652030,
0x20726f72,
0x61746164,
0x2c782520,
0x726f6320,
0x74636572,
0x74616420,
0x78252061,
0x42000a0d,
0x70203047,
0x0d737361,
0x4742000a,
0x72652031,
0x20726f72,
0x61746164,
0x2c782520,
0x726f6320,
0x74636572,
0x74616420,
0x78252061,
0x42000a0d,
0x70203147,
0x0d737361,
0x4142000a,
0x72652030,
0x20726f72,
0x61746164,
0x2c782520,
0x726f6320,
0x74636572,
0x74616420,
0x78252061,
0x42000a0d,
0x70203041,
0x0d737361,
0x4142000a,
0x72652031,
0x20726f72,
0x61746164,
0x2c782520,
0x726f6320,
0x74636572,
0x74616420,
0x78252061,
0x42000a0d,
0x70203141,
0x0d737361,
0x2541000a,
0x72652064,
0x20726f72,
0x61746164,
0x2c782520,
0x726f6320,
0x74636572,
0x74616420,
0x78252061,
0x726f6628,
0x66657220,
0x6e657265,
0x77206563,
0x206e6568,
0x34726464,
0x62473820,
0x382c3878,
0x31786247,
0x6e612036,
0x64642064,
0x38203372,
0x38786247,
0x6247382c,
0x2c363178,
0x78624734,
0x0a0d2938,
0x64254100,
0x72726520,
0x6420726f,
0x20617461,
0x202c7825,
0x72726f63,
0x20746365,
0x61746164,
0x28782520,
0x20726f66,
0x65666572,
0x636e6572,
0x68772065,
0x64206e65,
0x20347264,
0x62473631,
0x312c3878,
0x78624736,
0x0d293631,
0x2541000a,
0x72652064,
0x20726f72,
0x61746164,
0x2c782520,
0x726f6320,
0x74636572,
0x74616420,
0x78252061,
0x41000a0d,
0x70206425,
0x28737361,
0x20726f66,
0x65666572,
0x636e6572,
0x68772065,
0x64206e65,
0x20347264,
0x78624738,
0x47382c38,
0x36317862,
0x646e6120,
0x72646420,
0x47382033,
0x2c387862,
0x78624738,
0x342c3631,
0x38786247,
0x000a0d29,
0x20642541,
0x73736170,
0x726f6628,
0x66657220,
0x6e657265,
0x77206563,
0x206e6568,
0x34726464,
0x47363120,
0x2c387862,
0x62473631,
0x29363178,
0x41000a0d,
0x70206425,
0x0d737361,
0x2d2d000a,
0x5144203e,
0x63732046,
0x53206e61,
0x74726174,
0x0d2e2e2e,
0x7677000a,
0x20666572,
0x78257830,
0x62000a0d,
0x20657479,
0x09096425,
0x09090909,
0x20514409,
0x73616850,
0x000a0d65,
0x20445350,
0x20382f31,
0x73616850,
0x65642065,
0x2079616c,
0x33257830,
0x64255b78,
0x5d64253a,
0x0964253d,
0x28205144,
0x33257830,
0x64255b78,
0x5d64253a,
0x00090929,
0x00782520,
0x09090a0d,
0x50090909,
0x28205144,
0x33257830,
0x64255b78,
0x5d64253a,
0x50000929,
0x44205144,
0x3020594c,
0x33302578,
0x78303d58,
0x58323025,
0x43200920,
0x20594c44,
0x30257830,
0x09205832,
0x4c444620,
0x78302059,
0x58323025,
0x20000a0d,
0x25783020,
0x5b783330,
0x253a6425,
0x303d5d64,
0x20782578,
0x30257830,
0x255b7833,
0x253d5d64,
0x78302064,
0x78333025,
0x5d64255b,
0x0964253d,
0x09643225,
0x2d000909,
0x44203e2d,
0x73204651,
0x206e6163,
0x4c494146,
0x2d000a0d,
0x44203e2d,
0x73204651,
0x206e6163,
0x53534150,
0x2d000a0d,
0x51203e2d,
0x204e4553,
0x6e616373,
0x61745320,
0x2e2e7472,
0x000a0d2e,
0x203e2d2d,
0x45525657,
0x63732046,
0x53206e61,
0x74726174,
0x0d2e2e2e,
0x2020000a,
0x30257830,
0x255b7833,
0x64253a64,
0x78303d5d,
0x25097825,
0x09096432,
0x00090909,
0x25783009,
0x5b783330,
0x253a6425,
0x253d5d64,
0x78302064,
0x78333025,
0x3a64255b,
0x3d5d6425,
0x30206425,
0x33302578,
0x64255b78,
0x5d64253a,
0x0964253d,
0x79620009,
0x25206574,
0x09090964,
0x09090909,
0x656e6946,
0x6e755420,
0x68502065,
0x28657361,
0x352e3232,
0x67656420,
0x29656572,
0x09000a0d,
0x30090909,
0x33302578,
0x64255b78,
0x5d64253a,
0x25200009,
0x30090058,
0x33302578,
0x64255b78,
0x5d64253a,
0x0964253d,
0x00090909,
0x203e2d2d,
0x4e455351,
0x61637320,
0x4146206e,
0x0a0d4c49,
0x3e2d2d00,
0x45535120,
0x6373204e,
0x50206e61,
0x0d535341,
0x4146000a,
0x21214c49,
0x000a0d21,
0x53534150,
0x0d212121,
0x0a0d000a,
0x465a4e55,
0x216c6961,
0x55504300,
0x30303131,
0x520a0020,
0x65676e61,
0x6e616353,
0x72657620,
0x25005b3a,
0x002d0064,
0x646e6152,
0x61506d6f,
0x72657474,
0x000a0d6e,
0x4d415244,
0x43532031,
0x0a0d4e41,
0x4e4f4400,
0x000a0d45,
0x6d64003e,
0x73732061,
0x64252063,
0x73000a0d,
0x616d2061,
0x6f742070,
0x62363120,
0x0a0d7469,
0x00000000,
0xf0d46659,
0xf0d4663d,
0xf0d46699,
0xf0d46711,
0xf0d4667d,
0xf0d46661,
0x4a04b580,
0x6813af00,
0xd5fc069b,
0x60184b02,
0xbf00bd80,
0xf0110014,
0xf0110000,
0xaf00b580,
0x0000bd80,
0x4a04b580,
0x6813af00,
0xd5fc07db,
0x68184b02,
0xbd80b2c0,
0xf0111014,
0xf0111000,
0x4a04b580,
0x6813af00,
0xd5fc069b,
0x60184b02,
0xbf00bd80,
0xf0111014,
0xf0111000,
0x4a04b580,
0x6813af00,
0xd5fc07db,
0x68184b02,
0xbd80b2c0,
0xf0110014,
0xf0110000,
0x211a4a13,
0xaf00b580,
0xf0436813,
0x60130310,
0xf4236f53,
0x675323c0,
0x3280f502,
0x68133240,
0x6300f443,
0x4b0b6013,
0xf042781a,
0x701a0280,
0x70114a09,
0x71112100,
0xf002781a,
0x701a027f,
0xf042781a,
0x701a0203,
0xf8032207,
0xbd802c04,
0xf0010034,
0xf011100c,
0xf0111000,
0xaf00b580,
0xffcef7ff,
0x0000bd80,
0x22004b08,
0xaf00b580,
0x615a6959,
0x4906545a,
0x07d2780a,
0x4a05d5fc,
0xb2d27812,
0x69597002,
0xbd80545a,
0x01000208,
0xf0110014,
0xf0110000,
0xb5804b05,
0x781baf00,
0x0301f013,
0x4b03d001,
0x7003781b,
0xbf00bd80,
0xf0110014,
0xf0110000,
0x22004b13,
0x4d13b5f0,
0xaf004e13,
0x615a6959,
0x695a545a,
0xd9002a13,
0x7829bdf0,
0xd5f907c9,
0x46047831,
0xf804b2c9,
0x29081b01,
0x5499695a,
0xb10ad104,
0x615a3a01,
0xe7ea4620,
0xd102290a,
0x70432300,
0x290dbdf0,
0x3201d0fa,
0xbf00e7f3,
0x01000208,
0xf0110014,
0xf0110000,
0x4604b5b0,
0xaf001845,
0xd10042ac,
0x4620bdb0,
0xf7ff3401,
0xe7f7ff9f,
0xe92d4800,
0xe3500000,
0xe28db004,
0x0a000003,
0xe3500001,
0xe59f000c,
0x13a00000,
0xe8bd8800,
0xe59f0004,
0xe8bd8800,
0xf0d46630,
0xf0d46624,
0x00000000,
0xb5b04b07,
0xb933af00,
0x682a4d06,
0x1e44b11a,
0x0f01f814,
0xbdb0b900,
0x685b682b,
0xe7f74798,
0x00000000,
0xf0d46810,
0xb5804b03,
0x6018af00,
0x6803b108,
0xbd804798,
0xf0d46810,
0xb5804b02,
0x6818af00,
0xbf00bd80,
0xf0d46810,
0x4604b598,
0xaf004803,
0xffd4f7ff,
0xf7ff4620,
0xbd98ffd1,
0x01000053,
0x4605b5b0,
0xaf004809,
0xf7ff460c,
0x4628ffc7,
0xffc4f7ff,
0xf7ff4806,
0x4620ffc1,
0xe990f000,
0xffbcf7ff,
0xf7ff4803,
0xbdb0ffb9,
0x01000053,
0x0100004c,
0x01000050,
0x4ff8e92d,
0xf8df4606,
0xf8dfa05c,
0xaf00b05c,
0x46044688,
0x0308eb06,
0xd301429c,
0x8ff8e8bd,
0x1f25480e,
0xff9ef7ff,
0x090cf104,
0xf0004620,
0xf7ffe96c,
0x4650ff97,
0xff94f7ff,
0x0f04f855,
0xe962f000,
0xff8ef7ff,
0xf7ff4658,
0x454dff8b,
0x4803d1f4,
0xf7ff3410,
0xe7dbff85,
0x0100004d,
0x01000050,
0x01000056,
0x01000059,
0x00f00000,
0xe92d4800,
0xe28db004,
0xeb000091,
0xe8bd8800,
0xe59f300c,
0xe92d4800,
0xe28db004,
0xe5830000,
0xe8bd8800,
0xf0d4691c,
0xe59f300c,
0xe92d4800,
0xe28db004,
0xe5930000,
0xe8bd8800,
0xf0d4691c,
0xe59f3020,
0xe92d4800,
0xe28db004,
0xe5932080,
0xe3520000,
0x05930084,
0x016f0f10,
0x01a002a0,
0x13a00000,
0xe8bd8800,
0xf0050000,
0xe92d4800,
0xe30a3a55,
0xe1d003b0,
0xe28db004,
0xe0400003,
0xe16f0f10,
0xe1a002a0,
0xe8bd8800,
0xf022b580,
0x38040203,
0x440aaf00,
0xd1004291,
0xf851bd80,
0xf8403b04,
0xe7f73f04,
0x4604b5b0,
0xaf00460d,
0xfa66f000,
0xf6474b1a,
0x601a7224,
0x60144a19,
0x681a6055,
0x0201f042,
0x681a601a,
0x07d2681a,
0x086bd4fc,
0x1e594a14,
0x68124359,
0xeb010849,
0xb2894112,
0x4811b1b9,
0xfa75f000,
0x48104621,
0xfa71f000,
0x480f4629,
0xfa6df000,
0x68134a0e,
0x0301f043,
0x4b0d6013,
0x601a4a0d,
0x68193a01,
0x601a430a,
0x4b0be7fe,
0x601a2203,
0xbf00bdb0,
0xf0188060,
0xf0188064,
0xf018806c,
0xf0d46afc,
0xf0d46b0e,
0xf0d46b17,
0xf0230070,
0xf0240000,
0x5a960002,
0xf01880a0,
0xf06f4b09,
0xb5800203,
0xaf004401,
0xf04f601a,
0x4a0633ff,
0x60536013,
0x22016093,
0x60184b04,
0xf8436059,
0xbd802c10,
0xf0180090,
0xf0180094,
0xf0180070,
0x22014b04,
0xaf00b580,
0x2200601a,
0x2c08f843,
0xbf00bd80,
0xf0180068,
0xb5804b06,
0x6818af00,
0x0001f010,
0x6859d005,
0xb2c94803,
0xfa15f000,
0xbd802001,
0xf0180068,
0xf0d46b20,
0xe59f3018,
0xe92d4800,
0xe28db004,
0xe5933000,
0xe3130d06,
0x03a00001,
0x13a00000,
0xe8bd8800,
0xf0010000,
0x63656863,
0x6d75736b,
0x766e6920,
0x64696c61,
0x7766003d,
0x64646120,
0x66003d72,
0x69732077,
0x003d657a,
0x4d415244,
0x6f727020,
0x74636574,
0x74206465,
0x67676972,
0x2c647265,
0x00484320,
0xe2523020,
0xe262c020,
0x41a00230,
0x51a00331,
0x41800c11,
0xe1a01231,
0xe12fff1e,
0xe2523020,
0xe262c020,
0x41a01211,
0x51a01310,
0x41811c30,
0xe1a00210,
0xe12fff1e,
0xe59f3030,
0xe59f2030,
0xe00330a0,
0xe0400003,
0xe0003002,
0xe0020120,
0xe0833000,
0xe59f001c,
0xe0833223,
0xe0000003,
0xe0800400,
0xe0800800,
0xe1a00c20,
0xe12fff1e,
0x55555555,
0x33333333,
0x0f0f0f0f,
0xe51ff004,
0x01000015,
0xb5804b09,
0xaf004909,
0x69da4809,
0xf1011a52,
0xf7ff4171,
0xf000feeb,
0xf000f8d5,
0x4805f961,
0xf984f000,
0xbd802000,
0xf0d40000,
0x00009860,
0x01000000,
0x0100005c,
0xb5904913,
0x680baf00,
0xf0130c1b,
0xd11d0001,
0x0207f003,
0xd11a2a02,
0x69a24c0e,
0x0001f012,
0xf013d015,
0xd0120008,
0xf4424b0b,
0x68187280,
0x0020f040,
0x68086018,
0x2000f420,
0x20016008,
0xf0416819,
0x60190104,
0xbd9061a2,
0xbd902000,
0xf0a50004,
0xf0d40070,
0xf0a50010,
0xb5804b05,
0x699baf00,
0xd50305da,
0x68134a03,
0xd4fc075b,
0xbf00bd80,
0xf0d40070,
0xf0a50010,
0xb5804b0b,
0x681baf00,
0xf0130c1b,
0xd10c0001,
0x0307f003,
0xd1092b02,
0x20014b06,
0xf240699a,
0x43931301,
0x2000bf18,
0x2000bd80,
0xbf00bd80,
0xf0a50004,
0xf0d40070,
0xb5804b04,
0x6819af00,
0x1a52681a,
0xd3fb4282,
0xbf00bd80,
0xf0100108,
0x6842b590,
0x6804af00,
0x46032000,
0x42930852,
0xb280d101,
0xf834bd90,
0x44191013,
0x44083301,
0xe92de7f5,
0xaf0047f0,
0xd0462a00,
0xe000f890,
0x23012600,
0x1c5c5cc5,
0xd13a45ae,
0xeb005d05,
0xb9450904,
0xe006f801,
0x36013302,
0xd3f14293,
0xe8bd4630,
0x464d87f0,
0x0c00f04f,
0x8b01f815,
0x037ff008,
0x0f80f018,
0x1cccea43,
0x0309eba5,
0x4423d1f4,
0xeb002400,
0x464d0903,
0x8b01f815,
0x0a7ff008,
0x0f80f018,
0x14c4ea4a,
0x0a09eba5,
0xeb01d1f4,
0x44530806,
0x42644645,
0x0908eba5,
0xd80145cc,
0xe7d14466,
0x9004f815,
0x9b01f805,
0x558de7f4,
0x36014623,
0x4610e7c8,
0x87f0e8bd,
0x2300b580,
0xee07af00,
0xee073f15,
0xf3bf3fd5,
0xf3bf8f4f,
0xbd808f6f,
0xaf00b5f0,
0x2802b158,
0x4b16d11f,
0x2300681a,
0x08524614,
0x2a013301,
0x4a13d8fb,
0x4b13e008,
0x4603681a,
0x08524614,
0x2a013301,
0x4a10d8fb,
0x0320f1c3,
0xc000f8d2,
0xfa022201,
0x2200f303,
0xdb0342a2,
0xf3bfb109,
0xbdf08f4f,
0x25004606,
0xdb024565,
0x44183201,
0x3640e7f2,
0x6f56ee07,
0xe7f53501,
0xf0d40f28,
0xf0d40f24,
0xf0d40f30,
0xf0d40f2c,
0x2100b580,
0xaf004608,
0xffc0f7ff,
0x20022100,
0xffbcf7ff,
0x8f4ff3bf,
0xb5f0bd80,
0xb158af00,
0xd11f2802,
0x681a4b16,
0x46142300,
0x33010852,
0xd8fb2a01,
0xe0084a13,
0x681a4b13,
0x46144603,
0x33010852,
0xd8fb2a01,
0xf1c34a10,
0xf8d20320,
0x2201c000,
0xf303fa02,
0x42a22200,
0xb109db03,
0x8f4ff3bf,
0x4606bdf0,
0x45652500,
0x3201db02,
0xe7f24418,
0xee073640,
0x35016f5e,
0xbf00e7f5,
0xf0d40f28,
0xf0d40f24,
0xf0d40f30,
0xf0d40f2c,
0x2100b580,
0xaf004608,
0xffbff7ff,
0x20022100,
0xffbbf7ff,
0x8f4ff3bf,
0xbf00bd80,
0x4a04b580,
0x7813af00,
0xd5fc069b,
0x70184b02,
0xbf00bd80,
0xf0110014,
0xf0110000,
0x1e41b580,
0xf811af00,
0xb9000f01,
0xf7ffbd80,
0xe7f8ffe9,
0xaf00b580,
0xfc90f7ff,
0xb598bd80,
0xaf00460c,
0xfc8af7ff,
0xf7ff4805,
0x4620fc87,
0xe80af000,
0xfc82f7ff,
0xf7ff4802,
0xbd98fc7f,
0x0100004c,
0x01000050,
0xe51ff004,
0x01000015,
0x314c4342,
0x09000000,
0x84090100,
0x016b0000,
0x04b5f8aa,
0x00460d46,
0x16212caf,
0x02226a46,
0x80fc18f0,
0x20212b22,
0x13f00246,
0x2c22eafc,
0x0e0a05aa,
0x07aa6afc,
0x00fc090a,
0x040a07aa,
0x07aa00fc,
0x69fbff28,
0xfa1407aa,
0x3c08aafb,
0xaae9fbf5,
0xfbf01407,
0xeb3c08aa,
0x3c08aafb,
0x08aafbe6,
0xc8fbe13c,
0x13f54620,
0xdef895fe,
0x00228030,
0xea1405aa,
0x424620fb,
0x02210122,
0xabfbd2f0,
0x06011868,
0x1e04aad5,
0x1e07aa08,
0x2380fbdb,
0x461a2121,
0xd50c04aa,
0x402380fb,
0x07aa53f2,
0x00fbce0e,
0x69228023,
0xc82605aa,
0x692380fb,
0xc21807aa,
0xdff895fb,
0x05aa0d20,
0x95fba918,
0x0e20e0f8,
0xa30c05aa,
0xe1f895fb,
0x0f220730,
0xaf0e05aa,
0xe2f895fb,
0x05aa1020,
0x95fb960c,
0x1120e3f8,
0x900c05aa,
0xe4f895fb,
0x12220730,
0x9c0e05aa,
0xf00e05aa,
0x950e07aa,
0xe5f895fb,
0x13221f30,
0x8e0e05aa,
0xe6f895fb,
0x05aa1520,
0x95fb750c,
0x1620e7f8,
0x6f0c05aa,
0xe8f895fb,
0x05aa1720,
0x95fb690c,
0x1820e9f8,
0x630c05aa,
0xeaf895fb,
0x05aa1920,
0x95fb5d0c,
0x1a20ebf8,
0x570c05aa,
0xecf895fb,
0x05aa1b20,
0x1cfb510c,
0xedf89521,
0x0c04aa20,
0x68abfb4b,
0xd5220119,
0x20eef895,
0x1e05aa60,
0xf895fb42,
0xaa6120ef,
0xfb3c0c05,
0x20f0f895,
0x0c05aa62,
0xf895fb36,
0xaa6320f1,
0xfb300c05,
0xaa644632,
0xfb2b0a05,
0x20f3f895,
0x0c05aa65,
0xf895fb25,
0x223f30f4,
0x0e05aa01,
0xf895fb31,
0x220f30f5,
0x0e05aa02,
0xf895fb2a,
0x220f30f6,
0x0e05aa04,
0xf895fb23,
0x220f30f7,
0x0e05aa05,
0xf895fb1c,
0x221f30f8,
0x0e05aa06,
0xf895fb15,
0x220f30f9,
0x8406aa07,
0xf895fb26,
0x223f30fa,
0x0e05aa09,
0xf895fb07,
0x223f30fb,
0x0e05aa0a,
0x05aafb00,
0xf895fa5a,
0x221f30fc,
0x1405aa0b,
0xf895faf6,
0xaa2020fd,
0xfadd0c05,
0x30fef895,
0xaa21220f,
0xfae90e05,
0x20fff895,
0x0c05aa22,
0xf895fad0,
0x223f3100,
0x0e05aa23,
0xf895fadc,
0xaa272101,
0xfac30c05,
0x3102f895,
0xaa282207,
0xfacf0e05,
0x3103f895,
0xaa2d220f,
0xaa008406,
0xaa700e05,
0xfac10e07,
0x22402300,
0x8405aa19,
0x40fabb0e,
0x07aa0023,
0xfab51a84,
0x707af44f,
0xfcd3f546,
0xaa3d2340,
0xfaf71407,
0x1c8508aa,
0xaa0bfa93,
0x8e308507,
0x07aa8bfa,
0xaafa890a,
0x84448508,
0x46200afa,
0xabfcb6f5,
0x05011a68,
0x404632d5,
0x05aa8ef2,
0xabfa7818,
0x05aa1b68,
0x31053485,
0xaa662202,
0xfa811405,
0xe92dbdf8,
0x460d41f0,
0xaf004604,
0x4b1db3a0,
0x491e4a1e,
0x6812681b,
0x04006808,
0x2002ea40,
0x23604318,
0xf44f4358,
0xfb903300,
0xf006f0f3,
0x4606fa74,
0x462002b6,
0x0880f046,
0xf986f002,
0x22064643,
0x46114620,
0xff08f003,
0xf5462001,
0xea48fc7a,
0x08aa0305,
0xaafefe14,
0xea460a04,
0x04aa0305,
0xaafef70e,
0xf9647404,
0x81f0e8bd,
0x4a064b06,
0x6a05aa07,
0xbf00e7c9,
0xf0024860,
0xf0024864,
0xf0024868,
0xf00244e0,
0xf00244e4,
0xf00244e8,
0x22f0b580,
0x1149f240,
0x2001af00,
0xfa17f002,
0x4b0e04aa,
0x0c04aa11,
0x22f0fa11,
0x71a5f44f,
0x0b0c04aa,
0xa60c05aa,
0x050c05aa,
0x402200fa,
0x05aa29f2,
0x00f9ff24,
0x95f44f22,
0xf91805aa,
0x1804aaf9,
0x1805aa2b,
0x0c05aaf3,
0x0c05aa25,
0x2300f9ed,
0x21e12202,
0xfa0c04aa,
0x002201f9,
0xe1461023,
0xf4f00221,
0xe31805aa,
0xee1805aa,
0xe31807aa,
0xe8f00221,
0x402300f9,
0x05aae522,
0x00f9e218,
0x07aa2023,
0x05aadc0c,
0x05aad830,
0x07aad60c,
0x0221d830,
0x00f9d0f0,
0xd7228023,
0xca1805aa,
0xaa3c05aa,
0xaac40c06,
0x06aa3c05,
0x05aabe0c,
0x05aabe24,
0x05aab80c,
0x1806aa48,
0x4b01f9b2,
0x601a2200,
0x0100bd80,
0xe92df003,
0x460443f8,
0xaf002303,
0xf891460d,
0x461690f2,
0x461a21e1,
0x8024f8d7,
0xf99df002,
0xaae32303,
0x97288407,
0xe52360f9,
0x910c07aa,
0xd968abf9,
0xf3d57d00,
0x468205aa,
0x008805aa,
0x0c04aaf9,
0x0c05aa4b,
0xaac0f96f,
0xaa448205,
0xaa008805,
0xaaa60c05,
0xaa630c05,
0x29208205,
0x5d2405aa,
0x448207aa,
0x008805aa,
0x448207aa,
0x008805aa,
0x961805aa,
0x4b1805aa,
0xe12302f9,
0x587207aa,
0x09aa01f9,
0x07aa520c,
0x04aa4482,
0x00f94c0c,
0x07aa0123,
0x40f9460c,
0x228109aa,
0xaa20f940,
0xf93a0c09,
0xaad82302,
0xf9340c07,
0x0c09aa01,
0x2380f92e,
0x0c07aad7,
0x8207aa28,
0x0c04aa44,
0xaa20f922,
0xf91c1809,
0xaabe2380,
0xf9160c07,
0x1809aa02,
0x2380f910,
0x0c07aa31,
0x2300f90a,
0x2131224f,
0xf0064620,
0xf002060f,
0x2300f902,
0xaa3222ff,
0xf8fc4c05,
0x330c04aa,
0x008806aa,
0x340c05aa,
0x268c06aa,
0x1f2300f8,
0x06aa3522,
0x05aa008c,
0x05aa3618,
0x05aae40c,
0x05aa370c,
0x05aade0c,
0x05aa380c,
0x05aad80c,
0x05aa390c,
0x00f8d20c,
0x3a220f23,
0xcc0c05aa,
0x3f2300f8,
0x05aad522,
0x10f8c60c,
0xd6223f23,
0xc00c05aa,
0x46200af8,
0x06fadff5,
0x4f220723,
0x05aa14f4,
0xf8b65082,
0xaa102300,
0xb0168807,
0x012340f8,
0x408107aa,
0x40f800aa,
0x98236af6,
0x64f34145,
0x012e0186,
0x008655f3,
0xbf223023,
0x008c06aa,
0x012300f8,
0x06aabd22,
0xaaf8268c,
0x900c820a,
0xa0f895f8,
0xbc220c30,
0x268806aa,
0x672288f8,
0x710a05aa,
0x68224af8,
0x6c0a05aa,
0x028105aa,
0x2301fa9e,
0x3407aabd,
0xf44ff876,
0xf54670fa,
0xaa80fa94,
0xb87e8809,
0x0c2204f8,
0x7c3005aa,
0x4022c0fb,
0x05aa77f2,
0x0baa4e0c,
0xf85b1e81,
0x8909aa02,
0x80f85540,
0x10f44f23,
0x0e06aa71,
0x2210f84e,
0xaa41f240,
0xaa353205,
0xaa420c05,
0xf82f0c05,
0xf44f2210,
0x8105aa1d,
0x05aa2974,
0x05aa1c0c,
0x05aa230c,
0x05aa7524,
0x05aa1d24,
0x05aa710c,
0x07aa170c,
0xdd050082,
0xf44f2218,
0x2c05aa88,
0x08aaf80d,
0xf8085a8f,
0x168a08aa,
0x06aaf803,
0xf001168a,
0x06aafffe,
0xf001348a,
0x06aafff9,
0xf001208a,
0xf895fff4,
0xaa8030f7,
0x00388c07,
0x07aafff8,
0xf0011c86,
0x04aaffe7,
0x05aa4b0c,
0x95ffe10c,
0xaa20a1f8,
0x011e8606,
0x95ffdaf0,
0xaa20a2f8,
0x01208606,
0x80ffd3f0,
0x05aa0623,
0xf0016a81,
0xf895ffe0,
0x227f30a3,
0xaaa3f44f,
0xffd81c05,
0x30a4f895,
0xf240227f,
0x4805aa17,
0xf895ffd0,
0x1005aaa5,
0x1005aa13,
0xf895ffc8,
0x227f30a6,
0x8105aaf4,
0x95ffc10c,
0x05aaa7f8,
0x05aa011e,
0x95ffb91e,
0x05aaa8f8,
0x05aa4510,
0x95ffb110,
0x7f30a9f8,
0x05aaef22,
0xff00aa2e,
0x00aaf895,
0xf5227f30,
0xa30e05aa,
0xabf895ff,
0x40220730,
0x05aa0ff2,
0x95ff9b2c,
0x0730acf8,
0x81f44f22,
0x0a8105aa,
0xf895ff93,
0x227030ad,
0xaa83f44f,
0xff8b1005,
0x30aef895,
0xf2402270,
0x3005aa21,
0xf895ff83,
0x220730af,
0x4e05aaee,
0xf895ff7c,
0x2e05aab0,
0x2e05aa9d,
0x2300ff74,
0x115c04aa,
0x6d2c05aa,
0x4f0e05aa,
0x05aa82f4,
0x07aa661c,
0x05aa850e,
0x00ff5f0e,
0x5604aa23,
0x2a05aa19,
0x0e05aa58,
0xaa84f44f,
0xff511c05,
0xaab1f895,
0xaa148105,
0xff491006,
0x30b2f895,
0xaae72270,
0xff427405,
0x30b3f895,
0xaaec2207,
0xff3b0e05,
0x30b4f895,
0xf24022e0,
0x4a05aa03,
0xf895ff33,
0x3c05aab5,
0x3c05aa91,
0xf895ff2b,
0x220730b6,
0x2e05aaf3,
0x2300ff24,
0xaaed22e0,
0xaa1e0c05,
0xaaf77405,
0xaa180c05,
0x87008107,
0x113405aa,
0x2a8107aa,
0x0e05aa92,
0x8107aa0a,
0x05aa472a,
0x95ff0360,
0x0f310af8,
0x3bf24022,
0xfb1005aa,
0x0bf895fe,
0x4f22f031,
0x05aa90f4,
0x95fef32e,
0xaa30b5f8,
0x06aa1004,
0xfeeb0081,
0xaa0cf895,
0xaaa22005,
0xfee31005,
0xaa08f895,
0xaa8e1005,
0xfedb1005,
0x30b0f895,
0x8209aa0f,
0x95fed342,
0x0f30b7f8,
0x05aaf222,
0xfecc1881,
0x30b8f895,
0x1b6e04aa,
0xc46e05aa,
0xb9f895fe,
0xe8220f30,
0xbd1e05aa,
0xbaf895fe,
0x8d3c05aa,
0xb53c05aa,
0xbbf895fe,
0x891005aa,
0xad1005aa,
0xbcf895fe,
0x4022f030,
0x05aa4df2,
0x95fea53e,
0x05aabdf8,
0xaaa71c81,
0xfe9d2005,
0x310df895,
0x052004aa,
0x952005aa,
0x0ef895fe,
0x1c8105aa,
0x248306aa,
0xf895fe8d,
0x4005aac2,
0x2005aa41,
0x8105aa85,
0x6004aa4c,
0x4c8106aa,
0xf895fe7d,
0x8205aa07,
0x05aa430c,
0x95fe7520,
0x05aa0ff8,
0x06aa0750,
0x95fe0084,
0x0f30bef8,
0x05aaf022,
0xfe662e81,
0xaabff895,
0x154c8105,
0x5e1e05aa,
0xc0f895fe,
0x0e8105aa,
0x4e05aa80,
0xf895fe56,
0x1005aac1,
0x308406aa,
0x7e05aa4e,
0xaa3004aa,
0xaa467e06,
0x04aa6e05,
0x6e06aa5e,
0x8205aa3e,
0x1004aa1c,
0x1c8206aa,
0xf895fe36,
0x1005aaab,
0x5a8506aa,
0x8205aa2e,
0x09aa0f6a,
0xaa266a82,
0xaa1e8205,
0x06aa6004,
0xfe1e1e82,
0x3109f895,
0xaaea22f0,
0x171e8105,
0xc3f895fe,
0x388405aa,
0x1e05aaa1,
0x8205aa0f,
0x09aa705c,
0xfe075c82,
0xaaaef895,
0xaa388605,
0xff088606,
0xacf895fd,
0xaa2005aa,
0xf7388606,
0xc4f895fd,
0xf1220730,
0xf04e05aa,
0xc5f895fd,
0x4f22e030,
0x05aa9cf4,
0x95fde81e,
0x05aac6f8,
0x05aa8c5e,
0x95fde010,
0x05aac7f8,
0x05aa394e,
0x05aad84e,
0x09aa7010,
0x95fdd010,
0x05aac8f8,
0x05aaa45e,
0xaafdc830,
0xaa6a8b06,
0xc1208506,
0x05aa60fd,
0xaa091285,
0xaaba2c05,
0xaae00e05,
0xaab47805,
0x06aa2805,
0x07aaae0c,
0x05aa0b26,
0x07aaa726,
0x8706aa42,
0x11fda056,
0x05aadb22,
0x11fd8826,
0x05aadc22,
0xaafd830a,
0x73288c08,
0x012e0183,
0x008351f3,
0xd822fc23,
0x002607aa,
0xd9220f23,
0x820c05aa,
0xc9f895fd,
0x05aac120,
0x2bfd690c,
0x1a01da68,
0x662304d5,
0x5a8907aa,
0x2380fd73,
0xaa52f240,
0xaa6c0e07,
0xaa510e05,
0xfd650e07,
0x1c0baa40,
0xf895fd5e,
0xaac220ca,
0xaa454805,
0x40300c04,
0x03217122,
0x20030ff0,
0x053b0646,
0x40bf882b,
0x00bf9823,
0x49f00123,
0x801e05aa,
0x20217122,
0xaa091b46,
0xaa801c06,
0xfd3b1c07,
0x30cbf895,
0xaac3220f,
0xaa344805,
0x22400e05,
0x4815aa70,
0x2360fd25,
0x7e07aa07,
0xf895fd1f,
0xaac420cc,
0xfd063605,
0x20cdf895,
0x0c05aac5,
0x1804aa00,
0x3e04aa30,
0x413c04aa,
0x1082f1f2,
0x07aa8e23,
0x01fd0534,
0x8f220123,
0xff2805aa,
0x2804aafc,
0x0e8106aa,
0x82e7f241,
0x2609aa20,
0x2302fcf2,
0x2607aa02,
0xf895fcec,
0x4e0baacd,
0xaa4082dc,
0xfcde2809,
0xaa042304,
0xaad82807,
0x08aa2805,
0x8082d24e,
0xcb2609aa,
0x082308fc,
0xc52607aa,
0xcef895fc,
0x05aac620,
0x95fcac0c,
0xc720cff8,
0xa60c05aa,
0xd0f895fc,
0x05aac820,
0x95fca00c,
0xc920d1f8,
0x9a0c05aa,
0xca2200fc,
0x950a05aa,
0xcb2200fc,
0x900a05aa,
0xcc2200fc,
0x8b0a05aa,
0xcd2200fc,
0x860a05aa,
0xce2200fc,
0x810a05aa,
0xcf2200fc,
0x5a8b06aa,
0xd02200fc,
0x770a05aa,
0xd12200fc,
0x720a05aa,
0x40230ffc,
0xaa115ff2,
0x7e1a8106,
0x650e05aa,
0x770e07aa,
0xd2f895fc,
0x61f24020,
0x6e8405aa,
0xf895fc5d,
0xf44f20d3,
0x8706aab1,
0xf895fc5a,
0xf24020d4,
0x1c05aa63,
0xf895fc4f,
0xf44f20d5,
0x1c05aab2,
0x22f0fc48,
0x5e05aa9e,
0xf895fc43,
0xaa9220d6,
0xfc3d0c05,
0x20d7f895,
0x0c05aa93,
0xf895fc37,
0xf24020d8,
0x0e05aabb,
0xf895fc30,
0xf44f20d9,
0x3e05aa2f,
0x2360fc29,
0x8207aa94,
0xc0fc362a,
0x07aad423,
0x2604aa0c,
0xaa9120db,
0xfc5a8706,
0x20dcf895,
0x0c05aad2,
0xf895fc11,
0xaad320dd,
0xfc0b0c05,
0x008105aa,
0x669e05aa,
0x1205aa31,
0x200afc15,
0xfe34f545,
0xaae62308,
0xaa0c4807,
0xfe2b1205,
0x0e9408aa,
0xaa03f001,
0xfe221205,
0x22082300,
0x3605aae6,
0x04aafbfa,
0xaefe1912,
0xc0f3c668,
0x692e0066,
0x4f2301d1,
0x05aa14f4,
0xf0014691,
0x1e05aaeb,
0xaa06fe0a,
0xfbe1140b,
0x46312310,
0xdb0c06aa,
0xd50c0baa,
0x9208aafb,
0xcff00118,
0xaa4633fb,
0x011a9306,
0xaafbc9f0,
0x011a9308,
0xaafbc3f0,
0x011a930a,
0xaafbbcf0,
0x011a9306,
0xaafba4f0,
0x011a9306,
0x05aa9ff0,
0xaafdd172,
0x011a9308,
0x4ffba9f0,
0x4570faf4,
0x33fdc7f5,
0x05aa1046,
0x08aa169e,
0x10fdbe26,
0x07aa0223,
0xaafb9626,
0xaac00604,
0x013e9309,
0x03fbd9f0,
0x3e9305aa,
0xfe9df001,
0x26820aaa,
0x3a05aa82,
0x0aaafda1,
0xaa792682,
0xfd981205,
0x3106f895,
0xf44f2240,
0x8305aa22,
0xaafb6e1c,
0xaa101004,
0xaa661009,
0xaa201005,
0xfb5e1009,
0x22402300,
0xaa8af240,
0xaa575605,
0xaa0c1e05,
0xfb4f1e09,
0x011b68ab,
0x0eaad40f,
0x95fb4444,
0x05aadaf8,
0x4126388a,
0x3c1004aa,
0x9cf8d5fb,
0x01f01220,
0x40f00102,
0x7c04aa81,
0x04aa6184,
0x02fb1d18,
0x21f24022,
0x172405aa,
0x402220fb,
0x05aa22f2,
0x04fb110c,
0x23f24022,
0x0b0c05aa,
0x402216fb,
0x05aa24f2,
0x25fb050c,
0x40462022,
0x014125f2,
0xabfafff0,
0x41011868,
0xaa8173f1,
0x016aa306,
0xaafaf6f0,
0x012e9406,
0xaafaf1f0,
0x0144a406,
0xaafaecf0,
0xaae71e08,
0x01449e07,
0x07aae2f0,
0xf0016c9e,
0x06aafadd,
0xf00144a4,
0x3c09aad8,
0x06aafad3,
0xf00144a4,
0x3c09aace,
0x3c09aac9,
0x3c09aac4,
0x20c8fabf,
0xfcf1f545,
0x44a40aaa,
0xfac8f001,
0x22422101,
0xb00a04aa,
0x1968abfa,
0x44a40daa,
0xfab9f001,
0x44a408aa,
0xfab3f001,
0x44a40aaa,
0xfaacf001,
0x44a408aa,
0xfaa6f001,
0x44a408aa,
0xfaa0f001,
0x44a408aa,
0xfa87f001,
0x44a408aa,
0xfa81f001,
0x44a40aaa,
0xfa8df001,
0x44a408aa,
0xfa74f001,
0x44a408aa,
0xfa6ef001,
0x44a40aaa,
0xaa7af001,
0x06aa0e05,
0xf00144a4,
0x06aafa73,
0x462044a4,
0xf0012113,
0xf8b5fa6c,
0x4af100e6,
0xf4202300,
0xf0206078,
0x4616000b,
0x0cc004c0,
0x1033f852,
0x0cc3ea4f,
0xf0414288,
0x4462809c,
0x3a036852,
0xeb062300,
0x684901c3,
0x1405aa8a,
0x6033f856,
0x00a508aa,
0x0274f022,
0xb2d24332,
0xfa31f001,
0x08a508aa,
0x0210f022,
0x2216ea42,
0x261604aa,
0xa508aafa,
0x20f00112,
0xa508aafa,
0x1af00112,
0xa508aafa,
0x14f00112,
0xa508aafa,
0x0ef00112,
0xa508aafa,
0x08f00112,
0xedf895fa,
0x05aa1c20,
0xabfa020c,
0x24011a68,
0x12a509aa,
0xf9f9f001,
0x12a508aa,
0xf9f3f001,
0x12a508aa,
0xf9edf001,
0x12a50aaa,
0xf00102ef,
0xaa4af9e5,
0x0116a505,
0xaaf9e0f0,
0x0116a508,
0xaaf9daf0,
0x0116a50a,
0xaaf9e6f0,
0x0116a50a,
0xaaf9dff0,
0x0116a50a,
0xaaf9d8f0,
0x0116a50a,
0xaaf9d1f0,
0x0116a50a,
0xaaf9caf0,
0x0116a50a,
0xaaf9c3f0,
0x0116a50a,
0xaaf9bcf0,
0x01348f06,
0x95800df3,
0x0330fbf8,
0xaab2db3b,
0x0124a506,
0xaaf9aef0,
0xaaf85a05,
0x0124a50a,
0xaaf9a4f0,
0x0124a508,
0xaaf98bf0,
0x0124a50a,
0xaaf997f0,
0x0124a508,
0xaaf97ef0,
0x0124a508,
0xdb46203b,
0x88f001b2,
0xa508aaf9,
0x6ff00128,
0xa50aaaf9,
0x7bf00128,
0xa50aaaf9,
0x74f00128,
0xaa0e05aa,
0x0128a506,
0x05aa6df0,
0xaa19769e,
0x67728405,
0xa508aaf9,
0x61f00128,
0x7af44ff9,
0x7ff54570,
0xa508aafb,
0xa3f00128,
0x8608aaf9,
0xaaf93f00,
0x01129b06,
0xaaf93af0,
0x35129b08,
0x8608aaf9,
0x0af93028,
0x62f54520,
0x1e8805aa,
0xaa4ad505,
0x0128a507,
0xabf924f0,
0x05011e68,
0xaa2300d5,
0x0126a506,
0xabf92ef0,
0x04011868,
0x29464ad5,
0xfe462046,
0xabfcf2f7,
0x00f3c368,
0x40b10373,
0xc0215423,
0x4e8605aa,
0xf8d5f91c,
0x07d93098,
0x832ef140,
0xf0014849,
0xf895fad2,
0x227f3134,
0xaa75f240,
0x0c2c8d05,
0x35f895f9,
0x4f227f31,
0x05aabbf4,
0xf9040089,
0xaa36f895,
0xaa772005,
0xf8fc2005,
0xaa37f895,
0xaabc2005,
0xf8f42005,
0xaa38f895,
0xaa792005,
0xf8ec2005,
0xaa39f895,
0xaabd2005,
0xf8e42005,
0xaa3af895,
0xaa7b2005,
0xf8dc2005,
0xaa3bf895,
0xaabe2005,
0xf8d42005,
0xaa3cf895,
0xaa7d2005,
0xf8cc2005,
0xaa3df895,
0xaa871005,
0xf8009806,
0xaa3ef895,
0xaac43005,
0xf8bc3005,
0xaa3ff895,
0xaa892005,
0xf8b42005,
0xaa40f895,
0xaac52005,
0xf8ac2005,
0xaa41f895,
0xaa8b2005,
0xf8a42005,
0xaa42f895,
0xaac62005,
0xf89c2005,
0xaa43f895,
0xaa8d2005,
0xf8942005,
0xaa44f895,
0xaac72005,
0xf88c2005,
0xaa45f895,
0x118f2005,
0x25b4e003,
0x268ef100,
0x04aaf100,
0x95f87f1a,
0x05aa46f8,
0x05aa991a,
0x95f8773a,
0x05aa47f8,
0x05aacd3a,
0x95f86f3a,
0x05aa48f8,
0x05aa9b20,
0x95f86720,
0x05aa49f8,
0x06aace20,
0x95f8009c,
0x05aa4af8,
0x05aa9d20,
0x95f85720,
0x05aa4bf8,
0x06aacf20,
0x95f8008c,
0x05aa4cf8,
0x05aa9f20,
0x95f84720,
0x05aa4df8,
0x05aad020,
0x95f83f20,
0x05aa4ef8,
0x05aaa120,
0x95f83720,
0x05aa4ff8,
0x05aaab10,
0x95f82f10,
0x05aa50f8,
0x05aad630,
0x95f82730,
0x05aa51f8,
0x05aaad20,
0x95f81f20,
0x05aa52f8,
0x05aad720,
0x95f81720,
0x05aa53f8,
0x05aaaf20,
0x95f80f20,
0x05aa54f8,
0x06aad820,
0x95f80098,
0x05aa55f8,
0x2011b120,
0xfff00046,
0x56f895ff,
0xd92005aa,
0x1004aa71,
0xf895fff7,
0x2005aa57,
0x2005aab3,
0x23f0ffef,
0xaa5df240,
0x001e9205,
0xf0ffe8f0,
0xdaf44f23,
0x009005aa,
0xffe1f000,
0xf44f2310,
0x0e07aadb,
0x2300ffda,
0x04aa2210,
0x0e04aa10,
0xaa20ffd3,
0xffcc1c0b,
0xaa202300,
0xffc51c09,
0x1c0baa40,
0x2300ffbe,
0x1c09aa40,
0xaa80ffb7,
0xffb01c0b,
0xaa802300,
0xffa91c09,
0xf2402301,
0x8107aab7,
0x00ffa20c,
0xaa220123,
0x04aa1004,
0x02ff9b0e,
0x941c0baa,
0x022300ff,
0x8d1c09aa,
0x0baa04ff,
0x00ff861c,
0x09aa0423,
0x08ff7f1c,
0x781c0baa,
0x082300ff,
0x711c09aa,
0x0baa10ff,
0x05aa6a1c,
0x08aa6081,
0x05aa631c,
0x07aab91c,
0x07aa5c1c,
0x05aab91c,
0x20ff551c,
0x4e1c0baa,
0x7c8105aa,
0x471c08aa,
0x0baa40ff,
0x05aa401c,
0x08aa7c81,
0x80ff391c,
0x321c0baa,
0x7c8105aa,
0x2b1c08aa,
0x4f2301ff,
0x07aaddf4,
0xaa241882,
0xaa7c8105,
0x04aa1004,
0x02ff1d0e,
0x161c0baa,
0x7c8105aa,
0x0f1c08aa,
0x0baa04ff,
0x05aa081c,
0x08aa7c81,
0x08ff011c,
0xfa1c0baa,
0x0c9405aa,
0xf31c08aa,
0x0baa10fe,
0xaafeec1c,
0xaa5c8306,
0xaae51c06,
0xaade1c05,
0xaade1c07,
0xaade1c07,
0xfed71c05,
0x1c0baa20,
0x06aafed0,
0x06aa7883,
0x40fec91c,
0xc21c0baa,
0x8306aafe,
0x1c06aa78,
0xaa80febb,
0xaab41c0b,
0xaa289305,
0xfead1c08,
0xf2402301,
0x8207aabd,
0xaafea618,
0xbd788306,
0x188205aa,
0xaa02fe9f,
0xfe981c0b,
0x788306aa,
0x911c06aa,
0x0baa04fe,
0xaafe8a1c,
0xaa788306,
0xfe831c06,
0x1c0baa08,
0x8105aa7c,
0x1c08aa7c,
0xaa10fe75,
0xaa6e1c0b,
0xaa608105,
0xfe671c08,
0xf2402320,
0x1c07aabf,
0x8105aa60,
0x1004aa60,
0x590e04aa,
0x0baa40fe,
0x05aa521c,
0x08aa6081,
0x80fe4b1c,
0x441c0baa,
0x608105aa,
0x3d1c08aa,
0x608105aa,
0x361c08aa,
0x608107aa,
0x2f1c06aa,
0x608105aa,
0x281c08aa,
0x608107aa,
0x211c06aa,
0x608105aa,
0x1a1c08aa,
0x608107aa,
0x131c06aa,
0x608105aa,
0x0c1c08aa,
0x608107aa,
0x051c06aa,
0x288105aa,
0x608108aa,
0x06aafdfe,
0x06aa2881,
0xaaf76081,
0xaa6a9d05,
0xfdf01c08,
0x288106aa,
0xe91c06aa,
0x98f8d5fd,
0x4006da30,
0xfd832df1,
0x9ff00048,
0x10f895ff,
0x3c8805aa,
0x8305aab6,
0x95fdd928,
0x05aa11f8,
0xaa6d3c88,
0xfdd13005,
0xaa12f895,
0xaab72005,
0xfd008406,
0xaa13f895,
0xaa6f2005,
0xfdc12005,
0xaa14f895,
0xaab82005,
0xfdb92005,
0xaa15f895,
0xaa712005,
0xfdb12005,
0xaa16f895,
0xaab92005,
0xfd008806,
0xaa17f895,
0xaa732005,
0xfda12005,
0xaa18f895,
0xaaba2005,
0xfd992005,
0xaa19f895,
0xaabf1005,
0xfd911005,
0xaa1af895,
0xaa7f3005,
0xfd893005,
0xaa1bf895,
0xaac02005,
0xfd812005,
0xaa1cf895,
0xaa812005,
0xfd792005,
0xaa1df895,
0xaac12005,
0xfd712005,
0xaa1ef895,
0xaa832005,
0xfd692005,
0xaa1ff895,
0xaac22005,
0xfd612005,
0xaa20f895,
0xaa852005,
0xfd008406,
0xaa21f895,
0xaac32005,
0xfd512005,
0xaa22f895,
0xaac81005,
0xfd491005,
0xaa23f895,
0xaa913005,
0xfd413005,
0xaa24f895,
0xaac92005,
0xfd392005,
0xaa25f895,
0xaa932005,
0xfd312005,
0xaa26f895,
0xaaca2005,
0xfd292005,
0xaa27f895,
0xaa952005,
0xfd008406,
0xaa28f895,
0xaacb2005,
0xfd192005,
0xaa29f895,
0xaa972005,
0xfd112005,
0xaa2af895,
0xaacc2005,
0xfd092005,
0xaa2bf895,
0xaad11005,
0xfd008806,
0xaa2cf895,
0xaaa33005,
0xfcf93005,
0xaa2df895,
0xaad22005,
0xfcf12005,
0xaa2ef895,
0xaaa52005,
0xfc008406,
0xaa2ff895,
0xaad32005,
0xfce12005,
0xaa30f895,
0xaaa72005,
0xfcd92005,
0xaa31f895,
0xaad42005,
0xfcd12005,
0xaa32f895,
0xaaa92005,
0xfcc92005,
0xaa33f895,
0xaad52005,
0xfcc12005,
0x8c0baa0f,
0xf0fcba4e,
0x089f09aa,
0xfcb3f000,
0xf2402301,
0x0e07aab5,
0x06aafcac,
0xaab51486,
0xfca54805,
0x1c0baa02,
0x06aafc9e,
0x06aa1486,
0x04fc971c,
0x901c0baa,
0x8606aafc,
0x1c06aa14,
0xaa08fc89,
0xfc821c0b,
0x148606aa,
0x7b1c06aa,
0x0baa10fc,
0xaafc741c,
0xaa748706,
0xfc6d1c06,
0x1c0baa20,
0x06aafc66,
0x06aa7487,
0x40fc5f1c,
0x581c0baa,
0x8606aafc,
0x1c06aa4c,
0xaa80fc51,
0xfc4a1c0b,
0x4c8606aa,
0x431c06aa,
0x0baa01fc,
0xaa3c688d,
0xaa608105,
0x35688d08,
0xdc1c05aa,
0x2e1c07aa,
0xdc1c07aa,
0x271c05aa,
0x0baa02fc,
0x05aa201c,
0x08aa7c81,
0x04fc191c,
0x121c0baa,
0x7c8105aa,
0x0b1c08aa,
0x0baa08fc,
0x05aa041c,
0x08aa7c81,
0x10fbfd1c,
0xf61c0baa,
0x8b06aafb,
0x1c06aa50,
0xaa20fbef,
0xe0021c09,
0x2698bf00,
0xf000f100,
0x06aafbe4,
0x06aa588b,
0x40fbdd24,
0xd6400baa,
0x109e05aa,
0xcf1c08aa,
0x0baa80fb,
0x05aac81c,
0x08aa26a1,
0x01fbc11c,
0x708d0baa,
0x06aafbba,
0x06aa6483,
0xaab3708d,
0xaabb1c05,
0xaa008408,
0xaabb1c07,
0xfb008406,
0x1c0baa02,
0x06aafb9e,
0x06aa0084,
0x04fb971c,
0x901c0baa,
0x8406aafb,
0x1c06aa00,
0xaa08fb89,
0xfb821c0b,
0x008406aa,
0x7b1c06aa,
0x0baa10fb,
0x05aa741c,
0x08aa0482,
0x20fb6d1c,
0x661c0baa,
0x7c8105aa,
0x5f1c08aa,
0x0baa40fb,
0x07aa581c,
0x06aa0ca0,
0x05aa511c,
0x08aa08c2,
0x05aa4a1c,
0x08aa7c81,
0x01fb431c,
0x708d0baa,
0x8105aa3c,
0x8d08aa60,
0x05aa3570,
0x08aadf1c,
0x07aa0084,
0x06aadf1c,
0x02fb0084,
0x201c0baa,
0x7c8105aa,
0x191c08aa,
0x0baa04fb,
0x05aa121c,
0x08aa7c81,
0x08fb0b1c,
0x041c0baa,
0x7c8105aa,
0xfd1c08aa,
0x0baa10fa,
0xaafaf61c,
0xaa008406,
0xfaef1c06,
0x1c0baa20,
0x06aafae8,
0x06aa7883,
0x40fae11c,
0xda1c0baa,
0x4ebf05aa,
0xd31c08aa,
0x0baa80fa,
0x05aacc1c,
0x08aa409f,
0xaafac51c,
0xbe708d0c,
0x8d0caafa,
0xaafab770,
0x007ea20c,
0x05aaaff0,
0xa208aa10,
0xa7f0003a,
0xaa1005aa,
0x007ea208,
0x05aa9ff0,
0xa206aa76,
0x98f0007e,
0xaa1e05aa,
0x007ea208,
0xaafa90f0,
0x764ea506,
0x460eaab9,
0x4633fa84,
0x7ea208aa,
0xfa7df000,
0x7ea208aa,
0x80e3f000,
0x7ea208aa,
0xfa5ef000,
0x7ea208aa,
0xfa58f000,
0x7ea208aa,
0xfa52f000,
0x7ea208aa,
0xfa4cf000,
0x7ea208aa,
0xfa46f000,
0x7ea208aa,
0xfa40f000,
0x7010f242,
0xfc71f544,
0x83f8e8bd,
0xdc022e06,
0xf7fe2310,
0x2e0bb9a7,
0x2320bfd8,
0x2330bfc8,
0xb9a0f7fe,
0xddf32e04,
0xe7f52e09,
0xdc082e06,
0xad07aa54,
0x35f00026,
0xfe2305fa,
0x0bbcabf7,
0xa8dc082e,
0x2a1609aa,
0x04aa0afa,
0xaafcbc34,
0x001abc07,
0x0ffa21f0,
0x97f7fe23,
0xe02e04bc,
0xe82e09dd,
0x102300e7,
0x05aa8e22,
0x00fa142c,
0x0df7fe23,
0x202300bd,
0x0b1207aa,
0x171205aa,
0x402300bd,
0x021207aa,
0x221205aa,
0x802300bd,
0xf91207aa,
0x1204aaf9,
0x08aabd2c,
0xf9de0082,
0x8109aa80,
0x05aad868,
0xd514189d,
0x8209aa08,
0x10f9cf12,
0x128209aa,
0xaa38f9c9,
0xc3068209,
0xfe2274f9,
0xaabebcf7,
0x06aa1e04,
0x02f9ba2a,
0xb42a09aa,
0x09aa48f9,
0x71f9ae2a,
0xa7f7fe22,
0x173301be,
0x59f47e2b,
0x00482daf,
0x00fb75f0,
0x5cf7fe22,
0x1406aabf,
0x4829af5a,
0xf0002600,
0x04aafb6a,
0x75f64014,
0x04459833,
0xfbf895dc,
0xfe3b0530,
0xb8bfedf7,
0x3e6f48f5,
0xfeafeff7,
0xaabfe4f7,
0xfd209e06,
0xfffd62f7,
0xaab85df7,
0x7c448108,
0x44810baa,
0x68abf976,
0xaa13011b,
0x6d44810b,
0x44810baa,
0x810baa67,
0x74f96144,
0xaae71922,
0x5942810a,
0x42810baa,
0x810baa53,
0x71f94d42,
0x6ce70522,
0x7af10026,
0x00f10026,
0x09000000,
0x04000000,
0x0a000000,
0x10000000,
0x0b000000,
0x14000000,
0x0c000000,
0x20000000,
0x0d000000,
0x24000000,
0x0e000000,
0x30000000,
0x0f000000,
0x34000000,
0x402c07aa,
0x12000000,
0x44000000,
0x503407aa,
0x16000000,
0x54000000,
0x18000000,
0x60000000,
0x17000000,
0x64000000,
0x11000000,
0x70000000,
0x13000000,
0x74000000,
0x15000000,
0x107d04aa,
0x00190000,
0x10040000,
0xaa1a0000,
0x00104404,
0x04aa1c00,
0x00001078,
0x7804aa1d,
0x1e000010,
0x107804aa,
0xaa1f0000,
0xaa107804,
0x67148106,
0x63207465,
0x6166206c,
0x0a0d6c69,
0x6d0e05aa,
0x6c762072,
0xaa657561,
0x70721408,
0x69627265,
0x000a0d74,
0x0a09aa77,
0x2301b580,
0xaf002100,
0xf000461a,
0xbd80f8dc,
0x2300b580,
0xaf002201,
0xf0004619,
0xbd80f8d4,
0xf240b598,
0x238f21ce,
0x042204aa,
0xcaf00046,
0x442001f8,
0x80fae9f5,
0xaa228f23,
0x46201a04,
0xaac0f000,
0xfadf1405,
0x04aa238f,
0x8506aa12,
0x05aab656,
0x05aad514,
0x07aacd14,
0x05aaac14,
0x07aacb14,
0x05aacd3c,
0x05aaa23c,
0x0daac114,
0x05aa9828,
0x20fab714,
0x07aa0f46,
0x8ef0002a,
0x0e08aaf8,
0xf00021ce,
0x2300f887,
0xaa5a2280,
0xaa814205,
0xfaa02e05,
0xaa5a2380,
0xf8784007,
0x0000bd98,
0x04aa0001,
0x0806aa04,
0x4b0ab5b0,
0xaf00b082,
0xf1074c09,
0xeb050508,
0xe8870080,
0x37080018,
0x5c08f850,
0x13f8f8c5,
0x0022f855,
0x46bdb2c0,
0xbf00bdb0,
0xf0188000,
0xf00f8000,
0x2afeb5f0,
0xb0834d0d,
0xaa0daf00,
0x06063604,
0x3d0080eb,
0x50607c60,
0x046c08f8,
0xf8f8c6d1,
0xbd370c33,
0xaabdf046,
0xc00c1407,
0x4613f8f8,
0xf33022f8,
0x440aaae7,
0xaf00b580,
0xbd806800,
0x6001b580,
0xbd80af00,
0x4070f100,
0xf500b580,
0x08aa3000,
0x03f3c018,
0x1a04aa20,
0xb2c0b580,
0xca0806aa,
0x03f3c1b2,
0xffaf0021,
0xaaffa4f7,
0x46131004,
0xaf00b2ca,
0xff1404aa,
0x80ffb5f7,
0x14b598bd,
0x92120baa,
0x984020ff,
0xf8e92dbd,
0x04aacc43,
0x46992638,
0x46314615,
0xaf004622,
0xf7ff4680,
0xea20ff83,
0xea050005,
0x46220509,
0x46314305,
0x4640b2eb,
0xbd3404aa,
0xaa83f8e8,
0x04aa5a04,
0x05aae166,
0x05aa1c54,
0x20ffd10c,
0x98b2c041,
0x00b598bd,
0x047c3caf,
0xdbf303fa,
0xd0f7ffb2,
0x6206aaff,
0x460e4605,
0x4690af00,
0x240a4699,
0xf5442002,
0x4631f9e6,
0xf7ff4628,
0xea00ffa5,
0x45480008,
0x3c01d004,
0x4620d1f2,
0x015e04aa,
0x0604aa20,
0x41f0e92d,
0xd205aa80,
0xff461e02,
0x04ffddf7,
0x29b94846,
0xff464046,
0x32ff8bf7,
0x29460346,
0x00480346,
0xaaf95ef0,
0x81f03404,
0x29ccbf00,
0xe92df100,
0x250043b0,
0x8305aa16,
0x4f4a1530,
0x4f0800f0,
0x530900f0,
0x074021f8,
0x120108f1,
0x05aa014b,
0x000c3e83,
0x00a42203,
0x1c08f850,
0x747ff404,
0xf8c1440c,
0x462a23f8,
0x0b04f854,
0x35082100,
0xe8eef544,
0xea482d40,
0xea490800,
0xd1f20901,
0x46494640,
0x46bd3708,
0x83b0e8bd,
0xf1009130,
0x20830aaa,
0x400a4042,
0x4050af00,
0x3101bd80,
0x6805b5b0,
0xaf002401,
0xf101fa04,
0xfa034094,
0x1b09f202,
0x4011406a,
0x60014069,
0x6863bdb0,
0x706b6365,
0x5b207968,
0x30257830,
0x3d5d7833,
0x78323025,
0x72726520,
0x203a726f,
0x0a0c04aa,
0xffffff00,
0x000000ff,
0x0404aa00,
0x900404aa,
0x03f020b5,
0x03f00004,
0xff00c000,
0xc9682322,
0x004082b2,
0x02ea23af,
0x00fa0103,
0x204318f0,
0x2dbd9060,
0x0e47f0e9,
0x94469146,
0x9aaf00b0,
0x98463d46,
0x301c7cb9,
0xff463821,
0xa0ffe0f7,
0xa846b146,
0xa4d12145,
0x000408eb,
0xff193021,
0x20ffd6f7,
0x05aa5046,
0x87f04a81,
0xfbb0463c,
0xfb09f8f9,
0x44500018,
0x0303f020,
0xc16804aa,
0x01462000,
0x23681b34,
0xc9f101fa,
0xbef7ffb2,
0x004640ff,
0xd9d1ea28,
0xfff108e7,
0x28464838,
0x090303f0,
0x190901f1,
0x03f00868,
0xd900db03,
0x2604aa40,
0xe7cbffab,
0xf44fb580,
0xaf007082,
0xfeacf7ff,
0xbd80b2c0,
0x4c0bb5b0,
0x6823af00,
0xd10e3301,
0x7080f44f,
0xfea0f7ff,
0x04aa4605,
0xffb2ad0a,
0x00fe9af7,
0x70f4000a,
0x20432820,
0xb0682060,
0xf0bf00bd,
0x80f10029,
0x4004aab5,
0xf5a0ffe2,
0xf46f20e4,
0x441863ce,
0xd8092804,
0xfa032301,
0xf010f000,
0xf04f0f15,
0xbf1830ff,
0xbd802002,
0x800a04aa,
0x04b598bd,
0x788405aa,
0x3204aac9,
0xcef46f23,
0x04441362,
0x01d80a2b,
0x10409820,
0x060015f0,
0x882c02d0,
0x982000bf,
0x982001bf,
0x982000bd,
0xca3209aa,
0x581b03ff,
0xaa415842,
0xaaa7120a,
0xaa0b440d,
0xd0074409,
0x28011ee0,
0xb0460eaa,
0x14460db5,
0xbe3605aa,
0x00b908ff,
0xffbdb020,
0x85ffa1f7,
0x20d1f942,
0xd6f7ff46,
0x183000ff,
0xb02001bf,
0x804b03bd,
0x18af00b5,
0x9a605970,
0x00bd8060,
0x0029f4bf,
0x06aa02f1,
0x08aa7814,
0x2db40f10,
0x7d4ff0e9,
0x00b08b4e,
0x402e00af,
0x0780eef0,
0x340950f1,
0x04f85946,
0x0278152b,
0x000801f1,
0xe3f0002d,
0x402d2580,
0x5380cef0,
0x2a2b2d78,
0x02f102d0,
0x7a220008,
0x292b3060,
0x00f898d1,
0x01f10830,
0x01f04f08,
0x0a25000b,
0x30f1a320,
0x09b2d102,
0x2ed91f29,
0x05aa092b,
0x01f10b1e,
0x2204aa0b,
0x091a04aa,
0x64d9182a,
0x18d01d2b,
0x1a2b58d8,
0x5a2b63d0,
0xca4618d0,
0x28f54446,
0x02e052f9,
0x930803f1,
0xd2220178,
0x00f04fe7,
0x00e7d80b,
0x182505fb,
0xd53b01f8,
0x0604aae7,
0x2b73e7df,
0x2b78d038,
0xf109d1e6,
0xf8d90a04,
0x2b640000,
0x2b78d005,
0x2b58d024,
0x4b4ed129,
0x2800e021,
0x4240da1b,
0x092df04f,
0x220a4b4b,
0x0108f107,
0x0408f107,
0xfeaef7ff,
0x1bad4606,
0x0f00f1b9,
0x3d01d02a,
0x0f00f1bb,
0x4648d075,
0xf8eef544,
0xb34b687b,
0x0b30f04f,
0xf04fe037,
0xe7e30900,
0xaa104b3e,
0xf7ff3805,
0x4606fe94,
0x073e04aa,
0x00f8d9e0,
0x7204aa40,
0xf0054620,
0x4606ee84,
0xd72a04aa,
0x00f899e7,
0x1604aa00,
0xf8cbf544,
0x04aae04b,
0x7bd1d854,
0x4fb33b68,
0x100b20f0,
0x04f8d7e0,
0x5804aa90,
0x2b00462b,
0x1e6bdc20,
0x75e5ea25,
0x8105aa5d,
0x05aa0202,
0xa1f8b17a,
0x09eba646,
0x00442303,
0x26dc172b,
0x0173e6ea,
0xf6441c3e,
0x2b687b1a,
0x232d00b3,
0x014658dd,
0x9ef5443d,
0xaae7f8f8,
0xe7db5004,
0x603b4658,
0xf896f544,
0x3b01683b,
0xf819e7d5,
0x4658bb01,
0xf88ef544,
0x0f0af1bb,
0x200dd1da,
0xf888f544,
0x4628e7d6,
0xf884f544,
0xaa022d0a,
0xf87f1205,
0x46d146ca,
0xe71c4642,
0x2b00687b,
0x04aad0da,
0x00e7c04a,
0x06aa2c20,
0x044f7e86,
0x004770b0,
0x12000000,
0xf6f1002e,
0x01f1002d,
0x8606aa2e,
0x30e7fe00,
0x34333231,
0x38373635,
0x0aaa0039,
0x6362610b,
0xaa666564,
0x4241110b,
0x46454443,
0xe92d0000,
0x460c43f8,
0xaf004616,
0x21002210,
0xf7ff4605,
0x2c04fd0e,
0xd0254681,
0x06aa2c03,
0x043f7e89,
0x241fbf08,
0x21d5b2e4,
0x8a05aa22,
0x83fcfe70,
0x22b2db19,
0xaa21d546,
0xfd010e04,
0x0f00f1b9,
0x221fd10c,
0xef1006aa,
0x10f100fc,
0x42b2db03,
0x05aad646,
0x05aaf110,
0xf04f3c95,
0x243f081f,
0xe92de7dc,
0x2a034ff8,
0x0308f04f,
0x0400f04f,
0x2310bf18,
0x4605af00,
0x469a4616,
0x46a046a1,
0xf5432001,
0x2280fefb,
0x3a05aa3e,
0x2240fcca,
0x06aa4683,
0xbbfcc40c,
0x140f80f1,
0x122840d0,
0x314652d0,
0x08462846,
0xff0801f1,
0xb8ffa0f7,
0x040f3ff1,
0x40f1b9dc,
0x00d0010f,
0x4fd0dd2c,
0xbd30fff0,
0xaa8ff8e8,
0xd1133004,
0xd0212840,
0xf04f2440,
0x06aa32ff,
0xff882c8c,
0x9b5e08aa,
0x192880fc,
0xf03c01d1,
0xdc2440d1,
0x012440e7,
0x2206aa22,
0xaa40ff77,
0xfc8a2207,
0xd1082840,
0xd1f13c01,
0x2001e7ed,
0x0901f109,
0xfeacf543,
0x2000e7c6,
0xaa6004aa,
0x005cde08,
0x9ff0002a,
0x01b11080,
0x10bf1828,
0x20b2d322,
0x05aa1f46,
0xf7ff5ace,
0x2001fc74,
0xfe93f543,
0x48bd08aa,
0xfc6bf7ff,
0x60cf08aa,
0xfc65f7ff,
0xf0402d03,
0x23008089,
0xd305aa10,
0x5cf7ff54,
0xff2302fc,
0x4df24022,
0x550e05aa,
0xff23fcfc,
0x13f44f22,
0x0e04aa71,
0x2310fc4e,
0xf240221f,
0x1c05aa43,
0xa005aa47,
0x10f44f06,
0x401c05aa,
0x202320fc,
0xaa461a46,
0xf7ff1004,
0x2002fc39,
0xfe58f543,
0xaa4af240,
0xfc162c05,
0xd5f80683,
0x473c04aa,
0x1f1005aa,
0x06221ffc,
0x12f44f46,
0x183c05aa,
0x054633fc,
0x05aa1f46,
0x21417298,
0xfc1af7ff,
0x4620462b,
0x422e04aa,
0x13f7ff21,
0x05aa33fc,
0x1df44f0e,
0x0cf7ff71,
0x4f1c07aa,
0xff711cf4,
0x07aa05f7,
0x75f2401c,
0xfef7ff21,
0x3808aafb,
0xf7ff2171,
0xaa80fbf7,
0xf012810b,
0x05aac0fb,
0x77f2400e,
0xe9f7ff21,
0xaa4620fb,
0xaa009c06,
0xfbe21c04,
0xbdf82000,
0x08aa2310,
0xfbda3482,
0x2d04e767,
0xaf7af47f,
0x461a2310,
0x06aae772,
0x01c70896,
0x508d06aa,
0x00000009,
0x0c07aacc,
0xc30404aa,
0x050c07aa,
0xc8000000,
0xaa0c07aa,
0xaac40704,
0x00060c07,
0xaac90000,
0x00070c07,
0xaaca0000,
0x00080c07,
0xaacb0000,
0x60aa0c07,
0x0c04aa60,
0x540baaec,
0x6c0baae4,
0x540baaed,
0x540baae5,
0x0c07aaea,
0x00000002,
0x600baae6,
0x0c07aaeb,
0x00000003,
0x810baae7,
0x0baae840,
0xaae92881,
0x0baa7878,
0x04aa2378,
0x7807aa41,
0x0c07aa18,
0x247804aa,
0xaa0c07aa,
0xaa192b04,
0x04aa0c07,
0x07aa2178,
0x0704aa0c,
0x0c07aa1a,
0x227804aa,
0xaa0c07aa,
0xaa1b7804,
0x04aa0c07,
0x07aa1c78,
0x7804aa0c,
0x0c07aa20,
0xaa7878aa,
0xaa70920c,
0xb5b00808,
0xf2402301,
0xaf0011c1,
0x4605461a,
0xfa6ff7ff,
0x22012400,
0x71f0f44f,
0xf7ff4628,
0x2800fa5e,
0x3401d1f6,
0xd1f42c03,
0x11cff240,
0x431404aa,
0xe7f44ffa,
0x05aa0471,
0xfa3d0289,
0x2004ea40,
0xaab0bdb0,
0xaa0c9a07,
0x04aa4a04,
0x0daa4c46,
0x13aa3b46,
0x0baa2046,
0x09aa1a46,
0x4f230146,
0xaa71f1f4,
0x290c8108,
0x404605aa,
0x05aa13f2,
0xaa186489,
0xaa02460d,
0xf9fd1405,
0x2101f240,
0xf74606aa,
0x810eaaf9,
0x4a04aa0c,
0x064604aa,
0xf5460daa,
0x4612aaf9,
0x460baada,
0x4609aad4,
0xf2402301,
0x9b05aa16,
0x4604aa70,
0x06aaf9e3,
0x05aa3b46,
0x0daad232,
0x05aa2746,
0x40f9b714,
0x07aa26f2,
0x0faab146,
0x04aa0c81,
0x4604aa4a,
0x460daac0,
0x4613aaaf,
0x460baa94,
0x4609aa8e,
0xb0822909,
0xd813af02,
0xd8112a09,
0xb2ccb2c5,
0x22f02304,
0x71e0f44f,
0x94004628,
0xf9bdf7ff,
0x23009400,
0xf44f220f,
0x8205aaf8,
0xbdf9b570,
0x3618aa46,
0x11e1f240,
0xa23606aa,
0xaa9400f9,
0xaaef1206,
0x9a128305,
0x15361daa,
0x3606aa21,
0x6c07aa87,
0x7f3608aa,
0x003605aa,
0x09b5f000,
0x83460c29,
0x02461eb0,
0x09d82caf,
0x17d82a2a,
0x17b2c54b,
0x38b2f64a,
0x21f8137f,
0x21f81230,
0x31491420,
0x001024f8,
0x3804aa90,
0x4b12f963,
0x46284a12,
0xf8134912,
0xf8123024,
0x05aa2024,
0xf7ff961c,
0x4b0ef956,
0x490f4a0f,
0x0daa7e38,
0x3605aa1a,
0xaa04f948,
0x004a9c05,
0x008ea8bf,
0x008ed0f1,
0x008ef8f1,
0x008e30f1,
0x008e58f1,
0x008e80f1,
0x009708f1,
0x008de0f1,
0x008e08f1,
0x8130aaf1,
0x19aa1914,
0xaa0c1481,
0xfe14811b,
0x8108aaf8,
0x008d6814,
0x008d90f1,
0x008db8f1,
0x008cf0f1,
0x008d18f1,
0x008d40f1,
0x0096e0f1,
0x008ca0f1,
0xaa8cc8f1,
0xcf148132,
0x8118aaf8,
0xaaf8c214,
0xb414811a,
0x148109aa,
0xf1008c28,
0xf1008c50,
0xf1008c78,
0xf1008bb0,
0xf1008bd8,
0xf1008c00,
0xf10096b8,
0xf1008b60,
0xf1008b88,
0x4ff0e92d,
0xf8df2500,
0xb08db194,
0x4604af02,
0x46a94688,
0x61bd46da,
0x613d61fd,
0x617d60fd,
0x627d623d,
0x3000f8db,
0x46412200,
0x47984620,
0x46416a3b,
0x93012200,
0x6a7b4620,
0x9000f8cd,
0x6004f8db,
0xf8db47b0,
0x04aa3008,
0x0cf8db1e,
0x2060b820,
0x04aa9046,
0xaa782012,
0x68bb0a05,
0x031604aa,
0xbb462044,
0x79479060,
0x1a04aa68,
0x46204401,
0x10aa6079,
0x796a7b1c,
0x09ea4368,
0x086a3b02,
0xbb431344,
0x83d10468,
0xc5bf3842,
0x1dbf281a,
0x10f8da1a,
0x83b9da20,
0x5ed31d42,
0x9407aad8,
0x6a3b8f5c,
0x627b464a,
0x61b92101,
0x6a7be003,
0x61bb464a,
0x6a392301,
0x6a7960f9,
0x9010f8c7,
0x61794691,
0x627b2201,
0xe79e623a,
0xd1e42a01,
0xd93c4283,
0x2a016a7a,
0x5605aa19,
0xbf281ac0,
0x69fb1a18,
0xd2d74283,
0x810baada,
0x0168fb60,
0x00693b93,
0xda697b93,
0xaa5004f8,
0x47a81606,
0x04aae7c5,
0x281ac334,
0xb91a1bbf,
0xfb0f13f1,
0xfbd90e61,
0xb942ab69,
0x3c0caad9,
0x93012300,
0x04aa9300,
0x3be7e238,
0xae2b006a,
0x0961bbd0,
0x7b0201f1,
0xa4e7b36a,
0xc069bad2,
0x022a011a,
0x1869bae0,
0xc12a011a,
0xf86a7bd0,
0xa22b0161,
0x5004aad1,
0x69fbd903,
0xd292429d,
0x06aae7d7,
0x94210030,
0x64bf00e7,
0xf8f10033,
0x05aa0ab5,
0x290132eb,
0x2902d01e,
0x2900d037,
0xaa02d14e,
0xfe008805,
0x60ffb1f7,
0x634e2423,
0x6018f543,
0x2a441e33,
0x0c462068,
0xff461135,
0x15fde5f7,
0x352c04f8,
0x201c08f8,
0x71f7fe46,
0xf042b5ff,
0x02bdf8d1,
0x008805aa,
0xff96f7fe,
0xaa182378,
0xaa783605,
0xaa56361b,
0xf2403607,
0x4e0d2115,
0xff7bf7fe,
0x12aa2378,
0x0daae634,
0x07aa3c34,
0x0030c434,
0x003184f1,
0xaa3274f1,
0x02608406,
0x8546042b,
0x98af02b0,
0x00607a46,
0x018376f2,
0xd6b2c52b,
0xb7f0004e,
0x01f04f81,
0xcd2b0209,
0x4b9000f8,
0x06f04f46,
0x8bf00002,
0xc1f24082,
0xfe462811,
0xaaff50f7,
0x06aa1804,
0x06aa0289,
0x05aa4712,
0xc0230612,
0xeef44f22,
0x1204aa71,
0xc107aa3e,
0x2011f10c,
0x18f8df46,
0x0df7fea3,
0x46c207aa,
0x04aa71f8,
0xfeb30812,
0x07aa04f7,
0x11df68c1,
0xf7fe4620,
0x08aafefd,
0x11f7fe1e,
0x180aaaff,
0xaa08ff0b,
0xaa568205,
0xff050c04,
0x628206aa,
0xff0c04aa,
0x09aa04fe,
0x4ffef90c,
0x43707af4,
0xaaf8fdf5,
0xaa52b006,
0xfed41606,
0x4609aa80,
0xaa40fee8,
0xfee20c09,
0x499e2260,
0x43622300,
0xeb016133,
0x32600902,
0x0802eb01,
0x46204b9a,
0xf8d94a9a,
0xe8861000,
0xf8c60408,
0x60b2b00c,
0xfe3cf7ff,
0x2b03687b,
0xf8b9d106,
0x04aa1004,
0xc9fe8f3c,
0x090008f8,
0xc1090cf1,
0x07aae545,
0x04aa7083,
0x00feb818,
0x0022f023,
0x1004aa93,
0x46282304,
0xaabdf7fe,
0xf140bf05,
0x60b005aa,
0xfe8ef7fe,
0xaaf22302,
0xfe872e09,
0x0e0baa82,
0xaa92fe80,
0xfe790e0b,
0x0e0baa12,
0xaa52fe72,
0xfe6b0e0b,
0x0e0baa72,
0xaa62fe64,
0xfe5d0e0b,
0x0e0baa42,
0x700daa56,
0xaa00fe4f,
0xaa480e0b,
0xf2401c05,
0x8205aae1,
0x05aa410e,
0x0e08aa38,
0x7005aa3a,
0x330e08aa,
0xaa7005aa,
0xaa2c0e08,
0x08aa7005,
0x22fe250e,
0x1e0e0baa,
0x0baa32fe,
0x05aa170e,
0x08aa4481,
0x0daa100e,
0x05aa0970,
0x08aa7c81,
0x05aa020e,
0x08aa7c81,
0xaafdfb0e,
0xfdf42a0c,
0x0e0baa00,
0x1c07aaed,
0x04aa2115,
0xaafde60e,
0xaa368106,
0xfddf0e06,
0x368106aa,
0xd80e06aa,
0x8106aafd,
0x0e06aa36,
0x06aafdd1,
0x06aa3681,
0xaafdca0e,
0xaa368106,
0xfdc30e06,
0x368106aa,
0xbc0e06aa,
0x8106aafd,
0x0e06aa36,
0x700daab5,
0x06aafdae,
0x06aa3681,
0xaafda70e,
0xaa368106,
0xaaa00e06,
0xfd992a0d,
0x06aa4620,
0x21153881,
0xfd92f7fe,
0xaa0c2000,
0xaa168a07,
0xc4388806,
0x1df10030,
0x79f10035,
0xc1f10033,
0xbff10035,
0x00f10033,
0x4f220693,
0x05aaf1f4,
0xfda13a86,
0x8000f8cd,
0x4c9006aa,
0x981206aa,
0x061205aa,
0x4022c023,
0x05aaf3f2,
0xfd8f7086,
0x5e860aaa,
0x0978f04f,
0xaa5ef7fe,
0xaa24c205,
0x4c5e8608,
0x55f7feb3,
0x860caafd,
0xaafd4e5e,
0x625e860a,
0x180aaafd,
0x0c05aa5c,
0x628206aa,
0x06aafd56,
0x04aa0a89,
0x04fd500c,
0x4a0c09aa,
0x7af44ffd,
0x4ef54270,
0x308707aa,
0x008407aa,
0xf12e05aa,
0x390c05aa,
0xaa4642fd,
0xfd330c08,
0x23004aab,
0x61334698,
0x2904fb09,
0x0a06f028,
0x0f01f1ba,
0xaa40d106,
0x070e860b,
0x204ba3fd,
0xa2603346,
0xd960734b,
0xa11000f8,
0x0cf8c64b,
0xff60b3b0,
0xaafc84f7,
0x06aa2e06,
0x06aa50b6,
0xaafcf052,
0xcd04870e,
0x08f8c9fc,
0x01f10800,
0x0cf10908,
0x0af1b809,
0x4fd1cb0f,
0x05aaf5f4,
0xfcbf5c81,
0x71f3f44f,
0x6605aa02,
0xf240fcc1,
0x462011eb,
0xf7fe2602,
0xf240fcb3,
0x06aa11e7,
0xaafcb518,
0x9674920b,
0xfce8f7fe,
0x8705aa03,
0x1204aa3c,
0x3c8706aa,
0x220faadf,
0x4632fcd7,
0x788108aa,
0x06aafcc3,
0x06aa6a87,
0x40e6092e,
0xaa2116f2,
0xfcc53404,
0x168a0aaa,
0xbc1206aa,
0xaa1205aa,
0x37388306,
0xb31205aa,
0x52bf07aa,
0x38830aaa,
0x9f07aa82,
0x8306aa0a,
0xfeb19838,
0x07aa79f7,
0x06aa12c0,
0xfc722083,
0x38830aaa,
0x0aaafc86,
0x05aa8018,
0x8406aa0c,
0x42fc7a72,
0x0c08aa46,
0xaa04fc74,
0xfc6e1809,
0x388306aa,
0xc607aa72,
0x1606aa78,
0x2220fc49,
0xaa3af240,
0xfc5d0c05,
0x0c09aa10,
0xaa41fc57,
0x2b388321,
0x05aa39fc,
0xaa383883,
0x37388307,
0x388309aa,
0x12aafba8,
0xaa143883,
0xf138830f,
0x8312aafb,
0x21f24038,
0xe37e05aa,
0x1af240fb,
0x8306aa21,
0x40fbe520,
0xfb05aaf2,
0xf7fe2660,
0xf240fbd7,
0x1807aa1b,
0x0baafbd9,
0xfe967695,
0x09aa0cf7,
0x21153883,
0x388306aa,
0x8307aa03,
0x2208aa38,
0xaa32fbfb,
0xe71a8209,
0x8308aafb,
0x2e04aa38,
0xf04fe52d,
0xe63130ff,
0x3184bf00,
0x3553f100,
0x3655f100,
0x3405f100,
0x1c8e06aa,
0xf1003589,
0xf10036e9,
0xf1003491,
0xf100344b,
0x05aa34d7,
0xc641308e,
0x82461db2,
0x144688b0,
0xc1af0246,
0x300343f3,
0x0f930046,
0x2c230022,
0xc5f7fe21,
0x0300e3fb,
0xc50378f0,
0x234402f3,
0x43463043,
0xff13c8ea,
0x2bb2db22,
0x00930021,
0xb5f7fe23,
0x07f3c5fb,
0x3204aa23,
0x230022ff,
0xb2ed212a,
0xfbabf7fe,
0x23009500,
0x212922ff,
0xf7fe4630,
0x05aafba4,
0xb0812888,
0x00b2c4b5,
0xffaf0023,
0x05aa1822,
0xfb903a81,
0x46052300,
0xaa1722ff,
0xfb890e05,
0xaa05ea40,
0xaa009905,
0xaa1c2608,
0xaa7d1805,
0xaa1b2607,
0xaa760e05,
0xe92d2607,
0x460441f0,
0xb082460d,
0x46984616,
0x2360af02,
0x461a212c,
0xfb46f7fe,
0x46324643,
0xb2e64629,
0xf7ff4620,
0x4630ff91,
0x22802301,
0x212c9300,
0x25002307,
0xfb5ef7fe,
0x95004630,
0x22802307,
0xf7fe212c,
0x0e05aa57,
0xaa402306,
0xfb500e05,
0xaa2a462b,
0xff68b905,
0xaaff74f7,
0xaa348106,
0x0e1afa06,
0x1daf0046,
0x4422ff46,
0x048105aa,
0x22f0fb01,
0x0a05aa45,
0x22fffafc,
0x0a05aa46,
0x22fffaf7,
0x0a05aa47,
0x2200faf2,
0x0a05aa48,
0x2200faed,
0x0a05aa49,
0x2200fae8,
0x8406aa4a,
0x2200fa10,
0x0a05aa4b,
0x22fffade,
0x0a05aa4c,
0x22fffad9,
0x0a05aa4d,
0x22fffad4,
0x0a05aa4e,
0x2200facf,
0x8b06aa4f,
0x22fffa5a,
0x0a05aa50,
0x22fffac5,
0x0a05aa51,
0x22fffac0,
0x0a05aa52,
0x220ffabb,
0x0a05aa53,
0x2302fab6,
0xaa402287,
0xfa008c06,
0xaa402320,
0xfe50a605,
0x03fabdf7,
0x05aa4122,
0x3cfaa516,
0x06aa5b22,
0x00fa5a8b,
0x05aa5c22,
0x28fa9b0a,
0x05aa4222,
0x00fa960a,
0x43220323,
0xa30c05aa,
0x542e00fa,
0x05aa07d1,
0xf7fe4ab7,
0x08aafa89,
0xf7fe18b8,
0xaa80fa83,
0xaa7d0c09,
0xaa77180b,
0x6c3cc105,
0x840c05aa,
0x6c2320fa,
0x7e7e07aa,
0x09aa80fa,
0xfa780a81,
0xaa432340,
0xfaa30c07,
0x2207bbc0,
0x3005aa3e,
0x2301fa62,
0x46812207,
0x650e06aa,
0x95f240fa,
0x0a04aa31,
0x04aafa45,
0x4b468022,
0x593205aa,
0x07aae0fa,
0xfa4a1e81,
0xf1b8b990,
0xf43f0f00,
0x06aaaf36,
0x2e0150b5,
0x2381d106,
0x8107aa87,
0xa6fa4430,
0xa42e0ce7,
0xaae7f5d1,
0xfa313208,
0xd1e92880,
0x2d01e7e4,
0x2d02d019,
0x2d00d014,
0xaa80d1e2,
0xfa231c07,
0xd1db2800,
0x0e07aa20,
0x2800fa1c,
0x0002f04f,
0x05aabf08,
0x40834ea9,
0xeb214122,
0xfb2280e7,
0xf0e92de7,
0x042a034f,
0x00b08346,
0x794615af,
0x44f20060,
0xf0238082,
0x002d0222,
0x0380c8f0,
0xcef0002d,
0x002d0180,
0x4080a2f0,
0xfe310ef2,
0x0cfa01f7,
0x3a9d05aa,
0x8105aa0e,
0x13f9fa4c,
0x13f24023,
0x8106aa31,
0x02f9f37e,
0xa2f0402d,
0x1404aa80,
0x1407aa2d,
0x2601f9e9,
0x40ae2300,
0xb2f62240,
0x8105aa01,
0x33f9e00c,
0x40463246,
0x05aa65f2,
0xf9d97688,
0x04aa2300,
0x05aa5f0e,
0x05aad20e,
0xadf44f0e,
0x428a05aa,
0x0e05aacb,
0x8406aa6a,
0x3605aa26,
0xbf0c06aa,
0x0f2300f9,
0x228105aa,
0x8105aa8c,
0x05aa8c22,
0x80832281,
0x3106f240,
0xf04f4620,
0xf7fe0805,
0x2302f9ad,
0xf44f2203,
0x4a05aa40,
0x2303f9a6,
0xaa0c04aa,
0x9f148106,
0x422014f9,
0x05aabef5,
0x08aa66c8,
0x00f9c614,
0xb8d16a28,
0xf30801f1,
0xfff04fd1,
0x05aaff39,
0x05aa9f60,
0x0180d660,
0x4fd05f2d,
0x05aa42f4,
0xfff9764c,
0x3af24022,
0x05aa8031,
0x7ff96f38,
0x40468322,
0x05aa09f2,
0xf9681082,
0x46822d02,
0x8172f000,
0x743804aa,
0x402d0181,
0x4f80f1f0,
0xd30a00f0,
0x5146d046,
0x1bf240e0,
0x5ff7fe31,
0x8206aaf9,
0x05aa1b44,
0x05aa5834,
0xaa064482,
0x51308207,
0x7f2d01f9,
0x13af54f4,
0x48f44f23,
0x1c8107aa,
0x2d03f947,
0xaf5bf43f,
0xf44fe752,
0xf7fe714a,
0x4005aa3f,
0xde0c04aa,
0x35f240e7,
0x36f7fe31,
0x355207aa,
0x40e7d531,
0x7b3113f2,
0x3e04aae7,
0xf240e778,
0xe775312d,
0x0900f04f,
0xf240e796,
0x7005aa15,
0x8105aa16,
0x07aa3b40,
0xaa0f4081,
0x16408107,
0x081c05aa,
0x5f4682f9,
0xfff888fa,
0x40464322,
0x07aa1df2,
0xff687b14,
0xb1f44f22,
0x03eba871,
0xdb462003,
0xfef7feb2,
0x8bfa5ff8,
0x1604aaf3,
0x8205aa47,
0x40f8f614,
0x5f311ff2,
0x7ff38afa,
0x1004aa22,
0x04aaf8ee,
0x40e09430,
0x05aa22f2,
0xaaf8dc44,
0x714f2c04,
0xd57406aa,
0x7406aaf8,
0x1c05aa23,
0x0caaf8ce,
0x07aa2a74,
0x7404aa14,
0x1163f240,
0xc4740aaa,
0x407407aa,
0x05aa29f2,
0x4ff8bc24,
0xaa714bf4,
0xf8b4740a,
0x5a3004aa,
0x2ff240e0,
0xa22005aa,
0x28fd05aa,
0x8107aa3d,
0x05aa9b68,
0x4cf44f74,
0x308105aa,
0x740daa94,
0x3005aa37,
0x7405aa94,
0xaab2f44f,
0x8a68810b,
0x367409aa,
0x822405aa,
0x39f240f8,
0x68810baa,
0x05aaf87a,
0x43e04cef,
0x3a04aa46,
0x5c05aa44,
0x8107aa70,
0x0baa613c,
0xf8663c81,
0x04aa465b,
0x05aa0f14,
0x40f85f46,
0x533112f2,
0x4406aa46,
0x04aaf858,
0xfe20002c,
0x00f838f7,
0x34850baa,
0x8109aa4c,
0xf7fe2a80,
0x06aaf846,
0x06aa3486,
0xaa3f2686,
0x06aa0e05,
0x26012686,
0xf837f7fe,
0xf7fd4620,
0x00abff61,
0x03fcf003,
0x4209aa0c,
0xaa78f82b,
0x0162b005,
0x01462031,
0x54f7fe36,
0x4f2800f8,
0x0833fff0,
0x074699bf,
0x00d1292e,
0x00d1432d,
0x40221323,
0x05aa13f2,
0xf8131881,
0xd0082d02,
0x4f1204aa,
0x05aa48f4,
0x03f80a42,
0x05aa062d,
0x2df24012,
0x012405aa,
0xaa4648f8,
0xaa229608,
0x1f588508,
0x0a08aae7,
0x1ef3e754,
0xd8142b03,
0xf003e8df,
0x0f0b0702,
0x037e04aa,
0xbe230031,
0x4f22ffe7,
0xf97141f4,
0x1204aae7,
0xe7f53105,
0xf2402280,
0xaaf13106,
0x31021005,
0x06aae7ed,
0x20310664,
0xcff7fd46,
0xbb2d01ff,
0x4fe7b1d0,
0xc739fff0,
0x2d0000e7,
0x0d4ff0e9,
0x02b08f46,
0xb86dbcaf,
0xfab2e860,
0xbb1c6161,
0xb24ab261,
0x1949b34b,
0xd2b2dbd1,
0xfdb289b2,
0x78ffd4f7,
0xfd462860,
0xfbfeddf7,
0x2869ba6d,
0xff69f946,
0x80fc8bf7,
0x4f68bab1,
0x1333fff0,
0xb8605360,
0x07aa3468,
0x0caa3a81,
0xe7e16ea3,
0x00a64ba2,
0x928cf8df,
0x62bb18f3,
0xf8df4ba0,
0xfa5f8280,
0x18f3fa89,
0x4b9e627b,
0x623b18f3,
0xf0401c62,
0x49998126,
0xfa5f4653,
0xb289f288,
0xf7fdb2e8,
0xf858ff9d,
0xf8592024,
0xfa223024,
0x4558fb03,
0xf100d00f,
0x1c630b01,
0x812af040,
0xfa5f498e,
0x04aaf38b,
0x5393002c,
0x3006aa46,
0x4628ff8d,
0xaa8ff7fd,
0x3d1c810b,
0xb02802fc,
0x402801d0,
0x848131f0,
0x401c604b,
0x818117f0,
0x7fb2db4a,
0xaab2d249,
0xff6b3406,
0xf1001c61,
0xf0403bff,
0x04aa8113,
0x004a7952,
0x79497793,
0x2004aa4b,
0x2205aadb,
0x5605aa62,
0x4b75fe64,
0x91d8f8df,
0x617b18f3,
0xfa5f4b73,
0x18f3f889,
0x4b72613b,
0x4e7018f3,
0x1c6260fb,
0x8109f040,
0x4643496c,
0x5807aaf2,
0xf859ff3f,
0xf8562024,
0x62f83024,
0x6afa40d3,
0xf000429a,
0x461380ff,
0x62fb3301,
0xf0401c63,
0x49618135,
0xf897b2f2,
0x9300302c,
0x8107aa43,
0x05aa2d40,
0x0baa2f6a,
0xfbdd4081,
0xf43f2802,
0x2801af50,
0x1c63d1cd,
0x4b4f4a4e,
0x7938494f,
0x8120f040,
0x128306aa,
0x04aa9000,
0x05aa1138,
0x0baa1338,
0x00fbc138,
0x34f47f28,
0x1f4b45af,
0x66f983fa,
0x85fa5f1c,
0x0df040f8,
0x494b4281,
0xdb464046,
0x40607bb2,
0x5f687a4b,
0x53fa83fa,
0xe9f7fd46,
0x402800fe,
0x008209f0,
0x4804aa26,
0x0aaafdef,
0x05aa9d48,
0xaf100081,
0xf0402801,
0xf8df816a,
0xfa5f90d8,
0x607bf389,
0xa0ccf8df,
0xf0401c60,
0x492f80fd,
0xf28afa5f,
0x06aa687b,
0xfec44281,
0x3024f85a,
0x2024f859,
0x429840d3,
0x80fef000,
0x0801f100,
0xf0401c61,
0x492580ef,
0xf388fa5f,
0x0caa9300,
0xaafeb430,
0xaab67204,
0xaa64720b,
0xaed77205,
0xf0002800,
0x0baa8164,
0xd1c6454e,
0x187204aa,
0x104b1281,
0xaa490f4a,
0xaa008206,
0xfe8a4404,
0x4a0d4b0c,
0xf8534606,
0xaa523024,
0xd1ae7a07,
0x6a3be6b5,
0x6ab96a7a,
0x7812781b,
0xe6d78809,
0xf1009530,
0xf1009840,
0xf1009540,
0xf1009520,
0xf1009510,
0xf1009500,
0xf10094f0,
0xf10094e0,
0xf1009830,
0xfa5f6a3b,
0x0aaaf08b,
0xd3900036,
0x744a73e6,
0x52a90daa,
0x4b71e6e4,
0x6d2604aa,
0x0eaa6e4a,
0xe8906aa9,
0x09aa58e6,
0x459b2e81,
0xae96f47f,
0x68fbe6e5,
0x6979693a,
0xf34e06aa,
0x241c60e6,
0x5f4b61d1,
0x0baa5f4a,
0xfe2b3e81,
0x4b5c4a5b,
0xf8524683,
0xf8531024,
0x40c10024,
0xf43f458b,
0xf10baf09,
0x1c610b01,
0xfa5fd113,
0x9100f18b,
0x3205aa53,
0x8705aae8,
0x00fe1a04,
0xdf62fb23,
0x60810daa,
0x12aae7d9,
0x04aa3c81,
0x05aa045e,
0x8106aa2c,
0x2cf89706,
0x1c08aa00,
0x0eaae6c7,
0xe6db3c81,
0x46406a3b,
0xfd3e0aaa,
0x00fddff7,
0xf6f43f28,
0x466a3bae,
0xf06a7a1e,
0x580aaab2,
0xf7fd4640,
0xaae9fdd8,
0x005c810d,
0x5f68fbe7,
0xaaf088fa,
0x0e90120b,
0xee1c62e7,
0x26d124b2,
0x5f230049,
0x00f28afa,
0x7b463093,
0xfdb28968,
0x20fdb9f7,
0x1e4a1d4b,
0x068207aa,
0xf7fd4630,
0x1c63fda8,
0x0601f100,
0xb2f3d11f,
0x93004a17,
0xaa174917,
0x4f028709,
0xfd0800f0,
0x05aa9ff7,
0xaa200072,
0x04aa620c,
0xaafd933a,
0xd808820c,
0xf06a3be7,
0x820caab2,
0xaae7de06,
0xe6e6200c,
0x8407aa10,
0x8308aa00,
0x7f2e007c,
0x49ae6ff4,
0x5b1c614b,
0xdb4a48d1,
0x07aa48b2,
0xf8df1a88,
0xf7fd9114,
0x4b42fd5c,
0xfa5f4606,
0x2e00f883,
0x3e01d05d,
0xd1511c62,
0xb2f34940,
0xf289fa5f,
0x38870aaa,
0x4628fd51,
0xfc53f7fd,
0x46850aaa,
0x2802fa01,
0xad74f43f,
0xd0e22800,
0x260046b0,
0xeb0b6afb,
0xfa5f0906,
0x4443fa85,
0x09c9eb03,
0xf3c91c63,
0xf3c91007,
0xd1340942,
0x4a2d4b2d,
0x9000492e,
0xb2d2b2db,
0xb2894650,
0xfd29f7fd,
0x4a254b25,
0xb2db4926,
0x9000f8cd,
0xb289b2d2,
0xea484650,
0xf7fd06c6,
0x6a05aa1c,
0x6afbfc1e,
0x00cbea43,
0x601868bb,
0xe545605e,
0xaa1b4a1a,
0x9f0c850d,
0xf068fbe7,
0x820caab2,
0xb0e7ab2a,
0x12e7bc46,
0x134a134b,
0x36850faa,
0xf7fd4650,
0x4b09fcf1,
0xaa0a4a09,
0x04aa1a0d,
0x46e7c37a,
0xf3687a1e,
0x004649b2,
0x02465393,
0xaa9830e7,
0xaa2c8606,
0xaa388205,
0x20448607,
0xaa06aa95,
0x92468938,
0x02b08346,
0xce469baf,
0x2c4680b2,
0x2c6afc4a,
0x2c1c6349,
0x97d12c4b,
0xdb0030f8,
0x8106aab2,
0xfd463048,
0x27fcbaf7,
0x304a284b,
0x97492846,
0xdb5028f8,
0x00b2d2b2,
0xfdb28995,
0x24fcaef7,
0x254a254b,
0x00b2db49,
0x2c08aa95,
0x6b7bfca4,
0x46409301,
0x465b9400,
0x46494652,
0xfcabf7ff,
0xaa044640,
0xaa628c07,
0x0eaa5a04,
0x04aa4e81,
0x0ffc8a34,
0x304a104b,
0x05aa1046,
0x200daa60,
0x7bf7fd95,
0x0b4b0bfc,
0x0eaa0c4a,
0xc8950682,
0x8805aae7,
0x8807aa20,
0x00979024,
0x009030f1,
0x009050f1,
0x009780f1,
0x009020f1,
0xaa9040f1,
0x1c688106,
0x8f468046,
0x3daf04b0,
0xa561396d,
0xfa0314f1,
0x052b3c60,
0xfff04fd9,
0xaf08aa30,
0x801c666a,
0x814a814b,
0x8df04049,
0x8506aa80,
0x5f006d62,
0xfdf088fa,
0x64fc35f7,
0x88fa5f23,
0x684a7bf6,
0x65497b43,
0xf3fbb01c,
0x7a60bbf3,
0x07aa7f4b,
0x4630608e,
0xfc23f7fd,
0x4a774b77,
0xb2db4978,
0x08aa6178,
0x7bfc1914,
0x0593036d,
0x41697b46,
0x00930246,
0x20f10790,
0x0168fb00,
0xff693a94,
0x7bff41f7,
0x0233016a,
0x016a3bd1,
0xabd0bb33,
0x4f230446,
0xfb0a00f0,
0x01f1ba61,
0x0869fb0f,
0xfb2301bf,
0xbb230061,
0xbb469961,
0x632b0069,
0xaa69fbd1,
0x693a3e04,
0x18eb4641,
0x04aa607b,
0x02697b58,
0x00687b93,
0xfb940193,
0x19f7ff68,
0x3b6a7aff,
0x011c506a,
0x4a1c59d1,
0xba1a9bd0,
0x43429368,
0x4b687ddb,
0xb9dc432d,
0xdb0f00f1,
0xab420baa,
0xaa0903eb,
0x04aa4208,
0x00f8cd3e,
0xf8f7ff90,
0x420aaafe,
0x4207aa61,
0xf1b9db5d,
0x46cb0f04,
0x2300bfc8,
0x2301bfd8,
0x0caae7b7,
0xaa6e0083,
0x46300e05,
0xfd1008aa,
0x35fba0f7,
0x364a364b,
0xaa617849,
0xe778280c,
0x61bb2301,
0x0605aabb,
0x0f00f1b9,
0xf10ad0b9,
0xf1ba0a01,
0xd1870f02,
0x1c63445d,
0x4b284a29,
0x0547f3c5,
0xaa28d129,
0x005c8805,
0x05aa3095,
0xfb815086,
0x508608aa,
0x5a840aaa,
0x6d7bfb77,
0x06aa9301,
0x46414a82,
0x8205aa00,
0x7bfb7d4c,
0x016a386a,
0x17f43f33,
0xaa3001af,
0x005acd06,
0x4fe71220,
0x5f0901f0,
0x304913e7,
0x8410aa46,
0xaafb544e,
0xaa5cb506,
0xe7ce180e,
0x97a0bf00,
0x9060f100,
0x9070f100,
0x27aaf100,
0x80475c84,
0x82468946,
0x92af02b0,
0x00461d46,
0x3b6a7e24,
0x02429c6a,
0xd006aadb,
0x8d46231a,
0x520060e8,
0x40464946,
0xff340146,
0xeffeb9f7,
0xd10eaae7,
0x142a0818,
0x14b0834b,
0x024c154a,
0x15b2c0af,
0xfff1b1dd,
0x03d1093f,
0xdb910021,
0xa1b2d2b2,
0xfdf7fdb2,
0xbd3704fa,
0xaabd9046,
0x3440b708,
0x031021f8,
0xf1940024,
0x2c04aae7,
0x2100d101,
0x0caae7e8,
0xf024001c,
0x009630e7,
0x009640f1,
0xaa9650f1,
0x0c248106,
0x82469046,
0x811c4ab0,
0xc5af0246,
0x624b62b2,
0x6249634a,
0xc8f8dfd1,
0x8506aaa1,
0x88fa5f44,
0x00f89af6,
0x28900000,
0xc4f7fd46,
0x00f8dafa,
0x284a5b30,
0x5b443346,
0x00b2db49,
0x07aa5a93,
0xf7fd588b,
0x1c05aab6,
0x3b044a57,
0x441e4957,
0xb2d24b57,
0xb289b2f6,
0xb2db9600,
0xf8df4628,
0xf7fda17c,
0x4642faa5,
0x46484621,
0xff90f7ff,
0x916cf8df,
0x4a4f1c63,
0x49504b4f,
0x8164f8df,
0x2400d159,
0x287206aa,
0xfd940046,
0x5ffa8ff7,
0x5ff38afa,
0x1ff289fa,
0xaaf188fa,
0xfa851406,
0x4a464b46,
0xaa464628,
0xaa947a04,
0x7b429506,
0x444b44fa,
0x09aa454a,
0xfd462812,
0xaafa71f7,
0xdf648206,
0x5fa100f8,
0xaaf688fa,
0xaa4e830c,
0x5e4c810a,
0x294b2bfa,
0xda49294a,
0x05aa00f8,
0x44307688,
0xc02408aa,
0x2206aab2,
0x04aafa4d,
0x224b251c,
0x2238044a,
0xf6440649,
0xba0eaab2,
0x00e7920c,
0x1208aa26,
0x06aa4628,
0x32f7fd14,
0x24f81afa,
0x05aa1930,
0x07aa3814,
0x17fa2814,
0x284a184b,
0x0faa1846,
0xf7fd4eba,
0x4b14fa1b,
0xaa154a14,
0xe79b180f,
0xf1009600,
0xf1009610,
0xf1009620,
0xf10095e0,
0xf10095f0,
0xf10095d0,
0xf10095b0,
0xf10095c0,
0xf10095a0,
0xf1009460,
0xf1009820,
0xf1009470,
0xf1009480,
0xf1009490,
0xf10094a0,
0xf1009430,
0xf1009440,
0xf1009450,
0xf100528c,
0xf1009810,
0x2c04aa10,
0x8906aa94,
0xcc468b74,
0x02b093b2,
0xd7498aaf,
0xfaa068f8,
0xba63bb63,
0xf83ffff1,
0x884b8762,
0x07aa5b4a,
0x46203c89,
0xf9c5f7fd,
0x4a854b85,
0xaa854620,
0xfd5a8f07,
0x83f9bcf7,
0x844a844b,
0x831007aa,
0x2604aa4d,
0x4b82f9b2,
0x824004aa,
0x2849824a,
0x0baa5a60,
0xaaf9a540,
0x60681804,
0x4a7e4b7d,
0xaa54497e,
0xf9981a0b,
0x60a86efa,
0x46584651,
0xfebcf7ff,
0x6bba6f3b,
0x6bf94658,
0xfe4df7fe,
0xd0472800,
0x33fff04f,
0x04aa6efa,
0xff637b1e,
0x0baaacf7,
0x00fe3d20,
0x8ff00028,
0xaa6afa83,
0xf8209906,
0x5337446a,
0x9908aa60,
0x20302a20,
0x2af81246,
0x2af83120,
0x66f7fd10,
0x564b55f9,
0x5646204a,
0x1a04aa49,
0x5a180aaa,
0x534b52f9,
0x0daa534a,
0xaae79916,
0xaaa00e0c,
0xe7a60e0d,
0xea4f4b4c,
0x18e3048a,
0x4b49627b,
0x623b18e3,
0x44234b46,
0x4b4a61fb,
0x61bb18e3,
0x18e34b47,
0xaa45617b,
0xfb611804,
0x41637b6e,
0xbbb29b4b,
0x0c6b7b62,
0x38f0002b,
0xba330183,
0x3b3ffff1,
0x8bfa5f63,
0x39d13df5,
0xb946284b,
0x36b2de6a,
0x05aa324b,
0x46430491,
0xf913f7fd,
0x46433001,
0x4632b2c0,
0x6ab99000,
0xf7fd4628,
0x4b32f912,
0x04aa4e33,
0xb64b2f20,
0x83fa5fb2,
0x42464bf9,
0x50cf05aa,
0xf8fcf7fd,
0x464b3001,
0x4642b2c0,
0x06aa9000,
0x3af8fb12,
0x8206aa6b,
0xaafde648,
0xa928820a,
0x452801fd,
0x7f2800d0,
0x3baf59f4,
0xb6637b6b,
0x286a7be7,
0x3b881e46,
0x9346316a,
0xfb8000f8,
0x04aa4269,
0x464b9008,
0xaad2f7fd,
0xf8d15411,
0x881e69bb,
0x04aa697b,
0x04aa3b2a,
0xe7bd9006,
0x8407aa70,
0x0faa606c,
0x0caa6c84,
0x528c2885,
0x248506aa,
0x308508aa,
0x850baaa0,
0x006b3b30,
0xbadd3a2b,
0x5f3ffff1,
0x40f58bfa,
0x718099f0,
0x7146284b,
0x688105aa,
0xb2b64b70,
0x46314642,
0x6c8106aa,
0xf889f7fd,
0x0eaa3801,
0xf8881281,
0xaa694b68,
0xaa682c05,
0x72148211,
0x712e11aa,
0x07aa7af8,
0xfd5c1482,
0x633b6b7b,
0x18e34b5c,
0x0605aa7b,
0xaa5b62bb,
0x05aa0c04,
0x5a61fb06,
0x428305aa,
0x7b0604aa,
0x9b4b5361,
0xaa623bb2,
0x6b208108,
0x284b50d1,
0xde6a3946,
0x0baa4fb2,
0xf83d2c83,
0x2c830aaa,
0x8305aa39,
0x49f83c2c,
0x05aa484b,
0xaa481881,
0x26188111,
0xc03001f8,
0x00464bb2,
0x1208aa90,
0x0aaaf825,
0xfcd82283,
0xaa782801,
0x88228305,
0x7604aaae,
0x4b35d152,
0x6a394a33,
0xb2d2b2db,
0xf08bfa5f,
0xf806f7fd,
0x050ff1a0,
0x41684268,
0x752604aa,
0x25e7b0ae,
0x3346284b,
0x22602af8,
0x1346314b,
0x22802af8,
0x04aa424b,
0x464b9008,
0xffeff7fc,
0x06820eaa,
0xffeef7fc,
0x04aa4b1c,
0xaa4b1a2e,
0x05aa2c04,
0xe7639006,
0x46286b7b,
0xaabb881e,
0x7b088407,
0x8408aa6a,
0xcef7fc08,
0x840eaaff,
0xcdf7fc08,
0x1e69fbff,
0x05aabb88,
0x05aa0884,
0x8f900e84,
0xba6a7be7,
0xaa6b796a,
0xaa089506,
0xbf00e700,
0x1c8918aa,
0x8407aaa0,
0x07aa8024,
0xaa400889,
0xaa188907,
0xc102840a,
0x284ba980,
0x05aaa946,
0xaaa93e82,
0xfc02840d,
0x11aa88f7,
0xff874e81,
0xaaa14ba1,
0xaaa12c05,
0xfc6a820f,
0x11aa71f7,
0x98ff702e,
0x2a8705aa,
0x610605aa,
0x18e34b97,
0x04aa60fb,
0x9660bb06,
0x7b18e34b,
0x3b0605aa,
0x05aa8f60,
0x07aa4e9e,
0x40f41281,
0x8c809af0,
0x8c46494b,
0xdd46204e,
0x2ab2f6b2,
0xfc463346,
0x01ff43f7,
0xc0463330,
0x00462ab2,
0x20464990,
0x42f7fc46,
0x854d84ff,
0xad4b854e,
0xaab2f6b2,
0x321a8406,
0x2ab005aa,
0xff2df7fc,
0xb2c03001,
0x90004643,
0x2c1208aa,
0x830aaaff,
0x01fbdf72,
0xabf00028,
0x7f280080,
0xaaad8ef4,
0xd17f7604,
0x46494b71,
0x08aa4a6f,
0xf7fc7483,
0x1fc1ff0c,
0x41484248,
0xd0b32800,
0x188108aa,
0x4b61d173,
0x4d5f4620,
0x8105aa5e,
0x43b2ad7e,
0x29b2f646,
0xfc463246,
0xaafef5f7,
0xaa10850a,
0xfef47006,
0x4e574d58,
0x8113aa58,
0xaafedf1c,
0xde1c8110,
0x4ae781fe,
0x528407aa,
0x8407aa47,
0x0baa4752,
0xfec65284,
0x568210aa,
0xaa41fec5,
0x3e528405,
0x528405aa,
0x8405aa3f,
0x3be73b52,
0x1d46206a,
0x29693b88,
0xfb781e46,
0x05aa3268,
0x46435884,
0xaaa6f7fc,
0xa51e8111,
0x1d68bbfe,
0x1e687b88,
0xaa683b78,
0xe7612604,
0x693a68fb,
0x9b07aa39,
0x7be77d4c,
0x4a04aa6b,
0x04aa6abb,
0xaa6a7b4a,
0xaa814a0a,
0xfe804a11,
0x881d69fb,
0x781e69bb,
0x268906aa,
0xf1bae78a,
0xd14e3fff,
0x46204b21,
0xaa214a21,
0xfc208d07,
0x1ffe64f7,
0x204a204b,
0x09aa2046,
0x0efe5b12,
0x204a0b4b,
0x09aa0b46,
0x0ffe5212,
0x054a0e4b,
0x07aa0c46,
0x6004aa12,
0x6b3bfe48,
0x2003ea40,
0x03c5ea40,
0x08aae4b9,
0xaa806c89,
0x30588e0b,
0x8e06aa94,
0x8f08aa78,
0xaa942004,
0x10648e06,
0x8a1aaa98,
0x5f4b5804,
0x58f48bfa,
0x5846204a,
0x7e8c0daa,
0xfe10f7fc,
0x4a554b54,
0xaa554620,
0xfe04180f,
0x4a524b51,
0xaa524620,
0xfdf8180f,
0x4a4f4b4e,
0xaa4f4605,
0xe7a1180d,
0x6340f44f,
0xaa40e461,
0xbb308d07,
0x05aa3d62,
0xaa3a6e89,
0x3e0c8605,
0x748905aa,
0x8905aa3b,
0x05aa3974,
0x4b367489,
0x633bb29b,
0x2b006efb,
0x824df000,
0xf1ba3b01,
0x66fb3fff,
0xf58bfa5f,
0x4b2ed13b,
0x6b394628,
0xaa2bb2de,
0xfc008a09,
0x01fdbdf7,
0x8a09aa38,
0x46286b00,
0xfdbcf7fc,
0xaa284b27,
0x24188505,
0x168711aa,
0x10aafda6,
0xfda54084,
0x568f06aa,
0xfa90f7ff,
0x18860aaa,
0x2801fa53,
0x8a05aa3b,
0xb8ac140a,
0x05aabbe7,
0xaa7b288d,
0x3b208907,
0x20890baa,
0x5011aa7e,
0x10aafd7d,
0xe7bf2089,
0x7c8218aa,
0x348d0caa,
0x488d08aa,
0xf1009470,
0x18e34bb9,
0x04aa633b,
0xb862bb06,
0x2e8205aa,
0xfb0604aa,
0x05aab761,
0x04aa2882,
0xb0617b06,
0x1c8c0daa,
0x80d8f040,
0x8c07aaad,
0x0baaac1e,
0xfd2e1e82,
0x1e8c0eaa,
0xfd2df7fc,
0xaaa44ba6,
0xa51e8205,
0x1e8211aa,
0x0eaafd17,
0xf7fc1e8c,
0x8f0baa16,
0x01f9c940,
0xcbf04028,
0x7404aa80,
0x80c0f040,
0xaa904b92,
0xfc1c8c0b,
0xa0fcf8f7,
0x50020ff1,
0x00415042,
0x8ed0b228,
0x3a18e24b,
0x1f4a8e62,
0xa2f983fa,
0x8c613a18,
0xfa18a24a,
0x0604aa60,
0x4a8b60ba,
0xaa7a18a2,
0x603a0605,
0x6a890aaa,
0x4b828110,
0xaa824649,
0xce6a890d,
0x8910aafc,
0x7bfccd6a,
0x7c4e7b4d,
0x4e8813aa,
0x10aafcb8,
0xfcb74e88,
0x3e810aaa,
0x8105aa6a,
0xaa81213e,
0xf83e8106,
0x494b6880,
0x0baa6646,
0xfc996689,
0x42581fc3,
0x28004158,
0x8909aab5,
0xebf04066,
0x204b5880,
0x564d5546,
0x688911aa,
0x11aafc81,
0x4efc0088,
0x4f4e4f4d,
0x1a8113aa,
0x8111aa6b,
0x82fc6a1a,
0x19aa3be7,
0xfc53768d,
0x768d10aa,
0x10aafc52,
0xaa235684,
0x39768d05,
0x768d07aa,
0x2800e73d,
0xaabef47f,
0x8408aa00,
0x29d12e10,
0x2746284b,
0x368105aa,
0x8d0faa28,
0xaafc2448,
0x23348510,
0x1f4b21fc,
0x202c05aa,
0x148411aa,
0x3801fc0d,
0x14840eaa,
0xe710fc0c,
0x8b07aa11,
0x07aa1024,
0xaa0f248b,
0xf4248b0b,
0x6010aafb,
0xaa08fbf3,
0x07248b05,
0x248b05aa,
0x900605aa,
0xbf00e7cd,
0x108f18aa,
0x448918aa,
0x568b18aa,
0x10aafbbb,
0xfbba0c83,
0x568b0eaa,
0xa805aaeb,
0x8b08aa4a,
0x3be70556,
0x568b17aa,
0x4a11aa96,
0x0eaafb95,
0xaa13568b,
0x096a8205,
0xaaa900aa,
0xaa609805,
0xc4268406,
0xdb4aa780,
0x2049a7b2,
0x8b06aa46,
0xa5fb733e,
0x204aa54b,
0x09aaa546,
0xfb6a508b,
0x4aa44ba3,
0xaaa44620,
0xfb611209,
0x4aa24ba2,
0xaaa24605,
0x57628b0b,
0xaa6efbfb,
0xfb628b08,
0x016b7b63,
0xd4f43f33,
0x05aafba9,
0xaaa9d008,
0x4b987004,
0x49994a98,
0xaab9f040,
0x5f76a307,
0x5ff08bfa,
0xfcf48bfa,
0x7bfb39f7,
0xaa6bfa6b,
0xf8972404,
0xea4f5034,
0x49902313,
0x2312eb03,
0x203cf897,
0x35fff105,
0xf582fa55,
0xfb004a8c,
0xea4f5303,
0xfbb30353,
0xfb00f9f0,
0x4b893519,
0x06d5ea4f,
0x0507f005,
0xaa96f040,
0x46205407,
0xfb12f7fc,
0x4a724b71,
0x49724448,
0xf880fa5f,
0x4620b2db,
0xf8cdb2d2,
0xb2898000,
0xfb0cf7fc,
0x4a6e4b6d,
0x0004f1a8,
0xb2c0496d,
0x76a608aa,
0xf8df4620,
0xf7fc81e8,
0x464afafd,
0x46584651,
0xffe8f7fe,
0x91d8f8df,
0x3ffff1ba,
0x4a654b64,
0x4965b2f6,
0xf8dfb2ed,
0xf040b1cc,
0x6a09aa89,
0xf7fc9600,
0x4a68fae4,
0xf38bfa5f,
0xf189fa1f,
0xd21204aa,
0xdaf7fcb2,
0x5b4b5afa,
0xaa46204a,
0xaa509f05,
0xfc50a205,
0x5ffad0f7,
0x1f4a604b,
0x00f188fa,
0x4004aa95,
0xf7fc4620,
0x6afbfac6,
0x6bfb461a,
0x6b7b6013,
0xb942f7ff,
0x46204a45,
0x8d0faa45,
0x41faac18,
0x204a424b,
0x0faa4246,
0x3efaa018,
0x204a3f4b,
0x0faa3f46,
0x3bfa9418,
0x054a3c4b,
0x0daa3c46,
0x0daa2e18,
0xaa42009b,
0x0aaa0e05,
0xf7fc5a9b,
0x4b25fa79,
0x44484a25,
0x8205aa25,
0xaa462032,
0xf8cd2e0c,
0xf7fc8000,
0x4b1ffa70,
0x8205aa20,
0xc0491f38,
0x200caab2,
0xaa5f9000,
0x9600500f,
0xfa58f7fc,
0xaa1b4a22,
0xf8391605,
0x04aa102a,
0x1604aa1a,
0x9f05aa4d,
0x1446201c,
0x1e810daa,
0xf7fc9500,
0x9f05aa40,
0x2af83850,
0x1a08aa10,
0xaa6c9500,
0x707c8c31,
0x00f10097,
0x10f10090,
0x9a06aa90,
0xaa961040,
0x40509a06,
0x048707aa,
0x349f08aa,
0x709008aa,
0x000000ff,
0x3df50daa,
0x800707aa,
0xbbf5a0b5,
0x403b1053,
0x0042b2f6,
0x034293af,
0x932041d8,
0x80f0f0fb,
0x8cf5a0bd,
0x90381450,
0x41d80542,
0xf3fb9023,
0x40f040f0,
0xffbd8000,
0x2dbd8020,
0x984ff0e9,
0x8d468346,
0x0daf04b0,
0x7a6cfb46,
0x034a9460,
0x3c0343eb,
0x03f8126d,
0x3ff00990,
0x0a2b3203,
0xfff04fd9,
0x00f8cb33,
0x04f8cb30,
0x24465830,
0x12aa07aa,
0x22066cbe,
0x46114628,
0xf04602b6,
0x46330680,
0xfe3df7fd,
0xf5402001,
0xea49fbaf,
0x06aa0306,
0xfdb2ee1c,
0x61fe32f7,
0x804b7f1c,
0x4049804a,
0x07aab0f0,
0x46300885,
0xf999f7fc,
0x4a7d4b7d,
0x6178497e,
0x301404aa,
0xfcb28946,
0x7bf98ff7,
0x7c4a7b4b,
0x0baa3849,
0x79f98514,
0x7a4a794b,
0xaa60f849,
0xf97b140a,
0x50aa06aa,
0x140baab8,
0x4b75f971,
0x46824a75,
0xb109aa75,
0x8afa5f02,
0x65f7fcfa,
0x026dbbf9,
0xfb462993,
0x0146816d,
0x18f10793,
0x7a464300,
0xed940068,
0x7bf7feb2,
0x387c3bff,
0x7b1c627d,
0x89fa5f61,
0x3b7b3bf9,
0xd77a3b61,
0xfe8018f8,
0x4cf8df69,
0x534a53c1,
0x4060fb49,
0x5f80c4f0,
0xaaf38cfa,
0x28768606,
0x44f7fc46,
0x00697bf9,
0x4d462893,
0x4e4a4d4b,
0x608809aa,
0xaa3bf939,
0x4b4a1605,
0xaa4b4a4b,
0xf92e1609,
0x04aa68fb,
0x484b4816,
0x09aa494a,
0x47f92316,
0x284a474b,
0x06aa4746,
0xaaa00eb0,
0xf9181606,
0xaa454b44,
0xaa46a505,
0xaa22b008,
0xf9108c05,
0xd1031c73,
0x3ffff1b8,
0xaf3af43f,
0xea4f6d7a,
0xfa5f2328,
0xfb02f888,
0xf8cb8303,
0x12333000,
0xfb02b2f6,
0xf8cb6603,
0xaa2f6004,
0xfc74aa0f,
0x23f8e6f7,
0x244a244b,
0xaa617849,
0xfc68a90e,
0x20f8d9f7,
0x214a204b,
0x11aa3849,
0x1cf8cc1a,
0x1d4a1d4b,
0xaa60f849,
0xf8bf1a10,
0x4a194b19,
0xaab8491a,
0xf8b21a11,
0x4a164b15,
0xaa164682,
0x3c44a50d,
0x00bf00e7,
0x961aaa6d,
0x8618aa0c,
0xa50caa14,
0x860caa3c,
0x0faa1c04,
0xf7fc6ce0,
0x4b21f87e,
0x49224a22,
0x10aa6978,
0xf7fc08e1,
0x06aaf870,
0x3864c881,
0x621c13aa,
0x1a4b19f8,
0xf8491a4a,
0x1c12aa68,
0x8105aa54,
0x0faa284c,
0xf8cd4c81,
0xf7fca000,
0x4b11f846,
0x0eaa4a12,
0xf8cd10e2,
0xe7299000,
0x58813caa,
0xf240b580,
0x42985335,
0xdd11af00,
0x734af240,
0xdd0f4298,
0x6f16f5b0,
0xf640dd0e,
0x4298236b,
0xf5b0dd0c,
0xf04f6f48,
0xbfd830ff,
0xbd802004,
0xbd802000,
0xbd802001,
0xbd802002,
0x8707aa03,
0x1e460548,
0x06b09146,
0xccf8dfaf,
0xf94c6d81,
0x5a60ba60,
0x19496c1c,
0x88fa5fd1,
0x05aae2f3,
0xf7fb7eb5,
0x6dfbffdf,
0x435800c0,
0xfb902364,
0x6db8f3f3,
0xf7ff607b,
0x1e03ffc1,
0xda0c617b,
0x6eb10caa,
0x3023f818,
0x2026f814,
0x1026f831,
0x1c73e7e2,
0xaa17495a,
0x2400480b,
0xffbaf7fb,
0x218ef240,
0x462861b8,
0xff79f7fb,
0xeb044b53,
0x5cd20244,
0xd05c4282,
0x2c4a3401,
0xe7d7d1f7,
0xaa26f818,
0xe7e44409,
0x18e369fb,
0x2b49613b,
0x6d7bd846,
0x0020f107,
0x46299305,
0x93046d3b,
0x930369bb,
0x9301693b,
0x9300697b,
0x68bb68fa,
0xf7ff9602,
0x6a7bfdb4,
0x1c586a3a,
0x1a9bd030,
0x429a687a,
0x693cdc2c,
0x0f00f1b9,
0x69fbd154,
0x0903eba8,
0x0f49f1b9,
0x6d7bd825,
0xaa054629,
0xaa6caf05,
0x0aaa4808,
0x04f8cd44,
0x90f7ff90,
0x594805aa,
0x07aa0f1c,
0x05aa0b48,
0xaac86cb1,
0x9930b109,
0x4fe02b46,
0xd00a01f0,
0x0cb005aa,
0x1caae025,
0xff940152,
0x05aa68f7,
0x02330150,
0x3f3201d1,
0xa0af67f4,
0x18b306aa,
0xbb61fb0b,
0x18b305aa,
0x0a00f04f,
0x06aa46d1,
0xf1ba1eb3,
0xd0840f00,
0xa47004aa,
0x01f10bd0,
0x02f1bb0b,
0x0ad1eb0f,
0x25f8534b,
0x0142a220,
0x25f843d9,
0x05aa0840,
0x0145420e,
0x25f843d2,
0x3f200080,
0x8c08aae7,
0x006d0008,
0x0064acf1,
0xaa64b4f1,
0x2d208c06,
0x044ff0e9,
0x87460e46,
0x90af04b0,
0x38469946,
0xff6bba6b,
0x05fee4f7,
0x05aa051e,
0x08aa3883,
0x4b3758c4,
0x0e64f04f,
0xf8534837,
0x4b36c024,
0x0c4ceb0c,
0x3024f853,
0x0343eb03,
0x78594403,
0xfb1e789b,
0xeb003101,
0xaa58030c,
0x3e000c05,
0x01906b7b,
0x44104471,
0xb1631049,
0xf7ff4408,
0x4682fcdd,
0xd10828ff,
0x06aa22ff,
0xfb22aa81,
0xcefe93f7,
0xf11a08e7,
0xff4608e7,
0xfffccef7,
0xadd0f128,
0x7ff06a02,
0x80f04502,
0xaab2d20b,
0xfe802608,
0x465b2206,
0x46204611,
0xfb3af7fd,
0xf5402001,
0xea4af8ac,
0x8107aa0b,
0xf7fd1ccf,
0xaa4afb30,
0x2acf8109,
0xf04f2500,
0xf7fd0a04,
0x2805aa26,
0x4643f898,
0x9008f8cd,
0x0420e88d,
0x46214632,
0xf7fe4638,
0x687bfcb0,
0xd0923301,
0x3301683b,
0x3501d08f,
0xd1ec2d04,
0xe78c2000,
0x64b4bf00,
0x1c820aaa,
0x4ff0e92d,
0x4605461e,
0xaf06b08b,
0x4693468a,
0x9038f8d7,
0xf6a96cbc,
0xf5b33375,
0xd2627f86,
0x4a431c73,
0x49444b43,
0xac07aa13,
0xfbb2e872,
0x78fe5ff7,
0xff464860,
0x03fe47f7,
0x0d603b1e,
0xfff04fda,
0x14462034,
0x5cc509aa,
0xaa123026,
0xe7328507,
0x00f04fe7,
0x184b3508,
0x002003f8,
0x03483423,
0x090143eb,
0x0942915c,
0x4a3301d0,
0xe1d1f62b,
0x1c1a9be7,
0x412e01e0,
0xdd2400d0,
0x012204e7,
0x29920593,
0x07687a46,
0x3b0008f1,
0x52920368,
0x5b930046,
0x02940446,
0x4cf7ff96,
0xba68fbfc,
0x4f1c5968,
0xe30188ea,
0xe11c50d1,
0x212300d1,
0x01f1084a,
0x02f1b808,
0xcb50530f,
0x404b1ed1,
0x28218ef2,
0xdb689a46,
0xa8429a68,
0xb8221dbf,
0xfb2205bf,
0xfbfdd4f7,
0x03465a6b,
0x04465193,
0x08f8cd23,
0x28930190,
0x33940046,
0x06f7ff46,
0x9f2800fe,
0xbd2c00db,
0x9d2e03d1,
0x5a6c7bd1,
0x51930246,
0x286c3b46,
0x23930146,
0xb706aa46,
0xaafee434,
0x20828106,
0xe78c4244,
0x9000bf00,
0x4c8406aa,
0xf1009010,
0x06aa6dde,
0xaabc4882,
0x40648407,
0x2d41002d,
0x1e2e4241,
0x445f2e43,
0x30453c2f,
0x5a304619,
0x48373147,
0x32491432,
0x32334a55,
0x4c0f344b,
0x354d5034,
0x0a364e2d,
0x504b364f,
0x38512837,
0x46385205,
0x54233953,
0x3a55003a,
0x1e3b5641,
0x01003c00,
0x3d02413c,
0x5f3d031e,
0x053c3e04,
0x3f06193f,
0x3740075a,
0x09144108,
0x420a5541,
0x0f430b32,
0x0d50430c,
0x450e2d44,
0x4b450f0a,
0x11284610,
0x47120547,
0x23481346,
0x15004914,
0x4a164149,
0x5f4a171e,
0x193c4b18,
0x4c1a194c,
0x374d1b5a,
0x1d144e1c,
0x4f1e554e,
0x0f501f32,
0x21505020,
0x52222d51,
0x4b52230a,
0x25285324,
0x54260554,
0x23552746,
0x29005628,
0x572a4156,
0x5f572b1e,
0x2d3c582c,
0x592e1959,
0x375a2f5a,
0x31145b30,
0x5c32555b,
0xaa051d32,
0x05aa0000,
0x14470cca,
0x22d805aa,
0xf8df1c4a,
0xaf02a07c,
0x907cf8df,
0x807cf8df,
0xd112b2c6,
0x68b40caa,
0xf7fb4630,
0x2c00fd4a,
0xdd0dd01f,
0x030ff1c0,
0xdd0b429c,
0x34fff04f,
0xf81ae017,
0xf8193021,
0xf8382021,
0xe7eb1021,
0xd4f342e0,
0x1c6b4420,
0xaa0eb2c0,
0x9000400d,
0x04aa2400,
0x20fd3044,
0xb506aa46,
0x25f81a04,
0x25f81930,
0x25f83820,
0xef900010,
0x0093e0e7,
0x0093f0f1,
0x07aa00f1,
0x29040cb3,
0xb0834605,
0xaf004614,
0x4611d157,
0x6cbb05aa,
0x79fd4ff7,
0x00e9c74b,
0x00f04f01,
0x0122000b,
0x00681920,
0xc2f302fa,
0x0b0607f1,
0x0140d340,
0x032a0832,
0x4af306fa,
0xf20a03ea,
0x8108aad1,
0x26007e8a,
0x46504632,
0xf53f4659,
0xf000ee34,
0x21000001,
0x0301ea50,
0x00f2d008,
0x210020ff,
0xee38f53f,
0x8a8108aa,
0x0836016c,
0xd7d1e82e,
0x4b2300e9,
0x42bf0845,
0x62d11945,
0x5e4b5e1c,
0x5eb2e84a,
0x07aa0c49,
0xf7fb3286,
0xf110fcc7,
0x8405aaff,
0x8808aa44,
0x8d0caa62,
0x00e7ee78,
0x53e7f220,
0x40f8df1c,
0x51b2c5b1,
0x524a524b,
0x07aa4c49,
0xfb46283c,
0x4ffca8f7,
0xb04a504b,
0x4ff980fa,
0xdb462849,
0x59ea4fb2,
0x5806aa19,
0xf1a0fc9b,
0x424e01ff,
0x414e4b4a,
0xaa4b4a4a,
0x06aa1e05,
0x48fc8e1a,
0x04aa494b,
0xaa48f834,
0x18583407,
0x811a06aa,
0xff4a37fc,
0x43493738,
0xd2414342,
0xaa469ab2,
0xf30c9b05,
0x746804aa,
0x268109aa,
0x0f00f1b9,
0xb146d052,
0x0f00f1b8,
0xf1bad050,
0xbf080f00,
0xbf184656,
0x46304606,
0x9205aa9d,
0x09aa281c,
0xf7fb1c92,
0xc105aa58,
0x80fab034,
0x284927f9,
0x59ea4f46,
0x810caa19,
0x48f7fb5e,
0xfff1a0fc,
0x22425e03,
0x22415e4a,
0xaa4b1f49,
0x04aa3c0a,
0x38f7fb28,
0x1e4b1dfc,
0x2c8105aa,
0x4005aa1d,
0x0eaa1858,
0x04aa2840,
0x42530240,
0x4153490a,
0x469a4a08,
0x3024f81b,
0xaa1a04aa,
0xe7a22204,
0xe7b4464e,
0xe7b24646,
0xf1006de0,
0xf1009140,
0xf1009150,
0xf1009160,
0xf10097e0,
0xf10090e0,
0x0404aaf0,
0x00f10097,
0x10f10091,
0xd0f10091,
0xc0f10097,
0xd0f10090,
0xc0f10090,
0xa0f10097,
0xb0f10090,
0x40c107aa,
0x46051c4e,
0x460cb083,
0xaf024693,
0xa0ecf8df,
0x90ecf8df,
0xf8dfb2c6,
0xaa1880ec,
0xdd5a8511,
0x3c2801fb,
0x01f1bbd1,
0x60d1220f,
0x03d10f1c,
0xaa930023,
0x04aa2004,
0x2404aa28,
0x850daa0e,
0x1ae7e566,
0x033024f8,
0x24f81920,
0xb905aa20,
0x25009048,
0xc24604aa,
0x09aa28fb,
0x462832c3,
0x32fff04f,
0xf7ff4621,
0x4605fe4d,
0xd1f12800,
0xd0d31c61,
0xaa3810aa,
0xfba73604,
0x2803e7e3,
0x7e05aa21,
0x4628d114,
0x04aa465a,
0x05aa3236,
0x62d1d636,
0x01d1011c,
0x05aab723,
0x3808aa72,
0xb000f8cd,
0x1c63e7e1,
0x5005aaf2,
0x5009aa01,
0xf04fe7ba,
0xe7bc35ff,
0x93b0bf00,
0x93c0f100,
0x93d0f100,
0x0c8206aa,
0x46062a08,
0x460db083,
0xaf024610,
0x4614dd35,
0x46292208,
0xf7ff4630,
0x2800fff1,
0x3c08d15f,
0xdcf52c08,
0xf8df1c6a,
0xf8dfb0e4,
0xfa5fa0e4,
0xd135f886,
0xd007aa34,
0x89f28a78,
0xfb4640b2,
0x42fb4bf7,
0x0746811f,
0x00d8382a,
0xc0dd2e2c,
0xa2020cf1,
0x4cdb3a42,
0xe41c6b44,
0x29d149b2,
0x002e09aa,
0x3006aa94,
0x2000fb3b,
0xf112e031,
0xda0c0f08,
0xf06f4614,
0x06aa0207,
0x30ffb774,
0x143408bb,
0xf40f08f1,
0x02e7c4db,
0xc14614b3,
0x1b4919e7,
0x1a3025f8,
0x312025f8,
0xc71025f8,
0x02d0d3e7,
0x8a42611f,
0x4fdccf42,
0x0832fff0,
0x102c00e0,
0x021cc2dd,
0xc2020ff0,
0xc20207f1,
0x07aa01e7,
0xff0b4081,
0xd0bd2800,
0x748208aa,
0x1cc2d0b8,
0x04aa4261,
0xb2428a26,
0x04e7e1da,
0x00560daa,
0xa0e7b394,
0x80f10093,
0x90f10093,
0xb0f10093,
0x80f44fb5,
0x00460d63,
0x022200af,
0xfc460421,
0x03ff67f7,
0x2ad1222d,
0x04462046,
0xfc210623,
0x20ff5ff7,
0x8106aa46,
0x71a140d1,
0xfaabf7fb,
0xaa0e04aa,
0x48cd8106,
0xaaa4f7fb,
0x06aa0e05,
0xfb46cd81,
0xaafa9df7,
0x71811a06,
0xf7fb4620,
0xbdb0fa96,
0xd10b2d04,
0xf7fc4620,
0xf400ff2a,
0xf04363ff,
0x22030304,
0x04aa2106,
0xaaff3412,
0x4f1ae305,
0x46834614,
0xaf02b089,
0x4e9ab2c5,
0x61794b9a,
0x4a9a1c51,
0x80c4f040,
0xfa86fa1f,
0xf982fa5f,
0xf883fa5f,
0x4643464a,
0x46284651,
0xfa8cf7fb,
0x0002f040,
0x40a706aa,
0x1407aa4a,
0x2301fa8a,
0x93004a8e,
0xaa8e498e,
0xaa6cc007,
0xfa7f1604,
0xf7fb4658,
0x697bf981,
0x2b013b03,
0xf44fd806,
0x22005380,
0x46582105,
0xfef6f7fc,
0xf8df1c62,
0xf8df9224,
0xf8dfa21c,
0xf0408214,
0xfa5f80ae,
0x8305aa89,
0xc006aa38,
0x57f7fb4e,
0x02f010fa,
0x40617b03,
0x638100f0,
0x734a751c,
0xa2f0404b,
0x5fb2b680,
0x5ffa82fa,
0x52f983fa,
0x05aa4b46,
0xf7fb04a7,
0x464bfa42,
0x00fdf000,
0xa607aa52,
0x41f7fb64,
0x00697bfa,
0x6a4a6993,
0xd249694b,
0x05aadbb2,
0x4e687489,
0xfa35f7fb,
0x00a34a68,
0xf58bfa5f,
0x0a02eb03,
0xeb034a66,
0xb2f60906,
0x0802eb03,
0x189a4a64,
0x4a63613a,
0x60fa189a,
0x44134a63,
0x1c6060bb,
0x808bf040,
0x46334a5d,
0xcd05aa5b,
0x5804aa22,
0x3001fa0d,
0xb2c01c61,
0x8085f040,
0x46334a56,
0x08aa4954,
0xf7fb0c9c,
0x8105aa07,
0x00f90970,
0x80f44f22,
0x8106aa53,
0x62fe8268,
0x4fd1771c,
0x4d46284b,
0x789c09aa,
0xf9eaf7fb,
0x49464a47,
0x06aa4633,
0x04aa70c8,
0x7bf9e13c,
0x40079b69,
0x07815df1,
0x4fd1c228,
0x2835fff0,
0x07aa1c46,
0xf8364e84,
0x05aaa024,
0x13905e89,
0x518024f8,
0x43464a46,
0xc8f7fb46,
0x8312aaf9,
0x2ef9c608,
0x014a2c4b,
0x0faa2c20,
0xe73772cc,
0x3024f819,
0x8707aa1a,
0x36e7501e,
0xaa6024f8,
0x31a05209,
0x53464a46,
0x9ff7fb46,
0x05aa53f9,
0xaa4a4682,
0x9e468209,
0x184b1af9,
0x11aa184a,
0xe758409b,
0x3000f899,
0x2000f898,
0x1000f8ba,
0x0e0daa72,
0xe7789000,
0x462868bb,
0xaa3968fa,
0xfb0cce07,
0xaaf972f7,
0x61782204,
0x852408aa,
0x009340e7,
0x009320f1,
0x009330f1,
0x0092d0f1,
0x0092e0f1,
0x0092c0f1,
0x009200f1,
0x009220f1,
0x009210f1,
0x009370f1,
0x009360f1,
0x009350f1,
0xa54b90f1,
0x05eb0800,
0x8bfa5f02,
0x7b18ebf8,
0xfa4b8d61,
0x05eb0a60,
0x3b18eb02,
0xba4b8b61,
0x05eb0960,
0x7a18ee02,
0x83fa5f60,
0x7f1c61f9,
0x4b4a85d1,
0x05aa8346,
0x46403683,
0xf932f7fb,
0x1c623001,
0xd179b2c0,
0x464b4a7f,
0x8307aa7d,
0x1a04aa34,
0x4658f92d,
0xf82ff7fb,
0x1c850caa,
0x1c63fda8,
0x4b77d16b,
0x4a774640,
0x8309aa77,
0x70f91034,
0x82496f4a,
0x05aa4b46,
0x04aa56a9,
0x1af9073c,
0x000f02f0,
0x078083f0,
0x6ed1c428,
0x8bfa5f4b,
0x03eb05f6,
0x054b6c0a,
0x6c0903eb,
0x5f441d4b,
0x60f883fa,
0x68d1551c,
0x6646434a,
0x0e8105aa,
0xf7fb4630,
0x06aaf8eb,
0xd14f4484,
0x46434a62,
0x8107aa60,
0x1a04aa0e,
0x4658f8e6,
0xffe8f7fa,
0x42840caa,
0x1c62fd61,
0x4b53d141,
0x4a534630,
0x8109aa54,
0x53f8c90e,
0x4349514a,
0x428407aa,
0xc03c04aa,
0x9b697bf8,
0x07d53c07,
0xded1c528,
0x79693ae6,
0x05aa3369,
0xe77e7e82,
0x000c0aaa,
0x7be78490,
0xba464068,
0xaa68f968,
0xa41c8308,
0x2004aaf8,
0x06aa4682,
0x2be79222,
0x07aa9978,
0xaaa82683,
0x90000c0b,
0x687be7ae,
0x3a0daa30,
0x782bf887,
0x08aa6178,
0x04e7bc22,
0x05aa2122,
0xfd0b3ab4,
0x28004605,
0xae9ef47f,
0xfa5f4658,
0xf7faf68b,
0x2303ff7f,
0x21612208,
0xf7fb4630,
0x4b26f86c,
0x4a262801,
0xd1214927,
0x3ffff1b4,
0x9107aa16,
0x8d06aa14,
0x6ff86504,
0xaa0207f0,
0xfce74806,
0x4658bb10,
0xff60f7fa,
0x21542200,
0xf7fb4658,
0xaa73f81b,
0xe446d60f,
0x071c60e7,
0x954208aa,
0x444204aa,
0x0daae7f8,
0x95006acd,
0x4605e7f3,
0xbf00e657,
0x588408aa,
0x06aa9200,
0x93605484,
0x648406aa,
0xf10091f0,
0xf10091e0,
0xf10091d0,
0x2004aaf0,
0x10f10093,
0x308d07aa,
0x46042154,
0xaf02b09b,
0x9905aa1d,
0xfa608844,
0x40ffd1f7,
0x381149f2,
0xfa462063,
0x40ffcbf7,
0xf8114bf2,
0x0c04aa62,
0xf44fffc5,
0xaab871a5,
0xffbf0c05,
0x71a6f44f,
0x0c05aa78,
0xf44fffb9,
0xaa3871a1,
0xffb30c05,
0x718df44f,
0x04aa61f8,
0x40ffad0c,
0xb81121f2,
0xa70c05aa,
0x81f44fff,
0x05aa7871,
0x03ffa10c,
0x0361382d,
0xfff04fd9,
0x89f00032,
0x002e00bd,
0xb281c9f0,
0xb2b2e64b,
0x00f04f4a,
0x3049b208,
0x85ea4f46,
0x1346c209,
0x123025f8,
0x548c07aa,
0x8000f8cd,
0xffc6f7fa,
0x4aac4bab,
0x49ac2002,
0x001c0caa,
0xfa463090,
0xa7ffb8f7,
0x304aa84b,
0x0daaa846,
0x3806aa1c,
0xa3ff00aa,
0x304aa44b,
0x13aaa446,
0x9fff9c1c,
0x094aa049,
0xfb0301eb,
0x02eb0965,
0x9d65bb03,
0x2204aa4b,
0x0003eb09,
0x782604aa,
0x05aa3065,
0x06aa0a81,
0x97ff852e,
0x05aa9749,
0x05aa3b2e,
0x9564fb2e,
0xb82e0daa,
0xaa200164,
0x06aa2e04,
0xff6e1481,
0xaa8f498e,
0x647b2e05,
0x3b2e04aa,
0x0daa8c64,
0x0d63f82e,
0x572e0baa,
0x4023ffff,
0x05aa49f2,
0xf7fa06f4,
0x23ffff28,
0xaaa5f44f,
0xfa4ce805,
0xc0ff21f7,
0x05aade23,
0xf7fa56e4,
0xaac0ff1b,
0x7ae88107,
0xff15f7fa,
0x444b4b79,
0x4b7863bb,
0x637b444b,
0x44994b78,
0x6a8708aa,
0xf7fc4620,
0x6bbbfbb3,
0x46306b7a,
0x1000f8b9,
0x0a01f10a,
0x7812781b,
0x004004aa,
0x08d04d28,
0xbb0801f1,
0x390f03f1,
0x05f1b8d1,
0xbad9460f,
0x560f0ff1,
0x4f6d7bd9,
0xba101aea,
0xf938016d,
0xaab2c06d,
0xfa16da0a,
0xfbff08f7,
0x0a6c3a6b,
0x79000df1,
0x0ff0006c,
0x78db09aa,
0xfa1c04aa,
0xfa6cbbfe,
0x9aea4f6c,
0x006d3900,
0x1b0002f0,
0x01f04078,
0x200aaa00,
0xf8d7feea,
0x2b00308c,
0x80b9f000,
0x0b00f04f,
0xf1bbe00f,
0xd10c0f04,
0x0f09f1b8,
0x6d7bd909,
0x1007f3ca,
0x6df96dba,
0xc65406aa,
0xfb4680e7,
0x3a46306b,
0xaa6c796c,
0xf7fa1206,
0x280cfec1,
0x8082f000,
0x06aa2201,
0xfb4912f2,
0xd0892800,
0x21546b3a,
0xf7fa4620,
0x6afafe7f,
0xe58106aa,
0x79f7fa5c,
0xaa6abafe,
0x5ce58106,
0xfe73f7fa,
0x06aa6a7a,
0xfa5ae581,
0x3afe6df7,
0x8106aa6a,
0xf7fa58e5,
0x69fafe67,
0xde8106aa,
0x61f7fa36,
0xaa69bafe,
0x32de8106,
0xfe5bf7fa,
0x06aa697a,
0xfa2ede81,
0x3afe55f7,
0x9006aa69,
0x4ff7fa68,
0x94f8d7fe,
0x408105aa,
0xf8d78515,
0xf04f3090,
0x462932ff,
0x2b004620,
0x081804aa,
0x5a2201bf,
0xfff7ff43,
0x004602fa,
0xc0bc20f0,
0x8b0aaa92,
0x00929074,
0x0092a0f1,
0x0092b0f1,
0x009260f1,
0x009270f1,
0x009280f1,
0x009230f1,
0x009240f1,
0xaa9250f1,
0xf0089b06,
0xe0f10093,
0x489407aa,
0xf10093c0,
0xf10093b0,
0x9207aaa0,
0x00938040,
0x009170f1,
0x009180f1,
0x009190f1,
0x306cbbf1,
0x396cfa46,
0x2e8207aa,
0xfe33f7fa,
0xf47f2803,
0x6d7baf72,
0x0aaa4630,
0xf7fa4682,
0x280ffe27,
0xaf66f47f,
0x8107aaff,
0x11495897,
0xfdfdf7fa,
0x4f0e06aa,
0xfa71a5f4,
0xaafdf6f7,
0x74978106,
0xf7fa21de,
0x0aaafdf0,
0xfdea5684,
0xaa59e751,
0x21688205,
0x03f1bbfb,
0xaad1510f,
0xdc7e840a,
0xd6280baa,
0x8108aafd,
0xf7fa54e8,
0xaa32fdbd,
0x04aa5605,
0x05aab70c,
0x8206aa0c,
0x1ffdb16c,
0xea8107aa,
0xb4f7fa14,
0x78221ffd,
0x8106aa63,
0xf7fa16ea,
0x2380fdad,
0x06aa64b8,
0xaa009981,
0xfdaf1004,
0x04aa231f,
0x5c06aa2a,
0x0e05aaa8,
0x0e07aa42,
0x2d02fda1,
0x2d03d05d,
0x2d01d067,
0x2350d129,
0xe88108aa,
0x94f7fa68,
0x0e04aafd,
0xaa2921f4,
0x06548405,
0x324bddd1,
0x20210b46,
0xfc781b46,
0xaafa33f7,
0xbe468106,
0x0b2300fa,
0xfc4a05aa,
0xaafa29f7,
0x2222860c,
0xbb2300fa,
0x53637b64,
0x4604aae0,
0xe98106aa,
0x6af7fa5c,
0xaa5405aa,
0x5ae98106,
0xfd63f7fa,
0x04aa2103,
0x0daa9b46,
0x02fa053a,
0xaff0002d,
0x32f005aa,
0x2d0181bc,
0xaa0fd124,
0x4916810b,
0x0e04aafd,
0x8105aaf4,
0xa4fd4368,
0x05aa2c22,
0x8106aa60,
0xf7fa7ee9,
0x6007aa3a,
0xe7ce1145,
0xef0a04aa,
0x2f2805aa,
0xf51605aa,
0xaae7c421,
0x08aa3c04,
0xaa240c81,
0x08aa4a05,
0xfd1d0c81,
0x827604aa,
0x8d7605aa,
0xd12d0181,
0xaa2284d0,
0xfd048606,
0x03f1bbfc,
0x9ed10d0f,
0x9e20004b,
0x0faa9e4a,
0xb2e0228a,
0xfd27f7fa,
0xb2e64b9a,
0xf04f4a9a,
0xaa990900,
0x08668a06,
0x108a0faa,
0x14f7fa90,
0x944b93fd,
0x9446304a,
0x2c8a10aa,
0x06f7fa90,
0x90498ffd,
0x05aa084a,
0xaa082c8a,
0x8d2c8a05,
0x508905aa,
0x8a12aa08,
0xf7fa902c,
0x4987fcef,
0x2e06aa87,
0x2e05aa60,
0x0eaa8560,
0xaf05aa2e,
0x2e06aa48,
0x0901f04f,
0xfcd6f7fa,
0x4a7e497d,
0x04aa4630,
0x05aa3b34,
0x7b64fb62,
0xaa3405aa,
0xeb083004,
0x0aaa0a03,
0x75fcc05e,
0x05aa7649,
0xaa647b5e,
0x643b2a04,
0x5e0daa73,
0x5c8a0eaa,
0x4620fca9,
0xfbabf7fa,
0x9038f8c7,
0x9150f8df,
0x0f04f1bb,
0xf8d9d10a,
0x22003000,
0x4620210b,
0xb2db43db,
0x3000f8c9,
0xf919f7fc,
0x628306aa,
0x5380f44f,
0xf912f7fc,
0xaa59462a,
0x6a4cef05,
0x002800ff,
0xbb82c6f0,
0x002b006b,
0x07aad1f0,
0xf7fe0a89,
0x4602ff12,
0xf0402800,
0x65388224,
0x008905aa,
0xaa6d3afb,
0xf8f2400a,
0x4a4008aa,
0x2604aaff,
0x08aa80b5,
0xf7fe3c88,
0x06aafef5,
0xaa82073a,
0xaa5d3804,
0x4d6a8605,
0xc02300d1,
0x05aade22,
0xfc275283,
0xe10c04aa,
0x210c05aa,
0x09aa00fc,
0xfc086a86,
0x8107aa00,
0xf7fa4ef5,
0x0c05aa02,
0x6a8606aa,
0xaa01fbfc,
0xaa449a07,
0xaa102606,
0xaa449a07,
0xfc010e04,
0xaa1c04aa,
0xfa5c8908,
0x1c06aafb,
0x5e8906aa,
0xf897fbf3,
0x0aaa3034,
0xfbeb2687,
0xf8974620,
0x1205aa48,
0xf7fa2142,
0xf44ffbe3,
0xf53e707a,
0x4620fe01,
0xf876f7fc,
0x73f8f641,
0x40032203,
0x669a06aa,
0xe53bf881,
0x6de0bf00,
0x609506aa,
0x788908aa,
0x9107aa00,
0x04aa200c,
0x9107aa14,
0x0091f000,
0x0091c0f1,
0x0091b0f1,
0xaa91a0f1,
0xaa788926,
0xaa7c8506,
0x9f368606,
0x0e06aafb,
0x0e05aa45,
0x2294fb98,
0x04aae681,
0x8606aa12,
0x05aa903e,
0x05aaf51e,
0xb4fb8a0c,
0x20e67322,
0x34f8df46,
0xb0f7faa3,
0xc849c8fa,
0x568409aa,
0xeb084bc7,
0xf8310902,
0x44981025,
0xaa25f812,
0xfa248405,
0xc1fb91f7,
0xaad52207,
0x1a5e8c08,
0x8306aaf8,
0xaa813a1a,
0xbbfa5a05,
0x400f04f1,
0xaa80e7f0,
0x6e918106,
0x308408aa,
0x8405aaca,
0x09aa0130,
0x46205c96,
0xfffaf7fb,
0x0aaae0d7,
0xaaf66283,
0x161c8407,
0x6c4805aa,
0x124805aa,
0x4612aad1,
0xffdef7fb,
0xd7460caa,
0xbbe002ff,
0xf40f03f1,
0x8408aad0,
0x28fe2b3e,
0x8408aab9,
0xd3fdd972,
0x306d39e7,
0x00f89946,
0x00f89820,
0xfa880930,
0xc2fb31f7,
0xaad5c207,
0xd1696004,
0xc52808aa,
0x7e06aafd,
0x04aa80d7,
0x05aa2d7e,
0x88d1637e,
0x7a04aa4a,
0x04aa6813,
0x0060137c,
0xa0f7fb22,
0x850aaaff,
0x99f7fb72,
0x7408aaff,
0xb948fdf1,
0x4c810aaa,
0x4e07aa9e,
0x10aa80b0,
0xfaf3688c,
0x6dba6d7b,
0x10aa3001,
0xfaef3290,
0xf17804aa,
0x810caaf9,
0x39ff6a5a,
0x00f8986d,
0x8106aa30,
0x3e04aa3e,
0x3e05aad4,
0x6df94682,
0x08aa4630,
0x1afaca52,
0x000f01f0,
0x0780fbf0,
0xffd1c728,
0xbbbae9f7,
0x9b0f03f1,
0x07aa0cd1,
0xff4a5a81,
0x04aae791,
0xaad1b912,
0xff3c5c0c,
0x4a524b52,
0xcd05aa30,
0x890aaa2a,
0xa3f7fa3a,
0x062801fa,
0x0bf06fd1,
0x3e06aa02,
0xe799ff2b,
0xaaf82204,
0xf43f4205,
0x08aaaf20,
0xfd797081,
0x64820aaa,
0xe6fdfd27,
0x46306d39,
0x3000f898,
0x2a8108aa,
0x07c3fa7f,
0xaeedf53f,
0x0f04f1bb,
0x8209aa31,
0x02fd1266,
0x20bb2846,
0x7cf7fa46,
0x1a04aaf9,
0xaa2fd137,
0xef628211,
0x820caafe,
0xaafee862,
0xfd407208,
0x0aaab1b0,
0xaadf6282,
0x47108805,
0x644610d0,
0x1a9e07aa,
0x0f03f1bb,
0x8109aad1,
0xc9fecf76,
0x2e0aaae7,
0x04aafcd6,
0xe7d0df2e,
0x488105aa,
0x820daadb,
0xaafeb70a,
0xaa30e908,
0x1e0a820e,
0x0a820faa,
0xaadcfea6,
0x000a8205,
0x9d0caabf,
0xaa6de00c,
0xaa70900e,
0xfb708310,
0x8316aaf9,
0x20f9f770,
0xf9f7fa46,
0x10860daa,
0x10aafe72,
0xaadc7083,
0x0eaa3e05,
0xf9d27083,
0x0f01f01a,
0x2807d003,
0xf7ffd1c8,
0xf06fb9f2,
0x8107aa03,
0x05aa5522,
0xf47f1482,
0x8309aa75,
0x05aa1626,
0xf47f5486,
0xe566af6c,
0x46306cfa,
0xf89a6d39,
0x06aa3000,
0x03f9ae48,
0xaad13028,
0xfa489b0e,
0x0ff9a3f7,
0xc7f43f28,
0x8308aaa9,
0x05aa3932,
0xf47f3a82,
0x6cfaaf4b,
0x0aaa2001,
0x8106aa40,
0xfbf99446,
0x0d6c3a6b,
0x9408aa20,
0x1606aa7c,
0x8105aa89,
0x00f88b5c,
0xe063bb23,
0x036cfae4,
0x783811aa,
0x053805aa,
0xe23809aa,
0x94f8d7e7,
0x00e71820,
0xf0e92dbf,
0x0c1c4d47,
0x02b08246,
0x2d060ff0,
0x2daf024b,
0xc5492d4a,
0x08aa28b2,
0x0696589b,
0xfa46283e,
0xdff957f7,
0x0590b4f8,
0x284b272e,
0xdf49284a,
0x2880acf8,
0x60d8344e,
0x09aa1c1c,
0x940018e5,
0x432804aa,
0xa406aaf9,
0xb1f2884a,
0x3a1207aa,
0xaa2000f9,
0xaa6caf06,
0xd244e30e,
0x2a9c05aa,
0x0a00f04f,
0x48bc0caa,
0x213204aa,
0x24f836f9,
0x24f81910,
0x24f81830,
0x1604aa20,
0x1c60e7da,
0x2401d101,
0x3407aac9,
0x3409aa01,
0xbf00e7e4,
0x64de0caa,
0xf10094b0,
0xf10094c0,
0xf10094d0,
0xf1009570,
0xf1009550,
0xef07aa60,
0x49f24034,
0x8b461c11,
0x00af02b0,
0x80461623,
0x7b613b46,
0xfb61bb61,
0xa5f7fa61,
0x781c63f8,
0xba4bb960,
0xaa49ba4a,
0x0114c80a,
0x5f900020,
0x5ff088fa,
0xfafb88fa,
0x06f8d6f7,
0x40462122,
0x65f7ff46,
0x072501ff,
0x40228023,
0x582181f2,
0xfa950046,
0xaaf8c8f7,
0x401e9a08,
0x99f7fa46,
0x2b9500f8,
0x8e220246,
0xfa465821,
0x04f8baf7,
0x40d1682e,
0x14f7fb46,
0x6a07c6fd,
0xa64640d5,
0x0ef7fb00,
0x402201fd,
0x060380f0,
0x07464021,
0x2cf7fb25,
0xf34b9dfd,
0x9c60fb18,
0x03eb064b,
0x1e4b9c0a,
0xbbb2db44,
0x01f04f60,
0x4a230009,
0x4a04aa46,
0x5a9006aa,
0x04aaf893,
0xaa930010,
0xf88c5c06,
0x0320f107,
0x0384eb03,
0x3c10f853,
0xd1472b00,
0xd13f1c60,
0x498a4a8b,
0xb2d268bb,
0x04aab289,
0xb0f87224,
0x40f080fa,
0xaab13009,
0x22012c04,
0x432e04aa,
0x2a2c10f8,
0x8106aa46,
0x01fefe4e,
0x17b2ed35,
0xaad1c82d,
0x2b014c0c,
0x08aadc32,
0xfeed7081,
0xaa13e02c,
0xaa64ac05,
0x727c9f0a,
0x992e03e7,
0x568105aa,
0x07c5fca9,
0xf04fd594,
0x08aa30ff,
0x68f900c6,
0xaa9a7833,
0xbe528605,
0xcf2b01e7,
0x631c61d1,
0x654a66d1,
0x14810baa,
0x06aaf828,
0x280000b7,
0x6d7bd0bb,
0xa1a8f8df,
0x91a0f8df,
0xd1552b00,
0x4d5e1c62,
0xd1744e5e,
0xfa5f4b5e,
0x495ef289,
0xb2ad4658,
0xb2dcb2f6,
0xf38afa5f,
0xf7fab289,
0x6cfbf80b,
0x46294632,
0x46234418,
0x9000b2c0,
0x094e04aa,
0x05aa23f8,
0x465860d1,
0xaafbf7f9,
0x04688a05,
0x0baa5238,
0x465810cc,
0xf7f92400,
0x4640fff6,
0xfc52f7fb,
0x22014b4d,
0x40032106,
0x710e04aa,
0x3a9107aa,
0xf7f94640,
0x2301ffab,
0x348306aa,
0xf7f99400,
0x04aaffdf,
0x40fee114,
0xaa687a46,
0xf7f92204,
0x4620ff9b,
0x0aaae78d,
0xe79a5c81,
0xf04f6d3b,
0x493535ff,
0x6d7b2b00,
0x2501bf08,
0x1c63435d,
0xb009aa10,
0x7804aa56,
0xffb3f7f9,
0xb2d21942,
0x488206aa,
0x2800fe49,
0xaa6bd08e,
0x3146af09,
0xec1024f8,
0x24f835e7,
0xfb465830,
0x274b2260,
0x1649224a,
0x18a807aa,
0x0caa4b25,
0xf7f952b2,
0x6cfbff8f,
0x68f9464a,
0xaa534418,
0xf9788107,
0x19ff8df7,
0x24f8164b,
0x35465820,
0x331024f8,
0x149024f8,
0x3c04aa4b,
0x0604aa11,
0x0d60fb30,
0xf90805aa,
0x04ff71f7,
0xfbb2c038,
0x52900068,
0x77464946,
0x009660e7,
0x009670f1,
0x009680f1,
0x009590f1,
0x009580f1,
0xaa9850f1,
0xe004c506,
0x2ce107aa,
0x0eaa9620,
0xff7f10c5,
0x08aa000f,
0x000000cb,
0xf0040000,
0x0001e51f,
0xaa0f0100,
0x3cc88107,
0xaa0808aa,
0x08aa1010,
0x00020308,
0x00020400,
0x00020500,
0x00020600,
0x00020700,
0x00020800,
0x00020900,
0x00020a00,
0x00020b00,
0x04aa0c00,
0x8107aa20,
0x08aa1cae,
0x1010aa08,
0x200808aa,
0xc98107aa,
0x0808aa48,
0xaa1010aa,
0x28aa0808,
0x07aa0478,
0xaa20af81,
0x10aa0808,
0x0808aa10,
0x8107aa10,
0x08aa24ca,
0x1010aa08,
0xaa0808aa,
0x003f7828,
0xaa0404aa,
0x10aa0808,
0x0c0aaa10,
0x06aa0218,
0x1a78b081,
0x8106aa02,
0x021c50b0,
0xb08106aa,
0xaa022140,
0x6cb08106,
0x06aa0223,
0x0724b181,
0xb18107aa,
0x0808aa00,
0xaa1010aa,
0xaa800808,
0x08aa0404,
0x1010aa08,
0xaa0c0baa,
0xaa067828,
0x10b28107,
0xaa0808aa,
0x08aa1010,
0x07aa4008,
0xaa60cc81,
0x10aa0808,
0x0808aa10,
0xaa7828aa,
0xe4408228,
0x8106aa01,
0x01e628b5,
0xb58106aa,
0xaa01e800,
0x70b48106,
0x06aa01ea,
0xec1cb581,
0x8106aa01,
0x50aa54b5,
0x28aa4082,
0x8250aa78,
0x7828aa40,
0x408228aa,
0x06aa01c3,
0xc534b981,
0xc6000001,
0x8106aa01,
0x01c870b9,
0xb98106aa,
0xaa01ca3c,
0x2cb98106,
0x8253aacc,
0x7828aa40,
0x408250aa,
0xaa7828aa,
0x24cf810c,
0xb60404aa,
0xb9000001,
0xbc000001,
0xbf000001,
0x7f000001,
0x0404aa00,
0x000808aa,
0x00016c00,
0x00017e00,
0x00019000,
0xaa01a200,
0xaa30d506,
0xaa38d508,
0x03900404,
0x03910000,
0x03920000,
0x03930000,
0x754012aa,
0x87000001,
0x99000001,
0xab000001,
0x8906aa01,
0x07aa0514,
0xaa075c81,
0x207c8807,
0x448107aa,
0x00000080,
0x04aa015d,
0x0808aa04,
0xb43022aa,
0x0404aa01,
0xaa0808aa,
0x12008112,
0x1f000003,
0x2c000003,
0x39000003,
0x208113aa,
0x171010aa,
0xf4000001,
0x45000000,
0xf5000001,
0x46000000,
0x13000001,
0x01000001,
0xef000001,
0x7c810faa,
0x100404aa,
0x1d000003,
0x2a000003,
0x37000003,
0x2012aa03,
0x00000308,
0x00000315,
0x00000322,
0x2013aa2f,
0x00000373,
0x0000037b,
0x00000383,
0x2013aa8b,
0x00000372,
0x0000037a,
0x00000382,
0x2013aa8a,
0x00000370,
0x00000378,
0x00000380,
0x2013aa88,
0x00000371,
0x00000379,
0x00000381,
0x4023aa89,
0x708220aa,
0x0404aab5,
0xaa0808aa,
0x0130d907,
0xbc8107aa,
0x0baa0350,
0x4804aa0c,
0x3017aa08,
0xaa1c04aa,
0x04aa0808,
0x08aa7064,
0x00000008,
0x0404aa9a,
0x9b000000,
0xaa0404aa,
0xaa983023,
0x00000404,
0x04aa9900,
0x3023aa04,
0x0404aa96,
0x97000000,
0xaa0404aa,
0x9e408123,
0xaa0404aa,
0x07aa0808,
0x821caa18,
0x3010aa20,
0xbe8108aa,
0x3804aa6c,
0xaa3404aa,
0xaa0c6404,
0x44d98107,
0x000000c0,
0x0404aa95,
0xaa0808aa,
0x9c108123,
0xaa0404aa,
0x23aa0808,
0x10aa1081,
0x8120aa30,
0x04aa9d10,
0x0808aa04,
0xb63023aa,
0xaa0404aa,
0x13aa0808,
0x000f0083,
0xaaf00000,
0x00000808,
0x04aad200,
0x00000004,
0x0404aad3,
0x916023aa,
0xaa0404aa,
0x23aa0808,
0xaa02bb60,
0x00000404,
0x0404aabc,
0x609013aa,
0x000000ce,
0x000000d0,
0x000000cf,
0x7007aad1,
0xaa0404aa,
0xaa780808,
0x08aa0404,
0x3013aa08,
0xca5010aa,
0xcc000000,
0xcb000000,
0xcd000000,
0xaa5023aa,
0x20aa3010,
0xaa8e4083,
0x08aa0404,
0x8113aa08,
0x00016100,
0x00016200,
0x00016300,
0xaa016400,
0xf8008112,
0xaa0404aa,
0x13aa0808,
0x8810aa30,
0x2010aa10,
0x108520aa,
0x0404aa8f,
0xaa0808aa,
0x50208a13,
0x58000003,
0x60000003,
0x68000003,
0xaa4104aa,
0xc840831f,
0x000404aa,
0xaac90000,
0x23aa0404,
0xaac67083,
0x00000404,
0x04aac700,
0x3023aa04,
0x0404aac4,
0xc5000000,
0xaa0404aa,
0x90008523,
0xaa0404aa,
0x23aa0808,
0x02802087,
0xaa0404aa,
0x1aaa0808,
0xaa30c681,
0x34aa1a1a,
0x6868aa34,
0x815081aa,
0x3232aa50,
0x4603b580,
0x781aaf00,
0xb90a1c59,
0xbd801a18,
0xe7f8460b,
0x211cb590,
0xaf004a0b,
0x4470f04f,
0x0304ea00,
0x40cb3201,
0xb2db3904,
0x2b090924,
0x3c01f802,
0x3337bf88,
0x3330bf98,
0x0b0c04aa,
0x00d1ed1d,
0xfcbd9048,
0x20010001,
0x0d007830,
0x3a45000a,
0x00203a00,
0x0d002020,
0x5a4e550a,
0x00214b4f,
0xd5034fff,
0xd53e1001,
0x927ff821,
0x927ef821,
0x927df821,
0x927cf821,
0x9273f821,
0xd51e1001,
0xd5033fdf,
0xd53800b3,
0xd3401e73,
0xf100027f,
0x54000540,
0x18000960,
0xb9400001,
0x32000021,
0xb9000001,
0x1004aa00,
0x001405aa,
0x0008e1b9,
0x80054218,
0x00002252,
0x0008a4b9,
0x40008418,
0x00009fb9,
0xffffa071,
0x00067f54,
0x000100f1,
0x000a7f54,
0x04aa80f1,
0xf1000e08,
0x54000200,
0x06aa0462,
0xfffffe30,
0x00072317,
0x80002218,
0x00006252,
0xaa0642b9,
0x00801806,
0x0683d61f,
0x62180aaa,
0xe3180baa,
0x180aaa05,
0x180baa82,
0x18000541,
0x06aa0042,
0x00044110,
0xaa082218,
0x0a420c06,
0x620806aa,
0xc21007aa,
0xaa3407aa,
0x03243c08,
0x34810eaa,
0x0eaa02c4,
0x0faa6410,
0x07aa2210,
0xaa01e138,
0xc4088106,
0x2005aa01,
0x8108aaf9,
0xf0200008,
0xf02004ff,
0x05aaf0ff,
0xf0115383,
0xf021010c,
0xf0210114,
0xf0210118,
0xf021011c,
0x1004aa08,
0x00ffe410,
0x06aa2101,
0x8306aa23,
0x0000007c,
0x00000000,
0x00000000,
0x00000000,
0x00000000,
0x00000000,
0x00000000,
0x00000000,
0x00000000,
0x00000000,
0x00000000,
0x00000000,
0x00000000,
0x00000000,
0x00000000,
0x00000000,
0x00000000,
0x00000000,
0x00000000,
0x00000000,
0x00000000,
0x00000000,
0x00000000,
0x00000000,
0x00000000,
0x00000000,
0x00000000,
0x00000000,
0x00000000,
0x00000000,
0x00000000,
0x00000000,
0x00000000,
0x00000000,
0x00000000,
0x00000000,
0x00000000,
0x00000000,
0x00000000,
0x00000000,
0x00000000,
0x00000000,
0x00000000,
0x00000000,
0x00000000,
0x00000000,
0x00000000,
0x00000000,
0x00000000,
0x00000000,
0x00000000,
0x00000000,
0x00000000,
0x00000000,
0x00000000,
0x00000000,
0x00000000,
0x00000000,
0x00000000,
0x00000000,
0x00000000,
0x00000000,
0x00000000,
0x00000000,
0x00000000,
0x00000000,
0x00000000,
0x00000000,
0x00000000,
0x00000000,
0x00000000,
0x00000000,
0x00000000,
0x00000000,
0x00000000,
0x00000000,
0x00000000,
0x00000000,
0x00000000,
0x00000000,
0x00000000,
0x00000000,
0x00000000,
0x00000000,
0x00000000,
0x00000000,
0x00000000,
0x00000000,
0x00000000,
0x00000000,
0x00000000,
0x00000000,
0x00000000,
0x00000000,
0x00000000,
0x00000000,
0x00000000,
0x00000000,
0x00000000,
0x00000000,
0x00000000,
0x00000000,
0x00000000,
0x00000000,
0x00000000,
0x00000000,
0x00000000,
0x00000000,
0x00000000,
0x00000000,
0x00000000,
0x00000000,
0x00000000,
0x00000000,
0x00000000,
0x00000000,
0x00000000,
0x00000000,
0x00000000,
0x00000000,
0x00000000,
0x00000000,
0x00000000,
0x00000000,
0x00000000,
0x00000000,
0x00000000,
0x00000000,
0x00000000,
0x00000000,
0x00000000,
0x00000000,
0x00000000,
0x00000000,
0x00000000,
0x00000000,
0x00000000,
0x00000000,
0x00000000,
0x00000000,
0x00000000,
0x00000000,
0x00000000,
0x00000000,
0x00000000,
0x00000000,
0x00000000,
0x00000000,
0x00000000,
0x00000000,
0x00000000,
0x00000000,
0x00000000,
0x00000000,
0x00000000,
0x00000000,
0x00000000,
0x00000000,
0x00000000,
0x00000000,
0x00000000,
0x00000000,
0x00000000,
0x00000000,
0x00000000,
0x00000000,
0x00000000,
0x00000000,
0x00000000,
0x00000000,
0x00000000,
0x00000000,
0x00000000,
0x00000000,
0x00000000,
0x00000000,
0x00000000,
0x00000000,
0x00000000,
0x00000000,
0x00000000,
0x00000000,
0x00000000,
0x00000000,
0x00000000,
0x00000000,
0x00000000,
0x00000000,
0x00000000,
0x00000000,
0x00000000,
0x00000000,
0x00000000,
0x00000000,
0x00000000,
0x00000000,
0x00000000,
0x00000000,
0x00000000,
0x00000000,
0x00000000,
0x00000000,
0x00000000,
0x00000000,
0x00000000,
0x00000000,
0x00000000,
0x00000000,
0x00000000,
0x00000000,
0x00000000,
0x00000000,
0x00000000,
0x00000000,
0x00000000,
0x00000000,
0x00000000,
0x00000000,
0x00000000,
0x00000000,
0x00000000,
0x00000000,
0x00000000,
0x00000000,
0x00000000,
0x00000000,
0x00000000,
0x00000000,
0x00000000,
0x00000000,
0x00000000,
0x00000000,
0x00000000,
0x00000000,
0x00000000,
0x00000000,
0x00000000,
0x00000000,
0x00000000,
0x00000000,
0x00000000,
0x00000000,
0x00000000,
0x00000000,
0x00000000,
0x00000000,
0x00000000,
0x00000000,
0x00000000,
0x00000000,
0x00000000,
0x00000000,
0x00000000,
0x00000000,
0x00000000,
0x00000000,
0x00000000,
0x00000000,
0x00000000,
0x00000000,
0x00000000,
0x00000000,
0x00000000,
0x00000000,
0x00000000,
0x00000000,
0x00000000,
0x00000000,
0x00000000,
0x00000000,
0x00000000,
0x00000000,
0x00000000,
0x00000000,
0x00000000,
0x00000000,
0x00000000,
0x00000000,
0x00000000,
0x00000000,
0x00000000,
0x00000000,
0x00000000,
0x00000000,
0x00000000,
0x00000000,
0x00000000,
0x00000000,
0x00000000,
0x00000000,
0x00000000,
0x00000000,
0x00000000,
0x00000000,
0x00000000,
0x00000000,
0x00000000,
0x00000000,
0x00000000,
0x00000000,
0x00000000,
0x00000000,
0x00000000,
0x00000000,
0x00000000,
0x00000000,
0x00000000,
0x00000000,
0x00000000,
0x00000000,
0x00000000,
0x00000000,
0x00000000,
0x00000000,
0x00000000,
0x00000000,
0x00000000,
0x00000000,
0x00000000,
0x00000000,
0x00000000,
0x00000000,
0x00000000,
0x00000000,
0x00000000,
0x00000000,
0x00000000,
0x00000000,
0x00000000,
0x00000000,
0x00000000,
0x00000000,
0x00000000,
0x00000000,
0x00000000,
0x00000000,
0x00000000,
0x00000000,
0x00000000,
0x00000000,
0x00000000,
0x00000000,
0x00000000,
0x00000000,
0x00000000,
0x00000000,
0x00000000,
0x00000000,
0x00000000,
0x00000000,
0x00000000,
0x00000000,
0x00000000,
0x00000000,
0x00000000,
0x00000000,
0x00000000,
0x00000000,
0x00000000,
0x00000000,
0x00000000,
0x00000000,
0x00000000,
0x00000000,
0x00000000,
0x00000000,
0x00000000,
0x00000000,
0x00000000,
0x00000000,
0x00000000,
0x00000000,
0x00000000,
0x00000000,
0x00000000,
0x00000000,
0x00000000,
0x00000000,
0x00000000,
0x00000000,
0x00000000,
0x00000000,
0x00000000,
0x00000000,
0x00000000,
0x00000000,
0x00000000,
0x00000000,
0x00000000,
0x00000000,
0x00000000,
0x00000000,
0x00000000,
0x00000000,
0x00000000,
0x00000000,
0x00000000,
0x00000000,
0x00000000,
0x00000000,
0x00000000,
0x00000000,
0x00000000,
0x00000000,
0x00000000,
0x00000000,
0x00000000,
0x00000000,
0x00000000,
0x00000000,
0x00000000,
0x00000000,
0x00000000,
0x00000000,
0x00000000,
0x00000000,
0x00000000,
0x00000000,
0x00000000,
0x00000000,
0x00000000,
0x00000000,
0x00000000,
0x00000000,
0x00000000,
0x00000000,
0x00000000,
0x00000000,
0x00000000,
0x00000000,
0x00000000,
0x00000000,
0x00000000,
0x00000000,
0x00000000,
0x00000000,
0x00000000,
0x00000000,
0x00000000,
0x00000000,
0x00000000,
0x00000000,
0x00000000,
0x00000000,
0x00000000,
0x00000000,
0x00000000,
0x00000000,
0x00000000,
0x00000000,
0x00000000,
0x00000000,
0x00000000,
0x00000000,
0x00000000,
0x00000000,
0x00000000,
0x00000000,
0x00000000,
0x00000000,
0x00000000,
0x00000000,
0x00000000,
0x00000000,
0x00000000,
0x00000000,
0x00000000,
0x00000000,
0x00000000,
0x00000000,
0x00000000,
0x00000000,
0x00000000,
0x00000000,
0x00000000,
0x00000000,
0x00000000,
0x00000000,
0x00000000,
0x00000000,
0x00000000,
0x00000000,
0x00000000,
0x00000000,
0x00000000,
0x00000000,
0x00000000,
0x00000000,
0x00000000,
0x00000000,
0x00000000,
0x00000000,
0x00000000,
0x00000000,
0x00000000,
0x00000000,
0x00000000,
0x00000000,
0x00000000,
0x00000000,
0x00000000,
0x00000000,
0x00000000,
0x00000000,
0x00000000,
0x00000000,
0x00000000,
0x00000000,
0x00000000,
0x00000000,
0x00000000,
0x00000000,
0x00000000,
0x00000000,
0x00000000,
0x00000000,
0x00000000,
0x00000000,
0x00000000,
0x00000000,
0x00000000,
0x00000000,
0x00000000,
0x00000000,
0x00000000,
0x00000000,
0x00000000,
0x00000000,
0x00000000,
0x00000000,
0x00000000,
0x00000000,
0x00000000,
0x00000000,
0x00000000,
0x00000000,
0x00000000,
0x00000000,
0x00000000,
0x00000000,
0x00000000,
0x00000000,
0x00000000,
0x00000000,
0x00000000,
0x00000000,
0x00000000,
0x00000000,
0x00000000,
0x00000000,
0x00000000,
0x00000000,
0x00000000,
0x00000000,
0x00000000,
0x00000000,
0x00000000,
0x00000000,
0x00000000,
0x00000000,
0x00000000,
0x00000000,
0x00000000,
0x00000000,
0x00000000,
0x00000000,
0x00000000,
0x00000000,
0x00000000,
0x00000000,
0x00000000,
0x00000000,
0x00000000,
0x00000000,
0x00000000,
0x00000000,
0x00000000,
0x00000000,
0x00000000,
0x00000000,
0x00000000,
0x00000000,
0x00000000,
0x00000000,
0x00000000,
0x00000000,
0x00000000,
0x00000000,
0x00000000,
0x00000000,
0x00000000,
0x00000000,
0x00000000,
0x00000000,
0x00000000,
0x00000000,
0x00000000,
0x00000000,
0x00000000,
0x00000000,
0x00000000,
0x00000000,
0x00000000,
0x00000000,
0x00000000,
0x00000000,
0x00000000,
0x00000000,
0x00000000,
0x00000000,
0x00000000,
0x00000000,
0x00000000,
0x00000000,
0x00000000,
0x00000000,
0x00000000,
0x00000000,
0x00000000,
0x00000000,
0x00000000,
0x00000000,
0x00000000,
0x00000000,
0x00000000,
0x00000000,
0x00000000,
0x00000000,
0x00000000,
0x00000000,
0x00000000,
0x00000000,
0x00000000,
0x00000000,
0x00000000,
0x00000000,
0x00000000,
0x00000000,
0x00000000,
0x00000000,
0x00000000,
0x00000000,
0x00000000,
0x00000000,
0x00000000,
0x00000000,
0x00000000,
0x00000000,
0x00000000,
0x00000000,
0x00000000,
0x00000000,
0x00000000,
0x00000000,
0x00000000,
0x00000000,
0x00000000,
0x00000000,
0x00000000,
0x00000000,
0x00000000,
0x00000000,
0x00000000,
0x00000000,
0x00000000,
0x00000000,
0x00000000,
0x00000000,
0x00000000,
0x00000000,
0x00000000,
0x00000000,
0x00000000,
0x00000000,
0x00000000,
0x00000000,
0x00000000,
0x00000000,
0x00000000,
0x00000000,
0x00000000,
0x00000000,
0x00000000,
0x00000000,
0x00000000,
0x00000000,
0x00000000,
0x00000000,
0x00000000,
0x00000000,
0x00000000,
0x00000000,
0x00000000,
0x00000000,
0x00000000,
0x00000000,
0x00000000,
0x00000000,
0x00000000,
0x00000000,
0x00000000,
0x00000000,
0x00000000,
0x00000000,
0x00000000,
0x00000000,
0x00000000,
0x00000000,
0x00000000,
0x00000000,
0x00000000,
0x00000000,
0x00000000,
0x00000000,
0x00000000,
0x00000000,
0x00000000,
0x00000000,
0x00000000,
0x00000000,
0x00000000,
0x00000000,
0x00000000,
0x00000000,
0x00000000,
0x00000000,
0x00000000,
0x00000000,
0x00000000,
0x00000000,
0x00000000,
0x00000000,
0x00000000,
0x00000000,
0x00000000,
0x00000000,
0x00000000,
0x00000000,
0x00000000,
0x00000000,
0x00000000,
0x00000000,
0x00000000,
0x00000000,
0x00000000,
0x00000000,
0x00000000,
0x00000000,
0x00000000,
0x00000000,
0x00000000,
0x00000000,
0x00000000,
0x00000000,
0x00000000,
0x00000000,
0x00000000,
0x00000000,
0x00000000,
0x00000000,
0x00000000,
0x00000000,
0x00000000,
0x00000000,
0x00000000,
0x00000000,
0x00000000,
0x00000000,
0x00000000,
0x00000000,
0x00000000,
0x00000000,
0x00000000,
0x00000000,
0x00000000,
0x00000000,
0x00000000,
0x00000000,
0x00000000,
0x00000000,
0x00000000,
0x00000000,
0x00000000,
0x00000000,
0x00000000,
0x00000000,
0x00000000,
0x00000000,
0x00000000,
0x00000000,
0x00000000,
0x00000000,
0x00000000,
0x00000000,
0x00000000,
0x00000000,
0x00000000,
0x00000000,
0x00000000,
0x00000000,
0x00000000,
0x00000000,
0x00000000,
0x00000000,
0x00000000,
0x00000000,
0x00000000,
0x00000000,
0x00000000,
0x00000000,
0x00000000,
0x00000000,
0x00000000,
0x00000000,
0x00000000,
0x00000000,
0x00000000,
0x00000000,
0x00000000,
0x00000000,
0x00000000,
0x00000000,
0x00000000,
0x00000000,
0x00000000,
0x00000000,
0x00000000,
0x00000000,
0x00000000,
0x00000000,
0x00000000,
0x00000000,
0x00000000,
0x00000000,
0x00000000,
0x00000000,
0x00000000,
0x00000000,
0x00000000,
0x00000000,
0x00000000,
0x00000000,
0x00000000,
0x00000000,
0x00000000,
0x00000000,
0x00000000,
0x00000000,
0x00000000,
0x00000000,
0x00000000,
0x00000000,
0x00000000,
0x00000000,
0x00000000,
0x00000000,
0x00000000,
0x00000000,
0x00000000,
0x00000000,
0x00000000,
0x00000000,
0x00000000,
0x00000000,
0x00000000,
0x00000000,
0x00000000,
0x00000000,
0x00000000,
0x00000000,
0x00000000,
0x00000000,
0x00000000,
0x00000000,
0x00000000,
0x00000000,
0x00000000,
0x00000000,
0x00000000,
0x00000000,
0x00000000,
0x00000000,
0x00000000,
0x00000000,
0x00000000,
0x00000000,
0x00000000,
0x00000000,
0x00000000,
0x00000000,
0x00000000,
0x00000000,
0x00000000,
0x00000000,
0x00000000,
0x00000000,
0x00000000,
0x00000000,
0x00000000,
0x00000000,
0x00000000,
0x00000000,
0x00000000,
0x00000000,
0x00000000,
0x00000000,
0x00000000,
0x00000000,
0x00000000,
0x00000000,
0x00000000,
0x00000000,
0x00000000,
0x00000000,
0x00000000,
0x00000000,
0x00000000,
0x00000000,
0x00000000,
0x00000000,
0x00000000,
0x00000000,
0x00000000,
0x00000000,
0x00000000,
0x00000000,
0x00000000,
0x00000000,
0x00000000,
0x00000000,
0x00000000,
0x00000000,
0x00000000,
0x00000000,
0x00000000,
0x00000000,
0x00000000,
0x00000000,
0x00000000,
0x00000000,
0x00000000,
0x00000000,
0x00000000,
0x00000000,
0x00000000,
0x00000000,
0x00000000,
0x00000000,
0x00000000,
0x00000000,
0x00000000,
0x00000000,
0x00000000,
0x00000000,
0x00000000,
0x00000000,
0x00000000,
0x00000000,
0x00000000,
0x00000000,
0x00000000,
0x00000000,
0x00000000,
0x00000000,
0x00000000,
0x00000000,
0x00000000,
0x00000000,
0x00000000,
0x00000000,
0x00000000,
0x00000000,
0x00000000,
0x00000000,
0x00000000,
0x00000000,
0x00000000,
0x00000000,
0x00000000,
0x00000000,
0x00000000,
0x00000000,
0x00000000,
0x00000000,
0x00000000,
0x00000000,
0x00000000,
0x00000000,
0x00000000,
0x00000000,
0x00000000,
0x00000000,
0x00000000,
0x00000000,
0x00000000,
0x00000000,
0x00000000,
0x00000000,
0x00000000,
0x00000000,
0x00000000,
0x00000000,
0x00000000,
0x00000000,
0x00000000,
0x00000000,
0x00000000,
0x00000000,
0x00000000,
0x00000000,
0x00000000,
0x00000000,
0x00000000,
0x00000000,
0x00000000,
0x00000000,
0x00000000,
0x00000000,
0x00000000,
0x00000000,
0x00000000,
0x00000000,
0x00000000,
0x00000000,
0x00000000,
0x00000000,
0x00000000,
0x00000000,
0x00000000,
0x00000000,
0x00000000,
0x00000000,
0x00000000,
0x00000000,
0x00000000,
0x00000000,
0x00000000,
0x00000000,
0x00000000,
0x00000000,
0x00000000,
0x00000000,
0x00000000,
0x00000000,
0x00000000,
0x00000000,
0x00000000,
0x00000000,
0x00000000,
0x00000000,
0x00000000,
0x00000000,
0x00000000,
0x00000000,
0x00000000,
0x00000000,
0x00000000,
0x00000000,
0x00000000,
0x00000000,
0x00000000,
0x00000000,
0x00000000,
0x00000000,
0x00000000,
0x00000000,
0x00000000,
0x00000000,
0x00000000,
0x00000000,
0x00000000,
0x00000000,
0x00000000,
0x00000000,
0x00000000,
0x00000000,
0x00000000,
0x00000000,
0x00000000,
0x00000000,
0x00000000,
0x00000000,
0x00000000,
0x00000000,
0x00000000,
0x00000000,
0x00000000,
0x00000000,
0x00000000,
0x00000000,
0x00000000,
0x00000000,
0x00000000,
0x00000000,
0x00000000,
0x00000000,
0x00000000,
0x00000000,
0x00000000,
0x00000000,
0x00000000,
0x00000000,
0x00000000,
0x00000000,
0x00000000,
0x00000000,
0x00000000,
0x00000000,
0x00000000,
0x00000000,
0x00000000,
0x00000000,
0x00000000,
0x00000000,
0x00000000,
0x00000000,
0x00000000,
0x00000000,
0x00000000,
0x00000000,
0x00000000,
0x00000000,
0x00000000,
0x00000000,
0x00000000,
0x00000000,
0x00000000,
0x00000000,
0x00000000,
0x00000000,
0x00000000,
0x00000000,
0x00000000,
0x00000000,
0x00000000,
0x00000000,
0x00000000,
0x00000000,
0x00000000,
0x00000000,
0x00000000,
0x00000000,
0x00000000,
0x00000000,
0x00000000,
0x00000000,
0x00000000,
0x00000000,
0x00000000,
0x00000000,
0x00000000,
0x00000000,
0x00000000,
0x00000000,
0x00000000,
0x00000000,
0x00000000,
0x00000000,
0x00000000,
0x00000000,
0x00000000,
0x00000000,
0x00000000,
0x00000000,
0x00000000,
0x00000000,
0x00000000,
0x00000000,
0x00000000,
0x00000000,
0x00000000,
0x00000000,
0x00000000,
0x00000000,
0x00000000,
0x00000000,
0x00000000,
0x00000000,
0x00000000,
0x00000000,
0x00000000,
0x00000000,
0x00000000,
0x00000000,
0x00000000,
0x00000000,
0x00000000,
0x00000000,
0x00000000,
0x00000000,
0x00000000,
0x00000000,
0x00000000,
0x00000000,
0x00000000,
0x00000000,
0x00000000,
0x00000000,
0x00000000,
0x00000000,
0x00000000,
0x00000000,
0x00000000,
0x00000000,
0x00000000,
0x00000000,
0x00000000,
0x00000000,
0x00000000,
0x00000000,
0x00000000,
0x00000000,
0x00000000,
0x00000000,
0x00000000,
0x00000000,
0x00000000,
0x00000000,
0x00000000,
0x00000000,
0x00000000,
0x00000000,
0x00000000,
0x00000000,
0x00000000,
0x00000000,
0x00000000,
0x00000000,
0x00000000,
0x00000000,
0x00000000,
0x00000000,
0x00000000,
0x00000000,
0x00000000,
0x00000000,
0x00000000,
0x00000000,
0x00000000,
0x00000000,
0x00000000,
0x00000000,
0x00000000,
0x00000000,
0x00000000,
0x00000000,
0x00000000,
0x00000000,
0x00000000,
0x00000000,
0x00000000,
0x00000000,
0x00000000,
0x00000000,
0x00000000,
0x00000000,
0x00000000,
0x00000000,
0x00000000,
0x00000000,
0x00000000,
0x00000000,
0x00000000,
0x00000000,
0x00000000,
0x00000000,
0x00000000,
0x00000000,
0x00000000,
0x00000000,
0x00000000,
0x00000000,
0x00000000,
0x00000000,
0x00000000,
0x00000000,
0x00000000,
0x00000000,
0x00000000,
0x00000000,
0x00000000,
0x00000000,
0x00000000,
0x00000000,
0x00000000,
0x00000000,
0x00000000,
0x00000000,
0x00000000,
0x00000000,
0x00000000,
0x00000000,
0x00000000,
0x00000000,
0x00000000,
0x00000000,
0x00000000,
0x00000000,
0x00000000,
0x00000000,
0x00000000,
0x00000000,
0x00000000,
0x00000000,
0x00000000,
0x00000000,
0x00000000,
0x00000000,
0x00000000,
0x00000000,
0x00000000,
0x00000000,
0x00000000,
0x00000000,
0x00000000,
0x00000000,
0x00000000,
0x00000000,
0x00000000,
0x00000000,
0x00000000,
0x00000000,
0x00000000,
0x00000000,
0x00000000,
0x00000000,
0x00000000,
0x00000000,
0x00000000,
0x00000000,
0x00000000,
0x00000000,
0x00000000,
0x00000000,
0x00000000,
0x00000000,
0x00000000,
0x00000000,
0x00000000,
0x00000000,
0x00000000,
0x00000000,
0x00000000,
0x00000000,
0x00000000,
0x00000000,
0x00000000,
0x00000000,
0x00000000,
0x00000000,
0x00000000,
0x00000000,
0x00000000,
0x00000000,
0x00000000,
0x00000000,
0x00000000,
0x00000000,
0x00000000,
0x00000000,
0x00000000,
0x00000000,
0x00000000,
0x00000000,
0x00000000,
0x00000000,
0x00000000,
0x00000000,
0x00000000,
0x00000000,
0x00000000,
0x00000000,
0x00000000,
0x00000000,
0x00000000,
0x00000000,
0x00000000,
0x00000000,
0x00000000,
0x00000000,
0x00000000,
0x00000000,
0x00000000,
0x00000000,
0x00000000,
0x00000000,
0x00000000,
0x00000000,
0x00000000,
0x00000000,
0x00000000,
0x00000000,
0x00000000,
0x00000000,
0x00000000,
0x00000000,
0x00000000,
0x00000000,
0x00000000,
0x00000000,
0x00000000,
0x00000000,
0x00000000,
0x00000000,
0x00000000,
0x00000000,
0x00000000,
0x00000000,
0x00000000,
0x00000000,
0x00000000,
0x00000000,
0x00000000,
0x00000000,
0x00000000,
0x00000000,
0x00000000,
0x00000000,
0x00000000,
0x00000000,
0x00000000,
0x00000000,
0x00000000,
0x00000000,
0x00000000,
0x00000000,
0x00000000,
0x00000000,
0x00000000,
0x00000000,
0x00000000,
0x00000000,
0x00000000,
0x00000000,
0x00000000,
0x00000000,
0x00000000,
0x00000000,
0x00000000,
0x00000000,
0x00000000,
0x00000000,
0x00000000,
0x00000000,
0x00000000,
0x00000000,
0x00000000,
0x00000000,
0x00000000,
0x00000000,
0x00000000,
0x00000000,
0x00000000,
0x00000000,
0x00000000,
0x00000000,
0x00000000,
0x00000000,
0x00000000,
0x00000000,
0x00000000,
0x00000000,
0x00000000,
0x00000000,
0x00000000,
0x00000000,
0x00000000,
0x00000000,
0x00000000,
0x00000000,
0x00000000,
0x00000000,
0x00000000,
0x00000000,
0x00000000,
0x00000000,
0x00000000,
0x00000000,
0x00000000,
0x00000000,
0x00000000,
0x00000000,
0x00000000,
0x00000000,
0x00000000,
0x00000000,
0x00000000,
0x00000000,
0x00000000,
0x00000000,
0x00000000,
0x00000000,
0x00000000,
0x00000000,
0x00000000,
0x00000000,
0x00000000,
0x00000000,
0x00000000,
0x00000000,
0x00000000,
0x00000000,
0x00000000,
0x00000000,
0x00000000,
0x00000000,
0x00000000,
0x00000000,
0x00000000,
0x00000000,
0x00000000,
0x00000000,
0x00000000,
0x00000000,
0x00000000,
0x00000000,
0x00000000,
0x00000000,
0x00000000,
0x00000000,
0x00000000,
0x00000000,
0x00000000,
0x00000000,
0x00000000,
0x00000000,
0x00000000,
0x00000000,
0x00000000,
0x00000000,
0x00000000,
0x00000000,
0x00000000,
0x00000000,
0x00000000,
0x00000000,
0x00000000,
0x00000000,
0x00000000,
0x00000000,
0x00000000,
0x00000000,
0x00000000,
0x00000000,
0x00000000,
0x00000000,
0x00000000,
0x00000000,
0x00000000,
0x00000000,
0x00000000,
0x00000000,
0x00000000,
0x00000000,
0x00000000,
0x00000000,
0x00000000,
0x00000000,
0x00000000,
0x00000000,
0x00000000,
0x00000000,
0x00000000,
0x00000000,
0x00000000,
0x00000000,
0x00000000,
0x00000000,
0x00000000,
0x00000000,
0x00000000,
0x00000000,
0x00000000,
0x00000000,
0x00000000,
0x00000000,
0x00000000,
0x00000000,
0x00000000,
0x00000000,
0x00000000,
0x00000000,
0x00000000,
0x00000000,
0x00000000,
0x00000000,
0x00000000,
0x00000000,
0x00000000,
0x00000000,
0x00000000,
0x00000000,
0x00000000,
0x00000000,
0x00000000,
0x00000000,
0x00000000,
0x00000000,
0x00000000,
0x00000000,
0x00000000,
0x00000000,
0x00000000,
0x00000000,
0x00000000,
0x00000000,
0x00000000,
0x00000000,
0x00000000,
0x00000000,
0x00000000,
0x00000000,
0x00000000,
0x00000000,
0x00000000,
0x00000000,
0x00000000,
0x00000000,
0x00000000,
0x00000000,
0x00000000,
0x00000000,
0x00000000,
0x00000000,
0x00000000,
0x00000000,
0x00000000,
0x00000000,
0x00000000,
0x00000000,
0x00000000,
0x00000000,
0x00000000,
0x00000000,
0x00000000,
0x00000000,
0x00000000,
0x00000000,
0x00000000,
0x00000000,
0x00000000,
0x00000000,
0x00000000,
0x00000000,
0x00000000,
0x00000000,
0x00000000,
0x00000000,
0x00000000,
0x00000000,
0x00000000,
0x00000000,
0x00000000,
0x00000000,
0x00000000,
0x00000000,
0x00000000,
0x00000000,
0x00000000,
0x00000000,
0x00000000,
0x00000000,
0x00000000,
0x00000000,
0x00000000,
0x00000000,
0x00000000,
0x00000000,
0x00000000,
0x00000000,
0x00000000,
0x00000000,
0x00000000,
0x00000000,
0x00000000,
0x00000000,
0x00000000,
0x00000000,
0x00000000,
0x00000000,
0x00000000,
0x00000000,
0x00000000,
0x00000000,
0x00000000,
0x00000000,
0x00000000,
0x00000000,
0x00000000,
0x00000000,
0x00000000,
0x00000000,
0x00000000,
0x00000000,
0x00000000,
0x00000000,
0x00000000,
0x00000000,
0x00000000,
0x00000000,
0x00000000,
0x00000000,
0x00000000,
0x00000000,
0x00000000,
0x00000000,
0x00000000,
0x00000000,
0x00000000,
0x00000000,
0x00000000,
0x00000000,
0x00000000,
0x00000000,
0x00000000,
0x00000000,
0x00000000,
0x00000000,
0x00000000,
0x00000000,
0x00000000,
0x00000000,
0x00000000,
0x00000000,
0x00000000,
0x00000000,
0x00000000,
0x00000000,
0x00000000,
0x00000000,
0x00000000,
0x00000000,
0x00000000,
0x00000000,
0x00000000,
0x00000000,
0x00000000,
0x00000000,
0x00000000,
0x00000000,
0x00000000,
0x00000000,
0x00000000,
0x00000000,
0x00000000,
0x00000000,
0x00000000,
0x00000000,
0x00000000,
0x00000000,
0x00000000,
0x00000000,
0x00000000,
0x00000000,
0x00000000,
0x00000000,
0x00000000,
0x00000000,
0x00000000,
0x00000000,
0x00000000,
0x00000000,
0x00000000,
0x00000000,
0x00000000,
0x00000000,
0x00000000,
0x00000000,
0x00000000,
0x00000000,
0x00000000,
0x00000000,
0x00000000,
0x00000000,
0x00000000,
0x00000000,
0x00000000,
0x00000000,
0x00000000,
0x00000000,
0x00000000,
0x00000000,
0x00000000,
0x00000000,
0x00000000,
0x00000000,
0x00000000,
0x00000000,
0x00000000,
0x00000000,
0x00000000,
0x00000000,
0x00000000,
0x00000000,
0x00000000,
0x00000000,
0x00000000,
0x00000000,
0x00000000,
0x00000000,
0x00000000,
0x00000000,
0x00000000,
0x00000000,
0x00000000,
0x00000000,
0x00000000,
0x00000000,
0x00000000,
0x00000000,
0x00000000,
0x00000000,
0x00000000,
0x00000000,
0x00000000,
0x00000000,
0x00000000,
0x00000000,
0x00000000,
0x00000000,
0x00000000,
0x00000000,
0x00000000,
0x00000000,
0x00000000,
0x00000000,
0x00000000,
0x00000000,
0x00000000,
0x00000000,
0x00000000,
0x00000000,
0x00000000,
0x00000000,
0x00000000,
0x00000000,
0x00000000,
0x00000000,
0x00000000,
0x00000000,
0x00000000,
0x00000000,
0x00000000,
0x00000000,
0x00000000,
0x00000000,
0x00000000,
0x00000000,
0x00000000,
0x00000000,
0x00000000,
0x00000000,
0x00000000,
0x00000000,
0x00000000,
0x00000000,
0x00000000,
0x00000000,
0x00000000,
0x00000000,
0x00000000,
0x00000000,
0x00000000,
0x00000000,
0x00000000,
0x00000000,
0x00000000,
0x00000000,
0x00000000,
0x00000000,
0x00000000,
0x00000000,
0x00000000,
0x00000000,
0x00000000,
0x00000000,
0x00000000,
0x00000000,
0x00000000,
0x00000000,
0x00000000,
0x00000000,
0x00000000,
0x00000000,
0x00000000,
0x00000000,
0x00000000,
0x00000000,
0x00000000,
0x00000000,
0x00000000,
0x00000000,
0x00000000,
0x00000000,
0x00000000,
0x00000000,
0x00000000,
0x00000000,
0x00000000,
0x00000000,
0x00000000,
0x00000000,
0x00000000,
0x00000000,
0x00000000,
0x00000000,
0x00000000,
0x00000000,
0x00000000,
0x00000000,
0x00000000,
0x00000000,
0x00000000,
0x00000000,
0x00000000,
0x00000000,
0x00000000,
0x00000000,
0x00000000,
0x00000000,
0x00000000,
0x00000000,
0x00000000,
0x00000000,
0x00000000,
0x00000000,
0x00000000,
0x00000000,
0x00000000,
0x00000000,
0x00000000,
0x00000000,
0x00000000,
0x00000000,
0x00000000,
0x00000000,
0x00000000,
0x00000000,
0x00000000,
0x00000000,
0x00000000,
0x00000000,
0x00000000,
0x00000000,
0x00000000,
0x00000000,
0x00000000,
0x00000000,
0x00000000,
0x00000000,
0x00000000,
0x00000000,
0x00000000,
0x00000000,
0x00000000,
0x00000000,
0x00000000,
0x00000000,
0x00000000,
0x00000000,
0x00000000,
0x00000000,
0x00000000,
0x00000000,
0x00000000,
0x00000000,
0x00000000,
0x00000000,
0x00000000,
0x00000000,
0x00000000,
0x00000000,
0x00000000,
0x00000000,
0x00000000,
0x00000000,
0x00000000,
0x00000000,
0x00000000,
0x00000000,
0x00000000,
0x00000000,
0x00000000,
0x00000000,
0x00000000,
0x00000000,
0x00000000,
0x00000000,
0x00000000,
0x00000000,
0x00000000,
0x00000000,
0x00000000,
0x00000000,
0x00000000,
0x00000000,
0x00000000,
0x00000000,
0x00000000,
0x00000000,
0x00000000,
0x00000000,
0x00000000,
0x00000000,
0x00000000,
0x00000000,
0x00000000,
0x00000000,
0x00000000,
0x00000000,
0x00000000,
0x00000000,
0x00000000,
0x00000000,
0x00000000,
0x00000000,
0x00000000,
0x00000000,
0x00000000,
0x00000000,
0x00000000,
0x00000000,
0x00000000,
0x00000000,
0x00000000,
0x00000000,
0x00000000,
0x00000000,
0x00000000,
0x00000000,
0x00000000,
0x00000000,
0x00000000,
0x00000000,
0x00000000,
0x00000000,
0x00000000,
0x00000000,
0x00000000,
0x00000000,
0x00000000,
0x00000000,
0x00000000,
0x00000000,
0x00000000,
0x00000000,
0x00000000,
0x00000000,
0x00000000,
0x00000000,
0x00000000,
0x00000000,
0x00000000,
0x00000000,
0x00000000,
0x00000000,
0x00000000,
0x00000000,
0x00000000,
0x00000000,
0x00000000,
0x00000000,
0x00000000,
0x00000000,
0x00000000,
0x00000000,
0x00000000,
0x00000000,
0x00000000,
0x00000000,
0x00000000,
0x00000000,
0x00000000,
0x00000000,
0x00000000,
0x00000000,
0x00000000,
0x00000000,
0x00000000,
0x00000000,
0x00000000,
0x00000000,
0x00000000,
0x00000000,
0x00000000,
0x00000000,
0x00000000,
0x00000000,
0x00000000,
0x00000000,
0x00000000,
0x00000000,
0x00000000,
0x00000000,
0x00000000,
0x00000000,
0x00000000,
0x00000000,
0x00000000,
0x00000000,
0x00000000,
0x00000000,
0x00000000,
0x00000000,
0x00000000,
0x00000000,
0x00000000,
0x00000000,
0x00000000,
0x00000000,
0x00000000,
0x00000000,
0x00000000,
0x00000000,
0x00000000,
0x00000000,
0x00000000,
0x00000000,
0x00000000,
0x00000000,
0x00000000,
0x00000000,
0x00000000,
0x00000000,
0x00000000,
0x00000000,
0x00000000,
0x00000000,
0x00000000,
0x00000000,
0x00000000,
0x00000000,
0x00000000,
0x00000000,
0x00000000,
0x00000000,
0x00000000,
0x00000000,
0x00000000,
0x00000000,
0x00000000,
0x00000000,
0x00000000,
0x00000000,
0x00000000,
0x00000000,
0x00000000,
0x00000000,
0x00000000,
0x00000000,
0x00000000,
0x00000000,
0x00000000,
0x00000000,
0x00000000,
0x00000000,
0x00000000,
0x00000000,
0x00000000,
0x00000000,
0x00000000,
0x00000000,
0x00000000,
0x00000000,
0x00000000,
0x00000000,
0x00000000,
0x00000000,
0x00000000,
0x00000000,
0x00000000,
0x00000000,
0x00000000,
0x00000000,
0x00000000,
0x00000000,
0x00000000,
0x00000000,
0x00000000,
0x00000000,
0x00000000,
0x00000000,
0x00000000,
0x00000000,
0x00000000,
0x00000000,
0x00000000,
0x00000000,
0x00000000,
0x00000000,
0x00000000,
0x00000000,
0x00000000,
0x00000000,
0x00000000,
0x00000000,
0x00000000,
0x00000000,
0x00000000,
0x00000000,
0x00000000,
0x00000000,
0x00000000,
0x00000000,
0x00000000,
0x00000000,
0x00000000,
0x00000000,
0x00000000,
0x00000000,
0x00000000,
0x00000000,
0x00000000,
0x00000000,
0x00000000,
0x00000000,
0x00000000,
0x00000000,
0x00000000,
0x00000000,
0x00000000,
0x00000000,
0x00000000,
0x00000000,
0x00000000,
0x00000000,
0x00000000,
0x00000000,
0x00000000,
0x00000000,
0x00000000,
0x00000000,
0x00000000,
0x00000000,
0x00000000,
0x00000000,
0x00000000,
0x00000000,
0x00000000,
0x00000000,
0x00000000,
0x00000000,
0x00000000,
0x00000000,
0x00000000,
0x00000000,
0x00000000,
0x00000000,
0x00000000,
0x00000000,
0x00000000,
0x00000000,
0x00000000,
0x00000000,
0x00000000,
0x00000000,
0x00000000,
0x00000000,
0x00000000,
0x00000000,
0x00000000,
0x00000000,
0x00000000,
0x00000000,
0x00000000,
0x00000000,
0x00000000,
0x00000000,
0x00000000,
0x00000000,
0x00000000,
0x00000000,
0x00000000,
0x00000000,
0x00000000,
0x00000000,
0x00000000,
0x00000000,
0x00000000,
0x00000000,
0x00000000,
0x00000000,
0x00000000,
0x00000000,
0x00000000,
0x00000000,
0x00000000,
0x00000000,
0x00000000,
0x00000000,
0x00000000,
0x00000000,
0x00000000,
0x00000000,
0x00000000,
0x00000000,
0x00000000,
0x00000000,
0x00000000,
0x00000000,
0x00000000,
0x00000000,
0x00000000,
0x00000000,
0x00000000,
0x00000000,
0x00000000,
0x00000000,
0x00000000,
0x00000000,
0x00000000,
0x00000000,
0x00000000,
0x00000000,
0x00000000,
0x00000000,
0x00000000,
0x00000000,
0x00000000,
0x00000000,
0x00000000,
0x00000000,
0x00000000,
0x00000000,
0x00000000,
0x00000000,
0x00000000,
0x00000000,
0x00000000,
0x00000000,
0x00000000,
0x00000000,
0x00000000,
0x00000000,
0x00000000,
0x00000000,
0x00000000,
0x00000000,
0x00000000,
0x00000000,
0x00000000,
0x00000000,
0x00000000,
0x00000000,
0x00000000,
0x00000000,
0x00000000,
0x00000000,
0x00000000,
0x00000000,
0x00000000,
0x00000000,
0x00000000,
0x00000000,
0x00000000,
0x00000000,
0x00000000,
0x00000000,
0x00000000,
0x00000000,
0x00000000,
0x00000000,
0x00000000,
0x00000000,
0x00000000,
0x00000000,
0x00000000,
0x00000000,
0x00000000,
0x00000000,
0x00000000,
0x00000000,
0x00000000,
0x00000000,
0x00000000,
0x00000000,
0x00000000,
0x00000000,
0x00000000,
0x00000000,
0x00000000,
0x00000000,
0x00000000,
0x00000000,
0x00000000,
0x00000000,
0x00000000,
0x00000000,
0x00000000,
0x00000000,
0x00000000,
0x00000000,
0x00000000,
0x00000000,
0x00000000,
0x00000000,
0x00000000,
0x00000000,
0x00000000,
0x00000000,
0x00000000,
0x00000000,
0x00000000,
0x00000000,
0x00000000,
0x00000000,
0x00000000,
0x00000000,
0x00000000,
0x00000000,
0x00000000,
0x00000000,
0x00000000,
0x00000000,
0x00000000,
0x00000000,
0x00000000,
0x00000000,
0x00000000,
0x00000000,
0x00000000,
0x00000000,
0x00000000,
0x00000000,
0x00000000,
0x00000000,
0x00000000,
0x00000000,
0x00000000,
0x00000000,
0x00000000,
0x00000000,
0x00000000,
0x00000000,
0x00000000,
0x00000000,
0x00000000,
0x00000000,
0x00000000,
0x00000000,
0x00000000,
0x00000000,
0x00000000,
0x00000000,
0x00000000,
0x00000000,
0x00000000,
0x00000000,
0x00000000,
0x00000000,
0x00000000,
0x00000000,
0x00000000,
0x00000000,
0x00000000,
0x00000000,
0x00000000,
0x00000000,
0x00000000,
0x00000000,
0x00000000,
0x00000000,
0x00000000,
0x00000000,
0x00000000,
0x00000000,
0x00000000,
0x00000000,
0x00000000,
0x00000000,
0x00000000,
0x00000000,
0x00000000,
0x00000000,
0x00000000,
0x00000000,
0x00000000,
0x00000000,
0x00000000,
0x00000000,
0x00000000,
0x00000000,
0x00000000,
0x00000000,
0x00000000,
0x00000000,
0x00000000,
0x00000000,
0x00000000,
0x00000000,
0x00000000,
0x00000000,
0x00000000,
0x00000000,
0x00000000,
0x00000000,
0x00000000,
0x00000000,
0x00000000,
0x00000000,
0x00000000,
0x00000000,
0x00000000,
0x00000000,
0x00000000,
0x00000000,
0x00000000,
0x00000000,
0x00000000,
0x00000000,
0x00000000,
0x00000000,
0x00000000,
0x00000000,
0x00000000,
0x00000000,
0x00000000,
0x00000000,
0x00000000,
0x00000000,
0x00000000,
0x00000000,
0x00000000,
0x00000000,
0x00000000,
0x00000000,
0x00000000,
0x00000000,
0x00000000,
0x00000000,
0x00000000,
0x00000000,
0x00000000,
0x00000000,
0x00000000,
0x00000000,
0x00000000,
0x00000000,
0x00000000,
0x00000000,
0x00000000,
0x00000000,
0x00000000,
0x00000000,
0x00000000,
0x00000000,
0x00000000,
0x00000000,
0x00000000,
0x00000000,
0x00000000,
0x00000000,
0x00000000,
0x00000000,
0x00000000,
0x00000000,
0x00000000,
0x00000000,
0x00000000,
0x00000000,
0x00000000,
0x00000000,
0x00000000,
0x00000000,
0x00000000,
0x00000000,
0x00000000,
0x00000000,
0x00000000,
0x00000000,
0x00000000,
0x00000000,
0x00000000,
0x00000000,
0x00000000,
0x00000000,
0x00000000,
0x00000000,
0x00000000,
0x00000000,
0x00000000,
0x00000000,
0x00000000,
0x00000000,
0x00000000,
0x00000000,
0x00000000,
0x00000000,
0x00000000,
0x00000000,
0x00000000,
0x00000000,
0x00000000,
0x00000000,
0x00000000,
0x00000000,
0x00000000,
0x00000000,
0x00000000,
0x00000000,
0x00000000,
0x00000000,
0x00000000,
0x00000000,
0x00000000,
0x00000000,
0x00000000,
0x00000000,
0x00000000,
0x00000000,
0x00000000,
0x00000000,
0x00000000,
0x00000000,
0x00000000,
0x00000000,
0x00000000,
0x00000000,
0x00000000,
0x00000000,
0x00000000,
0x00000000,
0x00000000,
0x00000000,
0x00000000,
0x00000000,
0x00000000,
0x00000000,
0x00000000,
0x00000000,
0x00000000,
0x00000000,
0x00000000,
0x00000000,
0x00000000,
0x00000000,
0x00000000,
0x00000000,
0x00000000,
0x00000000,
0x00000000,
0x00000000,
0x00000000,
0x00000000,
0x00000000,
0x00000000,
0x00000000,
0x00000000,
0x00000000,
0x00000000,
0x00000000,
0x00000000,
0x00000000,
0x00000000,
0x00000000,
0x00000000,
0x00000000,
0x00000000,
0x00000000,
0x00000000,
0x00000000,
0x00000000,
0x00000000,
0x00000000,
0x00000000,
0x00000000,
0x00000000,
0x00000000,
0x00000000,
0x00000000,
0x00000000,
0x00000000,
0x00000000,
0x00000000,
0x00000000,
0x00000000,
0x00000000,
0x00000000,
0x00000000,
0x00000000,
0x00000000,
0x00000000,
0x00000000,
0x00000000,
0x00000000,
0x00000000,
0x00000000,
0x00000000,
0x00000000,
0x00000000,
0x00000000,
0x00000000,
0x00000000,
0x00000000,
0x00000000,
0x00000000,
0x00000000,
0x00000000,
0x00000000,
0x00000000,
0x00000000,
0x00000000,
0x00000000,
0x00000000,
0x00000000,
0x00000000,
0x00000000,
0x00000000,
0x00000000,
0x00000000,
0x00000000,
0x00000000,
0x00000000,
0x00000000,
0x00000000,
0x00000000,
0x00000000,
0x00000000,
0x00000000,
0x00000000,
0x00000000,
0x00000000,
0x00000000,
0x00000000,
0x00000000,
0x00000000,
0x00000000,
0x00000000,
0x00000000,
0x00000000,
0x00000000,
0x00000000,
0x00000000,
0x00000000,
0x00000000,
0x00000000,
0x00000000,
0x00000000,
0x00000000,
0x00000000,
0x00000000,
0x00000000,
0x00000000,
0x00000000,
0x00000000,
0x00000000,
0x00000000,
0x00000000,
0x00000000,
0x00000000,
0x00000000,
0x00000000,
0x00000000,
0x00000000,
0x00000000,
0x00000000,
0x00000000,
0x00000000,
0x00000000,
0x00000000,
0x00000000,
0x00000000,
0x00000000,
0x00000000,
0x00000000,
0x00000000,
0x00000000,
0x00000000,
0x00000000,
0x00000000,
0x00000000,
0x00000000,
0x00000000,
0x00000000,
0x00000000,
0x00000000,
0x00000000,
0x00000000,
0x00000000,
0x00000000,
0x00000000,
0x00000000,
0x00000000,
0x00000000,
0x00000000,
0x00000000,
0x00000000,
0x00000000,
0x00000000,
0x00000000,
0x00000000,
0x00000000,
0x00000000,
0x00000000,
0x00000000,
0x00000000,
0x00000000,
0x00000000,
0x00000000,
0x00000000,
0x00000000,
0x00000000,
0x00000000,
0x00000000,
0x00000000,
0x00000000,
0x00000000,
0x00000000,
0x00000000,
0x00000000,
0x00000000,
0x00000000,
0x00000000,
0x00000000,
0x00000000,
0x00000000,
0x00000000,
0x00000000,
0x00000000,
0x00000000,
0x00000000,
0x00000000,
0x00000000,
0x00000000,
0x00000000,
0x00000000,
0x00000000,
0x00000000,
0x00000000,
0x00000000,
0x00000000,
0x00000000,
0x00000000,
0x00000000,
0x00000000,
0x00000000,
0x00000000,
0x00000000,
0x00000000,
0x00000000,
0x00000000,
0x00000000,
0x00000000,
0x00000000,
0x00000000,
0x00000000,
0x00000000,
0x00000000,
0x00000000,
0x00000000,
0x00000000,
0x00000000,
0x00000000,
0x00000000,
0x00000000,
0x00000000,
0x00000000,
0x00000000,
0x00000000,
0x00000000,
0x00000000,
0x00000000,
0x00000000,
0x00000000,
0x00000000,
0x00000000,
0x00000000,
0x00000000,
0x00000000,
0x00000000,
0x00000000,
0x00000000,
0x00000000,
0x00000000,
0x00000000,
0x00000000,
0x00000000,
0x00000000,
0x00000000,
0x00000000,
0x00000000,
0x00000000,
0x00000000,
0x00000000,
0x00000000,
0x00000000,
0x00000000,
0x00000000,
0x00000000,
0x00000000,
0x00000000,
0x00000000,
0x00000000,
0x00000000,
0x00000000,
0x00000000,
0x00000000,
0x00000000,
0x00000000,
0x00000000,
0x00000000,
0x00000000,
0x00000000,
0x00000000,
0x00000000,
0x00000000,
0x00000000,
0x00000000,
0x00000000,
0x00000000,
0x00000000,
0x00000000,
0x00000000,
0x00000000,
0x00000000,
0x00000000,
0x00000000,
0x00000000,
0x00000000,
0x00000000,
0x00000000,
0x00000000,
0x00000000,
0x00000000,
0x00000000,
0x00000000,
0x00000000,
0x00000000,
0x00000000,
0x00000000,
0x00000000,
0x00000000,
0x00000000,
0x00000000,
0x00000000,
0x00000000,
0x00000000,
0x00000000,
0x00000000,
0x00000000,
0x00000000,
0x00000000,
0x00000000,
0x00000000,
0x00000000,
0x00000000,
0x00000000,
0x00000000,
0x00000000,
0x00000000,
0x00000000,
0x00000000,
0x00000000,
0x00000000,
0x00000000,
0x00000000,
0x00000000,
0x00000000,
0x00000000,
0x00000000,
0x00000000,
0x00000000,
0x00000000,
0x00000000,
0x00000000,
0x00000000,
0x00000000,
0x00000000,
0x00000000,
0x00000000,
0x00000000,
0x00000000,
0x00000000,
0x00000000,
0x00000000,
0x00000000,
0x00000000,
0x00000000,
0x00000000,
0x00000000,
0x00000000,
0x00000000,
0x00000000,
0x00000000,
0x00000000,
0x00000000,
0x00000000,
0x00000000,
0x00000000,
0x00000000,
0x00000000,
0x00000000,
0x00000000,
0x00000000,
0x00000000,
0x00000000,
0x00000000,
0x00000000,
0x00000000,
0x00000000,
0x00000000,
0x00000000,
0x00000000,
0x00000000,
0x00000000,
0x00000000,
0x00000000,
0x00000000,
0x00000000,
0x00000000,
0x00000000,
0x00000000,
0x00000000,
0x00000000,
0x00000000,
0x00000000,
0x00000000,
0x00000000,
0x00000000,
0x00000000,
0x00000000,
0x00000000,
0x00000000,
0x00000000,
0x00000000,
0x00000000,
0x00000000,
0x00000000,
0x00000000,
0x00000000,
0x00000000,
0x00000000,
0x00000000,
0x00000000,
0x00000000,
0x00000000,
0x00000000,
0x00000000,
0x00000000,
0x00000000,
0x00000000,
0x00000000,
0x00000000,
0x00000000,
0x00000000,
0x00000000,
0x00000000,
0x00000000,
0x00000000,
0x00000000,
0x00000000,
0x00000000,
0x00000000,
0x00000000,
0x00000000,
0x00000000,
0x00000000,
0x00000000,
0x00000000,
0x00000000,
0x00000000,
0x00000000,
0x00000000,
0x00000000,
0x00000000,
0x00000000,
0x00000000,
0x00000000,
0x00000000,
0x00000000,
0x00000000,
0x00000000,
0x00000000,
0x00000000,
0x00000000,
0x00000000,
0x00000000,
0x00000000,
0x00000000,
0x00000000,
0x00000000,
0x00000000,
0x00000000,
0x00000000,
0x00000000,
0x00000000,
0x00000000,
0x00000000,
0x00000000,
0x00000000,
0x00000000,
0x00000000,
0x00000000,
0x00000000,
0x00000000,
0x00000000,
0x00000000,
0x00000000,
0x00000000,
0x00000000,
0x00000000,
0x00000000,
0x00000000,
0x00000000,
0x00000000,
0x00000000,
0x00000000,
0x00000000,
0x00000000,
0x00000000,
0x00000000,
0x00000000,
0x00000000,
0x00000000,
0x00000000,
0x00000000,
0x00000000,
0x00000000,
0x00000000,
0x00000000,
0x00000000,
0x00000000,
0x00000000,
0x00000000,
0x00000000,
0x00000000,
0x00000000,
0x00000000,
0x00000000,
0x00000000,
0x00000000,
0x00000000,
0x00000000,
0x00000000,
0x00000000,
0x00000000,
0x00000000,
0x00000000,
0x00000000,
0x00000000,
0x00000000,
0x00000000,
0x00000000,
0x00000000,
0x00000000,
0x00000000,
0x00000000,
0x00000000,
0x00000000,
0x00000000,
0x00000000,
0x00000000,
0x00000000,
0x00000000,
0x00000000,
0x00000000,
0x00000000,
0x00000000,
0x00000000,
0x00000000,
0x00000000,
0x00000000,
0x00000000,
0x00000000,
0x00000000,
0x00000000,
0x00000000,
0x00000000,
0x00000000,
0x00000000,
0x00000000,
0x00000000,
0x00000000,
0x00000000,
0x00000000,
0x00000000,
0x00000000,
0x00000000,
0x00000000,
0x00000000,
0x00000000,
0x00000000,
0x00000000,
0x00000000,
0x00000000,
0x00000000,
0x00000000,
0x00000000,
0x00000000,
0x00000000,
0x00000000,
0x00000000,
0x00000000,
0x00000000,
0x00000000,
0x00000000,
0x00000000,
0x00000000,
0x00000000,
0x00000000,
0x00000000,
0x00000000,
0x00000000,
0x00000000,
0x00000000,
0x00000000,
0x00000000,
0x00000000,
0x00000000,
0x00000000,
0x00000000,
0x00000000,
0x00000000,
0x00000000,
0x00000000,
0x00000000,
0x00000000,
0x00000000,
0x00000000,
0x00000000,
0x00000000,
0x00000000,
0x00000000,
0x00000000,
0x00000000,
0x00000000,
0x00000000,
0x00000000,
0x00000000,
0x00000000,
0x00000000,
0x00000000,
0x00000000,
0x00000000,
0x00000000,
0x00000000,
0x00000000,
0x00000000,
0x00000000,
0x00000000,
0x00000000,
0x00000000,
0x00000000,
0x00000000,
0x00000000,
0x00000000,
0x00000000,
0x00000000,
0x00000000,
0x00000000,
0x00000000,
0x00000000,
0x00000000,
0x00000000,
0x00000000,
0x00000000,
0x00000000,
0x00000000,
0x00000000,
0x00000000,
0x00000000,
0x00000000,
0x00000000,
0x00000000,
0x00000000,
0x00000000,
0x00000000,
0x00000000,
0x00000000,
0x00000000,
0x00000000,
0x00000000,
0x00000000,
0x00000000,
0x00000000,
0x00000000,
0x00000000,
0x00000000,
0x00000000,
0x00000000,
0x00000000,
0x00000000,
0x00000000,
0x00000000,
0x00000000,
0x00000000,
0x00000000,
0x00000000,
0x00000000,
0x00000000,
0x00000000,
0x00000000,
0x00000000,
0x00000000,
0x00000000,
0x00000000,
0x00000000,
0x00000000,
0x00000000,
0x00000000,
0x00000000,
0x00000000,
0x00000000,
0x00000000,
0x00000000,
0x00000000,
0x00000000,
0x00000000,
0x00000000,
0x00000000,
0x00000000,
0x00000000,
0x00000000,
0x00000000,
0x00000000,
0x00000000,
0x00000000,
0x00000000,
0x00000000,
0x00000000,
0x00000000,
0x00000000,
0x00000000,
0x00000000,
0x00000000,
0x00000000,
0x00000000,
0x00000000,
0x00000000,
0x00000000,
0x00000000,
0x00000000,
0x00000000,
0x00000000,
0x00000000,
0x00000000,
0x00000000,
0x00000000,
0x00000000,
0x00000000,
0x00000000,
0x00000000,
0x00000000,
0x00000000,
0x00000000,
0x00000000,
0x00000000,
0x00000000,
0x00000000,
0x00000000,
0x00000000,
0x00000000,
0x00000000,
0x00000000,
0x00000000,
0x00000000,
0x00000000,
0x00000000,
0x00000000,
0x00000000,
0x00000000,
0x00000000,
0x00000000,
0x00000000,
0x00000000,
0x00000000,
0x00000000,
0x00000000,
0x00000000,
0x00000000,
0x00000000,
0x00000000,
0x00000000,
0x00000000,
0x00000000,
0x00000000,
0x00000000,
0x00000000,
0x00000000,
0x00000000,
0x00000000,
0x00000000,
0x00000000,
0x00000000,
0x00000000,
0x00000000,
0x00000000,
0x00000000,
0x00000000,
0x00000000,
0x00000000,
0x00000000,
0x00000000,
0x00000000,
0x00000000,
0x00000000,
0x00000000,
0x00000000,
0x00000000,
0x00000000,
0x00000000,
0x00000000,
0x00000000,
0x00000000,
0x00000000,
0x00000000,
0x00000000,
0x00000000,
0x00000000,
0x00000000,
0x00000000,
0x00000000,
0x00000000,
0x00000000,
0x00000000,
0x00000000,
0x00000000,
0x00000000,
0x00000000,
0x00000000,
0x00000000,
0x00000000,
0x00000000,
0x00000000,
0x00000000,
0x00000000,
0x00000000,
0x00000000,
0x00000000,
0x00000000,
0x00000000,
0x00000000,
0x00000000,
0x00000000,
0x00000000,
0x00000000,
0x00000000,
0x00000000,
0x00000000,
0x00000000,
0x00000000,
0x00000000,
0x00000000,
0x00000000,
0x00000000,
0x00000000,
0x00000000,
0x00000000,
0x00000000,
0x00000000,
0x00000000,
0x00000000,
0x00000000,
0x00000000,
0x00000000,
0x00000000,
0x00000000,
0x00000000,
0x00000000,
0x00000000,
0x00000000,
0x00000000,
0x00000000,
0x00000000,
0x00000000,
0x00000000,
0x00000000,
0x00000000,
0x00000000,
0x00000000,
0x00000000,
0x00000000,
0x00000000,
0x00000000,
0x00000000,
0x00000000,
0x00000000,
0x00000000,
0x00000000,
0x00000000,
0x00000000,
0x00000000,
0x00000000,
0x00000000,
0x00000000,
0x00000000,
0x00000000,
0x00000000,
0x00000000,
0x00000000,
0x00000000,
0x00000000,
0x00000000,
0x00000000,
0x00000000,
0x00000000,
0x00000000,
0x00000000,
0x00000000,
0x00000000,
0x00000000,
0x00000000,
0x00000000,
0x00000000,
0x00000000,
0x00000000,
0x00000000,
0x00000000,
0x00000000,
0x00000000,
0x00000000,
0x00000000,
0x00000000,
0x00000000,
0x00000000,
0x00000000,
0x00000000,
0x00000000,
0x00000000,
0x00000000,
0x00000000,
0x00000000,
0x00000000,
0x00000000,
0x00000000,
0x00000000,
0x00000000,
0x00000000,
0x00000000,
0x00000000,
0x00000000,
0x00000000,
0x00000000,
0x00000000,
0x00000000,
0x00000000,
0x00000000,
0x00000000,
0x00000000,
0x00000000,
0x00000000,
0x00000000,
0x00000000,
0x00000000,
0x00000000,
0x00000000,
0x00000000,
0x00000000,
0x00000000,
0x00000000,
0x00000000,
0x00000000,
0x00000000,
0x00000000,
0x00000000,
0x00000000,
0x00000000,
0x00000000,
0x00000000,
0x00000000,
0x00000000,
0x00000000,
0x00000000,
0x00000000,
0x00000000,
0x00000000,
0x00000000,
0x00000000,
0x00000000,
0x00000000,
0x00000000,
0x00000000,
0x00000000,
0x00000000,
0x00000000,
0x00000000,
0x00000000,
0x00000000,
0x00000000,
0x00000000,
0x00000000,
0x00000000,
0x00000000,
0x00000000,
0x00000000,
0x00000000,
0x00000000,
0x00000000,
0x00000000,
0x00000000,
0x00000000,
0x00000000,
0x00000000,
0x00000000,
0x00000000,
0x00000000,
0x00000000,
0x00000000,
0x00000000,
0x00000000,
0x00000000,
0x00000000,
0x00000000,
0x00000000,
0x00000000,
0x00000000,
0x00000000,
0x00000000,
0x00000000,
0x00000000,
0x00000000,
0x00000000,
0x00000000,
0x00000000,
0x00000000,
0x00000000,
0x00000000,
0x00000000,
0x00000000,
0x00000000,
0x00000000,
0x00000000,
0x00000000,
0x00000000,
0x00000000,
0x00000000,
0x00000000,
0x00000000,
0x00000000,
0x00000000,
0x00000000,
0x00000000,
0x00000000,
0x00000000,
0x00000000,
0x00000000,
0x00000000,
0x00000000,
0x00000000,
0x00000000,
0x00000000,
0x00000000,
0x00000000,
0x00000000,
0x00000000,
0x00000000,
0x00000000,
0x00000000,
0x00000000,
0x00000000,
0x00000000,
0x00000000,
0x00000000,
0x00000000,
0x00000000,
0x00000000,
0x00000000,
0x00000000,
0x00000000,
0x00000000,
0x00000000,
0x00000000,
0x00000000,
0x00000000,
0x00000000,
0x00000000,
0x00000000,
0x00000000,
0x00000000,
0x00000000,
0x00000000,
0x00000000,
0x00000000,
0x00000000,
0x00000000,
0x00000000,
0x00000000,
0x00000000,
0x00000000,
0x00000000,
0x00000000,
0x00000000,
0x00000000,
0x00000000,
0x00000000,
0x00000000,
0x00000000,
0x00000000,
0x00000000,
0x00000000,
0x00000000,
0x00000000,
0x00000000,
0x00000000,
0x00000000,
0x00000000,
0x00000000,
0x00000000,
0x00000000,
0x00000000,
0x00000000,
0x00000000,
0x00000000,
0x00000000,
0x00000000,
0x00000000,
0x00000000,
0x00000000,
0x00000000,
0x00000000,
0x00000000,
0x00000000,
0x00000000,
0x00000000,
0x00000000,
0x00000000,
0x00000000,
0x00000000,
0x00000000,
0x00000000,
0x00000000,
0x00000000,
0x00000000,
0x00000000,
0x00000000,
0x00000000,
0x00000000,
0x00000000,
0x00000000,
0x00000000,
0x00000000,
0x00000000,
0x00000000,
0x00000000,
0x00000000,
0x00000000,
0x00000000,
0x00000000,
0x00000000,
0x00000000,
0x00000000,
0x00000000,
0x00000000,
0x00000000,
0x00000000,
0x00000000,
0x00000000,
0x00000000,
0x00000000,
0x00000000,
0x00000000,
0x00000000,
0x00000000,
0x00000000,
0x00000000,
0x00000000,
0x00000000,
0x00000000,
0x00000000,
0x00000000,
0x00000000,
0x00000000,
0x00000000,
0x00000000,
0x00000000,
0x00000000,
0x00000000,
0x00000000,
0x00000000,
0x00000000,
0x00000000,
0x00000000,
0x00000000,
0x00000000,
0x00000000,
0x00000000,
0x00000000,
0x00000000,
0x00000000,
0x00000000,
0x00000000,
0x00000000,
0x00000000,
0x00000000,
0x00000000,
0x00000000,
0x00000000,
0x00000000,
0x00000000,
0x00000000,
0x00000000,
0x00000000,
0x00000000,
0x00000000,
0x00000000,
0x00000000,
0x00000000,
0x00000000,
0x00000000,
0x00000000,
0x00000000,
0x00000000,
0x00000000,
0x00000000,
0x00000000,
0x00000000,
0x00000000,
0x00000000,
0x00000000,
0x00000000,
0x00000000,
0x00000000,
0x00000000,
0x00000000,
0x00000000,
0x00000000,
0x00000000,
0x00000000,
0x00000000,
0x00000000,
0x00000000,
0x00000000,
0x00000000,
0x00000000,
0x00000000,
0x00000000,
0x00000000,
0x00000000,
0x00000000,
0x00000000,
0x00000000,
0x00000000,
0x00000000,
0x00000000,
0x00000000,
0x00000000,
0x00000000,
0x00000000,
0x00000000,
0x00000000,
0x00000000,
0x00000000,
0x00000000,
0x00000000,
0x00000000,
0x00000000,
0x00000000,
0x00000000,
0x00000000,
0x00000000,
0x00000000,
0x00000000,
0x00000000,
0x00000000,
0x00000000,
0x00000000,
0x00000000,
0x00000000,
0x00000000,
0x00000000,
0x00000000,
0x00000000,
0x00000000,
0x00000000,
0x00000000,
0x00000000,
0x00000000,
0x00000000,
0x00000000,
0x00000000,
0x00000000,
0x00000000,
0x00000000,
0x00000000,
0x00000000,
0x00000000,
0x00000000,
0x00000000,
0x00000000,
0x00000000,
0x00000000,
0x00000000,
0x00000000,
0x00000000,
0x00000000,
0x00000000,
0x00000000,
0x00000000,
0x00000000,
0x00000000,
0x00000000,
0x00000000,
0x00000000,
0x00000000,
0x00000000,
0x00000000,
0x00000000,
0x00000000,
0x00000000,
0x00000000,
0x00000000,
0x00000000,
0x00000000,
0x00000000,
0x00000000,
0x00000000,
0x00000000,
0x00000000,
0x00000000,
0x00000000,
0x00000000,
0x00000000,
0x00000000,
0x00000000,
0x00000000,
0x00000000,
0x00000000,
0x00000000,
0x00000000,
0x00000000,
0x00000000,
0x00000000,
0x00000000,
0x00000000,
0x00000000,
0x00000000,
0x00000000,
0x00000000,
0x00000000,
0x00000000,
0x00000000,
0x00000000,
0x00000000,
0x00000000,
0x00000000,
0x00000000,
0x00000000,
0x00000000,
0x00000000,
0x00000000,
0x00000000,
0x00000000,
0x00000000,
0x00000000,
0x00000000,
0x00000000,
0x00000000,
0x00000000,
0x00000000,
0x00000000,
0x00000000,
0x00000000,
0x00000000,
0x00000000,
0x00000000,
0x00000000,
0x00000000,
0x00000000,
0x00000000,
0x00000000,
0x00000000,
0x00000000,
0x00000000,
0x00000000,
0x00000000,
0x00000000,
0x00000000,
0x00000000,
0x00000000,
0x00000000,
0x00000000,
0x00000000,
0x00000000,
0x00000000,
0x00000000,
0x00000000,
0x00000000,
0x00000000,
0x00000000,
0x00000000,
0x00000000,
0x00000000,
0x00000000,
0x00000000,
0x00000000,
0x00000000,
0x00000000,
0x00000000,
0x00000000,
0x00000000,
0x00000000,
0x00000000,
0x00000000,
0x00000000,
0x00000000,
0x00000000,
0x00000000,
0x00000000,
0x00000000,
0x00000000,
0x00000000,
0x00000000,
0x00000000,
0x00000000,
0x00000000,
0x00000000,
0x00000000,
0x00000000,
0x00000000,
0x00000000,
0x00000000,
0x00000000,
0x00000000,
0x00000000,
0x00000000,
0x00000000,
0x00000000,
0x00000000,
0x00000000,
0x00000000,
0x00000000,
0x00000000,
0x00000000,
0x00000000,
0x00000000,
0x00000000,
0x00000000,
0x00000000,
0x00000000,
0x00000000,
0x00000000,
0x00000000,
0x00000000,
0x00000000,
0x00000000,
0x00000000,
0x00000000,
0x00000000,
0x00000000,
0x00000000,
0x00000000,
0x00000000,
0x00000000,
0x00000000,
0x00000000,
0x00000000,
0x00000000,
0x00000000,
0x00000000,
0x00000000,
0x00000000,
0x00000000,
0x00000000,
0x00000000,
0x00000000,
0x00000000,
0x00000000,
0x00000000,
0x00000000,
0x00000000,
0x00000000,
0x00000000,
0x00000000,
0x00000000,
0x00000000,
0x00000000,
0x00000000,
0x00000000,
0x00000000,
0x00000000,
0x00000000,
0x00000000,
0x00000000,
0x00000000,
0x00000000,
0x00000000,
0x00000000,
0x00000000,
0x00000000,
0x00000000,
0x00000000,
0x00000000,
0x00000000,
0x00000000,
0x00000000,
0x00000000,
0x00000000,
0x00000000,
0x00000000,
0x00000000,
0x00000000,
0x00000000,
0x00000000,
0x00000000,
0x00000000,
0x00000000,
0x00000000,
0x00000000,
0x00000000,
0x00000000,
0x00000000,
0x00000000,
0x00000000,
0x00000000,
0x00000000,
0x00000000,
0x00000000,
0x00000000,
0x00000000,
0x00000000,
0x00000000,
0x00000000,
0x00000000,
0x00000000,
0x00000000,
0x00000000,
0x00000000,
0x00000000,
0x00000000,
0x00000000,
0x00000000,
0x00000000,
0x00000000,
0x00000000,
0x00000000,
0x00000000,
0x00000000,
0x00000000,
0x00000000,
0x00000000,
0x00000000,
0x00000000,
0x00000000,
0x00000000,
0x00000000,
0x00000000,
0x00000000,
0x00000000,
0x00000000,
0x00000000,
0x00000000,
0x00000000,
0x00000000,
0x00000000,
0x00000000,
0x00000000,
0x00000000,
0x00000000,
0x00000000,
0x00000000,
0x00000000,
0x00000000,
0x00000000,
0x00000000,
0x00000000,
0x00000000,
0x00000000,
0x00000000,
0x00000000,
0x00000000,
0x00000000,
0x00000000,
0x00000000,
0x00000000,
0x00000000,
0x00000000,
0x00000000,
0x00000000,
0x00000000,
0x00000000,
0x00000000,
0x00000000,
0x00000000,
0x00000000,
0x00000000,
0x00000000,
0x00000000,
0x00000000,
0x00000000,
0x00000000,
0x00000000,
0x00000000,
0x00000000,
0x00000000,
0x00000000,
0x00000000,
0x00000000,
0x00000000,
0x00000000,
0x00000000,
0x00000000,
0x00000000,
0x00000000,
0x00000000,
0x00000000,
0x00000000,
0x00000000,
0x00000000,
0x00000000,
0x00000000,
0x00000000,
0x00000000,
0x00000000,
0x00000000,
0x00000000,
0x00000000,
0x00000000,
0x00000000,
0x00000000,
0x00000000,
0x00000000,
0x00000000,
0x00000000,
0x00000000,
0x00000000,
0x00000000,
0x00000000,
0x00000000,
0x00000000,
0x00000000,
0x00000000,
0x00000000,
0x00000000,
0x00000000,
0x00000000,
0x00000000,
0x00000000,
0x00000000,
0x00000000,
0x00000000,
0x00000000,
0x00000000,
0x00000000,
0x00000000,
0x00000000,
0x00000000,
0x00000000,
0x00000000,
0x00000000,
0x00000000,
0x00000000,
0x00000000,
0x00000000,
0x00000000,
0x00000000,
0x00000000,
0x00000000,
0x00000000,
0x00000000,
0x00000000,
0x00000000,
0x00000000,
0x00000000,
0x00000000,
0x00000000,
0x00000000,
0x00000000,
0x00000000,
0x00000000,
0x00000000,
0x00000000,
0x00000000,
0x00000000,
0x00000000,
0x00000000,
0x00000000,
0x00000000,
0x00000000,
0x00000000,
0x00000000,
0x00000000,
0x00000000,
0x00000000,
0x00000000,
0x00000000,
0x00000000,
0x00000000,
0x00000000,
0x00000000,
0x00000000,
0x00000000,
0x00000000,
0x00000000,
0x00000000,
0x00000000,
0x00000000,
0x00000000,
0x00000000,
0x00000000,
0x00000000,
0x00000000,
0x00000000,
0x00000000,
0x00000000,
0x00000000,
0x00000000,
0x00000000,
0x00000000,
0x00000000,
0x00000000,
0x00000000,
0x00000000,
0x00000000,
0x00000000,
0x00000000,
0x00000000,
0x00000000,
0x00000000,
0x00000000,
0x00000000,
0x00000000,
0x00000000,
0x00000000,
0x00000000,
0x00000000,
0x00000000,
0x00000000,
0x00000000,
0x00000000,
0x00000000,
0x00000000,
0x00000000,
0x00000000,
0x00000000,
0x00000000,
0x00000000,
0x00000000,
0x00000000,
0x00000000,
0x00000000,
0x00000000,
0x00000000,
0x00000000,
0x00000000,
0x00000000,
0x00000000,
0x00000000,
0x00000000,
0x00000000,
0x00000000,
0x00000000,
0x00000000,
0x00000000,
0x00000000,
0x00000000,
0x00000000,
0x00000000,
0x00000000,
0x00000000,
0x00000000,
0x00000000,
0x00000000,
0x00000000,
0x00000000,
0x00000000,
0x00000000,
0x00000000,
0x00000000,
0x00000000,
0x00000000,
0x00000000,
0x00000000,
0x00000000,
0x00000000,
0x00000000,
0x00000000,
0x00000000,
0x00000000,
0x00000000,
0x00000000,
0x00000000,
0x00000000,
0x00000000,
0x00000000,
0x00000000,
0x00000000,
0x00000000,
0x00000000,
0x00000000,
0x00000000,
0x00000000,
0x00000000,
0x00000000,
0x00000000,
0x00000000,
0x00000000,
0x00000000,
0x00000000,
0x00000000,
0x00000000,
0x00000000,
0x00000000,
0x00000000,
0x00000000,
0x00000000,
0x00000000,
0x00000000,
0x00000000,
0x00000000,
0x00000000,
0x00000000,
0x00000000,
0x00000000,
0x00000000,
0x00000000,
0x00000000,
0x00000000,
0x00000000,
0x00000000,
0x00000000,
0x00000000,
0x00000000,
0x00000000,
0x00000000,
0x00000000,
0x00000000,
0x00000000,
0x00000000,
0x00000000,
0x00000000,
0x00000000,
0x00000000,
0x00000000,
0x00000000,
0x00000000,
0x00000000,
0x00000000,
0x00000000,
0x00000000,
0x00000000,
0x00000000,
0x00000000,
0x00000000,
0x00000000,
0x00000000,
0x00000000,
0x00000000,
0x00000000,
0x00000000,
0x00000000,
0x00000000,
0x00000000,
0x00000000,
0x00000000,
0x00000000,
0x00000000,
0x00000000,
0x00000000,
0x00000000,
0x00000000,
0x00000000,
0x00000000,
0x00000000,
0x00000000,
0x00000000,
0x00000000,
0x00000000,
0x00000000,
0x00000000,
0x00000000,
0x00000000,
0x00000000,
0x00000000,
0x00000000,
0x00000000,
0x00000000,
0x00000000,
0x00000000,
0x00000000,
0x00000000,
0x00000000,
0x00000000,
0x00000000,
0x00000000,
0x00000000,
0x00000000,
0x00000000,
0x00000000,
0x00000000,
0x00000000,
0x00000000,
0x00000000,
0x00000000,
0x00000000,
0x00000000,
0x00000000,
0x00000000,
0x00000000,
0x00000000,
0x00000000,
0x00000000,
0x00000000,
0x00000000,
0x00000000,
0x00000000,
0x00000000,
0x00000000,
0x00000000,
0x00000000,
0x00000000,
0x00000000,
0x00000000,
0x00000000,
0x00000000,
0x00000000,
0x00000000,
0x00000000,
0x00000000,
0x00000000,
0x00000000,
0x00000000,
0x00000000,
0x00000000,
0x00000000,
0x00000000,
0x00000000,
0x00000000,
0x00000000,
0x00000000,
0x00000000,
0x00000000,
0x00000000,
0x00000000,
0x00000000,
0x00000000,
0x00000000,
0x00000000,
0x00000000,
0x00000000,
0x00000000,
0x00000000,
0x00000000,
0x00000000,
0x00000000,
0x00000000,
0x00000000,
0x00000000,
0x00000000,
0x00000000,
0x00000000,
0x00000000,
0x00000000,
0x00000000,
0x00000000,
0x00000000,
0x00000000,
0x00000000,
0x00000000,
0x00000000,
0x00000000,
0x00000000,
0x00000000,
0x00000000,
0x00000000,
0x00000000,
0x00000000,
0x00000000,
0x00000000,
0x00000000,
0x00000000,
0x00000000,
0x00000000,
0x00000000,
0x00000000,
0x00000000,
0x00000000,
0x00000000,
0x00000000,
0x00000000,
0x00000000,
0x00000000,
0x00000000,
0x00000000,
0x00000000,
0x00000000,
0x00000000,
0x00000000,
0x00000000,
0x00000000,
0x00000000,
0x00000000,
0x00000000,
0x00000000,
0x00000000,
0x00000000,
0x00000000,
0x00000000,
0x00000000,
0x00000000,
0x00000000,
0x00000000,
0x00000000,
0x00000000,
0x00000000,
0x00000000,
0x00000000,
0x00000000,
0x00000000,
0x00000000,
0x00000000,
0x00000000,
0x00000000,
0x00000000,
0x00000000,
0x00000000,
0x00000000,
0x00000000,
0x00000000,
0x00000000,
0x00000000,
0x00000000,
0x00000000,
0x00000000,
0x00000000,
0x00000000,
0x00000000,
0x00000000,
0x00000000,
0x00000000,
0x00000000,
0x00000000,
0x00000000,
0x00000000,
0x00000000,
0x00000000,
0x00000000,
0x00000000,
0x00000000,
0x00000000,
0x00000000,
0x00000000,
0x00000000,
0x00000000,
0x00000000,
0x00000000,
0x00000000,
0x00000000,
0x00000000,
0x00000000,
0x00000000,
0x00000000,
0x00000000,
0x00000000,
0x00000000,
0x00000000,
0x00000000,
0x00000000,
0x00000000,
0x00000000,
0x00000000,
0x00000000,
0x00000000,
0x00000000,
0x00000000,
0x00000000,
0x00000000,
0x00000000,
0x00000000,
0x00000000,
0x00000000,
0x00000000,
0x00000000,
0x00000000,
0x00000000,
0x00000000,
0x00000000,
0x00000000,
0x00000000,
0x00000000,
0x00000000,
0x00000000,
0x00000000,
0x00000000,
0x00000000,
0x00000000,
0x00000000,
0x00000000,
0x00000000,
0x00000000,
0x00000000,
0x00000000,
0x00000000,
0x00000000,
0x00000000,
0x00000000,
0x00000000,
0x00000000,
0x00000000,
0x00000000,
0x00000000,
0x00000000,
0x00000000,
0x00000000,
0x00000000,
0x00000000,
0x00000000,
0x00000000,
0x00000000,
0x00000000,
0x00000000,
0x00000000,
0x00000000,
0x00000000,
0x00000000,
0x00000000,
0x00000000,
0x00000000,
0x00000000,
0x00000000,
0x00000000,
0x00000000,
0x00000000,
0x00000000,
0x00000000,
0x00000000,
0x00000000,
0x00000000,
0x00000000,
0x00000000,
0x00000000,
0x00000000,
0x00000000,
0x00000000,
0x00000000,
0x00000000,
0x00000000,
0x00000000,
0x00000000,
0x00000000,
0x00000000,
0x00000000,
0x00000000,
0x00000000,
0x00000000,
0x00000000,
0x00000000,
0x00000000,
0x00000000,
0x00000000,
0x00000000,
0x00000000,
0x00000000,
0x00000000,
0x00000000,
0x00000000,
0x00000000,
0x00000000,
0x00000000,
0x00000000,
0x00000000,
0x00000000,
0x00000000,
0x00000000,
0x00000000,
0x00000000,
0x00000000,
0x00000000,
0x00000000,
0x00000000,
0x00000000,
0x00000000,
0x00000000,
0x00000000,
0x00000000,
0x00000000,
0x00000000,
0x00000000,
0x00000000,
0x00000000,
0x00000000,
0x00000000,
0x00000000,
0x00000000,
0x00000000,
0x00000000,
0x00000000,
0x00000000,
0x00000000,
0x00000000,
0x00000000,
0x00000000,
0x00000000,
0x00000000,
0x00000000,
0x00000000,
0x00000000,
0x00000000,
0x00000000,
0x00000000,
0x00000000,
0x00000000,
0x00000000,
0x00000000,
0x00000000,
0x00000000,
0x00000000,
0x00000000,
0x00000000,
0x00000000,
0x00000000,
0x00000000,
0x00000000,
0x00000000,
0x00000000,
0x00000000,
0x00000000,
0x00000000,
0x00000000,
0x00000000,
0x00000000,
0x00000000,
0x00000000,
0x00000000,
0x00000000,
0x00000000,
0x00000000,
0x00000000,
0x00000000,
0x00000000,
0x00000000,
0x00000000,
0x00000000,
0x00000000,
0x00000000,
0x00000000,
0x00000000,
0x00000000,
0x00000000,
0x00000000,
0x00000000,
0x00000000,
0x00000000,
0x00000000,
0x00000000,
0x00000000,
0x00000000,
0x00000000,
0x00000000,
0x00000000,
0x00000000,
0x00000000,
0x00000000,
0x00000000,
0x00000000,
0x00000000,
0x00000000,
0x00000000,
0x00000000,
0x00000000,
0x00000000,
0x00000000,
0x00000000,
0x00000000,
0x00000000,
0x00000000,
0x00000000,
0x00000000,
0x00000000,
0x00000000,
0x00000000,
0x00000000,
0x00000000,
0x00000000,
0x00000000,
0x00000000,
0x00000000,
0x00000000,
0x00000000,
0x00000000,
0x00000000,
0x00000000,
0x00000000,
0x00000000,
0x00000000,
0x00000000,
0x00000000,
0x00000000,
0x00000000,
0x00000000,
0x00000000,
0x00000000,
0x00000000,
0x00000000,
0x00000000,
0x00000000,
0x00000000,
0x00000000,
0x00000000,
0x00000000,
0x00000000,
0x00000000,
0x00000000,
0x00000000,
0x00000000,
0x00000000,
0x00000000,
0x00000000,
0x00000000,
0x00000000,
0x00000000,
0x00000000,
0x00000000,
0x00000000,
0x00000000,
0x00000000,
0x00000000,
0x00000000,
0x00000000,
0x00000000,
0x00000000,
0x00000000,
0x00000000,
0x00000000,
0x00000000,
0x00000000,
0x00000000,
0x00000000,
0x00000000,
0x00000000,
0x00000000,
0x00000000,
0x00000000,
0x00000000,
0x00000000,
0x00000000,
0x00000000,
0x00000000,
0x00000000,
0x00000000,
0x00000000,
0x00000000,
0x00000000,
0x00000000,
0x00000000,
0x00000000,
0x00000000,
0x00000000,
0x00000000,
0x00000000,
0x00000000,
0x00000000,
0x00000000,
0x00000000,
0x00000000,
0x00000000,
0x00000000,
0x00000000,
0x00000000,
0x00000000,
0x00000000,
0x00000000,
0x00000000,
0x00000000,
0x00000000,
0x00000000,
0x00000000,
0x00000000,
0x00000000,
0x00000000,
0x00000000,
0x00000000,
0x00000000,
0x00000000,
0x00000000,
0x00000000,
0x00000000,
0x00000000,
0x00000000,
0x00000000,
0x00000000,
0x00000000,
0x00000000,
0x00000000,
0x00000000,
0x00000000,
0x00000000,
0x00000000,
0x00000000,
0x00000000,
0x00000000,
0x00000000,
0x00000000,
0x00000000,
0x00000000,
0x00000000,
0x00000000,
0x00000000,
0x00000000,
0x00000000,
0x00000000,
0x00000000,
0x00000000,
0x00000000,
0x00000000,
0x00000000,
0x00000000,
0x00000000,
0x00000000,
0x00000000,
0x00000000,
0x00000000,
0x00000000,
0x00000000,
0x00000000,
0x00000000,
0x00000000,
0x00000000,
0x00000000,
0x00000000,
0x00000000,
0x00000000,
0x00000000,
0x00000000,
0x00000000,
0x00000000,
0x00000000,
0x00000000,
0x00000000,
0x00000000,
0x00000000,
0x00000000,
0x00000000,
0x00000000,
0x00000000,
0x00000000,
0x00000000,
0x00000000,
0x00000000,
0x00000000,
0x00000000,
0x00000000,
0x00000000,
0x00000000,
0x00000000,
0x00000000,
0x00000000,
0x00000000,
0x00000000,
0x00000000,
0x00000000,
0x00000000,
0x00000000,
0x00000000,
0x00000000,
0x00000000,
0x00000000,
0x00000000,
0x00000000,
0x00000000,
0x00000000,
0x00000000,
0x00000000,
0x00000000,
0x00000000,
0x00000000,
0x00000000,
0x00000000,
0x00000000,
0x00000000,
0x00000000,
0x00000000,
0x00000000,
0x00000000,
0x00000000,
0x00000000,
0x00000000,
0x00000000,
0x00000000,
0x00000000,
0x00000000,
0x00000000,
0x00000000,
0x00000000,
0x00000000,
0x00000000,
0x00000000,
0x00000000,
0x00000000,
0x00000000,
0x00000000,
0x00000000,
0x00000000,
0x00000000,
0x00000000,
0x00000000,
0x00000000,
0x00000000,
0x00000000,
0x00000000,
0x00000000,
0x00000000,
0x00000000,
0x00000000,
0x00000000,
0x00000000,
0x00000000,
0x00000000,
0x00000000,
0x00000000,
0x00000000,
0x00000000,
0x00000000,
0x00000000,
0x00000000,
0x00000000,
0x00000000,
0x00000000,
0x00000000,
0x00000000,
0x00000000,
0x00000000,
0x00000000,
0x00000000,
0x00000000,
0x00000000,
0x00000000,
0x00000000,
0x00000000,
0x00000000,
0x00000000,
0x00000000,
0x00000000,
0x00000000,
0x00000000,
0x00000000,
0x00000000,
0x00000000,
0x00000000,
0x00000000,
0x00000000,
0x00000000,
0x00000000,
0x00000000,
0x00000000,
0x00000000,
0x00000000,
0x00000000,
0x00000000,
0x00000000,
0x00000000,
0x00000000,
0x00000000,
0x00000000,
0x00000000,
0x00000000,
0x00000000,
0x00000000,
0x00000000,
0x00000000,
0x00000000,
0x00000000,
0x00000000,
0x00000000,
0x00000000,
0x00000000,
0x00000000,
0x00000000,
0x00000000,
0x00000000,
0x00000000,
0x00000000,
0x00000000,
0x00000000,
0x00000000,
0x00000000,
0x00000000,
0x00000000,
0x00000000,
0x00000000,
0x00000000,
0x00000000,
0x00000000,
0x00000000,
0x00000000,
0x00000000,
0x00000000,
0x00000000,
0x00000000,
0x00000000,
0x00000000,
0x00000000,
0x00000000,
0x00000000,
0x00000000,
0x00000000,
0x00000000,
0x00000000,
0x00000000,
0x00000000,
0x00000000,
0x00000000,
0x00000000,
0x00000000,
0x00000000,
0x00000000,
0x00000000,
0x00000000,
0x00000000,
0x00000000,
0x00000000,
0x00000000,
0x00000000,
0x00000000,
0x00000000,
0x00000000,
0x00000000,
0x00000000,
0x00000000,
0x00000000,
0x00000000,
0x00000000,
0x00000000,
0x00000000,
0x00000000,
0x00000000,
0x00000000,
0x00000000,
0x00000000,
0x00000000,
0x00000000,
0x00000000,
0x00000000,
0x00000000,
0x00000000,
0x00000000,
0x00000000,
0x00000000,
0x00000000,
0x00000000,
0x00000000,
0x00000000,
0x00000000,
0x00000000,
0x00000000,
0x00000000,
0x00000000,
0x00000000,
0x00000000,
0x00000000,
0x00000000,
0x00000000,
0x00000000,
0x00000000,
0x00000000,
0x00000000,
0x00000000,
0x00000000,
0x00000000,
0x00000000,
0x00000000,
0x00000000,
0x00000000,
0x00000000,
0x00000000,
0x00000000,
0x00000000,
0x00000000,
0x00000000,
0x00000000,
0x00000000,
0x00000000,
0x00000000,
0x00000000,
0x00000000,
0x00000000,
0x00000000,
0x00000000,
0x00000000,
0x00000000,
0x00000000,
0x00000000,
0x00000000,
0x00000000,
0x00000000,
0x00000000,
0x00000000,
0x00000000,
0x00000000,
0x00000000,
0x00000000,
0x00000000,
0x00000000,
0x00000000,
0x00000000,
0x00000000,
0x00000000,
0x00000000,
0x00000000,
0x00000000,
0x00000000,
0x00000000,
0x00000000,
0x00000000,
0x00000000,
0x00000000,
0x00000000,
0x00000000,
0x00000000,
0x00000000,
0x00000000,
0x00000000,
0x00000000,
0x00000000,
0x00000000,
0x00000000,
0x00000000,
0x00000000,
0x00000000,
0x00000000,
0x00000000,
0x00000000,
0x00000000,
0x00000000,
0x00000000,
0x00000000,
0x00000000,
0x00000000,
0x00000000,
0x00000000,
0x00000000,
0x00000000,
0x00000000,
0x00000000,
0x00000000,
0x00000000,
0x00000000,
0x00000000,
0x00000000,
0x00000000,
0x00000000,
0x00000000,
0x00000000,
0x00000000,
0x00000000,
0x00000000,
0x00000000,
0x00000000,
0x00000000,
0x00000000,
0x00000000,
0x00000000,
0x00000000,
0x00000000,
0x00000000,
0x00000000,
0x00000000,
0x00000000,
0x00000000,
0x00000000,
0x00000000,
0x00000000,
0x00000000,
0x00000000,
0x00000000,
0x00000000,
0x00000000,
0x00000000,
0x00000000,
0x00000000,
0x00000000,
0x00000000,
0x00000000,
0x00000000,
0x00000000,
0x00000000,
0x00000000,
0x00000000,
0x00000000,
0x00000000,
0x00000000,
0x00000000,
0x00000000,
0x00000000,
0x00000000,
0x00000000,
0x00000000,
0x00000000,
0x00000000,
0x00000000,
0x00000000,
0x00000000,
0x00000000,
0x00000000,
0x00000000,
0x00000000,
0x00000000,
0x00000000,
0x00000000,
0x00000000,
0x00000000,
0x00000000,
0x00000000,
0x00000000,
0x00000000,
0x00000000,
0x00000000,
0x00000000,
0x00000000,
0x00000000,
0x00000000,
0x00000000,
0x00000000,
0x00000000,
0x00000000,
0x00000000,
0x00000000,
0x00000000,
0x00000000,
0x00000000,
0x00000000,
0x00000000,
0x00000000,
0x00000000,
0x00000000,
0x00000000,
0x00000000,
0x00000000,
0x00000000,
0x00000000,
0x00000000,
0x00000000,
0x00000000,
0x00000000,
0x00000000,
0x00000000,
0x00000000,
0x00000000,
0x00000000,
0x00000000,
0x00000000,
0x00000000,
0x00000000,
0x00000000,
0x00000000,
0x00000000,
0x00000000,
0x00000000,
0x00000000,
0x00000000,
0x00000000,
0x00000000,
0x00000000,
0x00000000,
0x00000000,
0x00000000,
0x00000000,
0x00000000,
0x00000000,
0x00000000,
0x00000000,
0x00000000,
0x00000000,
0x00000000,
0x00000000,
0x00000000,
0x00000000,
0x00000000,
0x00000000,
0x00000000,
0x00000000,
0x00000000,
0x00000000,
0x00000000,
0x00000000,
0x00000000,
0x00000000,
0x00000000,
0x00000000,
0x00000000,
0x00000000,
0x00000000,
0x00000000,
0x00000000,
0x00000000,
0x00000000,
0x00000000,
0x00000000,
0x00000000,
0x00000000,
0x00000000,
0x00000000,
0x00000000,
0x00000000,
0x00000000,
0x00000000,
0x00000000,
0x00000000,
0x00000000,
0x00000000,
0x00000000,
0x00000000,
0x00000000,
0x00000000,
0x00000000,
0x00000000,
0x00000000,
0x00000000,
0x00000000,
0x00000000,
0x00000000,
0x00000000,
0x00000000,
0x00000000,
0x00000000,
0x00000000,
0x00000000,
0x00000000,
0x00000000,
0x00000000,
0x00000000,
0x00000000,
0x00000000,
0x00000000,
0x00000000,
0x00000000,
0x00000000,
0x00000000,
0x00000000,
0x00000000,
0x00000000,
0x00000000,
0x00000000,
0x00000000,
0x00000000,
0x00000000,
0x00000000,
0x00000000,
0x00000000,
0x00000000,
0x00000000,
0x00000000,
0x00000000,
0x00000000,
0x00000000,
0x00000000,
0x00000000,
0x00000000,
0x00000000,
0x00000000,
0x00000000,
0x00000000,
0x00000000,
0x00000000,
0x00000000,
0x00000000,
0x00000000,
0x00000000,
0x00000000,
0x00000000,
0x00000000,
0x00000000,
0x00000000,
0x00000000,
0x00000000,
0x00000000,
0x00000000,
0x00000000,
0x00000000,
0x00000000,
0x00000000,
0x00000000,
0x00000000,
0x00000000,
0x00000000,
0x00000000,
0x00000000,
0x00000000,
0x00000000,
0x00000000,
0x00000000,
0x00000000,
0x00000000,
0x00000000,
0x00000000,
0x00000000,
0x00000000,
0x00000000,
0x00000000,
0x00000000,
0x00000000,
0x00000000,
0x00000000,
0x00000000,
0x00000000,
0x00000000,
0x00000000,
0x00000000,
0x00000000,
0x00000000,
0x00000000,
0x00000000,
0x00000000,
0x00000000,
0x00000000,
0x00000000,
0x00000000,
0x00000000,
0x00000000,
0x00000000,
0x00000000,
0x00000000,
0x00000000,
0x00000000,
0x00000000,
0x00000000,
0x00000000,
0x00000000,
0x00000000,
0x00000000,
0x00000000,
0x00000000,
0x00000000,
0x00000000,
0x00000000,
0x00000000,
0x00000000,
0x00000000,
0x00000000,
0x00000000,
0x00000000,
0x00000000,
0x00000000,
0x00000000,
0x00000000,
0x00000000,
0x00000000,
0x00000000,
0x00000000,
0x00000000,
0x00000000,
0x00000000,
0x00000000,
0x00000000,
0x00000000,
0x00000000,
0x00000000,
0x00000000,
0x00000000,
0x00000000,
0x00000000,
0x00000000,
0x00000000,
0x00000000,
0x00000000,
0x00000000,
0x00000000,
0x00000000,
0x00000000,
0x00000000,
0x00000000,
0x00000000,
0x00000000,
0x00000000,
0x00000000,
0x00000000,
0x00000000,
0x00000000,
0x00000000,
0x00000000,
0x00000000,
0x00000000,
0x00000000,
0x00000000,
0x00000000,
0x00000000,
0x00000000,
0x00000000,
0x00000000,
0x00000000,
0x00000000,
0x00000000,
0x00000000,
0x00000000,
0x00000000,
0x00000000,
0x00000000,
0x00000000,
0x00000000,
0x00000000,
0x00000000,
0x00000000,
0x00000000,
0x00000000,
0x00000000,
0x00000000,
0x00000000,
0x00000000,
0x00000000,
0x00000000,
0x00000000,
0x00000000,
0x00000000,
0x00000000,
0x00000000,
0x00000000,
0x00000000,
0x00000000,
0x00000000,
0x00000000,
0x00000000,
0x00000000,
0x00000000,
0x00000000,
0x00000000,
0x00000000,
0x00000000,
0x00000000,
0x00000000,
0x00000000,
0x00000000,
0x00000000,
0x00000000,
0x00000000,
0x00000000,
0x00000000,
0x00000000,
0x00000000,
0x00000000,
0x00000000,
0x00000000,
0x00000000,
0x00000000,
0x00000000,
0x00000000,
0x00000000,
0x00000000,
0x00000000,
0x00000000,
0x00000000,
0x00000000,
0x00000000,
0x00000000,
0x00000000,
0x00000000,
0x00000000,
0x00000000,
0x00000000,
0x00000000,
0x00000000,
0x00000000,
0x00000000,
0x00000000,
0x00000000,
0x00000000,
0x00000000,
0x00000000,
0x00000000,
0x00000000,
0x00000000,
0x00000000,
0x00000000,
0x00000000,
0x00000000,
0x00000000,
0x00000000,
0x00000000,
0x00000000,
0x00000000,
0x00000000,
0x00000000,
0x00000000,
0x00000000,
0x00000000,
0x00000000,
0x00000000,
0x00000000,
0x00000000,
0x00000000,
0x00000000,
0x00000000,
0x00000000,
0x00000000,
0x00000000,
0x00000000,
0x00000000,
0x00000000,
0x00000000,
0x00000000,
0x00000000,
0x00000000,
0x00000000,
0x00000000,
0x00000000,
0x00000000,
0x00000000,
0x00000000,
0x00000000,
0x00000000,
0x00000000,
0x00000000,
0x00000000,
0x00000000,
0x00000000,
0x00000000,
0x00000000,
0x00000000,
0x00000000,
0x00000000,
0x00000000,
0x00000000,
0x00000000,
0x00000000,
0x00000000,
0x00000000,
0x00000000,
0x00000000,
0x00000000,
0x00000000,
0x00000000,
0x00000000,
0x00000000,
0x00000000,
0x00000000,
0x00000000,
0x00000000,
0x00000000,
0x00000000,
0x00000000,
0x00000000,
0x00000000,
0x00000000,
0x00000000,
0x00000000,
0x00000000,
0x00000000,
0x00000000,
0x00000000,
0x00000000,
0x00000000,
0x00000000,
0x00000000,
0x00000000,
0x00000000,
0x00000000,
0x00000000,
0x00000000,
0x00000000,
0x00000000,
0x00000000,
0x00000000,
0x00000000,
0x00000000,
0x00000000,
0x00000000,
0x00000000,
0x00000000,
0x00000000,
0x00000000,
0x00000000,
0x00000000,
0x00000000,
0x00000000,
0x00000000,
0x00000000,
0x00000000,
0x00000000,
0x00000000,
0x00000000,
0x00000000,
0x00000000,
0x00000000,
0x00000000,
0x00000000,
0x00000000,
0x00000000,
0x00000000,
0x00000000,
0x00000000,
0x00000000,
0x00000000,
0x00000000,
0x00000000,
0x00000000,
0x00000000,
0x00000000,
0x00000000,
0x00000000,
0x00000000,
0x00000000,
0x00000000,
0x00000000,
0x00000000,
0x00000000,
0x00000000,
0x00000000,
0x00000000,
0x00000000,
0x00000000,
0x00000000,
0x00000000,
0x00000000,
0x00000000,
0x00000000,
0x00000000,
0x00000000,
0x00000000,
0x00000000,
0x00000000,
0x00000000,
0x00000000,
0x00000000,
0x00000000,
0x00000000,
0x00000000,
0x00000000,
0x00000000,
0x00000000,
0x00000000,
0x00000000,
0x00000000,
0x00000000,
0x00000000,
0x00000000,
0x00000000,
0x00000000,
0x00000000,
0x00000000,
0x00000000,
0x00000000,
0x00000000,
0x00000000,
0x00000000,
0x00000000,
0x00000000,
0x00000000,
0x00000000,
0x00000000,
0x00000000,
0x00000000,
0x00000000,
0x00000000,
0x00000000,
0x00000000,
0x00000000,
0x00000000,
0x00000000,
0x00000000,
0x00000000,
0x00000000,
0x00000000,
0x00000000,
0x00000000,
0x00000000,
0x00000000,
0x00000000,
0x00000000,
0x00000000,
0x00000000,
0x00000000,
0x00000000,
0x00000000,
0x00000000,
0x00000000,
0x00000000,
0x00000000,
0x00000000,
0x00000000,
0x00000000,
0x00000000,
0x00000000,
0x00000000,
0x00000000,
0x00000000,
0x00000000,
0x00000000,
0x00000000,
0x00000000,
0x00000000,
0x00000000,
0x00000000,
0x00000000,
0x00000000,
0x00000000,
0x00000000,
0x00000000,
0x00000000,
0x00000000,
0x00000000,
0x00000000,
0x00000000,
0x00000000,
0x00000000,
0x00000000,
0x00000000,
0x00000000,
0x00000000,
0x00000000,
0x00000000,
0x00000000,
0x00000000,
0x00000000,
0x00000000,
0x00000000,
0x00000000,
0x00000000,
0x00000000,
0x00000000,
0x00000000,
0x00000000,
0x00000000,
0x00000000,
0x00000000,
0x00000000,
0x00000000,
0x00000000,
0x00000000,
0x00000000,
0x00000000,
0x00000000,
0x00000000,
0x00000000,
0x00000000,
0x00000000,
0x00000000,
0x00000000,
0x00000000,
0x00000000,
0x00000000,
0x00000000,
0x00000000,
0x00000000,
0x00000000,
0x00000000,
0x00000000,
0x00000000,
0x00000000,
0x00000000,
0x00000000,
0x00000000,
0x00000000,
0x00000000,
0x00000000,
0x00000000,
0x00000000,
0x00000000,
0x00000000,
0x00000000,
0x00000000,
0x00000000,
0x00000000,
0x00000000,
0x00000000,
0x00000000,
0x00000000,
0x00000000,
0x00000000,
0x00000000,
0x00000000,
0x00000000,
0x00000000,
0x00000000,
0x00000000,
0x00000000,
0x00000000,
0x00000000,
0x00000000,
0x00000000,
0x00000000,
0x00000000,
0x00000000,
0x00000000,
0x00000000,
0x00000000,
0x00000000,
0x00000000,
0x00000000,
0x00000000,
0x00000000,
0x00000000,
0x00000000,
0x00000000,
0x00000000,
0x00000000,
0x00000000,
0x00000000,
0x00000000,
0x00000000,
0x00000000,
0x00000000,
0x00000000,
0x00000000,
0x00000000,
0x00000000,
0x00000000,
0x00000000,
0x00000000,
0x00000000,
0x00000000,
0x00000000,
0x00000000,
0x00000000,
0x00000000,
0x00000000,
0x00000000,
0x00000000,
0x00000000,
0x00000000,
0x00000000,
0x00000000,
0x00000000,
0x00000000,
0x00000000,
0x00000000,
0x00000000,
0x00000000,
0x00000000,
0x00000000,
0x00000000,
0x00000000,
0x00000000,
0x00000000,
0x00000000,
0x00000000,
0x00000000,
0x00000000,
0x00000000,
0x00000000,
0x00000000,
0x00000000,
0x00000000,
0x00000000,
0x00000000,
0x00000000,
0x00000000,
0x00000000,
0x00000000,
0x00000000,
0x00000000,
0x00000000,
0x00000000,
0x00000000,
0x00000000,
0x00000000,
0x00000000,
0x00000000,
0x00000000,
0x00000000,
0x00000000,
0x00000000,
0x00000000,
0x00000000,
0x00000000,
0x00000000,
0x00000000,
0x00000000,
0x00000000,
0x00000000,
0x00000000,
0x00000000,
0x00000000,
0x00000000,
0x00000000,
0x00000000,
0x00000000,
0x00000000,
0x00000000,
0x00000000,
0x00000000,
0x00000000,
0x00000000,
0x00000000,
0x00000000,
0x00000000,
0x00000000,
0x00000000,
0x00000000,
0x00000000,
0x00000000,
0x00000000,
0x00000000,
0x00000000,
0x00000000,
0x00000000,
0x00000000,
0x00000000,
0x00000000,
0x00000000,
0x00000000,
0x00000000,
0x00000000,
0x00000000,
0x00000000,
0x00000000,
0x00000000,
0x00000000,
0x00000000,
0x00000000,
0x00000000,
0x00000000,
0x00000000,
0x00000000,
0x00000000,
0x00000000,
0x00000000,
0x00000000,
0x00000000,
0x00000000,
0x00000000,
0x00000000,
0x00000000,
0x00000000,
0x00000000,
0x00000000,
0x00000000,
0x00000000,
0x00000000,
0x00000000,
0x00000000,
0x00000000,
0x00000000,
0x00000000,
0x00000000,
0x00000000,
0x00000000,
0x00000000,
0x00000000,
0x00000000,
0x00000000,
0x00000000,
0x00000000,
0x00000000,
0x00000000,
0x00000000,
0x00000000,
0x00000000,
0x00000000,
0x00000000,
0x00000000,
0x00000000,
0x00000000,
0x00000000,
0x00000000,
0x00000000,
0x00000000,
0x00000000,
0x00000000,
0x00000000,
0x00000000,
0x00000000,
0x00000000,
0x00000000,
0x00000000,
0x00000000,
0x00000000,
0x00000000,
0x00000000,
0x00000000,
0x00000000,
0x00000000,
0x00000000,
0x00000000,
0x00000000,
0x00000000,
0x00000000,
0x00000000,
0x00000000,
0x00000000,
0x00000000,
0x00000000,
0x00000000,
0x00000000,
0x00000000,
0x00000000,
0x00000000,
0x00000000,
0x00000000,
0x00000000,
0x00000000,
0x00000000,
0x00000000,
0x00000000,
0x00000000,
0x00000000,
0x00000000,
0x00000000,
0x00000000,
0x00000000,
0x00000000,
0x00000000,
0x00000000,
0x00000000,
0x00000000,
0x00000000,
0x00000000,
0x00000000,
0x00000000,
0x00000000,
0x00000000,
0x00000000,
0x00000000,
0x00000000,
0x00000000,
0x00000000,
0x00000000,
0x00000000,
0x00000000,
0x00000000,
0x00000000,
0x00000000,
0x00000000,
0x00000000,
0x00000000,
0x00000000,
0x00000000,
0x00000000,
0x00000000,
0x00000000,
0x00000000,
0x00000000,
0x00000000,
0x00000000,
0x00000000,
0x00000000,
0x00000000,
0x00000000,
0x00000000,
0x00000000,
0x00000000,
0x00000000,
0x00000000,
0x00000000,
0x00000000,
0x00000000,
0x00000000,
0x00000000,
0x00000000,
0x00000000,
0x00000000,
0x00000000,
0x00000000,
0x00000000,
0x00000000,
0x00000000,
0x00000000,
0x00000000,
0x00000000,
0x00000000,
0x00000000,
0x00000000,
0x00000000,
0x00000000,
0x00000000,
0x00000000,
0x00000000,
0x00000000,
0x00000000,
0x00000000,
0x00000000,
0x00000000,
0x00000000,
0x00000000,
0x00000000,
0x00000000,
0x00000000,
0x00000000,
0x00000000,
0x00000000,
0x00000000,
0x00000000,
0x00000000,
0x00000000,
0x00000000,
0x00000000,
0x00000000,
0x00000000,
0x00000000,
0x00000000,
0x00000000,
0x00000000,
0x00000000,
0x00000000,
0x00000000,
0x00000000,
0x00000000,
0x00000000,
0x00000000,
0x00000000,
0x00000000,
0x00000000,
0x00000000,
0x00000000,
0x00000000,
0x00000000,
0x00000000,
0x00000000,
0x00000000,
0x00000000,
0x00000000,
0x00000000,
0x00000000,
0x00000000,
0x00000000,
0x00000000,
0x00000000,
0x00000000,
0x00000000,
0x00000000,
0x00000000,
0x00000000,
0x00000000,
0x00000000,
0x00000000,
0x00000000,
0x00000000,
0x00000000,
0x00000000,
0x00000000,
0x00000000,
0x00000000,
0x00000000,
0x00000000,
0x00000000,
0x00000000,
0x00000000,
0x00000000,
0x00000000,
0x00000000,
0x00000000,
0x00000000,
0x00000000,
0x00000000,
0x00000000,
0x00000000,
0x00000000,
0x00000000,
0x00000000,
0x00000000,
0x00000000,
0x00000000,
0x00000000,
0x00000000,
0x00000000,
0x00000000,
0x00000000,
0x00000000,
0x00000000,
0x00000000,
0x00000000,
0x00000000,
0x00000000,
0x00000000,
0x00000000,
0x00000000,
0x00000000,
0x00000000,
0x00000000,
0x00000000,
0x00000000,
0x00000000,
0x00000000,
0x00000000,
0x00000000,
0x00000000,
0x00000000,
0x00000000,
0x00000000,
0x00000000,
0x00000000,
0x00000000,
0x00000000,
0x00000000,
0x00000000,
0x00000000,
0x00000000,
0x00000000,
0x00000000,
0x00000000,
0x00000000,
0x00000000,
0x00000000,
0x00000000,
0x00000000,
0x00000000,
0x00000000,
0x00000000,
0x00000000,
0x00000000,
0x00000000,
0x00000000,
0x00000000,
0x00000000,
0x00000000,
0x00000000,
0x00000000,
0x00000000,
0x00000000,
0x00000000,
0x00000000,
0x00000000,
0x00000000,
0x00000000,
0x00000000,
0x00000000,
0x00000000,
0x00000000,
0x00000000,
0x00000000,
0x00000000,
0x00000000,
0x00000000,
0x00000000,
0x00000000,
0x00000000,
0x00000000,
0x00000000,
0x00000000,
0x00000000,
0x00000000,
0x00000000,
0x00000000,
0x00000000,
0x00000000,
0x00000000,
0x00000000,
0x00000000,
0x00000000,
0x00000000,
0x00000000,
0x00000000,
0x00000000,
0x00000000,
0x00000000,
0x00000000,
0x00000000,
0x00000000,
0x00000000,
0x00000000,
0x00000000,
0x00000000,
0x00000000,
0x00000000,
0x00000000,
0x00000000,
0x00000000,
0x00000000,
0x00000000,
0x00000000,
0x00000000,
0x00000000,
0x00000000,
0x00000000,
0x00000000,
0x00000000,
0x00000000,
0x00000000,
0x00000000,
0x00000000,
0x00000000,
0x00000000,
0x00000000,
0x00000000,
0x00000000,
0x00000000,
0x00000000,
0x00000000,
0x00000000,
0x00000000,
0x00000000,
0x00000000,
0x00000000,
0x00000000,
0x00000000,
0x00000000,
0x00000000,
0x00000000,
0x00000000,
0x00000000,
0x00000000,
0x00000000,
0x00000000,
0x00000000,
0x00000000,
0x00000000,
0x00000000,
0x00000000,
0x00000000,
0x00000000,
0x00000000,
0x00000000,
0x00000000,
0x00000000,
0x00000000,
0x00000000,
0x00000000,
0x00000000,
0x00000000,
0x00000000,
0x00000000,
0x00000000,
0x00000000,
0x00000000,
0x00000000,
0x00000000,
0x00000000,
0x00000000,
0x00000000,
0x00000000,
0x00000000,
0x00000000,
0x00000000,
0x00000000,
0x00000000,
0x00000000,
0x00000000,
0x00000000,
0x00000000,
0x00000000,
0x00000000,
0x00000000,
0x00000000,
0x00000000,
0x00000000,
0x00000000,
0x00000000,
0x00000000,
0x00000000,
0x00000000,
0x00000000,
0x00000000,
0x00000000,
0x00000000,
0x00000000,
0x00000000,
0x00000000,
0x00000000,
0x00000000,
0x00000000,
0x00000000,
0x00000000,
0x00000000,
0x00000000,
0x00000000,
0x00000000,
0x00000000,
0x00000000,
0x00000000,
0x00000000,
0x00000000,
0x00000000,
0x00000000,
0x00000000,
0x00000000,
0x00000000,
0x00000000,
0x00000000,
0x00000000,
0x00000000,
0x00000000,
0x00000000,
0x00000000,
0x00000000,
0x00000000,
0x00000000,
0x00000000,
0x00000000,
0x00000000,
0x00000000,
0x00000000,
0x00000000,
0x00000000,
0x00000000,
0x00000000,
0x00000000,
0x00000000,
0x00000000,
0x00000000,
0x00000000,
0x00000000,
0x00000000,
0x00000000,
0x00000000,
0x00000000,
0x00000000,
0x00000000,
0x00000000,
0x00000000,
0x00000000,
0x00000000,
0x00000000,
0x00000000,
0x00000000,
0x00000000,
0x00000000,
0x00000000,
0x00000000,
0x00000000,
0x00000000,
0x00000000,
0x00000000,
0x00000000,
0x00000000,
0x00000000,
0x00000000,
0x00000000,
0x00000000,
0x00000000,
0x00000000,
0x00000000,
0x00000000,
0x00000000,
0x00000000,
0x00000000,
0x00000000,
0x00000000,
0x00000000,
0x00000000,
0x00000000,
0x00000000,
0x00000000,
0x00000000,
0x00000000,
0x00000000,
0x00000000,
0x00000000,
0x00000000,
0x00000000,
0x00000000,
0x00000000,
0x00000000,
0x00000000,
0x00000000,
0x00000000,
0x00000000,
0x00000000,
0x00000000,
0x00000000,
0x00000000,
0x00000000,
0x00000000,
0x00000000,
0x00000000,
0x00000000,
0x00000000,
0x00000000,
0x00000000,
0x00000000,
0x00000000,
0x00000000,
0x00000000,
0x00000000,
0x00000000,
0x00000000,
0x00000000,
0x00000000,
0x00000000,
0x00000000,
0x00000000,
0x00000000,
0x00000000,
0x00000000,
0x00000000,
0x00000000,
0x00000000,
0x00000000,
0x00000000,
0x00000000,
0x00000000,
0x00000000,
0x00000000,
0x00000000,
0x00000000,
0x00000000,
0x00000000,
0x00000000,
0x00000000,
0x00000000,
0x00000000,
0x00000000,
0x00000000,
0x00000000,
0x00000000,
0x00000000,
0x00000000,
0x00000000,
0x00000000,
0x00000000,
0x00000000,
0x00000000,
0x00000000,
0x00000000,
0x00000000,
0x00000000,
0x00000000,
0x00000000,
0x00000000,
0x00000000,
0x00000000,
0x00000000,
0x00000000,
0x00000000,
0x00000000,
0x00000000,
0x00000000,
0x00000000,
0x00000000,
0x00000000,
0x00000000,
0x00000000,
0x00000000,
0x00000000,
0x00000000,
0x00000000,
0x00000000,
0x00000000,
0x00000000,
0x00000000,
0x00000000,
0x00000000,
0x00000000,
0x00000000,
0x00000000,
0x00000000,
0x00000000,
0x00000000,
0x00000000,
0x00000000,
0x00000000,
0x00000000,
0x00000000,
0x00000000,
0x00000000,
0x00000000,
0x00000000,
0x00000000,
0x00000000,
0x00000000,
0x00000000,
0x00000000,
0x00000000,
0x00000000,
0x00000000,
0x00000000,
0x00000000,
0x00000000,
0x00000000,
0x00000000,
0x00000000,
0x00000000,
0x00000000,
0x00000000,
0x00000000,
0x00000000,
0x00000000,
0x00000000,
0x00000000,
0x00000000,
0x00000000,
0x00000000,
0x00000000,
0x00000000,
0x00000000,
0x00000000,
0x00000000,
0x00000000,
0x00000000,
0x00000000,
0x00000000,
0x00000000,
0x00000000,
0x00000000,
0x00000000,
0x00000000,
0x00000000,
0x00000000,
0x00000000,
0x00000000,
0x00000000,
0x00000000,
0x00000000,
0x00000000,
0x00000000,
0x00000000,
0x00000000,
0x00000000,
0x00000000,
0x00000000,
0x00000000,
0x00000000,
0x00000000,
0x00000000,
0x00000000,
0x00000000,
0x00000000,
0x00000000,
0x00000000,
0x00000000,
0x00000000,
0x00000000,
0x00000000,
0x00000000,
0x00000000,
0x00000000,
0x00000000,
0x00000000,
0x00000000,
0x00000000,
0x00000000,
0x00000000,
0x00000000,
0x00000000,
0x00000000,
0x00000000,
0x00000000,
0x00000000,
0x00000000,
0x00000000,
0x00000000,
0x00000000,
0x00000000,
0x00000000,
0x00000000,
0x00000000,
0x00000000,
0x00000000,
0x00000000,
0x00000000,
0x00000000,
0x00000000,
0x00000000,
0x00000000,
0x00000000,
0x00000000,
0x00000000,
0x00000000,
0x00000000,
0x00000000,
0x00000000,
0x00000000,
0x00000000,
0x00000000,
0x00000000,
0x00000000,
0x00000000,
0x00000000,
0x00000000,
0x00000000,
0x00000000,
0x00000000,
0x00000000,
0x00000000,
0x00000000,
0x00000000,
0x00000000,
0x00000000,
0x00000000,
0x00000000,
0x00000000,
0x00000000,
0x00000000,
0x00000000,
0x00000000,
0x00000000,
0x00000000,
0x00000000,
0x00000000,
0x00000000,
0x00000000,
0x00000000,
0x00000000,
0x00000000,
0x00000000,
0x00000000,
0x00000000,
0x00000000,
0x00000000,
0x00000000,
0x00000000,
0x00000000,
0x00000000,
0x00000000,
0x00000000,
0x00000000,
0x00000000,
0x00000000,
0x00000000,
0x00000000,
0x00000000,
0x00000000,
0x00000000,
0x00000000,
0x00000000,
0x00000000,
0x00000000,
0x00000000,
0x00000000,
0x00000000,
0x00000000,
0x00000000,
0x00000000,
0x00000000,
0x00000000,
0x00000000,
0x00000000,
0x00000000,
0x00000000,
0x00000000,
0x00000000,
0x00000000,
0x00000000,
0x00000000,
0x00000000,
0x00000000,
0x00000000,
0x00000000,
0x00000000,
0x00000000,
0x00000000,
0x00000000,
0x00000000,
0x00000000,
0x00000000,
0x00000000,
0x00000000,
0x00000000,
0x00000000,
0x00000000,
0x00000000,
0x00000000,
0x00000000,
0x00000000,
0x00000000,
0x00000000,
0x00000000,
0x00000000,
0x00000000,
0x00000000,
0x00000000,
0x00000000,
0x00000000,
0x00000000,
0x00000000,
0x00000000,
0x00000000,
0x00000000,
0x00000000,
0x00000000,
0x00000000,
0x00000000,
0x00000000,
0x00000000,
0x00000000,
0x00000000,
0x00000000,
0x00000000,
0x00000000,
0x00000000,
0x00000000,
0x00000000,
0x00000000,
0x00000000,
0x00000000,
0x00000000,
0x00000000,
0x00000000,
0x00000000,
0x00000000,
0x00000000,
0x00000000,
0x00000000,
0x00000000,
0x00000000,
0x00000000,
0x00000000,
0x00000000,
0x00000000,
0x00000000,
0x00000000,
0x00000000,
0x00000000,
0x00000000,
0x00000000,
0x00000000,
0x00000000,
0x00000000,
0x00000000,
0x00000000,
0x00000000,
0x00000000,
0x00000000,
0x00000000,
0x00000000,
0x00000000,
0x00000000,
0x00000000,
0x00000000,
0x00000000,
0x00000000,
0x00000000,
0x00000000,
0x00000000,
0x00000000,
0x00000000,
0x00000000,
0x00000000,
0x00000000,
0x00000000,
0x00000000,
0x00000000,
0x00000000,
0x00000000,
0x00000000,
0x00000000,
0x00000000,
0x00000000,
0x00000000,
0x00000000,
0x00000000,
0x00000000,
0x00000000,
0x00000000,
0x00000000,
0x00000000,
0x00000000,
0x00000000,
0x00000000,
0x00000000,
0x00000000,
0x00000000,
0x00000000,
0x00000000,
0x00000000,
0x00000000,
0x00000000,
0x00000000,
0x00000000,
0x00000000,
0x00000000,
0x00000000,
0x00000000,
0x00000000,
0x00000000,
0x00000000,
0x00000000,
0x00000000,
0x00000000,
0x00000000,
0x00000000,
0x00000000,
0x00000000,
0x00000000,
0x00000000,
0x00000000,
0x00000000,
0x00000000,
0x00000000,
0x00000000,
0x00000000,
0x00000000,
0x00000000,
0x00000000,
0x00000000,
0x00000000,
0x00000000,
0x00000000,
0x00000000,
0x00000000,
0x00000000,
0x00000000,
0x00000000,
0x00000000,
0x00000000,
0x00000000,
0x00000000,
0x00000000,
0x00000000,
0x00000000,
0x00000000,
0x00000000,
0x00000000,
0x00000000,
0x00000000,
0x00000000,
0x00000000,
0x00000000,
0x00000000,
0x00000000,
0x00000000,
0x00000000,
0x00000000,
0x00000000,
0x00000000,
0x00000000,
0x00000000,
0x00000000,
0x00000000,
0x00000000,
0x00000000,
0x00000000,
0x00000000,
0x00000000,
0x00000000,
0x00000000,
0x00000000,
0x00000000,
0x00000000,
0x00000000,
0x00000000,
0x00000000,
0x00000000,
0x00000000,
0x00000000,
0x00000000,
0x00000000,
0x00000000,
0x00000000,
0x00000000,
0x00000000,
0x00000000,
0x00000000,
0x00000000,
0x00000000,
0x00000000,
0x00000000,
0x00000000,
0x00000000,
0x00000000,
0x00000000,
0x00000000,
0x00000000,
0x00000000,
0x00000000,
0x00000000,
0x00000000,
0x00000000,
0x00000000,
0x00000000,
0x00000000,
0x00000000,
0x00000000,
0x00000000,
0x00000000,
0x00000000,
0x00000000,
0x00000000,
0x00000000,
0x00000000,
0x00000000,
0x00000000,
0x00000000,
0x00000000,
0x00000000,
0x00000000,
0x00000000,
0x00000000,
0x00000000,
0x00000000,
0x00000000,
0x00000000,
0x00000000,
0x00000000,
0x00000000,
0x00000000,
0x00000000,
0x00000000,
0x00000000,
0x00000000,
0x00000000,
0x00000000,
0x00000000,
0x00000000,
0x00000000,
0x00000000,
0x00000000,
0x00000000,
0x00000000,
0x00000000,
0x00000000,
0x00000000,
0x00000000,
0x00000000,
0x00000000,
0x00000000,
0x00000000,
0x00000000,
0x00000000,
0x00000000,
0x00000000,
0x00000000,
0x00000000,
0x00000000,
0x00000000,
0x00000000,
0x00000000,
0x00000000,
0x00000000,
0x00000000,
0x00000000,
0x00000000,
0x00000000,
0x00000000,
0x00000000,
0x00000000,
0x00000000,
0x00000000,
0x00000000,
0x00000000,
0x00000000,
0x00000000,
0x00000000,
0x00000000,
0x00000000,
0x00000000,
0x00000000,
0x00000000,
0x00000000,
0x00000000,
0x00000000,
0x00000000,
0x00000000,
0x00000000,
0x00000000,
0x00000000,
0x00000000,
0x00000000,
0x00000000,
0x00000000,
0x00000000,
0x00000000,
0x00000000,
0x00000000,
0x00000000,
0x00000000,
0x00000000,
0x00000000,
0x00000000,
0x00000000,
0x00000000,
0x00000000,
0x00000000,
0x00000000,
0x00000000,
0x00000000,
0x00000000,
0x00000000,
0x00000000,
0x00000000,
0x00000000,
0x00000000,
0x00000000,
0x00000000,
0x00000000,
0x00000000,
0x00000000,
0x00000000,
0x00000000,
0x00000000,
0x00000000,
0x00000000,
0x00000000,
0x00000000,
0x00000000,
0x00000000,
0x00000000,
0x00000000,
0x00000000,
0x00000000,
0x00000000,
0x00000000,
0x00000000,
0x00000000,
0x00000000,
0x00000000,
0x00000000,
0x00000000,
0x00000000,
0x00000000,
0x00000000,
0x00000000,
0x00000000,
0x00000000,
0x00000000,
0x00000000,
0x00000000,
0x00000000,
0x00000000,
0x00000000,
0x00000000,
0x00000000,
0x00000000,
0x00000000,
0x00000000,
0x00000000,
0x00000000,
0x00000000,
0x00000000,
0x00000000,
0x00000000,
0x00000000,
0x00000000,
0x00000000,
0x00000000,
0x00000000,
0x00000000,
0x00000000,
0x00000000,
0x00000000,
0x00000000,
0x00000000,
0x00000000,
0x00000000,
0x00000000,
0x00000000,
0x00000000,
0x00000000,
0x00000000,
0x00000000,
0x00000000,
0x00000000,
0x00000000,
0x00000000,
0x00000000,
0x00000000,
0x00000000,
0x00000000,
0x00000000,
0x00000000,
0x00000000,
0x00000000,
0x00000000,
0x00000000,
0x00000000,
0x00000000,
0x00000000,
0x00000000,
0x00000000,
0x00000000,
0x00000000,
0x00000000,
0x00000000,
0x00000000,
0x00000000,
0x00000000,
0x00000000,
0x00000000,
0x00000000,
0x00000000,
0x00000000,
0x00000000,
0x00000000,
0x00000000,
0x00000000,
0x00000000,
0x00000000,
0x00000000,
0x00000000,
0x00000000,
0x00000000,
0x00000000,
0x00000000,
0x00000000,
0x00000000,
0x00000000,
0x00000000,
0x00000000,
0x00000000,
0x00000000,
0x00000000,
0x00000000,
0x00000000,
0x00000000,
0x00000000,
0x00000000,
0x00000000,
0x00000000,
0x00000000,
0x00000000,
0x00000000,
0x00000000,
0x00000000,
0x00000000,
0x00000000,
0x00000000,
0x00000000,
0x00000000,
0x00000000,
0x00000000,
0x00000000,
0x00000000,
0x00000000,
0x00000000,
0x00000000,
0x00000000,
0x00000000,
0x00000000,
0x00000000,
0x00000000,
0x00000000,
0x00000000,
0x00000000,
0x00000000,
0x00000000,
0x00000000,
0x00000000,
0x00000000,
0x00000000,
0x00000000,
0x00000000,
0x00000000,
0x00000000,
0x00000000,
0x00000000,
0x00000000,
0x00000000,
0x00000000,
0x00000000,
0x00000000,
0x00000000,
0x00000000,
0x00000000,
0x00000000,
0x00000000,
0x00000000,
0x00000000,
0x00000000,
0x00000000,
0x00000000,
0x00000000,
0x00000000,
0x00000000,
0x00000000,
0x00000000,
0x00000000,
0x00000000,
0x00000000,
0x00000000,
0x00000000,
0x00000000,
0x00000000,
0x00000000,
0x00000000,
0x00000000,
0x00000000,
0x00000000,
0x00000000,
0x00000000,
0x00000000,
0x00000000,
0x00000000,
};



unsigned int ddr_scan_phy[] = {
0xf0d40028,
0xf0d40000,
0x00005960,
0xe0800500,
0xf0d40070,
0x0000ec18,
0x00009860,
0x00009a5c,
0x00000000,
0x00015000,
0xea000282,
0xffffffff,
0x2713aa55,
0xf0000004,
0x13040005,
0xf0208000,
0xf12300b0,
0x00000028,
0xf1020010,
0x00000002,
0xf12300b0,
0x00000034,
0xf02300b0,
0x01100003,
0xf1110000,
0x0000003e,
0x00000000,
0x00000000,
0x48210000,
0x34024da0,
0x000017e3,
0x00020000,
0x00000000,
0x00000000,
0x40000000,
0xffffffff,
0xffffffff,
0xffffffff,
0xffffffff,
0xffffffff,
0xffffffff,
0xffffffff,
0xffffffff,
0xffffffff,
0xffffffff,
0xffffffff,
0xffffffff,
0xffffffff,
0xffffffff,
0xffffffff,
0xffffffff,
0xffffffff,
0xffffffff,
0xffffffff,
0xffffffff,
0xffffffff,
0xffffffff,
0xffffffff,
0xffffffff,
0xffffffff,
0xffffffff,
0xffffffff,
0xffffffff,
0xffffffff,
0xffffffff,
0xffffffff,
0xffffffff,
0xffffffff,
0xffffffff,
0xffffffff,
0xffffffff,
0xffffffff,
0xffffffff,
0xffffffff,
0xffffffff,
0xffffffff,
0xffffffff,
0xffffffff,
0xffffffff,
0xffffffff,
0xffffffff,
0xffffffff,
0xffffffff,
0xffffffff,
0xffffffff,
0xffffffff,
0xffffffff,
0xffffffff,
0xffffffff,
0xffffffff,
0xffffffff,
0xffffffff,
0xffffffff,
0xffffffff,
0xffffffff,
0xffffffff,
0xffffffff,
0xffffffff,
0xffffffff,
0xffffffff,
0xffffffff,
0xffffffff,
0xffffffff,
0xffffffff,
0xffffffff,
0xffffffff,
0xffffffff,
0xffffffff,
0xffffffff,
0xffffffff,
0xffffffff,
0xffffffff,
0xffffffff,
0xffffffff,
0xffffffff,
0xffffffff,
0xffffffff,
0xffffffff,
0xffffffff,
0xffffffff,
0xffffffff,
0xffffffff,
0xffffffff,
0xffffffff,
0xffffffff,
0xffffffff,
0xffffffff,
0xffffffff,
0xffffffff,
0xffffffff,
0xffffffff,
0xffffffff,
0xffffffff,
0xffffffff,
0xffffffff,
0xffffffff,
0xffffffff,
0xffffffff,
0xffffffff,
0xffffffff,
0xffffffff,
0xffffffff,
0xffffffff,
0xffffffff,
0xffffffff,
0xffffffff,
0xffffffff,
0xffffffff,
0xffffffff,
0xffffffff,
0xffffffff,
0xffffffff,
0xffffffff,
0xffffffff,
0xffffffff,
0xffffffff,
0xffffffff,
0xffffffff,
0xffffffff,
0xffffffff,
0xffffffff,
0xffffffff,
0xffffffff,
0xffffffff,
0xffffffff,
0xffffffff,
0xffffffff,
0xffffffff,
0xffffffff,
0xffffffff,
0xffffffff,
0xffffffff,
0xffffffff,
0xffffffff,
0xffffffff,
0xffffffff,
0xffffffff,
0xffffffff,
0xffffffff,
0xffffffff,
0xffffffff,
0xffffffff,
0xffffffff,
0xffffffff,
0xffffffff,
0xffffffff,
0xffffffff,
0xffffffff,
0xffffffff,
0xffffffff,
0xffffffff,
0xffffffff,
0x10231219,
0x00378aaa,
0x4d44ef10,
0x0b34e6c6,
0x4552a674,
0x013347ce,
0xd0000000,
0x00000702,
0x0a0f0e16,
0x03f80000,
0x00000144,
0x00000438,
0x00040000,
0x0000f000,
0x011000f0,
0x00000001,
0x000b0003,
0x020000f0,
0x02000100,
0x000a0007,
0x00ea0007,
0x0004144f,
0x00000b50,
0x00000001,
0x00000220,
0x00000000,
0x00000800,
0x00001400,
0x00000ccc,
0x289d01d3,
0x00000004,
0x3e142b13,
0x13130e16,
0x09280e09,
0x0001070a,
0x00000003,
0x00000000,
0x00000800,
0x00000000,
0x00001010,
0x1c000008,
0x1c1c1c1c,
0x041c1c1c,
0x04424624,
0x0000004b,
0x0900b000,
0x09290909,
0x09099090,
0x02b99090,
0x22024002,
0x0855ff20,
0x43000fcc,
0x38380fcc,
0x55553c30,
0x55073333,
0x2080dddd,
0x00a80000,
0x0b500790,
0x02200001,
0x08000000,
0x0ccc1400,
0x85060601,
0x0e0e0307,
0x76051514,
0x4f010105,
0x0f7002cc,
0xb00b00b0,
0xf0b0b0bb,
0x00000000,
0x00000000,
0x00000000,
0x00000000,
0x00000000,
0x00000000,
0x00000000,
0x00000000,
0x00000000,
0x00000000,
0x00000000,
0x00000000,
0x00000000,
0x00000000,
0x00000000,
0x00000000,
0x00000000,
0x00000000,
0xffffffff,
0x00000000,
0xffffffff,
0xffffffff,
0xffffffff,
0xffffffff,
0xffffffff,
0xffffffff,
0xffffffff,
0xffffffff,
0xffffffff,
0xffffffff,
0xffffffff,
0xffffffff,
0xffffffff,
0xffffffff,
0xffffffff,
0xffffffff,
0xffffffff,
0xffffffff,
0xffffffff,
0xffffffff,
0xffffffff,
0xffffffff,
0xffffffff,
0xffffffff,
0xffffffff,
0xffffffff,
0xffffffff,
0xffffffff,
0xffffffff,
0xffffffff,
0xffffffff,
0xffffffff,
0xffffffff,
0xffffffff,
0xffffffff,
0xffffffff,
0xffffffff,
0xffffffff,
0xffffffff,
0xffffffff,
0xffffffff,
0xffffffff,
0xffffffff,
0xffffffff,
0xffffffff,
0xffffffff,
0xffffffff,
0xffffffff,
0xffffffff,
0xffffffff,
0xffffffff,
0xffffffff,
0xffffffff,
0xffffffff,
0xffffffff,
0xffffffff,
0xffffffff,
0xffffffff,
0xffffffff,
0xffffffff,
0xffffffff,
0xffffffff,
0xffffffff,
0xffffffff,
0xffffffff,
0xffffffff,
0xffffffff,
0xffffffff,
0xffffffff,
0xffffffff,
0xffffffff,
0xffffffff,
0xffffffff,
0xffffffff,
0xffffffff,
0xffffffff,
0xffffffff,
0xffffffff,
0xffffffff,
0xffffffff,
0xffffffff,
0xffffffff,
0xffffffff,
0xffffffff,
0xffffffff,
0xffffffff,
0xffffffff,
0xffffffff,
0xffffffff,
0xffffffff,
0xffffffff,
0xffffffff,
0xffffffff,
0xffffffff,
0xffffffff,
0xffffffff,
0xffffffff,
0xffffffff,
0xffffffff,
0xffffffff,
0xffffffff,
0xffffffff,
0xffffffff,
0xffffffff,
0xffffffff,
0xffffffff,
0xffffffff,
0xffffffff,
0xffffffff,
0xffffffff,
0xffffffff,
0xffffffff,
0xffffffff,
0xffffffff,
0xffffffff,
0xffffffff,
0xffffffff,
0xffffffff,
0xffffffff,
0xffffffff,
0xffffffff,
0xffffffff,
0xffffffff,
0xffffffff,
0xffffffff,
0xffffffff,
0xffffffff,
0xffffffff,
0xffffffff,
0xffffffff,
0xffffffff,
0xffffffff,
0xffffffff,
0xffffffff,
0xffffffff,
0xffffffff,
0xffffffff,
0xffffffff,
0xffffffff,
0xffffffff,
0xffffffff,
0xffffffff,
0xffffffff,
0xffffffff,
0xffffffff,
0xffffffff,
0xffffffff,
0xffffffff,
0xffffffff,
0xffffffff,
0xffffffff,
0xffffffff,
0xffffffff,
0xffffffff,
0xffffffff,
0xffffffff,
0xffffffff,
0xffffffff,
0xffffffff,
0xffffffff,
0xffffffff,
0xffffffff,
0xffffffff,
0xffffffff,
0xffffffff,
0xffffffff,
0xffffffff,
0xffffffff,
0xffffffff,
0xffffffff,
0xffffffff,
0xffffffff,
0xffffffff,
0xffffffff,
0xffffffff,
0xffffffff,
0xffffffff,
0xffffffff,
0xffffffff,
0xffffffff,
0xffffffff,
0xffffffff,
0xffffffff,
0xffffffff,
0xffffffff,
0xffffffff,
0xffffffff,
0xffffffff,
0xffffffff,
0xffffffff,
0xffffffff,
0xffffffff,
0xffffffff,
0xffffffff,
0xffffffff,
0xffffffff,
0xffffffff,
0xffffffff,
0xffffffff,
0xffffffff,
0xffffffff,
0xffffffff,
0xffffffff,
0xffffffff,
0xffffffff,
0xffffffff,
0xffffffff,
0xffffffff,
0xffffffff,
0xffffffff,
0xffffffff,
0xffffffff,
0xffffffff,
0xffffffff,
0xffffffff,
0xffffffff,
0xffffffff,
0xffffffff,
0xffffffff,
0xffffffff,
0xffffffff,
0xffffffff,
0xffffffff,
0xffffffff,
0xffffffff,
0xffffffff,
0xffffffff,
0xffffffff,
0xffffffff,
0xffffffff,
0xffffffff,
0xffffffff,
0xe59f1004,
0xe5911000,
0xe1a0f001,
0xf0210104,
0xf1020016,
0xee111f11,
0xf57ff06f,
0xe3810001,
0xee010f11,
0xf57ff06f,
0xe3a00000,
0xec400f4e,
0xf57ff06f,
0xee011f11,
0xf57ff06f,
0xf1020013,
0xe59f0130,
0xe3a01024,
0xe5801000,
0xe59f1128,
0xe5910000,
0xe3500000,
0x0a000021,
0xe59f0114,
0xe3a01036,
0xe5801000,
0xe3a01034,
0xe5801000,
0xe3a01077,
0xe5801000,
0xe3a01066,
0xe5801000,
0xe3a01069,
0xe5801000,
0xe59f10ec,
0xe5910000,
0xe3500001,
0x0afffffb,
0xe59f00d8,
0xe3a01077,
0xe5801000,
0xe3a01061,
0xe5801000,
0xe3a01072,
0xe5801000,
0xe3a0106d,
0xe5801000,
0xe3a01072,
0xe5801000,
0xe3a01073,
0xe5801000,
0xe3a01074,
0xe5801000,
0xe3a02003,
0xee0c2f50,
0xf57ff06f,
0xe320f003,
0xe59f0094,
0xe5901000,
0xe3811001,
0xe5801000,
0xe59f0088,
0xe3a010f0,
0xe5801000,
0xe320f003,
0xe10f0000,
0xe38000c0,
0xe129f000,
0xe59f0070,
0xe3a01001,
0xe5801000,
0xe59f005c,
0xe5901000,
0xe3c11001,
0xe5801000,
0xe59f4058,
0xee0e4f10,
0xe59f0054,
0xe5901000,
0xe3811001,
0xe5801000,
0xee114f10,
0xe3c44005,
0xe3c44a01,
0xee014f10,
0xec554f1f,
0xe3c44040,
0xec454f1f,
0xe3844040,
0xec454f1f,
0xe59f1024,
0xe5910000,
0xe1a0f000,
0xe320f000,
0xf0110000,
0xf0210108,
0xfff02000,
0xfff02004,
0xfff01280,
0x00b71b00,
0xffe60000,
0xf0210104,
0xffffffff,
0xffffffff,
0xffffffff,
0xffffffff,
0xffffffff,
0xffffffff,
0xffffffff,
0xffffffff,
0xffffffff,
0xffffffff,
0xffffffff,
0xffffffff,
0xffffffff,
0xffffffff,
0xffffffff,
0xffffffff,
0xffffffff,
0xffffffff,
0xffffffff,
0xffffffff,
0xffffffff,
0xffffffff,
0xffffffff,
0xffffffff,
0xffffffff,
0xffffffff,
0xea0000f0,
0xe59ff014,
0xe59ff014,
0xe59ff014,
0xe59ff014,
0xe320f000,
0xe59ff010,
0xe59ff010,
0xf0d40e0c,
0xf0d40e50,
0xf0d40e94,
0xf0d40ed8,
0xf0d40f1c,
0xf0d40f20,
0xf1080100,
0xf10c00c0,
0xf1020013,
0xee110f10,
0xe3c00a01,
0xe3c00b02,
0xe3c00004,
0xe3c00002,
0xe3c00001,
0xee010f10,
0xe59f04d4,
0xee0c0f10,
0xe59f04d0,
0xe3a01901,
0xe0811000,
0xe3a02000,
0xe4802004,
0xe1500001,
0x3afffffc,
0xe59fd4b8,
0xee110f10,
0xe3800a01,
0xee070f15,
0xee010f10,
0xe59f04a8,
0xe5901074,
0xe3a02001,
0xe1811902,
0xe5801074,
0xe59f0498,
0xe5901030,
0xe1811802,
0xe5801030,
0xe3a02003,
0xe5802100,
0xe3a01000,
0xee081f13,
0xee081f17,
0xee071fd5,
0xee081f16,
0xee081f15,
0xee071f15,
0xf57ff04f,
0xf57ff06f,
0xee300f10,
0xe2006007,
0xe2866004,
0xe7e931d0,
0xe16f5f13,
0xe2833001,
0xe1a04003,
0xe59f2444,
0xe5823000,
0xe59f3440,
0xe00306a0,
0xe59f243c,
0xe2801001,
0xe5821000,
0xe3a01000,
0xe3a03000,
0xe1a02511,
0xe1822613,
0xee072f56,
0xe2833001,
0xe1500003,
0xaafffff9,
0xe2811001,
0xe1510004,
0x1afffff5,
0xe3a00001,
0xee400f10,
0xee300f10,
0xe7e931d0,
0xe2833001,
0xe59f23f4,
0xe5823000,
0xe59f33e4,
0xe00306a0,
0xe59f23e8,
0xe2801001,
0xe5821000,
0xe3a00002,
0xee400f10,
0xee300f10,
0xe2006007,
0xe2866004,
0xe7e931d0,
0xe16f5f13,
0xe2833001,
0xe1a04003,
0xe59f23bc,
0xe5823000,
0xe59f33a4,
0xe00306a0,
0xe59f23b0,
0xe2801001,
0xe5821000,
0xe3a01000,
0xe3a03000,
0xe1a02511,
0xe2822002,
0xe1822613,
0xee072f56,
0xe2833001,
0xe1500003,
0xaafffff8,
0xe2811001,
0xe1510004,
0x1afffff4,
0xe59f034c,
0xe59f9374,
0xe5991094,
0xe2511001,
0xe59f236c,
0xe0823a01,
0xe7803101,
0xe2511001,
0x5afffffb,
0xe59f0328,
0xe3800b0f,
0xe3a010ff,
0xe59f2350,
0xe0823a01,
0xe7803101,
0xe2511001,
0x5afffffb,
0xe59f0308,
0xe59f133c,
0xe1800001,
0xe59f2338,
0xe5802000,
0xe59f02f4,
0xe3a01df1,
0xe1800001,
0xe59f2328,
0xe5802000,
0xe3a00000,
0xee020f50,
0xe59f02d8,
0xe3a01008,
0xe3811040,
0xe1800001,
0xee020f10,
0xe3e00000,
0xee030f10,
0xf57ff04f,
0xf57ff06f,
0xee110f10,
0xe3800001,
0xee010f10,
0xf57ff04f,
0xf57ff06f,
0xee110f10,
0xe3800a01,
0xe3800004,
0xee010f10,
0xf57ff04f,
0xf57ff06f,
0xee110f30,
0xe3800040,
0xee010f30,
0xe59f0284,
0xe590107c,
0xe3811a01,
0xe580107c,
0xe590109c,
0xe3c11008,
0xe580109c,
0xe3811008,
0xe580109c,
0xe59f029c,
0xe59f1260,
0xe5912108,
0xe5802024,
0xe3a02007,
0xe5802008,
0xfa000bb0,
0xe59f0284,
0xe5902038,
0xe7ef1052,
0xe3510000,
0x0a000023,
0xe7e037d1,
0xe3a04045,
0xe3530001,
0x1a000012,
0xe7e03751,
0xe3530001,
0x1a000005,
0xe3a04055,
0xe2800001,
0xe3500002,
0x0a00000b,
0xe1a02822,
0xeaffffef,
0xe7e45052,
0xe7e462d2,
0xe2854030,
0xe3550001,
0x0a000000,
0xea000003,
0xe0253006,
0xe223301f,
0xe3530000,
0x0a00000c,
0xe59f0218,
0xe3a01039,
0xe5801000,
0xe3a01038,
0xe5801000,
0xe3a01035,
0xe5801000,
0xe3a01033,
0xe5801000,
0xe3a01030,
0xe5801000,
0xe5804000,
0xeafffffe,
0xfa000b58,
0xe59f01e4,
0xe59f11e4,
0xe3a02000,
0xe4802004,
0xe1500001,
0x3afffffc,
0xfa00120d,
0xe1a0f000,
0xe320f000,
0xe59f01bc,
0xe3a01052,
0xe5801000,
0xe3a01053,
0xe5801000,
0xe3a01054,
0xe5801000,
0xe590101c,
0xe201100f,
0xe2811030,
0xe5801000,
0xe590101c,
0xe1a01221,
0xe201100f,
0xe2811030,
0xe5801000,
0xeafffffe,
0xe59f0178,
0xe3a01055,
0xe5801000,
0xe3a01044,
0xe5801000,
0xe3a01046,
0xe5801000,
0xe590101c,
0xe201100f,
0xe2811030,
0xe5801000,
0xe590101c,
0xe1a01221,
0xe201100f,
0xe2811030,
0xe5801000,
0xeaffffed,
0xe59f0134,
0xe3a01053,
0xe5801000,
0xe3a01057,
0xe5801000,
0xe3a01049,
0xe5801000,
0xe590101c,
0xe201100f,
0xe2811030,
0xe5801000,
0xe590101c,
0xe1a01221,
0xe201100f,
0xe2811030,
0xe5801000,
0xeaffffdc,
0xe59f00f0,
0xe3a01050,
0xe5801000,
0xe3a01041,
0xe5801000,
0xe3a01042,
0xe5801000,
0xe590101c,
0xe201100f,
0xe2811030,
0xe5801000,
0xe590101c,
0xe1a01221,
0xe201100f,
0xe2811030,
0xe5801000,
0xeaffffcb,
0xe59f00ac,
0xe3a01041,
0xe5801000,
0xe3a01042,
0xe5801000,
0xe3a01054,
0xe5801000,
0xe590101c,
0xe201100f,
0xe2811030,
0xe5801000,
0xe590101c,
0xe1a01221,
0xe201100f,
0xe2811030,
0xe5801000,
0xeaffffba,
0xeafffffe,
0xeafffffe,
0x00000100,
0x00000010,
0x00000100,
0x00000010,
0x00000100,
0x00000010,
0xf0d40000,
0xf0d58000,
0xf0d5affc,
0xf0020000,
0xf0100000,
0xf0d40f30,
0x00007fff,
0xf0d40f2c,
0xf0d40f38,
0xf0d40f34,
0xf0d40f28,
0xf0d40f24,
0xf0d40300,
0x00015de6,
0xf0000de6,
0x00003c34,
0xf0d15de6,
0xf1015de6,
0xf0101000,
0xf0160000,
0xf0110000,
0x010001fc,
0x01008400,
0x00000001,
0x00000000,
0x00000000,
0x00000000,
0x00000000,
0x00000000,
0x4b144a13,
0x2800b580,
0x4613bf18,
0x0208f043,
0x6811af00,
0xd50c0109,
0xf3c06810,
0xb1a87000,
0x0320f043,
0x681b2002,
0x7f00f013,
0x2001bf08,
0x6812bd80,
0xd50800d2,
0x0320f043,
0x681b2005,
0x7f00f013,
0x2004bf08,
0x2003bd80,
0xbf00bd80,
0xf0210000,
0xf0180000,
0x47f0e92d,
0x4b314688,
0xaf004c31,
0x28004606,
0x461cbf18,
0xfb41f2c1,
0x79a6f444,
0x23002208,
0x46484611,
0xfcbef2c1,
0x0f04f1b8,
0x2300d106,
0x210f220c,
0x7061f444,
0xfcb4f2c1,
0x0a06f04f,
0xf444200a,
0xf8c475f8,
0xf004a000,
0x220dfb47,
0x46112300,
0xf2c14628,
0xf44ffca5,
0xf0047096,
0x2307fb3d,
0x60232064,
0xfb38f004,
0x2301220d,
0x46284611,
0xfc96f2c1,
0x7016f44f,
0xfb2ef004,
0xf8c42064,
0xf004a000,
0x230efb29,
0x60232064,
0xfb24f004,
0x23012208,
0x46484611,
0xfc82f2c1,
0x0f04f1b8,
0x230fd110,
0x4619220c,
0x7061f444,
0xfc78f2c1,
0x218ef240,
0x4630227f,
0xfbc6f2c1,
0x46304601,
0xf94cf2bf,
0x87f0e8bd,
0xf0210000,
0xf0180000,
0x2109b5f8,
0xaf002000,
0xf2c14d31,
0x1e42fba4,
0x2109b2d2,
0xf2c12000,
0x210afba6,
0xf2c12000,
0x1e42fb9a,
0x210ab2d2,
0xf2c12000,
0x2000fb9c,
0xfad1f2c1,
0x4b284827,
0x721ff641,
0x6801682e,
0x681b4032,
0x4c80f013,
0x731ff641,
0x0301ea03,
0xf46fd010,
0x44737e80,
0xf46f404b,
0x44627c80,
0x741ff641,
0x40234072,
0x40594022,
0x602a4072,
0xe0216001,
0xe068f8df,
0x1201f2a2,
0xf8de4072,
0x2c014000,
0x741ff641,
0x0204ea02,
0x0206ea82,
0xd116602a,
0x7380f5a3,
0x401c404b,
0x490f404c,
0x0201ea04,
0x7280f102,
0x3280f502,
0x40114062,
0x60014061,
0xc000f8ce,
0xf2c12000,
0x2000fa84,
0xf46fbdf8,
0x44137280,
0x401c404b,
0xe7cf4061,
0xf0180648,
0xf0180148,
0xf0180008,
0x1f1f0000,
0xf0d40f9c,
0x2109b5f8,
0xaf002000,
0xf2c14e4e,
0x1c42fb32,
0x2109b2d2,
0xf2c12000,
0x210afb34,
0xf2c12000,
0x1c42fb28,
0x210ab2d2,
0xf2c12000,
0x2000fb2a,
0xfa5ff2c1,
0xc128f8df,
0xf8dc4b43,
0x68345000,
0xf013681b,
0xf0054f80,
0xd02c031f,
0xd00d2b1f,
0x53f8f405,
0x5ff8f5b3,
0xf404d008,
0xf5b353f8,
0xd0035ff8,
0x031ff004,
0xd10a2b1f,
0xf2c14837,
0x4837fcd9,
0x46294622,
0xfcd4f2c1,
0x30fff04f,
0xf641bdf8,
0xea05731f,
0xf2010103,
0xea041101,
0x40690203,
0x1201f202,
0x40624019,
0xf8cc4069,
0x401a1000,
0x2b1fe03c,
0xf405d00d,
0xf5b353f8,
0xd0085ff8,
0x53f8f404,
0x5ff8f5b3,
0xf004d003,
0x2b1f031f,
0x4821d106,
0xfcacf2c1,
0x46294622,
0xe7d14820,
0x721ff641,
0x46102b19,
0xea004613,
0xea030005,
0xd1220304,
0xf200491b,
0xf5031001,
0xf04f7380,
0x40630e01,
0xe000f8c1,
0x0105ea80,
0x0002ea01,
0x4062401a,
0x40684c14,
0x0000f8cc,
0x0104ea02,
0x417ef101,
0x017ff501,
0x400c4051,
0x20004054,
0xf2c16034,
0x2000f9dc,
0xf200bdf8,
0xf2031001,
0x40681301,
0x40104063,
0xf8cc4068,
0xe7ae0000,
0xf0180148,
0xf0180008,
0xf0d44a38,
0xf0d44a68,
0xf0d44a88,
0xf0d40f9c,
0x1f1f0000,
0xf0180648,
0xb5b04b25,
0x685baf00,
0x2000b143,
0xfe3ef7ff,
0xd1352805,
0x20002103,
0xfe64f7ff,
0x20004c1f,
0xf9b5f2c1,
0x68206825,
0x7500f3c5,
0x60c0f3c0,
0x4b1bb960,
0x4126f240,
0xf003681b,
0x2b0a030f,
0x2207bf08,
0x2206bf18,
0xfa69f2c1,
0x2204462b,
0x2000210c,
0xff57f2c2,
0x20004605,
0xf99ff2c1,
0xf3c26822,
0xb92262c0,
0x4126f240,
0xf2c14610,
0x2000fa56,
0xf983f2c1,
0xf085fab5,
0xbdb00940,
0xf7ff2000,
0x2804fe03,
0x2000d0c4,
0xfdfef7ff,
0xd0bf2803,
0xe7be2104,
0xf0d40f9c,
0xf0180008,
0xf0180384,
0x2401b598,
0xf202fa04,
0x408b3a01,
0xb2dbaf00,
0xb281408a,
0x2000b2d2,
0xfa42f2c1,
0xb598bd98,
0xfa032301,
0x3a01f202,
0xaf00460c,
0xb281408a,
0x2000b2d2,
0xfa2af2c1,
0xbd9840e0,
0x4ff0e92d,
0xb0a14811,
0xf2c1af0a,
0x4b10fbe9,
0x605a2201,
0x469b2300,
0x200064bb,
0xfdc6f7ff,
0xd1192801,
0x0f01f1bb,
0x4c09d925,
0x60632300,
0x33016cbb,
0x8294f040,
0xf2c14806,
0x6cbbfbd1,
0x375c60a3,
0xe8bd46bd,
0xbf008ff0,
0xf0d44aa8,
0xf0d40f9c,
0xf0d44bb8,
0xf7ff2000,
0x2804fda7,
0x2000d0e0,
0xfda2f7ff,
0xf0402802,
0x230281ea,
0xbf38459b,
0x4abb469b,
0x138bea4f,
0x0803eb02,
0x643b58d3,
0x3004f8d8,
0xf8d8657b,
0x6d793008,
0x6c38461a,
0xf7ff63fb,
0xf8d8ffa4,
0xf8d86024,
0xf8d8a020,
0x46313028,
0x465063b8,
0x653b461a,
0xff97f7ff,
0x5034f8d8,
0x3030f8d8,
0x9038f8d8,
0x63384629,
0x464a4618,
0xf7ff64fb,
0xf8d8ff8a,
0xf8d84014,
0xf8d83010,
0x46218018,
0xeb04647b,
0x62f80208,
0x6c781e53,
0x637b4642,
0xff79f7ff,
0x90086d3b,
0x18f24651,
0x93066b7b,
0x6c7b3a01,
0x6afb9305,
0xeb059304,
0x3b010309,
0x6cfb9302,
0x6b3b9301,
0x95039407,
0x46339300,
0xf2c14892,
0x6d3afb5f,
0x46504631,
0xff5bf7ff,
0x60f84629,
0x6cf8464a,
0xff55f7ff,
0x6d7b6bfa,
0x61b84659,
0x6b7a4413,
0x3b019203,
0x92026c7a,
0x92016bba,
0x94046d7a,
0x92002400,
0x6c3a4884,
0xfb40f2c1,
0xf2c14883,
0x2301fb3d,
0xf808fa03,
0xf1084d81,
0xea0838ff,
0x46280104,
0xf2c13410,
0x2ca0fb31,
0x487dd1f7,
0xfb2cf2c1,
0x005b6bbb,
0x2300653b,
0x4b74623b,
0x1a8beb03,
0x0318f10a,
0xf8da60bb,
0x607b3018,
0xf8da687a,
0xf8da1014,
0xf7ff0010,
0xf8daff18,
0x6a3a5028,
0x302cf8da,
0x6024f8da,
0x22014413,
0x657840aa,
0xf8da3a01,
0x40130020,
0x462a4631,
0x61fb4680,
0xfef4f7ff,
0x4034f8da,
0x2038f8da,
0x0030f8da,
0x69fb4621,
0x64f84691,
0xfee8f7ff,
0x4631462a,
0xf7ff4640,
0x6cfbfef2,
0x940219aa,
0x9003444c,
0x93003c01,
0x46339401,
0x3a014641,
0x25004859,
0xfae2f2c1,
0x462c68bb,
0x64fd46a8,
0x627d681b,
0x637d62bd,
0x647b643d,
0x22016c3b,
0x633b011b,
0xfa026c7b,
0x6b3af303,
0x62fb3b01,
0x0602ea03,
0x3010f8da,
0xf8da63fb,
0x63bb3014,
0x6c7a4633,
0x6bf86bb9,
0xfeb2f7ff,
0xf2c12000,
0x69fbf82c,
0x1a9b69ba,
0xbfb82b00,
0x617b425b,
0x1af66d7b,
0xbfb82e00,
0x613e4276,
0xfe4ef7ff,
0xf0402801,
0xf1b88111,
0xd1283fff,
0x2600483b,
0xfaa4f2c1,
0x3b106b3b,
0x6abb62bb,
0xeb066c7a,
0x6afb0903,
0xea096bb9,
0x6bf80903,
0xf7ff464b,
0x2000fe87,
0xf801f2c1,
0xfe30f7ff,
0xf0402801,
0x2e0080c7,
0x80c2f000,
0x0611f1c6,
0x482c4631,
0xf2c14434,
0xf8c7fa83,
0x2301904c,
0x6c3b62bb,
0xf0402b09,
0x6b7b80cd,
0xf0402b00,
0x6abb80c9,
0xf0002b00,
0x6b7e80c5,
0x6c7a6b3b,
0x0903eb06,
0x6bb96afb,
0x0903ea09,
0x464b6bf8,
0xfe58f7ff,
0xf2c02000,
0xf7ffffd2,
0x2801fe01,
0x80a4f000,
0x3e01b106,
0x48164631,
0xfa58f2c1,
0x2e004434,
0x810af000,
0x35fff109,
0x33016c3b,
0x2b0a643b,
0xaf74f47f,
0x6d3b2664,
0x4374480e,
0xf4f3fbb4,
0xf2c14621,
0x6a7bfa43,
0xd0452b00,
0xbf00e014,
0xf0d442b8,
0xf0d44ac2,
0xf0d44af9,
0xf0d44b38,
0xf0d44b52,
0xf0d44b58,
0xf0d44b5e,
0xf0d44b82,
0xf0d44b86,
0xf0d44ba6,
0x6cfa6d7b,
0xf0804293,
0x6d3a80dd,
0x6cfa4413,
0x1a9b4872,
0x6d3b435e,
0xf6f3fbb6,
0xf2c14631,
0x6d7bfa19,
0xf04f42ab,
0xf2400364,
0x6d3a80cd,
0x1a526d79,
0x435d4415,
0x48696d3b,
0xf5f3fbb5,
0xf2c14629,
0x2c1efa07,
0x80c1f240,
0xf2402e0b,
0x2d0b80be,
0xf04f6cbb,
0xbf9832ff,
0x64bb4613,
0xf2c14860,
0x6d7bf9f7,
0x6bb96c7a,
0xf7ff6bf8,
0x2000fde3,
0xff5df2c0,
0x3b046a3b,
0x3354623b,
0xaecaf47f,
0x68fb4c58,
0x148beb04,
0x0b01f10b,
0x0020f104,
0xf7ffc807,
0xf104fdcf,
0x69bb0030,
0xf7ffc807,
0x2000fdc9,
0xff43f2c0,
0x0f04f1bb,
0xadedf47f,
0x2000e5f3,
0xfbb2f7ff,
0xf47f2805,
0xe60eae14,
0xe73d2610,
0xd1042e0f,
0xf2c14847,
0x6b3bf9c1,
0x360164fb,
0xf47f2e10,
0xe738af1a,
0xd1042e0f,
0x464d3410,
0xf2c14841,
0x3601f9b3,
0xf47f2e10,
0xe75baf3d,
0x2b02697b,
0x693bdc0b,
0xdc082b08,
0x3410483b,
0xf9a4f2c1,
0x627b2301,
0x0801f04f,
0x4838e74c,
0xf2c13410,
0xe7f7f99b,
0x0f01f1b8,
0x4835d124,
0xf2c13c10,
0x6b3bf993,
0xf1a32600,
0x6afb0810,
0x0908eb06,
0xea096c7a,
0x6bb90903,
0x6bf8464b,
0xfd76f7ff,
0xf2c02000,
0xf7fffef0,
0x2801fd1f,
0xb106d023,
0x44343e01,
0x35fff109,
0x48264631,
0xf974f2c1,
0x637b2301,
0x2b096c3b,
0x6abbd107,
0x6b7bb92b,
0x6cfb2b01,
0x2300bf08,
0x697b64fb,
0xdc152b02,
0x2b08693b,
0x481cdc12,
0xf95ef2c1,
0x627b2301,
0x38fff04f,
0x2e0fe706,
0x3410d104,
0x4811464d,
0xf952f2c1,
0x2e103601,
0xe7d9d1bf,
0xf2c14813,
0xe7edf94b,
0xe6f5464d,
0xe7226d7b,
0x1aad6d7a,
0xf04fe733,
0xe74433ff,
0xf2c1480d,
0xe56cf93d,
0xf0d44ba4,
0xf0d44bae,
0xf0d44fdd,
0xf0d442b8,
0xf0d44b8c,
0xf0d44b90,
0xf0d44b94,
0xf0d44b98,
0xf0d44b82,
0xf0d44b86,
0xf0d44b9c,
0xf0d44ba0,
0xf0d44bce,
0x4ff0e92d,
0x4b932000,
0xaf04b09d,
0x605a2201,
0xfe7ff2c0,
0xf2c14890,
0x2300f915,
0x647b461c,
0xf7ff2000,
0x2801faf5,
0x80d9f040,
0xf0402c01,
0x2402828f,
0x22032300,
0x488821c3,
0xf902f2c1,
0x01a54b87,
0xf8d6195e,
0x643b3120,
0x3124f8d6,
0xf8d663fb,
0x6bf93128,
0x6c38461a,
0xf7ff63bb,
0xf8d6fcf2,
0x637b3130,
0x3134f8d6,
0xf8d6633b,
0x65b83138,
0x6b39461a,
0x61fb6b78,
0xfce3f7ff,
0x65f82c02,
0x2801d103,
0x4b72d101,
0x4b7460d8,
0xf8d5441d,
0x62fb3100,
0x3104f8d5,
0xf8d5653b,
0x6d393108,
0x6af8461a,
0xf7ff64fb,
0xf8d5fccc,
0x46833110,
0xf8d562bb,
0x627b3114,
0x3118f8d5,
0x6a792500,
0x6ab8461a,
0xf7ff613b,
0x22c0fcbc,
0xf24060f8,
0x20002152,
0xfeecf2c0,
0x48616078,
0xf8b0f2c1,
0x23016cfa,
0x623b4093,
0x4b5c1e5e,
0x1884eb03,
0x429d6a3b,
0x80a1f2c0,
0xf2c1485a,
0x2c01f8a1,
0x80a4f240,
0xf0402c02,
0x230881bd,
0x250164bb,
0x93016a7b,
0x95026abb,
0x23009300,
0x6ab96a7a,
0xf2c14851,
0x6bbbf88d,
0xf303fa05,
0x230060bb,
0x461d657b,
0xeb034b49,
0x617b1384,
0x429d68bb,
0x809ef2c0,
0xeb034b45,
0x465b1584,
0x7080f505,
0xf7ffc807,
0xf505fc67,
0x68fb7088,
0xf7ffc807,
0xf505fc61,
0x6dbb7090,
0xf7ffc807,
0xf505fc5b,
0x6dfb7098,
0xf7ffc807,
0x687bfc55,
0xf24022c0,
0x20002152,
0x03c0f003,
0xfe9cf2c0,
0xf2c14835,
0x2000f857,
0xfdc3f2c0,
0xf7ff2000,
0x2805fa37,
0x81c2f040,
0x20002103,
0xf7ff3401,
0x2c03fa5b,
0xaf34f67f,
0x4c266c7b,
0xf0002b00,
0x482b81c3,
0xf83ef2c1,
0x60a36c7b,
0xf2c02000,
0x2300fd98,
0x60633764,
0xe8bd46bd,
0x20008ff0,
0xfa16f7ff,
0xf43f2804,
0x2000af21,
0xfa10f7ff,
0xd10d2802,
0x2c01b1dc,
0x2c02d019,
0xaf19f43f,
0xf47f2c03,
0x21c1af1d,
0xf2c1481a,
0xe717f81b,
0xf7ff2000,
0x2805f9fd,
0x2c00d0ec,
0x2300d1eb,
0x21c22203,
0xf2c14814,
0x2400f80d,
0x2304e708,
0x21c22207,
0xf2c14811,
0x2401f805,
0xf8d8e700,
0x480f110c,
0x35014429,
0xf2c04031,
0xe751fffb,
0xe75d2304,
0xf0d40f9c,
0xf0d44be4,
0xf0d44bfc,
0xf0d442b8,
0xf0d44c69,
0xf0d44fdd,
0xf0d44c73,
0xf0d44cd3,
0xf0d44c53,
0xf0d44c36,
0xf0d44c19,
0xf0d44b52,
0x6bba697b,
0xf8d36bf9,
0x6c38312c,
0xf7ff442b,
0x697bfbc9,
0x6b3969fa,
0x313cf8d3,
0x442b6b78,
0xfbc0f7ff,
0xd15e2c02,
0xf04f2d00,
0xf04f03c0,
0xf24002c0,
0xbf082152,
0x20002300,
0xfe02f2c0,
0xd1472d00,
0x68db4ba3,
0xf7ffb90b,
0xf10bfaa7,
0xf009090c,
0xf1a9090f,
0x2b030302,
0x6dbbd854,
0x6dfb1c5e,
0xbfb82e00,
0xf1034276,
0xea8a0a01,
0xeba373ea,
0x469a73ea,
0x6bf96bba,
0xf7ff6c38,
0x69fafba0,
0x6b394680,
0xf7ff6b78,
0x6b3bfb9a,
0x6b7b9301,
0x46439300,
0x0806f04f,
0x6bfa9002,
0x488d6c39,
0xff8cf2c0,
0x0306f1a8,
0x69ba61bb,
0x42936a3b,
0x2c02dc2c,
0x2d00d107,
0x8097f040,
0x68db4b84,
0xf7ffb90b,
0x4884f9f7,
0xf2c03501,
0xe6f3ff77,
0xd1ba2d01,
0x68db4b7e,
0xd1b62b01,
0xf9eaf7ff,
0xf10be7b3,
0xf009090e,
0xf1a9090f,
0x2b010304,
0x6dbbd808,
0x6dfb1e5e,
0xbfb82e00,
0xf1034276,
0xe7b23aff,
0xf8d76dbe,
0xe7b3a05c,
0x69ba697b,
0xf8d36d39,
0x6af8310c,
0x6cfa4413,
0xfb40f7ff,
0x693a69bb,
0x6a792b05,
0xbfd86ab8,
0xbfc82300,
0xf7ff2301,
0x2000fb35,
0xfcaff2c0,
0xd12a2c02,
0xf385fab5,
0x42b3095b,
0x4556d108,
0x6d7ad106,
0x030ff008,
0xbf084599,
0x657a2201,
0xfacef7ff,
0xd1212801,
0xd11c2c02,
0xf385fab5,
0x095b6dfa,
0xd1144293,
0x030ff008,
0xd110455b,
0xf2c04857,
0x6d7bff1d,
0xd1242b01,
0x2b006cbb,
0x6cbbdb21,
0x64bb3b01,
0x42b5e01d,
0x4555d1e0,
0x4850e7d6,
0x6dbbe7ed,
0xe7e4429d,
0xd1172c02,
0xf385fab5,
0x095b6dfa,
0xd10f4293,
0x030ff008,
0xd10b455b,
0xf2c04848,
0x6d7bfefb,
0xd1022b01,
0x2b006cbb,
0xf108da07,
0xe7650801,
0xe7f24843,
0x429d6dbb,
0xf04fe7e9,
0x647b33ff,
0x2d01e7d1,
0xaf6bf47f,
0x68db4b37,
0xf47f2b01,
0xf7ffaf66,
0xe762f9cd,
0x26006d3b,
0x46356cfa,
0xf04f6af9,
0x189a0804,
0x3a014836,
0xfed2f2c0,
0x030ef10b,
0x030ff003,
0x4b33657b,
0x1a84eb03,
0x42ab6a3b,
0xae48f77f,
0x310cf8da,
0xeb056cfa,
0x6d390903,
0x6af8464b,
0xfaaef7ff,
0xf2c02000,
0x6d7bfc28,
0xbf08454b,
0xf7ff2601,
0xf105fa53,
0x28010308,
0x030ff003,
0x455bd10e,
0x481dd10a,
0xfea8f2c0,
0xd1112e01,
0x0f00f1b8,
0xf108db0e,
0xe00b38ff,
0xe7f34818,
0xd109455b,
0xf2c04817,
0x2e01fe99,
0xf1b8d102,
0xda030f00,
0xe7c73501,
0xe7f44813,
0x33fff04f,
0xe7e8647b,
0xf7ff2000,
0x2804f86f,
0xae38f43f,
0xf7ff2000,
0x2803f869,
0xae32f43f,
0xe6302104,
0xf2c0480c,
0xe63dfe7b,
0xf47f2c00,
0xe662ae52,
0xf0d40f9c,
0xf0d44c9b,
0xf0d44fdd,
0xf0d44b94,
0xf0d44b98,
0xf0d44b9c,
0xf0d44ba0,
0xf0d44cb9,
0xf0d442b8,
0xf0d44ce7,
0xe92d4b5e,
0xb0b14ff0,
0xaf0a681d,
0xd51505e9,
0xf2c0485b,
0x05aafe57,
0x485ad502,
0xfe52f2c0,
0x6f80f415,
0x0407f005,
0x808ff000,
0xf2c04856,
0x2c01fe49,
0x4855d171,
0xfe44f2c0,
0x240a4d54,
0xf7ff4e54,
0x2801f9df,
0x4630bf08,
0x4628bf18,
0xfe38f2c0,
0xd1f43c01,
0xf2c0484f,
0x484ffe33,
0xfe30f2c0,
0xf240227f,
0x4620218e,
0xfc62f2c0,
0x484b4601,
0xfe26f2c0,
0x408cf8c7,
0x200067fc,
0xf806f7ff,
0xf0402801,
0x6ffb80a9,
0xf2402b01,
0xf8d780b6,
0x3301308c,
0x869af040,
0xf2c04841,
0x4b41fe11,
0x208cf8d7,
0xf7ff609a,
0x4b3ffa1b,
0x011b681b,
0x869cf100,
0x20004b3b,
0x605a2201,
0xfb67f2c0,
0xf2c0483a,
0x2300fdfd,
0x65fb469a,
0xf7fe2000,
0x2801ffdd,
0x83c6f041,
0x0f01f1ba,
0x83d2f241,
0x20004c30,
0xf2c06060,
0x6dfbfb4a,
0xf0012b00,
0x482f856d,
0xfde4f2c0,
0x60a36dfb,
0xfcbef7ff,
0x330168a3,
0x8567f041,
0xf2c0482a,
0x379cfdd9,
0xe8bd46bd,
0x2c028ff0,
0x4827d101,
0x2c03e78a,
0x4826d101,
0x2c04e786,
0x4825d101,
0x2c05e782,
0x4824d101,
0x2c06e77e,
0x4823d101,
0x4823e77a,
0xfdbef2c0,
0x2c01e7fe,
0x2c04d001,
0x4820d104,
0xf2c04629,
0xe76ffdb5,
0xd0012c03,
0xd1022c05,
0x481c4629,
0x2c02e7f5,
0x2c06d0d7,
0x4817d0e5,
0xfda6f2c0,
0xbf00e7fe,
0xf01806a0,
0xf0d44cfb,
0xf0d44d10,
0xf0d44d1a,
0xf0d44d41,
0xf0d44d9f,
0xf0d44b99,
0xf0d44fdd,
0xf0d44da2,
0xf0d44dba,
0xf0d44ea3,
0xf0d40f9c,
0xf0180008,
0xf0d44ecb,
0xf0d44fac,
0xf0d44fd6,
0xf0d44d47,
0xf0d44d4d,
0xf0d44d53,
0xf0d44d59,
0xf0d44d60,
0xf0d44d67,
0xf0d44d7c,
0xf0d44d8d,
0xf7fe2000,
0x2804ff57,
0xaf51f43f,
0xf7fe2000,
0x2802ff51,
0x8137f040,
0x2b026ffb,
0x2302bf38,
0x6ffb67fb,
0x461a25a0,
0xfb054ba4,
0xf8d43402,
0xf8d43204,
0xf8d4b200,
0x46198208,
0xf8c74658,
0x46423090,
0xf951f7ff,
0x6278f8d4,
0x0094f8c7,
0xf8d44632,
0xf8d41274,
0xf7ff0270,
0x66f8f946,
0x7020f504,
0xf7ffc807,
0x6138f940,
0x7024f504,
0xf7ffc807,
0xf8d4f93a,
0xf8c73250,
0xf8d43088,
0xf8d49258,
0x60f83254,
0x4619464a,
0x0088f8d7,
0x3084f8c7,
0xf929f7ff,
0x3260f8d4,
0x3080f8c7,
0x3264f8d4,
0xf8d467bb,
0x61f83268,
0x6fb9461a,
0x0080f8d7,
0xf7ff677b,
0x6ff9f918,
0x488060b8,
0xfd12f2c0,
0x1214f8d4,
0xa218f8d4,
0x3090f8d7,
0x44519103,
0x91023901,
0x1210f8d4,
0x0208eb03,
0x3a019101,
0x1094f8d7,
0x0800f04f,
0x46599100,
0xf2c04874,
0x2301fcf9,
0xfa0afa03,
0xb1d8f8df,
0xf606fa03,
0x3afff10a,
0xf2c045b0,
0x6ffb80c3,
0x08a0f04f,
0x461a486c,
0xf8df4b68,
0xfb05b1bc,
0xf8d53502,
0xf8d53224,
0xf8d54228,
0x25001220,
0x3a01191a,
0xfcd8f2c0,
0xfa032301,
0x6ffbf404,
0x461a3c01,
0xfb084b5d,
0x42ae3a02,
0x80adf300,
0xf2c0485e,
0x6ffbfcc9,
0x461a2000,
0xfb084b57,
0x22ff3302,
0x3090f8c7,
0x4230f8d3,
0xf2c0b2a1,
0xf8d7faf3,
0x46053090,
0xf8d34620,
0xf8d32238,
0xf7ff1234,
0x464af8b2,
0xf8d74606,
0xf8d71084,
0xf7ff0088,
0x4633f8aa,
0x4621462a,
0x484c9000,
0xfca2f2c0,
0x3090f8d7,
0x200022ff,
0x4240f8d3,
0xf2c0b2a1,
0xf8d7fad1,
0x46053090,
0xf8d34620,
0xf8d32248,
0xf7ff1244,
0x6f7af890,
0x6fb94606,
0x0080f8d7,
0xf889f7ff,
0x90004633,
0x4621462a,
0xf2c0483c,
0xf8d7fc81,
0xf8d73094,
0xf8d72094,
0x00db4090,
0xf8d763fb,
0x011b3094,
0x1a9b623b,
0x461363bb,
0x44136bba,
0x2300603b,
0x3080f8c7,
0x3278f8d4,
0x6cba64bb,
0x40932301,
0x2080f8d7,
0xdb5b429a,
0x1090f8d7,
0x0090f8d7,
0x6cba6efb,
0x1274f8d1,
0x0270f8d0,
0xf848f7ff,
0x2090f8d7,
0x1090f8d7,
0x0090f8d7,
0xf8d2693b,
0xf8d12288,
0xf8d01284,
0xf7ff0280,
0xf8d7f839,
0xf8d72090,
0xf8d71090,
0x68fb0090,
0x2298f8d2,
0x1294f8d1,
0x0290f8d0,
0xf82af7ff,
0x33016ffb,
0x2b0467fb,
0xae0ff47f,
0x2000e617,
0xfe14f7fe,
0xf47f2805,
0xe6c1aec8,
0x121cf8d4,
0x44414658,
0x0801f108,
0x010aea01,
0xfc20f2c0,
0xf8dae72e,
0x4658122c,
0x35014429,
0xf2c04021,
0xe746fc17,
0xf0d442b8,
0xf0d44dc7,
0xf0d44de0,
0xf0d44e1c,
0xf0d44b58,
0xf0d44e38,
0xf0d44e37,
0xf0d44e18,
0x3080f8d7,
0x7004f504,
0xc8072b05,
0x2300bfd8,
0x2301bfc8,
0xf7fe4698,
0x62f8fffa,
0x7008f504,
0xf7fec807,
0x6078fff4,
0x700cf504,
0xf7fec807,
0x65b8ffee,
0x7010f504,
0xf7fec807,
0xf8d4ffe8,
0xf8d45274,
0xf8d76270,
0x46292080,
0x327cf8d4,
0x463064f8,
0x6cba4413,
0xffcaf7fe,
0x1284f8d4,
0x0280f8d4,
0xf8d44643,
0x46892288,
0x0088f8c7,
0xffbef7fe,
0x0290f8d4,
0xf8d44643,
0xf8d41294,
0x46822298,
0xf7fe468b,
0x6cbaffb3,
0x46304629,
0xffbdf7fe,
0xf8cd6cbb,
0x46319008,
0xf8d718ea,
0x93073080,
0xf8d73a01,
0xf04f3088,
0xe88d0900,
0x462b0009,
0x8018f8cd,
0xb014f8cd,
0xa010f8cd,
0x800cf8cd,
0xf2c0487e,
0xf8d7fba1,
0xf8c73080,
0x1d9a9030,
0x9070f8c7,
0xf0024253,
0xf003020f,
0xf8c7030f,
0xbf589064,
0x69fb425a,
0x6dba637a,
0x905cf8c7,
0x9060f8c7,
0x03c2eb03,
0xf8d7617b,
0xf8c73094,
0x425b9078,
0xf8d466bb,
0xf8c73218,
0xf8c79040,
0xf8c79050,
0xf8c79054,
0x647b9074,
0x23016c7a,
0x6f7a4093,
0xdb6f429a,
0x3094f8d7,
0x0864f04f,
0x6f396fba,
0xfb024862,
0x6bfb1603,
0xf606fb08,
0xf6f3fbb6,
0xf2c04631,
0x6dfbfb5f,
0x42936e7a,
0x83a5f240,
0x6a3a4613,
0x6dfb189d,
0x6bfb1aed,
0xf805fb08,
0xf1f3fbb8,
0xf04f6e7b,
0x6e3a0964,
0xf2404293,
0x4613839d,
0x44136a3a,
0x6e7b461d,
0x6bfb1aed,
0xf905fb09,
0x2080f8d7,
0xf9f3fbb9,
0x33186efb,
0x030ff003,
0xf040429a,
0x2e1e838d,
0x308cf8d7,
0x32fff04f,
0x4613bf98,
0x308cf8c7,
0xb1336b3b,
0xf2c04843,
0x4649fb27,
0xf2c04842,
0x4842fb23,
0xfb20f2c0,
0x6c7a6afb,
0x1214f8d4,
0x0210f8d4,
0xff0af7fe,
0x7008f504,
0xc807687b,
0xff04f7fe,
0x7014f504,
0xc80769fb,
0xfefef7fe,
0x7018f504,
0xc80768bb,
0xfef8f7fe,
0x3080f8d7,
0xf8c73301,
0xe6963080,
0xf8d46f7b,
0xf8d4621c,
0xf8d4a210,
0x441eb214,
0x6c7a4633,
0x46504659,
0xfee4f7fe,
0x3220f8d4,
0xf8d462bb,
0x627b3228,
0x522cf8d4,
0xf8d46f7b,
0x441d8224,
0x462b6a7a,
0x6ab84641,
0xfed2f7fe,
0x3230f8d4,
0x3088f8c7,
0x230022ff,
0xf8b74618,
0xf2c01088,
0xf8d4f917,
0xf8c73240,
0x22ff3084,
0x46182300,
0x1084f8b7,
0xf90cf2c0,
0xfe68f7fe,
0x28016d7b,
0x8197f040,
0xf0403301,
0x48128140,
0xfabef2c0,
0x46501e73,
0x46596c7a,
0xf7fe2600,
0x1e6bfea9,
0x46416a7a,
0x46356ab8,
0xfea2f7fe,
0xa238f8d4,
0xfa032301,
0x4295f20a,
0x653bdb0e,
0xbf00e08a,
0xf0d44e6b,
0xf0d44ba6,
0xf0d44ba4,
0xf0d44bae,
0xf0d44fdd,
0xf0d44b83,
0x3234f8d4,
0x653b4652,
0x323cf8d4,
0x18eb6d39,
0x0088f8d7,
0xf7fe627b,
0xf8d4fe7f,
0x62bb3248,
0x324cf8d4,
0xb244f8d4,
0x0803eb05,
0x46436aba,
0xf8d74659,
0xf7fe0084,
0xf7fefe6f,
0x2801fe1b,
0x80ecf040,
0xd1303601,
0x46526a7b,
0x26006d39,
0xf8d73b01,
0xf7fe0088,
0xf108fe5f,
0x6aba33ff,
0xf8d74659,
0xf7fe0084,
0xf8d4fe57,
0x23018258,
0xf308fa03,
0xda18429e,
0x325cf8d4,
0xf8d44642,
0x44331254,
0x0250f8d4,
0xfe46f7fe,
0x7018f504,
0x326cf8d4,
0x4433c807,
0xfe3ef7fe,
0xfdeaf7fe,
0xf0402801,
0xf1c680b7,
0xb10d0908,
0x00ed3d01,
0x3094f8d7,
0x4899444d,
0xbfb8429d,
0xbfa81b5d,
0x46292500,
0xfa36f2c0,
0x46526dbb,
0xf8d76d39,
0xf7fe0088,
0x6cfbfe21,
0x46596aba,
0x0084f8d7,
0xfe1af7fe,
0x6eba6f3b,
0x673b442b,
0x3094f8d7,
0x1b4b1899,
0x230165fb,
0x653b461e,
0x2b0f6f7b,
0x80c2f040,
0x2b006c3b,
0x80bef040,
0x2b006d3b,
0x80baf000,
0xf8d46c3d,
0x23018238,
0xf308fa03,
0xda5c429d,
0x3234f8d4,
0x62bb4642,
0x323cf8d4,
0x18eb6ab9,
0x0088f8d7,
0xf7fe627b,
0xf8d4fded,
0xf8d4a244,
0xf8d4b248,
0x4651324c,
0xf8d7465a,
0x18eb0084,
0xf7fe61bb,
0xf7fefddf,
0x2801fd8b,
0x8083f000,
0xd1192e01,
0x46426a7b,
0x3b016ab9,
0x0088f8d7,
0xfdd0f7fe,
0x465a69bb,
0x3b014651,
0x0084f8d7,
0xfdc8f7fe,
0x6258f8d4,
0xf04f464a,
0x23010900,
0x459940b3,
0x4691db4d,
0x3d01b10d,
0xf8d700ed,
0x444d3094,
0x429d485c,
0x461dbfa8,
0xf2c04629,
0x6dbbf9bf,
0x6ab94642,
0x0088f8d7,
0xfdaaf7fe,
0x465a6cfb,
0xf8d74651,
0xf7fe0084,
0x6f3bfda3,
0x673b442b,
0x18eb6bbb,
0x6dbb663b,
0x2238f8d4,
0x1234f8d4,
0x0088f8d7,
0xfd94f7fe,
0xf8d46cfb,
0xf8d42248,
0xf8d71244,
0xf7fe0084,
0x6f7bfd8b,
0x2094f8d7,
0x677b3301,
0x44136ebb,
0xe61966bb,
0xf04f3601,
0xe7280900,
0xd1042d0f,
0xf2c0483f,
0x6ebbf987,
0x350165fb,
0x36fff04f,
0x2600e6d2,
0xf8d4e762,
0x4632325c,
0x1254f8d4,
0xf8d4444b,
0xf7fe0250,
0xf504fd67,
0xf8d47018,
0xc807326c,
0xf7fe444b,
0xf7fefd5f,
0x2801fd0b,
0xf109d19c,
0x22080901,
0x2d0fe793,
0xf8d7d109,
0x482a1094,
0xf95ef2c0,
0x33016fbb,
0x6bbb67bb,
0x3501663b,
0xe7482601,
0x6efa6b7b,
0xd11c4293,
0x33066f7b,
0xf003425a,
0xf002030f,
0xbf58020f,
0x6afa4253,
0xd1104293,
0xf2c0481e,
0x6fbbf943,
0x3301697a,
0xf8d767bb,
0x189d3094,
0x18eb6ebb,
0x2301667b,
0x657b633b,
0x4817e789,
0xf932f2c0,
0x33016fbb,
0x230167bb,
0x2b01e7f5,
0x8141f040,
0x48126fbb,
0x67bb3b01,
0xf924f2c0,
0x6c7a1e73,
0x46504659,
0xf7fe2600,
0x1e6bfd0f,
0x6a7a4641,
0x46356ab8,
0xfd08f7fe,
0x8238f8d4,
0xfa032301,
0x4295f208,
0x643bdb0c,
0xbf00e06c,
0xf0d44b87,
0xf0d44b8d,
0xf0d44b95,
0xf0d44b99,
0xf0d44b83,
0x3234f8d4,
0x643b4642,
0x323cf8d4,
0x18eb6c39,
0x0088f8d7,
0xf7fe62bb,
0xf8d4fce7,
0xf8d4a244,
0xf8d4b248,
0x4651324c,
0xf8d7465a,
0x18eb0084,
0xf7fe627b,
0xf7fefcd9,
0x2801fc85,
0x80eaf000,
0xd11a2e01,
0x46426abb,
0x3b016c39,
0x0088f8d7,
0xfccaf7fe,
0x465a6a7b,
0x3b014651,
0x0084f8d7,
0xfcc2f7fe,
0x6258f8d4,
0xf04f464a,
0x23010900,
0x459940b3,
0x80b3f2c0,
0xb10d4691,
0x00ed3d01,
0x3094f8d7,
0x48a5444d,
0x36fff04f,
0xbfa8429d,
0x4629461d,
0xf8b6f2c0,
0x46426dbb,
0xf8d76c39,
0xf7fe0088,
0x6cfbfca1,
0x4651465a,
0x0084f8d7,
0xfc9af7fe,
0x442b6f3b,
0x6ebb673b,
0x663b18eb,
0x643b2301,
0x2b0f6f7b,
0x80c4f040,
0x2b006d3b,
0x80c0f040,
0x2b006c3b,
0x80bcf000,
0xf8d46d3d,
0x2301a238,
0xf30afa03,
0xf6bf429d,
0xf8d4aee0,
0x46523234,
0xf8d462bb,
0x6ab9323c,
0xf8d718eb,
0x61bb0088,
0xfc70f7fe,
0x3248f8d4,
0xf8d4627b,
0xf8d4324c,
0xeb05b244,
0x6a7a0803,
0x46594643,
0x0084f8d7,
0xfc60f7fe,
0xfc0cf7fe,
0xf0402801,
0x36018086,
0x69bbd12f,
0x6ab94652,
0x3b012600,
0x0088f8d7,
0xfc50f7fe,
0x33fff108,
0x46596a7a,
0x0084f8d7,
0xfc48f7fe,
0x8258f8d4,
0xfa032301,
0x429ef308,
0xf8d4da17,
0x4642325c,
0x1254f8d4,
0xf8d44433,
0xf7fe0250,
0xf504fc37,
0xf8d47018,
0xc807326c,
0xf7fe4433,
0xf7fefc2f,
0x2801fbdb,
0xf1c6d151,
0xb10d0908,
0x00ed3d01,
0x3094f8d7,
0x485e444d,
0xbfb8429d,
0xbfa81b5d,
0x46292500,
0xf828f2c0,
0x46526dbb,
0xf8d76ab9,
0xf7fe0088,
0x6cfbfc13,
0x46596a7a,
0x0084f8d7,
0xfc0cf7fe,
0x442b6f3b,
0x683b673b,
0x65fb1b5b,
0xf8d4e667,
0x4632325c,
0x1254f8d4,
0xf8d4444b,
0xf7fe0250,
0xf504fbfb,
0xf8d47018,
0xc807326c,
0xf7fe444b,
0xf7fefbf3,
0x2801fb9f,
0xaf37f47f,
0x0901f109,
0xe72c2208,
0xd1092d0f,
0x1094f8d7,
0xf2bf483f,
0x6fbbfff1,
0x67bb3301,
0x663b6ebb,
0x26013501,
0x2600e6d4,
0x3601e746,
0x0900f04f,
0x2d0fe78e,
0x4837d104,
0xffdef2bf,
0x65fb6bbb,
0xf04f3501,
0xe74636ff,
0x6efa6b7b,
0xd11a4293,
0x33066f7b,
0xf003425a,
0xf002030f,
0xbf58020f,
0x6afa4253,
0xd10e4293,
0xf2bf482b,
0xf8d7ffc5,
0x697a3094,
0x6ebb189d,
0x667b18eb,
0x633b2301,
0x33fff04f,
0x4825e681,
0xffb6f2bf,
0x6e7be7f8,
0x1a9d6dfa,
0xfb086bfb,
0xfbb5f505,
0xe45bf1f3,
0x6e7a6e3b,
0xe4641a9d,
0xf8d76efb,
0x331c2080,
0x030ff003,
0xf43f429a,
0x6efbac6a,
0x2080f8d7,
0xf0033319,
0x429a030f,
0xac61f43f,
0xf8d76efb,
0x331b2080,
0x030ff003,
0xf43f429a,
0x6efbac58,
0x2080f8d7,
0xf003330a,
0x429a030f,
0xac58f47f,
0xd9042e1e,
0xd902290b,
0x0f0bf1b9,
0xf04fe448,
0xe44b33ff,
0xf2bf4806,
0xf7ffff77,
0xbf00b968,
0xf0d44b87,
0xf0d44b8d,
0xf0d44b9d,
0xf0d44ba1,
0xf0d44eb7,
0xf04f48c6,
0xf2bf0a00,
0xf8c7ff65,
0x2000a094,
0xf946f7fe,
0xf0402801,
0xf8d78161,
0x2b013094,
0xa952f63f,
0x3094f8d7,
0x4bbd01dd,
0xf8d4195c,
0xf8d43488,
0xf8d46484,
0x461a9480,
0xf8c74631,
0x46483090,
0xfb47f7fe,
0xf5044683,
0xc807609a,
0xfb41f7fe,
0xf50462b8,
0xc807609c,
0xfb3bf7fe,
0x61b822ff,
0x218ef240,
0xf2bf2000,
0xf8d7fd6b,
0xf0001094,
0x48ab037f,
0xf2bf627b,
0xf8d4ff2b,
0x46493494,
0x8498f8d4,
0x2090f8d7,
0x44439303,
0x3b0118b2,
0x3a019302,
0x3490f8d4,
0x46339301,
0xb000f8cd,
0x48a02600,
0xff14f2bf,
0xfa032301,
0xf8dff808,
0xf8d4927c,
0xf108349c,
0x18f138ff,
0xea014648,
0x36010108,
0x3090f8c7,
0xff02f2bf,
0xf8d72e10,
0xd1f23090,
0x34a4f8d4,
0x64a8f8d4,
0x14a0f8d4,
0x199a2400,
0x3a014890,
0xfef2f2bf,
0xfa032301,
0x4b8af606,
0x441d3e01,
0x84acf8d5,
0xeb044d8b,
0x46280108,
0x34014031,
0xfee2f2bf,
0xd1f62c10,
0xf2bf4887,
0xea4ffedd,
0x653b03cb,
0x130bea4f,
0xeba3633b,
0xf8d7030b,
0x64fb2094,
0x61fb445b,
0x677b2300,
0xeb034b79,
0xf50414c2,
0x613b6393,
0x3498f8d4,
0x68fa60fb,
0x1494f8d4,
0x0490f8d4,
0xfabff7fe,
0xf5046478,
0xc8076094,
0xfab9f7fe,
0xf5046178,
0xc8076096,
0xfab3f7fe,
0xf50466b8,
0xc8076098,
0xfaadf7fe,
0x65f86f7b,
0xf3402b0c,
0x009e80c5,
0x7684f5c6,
0x057ff006,
0x46292000,
0x0900f04f,
0xfa5ef2bd,
0x34f4f8d4,
0x24f8f8d4,
0x441a6f79,
0x3a019101,
0xf8d49600,
0x486114f0,
0xfe8ef2bf,
0x6eba6a7b,
0x6abb1b5d,
0xf8c72d00,
0xbfb89048,
0xf8c7426d,
0xeb039080,
0x62fb03c2,
0x0300f1cb,
0x693b67fb,
0xf8c7623d,
0x681b9078,
0x906cf8c7,
0x9070f8c7,
0x9090f8c7,
0x9054f8c7,
0x9060f8c7,
0x9064f8c7,
0x9084f8c7,
0x6dba65bb,
0x40932301,
0x2084f8d7,
0xf2c0429a,
0xf8d7809d,
0x26643090,
0x2080f8d7,
0xfb034847,
0x6d3b210b,
0xfbb14371,
0xf2bff1f3,
0x6cbbfe53,
0x6efbb31b,
0x42936fba,
0x8410f0c0,
0x6b3a4613,
0x6efb189d,
0x6d3b1aed,
0xfbb6436e,
0x483cf1f3,
0xfe40f2bf,
0x6f3a6fbb,
0x42932164,
0x8407f0c0,
0x6b3a4613,
0x461d4413,
0x1aed6fbb,
0x6d3b4369,
0xfbb14834,
0xf2bff1f3,
0x4833fe2d,
0xfe2af2bf,
0x6dba6c7b,
0x1494f8d4,
0x0490f8d4,
0xfa14f7fe,
0x6094f504,
0xc807697b,
0xfa0ef7fe,
0x609af504,
0xc8076abb,
0xfa08f7fe,
0x609cf504,
0xc80769bb,
0xfa02f7fe,
0x33016f7b,
0x2b13677b,
0xaf45f47f,
0x20006a79,
0xf9c8f2bd,
0x3094f8d7,
0xf8c73301,
0x2b043094,
0xae9bf47f,
0xbff6f7fe,
0xf7fd2000,
0x2804ffdf,
0xae99f43f,
0xf7fd2000,
0x2802ffd9,
0xf8d7d107,
0x2b023094,
0x2302bf38,
0x3094f8c7,
0x2000e690,
0xffccf7fd,
0xf47f2805,
0xe7f0ae8b,
0x64fcf8d4,
0xeba66f7b,
0xe7370683,
0xf0d44ee4,
0xf0d442b8,
0xf0d44dc7,
0xf0d44de0,
0xf0d44e1c,
0xf0d44e18,
0xf0d44b58,
0xf0d44efe,
0xf0d44ba6,
0xf0d44ba4,
0xf0d44bae,
0xf0d44fdd,
0x3490f8d4,
0xf8d4643b,
0x63fb3494,
0x649cf8d4,
0x3084f8d7,
0x441e6dba,
0x46336bf9,
0xf7fe6c38,
0xf8d4f9a5,
0x63bb34a0,
0x34a8f8d4,
0xf8d4637b,
0xf8d754ac,
0xf8d43084,
0x441d84a4,
0x462b6b7a,
0x6bb84641,
0xf992f7fe,
0x34b0f8d4,
0x308cf8c7,
0x230022ff,
0xf8b74618,
0xf2bf108c,
0xf8d4fbd7,
0xf8c734c0,
0x22ff3088,
0x46182300,
0x1088f8b7,
0xfbccf2bf,
0xf928f7fe,
0x28016e7b,
0x81b2f040,
0xf0403301,
0x48cd80a1,
0xfd7ef2bf,
0x6dba1e73,
0x6c386bf9,
0xf96af7fe,
0x6b7a1e6b,
0x6bb84641,
0xf7fe2500,
0xf8d4f963,
0x663b34b8,
0x23016e3a,
0xf202fa03,
0xdb014295,
0xe085663b,
0x34b4f8d4,
0xf8d4643b,
0x6e3a34bc,
0x6c39442b,
0x008cf8d7,
0xf94cf7fe,
0x34c4f8d4,
0xf8d463fb,
0x63bb34c8,
0x34ccf8d4,
0x442b6bba,
0xf8d76bf9,
0xf7fe0088,
0xf7fef93d,
0x2801f8e9,
0x8107f040,
0x3ffff1ba,
0xf8d7d13a,
0x26a03094,
0x0800f04f,
0x4bac461a,
0x3602fb06,
0x700cf506,
0x323cf8d6,
0x442bc807,
0xf7fe3b01,
0xf8d6f923,
0xf506324c,
0x442b7010,
0xc8073b01,
0xf91af7fe,
0xa258f8d6,
0xfa032301,
0x4598f30a,
0xf8d6da18,
0x4652325c,
0x1254f8d6,
0xf8d64443,
0xf7fe0250,
0xf506f909,
0xf8d67018,
0xc807326c,
0xf7fe4443,
0xf7fef901,
0x2801f8ad,
0x80c4f040,
0x0908f1c8,
0x3d01b10d,
0x444d00ed,
0xf280455d,
0xebab80c0,
0x46290505,
0xf2bf488d,
0x6ebbfcfb,
0x6c396e3a,
0x008cf8d7,
0xf8e6f7fe,
0x6bf96dfb,
0xf8d76bba,
0xf7fe0088,
0xf8d7f8df,
0x442b3080,
0x3080f8c7,
0xeb0b6ffb,
0x1b4b0103,
0x230166fb,
0x663b469a,
0x3084f8d7,
0xf0402b0f,
0x6d7b80d2,
0xf0402b00,
0x6e3b80ce,
0xf0002b00,
0x6d7d80ca,
0x84b8f8d4,
0xfa032301,
0x429df308,
0xf8d4da69,
0x464234b4,
0xf8d4643b,
0x6c3934bc,
0xf8d7442b,
0xf7fe008c,
0xf8d4f8b1,
0x63fb34c4,
0x34c8f8d4,
0xf8d463bb,
0x6bba34cc,
0x6bf9442b,
0x0088f8d7,
0xf8a2f7fe,
0xf84ef7fe,
0xf0002801,
0xf1ba8091,
0xd1230f01,
0x3094f8d7,
0x461a26a0,
0xfb064b5f,
0xf5063602,
0xf8d6700c,
0xc807323c,
0x3b01442b,
0xf88af7fe,
0x324cf8d6,
0x7010f506,
0x3b01442b,
0xf7fec807,
0xf8d6f881,
0x464aa258,
0x0900f04f,
0xfa032301,
0x4599f30a,
0x4691db50,
0x3d01b10d,
0x444d00ed,
0x455d484e,
0x3afff04f,
0x465dbfa8,
0xf2bf4629,
0x6ebbfc77,
0x6c394642,
0x008cf8d7,
0xf862f7fe,
0x6bba6dfb,
0xf8d76bf9,
0xf7fe0088,
0xf8d7f85b,
0x442b3080,
0x3080f8c7,
0x18eb6cfb,
0x6ebb673b,
0x24b8f8d4,
0x14b4f8d4,
0x008cf8d7,
0xf84af7fe,
0xf8d46dfb,
0xf8d424c8,
0xf8d714c4,
0xf7fe0088,
0xf8d7f841,
0x33013084,
0x3084f8c7,
0x445b6ffb,
0xe5dc67fb,
0x0801f108,
0x0900f04f,
0x2500e71a,
0x2d0fe73f,
0x482ed104,
0xfc3af2bf,
0x66fb6ffb,
0xf04f3501,
0xe6c53aff,
0x325cf8d6,
0xf8d64652,
0x444b1254,
0x0250f8d6,
0xf81cf7fe,
0x7018f506,
0x326cf8d6,
0x444bc807,
0xf814f7fe,
0xffc0f7fd,
0xd1992801,
0x0901f109,
0xe78f2208,
0xd10a2d0f,
0x481a4659,
0xfc14f2bf,
0x3090f8d7,
0xf8c73301,
0x6cfb3090,
0x3501673b,
0x0a01f04f,
0x6a3be738,
0xdc292b02,
0x3084f8d7,
0x425a3306,
0x030ff003,
0x020ff002,
0x4253bf58,
0x42936c7a,
0x480dd11c,
0xfbf6f2bf,
0x3090f8d7,
0xf8c73301,
0x6afb3090,
0x050beb03,
0x18eb6ffb,
0x230167bb,
0x667b64bb,
0xbf00e785,
0xf0d44b83,
0xf0d442b8,
0xf0d44b87,
0xf0d44b8d,
0xf0d44b95,
0xf2bf48c8,
0xf8d7fbd9,
0x33013090,
0x3090f8c7,
0xe7e82301,
0xf0402b01,
0xf8d7808b,
0x48c23090,
0xf8c73b01,
0xf2bf3090,
0x1e73fbc7,
0x6bf96dba,
0xf7fd6c38,
0x1e6bffb3,
0x6b7a4641,
0x25006bb8,
0xffacf7fd,
0x84b8f8d4,
0xfa032301,
0x4295f208,
0x657bdb01,
0xf8d4e06c,
0x464234b4,
0xf8d4657b,
0x6d7934bc,
0xf8d7442b,
0xf7fd008c,
0xf8d4ff97,
0x643b34c4,
0x34c8f8d4,
0xf8d463fb,
0x6bfa34cc,
0x6c39442b,
0x0088f8d7,
0xff88f7fd,
0xff34f7fd,
0xf0002801,
0xf1ba8101,
0xd1240f01,
0x3094f8d7,
0x461a26a0,
0xfb064ba1,
0xf5063602,
0xf8d6700c,
0xc807323c,
0x3b01442b,
0xff70f7fd,
0x324cf8d6,
0x7010f506,
0x3b01442b,
0xf7fdc807,
0xf8d6ff67,
0x464aa258,
0x0900f04f,
0xfa032301,
0x4599f30a,
0x80bff2c0,
0xb10d4691,
0x00ed3d01,
0x4890444d,
0xf04f455d,
0xbfa83aff,
0x4629465d,
0xfb5cf2bf,
0x46426ebb,
0xf8d76d79,
0xf7fd008c,
0x6dfbff47,
0x6c396bfa,
0x0088f8d7,
0xff40f7fd,
0x3080f8d7,
0xf8c7442b,
0x6ffb3080,
0x673b18eb,
0x657b2301,
0x3084f8d7,
0xf0402b0f,
0x6e3b80d2,
0xf0402b00,
0x6d7b80ce,
0xf0002b00,
0x6e3d80ca,
0x34b8f8d4,
0x6c3a643b,
0x40932301,
0xf6bf429d,
0xf8d4aecc,
0x63fb34b4,
0x34bcf8d4,
0x442b6c3a,
0xf8d76bf9,
0xf7fd008c,
0xf8d4ff13,
0x63bb34c4,
0x34c8f8d4,
0xf8d4637b,
0x6b7a34cc,
0x6bb9442b,
0x0088f8d7,
0xff04f7fd,
0xfeb0f7fd,
0xf0402801,
0xf1ba8095,
0xd1393fff,
0x3094f8d7,
0xf04f26a0,
0x461a0800,
0xfb064b5e,
0xf5063602,
0xf8d6700c,
0xc807323c,
0x3b01442b,
0xfeeaf7fd,
0x324cf8d6,
0x7010f506,
0x3b01442b,
0xf7fdc807,
0xf8d6fee1,
0x2301a258,
0xf30afa03,
0xda174598,
0x325cf8d6,
0xf8d64652,
0x44431254,
0x0250f8d6,
0xfed0f7fd,
0x7018f506,
0x326cf8d6,
0x4443c807,
0xfec8f7fd,
0xfe74f7fd,
0xd1522801,
0x0908f1c8,
0x3d01b10d,
0x444d00ed,
0xda4f455d,
0x0505ebab,
0x48414629,
0xfac4f2bf,
0x6c3a6ebb,
0x0a01f04f,
0xf8d76bf9,
0xf7fd008c,
0x6dfbfead,
0x6bb96b7a,
0x0088f8d7,
0xfea6f7fd,
0x3080f8d7,
0xf8c7442b,
0x69fb3080,
0x66fb1b5b,
0xf8d6e649,
0x4652325c,
0x1254f8d6,
0xf8d6444b,
0xf7fd0250,
0xf506fe93,
0xf8d67018,
0xc807326c,
0xf7fd444b,
0xf7fdfe8b,
0x2801fe37,
0xaf2bf47f,
0x0901f109,
0xe71f2208,
0xd10a2d0f,
0x48244659,
0xfa8af2bf,
0x3090f8d7,
0xf8c73301,
0x6ffb3090,
0x3501673b,
0x0a01f04f,
0xf108e6c6,
0xf04f0801,
0xe78c0900,
0xe7af2500,
0xd1042d0f,
0xf2bf4819,
0x6cfbfa73,
0x350166fb,
0x3afff04f,
0x6a3be739,
0xdc1a2b02,
0x3084f8d7,
0x425a3306,
0x030ff003,
0x020ff002,
0x4253bf58,
0x42936c7a,
0x480ed10d,
0xfa5af2bf,
0xeb036afb,
0x6ffb050b,
0x67bb18eb,
0x64bb2301,
0x33fff04f,
0x4808e665,
0xfa4cf2bf,
0xbf00e7f8,
0xf0d44b99,
0xf0d44b83,
0xf0d442b8,
0xf0d44b87,
0xf0d44b8d,
0xf0d44b9d,
0xf0d44ba1,
0x6efa6fbb,
0x6d3b1a9d,
0xfbb54375,
0xf7fff1f3,
0x6f3bbbf0,
0x1a9d6fba,
0xbbfaf7ff,
0xf7fd2000,
0x2804fc11,
0xac34f43e,
0xf7fd2000,
0x2802fc0b,
0x80a6f040,
0x459a2302,
0x469abf38,
0xeb034bc4,
0xf8d5158a,
0xf8d546a4,
0xf8d5b6a0,
0x462136a8,
0x3094f8c7,
0xf8d74658,
0x18e32094,
0x653b3b01,
0xfe0bf7fd,
0x36b0f8d5,
0x468067fb,
0x36b4f8d5,
0x308cf8c7,
0x36b8f8d5,
0x108cf8d7,
0x6ff8461a,
0x3088f8c7,
0xfdf9f7fd,
0x3680f8d5,
0xf8c74681,
0xf8d53084,
0xf8c73684,
0xf8d53090,
0xf8c73688,
0xf8d73080,
0xf8d73090,
0x46192080,
0x0084f8d7,
0xf7fd189e,
0xf8d7fde2,
0x3e013090,
0x46599307,
0x3084f8d7,
0x2088f8d7,
0xf8d79305,
0x9303308c,
0x90084413,
0x93023b01,
0x96066ffb,
0x46239301,
0x8000f8cd,
0xf8cd6d3a,
0x489a9010,
0xf9c4f2bf,
0x2094f8d7,
0x46584621,
0xfdbff7fd,
0x67b84651,
0xf2bf4895,
0x4632f9b9,
0x3090f8d7,
0xf8d72600,
0x48921084,
0xf9b0f2bf,
0x2080f8d7,
0x40932301,
0xf103673b,
0x6f3b38ff,
0xdb30429e,
0xf2bf488c,
0xf8d7f9a3,
0x23012094,
0x6f3a4093,
0x230263fb,
0xf3f3fb92,
0x230864fb,
0x2300663b,
0x461d677b,
0xeb034b7f,
0x6bfb168a,
0xdb22429d,
0x46216fbb,
0x2094f8d7,
0xf7fd4658,
0xf10afd79,
0x20000a01,
0xfef1f2be,
0x0f04f1ba,
0xab84f47e,
0xbb8cf7fe,
0xf7fd2000,
0x2805fb5f,
0xaf58f47f,
0xf8d5e752,
0x4874168c,
0x36014431,
0x0101ea08,
0xf96cf2bf,
0xf8d7e7c1,
0xf04f2088,
0xf8d70900,
0x6ff8108c,
0xfd63f7fd,
0x36acf8d6,
0x462165b8,
0xf8d7442b,
0x46582094,
0xfd4af7fd,
0x2094f8d7,
0x46584621,
0xfd53f7fd,
0x90004623,
0x6d3a4659,
0xf2bf4862,
0xf8d7f94b,
0x454b3088,
0x2000d112,
0xf2be3501,
0x485bfeb2,
0xf940f2bf,
0xf8d76dbb,
0xf8d72088,
0x6ff8108c,
0xfd2af7fd,
0xf2be2000,
0xe7a2fea4,
0x2080f8d7,
0x1090f8d7,
0x0084f8d7,
0xfd2df7fd,
0x36bcf8d6,
0xf8d766f8,
0xeb032088,
0xf8d70349,
0x6ff8108c,
0xf7fd66bb,
0x6efbfd11,
0xf003330c,
0x657b030f,
0x2b033b09,
0x6fbbd81f,
0x2b003b01,
0x425bbfb8,
0x230364bb,
0xf1b9647b,
0x6cfb0f00,
0x2300bf08,
0x2300643b,
0x6e7a667b,
0x42936cfb,
0x6efbdc16,
0x0901f109,
0x2080f8d7,
0x1090f8d7,
0x0084f8d7,
0xfceaf7fd,
0x6d7be7ab,
0x2b073b05,
0x0301f04f,
0x2303bf98,
0x6fbb647b,
0xe7dc64bb,
0xf8d66e7a,
0xf8d7368c,
0x44131090,
0xf8d76c3a,
0x44130084,
0xf1026f3a,
0xf8d738ff,
0xea082080,
0x46430803,
0xfccaf7fd,
0xf2be2000,
0x6cbbfe44,
0xd109429d,
0x6c7a6ebb,
0xd1054293,
0x6d7a6f7b,
0xbf084542,
0x677b2301,
0xfc66f7fd,
0x28016fbb,
0x429dd117,
0x6dbbd113,
0x42936eba,
0x6efbd10f,
0xd10c4543,
0xf2bf4819,
0x6f7bf8b7,
0xd11a2b01,
0x2b006e3b,
0x6e3bdb17,
0x663b3b01,
0x4814e013,
0x429de7f1,
0x6dbbd112,
0x42936eba,
0x6efbd10e,
0xd10b4543,
0xf2bf480f,
0x6f7bf89f,
0xd1022b01,
0x2b006e3b,
0x6e7bda1a,
0xe78d3301,
0xe7f2480a,
0xf0d442b8,
0xf0d44f1c,
0xf0d44f52,
0xf0d44f7f,
0xf0d44fdd,
0xf0d44f92,
0xf0d44f96,
0xf0d44b95,
0xf0d44b99,
0xf0d44b9d,
0xf0d44ba1,
0x33fff04f,
0xe7c865fb,
0xf2bf4803,
0xf7fef877,
0x4802ba93,
0xba97f7fe,
0xf0d44fc1,
0xf0d44fe0,
0xb5804b0d,
0x681baf00,
0xd50f0658,
0x490c4b0b,
0xf042681a,
0x601a0201,
0x60114a07,
0x07c96811,
0x681ad4fc,
0x0201f022,
0xbd80601a,
0xfdbaf001,
0xd1eb2800,
0xbf00bd80,
0xf0240000,
0xf0230070,
0x5a960f00,
0x22014b03,
0xaf00b580,
0x2211601a,
0xbd80611a,
0xf0b70000,
0xf0004b14,
0xb580003f,
0x33302200,
0x50c0f440,
0xf843af00,
0x21012c30,
0x0c2cf843,
0x601a681a,
0x60114a0d,
0x07c96819,
0x6811d5fc,
0x0110f041,
0x06c86011,
0x6819d40c,
0xd5fc0789,
0x68084907,
0x60112100,
0x07d2681a,
0x681ad4fc,
0xbd80601a,
0xe7ee6811,
0xf0160000,
0xf0160020,
0xf0160008,
0xe92d4bb5,
0xb08447f0,
0xaf02681b,
0xbf082b0c,
0xbf182001,
0xf0012000,
0xf001eb20,
0x48affb4b,
0x603b2300,
0xf04f607b,
0x30104171,
0x3c03f810,
0x2c04f810,
0xeb03041b,
0xf8106302,
0x44132c01,
0x2c02f810,
0x2202eb03,
0xfd89f001,
0x4371f04f,
0x4604603b,
0x46384ba2,
0x607a69da,
0xf0018a9d,
0xb280fd6d,
0xd1024285,
0x429c687b,
0x489dd002,
0xfe78f001,
0x23004a9c,
0x4e9d489c,
0x60536013,
0x4b9c2250,
0xf2be601a,
0x4b9bffcd,
0x489b22aa,
0x22ea601a,
0x2216605a,
0x4a99609a,
0xf4436813,
0x60137380,
0x681c4b97,
0xffbcf2be,
0xf0044896,
0xf2010107,
0xf2be71e4,
0x4894ffb5,
0xffb2f2be,
0x01c3f3c4,
0xf2be4890,
0x4890ffad,
0xffaaf2be,
0x11c4f3c4,
0xf2be488c,
0x488cffa5,
0xffa2f2be,
0x310ff3c4,
0xf2be4888,
0x4889ff9d,
0xff9af2be,
0xf2be4888,
0x69b2ff97,
0xf14002d3,
0xf3c2829f,
0xf3c23302,
0xf10332c4,
0x4c835370,
0x3380f503,
0x6819009b,
0xfa032301,
0x4b80f202,
0xbf18420a,
0x6863461c,
0x0860f04f,
0xf803fb08,
0x45984b7c,
0x4958ea4f,
0x2300bf98,
0x2301bf88,
0x4b794698,
0x011d681b,
0x4a78d503,
0x2170f44f,
0x00d86011,
0x4a75d503,
0x0170f44f,
0x00996011,
0x4a72d503,
0x6170f04f,
0x005a6011,
0x4a6fd503,
0x4170f04f,
0x2b006011,
0x4a6cda03,
0x4170f44f,
0x025d6011,
0x4a6ad503,
0x2170f44f,
0x02186011,
0x4a67d503,
0x0170f44f,
0x01d96011,
0x4a64d503,
0x6170f04f,
0x019a6011,
0x4a61d503,
0x4170f04f,
0x015b6011,
0x4b5ed503,
0x4270f44f,
0x4b5d601a,
0x681a469a,
0x1f40f412,
0x8288f040,
0x68134a5a,
0xd5fc05dd,
0x22104b59,
0x70faf44f,
0x601a4d58,
0xfca2f001,
0x22034b57,
0x601a4857,
0x68134a57,
0x0340f043,
0xf2be6013,
0xf8daff17,
0xf0233000,
0xf0430303,
0xf8ca0301,
0x682a3000,
0x0213f022,
0x682a602a,
0x0220f042,
0x682a602a,
0x0214f042,
0x682b602a,
0xd5fc0718,
0xf0014849,
0x682bfd9d,
0x21152214,
0x0308f043,
0x602b483e,
0xf2be2300,
0x4b44fdd7,
0x601a7922,
0x605a7962,
0x609a79a2,
0x4a414b2c,
0x69b3601a,
0x0f70f013,
0x4a3fd013,
0x1302f3c3,
0x2b052180,
0x0204f1a2,
0xbf88483c,
0x60512305,
0x22156013,
0x601a4b3a,
0xf3c169b1,
0xf2be1102,
0x221cfed1,
0x46112300,
0xf2be4836,
0x221cfdaf,
0x46112301,
0xf2be4833,
0x2301fda9,
0x461a4832,
0x4d324619,
0xfda2f2be,
0x23104621,
0x20002204,
0x0300e88d,
0xfb4cf2bc,
0x221468a3,
0x0059481c,
0x0115f04f,
0x2301bf48,
0x2302bf58,
0xfd8ef2be,
0x23012213,
0xe04b4611,
0xf0d5c000,
0xf0d45960,
0xf0d40000,
0xf0d44fea,
0xf02346a0,
0xf0d44ff5,
0xf0d40070,
0xf02346a8,
0xf02347e0,
0xf0d44ffe,
0xf0230000,
0xf0d40078,
0xf0d4500f,
0xf0d45012,
0xf0d44c15,
0xf0d45014,
0xf0d40300,
0xf0d40458,
0x10abffff,
0xf0160034,
0xf0160048,
0xf0160050,
0xf0020010,
0xf0230004,
0xf0234344,
0xf02300b0,
0xf0234340,
0xf0d45031,
0xf0234100,
0xf0d45038,
0xf0234420,
0x0007ffff,
0xf00244d4,
0xf0d4503a,
0xf00244cc,
0xf0020098,
0xf0020094,
0xf018062c,
0xf2be48b3,
0x4bb3fd3b,
0x32fff04f,
0x601a48b2,
0x461a2301,
0xf2be4619,
0x237ffd31,
0x21082202,
0xf2be48ae,
0xf64ffd2b,
0x602b73ff,
0x21032200,
0x6b6348ab,
0x030ff003,
0xfd20f2be,
0x221c2303,
0x48a8211e,
0xfd1af2be,
0x68a24ba7,
0x69a2601a,
0xf503619a,
0x4aa573a2,
0xf44f62da,
0x601a5273,
0xf84369e2,
0x4aa22cfc,
0xf3c368a3,
0x2b007380,
0x8180f000,
0x60132310,
0x22082301,
0x46114898,
0xfcfcf2be,
0x4a9c4b9b,
0x739af5a3,
0x2134f8c3,
0x601a68e2,
0x605a6922,
0x611a6962,
0xf8c36a22,
0x6a62213c,
0x2320f8c3,
0xf8c36f62,
0xf5032634,
0x6ba2737a,
0x6be2601a,
0x6c2262da,
0x6c62631a,
0x6ca2635a,
0x6ce2639a,
0x6d2263da,
0x6d62641a,
0x6fa3645a,
0xd50d075a,
0x60134a88,
0x6fe24b88,
0xf8d4601a,
0x605a2080,
0x2084f8d4,
0xf8d4609a,
0x60da2088,
0x6da24b83,
0x737bf5a3,
0x23ecf8c3,
0xf8c36de2,
0x6e2223f0,
0x23f4f8c3,
0xf8c36e62,
0x6ea223f8,
0x23fcf8c3,
0xf8c36ee2,
0x6f222400,
0x2404f8c3,
0x601a6aa2,
0x605a6ae2,
0x011b68a3,
0x4b75d50b,
0x601a4a75,
0x605a4a75,
0x609a4a75,
0x60da4a75,
0x428af46f,
0x4b74615a,
0x208cf8d4,
0x8210f8df,
0xf8d4601a,
0xf4133090,
0xd0097f80,
0x055669b2,
0x486ed506,
0xfda4f2be,
0x3090f8d4,
0x6380f443,
0x3000f8c8,
0x496b4b6a,
0x601a4a6b,
0x600b4b6b,
0x4a6b60ca,
0x68a36013,
0xd50600d8,
0xf04f4b69,
0x601a3210,
0x0208f602,
0x68a3605a,
0x4390f003,
0x4f90f1b3,
0xf8d4d106,
0x05d93090,
0x4b62d502,
0x601a2206,
0x23012200,
0x48604611,
0xfc5cf2be,
0xf001200a,
0x4e5efaf5,
0x485c2300,
0x4619461a,
0xfc52f2be,
0x21002301,
0x4608461a,
0xfbaaf2be,
0x2300220d,
0x48574611,
0xfc46f2be,
0x7096f44f,
0xfadef001,
0x20642307,
0xf0016033,
0x220dfad9,
0x46112301,
0xf2be484f,
0xf44ffc37,
0xf0017016,
0x2306facf,
0x60332064,
0xfacaf001,
0x2064230e,
0xf0016033,
0x2208fac5,
0x46112301,
0xf2be4846,
0x68a3fc23,
0xd507011a,
0x220c6b63,
0x4827210f,
0x3303f3c3,
0xfc18f2be,
0x2300221e,
0x48284611,
0xfc12f2be,
0x22126b23,
0x4611483c,
0x4380f3c3,
0xfc0af2be,
0x220f6b23,
0x46114838,
0x33c0f3c3,
0xfc02f2be,
0x011b68a3,
0xf240d509,
0x227f218e,
0xf2be2000,
0x4601fb4d,
0xf2bc2000,
0x4a30f8d3,
0x480e2300,
0x2301602b,
0x22156013,
0xf2be4611,
0x2303fbeb,
0x210a2209,
0xf2be482a,
0xf7fffbe5,
0xf8dafc91,
0xf4133000,
0xd0041f40,
0xf2be4826,
0xf7fdfcf7,
0xe7fefe93,
0xe5704c24,
0xf0020074,
0xf002009c,
0xf0020094,
0xf00200a0,
0xf0180384,
0xf0180024,
0xf0180008,
0x03e00042,
0xf0180200,
0xf0180140,
0xde3c78ee,
0xf018063c,
0xf0180644,
0xf0180400,
0xf0180660,
0x42876310,
0x8dcba9f5,
0x42987631,
0x8edcbaf5,
0xf0180670,
0xf0d45047,
0xf0180544,
0xf0180548,
0xcc00ffff,
0xffff0000,
0xf0180558,
0xf0180680,
0xf01806a4,
0xf0180050,
0xf0180000,
0xf01801f0,
0xf018014c,
0xf0180324,
0xf0010020,
0xf0020080,
0xf0d45024,
0xf0d40300,
0xf01806a0,
0xf2be4803,
0xf7fdfca3,
0xe7fefe3f,
0xe6806013,
0xf0d45024,
0xe92d4800,
0xe28db004,
0xe8bd8800,
0x00000310,
0x00000000,
0x00000008,
0xffffffff,
0x00000161,
0x00000000,
0x00000008,
0x00000000,
0x00000146,
0x00000000,
0x00000008,
0x00000050,
0x00000117,
0x00000000,
0x00000008,
0x00000050,
0x0000031d,
0x00000000,
0x00000008,
0xffffffff,
0x00000162,
0x00000000,
0x00000008,
0x00000000,
0x00000113,
0x00000000,
0x00000008,
0x00000050,
0x000000f4,
0x00000000,
0x00000008,
0x00000050,
0x0000032a,
0x00000000,
0x00000008,
0xffffffff,
0x00000163,
0x00000000,
0x00000008,
0x00000000,
0x00000101,
0x00000000,
0x00000008,
0x00000050,
0x00000145,
0x00000000,
0x00000008,
0x00000050,
0x00000337,
0x00000000,
0x00000008,
0xffffffff,
0x00000164,
0x00000000,
0x00000008,
0x00000000,
0x000000ef,
0x00000000,
0x00000008,
0x00000050,
0x000000f5,
0x00000000,
0x00000008,
0x00000050,
0x000000c2,
0x00000000,
0x00000004,
0x00000006,
0x00000071,
0x00000006,
0x00000001,
0x00000000,
0x00000066,
0x00000002,
0x00000001,
0x00000000,
0x00000252,
0x00000007,
0x00000001,
0x00000000,
0x000000c2,
0x00000004,
0x00000004,
0x00000006,
0x00000071,
0x00000007,
0x00000001,
0x00000000,
0x00000251,
0x00000007,
0x00000001,
0x00000000,
0x00000252,
0x00000006,
0x00000001,
0x00000000,
0x000000c3,
0x00000000,
0x00000004,
0x00000006,
0x00000070,
0x00000006,
0x00000001,
0x00000000,
0x00000251,
0x00000007,
0x00000001,
0x00000001,
0x00000066,
0x00000002,
0x00000001,
0x00000001,
0x000000c1,
0x00000000,
0x00000004,
0x00000008,
0x000000c1,
0x00000004,
0x00000004,
0x00000008,
0x000000c1,
0x00000000,
0x00000004,
0x00000008,
0x000000c1,
0x00000004,
0x00000004,
0x00000008,
0x00000312,
0x00000000,
0x00000008,
0xffffffff,
0x000000c6,
0x00000000,
0x00000004,
0x00000006,
0x000000c8,
0x00000000,
0x00000004,
0x00000002,
0x000000ca,
0x00000003,
0x00000004,
0x00000000,
0x000000ce,
0x00000003,
0x00000004,
0x00000000,
0x000000ca,
0x00000000,
0x00000003,
0x00000000,
0x000000ce,
0x00000000,
0x00000003,
0x00000000,
0x000000c4,
0x00000000,
0x00000004,
0x00000006,
0x0000008e,
0x00000004,
0x00000001,
0x00000000,
0x0000008f,
0x00000000,
0x00000001,
0x00000000,
0x0000031f,
0x00000000,
0x00000008,
0xffffffff,
0x000000c6,
0x00000004,
0x00000004,
0x00000006,
0x000000c8,
0x00000004,
0x00000004,
0x00000002,
0x000000cc,
0x00000003,
0x00000004,
0x00000000,
0x000000d0,
0x00000003,
0x00000004,
0x00000000,
0x000000cc,
0x00000000,
0x00000003,
0x00000000,
0x000000d0,
0x00000000,
0x00000003,
0x00000000,
0x000000c4,
0x00000004,
0x00000004,
0x00000006,
0x0000008e,
0x00000005,
0x00000001,
0x00000000,
0x0000008f,
0x00000001,
0x00000001,
0x00000000,
0x0000032c,
0x00000000,
0x00000008,
0xffffffff,
0x000000c7,
0x00000000,
0x00000004,
0x00000006,
0x000000c9,
0x00000000,
0x00000004,
0x00000002,
0x000000cb,
0x00000003,
0x00000004,
0x00000000,
0x000000cf,
0x00000003,
0x00000004,
0x00000000,
0x000000cb,
0x00000000,
0x00000003,
0x00000000,
0x000000cf,
0x00000000,
0x00000003,
0x00000000,
0x000000c5,
0x00000000,
0x00000004,
0x00000006,
0x0000008e,
0x00000006,
0x00000001,
0x00000000,
0x0000008f,
0x00000002,
0x00000001,
0x00000000,
0x00000339,
0x00000000,
0x00000008,
0xffffffff,
0x000000c7,
0x00000004,
0x00000004,
0x00000006,
0x000000c9,
0x00000004,
0x00000004,
0x00000002,
0x000000cd,
0x00000003,
0x00000004,
0x00000000,
0x000000d1,
0x00000003,
0x00000004,
0x00000000,
0x000000cd,
0x00000000,
0x00000003,
0x00000000,
0x000000d1,
0x00000000,
0x00000003,
0x00000000,
0x000000c5,
0x00000004,
0x00000004,
0x00000006,
0x0000008e,
0x00000007,
0x00000001,
0x00000000,
0x0000008f,
0x00000003,
0x00000001,
0x00000000,
0x00000312,
0x00000000,
0x00000008,
0xffffffff,
0x000000c6,
0x00000000,
0x00000004,
0x00000006,
0x000000c8,
0x00000000,
0x00000004,
0x00000002,
0x000000ca,
0x00000003,
0x00000004,
0x00000000,
0x000000ce,
0x00000003,
0x00000004,
0x00000000,
0x000000ca,
0x00000000,
0x00000003,
0x00000000,
0x000000ce,
0x00000000,
0x00000003,
0x00000000,
0x00000029,
0x00000000,
0x00000008,
0x000000b1,
0x0000031f,
0x00000000,
0x00000008,
0xffffffff,
0x000000c6,
0x00000004,
0x00000004,
0x00000006,
0x000000c8,
0x00000004,
0x00000004,
0x00000002,
0x000000cc,
0x00000003,
0x00000004,
0x00000000,
0x000000d0,
0x00000003,
0x00000004,
0x00000000,
0x000000cc,
0x00000000,
0x00000003,
0x00000000,
0x000000d0,
0x00000000,
0x00000003,
0x00000000,
0x00000029,
0x00000000,
0x00000008,
0x000000b1,
0x0000032c,
0x00000000,
0x00000008,
0xffffffff,
0x000000c7,
0x00000000,
0x00000004,
0x00000006,
0x000000c9,
0x00000000,
0x00000004,
0x00000002,
0x000000cb,
0x00000003,
0x00000004,
0x00000000,
0x000000cf,
0x00000003,
0x00000004,
0x00000000,
0x000000cb,
0x00000000,
0x00000003,
0x00000000,
0x000000cf,
0x00000000,
0x00000003,
0x00000000,
0x00000029,
0x00000000,
0x00000008,
0x000000b1,
0x00000339,
0x00000000,
0x00000008,
0xffffffff,
0x000000c7,
0x00000004,
0x00000004,
0x00000006,
0x000000c9,
0x00000004,
0x00000004,
0x00000002,
0x000000cd,
0x00000003,
0x00000004,
0x00000000,
0x000000d1,
0x00000003,
0x00000004,
0x00000000,
0x000000cd,
0x00000000,
0x00000003,
0x00000000,
0x000000d1,
0x00000000,
0x00000003,
0x00000000,
0x00000029,
0x00000000,
0x00000008,
0x000000b1,
0x000000d2,
0x00000000,
0x00000004,
0x0000000d,
0x0000009a,
0x00000000,
0x00000003,
0x00000000,
0x000002bb,
0x00000000,
0x00000004,
0x00000000,
0x00000091,
0x00000000,
0x00000002,
0x00000001,
0x000000d2,
0x00000004,
0x00000004,
0x0000000d,
0x0000009a,
0x00000004,
0x00000003,
0x00000000,
0x000002bb,
0x00000004,
0x00000004,
0x00000000,
0x00000091,
0x00000002,
0x00000002,
0x00000001,
0x000000d3,
0x00000000,
0x00000004,
0x0000000d,
0x0000009b,
0x00000000,
0x00000003,
0x00000000,
0x000002bc,
0x00000000,
0x00000004,
0x00000000,
0x00000091,
0x00000004,
0x00000002,
0x00000001,
0x000000d3,
0x00000004,
0x00000004,
0x0000000d,
0x0000009b,
0x00000004,
0x00000003,
0x00000000,
0x000002bc,
0x00000004,
0x00000004,
0x00000000,
0x00000091,
0x00000006,
0x00000002,
0x00000001,
0x6f727245,
0x203a2072,
0x2055414d,
0x74697257,
0x65522f65,
0x6c206461,
0x6e657461,
0x312b7963,
0x6c697720,
0x766f206c,
0x6c667265,
0x000a776f,
0x30307830,
0x303d6330,
0x38302578,
0x202c786c,
0x31307830,
0x303d3834,
0x38302578,
0x000a786c,
0x36307830,
0x303d3834,
0x38302578,
0x202c786c,
0x31307830,
0x303d3834,
0x38302578,
0x000a786c,
0x203e2d2d,
0x45525652,
0x63732046,
0x53206e61,
0x74726174,
0x0d2e2e2e,
0x0a0d000a,
0x78257830,
0x3a64255b,
0x3d5d6425,
0x78257830,
0x25783020,
0x64255b78,
0x5d64253a,
0x2578303d,
0x78302078,
0x255b7825,
0x64253a64,
0x78303d5d,
0x0a0d7825,
0x74796200,
0x64252065,
0x4453500a,
0x322f3120,
0x61685020,
0x64206573,
0x79616c65,
0x25783020,
0x5b783330,
0x253a6425,
0x253d5d64,
0x09090964,
0x30257830,
0x255b7833,
0x64253a64,
0x000a0d5d,
0x65725609,
0x64412066,
0x73657264,
0x56090973,
0x09514444,
0x76322e31,
0x25200009,
0x00583230,
0x0d495520,
0x7830000a,
0x78333025,
0x3a64255b,
0x3d5d6425,
0x30257830,
0x255b7833,
0x64253a64,
0x78303d5d,
0x09097825,
0x08080009,
0x25200008,
0x00643230,
0x00303020,
0x00363120,
0x00232020,
0x004f2020,
0x005f2020,
0x002e2020,
0x25204c20,
0x25643230,
0x52200025,
0x32302520,
0x00252564,
0x203e2d2d,
0x45525652,
0x63732046,
0x46206e61,
0x0d4c4941,
0x2d2d000a,
0x5652203e,
0x20464552,
0x6e616373,
0x53415020,
0x000a0d53,
0x203e2d2d,
0x20444d43,
0x6e616373,
0x61745320,
0x2e2e7472,
0x000a0d2e,
0x43205432,
0x2020444d,
0x09202020,
0x25783009,
0x5b583330,
0x253a6425,
0x0a0d5d64,
0x5f534300,
0x54312031,
0x444d4320,
0x78300909,
0x58333025,
0x3a64255b,
0x0d5d6425,
0x5343000a,
0x3120305f,
0x4d432054,
0x30090944,
0x33302578,
0x64255b58,
0x5d64253a,
0x43000a0d,
0x20204b4c,
0x20202020,
0x09092020,
0x30257830,
0x0a0d5833,
0x20090900,
0x20202020,
0x09002020,
0x78300909,
0x58333025,
0x5d64255b,
0x2064253d,
0x20202020,
0x30202020,
0x33302578,
0x64255b58,
0x64253d5d,
0x20000a0d,
0x30257830,
0x255b5833,
0x253d5d64,
0x78302064,
0x58333025,
0x5d64255b,
0x2064253d,
0x20202000,
0x09202020,
0x30257830,
0x255b5833,
0x64253a64,
0x2020205d,
0x2d002020,
0x43203e2d,
0x7320444d,
0x206e6163,
0x4c494146,
0x2d000a0d,
0x43203e2d,
0x7320444d,
0x206e6163,
0x53534150,
0x48000a0d,
0x72657465,
0x6e65676f,
0x73756f65,
0x61726420,
0x000a0d6d,
0x53204c48,
0x0d504157,
0x7953000a,
0x6d657473,
0x64646120,
0x73736572,
0x30783020,
0x61747320,
0x31207472,
0x69622036,
0x72612074,
0x0a0d6165,
0x312b3200,
0x34000a0d,
0x0a0d322b,
0x342b3800,
0x34000a0d,
0x0a0d312b,
0x2b363100,
0x000a0d34,
0x382b3631,
0x63000a0d,
0x69666e6f,
0x6f6e2067,
0x75732074,
0x726f7070,
0x000a0d74,
0x20312b32,
0x3420726f,
0x202c312b,
0x0a0d7825,
0x342b3800,
0x20726f20,
0x342b3631,
0x7825202c,
0x20000a0d,
0x2d2d0058,
0x5144203e,
0x63732046,
0x53206e61,
0x74726174,
0x0d2e2e2e,
0x7677000a,
0x20666572,
0x78257830,
0x62000a0d,
0x20657479,
0x09096425,
0x09090909,
0x20514409,
0x73616850,
0x000a0d65,
0x20445350,
0x20382f31,
0x73616850,
0x65642065,
0x2079616c,
0x33257830,
0x64255b78,
0x5d64253a,
0x0964253d,
0x28205144,
0x33257830,
0x64255b78,
0x5d64253a,
0x00090929,
0x00782520,
0x09090a0d,
0x50090909,
0x28205144,
0x33257830,
0x64255b78,
0x5d64253a,
0x50000929,
0x44205144,
0x3020594c,
0x33302578,
0x78303d58,
0x58323025,
0x43200920,
0x20594c44,
0x30257830,
0x09205832,
0x4c444620,
0x78302059,
0x58323025,
0x20000a0d,
0x25783020,
0x5b783330,
0x253a6425,
0x303d5d64,
0x20782578,
0x30257830,
0x255b7833,
0x253d5d64,
0x78302064,
0x78333025,
0x5d64255b,
0x0964253d,
0x09643225,
0x2d000909,
0x44203e2d,
0x73204651,
0x206e6163,
0x4c494146,
0x2d000a0d,
0x44203e2d,
0x73204651,
0x206e6163,
0x53534150,
0x2d000a0d,
0x51203e2d,
0x204e4553,
0x6e616373,
0x61745320,
0x2e2e7472,
0x000a0d2e,
0x203e2d2d,
0x45525657,
0x63732046,
0x53206e61,
0x74726174,
0x0d2e2e2e,
0x2020000a,
0x30257830,
0x255b7833,
0x64253a64,
0x78303d5d,
0x25097825,
0x09096432,
0x00090909,
0x25783009,
0x5b783330,
0x253a6425,
0x253d5d64,
0x78302064,
0x78333025,
0x3a64255b,
0x3d5d6425,
0x30206425,
0x33302578,
0x64255b78,
0x5d64253a,
0x0964253d,
0x79620009,
0x25206574,
0x09090964,
0x09090909,
0x656e6946,
0x6e755420,
0x68502065,
0x28657361,
0x352e3232,
0x67656420,
0x29656572,
0x09000a0d,
0x30090909,
0x33302578,
0x64255b78,
0x5d64253a,
0x25200009,
0x30090058,
0x33302578,
0x64255b78,
0x5d64253a,
0x0964253d,
0x00090909,
0x203e2d2d,
0x4e455351,
0x61637320,
0x4146206e,
0x0a0d4c49,
0x3e2d2d00,
0x45535120,
0x6373204e,
0x50206e61,
0x0d535341,
0x4146000a,
0x21214c49,
0x000a0d21,
0x53534150,
0x0d212121,
0x0a0d000a,
0x465a4e55,
0x216c6961,
0x55504300,
0x30303131,
0x520a0020,
0x65676e61,
0x6e616353,
0x72657620,
0x25005b3a,
0x002d0064,
0x646e6152,
0x61506d6f,
0x72657474,
0x000a0d6e,
0x4d415244,
0x43532031,
0x0a0d4e41,
0x4e4f4400,
0x000a0d45,
0x6d64003e,
0x73732061,
0x64252063,
0x73000a0d,
0x616d2061,
0x6f742070,
0x62363120,
0x0a0d7469,
0x00000000,
0xf0d45091,
0xf0d45075,
0xf0d450d1,
0xf0d45149,
0xf0d450b5,
0xf0d45099,
0x4a04b580,
0x6813af00,
0xd5fc069b,
0x60184b02,
0xbf00bd80,
0xf0110014,
0xf0110000,
0xaf00b580,
0x0000bd80,
0x4a04b580,
0x6813af00,
0xd5fc07db,
0x68184b02,
0xbd80b2c0,
0xf0111014,
0xf0111000,
0x4a04b580,
0x6813af00,
0xd5fc069b,
0x60184b02,
0xbf00bd80,
0xf0111014,
0xf0111000,
0x4a04b580,
0x6813af00,
0xd5fc07db,
0x68184b02,
0xbd80b2c0,
0xf0110014,
0xf0110000,
0x211a4a13,
0xaf00b580,
0xf0436813,
0x60130310,
0xf4236f53,
0x675323c0,
0x3280f502,
0x68133240,
0x6300f443,
0x4b0b6013,
0xf042781a,
0x701a0280,
0x70114a09,
0x71112100,
0xf002781a,
0x701a027f,
0xf042781a,
0x701a0203,
0xf8032207,
0xbd802c04,
0xf0010034,
0xf011100c,
0xf0111000,
0xaf00b580,
0xffcef7ff,
0x0000bd80,
0x22004b08,
0xaf00b580,
0x615a6959,
0x4906545a,
0x07d2780a,
0x4a05d5fc,
0xb2d27812,
0x69597002,
0xbd80545a,
0x01000208,
0xf0110014,
0xf0110000,
0xb5804b05,
0x781baf00,
0x0301f013,
0x4b03d001,
0x7003781b,
0xbf00bd80,
0xf0110014,
0xf0110000,
0x22004b13,
0x4d13b5f0,
0xaf004e13,
0x615a6959,
0x695a545a,
0xd9002a13,
0x7829bdf0,
0xd5f907c9,
0x46047831,
0xf804b2c9,
0x29081b01,
0x5499695a,
0xb10ad104,
0x615a3a01,
0xe7ea4620,
0xd102290a,
0x70432300,
0x290dbdf0,
0x3201d0fa,
0xbf00e7f3,
0x01000208,
0xf0110014,
0xf0110000,
0x4604b5b0,
0xaf001845,
0xd10042ac,
0x4620bdb0,
0xf7ff3401,
0xe7f7ff9f,
0xe92d4800,
0xe3500000,
0xe28db004,
0x0a000003,
0xe3500001,
0xe59f000c,
0x13a00000,
0xe8bd8800,
0xe59f0004,
0xe8bd8800,
0xf0d45068,
0xf0d4505c,
0x00000000,
0xb5b04b07,
0xb933af00,
0x682a4d06,
0x1e44b11a,
0x0f01f814,
0xbdb0b900,
0x685b682b,
0xe7f74798,
0x00000000,
0xf0d45248,
0xb5804b03,
0x6018af00,
0x6803b108,
0xbd804798,
0xf0d45248,
0xb5804b02,
0x6818af00,
0xbf00bd80,
0xf0d45248,
0x4604b598,
0xaf004803,
0xffd4f7ff,
0xf7ff4620,
0xbd98ffd1,
0x01000053,
0x4605b5b0,
0xaf004809,
0xf7ff460c,
0x4628ffc7,
0xffc4f7ff,
0xf7ff4806,
0x4620ffc1,
0xe990f000,
0xffbcf7ff,
0xf7ff4803,
0xbdb0ffb9,
0x01000053,
0x0100004c,
0x01000050,
0x4ff8e92d,
0xf8df4606,
0xf8dfa05c,
0xaf00b05c,
0x46044688,
0x0308eb06,
0xd301429c,
0x8ff8e8bd,
0x1f25480e,
0xff9ef7ff,
0x090cf104,
0xf0004620,
0xf7ffe96c,
0x4650ff97,
0xff94f7ff,
0x0f04f855,
0xe962f000,
0xff8ef7ff,
0xf7ff4658,
0x454dff8b,
0x4803d1f4,
0xf7ff3410,
0xe7dbff85,
0x0100004d,
0x01000050,
0x01000056,
0x01000059,
0x00f00000,
0xe92d4800,
0xe28db004,
0xeb000091,
0xe8bd8800,
0xe59f300c,
0xe92d4800,
0xe28db004,
0xe5830000,
0xe8bd8800,
0xf0d45354,
0xe59f300c,
0xe92d4800,
0xe28db004,
0xe5930000,
0xe8bd8800,
0xf0d45354,
0xe59f3020,
0xe92d4800,
0xe28db004,
0xe5932080,
0xe3520000,
0x05930084,
0x016f0f10,
0x01a002a0,
0x13a00000,
0xe8bd8800,
0xf0050000,
0xe92d4800,
0xe30a3a55,
0xe1d003b0,
0xe28db004,
0xe0400003,
0xe16f0f10,
0xe1a002a0,
0xe8bd8800,
0xf022b580,
0x38040203,
0x440aaf00,
0xd1004291,
0xf851bd80,
0xf8403b04,
0xe7f73f04,
0x4604b5b0,
0xaf00460d,
0xfa66f000,
0xf6474b1a,
0x601a7224,
0x60144a19,
0x681a6055,
0x0201f042,
0x681a601a,
0x07d2681a,
0x086bd4fc,
0x1e594a14,
0x68124359,
0xeb010849,
0xb2894112,
0x4811b1b9,
0xfa75f000,
0x48104621,
0xfa71f000,
0x480f4629,
0xfa6df000,
0x68134a0e,
0x0301f043,
0x4b0d6013,
0x601a4a0d,
0x68193a01,
0x601a430a,
0x4b0be7fe,
0x601a2203,
0xbf00bdb0,
0xf0188060,
0xf0188064,
0xf018806c,
0xf0d45534,
0xf0d45546,
0xf0d4554f,
0xf0230070,
0xf0240000,
0x5a960002,
0xf01880a0,
0xf06f4b09,
0xb5800203,
0xaf004401,
0xf04f601a,
0x4a0633ff,
0x60536013,
0x22016093,
0x60184b04,
0xf8436059,
0xbd802c10,
0xf0180090,
0xf0180094,
0xf0180070,
0x22014b04,
0xaf00b580,
0x2200601a,
0x2c08f843,
0xbf00bd80,
0xf0180068,
0xb5804b06,
0x6818af00,
0x0001f010,
0x6859d005,
0xb2c94803,
0xfa15f000,
0xbd802001,
0xf0180068,
0xf0d45558,
0xe59f3018,
0xe92d4800,
0xe28db004,
0xe5933000,
0xe3130d06,
0x03a00001,
0x13a00000,
0xe8bd8800,
0xf0010000,
0x63656863,
0x6d75736b,
0x766e6920,
0x64696c61,
0x7766003d,
0x64646120,
0x66003d72,
0x69732077,
0x003d657a,
0x4d415244,
0x6f727020,
0x74636574,
0x74206465,
0x67676972,
0x2c647265,
0x00484320,
0xe2523020,
0xe262c020,
0x41a00230,
0x51a00331,
0x41800c11,
0xe1a01231,
0xe12fff1e,
0xe2523020,
0xe262c020,
0x41a01211,
0x51a01310,
0x41811c30,
0xe1a00210,
0xe12fff1e,
0xe59f3030,
0xe59f2030,
0xe00330a0,
0xe0400003,
0xe0003002,
0xe0020120,
0xe0833000,
0xe59f001c,
0xe0833223,
0xe0000003,
0xe0800400,
0xe0800800,
0xe1a00c20,
0xe12fff1e,
0x55555555,
0x33333333,
0x0f0f0f0f,
0xe51ff004,
0x01000015,
0xb5804b09,
0xaf004909,
0x69da4809,
0xf1011a52,
0xf7ff4171,
0xf000feeb,
0xf000f8d5,
0x4805f961,
0xf984f000,
0xbd802000,
0xf0d40000,
0x00009860,
0x01000000,
0x0100005c,
0xb5904913,
0x680baf00,
0xf0130c1b,
0xd11d0001,
0x0207f003,
0xd11a2a02,
0x69a24c0e,
0x0001f012,
0xf013d015,
0xd0120008,
0xf4424b0b,
0x68187280,
0x0020f040,
0x68086018,
0x2000f420,
0x20016008,
0xf0416819,
0x60190104,
0xbd9061a2,
0xbd902000,
0xf0a50004,
0xf0d40070,
0xf0a50010,
0xb5804b05,
0x699baf00,
0xd50305da,
0x68134a03,
0xd4fc075b,
0xbf00bd80,
0xf0d40070,
0xf0a50010,
0xb5804b0b,
0x681baf00,
0xf0130c1b,
0xd10c0001,
0x0307f003,
0xd1092b02,
0x20014b06,
0xf240699a,
0x43931301,
0x2000bf18,
0x2000bd80,
0xbf00bd80,
0xf0a50004,
0xf0d40070,
0xb5804b04,
0x6819af00,
0x1a52681a,
0xd3fb4282,
0xbf00bd80,
0xf0100108,
0x6842b590,
0x6804af00,
0x46032000,
0x42930852,
0xb280d101,
0xf834bd90,
0x44191013,
0x44083301,
0xe92de7f5,
0xaf0047f0,
0xd0462a00,
0xe000f890,
0x23012600,
0x1c5c5cc5,
0xd13a45ae,
0xeb005d05,
0xb9450904,
0xe006f801,
0x36013302,
0xd3f14293,
0xe8bd4630,
0x464d87f0,
0x0c00f04f,
0x8b01f815,
0x037ff008,
0x0f80f018,
0x1cccea43,
0x0309eba5,
0x4423d1f4,
0xeb002400,
0x464d0903,
0x8b01f815,
0x0a7ff008,
0x0f80f018,
0x14c4ea4a,
0x0a09eba5,
0xeb01d1f4,
0x44530806,
0x42644645,
0x0908eba5,
0xd80145cc,
0xe7d14466,
0x9004f815,
0x9b01f805,
0x558de7f4,
0x36014623,
0x4610e7c8,
0x87f0e8bd,
0x2300b580,
0xee07af00,
0xee073f15,
0xf3bf3fd5,
0xf3bf8f4f,
0xbd808f6f,
0xaf00b5f0,
0x2802b158,
0x4b16d11f,
0x2300681a,
0x08524614,
0x2a013301,
0x4a13d8fb,
0x4b13e008,
0x4603681a,
0x08524614,
0x2a013301,
0x4a10d8fb,
0x0320f1c3,
0xc000f8d2,
0xfa022201,
0x2200f303,
0xdb0342a2,
0xf3bfb109,
0xbdf08f4f,
0x25004606,
0xdb024565,
0x44183201,
0x3640e7f2,
0x6f56ee07,
0xe7f53501,
0xf0d40f28,
0xf0d40f24,
0xf0d40f30,
0xf0d40f2c,
0x2100b580,
0xaf004608,
0xffc0f7ff,
0x20022100,
0xffbcf7ff,
0x8f4ff3bf,
0xb5f0bd80,
0xb158af00,
0xd11f2802,
0x681a4b16,
0x46142300,
0x33010852,
0xd8fb2a01,
0xe0084a13,
0x681a4b13,
0x46144603,
0x33010852,
0xd8fb2a01,
0xf1c34a10,
0xf8d20320,
0x2201c000,
0xf303fa02,
0x42a22200,
0xb109db03,
0x8f4ff3bf,
0x4606bdf0,
0x45652500,
0x3201db02,
0xe7f24418,
0xee073640,
0x35016f5e,
0xbf00e7f5,
0xf0d40f28,
0xf0d40f24,
0xf0d40f30,
0xf0d40f2c,
0x2100b580,
0xaf004608,
0xffbff7ff,
0x20022100,
0xffbbf7ff,
0x8f4ff3bf,
0xbf00bd80,
0x4a04b580,
0x7813af00,
0xd5fc069b,
0x70184b02,
0xbf00bd80,
0xf0110014,
0xf0110000,
0x1e41b580,
0xf811af00,
0xb9000f01,
0xf7ffbd80,
0xe7f8ffe9,
0xaf00b580,
0xfc90f7ff,
0xb598bd80,
0xaf00460c,
0xfc8af7ff,
0xf7ff4805,
0x4620fc87,
0xe80af000,
0xfc82f7ff,
0xf7ff4802,
0xbd98fc7f,
0x0100004c,
0x01000050,
0xe51ff004,
0x01000015,
0x314c4342,
0x09000000,
0xbcf30000,
0x006b0000,
0x04b5f876,
0x00460d46,
0x16212caf,
0x02226a46,
0x80fc18f0,
0x20212b22,
0x13f00246,
0x2c22eafc,
0x0e0a0576,
0x07766afc,
0x00fc090a,
0x040a0776,
0x077600fc,
0x69fbff28,
0xfa140776,
0x3c0876fb,
0x76e9fbf5,
0xfbf01407,
0xeb3c0876,
0x3c0876fb,
0x0876fbe6,
0xc8fbe13c,
0x2ff54520,
0xdef895fb,
0x00228030,
0xea140576,
0x424620fb,
0x02210122,
0xabfbd2f0,
0x06011868,
0x1e0476d5,
0x1e077608,
0x2380fbdb,
0x461a2121,
0xd50c0476,
0x402380fb,
0x077653f2,
0x00fbce0e,
0x69228023,
0xc8260576,
0x692380fb,
0xc2180776,
0xdff895fb,
0x05760d20,
0x95fba918,
0x0e20e0f8,
0xa30c0576,
0xe1f895fb,
0x0f220730,
0xaf0e0576,
0xe2f895fb,
0x05761020,
0x95fb960c,
0x1120e3f8,
0x900c0576,
0xe4f895fb,
0x12220730,
0x9c0e0576,
0xf00e0576,
0x950e0776,
0xe5f895fb,
0x13221f30,
0x8e0e0576,
0xe6f895fb,
0x05761520,
0x95fb750c,
0x1620e7f8,
0x6f0c0576,
0xe8f895fb,
0x05761720,
0x95fb690c,
0x1820e9f8,
0x630c0576,
0xeaf895fb,
0x05761920,
0x95fb5d0c,
0x1a20ebf8,
0x570c0576,
0xecf895fb,
0x05761b20,
0x1cfb510c,
0xedf89521,
0x0c047620,
0x68abfb4b,
0xd5220119,
0x20eef895,
0x1e057660,
0xf895fb42,
0x766120ef,
0xfb3c0c05,
0x20f0f895,
0x0c057662,
0xf895fb36,
0x766320f1,
0xfb300c05,
0x76644632,
0xfb2b0a05,
0x20f3f895,
0x0c057665,
0xf895fb25,
0x223f30f4,
0x0e057601,
0xf895fb31,
0x220f30f5,
0x0e057602,
0xf895fb2a,
0x220f30f6,
0x0e057604,
0xf895fb23,
0x220f30f7,
0x0e057605,
0xf895fb1c,
0x221f30f8,
0x0e057606,
0xf895fb15,
0x220f30f9,
0x84067607,
0xf895fb26,
0x223f30fa,
0x0e057609,
0xf895fb07,
0x223f30fb,
0x0e05760a,
0x0576fb00,
0xf895fa5a,
0x221f30fc,
0x1405760b,
0xf895faf6,
0x762020fd,
0xfadd0c05,
0x30fef895,
0x7621220f,
0xfae90e05,
0x20fff895,
0x0c057622,
0xf895fad0,
0x223f3100,
0x0e057623,
0xf895fadc,
0x76272101,
0xfac30c05,
0x3102f895,
0x76282207,
0xfacf0e05,
0x3103f895,
0x762d220f,
0x76008406,
0x76700e05,
0xfac10e07,
0x22402300,
0x84057619,
0x40fabb0e,
0x07760023,
0xfab51a84,
0x707af44f,
0xf9eff545,
0x763d2340,
0xfaf71407,
0x1c850876,
0x760bfa93,
0x8e308507,
0x07768bfa,
0x76fa890a,
0x84448508,
0x45200afa,
0xabf9d2f5,
0x05011a68,
0x404632d5,
0x05768ef2,
0xabfa7818,
0x05761b68,
0x31053485,
0x76662202,
0xfa811405,
0xe92dbdf8,
0x460d41f0,
0xaf004604,
0x4b1db3a0,
0x491e4a1e,
0x6812681b,
0x04006808,
0x2002ea40,
0x23604318,
0xf44f4358,
0xfb903300,
0xf006f0f3,
0x4606fa74,
0x462002b6,
0x0880f046,
0xf986f002,
0x22064643,
0x46114620,
0xff08f003,
0xf5452001,
0xea48f996,
0x08760305,
0x76fefe14,
0xea460a04,
0x04760305,
0x76fef70e,
0xf9647404,
0x81f0e8bd,
0x4a064b06,
0x6a057607,
0xbf00e7c9,
0xf0024860,
0xf0024864,
0xf0024868,
0xf00244e0,
0xf00244e4,
0xf00244e8,
0x22f0b580,
0x1149f240,
0x2001af00,
0xfa17f002,
0x4b0e0476,
0x0c047611,
0x22f0fa11,
0x71a5f44f,
0x0b0c0476,
0xa60c0576,
0x050c0576,
0x402200fa,
0x057629f2,
0x00f9ff24,
0x95f44f22,
0xf9180576,
0x180476f9,
0x1805762b,
0x0c0576f3,
0x0c057625,
0x2300f9ed,
0x21e12202,
0xfa0c0476,
0x002201f9,
0xe1461023,
0xf4f00221,
0xe3180576,
0xee180576,
0xe3180776,
0xe8f00221,
0x402300f9,
0x0576e522,
0x00f9e218,
0x07762023,
0x0576dc0c,
0x0576d830,
0x0776d60c,
0x0221d830,
0x00f9d0f0,
0xd7228023,
0xca180576,
0x763c0576,
0x76c40c06,
0x06763c05,
0x0576be0c,
0x0576be24,
0x0576b80c,
0x18067648,
0x4b01f9b2,
0x601a2200,
0x0100bd80,
0xe92df003,
0x460443f8,
0xaf002303,
0xf891460d,
0x461690f2,
0x461a21e1,
0x8024f8d7,
0xf99df002,
0x76e32303,
0x97288407,
0xe52360f9,
0x910c0776,
0xd968abf9,
0xf3d57d00,
0x46820576,
0x00880576,
0x0c0476f9,
0x0c05764b,
0x76c0f96f,
0x76448205,
0x76008805,
0x76a60c05,
0x76630c05,
0x29208205,
0x5d240576,
0x44820776,
0x00880576,
0x44820776,
0x00880576,
0x96180576,
0x4b180576,
0xe12302f9,
0x58720776,
0x097601f9,
0x0776520c,
0x04764482,
0x00f94c0c,
0x07760123,
0x40f9460c,
0x22810976,
0x7620f940,
0xf93a0c09,
0x76d82302,
0xf9340c07,
0x0c097601,
0x2380f92e,
0x0c0776d7,
0x82077628,
0x0c047644,
0x7620f922,
0xf91c1809,
0x76be2380,
0xf9160c07,
0x18097602,
0x2380f910,
0x0c077631,
0x2300f90a,
0x2131224f,
0xf0064620,
0xf002060f,
0x2300f902,
0x763222ff,
0xf8fc4c05,
0x330c0476,
0x00880676,
0x340c0576,
0x268c0676,
0x1f2300f8,
0x06763522,
0x0576008c,
0x05763618,
0x0576e40c,
0x0576370c,
0x0576de0c,
0x0576380c,
0x0576d80c,
0x0576390c,
0x00f8d20c,
0x3a220f23,
0xcc0c0576,
0x3f2300f8,
0x0576d522,
0x10f8c60c,
0xd6223f23,
0xc00c0576,
0x44200af8,
0x06fffbf5,
0x4f220723,
0x057614f4,
0xf8b65082,
0x76102300,
0xb0168807,
0x012340f8,
0x40810776,
0xf640f8aa,
0x4598236a,
0x8664f341,
0xf3012e01,
0x23008655,
0x76bf2230,
0xf8008c06,
0x22012300,
0x8c0676bd,
0x0a76f826,
0xf8900c82,
0x30a0f895,
0x76bc220c,
0xf8268806,
0x76672288,
0xf8710a05,
0x7668224a,
0x766c0a05,
0xba028105,
0xbd2301ff,
0x76340776,
0xf44ff800,
0xf54470fa,
0x7680ffb0,
0xb87e8809,
0x0c2204f8,
0x7c300576,
0x4022c0fb,
0x057677f2,
0x0b764e0c,
0xf85b1e81,
0x89097602,
0x80f85540,
0x10f44f23,
0x0e067671,
0x2210f84e,
0x7641f240,
0x76353205,
0x76420c05,
0xf82f0c05,
0xf44f2210,
0x8105761d,
0x05762974,
0x05761c0c,
0x0576230c,
0x05767524,
0x05761d24,
0x0576710c,
0x0776170c,
0xdd050082,
0xf44f2218,
0x2c057688,
0x0876f80d,
0xf8085a8f,
0x168a0876,
0x0676f803,
0xf001168a,
0x0676fffe,
0xf001348a,
0x0676fff9,
0xf001208a,
0xf895fff4,
0x768030f7,
0x00388c07,
0x0776fff8,
0xf0011c86,
0x0476ffe7,
0x05764b0c,
0x95ffe10c,
0x7620a1f8,
0x011e8606,
0x95ffdaf0,
0x7620a2f8,
0x01208606,
0x80ffd3f0,
0x05760623,
0xf0016a81,
0xf895ffe0,
0x227f30a3,
0x76a3f44f,
0xffd81c05,
0x30a4f895,
0xf240227f,
0x48057617,
0xf895ffd0,
0x100576a5,
0x10057613,
0xf895ffc8,
0x227f30a6,
0x810576f4,
0x95ffc10c,
0x0576a7f8,
0x0576011e,
0x95ffb91e,
0x0576a8f8,
0x05764510,
0x95ffb110,
0x7f30a9f8,
0x0576ef22,
0x95ffaa2e,
0x7f30aaf8,
0x0576f522,
0x95ffa30e,
0x0730abf8,
0x0ff24022,
0x9b2c0576,
0xacf895ff,
0x4f220730,
0x057681f4,
0xff930a81,
0x30adf895,
0xf44f2270,
0x10057683,
0xf895ff8b,
0x227030ae,
0x7621f240,
0xff833005,
0x30aff895,
0x76ee2207,
0xff7c4e05,
0x76b0f895,
0x769d2e05,
0xff742e05,
0x04762300,
0x0576115c,
0x05766d2c,
0x82f44f0e,
0x661c0576,
0x850e0776,
0x5f0e0576,
0x762300ff,
0x76195604,
0x76582a05,
0xf44f0e05,
0x1c057684,
0xf895ff51,
0x810576b1,
0x10067614,
0xf895ff49,
0x227030b2,
0x740576e7,
0xf895ff42,
0x220730b3,
0x0e0576ec,
0xf895ff3b,
0x22e030b4,
0x7603f240,
0xff334a05,
0x76b5f895,
0x76913c05,
0xff2b3c05,
0x30b6f895,
0x76f32207,
0xff242e05,
0x22e02300,
0x0c0576ed,
0x7405761e,
0x0c0576f7,
0x81077618,
0x05768700,
0x07761134,
0x76922a81,
0x760a0e05,
0x472a8107,
0x03600576,
0x0af895ff,
0x40220f31,
0x05763bf2,
0x95fefb10,
0xf0310bf8,
0x90f44f22,
0xf32e0576,
0xb5f895fe,
0x10047630,
0x00810676,
0xf895feeb,
0x2005760c,
0x100576a2,
0xf895fee3,
0x10057608,
0x1005768e,
0xf895fedb,
0x760f30b0,
0xd3428209,
0xb7f895fe,
0xf2220f30,
0x18810576,
0xf895fecc,
0x047630b8,
0x05761b6e,
0x95fec46e,
0x0f30b9f8,
0x0576e822,
0x95febd1e,
0x0576baf8,
0x05768d3c,
0x95feb53c,
0x0576bbf8,
0x05768910,
0x95fead10,
0xf030bcf8,
0x4df24022,
0xa53e0576,
0xbdf895fe,
0x1c810576,
0x200576a7,
0xf895fe9d,
0x0476310d,
0x05760520,
0x95fe9520,
0x05760ef8,
0x06761c81,
0xfe8d2483,
0x76c2f895,
0x76414005,
0x76852005,
0x764c8105,
0x06766004,
0xfe7d4c81,
0x7607f895,
0x430c8205,
0x75200576,
0x0ff895fe,
0x07500576,
0x00840676,
0xbef895fe,
0xf0220f30,
0x2e810576,
0xf895fe66,
0x810576bf,
0x0576154c,
0x95fe5e1e,
0x0576c0f8,
0x76800e81,
0xfe564e05,
0x76c1f895,
0x06761005,
0x764e3084,
0x04767e05,
0x7e067630,
0x6e057646,
0x765e0476,
0x763e6e06,
0x761c8205,
0x06761004,
0xfe361c82,
0x76abf895,
0x06761005,
0x762e5a85,
0x0f6a8205,
0x6a820976,
0x82057626,
0x6004761e,
0x1e820676,
0xf895fe1e,
0x22f03109,
0x810576ea,
0x95fe171e,
0x0576c3f8,
0x76a13884,
0x760f1e05,
0x705c8205,
0x5c820976,
0xf895fe07,
0x860576ae,
0x86067638,
0x95fdff08,
0x0576acf8,
0x86067620,
0x95fdf738,
0x0730c4f8,
0x0576f122,
0x95fdf04e,
0xe030c5f8,
0x9cf44f22,
0xe81e0576,
0xc6f895fd,
0x8c5e0576,
0xe0100576,
0xc7f895fd,
0x394e0576,
0xd84e0576,
0x70100576,
0xd0100976,
0xc8f895fd,
0xa45e0576,
0xc8300576,
0x8b0676fd,
0x8506766a,
0x60fdc120,
0x12850576,
0x2c057609,
0x0e0576ba,
0x780576e0,
0x280576b4,
0xae0c0676,
0x0b260776,
0xa7260576,
0x76420776,
0xa0568706,
0xdb2211fd,
0x88260576,
0xdc2211fd,
0x830a0576,
0x8c0876fd,
0x01837328,
0x51f3012e,
0xfc230083,
0x0776d822,
0x0f230026,
0x0576d922,
0x95fd820c,
0xc120c9f8,
0x690c0576,
0xda682bfd,
0x04d51a01,
0x07766623,
0xfd735a89,
0xf2402380,
0x0e077652,
0x0e05766c,
0x0e077651,
0x7640fd65,
0xfd5e1c0b,
0x20caf895,
0x480576c2,
0x0c047645,
0x71224030,
0x0ff00321,
0x06462003,
0x882b053b,
0x982340bf,
0x012300bf,
0x057649f0,
0x7122801e,
0x1b462021,
0x1c067609,
0x1c077680,
0xf895fd3b,
0x220f30cb,
0x480576c3,
0x0e057634,
0x76702240,
0xfd254815,
0x76072360,
0xfd1f7e07,
0x20ccf895,
0x360576c4,
0xf895fd06,
0x76c520cd,
0x76000c05,
0x76301804,
0x04763e04,
0xf1f2413c,
0x8e231082,
0x05340776,
0x012301fd,
0x05768f22,
0x76fcff28,
0x06762804,
0xf2410e81,
0x762082e7,
0xfcf22609,
0x76022302,
0xfcec2607,
0x76cdf895,
0x82dc4e0b,
0x28097640,
0x2304fcde,
0x28077604,
0x280576d8,
0xd24e0876,
0x09768082,
0x08fccb26,
0x07760823,
0x95fcc526,
0xc620cef8,
0xac0c0576,
0xcff895fc,
0x0576c720,
0x95fca60c,
0xc820d0f8,
0xa00c0576,
0xd1f895fc,
0x0576c920,
0x00fc9a0c,
0x0576ca22,
0x00fc950a,
0x0576cb22,
0x00fc900a,
0x0576cc22,
0x00fc8b0a,
0x0576cd22,
0x00fc860a,
0x0576ce22,
0x00fc810a,
0x0676cf22,
0x00fc5a8b,
0x0576d022,
0x00fc770a,
0x0576d122,
0x0ffc720a,
0x5ff24023,
0x81067611,
0x05767e1a,
0x0776650e,
0x95fc770e,
0x4020d2f8,
0x057661f2,
0xfc5d6e84,
0x20d3f895,
0x76b1f44f,
0xfc5a8706,
0x20d4f895,
0x7663f240,
0xfc4f1c05,
0x20d5f895,
0x76b2f44f,
0xfc481c05,
0x769e22f0,
0xfc435e05,
0x20d6f895,
0x0c057692,
0xf895fc3d,
0x769320d7,
0xfc370c05,
0x20d8f895,
0x76bbf240,
0xfc300e05,
0x20d9f895,
0x762ff44f,
0xfc293e05,
0x76942360,
0x362a8207,
0xd423c0fc,
0x760c0776,
0x20db2604,
0x87067691,
0xf895fc5a,
0x76d220dc,
0xfc110c05,
0x20ddf895,
0x0c0576d3,
0x0576fc0b,
0x05760081,
0x7631669e,
0xfc151205,
0xf544200a,
0x2308fb50,
0x480776e6,
0x1205760c,
0x0876fb47,
0xf0010e94,
0x12057603,
0x2300fb3e,
0x76e62208,
0xfbfa3605,
0x35120476,
0xc668aefb,
0x0066c0f3,
0x01d1692e,
0x14f44f23,
0x46910576,
0x76ebf001,
0xfb261e05,
0x140b7606,
0x2310fbe1,
0x06764631,
0x0b76db0c,
0x76fbd50c,
0x01189208,
0x33fbcff0,
0x93067646,
0xc9f0011a,
0x930876fb,
0xc3f0011a,
0x930a76fb,
0xbcf0011a,
0x930676fb,
0xa4f0011a,
0x930676fb,
0x9ff0011a,
0xed720576,
0x930876fa,
0xa9f0011a,
0x930676fb,
0x33fae31a,
0x05761046,
0x0876169e,
0x10fada26,
0x07760223,
0x76fb9626,
0xfac00604,
0x3e930876,
0xfbd9f001,
0x93057603,
0x9df0013e,
0x820a76fe,
0x05768226,
0x76fabd3a,
0x7926820a,
0xb4120576,
0x06f895fa,
0x4f224031,
0x057622f4,
0xfb6e1c83,
0x10100476,
0x66100976,
0x20100576,
0x5e100976,
0x402300fb,
0x8af24022,
0x57560576,
0x0c1e0576,
0x4f1e0976,
0x1b68abfb,
0x76d40f01,
0xfb44440e,
0x76daf895,
0x26388a05,
0x10047641,
0xf8d5fb3c,
0xf012209c,
0xf0010201,
0x04768140,
0x7661847c,
0xfb1d1804,
0xf2402202,
0x24057621,
0x2220fb17,
0x7622f240,
0xfb110c05,
0xf2402204,
0x0c057623,
0x2216fb0b,
0x7624f240,
0xfb050c05,
0x46202225,
0x4125f240,
0xfafff001,
0x011868ab,
0x8173f141,
0x6aa30676,
0xfaf6f001,
0x2e940676,
0xfaf1f001,
0x44a40676,
0xfaecf001,
0xe71e0876,
0x449e0776,
0x76e2f001,
0x016c9e07,
0x76faddf0,
0x0144a406,
0x0976d8f0,
0x76fad33c,
0x0144a406,
0x0976cef0,
0x0976c93c,
0x0976c43c,
0xc8fabf3c,
0x0df54420,
0xa40a76fa,
0xc8f00144,
0x422101fa,
0x0a047622,
0x68abfab0,
0xa40d7619,
0xb9f00144,
0xa40876fa,
0xb3f00144,
0xa40a76fa,
0xacf00144,
0xa40876fa,
0xa6f00144,
0xa40876fa,
0xa0f00144,
0xa40876fa,
0x87f00144,
0xa40876fa,
0x81f00144,
0xa40a76fa,
0x8df00144,
0xa40876fa,
0x74f00144,
0xa40876fa,
0x6ef00144,
0xa40a76fa,
0x7af00144,
0x760e0576,
0x0144a406,
0x76fa73f0,
0x2044a406,
0x01211346,
0xb5fa6cf0,
0xf100e6f8,
0x2023004a,
0x206078f4,
0x16000bf0,
0xc004c046,
0x33f8520c,
0xc3ea4f10,
0x4142880c,
0x62809cf0,
0x03685244,
0x0623003a,
0x4901c3eb,
0x05768a68,
0x33f85614,
0xa5087660,
0x74f02200,
0xd2433202,
0x31f001b2,
0xa50876fa,
0x10f02208,
0x16ea4202,
0x16047622,
0x0876fa26,
0xf00112a5,
0x0876fa20,
0xf00112a5,
0x0876fa1a,
0xf00112a5,
0x0876fa14,
0xf00112a5,
0x0876fa0e,
0xf00112a5,
0xf895fa08,
0x761c20ed,
0xfa020c05,
0x011a68ab,
0xa5097624,
0xf9f00112,
0xa50876f9,
0xf3f00112,
0xa50876f9,
0xedf00112,
0xa50a76f9,
0x0102ef12,
0x4af9e5f0,
0x16a50576,
0xf9e0f001,
0x16a50876,
0xf9daf001,
0x16a50a76,
0xf9e6f001,
0x16a50a76,
0xf9dff001,
0x16a50a76,
0xf9d8f001,
0x16a50a76,
0xf9d1f001,
0x16a50a76,
0xf9caf001,
0x16a50a76,
0xf9c3f001,
0x16a50a76,
0xf9bcf001,
0x348f0676,
0x800df301,
0x30fbf895,
0xb2db3b03,
0x24a50676,
0xf9aef001,
0xf85a0576,
0x24a50a76,
0xf9a4f001,
0x24a50876,
0xf98bf001,
0x24a50a76,
0xf997f001,
0x24a50876,
0xf97ef001,
0x24a50876,
0x46203b01,
0xf001b2db,
0x0876f988,
0xf00128a5,
0x0a76f96f,
0xf00128a5,
0x0a76f97b,
0xf00128a5,
0x0e057674,
0x28a50676,
0x766df001,
0x19769e05,
0x72840576,
0x0876f967,
0xf00128a5,
0xf44ff961,
0xf544707a,
0x0876f89b,
0xf00128a5,
0x0876f9a3,
0xf93f0086,
0x129b0676,
0xf93af001,
0x129b0876,
0x0876f935,
0xf9302886,
0xf544200a,
0x68abf87e,
0xd505011b,
0xa507764a,
0x24f00128,
0x1e68abf9,
0x00d50501,
0xa5067623,
0x2ef00126,
0x1868abf9,
0x4ad50401,
0x20462946,
0xf2f7fe46,
0xc368abfc,
0x037300f3,
0x542340b1,
0x0576c021,
0xf91c4e86,
0x3098f8d5,
0xf14007d9,
0x4849832e,
0xfad2f001,
0x3134f895,
0xf240227f,
0x8d057675,
0x95f90c2c,
0x7f3135f8,
0xbbf44f22,
0x00890576,
0xf895f904,
0x20057636,
0x20057677,
0xf895f8fc,
0x20057637,
0x200576bc,
0xf895f8f4,
0x20057638,
0x20057679,
0xf895f8ec,
0x20057639,
0x200576bd,
0xf895f8e4,
0x2005763a,
0x2005767b,
0xf895f8dc,
0x2005763b,
0x200576be,
0xf895f8d4,
0x2005763c,
0x2005767d,
0xf895f8cc,
0x1005763d,
0x98067687,
0xf895f800,
0x3005763e,
0x300576c4,
0xf895f8bc,
0x2005763f,
0x20057689,
0xf895f8b4,
0x20057640,
0x200576c5,
0xf895f8ac,
0x20057641,
0x2005768b,
0xf895f8a4,
0x20057642,
0x200576c6,
0xf895f89c,
0x20057643,
0x2005768d,
0xf895f894,
0x20057644,
0x200576c7,
0xf895f88c,
0x20057645,
0xe003118f,
0xf10025b4,
0xf100268e,
0x7f1a0476,
0x46f895f8,
0x991a0576,
0x773a0576,
0x47f895f8,
0xcd3a0576,
0x6f3a0576,
0x48f895f8,
0x9b200576,
0x67200576,
0x49f895f8,
0xce200576,
0x009c0676,
0x4af895f8,
0x9d200576,
0x57200576,
0x4bf895f8,
0xcf200576,
0x008c0676,
0x4cf895f8,
0x9f200576,
0x47200576,
0x4df895f8,
0xd0200576,
0x3f200576,
0x4ef895f8,
0xa1200576,
0x37200576,
0x4ff895f8,
0xab100576,
0x2f100576,
0x50f895f8,
0xd6300576,
0x27300576,
0x51f895f8,
0xad200576,
0x1f200576,
0x52f895f8,
0xd7200576,
0x17200576,
0x53f895f8,
0xaf200576,
0x0f200576,
0x54f895f8,
0xd8200576,
0x00980676,
0x55f895f8,
0xb1200576,
0x00462011,
0x95fffff0,
0x057656f8,
0x7671d920,
0xfff71004,
0x7657f895,
0x76b32005,
0xffef2005,
0xf24023f0,
0x9205765d,
0xe8f0001e,
0x4f23f0ff,
0x0576daf4,
0xf0000090,
0x2310ffe1,
0x76dbf44f,
0xffda0e07,
0x22102300,
0x76100476,
0xffd30e04,
0x1c0b7620,
0x2300ffcc,
0x1c097620,
0x7640ffc5,
0xffbe1c0b,
0x76402300,
0xffb71c09,
0x1c0b7680,
0x2300ffb0,
0x1c097680,
0x2301ffa9,
0x76b7f240,
0xa20c8107,
0x012300ff,
0x10047622,
0x9b0e0476,
0x0b7602ff,
0x00ff941c,
0x09760223,
0x04ff8d1c,
0x861c0b76,
0x042300ff,
0x7f1c0976,
0x0b7608ff,
0x00ff781c,
0x09760823,
0x10ff711c,
0x6a1c0b76,
0x60810576,
0x631c0876,
0xb91c0576,
0x5c1c0776,
0xb91c0776,
0x551c0576,
0x0b7620ff,
0x05764e1c,
0x08767c81,
0x40ff471c,
0x401c0b76,
0x7c810576,
0x391c0876,
0x0b7680ff,
0x0576321c,
0x08767c81,
0x01ff2b1c,
0xddf44f23,
0x18820776,
0x81057624,
0x1004767c,
0x1d0e0476,
0x0b7602ff,
0x0576161c,
0x08767c81,
0x04ff0f1c,
0x081c0b76,
0x7c810576,
0x011c0876,
0x0b7608ff,
0x00fefa1c,
0x09760823,
0x10fef31c,
0xec1c0b76,
0x830676fe,
0x1c06765c,
0x1c0576e5,
0x1c0776de,
0x1c0776de,
0x1c0576de,
0x7620fed7,
0xfed01c0b,
0x78830676,
0xc91c0676,
0x0b7640fe,
0x76fec21c,
0x76788306,
0xfebb1c06,
0x1c0b7680,
0x930576b4,
0x1c087628,
0x2301fead,
0x76bdf240,
0xa6188207,
0x830676fe,
0x0576bd78,
0xfe9f1882,
0x1c0b7602,
0x0676fe98,
0x06767883,
0x04fe911c,
0x8a1c0b76,
0x830676fe,
0x1c067678,
0x7608fe83,
0x767c1c0b,
0x767c8105,
0xfe751c08,
0x1c0b7610,
0x8105766e,
0x1c087660,
0x2320fe67,
0x76bff240,
0x76601c07,
0x76608105,
0x04761004,
0x40fe590e,
0x521c0b76,
0x60810576,
0x4b1c0876,
0x0b7680fe,
0x0576441c,
0x08766081,
0x05763d1c,
0x08766081,
0x0776361c,
0x06766081,
0x05762f1c,
0x08766081,
0x0776281c,
0x06766081,
0x0576211c,
0x08766081,
0x07761a1c,
0x06766081,
0x0576131c,
0x08766081,
0x07760c1c,
0x06766081,
0x0576051c,
0x08762881,
0xfdfe6081,
0x28810676,
0x60810676,
0x9d0576f7,
0x1c08766a,
0x0676fdf0,
0x06762881,
0xd5fde91c,
0xda3098f8,
0x2df14006,
0x0048fd83,
0x95ff9ff0,
0x057610f8,
0x76b63c88,
0xd9288305,
0x11f895fd,
0x3c880576,
0x3005766d,
0xf895fdd1,
0x20057612,
0x840676b7,
0xf895fd00,
0x20057613,
0x2005766f,
0xf895fdc1,
0x20057614,
0x200576b8,
0xf895fdb9,
0x20057615,
0x20057671,
0xf895fdb1,
0x20057616,
0x880676b9,
0xf895fd00,
0x20057617,
0x20057673,
0xf895fda1,
0x20057618,
0x200576ba,
0xf895fd99,
0x10057619,
0x100576bf,
0xf895fd91,
0x3005761a,
0x3005767f,
0xf895fd89,
0x2005761b,
0x200576c0,
0xf895fd81,
0x2005761c,
0x20057681,
0xf895fd79,
0x2005761d,
0x200576c1,
0xf895fd71,
0x2005761e,
0x20057683,
0xf895fd69,
0x2005761f,
0x200576c2,
0xf895fd61,
0x20057620,
0x84067685,
0xf895fd00,
0x20057621,
0x200576c3,
0xf895fd51,
0x10057622,
0x100576c8,
0xf895fd49,
0x30057623,
0x30057691,
0xf895fd41,
0x20057624,
0x200576c9,
0xf895fd39,
0x20057625,
0x20057693,
0xf895fd31,
0x20057626,
0x200576ca,
0xf895fd29,
0x20057627,
0x84067695,
0xf895fd00,
0x20057628,
0x200576cb,
0xf895fd19,
0x20057629,
0x20057697,
0xf895fd11,
0x2005762a,
0x200576cc,
0xf895fd09,
0x1005762b,
0x880676d1,
0xf895fd00,
0x3005762c,
0x300576a3,
0xf895fcf9,
0x2005762d,
0x200576d2,
0xf895fcf1,
0x2005762e,
0x840676a5,
0xf895fc00,
0x2005762f,
0x200576d3,
0xf895fce1,
0x20057630,
0x200576a7,
0xf895fcd9,
0x20057631,
0x200576d4,
0xf895fcd1,
0x20057632,
0x200576a9,
0xf895fcc9,
0x20057633,
0x200576d5,
0x760ffcc1,
0xba4e8c0b,
0x0976f0fc,
0xf000089f,
0x2301fcb3,
0x76b5f240,
0xfcac0e07,
0x14860676,
0x480576b5,
0x7602fca5,
0xfc9e1c0b,
0x14860676,
0x971c0676,
0x0b7604fc,
0x76fc901c,
0x76148606,
0xfc891c06,
0x1c0b7608,
0x0676fc82,
0x06761486,
0x10fc7b1c,
0x741c0b76,
0x870676fc,
0x1c067674,
0x7620fc6d,
0xfc661c0b,
0x74870676,
0x5f1c0676,
0x0b7640fc,
0x76fc581c,
0x764c8606,
0xfc511c06,
0x1c0b7680,
0x0676fc4a,
0x06764c86,
0x01fc431c,
0x688d0b76,
0x8105763c,
0x8d087660,
0x05763568,
0x0776dc1c,
0x07762e1c,
0x0576dc1c,
0x02fc271c,
0x201c0b76,
0x7c810576,
0x191c0876,
0x0b7604fc,
0x0576121c,
0x08767c81,
0x08fc0b1c,
0x041c0b76,
0x7c810576,
0xfd1c0876,
0x0b7610fb,
0x76fbf61c,
0x76508b06,
0xfbef1c06,
0x1c097620,
0xbf00e002,
0xf1002698,
0xfbe4f000,
0x588b0676,
0xdd240676,
0x0b7640fb,
0x0576d640,
0x0876109e,
0x80fbcf1c,
0xc81c0b76,
0x26a10576,
0xc11c0876,
0x0b7601fb,
0xfbba708d,
0x64830676,
0x708d0676,
0x1c0576b3,
0x840876bb,
0x1c077600,
0x840676bb,
0x7602fb00,
0xfb9e1c0b,
0x00840676,
0x971c0676,
0x0b7604fb,
0x76fb901c,
0x76008406,
0xfb891c06,
0x1c0b7608,
0xa1057682,
0x1c08767c,
0x7610fb7b,
0x76741c0b,
0x76048205,
0xfb6d1c08,
0x1c0b7620,
0x81057666,
0x1c08767c,
0x7640fb5f,
0x76581c0b,
0x760ca007,
0x76511c06,
0x7608c205,
0x764a1c08,
0x767c8105,
0xfb431c08,
0x8d0b7601,
0x05763c70,
0x08766081,
0x7635708d,
0x76df1c05,
0x76008408,
0x76df1c07,
0xfb008406,
0x1c0b7602,
0x81057620,
0x1c08767c,
0x7604fb19,
0x76121c0b,
0x767c8105,
0xfb0b1c08,
0x1c0b7608,
0x81057604,
0x1c08767c,
0x7610fafd,
0xfaf61c0b,
0x00840676,
0xef1c0676,
0x0b7620fa,
0x76fae81c,
0x76788306,
0xfae11c06,
0x1c0b7640,
0xbf0576da,
0x1c08764e,
0x7680fad3,
0x76cc1c0b,
0x76409f05,
0xfac51c08,
0x708d0c76,
0x0c76fabe,
0x76b7708d,
0x007ea20d,
0x0576aff0,
0xa2087610,
0xa7f0003a,
0x76100576,
0x007ea208,
0x05769ff0,
0xa2067676,
0x98f0007e,
0x761e0576,
0x007ea208,
0x76fa90f0,
0x764ea506,
0x0e76b900,
0x33fa8446,
0xa2087646,
0x7df0007e,
0xa20876fa,
0xe3f0007e,
0xa2087680,
0x5ef0007e,
0xa20876fa,
0x58f0007e,
0xa20876fa,
0x52f0007e,
0xa20876fa,
0x4cf0007e,
0xa20876fa,
0x46f0007e,
0xa20876fa,
0x40f0007e,
0x10f242fa,
0x8df54370,
0xf8e8bdf9,
0x022e0683,
0xfe2310dc,
0x0bb9a7f7,
0x20bfd82e,
0x30bfc823,
0xa0f7fe23,
0xf32e04b9,
0xf52e09dd,
0x082e06e7,
0x077654dc,
0xf00026ad,
0x2305fa35,
0xbcabf7fe,
0xdc082e0b,
0x160976a8,
0x760afa2a,
0xfcbc3404,
0x1abc0776,
0xfa21f000,
0xf7fe230f,
0x2e04bc97,
0x2e09dde0,
0x2300e7e8,
0x768e2210,
0xfa142c05,
0xf7fe2300,
0x2300bd0d,
0x12077620,
0x1205760b,
0x2300bd17,
0x12077640,
0x12057602,
0x2300bd22,
0x12077680,
0x0476f9f9,
0x76bd2c12,
0xde008208,
0x097680f9,
0x76d86881,
0x14189d05,
0x097608d5,
0xf9cf1282,
0x82097610,
0x38f9c912,
0x06820976,
0x2274f9c3,
0xbebcf7fe,
0x761e0476,
0xf9ba2a06,
0x2a097602,
0x7648f9b4,
0xf9ae2a09,
0xf7fe2271,
0x3301bea7,
0xf47e2b17,
0x482daf59,
0xfb75f000,
0xf7fe2200,
0x0676bf5c,
0x29af5a14,
0x00260048,
0x76fb6af0,
0xf6401404,
0x45983375,
0xf895dc04,
0x3b0530fb,
0xbfedf7fe,
0x6f48f5b8,
0xafeff73e,
0xbfe4f7fe,
0x209e0676,
0xfd62f7fd,
0xb85df7ff,
0x44810876,
0x810b767c,
0xf9007644,
0x011b68ab,
0x810b7613,
0x0b766d44,
0x76674481,
0x6144810b,
0x192274f9,
0x810a76e7,
0x0b765942,
0x76534281,
0x4d42810b,
0x052271f9,
0x00266ce7,
0x00267af1,
0x000000f1,
0x00000900,
0x00000400,
0x00000a00,
0x00001000,
0x00000b00,
0x00001400,
0x00000c00,
0x00002000,
0x00000d00,
0x00002400,
0x00000e00,
0x00003000,
0x00000f00,
0x07763400,
0x0000402c,
0x00001200,
0x07764400,
0x00005034,
0x00001600,
0x00005400,
0x00001800,
0x00006000,
0x00001700,
0x00006400,
0x00001100,
0x00007000,
0x00001300,
0x00007400,
0x04761500,
0x0000107d,
0x00000019,
0x00001004,
0x4404761a,
0x1c000010,
0x10780476,
0x761d0000,
0x00107804,
0x04761e00,
0x00001078,
0x7804761f,
0x81067610,
0x74656714,
0x206c6320,
0x6c696166,
0x05760a0d,
0x20726d0e,
0x616c0076,
0x08766575,
0x65707214,
0x74696272,
0x77000a0d,
0x800a0976,
0x002301b5,
0x1aaf0021,
0xdcf00046,
0x80bd80f8,
0x012300b5,
0x19af0022,
0xd4f00046,
0x98bd80f8,
0xcef240b5,
0x76238f21,
0x46042204,
0xf8caf000,
0xf5432001,
0x2380f805,
0x0476228f,
0x0046201a,
0x01f8c0f0,
0xfbf54220,
0x76238fff,
0x06761204,
0x76b65685,
0x76f11405,
0x76cd1405,
0x76ac1407,
0xffe71405,
0xcd3c0676,
0xa23c0576,
0xdd140576,
0x98280d76,
0xd3140576,
0x0f4620ff,
0x002a0776,
0x76f88ef0,
0x21ce0e08,
0xf887f000,
0x22802300,
0x4205765a,
0x2e057681,
0x2380ffbc,
0x4007765a,
0xbd98f878,
0x00010000,
0x76040476,
0xb5b00806,
0xb0824b0a,
0x4c09af00,
0x0508f107,
0x0080eb05,
0x0018e887,
0xf8503708,
0xf8c55c08,
0xf85513f8,
0xb2c00022,
0xbdb046bd,
0x8000bf00,
0x8000f018,
0xb5f0f00f,
0x4d0d2afe,
0xaf00b083,
0x3604760d,
0x80eb0606,
0x7c603d00,
0x08f85060,
0xc6d1046c,
0x0c33f8f8,
0xf046bd37,
0x140776bd,
0xf8f8c00c,
0x22f84613,
0x76e7f330,
0xb580440a,
0x6800af00,
0xb580bd80,
0xaf006001,
0xf100bd80,
0xb5804070,
0x3000f500,
0xc0180876,
0x762003f3,
0xb5801a04,
0x0676b2c0,
0xc1b2ca08,
0x002103f3,
0xa4f7ffaf,
0x100476ff,
0xb2ca4613,
0x0476af00,
0xb5f7ff14,
0x98bd80ff,
0x0b7614b5,
0x20ff9212,
0x2dbd9840,
0xcc43f8e9,
0x26380476,
0x46154699,
0x46224631,
0x4680af00,
0xff83f7ff,
0x0005ea20,
0x0509ea05,
0x43054622,
0xb2eb4631,
0x04764640,
0xf8e8bd34,
0x5a047683,
0xe1660476,
0x1c540576,
0xd10c0576,
0xc04120ff,
0x98bd98b2,
0x3caf00b5,
0x03fa047c,
0xffb2dbf3,
0x76ffd0f7,
0x46056206,
0xaf00460e,
0x46994690,
0x2002240a,
0xff02f542,
0x46284631,
0xffa5f7ff,
0x0008ea00,
0xd0044548,
0xd1f23c01,
0x04764620,
0x7620015e,
0xe92d0604,
0x768041f0,
0x1e02d205,
0xddf7ff46,
0x484604ff,
0x404629b9,
0x8bf7ff46,
0x034632ff,
0x03462946,
0x5ef00048,
0x340476f9,
0xbf0081f0,
0xf10029cc,
0x43b0e92d,
0x76162500,
0x15308305,
0x00f04f4a,
0x00f04f08,
0x21f85309,
0x08f10740,
0x014b1201,
0x3e830576,
0x2203000c,
0xf85000a4,
0xf4041c08,
0x440c747f,
0x23f8f8c1,
0xf854462a,
0x21000b04,
0xf5423508,
0x2d40ee0a,
0x0800ea48,
0x0901ea49,
0x4640d1f2,
0x37084649,
0xe8bd46bd,
0x913083b0,
0x0a76f100,
0x40422083,
0xaf00400a,
0xbd804050,
0xb5b03101,
0x24016805,
0xfa04af00,
0x4094f101,
0xf202fa03,
0x406a1b09,
0x40694011,
0xbdb06001,
0x63656863,
0x7968706b,
0x78305b20,
0x78333025,
0x30253d5d,
0x65207832,
0x726f7272,
0x0476203a,
0xff000a0c,
0x00ffffff,
0x76000000,
0x04760404,
0x20b59004,
0x000403f0,
0xc00003f0,
0x2322ff00,
0x82b2c968,
0x23af0040,
0x010302ea,
0x18f000fa,
0x90602043,
0xf0e92dbd,
0x91460e47,
0x00b09446,
0x3d469aaf,
0x7cb99846,
0x3821301c,
0xe0f7ff46,
0xb146a0ff,
0x2145a846,
0x08eba4d1,
0x30210004,
0xd6f7ff19,
0x504620ff,
0x4a810576,
0x463c87f0,
0xf8f9fbb0,
0x0018fb09,
0xf0204450,
0x04760303,
0x2000c168,
0x1b340146,
0x01fa2368,
0xffb2c9f1,
0x40ffbef7,
0xea280046,
0x08e7d9d1,
0x4838fff1,
0x03f02846,
0x01f10903,
0x08681909,
0xdb0303f0,
0x7640d900,
0xffab2604,
0xb580e7cb,
0x7082f44f,
0xf7ffaf00,
0xb2c0feac,
0xb5b0bd80,
0xaf004c0b,
0x33016823,
0xf44fd10e,
0xf7ff7080,
0x4605fea0,
0xad0a0476,
0x9af7ffb2,
0x000a00fe,
0x282070f4,
0x20602043,
0x00bdb068,
0x0029f0bf,
0x76b580f1,
0xffe24004,
0x20e4f5a0,
0x63cef46f,
0x28044418,
0x2301d809,
0xf000fa03,
0x0f15f010,
0x30fff04f,
0x2002bf18,
0x0476bd80,
0x98bd800a,
0x057604b5,
0x76c97884,
0x6f233204,
0x1362cef4,
0x0a2b0444,
0x982001d8,
0x15f01040,
0x02d00600,
0x00bf882c,
0x01bf9820,
0x00bd9820,
0x09769820,
0x03ffca32,
0x5842581b,
0x120a7641,
0x440d76a7,
0x4409760b,
0x1ee0d007,
0x0e762801,
0x0db5b046,
0x05761446,
0x08ffbe36,
0xb02000b9,
0xa1f7ffbd,
0xf94285ff,
0xff4620d1,
0x00ffd6f7,
0x01bf1830,
0x03bdb020,
0x00b5804b,
0x597018af,
0x80609a60,
0xf4bf00bd,
0x02f10029,
0x78140676,
0x0f100876,
0xf0e92db4,
0x8b4e7d4f,
0x00af00b0,
0xeef0402e,
0x50f10780,
0x59463409,
0x152b04f8,
0x01f10278,
0x002d0008,
0x2580e3f0,
0xcef0402d,
0x2d785380,
0x02d02a2b,
0x000802f1,
0x30607a22,
0x98d1292b,
0x083000f8,
0x4f0801f1,
0x000b01f0,
0xa3200a25,
0xd10230f1,
0x1f2909b2,
0x092b2ed9,
0x0b1e0576,
0x760b01f1,
0x04762204,
0x182a091a,
0x1d2b64d9,
0x58d818d0,
0x63d01a2b,
0x18d05a2b,
0x4246ca46,
0x52fe44f5,
0x03f102e0,
0x01789308,
0x4fe7d222,
0xd80b00f0,
0x05fb00e7,
0x01f81825,
0x76e7d53b,
0xe7df0604,
0xd0382b73,
0xd1e62b78,
0x0a04f109,
0x0000f8d9,
0xd0052b64,
0xd0242b78,
0xd1292b58,
0xe0214b4e,
0xda1b2800,
0xf04f4240,
0x4b4b092d,
0xf107220a,
0xf1070108,
0xf7ff0408,
0x4606feae,
0xf1b91bad,
0xd02a0f00,
0xf1bb3d01,
0xd0750f00,
0xf5424648,
0x687bfe0a,
0xf04fb34b,
0xe0370b30,
0x0900f04f,
0x4b3ee7e3,
0x38057610,
0xfe94f7ff,
0x04764606,
0xd9e0073e,
0x764000f8,
0x46207204,
0xee84f005,
0x04764606,
0x99e7d72a,
0x760000f8,
0xf5421604,
0xe04bfde7,
0xd8540476,
0x3b687bd1,
0x20f04fb3,
0xd7e0100b,
0x769004f8,
0x462b5804,
0xdc202b00,
0xea251e6b,
0x765d75e5,
0x02028105,
0xcd7a0576,
0xa646a1fd,
0x230309eb,
0x172b0044,
0xe6ea26dc,
0x1c3e0173,
0x7b1af644,
0x00b32b68,
0x58dd232d,
0x423d0146,
0xf8fdbaf5,
0x500476e7,
0x4658e7db,
0xf542603b,
0x683bfdb2,
0xe7d53b01,
0xbb01f819,
0xf5424658,
0xf1bbfdaa,
0xd1da0f0a,
0xf542200d,
0xe7d6fda4,
0xf5424628,
0x2d0afda0,
0x12057602,
0x46cafd9b,
0x464246d1,
0x687be71c,
0xd0da2b00,
0xc04a0476,
0x2c2000e7,
0x7e860676,
0x70b0044f,
0x00000047,
0x002e1200,
0x002df6f1,
0x762e01f1,
0xfe008606,
0x323130e7,
0x36353433,
0x00393837,
0x610b0a76,
0x65646362,
0x110b7666,
0x44434241,
0x00004645,
0x43f8e92d,
0x4616460c,
0x2210af00,
0x46052100,
0xfd0ef7ff,
0x46812c04,
0x2c03d025,
0x7e890676,
0xbf08043f,
0xb2e4241f,
0x762221d5,
0xfe708a05,
0xdb1983fc,
0xd54622b2,
0x0e047621,
0xf1b9fd01,
0xd10c0f00,
0x0676221f,
0x00fcef10,
0xdb0310f1,
0xd64642b2,
0xf1100576,
0xf8e8bdfc,
0x1ff04f83,
0xdc243f08,
0xf8e92de7,
0x4f2a034f,
0x4f0308f0,
0x180400f0,
0x002310bf,
0x164605af,
0xa1469a46,
0x0146a046,
0x17f54220,
0x3e2280fc,
0xca3a0576,
0x832240fc,
0x0c067646,
0xf1bbfcc4,
0xd0140f80,
0xd0122840,
0x46314652,
0xf1084628,
0xf7ff0801,
0xf1b8ffa0,
0xdc040f3f,
0x0f40f1b9,
0x2c00d001,
0xf04fd0dd,
0xe8bd30ff,
0x04768ff8,
0x40d11330,
0x40d02128,
0xfff04f24,
0x8c067632,
0x76ff882c,
0xfc9b5e08,
0xd1192880,
0xd1f03c01,
0xe7dc2440,
0x22012440,
0x77220676,
0x077640ff,
0x40fc8a22,
0x01d10828,
0xedd1f13c,
0x092001e7,
0x420901f1,
0xc6fbc8f5,
0x762000e7,
0x08766004,
0x2a005cde,
0x809ff000,
0x2801b110,
0x2210bf18,
0x4620b2d3,
0xce05761f,
0x74f7ff5a,
0x422001fc,
0x0976aff5,
0xf7ff48bd,
0x0876fc6b,
0xf7ff60cf,
0x2d03fc65,
0x8089f040,
0x76102300,
0xff54d305,
0x02fc5cf7,
0x4022ff23,
0x05764df2,
0xfcfc550e,
0x4f22ff23,
0x767113f4,
0xfc4e0e04,
0x221f2310,
0x7643f240,
0x76471c05,
0x4f06a005,
0x057610f4,
0x20fc401c,
0x1a462023,
0x10047646,
0xfc39f7ff,
0xf5422002,
0xf240fb74,
0x2c05764a,
0x0683fc16,
0x0476d5f8,
0x0576473c,
0x1ffc1f10,
0x4f460622,
0x057612f4,
0x33fc183c,
0x1f460546,
0x72980576,
0xf7ff2141,
0x462bfc1a,
0x04764620,
0xff21422e,
0x33fc13f7,
0x4f0e0576,
0xff711df4,
0x07760cf7,
0x1cf44f1c,
0x05f7ff71,
0x401c0776,
0xff2175f2,
0x76fbfef7,
0x21713808,
0xfbf7f7ff,
0x810b7680,
0xc0fbf012,
0x400e0576,
0xff2177f2,
0x20fbe9f7,
0x9c067646,
0x1c047600,
0x2000fbe2,
0x2310bdf8,
0x34820876,
0xe767fbda,
0xf47f2d04,
0x2310af7a,
0xe772461a,
0x08960676,
0x067601c7,
0x0009508d,
0x76cc0000,
0x04760c07,
0x0776c304,
0x0000050c,
0x0776c800,
0x0704760c,
0x0c0776c4,
0x00000006,
0x0c0776c9,
0x00000007,
0x0c0776ca,
0x00000008,
0x0c0776cb,
0x76606076,
0x76ec0c04,
0x76e4540b,
0x76ed6c0b,
0x76e5540b,
0x76ea540b,
0x00020c07,
0x76e60000,
0x76eb600b,
0x00030c07,
0x76e70000,
0xe840810b,
0x28810b76,
0x787876e9,
0x23780b76,
0x76410476,
0x76187807,
0x04760c07,
0x07762478,
0x2b04760c,
0x0c077619,
0x21780476,
0x760c0776,
0x761a0704,
0x04760c07,
0x07762278,
0x7804760c,
0x0c07761b,
0x1c780476,
0x760c0776,
0x76207804,
0x78760c07,
0x920c7678,
0x08087670,
0x2301b5b0,
0x11c1f240,
0x461aaf00,
0xf7ff4605,
0x2400fa6f,
0xf44f2201,
0x462871f0,
0xfa5ef7ff,
0xd1f62800,
0x2c033401,
0xf240d1f4,
0x047611cf,
0x4ffa4314,
0x0471e7f4,
0x02890576,
0xea40fa3d,
0xbdb02004,
0x9a0776b0,
0x4a04760c,
0x4c460476,
0x3b460d76,
0x20461376,
0x1a460b76,
0x01460976,
0xf1f44f23,
0x81087671,
0x0576290c,
0x13f24046,
0x64890576,
0x460d7618,
0x14057602,
0xf240f9fd,
0x06762101,
0x76f9f746,
0x760c810e,
0x04764a04,
0x0d760646,
0x76f9f546,
0x76da4612,
0x76d4460b,
0x23014609,
0x7616f240,
0x76709b05,
0xf9e34604,
0x3b460676,
0xd2320576,
0x27460d76,
0xb7140576,
0x26f240f9,
0xb1460776,
0x0c810f76,
0x764a0476,
0x76c04604,
0x76af460d,
0x76944613,
0x768e460b,
0x29094609,
0xaf02b082,
0x2a09d813,
0xb2c5d811,
0x2304b2cc,
0xf44f22f0,
0x462871e0,
0xf7ff9400,
0x9400f9bd,
0x220f2300,
0x76f8f44f,
0xb5708205,
0x7646bdf9,
0xf2403618,
0x067611e1,
0x00f9a236,
0x12067694,
0x830576ef,
0x1d769a12,
0x76211536,
0x76873606,
0x08766c07,
0x05767f36,
0xf0000036,
0x0c2909b5,
0x1eb08346,
0x2caf0246,
0x2a2a09d8,
0xc54b17d8,
0xf64a17b2,
0x137f38b2,
0x123021f8,
0x142021f8,
0x24f83149,
0x76900010,
0xf9633804,
0x4a124b12,
0x49124628,
0x3024f813,
0x2024f812,
0x961c0576,
0xf956f7ff,
0x4a0f4b0e,
0x7e38490f,
0x761a0d76,
0xf9483605,
0x9c057604,
0xa8bf004a,
0xd0f1008e,
0xf8f1008e,
0x30f1008e,
0x58f1008e,
0x80f1008e,
0x08f1008e,
0xe0f10097,
0x08f1008d,
0x76f1008e,
0x19148130,
0x14811976,
0x811b760c,
0x76f8fe14,
0x68148108,
0x90f1008d,
0xb8f1008d,
0xf0f1008d,
0x18f1008c,
0x40f1008d,
0xe0f1008d,
0xa0f10096,
0xc8f1008c,
0x8132768c,
0x76f8cf14,
0xc2148118,
0x811a76f8,
0x0976b414,
0x8c281481,
0x8c50f100,
0x8c78f100,
0x8bb0f100,
0x8bd8f100,
0x8c00f100,
0x96b8f100,
0x8b60f100,
0x8b88f100,
0xe92df100,
0x25004ff0,
0xb194f8df,
0xaf02b08d,
0x46884604,
0x46da46a9,
0x61fd61bd,
0x60fd613d,
0x623d617d,
0xf8db627d,
0x22003000,
0x46204641,
0x6a3b4798,
0x22004641,
0x46209301,
0xf8cd6a7b,
0xf8db9000,
0x47b06004,
0x3008f8db,
0xdb1e0476,
0xb8200cf8,
0x90462060,
0x20120476,
0x0a057678,
0x047668bb,
0x20440316,
0x9060bb46,
0x76687947,
0x44011a04,
0x60794620,
0x7b1c1076,
0x4368796a,
0x3b0209ea,
0x1344086a,
0x0468bb43,
0x384283d1,
0x281ac5bf,
0xda1a1dbf,
0xda2010f8,
0x1d4283b9,
0x76d85ed3,
0x8f5c9407,
0x464a6a3b,
0x2101627b,
0xe00361b9,
0x464a6a7b,
0x230161bb,
0x60f96a39,
0xf8c76a79,
0x46919010,
0x22016179,
0x623a627b,
0x2a01e79e,
0x4283d1e4,
0x6a7ad93c,
0x76192a01,
0x1ac05605,
0x1a18bf28,
0x428369fb,
0x76dad2d7,
0xfb60810b,
0x3b930168,
0x7b930069,
0x04f8da69,
0x16067650,
0xe7c547a8,
0xc3340476,
0x1bbf281a,
0x13f1b91a,
0x0e61fb0f,
0xab69fbd9,
0x76d9b942,
0x23003c0c,
0x93009301,
0xe2380476,
0x006a3be7,
0xbbd0ae2b,
0x01f10961,
0xb36a7b02,
0xbad2a4e7,
0x011ac069,
0xbae0022a,
0x011a1869,
0x7bd0c12a,
0x0161f86a,
0x76d1a22b,
0xd9035004,
0x429d69fb,
0xe7d7d292,
0x00300676,
0x00e79421,
0x003364bf,
0x0ab5f8f1,
0x32eb0576,
0xd01e2901,
0xd0372902,
0xd14e2900,
0x88057602,
0xb1f7fe00,
0x242360ff,
0xf543634e,
0x1e336018,
0x20682a44,
0x11350c46,
0xe5f7ff46,
0x04f815fd,
0x08f8352c,
0xfe46201c,
0xb5ff71f7,
0xf8d1f042,
0x057602bd,
0xf7fe0088,
0x2378ff96,
0x36057618,
0x361b7678,
0x36077656,
0x2115f240,
0xf7fe4e0d,
0x2378ff7b,
0xe6341276,
0x3c340d76,
0xc4340776,
0x84f10030,
0x74f10031,
0x84067632,
0x042b0260,
0x02b08546,
0x7a4698af,
0x76f20060,
0x2b018300,
0x4ed6b2c5,
0x81b7f000,
0x0901f04f,
0xf8cd2b02,
0x464b9000,
0x0206f04f,
0x828bf000,
0x11c1f240,
0xf7fe4628,
0x0476ff50,
0x89067618,
0x12067602,
0x12057647,
0x22c02306,
0x71eef44f,
0x3e120476,
0x0cc10776,
0x462011f1,
0xa318f8df,
0x760df7fe,
0xf846c207,
0x12047671,
0xf7feb308,
0xc1077604,
0x2011df68,
0xfdf7fe46,
0x1e0876fe,
0xff11f7fe,
0x0b180a76,
0x057608ff,
0x04765682,
0x76ff050c,
0x76628206,
0xfeff0c04,
0x0c097604,
0xf44ffef9,
0xf541707a,
0xc0077619,
0x1606763e,
0x7680fed4,
0xfee84609,
0x0c097640,
0x2260fee2,
0x2300499e,
0x61334362,
0x0902eb01,
0xeb013260,
0x4b9a0802,
0x4a9a4620,
0x1000f8d9,
0x0408e886,
0xb00cf8c6,
0xf7ff60b2,
0x687bfe3c,
0xd1062b03,
0x1004f8b9,
0x8f3c0476,
0x08f8c9fe,
0x0cf10900,
0xe545c109,
0x70830776,
0xb8180476,
0xf02300fe,
0x76930022,
0x23041004,
0xf7fe4628,
0xbf0576bd,
0x0576f140,
0xf7fe60b0,
0x2302fe8e,
0x2e0976f2,
0x7682fe87,
0xfe800e0b,
0x0e0b7692,
0x7612fe79,
0xfe720e0b,
0x0e0b7652,
0x7672fe6b,
0xfe640e0b,
0x0e0b7662,
0x7642fe5d,
0x76560e0b,
0xfe4f700d,
0x0e0b7600,
0x1c057648,
0x76e1f240,
0x410e8205,
0x76380576,
0x763a0e08,
0x08767005,
0x0576330e,
0x0e087670,
0x7005762c,
0x250e0876,
0x0b7622fe,
0x32fe1e0e,
0x170e0b76,
0x44810576,
0x100e0876,
0x09700d76,
0x7c810576,
0x020e0876,
0x7c810576,
0xfb0e0876,
0x2a0c76fd,
0x7600fdf4,
0x76ed0e0b,
0x21151c07,
0xe60e0476,
0x810676fd,
0x0e067636,
0x0676fddf,
0x06763681,
0x76fdd80e,
0x76368106,
0xfdd10e06,
0x36810676,
0xca0e0676,
0x810676fd,
0x0e067636,
0x0676fdc3,
0x06763681,
0x76fdbc0e,
0x76368106,
0x76b50e06,
0xfdae700d,
0x36810676,
0xa70e0676,
0x810676fd,
0x0e067636,
0x2a0d76a0,
0x4620fd99,
0x38810676,
0xf7fe2115,
0x2000fd92,
0x8a07760c,
0x88067616,
0x0030c438,
0x00351df1,
0x003379f1,
0x0035c1f1,
0x0033bff1,
0x069300f1,
0xf1f44f22,
0x3a860576,
0xf8cdfda1,
0x06768000,
0x06764c90,
0x05769812,
0xc0230612,
0xf3f24022,
0x70860576,
0x0a76fd8f,
0xf04f5e86,
0xf7fe0978,
0xc205765e,
0x86087624,
0xfeb34c5e,
0x76fd55f7,
0x4e5e860c,
0x860a76fd,
0x76fd625e,
0x765c180a,
0x06760c05,
0xfd566282,
0x0a890676,
0x500c0476,
0x097604fd,
0x76fd4a0c,
0x6a5e8606,
0x2cbd0776,
0x00840776,
0xf12e0576,
0x390c0576,
0x764642fd,
0xfd330c08,
0x23004aab,
0x61334698,
0x2904fb09,
0x0a06f028,
0x0f01f1ba,
0x7640d106,
0x070e860b,
0x204ba3fd,
0xa2603346,
0xd960734b,
0xa11000f8,
0x0cf8c64b,
0xff60b3b0,
0x76fc84f7,
0x06762e06,
0x067650b6,
0x76fcf052,
0xcd04870e,
0x08f8c9fc,
0x01f10800,
0x0cf10908,
0x0af1b809,
0x4fd1cb0f,
0x0576f5f4,
0xfcbf5c81,
0x71f3f44f,
0x66057602,
0xf240fcc1,
0x462011eb,
0xf7fe2602,
0xf240fcb3,
0x067611e7,
0x76fcb518,
0x9674920b,
0xfce8f7fe,
0x87057603,
0x1204763c,
0x3c870676,
0x220f76df,
0x4632fcd7,
0x78810876,
0x0676fcc3,
0x06766a87,
0x40e6092e,
0x762116f2,
0xfcc53404,
0x168a0a76,
0xbc120676,
0x76120576,
0x37388306,
0xb3120576,
0x52bf0776,
0x38830a76,
0x9f077682,
0x8306760a,
0xfeb19838,
0x077679f7,
0x06766682,
0xfc722083,
0x38830a76,
0x0a76fc86,
0x05768018,
0x8406760c,
0x42fc7a72,
0x0c087646,
0x7604fc74,
0xfc6e1809,
0x38830676,
0xbc07768e,
0x16067664,
0x2220fc49,
0x763af240,
0xfc5d0c05,
0x0c097610,
0x7641fc57,
0x2b388321,
0x057639fc,
0x76383883,
0x37388307,
0x38830976,
0x1276fba8,
0x76143883,
0xf138830f,
0x831276fb,
0x21f24038,
0xe37e0576,
0x1af240fb,
0x83067621,
0x40fbe520,
0xfb0576f2,
0xf7fe2660,
0xf240fbd7,
0x1807761b,
0x0b76fbd9,
0xfe967695,
0x09760cf7,
0x21153883,
0x38830676,
0x83077603,
0x22087638,
0x7632fbfb,
0xe71a8209,
0x830876fb,
0x2e047638,
0xf04fe52d,
0xe63130ff,
0x3184bf00,
0x3553f100,
0x3655f100,
0x3405f100,
0x1c8e0676,
0xf1003589,
0xf10036e9,
0xf1003491,
0xf100344b,
0x057634d7,
0xc641308e,
0x82461db2,
0x144688b0,
0xc1af0246,
0x300343f3,
0x0f930046,
0x2c230022,
0xc5f7fe21,
0x0300e3fb,
0xc50378f0,
0x234402f3,
0x43463043,
0xff13c8ea,
0x2bb2db22,
0x00930021,
0xb5f7fe23,
0x07f3c5fb,
0x32047623,
0x230022ff,
0xb2ed212a,
0xfbabf7fe,
0x23009500,
0x212922ff,
0xf7fe4630,
0x0576fba4,
0xb0812888,
0x00b2c4b5,
0xffaf0023,
0x05761822,
0xfb903a81,
0x46052300,
0x761722ff,
0xfb890e05,
0x7605ea40,
0x76009905,
0x761c2608,
0x767d1805,
0x761b2607,
0x00760e05,
0x2d260776,
0x0441f0e9,
0x82460d46,
0x984616b0,
0x60af0246,
0x1a212c23,
0x46f7fe46,
0x324643fb,
0xe6462946,
0xff4620b2,
0x30ff91f7,
0x80230146,
0x2c930022,
0x00230721,
0x5ef7fe25,
0x004630fb,
0x80230795,
0xfe212c22,
0x057657f7,
0x4023060e,
0x500e0576,
0x2a462bfb,
0x68b90576,
0xff74f7ff,
0x34810676,
0x1afa0676,
0xaf00460e,
0x22ff461d,
0x81057644,
0xf0fb0104,
0x05764522,
0xfffafc0a,
0x05764622,
0xfffaf70a,
0x05764722,
0x00faf20a,
0x05764822,
0x00faed0a,
0x05764922,
0x00fae80a,
0x06764a22,
0x00fa1084,
0x05764b22,
0xfffade0a,
0x05764c22,
0xfffad90a,
0x05764d22,
0xfffad40a,
0x05764e22,
0x00facf0a,
0x06764f22,
0xfffa5a8b,
0x05765022,
0xfffac50a,
0x05765122,
0xfffac00a,
0x05765222,
0x0ffabb0a,
0x05765322,
0x02fab60a,
0x40228723,
0x008c0676,
0x402320fa,
0x50a60576,
0xfabdf7fe,
0x76412203,
0xfaa51605,
0x765b223c,
0xfa5a8b06,
0x765c2200,
0xfa9b0a05,
0x76422228,
0xfa960a05,
0x22032300,
0x0c057643,
0x2e00faa3,
0x7607d154,
0xfe4ab705,
0x76fa89f7,
0xfe18b808,
0x80fa83f7,
0x7d0c0976,
0x77180b76,
0x3cc10576,
0x0c05766c,
0x2320fa84,
0x7e07766c,
0x7680fa7e,
0x780a8109,
0x432340fa,
0xa30c0776,
0x07bbc0fa,
0x05763e22,
0x01fa6230,
0x81220723,
0x0e067646,
0xf240fa65,
0x04763195,
0x76fa450a,
0x46802204,
0x3205764b,
0x76e0fa59,
0x4a1e8107,
0xb8b990fa,
0x3f0f00f1,
0x76af36f4,
0x0150b506,
0x81d1062e,
0x07768723,
0xfa443081,
0x2e0ce7a6,
0xe7f5d1a4,
0x31320876,
0xe92880fa,
0x01e7e4d1,
0x02d0192d,
0x00d0142d,
0x80d1e22d,
0x231c0776,
0xdb2800fa,
0x077620d1,
0x00fa1c0e,
0x02f04f28,
0x76bf0800,
0x834ea905,
0x21412240,
0x2280e7eb,
0xe92de7fb,
0x2a034ff0,
0xb0834604,
0x4615af00,
0xf2006079,
0x23808244,
0x2d0222f0,
0x80c8f000,
0xf0002d03,
0x2d0180ce,
0x80a2f000,
0x310ef240,
0xfa01f7fe,
0x9d05760c,
0x05760e3a,
0xf9fa4c81,
0xf2402313,
0x06763113,
0xf9f37e81,
0xf0402d02,
0x047680a2,
0x07762d14,
0x01f9e914,
0xae230026,
0xf6224040,
0x057601b2,
0xf9e00c81,
0x46324633,
0x7665f240,
0xd9768805,
0x762300f9,
0x765f0e04,
0x76d20e05,
0xf44f0e05,
0x8a0576ad,
0x0576cb42,
0x06766a0e,
0x05762684,
0x0c067636,
0x2300f9bf,
0x8105760f,
0x05768c22,
0x768c2281,
0x83228105,
0x06f24080,
0x4f462031,
0xfe0805f0,
0x02f9adf7,
0x4f220323,
0x057640f4,
0x03f9a64a,
0x0c047623,
0x14810676,
0x2014f99f,
0x76daf541,
0x7672fa05,
0xf9c61408,
0xd16a2800,
0x0801f1b8,
0xf04fd1f3,
0x76ff39ff,
0x769f6005,
0x80d66005,
0xd05f2d01,
0x7642f44f,
0x00764c05,
0x4022fff9,
0x80313af2,
0x6f380576,
0x83227ff9,
0x09f24046,
0x10820576,
0x2d02f968,
0xf0004682,
0x04768172,
0x01817438,
0xf1f0402d,
0x00f04f80,
0xd046d30a,
0x40e05146,
0xfe311bf2,
0x76f95ff7,
0x1b448206,
0x58340576,
0x44820576,
0x82077606,
0x01f95130,
0x54f47f2d,
0x4f2313af,
0x077648f4,
0xf9471c81,
0xf43f2d03,
0xe752af5b,
0x714af44f,
0x763ff7fe,
0x04764005,
0x40e7de0c,
0xfe3135f2,
0x077636f7,
0xd5313552,
0x13f240e7,
0x76e77b31,
0xe7783e04,
0x312df240,
0xf04fe775,
0xe7960900,
0x7615f240,
0x76167005,
0x3b408105,
0x40810776,
0x8107760f,
0x05761640,
0x82f9081c,
0x88fa5f46,
0x4322fff8,
0x1df24046,
0x7b140776,
0x4f22ff68,
0xa871b1f4,
0x200303eb,
0xfeb2db46,
0x5ff8fef7,
0x76f38bfa,
0x76471604,
0xf6148205,
0x1ff240f8,
0x8afa5f31,
0x76227ff3,
0xf8ee1004,
0x94300476,
0x22f240e0,
0xdc440576,
0x2c0476f8,
0x0676714f,
0x76f8d574,
0x76237406,
0xf8ce1c05,
0x2a740c76,
0x76140776,
0xf2407404,
0x0a761163,
0x0776c474,
0x29f24074,
0xbc240576,
0x4bf44ff8,
0x740a7671,
0x0476f8b4,
0x40e05a30,
0x05762ff2,
0x0576a220,
0x763d28fd,
0x9b688107,
0x4f740576,
0x05764cf4,
0x76943081,
0x7637740d,
0x76943005,
0xf44f7405,
0x810b76b2,
0x09768a68,
0x05763674,
0x40f88224,
0x0b7639f2,
0xf87a6881,
0x4cef0576,
0x764643e0,
0x76443a04,
0x76705c05,
0x613c8107,
0x3c810b76,
0x465bf866,
0x0f140476,
0x5f460576,
0x12f240f8,
0x76465331,
0xf8584406,
0x002c0476,
0x38f7fe20,
0x0b7600f8,
0x764c3485,
0x2a808109,
0xf846f7fe,
0x34860676,
0x26860676,
0x0e05763f,
0x26860676,
0xf7fe2601,
0x4620f837,
0xff61f7fd,
0xf00300ab,
0x760c03fc,
0xf82b4209,
0xb0057678,
0x20310162,
0xfe360146,
0x00f854f7,
0xfff04f28,
0x99bf0833,
0x292e0746,
0x432d00d1,
0x132300d1,
0x13f24022,
0x18810576,
0x2d02f813,
0x0476d008,
0x48f44f12,
0x0a420576,
0x062d03f8,
0x40120576,
0x05762df2,
0x48f80124,
0x96087646,
0x85087622,
0x76e71f58,
0xe7540a08,
0x2b031ef3,
0xe8dfd814,
0x0702f003,
0x04760f0b,
0x0031037e,
0xffe7be23,
0x41f44f22,
0x76e7f971,
0x31051204,
0x2280e7f5,
0x3106f240,
0x100576f1,
0xe7ed3102,
0x06640676,
0xfd462031,
0x01ffcff7,
0xb1d0bb2d,
0xfff04fe7,
0x00e7c739,
0xf0e92d00,
0x8f460d4f,
0xbcaf02b0,
0xe860b86d,
0x6161fab2,
0xb261bb1c,
0xb34bb24a,
0xdbd11949,
0x89b2d2b2,
0xd4f7fdb2,
0x286078ff,
0xddf7fd46,
0xba6dfbfe,
0xf9462869,
0x8bf7ff69,
0xbab180fc,
0xfff04f68,
0x53601333,
0x3468b860,
0x3a810776,
0x6ea30c76,
0x4ba2e7e1,
0xf8df00a6,
0x18f3928c,
0x4ba062bb,
0x8280f8df,
0xfa89fa5f,
0x627b18f3,
0x18f34b9e,
0x1c62623b,
0x8126f040,
0x46534999,
0xf288fa5f,
0xb2e8b289,
0xff9df7fd,
0x2024f858,
0x3024f859,
0xfb03fa22,
0xd00f4558,
0x0b01f100,
0xf0401c63,
0x498e812a,
0xf38bfa5f,
0x002c0476,
0x76465393,
0xff8d3006,
0xf7fd4628,
0x810b768f,
0x02fc3d1c,
0x01d0b028,
0x31f04028,
0x604b8481,
0x17f0401c,
0xdb4a8181,
0xd2497fb2,
0x340676b2,
0x1c61ff6b,
0x3bfff100,
0x8113f040,
0x79520476,
0x7793004a,
0x764b7949,
0x76db2004,
0x76622205,
0xfe645605,
0xf8df4b75,
0x18f391d8,
0x4b73617b,
0xf889fa5f,
0x613b18f3,
0x18f34b72,
0x60fb4e70,
0xf0401c62,
0x496c8109,
0x76f24643,
0xff3f5807,
0x2024f859,
0x3024f856,
0x40d362f8,
0x429a6afa,
0x80fff000,
0x33014613,
0x1c6362fb,
0x8135f040,
0xb2f24961,
0x302cf897,
0x76439300,
0x2d408107,
0x2f6a0576,
0x40810b76,
0x2802fbdd,
0xaf50f43f,
0xd1cd2801,
0x4a4e1c63,
0x494f4b4f,
0xf0407938,
0x06768120,
0x90001283,
0x11380476,
0x13380576,
0xc1380b76,
0x7f2800fb,
0x45af34f4,
0x83fa1f4b,
0x5f1c66f9,
0x40f885fa,
0x42810df0,
0x4046494b,
0x7bb2db46,
0x7a4b4060,
0x83fa5f68,
0xfd4653fa,
0x00fee9f7,
0x09f04028,
0x76260082,
0xfdef4804,
0x9d480a76,
0x00810576,
0x2801af10,
0x816af040,
0x90d8f8df,
0xf389fa5f,
0xf8df607b,
0x1c60a0cc,
0x80fdf040,
0xfa5f492f,
0x687bf28a,
0x42810676,
0xf85afec4,
0xf8593024,
0x40d32024,
0xf0004298,
0xf10080fe,
0x1c610801,
0x80eff040,
0xfa5f4925,
0x9300f388,
0xb4300c76,
0x720476fe,
0x720b76b6,
0x72057664,
0x2800aed7,
0x8164f000,
0x454e0b76,
0x0476d1c6,
0x12811872,
0x0f4a104b,
0x82067649,
0x44047600,
0x4b0cfe8a,
0x46064a0d,
0x3024f853,
0x7a077652,
0xe6b5d1ae,
0x6a7a6a3b,
0x781b6ab9,
0x88097812,
0x9530e6d7,
0x9840f100,
0x9540f100,
0x9520f100,
0x9510f100,
0x9500f100,
0x94f0f100,
0x94e0f100,
0x9830f100,
0x6a3bf100,
0xf08bfa5f,
0x00360a76,
0x73e6d390,
0x0d76744a,
0xe6e452a9,
0x04764b71,
0x6e4a6d26,
0x6aa90e76,
0x58e6e890,
0x2e810976,
0xf47f459b,
0xe6e5ae96,
0x693a68fb,
0x06766979,
0x60e6f34e,
0x61d1241c,
0x5f4a5f4b,
0x3e810b76,
0x4a5bfe2b,
0x46834b5c,
0x1024f852,
0x0024f853,
0x458b40c1,
0xaf09f43f,
0x0b01f10b,
0xd1131c61,
0xf18bfa5f,
0x76539100,
0x76e83205,
0x1a048705,
0xfb2300fe,
0x0d76df62,
0xe7d96081,
0x3c811276,
0x045e0476,
0x762c0576,
0x97068106,
0x76002cf8,
0xe6c71c08,
0x3c810e76,
0x6a3be6db,
0x0a764640,
0xdff7fd3e,
0x3f2800fd,
0x3baef6f4,
0x7a1e466a,
0x76b2f06a,
0x4640580a,
0xfdd8f7fd,
0x810d76e9,
0xfbe7005c,
0x88fa5f68,
0x120b76f0,
0x62e70e90,
0x24b2ee1c,
0x004926d1,
0x8afa5f23,
0x309300f2,
0x89687b46,
0xb9f7fdb2,
0x1d4b20fd,
0x07761e4a,
0x46300682,
0xfda8f7fd,
0xf1001c63,
0xd11f0601,
0x4a17b2f3,
0x49179300,
0x87097617,
0x00f04f02,
0x9ff7fd08,
0x00720576,
0x620c7620,
0x933a0476,
0x820c76fd,
0x3be7d808,
0x76b2f06a,
0xde06820c,
0x200c76e7,
0x7610e6e6,
0x76008407,
0x007c8308,
0x6ff47f2e,
0x614b49ae,
0x48d15b1c,
0x48b2db4a,
0x1a880776,
0x9114f8df,
0xfd5cf7fd,
0x46064b42,
0xf883fa5f,
0xd05d2e00,
0x1c623e01,
0x4940d151,
0xfa5fb2f3,
0x0a76f289,
0xfd513887,
0xf7fd4628,
0x0a76fc53,
0xfa014685,
0xf43f2802,
0x2800ad74,
0x46b0d0e2,
0x6afb2600,
0x0906eb0b,
0xfa85fa5f,
0xeb034443,
0x1c6309c9,
0x1007f3c9,
0x0942f3c9,
0x4b2dd134,
0x492e4a2d,
0xb2db9000,
0x4650b2d2,
0xf7fdb289,
0x4b25fd29,
0x49264a25,
0xf8cdb2db,
0xb2d29000,
0x4650b289,
0x06c6ea48,
0x761cf7fd,
0xfc1e6a05,
0xea436afb,
0x68bb00cb,
0x605e6018,
0x4a1ae545,
0x850d761b,
0xfbe79f0c,
0x76b2f068,
0xab2a820c,
0xbc46b0e7,
0x134b12e7,
0x0f76134a,
0x46503685,
0xfcf1f7fd,
0x4a094b09,
0x1a0d760a,
0xc37a0476,
0x7a1e46e7,
0x49b2f368,
0x53930046,
0x30e70246,
0x86067698,
0x8205762c,
0x86077638,
0x76952044,
0x8938aa06,
0x83469246,
0x9baf02b0,
0x80b2ce46,
0xfc4a2c46,
0x63492c6a,
0x2c4b2c1c,
0x30f897d1,
0x76b2db00,
0x30488106,
0xbaf7fd46,
0x284b27fc,
0x2846304a,
0x28f89749,
0xd2b2db50,
0x899500b2,
0xaef7fdb2,
0x254b24fc,
0xdb49254a,
0x769500b2,
0xfca42c08,
0x93016b7b,
0x94004640,
0x4652465b,
0xf7ff4649,
0x4640fcab,
0x8c077604,
0x5a047662,
0x4e810e76,
0x8a340476,
0x104b0ffc,
0x1046304a,
0x76600576,
0xfd95200d,
0x0bfc7bf7,
0x0c4a0b4b,
0x06820e76,
0x76e7c895,
0x76208805,
0x90248807,
0x30f10097,
0x50f10090,
0x80f10090,
0x20f10097,
0x40f10090,
0x81067690,
0x80461c68,
0x04b08f46,
0x396d3daf,
0x14f1a561,
0x3c60fa03,
0x4fd9052b,
0x7630fff0,
0x666aaf08,
0x814b801c,
0x4049814a,
0x76808df0,
0x6d628506,
0x88fa5f00,
0x35f7fdf0,
0x5f2364fc,
0x7bf688fa,
0x7b43684a,
0xb01c6549,
0xbbf3f3fb,
0x7f4b7a60,
0x608e0776,
0xf7fd4630,
0x4b77fc23,
0x49784a77,
0x6178b2db,
0x19140876,
0x036d7bfc,
0x7b460593,
0x02464169,
0x07900093,
0xfb0020f1,
0x3a940168,
0x41f7ff69,
0x016a7bff,
0x3bd10233,
0xbb33016a,
0x0446abd0,
0x00f04f23,
0xba61fb0a,
0xfb0f01f1,
0x01bf0869,
0x0061fb23,
0x9961bb23,
0x0069bb46,
0xfbd1632b,
0x3e047669,
0x4641693a,
0x607b18eb,
0x7b580476,
0x7b930269,
0x01930068,
0xff68fb94,
0x7aff19f7,
0x506a3b6a,
0x59d1011c,
0x9bd04a1c,
0x9368ba1a,
0x7ddb4342,
0x432d4b68,
0x00f1b9dc,
0x0b76db0f,
0x03ebab42,
0x42087609,
0xcd3e0476,
0xff9000f8,
0x76fef8f7,
0x7661420a,
0xdb5d4207,
0x0f04f1b9,
0xbfc846cb,
0xbfd82300,
0xe7b72301,
0x00830c76,
0x0e05766e,
0x08764630,
0xa0f7fd10,
0x364b35fb,
0x7849364a,
0x280c7661,
0x2301e778,
0x76bb61bb,
0xf1b90605,
0xd0b90f00,
0x0a01f10a,
0x0f02f1ba,
0x445dd187,
0x4a291c63,
0xf3c54b28,
0xd1290547,
0x88057628,
0x3095005c,
0x50860576,
0x0876fb81,
0x0a765086,
0xfb775a84,
0x93016d7b,
0x4a820676,
0x76004641,
0x7d4c8205,
0x386a7bfb,
0x3f33016a,
0x01af17f4,
0xcd067630,
0x1220005a,
0x01f04fe7,
0x13e75f09,
0x76463049,
0x544e8410,
0xb50676fb,
0x180e765c,
0xbf00e7ce,
0xf10097a0,
0xf1009060,
0xf1009070,
0x5c842776,
0x89468047,
0x02b08246,
0x1d4692af,
0x7e240046,
0x9c6a3b6a,
0x76db0242,
0x231ad006,
0x60e88d46,
0x49465200,
0x01464046,
0xb9f7ff34,
0x76e7effe,
0x0818d10e,
0x834b142a,
0x154a14b0,
0xc0af024c,
0xb1dd15b2,
0x093ffff1,
0x002103d1,
0xd2b2db91,
0xfdb2a1b2,
0x04fafdf7,
0x9046bd37,
0xb70876bd,
0x21f83440,
0x00240310,
0x76e7f194,
0xd1012c04,
0xe7e82100,
0x001c0c76,
0x30e7f024,
0x40f10096,
0x50f10096,
0x81067696,
0x90460c24,
0x4ab08246,
0x0246811c,
0x62b2c5af,
0x634a624b,
0xdfd16249,
0x76a1c8f8,
0x5f448506,
0x9af688fa,
0x000000f8,
0xfd462890,
0xdafac4f7,
0x5b3000f8,
0x3346284a,
0xdb495b44,
0x5a9300b2,
0x588b0776,
0x76b6f7fd,
0x4a571c05,
0x49573b04,
0x4b57441e,
0xb2f6b2d2,
0x9600b289,
0x4628b2db,
0xa17cf8df,
0xfaa5f7fd,
0x46214642,
0xf7ff4648,
0xf8dfff90,
0x1c63916c,
0x4b4f4a4f,
0xf8df4950,
0xd1598164,
0x06762400,
0x00462872,
0x8ff7fd94,
0x8afa5ffa,
0x89fa5ff3,
0x88fa1ff2,
0x140676f1,
0x4b46fa85,
0x46284a46,
0x7a047646,
0x95067694,
0x44fa7b42,
0x454a444b,
0x28120976,
0x71f7fd46,
0x820676fa,
0x00f8df64,
0x88fa5fa1,
0x830c76f6,
0x810a764e,
0x2bfa5e4c,
0x294a294b,
0x00f8da49,
0x76880576,
0x08764430,
0x76b2c024,
0xfa4d2206,
0x251c0476,
0x044a224b,
0x06492238,
0x76b2f644,
0x920cba0e,
0x762600e7,
0x46281208,
0xfd140676,
0x1afa32f7,
0x193024f8,
0x38140576,
0x28140776,
0x184b17fa,
0x1846284a,
0x4eba0f76,
0xfa1bf7fd,
0x4a144b14,
0x180f7615,
0x9600e79b,
0x9610f100,
0x9620f100,
0x95e0f100,
0x95f0f100,
0x95d0f100,
0x95b0f100,
0x95c0f100,
0x95a0f100,
0x9460f100,
0x9820f100,
0x9470f100,
0x9480f100,
0x9490f100,
0x94a0f100,
0x9430f100,
0x9440f100,
0x9450f100,
0x528cf100,
0x9810f100,
0x7610f100,
0x76942c04,
0x8b748906,
0x93b2cc46,
0x8aaf02b0,
0x68f8d749,
0xbb63faa0,
0xfff1ba63,
0x8762f83f,
0x5b4a884b,
0x3c890776,
0xf7fd4620,
0x4b85f9c5,
0x46204a85,
0x8f077685,
0xbcf7fd5a,
0x844b83f9,
0x0776844a,
0x764d8310,
0xf9b22604,
0x04764b82,
0x824a8240,
0x5a602849,
0xa5400b76,
0x180476f9,
0x4b7d6068,
0x497e4a7e,
0x1a0b7654,
0x6efaf998,
0x465160a8,
0xf7ff4658,
0x6f3bfebc,
0x46586bba,
0xf7fe6bf9,
0x2800fe4d,
0xf04fd047,
0x6efa33ff,
0x7b1e0476,
0xacf7ff63,
0x3d200b76,
0x002800fe,
0xfa838ff0,
0x9906766a,
0x446af820,
0x76605337,
0x2a209908,
0x12462030,
0x31202af8,
0xfd102af8,
0x55f966f7,
0x204a564b,
0x76495646,
0x0a761a04,
0x52f95a18,
0x534a534b,
0x99160d76,
0x0e0c76e7,
0x0e0d76a0,
0x4b4ce7a6,
0x048aea4f,
0x627b18e3,
0x18e34b49,
0x4b46623b,
0x61fb4423,
0x18e34b4a,
0x4b4761bb,
0x617b18e3,
0x18047645,
0x7b6efb61,
0x9b4b4163,
0x7b62bbb2,
0x002b0c6b,
0x018338f0,
0xfff1ba33,
0x5f633b3f,
0x3df58bfa,
0x284b39d1,
0xde6ab946,
0x324b36b2,
0x04910576,
0xf7fd4643,
0x3001f913,
0xb2c04643,
0x90004632,
0x46286ab9,
0xf912f7fd,
0x4e334b32,
0x2f200476,
0x5fb2b64b,
0x4bf983fa,
0x05764246,
0xf7fd50cf,
0x3001f8fc,
0xb2c0464b,
0x90004642,
0xfb120676,
0x766b3af8,
0xe6488206,
0x820a76fd,
0x01fda928,
0x00d04528,
0x59f47f28,
0x7b6b3baf,
0x7be7b663,
0x1e46286a,
0x316a3b88,
0x00f89346,
0x4269fb80,
0x90080476,
0xf7fd464b,
0x541176d2,
0x69bbf8d1,
0x697b881e,
0x3b2a0476,
0x90060476,
0x7670e7bd,
0x606c8407,
0x6c840f76,
0x28850c76,
0x0676528c,
0x08762485,
0x76a03085,
0x3b30850b,
0x3a2b006b,
0xfff1badd,
0x8bfa5f3f,
0x99f040f5,
0x284b7180,
0x05767146,
0x4b706881,
0x4642b2b6,
0x06764631,
0xf7fd6c81,
0x3801f889,
0x12810e76,
0x4b68f888,
0x2c057669,
0x82117668,
0x11767214,
0x7af8712e,
0x14820776,
0x6b7bfd5c,
0x4b5c633b,
0x767b18e3,
0x62bb0605,
0x0c04765b,
0xfb060576,
0x05765a61,
0x04764283,
0x53617b06,
0x3bb29b4b,
0x81087662,
0x50d16b20,
0x3946284b,
0x4fb2de6a,
0x2c830b76,
0x0a76f83d,
0x76392c83,
0x3c2c8305,
0x484b49f8,
0x18810576,
0x81117648,
0x01f82618,
0x4bb2c030,
0x76900046,
0xf8251208,
0x22830a76,
0x2801fcd8,
0x83057678,
0x76ae8822,
0xd1527604,
0x4a334b35,
0xb2db6a39,
0xfa5fb2d2,
0xf7fdf08b,
0xf1a0f806,
0x4268050f,
0x04764168,
0xb0ae7526,
0x284b25e7,
0x2af83346,
0x314b2260,
0x2af81346,
0x424b2280,
0x90080476,
0xf7fc464b,
0x0e76ffef,
0xf7fc0682,
0x4b1cffee,
0x1a2e0476,
0x2c04764b,
0x90060576,
0x6b7be763,
0x881e4628,
0x840776bb,
0x766a7b08,
0xfc088408,
0x76ffcef7,
0xfc08840e,
0xfbffcdf7,
0xbb881e69,
0x08840576,
0x0e840576,
0x7be78f90,
0x796aba6a,
0x9506766b,
0x00e7aa08,
0x891876bf,
0x0776a01c,
0x76802484,
0x40088907,
0x18890776,
0x02840a76,
0x4ba980c1,
0x76a94628,
0xa93e8205,
0x02840d76,
0x7688f7fc,
0x874e8111,
0xa14ba1ff,
0xa12c0576,
0x6a820f76,
0x7671f7fc,
0xff702e11,
0x87057698,
0x0605762a,
0xe34b9761,
0x7660fb18,
0x60bb0604,
0x18e34b96,
0x0605767b,
0x768f603b,
0x764e9e05,
0xf4128107,
0x809af040,
0x46494b8c,
0x46204e8c,
0xb2f6b2dd,
0x4633462a,
0xff43f7fc,
0x46333001,
0x462ab2c0,
0x46499000,
0xf7fc4620,
0x4d84ff42,
0x4b854e85,
0xb2f6b2ad,
0x1a840676,
0xb0057632,
0x2df7fc2a,
0xc03001ff,
0x004643b2,
0x12087690,
0x0a76ff2c,
0xfbdf7283,
0xf0002801,
0x280080ab,
0xad8ef47f,
0x7f760476,
0x494b71d1,
0x764a6f46,
0xfc748308,
0xc1ff0cf7,
0x4842481f,
0xb3280041,
0x810876d0,
0x61d17318,
0x5f46204b,
0x05765e4d,
0xb2ad7e81,
0xb2f64643,
0x46324629,
0xfef5f7fc,
0x10850a76,
0xf4700676,
0x574d58fe,
0x1376584e,
0xfedf1c81,
0x1c811076,
0xe781fede,
0x8407764a,
0x07764752,
0x76475284,
0xc652840b,
0x821076fe,
0x41fec556,
0x52840576,
0x8405763e,
0x05763f52,
0xe73b5284,
0x46206a3b,
0x693b881d,
0x781e4629,
0x763268fb,
0x43588405,
0xa6f7fc46,
0x1e811176,
0x68bbfea5,
0x687b881d,
0x683b781e,
0x61260476,
0x3a68fbe7,
0x07763969,
0xe77d4c9b,
0x04766b7b,
0x766abb4a,
0x6a7b4a04,
0x814a0a76,
0x804a1176,
0x1d69fbfe,
0x1e69bb88,
0x89067678,
0xbae78a26,
0x4e3ffff1,
0x204b21d1,
0x214a2146,
0x208d0776,
0xfe64f7fc,
0x4a204b1f,
0x76204620,
0xfe5b1209,
0x4a0b4b0e,
0x760b4620,
0xfe521209,
0x4a0e4b0f,
0x760c4605,
0x04761207,
0x3bfe4860,
0x03ea406b,
0xc5ea4020,
0x76e4b903,
0x806c8908,
0x588e0b76,
0x06769430,
0x0876788e,
0x9420048f,
0x648e0676,
0x1a769810,
0x4b58048a,
0xf48bfa5f,
0x46204a58,
0x8c0d7658,
0x10f7fc7e,
0x554b54fe,
0x5546204a,
0x04180f76,
0x524b51fe,
0x5246204a,
0xf8180f76,
0x4f4b4efd,
0x4f46054a,
0xa1180d76,
0x40f44fe7,
0x40e46163,
0x308d0776,
0x763d62bb,
0x3a6e8905,
0x0c860576,
0x8905763e,
0x05763b74,
0x76397489,
0x36748905,
0x3bb29b4b,
0x006efb63,
0x4df0002b,
0xba3b0182,
0xfb3ffff1,
0x8bfa5f66,
0x2ed13bf5,
0x3946284b,
0x2bb2de6b,
0x008a0976,
0xfdbdf7fc,
0x09763801,
0x286b008a,
0xbcf7fc46,
0x284b27fd,
0x18850576,
0x87117624,
0x76fda616,
0xa5408410,
0x8f0676fd,
0x90f7ff56,
0x860a76fa,
0x01fa5318,
0x05763b28,
0xac140a8a,
0x76bbe7b8,
0x7b288d05,
0x20890776,
0x890b763b,
0x11767e20,
0x76fd7d50,
0xbf208910,
0x821876e7,
0x8d0c767c,
0x8d087634,
0x00947048,
0xe34bb9f1,
0x76633b18,
0x62bb0604,
0x820576b8,
0x0604762e,
0x76b761fb,
0x76288205,
0x617b0604,
0x8c0d76b0,
0xd8f0401c,
0x0776ad80,
0x76ac1e8c,
0x2e1e820b,
0x8c0e76fd,
0x2df7fc1e,
0xa44ba6fd,
0x1e820576,
0x821176a5,
0x76fd171e,
0xfc1e8c0e,
0x0b7616f7,
0xf9c9408f,
0xf0402801,
0x047680cb,
0xc0f04074,
0x904b9280,
0x1c8c0b76,
0xfcf8f7fc,
0x020ff1a0,
0x41504250,
0xd0b22800,
0x18e24b8e,
0x4a8e623a,
0xf983fa1f,
0x613a18a2,
0x18a24a8c,
0x047660fa,
0x8b60ba06,
0x7a18a24a,
0x3a060576,
0x890a7660,
0x8281106a,
0x8246494b,
0x6a890d76,
0x1076fcce,
0xfccd6a89,
0x4e7b4d7b,
0x8813767c,
0x76fcb84e,
0xb74e8810,
0x810a76fc,
0x05766a3e,
0x81213e81,
0x3e810676,
0x4b6880f8,
0x76664649,
0x9966890b,
0x581fc3fc,
0x00415842,
0x0976b528,
0xf0406689,
0x4b5880eb,
0x4d554620,
0x89117656,
0x76fc8168,
0xfc008811,
0x4e4f4d4e,
0x8113764f,
0x11766b1a,
0xfc6a1a81,
0x763be782,
0x53768d19,
0x8d1076fc,
0x76fc5276,
0x23568410,
0x768d0576,
0x8d077639,
0x00e73d76,
0xbef47f28,
0x840876aa,
0x29d12e10,
0x2746284b,
0x36810576,
0x8d0f7628,
0x76fc2448,
0x23348510,
0x1f4b21fc,
0x202c0576,
0x14841176,
0x3801fc0d,
0x14840e76,
0xe710fc0c,
0x8b077611,
0x07761024,
0x760f248b,
0xf4248b0b,
0x601076fb,
0x7608fbf3,
0x07248b05,
0x248b0576,
0x90060576,
0xbf00e7cd,
0x108f1876,
0x44891876,
0x568b1876,
0x1076fbbb,
0xfbba0c83,
0x568b0e76,
0xa80576eb,
0x8b08764a,
0x3be70556,
0x568b1776,
0x4a117696,
0x0e76fb95,
0x7613568b,
0x096a8205,
0x0576a9aa,
0x06766098,
0x80c42684,
0xb2db4aa7,
0x462049a7,
0x3e8b0676,
0x4ba5fb73,
0x46204aa5,
0x8b0976a5,
0xa3fb6a50,
0x204aa44b,
0x0976a446,
0xa2fb6112,
0x054aa24b,
0x0b76a246,
0xfb57628b,
0x08766efb,
0x63fb628b,
0x33016b7b,
0xa9d4f43f,
0x080576fb,
0x0476a9d0,
0x984b9870,
0x4049994a,
0x0776b9f0,
0xfa5f76a3,
0xfa5ff08b,
0xf7fcf48b,
0x6b7bfb39,
0x04766bfa,
0x34f89724,
0x13ea4f50,
0x03499023,
0x972312eb,
0x05203cf8,
0x5535fff1,
0x8cf582fa,
0x03fb004a,
0x53ea4f53,
0xf0fbb303,
0x19fb00f9,
0x4f4b8935,
0x0506d5ea,
0x400507f0,
0x077696f0,
0xfc462054,
0x71fb12f7,
0x484a724b,
0x5f497244,
0xdbf880fa,
0xd24620b2,
0x00f8cdb2,
0xfcb28980,
0x6dfb0cf7,
0xa84a6e4b,
0x6d0004f1,
0x76b2c049,
0x2076a608,
0xe8f8df46,
0xfdf7fc81,
0x51464afa,
0xfe465846,
0xdfffe8f7,
0xba91d8f8,
0x643ffff1,
0xf64a654b,
0xed4965b2,
0xccf8dfb2,
0x89f040b1,
0x006a0976,
0xe4f7fc96,
0x5f4a68fa,
0x1ff38bfa,
0x76f189fa,
0xb2d21204,
0xfadaf7fc,
0x4a5b4b5a,
0x05764620,
0x0576509f,
0xf7fc50a2,
0x4b5ffad0,
0xfa1f4a60,
0x9500f188,
0x20400476,
0xc6f7fc46,
0x1a6afbfa,
0x136bfb46,
0xff6b7b60,
0x45b942f7,
0x4546204a,
0x188d0f76,
0x4b41faac,
0x46204a42,
0x180f7642,
0x4b3efaa0,
0x46204a3f,
0x180f763f,
0x4b3bfa94,
0x46054a3c,
0x180d763c,
0x9b0d762e,
0x05764200,
0x9b0a760e,
0x79f7fc5a,
0x254b25fa,
0x2544484a,
0x32820576,
0x0c764620,
0x00f8cd2e,
0x70f7fc80,
0x204b1ffa,
0x38820576,
0xb2c0491f,
0x00200c76,
0x0f765f90,
0xfc960050,
0x22fa58f7,
0x05761b4a,
0x2af83916,
0x1a047610,
0x4d160476,
0x1c9f0576,
0x76144620,
0x001e810d,
0x40f7fc95,
0x509f0576,
0x102af838,
0x001a0876,
0x31766c95,
0x97707c8c,
0x9000f100,
0x9010f100,
0x409a0676,
0x06769610,
0x7640509a,
0x76048707,
0x76349f08,
0xff709008,
0x76000000,
0x763df50d,
0xb5800707,
0x53bbf5a0,
0xf6403b10,
0xaf0042b2,
0xd8034293,
0xfb932041,
0xbd80f0f0,
0x508cf5a0,
0x42903814,
0x2341d805,
0xf0f3fb90,
0x0040f040,
0x20ffbd80,
0xe92dbd80,
0x46984ff0,
0xb08d4683,
0x460daf04,
0x607a6cfb,
0xeb034a94,
0x6d3c0343,
0x9003f812,
0x033ff009,
0xd90a2b32,
0x33fff04f,
0x3000f8cb,
0x3004f8cb,
0x76244658,
0xbe12aa07,
0x2822066c,
0xb6461146,
0x80f04602,
0xfd463306,
0x01fe3df7,
0xcbf53f20,
0x06ea49f8,
0x1c067603,
0xf7fdb2ee,
0x1c61fe32,
0x4a804b7f,
0xf0404980,
0x850776b0,
0xfc463008,
0x7df999f7,
0x7e4a7d4b,
0x76617849,
0x46301404,
0xf7fcb289,
0x4b7bf98f,
0x497c4a7b,
0x140b7638,
0x4b79f985,
0x497a4a79,
0x0a7660f8,
0x76f97b14,
0xb850aa06,
0x71140b76,
0x754b75f9,
0x7546824a,
0x02b10976,
0xfa8afa5f,
0xf965f7fc,
0x93026dbb,
0x6dfb4629,
0x93014681,
0x0018f107,
0x687a4643,
0xb2ed9400,
0xff7bf7fe,
0x7d387c3b,
0x617b1c62,
0xf989fa5f,
0x613b7b3b,
0xf8d77a3b,
0x69fe8018,
0xc14cf8df,
0x49534a53,
0xf04060fb,
0xfa5f80c4,
0x0676f38c,
0x46287686,
0xf944f7fc,
0x9300697b,
0x4b4d4628,
0x764e4a4d,
0x39608809,
0x05763bf9,
0x4b4b4a16,
0x09764b4a,
0xfbf92e16,
0x16047668,
0x4a484b48,
0x16097649,
0x4b47f923,
0x46284a47,
0xb0067647,
0x0676a00e,
0x44f91816,
0x0576454b,
0x087646a5,
0x057622b0,
0x73f9108c,
0xb8d1031c,
0x3f3ffff1,
0x7aaf3af4,
0x28ea4f6d,
0x88fa5f23,
0x03fb02f8,
0x00f8cb83,
0xf6123330,
0x03fb02b2,
0x04f8cb66,
0x0f762f60,
0xf7fc74aa,
0x4b23f8e6,
0x49244a24,
0x0e766178,
0xf7fc68a9,
0x4b20f8d9,
0x49214a20,
0x1a117638,
0x4b1cf8cc,
0x491d4a1d,
0x107660f8,
0x19f8bf1a,
0x1a4a194b,
0x1176b849,
0x15f8b21a,
0x824a164b,
0x0d761646,
0xe73c44a5,
0x6d00bf00,
0x0c961a76,
0x14861876,
0x3ca50c76,
0x04860c76,
0xe00f761c,
0x7ef7fc6c,
0x224b21f8,
0x7849224a,
0xe1107669,
0x70f7fc08,
0x810676f8,
0x763864c8,
0xf8621c13,
0x4a1a4b19,
0x68f8491a,
0x541c1276,
0x4c810576,
0x810f7628,
0x00f8cd4c,
0x46f7fca0,
0x124b11f8,
0xe20e764a,
0x00f8cd10,
0x76e72990,
0x8058813c,
0x35f240b5,
0x00429853,
0x40dd11af,
0x98734af2,
0xb0dd0f42,
0x0e6f16f5,
0x6bf640dd,
0x0c429823,
0x48f5b0dd,
0xfff04f6f,
0x04bfd830,
0x00bd8020,
0x01bd8020,
0x02bd8020,
0x03bd8020,
0x48870776,
0x461e4605,
0xaf06b091,
0x81ccf8df,
0x60f94c6d,
0x1c5a60ba,
0xd119496c,
0xf388fa5f,
0xb50576e2,
0xdff7fb7e,
0xc06dfbff,
0x64435800,
0xf3fb9023,
0x7b6db8f3,
0xc1f7ff60,
0x7b1e03ff,
0x76da0c61,
0x186eb10c,
0x143023f8,
0x312026f8,
0xe21026f8,
0x5a1c73e7,
0x0b761749,
0xfb240048,
0x40ffbaf7,
0xb8218ef2,
0xfb462861,
0x53ff79f7,
0x44eb044b,
0x825cd202,
0x01d05c42,
0xf72c4a34,
0x18e7d7d1,
0x097626f8,
0xfbe7e444,
0x3b18e369,
0x462b4961,
0x076d7bd8,
0x050020f1,
0x3b462993,
0xbb93046d,
0x3b930369,
0x7b930169,
0xfa930069,
0x0268bb68,
0xb4f7ff96,
0x3a6a7bfd,
0x301c586a,
0x7a1a9bd0,
0x2c429a68,
0xb9693cdc,
0x540f00f1,
0xa869fbd1,
0xb90903eb,
0x250f49f1,
0x296d7bd8,
0x05760546,
0x08766caf,
0x440a7648,
0x9004f8cd,
0x7690f7ff,
0x1c594805,
0x4807760f,
0xb105760b,
0x0976c86c,
0x469930b1,
0xf04fe02b,
0x76d00a01,
0x250cb005,
0x521c76e0,
0xf7ff9401,
0x50057668,
0xd1023301,
0xf43f3201,
0x76a0af67,
0x0b18b306,
0x76bb61fb,
0x4f18b305,
0xd10a00f0,
0xb3067646,
0x00f1ba1e,
0x76d0840f,
0xd0a47004,
0x0b01f10b,
0x0f02f1bb,
0x4b0ad1eb,
0x2025f853,
0xd90142a2,
0x4025f843,
0x0e057608,
0xd2014542,
0x8025f843,
0xe73f2000,
0x088c0876,
0xf1006d00,
0xf10064ac,
0x067664b4,
0xe92d208c,
0x46044ff0,
0xb087460e,
0x4690af04,
0x6b384699,
0xf7ff6bba,
0x1e05fee4,
0x83057605,
0xc4087638,
0x4f4b3758,
0x370e64f0,
0x24f85348,
0x0c4b36c0,
0x530c4ceb,
0x033024f8,
0x030343eb,
0x9b785944,
0x01fb1e78,
0x0ceb0031,
0x05765803,
0x7b3e000c,
0x7101906b,
0x49441044,
0x08b16310,
0xddf7ff44,
0xff4682fc,
0xffd10828,
0x81067622,
0xf7fb22aa,
0xe7cefe93,
0xe7f11a08,
0xf7ff4608,
0x28fffcce,
0x02add0f1,
0x027ff06a,
0x0b80f045,
0x0876b2d2,
0x06fe8026,
0x11465b22,
0xfd462046,
0x01fb3af7,
0xc8f53e20,
0x0bea4afd,
0xcf810776,
0x30f7fd1c,
0x09764afb,
0x002acf81,
0x04f04f25,
0x26f7fd0a,
0xb4280576,
0xcd4643fd,
0x8d9008f8,
0x320420e8,
0x38462146,
0xb0f7fe46,
0x01687bfc,
0x3bd09233,
0x8f330168,
0x043501d0,
0x00d1ec2d,
0x00e78c20,
0x7664b4bf,
0x2d1c820a,
0x1e4ff0e9,
0x8b460546,
0x8aaf06b0,
0xd7469346,
0xbc9038f8,
0x75f6a96c,
0x86f5b333,
0x73d2627f,
0x434a431c,
0x1349444b,
0x72ac0776,
0xf7fbb2e8,
0x6078fe5f,
0xf7ff4648,
0x1e03fe47,
0xda0d603b,
0x34fff04f,
0x76144620,
0x265cc509,
0x07761230,
0xe7e73285,
0x0800f04f,
0xf8184b35,
0x23002003,
0xeb034834,
0x5c090143,
0xd0094291,
0x2b4a3301,
0xe7e1d1f6,
0xe01c1a9b,
0xd0412e01,
0xe7dd2400,
0x93012204,
0x46299205,
0xf107687a,
0x683b0008,
0x46529203,
0x465b9300,
0x96029404,
0xfc4cf7ff,
0x68ba68fb,
0xea4f1c59,
0xd1e30188,
0xd1e11c50,
0x4a212300,
0x0801f108,
0x0f02f1b8,
0xd1cb5053,
0xf2404b1e,
0x4628218e,
0x68db689a,
0xbfa8429a,
0xbfb8221d,
0xf7fb2205,
0x6bfbfdd4,
0x9303465a,
0x23044651,
0x9008f8cd,
0x46289301,
0x46339400,
0xfe06f7ff,
0xdb9f2800,
0xd1bd2c00,
0xd19d2e03,
0x465a6c7b,
0x46519302,
0x46286c3b,
0x46239301,
0x34b70676,
0x0676fee4,
0x44208281,
0x00e78c42,
0x769000bf,
0x104c8406,
0xdef10090,
0x8206766d,
0x0776bc48,
0x2d406484,
0x412d4100,
0x431e2e42,
0x2f445f2e,
0x1930453c,
0x475a3046,
0x32483731,
0x55324914,
0x4b32334a,
0x344c0f34,
0x2d354d50,
0x4f0a364e,
0x37504b36,
0x05385128,
0x53463852,
0x3a542339,
0x413a5500,
0x001e3b56,
0x3c01003c,
0x1e3d0241,
0x045f3d03,
0x3f053c3e,
0x5a3f0619,
0x08374007,
0x41091441,
0x32420a55,
0x0c0f430b,
0x440d5043,
0x0a450e2d,
0x104b450f,
0x47112846,
0x46471205,
0x14234813,
0x49150049,
0x1e4a1641,
0x185f4a17,
0x4c193c4b,
0x5a4c1a19,
0x1c374d1b,
0x4e1d144e,
0x324f1e55,
0x200f501f,
0x51215050,
0x0a52222d,
0x244b5223,
0x54252853,
0x46542605,
0x28235527,
0x56290056,
0x1e572a41,
0x2c5f572b,
0x592d3c58,
0x5a592e19,
0x30375a2f,
0x5b31145b,
0x325c3255,
0x00aa051d,
0x0cca0576,
0x05761447,
0x1c4a22d8,
0xa07cf8df,
0xf8dfaf02,
0xf8df907c,
0xb2c6807c,
0x0c76d112,
0x463068b4,
0xfd4af7fb,
0xd01f2c00,
0xf1c0dd0d,
0x429c030f,
0xf04fdd0b,
0xe01734ff,
0x3021f81a,
0x2021f819,
0x1021f838,
0x42e0e7eb,
0x4420d4f3,
0xb2c01c6b,
0x400d760e,
0x24009000,
0x30440476,
0x764620fd,
0x1a04b506,
0x193025f8,
0x382025f8,
0x001025f8,
0xe0e7ef90,
0xf0f10093,
0x00f10093,
0x0cb30776,
0x46052904,
0x4614b083,
0xd157af00,
0x05764611,
0x4ff76cbb,
0xc74b79fd,
0x4f0100e9,
0x000b00f0,
0x19200122,
0x02fa0068,
0x07f1c2f3,
0xd3400b06,
0x08320140,
0x06fa032a,
0x03ea4af3,
0x76d1f20a,
0x7e8a8108,
0x46322600,
0x46594650,
0xeb50f53e,
0x0001f000,
0xea502100,
0xd0080301,
0x20ff00f2,
0xf53e2100,
0x0876eb54,
0x016c8a81,
0xe82e0836,
0x00e9d7d1,
0x08454b23,
0x194542bf,
0x5e1c62d1,
0xe84a5e4b,
0x0c495eb2,
0x32860776,
0xfcc7f7fb,
0x76fff110,
0x76448405,
0x76628808,
0xee788d0c,
0xf22000e7,
0xdf1c53e7,
0xc5b140f8,
0x524b51b2,
0x4c49524a,
0x283c0776,
0xa8f7fb46,
0x504b4ffc,
0x80fab04a,
0x28494ff9,
0x4fb2db46,
0x761959ea,
0xfc9b5806,
0x01fff1a0,
0x4b4a424e,
0x4a4a414e,
0x1e05764b,
0x8e1a0676,
0x494b48fc,
0xf8340476,
0x34077648,
0x06761858,
0x37fc811a,
0x3738ff4a,
0x43424349,
0x9ab2d241,
0x9b057646,
0x0476f30c,
0x09767468,
0xf1b92681,
0xd0520f00,
0xf1b8b146,
0xd0500f00,
0x0f00f1ba,
0x4656bf08,
0x4606bf18,
0x769d4630,
0x281c9205,
0x1c920976,
0x7658f7fb,
0xb034c105,
0x27f980fa,
0x4f462849,
0x761959ea,
0xfb5e810c,
0xa0fc48f7,
0x5e03fff1,
0x5e4a2242,
0x1f492241,
0x3c0a764b,
0xfb280476,
0x1dfc38f7,
0x05761e4b,
0x761d2c81,
0x18584005,
0x28400e76,
0x02400476,
0x490a4253,
0x4a084153,
0xf81b469a,
0x04763024,
0x2204761a,
0x464ee7a2,
0x4646e7b4,
0x6de0e7b2,
0x9140f100,
0x9150f100,
0x9160f100,
0x97e0f100,
0x90e0f100,
0x76f0f100,
0x00970404,
0x009100f1,
0x009110f1,
0x0097d0f1,
0x0090c0f1,
0x0090d0f1,
0x0097c0f1,
0x0090a0f1,
0x0776b0f1,
0x1c4e40c1,
0xb0834605,
0x4693460c,
0xf8dfaf02,
0xf8dfa0ec,
0xb2c690ec,
0x80ecf8df,
0x85117618,
0x01fbdd5a,
0xbbd13c28,
0x220f01f1,
0x0f1c60d1,
0x002303d1,
0x20047693,
0x76280476,
0x760e2404,
0xe566850d,
0x24f81ae7,
0x19200330,
0x762024f8,
0x9048b905,
0x04762500,
0x28fbc246,
0x32c30976,
0xf04f4628,
0x462132ff,
0xfe4df7ff,
0x28004605,
0x1c61d1f1,
0x1076d0d3,
0x36047638,
0xe7e3fba7,
0x76212803,
0xd1147e05,
0x465a4628,
0x32360476,
0xd6360576,
0x011c62d1,
0xb72301d1,
0x76720576,
0xf8cd3808,
0xe7e1b000,
0x76f21c63,
0x76015005,
0xe7ba5009,
0x35fff04f,
0xbf00e7bc,
0xf10093b0,
0xf10093c0,
0x067693d0,
0x2a080c82,
0xb0834606,
0x4610460d,
0xdd35af02,
0x22084614,
0x46304629,
0xfff1f7ff,
0xd15f2800,
0x2c083c08,
0x1c6adcf5,
0xb0e4f8df,
0xa0e4f8df,
0xf886fa5f,
0x7634d135,
0x8a78d007,
0x40b289f2,
0x4bf7fb46,
0x811f42fb,
0x382a0746,
0x2e2c00d8,
0x0cf1c0dd,
0x3a42a202,
0x6b444cdb,
0x49b2e41c,
0x097629d1,
0x7694002e,
0xfb3b3006,
0xe0312000,
0x0f08f112,
0x4614da0c,
0x0207f06f,
0xb7740676,
0x08bb30ff,
0x08f11434,
0xc4dbf40f,
0x14b302e7,
0x19e7c146,
0x25f81b49,
0x25f81a30,
0x25f83120,
0xd3e7c710,
0x611f02d0,
0xcf428a42,
0xfff04fdc,
0x00e00832,
0xc2dd102c,
0x0ff0021c,
0x07f1c202,
0x01e7c202,
0x40810776,
0x2800ff0b,
0x0876d0bd,
0xd0b87482,
0x42611cc2,
0x8a260476,
0xe1dab242,
0x0d7604e7,
0xb3940056,
0x0093a0e7,
0x009380f1,
0x009390f1,
0x4fb5b0f1,
0x0d6380f4,
0x00af0046,
0x04210222,
0x67f7fc46,
0x222d03ff,
0x20462ad1,
0x06230446,
0x5ff7fc21,
0x764620ff,
0x40d18106,
0xf7fb71a1,
0x0476faab,
0x8106760e,
0xf7fb48cd,
0x0e0576a4,
0xcd810676,
0x9df7fb46,
0x1a0676fa,
0x46207181,
0xfa96f7fb,
0x2d04bdb0,
0x4620d10b,
0xff2af7fc,
0x63fff400,
0x0304f043,
0x21062203,
0x34120476,
0xe30576ff,
0x46144f1a,
0xb0894683,
0xb2c5af02,
0x4b9a4e9a,
0x1c516179,
0xf0404a9a,
0xfa1f80c4,
0xfa5ffa86,
0xfa5ff982,
0x464af883,
0x46514643,
0xf7fb4628,
0xf040fa8c,
0x06760002,
0x764a40a7,
0xfa8a1407,
0x4a8e2301,
0x498e9300,
0xc007768e,
0x1604766c,
0x4658fa7f,
0xf981f7fb,
0x3b03697b,
0xd8062b01,
0x5380f44f,
0x21052200,
0xf7fc4658,
0x1c62fef6,
0x9224f8df,
0xa21cf8df,
0x8214f8df,
0x80aef040,
0x7689fa5f,
0x76388305,
0xfb4ec006,
0x10fa57f7,
0x7b0302f0,
0x00f04061,
0x751c6381,
0x404b734a,
0xb680a2f0,
0x82fa5fb2,
0x83fa5ffa,
0x4b4652f9,
0x04a70576,
0xfa42f7fb,
0xf000464b,
0x765200fd,
0xfb64a607,
0x7bfa41f7,
0x69930069,
0x694b6a4a,
0xdbb2d249,
0x74890576,
0xf7fb4e68,
0x4a68fa35,
0xfa5f00a3,
0xeb03f58b,
0x4a660a02,
0x0906eb03,
0xeb03b2f6,
0x4a640802,
0x613a189a,
0x189a4a63,
0x4a6360fa,
0x60bb4413,
0xf0401c60,
0x4a5d808b,
0x765b4633,
0x7622cd05,
0xfa0d5804,
0x1c613001,
0xf040b2c0,
0x4a568085,
0x49544633,
0x0c9c0876,
0x7607f7fb,
0x09708105,
0x4f2200f9,
0x765380f4,
0x82688106,
0x771c62fe,
0x284b4fd1,
0x09764d46,
0xf7fb789c,
0x4a47f9ea,
0x46334946,
0x70c80676,
0xe13c0476,
0x9b697bf9,
0x5df14007,
0xc2280781,
0xfff04fd1,
0x1c462835,
0x4e840776,
0xa024f836,
0x5e890576,
0x24f81390,
0x4a465180,
0xfb464346,
0x76f9c8f7,
0xc6088312,
0x2c4b2ef9,
0x2c20014a,
0x72cc0f76,
0xf819e737,
0x761a3024,
0x501e8707,
0x24f836e7,
0x52097660,
0x4a4631a0,
0xfb465346,
0x53f99ff7,
0x46820576,
0x8209764a,
0x1af99e46,
0x184a184b,
0x409b1176,
0xf899e758,
0xf8983000,
0xf8ba2000,
0x76721000,
0x90000e0d,
0x68bbe778,
0x68fa4628,
0xce077639,
0x72f7fb0c,
0x220476f9,
0x08766178,
0x40e78524,
0x20f10093,
0x30f10093,
0xd0f10093,
0xe0f10092,
0xc0f10092,
0x00f10092,
0x20f10092,
0x10f10092,
0x70f10092,
0x60f10093,
0x50f10093,
0x90f10093,
0x0800a54b,
0x5f0205eb,
0xebf88bfa,
0x8d617b18,
0x0a60fa4b,
0xeb0205eb,
0x8b613b18,
0x0960ba4b,
0xee0205eb,
0x5f607a18,
0x61f983fa,
0x85d17f1c,
0x83464b4a,
0x36830576,
0xf7fb4640,
0x3001f932,
0xb2c01c62,
0x4a7fd179,
0x767d464b,
0x76348307,
0xf92d1a04,
0xf7fb4658,
0x0c76f82f,
0xfda81c85,
0xd16b1c63,
0x46404b77,
0x76774a77,
0x10348309,
0x6f4a70f9,
0x4b468249,
0x56a90576,
0x073c0476,
0x02f01af9,
0x83f0000f,
0xc4280780,
0x5f4b6ed1,
0x05f68bfa,
0x6c0a03eb,
0x03eb054b,
0x1d4b6c09,
0x83fa5f44,
0x551c60f8,
0x434a68d1,
0x05766646,
0x46300e81,
0xf8ebf7fb,
0x44840676,
0x4a62d14f,
0x76604643,
0x760e8107,
0xf8e61a04,
0xf7fa4658,
0x0c76ffe8,
0xfd614284,
0xd1411c62,
0x46304b53,
0x76544a53,
0xc90e8109,
0x514a53f8,
0x07764349,
0x04764284,
0x7bf8c03c,
0x3c079b69,
0xc52807d5,
0x3ae6ded1,
0x33697969,
0x7e820576,
0x0a76e77e,
0x8490000c,
0x40687be7,
0xf968ba46,
0x83087668,
0x76f8a41c,
0x46822004,
0x92220676,
0x99782be7,
0x26830776,
0x0c0b76a8,
0xe7ae9000,
0x7630687b,
0xf8873a0d,
0x6178782b,
0xbc220876,
0x212204e7,
0x3ab40576,
0x4605fd0b,
0xf47f2800,
0x4658ae9e,
0xf68bfa5f,
0xff7ff7fa,
0x22082303,
0x46302161,
0xf86cf7fb,
0x28014b26,
0x49274a26,
0xf1b4d121,
0x76163fff,
0x76149107,
0x65048d06,
0x07f06ff8,
0x48067602,
0xbb10fce7,
0xf7fa4658,
0x2200ff60,
0x46582154,
0xf81bf7fb,
0xd60f7673,
0x60e7e446,
0x0876071c,
0x04769542,
0xe7f84442,
0x6acd0d76,
0xe7f39500,
0xe6574605,
0x0876bf00,
0x92005884,
0x54840676,
0x06769360,
0x91f06484,
0x91e0f100,
0x91d0f100,
0x76f0f100,
0x00932004,
0x077610f1,
0x2154308d,
0xb09b4604,
0x761daf02,
0x88449905,
0xd1f7fa60,
0x49f240ff,
0x20633811,
0xcbf7fa46,
0x4bf240ff,
0x7662f811,
0xffc50c04,
0x71a5f44f,
0x0c0576b8,
0xf44fffbf,
0x767871a6,
0xffb90c05,
0x71a1f44f,
0x0c057638,
0xf44fffb3,
0x61f8718d,
0xad0c0476,
0x21f240ff,
0x0576b811,
0x4fffa70c,
0x787181f4,
0xa10c0576,
0x382d03ff,
0x4fd90361,
0x0032fff0,
0x00bd89f0,
0xc9f0002e,
0xe64bb281,
0x4f4ab2b2,
0xb20800f0,
0x4f463049,
0xc20985ea,
0x25f81346,
0x07761230,
0xf8cd548c,
0xf7fa8000,
0x4babffc6,
0x20024aac,
0x0c7649ac,
0x3090001c,
0xb8f7fa46,
0xa84ba7ff,
0xa846304a,
0x761c0d76,
0xffaa3806,
0x4aa44ba3,
0x76a44630,
0xff9c1c13,
0x4aa0499f,
0x0301eb09,
0xeb0965fb,
0x65bb0302,
0x04764b9d,
0x03eb0922,
0x26047600,
0x76306578,
0x760a8105,
0xff852e06,
0x76974997,
0x763b2e05,
0x64fb2e05,
0x2e0d7695,
0x200164b8,
0x762e0476,
0x6e148106,
0x8f498eff,
0x7b2e0576,
0x2e047664,
0x768c643b,
0x63f82e0d,
0x2e0b760d,
0x23ffff57,
0x7649f240,
0xfa06f405,
0xffff28f7,
0xa5f44f23,
0x4ce80576,
0xff21f7fa,
0x76de23c0,
0xfa56e405,
0xc0ff1bf7,
0xe8810776,
0x15f7fa7a,
0x4b4b79ff,
0x7863bb44,
0x7b444b4b,
0x994b7863,
0x87087644,
0xfc46206a,
0xbbfbb3f7,
0x306b7a6b,
0x00f8b946,
0x01f10a10,
0x12781b0a,
0x40047678,
0xd04d2800,
0x0801f108,
0x0f03f1bb,
0xf1b8d139,
0xd9460f05,
0x0f0ff1ba,
0x6d7bd956,
0x101aea4f,
0x38016dba,
0xb2c06df9,
0x16da0a76,
0xff08f7fa,
0x6c3a6bfb,
0x000df10a,
0xf0006c79,
0xdb09760f,
0x1c047678,
0x6cbbfefa,
0xea4f6cfa,
0x6d39009a,
0x0002f000,
0xf040781b,
0x0a760001,
0xd7feea20,
0x00308cf8,
0xb9f0002b,
0x00f04f80,
0xbbe00f0b,
0x0c0f04f1,
0x09f1b8d1,
0x7bd9090f,
0x07f3ca6d,
0xf96dba10,
0x5406766d,
0x4680e7c6,
0x46306bfb,
0x6c796c3a,
0xfa120676,
0x0cfec1f7,
0x82f00028,
0x76220180,
0x4912f206,
0x892800fb,
0x546b3ad0,
0xfa462021,
0xfafe7ff7,
0x8106766a,
0xf7fa5ce5,
0x6abafe79,
0xe5810676,
0x73f7fa5c,
0x766a7afe,
0x5ae58106,
0xfe6df7fa,
0x06766a3a,
0xfa58e581,
0xfafe67f7,
0x81067669,
0xf7fa36de,
0x69bafe61,
0xde810676,
0x5bf7fa32,
0x76697afe,
0x2ede8106,
0xfe55f7fa,
0x0676693a,
0xf7fa6890,
0xf8d7fe4f,
0x81057694,
0xd7851540,
0x4f3090f8,
0x2932fff0,
0x00462046,
0x1804762b,
0x2201bf08,
0xf7ff435a,
0x4602faff,
0xbc20f000,
0x0a7692c0,
0x9290748b,
0x92a0f100,
0x92b0f100,
0x9260f100,
0x9270f100,
0x9280f100,
0x9230f100,
0x9240f100,
0x9250f100,
0x089b0676,
0xf10093f0,
0x940776e0,
0x0093c048,
0x0093b0f1,
0x0776a0f1,
0x93804092,
0x9170f100,
0x9180f100,
0x9190f100,
0x6cbbf100,
0x6cfa4630,
0x82077639,
0x33f7fa2e,
0x7f2803fe,
0x7baf72f4,
0x7646306d,
0xfa46820a,
0x0ffe27f7,
0x66f47f28,
0x0776ffaf,
0x49589781,
0xfdf7fa11,
0x0e0676fd,
0x71a5f44f,
0xfdf6f7fa,
0x97810676,
0xfa21de74,
0x76fdf0f7,
0xea56840a,
0x59e751fd,
0x68820576,
0xf1bbfb21,
0xd1510f03,
0x7e840a76,
0x280b76dc,
0x0876fdd6,
0xfa54e881,
0x32fdbdf7,
0x76560576,
0x76b70c04,
0x06760c05,
0xfdb16c82,
0x8107761f,
0xf7fa14ea,
0x221ffdb4,
0x06766378,
0xfa16ea81,
0x80fdadf7,
0x7664b823,
0x00998106,
0xaf100476,
0x76231ffd,
0x06762a04,
0x0576a85c,
0x0776420e,
0x02fda10e,
0x03d05d2d,
0x01d0672d,
0x50d1292d,
0x81087623,
0xf7fa68e8,
0x0476fd94,
0x2921f40e,
0x54840576,
0x4bddd106,
0x210b4632,
0x781b4620,
0xfa33f7fc,
0x46810676,
0x2300fabe,
0x4a05760b,
0xfa29f7fc,
0x22860c76,
0x2300fa22,
0x637b64bb,
0x0476e053,
0x81067646,
0xf7fa5ce9,
0x5405766a,
0xe9810676,
0x63f7fa5a,
0x762103fd,
0x769b4604,
0xfa053a0d,
0xf0002d02,
0xf00576af,
0x0181bc32,
0x0fd1242d,
0x16810b76,
0x0476fd49,
0x0576f40e,
0xfd436881,
0x762c22a4,
0x06766005,
0xfa7ee981,
0x07763af7,
0xce114560,
0x0a0476e7,
0x280576ef,
0x1605762f,
0xe7c421f5,
0x763c0476,
0x240c8108,
0x764a0576,
0x1d0c8108,
0x760476fd,
0x76057682,
0x2d01818d,
0x2284d0d1,
0x04860676,
0xf1bbfcfd,
0xd10d0f03,
0x20004b9e,
0x769e4a9e,
0xe0228a0f,
0x27f7fab2,
0xe64b9afd,
0x4f4a9ab2,
0x990900f0,
0x668a0676,
0x8a0f7608,
0xf7fa9010,
0x4b93fd14,
0x46304a94,
0x8a107694,
0xf7fa902c,
0x498ffd06,
0x76084a90,
0x082c8a05,
0x2c8a0576,
0x8905768d,
0x12760850,
0xfa902c8a,
0x87fceff7,
0x06768749,
0x0576602e,
0x7685602e,
0x05762e0e,
0x067648af,
0x01f04f2e,
0xd6f7fa09,
0x7e497dfc,
0x7646304a,
0x763b3404,
0x64fb6205,
0x3405767b,
0x08300476,
0x760a03eb,
0xfcc05e0a,
0x00764975,
0x7b5e0576,
0x2a047664,
0x7673643b,
0x0e765e0d,
0xfca95c8a,
0xf7fa4620,
0xf8c7fbab,
0xf8df9038,
0xf1bb9150,
0xd10a0f04,
0x3000f8d9,
0x210b2200,
0x43db4620,
0xf8c9b2db,
0xf7fc3000,
0x0676f919,
0xf44f6283,
0xf7fc5380,
0x462af912,
0xef057659,
0x00ff6a4c,
0xc6f00028,
0x006bbb82,
0xd1f0002b,
0x0a890776,
0xff12f7fe,
0x28004602,
0x8224f040,
0x05766538,
0x3afb0089,
0x400a766d,
0x0876f8f2,
0x76ff4a40,
0x80b52604,
0x3c880876,
0xfef5f7fe,
0x073a0676,
0x38047682,
0x8605765d,
0x00d14d6a,
0xde22c023,
0x52830576,
0x0476fc27,
0x0576e10c,
0x00fc210c,
0x6a860976,
0x7600fc08,
0x4ef58107,
0x7602f7fa,
0x06760c05,
0xfbfc6a86,
0x9a077601,
0x26067644,
0x9a077610,
0x0e047644,
0x0476fc01,
0x8908761c,
0x76fbfa5c,
0x06761c06,
0xfbf35e89,
0x3034f897,
0x26870a76,
0x4620fbeb,
0x7648f897,
0x21421205,
0xfbe3f7fa,
0x707af44f,
0xfb1df53d,
0xf7fc4620,
0x41f80076,
0x0373f8f6,
0x76400322,
0x81669a06,
0x00e53bf8,
0x766de0bf,
0x76609506,
0x00788908,
0x0c910776,
0x14047620,
0x00910776,
0xf10091f0,
0xf10091c0,
0xf10091b0,
0x267691a0,
0x06767889,
0x06767c85,
0xfb9f3686,
0x450e0676,
0x980e0576,
0x812294fb,
0x120476e6,
0x3e860676,
0x1e057690,
0x0c0576f5,
0x22b4fb8a,
0x4620e673,
0xa334f8df,
0xfab0f7fa,
0x76c849c8,
0xc7568409,
0x02eb084b,
0x25f83109,
0x12449810,
0x057625f8,
0xf7fa2484,
0x07c1fb91,
0x0876d522,
0xf81a5e8c,
0x1a830676,
0x0576813a,
0xf1bbfa5a,
0xf0400f04,
0x067680e7,
0x766e9181,
0xca308408,
0x30840576,
0x96097601,
0xfb46205c,
0xd7fffaf7,
0x830a76e0,
0x0776f662,
0x76161c84,
0x766c4805,
0xd1124805,
0xfb461276,
0x76ffdef7,
0xffd7460c,
0xf1bbe002,
0xd0f40f03,
0x3e840876,
0xb928fe2b,
0x72840876,
0xe7d3fdd9,
0x46306d39,
0x2000f899,
0x3000f898,
0xf7fa8809,
0x07c2fb31,
0x0476d5c2,
0x76d16960,
0xfdc52808,
0xd77e0676,
0x7e047680,
0x7e05762d,
0x4a88d163,
0x137a0476,
0x7c047668,
0x22006013,
0xffa0f7fb,
0x72850a76,
0xff99f7fb,
0xf1740876,
0x76b948fd,
0x9e4c810a,
0xb04e0776,
0x8c107680,
0x7bfaf368,
0x016dba6d,
0x90107630,
0x76faef32,
0xf9f17804,
0x5a810c76,
0x6d39ff6a,
0x3000f898,
0x3e810676,
0xd43e0476,
0x823e0576,
0x306df946,
0x52087646,
0xf01afaca,
0xf0000f01,
0x280780fb,
0xf7ffd1c7,
0xf1bbbae9,
0xd19b0f03,
0x8107760c,
0x91ff4a5a,
0x120476e7,
0x0c76d1b9,
0x52ff3c5c,
0x304a524b,
0x2acd0576,
0x3a890a76,
0xfaa3f7fa,
0xd1062801,
0x020bf06f,
0x2b3e0676,
0x04e799ff,
0x0576f822,
0x20f43f42,
0x810876af,
0x76fd7970,
0x2764820a,
0x39e6fdfd,
0x9846306d,
0x763000f8,
0x7f2a8108,
0x3f07c3fa,
0xbbaeedf5,
0x310f04f1,
0x66820976,
0x4602fd12,
0x4620bb28,
0xf97cf7fa,
0x371a0476,
0x11762fd1,
0xfeef6282,
0x62820c76,
0x0876fee8,
0xb0fd4072,
0x820a76b1,
0x0576df62,
0xd0471088,
0x76644610,
0xbb1a9e07,
0xd10f03f1,
0x76810976,
0xe7c9fecf,
0xd62e0a76,
0x2e0476fc,
0x76e7d0df,
0xdb488105,
0x0a820d76,
0x0876feb7,
0x0e7630e9,
0x761e0a82,
0xa60a820f,
0x0576dcfe,
0xbf000a82,
0x0c9d0c76,
0x0e766de0,
0x10767090,
0xf9fb7083,
0x70831676,
0x4620f9f7,
0x76f9f7fa,
0x7210860d,
0x831076fe,
0x0576dc70,
0x830e763e,
0x1af9d270,
0x030f01f0,
0xc82807d0,
0xf2f7ffd1,
0x03f06fb9,
0x22810776,
0x82057655,
0x75f47f14,
0x26830976,
0x86057616,
0x6cf47f54,
0xfae566af,
0x3946306c,
0x00f89a6d,
0x48067630,
0x2803f9ae,
0x0e76d130,
0xf7fa489b,
0x280ff9a3,
0xa9c7f43f,
0x32830876,
0x82057639,
0x4bf47f3a,
0x016cfaaf,
0x400a7620,
0x46810676,
0x6bfbf994,
0x200d6c3a,
0x7c940876,
0x89160676,
0x5c810576,
0x2300f88b,
0xe4e063bb,
0x76036cfa,
0x76783811,
0x76053805,
0xe7e23809,
0x2094f8d7,
0xbf00e718,
0x47f0e92d,
0x460c1c4d,
0xf002b082,
0x4b2d060f,
0x4a2daf02,
0xb2c5492d,
0x9b087628,
0x3e069658,
0xf7fa4628,
0xf8dff957,
0x2e0590b4,
0x4a284b27,
0xf8df4928,
0x4e2880ac,
0x1c60d834,
0xe509761c,
0x76940018,
0xf9432804,
0x4aa40676,
0x76b1f288,
0xf93a1207,
0x06762000,
0x0e766caf,
0x76d244e3,
0x4f2a9c05,
0x760a00f0,
0x7648bc0c,
0xf9213204,
0x1024f836,
0x3024f819,
0x2024f818,
0xda160476,
0x011c60e7,
0xc92401d1,
0x01340776,
0xe4340976,
0x76bf00e7,
0xb064de0c,
0xc0f10094,
0xd0f10094,
0x70f10094,
0x50f10095,
0x60f10095,
0x34ef0776,
0x1149f240,
0xb08b461c,
0x2300af02,
0x46804616,
0x617b613b,
0x61fb61bb,
0xf8a5f7fa,
0x60781c63,
0x4aba4bb9,
0x0a7649ba,
0x200114c8,
0xfa5f9000,
0xfa5ff088,
0xf7fafb88,
0x2206f8d6,
0x46404621,
0xff65f7ff,
0x23072501,
0xf2402280,
0x46582181,
0xf7fa9500,
0x0876f8c8,
0x46401e9a,
0xf899f7fa,
0x462b9500,
0x218e2202,
0xf7fa4658,
0x2e04f8ba,
0x4640d168,
0xfd14f7fb,
0xd56a07c6,
0x00a64640,
0xfd0ef7fb,
0xf0402201,
0x21060380,
0x25074640,
0xfd2cf7fb,
0x18f34b9d,
0x4b9c60fb,
0x0a03eb06,
0x441e4b9c,
0x60bbb2db,
0x0901f04f,
0x464a2300,
0x764a0476,
0x935a9006,
0x100476f8,
0x06769300,
0x07f88c5c,
0x030320f1,
0x530384eb,
0x003c10f8,
0x60d1472b,
0x8bd13f1c,
0xbb498a4a,
0x89b2d268,
0x240476b2,
0xfab0f872,
0x0940f080,
0x0476b130,
0x7622012c,
0xf8432e04,
0x462a2c10,
0x4e810676,
0x3501fefe,
0x2d17b2ed,
0x0c76d1c8,
0x322b014c,
0x810876dc,
0x2cfeed70,
0x057613e0,
0x0a7664ac,
0xe7727c9f,
0x76992e03,
0xa9568105,
0x9407c5fc,
0xfff04fd5,
0xc6087630,
0x3368f900,
0x05769a78,
0xe7be5286,
0xd1cf2b01,
0xd1631c61,
0x76654a66,
0x2814810b,
0xb70676f8,
0xbb280000,
0xdf6d7bd0,
0xdfa1a8f8,
0x0091a0f8,
0x62d1552b,
0x5e4d5e1c,
0x5ed1744e,
0x89fa5f4b,
0x58495ef2,
0xf6b2ad46,
0x5fb2dcb2,
0x89f38afa,
0x0bf7fab2,
0x326cfbf8,
0x18462946,
0xc0462344,
0x769000b2,
0xf8094e04,
0xd1057623,
0xf9465860,
0x0576fbf7,
0x3804688a,
0xcc0b7652,
0x00465810,
0xf6f7f924,
0xfb4640ff,
0x4dfc52f7,
0x0622014b,
0x76400321,
0x76710e04,
0x403a9107,
0xabf7f946,
0x762301ff,
0x00348306,
0xdff7f994,
0x140476ff,
0x4640fee1,
0x0476687a,
0x9bf7f922,
0x8d4620ff,
0x810a76e7,
0x3be79a5c,
0xfff04f6d,
0x00493535,
0x086d7b2b,
0x5d2501bf,
0x101c6343,
0x56b00976,
0xf9780476,
0x42ffb3f7,
0x76b2d219,
0x49488206,
0x8e2800fe,
0x09766bd0,
0xf83146af,
0xe7ec1024,
0x3024f835,
0x60fb4658,
0x4a274b22,
0x76164922,
0x2518a807,
0xb20c764b,
0x8ff7f952,
0x4a6cfbff,
0x1868f946,
0x07765344,
0xf7f97881,
0x4b19ff8d,
0x2024f816,
0xf8354658,
0xf8331024,
0x4b149024,
0x113c0476,
0x30060476,
0x760d60fb,
0xf7f90805,
0x3804ff71,
0x68fbb2c0,
0x46529000,
0xe7774649,
0xf1009660,
0xf1009670,
0xf1009680,
0xf1009590,
0xf1009580,
0x06769850,
0x76e004c5,
0x202ce107,
0xc50e7696,
0x0fff7f10,
0xcb087600,
0x00000000,
0x1ff00400,
0x000001e5,
0x07760f01,
0x763cc881,
0x10760808,
0x08087610,
0x00000203,
0x00000204,
0x00000205,
0x00000206,
0x00000207,
0x00000208,
0x00000209,
0x0000020a,
0x0000020b,
0x2004760c,
0xae810776,
0x0808761c,
0x76101076,
0x76200808,
0x48c98107,
0x76080876,
0x08761010,
0x78287608,
0x81077604,
0x087620af,
0x10107608,
0x10080876,
0xca810776,
0x08087624,
0x76101076,
0x28760808,
0x76003f78,
0x08760404,
0x10107608,
0x180c0a76,
0x81067602,
0x021a78b0,
0xb0810676,
0x76021c50,
0x40b08106,
0x06760221,
0x236cb081,
0x81067602,
0x760724b1,
0x00b18107,
0x76080876,
0x08761010,
0x04768008,
0x08087604,
0x76101076,
0x28760c0b,
0x07760678,
0x7610b281,
0x10760808,
0x08087610,
0x81077640,
0x087660cc,
0x10107608,
0x76080876,
0x28767828,
0x01e44082,
0xb5810676,
0x7601e628,
0x00b58106,
0x067601e8,
0xea70b481,
0x81067601,
0x01ec1cb5,
0xb5810676,
0x82507654,
0x78287640,
0x40825076,
0x76782876,
0xc3408228,
0x81067601,
0x01c534b9,
0x01c60000,
0xb9810676,
0x7601c870,
0x3cb98106,
0x067601ca,
0xcc2cb981,
0x40825376,
0x76782876,
0x76408250,
0x0c767828,
0x7624cf81,
0x01b60404,
0x01b90000,
0x01bc0000,
0x01bf0000,
0x007f0000,
0x76040476,
0x00000808,
0x0000016c,
0x0000017e,
0x00000190,
0x067601a2,
0x087630d5,
0x047638d5,
0x00039004,
0x00039100,
0x00039200,
0x76039300,
0x01754012,
0x01870000,
0x01990000,
0x01ab0000,
0x14890676,
0x81077605,
0x0776075c,
0x76207c88,
0x80448107,
0x5d000000,
0x04047601,
0x76080876,
0x01b43022,
0x76040476,
0x12760808,
0x03120081,
0x031f0000,
0x032c0000,
0x76390000,
0x76208113,
0x01171010,
0x00f40000,
0x01450000,
0x00f50000,
0x01460000,
0x01130000,
0x01010000,
0x76ef0000,
0x767c810f,
0x03100404,
0x031d0000,
0x032a0000,
0x03370000,
0x08201276,
0x15000003,
0x22000003,
0x2f000003,
0x73201376,
0x7b000003,
0x83000003,
0x8b000003,
0x72201376,
0x7a000003,
0x82000003,
0x8a000003,
0x70201376,
0x78000003,
0x80000003,
0x88000003,
0x71201376,
0x79000003,
0x81000003,
0x89000003,
0x76402376,
0xb5708220,
0x76040476,
0x07760808,
0x760130d9,
0x50bc8107,
0x0c0b7603,
0x08480476,
0x76301776,
0x08761c04,
0x64047608,
0x08087670,
0x9a000000,
0x00040476,
0x769b0000,
0x23760404,
0x04769830,
0x00000004,
0x04047699,
0x96302376,
0x00040476,
0x76970000,
0x23760404,
0x769e4081,
0x08760404,
0x18077608,
0x20821c76,
0x76301076,
0x6cbe8108,
0x76380476,
0x04763404,
0x07760c64,
0xc044d981,
0x95000000,
0x76040476,
0x23760808,
0x769c1081,
0x08760404,
0x81237608,
0x30107610,
0x10812076,
0x0404769d,
0x76080876,
0x76b63023,
0x08760404,
0x83137608,
0x00000f00,
0x0876f000,
0x00000008,
0x040476d2,
0xd3000000,
0x76040476,
0x76916023,
0x08760404,
0x60237608,
0x047602bb,
0xbc000004,
0x76040476,
0xce609013,
0xd0000000,
0xcf000000,
0xd1000000,
0x76700776,
0x08760404,
0x04767808,
0x08087604,
0x76301376,
0x00ca5010,
0x00cc0000,
0x00cb0000,
0x76cd0000,
0x10765023,
0x83207630,
0x04768e40,
0x08087604,
0x00811376,
0x00000161,
0x00000162,
0x00000163,
0x12760164,
0x76f80081,
0x08760404,
0x30137608,
0x10881076,
0x76201076,
0x8f108520,
0x76040476,
0x13760808,
0x0350208a,
0x03580000,
0x03600000,
0x76680000,
0x1f764104,
0x76c84083,
0x00000404,
0x0476c900,
0x83237604,
0x0476c670,
0x00000004,
0x040476c7,
0xc4302376,
0x00040476,
0x76c50000,
0x23760404,
0x76900085,
0x08760404,
0x87237608,
0x76028020,
0x08760404,
0x811a7608,
0x1a7630c6,
0x3434761a,
0x76686876,
0x50815081,
0x80323276,
0x004603b5,
0x59781aaf,
0x18b90a1c,
0x0bbd801a,
0x90e7f846,
0x0b211cb5,
0x4faf004a,
0x004470f0,
0x010304ea,
0x0440cb32,
0x24b2db39,
0x022b0909,
0x883c01f8,
0x983337bf,
0x763330bf,
0x1d0b0c04,
0x4800d1ed,
0x01fcbd90,
0x30200100,
0x0a0d0078,
0x003a4500,
0x2000203a,
0x0a0d0020,
0x4f5a4e55,
0xff00214b,
0x01d5034f,
0x21d53e10,
0x21927ff8,
0x21927ef8,
0x21927df8,
0x21927cf8,
0x019273f8,
0xdfd51e10,
0xb3d5033f,
0x73d53800,
0x7fd3401e,
0x40f10002,
0x60540005,
0x01180009,
0x21b94000,
0x01320000,
0x00b90000,
0x76100476,
0xb9001405,
0x180008e1,
0x52800542,
0xb9000022,
0x180008a4,
0xb9400084,
0x7100009f,
0x54ffffa0,
0xf100067f,
0x54000100,
0xf1000a7f,
0x08047680,
0x00f1000e,
0x62540002,
0x30067604,
0x17fffffe,
0x18000723,
0x52800022,
0xb9000062,
0x06760642,
0x1f008018,
0x760683d6,
0x7662180a,
0x05e3180b,
0x82180a76,
0x41180b76,
0x42180005,
0x10067600,
0x18000441,
0x06760822,
0x760a420c,
0x76620806,
0x76c21007,
0x08763407,
0x7603243c,
0xc434810e,
0x100e7602,
0x100f7664,
0x38077622,
0x067601e1,
0x01c40881,
0xf9200576,
0x08810876,
0xfff02000,
0xfff02004,
0x830576f0,
0x0cf01153,
0x14f02101,
0x18f02101,
0x1cf02101,
0x08f02101,
0x10100476,
0x0100ffe4,
0x23067621,
0x7c830676,
0x00000000,
0x00000000,
0x00000000,
0x00000000,
0x00000000,
0x00000000,
0x00000000,
0x00000000,
0x00000000,
0x00000000,
0x00000000,
0x00000000,
0x00000000,
0x00000000,
0x00000000,
0x00000000,
0x00000000,
0x00000000,
0x00000000,
0x00000000,
0x00000000,
0x00000000,
0x00000000,
0x00000000,
0x00000000,
0x00000000,
0x00000000,
0x00000000,
0x00000000,
0x00000000,
0x00000000,
0x00000000,
0x00000000,
0x00000000,
0x00000000,
0x00000000,
0x00000000,
0x00000000,
0x00000000,
0x00000000,
0x00000000,
0x00000000,
0x00000000,
0x00000000,
0x00000000,
0x00000000,
0x00000000,
0x00000000,
0x00000000,
0x00000000,
0x00000000,
0x00000000,
0x00000000,
0x00000000,
0x00000000,
0x00000000,
0x00000000,
0x00000000,
0x00000000,
0x00000000,
0x00000000,
0x00000000,
0x00000000,
0x00000000,
0x00000000,
0x00000000,
0x00000000,
0x00000000,
0x00000000,
0x00000000,
0x00000000,
0x00000000,
0x00000000,
0x00000000,
0x00000000,
0x00000000,
0x00000000,
0x00000000,
0x00000000,
0x00000000,
0x00000000,
0x00000000,
0x00000000,
0x00000000,
0x00000000,
0x00000000,
0x00000000,
0x00000000,
0x00000000,
0x00000000,
0x00000000,
0x00000000,
0x00000000,
0x00000000,
0x00000000,
0x00000000,
0x00000000,
0x00000000,
0x00000000,
0x00000000,
0x00000000,
0x00000000,
0x00000000,
0x00000000,
0x00000000,
0x00000000,
0x00000000,
0x00000000,
0x00000000,
0x00000000,
0x00000000,
0x00000000,
0x00000000,
0x00000000,
0x00000000,
0x00000000,
0x00000000,
0x00000000,
0x00000000,
0x00000000,
0x00000000,
0x00000000,
0x00000000,
0x00000000,
0x00000000,
0x00000000,
0x00000000,
0x00000000,
0x00000000,
0x00000000,
0x00000000,
0x00000000,
0x00000000,
0x00000000,
0x00000000,
0x00000000,
0x00000000,
0x00000000,
0x00000000,
0x00000000,
0x00000000,
0x00000000,
0x00000000,
0x00000000,
0x00000000,
0x00000000,
0x00000000,
0x00000000,
0x00000000,
0x00000000,
0x00000000,
0x00000000,
0x00000000,
0x00000000,
0x00000000,
0x00000000,
0x00000000,
0x00000000,
0x00000000,
0x00000000,
0x00000000,
0x00000000,
0x00000000,
0x00000000,
0x00000000,
0x00000000,
0x00000000,
0x00000000,
0x00000000,
0x00000000,
0x00000000,
0x00000000,
0x00000000,
0x00000000,
0x00000000,
0x00000000,
0x00000000,
0x00000000,
0x00000000,
0x00000000,
0x00000000,
0x00000000,
0x00000000,
0x00000000,
0x00000000,
0x00000000,
0x00000000,
0x00000000,
0x00000000,
0x00000000,
0x00000000,
0x00000000,
0x00000000,
0x00000000,
0x00000000,
0x00000000,
0x00000000,
0x00000000,
0x00000000,
0x00000000,
0x00000000,
0x00000000,
0x00000000,
0x00000000,
0x00000000,
0x00000000,
0x00000000,
0x00000000,
0x00000000,
0x00000000,
0x00000000,
0x00000000,
0x00000000,
0x00000000,
0x00000000,
0x00000000,
0x00000000,
0x00000000,
0x00000000,
0x00000000,
0x00000000,
0x00000000,
0x00000000,
0x00000000,
0x00000000,
0x00000000,
0x00000000,
0x00000000,
0x00000000,
0x00000000,
0x00000000,
0x00000000,
0x00000000,
0x00000000,
0x00000000,
0x00000000,
0x00000000,
0x00000000,
0x00000000,
0x00000000,
0x00000000,
0x00000000,
0x00000000,
0x00000000,
0x00000000,
0x00000000,
0x00000000,
0x00000000,
0x00000000,
0x00000000,
0x00000000,
0x00000000,
0x00000000,
0x00000000,
0x00000000,
0x00000000,
0x00000000,
0x00000000,
0x00000000,
0x00000000,
0x00000000,
0x00000000,
0x00000000,
0x00000000,
0x00000000,
0x00000000,
0x00000000,
0x00000000,
0x00000000,
0x00000000,
0x00000000,
0x00000000,
0x00000000,
0x00000000,
0x00000000,
0x00000000,
0x00000000,
0x00000000,
0x00000000,
0x00000000,
0x00000000,
0x00000000,
0x00000000,
0x00000000,
0x00000000,
0x00000000,
0x00000000,
0x00000000,
0x00000000,
0x00000000,
0x00000000,
0x00000000,
0x00000000,
0x00000000,
0x00000000,
0x00000000,
0x00000000,
0x00000000,
0x00000000,
0x00000000,
0x00000000,
0x00000000,
0x00000000,
0x00000000,
0x00000000,
0x00000000,
0x00000000,
0x00000000,
0x00000000,
0x00000000,
0x00000000,
0x00000000,
0x00000000,
0x00000000,
0x00000000,
0x00000000,
0x00000000,
0x00000000,
0x00000000,
0x00000000,
0x00000000,
0x00000000,
0x00000000,
0x00000000,
0x00000000,
0x00000000,
0x00000000,
0x00000000,
0x00000000,
0x00000000,
0x00000000,
0x00000000,
0x00000000,
0x00000000,
0x00000000,
0x00000000,
0x00000000,
0x00000000,
0x00000000,
0x00000000,
0x00000000,
0x00000000,
0x00000000,
0x00000000,
0x00000000,
0x00000000,
0x00000000,
0x00000000,
0x00000000,
0x00000000,
0x00000000,
0x00000000,
0x00000000,
0x00000000,
0x00000000,
0x00000000,
0x00000000,
0x00000000,
0x00000000,
0x00000000,
0x00000000,
0x00000000,
0x00000000,
0x00000000,
0x00000000,
0x00000000,
0x00000000,
0x00000000,
0x00000000,
0x00000000,
0x00000000,
0x00000000,
0x00000000,
0x00000000,
0x00000000,
0x00000000,
0x00000000,
0x00000000,
0x00000000,
0x00000000,
0x00000000,
0x00000000,
0x00000000,
0x00000000,
0x00000000,
0x00000000,
0x00000000,
0x00000000,
0x00000000,
0x00000000,
0x00000000,
0x00000000,
0x00000000,
0x00000000,
0x00000000,
0x00000000,
0x00000000,
0x00000000,
0x00000000,
0x00000000,
0x00000000,
0x00000000,
0x00000000,
0x00000000,
0x00000000,
0x00000000,
0x00000000,
0x00000000,
0x00000000,
0x00000000,
0x00000000,
0x00000000,
0x00000000,
0x00000000,
0x00000000,
0x00000000,
0x00000000,
0x00000000,
0x00000000,
0x00000000,
0x00000000,
0x00000000,
0x00000000,
0x00000000,
0x00000000,
0x00000000,
0x00000000,
0x00000000,
0x00000000,
0x00000000,
0x00000000,
0x00000000,
0x00000000,
0x00000000,
0x00000000,
0x00000000,
0x00000000,
0x00000000,
0x00000000,
0x00000000,
0x00000000,
0x00000000,
0x00000000,
0x00000000,
0x00000000,
0x00000000,
0x00000000,
0x00000000,
0x00000000,
0x00000000,
0x00000000,
0x00000000,
0x00000000,
0x00000000,
0x00000000,
0x00000000,
0x00000000,
0x00000000,
0x00000000,
0x00000000,
0x00000000,
0x00000000,
0x00000000,
0x00000000,
0x00000000,
0x00000000,
0x00000000,
0x00000000,
0x00000000,
0x00000000,
0x00000000,
0x00000000,
0x00000000,
0x00000000,
0x00000000,
0x00000000,
0x00000000,
0x00000000,
0x00000000,
0x00000000,
0x00000000,
0x00000000,
0x00000000,
0x00000000,
0x00000000,
0x00000000,
0x00000000,
0x00000000,
0x00000000,
0x00000000,
0x00000000,
0x00000000,
0x00000000,
0x00000000,
0x00000000,
0x00000000,
0x00000000,
0x00000000,
0x00000000,
0x00000000,
0x00000000,
0x00000000,
0x00000000,
0x00000000,
0x00000000,
0x00000000,
0x00000000,
0x00000000,
0x00000000,
0x00000000,
0x00000000,
0x00000000,
0x00000000,
0x00000000,
0x00000000,
0x00000000,
0x00000000,
0x00000000,
0x00000000,
0x00000000,
0x00000000,
0x00000000,
0x00000000,
0x00000000,
0x00000000,
0x00000000,
0x00000000,
0x00000000,
0x00000000,
0x00000000,
0x00000000,
0x00000000,
0x00000000,
0x00000000,
0x00000000,
0x00000000,
0x00000000,
0x00000000,
0x00000000,
0x00000000,
0x00000000,
0x00000000,
0x00000000,
0x00000000,
0x00000000,
0x00000000,
0x00000000,
0x00000000,
0x00000000,
0x00000000,
0x00000000,
0x00000000,
0x00000000,
0x00000000,
0x00000000,
0x00000000,
0x00000000,
0x00000000,
0x00000000,
0x00000000,
0x00000000,
0x00000000,
0x00000000,
0x00000000,
0x00000000,
0x00000000,
0x00000000,
0x00000000,
0x00000000,
0x00000000,
0x00000000,
0x00000000,
0x00000000,
0x00000000,
0x00000000,
0x00000000,
0x00000000,
0x00000000,
0x00000000,
0x00000000,
0x00000000,
0x00000000,
0x00000000,
0x00000000,
0x00000000,
0x00000000,
0x00000000,
0x00000000,
0x00000000,
0x00000000,
0x00000000,
0x00000000,
0x00000000,
0x00000000,
0x00000000,
0x00000000,
0x00000000,
0x00000000,
0x00000000,
0x00000000,
0x00000000,
0x00000000,
0x00000000,
0x00000000,
0x00000000,
0x00000000,
0x00000000,
0x00000000,
0x00000000,
0x00000000,
0x00000000,
0x00000000,
0x00000000,
0x00000000,
0x00000000,
0x00000000,
0x00000000,
0x00000000,
0x00000000,
0x00000000,
0x00000000,
0x00000000,
0x00000000,
0x00000000,
0x00000000,
0x00000000,
0x00000000,
0x00000000,
0x00000000,
0x00000000,
0x00000000,
0x00000000,
0x00000000,
0x00000000,
0x00000000,
0x00000000,
0x00000000,
0x00000000,
0x00000000,
0x00000000,
0x00000000,
0x00000000,
0x00000000,
0x00000000,
0x00000000,
0x00000000,
0x00000000,
0x00000000,
0x00000000,
0x00000000,
0x00000000,
0x00000000,
0x00000000,
0x00000000,
0x00000000,
0x00000000,
0x00000000,
0x00000000,
0x00000000,
0x00000000,
0x00000000,
0x00000000,
0x00000000,
0x00000000,
0x00000000,
0x00000000,
0x00000000,
0x00000000,
0x00000000,
0x00000000,
0x00000000,
0x00000000,
0x00000000,
0x00000000,
0x00000000,
0x00000000,
0x00000000,
0x00000000,
0x00000000,
0x00000000,
0x00000000,
0x00000000,
0x00000000,
0x00000000,
0x00000000,
0x00000000,
0x00000000,
0x00000000,
0x00000000,
0x00000000,
0x00000000,
0x00000000,
0x00000000,
0x00000000,
0x00000000,
0x00000000,
0x00000000,
0x00000000,
0x00000000,
0x00000000,
0x00000000,
0x00000000,
0x00000000,
0x00000000,
0x00000000,
0x00000000,
0x00000000,
0x00000000,
0x00000000,
0x00000000,
0x00000000,
0x00000000,
0x00000000,
0x00000000,
0x00000000,
0x00000000,
0x00000000,
0x00000000,
0x00000000,
0x00000000,
0x00000000,
0x00000000,
0x00000000,
0x00000000,
0x00000000,
0x00000000,
0x00000000,
0x00000000,
0x00000000,
0x00000000,
0x00000000,
0x00000000,
0x00000000,
0x00000000,
0x00000000,
0x00000000,
0x00000000,
0x00000000,
0x00000000,
0x00000000,
0x00000000,
0x00000000,
0x00000000,
0x00000000,
0x00000000,
0x00000000,
0x00000000,
0x00000000,
0x00000000,
0x00000000,
0x00000000,
0x00000000,
0x00000000,
0x00000000,
0x00000000,
0x00000000,
0x00000000,
0x00000000,
0x00000000,
0x00000000,
0x00000000,
0x00000000,
0x00000000,
0x00000000,
0x00000000,
0x00000000,
0x00000000,
0x00000000,
0x00000000,
0x00000000,
0x00000000,
0x00000000,
0x00000000,
0x00000000,
0x00000000,
0x00000000,
0x00000000,
0x00000000,
0x00000000,
0x00000000,
0x00000000,
0x00000000,
0x00000000,
0x00000000,
0x00000000,
0x00000000,
0x00000000,
0x00000000,
0x00000000,
0x00000000,
0x00000000,
0x00000000,
0x00000000,
0x00000000,
0x00000000,
0x00000000,
0x00000000,
0x00000000,
0x00000000,
0x00000000,
0x00000000,
0x00000000,
0x00000000,
0x00000000,
0x00000000,
0x00000000,
0x00000000,
0x00000000,
0x00000000,
0x00000000,
0x00000000,
0x00000000,
0x00000000,
0x00000000,
0x00000000,
0x00000000,
0x00000000,
0x00000000,
0x00000000,
0x00000000,
0x00000000,
0x00000000,
0x00000000,
0x00000000,
0x00000000,
0x00000000,
0x00000000,
0x00000000,
0x00000000,
0x00000000,
0x00000000,
0x00000000,
0x00000000,
0x00000000,
0x00000000,
0x00000000,
0x00000000,
0x00000000,
0x00000000,
0x00000000,
0x00000000,
0x00000000,
0x00000000,
0x00000000,
0x00000000,
0x00000000,
0x00000000,
0x00000000,
0x00000000,
0x00000000,
0x00000000,
0x00000000,
0x00000000,
0x00000000,
0x00000000,
0x00000000,
0x00000000,
0x00000000,
0x00000000,
0x00000000,
0x00000000,
0x00000000,
0x00000000,
0x00000000,
0x00000000,
0x00000000,
0x00000000,
0x00000000,
0x00000000,
0x00000000,
0x00000000,
0x00000000,
0x00000000,
0x00000000,
0x00000000,
0x00000000,
0x00000000,
0x00000000,
0x00000000,
0x00000000,
0x00000000,
0x00000000,
0x00000000,
0x00000000,
0x00000000,
0x00000000,
0x00000000,
0x00000000,
0x00000000,
0x00000000,
0x00000000,
0x00000000,
0x00000000,
0x00000000,
0x00000000,
0x00000000,
0x00000000,
0x00000000,
0x00000000,
0x00000000,
0x00000000,
0x00000000,
0x00000000,
0x00000000,
0x00000000,
0x00000000,
0x00000000,
0x00000000,
0x00000000,
0x00000000,
0x00000000,
0x00000000,
0x00000000,
0x00000000,
0x00000000,
0x00000000,
0x00000000,
0x00000000,
0x00000000,
0x00000000,
0x00000000,
0x00000000,
0x00000000,
0x00000000,
0x00000000,
0x00000000,
0x00000000,
0x00000000,
0x00000000,
0x00000000,
0x00000000,
0x00000000,
0x00000000,
0x00000000,
0x00000000,
0x00000000,
0x00000000,
0x00000000,
0x00000000,
0x00000000,
0x00000000,
0x00000000,
0x00000000,
0x00000000,
0x00000000,
0x00000000,
0x00000000,
0x00000000,
0x00000000,
0x00000000,
0x00000000,
0x00000000,
0x00000000,
0x00000000,
0x00000000,
0x00000000,
0x00000000,
0x00000000,
0x00000000,
0x00000000,
0x00000000,
0x00000000,
0x00000000,
0x00000000,
0x00000000,
0x00000000,
0x00000000,
0x00000000,
0x00000000,
0x00000000,
0x00000000,
0x00000000,
0x00000000,
0x00000000,
0x00000000,
0x00000000,
0x00000000,
0x00000000,
0x00000000,
0x00000000,
0x00000000,
0x00000000,
0x00000000,
0x00000000,
0x00000000,
0x00000000,
0x00000000,
0x00000000,
0x00000000,
0x00000000,
0x00000000,
0x00000000,
0x00000000,
0x00000000,
0x00000000,
0x00000000,
0x00000000,
0x00000000,
0x00000000,
0x00000000,
0x00000000,
0x00000000,
0x00000000,
0x00000000,
0x00000000,
0x00000000,
0x00000000,
0x00000000,
0x00000000,
0x00000000,
0x00000000,
0x00000000,
0x00000000,
0x00000000,
0x00000000,
0x00000000,
0x00000000,
0x00000000,
0x00000000,
0x00000000,
0x00000000,
0x00000000,
0x00000000,
0x00000000,
0x00000000,
0x00000000,
0x00000000,
0x00000000,
0x00000000,
0x00000000,
0x00000000,
0x00000000,
0x00000000,
0x00000000,
0x00000000,
0x00000000,
0x00000000,
0x00000000,
0x00000000,
0x00000000,
0x00000000,
0x00000000,
0x00000000,
0x00000000,
0x00000000,
0x00000000,
0x00000000,
0x00000000,
0x00000000,
0x00000000,
0x00000000,
0x00000000,
0x00000000,
0x00000000,
0x00000000,
0x00000000,
0x00000000,
0x00000000,
0x00000000,
0x00000000,
0x00000000,
0x00000000,
0x00000000,
0x00000000,
0x00000000,
0x00000000,
0x00000000,
0x00000000,
0x00000000,
0x00000000,
0x00000000,
0x00000000,
0x00000000,
0x00000000,
0x00000000,
0x00000000,
0x00000000,
0x00000000,
0x00000000,
0x00000000,
0x00000000,
0x00000000,
0x00000000,
0x00000000,
0x00000000,
0x00000000,
0x00000000,
0x00000000,
0x00000000,
0x00000000,
0x00000000,
0x00000000,
0x00000000,
0x00000000,
0x00000000,
0x00000000,
0x00000000,
0x00000000,
0x00000000,
0x00000000,
0x00000000,
0x00000000,
0x00000000,
0x00000000,
0x00000000,
0x00000000,
0x00000000,
0x00000000,
0x00000000,
0x00000000,
0x00000000,
0x00000000,
0x00000000,
0x00000000,
0x00000000,
0x00000000,
0x00000000,
0x00000000,
0x00000000,
0x00000000,
0x00000000,
0x00000000,
0x00000000,
0x00000000,
0x00000000,
0x00000000,
0x00000000,
0x00000000,
0x00000000,
0x00000000,
0x00000000,
0x00000000,
0x00000000,
0x00000000,
0x00000000,
0x00000000,
0x00000000,
0x00000000,
0x00000000,
0x00000000,
0x00000000,
0x00000000,
0x00000000,
0x00000000,
0x00000000,
0x00000000,
0x00000000,
0x00000000,
0x00000000,
0x00000000,
0x00000000,
0x00000000,
0x00000000,
0x00000000,
0x00000000,
0x00000000,
0x00000000,
0x00000000,
0x00000000,
0x00000000,
0x00000000,
0x00000000,
0x00000000,
0x00000000,
0x00000000,
0x00000000,
0x00000000,
0x00000000,
0x00000000,
0x00000000,
0x00000000,
0x00000000,
0x00000000,
0x00000000,
0x00000000,
0x00000000,
0x00000000,
0x00000000,
0x00000000,
0x00000000,
0x00000000,
0x00000000,
0x00000000,
0x00000000,
0x00000000,
0x00000000,
0x00000000,
0x00000000,
0x00000000,
0x00000000,
0x00000000,
0x00000000,
0x00000000,
0x00000000,
0x00000000,
0x00000000,
0x00000000,
0x00000000,
0x00000000,
0x00000000,
0x00000000,
0x00000000,
0x00000000,
0x00000000,
0x00000000,
0x00000000,
0x00000000,
0x00000000,
0x00000000,
0x00000000,
0x00000000,
0x00000000,
0x00000000,
0x00000000,
0x00000000,
0x00000000,
0x00000000,
0x00000000,
0x00000000,
0x00000000,
0x00000000,
0x00000000,
0x00000000,
0x00000000,
0x00000000,
0x00000000,
0x00000000,
0x00000000,
0x00000000,
0x00000000,
0x00000000,
0x00000000,
0x00000000,
0x00000000,
0x00000000,
0x00000000,
0x00000000,
0x00000000,
0x00000000,
0x00000000,
0x00000000,
0x00000000,
0x00000000,
0x00000000,
0x00000000,
0x00000000,
0x00000000,
0x00000000,
0x00000000,
0x00000000,
0x00000000,
0x00000000,
0x00000000,
0x00000000,
0x00000000,
0x00000000,
0x00000000,
0x00000000,
0x00000000,
0x00000000,
0x00000000,
0x00000000,
0x00000000,
0x00000000,
0x00000000,
0x00000000,
0x00000000,
0x00000000,
0x00000000,
0x00000000,
0x00000000,
0x00000000,
0x00000000,
0x00000000,
0x00000000,
0x00000000,
0x00000000,
0x00000000,
0x00000000,
0x00000000,
0x00000000,
0x00000000,
0x00000000,
0x00000000,
0x00000000,
0x00000000,
0x00000000,
0x00000000,
0x00000000,
0x00000000,
0x00000000,
0x00000000,
0x00000000,
0x00000000,
0x00000000,
0x00000000,
0x00000000,
0x00000000,
0x00000000,
0x00000000,
0x00000000,
0x00000000,
0x00000000,
0x00000000,
0x00000000,
0x00000000,
0x00000000,
0x00000000,
0x00000000,
0x00000000,
0x00000000,
0x00000000,
0x00000000,
0x00000000,
0x00000000,
0x00000000,
0x00000000,
0x00000000,
0x00000000,
0x00000000,
0x00000000,
0x00000000,
0x00000000,
0x00000000,
0x00000000,
0x00000000,
0x00000000,
0x00000000,
0x00000000,
0x00000000,
0x00000000,
0x00000000,
0x00000000,
0x00000000,
0x00000000,
0x00000000,
0x00000000,
0x00000000,
0x00000000,
0x00000000,
0x00000000,
0x00000000,
0x00000000,
0x00000000,
0x00000000,
0x00000000,
0x00000000,
0x00000000,
0x00000000,
0x00000000,
0x00000000,
0x00000000,
0x00000000,
0x00000000,
0x00000000,
0x00000000,
0x00000000,
0x00000000,
0x00000000,
0x00000000,
0x00000000,
0x00000000,
0x00000000,
0x00000000,
0x00000000,
0x00000000,
0x00000000,
0x00000000,
0x00000000,
0x00000000,
0x00000000,
0x00000000,
0x00000000,
0x00000000,
0x00000000,
0x00000000,
0x00000000,
0x00000000,
0x00000000,
0x00000000,
0x00000000,
0x00000000,
0x00000000,
0x00000000,
0x00000000,
0x00000000,
0x00000000,
0x00000000,
0x00000000,
0x00000000,
0x00000000,
0x00000000,
0x00000000,
0x00000000,
0x00000000,
0x00000000,
0x00000000,
0x00000000,
0x00000000,
0x00000000,
0x00000000,
0x00000000,
0x00000000,
0x00000000,
0x00000000,
0x00000000,
0x00000000,
0x00000000,
0x00000000,
0x00000000,
0x00000000,
0x00000000,
0x00000000,
0x00000000,
0x00000000,
0x00000000,
0x00000000,
0x00000000,
0x00000000,
0x00000000,
0x00000000,
0x00000000,
0x00000000,
0x00000000,
0x00000000,
0x00000000,
0x00000000,
0x00000000,
0x00000000,
0x00000000,
0x00000000,
0x00000000,
0x00000000,
0x00000000,
0x00000000,
0x00000000,
0x00000000,
0x00000000,
0x00000000,
0x00000000,
0x00000000,
0x00000000,
0x00000000,
0x00000000,
0x00000000,
0x00000000,
0x00000000,
0x00000000,
0x00000000,
0x00000000,
0x00000000,
0x00000000,
0x00000000,
0x00000000,
0x00000000,
0x00000000,
0x00000000,
0x00000000,
0x00000000,
0x00000000,
0x00000000,
0x00000000,
0x00000000,
0x00000000,
0x00000000,
0x00000000,
0x00000000,
0x00000000,
0x00000000,
0x00000000,
0x00000000,
0x00000000,
0x00000000,
0x00000000,
0x00000000,
0x00000000,
0x00000000,
0x00000000,
0x00000000,
0x00000000,
0x00000000,
0x00000000,
0x00000000,
0x00000000,
0x00000000,
0x00000000,
0x00000000,
0x00000000,
0x00000000,
0x00000000,
0x00000000,
0x00000000,
0x00000000,
0x00000000,
0x00000000,
0x00000000,
0x00000000,
0x00000000,
0x00000000,
0x00000000,
0x00000000,
0x00000000,
0x00000000,
0x00000000,
0x00000000,
0x00000000,
0x00000000,
0x00000000,
0x00000000,
0x00000000,
0x00000000,
0x00000000,
0x00000000,
0x00000000,
0x00000000,
0x00000000,
0x00000000,
0x00000000,
0x00000000,
0x00000000,
0x00000000,
0x00000000,
0x00000000,
0x00000000,
0x00000000,
0x00000000,
0x00000000,
0x00000000,
0x00000000,
0x00000000,
0x00000000,
0x00000000,
0x00000000,
0x00000000,
0x00000000,
0x00000000,
0x00000000,
0x00000000,
0x00000000,
0x00000000,
0x00000000,
0x00000000,
0x00000000,
0x00000000,
0x00000000,
0x00000000,
0x00000000,
0x00000000,
0x00000000,
0x00000000,
0x00000000,
0x00000000,
0x00000000,
0x00000000,
0x00000000,
0x00000000,
0x00000000,
0x00000000,
0x00000000,
0x00000000,
0x00000000,
0x00000000,
0x00000000,
0x00000000,
0x00000000,
0x00000000,
0x00000000,
0x00000000,
0x00000000,
0x00000000,
0x00000000,
0x00000000,
0x00000000,
0x00000000,
0x00000000,
0x00000000,
0x00000000,
0x00000000,
0x00000000,
0x00000000,
0x00000000,
0x00000000,
0x00000000,
0x00000000,
0x00000000,
0x00000000,
0x00000000,
0x00000000,
0x00000000,
0x00000000,
0x00000000,
0x00000000,
0x00000000,
0x00000000,
0x00000000,
0x00000000,
0x00000000,
0x00000000,
0x00000000,
0x00000000,
0x00000000,
0x00000000,
0x00000000,
0x00000000,
0x00000000,
0x00000000,
0x00000000,
0x00000000,
0x00000000,
0x00000000,
0x00000000,
0x00000000,
0x00000000,
0x00000000,
0x00000000,
0x00000000,
0x00000000,
0x00000000,
0x00000000,
0x00000000,
0x00000000,
0x00000000,
0x00000000,
0x00000000,
0x00000000,
0x00000000,
0x00000000,
0x00000000,
0x00000000,
0x00000000,
0x00000000,
0x00000000,
0x00000000,
0x00000000,
0x00000000,
0x00000000,
0x00000000,
0x00000000,
0x00000000,
0x00000000,
0x00000000,
0x00000000,
0x00000000,
0x00000000,
0x00000000,
0x00000000,
0x00000000,
0x00000000,
0x00000000,
0x00000000,
0x00000000,
0x00000000,
0x00000000,
0x00000000,
0x00000000,
0x00000000,
0x00000000,
0x00000000,
0x00000000,
0x00000000,
0x00000000,
0x00000000,
0x00000000,
0x00000000,
0x00000000,
0x00000000,
0x00000000,
0x00000000,
0x00000000,
0x00000000,
0x00000000,
0x00000000,
0x00000000,
0x00000000,
0x00000000,
0x00000000,
0x00000000,
0x00000000,
0x00000000,
0x00000000,
0x00000000,
0x00000000,
0x00000000,
0x00000000,
0x00000000,
0x00000000,
0x00000000,
0x00000000,
0x00000000,
0x00000000,
0x00000000,
0x00000000,
0x00000000,
0x00000000,
0x00000000,
0x00000000,
0x00000000,
0x00000000,
0x00000000,
0x00000000,
0x00000000,
0x00000000,
0x00000000,
0x00000000,
0x00000000,
0x00000000,
0x00000000,
0x00000000,
0x00000000,
0x00000000,
0x00000000,
0x00000000,
0x00000000,
0x00000000,
0x00000000,
0x00000000,
0x00000000,
0x00000000,
0x00000000,
0x00000000,
0x00000000,
0x00000000,
0x00000000,
0x00000000,
0x00000000,
0x00000000,
0x00000000,
0x00000000,
0x00000000,
0x00000000,
0x00000000,
0x00000000,
0x00000000,
0x00000000,
0x00000000,
0x00000000,
0x00000000,
0x00000000,
0x00000000,
0x00000000,
0x00000000,
0x00000000,
0x00000000,
0x00000000,
0x00000000,
0x00000000,
0x00000000,
0x00000000,
0x00000000,
0x00000000,
0x00000000,
0x00000000,
0x00000000,
0x00000000,
0x00000000,
0x00000000,
0x00000000,
0x00000000,
0x00000000,
0x00000000,
0x00000000,
0x00000000,
0x00000000,
0x00000000,
0x00000000,
0x00000000,
0x00000000,
0x00000000,
0x00000000,
0x00000000,
0x00000000,
0x00000000,
0x00000000,
0x00000000,
0x00000000,
0x00000000,
0x00000000,
0x00000000,
0x00000000,
0x00000000,
0x00000000,
0x00000000,
0x00000000,
0x00000000,
0x00000000,
0x00000000,
0x00000000,
0x00000000,
0x00000000,
0x00000000,
0x00000000,
0x00000000,
0x00000000,
0x00000000,
0x00000000,
0x00000000,
0x00000000,
0x00000000,
0x00000000,
0x00000000,
0x00000000,
0x00000000,
0x00000000,
0x00000000,
0x00000000,
0x00000000,
0x00000000,
0x00000000,
0x00000000,
0x00000000,
0x00000000,
0x00000000,
0x00000000,
0x00000000,
0x00000000,
0x00000000,
0x00000000,
0x00000000,
0x00000000,
0x00000000,
0x00000000,
0x00000000,
0x00000000,
0x00000000,
0x00000000,
0x00000000,
0x00000000,
0x00000000,
0x00000000,
0x00000000,
0x00000000,
0x00000000,
0x00000000,
0x00000000,
0x00000000,
0x00000000,
0x00000000,
0x00000000,
0x00000000,
0x00000000,
0x00000000,
0x00000000,
0x00000000,
0x00000000,
0x00000000,
0x00000000,
0x00000000,
0x00000000,
0x00000000,
0x00000000,
0x00000000,
0x00000000,
0x00000000,
0x00000000,
0x00000000,
0x00000000,
0x00000000,
0x00000000,
0x00000000,
0x00000000,
0x00000000,
0x00000000,
0x00000000,
0x00000000,
0x00000000,
0x00000000,
0x00000000,
0x00000000,
0x00000000,
0x00000000,
0x00000000,
0x00000000,
0x00000000,
0x00000000,
0x00000000,
0x00000000,
0x00000000,
0x00000000,
0x00000000,
0x00000000,
0x00000000,
0x00000000,
0x00000000,
0x00000000,
0x00000000,
0x00000000,
0x00000000,
0x00000000,
0x00000000,
0x00000000,
0x00000000,
0x00000000,
0x00000000,
0x00000000,
0x00000000,
0x00000000,
0x00000000,
0x00000000,
0x00000000,
0x00000000,
0x00000000,
0x00000000,
0x00000000,
0x00000000,
0x00000000,
0x00000000,
0x00000000,
0x00000000,
0x00000000,
0x00000000,
0x00000000,
0x00000000,
0x00000000,
0x00000000,
0x00000000,
0x00000000,
0x00000000,
0x00000000,
0x00000000,
0x00000000,
0x00000000,
0x00000000,
0x00000000,
0x00000000,
0x00000000,
0x00000000,
0x00000000,
0x00000000,
0x00000000,
0x00000000,
0x00000000,
0x00000000,
0x00000000,
0x00000000,
0x00000000,
0x00000000,
0x00000000,
0x00000000,
0x00000000,
0x00000000,
0x00000000,
0x00000000,
0x00000000,
0x00000000,
0x00000000,
0x00000000,
0x00000000,
0x00000000,
0x00000000,
0x00000000,
0x00000000,
0x00000000,
0x00000000,
0x00000000,
0x00000000,
0x00000000,
0x00000000,
0x00000000,
0x00000000,
0x00000000,
0x00000000,
0x00000000,
0x00000000,
0x00000000,
0x00000000,
0x00000000,
0x00000000,
0x00000000,
0x00000000,
0x00000000,
0x00000000,
0x00000000,
0x00000000,
0x00000000,
0x00000000,
0x00000000,
0x00000000,
0x00000000,
0x00000000,
0x00000000,
0x00000000,
0x00000000,
0x00000000,
0x00000000,
0x00000000,
0x00000000,
0x00000000,
0x00000000,
0x00000000,
0x00000000,
0x00000000,
0x00000000,
0x00000000,
0x00000000,
0x00000000,
0x00000000,
0x00000000,
0x00000000,
0x00000000,
0x00000000,
0x00000000,
0x00000000,
0x00000000,
0x00000000,
0x00000000,
0x00000000,
0x00000000,
0x00000000,
0x00000000,
0x00000000,
0x00000000,
0x00000000,
0x00000000,
0x00000000,
0x00000000,
0x00000000,
0x00000000,
0x00000000,
0x00000000,
0x00000000,
0x00000000,
0x00000000,
0x00000000,
0x00000000,
0x00000000,
0x00000000,
0x00000000,
0x00000000,
0x00000000,
0x00000000,
0x00000000,
0x00000000,
0x00000000,
0x00000000,
0x00000000,
0x00000000,
0x00000000,
0x00000000,
0x00000000,
0x00000000,
0x00000000,
0x00000000,
0x00000000,
0x00000000,
0x00000000,
0x00000000,
0x00000000,
0x00000000,
0x00000000,
0x00000000,
0x00000000,
0x00000000,
0x00000000,
0x00000000,
0x00000000,
0x00000000,
0x00000000,
0x00000000,
0x00000000,
0x00000000,
0x00000000,
0x00000000,
0x00000000,
0x00000000,
0x00000000,
0x00000000,
0x00000000,
0x00000000,
0x00000000,
0x00000000,
0x00000000,
0x00000000,
0x00000000,
0x00000000,
0x00000000,
0x00000000,
0x00000000,
0x00000000,
0x00000000,
0x00000000,
0x00000000,
0x00000000,
0x00000000,
0x00000000,
0x00000000,
0x00000000,
0x00000000,
0x00000000,
0x00000000,
0x00000000,
0x00000000,
0x00000000,
0x00000000,
0x00000000,
0x00000000,
0x00000000,
0x00000000,
0x00000000,
0x00000000,
0x00000000,
0x00000000,
0x00000000,
0x00000000,
0x00000000,
0x00000000,
0x00000000,
0x00000000,
0x00000000,
0x00000000,
0x00000000,
0x00000000,
0x00000000,
0x00000000,
0x00000000,
0x00000000,
0x00000000,
0x00000000,
0x00000000,
0x00000000,
0x00000000,
0x00000000,
0x00000000,
0x00000000,
0x00000000,
0x00000000,
0x00000000,
0x00000000,
0x00000000,
0x00000000,
0x00000000,
0x00000000,
0x00000000,
0x00000000,
0x00000000,
0x00000000,
0x00000000,
0x00000000,
0x00000000,
0x00000000,
0x00000000,
0x00000000,
0x00000000,
0x00000000,
0x00000000,
0x00000000,
0x00000000,
0x00000000,
0x00000000,
0x00000000,
0x00000000,
0x00000000,
0x00000000,
0x00000000,
0x00000000,
0x00000000,
0x00000000,
0x00000000,
0x00000000,
0x00000000,
0x00000000,
0x00000000,
0x00000000,
0x00000000,
0x00000000,
0x00000000,
0x00000000,
0x00000000,
0x00000000,
0x00000000,
0x00000000,
0x00000000,
0x00000000,
0x00000000,
0x00000000,
0x00000000,
0x00000000,
0x00000000,
0x00000000,
0x00000000,
0x00000000,
0x00000000,
0x00000000,
0x00000000,
0x00000000,
0x00000000,
0x00000000,
0x00000000,
0x00000000,
0x00000000,
0x00000000,
0x00000000,
0x00000000,
0x00000000,
0x00000000,
0x00000000,
0x00000000,
0x00000000,
0x00000000,
0x00000000,
0x00000000,
0x00000000,
0x00000000,
0x00000000,
0x00000000,
0x00000000,
0x00000000,
0x00000000,
0x00000000,
0x00000000,
0x00000000,
0x00000000,
0x00000000,
0x00000000,
0x00000000,
0x00000000,
0x00000000,
0x00000000,
0x00000000,
0x00000000,
0x00000000,
0x00000000,
0x00000000,
0x00000000,
0x00000000,
0x00000000,
0x00000000,
0x00000000,
0x00000000,
0x00000000,
0x00000000,
0x00000000,
0x00000000,
0x00000000,
0x00000000,
0x00000000,
0x00000000,
0x00000000,
0x00000000,
0x00000000,
0x00000000,
0x00000000,
0x00000000,
0x00000000,
0x00000000,
0x00000000,
0x00000000,
0x00000000,
0x00000000,
0x00000000,
0x00000000,
0x00000000,
0x00000000,
0x00000000,
0x00000000,
0x00000000,
0x00000000,
0x00000000,
0x00000000,
0x00000000,
0x00000000,
0x00000000,
0x00000000,
0x00000000,
0x00000000,
0x00000000,
0x00000000,
0x00000000,
0x00000000,
0x00000000,
0x00000000,
0x00000000,
0x00000000,
0x00000000,
0x00000000,
0x00000000,
0x00000000,
0x00000000,
0x00000000,
0x00000000,
0x00000000,
0x00000000,
0x00000000,
0x00000000,
0x00000000,
0x00000000,
0x00000000,
0x00000000,
0x00000000,
0x00000000,
0x00000000,
0x00000000,
0x00000000,
0x00000000,
0x00000000,
0x00000000,
0x00000000,
0x00000000,
0x00000000,
0x00000000,
0x00000000,
0x00000000,
0x00000000,
0x00000000,
0x00000000,
0x00000000,
0x00000000,
0x00000000,
0x00000000,
0x00000000,
0x00000000,
0x00000000,
0x00000000,
0x00000000,
0x00000000,
0x00000000,
0x00000000,
0x00000000,
0x00000000,
0x00000000,
0x00000000,
0x00000000,
0x00000000,
0x00000000,
0x00000000,
0x00000000,
0x00000000,
0x00000000,
0x00000000,
0x00000000,
0x00000000,
0x00000000,
0x00000000,
0x00000000,
0x00000000,
0x00000000,
0x00000000,
0x00000000,
0x00000000,
0x00000000,
0x00000000,
0x00000000,
0x00000000,
0x00000000,
0x00000000,
0x00000000,
0x00000000,
0x00000000,
0x00000000,
0x00000000,
0x00000000,
0x00000000,
0x00000000,
0x00000000,
0x00000000,
0x00000000,
0x00000000,
0x00000000,
0x00000000,
0x00000000,
0x00000000,
0x00000000,
0x00000000,
0x00000000,
0x00000000,
0x00000000,
0x00000000,
0x00000000,
0x00000000,
0x00000000,
0x00000000,
0x00000000,
0x00000000,
0x00000000,
0x00000000,
0x00000000,
0x00000000,
0x00000000,
0x00000000,
0x00000000,
0x00000000,
0x00000000,
0x00000000,
0x00000000,
0x00000000,
0x00000000,
0x00000000,
0x00000000,
0x00000000,
0x00000000,
0x00000000,
0x00000000,
0x00000000,
0x00000000,
0x00000000,
0x00000000,
0x00000000,
0x00000000,
0x00000000,
0x00000000,
0x00000000,
0x00000000,
0x00000000,
0x00000000,
0x00000000,
0x00000000,
0x00000000,
0x00000000,
0x00000000,
0x00000000,
0x00000000,
0x00000000,
0x00000000,
0x00000000,
0x00000000,
0x00000000,
0x00000000,
0x00000000,
0x00000000,
0x00000000,
0x00000000,
0x00000000,
0x00000000,
0x00000000,
0x00000000,
0x00000000,
0x00000000,
0x00000000,
0x00000000,
0x00000000,
0x00000000,
0x00000000,
0x00000000,
0x00000000,
0x00000000,
0x00000000,
0x00000000,
0x00000000,
0x00000000,
0x00000000,
0x00000000,
0x00000000,
0x00000000,
0x00000000,
0x00000000,
0x00000000,
0x00000000,
0x00000000,
0x00000000,
0x00000000,
0x00000000,
0x00000000,
0x00000000,
0x00000000,
0x00000000,
0x00000000,
0x00000000,
0x00000000,
0x00000000,
0x00000000,
0x00000000,
0x00000000,
0x00000000,
0x00000000,
0x00000000,
0x00000000,
0x00000000,
0x00000000,
0x00000000,
0x00000000,
0x00000000,
0x00000000,
0x00000000,
0x00000000,
0x00000000,
0x00000000,
0x00000000,
0x00000000,
0x00000000,
0x00000000,
0x00000000,
0x00000000,
0x00000000,
0x00000000,
0x00000000,
0x00000000,
0x00000000,
0x00000000,
0x00000000,
0x00000000,
0x00000000,
0x00000000,
0x00000000,
0x00000000,
0x00000000,
0x00000000,
0x00000000,
0x00000000,
0x00000000,
0x00000000,
0x00000000,
0x00000000,
0x00000000,
0x00000000,
0x00000000,
0x00000000,
0x00000000,
0x00000000,
0x00000000,
0x00000000,
0x00000000,
0x00000000,
0x00000000,
0x00000000,
0x00000000,
0x00000000,
0x00000000,
0x00000000,
0x00000000,
0x00000000,
0x00000000,
0x00000000,
0x00000000,
0x00000000,
0x00000000,
0x00000000,
0x00000000,
0x00000000,
0x00000000,
0x00000000,
0x00000000,
0x00000000,
0x00000000,
0x00000000,
0x00000000,
0x00000000,
0x00000000,
0x00000000,
0x00000000,
0x00000000,
0x00000000,
0x00000000,
0x00000000,
0x00000000,
0x00000000,
0x00000000,
0x00000000,
0x00000000,
0x00000000,
0x00000000,
0x00000000,
0x00000000,
0x00000000,
0x00000000,
0x00000000,
0x00000000,
0x00000000,
0x00000000,
0x00000000,
0x00000000,
0x00000000,
0x00000000,
0x00000000,
0x00000000,
0x00000000,
0x00000000,
0x00000000,
0x00000000,
0x00000000,
0x00000000,
0x00000000,
0x00000000,
0x00000000,
0x00000000,
0x00000000,
0x00000000,
0x00000000,
0x00000000,
0x00000000,
0x00000000,
0x00000000,
0x00000000,
0x00000000,
0x00000000,
0x00000000,
0x00000000,
0x00000000,
0x00000000,
0x00000000,
0x00000000,
0x00000000,
0x00000000,
0x00000000,
0x00000000,
0x00000000,
0x00000000,
0x00000000,
0x00000000,
0x00000000,
0x00000000,
0x00000000,
0x00000000,
0x00000000,
0x00000000,
0x00000000,
0x00000000,
0x00000000,
0x00000000,
0x00000000,
0x00000000,
0x00000000,
0x00000000,
0x00000000,
0x00000000,
0x00000000,
0x00000000,
0x00000000,
0x00000000,
0x00000000,
0x00000000,
0x00000000,
0x00000000,
0x00000000,
0x00000000,
0x00000000,
0x00000000,
0x00000000,
0x00000000,
0x00000000,
0x00000000,
0x00000000,
0x00000000,
0x00000000,
0x00000000,
0x00000000,
0x00000000,
0x00000000,
0x00000000,
0x00000000,
0x00000000,
0x00000000,
0x00000000,
0x00000000,
0x00000000,
0x00000000,
0x00000000,
0x00000000,
0x00000000,
0x00000000,
0x00000000,
0x00000000,
0x00000000,
0x00000000,
0x00000000,
0x00000000,
0x00000000,
0x00000000,
0x00000000,
0x00000000,
0x00000000,
0x00000000,
0x00000000,
0x00000000,
0x00000000,
0x00000000,
0x00000000,
0x00000000,
0x00000000,
0x00000000,
0x00000000,
0x00000000,
0x00000000,
0x00000000,
0x00000000,
0x00000000,
0x00000000,
0x00000000,
0x00000000,
0x00000000,
0x00000000,
0x00000000,
0x00000000,
0x00000000,
0x00000000,
0x00000000,
0x00000000,
0x00000000,
0x00000000,
0x00000000,
0x00000000,
0x00000000,
0x00000000,
0x00000000,
0x00000000,
0x00000000,
0x00000000,
0x00000000,
0x00000000,
0x00000000,
0x00000000,
0x00000000,
0x00000000,
0x00000000,
0x00000000,
0x00000000,
0x00000000,
0x00000000,
0x00000000,
0x00000000,
0x00000000,
0x00000000,
0x00000000,
0x00000000,
0x00000000,
0x00000000,
0x00000000,
0x00000000,
0x00000000,
0x00000000,
0x00000000,
0x00000000,
0x00000000,
0x00000000,
0x00000000,
0x00000000,
0x00000000,
0x00000000,
0x00000000,
0x00000000,
0x00000000,
0x00000000,
0x00000000,
0x00000000,
0x00000000,
0x00000000,
0x00000000,
0x00000000,
0x00000000,
0x00000000,
0x00000000,
0x00000000,
0x00000000,
0x00000000,
0x00000000,
0x00000000,
0x00000000,
0x00000000,
0x00000000,
0x00000000,
0x00000000,
0x00000000,
0x00000000,
0x00000000,
0x00000000,
0x00000000,
0x00000000,
0x00000000,
0x00000000,
0x00000000,
0x00000000,
0x00000000,
0x00000000,
0x00000000,
0x00000000,
0x00000000,
0x00000000,
0x00000000,
0x00000000,
0x00000000,
0x00000000,
0x00000000,
0x00000000,
0x00000000,
0x00000000,
0x00000000,
0x00000000,
0x00000000,
0x00000000,
0x00000000,
0x00000000,
0x00000000,
0x00000000,
0x00000000,
0x00000000,
0x00000000,
0x00000000,
0x00000000,
0x00000000,
0x00000000,
0x00000000,
0x00000000,
0x00000000,
0x00000000,
0x00000000,
0x00000000,
0x00000000,
0x00000000,
0x00000000,
0x00000000,
0x00000000,
0x00000000,
0x00000000,
0x00000000,
0x00000000,
0x00000000,
0x00000000,
0x00000000,
0x00000000,
0x00000000,
0x00000000,
0x00000000,
0x00000000,
0x00000000,
0x00000000,
0x00000000,
0x00000000,
0x00000000,
0x00000000,
0x00000000,
0x00000000,
0x00000000,
0x00000000,
0x00000000,
0x00000000,
0x00000000,
0x00000000,
0x00000000,
0x00000000,
0x00000000,
0x00000000,
0x00000000,
0x00000000,
0x00000000,
0x00000000,
0x00000000,
0x00000000,
0x00000000,
0x00000000,
0x00000000,
0x00000000,
0x00000000,
0x00000000,
0x00000000,
0x00000000,
0x00000000,
0x00000000,
0x00000000,
0x00000000,
0x00000000,
0x00000000,
0x00000000,
0x00000000,
0x00000000,
0x00000000,
0x00000000,
0x00000000,
0x00000000,
0x00000000,
0x00000000,
0x00000000,
0x00000000,
0x00000000,
0x00000000,
0x00000000,
0x00000000,
0x00000000,
0x00000000,
0x00000000,
0x00000000,
0x00000000,
0x00000000,
0x00000000,
0x00000000,
0x00000000,
0x00000000,
0x00000000,
0x00000000,
0x00000000,
0x00000000,
0x00000000,
0x00000000,
0x00000000,
0x00000000,
0x00000000,
0x00000000,
0x00000000,
0x00000000,
0x00000000,
0x00000000,
0x00000000,
0x00000000,
0x00000000,
0x00000000,
0x00000000,
0x00000000,
0x00000000,
0x00000000,
0x00000000,
0x00000000,
0x00000000,
0x00000000,
0x00000000,
0x00000000,
0x00000000,
0x00000000,
0x00000000,
0x00000000,
0x00000000,
0x00000000,
0x00000000,
0x00000000,
0x00000000,
0x00000000,
0x00000000,
0x00000000,
0x00000000,
0x00000000,
0x00000000,
0x00000000,
0x00000000,
0x00000000,
0x00000000,
0x00000000,
0x00000000,
0x00000000,
0x00000000,
0x00000000,
0x00000000,
0x00000000,
0x00000000,
0x00000000,
0x00000000,
0x00000000,
0x00000000,
0x00000000,
0x00000000,
0x00000000,
0x00000000,
0x00000000,
0x00000000,
0x00000000,
0x00000000,
0x00000000,
0x00000000,
0x00000000,
0x00000000,
0x00000000,
0x00000000,
0x00000000,
0x00000000,
0x00000000,
0x00000000,
0x00000000,
0x00000000,
0x00000000,
0x00000000,
0x00000000,
0x00000000,
0x00000000,
0x00000000,
0x00000000,
0x00000000,
0x00000000,
0x00000000,
0x00000000,
0x00000000,
0x00000000,
0x00000000,
0x00000000,
0x00000000,
0x00000000,
0x00000000,
0x00000000,
0x00000000,
0x00000000,
0x00000000,
0x00000000,
0x00000000,
0x00000000,
0x00000000,
0x00000000,
0x00000000,
0x00000000,
0x00000000,
0x00000000,
0x00000000,
0x00000000,
0x00000000,
0x00000000,
0x00000000,
0x00000000,
0x00000000,
0x00000000,
0x00000000,
0x00000000,
0x00000000,
0x00000000,
0x00000000,
0x00000000,
0x00000000,
0x00000000,
0x00000000,
0x00000000,
0x00000000,
0x00000000,
0x00000000,
0x00000000,
0x00000000,
0x00000000,
0x00000000,
0x00000000,
0x00000000,
0x00000000,
0x00000000,
0x00000000,
0x00000000,
0x00000000,
0x00000000,
0x00000000,
0x00000000,
0x00000000,
0x00000000,
0x00000000,
0x00000000,
0x00000000,
0x00000000,
0x00000000,
0x00000000,
0x00000000,
0x00000000,
0x00000000,
0x00000000,
0x00000000,
0x00000000,
0x00000000,
0x00000000,
0x00000000,
0x00000000,
0x00000000,
0x00000000,
0x00000000,
0x00000000,
0x00000000,
0x00000000,
0x00000000,
0x00000000,
0x00000000,
0x00000000,
0x00000000,
0x00000000,
0x00000000,
0x00000000,
0x00000000,
0x00000000,
0x00000000,
0x00000000,
0x00000000,
0x00000000,
0x00000000,
0x00000000,
0x00000000,
0x00000000,
0x00000000,
0x00000000,
0x00000000,
0x00000000,
0x00000000,
0x00000000,
0x00000000,
0x00000000,
0x00000000,
0x00000000,
0x00000000,
0x00000000,
0x00000000,
0x00000000,
0x00000000,
0x00000000,
0x00000000,
0x00000000,
0x00000000,
0x00000000,
0x00000000,
0x00000000,
0x00000000,
0x00000000,
0x00000000,
0x00000000,
0x00000000,
0x00000000,
0x00000000,
0x00000000,
0x00000000,
0x00000000,
0x00000000,
0x00000000,
0x00000000,
0x00000000,
0x00000000,
0x00000000,
0x00000000,
0x00000000,
0x00000000,
0x00000000,
0x00000000,
0x00000000,
0x00000000,
0x00000000,
0x00000000,
0x00000000,
0x00000000,
0x00000000,
0x00000000,
0x00000000,
0x00000000,
0x00000000,
0x00000000,
0x00000000,
0x00000000,
0x00000000,
0x00000000,
0x00000000,
0x00000000,
0x00000000,
0x00000000,
0x00000000,
0x00000000,
0x00000000,
0x00000000,
0x00000000,
0x00000000,
0x00000000,
0x00000000,
0x00000000,
0x00000000,
0x00000000,
0x00000000,
0x00000000,
0x00000000,
0x00000000,
0x00000000,
0x00000000,
0x00000000,
0x00000000,
0x00000000,
0x00000000,
0x00000000,
0x00000000,
0x00000000,
0x00000000,
0x00000000,
0x00000000,
0x00000000,
0x00000000,
0x00000000,
0x00000000,
0x00000000,
0x00000000,
0x00000000,
0x00000000,
0x00000000,
0x00000000,
0x00000000,
0x00000000,
0x00000000,
0x00000000,
0x00000000,
0x00000000,
0x00000000,
0x00000000,
0x00000000,
0x00000000,
0x00000000,
0x00000000,
0x00000000,
0x00000000,
0x00000000,
0x00000000,
0x00000000,
0x00000000,
0x00000000,
0x00000000,
0x00000000,
0x00000000,
0x00000000,
0x00000000,
0x00000000,
0x00000000,
0x00000000,
0x00000000,
0x00000000,
0x00000000,
0x00000000,
0x00000000,
0x00000000,
0x00000000,
0x00000000,
0x00000000,
0x00000000,
0x00000000,
0x00000000,
0x00000000,
0x00000000,
0x00000000,
0x00000000,
0x00000000,
0x00000000,
0x00000000,
0x00000000,
0x00000000,
0x00000000,
0x00000000,
0x00000000,
0x00000000,
0x00000000,
0x00000000,
0x00000000,
0x00000000,
0x00000000,
0x00000000,
0x00000000,
0x00000000,
0x00000000,
0x00000000,
0x00000000,
0x00000000,
0x00000000,
0x00000000,
0x00000000,
0x00000000,
0x00000000,
0x00000000,
0x00000000,
0x00000000,
0x00000000,
0x00000000,
0x00000000,
0x00000000,
0x00000000,
0x00000000,
0x00000000,
0x00000000,
0x00000000,
0x00000000,
0x00000000,
0x00000000,
0x00000000,
0x00000000,
0x00000000,
0x00000000,
0x00000000,
0x00000000,
0x00000000,
0x00000000,
0x00000000,
0x00000000,
0x00000000,
0x00000000,
0x00000000,
0x00000000,
0x00000000,
0x00000000,
0x00000000,
0x00000000,
0x00000000,
0x00000000,
0x00000000,
0x00000000,
0x00000000,
0x00000000,
0x00000000,
0x00000000,
0x00000000,
0x00000000,
0x00000000,
0x00000000,
0x00000000,
0x00000000,
0x00000000,
0x00000000,
0x00000000,
0x00000000,
0x00000000,
0x00000000,
0x00000000,
0x00000000,
0x00000000,
0x00000000,
0x00000000,
0x00000000,
0x00000000,
0x00000000,
0x00000000,
0x00000000,
0x00000000,
0x00000000,
0x00000000,
0x00000000,
0x00000000,
0x00000000,
0x00000000,
0x00000000,
0x00000000,
0x00000000,
0x00000000,
0x00000000,
0x00000000,
0x00000000,
0x00000000,
0x00000000,
0x00000000,
0x00000000,
0x00000000,
0x00000000,
0x00000000,
0x00000000,
0x00000000,
0x00000000,
0x00000000,
0x00000000,
0x00000000,
0x00000000,
0x00000000,
0x00000000,
0x00000000,
0x00000000,
0x00000000,
0x00000000,
0x00000000,
0x00000000,
0x00000000,
0x00000000,
0x00000000,
0x00000000,
0x00000000,
0x00000000,
0x00000000,
0x00000000,
0x00000000,
0x00000000,
0x00000000,
0x00000000,
0x00000000,
0x00000000,
0x00000000,
0x00000000,
0x00000000,
0x00000000,
0x00000000,
0x00000000,
0x00000000,
0x00000000,
0x00000000,
0x00000000,
0x00000000,
0x00000000,
0x00000000,
0x00000000,
0x00000000,
0x00000000,
0x00000000,
0x00000000,
0x00000000,
0x00000000,
0x00000000,
0x00000000,
0x00000000,
0x00000000,
0x00000000,
0x00000000,
0x00000000,
0x00000000,
0x00000000,
0x00000000,
0x00000000,
0x00000000,
0x00000000,
0x00000000,
0x00000000,
0x00000000,
0x00000000,
0x00000000,
0x00000000,
0x00000000,
0x00000000,
0x00000000,
0x00000000,
0x00000000,
0x00000000,
0x00000000,
0x00000000,
0x00000000,
0x00000000,
0x00000000,
0x00000000,
0x00000000,
0x00000000,
0x00000000,
0x00000000,
0x00000000,
0x00000000,
0x00000000,
0x00000000,
0x00000000,
0x00000000,
0x00000000,
0x00000000,
0x00000000,
0x00000000,
0x00000000,
0x00000000,
0x00000000,
0x00000000,
0x00000000,
0x00000000,
0x00000000,
0x00000000,
0x00000000,
0x00000000,
0x00000000,
0x00000000,
0x00000000,
0x00000000,
0x00000000,
0x00000000,
0x00000000,
0x00000000,
0x00000000,
0x00000000,
0x00000000,
0x00000000,
0x00000000,
0x00000000,
0x00000000,
0x00000000,
0x00000000,
0x00000000,
0x00000000,
0x00000000,
0x00000000,
0x00000000,
0x00000000,
0x00000000,
0x00000000,
0x00000000,
0x00000000,
0x00000000,
0x00000000,
0x00000000,
0x00000000,
0x00000000,
0x00000000,
0x00000000,
0x00000000,
0x00000000,
0x00000000,
0x00000000,
0x00000000,
0x00000000,
0x00000000,
0x00000000,
0x00000000,
0x00000000,
0x00000000,
0x00000000,
0x00000000,
0x00000000,
0x00000000,
0x00000000,
0x00000000,
0x00000000,
0x00000000,
0x00000000,
0x00000000,
0x00000000,
0x00000000,
0x00000000,
0x00000000,
0x00000000,
0x00000000,
0x00000000,
0x00000000,
0x00000000,
0x00000000,
0x00000000,
0x00000000,
0x00000000,
0x00000000,
0x00000000,
0x00000000,
0x00000000,
0x00000000,
0x00000000,
0x00000000,
0x00000000,
0x00000000,
0x00000000,
0x00000000,
0x00000000,
0x00000000,
0x00000000,
0x00000000,
0x00000000,
0x00000000,
0x00000000,
0x00000000,
0x00000000,
0x00000000,
0x00000000,
0x00000000,
0x00000000,
0x00000000,
0x00000000,
0x00000000,
0x00000000,
0x00000000,
0x00000000,
0x00000000,
0x00000000,
0x00000000,
0x00000000,
0x00000000,
0x00000000,
0x00000000,
0x00000000,
0x00000000,
0x00000000,
0x00000000,
0x00000000,
0x00000000,
0x00000000,
0x00000000,
0x00000000,
0x00000000,
0x00000000,
0x00000000,
0x00000000,
0x00000000,
0x00000000,
0x00000000,
0x00000000,
0x00000000,
0x00000000,
0x00000000,
0x00000000,
0x00000000,
0x00000000,
0x00000000,
0x00000000,
0x00000000,
0x00000000,
0x00000000,
0x00000000,
0x00000000,
0x00000000,
0x00000000,
0x00000000,
0x00000000,
0x00000000,
0x00000000,
0x00000000,
0x00000000,
0x00000000,
0x00000000,
0x00000000,
0x00000000,
0x00000000,
0x00000000,
0x00000000,
0x00000000,
0x00000000,
0x00000000,
0x00000000,
0x00000000,
0x00000000,
0x00000000,
0x00000000,
0x00000000,
0x00000000,
0x00000000,
0x00000000,
0x00000000,
0x00000000,
0x00000000,
0x00000000,
0x00000000,
0x00000000,
0x00000000,
0x00000000,
0x00000000,
0x00000000,
0x00000000,
0x00000000,
0x00000000,
0x00000000,
0x00000000,
0x00000000,
0x00000000,
0x00000000,
0x00000000,
0x00000000,
0x00000000,
0x00000000,
0x00000000,
0x00000000,
0x00000000,
0x00000000,
0x00000000,
0x00000000,
0x00000000,
0x00000000,
0x00000000,
0x00000000,
0x00000000,
0x00000000,
0x00000000,
0x00000000,
0x00000000,
0x00000000,
0x00000000,
0x00000000,
0x00000000,
0x00000000,
0x00000000,
0x00000000,
0x00000000,
0x00000000,
0x00000000,
0x00000000,
0x00000000,
0x00000000,
0x00000000,
0x00000000,
0x00000000,
0x00000000,
0x00000000,
0x00000000,
0x00000000,
0x00000000,
0x00000000,
0x00000000,
0x00000000,
0x00000000,
0x00000000,
0x00000000,
0x00000000,
0x00000000,
0x00000000,
0x00000000,
0x00000000,
0x00000000,
0x00000000,
0x00000000,
0x00000000,
0x00000000,
0x00000000,
0x00000000,
0x00000000,
0x00000000,
0x00000000,
0x00000000,
0x00000000,
0x00000000,
0x00000000,
0x00000000,
0x00000000,
0x00000000,
0x00000000,
0x00000000,
0x00000000,
0x00000000,
0x00000000,
0x00000000,
0x00000000,
0x00000000,
0x00000000,
0x00000000,
0x00000000,
0x00000000,
0x00000000,
0x00000000,
0x00000000,
0x00000000,
0x00000000,
0x00000000,
0x00000000,
0x00000000,
0x00000000,
0x00000000,
0x00000000,
0x00000000,
0x00000000,
0x00000000,
0x00000000,
0x00000000,
0x00000000,
0x00000000,
0x00000000,
0x00000000,
0x00000000,
0x00000000,
0x00000000,
0x00000000,
0x00000000,
0x00000000,
0x00000000,
0x00000000,
0x00000000,
0x00000000,
0x00000000,
0x00000000,
0x00000000,
0x00000000,
0x00000000,
0x00000000,
0x00000000,
0x00000000,
0x00000000,
0x00000000,
0x00000000,
0x00000000,
0x00000000,
0x00000000,
0x00000000,
0x00000000,
0x00000000,
0x00000000,
0x00000000,
0x00000000,
0x00000000,
0x00000000,
0x00000000,
0x00000000,
0x00000000,
0x00000000,
0x00000000,
0x00000000,
0x00000000,
0x00000000,
0x00000000,
0x00000000,
0x00000000,
0x00000000,
0x00000000,
0x00000000,
0x00000000,
0x00000000,
0x00000000,
0x00000000,
0x00000000,
0x00000000,
0x00000000,
0x00000000,
0x00000000,
0x00000000,
0x00000000,
0x00000000,
0x00000000,
0x00000000,
0x00000000,
0x00000000,
0x00000000,
0x00000000,
0x00000000,
0x00000000,
0x00000000,
0x00000000,
0x00000000,
0x00000000,
0x00000000,
0x00000000,
0x00000000,
0x00000000,
0x00000000,
0x00000000,
0x00000000,
0x00000000,
0x00000000,
0x00000000,
0x00000000,
0x00000000,
0x00000000,
0x00000000,
0x00000000,
0x00000000,
0x00000000,
0x00000000,
0x00000000,
0x00000000,
0x00000000,
0x00000000,
0x00000000,
0x00000000,
0x00000000,
0x00000000,
0x00000000,
0x00000000,
0x00000000,
0x00000000,
0x00000000,
0x00000000,
0x00000000,
0x00000000,
0x00000000,
0x00000000,
0x00000000,
0x00000000,
0x00000000,
0x00000000,
0x00000000,
0x00000000,
0x00000000,
0x00000000,
0x00000000,
0x00000000,
0x00000000,
0x00000000,
0x00000000,
0x00000000,
0x00000000,
0x00000000,
0x00000000,
0x00000000,
0x00000000,
0x00000000,
0x00000000,
0x00000000,
0x00000000,
0x00000000,
0x00000000,
0x00000000,
0x00000000,
0x00000000,
0x00000000,
0x00000000,
0x00000000,
0x00000000,
0x00000000,
0x00000000,
0x00000000,
0x00000000,
0x00000000,
0x00000000,
0x00000000,
0x00000000,
0x00000000,
0x00000000,
0x00000000,
0x00000000,
0x00000000,
0x00000000,
0x00000000,
0x00000000,
0x00000000,
0x00000000,
0x00000000,
0x00000000,
0x00000000,
0x00000000,
0x00000000,
0x00000000,
0x00000000,
0x00000000,
0x00000000,
0x00000000,
0x00000000,
0x00000000,
0x00000000,
0x00000000,
0x00000000,
0x00000000,
0x00000000,
0x00000000,
0x00000000,
0x00000000,
0x00000000,
0x00000000,
0x00000000,
0x00000000,
0x00000000,
0x00000000,
0x00000000,
0x00000000,
0x00000000,
0x00000000,
0x00000000,
0x00000000,
0x00000000,
0x00000000,
0x00000000,
0x00000000,
0x00000000,
0x00000000,
0x00000000,
0x00000000,
0x00000000,
0x00000000,
0x00000000,
0x00000000,
0x00000000,
0x00000000,
0x00000000,
0x00000000,
0x00000000,
0x00000000,
0x00000000,
0x00000000,
0x00000000,
0x00000000,
0x00000000,
0x00000000,
0x00000000,
0x00000000,
0x00000000,
0x00000000,
0x00000000,
0x00000000,
0x00000000,
0x00000000,
0x00000000,
0x00000000,
0x00000000,
0x00000000,
0x00000000,
0x00000000,
0x00000000,
0x00000000,
0x00000000,
0x00000000,
0x00000000,
0x00000000,
0x00000000,
0x00000000,
0x00000000,
0x00000000,
0x00000000,
0x00000000,
0x00000000,
0x00000000,
0x00000000,
0x00000000,
0x00000000,
0x00000000,
0x00000000,
0x00000000,
0x00000000,
0x00000000,
0x00000000,
0x00000000,
0x00000000,
0x00000000,
0x00000000,
0x00000000,
0x00000000,
0x00000000,
0x00000000,
0x00000000,
0x00000000,
0x00000000,
0x00000000,
0x00000000,
0x00000000,
0x00000000,
0x00000000,
0x00000000,
0x00000000,
0x00000000,
0x00000000,
0x00000000,
0x00000000,
0x00000000,
0x00000000,
0x00000000,
0x00000000,
0x00000000,
0x00000000,
0x00000000,
0x00000000,
0x00000000,
0x00000000,
0x00000000,
0x00000000,
0x00000000,
0x00000000,
0x00000000,
0x00000000,
0x00000000,
0x00000000,
0x00000000,
0x00000000,
0x00000000,
0x00000000,
0x00000000,
0x00000000,
0x00000000,
0x00000000,
0x00000000,
0x00000000,
0x00000000,
0x00000000,
0x00000000,
0x00000000,
0x00000000,
0x00000000,
0x00000000,
0x00000000,
0x00000000,
0x00000000,
0x00000000,
0x00000000,
0x00000000,
0x00000000,
0x00000000,
0x00000000,
0x00000000,
0x00000000,
0x00000000,
0x00000000,
0x00000000,
0x00000000,
0x00000000,
0x00000000,
0x00000000,
0x00000000,
0x00000000,
0x00000000,
0x00000000,
0x00000000,
0x00000000,
0x00000000,
0x00000000,
0x00000000,
0x00000000,
0x00000000,
0x00000000,
0x00000000,
0x00000000,
0x00000000,
0x00000000,
0x00000000,
0x00000000,
0x00000000,
0x00000000,
0x00000000,
0x00000000,
0x00000000,
0x00000000,
0x00000000,
0x00000000,
0x00000000,
0x00000000,
0x00000000,
0x00000000,
0x00000000,
0x00000000,
0x00000000,
0x00000000,
0x00000000,
0x00000000,
0x00000000,
0x00000000,
0x00000000,
0x00000000,
0x00000000,
0x00000000,
0x00000000,
0x00000000,
0x00000000,
0x00000000,
0x00000000,
0x00000000,
0x00000000,
0x00000000,
0x00000000,
0x00000000,
0x00000000,
0x00000000,
0x00000000,
0x00000000,
0x00000000,
0x00000000,
0x00000000,
0x00000000,
0x00000000,
0x00000000,
0x00000000,
0x00000000,
0x00000000,
0x00000000,
0x00000000,
0x00000000,
0x00000000,
0x00000000,
0x00000000,
0x00000000,
0x00000000,
0x00000000,
0x00000000,
0x00000000,
0x00000000,
0x00000000,
0x00000000,
0x00000000,
0x00000000,
0x00000000,
0x00000000,
0x00000000,
0x00000000,
0x00000000,
0x00000000,
0x00000000,
0x00000000,
0x00000000,
0x00000000,
0x00000000,
0x00000000,
0x00000000,
0x00000000,
0x00000000,
0x00000000,
0x00000000,
0x00000000,
0x00000000,
0x00000000,
0x00000000,
0x00000000,
0x00000000,
0x00000000,
0x00000000,
0x00000000,
0x00000000,
0x00000000,
0x00000000,
0x00000000,
0x00000000,
0x00000000,
0x00000000,
0x00000000,
0x00000000,
0x00000000,
0x00000000,
0x00000000,
0x00000000,
0x00000000,
0x00000000,
0x00000000,
0x00000000,
0x00000000,
0x00000000,
0x00000000,
0x00000000,
0x00000000,
0x00000000,
0x00000000,
0x00000000,
0x00000000,
0x00000000,
0x00000000,
0x00000000,
0x00000000,
0x00000000,
0x00000000,
0x00000000,
0x00000000,
0x00000000,
0x00000000,
0x00000000,
0x00000000,
0x00000000,
0x00000000,
0x00000000,
0x00000000,
0x00000000,
0x00000000,
0x00000000,
0x00000000,
0x00000000,
0x00000000,
0x00000000,
0x00000000,
0x00000000,
0x00000000,
0x00000000,
0x00000000,
0x00000000,
0x00000000,
0x00000000,
0x00000000,
0x00000000,
0x00000000,
0x00000000,
0x00000000,
0x00000000,
0x00000000,
0x00000000,
0x00000000,
0x00000000,
0x00000000,
0x00000000,
0x00000000,
0x00000000,
0x00000000,
0x00000000,
0x00000000,
0x00000000,
0x00000000,
0x00000000,
0x00000000,
0x00000000,
0x00000000,
0x00000000,
0x00000000,
0x00000000,
0x00000000,
0x00000000,
0x00000000,
0x00000000,
0x00000000,
0x00000000,
0x00000000,
0x00000000,
0x00000000,
0x00000000,
0x00000000,
0x00000000,
0x00000000,
0x00000000,
0x00000000,
0x00000000,
0x00000000,
0x00000000,
0x00000000,
0x00000000,
0x00000000,
0x00000000,
0x00000000,
0x00000000,
0x00000000,
0x00000000,
0x00000000,
0x00000000,
0x00000000,
0x00000000,
0x00000000,
0x00000000,
0x00000000,
0x00000000,
0x00000000,
0x00000000,
0x00000000,
0x00000000,
0x00000000,
0x00000000,
0x00000000,
0x00000000,
0x00000000,
0x00000000,
0x00000000,
0x00000000,
0x00000000,
0x00000000,
0x00000000,
0x00000000,
0x00000000,
0x00000000,
0x00000000,
0x00000000,
0x00000000,
0x00000000,
0x00000000,
0x00000000,
0x00000000,
0x00000000,
0x00000000,
0x00000000,
0x00000000,
0x00000000,
0x00000000,
0x00000000,
0x00000000,
0x00000000,
0x00000000,
0x00000000,
0x00000000,
0x00000000,
0x00000000,
0x00000000,
0x00000000,
0x00000000,
0x00000000,
0x00000000,
0x00000000,
0x00000000,
0x00000000,
0x00000000,
0x00000000,
0x00000000,
0x00000000,
0x00000000,
0x00000000,
0x00000000,
0x00000000,
0x00000000,
0x00000000,
0x00000000,
0x00000000,
0x00000000,
0x00000000,
0x00000000,
0x00000000,
0x00000000,
0x00000000,
0x00000000,
0x00000000,
0x00000000,
0x00000000,
0x00000000,
0x00000000,
0x00000000,
0x00000000,
0x00000000,
0x00000000,
0x00000000,
0x00000000,
0x00000000,
0x00000000,
0x00000000,
0x00000000,
0x00000000,
0x00000000,
0x00000000,
0x00000000,
0x00000000,
0x00000000,
0x00000000,
0x00000000,
0x00000000,
0x00000000,
0x00000000,
0x00000000,
0x00000000,
0x00000000,
0x00000000,
0x00000000,
0x00000000,
0x00000000,
0x00000000,
0x00000000,
0x00000000,
0x00000000,
0x00000000,
0x00000000,
0x00000000,
0x00000000,
0x00000000,
0x00000000,
0x00000000,
0x00000000,
0x00000000,
0x00000000,
0x00000000,
0x00000000,
0x00000000,
0x00000000,
0x00000000,
0x00000000,
0x00000000,
0x00000000,
0x00000000,
0x00000000,
0x00000000,
0x00000000,
0x00000000,
0x00000000,
0x00000000,
0x00000000,
0x00000000,
0x00000000,
0x00000000,
0x00000000,
0x00000000,
0x00000000,
0x00000000,
0x00000000,
0x00000000,
0x00000000,
0x00000000,
0x00000000,
0x00000000,
0x00000000,
0x00000000,
0x00000000,
0x00000000,
0x00000000,
0x00000000,
0x00000000,
0x00000000,
0x00000000,
0x00000000,
0x00000000,
0x00000000,
0x00000000,
0x00000000,
0x00000000,
0x00000000,
0x00000000,
0x00000000,
0x00000000,
0x00000000,
0x00000000,
0x00000000,
0x00000000,
0x00000000,
0x00000000,
0x00000000,
0x00000000,
0x00000000,
0x00000000,
0x00000000,
0x00000000,
0x00000000,
0x00000000,
0x00000000,
0x00000000,
0x00000000,
0x00000000,
0x00000000,
0x00000000,
0x00000000,
0x00000000,
0x00000000,
0x00000000,
0x00000000,
0x00000000,
0x00000000,
0x00000000,
0x00000000,
0x00000000,
0x00000000,
0x00000000,
0x00000000,
0x00000000,
0x00000000,
0x00000000,
0x00000000,
0x00000000,
0x00000000,
0x00000000,
0x00000000,
0x00000000,
0x00000000,
0x00000000,
0x00000000,
0x00000000,
0x00000000,
0x00000000,
0x00000000,
0x00000000,
0x00000000,
0x00000000,
0x00000000,
0x00000000,
0x00000000,
0x00000000,
0x00000000,
0x00000000,
0x00000000,
0x00000000,
0x00000000,
0x00000000,
0x00000000,
0x00000000,
0x00000000,
0x00000000,
0x00000000,
0x00000000,
0x00000000,
0x00000000,
0x00000000,
0x00000000,
0x00000000,
0x00000000,
0x00000000,
0x00000000,
0x00000000,
0x00000000,
0x00000000,
0x00000000,
0x00000000,
0x00000000,
0x00000000,
0x00000000,
0x00000000,
0x00000000,
0x00000000,
0x00000000,
0x00000000,
0x00000000,
0x00000000,
0x00000000,
0x00000000,
0x00000000,
0x00000000,
0x00000000,
0x00000000,
0x00000000,
0x00000000,
0x00000000,
0x00000000,
0x00000000,
0x00000000,
0x00000000,
0x00000000,
0x00000000,
0x00000000,
0x00000000,
0x00000000,
0x00000000,
0x00000000,
0x00000000,
0x00000000,
0x00000000,
0x00000000,
0x00000000,
0x00000000,
0x00000000,
0x00000000,
0x00000000,
0x00000000,
0x00000000,
0x00000000,
0x00000000,
0x00000000,
0x00000000,
0x00000000,
0x00000000,
0x00000000,
0x00000000,
0x00000000,
0x00000000,
0x00000000,
0x00000000,
0x00000000,
0x00000000,
0x00000000,
0x00000000,
0x00000000,
0x00000000,
0x00000000,
0x00000000,
0x00000000,
0x00000000,
0x00000000,
0x00000000,
0x00000000,
0x00000000,
0x00000000,
0x00000000,
0x00000000,
0x00000000,
0x00000000,
0x00000000,
0x00000000,
0x00000000,
0x00000000,
0x00000000,
0x00000000,
0x00000000,
0x00000000,
0x00000000,
0x00000000,
0x00000000,
0x00000000,
0x00000000,
0x00000000,
0x00000000,
0x00000000,
0x00000000,
0x00000000,
0x00000000,
0x00000000,
0x00000000,
0x00000000,
0x00000000,
0x00000000,
0x00000000,
0x00000000,
0x00000000,
0x00000000,
0x00000000,
0x00000000,
0x00000000,
0x00000000,
0x00000000,
0x00000000,
0x00000000,
0x00000000,
0x00000000,
0x00000000,
0x00000000,
0x00000000,
0x00000000,
0x00000000,
0x00000000,
0x00000000,
0x00000000,
0x00000000,
0x00000000,
0x00000000,
0x00000000,
0x00000000,
0x00000000,
0x00000000,
0x00000000,
0x00000000,
0x00000000,
0x00000000,
0x00000000,
0x00000000,
0x00000000,
0x00000000,
0x00000000,
0x00000000,
0x00000000,
0x00000000,
0x00000000,
0x00000000,
0x00000000,
0x00000000,
0x00000000,
0x00000000,
0x00000000,
0x00000000,
0x00000000,
0x00000000,
0x00000000,
0x00000000,
0x00000000,
0x00000000,
0x00000000,
0x00000000,
0x00000000,
0x00000000,
0x00000000,
0x00000000,
0x00000000,
0x00000000,
0x00000000,
0x00000000,
0x00000000,
0x00000000,
0x00000000,
0x00000000,
0x00000000,
0x00000000,
0x00000000,
0x00000000,
0x00000000,
0x00000000,
0x00000000,
0x00000000,
0x00000000,
0x00000000,
0x00000000,
0x00000000,
0x00000000,
0x00000000,
0x00000000,
0x00000000,
0x00000000,
0x00000000,
0x00000000,
0x00000000,
0x00000000,
0x00000000,
0x00000000,
0x00000000,
0x00000000,
0x00000000,
0x00000000,
0x00000000,
0x00000000,
0x00000000,
0x00000000,
0x00000000,
0x00000000,
0x00000000,
0x00000000,
0x00000000,
0x00000000,
0x00000000,
0x00000000,
0x00000000,
0x00000000,
0x00000000,
0x00000000,
0x00000000,
0x00000000,
0x00000000,
0x00000000,
0x00000000,
0x00000000,
0x00000000,
0x00000000,
0x00000000,
0x00000000,
0x00000000,
0x00000000,
0x00000000,
0x00000000,
0x00000000,
0x00000000,
0x00000000,
0x00000000,
0x00000000,
0x00000000,
0x00000000,
0x00000000,
0x00000000,
0x00000000,
0x00000000,
0x00000000,
0x00000000,
0x00000000,
0x00000000,
0x00000000,
0x00000000,
0x00000000,
0x00000000,
0x00000000,
0x00000000,
0x00000000,
0x00000000,
0x00000000,
0x00000000,
0x00000000,
0x00000000,
0x00000000,
0x00000000,
0x00000000,
0x00000000,
0x00000000,
0x00000000,
0x00000000,
0x00000000,
0x00000000,
0x00000000,
0x00000000,
0x00000000,
0x00000000,
0x00000000,
0x00000000,
0x00000000,
0x00000000,
0x00000000,
0x00000000,
0x00000000,
0x00000000,
0x00000000,
0x00000000,
0x00000000,
0x00000000,
0x00000000,
0x00000000,
0x00000000,
0x00000000,
0x00000000,
0x00000000,
0x00000000,
0x00000000,
0x00000000,
0x00000000,
0x00000000,
0x00000000,
0x00000000,
0x00000000,
0x00000000,
0x00000000,
0x00000000,
0x00000000,
0x00000000,
0x00000000,
0x00000000,
0x00000000,
0x00000000,
0x00000000,
0x00000000,
0x00000000,
0x00000000,
0x00000000,
0x00000000,
0x00000000,
0x00000000,
0x00000000,
0x00000000,
0x00000000,
0x00000000,
0x00000000,
0x00000000,
0x00000000,
0x00000000,
0x00000000,
0x00000000,
0x00000000,
0x00000000,
0x00000000,
0x00000000,
0x00000000,
0x00000000,
0x00000000,
0x00000000,
0x00000000,
0x00000000,
0x00000000,
0x00000000,
0x00000000,
0x00000000,
0x00000000,
0x00000000,
0x00000000,
0x00000000,
0x00000000,
0x00000000,
0x00000000,
0x00000000,
0x00000000,
0x00000000,
0x00000000,
0x00000000,
0x00000000,
0x00000000,
0x00000000,
0x00000000,
0x00000000,
0x00000000,
0x00000000,
0x00000000,
0x00000000,
0x00000000,
0x00000000,
0x00000000,
0x00000000,
0x00000000,
0x00000000,
0x00000000,
0x00000000,
0x00000000,
0x00000000,
0x00000000,
0x00000000,
0x00000000,
0x00000000,
0x00000000,
0x00000000,
0x00000000,
0x00000000,
0x00000000,
0x00000000,
0x00000000,
0x00000000,
0x00000000,
0x00000000,
0x00000000,
0x00000000,
0x00000000,
0x00000000,
0x00000000,
0x00000000,
0x00000000,
0x00000000,
0x00000000,
0x00000000,
0x00000000,
0x00000000,
0x00000000,
0x00000000,
0x00000000,
0x00000000,
0x00000000,
0x00000000,
0x00000000,
0x00000000,
0x00000000,
0x00000000,
0x00000000,
0x00000000,
0x00000000,
0x00000000,
0x00000000,
0x00000000,
0x00000000,
0x00000000,
0x00000000,
0x00000000,
0x00000000,
0x00000000,
0x00000000,
0x00000000,
0x00000000,
0x00000000,
0x00000000,
0x00000000,
0x00000000,
0x00000000,
0x00000000,
0x00000000,
0x00000000,
0x00000000,
0x00000000,
0x00000000,
0x00000000,
0x00000000,
0x00000000,
0x00000000,
0x00000000,
0x00000000,
0x00000000,
0x00000000,
0x00000000,
0x00000000,
0x00000000,
0x00000000,
0x00000000,
0x00000000,
0x00000000,
0x00000000,
0x00000000,
0x00000000,
0x00000000,
0x00000000,
0x00000000,
0x00000000,
0x00000000,
0x00000000,
0x00000000,
0x00000000,
0x00000000,
0x00000000,
0x00000000,
0x00000000,
0x00000000,
0x00000000,
0x00000000,
0x00000000,
0x00000000,
0x00000000,
0x00000000,
0x00000000,
0x00000000,
0x00000000,
0x00000000,
0x00000000,
0x00000000,
0x00000000,
0x00000000,
0x00000000,
0x00000000,
0x00000000,
0x00000000,
0x00000000,
0x00000000,
0x00000000,
0x00000000,
0x00000000,
0x00000000,
0x00000000,
0x00000000,
0x00000000,
0x00000000,
0x00000000,
0x00000000,
0x00000000,
0x00000000,
0x00000000,
0x00000000,
0x00000000,
0x00000000,
0x00000000,
0x00000000,
0x00000000,
0x00000000,
0x00000000,
0x00000000,
0x00000000,
0x00000000,
0x00000000,
0x00000000,
0x00000000,
0x00000000,
0x00000000,
0x00000000,
0x00000000,
0x00000000,
0x00000000,
0x00000000,
0x00000000,
0x00000000,
0x00000000,
0x00000000,
0x00000000,
0x00000000,
0x00000000,
0x00000000,
0x00000000,
0x00000000,
0x00000000,
0x00000000,
0x00000000,
0x00000000,
0x00000000,
0x00000000,
0x00000000,
0x00000000,
0x00000000,
0x00000000,
0x00000000,
0x00000000,
0x00000000,
0x00000000,
0x00000000,
0x00000000,
0x00000000,
0x00000000,
0x00000000,
0x00000000,
0x00000000,
0x00000000,
0x00000000,
0x00000000,
0x00000000,
0x00000000,
0x00000000,
0x00000000,
0x00000000,
0x00000000,
0x00000000,
0x00000000,
0x00000000,
0x00000000,
0x00000000,
0x00000000,
0x00000000,
0x00000000,
0x00000000,
0x00000000,
0x00000000,
0x00000000,
0x00000000,
0x00000000,
0x00000000,
0x00000000,
0x00000000,
0x00000000,
0x00000000,
0x00000000,
0x00000000,
0x00000000,
0x00000000,
0x00000000,
0x00000000,
0x00000000,
0x00000000,
0x00000000,
0x00000000,
0x00000000,
0x00000000,
0x00000000,
0x00000000,
0x00000000,
0x00000000,
0x00000000,
0x00000000,
0x00000000,
0x00000000,
0x00000000,
0x00000000,
0x00000000,
0x00000000,
0x00000000,
0x00000000,
0x00000000,
0x00000000,
0x00000000,
0x00000000,
0x00000000,
0x00000000,
0x00000000,
0x00000000,
0x00000000,
0x00000000,
0x00000000,
0x00000000,
0x00000000,
0x00000000,
0x00000000,
0x00000000,
0x00000000,
0x00000000,
0x00000000,
0x00000000,
0x00000000,
0x00000000,
0x00000000,
0x00000000,
0x00000000,
0x00000000,
0x00000000,
0x00000000,
0x00000000,
0x00000000,
0x00000000,
0x00000000,
0x00000000,
0x00000000,
0x00000000,
0x00000000,
0x00000000,
0x00000000,
0x00000000,
0x00000000,
0x00000000,
0x00000000,
0x00000000,
0x00000000,
0x00000000,
0x00000000,
0x00000000,
0x00000000,
0x00000000,
0x00000000,
0x00000000,
0x00000000,
0x00000000,
0x00000000,
0x00000000,
0x00000000,
0x00000000,
0x00000000,
0x00000000,
0x00000000,
0x00000000,
0x00000000,
0x00000000,
0x00000000,
0x00000000,
0x00000000,
0x00000000,
0x00000000,
0x00000000,
0x00000000,
0x00000000,
0x00000000,
0x00000000,
0x00000000,
0x00000000,
0x00000000,
0x00000000,
0x00000000,
0x00000000,
0x00000000,
0x00000000,
0x00000000,
0x00000000,
0x00000000,
0x00000000,
0x00000000,
0x00000000,
0x00000000,
0x00000000,
0x00000000,
0x00000000,
0x00000000,
0x00000000,
0x00000000,
0x00000000,
0x00000000,
0x00000000,
0x00000000,
0x00000000,
0x00000000,
0x00000000,
0x00000000,
0x00000000,
0x00000000,
0x00000000,
0x00000000,
0x00000000,
0x00000000,
0x00000000,
0x00000000,
0x00000000,
0x00000000,
0x00000000,
0x00000000,
0x00000000,
0x00000000,
0x00000000,
0x00000000,
0x00000000,
0x00000000,
0x00000000,
0x00000000,
0x00000000,
0x00000000,
0x00000000,
0x00000000,
0x00000000,
0x00000000,
0x00000000,
0x00000000,
0x00000000,
0x00000000,
0x00000000,
0x00000000,
0x00000000,
0x00000000,
0x00000000,
0x00000000,
0x00000000,
0x00000000,
0x00000000,
0x00000000,
0x00000000,
0x00000000,
0x00000000,
0x00000000,
0x00000000,
0x00000000,
0x00000000,
0x00000000,
0x00000000,
0x00000000,
0x00000000,
0x00000000,
0x00000000,
0x00000000,
0x00000000,
0x00000000,
0x00000000,
0x00000000,
0x00000000,
0x00000000,
0x00000000,
0x00000000,
0x00000000,
0x00000000,
0x00000000,
0x00000000,
0x00000000,
0x00000000,
0x00000000,
0x00000000,
0x00000000,
0x00000000,
0x00000000,
0x00000000,
0x00000000,
0x00000000,
0x00000000,
0x00000000,
0x00000000,
0x00000000,
0x00000000,
0x00000000,
0x00000000,
0x00000000,
0x00000000,
0x00000000,
0x00000000,
0x00000000,
0x00000000,
0x00000000,
0x00000000,
0x00000000,
0x00000000,
0x00000000,
0x00000000,
0x00000000,
0x00000000,
0x00000000,
0x00000000,
0x00000000,
0x00000000,
0x00000000,
0x00000000,
0x00000000,
0x00000000,
0x00000000,
0x00000000,
0x00000000,
0x00000000,
0x00000000,
0x00000000,
0x00000000,
0x00000000,
0x00000000,
0x00000000,
0x00000000,
0x00000000,
0x00000000,
0x00000000,
0x00000000,
0x00000000,
0x00000000,
0x00000000,
0x00000000,
0x00000000,
0x00000000,
0x00000000,
0x00000000,
0x00000000,
0x00000000,
0x00000000,
0x00000000,
0x00000000,
0x00000000,
0x00000000,
0x00000000,
0x00000000,
0x00000000,
0x00000000,
0x00000000,
0x00000000,
0x00000000,
0x00000000,
0x00000000,
0x00000000,
0x00000000,
0x00000000,
0x00000000,
0x00000000,
0x00000000,
0x00000000,
0x00000000,
0x00000000,
0x00000000,
0x00000000,
0x00000000,
0x00000000,
0x00000000,
0x00000000,
0x00000000,
0x00000000,
0x00000000,
0x00000000,
0x00000000,
0x00000000,
0x00000000,
0x00000000,
0x00000000,
0x00000000,
0x00000000,
0x00000000,
0x00000000,
0x00000000,
0x00000000,
0x00000000,
0x00000000,
0x00000000,
0x00000000,
0x00000000,
0x00000000,
0x00000000,
0x00000000,
0x00000000,
0x00000000,
0x00000000,
0x00000000,
0x00000000,
0x00000000,
0x00000000,
0x00000000,
0x00000000,
0x00000000,
0x00000000,
0x00000000,
0x00000000,
0x00000000,
0x00000000,
0x00000000,
0x00000000,
0x00000000,
0x00000000,
0x00000000,
0x00000000,
0x00000000,
0x00000000,
0x00000000,
0x00000000,
0x00000000,
0x00000000,
0x00000000,
0x00000000,
0x00000000,
0x00000000,
0x00000000,
0x00000000,
0x00000000,
0x00000000,
0x00000000,
0x00000000,
0x00000000,
0x00000000,
0x00000000,
0x00000000,
0x00000000,
0x00000000,
0x00000000,
0x00000000,
0x00000000,
0x00000000,
0x00000000,
0x00000000,
0x00000000,
0x00000000,
0x00000000,
0x00000000,
0x00000000,
0x00000000,
0x00000000,
0x00000000,
0x00000000,
0x00000000,
0x00000000,
0x00000000,
0x00000000,
0x00000000,
0x00000000,
0x00000000,
0x00000000,
0x00000000,
0x00000000,
0x00000000,
0x00000000,
0x00000000,
0x00000000,
0x00000000,
0x00000000,
0x00000000,
0x00000000,
0x00000000,
0x00000000,
0x00000000,
0x00000000,
0x00000000,
0x00000000,
0x00000000,
0x00000000,
0x00000000,
0x00000000,
0x00000000,
0x00000000,
0x00000000,
0x00000000,
0x00000000,
0x00000000,
0x00000000,
0x00000000,
0x00000000,
0x00000000,
0x00000000,
0x00000000,
0x00000000,
0x00000000,
0x00000000,
0x00000000,
0x00000000,
0x00000000,
0x00000000,
0x00000000,
0x00000000,
0x00000000,
0x00000000,
0x00000000,
0x00000000,
0x00000000,
0x00000000,
0x00000000,
0x00000000,
0x00000000,
0x00000000,
0x00000000,
0x00000000,
0x00000000,
0x00000000,
0x00000000,
0x00000000,
0x00000000,
0x00000000,
0x00000000,
0x00000000,
0x00000000,
0x00000000,
0x00000000,
0x00000000,
0x00000000,
0x00000000,
0x00000000,
0x00000000,
0x00000000,
0x00000000,
0x00000000,
0x00000000,
0x00000000,
0x00000000,
0x00000000,
0x00000000,
0x00000000,
0x00000000,
0x00000000,
0x00000000,
0x00000000,
0x00000000,
0x00000000,
0x00000000,
0x00000000,
0x00000000,
0x00000000,
0x00000000,
0x00000000,
0x00000000,
0x00000000,
0x00000000,
0x00000000,
0x00000000,
0x00000000,
0x00000000,
0x00000000,
0x00000000,
0x00000000,
0x00000000,
0x00000000,
0x00000000,
0x00000000,
0x00000000,
0x00000000,
0x00000000,
0x00000000,
0x00000000,
0x00000000,
0x00000000,
0x00000000,
0x00000000,
0x00000000,
0x00000000,
0x00000000,
0x00000000,
0x00000000,
0x00000000,
0x00000000,
0x00000000,
0x00000000,
0x00000000,
0x00000000,
0x00000000,
0x00000000,
0x00000000,
0x00000000,
0x00000000,
0x00000000,
0x00000000,
0x00000000,
0x00000000,
0x00000000,
0x00000000,
0x00000000,
0x00000000,
0x00000000,
0x00000000,
0x00000000,
0x00000000,
0x00000000,
0x00000000,
0x00000000,
0x00000000,
0x00000000,
0x00000000,
0x00000000,
0x00000000,
0x00000000,
0x00000000,
0x00000000,
0x00000000,
0x00000000,
0x00000000,
0x00000000,
0x00000000,
0x00000000,
0x00000000,
0x00000000,
0x00000000,
0x00000000,
0x00000000,
0x00000000,
0x00000000,
0x00000000,
0x00000000,
0x00000000,
0x00000000,
0x00000000,
0x00000000,
0x00000000,
0x00000000,
0x00000000,
0x00000000,
0x00000000,
0x00000000,
0x00000000,
0x00000000,
0x00000000,
0x00000000,
0x00000000,
0x00000000,
0x00000000,
0x00000000,
0x00000000,
0x00000000,
0x00000000,
0x00000000,
0x00000000,
0x00000000,
0x00000000,
0x00000000,
0x00000000,
0x00000000,
0x00000000,
0x00000000,
0x00000000,
0x00000000,
0x00000000,
0x00000000,
0x00000000,
0x00000000,
0x00000000,
0x00000000,
0x00000000,
0x00000000,
0x00000000,
0x00000000,
0x00000000,
0x00000000,
0x00000000,
0x00000000,
0x00000000,
0x00000000,
0x00000000,
0x00000000,
0x00000000,
0x00000000,
0x00000000,
0x00000000,
0x00000000,
0x00000000,
0x00000000,
0x00000000,
0x00000000,
0x00000000,
0x00000000,
0x00000000,
0x00000000,
0x00000000,
0x00000000,
0x00000000,
0x00000000,
0x00000000,
0x00000000,
0x00000000,
0x00000000,
0x00000000,
0x00000000,
0x00000000,
0x00000000,
0x00000000,
0x00000000,
0x00000000,
0x00000000,
0x00000000,
0x00000000,
0x00000000,
0x00000000,
0x00000000,
0x00000000,
0x00000000,
0x00000000,
0x00000000,
0x00000000,
0x00000000,
0x00000000,
0x00000000,
0x00000000,
0x00000000,
0x00000000,
0x00000000,
0x00000000,
0x00000000,
0x00000000,
0x00000000,
0x00000000,
0x00000000,
0x00000000,
0x00000000,
0x00000000,
0x00000000,
0x00000000,
0x00000000,
0x00000000,
0x00000000,
0x00000000,
0x00000000,
0x00000000,
0x00000000,
0x00000000,
0x00000000,
0x00000000,
0x00000000,
0x00000000,
0x00000000,
0x00000000,
0x00000000,
0x00000000,
0x00000000,
0x00000000,
0x00000000,
0x00000000,
0x00000000,
0x00000000,
0x00000000,
0x00000000,
0x00000000,
0x00000000,
0x00000000,
0x00000000,
0x00000000,
0x00000000,
0x00000000,
0x00000000,
0x00000000,
0x00000000,
0x00000000,
0x00000000,
0x00000000,
0x00000000,
0x00000000,
0x00000000,
0x00000000,
0x00000000,
0x00000000,
0x00000000,
0x00000000,
0x00000000,
0x00000000,
0x00000000,
0x00000000,
0x00000000,
0x00000000,
0x00000000,
0x00000000,
0x00000000,
0x00000000,
0x00000000,
0x00000000,
0x00000000,
0x00000000,
0x00000000,
0x00000000,
0x00000000,
0x00000000,
0x00000000,
0x00000000,
0x00000000,
0x00000000,
0x00000000,
0x00000000,
0x00000000,
0x00000000,
0x00000000,
0x00000000,
0x00000000,
0x00000000,
0x00000000,
0x00000000,
0x00000000,
0x00000000,
0x00000000,
0x00000000,
0x00000000,
0x00000000,
0x00000000,
0x00000000,
0x00000000,
0x00000000,
0x00000000,
0x00000000,
0x00000000,
0x00000000,
0x00000000,
0x00000000,
0x00000000,
0x00000000,
0x00000000,
0x00000000,
0x00000000,
0x00000000,
0x00000000,
0x00000000,
0x00000000,
0x00000000,
0x00000000,
0x00000000,
0x00000000,
0x00000000,
0x00000000,
0x00000000,
0x00000000,
0x00000000,
0x00000000,
0x00000000,
0x00000000,
0x00000000,
0x00000000,
0x00000000,
0x00000000,
0x00000000,
0x00000000,
0x00000000,
0x00000000,
0x00000000,
0x00000000,
0x00000000,
0x00000000,
0x00000000,
0x00000000,
0x00000000,
0x00000000,
0x00000000,
0x00000000,
0x00000000,
0x00000000,
0x00000000,
0x00000000,
0x00000000,
0x00000000,
0x00000000,
0x00000000,
0x00000000,
0x00000000,
0x00000000,
0x00000000,
0x00000000,
0x00000000,
0x00000000,
0x00000000,
0x00000000,
0x00000000,
0x00000000,
0x00000000,
0x00000000,
0x00000000,
0x00000000,
0x00000000,
0x00000000,
0x00000000,
0x00000000,
0x00000000,
0x00000000,
0x00000000,
0x00000000,
0x00000000,
0x00000000,
0x00000000,
0x00000000,
0x00000000,
0x00000000,
0x00000000,
0x00000000,
0x00000000,
0x00000000,
0x00000000,
0x00000000,
0x00000000,
0x00000000,
0x00000000,
0x00000000,
0x00000000,
0x00000000,
0x00000000,
0x00000000,
0x00000000,
0x00000000,
0x00000000,
0x00000000,
0x00000000,
0x00000000,
0x00000000,
0x00000000,
0x00000000,
0x00000000,
0x00000000,
0x00000000,
0x00000000,
0x00000000,
0x00000000,
0x00000000,
0x00000000,
0x00000000,
0x00000000,
0x00000000,
0x00000000,
0x00000000,
0x00000000,
0x00000000,
0x00000000,
0x00000000,
0x00000000,
0x00000000,
0x00000000,
0x00000000,
0x00000000,
0x00000000,
0x00000000,
0x00000000,
0x00000000,
0x00000000,
0x00000000,
0x00000000,
0x00000000,
0x00000000,
0x00000000,
0x00000000,
0x00000000,
0x00000000,
0x00000000,
0x00000000,
0x00000000,
0x00000000,
0x00000000,
0x00000000,
0x00000000,
0x00000000,
0x00000000,
0x00000000,
0x00000000,
0x00000000,
0x00000000,
0x00000000,
0x00000000,
0x00000000,
0x00000000,
0x00000000,
0x00000000,
0x00000000,
0x00000000,
0x00000000,
0x00000000,
0x00000000,
0x00000000,
0x00000000,
0x00000000,
0x00000000,
0x00000000,
0x00000000,
0x00000000,
0x00000000,
0x00000000,
0x00000000,
0x00000000,
0x00000000,
0x00000000,
0x00000000,
0x00000000,
0x00000000,
0x00000000,
0x00000000,
0x00000000,
0x00000000,
0x00000000,
0x00000000,
0x00000000,
0x00000000,
0x00000000,
0x00000000,
0x00000000,
0x00000000,
0x00000000,
0x00000000,
0x00000000,
0x00000000,
0x00000000,
0x00000000,
0x00000000,
0x00000000,
0x00000000,
0x00000000,
0x00000000,
0x00000000,
0x00000000,
0x00000000,
0x00000000,
0x00000000,
0x00000000,
0x00000000,
0x00000000,
0x00000000,
0x00000000,
0x00000000,
0x00000000,
0x00000000,
0x00000000,
0x00000000,
0x00000000,
0x00000000,
0x00000000,
0x00000000,
0x00000000,
0x00000000,
0x00000000,
0x00000000,
0x00000000,
0x00000000,
0x00000000,
0x00000000,
0x00000000,
0x00000000,
0x00000000,
0x00000000,
0x00000000,
0x00000000,
0x00000000,
0x00000000,
0x00000000,
0x00000000,
0x00000000,
0x00000000,
0x00000000,
0x00000000,
0x00000000,
0x00000000,
0x00000000,
0x00000000,
0x00000000,
0x00000000,
0x00000000,
0x00000000,
0x00000000,
0x00000000,
0x00000000,
0x00000000,
0x00000000,
0x00000000,
0x00000000,
0x00000000,
0x00000000,
0x00000000,
0x00000000,
0x00000000,
0x00000000,
0x00000000,
0x00000000,
0x00000000,
0x00000000,
0x00000000,
0x00000000,
0x00000000,
0x00000000,
0x00000000,
0x00000000,
0x00000000,
0x00000000,
0x00000000,
0x00000000,
0x00000000,
0x00000000,
0x00000000,
0x00000000,
0x00000000,
0x00000000,
0x00000000,
0x00000000,
0x00000000,
0x00000000,
0x00000000,
0x00000000,
0x00000000,
0x00000000,
0x00000000,
0x00000000,
0x00000000,
0x00000000,
0x00000000,
0x00000000,
0x00000000,
0x00000000,
0x00000000,
0x00000000,
0x00000000,
0x00000000,
0x00000000,
0x00000000,
0x00000000,
0x00000000,
0x00000000,
0x00000000,
0x00000000,
0x00000000,
0x00000000,
0x00000000,
0x00000000,
0x00000000,
0x00000000,
0x00000000,
0x00000000,
0x00000000,
0x00000000,
0x00000000,
0x00000000,
0x00000000,
0x00000000,
0x00000000,
0x00000000,
0x00000000,
0x00000000,
0x00000000,
0x00000000,
0x00000000,
0x00000000,
0x00000000,
0x00000000,
0x00000000,
0x00000000,
0x00000000,
0x00000000,
0x00000000,
0x00000000,
0x00000000,
0x00000000,
0x00000000,
0x00000000,
0x00000000,
0x00000000,
0x00000000,
0x00000000,
0x00000000,
0x00000000,
0x00000000,
0x00000000,
0x00000000,
0x00000000,
0x00000000,
0x00000000,
0x00000000,
0x00000000,
0x00000000,
0x00000000,
0x00000000,
0x00000000,
0x00000000,
0x00000000,
0x00000000,
0x00000000,
0x00000000,
0x00000000,
0x00000000,
0x00000000,
0x00000000,
0x00000000,
0x00000000,
0x00000000,
0x00000000,
0x00000000,
0x00000000,
0x00000000,
0x00000000,
0x00000000,
0x00000000,
0x00000000,
0x00000000,
0x00000000,
0x00000000,
0x00000000,
0x00000000,
0x00000000,
0x00000000,
0x00000000,
0x00000000,
0x00000000,
0x00000000,
0x00000000,
0x00000000,
0x00000000,
0x00000000,
0x00000000,
0x00000000,
0x00000000,
0x00000000,
0x00000000,
0x00000000,
0x00000000,
0x00000000,
0x00000000,
0x00000000,
0x00000000,
0x00000000,
0x00000000,
0x00000000,
0x00000000,
0x00000000,
0x00000000,
0x00000000,
0x00000000,
0x00000000,
0x00000000,
0x00000000,
0x00000000,
0x00000000,
0x00000000,
0x00000000,
0x00000000,
0x00000000,
0x00000000,
0x00000000,
0x00000000,
0x00000000,
0x00000000,
0x00000000,
0x00000000,
0x00000000,
0x00000000,
0x00000000,
0x00000000,
0x00000000,
0x00000000,
0x00000000,
0x00000000,
0x00000000,
0x00000000,
0x00000000,
0x00000000,
0x00000000,
0x00000000,
0x00000000,
0x00000000,
0x00000000,
0x00000000,
0x00000000,
0x00000000,
0x00000000,
0x00000000,
0x00000000,
0x00000000,
0x00000000,
0x00000000,
0x00000000,
0x00000000,
0x00000000,
0x00000000,
0x00000000,
0x00000000,
0x00000000,
0x00000000,
0x00000000,
0x00000000,
0x00000000,
0x00000000,
0x00000000,
0x00000000,
0x00000000,
0x00000000,
0x00000000,
0x00000000,
0x00000000,
0x00000000,
0x00000000,
0x00000000,
0x00000000,
0x00000000,
0x00000000,
0x00000000,
0x00000000,
0x00000000,
0x00000000,
0x00000000,
0x00000000,
0x00000000,
0x00000000,
0x00000000,
0x00000000,
0x00000000,
0x00000000,
0x00000000,
0x00000000,
0x00000000,
0x00000000,
0x00000000,
0x00000000,
0x00000000,
0x00000000,
0x00000000,
0x00000000,
0x00000000,
0x00000000,
0x00000000,
0x00000000,
0x00000000,
0x00000000,
0x00000000,
0x00000000,
0x00000000,
0x00000000,
0x00000000,
0x00000000,
0x00000000,
0x00000000,
0x00000000,
0x00000000,
0x00000000,
0x00000000,
0x00000000,
0x00000000,
0x00000000,
0x00000000,
0x00000000,
0x00000000,
0x00000000,
0x00000000,
0x00000000,
0x00000000,
0x00000000,
0x00000000,
0x00000000,
0x00000000,
0x00000000,
0x00000000,
0x00000000,
0x00000000,
0x00000000,
0x00000000,
0x00000000,
0x00000000,
0x00000000,
0x00000000,
0x00000000,
0x00000000,
0x00000000,
0x00000000,
0x00000000,
0x00000000,
0x00000000,
0x00000000,
0x00000000,
0x00000000,
0x00000000,
0x00000000,
0x00000000,
0x00000000,
0x00000000,
0x00000000,
0x00000000,
0x00000000,
0x00000000,
0x00000000,
0x00000000,
0x00000000,
0x00000000,
0x00000000,
0x00000000,
0x00000000,
0x00000000,
0x00000000,
0x00000000,
0x00000000,
0x00000000,
0x00000000,
0x00000000,
0x00000000,
0x00000000,
0x00000000,
0x00000000,
0x00000000,
0x00000000,
0x00000000,
0x00000000,
0x00000000,
0x00000000,
0x00000000,
0x00000000,
0x00000000,
0x00000000,
0x00000000,
0x00000000,
0x00000000,
0x00000000,
0x00000000,
0x00000000,
0x00000000,
0x00000000,
0x00000000,
0x00000000,
0x00000000,
0x00000000,
0x00000000,
0x00000000,
0x00000000,
0x00000000,
0x00000000,
0x00000000,
0x00000000,
0x00000000,
0x00000000,
0x00000000,
0x00000000,
0x00000000,
0x00000000,
0x00000000,
0x00000000,
0x00000000,
0x00000000,
0x00000000,
0x00000000,
0x00000000,
0x00000000,
0x00000000,
0x00000000,
0x00000000,
0x00000000,
0x00000000,
0x00000000,
0x00000000,
0x00000000,
0x00000000,
0x00000000,
0x00000000,
0x00000000,
0x00000000,
0x00000000,
0x00000000,
0x00000000,
0x00000000,
0x00000000,
0x00000000,
0x00000000,
0x00000000,
0x00000000,
0x00000000,
0x00000000,
0x00000000,
0x00000000,
0x00000000,
0x00000000,
0x00000000,
0x00000000,
0x00000000,
0x00000000,
0x00000000,
0x00000000,
0x00000000,
0x00000000,
0x00000000,
0x00000000,
0x00000000,
0x00000000,
0x00000000,
0x00000000,
0x00000000,
0x00000000,
0x00000000,
0x00000000,
0x00000000,
0x00000000,
0x00000000,
0x00000000,
0x00000000,
0x00000000,
0x00000000,
0x00000000,
0x00000000,
0x00000000,
0x00000000,
0x00000000,
0x00000000,
0x00000000,
0x00000000,
0x00000000,
0x00000000,
0x00000000,
0x00000000,
0x00000000,
0x00000000,
0x00000000,
0x00000000,
0x00000000,
0x00000000,
0x00000000,
0x00000000,
0x00000000,
0x00000000,
0x00000000,
0x00000000,
0x00000000,
0x00000000,
0x00000000,
0x00000000,
0x00000000,
0x00000000,
0x00000000,
0x00000000,
0x00000000,
0x00000000,
0x00000000,
0x00000000,
0x00000000,
0x00000000,
0x00000000,
0x00000000,
0x00000000,
0x00000000,
0x00000000,
0x00000000,
0x00000000,
0x00000000,
0x00000000,
0x00000000,
0x00000000,
0x00000000,
0x00000000,
0x00000000,
0x00000000,
0x00000000,
0x00000000,
0x00000000,
0x00000000,
0x00000000,
0x00000000,
0x00000000,
0x00000000,
0x00000000,
0x00000000,
0x00000000,
0x00000000,
0x00000000,
0x00000000,
0x00000000,
0x00000000,
0x00000000,
0x00000000,
0x00000000,
0x00000000,
0x00000000,
0x00000000,
0x00000000,
0x00000000,
0x00000000,
0x00000000,
0x00000000,
0x00000000,
0x00000000,
0x00000000,
0x00000000,
0x00000000,
0x00000000,
0x00000000,
0x00000000,
0x00000000,
0x00000000,
0x00000000,
0x00000000,
0x00000000,
0x00000000,
0x00000000,
0x00000000,
0x00000000,
0x00000000,
0x00000000,
0x00000000,
0x00000000,
0x00000000,
0x00000000,
0x00000000,
0x00000000,
0x00000000,
0x00000000,
0x00000000,
0x00000000,
0x00000000,
0x00000000,
0x00000000,
0x00000000,
0x00000000,
0x00000000,
0x00000000,
0x00000000,
0x00000000,
0x00000000,
0x00000000,
0x00000000,
0x00000000,
0x00000000,
0x00000000,
0x00000000,
0x00000000,
0x00000000,
0x00000000,
0x00000000,
0x00000000,
0x00000000,
0x00000000,
0x00000000,
0x00000000,
0x00000000,
0x00000000,
0x00000000,
0x00000000,
0x00000000,
0x00000000,
0x00000000,
0x00000000,
0x00000000,
0x00000000,
0x00000000,
0x00000000,
0x00000000,
0x00000000,
0x00000000,
0x00000000,
0x00000000,
0x00000000,
0x00000000,
0x00000000,
0x00000000,
0x00000000,
0x00000000,
0x00000000,
0x00000000,
0x00000000,
0x00000000,
0x00000000,
0x00000000,
0x00000000,
0x00000000,
0x00000000,
0x00000000,
0x00000000,
0x00000000,
0x00000000,
0x00000000,
0x00000000,
0x00000000,
0x00000000,
0x00000000,
0x00000000,
0x00000000,
0x00000000,
0x00000000,
0x00000000,
0x00000000,
0x00000000,
0x00000000,
0x00000000,
0x00000000,
0x00000000,
0x00000000,
0x00000000,
0x00000000,
0x00000000,
0x00000000,
0x00000000,
0x00000000,
0x00000000,
0x00000000,
0x00000000,
0x00000000,
0x00000000,
0x00000000,
0x00000000,
0x00000000,
0x00000000,
0x00000000,
0x00000000,
0x00000000,
0x00000000,
0x00000000,
0x00000000,
0x00000000,
0x00000000,
0x00000000,
0x00000000,
0x00000000,
0x00000000,
0x00000000,
0x00000000,
0x00000000,
0x00000000,
0x00000000,
0x00000000,
0x00000000,
0x00000000,
0x00000000,
0x00000000,
0x00000000,
0x00000000,
0x00000000,
0x00000000,
0x00000000,
0x00000000,
0x00000000,
0x00000000,
0x00000000,
0x00000000,
0x00000000,
0x00000000,
0x00000000,
0x00000000,
0x00000000,
0x00000000,
0x00000000,
0x00000000,
0x00000000,
0x00000000,
0x00000000,
0x00000000,
0x00000000,
0x00000000,
0x00000000,
0x00000000,
0x00000000,
0x00000000,
0x00000000,
0x00000000,
0x00000000,
0x00000000,
0x00000000,
0x00000000,
0x00000000,
0x00000000,
0x00000000,
0x00000000,
0x00000000,
0x00000000,
0x00000000,
0x00000000,
0x00000000,
0x00000000,
0x00000000,
0x00000000,
0x00000000,
0x00000000,
0x00000000,
0x00000000,
0x00000000,
0x00000000,
0x00000000,
0x00000000,
0x00000000,
0x00000000,
0x00000000,
0x00000000,
0x00000000,
0x00000000,
0x00000000,
0x00000000,
0x00000000,
0x00000000,
0x00000000,
0x00000000,
0x00000000,
0x00000000,
0x00000000,
0x00000000,
0x00000000,
0x00000000,
0x00000000,
0x00000000,
0x00000000,
0x00000000,
0x00000000,
0x00000000,
0x00000000,
0x00000000,
0x00000000,
0x00000000,
0x00000000,
0x00000000,
0x00000000,
0x00000000,
0x00000000,
0x00000000,
0x00000000,
0x00000000,
0x00000000,
0x00000000,
0x00000000,
0x00000000,
0x00000000,
0x00000000,
0x00000000,
0x00000000,
0x00000000,
0x00000000,
0x00000000,
0x00000000,
0x00000000,
0x00000000,
0x00000000,
0x00000000,
0x00000000,
0x00000000,
0x00000000,
0x00000000,
0x00000000,
0x00000000,
0x00000000,
0x00000000,
0x00000000,
0x00000000,
0x00000000,
0x00000000,
0x00000000,
0x00000000,
0x00000000,
0x00000000,
0x00000000,
0x00000000,
0x00000000,
0x00000000,
0x00000000,
0x00000000,
0x00000000,
0x00000000,
0x00000000,
0x00000000,
0x00000000,
0x00000000,
0x00000000,
0x00000000,
0x00000000,
0x00000000,
0x00000000,
0x00000000,
0x00000000,
0x00000000,
0x00000000,
0x00000000,
0x00000000,
0x00000000,
0x00000000,
0x00000000,
0x00000000,
0x00000000,
0x00000000,
0x00000000,
0x00000000,
0x00000000,
0x00000000,
0x00000000,
0x00000000,
0x00000000,
0x00000000,
0x00000000,
0x00000000,
0x00000000,
0x00000000,
0x00000000,
0x00000000,
0x00000000,
0x00000000,
0x00000000,
0x00000000,
0x00000000,
0x00000000,
0x00000000,
0x00000000,
0x00000000,
0x00000000,
0x00000000,
0x00000000,
0x00000000,
0x00000000,
0x00000000,
0x00000000,
0x00000000,
0x00000000,
0x00000000,
0x00000000,
0x00000000,
0x00000000,
0x00000000,
0x00000000,
0x00000000,
0x00000000,
0x00000000,
0x00000000,
0x00000000,
0x00000000,
0x00000000,
0x00000000,
0x00000000,
0x00000000,
0x00000000,
0x00000000,
0x00000000,
0x00000000,
0x00000000,
0x00000000,
0x00000000,
0x00000000,
0x00000000,
0x00000000,
0x00000000,
0x00000000,
0x00000000,
0x00000000,
0x00000000,
0x00000000,
0x00000000,
0x00000000,
0x00000000,
0x00000000,
0x00000000,
0x00000000,
0x00000000,
0x00000000,
0x00000000,
0x00000000,
0x00000000,
0x00000000,
0x00000000,
0x00000000,
0x00000000,
0x00000000,
0x00000000,
0x00000000,
0x00000000,
0x00000000,
0x00000000,
0x00000000,
0x00000000,
0x00000000,
0x00000000,
0x00000000,
0x00000000,
0x00000000,
0x00000000,
0x00000000,
0x00000000,
0x00000000,
0x00000000,
0x00000000,
0x00000000,
0x00000000,
0x00000000,
0x00000000,
0x00000000,
0x00000000,
0x00000000,
0x00000000,
0x00000000,
0x00000000,
0x00000000,
0x00000000,
0x00000000,
0x00000000,
0x00000000,
0x00000000,
0x00000000,
0x00000000,
0x00000000,
0x00000000,
0x00000000,
0x00000000,
0x00000000,
0x00000000,
0x00000000,
0x00000000,
0x00000000,
0x00000000,
0x00000000,
0x00000000,
0x00000000,
0x00000000,
0x00000000,
0x00000000,
0x00000000,
0x00000000,
0x00000000,
0x00000000,
0x00000000,
0x00000000,
0x00000000,
0x00000000,
0x00000000,
0x00000000,
0x00000000,
0x00000000,
0x00000000,
0x00000000,
0x00000000,
0x00000000,
0x00000000,
0x00000000,
0x00000000,
0x00000000,
0x00000000,
0x00000000,
0x00000000,
0x00000000,
0x00000000,
0x00000000,
0x00000000,
0x00000000,
0x00000000,
0x00000000,
0x00000000,
0x00000000,
0x00000000,
0x00000000,
0x00000000,
0x00000000,
0x00000000,
0x00000000,
0x00000000,
0x00000000,
0x00000000,
0x00000000,
0x00000000,
0x00000000,
0x00000000,
0x00000000,
0x00000000,
0x00000000,
0x00000000,
0x00000000,
0x00000000,
0x00000000,
0x00000000,
0x00000000,
0x00000000,
0x00000000,
0x00000000,
0x00000000,
0x00000000,
0x00000000,
0x00000000,
0x00000000,
0x00000000,
0x00000000,
0x00000000,
0x00000000,
0x00000000,
0x00000000,
0x00000000,
0x00000000,
0x00000000,
0x00000000,
0x00000000,
0x00000000,
0x00000000,
0x00000000,
0x00000000,
0x00000000,
0x00000000,
0x00000000,
0x00000000,
0x00000000,
0x00000000,
0x00000000,
0x00000000,
0x00000000,
0x00000000,
0x00000000,
0x00000000,
0x00000000,
0x00000000,
0x00000000,
0x00000000,
0x00000000,
0x00000000,
0x00000000,
0x00000000,
0x00000000,
0x00000000,
0x00000000,
0x00000000,
0x00000000,
0x00000000,
0x00000000,
0x00000000,
0x00000000,
0x00000000,
0x00000000,
0x00000000,
0x00000000,
0x00000000,
0x00000000,
0x00000000,
0x00000000,
0x00000000,
0x00000000,
0x00000000,
0x00000000,
0x00000000,
0x00000000,
0x00000000,
0x00000000,
0x00000000,
0x00000000,
0x00000000,
0x00000000,
0x00000000,
0x00000000,
0x00000000,
0x00000000,
0x00000000,
0x00000000,
0x00000000,
0x00000000,
0x00000000,
0x00000000,
0x00000000,
0x00000000,
0x00000000,
0x00000000,
0x00000000,
0x00000000,
0x00000000,
0x00000000,
0x00000000,
0x00000000,
0x00000000,
0x00000000,
0x00000000,
0x00000000,
0x00000000,
0x00000000,
0x00000000,
0x00000000,
0x00000000,
0x00000000,
0x00000000,
0x00000000,
0x00000000,
0x00000000,
0x00000000,
0x00000000,
0x00000000,
0x00000000,
0x00000000,
0x00000000,
0x00000000,
0x00000000,
0x00000000,
0x00000000,
0x00000000,
0x00000000,
0x00000000,
0x00000000,
0x00000000,
0x00000000,
0x00000000,
0x00000000,
0x00000000,
0x00000000,
0x00000000,
0x00000000,
0x00000000,
0x00000000,
0x00000000,
0x00000000,
0x00000000,
0x00000000,
0x00000000,
0x00000000,
0x00000000,
0x00000000,
0x00000000,
0x00000000,
0x00000000,
0x00000000,
0x00000000,
0x00000000,
0x00000000,
0x00000000,
0x00000000,
0x00000000,
0x00000000,
0x00000000,
0x00000000,
0x00000000,
0x00000000,
0x00000000,
0x00000000,
0x00000000,
0x00000000,
0x00000000,
0x00000000,
0x00000000,
0x00000000,
0x00000000,
0x00000000,
0x00000000,
0x00000000,
0x00000000,
0x00000000,
0x00000000,
0x00000000,
0x00000000,
0x00000000,
0x00000000,
0x00000000,
0x00000000,
0x00000000,
0x00000000,
0x00000000,
0x00000000,
0x00000000,
0x00000000,
0x00000000,
0x00000000,
0x00000000,
0x00000000,
0x00000000,
0x00000000,
0x00000000,
0x00000000,
0x00000000,
0x00000000,
0x00000000,
0x00000000,
0x00000000,
0x00000000,
0x00000000,
0x00000000,
0x00000000,
0x00000000,
0x00000000,
0x00000000,
0x00000000,
0x00000000,
0x00000000,
0x00000000,
0x00000000,
0x00000000,
0x00000000,
0x00000000,
0x00000000,
0x00000000,
0x00000000,
0x00000000,
0x00000000,
0x00000000,
0x00000000,
0x00000000,
0x00000000,
0x00000000,
0x00000000,
0x00000000,
0x00000000,
0x00000000,
0x00000000,
0x00000000,
0x00000000,
0x00000000,
0x00000000,
0x00000000,
0x00000000,
0x00000000,
0x00000000,
0x00000000,
0x00000000,
0x00000000,
0x00000000,
0x00000000,
0x00000000,
0x00000000,
0x00000000,
0x00000000,
0x00000000,
0x00000000,
0x00000000,
0x00000000,
0x00000000,
0x00000000,
0x00000000,
0x00000000,
0x00000000,
0x00000000,
0x00000000,
0x00000000,
0x00000000,
0x00000000,
0x00000000,
0x00000000,
0x00000000,
0x00000000,
0x00000000,
0x00000000,
0x00000000,
0x00000000,
0x00000000,
0x00000000,
0x00000000,
0x00000000,
0x00000000,
0x00000000,
0x00000000,
0x00000000,
0x00000000,
0x00000000,
0x00000000,
0x00000000,
0x00000000,
0x00000000,
0x00000000,
0x00000000,
0x00000000,
0x00000000,
0x00000000,
0x00000000,
0x00000000,
0x00000000,
0x00000000,
0x00000000,
0x00000000,
0x00000000,
0x00000000,
0x00000000,
0x00000000,
0x00000000,
0x00000000,
0x00000000,
0x00000000,
0x00000000,
0x00000000,
0x00000000,
0x00000000,
0x00000000,
0x00000000,
0x00000000,
0x00000000,
0x00000000,
0x00000000,
0x00000000,
0x00000000,
0x00000000,
0x00000000,
0x00000000,
0x00000000,
0x00000000,
0x00000000,
0x00000000,
0x00000000,
0x00000000,
0x00000000,
0x00000000,
0x00000000,
0x00000000,
0x00000000,
0x00000000,
0x00000000,
0x00000000,
0x00000000,
0x00000000,
0x00000000,
0x00000000,
0x00000000,
0x00000000,
0x00000000,
0x00000000,
0x00000000,
0x00000000,
0x00000000,
0x00000000,
0x00000000,
0x00000000,
0x00000000,
0x00000000,
0x00000000,
0x00000000,
0x00000000,
0x00000000,
0x00000000,
0x00000000,
0x00000000,
0x00000000,
0x00000000,
0x00000000,
0x00000000,
0x00000000,
0x00000000,
0x00000000,
0x00000000,
0x00000000,
0x00000000,
0x00000000,
0x00000000,
0x00000000,
0x00000000,
0x00000000,
0x00000000,
0x00000000,
0x00000000,
0x00000000,
0x00000000,
0x00000000,
0x00000000,
0x00000000,
0x00000000,
0x00000000,
0x00000000,
0x00000000,
0x00000000,
0x00000000,
0x00000000,
0x00000000,
0x00000000,
0x00000000,
0x00000000,
0x00000000,
0x00000000,
0x00000000,
0x00000000,
0x00000000,
0x00000000,
0x00000000,
0x00000000,
0x00000000,
0x00000000,
0x00000000,
0x00000000,
0x00000000,
0x00000000,
0x00000000,
0x00000000,
0x00000000,
0x00000000,
0x00000000,
0x00000000,
0x00000000,
0x00000000,
0x00000000,
0x00000000,
0x00000000,
0x00000000,
0x00000000,
0x00000000,
0x00000000,
0x00000000,
0x00000000,
0x00000000,
0x00000000,
0x00000000,
0x00000000,
0x00000000,
0x00000000,
0x00000000,
0x00000000,
0x00000000,
0x00000000,
0x00000000,
0x00000000,
0x00000000,
0x00000000,
0x00000000,
0x00000000,
0x00000000,
0x00000000,
0x00000000,
0x00000000,
0x00000000,
0x00000000,
0x00000000,
0x00000000,
0x00000000,
0x00000000,
0x00000000,
0x00000000,
0x00000000,
0x00000000,
0x00000000,
0x00000000,
0x00000000,
0x00000000,
0x00000000,
0x00000000,
0x00000000,
0x00000000,
0x00000000,
0x00000000,
0x00000000,
0x00000000,
0x00000000,
0x00000000,
0x00000000,
0x00000000,
0x00000000,
0x00000000,
0x00000000,
0x00000000,
0x00000000,
0x00000000,
0x00000000,
0x00000000,
0x00000000,
0x00000000,
0x00000000,
0x00000000,
0x00000000,
0x00000000,
0x00000000,
0x00000000,
0x00000000,
0x00000000,
0x00000000,
0x00000000,
0x00000000,
0x00000000,
0x00000000,
0x00000000,
0x00000000,
0x00000000,
0x00000000,
0x00000000,
0x00000000,
0x00000000,
0x00000000,
0x00000000,
0x00000000,
0x00000000,
0x00000000,
0x00000000,
0x00000000,
0x00000000,
0x00000000,
0x00000000,
0x00000000,
0x00000000,
0x00000000,
0x00000000,
0x00000000,
0x00000000,
0x00000000,
0x00000000,
0x00000000,
0x00000000,
0x00000000,
0x00000000,
0x00000000,
0x00000000,
0x00000000,
0x00000000,
0x00000000,
0x00000000,
0x00000000,
0x00000000,
0x00000000,
0x00000000,
0x00000000,
0x00000000,
0x00000000,
0x00000000,
0x00000000,
0x00000000,
0x00000000,
0x00000000,
0x00000000,
0x00000000,
0x00000000,
0x00000000,
0x00000000,
0x00000000,
0x00000000,
0x00000000,
0x00000000,
0x00000000,
0x00000000,
0x00000000,
0x00000000,
0x00000000,
0x00000000,
0x00000000,
0x00000000,
0x00000000,
0x00000000,
0x00000000,
0x00000000,
0x00000000,
0x00000000,
0x00000000,
0x00000000,
0x00000000,
0x00000000,
0x00000000,
0x00000000,
0x00000000,
0x00000000,
0x00000000,
0x00000000,
0x00000000,
0x00000000,
0x00000000,
0x00000000,
0x00000000,
0x00000000,
0x00000000,
0x00000000,
0x00000000,
0x00000000,
0x00000000,
0x00000000,
0x00000000,
0x00000000,
0x00000000,
0x00000000,
0x00000000,
0x00000000,
0x00000000,
0x00000000,
0x00000000,
0x00000000,
0x00000000,
0x00000000,
0x00000000,
0x00000000,
0x00000000,
0x00000000,
0x00000000,
0x00000000,
0x00000000,
0x00000000,
0x00000000,
0x00000000,
0x00000000,
0x00000000,
0x00000000,
0x00000000,
0x00000000,
0x00000000,
0x00000000,
0x00000000,
0x00000000,
0x00000000,
0x00000000,
0x00000000,
0x00000000,
0x00000000,
0x00000000,
0x00000000,
0x00000000,
0x00000000,
0x00000000,
0x00000000,
0x00000000,
0x00000000,
0x00000000,
0x00000000,
0x00000000,
0x00000000,
0x00000000,
0x00000000,
0x00000000,
0x00000000,
0x00000000,
0x00000000,
0x00000000,
0x00000000,
0x00000000,
0x00000000,
0x00000000,
0x00000000,
0x00000000,
0x00000000,
0x00000000,
0x00000000,
0x00000000,
0x00000000,
0x00000000,
0x00000000,
0x00000000,
0x00000000,
0x00000000,
0x00000000,
0x00000000,
0x00000000,
0x00000000,
0x00000000,
0x00000000,
0x00000000,
0x00000000,
0x00000000,
0x00000000,
0x00000000,
0x00000000,
0x00000000,
0x00000000,
0x00000000,
0x00000000,
0x00000000,
0x00000000,
0x00000000,
0x00000000,
0x00000000,
0x00000000,
0x00000000,
0x00000000,
0x00000000,
0x00000000,
0x00000000,
0x00000000,
0x00000000,
0x00000000,
0x00000000,
0x00000000,
0x00000000,
0x00000000,
0x00000000,
0x00000000,
0x00000000,
0x00000000,
0x00000000,
0x00000000,
0x00000000,
0x00000000,
0x00000000,
0x00000000,
0x00000000,
0x00000000,
0x00000000,
0x00000000,
0x00000000,
0x00000000,
0x00000000,
0x00000000,
0x00000000,
0x00000000,
0x00000000,
0x00000000,
0x00000000,
0x00000000,
0x00000000,
0x00000000,
0x00000000,
0x00000000,
0x00000000,
0x00000000,
0x00000000,
0x00000000,
0x00000000,
0x00000000,
0x00000000,
0x00000000,
0x00000000,
0x00000000,
0x00000000,
0x00000000,
0x00000000,
0x00000000,
0x00000000,
0x00000000,
0x00000000,
0x00000000,
0x00000000,
0x00000000,
0x00000000,
0x00000000,
0x00000000,
0x00000000,
0x00000000,
0x00000000,
0x00000000,
0x00000000,
0x00000000,
0x00000000,
0x00000000,
0x00000000,
0x00000000,
0x00000000,
0x00000000,
0x00000000,
0x00000000,
0x00000000,
0x00000000,
0x00000000,
0x00000000,
0x00000000,
0x00000000,
0x00000000,
0x00000000,
0x00000000,
0x00000000,
0x00000000,
0x00000000,
0x00000000,
0x00000000,
0x00000000,
0x00000000,
0x00000000,
0x00000000,
0x00000000,
0x00000000,
0x00000000,
0x00000000,
0x00000000,
0x00000000,
0x00000000,
0x00000000,
0x00000000,
0x00000000,
0x00000000,
0x00000000,
0x00000000,
0x00000000,
0x00000000,
0x00000000,
0x00000000,
0x00000000,
0x00000000,
0x00000000,
0x00000000,
0x00000000,
0x00000000,
0x00000000,
0x00000000,
0x00000000,
0x00000000,
0x00000000,
0x00000000,
0x00000000,
0x00000000,
0x00000000,
0x00000000,
0x00000000,
0x00000000,
0x00000000,
0x00000000,
0x00000000,
0x00000000,
0x00000000,
0x00000000,
0x00000000,
0x00000000,
0x00000000,
0x00000000,
0x00000000,
0x00000000,
0x00000000,
0x00000000,
0x00000000,
0x00000000,
0x00000000,
0x00000000,
0x00000000,
0x00000000,
0x00000000,
0x00000000,
0x00000000,
0x00000000,
0x00000000,
0x00000000,
0x00000000,
0x00000000,
0x00000000,
0x00000000,
0x00000000,
0x00000000,
0x00000000,
0x00000000,
0x00000000,
0x00000000,
0x00000000,
0x00000000,
0x00000000,
0x00000000,
0x00000000,
0x00000000,
0x00000000,
0x00000000,
0x00000000,
0x00000000,
0x00000000,
0x00000000,
0x00000000,
0x00000000,
0x00000000,
0x00000000,
0x00000000,
0x00000000,
0x00000000,
0x00000000,
0x00000000,
0x00000000,
0x00000000,
0x00000000,
0x00000000,
0x00000000,
0x00000000,
0x00000000,
0x00000000,
0x00000000,
0x00000000,
0x00000000,
0x00000000,
0x00000000,
0x00000000,
0x00000000,
0x00000000,
0x00000000,
0x00000000,
0x00000000,
0x00000000,
0x00000000,
0x00000000,
0x00000000,
0x00000000,
0x00000000,
0x00000000,
0x00000000,
0x00000000,
0x00000000,
0x00000000,
0x00000000,
0x00000000,
0x00000000,
0x00000000,
0x00000000,
0x00000000,
0x00000000,
0x00000000,
0x00000000,
0x00000000,
0x00000000,
0x00000000,
0x00000000,
0x00000000,
0x00000000,
0x00000000,
0x00000000,
0x00000000,
0x00000000,
0x00000000,
0x00000000,
0x00000000,
0x00000000,
0x00000000,
0x00000000,
0x00000000,
0x00000000,
0x00000000,
0x00000000,
0x00000000,
0x00000000,
0x00000000,
0x00000000,
0x00000000,
0x00000000,
0x00000000,
0x00000000,
0x00000000,
0x00000000,
0x00000000,
0x00000000,
0x00000000,
0x00000000,
0x00000000,
0x00000000,
0x00000000,
0x00000000,
0x00000000,
0x00000000,
0x00000000,
0x00000000,
0x00000000,
0x00000000,
0x00000000,
0x00000000,
0x00000000,
0x00000000,
0x00000000,
0x00000000,
0x00000000,
0x00000000,
0x00000000,
0x00000000,
0x00000000,
0x00000000,
0x00000000,
0x00000000,
0x00000000,
0x00000000,
0x00000000,
0x00000000,
0x00000000,
0x00000000,
0x00000000,
0x00000000,
0x00000000,
0x00000000,
0x00000000,
0x00000000,
0x00000000,
0x00000000,
0x00000000,
0x00000000,
0x00000000,
0x00000000,
0x00000000,
0x00000000,
0x00000000,
0x00000000,
0x00000000,
0x00000000,
0x00000000,
0x00000000,
0x00000000,
0x00000000,
0x00000000,
0x00000000,
0x00000000,
0x00000000,
0x00000000,
0x00000000,
0x00000000,
0x00000000,
0x00000000,
0x00000000,
0x00000000,
0x00000000,
0x00000000,
0x00000000,
0x00000000,
0x00000000,
0x00000000,
0x00000000,
0x00000000,
0x00000000,
0x00000000,
0x00000000,
0x00000000,
0x00000000,
0x00000000,
0x00000000,
0x00000000,
0x00000000,
0x00000000,
0x00000000,
0x00000000,
0x00000000,
0x00000000,
0x00000000,
0x00000000,
0x00000000,
0x00000000,
0x00000000,
0x00000000,
0x00000000,
0x00000000,
0x00000000,
0x00000000,
0x00000000,
0x00000000,
0x00000000,
0x00000000,
0x00000000,
0x00000000,
0x00000000,
0x00000000,
0x00000000,
0x00000000,
0x00000000,
0x00000000,
0x00000000,
0x00000000,
0x00000000,
0x00000000,
0x00000000,
0x00000000,
0x00000000,
0x00000000,
0x00000000,
0x00000000,
0x00000000,
0x00000000,
0x00000000,
0x00000000,
0x00000000,
0x00000000,
0x00000000,
0x00000000,
0x00000000,
0x00000000,
0x00000000,
0x00000000,
0x00000000,
0x00000000,
0x00000000,
0x00000000,
0x00000000,
0x00000000,
0x00000000,
0x00000000,
0x00000000,
0x00000000,
0x00000000,
0x00000000,
0x00000000,
0x00000000,
0x00000000,
0x00000000,
0x00000000,
0x00000000,
0x00000000,
0x00000000,
0x00000000,
0x00000000,
0x00000000,
0x00000000,
0x00000000,
0x00000000,
0x00000000,
0x00000000,
0x00000000,
0x00000000,
0x00000000,
0x00000000,
0x00000000,
0x00000000,
0x00000000,
0x00000000,
0x00000000,
0x00000000,
0x00000000,
0x00000000,
0x00000000,
0x00000000,
0x00000000,
0x00000000,
0x00000000,
0x00000000,
0x00000000,
0x00000000,
0x00000000,
0x00000000,
0x00000000,
0x00000000,
0x00000000,
0x00000000,
0x00000000,
0x00000000,
0x00000000,
0x00000000,
0x00000000,
0x00000000,
0x00000000,
0x00000000,
0x00000000,
0x00000000,
0x00000000,
0x00000000,
0x00000000,
0x00000000,
0x00000000,
0x00000000,
0x00000000,
0x00000000,
0x00000000,
0x00000000,
0x00000000,
0x00000000,
0x00000000,
0x00000000,
0x00000000,
0x00000000,
0x00000000,
0x00000000,
0x00000000,
0x00000000,
0x00000000,
0x00000000,
0x00000000,
0x00000000,
0x00000000,
0x00000000,
0x00000000,
0x00000000,
0x00000000,
0x00000000,
0x00000000,
0x00000000,
0x00000000,
0x00000000,
0x00000000,
0x00000000,
0x00000000,
0x00000000,
0x00000000,
0x00000000,
0x00000000,
0x00000000,
0x00000000,
0x00000000,
0x00000000,
0x00000000,
0x00000000,
0x00000000,
0x00000000,
0x00000000,
0x00000000,
0x00000000,
0x00000000,
0x00000000,
0x00000000,
0x00000000,
0x00000000,
0x00000000,
0x00000000,
0x00000000,
0x00000000,
0x00000000,
0x00000000,
0x00000000,
0x00000000,
0x00000000,
0x00000000,
0x00000000,
0x00000000,
0x00000000,
0x00000000,
0x00000000,
0x00000000,
0x00000000,
0x00000000,
0x00000000,
0x00000000,
0x00000000,
0x00000000,
0x00000000,
0x00000000,
0x00000000,
0x00000000,
0x00000000,
0x00000000,
0x00000000,
0x00000000,
0x00000000,
0x00000000,
0x00000000,
0x00000000,
0x00000000,
0x00000000,
0x00000000,
0x00000000,
0x00000000,
0x00000000,
0x00000000,
0x00000000,
0x00000000,
0x00000000,
0x00000000,
0x00000000,
0x00000000,
0x00000000,
0x00000000,
0x00000000,
0x00000000,
0x00000000,
0x00000000,
0x00000000,
0x00000000,
0x00000000,
0x00000000,
0x00000000,
0x00000000,
0x00000000,
0x00000000,
0x00000000,
0x00000000,
0x00000000,
0x00000000,
0x00000000,
0x00000000,
0x00000000,
0x00000000,
0x00000000,
0x00000000,
0x00000000,
0x00000000,
0x00000000,
0x00000000,
0x00000000,
0x00000000,
0x00000000,
0x00000000,
0x00000000,
0x00000000,
0x00000000,
0x00000000,
0x00000000,
0x00000000,
0x00000000,
0x00000000,
0x00000000,
0x00000000,
0x00000000,
0x00000000,
0x00000000,
0x00000000,
0x00000000,
0x00000000,
0x00000000,
0x00000000,
0x00000000,
0x00000000,
0x00000000,
0x00000000,
0x00000000,
0x00000000,
0x00000000,
0x00000000,
0x00000000,
0x00000000,
0x00000000,
0x00000000,
0x00000000,
0x00000000,
0x00000000,
0x00000000,
0x00000000,
0x00000000,
0x00000000,
0x00000000,
0x00000000,
0x00000000,
0x00000000,
0x00000000,
0x00000000,
0x00000000,
0x00000000,
0x00000000,
0x00000000,
0x00000000,
0x00000000,
0x00000000,
0x00000000,
0x00000000,
0x00000000,
0x00000000,
0x00000000,
0x00000000,
0x00000000,
0x00000000,
0x00000000,
0x00000000,
0x00000000,
0x00000000,
0x00000000,
0x00000000,
0x00000000,
0x00000000,
0x00000000,
0x00000000,
0x00000000,
0x00000000,
0x00000000,
0x00000000,
0x00000000,
0x00000000,
0x00000000,
0x00000000,
0x00000000,
0x00000000,
0x00000000,
0x00000000,
0x00000000,
0x00000000,
0x00000000,
0x00000000,
0x00000000,
0x00000000,
0x00000000,
0x00000000,
0x00000000,
0x00000000,
0x00000000,
0x00000000,
0x00000000,
0x00000000,
0x00000000,
0x00000000,
0x00000000,
0x00000000,
0x00000000,
0x00000000,
0x00000000,
0x00000000,
0x00000000,
0x00000000,
0x00000000,
0x00000000,
0x00000000,
0x00000000,
0x00000000,
0x00000000,
0x00000000,
0x00000000,
0x00000000,
0x00000000,
0x00000000,
0x00000000,
0x00000000,
0x00000000,
0x00000000,
0x00000000,
0x00000000,
0x00000000,
0x00000000,
0x00000000,
0x00000000,
0x00000000,
0x00000000,
0x00000000,
0x00000000,
0x00000000,
0x00000000,
0x00000000,
0x00000000,
0x00000000,
0x00000000,
0x00000000,
0x00000000,
0x00000000,
0x00000000,
0x00000000,
0x00000000,
0x00000000,
0x00000000,
0x00000000,
0x00000000,
0x00000000,
0x00000000,
0x00000000,
0x00000000,
0x00000000,
0x00000000,
0x00000000,
0x00000000,
0x00000000,
0x00000000,
0x00000000,
0x00000000,
0x00000000,
0x00000000,
0x00000000,
0x00000000,
0x00000000,
0x00000000,
0x00000000,
0x00000000,
0x00000000,
0x00000000,
0x00000000,
0x00000000,
0x00000000,
0x00000000,
0x00000000,
0x00000000,
0x00000000,
0x00000000,
0x00000000,
0x00000000,
0x00000000,
0x00000000,
0x00000000,
0x00000000,
0x00000000,
0x00000000,
0x00000000,
0x00000000,
0x00000000,
0x00000000,
0x00000000,
0x00000000,
0x00000000,
0x00000000,
0x00000000,
0x00000000,
0x00000000,
0x00000000,
0x00000000,
0x00000000,
0x00000000,
0x00000000,
0x00000000,
0x00000000,
0x00000000,
0x00000000,
0x00000000,
0x00000000,
0x00000000,
0x00000000,
0x00000000,
0x00000000,
0x00000000,
0x00000000,
0x00000000,
0x00000000,
0x00000000,
0x00000000,
0x00000000,
0x00000000,
0x00000000,
0x00000000,
0x00000000,
0x00000000,
0x00000000,
0x00000000,
0x00000000,
0x00000000,
0x00000000,
0x00000000,
0x00000000,
0x00000000,
0x00000000,
0x00000000,
0x00000000,
0x00000000,
0x00000000,
0x00000000,
0x00000000,
0x00000000,
0x00000000,
0x00000000,
0x00000000,
0x00000000,
0x00000000,
0x00000000,
0x00000000,
0x00000000,
0x00000000,
0x00000000,
0x00000000,
0x00000000,
0x00000000,
0x00000000,
0x00000000,
0x00000000,
0x00000000,
0x00000000,
0x00000000,
0x00000000,
0x00000000,
0x00000000,
0x00000000,
0x00000000,
0x00000000,
0x00000000,
0x00000000,
0x00000000,
0x00000000,
0x00000000,
0x00000000,
0x00000000,
0x00000000,
0x00000000,
0x00000000,
0x00000000,
0x00000000,
0x00000000,
0x00000000,
0x00000000,
0x00000000,
0x00000000,
0x00000000,
0x00000000,
0x00000000,
0x00000000,
0x00000000,
0x00000000,
0x00000000,
0x00000000,
0x00000000,
0x00000000,
0x00000000,
0x00000000,
0x00000000,
0x00000000,
0x00000000,
0x00000000,
0x00000000,
0x00000000,
0x00000000,
0x00000000,
0x00000000,
0x00000000,
0x00000000,
0x00000000,
0x00000000,
0x00000000,
0x00000000,
0x00000000,
0x00000000,
0x00000000,
0x00000000,
0x00000000,
0x00000000,
0x00000000,
0x00000000,
0x00000000,
0x00000000,
0x00000000,
0x00000000,
0x00000000,
0x00000000,
0x00000000,
0x00000000,
0x00000000,
0x00000000,
0x00000000,
0x00000000,
0x00000000,
0x00000000,
0x00000000,
0x00000000,
0x00000000,
0x00000000,
0x00000000,
0x00000000,
0x00000000,
0x00000000,
0x00000000,
0x00000000,
0x00000000,
0x00000000,
0x00000000,
0x00000000,
0x00000000,
0x00000000,
0x00000000,
0x00000000,
0x00000000,
0x00000000,
0x00000000,
0x00000000,
0x00000000,
0x00000000,
0x00000000,
0x00000000,
0x00000000,
0x00000000,
0x00000000,
0x00000000,
0x00000000,
0x00000000,
0x00000000,
0x00000000,
0x00000000,
0x00000000,
0x00000000,
0x00000000,
0x00000000,
0x00000000,
0x00000000,
0x00000000,
0x00000000,
0x00000000,
0x00000000,
0x00000000,
0x00000000,
0x00000000,
0x00000000,
0x00000000,
0x00000000,
0x00000000,
0x00000000,
0x00000000,
0x00000000,
0x00000000,
0x00000000,
0x00000000,
0x00000000,
0x00000000,
0x00000000,
0x00000000,
0x00000000,
0x00000000,
0x00000000,
0x00000000,
0x00000000,
0x00000000,
0x00000000,
0x00000000,
0x00000000,
0x00000000,
0x00000000,
0x00000000,
0x00000000,
0x00000000,
0x00000000,
0x00000000,
0x00000000,
0x00000000,
0x00000000,
0x00000000,
0x00000000,
0x00000000,
0x00000000,
0x00000000,
0x00000000,
0x00000000,
0x00000000,
0x00000000,
0x00000000,
0x00000000,
0x00000000,
0x00000000,
0x00000000,
0x00000000,
0x00000000,
0x00000000,
0x00000000,
0x00000000,
0x00000000,
0x00000000,
0x00000000,
0x00000000,
0x00000000,
0x00000000,
0x00000000,
0x00000000,
0x00000000,
0x00000000,
0x00000000,
0x00000000,
0x00000000,
0x00000000,
0x00000000,
0x00000000,
0x00000000,
0x00000000,
0x00000000,
0x00000000,
0x00000000,
0x00000000,
0x00000000,
0x00000000,
0x00000000,
0x00000000,
0x00000000,
0x00000000,
0x00000000,
0x00000000,
0x00000000,
0x00000000,
0x00000000,
0x00000000,
0x00000000,
0x00000000,
0x00000000,
0x00000000,
0x00000000,
0x00000000,
0x00000000,
0x00000000,
0x00000000,
0x00000000,
0x00000000,
0x00000000,
0x00000000,
0x00000000,
0x00000000,
0x00000000,
0x00000000,
0x00000000,
0x00000000,
0x00000000,
0x00000000,
0x00000000,
0x00000000,
0x00000000,
0x00000000,
0x00000000,
0x00000000,
0x00000000,
0x00000000,
0x00000000,
0x00000000,
0x00000000,
0x00000000,
0x00000000,
0x00000000,
0x00000000,
0x00000000,
0x00000000,
0x00000000,
0x00000000,
0x00000000,
0x00000000,
0x00000000,
0x00000000,
0x00000000,
0x00000000,
0x00000000,
0x00000000,
0x00000000,
0x00000000,
0x00000000,
0x00000000,
0x00000000,
0x00000000,
0x00000000,
0x00000000,
0x00000000,
0x00000000,
0x00000000,
0x00000000,
0x00000000,
0x00000000,
0x00000000,
0x00000000,
0x00000000,
0x00000000,
0x00000000,
0x00000000,
0x00000000,
0x00000000,
0x00000000,
0x00000000,
0x00000000,
0x00000000,
0x00000000,
0x00000000,
0x00000000,
0x00000000,
0x00000000,
0x00000000,
0x00000000,
0x00000000,
0x00000000,
0x00000000,
0x00000000,
0x00000000,
0x00000000,
0x00000000,
0x00000000,
0x00000000,
0x00000000,
0x00000000,
0x00000000,
0x00000000,
0x00000000,
0x00000000,
0x00000000,
0x00000000,
0x00000000,
0x00000000,
0x00000000,
0x00000000,
0x00000000,
0x00000000,
0x00000000,
0x00000000,
0x00000000,
0x00000000,
0x00000000,
0x00000000,
0x00000000,
0x00000000,
0x00000000,
0x00000000,
0x00000000,
0x00000000,
0x00000000,
0x00000000,
0x00000000,
0x00000000,
0x00000000,
0x00000000,
0x00000000,
0x00000000,
0x00000000,
0x00000000,
0x00000000,
0x00000000,
0x00000000,
0x00000000,
0x00000000,
0x00000000,
0x00000000,
0x00000000,
0x00000000,
0x00000000,
0x00000000,
0x00000000,
0x00000000,
0x00000000,
0x00000000,
0x00000000,
0x00000000,
0x00000000,
0x00000000,
0x00000000,
0x00000000,
0x00000000,
0x00000000,
0x00000000,
0x00000000,
0x00000000,
0x00000000,
0x00000000,
0x00000000,
0x00000000,
0x00000000,
0x00000000,
0x00000000,
0x00000000,
0x00000000,
0x00000000,
0x00000000,
0x00000000,
0x00000000,
0x00000000,
0x00000000,
0x00000000,
0x00000000,
0x00000000,
0x00000000,
0x00000000,
0x00000000,
0x00000000,
0x00000000,
0x00000000,
0x00000000,
0x00000000,
0x00000000,
0x00000000,
0x00000000,
0x00000000,
};

#endif