//Out type = 1
#ifndef _RANGESCAN_LPDDR4_
#define _RANGESCAN_LPDDR4_
//bin2byte_linux version : 2022-0629-1.0007
//Reading '../output/LD98690A.bin'...
//file size = 98304
//../output/LD98690A.bin to function = ddr_scan data width[4] total size[98304]
//DR[2024-7-18-13]:LD[1.5.4]
unsigned int ddr_scan[] = {
0xf0d40028,
0xf0d40000,
0x00003988,
0xe0800500,
0xf0d40070,
0x0000ad56,
0x0001b230,
0x0001b4b4,
0x00000000,
0x00018000,
0xea0002da,
0xffffffff,
0x406aaa55,
0xf0000004,
0x13040005,
0xf0208000,
0xf10200b0,
0x00000028,
0xf1020010,
0x00000002,
0xf10200b0,
0x00000034,
0xf00200b0,
0x01100003,
0xf1130000,
0x0000003e,
0x00000000,
0x00000000,
0x48210000,
0x15044dc9,
0x0000d93c,
0x00020000,
0x00000000,
0x00000000,
0xc0000000,
0xffffffff,
0x00000000,
0x00000000,
0xffffffff,
0xffffffff,
0xffffffff,
0xffffffff,
0xffffffff,
0xffffffff,
0xffffffff,
0xffffffff,
0xffffffff,
0xffffffff,
0xffffffff,
0xffffffff,
0xffffffff,
0xffffffff,
0xffffffff,
0xffffffff,
0xffffffff,
0xffffffff,
0xffffffff,
0xffffffff,
0xffffffff,
0xffffffff,
0xffffffff,
0xffffffff,
0xffffffff,
0xffffffff,
0xffffffff,
0xffffffff,
0xffffffff,
0xffffffff,
0xffffffff,
0xffffffff,
0xffffffff,
0xffffffff,
0xffffffff,
0xffffffff,
0xffffffff,
0xffffffff,
0xffffffff,
0xffffffff,
0xffffffff,
0xffffffff,
0xffffffff,
0xffffffff,
0xffffffff,
0xffffffff,
0xffffffff,
0xffffffff,
0xffffffff,
0xffffffff,
0xffffffff,
0xffffffff,
0xffffffff,
0xffffffff,
0xffffffff,
0xffffffff,
0xffffffff,
0xffffffff,
0xffffffff,
0xffffffff,
0xffffffff,
0xffffffff,
0xffffffff,
0xffffffff,
0xffffffff,
0xffffffff,
0xffffffff,
0xffffffff,
0xffffffff,
0xffffffff,
0xffffffff,
0xffffffff,
0xffffffff,
0xffffffff,
0xffffffff,
0xffffffff,
0xffffffff,
0xffffffff,
0xffffffff,
0xffffffff,
0xffffffff,
0xffffffff,
0xffffffff,
0xffffffff,
0xffffffff,
0xffffffff,
0xffffffff,
0xffffffff,
0xffffffff,
0xffffffff,
0xffffffff,
0xffffffff,
0xffffffff,
0xffffffff,
0xffffffff,
0xffffffff,
0xffffffff,
0xffffffff,
0xffffffff,
0xffffffff,
0xffffffff,
0xffffffff,
0xffffffff,
0xffffffff,
0xffffffff,
0xffffffff,
0xffffffff,
0xffffffff,
0xffffffff,
0xffffffff,
0xffffffff,
0xffffffff,
0xffffffff,
0xffffffff,
0xffffffff,
0xffffffff,
0xffffffff,
0xffffffff,
0xffffffff,
0xffffffff,
0xffffffff,
0xffffffff,
0xffffffff,
0xffffffff,
0xffffffff,
0xffffffff,
0xffffffff,
0xffffffff,
0xffffffff,
0xffffffff,
0xffffffff,
0xffffffff,
0xffffffff,
0xffffffff,
0xffffffff,
0xffffffff,
0xffffffff,
0xffffffff,
0xffffffff,
0xffffffff,
0xffffffff,
0xffffffff,
0xffffffff,
0xffffffff,
0xffffffff,
0xffffffff,
0xffffffff,
0xffffffff,
0xffffffff,
0xffffffff,
0xffffffff,
0xffffffff,
0xffffffff,
0xffffffff,
0x10230822,
0x0058e000,
0xc1088020,
0x00001010,
0x00210044,
0x000800cb,
0x00610000,
0x40030834,
0x00d20000,
0x00000d05,
0x0074003f,
0x00710000,
0x00100004,
0x0064004d,
0x001e004d,
0x2221242d,
0x00090841,
0x0914171a,
0x00f0f00c,
0x14040814,
0x02061111,
0x0202000a,
0x00000602,
0x00000000,
0x00000000,
0x1a020010,
0x0e100002,
0x0000019e,
0xd42b0021,
0x03600100,
0x03a08211,
0x00000404,
0x06000604,
0x00000800,
0xffffffff,
0x08202800,
0x08282800,
0x40400000,
0x40400828,
0x40401030,
0x40400828,
0x18003818,
0x08085044,
0x20120000,
0x00000027,
0x01740000,
0x0371023f,
0x184a0b64,
0x17000000,
0x2000042a,
0x0000161e,
0x00020000,
0x20202020,
0x20202020,
0x38080030,
0x00000000,
0x00000000,
0x00000000,
0x00000000,
0x00000000,
0x00000000,
0x00000000,
0x00000000,
0x00000000,
0x00000000,
0x00000000,
0x00000000,
0x00000000,
0x00000000,
0x00000000,
0x00000000,
0x00000000,
0x00000000,
0x1b0f8000,
0x22010500,
0x80100f00,
0x0f969608,
0xf50f92d0,
0x0f92090d,
0x92090df5,
0x090df50f,
0x0df50f92,
0xf50f9209,
0x0df50f92,
0xf50f9209,
0x0f92090d,
0x92090df5,
0x090df50f,
0x01f50f92,
0x02010102,
0x00010101,
0x00000000,
0x00f50f92,
0x20090df0,
0x00f50f92,
0x20090dc0,
0x00f50f92,
0x0f9220f0,
0x20c000f5,
0x00f50f92,
0x20090df0,
0x00f50f92,
0x20090dc0,
0x00f50f92,
0x0f9220f0,
0x20c000f5,
0x01020201,
0x01020201,
0x00010100,
0x00010100,
0x00000000,
0x00000000,
0x01010100,
0x01010101,
0x01010101,
0x01010101,
0x00010101,
0x00000000,
0x00000000,
0x241c0f80,
0x241c2424,
0x241c2424,
0x241c2424,
0x00002424,
0x00000700,
0x03000000,
0x02200000,
0x22204c22,
0x80102280,
0x38100834,
0xffffffff,
0x00000000,
0xc1088020,
0x00001010,
0x00000040,
0x00610130,
0x00000000,
0x4002061b,
0x00b4000e,
0x00009505,
0x0054002d,
0x00710008,
0x00040009,
0x00640046,
0x001e004d,
0x1a201a22,
0x00060631,
0x07101414,
0x00c0c000,
0x0f04080f,
0x02040c0c,
0x04020007,
0x00000402,
0x00000000,
0x00000000,
0x1a020010,
0x0c100002,
0x00000096,
0xd3200018,
0x02800100,
0x0392820d,
0x00000404,
0x06000604,
0x80000000,
0xffffffff,
0x00343400,
0x00343400,
0x40400000,
0x40400828,
0x40401030,
0x40400828,
0x18003818,
0x0d085044,
0x120e0000,
0x0000001e,
0x01540000,
0x0371022d,
0x4e4a0b64,
0x10008000,
0x08000010,
0x0000161e,
0x00020000,
0x2020241c,
0x1c202020,
0x1c241424,
0x00000000,
0x00000000,
0x00000000,
0x00000000,
0x00000000,
0x00000000,
0x00000000,
0x00000000,
0x00000000,
0x00000000,
0x00000000,
0x00000000,
0x00000000,
0x00000000,
0x00000000,
0x00000000,
0x00000000,
0x00000000,
0x1b0a8000,
0x22010500,
0x80100f00,
0x0f979708,
0xb50b92d0,
0x0b92090d,
0x92090db5,
0x090db50b,
0x0db50b92,
0xb50b9209,
0x0db50b92,
0xb50b9209,
0x0b92090d,
0x92090db5,
0x090db50b,
0x01b50b92,
0x01010101,
0x00010101,
0x00000000,
0x00b50b92,
0x20090d80,
0x00b50b92,
0x20090d80,
0x00b50b92,
0x0b922080,
0x208000b5,
0x00b50b92,
0x20090d80,
0x00b50b92,
0x20090d80,
0x00b50b92,
0x0b922080,
0x208000b5,
0x02020202,
0x02020202,
0x03030203,
0x03030203,
0x03030303,
0x03030303,
0x02020203,
0x02020202,
0x03030202,
0x03030303,
0x03030303,
0x03030303,
0x03030303,
0x24240f80,
0x24242424,
0x24242424,
0x24242424,
0x00002424,
0x0007ff00,
0xff000000,
0x02200007,
0x22204c22,
0x80102280,
0x00083810,
0x10230822,
0x0058e000,
0xc1088020,
0x00001010,
0x00210044,
0x000800cb,
0x00610000,
0x40030834,
0x00d20000,
0x00000d05,
0x0074003f,
0x00710000,
0x00100004,
0x0064004d,
0x001e004d,
0x2221242d,
0x00090841,
0x0914171a,
0x00f0f00c,
0x14040814,
0x02061111,
0x0202000a,
0x00000602,
0x00000000,
0x00000000,
0x1a020010,
0x0e100002,
0x0000019e,
0xd42b0021,
0x03600100,
0x03a08211,
0x00000404,
0x06000604,
0x00000800,
0xffffffff,
0x08202800,
0x08282800,
0x40400000,
0x40400828,
0x40401030,
0x40400828,
0x18003818,
0x08085044,
0x20120000,
0x00000027,
0x01740000,
0x0371023f,
0x184a0b64,
0x17000000,
0x2000042a,
0x0000161e,
0x00020000,
0x20202020,
0x20202020,
0x38080030,
0x00000000,
0x00000000,
0x00000000,
0x00000000,
0x00000000,
0x00000000,
0x00000000,
0x00000000,
0x00000000,
0x00000000,
0x00000000,
0x00000000,
0x00000000,
0x00000000,
0x00000000,
0x00000000,
0x00000000,
0x00000000,
0x1b0f8000,
0x22010500,
0x80100f00,
0x0f969608,
0xf50f92d0,
0x0f92090d,
0x92090df5,
0x090df50f,
0x0df50f92,
0xf50f9209,
0x0df50f92,
0xf50f9209,
0x0f92090d,
0x92090df5,
0x090df50f,
0x01f50f92,
0x02010102,
0x00010101,
0x00000000,
0x00f50f92,
0x20090df0,
0x00f50f92,
0x20090dc0,
0x00f50f92,
0x0f9220f0,
0x20c000f5,
0x00f50f92,
0x20090df0,
0x00f50f92,
0x20090dc0,
0x00f50f92,
0x0f9220f0,
0x20c000f5,
0x01020201,
0x01020201,
0x01010100,
0x01010100,
0x00000000,
0x00000000,
0x01010100,
0x01010101,
0x01010101,
0x01010101,
0x01010101,
0x01010101,
0x01010101,
0x241c0f80,
0x241c2424,
0x241c2424,
0x241c2424,
0x00002424,
0x00000700,
0x03000000,
0x02200000,
0x22204c22,
0x80102280,
0x00100838,
0xffffffff,
0x00000000,
0xc1088020,
0x00001010,
0x00000040,
0x00610130,
0x00000000,
0x4002061b,
0x00b4000e,
0x00009505,
0x0054002d,
0x00710008,
0x00040009,
0x00640046,
0x001e004d,
0x1a201a22,
0x00060631,
0x07101414,
0x00c0c000,
0x0f04080f,
0x02040c0c,
0x04020007,
0x00000402,
0x00000000,
0x00000000,
0x1a020010,
0x0c100002,
0x00000096,
0xd3200018,
0x02800100,
0x0392820d,
0x00000404,
0x06000604,
0x80000000,
0xffffffff,
0x00343400,
0x00343400,
0x40400000,
0x40400828,
0x40401030,
0x40400828,
0x18003818,
0x0d085044,
0x120e0000,
0x0000001e,
0x01540000,
0x0371022d,
0x4e4a0b64,
0x10008000,
0x08000010,
0x0000161e,
0x00020000,
0x2020241c,
0x1c202020,
0x1c241424,
0x00000000,
0x00000000,
0x00000000,
0x00000000,
0x00000000,
0x00000000,
0x00000000,
0x00000000,
0x00000000,
0x00000000,
0x00000000,
0x00000000,
0x00000000,
0x00000000,
0x00000000,
0x00000000,
0x00000000,
0x00000000,
0x1b0a8000,
0x22010500,
0x80100f00,
0x0f979708,
0xb50b92d0,
0x0b92090d,
0x92090db5,
0x090db50b,
0x0db50b92,
0xb50b9209,
0x0db50b92,
0xb50b9209,
0x0b92090d,
0x92090db5,
0x090db50b,
0x01b50b92,
0x01010101,
0x00010101,
0x00000000,
0x00b50b92,
0x20090d80,
0x00b50b92,
0x20090d80,
0x00b50b92,
0x0b922080,
0x208000b5,
0x00b50b92,
0x20090d80,
0x00b50b92,
0x20090d80,
0x00b50b92,
0x0b922080,
0x208000b5,
0x02020202,
0x02020202,
0x03030203,
0x03030203,
0x03030303,
0x03030303,
0x02020203,
0x02020202,
0x03030202,
0x03030303,
0x03030303,
0x03030303,
0x03030303,
0x24240f80,
0x24242424,
0x24242424,
0x24242424,
0x00002424,
0x0007ff00,
0xff000000,
0x02200007,
0x22204c22,
0x80102280,
0x00083810,
0xffffffff,
0xffffffff,
0xffffffff,
0xffffffff,
0xffffffff,
0xffffffff,
0xffffffff,
0xffffffff,
0xffffffff,
0xffffffff,
0xffffffff,
0xffffffff,
0xffffffff,
0xffffffff,
0xffffffff,
0xffffffff,
0xea0000e8,
0xe59ff014,
0xe59ff014,
0xe59ff014,
0xe59ff014,
0xe320f000,
0xe59ff010,
0xe59ff010,
0xf0d40f4c,
0xf0d40f90,
0xf0d40fd4,
0xf0d41018,
0xf0d4105c,
0xf0d41060,
0xf1080100,
0xf10c00c0,
0xf1020013,
0xee110f10,
0xe3c00a01,
0xe3c00b02,
0xe3c00004,
0xe3c00002,
0xe3c00001,
0xee010f10,
0xe59f04b4,
0xee0c0f10,
0xe59f04b0,
0xe3a01901,
0xe0811000,
0xe3a02000,
0xe4802004,
0xe1500001,
0x3afffffc,
0xe59fd498,
0xee110f10,
0xe3800a01,
0xee070f15,
0xee010f10,
0xe3a01000,
0xee081f13,
0xee081f17,
0xee071fd5,
0xee081f16,
0xee081f15,
0xee071f15,
0xf57ff04f,
0xf57ff06f,
0xe3a00000,
0xee400f10,
0xee300f10,
0xe2006007,
0xe2866004,
0xe7e931d0,
0xe16f5f13,
0xe2833001,
0xe1a04003,
0xe59f2440,
0xe5823000,
0xe59f343c,
0xe00306a0,
0xe59f2438,
0xe2801001,
0xe5821000,
0xe3a01000,
0xe3a03000,
0xe1a02511,
0xe1822613,
0xee072f56,
0xe2833001,
0xe1500003,
0xaafffff9,
0xe2811001,
0xe1510004,
0x1afffff5,
0xe3a00001,
0xee400f10,
0xee300f10,
0xe7e931d0,
0xe2833001,
0xe59f23f0,
0xe5823000,
0xe59f33e0,
0xe00306a0,
0xe59f23e4,
0xe2801001,
0xe5821000,
0xe3a00002,
0xee400f10,
0xee300f10,
0xe2006007,
0xe2866004,
0xe7e931d0,
0xe16f5f13,
0xe2833001,
0xe1a04003,
0xe59f23b8,
0xe5823000,
0xe59f33a0,
0xe00306a0,
0xe59f23ac,
0xe2801001,
0xe5821000,
0xe3a01000,
0xe3a03000,
0xe1a02511,
0xe2822002,
0xe1822613,
0xee072f56,
0xe2833001,
0xe1500003,
0xaafffff8,
0xe2811001,
0xe1510004,
0x1afffff4,
0xe59f0350,
0xe59f9370,
0xe5991084,
0xe2511001,
0xe59f2368,
0xe0823a01,
0xe7803101,
0xe2511001,
0x5afffffb,
0xe59f032c,
0xe3800b0f,
0xe3a010ff,
0xe59f234c,
0xe0823a01,
0xe7803101,
0xe2511001,
0x5afffffb,
0xe59f030c,
0xe59f1338,
0xe1800001,
0xe59f2334,
0xe5802000,
0xe59f02f8,
0xe3800df1,
0xe3a01003,
0xe59f2324,
0xe0823a01,
0xe7803101,
0xe2511001,
0x5afffffb,
0xe3a00000,
0xee020f50,
0xe59f02d0,
0xe3a01008,
0xe3811040,
0xe1800001,
0xee020f10,
0xe3e00000,
0xee030f10,
0xf57ff04f,
0xf57ff06f,
0xee110f10,
0xe3800001,
0xee010f10,
0xf57ff04f,
0xf57ff06f,
0xee110f10,
0xe3800a01,
0xe3800004,
0xee010f10,
0xf57ff04f,
0xf57ff06f,
0xee110f30,
0xe3800040,
0xee010f30,
0xe59f02b0,
0xe5901078,
0xe3a02001,
0xe1811682,
0xe5801078,
0xe59f02a0,
0xe59f12a0,
0xe5912108,
0xe5802024,
0xe3a02007,
0xe5802008,
0xfa0004dd,
0xe59f028c,
0xe5902038,
0xe7ef1052,
0xe3510000,
0x0a000023,
0xe7e037d1,
0xe3a04045,
0xe3530001,
0x1a000012,
0xe7e03751,
0xe3530001,
0x1a000005,
0xe3a04055,
0xe2800001,
0xe3500002,
0x0a00000b,
0xe1a02822,
0xeaffffef,
0xe7e45052,
0xe7e462d2,
0xe2854030,
0xe3550001,
0x0a000000,
0xea000003,
0xe0253006,
0xe223301f,
0xe3530000,
0x0a00000c,
0xe59f0220,
0xe3a01039,
0xe5801000,
0xe3a01038,
0xe5801000,
0xe3a01036,
0xe5801000,
0xe3a01039,
0xe5801000,
0xe3a01030,
0xe5801000,
0xe5804000,
0xeafffffe,
0xfa00048d,
0xfa00047b,
0xe59f01e8,
0xe59f11e8,
0xe3a02000,
0xe4802004,
0xe1500001,
0x3afffffc,
0xe59fd180,
0xfa0009d3,
0xe1a0f000,
0xe320f000,
0xe59f01bc,
0xe3a01052,
0xe5801000,
0xe3a01053,
0xe5801000,
0xe3a01054,
0xe5801000,
0xe590101c,
0xe201100f,
0xe2811030,
0xe5801000,
0xe590101c,
0xe1a01221,
0xe201100f,
0xe2811030,
0xe5801000,
0xeafffffe,
0xe59f0178,
0xe3a01055,
0xe5801000,
0xe3a01044,
0xe5801000,
0xe3a01046,
0xe5801000,
0xe590101c,
0xe201100f,
0xe2811030,
0xe5801000,
0xe590101c,
0xe1a01221,
0xe201100f,
0xe2811030,
0xe5801000,
0xeaffffed,
0xe59f0134,
0xe3a01053,
0xe5801000,
0xe3a01057,
0xe5801000,
0xe3a01049,
0xe5801000,
0xe590101c,
0xe201100f,
0xe2811030,
0xe5801000,
0xe590101c,
0xe1a01221,
0xe201100f,
0xe2811030,
0xe5801000,
0xeaffffdc,
0xe59f00f0,
0xe3a01050,
0xe5801000,
0xe3a01041,
0xe5801000,
0xe3a01042,
0xe5801000,
0xe590101c,
0xe201100f,
0xe2811030,
0xe5801000,
0xe590101c,
0xe1a01221,
0xe201100f,
0xe2811030,
0xe5801000,
0xeaffffcb,
0xe59f00ac,
0xe3a01041,
0xe5801000,
0xe3a01042,
0xe5801000,
0xe3a01054,
0xe5801000,
0xe590101c,
0xe201100f,
0xe2811030,
0xe5801000,
0xe590101c,
0xe1a01221,
0xe201100f,
0xe2811030,
0xe5801000,
0xeaffffba,
0xeafffffe,
0xeafffffe,
0x00000100,
0x00000010,
0x00000100,
0x00000010,
0x00000100,
0x00000010,
0xf0d40000,
0xf0d58000,
0xf0d5affc,
0xf0d41070,
0x00007fff,
0xf0d4106c,
0xf0d41078,
0xf0d41074,
0xf0d41068,
0xf0d41064,
0xf0d40300,
0x00015de6,
0xf0000de6,
0x00003c34,
0xf0d15de6,
0xf1015de6,
0xf0020000,
0xf0101000,
0xf0100000,
0xf0240000,
0xf0130000,
0x01000284,
0x01008400,
0x00000000,
0x4ff0e92d,
0x4616b08f,
0x46054699,
0xf8d7af02,
0x61f98058,
0xf0002800,
0x22048787,
0x46112400,
0x48bd2300,
0xf25ef0c6,
0x46232204,
0x94004611,
0xf0c648b9,
0x2204f269,
0x46112301,
0xf0c648b6,
0x2204f251,
0x46112301,
0x48b39400,
0xf25cf0c6,
0x46232205,
0x48b04611,
0xf244f0c6,
0x23012205,
0x48ad4611,
0xf23ef0c6,
0xf0022001,
0x7932faf9,
0x4baa4621,
0x601a48aa,
0x605a7972,
0x609a79b2,
0x23014622,
0xf22ef0c6,
0xf0022001,
0x221afae9,
0x46114623,
0xf0c648a3,
0x221af225,
0x46114623,
0x48a09400,
0xf230f0c6,
0xf0022001,
0x221afad9,
0x46112301,
0xf0c6489b,
0x9400f215,
0x4c9a221a,
0x46112301,
0xf0c64897,
0x2001f21f,
0xfac8f002,
0x46322307,
0x69f94628,
0x9000f8cd,
0x4b80f444,
0x8004f8cd,
0x0900f04f,
0xf146f0c0,
0x46582300,
0x4619461a,
0xf1f6f0c6,
0x464a464b,
0x46584649,
0x9000f8cd,
0xf200f0c6,
0xf0002d00,
0x220780e7,
0x4611464b,
0xf0c64880,
0x2301f1e5,
0x4611220b,
0xf0c64882,
0xf444f1df,
0x617b73d8,
0x697a2300,
0xf6a86013,
0xf5b36396,
0xf4447f05,
0xf20073da,
0xf24180d6,
0x601a3205,
0x73c8f444,
0x46286fb2,
0xf444601a,
0x6ff273ca,
0xf444601a,
0xf04f73cc,
0x601a62e0,
0x73d0f444,
0x601a4a71,
0x73d2f444,
0x1201f04f,
0x2200601a,
0x73d4f444,
0xf444601a,
0x607b7341,
0x68792301,
0xf044600b,
0x601a0330,
0xf0be61bb,
0x68b3f6f9,
0xf043b108,
0x60237340,
0x03d0f044,
0x462869f2,
0xf044601a,
0x6a3203d4,
0xf044601a,
0x6a7203d8,
0xf044601a,
0x6ab203dc,
0xf044601a,
0x6af203e0,
0xf044601a,
0x6b3203e4,
0xf044601a,
0x6b7203e8,
0xf044601a,
0x6bb203ec,
0xf0be601a,
0xb190f6d1,
0xf0be4628,
0xf46ff6d5,
0xf2406248,
0x44424329,
0xf0002800,
0x429a80b4,
0x809cf200,
0x03f4f044,
0x127ff640,
0x6bf2601a,
0x7380f444,
0x7a00f444,
0x7901f444,
0x7802f444,
0xf444601a,
0x6c327382,
0xf444601a,
0x6c727384,
0xf444601a,
0x6cb27386,
0xf444601a,
0x6cf27388,
0xf444601a,
0x6d32738a,
0xf444601a,
0x6d72738c,
0xf444601a,
0x6db2738e,
0xf444601a,
0x6df27390,
0xf444601a,
0x6e327392,
0xf444601a,
0x6e727398,
0xf444601a,
0x6eb2739a,
0xf444601a,
0x6ef2739c,
0x69fb601a,
0xf0002b00,
0x462884a9,
0xf67cf0be,
0x28004602,
0x4b27d07e,
0x7203f444,
0x3000f8ca,
0xf8c94b25,
0x23003000,
0x3000f8c8,
0xf4446013,
0xf6417304,
0x601a721f,
0x3208f04f,
0x7305f444,
0xf444601a,
0x601a7306,
0x7307f444,
0x720ff640,
0xf444601a,
0xf6437308,
0xe097723f,
0x462b221f,
0x48104611,
0xf0fef0c6,
0x220c2301,
0xf46fe717,
0xeb086148,
0xf5b20201,
0xd8027f05,
0x4207f640,
0xf6a8e721,
0xf5b23276,
0xd8027f85,
0x0203f640,
0xf240e719,
0xe7162202,
0xf0020090,
0xf0024c20,
0xf0020008,
0xf00200a0,
0xf0210000,
0xf0020070,
0x80400003,
0x001f1f07,
0x00080808,
0x0256f6a8,
0x432af240,
0xd804429a,
0x03f4f044,
0x426ff640,
0xf2a8e75c,
0x4598482b,
0xaf59f63f,
0x03f4f044,
0x626ff240,
0x429ae752,
0xf044d804,
0xf24003f4,
0xe74b726f,
0x0256f6a8,
0x432af240,
0xd9ed429a,
0x482bf2a8,
0xf63f4598,
0xf044af42,
0xf24003f4,
0xe73b526f,
0x2d004bdd,
0xf04f6959,
0xbf080308,
0x40192304,
0xf0004bda,
0x48da83fc,
0x613a60fb,
0xf1a8f0c5,
0x693a68fb,
0x3000f8ca,
0xf8c94bd6,
0xf4443000,
0xf8c87303,
0xf04f2000,
0x601a7280,
0x7304f444,
0x721ff641,
0xf444601a,
0x4acf7305,
0xf444601a,
0xf04f7306,
0x601a3207,
0x7307f444,
0x7207f640,
0xf444601a,
0xf6437308,
0x601a723f,
0x4380f444,
0x0370f043,
0x2230f46f,
0x4628601a,
0xf5baf0be,
0x0210f044,
0xb10868f3,
0x0330f043,
0xf0446013,
0xf04f0364,
0xf4440800,
0x613b7a48,
0x0901f04f,
0xf4446973,
0xf0416193,
0x693a0c04,
0x601348b7,
0x0368f044,
0x68fa60fb,
0x601369b3,
0x0350f044,
0x601a6932,
0x7317f444,
0x601a4ab1,
0x7319f444,
0x601a4ab0,
0x731bf444,
0xf444601a,
0x6f3273c0,
0xf444601a,
0x6f7273c2,
0xf044601a,
0xf8c30338,
0xf4448000,
0xf8d67310,
0x601a2080,
0x7311f444,
0xf8c32205,
0xf4448000,
0xf8c37343,
0xf4448000,
0x601a73e0,
0x4200f102,
0x7314f444,
0x52f8f502,
0xf444601a,
0xf2427315,
0x601a0210,
0x731cf444,
0x601a4a99,
0x731df444,
0x601a4a98,
0x6380f444,
0x601a2210,
0x42c0f44f,
0x0304f043,
0x8000f8ca,
0xf444601a,
0x601a6381,
0x6392f444,
0x9000f8c3,
0x0304f043,
0x4b8e6018,
0x498e600b,
0x1000f8cc,
0x6c94f444,
0x3000f8cc,
0x6c96f444,
0x0c04f04c,
0x2000f8cc,
0x6c97f444,
0x2000f8cc,
0x6ca8f444,
0x9000f8cc,
0x0c04f04c,
0x0000f8cc,
0x6ca9f444,
0x3000f8cc,
0x0c04f04c,
0x1000f8cc,
0x6caaf444,
0x3000f8cc,
0x6cacf444,
0x0c04f04c,
0x2000f8cc,
0x6cadf444,
0x2000f8cc,
0x6cbef444,
0x9000f8cc,
0x0c04f04c,
0x0000f8cc,
0x6cbff444,
0x3000f8cc,
0x0c04f04c,
0x1000f8cc,
0x6cc0f444,
0x3000f8cc,
0x6cc2f444,
0x0c04f04c,
0x2000f8cc,
0x6cc3f444,
0x2000f8cc,
0x6cd4f444,
0x9000f8cc,
0x0c04f04c,
0x0000f8cc,
0x6cd5f444,
0x3000f8cc,
0x0c04f04c,
0x1000f8cc,
0x6cd6f444,
0x3000f8cc,
0x6cd8f444,
0x0c04f04c,
0x2000f8cc,
0x6cd9f444,
0x2000f8cc,
0x6ceaf444,
0x9000f8cc,
0x0c04f04c,
0x0000f8cc,
0x6cebf444,
0x3000f8cc,
0x0c04f04c,
0x1000f8cc,
0x6cecf444,
0x3000f8cc,
0x6ceef444,
0x0c04f04c,
0x2000f8cc,
0x6ceff444,
0x2000f8cc,
0x6c00f444,
0x9000f8cc,
0x0c04f04c,
0x0000f8cc,
0x6c00f444,
0x0c08f04c,
0x3000f8cc,
0x6c00f444,
0x0c0cf04c,
0x1000f8cc,
0x6c01f444,
0x3000f8cc,
0x6c02f444,
0x0c04f04c,
0x2000f8cc,
0x6c02f444,
0x0c08f04c,
0x2000f8cc,
0x6c0bf444,
0x9000f8cc,
0x0c04f04c,
0x0000f8cc,
0x6c0bf444,
0x0c08f04c,
0x3000f8cc,
0x6c0bf444,
0x0c0cf04c,
0x1000f8cc,
0x6c0cf444,
0x3000f8cc,
0x6c0df444,
0x0c04f04c,
0x2000f8cc,
0x6c0df444,
0x0c08f04c,
0x2000f8cc,
0x6216f444,
0x9000f8c2,
0x0204f042,
0xf4446010,
0xf0426216,
0x46580208,
0x7b49f444,
0xf4446013,
0xf0426216,
0x6011020c,
0x6217f444,
0x60134641,
0x4642464b,
0x9000f8ca,
0xf704f0c5,
0x0360f044,
0x46414642,
0x464b60bb,
0xf0c568b8,
0x4643f6fb,
0x4649464a,
0xf0c569b8,
0x2203f6f5,
0x46114643,
0xf0c569b8,
0x4643f6ef,
0xbf00e018,
0xf0d40070,
0x001f1f19,
0xf0d42ab4,
0x00090909,
0x07070703,
0x02100b03,
0x20000001,
0x10000200,
0x04040208,
0x08400810,
0x02000400,
0x01100b03,
0x46414642,
0xf0c569b8,
0x4643f6cf,
0x46414642,
0xf0c54650,
0x4643f6c9,
0x46414642,
0xf0c56978,
0x464bf6c3,
0x46414642,
0xf0c54650,
0x464bf6bd,
0x46414642,
0xf8cd4658,
0xf0c58000,
0x464bf6c7,
0xf0002d00,
0x48d68282,
0x46112207,
0xf6acf0c5,
0xf04f2001,
0xf0010900,
0x697aff65,
0x0801f04f,
0xf8ca2320,
0x46499000,
0x60134658,
0x464a4643,
0x8000f8ca,
0x9000f8cd,
0xf6a8f0c5,
0xf0014640,
0x230aff51,
0x61a8f44f,
0x93004628,
0x461a2380,
0xf552f0c5,
0x221f2304,
0x4628216d,
0xf5abf0c5,
0x216e2217,
0xf0c54628,
0x2240f52d,
0x4628216f,
0xf528f0c5,
0x46424643,
0x46284649,
0xf59bf0c5,
0xf44f2340,
0x461a61a8,
0xf0c54628,
0x4643f594,
0x4649464a,
0x70def444,
0x9000f8cd,
0xf676f0c5,
0x464a687b,
0x9000f8ca,
0x68b84649,
0x9000f8c3,
0xf8c3697b,
0x464b8000,
0xf656f0c5,
0x464a69bb,
0x46584649,
0x9000f8c3,
0xf8ca4643,
0xf8cd8000,
0xf0c59000,
0x4643f65b,
0x2102464a,
0x0004f044,
0x9000f8cd,
0xf652f0c5,
0x681b693b,
0x0309f3c3,
0x68fb607b,
0xf3c3681b,
0x61bb4307,
0xe8934b99,
0xf1070007,
0xe9030330,
0x69fb0007,
0xf0002b00,
0x23088216,
0x0a10f044,
0x210f461a,
0x0014f044,
0xf622f0c5,
0x22044643,
0x46502105,
0xf61cf0c5,
0x464a4643,
0x46504649,
0xf616f0c5,
0x4643221f,
0x46504611,
0xf610f0c5,
0x4380f444,
0x0340f043,
0xf3c3681b,
0xb1130383,
0xf0402b0c,
0x213c81da,
0xf0c44881,
0x2200f711,
0x68794b7e,
0x0382eb03,
0x434b69db,
0xfbb321be,
0x3301f3f1,
0x69b9b93a,
0x434a223c,
0xfbb2215a,
0x3201f2f1,
0x220061ba,
0x69382109,
0xf5e8f0c5,
0xb12b69fb,
0x21172210,
0x69bb68f8,
0xf5e0f0c5,
0x8200f8df,
0x461a2301,
0xf8df4619,
0xf44491fc,
0xf04b4b87,
0xf04f0b08,
0xf8df5480,
0x68b8a1f0,
0xf5cef0c5,
0x61bb2300,
0x2301221c,
0x48654611,
0xf5c6f0c5,
0x23002210,
0x48634611,
0xf5c0f0c5,
0xf0012001,
0x2210fe7b,
0x46112301,
0xf0c5485e,
0x2001f5b7,
0xfe72f001,
0x2d004b5c,
0x8278f000,
0x601a2277,
0x485a4641,
0xf43af0c5,
0x48594641,
0xf436f0c5,
0x48584641,
0xf432f0c5,
0x48574641,
0xf42ef0c5,
0x48562100,
0xf42af0c5,
0x48552110,
0xf426f0c5,
0x71f1f640,
0xf0c54853,
0x4953f421,
0xf0c54853,
0x2103f41d,
0xf0c54648,
0x2101f419,
0xf0c54850,
0x2200f415,
0x46114648,
0xf56ff0c5,
0xd0f82800,
0x48424651,
0xf40af0c5,
0x48414651,
0xf406f0c5,
0x48404651,
0xf402f0c5,
0x483f4651,
0xf3fef0c5,
0x483e4621,
0xf3faf0c5,
0x71f1f640,
0xf0c5483d,
0x2103f3f5,
0xf0c54648,
0x2101f3f1,
0xf0c5483c,
0x2200f3ed,
0x46114648,
0xf547f0c5,
0xd0f82800,
0x482e4641,
0xf3e2f0c5,
0x482d4641,
0xf3def0c5,
0x482c4641,
0xf3daf0c5,
0x482b4641,
0xf3d6f0c5,
0x482a2100,
0xf3d2f0c5,
0x71e1f640,
0xf0c54829,
0x2103f3cd,
0xf0c54648,
0x2101f3c9,
0xf0c54828,
0x2200f3c5,
0x46114648,
0xf51ff0c5,
0xf0402800,
0x22018207,
0x46114648,
0xf517f0c5,
0xf0002800,
0x0d2481ef,
0x481f4629,
0xf0c44622,
0x481ef62f,
0x220c2307,
0xf8cb210e,
0xf0c54000,
0x4628f517,
0xf276f0be,
0xd0482800,
0xf04f2400,
0x48170801,
0xf61cf0c4,
0x220f4623,
0x462869f9,
0x4800e9cd,
0xbf00e02c,
0xf0020090,
0xf0d42a88,
0xf0d42abc,
0xf002008c,
0xf00200ac,
0xf0230000,
0xf02310d0,
0xf02310d4,
0xf02310d8,
0xf02310dc,
0xf0231064,
0xf0231068,
0xf0231060,
0x00100030,
0xf0231054,
0xf023105c,
0xf0d42ad6,
0xf002007c,
0xf0d42af3,
0x55aa55aa,
0xf02310a0,
0x12345678,
0xf1f6f0cb,
0x69f94622,
0xf0cc4628,
0x4642f59b,
0x69f94628,
0xf596f0cc,
0xf0c54628,
0x69fbf405,
0xf8d6b30b,
0x05db3088,
0x4628d51d,
0xf21af0be,
0xf0002800,
0x236c81a0,
0xf44f227f,
0x4628718a,
0xf3ddf0c5,
0xf240233d,
0x461a114d,
0xf0c54628,
0x2203f3d6,
0x71a7f44f,
0xf0c54628,
0x2102f357,
0xf0ce4628,
0x3734f185,
0xe8bd46bd,
0xf8ca8ff0,
0xf6413000,
0x4bc4721f,
0x3000f8c9,
0x7303f444,
0x1000f8c8,
0xf4446019,
0x601a7304,
0x3207f04f,
0x7305f444,
0xf444601a,
0x601a7306,
0x7307f444,
0x7207f640,
0xbb7af7ff,
0x4ab86df9,
0xb3594bb8,
0x48b860fb,
0xf0c4613a,
0x68fbf58b,
0xf8ca693a,
0xf04f2000,
0xf8c93201,
0xf04f3000,
0xf8c87380,
0xf4443000,
0x601a7303,
0x7304f444,
0x721ff641,
0xf04f601a,
0xf4443208,
0x601a7305,
0x7306f444,
0xf444601a,
0xf6407307,
0x601a0208,
0x7308f444,
0x2203f640,
0xbbe8f7ff,
0x2000f8ca,
0x3201f04f,
0x3000f8c9,
0x7380f04f,
0x3000f8c8,
0x7303f444,
0xf444601a,
0xf6417304,
0x601a721f,
0x3207f04f,
0x7305f444,
0xf444601a,
0x601a7306,
0x7307f444,
0x7207f240,
0xf444601a,
0xf6437308,
0xf7ff7203,
0x221fbbc3,
0x46114890,
0x2b02e57c,
0x215ad105,
0xf0c4488e,
0x4642f535,
0x2b04e622,
0x218cd105,
0xf0c4488a,
0x2202f52d,
0x21bee61a,
0xf0c44887,
0x2203f527,
0x69fbe614,
0x825cf8df,
0xa25cf8df,
0x617b4699,
0xb258f8df,
0x2301221c,
0x48804611,
0xf406f0c5,
0x23002210,
0x487e4611,
0xf400f0c5,
0xf0012001,
0x2210fcbb,
0x46112301,
0xf0c54879,
0x2001f3f7,
0xfcb2f001,
0x2d004b77,
0x809ef000,
0x601a2277,
0x48754641,
0xf27af0c5,
0x48744641,
0xf276f0c5,
0x48734641,
0xf272f0c5,
0x48724641,
0xf26ef0c5,
0x48712100,
0xf26af0c5,
0x48702110,
0xf266f0c5,
0x71f1f640,
0xf0c5486e,
0x496ef261,
0xf0c5486e,
0x2103f25d,
0xf0c54650,
0x2101f259,
0xf0c5486b,
0x2200f255,
0x46114650,
0xf3aff0c5,
0xd0f82800,
0x485d4659,
0xf24af0c5,
0x485c4659,
0xf246f0c5,
0x485b4659,
0xf242f0c5,
0x485a4659,
0xf23ef0c5,
0x0324f107,
0xf8534858,
0xf0c51029,
0xf640f237,
0x485771f1,
0xf232f0c5,
0x46502103,
0xf22ef0c5,
0x48562101,
0xf22af0c5,
0x46502200,
0xf0c54611,
0x2800f384,
0x4641d0f8,
0xf0c54847,
0x4641f21f,
0xf0c54846,
0x4641f21b,
0xf0c54845,
0x4641f217,
0xf0c54844,
0x2100f213,
0xf0c54843,
0xf640f20f,
0x484371e1,
0xf20af0c5,
0x46502103,
0xf206f0c5,
0x48422101,
0xf202f0c5,
0x46502200,
0xf0c54611,
0xbb48f35c,
0x46502201,
0xf0c54611,
0xb1a8f356,
0x482d4b3b,
0x0389eb03,
0xf0c468d9,
0x4b38f46f,
0xeb03687a,
0xf8d90989,
0x4353300c,
0x2226f240,
0xf3f2fbb3,
0xe5643301,
0xe7602207,
0xf0012064,
0x697bfc0b,
0x2b643301,
0xddd5617b,
0xf04f482d,
0xf0c40903,
0xe7e2f453,
0x0901f109,
0x0f03f1b9,
0xaf30f47f,
0xf0c44828,
0xe7d8f449,
0xe5862207,
0xf0012064,
0x69bbfbf1,
0x2b643301,
0xf77f61bb,
0x4822adf8,
0xf0c44629,
0xf44ff439,
0xe6065480,
0x5480f104,
0x4f10f1b4,
0xad54f47f,
0x481c4629,
0x2340e7f1,
0xf24022c0,
0x4628514c,
0xf23df0c5,
0xbf00e66b,
0x00080808,
0x001f1f19,
0x003f0909,
0xf0d42ab8,
0xf00200a0,
0xf0d42abc,
0xf002008c,
0xf00200ac,
0xf0230000,
0xf02310d0,
0xf02310d4,
0xf02310d8,
0xf02310dc,
0xf0231064,
0xf0231068,
0xf0231060,
0x00100030,
0xf0231054,
0xf023105c,
0xf0d42a88,
0xf0d42ac7,
0xf0d42aca,
0xf0d42ae2,
0xf0d42ae5,
0x55aa55aa,
0xf02310a0,
0x12345678,
0x4603220c,
0x482c4611,
0xf2d8f0c5,
0x462b220c,
0x95004611,
0xf0c54828,
0x220cf2e3,
0x46112301,
0xf0c54825,
0x220cf2cb,
0x46112301,
0x48229500,
0xf2d6f0c5,
0x462b2218,
0x48204611,
0xf2bef0c5,
0x23012218,
0x481d4611,
0xf2b8f0c5,
0x4c1c2001,
0xfb72f001,
0x4b1b7932,
0x601a481b,
0x605a7972,
0x609a79b2,
0x46112203,
0xf0c52301,
0x2001f2a7,
0xfb62f001,
0x462b2209,
0x480f4611,
0xf29ef0c5,
0x462b2209,
0x95004611,
0xf0c5480b,
0x2001f2a9,
0xfb52f001,
0x23012209,
0x48074611,
0xf28ef0c5,
0x23012209,
0x95004611,
0xf0c54803,
0x2001f299,
0xfb42f001,
0xb878f7ff,
0xf0020090,
0xf0020094,
0xf0200000,
0xf00244e0,
0xf0020000,
0xb5804b0d,
0x681baf00,
0xd50f0658,
0x490c4b0b,
0xf042681a,
0x601a0210,
0x60114a07,
0x07c96811,
0x681ad4fc,
0x0210f022,
0xbd80601a,
0xfb02f001,
0xd1eb2800,
0xbf00bd80,
0xf0060000,
0xf002007c,
0x5a960f00,
0x22014b03,
0xaf00b580,
0x2211601a,
0xbd80611a,
0xf0b70000,
0xf0004b14,
0x2200003f,
0x50c0f440,
0x2101b580,
0x601aaf00,
0xf8433330,
0x681a0c2c,
0x4a0e601a,
0x68196011,
0xd5fc07c9,
0xf0416811,
0x60110110,
0xd40c06c8,
0x07896819,
0x4908d5fc,
0x21006808,
0x681a6011,
0xd4fc07d2,
0x601a681a,
0x6811bd80,
0xbf00e7ee,
0xf0240000,
0xf0240020,
0xf0240008,
0xb5800442,
0xd502af00,
0x04430c00,
0xf410d407,
0xd0044300,
0x000df3c0,
0x20016008,
0x2000bd80,
0x0000bd80,
0x4ff0e92d,
0x48a4b08d,
0x4ca4af02,
0xf97ef001,
0xf1074ba3,
0x681b0a20,
0xbf082b0c,
0xbf182001,
0xf0002000,
0xf000ee38,
0x489efe63,
0xf96ef001,
0x2200489d,
0x46212300,
0x2308e9c7,
0x30107b43,
0x2c04f810,
0xeb03041b,
0xf8106302,
0x44132c01,
0x2c02f810,
0x2202eb03,
0xfab7f001,
0x46054b93,
0x4650623c,
0x627a69da,
0xf0018a9c,
0xb280fa9d,
0xd1654284,
0x429d6a7b,
0x488dd162,
0xfb90f001,
0x2400488c,
0xf942f001,
0x6316f44f,
0x617c225f,
0x627b623b,
0x4d894b88,
0x605c601c,
0x2328609a,
0x602b4a87,
0xf4436813,
0x60133380,
0xff3af7ff,
0x48854b84,
0xf0c4681e,
0x4884f2bd,
0x0107f006,
0x71e4f201,
0xf2b6f0c4,
0xf0c44881,
0xf3c6f2b3,
0x487e01c3,
0xf2aef0c4,
0xf0c4487d,
0xf3c6f2ab,
0x487a11c4,
0xf2a6f0c4,
0xf0c44879,
0xf3c6f2a3,
0x4876310f,
0xf29ef0c4,
0xf0c44876,
0x4a76f29b,
0x46936813,
0x0360f003,
0xd01c2b60,
0xf0036813,
0x2b200360,
0x6813d016,
0x0f60f013,
0x0302f04f,
0x2301bf08,
0xf1074699,
0xeb030318,
0x45a10684,
0x4b6ad10c,
0xf413681b,
0xf0007f40,
0xe7fe808e,
0xe79b4867,
0xf04f2401,
0xe7ec0902,
0x48654621,
0xf270f0c4,
0x4a654b64,
0xbf182c00,
0xf042461a,
0x46900304,
0xf003681b,
0x2b010307,
0xd16060fb,
0xf0136813,
0xd0080320,
0xf24022f0,
0x4620710b,
0xf068f0c5,
0xd1572800,
0x603368fb,
0x3000f8d8,
0x7340f003,
0x7f40f1b3,
0x4855d108,
0xf24af0c4,
0x23012216,
0x484c4611,
0xf134f0c5,
0xd0452c00,
0x681a4b50,
0xf8533308,
0x681b1c04,
0xea43041b,
0x43132301,
0x43532260,
0x627b0c5b,
0x8024f85a,
0x46414849,
0xf22ef0c4,
0x3000f8db,
0xd50a00da,
0xf0c44846,
0x2301f227,
0x46204642,
0x230f9300,
0xf0ce6831,
0xf8dbf69b,
0x009b3000,
0x4840d50a,
0xf218f0c4,
0x46422300,
0x93004620,
0x6831230f,
0xf68cf0ce,
0x3000f8db,
0xd50a0058,
0xf0c44839,
0x2300f209,
0x46204642,
0x230f9300,
0xf0ce6831,
0x3401f67d,
0xe77a3604,
0xe7a62302,
0x681a4b32,
0xf8533308,
0x681b1c04,
0xea43041b,
0x43132301,
0x43532260,
0x623b0c5b,
0x4b2ce7b8,
0x60fb695e,
0x6f80f016,
0x826ff000,
0x2303f3c6,
0x3104f3c6,
0x5370f103,
0x3380f503,
0x681a009b,
0x408b2301,
0xd14b4213,
0xf3c64822,
0xf0c47600,
0xf8dff1d3,
0xf8df8084,
0xe04a9084,
0xf0d42afa,
0xf1200000,
0xf0d70000,
0xf0d42b06,
0xf0d43988,
0xf0d40000,
0xf0d42b0c,
0xf0d42b20,
0xf0024420,
0xf00200b0,
0xf0020000,
0xf0d40078,
0xf0d42b26,
0xf0d42b37,
0xf0d42b3a,
0xf0d42be9,
0xf0060084,
0xf0020090,
0xf0d42b15,
0xf0d42b3c,
0xf0210000,
0xf0200000,
0xf0d42b49,
0xf0024c20,
0xf0d42b54,
0xf0d42b62,
0xf0d42b76,
0xf0d42b8c,
0xf00244e0,
0xf0d40070,
0xf0d42ba8,
0xf0d40710,
0xf0d40300,
0x8364f8df,
0x7640f3c6,
0x9360f8df,
0xf0c448b6,
0xf8d9f183,
0xf0133008,
0xd0070320,
0x3171f899,
0x0ff0f013,
0x2301bf08,
0x2302bf18,
0xf8d861bb,
0xf0133008,
0xd0070320,
0x3171f898,
0x0ff0f013,
0x2301bf08,
0x2302bf18,
0x2000f8d8,
0xf8d961fb,
0x48a61000,
0xf160f0c4,
0xf7ff2002,
0xf107fe01,
0xf7ff0114,
0x2801fe2d,
0x81e7f040,
0xf014697c,
0xf0040f10,
0xf0000a1f,
0xf1ca81db,
0xf4140a20,
0xea4f7f00,
0xf0041454,
0xf000041f,
0xf1c481d4,
0x46510420,
0x48964622,
0xf13ef0c4,
0x681b4b95,
0xd5030119,
0xf44f4a94,
0x60112170,
0xd50300da,
0xf44f4a91,
0x60110170,
0xd5030098,
0xf04f4a8e,
0x60116170,
0xd5030059,
0xf04f4a8b,
0x60114170,
0xda032b00,
0xf44f4a88,
0x60114170,
0xd503025a,
0xf44f4a86,
0x60112170,
0xd5030218,
0xf44f4a83,
0x60110170,
0xd50301d9,
0xf04f4a80,
0x60116170,
0xd503019a,
0xf04f4a7d,
0x60114170,
0xd503015b,
0xf44f4b7a,
0x601a4270,
0x2004f8d9,
0x43532360,
0x1e5a0c5b,
0x6fc8f5b2,
0x818af080,
0x63c8f44f,
0x2004f8d8,
0x2360623b,
0x0c5b4353,
0xf5b21e5a,
0xf0806fc8,
0xf44f81c9,
0x627b63c8,
0x6a39486c,
0xf0c46a7a,
0x4a6bf0e1,
0x03d96813,
0x486ad5fc,
0xf990f001,
0x22aa4b69,
0x7096f44f,
0x224a601a,
0x2207605a,
0xf001609a,
0x4b65f87d,
0x681a2032,
0x0202f042,
0x607b601a,
0xf874f001,
0x22024961,
0x600a2048,
0x60b9687b,
0xf022681a,
0x601a0201,
0x60104a5d,
0xf44f2243,
0x601a70fa,
0xf862f001,
0x230368b9,
0x600b4859,
0xf964f001,
0x68134a58,
0x0303f023,
0x0301f043,
0x682b6013,
0x0313f023,
0x682b602b,
0x0320f043,
0x682b602b,
0x0314f043,
0x682b602b,
0xd5fc071b,
0xf001484e,
0x682bf94b,
0x2000464a,
0x0308f043,
0x69b9602b,
0x6a3b9601,
0x46539300,
0xfd06f7fe,
0xb13b6a7b,
0x3600e9cd,
0x20014642,
0x462369f9,
0xfcfcf7fe,
0x4c4268fb,
0x0618695b,
0x81a6f140,
0xf0c44840,
0x2311f075,
0xf1074a3f,
0x60230518,
0x3344f04f,
0x2400493d,
0x6013483d,
0x60936053,
0x611360d3,
0xf2446153,
0x4b3a4244,
0x8118f8df,
0x601a4e39,
0x237ff503,
0x0288f502,
0x73e8f603,
0xf503601a,
0x4a3503c0,
0xf241601a,
0x4a341311,
0x4a346013,
0xf501600a,
0x600b1180,
0x1180f501,
0x4a31600a,
0x4b316013,
0xf000601c,
0x4830fead,
0xf8f4f001,
0xfcb4f7ff,
0x482e4621,
0xf038f0c4,
0x4a2e4b2d,
0xbf182c00,
0xf042461a,
0x46910304,
0xf003681b,
0xf1ba0a07,
0xf0400f01,
0x681380ac,
0x0320f013,
0x8155f000,
0xf24022f0,
0x4620710b,
0xf62ef0c4,
0xf0402800,
0xf8c5814b,
0xe045a000,
0xf0d42bad,
0xf0d42bb3,
0xf0d42bc8,
0xf0240034,
0xf0240048,
0xf0240050,
0xf0d42bd9,
0xf0020004,
0xf0d42bec,
0xf0024820,
0xf0028010,
0xf0028000,
0xf0028014,
0xf0d42bf5,
0xf0020010,
0xf0d42bfc,
0xf0010020,
0xf0d42bfe,
0xf03f0010,
0xf0cf0010,
0xf0d42c04,
0xf03f0028,
0xf0060084,
0x00222222,
0xf0bf0010,
0x00111111,
0xf0ff0010,
0xf0230000,
0xf0d42c10,
0xf0d42b3c,
0xf0210000,
0xf0200000,
0xf0d40918,
0xf0d40508,
0x40350e7c,
0x8000f8cb,
0x3000f8d9,
0x7340f003,
0x7f40f1b3,
0x4885d108,
0xf7c6f0c3,
0x23012216,
0x46304611,
0xf6b0f0c4,
0xf0002c00,
0x4b8080f0,
0x3308681a,
0x1c04f853,
0x041b681b,
0x2301ea43,
0x22604313,
0x0c5b4353,
0xf107627b,
0x48790320,
0x9024f853,
0xf0c34649,
0x6833f7a7,
0xd50a00d9,
0xf0c34875,
0x2301f7a1,
0x4620464a,
0x230f9300,
0xf0ce6829,
0x6833f415,
0xd50a009a,
0xf0c3486f,
0x2300f793,
0x4620464a,
0x230f9300,
0xf0ce6829,
0x6833f407,
0xd50a005b,
0xf0c34869,
0x2300f785,
0x4620464a,
0x230f9300,
0xf0ce6829,
0x3401f3f9,
0x2c023504,
0xaf3cf47f,
0xf3c6e7fe,
0xe5a07600,
0x0a10f10a,
0x3410e623,
0x2410e62b,
0xe62846a2,
0x60c8f46f,
0xf5b2181a,
0xd2027f85,
0x734af240,
0xf2a3e66e,
0xf5b2724b,
0xd8027f85,
0x0355f640,
0xf6a3e666,
0xf5b20256,
0xd8027f85,
0x6316f44f,
0xf46fe65e,
0x185a6116,
0x7f85f5b2,
0xf640d802,
0xe655236b,
0x226cf6a3,
0x7f85f5b2,
0xf640d202,
0xe64d3375,
0x3276f6a3,
0x7f85f5b2,
0xf44fd802,
0xe6456348,
0x6248f46f,
0xf5b2189a,
0xd8027f05,
0x6395f640,
0xf6a3e63c,
0xf5b26296,
0xd2027f85,
0x739ff640,
0xf5a3e634,
0xf5b2627a,
0xf63f7f85,
0xf241ae2f,
0xe62b03aa,
0x6ec8f46f,
0x020eeb03,
0x7f85f5b2,
0xf240d202,
0xe62e734a,
0x724bf2a3,
0x7f85f5b2,
0xf640d802,
0xe6260355,
0x0256f6a3,
0x7f85f5b2,
0xf44fd802,
0xe61e6316,
0x6c16f46f,
0x020ceb03,
0x7f85f5b2,
0xf640d802,
0xe614236b,
0x226cf6a3,
0x7f85f5b2,
0xf640d202,
0xe60c3375,
0x3276f6a3,
0x7f85f5b2,
0xf44fd802,
0xe6046348,
0x6048f46f,
0xf5b2181a,
0xd8027f05,
0x6395f640,
0xf6a3e5fb,
0xf5b26296,
0xd2027f85,
0x739ff640,
0xf5a3e5f3,
0xf5b2627a,
0xf63f7f85,
0xf241adee,
0xe5ea03aa,
0xe65b2301,
0x602b2302,
0x4b0de6fa,
0x3308681a,
0x1c04f853,
0x041b681b,
0x2301ea43,
0x22604313,
0x0c5b4353,
0xe70e623b,
0xf0d42b49,
0xf0024c20,
0xf0d42b54,
0xf0d42b62,
0xf0d42b76,
0xf0d42b8c,
0xf00244e0,
0xaf00b580,
0x0000bd80,
0x20000000,
0x40000000,
0x80000000,
0x000000a0,
0x00000104,
0x0000015e,
0x00000226,
0x0000003c,
0x0000005a,
0x0000008c,
0x000000be,
0x000a6b38,
0x000a3878,
0x43465274,
0x6e642520,
0x74000a73,
0x5274202c,
0x35204346,
0x736e3035,
0x6464000a,
0x20642572,
0x424d6425,
0x2c74000a,
0x72646420,
0x34206425,
0x4d363930,
0x77000a42,
0x6b326432,
0x645b000a,
0x635f7264,
0x69666e6f,
0x4c5b0067,
0x00414d5a,
0x4e550a0d,
0x214b4f5a,
0x550a0d00,
0x61465a4e,
0x00216c69,
0x414d5a4c,
0x520a005d,
0x65676e61,
0x6e616353,
0x72657620,
0x25005b3a,
0x002d0064,
0x4d415244,
0x73206425,
0x0a6e6163,
0x61756400,
0x6172206c,
0x000a6b6e,
0x5f726464,
0x65657073,
0x64252064,
0x7473000a,
0x20747261,
0x62796870,
0x20747369,
0x6e616373,
0x7473000a,
0x20747261,
0x76616568,
0x616f6c79,
0x63732064,
0x000a6e61,
0x72617473,
0x65682074,
0x6c797661,
0x2064616f,
0x63697571,
0x6373206b,
0x000a6e61,
0x0a6c6274,
0x6c627400,
0x69000a32,
0x7620696e,
0x305b7265,
0x2c782578,
0x25783020,
0x000a5d78,
0x745f717a,
0x5b6d6972,
0x202c7825,
0x0a5d7825,
0x72646400,
0x6570735f,
0x5b206465,
0x25206425,
0x000a5d64,
0x31555043,
0x20303034,
0x4e4f4400,
0x000a0d45,
0x7561003e,
0x000a6f74,
0x5f726464,
0x666e6f63,
0x005d6769,
0x20726464,
0x74696e69,
0x6e6f6420,
0x00000a65,
0xf0d42d09,
0xf0d42c39,
0xf0d42c8d,
0xf0d42d71,
0xf0d42c71,
0xf0d42c55,
0xb5804a04,
0x6813af00,
0xd5fc069b,
0x60184b02,
0xbf00bd80,
0xf0130014,
0xf0130000,
0xb5804a04,
0x6813af00,
0xd5fc07db,
0x68184b02,
0xbd80b2c0,
0xf0131014,
0xf0131000,
0xb5804a04,
0x6813af00,
0xd5fc069b,
0x60184b02,
0xbf00bd80,
0xf0131014,
0xf0131000,
0xb5804a04,
0x6813af00,
0xd5fc07db,
0x68184b02,
0xbd80b2c0,
0xf0130014,
0xf0130000,
0x211a4a14,
0xaf00b580,
0xf0436813,
0x60130301,
0x3280f502,
0x68133244,
0x1380f443,
0xf8526013,
0xf4233c04,
0xf8426380,
0x4b0b3c04,
0xf042781a,
0x701a0280,
0x70114a09,
0x71112100,
0xf002781a,
0x701a027f,
0xf042781a,
0x701a0203,
0xf8032207,
0xbd802c04,
0xf0010034,
0xf013000c,
0xf0130000,
0xaf00b580,
0xffccf7ff,
0x0000bd80,
0x211a4a13,
0xaf00b580,
0xf0436813,
0x60130310,
0xf0236f53,
0x67534340,
0x3280f502,
0x68133244,
0x1300f443,
0x4b0b6013,
0xf042781a,
0x701a0280,
0x70114a09,
0x71112100,
0xf002781a,
0x701a027f,
0xf042781a,
0x701a0203,
0xf8032207,
0xbd802c04,
0xf0010034,
0xf013100c,
0xf0131000,
0xaf00b580,
0xffcef7ff,
0x0000bd80,
0x22004b08,
0xaf00b580,
0x545a6959,
0x615a4906,
0x07d2780a,
0x4a05d5fc,
0xb2d27812,
0x69597002,
0xbd80545a,
0x01000290,
0xf0130014,
0xf0130000,
0xb5804b05,
0x781baf00,
0x0301f013,
0x4b03d001,
0x7003781b,
0xbf00bd80,
0xf0130014,
0xf0130000,
0x22004b13,
0xaf00b5f0,
0x69594d12,
0x545a4e12,
0x695a615a,
0xd9002a13,
0x7829bdf0,
0xd5f907c9,
0x46047831,
0x2908b2c9,
0x1b01f804,
0x5499695a,
0xb10ad104,
0x615a3a01,
0xe7ea4620,
0xd102290a,
0x70432300,
0x290dbdf0,
0x3201d0fa,
0xbf00e7f3,
0x01000290,
0xf0130014,
0xf0130000,
0x4604b5b0,
0x1845af00,
0xd10042ac,
0x4620bdb0,
0xf7ff3401,
0xe7f7ff9f,
0xe3500000,
0xe92d4800,
0xe28db004,
0x0a000003,
0xe3500001,
0xe59f000c,
0x13a00000,
0xe8bd8800,
0xe59f0004,
0xe8bd8800,
0xf0d42c2c,
0xf0d42c20,
0x00000000,
0xb5b04b07,
0xb933af00,
0x682a4d06,
0x1e44b11a,
0x0f01f814,
0xbdb0b900,
0x685b682b,
0xe7f74798,
0x00000000,
0xf0d42e70,
0xb5804b03,
0x6018af00,
0x6803b108,
0xbd804798,
0xf0d42e70,
0xb5804b02,
0x6818af00,
0xbf00bd80,
0xf0d42e70,
0x4604b598,
0x4803af00,
0xffd4f7ff,
0xf7ff4620,
0xbd98ffd1,
0x01000043,
0x4605b5b0,
0x460caf00,
0xf7ff4808,
0x4628ffc7,
0xffc4f7ff,
0xf7ff4806,
0x4620ffc1,
0xeba8f000,
0xffbcf7ff,
0xf7ff4803,
0xbdb0ffb9,
0x01000043,
0x0100003c,
0x01000040,
0x4ff8e92d,
0xaf004606,
0x46044688,
0xa054f8df,
0xb054f8df,
0x0308eb06,
0xd301429c,
0x8ff8e8bd,
0x1f25480e,
0xff9ef7ff,
0xf1044620,
0xf000090c,
0xf7ffeb84,
0x4650ff97,
0xff94f7ff,
0x0f04f855,
0xeb7af000,
0xff8ef7ff,
0xf7ff4658,
0x454dff8b,
0x4803d1f4,
0xf7ff3410,
0xe7dbff85,
0x0100003d,
0x01000040,
0x01000046,
0x01000049,
0x00f00000,
0xe92d4800,
0xe28db004,
0xeb00019c,
0xe8bd8800,
0xe59f300c,
0xe92d4800,
0xe28db004,
0xe5830000,
0xe8bd8800,
0xf0d42f7c,
0xe59f300c,
0xe92d4800,
0xe28db004,
0xe5930000,
0xe8bd8800,
0xf0d42f7c,
0xe59f3020,
0xe92d4800,
0xe28db004,
0xe5932080,
0xe3520000,
0x05930084,
0x016f0f10,
0x01a002a0,
0x13a00000,
0xe8bd8800,
0xf0050000,
0xe92d4800,
0xe30a3a55,
0xe28db004,
0xe1d003b0,
0xe0400003,
0xe16f0f10,
0xe1a002a0,
0xe8bd8800,
0x0203f022,
0x3804b580,
0x440aaf00,
0xd1004291,
0xf851bd80,
0xf8403b04,
0xe7f73f04,
0xaf00b5b0,
0x460d4604,
0xfc7ef000,
0xf6474b1a,
0x601a7224,
0x60144a19,
0x681a6055,
0x0201f042,
0x681a601a,
0x07d2681a,
0x4a15d4fc,
0x1e59086b,
0x68124359,
0xeb010849,
0xb2894112,
0x4811b1b9,
0xfc75f000,
0x48104621,
0xfc71f000,
0x480f4629,
0xfc6df000,
0x68134a0e,
0x0310f043,
0x4b0d6013,
0x601a4a0d,
0x68193a01,
0x601a430a,
0x4b0be7fe,
0x601a2203,
0xbf00bdb0,
0xf0208060,
0xf0208064,
0xf020806c,
0xf0d4315c,
0xf0d4316e,
0xf0d43177,
0xf002007c,
0xf0060000,
0x5a960002,
0xf02080a0,
0xf06f4b09,
0xb5800203,
0xaf004401,
0xf04f601a,
0x4a0633ff,
0x60536013,
0x22016093,
0x60184b04,
0xf8436059,
0xbd802c10,
0xf0200090,
0xf0200094,
0xf0200070,
0x22014b04,
0xaf00b580,
0x2200601a,
0x2c08f843,
0xbf00bd80,
0xf0200068,
0xb5804b06,
0x6818af00,
0x0001f010,
0x6859d005,
0xb2c94803,
0xfc15f000,
0xbd802001,
0xf0200068,
0xf0d43180,
0xe59f3018,
0xe92d4800,
0xe28db004,
0xe5930000,
0xe200000f,
0xe250000d,
0x13a00001,
0xe8bd8800,
0xf0010000,
0x63656863,
0x6d75736b,
0x766e6920,
0x64696c61,
0x7766003d,
0x64646120,
0x66003d72,
0x69732077,
0x003d657a,
0x4d415244,
0x6f727020,
0x74636574,
0x74206465,
0x67676972,
0x2c647265,
0x00484320,
0x00000000,
0x00000000,
0x00000000,
0x00000000,
0x00000000,
0x00000000,
0x00000000,
0x00000000,
0x00000000,
0x00000000,
0x00000000,
0x00000000,
0x00000000,
0x00000000,
0x00000000,
0x00000000,
0x00000000,
0x00000000,
0x00000000,
0x00000000,
0x00000000,
0x00000000,
0x00000000,
0x00000000,
0x00000000,
0x00000000,
0x00000000,
0x00000000,
0x00000000,
0x00000000,
0x00000000,
0x00000000,
0x00000000,
0x00000000,
0x00000000,
0x00000000,
0x00000000,
0x00000000,
0x00000000,
0x00000000,
0x00000000,
0x00000000,
0x00000000,
0x00000000,
0x00000000,
0x00000000,
0x00000000,
0x00000000,
0x00000000,
0x00000000,
0x00000000,
0x00000000,
0x00000000,
0x00000000,
0x00000000,
0x00000000,
0x00000000,
0x00000000,
0x00000000,
0x00000000,
0x00000000,
0x00000000,
0x00000000,
0x00000000,
0x00000000,
0x00000000,
0x00000000,
0x00000000,
0x00000000,
0x00000000,
0x00000000,
0x00000000,
0x00000000,
0x00000000,
0x00000000,
0x00000000,
0x00000000,
0x00000000,
0x00000000,
0x00000000,
0x00000000,
0x00000000,
0x00000000,
0x00000000,
0x00000000,
0x00000000,
0x00000000,
0x00000000,
0x00000000,
0x00000000,
0x00000000,
0x00000000,
0x00000000,
0x00000000,
0x00000000,
0x00000000,
0x00000000,
0x00000000,
0x00000000,
0x00000000,
0x00000000,
0x00000000,
0x00000000,
0x00000000,
0x00000000,
0x00000000,
0x00000000,
0x00000000,
0x00000000,
0x00000000,
0x00000000,
0x00000000,
0x00000000,
0x00000000,
0x00000000,
0x00000000,
0x00000000,
0x00000000,
0x00000000,
0x00000000,
0x00000000,
0x00000000,
0x00000000,
0x00000000,
0x00000000,
0x00000000,
0x00000000,
0x00000000,
0x00000000,
0x00000000,
0x00000000,
0x00000000,
0x00000000,
0x00000000,
0x00000000,
0x00000000,
0x00000000,
0x00000000,
0x00000000,
0x00000000,
0x00000000,
0x00000000,
0x00000000,
0x00000000,
0x00000000,
0x00000000,
0x00000000,
0x00000000,
0x00000000,
0x00000000,
0x00000000,
0x00000000,
0x00000000,
0x00000000,
0x00000000,
0x00000000,
0x00000000,
0x00000000,
0x00000000,
0x00000000,
0x00000000,
0x00000000,
0x00000000,
0x00000000,
0x00000000,
0x00000000,
0x00000000,
0x00000000,
0x00000000,
0x00000000,
0x00000000,
0x00000000,
0x00000000,
0x00000000,
0x00000000,
0x00000000,
0x00000000,
0x00000000,
0x00000000,
0x00000000,
0x00000000,
0x00000000,
0x00000000,
0x00000000,
0x00000000,
0x00000000,
0x00000000,
0x00000000,
0x00000000,
0x00000000,
0x00000000,
0x00000000,
0x00000000,
0x00000000,
0x00000000,
0x22004b02,
0xaf00b580,
0xbd80601a,
0xf0d431a0,
0xb5804a0a,
0x6813af00,
0xdc0d2b3f,
0x0182f103,
0xf8423301,
0x49060021,
0x68086013,
0x01c3eb02,
0x0033f842,
0x604b2300,
0xbf00bd80,
0xf0d431a0,
0xf0100108,
0x47f0e92d,
0x2400b082,
0xaf02481b,
0xf172f0c3,
0x4e1b4b1a,
0x93004a1b,
0xf506491b,
0x46357801,
0x4b1b481a,
0x906cf8df,
0xa074f8df,
0xf162f0c3,
0x429c682b,
0xf855db0c,
0x68aa3033,
0x48164915,
0x92001a9a,
0xf0c34a15,
0x46bdf155,
0x87f0e8bd,
0xf8561e63,
0xea232f08,
0x462173e3,
0x34014650,
0xf8553301,
0x1ad33033,
0x2300e9cd,
0xf858464a,
0xf0c33f04,
0xe7dbf13f,
0xf0d43590,
0xf0d435c9,
0xf0d431a0,
0xf0d435ad,
0xf0d435b2,
0xf0d435b5,
0xf0d435a3,
0xf0d42bfb,
0xf0d435ed,
0xf0d435e7,
0xf0d435d3,
0x656d6954,
0x6d617473,
0x6e412070,
0x7a796c61,
0x54000a65,
0x20656d69,
0x29737528,
0x6d614e00,
0x6f4e0065,
0x382d2500,
0x312d2573,
0x2d257336,
0x25097338,
0x0a73382d,
0x66694400,
0x75282066,
0x25002973,
0x36256432,
0x312d2573,
0x38257336,
0x38250975,
0x54000a75,
0x6c61746f,
0x73382500,
0x36312d25,
0x75382573,
0x75382509,
0x0000000a,
0xe59f3030,
0xe59f2030,
0xe00330a0,
0xe0400003,
0xe0003002,
0xe0020120,
0xe0833000,
0xe59f001c,
0xe0833223,
0xe0000003,
0xe0800400,
0xe0800800,
0xe1a00c20,
0xe12fff1e,
0x55555555,
0x33333333,
0x0f0f0f0f,
0x00000000,
0xe51ff004,
0x01000001,
0xb5804b09,
0x4909af00,
0x480969da,
0xf1a11a52,
0xf7ff616e,
0xf000fcd3,
0xf000f8d5,
0x4805f961,
0xf96cf000,
0xbd802000,
0xf0d40000,
0x0001b230,
0x01000000,
0x0100004c,
0xb5904913,
0x680baf00,
0xf0130c1b,
0xd11d0001,
0x0207f003,
0xd11a2a02,
0x69a24c0e,
0x0001f012,
0xf013d015,
0xd0120008,
0xf4424b0b,
0x68187280,
0x0020f040,
0x68086018,
0x2000f420,
0x20016008,
0xf0416819,
0x60190104,
0xbd9061a2,
0xbd902000,
0xf0a50004,
0xf0d40070,
0xf0a50010,
0xb5804b05,
0x699baf00,
0xd50305da,
0x68134a03,
0xd4fc075b,
0xbf00bd80,
0xf0d40070,
0xf0a50010,
0xb5804b0b,
0x681baf00,
0xf0130c1b,
0xd10c0001,
0x0307f003,
0xd1092b02,
0x20014b06,
0xf240699a,
0x43931301,
0x2000bf18,
0x2000bd80,
0xbf00bd80,
0xf0a50004,
0xf0d40070,
0xb5804b04,
0x6819af00,
0x1a52681a,
0xd3fb4282,
0xbf00bd80,
0xf0100108,
0xaf00b590,
0x68426804,
0x46032000,
0x42930852,
0xb280d101,
0xf834bd90,
0x44191013,
0x44083301,
0xe92de7f5,
0xaf0047f0,
0xd0462a00,
0x23012600,
0xe000f890,
0x5cc51c5c,
0xd13a45ae,
0xeb005d05,
0xb9450904,
0xe006f801,
0x36013302,
0xd3f14293,
0xe8bd4630,
0x464d87f0,
0x0c00f04f,
0x8b01f815,
0x037ff008,
0x0f80f018,
0x1cccea43,
0x0309eba5,
0x4423d1f4,
0xeb002400,
0x464d0903,
0x8b01f815,
0x0a7ff008,
0x0f80f018,
0x14c4ea4a,
0x0a09eba5,
0xeb01d1f4,
0x44530806,
0x42644645,
0x0908eba5,
0xd80145cc,
0xe7d14466,
0x9004f815,
0x9b01f805,
0x558de7f4,
0x36014623,
0x4610e7c8,
0x87f0e8bd,
0x2300b580,
0xee07af00,
0xee073f15,
0xf3bf3fd5,
0xf3bf8f4f,
0xbd808f6f,
0xaf00b5f0,
0x2802b158,
0x4b16d11f,
0x2300681a,
0x08524614,
0x2a013301,
0x4a13d8fb,
0x4b13e008,
0x4603681a,
0x08524614,
0x2a013301,
0x4a10d8fb,
0x0320f1c3,
0xc000f8d2,
0xfa022201,
0x2200f303,
0xdb0342a2,
0xf3bfb109,
0xbdf08f4f,
0x25004606,
0xdb024565,
0x44183201,
0x3640e7f2,
0x6f56ee07,
0xe7f53501,
0xf0d41068,
0xf0d41064,
0xf0d41070,
0xf0d4106c,
0xb5802100,
0xaf004608,
0xffc0f7ff,
0x20022100,
0xffbcf7ff,
0x8f4ff3bf,
0xb5f0bd80,
0xb158af00,
0xd11f2802,
0x681a4b16,
0x46142300,
0x33010852,
0xd8fb2a01,
0xe0084a13,
0x681a4b13,
0x46144603,
0x33010852,
0xd8fb2a01,
0xf1c34a10,
0xf8d20320,
0x2201c000,
0xf303fa02,
0x42a22200,
0xb109db03,
0x8f4ff3bf,
0x4606bdf0,
0x45652500,
0x3201db02,
0xe7f24418,
0xee073640,
0x35016f5e,
0xbf00e7f5,
0xf0d41068,
0xf0d41064,
0xf0d41070,
0xf0d4106c,
0xb5802100,
0xaf004608,
0xffbff7ff,
0x20022100,
0xffbbf7ff,
0x8f4ff3bf,
0xbf00bd80,
0xaf00b580,
0xfa90f7ff,
0xb598bd80,
0x460caf00,
0xfa8af7ff,
0xf7ff4805,
0x4620fa87,
0xe80af000,
0xfa82f7ff,
0xf7ff4802,
0xbd98fa7f,
0x0100003c,
0x01000040,
0xe51ff004,
0x01000001,
0x314c4342,
0x09000000,
0x3cee0100,
0x973f0100,
0x0000008e,
0x04048e00,
0x8e08088e,
0x208e1010,
0x24248e20,
0xb5804b02,
0x5c18af00,
0xbf00bd80,
0xf1200000,
0x4410078e,
0xbd807880,
0x00100c8e,
0x10068e79,
0x4604b5b0,
0x4615af00,
0xf0002900,
0x230084eb,
0xf6402201,
0xf007016c,
0x2301f9b0,
0x11b5f240,
0x4620461a,
0xf9a9f007,
0x20ddf895,
0x71b6f44f,
0x290e048e,
0x28058ef9,
0x8e11b5f2,
0x8e9b0e04,
0x6cf62a04,
0x2a068e01,
0x2300f994,
0x44058e02,
0x8d0e048e,
0x0b8e02f9,
0x95f98646,
0x4020def8,
0x058e6df2,
0x068e0638,
0x46078e2a,
0x2a048e78,
0x7146098e,
0x042300f9,
0x6a46098e,
0x0b8e04f9,
0x95f96346,
0x4f20dff8,
0x058eb7f4,
0xf8e30c81,
0x8e2a058e,
0x8e554607,
0x098e2a04,
0x00f94e46,
0x098e0823,
0x08f94746,
0x40460b8e,
0xe0f895f9,
0x6ff24020,
0xc038058e,
0x2a058ef8,
0x3246078e,
0x8e2a048e,
0xf92b4609,
0x8e102300,
0xf9244609,
0x460b8e10,
0xf895f91d,
0xf44f20e1,
0x81058eb8,
0x8ef89d0c,
0x078e2a05,
0x048e0f46,
0x46098e2a,
0x2300f908,
0x46098e20,
0x8e20f901,
0xf8fa460b,
0x20e2f895,
0x8e71f240,
0xf87a3805,
0x8e2a058e,
0xf8ec4607,
0x460b8e20,
0x2300f8e5,
0x46098e40,
0x8e40f8de,
0xf8d7460b,
0x20e3f895,
0x8eb9f44f,
0x570c8105,
0x8e2a068e,
0x8ec94607,
0x098e2a04,
0x00f8c246,
0x098e8023,
0x80f8bb46,
0xb4460b8e,
0xe4f895f8,
0x73f24020,
0x3438058e,
0x8e2a068e,
0x8ea64607,
0x098e2a04,
0x068e9f46,
0x6df66e81,
0x9846058e,
0x4f2301f8,
0x8e71dbf4,
0xf8911c06,
0x20e5f895,
0x8ebaf44f,
0x110c8105,
0x012300f8,
0x1e048e22,
0x830e048e,
0x8e2310f8,
0x068e3604,
0x058e7c2a,
0x6ff6401c,
0x7546058e,
0xdc46058e,
0x6e46078e,
0xeff895f8,
0xbff44f20,
0x06462071,
0x8effeef0,
0x8edc4606,
0xf8604605,
0x048e2301,
0x2a068e36,
0x068ef859,
0x068e7684,
0x02f85246,
0x4b460b8e,
0xf0f895f8,
0x7ff24020,
0x46048e11,
0x048effcb,
0x46088e2a,
0x8e02f83d,
0x8e36460b,
0x8e4c8406,
0xf82f4607,
0x460b8e04,
0xf895f828,
0xf44f20f1,
0x81058ec0,
0x8effa80c,
0x088e2a04,
0x04f81a46,
0x13460b8e,
0x4c84068e,
0x0c46078e,
0x0b8e08f8,
0x95f80546,
0x4020f2f8,
0x058e81f2,
0xff850c81,
0x8e2a048e,
0xf0064606,
0x8e08fff7,
0xf0064609,
0x068efff0,
0x048e5e82,
0xe9f00646,
0x098e10ff,
0xe2f00646,
0xf3f895ff,
0xc1f44f20,
0x6238058e,
0x8e2a058e,
0xffd44608,
0x460b8e10,
0x068effcd,
0x068e7684,
0x20ffc646,
0xbf460b8e,
0xf4f895ff,
0x83f24020,
0x0c81058e,
0x2a058e3f,
0xb146088e,
0x0b8e20ff,
0x8effaa46,
0x8e768406,
0xffa34606,
0x460b8e40,
0xf895ff9c,
0xf44f20f5,
0x38058ec2,
0x2a058e1c,
0x8e46088e,
0x8e40ff00,
0xff87460b,
0x7684068e,
0x8046068e,
0x0b8e80ff,
0x95ff7946,
0x4020f6f8,
0x058e85f2,
0xfef90c81,
0x8e2a048e,
0xff6b4608,
0x460b8e80,
0x81078e64,
0x8e61076e,
0xff5d0e04,
0xf2402301,
0x85058eb9,
0x56f0063c,
0xf7f895ff,
0xc3f44f20,
0xd638058e,
0x89068efe,
0x058eb926,
0x058e4854,
0x61074282,
0x412a068e,
0x4c84058e,
0x8e72f640,
0x3a0c8105,
0xbb46058e,
0x3346078e,
0x01f895ff,
0xc8f44f21,
0xb346058e,
0xbb46078e,
0x2546058e,
0xf62a048e,
0x81078e72,
0x058e1e0c,
0x088e4c84,
0x02ff1746,
0x10460b8e,
0x02f895ff,
0x91f24021,
0x9038058e,
0x89068efe,
0x46068e6c,
0x2a048e02,
0xfb46098e,
0x84068efe,
0x46068e76,
0x8e04fef4,
0xfeed460b,
0x2103f895,
0x8ec9f44f,
0x6d0c8105,
0x8e2a068e,
0x8edf4607,
0x098e2a04,
0x8efed846,
0x8e768406,
0xfed14606,
0x460b8e08,
0xf895feca,
0xf2402104,
0x38058e93,
0x2a068e4a,
0xbc46078e,
0x8e2a048e,
0xfeb54609,
0x7684068e,
0xae46068e,
0x0b8e10fe,
0x95fea746,
0x4f2105f8,
0x058ecaf4,
0x8e270c81,
0x078e2a06,
0x048e9946,
0x46098e2a,
0x068efe92,
0x068e7684,
0x20fe8b46,
0x84460b8e,
0x06f895fe,
0x95f24021,
0x0438058e,
0x8e2a068e,
0x8e764607,
0x098e2a04,
0x8efe6f46,
0x8e768406,
0xfe684606,
0x460b8e40,
0xf895fe61,
0xf44f2107,
0x81058ecb,
0x8efde10c,
0x8e6c8906,
0x8e534606,
0x098e2a04,
0x058e4c46,
0x088e4c84,
0x80fe4546,
0x3e460b8e,
0x08f895fe,
0x97f24021,
0xbe38058e,
0x89068efd,
0x46068e6c,
0x2a048e30,
0x2946098e,
0x1882078e,
0x46058e73,
0x2301fe22,
0x8edef44f,
0x1b3c8507,
0x09f895fe,
0xccf44f21,
0x0c81058e,
0x068efd9b,
0x8ede2689,
0x8e0d0e05,
0x73188205,
0x0646078e,
0x4c84068e,
0x058e75f6,
0x8efdff46,
0x8edf4604,
0xfdf84607,
0x2113f895,
0x8ed1f44f,
0x8e783805,
0x8edf4607,
0xfdea0e05,
0x048e2301,
0x2a068e36,
0x068efde3,
0x068e7684,
0x02fddc46,
0xd5460b8e,
0x14f895fd,
0xa3f24021,
0x4481058e,
0x2a058e55,
0xc746088e,
0x0b8e02fd,
0x8efdc046,
0x8e768406,
0xfdb94606,
0x460b8e04,
0xf895fdb2,
0xf44f2115,
0x38058ed2,
0x2a058e32,
0xa446088e,
0x0b8e04fd,
0x8efd9d46,
0x8e768406,
0xfd964606,
0x460b8e08,
0xf895fd8f,
0xf2402116,
0x81058ea5,
0x058e0f0c,
0x46088e2a,
0x8e08fd81,
0xfd7a460b,
0x5e82068e,
0x7346068e,
0x0b8e10fd,
0x95fd6c46,
0x4f2117f8,
0x058ed3f4,
0x8efcec38,
0x8e7e8706,
0xfd5e4606,
0x460b8e10,
0x068efd57,
0x068e7684,
0x20fd5046,
0x49460b8e,
0x18f895fd,
0xa7f24021,
0x0c81058e,
0x068efcc9,
0x068e6c89,
0x20fd3b46,
0x34460b8e,
0x4c84068e,
0x2d46078e,
0x0b8e40fd,
0x95fd2646,
0x4f2119f8,
0x058ed4f4,
0x8efca638,
0x8e6c8906,
0xfd184606,
0x460b8e40,
0x84068e11,
0x46078e4c,
0x8e80fd0a,
0xfd03460b,
0x211af895,
0x8ea9f240,
0x830c8105,
0x89068efc,
0x46068e6c,
0x8e80fcf5,
0x8eee460b,
0x406e8105,
0x058e76f6,
0x01fce746,
0xbff24023,
0x3c85078e,
0xf895fce0,
0xf44f211b,
0x38058ed5,
0x068efc60,
0x8ebf2689,
0xfcd25405,
0x048e2310,
0x2a068e36,
0x4620fccb,
0x7884068e,
0xf006016e,
0x2310fcc4,
0x461a4620,
0x71dbf44f,
0xfcbdf006,
0x20e6f895,
0xf2404620,
0xf0061175,
0x2a058e3d,
0x8f058e10,
0xaff0062a,
0x058e01fc,
0x38068e2a,
0x1c058ea8,
0x46078e02,
0x8e20fca1,
0xfc9a460b,
0x20e7f895,
0xf44f4620,
0xf00671bb,
0x2a058e1a,
0x46078e20,
0x8e02fc8c,
0x8e85460b,
0x8e041c05,
0xfc7e4607,
0x460b8e40,
0xf895fc77,
0x81058ee8,
0x0611770c,
0x8efbf7f0,
0x8e402a04,
0xfc694607,
0x460b8e04,
0x46058e62,
0x46078e08,
0x8e80fc5b,
0xfc54460b,
0x8ee9f895,
0xbc0c8105,
0xd4f00671,
0x8046058e,
0x4646078e,
0x0b8e08fc,
0x078e3f46,
0x068e6e81,
0x088e380e,
0xb7f26e81,
0x31f00611,
0xeaf895fc,
0x0c81058e,
0xf0061179,
0x46058eb1,
0x068e2201,
0x078e231c,
0x068e4282,
0x078e1c38,
0x068e6e81,
0x088e150e,
0x058e6e81,
0x95fc0e2a,
0x058eebf8,
0x71bd0c81,
0x008ef006,
0x0246058e,
0x0046078e,
0x4282078e,
0xf938068e,
0x6e81078e,
0xf20e068e,
0x81078efb,
0x2a058e6e,
0xf895fbeb,
0x81058eec,
0x06117b0c,
0x058e6bf0,
0x078e042a,
0x8efbdd46,
0x8e428206,
0x8ed63806,
0x8e6e8107,
0xfbcf0e06,
0x6e81078e,
0xc82a058e,
0xedf895fb,
0x0c81058e,
0xf00671be,
0x2a058e48,
0x46078e08,
0x068efbba,
0x068e4282,
0x088eb338,
0x6df66e81,
0xacf00601,
0x81078efb,
0x2a058e6e,
0xf895fba5,
0x81058eee,
0x06117d0c,
0x058e25f0,
0x078e102a,
0x8efb9746,
0x8e308408,
0x8e903804,
0x01714609,
0x8e89f006,
0x11b94609,
0xfb82f006,
0x8ef8f895,
0x11874605,
0x8e02f006,
0x048e4609,
0x098e741c,
0x38048e46,
0x82088e6d,
0x0e058e34,
0x078efb66,
0x058e3482,
0x95fb5f2a,
0x058ef9f8,
0x71c45281,
0xfadff006,
0x0883078e,
0x511c058e,
0x84088efb,
0x38048e76,
0x82088e4a,
0x0e058e34,
0x82088e43,
0x2a058e34,
0xf895fb3c,
0x81058efa,
0x0611890c,
0x058ebcf0,
0x078e4046,
0x088e2e46,
0x058e0883,
0x088e2738,
0x058e3482,
0x088e200e,
0x058e3482,
0x95fb192a,
0x058efbf8,
0x71c50c81,
0x8e99f006,
0x8e804605,
0x8e0b4607,
0x8e088308,
0x8e043805,
0x8e6e8108,
0xfafd0e05,
0x6e81068e,
0x71ddf44f,
0xfaf6f006,
0x8efcf895,
0x8b0c8105,
0x76f00611,
0x0146058e,
0x1c068e22,
0x088efae8,
0x048e7684,
0x088ee138,
0x058e6e81,
0x8efada0e,
0x8e6e8106,
0xfad32a06,
0x8efdf895,
0xc60c8105,
0x53f00671,
0x022a058e,
0xc546078e,
0x84088efa,
0x38048e76,
0x81088ebe,
0x0e058e6e,
0x068efab7,
0x068e6e81,
0x95fab02a,
0x058efef8,
0x118d0c81,
0x8e30f006,
0x8e042a05,
0xfaa24607,
0x7684088e,
0x9b38048e,
0x6e81088e,
0x940e058e,
0x81068efa,
0x2a068e6e,
0xf895fa8d,
0x81058eff,
0x0671c70c,
0x058e0df0,
0x078e082a,
0x8efa7f46,
0x8e768408,
0x8e783804,
0x076e8109,
0x71f00661,
0x6e81078e,
0x6a2a068e,
0x00f895fa,
0x40462021,
0x06118ff2,
0x8ef9eaf0,
0x8e268908,
0x8e5c1c04,
0x8e428209,
0x8e553804,
0xf6404607,
0xf0060174,
0x46098e4e,
0xf00671de,
0xf895fa47,
0x46058e0a,
0xf0061199,
0x46098ec7,
0x391c048e,
0x8e46078e,
0x8e323806,
0x8e348207,
0x8e2b0e06,
0x8e348207,
0xfa242a06,
0x210bf895,
0xf44f4620,
0xf00671cd,
0x46058ea4,
0x46078e20,
0x83078e16,
0x38068e08,
0x82078e0f,
0x0e068e34,
0x82078e08,
0x2a068e34,
0xf895fa01,
0x81058e0c,
0x06119b0c,
0x058e81f0,
0x078e4046,
0x8ef9f346,
0x8e768408,
0x8eec3804,
0x8e081c05,
0xf9e54607,
0x6c89088e,
0xde2a048e,
0x0df895f9,
0x0c81058e,
0xf00671ce,
0x2a058e5e,
0x46078e80,
0x088ef9d0,
0x048e7684,
0x078ec938,
0x068e6e81,
0x8ef9c20e,
0xbd6c8908,
0xbbf00611,
0x0ef895f9,
0x0c81058e,
0xf006119d,
0x2a058e3b,
0x068e2201,
0x8ef9ad1c,
0x8e768408,
0x8ea63804,
0x8e6e8107,
0xf99f0e06,
0x6c89088e,
0x982a048e,
0x0ff895f9,
0x0c81058e,
0xf00671cf,
0x2a058e18,
0x46078e02,
0x088ef98a,
0x048e7684,
0x078e8338,
0x068e6e81,
0x088e7c0e,
0x058e6e81,
0x95f9752a,
0x058e10f8,
0x119f0c81,
0xf8f5f006,
0x6c89088e,
0x671c048e,
0x84088ef9,
0x38048e76,
0x81078e60,
0x0e068e6e,
0x81088e59,
0x2a058e6e,
0xf895f952,
0x81058e11,
0x0671d00c,
0x058ed2f0,
0x078e0846,
0x078e4446,
0x068e4282,
0x088e3d38,
0x73f66e81,
0x36f00601,
0x6e81088e,
0x2f2a058e,
0x12f895f9,
0x0c81058e,
0xf00611a1,
0x46058eaf,
0x46078e10,
0x82088e21,
0x38058e42,
0x46098e1a,
0xf0060177,
0x82098e13,
0x0611bf18,
0x95f90cf0,
0x058e1cf8,
0x0611ab46,
0x058e8cf0,
0x058e0246,
0xf0062a8f,
0x088ef8fe,
0x38048e46,
0x1c088ef7,
0xf00e058e,
0x82088ef8,
0x2a048e18,
0xf895f8e9,
0x81058e1d,
0x0671d652,
0x098e69f0,
0x048e1882,
0x8ef8db1c,
0x8e768408,
0x8ed43804,
0x058e1c08,
0x8ef8cd0e,
0x8e188208,
0xf8c62a04,
0x8e1ef895,
0xad0c8105,
0x46f00611,
0x1882098e,
0xb81c048e,
0x8e70088e,
0x8eb13805,
0x058e1c08,
0x8ef8aa0e,
0x8e188208,
0xf8a32a04,
0x8e1ff895,
0xd70c8105,
0x23f00671,
0x1882098e,
0x951c048e,
0x8e70088e,
0x008e3805,
0x8e1c088e,
0xf8870e05,
0x3e8b088e,
0x802a048e,
0x20f895f8,
0x0c81058e,
0xf00611af,
0x2a058e00,
0x46078e20,
0x70088e72,
0x6b38058e,
0x8e1c088e,
0xf8640e05,
0x3e8b088e,
0x5d2a048e,
0x21f895f8,
0x0c81058e,
0xf00571d8,
0x088effdd,
0x048e3e8b,
0x088e4f1c,
0x38058e70,
0x46058e48,
0x46078e40,
0x088ef841,
0x048e3e8b,
0x95f83a2a,
0x058e22f8,
0x11b10c81,
0x8ebaf005,
0x8e804605,
0x8e2c4607,
0x058e7008,
0x058e2538,
0x078e8046,
0x098e1e46,
0x11bd0c81,
0xf817f006,
0x8e23f895,
0xd90c8105,
0x97f00571,
0x0c81098e,
0x091c048e,
0x8e70088e,
0x8e023805,
0x8e014605,
0x055a9305,
0x8efffbf0,
0xbd0c8108,
0xf4f00511,
0x24f895ff,
0x0c81058e,
0xf00511b3,
0x81098e74,
0x1c048e0c,
0x9c058ee6,
0x93068e7e,
0xdff00558,
0x00bdb0ff,
0xf0e92d00,
0x8bb08d4f,
0x05461546,
0xf5460421,
0x084ef54b,
0x182800af,
0x40461ebf,
0x05461a23,
0x10ffccf0,
0x8e213523,
0x8ec63206,
0x3370a005,
0x0c048e21,
0x9d058ec0,
0x058e323c,
0x80ffba0c,
0x078e3123,
0x01ffb424,
0x48f74220,
0x6a048ef1,
0x6a078e11,
0x2210ffaa,
0x46112301,
0x4080f446,
0xf87cf006,
0x707af44f,
0xf136f742,
0x0a82068e,
0x048e0105,
0x058e9824,
0xf44f5e9f,
0x048e6100,
0x078e910e,
0x068e269f,
0x058e8a0e,
0x8e035aa1,
0x8e834e07,
0x8e068105,
0x048e1004,
0x0d8e7c0e,
0xfaff751c,
0xb8f6406b,
0x40429a33,
0x8e81dcf3,
0x8e016006,
0x8e682805,
0x0506a005,
0x6128078e,
0x422064ff,
0x20f0f5f7,
0x098e6023,
0x058e5766,
0x8e0052a0,
0x05629f05,
0x0aff50f0,
0xe4f74220,
0x672288f0,
0x6481058e,
0x2258fecf,
0x0a058e68,
0x8e10feca,
0xff3c280b,
0x0f00f1bb,
0x2300d005,
0x8e192220,
0xff331205,
0xf74220c8,
0x2c00f0c7,
0x819df000,
0x26002219,
0x23004611,
0xf00548a0,
0x2219ffff,
0x46114633,
0x9600489d,
0xf80af006,
0xf7422001,
0x8e19f0b3,
0x981c8205,
0xeff00548,
0x8e4897ff,
0x96000e06,
0xfffaf005,
0x0800f04f,
0xa124048e,
0x3d2380f0,
0x6082058e,
0x8000f8cd,
0xfea3f005,
0x810b8e02,
0x8efefb74,
0xf08f2404,
0x8e024643,
0xf1168209,
0x8514058e,
0x280c8ef0,
0x2380fee7,
0x83078e69,
0x058ee126,
0x43f07520,
0x69228046,
0x5681058e,
0x12058ed8,
0x0a8ef06c,
0x6efecf24,
0x402e0068,
0x72815af0,
0xb1f00548,
0x404632f8,
0x058e01f2,
0xfe492a82,
0x020c048e,
0x430c058e,
0x030c058e,
0x3d0c058e,
0x1f4633fe,
0x04f24022,
0xaf0e058e,
0xc04633fe,
0xa80e098e,
0xa528058e,
0x0c048e71,
0x0c058e29,
0x0c058ea6,
0x0c058e23,
0x048e1129,
0x32fe1d0c,
0x95f44f46,
0x1718058e,
0x2b18058e,
0x1118058e,
0x4f58058e,
0x058e96f4,
0x058e831a,
0x058ee658,
0xfe7d3681,
0xf24023f0,
0x99058e49,
0x76f00554,
0x0f4633fe,
0x10048e22,
0x6f0e048e,
0x4b1c058e,
0x681c078e,
0x4b1c078e,
0x611c058e,
0x055e058e,
0x1a81058e,
0x048efde2,
0x058e060c,
0x058edc0c,
0x058e070c,
0x8efdd60c,
0x8ec17606,
0x8e480e05,
0x088e7605,
0xf0fe410e,
0xa5f44f23,
0x129b058e,
0x8e3af005,
0x048e5c05,
0x84058e10,
0x1c058e00,
0x1c078ea6,
0x1c078e2c,
0x6e81068e,
0xa2058e25,
0x078e1d12,
0x8e1e3c84,
0x8e520e05,
0x8e170e07,
0x8e670e05,
0x8e100e07,
0x8e9c0e05,
0x8e090e07,
0x8e130e05,
0x8e025407,
0x078e4606,
0x8efdfb0e,
0x8e290e04,
0x8ef40e07,
0x8e330e05,
0xfded0e07,
0xe0072310,
0xf0210000,
0xf0200000,
0xf00200a0,
0xf1206496,
0x8e3ff240,
0x8edd2007,
0x8e492e05,
0x8ed60e07,
0x8e550e05,
0x8ecf0e07,
0x8e5f0e05,
0x8ec80e07,
0x8e2c9e05,
0xc1528708,
0x82068efd,
0x058eaf4e,
0xfdba0e82,
0x223f4633,
0x8ed6f44f,
0x8eb30e05,
0xf2400e05,
0x0e058eb1,
0x4633fdac,
0x4a870a8e,
0x4633fda5,
0x66870a8e,
0x0e058e9e,
0x0288088e,
0x3714fd97,
0xe8bd46bd,
0x23808ff0,
0xe622461a,
0x46232208,
0x480c4611,
0xfe63f005,
0x090c068e,
0x05940048,
0x01fe6ef0,
0x17f74120,
0x058e08f7,
0x48042a86,
0xfe53f005,
0x010c068e,
0x62940048,
0x90bf00e6,
0x0ff00200,
0x20465922,
0x3ff00846,
0xa7f895ff,
0x41228030,
0x3881058e,
0xf895fd65,
0x22803125,
0x8ea0f44f,
0x5d028105,
0x212380fd,
0x7085078e,
0x2380fd57,
0x8e53f240,
0xfd500e07,
0x46412310,
0x4a0c068e,
0x702350fd,
0x058e0222,
0xfd447284,
0x20cff895,
0x0c058e83,
0xf895fcc5,
0xf24021dc,
0x83058ea4,
0xc0fcbe5c,
0x2ff24022,
0x0c048e51,
0x226afcb8,
0x8e69f240,
0xfcb21805,
0x21faf895,
0x8e12f640,
0xab668105,
0xfbf895fc,
0x13f64021,
0xa40e058e,
0xfcf895fc,
0x14f64021,
0x9d0e058e,
0xfdf895fc,
0x15f64021,
0x960e058e,
0x142320fc,
0x40461a21,
0x09f00546,
0x402301fd,
0x8e514ef2,
0xfd020e06,
0xf44f2280,
0x81058ea6,
0x42fc8342,
0xecf44f46,
0x7d0c058e,
0x404642fc,
0x058e61f2,
0x058e7776,
0x058e620c,
0x058e710c,
0x058e630c,
0x058e6b0c,
0x058e640c,
0x058e650c,
0x058e650c,
0x058e5f0c,
0x058e660c,
0x058e590c,
0x058e670c,
0x058e530c,
0x058eed60,
0xfffc4d60,
0x88088e22,
0x058e4704,
0x88068e0c,
0x95fc4104,
0x8e2133f8,
0x3a068808,
0x34f895fc,
0x87088e21,
0x95fc3378,
0x402135f8,
0x058e0af2,
0x95fc2c0e,
0x40213af8,
0x058e14f2,
0x95fc250e,
0x40213ff8,
0x058e1ef2,
0x95fc1e0e,
0x4f2144f8,
0x058ec5f4,
0x95fc170e,
0x402149f8,
0x058e49f2,
0x95fc100e,
0x40214cf8,
0x058e54f2,
0x95fc090e,
0x402151f8,
0x058e5ef2,
0x95fc020e,
0x4f2156f8,
0x058ecdf4,
0x95fbfb0e,
0x40215bf8,
0x058e72f2,
0x95fbf40e,
0x402160f8,
0x058e93f2,
0x42fbed0e,
0x88088e46,
0x058ee71e,
0x88068e0c,
0x42fbe10e,
0x87088e46,
0x058edb3e,
0x87068e0c,
0x95fbd52e,
0x4f21ddf8,
0x058ef6f4,
0x95fbce3e,
0x402170f8,
0x058e0af2,
0x95fbc71c,
0x402178f8,
0x058e14f2,
0x95fbc00e,
0x4f2180f8,
0x058ee4f4,
0x95fbb92a,
0x402186f8,
0x068e2af2,
0x95fb0084,
0x40218cf8,
0x058e36f2,
0x95fbab0e,
0x4f2194f8,
0x058ee8f4,
0x95fba42a,
0x40219cf8,
0x058e4cf2,
0x95fb9d1c,
0x4021a2f8,
0x058e56f2,
0x8efb960e,
0xd15a8c05,
0xf64022c0,
0x84058e08,
0x8efb8d12,
0xff3e880c,
0x8e0e058e,
0xf8308808,
0x8e0e058e,
0xf14c8808,
0x8e0e058e,
0xea3e8808,
0x77f895fb,
0x4022f031,
0x058e13f2,
0x95fbe25a,
0x058e7ff8,
0x058e1d10,
0x95fbda10,
0x058e85f8,
0x058e2910,
0x95fbd210,
0x058e8bf8,
0x058e3310,
0x95fbca10,
0x058e93f8,
0x058e3f10,
0x95fbc210,
0x058e9bf8,
0x058e4910,
0x95fbba10,
0x058ea1f8,
0x098e5510,
0x8ea77281,
0x8e5f1005,
0x8eaa1005,
0x0b4a8105,
0x4f2211d1,
0x058ea8f4,
0x11fb2812,
0x51f24022,
0x7e82058e,
0xf895fb22,
0xf24021de,
0x1a058eb1,
0xf895fb1b,
0xf24021df,
0x0e058eb2,
0xf895fb14,
0xf24021e0,
0x0e058eb3,
0xf895fb0d,
0xf24021e1,
0x0e058eb4,
0xf895fb06,
0xf24021e2,
0x0e058eb5,
0xf895faff,
0xf24021e3,
0x0e058eb6,
0xf895faf8,
0xf24021e4,
0x0e058eb7,
0xf895faf1,
0xf44f21e5,
0x82058ef7,
0x95faea74,
0x4021e6f8,
0x058eb9f2,
0x95fae31c,
0x4021e7f8,
0x058ebaf2,
0x95fadc0e,
0x4021e8f8,
0x068ebbf2,
0x95fa0084,
0x4021e9f8,
0x058ebcf2,
0x95face0e,
0x4021eaf8,
0x068ebdf2,
0x95fa0084,
0x4021ebf8,
0x068ebef2,
0x95fa0084,
0x4021ecf8,
0x058ebff2,
0x95fab90e,
0x4f21edf8,
0x058ef8f4,
0xfffab270,
0x0af64022,
0x4283058e,
0x2208faac,
0x8e0df640,
0xfaa60c05,
0x3137f895,
0xf2402207,
0x85068e0c,
0xf895fb72,
0x10058e3c,
0x10058e16,
0xf895fb0f,
0x22073141,
0x8ec4f44f,
0xfb071005,
0x8e46f895,
0x8e2a2005,
0xfaff1005,
0x8e4bf895,
0x8e4b1005,
0xfaf71005,
0x8e4ef895,
0x8e561005,
0xfaef1005,
0x8e53f895,
0x8ecc4005,
0xfae71005,
0x8e58f895,
0x8e6a2005,
0xfadf1005,
0x8e5df895,
0x8e741005,
0xfad71005,
0x8e62f895,
0x8e951005,
0xfacf1005,
0x8e72f895,
0x8e208106,
0x7a728109,
0x2081068e,
0xbf10058e,
0x82f895fa,
0x2210058e,
0xb710058e,
0x88f895fa,
0x2c10058e,
0xaf10058e,
0x8ef895fa,
0x81058e00,
0x058ee700,
0x95faa750,
0x058e96f8,
0x058e4220,
0x95fa9f20,
0x058e9ef8,
0x058e4e10,
0x95fa9710,
0x058ea4f8,
0x058eeb30,
0x11fa8f30,
0x4f227f23,
0x058ec2f4,
0x058e880e,
0x1af2400e,
0x810e058e,
0x240e078e,
0x7a0e058e,
0x2e0e078e,
0x730e058e,
0x5a0e078e,
0x6c0e058e,
0x640e078e,
0x650e058e,
0x6e0e078e,
0x5e0e058e,
0xcf62078e,
0x0094068e,
0x38f895fa,
0x40221f31,
0x058e11f2,
0x95fa4f10,
0x058e3df8,
0x068e1b10,
0x95fa7289,
0x058e42f8,
0x058e2510,
0x95fa3f10,
0x058e47f8,
0x058e2f10,
0x95fa3710,
0x058e4ff8,
0x058e5b10,
0x95fa2f10,
0x058e54f8,
0x058e6510,
0x95fa2710,
0x058e59f8,
0x058e6f10,
0x95fa1f10,
0x058e5ef8,
0x068e7910,
0x95fa0084,
0x058e39f8,
0x068e1210,
0x95fa0084,
0x058e3ef8,
0x068e1c10,
0x95fa0084,
0x058e43f8,
0x068e2610,
0x95f90084,
0x1f3148f8,
0xc6f44f22,
0x0084068e,
0x50f895f9,
0x5c20058e,
0x0084068e,
0x55f895f9,
0x6610058e,
0x0084068e,
0x5af895f9,
0xce30058e,
0x0084068e,
0x5ff895f9,
0x7a20058e,
0x0084068e,
0x4022fff9,
0x058eaff2,
0xf9580c83,
0x1a82068e,
0x1a058ee2,
0x0e058eca,
0x8e1af240,
0x8ec31c05,
0x8e3c0e07,
0x8ebc0e05,
0x8e460e07,
0xf9b50e05,
0x8e75f895,
0x8e448206,
0xf9ad1005,
0x8e7df895,
0x8e448206,
0xf9a51005,
0x8e91f895,
0x8e3d1005,
0xf9728906,
0x8e99f895,
0x8e471005,
0xf9951005,
0x8e76f895,
0x8e048206,
0xf98d1005,
0x8e7ef895,
0x8e048206,
0xf9851005,
0x8e92f895,
0x8e3e1005,
0xf97d1005,
0x8e9af895,
0xe9548105,
0x2a81058e,
0xf895f975,
0x88058e36,
0x058e0b7a,
0x95f96d10,
0x058e3bf8,
0x068e1510,
0x95f90084,
0x058e40f8,
0x068e1f10,
0x95f90090,
0x068e45f8,
0x058e7a89,
0x95f95510,
0x058e4af8,
0x068e4a10,
0x95f9728d,
0x068e4df8,
0x058e5a89,
0x95f94510,
0x068e52f8,
0x068e5a89,
0x95f97295,
0x058e57f8,
0x058e6910,
0x95f93510,
0x058e5cf8,
0x058e7310,
0x95f92d10,
0x058e61f8,
0x068e9410,
0x058e728d,
0x8e0f2081,
0x1d208109,
0x2081058e,
0x8e10048e,
0x15208106,
0x2081058e,
0x8e10048e,
0x0d208106,
0x2081058e,
0x8e10048e,
0x05208106,
0x2081058e,
0x8e10048e,
0xfd208106,
0x4df895f8,
0x8e10058e,
0xf5208106,
0x52f895f8,
0x8e10058e,
0xed208106,
0x57f895f8,
0x8e10058e,
0xe5208106,
0x5cf895f8,
0x8e10058e,
0xdd208106,
0x61f895f8,
0x8e10058e,
0xd5208106,
0x37f895f8,
0x3081058e,
0x1489068e,
0xf895f8cd,
0x10058e3c,
0x1489068e,
0xf895f8c5,
0x8ef03141,
0xbd148909,
0x46f895f8,
0x8e20058e,
0xb5148906,
0x4bf895f8,
0x8e10058e,
0xad148906,
0x4ef895f8,
0x8e10058e,
0xa5148906,
0x53f895f8,
0x8e40058e,
0x9d148906,
0x58f895f8,
0x8e20058e,
0x95148906,
0x5df895f8,
0x8e10058e,
0x8d148906,
0x62f895f8,
0x8e10058e,
0x85148906,
0x71f895f8,
0x6083068e,
0x0084068e,
0x79f895f8,
0x6083068e,
0x7510058e,
0x81f895f8,
0x2110058e,
0x6d10058e,
0x87f895f8,
0x2b10058e,
0x7291068e,
0x8df895f8,
0x3710058e,
0x5d10058e,
0x95f895f8,
0x4110058e,
0x5510058e,
0x9df895f8,
0x4d10058e,
0x4d10058e,
0xa3f895f8,
0x5710058e,
0x4510058e,
0x0081058e,
0x4083058e,
0x3d10058e,
0x0081058e,
0x4083058e,
0x3510058e,
0x0081058e,
0x8e10048e,
0x2d008106,
0x0081058e,
0x8e10048e,
0x25008106,
0x0081058e,
0x8e10048e,
0x1d008106,
0x0081058e,
0x8e10048e,
0x15008106,
0x0081058e,
0x8e10048e,
0x0d008106,
0x0081058e,
0x8e10048e,
0x05008106,
0x72f895f8,
0x2083068e,
0x04462071,
0x95fffdf0,
0x068e7af8,
0x058e2083,
0x95fff510,
0x058e82f8,
0x058e2210,
0x95ffed10,
0x058e88f8,
0x058e2c10,
0x95ffe510,
0x8e008ef8,
0xe7008305,
0x10048e61,
0xf895ffdd,
0x20058e96,
0x20058e42,
0xf895ffd5,
0x10058e9e,
0x10058e4e,
0xf895ffcd,
0x30058ea4,
0x30058eeb,
0xf895ffc5,
0x81058e6c,
0x058eaf10,
0x95ffbd10,
0x8e316df8,
0x047c9708,
0x95ffb5f0,
0x8e316ef8,
0x047e9708,
0x95ffadf0,
0x058e73f8,
0x058e0e30,
0x95ffa550,
0x0f317bf8,
0xe3f44f22,
0x9d20058e,
0x83f895ff,
0x2420058e,
0x9520058e,
0x89f895ff,
0x2e10058e,
0x8d10058e,
0x8ff895ff,
0x3a10058e,
0x8510058e,
0x97f895ff,
0x4410058e,
0x7d10058e,
0x9ff895ff,
0xea50058e,
0x7550058e,
0xa5f895ff,
0x5a20058e,
0x6d20058e,
0x74f895ff,
0x5081058e,
0x10058e0f,
0xf895ff65,
0x10058e7c,
0x10058e19,
0xf895ff5d,
0x10058e84,
0x10058e25,
0xf895ff55,
0x10058e8a,
0x10058e2f,
0xf895ff4d,
0x10058e90,
0x10058e3b,
0xf895ff45,
0x10058e98,
0x10058e45,
0xf895ff3d,
0x10058ea0,
0x10058e51,
0xf895ff35,
0x10058ea6,
0x10058e5b,
0xa0058e2d,
0x95d0471e,
0x402127f8,
0x8e5109f2,
0xfeaa1404,
0x8e28f895,
0x0a788d05,
0x1b10058e,
0x29f895ff,
0x0bf24021,
0x9b0e058e,
0x2af895fe,
0x40227f31,
0x058e0cf2,
0x95ff0c10,
0x40212bf8,
0x058e0df2,
0x95fe8c0e,
0x068e2cf8,
0x058e5082,
0x95fefd10,
0x058e26f8,
0x8e017082,
0xfef51005,
0x30c5f895,
0x21282207,
0xee0e048e,
0xc4f895fe,
0x058e2720,
0x95fe6f0c,
0x2e20c7f8,
0x690c058e,
0xa8f895fe,
0x01223f30,
0xdb0e058e,
0xcef895fe,
0x66220330,
0xd40e058e,
0xa7f895fe,
0x00220830,
0xcd0e058e,
0x602300fe,
0x4ef24022,
0xc65e058e,
0x93068efe,
0x058e8048,
0xf8950c9a,
0xf00430a9,
0x2208febc,
0x2c058e0c,
0xf895fe3e,
0x220f30aa,
0x0e058e04,
0xf895feb0,
0x223f30c3,
0x0e058e23,
0xf895fea9,
0x220f30ab,
0x0e058e05,
0x48058ea2,
0x8275f041,
0x30acf895,
0x8e06221f,
0xfe971605,
0x30adf895,
0x8e07220f,
0xfe900e05,
0x20c0f895,
0x0c058e20,
0x220ffe11,
0xf8952121,
0x048e30c1,
0x95fe830e,
0x2220c2f8,
0x041a058e,
0xaef895fe,
0x09223f30,
0x760e058e,
0xb0f895fe,
0x0b223f30,
0x7281078e,
0x0d66048e,
0xa9f895d1,
0x058e0f30,
0xf0043281,
0xf895fe65,
0x227030c6,
0x0e058e2d,
0xf895fe5e,
0x8e1620b7,
0xfddf0c05,
0x20b6f895,
0x0c058e15,
0xf895fdd9,
0x8e1820b9,
0xfdd30c05,
0x20b8f895,
0x82068e17,
0xf895fd0e,
0x8e1a20bb,
0xfdc70c05,
0x20baf895,
0x0c058e19,
0xf895fdc1,
0x8e1c20bd,
0xfdbb0c05,
0x20bcf895,
0x0c058e1b,
0xf1bbfdb5,
0xd01d0f00,
0x20bff895,
0x12058e1e,
0xf895fdac,
0x8e1d20be,
0x8ea60c05,
0x8ea10c05,
0x8ea00c05,
0x8ea20c05,
0x8e9a0c05,
0x8ea30c05,
0xfd940c05,
0x20c9f895,
0x0c058e61,
0x95fd008e,
0x6020c8f8,
0x880c058e,
0x175a058e,
0xcbf895d1,
0x058e6320,
0x95fd7f12,
0x6220caf8,
0x790c058e,
0xcdf895fd,
0x058e6520,
0x95fd730c,
0x6420ccf8,
0x6d0c058e,
0xaff895fd,
0x0a223f30,
0x7281098e,
0xf2402131,
0x83058e56,
0x95fd5f5c,
0x402132f8,
0x058e57f2,
0xdffd580e,
0x8e9f60f8,
0xf0016404,
0xf24083cd,
0x462071d9,
0x21f1f895,
0xf0042645,
0xf895fd4a,
0xf24021f2,
0x85058eda,
0x95fd4362,
0x4021f3f8,
0x058edbf2,
0x95fd3c0e,
0x4021f7f8,
0x068edff2,
0x95fd0e86,
0x4f21f8f8,
0x058efcf4,
0xfd2e1c87,
0xf944048e,
0xe1f24021,
0x27f00471,
0xd8682bfd,
0x9bf14101,
0x4f436681,
0x206194f4,
0x06eb0946,
0x06f81908,
0x19f00420,
0x01f898fd,
0xa1f24020,
0x40462041,
0x0476c1f2,
0x98fd10f0,
0x402002f8,
0x8e41a2f2,
0xfd094a04,
0x2003f898,
0x8ea3f240,
0xfd020e05,
0x2004f898,
0x8ea4f240,
0xfcfb0e05,
0x2005f898,
0x8ea5f240,
0xfcf40e05,
0x2006f898,
0x8ea6f240,
0xfced0e05,
0x2007f898,
0x8ea7f240,
0xfce60e05,
0x2008f898,
0x8e95f44f,
0xdf1e8105,
0x09f898fc,
0xa9f24020,
0xd81c058e,
0x0af898fc,
0xaaf24020,
0xd10e058e,
0x0bf898fc,
0xabf24020,
0xca0e058e,
0x0cf898fc,
0xacf24020,
0xc30e058e,
0x0df898fc,
0xadf24020,
0xbc0e058e,
0x0ef898fc,
0xaef24020,
0xb50e058e,
0x0ff898fc,
0xaff24020,
0xae0e058e,
0x10f898fc,
0x96f44f20,
0xa770058e,
0x11f898fc,
0xb1f24020,
0xa01c058e,
0x12f898fc,
0xb2f24020,
0x990e058e,
0x13f898fc,
0xb3f24020,
0x920e058e,
0x14f898fc,
0xb4f24020,
0x8b0e058e,
0x15f898fc,
0xb5f24020,
0x840e058e,
0x16f898fc,
0xb6f24020,
0x7d0e058e,
0x17f898fc,
0xb7f24020,
0x760e058e,
0x18f898fc,
0x97f44f20,
0x6f70058e,
0x19f898fc,
0xb9f24020,
0x681c058e,
0x1af898fc,
0xbaf24020,
0x610e058e,
0x1bf898fc,
0xbbf24020,
0x5a0e058e,
0x1cf898fc,
0xbcf24020,
0x530e058e,
0x4022e1fc,
0x068ec1f2,
0x058e0e8a,
0x058ee30c,
0xfcfc470c,
0x1f462322,
0x00462021,
0x04920196,
0x03fd3af0,
0x1422c023,
0x9310068e,
0xf0044623,
0xf898fd31,
0xf240201d,
0x30058ec2,
0xf898fc2f,
0xf240201e,
0x0e058ec3,
0xf898fc28,
0xf240201f,
0x0e058ec4,
0xf898fc21,
0xf2402020,
0x0e058ec5,
0xf898fc1a,
0xf2402021,
0x0e058ec6,
0xf898fc13,
0xf2402022,
0x0e058ec7,
0xf898fc0c,
0xf44f2023,
0x81058ef9,
0x98fc0554,
0x402024f8,
0x058ec9f2,
0x98fbfe1c,
0x402025f8,
0x058ecaf2,
0x98fbf70e,
0x402026f8,
0x058ecbf2,
0x98fbf00e,
0x402027f8,
0x058eccf2,
0x98fbe90e,
0x402028f8,
0x058ecdf2,
0x98fbe20e,
0x402029f8,
0x058ecef2,
0x98fbdb0e,
0x40202af8,
0x058ecff2,
0x98fbd40e,
0x4f202bf8,
0x058efaf4,
0x98fbcd70,
0x40202cf8,
0x058ed1f2,
0x98fbc61c,
0x40202df8,
0x058ed2f2,
0x98fbbf0e,
0x40202ef8,
0x058ed3f2,
0x98fbb80e,
0x40202ff8,
0x058ed4f2,
0x98fbb10e,
0x402030f8,
0x058ed5f2,
0x98fbaa0e,
0x4f2031f8,
0x058e00f4,
0x98fba30e,
0x402032f8,
0x8b068ef2,
0x98fb9c0c,
0x402033f8,
0x89068ef2,
0x98fb952e,
0x402034f8,
0x068e03f2,
0x98fb0088,
0x4f2035f8,
0x058e01f4,
0x98fb8738,
0x402036f8,
0x8a068ef2,
0x98fb8052,
0x402037f8,
0x8a068ef2,
0x98fb794a,
0x402038f8,
0x8a068ef2,
0x98fb724a,
0x4f2039f8,
0x058e02f4,
0x98fb6b38,
0x40203af8,
0x8a068ef2,
0x98fb6432,
0x40203bf8,
0x88068ef2,
0x98fb5d12,
0x40203cf8,
0x8a068ef2,
0x98fb5640,
0x4f203df8,
0x058e03f4,
0x98fb4f38,
0x40203ef8,
0x058e0df2,
0x98fb481c,
0x40203ff8,
0x058e0ef2,
0x98fb410e,
0x402040f8,
0x058e0ff2,
0x98fb3a0e,
0x4f2041f8,
0x058e04f4,
0x98fb3338,
0x402042f8,
0x058e11f2,
0x98fb2c1c,
0x402043f8,
0x058e12f2,
0x98fb250e,
0x402044f8,
0x058e13f2,
0x83fb1e0e,
0x058e0323,
0xf0047ea6,
0x230ffb91,
0x0c078e24,
0x22fffb8b,
0x1117f240,
0x0084058e,
0x4f22fffb,
0x058e8cf4,
0x40fb065a,
0x078e0123,
0x0cfb7924,
0x733c098e,
0x098ef0fb,
0x058e6d3c,
0x058e153c,
0x8efaee3c,
0x8e8b3c04,
0xfae83c05,
0x1cb0068e,
0x058e0168,
0x95fb7285,
0x8e208cf8,
0xf9728d06,
0x8e2380f9,
0x068e1804,
0x8efb4d40,
0x8e6cb006,
0xfb462806,
0x2090f895,
0x608d068e,
0xd7058ee5,
0x28088e64,
0xf895fb39,
0xf44f216a,
0x84058ed5,
0x8efab928,
0x692ab406,
0x2b36058e,
0x95f895fb,
0x82068e20,
0x40f9ca70,
0x18048e23,
0x1e36068e,
0x69f895fb,
0xa7f24021,
0x9e36058e,
0x1481078e,
0x1036068e,
0x94f895fb,
0x058e0820,
0x058eaf36,
0x088e1481,
0x95fb0336,
0x402168f8,
0x058ea6f2,
0xbbfa8336,
0x0a0f00f1,
0xf0230fd0,
0x20215f22,
0x40930146,
0x0063a6f2,
0x0287058e,
0x068efb70,
0x068e10b8,
0xfae73e81,
0x2092f895,
0x2284068e,
0xda058e86,
0x81088e2e,
0x95fada3e,
0x402167f8,
0x058ea5f2,
0x8efa5a52,
0x8e5cb406,
0xfacc3606,
0x2093f895,
0x4a84068e,
0xdb058e6b,
0x36088e2a,
0xf895fabf,
0xf2402166,
0x36058ea4,
0x810b8e3f,
0x078efd08,
0x8ea40881,
0x2c088107,
0xb8068efb,
0x52068e52,
0xf895faa3,
0x068e2091,
0x8e423885,
0x8e70da05,
0xfa965208,
0x2165f895,
0x8ea3f240,
0x8e165205,
0xd0095205,
0x63a3f240,
0x81058e0f,
0x4e048e5c,
0xf0049201,
0x068efb04,
0x068e50b7,
0x95fa7b50,
0x20008ef8,
0x3286068e,
0x8e20f91a,
0xfa6e500b,
0x2164f895,
0x8ea2f240,
0x8eee5005,
0x8e08db07,
0xfa603606,
0x208ff895,
0x5a86068e,
0xd8058eff,
0x36088e52,
0xf895fa53,
0xf2402163,
0x36058ea1,
0x088ef9d3,
0x63a10681,
0x81058e0f,
0x81088e5a,
0x078ec106,
0x068e6683,
0x95fa3850,
0x8e208df8,
0xd7468706,
0x2eda058e,
0x2b50088e,
0x402205fa,
0x058eabf2,
0x95f9ac4e,
0x4021a8f8,
0x068e6cf2,
0x95f90e96,
0x4f21acf8,
0x068eeef4,
0x078e0084,
0x8e6a62db,
0xfa008406,
0x16ba068e,
0x85058e13,
0x95fa093c,
0x7f30d8f8,
0x84f44f22,
0x013a058e,
0x8e2320fa,
0x068e2a04,
0x95f9fa62,
0x4021a9f8,
0x058e6df2,
0x95f97a1c,
0x4021adf8,
0x058e71f2,
0x078e730e,
0x068e50de,
0x068ee556,
0x56078e64,
0xf895f9de,
0x227f30d9,
0x8e09f240,
0x8ed61005,
0x8e168405,
0xf9cf5608,
0x21aaf895,
0x8e6ef240,
0xf9008806,
0x21aef895,
0x8e72f240,
0x8e480e05,
0x6b2c8107,
0xba56058e,
0xb9068ef9,
0x56068e2a,
0xf895f9b3,
0x81058eda,
0x058e852c,
0x058eab2c,
0x8e6b1483,
0xf9a45607,
0x21abf895,
0x8e6ff240,
0xf9241c05,
0x21aff895,
0x8e73f240,
0x8e1d0e05,
0x8e2c8107,
0xf98f5606,
0x3ab9068e,
0x8856068e,
0xdbf895f9,
0x2c81058e,
0x10058e0b,
0x81058e80,
0x56088e2c,
0xf895f979,
0xf44f21b4,
0x82058eef,
0x95f8f94a,
0x4021b0f8,
0x058e74f2,
0x95f8f256,
0x4f21b8f8,
0x058ef0f4,
0x95f8eb1c,
0x4021b9f8,
0x058e81f2,
0x95f8e41c,
0x4021baf8,
0x058e82f2,
0x95f8dd0e,
0x4021bbf8,
0x058e83f2,
0x95f8d60e,
0x4021bcf8,
0x82068ef2,
0x95f8cf72,
0x4021bdf8,
0x81068ef2,
0x95f8c854,
0x4021bef8,
0x058e86f2,
0x95f8c10e,
0x4021bff8,
0x058e87f2,
0x95f8ba0e,
0x4f21c0f8,
0x058ef1f4,
0x078eb370,
0x068e66dd,
0x8e250083,
0x8e7ae107,
0x1e548106,
0x04f895f9,
0x4022ff32,
0x058ee1f6,
0x058e161e,
0x088e72df,
0xf90f0083,
0x21b5f895,
0x8e79f240,
0xf88f5605,
0x21b1f895,
0x8e75f240,
0xf8880e05,
0x21c1f895,
0x8e89f240,
0xf8810e05,
0x21c2f895,
0x8e8af240,
0xf8008406,
0x21c3f895,
0x068ef240,
0xf8736a89,
0x21c4f895,
0x068ef240,
0xf86c348a,
0x21c5f895,
0x8e8df240,
0xf80e9a06,
0x21c6f895,
0x008ef240,
0x5e0e058e,
0xc7f895f8,
0x8ff24021,
0x570e058e,
0xc8f895f8,
0xf2f44f21,
0x4681058e,
0xf895f850,
0xf24021c9,
0x1c058e91,
0xde078e49,
0x81068e74,
0x068ebb54,
0x078e3cde,
0xf8b45481,
0x8e05f895,
0xe2548105,
0xac1e058e,
0x68de058e,
0x5481088e,
0xf895f8a5,
0xf24021b6,
0x48058e7a,
0xf895f825,
0xf24021b2,
0x0e058e76,
0xf895f81e,
0xf24021ca,
0x0e058e92,
0xf895f817,
0xf24021cb,
0x0e058e93,
0xf895f810,
0xf24021cc,
0x0e058e94,
0xf895f809,
0xf24021cd,
0x0e058e95,
0xf895f802,
0xf24021ce,
0x46207196,
0xfffbf003,
0x21cff895,
0x8e97f240,
0xfff40e05,
0x21d0f895,
0x61f3f44f,
0xed0e048e,
0xd1f895ff,
0x99f24021,
0xe61c058e,
0xd2f895ff,
0x9af24021,
0xdf0e058e,
0x30de078e,
0x7c84068e,
0xe4078e51,
0x81068e16,
0x95f84a54,
0x058e06f8,
0x8ee35481,
0x8e421e05,
0x8e308805,
0x3b7c8408,
0xb7f895f8,
0x7bf24021,
0xbb48058e,
0xb3f895ff,
0x77f24021,
0xb40e058e,
0xd3f895ff,
0x9bf24021,
0xad0e058e,
0xd4f895ff,
0x9cf24021,
0xa60e058e,
0xd5f895ff,
0x9df24021,
0x9f0e058e,
0xd6f895ff,
0x9ef24021,
0x980e058e,
0xd7f895ff,
0x9ff24021,
0x910e058e,
0xd8f895ff,
0xf4f44f21,
0x4681058e,
0xf895ff8a,
0xf24021d9,
0x1c058ea1,
0xf895ff83,
0xf24021da,
0x0e058ea2,
0xf895ff7c,
0xf24021db,
0x0e058ea3,
0xdd078e75,
0x8e016b26,
0x8ee70e04,
0x8e38be06,
0x03548105,
0x95ffe0f0,
0x058e07f8,
0x8ee45481,
0x8ed81e05,
0x8e1cc005,
0x03548106,
0x95ffd1f0,
0x803203f8,
0x0ef44f22,
0xc974058e,
0x1e82078e,
0x2c058e6a,
0x58078ec2,
0xbb0e068e,
0x3a820b8e,
0x8eb4f003,
0x8ead740d,
0x01009e05,
0xfa801cf0,
0xa9f2416b,
0x40429a03,
0x7287dff3,
0xebf64022,
0x2420058e,
0x402200ff,
0x058eecf6,
0x8eff1e0c,
0x8ef61804,
0x8e180c05,
0x8ef71805,
0x8e120c05,
0x8e12e105,
0x03428406,
0x058e84f0,
0x088e2881,
0x058e7d0e,
0x81088e1c,
0x0d8e7636,
0xff6f4481,
0xf2402202,
0x82058e7c,
0x8efef00a,
0x8e7d0c04,
0x8eea0c05,
0x8e7e0c05,
0x8ee40c05,
0x8e7f0c05,
0x8ede0c05,
0x8e6adb07,
0x50568106,
0x02c1078e,
0x1c058e89,
0xf895ff49,
0x89058ed0,
0x058e8054,
0x058e4110,
0x088e4ec0,
0x8e3a0681,
0x8e60e107,
0x8e333a06,
0x8e68e407,
0xff2c3a06,
0x8ed4f895,
0x8e823a05,
0x8e241005,
0x8e54e105,
0x8e1d3a08,
0x8e4cc107,
0x8e163a06,
0x8e44e207,
0xff0f3a06,
0x8ed1f895,
0x01728905,
0x3283058e,
0xc1058e07,
0x3a088e6a,
0xe4058e00,
0x3a088e42,
0xe0058ef9,
0x3a088e20,
0xf895fef2,
0x3a058ed5,
0x3a058e05,
0xdf058eea,
0x3a088e6a,
0x81078ee3,
0x83068e68,
0x058edc22,
0x088e26de,
0x95fed53a,
0x058ed2f8,
0x8e812e81,
0x8ecd1005,
0x8e46dd05,
0xc6528208,
0x52de078e,
0xbf3a068e,
0x4ee0058e,
0xb83a088e,
0xd6f895fe,
0x833a058e,
0xb010058e,
0x46de058e,
0xa93a088e,
0x5ee0078e,
0xa23a068e,
0x20e3078e,
0x9b3a068e,
0xd3f895fe,
0x2e81058e,
0x81058e03,
0x058e932e,
0x088e52e0,
0x078e8c3a,
0x068e5ee1,
0x058e853a,
0x3a088e48,
0xf895fe7e,
0x3a058ed7,
0x3a058e07,
0x81058e76,
0x84098e68,
0xde078e00,
0x058e692e,
0x078e683a,
0x058e8a74,
0x95fe613a,
0x058edcf8,
0x058e113a,
0x01fe593a,
0x6292098e,
0xfe52f003,
0x4659462a,
0xf7fc4620,
0x2200fc90,
0x8eb3f240,
0xce048605,
0x0c048efd,
0x0c058eb4,
0x0c058ec8,
0x0c058eb5,
0x0c058ec2,
0x0c058eb6,
0xdb058ebc,
0xbb068e38,
0x2ef0031c,
0x3f2001fe,
0xb0f7c2f7,
0x4022f023,
0x068e6bf2,
0x00fe0084,
0xa9f0002c,
0x01230586,
0x2062f8e0,
0x078e0ff1,
0xf00300be,
0x0a8efe17,
0x80fd986c,
0x926c098e,
0x8c6c0b8e,
0x8e18058e,
0x8e866c06,
0xa616dc05,
0x64b7058e,
0xfdf8f003,
0x8c6c048e,
0xaa058ef7,
0x82068e7c,
0x8ef0fd0e,
0x0378c007,
0x058e70f0,
0x00f77d1e,
0x40220f23,
0x8e21cef2,
0x8e728905,
0xf7731405,
0x048e230f,
0x46068e12,
0x14058ed5,
0x28078e69,
0x28058ecd,
0x14058ecb,
0x28058e5f,
0x28078ecd,
0x14058ec1,
0x2308f755,
0x12078e54,
0x12058eb8,
0x2300f74c,
0x8e542208,
0x8eaf3805,
0xf7431205,
0x22802300,
0x12058e5a,
0x12058ea6,
0x2380f73a,
0x36078e5a,
0x12058e9d,
0x8efff731,
0x1b368109,
0x098e00fd,
0x8e153681,
0xf7221e05,
0xf44f230f,
0x81078eec,
0x02fd8468,
0x2c220f23,
0x7e50058e,
0x2b2200fd,
0x000a058e,
0x2a2200fd,
0xfb0a058e,
0x292200fc,
0xf60a058e,
0x1ade058e,
0x692a068e,
0x2c2380fd,
0x6374078e,
0x2483058e,
0x5d18068e,
0x0f2300fd,
0xbe068e22,
0x56f00340,
0x311a058e,
0x501a058e,
0x38f897fd,
0x8bfa5f30,
0xfa4620f1,
0xff93006b,
0x4df00723,
0x9eb110fd,
0x2bf00248,
0xbb4e9eff,
0x020f00f1,
0x028380f0,
0x97068e22,
0xbef0030a,
0x0c048efc,
0x0c058ea4,
0x0c058eb8,
0x0c058ea3,
0x0c058eb2,
0x0c058ea1,
0x6bfafcac,
0x53acf640,
0xf340429a,
0x068e85aa,
0x8e174e86,
0xfd728906,
0x048e2380,
0x81068e0c,
0x078e1124,
0x068e0ce1,
0x058e0a1c,
0x088e7cc2,
0x058e031c,
0xf6971682,
0x2e840a8e,
0x85058e81,
0x84068e26,
0x058e7b2e,
0x84068e0c,
0x058e752e,
0x84068e0c,
0x078e6f2e,
0x068e28e0,
0xfce12c81,
0xf73f2064,
0x0c8ef675,
0xfcd71a85,
0xf0002c00,
0x23058563,
0x1485088e,
0x0810f107,
0x8ecbf003,
0x06048609,
0x030984eb,
0x8efc4af0,
0x441c850a,
0x3e6e0b8e,
0x8e18058e,
0xfc386e06,
0x1c850c8e,
0x6e058eaa,
0x23c0f63e,
0x514cf240,
0xa014068e,
0x098e09fc,
0xfc9a4883,
0x4883088e,
0x088efc1c,
0x8e174883,
0x12488309,
0x48830b8e,
0x0a8efc85,
0x8e7f4883,
0xfc79180b,
0x60faf44f,
0xf60cf73f,
0x56098e0a,
0x56098e6f,
0x088efbf1,
0x8efbec56,
0xfbe75608,
0x5a3e0a8e,
0x54560b8e,
0x4e560b8e,
0x3f2002fc,
0x00f5e2f7,
0xa6068e23,
0x04f84834,
0x0260bb3d,
0x41f00323,
0xc02340fc,
0x4cf24022,
0x8c058e51,
0x4643fc00,
0x0208f107,
0x36058e05,
0x68bbfef2,
0x3008f8c9,
0xf0402b00,
0x481484bf,
0xfe13f002,
0xf895e7fe,
0xf240212d,
0x30058e11,
0xf895fba9,
0xf240212e,
0x0e058e12,
0xf895fba2,
0xf240212f,
0x0e058e15,
0xf895fb9b,
0xf2402130,
0x0e058e2e,
0xf895fb94,
0xf6402202,
0xf7fe0152,
0x649dbd87,
0x0000f120,
0x64a3f120,
0xfb06f120,
0x068e9604,
0xf24038a6,
0xf89678c1,
0xf003208a,
0xf896fb7d,
0xa6078e8b,
0x76f00338,
0x8cf896fb,
0x34a6078e,
0xfb6ff003,
0x8e8df896,
0x0334a607,
0x96fb68f0,
0x8e008ef8,
0x0334a607,
0x96fb61f0,
0x078e8ff8,
0xf00334a6,
0xf896fb5a,
0xa6078e90,
0x53f00334,
0x91f896fb,
0x34a6078e,
0xfb4cf003,
0x8e92f896,
0x0334a607,
0x96fb45f0,
0x078e93f8,
0xf00334a6,
0xf896fb3e,
0xa6078e94,
0x37f00334,
0x95f896fb,
0x34a6078e,
0xfb30f003,
0x8e96f896,
0x0334a607,
0x96fb29f0,
0x078e97f8,
0xf00334a6,
0xf896fb22,
0xa6078e98,
0x1bf00334,
0x99f896fb,
0x34a6078e,
0xfb14f003,
0x8e9af896,
0x0334a607,
0x96fb0df0,
0x078e9bf8,
0xf00334a6,
0xf896fb06,
0xa6078e9c,
0xfff00334,
0x9df896fa,
0x34a6078e,
0xfaf8f003,
0x8e9ef896,
0x0334a607,
0x96faf1f0,
0x078e9ff8,
0xf00334a6,
0xf896faea,
0xa6078ea0,
0xe3f00334,
0xa1f896fa,
0x34a6078e,
0xfadcf003,
0x8ea2f896,
0x0334a607,
0x96fad5f0,
0x078ea3f8,
0xf00334a6,
0xf896face,
0xa6078ea4,
0xc7f00334,
0xa5f896fa,
0x34a6078e,
0xfac0f003,
0x8ea6f896,
0x0334a607,
0x8efab9f0,
0x0334a608,
0x058eb3f0,
0x068ee30c,
0x8efa0094,
0xcd34a608,
0x018000f8,
0x9ff00392,
0xa6088efb,
0x12058e36,
0x03462393,
0x96fb95f0,
0x078ea7f8,
0xf00338a6,
0xf896fa93,
0xa6078ea8,
0x8cf00338,
0xa9f896fa,
0x38a6078e,
0xfa85f003,
0x8eaaf896,
0x0338a607,
0x96fa7ef0,
0x078eabf8,
0xf00338a6,
0xf896fa77,
0xa6078eac,
0x70f00338,
0xadf896fa,
0x38a6078e,
0xfa69f003,
0x8eaef896,
0x0338a607,
0x96fa62f0,
0x078eaff8,
0xf00338a6,
0xf896fa5b,
0xa6078eb0,
0x54f00338,
0xb1f896fa,
0x38a6078e,
0xfa4df003,
0x8eb2f896,
0x0338a607,
0x96fa46f0,
0x078eb3f8,
0xf00338a6,
0xf896fa3f,
0xa6078eb4,
0x38f00338,
0xb5f896fa,
0x38a6078e,
0xfa31f003,
0x8eb6f896,
0x0338a607,
0x96fa2af0,
0x078eb7f8,
0xf00338a6,
0xf896fa23,
0xa6078eb8,
0x1cf00338,
0xb9f896fa,
0x38a6078e,
0xfa15f003,
0x8ebaf896,
0x0338a607,
0x96fa0ef0,
0x078ebbf8,
0xf00338a6,
0xf896fa07,
0xa6078ebc,
0x00f00338,
0xbdf896fa,
0x38a6078e,
0xf9f9f003,
0x8ebef896,
0x0338a607,
0x96f9f2f0,
0x078ebff8,
0xf00338a6,
0xf896f9eb,
0xa6078ec0,
0xe4f00338,
0xc1f896f9,
0x38a6078e,
0xf9ddf003,
0x8ec2f896,
0x0338a607,
0x96f9d6f0,
0x078ec3f8,
0xf00338a6,
0xf896f9cf,
0xa6078ec4,
0xc8f00338,
0xc5f896f9,
0x38a6078e,
0xf9c1f003,
0x8ec6f896,
0x0338a607,
0x96f9baf0,
0x078ec7f8,
0xf00338a6,
0xf896f9b3,
0xa6078ec8,
0xacf00338,
0xc9f896f9,
0x38a6078e,
0xf9a5f003,
0x8ecaf896,
0x0338a607,
0x96f99ef0,
0x078ecbf8,
0xf00338a6,
0xf896f997,
0xa6078ecc,
0x90f00338,
0xcdf896f9,
0x38a6078e,
0xf989f003,
0x20cef896,
0xbe62f7fe,
0x21eef895,
0x71d6f240,
0x26454620,
0xbe058e03,
0x4021ef0e,
0x2071d7f2,
0x04fb0646,
0x74f00396,
0xf0f895f9,
0xfbf44f21,
0x2888078e,
0xf96bf003,
0x21f4f895,
0x8edcf240,
0xf9646605,
0x21f5f895,
0x8eddf240,
0xf95d0e05,
0x21f6f895,
0x8edef240,
0xf9560e05,
0xf44f2202,
0x0c058e05,
0x2202f950,
0x8e15f240,
0xf94a7e05,
0x2114f896,
0x7c88068e,
0xf943f003,
0x2115f896,
0x7488088e,
0x8e96f93c,
0x8e34ef05,
0x35748806,
0x17f896f9,
0x88088e21,
0x96f92e74,
0x44ee058e,
0x7488068e,
0xf896f927,
0x088e2119,
0xf9207488,
0xed058e96,
0x88068e54,
0x96f91974,
0x8e211bf8,
0x12748808,
0x1cf896f9,
0x88088e21,
0x96f90b74,
0x8e211df8,
0x04748808,
0x1ef896f9,
0x88088e21,
0x96f8fd74,
0x8e211ff8,
0xf6748808,
0x20f896f8,
0x88088e21,
0x96f8ef74,
0x8e2121f8,
0xe8748808,
0x22f896f8,
0x88088e21,
0x96f8e174,
0x8e2123f8,
0xda748808,
0x24f896f8,
0x88088e21,
0x96f8d374,
0x8e2125f8,
0xcc748808,
0x26f896f8,
0x88088e21,
0x96f8c574,
0x58b7058e,
0x7488068e,
0xf896f8be,
0x088e2128,
0xf8b77488,
0xb7058e96,
0x88068e56,
0x96f8b074,
0x8e212af8,
0xa9748808,
0x058e96f8,
0x068e54b7,
0xf8a27488,
0x212cf896,
0x7488088e,
0x8e96f89b,
0x8e2a8c05,
0x94748806,
0x058e96f8,
0x068e2a8c,
0xf88d7488,
0x8c058e96,
0x88068e2a,
0x96f88674,
0x2a8c058e,
0x7488068e,
0x0a8ef87f,
0x8e797488,
0x068e0c05,
0xf8737488,
0x7488108e,
0x128ef965,
0xf95b7488,
0xb4058e96,
0x88068e0c,
0x96f85974,
0x0cb4058e,
0x7488068e,
0x8e96f852,
0x8e5ecf05,
0x4b748806,
0x058e96f8,
0x068e5ecf,
0xf8447488,
0xcf058e96,
0x88068e5e,
0x96f83d74,
0x8e2136f8,
0x36748808,
0x37f896f8,
0x88088e21,
0x96f82f74,
0x8e2138f8,
0x28748808,
0x39f896f8,
0x88088e21,
0x96f82174,
0x16d0058e,
0x7488068e,
0xf896f81a,
0x088e213b,
0xf8137488,
0x213cf896,
0x7488088e,
0xf896f80c,
0x088e213d,
0xf8057488,
0x213ef896,
0x7488068e,
0xfffef002,
0x213ff896,
0x7488068e,
0xfff7f002,
0x2140f896,
0x7488068e,
0xfff0f002,
0x2141f896,
0x7488068e,
0xffe9f002,
0x2142f896,
0x7488068e,
0xffe2f002,
0x2143f896,
0x7488068e,
0xffdbf002,
0x2144f896,
0x7488068e,
0xffd4f002,
0x2145f896,
0x7488068e,
0xffcdf002,
0x2146f896,
0x7488068e,
0xffc6f002,
0x2147f896,
0x7488068e,
0xffbff002,
0x2148f896,
0x7488068e,
0xffb8f002,
0x2149f896,
0x7488068e,
0xffb1f002,
0x214af896,
0x7488068e,
0xffaaf002,
0x214bf896,
0x7488068e,
0xffa3f002,
0xd1058e96,
0x058e075a,
0x96ff9c0e,
0x8e214df8,
0x02748806,
0x96ff95f0,
0x8e214ef8,
0x02748806,
0xff008ef0,
0x214ff896,
0x7488068e,
0xff87f002,
0x2150f896,
0x7488068e,
0xff80f002,
0x2151f896,
0x7488068e,
0xff79f002,
0x2152f896,
0x7488068e,
0xff72f002,
0x2153f896,
0x7488068e,
0xff6bf002,
0x2154f896,
0x7488068e,
0xff64f002,
0x2155f896,
0x7488068e,
0xff5df002,
0x2156f896,
0x7488068e,
0xff56f002,
0x2157f896,
0x7488068e,
0xff4ff002,
0x2158f896,
0xbc28f7fe,
0xf6406bfa,
0x429a739e,
0x8e6bdd0e,
0x02489f07,
0x098e40f0,
0xf002489f,
0x226bff3a,
0xb81af7ff,
0x9428048e,
0x28048e63,
0x28098e63,
0x280b8e2c,
0x2263ff26,
0xb806f7ff,
0x1e098e53,
0x1e0b8e1d,
0x2253ff17,
0xbff7f7fe,
0x088e465a,
0x8eff0e1e,
0x068e0c04,
0x058e081e,
0x058ef60c,
0x5aff020c,
0xe8f7fe46,
0xff2306bf,
0x40b958f7,
0xff461a23,
0x8eba54f7,
0xba9b0e04,
0x1893068e,
0x5e8b068e,
0x68bbfa26,
0x070e048e,
0xc9462021,
0x433010f8,
0x708c058e,
0x0814068e,
0x1814058e,
0x1214058e,
0x8e68bbfa,
0xc95c9308,
0x803020f8,
0x49f00223,
0x930c8eff,
0xd7fa0162,
0xb88008f8,
0x5aa1068e,
0x0248b085,
0x01f922f0,
0xc0553323,
0x84ea4f23,
0x3c088e08,
0xff2ef002,
0x0308eb06,
0x2b13689b,
0x5d33d10d,
0x686bb15b,
0xf0234aa6,
0x4293437f,
0x48a4d105,
0xf907f002,
0x22011933,
0x048e709a,
0x05689a26,
0x1ad10c2a,
0x092a0169,
0x406999d1,
0x1bd10629,
0x032b086a,
0x0b5d33d1,
0x1a1933b9,
0xbb0a8e71,
0x02f0023a,
0x078e03ff,
0xf0026695,
0x068efefc,
0xf04f6695,
0xf00209ff,
0x8e0dfe7c,
0x026a9505,
0x40fe77f0,
0x058eff23,
0xf0026c95,
0x9d058eea,
0x30068e7c,
0x088efee4,
0x8e026c95,
0x8e72a107,
0x8ed81806,
0x6c2c9d05,
0x5a0a8ef0,
0x5a078ecf,
0xfe51f002,
0x56078e01,
0x2315fe4c,
0x048e464a,
0x00e9cd56,
0x02462339,
0x058e3ef0,
0x068e38e3,
0x0b8eb632,
0x0b8eb05c,
0x058eaa5c,
0x0b8e3e5c,
0x098ea15c,
0x02fe235c,
0x1e5c078e,
0x0f8e17fe,
0x0b8e105c,
0x0b8e885c,
0x0b8e825c,
0x058e7c5c,
0x0b8e105c,
0x098e735c,
0x03fdf55c,
0xf05c078e,
0x0f8e19fd,
0x0b8ee25c,
0x0b8e5a44,
0x0b8e545c,
0x01fe4e18,
0xe2f73e20,
0x5c0a8ef7,
0x5c098e45,
0x8e0bfdc7,
0xfdc25c07,
0x0308eb06,
0x9008f8d3,
0x0f13f1b9,
0x691ad112,
0x699ab982,
0x8e0d2a01,
0x0a428305,
0x02f1bbd1,
0x29d1070f,
0x0ff00248,
0x1b464af8,
0xa834058e,
0x1b22fffd,
0x098e2923,
0xf0024eb0,
0x780b8e9a,
0x810b8e12,
0x0b8e0c10,
0x058e0618,
0x8e9a1081,
0xfd10810b,
0x029e078e,
0xfd7ff002,
0x81078e0c,
0x058e7a10,
0x689a1081,
0xd11c2a13,
0xb9d2691a,
0x2b02699b,
0x83d0f041,
0x0f02f1bb,
0x83ccf041,
0xf0014808,
0x2242ffca,
0x2e058e1e,
0xe009fd63,
0xf12064ae,
0x0058e000,
0xf12094f7,
0xf12064b1,
0xf12064b8,
0x08fff04f,
0x8e42231e,
0x38348208,
0xf0024623,
0x810b8e48,
0x098ec00c,
0xf002529e,
0x9e098eba,
0xb4f00252,
0x3e2001fd,
0x0b8e48f7,
0x8eab2481,
0x2d248109,
0x078e0efd,
0xfd282481,
0x5c0f8e1d,
0x5c0b8e1a,
0x5c0b8e92,
0x5c0b8e8c,
0x5c058e86,
0x5c0b8e1a,
0x5c098e7d,
0x8e16fcff,
0xfcfa5c07,
0x5c0f8e60,
0x440b8eec,
0x5c0b8e64,
0x180b8e5e,
0x5c058e58,
0x0a8ef6ec,
0xf002589b,
0x8e06fd4e,
0xfd486a09,
0x6a078e84,
0x8ef0fcca,
0x8ec56a07,
0x02249d07,
0x098ec0f0,
0xf002369c,
0x620b8e33,
0x620b8e2d,
0x62058e27,
0x0a8ef6bb,
0x85fd1e54,
0xa054078e,
0x078e10fc,
0x098e9b54,
0x0b8e9654,
0x0b8e0954,
0x0b8e0354,
0x8efcfd54,
0xf6915404,
0x810b8e80,
0x8efcf336,
0xfced620a,
0x3681088e,
0x81098e6f,
0x098e6a36,
0x0b8e6562,
0x098ed862,
0xf002049e,
0x180b8ed2,
0x62058ecc,
0x810b8e60,
0x8efcc336,
0x45368108,
0x3681098e,
0x54098e40,
0x3c0b8e3b,
0x540b8eae,
0x180b8ea8,
0x54058ea2,
0xa00b8e36,
0x98f00210,
0x4f2320fc,
0x058ea1f4,
0xf00232a0,
0x8e10fc91,
0xfc8a0e0b,
0x56a5088e,
0xfc0bf002,
0x56a5088e,
0x8e05f002,
0xf6124805,
0x56a50a8e,
0x8e74f002,
0xf6081405,
0x56a50a8e,
0x8e6af002,
0xf5fe1405,
0x56a50a8e,
0x8e60f002,
0xf5f41405,
0x56a50a8e,
0x8e56f002,
0xf5ea1405,
0x56a5088e,
0x8e4df002,
0xf5e11205,
0x56a5088e,
0x8e44f002,
0xf5d81205,
0x56a5088e,
0x8e3bf002,
0xf5cf1205,
0x56a5088e,
0x8e32f002,
0xf5c61205,
0x56a5088e,
0xfbb0f002,
0x068e4620,
0xf00258a5,
0x048efbaa,
0xbbf5b71e,
0x000f00f1,
0xd58165f0,
0x193088f8,
0xb6d50406,
0x2049b622,
0x9cf00646,
0x850a8ef9,
0x078e0d60,
0xf04f44a1,
0xf00209f0,
0x068efb8d,
0xf04f5e8b,
0xf0020afd,
0x8ec0fb86,
0xf9628b09,
0x4ea1098e,
0xfbf3f002,
0x76820a8e,
0x180b8eed,
0x2001fbe7,
0x080ff04f,
0xf579f73e,
0x26a2088e,
0xfbdcf002,
0x83078e80,
0x078e5e4e,
0xf00226a2,
0xa2078e59,
0x54f00226,
0xc7400b8e,
0xc1580b8e,
0xbb180b8e,
0x5081058e,
0x8e5ff54f,
0xa65e8205,
0x8a0a8e61,
0x23fc3064,
0x26e8058e,
0x14048ea4,
0xcda000f8,
0x029004f8,
0x5ffc25f0,
0x8e464223,
0x8e1ea606,
0x1b228708,
0x8e4623fc,
0x8ea11404,
0x02802a0a,
0x078e10f0,
0x17408581,
0x688f058e,
0x68058e87,
0x8e20f51b,
0x020ca609,
0x058e7df0,
0x088e0881,
0x058e7622,
0x8ef50a22,
0x0230a508,
0x8efaf4f0,
0x021aa608,
0x058eeef0,
0x058eb50c,
0x058ee80c,
0x058eb60c,
0x058ee20c,
0x068e78be,
0xf0021aa6,
0x44058e54,
0x23b0f4e8,
0x068e464a,
0xf0021aa6,
0x2c00fb4a,
0x8140f001,
0x46422305,
0x1aa6068e,
0xfb40f002,
0xc1660a8e,
0xa6088efa,
0xbbf00212,
0xb5660b8e,
0x8e18058e,
0xfaaf6606,
0x12a60a8e,
0x8e21f002,
0xf4b56605,
0x4ca9088e,
0xfb18f002,
0x4a89088e,
0x088efa9a,
0xfa950883,
0x0883088e,
0x81058e90,
0x2a068e24,
0x830b8e03,
0x0b8efd08,
0x8efaf718,
0xf156830a,
0x4e088efa,
0x4e098e73,
0x4e098e6e,
0x360b8e69,
0x0a8efadc,
0x0b8ed64e,
0x01fad018,
0x64f73e20,
0x335d33f4,
0x8a0c8eb1,
0x40fac414,
0x0a462021,
0x8effcff0,
0x0c8e1a04,
0xfab74287,
0x04da68ab,
0x80aff141,
0x8ec02300,
0x4f2e8605,
0x020803f0,
0x02faabf0,
0x13bf00e0,
0x3390bf19,
0x00789b19,
0xa5f0012b,
0xbd068e80,
0x0af00248,
0x28f886fa,
0xbd068e00,
0x03f00200,
0x29f886fa,
0xbc068e00,
0xfcf00238,
0x2af886f9,
0xbb068e00,
0xf5f00270,
0x2bf886f9,
0xbe068e00,
0xeef0023a,
0x2cf886f9,
0xbd068e00,
0xe7f00272,
0x2df886f9,
0xbd068e00,
0xe0f0022a,
0x2ef886f9,
0xbc068e00,
0xd9f00262,
0x2ff886f9,
0xbe068e00,
0xd2f00264,
0x30f886f9,
0xbe068e00,
0xcbf0021c,
0x31f886f9,
0xbd068e00,
0xc4f00254,
0x32f886f9,
0xbd068e00,
0xbdf0020c,
0x33f886f9,
0xbc068e00,
0xb6f00244,
0x34f886f9,
0xba068e00,
0xaff0027e,
0x35f886f9,
0xb9068e00,
0xa8f00238,
0x36f886f9,
0xb7068e00,
0xa1f00272,
0x37f886f9,
0xbd068e00,
0x9af0020a,
0x38f886f9,
0xbb068e00,
0x93f00244,
0x39f886f9,
0xb9068e00,
0x8cf0027e,
0x3af886f9,
0xb8068e00,
0x85f00238,
0x3bf886f9,
0xbd068e00,
0x7ef00226,
0x3cf886f9,
0xbd068e00,
0x77f00226,
0x3df886f9,
0xbd068e00,
0x70f00226,
0x3ef886f9,
0xbd068e00,
0x69f00226,
0x3ff886f9,
0xbd068e00,
0x62f00226,
0x40f886f9,
0xbd068e00,
0x5bf00226,
0x41f886f9,
0xbd068e00,
0x54f00226,
0x42f886f9,
0xbd068e00,
0x4df00226,
0x43f886f9,
0xbd068e00,
0x46f00226,
0x44f886f9,
0xbc068e00,
0x3ff00250,
0x45f886f9,
0xbc068e00,
0x38f00250,
0x46f886f9,
0xbc068e00,
0x31f00250,
0x47f886f9,
0xbc068e00,
0x2af00250,
0x48f886f9,
0xbc068e00,
0x23f00250,
0x49f886f9,
0xbc068e00,
0x1cf00250,
0x4af886f9,
0xbc068e00,
0x15f00250,
0x4bf886f9,
0xbc068e00,
0x0ef00250,
0x4cf886f9,
0xbc068e00,
0x07f00250,
0x4df886f9,
0xbb068e00,
0x00f0027a,
0x4ef886f9,
0xbb068e00,
0xf9f0027a,
0x4ff886f8,
0xbb068e00,
0xf2f0027a,
0x50f886f8,
0xbb068e00,
0xebf0027a,
0x51f886f8,
0xbb068e00,
0xe4f0027a,
0x52f886f8,
0xbb068e00,
0xddf0027a,
0x53f886f8,
0xbb068e00,
0xd6f0027a,
0x54f886f8,
0xbb068e00,
0xcff0027a,
0x55f886f8,
0xbb068e00,
0xc8f0027a,
0x56f886f8,
0xbb068e00,
0xc1f00224,
0x57f886f8,
0xbb068e00,
0xbaf00224,
0x58f886f8,
0xbb068e00,
0xb3f00224,
0x59f886f8,
0xbb068e00,
0xacf00224,
0x5af886f8,
0xbb068e00,
0xa5f00224,
0x5bf886f8,
0xbb068e00,
0x9ef00224,
0x5cf886f8,
0xbb068e00,
0x97f00224,
0x5df886f8,
0xbb068e00,
0x90f00224,
0x5ef886f8,
0xbb068e00,
0x89f00224,
0x5ff886f8,
0xc0068e00,
0x82f00202,
0x60f886f8,
0xbe068e00,
0x7bf0023c,
0x61f886f8,
0xbc068e00,
0x74f00276,
0x62f886f8,
0xbb068e00,
0x6df00230,
0x86686bf8,
0x030063f8,
0xb34370f0,
0x405f40f1,
0x3186f7f0,
0xddf00148,
0x098e04fa,
0x607b2e87,
0xf0022380,
0x068ef8eb,
0xfdf63287,
0x3088f8d5,
0xd50607db,
0x8e422300,
0x0060b505,
0x67f00993,
0x16048efc,
0xd50407de,
0x0914068e,
0x1ed7078e,
0x048ed010,
0x0c055818,
0x8e462bd5,
0xdf4cf208,
0x042802f9,
0xb6068ed1,
0x02f7fa1c,
0x22048eff,
0x8e070799,
0x9301500b,
0xfeacf007,
0x5a18048e,
0x7bd51d07,
0x4f260068,
0x030932f0,
0xcd40058e,
0x019000f8,
0x03960296,
0x09230c93,
0x7bf94bf0,
0x0f8e0268,
0x09230318,
0x01f93ff0,
0x2064bce0,
0x4026fff1,
0x3203e1f6,
0x19f24046,
0x00e9cd11,
0x23462036,
0x7ff04f46,
0x05f00209,
0xe2f640f9,
0x4f463203,
0x8e718df4,
0x36428c05,
0xf0024623,
0xf640f8fa,
0x30058ee3,
0x0a8e111b,
0x40f8ef16,
0x058ee4f6,
0x8e008e2c,
0xf8e42c0b,
0x7384f44f,
0xf240464a,
0x2c068e1d,
0x2e8d058e,
0xf240f8d9,
0x464a1309,
0x8e8ff44f,
0x058e2c06,
0x4ff8ce16,
0x058e85f4,
0x0b8e1f2c,
0x40f8c32c,
0x058e0bf2,
0x0b8e902c,
0x4ff8b82c,
0x8e73b0f4,
0x8e2c6e04,
0xf8ad6e0b,
0x1361f240,
0xf2404632,
0x95068eb1,
0x16058e14,
0xf44ff8a2,
0x048e73b1,
0x0b8eb216,
0x40f89716,
0x058e63f2,
0x0b8eb32c,
0x4ff88c16,
0x058eb6f4,
0x0b8e2d58,
0x4ff88158,
0x058ebaf4,
0x0b8eb542,
0x40f8762c,
0x058e6df2,
0x0b8eb642,
0x4ff86b16,
0x058eb7f4,
0x0b8eb72c,
0x40f86016,
0x8e136ff2,
0x8e2e5804,
0xf855580b,
0x8eb8f44f,
0x8eb92c05,
0xf84a2c0b,
0x8e71f240,
0x8eba5805,
0xf83f160b,
0x8eb9f44f,
0x8ebb2c05,
0xf834160b,
0x8e73f240,
0x8e2f5805,
0xf829580b,
0x8ebff44f,
0x8ec62c05,
0xf81e2c0b,
0x8e7ff240,
0x8ec75805,
0xf813160b,
0x8ec0f44f,
0x32728105,
0x08420b8e,
0xc3f44ff8,
0xc942058e,
0x012c098e,
0x40fffdf0,
0x058e81f2,
0x0b8eca42,
0x4ffff216,
0x058ec1f4,
0x0b8ecb2c,
0x40ffe716,
0x058e83f2,
0x8e331a81,
0xf0015809,
0xf44fffdc,
0x2c058ec2,
0x2c0b8ecf,
0xf240ffd1,
0x2c058e85,
0x2c0b8e34,
0xf44fffc6,
0x2c058ec8,
0x2c0b8eda,
0xf44fffbb,
0x16058ecc,
0x160b8edb,
0xf240ffb0,
0x42058e91,
0x420b8e37,
0xf44fffa5,
0x2c058ec9,
0x2c0b8edd,
0xf240ff9a,
0x81058e93,
0x0b8ede46,
0x4fff8f16,
0x058ecaf4,
0x0b8edf2c,
0x40ff8416,
0x058e95f2,
0x0b8e3858,
0x4fff7958,
0x058ecbf4,
0x0b8ee12c,
0x40ff6e2c,
0x058e97f2,
0x0b8ee258,
0x4fff6316,
0x058ed1f4,
0x8e3b6082,
0xff58420b,
0x8ed5f44f,
0x8eed4205,
0xff4d2c0b,
0x8ea3f240,
0x8eee4205,
0xff42160b,
0x8ed2f44f,
0x8eef2c05,
0xff37160b,
0x8ea5f240,
0x3c1a8105,
0x2c580b8e,
0xd3f44fff,
0xf12c058e,
0x212c0b8e,
0xa7f240ff,
0xf258058e,
0x16160b8e,
0xd4f44fff,
0xf32c058e,
0x0b160b8e,
0xa9f240ff,
0x3d58058e,
0x4f58098e,
0x010a1ff0,
0x40fefef0,
0x527374f2,
0xa7f24046,
0x3a1a068e,
0xf330048e,
0x75f240fe,
0x4f465273,
0x068ef5f4,
0x058e6694,
0x40fee816,
0x058e76f2,
0x0b8ea92c,
0x40fedd2c,
0x058e77f2,
0x0b8eaa16,
0x40fed216,
0x058e6cf2,
0x0b8eab16,
0x40fec716,
0x058e6df2,
0x0b8eac16,
0x40febc16,
0x058e6ef2,
0x0b8ead16,
0x40feb116,
0x058e6ff2,
0x0b8eae16,
0x32fea616,
0x4f232246,
0x207106f4,
0x1df00146,
0x400e058e,
0x8e2119f2,
0x8e160e04,
0x8e081c07,
0x8e0f1c05,
0x8e211c07,
0xfe081c05,
0x23334632,
0x8e1af240,
0x8e010e05,
0x8e1b0e07,
0xfdfa0e05,
0x222a068e,
0xf30e058e,
0x230e078e,
0xec0e058e,
0x4f0e058e,
0x058e0df4,
0x078ee554,
0x058e351c,
0x32fdde1c,
0x40230046,
0x058e36f2,
0x078ed70e,
0x058e370e,
0x058ed00e,
0x0ef44f0e,
0xc938058e,
0x391c078e,
0xc21c058e,
0x444632fd,
0x14f44f23,
0xbb1c058e,
0x400e058e,
0x058e51f2,
0x32fdb41c,
0x4f233346,
0x058e16f4,
0x058ead1c,
0x59f2400e,
0xa61c058e,
0x1538078e,
0x9f1c058e,
0x5538078e,
0x981c058e,
0x5a2a078e,
0x910e058e,
0x5b0e078e,
0x8a0e058e,
0xebf640fd,
0x40463203,
0x8e012ef6,
0x0114840a,
0xecf640fe,
0x2f16058e,
0xf6160b8e,
0xf6f640fd,
0x6616058e,
0xeb160b8e,
0xf7f640fd,
0x6716058e,
0xe0160b8e,
0x80f44ffd,
0x6c84058e,
0x8c098e21,
0xd5f00134,
0x01f240fd,
0x6c84058e,
0x850b8e91,
0x4ffdca44,
0x058e81f4,
0x0b8e232c,
0x40fdbf2c,
0x058e03f2,
0x0b8e922c,
0x4ffdb42c,
0x058e82f4,
0x8e25348c,
0x01348c09,
0x40fda9f0,
0x058e05f2,
0x8e93348c,
0x01348c09,
0x4ffd9ef0,
0xf87383f4,
0x2e048e4e,
0x2e0b8e27,
0xf240fd92,
0x2e058e07,
0x2e0b8e94,
0xf896fd87,
0x8e0d2060,
0xa4168205,
0x61f896fb,
0x058e1120,
0x96fb9e0c,
0x058e62f8,
0xf0013ee5,
0xf896fb98,
0xe5058e63,
0x92f0011a,
0x28f896fb,
0x058e0c20,
0x96fb8c0c,
0x102029f8,
0x860c058e,
0x2af896fb,
0x058e1420,
0x96fb800c,
0x058e2bf8,
0xf0016ee5,
0x088efb7a,
0xfb135e8f,
0x2030f896,
0x3896068e,
0xfc50f001,
0x2031f896,
0x3896068e,
0xfc49f001,
0xdd058e96,
0x058e7234,
0x96fc420e,
0x34dd058e,
0x0e058e73,
0x8e96fc3b,
0x7434dd05,
0x340e058e,
0x35f896fc,
0x96068e20,
0x2df00138,
0x058e96fc,
0x8e7634dd,
0xfc260e05,
0xdd058e96,
0x058e7734,
0x96fc1f0e,
0x8e2038f8,
0x01389606,
0x96fc18f0,
0x8e2039f8,
0x01389606,
0x96fc11f0,
0x34dd058e,
0x0e058e7a,
0x8e96fc0a,
0x7b34dd05,
0x030e058e,
0x058e96fc,
0x8e6c14df,
0xfbfc0e05,
0xdf058e96,
0x058e6d14,
0x96fbf50e,
0x14df058e,
0x0e058e6e,
0x8e96fbee,
0x6f14df05,
0xe70e058e,
0x3cf896fb,
0x96068e20,
0xe0f00170,
0x3df896fb,
0x96068e20,
0xd9f00170,
0x058e96fb,
0x8e826cdd,
0xfbd20e05,
0xdd058e96,
0x058e836c,
0x96fbcb0e,
0x6cdd058e,
0x0e058e84,
0xf896fbc4,
0x068e2041,
0xf0017096,
0x8e96fbbd,
0x866cdd05,
0xb60e058e,
0x058e96fb,
0x8e876cdd,
0xfbaf0e05,
0x2044f896,
0x7096068e,
0xfba8f001,
0x2045f896,
0x7096068e,
0xfba1f001,
0x2046f896,
0x7096068e,
0xfb9af001,
0x2047f896,
0x7096068e,
0xfb93f001,
0x2048f896,
0x7096068e,
0x4483068e,
0x068e2049,
0xf0017096,
0xf896fb85,
0x068e204a,
0xf0017096,
0xf896fb7e,
0x068e204b,
0xf0017096,
0xf896fb77,
0x068e204c,
0xf0017096,
0xf896fb70,
0x068e204d,
0xf0017096,
0xf896fb69,
0x068e204e,
0xf0017096,
0xf896fb62,
0x068e204f,
0xf0017096,
0xf896fb5b,
0x068e2050,
0xf0017096,
0xf896fb54,
0x068e2051,
0xf0017096,
0xf896fb4d,
0x068e2052,
0xf0017096,
0xf896fb46,
0x068e2053,
0xf0017096,
0xf896fb3f,
0x068e2054,
0xf0017096,
0xf896fb38,
0x068e2055,
0xf0017096,
0xf896fb31,
0x068e2056,
0xf0017096,
0xf896fb2a,
0x068e2057,
0xf0017096,
0xf896fb23,
0x068e2058,
0xf0017096,
0xf896fb1c,
0x068e2059,
0xf0017096,
0xf896fb15,
0x068e205a,
0xf0017096,
0xf896fb0e,
0x068e205b,
0xf0017096,
0xf896fb07,
0x068e205c,
0xf0017096,
0xf896fb00,
0x068e205d,
0xf0017096,
0xf896faf9,
0x068e205e,
0xf0017096,
0xf896faf2,
0x068e205f,
0xf0017096,
0x048efaeb,
0x8efedf06,
0x01549d0a,
0x8efb5af0,
0x65229606,
0x9d0a8ef8,
0x4ff00150,
0x8e4e12fb,
0x017e9d0e,
0x8efb45f0,
0x08449612,
0x058ec5f0,
0x8e223296,
0xd8329605,
0x06d50b06,
0x001c098e,
0xc4f00623,
0x8ee002fe,
0x4cba8106,
0x3096058e,
0x8ed50405,
0x06509606,
0x058ea1f0,
0x05071a4e,
0x054e098e,
0x058e19f0,
0x8edb5696,
0xda10970b,
0x97168ef8,
0x17f00710,
0x970c8efc,
0x8ef93a10,
0xe4109716,
0x97058ef8,
0xf1400610,
0x068e80fb,
0x80e774a4,
0x048e2300,
0x0393021c,
0x05930493,
0x2d930693,
0x0632078e,
0x058eb9f0,
0x07591098,
0x068ed55b,
0x1680fe2c,
0xb99004f8,
0xe50c058e,
0x93193380,
0x058e02f8,
0x4fd1240e,
0x8e0a32f0,
0x0178a80a,
0x0cfab7f0,
0x97098e23,
0xa3058e6a,
0x08f8cd6c,
0x0cf8cd90,
0x54f00890,
0x8e2303fb,
0x8e6e9709,
0xfb461c0f,
0x62820c8e,
0x687bfa94,
0x0900f04f,
0x015e048e,
0x0332118e,
0x08230c93,
0x7bfb2df0,
0x03930368,
0x0d8e4a23,
0x99068e1c,
0x33fb1f24,
0x8eb32b5d,
0x2618810a,
0x6af00144,
0x5378b3fa,
0x88f8d5b9,
0x06079220,
0x5882078e,
0x1c82068e,
0x82058e56,
0x05069b1c,
0x098e01d5,
0xfe580283,
0x06840c8e,
0xe1058e4c,
0xb1f47b06,
0x66f895ac,
0x40462021,
0x0261a4f2,
0x01b2d23a,
0x95f9c6f0,
0x068e63f8,
0x8e609b81,
0xf9bd1207,
0x088e465b,
0xf0014aa4,
0x2001fa2f,
0xf3c3f73d,
0x9e81088e,
0x0161a672,
0x058e25f0,
0xfbf3b914,
0xc8bc89f7,
0x06f00048,
0x04f806fc,
0xfe234080,
0x8ebae2f7,
0x6936af05,
0xf47e2a01,
0x6a1bac41,
0xf47e2b08,
0xf1bbac3d,
0xf47e0f02,
0x48beac39,
0xbc24f7fe,
0xf7fe2306,
0xf04fbebe,
0xf7fe080f,
0x2300bf59,
0xb90af7ff,
0xe6ab607b,
0xf8cd2332,
0xf8cdb000,
0xf8cdb004,
0xf8cdb008,
0xf8cdb00c,
0xf8cdb010,
0xf8cdb014,
0xe711b018,
0xf57f0698,
0x0a8eaf14,
0xfde76281,
0xf04fe70c,
0x230c0a32,
0x6282128e,
0x1483068e,
0x048efa7c,
0xfbe74d08,
0x8e465a6b,
0xf5b3580c,
0xbfd86f16,
0xbfc8233c,
0x93002332,
0xe7444643,
0xf04f20c8,
0xf73d09ff,
0xf895f34f,
0x462020b1,
0xf04f210d,
0xf001087f,
0xf895f937,
0x462020b2,
0xf04f2110,
0xf0010a64,
0xf895f92f,
0x462020b3,
0xf0012111,
0xf895f929,
0x462030b4,
0x21122207,
0x8e9bf001,
0x8ef00e07,
0xf9940e05,
0x30b5f895,
0x221f4620,
0xf0012113,
0xf895f98d,
0x462020c4,
0xf0012127,
0xf895f90e,
0x36058ec5,
0xf0012128,
0x0b8ef980,
0xb0149681,
0xf919f001,
0x46592340,
0x3483068e,
0x8e40f972,
0xf90b1c0d,
0xf73d2001,
0x230bf2fe,
0x220f4658,
0xf001212c,
0x465af961,
0x212b4658,
0xf8e3f001,
0x2a0a048e,
0xdef00121,
0x290a058e,
0xd9f00121,
0x58465bf8,
0x058e8046,
0x80f94c2a,
0x1a465823,
0x0c048e46,
0x83058e46,
0x58212c60,
0x40f00146,
0xd454058e,
0x202303f2,
0x3754078e,
0x304620f9,
0x54048e22,
0x2365f8b9,
0x4620464a,
0x088e212a,
0xf9ab388f,
0x46424623,
0x21294620,
0x5ea9088e,
0x8ea1f001,
0x4aa08107,
0x1972048e,
0x20465bf9,
0x1372078e,
0x8e18078e,
0x8e0d0c04,
0x058e7207,
0x058e7289,
0x0b8e9b72,
0x8ef8fe72,
0x8e807208,
0x8e727211,
0x8e687213,
0xf8e0720b,
0xda720a8e,
0x9c81078e,
0x0c048e5e,
0x0a8ef8d4,
0x8ef8ce72,
0x8e627204,
0x8ec5720b,
0x8e477209,
0x8e397211,
0x8e2f7213,
0x8e588107,
0x8ea77204,
0x8ea1720b,
0xf89b720b,
0x068e4620,
0x95f00174,
0x2972058e,
0x06f7fef2,
0x95bf00bc,
0xb5068e83,
0x19181610,
0x05030417,
0x8e020001,
0x00050a04,
0x03010204,
0xc581088e,
0x67451c30,
0x08003218,
0x10245376,
0x31206745,
0x12057880,
0x76846034,
0x08502301,
0x10327465,
0x23014657,
0x73562480,
0x068e1080,
0x02050145,
0x45058e00,
0x8e020104,
0x1c004409,
0x13825046,
0x53860770,
0x57041042,
0x70603128,
0x10423586,
0x18025736,
0x64750840,
0x46072031,
0x18508312,
0x20306574,
0x033b048e,
0x078e0405,
0x00030a81,
0x05010204,
0x57450a8e,
0x87102038,
0x60234501,
0x21307564,
0x10346580,
0x64782078,
0x23501302,
0x00814567,
0x02136457,
0x31825480,
0x048e7006,
0x0500013b,
0x068e0304,
0x03044f81,
0x0a8e0102,
0x60450a81,
0x08702381,
0x60345271,
0x32817054,
0x25167060,
0x67358034,
0x03402801,
0x10827456,
0x82107635,
0x75461240,
0x18168030,
0x1105140b,
0x06081b02,
0x09131916,
0x1a0d0a04,
0x0f000701,
0x0e121510,
0x401c0c03,
0x70815362,
0x35172604,
0x37406280,
0x01428051,
0x17605783,
0x60280435,
0x3714058e,
0x80052614,
0x87061523,
0x07181640,
0x08110b05,
0x1614061b,
0x09010d19,
0x1a0e1204,
0x150f0002,
0x0c0a0310,
0x07461c13,
0x02201835,
0x30158746,
0x51382076,
0x73280440,
0x84266051,
0x06701305,
0x40352718,
0x10862437,
0x16250750,
0x44503084,
0x0a324420,
0x20717a00,
0x45000a66,
0x203a5252,
0x4552524d,
0x0a44000a,
0x314d4300,
0x048e4247,
0x56000a07,
0x000a342d,
0x04000000,
0x00b5804a,
0x9b7813af,
0x02d5fc06,
0x8070184b,
0x14bf00bd,
0x00f01300,
0xf8f01300,
0x38af00b5,
0x012901b1,
0x1b7803d1,
0x454604b1,
0x0042ac18,
0x3cbdf8d1,
0x43f4daf7,
0x14462668,
0x980b01f8,
0x0a783347,
0x3cd1f22b,
0x43f4d0f7,
0x98200d68,
0xf0e7ec47,
0x04af00b5,
0x3e1c4546,
0x04f0067d,
0xf2fbb10c,
0x0246aef0,
0xc91110fb,
0x302909b2,
0x053130d8,
0x011c01f8,
0x00460135,
0xb2d1f028,
0x2dd50407,
0x01f10e22,
0x01f80e0e,
0x04ebae2c,
0x93253002,
0x13bf3842,
0x06461846,
0x080309f0,
0x03f0062b,
0x20bf1803,
0x1e2b0225,
0x1c2d30d1,
0x001e53d1,
0x633cfff1,
0x2dd31245,
0x0cf80423,
0x1707f330,
0x633a01d5,
0x5544141e,
0x1342a91a,
0xbcbdf0d3,
0x010f00f1,
0xca3137d0,
0xc83157e7,
0x0154e5e7,
0x0ee7e733,
0xae5b01f8,
0x980304eb,
0xe5d8f942,
0xe61e42e7,
0x01785de7,
0x03782631,
0x046f01f8,
0xe05901f8,
0x2d0000e7,
0xa343f0e9,
0x0a460cb0,
0x80af0226,
0x15464546,
0x8b3b01f8,
0x00eba8b9,
0x79f7ff01,
0x00f898ff,
0x6a8e058e,
0x2101d10c,
0xf7ff4878,
0x4648ff70,
0x81068e84,
0x2583229a,
0xa8d0eb2b,
0x98e7e546,
0x2d3001f8,
0x00d0412b,
0x30782b22,
0x42d1022b,
0x010208f0,
0x30782b35,
0x3e2b093b,
0x004628d8,
0x10460523,
0xa11b01f8,
0xbc0c30f1,
0x300f09f1,
0x2e7829d9,
0x68d10a29,
0x301c6978,
0x2e280938,
0x01460dd8,
0x8e782831,
0xd9f90c04,
0x296c7829,
0x3501bf08,
0x29627829,
0xd829d056,
0xd062294f,
0x2900d81f,
0x80aef000,
0xd11e2944,
0xf1046820,
0x46640c04,
0x280017c1,
0x0c00f171,
0x4240da02,
0x0202f042,
0x220a9200,
0xf108e044,
0x22010502,
0xfb06e7ba,
0x3b301303,
0x2300e7c2,
0x460de7c8,
0x2955e7d4,
0x2958d046,
0x2101d050,
0xe0374628,
0xd038296f,
0x2963d803,
0x2964d04f,
0x2975e7d5,
0x2978d038,
0x2973d03b,
0xf104d1ef,
0x68240804,
0xeba14621,
0xf8110c04,
0x28000b01,
0x4563d1f9,
0x4663bf38,
0x0201f012,
0xd15b4619,
0xeba12320,
0x4282000c,
0xebacd363,
0x44640c01,
0xd9454281,
0x543b5c23,
0xe7f93001,
0x0c04f104,
0x92006820,
0x22024664,
0x46384601,
0xfef4f7ff,
0xd408068e,
0x8ee036fe,
0x22081e0a,
0x2c078eef,
0x8ea24664,
0x92000a09,
0x8ee32210,
0xf0420e07,
0x46640204,
0x2b00e7f5,
0x0804f104,
0x2301bf08,
0x0201f012,
0xd1097820,
0x24201e59,
0xd314428a,
0x0280f107,
0xf8014411,
0xe0040c80,
0x21202201,
0x429a7038,
0x4619d306,
0x46444638,
0xfe9cf7ff,
0xe7171c68,
0x320154b9,
0x54bce7f3,
0xe7e53201,
0x45624602,
0x2320d105,
0xd9ed4291,
0x320154bb,
0x5ca3e7fa,
0xf308048e,
0x06048ee7,
0x3d01e794,
0x691ce7e5,
0xb40ff120,
0xb5804b08,
0xb94baf00,
0x010cf107,
0xf7ff68b8,
0x46bdfeee,
0x4080e8bd,
0x4770b004,
0xe7f82000,
0x0000bf00,
0xb5b00000,
0x4b39b082,
0xaf004a3a,
0x483a4c3a,
0x6823601a,
0x60784b3a,
0xf107b91b,
0xf7ff0108,
0xf73dfed4,
0x2300f082,
0x3f15ee07,
0x3fd5ee07,
0x3f10ee11,
0x0304f023,
0x8e10ee01,
0x80f40c06,
0x0c098e53,
0x058e01f0,
0x4ff3bf18,
0x2a492a8f,
0x0a4d2b48,
0x0a428268,
0xc2682ad0,
0x931205f3,
0x23d00042,
0x132a2068,
0x22d1f346,
0x52e7f168,
0x1ff7ff20,
0xff2043fe,
0x56fe1cf7,
0x19f7ff20,
0x004820fe,
0x07461322,
0x300f3eee,
0x111b02f8,
0xb2320144,
0x0b4f00f5,
0x1ad1f544,
0x12b29b4a,
0x00069268,
0x16b9cbd4,
0x0c204a49,
0x01f7ff68,
0xff204dfe,
0x50fdfef7,
0xfbf7ff20,
0x810a8efd,
0x7e048e22,
0x8f6ff3bf,
0x13d4f242,
0x47984608,
0xe7fe47a0,
0xf7ff2045,
0xe7fafde9,
0xf0d4fffc,
0x55aa0066,
0xf0100108,
0xf120691e,
0x00000000,
0xf0110120,
0x544f4f42,
0xf0b40008,
0xf0d40000,
0xf0240034,
0x73250000,
0x7563203a,
0x74207272,
0x206b6369,
0x78257830,
0x00000a0d,
0x00040003,
0x0a8e0003,
0x0024618a,
0x8e240010,
0x0003100b,
0x00030008,
0x200b8e02,
0x8e240020,
0x0040100d,
0x00040024,
0x00800024,
0x00080024,
0x00100115,
0x00100117,
0x00010115,
0x00010117,
0x00100116,
0x00100118,
0x00010116,
0x00010118,
0x00200115,
0x00200117,
0x00020115,
0x00020117,
0x00200116,
0x00200118,
0x00020116,
0x00020118,
0x00400115,
0x00400117,
0x00040115,
0x00040117,
0x00400116,
0x00400118,
0x00040116,
0x00040118,
0x00800115,
0x00800117,
0x00080115,
0x00080117,
0x00800116,
0x00800118,
0x00080116,
0x00080118,
0x00400001,
0x048e0003,
0x70068e10,
0x8e58088e,
0x088e4008,
0x810a8e28,
0x81088e18,
0x68088e00,
0x8e50068e,
0x72d3810a,
0x05990598,
0x0c8e0868,
0x9b059a12,
0x40086805,
0x9c120b8e,
0x68059d05,
0x0b8e2008,
0x9f059e12,
0x10086805,
0xa0120b8e,
0x6805a105,
0x0b8e0808,
0xa305a212,
0x04086805,
0xa4120b8e,
0x6805a505,
0x820a8e08,
0xa600005e,
0x6805a705,
0x830a8e08,
0xa8000010,
0x6905a905,
0x10810d8e,
0x05ab05aa,
0x00400869,
0x01120001,
0x01000010,
0x05ac007f,
0x086a05ad,
0x12058e80,
0x01040001,
0x05ae007f,
0x8e6a05af,
0x01132405,
0x01080010,
0x05b0007f,
0x086a05b1,
0x12058e20,
0x08e10001,
0x05b200ff,
0x086a05b3,
0x36058e10,
0x01010020,
0x05b4007f,
0x086a05b5,
0x12058e08,
0x01050002,
0x05b6007f,
0x086a05b7,
0x36058e04,
0x01090020,
0x05b8007f,
0x086a05b9,
0x12058e02,
0x08e20002,
0x05ba00ff,
0x086a05bb,
0x36058e01,
0x01020040,
0x05bc007f,
0x8e6b05bd,
0x04108107,
0x7f010600,
0xbf05be00,
0x078e6b05,
0x00401081,
0x007f010a,
0x05c105c0,
0x81078e6b,
0xe3000410,
0xc200ff08,
0x6b05c305,
0x1081078e,
0x01030080,
0x05c4007f,
0x8e6b05c5,
0x08108107,
0x7f010700,
0xc705c600,
0x078e6b05,
0x00801081,
0x007f010b,
0x05c905c8,
0x81078e6b,
0xe4000810,
0xca00ff08,
0x6b05cb05,
0x1081058e,
0x00800114,
0x007f0111,
0x05cd05cc,
0x12058e69,
0x00010113,
0x0c8e0119,
0x01137c81,
0x011a0002,
0x46810c8e,
0x00040113,
0x0c8e011b,
0x048e1081,
0x8e011c5a,
0x01135a0c,
0x8e1d0010,
0x2056820f,
0x0f8e1e00,
0x1f004012,
0x80120f8e,
0x0b8e2000,
0x81648e12,
0x658e42d9,
0x59598e65,
0xf44f00c9,
0x2212737a,
0x2400b590,
0xfbb1af00,
0xeb01f1f3,
0x435103c1,
0xf5034a09,
0xf50303f4,
0xfb935390,
0x218cf3f1,
0x2100fb01,
0x3024f841,
0x2c233401,
0xeb02d1fa,
0xf8c00080,
0xbd901118,
0xf1206cc4,
0x4ff8e92d,
0x088cf04f,
0x4681af00,
0x64acf44f,
0x5ba6f240,
0xfb084e0e,
0xf1a86800,
0x46210a04,
0xf0004648,
0x1c61fa4d,
0x22804605,
0x4648b289,
0xf0003402,
0xea45fad1,
0xb2a40040,
0xf84a455c,
0xd1ec0f04,
0x8e89eb06,
0xbd815204,
0x8e8ff8e8,
0x29225404,
0x4605b5b0,
0xd905af00,
0x49114a11,
0xf7ff4812,
0xe7fefca8,
0xeb044c11,
0xf8d40480,
0xb99b3118,
0xffc3f7ff,
0x490a4a0e,
0xf7ff480e,
0x4629fc9a,
0xf7ff480d,
0x048efc96,
0x0bb92b1c,
0x0549044a,
0x8ef7ff48,
0xe7fefc00,
0xbdb02000,
0x71dfbf00,
0x7180f120,
0x71f3f120,
0x048ef120,
0x20720660,
0x207218f1,
0x20722cf1,
0x20724af1,
0x00b5f8f1,
0x06af0023,
0x14460d46,
0xff601346,
0x38ffbff7,
0x034b04b9,
0xd30386eb,
0x533118f8,
0x233025f8,
0x00bdf860,
0x81068ebf,
0x8e41f070,
0x46902c06,
0xffaaf7ff,
0x4c14b9f0,
0x1035f834,
0x4a13b951,
0x48144913,
0xfc52f7ff,
0x48134629,
0xfc4ef7ff,
0x81f0e8bd,
0x442c00ed,
0x0f00f1b8,
0x78a3d00c,
0x461a4630,
0xfa59f000,
0x461a79a3,
0x463088a1,
0xfa53f000,
0x4324048e,
0x8e78a246,
0xfa4c0e04,
0x79a24643,
0x6934e7f1,
0x725df120,
0x7194f120,
0x2881068e,
0x068e7279,
0x00b08278,
0x7a048e23,
0x607baf00,
0xff6cf7ff,
0x4b21b9b0,
0xfb042412,
0x46983405,
0x2118f894,
0xf894b192,
0x4630211c,
0x111af8b4,
0xfa1ef000,
0xf894b950,
0x10058e20,
0xf000111e,
0x8e08fa16,
0x81529306,
0x46291d3a,
0xf7ff4630,
0x2800ff83,
0x687bd1f4,
0x4a10b92b,
0x48114910,
0xfbf4f7ff,
0x2312e7fe,
0x46302280,
0x8505fb03,
0x1124f8b5,
0xf9faf000,
0xf8b54604,
0x46301122,
0xf968f000,
0xea40687b,
0x22400044,
0xfb10085c,
0xfbb04002,
0x8ed3f0f3,
0x9e308105,
0xa8f12072,
0x6482078e,
0x4ff0e92d,
0x2300b083,
0x460e4605,
0x81078e93,
0x82ff152e,
0x4a280046,
0x4d2e09d1,
0xa6f44fd8,
0x00462861,
0x00f941f0,
0x80027ff0,
0x30a1058e,
0x5310048e,
0x3c2001f9,
0xdff360f7,
0x1290d4f8,
0x28230024,
0x06fb0446,
0x28f89494,
0x26f8b421,
0xbcf00011,
0x18f894f9,
0x94b37b31,
0x28211cf8,
0x6681078e,
0xbb38f9ab,
0x2120f894,
0xf38bfa5f,
0x111ef8b4,
0xa848048e,
0x282312f9,
0x06fb0346,
0x28f89999,
0x26f8b931,
0x00461a11,
0x09f99df0,
0x68d80a2e,
0x28027ff0,
0x8eb2d246,
0xf0007404,
0x72058e1a,
0x4650f327,
0x81088e0c,
0xbf4610b0,
0x311d3ae7,
0xff462846,
0xe0fef3f7,
0x2c687cb9,
0x0f4a0eb9,
0xff480f49,
0xfefb65f7,
0x0bfb04e7,
0x12f04ff4,
0x0b46280b,
0x209b06fb,
0xbb09a434,
0xe21122f8,
0xf4f000b2,
0x801063f8,
0x24f8bb22,
0x80f00311,
0x82e7ba03,
0x00e7d346,
0x20729ebf,
0x078ebaf1,
0x69341882,
0x2a60f120,
0xaf00b580,
0x4a04d905,
0x85058e05,
0xfefb3b26,
0x66f7ffe7,
0x00bd80ff,
0x2072bfbf,
0x078ecdf1,
0x5f73692c,
0x5f746f6e,
0x696c6176,
0x64725f64,
0x64695f63,
0x74657300,
0x6172745f,
0x6e696e69,
0x79625f67,
0x73736170,
0x79687000,
0x6c6c645f,
0x6168705f,
0x675f6573,
0x5f007465,
0x73130e8e,
0x0f8e7465,
0x12048e25,
0x4f525245,
0x44525f52,
0x554f5f43,
0x41525f54,
0x0045474e,
0x5f726464,
0x3a727265,
0x28732520,
0x73252029,
0x5700090a,
0x8e4e5241,
0x4f4e2605,
0x4e495f54,
0x058e5449,
0x72617725,
0x260c8e6e,
0x1581068e,
0x81058e65,
0x64255b28,
0x7369205d,
0x746f6e20,
0x696e6920,
0x9b058e74,
0x6b078e27,
0x8e45098e,
0x545f570b,
0x4e494152,
0x5f474e49,
0x41505942,
0x8e005353,
0x69248106,
0x49058e64,
0x048e6168,
0x088e204a,
0x8e207581,
0x8e758106,
0x058e540c,
0x5f44453f,
0x8e324955,
0x53490f04,
0x52455a5f,
0x21078e4f,
0x504c4c44,
0x45534148,
0x4f4f545f,
0x52414c5f,
0x80004547,
0x00af00b5,
0x8ebd8068,
0x60010804,
0x4b0bbd80,
0xb5800a0a,
0xb2c9b082,
0x603baf00,
0x3380f503,
0xf107607b,
0xeb030308,
0x37080080,
0x3c08f850,
0x23f8f8c3,
0x0021f853,
0x46bdb2c0,
0x8000bd80,
0x4b0bf020,
0x8e32048e,
0x0a083018,
0xf8c3b2c9,
0xf84303f8,
0x058e2021,
0x048ebf32,
0xf0e92d34,
0x06af0047,
0x91468846,
0x3d469a46,
0x4124006a,
0x0487058e,
0xea00ffbf,
0x45500009,
0x2001d00a,
0xf1e2f73c,
0x3401b105,
0xddf042ac,
0x30fff04f,
0x87f0e8bd,
0x048e2000,
0x40b58006,
0x00514cf2,
0xa7f7ffaf,
0xc0f000ff,
0x80f1a000,
0x58425803,
0x88bd8041,
0x0bb58042,
0x1caf0046,
0x01f04fd0,
0x03d90c02,
0x88f102fa,
0x01d01642,
0xf82a0832,
0x0a4601d1,
0xff480b4a,
0xfefa08f7,
0x058e43e7,
0x098e091a,
0x044a061a,
0xfbf7ff48,
0x00e7fef9,
0x058e1022,
0x78742881,
0x7877f120,
0x8e98f120,
0x00b50404,
0xff4614af,
0x20ff6ff7,
0x8ebd9840,
0x14768906,
0x0e460546,
0xff469846,
0x20ff64f7,
0x040004ea,
0x040408ea,
0xe2463143,
0xff4628b2,
0xbdff74f7,
0xf881f0e8,
0x002100b5,
0xff4604af,
0xc2ff52f7,
0x03d43007,
0x8ed52206,
0xff6cce06,
0x06ff49f7,
0x54a9058e,
0x430c048e,
0x052e01ff,
0x01d90146,
0x2ad80428,
0x0e463146,
0xb5f7ff48,
0x8e1eb2f9,
0xb2d22c04,
0x4c22048e,
0x8e1eaaff,
0x068e2e04,
0x20ff450e,
0x50f00846,
0x06048efe,
0x2301feba,
0xa6058e00,
0xb2f7ff74,
0x9bbdf8ff,
0x8b058e78,
0x78078e44,
0x07c2ff16,
0x0603d527,
0x78098e19,
0x780b8e0d,
0x1cb2ff07,
0xb2d24605,
0x191c088e,
0x8e1caaff,
0x8e12660a,
0x1950fe05,
0x855a058e,
0x1772058e,
0x8172058e,
0x2dbdf8fe,
0x8e43f8e9,
0x18428306,
0x97461546,
0x399024f8,
0xdff7ff8c,
0x00ea09fe,
0x058e4904,
0xff393088,
0xd10745a9,
0x464a4623,
0x5c83068e,
0xe8bdff64,
0xb2c383f8,
0xfa04d204,
0xb2dbf303,
0xe7f2462a,
0xf303fa44,
0x068ee7f9,
0x40080685,
0x8ef8bd80,
0x05688205,
0xff460e46,
0x43feb9f7,
0x584020b2,
0x24463140,
0x280200ea,
0xd2405a46,
0xc8f7ffb2,
0x03bdf8fe,
0x32048e68,
0x400a405a,
0x6002405a,
0x4291bd80,
0x0210048e,
0x4a4051d2,
0x01405140,
0x03680023,
0x93f101fa,
0x41ebc340,
0xd0400801,
0x22048e40,
0x220c8e98,
0x01fa0424,
0x034094f1,
0xc4f202fa,
0xff0141eb,
0x8effd6f7,
0x8e568305,
0x98148505,
0x5f240046,
0x3df982fa,
0x81fa5f6a,
0x51464afa,
0x3e81058e,
0x8e40ffcd,
0x97168507,
0x85068ef0,
0x8ed9f116,
0x8e16850e,
0x468a4004,
0x2100af00,
0x46994604,
0x4e804690,
0xfe57f7ff,
0x2c004b80,
0x461ebf18,
0x0501f010,
0x80b6f040,
0xa7058e07,
0x64f7ff62,
0x2b462afe,
0x5f0a058e,
0x2a462afe,
0x5a0a058e,
0x058e2afe,
0xf7ff3eda,
0x8e2bfe55,
0xff0ca807,
0x098ec8f7,
0xf7ff14dd,
0x180b8ec2,
0x2001febc,
0xf050f73c,
0x10078e0a,
0x068efe3b,
0xf7ff50d4,
0x52098e36,
0x52098e31,
0x3a0b8e2c,
0x520b8e9f,
0x180b8e99,
0x52058e93,
0x4b54f027,
0x024aeb08,
0xeb024620,
0xeb030989,
0xf8130182,
0x221f3029,
0xf7ff8c09,
0x2d00fe82,
0x4620d17c,
0xff74048e,
0x2afe02f7,
0x2b462046,
0xfdf7ff21,
0x0a048efd,
0xf7ff212a,
0x0a058ef8,
0xf7ff2129,
0x8e2bfdf3,
0xff76a807,
0x8efe66f7,
0xff76a808,
0x0b8e60f7,
0x01fe5a72,
0xeef73b20,
0x074620f7,
0xd928058e,
0x32048efd,
0xd452048e,
0xcf52098e,
0xca52098e,
0x3d520b8e,
0x37520b8e,
0x8e4620fe,
0xf7ff5406,
0x52058e31,
0xe8bdf7c5,
0xf04687f0,
0x68130230,
0x0320f043,
0xf0466013,
0x68130204,
0x0307f003,
0xd1fa2b03,
0x8e052340,
0x19008207,
0x81088efe,
0xf7ff66c6,
0x088efe13,
0xff66c681,
0x8efe0df7,
0x66c68108,
0xfe07f7ff,
0xc681068e,
0x8ee76c66,
0xff26fd08,
0x8efdfdf7,
0xf7916804,
0x4664048e,
0x130604f0,
0x058e2368,
0x058e3368,
0xfa2b0164,
0x84058ed1,
0xf020001a,
0xf0210000,
0xf1207844,
0x0000001b,
0x8e04048e,
0x8e160808,
0x00000404,
0x048e1700,
0x00000004,
0x000004aa,
0x000004a0,
0x000004ad,
0x000004a3,
0x45003c3c,
0x7364203a,
0x78302874,
0x78323025,
0x25212029,
0x73203d73,
0x088e6372,
0x3e000a11,
0x24048e3e,
0x2f0f068e,
0x2007068e,
0x0a32203c,
0xb5980000,
0x46042200,
0x2129af00,
0xfd2ef7ff,
0x22004620,
0xf7ff212a,
0x0a058e29,
0xf7ff212b,
0x4620fd24,
0x82058e02,
0x20fd1f32,
0x058e8246,
0x8efd1a0a,
0x46201204,
0xfd15f7ff,
0xb5b0bd98,
0x048e2900,
0x00f04f42,
0x29f04f02,
0x00f04f01,
0x80bf0805,
0x06f7ff25,
0x0150098e,
0x1c83058e,
0xfc50048e,
0x84088efc,
0x20fcf716,
0x058e8a46,
0x8efcf20a,
0xed1c8508,
0x8ebdb0fc,
0x30f18106,
0x83058e0d,
0x8efce54a,
0xe05e8308,
0x81088efc,
0x20fcdb12,
0x058e0346,
0x20fcd638,
0x058e8346,
0x098ed10a,
0x01fccc14,
0xd9f73b20,
0x058eb0f6,
0x461d7e8a,
0xaf002380,
0x46884604,
0x215a4616,
0xf7ff461a,
0xdf058e35,
0x058e5a1c,
0x058e2f6e,
0xf6c31c83,
0x18dc088e,
0xfd26f7ff,
0x02d7068e,
0xfca8f7ff,
0x86078e42,
0x078ea31c,
0xf7ff62db,
0x8e08fc9e,
0x99288107,
0x078e88fc,
0x098e940a,
0x05fc8f14,
0x9cf73b20,
0x65f240f6,
0x6d10058e,
0x406030fc,
0x058e75f2,
0x28fc670c,
0xf0e8bd60,
0x0ab59881,
0x04af0046,
0xff211746,
0x20ff8bf7,
0x6e048e46,
0xfc72f7ff,
0x8eb04620,
0x6d288205,
0x844620fc,
0x6681058e,
0x4620fc68,
0x81058e06,
0x20fc6352,
0x058e8646,
0x098e5e0a,
0x06fc5914,
0x66f73b20,
0x8c068ef6,
0x00460564,
0x0e4698af,
0x29461446,
0xffb2da21,
0xc8fc4af7,
0x282207f3,
0xc8212a46,
0xff4802f3,
0xe2fc42f7,
0x2b462800,
0x78f00221,
0xc6ea4202,
0x08ea4212,
0xffb2d202,
0xc6fc36f7,
0x280343f3,
0x3ab0058e,
0xfca8f7ff,
0x8e282380,
0xa22a8607,
0x282300fc,
0x2a86078e,
0x4628fc9c,
0x0a058e00,
0x82058e1e,
0xbdf62b5c,
0xb081f0e8,
0x0022ffb5,
0x052118af,
0x84f7ff46,
0xff4604fc,
0x28211722,
0x7ef7ff46,
0x04ea40fc,
0xb0bdb020,
0x94058eb5,
0x048eaf2c,
0x00fbe820,
0x04027ff0,
0x3295078e,
0xfbfaf7ff,
0x0748048e,
0x0b8e64f6,
0xf7ff5694,
0x16058eef,
0xbdb0f5fc,
0xe92d2900,
0x469947f0,
0x0301f04f,
0x8e64bf08,
0x16428305,
0x40469846,
0x4065b3f2,
0x296ab7f2,
0x00350146,
0xad462022,
0xd4f7ffb2,
0xf64555fb,
0xb7068ed1,
0xb3f7ff52,
0x056a058e,
0x8e6a058e,
0xfbc51004,
0xf73b4640,
0x0133f5d2,
0x068e4620,
0x03488281,
0xff03f0f0,
0x4bfc32f7,
0x8e462046,
0x46828106,
0x8e2bf7ff,
0x405c8405,
0xff61b3f2,
0x20fbacf7,
0xdc068e46,
0xa6f7ff2c,
0x14e0058e,
0x61b5f240,
0x8ea0f7ff,
0x61b61807,
0xfb9af7ff,
0x027ff065,
0x81098e20,
0x058e923a,
0xbdf59f66,
0x1087f0e8,
0x4f0f40f0,
0x0003dcf0,
0x08003ff0,
0x802364bf,
0x80eb03b5,
0x80af0000,
0x4f28dbbd,
0x9802dcf0,
0x4f2264bf,
0xa00340f0,
0x4f0002eb,
0x980204f0,
0x802300bf,
0xf2fb90b5,
0x18af00f0,
0x80b2c043,
0x800643bd,
0x08af00b5,
0x42048ed5,
0x0040eb00,
0xf2000040,
0xb2801049,
0x2810bd80,
0x068ed804,
0xf6309612,
0x200a8ee7,
0xe7ef3095,
0x7fa4f5b0,
0xf04fb580,
0xaf000306,
0xf46fd908,
0x441072a4,
0xf0f3fb90,
0x0040f040,
0xf656048e,
0x96d80328,
0x12048e38,
0x3895e7f7,
0xf241e7fa,
0xf241736f,
0x42987170,
0x1294f241,
0x460abf88,
0x16810a8e,
0x8e880241,
0x00168111,
0x03010000,
0xff010101,
0x40001003,
0x8e7cf000,
0xff68a706,
0x8efffff0,
0xffff0805,
0x0f04048e,
0x8e10108e,
0xb5802020,
0x7165f44f,
0xf7ffaf00,
0xf000fad6,
0xbd80000f,
0x22c0b598,
0x2154af00,
0xf7ff4604,
0xf3c0fb58,
0xb1581087,
0x2cdd068e,
0x8e50f7ff,
0x28011005,
0x30fff04f,
0x2001bf08,
0xb5f8bd98,
0xaf004606,
0x2500460c,
0x429d8963,
0x7925db48,
0x46302140,
0x016d7822,
0x1582ea45,
0x431578a2,
0xfaa9f7ff,
0xf020b26d,
0xea450067,
0x048e0200,
0xffb2d21e,
0x23fab9f7,
0x03463089,
0xc3214322,
0xff2301f3,
0x23fb2af7,
0xff46307a,
0xff214222,
0x63fb24f7,
0x3f463078,
0xff214122,
0xa3fb1ef7,
0x0c048e79,
0xf003215b,
0xf7ff033f,
0x88e3fb16,
0x5c28048e,
0x87f3c321,
0x0ef7ff13,
0x307963fb,
0x5b228046,
0x0301db21,
0xff0380f0,
0xe3fb05f7,
0x4422ff78,
0xff463021,
0xf8fafff7,
0x0568e3bd,
0x896187f5,
0x5a4630b2,
0xff35015d,
0xa9fa7cf7,
0x83b5f0e7,
0x6c460eb0,
0x02460421,
0x59f7ffaf,
0x004605fa,
0x6c02dff0,
0x6481058e,
0xf045fa6c,
0x216c0220,
0x5a92068e,
0xdf058e65,
0x47f7ff4c,
0x7f24058e,
0x0e068e02,
0x8e65fa5a,
0x068e0c05,
0x0afa5324,
0x058e4323,
0x068e28ed,
0xfa655af2,
0xf06f1e05,
0xf04f0301,
0xf04f0220,
0x46200143,
0x461dbf18,
0xfab1f7ff,
0x1047f3c0,
0x0302f06f,
0x048e2800,
0x80b99612,
0x38048e22,
0xfaa4f7ff,
0xd5010603,
0x35fff04f,
0xd581078e,
0xf7ff210c,
0x4628faa1,
0x46bd3704,
0x2e01bdf0,
0x2280d102,
0xe7e92141,
0x8e412240,
0xfa8c3005,
0x1087f3c0,
0xd0e72800,
0x0000e7e4,
0x8e04b5b0,
0x035e9e05,
0x37f7ff49,
0x058e29ff,
0x008e488a,
0xdcbdb0ff,
0x2484078e,
0x68a2388e,
0x47f0e92d,
0xaf00227f,
0xf44f460e,
0x4604718a,
0xfa50f7ff,
0x223d4682,
0x114df240,
0x1896058e,
0x034681fa,
0xa7f44f22,
0x0e048e71,
0x4d62fa42,
0x8e624680,
0x1d469205,
0x6a2e0146,
0x8b058ed1,
0x2380fa14,
0x8b078e6f,
0x00fa385c,
0x078e7f23,
0xff609081,
0x00fa31f7,
0x4c0a8e23,
0x2300fa2a,
0x234c0a8e,
0x084620fa,
0x28f922f0,
0x82f7ff46,
0x40f000f9,
0x40f1b070,
0x4cd10f7f,
0xc1088e4b,
0x03681b34,
0xb34310f0,
0x084f10f1,
0x182380bf,
0xff2340bf,
0x00fa08f7,
0x1e82058e,
0x8e06ff77,
0x65589505,
0x063a098e,
0xc10a8ed1,
0xf4f7ff30,
0x8e4653f9,
0xed08810a,
0x0b8e4bf9,
0xf9e65481,
0x8e434620,
0xff568107,
0x20f9dff7,
0xdef00846,
0x1a048ef8,
0x4630f9ee,
0x87f0e8bd,
0x8e2c2e03,
0x225a8105,
0x64048efa,
0x64098e33,
0x8e24d10c,
0x001e810b,
0x80bfb82b,
0x058ea823,
0xf9bc1881,
0x81058e01,
0x078e2b18,
0x8e191881,
0x8ed23409,
0xa818810d,
0x02e7caf9,
0x058e192e,
0x058ef35e,
0x8e047c81,
0x8e0d5e0b,
0xf98d5e17,
0xe7cf2102,
0x46332200,
0x46204611,
0xffa2f000,
0xe7a94606,
0x5091088e,
0xf0060084,
0x4ff0e92d,
0xb091460e,
0x46902300,
0x49754604,
0xaf00461a,
0x0f02f1b8,
0x8088f040,
0x0023f851,
0x0508f107,
0x0023f845,
0x2b0e3301,
0xf8dfd1f2,
0x2500a1fc,
0x91acf8df,
0xb1f4f8df,
0x04a4068e,
0x042e048e,
0x38f8d9d1,
0xc91c6b50,
0x013038f8,
0x29465035,
0x38f7fe46,
0x6f2e01fb,
0x3081058e,
0x068ef99b,
0xfeb97c82,
0x46204601,
0xf7ff6079,
0x6879f956,
0xd05b2900,
0xf7fe485a,
0x048efb24,
0x58d04c48,
0x1ef7fe48,
0x85068efb,
0x01f89e74,
0xfe485546,
0x4ffb16f7,
0x058e65f4,
0xf8950a83,
0x48514601,
0xfb0df7fe,
0x8e64f44f,
0xf88c1205,
0x484e4601,
0xfb04f7fe,
0x3191f240,
0x8312048e,
0x4a4601f8,
0xfbf7fe48,
0x92f240fa,
0x7a12058e,
0x474601f8,
0xf2f7fe48,
0x93f240fa,
0x7112058e,
0x434601f8,
0xe9f7fe48,
0x2a2e01fa,
0x41d15f46,
0xfe68b948,
0xb8fae2f7,
0x960f02f1,
0x004a35d1,
0x08f10723,
0x23f85101,
0x23f84210,
0x0e330110,
0x44d1f62b,
0x48a2078e,
0x0008f107,
0x2023f840,
0x68bbe778,
0x33014834,
0xe79f60bb,
0x8e142e03,
0x29648105,
0x4883078e,
0x81098e47,
0x79f8e464,
0x2bb10968,
0xfbe78d48,
0x01482b68,
0x8860fb33,
0x078e02e7,
0x31f9122e,
0x5683058e,
0x2e098e30,
0x2e058ecd,
0xe7764822,
0x4658693b,
0x613b3301,
0x088ee771,
0xf000389b,
0x07c2fec6,
0x697bd402,
0x617b3301,
0xf53f0783,
0x69bbaf66,
0x61bb3301,
0x2e03e761,
0x4815d102,
0xe79c68f9,
0xd1022e02,
0x69394814,
0x6979e797,
0xf7fe4813,
0x462afa78,
0x69b94812,
0x7f10e78f,
0x835cf120,
0x8422f120,
0x8431f120,
0x843df120,
0x8449f120,
0x8455f120,
0x8461f120,
0x846df120,
0x8479f120,
0x837af120,
0x8398f120,
0x83baf120,
0x8edcf120,
0x20840c04,
0x2084bbf1,
0x2084dff1,
0x2084fef1,
0x208348f1,
0x2083fff1,
0x4c3c0af1,
0x20706f6f,
0x6e756f63,
0x203d2074,
0x0a3e6425,
0x79687000,
0x73696220,
0x32332074,
0x8e69622d,
0x3d201706,
0x4146203e,
0x1a8e4c49,
0x5341501e,
0x1e0b8e53,
0x20776f6c,
0x1c8e3631,
0x22138e40,
0x68440f8e,
0x8e686769,
0x148e451f,
0x46068e23,
0x53212121,
0x616d6d75,
0x21217972,
0x30000a21,
0x33343078,
0x7823048e,
0x330c048e,
0x0b8e3439,
0x0b8e300c,
0x0b8e310c,
0x0b8e320c,
0x3c088e0c,
0x8e212121,
0x3e028211,
0x2f79048e,
0x8e642520,
0x0c8e1f0e,
0x178e6181,
0x810d8e23,
0x240e8e3f,
0x76616568,
0x6f6c5f79,
0x6e696461,
0x8e415f67,
0x8e421f1e,
0x00001f0d,
0x56b7098e,
0x4ff0e92d,
0xb0894698,
0x4616468b,
0xaf004b9e,
0x681d61b8,
0x0580f415,
0x681ad105,
0xdb4c2a00,
0x46a946aa,
0xf44fe005,
0xf44f4580,
0xf04f4a00,
0x4a960900,
0x613a2100,
0xf2426011,
0x4a943128,
0x0f00f1bb,
0x4611bf18,
0x7248f44f,
0x681b61f9,
0x4f80f013,
0xbf18460b,
0xf1b84613,
0xbf080f09,
0x61fb4613,
0x0305f1a8,
0xd8742b03,
0x9260f8df,
0x7641f641,
0xa268f8df,
0x46482200,
0xf7fe4611,
0x2200fffa,
0x46114605,
0xf7fe4650,
0x0c048ef4,
0x7f461143,
0xeef7fe48,
0x014328ff,
0x28d11628,
0x050302f0,
0x7bd10b2b,
0xfe240048,
0x20f904f7,
0x078e2446,
0xf44f2287,
0xe7af4500,
0x0f06f1b8,
0x4875d101,
0x4875e7ef,
0x8e01e7ed,
0xffcf5607,
0x068eb160,
0x70d1013a,
0x078ee148,
0xdc486e26,
0xda486ee7,
0x502201e7,
0xbc26058e,
0x8e4604ff,
0x4869280a,
0x28078ecd,
0xe7c84867,
0xe7c64867,
0x485d2201,
0xa828048e,
0x078e70ff,
0x62d10326,
0xc1f7fe48,
0x078ebbf8,
0xf748602a,
0xf54860e7,
0x7af44fe7,
0x63f73b70,
0x923e01f0,
0xa9485dd1,
0x3b69f8e7,
0x16f05cf7,
0xfe485bb1,
0xb8f8aaf7,
0x030f00f1,
0x09f1b8d0,
0xd4f0400f,
0x56220080,
0x7d56058e,
0x022801ff,
0xb7f04046,
0x52460181,
0x75f7fe48,
0x004604ff,
0xaff04028,
0x00f1bb81,
0x00d1340f,
0x4dd03b2e,
0xfe465c48,
0x01fe05f7,
0xfe484b46,
0x08f885f7,
0x47b136e0,
0xfcf7fe48,
0x484601fd,
0x7cf7fe48,
0x8e2401f8,
0x81c45e0c,
0x8e432200,
0x8e4e5e05,
0x81955e07,
0x483e4601,
0xff46f7fe,
0x8e5c048e,
0x5c078e00,
0x4839b1c6,
0xfdd9f7fe,
0x48384601,
0xb13ee010,
0xf7fe4832,
0x4601fdd2,
0xf7fe4836,
0xe7d5f852,
0xe7d34634,
0x4830b136,
0xfdc7f7fe,
0x48314601,
0xf847f7fe,
0x8e192200,
0x8e215a05,
0x81775a07,
0x48154601,
0x8e19f7fe,
0x8e705a05,
0xd1555a05,
0xd05b2e00,
0xf7fe480f,
0x4601fdab,
0xe0534824,
0xd0e22e00,
0xf7fe481e,
0x4601fda3,
0xe7da4821,
0xf43f2e00,
0x4807af1d,
0xfd9af7fe,
0x048e4601,
0x14f81a1a,
0x84bf00e7,
0x24f00600,
0xa0f12085,
0xa0000dbb,
0x30f02330,
0x34f12094,
0x38f12094,
0x3ff12094,
0x48f12094,
0x51f12094,
0x5cf12094,
0x65f12094,
0x6ef12094,
0x79f12094,
0x82f12094,
0x8bf12094,
0xfcf12094,
0xb3f120aa,
0xa0f12113,
0xa0f02310,
0xbdf02390,
0x96f12094,
0xa0f12094,
0xf0f02320,
0xb3f12094,
0xc6f12094,
0x25f12094,
0xe5f12095,
0xfaf12094,
0x36f12094,
0xfe4898b1,
0x01fd56f7,
0xfd489746,
0x00ffd6f7,
0xcff47f2c,
0x09f1b8ae,
0xcbf43f0f,
0x80f509ae,
0x0a60fb33,
0xbb2310f5,
0x88f50560,
0x3b617b13,
0x00681b69,
0xbbd1332b,
0x022b0169,
0x814b8bd1,
0x8a601a22,
0x0ff50a4b,
0x7ff5092a,
0xfcf60a49,
0x094c887a,
0x0509fcf1,
0x43158cf5,
0xdf0039f2,
0x1ac26cf8,
0x04697968,
0x040302fb,
0xc30203fb,
0x02430ef3,
0x33060cea,
0x04f84143,
0x4a42a93b,
0x493f04f8,
0xee3f04f8,
0x1a4b79d1,
0x3a230160,
0x8e601369,
0x4b745c06,
0x601a69ba,
0xa218f8df,
0x23052500,
0xf8df46a8,
0x462eb218,
0x61bb462c,
0x91acf8df,
0x68f9486f,
0xfcfef7fe,
0x4100f44f,
0xf7fe486d,
0x8e6dfcf9,
0xf55a8d05,
0x6b12058e,
0xf0f7fe48,
0x79486afc,
0xecf7fe69,
0x6812058e,
0xe7f7fe48,
0xe5f643fc,
0xfe486771,
0x058ee2f7,
0xfe48650a,
0x058eddf7,
0xfe48640a,
0x63fcd8f7,
0x08048e49,
0x2130fcd4,
0xf7fe4863,
0x2130fcd0,
0xf7fe4862,
0x2103fccc,
0xf7fe4650,
0x2103fcc8,
0xf7fe4658,
0x2103fcc4,
0xf7fe4648,
0x2107fcc0,
0xf7fe485b,
0x69f8fcbc,
0xf6e7f73a,
0x86078e00,
0x01fe1352,
0x78460228,
0x058e01d1,
0xfe0c5087,
0xd1722800,
0x8e582200,
0x8e051c05,
0xd16c1c05,
0x048e4601,
0x00fdfe4a,
0x8ed16628,
0xf7068808,
0x1c048efd,
0x4601d161,
0xf05e048e,
0x5b2800fd,
0x85088ed1,
0x03fde94a,
0x11220046,
0x7b484146,
0xe2f7fe60,
0x382200fd,
0x058e1161,
0xfddc5485,
0xb116687b,
0xf47f42b3,
0x068eadf4,
0x693a0686,
0xf47f4542,
0xb115aded,
0xf47f42a8,
0x69baade9,
0x61ba3a01,
0xade4f43f,
0x461e4605,
0x8010f8d7,
0xf1bbe760,
0xf47f0f00,
0x2e00ae5b,
0xae60f43f,
0xf7fe482d,
0x4601fc55,
0xe657482c,
0x0402f044,
0x811e068e,
0x861e058e,
0xfe4828ae,
0x01fc46f7,
0x7d482746,
0x04f044e6,
0x9d1e078e,
0xba1e058e,
0xfe4808ad,
0x01fc37f7,
0x9b482046,
0x8a2401e6,
0x40048ee7,
0x048ee795,
0x00e7a028,
0xdef43f2c,
0xa0e5a7ae,
0x1af02330,
0x20f12095,
0x20f00100,
0x6df12085,
0x6441c64e,
0x68f02310,
0x64f02310,
0x68f02320,
0x64f02320,
0x68f02330,
0x60f02330,
0x60f02310,
0x60f02320,
0x30f02330,
0x54001000,
0x54f02310,
0x54f02320,
0x5cf02330,
0x6cf02310,
0x2004048e,
0x306cf023,
0x10a0f023,
0x8ea5f023,
0xd6608507,
0x0af12094,
0x00f12095,
0x2d7fff00,
0x854ff0e9,
0x8a4604b0,
0x01461e46,
0xc6af0023,
0x1c60ba48,
0xfe461122,
0x10fd56f7,
0x11230022,
0xfe48c346,
0x01fd50f7,
0x0bf73a20,
0x81068ef6,
0x48be6cec,
0x8e47f7fe,
0xf6021205,
0x2c004bbc,
0x809cf000,
0xf8df2277,
0x601a938c,
0x8388f8df,
0x4200f44f,
0x7000f449,
0x3000f8d8,
0x4f80f013,
0x2380f44f,
0x461cbf08,
0x4614bf18,
0xbf082e09,
0xf7fe4614,
0x68bbfbb3,
0x001ff000,
0x0508f100,
0x48ad4aac,
0xeb02011b,
0x58d20b03,
0x603a4611,
0xfba8f7fe,
0x3004f8db,
0x461948a8,
0xf7fe60fb,
0xf8dbfba1,
0x48a63008,
0x607b4619,
0xfb9af7fe,
0xb00cf8db,
0x465948a3,
0xfb94f7fe,
0x8ea2683a,
0x8f768305,
0x058ea1fb,
0xfb8b6685,
0x489f687b,
0xf7fe4619,
0x4659fb86,
0xf7fe489e,
0x683afb82,
0x8a068e9d,
0x8e9cfb42,
0xfb792405,
0x8e9a687b,
0xfb742405,
0x48058e99,
0x4648fb70,
0xdb058eba,
0xfe819508,
0x00fb65f7,
0xb37040f0,
0x40f1b01f,
0xabf0007f,
0x302b0280,
0x902100d8,
0x5cf7fe48,
0x80f44ffb,
0x48008e31,
0xfb57f7fe,
0x5100f04f,
0xf7fe488d,
0x14058e52,
0xf7fe488b,
0xf04ffb4d,
0x488a5140,
0x8e48f7fe,
0x48881405,
0xfb43f7fe,
0xd0302e07,
0xf0402e06,
0x498581d0,
0xf7fe4886,
0x068efb3a,
0x85fb3608,
0x07e02c49,
0x5cf8df22,
0x62601a92,
0x772100e7,
0x2bf7fe48,
0x7658058e,
0x26f7fe48,
0x740a058e,
0x21f7fe48,
0x730a058e,
0x1cf7fe48,
0x80f04ffb,
0xfe487141,
0x058e17f7,
0xfe487014,
0x05fb12f7,
0x73d1cc2e,
0xfe486f49,
0x72fb0cf7,
0x0808058e,
0x724971fb,
0x0096058e,
0x2b2768bb,
0xf04fdd25,
0x048e3111,
0x6efafc18,
0xf820058e,
0x20f04ffa,
0xfe486d31,
0x61faf3f7,
0xecf7fe48,
0x00f440fa,
0xfe485e41,
0x5ffaebf7,
0xe4f7fe48,
0x5c10058e,
0xe3f7fe48,
0xfe4860fa,
0x058edcf7,
0xfe485d10,
0x61fadbf7,
0x32048e49,
0x2130fad7,
0xd31a048e,
0x8e2130fa,
0xfacf3204,
0x048e2103,
0x03facb40,
0x28048e21,
0x2103fac7,
0xc340048e,
0x04485cfa,
0x31bf082e,
0x07bf1846,
0xbbf7fe21,
0x81088efa,
0xf8d80ae9,
0xf4111000,
0xd0320180,
0xf04f2b02,
0x48380100,
0xf7fed816,
0xf44ffaab,
0x48363180,
0xfaa6f7fe,
0xfa002001,
0x4834f505,
0x3180f445,
0x8e9ef7fe,
0x48311a05,
0xfa99f7fe,
0x4100f5a5,
0xf7fee74a,
0xf04ffa94,
0x482a5100,
0x8e8ff7fe,
0x48282e07,
0x5100f045,
0x8e87f7fe,
0x48261a05,
0xfa82f7fe,
0x4170f105,
0xf8d8e764,
0x2a002000,
0x808cf280,
0x2b022001,
0x1b2c048e,
0x70462948,
0x71f7fed8,
0x195a058e,
0x058efe48,
0x5100449f,
0xf7fe4817,
0x14058e67,
0xf7fe4816,
0xf045fa62,
0xe7134180,
0x008cbf00,
0x00acf002,
0x0000f002,
0x9180f023,
0x10d0f120,
0x10d4f023,
0x10d8f023,
0x10dcf023,
0x20d0f023,
0x20d4f023,
0x20d8f023,
0x20dcf023,
0x30d0f023,
0x30d4f023,
0x30d8f023,
0x30dcf023,
0x188ef023,
0x3fe14887,
0x1060000f,
0x38e1f023,
0x2060000f,
0x3ee1f023,
0x3ff1000f,
0x38f1000f,
0x3ef1000f,
0x3060000f,
0x1090f023,
0x5678f023,
0x20901234,
0x8e90f023,
0x8e708713,
0x20488d05,
0x8ea0f023,
0x8e7c8707,
0x00449b08,
0xfef02000,
0x058e00f7,
0x484c0e82,
0xf9fbf7fe,
0x5100f045,
0xf7fe484b,
0x048ef9f6,
0xfe484914,
0x45f9f1f7,
0xd34180f0,
0x3f2b02e6,
0x46aebcf6,
0xe8f7fe48,
0x80f44ff9,
0xfe484031,
0x058ee3f7,
0xfe483f26,
0x058edef7,
0xfe483d14,
0x4ff9d9f7,
0x8a4180f0,
0xd0f7fee6,
0x689c098e,
0x048ed016,
0xfe483728,
0x21f9caf7,
0xfe483246,
0x34f9c6f7,
0xfe483149,
0x21f9c2f7,
0xfe483046,
0x31f9bef7,
0x18048e49,
0x4621f9ba,
0xf8d8e6a2,
0x025b3000,
0x4651d518,
0xf7fe482a,
0x4621f9b0,
0xf7fe4825,
0x2101f9ac,
0xfa014824,
0xf445f505,
0xeba51180,
0xf7fe0554,
0x4621f9a2,
0xf7fe4820,
0xf445f99e,
0xe7dd1100,
0x003a048e,
0x8eda142b,
0x1a708306,
0xfe462948,
0x21f990f7,
0x5c90058e,
0x048ef98c,
0xfe481338,
0x21f987f7,
0xfe481246,
0xe3f983f7,
0x114651e7,
0x7ef7fe48,
0x0c4621f9,
0x7af7fe48,
0x80f44ff9,
0xfe480a11,
0x21f975f7,
0xfe480946,
0x4ff971f7,
0xb01100f4,
0x8e490be7,
0xf96a2004,
0x6608068e,
0x5c490bf9,
0x830d8ee6,
0x82058e30,
0x00201058,
0x64202000,
0xc1f02330,
0x058e083f,
0x38d13883,
0x83058e08,
0x083ec138,
0x7ca1058e,
0xac058e98,
0x16460d2a,
0xeff7fe46,
0x05f1b8f9,
0xdfd1160f,
0x4f9118f8,
0x410800f0,
0xfd464846,
0x05fbb8f7,
0x8e220023,
0x3e72a206,
0x322305fd,
0x0c068e46,
0xf108fa50,
0x8eec0801,
0x222e9405,
0xe4f8dfd1,
0x2a230590,
0x8e28058e,
0xf7ff3c04,
0x2c0b8e28,
0x068efa3a,
0x06fb924c,
0xff24078e,
0x06fd18f7,
0x2a20098e,
0x074c098e,
0x0081058e,
0x0a8e9098,
0xfb780081,
0x34098e07,
0x8e07fcfe,
0x8e103409,
0x8e083409,
0x8e643405,
0xfb5e340b,
0x34098e08,
0x8e08fce4,
0xf9f63409,
0x4f34068e,
0x430900f0,
0x078e4a46,
0x43fcd316,
0x22088e46,
0x4682f9e5,
0x4620b128,
0xf9a4f7fe,
0xa2058e50,
0x01f1090c,
0x2bf1b909,
0xf3d1e60f,
0x2fbf00e7,
0xfff12095,
0xa8098eff,
0x08058e60,
0x8e0c0c8e,
0xfffe0804,
0x0001fffe,
0xfffd0001,
0x0002fffd,
0xfffb0002,
0x0004fffb,
0xfff70004,
0x0008fff7,
0xffef0008,
0x0010ffef,
0xffdf0010,
0x0020ffdf,
0xffbf0020,
0x0040ffbf,
0xff7f0040,
0x0080ff7f,
0x048e0080,
0x00010041,
0xfffdff01,
0x000200fd,
0xfffbff02,
0x000400fb,
0xfff7ff04,
0x000800f7,
0xffefff08,
0x001000ef,
0xffdfff10,
0x002000df,
0xffbfff20,
0x004000bf,
0xff7fff40,
0x0080007f,
0x7c048e80,
0x8efefffe,
0xfffd7c05,
0x7c058efd,
0x8efbfffb,
0xfff77c05,
0x7c058ef7,
0x8eefffef,
0xffdf7c05,
0x7c058edf,
0x8ebfffbf,
0xff7f7c05,
0x058eff7f,
0xfefffe7c,
0xfd7c058e,
0x058efdff,
0xfbfffb7c,
0xf77c058e,
0x058ef7ff,
0xefffef7c,
0xdf7c058e,
0x058edfff,
0xbfffbf7c,
0xff7c048e,
0xff41048e,
0x82058eff,
0x08048e00,
0x8e020002,
0x00040805,
0x08058e04,
0x8e080008,
0x00100805,
0x08058e10,
0x8e200020,
0x00400805,
0x08058e40,
0x0082058e,
0x068effff,
0x048e0481,
0x02000208,
0x0408058e,
0x058e0400,
0x8e000808,
0x8e08cd05,
0x058e5c58,
0x10001008,
0x2008058e,
0x058e2000,
0x40004008,
0x8008058e,
0x048e8000,
0xffefff08,
0xffdfffff,
0xffbfffff,
0x81058eff,
0xfffffe6e,
0xfffffdff,
0xfffffbff,
0x1f8ef7ff,
0x48068e1f,
0x00400000,
0x00200000,
0x00100000,
0x00080000,
0x00040000,
0xd4058e00,
0x8e00016f,
0x00001f1f,
0x6e51598f,
0xee49baec,
0x97613961,
0x8420f7d1,
0x55c64a08,
0x7c4a78a6,
0xd4949946,
0xdcb753a2,
0x55555555,
0x30d2058e,
0x8eaaaaaa,
0x64770804,
0x8e72000a,
0x772f0404,
0x000a6420,
0x20304843,
0x8e662077,
0x8e720906,
0x8e2f0909,
0x8e311407,
0x8e311d08,
0x8e311d08,
0x8e321d0a,
0x8e321d08,
0x8e321d08,
0x76681d08,
0x42646c79,
0x058e4620,
0x078e73d6,
0x0e0e8e0f,
0x8e502042,
0x088e1808,
0x0f8e3209,
0x0f8e3231,
0x330a8e0f,
0x0a098e32,
0x340f8e33,
0x20462033,
0x8e100d8e,
0x8e33350a,
0x6f6c0a04,
0x2520706f,
0x20202064,
0xe8000020,
0xc4f1209f,
0xa0f1209f,
0x7cf1209f,
0x44f1209f,
0xfcf12096,
0xb4f12095,
0x6cf12095,
0x68f12095,
0x20f12096,
0xd8f12096,
0x90f12095,
0x7ff12095,
0x8e000000,
0x088e0404,
0x10108e08,
0xab04048e,
0xac000001,
0xad000001,
0xae000001,
0xaf000001,
0xb0000001,
0xb1000001,
0xb2000001,
0xb3000001,
0x44228e01,
0x9904048e,
0x9a000001,
0x9b000001,
0x9c000001,
0x9d000001,
0x9e000001,
0x9f000001,
0xa0000001,
0xa1000001,
0x8748278e,
0x88000001,
0x89000001,
0x8a000001,
0x8b000001,
0x8c000001,
0x8d000001,
0x8e000001,
0x00000100,
0x48278e8f,
0x00000175,
0x00000176,
0x00000177,
0x00000178,
0x00000179,
0x0000017a,
0x0000017b,
0x0000017c,
0x0000017d,
0xf1209800,
0xf1209794,
0xf1209728,
0xf12096bc,
0xf1209824,
0xf12097b8,
0xf120974c,
0xf12096e0,
0xf1209848,
0xf12097dc,
0xf1209770,
0xf1209704,
0x0233048e,
0x70da058e,
0x5485068e,
0x00000005,
0x00000006,
0x08088e07,
0x8e20078e,
0x8e081c04,
0x20008607,
0x1086078e,
0x1886088e,
0xbf08048e,
0x04048e01,
0x8e08088e,
0x8ebd100e,
0x8e010404,
0x088e6012,
0x0c8e1ca4,
0x108e0081,
0x20088e60,
0x00810c8e,
0x048e01bc,
0x08088e04,
0x8e600a8e,
0x4c8e0808,
0x8e01b96c,
0x088e0404,
0xba000008,
0x8e04048e,
0x078e0808,
0x6c488e08,
0x048e01b6,
0x08088e04,
0x8eb70000,
0x088e0404,
0x08078e08,
0xf1209a70,
0xf1209a04,
0xf1209998,
0xf120992c,
0xf1209a94,
0xf1209a28,
0xf12099bc,
0xf1209950,
0xf1209ab8,
0xf1209a4c,
0xf12099e0,
0xf1209974,
0xf120a078,
0xf120a054,
0xf120a030,
0xf120a00c,
0xf1209bb4,
0xf1209b6c,
0xf1209b24,
0xf1209adc,
0xf1209bd8,
0xf1209b90,
0xf1209b48,
0xf1209b00,
0xf120a108,
0xf120a0e4,
0xf120a0c0,
0xf120a09c,
0xf1209cd4,
0xf1209c8c,
0xf1209c44,
0xf1209bfc,
0xf1209cf8,
0xf1209cb0,
0xf1209c68,
0xf1209c20,
0xf1209e60,
0xf1209df4,
0xf1209d88,
0xf1209d1c,
0xf1209e84,
0xf1209e18,
0xf1209dac,
0xf1209d40,
0xf1209ea8,
0xf1209e3c,
0xf1209dd0,
0x068e9d64,
0x1c8e1cb4,
0x048e7484,
0x82148e10,
0x820c8e1c,
0x10048e3c,
0x048e0875,
0x08088e04,
0x0010108e,
0x078e7600,
0x448e71dd,
0x8e08726c,
0x088e0404,
0x10108e08,
0x8e730000,
0x086f6c4b,
0x8e04048e,
0x108e0808,
0x70000010,
0x6c6c4b8e,
0x04048e08,
0x8e08088e,
0x00001010,
0x0000086d,
0x048e001f,
0x08088e04,
0x8e10108e,
0x079b0806,
0x079c0000,
0x079d0000,
0x079e0000,
0x079f0000,
0x07a00000,
0x07a10000,
0x07a20000,
0x07a30000,
0x9248268e,
0x93000007,
0x94000007,
0x95000007,
0x96000007,
0x97000007,
0x98000007,
0x99000007,
0x9a000007,
0x8948278e,
0x8a000007,
0x8b000007,
0x8c000007,
0x8d000007,
0x8e000007,
0x00000700,
0x0000078f,
0x00000790,
0x48278e91,
0x00000780,
0x00000781,
0x00000782,
0x00000783,
0x00000784,
0x00000785,
0x00000786,
0x00000787,
0x268e0788,
0x01a2388b,
0x01a30000,
0x01a40000,
0x01a50000,
0x01a60000,
0x01a70000,
0x01a80000,
0x01a90000,
0x8eaa0000,
0x90008c27,
0x91000001,
0x92000001,
0x93000001,
0x94000001,
0x95000001,
0x96000001,
0x97000001,
0x98000001,
0x7e48278e,
0x0128048e,
0x01800000,
0x01810000,
0x01820000,
0x01830000,
0x01840000,
0x01850000,
0x8e860000,
0x016c4827,
0x016d0000,
0x016e0000,
0x016f0000,
0x01700000,
0x01710000,
0x01720000,
0x01730000,
0x8e740000,
0x8e79af07,
0x8e2c851c,
0x188e200c,
0x048e2c85,
0x8e01be20,
0x088e0404,
0x10108e08,
0x688c068e,
0xbb6c488e,
0x04048e01,
0x8e08088e,
0x068e1010,
0x488e748c,
0x8e01b86c,
0x088e0404,
0x10108e08,
0x748c068e,
0xb56c488e,
0x04048e01,
0x8e08088e,
0x068e1010,
0x088e748c,
0x088e16e8,
0x48048e08,
0x8e3c048e,
0x086a0808,
0x0004048e,
0x048e6b00,
0x00000804,
0x048e00ff,
0x08088e04,
0x08e10000,
0x08e20000,
0x08e30000,
0x8ee40000,
0x78408813,
0x79000007,
0x7a000007,
0x7b000007,
0x0887138e,
0x000007a7,
0x000007a8,
0x000007a9,
0x20138eaa,
0x00000774,
0x00000775,
0x00000776,
0x81088e77,
0x23828e7d,
0x818e40e5,
0x2d548154,
0x8e4ff8e9,
0x9b06c506,
0xa3461146,
0x16462869,
0x28f8d746,
0x43479890,
0x0146821c,
0x00d8492b,
0x01f04f28,
0x00bf1803,
0x05469823,
0x00f1bbd0,
0x4fd06f0f,
0x3c3afff0,
0x00f1b9e0,
0xfff04f0f,
0x01bf1833,
0x23469923,
0x4ab19b69,
0x28463146,
0x98692346,
0x60468347,
0x8e69a3b9,
0x048e0e04,
0x002b014a,
0x4f80b5f2,
0x000801f0,
0xd8d0ec28,
0x8b696346,
0x00f1b8b3,
0x4fd11d0f,
0xc90800f0,
0x8e0900f1,
0x69633a06,
0x8e704798,
0x4682380b,
0x8e082b01,
0xea02810d,
0xfff108d1,
0xbd46503a,
0x8e8ff8e8,
0x2800340a,
0x0c8ed1f5,
0x00d87e6e,
0xd0d0ef28,
0x64048ee7,
0x0a8ed1e8,
0x058e2360,
0x0b8edd2c,
0x62048e2c,
0x620d8ed7,
0xe7cdd1e9,
0x5a81088e,
0x81078e08,
0x8eb3235a,
0x108e400a,
0x8eb82081,
0x8e20810f,
0xc97ac206,
0x8e0200f1,
0xb1283208,
0x481d4a1d,
0xf7fc6af9,
0xe7fefa7c,
0x8eb36963,
0x8e288207,
0x963a8106,
0x0e810f8e,
0x810f8e90,
0x8ee7860e,
0x7f3c810c,
0x8eaf7ff4,
0xf63f300e,
0x0c8eaf78,
0x6dd1e732,
0x6d4682e7,
0xf3bf00e7,
0xe6098ea4,
0xb0824120,
0x068e4698,
0x680314a6,
0xbb7baf02,
0x3028f894,
0x2200b17b,
0x302af894,
0x46204629,
0x2800e9cd,
0xf7ff4632,
0xbb30fef7,
0xb11369e3,
0x6362068e,
0xa3bb1368,
0x94bb3368,
0x7b3029f8,
0x942201b1,
0x0d8e2bf8,
0x78fee02e,
0x8e6a23b9,
0x68e32e08,
0x6a63b9bb,
0x2000b9db,
0x8e11e004,
0x28001205,
0x068ed0ca,
0x068e04e8,
0xd7280022,
0x8ee7f6d0,
0xd0d30c08,
0x0c098ef0,
0x8eead0e2,
0xe7df0c07,
0x4ff0e92d,
0x4683b08f,
0xaf004c1f,
0xf1074e1f,
0xf1070908,
0xf1070a18,
0xe8940828,
0x7835000f,
0x000fe889,
0x0310f104,
0xcb0f3420,
0x000fe88a,
0x8816048e,
0xe5000fe8,
0x01462cb9,
0x1a465823,
0x7b2024f8,
0x24f83960,
0xd3f7fc10,
0x24f858ff,
0x104b0f20,
0xe0b2c041,
0xe0330454,
0x7b340154,
0x032c0468,
0x45f000fa,
0xe70500ea,
0x042d0fd1,
0x3c7033d1,
0x16ae078e,
0x49064a05,
0xf7fc4806,
0xe7fef9a7,
0xf120a4ac,
0xf120a16c,
0xf120a16d,
0xf120a522,
0x82078edc,
0x0007c150,
0x04048e00,
0x0308088e,
0x0c000000,
0x30000000,
0xc0000000,
0xc882088e,
0x8c078e6c,
0x00000600,
0x72646400,
0x5f796870,
0x65747962,
0x6177735f,
0x68635f70,
0x8e6b6365,
0x4334e407,
0x4f4d4d4f,
0xe4068e4e,
0x058e5f58,
0x465f2fe5,
0x5f4c4941,
0x414f435f,
0x5f455352,
0x535f4f4e,
0x45434150,
0x422f078e,
0x5f455459,
0x50415753,
0x4548435f,
0x058e4b43,
0xc0088e2c,
0x81b08718,
0x3daf0046,
0x7c607a6c,
0x7960fb6c,
0x08f8d961,
0xf9462230,
0x98697868,
0x23602047,
0x2a606046,
0xe060a046,
0x78687960,
0x00f8d969,
0x3847b060,
0x70b12861,
0x7149704a,
0x2ef7fc48,
0xd5e7fef9,
0x9b2300e9,
0x936a621a,
0x01db3742,
0x20f88423,
0x23682b30,
0x6b61a361,
0xe3616368,
0x00f04f61,
0x10f8d90b,
0x3b60bb30,
0x042b0169,
0x14f8d9d1,
0x14048e30,
0x46d860bb,
0x0f00f1bb,
0xf1b8d021,
0xd0640f00,
0x38048e94,
0x3a0c8eb9,
0x46c3693b,
0x2b023301,
0xd1de613b,
0x68e268a3,
0x6aa21a9b,
0xda684293,
0x49544a54,
0xf7fc4852,
0xe7fef8f0,
0x048e7c3b,
0xbbe7cc70,
0xf968a268,
0x1a697868,
0xd9606244,
0x983004f8,
0x23b94047,
0x8e462a46,
0x0036810a,
0x4fd05728,
0x430a01f0,
0xe169a0e0,
0xa8429169,
0x834611bf,
0x09bfb842,
0xa86a601a,
0x811ac9bf,
0x23db1f42,
0x6346da61,
0x6260a368,
0x00f1b861,
0xbbd12e0f,
0x058ee268,
0x8e1ad256,
0x8e43561a,
0x18085604,
0x3c6863e0,
0x60048ee0,
0x46dae7e1,
0x6926e7e2,
0x64078e61,
0xbfb842b3,
0x8e661b89,
0x42b16405,
0x61a3dbe8,
0x68634680,
0x61e260e3,
0xe77e46d3,
0xfa0a048e,
0x0cf8d9e7,
0x8eb11b30,
0x00768208,
0x078e1c20,
0xf8945884,
0x682ba020,
0xf1ba686a,
0xd1a30f00,
0x1ad16a60,
0xdbca4281,
0xf04f6123,
0x61620101,
0x068e61a3,
0x20f88448,
0xa560a310,
0x20f894e7,
0x2e048e80,
0x0f00f1b8,
0x2e078ebe,
0x2e0d8ece,
0x088e60a3,
0x76e7c030,
0x50f120a7,
0x85068ea7,
0x20a78b1c,
0x20a765f1,
0x6d6f63f1,
0x5f6e6f6d,
0x765f6432,
0x8e666572,
0x0032ea06,
0x630b058e,
0x73736f72,
0x8e11078e,
0x56548406,
0x8e464552,
0x8e7a840a,
0x414d150c,
0x4e494752,
0x4e41435f,
0x41535f54,
0x46534954,
0x494d5f59,
0x1d058e4e,
0x7484058e,
0x04b08241,
0x15468846,
0x0248bc46,
0x78f738af,
0x078e00f6,
0xfc14f581,
0x00fda4f7,
0xf581078e,
0x9ef7fc14,
0x18048efd,
0x18058e17,
0x18058e98,
0x18058e8c,
0x2300fd92,
0x21012240,
0x050c048e,
0x032200fe,
0x870a058e,
0x242200fd,
0x820a058e,
0x00f1b8fd,
0x80d1580f,
0xa0f44f23,
0x8e461a61,
0xfdf11404,
0xf2402380,
0xce058e5c,
0xeaf7fc7c,
0x402221fd,
0x8e5123f2,
0xfd6b0c04,
0xf24023f0,
0x1a078e24,
0x2001fddd,
0xf771f738,
0x22c02380,
0x4e058e3f,
0x12058ed4,
0x048ef768,
0x078eb440,
0x058eca4e,
0x078eb64e,
0x058ec30e,
0x8ef75722,
0x50b5810a,
0x8eb9f7fc,
0xf74d1405,
0xf2402340,
0x5c078e2f,
0x14058eaf,
0x2d0ff743,
0x462ad013,
0xf04f497e,
0x487e35ff,
0xff8cf7fb,
0x068e4628,
0x088e7089,
0xfc089f82,
0x03fd92f7,
0xa4d59e06,
0x4023ffe7,
0x078e31f2,
0x8efd8f40,
0x8e320e04,
0x8e880e07,
0x8e330e05,
0xfd810e07,
0xf24023e0,
0x0e058e34,
0xf7fc2606,
0x1e058e79,
0x10058e35,
0xf7fc9600,
0x4605fd12,
0xd1ca2800,
0x3616048e,
0x0716098e,
0xbf16058e,
0x3716058e,
0xfc16098e,
0x16048efc,
0x23e0d1b4,
0x8ea7f44f,
0x8e508105,
0x8ef11604,
0xd1a91605,
0x46032601,
0xf24022ff,
0x068e5139,
0x058ee518,
0x8ed19d18,
0x8e3a1606,
0x8eda1607,
0x8e921605,
0x8e3b1607,
0x8ecf1607,
0xd1871605,
0x22e04603,
0x8e3cf240,
0x8ec41607,
0xf47f1605,
0x4620af7c,
0xfa29f7fc,
0x068e462a,
0xfc44f481,
0x8efc9df7,
0x8e690c04,
0x8e970c05,
0x8e6a0c05,
0x8e910c05,
0x8e6b0c05,
0xfc8b0c05,
0x0f00f1b8,
0x068ed106,
0x8e34b981,
0xfa3e8206,
0x058e20fc,
0xfc111578,
0x058e7bf7,
0x8bf44f0c,
0x75f7fc71,
0x1718078e,
0x6ff7fc11,
0x8c18078e,
0x69f7fc71,
0xbe82078e,
0xfc210138,
0x8ffcdcf7,
0x030c058e,
0x058efc21,
0x22ff72e1,
0xf7fc2124,
0x3a068e58,
0xfc0168f6,
0x078e52f7,
0xfc01690c,
0x078e4cf7,
0xfc016a0c,
0x078e46f7,
0xfc016b0c,
0x8efc40f7,
0x68ac8208,
0xf7fc515c,
0x4805fcb2,
0xf504f738,
0xbf00e70a,
0xf120aace,
0xf120aac4,
0xf120aad3,
0xf120aaff,
0x5f6b6364,
0x72617473,
0x645b0074,
0x46006b63,
0x454d5849,
0x38f1078e,
0x7c8b058e,
0x6b73616d,
0x2578303d,
0xf1058e78,
0x7075732e,
0x74726f70,
0x74657920,
0x6364000a,
0x518e5d6b,
0x8a0b5c93,
0xb5802000,
0x808baf00,
0x810b8a4b,
0x088ebd80,
0x4b80cb10,
0x80814b8a,
0x02e2058e,
0xdc068e80,
0x780a2606,
0x71c1f240,
0xfbc9f7fc,
0x2b01f814,
0x71e3f240,
0xf7fc4640,
0x0e058ec2,
0xf205b2b5,
0x464071c2,
0x3601b289,
0xfbb8f7fc,
0x71c7f205,
0x79224640,
0xf7fcb289,
0xf505fbb1,
0x7a627100,
0x048eb289,
0x05fbaa30,
0xa22105f2,
0x0e068e7b,
0x2e05fba3,
0x068ed1de,
0xf2403ee3,
0xaf00510f,
0xf7fc4604,
0xf080fb7e,
0x048e0202,
0x20b2d210,
0x90f7fc46,
0x382001fb,
0x40f59df7,
0x058e25f2,
0xfb6e4687,
0xf0000602,
0xd5040340,
0xf083fab3,
0x42400940,
0xf06fbd98,
0x8e980001,
0x1d12ee05,
0x02461446,
0x06af0022,
0x88784b46,
0x182b0046,
0x912206bf,
0x082d0046,
0x0b2d3fdb,
0x01b17bdc,
0x8ed01e2b,
0xf836ec06,
0xf92c0083,
0x403c01d0,
0x40e7ef35,
0x01d0f42c,
0xec3d4034,
0x1fb2e3e7,
0xa3f24022,
0xfc463061,
0x2afbccf7,
0x30464946,
0x10f8a846,
0x6af7fc40,
0x8eb130fa,
0x068e3604,
0xed61a622,
0x12f8a8e7,
0x12048e50,
0xaf00b598,
0x890a888c,
0xeb02894b,
0x88cc1284,
0x1384eb03,
0xf3c2441a,
0x11d20345,
0xffb4f7ff,
0xf9b1bd98,
0xb5b03014,
0x1a9caf00,
0x828cb2a4,
0xb2a43480,
0x7f80f5b4,
0xed058e03,
0xb0828b40,
0x9b8a4bbd,
0xff8a0a1a,
0xb0ff9ef7,
0xb0898abd,
0x002500b5,
0x0a89cbaf,
0x8d824b82,
0x93f7ff82,
0xe6058eff,
0xb0874374,
0x460d4604,
0xf44f22fa,
0xaf0071a5,
0xfb03f7fc,
0x82078efa,
0xf7fc72ab,
0x786bfafd,
0x4b70bb4b,
0x1d59463a,
0x0f01f813,
0x0f01f802,
0x7958428b,
0x7a987150,
0x7bd87290,
0xd1f373d0,
0x06d969ab,
0x8ef9d515,
0x2eab8207,
0xfae3f7fc,
0x40098ef9,
0x2340fadd,
0x8ea9f44f,
0x4f548907,
0x3b23e1fb,
0xe4e04570,
0x01e7fb23,
0xb8d1412b,
0x00f04f46,
0x89fa1f09,
0x064620f6,
0x0971ccf2,
0x890901f1,
0xa8f7fcb2,
0xd1f206fa,
0x01f80871,
0x058e890f,
0xfaa02c83,
0x210af206,
0x0005f888,
0x9810068e,
0x0ff206fa,
0x0af88821,
0x9010078e,
0x05f1b9fa,
0x0ff8880f,
0xabd1d800,
0x4d069a69,
0xf6231bd5,
0x1081078e,
0xf7fc703b,
0x8ef6fa9a,
0x94128109,
0x0b8e20fa,
0xfb061281,
0xb9058e39,
0x2bfeb52c,
0x048e7f78,
0x84058e24,
0x40fafb0c,
0x058e4bf2,
0x80fa630a,
0x8e0280f0,
0x068e0e04,
0x8e753684,
0x8e78dc05,
0xfae71e08,
0x707af44f,
0xf47af738,
0x065b69ab,
0x2300d501,
0x786b706b,
0x2b01b183,
0x89ebd01a,
0x46204629,
0xf7ff89aa,
0x786bfedf,
0x2b01b1e3,
0x84058e30,
0x4ee02922,
0x5fe77c23,
0x8e220f21,
0xfabf4204,
0x81a82102,
0x748c058e,
0xe481e8f8,
0xf0215fe7,
0xb318058e,
0x07f3c0fa,
0xa8210610,
0x8ee7f081,
0x24fe8106,
0xfaa9f7fc,
0x8e1f4603,
0x78e98107,
0xab0e048e,
0x2b200089,
0xa889eb82,
0x8e826b82,
0x83708f07,
0x8082068e,
0x93f7fc2a,
0x1340048e,
0xa42e048e,
0x00e7e761,
0x20ab04bf,
0x07f06ff1,
0x00b5b003,
0xb1435aaf,
0x9c3014f9,
0x84188e18,
0x0a441334,
0x84f7ff8a,
0x82088efe,
0xb0914cb5,
0xf3c2460e,
0xf2401a03,
0xf002716b,
0x22f0080f,
0x4604af00,
0xf7fc4dd0,
0x60f8fa60,
0xe981088e,
0x59f7fc5a,
0x0660b8fa,
0xca0903f0,
0xaff73848,
0x81068ef2,
0xf7fc3ada,
0x2300f9c2,
0xfa1f7028,
0x4620fb83,
0x71c2f20b,
0xb289607b,
0xf9b7f7fc,
0x71c7f20b,
0x83098e05,
0x0bf9af62,
0x687100f5,
0x0e068e71,
0xf20bf9a8,
0x72a82105,
0xa10e068e,
0xe8687bf9,
0x05330173,
0x09d1db2b,
0x16f24022,
0x4f462021,
0xfc4b96ea,
0x08f9aef7,
0x17f24022,
0x0b462021,
0xfc0b10f0,
0xc6f9a6f7,
0x8e2303f3,
0x204a8506,
0x03ea4b46,
0xfc0bf50b,
0x8ef99bf7,
0x05508508,
0xfc7580f4,
0x80f993f7,
0x02840b8e,
0xea45fa05,
0x23806516,
0xf44f461a,
0x82058ea2,
0xebf9fc5a,
0x8e22ffb2,
0x4ce88106,
0xf9f5f7fc,
0x22800a2b,
0xe881068e,
0x9401db4c,
0xecf7fc4d,
0x05f3c6f9,
0x8e223f43,
0x8ee43008,
0x0f337604,
0x4af24022,
0xdc32058e,
0x058e5bf9,
0x8e112883,
0xf9d50e05,
0xf2402308,
0x8e078e0f,
0x02f9ce66,
0x62f73820,
0x81088ef3,
0xf7fc26ed,
0x6078f9be,
0xc7810a8e,
0xbdf7fc14,
0x382001f9,
0x8ef351f7,
0x14c7810a,
0x8eb3f7fc,
0x38ff8106,
0xac22078e,
0x524643f9,
0x91068e46,
0xfffd423e,
0x20211e22,
0xfc46a846,
0x83f999f7,
0x00f04f46,
0x0afa290a,
0x00f8c7f3,
0x01f01390,
0x9cf0400f,
0x01f10a80,
0x1cf1080a,
0x02f1ba08,
0x16d1f00f,
0x70e9058e,
0xf0060301,
0xbf180643,
0x2e434699,
0x0600f04f,
0x80d2f040,
0x33fff04f,
0x757e4632,
0x40d16839,
0xd50d07c9,
0x892988a8,
0x1180eb01,
0x428b88e8,
0x460bbf28,
0x0e058e69,
0x3842008e,
0x01460ebf,
0x02351c32,
0x1ed1e92a,
0x14f10744,
0x20087601,
0x058e0646,
0xfd6970e6,
0x40d4058e,
0x89068e80,
0xfc46204c,
0xc6f94ef7,
0x8e1387f3,
0x6e848206,
0x7b0e048e,
0x810a8e68,
0x03c022ef,
0xf945f7fc,
0xef810a8e,
0x3ef7fc26,
0x8282078e,
0x81068e06,
0x8ef9376a,
0x26ef810a,
0x8e30f7fc,
0xc41a8205,
0x202100f2,
0xbb68fa46,
0x07f3c268,
0xc1f7fc12,
0x81068efc,
0x8e0f04fb,
0x1e6e8205,
0x098e00f9,
0xf89f0889,
0x87098e00,
0x8ef89976,
0xa95e8f06,
0x1481058e,
0x4a058e0b,
0x088ef29f,
0xfc54df81,
0x1cf889f7,
0xff462049,
0x1dfcb1f7,
0x50f73848,
0x2b2000f1,
0x424b1be0,
0x07462146,
0x880014f1,
0x88b000f8,
0xc8a001f8,
0x7b6018f8,
0xfb4b1661,
0x7b4b1661,
0xbb4b1662,
0xfb4b1662,
0x3b4b1662,
0x7b4b1663,
0xbb4b1663,
0x87230163,
0x87303cf8,
0x87303df8,
0x87303ef8,
0x00303ff8,
0x3b61bb23,
0xff4b1062,
0x00f877f7,
0x38f43f28,
0xe0088eaf,
0x20ab043c,
0x20b31df1,
0x20ab1cf1,
0x20b322f1,
0x20ad01f1,
0x20acebf1,
0x20aeedf1,
0x20acbff1,
0x20abdff1,
0x20ab55f1,
0x20ab65f1,
0x20ac9df1,
0x20b30cf1,
0x06fa29f1,
0x1e07dbf3,
0x0788abd5,
0x200114f1,
0xb5757e46,
0xea8008f8,
0x83eb0888,
0x03896b18,
0x021382eb,
0xc8449822,
0x8e0345f3,
0x2808f205,
0x2e01d1c8,
0x13e8ea4f,
0xb2dbd00b,
0x0483088e,
0x3601f88c,
0x2e02351c,
0xaf39f43f,
0x011be7d6,
0xf00322f0,
0xe7f003f0,
0x5f746263,
0x725f6163,
0x078e6364,
0x635b2797,
0x63007462,
0x005d7462,
0x83b59000,
0x4f2320b0,
0x1a7110f4,
0x02460446,
0x69f7fcaf,
0x402364f8,
0x058e4af2,
0x232048e9,
0xf7fc461a,
0x3704f801,
0xbd9046bd,
0x8e2c048e,
0x76fa8106,
0x068e7110,
0x64f8532c,
0x8e222023,
0x23002e08,
0xffebf7fb,
0x8e2c068e,
0x040ef208,
0xdfd84329,
0x31f001e8,
0x37033c42,
0x0f260000,
0x55f04f24,
0x28234008,
0x4022e046,
0x640112f6,
0x30f7fcb2,
0x284643f8,
0x40227f46,
0xfc0115f6,
0x28f829f7,
0xc182078e,
0xfc214120,
0x44f822f7,
0x281306ea,
0x4022bf46,
0x440113f6,
0xfc0420f0,
0x28f818f7,
0x86ea4446,
0x14f64012,
0x98f7fb01,
0xfb058eff,
0x2600814e,
0xf04f2402,
0x2320084c,
0x2602e7d0,
0xf04f2400,
0xe7f8083d,
0x24042600,
0x0840f04f,
0xe7c52380,
0x7efb078e,
0xd2088e81,
0x89461524,
0x43469a46,
0x38af0048,
0x97f043f7,
0x1f3038f8,
0x88f44f22,
0xfb462071,
0x02ffe6f7,
0x24ff078e,
0xffe0f7fb,
0x22ff2302,
0x214df240,
0xd90e048e,
0xff23fcff,
0x13f44f22,
0xd228058e,
0x058e10ff,
0x058e431c,
0x078ecb1c,
0x101abf82,
0xc41c058e,
0xdf82078e,
0x8e011606,
0xffbd0e04,
0xf2402200,
0x048e61ae,
0x00ff3e0c,
0x078e3323,
0xfb42a882,
0x40ffb0f7,
0x9d236bf6,
0x16d03e42,
0x4af240dc,
0x37429d73,
0xb5dc08d0,
0x336fc8f5,
0x1d4a1cd0,
0xfb481d49,
0xfef987f7,
0x55f640e7,
0x02429d03,
0x16f5b5d0,
0x05d1f26f,
0x40e00823,
0x9d6395f6,
0x15d01e42,
0x48f5b5dc,
0x19d1e86f,
0x40223f23,
0x058e45f2,
0xff850c81,
0x0f01f1b9,
0x81eff000,
0xf1b9d31c,
0xf0000f02,
0xf04f81ec,
0xe1e135ff,
0x739ff640,
0xd003429d,
0x03aaf241,
0xd1cd429d,
0xe7e3233a,
0xe7e12301,
0xe7df2315,
0xf120ba09,
0xf120ba0e,
0x068eba00,
0x8e03009c,
0x186ae505,
0x058e05ff,
0x81c41cdd,
0x00c8058e,
0x0e068efe,
0xf24081bd,
0x6c058e47,
0x4606febc,
0x8e12f44f,
0xb64e8105,
0x804603fe,
0x40227f46,
0x058e4ff2,
0x8eff411c,
0xf0407e04,
0x8e3381af,
0x8e4e1605,
0xff361605,
0x8e0e048e,
0x36aa8206,
0x8e2ff7fb,
0x068e0e05,
0xfb36aa82,
0x078e28f7,
0x058e3c0e,
0x078e210e,
0x058e460e,
0x43ff1a0e,
0x048b058e,
0x136c068e,
0x1c0e078e,
0x0c0e058e,
0x3e0e078e,
0x050e058e,
0x8e0e058e,
0x6ea98206,
0xfefef7fb,
0xf2402333,
0x068e71af,
0xfef75283,
0xaf81068e,
0x0a808626,
0x0a0208f0,
0xb90302f0,
0x0a0f02f1,
0xfa0b04f0,
0x20f00a60,
0xfff00302,
0x0a60ba05,
0x7a0240f0,
0x75f04060,
0x8eb17381,
0xc22e8106,
0xd84c058e,
0x8e2501fe,
0x8e068107,
0xfed01005,
0x0f00f1bb,
0x078ed00f,
0x058e4481,
0x45fec614,
0x8e0502f0,
0x8e1e8107,
0xfebd1205,
0x8e7b68fb,
0x068e4805,
0xfb7eae82,
0x45feb4f7,
0x058e08f0,
0x82068e24,
0xf7fb18ad,
0x8ebbfeab,
0x8e5a2409,
0xfea21205,
0x8e10f045,
0x8e5c4807,
0xfe991205,
0x24098e7b,
0x12058e64,
0xf045fe90,
0x24078e20,
0x12058e66,
0xf01afe87,
0x81078e80,
0x82068e12,
0xf04534af,
0xf7fb0580,
0x068efe7b,
0x058e7a26,
0x2bfe7426,
0x098ebb46,
0xfe6d1485,
0x46fe068e,
0x5c83068e,
0x8e0280cf,
0x1b7a8305,
0xc710078e,
0x0e048e80,
0x9c058ee8,
0xc0f04016,
0x83088e80,
0x00fdbf7a,
0x8e061ff0,
0xb87c8308,
0x050e048e,
0x64048e33,
0x058e0ff6,
0xfe427685,
0x81058e2b,
0x058e0160,
0x80fe3b64,
0x16f64023,
0x788b058e,
0x8e34f7fb,
0x04c28207,
0x1c058e25,
0x2a058e2d,
0xaf82068e,
0x26f7fb32,
0x6f1c078e,
0x1f0e058e,
0xce46078e,
0x180e058e,
0x02f1b9fe,
0x19d06f0f,
0x8e0300f1,
0xca2cac06,
0x990340f3,
0x8ed00d45,
0x8e113406,
0x8e052605,
0x068e5007,
0xfdfe2483,
0x8e80f3ca,
0x8e1b240b,
0xfdf31605,
0x8e24068e,
0xec228306,
0xc0f3cafd,
0x2f240b8e,
0xe116058e,
0x8e24058e,
0xda228308,
0x40f3cafd,
0x240a8e13,
0x16058e5b,
0x48078ecf,
0x2283068e,
0x6c048ec8,
0x65240b8e,
0x0084068e,
0x8e24078e,
0xb6228306,
0xdaebb9fd,
0x22088e1f,
0x14058e79,
0x22078eac,
0x1e83068e,
0x8efffda5,
0x261c8309,
0xff4620fd,
0x05fd3ff7,
0x48b91046,
0xecf73748,
0x8e4628f5,
0x0078d608,
0x04e62d21,
0x06e62b21,
0x7f061ff0,
0x8e463322,
0x85628608,
0x82078efd,
0x83058e0e,
0x078e7e1a,
0x058e1b0e,
0x078e770e,
0x058e3d0e,
0x078e700e,
0x4d71470e,
0x8eb173e6,
0x6344820c,
0x850e8efd,
0x8efd5b6a,
0x8e6a8508,
0x5144820a,
0x85108efd,
0x8efd486a,
0x8e6a8506,
0x3f44820a,
0x85108efd,
0x8efd366a,
0x8e6a8506,
0x2d44820a,
0x85108efd,
0x8efd246a,
0x8e6a8506,
0x1b44820a,
0x85108efd,
0x1afd126a,
0x3f0f80f0,
0x8eae9af4,
0x884a8208,
0x20ba26e6,
0x6b717af1,
0x696e695f,
0x7a5b0074,
0xaa088e71,
0x4b4e551b,
0x4e574f4e,
0x5244445f,
0x4550535f,
0x7a004445,
0x005d6b71,
0x80688b00,
0x0baf00b5,
0x8ebd8061,
0x614b0a06,
0xb5b0bd80,
0x9d058e13,
0x0a46154a,
0x04780979,
0x08f879f0,
0xb060a5b9,
0xfff04fbd,
0x8ebdb030,
0x68069e05,
0xf7ff441a,
0x068effeb,
0x8b0c8f81,
0xc2eb0368,
0xe3f7ff02,
0x4bbd80ff,
0x12048e79,
0x2360b12b,
0x688a608b,
0xffd9f7ff,
0x68cbbd80,
0x088ee7f8,
0x078e0018,
0x078ecd18,
0x81088e18,
0x79cb6882,
0xf7fbb18b,
0x692afc69,
0x441a696b,
0x32012302,
0xf2f3fb92,
0x68e9b118,
0x048e440a,
0xd2068e0a,
0x00ffb27e,
0x81068e20,
0x8e805482,
0x78ce3605,
0x784bb99e,
0xf003b95b,
0xf04ffe15,
0x782932ff,
0xf0034640,
0x4604fdb5,
0xa4058e20,
0x14048e3a,
0xf0037809,
0xe7f5fe3e,
0xd1202e01,
0xf7fc7889,
0x1c43f983,
0xd10d4604,
0xf7fc4640,
0x782bf902,
0x5cd44a12,
0xf04f40a6,
0xea2634ff,
0x2e000600,
0x2400bf18,
0x2b011c63,
0x4621d9dd,
0xf7fa480c,
0x4621fe48,
0x480a68aa,
0xfe43f7fa,
0x7849e7d3,
0xfbf3f004,
0x23092200,
0x46404611,
0xfa6df7fd,
0xbf183000,
0x42442001,
0xa16de7c5,
0xbd9ef120,
0xbdb3f120,
0x4b1af120,
0xb5b02200,
0x460cb08c,
0xaf004605,
0x607b714a,
0x60ba4b17,
0x4b1660fb,
0x780a613a,
0x4b15617b,
0x4b1561bb,
0x4b1561fb,
0x4b15623b,
0x4b15627b,
0x230162bb,
0x302cf887,
0x302df887,
0x302ef887,
0x302ff887,
0xeb03790b,
0x4a0f0342,
0x1023f812,
0xf9dbf7fb,
0x46224b0e,
0x462960a0,
0x1d3860e0,
0xfbb9f7fe,
0x46bd3730,
0xba95bdb0,
0xba7df120,
0xba6df120,
0xba5ff120,
0xbae1f120,
0xba2df120,
0xba37f120,
0xbaadf120,
0xf458f120,
0xbd80f120,
0x9781068e,
0x04b0875c,
0x92460e46,
0x00461d46,
0x3d2b00af,
0x662202d1,
0xe6f7fb21,
0x47f3c0fb,
0x20462b08,
0x10068e46,
0x4844fbe5,
0xf437f737,
0x707e4620,
0xf878f7fc,
0x70b82301,
0x71bb70fd,
0xbb8d71fb,
0xbb664620,
0xfcd5f003,
0x0918f107,
0xf04f2300,
0xf8090b01,
0x783b3d18,
0xd92d2b03,
0x0306ea55,
0x4620d162,
0xfcaff003,
0x0348ea4f,
0x0350068e,
0xfb03fef0,
0x30fbbbf7,
0x0df73748,
0xab0a8ef4,
0x052b0148,
0x37482cd1,
0x4ff403f7,
0xc80801f0,
0xf8482ae7,
0x38f003e7,
0x01e7d1fd,
0x20d1cf2d,
0xa0f7fe46,
0x8e4926fb,
0xf8629605,
0xfa0be7c7,
0xea32f203,
0xd11a020a,
0x2b01b935,
0x462ad81b,
0x46204631,
0xfe26f003,
0x713b2300,
0x2b01793b,
0xb965d917,
0x3b02783b,
0xd8032b01,
0x4620b116,
0xfde8f003,
0x068e2202,
0x3bfe1326,
0x3b330178,
0x8ee7aa70,
0xfddb1a06,
0xe7de2201,
0x84058e49,
0x28ff2956,
0x0e4a0db1,
0xfa480e49,
0xfefd51f7,
0x01793be7,
0x00e7d533,
0x01d09d2d,
0x0ad1012d,
0x0ae7a348,
0x00e7a148,
0x20bde4bf,
0x20be1ef1,
0x20bdf2f1,
0x20be00f1,
0x207cdcf1,
0x20be0ef1,
0x8ebd90f1,
0x2c309006,
0x3af120be,
0x72f120be,
0x5f657965,
0x8e716472,
0x721aac08,
0x5f646165,
0x6214048e,
0x00657479,
0x8e796870,
0x725ff105,
0x6c757365,
0x19f3068e,
0x34f3058e,
0x6515058e,
0x726f7272,
0x65722820,
0x2919068e,
0x65687720,
0x048e206e,
0x6c64204c,
0x8e3d206c,
0x3e8a8107,
0x315b000a,
0x8e5f7473,
0x5b005908,
0x8e646e32,
0x72330e0b,
0x8e0e0b8e,
0x70968107,
0x8e455945,
0x8e13ad06,
0x005d390c,
0x5d390c8e,
0x390c8e00,
0x44a6068e,
0xe92d2a40,
0x460441f0,
0x460eaf00,
0xd8724615,
0x2b03780b,
0xe8dfd820,
0x2302f003,
0x2300563b,
0xa7058ec0,
0x85fa5f66,
0xcaf7fbf8,
0x058e43fa,
0x8e80748e,
0xc35a8a05,
0x820e078e,
0xbc0e058e,
0x1a23c0fa,
0x2aa9078e,
0xfab5f7fb,
0x60752000,
0x3a95058e,
0x0b8e0c23,
0x058ea942,
0x82068e34,
0xf7fb4a91,
0x0e078ea2,
0x0e058e05,
0x230cfa9b,
0x068ee7dd,
0x078e6b72,
0x078e9130,
0x058e8164,
0x078e8a64,
0x058e830e,
0x078e830e,
0xc5016b72,
0x66068ee7,
0x7636088e,
0x0358078e,
0x6f58058e,
0x070e078e,
0x680e058e,
0xe3230cfa,
0x2e96098e,
0x128a058e,
0x5e89078e,
0x89078e7a,
0x058e4b6e,
0xff737c89,
0x8e1cbd80,
0xa0648705,
0x004605b0,
0x3b603aaf,
0x874b1961,
0x07102cf8,
0x7a012cf1,
0xfa60ba60,
0x569a058e,
0x230161bb,
0x623a61fa,
0xf887627a,
0xf8873028,
0xf8872029,
0xf887202a,
0xf887202b,
0x633a202d,
0xff4ef7ff,
0xf1074b0d,
0x4629022c,
0xf7fe4638,
0x4604f9cf,
0x2204b940,
0x2846048e,
0xc6f7ff46,
0x3a4b07ff,
0x20601a6b,
0x058e8046,
0xbf4b6c87,
0xbf5bf120,
0xbff1f120,
0xc638f120,
0xbe48f120,
0x088ef120,
0x03008581,
0xfff04f25,
0x30782132,
0xc5f00346,
0x01b920fb,
0x01d1f63d,
0xf8706323,
0xfb2300bd,
0x7f0000e7,
0xf8e92d2a,
0x8a068e43,
0x00461670,
0x8e8104f2,
0x00e78208,
0xf9ecf7fb,
0xf6402200,
0x83058e6e,
0x8ef96d1e,
0x22e28208,
0xdf0e048e,
0x711a058e,
0x601a058e,
0x9d82068e,
0x8e73f618,
0x8ed20e05,
0x8e741a05,
0x8e530c05,
0x8e761a07,
0x8ec50e05,
0x8e771a05,
0xf9460c05,
0x2b03782b,
0x84068e31,
0xac8c6c34,
0x1050f895,
0x4b654620,
0x91d4f8df,
0x81d4f8df,
0x2021f853,
0x40932301,
0x2021f819,
0xf838b2db,
0xf7fb1021,
0x048ef9a5,
0x5e4b5d26,
0x53485e4a,
0x123021f8,
0x062021f8,
0xdbf303fa,
0x21f830b2,
0x56048e10,
0x22058e94,
0x46202300,
0x8e38048e,
0x8e8a3606,
0x2ede8209,
0xf7fb016d,
0x068ef983,
0x016e78ac,
0x8e04f7fb,
0xf44f1a07,
0xf7fb6107,
0x1a078e76,
0xf7fb0171,
0x82098ef7,
0x01731cde,
0x8e69f7fb,
0x01741a07,
0x8eeaf7fb,
0x01761a09,
0x8e5cf7fb,
0x01771a07,
0xf8ddf7fb,
0x3050f895,
0x33022000,
0x6023f845,
0x83f8e8bd,
0x5481068e,
0xf8df4b34,
0xf8df9108,
0x81158e08,
0x058e3b54,
0x4b2c3281,
0x8e2d4a2d,
0x9454810f,
0x40068ee7,
0xf8df4b28,
0xf8df90d0,
0x148e80d0,
0x058e1b40,
0x214b2040,
0x0f8e214a,
0x078e7440,
0xdf4b1c40,
0xdf9098f8,
0x158e98f8,
0x8ef8fb40,
0x4b142604,
0x8e154a15,
0x8e54400f,
0xf8708507,
0x00bf0083,
0xe8f12098,
0x78d9078e,
0x068e9668,
0x9fc43cd7,
0x04da068e,
0x068e9620,
0x9fa048d7,
0x10da068e,
0x068e95d8,
0x9f7c54d7,
0x1cda068e,
0x068e9590,
0x8e4860d7,
0xdc64d707,
0x68d7078e,
0xd7078e70,
0x8e97046c,
0x1c9d8106,
0x3050f891,
0xf8513302,
0x068e3023,
0xfeb35a86,
0xb5b0bd98,
0x4605b082,
0x058e460c,
0x068eaf1c,
0x7f441a1e,
0x4bdd142a,
0x112b0178,
0x0c4a0bd1,
0xfa480c49,
0x94fa81f7,
0x293050f8,
0x08f81446,
0x0048092b,
0x78f7fa94,
0x81058efa,
0xbdb0463e,
0x46284621,
0xfe8cf7ff,
0xbf00e7f8,
0xf120c676,
0x068ec64b,
0x8d04a781,
0x6ff120c6,
0x2d23014a,
0xa14ff0e9,
0x052400b0,
0x00468946,
0xe0f8dfaf,
0x58f10781,
0xdcf8df06,
0x68613aa1,
0xdf603c4a,
0x7cb1d4f8,
0xfc60bc60,
0x65617a60,
0xfc61ba4a,
0x7c623c61,
0x28f88762,
0x29f88740,
0x2af88730,
0x2bf88740,
0x2cf88730,
0x8f068e10,
0xb9407c24,
0x130f03f1,
0x09e8dfd8,
0x332602f0,
0x284b5940,
0x24f81346,
0x334b5820,
0xfb1024f8,
0x97f83bf7,
0x56207cf8,
0x22f8534b,
0x30411830,
0x04340160,
0xe22c0936,
0x6cf8dfd1,
0x34f107b1,
0x7ff04f06,
0x8e240008,
0x8e394808,
0x63284805,
0x8e4a7d70,
0x8e494807,
0x8e174807,
0x4b474805,
0x8e47e7da,
0x8e461a07,
0x8e0a1a07,
0x4b431a05,
0xf818e7cd,
0x46282024,
0x1024f83a,
0xfffff7fa,
0x307cf897,
0x3023f85b,
0x8e34e7c3,
0x8e333207,
0xf7fa3205,
0x1c048ef1,
0x098e3120,
0x8e351481,
0xfd7c8809,
0x82ff91f7,
0x6fb9e046,
0x8e0203f0,
0x017e8806,
0x33f7ff34,
0x04f856ff,
0xa845902b,
0x094690bf,
0x54d1a82c,
0x00f1c846,
0x7cf88708,
0x8e464240,
0xff20260a,
0xd1f42c09,
0x81088e50,
0x1a8f78bc,
0x1976078e,
0xb676078e,
0x1676058e,
0x16e7c34b,
0x151a078e,
0xa91a078e,
0x131a058e,
0x14e7b64b,
0x131a078e,
0x9c1a078e,
0x4681098e,
0xbf00e7aa,
0xf120c29d,
0x068ec2b5,
0x088e7889,
0x8ee81c85,
0xc418850b,
0x14850b8e,
0xf1209fa0,
0x0a8ec663,
0x9f7c1485,
0x7c91058e,
0x00b09647,
0x90460425,
0x00460e46,
0x3d4841af,
0xbd717d71,
0xc4f73660,
0x662202f7,
0xfa462021,
0x81ff63f7,
0x058e2b46,
0x068e3291,
0x0346200e,
0x18f8f1f0,
0x110f03f0,
0x0cf018d1,
0x09d1370f,
0x8e03fef0,
0xff532008,
0xf7364831,
0x2000f7a5,
0x81068e58,
0xf8df8776,
0x8e00a0b8,
0xdb709007,
0x05fa28f9,
0x1407daf3,
0x95068ed5,
0x00fce93a,
0x8ed1ea28,
0xfeb90c06,
0xd1e42800,
0x3000f8da,
0x1d392210,
0x713d4620,
0xf7ff60bb,
0x068efcd1,
0x35012c91,
0xf9bcf003,
0xd0c52d02,
0xf8dfe7d8,
0x2502a068,
0xf0034620,
0x8e01f983,
0x8eae5a07,
0x8edb5a05,
0xfcbc5a09,
0x8ebd2800,
0xfe8c5a07,
0x8eb72800,
0xfca45a11,
0x6156068e,
0x92088ef9,
0x04f98c0e,
0xd2d0982d,
0xc4bf00e7,
0xcdf120c6,
0x488c078e,
0x73656472,
0x8e77656b,
0x8e3b910d,
0x71641309,
0x6968735f,
0x665f7466,
0x8e656e69,
0x068e180e,
0x5241572b,
0x44425f4e,
0x44525f43,
0x4d5f5144,
0x505f5841,
0x00535341,
0x25594850,
0xb7058e64,
0x20642534,
0x6978616d,
0x206d756d,
0x20636462,
0x253b048e,
0x6c642064,
0x91078e79,
0x74732055,
0x206c6c69,
0xa881068e,
0x8e525b26,
0x8e006206,
0x8e5d0807,
0x4360ca06,
0xaf00460c,
0x46164681,
0xf7ff4698,
0x7823fa4d,
0x46484605,
0x68e27921,
0x0143eb01,
0xf8134b0d,
0xf7fa1021,
0xb175fd2b,
0x2b011ceb,
0x4629d80f,
0x2004f8d8,
0xf7fa4808,
0x4a08f865,
0x48094908,
0xf860f7fa,
0x6923e7fe,
0x69636033,
0x46286073,
0x83f8e8bd,
0xf120f458,
0xf120ca4b,
0xf120ca79,
0x068eca18,
0xb5804c93,
0x7809af00,
0xf9aff003,
0x768f068e,
0xbd0c048e,
0x97068ef9,
0x8042406c,
0x14b5f8bd,
0x488e058e,
0x68124606,
0xffeef7ff,
0x69a16962,
0x782869e3,
0xbfa8429a,
0x6923461a,
0xbfb8428b,
0x78e9460b,
0x4c990a8e,
0x1300fb13,
0x4630490e,
0xf811616a,
0xf7fa1023,
0x78ebfcd8,
0xeb056961,
0xb21b1203,
0x69216191,
0x048e61d1,
0x0569e10c,
0x110583eb,
0x5169a162,
0x6a68a262,
0xeb68e360,
0x00bdf860,
0x8ef458bf,
0xab409706,
0x8b469ab0,
0x05469146,
0xd7af0246,
0x7940c8f8,
0xd8f8d773,
0xe0f8d760,
0xa4f7fb80,
0xb82301fa,
0xfb487c73,
0xfb74bb73,
0x57f73674,
0x8aea4ff6,
0x64f04f13,
0x9333320a,
0x3bf3fafb,
0x00f1bb66,
0x40d13f0f,
0x13f24022,
0xfa462871,
0x8efdeaf7,
0x4c958106,
0xfb0ad12b,
0xf44ff404,
0x34ce7ace,
0xf4fafb94,
0xb1d0f8df,
0x667c4628,
0x0a01f04f,
0xfdddf7fd,
0x46284968,
0xfa8bf7fb,
0xf8872300,
0xf8973068,
0x2b033068,
0x2300d923,
0x06a0f107,
0xf806461c,
0x7b3b3d94,
0xf2402b03,
0x485e809f,
0xf61bf736,
0x8ea42000,
0x2a858109,
0x435c737a,
0x736ef640,
0x74b7f204,
0xf4f3fb94,
0x088ee7d0,
0x0473d214,
0xf474e9f2,
0x0a733be7,
0x33f303fa,
0x780309ea,
0x62048ed1,
0xf897306b,
0x2b01306b,
0x6efbd91f,
0x6fba6f3c,
0xbfa842a3,
0x6f7c4623,
0xbfb84294,
0x6e7a4614,
0x42911b19,
0x441cdb56,
0x34012202,
0x0168f107,
0xfb944628,
0x4622f4f2,
0xff2af7ff,
0x30dcf8d7,
0xd14d2b00,
0x0208eb04,
0x4c3ce04c,
0x0c24f107,
0xcc0f743b,
0x000fe8ac,
0x033cf107,
0x020cf107,
0x0003e894,
0x0003e88c,
0x93014629,
0xf1071d3b,
0x93000024,
0x0368f107,
0xfe02f7fd,
0x4a30b130,
0x0108f104,
0xf7f9482f,
0xe7feff4b,
0x306bf897,
0xb9c36ffa,
0x10ccf8d7,
0xf8d7b189,
0x1a5210d0,
0xd8412a60,
0x1068f897,
0xeb034628,
0x8e1b0341,
0xf14e8305,
0x81058efb,
0xe79f3334,
0x0a24048e,
0xd7e7ec44,
0x0910d4f8,
0xe71b92b1,
0xe54432e7,
0x1d4a1ce7,
0xf9481a49,
0xfeff21f7,
0x08eba4e7,
0x81068e02,
0xd1f7ff38,
0x68f897fe,
0x87330130,
0x523068f8,
0x3b743ce7,
0x032b017c,
0x017b3bd9,
0x54733b33,
0x46cb058e,
0xf8d9f7ff,
0x4a0eb128,
0x480a490d,
0xff01f7f9,
0x7c3be7fe,
0x743b3301,
0x8f058ee9,
0x00e74a36,
0x8eca90bf,
0xf60c9906,
0x24f120ca,
0x9ef120ca,
0x4485078e,
0xf120caaf,
0xf120ca3c,
0x068ecae2,
0x058e049c,
0x068e1899,
0xd9004dc5,
0x51f120c6,
0x45f120c7,
0x65f120c7,
0x8ef120c7,
0x8e24df08,
0x8e7e9705,
0x8e5cc505,
0x8e2d990d,
0x8e189917,
0x0b8e2904,
0x078e1599,
0x058e6b98,
0x49426fc5,
0x8e5f5453,
0x5b001105,
0x32550a8e,
0x250d8e64,
0x24c60b8e,
0x53514452,
0x4f52435f,
0x238e5353,
0x088e2fc6,
0x44415499,
0x99098e5f,
0x65098e58,
0x7dbf418e,
0x20b8068e,
0x4604b2cb,
0xaf00468b,
0x607a4891,
0xf736617b,
0x088ef4b0,
0xfc4f7a8b,
0x23006138,
0x5c9d068e,
0x200e048e,
0x32cb058e,
0xf002d153,
0x2300fd4a,
0x627b4698,
0x687a63bb,
0xfa032301,
0x4393f308,
0x80def040,
0xf388fa5f,
0x0f01f1b8,
0xd84360fb,
0x25002200,
0x46204659,
0xf00246a9,
0x4641fec8,
0xf0024620,
0x623dff7c,
0x62f862b8,
0x637d6338,
0x6ab91c6b,
0x0f01f013,
0x6eba4620,
0x088e60bb,
0x61fb3ad2,
0x1c6a4353,
0xfb021052,
0x46411303,
0x63fb461a,
0xff75f002,
0xa9058e82,
0x0680ca12,
0x5361b846,
0x8e220046,
0xffa14e06,
0x8e014653,
0xff9b0c07,
0xb19b697b,
0x32fff04f,
0xb910068e,
0x02e015fd,
0xaafd86f0,
0x00f1bbe7,
0x8ed0020f,
0xfe551404,
0xe7b42201,
0xe7c146b1,
0xf0024620,
0x0a8efd70,
0x58fd102e,
0x5269b9b9,
0xc7360146,
0x7ba038f8,
0x0829006a,
0x7b4613bf,
0xbb230162,
0x04f10a61,
0x64f1ba0a,
0x49d1c20f,
0x25f8434b,
0xd6332860,
0xa36a79b1,
0x420214f1,
0xba1025f8,
0x25f8436b,
0x16454e20,
0xfbd17edc,
0x172b0169,
0x3d6bfbd1,
0xbd62fb62,
0xc92d0568,
0x3db9a6d1,
0x3e493e4a,
0x99f7f948,
0x3de7fefd,
0x40048e4a,
0x6025f842,
0x048ee7e6,
0x7d633b26,
0xfbe7e963,
0x08048e6b,
0x6afbe7e6,
0x0902f04f,
0x6b394620,
0x4641440b,
0x3201461a,
0xf2f9fb92,
0xfef6f002,
0x46416a3a,
0x4b2a4620,
0x0382eb03,
0x695d6b7a,
0x441d6a9b,
0x35014b26,
0xf5f9fb95,
0x0282eb03,
0x6a926953,
0x22004413,
0xfb933301,
0x441df3f9,
0x2b1a068e,
0x10f00246,
0x098e2bff,
0xff0a2282,
0x0f00f1bb,
0x68fbd006,
0x2b013b02,
0x4620d802,
0xfdccf002,
0xdd81068e,
0xf7f00206,
0x01f108fd,
0x04f1b808,
0x15f47f0f,
0x82058eaf,
0x4620d134,
0xfc3ff002,
0x068e693b,
0xf0031084,
0xf7fa03fe,
0x480dfb4c,
0xf39ef736,
0x098e2000,
0x004b0ab6,
0x82058e22,
0xe7844604,
0xcdc2bf00,
0xcb04f120,
0xcdd2f120,
0xcdb0f120,
0x2087068e,
0xf120cb18,
0xf120cdf2,
0x63697571,
0x058e5f6b,
0x088e4d86,
0x0c8e25b5,
0x86098e13,
0x49555134,
0x078e4b43,
0x4f4e3a86,
0x5f8e058e,
0xb781078e,
0x2f0e8e7f,
0xb580005d,
0x6a0aaf00,
0xeb026a4b,
0x608a1283,
0xf0027809,
0xa7098ef1,
0x8e1a9a2c,
0x8ee81206,
0xeba31209,
0x068e02c2,
0x80ffde14,
0x0cb5f8bd,
0x06af0046,
0x10048e46,
0x4605ffc0,
0x46307821,
0xff57f002,
0x1085eb00,
0x8ef86160,
0x8eb0200d,
0x8e472009,
0x61202005,
0xa7058ef8,
0x02f04f1e,
0x81068e08,
0x690c6abe,
0x4422694a,
0xf4f8fb92,
0xf0044263,
0xf003043f,
0xbf58033f,
0x2380425c,
0xf2f3fb92,
0x1482eb04,
0xf8e1f7f3,
0x7829b130,
0x048e4622,
0xbdff9d48,
0x3081f0e8,
0x63f7fa46,
0x387829fa,
0x6b6a2ab1,
0x4681058e,
0xf244058e,
0x4622e7ed,
0xb5b0e7eb,
0x4605af00,
0xf7fa460c,
0x4601ff2b,
0xf7fa4628,
0x1cc3ff99,
0x2b014601,
0x68a2d813,
0xf0024250,
0xf000033f,
0xbf58003f,
0x20404243,
0xf2f0fb92,
0xf7f94805,
0x068efc64,
0xf938bb81,
0xfefc5ff7,
0x00bdb0e7,
0x20d106bf,
0x20d143f1,
0x8ed0d4f1,
0x98108306,
0x04af00b5,
0x03684946,
0x8efa02f0,
0x2062a706,
0x7cf7fc46,
0x8f088ef8,
0x00bd9876,
0xb04b1f00,
0x058e8cb5,
0xaf002a99,
0x60fb607b,
0x617b4b1c,
0x61bb4b1c,
0xb35b6a8b,
0x61fb4b1b,
0x6ae24b1b,
0x4b1b623b,
0x2300627b,
0x62bbb322,
0x462860bb,
0x2301613b,
0x108e7821,
0xf0025ca7,
0x6260ff11,
0x78214628,
0xfea8f002,
0x46226a63,
0x46296220,
0x1083eb00,
0x60a04b0c,
0xf7fd1d38,
0x068ef9c9,
0x4b0960a7,
0x4a09e7d2,
0xe7d862ba,
0xce03bf00,
0xce2bf120,
0xce19f120,
0xcf39f120,
0xce5ff120,
0xce3ff120,
0xd0e7f120,
0xcee1f120,
0xce7ff120,
0x2890068e,
0x4604b08d,
0x4691461d,
0xaf00482b,
0xf252f736,
0xb30b6dfb,
0x2d006dbb,
0x35fff04f,
0x2501bf08,
0x0800f04f,
0x0a01f04f,
0x435d46c3,
0xf208fa0a,
0x0309ea32,
0x6dfbd132,
0x46204639,
0x8000f887,
0xf8c762bb,
0xf7ffb02c,
0xb1a0ff87,
0x491c4a1b,
0xf7f9481c,
0xe7fefbc3,
0xf7fa4620,
0x4601fe70,
0x4508048e,
0xd42800ff,
0x144a17d0,
0xf9481549,
0xfefbb4f7,
0x836dbbe7,
0x207839b1,
0xa3f00246,
0x8e4606fe,
0xfe3a0a06,
0x1286eb00,
0x2a0c048e,
0x0260ba44,
0x8efeacf0,
0xc2528608,
0x364809d1,
0x00f204f7,
0x088e3420,
0x59bf50af,
0x74f120d1,
0xf7f120d1,
0x1483078e,
0xf120d15f,
0xf120d189,
0x65796577,
0xd7058e5f,
0x7473697a,
0x7365745f,
0x72770074,
0x8e657469,
0x8e58a605,
0x8e358606,
0x238e100a,
0x64773b8d,
0x69752071,
0x3c8d098e,
0xa60f8e2c,
0x86068e5f,
0x59455771,
0x8d0d8e45,
0x11048e49,
0x8e1c0c8e,
0x5769d310,
0x45544952,
0x138d0a8e,
0x8e24048e,
0x050e8d07,
0x08e6078e,
0x8e078e07,
0x0b8e0468,
0x048e1ce6,
0x20088e10,
0x38e60c8e,
0x8e14048e,
0x04ce810c,
0x3c8d248e,
0x64a3058e,
0x058e054f,
0x469010a4,
0x780bd879,
0xb110f8df,
0x78494e3d,
0x2023f85b,
0x6023f856,
0xf8df2300,
0xf812a100,
0x8e362021,
0xef2e9605,
0x367822f8,
0x6148364b,
0x22f85378,
0x22f85030,
0x058e3460,
0xf8df20a0,
0xf85090e0,
0xfa080022,
0xf816f303,
0x26012021,
0x7ea2068e,
0xf7fa4628,
0x7823f8d5,
0xf8597861,
0xf85a0023,
0x23002023,
0x8e4e048e,
0xf8c71c08,
0x4b257822,
0xf85a7861,
0x048ec022,
0x22f85952,
0x21f81c00,
0x54048e20,
0x8e24068e,
0xfa76a006,
0x1b8eb2f7,
0x22f8a446,
0x614b1478,
0x8e480e78,
0x00168107,
0x8e40048e,
0xf85b3a04,
0xb2db6022,
0x2c0b8e16,
0x63f8008e,
0x1c200078,
0x02f88444,
0xf8e8bd80,
0xa1078e8f,
0x988c8f4e,
0x98ccf120,
0x98dcf120,
0x98ecf120,
0x98fcf120,
0x986cf120,
0x987cf120,
0x990cf120,
0x991cf120,
0x6897068e,
0x440b784b,
0x441a789b,
0xd8022a7f,
0xff5ef7ff,
0xb1058e80,
0x8ebd806a,
0x8e30a606,
0x155ca606,
0x09d82f46,
0xdf230078,
0xdf9070f8,
0x8e8070f8,
0xfa76a408,
0x21f84ff7,
0x134b1378,
0x8e4a1448,
0x0556a208,
0x30f303fa,
0x301021f8,
0xfab2db46,
0x21f83ff7,
0x594b0e78,
0x0282068e,
0x34048e00,
0xf300fa22,
0x4083b2d2,
0x2f20068e,
0xe52000f8,
0xf8e8bd77,
0xa3088e83,
0x20a12c06,
0x209f0cf1,
0x209efcf1,
0x209eccf1,
0x209edcf1,
0x8e9eecf1,
0xcb2c8106,
0xc2eb037f,
0x81068e02,
0x098eaf2a,
0x068e2a81,
0x81088e1a,
0x098ea342,
0x81068e18,
0x8e8240a9,
0x4f0cce05,
0x020900f0,
0xd2068eaf,
0x20512f7e,
0xf2f7f946,
0xbd82068e,
0x8e1cf210,
0xffeb0e05,
0xd7098e80,
0xe4f7f916,
0x8e2340ff,
0x068e1a04,
0x4fffdd0e,
0x010801f0,
0x6ff73620,
0x402305f1,
0x058e2bf2,
0x00f8cd18,
0x70f7f980,
0x284606ff,
0x5b4a5ab1,
0xf9485b49,
0xfef9b1f7,
0x8e230ae7,
0x461a1a04,
0x8e28048e,
0xff5f3e04,
0x3023f895,
0x2b004680,
0x8091f000,
0xa000f895,
0x82078e03,
0xf7f904a5,
0x4582ffa9,
0x99058e65,
0x8e310212,
0xffa11004,
0xab81068e,
0x6bd07c56,
0xfff04f6a,
0x00ea4338,
0x8e626820,
0xff8f340e,
0xd0184582,
0x8e0c782e,
0x8e861209,
0x86003604,
0x2ed06842,
0x098e3078,
0xc0ff7b16,
0x861007f3,
0x02f04f42,
0x03bf1806,
0x22f89526,
0x522b0030,
0x02f036d0,
0xfff04f03,
0x4fd15302,
0x058e40f4,
0x00ff662a,
0x810381f0,
0x00d0172b,
0x820382f0,
0x00d0132b,
0x840384f0,
0x00d00f2b,
0x880388f0,
0x00d00b2b,
0x900390f0,
0x00d0072b,
0xa003a0f0,
0x00d0032b,
0xc003c0f0,
0xb9d1352b,
0x320f00f1,
0x4f481ed1,
0xf90901f0,
0x4ef932f7,
0x00f895e7,
0x810a8ea0,
0x058e391a,
0x45821a81,
0x048ed00b,
0x810a8e18,
0x058e2d1c,
0x45821c81,
0x8e80d081,
0x237c8109,
0xc7f3c0ff,
0x058e8010,
0xd1856ae6,
0xd9068e40,
0x2601877e,
0xf240e7a2,
0xe7aa3101,
0x43186a6b,
0xe7f26268,
0xf120e0a4,
0x068edfc0,
0xe0c2208a,
0xb5f8f120,
0x460caf00,
0xf7fa4605,
0x068efba3,
0xfc11108e,
0x3022f894,
0xb1534606,
0x22ff7823,
0xf44fb94b,
0x46287164,
0xfef2f7f9,
0x43186a63,
0x46306260,
0x2b01bdf8,
0xf240d102,
0xe7f23191,
0x0a058e02,
0xe7ed3192,
0x3193f240,
0xe4058eea,
0x058ebd34,
0xaf022ca2,
0x607b48a2,
0x61f960ba,
0x5062f887,
0xf72ef735,
0x01224b9f,
0x1899627d,
0x44133320,
0x617b6139,
0x3024f897,
0xf8876a7a,
0x237f3040,
0x305df887,
0x40932301,
0x439368ba,
0x83c0f040,
0xf1074b95,
0xf1030568,
0x68180640,
0x3308462a,
0x1c04f853,
0xc20342b3,
0xd1f64615,
0xf1074b8f,
0x1c178ea8,
0x22012300,
0x2e8e0f8e,
0x4086bb20,
0x30f88723,
0x31f88720,
0xfff24020,
0xfb86fb32,
0x00867a69,
0xb5f0002b,
0xa8f10780,
0x206a7a03,
0x0063bb46,
0xdf4b7a25,
0xdfa224f8,
0x139224f8,
0xf91022f8,
0x97fc41f7,
0x873040f8,
0x20005ef8,
0x754a7446,
0x0cf8df49,
0x23f81282,
0x23f83120,
0x6af7f910,
0x1e048efe,
0x49714a70,
0x14078e52,
0x4a6f4110,
0x0060f887,
0x048e4620,
0x59f7f926,
0x2022048e,
0xa6078e6b,
0x5ef89730,
0x5ff88730,
0x61f88730,
0xe8f10700,
0x16462006,
0x5a3da8f8,
0x2e2023f8,
0x23f85944,
0x25f81230,
0x25f83320,
0x3df7f910,
0x585a058e,
0x533023f8,
0x013025f8,
0x402d0935,
0x30f003fa,
0x07d1e375,
0x20012cf1,
0xe4f7fa46,
0x06048efa,
0x068efaca,
0xfb384c8e,
0x28004683,
0xf8dfd148,
0xf107a170,
0x461e0341,
0x916cf8df,
0xf8df623b,
0xf8878168,
0x4620b041,
0x0750048e,
0x8e05e8f1,
0x068e6e04,
0x33202b6c,
0xf9102bf8,
0x088e07f7,
0xf852206c,
0x4110202b,
0x7022088e,
0x8e462070,
0xfdf4260a,
0x3da8f815,
0x3023f858,
0xf8534629,
0xf10b302b,
0x41180b01,
0x462072b0,
0x2f01f816,
0xfce2f7ff,
0x0f09f1bb,
0x4620d1c8,
0x8e7ff7fa,
0xed168107,
0x2db140fa,
0x2e492d4a,
0xc4f7f848,
0x07e7feff,
0x490368f1,
0x2a4b2be7,
0x87462146,
0xc70062f8,
0xc700a8f8,
0xc700acf8,
0xc700b0f8,
0xc700b4f8,
0x2530b8f8,
0xbcf8c74b,
0xc74b2430,
0xc700c4f8,
0xc700c8f8,
0x8700ccf8,
0xc700d0f8,
0x0130c0f8,
0xd2f88723,
0xa8f10700,
0xd1f88700,
0xd3f88730,
0xfc4b1b30,
0x6ffd55f7,
0x8e0207f0,
0x9a42a506,
0x8eb928fd,
0xfe940a06,
0xb3b84605,
0xb7058e14,
0x85f7f818,
0xc9e7feff,
0x90f120e0,
0xd5f120d1,
0x15f120df,
0x58f120e0,
0x5cf120e0,
0x6cf1209f,
0x5cf1209f,
0x2cf120a1,
0x1cf1209f,
0x3cf1209f,
0xd2f120a1,
0x68f120e0,
0x86068ee0,
0x20d3d924,
0x20d3f3f1,
0x20d5f1f1,
0x20e07af1,
0x20e0eaf1,
0x2098acf1,
0x2098bcf1,
0x0b8e9cf1,
0x98cc208c,
0x068ef120,
0xf7f95497,
0x61b8fd5d,
0x0ca8088e,
0x7b0e048e,
0x002b016a,
0x7f810ef3,
0x4f26004a,
0x400801f0,
0x7b511df2,
0xc7462068,
0xb360a8f8,
0xacf8c746,
0xb0f8c760,
0xbcf8c760,
0xc74a7820,
0x1b60b4f8,
0xb8f8c768,
0xc0f8c760,
0x13697a20,
0xc77f80f0,
0x3b60c4f8,
0xc8f8c769,
0xccf8c760,
0x13bf1860,
0xd0f88746,
0xd1f88760,
0x8060fb80,
0x87461a23,
0x8760d2f8,
0xf960d3f8,
0x55fd27f7,
0xa4f44f22,
0x78048e61,
0x2255fca8,
0x8e21f240,
0xa2468a05,
0x058e17fc,
0x8e2e62c9,
0xfd140e05,
0x8062f887,
0x2300667e,
0xf88768fa,
0xf8973063,
0xf8523040,
0x42b33023,
0x2301d102,
0x7a12048e,
0xfff2406e,
0x40429a13,
0x008181f0,
0x40f10726,
0x41f88703,
0x07443360,
0x9a0140f1,
0x01462078,
0x5df89736,
0xff1ad230,
0x09fbe5f7,
0x058eee2e,
0xf2402ae0,
0x5e058e1d,
0x6a7bfce5,
0xdd762b01,
0x2b0069fb,
0x4e44d073,
0x3689068e,
0x78c1f240,
0x0900f04f,
0xf7f97832,
0xf816fc5b,
0xdd058e03,
0x30048e5c,
0x82098e54,
0x068e66df,
0xf93eb082,
0x098e46f7,
0x8e68df82,
0x3eb08208,
0xfd3cf7f9,
0x2f01f816,
0xf889fa1f,
0x71c2f208,
0xb2894620,
0x0901f109,
0xfc35f7f9,
0x71c7f208,
0x79724620,
0xf7f9b289,
0xf208fc2e,
0x7ab271cc,
0x048eb289,
0x08fc275a,
0xf271d1f2,
0x0e068e7b,
0xf1b9fc20,
0xd1db0f05,
0x8090f8df,
0x66da0a8e,
0x2f01f818,
0x7100f506,
0x0d50088e,
0x05f206fc,
0x60048e21,
0x2005f898,
0xfc05f7f9,
0x210af206,
0x200af898,
0xfd46068e,
0x0ff206fb,
0x0ff89821,
0xf510078e,
0x56048efb,
0x8ebbd1d8,
0xf9529b0b,
0x1bfc63f7,
0x400f03f1,
0x8e810bf0,
0xf848ed06,
0xfefe43f7,
0x20d32de7,
0x20d40df1,
0x20d1d0f1,
0x8ee10af1,
0xe764840a,
0xfbf120d1,
0x3f2b0069,
0xadaeeef4,
0x30820b8e,
0xfbacf7f9,
0x8b058e4e,
0x4646aa76,
0x8e0b03f8,
0x8ebd7004,
0x71e31205,
0x46b14620,
0xfbb6f7f9,
0x3c82108e,
0x128efca8,
0xfc9e3c82,
0xf88afa1f,
0xf2084620,
0xf10a71c2,
0xb2890a01,
0xfb7ff7f9,
0x71c7f208,
0xd8078e09,
0x77f7f970,
0xccf208fb,
0x078e8971,
0xf7f952dc,
0xf208fb6f,
0x8e8971d1,
0xf952dc07,
0xbafb67f7,
0x890f05f1,
0x52dc058e,
0x3e82078e,
0x8e7af2f8,
0x8e0c830e,
0x71c73404,
0x068e7c32,
0x058e6832,
0x8e79b252,
0x8e610e06,
0xf8165005,
0x068e2f01,
0x058e5910,
0xd1db3882,
0xf04f4e72,
0x46b10a00,
0x2281078e,
0x098e00f5,
0xfb2e2281,
0x2105f208,
0x22810a8e,
0xf208fb26,
0x0a8e210a,
0xfb1e2281,
0x210ff208,
0x22810a8e,
0x81168e16,
0x8e00f522,
0x8e22810b,
0x21053404,
0x2281088e,
0x52058e17,
0x2281088e,
0x50058e10,
0x22810a8e,
0x81078e08,
0x07e62322,
0x490840f1,
0x7cd5078e,
0xf88700a8,
0xf7fc6041,
0xf1b0fb19,
0x46833fff,
0x809cf040,
0xeb082600,
0x86058e06,
0x20464122,
0x017ada46,
0x59f7ff36,
0xf32e09fa,
0x016a7bd1,
0x7af73f2b,
0x840e8eae,
0x97fb541e,
0x361040f8,
0x60f8974a,
0x52483530,
0xdf2021f8,
0xdfa0e8f8,
0x9390e8f8,
0xdb4a3240,
0xe0f8dfb2,
0x95088e80,
0xf9462050,
0x058e3cf7,
0x974a2d30,
0x2c3061f8,
0x9330058e,
0xdb4a2b40,
0x240c8eb2,
0xf107fb2a,
0xf81606e8,
0xf85a2da8,
0x19731022,
0xf8597d1b,
0xf8510022,
0x408b1025,
0x1022f858,
0xf810b2db,
0x46202025,
0x1025f831,
0xf7f93501,
0x2d09fb12,
0xf897d1e5,
0x068e205e,
0xa766b681,
0xf02300fa,
0x61f24022,
0x3489058e,
0x6a7bfb03,
0x2b043301,
0xf47f627b,
0x4620ac2c,
0x0140f107,
0xfbe9f7ff,
0x28004604,
0x80b5f000,
0x2402480d,
0xfcd9f7f8,
0x8eec4620,
0xd07e9a07,
0x85068ed1,
0x8ee08f48,
0x8e508a06,
0x8e588a05,
0x8e508a07,
0x2a5c8a08,
0x8a068ee1,
0x8a088e34,
0x40f89740,
0x01f04f30,
0x494a4808,
0x41f89748,
0x23f85210,
0x23f85020,
0xdf230000,
0x058e30f8,
0x088e6698,
0xfabb5e81,
0xf8976a3b,
0x048e2040,
0x3e7a9826,
0x14f8df4b,
0x22f85391,
0x21f85330,
0x03fa0030,
0xdb483bf3,
0x22f850b2,
0x50483ac0,
0x3298078e,
0x9e3a088e,
0x66048efa,
0x8e38048e,
0x8e2c9812,
0x008e2004,
0x2020048e,
0x048e4b2d,
0x98188e22,
0x08462076,
0x7698058e,
0x8e77f7f9,
0x8e674e1f,
0x4b1a4e05,
0x81058e14,
0x98078e50,
0x8e11c07e,
0x8e149a05,
0x8e109a08,
0x088e5a04,
0xf7f90cbd,
0x6a3afa4e,
0x3f01f812,
0xf897623a,
0x429a205d,
0x058ed901,
0x09360a92,
0x2ff47f2e,
0x08e540ad,
0x91f73548,
0x7ce74af2,
0x8ef12098,
0x2f149918,
0x990a8ee1,
0x078e7714,
0x68705db2,
0x706d5f79,
0x9d068e63,
0x00ffff6e,
0x8e04048e,
0x108e0808,
0x20208e10,
0xff00ff00,
0x8e04048e,
0x108e0808,
0x20208e10,
0x00000000,
0x0000000d,
0x00000011,
0x00000015,
0x8e000019,
0x8e719e07,
0x8e2d8107,
0x8e749e05,
0x643a8108,
0xda0b8e71,
0x150b8e72,
0x15098e62,
0x309e068e,
0x4c4c4f50,
0x43504d5f,
0x4e4f445f,
0x4c465f45,
0x068e4741,
0x7364399e,
0x0a72776b,
0x8e575b00,
0x8e05b407,
0x445e9e07,
0x454b5345,
0x9e128e57,
0x18078e76,
0x525f5144,
0x535f4344,
0x8e544154,
0x8e019f07,
0x8e422011,
0x4457200e,
0x8e000a47,
0x005d6507,
0x01000a00,
0x0a02280a,
0x140b0350,
0x053c0b04,
0x0c06000c,
0x500c0728,
0x09140d08,
0x0e0a3c0d,
0x280e0b00,
0x0d500e0c,
0x0f0e140f,
0x00100f3c,
0x11281010,
0x11125010,
0x3c111314,
0x15001214,
0x12162812,
0x14131750,
0x193c1318,
0x141a0014,
0x50141b28,
0x1d14151c,
0x16403c15,
0x28164100,
0x43501642,
0x17441417,
0x0018453c,
0x47281846,
0x19485018,
0x3c194914,
0x4b001a4a,
0x1a4c281a,
0x141b4d50,
0x4f3c1b4e,
0x1c50001c,
0x501c5128,
0x53141d52,
0x1e543c1d,
0x281e5500,
0x57501e56,
0x1f58141f,
0x0020593c,
0x5b28205a,
0x215c5020,
0x3c215d14,
0x5f00225e,
0x22602822,
0x14236150,
0x633c2362,
0x24640024,
0x50246528,
0x67142566,
0x26683c25,
0x28266900,
0x6b50266a,
0x276c1427,
0x00286d3c,
0x6f28286e,
0x29705028,
0x3c297114,
0x00002a72,
0x0f01000f,
0x1410023c,
0x04501003,
0x12052811,
0x3c120600,
0x08141307,
0x14095013,
0x00150a28,
0x0c3c150b,
0x160d1416,
0x28170e50,
0x1000180f,
0x19113c18,
0x4619120a,
0x141e1a13,
0x1b155a1a,
0x0a1c1632,
0x18461c17,
0x1d191e1d,
0x321e1a5a,
0x1c0a1f1b,
0x201d461f,
0x5a20401e,
0x42322141,
0x22430a22,
0x1e234446,
0x465a2345,
0x25473224,
0x4625480a,
0x4a1e2649,
0x274b5a26,
0x0a284c32,
0x4e46284d,
0x294f1e29,
0x322a505a,
0x520a2b51,
0x2c53462b,
0x5a2c541e,
0x56322d55,
0x2e570a2e,
0x1e2f5846,
0x5a5a2f59,
0x315b3230,
0x46315c0a,
0x5e1e325d,
0x335f5a32,
0x0a346032,
0x62463461,
0x35631e35,
0x3236645a,
0x660a3765,
0x38674637,
0x5a38681e,
0x6a323969,
0x3a6b0a3a,
0x1e3b6c46,
0x6e5a3b6d,
0x3d6f323c,
0x463d700a,
0x721e3e71,
0x078e5a3e,
0x8e4ef181,
0x4b46a905,
0x64b99b78,
0xdaf7f821,
0x007863ff,
0xab007ff0,
0x034a16b9,
0x890143eb,
0x0442815c,
0x4a3301d0,
0x4fd1f72b,
0x1833fff0,
0x8bbd9846,
0x032b0369,
0x324a0fdc,
0xe51023f8,
0xe3211de7,
0x4f2b01e7,
0x090300f0,
0x098e0bd1,
0x01d0ea34,
0xf72b5133,
0x07e7e4d1,
0xe014098e,
0xda14078e,
0x20e7fce7,
0x20e7ecf1,
0x20e138f1,
0x20e22bf1,
0x8e2300f1,
0x1cdf8106,
0x460c4680,
0x628b4616,
0xf7fe62cb,
0x4605fdcf,
0x46404621,
0xfd1df7fe,
0x6923b91d,
0x69636073,
0xb9058e33,
0xdf058e28,
0x4604473c,
0x4689af00,
0x784e4690,
0xd0382e02,
0xd16c2e00,
0xf2002a4a,
0xf8df808b,
0x22069128,
0xeb084611,
0xf8d90848,
0x029b3000,
0x0380f043,
0xfb32f7f9,
0xf7352001,
0x4b3ff194,
0x201e048e,
0x8e449846,
0xf8981e04,
0xea455010,
0x068e2383,
0x8efb2024,
0x068e1404,
0x16048e20,
0x8e17f7f9,
0xf1793605,
0x0280f045,
0x46202164,
0x8e63f7f8,
0x876ae006,
0xf1b84e2e,
0xd8520f51,
0x1018f8d9,
0x0548ea4f,
0xdc2d2903,
0x0a02f04f,
0xf0012900,
0xf04f0201,
0xbfb80300,
0xfb914252,
0x4620f1fa,
0xf7f94445,
0x5d72f8cb,
0x8d058e0e,
0x8efa5610,
0x23013404,
0x048e4620,
0x8e29002a,
0xf7f92808,
0xf44ff8b9,
0xf735707a,
0x4b16f141,
0x7224048e,
0x21f8335d,
0x14e7c310,
0x45e7c84e,
0x8e462044,
0xf7f94204,
0x5d72fa36,
0x211d4620,
0xff1df7f8,
0xa10a048e,
0x18f7f821,
0xa20a058e,
0x13f7f821,
0x28048eff,
0xf7f821a3,
0x068eff0e,
0xa5f11a4e,
0x48cb088e,
0xecbf0087,
0x82068ee7,
0x20e13874,
0x20e320f1,
0xbb0e8ef1,
0x62ff5240,
0xa1463069,
0x8e69e369,
0x2940bb0e,
0x40bb058e,
0xf2f3fb92,
0xfc50f001,
0x606b68a3,
0x60ab68e3,
0xec078ef8,
0x05b0a944,
0x46e2058e,
0xf8d7af02,
0xf88740c4,
0xf8d71021,
0x63ba80cc,
0x2165b931,
0xfeb0f7f8,
0xf3c04b68,
0x60180087,
0xf7344867,
0xf8d7f791,
0x226430c0,
0x3332019b,
0xf3f2fb93,
0xf1b9663b,
0xd12c0f00,
0x737af44f,
0x228af240,
0xf2034363,
0x048e1345,
0x28495d1a,
0x98f10746,
0x01f04f06,
0xf9667b0b,
0x00fbd0f7,
0x78f80623,
0x20f8973d,
0x1f2b0330,
0x8e2400d9,
0x06081e07,
0x8e4d30f8,
0x400cbb06,
0x508081f2,
0x5ef73448,
0x9c2000f7,
0x4e8f078e,
0xf1b9230a,
0xfb030f01,
0xd102f304,
0x22043302,
0x3303e7d0,
0xe7cd2206,
0x3068f887,
0xba058e0b,
0x2d030a70,
0x074c43d1,
0x8e0c08f1,
0x6820ba0c,
0x20ba0b8e,
0x0008f107,
0x93019700,
0xf7fb4633,
0xb130ff74,
0xba058e39,
0xf848381c,
0xfef8bdf7,
0xbb6a7ae7,
0xd06e796a,
0x3a42881a,
0x20f897db,
0x00f1b910,
0x11d0260f,
0x0701fdf0,
0x3b62fad1,
0x20f89763,
0x5ab9058e,
0xe7a03020,
0x42826af8,
0x62fadc00,
0x42936b3a,
0x633bdb00,
0xd1ef2901,
0x6b3b6afa,
0x6082088e,
0xb981068e,
0xc8f8d744,
0x42b18b30,
0xb9068e44,
0xddfe8778,
0xd92900e7,
0x3c108ed0,
0xe7e02903,
0x0208eba2,
0x8e17e7eb,
0x14108105,
0x75f7f848,
0x08e7fef8,
0x5681078e,
0x048ed10e,
0x90f8c740,
0x94f8c740,
0x25f7fe40,
0xd3068efc,
0xf8480a60,
0xfef861f7,
0xba0a8ee7,
0x20e75f72,
0x04f120e3,
0xba068ee9,
0x048e2440,
0xf120e808,
0x0a8ee913,
0xd17440ba,
0xe8f4f120,
0xb5b0f120,
0x4604b092,
0x4821af00,
0x61ba7079,
0xf6a9f734,
0x021cf107,
0x68f2068e,
0x2807fdd9,
0xdd2761f8,
0x8e08f1a0,
0xfe2a1207,
0x40b0088e,
0xfc5cf7fa,
0x69fa4605,
0x0818048e,
0x1df7ff32,
0x4f1a0b8e,
0x00ea55fc,
0x8ed10d03,
0xf7ff1e06,
0x480bfe0f,
0xf67cf734,
0x8e482000,
0x0178af05,
0x25e7e225,
0xee2800b1,
0x0269fad1,
0x00e7ec32,
0xfad0ee28,
0xe73a0269,
0x30bf00e7,
0x40f120e9,
0x1df120e9,
0xa1000000,
0xa2000000,
0xa3000000,
0x40000000,
0x2d41002d,
0x1e2e4241,
0x445f2e43,
0x30453c2f,
0x5a304619,
0x48373147,
0x32491432,
0x32334a55,
0x4c0f344b,
0x354d5034,
0x0a364e2d,
0x504b364f,
0x38512837,
0x46385205,
0x54233953,
0x3a55003a,
0x1e3b5641,
0x01003c00,
0x3d02413c,
0x5f3d031e,
0x053c3e04,
0x3f06193f,
0x3740075a,
0x09144108,
0x420a5541,
0x0f430b32,
0x0d50430c,
0x450e2d44,
0x4b450f0a,
0x11284610,
0x47120547,
0x23481346,
0x15004914,
0x4a164149,
0x5f4a171e,
0x193c4b18,
0x4c1a194c,
0x374d1b5a,
0x1d144e1c,
0x4f1e554e,
0x0f501f32,
0x21505020,
0x52222d51,
0x4b52230a,
0x25285324,
0x54260554,
0x23552746,
0x29005628,
0x572a4156,
0x5f572b1e,
0x2d3c582c,
0x592e1959,
0x375a2f5a,
0x31145b30,
0x5c32555b,
0xa9000032,
0xd9f120e3,
0x25f120e3,
0xe504048e,
0x38bd0a8e,
0x0c91068e,
0x39bd0a8e,
0x110b8e5b,
0x41b6098e,
0xbc0a8e57,
0x1f0a8e75,
0x2c0e8e5d,
0x0c8e646e,
0x646e324c,
0x81118e5d,
0x076c7493,
0x076d0000,
0x076e0000,
0x8e6f0000,
0x14948113,
0x00000770,
0x00000771,
0x00000772,
0x00000773,
0x00ff014a,
0x00ff0149,
0x000f05e8,
0x81138e03,
0x108e0c96,
0x4a409681,
0x04048e01,
0x8e08088e,
0x4c968112,
0x9781108e,
0x30108e00,
0x4960208e,
0x04048e01,
0x8e08088e,
0x108e6022,
0x81288e30,
0x24400c92,
0x4681af00,
0xf4f4fb92,
0x4615460e,
0xda052c00,
0x491c4a1c,
0xf7f7481d,
0xe7fefe9e,
0x8078f8df,
0x0b81ea4f,
0xf8584a1a,
0x44d83021,
0x0a0beb02,
0x2021f812,
0x1010f8ba,
0xea81068e,
0xa1f7f874,
0x10f8d8fc,
0x9a464830,
0xba2020f8,
0x098e30f8,
0x48fc9518,
0x10f7f946,
0x05426bf8,
0x03023ff0,
0x48033ff0,
0x5abf5846,
0x134b0842,
0xf81026f8,
0x00fb2af7,
0xf8e8bd20,
0x94bf008f,
0x08f120f2,
0x87068ef2,
0x20e95050,
0x20fcd4f1,
0x8eea60f1,
0x8f24b606,
0x994604b0,
0x00250046,
0x3e48b4af,
0xb9607a6e,
0xbdf73461,
0xdf4620f4,
0xdf82c4f8,
0xfbb2c8f8,
0x98fc60f7,
0x05304cf8,
0xed0a01f1,
0x0042abb2,
0x8e810cf2,
0x00049c06,
0x4cf7f825,
0x006178fc,
0x10068e23,
0x8e0e048e,
0x6891810c,
0xfb062e00,
0xbf08f303,
0x60fb2300,
0xf04f687b,
0xfa090901,
0xea38f805,
0xf0400303,
0x4b9981bd,
0xea4f4620,
0x4e980b85,
0x2025f813,
0xf8333310,
0xf7f81025,
0x4b95fc24,
0x62784629,
0xf8534620,
0x623b3025,
0xf901f001,
0x61384b92,
0x8e134620,
0xf9dc2005,
0xfa5f4682,
0x220ff388,
0x61bdf44f,
0x1274048e,
0x8e2302fc,
0xef058e00,
0x0cf7f828,
0x10f106fc,
0x058e5603,
0xf853209c,
0xfa221025,
0xb2d2f301,
0xf106408b,
0xf8310120,
0xb2db1025,
0xfbfaf7f8,
0x0330f106,
0x2020058e,
0x0340f106,
0x50280e8e,
0xe628098e,
0x60f106fb,
0x7028098e,
0x80280f8e,
0xd228098e,
0x90f106fb,
0xa028098e,
0x8e36b003,
0x8e362a0c,
0xfbbf2607,
0x2b0069bb,
0x4620d17c,
0xff27f7f8,
0x0380f040,
0x8e06464a,
0xe4348205,
0x810a8efe,
0x00fba54c,
0x500008ea,
0x00f305fa,
0x3a812cf0,
0x00f04f6a,
0x7b464608,
0x20f8c76a,
0x0a411380,
0xc21383eb,
0x7b469946,
0xbb33e062,
0x2b4b4d60,
0x8e603b44,
0x1eb78106,
0x901cf8c7,
0xec81068e,
0xbff44f76,
0x7ef9058e,
0xfb86f7f8,
0x0af1068e,
0x5a058ebf,
0x683bfb7f,
0x0e38f107,
0xc000f893,
0xeb0e4b40,
0xcb0f0c8c,
0x000fe90e,
0x46202201,
0x1c10f83c,
0xfb67f7f8,
0x2b006a3b,
0x2800d143,
0xf108d136,
0x68bb0801,
0x0901f109,
0xd1cd454b,
0x6a7a4629,
0xf7ff4620,
0x4a32fe98,
0x48334933,
0xfd41f7f7,
0x4621462a,
0xf7f74832,
0x4a31fd3c,
0x4831492e,
0xfd37f7f7,
0xeb08e7fe,
0x46200385,
0xf893445d,
0xf8b32042,
0xf7f81040,
0xf885fb3c,
0x46550020,
0x227fe6dd,
0x81058e17,
0x60fb3370,
0x02027ff0,
0x8eb2d221,
0xfdce0e04,
0xf1b8e77f,
0xf3000f0f,
0xf8c780ef,
0xf04fa01c,
0xf8d70801,
0xe7bfa01c,
0x2b006a3b,
0x2801d0bc,
0x81058e15,
0x24048e0e,
0x4556ddb5,
0xeba6db13,
0x2e0f060a,
0x4a15dd31,
0x48104916,
0xfcfbf7f7,
0x46312210,
0xf7f74814,
0xe7a9fcf6,
0x0601f109,
0x0800f04f,
0x3640e79f,
0xf2a8e7e9,
0x7085068e,
0x068ee9a0,
0xfcd47085,
0x9281068e,
0x20f2187c,
0x20f301f1,
0x8ef245f1,
0x211cd606,
0x49f120f3,
0x86068ef3,
0x20f2ac20,
0x20f228f1,
0x20f2c5f1,
0x292302f1,
0x96462046,
0xfbf6f3fb,
0x9a44b268,
0xff465244,
0x7bfe15f7,
0x03ebaa6a,
0x3ff1ba0a,
0x4fdd770f,
0x0a18aaea,
0xbb0a3ff0,
0x732b0069,
0x5e83058e,
0xf64ffe38,
0x2201737f,
0x068e4003,
0xfdf46083,
0x23004e43,
0xf1064620,
0xf8160120,
0xf831200b,
0xf7f8100b,
0xf106fab7,
0xf1060230,
0x23000150,
0x8e0bf812,
0x8e50a105,
0xfaab1804,
0x0260f1a6,
0x8e40f1a6,
0xfa9f180f,
0x0230f1a6,
0x088e3e10,
0x058e3616,
0x02fa9416,
0x8e230022,
0x68058e00,
0x2afa008e,
0x1346204b,
0x4918058e,
0x297c3bf8,
0x83fa5846,
0x88eb00f8,
0x08462018,
0x00020aeb,
0x00ff72f0,
0x18f47f28,
0x043501af,
0x36f47f2d,
0x004d1fae,
0x80f8df23,
0xdb1c5e80,
0x4cf895b2,
0x1d429a20,
0x0b8e7bd8,
0xf7f860a3,
0x4817fa64,
0xf2b6f734,
0x088e2000,
0x4f4e9581,
0x880800f0,
0x83088ee7,
0x02fa4d4c,
0x058e0246,
0x8bfcea0a,
0x83eb05e7,
0x03eb0801,
0x20f89202,
0x91462030,
0xb12042f8,
0x0484058e,
0x4633fa41,
0x2301e7cc,
0x623b464e,
0xea00e70e,
0xfcc4f120,
0x1883068e,
0x0a8ef363,
0xb0850889,
0x89058e04,
0x7a488206,
0x7cf73460,
0xfb4620f2,
0x80fa23f7,
0x7a60bb4b,
0x3c88088e,
0x48c8058e,
0xf8df80e1,
0x4620a220,
0x497a00ae,
0xfec4f7f8,
0xf10a4620,
0x8e1a0310,
0xf874b007,
0x75fa03f7,
0x25f8534b,
0x03fa4030,
0x058e73fb,
0x20251282,
0x068e4b72,
0x71f9f51c,
0xf31c088e,
0x60fb4620,
0x8e8df7f8,
0xf846bf05,
0x80fefbf7,
0x69280046,
0x0c048ed0,
0x68bbfe7a,
0xfa09781b,
0xea39f903,
0xf0400300,
0xaa058ea8,
0x00f8c766,
0x6f46c8a0,
0xdf0301f0,
0x48a1a8f8,
0x204b5be0,
0x3a683a46,
0xf31006f8,
0x0b5d9258,
0x148b078e,
0x4b59f9cb,
0x4a594620,
0xf10258f3,
0x5d920110,
0x088e5b89,
0x8ef9be1a,
0xfd395c04,
0x46204629,
0xf00068fa,
0xb128fe3b,
0x49514a50,
0xf7f74851,
0xe7fefb99,
0x0f02f1b9,
0x81058e12,
0x078e4300,
0x8eb11481,
0x68148105,
0x3014058e,
0x1a68bbfe,
0x93230178,
0x5f438340,
0x81068ed1,
0x0f036ebe,
0xf1b9d057,
0xf06f0f01,
0xbf080301,
0x68fa2304,
0x0b03eb1b,
0x60fa441a,
0x4a3dd5b0,
0x483b493d,
0xfb6cf7f7,
0xf8dfe7fe,
0x8e81a0f8,
0x8e3a8105,
0xd436220a,
0xdb342a00,
0x46204b2a,
0x108e4a34,
0xf9694481,
0x46204b28,
0x81138e28,
0x058e5c44,
0xfcd74481,
0x4481088e,
0x2800fdd9,
0x85058e9c,
0x8efde976,
0x57348106,
0x784680fe,
0x26058eb1,
0x810a8efd,
0x02d10632,
0x00f1b923,
0xb8d0120f,
0x830f00f1,
0x0168bbd1,
0x032d0435,
0xbb0301f1,
0x0ff47f60,
0x344814af,
0x00f183f7,
0xf1088e20,
0x01f04f52,
0x00e7a809,
0x8ef367bf,
0xdc308706,
0x84068e7c,
0xb10c8e28,
0x20ea7068,
0x20e970f1,
0x20f36df1,
0x078e6ff1,
0xf2945c8d,
0x8e5af120,
0x8f748707,
0x60f120f3,
0x77f120e9,
0x65735f6c,
0x64775f74,
0x645f7371,
0x5000796c,
0x58000003,
0x60000003,
0x68000003,
0x92088e03,
0x76656c34,
0x6e696c65,
0xa3058e67,
0xd70a8e32,
0x1d0f8e7a,
0x8e15078e,
0x6975520b,
0x6c65645f,
0x088e7961,
0x6574612a,
0x5f79636e,
0x6e656469,
0x79666974,
0x1032078e,
0x7091078e,
0x0aa3088e,
0x555f5351,
0x41565f49,
0x0045554c,
0x8e4c575b,
0x5736d806,
0x454d5f4c,
0x54534154,
0x454c4241,
0x53c9078e,
0x2056058e,
0x0081088e,
0x20736920,
0x2074756f,
0x6e20666f,
0x616d726f,
0x656d206c,
0x74736174,
0x656c6261,
0x6e617220,
0x28206567,
0x3e206425,
0x29642520,
0x55078e0a,
0x0cc3058e,
0x4556454c,
0x474e494c,
0x5445535f,
0x4645445f,
0x544c5541,
0x14d9078e,
0xd9068e42,
0x204c5714,
0x20746573,
0x69206f74,
0x6974696e,
0x048e6c61,
0x6e69740f,
0xc4098e67,
0x490e8e06,
0x39a4068e,
0x5b005d4c,
0x44494c57,
0x41240e8e,
0x434e4554,
0x44495f59,
0x49544e45,
0x088e5946,
0x8e44492c,
0x7006c405,
0x78000003,
0x80000003,
0x88000003,
0x4c000003,
0x4d000003,
0x4e000003,
0x4f000003,
0x65000003,
0x6d000002,
0x75000002,
0x7d000002,
0x89000002,
0x91000002,
0x99000002,
0xa1000002,
0x85000002,
0x86000002,
0x87000002,
0x88000002,
0xa9000002,
0xaa000002,
0xab000002,
0xac000002,
0x81128e02,
0x07b210ae,
0x07b60000,
0x07ba0000,
0x8ebe0000,
0x1cb08113,
0x000007b3,
0x000007b7,
0x000007bb,
0x20138ebf,
0x000007b4,
0x000007b8,
0x000007bc,
0x000007c0,
0x0000000a,
0x0000000b,
0x0000000e,
0x0000000f,
0x00000012,
0x810b8e13,
0x736d18f8,
0xa681488e,
0x854ff048,
0x4f4606b0,
0x000810f0,
0x3aaf0224,
0xf7607948,
0x39f984f7,
0x20f1034b,
0x4f687b0a,
0x5b0984ea,
0xf8f8dfbb,
0x30461db0,
0x534b3446,
0x2b3009f8,
0x3bb29944,
0xf5f7f760,
0x2a9000fe,
0x01462146,
0x58683b35,
0x69f7f746,
0xec2d08f9,
0x304b2cd1,
0x09f85346,
0xf7b2a950,
0x03fee4f7,
0x8e482946,
0x08342405,
0xf70804f1,
0x04f957f7,
0x8ed1d32c,
0x46888208,
0xf85a2500,
0xfa1f1009,
0x4630fb85,
0x4459194b,
0x58058e89,
0x58078ec9,
0x481b683b,
0xf93ef7f7,
0x100af858,
0x186b4630,
0xb920088e,
0x13780b8e,
0x2df7f748,
0xda2d08f9,
0x304d12d1,
0x09f85546,
0x89fa1f90,
0xa7f7f7f1,
0x4a4603fe,
0x0d462146,
0x1df7f748,
0x05f858f9,
0xa9463050,
0x9bf7f7b2,
0x8e4603fe,
0x48083c04,
0xfb82e7b5,
0xf398f120,
0xf3a8f120,
0xfbc7f120,
0xfbe7f120,
0xfc0df120,
0xf3d8f120,
0xfc33f120,
0xfc5af120,
0xfba6f120,
0xb5b0f120,
0xaf00211b,
0xf7f74605,
0x4604fe7c,
0x4628211c,
0xfe77f7f7,
0x2304ea40,
0x21062203,
0xf0234628,
0xf7f80304,
0xbdb0fa33,
0xb5f80000,
0x461a2300,
0x4604af00,
0xf7f82102,
0x2218fa29,
0x4620211c,
0xfeebf7f7,
0xb1184606,
0xf7f7480e,
0xe7fef8d6,
0x14058e1b,
0x4605fe55,
0x501e068e,
0x05ea40fe,
0x20220323,
0x43210646,
0x0c4e058e,
0x322355fa,
0x058e0b46,
0xfa06768d,
0xfc81bdf8,
0x408d068e,
0xb0832301,
0x46054093,
0xf8df4688,
0x469290a0,
0xaf002400,
0x0b55f04f,
0xf1c4607b,
0x22030307,
0xf303fa2b,
0x71c1f240,
0x26ff4628,
0x0f01f013,
0x2600bf08,
0xfeacf7f7,
0xd02a4540,
0x2ac2068e,
0xf7f74628,
0xf3c0fea4,
0x45800087,
0x068ed022,
0x048e26c2,
0xc0fe9a14,
0x801007f3,
0x02f04f45,
0x03bf1800,
0x20f85920,
0xfff1ba10,
0x2146283f,
0x0fb28944,
0xfdf7f7d1,
0x114286fd,
0x083401d1,
0x00d1c82c,
0x83098e20,
0xe7e92044,
0xe7e72001,
0xfdedf7f7,
0x4070687b,
0xd0ed4218,
0x30fff04f,
0xf398e7ee,
0x2300f120,
0x461ab580,
0x2105af00,
0xf9a2f7f8,
0xb598bd80,
0x460422ac,
0x2120af00,
0xf903f7f8,
0x22554620,
0xf7f8210f,
0x4620f8fe,
0x212822de,
0xf8f9f7f8,
0x1414048e,
0xf4f7f821,
0xac4620f8,
0x16f24022,
0xdaf7f751,
0x20048efd,
0x5117f240,
0xfdd4f7f7,
0x4f22048e,
0xf761a3f4,
0x55fdcef7,
0x19f24022,
0xf7462051,
0x98fdc8f7,
0x2ca4068e,
0x068e8343,
0x402334d0,
0x90510ff2,
0x40af0246,
0x32f7f722,
0x8283068e,
0x511cf262,
0xf7f74628,
0x8e40fe2b,
0x548e8107,
0x240e048e,
0x078e80fe,
0x048e00c7,
0x01fe1d0e,
0xb1f73320,
0xc6068ef7,
0x12048e04,
0x4284fe0d,
0x820b8e29,
0x058e053e,
0x42843e82,
0x820b8e21,
0xc0fdfb3e,
0x841007f3,
0x02f04f42,
0x03bf1804,
0x01f04f24,
0x1a230509,
0xa5f44f46,
0xcd462861,
0xf79000f8,
0x06fd91f7,
0x27b14846,
0x2849274a,
0xd2f7f648,
0x00e7feff,
0x01e7ea24,
0x0ae7e824,
0x28048e23,
0x088e461a,
0xd8fd7c2a,
0x40b9f4b1,
0x8e3105f2,
0xfd415c04,
0xf2404604,
0x0c058e07,
0xf000fd3b,
0xf1b80040,
0xd11d3fff,
0xf306fa24,
0xd42107db,
0x2e083601,
0x088ed1f8,
0x8e043ad2,
0x4a938107,
0x8e06f240,
0x8e223205,
0xfd1c3e0b,
0x007ff020,
0xe7deb2c0,
0x0f08f1b8,
0xfa24d0e5,
0xf340f008,
0x8ee40000,
0xe13ea705,
0xa2bf00e7,
0x70f120fc,
0x8d068efb,
0x82b5b068,
0xc1f240b0,
0x02460571,
0xfef7f7af,
0x09f3c0fc,
0x10048e14,
0x1400ea44,
0xb2e44628,
0xf7f74622,
0x4622fd0d,
0xf2404628,
0xf24071e3,
0xf7f774c1,
0x22fcfd05,
0x4628462b,
0x9400211f,
0xf7f79201,
0x2303fdf8,
0x22c04628,
0x10048e14,
0xf7462b93,
0x00fdeff7,
0x8e46bd20,
0x1c948106,
0x22f2068e,
0xb9114615,
0x449c058e,
0x2b2a0183,
0x7b2a02d0,
0x402a00d0,
0xdf80a1f0,
0xae8148f8,
0x064620b2,
0x017100f5,
0xf7b28935,
0x058ebcf7,
0x088e6ebc,
0xf7589781,
0x058eb4f7,
0x088e6ebc,
0xf7589781,
0x8efcacf7,
0x5897810c,
0xfca4f7f7,
0xf8882d05,
0xd1db000f,
0x4e3fe7ce,
0x0900f04f,
0xfa1f46b0,
0x4620f589,
0x8e00f505,
0x2e988107,
0xfc91f7f7,
0x560d8e05,
0x8e05fc89,
0xfc81560d,
0x560d8e05,
0xbe058e79,
0x81068e1a,
0xf04f2e98,
0xfa1f0800,
0x7af2f588,
0x2052048e,
0x08b28946,
0x8e0801f1,
0x088e3406,
0xf7f73aba,
0xf816fc7a,
0x048e2f01,
0x10068e56,
0x52058e72,
0x722e048e,
0x6bf7f779,
0x058eb8fc,
0xe77c3aba,
0x088e4e16,
0xc4068e50,
0x54048e2a,
0x5852088e,
0x8e52058e,
0x8e513408,
0x8e248105,
0xf73abf06,
0x058e4af7,
0xbf068e50,
0x43f7f73a,
0x8e50078e,
0x7b6cf00c,
0x98f120f4,
0x00008cb5,
0x234b06af,
0x60f89344,
0x70f8b320,
0x9ff7f710,
0x214903fc,
0x18694b44,
0x98bd9841,
0x7cf120f3,
0x7ff120f4,
0x08f9058e,
0x83058e80,
0x16d8271a,
0x1600894e,
0x73440e4c,
0x94440c69,
0xb42060f8,
0x051070f8,
0x2a93058e,
0xfc87f7f7,
0x46406a73,
0x2080f894,
0x8e90f8b4,
0xfc7c1609,
0x048e6b73,
0xb420a016,
0x098eb0f8,
0x8efc7116,
0x408e8106,
0x70f7088e,
0x048ebf00,
0x74048e6c,
0xb5982b60,
0xd80baf00,
0x0441eb02,
0x4906461a,
0x0184eb01,
0x10c0f891,
0xfafcf7f7,
0x8e982000,
0x9860ce05,
0x8ebf00bd,
0x058e2c04,
0x616405ea,
0x635f6174,
0x61706d6f,
0x3d006572,
0x8e3d3d3d,
0x72700404,
0x20746e69,
0x206c6c61,
0x8e207164,
0x088e2204,
0x000a3d19,
0x67696c61,
0x6f645f6e,
0x75206425,
0x8e642569,
0x337bd405,
0xd50b8e78,
0x21088e04,
0x6d71645f,
0x25201c8e,
0x68705f64,
0x1f8e3130,
0x26058e46,
0x238e3332,
0x8e625f6c,
0x248e5208,
0x8e333227,
0x504d2712,
0x61442052,
0x66206174,
0x616d726f,
0x82088e74,
0x078e5494,
0x2126a381,
0x5992088e,
0x7eb7058e,
0x2eec058e,
0x7fb70f8e,
0x6cb8138e,
0x94078e0c,
0x00001448,
0x00001800,
0x802a3f00,
0x06af00b5,
0x058e04d8,
0xf7f774eb,
0x2000fa31,
0x76d1088e,
0xf120fcc4,
0xb5804b03,
0x068eaf00,
0x8ef93f1c,
0xe92d1406,
0xf1b24ff8,
0xdd058e00,
0x3b460c1a,
0x004b1fdb,
0xdf4a1f25,
0x8eb090f8,
0x1d3ad308,
0x03fa0849,
0x80f8dff3,
0xdfb2dba0,
0x319080f8,
0xf71024f8,
0x18fb5ef7,
0x1846304b,
0x5349184a,
0x123024f8,
0x8e2024f8,
0x068e1804,
0xf7f750bc,
0xf85bfb4f,
0x46303024,
0x2024f85a,
0x1024f859,
0x5d52595b,
0x35045b49,
0x3f20088e,
0xed2d24fb,
0xf74630d1,
0x8efeb8f7,
0x8e16a506,
0x5c20d508,
0x970a8ea1,
0x8ea13c58,
0x2c60be06,
0xbe0e8e9f,
0xb5068e60,
0x134b0628,
0x052021f8,
0x058e334b,
0xfb0f5081,
0xf8534b04,
0x41183024,
0x0c8ebd98,
0xf5b21898,
0xe92d6f00,
0x460641f0,
0x4688af00,
0xd20c4615,
0x023ff002,
0xff69f7ff,
0x11aa4604,
0x9182068e,
0x20ff7d58,
0x850c8e43,
0x30048e72,
0xfa5fb084,
0x4604f881,
0xaf004641,
0xfdf0f7f7,
0x463a1d3b,
0x90058e12,
0x07fda004,
0x070208f1,
0x13030cf1,
0x9810058e,
0x4a683afd,
0x3b687bb9,
0x2b68bbb9,
0x1b68fbb9,
0xf64842b9,
0xfefcb7f7,
0x20f1b8e7,
0xb8d0060f,
0x030f40f1,
0xf6483ed0,
0xfefcadf7,
0xd268bbe7,
0x18048eb2,
0xea4f68fd,
0x793b2603,
0x2505ea4f,
0xea46b2b6,
0xb2ad0602,
0x0503ea45,
0xf44fd15c,
0xfbb34300,
0xfbb3f6f6,
0x088ef5f5,
0x6a44d783,
0xa5f7f701,
0xde83098e,
0x0e048e60,
0x0e058e9e,
0x9483068e,
0x97f7f73c,
0x202300fa,
0x83068e46,
0xf7f73c94,
0xb2f2fa90,
0xf6404620,
0xf7f701eb,
0xf3c6fa11,
0x048e2207,
0xf701ec0e,
0xeafa0af7,
0xf61a058e,
0x04f7f701,
0x078ec5fa,
0xf701f71a,
0x098efdf7,
0x8e6edc83,
0x8e6f5e04,
0x14df8309,
0x680e048e,
0xe283098e,
0x5e048e00,
0x1c098e61,
0x5a0e048e,
0x102000fa,
0x9f82078e,
0x40f1b808,
0x4fd1020f,
0x9e3300f4,
0x2e2500e7,
0x00e79f46,
0x2100cfbf,
0x2100dbf1,
0xcbb5b0f1,
0x0daf00b2,
0x4f220346,
0x04610ef4,
0x3df7f746,
0x810a8efa,
0xf7f768ae,
0x068efa36,
0x024c9283,
0x0e048e61,
0x2328fa2f,
0xf640223f,
0x048e0125,
0x02fa280e,
0x220e058e,
0x210e058e,
0x402280fa,
0x058e23f6,
0xe2f9a20c,
0xedf64022,
0x9c0c058e,
0x01b15df9,
0x02d0532d,
0x03d0552d,
0x2ed0572d,
0x2f492e4a,
0xf2f7f648,
0x4fe7fefb,
0x107580f4,
0x6c81058e,
0xf7f70121,
0xf005f987,
0x048e02f0,
0xf7012b0e,
0xc5f980f7,
0x202301f3,
0x40220746,
0xf7012cf6,
0x20f9f1f7,
0x40220846,
0xf70128f6,
0x078e72f7,
0xf7012a0c,
0x078e6cf7,
0x4f68dd83,
0xf76102f4,
0x8ef9def7,
0x16e38308,
0xd70e048e,
0xe083098e,
0x0e048e46,
0x83098ed0,
0x048e1ae1,
0x098ec90e,
0x8e38e083,
0xf9c20e04,
0xf733480b,
0xbdb0f356,
0x7500f44f,
0xe7b42220,
0x757cf44f,
0xe7b0223f,
0x6500f44f,
0xe7ac2240,
0x011bbf00,
0x00bcf121,
0xf2068e21,
0x00061a74,
0x6464706c,
0x685f3472,
0x6d705f77,
0x81068e69,
0x098e468d,
0x322cb882,
0x665b000a,
0x65725f77,
0x5b9c058e,
0x7245205d,
0x21726f72,
0x73716420,
0x746e695f,
0x61767265,
0x69745f6c,
0x2072656d,
0x756f6873,
0x6220646c,
0x78302065,
0x6f203032,
0x78302072,
0x098e3034,
0x57487988,
0x8e45525f,
0x26b88106,
0x41524150,
0x88078e4d,
0x8eb59876,
0x06a48106,
0x114bf240,
0xf8eaf7f7,
0xec82088e,
0xe4f7f742,
0x332001f8,
0x8ef2f1f7,
0x42ec820a,
0xf953f7f7,
0xe714048e,
0x820a8ef2,
0xf7f742ec,
0x14058e49,
0x28078edd,
0x28058ecd,
0x14058e3f,
0x28058ed3,
0xec82068e,
0x35f7f742,
0xc914058e,
0x82088ef2,
0xf7f742ec,
0x12058e2c,
0x088ef2c0,
0xf742ec82,
0x058e23f7,
0x8ef2b712,
0x2a908208,
0x8e1af7f7,
0xf2ae1205,
0x9082088e,
0x11f7f72a,
0xa512058e,
0x81068ef2,
0x114b40af,
0xf88ff7f7,
0xec82088e,
0x89f7f742,
0x3681058e,
0xbd98f296,
0x8e0fb598,
0x0a5a8105,
0xf7212c23,
0x8ef8f6f7,
0x38958206,
0x8e78f7f7,
0x212a2e05,
0x8e73f7f7,
0x21290a05,
0x8e6ef7f7,
0x7cdc8307,
0xe12a048e,
0xbf82098e,
0xdbf7f700,
0x82088ef8,
0xf7f776e7,
0x5a058ed5,
0x088ef269,
0xf7328d82,
0x058e53f7,
0xb4f24040,
0x4df7f761,
0xb50c078e,
0x47f7f761,
0xb60c078e,
0x41f7f761,
0xa181078e,
0x058ea630,
0x8eb37885,
0x8e474405,
0x8e31440b,
0x8e188105,
0x8e2b4406,
0x8e25440b,
0x048e1807,
0x8ef81f44,
0x50b4810a,
0x8e91f7f7,
0xf2254405,
0x82078e0a,
0xf7f77ac0,
0x38058e88,
0xf7f7212b,
0x81098e0a,
0x098e055c,
0x068e5c81,
0x8e00e083,
0x735c8106,
0x5c810b8e,
0x180b8e6d,
0x54058e67,
0xbd98f1fb,
0x4ff0e92d,
0x4606b0f7,
0x4cfc4bfb,
0x2800af02,
0x461cbf18,
0x70d8f504,
0xffbaf7f6,
0xf5044682,
0xf7f670da,
0x4681ffb5,
0x70c8f504,
0xffb0f7f6,
0xf5044680,
0xf7f670ca,
0xf8c7ffab,
0xf50401c8,
0xf7f670cc,
0xf8c7ffa5,
0xf50401c4,
0xf7f670d0,
0xf8c7ff9f,
0xf50401c0,
0xf7f670d2,
0xf8c7ff99,
0xf50401bc,
0xf7f670d4,
0xf8c7ff93,
0xf50401b8,
0xf7f67041,
0xf8c7ff8d,
0xf10401b4,
0xf7f60030,
0xf8c7ff87,
0x462001b0,
0xff82f7f6,
0x01acf8c7,
0x00d0f104,
0xff7cf7f6,
0x01a8f8c7,
0x00d4f104,
0xff76f7f6,
0x01a4f8c7,
0x00d8f104,
0xff70f7f6,
0x01a0f8c7,
0x00dcf104,
0xff6af7f6,
0x019cf8c7,
0x00e0f104,
0xff64f7f6,
0x0198f8c7,
0x00e4f104,
0xff5ef7f6,
0x0194f8c7,
0x00e8f104,
0xff58f7f6,
0x0190f8c7,
0x00ecf104,
0xff52f7f6,
0x018cf8c7,
0x00f4f104,
0xff4cf7f6,
0x0188f8c7,
0x00f8f104,
0xff46f7f6,
0x0184f8c7,
0x7080f504,
0xff40f7f6,
0x0180f8c7,
0x7082f504,
0xff3af7f6,
0x017cf8c7,
0x7084f504,
0xff34f7f6,
0x0178f8c7,
0x7086f504,
0xff2ef7f6,
0x0174f8c7,
0x7088f504,
0xff28f7f6,
0x0170f8c7,
0x708af504,
0xff22f7f6,
0x016cf8c7,
0x708cf504,
0xff1cf7f6,
0x0168f8c7,
0x008ef504,
0x16f7f670,
0x64f8c7ff,
0x90f50401,
0x10f7f670,
0x60f8c7ff,
0x92f50401,
0x0af7f670,
0x5cf8c7ff,
0x98f50401,
0x04f7f670,
0x58f8c7ff,
0x9af50401,
0xfef7f670,
0x54f8c7fe,
0x9cf50401,
0xf8f7f670,
0x50f8c7fe,
0x00f50401,
0xf2f7f670,
0x4cf8c7fe,
0x01f50401,
0xecf7f670,
0x48f8c7fe,
0x02f50401,
0xe6f7f670,
0x44f8c7fe,
0x03f50401,
0xe0f7f670,
0x40f8c7fe,
0x04f50401,
0xdaf7f670,
0x3cf8c7fe,
0x05f50401,
0xd4f7f670,
0x38f8c7fe,
0x06f50401,
0xcef7f670,
0x34f8c7fe,
0x07f50401,
0xc8f7f670,
0x30f8c7fe,
0x08f50401,
0xc2f7f670,
0x2cf8c7fe,
0x10f10401,
0xbcf7f600,
0x28f8c7fe,
0x64f10401,
0xb6f7f600,
0x24f8c7fe,
0x68f10401,
0xb0f7f600,
0x20f8c7fe,
0x50f10401,
0xaaf7f600,
0x1cf8c7fe,
0x17f50401,
0xa4f7f670,
0x18f8c7fe,
0x19f50401,
0x9ef7f670,
0x14f8c7fe,
0x1bf50401,
0x98f7f670,
0x10f8c7fe,
0xc0f50401,
0x92f7f670,
0x0cf8c7fe,
0xc2f50401,
0x8cf7f670,
0x08f8c7fe,
0x38f10401,
0x86f7f600,
0x04f8c7fe,
0x10f50401,
0x80f7f670,
0x00f8c7fe,
0x11f50401,
0x7af7f670,
0xfcf8c7fe,
0x43f50400,
0x74f7f670,
0xf8f8c7fe,
0xe0f50400,
0x6ef7f670,
0xf4f8c7fe,
0x14f50400,
0x68f7f670,
0xf0f8c7fe,
0x15f50400,
0x62f7f670,
0xecf8c7fe,
0x1cf50400,
0x5cf7f670,
0xe8f8c7fe,
0x1df50400,
0x56f7f670,
0xe4f8c7fe,
0x80f50400,
0x50f7f660,
0xe0f8c7fe,
0x04f20400,
0x4af7f640,
0xdcf8c7fe,
0x81f50400,
0x44f7f660,
0xd8f8c7fe,
0x92f50400,
0x3ef7f660,
0xd4f8c7fe,
0x94f20400,
0x38f7f640,
0xd0f8c7fe,
0x93f50400,
0x32f7f660,
0xccf8c7fe,
0x9cf20400,
0x2cf7f640,
0xc8f8c7fe,
0x94f50400,
0x26f7f660,
0xc4f8c7fe,
0xb4f20400,
0x20f7f640,
0xc0f8c7fe,
0x97f50400,
0x1af7f660,
0xbcf8c7fe,
0xa8f50400,
0x14f7f660,
0xb8f8c7fe,
0x44f20400,
0x0ef7f650,
0xb4f8c7fe,
0xa9f50400,
0x08f7f660,
0xb0f8c7fe,
0x4cf20400,
0x02f7f650,
0xacf8c7fe,
0xaaf50400,
0xfcf7f660,
0xa8f8c7fd,
0x64f20400,
0xf6f7f650,
0xa4f8c7fd,
0xadf50400,
0xf0f7f660,
0xa0f8c7fd,
0xbef50400,
0xeaf7f660,
0x9cf8c7fd,
0xf4f20400,
0xe4f7f650,
0x98f8c7fd,
0xbff50400,
0xdef7f660,
0x94f8c7fd,
0xfcf20400,
0xd8f7f650,
0x90f8c7fd,
0xc0f50400,
0xd2f7f660,
0x8cf8c7fd,
0x14f20400,
0x00e00460,
0x83088ebf,
0xf7f608de,
0xf8c7fdc6,
0xf5040088,
0xf7f660c3,
0xf8c7fdc0,
0xf5040084,
0xf7f660d4,
0xf8c7fdba,
0xf2040080,
0xf7f660a4,
0x67f8fdb4,
0x60d5f504,
0xfdaff7f6,
0xf20467b8,
0xf7f660ac,
0x6778fdaa,
0x60d6f504,
0xfda5f7f6,
0xf2046738,
0xf7f660c4,
0x66f8fda0,
0x60d9f504,
0xfd9bf7f6,
0xf50466b8,
0xf7f660ea,
0x6678fd96,
0x7054f204,
0xfd91f7f6,
0xf5046638,
0xf7f660eb,
0x65f8fd8c,
0x705cf204,
0xfd87f7f6,
0xf50465b8,
0xf7f660ec,
0x6578fd82,
0x7074f204,
0xfd7df7f6,
0xf5046538,
0xf7f660ef,
0x64f8fd78,
0x6000f504,
0xfd73f7f6,
0xf60464b8,
0xf7f60004,
0x6478fd6e,
0x0008f604,
0xfd69f7f6,
0xf6046438,
0xf7f6000c,
0x63f8fd64,
0x6001f504,
0xfd5ff7f6,
0xf60463b8,
0xf7f60024,
0x6378fd5a,
0x0028f604,
0xfd55f7f6,
0xf5046338,
0xf7f6600b,
0x62f8fd50,
0x00b4f604,
0xfd4bf7f6,
0xf60462b8,
0xf7f600b8,
0x6278fd46,
0x00bcf604,
0xfd41f7f6,
0xf5046238,
0xf7f6600c,
0x61f8fd3c,
0x00d4f604,
0xfd37f7f6,
0xf60461b8,
0xf7f600d8,
0x6178fd32,
0x6016f504,
0xfd2df7f6,
0xf6046138,
0xf7f61064,
0x60f8fd28,
0x1068f604,
0xfd23f7f6,
0xf60460b8,
0xf7f6106c,
0x6078fd1e,
0x6017f504,
0xfd19f7f6,
0x46306038,
0xfe01f7f6,
0xf0002e00,
0x220783bd,
0x46112300,
0xf7f64812,
0x2001fe80,
0xf7322500,
0xf444f73a,
0x23004b80,
0x4619461a,
0xf7f64658,
0x462bfe74,
0x4629462a,
0x95004658,
0xfe7ff7f6,
0x462b2206,
0x48054611,
0xfe67f7f6,
0xf7322001,
0x4802f722,
0x23012206,
0xe0024611,
0xdf83068e,
0x5af7f65c,
0x442001fe,
0x320b30f0,
0x44f713f7,
0x5173d8f4,
0x44461846,
0xc77a49f4,
0xf631ccf8,
0x49fcdbf7,
0xdaf44446,
0xd6f7f670,
0x444641fc,
0xf670c8f4,
0x44fcd1f7,
0xd770caf4,
0xf611c8f8,
0x44fccbf7,
0xd770ccf4,
0xf611c4f8,
0x44fcc5f7,
0xd770d0f4,
0xf611c0f8,
0x44fcbff7,
0xd770d2f4,
0xf611bcf8,
0x44fcb9f7,
0xd770d4f4,
0xf611b8f8,
0x44fcb3f7,
0xd77341f4,
0x8e11b4f8,
0x79486604,
0x31c8f8c7,
0xfca8f7f6,
0xf8d74658,
0xf7f611b0,
0x4620fca3,
0x11acf8d7,
0xfc9ef7f6,
0x00d0f044,
0x11a8f8d7,
0xfc98f7f6,
0x00d4f044,
0x11a4f8d7,
0xfc92f7f6,
0x00d8f044,
0x11a0f8d7,
0xfc8cf7f6,
0x00dcf044,
0x119cf8d7,
0xfc86f7f6,
0x00e0f044,
0x1198f8d7,
0xfc80f7f6,
0x00e4f044,
0x1194f8d7,
0xfc7af7f6,
0x00e8f044,
0x1190f8d7,
0xfc74f7f6,
0x00ecf044,
0x118cf8d7,
0xfc6ef7f6,
0x00f4f044,
0x1188f8d7,
0xfc68f7f6,
0x00f8f044,
0x1184f8d7,
0xfc62f7f6,
0x7080f444,
0x1180f8d7,
0xfc5cf7f6,
0x7082f444,
0x117cf8d7,
0xfc56f7f6,
0x7084f444,
0x1178f8d7,
0xfc50f7f6,
0x7086f444,
0x1174f8d7,
0xfc4af7f6,
0x7088f444,
0x1170f8d7,
0xfc44f7f6,
0x708af444,
0x116cf8d7,
0xfc3ef7f6,
0x708cf444,
0x1168f8d7,
0xfc38f7f6,
0x008ef444,
0x64f8d770,
0x32f7f611,
0x90f444fc,
0x60f8d770,
0x2cf7f611,
0x92f444fc,
0x5cf8d770,
0x26f7f611,
0x98f444fc,
0x58f8d770,
0x20f7f611,
0x9af444fc,
0x54f8d770,
0x1af7f611,
0x9cf444fc,
0x50f8d770,
0x14f7f611,
0x00f444fc,
0x4cf8d770,
0x0ef7f611,
0x01f444fc,
0x48f8d770,
0x08f7f611,
0x02f444fc,
0x44f8d770,
0x02f7f611,
0x03f444fc,
0x40f8d770,
0xfcf7f611,
0x04f444fb,
0x3cf8d770,
0xf6f7f611,
0x05f444fb,
0x38f8d770,
0xf0f7f611,
0x06f444fb,
0x34f8d770,
0xeaf7f611,
0x07f444fb,
0x30f8d770,
0xe4f7f611,
0x08f444fb,
0x2cf8d770,
0xdef7f611,
0x10f044fb,
0x28f8d700,
0xd8f7f611,
0x64f044fb,
0x24f8d700,
0xd2f7f611,
0x68f044fb,
0x20f8d700,
0xccf7f611,
0x50f044fb,
0x1cf8d700,
0xc6f7f611,
0x17f444fb,
0x18f8d770,
0xc0f7f611,
0x19f444fb,
0x14f8d770,
0xbaf7f611,
0x1bf444fb,
0x10f8d770,
0xb4f7f611,
0xc0f444fb,
0x0cf8d770,
0xaef7f611,
0xc2f444fb,
0x08f8d770,
0xa8f7f611,
0x38f044fb,
0x04f8d700,
0xa2f7f611,
0x10f444fb,
0x00f8d770,
0x9cf7f611,
0x11f444fb,
0xfcf8d770,
0x96f7f610,
0x43f444fb,
0xf8f8d770,
0x90f7f610,
0xe0f444fb,
0xf4f8d770,
0x8af7f610,
0x14f444fb,
0xf0f8d770,
0x84f7f610,
0x15f444fb,
0xecf8d770,
0x7ef7f610,
0x1cf444fb,
0xe8f8d770,
0x78f7f610,
0x1df444fb,
0xe4f8d770,
0x72f7f610,
0x80f444fb,
0xe0f8d760,
0x6cf7f610,
0x482100fb,
0x68f7f646,
0xdc14078e,
0x04f04010,
0x60f7f600,
0x81f444fb,
0xd8f8d760,
0x5af7f610,
0x92f444fb,
0xd4f8d760,
0x54f7f610,
0xd00c078e,
0x4c28078e,
0x93f444fb,
0xccf8d760,
0x46f7f610,
0xc80c078e,
0x3e1c078e,
0x94f444fb,
0xc4f8d760,
0x38f7f610,
0x96f444fb,
0xc0f8d760,
0x301c078e,
0x97f444fb,
0xbcf8d760,
0x2af7f610,
0xa8f444fb,
0xb8f8d760,
0x24f7f610,
0xb40c078e,
0x1c28078e,
0xa9f444fb,
0xb0f8d760,
0x16f7f610,
0xac0c078e,
0x0e1c078e,
0xaaf444fb,
0xa8f8d760,
0x08f7f610,
0xacf444fb,
0xa4f8d760,
0x001c078e,
0xadf444fb,
0xa0f8d760,
0xfaf7f610,
0xbef444fa,
0x9cf8d760,
0xf4f7f610,
0x980c078e,
0xec28078e,
0xbff444fa,
0x94f8d760,
0xe6f7f610,
0x900c078e,
0xde1c078e,
0xc0f444fa,
0x8cf8d760,
0xd8f7f610,
0xc2f444fa,
0x88f8d760,
0xd01c078e,
0xc3f444fa,
0x84f8d760,
0xcaf7f610,
0xd4f444fa,
0x80f8d760,
0xc4f7f610,
0xf90c058e,
0x26068e6f,
0xf444fabd,
0x6fb960d5,
0x8eb8f7f6,
0x8e790a05,
0xfab11807,
0x60d6f444,
0xf7f66f39,
0xf444faac,
0x6ef960d8,
0xa518068e,
0xd9f444fa,
0xf66eb960,
0x44faa0f7,
0x7960eaf4,
0x9bf7f66e,
0x390a058e,
0x9422078e,
0xebf444fa,
0xf66df960,
0x058e8ff7,
0x8e6db90a,
0xfa881806,
0x60ecf444,
0xf7f66d79,
0xf444fa83,
0x8e3960ee,
0xfa7c1807,
0x60eff444,
0xf7f66cf9,
0xf444fa77,
0x6cb96000,
0x8e72f7f6,
0x6c790a05,
0x6b22068e,
0x390e058e,
0x08f0406c,
0x64f7f600,
0xf90e058e,
0x0cf0406b,
0x5df7f600,
0x01f444fa,
0xf66bb960,
0x44fa58f7,
0x796002f4,
0x34068e6b,
0x0e058e51,
0x068e6b39,
0x44fa4a34,
0xf9600bf4,
0x45f7f66a,
0xb90a058e,
0x84078e6a,
0x0e058e00,
0x068e6a79,
0x058e3726,
0x8e6a390e,
0xfa305a06,
0x600cf444,
0xf7f669f9,
0xf444fa2b,
0x69b9600d,
0x2434068e,
0x790e058e,
0x34068e69,
0xf444fa1d,
0x69396016,
0x8e18f7f6,
0x68f90a05,
0x1126068e,
0xb90e058e,
0x26068e68,
0x0e058e0a,
0x068e6879,
0x44fa035a,
0x396017f4,
0xfef7f668,
0x058e01f9,
0xf9fa5c85,
0x8b058e00,
0x80f44472,
0x63f7f640,
0x60f044fb,
0x11220003,
0xc4f8c746,
0xd7230131,
0xf601c4f8,
0x01fb58f7,
0x5c8c058e,
0xf7f64658,
0x8e03fb52,
0xfb4c0c09,
0x46582300,
0x4619461a,
0xfb46f7f6,
0x8e482300,
0xfb400c07,
0xf8d72300,
0x068e01cc,
0x8efb390e,
0x048e6206,
0x078e336e,
0x0046500c,
0x3ef7f692,
0x002301fb,
0x85f0002e,
0x07484480,
0xf6461122,
0x8efb23f7,
0xdd3a8d06,
0xccf8d7f3,
0x01f04f21,
0xc9232008,
0x295000f8,
0x13465046,
0x2a464360,
0x00f8c946,
0xf6950080,
0x40fb20f7,
0xc9f73246,
0x4f2380f3,
0x1a61a8f4,
0x058e3046,
0xf9cb548d,
0xf7f64630,
0x2340fa3c,
0x9e058e30,
0xf661a844,
0x8efa20f7,
0x46293804,
0x70def444,
0x0324048e,
0x52048efb,
0xf8d7462a,
0x462931c8,
0x01c4f8d7,
0xf8d7601d,
0xf8c331cc,
0x462b8000,
0xfae1f7f6,
0x5000f8cb,
0x8e34068e,
0x8e506e04,
0x8ee85a05,
0x21024605,
0x0004f044,
0xe010048e,
0xeaf507fa,
0xb2068e77,
0x33221f2c,
0x14461146,
0xc3f7f648,
0x80f444fa,
0x32200145,
0x33f37cf7,
0x31463246,
0xf6462846,
0x8efab8f7,
0x96000c08,
0x1324048e,
0x0930058e,
0xabf7f648,
0x2c048efa,
0x8e13f366,
0x05168205,
0x1fe44648,
0x11480222,
0x8ee77946,
0xa0008f06,
0x9cf00200,
0xf8f00200,
0xab81078e,
0xf6461664,
0x20fa09f7,
0x29463246,
0x4ef7f646,
0xf64620fc,
0x8ef9c5f7,
0x32848106,
0x9822088e,
0xf7f7f646,
0x8e4620f9,
0x72fe8106,
0x8ed2f7f6,
0xf9b22605,
0x2ca5088e,
0x2400b08c,
0xaf004605,
0x617b6078,
0x60b92301,
0x718af44f,
0x220860fa,
0x6cbb61bb,
0x61fc613c,
0x627b623c,
0xf97ef7f6,
0x0c08f1a0,
0xf1dc62fc,
0xeb400000,
0x62b8000c,
0xf7f54898,
0x8e80fb63,
0x2828a105,
0x6df7f646,
0x04b148f9,
0x078e2823,
0xf7f62ca1,
0x4891f96c,
0xf300f732,
0xa182088e,
0x24048e0c,
0x6abbf962,
0x2b004c8c,
0x80b3f000,
0x76ef068e,
0xf7f5488a,
0x4889fb40,
0xf7f562fe,
0x6823fb3c,
0xf4231d38,
0x60230380,
0xf82ff002,
0x1d384631,
0xf887f004,
0x048e2101,
0x8ef88308,
0xf8f00604,
0xf0091d38,
0x487efdf3,
0xfb24f7f5,
0x802cf8c7,
0x68231d38,
0x4300f043,
0x1534048e,
0x6d34078e,
0x058e41f8,
0x058e6908,
0x058ed634,
0x23fdd934,
0x058e2368,
0x43682328,
0x2364058e,
0x0305d968,
0x058e00d5,
0x23ff925e,
0x03059a68,
0x6c068ed5,
0x6823ff8b,
0xd502055b,
0xf0051d38,
0x6823fbd7,
0x0c078e1e,
0x6823fea3,
0xd50403d8,
0x048e22ff,
0x13f00836,
0x996823f8,
0x8e10058e,
0xf0083804,
0x6823f80b,
0x10058e5a,
0x10058e02,
0x6823f803,
0x048e02db,
0x15f0063c,
0x9e6823f9,
0x080c058e,
0x23ff71f0,
0x0801d868,
0xf5484dd5,
0x05fac1f7,
0x01220023,
0x70b8058e,
0x6823feef,
0xd5080199,
0xf7f54848,
0x8e06fab5,
0xfee31809,
0x015a6823,
0x4843d508,
0xfaa9f7f5,
0x18098e07,
0x6823fed7,
0xd508011b,
0xf7f5483e,
0x8e08fa9d,
0xfecb1809,
0xa6078e30,
0xde682356,
0x74048e07,
0xff87f001,
0x07986823,
0x7081068e,
0xffdcf003,
0x07596823,
0x6823d515,
0xd542025a,
0xf7f5482f,
0x6823fa7d,
0x1d382101,
0x4c82068e,
0x2482088e,
0xffc7f003,
0x38820a8e,
0xd524071b,
0x025e6823,
0x481dd52e,
0xfa64f7f5,
0x30830a8e,
0xf823f004,
0xf7f54819,
0x14058e5a,
0x0444068e,
0x058e19f0,
0x068e5014,
0x28078e14,
0x0a8ef80f,
0x7f06d850,
0x38af3cf5,
0x0af0091d,
0x8ee737fd,
0xf0037e04,
0xe7caff8f,
0xfb08048e,
0xa4e7eeff,
0x058e2113,
0x008444a5,
0x13b5f006,
0x13c1f121,
0x13c8f121,
0x13dbf121,
0x13eff121,
0x13faf121,
0x1406f121,
0x13cff121,
0x7453f121,
0x20747261,
0x20524444,
0x6e616373,
0x64000a0d,
0x206c6175,
0x73616870,
0x72000a65,
0x306b6e61,
0x3107068e,
0x7263000a,
0x2073736f,
0x0a0d048e,
0x16c2078e,
0x796c6e6f,
0x726f6620,
0x53544320,
0x6552000a,
0x058e6461,
0x1f0c8e13,
0x2c17068e,
0x12068e20,
0x73727562,
0x058e2074,
0x656c25a6,
0x0a657661,
0x64be078e,
0x4692469b,
0x46884605,
0x2401af02,
0xf1006b3b,
0x607b0924,
0x687a2300,
0x6aeb6013,
0xdb05429c,
0xc5058eb8,
0x1c6aeb3a,
0x7be00f1b,
0x2246596b,
0x2e465046,
0x4b930069,
0x4847b046,
0x79696b46,
0x4047986b,
0x26048eb1,
0x687bd108,
0x601c370c,
0x5488068e,
0xe312048e,
0xdb3401d1,
0x00b580e7,
0x826841af,
0xf5480168,
0x80f9a3f7,
0x2120b0bd,
0x00b5f0f1,
0xacf8d0af,
0xd0680d31,
0x6b41b0f8,
0xf4fb9343,
0x7af44ff3,
0x05fb0474,
0x4b2502fc,
0xacf8d060,
0xb0f8d041,
0xf5fb9661,
0x0cfb04f5,
0x944d0d54,
0x05f4f6fb,
0x8c4403fb,
0xd0b15a60,
0x1321b4f8,
0x26048e44,
0x441c31b8,
0x688b608c,
0x7f7af5b3,
0xbdf0da00,
0xf5a3684a,
0x608b737a,
0x604a3201,
0xbf00e7f3,
0xfffffc18,
0xfb02b580,
0xaf001000,
0x0000bd80,
0xaf00b5b0,
0x428c691c,
0x695dd11f,
0xd11c4295,
0xb99800a2,
0x44136899,
0x62592201,
0xf8c32123,
0xe00620e4,
0x440b689a,
0x625a214f,
0x048e2201,
0xf5480b10,
0x00f948f7,
0x13bdb020,
0x58220044,
0x8e625a21,
0xe7f31604,
0x28000089,
0x440bd0e9,
0x8e2e2200,
0xe7e91407,
0x20babf00,
0xff058e21,
0x2569bc0c,
0x26428d69,
0xad6965d1,
0x6a426a1a,
0x38f10141,
0x85eb0405,
0x01b9f805,
0x81eb0426,
0x4b606e01,
0xe2b33a62,
0x01212369,
0xa22a0025,
0x58bf0869,
0x18280021,
0x102500bf,
0xd84293d1,
0xc82200bf,
0xaa2201bf,
0x0dd11142,
0xf5461a48,
0x00f907f7,
0x00bdf820,
0x00e7da22,
0xa0e7de26,
0x821ac068,
0x00bfb842,
0x01bfa822,
0x0ae7eb22,
0x19480446,
0x19e7eb46,
0xf5480346,
0xe8f8f1f7,
0x2120bfe7,
0x2120c6f1,
0x2120ccf1,
0xf0e92df1,
0x00b09343,
0x14460523,
0x3baf0046,
0xbb607b60,
0x3b60fb60,
0xbb617b61,
0x3b61fb61,
0xfb62bb62,
0x7b633b62,
0xfb63bb63,
0x7b643b63,
0xa8f8d264,
0x01b94b31,
0xacf8c422,
0xc4224021,
0xc431b4f8,
0xc421b0f8,
0x6331b8f8,
0x4642ab69,
0x202200d0,
0x07627946,
0xff0124f1,
0xacff1bf7,
0xf548ac49,
0x07f8b7f7,
0xff0024f1,
0xd4ff09f7,
0xd431bcf8,
0xb221ccf8,
0x0f2b03b9,
0x9a6963d1,
0x0b42951c,
0x9d3b02dc,
0xfbdb0842,
0xc8f5b36a,
0xbbda047f,
0x01b9136a,
0xc4f8c423,
0x4c200031,
0x18bc078e,
0x8e0a2b03,
0x8ef42e07,
0xdbf12e05,
0x2bf96afb,
0xe7eddde9,
0x8eeb2b10,
0x8ee71a07,
0xdbe41a05,
0xeb046923,
0xf8d30383,
0xe7da30e4,
0x692268a1,
0xe018f8d4,
0x0982eb04,
0xf802fb01,
0x6024f8d9,
0x0308eb0e,
0x42b1603b,
0x81a0f000,
0x00e4f8d9,
0x45b6b128,
0x819af2c0,
0x200060fb,
0x1b8de004,
0xdb1845ae,
0x60fd4445,
0xc1a4f8d4,
0x0f00f1bc,
0x6825d102,
0xfc01fb05,
0xf8c742b1,
0xf000c018,
0x36048e8b,
0xb6b37550,
0x01da3045,
0xbe44463e,
0x4f210061,
0xe660fbe0,
0x04f85ce7,
0x0342810d,
0x003d01d1,
0x03daf82d,
0x011a08e0,
0xf80005fb,
0x006a2060,
0x00d0d728,
0x20dace2d,
0xfff10068,
0x80eb043c,
0x94302400,
0x50ddc645,
0xa95d04f8,
0x0cd10242,
0xf63cfff1,
0x011b4de7,
0x0cfb0120,
0xc060fd55,
0x1b008ee7,
0xf28045b6,
0x61bb8155,
0xf85ee7cf,
0x8ea95f04,
0x46365804,
0x03dbf845,
0x013d01e0,
0xbd5506fb,
0x006a2561,
0x46d0722d,
0x04d1be45,
0x000e24f1,
0x5ee00425,
0xb16b04f8,
0x352a048e,
0xdbf84295,
0x3e01e7b2,
0x6105fb01,
0x210161b9,
0x0201ea50,
0x69bd68fa,
0x1a99d15c,
0x1aaa1aeb,
0x63fb6339,
0x46204639,
0x2201627a,
0xfe46f7ff,
0xf1072201,
0x4620010c,
0x8e40f7ff,
0x8e180c05,
0xfe3a0c05,
0xf1072200,
0x0c058e24,
0x0c058e34,
0x0c058e30,
0x0c058e2e,
0x0c058e3c,
0x4638fe28,
0xfe1bf7ff,
0x000cf107,
0xfe17f7ff,
0x0018f107,
0xfe13f7ff,
0x7483068e,
0xf107fe0f,
0xf7ff0030,
0xf107fe0b,
0xf7ff003c,
0x088efe07,
0x068e0484,
0x2b0430be,
0x068ed12f,
0xda037a83,
0x2b006abb,
0xaf01f43f,
0x2b956bbb,
0x6b7bdc03,
0xfa0e048e,
0x956c7bae,
0x29e02f2b,
0x40e79d46,
0x02ebacb1,
0x99b97102,
0x058eeb18,
0x442a4081,
0x1a99e79d,
0x0303ebac,
0x048e442b,
0x14048e1a,
0x1899e7f4,
0x2a12068e,
0x8e446244,
0xe78b1204,
0xd1172b02,
0x2bc76afb,
0x068edc03,
0xbbaed062,
0x098e4f6b,
0x7baec962,
0x3f2b4f6c,
0x3baec8f7,
0x2be6c16c,
0xd1f12072,
0x03f12120,
0xb6f43f2b,
0xb02b0bae,
0xe02b0dd0,
0x7f2b0fd0,
0x23aeb8f4,
0xc0f8d469,
0x83eb0421,
0x012a0403,
0x162a07d0,
0xdcf8d3d1,
0x3f2a0020,
0xd3aea7f4,
0x058ee0f8,
0xd3aea20a,
0x058ee4f8,
0xd3ae9d0a,
0x058ee8f8,
0xd3ae980a,
0x9330ecf8,
0xd4f8d3e6,
0x9010058e,
0xd8f8d3ae,
0x8b0a058e,
0x42088eae,
0x42098e86,
0x42098e81,
0x42098e7c,
0x42048e77,
0x720a058e,
0xf0f8d3ae,
0x6d0a058e,
0xf4f8d3ae,
0x04e66830,
0x058e112b,
0x8e964282,
0x60428209,
0x776bbbae,
0x6081098e,
0x6c7bae59,
0x008e2b77,
0xeb2b01e7,
0x102b02d0,
0x316afbd1,
0x0a82098e,
0x6bbbae4b,
0x2a098e13,
0x6c7bae44,
0xe7792b13,
0xf43f2b03,
0x2b0bae4f,
0x58058e03,
0xe7317faf,
0xd1022b0d,
0x2b3b6afb,
0x2b10e7e2,
0xae33f47f,
0x6486068e,
0xeb04e77f,
0x1e550c82,
0x0c24f10c,
0xeb04e685,
0x1c560e82,
0x8000f8d4,
0x0e24f10e,
0xbf00e6a9,
0x4ff0e92d,
0x81078e89,
0x690334e5,
0xb953af02,
0x46294a82,
0xf7f44882,
0xf04ffeae,
0x088e30ff,
0x4368bb81,
0x7db90b69,
0x83e7f14a,
0x7cb90b69,
0x03e7ed4a,
0x98b10368,
0x306a6247,
0x79dd052a,
0x29233048,
0x95f7f446,
0xe2e7e5fe,
0x042aff6a,
0x80f44fdd,
0x74462973,
0x63e7f448,
0x41b11b68,
0x24f10446,
0x4f479800,
0x040b00f0,
0xa30624f1,
0x12459b6a,
0x0a048edb,
0x0034f104,
0x69254633,
0xf8cdc807,
0x47a88000,
0x2b006a23,
0x80c0f000,
0x46304641,
0x20004798,
0x68a3e7bf,
0x4642b11b,
0x46584631,
0x6a634798,
0xdd452b00,
0x46332200,
0x46104659,
0xf04f6925,
0x068e0900,
0x8e696338,
0xc7303207,
0x18900cf8,
0x432001bf,
0x3b469a42,
0x058e0960,
0x68ba24d3,
0x42936a63,
0x683bdc2b,
0xd005459a,
0x2b016ae3,
0x6c63d002,
0xd1702b00,
0x463368b9,
0x4650465a,
0x058e69a5,
0xa83926ff,
0x00f1ba47,
0xe3d1060f,
0x5e2b006a,
0x1a68fadd,
0xfb461344,
0x0cf8d460,
0x00f1b990,
0x43d0040f,
0x58463246,
0xc868f946,
0xf4483e47,
0x0bfe1df7,
0x970b01f1,
0x004633e7,
0x25465922,
0xb844058e,
0x810c8e68,
0x81078e0e,
0x607b450a,
0x78058e02,
0x69a5d119,
0x4972048e,
0x8e465046,
0x8e3a8106,
0x8e08700a,
0xf8d77009,
0xf8d7a004,
0xe79f9008,
0x330168fb,
0xf107e7f6,
0x464a0314,
0x81068e51,
0x5b3868f0,
0x02f7ff46,
0xe5465afc,
0x46048e69,
0xe9cd697b,
0x47a86800,
0x697b68fa,
0x60fa441a,
0xde50048e,
0xdb1e53d1,
0xa03c058e,
0xe43c138e,
0x3c1c8efb,
0x1e53d188,
0x4618e785,
0xbf00e702,
0xf12120d6,
0xf12120e0,
0xf1212115,
0xf1212127,
0xf121213b,
0xf1212164,
0xf12113b3,
0x8e0db5f8,
0x160ecd05,
0x81684346,
0x0db98368,
0x95f7f448,
0x0c6821fd,
0x91f7f448,
0x0b230afd,
0x05fb0348,
0x534b0b65,
0xf41025f8,
0xf8fd88f7,
0x012b01bd,
0xeb4808d1,
0x012b02e7,
0xe74807d1,
0xe54807e7,
0x9bbf00e7,
0xc4f12121,
0xcbf12121,
0xb8f12121,
0x99f1211d,
0xa4f12121,
0xb0f12121,
0x64048e21,
0x461e460c,
0x6801af00,
0x4d184b18,
0x29004819,
0x461dbf18,
0xfb03230a,
0x4b162204,
0x1022f853,
0xfd5bf7f4,
0xd00f2c04,
0xd00d2c02,
0xd8092c12,
0x40e14912,
0xf01143c9,
0xd0100f01,
0xf7f44810,
0x78048e4c,
0x2ae7f621,
0x40f00268,
0x40f1b272,
0x0bd1047f,
0x13681b4b,
0xed0f80f4,
0x8e2e01e7,
0x08128106,
0x8ee7e948,
0xd430ac08,
0x0881078e,
0x0005aa0a,
0xf12121e0,
0xf0060084,
0xf12121fb,
0xf1212214,
0x24aab5b0,
0x4d05af00,
0xf7f44628,
0x3c01fd1f,
0x4803d1fa,
0xfd1af7f4,
0xbf00bdb0,
0x068e2225,
0x22271882,
0x2234f121,
0x2241f121,
0x224ef121,
0x82198e21,
0x225b38bd,
0x2267f121,
0x2273f121,
0x8e7ff121,
0x228b281b,
0x22a0f121,
0x22b5f121,
0x8ecaf121,
0x22df281b,
0x22f5f121,
0x230bf121,
0x2321f121,
0x37281a8e,
0x4ef12123,
0x65f12123,
0x7cf12123,
0x93281b8e,
0xa9f12123,
0xbff12123,
0xd5f12123,
0xebf12123,
0x01f12123,
0x17f12124,
0x2df12124,
0x43f12124,
0x3c068e24,
0xf1212459,
0xf121246f,
0xf1212485,
0xf121249b,
0xf12124b1,
0xf12124c7,
0xf12124dd,
0xf12124f3,
0x068e2509,
0x21251f28,
0x212535f1,
0x21254bf1,
0x212561f1,
0x212577f1,
0x21258df1,
0x2125a3f1,
0x2125b9f1,
0x078ecff1,
0x2125e528,
0x2125fbf1,
0x212611f1,
0x212627f1,
0x21263df1,
0x212653f1,
0x212669f1,
0x21267ff1,
0x8e2695f1,
0x26ab2806,
0x26b9f121,
0x26c7f121,
0x8ed5f121,
0x148e1407,
0x26e34881,
0x26f3f121,
0x2703f121,
0x2713f121,
0x2723f121,
0x2733f121,
0x2743f121,
0x2753f121,
0x63380a8e,
0x80f12127,
0x9df12127,
0xbaf12127,
0xd7f12127,
0xf4f12127,
0x11f12127,
0x2ef12128,
0x280a8e28,
0xf121284b,
0xf121285c,
0xf121286d,
0x180b8e7e,
0x8f78108e,
0x9ff12128,
0xaff12128,
0xbff12128,
0xcf281b8e,
0xd6f12128,
0x8e201b8e,
0x28dd0808,
0x28ebf121,
0x28f9f121,
0x2907f121,
0x2915f121,
0x2923f121,
0x292ff121,
0x293bf121,
0x47400a8e,
0x5cf12129,
0x71f12129,
0x86f12129,
0x9bf12129,
0xb0f12129,
0xc3f12129,
0xd6f12129,
0xe9280b8e,
0x8e0c0b8e,
0x8ef3781c,
0x25202827,
0x252e6432,
0x00643330,
0x20632520,
0x25632500,
0x0064322d,
0x25643225,
0x06048e63,
0x32250020,
0x73007331,
0x068e7465,
0x0005de82,
0x29287325,
0x6c70203a,
0x65736165,
0x3cdb058e,
0xec81068e,
0x6f666517,
0x63206572,
0x6eca058e,
0x078e7264,
0x5f69ad81,
0x6e616373,
0x000a2928,
0x63656863,
0x65745f6b,
0x8e5f7473,
0x7ac68106,
0xcb058e00,
0x6f635f1d,
0x65737261,
0x8e14088e,
0x6f635b06,
0x6769666e,
0x5f783e2d,
0x286d756e,
0x20296425,
0x414d203e,
0x5f585f58,
0x8e4d554e,
0x8e0a1004,
0x69662911,
0x0b8e656e,
0x7361702e,
0x14058e73,
0x73205d5b,
0x8e657a69,
0x504c3506,
0x34524444,
0x8e64252d,
0x8e780b08,
0x6e550c05,
0x776f6e6b,
0x5244445f,
0x7079545f,
0x14058e65,
0x23dd058e,
0x7469000a,
0x253a6d65,
0x09098e73,
0x20202020,
0x305b1b00,
0x6d32333b,
0x20726f66,
0x45464552,
0x4e454652,
0x1b0a4543,
0x8e6d305b,
0x6d311b06,
0x4c494146,
0x21212121,
0x8e04048e,
0x6d32190b,
0x53534150,
0x2d11068e,
0x51445700,
0x74794253,
0x315f3065,
0x0d098e44,
0x0d0c8e31,
0x0d0c8e32,
0x0d078e33,
0x8e330c8e,
0x0c8e320c,
0x30098e31,
0x415f4843,
0x5144575f,
0x66657256,
0x8e39098e,
0x058e1510,
0x5f484342,
0x150c8e42,
0x8e4b058e,
0x0e8e1510,
0x0a8e0481,
0x8e324181,
0x8e0e810b,
0x8e4a810a,
0x8e32160a,
0x8e321609,
0x8e33160b,
0x8e331609,
0x088e1604,
0x078e1781,
0x74048e5d,
0x3117108e,
0x8e170d8e,
0x8e1b8105,
0x148e5f07,
0x0a8e3317,
0x57098e17,
0x0b8e5144,
0x160b8e5b,
0x8e5a0b8e,
0x0b8e160b,
0x160b8e59,
0x3458168e,
0x3516158e,
0x3616158e,
0x3716158e,
0x3816158e,
0x3116118e,
0x4681158e,
0x8e16048e,
0x8e468112,
0x128e1604,
0x048e4681,
0x81128e16,
0x16048e46,
0x4681128e,
0x8e16048e,
0x8e468112,
0x128e1604,
0x048e4681,
0x81128e16,
0x16048e46,
0x4681128e,
0x81158e32,
0x16048e46,
0x4681128e,
0x8e16048e,
0x8e468112,
0x128e1604,
0x048e4681,
0x81128e16,
0x16048e46,
0x4681128e,
0x8e16048e,
0x8e468112,
0x128e1604,
0x048e4681,
0x81128e16,
0x158e3346,
0x048e4681,
0x81128e16,
0x16048e46,
0x4681128e,
0x8e16048e,
0x8e468112,
0x128e1604,
0x048e4681,
0x81128e16,
0x16048e46,
0x4681128e,
0x8e16048e,
0x8e468112,
0x0b8e1604,
0x51444681,
0x8e4e4552,
0x8e198809,
0x058e0e09,
0x098e1288,
0x88058e0e,
0x0e098e0b,
0x0488058e,
0x53514452,
0x8e294d28,
0x058e3a09,
0x0f8e5310,
0x20068e10,
0x8e4c058e,
0x0a8e200b,
0x20068e10,
0x8e5e058e,
0x0a8e200b,
0x20068e10,
0x8e700a8e,
0x128e2006,
0x51440081,
0x45525652,
0x89098e46,
0x810d8e0b,
0x1d158e0d,
0x1a81088e,
0x8e1d0b8e,
0x8e2f8905,
0x8e27810d,
0x088e1d15,
0x0b8e3481,
0x89058e1d,
0x810d8e53,
0x1d158e41,
0x4e81088e,
0x8e1d0b8e,
0x8e778905,
0x8e5b810d,
0x51441d10,
0x810b8e53,
0x83058e3f,
0x110a8e07,
0x2683078e,
0x8e110a8e,
0x8e298307,
0x058e110a,
0x0d8e2c82,
0x0e8e0282,
0x83088e10,
0x410f8e68,
0x43400e8e,
0x8c068e4b,
0x068e4b36,
0x444d288c,
0x3a37325b,
0x8e5d3432,
0x3a330e09,
0x098e3032,
0x3a39310e,
0x1c0a8e31,
0x313a3331,
0x0e0a8e32,
0x8e313a31,
0x3a392a0a,
0x33280a8e,
0x260b8e3a,
0x240a8e3a,
0x436a078e,
0x45525641,
0x8b058e46,
0x710a8e60,
0x8e150e8e,
0x0f8e7807,
0x7f068e15,
0x8e150f8e,
0x8e068106,
0x058e150e,
0x0e8e0d81,
0x81058e13,
0x3b0f8e14,
0x390e8e3a,
0x310a068e,
0x58540044,
0x4f464946,
0x8e14048e,
0x00818113,
0x8181108e,
0x20108e30,
0x000007ab,
0x000007ac,
0x000007ad,
0x128e07ae,
0x8e1f6cda,
0x50808107,
0x00000021,
0x81138e22,
0x108e5080,
0x16708081,
0x04048e01,
0x8e08088e,
0x01133022,
0x8e04048e,
0x228e0808,
0x8e011830,
0x088e0404,
0x81068e08,
0x05b12c81,
0x05b90000,
0x05c10000,
0x05c90000,
0x05b00000,
0x05b80000,
0x05c00000,
0x05c80000,
0x01080000,
0x01090000,
0x010a0000,
0x010b0000,
0x011d0000,
0x011e0000,
0x011f0000,
0x01200000,
0x8e70068e,
0x609c8220,
0x8e24048e,
0x2cb38108,
0x2008048e,
0x8281078e,
0x08088e24,
0x9982108e,
0x95208e0c,
0x81068e78,
0x221f7ce1,
0xf8d06803,
0x4d1600a8,
0x68006a81,
0x01c1eb03,
0xf8357d23,
0xf7f41021,
0x6823fc22,
0xf8d4221f,
0x330400a8,
0x141c108e,
0x8e6823fc,
0x8e821a04,
0x03821805,
0xeb0569a2,
0xf8950583,
0xf7f41040,
0xf8d4faab,
0x681830a8,
0xfb03f7fd,
0xbf00bdb0,
0xf1212a00,
0xdc058eb0,
0xa8f8d148,
0x184d2430,
0x45f7f468,
0x2068e3fc,
0xa3616346,
0xff61a368,
0x21ffbaf7,
0x9cf8d468,
0x52048e30,
0x0181eb05,
0x68006e0a,
0xf8914093,
0xb2db2070,
0x1080f8b1,
0xfbdcf7f4,
0xa022048e,
0xd122098e,
0x8e2090f8,
0x8ea02406,
0x10b02405,
0xfbcaf7f4,
0x1481068e,
0x0583eb05,
0x30a4f8d4,
0x20c0f8d5,
0x10e0f8b5,
0x9528048e,
0xdb20d0f8,
0xb8f7f4b2,
0x81068efb,
0xc8f7f41c,
0x74f7fffb,
0xb02000f8,
0x212a00bd,
0x8eb580f1,
0x181e8106,
0xf56a1968,
0x8ef944f7,
0x3cb18107,
0x98af0041,
0x05461646,
0x8e69bc46,
0x695a3804,
0xe9d3b11a,
0xf7fd0100,
0x48098e31,
0x4b13fbe0,
0xf8d84631,
0xf8d32008,
0xfb0000f0,
0xf7fe5002,
0x2340fc04,
0xfb904631,
0x6160f0f3,
0x1c058e28,
0xfbfaf7fe,
0xf0004243,
0x068e003f,
0x5802bd81,
0x2061a042,
0x3df7ff46,
0x48088eff,
0x078efb80,
0x8e4cf281,
0x80308205,
0x02af00b5,
0xf3480349,
0x00fd48f7,
0x2bbd8020,
0xb6f12072,
0xae058e32,
0xb0854f50,
0x4680460d,
0xf04f2100,
0x4e610a40,
0xaf04682a,
0x00a8f8d5,
0x40f0f8d6,
0xff91f7fe,
0x485d2300,
0x31bcf8c8,
0x01a46829,
0xfd29f7f3,
0x30a8f8d5,
0x7980f504,
0x485846a0,
0xb19cf8df,
0x682b6a9a,
0xeb033304,
0x4b5502c2,
0x2022f856,
0xf7f34619,
0x45c8fd16,
0x4852db5d,
0xf7f346a0,
0x32058e10,
0x4f5c048e,
0x6cf8df48,
0x8e30058e,
0x8e4a2e04,
0xfcff2e09,
0xdb4e45c8,
0x2e058e47,
0x682bfcf9,
0xf8df4846,
0xeb06a148,
0x4b410283,
0x8ef4f8d2,
0xfced2405,
0xdb4445c8,
0x24058e3e,
0x682bfce7,
0xf8df483e,
0x24058e00,
0xf8d24b38,
0x048e2104,
0xc8fcdb24,
0x8edb4345,
0x48386e04,
0x3766048e,
0x82eb034d,
0x83eb0603,
0xd64b2f06,
0x058e14f8,
0x4cfcc924,
0x32db4345,
0x334a324b,
0x33930249,
0x0148334b,
0x004b3393,
0xf34b3393,
0x00fcbbf7,
0xeb078e20,
0xfb988f5a,
0x4658f1fa,
0x0808f108,
0xfcaff7f3,
0x0c8ee797,
0xa6fca710,
0xd86929e7,
0x020200f1,
0x08023ff0,
0x0083058e,
0x8e504253,
0x43591e05,
0xf7f30b89,
0x8ea7fc96,
0xf3c1221b,
0xf7f31187,
0xe7a7fc84,
0xf0044263,
0xf003013f,
0x4628033f,
0x4259bf58,
0xf7f33408,
0xe7adfc78,
0x3483068e,
0xf121aeeb,
0xf12132bc,
0x068e722b,
0xdc10ce82,
0xfcf12132,
0x1af12132,
0x39f12133,
0x33f12133,
0x6cf12133,
0x5ff12133,
0x64f12133,
0x71f12133,
0x61f12133,
0x73f1216b,
0x59f12133,
0xb2068e33,
0x8e331530,
0x47648305,
0xb781068e,
0xa8f8d176,
0x5b4d9630,
0x04b92368,
0xf0f8c522,
0x34f8c530,
0x4f232021,
0x210801f0,
0x24f10646,
0x08627300,
0x28f8c623,
0x7362f380,
0xb0479869,
0x00f080fa,
0x40094023,
0xd8f8c622,
0x73643081,
0xccf8c664,
0xd0f8c681,
0xd4f8c681,
0xdcf8c621,
0x84088e31,
0x8efa866c,
0x032a8609,
0xf8936800,
0x8eb32070,
0x22668605,
0x8e6823fa,
0x6e1a1404,
0x10b0f8b3,
0xf8934110,
0xf8c420a0,
0x048e009c,
0xf468002c,
0x21fa12f7,
0x87058e68,
0xf8d16f20,
0x41183090,
0x00a0f8c4,
0xf8b16e08,
0x81098e80,
0x048e54b8,
0x8eb2db2a,
0x8e032c04,
0x20d0640f,
0x10e0f8b3,
0xf9f0f7f4,
0xd144068e,
0x1020c0f8,
0xa4f8c441,
0xd0f8d100,
0xe0f8b100,
0x02fa2010,
0xc24093f3,
0x440a8eb2,
0x088ef9e1,
0xf9f13281,
0xf1046823,
0x048e0210,
0x2cf8d61c,
0x56088ea0,
0xf7f31040,
0x4681ff3d,
0xf0402800,
0x69238093,
0x484bb93b,
0x2134048e,
0x2268da68,
0xa9f7f361,
0x476921fb,
0xa5f7f348,
0x1c88068e,
0x10330420,
0x036a9168,
0x3503c1eb,
0xf41023f8,
0xd5f91df7,
0x003134f8,
0xe0001ff0,
0x03429860,
0xf0f8d5d2,
0x05429830,
0x3c4a3bd2,
0xf3483c49,
0xfefb89f7,
0x3a068ee7,
0x1072048e,
0xf4f8b368,
0x02f7f410,
0x4f6823f9,
0x8e0840ea,
0xf4081804,
0x088e7880,
0xf411041c,
0x48f8f4f7,
0x8e0000ea,
0x60603406,
0x816e068e,
0x22048e03,
0x2e81068e,
0x68e3ff38,
0xf8d560a0,
0x1a9b20f0,
0x1083eb00,
0xf3fafb90,
0x0013fb0a,
0x23006373,
0x63f063b3,
0x30a8f8d4,
0x6a9a481f,
0x87068e23,
0x68e20326,
0x1023f855,
0xfb44f7f3,
0x1300e9d4,
0x068e4819,
0x21043c82,
0x10f4f8d1,
0x8e39f7f3,
0x15088905,
0x8e30058e,
0x68088b05,
0x0583eb05,
0x1114f8d5,
0xfb2bf7f3,
0x480f6b71,
0xfb27f7f3,
0x6bf1480f,
0xfb23f7f3,
0xe8bd4648,
0xf04f87f0,
0x8ef939ff,
0x76348507,
0xdaf12133,
0xa9f12195,
0x98f12133,
0xe2068e32,
0x21af9e08,
0x21afe9f1,
0x21b073f1,
0x2133c9f1,
0x2133d5f1,
0x2d4b26f1,
0xad43f0e9,
0x007d29f5,
0x26460524,
0x01f04f46,
0xdfaf0008,
0xc790a8f8,
0x2030acf8,
0xb0f8c74b,
0xc74b1f30,
0x058eb4f8,
0x1e30b806,
0xbcf8c74b,
0xc006058e,
0xc74b1d30,
0x058ec4f8,
0x1c30c806,
0xccf8c74b,
0xb7f7fe30,
0xa8f8c7fd,
0xc7686b50,
0x2a6294f8,
0x9cf8c769,
0x04fa0832,
0x0e4393f3,
0x39464ad1,
0xacf10746,
0xfe603c00,
0x22fc0ef7,
0xd7462846,
0xd7128cf8,
0xfe3294f8,
0x01fd54f7,
0xe32c0434,
0x072000d1,
0x068e29f5,
0x008340c4,
0x212f41bf,
0x212d5df1,
0x212d45f1,
0x21160df1,
0x212cc9f1,
0x212cb5f1,
0x211519f1,
0x21157df1,
0x212c15f1,
0x2132acf1,
0x716477f1,
0xa3058e73,
0x8e675f10,
0x8e4ca309,
0x25001409,
0x7334332d,
0x30312500,
0x53514473,
0x4e45575f,
0x20495520,
0xec068e28,
0x3a345b5c,
0x25295d30,
0x200a8e31,
0x8e204944,
0x8e0a2015,
0x44522104,
0x1a098e43,
0x18048e37,
0x25007330,
0x8e207832,
0x0d8e3e05,
0x37058e1d,
0x25007338,
0x1f048e30,
0x443d058e,
0x50204c4c,
0x65736168,
0x3626098e,
0x3226058e,
0x69520073,
0x00746867,
0x7466654c,
0x66654400,
0x746c7561,
0x555f5200,
0x8e4c0049,
0x61770504,
0x6e696e72,
0x078e3a67,
0x8e6cd981,
0x4f828109,
0x6c746e63,
0x30203d20,
0xa5058e2c,
0x3269752b,
0x8e636472,
0x76eb8107,
0x71647722,
0x49552073,
0x6c656420,
0x048e7961,
0x2029786f,
0xee058e3e,
0x6e5c7848,
0x5f780022,
0x8e69726f,
0x078e2c07,
0x0a8e63a4,
0x82128e11,
0x108e7ca8,
0x8e4ca982,
0x3ca98210,
0x0420108e,
0xe0f12138,
0xbcf12137,
0x98f12137,
0x30f12137,
0xe8f12137,
0xa0f12136,
0x58f12136,
0x54f12136,
0x0cf12137,
0xc4f12137,
0x7cf12136,
0x8ef12136,
0x1b14ef10,
0x1c000000,
0x1d000000,
0x1e000000,
0x9481138e,
0x81108e38,
0x108e5894,
0x208e1894,
0x94108e30,
0x30208e18,
0x1894108e,
0x82078ea4,
0x8e8414b1,
0x7caf8207,
0x00000164,
0x00000154,
0x00000144,
0x00000134,
0x00000124,
0x00000114,
0x00000104,
0x000000f4,
0x000000e4,
0x000000d4,
0x000000c4,
0x000000b4,
0x000000a4,
0x00000094,
0x00000084,
0x00000074,
0x068e0064,
0x5d1c8381,
0x45000002,
0x2d000002,
0x15000002,
0xfd000002,
0xe5000001,
0xcd000001,
0xad82078e,
0x078e9d38,
0x6d38b182,
0x55000001,
0x3d000001,
0x25000001,
0x0d000001,
0xf6000001,
0xde000000,
0xc6000000,
0xae000000,
0x96000000,
0x4881078e,
0x000005b3,
0x000005bb,
0x000005c3,
0x000005cb,
0x000005b2,
0x000005ba,
0x000005c2,
0x10108eca,
0x82128e05,
0x011958ad,
0x011a0000,
0x011b0000,
0x8e1c0000,
0x8e509507,
0x0cae8210,
0x8e10108e,
0x5cae8230,
0x8220828e,
0x818e7cb6,
0x30ad8230,
0x30b4f8d2,
0xaf00b5b0,
0xb193685b,
0xd1152b02,
0xf04f2506,
0x24f633ff,
0x00c0eb01,
0x10b8f8d2,
0xf005fb10,
0xb2804408,
0xda014284,
0xb2804418,
0x2541bdb0,
0xf2412305,
0xe7ed7470,
0x25042300,
0xe7e9461c,
0xb082b5b0,
0xaf022400,
0x693d9401,
0xf7fd9500,
0x4903fe7f,
0xf7f24803,
0x4620ffad,
0x8eb046bd,
0xb1389605,
0x90f12164,
0x832400b5,
0x00af02b0,
0x3bf7fd94,
0x044904fe,
0x9bf7f248,
0x8e4620ff,
0x328a8206,
0x088ebf00,
0x96088e28,
0x8cf7f278,
0x96088eff,
0x2154bb78,
0x81088ef1,
0x068e7ce3,
0xd434f182,
0x1830b4f8,
0x8af7f368,
0x0a048efd,
0xf182068e,
0x8e46803a,
0x8e811204,
0x068e1205,
0x063cf182,
0x7812058e,
0x0512058e,
0xca0c058e,
0x000c048e,
0xb1eb6a43,
0xf382088e,
0xf3680006,
0x058e6ef7,
0x82088e16,
0x048e0af3,
0x078e6512,
0x48068e12,
0x5c12048e,
0x1846058e,
0x59f7fc68,
0x44058efc,
0x4a2b0068,
0x0668a3d1,
0x00461122,
0x81068e68,
0xf7fd6eaa,
0x68a3fb9a,
0x048e69a2,
0x80f04220,
0x83ea4202,
0x20068e23,
0xfb8df7fd,
0x8e2c068e,
0x029b1c04,
0x8412048e,
0x81088efb,
0x81068e0c,
0x068e36f5,
0x8e280c81,
0x8e337a05,
0x0ef38207,
0x1f12048e,
0x2b12058e,
0xf382078e,
0x12048e10,
0x81098e16,
0x8efc130c,
0x210a8208,
0xcdf7fefd,
0x81068ef9,
0x088e3281,
0x8e28b683,
0x8e002c04,
0x1a4a8107,
0x8e461946,
0xfe031004,
0x1d32048e,
0x00f8d321,
0xf3464890,
0x02fc5df7,
0x48210e46,
0x2cf7fd46,
0x1a068efb,
0x524e048e,
0x5a4601fc,
0xcaf7f248,
0x002e048e,
0x46112200,
0x048e2301,
0x4ffde43e,
0x2f50faf4,
0x8ef66cf7,
0x0c8e1804,
0x058ecc68,
0x068e1682,
0x8e4aef82,
0x8ecf1004,
0xa1248105,
0x2968098e,
0xf868098e,
0x1a068efa,
0x1e68048e,
0x414601fc,
0x96f7f248,
0x0168058e,
0x00461a23,
0x3e048e21,
0x68078eb0,
0x68058e38,
0xb783088e,
0x1a048e26,
0x68078e98,
0x8e01461a,
0x8e9b2a05,
0x8ea26805,
0xfbf56809,
0xc468088e,
0xa268058e,
0xea68058e,
0x284601fb,
0x62f7f248,
0x1968078e,
0x8e220046,
0x8e7c3e04,
0x8e046807,
0x8e646811,
0x22016805,
0x8e004611,
0x677a8105,
0xa368058e,
0xc168098e,
0x9068098e,
0xa368058e,
0xb668058e,
0x0f4601fb,
0x2ef7f248,
0x5081098e,
0x0e82068e,
0x68078e48,
0x048ef5d0,
0x1a23c018,
0x68088e46,
0xe6fbfc30,
0xf12154c1,
0xf12154d0,
0xf12154df,
0xf12154ee,
0x4604b5f8,
0xaf00221f,
0x68032600,
0x00b4f8d0,
0xa0098e20,
0x20f8941a,
0x21f83530,
0x058ef310,
0x221f00a0,
0x8e4e048e,
0x8e1ca00a,
0xfc051e0a,
0x6a236822,
0x0282eb05,
0x6d106c11,
0x408b5989,
0x5d826e11,
0x048eb2db,
0x045b8930,
0x7a048e36,
0x2e24fbf3,
0x6823d1eb,
0x8e14048e,
0x6246a008,
0xa0068e6a,
0xf3107046,
0x058e88f7,
0x68185881,
0xfae0f7fc,
0x8ee8bdf8,
0x8e189a07,
0xc8048712,
0x3884058e,
0x3085068e,
0x86058e81,
0x058ebf66,
0x85068e12,
0x87068e30,
0x058eb616,
0x87068e12,
0x63fc0810,
0x23462069,
0x63692362,
0x89f7ff62,
0x87148eff,
0x058ea512,
0x0c8e1c86,
0x8e9c1287,
0x0a8e1207,
0x8e930686,
0x68185405,
0xfa90f7fc,
0x81058e65,
0x402d0146,
0x43815ef0,
0x402b0068,
0x8e8082f0,
0xcc1c8710,
0x87188ef9,
0x8ef9bf1c,
0xb61c8710,
0x81088ef9,
0x0b8e4b16,
0x8e5a1c87,
0x8e328706,
0x511c870b,
0x3312058e,
0x1c870b8e,
0x81098e48,
0x9ffa4516,
0xd468214d,
0x8e30a8f8,
0x168e2404,
0xf7f334a2,
0xa2058e30,
0x0b8eac58,
0x078ec024,
0x058ed024,
0xf310e024,
0x058e1ef7,
0x048e3c9a,
0xd4058320,
0xd530b0f8,
0xb520f0f8,
0x8e1110f8,
0x0058a206,
0xf3b2db21,
0x078e0cf7,
0x1cf7f378,
0xc8f7fdfb,
0xb381078e,
0x870c8e2e,
0x8efafb22,
0xfe0a880e,
0x7087078e,
0xa000f8d3,
0xf7f34650,
0x4602fa58,
0x4650210e,
0xf927f7fd,
0x0a880a8e,
0x4601fa4d,
0xf7f2486e,
0x86068ec5,
0xea058e78,
0x3e048e74,
0x068efbdf,
0xf4675285,
0x0a88108e,
0x68078ec7,
0x68078e2a,
0x68058eca,
0x0a88058e,
0x2468058e,
0xf368098e,
0x880a8ef8,
0x01fa190a,
0xf2485546,
0x058e91f7,
0x2a462b68,
0x0a88078e,
0x68078eab,
0x68058e33,
0x22870c8e,
0x81098e93,
0x058e2950,
0x058e9668,
0x88058e68,
0x68058e0a,
0x088ef9f0,
0x058ebf68,
0x88068e68,
0x01f9e50a,
0xf2483c46,
0x078e5df7,
0x078e2968,
0x8e770a88,
0xf3ff6807,
0x5f68108e,
0x2a68058e,
0x8e2a048e,
0x620a8805,
0x8e68058e,
0x8e0a8805,
0x8ebc6805,
0x8e8b6809,
0x068e6805,
0xf9b10a88,
0x48234601,
0x8e29f7f2,
0x8e508109,
0x43268106,
0xcb68078e,
0x8e68058e,
0x2b0a880c,
0x1de6c4fa,
0x7481058e,
0x4601f993,
0xf7f24811,
0x8b058e0b,
0x82068e5e,
0x01f98920,
0xf2480d46,
0x058e01f7,
0x81068e14,
0x01f97f4c,
0xf2480946,
0x078ef7f7,
0x048e1281,
0x01f97514,
0xf2480546,
0x9dfbedf7,
0x2133e8e6,
0x88108ef1,
0xa6068e5c,
0x058eb468,
0xf7f368a6,
0x068eff90,
0x4ff868a6,
0xf44faf00,
0x4606718a,
0x227f4693,
0x088e6abc,
0x8eda4c84,
0x8e0a8405,
0x82708506,
0x3e87058e,
0x12058ed1,
0x46812203,
0x71a7f44f,
0x0088058e,
0x8012058e,
0xa7088e46,
0x63f7fc1c,
0x8e12058e,
0x8e121c04,
0x433c8205,
0x7c2b0068,
0xa94aa9d0,
0x082b024d,
0x8e4615bf,
0xae6e8710,
0x6e86058e,
0x6e870c8e,
0x12078ea5,
0x58860a8e,
0x54078e9c,
0xf899f7fc,
0x46224630,
0xf7ff4659,
0x8e06fb9f,
0x8e348705,
0x8e4e6004,
0xfc0c8f0f,
0x8effd4f7,
0x46303204,
0x68a3681d,
0x2b83ea4f,
0xfdc8f7f3,
0xf04b2206,
0x43030380,
0x46284611,
0xffc3f7fc,
0x78870e8e,
0x8ebaf7fc,
0x8e0e8909,
0x1e828308,
0x5e7c048e,
0x0e81058e,
0x8283088e,
0x12048e22,
0x88068e55,
0x870b8e20,
0x098e4c78,
0x8e492081,
0x18068405,
0x57f7f368,
0x108f068e,
0x854d6c8f,
0x6d4b6ce7,
0x1168194a,
0x80f1b140,
0x8ed1284f,
0x2f30860c,
0x6c81078e,
0xf8d44619,
0x048e20bc,
0x058e3112,
0x46307a8a,
0xb000f8d3,
0x460247a8,
0x4658210e,
0x8e5cf7fc,
0x011c8105,
0x8e210023,
0xfa1d2808,
0x4c84068e,
0xe066f2a5,
0x405c068e,
0x8ed1214f,
0x013c850c,
0x015c058e,
0x8e230021,
0x8e033408,
0xff2e5c15,
0x048e2301,
0x81068e2a,
0x1be7d004,
0x42068e68,
0xf1134013,
0xf04f5f7f,
0x461a03c0,
0xf7f3d13e,
0x108ef8d9,
0x8edb2c81,
0x8ed26211,
0x8e0a8205,
0xfefd6210,
0x2c81068e,
0x108ef24f,
0x8eba4681,
0x0b8e4206,
0x058eb154,
0x860c8e12,
0x32f89d1c,
0x9af7f3e7,
0x167e058e,
0x4f221f23,
0x8e6194f4,
0x8e911804,
0x23171205,
0xf240221f,
0x048e41a3,
0x098e8812,
0xaaf24024,
0x7f12058e,
0x8e12058e,
0x41ad1004,
0x87058e17,
0x058e7642,
0x108e2283,
0xfeac2281,
0xbf00e757,
0xf1207c7b,
0xf1207c1d,
0x8e207cab,
0x0040cb05,
0x8ec04000,
0x8d74ab06,
0x8b469a00,
0x00468146,
0xfa6bbcaf,
0x534abb60,
0xb3469019,
0x8e6120f8,
0x69594c04,
0x85058e19,
0xe5f7fb7c,
0x7684058e,
0x3c84068e,
0xf7f36818,
0x6c058e39,
0x3a84068e,
0x048e60b8,
0x058e3012,
0x78220312,
0x86088e60,
0x058e2742,
0x5a603812,
0x002a0068,
0x0280a1f0,
0xa0f0402a,
0xb5444580,
0xa26174f8,
0x22048e4d,
0xf8daf86e,
0xf8d82008,
0x68f901c8,
0x9002fb00,
0xf893f7fd,
0x68f92340,
0xf0f3fb90,
0x46486220,
0xfd1e048e,
0x8ef889f7,
0x6062ad0e,
0x8e128e62,
0xf7f7f25c,
0x4884058e,
0x6e860a8e,
0x8eeef7f2,
0x088e1207,
0x8ef24e85,
0x18468107,
0xe2f7fb68,
0x04f8d4fe,
0x01f1b880,
0x8ed1250f,
0x536c8608,
0x6c86118e,
0x4b79fe1e,
0x8d058ea2,
0x2bf85324,
0x43680030,
0x058e82ea,
0x068e5e8e,
0x8efe0f1e,
0x06688610,
0x2092058e,
0xb1eb6a43,
0x1881088e,
0xf7f268bb,
0x81058eaa,
0x81068e08,
0x00687b18,
0xa1f7f268,
0x8e12058e,
0x3b188106,
0x9812058e,
0x1a81098e,
0x4620fe95,
0x8e69f7ff,
0xf2788d07,
0x8effa0f7,
0x46a6810a,
0xe7634d57,
0xe7614d57,
0x8e574b57,
0xf2768615,
0x078e74f7,
0x0a8e7481,
0x0b8e7684,
0x8e901684,
0x48168406,
0xa1f7fc46,
0x3298068e,
0x850a8e46,
0x8ef86230,
0xea4a8506,
0x86168ef0,
0x46f7f276,
0x415c058e,
0x860a8e46,
0x158e4814,
0x43fd735c,
0x058e4146,
0x1a8e1682,
0xd1507686,
0x8e1ef7f2,
0x202c8111,
0x5485058e,
0x17620c8e,
0x4262158e,
0x7894078e,
0x0e8ef094,
0xf7f24681,
0x89068eff,
0x81058e6a,
0x12068e00,
0x12058ef6,
0x76860a8e,
0x8ee2f7f2,
0x75348707,
0xe8e727f0,
0x7bf12133,
0x48f1207c,
0x058e2154,
0x8e1d1c86,
0xf220860b,
0x058ecdf7,
0x0a8e5083,
0xf7f21a87,
0x12058ec4,
0x1a870a8e,
0x8ebbf7f2,
0x068e2409,
0xf7f21a87,
0x12058eb2,
0x1a870a8e,
0x8ea9f7f2,
0x8e1e9905,
0x80468105,
0x4681068e,
0xf7fc4640,
0xe745fcdf,
0x0487068e,
0x460c4681,
0xe9d14e7d,
0xaf042300,
0x51c8f8d6,
0xea4f2b01,
0xf5051585,
0xf0407880,
0x2104809d,
0xfd50048e,
0x04facff7,
0xbcf8c923,
0x40f04f31,
0xa968210a,
0xf2487146,
0x058e65f7,
0x48702082,
0xb20cf8df,
0x5cab098e,
0x078e6d02,
0xf7f254b2,
0x45c1f855,
0x8082f2c0,
0xa926048e,
0x3a048e46,
0xf8df4867,
0x068eb1e0,
0x02c258ab,
0x2a098e62,
0x45c1f840,
0x6823db75,
0x5c26068e,
0x06485e49,
0xdf0383eb,
0x1ab1b4f8,
0x126a136e,
0x2ff7f268,
0x6c45c1f8,
0x5822058e,
0xa0f8df48,
0x76b2058e,
0xf8d24b52,
0x048e21cc,
0xc1f82040,
0x8edb6545,
0x8e516806,
0x8e3ab305,
0x8e3cac08,
0x4b482804,
0x8edcf8d2,
0xf80c2805,
0x8e6245c1,
0x8e482805,
0x065eac09,
0x400683eb,
0xfcf8d64b,
0x194e4421,
0xfaf7f146,
0x624545ff,
0x434b42db,
0x0249434a,
0x444b4393,
0x44930148,
0x4493004b,
0xecf7f14b,
0x016863ff,
0x8ed10c2b,
0x685a4204,
0x93004b40,
0x2a004b40,
0x4a40d157,
0x4840492f,
0xffdcf7f1,
0x3eb30a8e,
0x82078e01,
0x01fa323a,
0x99e76123,
0x3cb3058e,
0x0908f109,
0xffc9f7f1,
0x100d8e72,
0x8e7fffc1,
0xffb9100d,
0x69e1e788,
0xb3078ed9,
0x098e093a,
0x048e3ab3,
0x8943591e,
0xa8f7f10b,
0x1b8e86ff,
0x87f3c122,
0x96f7f111,
0x6be788ff,
0x078e0542,
0x8e305cb3,
0x355cb306,
0xff8af7f1,
0x16e7008e,
0x00e7a64a,
0x2133e8bf,
0x2154fdf1,
0x8e5506f1,
0x2460b306,
0x43f12155,
0x67f12155,
0x7ff12155,
0x99f12155,
0xb3228e55,
0x2155df60,
0x2155b8f1,
0x2155c2f1,
0x2155cbf1,
0x8e55e9f1,
0x4f74b30d,
0x460cb085,
0x21024605,
0xaf046822,
0x1082068e,
0x2302f9aa,
0xf8c54856,
0x682131bc,
0x8e43f7f1,
0x5b7c8805,
0x7a2b0068,
0x4f4e51d1,
0x4f090af0,
0x500864f0,
0x5149504a,
0x34f7f148,
0x38f8dfff,
0xdf2500b1,
0x22a178f8,
0x28210046,
0xfe350146,
0xb0ff4df7,
0x058e0147,
0xf7f128dc,
0x45a9ff23,
0xf8dfd1f1,
0x26009114,
0xa154f8df,
0xb154f8df,
0x49414a43,
0xf7f14843,
0x2100ff15,
0x46304622,
0x8e34f7fe,
0xfb906605,
0x048ef1f8,
0x08d1576a,
0x4b0211fb,
0x01465846,
0x02f7f136,
0xea42b5ff,
0xd0f8dfd1,
0x42048e80,
0xf8df911c,
0x4a35a11c,
0x48334930,
0xfef4f7f1,
0x8e76048e,
0x8e134204,
0x3d288109,
0x64210cd1,
0x41464322,
0x32f10143,
0xfafb9100,
0xf2fb90f1,
0x7af44ff0,
0xf2fb9072,
0x1cfb02fc,
0xf1482602,
0x01fed7f7,
0xdf42b536,
0x254b24d1,
0x0249254a,
0x264b2593,
0x26930148,
0x2693004b,
0xc8f7f14b,
0x840a8efe,
0x4f4a2328,
0x4f090bf0,
0x13080af0,
0xf1482149,
0x058ebaf7,
0x4e1f3087,
0x4b1f685a,
0xbf082a02,
0xe77c461e,
0x3081068e,
0xe7a64650,
0xf04f2b01,
0xbf08010a,
0xbf18230b,
0x46422306,
0x30054358,
0xf1f1fb90,
0xf7f14648,
0xe7c4fe9d,
0x068e55f3,
0x8ec24c88,
0x01548307,
0x83068e56,
0x8e561420,
0x382c8306,
0x68f12156,
0x83068e56,
0x21565050,
0x21566ff1,
0x215654f1,
0x8e5676f1,
0xe9508306,
0x15f12155,
0x058e2156,
0x7c7b0c89,
0x560af120,
0x562cf121,
0x561ef121,
0x5645f121,
0x86a0f121,
0xed058e01,
0x80b09568,
0x0b460c46,
0x03af0068,
0x4fdd062b,
0x583bfff0,
0x078e5446,
0xf8d15281,
0x4eb930b4,
0x62b7068e,
0x31c8f8c6,
0x221cf8c6,
0xf8c82320,
0x68633024,
0xf0402b01,
0x88058ed2,
0x058e5b12,
0x80ca549c,
0xf8c82313,
0x23083028,
0xf1084621,
0xf8c80024,
0xf8d8302c,
0x078e3014,
0x40227ab7,
0x40230109,
0x40f8c821,
0x44f8c800,
0xccf8c820,
0xd0f8c831,
0xd4f8c831,
0xd8f8c811,
0xdcf8c831,
0x8d088e21,
0x058e862c,
0x00b43ebf,
0xb6078e06,
0xb320a046,
0xf210b0f8,
0x72bf058e,
0xd314048e,
0x058e90f8,
0x41102eb7,
0x20d0f893,
0x00a8f8c4,
0x028c058e,
0x11f7f268,
0x066821fc,
0x289c058e,
0xf8d120a0,
0xb8058ec0,
0xd100ac04,
0xb10090f8,
0x0b8eb0f8,
0x8eb406b8,
0xf242b705,
0x0f8e00f7,
0xb321006a,
0xf21110f8,
0x8efbedf7,
0x50f04808,
0x2100f8d1,
0x1110f8b1,
0xfa224128,
0xb2d2f305,
0x8eb0f8c4,
0x40ab7005,
0xde44068e,
0x648e098e,
0x2302fbee,
0x902cf8d8,
0x021cf104,
0x0e8e60a3,
0xf210705a,
0x83f938f7,
0x7f280046,
0xe3af4df4,
0x64b93b69,
0x38048e48,
0x68da6821,
0xf7f161e2,
0x69e1fda4,
0xf7f14861,
0x058efda0,
0x088e2038,
0xf83608b8,
0xf7f21023,
0x64048e19,
0x1ff00020,
0x53616000,
0xb8b13368,
0xc61e43b1,
0xc331c8f8,
0x1cf8c61c,
0x1cf8d632,
0x03429832,
0xc8f8d6d2,
0x0d429831,
0x86088ed2,
0xfefd7a74,
0x342315e7,
0x322301e7,
0xc62304e7,
0xe701c8f8,
0x106823e7,
0x4482058e,
0x11ccf8b3,
0xfaedf7f2,
0x00456823,
0x055c048e,
0x8e7580f4,
0x8e0eb808,
0x11dc2006,
0xfaddf7f2,
0x068e4305,
0x8ee51081,
0x8e2cb809,
0x068e1e04,
0xf9225081,
0x61206963,
0x21c8f8d6,
0x2cb8088e,
0xfb09f3f9,
0xf8c80013,
0xf8c83034,
0xf8d4003c,
0xf1b99004,
0x8e430f01,
0x5d668a05,
0x622d0068,
0x024a2cd0,
0x184d2c2d,
0x2b4615bf,
0x54f1a24a,
0x92bf080a,
0x124a2a46,
0xd42a0068,
0x2720bcf8,
0xffb31ada,
0x1821a322,
0x2bf7f268,
0x2061a0fb,
0xda47a87e,
0x053000f8,
0x83210046,
0x1bbf2842,
0xc3bf381a,
0x29f85a1a,
0x98429520,
0x881b52bf,
0x931aaabf,
0x49dd0142,
0x8e461346,
0x7cb98106,
0xd1ef0f15,
0x1038f8c8,
0x22ffe074,
0xe7da21a2,
0x22ffb112,
0xe7d621a1,
0x211d22ff,
0x2500e7d3,
0x5038f8c8,
0x220ae066,
0xfbb5480e,
0x69a3f1f2,
0x5211fb02,
0xb292b289,
0x33e8e09b,
0x567cf121,
0x70b8068e,
0xf12156ae,
0x068e5494,
0x7c0370b8,
0x7c45f120,
0x355cf120,
0x34e1068e,
0xf12156eb,
0x8e6422ff,
0xd9248105,
0x18f8dffa,
0x7ff000e1,
0x70f24103,
0x94f2417c,
0xa31d3912,
0x25f85e61,
0x40f01330,
0x3ff0030f,
0x83eb0303,
0xe2bf0813,
0x92bf1846,
0x41445346,
0x013025f8,
0xed2d1335,
0x40f010d1,
0x8e687b0f,
0xf0003204,
0xf241003f,
0xbf187570,
0xeb054615,
0x44051580,
0x42ab2000,
0x1b5bbf28,
0x1aebbf38,
0x810d8e51,
0x01429a6c,
0x098e48da,
0x8e136c81,
0x006c8106,
0x30b4f8d4,
0x8e078e20,
0x6203c206,
0x23f85669,
0x7bf7f110,
0x058e21fc,
0x68e33a83,
0x6a92481a,
0x0282eb01,
0x0181eb06,
0x0282eb06,
0x11ccf8d1,
0x21dcf8d2,
0x8e69f7f1,
0x13309e05,
0x428e098e,
0xeb066922,
0xf8d60683,
0xf7f111fc,
0x6863fc5b,
0xf47f2b01,
0x088eadf8,
0xf47f6487,
0x2264af63,
0x820f8e08,
0x46f7f13a,
0x00e5e5fc,
0xbb088ebf,
0x21b04c18,
0x2156c6f1,
0x0c92058e,
0xaf00b5b0,
0x2b016853,
0x8ed2d17a,
0xbb934405,
0xf2414b3e,
0xf2411494,
0x25647170,
0x2020f853,
0x483b4b3b,
0x0f40f012,
0x4621bf18,
0x043ff002,
0x1484eb04,
0x4619440c,
0xfc1bf7f1,
0xf1f5fbb4,
0x48344b33,
0x4211fb05,
0xfc13f7f1,
0xf44f210c,
0x4b2e727a,
0xf104434c,
0xfbb10132,
0xfbb1f1f5,
0xfb02f0f2,
0x492c1210,
0xfbb4482d,
0xf7f1f1f1,
0x2000fc00,
0x2b01bdb0,
0x4c29d123,
0xeb04250a,
0xf8b40480,
0xf7f20120,
0x4b20fe12,
0x48254602,
0xee5a048e,
0x20f8d4fb,
0x234b1c21,
0xf5fbb248,
0x11fb05f1,
0xe4f7f122,
0x3114048e,
0x4359210b,
0x31054a16,
0x048e481d,
0xd9f7f15e,
0x02e7d7fb,
0x16d1d52b,
0x744c098e,
0x1bf7f201,
0x024b0dfe,
0x058e1246,
0xd4fbc84c,
0x092174f8,
0x0b8e104b,
0x06fbbe4c,
0x74f8d421,
0x03e7d831,
0xf1480c49,
0xb4fbb6f7,
0x48bf00e7,
0x8b068e54,
0x21571148,
0x8e571ef1,
0x2c008b06,
0xe8f12157,
0x39f12133,
0x46f12157,
0x52f12157,
0x5df12157,
0xa9068e57,
0x0daf0064,
0x058ed146,
0xb92a1e91,
0x21044b71,
0x21c8f8c3,
0x121cf8c3,
0x6263230b,
0x82058ed5,
0x0ab90b4e,
0x01626323,
0x29230826,
0x08ec058e,
0x62e362a6,
0xc2078e63,
0x4022506a,
0xc4230009,
0x2021c8f8,
0xc4646364,
0xd561ccf8,
0x5220b4f8,
0x522a0068,
0xc42327d1,
0x4131d0f8,
0xc43388f2,
0xc421d8f8,
0x4f31d4f8,
0xc47307f4,
0x4931dcf8,
0x3132048e,
0x60ab2302,
0x5a62048e,
0x552a0068,
0x94f241d1,
0x6422ff16,
0xb8f8c521,
0xf2681860,
0x00f95ff7,
0x10037ff0,
0x410f40f0,
0x007270f2,
0xab003ff0,
0x16bf0861,
0xb8f8d546,
0x80eb0630,
0x4f441012,
0xc37202f4,
0xf2fbb31a,
0x632241f3,
0x18048e63,
0x030e068e,
0xe30307f0,
0xa3230063,
0x81068e63,
0x6c2b0040,
0xab2264d1,
0xf2fbb069,
0x11fb02f1,
0x8e483902,
0x1e508406,
0xf82000fb,
0x0c2a01bd,
0xc4220bd1,
0x4021d0f8,
0xc412c4f6,
0x6e31d8f8,
0xd4f8c423,
0xdcf8c421,
0x03e7ad31,
0xf21a068e,
0x048e3243,
0x058e5a1a,
0x29e7f11a,
0x4a88058e,
0x20bcf8d5,
0xb1e2da20,
0x4a88088e,
0x048ef906,
0xa861a870,
0x01685b69,
0x64d11a2b,
0xc5b2c023,
0xf230b8f8,
0x8efcfaf7,
0x5b1e8106,
0x81088e09,
0x82f3c328,
0xffe7ac03,
0xe121a222,
0x3c88078e,
0x88058edd,
0x96e7da3c,
0x0036098e,
0x2c048efd,
0x1ac22130,
0xf2f1fbb2,
0x3a058e62,
0xf30c058e,
0x2313fb01,
0xfbb32206,
0xe78af3f2,
0x810b8e0a,
0x04b2895a,
0x91b29248,
0x2898058e,
0x0a8e56c6,
0x4b2d4888,
0x47f0e92d,
0x7d2ef5ad,
0x46062500,
0x46a8460c,
0xf8dfaf00,
0xf8c790c4,
0x8e2730c4,
0x8e12c105,
0x30cc0604,
0xf8c74b26,
0x06058ed0,
0x4b2530d4,
0x8ed8f8c7,
0x30dc0605,
0xf8c74b24,
0x06058ee0,
0xf7fc30e4,
0x60bcfd5c,
0x60b8f8c7,
0xf04f2400,
0xf8c70a01,
0xb16d50c0,
0xdc0e2c01,
0x2c043401,
0x3501d1f9,
0x8ef12d02,
0x2e1cc105,
0x1cc1068e,
0x011ea387,
0x73d9f02b,
0xacf8c768,
0xc7693282,
0x0a32b4f8,
0x66c1058e,
0x464ad1e6,
0xf1071d39,
0x607c00c4,
0xfb9bf7fc,
0x46304622,
0x12a4f8d7,
0x32acf8d7,
0xfce1f7fc,
0x4b0de7d6,
0x46d5f121,
0x4f6df121,
0x54c1068e,
0xf1214351,
0x0a8e401d,
0x3c5954c1,
0x54a7f121,
0x8e2cf121,
0x8e60810d,
0x265e8112,
0x5e810b8e,
0x810b8e25,
0x0b8e245e,
0x8e235e81,
0xed5e8107,
0x81528efc,
0x0f8e2d5c,
0xfc735c81,
0x50a5e7d6,
0x4935f121,
0x38bdf121,
0x5c81068e,
0x068e4031,
0x38955c81,
0x386df121,
0x38d5f121,
0x54b0f121,
0x0031f121,
0x002d0000,
0x00290000,
0x8e250000,
0x1d00d407,
0x7cbf078e,
0xc0078e15,
0x00000d0c,
0x0b8e0900,
0x005414d2,
0x00500000,
0x004c0000,
0x00480000,
0x8e440000,
0x7738d307,
0x138e7164,
0x068e7bc3,
0x76777ac3,
0x8e666572,
0x3105c408,
0x30007337,
0x64313078,
0xb081068e,
0x0a0d7850,
0x610f048e,
0x0f0e8e31,
0x0f0e8e32,
0x0f0a8e33,
0x20514457,
0x0a642542,
0x73372500,
0x4f5f5144,
0xc4138e45,
0x00733728,
0x1f068e0a,
0x67c4158e,
0x8e1f098e,
0x8e7e1b10,
0x058e270c,
0xc4118e24,
0x068e356a,
0xc4128e3c,
0x8e333165,
0x118e5607,
0x068e5fc4,
0x00733720,
0x46455256,
0x29514428,
0x524d0025,
0xc4058e36,
0x33250076,
0x312d2573,
0x05058e31,
0x0a0a068e,
0x5627098e,
0x31524d00,
0x28068e34,
0x20514457,
0x66657256,
0x7b81078e,
0x3536058e,
0x068e0073,
0x2511b381,
0x1581058e,
0x3314058e,
0x068e0073,
0x64326dea,
0x8e252525,
0x048e0e08,
0xc6058e0c,
0xeb068e7c,
0x048e5607,
0x0a8e3019,
0x6665440b,
0x73372500,
0x25733725,
0x06058e38,
0x0a0c058e,
0x8e5f5200,
0x4c007304,
0x5207068e,
0x65676e61,
0x06c6178e,
0x05c61c8e,
0xab81068e,
0x54554f13,
0x5f464f5f,
0x4e414353,
0xc983088e,
0xc6068e53,
0x64775f62,
0x72765f71,
0x253d6665,
0x2a81068e,
0x524d2820,
0x8e3d2936,
0x51838306,
0x31251c8e,
0x26088e34,
0x8e733525,
0x360a8207,
0x00820d8e,
0x810c8e35,
0x00733474,
0x108e3625,
0x26078e28,
0x0d82088e,
0x2d24048e,
0x8e733633,
0x6c80830a,
0x8683088e,
0x10108e7c,
0xc681208e,
0x83088e2c,
0x8e035081,
0x8e44c507,
0x088e1010,
0x088e14c3,
0x048e5886,
0x28088e1c,
0xdc81088e,
0xd90c8e44,
0x7c048e04,
0x0881088e,
0x0481088e,
0x8e40408e,
0x208e403c,
0x208e4cda,
0x068e1cc1,
0x68032090,
0x4d386841,
0xeb014e38,
0x23000143,
0x0094f8d0,
0x82078e15,
0x6800388d,
0xfd92f7f1,
0x2300e9d4,
0x0094f8d4,
0x0342eb03,
0x088e6922,
0x102014d1,
0xfb9bf7f1,
0x68616823,
0x8e1c048e,
0xeb053c04,
0x68000381,
0x23016c1a,
0x048e4093,
0x8eb2db42,
0xf7f14404,
0x6ee5fd71,
0xd13b2d01,
0x4a206821,
0x3088f8d4,
0x5230048e,
0x1e2021f8,
0x9368004e,
0x078e1d40,
0x8e20f781,
0xfd5b2c06,
0x8e1a6821,
0x8e17260d,
0x8e172605,
0xfd48260d,
0x8e136821,
0x4c11260d,
0x1026048e,
0x3426078e,
0x3526058e,
0x2d4628fd,
0x00f6c9f7,
0x00bdf820,
0x215764bf,
0x216234f1,
0x20f490f1,
0x20f408f1,
0x20f3f8f1,
0x20f4a0f1,
0x20f428f1,
0x20f418f1,
0x20f4b0f1,
0x20f448f1,
0x048e38f1,
0xdb078e1c,
0x18309448,
0x62f7f168,
0x2368e3fd,
0x016ee361,
0xe3d10a2b,
0x058ec46f,
0xc4308076,
0xd4308cf8,
0xc43084f8,
0x203090f8,
0xff4d2646,
0x23ff58f7,
0x24686268,
0x94f8d44e,
0x43eb0200,
0x926de302,
0x02eb0500,
0xdc68000c,
0x8b1060f8,
0x0918b140,
0x9cb2db8c,
0xf12080f8,
0x8efce7f7,
0x088e2c04,
0x926e232a,
0x8e680000,
0xf8dc2c04,
0x2a058ea0,
0x1040f8b1,
0xc02c048e,
0xd1f7f120,
0x632c0d8e,
0x152c058e,
0xd5441644,
0x9510e0f8,
0x8b2100f8,
0x60f8b640,
0xf1b2db10,
0xd4fcbcf7,
0x3481078e,
0xf7fcfccc,
0x2000f978,
0x088ebdf8,
0x068e7881,
0x048e14b5,
0xf26a191e,
0x80fa46f7,
0xcb83078e,
0x90469930,
0x0d460646,
0x8e6a3c46,
0x088e3c04,
0xf7fa60b4,
0x4c098e33,
0x4641fce2,
0xf8d94630,
0xf7fb2008,
0x6ee3fd0a,
0x2b016120,
0xf1c5d108,
0x00c9010f,
0x1088f8c4,
0x108cf8c4,
0x1090f8c4,
0xf7ff4620,
0x088efed6,
0x8efc8b36,
0x8e28c206,
0x7cb98106,
0x460c4605,
0xaf04680a,
0x2b016ecb,
0xeb03684b,
0xf0400242,
0x210b80aa,
0x0094f8d4,
0xf8a9f7fc,
0xf8c5230b,
0xe9d431bc,
0x2b001300,
0x80a4f040,
0xf7f0485a,
0x4e59fe3e,
0x4a592500,
0x048e495a,
0xa9fe370e,
0x08463011,
0x32f7f035,
0xf82d80fe,
0xf04856d1,
0xe3fe2df7,
0x402b016e,
0x80008ef0,
0x68214b54,
0x48534a50,
0x1021f853,
0xfe21f7f0,
0x2300e9d4,
0x4d502600,
0xeb034851,
0x4a490342,
0xa8058e05,
0xd3817c3e,
0xf01080f8,
0xa1fe11f7,
0x71464069,
0x20360843,
0xf00b8931,
0x80fe09f7,
0x42d1f52e,
0x04f7f048,
0x6a52058e,
0x214b44d1,
0x434a3c68,
0xf950078e,
0x0486058e,
0x48402600,
0x810cf8df,
0x3552048e,
0xd352058e,
0xf010a0f8,
0x8efdeaf7,
0xf3c14e0a,
0xf7f01187,
0x2e80fde1,
0x482ed1f4,
0xfddcf7f0,
0x4750048e,
0x214b33d1,
0x324a2868,
0xd150078e,
0x3050058e,
0x058e304e,
0x068e1e81,
0x10c04cd5,
0xf7f02500,
0x4629fdc4,
0x6681068e,
0x2d80fdbf,
0x4b29d1f8,
0x492a4a29,
0x4b2a9302,
0x9301482a,
0x93004b16,
0xf7f04b29,
0x56058eb1,
0x4b13d105,
0x68214827,
0xf7f0461a,
0x2000fda8,
0x9381068e,
0x058e0a5e,
0xf7fb5482,
0x230affff,
0x4820e754,
0x490ae75a,
0xf7f0481f,
0xe774fd97,
0x481d4907,
0xfd92f7f0,
0x4905e797,
0xf7f0481a,
0xe7bafd8d,
0x068e631e,
0x337320a7,
0x5898068e,
0x068e6336,
0xf40828fe,
0x6340f120,
0x3c84068e,
0x8e21635c,
0x6f288605,
0x86f12163,
0x058e2163,
0x639b2886,
0x0ca8068e,
0x168e63b2,
0x335910a8,
0x63cbf121,
0x632af121,
0x6357f121,
0x00a8088e,
0x23104ff8,
0xaf004605,
0x460c3024,
0x6eca6003,
0xf8df4eb6,
0x2a019324,
0x2301bf18,
0x62ab46b3,
0x62eb2308,
0xdb0b8e6b,
0x6b642866,
0xccf8c564,
0x84088e31,
0x8efb9c56,
0x9b0e890c,
0xf2680000,
0x19444b18,
0x058e928c,
0x8e355686,
0x068e1e05,
0x4b18f11a,
0x106e0a44,
0xc0f89141,
0x40f8b320,
0x8e65e010,
0x68003604,
0x8e22f7f1,
0x01368905,
0x890143eb,
0x49187300,
0xa0f8d344,
0x108c0920,
0x80f8d341,
0x18662020,
0xa30a8e6e,
0x058e9460,
0xf7f160a3,
0x76158e10,
0x1060f8b3,
0x2100f892,
0xfaf9f7f1,
0xe052108e,
0x60f8b120,
0x60411010,
0x00f8d366,
0xdb0a8e01,
0x52088e74,
0x088efae7,
0xfaf75281,
0xd55c088e,
0x8ea02cf8,
0xf1046004,
0x068e0218,
0x464e70a3,
0x688a068e,
0x8e80f83f,
0xd27cdb05,
0x3b69a380,
0x8e486ab9,
0x68213c04,
0x61a268da,
0xfcabf7f0,
0x486669a1,
0xfca7f7f0,
0x7c81088e,
0x0b83eb0b,
0x9b22048e,
0x8e1020f8,
0xf8726204,
0x831a048e,
0x8e60e046,
0xf8d41e04,
0x068e2094,
0x10801aa3,
0xf7f16810,
0x81058e0f,
0x40ea4f00,
0x80f40909,
0x220e8e79,
0x22058ea0,
0xfb9bf9fe,
0xea49f3fa,
0x60a00000,
0xfb0a636b,
0x63ebb313,
0x7886068e,
0x8e238088,
0x47188905,
0x0049484a,
0x82088e68,
0xf7f1728f,
0x6823fa71,
0x49454a44,
0x2023f852,
0x4a444110,
0x048e67e0,
0x20088e26,
0xf7f16800,
0x6823fa60,
0x8e3f4a3f,
0x4a3e2207,
0x0080f8c4,
0x4e24108e,
0x396822fa,
0x9082078e,
0xc46fe314,
0xdb0084f8,
0x0ff1c308,
0xe263ab03,
0x07f0026f,
0x012a0402,
0xab3b01d9,
0x61682363,
0x01483068,
0xa30143eb,
0x36a70b8e,
0xf7f01080,
0x82058e1d,
0x058e2a14,
0x68e26686,
0x14a1068e,
0xf7f010c0,
0x6ee3fc11,
0xd1192b01,
0x4a1a6821,
0x48236fe3,
0x2021f852,
0xfc06f7f0,
0x4a186821,
0x3080f8d4,
0x12078e1f,
0x4a17fbfd,
0x481d6821,
0x3084f8d4,
0xf412068e,
0x1a6b69fb,
0xf0f7f048,
0x196be9fb,
0xecf7f048,
0xa94818fb,
0xe8f7f06b,
0xbd4640fb,
0x008ff8e8,
0x4fe7b623,
0xf738fff0,
0x8e5764e7,
0xf878dc0a,
0x8c068ef3,
0x0b8e9074,
0x8ea0708c,
0xb0708c0b,
0x098e20f4,
0x63f30cdd,
0x6427f121,
0x645bf121,
0x18dd0a8e,
0x068e648f,
0x068e0887,
0x4616308f,
0x2b016ed3,
0x4b1bd131,
0xf1c400c2,
0xf44f040f,
0xf1c2757a,
0x48180278,
0x461900e4,
0xfba2f7f0,
0x200a6f73,
0xfb026fb2,
0x4b123204,
0xa0078e92,
0x92320550,
0x10f2f0fb,
0x92f7f048,
0xb36f72fb,
0x03480e6f,
0x322404fb,
0x544b096f,
0x944a0c43,
0x629c068e,
0xfaf50242,
0xf5fb9272,
0x7ff7f0f2,
0x3e9e058e,
0x48064902,
0xfb79f7f0,
0x722be7f8,
0x649bf120,
0x64a7f121,
0x64b5f121,
0x4240f121,
0x8ec0000f,
0x078e0804,
0x7d241c9b,
0xcb82068e,
0xc766f906,
0x3c309cf8,
0x94f8c74b,
0xa0f8c700,
0xc74b3a30,
0x058ea4f8,
0x3930a806,
0xacf8c74b,
0xb006058e,
0x058e3830,
0x048e48de,
0x3730b806,
0x48de058e,
0xfe1ff7fb,
0xd10b2c01,
0xb31c686c,
0xd8512c02,
0x673b230b,
0x33e2f241,
0xf44f677b,
0x67bb73b8,
0xa0bcf8df,
0x46a02400,
0x0901f04f,
0x603c686b,
0xf8c7692a,
0xf8c78284,
0x8e09328c,
0x24149b05,
0x043401d0,
0x9b068e2c,
0x078e2440,
0x8e0c409b,
0x0ce28406,
0x3b682871,
0x25f7f167,
0x82068ef9,
0xd1070ab3,
0x53eef24c,
0xf240677b,
0xf8c71357,
0xe7d00098,
0x03f8f247,
0x4910048e,
0x4010048e,
0x2600e7c8,
0xdf058e52,
0x7e009c22,
0x3df7fb60,
0x8e3601fc,
0x7c24df06,
0x84f8d712,
0x82f7fb32,
0xed2e02fd,
0x4fe7c6d1,
0xc730fff0,
0x215d35e7,
0x215b29f1,
0x8e6075f1,
0xc36c9b06,
0xb1f1215a,
0x9d0a8e5a,
0x2159dd48,
0x216314f1,
0xd7088ef1,
0xd7108e6c,
0x08088e74,
0x048e0115,
0x08088e04,
0x0010108e,
0x048e1200,
0x08088e04,
0x0110108e,
0x8e170000,
0x088e0404,
0x10108e08,
0xad000001,
0xaf000005,
0xb5000005,
0xb7000005,
0xbd000005,
0xbf000005,
0xc5000005,
0xc7000005,
0xac000005,
0xae000005,
0xb4000005,
0xb6000005,
0xbc000005,
0xbe000005,
0xc4000005,
0xc6000005,
0x2595078e,
0x00000104,
0x00000101,
0x00000105,
0x00000102,
0x00000106,
0x00000103,
0x00000107,
0xe0098e72,
0x51445268,
0x5f4d5f53,
0x299a058e,
0x530c058e,
0x250c068e,
0x25733032,
0x7333322d,
0x30514400,
0x128e3231,
0x048e7edf,
0x108e0021,
0x8e39719b,
0x34332f04,
0xe0138e35,
0x9c118e2d,
0x048e3703,
0x3837362c,
0x8e2c128e,
0x2074e017,
0x64254200,
0x8e51445f,
0x74ab8206,
0x2514058e,
0x44567334,
0x25285144,
0x048e2925,
0x4645520b,
0x8e295628,
0x8e089a0a,
0x8e769a07,
0x65519e06,
0x71645f6c,
0x4b81118e,
0x2b9e078e,
0x8e341c8e,
0x8e508111,
0x118e3423,
0x098e5881,
0x0b8e7934,
0x312535e1,
0x088e7333,
0x0b8e139d,
0x7336099b,
0x068e2500,
0x058e089b,
0x33342d0b,
0xf2058e73,
0x00460c20,
0x226a8baf,
0xf068184d,
0x21ffecf7,
0x234a2168,
0x526aa069,
0x058e21f8,
0x8e1e24ce,
0x35549607,
0x3a91058e,
0x6821ff8b,
0x8e634a1b,
0x4d192007,
0x1922048e,
0x7a220d8e,
0x156821ff,
0x078ea34a,
0x058e1422,
0x0d8e1322,
0x01ff6922,
0xfdf72d20,
0x186aa3f0,
0xf7f7f968,
0x08048efd,
0xff73f7f0,
0x8e1ff7fb,
0x0076aa05,
0x8a088ebf,
0x971c8e2c,
0x83b59024,
0x7caf02b0,
0x3c940169,
0xfa940069,
0x04fff5f7,
0xf0480449,
0x8ef923f7,
0x8e4ab606,
0x1f70d908,
0xd90a8e6b,
0x14f7f070,
0xd9088ef9,
0x8e6aba70,
0x106cd206,
0x01460423,
0x24af0026,
0x08626330,
0x0d62a623,
0xa90a8e46,
0x4022007e,
0x62642009,
0x78a9058e,
0x685b6aab,
0xd1792b00,
0x42b26aea,
0xd16a4a41,
0x4105f240,
0x31d8f8c4,
0x7318f44f,
0x11d0f8c4,
0x54a8088e,
0xa118f8df,
0x6aa8682b,
0x8e3a4a39,
0x12488d05,
0xe62023f8,
0xe7f7f06a,
0x35682bfe,
0x00f8df4a,
0x00f8df91,
0x8d068e81,
0x284a3278,
0x396aa861,
0x8e1023f8,
0x68002604,
0xfed4f7f0,
0x4a2e682b,
0x2d1e068e,
0xa861684a,
0x0b8e386a,
0x29fec51e,
0x534b2868,
0x183021f8,
0xa8692b41,
0x5a482661,
0x168d058e,
0x6829f8a9,
0x4824696b,
0x0e058e59,
0x6829f8a2,
0x482169ab,
0x0e058e58,
0x6929f89b,
0xfbb1481f,
0x6361f1f6,
0x2500692a,
0xfbb263a5,
0xfb06f3f6,
0x63e32313,
0xf88cf7f0,
0x8d058ee1,
0x28f88848,
0x308a058e,
0x31dbf240,
0x4e810a8e,
0xf24031d8,
0xe793135b,
0xab058efd,
0x24f24f6a,
0xab088e43,
0x8823386a,
0x90bf00e7,
0xf80003d0,
0x83068ef3,
0x8d088e2c,
0x8d088e54,
0x8d148e50,
0x078e0848,
0x8e484c83,
0x8e408309,
0xe53c8306,
0x2cdd058e,
0xf845f7f0,
0x3c83168e,
0x68186a8b,
0xf7f16a19,
0xbd80fbeb,
0xaf00b5b0,
0x02c0eb02,
0x6aa3693c,
0x088e61e2,
0xf7f93099,
0x6aa3fddb,
0x85058e21,
0x21fe8a44,
0xe34a2068,
0x44850b8e,
0x649c088e,
0x0085068e,
0x058efe29,
0x078e788f,
0x058e1820,
0x8e182285,
0xfe18220d,
0x8e146821,
0x8e132209,
0x8e122205,
0xfe07220d,
0xf72c2001,
0x068ef79b,
0xfc954485,
0x4485068e,
0x2a8efe11,
0xe92d4085,
0x068e43f0,
0x210d0cbe,
0x68222600,
0x6aa0af04,
0xfa24f7fb,
0x8e40230d,
0x0a0cbe05,
0x3e686223,
0x38f8df4d,
0xf3fb9281,
0x11fb03f1,
0xb5f7ef22,
0x296822ff,
0x39950246,
0x53483a4b,
0x013022f8,
0x92068e93,
0x38930020,
0xef08058e,
0x31ffa4f7,
0x40462a46,
0xef360846,
0x80ff9ef7,
0x32d1f72e,
0xef250048,
0x2bff98f7,
0x7af44f4a,
0xa8f8df76,
0xe8f8df90,
0x2d461180,
0x8df7ef48,
0x0a68a3ff,
0x0268e220,
0x4b3205fb,
0x92350846,
0x06f1f6fb,
0x2c90098e,
0xf7ef4640,
0x2d80ff7c,
0x8e21d1ec,
0xff764405,
0x4e214a1a,
0x9064f8df,
0xf8df4611,
0x481f80a8,
0xff6cf7ef,
0xf44f68a3,
0x058e707a,
0x68623344,
0x435a3508,
0x088e464b,
0x90068e48,
0x4a068e4e,
0x2d80ff57,
0x4b13d1e8,
0x49094a13,
0x4b139303,
0x93024813,
0x93014b13,
0x93004b13,
0xf7ef4b13,
0xc20a8e47,
0x6abf832a,
0x0c99068e,
0xf120f448,
0x068e6ae4,
0xf4087c98,
0x70f4068e,
0x068e6b23,
0x6b427c90,
0x38bd068e,
0x068e3364,
0x6b5e34bd,
0x34bd0a8e,
0xf121335f,
0xf1216b1a,
0xf1216b34,
0xf1216b52,
0xef078e35,
0x057d0b58,
0xf8af0046,
0x32637b62,
0x3263bb4b,
0x3263fb4b,
0x32643b4b,
0x32647b4b,
0x3264bb4b,
0x3264fb4b,
0x32653b4b,
0xfb657b4b,
0x6cf9d9f7,
0x02b38c68,
0x0bd8492c,
0x4160bb23,
0xfb33e2f2,
0xb8f44f60,
0xacf8df73,
0x8e240090,
0x3b1cf006,
0x7c686b61,
0x0891058e,
0xf8c7621c,
0xef078e24,
0x078e0d5e,
0x00341cac,
0xf820f7fb,
0x3890068e,
0xf8d71214,
0xf7fb321c,
0x0a8ef966,
0x8e0b5cef,
0x8e5cef07,
0xbb24910a,
0xd3f7f060,
0x91068efc,
0x058e0624,
0x60fb2491,
0x1357f240,
0x8ec36338,
0x8e229105,
0x13490e04,
0x8ebc633c,
0xdd789005,
0x2165c5e7,
0x216841f1,
0x8e65adf1,
0x79789006,
0x69f12167,
0x41f12167,
0x81f12167,
0xc9f12165,
0xacf12164,
0x8ef1216a,
0x34b98206,
0x0aac088e,
0x8e303525,
0x8e07aa06,
0x79ef8106,
0x6c657320,
0x69746365,
0x28206e6f,
0x51444456,
0xa7058e3d,
0x2956642e,
0x7325000a,
0x1b8e068e,
0x1a8e058e,
0x788c0c8e,
0x0c0c8e2c,
0x688e0d8e,
0xef078e36,
0x8c058e67,
0x8e058e7c,
0x25282046,
0x25202925,
0x0d8e3833,
0x8e320d8d,
0x45521f05,
0x56282046,
0x391e048e,
0x1d8d098e,
0x90068e20,
0xaa0a8e07,
0xaa0b8e04,
0xa5238e0d,
0x8b088e64,
0x1ef7ef6c,
0x8b088efe,
0x8e63576c,
0x416c8b05,
0x6c8b288e,
0x685b696b,
0xd1492b00,
0x42b269aa,
0x8e3a4a29,
0xa06c8b1b,
0x68682b80,
0x384a2169,
0x6c8b0d8e,
0x6829fbf1,
0x8e584b1d,
0x1a9a8207,
0xf303fa40,
0x612b481b,
0xfdd5f7ef,
0x8e196929,
0xef0c8b17,
0xe1fdc6f7,
0xef48136b,
0x8efdc2f7,
0x0a918206,
0x0c8b148e,
0x8b158ec3,
0x078eb80c,
0x6b780c8b,
0x6b88f121,
0x7078f121,
0x748a0a8e,
0x088e7050,
0x4b188181,
0x058e0f69,
0xfbfa208a,
0x4a0e6821,
0x69606923,
0x208a088e,
0x890d8e0b,
0x63fb995c,
0xf9681869,
0x8efa2af7,
0xf7f00804,
0xf7fbfba6,
0x2000f852,
0x048ebdb0,
0x60058e4c,
0x118e216b,
0xfc35008f,
0x48044904,
0xfd63f7ef,
0x448b128e,
0x18e90a8e,
0xfbeff7fa,
0x4f28068e,
0xe90e8efd,
0x8b088e18,
0x8e694b6c,
0xf56c8b06,
0x8b098ef8,
0x693c056c,
0x0a8e6963,
0x8ee66a8b,
0x96188107,
0x0e6821fb,
0x0e69604b,
0x21f8534a,
0x8e680030,
0x16b48208,
0xb2db4d0b,
0x4a81068e,
0x2001fb34,
0xf4c8f72c,
0x5081068e,
0x068ef9c2,
0x00fb3e38,
0x8ebdb020,
0x50488108,
0x81068e70,
0x068e40af,
0x8e0c0c8b,
0x600c8b07,
0x5ef7fa69,
0x3c230cff,
0x0c8b098e,
0xf8df4d3a,
0x8b0b8e20,
0x22fcef0c,
0x00462968,
0x364b3595,
0x0c8b058e,
0xfce6f7ef,
0x7c8a0a8e,
0x2e80fce0,
0x8e30d1f7,
0xda388a05,
0x8a0c8efc,
0x1180e07c,
0xef482b46,
0x8efccff7,
0xbe7c8a20,
0xec2d80fc,
0x058e1fd1,
0x1afcb844,
0x098e1f4a,
0x80a07c8a,
0xf7ef481d,
0x288efcae,
0xfc997c8a,
0xd1e82d80,
0x8e114b11,
0x117c8a05,
0x0248114b,
0x014b1193,
0x004b1193,
0xef4b1193,
0x0a8e89f7,
0x8e648081,
0x507c8a09,
0xaaf12170,
0xa4068e70,
0x8e70c30c,
0xd3748a06,
0x8a2a8e70,
0x2d480074,
0xa0200ce9,
0x8db004e3,
0x9f3010e2,
0x9f1010e5,
0x9f0010e5,
0xffbe28e5,
0xe00000fa,
0xbd8800e3,
0x217060e8,
0x2170e2f1,
0x8e7150f1,
0x05248b0a,
0x248b058e,
0x61fb6178,
0x623b4b32,
0x627b4b32,
0x62bb4b32,
0x62fb4b32,
0x633b4b32,
0x0a8e4b32,
0xf7fa3c8b,
0x0a8eff07,
0x8e7b248b,
0xbb248b05,
0x248b118e,
0x088e60fb,
0x62042c9c,
0x8e0cf8c7,
0x46248b0c,
0x001cf107,
0xfd4ef7fa,
0x248b068e,
0xf8d711fc,
0xf7fa3204,
0x0a8efe94,
0x8e05248b,
0x7b248b11,
0x01f7f060,
0x8b0c8efa,
0x058ebb24,
0x61b8248b,
0x248b068e,
0x490e048e,
0x8e61bc13,
0xb1248b08,
0xcdf1216b,
0x99f1216d,
0x8b068e6b,
0x216d6524,
0x216d55f1,
0x216d2df1,
0x216d01f1,
0x216cadf1,
0x217069f1,
0x0007b1f1,
0x0007b500,
0x0007b900,
0x0007bd00,
0x72646400,
0xdf81068e,
0x8b088e1a,
0x9a078e3d,
0x981a8e5a,
0x178e731d,
0x73251b98,
0x25535144,
0x9a0f8e64,
0x0f8e3311,
0x8e38208b,
0x39118b0e,
0x682f0073,
0x2f656d6f,
0x3074766e,
0x37333233,
0x6f72702f,
0x7463656a,
0x3039362f,
0x636f6c2f,
0x6c5f6c61,
0x6564616f,
0x736e2f72,
0x30323230,
0x0f088e31,
0x8e62694c,
0x735f0404,
0x522f6372,
0x74657365,
0x81068e2f,
0x642f4dfc,
0x048e7264,
0x81058e04,
0x0e8e2f47,
0x632e5681,
0x20732500,
0x203a6425,
0x6b616577,
0x28732520,
0x058e0a29,
0xf7fa4a8b,
0x8b058e15,
0x83b5f046,
0x1c008eb0,
0xaf022400,
0xb94869bd,
0x0c01f04f,
0xc026f845,
0xf7fa9400,
0x068ef9c7,
0x453ce583,
0xf64026f8,
0xad068ee7,
0x058e8866,
0xf7f066ad,
0x088efed3,
0x460466ad,
0xf8d56a3d,
0xad098e88,
0xc3f7f960,
0x10048ef8,
0xf7f06818,
0x682ef972,
0xb2e3221f,
0xf8d53403,
0x49320088,
0xf8316800,
0xf7f01016,
0x048ef915,
0x8e210a22,
0xf87c2404,
0xf44f2304,
0xfb947105,
0x048ef4f3,
0xe4340516,
0x50eb04b2,
0x1c048e06,
0x4a058e6e,
0xf2404680,
0xed078e15,
0x64f7f03a,
0xf0fbb8f8,
0x56f240f0,
0x481a3651,
0x7ff06646,
0xf0b2d202,
0x058e73f7,
0x52068e2a,
0x0c058e53,
0x0454048e,
0x8e0450eb,
0x8e4a1204,
0x8e061205,
0x40804808,
0x40f7f046,
0x058eb6f8,
0x24515748,
0x6446401a,
0x4f48078e,
0x3c81078e,
0xffc5f7f8,
0x530a088e,
0xf00a078e,
0x8ef8cef7,
0x007aae06,
0x217534bf,
0x8e6911f1,
0x88028206,
0x03460d1c,
0x040080eb,
0x012d001d,
0x042500da,
0x04f854e0,
0x072e016d,
0x163501d0,
0x0c380468,
0x0342b446,
0x07241fdb,
0xed3d01e0,
0x04f850e7,
0x01f1bccf,
0x01d02e0f,
0x81eb033c,
0x011b6603,
0x05eba136,
0xa4685809,
0x010801eb,
0x98d10528,
0x02280168,
0x0168dbd1,
0x01d0022b,
0xc4f8c223,
0xef480e31,
0x29fa64f7,
0xef480c46,
0x21fa60f7,
0xef480a46,
0x31fa5cf7,
0xef480846,
0x49fa58f7,
0xef480646,
0x41fa54f7,
0xef480446,
0x8efa50f7,
0x78f38107,
0x00e7c334,
0x8e7548bf,
0xef249b0a,
0x8efa42f7,
0x4c388f08,
0xb0f12175,
0x058e84b5,
0x8e091a8b,
0x8832d407,
0x91f7fa00,
0x112309fc,
0xbcf8c549,
0x224b1131,
0x00240068,
0x10481091,
0x12f8334d,
0x23f7ef30,
0x284621fa,
0xef340146,
0x20fa1ef7,
0x0bd1f82c,
0x0c4a0c4b,
0x0c930249,
0x01480d4b,
0x004b0d93,
0xef4b0d93,
0x8efa10f7,
0x0cf58107,
0x7c8c058e,
0xf1217534,
0x068e7552,
0x1c8e24ad,
0xe92d5cd5,
0x232041f0,
0xad058e04,
0x63460d40,
0x00230162,
0x60f8df26,
0x0b8ea380,
0x646632c6,
0x64200940,
0xf8d5682a,
0xf8383088,
0x68181012,
0xff5df7ef,
0x001ff000,
0x636080a8,
0x63e663a6,
0x88aa682b,
0xf8384808,
0xf7ef1013,
0x6b61f9cc,
0xf7ef4806,
0x6ba1f9c8,
0xf7ef4805,
0x83068ec4,
0x8e817ce7,
0xc908ca06,
0x7ca7088e,
0x27f12175,
0x7e048e4b,
0x7d20f5ad,
0x26012400,
0xc2058e05,
0xc780ac04,
0xc70088f8,
0x21308cf8,
0x90f8c74b,
0xc74b2030,
0xc740a8f8,
0x1f3094f8,
0x98f8c74b,
0xc74b1e30,
0x058e9cf8,
0x1d30a006,
0x08a7058e,
0xac06048e,
0x6af7fa30,
0x3b603cfc,
0x052b0368,
0x072000dd,
0x068e20f5,
0xd7816689,
0x062088f8,
0x52f303fa,
0x74f8c768,
0x7cf8c742,
0x93692a22,
0x42d10d43,
0x2c8a058e,
0xf7fa008c,
0x4628fab8,
0xf8d7683a,
0xf8d7126c,
0xf7fa3274,
0x683bfbfe,
0x603b3301,
0x73f5e7d8,
0x7369f121,
0x7351f121,
0x72a9f121,
0x71a9f121,
0x7197f121,
0x716ff121,
0x7163f121,
0x753cf121,
0x077cf121,
0x077e077d,
0x7164077f,
0x8e65725f,
0x36a88106,
0x64372500,
0x332d2500,
0x26bc058e,
0x51447330,
0x4e45525f,
0x128e6425,
0x8e3230c0,
0x78818207,
0x9682088e,
0x08048e1b,
0x8181088e,
0x810c8e1c,
0x048e3081,
0x08088e04,
0x48ba088e,
0x8e08088e,
0x8e38ba08,
0x08680808,
0x8e04048e,
0x0a8e0808,
0x830c8e44,
0x088e74ae,
0x048e28bb,
0x60108e08,
0xfc81068e,
0xff460474,
0x65f04f25,
0x28d9058e,
0x267faf02,
0xff49f7ef,
0xe681088e,
0xf2f7ef2c,
0x81068efe,
0xf7ef08e8,
0x068efe74,
0xef2ce681,
0x058e6ff7,
0xef21290a,
0x048e6af7,
0x8e80230a,
0x8edd2a05,
0x40fd8309,
0x8ed7f7ef,
0x02db8409,
0x8ed1f7ef,
0x656c9c05,
0x098e09f0,
0x098ec854,
0x098e4a54,
0x098e4554,
0x0b8e4054,
0x0b8eb354,
0x0b8ead54,
0x058ea754,
0x0b8e3b54,
0x058e9e54,
0x54048e40,
0x54098e20,
0x54098e1b,
0x540b8e16,
0x540b8e89,
0x540b8e83,
0xf44ffe7d,
0xf72c7016,
0x0a8ef010,
0x8e737e81,
0x8ef55609,
0x22fc8307,
0x8ef0f7ef,
0x048e0a05,
0x048eeb56,
0x56078e0a,
0x560b8e5e,
0x560b8e58,
0x2001fe52,
0xf7e6f72b,
0xa984088e,
0x49f7ef78,
0x184620fe,
0xcb54058e,
0x8e231cfd,
0x36fc8306,
0x3500e9cd,
0xf7ef4623,
0x8e1bfebd,
0x8e291205,
0x8eb41209,
0x2c3a810b,
0x26640b8e,
0x20640b8e,
0xb464058e,
0x17640b8e,
0x84068efe,
0xf7ef5caa,
0x4623fd99,
0xf864078e,
0x95019000,
0xfe8bf7ef,
0x2912068e,
0x8012048e,
0x8212048e,
0xfa640b8e,
0x640a8efd,
0x84098ef4,
0xf7ef1edc,
0x048efdee,
0x0b8e8264,
0x20fde564,
0x058e2846,
0x63fd6764,
0x48810f8e,
0x8e62fe59,
0x5048810f,
0xc8640b8e,
0xc2640b8e,
0xbc640b8e,
0x5064058e,
0xb3640b8e,
0x204620fd,
0x3564058e,
0x0f8e61fd,
0x60fe2764,
0x1e640f8e,
0x96640b8e,
0x90640b8e,
0x8a640b8e,
0x1e64058e,
0x81640b8e,
0x104620fd,
0x0364058e,
0x0f8e1afd,
0x19fdf564,
0xec640f8e,
0x74830b8e,
0x640b8e64,
0xe0840a8e,
0x58f7ef00,
0xec64058e,
0x640a8ef6,
0x4620fd4f,
0x64058e08,
0x8e18fcd1,
0xfdc3640f,
0x640f8e17,
0x640b8eba,
0x640b8e32,
0x640b8e2c,
0x64058e26,
0x640b8eba,
0x84078e1d,
0xf7ef0a82,
0x8e16fc9f,
0xfd91640f,
0x640f8e15,
0x640b8e88,
0x640b8e00,
0x84098efa,
0xf7ef5cde,
0x048efcf4,
0x0b8e8864,
0x8efceb64,
0x6d3a8708,
0x86088efc,
0x058e6810,
0xef21290a,
0x078e63f7,
0x8e3a9f83,
0x8ed62a04,
0x0ade8507,
0xd00c048e,
0xca540b8e,
0x5e54058e,
0x85088ef6,
0x61a148d5,
0x8ec0f7ef,
0x08e08509,
0xb90e048e,
0x0a8e0bfc,
0x078e0084,
0xef4c8284,
0x098e35f7,
0x098e3070,
0x0b8e2b70,
0x0b8e9e70,
0x0b8e9870,
0x058e9270,
0x0b8e2670,
0xfc894481,
0x1c86088e,
0x108efc0b,
0xfcfd1c86,
0x8e324623,
0x961c860a,
0x8ef4f7ef,
0x048e5807,
0x0b8e6c70,
0x0b8e6670,
0x0b8e6070,
0x058e5a70,
0x8ef5ee70,
0x8e51700a,
0xfbd37009,
0xc570108e,
0xbc70118e,
0x34700b8e,
0x2e700b8e,
0x28700b8e,
0x22700b8e,
0xb670058e,
0x19700b8e,
0x9b70098e,
0x8d70118e,
0x8470118e,
0x8e64078e,
0x8efc7004,
0x34df8507,
0xf646048e,
0xdc85078e,
0x0c048e54,
0x84098ef0,
0xf7ef22df,
0x048efbea,
0x20f57e70,
0x79f7f846,
0x9a088efa,
0x83088e76,
0x460d1aa9,
0x461e4690,
0xf7efaf02,
0x088efc27,
0xef42dc84,
0x078ed0f7,
0xef18e084,
0x078e52f7,
0xef18e084,
0x078e4df7,
0xef18e084,
0x0b8e48f7,
0x098ebb5e,
0xef10dd84,
0x0b8eb5f7,
0x058eaf18,
0x8ef54376,
0x68838508,
0x8ea6f7ef,
0x8e285409,
0x8e235409,
0x8e1e5409,
0x8e913c0b,
0x8e8b540b,
0x8e85180b,
0xf5195405,
0x8685088e,
0x03f7ef76,
0x85088efb,
0xf7ef7686,
0x088efafd,
0xef768685,
0x058ef7f7,
0x058ea10c,
0x40faf10c,
0x4053abf6,
0x40429d22,
0xd80117f6,
0xc82340bf,
0x8e2300bf,
0xfb5d1a04,
0x97830a8e,
0x56f7ef50,
0x9c85078e,
0x8e011758,
0xfb4f0e04,
0x97830a8e,
0x48f7ef50,
0xdc7a058e,
0x84068ef4,
0xf7ef14e0,
0x8e05faad,
0x0ce08407,
0xfaa7f7ef,
0x030ff000,
0x1207f3c5,
0x81058e00,
0x8efece26,
0x2c74810a,
0xdf84078e,
0x8e25ff58,
0x088e3404,
0x8ea87681,
0x0cdf8407,
0x8ea3f7ef,
0x74de8409,
0x8e16f7ef,
0x1076810b,
0x76810b8e,
0xf44ffb0a,
0xf72b60fa,
0x0a8ef49d,
0x8e002083,
0xf7ef5807,
0x56098e82,
0x56098e7d,
0x560b8e78,
0x84098eeb,
0xf7ef62df,
0x180b8ee5,
0x2002fadf,
0xf473f72b,
0xe484088e,
0xd6f7ef6e,
0xe084078e,
0x58f7ef36,
0x84068efa,
0xf7ef6ae4,
0x088efa53,
0xef48f084,
0x0b8ec6f7,
0x0b8ec03e,
0x0b8eba56,
0x01fab418,
0x48f72b20,
0xab560b8e,
0x2d56098e,
0x84068efa,
0xf7ef48f0,
0x2315fa28,
0x9084068e,
0x89088e14,
0x0b8e1a5c,
0x8e927081,
0x8e8c5c0b,
0x8e865c0b,
0x8e1a5c05,
0x8e7d5c0b,
0xf9ff5c09,
0xf084068e,
0xfaf7ef48,
0x0f8e17f9,
0x0b8eec5c,
0x0b8e6444,
0x0b8e5e5c,
0x058e5818,
0x8ef3ec5c,
0x8e4f5c0a,
0xf9d15c09,
0xf084068e,
0xccf7ef48,
0x0f8e19f9,
0x0b8ebe5c,
0x0b8e3644,
0x0b8e305c,
0x058e2a18,
0x0b8ebe5c,
0x098e215c,
0x8ef9a35c,
0x48f08406,
0xf99ef7ef,
0x5c0f8e1b,
0xe3840a8e,
0x08f7ef76,
0x025c0b8e,
0xfc180b8e,
0x5c048ef9,
0x5c0b8e90,
0x088ef9f3,
0x8ef9755c,
0x14f08406,
0xf970f7ef,
0x0f00f1b8,
0x821df040,
0x640f8e1e,
0x85078e5e,
0x058e7ee2,
0x098e008c,
0xef7abc84,
0x8ef9d0f7,
0xf9008c0b,
0x25ff2001,
0xf35df72b,
0x32890a8e,
0x261df9c0,
0x688b088e,
0x4620f941,
0x212a220e,
0x085ff04f,
0xf93af7ef,
0x4289068e,
0x95019600,
0xf7ef2129,
0x620b8e2d,
0x620b8ea5,
0x620b8e9f,
0x81058e99,
0x0b8e2d46,
0x8ef99060,
0xf9125e08,
0x8e164620,
0x0d468c05,
0x90108ef9,
0x078eff3e,
0x8e46df85,
0x8e773204,
0x8e715c0b,
0x8e6b5c0b,
0xf2ff5c05,
0x088e4620,
0xf7ef4cf7,
0x0a8ef961,
0x098e5b6a,
0x8ef8dd6a,
0xef488106,
0x8ef8d8f7,
0xcb44810e,
0x43680b8e,
0x3d680b8e,
0x37680b8e,
0xfd2001f9,
0xcaf72b26,
0x078ec0f2,
0x8e10db85,
0xf92c6a04,
0x6a098e06,
0x068ef926,
0xef008f84,
0x20f8a8f7,
0x058ef046,
0x078ea36a,
0xef44fd81,
0x098e9ef7,
0xef2cfd81,
0x0b8e11f7,
0x0b8e0b64,
0x058e0564,
0xf2994c81,
0xfc540a8e,
0x854620f8,
0x7e54058e,
0x104620f8,
0x7954058e,
0x7454098e,
0xe7540b8e,
0xfe81098e,
0xe1f7ef18,
0xff81098e,
0xdbf7ef74,
0x54048ef8,
0x0c8ef26f,
0xf8d15e8f,
0xef840a8e,
0xcaf7ef00,
0xf74620f8,
0x8eff5cf7,
0xc134820a,
0xff81078e,
0x43f7ef0e,
0x0d4620f8,
0x3e76058e,
0x20462af8,
0x8e23c046,
0x068e7804,
0x8e00e085,
0x8eab7806,
0x8ea5780b,
0xf89f780b,
0x25f02001,
0x8e32f72b,
0x66ff8109,
0x8e95f7ef,
0x42818207,
0x8e17f7ef,
0x66ff8107,
0x8e12f7ef,
0x0d4e8109,
0x80560b8e,
0x7a560b8e,
0x74560b8e,
0x4e81058e,
0x8e23f208,
0x48dd8207,
0x9501220f,
0x61a6f240,
0xf8e9f7ef,
0x0114048e,
0x00250f95,
0x84068e96,
0xf7ef16ed,
0x83078edf,
0xa3f24068,
0x96088e61,
0x098ed55a,
0xf2407c83,
0x048e61a1,
0x078ecc12,
0x8e44a385,
0x43188c06,
0xd762058e,
0x85088ef1,
0x01171ee0,
0x8e39f7ef,
0x12828607,
0x3222068e,
0xc622058e,
0x8c068ef1,
0x97f7ee2c,
0x078e06ff,
0xf7ee2c8c,
0xea00ff91,
0xf3c60305,
0x46201207,
0xf7ef2101,
0x2302fbb8,
0x212c462a,
0xf7ef2000,
0x2200f816,
0x4610212b,
0xff98f7ee,
0x8e2a2200,
0xff930a05,
0x8e292200,
0x008e0a05,
0x64048eff,
0x81058e18,
0x8ef80172,
0x000e8806,
0xfbf7ee20,
0xee18098e,
0x0afff5f7,
0x2286058e,
0xef0c048e,
0x83068eff,
0x71f7ee24,
0x2a0a058e,
0x6cf7ee21,
0x9484078e,
0x67f7ee16,
0xe085078e,
0x2a048e1a,
0x85078eda,
0x048e42e0,
0x098ed40c,
0xee74fa84,
0x01ffcef7,
0x62f72b20,
0x9f068ef1,
0x058e322a,
0xf7ee3888,
0xe5e5ff4a,
0x4614b598,
0xb911af00,
0xf8b7f7ff,
0x2300bd98,
0x461a4621,
0xfbd6f7ff,
0x0a8ebd98,
0x98f8aa1a,
0x212201bd,
0xcaf7ff46,
0x8ebd98fb,
0x64b38108,
0x3c9e088e,
0x830b8e04,
0x048e68e1,
0x81088e1c,
0x088e14b4,
0x048e6c9e,
0x0b8e0528,
0x8e20c083,
0x1ce2830c,
0x8e04048e,
0x088e3c08,
0x8e08a582,
0x8e68da08,
0x048e3404,
0x3c088e04,
0xe7820c8e,
0x83088e10,
0x048e4ce2,
0x81088e04,
0x9f088e08,
0x9f088e54,
0x140c8e04,
0x64b30c8e,
0x8128818e,
0x0e8e74a0,
0xf7f824b2,
0x4803ffa3,
0x8ed2f7ee,
0x3666bd09,
0xbe0c8e95,
0x61f7f808,
0xc220058e,
0x8e200d8e,
0xee18a608,
0x8ef8b6f7,
0xc918a608,
0xa6068e94,
0x18680b30,
0xef6a1968,
0x8efc5ff7,
0x1ee58206,
0xfff4f7ff,
0x078ebd80,
0xaf5eac84,
0xf8d7689b,
0xfb03c030,
0xf8dc2000,
0xf8dc1000,
0xf8dc3030,
0xe9d12034,
0x688d4800,
0x3002fb10,
0x3044f8dc,
0x6a4eb280,
0x694d607d,
0x8e834798,
0x2a8d8409,
0xfe91f7ee,
0x84098e81,
0xf7ee2a8d,
0x6038fe8a,
0x8e84088e,
0x83f7ee32,
0x204682fe,
0xeeb2ed46,
0xa6fed6f7,
0x8581098e,
0x1a048e74,
0x0a8efe7d,
0xee688e84,
0x8efe76f7,
0x688e840a,
0xa1058eee,
0x6ef7f772,
0x41b11dfd,
0x0a048e46,
0x4620fe04,
0x4641465b,
0xf7ff687a,
0x1c058eac,
0x8ebefcf3,
0x08948109,
0x5632048e,
0x4c088efe,
0xf7ee683b,
0x4620fe4f,
0x81078e53,
0xf7ee0a8c,
0x32058e48,
0x048efd47,
0x8efe5728,
0x12a1820a,
0x60fc068e,
0x46064688,
0x21112200,
0x0000f8d8,
0xf7f9af04,
0x2311fa7a,
0xa0f0f8df,
0xf8c62550,
0xf8d831bc,
0xf8d84030,
0x68b63034,
0x46a11c62,
0xfb05492a,
0x48292503,
0xf7ee435e,
0x45a9f806,
0xf8dfdb2b,
0x46a1b0c8,
0x0a0af04f,
0xf7ed4825,
0x4924fffc,
0xf7ed4822,
0x45a9fff8,
0xf8dfdb28,
0xf04fa0b0,
0x481e090a,
0xffeff7ed,
0x481b491f,
0xffebf7ed,
0xdb2442ac,
0x4a1d4b1d,
0x9302491e,
0x481e4b1e,
0x4b1e9301,
0x4b1e9300,
0x8eddf7ed,
0x1f7eff0b,
0xd8f089fa,
0x983044f8,
0x50460147,
0xed44b146,
0xc6ffcef7,
0x66ff078e,
0x9211fb0a,
0xc512048e,
0xd8e7cbff,
0x501038f8,
0x34436146,
0xb1310544,
0xedf1f9fb,
0xcdffbaf7,
0xcfbf00e7,
0x058e2194,
0x13b37883,
0x94e3f121,
0x94f7f121,
0x38fb0a8e,
0x10b3088e,
0xb30b8e61,
0x2194d910,
0x2194edf1,
0x8e9501f1,
0x8468c506,
0x5e98058e,
0xaf04684a,
0x8008f8d0,
0xf3002a07,
0x260f80cd,
0x688b6808,
0xbf082b02,
0x46312610,
0xf9e5f7f9,
0x61bcf8c4,
0x4e62686b,
0x31c0f8c4,
0x0300e9d5,
0x0243eb06,
0x78516840,
0x2013f816,
0x4433009b,
0xf0402800,
0x691b80a0,
0xf7ed485b,
0x686bff6e,
0x048e485a,
0xb24b5922,
0x192050f8,
0x64f7ed46,
0x5c682bff,
0x402c0068,
0x6b808ff0,
0xa1f24068,
0x43eb0662,
0x50f8b303,
0x04429330,
0xa4f240d0,
0x40429362,
0xdf8082f0,
0x4f917cf8,
0x940a40f0,
0x48f1fafb,
0x02444446,
0x46f7ed31,
0xc0f5b4ff,
0x47dbf57f,
0xed240048,
0x6bff3ff7,
0xdf484568,
0x8e9158f8,
0x4b416204,
0x8e60f8b2,
0xff336205,
0x42626929,
0x023ff002,
0x81078e04,
0x048e6681,
0x89435940,
0x25f7ed0b,
0xee42058e,
0x058e36db,
0x6bff1e42,
0x06483668,
0x310643eb,
0x70f8b64b,
0x8e4e3420,
0x8e134004,
0x8e304011,
0xf3c14005,
0xf7ed1187,
0x42058e04,
0x4e29dbed,
0x058e2400,
0x27fe0084,
0x2749224a,
0xf7f7ed48,
0x810a8efe,
0x068e18b6,
0x443c8281,
0xecf7ed44,
0x30048efe,
0x4b20dbf1,
0x49214a20,
0x4b219302,
0x93014821,
0x93004b21,
0xf7ed4b21,
0x68abfedd,
0xd1052b02,
0x4a204b1f,
0x48214920,
0xfed4f7ed,
0xe0122000,
0xe75e6b1b,
0xf8df2400,
0x0c8e9078,
0xf7ed0482,
0x4e058ec5,
0x8e7ddbf6,
0x409f8206,
0x12c7058e,
0xf12193e0,
0xf121950a,
0x0a8e9519,
0x3174b681,
0x48f12195,
0xdb068e95,
0x21956100,
0x8e9575f1,
0xf738ad1e,
0x84068e94,
0x2194cf34,
0x8e957ff1,
0x1083810d,
0x04230841,
0x28b6058e,
0xbe058e0b,
0x66460d18,
0x28f8c462,
0xf41b8e80,
0x682a8102,
0x45426852,
0x068ed13c,
0x61d050f2,
0x54f20e8e,
0x682b211e,
0x68186ae6,
0xfbe2f7ee,
0x6cab61e8,
0x6b2b4798,
0xf1c36b6a,
0x44030301,
0xf3f2fbb3,
0x8e93220a,
0x3322b906,
0xfbb06361,
0x2600f1f2,
0x63e363a6,
0x068e69eb,
0x480f60f1,
0xf7edb292,
0x6b61fe41,
0xf7ed480d,
0x6be1fe3d,
0xf7ed480c,
0x6ba1fe39,
0xf7ed480b,
0x068efe35,
0x148e1eae,
0xe7c036f3,
0x9590bf00,
0x34d60e8e,
0x1088068e,
0x4606461d,
0xf44f468b,
0x681b718a,
0x603aaf00,
0xe9d3227f,
0x46204a00,
0xfc1df7ee,
0x0a8e60f8,
0xfc163289,
0x890b8eb8,
0x2bfc0f68,
0x8e607868,
0xf730b408,
0x2bfbabf7,
0xa36a5b68,
0x72890d8e,
0x0c8efc04,
0xfbfd7289,
0x72890c8e,
0x4620fbf6,
0x81ccf8df,
0x8e42f7ee,
0xee4a9f09,
0x078eebf7,
0xb2f6769e,
0x8e6cf7ee,
0xee789e07,
0x078e67f7,
0xf7ee789e,
0x9a098e62,
0xd5f7ee7a,
0x029d098e,
0x8ecff7ee,
0xfbc9180b,
0xf72a2001,
0x686bf55d,
0x4620221f,
0x0143eb08,
0xf8b14633,
0xf7ee1050,
0x682bfbbc,
0xb1b3685b,
0xf46f686b,
0xeb0862d4,
0xf8b80843,
0x44133050,
0xd80c2b05,
0xf003e8df,
0x8d930b96,
0x8e33030b,
0x38b38307,
0x4e058e5f,
0x068efba2,
0xee2c9482,
0x00fb0af7,
0x8e027ff0,
0x8e810e04,
0xfb1c7405,
0x4e432001,
0xf528f72a,
0x2300686a,
0xf8df4620,
0xeb068104,
0xf8180182,
0xf8b12022,
0xf7ee1080,
0x686afb84,
0x036bea4f,
0xf0034620,
0xeb060380,
0x22800142,
0x1060f8b1,
0xfb77f7ee,
0xfa5f686b,
0x4620f28b,
0x0088068e,
0xf7ee1070,
0x6869faf4,
0x2021f858,
0x44880089,
0xf8d8440e,
0x8eb60020,
0x54ba810b,
0xb2db4620,
0xfb5bf7ee,
0x81078e69,
0x20b2d204,
0xdaf7ee46,
0x2a2001fa,
0x20f4e7f7,
0x4ff7f746,
0xab682afa,
0x342b0268,
0x204651d1,
0x3b689246,
0x8ef7ff68,
0x83058e00,
0x078ebb16,
0x20629181,
0xee68fb46,
0x8efb39f7,
0xbb148308,
0x32f7ee68,
0x078e20fb,
0x687b388c,
0xfb2bf7ee,
0x2a4a048e,
0x5c048efa,
0x0a8efb3a,
0x8e4c9181,
0xfd148208,
0x33e77421,
0x70220f46,
0xf706058e,
0x6a068ee7,
0xfb4df7ff,
0xbf00e7ca,
0xf12193e0,
0x068e84bc,
0xaf00508a,
0x46884616,
0x46112540,
0x46996a3c,
0x689a4682,
0xfb7bf7f8,
0xf5f5fb90,
0x8e504631,
0xf82ee605,
0x43fb73f7,
0x03692642,
0xfe82098e,
0x2342582a,
0x5b434668,
0x7309b668,
0x116862b9,
0x42eb034b,
0xa1f24003,
0x8a068e62,
0x078e0320,
0xd100208a,
0x68a33502,
0xd10d2b02,
0x6c636be2,
0x0028f832,
0x46024798,
0x068e4623,
0x9530cf82,
0x81068efe,
0x462376a0,
0x8ef52200,
0x8e148107,
0x1c9d8306,
0x68934614,
0xd1222b02,
0x250a6bd2,
0x2038048e,
0x01479800,
0x114a1046,
0x98f7ed48,
0x106be3fc,
0x26f85348,
0x8e4b0c20,
0xed62fc08,
0xa1fc8df7,
0x086be36b,
0x048e0a4a,
0x4359301a,
0xf1f5fbb1,
0xfc82f7ed,
0x7adb088e,
0xfc7cf7ed,
0x068ee7f8,
0x8e1424b6,
0xb55cfc0b,
0x548c068e,
0x058e894f,
0x688b58e7,
0xf8dfaf00,
0x4e9f82a8,
0xbf082b02,
0xbf182315,
0x62832301,
0x62c32308,
0xf8402330,
0x148e3f24,
0x682350e3,
0x2aba068e,
0xfab3f7ee,
0x46486863,
0x0283eb08,
0x1023f836,
0x2040f892,
0xfa51f7ee,
0xc004f8d4,
0x038ceb08,
0x6e196c1a,
0xc582068e,
0x8b41086c,
0x2cf83640,
0xa0b2db10,
0x85464862,
0x45f7ee4e,
0x9b3a058e,
0x03eb0800,
0xb3443302,
0x9210a0f8,
0xee2080f8,
0x61fa32f7,
0x88008968,
0xd8443144,
0xb120a0f8,
0x1010a0f8,
0xd862e041,
0x8e0080f8,
0x4808e308,
0x6c84058e,
0x4648fa25,
0xfa37f7ee,
0x0ec0f106,
0xe8be46bc,
0xe3058e0f,
0x0fe8ac02,
0x0fe89e00,
0x0fe88c00,
0x81058e00,
0x68638026,
0x81068e07,
0x48395289,
0x9484098e,
0x20f1071c,
0x02464002,
0x040383eb,
0x130210f1,
0xed1c20f8,
0x81ff6cf7,
0xea280046,
0x336923d1,
0x5d6823b9,
0xda686148,
0xed612268,
0x21fbdaf7,
0x308e058e,
0x4640fbd6,
0xfa3bf7ee,
0x8e406863,
0x50168607,
0x4ff7ee10,
0x8e6863f9,
0x12878106,
0x6016088e,
0x44f7ee10,
0x836863f9,
0x4f464046,
0x0b0b4bea,
0x8e7b80f4,
0x3746860a,
0x4b6823f9,
0xa00000ea,
0x62018061,
0x23685969,
0x63290069,
0xa1f240d1,
0x0668616c,
0xb10141eb,
0x611050f8,
0x84058e45,
0x45616c4c,
0xeb00d156,
0xfbb00053,
0xf102f0f3,
0x3b026380,
0x1383eb00,
0xf2fafb93,
0x3312fb0a,
0x63eb636a,
0x2b0268a3,
0x211ed15c,
0xf7ee4640,
0x61e0f90a,
0x47986ca3,
0xc03cf8d4,
0xf8dc4680,
0x42833000,
0x1a1bd33d,
0xe040f8d4,
0x21012000,
0xdb384571,
0x686363a8,
0x48286962,
0x4081088e,
0xfb6bf7ed,
0x8e256863,
0xa3668e05,
0x70f8b669,
0x60f8b620,
0x60f7ed10,
0x5a048efb,
0x220ad10a,
0xfbb8481f,
0x69e3f1f2,
0x8211fb02,
0xb292b289,
0xfb52f7ed,
0x481b6b69,
0xfb4ef7ed,
0x481a6be9,
0xfb4af7ed,
0x48196ba9,
0xfb46f7ed,
0x078ee74e,
0x03f32e81,
0xaa1382eb,
0xc01ac3e7,
0x21f85ce7,
0x07459020,
0x08eba2d8,
0x01429a02,
0x134608da,
0xb8310146,
0x02eba8e7,
0x00e7f602,
0xaa469022,
0x00e7b463,
0x219480bf,
0x2193e0f1,
0x8e95bbf1,
0x9e74e206,
0xe7f121af,
0x8ef12195,
0xbc148c10,
0x81068e84,
0xaf0038e9,
0x8e1e680b,
0x0b7e9105,
0x0ad12f46,
0xa169607f,
0xe6f7ff69,
0x164630fc,
0x68f7ee4d,
0xa36861f9,
0x81eb056a,
0x926e1002,
0x832040f8,
0x8e481140,
0x0ce58206,
0xf7ee4630,
0x6862f908,
0x6aa34630,
0x44150092,
0xef058ed5,
0xdb490b32,
0x954411b2,
0x058e80f8,
0xf7ee7084,
0x048ef8f7,
0xf8f90928,
0x8efdb5f7,
0x58f88106,
0xbf00e7ce,
0x8e7c048e,
0x4e288108,
0xadb5f04b,
0x044d3cf2,
0x4caf0046,
0x3b4d4d48,
0x7c4b4d65,
0xc765f860,
0x4b0250f8,
0x7b60f948,
0xc74b4b65,
0x4a5244f8,
0x54f8c74d,
0x3a484a02,
0x4965bb61,
0x49663b4b,
0x58f8c74b,
0x7b484902,
0x480a058e,
0xbb4d4852,
0xc74b4866,
0x48025cf8,
0x4866fb48,
0xc7673b4b,
0xc7524cf8,
0x633264f8,
0x60f8c768,
0x01b94302,
0x15290139,
0x434a42d8,
0xed484349,
0xfefa93f7,
0x2d2b01e7,
0x7b2364d1,
0xbb230463,
0xfb230b63,
0x3b4b3e63,
0x7b231564,
0xfb4b3d64,
0xbb4b3d64,
0x5af7f864,
0x0168fbfd,
0x7bd1272b,
0x071d3968,
0x347011f5,
0xc7685b4a,
0x003434f8,
0xc760bb23,
0xf8342cf8,
0x20fbb3f7,
0xd768ba46,
0xd71424f8,
0xf910058e,
0x072000fc,
0xbd473cf2,
0x96bdf046,
0x06637b23,
0xfb63bb23,
0x078e2b63,
0xfb4b2a5a,
0xd14b2a64,
0x004e22e7,
0xba60bd25,
0xe72a0768,
0x8e687bdc,
0x52385404,
0x3240f8c7,
0x40d3693b,
0xd50d07db,
0xd2058e32,
0xf800503a,
0x078e83f7,
0xd7123060,
0xf83238f8,
0xbbfcc9f7,
0xbb330168,
0x00e7e060,
0x8e8f01bf,
0xc54cc606,
0xadf1218a,
0x9bf12188,
0x8df12186,
0xf121008e,
0xf1218795,
0xf1218681,
0xf1218dfd,
0xf1218691,
0x068e8649,
0x866904e3,
0x08e3068e,
0xf1218625,
0xf12191bd,
0xf1219614,
0x068e94c0,
0x7c188b81,
0x03f12185,
0x9a81078e,
0x2185d06c,
0x078e45f1,
0x18689181,
0x0e17141b,
0x0a0d0c13,
0x0209040b,
0x3b010003,
0x48f12196,
0x5ff12196,
0x77f12196,
0x7ff12196,
0x8cf12196,
0xa0f12196,
0xa9f12196,
0xb2f12196,
0x9604048e,
0x96b5f121,
0x96c2f121,
0x96d5f121,
0x96e8f121,
0x96f5f121,
0x9708f121,
0x06a8f121,
0x06a606a7,
0x06a406a5,
0x06a206a3,
0x05ab06a1,
0x05a505a9,
0x05a305a7,
0x059f059d,
0x05aa059b,
0x05a405a8,
0x05a205a6,
0x059e059c,
0x0869059a,
0x048e0000,
0xbd108e04,
0x08088e24,
0x048e0024,
0x08088e04,
0x8e10108e,
0x30808106,
0x9f0b8e08,
0x83088e4c,
0x088e6885,
0x6354bf81,
0x098e646d,
0x300e8081,
0x524d0073,
0x068e3231,
0x078e66fd,
0x20289c83,
0xfe068e20,
0x29414304,
0xd3058e25,
0x2525641b,
0x56140b8e,
0x2ffb088e,
0x4d430020,
0x64255b44,
0x5d64253a,
0x0a732520,
0x47bf058e,
0x3ebf118e,
0x5fbf078e,
0x59e3108e,
0x17138e36,
0x3430058e,
0x2fe30d8e,
0x34362f31,
0x29495520,
0x252d058e,
0x7330322d,
0x3681068e,
0x8e05058e,
0x0a8e0505,
0x616335e2,
0x24fd128e,
0xfd098e32,
0x30332d24,
0xfe0a8e73,
0x7072673f,
0x8e5f6425,
0x8e29fe09,
0x8e39fe14,
0x048e5708,
0x098e7b12,
0x8e2c3a81,
0x0fb38207,
0x2e81068e,
0x6aca098e,
0xe283078e,
0x8e444d21,
0x8e63fe06,
0x3ad88107,
0x34524444,
0x544f4e5f,
0x5055535f,
0x54524f50,
0x30474200,
0x2c36412c,
0x412c3041,
0x434e0038,
0x4e455428,
0x434e2c29,
0x31474228,
0x37412c29,
0x3331412c,
0x2c344100,
0x522c3241,
0x2c4e5341,
0x2c304142,
0x2c4e4557,
0x4e534143,
0x31314100,
0x54444f2c,
0x31534300,
0x4333048e,
0x2931454b,
0x32314100,
0x2c33412c,
0x2c303141,
0x412c3541,
0x39412c31,
0x54434100,
0x313b048e,
0x30534300,
0x454b432c,
0x434e0030,
0x52444400,
0x41435f42,
0x303a355b,
0x0d078e5d,
0x8e2c3153,
0x454b0906,
0x13088e31,
0x13098e30,
0x13048e30,
0x330c8e41,
0x33088e41,
0x33098e41,
0x8e13048e,
0x058e3305,
0x00003013,
0x46024b0c,
0xc783088e,
0x09240020,
0xdf46194e,
0x088028f8,
0x54f7ed48,
0x0242acf8,
0x81068edb,
0x463104d4,
0xf7ed4640,
0x3401f84b,
0x90078ef4,
0x21a1f464,
0x8ea1fff1,
0xee5ca10c,
0x80fbf1f7,
0x01b5f8bd,
0x048e0422,
0x680b254c,
0x2310681e,
0x62c26283,
0x3f24f840,
0x2499088e,
0x0940220f,
0x54a7058e,
0x65463064,
0xccf8c464,
0x2ff7ed51,
0x8e6360fe,
0x08b88406,
0xf7ed4630,
0xf3c0fe28,
0x63a01007,
0x8ef84628,
0x8720a205,
0x81227fb0,
0x058e8846,
0xaf021698,
0x68336bbe,
0x4628681d,
0xfe14f7ed,
0x1298088e,
0x0d0e048e,
0x98088efe,
0x0e048e12,
0x8e33fe06,
0xf612980b,
0x33fda2f7,
0x12980d8e,
0xfb24048e,
0x98088efd,
0x0e048e12,
0x088efdf4,
0x048e1298,
0x33fded0e,
0x89fa5f68,
0x81068ef9,
0x83e202a9,
0xf04f681c,
0xf8d30b5f,
0x4620a008,
0xfe2ff7ed,
0x2698088e,
0xfdd8f7ed,
0x2698068e,
0x8e5af7ed,
0x4cbe8507,
0x8e55f7ed,
0x30bd8407,
0x8e50f7ed,
0xed46bd09,
0x098ec3f7,
0xed0c9d85,
0x0b8ebdf7,
0x01fdb718,
0x4bf72920,
0xb5088ef7,
0xaef7ed7c,
0x3054098e,
0x2b54098e,
0x2654098e,
0x993c0b8e,
0x93540b8e,
0x8d180b8e,
0x2154058e,
0xb7088ef7,
0x0bf7ed70,
0xb7088efd,
0x05f7ed70,
0xa30c058e,
0xff0c058e,
0xbe85098e,
0xf9f7ed66,
0xb7068efc,
0x8e459a70,
0x5f70b70e,
0xedfa88fa,
0x0b8e63f7,
0xed6abe85,
0x0b8e5cf7,
0xed6abe85,
0x0b8e55f7,
0xed6abe85,
0x01fd4ef7,
0xfff04f20,
0xe0f72908,
0x52464bf6,
0x058e0046,
0xf8df3e99,
0x62810a8e,
0x85078e3d,
0xf7ed00a1,
0x85078ebf,
0xf7ed3abd,
0x85078eba,
0xf7ed0c9e,
0xbb098eb5,
0x28f7ed74,
0x62810b8e,
0x810b8e22,
0x4ffd1c62,
0x2960faf4,
0x098eaff7,
0xed3abd85,
0x098e12f7,
0x098e9456,
0x098e8f56,
0x0b8e8a56,
0x098efd56,
0xed629e85,
0x0b8ef7f7,
0x02fcf118,
0x85f72920,
0xb4088ef6,
0xe8f7ed16,
0xc084078e,
0x6af7ed68,
0xb7068efc,
0x65f7ed5c,
0xb7088efc,
0xd8f7ed5c,
0xd23e0b8e,
0xcc560b8e,
0xc6180b8e,
0x292001fc,
0x0b8e5af7,
0x098ebd56,
0x8efc3f56,
0xed5cb706,
0x15fc3af7,
0xa3850d8e,
0x0b8eed00,
0xf7ed04c2,
0x5c0b8ea4,
0x5c0b8e9e,
0x5c058e98,
0x5c0b8e2c,
0x5c098e8f,
0x068efc11,
0xf7ed5cb7,
0x8e17fc0c,
0x8efe5c0f,
0x8e76440b,
0x8e705c0b,
0x8e6a180b,
0xf5fe5c05,
0x615c0a8e,
0xe35c098e,
0xb7068efb,
0xdef7ed5c,
0x0f8e19fb,
0xc20a8e5c,
0x48f7ed04,
0x425c0b8e,
0x3c180b8e,
0xd05c058e,
0x335c0b8e,
0xb55c098e,
0xb7068efb,
0xb0f7ed5c,
0x0f8e1bfb,
0x0b8ea25c,
0x0b8e1a44,
0x0b8e145c,
0x058e0e18,
0x0b8ea25c,
0x098e055c,
0x8efb875c,
0xed5cb706,
0x8efb82f7,
0x28a7850e,
0x8e74f7ed,
0x8eec440b,
0xed529f09,
0x098ee6f7,
0xf7ed529f,
0x048efbe0,
0x0b8e745c,
0x078ed75c,
0xf7ed52bc,
0x068efb59,
0xed28a785,
0x8efb54f7,
0x28a7850e,
0x8e46f7ed,
0x8ebe5c0b,
0x8eb85c0b,
0x8eb25c0b,
0x8e465c05,
0x8ea95c0b,
0xfb2b5c09,
0xa785068e,
0x26f7ed28,
0x850e8efb,
0xf7ed28a7,
0x5c0b8e18,
0x5c0b8e90,
0x5c0b8e8a,
0x5c058e84,
0x088ef518,
0xed10a585,
0x8efb7bf7,
0x64a58506,
0xfafdf7ed,
0xa585068e,
0xf8f7ed64,
0x0abe078e,
0x8ef3f7ed,
0xed2cba09,
0x0b8e66f7,
0x0b8e6054,
0x058e5a54,
0x8ef4ee54,
0xfb51540a,
0xa585068e,
0xd3f7ed64,
0x85068efa,
0xf7ed64a5,
0x54098ece,
0x540b8ec9,
0x540b8e3c,
0x540b8e36,
0x54058e30,
0x0a8ef4c4,
0xed56a585,
0x8efb26f7,
0xed56b60a,
0x20fb1ff7,
0xb1f7f646,
0xa385098e,
0x16f7ed6e,
0x2682098e,
0xbf078e98,
0x93f7ed00,
0x058e42fa,
0x048e54b6,
0x0b8e060c,
0x0b8e0060,
0x0b8efa78,
0xfaf41081,
0xf04f2001,
0xf72908f0,
0xc0098e86,
0xe9f7ed2e,
0x8b088efa,
0x078e6b0a,
0xf7ed2ec0,
0x81098e66,
0x0b8e6150,
0x098ed440,
0x058e68bc,
0x098e7281,
0x01fac818,
0x5cf72920,
0x85068ef4,
0x8ea652a3,
0x28a38506,
0x04f8cdb0,
0x3cf7ed80,
0x8e23fdfb,
0x68a38509,
0x4f3800e9,
0x23080ff0,
0x0482058e,
0xa385068e,
0x0d8ea356,
0xfdfb252e,
0x85098e23,
0x078e6ca3,
0xfb1b7a83,
0x62b60a8e,
0x8e92f7ed,
0xf4266c05,
0xdc830a8e,
0x88f7ed56,
0xe285078e,
0x22068e1e,
0x22058e81,
0x8e4bf415,
0x5cdc8307,
0xfe14f7ed,
0x8e422302,
0xed48b605,
0x058e72f7,
0x46105ebe,
0xf9f4f7ed,
0x48b6068e,
0xf9eff7ed,
0x48b6068e,
0x8eeaf7ed,
0x1850ba05,
0xed212c46,
0x078e5df7,
0x048e6e81,
0x058e5736,
0x18068e62,
0x8e0afa51,
0x048e4e05,
0x078e4b5a,
0xf7ed2cbf,
0x4e058ecd,
0x0e82058e,
0x8e4e058e,
0x8e0e8e05,
0xed1ebb09,
0x00c00b8e,
0x8e30f7ed,
0xed76bd09,
0x00c0058e,
0xf3bef729,
0xa40b8e33,
0xfb462838,
0x1df7ed68,
0x8f088efa,
0xed68bb3a,
0x28fa16f7,
0x38a4098e,
0xfa0ff7ed,
0xf7f64628,
0x4628f90e,
0xfa1ef7ed,
0xdc820b8e,
0x1308ea4a,
0x6690068e,
0xf0034628,
0xf7ed03f0,
0x048ef9fa,
0xf3008e60,
0xca84068e,
0x068eed02,
0x8e689d81,
0x12ca8409,
0x8e71f7ed,
0xf37e2005,
0x84078e4b,
0x048e14c9,
0x058ee014,
0x64f37414,
0x7ca5098e,
0x5c16048e,
0x6916058e,
0x936833f3,
0xfe0007e8,
0xa4fa0bf7,
0x82b580e7,
0x004603b0,
0x02910022,
0x006959af,
0x98f7ff69,
0xbd2000fb,
0xf0bd8046,
0x0bb085b5,
0x00460546,
0x18211222,
0xf7af0468,
0x12fdfef7,
0x4f240023,
0x070c03f0,
0xbcf8c522,
0x6bf24031,
0x024b0e71,
0x0e480e94,
0x4093034e,
0xcd0305f6,
0x043c00e9,
0x89f7ec23,
0x9c682bfb,
0x09db0642,
0x83f7ec48,
0xb1068efb,
0x21bdf034,
0xec463046,
0x01fb7bf7,
0x078eef34,
0xa2042093,
0x38ac068e,
0xf12113b3,
0xb5806953,
0x4283af00,
0x6913d111,
0x0383eb02,
0x10e0f8d3,
0xd1072901,
0x10e4f8d3,
0xd1032901,
0x30e8f8d3,
0x1cdc0a8e,
0xbd802000,
0x4b210000,
0x5156f240,
0xb0feb5b0,
0x24004605,
0x6800af00,
0x607b603d,
0x60bb4b1d,
0x623c4b1d,
0x41ecf8c7,
0x4b1b60fb,
0x4b1b613b,
0x4b1b617b,
0x068e61bb,
0x7b6ca383,
0xc7686b62,
0xed31f4f8,
0x01f8b9f7,
0xec481846,
0x3bfb31f7,
0x57f24068,
0xed681851,
0x01f8aff7,
0xec481446,
0xf7fb27f7,
0x39fdfff7,
0x384a1246,
0x64f7f71d,
0xe4f8d7fc,
0x22462811,
0xecf8d746,
0xaaf7f731,
0x074620fd,
0x8e77fcf5,
0x6d74db06,
0x91f12197,
0x1df121a0,
0x01f12197,
0xbbf121a1,
0x5df12197,
0x9c068e97,
0x21a0772c,
0x21a225f1,
0x21a234f1,
0x21a1e8f1,
0x667874f1,
0x8e6f6669,
0x322b9a07,
0x25783073,
0x58fa068e,
0x068e3231,
0x337a9781,
0x99088e78,
0x0e0d8e7d,
0x3031250a,
0x3521048e,
0x0c8e3635,
0x35469a81,
0x0a8e3735,
0x82098e0f,
0x068e08d2,
0xcc1eed81,
0xdf4d3800,
0x8190f4f8,
0xdf68006a,
0x0380f0f8,
0x078e81eb,
0xed0aed81,
0x8ef8cff7,
0x0acd8106,
0x4e3000cc,
0xcd81088e,
0x1e088e0c,
0xf7ed2500,
0x6822f8bf,
0xf8596963,
0xf8581022,
0x59490022,
0xf856408b,
0x5d421022,
0x048eb2db,
0x045b4934,
0xed680035,
0x24f8acf7,
0x8ed1ea2d,
0x8e1f4a08,
0x72cd810b,
0x068e3038,
0x098e9b68,
0x810c8e68,
0x088e72cd,
0x23f88c1e,
0x1c048e68,
0x0a8e4911,
0x1112ee81,
0xec1023f8,
0x8eff24f7,
0x8e0c1a06,
0x6be21a09,
0x171a068e,
0xccf8d4ff,
0xf5681830,
0xbdff6ff7,
0xe883f8e8,
0x48f12133,
0x00f12134,
0x58f1212a,
0x40f12134,
0x28f1212a,
0x38f12134,
0x810a8e34,
0x30cc40ee,
0x68184d41,
0xf8a5f7ed,
0xee810a8e,
0xa36b2340,
0xe36ae363,
0x64f7ff63,
0x3a6821ff,
0x8e69e34a,
0x088e7004,
0x8e3742ed,
0xed42ed0b,
0x21f838f7,
0x234a3368,
0x22088e6a,
0xf7058e31,
0x0d8e3142,
0x21f82624,
0x234a2d68,
0x24088e6c,
0x24058e2b,
0x8c83088e,
0x24068e2e,
0x6821f814,
0x8e634a27,
0x8e252409,
0x8e252405,
0xf802240d,
0x4a216821,
0x6c098e63,
0x24058e1f,
0x240b8e1f,
0x8ef0f7ec,
0xa336fe05,
0x8e48098e,
0xec38fe12,
0x078edef7,
0xf7ec2882,
0xf7f7ffee,
0xfe058e9a,
0x2134980a,
0x213478f1,
0x213488f1,
0x2134a8f1,
0x2134c8f1,
0x2134b8f1,
0x212a60f1,
0x212a80f1,
0x212a70f1,
0x212a90f1,
0x212ab0f1,
0x212aa0f1,
0x2134d8f1,
0x2134f8f1,
0x2134e8f1,
0x212ac0f1,
0x212ae0f1,
0x098ed0f1,
0x8e78ef81,
0x6a195e04,
0xfd48f7ed,
0xa183088e,
0x1daf0034,
0x81469246,
0x3c468846,
0x7e048e6a,
0x5c99088e,
0x8e34f7f5,
0x400e8105,
0xec681826,
0x1dffe2f7,
0xaa46514b,
0x00681868,
0xf79002fb,
0x90f808f7,
0x51f0f6fb,
0x48616046,
0xf768aa46,
0x16f800f7,
0x8e42434a,
0x0066ad0c,
0x1061a021,
0xea68ab68,
0x03fb0068,
0xeff7f680,
0x32048eff,
0x63a02100,
0x68ea4640,
0xffe7f7f6,
0xc2810e8e,
0x2063e044,
0x78f7ff46,
0x82088efe,
0x078e6d02,
0xb05ace81,
0xf0f12135,
0xb5068e2a,
0x84461628,
0x80460cb0,
0x27210046,
0xa325404a,
0x10af0468,
0x078ee268,
0xe4ffbf60,
0xf5fb9068,
0xf4fb98f5,
0x13fb04f3,
0xb8435c83,
0x100f00f1,
0xd66832d1,
0x1c30ccf8,
0x9b1d1148,
0x1900db6a,
0x50441a44,
0x502022f8,
0x183021f8,
0xec481849,
0x01f90df7,
0x20d1212d,
0x14d1192c,
0x1148154a,
0x04f7ec46,
0x32048ef9,
0x48134910,
0x68336a9a,
0x94019400,
0xeb039102,
0x4a100382,
0x3023f852,
0xf7ec462a,
0x088ef8f3,
0x286a9281,
0x06d1032c,
0x11480a4a,
0x04e7e246,
0xec480949,
0xdff8e5f7,
0x8e2af0e7,
0x2b5c8506,
0x68f12072,
0x9df121ae,
0xb9f121ae,
0x14f121ae,
0xa8f1212b,
0xb4f121ae,
0x59f121ae,
0xbb068e4b,
0x06460d12,
0x4f210346,
0x8e0940f0,
0x60f18106,
0x681c00cc,
0xfb22f7f7,
0x48522303,
0x81078ec6,
0xf7ec5ef1,
0x494ff8ba,
0x7880f504,
0xf7ec484f,
0x494cf8b4,
0xf7ec484e,
0x4e4df8b0,
0x484d682b,
0xa17cf8df,
0x3023f856,
0xf7ec6819,
0x682bf8a6,
0x048e484a,
0x1946260e,
0x9ef7ec6a,
0x474941f8,
0x9af7ec48,
0x474546f8,
0x264845db,
0x94f7ec46,
0x3c6829f8,
0x444a434b,
0x44f8df48,
0x85058e91,
0xf7ec460c,
0x4546f889,
0x8e3ddb3d,
0xf8832205,
0x30ccf8d5,
0x483d493d,
0x682b6a9a,
0x90f8f8df,
0x0282eb03,
0xf8514b2f,
0x2c058e22,
0x4546f873,
0x682adb36,
0x3526048e,
0x9b4d3649,
0x0248366a,
0x260283eb,
0x6222098e,
0x354544f8,
0x324b31db,
0x0249324a,
0x0b8e3293,
0xec4ef181,
0x088e54f7,
0x96873e82,
0x50f1f9fb,
0xec360846,
0xaef84af7,
0x726929e7,
0x14bb058e,
0xbb098e06,
0x59360854,
0xec0b8943,
0xb0f83bf7,
0xc11e178e,
0xec1187f3,
0xb6f82bf7,
0xf181138e,
0x1ff7ec32,
0xb0e7bbf8,
0xe7f12135,
0x83068eae,
0x21aef50c,
0x8eaf05f1,
0x117c8806,
0x5af121af,
0x5af12155,
0x8d068e6b,
0x2135b44c,
0x21af25f1,
0x2135c4f1,
0x21af3ef1,
0x8e35e4f1,
0x575cba06,
0xba1e8eaf,
0x8eaf1f58,
0x58bd810a,
0xb2058e87,
0x810b8e0c,
0x503a00ba,
0x82088e46,
0xf8d11c9b,
0x685b30cc,
0x4997b943,
0x600a2204,
0x600b4997,
0x600a4997,
0x60134a97,
0x46212320,
0x0024f105,
0x929cf8df,
0x62ab626b,
0x4e922308,
0x632b62eb,
0x34b2098e,
0xb981078e,
0x80f8df70,
0x6a642882,
0x3cb2058e,
0x31d0f8c5,
0x11d4f8c5,
0x31d8f8c5,
0x21dcf8c5,
0x3686088e,
0x6821fe0e,
0x190c048e,
0x182021f8,
0x058e3668,
0xfdac5688,
0x497f6823,
0x2023f858,
0x4a7e4110,
0xf8d461e0,
0x810b8ecc,
0xf7ec6492,
0x6821fd9c,
0x81078e79,
0x62205284,
0x0021f858,
0x81078e59,
0xf8df669e,
0x068e9210,
0x4e721cb7,
0x048e4083,
0xdfb2db38,
0x8e8200f8,
0xfd883604,
0x776a128e,
0x686823fd,
0x676a078e,
0x8e64204a,
0xfd676a10,
0x8e626821,
0x64606a07,
0xb06a0e8e,
0x6a068e81,
0x6a098e5b,
0x5532048e,
0x1866078e,
0x44660b8e,
0x536821fd,
0x2046048e,
0x62604110,
0x62fa078e,
0x46068e00,
0x46078e6c,
0x460d8e4c,
0x46138e32,
0x6821fd21,
0x46078e43,
0x0c8e64a0,
0x8e4e3f46,
0x7e97810a,
0x1142088e,
0x82088efd,
0xebfd2162,
0x10f1046a,
0xd5682102,
0x7b8030f8,
0x18048e61,
0x1021f816,
0x3489058e,
0x7f2800fa,
0x23af03f4,
0x2eb93b69,
0x1a048e48,
0xf381068e,
0xdaf7eb1e,
0x2b6921fe,
0xd6f7eb48,
0x8e058efe,
0xf8df2024,
0x088e90c8,
0x3906ba81,
0x248e058e,
0x048efc4d,
0x1ff00030,
0x10f8c700,
0x0f60e090,
0x3a685a49,
0x984a0fb1,
0xfff100b1,
0x00f8c23c,
0x0a1cc2c0,
0x90680a60,
0x09d20442,
0xfa68114a,
0x42428860,
0x174a17d2,
0xeb481849,
0xfefeaaf7,
0x046010e7,
0x34e7ed22,
0x8a068e2b,
0x21360430,
0x2135b0f1,
0x0b8e98f1,
0x34a8348c,
0x348c068e,
0x2c8c088e,
0x068e2a90,
0x34d82c8c,
0x288c068e,
0x8f078ec0,
0x21567c10,
0x8eaf77f1,
0x3cb98106,
0x068eae3c,
0x8e8824ae,
0x70088d07,
0x8c068e2a,
0x8e34e87c,
0xe8588c06,
0x22f12133,
0x60f8df68,
0x39681892,
0xec1022f8,
0x4ffbe8f7,
0x8e0a40ea,
0x0a0c9006,
0x8e7a80f4,
0x7a0e9008,
0x058e324a,
0xfbd86a81,
0x81078e4a,
0x8ecc38f4,
0x38f4810b,
0x1c058e16,
0x60a0fa1e,
0x0234f104,
0x3083068e,
0x8e10486e,
0xc05a8207,
0xc74682f9,
0x009008f8,
0x53f47f28,
0x3b6b63ae,
0x098e68b9,
0x63626082,
0xfe2af7eb,
0x48656b61,
0x8e26f7eb,
0x63608207,
0x810a8e4e,
0x8e3600f6,
0xfb9d5a05,
0xf0004b5f,
0x607e001f,
0x681b6320,
0xd2054298,
0xb1b0f8df,
0x3000f8db,
0x590c048e,
0x5a49594a,
0x06f7eb48,
0x22e7fefe,
0x577c058e,
0x94f8df49,
0x31681891,
0x5481058e,
0x6822fb7e,
0x048e0046,
0x80f40618,
0x22f83976,
0x1681058e,
0x4306fb73,
0x6881068e,
0x4e4b62a6,
0x6881088e,
0x8e124a41,
0xf9b87205,
0x62e068fb,
0x681968e2,
0x1a526b23,
0xeb0168a1,
0xf8db1182,
0x81078e00,
0x697b0ef6,
0xf2f3fb91,
0x1112fb03,
0xfb90636a,
0x2302f2f8,
0x0012fb08,
0xfb9863aa,
0x63e9f8f3,
0xdb014540,
0x63aa3201,
0x3972048e,
0x098e3569,
0xe256ba81,
0x23f85168,
0xb2f7eb10,
0x1085058e,
0x8e306879,
0x40f6810b,
0x068e6b22,
0x078ea41c,
0x481e6e85,
0x8e636a9a,
0x50027604,
0xb82022f8,
0x21f85068,
0xeb482510,
0x21fd94f7,
0x236aa368,
0x21f85948,
0x21f85620,
0x8bf7eb10,
0x204e058e,
0x81088e49,
0x03827abb,
0x68078ea2,
0x1a058e7e,
0x8e1c491b,
0x6a02810a,
0x711a068e,
0x176b69fd,
0x6df7eb48,
0x166be9fd,
0x69f7eb48,
0x156ba9fd,
0x65f7eb48,
0xc4e584fd,
0x93068e35,
0x21337654,
0x8eaf88f1,
0x340c8e06,
0x840e8e2b,
0x212af450,
0x21af9af1,
0x21afbff1,
0x21afe5f1,
0x8eb016f1,
0x48748a06,
0x8e068eb0,
0x078e6e28,
0xd714f781,
0x34b7078e,
0x90078eb4,
0x8e2b0408,
0x24f7810a,
0x81138e33,
0x8ed424f7,
0xd802f205,
0x7ef1058e,
0x06058edc,
0xf1058ee0,
0x058ee47e,
0x058ee806,
0x8eec7ef1,
0x30f00605,
0xf8c74b1c,
0xf7f630f4,
0xf8c7ffe5,
0x686b50d0,
0x62bcf8c7,
0xf8c7692a,
0x810c8ec4,
0x071d24f7,
0x7c00d4f1,
0x3cf7f660,
0xfc068efe,
0xd712b424,
0xf632bcf8,
0x8eff82f7,
0x3324fc0a,
0xf781098e,
0x21a80d24,
0x21a63df1,
0x8ea56df1,
0xc120b506,
0xadf121a4,
0x810a8ea4,
0xa3550898,
0xae57f121,
0x6477f121,
0x82068e71,
0x8e325ff7,
0x8e04b306,
0x30b3810f,
0x8e1b0c8e,
0x0cf7810c,
0x0d8e4955,
0x202055b2,
0xf7810a8e,
0x190d8e44,
0x3725000a,
0x51445773,
0x73372553,
0x8e0b048e,
0x8e46b205,
0x386cb206,
0x34250073,
0x3d495573,
0x44206425,
0x0c8e4c4c,
0x8e3d13fc,
0x54ec8408,
0x3d19048e,
0x78323025,
0x00733325,
0x2f514457,
0x8e4b048e,
0x74b18107,
0x8e303031,
0x068e5a04,
0x000a19b3,
0x8e363225,
0x49550f05,
0x0d8e0020,
0x0044b381,
0x64323025,
0x250a0020,
0x168e3433,
0x8e29f881,
0x088e1810,
0x0a24f881,
0x8e323325,
0x3fb38119,
0x058e7334,
0x0d8e2082,
0x078e21b3,
0x8e27fa82,
0x8e20120e,
0x7537b308,
0xb50e8e69,
0xb3098e09,
0x7164772b,
0x26258e73,
0x8e25098e,
0x0a8e6104,
0x178e4781,
0x0d8e02b4,
0x32288e57,
0x6431098e,
0x0e8e6c6c,
0x168e7281,
0x270c8e58,
0x6bff0e8e,
0x04000000,
0x00e59f10,
0x01e59110,
0x04e1a0f0,
0x16f01101,
0x11f10200,
0x6fee111f,
0x01f57ff0,
0x11e38100,
0x058e010f,
0xa000000c,
0x400f4ee3,
0x0c048eec,
0x068e1f11,
0x02001314,
0x9f0130f1,
0xa01024e5,
0x801000e3,
0x9f1128e5,
0x910000e5,
0x500000e5,
0x000021e3,
0x9f01140a,
0x078e36e5,
0x078e341c,
0x078e7708,
0x078e6608,
0x078e6908,
0x8e10ec08,
0x00013c06,
0xfffbe350,
0x00d80aff,
0x2c098e9f,
0x08078e61,
0x08078e72,
0x100f8e6d,
0x08078e73,
0x08078e74,
0xe3a02003,
0x8e0c2f50,
0x03248105,
0x94e320f0,
0x00e59f00,
0x01e59010,
0x058e8110,
0x9f008820,
0x088ef0e5,
0xe320f02c,
0xe10f0000,
0xe38000c0,
0xe129f000,
0xe59f0070,
0x1c078e01,
0x38098e5c,
0x10058ec1,
0xe59f4058,
0xee0e4f10,
0x500f8e54,
0xee114f10,
0xe3c44005,
0xe3c44a01,
0xee014f10,
0xec554f1f,
0xe3c44040,
0xec454f1f,
0x8e844040,
0x8e240805,
0x00608107,
0x00e1a0f0,
0x2874058e,
0x110108f0,
0xf02000f0,
0xf02004ff,
0xf01280ff,
0xb71b00ff,
0xe6000000,
0x110104ff,
0x1c4a0df0,
0x4fb59021,
0x004470f0,
0x04ea00af,
0xcb320103,
0x24390440,
0x09b2db09,
0x01f8022b,
0x37bf883c,
0x30bf9833,
0x04f11133,
0x10048e0f,
0x4801d1ec,
0xbf00bd90,
0x01000284,
0x00783020,
0x45000a0d,
0x203a003a,
0x00202000,
0x4e550a0d,
0x214b4f5a,
0x034fff00,
0x3e1001d5,
0x7ff821d5,
0x7ef82192,
0x7df82192,
0x7cf82192,
0x73f82192,
0x1e100192,
0x033fdfd5,
0x000ea0d5,
0x40000158,
0x1b1021b9,
0x00802453,
0x00010111,
0x000e4334,
0x04006158,
0x0080608b,
0x00c3e291,
0x00440232,
0x00003fb8,
0xffffc1eb,
0x000da054,
0x80000258,
0x00000212,
0x000d80b9,
0x058e0158,
0x0d8e0124,
0x0b8e0024,
0x000ce024,
0x00001f58,
0x3800b3b9,
0x401e73d5,
0x00027fd3,
0x000540f1,
0x00096054,
0x78058e18,
0x01320000,
0x00b90000,
0x8e10048e,
0xb9001405,
0x180008e1,
0x52800542,
0xb9000022,
0x180008a4,
0xb9400084,
0x7100009f,
0x54ffffa0,
0xf100067f,
0x54000100,
0xf1000a7f,
0x08048e80,
0x00f1000e,
0x62540002,
0x30068e04,
0x17fffffe,
0x18000723,
0x52800022,
0xb9000062,
0x068e0642,
0x1f008018,
0x8e0683d6,
0x8e62180a,
0x05e3180b,
0x82180a8e,
0x41180b8e,
0x42180005,
0x10068e00,
0x18000441,
0x068e0822,
0x8e0a420c,
0x8e620806,
0x8ec21007,
0x088e3407,
0x8e03243c,
0xc434810e,
0x100e8e02,
0x100f8e64,
0x38078e22,
0x068e01e1,
0x01c40881,
0xf920058e,
0x0881088e,
0x3584088e,
0xdd058ef0,
0x0cf0135f,
0x14f01101,
0x18f01101,
0x1cf01101,
0x058e1101,
0x10145984,
0x0100ffe4,
0x23058e11,
0x8ef01004,
0x75c58406,
0x08068e18,
0x078e1180,
0x078e1410,
0x20088e10,
0x8e18088e,
0x0038de06,
0x00000000,
0x00000000,
0x00000000,
0x00000000,
0x00000000,
0x00000000,
0x00000000,
0x00000000,
0x00000000,
0x00000000,
0x00000000,
0x00000000,
0x00000000,
0x00000000,
0x00000000,
0x00000000,
0x00000000,
0x00000000,
0x00000000,
0x00000000,
0x00000000,
0x00000000,
0x00000000,
0x00000000,
0x00000000,
0x00000000,
0x00000000,
0x00000000,
0x00000000,
0x00000000,
0x00000000,
0x00000000,
0x00000000,
0x00000000,
0x00000000,
0x00000000,
0x00000000,
0x00000000,
0x00000000,
0x00000000,
0x00000000,
0x00000000,
0x00000000,
0x00000000,
0x00000000,
0x00000000,
0x00000000,
0x00000000,
0x00000000,
0x00000000,
0x00000000,
0x00000000,
0x00000000,
0x00000000,
0x00000000,
0x00000000,
0x00000000,
0x00000000,
0x00000000,
0x00000000,
0x00000000,
0x00000000,
0x00000000,
0x00000000,
0x00000000,
0x00000000,
0x00000000,
0x00000000,
0x00000000,
0x00000000,
0x00000000,
0x00000000,
0x00000000,
0x00000000,
0x00000000,
0x00000000,
0x00000000,
0x00000000,
0x00000000,
0x00000000,
0x00000000,
0x00000000,
0x00000000,
0x00000000,
0x00000000,
0x00000000,
0x00000000,
0x00000000,
0x00000000,
0x00000000,
0x00000000,
0x00000000,
0x00000000,
0x00000000,
0x00000000,
0x00000000,
0x00000000,
0x00000000,
0x00000000,
0x00000000,
0x00000000,
0x00000000,
0x00000000,
0x00000000,
0x00000000,
0x00000000,
0x00000000,
0x00000000,
0x00000000,
0x00000000,
0x00000000,
0x00000000,
0x00000000,
0x00000000,
0x00000000,
0x00000000,
0x00000000,
0x00000000,
0x00000000,
0x00000000,
0x00000000,
0x00000000,
0x00000000,
0x00000000,
0x00000000,
0x00000000,
0x00000000,
0x00000000,
0x00000000,
0x00000000,
0x00000000,
0x00000000,
0x00000000,
0x00000000,
0x00000000,
0x00000000,
0x00000000,
0x00000000,
0x00000000,
0x00000000,
0x00000000,
0x00000000,
0x00000000,
0x00000000,
0x00000000,
0x00000000,
0x00000000,
0x00000000,
0x00000000,
0x00000000,
0x00000000,
0x00000000,
0x00000000,
0x00000000,
0x00000000,
0x00000000,
0x00000000,
0x00000000,
0x00000000,
0x00000000,
0x00000000,
0x00000000,
0x00000000,
0x00000000,
0x00000000,
0x00000000,
0x00000000,
0x00000000,
0x00000000,
0x00000000,
0x00000000,
0x00000000,
0x00000000,
0x00000000,
0x00000000,
0x00000000,
0x00000000,
0x00000000,
0x00000000,
0x00000000,
0x00000000,
0x00000000,
0x00000000,
0x00000000,
0x00000000,
0x00000000,
0x00000000,
0x00000000,
0x00000000,
0x00000000,
0x00000000,
0x00000000,
0x00000000,
0x00000000,
0x00000000,
0x00000000,
0x00000000,
0x00000000,
0x00000000,
0x00000000,
0x00000000,
0x00000000,
0x00000000,
0x00000000,
0x00000000,
0x00000000,
0x00000000,
0x00000000,
0x00000000,
0x00000000,
0x00000000,
0x00000000,
0x00000000,
0x00000000,
0x00000000,
0x00000000,
0x00000000,
0x00000000,
0x00000000,
0x00000000,
0x00000000,
0x00000000,
0x00000000,
0x00000000,
0x00000000,
0x00000000,
0x00000000,
0x00000000,
0x00000000,
0x00000000,
0x00000000,
0x00000000,
0x00000000,
0x00000000,
0x00000000,
0x00000000,
0x00000000,
0x00000000,
0x00000000,
0x00000000,
0x00000000,
0x00000000,
0x00000000,
0x00000000,
0x00000000,
0x00000000,
0x00000000,
0x00000000,
0x00000000,
0x00000000,
0x00000000,
0x00000000,
0x00000000,
0x00000000,
0x00000000,
0x00000000,
0x00000000,
0x00000000,
0x00000000,
0x00000000,
0x00000000,
0x00000000,
0x00000000,
0x00000000,
0x00000000,
0x00000000,
0x00000000,
0x00000000,
0x00000000,
0x00000000,
0x00000000,
0x00000000,
0x00000000,
0x00000000,
0x00000000,
0x00000000,
0x00000000,
0x00000000,
0x00000000,
0x00000000,
0x00000000,
0x00000000,
0x00000000,
0x00000000,
0x00000000,
0x00000000,
0x00000000,
0x00000000,
0x00000000,
0x00000000,
0x00000000,
0x00000000,
0x00000000,
0x00000000,
0x00000000,
0x00000000,
0x00000000,
0x00000000,
0x00000000,
0x00000000,
0x00000000,
0x00000000,
0x00000000,
0x00000000,
0x00000000,
0x00000000,
0x00000000,
0x00000000,
0x00000000,
0x00000000,
0x00000000,
0x00000000,
0x00000000,
0x00000000,
0x00000000,
0x00000000,
0x00000000,
0x00000000,
0x00000000,
0x00000000,
0x00000000,
0x00000000,
0x00000000,
0x00000000,
0x00000000,
0x00000000,
0x00000000,
0x00000000,
0x00000000,
0x00000000,
0x00000000,
0x00000000,
0x00000000,
0x00000000,
0x00000000,
0x00000000,
0x00000000,
0x00000000,
0x00000000,
0x00000000,
0x00000000,
0x00000000,
0x00000000,
0x00000000,
0x00000000,
0x00000000,
0x00000000,
0x00000000,
0x00000000,
0x00000000,
0x00000000,
0x00000000,
0x00000000,
0x00000000,
0x00000000,
0x00000000,
0x00000000,
0x00000000,
0x00000000,
0x00000000,
0x00000000,
0x00000000,
0x00000000,
0x00000000,
0x00000000,
0x00000000,
0x00000000,
0x00000000,
0x00000000,
0x00000000,
0x00000000,
0x00000000,
0x00000000,
0x00000000,
0x00000000,
0x00000000,
0x00000000,
0x00000000,
0x00000000,
0x00000000,
0x00000000,
0x00000000,
0x00000000,
0x00000000,
0x00000000,
0x00000000,
0x00000000,
0x00000000,
0x00000000,
0x00000000,
0x00000000,
0x00000000,
0x00000000,
0x00000000,
0x00000000,
0x00000000,
0x00000000,
0x00000000,
0x00000000,
0x00000000,
0x00000000,
0x00000000,
0x00000000,
0x00000000,
0x00000000,
0x00000000,
0x00000000,
0x00000000,
0x00000000,
0x00000000,
0x00000000,
0x00000000,
0x00000000,
0x00000000,
0x00000000,
0x00000000,
0x00000000,
0x00000000,
0x00000000,
0x00000000,
0x00000000,
0x00000000,
0x00000000,
0x00000000,
0x00000000,
0x00000000,
0x00000000,
0x00000000,
0x00000000,
0x00000000,
0x00000000,
0x00000000,
0x00000000,
0x00000000,
0x00000000,
0x00000000,
};
#endif