//Out type = 1
#ifndef _RANGESCAN_LPDDR4_
#define _RANGESCAN_LPDDR4_
//bin2byte_linux version : 2022-0516-1.0005
//Reading '../output/LD98530A.bin'...
//file size = 81920
//../output/LD98530A.bin to function = ddr_scan data width[4] total size[81920]
//DR[2022-6-6-8]:LD[3.1.0]
unsigned int ddr_scan[] = {
0xf0e00028,
0xf0e00000,
0x00002a10,
0xe0800500,
0xf0e00070,
0x0000dab8,
0x00016199,
0x00016380,
0x00000000,
0x00014000,
0xea000282,
0xffffffff,
0x9f69aa55,
0xf0000004,
0x13040006,
0xf0001000,
0xf15800b0,
0x00000028,
0xf1020010,
0x00000002,
0xf15800b0,
0x00000034,
0xf05800b0,
0x01100003,
0xf1290000,
0x0000003e,
0x00012eb8,
0x00000000,
0x48210000,
0x31004d93,
0x00008332,
0x00020000,
0x00000000,
0x00000000,
0xc0000000,
0x00000001,
0xffffffff,
0xffffffff,
0xffffffff,
0xffffffff,
0xffffffff,
0xffffffff,
0xffffffff,
0xffffffff,
0xffffffff,
0xffffffff,
0xffffffff,
0xffffffff,
0xffffffff,
0xffffffff,
0xffffffff,
0xffffffff,
0xffffffff,
0xffffffff,
0xffffffff,
0xffffffff,
0xffffffff,
0xffffffff,
0xffffffff,
0xffffffff,
0xffffffff,
0xffffffff,
0xffffffff,
0xffffffff,
0xffffffff,
0xffffffff,
0xffffffff,
0xffffffff,
0xffffffff,
0xffffffff,
0xffffffff,
0xffffffff,
0xffffffff,
0xffffffff,
0xffffffff,
0xffffffff,
0xffffffff,
0xffffffff,
0xffffffff,
0xffffffff,
0xffffffff,
0xffffffff,
0xffffffff,
0xffffffff,
0xffffffff,
0xffffffff,
0xffffffff,
0xffffffff,
0xffffffff,
0xffffffff,
0xffffffff,
0xffffffff,
0xffffffff,
0xffffffff,
0xffffffff,
0xffffffff,
0xffffffff,
0xffffffff,
0xffffffff,
0xffffffff,
0xffffffff,
0xffffffff,
0xffffffff,
0xffffffff,
0xffffffff,
0xffffffff,
0xffffffff,
0xffffffff,
0xffffffff,
0xffffffff,
0xffffffff,
0xffffffff,
0xffffffff,
0xffffffff,
0xffffffff,
0xffffffff,
0xffffffff,
0xffffffff,
0xffffffff,
0xffffffff,
0xffffffff,
0xffffffff,
0xffffffff,
0xffffffff,
0xffffffff,
0xffffffff,
0xffffffff,
0xffffffff,
0xffffffff,
0xffffffff,
0xffffffff,
0xffffffff,
0xffffffff,
0xffffffff,
0xffffffff,
0xffffffff,
0xffffffff,
0xffffffff,
0xffffffff,
0xffffffff,
0xffffffff,
0xffffffff,
0xffffffff,
0xffffffff,
0xffffffff,
0xffffffff,
0xffffffff,
0xffffffff,
0xffffffff,
0xffffffff,
0xffffffff,
0xffffffff,
0xffffffff,
0xffffffff,
0xffffffff,
0xffffffff,
0xffffffff,
0xffffffff,
0xffffffff,
0xffffffff,
0xffffffff,
0xffffffff,
0xffffffff,
0xffffffff,
0xffffffff,
0xffffffff,
0xffffffff,
0xffffffff,
0xffffffff,
0xffffffff,
0xffffffff,
0xffffffff,
0xffffffff,
0xffffffff,
0xffffffff,
0xffffffff,
0xffffffff,
0xffffffff,
0xffffffff,
0xffffffff,
0xffffffff,
0xffffffff,
0xffffffff,
0xffffffff,
0xffffffff,
0xffffffff,
0xffffffff,
0xffffffff,
0xffffffff,
0xffffffff,
0xffffffff,
0xffffffff,
0x00220614,
0x0042aaaa,
0xc1088020,
0x00001010,
0x00210044,
0x000c0098,
0x00480000,
0x4002061b,
0x00b4000e,
0x00009505,
0x0054002d,
0x00710008,
0x00040009,
0x00640046,
0x001e004d,
0x1b201a22,
0x00060630,
0x07101415,
0x00c0c00c,
0x0f04080f,
0x02040c0c,
0x02020007,
0x00000402,
0x00000000,
0x00000000,
0x1a020010,
0x0c100002,
0x00000136,
0xd3200018,
0x02800100,
0x0392820d,
0x00000404,
0x06000604,
0x00001000,
0x00000000,
0x00343400,
0x00343400,
0x40400000,
0x40400828,
0x40401030,
0x40400828,
0x18003818,
0x06085044,
0x160e0000,
0x0000001d,
0x01540000,
0x0371022d,
0x424a0b64,
0x14008000,
0x18000320,
0x0000161e,
0x00020000,
0x2020241c,
0x1c202020,
0x08181808,
0x00000000,
0x00000000,
0x00000000,
0x00000000,
0x00000000,
0x00000000,
0x00000000,
0x00000000,
0x00000000,
0x1b0c8000,
0x22010500,
0x80100f00,
0x0f979708,
0xb50b92d0,
0x0b92090d,
0x92090db5,
0x090db50b,
0x0db50b92,
0xb50b9209,
0x0db50b92,
0xb50b9209,
0x0b92090d,
0x92090db5,
0x090db50b,
0x01b50b92,
0x01010101,
0x00010101,
0x00000000,
0x00b50b92,
0x20090d80,
0x00b50b92,
0x20090d80,
0x00b50b92,
0x0b922080,
0x208000b5,
0x00b50b92,
0x20090d80,
0x00b50b92,
0x20090d80,
0x00b50b92,
0x0b922080,
0x208000b5,
0x02020202,
0x02020202,
0x01010101,
0x01010101,
0x01010101,
0x01010101,
0x01010101,
0x01010101,
0x01010101,
0x01010101,
0x01010101,
0x01010101,
0x01010101,
0x24240f80,
0x24242424,
0x24242424,
0x24242424,
0x00002424,
0x0007ff00,
0xff000000,
0x02200007,
0x22204c22,
0x80102280,
0x28383828,
0xffffffff,
0x00000000,
0xffffffff,
0xffffffff,
0xffffffff,
0xffffffff,
0xffffffff,
0xffffffff,
0xffffffff,
0xffffffff,
0xffffffff,
0xffffffff,
0xffffffff,
0xffffffff,
0xffffffff,
0xffffffff,
0xffffffff,
0xffffffff,
0xffffffff,
0xffffffff,
0xffffffff,
0xffffffff,
0xffffffff,
0xffffffff,
0xffffffff,
0xffffffff,
0xffffffff,
0xffffffff,
0xffffffff,
0xffffffff,
0xffffffff,
0xffffffff,
0xffffffff,
0xffffffff,
0xffffffff,
0xffffffff,
0xffffffff,
0xffffffff,
0xffffffff,
0xffffffff,
0xffffffff,
0xffffffff,
0xffffffff,
0xffffffff,
0xffffffff,
0xffffffff,
0xffffffff,
0xffffffff,
0xffffffff,
0xffffffff,
0xffffffff,
0xffffffff,
0xffffffff,
0xffffffff,
0xffffffff,
0xffffffff,
0xffffffff,
0xffffffff,
0xffffffff,
0xffffffff,
0xffffffff,
0xffffffff,
0xffffffff,
0xffffffff,
0xffffffff,
0xffffffff,
0xffffffff,
0xffffffff,
0xffffffff,
0xffffffff,
0xffffffff,
0xffffffff,
0xffffffff,
0xffffffff,
0xffffffff,
0xffffffff,
0xffffffff,
0xffffffff,
0xffffffff,
0xffffffff,
0xffffffff,
0xffffffff,
0xffffffff,
0xffffffff,
0xffffffff,
0xffffffff,
0xffffffff,
0xffffffff,
0xffffffff,
0xffffffff,
0xffffffff,
0xffffffff,
0xffffffff,
0xffffffff,
0xffffffff,
0xffffffff,
0xffffffff,
0xffffffff,
0xffffffff,
0xffffffff,
0xffffffff,
0xffffffff,
0xffffffff,
0xffffffff,
0xffffffff,
0xffffffff,
0xffffffff,
0xffffffff,
0xffffffff,
0xffffffff,
0xffffffff,
0xffffffff,
0xffffffff,
0xffffffff,
0xffffffff,
0xffffffff,
0xffffffff,
0xffffffff,
0xffffffff,
0xffffffff,
0xffffffff,
0xffffffff,
0xffffffff,
0xffffffff,
0xffffffff,
0xffffffff,
0xffffffff,
0xffffffff,
0xffffffff,
0xffffffff,
0xffffffff,
0xffffffff,
0xffffffff,
0xffffffff,
0xffffffff,
0xffffffff,
0xffffffff,
0xffffffff,
0xffffffff,
0xffffffff,
0xffffffff,
0xffffffff,
0xffffffff,
0xffffffff,
0xffffffff,
0xffffffff,
0xffffffff,
0xffffffff,
0xffffffff,
0xffffffff,
0xffffffff,
0xffffffff,
0xffffffff,
0xffffffff,
0xffffffff,
0xffffffff,
0xffffffff,
0xffffffff,
0xffffffff,
0xffffffff,
0xffffffff,
0xffffffff,
0xffffffff,
0xffffffff,
0xffffffff,
0xffffffff,
0xffffffff,
0xffffffff,
0xffffffff,
0xffffffff,
0xffffffff,
0xffffffff,
0xffffffff,
0xffffffff,
0xffffffff,
0xffffffff,
0xffffffff,
0xffffffff,
0xffffffff,
0xffffffff,
0xffffffff,
0xffffffff,
0xffffffff,
0xffffffff,
0xffffffff,
0xffffffff,
0xffffffff,
0xffffffff,
0xffffffff,
0xffffffff,
0xffffffff,
0xffffffff,
0xffffffff,
0xffffffff,
0xffffffff,
0xffffffff,
0xffffffff,
0xffffffff,
0xffffffff,
0xe59f1004,
0xe5911000,
0xe1a0f001,
0xf0090104,
0xf1020016,
0xee111f11,
0xf57ff06f,
0xe3810001,
0xee010f11,
0xf57ff06f,
0xe3a00000,
0xec400f4e,
0xf57ff06f,
0xee011f11,
0xf57ff06f,
0xf1020013,
0xe59f0130,
0xe3a01024,
0xe5801000,
0xe59f1128,
0xe5910000,
0xe3500000,
0x0a000021,
0xe59f0114,
0xe3a01036,
0xe5801000,
0xe3a01034,
0xe5801000,
0xe3a01077,
0xe5801000,
0xe3a01066,
0xe5801000,
0xe3a01069,
0xe5801000,
0xe59f10ec,
0xe5910000,
0xe3500001,
0x0afffffb,
0xe59f00d8,
0xe3a01077,
0xe5801000,
0xe3a01061,
0xe5801000,
0xe3a01072,
0xe5801000,
0xe3a0106d,
0xe5801000,
0xe3a01072,
0xe5801000,
0xe3a01073,
0xe5801000,
0xe3a01074,
0xe5801000,
0xe3a02003,
0xee0c2f50,
0xf57ff06f,
0xe320f003,
0xe59f0094,
0xe5901000,
0xe3811001,
0xe5801000,
0xe59f0088,
0xe3a010f0,
0xe5801000,
0xe320f003,
0xe10f0000,
0xe38000c0,
0xe129f000,
0xe59f0070,
0xe3a01001,
0xe5801000,
0xe59f005c,
0xe5901000,
0xe3c11001,
0xe5801000,
0xe59f4058,
0xee0e4f10,
0xe59f0054,
0xe5901000,
0xe3811001,
0xe5801000,
0xee114f10,
0xe3c44005,
0xe3c44a01,
0xee014f10,
0xec554f1f,
0xe3c44040,
0xec454f1f,
0xe3844040,
0xec454f1f,
0xe59f1024,
0xe5910000,
0xe1a0f000,
0xe320f000,
0xf0280000,
0xf0090108,
0xfff02000,
0xfff02004,
0xfff01280,
0x00b71b00,
0xffe60000,
0xf0090104,
0xffffffff,
0xffffffff,
0xffffffff,
0xffffffff,
0xffffffff,
0xffffffff,
0xffffffff,
0xffffffff,
0xffffffff,
0xffffffff,
0xffffffff,
0xffffffff,
0xffffffff,
0xffffffff,
0xffffffff,
0xffffffff,
0xffffffff,
0xffffffff,
0xffffffff,
0xffffffff,
0xffffffff,
0xffffffff,
0xffffffff,
0xffffffff,
0xffffffff,
0xffffffff,
0xea0000c3,
0xe59ff014,
0xe59ff014,
0xe59ff014,
0xe59ff014,
0xe320f000,
0xe59ff010,
0xe59ff010,
0xf0e00d58,
0xf0e00d9c,
0xf0e00de0,
0xf0e00e24,
0xf0e00e68,
0xf0e00e6c,
0xf1080100,
0xf10c00c0,
0xf1020013,
0xee110f10,
0xe3c00a01,
0xe3c00b02,
0xe3c00004,
0xe3c00002,
0xe3c00001,
0xee010f10,
0xe59f0410,
0xee0c0f10,
0xe59f040c,
0xe3a01901,
0xe0811000,
0xe4802004,
0xe1500001,
0x3afffffc,
0xe59fd3f8,
0xee110f10,
0xe3800a01,
0xee070f15,
0xee010f10,
0xe3a01000,
0xee081f13,
0xee081f17,
0xee071fd5,
0xee081f16,
0xee081f15,
0xee071f15,
0xf57ff04f,
0xf57ff06f,
0xee300f10,
0xe59f33c0,
0xe00306a0,
0xe3a01000,
0xe3a03000,
0xe1a02f01,
0xe1822303,
0xee072f56,
0xe2833001,
0xe1500003,
0xcafffff9,
0xe2811001,
0xe3510004,
0x1afffff5,
0xe3a00002,
0xee400f10,
0xee300f10,
0xe7e931d0,
0xe2833001,
0xe59f237c,
0xe5823000,
0xe59f3370,
0xe00306a0,
0xe59f2370,
0xe2801001,
0xe5821000,
0xe3a01000,
0xe3a03000,
0xe1a02e01,
0xe2822002,
0xe1822303,
0xee072f56,
0xe2833001,
0xe1500003,
0xcafffff8,
0xe2811001,
0xe3510004,
0x1afffff4,
0xee111f30,
0xe3811004,
0xee011f30,
0xe59f0318,
0xe59f9328,
0xe5991084,
0xe2511001,
0xe59f2320,
0xe0823a01,
0xe7803101,
0xe2511001,
0x5afffffb,
0xe59f02f4,
0xe3800b0f,
0xe3a010fe,
0xe59f2304,
0xe0823a01,
0xe7803101,
0xe2511001,
0x5afffffb,
0xe59f02d4,
0xe59f12f0,
0xe1800001,
0xe59f22ec,
0xe5802000,
0xe59f02c0,
0xe3a01dfe,
0xe1800001,
0xe59f22dc,
0xe5802000,
0xe3a00000,
0xee020f50,
0xe59f02a4,
0xe3a01008,
0xe3811040,
0xe1800001,
0xee020f10,
0xe3e00000,
0xee030f10,
0xf57ff04f,
0xf57ff06f,
0xee110f10,
0xe3800001,
0xee010f10,
0xf57ff04f,
0xf57ff06f,
0xee110f10,
0xe3800a01,
0xe3800004,
0xee010f10,
0xf57ff04f,
0xf57ff06f,
0xee110f10,
0xe3800b02,
0xee010f10,
0xee110f30,
0xe3800004,
0xe3800040,
0xee010f30,
0xfa0000cb,
0xe59f0260,
0xe5902038,
0xe7ef1052,
0xe3510000,
0x0a000023,
0xe7e037d1,
0xe3a04045,
0xe3530001,
0x1a000012,
0xe7e03751,
0xe3530001,
0x1a000005,
0xe3a04055,
0xe2800001,
0xe3500002,
0x0a00000b,
0xe1a02822,
0xeaffffef,
0xe7e45052,
0xe7e462d2,
0xe2854030,
0xe3550001,
0x0a000000,
0xea000003,
0xe0253006,
0xe223301f,
0xe3530000,
0x0a00000c,
0xe59f01f4,
0xe3a01039,
0xe5801000,
0xe3a01038,
0xe5801000,
0xe3a01035,
0xe5801000,
0xe3a01033,
0xe5801000,
0xe3a01030,
0xe5801000,
0xe5804000,
0xeafffffe,
0xfa000085,
0xfa000073,
0xe59f01bc,
0xe59f11bc,
0xe3a02000,
0xe4802004,
0xe1500001,
0x3afffffc,
0xe59fd170,
0xfa000674,
0xe1a0f000,
0xe320f000,
0xe59f0190,
0xe3a01052,
0xe5801000,
0xe3a01053,
0xe5801000,
0xe3a01054,
0xe5801000,
0xe590101c,
0xe201100f,
0xe2811030,
0xe5801000,
0xe590101c,
0xe1a01221,
0xe201100f,
0xe2811030,
0xe5801000,
0xeafffffe,
0xe59f014c,
0xe3a01055,
0xe5801000,
0xe3a01044,
0xe5801000,
0xe3a01046,
0xe5801000,
0xe590101c,
0xe201100f,
0xe2811030,
0xe5801000,
0xe590101c,
0xe1a01221,
0xe201100f,
0xe2811030,
0xe5801000,
0xeaffffed,
0xe59f0108,
0xe3a01053,
0xe5801000,
0xe3a01057,
0xe5801000,
0xe3a01049,
0xe5801000,
0xe590101c,
0xe201100f,
0xe2811030,
0xe5801000,
0xe590101c,
0xe1a01221,
0xe201100f,
0xe2811030,
0xe5801000,
0xeaffffdc,
0xe59f00c4,
0xe3a01050,
0xe5801000,
0xe3a01041,
0xe5801000,
0xe3a01042,
0xe5801000,
0xe590101c,
0xe201100f,
0xe2811030,
0xe5801000,
0xe590101c,
0xe1a01221,
0xe201100f,
0xe2811030,
0xe5801000,
0xeaffffcb,
0xe59f0080,
0xe3a01041,
0xe5801000,
0xe3a01042,
0xe5801000,
0xe3a01054,
0xe5801000,
0xe590101c,
0xe201100f,
0xe2811030,
0xe5801000,
0xe590101c,
0xe1a01221,
0xe201100f,
0xe2811030,
0xe5801000,
0xeaffffba,
0xeafffffe,
0xeafffffe,
0x00000100,
0x00000010,
0xf0e00000,
0xf0e18000,
0xf0e31f00,
0x00007fff,
0xf0e00e74,
0xf0e00e70,
0xf0e00300,
0x00015de6,
0xf0000de6,
0x00003c38,
0xf0e15de6,
0xfe015de6,
0xf0660000,
0xf0290000,
0x010001e4,
0x01008400,
0x00000000,
0xb5804b0d,
0x681baf00,
0xd50f0658,
0x490c4b0b,
0xf042681a,
0x601a0210,
0x60114a07,
0x07c96811,
0x681ad4fc,
0x0210f022,
0xbd80601a,
0xfc54f001,
0xd1eb2800,
0xbf00bd80,
0xf0050000,
0xf002007c,
0x5a960f00,
0x22014b03,
0xaf00b580,
0x2211601a,
0xbd80611a,
0xf00f0000,
0xf0004b13,
0xb580003f,
0xf4402200,
0x332050c0,
0xf843af00,
0x22012c20,
0x0c1cf843,
0x4a0d601a,
0x68104611,
0xd5fc07c0,
0xf042681a,
0x601a0210,
0xd40a06d0,
0x0792680a,
0x4a07d5fc,
0x22006810,
0x680b601a,
0xd4fc07db,
0x681abd80,
0xbf00e7f0,
0xf0660000,
0xf0660030,
0xf0660008,
0x4ff0e92d,
0xb08d485b,
0x4c5baf02,
0xea96f001,
0x681b4b5a,
0xbf082b0c,
0xbf182001,
0xf0002000,
0xf000ef54,
0x4856ff7f,
0xea88f001,
0x23004855,
0x627b623b,
0x30104621,
0x3c03f810,
0x2c04f810,
0xeb03041b,
0xf8106302,
0x44132c01,
0x2c02f810,
0x2202eb03,
0xfc1ff001,
0x623c4b4b,
0xf1074605,
0x69da0020,
0x8a9c627a,
0xfc04f001,
0x4284b280,
0x6a7bd17d,
0xd17a429d,
0x4d454844,
0xfcf2f001,
0xf0014844,
0x4a44ea5c,
0x602b2328,
0xf4436813,
0x60133380,
0xff5af7ff,
0x48414b40,
0xf001681c,
0x4840eb4c,
0x0107f004,
0x71e4f201,
0xeb44f001,
0xf001483d,
0xf3c4eb42,
0x483a01c3,
0xeb3cf001,
0xf0014839,
0xf3c4eb3a,
0x483611c4,
0xeb34f001,
0xf0014835,
0xf3c4eb32,
0x4832310f,
0xeb2cf001,
0xf0014832,
0x4b32eb2a,
0x61bb681a,
0x7f40f412,
0x4b30d06e,
0xf014681c,
0xd0090420,
0xf24022f0,
0x2000710b,
0xf0012401,
0x2800eb14,
0x2402bf18,
0x4e2a4b29,
0x482a3308,
0x5c08f853,
0x2c04f853,
0x041b681b,
0x2302ea43,
0x2560432b,
0x0c6d435d,
0xf0014629,
0x6832eb02,
0xd50a00d1,
0xf0014821,
0x2301eafc,
0x9300462a,
0x230f4621,
0xf0012000,
0x6833eb08,
0xd509009a,
0xf001481b,
0x2000eaee,
0x9000230f,
0x4621462a,
0xeafaf001,
0x4817e7fe,
0xbf00e783,
0xf0e01b28,
0xfe020000,
0xf0e1c000,
0xf0e01b34,
0xf0e02a10,
0xf0e00000,
0xf0e01b3a,
0xf05800b0,
0xf0e01b4e,
0xf0580000,
0xf0e00078,
0xf0e01b54,
0xf0e01b65,
0xf0e01b68,
0xf0e01bbf,
0xf0020090,
0xf00d0000,
0xf00244e0,
0xf0050084,
0xf0e01b6a,
0xf0e01b79,
0xf0e01b8e,
0xf0e01b43,
0x699a4bc6,
0xf1400293,
0xf3c2841b,
0xf3c23303,
0xf1034204,
0x4cc25370,
0x33e0f503,
0x6819009b,
0xfa032301,
0x4bbff202,
0xbf18420a,
0x68a3461c,
0x0320f013,
0xf894d007,
0xf013314d,
0xf04f0ff0,
0xbf180301,
0x68212302,
0x61fb48b7,
0xea8cf001,
0xf7ff2002,
0x0446febf,
0x0c00d503,
0xf1000441,
0x040283f5,
0x83f2f140,
0x080df3c0,
0xf14006c3,
0xf1c883ea,
0x46410820,
0xf00148ac,
0x4bacea76,
0x011e681b,
0x4aabd503,
0x2170f44f,
0x00d86011,
0x4aa8d503,
0x0170f44f,
0x00996011,
0x4aa5d503,
0x6170f04f,
0x005a6011,
0x4aa2d503,
0x4170f04f,
0x2b006011,
0x4a9fda03,
0x4170f44f,
0x025e6011,
0x4a9dd503,
0x2170f44f,
0x02186011,
0x4a9ad503,
0x0170f44f,
0x01d96011,
0x4a97d503,
0x6170f04f,
0x019a6011,
0x4a94d503,
0x4170f04f,
0x015e6011,
0x4b91d503,
0x4270f44f,
0x6863601a,
0x435e2660,
0xf5b60c76,
0xf2406fc8,
0xf46f83a4,
0x183360c8,
0x7f85f5b3,
0x83a0f0c0,
0x734bf2a6,
0x7f85f5b3,
0x839df240,
0x0356f6a6,
0x7f85f5b3,
0x839af240,
0x6116f46f,
0xf5b31873,
0xf0c07f85,
0xf6a68396,
0xf5b3236b,
0xf2407f85,
0xf6a68393,
0xf5b33376,
0xf2407f85,
0xf46f8390,
0x18b36248,
0x7f05f5b3,
0x838cf240,
0x6296f6a6,
0x03aaf241,
0x7f05f5b2,
0x461ebf98,
0x48714631,
0xe9f6f001,
0x68134a70,
0xd5fc03db,
0xf001486f,
0x4b6ffb85,
0x91d8f8df,
0xf44f22aa,
0xf8df7096,
0x601aa1d4,
0x605a224a,
0x609a2207,
0xfa72f001,
0x3000f8d9,
0xf0432032,
0xf8c90302,
0xf0013000,
0x2302fa69,
0x3000f8ca,
0xf44f2248,
0xf8d970fa,
0xf0233000,
0xf8c90301,
0x4b5e3000,
0x2343601a,
0x3000f8c9,
0xfa56f001,
0x485b2303,
0x3000f8ca,
0xfb54f001,
0x68134a59,
0x0303f023,
0x0301f043,
0x682b6013,
0x0313f023,
0x682b602b,
0x0320f043,
0x682b602b,
0x0314f043,
0x682b602b,
0xd5fc0718,
0xf001484f,
0x682bfb3b,
0x484e220c,
0xf0434611,
0x602b0308,
0x25002300,
0xe9aaf001,
0x462b220c,
0x95004611,
0xf0014847,
0x220ce9a0,
0x46112301,
0xf0014844,
0x220ce99e,
0x46112301,
0x48419500,
0xe992f001,
0xb110f8df,
0x462b2218,
0x483e4611,
0xe98ef001,
0x23012218,
0x483b4611,
0xe988f001,
0xf0012001,
0xf8dffa07,
0x7923a0f4,
0xf8cb2203,
0x46113000,
0x90e8f8df,
0xf8ca7963,
0x48333000,
0xf8c979a3,
0x23013000,
0xe972f001,
0xf0012001,
0x2209f9f1,
0x4611462b,
0xf001482a,
0x2209e96a,
0x4611462b,
0x48279500,
0xe95ef001,
0xf0012001,
0x2209f9e1,
0x46112301,
0xf0014822,
0x2209e95a,
0x46112301,
0x481f9500,
0xe94ef001,
0xf0012001,
0x2208f9d1,
0x4611462b,
0xf001481a,
0x2208e94a,
0x4611462b,
0x48179500,
0xe93ef001,
0xf0012001,
0x2208f9c1,
0x46112301,
0xf0014812,
0x2208e93a,
0xe02f2301,
0xf0e00070,
0xf0e00300,
0xf0e004e4,
0xf0e01ba5,
0xf0e01bb5,
0xf0660034,
0xf0660048,
0xf0660050,
0xf0e01b6a,
0xf0580004,
0xf0e01bc3,
0xf0024820,
0xf0028014,
0xf0e01bcc,
0xf0020010,
0xf0e01bd3,
0xf0020090,
0xf0020094,
0xf0580000,
0xf0028010,
0xf0028000,
0xf00244e0,
0xf00244e4,
0xf00244e8,
0x95004611,
0xf00148c6,
0x2001e8fe,
0xf980f001,
0xf8cd9601,
0x23078000,
0x69f94622,
0x4ec14628,
0xe8dcf001,
0x462a462b,
0x48bf4629,
0xf00136e0,
0x462be8ee,
0x4629462a,
0x48bb9500,
0xe8e2f001,
0x462b221f,
0x48b94611,
0xe8e0f001,
0x2301220c,
0x48b74611,
0xe8daf001,
0x4bb749b6,
0x8324f8df,
0xe324f8df,
0xf8df600d,
0x6fa2c324,
0x6fe2601a,
0xf04f605a,
0x609a62e0,
0x611a4ab0,
0x1201f04f,
0x4aaf615a,
0x2301619d,
0x4bae6013,
0x68a0601d,
0x0ce0f846,
0xf84669e0,
0x6a200c10,
0x0c0cf846,
0xf8466a60,
0x6aa00c08,
0x0c04f846,
0x60306ae0,
0x60706b20,
0x60b06b60,
0x60f06ba0,
0x62306be0,
0x62706c20,
0x62b06c60,
0x62f06ca0,
0x63306ce0,
0x63706d20,
0x63f06da0,
0x64306de0,
0x64706e20,
0x65306e60,
0x65706ea0,
0x65b06ee0,
0x7698f506,
0x900cf8c7,
0x292bf509,
0xf609607b,
0x69fb5918,
0xa010f8c7,
0xa288f8df,
0xb014f8c7,
0x60ba468b,
0x488d3168,
0xf8c93ae8,
0x2b00a000,
0x81f3f000,
0x9270f8df,
0x9000f8c8,
0x5000f8ce,
0x5000f8cc,
0x751ff641,
0xf04f6035,
0x60053507,
0xf640600d,
0x60117107,
0x723ff643,
0x25004b80,
0x8248f8df,
0x497f2601,
0xc244f8df,
0x4b7e601a,
0x487e68e2,
0x6962601a,
0x69a2655a,
0x6922659a,
0x4a7b641a,
0x224cf8c3,
0x4b7b4a7a,
0x60936013,
0x6f224b7a,
0x73a4f5a3,
0x2148f8c3,
0xf8c36f62,
0x601d214c,
0x2080f8d4,
0x2208f8c3,
0xf8c32205,
0xf8c3520c,
0xf50352d4,
0x601a73c4,
0x4200f102,
0x52c0f502,
0x2090f8c3,
0x0210f242,
0x2094f8c3,
0xf8c34a6b,
0x4a6b20b0,
0x20b4f8c3,
0xf8c32210,
0xf44f2240,
0xf8c842c0,
0xf8c35000,
0xf8c32244,
0xf8c32248,
0xf8c362d0,
0x4b6302d4,
0x4963600b,
0x1000f8cc,
0x3004f8cc,
0x2018f8cc,
0x201cf8cc,
0x7cb0f50c,
0x6cbcf84c,
0x0cb8f84c,
0x3cb4f84c,
0x1cb0f84c,
0x3cacf84c,
0x2c98f84c,
0x2c94f84c,
0x6c0cf84c,
0x0c08f84c,
0x3c04f84c,
0x1000f8cc,
0x3004f8cc,
0x2018f8cc,
0x201cf8cc,
0x60a4f8cc,
0x00a8f8cc,
0x30acf8cc,
0x10b0f8cc,
0x30b4f8cc,
0x20c8f8cc,
0x20ccf8cc,
0x6154f8cc,
0x0158f8cc,
0x315cf8cc,
0x1160f8cc,
0x3164f8cc,
0x7cbcf50c,
0x2000f8cc,
0x2004f8cc,
0x608cf8cc,
0x0090f8cc,
0x3094f8cc,
0x1098f8cc,
0x309cf8cc,
0x20b0f8cc,
0x20b4f8cc,
0x613cf8cc,
0x0140f8cc,
0x3144f8cc,
0x1148f8cc,
0x314cf8cc,
0x2160f8cc,
0x2164f8cc,
0x60164a33,
0x60936050,
0x60d1481c,
0x61134629,
0x462a4633,
0x6000f8c8,
0xefa2f000,
0x462a4633,
0x482c4629,
0xef9cf000,
0x4632462b,
0x481a4631,
0xef96f000,
0x462b2203,
0x48174611,
0xef90f000,
0x462a462b,
0x48144629,
0xef8af000,
0x462a462b,
0x46404629,
0xef84f000,
0x462a462b,
0x480a4629,
0xef7ef000,
0x462a4633,
0x46404629,
0xef78f000,
0xe03f4633,
0xf0020090,
0xf00d0000,
0xf00d4000,
0xf00200a0,
0xf0020070,
0xf00d01b0,
0xf00d0190,
0x80400003,
0xf00d0304,
0xf00d0030,
0xf00d0214,
0xf00d0220,
0xf00d0498,
0xf00d0010,
0x02100b03,
0x20000001,
0xf00d0264,
0x10000200,
0xf00d0180,
0x04040208,
0x08400810,
0x02000400,
0x01100b03,
0xf00d0960,
0xf00d0060,
0xf00d0204,
0xf00d0208,
0xf00d020c,
0x001f1f19,
0x00080808,
0xf00d0320,
0xf00d049c,
0x4629462a,
0x488d9500,
0xef2cf000,
0x4633221f,
0x488b4611,
0xef2af000,
0xf0004630,
0xf8c8ffa9,
0x462a5000,
0x23204629,
0xf8cb4884,
0x46333000,
0x6000f8c8,
0xf0009500,
0x4630ef16,
0xff98f000,
0xf44f230a,
0x930061a8,
0x23804628,
0xf000461a,
0x4633ef16,
0x46294632,
0xf0004628,
0x2340eefc,
0x61a8f44f,
0x4628461a,
0xeef4f000,
0x462a4633,
0x95004629,
0xf0004873,
0xf8c8eef6,
0x68bb5000,
0x4629462a,
0x601d4870,
0xf8cb462b,
0xf0006000,
0x687beeee,
0x4629462a,
0x601d4868,
0xf8c84633,
0x95006000,
0xeedef000,
0x462a4633,
0x95002102,
0xf0004866,
0x4b66eed8,
0x49674a66,
0xf503601e,
0x33145387,
0xf244601a,
0x4a644344,
0x60916013,
0x3244f04f,
0x600a4962,
0x4a62604a,
0xf2426013,
0x4b612222,
0x2211601a,
0x2c48f843,
0x1288f44f,
0x2c0cf843,
0x1211f241,
0x2c04f843,
0x524cf04f,
0x2233619a,
0xf44f61da,
0x4b585280,
0x68126013,
0xd040429a,
0xf0004856,
0x6821ee9a,
0xf0004855,
0xe7feee96,
0xf7ff4c54,
0xf108bbf4,
0xe4140810,
0x0810f04f,
0xf44fe411,
0xe48d66c8,
0x764af240,
0xf640e48a,
0xe4870655,
0x6616f44f,
0xf640e484,
0xe481266a,
0x3675f640,
0xf44fe47e,
0xe47b6648,
0x6695f640,
0x4d45e478,
0x5000f8c8,
0x7580f04f,
0x5000f8ce,
0x3501f04f,
0x5000f8cc,
0x751ff641,
0xf04f6035,
0x60053507,
0xf240600d,
0x60117107,
0x7203f643,
0x69fbe608,
0xf8d4b13b,
0x05d93088,
0x2102d503,
0xf0004628,
0x2307ee46,
0x210e220c,
0xf0004833,
0x4833ee5c,
0xed4af000,
0xf0004832,
0xf7ffffdb,
0x69bbfa4d,
0xf413681b,
0xd0317f40,
0x4e2f4b2e,
0x681d482f,
0xf3c5697b,
0x681c1540,
0x681a693b,
0x681b68fb,
0xea43041b,
0x43232302,
0x435c2460,
0x46210c64,
0xee28f000,
0x00d26832,
0x4825d50a,
0xee22f000,
0x46222301,
0x46299300,
0x2000230f,
0xee2ef000,
0x009b6833,
0x481fd509,
0xee14f000,
0x230f2000,
0x46229000,
0xf0004629,
0xe7feee22,
0x46bd372c,
0x8ff0e8bd,
0xf00d0324,
0xf00200a0,
0xf00d01bc,
0xf00d0060,
0xf00d0004,
0xf0010020,
0x44440000,
0x44443333,
0xf0011118,
0xf0011124,
0xf001112c,
0xf001114c,
0x55aa55aa,
0xf0e01bd5,
0xf0e01be8,
0xf0e00300,
0x003f0909,
0xf002007c,
0xf0e01bf9,
0xf0e01c05,
0xf00d0000,
0xf0050084,
0xf0e01b6a,
0xf0e01b79,
0xf0e01b8e,
0xe59f3020,
0xe92d4800,
0xe28db004,
0xe5932400,
0xe3822602,
0xe5832400,
0xe59321c8,
0xe3822102,
0xe58321c8,
0xe8bd8800,
0xf0380000,
0x7264645b,
0x6e6f635f,
0x00676966,
0x4d5a4c5b,
0x0a0d0041,
0x4f5a4e55,
0x0d00214b,
0x5a4e550a,
0x6c696146,
0x5a4c0021,
0x005d414d,
0x6e61520a,
0x63536567,
0x76206e61,
0x5b3a7265,
0x00642500,
0x6464002d,
0x70735f72,
0x20646565,
0x0a0d6425,
0x61747300,
0x70207472,
0x69627968,
0x73207473,
0x0d6e6163,
0x7473000a,
0x20747261,
0x76616568,
0x616f6c79,
0x63732064,
0x0a0d6e61,
0x696e6900,
0x72657620,
0x2578305b,
0x0a0d5d78,
0x5f717a00,
0x6d697274,
0x5d78255b,
0x43000a0d,
0x34315550,
0x00203030,
0x454e4f44,
0x3e000a0d,
0x41524400,
0x6361204d,
0x73736563,
0x69616620,
0x000a0d6c,
0x20696e69,
0x20726576,
0x30257830,
0x0a0d7838,
0x72646400,
0x6e6f635f,
0x5d676966,
0x72646400,
0x696e6920,
0x6f642074,
0x0a0d656e,
0x00000000,
0xf0e01d01,
0xf0e01c31,
0xf0e01c85,
0xf0e01d69,
0xf0e01c69,
0xf0e01c4d,
0x4a04b580,
0x6813af00,
0xd5fc069b,
0x60184b02,
0xbf00bd80,
0xf0290014,
0xf0290000,
0x4a04b580,
0x6813af00,
0xd5fc07db,
0x68184b02,
0xbd80b2c0,
0xf0300014,
0xf0300000,
0x4a04b580,
0x6813af00,
0xd5fc069b,
0x60184b02,
0xbf00bd80,
0xf0300014,
0xf0300000,
0x4a04b580,
0x6813af00,
0xd5fc07db,
0x68184b02,
0xbd80b2c0,
0xf0290014,
0xf0290000,
0x211a4a14,
0xaf00b580,
0xf0436813,
0x60130301,
0x3280f502,
0x68133244,
0x1380f443,
0xf8526013,
0xf4233c04,
0xf8426380,
0x4b0b3c04,
0xf042781a,
0x701a0280,
0x70114a09,
0x71112100,
0xf002781a,
0x701a027f,
0xf042781a,
0x701a0203,
0xf8032207,
0xbd802c04,
0xf0010034,
0xf029000c,
0xf0290000,
0xaf00b580,
0xffccf7ff,
0x0000bd80,
0x211a4a13,
0xaf00b580,
0xf0436813,
0x60130310,
0xf0236f53,
0x67534340,
0x3280f502,
0x68133244,
0x1300f443,
0x4b0b6013,
0xf042781a,
0x701a0280,
0x70114a09,
0x71112100,
0xf002781a,
0x701a027f,
0xf042781a,
0x701a0203,
0xf8032207,
0xbd802c04,
0xf0010034,
0xf030000c,
0xf0300000,
0xaf00b580,
0xffcef7ff,
0x0000bd80,
0x22004b08,
0xaf00b580,
0x615a6959,
0x4906545a,
0x07d2780a,
0x4a05d5fc,
0xb2d27812,
0x69597002,
0xbd80545a,
0x010001f0,
0xf0290014,
0xf0290000,
0xb5804b05,
0x781baf00,
0x0301f013,
0x4b03d001,
0x7003781b,
0xbf00bd80,
0xf0290014,
0xf0290000,
0x22004b13,
0x4d13b5f0,
0xaf004e13,
0x615a6959,
0x695a545a,
0xd9002a13,
0x7829bdf0,
0xd5f907c9,
0x46047831,
0xf804b2c9,
0x29081b01,
0x5499695a,
0xb10ad104,
0x615a3a01,
0xe7ea4620,
0xd102290a,
0x70432300,
0x290dbdf0,
0x3201d0fa,
0xbf00e7f3,
0x010001f0,
0xf0290014,
0xf0290000,
0x4604b5b0,
0xaf001845,
0xd10042ac,
0x4620bdb0,
0xf7ff3401,
0xe7f7ff9f,
0xe92d4800,
0xe3500000,
0xe28db004,
0x0a000003,
0xe3500001,
0xe59f000c,
0x13a00000,
0xe8bd8800,
0xe59f0004,
0xe8bd8800,
0xf0e01c24,
0xf0e01c18,
0x00000000,
0xb5b04b07,
0xb933af00,
0x682a4d06,
0x1e44b11a,
0x0f01f814,
0xbdb0b900,
0x685b682b,
0xe7f74798,
0x00000000,
0xf0e01e68,
0xb5804b03,
0x6018af00,
0x6803b108,
0xbd804798,
0xf0e01e68,
0x4604b598,
0xaf004803,
0xffdcf7ff,
0xf7ff4620,
0xbd98ffd9,
0x0100003f,
0x4605b5b0,
0xaf004809,
0xf7ff460c,
0x4628ffcf,
0xffccf7ff,
0xf7ff4806,
0x4620ffc9,
0xebecf000,
0xffc4f7ff,
0xf7ff4803,
0xbdb0ffc1,
0x0100003f,
0x01000038,
0x0100003c,
0x4ff8e92d,
0xf8df4606,
0xf8dfa05c,
0xaf00b05c,
0x46044688,
0x0308eb06,
0xd301429c,
0x8ff8e8bd,
0x1f25480e,
0xffa6f7ff,
0x090cf104,
0xf0004620,
0xf7ffebc8,
0x4650ff9f,
0xff9cf7ff,
0x0f04f855,
0xebbef000,
0xff96f7ff,
0xf7ff4658,
0x454dff93,
0x4803d1f4,
0xf7ff3410,
0xe7dbff8d,
0x01000039,
0x0100003c,
0x01000042,
0x01000045,
0x00f00000,
0xe92d4800,
0xe28db004,
0xeb0001b4,
0xe8bd8800,
0xe59f300c,
0xe92d4800,
0xe28db004,
0xe5830000,
0xe8bd8800,
0xf0e01f64,
0xe59f300c,
0xe92d4800,
0xe28db004,
0xe5930000,
0xe8bd8800,
0xf0e01f64,
0xe59f3020,
0xe92d4800,
0xe28db004,
0xe5932080,
0xe3520000,
0x05930084,
0x016f0f10,
0x01a002a0,
0x13a00000,
0xe8bd8800,
0xf0050000,
0xe92d4800,
0xe30a3a55,
0xe1d003b0,
0xe28db004,
0xe0400003,
0xe16f0f10,
0xe1a002a0,
0xe8bd8800,
0xf022b580,
0x38040203,
0x440aaf00,
0xd1004291,
0xf851bd80,
0xf8403b04,
0xe7f73f04,
0x4604b5b0,
0xaf00460d,
0xfcb6f000,
0xf6474b1a,
0x601a7224,
0x60144a19,
0x681a6055,
0x0201f042,
0x681a601a,
0x07d2681a,
0x086bd4fc,
0x1e594a14,
0x68124359,
0xeb010849,
0xb2894112,
0x4811b1b9,
0xfcc5f000,
0x48104621,
0xfcc1f000,
0x480f4629,
0xfcbdf000,
0x68134a0e,
0x0310f043,
0x4b0d6013,
0x601a4a0d,
0x68193a01,
0x601a430a,
0x4b0be7fe,
0x601a2203,
0xbf00bdb0,
0xf00d8060,
0xf00d8064,
0xf00d806c,
0xf0e02144,
0xf0e02156,
0xf0e0215f,
0xf002007c,
0xf0050000,
0x5a960002,
0xf00d80a0,
0xf06f4b09,
0xb5800203,
0xaf004401,
0xf04f601a,
0x4a0633ff,
0x60536013,
0x22016093,
0x60184b04,
0xf8436059,
0xbd802c10,
0xf00d0090,
0xf00d0094,
0xf00d0070,
0x22014b04,
0xaf00b580,
0x2200601a,
0x2c08f843,
0xbf00bd80,
0xf00d0068,
0xb5804b06,
0x6818af00,
0x0001f010,
0x6859d005,
0xb2c94803,
0xfc65f000,
0xbd802001,
0xf00d0068,
0xf0e02168,
0xe59f3018,
0xe92d4800,
0xe28db004,
0xe5933000,
0xe3130d06,
0x03a00001,
0x13a00000,
0xe8bd8800,
0xf0010000,
0x63656863,
0x6d75736b,
0x766e6920,
0x64696c61,
0x7766003d,
0x64646120,
0x66003d72,
0x69732077,
0x003d657a,
0x4d415244,
0x6f727020,
0x74636574,
0x74206465,
0x67676972,
0x2c647265,
0x00484320,
0x00000000,
0x00000000,
0x00000000,
0x00000000,
0x00000000,
0x00000000,
0x00000000,
0x00000000,
0x00000000,
0x00000000,
0x00000000,
0x00000000,
0x00000000,
0x00000000,
0x00000000,
0x00000000,
0x00000000,
0x00000000,
0x00000000,
0x00000000,
0x00000000,
0x00000000,
0x00000000,
0x00000000,
0x00000000,
0x00000000,
0x00000000,
0x00000000,
0x00000000,
0x00000000,
0x00000000,
0x00000000,
0x00000000,
0x00000000,
0x00000000,
0x00000000,
0x00000000,
0x00000000,
0x00000000,
0x00000000,
0x00000000,
0x00000000,
0x00000000,
0x00000000,
0x00000000,
0x00000000,
0x00000000,
0x00000000,
0x00000000,
0x00000000,
0x00000000,
0x00000000,
0x00000000,
0x00000000,
0x00000000,
0x00000000,
0x00000000,
0x00000000,
0x00000000,
0x00000000,
0x00000000,
0x00000000,
0x00000000,
0x00000000,
0x00000000,
0x00000000,
0x00000000,
0x00000000,
0x00000000,
0x00000000,
0x00000000,
0x00000000,
0x00000000,
0x00000000,
0x00000000,
0x00000000,
0x00000000,
0x00000000,
0x00000000,
0x00000000,
0x00000000,
0x00000000,
0x00000000,
0x00000000,
0x00000000,
0x00000000,
0x00000000,
0x00000000,
0x00000000,
0x00000000,
0x00000000,
0x00000000,
0x00000000,
0x00000000,
0x00000000,
0x00000000,
0x00000000,
0x00000000,
0x00000000,
0x00000000,
0x00000000,
0x00000000,
0x00000000,
0x00000000,
0x00000000,
0x00000000,
0x00000000,
0x00000000,
0x00000000,
0x00000000,
0x00000000,
0x00000000,
0x00000000,
0x00000000,
0x00000000,
0x00000000,
0x00000000,
0x00000000,
0x00000000,
0x00000000,
0x00000000,
0x00000000,
0x00000000,
0x00000000,
0x00000000,
0x00000000,
0x00000000,
0x00000000,
0x00000000,
0x00000000,
0x00000000,
0x00000000,
0x00000000,
0x00000000,
0x00000000,
0x00000000,
0x00000000,
0x00000000,
0x00000000,
0x00000000,
0x00000000,
0x00000000,
0x00000000,
0x00000000,
0x00000000,
0x00000000,
0x00000000,
0x00000000,
0x00000000,
0x00000000,
0x00000000,
0x00000000,
0x00000000,
0x00000000,
0x00000000,
0x00000000,
0x00000000,
0x00000000,
0x00000000,
0x00000000,
0x00000000,
0x00000000,
0x00000000,
0x00000000,
0x00000000,
0x00000000,
0x00000000,
0x00000000,
0x00000000,
0x00000000,
0x00000000,
0x00000000,
0x00000000,
0x00000000,
0x00000000,
0x00000000,
0x00000000,
0x00000000,
0x00000000,
0x00000000,
0x00000000,
0x00000000,
0x00000000,
0x00000000,
0x00000000,
0x00000000,
0x00000000,
0x00000000,
0x00000000,
0x00000000,
0x00000000,
0x00000000,
0x00000000,
0x00000000,
0x00000000,
0xe59f3010,
0xe3a02000,
0xe92d4800,
0xe28db004,
0xe5832000,
0xe8bd8800,
0xf0e02188,
0xe59f203c,
0xe92d4800,
0xe28db004,
0xe5923000,
0xe353003f,
0xc8bd8800,
0xe2831082,
0xe2833001,
0xe5823000,
0xe7820101,
0xe59f1018,
0xe5910108,
0xe0821183,
0xe7820183,
0xe3a03000,
0xe5813004,
0xe8bd8800,
0xf0e02188,
0xf0040000,
0xe92d4bf0,
0xe3a04000,
0xe59f60a4,
0xe28db01c,
0xe59f80a0,
0xe24dd008,
0xe59f909c,
0xe59f009c,
0xe2867f81,
0xe1a05006,
0xeb000060,
0xe59f3090,
0xe58d3000,
0xe59f208c,
0xe59f308c,
0xe59f108c,
0xe59f008c,
0xeb000059,
0xe5953000,
0xe1540003,
0xba000009,
0xe7953183,
0xe5952008,
0xe59f1054,
0xe0432002,
0xe59f006c,
0xe58d2000,
0xe59f2068,
0xeb00004e,
0xe24bd01c,
0xe8bd8bf0,
0xe2443001,
0xe5b62008,
0xe1a01004,
0xe1a00009,
0xe1c33fc3,
0xe2844001,
0xe2833001,
0xe7953183,
0xe0423003,
0xe88d000c,
0xe1a02008,
0xe5b73004,
0xeb00003f,
0xeaffffe4,
0xf0e02188,
0xf0e01bd2,
0xf0e0261b,
0xf0e025d8,
0xf0e02611,
0xf0e025f5,
0xf0e025eb,
0xf0e025fa,
0xf0e025fd,
0xf0e02635,
0xf0e0262f,
0x656d6954,
0x6d617473,
0x6e412070,
0x7a796c61,
0x54000a65,
0x20656d69,
0x29737528,
0x6d614e00,
0x6f4e0065,
0x382d2500,
0x312d2573,
0x2d257336,
0x25097338,
0x0a73382d,
0x66694400,
0x75282066,
0x25002973,
0x36256432,
0x312d2573,
0x38257336,
0x38250975,
0x54000a75,
0x6c61746f,
0x73382500,
0x36312d25,
0x75382573,
0x75382509,
0x0000000a,
0xe59f3030,
0xe59f2030,
0xe00330a0,
0xe0400003,
0xe0003002,
0xe0020120,
0xe0833000,
0xe59f001c,
0xe0833223,
0xe0000003,
0xe0800400,
0xe0800800,
0xe1a00c20,
0xe12fff1e,
0x55555555,
0x33333333,
0x0f0f0f0f,
0x00000000,
0xe51ff004,
0xfe02c490,
0xe51ff004,
0xfe020001,
0xe51ff004,
0xfe0254fd,
0xe51ff004,
0xfe024951,
0xe51ff004,
0xfe02550b,
0xe51ff004,
0x01000001,
0xe51ff004,
0xfe0256fb,
0xe51ff004,
0xfe0256d7,
0xe51ff004,
0xfe02d5d9,
0xe51ff004,
0xfe025461,
0xb5804b09,
0xaf004909,
0x69da4809,
0xf1a11a52,
0xf7ff71ff,
0xf000fc7f,
0xf000f8d5,
0x4805f945,
0xf968f000,
0xbd802000,
0xf0e00000,
0x00016199,
0x01000000,
0x01000048,
0xb5904913,
0x680baf00,
0xf0130c1b,
0xd11d0001,
0x0207f003,
0xd11a2a02,
0x69a24c0e,
0x0001f012,
0xf013d015,
0xd0120008,
0xf4424b0b,
0x68187280,
0x0020f040,
0x68086018,
0x2000f420,
0x20016008,
0xf0416819,
0x60190104,
0xbd9061a2,
0xbd902000,
0xf0a50004,
0xf0e00070,
0xf0a50010,
0xb5804b05,
0x699baf00,
0xd50305da,
0x68134a03,
0xd4fc075b,
0xbf00bd80,
0xf0e00070,
0xf0a50010,
0xb5804b0b,
0x681baf00,
0xf0130c1b,
0xd10c0001,
0x0307f003,
0xd1092b02,
0x20014b06,
0xf240699a,
0x43931301,
0x2000bf18,
0x2000bd80,
0xbf00bd80,
0xf0a50004,
0xf0e00070,
0xb5804b04,
0x6819af00,
0x1a52681a,
0xd3fb4282,
0xbf00bd80,
0xf0040108,
0x6842b590,
0x6804af00,
0x46032000,
0x42930852,
0xb280d101,
0xf834bd90,
0x44191013,
0x44083301,
0xe92de7f5,
0xaf0047f0,
0xd0462a00,
0xe000f890,
0x23012600,
0x1c5c5cc5,
0xd13a45ae,
0xeb005d05,
0xb9450904,
0xe006f801,
0x36013302,
0xd3f14293,
0xe8bd4630,
0x464d87f0,
0x0c00f04f,
0x8b01f815,
0x037ff008,
0x0f80f018,
0x1cccea43,
0x0309eba5,
0x4423d1f4,
0xeb002400,
0x464d0903,
0x8b01f815,
0x0a7ff008,
0x0f80f018,
0x14c4ea4a,
0x0a09eba5,
0xeb01d1f4,
0x44530806,
0x42644645,
0x0908eba5,
0xd80145cc,
0xe7d14466,
0x9004f815,
0x9b01f805,
0x558de7f4,
0x36014623,
0x4610e7c8,
0x87f0e8bd,
0x2300b580,
0xee07af00,
0xee073f15,
0xf3bf3fd5,
0xf3bf8f4f,
0xbd808f6f,
0xaf00b5f0,
0x2802b198,
0x4b11d110,
0x4b11681e,
0xc000f8d3,
0xf1c32304,
0x22010320,
0xf303fa02,
0x42b22200,
0xb109db08,
0x8f4ff3bf,
0xf04fbdf0,
0x23020c80,
0xe7ee2604,
0x24004605,
0xdb024564,
0x44183201,
0x3540e7ed,
0x5f56ee07,
0xe7f53401,
0xf0e00e74,
0xf0e00e70,
0x2100b580,
0xaf004608,
0xffcef7ff,
0x20022100,
0xffcaf7ff,
0x8f4ff3bf,
0xb5f0bd80,
0xb198af00,
0xd1102802,
0x681e4b11,
0xf8d34b11,
0x2304c000,
0x0320f1c3,
0xfa022201,
0x2200f303,
0xdb0842b2,
0xf3bfb109,
0xbdf08f4f,
0x0c80f04f,
0x26042302,
0x4605e7ee,
0x45642400,
0x3201db02,
0xe7ed4418,
0xee073540,
0x34015f5e,
0xbf00e7f5,
0xf0e00e74,
0xf0e00e70,
0x2100b580,
0xaf004608,
0xffcdf7ff,
0x20022100,
0xffc9f7ff,
0x8f4ff3bf,
0xbf00bd80,
0x4a04b580,
0x7813af00,
0xd5fc069b,
0x70184b02,
0xbf00bd80,
0xf0290014,
0xf0290000,
0x1e41b580,
0xf811af00,
0xb9000f01,
0xf7ffbd80,
0xe7f8ffe9,
0xaf00b580,
0xfa48f7ff,
0xb598bd80,
0xaf00460c,
0xfa42f7ff,
0xf7ff4805,
0x4620fa3f,
0xe80af000,
0xfa3af7ff,
0xf7ff4802,
0xbd98fa37,
0x01000038,
0x0100003c,
0xe51ff004,
0x01000001,
0x314c4342,
0x09000000,
0x908d0100,
0x96040100,
0xf0e92dcf,
0x0423014f,
0x0eb08946,
0x11f64046,
0x15af0801,
0x05461a46,
0x10fa78f0,
0x1a213523,
0x05462046,
0x00fa72f0,
0x33220823,
0x0c04cf21,
0x2300fa6c,
0xcf322202,
0xfa660c05,
0xcf312380,
0xfa602407,
0xf0152001,
0x2210ef74,
0x46112301,
0xf0054808,
0xf44ffb3d,
0xf015707a,
0x6afaef6a,
0x53acf640,
0xf343429a,
0x2300870c,
0xe0022240,
0x4000bf00,
0xf640f00d,
0x04cf0117,
0x80fa423c,
0x0c04cf23,
0x4f4a04cf,
0x050800f0,
0x00fa39f0,
0xcf222023,
0xfa322008,
0x2009cf10,
0xcf2bf005,
0xef406a05,
0x22802300,
0xcf05f640,
0xfa212205,
0x4f0e04cf,
0xcf6100f4,
0xfa1a0e04,
0xcf102300,
0xfa130e09,
0xf6402308,
0x3e07cf03,
0x8105cf0c,
0x1004cf4c,
0x050e04cf,
0xfe1c0dcf,
0x5406cff9,
0x1c05cf01,
0x2380f9f7,
0xcf6004cf,
0xf9f01c06,
0xf0152064,
0x2320ef04,
0x5a09cf60,
0x2380f9e6,
0xcf0c04cf,
0xf9df2206,
0xf015200a,
0x2288eef4,
0x8205cf67,
0x58f9721e,
0x05cf6822,
0x10f96d0a,
0xcb280bcf,
0x1520c8f9,
0x80eee0f0,
0x1a213d23,
0x00f8cd46,
0x1604cf80,
0xcf02f96b,
0xb90a810b,
0x152001f9,
0x43eecef0,
0x09cf0246,
0xcfaf2c81,
0xeec41405,
0xa5280ccf,
0x692380f9,
0x028307cf,
0x2005cf9f,
0x4643eeb4,
0xcf692280,
0xcf967805,
0xeeaa1205,
0x8d240acf,
0x104643f9,
0x588209cf,
0x2005cf86,
0xcf20ee9a,
0x7c5e820b,
0x4004cff9,
0x752208cf,
0x8a2205cf,
0x31220fee,
0x08462046,
0x95f832f0,
0x8030a7f8,
0x05cf4122,
0x95f9662c,
0x803101f8,
0xa0f44f22,
0x108205cf,
0x2380f95e,
0x6a07cf21,
0x2380f958,
0xcf53f240,
0xf9510e07,
0x46412310,
0x4b0c06cf,
0x702350f9,
0x05cf0222,
0xf9452281,
0x00cff895,
0x05cf8320,
0x95f8da0c,
0x4021b8f8,
0xcf71a4f2,
0xf8d30e04,
0xf24022c0,
0x04cf512f,
0x6af8cd0c,
0x69f24022,
0xc71805cf,
0xd6f895f8,
0x12f64021,
0x208105cf,
0xf895f8c0,
0xf64021d7,
0x0e05cf13,
0xf895f8b9,
0xf64021d8,
0x0e05cf14,
0xf895f8b2,
0xf64021d9,
0x0e05cf15,
0x2320f8ab,
0x461a2114,
0xf0054640,
0x2301f90a,
0x514ef240,
0x030e06cf,
0x4f2280f9,
0x05cfa6f4,
0xf8984281,
0xf44f4642,
0x0c05cfec,
0x4642f892,
0xcf61f240,
0xcf8c7605,
0xcf620c05,
0xcf860c05,
0xcf630c05,
0xcf800c05,
0xcf640c05,
0xcf7a0c05,
0xcf650c05,
0xcf740c05,
0xcf660c05,
0xcf6e0c05,
0xcf670c05,
0xcf680c05,
0xcfed6005,
0xf8626005,
0xf24022ff,
0x0c05cf01,
0x0c05cf5c,
0x0c05cf02,
0xf895f856,
0xf240210f,
0x0e05cf03,
0xf895f84f,
0xf2402110,
0x0e05cf04,
0xf895f848,
0xf2402111,
0x0e05cf0a,
0xf895f841,
0xf2402116,
0x0e05cf14,
0xf895f83a,
0xf240211b,
0x0e05cf1e,
0xf895f833,
0xf44f2120,
0x0e05cfc5,
0xf895f82c,
0xf2402125,
0x0e05cf49,
0xf895f825,
0xf2402128,
0x0e05cf54,
0xf895f81e,
0xf240212d,
0x0e05cf5e,
0xf895f817,
0xf44f2132,
0x0e05cfcd,
0xf895f810,
0xf2402137,
0x0e05cf72,
0xf895f809,
0xf240213c,
0x0e05cf93,
0x8105cf02,
0x20114934,
0xfcf00446,
0x0c04cfff,
0x0c05cf4b,
0x4642fff6,
0x71a5f44f,
0xf00c04cf,
0xa60c05cf,
0xea0c05cf,
0xb9f895ff,
0xf6f44f21,
0x0e04cf61,
0xf895ffe3,
0xf240214c,
0x1c05cf0a,
0xf895ffdc,
0xf2402154,
0x0e05cf14,
0xf895ffd5,
0xf44f215c,
0x2a05cfe4,
0xf895ffce,
0xf2402162,
0x1c05cf2a,
0xf895ffc7,
0xf2402168,
0x0e05cf36,
0xf895ffc0,
0xf44f2170,
0x2a05cfe8,
0xf895ffb9,
0xf2402178,
0x1c05cf4c,
0xf895ffb2,
0xf240217e,
0x0e05cf56,
0x2310ffab,
0xcf1df240,
0x09048707,
0x0e04cff8,
0x0e07cf67,
0x0e05cf02,
0x0e05cf52,
0xcffbf004,
0xcf9c2a05,
0xfff40e07,
0x3153f895,
0xf24022f0,
0x4805cf13,
0xf895ffec,
0x1005cf5b,
0x1005cf1d,
0xf895ffe4,
0x1005cf61,
0x8109cf29,
0x05cf674a,
0x05cf3310,
0x95ffd410,
0x05cf6ff8,
0x05cf3f10,
0x95ffcc10,
0x05cf77f8,
0x05cf4910,
0x95ffc410,
0x05cf7df8,
0x05cf5510,
0x95ffbc10,
0x05cf83f8,
0x05cf5f10,
0x95ffb410,
0x4021baf8,
0x05cfb1f2,
0x95ff480e,
0x4021bbf8,
0x05cfb2f2,
0x95ff410e,
0x4021bcf8,
0x05cfb3f2,
0x95ff3a0e,
0x4021bdf8,
0x05cfb4f2,
0x95ff330e,
0x4021bef8,
0x05cfb5f2,
0x95ff2c0e,
0x4021bff8,
0x05cfb6f2,
0x95ff250e,
0x4021c0f8,
0x05cfb7f2,
0x95ff1e0e,
0x4f21c1f8,
0x05cff7f4,
0xff174482,
0x21c2f895,
0xcfb9f240,
0xff101c05,
0x21c3f895,
0xcfbaf240,
0xff090e05,
0x21c4f895,
0xcfbbf240,
0xff020e05,
0x21c5f895,
0xcfbcf240,
0xfefb0e05,
0x21c6f895,
0xcfbdf240,
0xfef40e05,
0x21c7f895,
0xcfbef240,
0xfeed0e05,
0x21c8f895,
0xcfbff240,
0xfee60e05,
0x21c9f895,
0xcff8f44f,
0xfedf7005,
0xf64022ff,
0x04cf010a,
0x08fed90c,
0x0df64022,
0xd30c05cf,
0x13f895fe,
0x40220731,
0x05cf0cf2,
0x95ff3028,
0x05cf18f8,
0x05cf1610,
0x95ff2810,
0x07311df8,
0xc4f44f22,
0x201005cf,
0x22f895ff,
0x2a2005cf,
0x181005cf,
0x27f895ff,
0x4b1005cf,
0x101005cf,
0x2af895ff,
0x561005cf,
0x081005cf,
0x2ff895ff,
0xcc4005cf,
0x001005cf,
0x34f895ff,
0x6a2005cf,
0xf81005cf,
0x39f895fe,
0x741005cf,
0xf01005cf,
0x3ef895fe,
0x951005cf,
0xe81005cf,
0x4ef895fe,
0x208106cf,
0x568105cf,
0xf895fee0,
0x8106cf56,
0x1005cf20,
0xf895fed8,
0x1005cf5e,
0x1005cf22,
0xf895fed0,
0x1005cf64,
0x1005cf2c,
0xf895fec8,
0x8105cf6a,
0x05cfe700,
0x95fec050,
0x05cf72f8,
0x05cf4220,
0x95feb820,
0x05cf7af8,
0x05cf4e10,
0x95feb010,
0x05cf80f8,
0x05cfeb30,
0x11fea830,
0x4f227f23,
0x05cfc2f4,
0x05cfa10e,
0x1af2400e,
0x9a0e05cf,
0x240e07cf,
0x930e05cf,
0x2e0e07cf,
0x8c0e05cf,
0x5a0e07cf,
0x850e05cf,
0x640e07cf,
0x7e0e05cf,
0x6e0e07cf,
0x770e05cf,
0xcf6207cf,
0x0e05cf00,
0xf895fe70,
0x221f3114,
0xcf11f240,
0xfe681005,
0xcf19f895,
0xcf1b1005,
0xfe601005,
0xcf1ef895,
0xcf251005,
0xfe581005,
0xcf23f895,
0xcf2f1005,
0xfe501005,
0xcf2bf895,
0xcf5b1005,
0xfe481005,
0xcf30f895,
0xcf651005,
0xfe401005,
0xcf35f895,
0xcf6f1005,
0xfe381005,
0xcf3af895,
0xcf791005,
0xfe008406,
0xcf15f895,
0xcf121005,
0xfe008406,
0xcf1af895,
0xcf1c1005,
0xfe008406,
0xcf1ff895,
0xcf261005,
0xfe008406,
0x3124f895,
0xf44f221f,
0x8406cfc6,
0xf895fe00,
0x2005cf2c,
0x8406cf5c,
0xf895fe00,
0x1005cf31,
0x8406cf66,
0xf895fe00,
0x3005cf36,
0x8406cfce,
0xf895fd00,
0x2005cf3b,
0x8406cf7a,
0x22fffd00,
0xcfaff240,
0x850c8305,
0x8206cffd,
0x06cfe21a,
0x05cf4a89,
0x1af2400e,
0x008806cf,
0x3c0e07cf,
0x4a8906cf,
0x460e07cf,
0xce0e05cf,
0x51f895fd,
0x448206cf,
0xc61005cf,
0x59f895fd,
0x448206cf,
0xbe1005cf,
0x6df895fd,
0x3d1005cf,
0xb61005cf,
0x75f895fd,
0x471005cf,
0xae1005cf,
0x52f895fd,
0x048206cf,
0xa61005cf,
0x5af895fd,
0x048206cf,
0x9e1005cf,
0x6ef895fd,
0x3e1005cf,
0x961005cf,
0x76f895fd,
0x548105cf,
0x8105cfe9,
0x95fd8e2a,
0x05cf12f8,
0xcf0b5c88,
0xfd861005,
0xcf17f895,
0xcf151005,
0xfd008406,
0xcf1cf895,
0xcf1f1005,
0xfd761005,
0xcf21f895,
0xcf5c8906,
0xfd6e1005,
0xcf26f895,
0xcf4a1005,
0xfd661005,
0xcf29f895,
0xcf3c8906,
0xfd5e1005,
0xcf2ef895,
0xcf3c8906,
0xfd561005,
0xcf33f895,
0xcf691005,
0xfd4e1005,
0xcf38f895,
0xcf731005,
0xfd461005,
0xcf3df895,
0xcf941005,
0xcf3e1005,
0x0f208105,
0x208109cf,
0x8105cf36,
0x1004cf20,
0x208106cf,
0x8105cf2e,
0x1004cf20,
0x208106cf,
0x8105cf26,
0x1004cf20,
0x208106cf,
0x8105cf1e,
0x1004cf20,
0x208106cf,
0x8105cf16,
0x1004cf20,
0x208106cf,
0x8105cf0e,
0x1004cf20,
0x208106cf,
0x8105cf06,
0x1004cf20,
0x208106cf,
0xf895fcfe,
0x1005cf38,
0x208106cf,
0xf895fcf6,
0x1005cf3d,
0x208106cf,
0xf895fcee,
0x8105cf13,
0x8906cf30,
0x95fce614,
0x05cf18f8,
0x8906cf10,
0x95fcde14,
0xf0311df8,
0x148909cf,
0xf895fcd6,
0x2005cf22,
0x148906cf,
0xf895fcce,
0x1005cf27,
0x148906cf,
0xf895fcc6,
0x1005cf2a,
0x148906cf,
0xf895fcbe,
0x4005cf2f,
0x148906cf,
0xf895fcb6,
0x2005cf34,
0x148906cf,
0xf895fcae,
0x1005cf39,
0x148906cf,
0xf895fca6,
0x1005cf3e,
0x148906cf,
0xf895fc9e,
0x8306cf4d,
0x8406cf60,
0xf895fc00,
0x8306cf55,
0x1005cf60,
0xf895fc8e,
0x1005cf5d,
0x1005cf21,
0xf895fc86,
0x1005cf63,
0x1005cf2b,
0xf895fc7e,
0x1005cf69,
0x1005cf37,
0xf895fc76,
0x1005cf71,
0x1005cf41,
0xf895fc6e,
0x1005cf79,
0x1005cf4d,
0xf895fc66,
0x1005cf7f,
0x1005cf57,
0x8105cf5e,
0x8305cf00,
0x1005cf40,
0x8105cf56,
0x8305cf00,
0x1005cf40,
0x8105cf4e,
0x1004cf00,
0x008106cf,
0x8105cf46,
0x1004cf00,
0x008106cf,
0x8105cf3e,
0x1004cf00,
0x008106cf,
0x8105cf36,
0x1004cf00,
0x008106cf,
0x8105cf2e,
0x1004cf00,
0x008106cf,
0x8105cf26,
0x1004cf00,
0x008106cf,
0xf895fc1e,
0x8306cf4e,
0x1005cf20,
0xf895fc16,
0x8306cf56,
0x1005cf20,
0xf895fc0e,
0x1005cf5e,
0x148b06cf,
0xf895fc06,
0x1005cf64,
0x148b06cf,
0xf895fbfe,
0x8305cf6a,
0x8b06cf00,
0x95fbf614,
0x05cf72f8,
0x8b06cf20,
0x95fbee14,
0x05cf7af8,
0x8b06cf10,
0x95fbe614,
0x05cf80f8,
0x8b06cf30,
0x95fbde14,
0x05cf48f8,
0xcfaf1081,
0xfb008406,
0x3149f895,
0xf44f223f,
0x8406cfd6,
0xf895fb00,
0x223f314a,
0xcfb1f240,
0xfb008406,
0xcf4ff895,
0xcf0e3005,
0xfb008806,
0x3157f895,
0xf44f220f,
0x8406cfe3,
0xf895fb00,
0x2005cf5f,
0x8806cf24,
0xf895fb00,
0x1005cf65,
0x8806cf2e,
0xf895fb00,
0x1005cf6b,
0x8806cf3a,
0xf895fb00,
0x1005cf73,
0x8406cf44,
0xf895fb00,
0x5005cf7b,
0x8806cfea,
0xf895fb00,
0x2005cf81,
0x8406cf5a,
0xf895fb00,
0x8105cf50,
0x06cf0f50,
0x95fb0084,
0x05cf58f8,
0x06cf1910,
0x95fb0084,
0x05cf60f8,
0x06cf2510,
0x95fb0084,
0x05cf66f8,
0x06cf2f10,
0x95fb0084,
0x05cf6cf8,
0x06cf3b10,
0x95fb0084,
0x05cf74f8,
0x06cf4510,
0x95fb0084,
0x05cf7cf8,
0x06cf5110,
0x95fb0084,
0x05cf82f8,
0x06cf5b10,
0x00fb0084,
0x95d0472e,
0x402103f8,
0xcf5109f2,
0xfa368e05,
0xcf04f895,
0x0a768d05,
0x351005cf,
0x05f895fb,
0x0bf24021,
0xc90e05cf,
0x06f895fa,
0x40227f31,
0x05cf0cf2,
0x95fb2610,
0x402107f8,
0x05cf0df2,
0x95faba0e,
0x06cf08f8,
0x05cf4e82,
0x95fb1710,
0x05cf02f8,
0xcf016e82,
0xfb0f1005,
0x30c5f895,
0x21282207,
0x008c05cf,
0xc4f895fb,
0x05cf2720,
0x95fa9d0c,
0x2e20c7f8,
0x970c05cf,
0xa8f895fa,
0x01223f30,
0xf50e05cf,
0xcef895fa,
0x66220330,
0xee0e05cf,
0xa7f895fa,
0x00220830,
0xe70e05cf,
0x602300fa,
0x4ef24022,
0xe05e05cf,
0x80b95efa,
0x569905cf,
0x30a9f895,
0xfad8f004,
0xcf0c2208,
0xfa6e2805,
0x30aaf895,
0xcf04220f,
0xfacc0e05,
0x30c3f895,
0xcf23223f,
0xfac50e05,
0x30abf895,
0xcf05220f,
0xfabe0e05,
0xf0422e00,
0xf895877e,
0x221f30ac,
0x1405cf06,
0xf895fab4,
0x220f30ad,
0x0e05cf07,
0xf895faad,
0xcf2020c0,
0xfa420c05,
0x2121220f,
0x30c1f895,
0xa00e04cf,
0xc2f895fa,
0x05cf2220,
0x95fa351a,
0x3f30aef8,
0x05cf0922,
0x95fa930e,
0x3f30b0f8,
0x05cf0b22,
0x6efa8c0e,
0xa9f895b9,
0x05cf0f30,
0xf0042c81,
0xf895fa84,
0x227030c6,
0x0e05cf2d,
0xf895fa7d,
0xcf1620b7,
0xfa120c05,
0x20b6f895,
0x0c05cf15,
0xf895fa0c,
0xcf1820b9,
0xfa060c05,
0x20b8f895,
0x0c05cf17,
0xf895fa00,
0xcf1a20bb,
0xf9fa0c05,
0x20baf895,
0x0c05cf19,
0xf895f9f4,
0xcf1c20bd,
0xf9368206,
0x20bcf895,
0x0c05cf1b,
0xb15ef9e8,
0x20bff895,
0x0e05cf1e,
0xf895f9e1,
0xcf1d20be,
0xf9db0c05,
0x20c9f895,
0x0c05cf61,
0xf895f9d5,
0xcf6020c8,
0x00cf0c05,
0x95b9bef9,
0x6320cbf8,
0xc80e05cf,
0xcaf895f9,
0x05cf6220,
0x95f9c20c,
0x6520cdf8,
0xbc0c05cf,
0xccf895f9,
0x05cf6420,
0x95f9b60c,
0x3f30aff8,
0x05cf0a22,
0x95fa140e,
0x40210df8,
0x05cf56f2,
0xf9a82683,
0x210ef895,
0xcf57f240,
0xf9a10e05,
0xf0022e00,
0xf89586ea,
0xf24021cd,
0x462071d9,
0x78c1f240,
0xf995f004,
0x21cef895,
0xcfdaf240,
0xf9368a06,
0x00cff895,
0xdbf24021,
0x870e05cf,
0xd3f895f9,
0xdff24021,
0x800e05cf,
0xd4f895f9,
0xfcf44f21,
0x608605cf,
0xf895f979,
0xf24021d5,
0x1c05cfe1,
0x2216f972,
0x06cff44f,
0xf96c3a8c,
0xf2402218,
0x05cf41a1,
0x19f93686,
0xa2f24022,
0x600c05cf,
0x402217f9,
0x05cfa3f2,
0x02f95a0c,
0xa4f24022,
0x540c05cf,
0x402205f9,
0x05cfa5f2,
0x04f94e0c,
0xa6f24022,
0x480c05cf,
0x402201f9,
0x05cfa7f2,
0x00f9420c,
0xcff44f22,
0x3c7a8b06,
0x402203f9,
0x05cfa9f2,
0x0cf93618,
0xaaf24022,
0x300c05cf,
0x402210f9,
0x05cfabf2,
0x11f92a0c,
0xacf24022,
0x240c05cf,
0x40220df9,
0x05cfadf2,
0x05cf1e0c,
0x05cfae3c,
0x00f9180c,
0xaff24022,
0x120c05cf,
0x4f2204f9,
0x05cf96f4,
0x05cf0c60,
0xcfb11c81,
0xcf061805,
0xb2048105,
0x000c05cf,
0x288105cf,
0x0c05cfb3,
0x2214f8fa,
0xcfb4f240,
0xf8f40c05,
0xf240221a,
0x0c05cfb5,
0x220ef8ee,
0xcfb6f240,
0xf8e80c05,
0xf2402215,
0x0c05cfb7,
0x221bf8e2,
0xcf97f44f,
0xf8dc6005,
0xf2402213,
0x1805cfb9,
0x220ff8d6,
0xcfbaf240,
0xf8d00c05,
0xf2402212,
0x0c05cfbb,
0x221cf8ca,
0xcfbcf240,
0xf8c40c05,
0xf24022e1,
0x8a06cfc1,
0x22fcf836,
0x92012300,
0xcf20211f,
0x044ea205,
0x03f9a9f0,
0x0122c023,
0x00211493,
0x1408cf23,
0x2246f99f,
0xcfc2f240,
0xf8a53205,
0xf2402257,
0x0c05cfc3,
0x2231f89f,
0xcfc4f240,
0xf8990c05,
0xf2402228,
0x0c05cfc5,
0x2200f893,
0xcfc6f240,
0xf88d0c05,
0xf2402208,
0x8406cfc7,
0x2217f800,
0xcff9f44f,
0x81368105,
0x402242f8,
0x05cfc9f2,
0x53f87b18,
0xcaf24022,
0x750c05cf,
0x402260f8,
0x05cfcbf2,
0x45f86f0c,
0xccf24022,
0x690c05cf,
0x402267f8,
0x05cfcdf2,
0x20f8630c,
0xcef24022,
0x5d0c05cf,
0x048105cf,
0x05cf00cf,
0x80f8570c,
0xfaf44f22,
0x516005cf,
0x402270f8,
0x05cfd1f2,
0x05cf4b18,
0xcfd23a82,
0xf8450c05,
0xf2402282,
0x0c05cfd3,
0x2243f83f,
0xcfd4f240,
0xcf390c05,
0xcfd57805,
0xf8009c06,
0xf44f2285,
0x0c05cf00,
0x2264f82d,
0x06cff240,
0xf8275289,
0xf2402202,
0x7c8706cf,
0x8205cf21,
0x05cf0376,
0x70f81b0c,
0x01f44f22,
0x153005cf,
0xcf2405cf,
0x0f148906,
0x2c8205cf,
0x0c8906cf,
0x2246f809,
0x06cff240,
0xf8030a89,
0xf44f2283,
0x46207102,
0xfffdf003,
0xf2402210,
0x04cf2109,
0xcffff70c,
0xcf0a3004,
0xfff10c05,
0x0b3004cf,
0xeb0c05cf,
0x4f2201ff,
0x05cf03f4,
0x23ffe530,
0x0df24022,
0xdf1805cf,
0x402280ff,
0x05cf0ef2,
0x12ffd90c,
0x0ff24022,
0xd30c05cf,
0x4f2257ff,
0x05cf04f4,
0x63ffcd30,
0x11f24022,
0xc71805cf,
0x123005cf,
0xc10c05cf,
0x402240ff,
0x05cf13f2,
0x83ffbb0c,
0x05cf0323,
0xf0046ea4,
0x230ff81a,
0x0c07cf24,
0xa105cf14,
0xcf111726,
0xffa92404,
0xf44f22ff,
0x5405cf8c,
0x2340ffa3,
0x2407cf01,
0xcf0cf802,
0xf0033c07,
0xcff0fffc,
0xf0033c07,
0xa105cff6,
0x05cf1556,
0x05cf8b3c,
0x05cf8b3c,
0xcfff853c,
0x6828a806,
0x0e04cf01,
0xf895ffe3,
0xcf00208c,
0xa0068105,
0xcf2380fe,
0x06cf1804,
0xcfffd640,
0xcf6ca806,
0x00cf2806,
0x90f895ff,
0x05cf0420,
0x08fe8c28,
0xc2280bcf,
0x46f895ff,
0xd5f44f21,
0x0e04cf61,
0x2300ff56,
0xf6402240,
0x3605cf69,
0xf895ffb4,
0x06cf2095,
0xfe715c82,
0x04cf2340,
0x3606cf18,
0xf895ffa7,
0xf2402145,
0x3605cfa7,
0x8107cf3b,
0x3606cf14,
0xf895ff99,
0xcf082094,
0xcf563605,
0xcf148105,
0xff8c3608,
0x2144f895,
0xcfa6f240,
0xff203605,
0x04cfb156,
0xf0230f0c,
0x0ae88d22,
0x00462000,
0x04215f23,
0x00f808f0,
0x09cf0223,
0xff723a81,
0x2092f895,
0x4e05cf06,
0xcf02fe2f,
0x653a810b,
0x43f895ff,
0xa5f24021,
0xf94e05cf,
0x012300fe,
0x573609cf,
0x93f895ff,
0x05cf0720,
0x01fe1436,
0x4a360bcf,
0x42f895ff,
0xa4f24021,
0xde3605cf,
0x40b156fe,
0x0f62a4f2,
0x8d21fd23,
0x05cf0ce8,
0x22f00481,
0xffc6f003,
0xcf042300,
0xff304e09,
0x2091f895,
0x4e05cf05,
0xcf04fded,
0xff234e0b,
0x2141f895,
0xcfa3f240,
0xfeb74e05,
0xf240b14e,
0x220f63a3,
0x215f9300,
0x23009201,
0x188305cf,
0xac06cfff,
0x4c06cf50,
0xf895ff0a,
0xcf02208e,
0xfd508406,
0x4c0bcf20,
0xf895fefd,
0xf2402140,
0x4c05cfa2,
0x2300fe91,
0x3609cf10,
0xf895feef,
0xcf03208f,
0xfdac3605,
0x360bcf10,
0xf895fee2,
0xf240213f,
0x3605cfa1,
0x8105cf76,
0x05cfa102,
0xcffd0281,
0x5f028109,
0x568307cf,
0xc94c06cf,
0x8df895fe,
0x05cf0120,
0x40fd864c,
0xbc4c0bcf,
0x402205fe,
0x05cfabf2,
0x95fe514a,
0x402184f8,
0x05cf6cf2,
0xfe4a7684,
0x2188f895,
0xcfeef44f,
0xfe431c05,
0x528106cf,
0x5005cf6a,
0x8106cfa1,
0xcf13f22a,
0x9a2c8505,
0xd8f895fe,
0x4f227f30,
0x05cf84f4,
0x20fe923a,
0x2a04cf23,
0x8b6206cf,
0x85f895fe,
0x6df24021,
0x1f1c05cf,
0x89f895fe,
0x71f24021,
0x180e05cf,
0x8306cffe,
0x5606cf78,
0x6406cf76,
0x6f5607cf,
0xd9f895fe,
0x40227f30,
0x05cf09f2,
0x05cf6710,
0x08cf0a84,
0x95fe6056,
0x402186f8,
0x05cf6ef2,
0x95fdf448,
0x40218af8,
0x05cf72f2,
0xcffded0e,
0x6b2c8106,
0x4b5605cf,
0x8205cffe,
0x5607cf0a,
0xf895fe44,
0x8105cfda,
0x05cf852c,
0x05cf3c2c,
0xcf6b2c81,
0xfe355607,
0x2187f895,
0xcf6ff240,
0xfdc91c05,
0x218bf895,
0xcf73f240,
0xfdc20e05,
0x2c8106cf,
0x205606cf,
0x8605cffe,
0x5607cf00,
0xf895fe19,
0x8105cfdb,
0x05cf0b2c,
0x05cf1110,
0x08cf2c81,
0x95fe0a56,
0x4f2190f8,
0x05cfeff4,
0xfd9e4a82,
0x218cf895,
0xcf74f240,
0xfd975605,
0x2194f895,
0xcff0f44f,
0xfd901c05,
0x2195f895,
0xcf81f240,
0xfd891c05,
0x2196f895,
0xcf82f240,
0xfd820e05,
0x2197f895,
0xcf83f240,
0xfd7b0e05,
0x2198f895,
0x06cff240,
0xfd747282,
0x2199f895,
0x06cff240,
0xfd6d5481,
0x219af895,
0xcf86f240,
0xfd660e05,
0x219bf895,
0xcf87f240,
0xfd5f0e05,
0x219cf895,
0xcff1f44f,
0xfd587005,
0x728406cf,
0x008306cf,
0x05cffdb6,
0x07cf5086,
0xfdaf5481,
0x31e0f895,
0xf64022ff,
0x1e05cfe1,
0x8505cfa7,
0x8308cf04,
0x95fda000,
0x402191f8,
0x05cf79f2,
0x95fd3456,
0x40218df8,
0x05cf75f2,
0x95fd2d0e,
0x40219df8,
0x05cf89f2,
0x95fd260e,
0x40219ef8,
0x06cf8af2,
0x95fd0084,
0x40219ff8,
0x8906cff2,
0x95fd185a,
0x4021a0f8,
0x8a06cff2,
0x95fd1124,
0x4021a1f8,
0x05cf8df2,
0x95fd0a0e,
0x4021a2f8,
0x05cf8ef2,
0x95fd030e,
0x4021a3f8,
0x05cf8ff2,
0x95fcfc0e,
0x4f21a4f8,
0x05cff2f4,
0xfcf54681,
0x21a5f895,
0xcf91f240,
0xfcee1c05,
0x168806cf,
0x548106cf,
0x8306cf4c,
0x8107cf36,
0x95fd4554,
0x05cfe1f8,
0xcfe25481,
0xfd3d1e05,
0x810bcf01,
0x95fd3654,
0x402192f8,
0x05cf7af2,
0x95fcca48,
0x40218ef8,
0x05cf76f2,
0x95fcc30e,
0x4021a6f8,
0x05cf92f2,
0x95fcbc0e,
0x4021a7f8,
0x05cf93f2,
0x95fcb50e,
0x4021a8f8,
0x05cf94f2,
0x95fcae0e,
0x4021a9f8,
0x05cf95f2,
0x95fca70e,
0x4021aaf8,
0x05cf96f2,
0x95fca00e,
0x4021abf8,
0x05cf97f2,
0x95fc990e,
0x4f21acf8,
0x05cff3f4,
0xfc924681,
0x21adf895,
0xcf99f240,
0xfc8b1c05,
0x21aef895,
0xcf9af240,
0xfc840e05,
0x288306cf,
0x7c8406cf,
0x05cffce2,
0x07cf2a89,
0xfcdb5481,
0xcfe2f895,
0xe3548105,
0xd31e05cf,
0x0bcf10fc,
0xfccc7c84,
0x2193f895,
0xcf7bf240,
0xfc604805,
0x218ff895,
0xcf77f240,
0xfc590e05,
0x21aff895,
0xcf9bf240,
0xfc520e05,
0x21b0f895,
0xcf9cf240,
0xfc4b0e05,
0x21b1f895,
0xcf9df240,
0xfc440e05,
0x21b2f895,
0xcf9ef240,
0xfc3d0e05,
0x21b3f895,
0xcf9ff240,
0xfc360e05,
0x21b4f895,
0xcff4f44f,
0x2f468105,
0xb5f895fc,
0xa1f24021,
0x281c05cf,
0xb6f895fc,
0xa2f24021,
0x210e05cf,
0xb7f895fc,
0xa3f24021,
0x1a0e05cf,
0x288307cf,
0x548106cf,
0x05cffc78,
0x07cf3c8d,
0xfc715481,
0xcfe3f895,
0xe4548105,
0x691e05cf,
0x0bcf01fc,
0xfc625481,
0xcfdff895,
0x0e08b405,
0x5a7405cf,
0x1e8207cf,
0x728306cf,
0x840ecf53,
0x820dcf00,
0x0dcf453a,
0x00fc3e74,
0x2bf0022e,
0x406afa84,
0x9a6394f6,
0x16f34242,
0x40226384,
0x05cfebf6,
0x00fbca1e,
0xecf64022,
0xc40c05cf,
0x1804cffb,
0x0c05cff6,
0x1805cfbe,
0x0c05cff7,
0x0ccffbb8,
0xcf161486,
0xcf268105,
0xcf0f0e08,
0x0808830d,
0x42810dcf,
0x2202fc01,
0xcf7cf240,
0x96088205,
0x0c04cffb,
0x0c05cf7d,
0x0c05cf90,
0x0c05cf7e,
0x0c05cf8a,
0x8406cf7f,
0x06cffb00,
0x06cf6e8e,
0xfbe25481,
0x70b806cf,
0x608606cf,
0xf895fbdb,
0x8905cfd0,
0x05cf8052,
0x80fbd310,
0x06810bcf,
0x06cffbcc,
0x06cf088c,
0x00fbc53a,
0x09cf0123,
0x95fbbe3a,
0x05cfd4f8,
0x8806cf3a,
0x40fbb662,
0xaf3a0bcf,
0x9006cffb,
0x3a06cf4e,
0x2300fba8,
0x3a09cf20,
0xf895fba1,
0x8905cfd1,
0x05cf0170,
0xfb993083,
0x3a0bcf08,
0x06cffb92,
0x06cf4a8e,
0x00fb8b3a,
0x09cf0223,
0x95fb843a,
0x05cfd5f8,
0x05cf053a,
0x04fb7c3a,
0x753a0bcf,
0x688107cf,
0x208306cf,
0x8105cf6e,
0x3a08cf3c,
0xf895fb67,
0x8105cfd2,
0x8a06cf2e,
0x05cf5f1e,
0x08cf6881,
0xcf585282,
0xcf688107,
0xcf513a06,
0xcf028105,
0xfb4a3a08,
0xcfd6f895,
0x06cf3a05,
0xcf423c8a,
0xcf688105,
0xcf3b3a08,
0xcf688107,
0xcf343a06,
0xcf028105,
0xfb2d3a08,
0xcfd3f895,
0x032e8105,
0x2e8105cf,
0x8105cf25,
0x3a08cf68,
0x8107cf1e,
0x3a06cf68,
0x4805cf17,
0x103a08cf,
0xd7f895fb,
0x073a05cf,
0x083a05cf,
0x688105cf,
0x008409cf,
0x088305cf,
0x3e9208cf,
0xbc07cffa,
0x8a06cf4e,
0x95faf322,
0x05cfdcf8,
0x05cf113a,
0x01faeb3a,
0x50920bcf,
0x2e00fae4,
0x84c8f000,
0x6c4006cf,
0xda4005cf,
0xf22204cf,
0x06cf11b5,
0x00fad322,
0xb6f44f22,
0x684c05cf,
0x8b06cffa,
0x05cfb552,
0x05cfc64a,
0x07cf6c4a,
0x05cfbf4a,
0x08cf5abe,
0x02fab844,
0xb1440bcf,
0x402200fa,
0x05cf6df2,
0x06cf4636,
0x4407cf28,
0x2804cfa4,
0x9d4409cf,
0x8206cffa,
0x4406cf02,
0xcf04fa96,
0xcf8f440b,
0xb7088105,
0x088105cf,
0x2806cf24,
0x824407cf,
0xcf2804cf,
0xcf7b4409,
0xcf22be07,
0xfa744406,
0x440bcf08,
0x8105cf6d,
0x05cf6f08,
0x06cf0236,
0x4407cf28,
0xbe05cf60,
0x4408cf4a,
0xbf05cf59,
0x4408cf02,
0xcf10fa52,
0xcf4b440b,
0xb8088105,
0x088105cf,
0x06cff9e0,
0x06cf3891,
0x05cf3e44,
0x08cf68bf,
0x07cf3744,
0x06cf04c0,
0x20fa3044,
0x29440bcf,
0x088105cf,
0x3605cf71,
0x06cff9be,
0x06cf2691,
0x04cf1c44,
0x4409cf28,
0x06cffa15,
0x06cf0685,
0x40fa0e44,
0x07440bcf,
0x088105cf,
0x8105cfb9,
0xcff99c08,
0xcf149106,
0xf9fa4406,
0x440bcf40,
0xc007cff3,
0x4406cf16,
0xbd05cfec,
0x4408cf58,
0x9e05cfe5,
0x05cf7330,
0x06cf7a36,
0x4407cf28,
0xc005cfd8,
0x4408cf3e,
0x8106cfd1,
0xcf6df668,
0xf94a8906,
0xf44f2301,
0x06cf71db,
0x05cfc31c,
0xcfba489f,
0x58088105,
0x8806cff9,
0x06cfdb10,
0x10f90088,
0x3404cf23,
0x008807cf,
0x401c05cf,
0x06cf6ff6,
0x05cf0088,
0x07cfdc44,
0x05cfa144,
0x06cfbf44,
0x07cf008c,
0x05cfdc44,
0x01f9940e,
0x3404cf23,
0x8d2806cf,
0x8406cff9,
0x4406cf64,
0xcf20f986,
0xcf7f440b,
0x7f4c8105,
0x3e8105cf,
0x8205cf14,
0x4408cf54,
0xc105cf72,
0x4408cf1c,
0x06cff96b,
0x06cf6484,
0x04f96444,
0x5d440bcf,
0x088105cf,
0x3605cfc0,
0x06cff8f2,
0x06cf7487,
0x04f95044,
0x49440bcf,
0x8406cff9,
0x4406cf64,
0xcf08f942,
0xcf3b440b,
0x81088105,
0x088105cf,
0x06cff8d0,
0x06cf4487,
0x08f92e44,
0x27440bcf,
0x548207cf,
0x204406cf,
0x64c205cf,
0x194408cf,
0x088105cf,
0x9006cfc1,
0x06cff800,
0x06cf1e8b,
0x05cf0c44,
0x08cf5482,
0x06cf0544,
0x07cf3c84,
0xcff8fe44,
0xf710820c,
0x02a005cf,
0x8105cf83,
0xcff88c08,
0xea10820c,
0x0bcf20f8,
0xcff8e344,
0xcf648406,
0xf8dc4406,
0x440bcf40,
0x2200f8d5,
0xcfc2f44f,
0xcf6a3605,
0x08cf2805,
0x40f8c844,
0xc1440bcf,
0x8406cff8,
0x4406cf64,
0xcf80f8ba,
0xcfb3440b,
0x85088105,
0x088105cf,
0x2805cf48,
0xa64408cf,
0x0bcf80f8,
0x07cf9f44,
0xcf076881,
0x98048f05,
0x402301f8,
0x07cfb9f2,
0xcf912885,
0xc3088105,
0x009406cf,
0x8906cff8,
0x05cfb904,
0x10f88452,
0x3404cf23,
0x7d2806cf,
0xf61c06cf,
0x9806cf72,
0x4405cf00,
0x4407cfbb,
0x4405cf6f,
0x4405cfc8,
0x4407cf04,
0x4405cfbb,
0x2804cf62,
0x07cf72f6,
0xcf5b0881,
0xcf3c9c07,
0xf8544406,
0x440bcf02,
0x8105cf4d,
0x2011914c,
0xe2f00246,
0x8906cfff,
0x4406cf48,
0x2804cf40,
0x394409cf,
0x3c8405cf,
0x324408cf,
0x0bcf04f8,
0x05cf2b44,
0x71c90881,
0xc04404cf,
0x249c06cf,
0x1e4407cf,
0xcf2804cf,
0xcf174409,
0xcf3c8405,
0xf8104408,
0x440bcf08,
0x8105cf09,
0x05cf9308,
0xcf9e0881,
0xcf269f06,
0xf0024405,
0xcf08fffc,
0xf0024409,
0x06cffff5,
0x04cf6484,
0xeef00244,
0x1ac005cf,
0x024406cf,
0x00ffe7f0,
0xcaf44f22,
0x088105cf,
0x2806cf7c,
0xda4407cf,
0xcf2804cf,
0xcfd34409,
0xcf7c9c07,
0xffcc4406,
0x440bcf20,
0x2200ffc5,
0xcf95f240,
0xcf5a3605,
0x07cf2806,
0x04cfb844,
0x4409cf28,
0x9c07cfb1,
0x4406cf3e,
0xcf40ffaa,
0xcfa3440b,
0xcb088105,
0x088105cf,
0x2806cf38,
0x964407cf,
0xcf2804cf,
0xcf8f4409,
0xcf22a007,
0xff884406,
0x440bcf80,
0x8105cf81,
0x05cf9708,
0x06cf1636,
0x4407cf28,
0x2804cf74,
0x6d4409cf,
0x108207cf,
0x4405cf73,
0x2301ff66,
0xcfdef44f,
0x02288505,
0x05cf5ff0,
0xcfcc0881,
0xf4088105,
0x0aa005cf,
0xcf1c04cf,
0xcf520e04,
0x73108205,
0x4b4407cf,
0x8406cfff,
0x05cf7564,
0x05cf4444,
0x07cfdf44,
0x05cf3d44,
0x05cfd144,
0x07cfd236,
0x05cfdf44,
0x01ff300e,
0x3404cf23,
0x292806cf,
0x3c8406cf,
0x224407cf,
0x0bcf02ff,
0x05cf1b44,
0xcfa34c81,
0xb03e8105,
0x509d05cf,
0x0e4408cf,
0x0bcf02ff,
0x07cf0744,
0x06cf60a0,
0x04ff0044,
0xf9440bcf,
0x4f2200fe,
0x05cfd2f4,
0xcffe8e36,
0xcf488906,
0xfeec4406,
0x440bcf04,
0x06cffee5,
0x06cf6484,
0x08fede44,
0xd7440bcf,
0x402200fe,
0x05cfa5f2,
0xcf6c0881,
0x08cf2805,
0x05cfca44,
0x08cf7ea3,
0x07cfc344,
0x06cf66a0,
0x10febc44,
0xb5440bcf,
0x088105cf,
0x3605cfd3,
0x2805cf4a,
0xa84408cf,
0x0bcf10fe,
0x07cfa144,
0x06cf0ea0,
0x20fe9a44,
0x93440bcf,
0x088105cf,
0x8105cfa7,
0x05cf2808,
0x4408cf28,
0x9e05cf86,
0x4408cf6c,
0x9f06cf7f,
0x4407cf18,
0xcf40fe78,
0xcf71440b,
0xd4088105,
0x063605cf,
0xcf2805cf,
0xcf644408,
0xcf14a505,
0xcf5d4408,
0xcf069f06,
0xfe564407,
0x440bcf80,
0x8105cf4f,
0x05cfa908,
0xfde40881,
0x488906cf,
0x424406cf,
0x22a505cf,
0x3b4408cf,
0x108207cf,
0x4405cf76,
0x2301fe34,
0xcfbff240,
0x2d288507,
0x088105cf,
0x3605cfd5,
0x9e07cfc2,
0x05cfbf1e,
0x05cf2052,
0xcf761082,
0xcf194407,
0x6e0aa507,
0x124405cf,
0x548205cf,
0x708e06cf,
0xfe0bf002,
0x20ddf895,
0xcf75f240,
0xcf9f3805,
0xcf729e05,
0x02728e06,
0x05cffdf0,
0xcf6e009d,
0xcff64607,
0xcf62a007,
0xfdef4606,
0x460bcf20,
0xf895fde8,
0xf44f20de,
0x8806cfbb,
0xa105cf00,
0x4608cf62,
0xcf02fdda,
0xfdd3460b,
0x688406cf,
0xcc4606cf,
0x0bcf40fd,
0x95fdc546,
0x4020dff8,
0x05cf77f2,
0xfd590c81,
0x5a8206cf,
0xb74606cf,
0x66a505cf,
0xb04608cf,
0x8406cffd,
0x4606cf6a,
0xcf80fda9,
0xfda2460b,
0x20e0f895,
0xcfbcf44f,
0xcf363805,
0xcf5c8207,
0xfd944606,
0x460bcf08,
0xa007cf8d,
0x4606cf60,
0x2301fd86,
0xcfb7f240,
0x7f5c8207,
0xe1f895fd,
0x79f24020,
0x0c8105cf,
0x8207cf13,
0x05cfb75e,
0x05cf710e,
0x08cf6ca0,
0x07cf6a46,
0x06cf50a3,
0x02fd6346,
0x5c460bcf,
0xe2f895fd,
0xbdf44f20,
0xf07e05cf,
0x8b06cffc,
0x4606cf64,
0xa605cf4e,
0x4608cf6c,
0x8105cf47,
0x4608cf6e,
0xcf04fd40,
0xfd39460b,
0x20e3f895,
0xcf7bf240,
0xcfcd3805,
0xcf609e07,
0xcf2b4606,
0xcf30a605,
0xcf244608,
0xcf6e8105,
0xfd1d4608,
0x460bcf08,
0xf895fd16,
0xf44f20e4,
0x8105cfbe,
0x07cfaa0c,
0x06cf529d,
0x80fd0846,
0x01460bcf,
0x6e8106cf,
0x209305cf,
0xfcfaf002,
0x460bcf10,
0xf895fcf3,
0xf24020e5,
0x3805cf7d,
0x9d06cf87,
0x4607cf40,
0x9c05cfe5,
0x9306cf46,
0xdef00222,
0x4e9d07cf,
0x4605cf71,
0x4605cfd7,
0x028f06cf,
0xfcd0f002,
0x20e6f895,
0xcf87f240,
0xcf643805,
0xcfb94607,
0xcfc20e05,
0xcf714605,
0xcfbb4607,
0xcf348206,
0xfcb44607,
0x460bcf20,
0xf895fcad,
0xf44f20e7,
0x8105cfc4,
0xcffc4152,
0xcf328c06,
0xfc9f4606,
0x460bcf02,
0x8206cf98,
0x4607cf34,
0xcf40fc91,
0xfc8a460b,
0x20e8f895,
0xcf89f240,
0xfc1e3805,
0x348c06cf,
0x7c4606cf,
0x0bcf04fc,
0x06cf7546,
0x07cf3482,
0x80fc6e46,
0x67460bcf,
0xe9f895fc,
0xc5f44f20,
0x0c8105cf,
0x9c06cffb,
0x4607cf2a,
0xcf08fc59,
0xcf52460b,
0xcf749f07,
0xfc4b4606,
0xf44f2301,
0x8507cfdd,
0x95fc443c,
0x4020eaf8,
0x05cf8bf2,
0x07cfd838,
0xcfdd109e,
0xcf4a8506,
0xcf329f05,
0xcf2f4608,
0xcf6e8106,
0xfc284607,
0x460bcf02,
0xf895fc21,
0xf44f20eb,
0x3805cfc6,
0x9d07cfb5,
0x4606cf62,
0xcf20fc13,
0xcf0c460b,
0xcf6e8106,
0xfc054607,
0x460bcf04,
0xf895fbfe,
0xf24020ec,
0x8105cf8d,
0x9e06cf0c,
0x4608cf36,
0x9d05cff0,
0x4608cf24,
0x9e07cfe9,
0x4606cf18,
0xcf08fbe2,
0xfbdb460b,
0x20edf895,
0xcfc7f44f,
0xcf6f3805,
0xcf069d07,
0xcfcd4606,
0xcf249e05,
0xcfc64608,
0x076e8107,
0x0e04cf61,
0xcf10fbbf,
0xfbb8460b,
0x20eef895,
0xcf8ff240,
0x4c0c8105,
0x62a007cf,
0xaa4606cf,
0x09cf01fb,
0xf0023493,
0x9d07cfa3,
0x05cf743c,
0xcf9c0c81,
0x08cf4605,
0xfb95148f,
0x20eff895,
0xcf99f240,
0xcf294605,
0x06cf4607,
0xfb87168f,
0x04cf2301,
0x2a06cf36,
0x8205cf80,
0x4608cf34,
0xcf20fb79,
0xfb72460b,
0x20f0f895,
0xcfcdf44f,
0xcf008c06,
0xcf7aa007,
0xfb644606,
0x460bcf02,
0x9f07cf5d,
0x4606cf02,
0xcf40fb56,
0xfb4f460b,
0x20f1f895,
0xcf9bf240,
0xe30c8105,
0x1a9b05cf,
0x414608cf,
0x0e9f05cf,
0x3a4608cf,
0x02a007cf,
0x334606cf,
0x0bcf80fb,
0x95fb2c46,
0x4f20f2f8,
0x06cfcef4,
0x07cf0094,
0x06cf2a9f,
0x05cf1e46,
0x08cf0ea0,
0x05cf1746,
0x08cf6e81,
0x01fb1046,
0xbdf24023,
0x3c8507cf,
0xf895fb09,
0xf24020f3,
0x8105cf9d,
0x07cf9d0c,
0xcfbd169f,
0xcffb0e05,
0xcf069d05,
0xcff44608,
0xcf069d07,
0xcfed4606,
0xcf169f05,
0xfae64608,
0x20f4f895,
0x00cff44f,
0x7a7e05cf,
0x189f07cf,
0xd84606cf,
0x089d05cf,
0xd14608cf,
0x089d07cf,
0xca4606cf,
0x189f05cf,
0xc34608cf,
0xf5f895fa,
0x9ff24020,
0x573805cf,
0x1a9f07cf,
0xb54606cf,
0x0bcf40fa,
0x05cfae46,
0x08cf6e81,
0x05cfa746,
0x08cf1a9f,
0x95faa046,
0x4f20f6f8,
0x05cfd0f4,
0xcf340c81,
0xcf1c9f07,
0xcf924606,
0xcf60de05,
0xcf8b4608,
0xcf6e8106,
0x84449307,
0x1c9f05cf,
0x7d4608cf,
0xf7f895fa,
0xa1f24020,
0x113805cf,
0x469f06cf,
0x6f4607cf,
0x2ea105cf,
0x469308cf,
0x4aa107cf,
0x05cf77f6,
0x05cf6146,
0x08cf1882,
0xfa5a268f,
0x20f8f895,
0xcfabf240,
0xcfee3805,
0xcf749c06,
0x4c288f07,
0x774605cf,
0x454607cf,
0x74a107cf,
0x3e4606cf,
0x188205cf,
0x374608cf,
0xf9f895fa,
0xd6f44f20,
0x528105cf,
0x9c06cfcb,
0x4607cf76,
0xa105cf29,
0x4608cf76,
0xa107cf22,
0x4606cf76,
0x8205cf1b,
0x4608cf18,
0xf895fa14,
0xf24020fa,
0x3805cfad,
0x9c06cfa8,
0x4607cf78,
0xa105cf06,
0x4608cf78,
0x9d07cfff,
0x4606cf14,
0xcf10f9f8,
0xf9f1460b,
0x20fbf895,
0xcfd7f44f,
0x850c8105,
0x36a107cf,
0xe34606cf,
0x169d05cf,
0xdc4608cf,
0x169d07cf,
0xd54606cf,
0x0bcf20f9,
0x95f9ce46,
0x4020fcf8,
0x05cfaff2,
0x07cf6238,
0x06cf38a1,
0x05cfc046,
0x08cf189d,
0x07cfb946,
0x06cf189d,
0x40f9b246,
0xab460bcf,
0xfdf895f9,
0xd8f44f20,
0x0c8105cf,
0xa107cf3f,
0x4606cf3a,
0x7004cf9d,
0x964609cf,
0xcf1c06cf,
0xcf8f4607,
0xcf3aa105,
0xf9884608,
0x20fef895,
0xcfb1f240,
0xcf1c3805,
0xcf3ca107,
0xcf7a4606,
0xcf00a205,
0xcf734608,
0xcf00a207,
0xcf6c4606,
0xcf0c8105,
0x65308408,
0xfff895f9,
0xd9f44f20,
0x0c8105cf,
0x9e06cff9,
0x8407cf0a,
0x05cf5730,
0x08cf02a2,
0x07cf5046,
0x06cf3ea1,
0xcf495693,
0xcf0c8105,
0xf9424608,
0x2100f895,
0xcfb3f240,
0xcfd63805,
0xcf0c9e06,
0xcf344607,
0xcf40a105,
0x2d589308,
0x1ca005cf,
0x8a05cfb3,
0x05cfc230,
0xcfb4449b,
0xcfbc0c05,
0xcfb50c05,
0xcfb60c05,
0xcfb60c05,
0xcfb00c05,
0xa6309e07,
0x0e0e05cf,
0x122001f9,
0xb0ee22f0,
0x4022f023,
0x05cf6bf2,
0xf9043481,
0xcf0f2306,
0x0248e407,
0x05cffdf0,
0x6006cf3c,
0xcf80f892,
0xcf8c6009,
0xcf86600b,
0x06cf1805,
0x05cf8060,
0xcfa62a9f,
0xde0a8b07,
0x6004cff8,
0x05cfedf2,
0x05cf62cf,
0xf8703e81,
0x7e04cff0,
0x6a6a05cf,
0xe41e05cf,
0x04cf00ed,
0x21cef270,
0x009405cf,
0xda1405cf,
0xcf230fed,
0x07cf1204,
0x05cf0090,
0x07cfd014,
0x05cfcd28,
0x05cfb128,
0x05cfc614,
0x07cfcd28,
0x05cfa728,
0x08edbc14,
0x07cf5423,
0x05cf9e12,
0x00edb212,
0x54220823,
0x953805cf,
0xaa1205cf,
0x802300ed,
0x05cf5a22,
0x05cf8c12,
0x80eda012,
0x07cf5a23,
0x05cf8336,
0xcfed9812,
0x0242df08,
0x05cf15f0,
0x06cf629e,
0xcf0f3681,
0xed881e05,
0xf44f230f,
0x8107cfec,
0x02f86a68,
0x2c220f23,
0x645005cf,
0x2b2200f8,
0x01462021,
0x00fffaf0,
0x05cf2a22,
0x00fff50a,
0x05cf2922,
0x05cff00a,
0x06cf4c9c,
0x80f84f2a,
0x07cf2c23,
0x05cf4974,
0x06cf1883,
0x00f84318,
0xcf220f23,
0x0276e206,
0x05cf3cf0,
0x05cf311a,
0x97f8361a,
0x003028f8,
0xffb2f193,
0x206afa23,
0xdef00546,
0x012e00fe,
0xcf807ef0,
0x0144bd0a,
0x01b2d232,
0x36de05cf,
0x52bc08cf,
0xb31206cf,
0x16bc0bcf,
0xaa1206cf,
0xbb0acfff,
0x1206cf26,
0x08cfffa1,
0xf3411ae9,
0x06cf8005,
0x01172c86,
0xf0014620,
0x9d05cff9,
0xe908cf76,
0xcf08ff12,
0xcf4a8106,
0x0112e908,
0x05cfe9f0,
0x06cf529d,
0xe2f00120,
0x122001ff,
0xcfecf6f0,
0x013c8408,
0x05cf74f0,
0xcfb4049d,
0xcf6e0c05,
0xcfb50c05,
0xcf680c05,
0xcfb60c05,
0xcf620c05,
0xcf1c8205,
0x011c8506,
0x64ffc0f0,
0xd4f01220,
0x850acfec,
0xb6f0011c,
0x850acfff,
0xaff0011c,
0xcf3c05cf,
0xcf446006,
0xcf06c205,
0xcf3e6006,
0xcf38600b,
0x06cf1805,
0xcfff3260,
0x011c850a,
0x05cf90f0,
0x09eca460,
0x3a8307cf,
0xff87f001,
0x3a8308cf,
0x8309cf1d,
0x09cf183a,
0xcf133a83,
0x013a8309,
0xcfff72f0,
0x013a8308,
0x0bcf6cf0,
0x4fff6618,
0x1260faf4,
0x0aec7af0,
0x5c5609cf,
0xf25609cf,
0x5608cffe,
0x08cffeed,
0x05cfe856,
0x06cf209c,
0x0bcf472a,
0x0bcf4156,
0x02ff3b56,
0x50f01220,
0x09cf03ec,
0x09cf3254,
0x0dfec854,
0xc35407cf,
0xff2340fe,
0x225607cf,
0x1c3e0bcf,
0xcf560bcf,
0xcf4aa106,
0xcf101806,
0x24248305,
0x07560bcf,
0x9d5609cf,
0x07cf01fe,
0x15fe9856,
0x8d464223,
0x290108e8,
0x3cc805cf,
0xcf83f001,
0xfeee440b,
0xcf5c0acf,
0xe24a810c,
0x8405cffe,
0x0acfeb00,
0xcffed95c,
0xfe6f5c08,
0x5c07cf02,
0x2317fe6a,
0x93004642,
0xcd5a06cf,
0x018004f8,
0x0bcf54f0,
0x0bcfbf5e,
0x0bcfb95e,
0x05cfb35e,
0x0bcfc85e,
0x09cfaa5e,
0x03fe405e,
0x3b5e07cf,
0x11cf19fe,
0x0bcf255e,
0x0bcf905e,
0x0bcf8a5e,
0x05cf845e,
0x0bcf985e,
0x09cf7b5e,
0x0bfe115e,
0x0c5e07cf,
0x11cf1bfe,
0x0bcff65e,
0x0bcf6146,
0x0bcf5b5e,
0x05cf5518,
0x0bcf6a5e,
0x09cf4c5e,
0x0cfde25e,
0xdd5e07cf,
0x11cf1efd,
0x0bcfc75e,
0x0bcf3246,
0x0bcf2c5e,
0x05cf2618,
0x0bcf3a5e,
0x09cf1d5e,
0x0efdb35e,
0xae5e07cf,
0x11cf1dfd,
0x0bcf985e,
0x0bcf0346,
0x05cffd5e,
0x06cf4e9c,
0xcffdf718,
0xcf0c5e04,
0xfdee5e0b,
0x845e08cf,
0x07cf16fd,
0x60fd7f5e,
0x695e11cf,
0xd45e0bcf,
0x5e0acffd,
0x5e0bcfce,
0x5e05cfc8,
0xcf06eadc,
0xfdbf5e09,
0x5e07cf84,
0xcff0fd55,
0xfd505e07,
0x3a8608cf,
0x3c0bcf4b,
0x540bcfaa,
0x180bcfa4,
0x5405cf9e,
0x540bcfb2,
0xcf85fd95,
0xfd2b5407,
0x5407cf10,
0x5409cf26,
0x3c0bcf21,
0x540bcf80,
0x180bcf7a,
0x5405cf74,
0x2320ea88,
0xcfa1f44f,
0x6a4c8807,
0x0bcf10fd,
0xcffd630e,
0x01708d08,
0xcffcf8f0,
0x01708d08,
0xcffcf2f0,
0xea6c3a04,
0x708d0acf,
0xcf4df001,
0xea624e05,
0x708d0acf,
0xcf43f001,
0xcf581405,
0xcfcd2807,
0xcf392805,
0xcf4e1405,
0x06cf2805,
0xf001708d,
0x1405cf2f,
0x08cfea44,
0xf001708d,
0x1205cf26,
0x08cfea3a,
0xf001708d,
0x1205cf1d,
0x08cfea32,
0xf001708d,
0x1205cf14,
0x08cfea28,
0xf001708d,
0x1205cf0b,
0x08cfea20,
0xf001708d,
0x4620fc9d,
0x728d06cf,
0xcf97f001,
0x10368105,
0x002e00ea,
0xd58154f0,
0x1b3088f8,
0xb6d50406,
0xcf49ea22,
0xe872f105,
0x0e840acf,
0x08cffce7,
0xfc7d0e84,
0x168908cf,
0xcfc0fc78,
0x4f168907,
0x0109f0f0,
0xcffcd5f0,
0x4f4a8208,
0x010b5ff0,
0xcffccdf0,
0x4f668208,
0x010afdf0,
0x0bcfc5f0,
0x01080f20,
0x05cfbdf0,
0xcfe9d27e,
0xb4508a0a,
0x07cf80fc,
0xcffc4a66,
0x45508a08,
0x8308cffc,
0x09cf4042,
0x9ff00140,
0x015c09cf,
0x0bcf99f0,
0x05cf9318,
0x23e9a854,
0xcf220f46,
0xcd348e06,
0xcd9004f8,
0x01b000f8,
0xcffd14f0,
0xcfa41606,
0x01a0160a,
0x23fd09f0,
0xcf464246,
0xcd3c8e06,
0xcf8004f8,
0xfcfe2c06,
0xa11606cf,
0xa0160acf,
0xcff3f001,
0xcf5c9f07,
0x5d188e06,
0x726c05cf,
0xf40acfe9,
0x05cf0152,
0x08cf00c0,
0xf00152f4,
0x2205cf4c,
0x0acfe960,
0xfbde4c8d,
0x2c8e0acf,
0x0c05cfd8,
0x4c8d06cf,
0x0c05cfd2,
0x4c8d06cf,
0xbc07cfcc,
0x8e06cf06,
0x05cf2a2c,
0xb0e93e44,
0xcf464a23,
0x202c8e08,
0x422306fc,
0x8e08cf46,
0xcffc192c,
0xfbae600a,
0x2c8e0acf,
0x600bcfa8,
0x1805cfa2,
0x9c6006cf,
0x649c05cf,
0x2c8e08cf,
0x04cffbfa,
0x02e90e60,
0xcf464223,
0xf1448206,
0x8308cffb,
0xcffb876c,
0x82068308,
0x8308cffb,
0x05cf7d06,
0x06cf1e81,
0xcffbdc2a,
0xd606830a,
0xd0180bcf,
0x09cf0afb,
0x09cfca4e,
0x09cf604e,
0x09cf5b4e,
0x0bcf564e,
0x0bcfb536,
0x2cfbaf4e,
0x1a04cf21,
0xa90c04cf,
0x228105cf,
0x2140e8be,
0xf0084620,
0xf8d5ea9a,
0x07d83088,
0x8521f140,
0x220f2300,
0x46319300,
0xf0074620,
0xb1aef905,
0xd91a04cf,
0x06d50706,
0x001807cf,
0x06462023,
0xcfe948f0,
0x071a1804,
0x04cfd505,
0x2e04cf30,
0xfe10f005,
0xdb1404cf,
0xcfd50407,
0xf0071206,
0x04cffb6f,
0x06079812,
0xcf2605cf,
0xf0065606,
0x04cffc04,
0x40065916,
0x008378f1,
0x6cf0002e,
0x06230083,
0x04930593,
0x02930393,
0x00930193,
0x09cf2d93,
0xcfff6054,
0x075b2c04,
0xcfa0f140,
0x83692c05,
0x324a08cf,
0x088105cf,
0x3704fd6c,
0xe8bd46bd,
0x23408ff0,
0xf7fc461a,
0xf895b8f6,
0xf2402109,
0x46205111,
0xfad1f001,
0x210af895,
0xcf12f240,
0xfaca0e05,
0x210bf895,
0xcf15f240,
0xfac30e05,
0x210cf895,
0xcf2ef240,
0xfabc0e05,
0x21def895,
0x0152f640,
0xb87ef7fd,
0x90bf1913,
0x21caf895,
0xcfd6f240,
0xad1c8405,
0xcbf895fa,
0xd7f24021,
0xa60e05cf,
0xccf895fa,
0xfbf44f21,
0x7a8305cf,
0xf895fa9f,
0xf24021d0,
0x1c05cfdc,
0xf895fa98,
0xf24021d1,
0x0e05cfdd,
0xf895fa91,
0xf24021d2,
0x0e05cfde,
0x2202fa8a,
0xcf05f44f,
0xfa840c05,
0xf2402202,
0x8305cf15,
0xcffa7e24,
0x0168db08,
0xcffa78f0,
0x0168db08,
0x0bfa72f0,
0x68db07cf,
0xfa6cf001,
0xdb07cf11,
0x66f00168,
0x07cf05fa,
0xf00168db,
0xcf14fa60,
0x0168db07,
0x05cf5af0,
0x05cfa654,
0x1bfa540c,
0x68db07cf,
0xfa4ef001,
0xdb07cf08,
0x48f00168,
0x07cf06fa,
0xf00168db,
0xcf16fa42,
0x0168db07,
0x19fa3cf0,
0x68db07cf,
0xfa36f001,
0xdb07cf13,
0x30f00168,
0x07cf09fa,
0xf00168db,
0xcf04fa2a,
0x0168db07,
0x0afa24f0,
0x68db07cf,
0xfa1ef001,
0xdb07cf0d,
0x18f00168,
0x07cf0cfa,
0xf00168db,
0x08cffa12,
0xf00168db,
0xcf07fa0c,
0x0168db07,
0x32fa06f0,
0xdb06cf46,
0x00f00168,
0x07cf0ffa,
0xf00168db,
0xdc05cffa,
0x05cfb66c,
0xcff9f40c,
0x0168db08,
0x12f9eef0,
0x68db07cf,
0xf9e8f001,
0xdb07cf0e,
0xe2f00168,
0x07cf1af9,
0xf00168db,
0xdd05cfdc,
0x05cfbb04,
0x20f9d60c,
0xdb06cf46,
0xd0f0016a,
0xd8682bf9,
0x08f14001,
0x07cfe481,
0xf24070db,
0xf00178c1,
0x22fcf9c4,
0x0acf4633,
0xf00174db,
0x08cffaaf,
0x463374db,
0xa51408cf,
0x07cf27fa,
0xf00174db,
0xcf06f9ab,
0x0174db07,
0x05cfa5f0,
0xcfc40edf,
0xf99f0c05,
0xdb07cf35,
0x99f00174,
0x07cf40f9,
0xf00174db,
0x8105cf93,
0x05cfc742,
0x37f98d0c,
0x74db07cf,
0xf987f001,
0xdb07cf84,
0x81f00174,
0x07cf62f9,
0xf00174db,
0x4632f97b,
0x74db06cf,
0xf975f001,
0xdb07cf81,
0x6ff00174,
0xcd5405cf,
0x690c05cf,
0x07cf23f9,
0xf00174db,
0xcf67f963,
0x0174db07,
0x50f95df0,
0x74db07cf,
0xcf57f001,
0xd1468205,
0x511805cf,
0x07cf86f9,
0xf00174db,
0xcf43f94b,
0x0174db07,
0x75f945f0,
0x74db07cf,
0xf93ff001,
0xdb07cf20,
0x39f00174,
0x07cf24f9,
0xf00174db,
0x8105cf33,
0x05cf0170,
0xf92d2285,
0xdb07cf87,
0x27f00174,
0x07cf31f9,
0xf00174db,
0x7805cf21,
0x3005cf01,
0xcf80f91b,
0x0174db07,
0x72f915f0,
0x74db07cf,
0xf90ff001,
0xdb07cf51,
0x09f00174,
0x07cf63f9,
0xf00174db,
0x8105cf03,
0x05cf0958,
0x05cffd18,
0xcf0a40dd,
0xcf369206,
0x0b70dd05,
0x368a06cf,
0x07cf28f8,
0xf00174db,
0xdd05cfeb,
0x05cf0d7c,
0x32f8e518,
0xdb06cf46,
0xdff00174,
0x07cf10f8,
0xf00174db,
0xdd05cfd9,
0x05cf0434,
0x47f8d330,
0x74db07cf,
0xf8cdf001,
0xdb07cf36,
0xc7f00174,
0xfd2220f8,
0xcfb904f7,
0x4000e008,
0x0179c1f2,
0xcff8bcf0,
0x9010840d,
0x0803f04f,
0xf9a5f001,
0x22c04633,
0x1405cf14,
0x308d05cf,
0x9bf00190,
0x08e009cf,
0xcfa1f001,
0xcf68dd05,
0x9b148406,
0x09cf85f8,
0xcf951484,
0xcf18de05,
0x8f148406,
0x04df05cf,
0x148406cf,
0xcf40f889,
0x83148409,
0x5c8105cf,
0x148406cf,
0x3005cf7d,
0x148406cf,
0xde05cf77,
0x8406cf30,
0x09cf7114,
0xf00108e0,
0xcf62f86b,
0x65148409,
0xcf4805cf,
0x5f148406,
0x09cf37f8,
0xf8591484,
0x8409cf51,
0x09cf5314,
0xf00108e0,
0xcf04f84d,
0x47148409,
0x09cf21f8,
0xcf411484,
0xcf548205,
0x3b148406,
0x00e105cf,
0x148406cf,
0xa105cf35,
0x8406cf22,
0x26f82f14,
0x148409cf,
0x6c05cf29,
0x148406cf,
0xcf05f823,
0x1d148409,
0x09cf18f8,
0xf8171484,
0x8409cf40,
0x05cf1114,
0x06cf52e3,
0xf80b1484,
0x8409cf25,
0x06f80514,
0x148407cf,
0xfffff000,
0x8407cf87,
0xf9f00014,
0x07cf30ff,
0xf0001484,
0x04cffff3,
0x05cf0a6c,
0xcfffed0c,
0xcf0b4804,
0xffe70c05,
0x8407cf26,
0xe1f00014,
0x07cf05ff,
0xf0001484,
0xe009cfdb,
0xd5f00008,
0xcf4642ff,
0x00148406,
0xff00cff0,
0x8407cf27,
0xc9f00014,
0x07cf16ff,
0xf0001484,
0xcf45ffc3,
0x00148407,
0x80ffbdf0,
0xfaf7fc22,
0x07cf53bf,
0xf0002cd0,
0x08cfffb4,
0xf0002cd0,
0x2253ffae,
0xbbe8f7fd,
0x08cf4632,
0xcfffa51e,
0x06cf0c04,
0x05cf9f1e,
0x05cff60c,
0x32ff990c,
0xd9f7fd46,
0x1a2340bb,
0xf9f7fe46,
0x329606bf,
0x04960523,
0x02960396,
0x00960196,
0x9ae49396,
0x96f57f06,
0x09cf02ac,
0xfa76608d,
0x6afbe48e,
0x9600220f,
0xf5b34631,
0x46206f16,
0x233cbfd8,
0x2332bfc8,
0xf9fef006,
0x2142f895,
0xf2404620,
0x3a0261a4,
0xf000b2d2,
0xa105cf69,
0x1204cf02,
0x1207cfa1,
0xa00bcf60,
0xbef00004,
0x112001ff,
0x80ecd2f0,
0x1a462023,
0x1604cf46,
0xcfb4f000,
0xecc81405,
0x2e00e46a,
0xac68f47f,
0x20c8e7d4,
0x09fff04f,
0xecbef011,
0x20b1f895,
0x210d4620,
0xff3cf000,
0x20b2f895,
0x21104620,
0xff36f000,
0x20b3f895,
0x21114620,
0xde05cf00,
0x2030b436,
0x12220746,
0x65f04f21,
0x05cf000b,
0x04cf00e0,
0x05cff012,
0x00087f12,
0x95ff83f0,
0x2030b5f8,
0x13221f46,
0x64f04f21,
0x7af0000a,
0xc4f895ff,
0x27462020,
0x0ff00021,
0xc5f895ff,
0x284205cf,
0x6df00021,
0x002380ff,
0x3d461a96,
0x788205cf,
0x2340ff11,
0x461a4631,
0x600c04cf,
0x3d2340ff,
0x00461a21,
0x0e04cf96,
0x8105cf04,
0x0bec6e36,
0x0f463023,
0x00212c22,
0x32ff50f0,
0x2b463046,
0xe6f00021,
0x0a04cffe,
0xf000212a,
0x0a05cfe1,
0xf0002129,
0x4633fedc,
0xcf804630,
0xff3b2a05,
0x46302380,
0x04cf461a,
0x33ff350c,
0x301605cf,
0x2ff00046,
0x445405cf,
0x202303ec,
0x265407cf,
0x304620ff,
0x5404cf22,
0x4623febc,
0x8b05cf4a,
0x2a900478,
0x00f8cd21,
0xa6f000b0,
0x424623ff,
0x801406cf,
0x1404cf29,
0x9cf000a0,
0x8206cfff,
0x7404cf5c,
0x4633ff07,
0x7407cf20,
0x1807cf01,
0xfb0c04cf,
0x7406cffe,
0xf0004620,
0x04cffef5,
0x0bcf0a74,
0xcffeec74,
0xcf827408,
0xcf6c7413,
0xcf627413,
0xfecd740b,
0xc7740acf,
0x740acffe,
0x740bcfc1,
0x7405cfbb,
0x0acfebd0,
0x09cfb274,
0x13cf4874,
0x13cf3274,
0x07cf2874,
0x04cf5c81,
0x0bcf9374,
0x0bcf8d74,
0x20fe8774,
0x7606cf46,
0xcf81f000,
0xeb967405,
0xb919f7ff,
0xf47f2e00,
0xf7ffaae4,
0xb5f8bb01,
0xb138af00,
0xd1012901,
0xb11b7803,
0x18454604,
0xd10042ac,
0x4626bdf8,
0x0b01f814,
0xeb7af011,
0x2b0a7833,
0x200dd1f4,
0xeb74f011,
0x4870e7f0,
0xc000e92d,
0xe001e1a0,
0xb010e280,
0x4004e28d,
0x5004e5db,
0xf211e204,
0x600ee730,
0x1092e1a0,
0x1071e061,
0x0009e6ef,
0x1030e351,
0x00029281,
0x00009a00,
0x1037e355,
0x10571281,
0x10010281,
0xe001e54e,
0x1000e28e,
0xfff1e250,
0x00021aff,
0xe003e314,
0x202de204,
0x200013a0,
0x600115c6,
0x200c1286,
0x0003e046,
0x0003e152,
0x300931a0,
0x0002e204,
0x000821a0,
0x3030e353,
0x302003a0,
0x000213a0,
0x0030e35e,
0x30010353,
0xe0010242,
0x50300240,
0x000603a0,
0xe00c0a00,
0x000ee046,
0x0007e150,
0x30019a00,
0xfffae4c6,
0x5003eaff,
0x3001e7cc,
0x000ee283,
0xfffbe153,
0x302d3aff,
0x300ee3a0,
0x0001e7cc,
0x3001e314,
0x2001e24c,
0x20011242,
0xc0020240,
0xe001e08c,
0x000ee042,
0x0000e151,
0x88703a00,
0xe001e8bd,
0x1001e5d3,
0x4000e281,
0x4001e5dc,
0xe001e5e3,
0xfff5e44c,
0xb40feaff,
0xe92d4b86,
0xb0a241f0,
0xb9a3af02,
0x0498f107,
0xf854260a,
0x46800b04,
0xf8154645,
0xb98b3b01,
0x0100eba8,
0xff51f7ff,
0x3000f898,
0x2101b973,
0xf7ff487b,
0x2000ff4a,
0x9606cf80,
0xb004410a,
0x2b254770,
0x46a8d0eb,
0xf898e7e5,
0x2b2d3001,
0x2200d042,
0x2b30782b,
0xf042d102,
0x35010208,
0x3b30782b,
0xd83f2b09,
0x23004628,
0xf8104605,
0xf1a11b01,
0xf1bc0c30,
0xd9310f09,
0x292e7829,
0x7868d10a,
0x38301c69,
0xd82f2809,
0x3101460d,
0x04cf7828,
0x29d9f90c,
0x08296c78,
0x293501bf,
0x57296278,
0x4fd82ad0,
0x20d06329,
0x002900d8,
0x4480aff0,
0x20d11f29,
0x04f10468,
0x0046640c,
0xe0ea4f28,
0x00f17171,
0x40da020c,
0x02f04242,
0x0a920002,
0x08e04422,
0x010502f1,
0x06e7b922,
0x301303fb,
0x00e7c13b,
0x0de7c723,
0x55e7d346,
0x58d04629,
0x01d05029,
0x37462821,
0x38296fe0,
0x63d803d0,
0x64d04f29,
0x75e7d429,
0x78d03829,
0x73d03b29,
0x04d1ef29,
0x240804f1,
0xa1462168,
0x110c04eb,
0x000b01f8,
0x63d1f928,
0x63bf3845,
0x01f01246,
0x5b461902,
0xa12320d1,
0x82000ceb,
0xacd36342,
0x640c01eb,
0x45428144,
0x3b5c23d9,
0xf9300154,
0x04f104e7,
0x6468200c,
0x02920046,
0x38460122,
0xc8f7ff46,
0x0806cfee,
0xe036feab,
0x001e06cf,
0x08466492,
0x09cfef22,
0x0bcfa22c,
0xe3221036,
0x420e07cf,
0x640204f0,
0x00e7f546,
0x04f1042b,
0x08782008,
0x122301bf,
0x090201f0,
0x201e59d1,
0x14428a24,
0x80f107d3,
0x01441102,
0x040c80f8,
0x017038e0,
0x9a212022,
0x19d30642,
0x05cf4446,
0x68fe7370,
0xb9e7161c,
0xf3320154,
0x0154bce7,
0x02e7e532,
0x05456246,
0x912320d1,
0xbbd9ed42,
0xfa320154,
0xcf5ca3e7,
0xe7f30804,
0x940604cf,
0xe53d01e7,
0x00bf00e7,
0x7a000000,
0x80fe024b,
0xfeaf00b5,
0x030000e7,
0x03000400,
0x04cf0100,
0x0404cf17,
0x10002400,
0x0bcf2400,
0x08000310,
0x02000300,
0x20200bcf,
0x0dcf2400,
0x24004010,
0x24000400,
0x24008000,
0x15000800,
0x17001001,
0x15001001,
0x17000101,
0x16000101,
0x18001001,
0x16001001,
0x18000101,
0x15000101,
0x17002001,
0x15002001,
0x17000201,
0x16000201,
0x18002001,
0x16002001,
0x18000201,
0x15000201,
0x17004001,
0x15004001,
0x17000401,
0x16000401,
0x18004001,
0x16004001,
0x18000401,
0x15000401,
0x17008001,
0x15008001,
0x17000801,
0x16000801,
0x18008001,
0x16008001,
0x18000801,
0x01000801,
0x03004000,
0x09cf8000,
0x00002081,
0x05990598,
0x0ccf0868,
0x9b059a12,
0x40086805,
0x9c120bcf,
0x68059d05,
0x0bcf2008,
0x9f059e12,
0x10086805,
0xa0120bcf,
0x6805a105,
0x0bcf0808,
0xa305a212,
0x04086805,
0xa4120bcf,
0x6805a505,
0x820acf08,
0xa600001e,
0x6805a705,
0x820acf08,
0xa8000050,
0x6905a905,
0x10810dcf,
0x05ab05aa,
0x00400869,
0x01120001,
0x01000010,
0x05ac007f,
0x086a05ad,
0x1205cf80,
0x01040001,
0x05ae007f,
0xcf6a05af,
0x01132405,
0x01080010,
0x05b0007f,
0x086a05b1,
0x1205cf20,
0x08e10001,
0x05b200ff,
0x086a05b3,
0x3605cf10,
0x01010020,
0x05b4007f,
0x086a05b5,
0x1205cf08,
0x01050002,
0x05b6007f,
0x086a05b7,
0x3605cf04,
0x01090020,
0x05b8007f,
0x086a05b9,
0x1205cf02,
0x08e20002,
0x05ba00ff,
0x086a05bb,
0x3605cf01,
0x01020040,
0x05bc007f,
0xcf6b05bd,
0x04108107,
0x7f010600,
0xbf05be00,
0x07cf6b05,
0x00401081,
0x007f010a,
0x05c105c0,
0x8107cf6b,
0xe3000410,
0xc200ff08,
0x6b05c305,
0x108107cf,
0x01030080,
0x05c4007f,
0xcf6b05c5,
0x08108107,
0x7f010700,
0xc705c600,
0x07cf6b05,
0x00801081,
0x007f010b,
0x05c905c8,
0x8107cf6b,
0xe4000810,
0xca00ff08,
0x6b05cb05,
0x108105cf,
0x00800114,
0x007f0111,
0x05cd05cc,
0x820dcf69,
0x0b0bcf56,
0xcf1616cf,
0x58cf2c2c,
0x3333cf58,
0xf44f00c9,
0x2212737a,
0x2400b590,
0xf1f3fbb1,
0xeb01af00,
0x435103c1,
0x03f4f503,
0xf5034a08,
0xfb935390,
0x216cf3f1,
0x2100fb01,
0x3024f841,
0x2c1b3401,
0xeb02d1fa,
0xf8c00080,
0xbd9010d8,
0xfe024e3c,
0x4ff8e92d,
0x086cf04f,
0xaf004e11,
0xf44f4681,
0xf24064ac,
0xfb085b96,
0xf1a86800,
0x46210a04,
0xf0004648,
0x1c61fa4d,
0x46053402,
0xb2892280,
0xb2a44648,
0xfab2f000,
0xea45455c,
0xf84a0040,
0xd1ec0f04,
0xcf89eb06,
0xbd805204,
0xcf8ff8e8,
0xb5b05404,
0x4605291a,
0xd905af00,
0x49114a11,
0xf7ff4812,
0xe7fefcc4,
0xeb044c11,
0xf8d40480,
0xb99b30d8,
0xffc3f7ff,
0x490a4a0e,
0xf7ff480e,
0x4629fcb6,
0xf7ff480d,
0x04cffcb2,
0x0bb92b1c,
0x0549044a,
0xaaf7ff48,
0x00e7fefc,
0x00bdb020,
0x025317bf,
0x0252b8fe,
0x02532bfe,
0x6004cffe,
0xfe02533e,
0xfe025350,
0xfe025364,
0xfe025382,
0x2300b5f8,
0xaf004606,
0x460d6013,
0xf7ff4614,
0xb938ffbf,
0xeb034b04,
0xf8d30386,
0xf85330d8,
0x60233025,
0xbf00bdf8,
0x708106cf,
0x460641f0,
0xaf00460d,
0xf7ff4690,
0xb9f0ffaa,
0xf8344c14,
0xb9511035,
0x49134a13,
0xf7ff4814,
0x4629fc6e,
0xf7ff4813,
0xe8bdfc6a,
0x00ed81f0,
0xf1b8442c,
0xd00c0f00,
0x463078a3,
0xf000461a,
0x79a3fa3b,
0x88a1461a,
0xf0004630,
0x04cffa35,
0xa2464324,
0x0e04cf78,
0x4643fa2e,
0xe7f179a2,
0xfe024b7c,
0xfe025395,
0x06cf52cc,
0x53b12881,
0x007806cf,
0x82460623,
0x0daf00b0,
0xff607b46,
0xb0ff6cf7,
0x124b21b9,
0x04469824,
0x943405fb,
0x9220d8f8,
0xdcf894b1,
0xb4463020,
0x0010daf8,
0x50fa00f0,
0xe0f894b9,
0xde1005cf,
0xf8f00010,
0x06cf08f9,
0x3a81028f,
0x3046291d,
0x83f7ff46,
0xf42800ff,
0x2b687bd1,
0x104a10b9,
0xff481149,
0xfefc10f7,
0x802312e7,
0x03463022,
0xb58505fb,
0x0010e4f8,
0xb5f9dcf0,
0x0410e2f8,
0x00463046,
0x7bf968f0,
0x44ea4068,
0x5c224000,
0x02fb1008,
0xf3fbb040,
0x05cfd3f0,
0x53d63081,
0xcfe0fe02,
0x2d648207,
0x004ff0e9,
0x83460523,
0x0eaf00b0,
0x05cf9346,
0xff152e81,
0x28004682,
0x2e09d14a,
0xf44fd84d,
0x462861a6,
0xf941f000,
0x049806cf,
0x4680027f,
0x491004cf,
0x102001f9,
0xdfeec2f0,
0x1290d4f8,
0x28230024,
0x06fb0446,
0xe8f89494,
0xe6f8b420,
0x9ef00010,
0xd8f894f9,
0x94b37b30,
0x2820dcf8,
0x668107cf,
0xbb38f98d,
0x20e0f894,
0xf38bfa5f,
0x10def8b4,
0x8a4804cf,
0x282312f9,
0x06fb0346,
0xe8f89999,
0xe6f8b930,
0x00461a10,
0x09f97ff0,
0x68d80a2e,
0x28027ff0,
0xcfb2d246,
0xcf107a06,
0xee8a7205,
0xcf0c4650,
0x8028a707,
0x3ae7bf46,
0x2846311d,
0xf3f7ff46,
0x7cb9e0fe,
0x0eb92c68,
0x0f490f4a,
0x81f7ff48,
0x04e7fefb,
0x4ff40bfb,
0x280b12f0,
0x06fb0b46,
0xa434209b,
0xbbb2e209,
0x0010e2f8,
0x63f8eaf0,
0x80f00310,
0xbb228003,
0xba10e4f8,
0xd34682e7,
0xd6bf00e7,
0xf2fe0253,
0x188207cf,
0x8e05cf7c,
0x002a601c,
0x04d905af,
0x05cf054a,
0xfb572685,
0xf7ffe7fe,
0xbd80ff66,
0x53f7bf00,
0x5305fe02,
0x692c06cf,
0x6f6e5f73,
0x61765f74,
0x5f64696c,
0x5f636472,
0x73006469,
0x745f7465,
0x6e696172,
0x5f676e69,
0x61707962,
0x70007373,
0x645f7968,
0x705f6c6c,
0x65736168,
0x7465675f,
0x0ecf5f00,
0x74657313,
0xcf250fcf,
0x52451204,
0x5f524f52,
0x5f434452,
0x5f54554f,
0x474e4152,
0x64640045,
0x72655f72,
0x25203a72,
0x20292873,
0x090a7325,
0x52415700,
0x2605cf4e,
0x5f544f4e,
0x54494e49,
0x772505cf,
0xcf6e7261,
0x06cf260c,
0xcf651581,
0x5b288105,
0x205d6425,
0x6e207369,
0x6920746f,
0x0a74696e,
0xcf6b0bcf,
0x0bcf4509,
0x52545f57,
0x494e4941,
0x425f474e,
0x53415059,
0x06cf0053,
0x64692481,
0x684905cf,
0x4a04cf61,
0x8108cf20,
0x06cf2075,
0x0ccf7581,
0x3f05cf54,
0x555f4445,
0x04cf3249,
0x5f53490f,
0x4f52455a,
0x442107cf,
0x48504c4c,
0x5f455341,
0x5f4f4f54,
0x4752414c,
0xb5800045,
0x6800af00,
0xb580bd80,
0xaf006001,
0x0a0abd80,
0xb2c94b06,
0x0089b580,
0x4170f101,
0xf501af00,
0x601a2158,
0xb2c06808,
0x83f8bd80,
0x0a08f00d,
0x0089b2c9,
0x04cf4b05,
0xcfb5801e,
0xaf001e04,
0x600a6018,
0xbf00bd80,
0x2d2004cf,
0x0647f0e9,
0x00468846,
0x9a4691af,
0x3d240046,
0x05cf416a,
0xffd35c86,
0x0009ea00,
0xd00a4550,
0xf0102001,
0xb105ed58,
0x42ac3401,
0xf04fddf0,
0xe8bd30ff,
0x200087f0,
0x000605cf,
0x460bb580,
0xaf004288,
0xf04fd01c,
0xd90c0201,
0xf102fa03,
0xd0164288,
0x2a083201,
0x4601d1f8,
0x480b4a0a,
0xfa44f7ff,
0xcf43e7fe,
0xcf091a05,
0x4a061a09,
0xf7ff4806,
0xe7fefa37,
0x46102200,
0xbf00bd80,
0xfe02573a,
0xfe02573d,
0xfe025777,
0xfe02577a,
0x4614b598,
0xf7ffaf00,
0x4020ff8d,
0xe92dbd98,
0x461441f0,
0xaf004698,
0x460e4605,
0xff82f7ff,
0x0004ea20,
0x0408ea04,
0x46314304,
0x4628b2e2,
0xff88f7ff,
0x81f0e8bd,
0x23004a20,
0x588106cf,
0x8a05cf91,
0x1b4b1d16,
0x01f01368,
0x1bd1310f,
0x06d52306,
0xbaf5a223,
0x74f8c272,
0x15469231,
0x00f8c968,
0xed4b1630,
0x982d01b2,
0xe4681c46,
0x01d901b2,
0x22d8042c,
0x12462946,
0xe8f7ff48,
0x023d02f9,
0xed23063c,
0x2804cfb2,
0xf8cab2e4,
0x04cf5000,
0x00f8c80a,
0x07463040,
0xcff88ef0,
0xf8f20604,
0x21002301,
0x8205cf1a,
0xcfffac38,
0xcf188205,
0x005c8205,
0x90f00d80,
0xb0f00d82,
0x13fe0257,
0x00b5f84a,
0x05cf0423,
0x4b111081,
0x07d9681b,
0x061bd51c,
0x4e0fd50e,
0x4d0f2006,
0x68316010,
0x31026010,
0xb2c9682b,
0x33026010,
0xb2db6031,
0x602b6010,
0x22012300,
0x46204619,
0xff80f7ff,
0xf0074620,
0x04cff856,
0xf8f8ba06,
0x5c8305cf,
0x846004cf,
0x6406cf82,
0x43f8e92d,
0x46064615,
0x4618af00,
0xf8974688,
0x8c399024,
0xfef0f7ff,
0xea094649,
0x46280400,
0xff2af7ff,
0xd10745a9,
0x464a4623,
0x628306cf,
0xe8bdff57,
0xb2c383f8,
0xfa04d204,
0xb2dbf303,
0xe7f2462a,
0xf303fa44,
0xb580e7f9,
0xaf006800,
0xbd804008,
0x4614b5f8,
0xaf004605,
0xf7ff460e,
0xb243feca,
0x46314020,
0xea244058,
0x46280200,
0xb2d2405a,
0x00cff7ff,
0x03bdf8fe,
0x5ab58068,
0x00400a40,
0x02405aaf,
0x80bd8060,
0x004291b5,
0x51d202af,
0x51404a40,
0x00230140,
0x01fa0368,
0xc34093f1,
0x080141eb,
0x8040d040,
0x0ecf98bd,
0xfa042422,
0x4094f101,
0x0141ebc4,
0xf202fa03,
0xffd6f7ff,
0x708305cf,
0x05cf0647,
0xfa5f7083,
0xfa5ff982,
0x2400fa81,
0x464a6a3d,
0x8105cf51,
0x40ffcd3e,
0x1c8507cf,
0x06cfec0a,
0xd9f11c85,
0x1c850ecf,
0x65003c3c,
0x726f7272,
0x6d203a20,
0x5f6b7361,
0x72646461,
0x7473645f,
0x25783028,
0x29783230,
0x73252120,
0x1b0bcf3d,
0xcf637273,
0x000a1b08,
0x12cf3e3e,
0x3925cf3d,
0xcf3608cf,
0xcf2f1106,
0x3c200706,
0x000a3220,
0x00b59800,
0x00460422,
0xff2129af,
0x20fe33f7,
0x2a220046,
0x2ef7ff21,
0x2b0a05cf,
0x29f7ff21,
0x024620fe,
0xff212c22,
0x20fe24f7,
0x05cf8246,
0xcffe1f0a,
0x46201204,
0xfe1af7ff,
0xb5b0bd98,
0x04cf2900,
0x00f04f42,
0x29f04f02,
0x00f04f01,
0x80bf0805,
0x0bf7ff25,
0x065009cf,
0x20462afe,
0x5004cf46,
0x4620fe01,
0x4605cf0a,
0x4620fdfc,
0x0a05cf8a,
0x04cffdf7,
0x5004cf12,
0xbdb0fdf2,
0xcf04b5b0,
0x290c9005,
0xeaf7ff21,
0x3804cffd,
0xe54204cf,
0x8108cffd,
0x20fde012,
0x05cf0346,
0x20fddb38,
0x05cf8346,
0x09cfd60a,
0x01fdd114,
0x4af01020,
0x05cfb0eb,
0xcf041c87,
0x16468805,
0x00212946,
0xff461d22,
0x42fdc2f7,
0x05cf2a46,
0x07cfbd6a,
0xf7ff18bf,
0xcf08fdb8,
0xfdb37e07,
0x0a07cf88,
0x1409cfae,
0x5005cfa9,
0xf240eb22,
0x1005cf65,
0xf240fd91,
0x60302175,
0x8b0c04cf,
0xbd6028fd,
0x9881f0e8,
0x04460ab5,
0x17af0046,
0xa0f7ff21,
0x004620ff,
0xff212922,
0x20fd8cf7,
0x05cfb046,
0xfd877e81,
0xcf844620,
0x823c8105,
0x064620fd,
0x288105cf,
0x4620fd7d,
0x0a05cf86,
0x1409cf78,
0x2006fd73,
0xeaecf010,
0x588806cf,
0x8507cf98,
0x29461466,
0xffb2da21,
0xc8fd64f7,
0x282207f3,
0x0e8205cf,
0x00e2fd5e,
0x0278f002,
0x4802f3c8,
0x12c6ea42,
0xea424628,
0x212b0208,
0xf7ffb2d2,
0xf3c6fd50,
0xcf280343,
0xff08a405,
0x80fdaef7,
0x05cf2823,
0xf7ff3ea3,
0x2300fda8,
0xa305cf28,
0xa2f7ff3e,
0x004628fd,
0x380a05cf,
0x628105cf,
0xe8bdeab2,
0xb5b081f0,
0x04cf22ff,
0xff211876,
0xfffd8af7,
0x17460422,
0xff462821,
0x40fd84f7,
0xb02004ea,
0x4fb5b0bd,
0xcf61a6f4,
0xf7ff2204,
0x08cffd0c,
0xcf046a90,
0x145a8f05,
0x8e4805cf,
0x0bcf64ea,
0xf7ff0e90,
0x1605cf09,
0x05cfea82,
0x00471083,
0x05cf9929,
0x03012a84,
0xbf084604,
0x46162364,
0xf2404698,
0xf24065b3,
0x46296ab7,
0x22003501,
0xb2ad4620,
0xfceef7ff,
0xd1f64555,
0x64a906cf,
0xfcd7f7ff,
0x056a08cf,
0x788805cf,
0x4640fcdf,
0xea58f010,
0xeb05cf33,
0xcf03f026,
0xff7ec906,
0x4bfd38f7,
0xcf462046,
0xff7ec906,
0x05cf31f7,
0xf2403284,
0xf7ff61b3,
0x4620fcc6,
0x52bb06cf,
0xcfc0f7ff,
0x403abf05,
0xff61b5f2,
0x07cfbaf7,
0xff61b618,
0x65fcb4f7,
0x20027ff0,
0x3a8109cf,
0x6605cfac,
0xe8bdea26,
0xf01087f0,
0xb5800f40,
0x03dcf04f,
0x003ff000,
0x2364bf08,
0xeb03af00,
0xbd800080,
0xf04f28db,
0x04cf02dc,
0x9803401c,
0xa02264bf,
0x4f0002eb,
0x980204f0,
0x002300bf,
0xf2fb90af,
0xc04318f0,
0x80bd80b2,
0x000643b5,
0xcfd508af,
0xeb004004,
0x00400040,
0x1049f200,
0xbd80b280,
0xd8042810,
0x961206cf,
0xcfe7f630,
0x3095200a,
0xb580e7ef,
0x7fa4f5b0,
0x0306f04f,
0xd908af00,
0x72a4f46f,
0xfb904410,
0xf040f0f3,
0x04cf0040,
0x0328f656,
0xcf3896d8,
0xe7f71204,
0xe7fa3895,
0x736ff241,
0xf2414298,
0xf2411294,
0xbf887170,
0xb580460a,
0x128106cf,
0xf04f0241,
0xcf880340,
0x0016810f,
0x03010000,
0xff010101,
0x40001003,
0x025be000,
0x000000fe,
0xfff0ff00,
0x0805cfff,
0x04cfffff,
0x10cf0f04,
0x2020cf10,
0xf44fb580,
0xaf007165,
0xfbfaf7ff,
0x000ff000,
0xb598bd80,
0x215422c0,
0x4604af00,
0xfc5ef7ff,
0x1087f3c0,
0x04cfb158,
0xff462012,
0x05cf56f7,
0x4f280110,
0x0830fff0,
0x982001bf,
0x06b5f8bd,
0x00460c46,
0x632500af,
0x48429d89,
0x407925db,
0x30782221,
0x45016d46,
0xa21582ea,
0xff431578,
0x6dfbcdf7,
0x67f020b2,
0x00ea4500,
0x30214002,
0xffb2d246,
0x23fbd3f7,
0x03463089,
0xc3214322,
0xff2301f3,
0x23fc30f7,
0xff46307a,
0xff214222,
0x63fc2af7,
0x3f463078,
0xff214122,
0xa3fc24f7,
0x0c04cf79,
0x033ff003,
0xf7ff215b,
0x88e3fc1c,
0x5c2804cf,
0x87f3c321,
0x14f7ff13,
0x307963fc,
0x5b228046,
0x0301db21,
0xff0380f0,
0xe3fc0bf7,
0x4422ff78,
0xff463021,
0xf8fc05f7,
0x0568e3bd,
0x896187f5,
0x5a4630b2,
0xff35015d,
0xa9fb96f7,
0x04b5f0e7,
0x83460e46,
0x06af02b0,
0x6cfcccf0,
0x5c8105cf,
0x216cfb7a,
0xf0004605,
0x04cf02df,
0x45fb830e,
0xd20220f0,
0x1c06cfb2,
0xcf40fb7c,
0xfb680805,
0x2405cf40,
0x2405cf7f,
0xf065fb71,
0xb2d2027f,
0x6a1c06cf,
0x43230afb,
0x20930021,
0x1a234046,
0x72f7ff46,
0x052220fb,
0x43f04f1e,
0x6f462001,
0x180301f0,
0xff461dbf,
0xc0fbb5f7,
0x6f1047f3,
0x000302f0,
0x1204cf28,
0x2280b996,
0x4005cf43,
0x0603fba8,
0xf04fd501,
0x462035ff,
0x52c205cf,
0xa5f7ff21,
0x044628fb,
0xf046bd37,
0x022e01bd,
0x412280d1,
0x40e7e921,
0x05cf4122,
0xc0fb9030,
0x001087f3,
0xe4d0e728,
0xcf0000e7,
0x030a8b08,
0x35f7ff49,
0x05cf29ff,
0xff8c7c86,
0xcfccbdb0,
0xcf288407,
0xb0249e38,
0x05cf01b5,
0x460d328c,
0xf7ffd10b,
0xcf00fbbc,
0xffc87c05,
0x5e8706cf,
0x4628fb6a,
0x2903bdb0,
0xf7ffd103,
0x2101fbae,
0xcf02e7f0,
0xfba80c05,
0xe7ea4629,
0x2200460b,
0xf0004611,
0x4605fdb5,
0x0000e7ea,
0x4ff0e92d,
0x4976460e,
0x4690b091,
0xaf002300,
0x461a4604,
0x0f02f1b8,
0x8087f040,
0x0508f107,
0x0023f851,
0x0023f845,
0x2b0e3301,
0xf8dfd1f2,
0x2500a1f8,
0x91a8f8df,
0xb1f0f8df,
0x449c06cf,
0x042e04cf,
0x38f8d9d1,
0xc91c6b50,
0x013038f8,
0x29465035,
0x34f7fe46,
0x6e2e01fd,
0xff4620d1,
0x07cf6bf7,
0xff772281,
0x8b05cf78,
0x79fb1978,
0x5b290068,
0xfe4859d0,
0xcffd21f7,
0xd04c4604,
0xf7fe4857,
0x06cffd1b,
0xfa7f7682,
0x48544601,
0xfd13f7fe,
0x7165f44f,
0x761204cf,
0x514601fa,
0x0af7fe48,
0x64f44ffd,
0x6d1205cf,
0x4d4601fa,
0x01f7fe48,
0x91f240fd,
0x1204cf31,
0x4601fa64,
0xf7fe484a,
0xf240fcf8,
0x1205cf92,
0x4601fa5b,
0xf7fe4846,
0xf240fcef,
0x1205cf93,
0x4601fa52,
0xf7fe4843,
0x462afce6,
0xd15d2e01,
0x484068b9,
0xfcdff7fe,
0x0f02f1b8,
0x4a34d197,
0xf1072300,
0xf8510108,
0xf8421023,
0x33011023,
0xd1f62b0e,
0x9b07cf44,
0x08f10706,
0x23f84000,
0xbbe77920,
0x01483468,
0x9f60bb33,
0x132e03e7,
0x628105cf,
0xcf01fafa,
0x063a8105,
0x628107cf,
0x6879faa8,
0x482bb109,
0x68fbe78e,
0x3301482b,
0xe78960fb,
0x2c07cf02,
0xcf31fae4,
0xf0288305,
0x2c06cffe,
0x2c05cf92,
0xe7784822,
0x4658693b,
0x613b3301,
0x08cfe773,
0xf0002494,
0x07c2fce1,
0x697bd402,
0x617b3301,
0xf53f0783,
0x69bbaf68,
0x61bb3301,
0x2e03e763,
0x68f9d102,
0xe79e4815,
0xd1022e02,
0x48146939,
0x6979e799,
0xf7fe4813,
0x462afc77,
0x481269b9,
0xbf00e791,
0xfe025e04,
0xfe0260d0,
0xfe026196,
0xfe0261a5,
0xfe0261b1,
0xfe0261bd,
0xfe0261c9,
0xfe0261d5,
0xfe0261e1,
0xfe0261ed,
0xfe0260ee,
0xfe02610c,
0xfe02612e,
0xfe026150,
0xfe02620c,
0xfe02622f,
0xfe026253,
0xfe026272,
0xfe0260bc,
0xfe026173,
0x6f4c3c0a,
0x6320706f,
0x746e756f,
0x25203d20,
0x000a3e64,
0x20796870,
0x74736962,
0x2d323320,
0x06cf6962,
0x3e3d2017,
0x49414620,
0x1e1acf4c,
0x53534150,
0x6c1e0bcf,
0x3120776f,
0x401ccf36,
0xcf2213cf,
0x6968440f,
0x1fcf6867,
0x2314cf45,
0x214606cf,
0x75532121,
0x72616d6d,
0x21212179,
0x7830000a,
0xcf333430,
0xcf782304,
0x39330c04,
0x0c0bcf34,
0x0c0bcf30,
0x0c0bcf31,
0x0c0bcf32,
0x213c08cf,
0x11cf2121,
0xcf3e0282,
0x202f7904,
0x0ecf6425,
0x810ccf1f,
0x2317cf61,
0x3f810dcf,
0x68240ecf,
0x79766165,
0x616f6c5f,
0x676e6964,
0x1ecf415f,
0x0dcf421f,
0x05cf001f,
0x1c470888,
0x424ba746,
0x003028f2,
0x182900af,
0x634618bf,
0x0e46151f,
0x682b0346,
0xc4f8dfd8,
0x41f64182,
0xdcf8df76,
0x40220092,
0xff461146,
0x00f9f6f7,
0x11460522,
0xff464846,
0x04cff0f7,
0x4611400c,
0xf7ff4898,
0x4028f9ea,
0xd1102801,
0x0302f024,
0xd1062b05,
0x24004894,
0xfb2df7fe,
0xe8bd4620,
0x2c0687f0,
0x4890d101,
0x4890e7f5,
0xcf01e7f3,
0xf9d14a07,
0x06cfb158,
0x8bd1012e,
0xcfe7e748,
0x488a2404,
0x488ae7e3,
0x2201e7e1,
0x2405cf48,
0x240bcfbf,
0xcfd54885,
0x48842405,
0x4884e7d1,
0x01e700cf,
0xcf487a22,
0xcfad2404,
0x487f240b,
0x2405cfc3,
0xe7bf487e,
0xe7bd487e,
0x707af44f,
0xeddef00f,
0xd19e3e01,
0xe7b5487b,
0xedd8f00f,
0x487ab115,
0xfae0f7fe,
0xf0402c00,
0x4622809c,
0x48774621,
0xf98af7ff,
0x28014602,
0x80bcf040,
0x48734601,
0xf982f7ff,
0xf0402800,
0xbb4e80b5,
0xd05f2d00,
0x4634486e,
0xf826f7ff,
0x486d4601,
0xfac2f7fe,
0xb1dde03c,
0xf7ff4869,
0x4601f81d,
0xf7fe4869,
0x04cffab9,
0x01f8160e,
0xfe486846,
0x67fab2f7,
0x0ff7ff48,
0x644601f8,
0xabf7fe48,
0xff4865fa,
0x01f808f7,
0xfe486146,
0x01faa4f7,
0x00e01d24,
0x05cf352d,
0xfffd088a,
0x485e4601,
0xfa99f7fe,
0xf60e04cf,
0x584601ff,
0x92f7fe48,
0xfe4857fa,
0xcfffeff7,
0x8b108a06,
0xfe4855fa,
0xcfffe8f7,
0x840c8a06,
0x532200fa,
0x788105cf,
0x8107cf31,
0x0180b932,
0xff484e46,
0x05cf29f7,
0x80b23281,
0x2d00bb46,
0x80bbf000,
0xf7fe4849,
0x4601ffcd,
0xe0b24848,
0xe7e3462c,
0xb01604cf,
0xfe484480,
0x01ffc2f7,
0x0804cf46,
0x4843fa5e,
0xffbbf7fe,
0x483a4601,
0xfa57f7fe,
0xf7fe4841,
0x4601ffb4,
0xf7fe4837,
0x483efa50,
0xffadf7fe,
0x48334601,
0x04cfe092,
0x3580923c,
0xa4f7fe48,
0x394601ff,
0x00e7e048,
0x00e08924,
0x0ff43f2d,
0xfe4818af,
0x01ff99f7,
0xfe483446,
0xcffa35f7,
0xff920604,
0x48264601,
0xfa2ef7fe,
0xf7fe4831,
0x4601ff8b,
0xf7fe4822,
0x482ffa27,
0xff84f7fe,
0x481f4601,
0x3c05cf90,
0x4809aef1,
0xff7bf7fe,
0xcf294601,
0x7f2e5204,
0xcfaf54f4,
0xaf6e1804,
0xf7fe4812,
0x4601ff6f,
0xe7654824,
0x000dbba0,
0xf01380a0,
0xfe026dcd,
0xfe026dbc,
0xfe026dc8,
0xfe026dda,
0xfe026deb,
0xfe026dfb,
0xfe026e11,
0xfe026e22,
0xfe026e32,
0xfe026e48,
0xfe026e59,
0xfe026e69,
0xfe026e7f,
0xfe02d784,
0xf00a80a0,
0xfe026eeb,
0xfe026e89,
0xf00a80a4,
0xfe0360bd,
0xf00a80a8,
0xf00a80ac,
0x04cf6ec9,
0x71f01220,
0x09fe026f,
0x2004cf6f,
0x80a8f012,
0x80acf012,
0x6f4df012,
0xcf91fe02,
0xf0131405,
0xf01380a8,
0xf01380ac,
0xfe026fd5,
0xfe026eab,
0x0402f044,
0xf47f2e00,
0xb135af55,
0xf7fe4817,
0x4601ff19,
0xf7fe4816,
0x2200f9b5,
0x8305cf15,
0x02f8621e,
0x0f280146,
0x114601d1,
0x5bf7ff48,
0x00b950f8,
0x00d1842e,
0x76f43f2d,
0xfe480dae,
0x01ff00f7,
0x0c480c46,
0x4a08cfe0,
0x8105cf59,
0x06ae687a,
0xf2f7fe48,
0xcf4601fe,
0xf98e0804,
0xbf00e65f,
0xf01280a0,
0xfe026f2d,
0xf01380a0,
0xfe026ff9,
0x06cf6fb5,
0x460458a9,
0xa905cf90,
0xba461d58,
0xfe60794e,
0x00ff69f7,
0x0e220c23,
0xff48b721,
0x01f834f7,
0x62f00f20,
0x1004cfec,
0x48b32307,
0xcf2bf7ff,
0xec5a1205,
0x2c004bb1,
0x461ebf18,
0x7000f446,
0xfebdf7fe,
0xea4f4aae,
0x60381308,
0x0a03eb02,
0xf85248ac,
0x4659b003,
0xfeb5f7fe,
0x4004f8da,
0x462148a9,
0xfeaff7fe,
0x9008f8da,
0x464948a7,
0xfea9f7fe,
0xa00cf8da,
0x465148a5,
0xfea3f7fe,
0x48a34659,
0xfe9ff7fe,
0x48a24621,
0xfe9bf7fe,
0x48a14649,
0xfe97f7fe,
0x48a04651,
0xfe93f7fe,
0x489f4659,
0xfe8ff7fe,
0x489e4621,
0xfe8bf7fe,
0x489d4649,
0xfe87f7fe,
0x4005cf9d,
0x687bfe83,
0x2b004630,
0x80cdf000,
0xfe78f7fe,
0x7040f000,
0x7f40f1b0,
0x80a5f000,
0x21001fab,
0x2b024894,
0xf7fed829,
0xf44ffe6f,
0x48923180,
0xfe6af7fe,
0x5100f04f,
0xf7fe4890,
0x1405cf65,
0xf7fe488f,
0xf04ffe60,
0x488d4180,
0xcf5bf7fe,
0x488c1405,
0xfe56f7fe,
0xd0292d07,
0xf0402d06,
0x498980dc,
0xf7fe4889,
0x4987fe4d,
0xf7fe4888,
0x4985fe49,
0xf7fee025,
0x4a05cf45,
0xf7fe487d,
0x0a05cf40,
0xf7fe487b,
0x0a05cf3b,
0xf7fe487a,
0x5405cf36,
0xf7fe4878,
0x1405cf31,
0xf7fe4877,
0x2d05fe2c,
0x4978d1d3,
0xf7fe4876,
0x4976fe26,
0xf7fe4875,
0xcf74fe22,
0xfe1e0805,
0x0f27f1b8,
0xf04fdd25,
0x48723111,
0xfe16f7fe,
0x04cf4971,
0x4ffe1208,
0x703120f0,
0x0df7fe48,
0xfe4868fe,
0x40fe06f7,
0x654100f4,
0x05f7fe48,
0x0604cffe,
0x04cffdfe,
0xfe486210,
0x63fdfdf7,
0xf6f7fe48,
0x601005cf,
0xf5f7fe48,
0x644964fd,
0xf1f7fe48,
0xcf2130fd,
0xfded1a04,
0x04cf2130,
0x03fde928,
0xfe486121,
0x03fde5f7,
0x2804cf21,
0x2103fde1,
0xf7fe485f,
0x2d04fddd,
0x4629bf08,
0xbf18485d,
0xf7fe2107,
0x08cffdd5,
0x683b46ac,
0x48422100,
0x041ff003,
0x0308f104,
0x409c2401,
0xfb942306,
0xf7fef4f3,
0xcf3dfdc3,
0xbf608305,
0x3b4621fd,
0xbbf7fe48,
0x05cf21fd,
0xfdb70888,
0x48390061,
0xfdb3f7fe,
0xe7814621,
0xfdabf7fe,
0x1a8308cf,
0xf04fd019,
0x482e5100,
0xfda5f7fe,
0x2180f44f,
0xf7fe482d,
0x4941fda0,
0xf7fe482c,
0x1205cf9c,
0xf7fe482a,
0x493efd97,
0xf7fe4829,
0x1205cf93,
0x6879e760,
0xf7fe4822,
0xf643fd8c,
0x482071f0,
0xcf87f7fe,
0x1f311804,
0x82f7fe48,
0x1d1405cf,
0x7df7fe48,
0x00f44ffd,
0xfe481c31,
0x05cf78f7,
0x2ee74514,
0xfe481b49,
0x2dfd71f7,
0xfe481a49,
0x2afd6df7,
0x05cf4949,
0xf00d58bb,
0xf002009c,
0xf0090000,
0xfe026b0c,
0xf00a80d0,
0xf00a80d4,
0xf00a80d8,
0xf00a80dc,
0xf01280d0,
0xf01280d4,
0xf01280d8,
0xf01280dc,
0xf01380d0,
0xf01380d4,
0xf01380d8,
0xf01380dc,
0xf00a8064,
0xf00a8068,
0xf0128064,
0xf0128068,
0xf0138064,
0xf0138068,
0x000f3fe1,
0xf00a8060,
0xf0128060,
0x0c05cff1,
0x8090f013,
0x5678f00a,
0x80901234,
0x8090f012,
0x0030f013,
0x80540010,
0x8054f00a,
0x8054f012,
0x80a0f013,
0x80a0f00a,
0x80a0f012,
0x805cf013,
0x0000f00a,
0x00002010,
0x3fc12020,
0x3fd1000f,
0xe92d000f,
0x2b0543f8,
0x329706cf,
0x46984616,
0xf8dfd116,
0xf04f9104,
0x46410800,
0xf7fd4648,
0x2305ff9f,
0x46292200,
0xf1084620,
0xf7ff0801,
0x2305fe15,
0x06cf4632,
0xfc333098,
0x2b06e7ec,
0xf8dfd120,
0x230590d0,
0x04cf222a,
0x04f7ff36,
0x22220bcf,
0x4606cffc,
0x2306ff7c,
0x460bcf2a,
0xcf06fdf2,
0xfc102409,
0x2b07e7ec,
0x8c7804cf,
0x780acf90,
0xcf07ff63,
0xfdd9320d,
0x3209cf07,
0xe7ecfbf7,
0x3205cf08,
0x320bcf58,
0xcf08ff4a,
0xfdc0320d,
0x3209cf08,
0xe7ecfbde,
0x0900f04f,
0xcf4a4643,
0xfdb11207,
0x08cf4643,
0xfb00cf1e,
0xf109b920,
0xf1b90901,
0xd1ed0f2b,
0x83f8e8bd,
0x7019bf00,
0xfffffe02,
0x7c9d09cf,
0xcf0805cf,
0x04cf0c0c,
0xfefffe08,
0x010001ff,
0xfdfffd00,
0x020002ff,
0xfbfffb00,
0x040004ff,
0xf7fff700,
0x080008ff,
0xefffef00,
0x100010ff,
0xdfffdf00,
0x200020ff,
0xbfffbf00,
0x400040ff,
0x7fff7f00,
0x800080ff,
0x4104cf00,
0x01000100,
0xfdfffdff,
0x02000200,
0xfbfffbff,
0x04000400,
0xf7fff7ff,
0x08000800,
0xefffefff,
0x10001000,
0xdfffdfff,
0x20002000,
0xbfffbfff,
0x40004000,
0x7fff7fff,
0x80008000,
0xfe7c04cf,
0x05cffeff,
0xfdfffd7c,
0xfb7c05cf,
0x05cffbff,
0xf7fff77c,
0xef7c05cf,
0x05cfefff,
0xdfffdf7c,
0xbf7c05cf,
0x05cfbfff,
0x7fff7f7c,
0x7c05cfff,
0xcffefffe,
0xfffd7c05,
0x7c05cffd,
0xcffbfffb,
0xfff77c05,
0x7c05cff7,
0xcfefffef,
0xffdf7c05,
0x7c05cfdf,
0xcfbfffbf,
0xcfff7c04,
0xffff4104,
0x008205cf,
0x020804cf,
0x05cf0200,
0x04000408,
0x080805cf,
0x05cf0800,
0x10001008,
0x200805cf,
0x05cf2000,
0x40004008,
0xcf0805cf,
0xff008205,
0x8106cfff,
0x0804cf04,
0xcf020002,
0x00040805,
0x0805cf04,
0x05cf0008,
0x58cf66bc,
0x0805cf5c,
0xcf100010,
0x00200805,
0x0805cf20,
0xcf400040,
0x00800805,
0x0804cf80,
0xffffefff,
0xffffdfff,
0xffffbfff,
0x6e8105cf,
0xfffffffe,
0xfffffffd,
0xfffffffb,
0x1f1fcff7,
0x004806cf,
0x00004000,
0x00002000,
0x00001000,
0x00000800,
0x00000400,
0x33c305cf,
0x1fcf0001,
0x8f00001f,
0xec6e5159,
0x61ee49ba,
0xd1976139,
0x088420f7,
0xa655c64a,
0x467c4a78,
0xa2d49499,
0x55dcb753,
0xcf555555,
0xaa34c105,
0x04cfaaaa,
0x61657208,
0x6f642064,
0x0a0d656e,
0x2f0c05cf,
0x74697277,
0x1208cf65,
0x20304843,
0x661106cf,
0xcf6c6961,
0x05cf1107,
0x100fcf33,
0xcf3707cf,
0xcf311609,
0xcf313710,
0x06cf370f,
0x3710cf10,
0x3710cf32,
0x370fcf32,
0xcf1006cf,
0x6974370e,
0x756f656d,
0x000a0d74,
0x14980ecf,
0x20424732,
0x7830203d,
0x0acf7825,
0x0dcf389a,
0x1e1ecf22,
0xcf400fcf,
0xcf559a06,
0x13cf4018,
0xcf325f1e,
0x5f028122,
0x2020cf32,
0x068122cf,
0xcf440dcf,
0xcf332014,
0x33088123,
0xcf2020cf,
0xcf088123,
0x06cf440c,
0x6f6f6c20,
0x64252070,
0xcf202020,
0xb41bc705,
0x90fe027a,
0x6cfe027a,
0x48fe027a,
0x30fe027a,
0xe8fe0271,
0xa0fe0270,
0x58fe0270,
0x54fe0270,
0x0cfe0271,
0xc4fe0271,
0x7cfe0270,
0x7ffe0270,
0xcf000000,
0x08cf0404,
0x1010cf08,
0xab0404cf,
0xac000001,
0xad000001,
0xae000001,
0xaf000001,
0xb0000001,
0xb1000001,
0xb2000001,
0xb3000001,
0x4422cf01,
0x990404cf,
0x9a000001,
0x9b000001,
0x9c000001,
0x9d000001,
0x9e000001,
0x9f000001,
0xa0000001,
0xa1000001,
0x874827cf,
0x88000001,
0x89000001,
0x8a000001,
0x8b000001,
0x8c000001,
0x8d000001,
0x8e000001,
0x8f000001,
0x754827cf,
0x76000001,
0x77000001,
0x78000001,
0x79000001,
0x7a000001,
0x7b000001,
0x7c000001,
0x7d000001,
0xec000001,
0x80fe0272,
0x14fe0272,
0xa8fe0272,
0x10fe0271,
0xa4fe0273,
0x38fe0272,
0xccfe0272,
0x34fe0271,
0xc8fe0273,
0x5cfe0272,
0xf0fe0272,
0x01fe0271,
0x288807cf,
0x8807cf03,
0x00000534,
0x00000600,
0x08cf0700,
0x2007cf08,
0x081c04cf,
0x608807cf,
0x8807cf20,
0x8808cf70,
0x0804cf78,
0x04cf01bf,
0x0808cf04,
0xbd100ecf,
0x010404cf,
0x006012cf,
0x208907cf,
0x00810ccf,
0xcf6010cf,
0x0ccf2008,
0x01bc0081,
0xcf0404cf,
0x0acf0808,
0x0808cf60,
0xb96c4ccf,
0x0404cf01,
0x000808cf,
0x04cfba00,
0x0808cf04,
0xcf0807cf,
0x01b66c48,
0xcf0404cf,
0x00000808,
0x0404cfb7,
0xcf0808cf,
0x755c0807,
0x74f0fe02,
0x7484fe02,
0x7418fe02,
0x7580fe02,
0x7514fe02,
0x74a8fe02,
0x743cfe02,
0x75a4fe02,
0x7538fe02,
0x74ccfe02,
0x7460fe02,
0x7b44fe02,
0x7b20fe02,
0x7afcfe02,
0x7ad8fe02,
0x76a0fe02,
0x7658fe02,
0x7610fe02,
0x75c8fe02,
0x76c4fe02,
0x767cfe02,
0x7634fe02,
0x75ecfe02,
0x7bd4fe02,
0x7bb0fe02,
0x7b8cfe02,
0x7b68fe02,
0x77c0fe02,
0x7778fe02,
0x7730fe02,
0x76e8fe02,
0x77e4fe02,
0x779cfe02,
0x7754fe02,
0x770cfe02,
0x794cfe02,
0x78e0fe02,
0x7874fe02,
0x7808fe02,
0x7970fe02,
0x7904fe02,
0x7898fe02,
0x782cfe02,
0x7994fe02,
0x7928fe02,
0x78bcfe02,
0x7850fe02,
0x14ac06cf,
0x74841ccf,
0xcf1004cf,
0xcf1c8214,
0xcf3c820c,
0x08751004,
0xcf0404cf,
0x10cf0808,
0x76000010,
0x55cf07cf,
0x726c44cf,
0x0404cf08,
0xcf0808cf,
0x00001010,
0x6c4bcf73,
0x04cf086f,
0x0808cf04,
0x001010cf,
0x4bcf7000,
0xcf086c6c,
0x08cf0404,
0x1010cf08,
0x086d0000,
0x001f0000,
0xcf0404cf,
0x10cf0808,
0x0806cf10,
0x0000079b,
0x0000079c,
0x0000079d,
0x0000079e,
0x0000079f,
0x000007a0,
0x000007a1,
0x000007a2,
0x26cf07a3,
0x00079248,
0x00079300,
0x00079400,
0x00079500,
0x00079600,
0x00079700,
0x00079800,
0x00079900,
0x27cf9a00,
0x00078948,
0x00078a00,
0x00078b00,
0x00078c00,
0x00078d00,
0x00078e00,
0x00078f00,
0x00079000,
0x27cf9100,
0x00078048,
0x00078100,
0x00078200,
0x00078300,
0x00078400,
0x00078500,
0x00078600,
0x00078700,
0xcf078800,
0xa2388b26,
0xa3000001,
0xa4000001,
0xa5000001,
0xa6000001,
0xa7000001,
0xa8000001,
0xa9000001,
0xaa000001,
0x008c27cf,
0x00000190,
0x00000191,
0x00000192,
0x00000193,
0x00000194,
0x00000195,
0x00000196,
0x00000197,
0x4827cf98,
0x2804cf7e,
0x80000001,
0x81000001,
0x82000001,
0x83000001,
0x84000001,
0x85000001,
0x86000001,
0x6c4827cf,
0x6d000001,
0x6e000001,
0x6f000001,
0x70000001,
0x71000001,
0x72000001,
0x73000001,
0x74000001,
0x4dd307cf,
0x2c851ccf,
0xcf200ccf,
0xcf2c8518,
0x01be2004,
0xcf0404cf,
0x10cf0808,
0x8c06cf10,
0x6c48cf68,
0x04cf01bb,
0x0808cf04,
0xcf1010cf,
0xcf748c06,
0x01b86c48,
0xcf0404cf,
0x10cf0808,
0x8c06cf10,
0x6c48cf74,
0x04cf01b5,
0x0808cf04,
0xcf1010cf,
0xcf748c06,
0xcf7ad908,
0x04cf0808,
0x3c04cf48,
0x6a0808cf,
0x0404cf08,
0xcf6b0000,
0x00080404,
0xcf00ff00,
0x08cf0404,
0xe1000008,
0xe2000008,
0xe3000008,
0xe4000008,
0x408813cf,
0x00000778,
0x00000779,
0x0000077a,
0x8713cf7b,
0x00077408,
0x00077500,
0x00077600,
0x08cf7700,
0x81cf5d81,
0xcf14d863,
0x6a816a81,
0x2d1a1acf,
0x0e4ff8e9,
0x52c505cf,
0x4611469b,
0x46306983,
0xf8d74690,
0x47989028,
0x46041c43,
0xd83f2b01,
0xcf4f2800,
0x0052bd05,
0x05469a23,
0x05cfbbd0,
0xf04f56ba,
0xe03234ff,
0x0f00f1b9,
0x33fff04f,
0x2301bf18,
0x692b4699,
0x692bb363,
0x32cc06cf,
0xbb304798,
0x06cf69ab,
0x011c430a,
0x90f2002b,
0x01f04f80,
0xed28000a,
0x00f1c9d0,
0x6b240009,
0x682a09cf,
0x2a0acfb9,
0x067204cf,
0x047206cf,
0x2400bf18,
0x3c01d1eb,
0xe8bd4620,
0xf1ba8ff8,
0xd0e10f00,
0x00360acf,
0xcfd1f228,
0xd85f620c,
0xd0ef2800,
0x08cfe7d0,
0xcf081481,
0x83148107,
0x14810bcf,
0x6a0fcf70,
0x810dcfd1,
0xcfd1ea5c,
0xd0216404,
0xf1c9692b,
0x06cf0200,
0x1bb12828,
0x1b6af94a,
0xf9f7fc48,
0xcfe7fefd,
0xd8b23e0e,
0xfa80fab0,
0x1a5aea4f,
0x053804cf,
0xf94a13d0,
0xfc48116a,
0xfefde4f7,
0x810acfe7,
0x7410cf28,
0x740bcf97,
0xd1ea469b,
0x0401f08b,
0x0400f344,
0x4604e78b,
0xbf00e789,
0x06cf7fab,
0x7fda14d6,
0x08da06cf,
0x46044698,
0x6803b082,
0xa705cf02,
0x94bb8b64,
0x833028f8,
0x942200b1,
0x00302af8,
0x05cf2992,
0xcf322aec,
0x1a0aa605,
0xe3bb38ff,
0x31b11369,
0x98462846,
0x1b686347,
0x3b68a3bb,
0x29f894bb,
0x01b18330,
0x2bf89422,
0x02300fcf,
0x23b978ff,
0x3008cf6a,
0xb9bb68e3,
0xb9db6a63,
0xe0042000,
0x1205cf11,
0xd0c82800,
0x44da06cf,
0x002206cf,
0xf6d0d628,
0x0c08cfe7,
0xcff0d0d2,
0xd0e20c09,
0x0c07cfea,
0x4ff0e7df,
0xa000e92d,
0xc0b8e1a0,
0xb020e59f,
0x60b4e28d,
0x9054e59f,
0xd03ce24b,
0x8044e24d,
0x000fe24b,
0x000fe89c,
0x3010e889,
0xc020e28c,
0x7034e28c,
0x5000e24b,
0x000fe5d6,
0x000fe893,
0x0000e888,
0x06cfe355,
0x1be88724,
0x051a0000,
0x01e1a040,
0x58e3a030,
0x04e50b30,
0x04e1a031,
0x0ae7d821,
0xb3e1a000,
0x81e19910,
0x04fafff5,
0x54e79721,
0x50e59f30,
0x70e1a002,
0x03e6ef00,
0x04e7c400,
0xcfe28330,
0x40010804,
0x3058e284,
0x0004e51b,
0x5013e354,
0xffede185,
0x000f1aff,
0x3000e355,
0x000405c6,
0x20200a00,
0x1020e59f,
0x0020e59f,
0xf283e59f,
0xfffefaff,
0xd020eaff,
0x8ff0e24b,
0x7f64e8bd,
0x7c28fe02,
0x7c29fe02,
0x8005fe02,
0xcf94fe02,
0xc1188307,
0xcf000007,
0x08cf0404,
0x00000308,
0x00000c00,
0x00003000,
0x07cfc000,
0x08cf5486,
0x0006148c,
0x64640000,
0x79687072,
0x7479625f,
0x77735f65,
0x635f7061,
0x6b636568,
0x34d707cf,
0x4d4d4f43,
0x06cf4e4f,
0xcf5f58d7,
0x5f2fd805,
0x4c494146,
0x4f435f5f,
0x45535241,
0x5f4f4e5f,
0x43415053,
0x2f20cf45,
0x49464542,
0x465f4552,
0x08cf4e49,
0x5459422b,
0x57535f45,
0x435f5041,
0x4b434548,
0xcf2805cf,
0x8114c305,
0x00b08746,
0x796c7caf,
0x7a60fb61,
0x83462260,
0x7868f968,
0x986c3d69,
0x23602047,
0x2a606046,
0xa060e046,
0x78687960,
0x00f8d969,
0x3847b060,
0x70b12861,
0x7149714a,
0x77f7fc48,
0x95e7fefc,
0x9b000ce8,
0x936a621a,
0x01db3742,
0x20f88423,
0xa3682b30,
0x6b612361,
0x6361e368,
0x00f04f61,
0x10f8d90b,
0x3b60bb30,
0x042b0169,
0x14f8d9d1,
0x1404cf30,
0x46d860bb,
0x8605cfbb,
0x00f1b85e,
0x94d0640f,
0xb93804cf,
0x3b3a0ccf,
0x05cfc369,
0x2b0224c1,
0x68e2d1de,
0x1a9b68a3,
0x42936aa2,
0x4a54da68,
0x48524955,
0xfc39f7fc,
0x7c3be7fe,
0xcc7004cf,
0xa268bbe7,
0x1a68f968,
0x78606244,
0x04f8d969,
0x40479830,
0x2a4623b9,
0x810acf46,
0x57280036,
0x01f04fd0,
0xe1e0430a,
0x9169a069,
0x11bfa842,
0xb8428346,
0x601a09bf,
0xc9bfa86a,
0x1f42811a,
0xda6123db,
0x62686346,
0xb860a361,
0x2e0f00f1,
0xe268bbd1,
0xd268f968,
0x561ccf1a,
0x5604cf43,
0x63e01808,
0xcfe03c68,
0xe7e16004,
0xe7e246da,
0xcf266961,
0x42b36407,
0x1b89bfb8,
0x6405cf66,
0xdbe842b1,
0x468061a3,
0x61e26863,
0x46d360e3,
0x6863e77e,
0xe7fa60e3,
0x300cf8d9,
0x4622b11b,
0x697868f9,
0x20004798,
0xb207cf1c,
0x20f89448,
0x6a682ba0,
0x00f1ba68,
0x60d1a30f,
0x811ad16a,
0xa3dbca42,
0x01f04f61,
0x63612301,
0x20f88468,
0x6261e210,
0xa360e361,
0x94e7a560,
0xcf8020f8,
0xf1b82e04,
0xcfbe0f00,
0xcfce2e07,
0xe7c02e17,
0x8256bf00,
0x8230fe02,
0x448506cf,
0xfe02826b,
0xfe028245,
0x6d6d6f63,
0x325f6e6f,
0x72765f64,
0x06cf6665,
0xcf005add,
0x72630b05,
0xcf73736f,
0x06cf1107,
0x52565184,
0x0acf4645,
0x0ccf7384,
0x52414d15,
0x5f4e4947,
0x544e4143,
0x5441535f,
0x59465349,
0x4e494d5f,
0xcf1d05cf,
0x4100c005,
0x48be4604,
0xaf02b082,
0x46154688,
0xee40f00d,
0x8107cf00,
0xf7fd0adb,
0xcf00f8c6,
0x0adb8107,
0xf8c0f7fd,
0x171804cf,
0xba1805cf,
0x8c1805cf,
0xb41805cf,
0x402300f8,
0xcf210122,
0xf9130c04,
0xcf032200,
0xf8a90a05,
0xcf242200,
0xf8a40a05,
0x0f00f1b8,
0x2380d158,
0x61a0f44f,
0x04cf461a,
0x80f8ff14,
0x5cf24023,
0x0e06cf51,
0xfe05cff8,
0xcf512368,
0xf88d0c04,
0xf24023f0,
0x1a07cf24,
0x2001f8eb,
0xee00f00d,
0x22c02380,
0x4e05cf3f,
0x1205cfe2,
0x04cfedf6,
0x07cfb440,
0x05cfd84e,
0x07cfb64e,
0x05cfd10e,
0xcfede622,
0x668c810a,
0xcfc7f7fd,
0xeddc1405,
0xf2402340,
0x5c07cf2f,
0x1405cfbd,
0x2d0fedd2,
0x462ad013,
0x35fff04f,
0x487e497d,
0xfad4f7fc,
0x06cf4628,
0x08cf588a,
0xfd6e8282,
0x03f8a0f7,
0xa4d59e06,
0x4023ffe7,
0x07cf31f2,
0xcff89d40,
0xcf320e04,
0x26060e05,
0xcf95f7fd,
0xcf331005,
0xf88e1e07,
0xf24023e0,
0x0e07cf34,
0xcffff887,
0x404cfb05,
0x05cf35f2,
0xf82a6681,
0x28004605,
0x08cfd1ca,
0x05cf3616,
0x05cf1f16,
0x09cfbf16,
0x05cf3716,
0x05cf1416,
0xe0d1b416,
0x4f1605cf,
0x05cfa7f4,
0xcf091281,
0xd1a91605,
0x26014603,
0x960022ff,
0x5139f240,
0xf7fc4620,
0x04cffffd,
0x03d19d18,
0xff960046,
0x3af24022,
0xf21605cf,
0x921605cf,
0x3b1609cf,
0xe71605cf,
0x871605cf,
0xe01605cf,
0x3cf24022,
0xdc1605cf,
0x7f1605cf,
0xcfaf7cf4,
0xfd550e04,
0x06cf462a,
0xfc4ada81,
0xcfffbff7,
0xcf690c04,
0xcfb90c05,
0xcf6a0c05,
0xcfb30c05,
0xcf6b0c05,
0xffad0c05,
0x0f00f1b8,
0x06cfd106,
0x06cf6cfe,
0xf8083e82,
0x06cf4620,
0xfc5edf81,
0xcfff9df7,
0xf44f0c04,
0xf7fc718b,
0x0c05cf97,
0x1117f240,
0xcf91f7fc,
0x718c1807,
0xff8bf7fc,
0xfa05cf40,
0xfc21013a,
0x8fffeaf7,
0x030c05cf,
0xe4f7fc21,
0x242405cf,
0x7af7fc21,
0xf63a06cf,
0xf7fc0168,
0x0c07cf74,
0xf7fc0169,
0x0c07cf6e,
0xf7fc016a,
0x0c07cf68,
0xf7fc016b,
0x07cfff62,
0x5cf248cf,
0xc0f7fc51,
0x0d4805ff,
0x0aecccf0,
0xaebf00e7,
0xa4fe0285,
0xb3fe0285,
0xdffe0285,
0x64fe0285,
0x735f6b63,
0x74726174,
0x63645b00,
0x4946006b,
0xcf454d58,
0xcf60e407,
0x6d248c05,
0x3d6b7361,
0x3eab05cf,
0x20746f6e,
0x70707573,
0x2074726f,
0x0a746579,
0x6b636400,
0x9451cf5d,
0xd131b000,
0xa00000e1,
0x2d4800e3,
0xc130b4e9,
0x8db004e1,
0xd131b2e2,
0xc130b8e1,
0xbd8800e1,
0x200ccfe8,
0x200bcfb6,
0x2007cfba,
0xe92d48f0,
0xe1a05001,
0xe30047c2,
0xe30077c7,
0xe28db014,
0xe4d52001,
0xe30017c1,
0xe1a06000,
0xfafff369,
0x041004cf,
0x06e1a010,
0x65e1a000,
0x05fafff3,
0x71e28410,
0xcfe6ff10,
0x20041004,
0xf360e5d5,
0x1d17faff,
0x1002e244,
0x2009e241,
0x08cfe5d5,
0xfff35a1c,
0x441e5bfa,
0x41100de2,
0x844001e2,
0x0bcf0ee2,
0xff40741c,
0xfff352e6,
0x540007fa,
0xffffe6e1,
0xbd88f01a,
0x2d4830e8,
0x00150fe9,
0xa04000e3,
0x8db00ce1,
0xfff342e2,
0x202002fa,
0xef2072e2,
0x1804cfe6,
0xe1a00004,
0xfafff345,
0xe3a00001,
0xeb003601,
0x1407cf25,
0xfafff338,
0xe3100080,
0x12003040,
0x116f0f13,
0x11a002a0,
0x12600000,
0x03e00001,
0xe8bd8830,
0xe92d4bf0,
0xe1a05003,
0xe1a06000,
0xe5d13001,
0xe28db01c,
0xe1a07001,
0xe1a04002,
0xe3530000,
0x03a08002,
0x13a08006,
0xe3550000,
0xba000007,
0xe355003f,
0xca00000a,
0x0d1c04cf,
0x010a0000,
0x18e35300,
0x000a0000,
0xf0e3e000,
0x00e8bd8b,
0xfbe35400,
0x010affff,
0x40e24440,
0xf0e28550,
0x40eaffff,
0xf6e35400,
0x841405cf,
0x455040e2,
0xffffede2,
0xef3074ea,
0xa0201fe6,
0x0016a3e3,
0xa00006e3,
0xfff348e1,
0xc741b0fb,
0xa02005e1,
0x07cf08e1,
0xf2a55082,
0x0000faff,
0x0004e350,
0x04cf0a00,
0x3408cf5c,
0xe30016a6,
0xeafffff1,
0xe1c751b2,
0xb41804cf,
0xb8e1d1c0,
0xbae1d120,
0x00e1d130,
0x0ce92d48,
0xb6e08223,
0x05cfd1c0,
0x330c5083,
0x2003e083,
0x30d2e082,
0x23c2e7e5,
0xffc2e1a0,
0x8800ebff,
0x31f4e8bd,
0x012c06cf,
0x02e1a0e0,
0x7ce043c0,
0xb4e6ffc0,
0x80e1c1c1,
0xcfe28cc0,
0x04cf3804,
0x5c0c0110,
0x000002e3,
0xc131b49a,
0xe00000e1,
0x3804cfe3,
0xe1d131b2,
0xe0433002,
0xe1d121b0,
0x4c07cfaf,
0x004804cf,
0xbce3a0e0,
0xbee1d120,
0x7806cf30,
0xe1c121b0,
0xe1c131b2,
0xe1c1e1b4,
0x2807cfa5,
0x06cf4bf0,
0x40005084,
0xb01ce1a0,
0x20fae28d,
0xd018e3a0,
0x114ae24d,
0xf2d6e300,
0x04cffaff,
0xcf114910,
0xd2388306,
0x01fafff2,
0x00e5d530,
0x20e35300,
0x9c1a0000,
0x34e59f32,
0x05e24b20,
0x01e28310,
0x01e5f300,
0x01e5e200,
0x05e15300,
0x05e5d300,
0x0ae5c200,
0x0ae5d300,
0x0fe5c200,
0x0fe5d300,
0xf5e5c200,
0x181affff,
0x10e59530,
0x1be31300,
0x0d03e030,
0xf90a0000,
0xcfe3a020,
0x04cf6c04,
0xfff2ba60,
0x1004cffa,
0xb67008cf,
0x40fafff2,
0x48e3a030,
0x03e30015,
0xcfe1a020,
0xf2e31404,
0x301efbff,
0x3034e3e0,
0x002fe54b,
0x0001ea00,
0x002de353,
0x70341a00,
0x67d1e24b,
0x97d6e300,
0x1005e300,
0x04cfe246,
0xff10712c,
0x468d17e6,
0xfff29ce2,
0xa01006fa,
0xe70001e1,
0x1804cfe5,
0xfafff298,
0xe2481007,
0xcfc70005,
0xcf608505,
0x60011404,
0xf292e286,
0x1002faff,
0xcf0ae248,
0x6076180b,
0xf28ce6ff,
0x0009faff,
0x000fe156,
0xcfe7e5c7,
0x20448107,
0x4ee31300,
0xdc03a030,
0xf60affff,
0x44810bcf,
0xcfa0301b,
0x871c8105,
0xcffafff2,
0x08cf1804,
0xf2834c81,
0xcf20faff,
0xb04c810f,
0x34fbfff2,
0x05cf4b10,
0xff082c81,
0x3000ebff,
0xcf7fe5d5,
0x07cf3404,
0xf2a82886,
0xcf4bfbff,
0xf26b0c07,
0x207ffaff,
0x2002e220,
0x04cfe1e0,
0xef207214,
0x208105cf,
0xfafff26d,
0xcfa03000,
0xcfe35404,
0xf29a2c08,
0x0ffafbff,
0x3524e3a0,
0x3018eb00,
0x0040e595,
0x3000e313,
0x300113a0,
0x08cf15c5,
0x08cf4083,
0x00152886,
0x30be0a00,
0x1005e1d5,
0x20bce1a0,
0x8105cfd5,
0xffff1e18,
0x2808cfeb,
0xcf2004cf,
0xcf242804,
0x20508607,
0x5fea0000,
0x0fe3a010,
0x05cfa020,
0x05cf7c6c,
0xe3a03482,
0xcfc500bc,
0xf16b3c05,
0x00befaff,
0xffe9e1c5,
0x2805cfff,
0x2807cff0,
0x8306cf72,
0x0250e304,
0x04cfe7e7,
0xfffff32c,
0x4404cfea,
0x06cf10fd,
0x06cf6a20,
0x1fe14881,
0xa1e3a020,
0x8106cf16,
0xfff26848,
0xd530bcfb,
0xc531b0e1,
0x148a05cf,
0xe1d530be,
0xe1c531b2,
0xe1c501b4,
0xe24bd01c,
0xe8bd8bf0,
0xcf6004cf,
0xf2594408,
0x04cffaff,
0xe7325040,
0x0016a4e7,
0xffffede3,
0x0285e4ea,
0xe03007fe,
0x508a05cf,
0xe1a0e001,
0xe0020293,
0x06cf31f4,
0xc0021086,
0x860dcf83,
0x861ecf64,
0x05cf8360,
0xfed76086,
0x388607cf,
0x00e92d4f,
0x01e1a040,
0x20e1a060,
0x6be28db0,
0x44e30017,
0x52e24dd0,
0x0fe7e392,
0x04e20270,
0xf0e59f55,
0x34e3a020,
0x0ffafff2,
0x05e3a020,
0x58e30018,
0x05cf0b00,
0x80030085,
0xf22ee206,
0x005cfaff,
0x04e0e50b,
0xa7c2e59f,
0x34b5e300,
0x17c1eb00,
0x788106cf,
0xfafff1f0,
0xe30037c7,
0xe5c50000,
0x06cf100a,
0x30602c84,
0xf1eae50b,
0x1005faff,
0x0001e28a,
0x8509cfe5,
0xfff1e520,
0x4a1d17fa,
0x4c8b05cf,
0xcfc50005,
0xf1df1809,
0x1e5bfaff,
0x8b05cf4a,
0x0bcf0a4c,
0xfff1d918,
0x8aa001fa,
0x1b3060e2,
0xffa07ae5,
0xc5000fe6,
0x5a0003e5,
0xffffe4e1,
0xa020091a,
0xcf1216e3,
0x26048106,
0xd6e1a0a9,
0x08fafff1,
0x17e3a020,
0xd21407cf,
0x10fafff1,
0x56e20aa0,
0xfae7e334,
0x74850bcf,
0xe18aa003,
0xe1a057a6,
0x0ecff1ca,
0xcfc63088,
0x055c6c04,
0x0fcf80e2,
0xf1f27885,
0x5c26fbff,
0x04cfe185,
0xcf1e5118,
0xcf3c8505,
0xf1ec1805,
0x3075fbff,
0x20ffe6ef,
0xcf12e3a0,
0xe74c8507,
0x25fbfff1,
0x83e1a034,
0x80e1a033,
0x15e3a020,
0xe11807cf,
0x56fbfff1,
0x3fe7e538,
0x4406cf20,
0x588705cf,
0xdbe59f53,
0x361804cf,
0x200fe7e3,
0xcf4ae3a0,
0xf1d62c07,
0xcf0afbff,
0x115c8407,
0xd11407cf,
0x08fbfff1,
0x0fe3a030,
0x18810bcf,
0xfbfff1cc,
0xe3a00002,
0xeb003456,
0xe3a02040,
0x06cf1817,
0xcff1c32c,
0x10648606,
0x601407cf,
0x488307cf,
0xfbfff1c0,
0xe3a00001,
0xeb00344a,
0x06cf3020,
0x4c08cf1c,
0xfbfff1b9,
0x803404cf,
0xb4480bcf,
0x07fbfff1,
0x09e1a030,
0x01e1a020,
0x348507cf,
0xe1a07005,
0xfbfff2f9,
0xe3a020ff,
0x1407cf1e,
0x7004cfa7,
0x00e1a0a0,
0x38e3a090,
0x64e1a039,
0x01e50b80,
0x67e31300,
0x011a0000,
0x1ce28990,
0x02e28770,
0xf7e35900,
0x401affff,
0x43e31600,
0x01e20660,
0x4313a080,
0x00e35600,
0x81e3a060,
0x061a0000,
0x4fe1a020,
0x00e54b60,
0x64e3e030,
0x31e51b10,
0x01e1a012,
0x09e31100,
0xb40a0000,
0xb8e1d500,
0x00e1d510,
0xb6e08113,
0x01e1d500,
0x01e15300,
0xba21a030,
0x011407cf,
0x01e15600,
0x0131a060,
0x1ce28220,
0x02e28550,
0xede35200,
0x061affff,
0x50e08360,
0xa6e24b10,
0x8106cf60,
0x06303f64,
0xfffe13e2,
0x500000eb,
0x000062e3,
0x8e08cf1a,
0x8a05cf08,
0xfafff138,
0xcfe73356,
0x5f088305,
0x588107cf,
0xfbfff174,
0xe51b3060,
0x5c820ccf,
0xe20330c0,
0xfbfff16e,
0x820fcf80,
0x07cf6940,
0xcf204082,
0xf1642c0b,
0xcf10fbff,
0xcf5f280f,
0xe9048307,
0x58eb0033,
0x5ce51b20,
0x00e51b30,
0x527007cf,
0xa2e7e722,
0x4806cff2,
0x06cf2008,
0x05cf6c83,
0x5c04cf18,
0x40850bcf,
0xfafff11c,
0xcf1004cf,
0x18388508,
0x708307cf,
0x06cf2080,
0x05cf3885,
0x07cf4891,
0x3300cf68,
0x1128eb00,
0x8405cf9f,
0xfffd9b00,
0x9f0128eb,
0x0033c6e5,
0xa00000eb,
0x000021e3,
0x9f311cea,
0xa02007e5,
0x0b3050e1,
0xa01004e5,
0x9f3110e1,
0x4b0050e5,
0x0b3048e2,
0x9f3108e5,
0x05cf40e5,
0xe59f58a2,
0xe50b303c,
0xe59f3100,
0xe50b3038,
0xe59f30fc,
0xe50b3034,
0xe59f30f8,
0xe50b3030,
0xe59f30f4,
0xe50b302c,
0xe3a03001,
0xe5c79001,
0xe54b3028,
0xe54b3027,
0xe54b3026,
0xe54b3025,
0xe3a03000,
0xe5c7a000,
0xe50b304c,
0xe50b3044,
0xe5876018,
0xe59f30c4,
0x06cffb4e,
0xff751c91,
0x08cf0aff,
0x363858a2,
0x0001e1a0,
0x9205cf13,
0xd530b410,
0x4b1050e1,
0xcf70b8e2,
0xb6688b06,
0x05cfd520,
0x73032484,
0x30bae087,
0x3302e1d5,
0x2002e083,
0x7003e3a0,
0x30d7e087,
0xfd9ce7e5,
0x5c8306cf,
0x1affffeb,
0xe3560001,
0xe1a033c7,
0x01a03203,
0x16ef3073,
0x13a0200f,
0x020330f0,
0x03a020f0,
0x608308cf,
0xfbfff0fc,
0xcf866001,
0x56348407,
0xffff83e3,
0x07cfde0a,
0x916d048b,
0x85fcfe02,
0x9172fe02,
0x88c4fe02,
0x889cfe02,
0x8ba8fe02,
0x8850fe02,
0x8700fe02,
0x8634fe02,
0x8654fe02,
0x881cfe02,
0x915cfe02,
0x6263fe02,
0x61635f74,
0x1efd05cf,
0x179e06cf,
0x7462635b,
0x74626300,
0x9d06cf5d,
0x00460564,
0x432904af,
0x01e8dfd8,
0x3c4231f0,
0x00003703,
0x4f240f26,
0x400855f0,
0xe0462823,
0x12f64022,
0xfcb26401,
0x43f9b2f7,
0x7f462846,
0x15f64022,
0xabf7fc01,
0xcf4628f9,
0x3ac08106,
0xf7fc2141,
0xea44f9a4,
0x46281306,
0xf64022bf,
0xf0440113,
0xf7fc0420,
0x4628f99a,
0x1286ea44,
0x0114f640,
0xf92ef7fc,
0x30f505cf,
0x02260081,
0x4cf04f24,
0xd0232008,
0x002602e7,
0x3df04f24,
0x00e7f808,
0x4f240426,
0x800840f0,
0xcfe7c523,
0x8160f507,
0x2320b590,
0xb0834604,
0xf44f461a,
0xaf027110,
0xf971f7fc,
0xf2402301,
0xe905cf4a,
0x1a23203e,
0x13f7fc46,
0xbd3704f9,
0x90bd9046,
0x76f805cf,
0x2220b083,
0x5b2c08cf,
0x202301f9,
0xcf930022,
0xcf233005,
0xf8009c05,
0xcf2c06cf,
0x4320d806,
0x00b08548,
0x894615af,
0x0c469a46,
0x1fee54f0,
0x38f89722,
0x88f44f30,
0x2c04cf71,
0xcf02f93c,
0xcf6cf905,
0xf9360c04,
0x22ff2302,
0x214df240,
0x2f0e04cf,
0xff23fcf9,
0x13f44f22,
0x282805cf,
0x05cf10f9,
0x05cf431c,
0xcff9211c,
0x105c9b06,
0x1a1c05cf,
0xc18107cf,
0x05cf1632,
0xf9137e9b,
0xf2402200,
0x04cf61ae,
0x00f8a80c,
0x07cf3323,
0xfc489382,
0xb5f906f7,
0x386f16f5,
0x40dc0cd0,
0x9d734af2,
0x40d00642,
0x9d0355f6,
0xb5d02f42,
0x096fc8f5,
0x182301d1,
0x48f5b5e0,
0x09d0146f,
0x6bf640dc,
0x24429d23,
0x154a14d0,
0xfb481549,
0xfefb0bf7,
0x95f640e7,
0x03429d63,
0xaaf241d0,
0xf1429d03,
0x00233ad1,
0x3f2319e0,
0x45f24022,
0x168105cf,
0xf1b9f8d6,
0xf0000f01,
0xd31381e6,
0x0f02f1b9,
0x81e3f000,
0x35fff04f,
0x2305e1d8,
0x2315e7eb,
0xbf00e7e9,
0xfe029851,
0xfe029856,
0x06cf9848,
0xcf0368a2,
0xf03ce705,
0x004605fe,
0xc4f04028,
0x0e04cf81,
0x9d05cf37,
0xbdf0407e,
0x47f24081,
0x345a05cf,
0x12f44ff8,
0x05cf0671,
0xf82e2682,
0x081ff000,
0x227f4643,
0xcf4ff240,
0xf89a1e05,
0x406e04cf,
0x3381aef0,
0x4e1605cf,
0x8f1605cf,
0x0e04cff8,
0x958206cf,
0x88f7fc36,
0xcf0e05cf,
0x36958206,
0xcf81f7fc,
0xcf3c0e07,
0xcf7a0e05,
0xcf460e07,
0xf8730e05,
0x08cf4643,
0xfc749482,
0x07cf6cf7,
0x05cf1c0e,
0x07cf650e,
0x05cf3e0e,
0x05cf5e0e,
0x8206cf0e,
0xf7fc6e94,
0x2333f857,
0x71aff240,
0x4c8306cf,
0xf1b9f850,
0xf0000f00,
0xf00a8086,
0xf00a0302,
0xf1b90208,
0x60fa0f02,
0x0b04f00a,
0x0220f00a,
0x05fff003,
0xf00a60ba,
0x607a0240,
0x8174f040,
0x06cfb173,
0x61c22e81,
0x25014620,
0xcf30f7fc,
0xcf068108,
0xf8295c05,
0x0f00f1bb,
0xf045d00f,
0x07cf0502,
0x05cf4881,
0x08cf1d18,
0x05cf1e81,
0xfbf8160e,
0x45b17b68,
0x07cf08f0,
0x05cf2e24,
0x07cf0b16,
0xcfc62681,
0xf8040e05,
0x2405cfbb,
0x2407cf10,
0x4620615a,
0xfff9f7fb,
0x5c4806cf,
0xf20e05cf,
0x05cf7bff,
0x07cf2024,
0x05cf6424,
0x07cfe716,
0x05cf6624,
0x1affe00e,
0x0f0f80f0,
0x8106cfd0,
0x6100cf36,
0x0580f045,
0xd41804cf,
0x7a2607cf,
0xcd2605cf,
0xbb462bff,
0x0e8507cf,
0xffc6f7fb,
0xf7ff4620,
0x8307cf5e,
0x0280ce6c,
0x38fa07cf,
0xc61006cf,
0x0e04cf80,
0x1e07cf39,
0x06cf80bf,
0xf7fb7c83,
0xf44fff36,
0xf0007112,
0x04cf061f,
0x33ff2f0e,
0x04cf0546,
0x010ff662,
0x9c1004cf,
0x05cf2bff,
0xcf015e81,
0xff956205,
0xf6402380,
0x461a0116,
0x8e0e04cf,
0x05cf33ff,
0xcf250c81,
0xcf871c05,
0x06cf2a05,
0xfb309a82,
0x07cf80f7,
0x05cf6f1c,
0x07cf790e,
0x05cfce46,
0xb9ff720e,
0x6f0f02f1,
0x00f119d0,
0xb306cf03,
0x40f3ca38,
0x0d459903,
0x3406cfd0,
0x2605cf11,
0x5007cf5f,
0x0e05cf12,
0xf3caff58,
0x240bcf80,
0x1605cf1b,
0x2407cf4d,
0x0e05cf1c,
0xf3caff46,
0x240bcfc0,
0x1605cf2f,
0x7c07cf3b,
0x0e05cfc6,
0xf3caff34,
0x0acf1340,
0x05cf5b24,
0x07cf2916,
0x8306cf48,
0x04cf2220,
0x240bcf6c,
0x1605cf65,
0x2407cf17,
0x208306cf,
0xebb9ff10,
0x08cf1fda,
0x05cf7922,
0x07cf0614,
0x8306cf22,
0xfffeff1c,
0x1a8309cf,
0x06cffe94,
0x460520fc,
0x4848b910,
0xec00f00c,
0xcf144628,
0x0074aa07,
0x04e62d21,
0x06e62b21,
0x7f061ff0,
0xcf463322,
0xfb608606,
0xcffedff7,
0x710e8207,
0xd80e04cf,
0x1b0e07cf,
0xd10e05cf,
0x3d0e07cf,
0xca0e05cf,
0x470e07cf,
0x73e64e71,
0x820acfb1,
0xfb250144,
0xcffebcf7,
0xfb68850a,
0xcffeb5f7,
0xcf68850c,
0xa948820a,
0xcf2607cf,
0xa2488206,
0x850acffe,
0x820acf68,
0x05cf9748,
0x8208cf24,
0xcffe9048,
0xcf68850a,
0x8548820a,
0xcf4807cf,
0x7e488206,
0x850acffe,
0x820acf68,
0x07cf7348,
0x8206cf24,
0x1afe6c48,
0x3f0f80f0,
0xcfae9bf4,
0x894a8208,
0x02986ee6,
0x6b717afe,
0x696e695f,
0x7a5b0074,
0xb108cf71,
0x4b4e552b,
0x4e574f4e,
0x5244445f,
0x4550535f,
0x7a004445,
0x005d6b71,
0x8bb58000,
0x0baf0068,
0xcfbd8061,
0x614b0a06,
0xb5b0bd80,
0xf805cf13,
0x0a461528,
0x02780979,
0x08fbbbf0,
0xb060a5b9,
0xfff04fbd,
0x07cfb030,
0xff441a28,
0xcfffebf7,
0xeb033608,
0xf7ff02c2,
0xbd80ffe3,
0xb580794b,
0xb12baf00,
0x608b2360,
0xf7ff688a,
0xbd80ffd9,
0xe7f868cb,
0x001808cf,
0xcd1807cf,
0xcb1807cf,
0x431805cf,
0x0b694ab1,
0x02441369,
0x93330122,
0xfff2f2fb,
0x00ffbdf7,
0x00bd8020,
0x06b5f800,
0xcb460d46,
0x93af0078,
0x53784bb9,
0x58f002b9,
0xfff04ff9,
0x30782932,
0xf6f00246,
0x204604f8,
0xcfbdf846,
0x78091204,
0xf982f002,
0x7889e7f6,
0xf9e5f7fc,
0x1c434604,
0x4630d10e,
0xf7fc2401,
0x782bf963,
0x5cd34a0b,
0xea24409c,
0x2c000400,
0x34fff04f,
0x2400bf18,
0x2b011c63,
0x4621d9df,
0xf7fa4805,
0x68aaffe9,
0x48044621,
0xffe4f7fa,
0xbf00e7d5,
0xfe027c29,
0xfe029b92,
0xfe029ba7,
0x2200b5b0,
0xb08c4b19,
0x714aaf00,
0x4605460c,
0x4b17607b,
0x4b1760fb,
0x4b17617b,
0x4b1761bb,
0x4b1761fb,
0x4b17623b,
0x4b17627b,
0x230162bb,
0x613a60ba,
0x302cf887,
0xf887780a,
0xf887302d,
0xf887302e,
0x790b302f,
0x0342eb03,
0xf8124a0f,
0xf7fb1023,
0x4b0efb6d,
0x462260e0,
0x462960a0,
0xf7fe1d38,
0x3730f9e9,
0xbdb046bd,
0xfe0298dd,
0xfe0298c5,
0xfe0298b5,
0xfe0298a7,
0xfe029915,
0xfe029875,
0xfe02987f,
0xfe0298f5,
0xfe02b90c,
0x08cf9b74,
0x460e60e7,
0x4692b087,
0xaf00461d,
0xd13d2b00,
0x21662202,
0xfd5af7fb,
0xf3c0462b,
0x22020847,
0x04cf4620,
0x3efd5910,
0x66f00c48,
0x7e4620ea,
0xe6f7fc70,
0xb82301f8,
0xfd462070,
0xfb71bb70,
0x46bb6571,
0x25f002bb,
0x18f107f8,
0x4f230009,
0x090b01f0,
0x3b3d18f8,
0x262b0378,
0x06ea55d9,
0x20d15b03,
0xfff00146,
0x48ea4fff,
0x03462003,
0xcf03fef0,
0xfd2f6406,
0xf00c482a,
0x0acfea3c,
0x48277eb1,
0x0801f04f,
0xea32f00c,
0xf002e7ca,
0xe7d5f88e,
0xe9daf7fe,
0x46204923,
0xf8c3f7fc,
0xfa0be7ce,
0xea32f203,
0xd11a020a,
0x2b01b935,
0x462ad81b,
0x46204631,
0xf989f002,
0x713b2300,
0x2b01793b,
0xb965d917,
0x3b02783b,
0xd8032b01,
0x4620b116,
0xe93ef002,
0x06cf2202,
0x3bf97626,
0x3b330178,
0xcfe7b170,
0xe9301a06,
0xe7de2201,
0xba05cf49,
0x28ff3008,
0x0a4a0ab1,
0xfa480b49,
0xfeff06f7,
0x01793be7,
0x00e7d533,
0x07d0a42d,
0xd8e7ac48,
0x04fe029b,
0xe6fe029c,
0xccfe029b,
0xf4fe025b,
0x84fe029b,
0x8f06cf9b,
0x029c1260,
0x796572fe,
0x64725f65,
0xb208cf71,
0x6165722e,
0x04cf5f64,
0x74796214,
0x68700065,
0xf205cf79,
0x7365725f,
0x06cf6c75,
0x05cf19f4,
0x05cf34f4,
0x8106cf15,
0x72287f87,
0x1906cf65,
0x68772029,
0xcf206e65,
0x64204c04,
0x06cf6c6c,
0x323045d7,
0x5b000a78,
0x5f747331,
0x005908cf,
0x646e325b,
0xcf0e0acf,
0x1e908107,
0xcf455945,
0xcf19b306,
0x005d2b0c,
0x5d2b0ccf,
0x30e405cf,
0x4681460c,
0x4616af00,
0xf7ff4698,
0x7823feb3,
0x79214605,
0x68e24648,
0x0143eb01,
0xf8134b0d,
0xf7fb1021,
0xb175fb23,
0x2b011ceb,
0xf8d8d80f,
0x46292004,
0xf7fa4808,
0x4a08fe79,
0x48094908,
0xfe74f7fa,
0x6923e7fe,
0x69636033,
0x46286073,
0x83f8e8bd,
0xfe02b90c,
0xfe029f93,
0xfe029fc1,
0x06cf9f60,
0xb5801c82,
0x7809af00,
0xf971f002,
0x08cfbd80,
0x00f97f0c,
0x01bf1830,
0xcf424020,
0x2e8c8106,
0xaf00460d,
0x46066812,
0xffeef7ff,
0x69e36962,
0x429a69a1,
0xbfa87828,
0x6923461a,
0xbfb8428b,
0x78e9460b,
0x2302441a,
0xfb923201,
0xfb13f2f3,
0x490e1300,
0x616a4630,
0x8605cf11,
0xebfad002,
0x05696178,
0x1b1203eb,
0x216191b2,
0xcf61d169,
0xeb050c04,
0x69e10583,
0x69a16211,
0x68a26251,
0x68e3606a,
0xbdf860eb,
0xb90cbf00,
0x748506cf,
0x468b469a,
0xaf02b0ab,
0x46054691,
0xf8d77379,
0xf8d740c8,
0xf8d760d8,
0xf7fb80e0,
0x73b8ff78,
0x487c2301,
0x74bb73fb,
0xf00c74fb,
0xea4fe8ec,
0xf04f138a,
0x33320a64,
0xf3fafb93,
0xf1bb663b,
0xd13f0f00,
0xf2402240,
0x46287113,
0xcfc4f7fb,
0x0118ff05,
0x0ad12b28,
0x4ff404fb,
0xce7acef4,
0xfafb9434,
0xdf4628f4,
0x7cb1ccf8,
0x78f7fe66,
0xcf4969e8,
0xff612a04,
0x00c205cf,
0x68f88723,
0x68f89730,
0x232b0330,
0xa0f107d9,
0x1c230006,
0x94f80646,
0x037b3b3d,
0x9ff2402b,
0x0c485e80,
0x00e8b0f0,
0x07cfa420,
0xf44f1886,
0x435c737a,
0x736ef640,
0x74b7f204,
0xf4f3fb94,
0x08cfe7d0,
0x0473d214,
0xf474e9f2,
0x0a733be7,
0x33f303fa,
0x780309ea,
0x6204cfd1,
0xf897306b,
0x2b01306b,
0x6f3cd91f,
0x6fba6efb,
0xbfa842a3,
0x6f7c4623,
0xbfb84294,
0x6e7a4614,
0x42911b19,
0x441cdb56,
0x34012202,
0x0168f107,
0xfb944628,
0x4622f4f2,
0xff2af7ff,
0x30dcf8d7,
0xd14d2b00,
0x0208eb04,
0x4c3ce04c,
0x0c24f107,
0xcc0f743b,
0x000fe8ac,
0x033cf107,
0x020cf107,
0x0003e894,
0x0003e88c,
0x46299301,
0xf1071d3b,
0x93000024,
0x0368f107,
0xf8cef7fe,
0x4a30b130,
0x0108f104,
0xf7fa482f,
0xe7fefd5f,
0x306bf897,
0xb9c36ffa,
0x10ccf8d7,
0xf8d7b189,
0x1a5210d0,
0xd8412a60,
0x1068f897,
0xeb034628,
0xcf1b0341,
0xe94e8305,
0x8105cff9,
0xe79f3334,
0x0a2404cf,
0xd7e7ec44,
0x0910d4f8,
0xe71b92b1,
0xe54432e7,
0x1d4a1ce7,
0xfa481a49,
0xfefd35f7,
0x08eba4e7,
0x8106cf02,
0xd1f7ff38,
0x68f897fe,
0x87330130,
0x523068f8,
0x3b743ce7,
0x032b017c,
0x017b3bd9,
0x54733b33,
0x16c105cf,
0xfd3ff7ff,
0x4a0eb128,
0x480a490d,
0xfd15f7fa,
0x7c3be7fe,
0x743b3301,
0x9a05cfe9,
0x00e74a24,
0xcf9fd8bf,
0x3e5c8706,
0x6cfe02a0,
0xe6fe029f,
0x448507cf,
0xfe029ff7,
0xfe029f84,
0x06cfa02a,
0x05cf388a,
0x06cf6c87,
0x210035ba,
0x99fe029c,
0x8dfe029c,
0xadfe029c,
0xcffe029c,
0xcf00d408,
0xcf6e8605,
0xcf44ba05,
0xcf01880d,
0xcf6c8717,
0x0bcf2904,
0x07cf6987,
0x05cf4d87,
0x494257ba,
0xcf5f5453,
0x5b001105,
0x32550acf,
0x250dcf64,
0x0cbb0bcf,
0x53514452,
0x4f52435f,
0x23cf5353,
0x08cf17bb,
0x44413688,
0x8809cf5f,
0x6509cf3a,
0x65b441cf,
0x0ca908cf,
0x06cf03a0,
0xd04404c4,
0x3071e24d,
0x9001e6ef,
0x3054e1a0,
0x2064e50b,
0x2f9de50b,
0x2002eb00,
0xcf66e3a0,
0x0e2c9f07,
0xa106cfed,
0x0b005864,
0x1804cfe5,
0xcf1404cf,
0xed0b1c04,
0x04cffbff,
0x5900000c,
0x00003ae3,
0x0006761a,
0x9fa34cfa,
0x74a005cf,
0xe1a06003,
0x74a008cf,
0xe3a03001,
0xe51b2064,
0xe1a03613,
0xe1d33002,
0xcf0000b7,
0x7624a005,
0x5ce6ef30,
0x00e50b30,
0x0493a020,
0xcf9a0000,
0x00014804,
0x04cf0a00,
0x00071554,
0xa02001eb,
0x07cf09e3,
0x073054a9,
0xaf05cf00,
0x7005cf18,
0x88e3a050,
0x28fa0007,
0x40e50b50,
0x2ce50b00,
0x30e50b00,
0x38e50b00,
0x3ce50b50,
0x7004cf50,
0x2004e285,
0xa605cf9b,
0x0b306008,
0x1b1040e5,
0x04a305cf,
0x03a03001,
0x13e03000,
0xe50b3048,
0xe0030293,
0xe2852001,
0xe1a020c2,
0xe0231392,
0x345c04cf,
0x03e50b30,
0x7be1a020,
0x00fa0007,
0x08e25080,
0x5001a070,
0x1b050b80,
0x000a0000,
0x05e3a030,
0x3ce78a31,
0x47e51b70,
0x84ea0000,
0xc3fa0006,
0x3ceaffff,
0xe2e50b70,
0xcfeaffff,
0x067b6004,
0x2000fa00,
0x08cfe3e0,
0xcf492881,
0x50001004,
0x000008e3,
0x1b20501a,
0x877001e5,
0x1b3044e2,
0x520000e5,
0x0b804ce3,
0xa03008e5,
0x8208cf01,
0xa405cf20,
0xe2888004,
0xe3580064,
0x0a000011,
0xe1a03008,
0xcfa02000,
0x07724c09,
0x04cffa00,
0x0bcf0114,
0x00076d14,
0x05cf54fa,
0xdee35350,
0xcf0affff,
0x06747c0c,
0xffdffa00,
0x31c0eaff,
0x0000e59f,
0x7105e357,
0x2014e78a,
0x10441243,
0x21b0151b,
0x1105059f,
0x204c1782,
0x2105151b,
0x71051783,
0x303c0783,
0x7105e51b,
0x00030782,
0x0019e157,
0xffc4ca00,
0x30481aff,
0x2034e51b,
0x0001e51b,
0xcf38e353,
0xa0302004,
0x0b303801,
0x1b3030e5,
0xa03002e5,
0x0b303001,
0x06cf28e5,
0x30281118,
0xcf2ce50b,
0x2c111806,
0x60e50b30,
0x05e51b50,
0xb6e35500,
0x001affff,
0x0ae35700,
0x3c1a0000,
0x3ce59f21,
0x3ce59f11,
0x8ee59f01,
0xc706cfe9,
0x1b303454,
0xcf5028e5,
0xcf3c8306,
0x04cf3804,
0xffffef54,
0x6405cfea,
0x2ce3a070,
0xcfe51b20,
0x02548108,
0x01e08320,
0x12e28220,
0x12e712f7,
0x38fa0007,
0x1c0acf30,
0xe08a3713,
0xe5935014,
0xe5933028,
0xe0855003,
0xe51b3028,
0xe2855001,
0xe08a2713,
0xe715f715,
0xe5923014,
0xe5922028,
0xe0833002,
0xe3a02000,
0xe2833001,
0xe713f713,
0xcf2c04cf,
0x04cf2804,
0xa0300524,
0x000718e1,
0x0804cffa,
0x68820ccf,
0xfa000713,
0xe3590000,
0x0a000005,
0x8105cf5c,
0x01e24364,
0x01e35300,
0xcf8a0000,
0x0610b105,
0x308606cf,
0x2c8508cf,
0xfa000685,
0xe2866001,
0xe3560004,
0x8205cf3f,
0x8505cf00,
0x04cf1a58,
0x0005a21c,
0x04cf58fa,
0x860bcf44,
0x0330fe60,
0xffec38e2,
0x9f0028fb,
0xcf2ebee5,
0xcf20a806,
0x6a14a708,
0x4cfe02a4,
0x74fe02a0,
0x60fe02a0,
0x7afe02a0,
0x58fe02a4,
0x8a06cfa4,
0x02a49a04,
0x697571fe,
0xcf5f6b63,
0xcf2d8905,
0xcf7da508,
0x09cf130c,
0x55511489,
0xcf4b4349,
0x4e1a8907,
0x41505f4f,
0x07cf5353,
0xcf6fa281,
0x005d2f0e,
0x6a0bb580,
0x69caaf00,
0x1283eb02,
0x7809604a,
0xff03f001,
0xb598bd80,
0xaf0068cb,
0xcf09690a,
0x92768f05,
0x5cf3f3fb,
0x3ff00342,
0x3ff00403,
0x63bf5804,
0x92248042,
0x03f2f4fb,
0x011282eb,
0x98feebf0,
0x4bb580bd,
0x9aaf0068,
0x4206cf1a,
0xcf80fee2,
0xeba31207,
0x06cf02c2,
0x80fed814,
0x0cb5f8bd,
0x00460646,
0x1004cfaf,
0x7821feba,
0x46304605,
0xfe51f001,
0x1085eb00,
0xcff86120,
0xcfaa200d,
0xcf412009,
0x60e02005,
0x0000bdf8,
0xcf05b5b0,
0xfb509905,
0x01fb67f7,
0xfb462846,
0xc3fbd5f7,
0x0146011c,
0x62d8132b,
0x02425068,
0x00033ff0,
0x58003ff0,
0x404243bf,
0xf0fb9220,
0xfa4805f2,
0xcff9e0f7,
0x78a58106,
0xf9dbf7fa,
0xbdb0e7fe,
0xa72ebf00,
0xa76bfe02,
0xa6fcfe02,
0x5c8206cf,
0x460cb5b0,
0x189806cf,
0x78094605,
0x1acf607b,
0x23001498,
0x613b60bb,
0xf8872301,
0x0ccf302c,
0xf0011498,
0x7821fe51,
0x46286220,
0xfde8f001,
0x61e06a23,
0x46294622,
0x1083eb00,
0x60604b0a,
0xf7fd1d38,
0x06cffbdd,
0xa4ab1898,
0xa503fe02,
0xa4f1fe02,
0xa559fe02,
0xa537fe02,
0xa517fe02,
0xa4c1fe02,
0xa70ffe02,
0x1c9206cf,
0x48284605,
0xaf00b08b,
0x461e4691,
0x8050f8d7,
0xec6af00b,
0xf7fb4628,
0x06cffaec,
0xfbc37681,
0xb1284604,
0x49204a20,
0xf7fa4821,
0xe7fef970,
0xf04f2e00,
0xf04f36ff,
0xbf080a01,
0xfb082601,
0xfa0af606,
0x9105cf04,
0x39d11f0a,
0x3c46281d,
0x8cf7ff71,
0x16b128ff,
0x1449134a,
0x56f7fa48,
0xb8e7fef9,
0x100f00f1,
0x287939d0,
0xf2f00146,
0x837939fd,
0x0a04cf46,
0xeb00fd89,
0x4432128b,
0xba1804cf,
0xfbf00160,
0x043401fd,
0x08d1d72c,
0x28f00b48,
0x2c2000ec,
0x109207cf,
0xfe02a781,
0xfe02a787,
0x06cfa71f,
0xa79c4482,
0xa7b1fe02,
0x6577fe02,
0xcf5f6579,
0x696ace05,
0x745f7473,
0x00747365,
0x1df105cf,
0x0c9705cf,
0x358506cf,
0xcf100acf,
0x771b8f23,
0x75207164,
0x8f09cf69,
0x0fcf2c1c,
0x06cf1397,
0x45577185,
0x0dcf4559,
0x04cf298f,
0x1c0ccf11,
0x31ca10cf,
0x54495257,
0x8e0acf45,
0x2404cf73,
0x6e8e07cf,
0x460cb598,
0xaf00784b,
0x2164b99b,
0xfe2af7fa,
0xf0007863,
0xb973007f,
0xeb034a13,
0x5c890143,
0xd0044281,
0x2b4a3301,
0x05cfd1f7,
0x984672d6,
0xea211dbd,
0x4f2b01e7,
0x090300f0,
0x09cf0bd1,
0x01d0f126,
0xf72b5133,
0x07e7ebd1,
0xe71409cf,
0xe11407cf,
0xf8bf00e7,
0xd6fe02aa,
0xc9fe02ab,
0xd406cfac,
0x05cf8060,
0x46165a85,
0xfeb8f7ff,
0x46054621,
0xf7ff4640,
0xb91dfe30,
0x607368e3,
0xcf336923,
0xf0629705,
0xad06cf81,
0x14460664,
0x00784d46,
0x4abb9daf,
0xdfd84b2a,
0x0680a4f8,
0x04461122,
0xd80444eb,
0x9b3000f8,
0x80f04302,
0x6df7fb03,
0x0b2001f8,
0x20eb56f0,
0x3022064b,
0x1c461146,
0x1e04cf5d,
0x2383ea44,
0x5d2006cf,
0x1004cff8,
0xcf1c06cf,
0xf7fb1604,
0x3205cf54,
0xf044eb3c,
0x21640280,
0xf7fa4630,
0x06cffdba,
0x2d0168ad,
0x2a51d10e,
0x4b0dd815,
0x0442eb02,
0xf894441c,
0x462240de,
0xf7fa210e,
0x4622ffb8,
0xe7e8211d,
0xd8062a51,
0x1e09cf05,
0xcfef41d1,
0xcf7aad09,
0xb86c8106,
0xcffe02a7,
0x9a6c980e,
0x306962ff,
0x9806cf46,
0x980ccf6e,
0x08cf296c,
0x01f27688,
0xa3fcbcf0,
0xe3606b68,
0x05cfab68,
0xe92d0088,
0x461e43f0,
0xb0a501b6,
0x4604af02,
0x48593632,
0x46154689,
0x80a8f8d7,
0xeadaf00b,
0xf8872364,
0xfb969009,
0xf8c7f6f3,
0xf1b96080,
0xd1320f00,
0x737af44f,
0x228af240,
0x46202165,
0xf308fb03,
0x1345f203,
0xf3f2fb93,
0x3084f8c7,
0xfd3bf7fa,
0xf3c04b4a,
0x60180087,
0x0888f107,
0x46204948,
0x0901f04f,
0xf94ff7fb,
0xf8082300,
0x7a3b3d80,
0xd9202b03,
0x0588f107,
0xf8052300,
0xf8973d50,
0x2b033038,
0x483ed966,
0xeaa2f00b,
0xcf8c2000,
0x830c8606,
0xf1b9230a,
0x04cf0f01,
0x02d10660,
0xcf220433,
0xe7d36208,
0x22063303,
0xf887e7f7,
0xfa093038,
0x43abf303,
0x4e30d128,
0x0c20f107,
0x06cfce0f,
0x035c4897,
0x0238f107,
0x9709cf96,
0x00462148,
0x07464397,
0xfd0020f1,
0x30faecf7,
0x064a26b1,
0x250108f1,
0x7df7f948,
0xfae7feff,
0xd7693b68,
0xd01084f8,
0x1c42881a,
0x297a39db,
0xbb617ab9,
0x017a3b61,
0xa8723b33,
0x826978e7,
0x7adc0042,
0x9369ba61,
0xbbdb0042,
0xf1290361,
0x4169bbd1,
0x20697a46,
0x8208cf46,
0xdff7ff52,
0x12e7e6fe,
0x105605cf,
0x52f7f948,
0xcfe7feff,
0x7d40ff06,
0x0db128fd,
0x0a490e4a,
0x47f7f948,
0x97e7feff,
0x05cf38f8,
0x30384e97,
0xade4e783,
0x408306cf,
0xfe025bcc,
0xfe02ae04,
0xfe02adbc,
0x0acfadf3,
0xa79c1c97,
0xadd4fe02,
0x2d40fe02,
0x412d4100,
0x431e2e42,
0x2f445f2e,
0x1930453c,
0x475a3046,
0x32483731,
0x55324914,
0x4b32334a,
0x344c0f34,
0x2d354d50,
0x4f0a364e,
0x37504b36,
0x05385128,
0x53463852,
0x3a542339,
0x413a5500,
0x001e3b56,
0x3c01003c,
0x1e3d0241,
0x045f3d03,
0x3f053c3e,
0x5a3f0619,
0x08374007,
0x41091441,
0x32420a55,
0x0c0f430b,
0x440d5043,
0x0a450e2d,
0x104b450f,
0x47112846,
0x46471205,
0x14234813,
0x49150049,
0x1e4a1641,
0x185f4a17,
0x4c193c4b,
0x5a4c1a19,
0x1c374d1b,
0x4e1d144e,
0x324f1e55,
0x200f501f,
0x51215050,
0x0a52222d,
0x244b5223,
0x54252853,
0x46542605,
0x28235527,
0x56290056,
0x1e572a41,
0x2c5f572b,
0x592d3c58,
0x5a592e19,
0x30375a2f,
0x5b31145b,
0x325c3255,
0x01000a00,
0x0a02280a,
0x140b0350,
0x053c0b04,
0x0c06000c,
0x500c0728,
0x09140d08,
0x0e0a3c0d,
0x280e0b00,
0x0d500e0c,
0x0f0e140f,
0x00100f3c,
0x11281010,
0x11125010,
0x3c111314,
0x15001214,
0x12162812,
0x14131750,
0x193c1318,
0x141a0014,
0x50141b28,
0x1d14151c,
0x16403c15,
0x28164100,
0x43501642,
0x17441417,
0x0018453c,
0x47281846,
0x19485018,
0x3c194914,
0x4b001a4a,
0x1a4c281a,
0x141b4d50,
0x4f3c1b4e,
0x1c50001c,
0x501c5128,
0x53141d52,
0x1e543c1d,
0x281e5500,
0x57501e56,
0x1f58141f,
0x0020593c,
0x5b28205a,
0x215c5020,
0x3c215d14,
0x5f00225e,
0x22602822,
0x14236150,
0x633c2362,
0x24640024,
0x50246528,
0x67142566,
0x26683c25,
0x28266900,
0x6b50266a,
0x276c1427,
0x00286d3c,
0x6f28286e,
0x29705028,
0x3c297114,
0x00002a72,
0x0f01000f,
0x1410023c,
0x04501003,
0x12052811,
0x3c120600,
0x08141307,
0x14095013,
0x00150a28,
0x0c3c150b,
0x160d1416,
0x28170e50,
0x1000180f,
0x19113c18,
0x4619120a,
0x141e1a13,
0x1b155a1a,
0x0a1c1632,
0x18461c17,
0x1d191e1d,
0x321e1a5a,
0x1c0a1f1b,
0x201d461f,
0x5a20401e,
0x42322141,
0x22430a22,
0x1e234446,
0x465a2345,
0x25473224,
0x4625480a,
0x4a1e2649,
0x274b5a26,
0x0a284c32,
0x4e46284d,
0x294f1e29,
0x322a505a,
0x520a2b51,
0x2c53462b,
0x5a2c541e,
0x56322d55,
0x2e570a2e,
0x1e2f5846,
0x5a5a2f59,
0x315b3230,
0x46315c0a,
0x5e1e325d,
0x335f5a32,
0x0a346032,
0x62463461,
0x35631e35,
0x3236645a,
0x660a3765,
0x38674637,
0x5a38681e,
0x6a323969,
0x3a6b0a3a,
0x1e3b6c46,
0x6e5a3b6d,
0x3d6f323c,
0x463d700a,
0x721e3e71,
0xa8315a3e,
0xa85dfe02,
0xa7bdfe02,
0xa919fe02,
0x509c0acf,
0x358d06cf,
0x519c0acf,
0x110bcf5b,
0x799209cf,
0x9c0acf57,
0x1f0acf0d,
0xe711cf5d,
0x00076c68,
0x00076d00,
0x00076e00,
0x13cf6f00,
0x077008e8,
0x07710000,
0x07720000,
0x07730000,
0x014a0000,
0x014900ff,
0x05e800ff,
0xdd05cf0f,
0xe910cf68,
0xea10cf60,
0xcf014a14,
0x08cf0404,
0xea12cf08,
0xea10cf20,
0x3010cf54,
0x496020cf,
0x0404cf01,
0xcf0808cf,
0x10cf6022,
0xe62ccf30,
0x81244014,
0xf4fb9246,
0x0eaf00f4,
0x00461546,
0x1cda052c,
0x1d491c4a,
0xf4f7f948,
0xdfe7fefc,
0x4f8078f8,
0x1a0b81ea,
0x0beb024a,
0x21f8580a,
0x1244d830,
0xba2021f8,
0xcf1010f8,
0x22b28106,
0xfabdf7fa,
0x3010f8d8,
0x2020f89a,
0xf8ba4648,
0x1809cf30,
0x4648fab1,
0xfd26f7fa,
0x9505cf6b,
0x3ff0055c,
0x5abf5802,
0x484b0842,
0x26f81346,
0x64f7fa10,
0x64bb05cf,
0xbf008ff8,
0xfe02b748,
0x06cfb6bc,
0xae107089,
0xc1a0fe02,
0xaf20fe02,
0x3cab08cf,
0x8330f8df,
0xf8dfb08f,
0xaf00b2fc,
0x250048ba,
0x61b94699,
0x6e3e607a,
0xef90f00a,
0xf7fc4620,
0xf898ef3a,
0xf105304c,
0xb2ed0a01,
0xf20042ab,
0x4bb18139,
0x72fff643,
0x82fcf8df,
0x46202166,
0x601a2500,
0xf8d84aae,
0xf4433000,
0xf8c85300,
0x68133000,
0x130a04cf,
0xfa220260,
0x00fa57f7,
0x02613823,
0x2a04cf22,
0xcf0e04cf,
0xc758e608,
0x088014f8,
0x002301bf,
0x03fb062e,
0x00bf08f3,
0x4f60bb23,
0x7b0901f0,
0x05fa0968,
0x03ea38f8,
0xc1f04003,
0x204e9981,
0x85ea4f46,
0x10f1a60b,
0x25f83603,
0x25f81310,
0x2df7fa20,
0x784b94fa,
0x20462962,
0x25f85346,
0x01623b30,
0x90f8f2f0,
0x2060f84b,
0x25f81346,
0x03f7fa10,
0x88fa5ff8,
0x4f220ff3,
0x8261bdf4,
0x7804cf46,
0x2302fa1b,
0xbc05cf8e,
0x15f7fa42,
0x40f106fa,
0x3c05cf03,
0x50f10620,
0x25f85303,
0x01fa2210,
0x8bb2d2f3,
0x60f10640,
0x31b2db01,
0x014605cf,
0x70f106fa,
0x802809cf,
0x90280fcf,
0xed2809cf,
0xa0f106f9,
0xb02809cf,
0xc0280fcf,
0xd92809cf,
0xd0f106f9,
0xe02809cf,
0xcf36f003,
0xf8362a0c,
0xb2db1025,
0xf9c6f7fa,
0x2b0069bb,
0x8094f040,
0xf7fa4620,
0x464afc27,
0x0380f040,
0x8205cf06,
0xcffbe43e,
0xcf548106,
0xf9ab0c04,
0x0008ea00,
0xf305fa50,
0x812df000,
0xf04f6a3a,
0x6a7b0900,
0x46c8464e,
0x9024f8c7,
0x9020f8c7,
0x22014113,
0x1383eb0a,
0x4b4861fb,
0xa01cf8d7,
0x4b48625a,
0x603b442b,
0x8107cf52,
0xfeb0728d,
0xf44f2380,
0xdc05cfbf,
0x8af7fa7a,
0x2ebe07cf,
0x5e05cfbf,
0x683bf983,
0x0e38f107,
0xc000f893,
0xeb0e4b3c,
0xcb0f0c8c,
0x000fe90e,
0xf83c2201,
0x04cf1c10,
0x00f96b22,
0x2bf04028,
0x5b4b3181,
0x052b016a,
0x334b33d1,
0x07cf1b4a,
0x6a3b7883,
0xf0402b00,
0xf1088121,
0xf1090801,
0xf10a0901,
0xf1b90a01,
0xf0000fe1,
0x4b258124,
0xf1b92200,
0x625a0fe0,
0x69fad1ba,
0x0a8106cf,
0x4a25fe6b,
0x48264925,
0xfb6af7f9,
0x4621462a,
0xf7f94824,
0x4a24fb65,
0x04cf4920,
0xfefb600a,
0x85eb08e7,
0x20445d03,
0x42f89346,
0x40f8b320,
0x2bf7fa10,
0x20f885f9,
0xb0465500,
0x17227fe6,
0x1e8205cf,
0xf060f922,
0xb2d2027f,
0x0e05cf02,
0xe768facc,
0x0f0ff1b8,
0x80fef300,
0x0801f04f,
0xf10ae7ba,
0xf04f0601,
0xe7b50800,
0xe0e46a7b,
0xfe02b75c,
0xf00100b4,
0xf0070044,
0x06cfae20,
0xc1a01086,
0x28e706cf,
0xfe02b6cc,
0xf0070074,
0xfe02b7b5,
0x06cfb6f9,
0xd550c481,
0xfdfe02b7,
0x860acfb7,
0x0700a444,
0x292302f0,
0x96462046,
0x7bf6f3fb,
0xbb441e6a,
0x32441e68,
0x04f7ff46,
0xf669fbfe,
0x7f2e3f1a,
0xa6ea4fdd,
0x3ff00619,
0x0069bb06,
0x20d17b2b,
0x3ff7fa46,
0x7ff64ffb,
0x03220173,
0x8306cf40,
0xdffafb52,
0x008184f8,
0x08462023,
0x180120f1,
0x31200bf8,
0xfa100bf8,
0x08f8c3f7,
0x080230f1,
0xcf0150f1,
0xcf121c04,
0xf8b71809,
0x0260f1a8,
0xcf40f1a8,
0xf8ab180f,
0x0230f1a8,
0x0810f1a8,
0x381808cf,
0x9f1805cf,
0x002202f8,
0x05cf8e23,
0x3ff8996c,
0x1346204b,
0xf9100bf8,
0x3bfe72f7,
0x5946297b,
0x00f983fa,
0x201989eb,
0x06eb0946,
0x65f00002,
0x7a697bff,
0x8308cf69,
0x7f280046,
0x01af2ef4,
0x7f2d0435,
0x31ae32f4,
0xdf23004d,
0x9580dcf8,
0x5e204cf8,
0x9ab2db1c,
0x3bd81d42,
0x8706cf69,
0xfef00358,
0x69f7fa03,
0x0a4829f8,
0x00ed76f0,
0x08cf3c20,
0x00f074ac,
0xcfe78009,
0x52208308,
0x022102f8,
0x6c8405cf,
0xe783f9fe,
0x0183eb05,
0x0203eb08,
0xf8924620,
0xf8913020,
0xcfb12042,
0x46588305,
0xcc4633f8,
0x006a3be7,
0x1ff43f2b,
0x0806cfaf,
0x2801aedd,
0xaf1ff47f,
0x0801f108,
0x0f0ff1b8,
0xaed4f77f,
0x42b36a7b,
0xaf1af77f,
0x1af63640,
0xf77f2e0f,
0x4a0baf39,
0x480c490b,
0xfa48f7f9,
0x46312210,
0xf7f9480a,
0xe6cdfa43,
0x46562301,
0xa024f8c7,
0xe6fb623b,
0x06cfc190,
0xb8173c83,
0xb760fe02,
0xcfdcfe02,
0x795c8307,
0xc0fe02b7,
0x048407cf,
0x409d06cf,
0xb0852400,
0x485caf00,
0xf00a607a,
0x4628ed0c,
0xecb8f7fc,
0x0901f04f,
0xfa09687a,
0x4393f304,
0x809ef040,
0x46284956,
0xfb99f7fa,
0x46284b55,
0xf103603b,
0xea4f0b10,
0xf8130884,
0xf83b2024,
0xf7f91024,
0x4b4fffda,
0x46064a50,
0x46284950,
0x3024f853,
0xf83160fb,
0xf8121024,
0xf7f92024,
0x4a4bffcc,
0x46284682,
0x3024f852,
0xf7fa60bb,
0xa005cf5f,
0xcdf7fa10,
0x702800fb,
0x0a04cfd0,
0x4b44fb4d,
0xfa095ce3,
0xea39f903,
0xd1660300,
0x411e68fb,
0xfa4a68bb,
0xf04ff303,
0x46d10a00,
0xf06f60fb,
0x68fa0301,
0x441a18f6,
0xd50c60fa,
0x493a4a39,
0xf7f9483a,
0xe7fef9c9,
0x0f01f1b9,
0x081e04cf,
0xed2304bf,
0x284b2ee7,
0x3b683a46,
0x581008f8,
0x123003f8,
0x062008f8,
0x428c05cf,
0xff90f7f9,
0x4a2f4b2f,
0xf1024628,
0x08cf0110,
0x08f8311c,
0x2008cf10,
0x4628ff80,
0xf9f5f7fa,
0x462168fa,
0xf0004628,
0xb128fde5,
0x49254a24,
0xf7f94820,
0x6805cf95,
0xcf110f02,
0xff2e8105,
0x5a9f05cf,
0xfb6df7fa,
0xb1804682,
0xed0a04cf,
0x1a4b14fa,
0x9323015d,
0x07438340,
0x8106cfd1,
0x0f035a96,
0xf205cfb1,
0x01d1dc1c,
0x7f2c0434,
0x13af56f4,
0x5cf00a48,
0xcf2000ec,
0xbf48be09,
0x06cfb81b,
0xcf102897,
0x28108307,
0x38fe027a,
0x18fe027a,
0x44ee07cf,
0xfe02b748,
0x8707cf0e,
0x02af3008,
0x02ae30fe,
0x02b821fe,
0x02b723fe,
0x02b843fe,
0x5f6c77fe,
0x5f746573,
0x73716477,
0x796c645f,
0x00035000,
0x00035800,
0x00036000,
0xcf036800,
0x6c089208,
0x6c657665,
0xcf676e69,
0xcf08cb05,
0xcf75b60a,
0x07cf1d0f,
0x520bcf15,
0x645f6975,
0x79616c65,
0x612a08cf,
0x636e6574,
0x64695f79,
0x69746e65,
0x07cf7966,
0x07cf1032,
0x07cf6491,
0x51445592,
0x49555f53,
0x4c41565f,
0x5b004555,
0x06cf4c57,
0x574bc781,
0x454d5f4c,
0x54534154,
0x454c4241,
0x5fa507cf,
0x928106cf,
0x8108cf07,
0x73692000,
0x74756f20,
0x20666f20,
0x6d726f6e,
0x6d206c61,
0x73617465,
0x6c626174,
0x61722065,
0x2065676e,
0x20642528,
0x6425203e,
0x07cf0a29,
0xa005cf55,
0x56454c18,
0x4e494c45,
0x45535f47,
0x45445f54,
0x4c554146,
0x48500054,
0x20642559,
0x65747942,
0x57206425,
0x6573204c,
0x6f742074,
0x696e6920,
0x6c616974,
0x740f04cf,
0xcf676e69,
0xcf12a109,
0x06cf490e,
0x5d4c66a0,
0x4c575b00,
0x0ecf4449,
0x45544124,
0x5f59434e,
0x4e454449,
0x59464954,
0x492c08cf,
0xa105cf44,
0x00037012,
0x00037800,
0x00038000,
0x00038800,
0x00034c00,
0x00034d00,
0x00034e00,
0x00034f00,
0x00026500,
0x00026d00,
0x00027500,
0x00027d00,
0x00028900,
0x00029100,
0x00029900,
0x0002a100,
0x00028500,
0x00028600,
0x00028700,
0x00028800,
0x0002a900,
0x0002aa00,
0x0002ab00,
0xcf02ac00,
0x58818112,
0x000007b2,
0x000007b6,
0x000007ba,
0x8113cfbe,
0x07b36483,
0x07b70000,
0x07bb0000,
0xcfbf0000,
0x07b42013,
0x07b80000,
0x07bc0000,
0x07c00000,
0x1ddc05cf,
0x00000b00,
0x00000e00,
0x00000f00,
0x00001200,
0x00001300,
0x00001600,
0x00001700,
0xcf736d00,
0xf040fa48,
0x3d46064f,
0x02b08548,
0x10f04faf,
0x79240008,
0xe2f7f860,
0x034b39ff,
0x7b0a20f1,
0x84ea4f68,
0xdfbb5b09,
0x1db0f8f8,
0x304b3446,
0x09f85346,
0x3b442b30,
0xf9b29960,
0x2afd37f7,
0x21900046,
0x58683b46,
0xf8350146,
0x08ffc7f7,
0x2cd1ec2d,
0x502606cf,
0xf7f9b2a9,
0x4603fd26,
0x462a4829,
0x34014621,
0xffb7f7f8,
0x0804f108,
0xd1d32c04,
0xa28108cf,
0x5a25007c,
0x1f1009f8,
0x30fb85fa,
0x59194b46,
0x3bb28944,
0x0bf7f960,
0x1b5809cf,
0x9cf7f848,
0x0af858ff,
0x6b463010,
0x2008cf18,
0x08cffcfb,
0x13350120,
0x8bf7f848,
0xda2d08ff,
0x304d12d1,
0x09f85546,
0x89fa1f90,
0xe9f7f9f1,
0x03464afc,
0x0d462146,
0x7bf7f848,
0x05f858ff,
0xa9463050,
0xddf7f9b2,
0x05cf2afc,
0xb5480818,
0x02c04ee7,
0x02b84cfe,
0x02b85cfe,
0x02c093fe,
0x02c0b3fe,
0x02c0d9fe,
0x02b88cfe,
0x02c0fffe,
0x02c126fe,
0x02c072fe,
0x1bb5b0fe,
0x00460521,
0xbef7f9af,
0x04211cfc,
0xf9462846,
0x40fcb9f7,
0x232304ea,
0x030304f0,
0xcf210622,
0xff511204,
0xc305cfb0,
0x00210230,
0x1aaf0023,
0xf9460446,
0x18ff47f7,
0x20211c22,
0x0ff7f946,
0x184606fd,
0xf8480eb1,
0xfeff34f7,
0x05cf1be7,
0x1cfc9714,
0xcf460521,
0xfc920a04,
0x2305ea40,
0x0304f043,
0x04cf4620,
0x2af7f950,
0x322355ff,
0x05cf0b46,
0xf8ff2428,
0xcfc14dbd,
0x01248c06,
0xacf8df23,
0x05cf8390,
0x468874aa,
0x40934692,
0x607b2400,
0x0b55f04f,
0x0307f1c4,
0xfa2b2203,
0xf240f303,
0xf01371c1,
0x46280f01,
0x06fff04f,
0x2600bf08,
0x00cff7f9,
0x2a4540fc,
0xcf220cd0,
0x46281c04,
0xfcc7f7f9,
0x0087f3c0,
0xd0224580,
0x1409cf30,
0xf3c0fcbd,
0x45801007,
0x0002f04f,
0x2003bf18,
0x1020f859,
0x3ffff1ba,
0x44214628,
0xd10fb289,
0xfc3ef7f9,
0xd1114286,
0x2c083401,
0x2000d1c7,
0x468309cf,
0x01e7e920,
0xf9e7e720,
0x7bfc2ef7,
0x18407068,
0x4fd0ed42,
0xee30fff0,
0x4cbf00e7,
0xbe05cfb8,
0x2105234c,
0x461aaf00,
0xfebef7f9,
0xb598bd80,
0x460422ac,
0x2120af00,
0xfe34f7f9,
0x22554620,
0xf7f9210f,
0x4620fe2f,
0x212822de,
0xcf2af7f9,
0x21141405,
0xfe25f7f9,
0x22ac4620,
0x5116f240,
0xfc10f7f9,
0x402004cf,
0xf95117f2,
0xcffc0af7,
0xf44f2204,
0xf7f961a3,
0x2255fc04,
0x5119f240,
0xf7f94620,
0xcf98fbfe,
0xcf70a507,
0x54d58106,
0xf240460c,
0xaf02510f,
0x22404690,
0xcf54f7f9,
0x7eff8106,
0x28511cf2,
0x4df7f946,
0xcf2340fc,
0xcf1a1e04,
0x46508305,
0xcf2380fc,
0x06cf1a04,
0x03fc3f0e,
0x168209cf,
0x4284fc32,
0x820bcf29,
0x05cf2a3a,
0x42843a82,
0x820bcf21,
0x05cf203a,
0x42843a82,
0x0402f04f,
0x2403bf18,
0xf04f2305,
0xcf1a0901,
0x00f48106,
0xcf61a5f4,
0xfbc02404,
0xb1484606,
0x49274a26,
0xf7f84827,
0xe7fefe31,
0xe7ea2400,
0xe7e82401,
0x04cf230a,
0xcf461a28,
0xfbab2a08,
0xb9f4b1d8,
0x3105f240,
0x840e04cf,
0x07f240fb,
0x8406cf31,
0x00fb7e76,
0xb80040f0,
0x1d3ffff1,
0x06fa24d1,
0x2107dbf3,
0x083601d4,
0xcfd1f82e,
0xcf1ac108,
0x44fd8107,
0x06f24083,
0x653e05cf,
0x5f3e0bcf,
0x7ff020fb,
0xdeb2c000,
0x08f1b8e7,
0x24d0e50f,
0x40f008fa,
0xe40000f3,
0x74a805cf,
0xc16ee7e1,
0xc03cfe02,
0x648d07cf,
0xcfe92d48,
0xcf04ee05,
0x080ced07,
0xc1e24dd0,
0x9de30057,
0x50faffe5,
0x00e7e922,
0xcfe18222,
0x7260e208,
0x9fe6ef20,
0xfcfaffe5,
0x04e3a020,
0x04e1a030,
0x05cf8d20,
0x50004cb8,
0x101fe58d,
0xe612e3a0,
0x05cffaff,
0xa03058e1,
0x1404cfe3,
0xe58d3004,
0x2c07cfc0,
0xe3a01014,
0xfaffe60a,
0xe3a00000,
0xe24bd00c,
0xe8bd8830,
0x43f8e92d,
0x46154604,
0xb911af00,
0x4c9c05cf,
0x2b2a0183,
0x7b2a02d0,
0x402a00d0,
0xdf80a1f0,
0xae8148f8,
0x064620b2,
0x017100f5,
0xf9b28935,
0x06faf2f7,
0x082105f2,
0x890f01f8,
0xf94620b2,
0x06faeaf7,
0x88210af2,
0xcf0005f8,
0xfae21006,
0x210ff206,
0xcf0af888,
0xfada1007,
0xf8882d05,
0xd1db000f,
0x4e3fe7ce,
0x0900f04f,
0xfa1f46b0,
0x4620f589,
0x7100f505,
0x0901f109,
0xc75604cf,
0x0dcf05fa,
0x05fabf56,
0xb7560dcf,
0x0dcf05fa,
0xb9faaf56,
0xcf0f05f1,
0xd1d85804,
0x0800f04f,
0xf588fa1f,
0x04cf7af2,
0x89462052,
0x01f108b2,
0xadf7f908,
0x325405cf,
0x3206cf7c,
0xf816faa6,
0x04cf2f01,
0x2204cf56,
0xcf9ef7f9,
0x79725205,
0x971e06cf,
0x05f1b8fa,
0x7cd1db0f,
0xcf4e16e7,
0x05cf5008,
0x520dcf30,
0x5205cf84,
0x7d3408cf,
0x248105cf,
0x06cf7ab2,
0x05cf760e,
0xcf7bf250,
0xcf6f0e06,
0xcf545007,
0xf864ac07,
0x2fbf0083,
0x98fe02b9,
0x06008cb5,
0x23af004b,
0x60f89344,
0x70f8b320,
0xb7f7f910,
0x214903fa,
0x18694b44,
0x4cbd9841,
0x30fe02b8,
0x00c506cf,
0x802a7f41,
0x1ace05cf,
0x4e16d827,
0x4c160089,
0x440c440e,
0xf8b46973,
0xfa021070,
0xf894f303,
0xb2db2060,
0xfa9ff7f9,
0xf8946a73,
0x46402080,
0x1090f8b4,
0x9307cf05,
0x73fa9458,
0x9446406b,
0xb420a0f8,
0x09cfb0f8,
0xcffa8916,
0xcf2cae06,
0xcf78ad0a,
0x04cf6c04,
0x60b59874,
0x0baf002b,
0x41eb02d8,
0x1a490604,
0x84eb0146,
0xc0f89101,
0x32f7f910,
0x982000f9,
0x10cf05cf,
0x06cfbd98,
0x64726488,
0x645f7164,
0x5f617461,
0x706d6f63,
0x00657261,
0x3d3d3d3d,
0x700404cf,
0x746e6972,
0x6c6c6120,
0x20716420,
0xcf2204cf,
0x0a3d1908,
0x696c6100,
0x645f6e67,
0x2064256f,
0x64256975,
0x1fb205cf,
0x0bcf7833,
0x08cf28b2,
0x71645f21,
0x201ccf6d,
0x705f6425,
0xcf313068,
0x05cf461f,
0xcf333226,
0x625f6c23,
0xcf5208cf,
0x33322724,
0x4d2712cf,
0x44205250,
0x20617461,
0x6d726f66,
0x08cf7461,
0xcf68db81,
0x2112f707,
0x719208cf,
0x4c4c4f50,
0x4444525f,
0x4f445f51,
0x465f454e,
0x07cf414c,
0x00007692,
0x00000d00,
0x00001100,
0x00001500,
0x07cf1900,
0x10288481,
0x14000000,
0x18000000,
0x80000000,
0x002a3fb5,
0x04d806af,
0x78ca05cf,
0xf867f7f9,
0xcf802000,
0x80168305,
0x02c190bd,
0x804b03fe,
0xcfaf00b5,
0xf7f81c04,
0x06cfff75,
0xf8e92d14,
0x8106cf4f,
0xf1b206cb,
0xdb3b0800,
0x25004b1f,
0xf8df4a1f,
0xf8dfb090,
0xf853a090,
0xf8123021,
0x491c2021,
0xf303fa08,
0x9080f8df,
0xcf31b2db,
0x76569905,
0x184b18f9,
0x1846304a,
0x24f85349,
0x24f81230,
0x1804cf20,
0xdb2604cf,
0x67f7f9b2,
0x24f85bf9,
0x5a463030,
0x592024f8,
0x5b1024f8,
0x495d5259,
0xcf35045b,
0xf9572008,
0xd1ed2d24,
0xf7f94630,
0x06cffbca,
0x07cf1ea5,
0x188f0286,
0x970acf7c,
0x027c086c,
0x027a08fe,
0x027a18fe,
0x027388fe,
0x027398fe,
0x04cfa8fe,
0x460cb508,
0x05cf4b06,
0x05204a81,
0x05cf334b,
0xf9276c81,
0xf8534b04,
0x41183024,
0x0ccfbd98,
0xe92d2c98,
0xf5b241f0,
0x46066f00,
0x4688af00,
0xd20c4615,
0x023ff002,
0xff69f7ff,
0xcf0411aa,
0x0ed98107,
0x4320ff7d,
0x72850ccf,
0xe92d48f0,
0xe6ef7071,
0xe1a05000,
0xe28db014,
0xe1a01007,
0xe24dd010,
0xfaffe57e,
0xe24b3020,
0xe24b2024,
0xe3a01012,
0xe1a00005,
0xe2474020,
0xfbffe55d,
0xe24b3018,
0xe24b201c,
0x1807cf13,
0xfbffe558,
0xe21440df,
0x0a000002,
0xe59f013c,
0x06cfe17f,
0x601c3cc0,
0x0020e51b,
0x3024e357,
0x2020e55b,
0x4902e55b,
0x640603a0,
0x08f306cf,
0xe1866003,
0xe51b3018,
0xe1a03403,
0xe6ff3073,
0xe1833002,
0x0a000003,
0xe3570040,
0x11a06004,
0x1a000002,
0xe3a04802,
0xe736f614,
0xe734f314,
0xcf6804cf,
0x6a38eb08,
0x54e30018,
0xcffbffe4,
0xcf011408,
0xcf4f1407,
0x04cf140b,
0x00186b28,
0xcfe44ae3,
0xcf34e806,
0x04cf1804,
0x1404cf28,
0xfbffe445,
0xe6ef2076,
0xeb1404cf,
0x0fe30018,
0x56faffe4,
0x05cfe724,
0x0018ec64,
0xffe40be3,
0x07cf74fa,
0x0018f620,
0xffe407e3,
0x07cf54fa,
0x0018f720,
0xffe403e3,
0x07cf10fa,
0xa0200354,
0x7c04cfe1,
0xfbffe430,
0x140fcf01,
0x06cfe42b,
0x08cf64e9,
0x7c04cf14,
0x280fcf26,
0x211404cf,
0x00fbffe4,
0x14e3a000,
0xf0e24bd0,
0x5fe8bd88,
0x8e06cfc6,
0xef307104,
0x8e08cfe6,
0xcf500104,
0x8ee33005,
0x15e3a01e,
0xea06cfe4,
0x0bcf5c64,
0xcf1070ed,
0x40688107,
0x82e3a020,
0x44ee07cf,
0xfbffe40b,
0xe3a03028,
0xe3a0203f,
0xea07cf25,
0xffe40678,
0x07cf02fb,
0x07cf2214,
0x04cf0114,
0xe3a02050,
0x1007cf23,
0xfaffe3cb,
0xe3a020e2,
0x1007cfed,
0xfaffe3c7,
0xfb06cf00,
0x00010a18,
0x003ae355,
0x00020a00,
0x003be355,
0x00030a00,
0x003ce355,
0x20f80a00,
0x10f8e59f,
0x00f8e59f,
0xe0ffe59f,
0x008406cf,
0x06cf5c01,
0x04cf0883,
0x00182144,
0xffe3b5e3,
0x0520f0fa,
0x24f605cf,
0xe300182b,
0xfaffe3b1,
0xe7e13455,
0x071004cf,
0x2ce3a020,
0xdee30018,
0xc906cfe3,
0xa0200834,
0x001828e3,
0xcfe3a8e3,
0xcf408f06,
0x182a1004,
0xe3a4e300,
0x3008faff,
0x035406cf,
0x82e1a020,
0xd1e3a01e,
0x003407cf,
0xcf1804cf,
0xcc008207,
0xcf140bcf,
0xc7148208,
0x20140bcf,
0xc21407cf,
0x8206cfe3,
0x500ccf4c,
0xfbffe3bd,
0xe3a00f4b,
0xeb002647,
0xe8bd8830,
0x06cf5c02,
0xffffcc30,
0xcf5e3fea,
0xc93c8206,
0x02eaffff,
0x5c06cf5b,
0xeaffffc6,
0xfe02c69f,
0x06cfc64c,
0x706c4091,
0x34726464,
0x5f77685f,
0xcf696d70,
0x660edc07,
0x65725f77,
0x2b9e05cf,
0x7245205d,
0x21726f72,
0x73716420,
0x746e695f,
0x61767265,
0x69745f6c,
0x2072656d,
0x756f6873,
0x6220646c,
0x78302065,
0x6f203032,
0x78302072,
0x09cf3034,
0x5748318a,
0xcf45525f,
0x438d8106,
0x41524150,
0x8a07cf4d,
0xf0b5982e,
0x549505cf,
0x114bf240,
0xfebaf7f8,
0x06cf4620,
0xf87e9882,
0xcffeb4f7,
0x7698820a,
0xff12f7f8,
0xf0092001,
0x0acfec26,
0xf8769882,
0x05cf08f7,
0xcfec1c14,
0x7698820a,
0xfefef7f8,
0x121404cf,
0xcf2805cf,
0x76988206,
0xcff4f7f8,
0xec081405,
0x988208cf,
0xebf7f876,
0x001205cf,
0x8208cfec,
0xf7f87698,
0x1205cfe2,
0x08cfebf6,
0xf8769882,
0x05cfd9f7,
0xcfebee12,
0x76988208,
0xcfd0f7f8,
0xebe41205,
0x848106cf,
0xf8114b5e,
0xcffe62f7,
0x66a68208,
0xfe5cf7f8,
0xb598bd98,
0x8105cf0f,
0x2c230a4e,
0xb8f7f821,
0x804620fe,
0xf8212b22,
0x07cf4ef7,
0xf87ade81,
0x05cf49f7,
0xf821290a,
0x04cf44f7,
0x2280230a,
0xa32a04cf,
0xff8109cf,
0x9df7f854,
0x9c8209cf,
0x97f7f87a,
0xac7205cf,
0x8108cfeb,
0xf7f83ada,
0x4005cf29,
0x61b4f240,
0xcf23f7f8,
0x61b50c07,
0xcf1df7f8,
0x61b60c07,
0xcf17f7f8,
0x06cf4205,
0xf82edb81,
0x05cf75f7,
0x0bcf8a44,
0x05cf0744,
0x06cf1881,
0x0bcf0144,
0xcffdfb44,
0x7eda8108,
0xfdf5f7f8,
0x89810acf,
0x53f7f868,
0x684405cf,
0x07cf0aeb,
0xf8508182,
0x07cf4af7,
0xf812e181,
0xcffde0f7,
0xdb5c8108,
0x290a05cf,
0xd6f7f821,
0xcf0a04cf,
0x355c8107,
0x5c810bcf,
0x810bcf2f,
0x05cf2974,
0x98eb3e54,
0x07cff8bd,
0x1658d581,
0x7df7f846,
0x324620fe,
0xf8462946,
0xcfffc3f7,
0xfe2b7a04,
0x8107cff8,
0x06cf3ae0,
0xf8469822,
0x20fe6bf7,
0x8106cf46,
0xf7f90abc,
0x04cff832,
0xbdfe1826,
0x2d81f0e8,
0x834ff0e9,
0xfb4bfb46,
0x02b0f54c,
0x182800af,
0x00461cbf,
0xd8f50425,
0x80f44470,
0x73f7f846,
0x044681fd,
0xf870c8f5,
0x80fd6ef7,
0xcaf50446,
0x69f7f870,
0x044682fd,
0xf870ccf5,
0xc7fd64f7,
0x0401c0f8,
0xf870d0f5,
0xc7fd5ef7,
0x0401bcf8,
0xf870d2f5,
0xc7fd58f7,
0x0401b8f8,
0xf870d4f5,
0xc7fd52f7,
0x0401b4f8,
0xf87041f5,
0xc7fd4cf7,
0x0401b0f8,
0xf80030f1,
0xc7fd46f7,
0x2001acf8,
0x41f7f846,
0xa8f8c7fd,
0xd0f10401,
0x3bf7f800,
0xa4f8c7fd,
0xd4f10401,
0x35f7f800,
0xa0f8c7fd,
0xd8f10401,
0x2ff7f800,
0x9cf8c7fd,
0xdcf10401,
0x29f7f800,
0x98f8c7fd,
0xe0f10401,
0x23f7f800,
0x94f8c7fd,
0xe4f10401,
0x1df7f800,
0x90f8c7fd,
0xe8f10401,
0x17f7f800,
0x8cf8c7fd,
0xecf10401,
0x11f7f800,
0x88f8c7fd,
0xf8f10401,
0x0bf7f800,
0x84f8c7fd,
0x80f50401,
0x05f7f870,
0x80f8c7fd,
0x82f50401,
0xfff7f870,
0x7cf8c7fc,
0x84f50401,
0xf9f7f870,
0x78f8c7fc,
0x86f50401,
0xf3f7f870,
0x74f8c7fc,
0x88f50401,
0xedf7f870,
0x70f8c7fc,
0x8af50401,
0xe7f7f870,
0x6cf8c7fc,
0x8cf50401,
0xe1f7f870,
0x68f8c7fc,
0x8ef50401,
0xdbf7f870,
0x64f8c7fc,
0x90f50401,
0xd5f7f870,
0x60f8c7fc,
0x92f50401,
0xcff7f870,
0xf8c7fc00,
0xf504015c,
0xf7f87098,
0xf8c7fcc9,
0xf5040158,
0xf7f8709a,
0xf8c7fcc3,
0xf5040154,
0xf7f8709c,
0xf8c7fcbd,
0xf5040150,
0xf7f87000,
0xf8c7fcb7,
0xf504014c,
0xf7f87001,
0xf8c7fcb1,
0xf5040148,
0xf7f87002,
0xf8c7fcab,
0xf5040144,
0xf7f87003,
0xf8c7fca5,
0xf5040140,
0xf7f87004,
0xf8c7fc9f,
0xf504013c,
0xf7f87005,
0xf8c7fc99,
0xf5040138,
0xf7f87006,
0xf8c7fc93,
0xf5040134,
0xf7f87007,
0xf8c7fc8d,
0xf5040130,
0xf7f87008,
0xf8c7fc87,
0xf104012c,
0xf7f80010,
0xf8c7fc81,
0xf1040128,
0xf7f80064,
0xf8c7fc7b,
0xf1040124,
0xf7f80068,
0xf8c7fc75,
0xf1040120,
0xf7f80050,
0xf8c7fc6f,
0xf504011c,
0xf7f87017,
0xf8c7fc69,
0xf5040118,
0xf7f87019,
0xf8c7fc63,
0xf5040114,
0xf7f8701b,
0xf8c7fc5d,
0xf5040110,
0xf7f870c0,
0xf8c7fc57,
0xf504010c,
0xf7f870c2,
0xf8c7fc51,
0xf1040108,
0xf7f80038,
0xf8c7fc4b,
0xf5040104,
0xf7f87010,
0xf8c7fc45,
0xf5040100,
0xf7f87011,
0xf8c7fc3f,
0xf50400fc,
0xf7f87043,
0xf8c7fc39,
0xf50400f8,
0xf7f870e0,
0xf8c7fc33,
0xf50400f4,
0xf7f87014,
0xf8c7fc2d,
0xf50400f0,
0xf7f87015,
0xf8c7fc27,
0xf50400ec,
0xf7f8701c,
0xf8c7fc21,
0xf50400e8,
0xf7f8701d,
0xf8c7fc1b,
0xf50400e4,
0xf7f86080,
0xf8c7fc15,
0xf20400e0,
0xf7f84004,
0xf8c7fc0f,
0xf50400dc,
0xf7f86081,
0xf8c7fc09,
0xf50400d8,
0xf7f86092,
0xf8c7fc03,
0xf20400d4,
0xf7f84094,
0xf8c7fbfd,
0xf50400d0,
0xf7f86093,
0xf8c7fbf7,
0xf20400cc,
0xf7f8409c,
0xf8c7fbf1,
0xf50400c8,
0xf7f86094,
0xf8c7fbeb,
0xf20400c4,
0xf7f840b4,
0xf8c7fbe5,
0xf50400c0,
0xf7f86097,
0xf8c7fbdf,
0xf50400bc,
0xf7f860a8,
0xf8c7fbd9,
0xf20400b8,
0xf7f85044,
0xf8c7fbd3,
0xf50400b4,
0xf7f860a9,
0xf8c7fbcd,
0xf20400b0,
0xf7f8504c,
0xf8c7fbc7,
0xf50400ac,
0xf7f860aa,
0xf8c7fbc1,
0xf20400a8,
0xf7f85064,
0xf8c7fbbb,
0xf50400a4,
0xf7f860ad,
0xf8c7fbb5,
0xf50400a0,
0xf7f860be,
0xf8c7fbaf,
0xf204009c,
0xf7f850f4,
0xf8c7fba9,
0xf5040098,
0xf7f860bf,
0xf8c7fba3,
0xf2040094,
0xf7f850fc,
0xf8c7fb9d,
0xf5040090,
0xf7f860c0,
0xf8c7fb97,
0xf204008c,
0xf7f86014,
0xf8c7fb91,
0xf5040088,
0xf7f860c3,
0xe003fb8b,
0xf0090000,
0xf00d0000,
0x0084f8c7,
0x60d4f504,
0xfb80f7f8,
0x0080f8c7,
0x60a4f204,
0xfb7af7f8,
0xf50467f8,
0xf7f860d5,
0x67b8fb75,
0x60acf204,
0xfb70f7f8,
0xf5046778,
0xf7f860d6,
0x6738fb6b,
0x60c4f204,
0xfb66f7f8,
0xf50466f8,
0xf7f860d9,
0x66b8fb61,
0x60eaf504,
0xfb5cf7f8,
0xf2046678,
0xf7f87054,
0x6638fb57,
0x60ebf504,
0xfb52f7f8,
0xf20465f8,
0xf7f8705c,
0x65b8fb4d,
0x60ecf504,
0xfb48f7f8,
0xf2046578,
0xf7f87074,
0x6538fb43,
0x60eff504,
0xfb3ef7f8,
0xf50464f8,
0xf7f86000,
0x64b8fb39,
0x0004f604,
0xfb34f7f8,
0xf6046478,
0xf7f80008,
0x6438fb2f,
0x000cf604,
0xfb2af7f8,
0xf50463f8,
0xf7f86001,
0x63b8fb25,
0x0024f604,
0xfb20f7f8,
0xf6046378,
0xf7f80028,
0x6338fb1b,
0x600bf504,
0xfb16f7f8,
0xf60462f8,
0xf7f800b4,
0x62b8fb11,
0x00b8f604,
0xfb0cf7f8,
0xf6046278,
0xf7f800bc,
0x6238fb07,
0x600cf504,
0xfb02f7f8,
0xf60461f8,
0xf7f800d4,
0x61b8fafd,
0x00d8f604,
0xfaf8f7f8,
0xf5046178,
0xf7f86016,
0x6138faf3,
0x1064f604,
0xfaeef7f8,
0xf60460f8,
0xf7f81068,
0x60b8fae9,
0x106cf604,
0xfae4f7f8,
0xf5046078,
0xf7f86017,
0x6038fadf,
0xf7f84658,
0x221ffbb7,
0x46112300,
0xf7f848fb,
0xcf05fc38,
0x48f90c05,
0xfc32f7f8,
0xf0092001,
0x2300e860,
0x461a4630,
0xf7f84619,
0x462bfc29,
0x4629462a,
0x46309500,
0xfc34f7f8,
0x2213462b,
0x461148f0,
0xcf1cf7f8,
0xe84a2c05,
0x23012213,
0x48eb4611,
0xcf13f7f8,
0xe8421205,
0x73d8f444,
0x46494618,
0x31c4f8c7,
0xfaa9f7f8,
0xf4444641,
0xf7f870c8,
0x4651faa4,
0x70caf444,
0x0930f044,
0xfa9df7f8,
0x11c0f8d7,
0x70ccf444,
0x7848f444,
0xfa95f7f8,
0x11bcf8d7,
0x70d0f444,
0x7a49f444,
0xfa8df7f8,
0x11b8f8d7,
0x70d2f444,
0xfa87f7f8,
0x11b4f8d7,
0x70d4f444,
0xfa81f7f8,
0x7341f444,
0xf8d74618,
0xf8c711b0,
0xf7f831c0,
0xf8d7fa78,
0x464811ac,
0xfa73f7f8,
0x11a8f8d7,
0xf7f84620,
0xf8d7fa6e,
0xf04411a4,
0xf7f800d0,
0xf8d7fa68,
0xf04411a0,
0xf7f800d4,
0xf8d7fa62,
0xf044119c,
0xf7f800d8,
0xf8d7fa5c,
0xf0441198,
0xf7f800dc,
0xf8d7fa56,
0xf0441194,
0xf7f800e0,
0xf8d7fa50,
0xf0441190,
0xf7f800e4,
0xf8d7fa4a,
0xf044118c,
0xf7f800e8,
0xf8d7fa44,
0xf0441188,
0xf7f800ec,
0xf8d7fa3e,
0xf0441184,
0xf7f800f8,
0xf8d7fa38,
0xf4441180,
0xf7f87080,
0xf8d7fa32,
0xf444117c,
0xf7f87082,
0xf8d7fa2c,
0xf4441178,
0xf7f87084,
0xf8d7fa26,
0xf4441174,
0xf7f87086,
0xf8d7fa20,
0xf4441170,
0xf7f87088,
0xf8d7fa1a,
0xf444116c,
0xf7f8708a,
0xf8d7fa14,
0xf4441168,
0xf7f8708c,
0xf8d7fa0e,
0xf4441164,
0xf7f8708e,
0xf8d7fa08,
0xf4441160,
0xf7f87090,
0xf8d7fa02,
0xf444115c,
0xf7f87092,
0xf8d7f9fc,
0xf4441158,
0xf7f87098,
0xf8d7f9f6,
0xf4441154,
0xf7f8709a,
0xf8d7f9f0,
0xf4441150,
0xf7f8709c,
0xf8d7f9ea,
0xf444114c,
0xf7f87000,
0xf8d7f9e4,
0xf4441148,
0xf7f87001,
0xf8d7f9de,
0xf4441144,
0xf7f87002,
0xf8d7f9d8,
0xf4441140,
0xf7f87003,
0xf8d7f9d2,
0xf444113c,
0xf7f87004,
0xf8d7f9cc,
0xf4441138,
0xf7f87005,
0xf8d7f9c6,
0xf4441134,
0xf7f87006,
0xf8d7f9c0,
0xf4441130,
0xf7f87007,
0xf8d7f9ba,
0xf444112c,
0xf7f87008,
0xf8d7f9b4,
0xf0441128,
0xf7f80010,
0xf8d7f9ae,
0xf0441124,
0xf7f80064,
0xf8d7f9a8,
0xf0441120,
0xf7f80068,
0xf8d7f9a2,
0xf044111c,
0xf7f80050,
0xf8d7f99c,
0xf4441118,
0xf7f87017,
0xf8d7f996,
0xf4441114,
0xf7f87019,
0xf8d7f990,
0xf4441110,
0xf7f8701b,
0xf8d7f98a,
0xf444110c,
0xf7f870c0,
0xf8d7f984,
0xf4441108,
0xf7f870c2,
0xf8d7f97e,
0xf0441104,
0xf7f80038,
0xf8d7f978,
0xf4441100,
0xf7f87010,
0xf8d7f972,
0xf44410fc,
0xf7f87011,
0xf8d7f96c,
0xf44410f8,
0xf7f87043,
0xf8d7f966,
0xf44410f4,
0xf7f870e0,
0xf8d7f960,
0xf44410f0,
0xf7f87014,
0xf8d7f95a,
0xf44410ec,
0xf7f87015,
0xf8d7f954,
0xf44410e8,
0xf7f8701c,
0xf8d7f94e,
0xf44410e4,
0xf7f8701d,
0xf8d7f948,
0xf44410e0,
0xf7f86080,
0x4629f942,
0xf7f84640,
0x04cff93e,
0xdcf8d710,
0x04f04010,
0x36f7f800,
0xd8f8d7f9,
0x81f44410,
0x30f7f860,
0xd4f8d7f9,
0x92f44410,
0x2af7f860,
0x0804cff9,
0xcfd0f8d7,
0xf9222807,
0x10ccf8d7,
0x6093f444,
0xf91cf7f8,
0xd70804cf,
0x07cfc8f8,
0xd7f9141c,
0x4410c4f8,
0xf86094f4,
0x44f90ef7,
0xd76096f4,
0x07cfc0f8,
0xd7f9061c,
0x4410bcf8,
0xf86097f4,
0xd7f900f7,
0x4410b8f8,
0xf860a8f4,
0xcff8faf7,
0xf8d70804,
0x2807cfb4,
0xf8d7f8f2,
0xf44410b0,
0xf7f860a9,
0x04cff8ec,
0xacf8d708,
0x061c05cf,
0xa0bf00e0,
0x90f00200,
0x9cf00200,
0xf8f00200,
0xd7f8dcf7,
0x4410a8f8,
0xf860aaf4,
0x44f8d6f7,
0xd760acf4,
0x07cfa4f8,
0xd7f8ce48,
0x4410a0f8,
0xf860adf4,
0xd7f8c8f7,
0x44109cf8,
0xf860bef4,
0xcff8c2f7,
0xf8d70804,
0x2807cf98,
0xf8d7f8ba,
0xf4441094,
0xf7f860bf,
0x04cff8b4,
0x90f8d708,
0xac1c07cf,
0x8cf8d7f8,
0xc0f44410,
0xa6f7f860,
0xc2f444f8,
0x88f8d760,
0x9e1c07cf,
0x84f8d7f8,
0xc3f44410,
0x98f7f860,
0x80f8d7f8,
0xd4f44410,
0x92f7f860,
0x0804cff8,
0x06cf6ff9,
0xb9f88b26,
0xd5f4446f,
0x86f7f860,
0x0804cff8,
0x1807cf79,
0x6f39f87f,
0x60d6f444,
0xf87af7f8,
0x60d8f444,
0x06cf6ef9,
0xb9f87318,
0xd9f4446e,
0x6ef7f860,
0x446e79f8,
0xf860eaf4,
0xcff869f7,
0xcf390804,
0xf8622207,
0xf4446df9,
0xf7f860eb,
0x04cff85d,
0xcf6db908,
0xf8561806,
0xf4446d79,
0xf7f860ec,
0xf444f851,
0xcf3960ee,
0xf84a1807,
0xf4446cf9,
0xf7f860ef,
0x6cb9f845,
0x6000f444,
0xf840f7f8,
0x790804cf,
0x2206cf6c,
0x0e05cf39,
0xf0406c39,
0xf7f80008,
0x0e05cf32,
0xf0406bf9,
0xf7f8000c,
0x6bb9f82b,
0x6001f444,
0xf826f7f8,
0x6002f444,
0x06cf6b79,
0x05cf1f34,
0xcf6b390e,
0xf8183406,
0xf4446af9,
0xf7f8600b,
0x04cff813,
0xcf6ab908,
0xcf0c2606,
0x6a790e05,
0x052606cf,
0x390e05cf,
0x5a04cf6a,
0xfffef7f7,
0xf44469f9,
0xf7f7600c,
0xf444fff9,
0x69b9600d,
0xf73404cf,
0x05cff2f7,
0xcf69790e,
0xf7f73404,
0x6939ffeb,
0x6016f444,
0xffe6f7f7,
0xf90804cf,
0x2606cf68,
0x0e05cfdf,
0x06cf68b9,
0x05cfd826,
0xcf68790e,
0xffd15a06,
0xf4446839,
0xf7f76017,
0x4640ffcc,
0xf7f72101,
0x462affc8,
0x46304629,
0x26012301,
0xf920f7f8,
0x0360f044,
0x31bcf8c7,
0xd71604cf,
0x0101bcf8,
0x15f7f823,
0xcf462bf9,
0x02e38106,
0xf90ff7f8,
0xcf03462b,
0xf9090c07,
0x408c06cf,
0xf7f84648,
0x0c07cf03,
0xf7f84640,
0x06cff8fd,
0xc4f8d70c,
0xf6f7f801,
0x1806cff8,
0xf04a04cf,
0x000c05cf,
0x50230195,
0xfbf7f846,
0x05cf05f8,
0x4831608c,
0xf8e3f7f8,
0xf0082001,
0xcf1fed12,
0x482d1205,
0xcfdaf7f8,
0xed081205,
0x21c4f8d7,
0x5000f8c8,
0x23204629,
0x60134650,
0x462a4633,
0x6000f8c8,
0x04cf9500,
0x08463024,
0x80ecf6f0,
0xa8f44f23,
0x00461a61,
0xf7465895,
0xcfff82f7,
0xffe90604,
0x46582340,
0x04cf461a,
0xcdf7f71a,
0x3804cfff,
0x447c04cf,
0xf870def4,
0xd7f8bdf7,
0xcf31c0f8,
0x08cf5804,
0x601d6a81,
0x31c4f8d7,
0x462b601e,
0xf89cf7f8,
0x5000f8c9,
0x6805cf33,
0x503606cf,
0xa3f7f846,
0xcf9500f8,
0x21024604,
0x8305cf44,
0x07f89b44,
0xcf77e6f5,
0x9054be08,
0xa0f00200,
0xb0f00200,
0x8a4605b5,
0x78af00b0,
0x00617b60,
0x3b485823,
0xfb623b61,
0xb96bbb61,
0x0160fa60,
0xba627b22,
0xa9f7f761,
0x4f2280f9,
0x286102f4,
0x79f7f746,
0x04b130ff,
0x0e04cf23,
0x04cf461a,
0x4cff7810,
0xd968234c,
0x38d50207,
0xeaf0011d,
0x9a6823fb,
0x00d50307,
0x021d3821,
0x23fe7bf0,
0x03075b68,
0x05cf01d5,
0x23fe740e,
0x05cf1868,
0xc2f00228,
0xd96823fe,
0x0c04cf06,
0xfc12f008,
0x05da6823,
0x033406cf,
0x23fd41f0,
0xcf059b68,
0xf0033406,
0x6823fd3a,
0x04cf0558,
0x78f00428,
0x996823f9,
0x04d50100,
0x23627b23,
0x07cf1a68,
0x23fc2d16,
0x0403db68,
0xcf22ffd5,
0xf0064004,
0x6823ff67,
0x1005cf98,
0x064204cf,
0x23ff5ff0,
0x05cf5968,
0x05cf0210,
0x23ff5710,
0xcf02da68,
0xfe2b3c06,
0xcf9b6823,
0xf0070c05,
0x6823fe2f,
0xd50801d8,
0xf7f74819,
0x2305f931,
0xcf012200,
0x7b3ab805,
0x017604cf,
0x4814d508,
0xf925f7f7,
0x1809cf06,
0x6823f96f,
0xd508015a,
0xf7f7480f,
0xcf07f919,
0xf9631809,
0x011b6823,
0x480ad508,
0xf90df7f7,
0x1809cf08,
0xcf28f957,
0x602ce205,
0x84fe02d7,
0x71f00500,
0x86fe02d7,
0x92fe02d7,
0x9ffe02d7,
0x53fe02d7,
0x74726174,
0x52444420,
0x61637320,
0xcf0a0d6e,
0x6f78bf07,
0x20796c6e,
0x20726f66,
0x0d535443,
0x6552000a,
0x05cf6461,
0x210dcf14,
0x2c1907cf,
0xd28107cf,
0x72756259,
0xcf207473,
0x6c3aa205,
0x65766165,
0x05cf0a0d,
0x469b4abc,
0xb0854692,
0xb905cf02,
0x24f1001c,
0x3b240109,
0x00607b6b,
0x13687a23,
0x9c6aeb60,
0xb8db0542,
0x120f00f1,
0x1c6aebd0,
0x7be00f1b,
0x0046596b,
0x4b462293,
0x2e465046,
0x6b47b069,
0x486b7969,
0x40479846,
0x2604cfb1,
0x687bd108,
0x601c370c,
0x4e8406cf,
0xe31204cf,
0xdb3401d1,
0x800000e7,
0x006882b5,
0x016841af,
0x8df7f748,
0x2cbd80f8,
0xf0fe02e1,
0xacf8d0b5,
0x00680d31,
0xb0f8d0af,
0x93436b41,
0x4ff3f4fb,
0x04747af4,
0x02fc05fb,
0xd0604b25,
0xd061b0f8,
0x9641acf8,
0x04f5f5fb,
0x0d540cfb,
0xf6fb944d,
0x03fb05f4,
0x5a608c44,
0xb4f8d0b1,
0xcf441321,
0x31b82604,
0x608c441c,
0xf5b3688b,
0xda007f7a,
0x684abdf0,
0x737af5a3,
0x3201608b,
0xe7f3604a,
0xfc18bf00,
0xb580ffff,
0x1000fb02,
0xcf80af00,
0x1c5ce605,
0x8caf0069,
0x5dd11f42,
0x1c429569,
0x9800a2d1,
0x136899b9,
0x59220144,
0xc3212362,
0x0620e4f8,
0x0b689ae0,
0x5a214f44,
0xcf220162,
0x480b1004,
0xf832f7f7,
0xbdb02000,
0x21584413,
0x625a2200,
0xf31604cf,
0x000089e7,
0x0bd0e928,
0x2e220044,
0x1406cf21,
0xbf00e7e9,
0xfe02e136,
0xaf00b5f8,
0x692569bc,
0xd126428d,
0x1aad6965,
0x416a426a,
0x0538f101,
0x0585eb04,
0x2601b9f8,
0x0181eb04,
0x624b606e,
0x69e2b33a,
0x25012123,
0x69a22a00,
0x2158bf08,
0xbf182800,
0xd1102500,
0xbfd84293,
0xbfc82200,
0x42aa2201,
0x480dd111,
0xf7f6461a,
0x2000fff1,
0x2200bdf8,
0x2600e7da,
0x68a0e7de,
0x42821ac0,
0x2200bfb8,
0x2201bfa8,
0x460ae7eb,
0x46194804,
0x4619e7eb,
0xf7f64803,
0xe7e8ffdb,
0xfe02e13b,
0xfe02e142,
0x05cfe148,
0x004364ad,
0x93461423,
0x3baf00b0,
0xbb607b60,
0x3b60fb60,
0xbb617b61,
0x3b61fb61,
0xfb62bb62,
0x7b633b62,
0xfb63bb63,
0x7b643b63,
0xa8f8d264,
0x01b94b31,
0xb4f8c422,
0xacf8c431,
0xc4224021,
0xc431b8f8,
0x6321b0f8,
0x13428369,
0x006279d0,
0x24f10722,
0xff462001,
0x80ff1cf7,
0xf6488149,
0x07ffa2f7,
0xff0024f1,
0x00ff0af7,
0x07cf4c20,
0x692252b9,
0xf8d468a1,
0xeb04e018,
0xfb010982,
0xf8d9f802,
0xeb0e6024,
0x603b0308,
0xf00042b1,
0xf8d980d7,
0xb12800e4,
0xf2c045b6,
0x60fb80d1,
0xe0042000,
0x45ae1b8d,
0x4445db18,
0xf8d460fd,
0xf1bcc1a4,
0xd1020f00,
0xfb056825,
0xf8c7fc01,
0x04cfc018,
0x04cfc236,
0xb3755036,
0xda3045b6,
0x44463e01,
0x210061be,
0x60fbe04f,
0xf85ce7e6,
0x42810d04,
0x3d01d103,
0xdaf82d00,
0x1a08e003,
0x0005fb01,
0x6a2060f8,
0xd0d72800,
0xdace2d00,
0xf1006820,
0xeb043cff,
0x30240080,
0xddc64594,
0x5d04f850,
0xd10242a9,
0x3cfff10c,
0x1b4de7f6,
0xfb012001,
0x60fd550c,
0x1b8ee7c0,
0xf28045b6,
0x61bb808c,
0x5ee700cf,
0xa95f04f8,
0x365804cf,
0xdbf84546,
0x3d01e003,
0x5506fb01,
0x6a2561bd,
0xd0562d00,
0xd1be4546,
0x0e24f104,
0xe0042500,
0x6b04f85e,
0x2a04cfb1,
0xf8429535,
0x01e7b2db,
0x05fb013e,
0x0161b961,
0x01ea5021,
0xfa69bd02,
0x99d14068,
0xeb1aaa1a,
0xfb63391a,
0x39627a63,
0x20220146,
0x7af7ff46,
0x072201fe,
0x05cf0cf1,
0xcf745082,
0xcf180c05,
0xfe6e0c05,
0x68820acf,
0x0c05cf68,
0x0c05cf30,
0x0c05cf62,
0x0c05cf3c,
0x4638fe5c,
0xfe4ff7ff,
0x000cf107,
0xfe4bf7ff,
0x0018f107,
0xfe47f7ff,
0x0e8306cf,
0xf107fe43,
0xf7ff0030,
0xf107fe3f,
0xe72f003c,
0xe7b94629,
0xebacb140,
0xb9710202,
0x06cf1899,
0x442a0881,
0x1a99e7b9,
0x0303ebac,
0x04cf442b,
0x1e04cf10,
0x1899e7f4,
0x2a1204cf,
0x1404cf44,
0x63fb4462,
0xeb04e7a7,
0x1e550c82,
0x0c24f10c,
0x0c04cf4e,
0xd41c560e,
0x0e8000f8,
0x720e24f1,
0x025363e7,
0x06cf4dfe,
0x044f6884,
0x89468846,
0x026903b0,
0x534615af,
0x294a83b9,
0xf6488346,
0x4ffe92f7,
0xcf30fff0,
0x7c828108,
0xb90b6943,
0xe7f14a7e,
0xb90b6983,
0xe7ed4a7d,
0xb1036803,
0x6a624798,
0xdd052a30,
0x4629487a,
0xf7f62330,
0xe7e5fe79,
0x2aff6ae2,
0xf44fdd04,
0x46297380,
0xe7f44875,
0xb11b6863,
0xf1044641,
0x47980024,
0x0624f104,
0x0b00f04f,
0x459b6aa3,
0xf104db12,
0xf8cd0034,
0x04cf8000,
0x33692516,
0xa8c80746,
0x006a2347,
0xc2f0002b,
0x8107cf80,
0xbf2040bf,
0x1b68a3e7,
0x314642b1,
0x98465846,
0x006a6347,
0x00dd452b,
0x59463322,
0xcf461046,
0xf04f3c04,
0x69250900,
0xcf6347a8,
0x40be8107,
0xf8c73000,
0xbf18900c,
0x42432001,
0x603b469a,
0x0301f109,
0x68ba60bb,
0x42936a63,
0x683bdc2b,
0xd005459a,
0x2b016ae3,
0x6c63d002,
0xd1712b00,
0xcf3368b9,
0x465a4805,
0x46503901,
0x47a869a5,
0x0f00f1ba,
0x6ae3d106,
0xdd5f2b00,
0x441a68fa,
0x60fb4613,
0x900cf8d4,
0x0f00f1b9,
0x4643d004,
0x68f94632,
0x47c84658,
0xf7f6483f,
0xf10bfe01,
0xe7970b01,
0x22004633,
0x4805cf59,
0x0ecf68b8,
0x07cf0e81,
0x7b450a81,
0x05cf0260,
0xcfd11978,
0x46332604,
0x4649465a,
0x087010cf,
0xd77009cf,
0xd79008f8,
0x9fa004f8,
0x0168fbe7,
0x07e7f633,
0x4a0314f1,
0x51930046,
0x07cf5b46,
0xff78ab82,
0x7bfcfaf7,
0x8d465a69,
0xcf0140e8,
0x69e54a04,
0x68fa47a8,
0x441a697b,
0x04cf60fa,
0x53d1dd52,
0x05cfda1e,
0x15cf9f3e,
0x1dcfdb3e,
0x53d1863e,
0x18e7831e,
0x00e70046,
0x02e152bf,
0x02e15cfe,
0x02e191fe,
0x02e1a3fe,
0x02e1b7fe,
0xcfe1e0fe,
0x54f18106,
0x460db5f8,
0x68434604,
0x4616af00,
0xb9836881,
0xf7f6480d,
0x6821fd77,
0xf7f6480c,
0x230afd73,
0xfb03480b,
0x4b0b6505,
0x1025f853,
0xfd6af7f6,
0x2b01bdf8,
0x4808d101,
0x2b02e7eb,
0x4807d101,
0x4807e7e7,
0xbf00e7e5,
0xfe02e217,
0xfe02e240,
0xfe02e247,
0xfe02ded4,
0xfe02e215,
0xfe02e220,
0xfe02e22c,
0x24aab5b0,
0xaf004d05,
0xf7f64628,
0x3c01fd49,
0x4803d1fa,
0xfd44f7f6,
0xbf00bdb0,
0x06cfe250,
0xe2520881,
0xe25ffe02,
0xe26cfe02,
0xe279fe02,
0x81821acf,
0x02e28660,
0x02e292fe,
0x02e29efe,
0x1bcfaafe,
0x02e2b628,
0x02e2c6fe,
0x02e2d6fe,
0x1bcfe6fe,
0x02e2f628,
0x02e30cfe,
0x02e322fe,
0xcfe338fe,
0xe34e281a,
0xe360fe02,
0xe372fe02,
0xcf84fe02,
0xe396281b,
0xe3a4fe02,
0xe3b2fe02,
0xcfc0fe02,
0xe3ce281b,
0xe3defe02,
0xe3eefe02,
0xe3fefe02,
0xe40efe02,
0xe41efe02,
0xe42efe02,
0xe43efe02,
0x4e380acf,
0x6bfe02e4,
0x88fe02e4,
0xa5fe02e4,
0xc2fe02e4,
0xdffe02e4,
0xfcfe02e4,
0x19fe02e4,
0x280acfe5,
0xfe02e536,
0xfe02e547,
0xfe02e558,
0x180bcf69,
0x7a7810cf,
0x8afe02e5,
0x9afe02e5,
0xaafe02e5,
0xba281bcf,
0xc1fe02e5,
0xcf201bcf,
0xe5c80808,
0xe5d6fe02,
0xe5e4fe02,
0xcff2fe02,
0x02e63004,
0x02e60efe,
0x02e61afe,
0xcfe626fe,
0xe632400a,
0xe647fe02,
0xe65cfe02,
0xe671fe02,
0xe686fe02,
0xe69bfe02,
0xe6aefe02,
0xcfc1fe02,
0xcfd4280b,
0x1ccf0c0b,
0x27cfde78,
0x32252028,
0x30252e64,
0x20006433,
0x00206325,
0x2d256325,
0x25006432,
0x63256432,
0x200604cf,
0x31322500,
0x65730073,
0x8206cf74,
0x2500499c,
0x3a292873,
0x656c7020,
0xcf657361,
0xcf04d305,
0x33b78106,
0x726f6665,
0xcf632065,
0x641ec205,
0x8107cf72,
0x735f1d84,
0x286e6163,
0x63000a29,
0x6b636568,
0x0df505cf,
0x8106cf5f,
0xcf00028c,
0x5f4dc205,
0x72616f63,
0x08cf6573,
0x5b06cf14,
0x666e6f63,
0x3e2d6769,
0x756e5f78,
0x6425286d,
0x203e2029,
0x5f58414d,
0x554e5f58,
0x1004cf4d,
0x2911cf0a,
0x656e6966,
0x702e0bcf,
0xcf737361,
0x5d5b1405,
0x7a697320,
0x3506cf65,
0x4444504c,
0x252d3452,
0x0b08cf64,
0x0c05cf78,
0x6e6b6e55,
0x445f776f,
0x545f5244,
0xcf657079,
0x05cf1405,
0x000a6bd4,
0x6d657469,
0x0a73253a,
0x57002d00,
0x42535144,
0x30657479,
0xcf44315f,
0xcf310d09,
0xcf320d0c,
0xcf330d0c,
0x0ccf0d07,
0x320ccf33,
0xcf310ccf,
0x7256300c,
0x0ccf6665,
0x1008cf34,
0xcf3808cf,
0x08cf1008,
0x1008cf3c,
0xcf700ecf,
0x322d810a,
0xcf7a0bcf,
0xcf36810a,
0xcf32160a,
0xcf321609,
0xcf33160b,
0xcf331609,
0x5f30160b,
0x6f04cf57,
0xcf540ecf,
0xcf32120f,
0xcf331211,
0x5144120a,
0xcf4e4552,
0xcf5e8109,
0x05cf0e09,
0x09cf5c81,
0x8105cf0e,
0x0e09cf5a,
0x588105cf,
0x53514452,
0xcf294d28,
0x05cf3a09,
0x0fcf5310,
0x2006cf10,
0xcf4c05cf,
0x0acf200b,
0x2006cf10,
0xcf5e05cf,
0x0acf200b,
0x2006cf10,
0xcf700acf,
0x12cf2006,
0x51440081,
0x57ff05cf,
0x5f8209cf,
0x0d810dcf,
0xcf1d15cf,
0xcf1a8108,
0x05cf1d0b,
0x0dcf0383,
0x15cf2781,
0x8108cf1d,
0x1d0bcf34,
0x278305cf,
0x41810dcf,
0xcf1d15cf,
0xcf4e8108,
0x05cf1d0b,
0x0dcf4b83,
0x10cf5b81,
0x5351441d,
0x3f810bcf,
0x078305cf,
0xcf110acf,
0xcf268307,
0x07cf110a,
0x0acf2983,
0x8205cf11,
0x820dcf2c,
0x100ecf02,
0x688308cf,
0xcf410fcf,
0x4b43400e,
0x433705cf,
0x2e05cf4b,
0x5b444d43,
0x323a3732,
0x09cf5d34,
0x323a330e,
0x0e09cf30,
0x313a3931,
0x311c0acf,
0x32313a33,
0x310e0acf,
0x0acf313a,
0xcf3a392a,
0x3a33280a,
0x3a260bcf,
0xcf240acf,
0x41436a07,
0x45f005cf,
0x710dcf32,
0xcf150ecf,
0x0fcf7807,
0x7f06cf15,
0xcf150fcf,
0xcf068106,
0x05cf150e,
0x0ecf0d81,
0x8105cf13,
0x3b0fcf14,
0x390ecf3a,
0x310a06cf,
0x58540044,
0x4f464946,
0xcf1404cf,
0xcf28f110,
0xcf58f110,
0xcf68ca10,
0xcf48f010,
0x1668f010,
0x0404cf01,
0xcf0808cf,
0x01133022,
0xcf0404cf,
0x22cf0808,
0xcf011830,
0x08cf0404,
0xf106cf08,
0x0005b124,
0x0005b900,
0x0005c100,
0x0005c900,
0x0005b000,
0x0005b800,
0x0005c000,
0x0005c800,
0x00010800,
0xcf010900,
0x002dc505,
0x06cf010b,
0xdd10cf60,
0x1404cf74,
0xcf4c04cf,
0x04cf0808,
0x08cf0274,
0x8113cf08,
0x12cf38dc,
0x04709382,
0x014d1346,
0x749f05cf,
0x221f00a8,
0xf8357d23,
0x68001021,
0xfe5ff7f6,
0xcfd46823,
0x1d191405,
0x68007d23,
0xf61804cf,
0x23fe54f7,
0x0569a268,
0xd40583eb,
0x9530a8f8,
0x181020f8,
0x0cf7f668,
0x0e04cffd,
0xf7fd6818,
0xbdb0ff84,
0x06cfe6e8,
0x25588581,
0xa8f8d14d,
0xcfaf0030,
0xfe972204,
0x616368e3,
0x68a34620,
0xf7ff61a3,
0x6821ffc4,
0x309cf8d4,
0x056004cf,
0x000181eb,
0x936b0a68,
0x40f89140,
0xb1b2db20,
0xf61050f8,
0xcffe20f7,
0xcfa02204,
0xcf6e220c,
0xcf702204,
0x10802205,
0xcf0ff7f6,
0xcf208107,
0xa40c8106,
0xd5680030,
0xb52090f8,
0x9310b0f8,
0xa0f89540,
0xf6b2db20,
0x07cffdf7,
0xf7f61881,
0xf7fffe0d,
0x06cffac9,
0xe820b282,
0x80fe02e6,
0x8106cfb5,
0x186a191c,
0x84f7f768,
0x06cf80fa,
0x984174d9,
0x00461646,
0xbc4605af,
0x3a04cf69,
0xb11a695a,
0x0003e893,
0xffd7f7fd,
0x324a08cf,
0xd84b13fe,
0x312008f8,
0xc0f8d346,
0x02fb0000,
0x98f7fe50,
0x312340ff,
0xf3fb9046,
0x286160f0,
0x1e04cf46,
0xff8ef7fe,
0xf305cf43,
0x8106cf5e,
0x42581688,
0x462061a0,
0xcf47f7ff,
0xcfc44809,
0x60818107,
0x108108cf,
0xaf004903,
0xf7f54803,
0x2000ffc6,
0x5363bd80,
0xeebefe02,
0x409b06cf,
0x4d5a460e,
0xaf04b085,
0xf8d6680a,
0x210000a8,
0x40c0f8d5,
0xfa30f7ff,
0xf04f6831,
0x48540a40,
0xffacf7f5,
0x01a46833,
0xb184f8df,
0xf5041d1a,
0x4b507980,
0x485046a0,
0x2022f855,
0xf7f54619,
0x45c8ff9d,
0x484ddb53,
0xf7f546a0,
0xf8dfff97,
0xcf32b160,
0x4b463a05,
0x2409cf49,
0x45c8ff8b,
0xcf44db49,
0xff852405,
0xf8df6833,
0x4842a13c,
0x0283eb05,
0x46194b3d,
0x20c4f8d2,
0xff79f7f5,
0xdb3f45c8,
0x2405cf3b,
0x2405cf73,
0xcf3aa0f4,
0xcf342405,
0x20d42405,
0xff67f7f5,
0xdb3e45c8,
0xcf356833,
0x2e051804,
0xd546194b,
0x3320e4f8,
0x5af7f54d,
0x43454cff,
0x024b31db,
0x014b3193,
0x004b3193,
0x324a3193,
0x3349324b,
0x4cf7f548,
0xcf2000ff,
0x3ad88208,
0xf1fafb98,
0xf7f54658,
0xf108ff42,
0xe7a10808,
0x3a1008cf,
0xab1005cf,
0x00f1d8e7,
0x02693102,
0x08023ff0,
0x58033ff0,
0x504253bf,
0x1a04cf46,
0x0b894359,
0xff27f7f5,
0x221bcfac,
0x1187f3c1,
0xff15f7f5,
0x4263e7ac,
0x013ff004,
0x033ff003,
0xbf584628,
0x34084259,
0xff09f7f5,
0xe6e8e7ad,
0x5feffe02,
0x5363fe03,
0xeec4fe02,
0x009906cf,
0xfe02eee4,
0xfe02ef04,
0xfe02ef22,
0xfe02ef41,
0xfe02ef3b,
0xfe02ef74,
0xfe02ef79,
0xfe02ef7b,
0xfe02ef67,
0xfe02ef61,
0xfe02ef6c,
0xcf031b0d,
0x1d60a305,
0x8305cfef,
0x4606473c,
0x06cf460c,
0x4d8d6a84,
0xb923685b,
0xf8c52204,
0xf8c530c0,
0xf04f20f4,
0x46210801,
0xf8c62320,
0x62738028,
0x0024f106,
0x62f32308,
0x47986973,
0xf080fab0,
0xf8c62300,
0x647381cc,
0xf8c62240,
0x094081d0,
0x21d4f8c6,
0xf8c66430,
0xf8c681d8,
0x08cf31dc,
0xfcec4484,
0x048609cf,
0x93680003,
0xb32040f8,
0x3e8605cf,
0x6823fc7a,
0x1a1404cf,
0x80f8b36b,
0xc4411010,
0xcf009cf8,
0xf8932804,
0x68002070,
0xfc6af7f6,
0xeb056821,
0x6e0b0181,
0x41186c0a,
0x00a0f8c4,
0xf8b16b08,
0xfa221050,
0xb2d2f300,
0x04cf4083,
0xcfb2db2c,
0xcf5c2a04,
0x20a0620f,
0x10b0f8b3,
0xcf49f7f6,
0xf8d14207,
0x04cf2090,
0xd100a460,
0xb100a0f8,
0x2010b0f8,
0x93f302fa,
0xcfb2c240,
0xfc3a440a,
0x308108cf,
0x4e07cf4a,
0x0210f104,
0xa02cf8d6,
0x205608cf,
0xb4f7f610,
0x004681f9,
0x82f04028,
0x3b692380,
0x3204cfb9,
0x48416821,
0x612268da,
0xfe3cf7f5,
0x483f6921,
0xfe38f7f5,
0x221804cf,
0x35681868,
0xf61022f8,
0xd5fb98f7,
0x0030f4f8,
0xe0001ff0,
0x03429860,
0xc0f8d5d2,
0x05429830,
0x354a35d2,
0xf5483649,
0xfefe20f7,
0x7205cfe7,
0x6a04cf20,
0xf8b36810,
0xf7f610c4,
0x06cffb7d,
0x4f468014,
0xcf0848ea,
0xf4081a04,
0x04cf7880,
0xf610d41e,
0x07cf6ef7,
0x00ea481e,
0xcf606000,
0x06cf3806,
0xf9b52281,
0xf8d568e3,
0x60a020c0,
0xeb001a9b,
0xfb901083,
0xfb0af3fa,
0x63730013,
0x230063f0,
0x481a63b3,
0x68e26823,
0x1023f855,
0xfde3f7f5,
0x68636821,
0x06cf4817,
0x20d42482,
0x10c4f8d1,
0xfdd8f7f5,
0x68a26823,
0x8605cf12,
0xe4f8d51c,
0xcff7f510,
0x6b71fd00,
0xf7f5480f,
0x6bf1fdcb,
0xf7f5480e,
0x4648fdc7,
0x87f0e8bd,
0x39fff04f,
0x06cfe7f9,
0xef7e1c88,
0x48b2fe02,
0xefb1fe03,
0xeea0fe02,
0x1ccf06cf,
0xfe0360a2,
0xfe0360ed,
0xfe036177,
0xfe02efd1,
0x8406cfdd,
0x46054170,
0xf5ad4b1d,
0xaf007d24,
0x8090f8df,
0x26012400,
0x30b0f8c7,
0xf8c74b19,
0x4b1830b4,
0xcfb8f8c7,
0x30bc0605,
0xf8c74b17,
0x0605cfc0,
0x4b1630c4,
0xcfc8f8c7,
0x30cc0605,
0xf8c74b15,
0xf7ff30d0,
0xf8c7f833,
0x692a50ac,
0xf205cf06,
0x42d10634,
0x071d3946,
0x7c00b0f1,
0xd5f7fe60,
0x043401fe,
0x00d1f02c,
0x24f50720,
0x2ab106cf,
0x02eb8d81,
0x02e9d1fe,
0x02e9b9fe,
0x02d9a9fe,
0x02e93dfe,
0x02e929fe,
0x02d8b5fe,
0x02d919fe,
0x02e889fe,
0x02eeb4fe,
0xef05cffe,
0x6163730b,
0xcf675f6e,
0xcf589a09,
0x25001409,
0x7334332d,
0x30312500,
0x53514473,
0x4e45575f,
0x20495520,
0xdb06cf28,
0x3a345b18,
0x25295d30,
0x200acf31,
0xcf204944,
0xcf0a2015,
0x44522104,
0x1a09cf43,
0x1804cf37,
0x25007330,
0xcf207832,
0x0dcf3e05,
0x3705cf1d,
0x25007338,
0x1f04cf30,
0x443d05cf,
0x50204c4c,
0x65736168,
0x362609cf,
0x322605cf,
0x69520073,
0x00746867,
0x7466654c,
0x66654400,
0x746c7561,
0x555f5200,
0xcf4c0049,
0x61770504,
0x6e696e72,
0x62203a67,
0x2cef05cf,
0x23f109cf,
0x6c746e63,
0x30203d20,
0x9c05cf2c,
0x32697537,
0xcf636472,
0x0aa88107,
0x71647722,
0x49552073,
0xf105cf20,
0x6f04cf1d,
0x3e202978,
0xff8106cf,
0x226e5c3e,
0x6f5f7800,
0x07cf6972,
0x9b07cf2c,
0x110acf6f,
0xeb8112cf,
0x8110cf38,
0xf39c68eb,
0xf378fe02,
0xf354fe02,
0xf330fe02,
0xf2d8fe02,
0xf290fe02,
0xf248fe02,
0xf200fe02,
0xf2fcfe02,
0xf2b4fe02,
0xf26cfe02,
0xf224fe02,
0x10cffe02,
0x10cf30dd,
0xcf508281,
0x70828110,
0x389210cf,
0xcf3020cf,
0xcf389210,
0x14cf3020,
0xcfa43892,
0x04f38107,
0x8107cf84,
0x01646cf1,
0x01540000,
0x01440000,
0x01340000,
0x01240000,
0x01140000,
0x01040000,
0x00f40000,
0x00e40000,
0x00d40000,
0x00c40000,
0xcfb40000,
0x00004004,
0x00009400,
0x00008400,
0x00007400,
0xcf006400,
0x5d44f106,
0x45000002,
0x2d000002,
0x15000002,
0xfd000002,
0xe5000001,
0xcd000001,
0xef8107cf,
0x07cf9d28,
0x6d28f381,
0x55000001,
0x3d000001,
0x25000001,
0x0d000001,
0xf6000001,
0xde000000,
0xc6000000,
0xae000000,
0x96000000,
0xb3000000,
0xbb000005,
0xc3000005,
0xcb000005,
0xb2000005,
0xba000005,
0xc2000005,
0xca000005,
0x8112cf05,
0xcf0534ef,
0x54ef810f,
0xcf0404cf,
0x18f08130,
0x812082cf,
0x81cf38f8,
0x0cef8120,
0x30b4f8d2,
0x685bb5b0,
0xb193af00,
0xd1152b02,
0xf04f2506,
0x24f633ff,
0x00c0eb01,
0x10b8f8d2,
0xf005fb10,
0xb2804408,
0xda014284,
0xb2804418,
0x2541bdb0,
0xf2412305,
0xe7ed7470,
0x25042300,
0xe7e9461c,
0x460cb598,
0xcfb4f8d1,
0xda7a9607,
0xb4f8d4f8,
0x3b684300,
0x0668a3bb,
0x11680022,
0x8106cf46,
0xf7fd2697,
0x68a3fa59,
0x04cf69a2,
0x80f0421e,
0x83ea4202,
0x2006cf23,
0xfa4cf7fd,
0x04cf68a3,
0xcf220618,
0x68002e04,
0xfa43f7fd,
0xcfb4f8d4,
0x68448f05,
0x24f7fef8,
0x982000fd,
0x0e7e22bd,
0x1c04cf21,
0xe7f0fa25,
0x4604b5f8,
0x9807cf1f,
0x1f00b448,
0x20f89422,
0xcf260030,
0x394c9808,
0x05cf23f8,
0x19221f50,
0x1a05cf1d,
0x4e9807cf,
0x6822f82d,
0xeb056a23,
0x6a110282,
0x59896b10,
0x6c11408b,
0xb2db5d82,
0x892c04cf,
0xcf36045b,
0xf81b3c04,
0xd1eb2e24,
0x6a626823,
0x6a9706cf,
0xf89530b4,
0x68181050,
0xfed1f7f5,
0x148106cf,
0xf949f7fd,
0xbf00bdf8,
0x06cfeff0,
0x0acf7898,
0xf85c7c81,
0x62236963,
0x69234620,
0xf7ff6263,
0x6863ffad,
0xd1232b01,
0x108206cf,
0xd15d2b00,
0x128210cf,
0x18cff9d0,
0xf9c31282,
0x128210cf,
0x6821f9ba,
0xf8d44d22,
0x04cf30a8,
0x9914cf18,
0xbdf7f524,
0x689905cf,
0x220bcfac,
0x2090f8d1,
0xa02404cf,
0xb02405cf,
0xabf7f510,
0x8206cfff,
0x8106cf1c,
0x05cfb05e,
0x20c04899,
0xcfe0f8b5,
0xd0489905,
0xf5b2db20,
0xcfff99f7,
0xf56a8106,
0xfeffa9f7,
0x00fc65f7,
0x09cfb020,
0xf9667e82,
0x06cfe7ba,
0xb5807c81,
0x7a8106cf,
0x68186a19,
0xfc1af7f6,
0x549907cf,
0x91469a47,
0x80af0046,
0x3c460e46,
0x4804cf6a,
0x56990acf,
0x04cff96c,
0xcf4d3610,
0xffc65a04,
0x2008f8da,
0x00f0f8d5,
0xfb004649,
0xf7fe8002,
0x2340f92d,
0x9905cf49,
0x40622056,
0x1e04cf46,
0xf923f7fe,
0x56990ecf,
0x62606863,
0xcf242b01,
0x5b548207,
0x648411cf,
0x4b20f927,
0x8105cfa2,
0x26f85360,
0xcf680030,
0xea431604,
0x22062382,
0xf7fd4611,
0x8211cf18,
0x20f90f56,
0xd8f7ff46,
0x5a8307cf,
0xff31f7f5,
0xbf8206cf,
0x0d2b011e,
0x86eb05d1,
0x00f8d005,
0xf4f8b580,
0x10f7f600,
0x0e4602fa,
0xfd464021,
0xe4f8e5f7,
0xe22b02e7,
0x48200bcf,
0x2ff7f601,
0x07cfeefa,
0x04781882,
0xb5b0fe03,
0xb0822400,
0x9401af02,
0x9500693d,
0xf8f7f7fe,
0x48034903,
0x7005cff5,
0xcfb046bd,
0x81709a05,
0x90fe0314,
0x832400b5,
0x00af02b0,
0xb3f7fe94,
0x044904f8,
0xfdf7f548,
0xcf4620f8,
0x72c98106,
0x08cfbf00,
0x9b0acf28,
0x05cfee30,
0x04cf32eb,
0x0304eb18,
0x309b05cf,
0x4e6e460c,
0xe891b085,
0xaf04000c,
0x00b4f8d4,
0x0a40f04f,
0xf8d62b01,
0xf8df50f0,
0xbf08b1f8,
0xbf182104,
0xf7fe2101,
0x6821fb4f,
0x01ad4864,
0xf8ccf7f5,
0xf5056823,
0x46a97880,
0x4b611d1a,
0x46194861,
0x2022f856,
0xf8c0f7f5,
0xdb6b45c1,
0x46a96822,
0xb1bcf8df,
0x594804cf,
0x1a04cf4b,
0x48594619,
0xf8b1f7f5,
0xdb6445c1,
0x1e05cf23,
0x1e05cfa0,
0xeb064952,
0x48530383,
0x6a136c1a,
0xf7f56812,
0x45c1f8a0,
0x2207cf5b,
0x484ea180,
0x0283eb06,
0x9b05cf49,
0xf5219c2c,
0xc1f891f7,
0x07cf5445,
0x48a12c1e,
0x411e05cf,
0xac1e05cf,
0x82f7f521,
0x5645c1f8,
0x436823db,
0x061804cf,
0x46194b3b,
0x21bcf8d6,
0xf7f54e40,
0x4545f875,
0x4b3fdb5b,
0x4b3f9302,
0x4b3f9301,
0x4a3f9300,
0x49404b3f,
0xf7f54840,
0x6863f867,
0xd10c2b01,
0x688405cf,
0x004b3d68,
0x004b3d93,
0x3cd1502a,
0x3c492b4a,
0x57f7f548,
0x9b0acff8,
0x07cf996a,
0xf84d5a9b,
0x0908f109,
0x08cfe789,
0x05cf4510,
0x09cf9010,
0x05cf3d10,
0xd9e79910,
0xe10200f1,
0x589b05cf,
0x9b09cf09,
0x1a04cf58,
0x7a9b06cf,
0xcf97f82a,
0x06cf221b,
0xf8187a9b,
0x426be794,
0x9b07cf05,
0x06cf307a,
0xf5357a9b,
0x95f80cf7,
0xad4a16e7,
0x308407cf,
0x06cf04f1,
0x04fa009c,
0x0518fe03,
0x0537fe03,
0x055bfe03,
0x0573fe03,
0x058dfe03,
0x9c21cf03,
0x0305d300,
0x0305acfe,
0x0305b6fe,
0x0305bffe,
0xcf05ddfe,
0x4f149c0d,
0x06cf460c,
0xf8d44e9f,
0x210200b4,
0xfa4bf7fe,
0x48546821,
0xcfc9f7f4,
0x5b668705,
0x7a2b0068,
0x4f4e51d1,
0x4f090af0,
0x500864f0,
0x5149504a,
0xbaf7f448,
0x38f8dfff,
0xdf2500b1,
0x22a178f8,
0x28210046,
0xff350146,
0xb0fce7f7,
0x01465a47,
0xf4465046,
0xa9ffa9f7,
0xdfd1f145,
0x009114f8,
0x54f8df26,
0x54f8dfa1,
0x414a43b1,
0xf4484349,
0x00ff9bf7,
0x05cf2221,
0xfcce3aee,
0x906604cf,
0xcff1f8fb,
0xd1576a04,
0x0211fb08,
0x4658464b,
0xf7f43601,
0x42b5ff88,
0xf8dfd1ea,
0x04cf80d0,
0xdf911c42,
0x35a11cf8,
0x3349304a,
0x7af7f448,
0x7604cfff,
0xad4204cf,
0xcf4205cf,
0xd13d3e04,
0x2264210c,
0x43414643,
0x0032f101,
0xf1fafb91,
0xf0f2fb90,
0x727af44f,
0xfcf2fb90,
0x021cfb02,
0xf7f44826,
0x3601ff5d,
0xd1df42b5,
0x93024b24,
0x93014b24,
0x93004b24,
0x4b254a24,
0x04cf4925,
0x0bcf4e1e,
0x4a237c9f,
0x090bf04f,
0xf04f4914,
0x4821080a,
0xcf40f7f4,
0x1f128205,
0x1f685a4e,
0x082a024b,
0x7c461ebf,
0x8106cfe7,
0xa6465030,
0x4f2b01e7,
0x42010af0,
0x0bbf0846,
0x06bf1823,
0x05435823,
0xf1fb9030,
0xf44648f1,
0xc4ff23f7,
0x0305e7e7,
0x025b9bfe,
0x088305cf,
0xfe025363,
0x8307cff5,
0xcf060818,
0x2c248306,
0x5cfe0306,
0x63fe0306,
0x6afe0306,
0x09cf0306,
0x06444883,
0x0648fe03,
0x388306cf,
0xfe030609,
0xfe025b0d,
0xfe025b6b,
0xfe0305fe,
0xfe030620,
0xfe030612,
0xfe030639,
0xcf0186a0,
0x92608a05,
0x00468046,
0x8a0ecfaf,
0xbef7fc5c,
0x448909cf,
0xf8d4fd19,
0xf8d660b4,
0xbc05cf04,
0x21d03866,
0xb94d224b,
0x080f02f1,
0x40461dbf,
0x51462246,
0x03f7ff46,
0xcf4680fc,
0xcf2b1e04,
0x30148d05,
0x428a09cf,
0xcf86f7fc,
0x46404805,
0x68a3681e,
0xf7f5029d,
0xf045ffdb,
0x22060380,
0x46114303,
0xf7fc4630,
0x0ecffe76,
0xf7fc448a,
0x7a09cf6d,
0x06cffc92,
0x4d073e8a,
0x6836e7ca,
0x210e47a8,
0x3405cf02,
0xe7edfe4c,
0x5b6bbf00,
0x8105cf02,
0x025b9b5c,
0x53b5b0fe,
0x01af0068,
0xd2d17a2b,
0x5c8305cf,
0x4b3ebb93,
0x7170f241,
0x1494f241,
0xf8532564,
0x4b3b2020,
0x0f40f012,
0xbf18483a,
0xf0024621,
0xeb04043f,
0x440c1484,
0xf7f44619,
0x4b34fe6d,
0xfbb44835,
0xfb05f1f5,
0xf7f44211,
0x210cfe65,
0x727af44f,
0x434c4b2e,
0x0132f104,
0xf1f5fbb1,
0xf0f2fbb1,
0x1210fb02,
0x482d492c,
0xf1f1fbb4,
0xfe52f7f4,
0xbdb02000,
0xd1232b01,
0x250a4c29,
0x0480eb04,
0x00f4f8b4,
0xff24f7f5,
0x46024b20,
0x04cf4825,
0xd4fe405a,
0x1c20f4f8,
0xb248234b,
0x225e06cf,
0xcf36f7f4,
0x0b301404,
0x16435921,
0x05481e4a,
0x5e04cf31,
0xfe2bf7f4,
0x2b02e7d7,
0xcf16d1d5,
0x01484c09,
0xff2df7f5,
0x46024b0d,
0x4c05cf12,
0xf8d4fe1a,
0x4b092148,
0x4c0bcf10,
0x1404cf10,
0xd8210631,
0x0c4903e7,
0x08f7f448,
0x00e7b4fe,
0x07cf78bf,
0x06700088,
0xcf7dfe03,
0x8b688307,
0xf0fe0306,
0x98fe02ef,
0xa5fe0306,
0xb1fe0306,
0xbcfe0306,
0x8b06cf06,
0x0c468070,
0x0bb09546,
0x03af0068,
0x4fdd062b,
0x503afff0,
0x07cf5446,
0xf8d15285,
0x4eab30b4,
0x7aa306cf,
0x30f0f8c6,
0x21ccf8c6,
0xf8c82320,
0x68633024,
0xf0402b01,
0x08cf80cc,
0xf0404c86,
0x231380c4,
0x3028f8c8,
0x23084621,
0x0024f108,
0x302cf8c8,
0x3014f8d8,
0x12a407cf,
0xc8230122,
0x402044f8,
0xdcf8c821,
0xc8094021,
0xc811d4f8,
0xc80040f8,
0xc831ccf8,
0xc831d0f8,
0xcf31d8f8,
0xe0788308,
0x44a105cf,
0xcf0600b4,
0x7060a207,
0x05cfb320,
0xfb6e1091,
0x04cf6823,
0xb36e1a14,
0x05cfb0f8,
0x00a818a4,
0x932804cf,
0x0020a0f8,
0x5ef7f568,
0x066821fb,
0x56a306cf,
0x186f0a30,
0xacf8c441,
0xb16e0800,
0x0bcf80f8,
0xcfb41aa4,
0xf556a305,
0x0fcf4ff7,
0xb320d064,
0xf510e0f8,
0x09cf3cf7,
0xd150c044,
0xb120d0f8,
0x2810e0f8,
0xb0f8c441,
0x05fa2200,
0x3204cff3,
0x40abb2d2,
0x2d4406cf,
0x8108cffb,
0xd8fb3d32,
0x02902cf8,
0x2360a323,
0x1cf10468,
0x5a0ccf02,
0xf7f51050,
0x4682f8a5,
0xf47f2800,
0xcfe3af50,
0xb41ea405,
0x56682130,
0xe268da48,
0x2df7f461,
0x5469e1fd,
0x29f7f448,
0xcf6822fd,
0xf8509105,
0x9405cf22,
0xd4fa8920,
0x0020b4f8,
0x60001ff0,
0x33685361,
0x43b1b8b1,
0xf0f8c61e,
0xc61cc330,
0xd631ccf8,
0x9831ccf8,
0xd6d20342,
0x9830f0f8,
0x45d20d42,
0x4649454a,
0x06f7f448,
0x15e7fefd,
0x01e73a23,
0xc6e73823,
0x0400f0f8,
0x23e7e723,
0x05cf1068,
0xf8b33882,
0xf7f5119c,
0x05cffa5d,
0x05207a81,
0x05cf6d46,
0xf4052481,
0x68107580,
0x11acf8b3,
0xcf4ff7f5,
0xe5431c08,
0x1c04cf60,
0x8107cf10,
0x63f89740,
0xf0f8d669,
0xcf612020,
0xf93ca408,
0x13fb09f3,
0x34f8c800,
0x3cf8c830,
0x05cfd400,
0x0f011e88,
0x8e05cf32,
0x00685d3a,
0x23d04f2d,
0x232d024a,
0x1df04f4d,
0x15bf1801,
0x184a2246,
0x54f1a268,
0x93bf080b,
0xf522ff46,
0xa0fa88f7,
0xdb47a861,
0x053000f8,
0x01428346,
0x001ac3d2,
0x001a1be0,
0x29f85b21,
0x98429520,
0x881b52bf,
0x9a1aaabf,
0x49da0142,
0xcf461346,
0x46938106,
0xd1ef0f15,
0x1038f8c8,
0x2500e068,
0x5038f8c8,
0x220ae064,
0x480c69a3,
0xf1f2fbb5,
0x5211fb02,
0xb292b289,
0xeff0e088,
0x06c2fe02,
0xa405cf03,
0x0306f474,
0x0304c4fe,
0x74a405cf,
0xfe025af3,
0xfe025b35,
0xfe02f138,
0xfe030731,
0x216422ff,
0xf7f56818,
0xf8dffa43,
0x1d39e0f4,
0x037ff000,
0x7c70f241,
0xf24161a3,
0xf85e1294,
0xf0133025,
0xf0030f40,
0xbf08033f,
0xbf1846e3,
0xeb034693,
0x445b1383,
0x3025f841,
0x2d133501,
0xf010d1ed,
0xf2410f40,
0xf0007570,
0x04cf003f,
0x15bf1834,
0x05687b46,
0x051580eb,
0xab200044,
0x5bbf2842,
0xebbf381b,
0x11cf511a,
0xcf485481,
0x13548109,
0x548106cf,
0x62682300,
0x56481769,
0xf41023f8,
0x21fc24f7,
0x1468e368,
0x8506cf48,
0xd121ac08,
0xf4119cf8,
0x23fc19f7,
0x10692268,
0x509105cf,
0x11bcf8d6,
0xfc10f7f4,
0x2b016863,
0xae27f47f,
0x068708cf,
0xaf76f47f,
0x69a32264,
0x820dcf07,
0xfbf7f414,
0xcfe614fb,
0x5074a608,
0x0cfe0361,
0x05cf0307,
0x06cf5894,
0x06cf30f1,
0x685a7896,
0x4b67b92a,
0xf8c32104,
0xf8c320f0,
0x230b11cc,
0xcfd56263,
0xb90b5805,
0x6263230a,
0x23082601,
0x462962a6,
0xf10462e3,
0xcf630024,
0xc46aab07,
0x5061ccf8,
0xc4094022,
0x2021c8f8,
0x63230064,
0xb4f8d564,
0x00685220,
0x27d1522a,
0xd8f8c423,
0xd0f8c421,
0x88f24131,
0xd4f8c433,
0x07f44f31,
0xdcf8c473,
0xc4234931,
0x0231c8f8,
0xcf60ab23,
0x685a6204,
0xd1552a00,
0x1694f241,
0x60b8f8c5,
0x188308cf,
0xf010f977,
0x07cf0f40,
0xcf721683,
0x1ece8206,
0x61ab4616,
0x1280eb06,
0x30b8f8d5,
0xf44f4410,
0x1ac37202,
0xf3f2fbb3,
0x63632241,
0xcf1404cf,
0xf0030e06,
0x63e30307,
0x63a32300,
0x408106cf,
0xd1582b00,
0x69ab2264,
0x8206cfb0,
0x482f0214,
0x168206cf,
0x2000fb70,
0x2a01bdf8,
0x220bd10c,
0x31d8f8c4,
0x21d0f8c4,
0xf640236e,
0xf8c412c4,
0xf8c421d4,
0xe7ad31dc,
0x1a09cf03,
0xf240235a,
0x04cf3243,
0x18e7f11a,
0x1d22ff68,
0x25f7f521,
0x6204cff9,
0x685b61a8,
0xd10f2b01,
0xf8c52364,
0xf7f530b8,
0x06cffc15,
0x095b0c81,
0x168108cf,
0x0382f3c3,
0xcf96e7b5,
0xcf262007,
0x21302005,
0xfbb21ac2,
0xcf62f2f1,
0x05cf2405,
0xfb01f30c,
0x22062313,
0xf3f2fbb3,
0xcf0ae79e,
0x8932810b,
0x924803b2,
0xf0e7a5b2,
0x05cf02ef,
0x07313c83,
0x3c8b05cf,
0x1e460c41,
0x28f5ad4b,
0x30aa05cf,
0x46058094,
0xf8c72601,
0xcf1a30c0,
0x1918aa05,
0x18aa05cf,
0xcc0604cf,
0x36aa05cf,
0x0605cfd0,
0xaa05cfd4,
0x05cfd836,
0x05cfdc06,
0x30e036aa,
0xfd9bf7fd,
0x240060bc,
0xcfb8f8c7,
0xc034aa11,
0xfd607c00,
0xcffc3bf7,
0x2834aa0a,
0x34aa07cf,
0xfe02fd71,
0xfe02f781,
0x06cffc39,
0xf61134aa,
0xf5fdfe02,
0x34aa0acf,
0xfe02f501,
0x9806cfd7,
0xab07cf54,
0x8106cf58,
0xab08cf28,
0x05cfc058,
0xcfc41c81,
0xc8168105,
0xcc0605cf,
0x168105cf,
0x0605cfd0,
0x8105cfd4,
0x05cfd81c,
0x05cfdc06,
0x30e058ab,
0xfd47f7fd,
0x24811acf,
0x13cffbe9,
0x03012481,
0x02f9a1fe,
0xcff769fe,
0x71248106,
0x8106cffb,
0x02f74124,
0x02f719fe,
0x02f405fe,
0x0304e0fe,
0x000031fe,
0x00002d00,
0x00002900,
0x00002500,
0x00002100,
0x07cf1d00,
0xcf1544a8,
0x0d54a807,
0x09000000,
0x2cb90bcf,
0x00000054,
0x00000050,
0x0000004c,
0x00000048,
0xba07cf44,
0x71647730,
0x23ac13cf,
0x22ac06cf,
0x65727677,
0xac08cf66,
0x7337312d,
0x51445700,
0x64254220,
0x3725000a,
0x5f514473,
0x13cf454f,
0x733714ac,
0x06cf0a00,
0xac15cf1f,
0x1f09cf53,
0x7e1b10cf,
0xcf270ccf,
0x11cf2405,
0xcf3556ac,
0x12cf3c06,
0x333151ac,
0xcf5607cf,
0xcf4bac11,
0x73372006,
0x45525600,
0x51442846,
0x4d002529,
0x05cf3652,
0x250062ac,
0x2d257333,
0x05cf3131,
0x0a06cf05,
0x2709cf0a,
0x524d0056,
0x06cf3431,
0x51445728,
0x65725620,
0x8107cf66,
0x3605cf7b,
0xcf007335,
0x39898106,
0x8105cf25,
0x1405cf15,
0xcf007333,
0x3265c906,
0x25252564,
0xcf0e08cf,
0x05cf0c04,
0x06cf68ae,
0xcf567fc9,
0xcf301904,
0x65440b0a,
0x37250066,
0x73372573,
0x05cf3825,
0x0c05cf06,
0x5f52000a,
0x007304cf,
0x0706cf4c,
0x676e6152,
0x35250065,
0x7507cf73,
0x6b0dcf36,
0x5f0ccf35,
0x366c04cf,
0xcf2810cf,
0x08cf2607,
0x2404cf78,
0x7336332d,
0x44ae17cf,
0x43ae1ccf,
0x808106cf,
0x54554f55,
0x5f464f5f,
0x4e414353,
0xe78208cf,
0xaf06cf61,
0x64775f20,
0x72765f71,
0x253d6665,
0x207706cf,
0x36524d28,
0x78303d29,
0xcf0a7825,
0x3431251d,
0xcf2608cf,
0x74aa8209,
0xb38208cf,
0x1010cf64,
0x9c8120cf,
0x8208cf6c,
0xcf0358ab,
0xcf60ad07,
0x08cf1010,
0x08cf60ab,
0x04cf1c86,
0x2808cf1c,
0xb28108cf,
0xbf0ccf78,
0x7c04cf60,
0x088108cf,
0x048108cf,
0xcf4040cf,
0x20cf403c,
0xcf34a182,
0xf878a920,
0x394604b5,
0x05cf034d,
0x4e3814e1,
0x0094f8d0,
0x0143eb01,
0x68002300,
0x2021f815,
0x1021f836,
0xfe16f7f4,
0x0094f8d4,
0x000ce894,
0xeb036800,
0x69220342,
0x0383eb05,
0x1020f893,
0xfc3df7f4,
0x68616823,
0xcf2004cf,
0xeb053804,
0x68000381,
0x23016c1a,
0x04cf4093,
0xcfb2db40,
0xfdf54206,
0x2d016ee5,
0x4a21d13b,
0xf8d46821,
0x4e203088,
0x2021f852,
0x933604cf,
0xdb4a1e40,
0x126800b2,
0xdf6e09cf,
0x07cf1afd,
0x0bcf1926,
0x0fcf1726,
0x14fdcc26,
0xcf2607cf,
0x04cf2004,
0x004c1128,
0x10409368,
0xcfb2db4a,
0xcf342604,
0xfdb92605,
0xf0054628,
0x05cfeace,
0x58bf30e0,
0x04fe0307,
0x44fe0312,
0xbcfe02b9,
0xacfe02b8,
0x54fe02b8,
0xdcfe02b9,
0xccfe02b8,
0x64fe02b8,
0xfcfe02b9,
0xecfe02b8,
0xf8fe02b8,
0x50a905cf,
0xa905cf94,
0xf4f7f450,
0x2368e3fd,
0x016ee361,
0xe3d10a2b,
0x05cfc46f,
0xc4308076,
0xd4308cf8,
0xc43084f8,
0x203090f8,
0xff4d2646,
0x23ff58f7,
0x24686268,
0x94f8d44e,
0x43eb0200,
0x926de302,
0x02eb0500,
0xdc68000c,
0x8b1060f8,
0xdb18b140,
0x80f89cb2,
0xf48c0920,
0xcffd6bf7,
0x08cf2c04,
0x926e232a,
0xcf680000,
0xf8dc2c04,
0x2a09cfa0,
0xf8b120c0,
0xf7f41040,
0x2c0dcf55,
0x2c05cf63,
0x44164415,
0x10e0f8d5,
0x2100f895,
0xf8b6408b,
0xb2db1060,
0xfd40f7f4,
0x3094f8d4,
0xf7f46818,
0xf7fdfd50,
0x2000fa0c,
0x08cfbdf8,
0xb5807881,
0x528106cf,
0x05cf6a19,
0x80f978a8,
0xf8e92dbd,
0x90469943,
0x06af0046,
0x05cf0d46,
0xcf9426a9,
0xfb4a9e09,
0xcfff19f7,
0xfd744c08,
0x2008f8d9,
0x9d05cf41,
0xe3fede44,
0x0161206e,
0xc5d1082b,
0xc9010ff1,
0x88f8c400,
0x8cf8c410,
0x90f8c410,
0xff462010,
0xcffed6f7,
0xcf0f3608,
0xf86ac205,
0x8f06cf83,
0xcbb08470,
0xcfaf046e,
0x2b2a8405,
0x000ce891,
0x2107bf08,
0x2106bf18,
0x0242eb03,
0xf985f7fd,
0x000ae894,
0xf0402b00,
0x4856809d,
0x25004e57,
0xfefdf7f3,
0x49564a56,
0xf7f34857,
0x11a9fef8,
0x35084630,
0xfef3f7f3,
0xd1f82d80,
0xf7f34853,
0x6ee3feee,
0xf0402b01,
0x4b508087,
0x4a4c6821,
0xf8534850,
0xf7f31021,
0x05cffee2,
0x4d262a85,
0x78f8df4d,
0x42eb0381,
0x05484b03,
0x440383eb,
0x80f8d34a,
0xd2f7f310,
0x4069a1fe,
0x08437146,
0x89312036,
0xcaf7f30b,
0xf52e80fe,
0xf3483ed1,
0x05cfc5f7,
0x40d16352,
0x3868214b,
0x07cf404a,
0x07cfba50,
0x00f8df50,
0xcf483c81,
0x4a315004,
0xd35004cf,
0xf310a0f8,
0x0bcfabf7,
0x87f3c14e,
0xa2f7f311,
0xf42e80fe,
0xf3482ad1,
0x06cf9df7,
0x2fd12281,
0x2468214b,
0x07cf2f4a,
0x05cf9250,
0x2d4e2c50,
0xcf4c05cf,
0xc012bd06,
0xf3250010,
0x29fe85f7,
0x8106cf46,
0x05cf8066,
0x4b256681,
0x4b259302,
0xcf149301,
0xf338a30b,
0x05cf72f7,
0x10d10556,
0x1a68214b,
0xf3482246,
0x00fe69f7,
0x9006cf20,
0x61482036,
0x1f490ae7,
0x5ff7f348,
0x07e77bfe,
0xf3481d49,
0x9efe5af7,
0x1a4905e7,
0x55f7f348,
0xeee7c1fe,
0xa606cf12,
0x02ef7b14,
0x6c9e05cf,
0xcf031306,
0xbc6cc205,
0x10fe02b8,
0x8406cf13,
0x03132c28,
0x148605cf,
0xfe03133f,
0xcf031356,
0x6b148605,
0xa706cf13,
0x03138200,
0x04a709cf,
0x00a710cf,
0xfe03139b,
0xfe0312fa,
0xcf031327,
0xf874a607,
0x0523104f,
0x00624346,
0x0c3024af,
0xb76eca46,
0xdf2a014e,
0xb39328f8,
0x01bf1846,
0x08604323,
0x50608323,
0xcf3c10f8,
0x407cc208,
0x28646b09,
0xccf8c564,
0x8408cf31,
0xcffc3744,
0x9b7c880e,
0x4b18f200,
0x80f89244,
0xf48c1920,
0xcffbc2f7,
0x06cf1a04,
0x4b18f118,
0x106e0a44,
0xcf65e041,
0xf8913204,
0xf8b320c0,
0x68001040,
0xfbaff7f4,
0x68616823,
0x0143eb01,
0x18730089,
0xf8d34449,
0x8c0920a0,
0xf8d34110,
0x66202080,
0x0acf6e18,
0xcf94649e,
0xf4649e05,
0xcffb9df7,
0x21007616,
0x1060f8b3,
0xcf86f7f4,
0x20e05211,
0x1060f8b1,
0x66604110,
0x0100f8d3,
0x0cc30acf,
0x745208cf,
0xcf5204cf,
0x84528105,
0xd55c0bcf,
0xcfa02cf8,
0xf1046004,
0xeb060218,
0x464e0383,
0x568a06cf,
0xcf80f8ea,
0xd314c305,
0x05cfa380,
0x3094769e,
0x48696821,
0x61a268da,
0xfd72f7f3,
0x486769a1,
0xfd6ef7f3,
0x7c8108cf,
0x0b83eb0b,
0x9b2404cf,
0x16cc05cf,
0xf91df7f4,
0x04cf60e0,
0xcf46831c,
0xf8d41e04,
0x06cf2094,
0xf8b3129e,
0xf7f41080,
0x4681faba,
0x4f1e04cf,
0x090949ea,
0xcf7980f4,
0x10a02410,
0xfaa8f7f4,
0x0000ea49,
0xf3fafb9b,
0x636b60a0,
0xb313fb0a,
0x06cf63eb,
0x80886e86,
0x49494a49,
0x8905cf23,
0x23f8120c,
0x23f83120,
0x648205cf,
0x4a45fafd,
0x49456823,
0x2023f852,
0x4a444110,
0x04cf67e0,
0x1e04cf22,
0xcf2604cf,
0xfaec2204,
0x68234a3f,
0x2207cf3f,
0xf8c44a3e,
0x10cf0080,
0x39fada24,
0x5368224b,
0x183022f8,
0xc46fe341,
0xdb0084f8,
0x0ff1c308,
0xe263ab03,
0x07f0026f,
0x012a0402,
0xab3b01d9,
0x61682363,
0x01483068,
0xa30143eb,
0x74a107cf,
0xcfd120a0,
0xe35e8705,
0xcf482bfc,
0xe2188208,
0x9c06cf68,
0xf310c072,
0xe3fcd7f7,
0x192b016e,
0x214a1ad1,
0x236fe368,
0x21f85248,
0xccf7f320,
0x05cf18fc,
0x3080468c,
0x1207cf1f,
0xcf17fcc3,
0x30841205,
0x1207cf1c,
0x6b69fcba,
0xf7f3481a,
0x6be9fcb6,
0xf7f34819,
0x6ba9fcb2,
0xf7f34818,
0x4640fcae,
0x8ff8e8bd,
0xe7b62300,
0x38fff04f,
0x0758e7f7,
0xc409cf03,
0xcfb8ac34,
0x44548606,
0x608c0bcf,
0x8c0bcf54,
0x02b96460,
0x48c409cf,
0xfe0313c3,
0xfe0313f7,
0x0acf142b,
0x145f54c4,
0x0c8706cf,
0x4604b5f8,
0x6ed34616,
0x2b01af00,
0x4b1bd131,
0xf1c200c2,
0x481a0278,
0xf1c44619,
0xf7f3040f,
0x6f73fc6b,
0x00e46fb2,
0x757af44f,
0xfb02200a,
0x4b123204,
0xa607cf92,
0x92320568,
0x10f2f0fb,
0x58f7f348,
0x726fb3fc,
0x03480e6f,
0x322404fb,
0x544b096f,
0x944a0c43,
0x229b06cf,
0xfaf50242,
0xf5fb9272,
0x45f7f3f2,
0xf82000fc,
0x064902bd,
0x3ff7f348,
0x05cff8fc,
0x146b4ce9,
0x1477fe03,
0x1485fe03,
0x4240fe03,
0x1490000f,
0x189a05cf,
0x3a460c43,
0x21f5ad4b,
0x05af007d,
0xa0f8c746,
0xc74b3730,
0x05cfa4f8,
0x3630a806,
0xacf8c74b,
0xb00605cf,
0x05cf3530,
0x04cf02c6,
0x3430b806,
0x02c605cf,
0xc00604cf,
0xc7673930,
0xfc0098f8,
0x01febbf7,
0x6cd10b2c,
0x02b36468,
0x0bd8462c,
0x41677b23,
0xbb33e2f2,
0xb8f44f67,
0xdf67fb73,
0x0080a8f8,
0x0146a124,
0x9a06cf26,
0x93607c3a,
0x07cf0e43,
0x00a03c9a,
0x9008f8c7,
0xfd4af7fc,
0xbe1008cf,
0x43f7fc60,
0x043401fd,
0x05cfe72c,
0xcf214c9a,
0x834c9a06,
0xe88107cf,
0x230c6834,
0xf7f4677b,
0x06cff9a8,
0x0738e881,
0xeef24cd1,
0x9cf8c753,
0x4067bb00,
0xc71357f2,
0xf8f247e7,
0x9cf8c703,
0x1004cf40,
0xe7bf1349,
0x30fff04f,
0xbf00e7db,
0xfe030d15,
0xfe030b1d,
0xcf031059,
0xb70c9b05,
0xa5fe030a,
0x09cf030a,
0x09d1309c,
0x12e4fe03,
0x08cffe03,
0x10cf14c0,
0x08cf1cc0,
0xcf011508,
0x08cf0404,
0x1010cf08,
0xcf120000,
0x08cf0404,
0x1010cf08,
0x17000001,
0xcf0404cf,
0x10cf0808,
0x00000110,
0x000005ad,
0x000005af,
0x000005b5,
0x000005b7,
0x000005bd,
0x000005bf,
0x000005c5,
0x000005c7,
0x000005ac,
0x000005ae,
0x000005b4,
0x000005b6,
0x000005bc,
0x000005be,
0x000005c4,
0x9507cfc6,
0x00010401,
0x00010100,
0x00010500,
0x00010200,
0x00010600,
0x00010300,
0x00010700,
0x09cf7200,
0x445230c8,
0x4d5f5351,
0x9a05cf5f,
0x0c05cf05,
0x0c06cf53,
0x73303225,
0x33322d25,
0x51440073,
0xcf323130,
0xcf46c712,
0xcf002104,
0x394d9b10,
0x332f04cf,
0x13cf3534,
0x11cf75c7,
0xcf375f9b,
0x37362c04,
0x2c12cf38,
0x3cc817cf,
0x25420020,
0x51445f64,
0xde8106cf,
0x1405cf1c,
0x56733425,
0x28514444,
0xcf292525,
0x45520b04,
0x29562846,
0x12990acf,
0x009a07cf,
0x719d06cf,
0x645f6c65,
0x8111cf71,
0x8207cf4b,
0x1ccf66c7,
0x8111cf34,
0x3423cf50,
0x588111cf,
0x793409cf,
0x7dc80bcf,
0x73333125,
0x6f9c08cf,
0x7a9b0bcf,
0x25007336,
0x799b06cf,
0x2d0b05cf,
0xcf733334,
0x0c68d805,
0x8b4d2346,
0x9506cf6a,
0x21f89048,
0x2368214a,
0x526aa069,
0x002021f8,
0x9606cf68,
0x21f8127e,
0x05cf3520,
0xf8213096,
0x68214a1b,
0x4d1b6963,
0xa02004cf,
0x1940936a,
0x789609cf,
0x102206cf,
0x214a16f8,
0x1569a368,
0x142209cf,
0xf3220dcf,
0x01fffff7,
0x14f00420,
0x186aa3ed,
0xd1f7fb68,
0x0804cff8,
0xf809f7f4,
0xcfc5f7fc,
0x0040be05,
0x8a08cfbf,
0x971ccf18,
0x83b59000,
0x7caf02b0,
0x3c940169,
0xfc940069,
0x04f9dbf7,
0xf3480449,
0xcff9f3f7,
0xcf36b506,
0xcb14bc08,
0xbc0acf1a,
0xe4f7f314,
0xbc08cff9,
0xcf1a6614,
0x47288905,
0x23104604,
0x62432601,
0x23086286,
0x62c3af00,
0x30246943,
0x0acf460d,
0x094002a8,
0x64202200,
0x6aab6462,
0x2b00685b,
0x6aead179,
0x4a4142b2,
0xf240d16a,
0x07cf4105,
0x4f1140a6,
0xcf7318f4,
0xdf58a608,
0x3aa118f8,
0xa8682b4a,
0x3a6ae66a,
0x3a8d09cf,
0xff7df7f3,
0x682b4a36,
0x9100f8df,
0x8100f8df,
0x648d06cf,
0x61284a32,
0xcf396aa8,
0xff6a260b,
0x682b4a2e,
0x2d1e06cf,
0xa861684a,
0x0bcf386a,
0x29ff5b1e,
0x5368294b,
0x183021f8,
0x2b61a841,
0x21f85a69,
0xf3482520,
0x29f979f7,
0x24696b68,
0x05cf5948,
0xf972108d,
0x69ab6829,
0xcf584821,
0xf96b0e05,
0x481f6929,
0xf1f6fbb1,
0x692a6361,
0x63a52500,
0xf3f6fbb2,
0x2313fb06,
0xf7f363e3,
0xcfe1f95c,
0x58348d05,
0x05cf28f9,
0xf2405ed1,
0x08cf31db,
0xf2405681,
0xf8c4135b,
0xe79321d4,
0xa909cffd,
0x24f24f6e,
0xd4f8c443,
0x88233831,
0x90bf00e7,
0xac0003d0,
0x2c8307cf,
0x408d08cf,
0x3c8d08cf,
0x348d14cf,
0x06cfb8bc,
0xcffc4c83,
0xcf408309,
0xcb3c8306,
0x50bf05cf,
0xcf15f7f3,
0x8b3c8315,
0x9906cf6a,
0x7df7f412,
0xb0bd80fb,
0xc0eb02b5,
0x3caf0002,
0xe26aa369,
0x990acf61,
0xa3f8d30c,
0x184d216a,
0x2ef7f368,
0x214a20ff,
0x0bcfe368,
0xcf1d4485,
0xf344850b,
0xcffebff7,
0x69648f05,
0x8509cf1a,
0x0fcf1822,
0xfeae2285,
0x2205cf15,
0x2209cf14,
0x220fcf13,
0x2001fe9d,
0xebb2f004,
0x68186aa3,
0xff6ff7fa,
0xf30804cf,
0x05cfa7f7,
0x26cf3ab6,
0x06cf4085,
0xcf43248e,
0xa040dc07,
0xfc21096a,
0x62fb13f7,
0x3f230a68,
0x38f8df48,
0x92260081,
0x03f1f3fb,
0xf32211fb,
0x3bf889f7,
0x2968224b,
0x3a950246,
0x22f85348,
0x39930130,
0x0804cf4b,
0xcf389300,
0xf7f30805,
0x4631f878,
0x4640462a,
0xf7f33608,
0x2e80f872,
0x4832d1f7,
0xf8df2500,
0xf7f390ac,
0xf8dff86a,
0xf44f80ec,
0x4a27767a,
0x4611482e,
0xf861f7f3,
0x200a68a3,
0xfb0268e2,
0x464b3205,
0xfb923508,
0xcf06f1f6,
0x40109009,
0x50f7f346,
0xec2d80f8,
0x004821d1,
0xf34e2225,
0xdff849f7,
0xdf9064f8,
0x1780acf8,
0x05cf1f4a,
0xe2f84042,
0x7af44f68,
0x04cfa370,
0x68623344,
0x435a3508,
0x08cf464b,
0x9006cf48,
0x4a06cf32,
0x2d80f82b,
0x4b13d1e8,
0x4b139303,
0x4b139302,
0x4b139301,
0x4a139300,
0x49044b13,
0xf7f34813,
0xc00acf1b,
0x05cf8378,
0xcf1a5090,
0x90509806,
0x9806cf1a,
0xcfb8bc64,
0xcf6cdb06,
0x06cf1a00,
0x1aee6090,
0x1cbc0ecf,
0x609808cf,
0xfe02ef67,
0xfe031b0a,
0xfe031ac6,
0xfe031ae0,
0x8706cffe,
0x46054160,
0xf5ad4b2d,
0xaf007d04,
0x4b2b633b,
0x4b2b637b,
0x4b2b63bb,
0x4b2b63fb,
0x4b2b643b,
0x4b2b647b,
0x4b2b64bb,
0x4b2b64fb,
0x62b8653b,
0xfa83f7fc,
0xb314686c,
0xd83a2c02,
0x607b230b,
0x6c9005cf,
0xb8f44f60,
0xab06cf73,
0xcf60fb5e,
0x3c6a9008,
0x05439360,
0x394642d1,
0x30f10746,
0x17f7fc00,
0xab0acff9,
0x07cf0424,
0x0bcf24ab,
0xf3605890,
0xcffd7cf7,
0x06589006,
0x589005cf,
0x60bb62f8,
0x1357f240,
0x9005cfd2,
0x05cffc56,
0xcb13490e,
0x549005cf,
0xbf00e7dd,
0xfe031595,
0xfe031811,
0x06cf157d,
0x17495490,
0x1739fe03,
0x1711fe03,
0x1551fe03,
0x1499fe03,
0x1a58fe03,
0x06cffe03,
0xcf38eb81,
0x2506ab08,
0x06cf3035,
0x06cf3fa9,
0x2071c581,
0x656c6573,
0x6f697463,
0x5628206e,
0x3d514444,
0x7ba705cf,
0x05cf5664,
0x06cf30f1,
0x05cf778d,
0x0ccf768d,
0xcf2c548c,
0x0dcf0c0c,
0xcf36448e,
0xcf0bd707,
0xcf588c05,
0x20228e05,
0x29252528,
0x38332520,
0x698c0dcf,
0x1f05cf32,
0x20464552,
0x04cf5628,
0x09cf391e,
0xcf20798c,
0xcf638f06,
0xcf3ca90a,
0xcf45a90b,
0xcf1ca523,
0xf2488b08,
0x09cf00f7,
0x13270ce3,
0x688306cf,
0x488b28cf,
0x685b696b,
0xd1492b00,
0x42b269aa,
0xcf3a4a29,
0xa0488b1b,
0x2b4a2280,
0xe6696868,
0x048b0dcf,
0xcf1efc99,
0x58048b07,
0x402021f8,
0x1bf303fa,
0xf2612b48,
0x29feb7f7,
0x17cf1969,
0xf7f2688a,
0x6be1fea8,
0xf7f24813,
0x06cffea4,
0xcf34e781,
0xc3688a14,
0x688a15cf,
0x8a07cfb8,
0x031b2468,
0x031b34fe,
0xcf2000fe,
0xd8508a0a,
0x05cf031f,
0x4d1058ce,
0xaf00694b,
0xf7f36818,
0xcf0efcb0,
0x60408f05,
0x8908cf69,
0x0dcf0b7c,
0xfc417c89,
0x68186963,
0xfd16f7fa,
0xf30804cf,
0xfcfc4ef7,
0x00f90af7,
0xcfbdb020,
0x04cf4c04,
0x6804cf60,
0x5c8e0ecf,
0xfe2df7fb,
0x48044904,
0xfe45f7f2,
0x208b12cf,
0x18cb0acf,
0xfde7f7fb,
0x312806cf,
0xcb0ecffe,
0x8b06cf18,
0xcf694b48,
0x99488b08,
0x8b07cff8,
0xaf000548,
0x6963693c,
0x468b08cf,
0xcff0f7fa,
0x4c188107,
0x214b0efc,
0x604a0e68,
0x8108cf69,
0xfa0536b6,
0x4d0bf303,
0x06cfb2db,
0xf7f322d1,
0x2001fbdc,
0xe8f0f004,
0x508106cf,
0x8105cfae,
0xe6f7f358,
0xb02000fb,
0x8108cfbd,
0xcf1fd848,
0xdf0c9908,
0xcf8138f8,
0x606a8a06,
0xfc210869,
0x62f85ef7,
0x39230a68,
0xcf4d3a48,
0xf2688a0a,
0x37fdd5f7,
0x688a05cf,
0xcf369500,
0xf2688a05,
0xcffdccf7,
0xf2588a08,
0x80fdc6f7,
0x30d1f72e,
0x588a05cf,
0xf7f290b0,
0xf8dffdbe,
0x8a05cfe4,
0x2c4a2858,
0xf2461148,
0xcffdb5f7,
0xf2588a1e,
0x80fda4f7,
0x1fd1ec2d,
0x20250048,
0x9df7f24e,
0x68f8dffd,
0xa4f8df90,
0x1d4a1880,
0x944205cf,
0x8a26cffd,
0x7ff7f258,
0xe82d80fd,
0x034b11d1,
0x024b1193,
0x014b1193,
0x004b1193,
0x114a1193,
0x1149054b,
0x6ff7f248,
0x8a0acffd,
0xcf1a6b58,
0xd838c206,
0x32fe031f,
0xa306cf20,
0xcf204b50,
0x5b508a06,
0x8a2acf20,
0x2d480050,
0xa0200ce9,
0x9f3014e3,
0x8db004e5,
0x9f1010e2,
0x9f0010e5,
0xffca9be5,
0x8208cffa,
0x1fe800a6,
0x206afe03,
0x20d5fe03,
0x008b0ccf,
0xaf007d00,
0x4b2b623b,
0x4b2b627b,
0x4b2b62bb,
0x4b2b62fb,
0x108b12cf,
0xf7fb61b8,
0x0acfffc3,
0xcfbb008b,
0xfb008b05,
0x008b0bcf,
0x0ccf613b,
0x05cf6a9b,
0x071d008b,
0xfb0020f1,
0x0bcf57f7,
0xcf007ce1,
0xbb008b11,
0xbcf7f360,
0x8b0dcffa,
0xcffb6100,
0xcf008b0c,
0x0ccf0e05,
0x1b5d008b,
0x1d79fe03,
0x1b45fe03,
0x008b06cf,
0xfe031d11,
0xfe031d01,
0xfe031cd9,
0xfe031cad,
0xfe031c59,
0xfe031ff1,
0x000007b1,
0x000007b5,
0x000007b9,
0x000007bd,
0xcf726464,
0x12b38106,
0x198b08cf,
0x129a07cf,
0x55971acf,
0x9717cf73,
0x44732553,
0x64255351,
0x49990fcf,
0x8a0fcf33,
0x0ecf387c,
0x73396d8a,
0x6f682f00,
0x6e2f656d,
0x33307476,
0x2f373332,
0x6a6f7270,
0x2f746365,
0x2f303335,
0x61636f6c,
0x6f6c5f6c,
0x72656461,
0x696d705f,
0x35616e2f,
0x32303131,
0x2f1307cf,
0xcf62694c,
0x735f0404,
0x522f6372,
0x74657365,
0x7264642f,
0xcf0404cf,
0x2f448105,
0x53810ecf,
0x2500632e,
0x64252073,
0x6577203a,
0x05cf6b61,
0x000a74fe,
0x00b58000,
0xe0f7fbaf,
0x802000fe,
0x8eb5f0bd,
0x8806cf1c,
0x4869bd1e,
0x01f04fb9,
0x26f8450c,
0xfb9400c0,
0xcffbd2f7,
0x4e868306,
0x4026f845,
0xb580e7f6,
0xcf88f8d1,
0xf378ac07,
0xcffe8af7,
0x1c908208,
0x69bcaf00,
0xcf88f8d4,
0xfa72ac09,
0xcffbe0f7,
0x04cf1004,
0x0efa3b26,
0x1f682549,
0x88f8d422,
0x31b2f300,
0x001015f8,
0xd1f7f368,
0x2006cff9,
0xcf0cf7fa,
0xf7fa2a07,
0x08cffaa0,
0xcff9d734,
0xcc68af06,
0x8506cf23,
0x0069111c,
0x0d1c88af,
0x80eb0346,
0x001d1803,
0x00da012d,
0x50e00425,
0x014d04f8,
0x01d0072c,
0x04681235,
0x94460c3b,
0x1fdb0342,
0x01e00624,
0x53e7ed3d,
0x010f04f8,
0x01d01e28,
0xa1480f3c,
0x660805eb,
0xbaf7f21a,
0x0c4629fb,
0xb6f7f248,
0x0a4621fb,
0xb2f7f248,
0x011b61fb,
0xf2480731,
0x41fbadf7,
0xf2480546,
0x31fba9f7,
0xf2480346,
0xcffba5f7,
0x3af28107,
0xe0e7d434,
0x990acf23,
0x98f7f218,
0x8d08cffb,
0xcf23e450,
0x14548b06,
0x07cf844d,
0x00880cd1,
0xf7fb2105,
0x4b11fe05,
0x24006822,
0x91004910,
0x3012f833,
0xf7f2480f,
0x4621fb7d,
0x34014628,
0xfb78f7f2,
0xd1f82c20,
0x93024b0b,
0x93014b0b,
0x93004b0b,
0x4b0c4a0b,
0x480d490c,
0xcf6af7f2,
0xb0467604,
0x1dbf00bd,
0xccfe02ef,
0x8806cf23,
0xcf23ea0c,
0xcf28ab0a,
0xcf2cd214,
0x20548e06,
0x43af0023,
0x24230162,
0x0d604330,
0x00608346,
0xab0acf26,
0x4064660e,
0xdf642009,
0x2a804cf8,
0x88f8d568,
0x12f83830,
0xf3681810,
0x00f89af7,
0xa8001ff0,
0xe6636080,
0x0863a663,
0xaa682b48,
0x13f83888,
0x25f7f210,
0x056b61fb,
0x21f7f248,
0x046ba1fb,
0x1df7f248,
0x05cf30fb,
0x60a22887,
0x548d06cf,
0xcf03145f,
0xf0208105,
0x1d2500b5,
0x1df5ad4b,
0x1caf007d,
0xc746044e,
0x1b3090f8,
0x94f8c74b,
0x980605cf,
0x06c005cf,
0x0605cf9c,
0xbe05cfa0,
0x05cfa46a,
0x05cfa806,
0x50ac6abe,
0x30b0f8c7,
0x008cf8c7,
0xfd9df7fb,
0x2501607d,
0x2b03687b,
0x2000dd04,
0x771df507,
0xbdf046bd,
0xfa056922,
0x4393f303,
0xcf32d105,
0x903e8805,
0x38f7fb00,
0x01687bfc,
0xe8607b33,
0x0322b1e7,
0x0323d4fe,
0x03222dfe,
0x032215fe,
0x032191fe,
0x032131fe,
0x03211dfe,
0x0320f5fe,
0x0320e9fe,
0x7d077cfe,
0x7f077e07,
0x5f716407,
0x06cf6572,
0x00528481,
0x00643725,
0xcf332d25,
0x305fba05,
0x5f514473,
0x254e4552,
0xbd12cf64,
0xcf733254,
0xcf44e60a,
0xcf030808,
0xcf4cb707,
0x08cf0808,
0x10cf74e6,
0x0ccf7ce6,
0x0ccf10e7,
0xe708cf30,
0x0808cf2c,
0x7cb708cf,
0x680808cf,
0x0404cf08,
0xcf0808cf,
0xcf3cb80a,
0xe92d0808,
0x460443f0,
0xb08325ff,
0xf04faf02,
0xf7f30965,
0x08cff88c,
0x4f46b881,
0xf30864f0,
0xcff825f7,
0x26ba8106,
0xffbbf7f2,
0xb88106cf,
0xb6f7f24a,
0x978307cf,
0xb1f7f236,
0xbe8207cf,
0x7f212c62,
0x0ff7f326,
0x8108cff8,
0xf7f34cb8,
0x8309cf09,
0xf7f300e1,
0x2001f803,
0xed18f003,
0x5a07cf09,
0xfffaf7f2,
0x905608cf,
0x8b5609cf,
0x865609cf,
0xf25609cf,
0x09cfe5f7,
0xf238bc83,
0x09cfdff7,
0xf26eda83,
0xcfffd9f7,
0xecee5404,
0xd0540acf,
0xcf4005cf,
0xcf665404,
0xcf615409,
0xcf5c5409,
0xcfbb540b,
0xcfb5540b,
0xffaf540b,
0x7016f44f,
0xecc2f003,
0x048208cf,
0xcfa5f7f2,
0xcf3b5609,
0xcf365609,
0xcf315609,
0xcf90560b,
0xcf8a560b,
0xcf84560b,
0x982a8105,
0xbd8309cf,
0x7bf7f262,
0x184620ff,
0x115405cf,
0x20462aff,
0x2a231c46,
0x28e88d21,
0xf2462300,
0x05cffcf7,
0x1b950112,
0x00212923,
0x1204cf93,
0x640bcff3,
0x640bcf5e,
0x640bcf58,
0x6405cf52,
0x640bcf66,
0x8307cf49,
0xf7f23abf,
0x4623fedf,
0x2a5406cf,
0x00f8cd21,
0xcaf7f290,
0x1208cfff,
0x1204cf29,
0xc1f7f280,
0x2c640bcf,
0x26640bcf,
0x20640bcf,
0x346405cf,
0x17640bcf,
0x284620ff,
0xad6405cf,
0x5006cffe,
0xcf2a2363,
0x98368107,
0x488107cf,
0x8109cf62,
0x0bcf8f48,
0x09cffa64,
0xf276bc81,
0x09cff4f7,
0xf252be81,
0xcffeeef7,
0xcf026404,
0xfee5640b,
0xcf204620,
0xcf7b6405,
0xcf616407,
0xcf666409,
0xcf606407,
0xcf5d6409,
0xcfc8640b,
0xcfc2640b,
0xcfbc640b,
0x0acf6405,
0xf27ebf83,
0x20feb3f7,
0x05cf1046,
0x07cf4964,
0x09cf1a64,
0x07cf3464,
0x09cf1964,
0x0bcf2b64,
0x0bcf9664,
0x0bcf9064,
0x05cf8a64,
0x0bcf9e64,
0x20fe8164,
0x05cf0846,
0x07cf1764,
0x09cf1864,
0x07cf0264,
0x09cf1764,
0x09cff964,
0xf20abf81,
0x0bcf64f7,
0x0bcf5e64,
0x05cf5864,
0x0bcf6c64,
0x07cf4f64,
0xf276bf81,
0xcffde5f7,
0xcf165206,
0xcfd06409,
0xcf157607,
0xcfc76409,
0xcf32640b,
0x0acf640b,
0xf200e083,
0x05cf26f7,
0x0bcf3a64,
0x07cf1d64,
0xf236c281,
0x07cfb3f7,
0xf25ac081,
0x07cfaef7,
0xf25ac081,
0x09cfa9f7,
0xf25ac081,
0x0bcf08f7,
0x0bcf0254,
0xcffdfc54,
0xeb105404,
0x8307cf20,
0x61a104c7,
0xfdf2f7f2,
0x0e0bcf10,
0xcf0bfdeb,
0xcf00840a,
0x4aa18307,
0xcf7bf7f2,
0xcf767009,
0xcf717009,
0xfdd0700b,
0xca700acf,
0xde8309cf,
0xc4f7f260,
0xd87005cf,
0x810acfea,
0xcffdbb44,
0x511c8608,
0x288207cf,
0x9000f8cd,
0x04cf2300,
0x32fe3c5c,
0x961204cf,
0x8000f8cd,
0x04cf2300,
0x07cf3364,
0x04cf4881,
0x0bcf9e0c,
0x0bcf9870,
0x0bcf9270,
0x05cf8c70,
0x0bcfa070,
0x09cf8370,
0x11cf1970,
0x11cf0470,
0x07cffb70,
0x0c04cf58,
0x700bcf66,
0x700bcf60,
0x700bcf5a,
0x7005cf54,
0x700bcf68,
0x7009cf4b,
0x10cffce1,
0xcffdcc70,
0xcfc37010,
0x04cf6407,
0x0bcf2e0c,
0x0bcf2870,
0x0bcf2270,
0x05cf1c70,
0x20ea3070,
0xeff7f946,
0xd88308cf,
0xbf05cf5e,
0x0d46044a,
0x02b08246,
0x1e4690af,
0x67f7f246,
0x8308cffd,
0xf7f264de,
0x06cffd02,
0xf264de83,
0x07cf98f7,
0xf264de83,
0x07cf93f7,
0xf264de83,
0x09cf8ef7,
0xf24cde83,
0x09cfedf7,
0xf264de83,
0x0bcfe7f7,
0xcffce118,
0xe9f67604,
0xea8308cf,
0xd8f7f25e,
0xdf8307cf,
0x6ef7f238,
0x695409cf,
0x645409cf,
0xc33c0bcf,
0xbd540bcf,
0xb7180bcf,
0xcc5405cf,
0x07cf02e9,
0xf236df83,
0x02fc49f7,
0xdf8307cf,
0x43f7f22c,
0xa30c05cf,
0x3d0c05cf,
0xa10c05cf,
0x370c05cf,
0xabf640fc,
0x4f429d53,
0xcf0240f0,
0x74de8306,
0x2340bfd8,
0x2300bfc8,
0xfc8ef7f2,
0xed830acf,
0xf225ff56,
0x07cf86f7,
0xcf52fe83,
0xf7f22604,
0x0acffc7f,
0xf254ed83,
0x05cf78f7,
0x06e98c7e,
0x8406cf23,
0xf7f270b9,
0x0acfff05,
0xcf695e81,
0x7ce18307,
0xcffff7f2,
0x42dd8307,
0xcffaf7f2,
0x42dd8307,
0xcff5f7f2,
0x42dd8309,
0xcf54f7f2,
0x4e5e810b,
0x5e810bcf,
0xf44ffc48,
0xf00360fa,
0x8309cf5c,
0xf7f26ce1,
0x5609cf3e,
0x5609cfd4,
0x09cf00cf,
0x0bcfca56,
0x0bcf2956,
0x0bcf2356,
0x02fc1d56,
0x32f00320,
0x8308cfe9,
0xf7f226e3,
0x5409cf14,
0x06cffbaa,
0xf226e383,
0xcffba5f7,
0x3cec8308,
0xcf04f7f2,
0xcffe3e0b,
0x6ede8309,
0xcff8f7f2,
0xfbf26e0b,
0xf0032001,
0x560bcf06,
0x8307cfe9,
0xf7f242df,
0x06cffb7f,
0xf23cec83,
0x15fb7af7,
0x8d462a23,
0x290028e8,
0x05cf2321,
0x0bcf6544,
0x0bcfd05c,
0x810ccf5c,
0x05cfc44a,
0x09cfd85c,
0xf258e483,
0x09cfbbf7,
0xcffb515c,
0x3cec8306,
0xfb4cf7f2,
0x462a2317,
0x06cf9300,
0xf295015a,
0x0bcf37f7,
0x0bcfa25c,
0x0bcf9c5c,
0x05cf965c,
0x0bcfaa5c,
0x09cf8d5c,
0xcffb235c,
0x3aec8306,
0xfb1ef7f2,
0x5c0fcf19,
0x5c0bcf09,
0x5c0bcf74,
0x5c0bcf6e,
0x5c05cf68,
0x5c0bcf7c,
0x5c09cf5f,
0x06cffaf5,
0xf238ec83,
0x1bfaf0f7,
0xdb5c0fcf,
0x46440bcf,
0x405c0bcf,
0x3a180bcf,
0x4e5c05cf,
0x315c0bcf,
0xc75c09cf,
0x8306cffa,
0xf7f236ec,
0xf1b8fac2,
0xf0400f00,
0x231e81d5,
0x93009501,
0x4623462a,
0x548306cf,
0x0acffba9,
0xfb142888,
0x288808cf,
0xf7f225ff,
0x6609cf0d,
0x085ff04f,
0xcf05f7f2,
0xe81a6a05,
0x1e8908cf,
0xf7f226fd,
0x08cffafb,
0xfa91548b,
0xcf0e4620,
0x8c548b05,
0x20462afa,
0x29231d46,
0x0a9209cf,
0x640bcf77,
0x0acffae2,
0xfadc0c89,
0x48810acf,
0x2001fad6,
0xefeaf002,
0x7c890acf,
0x5c09cfcd,
0x4620fa63,
0x5c05cf16,
0x9501fa5e,
0xcf5e04cf,
0x4928900a,
0xb45c0bcf,
0xcf5c0bcf,
0x00808406,
0xa85c06cf,
0xbc5c05cf,
0x09cf06ef,
0xcffa9f5c,
0x1aad8306,
0xfa35f7f2,
0xcff04620,
0xcf305c05,
0x21297005,
0xcf2bf7f2,
0x07cf0a04,
0x0bcf8a54,
0x0bcf8454,
0x05cf7e54,
0x0bcf9254,
0x20fa7554,
0x05cf8546,
0x20fa0b54,
0x05cf1046,
0x09cf0654,
0x0bcf0154,
0x0bcf6054,
0x0bcf5a54,
0x05cf5454,
0xcfef6854,
0x4a508e0c,
0x830acffa,
0xf7f240ec,
0x4620fa43,
0xfb19f7f9,
0x26820acf,
0x8209cf3a,
0x20f9d026,
0x05cf0d46,
0x2af9cb76,
0xc0462046,
0xf0212923,
0x29f7f225,
0x237a0bcf,
0x1d7a0bcf,
0x177a0bcf,
0x2c7a05cf,
0x960acfef,
0xcffa0e2e,
0xa41e9008,
0x8f08cff9,
0x05cf9f2e,
0xf221290a,
0x04cf9af7,
0x5407cf0a,
0x0acff9f9,
0x8406cf54,
0x07cf00a0,
0xcff9008c,
0xef025404,
0xcf239501,
0x66e08307,
0xea8306cf,
0x6ff7f254,
0x1406cffa,
0x06cf9600,
0x0f50ea83,
0x65f7f225,
0x9508cffa,
0xa3f2404a,
0x9506cf61,
0x0bcf5b4c,
0x0061a114,
0x52f7f296,
0xa28407cf,
0x8b06cf2c,
0x05cfbc06,
0xcfeed062,
0xcf308206,
0xf7f21604,
0x8207cfb2,
0x06cf50bd,
0x05cfab22,
0x20eec022,
0x08230646,
0xf2210122,
0x02fc38f7,
0x2c462a23,
0xf2200021,
0x00f99cf7,
0x10212b22,
0x32f7f246,
0x2a2200f9,
0x2d0a05cf,
0x292200f9,
0x280a05cf,
0x184a05cf,
0x588105cf,
0x06cff987,
0x04cf7e86,
0x0bcf8136,
0x0af97b18,
0x20462a23,
0x750c05cf,
0x1e8205cf,
0x008405cf,
0x328209cf,
0x8209cf06,
0x0bcf0132,
0xcf603282,
0x5a32820b,
0x32820bcf,
0x8105cf54,
0xcfee682e,
0x327aa506,
0x228707cf,
0xe62df8e4,
0x680bb580,
0x5ca206cf,
0xfddcf7f2,
0x0acfbd80,
0xf7f148ae,
0xa009cf5c,
0xcf386978,
0x0d2caa06,
0xa8f8df46,
0x2caa05cf,
0x6884684a,
0x6828210a,
0xf7fa2600,
0xf04ffdc6,
0x68690940,
0xf7f14852,
0x4a51fb42,
0x04cf4952,
0x96fb3d0a,
0x40f1f9fb,
0xf1442646,
0x7ffb37f7,
0x4eddf72e,
0x32f7f148,
0x26686efb,
0x582e01b1,
0xfff04fd0,
0xdfe05130,
0xb1815cf8,
0x454a4846,
0xf1484549,
0x22fb23f7,
0x99210046,
0xa1f0f4fb,
0xc8f7fa44,
0x4168e9fa,
0x20464043,
0xf10b8931,
0xb9fb15f7,
0xee0f7ff1,
0xfcf8dfdd,
0xf1483b80,
0x3cfb0df7,
0x3849374a,
0x08f7f148,
0x963605cf,
0x26f0f4fb,
0xadf7fa44,
0xc13609cf,
0xf11187f3,
0x7ffaf9f7,
0x32ddee2e,
0x2e25004e,
0xf2f7f148,
0x2a4a30fa,
0xf1482a49,
0x29faedf7,
0x25463046,
0xe8f7f144,
0xf82d7ffa,
0x024b2bdd,
0x014b2b93,
0x004b2193,
0x2b4a2a93,
0x2c492b4b,
0xdaf7f148,
0xaa0acffa,
0xb0f8df2a,
0x27260080,
0x1a491a4a,
0xcdf7f148,
0x760ccffa,
0x810dcf72,
0x7ffabf2c,
0xdfddef2e,
0x008054f8,
0xf1481026,
0x1bfab7f7,
0x0d490c4a,
0xb2f7f148,
0x57360dcf,
0x2c810fcf,
0x8105cfa3,
0x6fe7a82c,
0x09cf0338,
0x387564ce,
0x14ab06cf,
0xfe03387f,
0x06cf388e,
0x389f48ce,
0x48ce1acf,
0xfe0338b3,
0x0ccf38c2,
0x4ff83cf5,
0x26014605,
0x6286af00,
0x30242310,
0xce05cf03,
0xcf460c38,
0x6e2ca30a,
0x28094064,
0x234e4d64,
0x00f8d368,
0xf2464080,
0x63f89bf7,
0x06464068,
0x160183eb,
0x092023f8,
0x2cf7f28a,
0x066863f8,
0x560c83eb,
0xdc2023f8,
0x07cf20f8,
0x08468682,
0x8b656041,
0xbc464040,
0xdb1010f8,
0x20f7f2b2,
0x033808cf,
0xcf30f893,
0xf242ce05,
0x06cf0ff7,
0x6d31063a,
0x41086b32,
0x04cf65a0,
0xd246403a,
0xb6408bb2,
0x05cf40f8,
0xcff80536,
0xf8177404,
0xb1116861,
0xd1532901,
0x46222104,
0xf8d5b2c9,
0xf852a02c,
0xf8d33b0c,
0x4658b000,
0xfd7ff7f1,
0x28004680,
0x68e3d144,
0x6823b933,
0x48226861,
0x60e268da,
0xfa09f7f1,
0x9094f8df,
0x481f68e1,
0xfa03f7f1,
0x46586863,
0x1023f839,
0xff65f7f1,
0x46066863,
0x00764658,
0x0383eb09,
0x7680f406,
0xf7f18919,
0x68e2ff5a,
0x61204330,
0xeb030853,
0xfbb01080,
0x08cff0f2,
0x6b109081,
0x0063e863,
0x0e63ab23,
0x23686148,
0x81eb0969,
0x21f85902,
0xf1689210,
0x69f9d8f7,
0xf1480a6b,
0xe9f9d4f7,
0xf148096b,
0xcff9d0f7,
0x4f3ccb06,
0xf938fff0,
0x03240ce7,
0xcf38d3fe,
0x0378ea06,
0xb30acf39,
0x03385000,
0xc18307cf,
0xfeb9115c,
0x98ff5cf7,
0x212300bd,
0xff461a46,
0xcffa7bf7,
0x2cf38106,
0x46834ff8,
0x680b460d,
0xe893af00,
0x695b0210,
0x4649b11b,
0xf7f94620,
0x4620f97c,
0xf7f14e46,
0x08cfffd8,
0xf8df368a,
0xf7f1a10c,
0xa207cf71,
0x07f7f112,
0x68a007cf,
0xcf02f7f1,
0xf168a007,
0x09cffdf7,
0xf7f12c9b,
0x9f09cf5c,
0x56f7f120,
0x209f09cf,
0xff50f7f1,
0xf0022001,
0x06cfec64,
0xf15adc81,
0xcffed3f7,
0x5cc9830a,
0xdb1004cf,
0x2004cffe,
0x6869ec54,
0x064c04cf,
0x910181eb,
0xb12060f8,
0xf11070f8,
0x69ff32f7,
0x6bea4f68,
0xcf462003,
0x40c88306,
0x1021f83a,
0xff27f7f1,
0xfa5f686b,
0x4620f28b,
0x0a83eb0a,
0x1008f8ba,
0xfeb8f7f1,
0xce07cf69,
0x0a008058,
0x3e04cf6e,
0x24d208cf,
0xb2db4620,
0xff0df7f1,
0x027ff068,
0xb88306cf,
0x7604cf16,
0x7605cfa0,
0x4620ec1a,
0xf83ff7f9,
0x4649682b,
0x689a4620,
0xff60f7ff,
0xf7f84620,
0xcfff00cf,
0xff082404,
0x8e8208cf,
0x03240c5c,
0x5c8205cf,
0x460db5f8,
0x680b4c15,
0x6908af00,
0xf7ff681e,
0x4630ff57,
0xff3ef7f1,
0x6d6b686a,
0x0182eb04,
0x2022f814,
0x8a096a08,
0xcf304083,
0xfed27605,
0x4630686b,
0x0483eb04,
0x6d226d6b,
0x1040f8b4,
0xf8944093,
0x04cf2030,
0xcffec41c,
0xfed63c04,
0xcf92f7fa,
0xcf1cea05,
0xb5806404,
0x68b9af00,
0x435a68cb,
0x09924358,
0x00d0eb02,
0xcf25f7ff,
0xcf5ab805,
0x7156830a,
0x01bd98fe,
0xff462122,
0x98f991f7,
0x900000bd,
0xad4b17b5,
0x007d11f5,
0x3b4c16af,
0x7b4b1666,
0xbb4b1666,
0xfb4b1666,
0x3b4b1666,
0x7b4b1667,
0xbb4b1667,
0xfb4b1667,
0xc74b1667,
0x783080f8,
0x59f7fa60,
0xbb2300fb,
0x0168bb60,
0x08a907cf,
0x46bd7711,
0xcf22bd90,
0x607ea805,
0xf9f7fa00,
0x0168bbf9,
0xed60bb33,
0x5dbf00e7,
0x60fe0334,
0xa5fe0338,
0x8dfe0332,
0xb006cf32,
0x0337957c,
0xcf327bfe,
0x3550cc0a,
0x99fe0337,
0xa1000005,
0x98000005,
0xa0000005,
0x63000005,
0x09cf6b6c,
0x302b9381,
0x4b430073,
0x0ac806cf,
0x6fca05cf,
0x53ca0acf,
0x5b393935,
0xcf295d37,
0xcf380f0a,
0xcf37ca06,
0x311dca0c,
0x2034362f,
0x0acf4955,
0xcf314125,
0x3041340d,
0xcf3407cf,
0x6311e409,
0xe407cf61,
0xcf6b630f,
0xcf0fe41c,
0xcf03b208,
0xcf7b1204,
0x2c5fcb09,
0xef8107cf,
0x5505cf5f,
0xb109cf7d,
0x8108cf7e,
0x08cf20a3,
0xcf0478a9,
0x5097830b,
0xcf1c04cf,
0x50a38108,
0x78a908cf,
0x052804cf,
0xf3820bcf,
0x830ccf5c,
0x04cf0498,
0x3c08cf04,
0x848208cf,
0xe308cf48,
0x3404cf68,
0xcf0404cf,
0x04cf3c08,
0xab0ccf04,
0x5804cf20,
0xcf0404cf,
0xcf088108,
0x04cf0404,
0xab08cf04,
0x140ccf20,
0x2cbd0ccf,
0x812881cf,
0x0ecf0c92,
0xf7f96cbb,
0x4803ff37,
0xcf50f7f0,
0x907cff07,
0xcf7020bd,
0xf92cc70c,
0xcffef5f7,
0xcf402004,
0x08cf200d,
0xf7f05090,
0xbf09cf34,
0x0347c518,
0x900ccffe,
0x07cf9f7a,
0xff6cbc82,
0xcffff4f7,
0x0058e006,
0x39689baf,
0x00fb036a,
0x00f8d120,
0x4a6b0bc0,
0x70e89c6b,
0x14f8dc00,
0x02fb1080,
0x806c4b30,
0x814798b2,
0x348905cf,
0x4620fd45,
0xfe23f7f8,
0x0ffff018,
0x4629d003,
0xdb0e04cf,
0x09cf4bfe,
0x2868a083,
0x1204cffe,
0x04cffdac,
0x05cfe52c,
0x05cf5afe,
0x884f54e0,
0x85460646,
0x0d2200b0,
0xd8af0421,
0xfa0000f8,
0xd8f962f7,
0xd84030f8,
0x503034f8,
0x6268b625,
0xdcf8df1c,
0x2946a1a0,
0x05482a49,
0x5e2503fb,
0xd3f7f043,
0x2b45a9fe,
0xc8f8dfdb,
0x2546a1b0,
0x0af04f48,
0xc9f7f00a,
0x214924fe,
0xc5f7f048,
0x2845a9fe,
0xb0f8dfdb,
0x0af04fa0,
0xf0481e09,
0x1efebcf7,
0xf0481b49,
0xacfeb8f7,
0x1cdb2442,
0x1c93024b,
0x1c93014b,
0x1c93004b,
0x1d4b1d4a,
0x2404cf49,
0xbe07cfaa,
0xf0e8bd36,
0x44f8d88f,
0x89fa1f30,
0x014798f0,
0xb1465046,
0x9bf7f044,
0x07cfc6fe,
0x0a508681,
0xcf9211fb,
0xfe921204,
0xf8d8e7cb,
0x46501038,
0x44344361,
0xfbb13105,
0xf7f0f1f9,
0xe7cdfe87,
0xcf0347cb,
0x84588205,
0xdffe02d7,
0xf3fe0347,
0x8116cf47,
0x08cf2882,
0x47d52890,
0x47e9fe03,
0x47fdfe03,
0x6ccd06cf,
0xb084460d,
0xaf04684a,
0x8008f8d0,
0xf3002a07,
0x688b80c7,
0x6828210b,
0x4e642b02,
0x210cbf08,
0xf8d2f7fa,
0x6828686b,
0x0243eb06,
0x78516840,
0x2013f816,
0x4433009b,
0xf0402800,
0x691b80a0,
0xf7f0485b,
0x686bfe43,
0x04cf485a,
0x194b5a22,
0x50f8b246,
0x39f7f020,
0x5c682bfe,
0x402c0068,
0x6b808ff0,
0xa1f24068,
0x43eb0662,
0x50f8b303,
0x04429330,
0xa4f240d0,
0x40429362,
0xdf8082f0,
0x4f917cf8,
0x940a40f0,
0x48f1fafb,
0x02444446,
0x1bf7f031,
0xc0f5b4fe,
0x47dbf57f,
0xf0240048,
0x6bfe14f7,
0x5cf8df68,
0x05cf4591,
0x05cf4162,
0xf0206062,
0x62fe08f7,
0x02692942,
0x04023ff0,
0x888107cf,
0x4004cf40,
0x0b894359,
0xfdfaf7f0,
0xee4204cf,
0x05cf37db,
0x6bfdf342,
0x04cf3668,
0x4b32063e,
0xf8b64619,
0x4e342070,
0xfde8f7f0,
0x304010cf,
0xc14005cf,
0xf01187f3,
0x05cfd9f7,
0x29dbed42,
0x2524004e,
0xd1f7f048,
0x224a28fd,
0xf0482849,
0xcffdccf7,
0x10a5810a,
0x898106cf,
0xf0444416,
0x05cfc1f7,
0x20dbf130,
0x2093024b,
0x2093014b,
0x2093004b,
0x214b214a,
0xf0482249,
0xabfdb2f7,
0x052b0268,
0x204b20d1,
0x05cf214a,
0xfda93884,
0xe0122000,
0xe75e6b1b,
0xf8df2400,
0x0ccf9078,
0xf7f00482,
0x4e05cf9a,
0xcf7ddbf6,
0x3afd8106,
0x08cf05cf,
0x46dcbf00,
0x4806fe03,
0x4815fe03,
0x30b706cf,
0xfe02d784,
0xfe03482d,
0x0acf4844,
0xcf752094,
0xcf24940b,
0xf344b714,
0x05cf0347,
0x47cb2884,
0x485dfe03,
0x89810dcf,
0x4604416c,
0x0801f04f,
0xf8c02308,
0x62c38028,
0x6943af00,
0x3024260b,
0x08cf6006,
0x225034c6,
0x81ccf8c4,
0x7ef906cf,
0x64202300,
0x682a6463,
0x45426852,
0x06cfd13c,
0x05cf46f8,
0x6e613cc5,
0xc608cf23,
0xe6211e30,
0x18682b6a,
0x9af7f168,
0xe86cabfa,
0x2b479861,
0xc36b6a6b,
0x030301f1,
0xf2fbb344,
0x93220af3,
0x1cc605cf,
0x3311fb06,
0xf1f2fbb0,
0x260063e3,
0x69eb63a6,
0x04f806cf,
0xb292480f,
0xfd15f7f0,
0x480d6b61,
0xfd11f7f0,
0x480c6be1,
0xfd0df7f0,
0x480b6ba1,
0xfd09f7f0,
0x28b806cf,
0x32f914cf,
0xbf00e7c0,
0x0ecf486e,
0xe92d18de,
0x461d4ff0,
0xb0834680,
0xaf00681b,
0xe893468b,
0x607a0410,
0xb11b695b,
0x8805cf51,
0x20fcbd3c,
0xf14e6646,
0xcffb19f7,
0x5f14a608,
0xf1f888fa,
0xcffab2f7,
0xf14ca806,
0xcffa48f7,
0xf118a606,
0xcffa43f7,
0xf118a606,
0x09cf3ef7,
0xf7f1749d,
0x08cffa9d,
0xf7f152a2,
0x180bcf97,
0x2001fa91,
0xefa6f001,
0x221f686b,
0xeb064620,
0x46430143,
0x1050f8b1,
0xfa84f7f1,
0x685b682b,
0x686bb1bb,
0xcfd4f46f,
0x13208609,
0x0d2b0544,
0x03e8dfd8,
0x790c7cf0,
0x4f030c72,
0xf01308ea,
0xf0f00322,
0x05cf5f03,
0xcffa6950,
0xef429208,
0xdd8309cf,
0x20468124,
0xe0f8df46,
0xf5f7f180,
0x6e04cff9,
0x686aef6e,
0x04cf2300,
0x1801826e,
0xb12022f8,
0xf11080f8,
0x6afa4cf7,
0x4c930bcf,
0x0142eb06,
0xf8b12280,
0xf7f11060,
0x08cffa3f,
0x06cf5093,
0x10700681,
0xf9d0f7f1,
0xf8586869,
0x00892021,
0x440e4488,
0x0020f8d8,
0x810bcfb6,
0x06cf5c84,
0xfa235493,
0x930dcf69,
0x05cfb654,
0x20ef307e,
0x55f7f846,
0x2a68abfb,
0x1a2b0268,
0x51687bd1,
0x20689246,
0x5df7ff46,
0x2604cffb,
0x0acffa1d,
0xcf4c8a82,
0xfd5e810a,
0x43e78f21,
0x8b220f46,
0xf70605cf,
0x516892e7,
0x4a8b05cf,
0xe7e4fa58,
0x7c8506cf,
0x06cf3930,
0x46993489,
0xaf004616,
0x689a2540,
0x46884682,
0x6a3c4631,
0xfbadf7f9,
0xf8d94631,
0xfb902008,
0x4650f5f5,
0xfba5f7f9,
0x95810acf,
0x5869267c,
0x234258bf,
0x46685b68,
0x7309b643,
0x116862b9,
0x42eb034b,
0xa1f24003,
0x8906cf62,
0x07cf0312,
0xd1001289,
0x68a33502,
0xd10d2b02,
0x6c636be2,
0x0028f832,
0x46234798,
0x06cf4602,
0xdd18c582,
0x8106cffe,
0x4623228b,
0xcff52200,
0xf8148107,
0x144606b5,
0x00689346,
0x222b02af,
0x0a6bd2d1,
0x3804cf25,
0x47980020,
0x46014a11,
0xf7f04811,
0x6be3fbb4,
0xf8534810,
0x4b0c2026,
0x898108cf,
0xa9f7f04e,
0xa16be3fb,
0x534a086b,
0x093026f8,
0xb1435948,
0xf0f1f5fb,
0x05cf9ef7,
0x49020895,
0xf7f04806,
0xe7f8fb98,
0x2cca06cf,
0x810bcf73,
0x07cf4889,
0x054f149f,
0x89460c46,
0x00688bb0,
0xa8f8dfaf,
0x9e2b0282,
0x15bf084e,
0x01bf1823,
0x08628323,
0x3062c323,
0x24f84023,
0x09cf6b3f,
0xcf22ad81,
0xcf26ea0a,
0x90709b05,
0xf7f14648,
0x6863f9a3,
0xeb084648,
0xf8360283,
0xf8921023,
0xf7f12040,
0xf8d4f933,
0xeb08c004,
0x6e19038c,
0x41086c1a,
0xfa2262a0,
0xcf48f301,
0x363a9b05,
0xdb102cf8,
0xf14e85b2,
0x05cf27f7,
0x08009b3a,
0x330203eb,
0x5aea05cf,
0x10a0f8b3,
0xf914f7f1,
0x00896861,
0x44314488,
0x20a0f8d8,
0x10a0f8b1,
0x62e04110,
0x0080f8d8,
0x5ee908cf,
0x04cfb2db,
0xcff9077a,
0xf9190604,
0x0ec0f106,
0xf8d546bc,
0xe8bea02c,
0xe8ac000f,
0xe89e000f,
0xe88c000f,
0x06cf000f,
0x6863169d,
0x8106cf07,
0x4839268b,
0x09cf2446,
0x2000c783,
0x02464002,
0x040383eb,
0x130210f1,
0xf01c20f8,
0x81fe6cf7,
0xea280046,
0xcf6923d1,
0x5d269c06,
0x2268da48,
0xf6f7f061,
0x05cf21fa,
0xfaf2228d,
0xf7f14640,
0x06cff92b,
0x05cf289d,
0xf1106886,
0x63f84ff7,
0x8106cf68,
0x08cf7288,
0xf1106016,
0x63f844f7,
0x40468368,
0x4bea4f46,
0x1604cf0b,
0x7b80f40b,
0x128606cf,
0x6823f837,
0x0000ea4b,
0x696261a0,
0x68590180,
0x29006923,
0x6861d163,
0x6ca1f240,
0x0141eb06,
0x1050f8b1,
0x05cf4561,
0x616c4c84,
0x00d15645,
0xb00053eb,
0x02f0f3fb,
0x026380f1,
0x83eb003b,
0xfafb9313,
0x12fb0af2,
0xeb636a33,
0x0268a363,
0x1ed15c2b,
0xf1464021,
0xa3f80af7,
0x9861e06c,
0x3cf8d447,
0xdc4680c0,
0x833000f8,
0x1bd33d42,
0x40f8d41a,
0x012000e0,
0x38457121,
0x6363a8db,
0x28696268,
0x8108cf48,
0x87f7f040,
0x256863fa,
0x588d05cf,
0xf8b669a3,
0xf8b62070,
0xf7f01060,
0x04cffa7c,
0x0ad10a5a,
0x1f69e322,
0x06cfb848,
0x898232e7,
0xf0b292b2,
0x69fa6ef7,
0xf0481b6b,
0xe9fa6af7,
0xf0481a6b,
0xa9fa66f7,
0xf048196b,
0x4efa62f7,
0x8107cfe7,
0xeb03f32e,
0xe7aa1382,
0xe7c01ac3,
0x2021f85c,
0xd8074590,
0x0208eba2,
0xda01429a,
0x46134608,
0xe7b83101,
0x0202eba8,
0x2200e7f6,
0x469063aa,
0xbf00e7b4,
0xfe03477c,
0xfe0346dc,
0x06cf4893,
0x60a2109e,
0x48bffe03,
0x10cffe03,
0x3930048b,
0xf605cf03,
0x00680b24,
0x8b681eaf,
0x0b2b0268,
0x0ad12f46,
0x6069a17f,
0x2ef7ff69,
0xf14630fd,
0x15f859f7,
0xa368614d,
0x81eb056a,
0x926e1002,
0x832040f8,
0xdb481140,
0x21f830b2,
0xf0463010,
0x62ffeaf7,
0x306aa368,
0x15009246,
0x05cfd544,
0x490b76f5,
0x4411b2db,
0xcf80f895,
0xf0708405,
0xcfffd9f7,
0xffeb2804,
0xcfa7f7f9,
0x001ce905,
0x00e7ce22,
0x7c04cfbf,
0x288108cf,
0x4b3fb5b0,
0x6d82f5ad,
0x4c3eaf00,
0x653b4d3e,
0x657b4b3e,
0x65bb4b3e,
0x663b4b3e,
0x667b4b3e,
0x66bb4b3e,
0x66fb4b3e,
0x65fc4b3e,
0xf8c7673b,
0xf8c7423c,
0x4c3c3250,
0xf8c76843,
0x4c3b4240,
0x5230f8c7,
0x4244f8c7,
0x4c3a4d39,
0x5234f8c7,
0x4248f8c7,
0x4c394d38,
0x5238f8c7,
0x424cf8c7,
0x60f96078,
0xb943613a,
0x29013901,
0x4a34d815,
0x48354934,
0xf9b0f7f0,
0x2b01e7fe,
0x2364d120,
0x2304637b,
0x230b63bb,
0x4b3063fb,
0x2315643b,
0x4b2f647b,
0x4b2f64fb,
0xf7f964bb,
0x68fbfc4d,
0xbc8206cf,
0x1760bb26,
0x394a26d1,
0x0cf5071d,
0xf1f7f970,
0x072000fa,
0xbd6782f5,
0x96bdb046,
0x06637b23,
0xfb63bb23,
0x07cf2363,
0xfb4b2240,
0xde4b2264,
0xba4c1ae7,
0xe92a0768,
0xd3693bdc,
0x0507db40,
0x9c06cfd5,
0xf9005050,
0xcffad1f7,
0xee509c06,
0x39bf00e7,
0x9c06cf42,
0x033e8d44,
0x033c81fe,
0x0341c5fe,
0x034135fe,
0xcf3b05fe,
0xf5509c0a,
0x0ffe0344,
0xf5fe033b,
0x71fe033a,
0xbdfe033b,
0xddfe033a,
0x99fe033a,
0xecfe033a,
0xbcfe0348,
0x8106cf47,
0x39f0688c,
0x5af3fe03,
0x958106cf,
0x033a441c,
0x07cf35fe,
0x18009781,
0x0e17141b,
0x0a0d0c13,
0x0209040b,
0x13010003,
0x20fe0349,
0x37fe0349,
0x4ffe0349,
0x57fe0349,
0x64fe0349,
0x78fe0349,
0x81fe0349,
0x8afe0349,
0x490404cf,
0x498dfe03,
0x499afe03,
0x49adfe03,
0x49c0fe03,
0x49cdfe03,
0x49e0fe03,
0x06a8fe03,
0x06a606a7,
0x06a406a5,
0x06a206a3,
0x05ab06a1,
0x05a505a9,
0x05a305a7,
0x059f059d,
0x05aa059b,
0x05a405a8,
0x05a205a6,
0x059e059c,
0x0869059a,
0x04cf0000,
0xc510cf04,
0x0808cf68,
0x04cf0024,
0x0808cf04,
0xcf1010cf,
0x7c858106,
0x9c0bcf08,
0x0fcf0554,
0x6d637cc6,
0x8109cf64,
0x73305a85,
0x31524d00,
0x8106cf32,
0x07cf6e83,
0x2016e083,
0x8106cf20,
0x41430c84,
0x05cf2529,
0x25646bd9,
0x140bcf25,
0x8108cf56,
0x00204c82,
0x5b444d43,
0x253a6425,
0x25205d64,
0x9f06cf73,
0xc811cf20,
0xc807cf22,
0xea10cf43,
0x13cf3605,
0x3005cf17,
0x06cf7334,
0x05cf1881,
0x0505cf05,
0x6b9e0acf,
0x12cf6163,
0x323c8281,
0x828108cf,
0x9f09cf3c,
0x70726740,
0xcf5f6425,
0xcf2c9f09,
0xcf3c9f37,
0xcf3ad10a,
0x12928307,
0x06cf444d,
0xcf758381,
0x27c48107,
0x34524444,
0x544f4e5f,
0x5055535f,
0x54524f50,
0x30474200,
0x2c36412c,
0x412c3041,
0x434e0038,
0x4e455428,
0x434e2c29,
0x31474228,
0x37412c29,
0x3331412c,
0x2c344100,
0x522c3241,
0x2c4e5341,
0x2c304142,
0x2c4e4557,
0x4e534143,
0x31314100,
0x54444f2c,
0x31534300,
0x433304cf,
0x2931454b,
0x32314100,
0x2c33412c,
0x2c303141,
0x412c3541,
0x39412c31,
0x54434100,
0x313b04cf,
0x30534300,
0x454b432c,
0x434e0030,
0x52444400,
0x41435f42,
0x303a355b,
0x0d07cf5d,
0xcf2c3153,
0x454b0906,
0x1308cf31,
0x1309cf30,
0x1304cf30,
0x330ccf41,
0x3308cf41,
0x3309cf41,
0xcf1304cf,
0x05cf3305,
0x00003013,
0x009e0acf,
0xfa1ff7f1,
0x06cfbd80,
0x0d149981,
0x02b08346,
0x28f8d7af,
0x00f8d990,
0x1e695a30,
0x59b11a68,
0xf7463068,
0xcfff71f7,
0xfa5f1204,
0x685af888,
0xf0002a00,
0x681c83c5,
0x0b5ff04f,
0x9008f8d3,
0x0afdf04f,
0xf7f04620,
0xbe09cfbf,
0x5af7f050,
0x50be07cf,
0xcff0f7f0,
0xf07cbd07,
0x07cfebf7,
0xf7f07cbd,
0xb809cfe6,
0x45f7f05e,
0xa08409cf,
0x3ff7f076,
0x46bf09cf,
0xfd39f7f0,
0xf0012001,
0x08cfea4e,
0xf7f072bc,
0x5409cf30,
0x5409cfc6,
0x5409cfc1,
0x540bcfbc,
0x540bcf1b,
0x540bcf15,
0x5405cf0f,
0x08cfea24,
0xf7f050be,
0xbe09cfa1,
0x9bf7f050,
0x50be09cf,
0xcf95f7f0,
0xf050be09,
0x05cf8ff7,
0x459950be,
0x50be12cf,
0xcfe6f7f0,
0x5f50be0b,
0xf0f985fa,
0x0bcfddf7,
0x25ff52be,
0xcfd5f7f0,
0xf054be0b,
0x01fccef7,
0xe2f00120,
0x4a4643e9,
0x05cf0046,
0xcf5b1481,
0xf054be09,
0x07cfbff7,
0xf7f02abd,
0x8109cf55,
0x09cf5062,
0xcf4b6281,
0xaa62810b,
0x7ebd09cf,
0xcfa4f7f0,
0xcf9e180b,
0x0154be05,
0x09cfb2f0,
0xf7f054be,
0x5609cf94,
0x5609cf2a,
0x5609cf25,
0x3e0bcf20,
0x560bcf7f,
0x180bcf79,
0x2002fc73,
0xcf88f001,
0xf07ebd09,
0x09cf6af7,
0x07cf0054,
0xf07aa184,
0x09cffbf7,
0xf7f054be,
0x3e0bcf5a,
0x00c00acf,
0xc00bcff0,
0x48f7f000,
0x0c8205cf,
0x560bcf5c,
0x5609cf3f,
0xbe07cfd5,
0xd0f7f054,
0x15462afb,
0x76ba07cf,
0x46234620,
0xcfbbf7f0,
0xcf26440b,
0x0ccf5c0b,
0xcf1a4a81,
0xcf2e5c05,
0xcf115c0b,
0xcfa75c09,
0xf054be07,
0x2afba2f7,
0x56c909cf,
0x8d5c06cf,
0xf8440bcf,
0x1cbd09cf,
0xcff2f7f0,
0xf036bc09,
0xcffbecf7,
0xcf005c04,
0xcfe35c0b,
0xf01cbd07,
0x07cf79f7,
0xf7f054be,
0x5c05cf74,
0x16cb06cf,
0x5f5c06cf,
0xca5c0bcf,
0xc45c0bcf,
0xbe5c0bcf,
0xd25c05cf,
0x78bd09cf,
0xcfb5f7f0,
0xfb4b5c09,
0x54be06cf,
0xcf46f7f0,
0x06cf5c05,
0x06cf02cf,
0x0bcf315c,
0x0bcf9c5c,
0x0bcf965c,
0x05cf905c,
0x0bcfa45c,
0x09cf875c,
0xcffb1d5c,
0xf054be06,
0x05cf18f7,
0x0bcf1e5c,
0x0bcf035c,
0x0bcf6e5c,
0x0bcf685c,
0x05cf625c,
0x0bcf765c,
0x09cf595c,
0xcffaef5c,
0x08ab8406,
0xfaeaf7f0,
0x1d5c04cf,
0xd55c0bcf,
0x40440bcf,
0x3a5c0bcf,
0x34180bcf,
0x485c05cf,
0x2b5c0bcf,
0xc15c09cf,
0x8406cffa,
0xf7f006ab,
0x5c05cfbc,
0x42be06cf,
0xa75c06cf,
0x12440bcf,
0x0c5c0bcf,
0x06180bcf,
0x1a5c05cf,
0x8408cfe8,
0xf7f030aa,
0x06cffafd,
0xf004ab84,
0xcffa93f7,
0x04ab8406,
0xcf8ef7f0,
0xf06a9e07,
0x09cf89f7,
0xf7f0529e,
0x9e09cfe8,
0xe2f7f06a,
0xdc180bcf,
0x002001fa,
0xcfeff0f0,
0xfad3540a,
0xab8406cf,
0x69f7f004,
0x8406cffa,
0xf7f004ab,
0x5409cf64,
0x3c0bcf5f,
0x540bcfbe,
0x180bcfb8,
0x5405cfb2,
0x0acfefc6,
0xf004ab84,
0x0bcfa8f7,
0xf7f044be,
0x4620faa1,
0xfb77f7f7,
0x26820acf,
0x08cffa98,
0xfa2e2682,
0x248708cf,
0xcf2afa29,
0x2042be05,
0xf025f046,
0x0bcf87f7,
0x0bcf8162,
0x0bcf7b7a,
0x05cf7518,
0xcfef8a7a,
0x6c50880a,
0x0ca107cf,
0xcf02f7f0,
0xf00ca107,
0x05cffdf7,
0x05cf60bc,
0x09cf3686,
0xf7f07abb,
0x540bcf57,
0x540bcf51,
0x5405cf4b,
0xbe05cf60,
0x840acf44,
0xb00012a9,
0xcfcdf7f0,
0xcf44be05,
0x10a9840a,
0x250fa000,
0xcfc2f7f0,
0xcf32be05,
0x4ab78407,
0x2a06cf95,
0x1407cfb8,
0x1408cfa1,
0x05cff0a0,
0x08cf1ec2,
0xf7f048be,
0x6605cf18,
0x0acfef2c,
0xf00aa984,
0x07cf0ef7,
0xcf40c284,
0xcf072206,
0xef1c2205,
0x464a4643,
0x8a07cf01,
0xbe08cf2c,
0x8105cf48,
0xbe05cf4a,
0x8ef7f048,
0x48be07cf,
0xcf89f7f0,
0xf048be07,
0x09cf84f7,
0xf7f030be,
0xbe09cfe3,
0xddf7f048,
0xd7180bcf,
0x48be05cf,
0x748106cf,
0x4e05cfd1,
0x670a04cf,
0xcf4e05cf,
0xcf368605,
0x5d368209,
0x36820bcf,
0x4e07cfbc,
0xb60c04cf,
0x60be09cf,
0xf9b0f7f0,
0xf0002001,
0x4630eec4,
0xcfbff7f0,
0xbd10f507,
0x2b8ff0e8,
0xa106cf01,
0x6bf2403a,
0x1c04cf71,
0x2805cf9c,
0xf44feeb0,
0x04cf61a6,
0x09cf1f10,
0x460420a3,
0x271004cf,
0xa02005cf,
0x07cf43ee,
0xcf5cee83,
0xcf821404,
0xee961405,
0xa209cf64,
0x1604cf48,
0x1605cf12,
0xf8d9ee8c,
0xe8933000,
0xf7fe0007,
0xe7bff9d5,
0x4603b580,
0xb0822200,
0x9100af02,
0x69006941,
0xcfe0f7ff,
0xcf48df05,
0x10d28108,
0x4e0b2400,
0x8030f8df,
0x4b094602,
0x4605af00,
0x46194808,
0xfb74f7ef,
0xdb0242ac,
0x66e006cf,
0x46404631,
0xfb6bf7ef,
0xcff43401,
0xb05ca007,
0xbbfe0353,
0xf0fe0353,
0x13460bb5,
0x00b0854e,
0x04210e22,
0x184605af,
0xf8240068,
0x0ffdd4f7,
0x4093034b,
0x030205f6,
0x6bf24023,
0x1ce88d71,
0x07230400,
0xef480b22,
0x2bfb48f7,
0x06429c68,
0xef4809db,
0xcffb42f7,
0xf0168206,
0x304621bd,
0x3af7ef46,
0xef3401fb,
0x07cf1de7,
0x53c04cbd,
0x20ad06cf,
0x4604b5f8,
0x680b2201,
0x2500af00,
0x2310681e,
0x628362c2,
0x3f24f840,
0xa28108cf,
0x6509405e,
0x0f642064,
0xccf8c422,
0x8208cf51,
0xf0f8eb20,
0xcf636022,
0xe4628208,
0x07f3c0f8,
0x2863a010,
0x05cff846,
0x240078b6,
0xb0fb4b0f,
0x60bbaf00,
0x60fb4b0e,
0x613b4b0e,
0x61bb4b0e,
0x61fb4b0e,
0x623b4b0e,
0x62bb4b0e,
0x627c617c,
0xf7f86078,
0x1d39fda1,
0xf1074a0b,
0xf7f80008,
0x4620fc4b,
0xcff6f507,
0xf172b605,
0x8dfe0352,
0x4dfe0352,
0x05fe0352,
0xf5fe034a,
0x9a06cf49,
0x03523104,
0x0353a4fe,
0x667874fe,
0xcf6f6669,
0x326b9707,
0x25783073,
0x44fe06cf,
0x06cf3231,
0x33429b81,
0x9708cf78,
0x0e0dcf3d,
0x3031250a,
0x8207cf73,
0x04431cc9,
0x07cf3246,
0xcc6ebe81,
0xd7810bcf,
0x84f7f036,
0xd46823f8,
0x191405cf,
0xb8f8df1d,
0xb8f8df90,
0xcf4e2880,
0x23251e05,
0x2204cf7d,
0x6822f873,
0xf8596963,
0xf8581022,
0x59490022,
0xf856408b,
0x5d421022,
0x04cfb2db,
0x045b4938,
0x2604cf35,
0x2d24f860,
0x4d1bd1ea,
0xcf21221f,
0xf8945005,
0x08cf3038,
0x0bcf5264,
0x1804cf64,
0x2cee06cf,
0xf846f7f0,
0xcf204910,
0xa2301a04,
0x20f81169,
0xef681810,
0x0cfefff7,
0xe21407cf,
0x1408cf6b,
0x04cffef5,
0xf7681810,
0xbdf96df7,
0xf083f8e8,
0x30fe02ef,
0xe8fe02f0,
0x40fe02e6,
0x08fe02f0,
0x10fe02e7,
0x20fe02f0,
0x8106cff0,
0x4d4250bf,
0x30ccf8d1,
0xcf18af00,
0xcf3e8105,
0x48d8810a,
0x63a36b23,
0x63e36ae3,
0xff76f7ff,
0xfa05cf3a,
0xccf8d44a,
0xf108cf00,
0x0bcf3712,
0xf7ef12f1,
0x4a34fff8,
0x6a236821,
0xfa05cf33,
0x2804cf6c,
0xcf314093,
0xef6efa0d,
0x2effe6f7,
0x6c2404cf,
0x240bcf2d,
0x240fcf2b,
0x4a28ffd4,
0x6c636821,
0x240bcf27,
0x240fcf25,
0xcf22ffc2,
0x216a2404,
0x1f240bcf,
0xb0240fcf,
0x214a1cff,
0xcf6ca368,
0x62818106,
0xcf2406cf,
0x6481810e,
0xff9ef7ef,
0x288206cf,
0xffaef7ef,
0xfc6af7f8,
0xbdb02000,
0xfe02f070,
0xfe02f050,
0xfe02f060,
0xfe02f080,
0xfe02f0a0,
0xfe02f090,
0xfe02e718,
0xfe02e738,
0xfe02e728,
0xfe02e748,
0xfe02e768,
0xfe02e758,
0xfe02f0b0,
0xfe02f0d0,
0xfe02f0c0,
0xfe02e778,
0xfe02e798,
0x06cfe788,
0xcc2cc081,
0x0cea07cf,
0xcf04f7f0,
0x2cc08109,
0x4692461d,
0x4681af00,
0x6a3c4688,
0xcf7e04cf,
0xf714ea08,
0xcff956f7,
0x26401004,
0xf7ef6818,
0x4b1effb0,
0x465168aa,
0xfb006818,
0xf7f89002,
0x4651f918,
0xf0f6fb90,
0x46486160,
0xf7f868aa,
0x4a17f910,
0xf0004243,
0xf003003f,
0xf04f033f,
0x06cf0100,
0x1002da81,
0xea68ab68,
0x03fb0068,
0xfef7f880,
0xcf2100f8,
0x63a03404,
0x68ea4640,
0xf8f6f7f8,
0xc0810ecf,
0x2063e05a,
0x89f7ff46,
0x2c8407cf,
0xcf2cf7ef,
0x0ac08107,
0xf0e0bf00,
0xe7a8fe02,
0x60b006cf,
0x4a244690,
0xb0844605,
0x460c688b,
0x6810af04,
0x68ca2640,
0xfb002100,
0xf7f85003,
0x68e4f8cd,
0xf6f6fb90,
0xf3f4fb95,
0x5313fb04,
0xb95d435c,
0x1000f8d8,
0x1d0b4a18,
0xf8524818,
0xf8523023,
0x49172021,
0xf90cf7ef,
0xd11d2e01,
0xd1152c20,
0x48144a13,
0xf7ef4611,
0x4b13f903,
0x2000f8d8,
0x9102490f,
0x94009401,
0xf305cf10,
0xef46322a,
0xcff8f6f7,
0x66958108,
0xd1032c28,
0x480b4a07,
0xe7e64611,
0x480a4905,
0xf8e8f7ef,
0xbf00e7e3,
0x06cfe7a8,
0xcf6c4c85,
0x48d88107,
0xfe035fa1,
0xfe02e7cc,
0xfe035fbd,
0xfe035fac,
0x08cf5fb8,
0x4b5128b6,
0x7eea06cf,
0x00ccf8d5,
0x681c2103,
0xfb45f7f8,
0xf04f6829,
0x484b0940,
0xf8c1f7ef,
0x484b494b,
0xf7ef01a4,
0x4e4af8bc,
0xf5044948,
0x48497880,
0xf8b5f7ef,
0x4848682b,
0xa168f8df,
0x3023f856,
0xf7ef6819,
0x682bf8ac,
0x04cf4845,
0x1946260e,
0xa4f7ef6a,
0x42493cf8,
0xa0f7ef48,
0x3d4546f8,
0x264840db,
0x9af7ef46,
0x294a3ff8,
0x34f8df68,
0x524b3591,
0x3d2021f8,
0x4a8b05cf,
0x4546f88f,
0xcf38db33,
0xf8892205,
0x2205cf39,
0xcf2d90ec,
0xcf362205,
0xf87e2205,
0xdb314546,
0x68294a34,
0xcf274d34,
0xcf331805,
0xf8721805,
0xcf354544,
0x50db8115,
0xcf64f7ef,
0x87248208,
0xf1f9fb96,
0xf7ef4650,
0x3608f85b,
0xcf72e7b8,
0x061eb607,
0x5eb609cf,
0x43593608,
0xf7ef0b89,
0xcfbaf84b,
0xf3c11e17,
0xf7ef1187,
0xcfbbf83b,
0x34db8113,
0xf82ff7ef,
0xf0e0e7bb,
0xcfebfe02,
0xf96c8207,
0x05cf035f,
0x60094c88,
0x6015fe03,
0x054efe03,
0x1b06fe03,
0x2c8c06cf,
0xfe02f18c,
0xfe036029,
0xfe02f19c,
0xfe036042,
0x06cff1ac,
0x5b4cdb81,
0xb51ecf60,
0xcf602360,
0x48988108,
0x24ae06cf,
0x810fcf87,
0x08cf6cb7,
0xd144fa81,
0x5b30ccf8,
0x96b94368,
0x0a220449,
0x0b499660,
0x0a499660,
0x134a9660,
0x21232060,
0x05626b46,
0xab0024f1,
0xeb230862,
0xcf632b62,
0x2246ae09,
0x646a2301,
0xf8c52140,
0x094021dc,
0x11d4f8c5,
0x52ae06cf,
0x31d0f8c5,
0x31d8f8c5,
0x9264f8df,
0x30ccf8d4,
0xf8df4e85,
0x68188260,
0xfdf2f7ef,
0x128b05cf,
0x21f81930,
0x36681820,
0x2a8805cf,
0x6823fd82,
0xf858497e,
0x41102023,
0x61e04a7d,
0xcfccf8d4,
0x5095810b,
0xfd72f7ef,
0xcf214b78,
0x52878107,
0xf8586220,
0xcf590021,
0x42a18107,
0x920cf8df,
0xf300fa22,
0xb2d24e71,
0x8204f8df,
0x04cf4083,
0xcfb2db3c,
0xcf5e3604,
0xfd4d6a13,
0xcf676823,
0x4a666a07,
0x10cf6420,
0x62fd3d6a,
0x606a09cf,
0x6a08cf64,
0x81b0f8df,
0xcf4004cf,
0x4e5b6a04,
0x998106cf,
0x6608cf64,
0x6607cf2b,
0x660bcf18,
0xcf52fd1a,
0x10204606,
0x58626041,
0x532021f8,
0xdf0021f8,
0x09cf6cf8,
0x0fcf4b46,
0x13cf0846,
0x43fcf746,
0xa04609cf,
0x4608cf64,
0x3e1c04cf,
0x810acf4e,
0x08cf6c9a,
0xcffce742,
0xf76a8808,
0x7b6aebfc,
0x10f10461,
0x5406cf02,
0x8030f8d5,
0xcf21f816,
0x613c8d05,
0x7f2800fa,
0xcfaf03f4,
0x24dd8106,
0x682130cc,
0xb005cf2c,
0xeaf7ee18,
0xdf6921fe,
0x2990d0f8,
0xe4f7ee48,
0x05cf22fe,
0x22f8393a,
0x443605cf,
0xcf5c05cf,
0x28dd8106,
0x685a4911,
0x9010f8c7,
0x4a0fb13a,
0xf100b198,
0xf8c23cff,
0x1cc2c000,
0x680a600a,
0xd2044290,
0x60fa4a0a,
0x42886811,
0x4a17d243,
0x48184918,
0xfebdf7ee,
0x6010e7fe,
0xe7ed2204,
0xe7dcbf00,
0x7c8906cf,
0xfe02f1bc,
0xfe02f0e0,
0x8c0bcf70,
0xcff08004,
0xcf048c06,
0x487c8b08,
0x8b06cfe7,
0xcff0b07c,
0x78788b06,
0x8e06cfe7,
0x0306c260,
0xcf607bfe,
0x5cb78106,
0x06cf5f40,
0xcf6074aa,
0x28588c07,
0x8c06cfe7,
0xcff0c04c,
0xf0288c06,
0xdffe02ef,
0x22b218f8,
0xdf681868,
0x3b9214f8,
0xef1022f8,
0xcffbdcf7,
0x82608106,
0x4aea4f46,
0x22f8390a,
0x80f40a10,
0xef68187a,
0xcf00cff7,
0xea4a1a07,
0x60600000,
0x8207cf16,
0xa0fa1800,
0x04486160,
0x07cf34f1,
0xcf105282,
0xba4e8207,
0x08f8c7f9,
0xc74682b0,
0x009004f8,
0x57f47f28,
0xcf6b63ae,
0x56588208,
0x6268da48,
0x3ef7ee63,
0x546b61fe,
0x3af7ee48,
0xcf4a53fe,
0x68181a06,
0x8305cf32,
0x50fb9960,
0x1ff0004b,
0x1b632000,
0x05429868,
0x78f8dfd2,
0x00f8dbb1,
0x0c04cf30,
0x494b4a4a,
0xf7ee484b,
0xe7fefe1f,
0x06cf494a,
0xf8df1481,
0xcf31915c,
0x7b128107,
0x288107cf,
0x00764606,
0x1022f839,
0x7680f406,
0x6f1804cf,
0x224937fb,
0xcf430668,
0x62a61c04,
0x2e07cf11,
0x68fbf9b8,
0x62e068e2,
0x6b236819,
0x68a11a52,
0xeb014e36,
0xf8db1182,
0x06cf2000,
0x7b4ebb81,
0xf3fb9169,
0x12fb03f2,
0x90636a11,
0x02f2f8fb,
0x0863e923,
0xaa0012fb,
0xf3fb9863,
0x014540f8,
0xaa3201db,
0x39682363,
0x2868e269,
0x23f85148,
0xd2f7ee10,
0x214b1ffd,
0x256b2268,
0x21f85348,
0xcaf7ee10,
0x9468b8fd,
0x7a000ae8,
0x21f85268,
0x21f85020,
0xee481f10,
0x21fdbff7,
0x1e6aa368,
0x21f85948,
0x05cf5620,
0x1bfdb628,
0xa268214b,
0x07cf1b68,
0x19fdae38,
0xe268214b,
0x07cf196a,
0x69fda610,
0xee48176b,
0xe9fda2f7,
0xee48166b,
0xa9fd9ef7,
0xee48156b,
0xa9fd9af7,
0x08bf00e5,
0x8106cfe7,
0x608c50e0,
0x8d05cf03,
0x02e7dc24,
0x08840dcf,
0xfe02e7ac,
0xfe03609e,
0xfe0360c3,
0xfe0360e9,
0x06cf611a,
0x614c288a,
0x448d06cf,
0x8107cf72,
0xcfdf70e0,
0x8c00b307,
0x05cf02f1,
0x05cf508a,
0x07cf1485,
0x06cf148f,
0x2c2cb581,
0xb5810dcf,
0x05cfd02c,
0xcfd43cf6,
0xd83cf605,
0xdc0605cf,
0xc74b1730,
0x05cfe0f8,
0x1630e406,
0xe8f8c74b,
0xec0605cf,
0xc74b1530,
0xf730f0f8,
0xc7fff1f7,
0x0ecfccf8,
0x462cb581,
0x00d0f107,
0xf7f7603c,
0xff0bcf93,
0x07cf2c08,
0x595d08ff,
0x57a9fe03,
0x56edfe03,
0x0cb106cf,
0xfe03563d,
0x0bcf5629,
0x54209a81,
0x5f5bfe03,
0x0000fe03,
0xf0040000,
0x24ace51f,
0x04cff0e0,
0xcf29a508,
0x27cd0806,
0x6477f0e0,
0x8206cf71,
0xcf322fd0,
0xcf0caf06,
0x04b5810f,
0xcf1b0ccf,
0x08e1810c,
0x0dcf4955,
0x20205dae,
0xe1810acf,
0x190dcf40,
0x3725000a,
0x51445773,
0x73372553,
0xcf0b04cf,
0xcf0cce05,
0x3874ae06,
0x34250073,
0x3d495573,
0x44206425,
0x0ccf4c4c,
0xcf3d0fff,
0x4a908408,
0x3d1904cf,
0x78323025,
0x00733325,
0x2f514457,
0xcf4b04cf,
0x04b48107,
0xcf303031,
0x06cf5a04,
0x000a5fce,
0xcf363225,
0x49550f05,
0x0dcf0020,
0x0054b581,
0x64323025,
0x250a0020,
0x16cf3433,
0xcf25e281,
0x08cf1810,
0x0a20e281,
0xcf323325,
0x4fb58119,
0x05cf7334,
0x0dcf2082,
0x07cf4daf,
0xcf77d282,
0xcf20120e,
0x7563af08,
0xb10ecf69,
0xaf09cf11,
0x71647757,
0x2625cf73,
0xcf2509cf,
0x0acf6104,
0x17cf4781,
0x0dcf2eb0,
0x3228cf57,
0x643109cf,
0x0ecf6c6c,
0x16cf7281,
0x270ccf58,
0x82810ecf,
0xce05cf67,
0x0b211c04,
0x4faf004a,
0x004470f0,
0x010304ea,
0x0440cb32,
0x24b2db39,
0x022b0909,
0x883c01f8,
0x983337bf,
0xcf3330bf,
0x1d0b0c04,
0x4800d1ed,
0x01e4bd90,
0x30200100,
0x0a0d0078,
0x003a4500,
0x2000203a,
0x0a0d0020,
0x4f5a4e55,
0xff00214b,
0x01d5034f,
0x21d53e10,
0x21927ff8,
0x21927ef8,
0x21927df8,
0x21927cf8,
0x019273f8,
0xdfd51e10,
0xb3d5033f,
0x73d53800,
0x7fd3401e,
0x40f10002,
0x60540005,
0x01180009,
0x21b94000,
0x01320000,
0x00b90000,
0xcf1004cf,
0xb9001405,
0x180008e1,
0x52800542,
0xb9000022,
0x180008a4,
0xb9400084,
0x7100009f,
0x54ffffa0,
0xf100067f,
0x54000100,
0xf1000a7f,
0x0804cf80,
0x00f1000e,
0x62540002,
0x3006cf04,
0x17fffffe,
0x18000723,
0x52800022,
0xb9000062,
0x06cf0642,
0x1f008018,
0xcf0683d6,
0xcf62180a,
0x05e3180b,
0x82180acf,
0x41180bcf,
0x42180005,
0x1006cf00,
0x18000441,
0x06cf0822,
0xcf0a420c,
0xcf620806,
0xcfc21007,
0x08cf3407,
0xcf03243c,
0xc434810e,
0x100ecf02,
0x100fcf64,
0x3807cf22,
0x06cf01e1,
0x01c40881,
0xf92005cf,
0x088108cf,
0xfff02000,
0xfff02004,
0xd205cff0,
0x0cf0286b,
0x14f00901,
0x18f00901,
0x1cf00901,
0x08f00901,
0x101004cf,
0x0100ffe4,
0x2306cf09,
0x00000000,
0x00000000,
0x00000000,
0x00000000,
0x00000000,
0x00000000,
0x00000000,
0x00000000,
0x00000000,
0x00000000,
0x00000000,
0x00000000,
0x00000000,
0x00000000,
0x00000000,
0x00000000,
0x00000000,
0x00000000,
0x00000000,
0x00000000,
0x00000000,
0x00000000,
0x00000000,
0x00000000,
0x00000000,
0x00000000,
0x00000000,
0x00000000,
0x00000000,
0x00000000,
0x00000000,
0x00000000,
0x00000000,
0x00000000,
0x00000000,
0x00000000,
0x00000000,
0x00000000,
0x00000000,
0x00000000,
0x00000000,
0x00000000,
0x00000000,
0x00000000,
0x00000000,
0x00000000,
0x00000000,
0x00000000,
0x00000000,
0x00000000,
0x00000000,
0x00000000,
0x00000000,
0x00000000,
0x00000000,
0x00000000,
0x00000000,
0x00000000,
0x00000000,
0x00000000,
0x00000000,
0x00000000,
0x00000000,
0x00000000,
0x00000000,
0x00000000,
0x00000000,
0x00000000,
0x00000000,
0x00000000,
0x00000000,
0x00000000,
0x00000000,
0x00000000,
0x00000000,
0x00000000,
0x00000000,
0x00000000,
0x00000000,
0x00000000,
0x00000000,
0x00000000,
0x00000000,
0x00000000,
0x00000000,
0x00000000,
0x00000000,
0x00000000,
0x00000000,
0x00000000,
0x00000000,
0x00000000,
0x00000000,
0x00000000,
0x00000000,
0x00000000,
0x00000000,
0x00000000,
0x00000000,
0x00000000,
0x00000000,
0x00000000,
0x00000000,
0x00000000,
0x00000000,
0x00000000,
0x00000000,
0x00000000,
0x00000000,
0x00000000,
0x00000000,
0x00000000,
0x00000000,
0x00000000,
0x00000000,
0x00000000,
0x00000000,
0x00000000,
0x00000000,
0x00000000,
0x00000000,
0x00000000,
0x00000000,
0x00000000,
0x00000000,
0x00000000,
0x00000000,
0x00000000,
0x00000000,
0x00000000,
0x00000000,
0x00000000,
0x00000000,
0x00000000,
0x00000000,
0x00000000,
0x00000000,
0x00000000,
0x00000000,
0x00000000,
0x00000000,
0x00000000,
0x00000000,
0x00000000,
0x00000000,
0x00000000,
0x00000000,
0x00000000,
0x00000000,
0x00000000,
0x00000000,
0x00000000,
0x00000000,
0x00000000,
0x00000000,
0x00000000,
0x00000000,
0x00000000,
0x00000000,
0x00000000,
0x00000000,
0x00000000,
0x00000000,
0x00000000,
0x00000000,
0x00000000,
0x00000000,
0x00000000,
0x00000000,
0x00000000,
0x00000000,
0x00000000,
0x00000000,
0x00000000,
0x00000000,
0x00000000,
0x00000000,
0x00000000,
0x00000000,
0x00000000,
0x00000000,
0x00000000,
0x00000000,
0x00000000,
0x00000000,
0x00000000,
0x00000000,
0x00000000,
0x00000000,
0x00000000,
0x00000000,
0x00000000,
0x00000000,
0x00000000,
0x00000000,
0x00000000,
0x00000000,
0x00000000,
0x00000000,
0x00000000,
0x00000000,
0x00000000,
0x00000000,
0x00000000,
0x00000000,
0x00000000,
0x00000000,
0x00000000,
0x00000000,
0x00000000,
0x00000000,
0x00000000,
0x00000000,
0x00000000,
0x00000000,
0x00000000,
0x00000000,
0x00000000,
0x00000000,
0x00000000,
0x00000000,
0x00000000,
0x00000000,
0x00000000,
0x00000000,
0x00000000,
0x00000000,
0x00000000,
0x00000000,
0x00000000,
0x00000000,
0x00000000,
0x00000000,
0x00000000,
0x00000000,
0x00000000,
0x00000000,
0x00000000,
0x00000000,
0x00000000,
0x00000000,
0x00000000,
0x00000000,
0x00000000,
0x00000000,
0x00000000,
0x00000000,
0x00000000,
0x00000000,
0x00000000,
0x00000000,
0x00000000,
0x00000000,
0x00000000,
0x00000000,
0x00000000,
0x00000000,
0x00000000,
0x00000000,
0x00000000,
0x00000000,
0x00000000,
0x00000000,
0x00000000,
0x00000000,
0x00000000,
0x00000000,
0x00000000,
0x00000000,
0x00000000,
0x00000000,
0x00000000,
0x00000000,
0x00000000,
0x00000000,
0x00000000,
0x00000000,
0x00000000,
0x00000000,
0x00000000,
0x00000000,
0x00000000,
0x00000000,
0x00000000,
0x00000000,
0x00000000,
0x00000000,
0x00000000,
0x00000000,
0x00000000,
0x00000000,
0x00000000,
0x00000000,
0x00000000,
0x00000000,
0x00000000,
0x00000000,
0x00000000,
0x00000000,
0x00000000,
0x00000000,
0x00000000,
0x00000000,
0x00000000,
0x00000000,
0x00000000,
0x00000000,
0x00000000,
0x00000000,
0x00000000,
0x00000000,
0x00000000,
0x00000000,
0x00000000,
0x00000000,
0x00000000,
0x00000000,
0x00000000,
0x00000000,
0x00000000,
0x00000000,
0x00000000,
0x00000000,
0x00000000,
0x00000000,
0x00000000,
0x00000000,
0x00000000,
0x00000000,
0x00000000,
0x00000000,
0x00000000,
0x00000000,
0x00000000,
0x00000000,
0x00000000,
0x00000000,
0x00000000,
0x00000000,
0x00000000,
0x00000000,
0x00000000,
0x00000000,
0x00000000,
0x00000000,
0x00000000,
0x00000000,
0x00000000,
0x00000000,
0x00000000,
0x00000000,
0x00000000,
0x00000000,
0x00000000,
0x00000000,
0x00000000,
0x00000000,
0x00000000,
0x00000000,
0x00000000,
0x00000000,
0x00000000,
0x00000000,
0x00000000,
0x00000000,
0x00000000,
0x00000000,
0x00000000,
0x00000000,
0x00000000,
0x00000000,
0x00000000,
0x00000000,
0x00000000,
0x00000000,
0x00000000,
0x00000000,
0x00000000,
0x00000000,
0x00000000,
0x00000000,
0x00000000,
0x00000000,
0x00000000,
0x00000000,
0x00000000,
0x00000000,
0x00000000,
0x00000000,
0x00000000,
0x00000000,
0x00000000,
0x00000000,
0x00000000,
0x00000000,
0x00000000,
0x00000000,
0x00000000,
0x00000000,
0x00000000,
0x00000000,
0x00000000,
0x00000000,
0x00000000,
0x00000000,
0x00000000,
0x00000000,
0x00000000,
0x00000000,
0x00000000,
0x00000000,
0x00000000,
0x00000000,
0x00000000,
0x00000000,
0x00000000,
0x00000000,
0x00000000,
0x00000000,
0x00000000,
0x00000000,
0x00000000,
0x00000000,
0x00000000,
0x00000000,
0x00000000,
0x00000000,
0x00000000,
0x00000000,
0x00000000,
0x00000000,
0x00000000,
0x00000000,
0x00000000,
0x00000000,
0x00000000,
0x00000000,
0x00000000,
0x00000000,
0x00000000,
0x00000000,
0x00000000,
0x00000000,
0x00000000,
0x00000000,
0x00000000,
0x00000000,
0x00000000,
0x00000000,
0x00000000,
0x00000000,
0x00000000,
0x00000000,
0x00000000,
0x00000000,
0x00000000,
0x00000000,
0x00000000,
0x00000000,
0x00000000,
0x00000000,
0x00000000,
0x00000000,
0x00000000,
0x00000000,
0x00000000,
0x00000000,
0x00000000,
0x00000000,
0x00000000,
0x00000000,
0x00000000,
0x00000000,
0x00000000,
0x00000000,
0x00000000,
0x00000000,
0x00000000,
0x00000000,
0x00000000,
0x00000000,
0x00000000,
0x00000000,
0x00000000,
0x00000000,
0x00000000,
0x00000000,
0x00000000,
0x00000000,
0x00000000,
0x00000000,
0x00000000,
0x00000000,
0x00000000,
0x00000000,
0x00000000,
0x00000000,
0x00000000,
0x00000000,
0x00000000,
0x00000000,
0x00000000,
0x00000000,
0x00000000,
0x00000000,
0x00000000,
0x00000000,
0x00000000,
0x00000000,
0x00000000,
0x00000000,
0x00000000,
0x00000000,
0x00000000,
0x00000000,
0x00000000,
0x00000000,
0x00000000,
0x00000000,
0x00000000,
0x00000000,
0x00000000,
0x00000000,
0x00000000,
0x00000000,
0x00000000,
0x00000000,
0x00000000,
0x00000000,
0x00000000,
0x00000000,
0x00000000,
0x00000000,
0x00000000,
0x00000000,
0x00000000,
0x00000000,
0x00000000,
0x00000000,
0x00000000,
0x00000000,
0x00000000,
0x00000000,
0x00000000,
0x00000000,
0x00000000,
0x00000000,
0x00000000,
0x00000000,
0x00000000,
0x00000000,
0x00000000,
0x00000000,
0x00000000,
0x00000000,
0x00000000,
0x00000000,
0x00000000,
0x00000000,
0x00000000,
0x00000000,
0x00000000,
0x00000000,
0x00000000,
0x00000000,
0x00000000,
0x00000000,
0x00000000,
0x00000000,
0x00000000,
0x00000000,
0x00000000,
0x00000000,
0x00000000,
0x00000000,
0x00000000,
0x00000000,
0x00000000,
0x00000000,
0x00000000,
0x00000000,
0x00000000,
0x00000000,
0x00000000,
0x00000000,
0x00000000,
0x00000000,
0x00000000,
0x00000000,
0x00000000,
0x00000000,
0x00000000,
0x00000000,
0x00000000,
0x00000000,
0x00000000,
0x00000000,
0x00000000,
0x00000000,
0x00000000,
0x00000000,
0x00000000,
0x00000000,
0x00000000,
0x00000000,
0x00000000,
0x00000000,
0x00000000,
0x00000000,
0x00000000,
0x00000000,
0x00000000,
0x00000000,
0x00000000,
0x00000000,
0x00000000,
0x00000000,
0x00000000,
0x00000000,
0x00000000,
0x00000000,
0x00000000,
0x00000000,
0x00000000,
0x00000000,
0x00000000,
0x00000000,
0x00000000,
0x00000000,
0x00000000,
0x00000000,
0x00000000,
0x00000000,
0x00000000,
0x00000000,
0x00000000,
0x00000000,
0x00000000,
0x00000000,
0x00000000,
0x00000000,
0x00000000,
0x00000000,
0x00000000,
0x00000000,
0x00000000,
0x00000000,
0x00000000,
0x00000000,
0x00000000,
0x00000000,
0x00000000,
0x00000000,
0x00000000,
0x00000000,
0x00000000,
0x00000000,
0x00000000,
0x00000000,
0x00000000,
0x00000000,
0x00000000,
0x00000000,
0x00000000,
0x00000000,
0x00000000,
0x00000000,
0x00000000,
0x00000000,
0x00000000,
0x00000000,
0x00000000,
0x00000000,
0x00000000,
0x00000000,
0x00000000,
0x00000000,
0x00000000,
0x00000000,
0x00000000,
0x00000000,
0x00000000,
0x00000000,
0x00000000,
0x00000000,
0x00000000,
0x00000000,
0x00000000,
0x00000000,
0x00000000,
0x00000000,
0x00000000,
0x00000000,
0x00000000,
0x00000000,
0x00000000,
0x00000000,
0x00000000,
0x00000000,
0x00000000,
0x00000000,
0x00000000,
0x00000000,
0x00000000,
0x00000000,
0x00000000,
0x00000000,
0x00000000,
0x00000000,
0x00000000,
0x00000000,
0x00000000,
0x00000000,
0x00000000,
0x00000000,
0x00000000,
0x00000000,
0x00000000,
0x00000000,
0x00000000,
0x00000000,
0x00000000,
0x00000000,
0x00000000,
0x00000000,
0x00000000,
0x00000000,
0x00000000,
0x00000000,
0x00000000,
0x00000000,
0x00000000,
0x00000000,
0x00000000,
0x00000000,
0x00000000,
0x00000000,
0x00000000,
0x00000000,
0x00000000,
0x00000000,
0x00000000,
0x00000000,
0x00000000,
0x00000000,
0x00000000,
0x00000000,
0x00000000,
0x00000000,
0x00000000,
0x00000000,
0x00000000,
0x00000000,
0x00000000,
0x00000000,
0x00000000,
0x00000000,
0x00000000,
0x00000000,
0x00000000,
0x00000000,
0x00000000,
0x00000000,
0x00000000,
0x00000000,
0x00000000,
0x00000000,
0x00000000,
0x00000000,
0x00000000,
0x00000000,
0x00000000,
0x00000000,
0x00000000,
0x00000000,
0x00000000,
0x00000000,
0x00000000,
0x00000000,
0x00000000,
0x00000000,
0x00000000,
0x00000000,
0x00000000,
0x00000000,
0x00000000,
0x00000000,
0x00000000,
0x00000000,
0x00000000,
0x00000000,
0x00000000,
0x00000000,
0x00000000,
0x00000000,
0x00000000,
0x00000000,
0x00000000,
0x00000000,
0x00000000,
0x00000000,
0x00000000,
0x00000000,
0x00000000,
0x00000000,
0x00000000,
0x00000000,
0x00000000,
0x00000000,
0x00000000,
0x00000000,
0x00000000,
0x00000000,
0x00000000,
0x00000000,
0x00000000,
0x00000000,
0x00000000,
0x00000000,
0x00000000,
0x00000000,
0x00000000,
0x00000000,
0x00000000,
0x00000000,
0x00000000,
0x00000000,
0x00000000,
0x00000000,
0x00000000,
0x00000000,
0x00000000,
0x00000000,
0x00000000,
0x00000000,
0x00000000,
0x00000000,
0x00000000,
0x00000000,
0x00000000,
0x00000000,
0x00000000,
0x00000000,
0x00000000,
0x00000000,
0x00000000,
0x00000000,
0x00000000,
0x00000000,
0x00000000,
0x00000000,
0x00000000,
0x00000000,
0x00000000,
0x00000000,
0x00000000,
0x00000000,
0x00000000,
0x00000000,
0x00000000,
0x00000000,
0x00000000,
0x00000000,
0x00000000,
0x00000000,
0x00000000,
0x00000000,
0x00000000,
0x00000000,
0x00000000,
0x00000000,
0x00000000,
0x00000000,
0x00000000,
0x00000000,
0x00000000,
0x00000000,
0x00000000,
0x00000000,
0x00000000,
0x00000000,
0x00000000,
0x00000000,
0x00000000,
0x00000000,
0x00000000,
0x00000000,
0x00000000,
0x00000000,
0x00000000,
0x00000000,
0x00000000,
0x00000000,
0x00000000,
0x00000000,
0x00000000,
0x00000000,
0x00000000,
0x00000000,
0x00000000,
0x00000000,
0x00000000,
0x00000000,
0x00000000,
0x00000000,
0x00000000,
0x00000000,
0x00000000,
0x00000000,
0x00000000,
0x00000000,
0x00000000,
0x00000000,
0x00000000,
0x00000000,
0x00000000,
0x00000000,
0x00000000,
0x00000000,
0x00000000,
0x00000000,
0x00000000,
0x00000000,
0x00000000,
0x00000000,
0x00000000,
0x00000000,
0x00000000,
0x00000000,
0x00000000,
0x00000000,
0x00000000,
0x00000000,
0x00000000,
0x00000000,
0x00000000,
0x00000000,
0x00000000,
0x00000000,
0x00000000,
0x00000000,
0x00000000,
0x00000000,
0x00000000,
0x00000000,
0x00000000,
0x00000000,
0x00000000,
0x00000000,
0x00000000,
0x00000000,
0x00000000,
0x00000000,
0x00000000,
0x00000000,
0x00000000,
0x00000000,
0x00000000,
0x00000000,
0x00000000,
0x00000000,
0x00000000,
0x00000000,
0x00000000,
0x00000000,
0x00000000,
0x00000000,
0x00000000,
0x00000000,
0x00000000,
0x00000000,
0x00000000,
0x00000000,
0x00000000,
0x00000000,
0x00000000,
0x00000000,
0x00000000,
0x00000000,
0x00000000,
0x00000000,
0x00000000,
0x00000000,
0x00000000,
0x00000000,
0x00000000,
0x00000000,
0x00000000,
0x00000000,
0x00000000,
0x00000000,
0x00000000,
0x00000000,
0x00000000,
0x00000000,
0x00000000,
0x00000000,
0x00000000,
0x00000000,
0x00000000,
0x00000000,
0x00000000,
0x00000000,
0x00000000,
0x00000000,
0x00000000,
0x00000000,
0x00000000,
0x00000000,
0x00000000,
0x00000000,
0x00000000,
0x00000000,
0x00000000,
0x00000000,
0x00000000,
0x00000000,
0x00000000,
0x00000000,
0x00000000,
0x00000000,
0x00000000,
0x00000000,
0x00000000,
0x00000000,
0x00000000,
0x00000000,
0x00000000,
0x00000000,
0x00000000,
0x00000000,
0x00000000,
0x00000000,
0x00000000,
0x00000000,
0x00000000,
0x00000000,
0x00000000,
0x00000000,
0x00000000,
0x00000000,
0x00000000,
0x00000000,
0x00000000,
0x00000000,
0x00000000,
0x00000000,
0x00000000,
0x00000000,
0x00000000,
0x00000000,
0x00000000,
0x00000000,
0x00000000,
0x00000000,
0x00000000,
0x00000000,
0x00000000,
0x00000000,
0x00000000,
0x00000000,
0x00000000,
0x00000000,
0x00000000,
0x00000000,
0x00000000,
0x00000000,
0x00000000,
0x00000000,
0x00000000,
0x00000000,
0x00000000,
0x00000000,
0x00000000,
0x00000000,
0x00000000,
0x00000000,
0x00000000,
0x00000000,
0x00000000,
0x00000000,
0x00000000,
0x00000000,
0x00000000,
0x00000000,
0x00000000,
0x00000000,
0x00000000,
0x00000000,
0x00000000,
0x00000000,
0x00000000,
0x00000000,
0x00000000,
0x00000000,
0x00000000,
0x00000000,
0x00000000,
0x00000000,
0x00000000,
0x00000000,
0x00000000,
0x00000000,
0x00000000,
0x00000000,
0x00000000,
0x00000000,
};
#endif